DATAFLOW,AUDST,COM_CSUR_RN,COSO_MER_RN,FREQ,REPYEAREND,REPYEARSTART,UNIT_MULT,TIME_PERIOD,UNIT_MEASURE,OBS_VALUE
RBI:CSURYCOM_M_RN(1.0),N_A,CCS1,N_A,M,2001,2000,0,2001-01-26,INR,8508230000000
RBI:CSURYCOM_M_RN(1.0),N_A,CCS11,N_A,M,2001,2000,0,2001-01-26,INR,1312670000000
RBI:CSURYCOM_M_RN(1.0),N_A,CCS12,N_A,M,2001,2000,0,2001-01-26,INR,7195560000000
RBI:CSURYCOM_M_RN(1.0),N_A,CCS1201,N_A,M,2001,2000,0,2001-01-26,INR,3238000000000
RBI:CSURYCOM_M_RN(1.0),N_A,CCS12011,N_A,M,2001,2000,0,2001-01-26,INR,12650000000
RBI:CSURYCOM_M_RN(1.0),N_A,CCS12012,N_A,M,2001,2000,0,2001-01-26,INR,3957560000000
RBI:CSURYCOM_M_RN(1.0),N_A,CCS1202,N_A,M,2001,2000,0,2001-01-26,INR,3957560000000
RBI:CSURYCOM_M_RN(1.0),N_A,CCS2,N_A,M,2001,2000,0,2001-01-26,INR,24960000000
RBI:CSURYCOM_M_RN(1.0),N_A,CCS1,N_A,M,2001,2000,0,2001-02-23,INR,8619230000000
RBI:CSURYCOM_M_RN(1.0),N_A,CCS11,N_A,M,2001,2000,0,2001-02-23,INR,1347220000000
RBI:CSURYCOM_M_RN(1.0),N_A,CCS12,N_A,M,2001,2000,0,2001-02-23,INR,7272000000000
RBI:CSURYCOM_M_RN(1.0),N_A,CCS1201,N_A,M,2001,2000,0,2001-02-23,INR,3272400000000
RBI:CSURYCOM_M_RN(1.0),N_A,CCS12011,N_A,M,2001,2000,0,2001-02-23,INR,12040000000
RBI:CSURYCOM_M_RN(1.0),N_A,CCS12012,N_A,M,2001,2000,0,2001-02-23,INR,3999600000000
RBI:CSURYCOM_M_RN(1.0),N_A,CCS1202,N_A,M,2001,2000,0,2001-02-23,INR,3999600000000
RBI:CSURYCOM_M_RN(1.0),N_A,CCS2,N_A,M,2001,2000,0,2001-02-23,INR,23700000000
RBI:CSURYCOM_M_RN(1.0),N_A,CCS1,N_A,M,2001,2000,0,2001-03-23,INR,8765210000000
RBI:CSURYCOM_M_RN(1.0),N_A,CCS11,N_A,M,2001,2000,0,2001-03-23,INR,1425520000000
RBI:CSURYCOM_M_RN(1.0),N_A,CCS12,N_A,M,2001,2000,0,2001-03-23,INR,7339690000000
RBI:CSURYCOM_M_RN(1.0),N_A,CCS1201,N_A,M,2001,2000,0,2001-03-23,INR,3302860000000
RBI:CSURYCOM_M_RN(1.0),N_A,CCS12011,N_A,M,2001,2000,0,2001-03-23,INR,10120000000
RBI:CSURYCOM_M_RN(1.0),N_A,CCS12012,N_A,M,2001,2000,0,2001-03-23,INR,4036830000000
RBI:CSURYCOM_M_RN(1.0),N_A,CCS1202,N_A,M,2001,2000,0,2001-03-23,INR,4036830000000
RBI:CSURYCOM_M_RN(1.0),N_A,CCS2,N_A,M,2001,2000,0,2001-03-23,INR,25660000000
RBI:CSURYCOM_M_RN(1.0),N_A,CCS1,N_A,M,2002,2001,0,2001-04-20,INR,9028610000000
RBI:CSURYCOM_M_RN(1.0),N_A,CCS11,N_A,M,2002,2001,0,2001-04-20,INR,1443600000000
RBI:CSURYCOM_M_RN(1.0),N_A,CCS12,N_A,M,2002,2001,0,2001-04-20,INR,7585010000000
RBI:CSURYCOM_M_RN(1.0),N_A,CCS1201,N_A,M,2002,2001,0,2001-04-20,INR,3413250000000
RBI:CSURYCOM_M_RN(1.0),N_A,CCS12011,N_A,M,2002,2001,0,2001-04-20,INR,9150000000
RBI:CSURYCOM_M_RN(1.0),N_A,CCS12012,N_A,M,2002,2001,0,2001-04-20,INR,4171760000000
RBI:CSURYCOM_M_RN(1.0),N_A,CCS1202,N_A,M,2002,2001,0,2001-04-20,INR,4171760000000
RBI:CSURYCOM_M_RN(1.0),N_A,CCS2,N_A,M,2002,2001,0,2001-04-20,INR,29210000000
RBI:CSURYCOM_M_RN(1.0),N_A,CCS1,N_A,M,2002,2001,0,2001-05-18,INR,9111090000000
RBI:CSURYCOM_M_RN(1.0),N_A,CCS11,N_A,M,2002,2001,0,2001-05-18,INR,1408930000000
RBI:CSURYCOM_M_RN(1.0),N_A,CCS12,N_A,M,2002,2001,0,2001-05-18,INR,7702160000000
RBI:CSURYCOM_M_RN(1.0),N_A,CCS1201,N_A,M,2002,2001,0,2001-05-18,INR,3465970000000
RBI:CSURYCOM_M_RN(1.0),N_A,CCS12011,N_A,M,2002,2001,0,2001-05-18,INR,9410000000
RBI:CSURYCOM_M_RN(1.0),N_A,CCS12012,N_A,M,2002,2001,0,2001-05-18,INR,4236190000000
RBI:CSURYCOM_M_RN(1.0),N_A,CCS1202,N_A,M,2002,2001,0,2001-05-18,INR,4236190000000
RBI:CSURYCOM_M_RN(1.0),N_A,CCS2,N_A,M,2002,2001,0,2001-05-18,INR,23240000000
RBI:CSURYCOM_M_RN(1.0),N_A,CCS1,N_A,M,2002,2001,0,2001-06-29,INR,9298580000000
RBI:CSURYCOM_M_RN(1.0),N_A,CCS11,N_A,M,2002,2001,0,2001-06-29,INR,1479440000000
RBI:CSURYCOM_M_RN(1.0),N_A,CCS12,N_A,M,2002,2001,0,2001-06-29,INR,7819140000000
RBI:CSURYCOM_M_RN(1.0),N_A,CCS1201,N_A,M,2002,2001,0,2001-06-29,INR,3518610000000
RBI:CSURYCOM_M_RN(1.0),N_A,CCS12011,N_A,M,2002,2001,0,2001-06-29,INR,9310000000
RBI:CSURYCOM_M_RN(1.0),N_A,CCS12012,N_A,M,2002,2001,0,2001-06-29,INR,4300530000000
RBI:CSURYCOM_M_RN(1.0),N_A,CCS1202,N_A,M,2002,2001,0,2001-06-29,INR,4300530000000
RBI:CSURYCOM_M_RN(1.0),N_A,CCS2,N_A,M,2002,2001,0,2001-06-29,INR,22250000000
RBI:CSURYCOM_M_RN(1.0),N_A,CCS1,N_A,M,2002,2001,0,2001-07-27,INR,9354910000000
RBI:CSURYCOM_M_RN(1.0),N_A,CCS11,N_A,M,2002,2001,0,2001-07-27,INR,1419960000000
RBI:CSURYCOM_M_RN(1.0),N_A,CCS12,N_A,M,2002,2001,0,2001-07-27,INR,7934950000000
RBI:CSURYCOM_M_RN(1.0),N_A,CCS1201,N_A,M,2002,2001,0,2001-07-27,INR,3570730000000
RBI:CSURYCOM_M_RN(1.0),N_A,CCS12011,N_A,M,2002,2001,0,2001-07-27,INR,8240000000
RBI:CSURYCOM_M_RN(1.0),N_A,CCS12012,N_A,M,2002,2001,0,2001-07-27,INR,4364220000000
RBI:CSURYCOM_M_RN(1.0),N_A,CCS1202,N_A,M,2002,2001,0,2001-07-27,INR,4364230000000
RBI:CSURYCOM_M_RN(1.0),N_A,CCS2,N_A,M,2002,2001,0,2001-07-27,INR,21870000000
RBI:CSURYCOM_M_RN(1.0),N_A,CCS1,N_A,M,2002,2001,0,2001-08-24,INR,9428590000000
RBI:CSURYCOM_M_RN(1.0),N_A,CCS11,N_A,M,2002,2001,0,2001-08-24,INR,1431600000000
RBI:CSURYCOM_M_RN(1.0),N_A,CCS12,N_A,M,2002,2001,0,2001-08-24,INR,7996990000000
RBI:CSURYCOM_M_RN(1.0),N_A,CCS1201,N_A,M,2002,2001,0,2001-08-24,INR,3598650000000
RBI:CSURYCOM_M_RN(1.0),N_A,CCS12011,N_A,M,2002,2001,0,2001-08-24,INR,7560000000
RBI:CSURYCOM_M_RN(1.0),N_A,CCS12012,N_A,M,2002,2001,0,2001-08-24,INR,4398340000000
RBI:CSURYCOM_M_RN(1.0),N_A,CCS1202,N_A,M,2002,2001,0,2001-08-24,INR,4398340000000
RBI:CSURYCOM_M_RN(1.0),N_A,CCS2,N_A,M,2002,2001,0,2001-08-24,INR,20950000000
RBI:CSURYCOM_M_RN(1.0),N_A,CCS1,N_A,M,2002,2001,0,2001-09-21,INR,9507130000000
RBI:CSURYCOM_M_RN(1.0),N_A,CCS11,N_A,M,2002,2001,0,2001-09-21,INR,1385620000000
RBI:CSURYCOM_M_RN(1.0),N_A,CCS12,N_A,M,2002,2001,0,2001-09-21,INR,8121510000000
RBI:CSURYCOM_M_RN(1.0),N_A,CCS1201,N_A,M,2002,2001,0,2001-09-21,INR,3654680000000
RBI:CSURYCOM_M_RN(1.0),N_A,CCS12011,N_A,M,2002,2001,0,2001-09-21,INR,7370000000
RBI:CSURYCOM_M_RN(1.0),N_A,CCS12012,N_A,M,2002,2001,0,2001-09-21,INR,4466830000000
RBI:CSURYCOM_M_RN(1.0),N_A,CCS1202,N_A,M,2002,2001,0,2001-09-21,INR,4466830000000
RBI:CSURYCOM_M_RN(1.0),N_A,CCS2,N_A,M,2002,2001,0,2001-09-21,INR,40910000000
RBI:CSURYCOM_M_RN(1.0),N_A,CCS1,N_A,M,2002,2001,0,2001-10-19,INR,9616700000000
RBI:CSURYCOM_M_RN(1.0),N_A,CCS11,N_A,M,2002,2001,0,2001-10-19,INR,1401250000000
RBI:CSURYCOM_M_RN(1.0),N_A,CCS12,N_A,M,2002,2001,0,2001-10-19,INR,8215450000000
RBI:CSURYCOM_M_RN(1.0),N_A,CCS1201,N_A,M,2002,2001,0,2001-10-19,INR,3696950000000
RBI:CSURYCOM_M_RN(1.0),N_A,CCS12011,N_A,M,2002,2001,0,2001-10-19,INR,7660000000
RBI:CSURYCOM_M_RN(1.0),N_A,CCS12012,N_A,M,2002,2001,0,2001-10-19,INR,4518500000000
RBI:CSURYCOM_M_RN(1.0),N_A,CCS1202,N_A,M,2002,2001,0,2001-10-19,INR,4518500000000
RBI:CSURYCOM_M_RN(1.0),N_A,CCS2,N_A,M,2002,2001,0,2001-10-19,INR,21640000000
RBI:CSURYCOM_M_RN(1.0),N_A,CCS1,N_A,M,2002,2001,0,2001-11-30,INR,9730610000000
RBI:CSURYCOM_M_RN(1.0),N_A,CCS11,N_A,M,2002,2001,0,2001-11-30,INR,1436070000000
RBI:CSURYCOM_M_RN(1.0),N_A,CCS12,N_A,M,2002,2001,0,2001-11-30,INR,8294540000000
RBI:CSURYCOM_M_RN(1.0),N_A,CCS1201,N_A,M,2002,2001,0,2001-11-30,INR,3732540000000
RBI:CSURYCOM_M_RN(1.0),N_A,CCS12011,N_A,M,2002,2001,0,2001-11-30,INR,8720000000
RBI:CSURYCOM_M_RN(1.0),N_A,CCS12012,N_A,M,2002,2001,0,2001-11-30,INR,4562000000000
RBI:CSURYCOM_M_RN(1.0),N_A,CCS1202,N_A,M,2002,2001,0,2001-11-30,INR,4562000000000
RBI:CSURYCOM_M_RN(1.0),N_A,CCS2,N_A,M,2002,2001,0,2001-11-30,INR,18810000000
RBI:CSURYCOM_M_RN(1.0),N_A,CCS1,N_A,M,2002,2001,0,2001-12-28,INR,9803880000000
RBI:CSURYCOM_M_RN(1.0),N_A,CCS11,N_A,M,2002,2001,0,2001-12-28,INR,1486360000000
RBI:CSURYCOM_M_RN(1.0),N_A,CCS12,N_A,M,2002,2001,0,2001-12-28,INR,8317520000000
RBI:CSURYCOM_M_RN(1.0),N_A,CCS1201,N_A,M,2002,2001,0,2001-12-28,INR,3742880000000
RBI:CSURYCOM_M_RN(1.0),N_A,CCS12011,N_A,M,2002,2001,0,2001-12-28,INR,8310000000
RBI:CSURYCOM_M_RN(1.0),N_A,CCS12012,N_A,M,2002,2001,0,2001-12-28,INR,4574640000000
RBI:CSURYCOM_M_RN(1.0),N_A,CCS1202,N_A,M,2002,2001,0,2001-12-28,INR,4574640000000
RBI:CSURYCOM_M_RN(1.0),N_A,CCS2,N_A,M,2002,2001,0,2001-12-28,INR,44990000000
RBI:CSURYCOM_M_RN(1.0),N_A,CCS1,N_A,M,2002,2001,0,2002-01-25,INR,9862430000000
RBI:CSURYCOM_M_RN(1.0),N_A,CCS11,N_A,M,2002,2001,0,2002-01-25,INR,1414510000000
RBI:CSURYCOM_M_RN(1.0),N_A,CCS12,N_A,M,2002,2001,0,2002-01-25,INR,8447920000000
RBI:CSURYCOM_M_RN(1.0),N_A,CCS1201,N_A,M,2002,2001,0,2002-01-25,INR,3801570000000
RBI:CSURYCOM_M_RN(1.0),N_A,CCS12011,N_A,M,2002,2001,0,2002-01-25,INR,10060000000
RBI:CSURYCOM_M_RN(1.0),N_A,CCS12012,N_A,M,2002,2001,0,2002-01-25,INR,4646350000000
RBI:CSURYCOM_M_RN(1.0),N_A,CCS1202,N_A,M,2002,2001,0,2002-01-25,INR,4646360000000
RBI:CSURYCOM_M_RN(1.0),N_A,CCS2,N_A,M,2002,2001,0,2002-01-25,INR,36380000000
RBI:CSURYCOM_M_RN(1.0),N_A,CCS1,N_A,M,2002,2001,0,2002-02-22,INR,9936090000000
RBI:CSURYCOM_M_RN(1.0),N_A,CCS11,N_A,M,2002,2001,0,2002-02-22,INR,1426690000000
RBI:CSURYCOM_M_RN(1.0),N_A,CCS12,N_A,M,2002,2001,0,2002-02-22,INR,8509390000000
RBI:CSURYCOM_M_RN(1.0),N_A,CCS1201,N_A,M,2002,2001,0,2002-02-22,INR,3829230000000
RBI:CSURYCOM_M_RN(1.0),N_A,CCS12011,N_A,M,2002,2001,0,2002-02-22,INR,16470000000
RBI:CSURYCOM_M_RN(1.0),N_A,CCS12012,N_A,M,2002,2001,0,2002-02-22,INR,4680160000000
RBI:CSURYCOM_M_RN(1.0),N_A,CCS1202,N_A,M,2002,2001,0,2002-02-22,INR,4680170000000
RBI:CSURYCOM_M_RN(1.0),N_A,CCS2,N_A,M,2002,2001,0,2002-02-22,INR,27950000000
RBI:CSURYCOM_M_RN(1.0),N_A,CCS1,N_A,M,2002,2001,0,2002-03-22,INR,10125100000000
RBI:CSURYCOM_M_RN(1.0),N_A,CCS11,N_A,M,2002,2001,0,2002-03-22,INR,1530480000000
RBI:CSURYCOM_M_RN(1.0),N_A,CCS12,N_A,M,2002,2001,0,2002-03-22,INR,8594620000000
RBI:CSURYCOM_M_RN(1.0),N_A,CCS1201,N_A,M,2002,2001,0,2002-03-22,INR,3867580000000
RBI:CSURYCOM_M_RN(1.0),N_A,CCS12011,N_A,M,2002,2001,0,2002-03-22,INR,22330000000
RBI:CSURYCOM_M_RN(1.0),N_A,CCS12012,N_A,M,2002,2001,0,2002-03-22,INR,4727040000000
RBI:CSURYCOM_M_RN(1.0),N_A,CCS1202,N_A,M,2002,2001,0,2002-03-22,INR,4727040000000
RBI:CSURYCOM_M_RN(1.0),N_A,CCS2,N_A,M,2002,2001,0,2002-03-22,INR,30290000000
RBI:CSURYCOM_M_RN(1.0),N_A,CCS1,N_A,M,2003,2002,0,2002-04-19,INR,10423680000000
RBI:CSURYCOM_M_RN(1.0),N_A,CCS11,N_A,M,2003,2002,0,2002-04-19,INR,1544290000000
RBI:CSURYCOM_M_RN(1.0),N_A,CCS12,N_A,M,2003,2002,0,2002-04-19,INR,8879380000000
RBI:CSURYCOM_M_RN(1.0),N_A,CCS1201,N_A,M,2003,2002,0,2002-04-19,INR,3995720000000
RBI:CSURYCOM_M_RN(1.0),N_A,CCS12011,N_A,M,2003,2002,0,2002-04-19,INR,17750000000
RBI:CSURYCOM_M_RN(1.0),N_A,CCS12012,N_A,M,2003,2002,0,2002-04-19,INR,4883660000000
RBI:CSURYCOM_M_RN(1.0),N_A,CCS1202,N_A,M,2003,2002,0,2002-04-19,INR,4883660000000
RBI:CSURYCOM_M_RN(1.0),N_A,CCS2,N_A,M,2003,2002,0,2002-04-19,INR,24530000000
RBI:CSURYCOM_M_RN(1.0),N_A,CCS1,N_A,M,2003,2002,0,2002-05-31,INR,10994700000000
RBI:CSURYCOM_M_RN(1.0),N_A,CCS11,N_A,M,2003,2002,0,2002-05-31,INR,1561540000000
RBI:CSURYCOM_M_RN(1.0),N_A,CCS12,N_A,M,2003,2002,0,2002-05-31,INR,9433160000000
RBI:CSURYCOM_M_RN(1.0),N_A,CCS1201,N_A,M,2003,2002,0,2002-05-31,INR,4244920000000
RBI:CSURYCOM_M_RN(1.0),N_A,CCS12011,N_A,M,2003,2002,0,2002-05-31,INR,19710000000
RBI:CSURYCOM_M_RN(1.0),N_A,CCS12012,N_A,M,2003,2002,0,2002-05-31,INR,5188240000000
RBI:CSURYCOM_M_RN(1.0),N_A,CCS1202,N_A,M,2003,2002,0,2002-05-31,INR,5188240000000
RBI:CSURYCOM_M_RN(1.0),N_A,CCS2,N_A,M,2003,2002,0,2002-05-31,INR,98920000000
RBI:CSURYCOM_M_RN(1.0),N_A,CCS1,N_A,M,2003,2002,0,2002-06-28,INR,11047160000000
RBI:CSURYCOM_M_RN(1.0),N_A,CCS11,N_A,M,2003,2002,0,2002-06-28,INR,1577650000000
RBI:CSURYCOM_M_RN(1.0),N_A,CCS12,N_A,M,2003,2002,0,2002-06-28,INR,9469510000000
RBI:CSURYCOM_M_RN(1.0),N_A,CCS1201,N_A,M,2003,2002,0,2002-06-28,INR,4261280000000
RBI:CSURYCOM_M_RN(1.0),N_A,CCS12011,N_A,M,2003,2002,0,2002-06-28,INR,17510000000
RBI:CSURYCOM_M_RN(1.0),N_A,CCS12012,N_A,M,2003,2002,0,2002-06-28,INR,5208230000000
RBI:CSURYCOM_M_RN(1.0),N_A,CCS1202,N_A,M,2003,2002,0,2002-06-28,INR,5208230000000
RBI:CSURYCOM_M_RN(1.0),N_A,CCS2,N_A,M,2003,2002,0,2002-06-28,INR,94770000000
RBI:CSURYCOM_M_RN(1.0),N_A,CCS1,N_A,M,2003,2002,0,2002-07-26,INR,11140970000000
RBI:CSURYCOM_M_RN(1.0),N_A,CCS11,N_A,M,2003,2002,0,2002-07-26,INR,1514570000000
RBI:CSURYCOM_M_RN(1.0),N_A,CCS12,N_A,M,2003,2002,0,2002-07-26,INR,9626390000000
RBI:CSURYCOM_M_RN(1.0),N_A,CCS1201,N_A,M,2003,2002,0,2002-07-26,INR,4331880000000
RBI:CSURYCOM_M_RN(1.0),N_A,CCS12011,N_A,M,2003,2002,0,2002-07-26,INR,16820000000
RBI:CSURYCOM_M_RN(1.0),N_A,CCS12012,N_A,M,2003,2002,0,2002-07-26,INR,5294510000000
RBI:CSURYCOM_M_RN(1.0),N_A,CCS1202,N_A,M,2003,2002,0,2002-07-26,INR,5294520000000
RBI:CSURYCOM_M_RN(1.0),N_A,CCS2,N_A,M,2003,2002,0,2002-07-26,INR,97840000000
RBI:CSURYCOM_M_RN(1.0),N_A,CCS1,N_A,M,2003,2002,0,2002-08-23,INR,11245450000000
RBI:CSURYCOM_M_RN(1.0),N_A,CCS11,N_A,M,2003,2002,0,2002-08-23,INR,1509110000000
RBI:CSURYCOM_M_RN(1.0),N_A,CCS12,N_A,M,2003,2002,0,2002-08-23,INR,9736340000000
RBI:CSURYCOM_M_RN(1.0),N_A,CCS1201,N_A,M,2003,2002,0,2002-08-23,INR,4381350000000
RBI:CSURYCOM_M_RN(1.0),N_A,CCS12011,N_A,M,2003,2002,0,2002-08-23,INR,13940000000
RBI:CSURYCOM_M_RN(1.0),N_A,CCS12012,N_A,M,2003,2002,0,2002-08-23,INR,5354990000000
RBI:CSURYCOM_M_RN(1.0),N_A,CCS1202,N_A,M,2003,2002,0,2002-08-23,INR,5354990000000
RBI:CSURYCOM_M_RN(1.0),N_A,CCS2,N_A,M,2003,2002,0,2002-08-23,INR,96960000000
RBI:CSURYCOM_M_RN(1.0),N_A,CCS1,N_A,M,2003,2002,0,2002-09-20,INR,11345170000000
RBI:CSURYCOM_M_RN(1.0),N_A,CCS11,N_A,M,2003,2002,0,2002-09-20,INR,1532300000000
RBI:CSURYCOM_M_RN(1.0),N_A,CCS12,N_A,M,2003,2002,0,2002-09-20,INR,9812870000000
RBI:CSURYCOM_M_RN(1.0),N_A,CCS1201,N_A,M,2003,2002,0,2002-09-20,INR,4415790000000
RBI:CSURYCOM_M_RN(1.0),N_A,CCS12011,N_A,M,2003,2002,0,2002-09-20,INR,16040000000
RBI:CSURYCOM_M_RN(1.0),N_A,CCS12012,N_A,M,2003,2002,0,2002-09-20,INR,5397080000000
RBI:CSURYCOM_M_RN(1.0),N_A,CCS1202,N_A,M,2003,2002,0,2002-09-20,INR,5397080000000
RBI:CSURYCOM_M_RN(1.0),N_A,CCS2,N_A,M,2003,2002,0,2002-09-20,INR,102680000000
RBI:CSURYCOM_M_RN(1.0),N_A,CCS1,N_A,M,2003,2002,0,2002-10-18,INR,11470640000000
RBI:CSURYCOM_M_RN(1.0),N_A,CCS11,N_A,M,2003,2002,0,2002-10-18,INR,1569140000000
RBI:CSURYCOM_M_RN(1.0),N_A,CCS12,N_A,M,2003,2002,0,2002-10-18,INR,9901490000000
RBI:CSURYCOM_M_RN(1.0),N_A,CCS1201,N_A,M,2003,2002,0,2002-10-18,INR,4455670000000
RBI:CSURYCOM_M_RN(1.0),N_A,CCS12011,N_A,M,2003,2002,0,2002-10-18,INR,17850000000
RBI:CSURYCOM_M_RN(1.0),N_A,CCS12012,N_A,M,2003,2002,0,2002-10-18,INR,5445820000000
RBI:CSURYCOM_M_RN(1.0),N_A,CCS1202,N_A,M,2003,2002,0,2002-10-18,INR,5445820000000
RBI:CSURYCOM_M_RN(1.0),N_A,CCS2,N_A,M,2003,2002,0,2002-10-18,INR,90440000000
RBI:CSURYCOM_M_RN(1.0),N_A,CCS1,N_A,M,2003,2002,0,2002-11-29,INR,11641930000000
RBI:CSURYCOM_M_RN(1.0),N_A,CCS11,N_A,M,2003,2002,0,2002-11-29,INR,1602950000000
RBI:CSURYCOM_M_RN(1.0),N_A,CCS12,N_A,M,2003,2002,0,2002-11-29,INR,10038980000000
RBI:CSURYCOM_M_RN(1.0),N_A,CCS1201,N_A,M,2003,2002,0,2002-11-29,INR,4517540000000
RBI:CSURYCOM_M_RN(1.0),N_A,CCS12011,N_A,M,2003,2002,0,2002-11-29,INR,17810000000
RBI:CSURYCOM_M_RN(1.0),N_A,CCS12012,N_A,M,2003,2002,0,2002-11-29,INR,5521440000000
RBI:CSURYCOM_M_RN(1.0),N_A,CCS1202,N_A,M,2003,2002,0,2002-11-29,INR,5521440000000
RBI:CSURYCOM_M_RN(1.0),N_A,CCS2,N_A,M,2003,2002,0,2002-11-29,INR,97180000000
RBI:CSURYCOM_M_RN(1.0),N_A,CCS1,N_A,M,2003,2002,0,2002-12-27,INR,11673790000000
RBI:CSURYCOM_M_RN(1.0),N_A,CCS11,N_A,M,2003,2002,0,2002-12-27,INR,1648840000000
RBI:CSURYCOM_M_RN(1.0),N_A,CCS12,N_A,M,2003,2002,0,2002-12-27,INR,10024950000000
RBI:CSURYCOM_M_RN(1.0),N_A,CCS1201,N_A,M,2003,2002,0,2002-12-27,INR,4511230000000
RBI:CSURYCOM_M_RN(1.0),N_A,CCS12011,N_A,M,2003,2002,0,2002-12-27,INR,11790000000
RBI:CSURYCOM_M_RN(1.0),N_A,CCS12012,N_A,M,2003,2002,0,2002-12-27,INR,5513720000000
RBI:CSURYCOM_M_RN(1.0),N_A,CCS1202,N_A,M,2003,2002,0,2002-12-27,INR,5513720000000
RBI:CSURYCOM_M_RN(1.0),N_A,CCS2,N_A,M,2003,2002,0,2002-12-27,INR,104960000000
RBI:CSURYCOM_M_RN(1.0),N_A,CCS1,N_A,M,2003,2002,0,2003-01-24,INR,11731800000000
RBI:CSURYCOM_M_RN(1.0),N_A,CCS11,N_A,M,2003,2002,0,2003-01-24,INR,1594220000000
RBI:CSURYCOM_M_RN(1.0),N_A,CCS12,N_A,M,2003,2002,0,2003-01-24,INR,10137580000000
RBI:CSURYCOM_M_RN(1.0),N_A,CCS1201,N_A,M,2003,2002,0,2003-01-24,INR,4561910000000
RBI:CSURYCOM_M_RN(1.0),N_A,CCS12011,N_A,M,2003,2002,0,2003-01-24,INR,12450000000
RBI:CSURYCOM_M_RN(1.0),N_A,CCS12012,N_A,M,2003,2002,0,2003-01-24,INR,5575670000000
RBI:CSURYCOM_M_RN(1.0),N_A,CCS1202,N_A,M,2003,2002,0,2003-01-24,INR,5575670000000
RBI:CSURYCOM_M_RN(1.0),N_A,CCS2,N_A,M,2003,2002,0,2003-01-24,INR,112360000000
RBI:CSURYCOM_M_RN(1.0),N_A,CCS1,N_A,M,2003,2002,0,2003-02-21,INR,11802360000000
RBI:CSURYCOM_M_RN(1.0),N_A,CCS11,N_A,M,2003,2002,0,2003-02-21,INR,1645620000000
RBI:CSURYCOM_M_RN(1.0),N_A,CCS12,N_A,M,2003,2002,0,2003-02-21,INR,10156740000000
RBI:CSURYCOM_M_RN(1.0),N_A,CCS1201,N_A,M,2003,2002,0,2003-02-21,INR,4570530000000
RBI:CSURYCOM_M_RN(1.0),N_A,CCS12011,N_A,M,2003,2002,0,2003-02-21,INR,11220000000
RBI:CSURYCOM_M_RN(1.0),N_A,CCS12012,N_A,M,2003,2002,0,2003-02-21,INR,5586210000000
RBI:CSURYCOM_M_RN(1.0),N_A,CCS1202,N_A,M,2003,2002,0,2003-02-21,INR,5586210000000
RBI:CSURYCOM_M_RN(1.0),N_A,CCS2,N_A,M,2003,2002,0,2003-02-21,INR,111650000000
RBI:CSURYCOM_M_RN(1.0),N_A,CCS1,N_A,M,2003,2002,0,2003-03-21,INR,11883480000000
RBI:CSURYCOM_M_RN(1.0),N_A,CCS11,N_A,M,2003,2002,0,2003-03-21,INR,1702890000000
RBI:CSURYCOM_M_RN(1.0),N_A,CCS12,N_A,M,2003,2002,0,2003-03-21,INR,10180580000000
RBI:CSURYCOM_M_RN(1.0),N_A,CCS1201,N_A,M,2003,2002,0,2003-03-21,INR,4581260000000
RBI:CSURYCOM_M_RN(1.0),N_A,CCS12011,N_A,M,2003,2002,0,2003-03-21,INR,7350000000
RBI:CSURYCOM_M_RN(1.0),N_A,CCS12012,N_A,M,2003,2002,0,2003-03-21,INR,5599320000000
RBI:CSURYCOM_M_RN(1.0),N_A,CCS1202,N_A,M,2003,2002,0,2003-03-21,INR,5599320000000
RBI:CSURYCOM_M_RN(1.0),N_A,CCS2,N_A,M,2003,2002,0,2003-03-21,INR,126380000000
RBI:CSURYCOM_M_RN(1.0),N_A,CCS1,N_A,M,2004,2003,0,2003-04-18,INR,12279510000000
RBI:CSURYCOM_M_RN(1.0),N_A,CCS11,N_A,M,2004,2003,0,2003-04-18,INR,1786310000000
RBI:CSURYCOM_M_RN(1.0),N_A,CCS12,N_A,M,2004,2003,0,2003-04-18,INR,10493200000000
RBI:CSURYCOM_M_RN(1.0),N_A,CCS1201,N_A,M,2004,2003,0,2003-04-18,INR,4721940000000
RBI:CSURYCOM_M_RN(1.0),N_A,CCS12011,N_A,M,2004,2003,0,2003-04-18,INR,11000000000
RBI:CSURYCOM_M_RN(1.0),N_A,CCS12012,N_A,M,2004,2003,0,2003-04-18,INR,5771260000000
RBI:CSURYCOM_M_RN(1.0),N_A,CCS1202,N_A,M,2004,2003,0,2003-04-18,INR,5771260000000
RBI:CSURYCOM_M_RN(1.0),N_A,CCS2,N_A,M,2004,2003,0,2003-04-18,INR,148100000000
RBI:CSURYCOM_M_RN(1.0),N_A,CCS1,N_A,M,2004,2003,0,2003-05-30,INR,12404560000000
RBI:CSURYCOM_M_RN(1.0),N_A,CCS11,N_A,M,2004,2003,0,2003-05-30,INR,1764580000000
RBI:CSURYCOM_M_RN(1.0),N_A,CCS12,N_A,M,2004,2003,0,2003-05-30,INR,10639980000000
RBI:CSURYCOM_M_RN(1.0),N_A,CCS1201,N_A,M,2004,2003,0,2003-05-30,INR,4787990000000
RBI:CSURYCOM_M_RN(1.0),N_A,CCS12011,N_A,M,2004,2003,0,2003-05-30,INR,11650000000
RBI:CSURYCOM_M_RN(1.0),N_A,CCS12012,N_A,M,2004,2003,0,2003-05-30,INR,5851990000000
RBI:CSURYCOM_M_RN(1.0),N_A,CCS1202,N_A,M,2004,2003,0,2003-05-30,INR,5851990000000
RBI:CSURYCOM_M_RN(1.0),N_A,CCS2,N_A,M,2004,2003,0,2003-05-30,INR,158930000000
RBI:CSURYCOM_M_RN(1.0),N_A,CCS1,N_A,M,2004,2003,0,2003-06-27,INR,12538310000000
RBI:CSURYCOM_M_RN(1.0),N_A,CCS11,N_A,M,2004,2003,0,2003-06-27,INR,1816550000000
RBI:CSURYCOM_M_RN(1.0),N_A,CCS12,N_A,M,2004,2003,0,2003-06-27,INR,10721760000000
RBI:CSURYCOM_M_RN(1.0),N_A,CCS1201,N_A,M,2004,2003,0,2003-06-27,INR,4824790000000
RBI:CSURYCOM_M_RN(1.0),N_A,CCS12011,N_A,M,2004,2003,0,2003-06-27,INR,13090000000
RBI:CSURYCOM_M_RN(1.0),N_A,CCS12012,N_A,M,2004,2003,0,2003-06-27,INR,5896970000000
RBI:CSURYCOM_M_RN(1.0),N_A,CCS1202,N_A,M,2004,2003,0,2003-06-27,INR,5896970000000
RBI:CSURYCOM_M_RN(1.0),N_A,CCS2,N_A,M,2004,2003,0,2003-06-27,INR,151640000000
RBI:CSURYCOM_M_RN(1.0),N_A,CCS1,N_A,M,2004,2003,0,2003-07-25,INR,12616420000000
RBI:CSURYCOM_M_RN(1.0),N_A,CCS11,N_A,M,2004,2003,0,2003-07-25,INR,1734310000000
RBI:CSURYCOM_M_RN(1.0),N_A,CCS12,N_A,M,2004,2003,0,2003-07-25,INR,10882110000000
RBI:CSURYCOM_M_RN(1.0),N_A,CCS1201,N_A,M,2004,2003,0,2003-07-25,INR,4896950000000
RBI:CSURYCOM_M_RN(1.0),N_A,CCS12011,N_A,M,2004,2003,0,2003-07-25,INR,11790000000
RBI:CSURYCOM_M_RN(1.0),N_A,CCS12012,N_A,M,2004,2003,0,2003-07-25,INR,5985160000000
RBI:CSURYCOM_M_RN(1.0),N_A,CCS1202,N_A,M,2004,2003,0,2003-07-25,INR,5985160000000
RBI:CSURYCOM_M_RN(1.0),N_A,CCS2,N_A,M,2004,2003,0,2003-07-25,INR,159750000000
RBI:CSURYCOM_M_RN(1.0),N_A,CCS1,N_A,M,2004,2003,0,2003-08-22,INR,12736920000000
RBI:CSURYCOM_M_RN(1.0),N_A,CCS11,N_A,M,2004,2003,0,2003-08-22,INR,1732910000000
RBI:CSURYCOM_M_RN(1.0),N_A,CCS12,N_A,M,2004,2003,0,2003-08-22,INR,11004020000000
RBI:CSURYCOM_M_RN(1.0),N_A,CCS1201,N_A,M,2004,2003,0,2003-08-22,INR,4951810000000
RBI:CSURYCOM_M_RN(1.0),N_A,CCS12011,N_A,M,2004,2003,0,2003-08-22,INR,13160000000
RBI:CSURYCOM_M_RN(1.0),N_A,CCS12012,N_A,M,2004,2003,0,2003-08-22,INR,6052210000000
RBI:CSURYCOM_M_RN(1.0),N_A,CCS1202,N_A,M,2004,2003,0,2003-08-22,INR,6052210000000
RBI:CSURYCOM_M_RN(1.0),N_A,CCS2,N_A,M,2004,2003,0,2003-08-22,INR,170960000000
RBI:CSURYCOM_M_RN(1.0),N_A,CCS1,N_A,M,2004,2003,0,2003-09-19,INR,12862860000000
RBI:CSURYCOM_M_RN(1.0),N_A,CCS11,N_A,M,2004,2003,0,2003-09-19,INR,1757050000000
RBI:CSURYCOM_M_RN(1.0),N_A,CCS12,N_A,M,2004,2003,0,2003-09-19,INR,11105810000000
RBI:CSURYCOM_M_RN(1.0),N_A,CCS1201,N_A,M,2004,2003,0,2003-09-19,INR,4997620000000
RBI:CSURYCOM_M_RN(1.0),N_A,CCS12011,N_A,M,2004,2003,0,2003-09-19,INR,18410000000
RBI:CSURYCOM_M_RN(1.0),N_A,CCS12012,N_A,M,2004,2003,0,2003-09-19,INR,6108190000000
RBI:CSURYCOM_M_RN(1.0),N_A,CCS1202,N_A,M,2004,2003,0,2003-09-19,INR,6108200000000
RBI:CSURYCOM_M_RN(1.0),N_A,CCS2,N_A,M,2004,2003,0,2003-09-19,INR,174170000000
RBI:CSURYCOM_M_RN(1.0),N_A,CCS1,N_A,M,2004,2003,0,2003-10-31,INR,13222320000000
RBI:CSURYCOM_M_RN(1.0),N_A,CCS11,N_A,M,2004,2003,0,2003-10-31,INR,1910750000000
RBI:CSURYCOM_M_RN(1.0),N_A,CCS12,N_A,M,2004,2003,0,2003-10-31,INR,11311570000000
RBI:CSURYCOM_M_RN(1.0),N_A,CCS1201,N_A,M,2004,2003,0,2003-10-31,INR,5090210000000
RBI:CSURYCOM_M_RN(1.0),N_A,CCS12011,N_A,M,2004,2003,0,2003-10-31,INR,18260000000
RBI:CSURYCOM_M_RN(1.0),N_A,CCS12012,N_A,M,2004,2003,0,2003-10-31,INR,6221360000000
RBI:CSURYCOM_M_RN(1.0),N_A,CCS1202,N_A,M,2004,2003,0,2003-10-31,INR,6221360000000
RBI:CSURYCOM_M_RN(1.0),N_A,CCS2,N_A,M,2004,2003,0,2003-10-31,INR,210650000000
RBI:CSURYCOM_M_RN(1.0),N_A,CCS1,N_A,M,2004,2003,0,2003-11-28,INR,13307800000000
RBI:CSURYCOM_M_RN(1.0),N_A,CCS11,N_A,M,2004,2003,0,2003-11-28,INR,1863590000000
RBI:CSURYCOM_M_RN(1.0),N_A,CCS12,N_A,M,2004,2003,0,2003-11-28,INR,11444210000000
RBI:CSURYCOM_M_RN(1.0),N_A,CCS1201,N_A,M,2004,2003,0,2003-11-28,INR,5149900000000
RBI:CSURYCOM_M_RN(1.0),N_A,CCS12011,N_A,M,2004,2003,0,2003-11-28,INR,21020000000
RBI:CSURYCOM_M_RN(1.0),N_A,CCS12012,N_A,M,2004,2003,0,2003-11-28,INR,6294310000000
RBI:CSURYCOM_M_RN(1.0),N_A,CCS1202,N_A,M,2004,2003,0,2003-11-28,INR,6294320000000
RBI:CSURYCOM_M_RN(1.0),N_A,CCS2,N_A,M,2004,2003,0,2003-11-28,INR,222720000000
RBI:CSURYCOM_M_RN(1.0),N_A,CCS1,N_A,M,2004,2003,0,2003-12-26,INR,13466120000000
RBI:CSURYCOM_M_RN(1.0),N_A,CCS11,N_A,M,2004,2003,0,2003-12-26,INR,1942010000000
RBI:CSURYCOM_M_RN(1.0),N_A,CCS12,N_A,M,2004,2003,0,2003-12-26,INR,11524110000000
RBI:CSURYCOM_M_RN(1.0),N_A,CCS1201,N_A,M,2004,2003,0,2003-12-26,INR,5185850000000
RBI:CSURYCOM_M_RN(1.0),N_A,CCS12011,N_A,M,2004,2003,0,2003-12-26,INR,20910000000
RBI:CSURYCOM_M_RN(1.0),N_A,CCS12012,N_A,M,2004,2003,0,2003-12-26,INR,6338260000000
RBI:CSURYCOM_M_RN(1.0),N_A,CCS1202,N_A,M,2004,2003,0,2003-12-26,INR,6338260000000
RBI:CSURYCOM_M_RN(1.0),N_A,CCS2,N_A,M,2004,2003,0,2003-12-26,INR,222390000000
RBI:CSURYCOM_M_RN(1.0),N_A,CCS1,N_A,M,2004,2003,0,2004-01-23,INR,13660100000000
RBI:CSURYCOM_M_RN(1.0),N_A,CCS11,N_A,M,2004,2003,0,2004-01-23,INR,1900580000000
RBI:CSURYCOM_M_RN(1.0),N_A,CCS12,N_A,M,2004,2003,0,2004-01-23,INR,11759520000000
RBI:CSURYCOM_M_RN(1.0),N_A,CCS1201,N_A,M,2004,2003,0,2004-01-23,INR,5291780000000
RBI:CSURYCOM_M_RN(1.0),N_A,CCS12011,N_A,M,2004,2003,0,2004-01-23,INR,21840000000
RBI:CSURYCOM_M_RN(1.0),N_A,CCS12012,N_A,M,2004,2003,0,2004-01-23,INR,6467740000000
RBI:CSURYCOM_M_RN(1.0),N_A,CCS1202,N_A,M,2004,2003,0,2004-01-23,INR,6467730000000
RBI:CSURYCOM_M_RN(1.0),N_A,CCS2,N_A,M,2004,2003,0,2004-01-23,INR,227440000000
RBI:CSURYCOM_M_RN(1.0),N_A,CCS1,N_A,M,2004,2003,0,2004-02-20,INR,13950200000000
RBI:CSURYCOM_M_RN(1.0),N_A,CCS11,N_A,M,2004,2003,0,2004-02-20,INR,2022860000000
RBI:CSURYCOM_M_RN(1.0),N_A,CCS12,N_A,M,2004,2003,0,2004-02-20,INR,11927340000000
RBI:CSURYCOM_M_RN(1.0),N_A,CCS1201,N_A,M,2004,2003,0,2004-02-20,INR,5367300000000
RBI:CSURYCOM_M_RN(1.0),N_A,CCS12011,N_A,M,2004,2003,0,2004-02-20,INR,52540000000
RBI:CSURYCOM_M_RN(1.0),N_A,CCS12012,N_A,M,2004,2003,0,2004-02-20,INR,6560040000000
RBI:CSURYCOM_M_RN(1.0),N_A,CCS1202,N_A,M,2004,2003,0,2004-02-20,INR,6560040000000
RBI:CSURYCOM_M_RN(1.0),N_A,CCS2,N_A,M,2004,2003,0,2004-02-20,INR,232350000000
RBI:CSURYCOM_M_RN(1.0),N_A,CCS1,N_A,M,2004,2003,0,2004-03-19,INR,14288130000000
RBI:CSURYCOM_M_RN(1.0),N_A,CCS11,N_A,M,2004,2003,0,2004-03-19,INR,2250220000000
RBI:CSURYCOM_M_RN(1.0),N_A,CCS12,N_A,M,2004,2003,0,2004-03-19,INR,12037910000000
RBI:CSURYCOM_M_RN(1.0),N_A,CCS1201,N_A,M,2004,2003,0,2004-03-19,INR,5417060000000
RBI:CSURYCOM_M_RN(1.0),N_A,CCS12011,N_A,M,2004,2003,0,2004-03-19,INR,69110000000
RBI:CSURYCOM_M_RN(1.0),N_A,CCS12012,N_A,M,2004,2003,0,2004-03-19,INR,6620850000000
RBI:CSURYCOM_M_RN(1.0),N_A,CCS1202,N_A,M,2004,2003,0,2004-03-19,INR,6620850000000
RBI:CSURYCOM_M_RN(1.0),N_A,CCS2,N_A,M,2004,2003,0,2004-03-19,INR,246700000000
RBI:CSURYCOM_M_RN(1.0),N_A,CCS1,N_A,M,2005,2004,0,2004-04-30,INR,14748150000000
RBI:CSURYCOM_M_RN(1.0),N_A,CCS11,N_A,M,2005,2004,0,2004-04-30,INR,2217140000000
RBI:CSURYCOM_M_RN(1.0),N_A,CCS12,N_A,M,2005,2004,0,2004-04-30,INR,12531020000000
RBI:CSURYCOM_M_RN(1.0),N_A,CCS1201,N_A,M,2005,2004,0,2004-04-30,INR,5638960000000
RBI:CSURYCOM_M_RN(1.0),N_A,CCS12011,N_A,M,2005,2004,0,2004-04-30,INR,47560000000
RBI:CSURYCOM_M_RN(1.0),N_A,CCS12012,N_A,M,2005,2004,0,2004-04-30,INR,6892060000000
RBI:CSURYCOM_M_RN(1.0),N_A,CCS1202,N_A,M,2005,2004,0,2004-04-30,INR,6892060000000
RBI:CSURYCOM_M_RN(1.0),N_A,CCS2,N_A,M,2005,2004,0,2004-04-30,INR,271270000000
RBI:CSURYCOM_M_RN(1.0),N_A,CCS1,N_A,M,2005,2004,0,2004-05-28,INR,14735440000000
RBI:CSURYCOM_M_RN(1.0),N_A,CCS11,N_A,M,2005,2004,0,2004-05-28,INR,2125310000000
RBI:CSURYCOM_M_RN(1.0),N_A,CCS12,N_A,M,2005,2004,0,2004-05-28,INR,12610130000000
RBI:CSURYCOM_M_RN(1.0),N_A,CCS1201,N_A,M,2005,2004,0,2004-05-28,INR,5674560000000
RBI:CSURYCOM_M_RN(1.0),N_A,CCS12011,N_A,M,2005,2004,0,2004-05-28,INR,52960000000
RBI:CSURYCOM_M_RN(1.0),N_A,CCS12012,N_A,M,2005,2004,0,2004-05-28,INR,6935570000000
RBI:CSURYCOM_M_RN(1.0),N_A,CCS1202,N_A,M,2005,2004,0,2004-05-28,INR,6935570000000
RBI:CSURYCOM_M_RN(1.0),N_A,CCS2,N_A,M,2005,2004,0,2004-05-28,INR,296360000000
RBI:CSURYCOM_M_RN(1.0),N_A,CCS1,N_A,M,2005,2004,0,2004-06-25,INR,14858630000000
RBI:CSURYCOM_M_RN(1.0),N_A,CCS11,N_A,M,2005,2004,0,2004-06-25,INR,2128670000000
RBI:CSURYCOM_M_RN(1.0),N_A,CCS12,N_A,M,2005,2004,0,2004-06-25,INR,12729960000000
RBI:CSURYCOM_M_RN(1.0),N_A,CCS1201,N_A,M,2005,2004,0,2004-06-25,INR,5728480000000
RBI:CSURYCOM_M_RN(1.0),N_A,CCS12011,N_A,M,2005,2004,0,2004-06-25,INR,59740000000
RBI:CSURYCOM_M_RN(1.0),N_A,CCS12012,N_A,M,2005,2004,0,2004-06-25,INR,7001480000000
RBI:CSURYCOM_M_RN(1.0),N_A,CCS1202,N_A,M,2005,2004,0,2004-06-25,INR,7001480000000
RBI:CSURYCOM_M_RN(1.0),N_A,CCS2,N_A,M,2005,2004,0,2004-06-25,INR,300780000000
RBI:CSURYCOM_M_RN(1.0),N_A,CCS1,N_A,M,2005,2004,0,2004-07-23,INR,14948160000000
RBI:CSURYCOM_M_RN(1.0),N_A,CCS11,N_A,M,2005,2004,0,2004-07-23,INR,2085050000000
RBI:CSURYCOM_M_RN(1.0),N_A,CCS12,N_A,M,2005,2004,0,2004-07-23,INR,12863110000000
RBI:CSURYCOM_M_RN(1.0),N_A,CCS1201,N_A,M,2005,2004,0,2004-07-23,INR,5788400000000
RBI:CSURYCOM_M_RN(1.0),N_A,CCS12011,N_A,M,2005,2004,0,2004-07-23,INR,54750000000
RBI:CSURYCOM_M_RN(1.0),N_A,CCS12012,N_A,M,2005,2004,0,2004-07-23,INR,7074710000000
RBI:CSURYCOM_M_RN(1.0),N_A,CCS1202,N_A,M,2005,2004,0,2004-07-23,INR,7074710000000
RBI:CSURYCOM_M_RN(1.0),N_A,CCS2,N_A,M,2005,2004,0,2004-07-23,INR,324950000000
RBI:CSURYCOM_M_RN(1.0),N_A,CCS1,N_A,M,2005,2004,0,2004-08-20,INR,15168910000000
RBI:CSURYCOM_M_RN(1.0),N_A,CCS11,N_A,M,2005,2004,0,2004-08-20,INR,2268420000000
RBI:CSURYCOM_M_RN(1.0),N_A,CCS12,N_A,M,2005,2004,0,2004-08-20,INR,12900500000000
RBI:CSURYCOM_M_RN(1.0),N_A,CCS1201,N_A,M,2005,2004,0,2004-08-20,INR,5805220000000
RBI:CSURYCOM_M_RN(1.0),N_A,CCS12011,N_A,M,2005,2004,0,2004-08-20,INR,48740000000
RBI:CSURYCOM_M_RN(1.0),N_A,CCS12012,N_A,M,2005,2004,0,2004-08-20,INR,7095280000000
RBI:CSURYCOM_M_RN(1.0),N_A,CCS1202,N_A,M,2005,2004,0,2004-08-20,INR,7095270000000
RBI:CSURYCOM_M_RN(1.0),N_A,CCS2,N_A,M,2005,2004,0,2004-08-20,INR,295070000000
RBI:CSURYCOM_M_RN(1.0),N_A,CCS1,N_A,M,2005,2004,0,2004-09-17,INR,15070950000000
RBI:CSURYCOM_M_RN(1.0),N_A,CCS11,N_A,M,2005,2004,0,2004-09-17,INR,2151440000000
RBI:CSURYCOM_M_RN(1.0),N_A,CCS12,N_A,M,2005,2004,0,2004-09-17,INR,12919510000000
RBI:CSURYCOM_M_RN(1.0),N_A,CCS1201,N_A,M,2005,2004,0,2004-09-17,INR,5813780000000
RBI:CSURYCOM_M_RN(1.0),N_A,CCS12011,N_A,M,2005,2004,0,2004-09-17,INR,55550000000
RBI:CSURYCOM_M_RN(1.0),N_A,CCS12012,N_A,M,2005,2004,0,2004-09-17,INR,7105730000000
RBI:CSURYCOM_M_RN(1.0),N_A,CCS1202,N_A,M,2005,2004,0,2004-09-17,INR,7105730000000
RBI:CSURYCOM_M_RN(1.0),N_A,CCS2,N_A,M,2005,2004,0,2004-09-17,INR,306080000000
RBI:CSURYCOM_M_RN(1.0),N_A,CCS1,N_A,M,2005,2004,0,2004-10-29,INR,15412580000000
RBI:CSURYCOM_M_RN(1.0),N_A,CCS11,N_A,M,2005,2004,0,2004-10-29,INR,2458920000000
RBI:CSURYCOM_M_RN(1.0),N_A,CCS12,N_A,M,2005,2004,0,2004-10-29,INR,12953660000000
RBI:CSURYCOM_M_RN(1.0),N_A,CCS1201,N_A,M,2005,2004,0,2004-10-29,INR,5829150000000
RBI:CSURYCOM_M_RN(1.0),N_A,CCS12011,N_A,M,2005,2004,0,2004-10-29,INR,51920000000
RBI:CSURYCOM_M_RN(1.0),N_A,CCS12012,N_A,M,2005,2004,0,2004-10-29,INR,7124510000000
RBI:CSURYCOM_M_RN(1.0),N_A,CCS1202,N_A,M,2005,2004,0,2004-10-29,INR,7124510000000
RBI:CSURYCOM_M_RN(1.0),N_A,CCS2,N_A,M,2005,2004,0,2004-10-29,INR,652290000000
RBI:CSURYCOM_M_RN(1.0),N_A,CCS1,N_A,M,2005,2004,0,2004-11-26,INR,15353550000000
RBI:CSURYCOM_M_RN(1.0),N_A,CCS11,N_A,M,2005,2004,0,2004-11-26,INR,2296820000000
RBI:CSURYCOM_M_RN(1.0),N_A,CCS12,N_A,M,2005,2004,0,2004-11-26,INR,13056740000000
RBI:CSURYCOM_M_RN(1.0),N_A,CCS1201,N_A,M,2005,2004,0,2004-11-26,INR,5875530000000
RBI:CSURYCOM_M_RN(1.0),N_A,CCS12011,N_A,M,2005,2004,0,2004-11-26,INR,73210000000
RBI:CSURYCOM_M_RN(1.0),N_A,CCS12012,N_A,M,2005,2004,0,2004-11-26,INR,7181210000000
RBI:CSURYCOM_M_RN(1.0),N_A,CCS1202,N_A,M,2005,2004,0,2004-11-26,INR,7181200000000
RBI:CSURYCOM_M_RN(1.0),N_A,CCS2,N_A,M,2005,2004,0,2004-11-26,INR,674220000000
RBI:CSURYCOM_M_RN(1.0),N_A,CCS1,N_A,M,2005,2004,0,2004-12-24,INR,15455420000000
RBI:CSURYCOM_M_RN(1.0),N_A,CCS11,N_A,M,2005,2004,0,2004-12-24,INR,2304240000000
RBI:CSURYCOM_M_RN(1.0),N_A,CCS12,N_A,M,2005,2004,0,2004-12-24,INR,13151180000000
RBI:CSURYCOM_M_RN(1.0),N_A,CCS1201,N_A,M,2005,2004,0,2004-12-24,INR,5918030000000
RBI:CSURYCOM_M_RN(1.0),N_A,CCS12011,N_A,M,2005,2004,0,2004-12-24,INR,75550000000
RBI:CSURYCOM_M_RN(1.0),N_A,CCS12012,N_A,M,2005,2004,0,2004-12-24,INR,7233150000000
RBI:CSURYCOM_M_RN(1.0),N_A,CCS1202,N_A,M,2005,2004,0,2004-12-24,INR,7233150000000
RBI:CSURYCOM_M_RN(1.0),N_A,CCS2,N_A,M,2005,2004,0,2004-12-24,INR,660720000000
RBI:CSURYCOM_M_RN(1.0),N_A,CCS1,N_A,M,2005,2004,0,2005-01-21,INR,15867260000000
RBI:CSURYCOM_M_RN(1.0),N_A,CCS11,N_A,M,2005,2004,0,2005-01-21,INR,2312600000000
RBI:CSURYCOM_M_RN(1.0),N_A,CCS12,N_A,M,2005,2004,0,2005-01-21,INR,13554660000000
RBI:CSURYCOM_M_RN(1.0),N_A,CCS1201,N_A,M,2005,2004,0,2005-01-21,INR,6099600000000
RBI:CSURYCOM_M_RN(1.0),N_A,CCS12011,N_A,M,2005,2004,0,2005-01-21,INR,65910000000
RBI:CSURYCOM_M_RN(1.0),N_A,CCS12012,N_A,M,2005,2004,0,2005-01-21,INR,7455060000000
RBI:CSURYCOM_M_RN(1.0),N_A,CCS1202,N_A,M,2005,2004,0,2005-01-21,INR,7455060000000
RBI:CSURYCOM_M_RN(1.0),N_A,CCS2,N_A,M,2005,2004,0,2005-01-21,INR,660640000000
RBI:CSURYCOM_M_RN(1.0),N_A,CCS1,N_A,M,2005,2004,0,2005-02-18,INR,16090430000000
RBI:CSURYCOM_M_RN(1.0),N_A,CCS11,N_A,M,2005,2004,0,2005-02-18,INR,2417490000000
RBI:CSURYCOM_M_RN(1.0),N_A,CCS12,N_A,M,2005,2004,0,2005-02-18,INR,13672940000000
RBI:CSURYCOM_M_RN(1.0),N_A,CCS1201,N_A,M,2005,2004,0,2005-02-18,INR,6152830000000
RBI:CSURYCOM_M_RN(1.0),N_A,CCS12011,N_A,M,2005,2004,0,2005-02-18,INR,75360000000
RBI:CSURYCOM_M_RN(1.0),N_A,CCS12012,N_A,M,2005,2004,0,2005-02-18,INR,7520110000000
RBI:CSURYCOM_M_RN(1.0),N_A,CCS1202,N_A,M,2005,2004,0,2005-02-18,INR,7520120000000
RBI:CSURYCOM_M_RN(1.0),N_A,CCS2,N_A,M,2005,2004,0,2005-02-18,INR,657080000000
RBI:CSURYCOM_M_RN(1.0),N_A,CCS1,N_A,M,2005,2004,0,2005-03-18,INR,16237930000000
RBI:CSURYCOM_M_RN(1.0),N_A,CCS11,N_A,M,2005,2004,0,2005-03-18,INR,2480280000000
RBI:CSURYCOM_M_RN(1.0),N_A,CCS12,N_A,M,2005,2004,0,2005-03-18,INR,13757660000000
RBI:CSURYCOM_M_RN(1.0),N_A,CCS1201,N_A,M,2005,2004,0,2005-03-18,INR,6190950000000
RBI:CSURYCOM_M_RN(1.0),N_A,CCS12011,N_A,M,2005,2004,0,2005-03-18,INR,131120000000
RBI:CSURYCOM_M_RN(1.0),N_A,CCS12012,N_A,M,2005,2004,0,2005-03-18,INR,7566710000000
RBI:CSURYCOM_M_RN(1.0),N_A,CCS1202,N_A,M,2005,2004,0,2005-03-18,INR,7566710000000
RBI:CSURYCOM_M_RN(1.0),N_A,CCS2,N_A,M,2005,2004,0,2005-03-18,INR,695230000000
RBI:CSURYCOM_M_RN(1.0),N_A,CCS1,N_A,M,2006,2005,0,2005-04-29,INR,16970120000000
RBI:CSURYCOM_M_RN(1.0),N_A,CCS11,N_A,M,2006,2005,0,2005-04-29,INR,2635040000000
RBI:CSURYCOM_M_RN(1.0),N_A,CCS12,N_A,M,2006,2005,0,2005-04-29,INR,14335080000000
RBI:CSURYCOM_M_RN(1.0),N_A,CCS1201,N_A,M,2006,2005,0,2005-04-29,INR,6450790000000
RBI:CSURYCOM_M_RN(1.0),N_A,CCS12011,N_A,M,2006,2005,0,2005-04-29,INR,166860000000
RBI:CSURYCOM_M_RN(1.0),N_A,CCS12012,N_A,M,2006,2005,0,2005-04-29,INR,7884290000000
RBI:CSURYCOM_M_RN(1.0),N_A,CCS1202,N_A,M,2006,2005,0,2005-04-29,INR,7884300000000
RBI:CSURYCOM_M_RN(1.0),N_A,CCS2,N_A,M,2006,2005,0,2005-04-29,INR,712990000000
RBI:CSURYCOM_M_RN(1.0),N_A,CCS1,N_A,M,2006,2005,0,2005-05-27,INR,17032880000000
RBI:CSURYCOM_M_RN(1.0),N_A,CCS11,N_A,M,2006,2005,0,2005-05-27,INR,2535520000000
RBI:CSURYCOM_M_RN(1.0),N_A,CCS12,N_A,M,2006,2005,0,2005-05-27,INR,14497360000000
RBI:CSURYCOM_M_RN(1.0),N_A,CCS1201,N_A,M,2006,2005,0,2005-05-27,INR,6523810000000
RBI:CSURYCOM_M_RN(1.0),N_A,CCS12011,N_A,M,2006,2005,0,2005-05-27,INR,177990000000
RBI:CSURYCOM_M_RN(1.0),N_A,CCS12012,N_A,M,2006,2005,0,2005-05-27,INR,7973550000000
RBI:CSURYCOM_M_RN(1.0),N_A,CCS1202,N_A,M,2006,2005,0,2005-05-27,INR,7973550000000
RBI:CSURYCOM_M_RN(1.0),N_A,CCS2,N_A,M,2006,2005,0,2005-05-27,INR,710080000000
RBI:CSURYCOM_M_RN(1.0),N_A,CCS1,N_A,M,2006,2005,0,2005-06-24,INR,17161290000000
RBI:CSURYCOM_M_RN(1.0),N_A,CCS11,N_A,M,2006,2005,0,2005-06-24,INR,2637680000000
RBI:CSURYCOM_M_RN(1.0),N_A,CCS12,N_A,M,2006,2005,0,2005-06-24,INR,14523610000000
RBI:CSURYCOM_M_RN(1.0),N_A,CCS1201,N_A,M,2006,2005,0,2005-06-24,INR,6535620000000
RBI:CSURYCOM_M_RN(1.0),N_A,CCS12011,N_A,M,2006,2005,0,2005-06-24,INR,191160000000
RBI:CSURYCOM_M_RN(1.0),N_A,CCS12012,N_A,M,2006,2005,0,2005-06-24,INR,7987990000000
RBI:CSURYCOM_M_RN(1.0),N_A,CCS1202,N_A,M,2006,2005,0,2005-06-24,INR,7987990000000
RBI:CSURYCOM_M_RN(1.0),N_A,CCS2,N_A,M,2006,2005,0,2005-06-24,INR,709180000000
RBI:CSURYCOM_M_RN(1.0),N_A,CCS1,N_A,M,2006,2005,0,2005-07-22,INR,17346890000000
RBI:CSURYCOM_M_RN(1.0),N_A,CCS11,N_A,M,2006,2005,0,2005-07-22,INR,2634250000000
RBI:CSURYCOM_M_RN(1.0),N_A,CCS12,N_A,M,2006,2005,0,2005-07-22,INR,14712640000000
RBI:CSURYCOM_M_RN(1.0),N_A,CCS1201,N_A,M,2006,2005,0,2005-07-22,INR,6620690000000
RBI:CSURYCOM_M_RN(1.0),N_A,CCS12011,N_A,M,2006,2005,0,2005-07-22,INR,208900000000
RBI:CSURYCOM_M_RN(1.0),N_A,CCS12012,N_A,M,2006,2005,0,2005-07-22,INR,8091950000000
RBI:CSURYCOM_M_RN(1.0),N_A,CCS1202,N_A,M,2006,2005,0,2005-07-22,INR,8091950000000
RBI:CSURYCOM_M_RN(1.0),N_A,CCS2,N_A,M,2006,2005,0,2005-07-22,INR,715740000000
RBI:CSURYCOM_M_RN(1.0),N_A,CCS1,N_A,M,2006,2005,0,2005-08-19,INR,17600670000000
RBI:CSURYCOM_M_RN(1.0),N_A,CCS11,N_A,M,2006,2005,0,2005-08-19,INR,2714120000000
RBI:CSURYCOM_M_RN(1.0),N_A,CCS12,N_A,M,2006,2005,0,2005-08-19,INR,14886550000000
RBI:CSURYCOM_M_RN(1.0),N_A,CCS1201,N_A,M,2006,2005,0,2005-08-19,INR,6698950000000
RBI:CSURYCOM_M_RN(1.0),N_A,CCS12011,N_A,M,2006,2005,0,2005-08-19,INR,242620000000
RBI:CSURYCOM_M_RN(1.0),N_A,CCS12012,N_A,M,2006,2005,0,2005-08-19,INR,8187600000000
RBI:CSURYCOM_M_RN(1.0),N_A,CCS1202,N_A,M,2006,2005,0,2005-08-19,INR,8187600000000
RBI:CSURYCOM_M_RN(1.0),N_A,CCS2,N_A,M,2006,2005,0,2005-08-19,INR,742930000000
RBI:CSURYCOM_M_RN(1.0),N_A,CCS1,N_A,M,2006,2005,0,2005-09-30,INR,18457250000000
RBI:CSURYCOM_M_RN(1.0),N_A,CCS11,N_A,M,2006,2005,0,2005-09-30,INR,3049350000000
RBI:CSURYCOM_M_RN(1.0),N_A,CCS12,N_A,M,2006,2005,0,2005-09-30,INR,15407910000000
RBI:CSURYCOM_M_RN(1.0),N_A,CCS1201,N_A,M,2006,2005,0,2005-09-30,INR,6933560000000
RBI:CSURYCOM_M_RN(1.0),N_A,CCS12011,N_A,M,2006,2005,0,2005-09-30,INR,279890000000
RBI:CSURYCOM_M_RN(1.0),N_A,CCS12012,N_A,M,2006,2005,0,2005-09-30,INR,8474350000000
RBI:CSURYCOM_M_RN(1.0),N_A,CCS1202,N_A,M,2006,2005,0,2005-09-30,INR,8474350000000
RBI:CSURYCOM_M_RN(1.0),N_A,CCS2,N_A,M,2006,2005,0,2005-09-30,INR,782770000000
RBI:CSURYCOM_M_RN(1.0),N_A,CCS1,N_A,M,2006,2005,0,2005-10-28,INR,18348910000000
RBI:CSURYCOM_M_RN(1.0),N_A,CCS11,N_A,M,2006,2005,0,2005-10-28,INR,2885580000000
RBI:CSURYCOM_M_RN(1.0),N_A,CCS12,N_A,M,2006,2005,0,2005-10-28,INR,15463330000000
RBI:CSURYCOM_M_RN(1.0),N_A,CCS1201,N_A,M,2006,2005,0,2005-10-28,INR,6958500000000
RBI:CSURYCOM_M_RN(1.0),N_A,CCS12011,N_A,M,2006,2005,0,2005-10-28,INR,294870000000
RBI:CSURYCOM_M_RN(1.0),N_A,CCS12012,N_A,M,2006,2005,0,2005-10-28,INR,8504830000000
RBI:CSURYCOM_M_RN(1.0),N_A,CCS1202,N_A,M,2006,2005,0,2005-10-28,INR,8504830000000
RBI:CSURYCOM_M_RN(1.0),N_A,CCS2,N_A,M,2006,2005,0,2005-10-28,INR,818590000000
RBI:CSURYCOM_M_RN(1.0),N_A,CCS1,N_A,M,2006,2005,0,2005-11-25,INR,18415300000000
RBI:CSURYCOM_M_RN(1.0),N_A,CCS11,N_A,M,2006,2005,0,2005-11-25,INR,2884580000000
RBI:CSURYCOM_M_RN(1.0),N_A,CCS12,N_A,M,2006,2005,0,2005-11-25,INR,15530720000000
RBI:CSURYCOM_M_RN(1.0),N_A,CCS1201,N_A,M,2006,2005,0,2005-11-25,INR,6988820000000
RBI:CSURYCOM_M_RN(1.0),N_A,CCS12011,N_A,M,2006,2005,0,2005-11-25,INR,332750000000
RBI:CSURYCOM_M_RN(1.0),N_A,CCS12012,N_A,M,2006,2005,0,2005-11-25,INR,8541900000000
RBI:CSURYCOM_M_RN(1.0),N_A,CCS1202,N_A,M,2006,2005,0,2005-11-25,INR,8541890000000
RBI:CSURYCOM_M_RN(1.0),N_A,CCS2,N_A,M,2006,2005,0,2005-11-25,INR,803990000000
RBI:CSURYCOM_M_RN(1.0),N_A,CCS1,N_A,M,2006,2005,0,2005-12-23,INR,18587910000000
RBI:CSURYCOM_M_RN(1.0),N_A,CCS11,N_A,M,2006,2005,0,2005-12-23,INR,3015050000000
RBI:CSURYCOM_M_RN(1.0),N_A,CCS12,N_A,M,2006,2005,0,2005-12-23,INR,15572850000000
RBI:CSURYCOM_M_RN(1.0),N_A,CCS1201,N_A,M,2006,2005,0,2005-12-23,INR,7007780000000
RBI:CSURYCOM_M_RN(1.0),N_A,CCS12011,N_A,M,2006,2005,0,2005-12-23,INR,321270000000
RBI:CSURYCOM_M_RN(1.0),N_A,CCS12012,N_A,M,2006,2005,0,2005-12-23,INR,8565070000000
RBI:CSURYCOM_M_RN(1.0),N_A,CCS1202,N_A,M,2006,2005,0,2005-12-23,INR,8565070000000
RBI:CSURYCOM_M_RN(1.0),N_A,CCS2,N_A,M,2006,2005,0,2005-12-23,INR,801130000000
RBI:CSURYCOM_M_RN(1.0),N_A,CCS1,N_A,M,2006,2005,0,2006-01-20,INR,18894840000000
RBI:CSURYCOM_M_RN(1.0),N_A,CCS11,N_A,M,2006,2005,0,2006-01-20,INR,3023840000000
RBI:CSURYCOM_M_RN(1.0),N_A,CCS12,N_A,M,2006,2005,0,2006-01-20,INR,15870990000000
RBI:CSURYCOM_M_RN(1.0),N_A,CCS1201,N_A,M,2006,2005,0,2006-01-20,INR,7141950000000
RBI:CSURYCOM_M_RN(1.0),N_A,CCS12011,N_A,M,2006,2005,0,2006-01-20,INR,345340000000
RBI:CSURYCOM_M_RN(1.0),N_A,CCS12012,N_A,M,2006,2005,0,2006-01-20,INR,8729040000000
RBI:CSURYCOM_M_RN(1.0),N_A,CCS1202,N_A,M,2006,2005,0,2006-01-20,INR,8729050000000
RBI:CSURYCOM_M_RN(1.0),N_A,CCS2,N_A,M,2006,2005,0,2006-01-20,INR,784340000000
RBI:CSURYCOM_M_RN(1.0),N_A,CCS1,N_A,M,2006,2005,0,2006-02-17,INR,19132080000000
RBI:CSURYCOM_M_RN(1.0),N_A,CCS11,N_A,M,2006,2005,0,2006-02-17,INR,3172320000000
RBI:CSURYCOM_M_RN(1.0),N_A,CCS12,N_A,M,2006,2005,0,2006-02-17,INR,15959760000000
RBI:CSURYCOM_M_RN(1.0),N_A,CCS1201,N_A,M,2006,2005,0,2006-02-17,INR,7181890000000
RBI:CSURYCOM_M_RN(1.0),N_A,CCS12011,N_A,M,2006,2005,0,2006-02-17,INR,343720000000
RBI:CSURYCOM_M_RN(1.0),N_A,CCS12012,N_A,M,2006,2005,0,2006-02-17,INR,8777870000000
RBI:CSURYCOM_M_RN(1.0),N_A,CCS1202,N_A,M,2006,2005,0,2006-02-17,INR,8777870000000
RBI:CSURYCOM_M_RN(1.0),N_A,CCS2,N_A,M,2006,2005,0,2006-02-17,INR,780850000000
RBI:CSURYCOM_M_RN(1.0),N_A,CCS1,N_A,M,2006,2005,0,2006-03-31,INR,20497730000000
RBI:CSURYCOM_M_RN(1.0),N_A,CCS11,N_A,M,2006,2005,0,2006-03-31,INR,3646400000000
RBI:CSURYCOM_M_RN(1.0),N_A,CCS12,N_A,M,2006,2005,0,2006-03-31,INR,16851330000000
RBI:CSURYCOM_M_RN(1.0),N_A,CCS1201,N_A,M,2006,2005,0,2006-03-31,INR,7583100000000
RBI:CSURYCOM_M_RN(1.0),N_A,CCS12011,N_A,M,2006,2005,0,2006-03-31,INR,444990000000
RBI:CSURYCOM_M_RN(1.0),N_A,CCS12012,N_A,M,2006,2005,0,2006-03-31,INR,9268230000000
RBI:CSURYCOM_M_RN(1.0),N_A,CCS1202,N_A,M,2006,2005,0,2006-03-31,INR,9268230000000
RBI:CSURYCOM_M_RN(1.0),N_A,CCS2,N_A,M,2006,2005,0,2006-03-31,INR,831440000000
RBI:CSURYCOM_M_RN(1.0),N_A,CCS1,N_A,M,2007,2006,0,2006-04-28,INR,20738990000000
RBI:CSURYCOM_M_RN(1.0),N_A,CCS11,N_A,M,2007,2006,0,2006-04-28,INR,3716460000000
RBI:CSURYCOM_M_RN(1.0),N_A,CCS12,N_A,M,2007,2006,0,2006-04-28,INR,17022530000000
RBI:CSURYCOM_M_RN(1.0),N_A,CCS1201,N_A,M,2007,2006,0,2006-04-28,INR,7660140000000
RBI:CSURYCOM_M_RN(1.0),N_A,CCS12011,N_A,M,2007,2006,0,2006-04-28,INR,476080000000
RBI:CSURYCOM_M_RN(1.0),N_A,CCS12012,N_A,M,2007,2006,0,2006-04-28,INR,9362390000000
RBI:CSURYCOM_M_RN(1.0),N_A,CCS1202,N_A,M,2007,2006,0,2006-04-28,INR,9362390000000
RBI:CSURYCOM_M_RN(1.0),N_A,CCS2,N_A,M,2007,2006,0,2006-04-28,INR,795200000000
RBI:CSURYCOM_M_RN(1.0),N_A,CCS1,N_A,M,2007,2006,0,2006-05-26,INR,20741870000000
RBI:CSURYCOM_M_RN(1.0),N_A,CCS11,N_A,M,2007,2006,0,2006-05-26,INR,3316370000000
RBI:CSURYCOM_M_RN(1.0),N_A,CCS12,N_A,M,2007,2006,0,2006-05-26,INR,17425510000000
RBI:CSURYCOM_M_RN(1.0),N_A,CCS1201,N_A,M,2007,2006,0,2006-05-26,INR,7841480000000
RBI:CSURYCOM_M_RN(1.0),N_A,CCS12011,N_A,M,2007,2006,0,2006-05-26,INR,531320000000
RBI:CSURYCOM_M_RN(1.0),N_A,CCS12012,N_A,M,2007,2006,0,2006-05-26,INR,9584030000000
RBI:CSURYCOM_M_RN(1.0),N_A,CCS1202,N_A,M,2007,2006,0,2006-05-26,INR,9584030000000
RBI:CSURYCOM_M_RN(1.0),N_A,CCS2,N_A,M,2007,2006,0,2006-05-26,INR,779590000000
RBI:CSURYCOM_M_RN(1.0),N_A,CCS1,N_A,M,2007,2006,0,2006-06-23,INR,20804500000000
RBI:CSURYCOM_M_RN(1.0),N_A,CCS11,N_A,M,2007,2006,0,2006-06-23,INR,3233680000000
RBI:CSURYCOM_M_RN(1.0),N_A,CCS12,N_A,M,2007,2006,0,2006-06-23,INR,17570820000000
RBI:CSURYCOM_M_RN(1.0),N_A,CCS1201,N_A,M,2007,2006,0,2006-06-23,INR,7906870000000
RBI:CSURYCOM_M_RN(1.0),N_A,CCS12011,N_A,M,2007,2006,0,2006-06-23,INR,595990000000
RBI:CSURYCOM_M_RN(1.0),N_A,CCS12012,N_A,M,2007,2006,0,2006-06-23,INR,9663950000000
RBI:CSURYCOM_M_RN(1.0),N_A,CCS1202,N_A,M,2007,2006,0,2006-06-23,INR,9663950000000
RBI:CSURYCOM_M_RN(1.0),N_A,CCS2,N_A,M,2007,2006,0,2006-06-23,INR,862620000000
RBI:CSURYCOM_M_RN(1.0),N_A,CCS1,N_A,M,2007,2006,0,2006-07-21,INR,21299970000000
RBI:CSURYCOM_M_RN(1.0),N_A,CCS11,N_A,M,2007,2006,0,2006-07-21,INR,3266030000000
RBI:CSURYCOM_M_RN(1.0),N_A,CCS12,N_A,M,2007,2006,0,2006-07-21,INR,18033940000000
RBI:CSURYCOM_M_RN(1.0),N_A,CCS1201,N_A,M,2007,2006,0,2006-07-21,INR,8115270000000
RBI:CSURYCOM_M_RN(1.0),N_A,CCS12011,N_A,M,2007,2006,0,2006-07-21,INR,650530000000
RBI:CSURYCOM_M_RN(1.0),N_A,CCS12012,N_A,M,2007,2006,0,2006-07-21,INR,9918670000000
RBI:CSURYCOM_M_RN(1.0),N_A,CCS1202,N_A,M,2007,2006,0,2006-07-21,INR,9918670000000
RBI:CSURYCOM_M_RN(1.0),N_A,CCS2,N_A,M,2007,2006,0,2006-07-21,INR,823930000000
RBI:CSURYCOM_M_RN(1.0),N_A,CCS1,N_A,M,2007,2006,0,2006-08-18,INR,21689650000000
RBI:CSURYCOM_M_RN(1.0),N_A,CCS11,N_A,M,2007,2006,0,2006-08-18,INR,3369660000000
RBI:CSURYCOM_M_RN(1.0),N_A,CCS12,N_A,M,2007,2006,0,2006-08-18,INR,18319990000000
RBI:CSURYCOM_M_RN(1.0),N_A,CCS1201,N_A,M,2007,2006,0,2006-08-18,INR,8244000000000
RBI:CSURYCOM_M_RN(1.0),N_A,CCS12011,N_A,M,2007,2006,0,2006-08-18,INR,668980000000
RBI:CSURYCOM_M_RN(1.0),N_A,CCS12012,N_A,M,2007,2006,0,2006-08-18,INR,10075990000000
RBI:CSURYCOM_M_RN(1.0),N_A,CCS1202,N_A,M,2007,2006,0,2006-08-18,INR,10076000000000
RBI:CSURYCOM_M_RN(1.0),N_A,CCS2,N_A,M,2007,2006,0,2006-08-18,INR,844510000000
RBI:CSURYCOM_M_RN(1.0),N_A,CCS1,N_A,M,2007,2006,0,2006-09-29,INR,22468460000000
RBI:CSURYCOM_M_RN(1.0),N_A,CCS11,N_A,M,2007,2006,0,2006-09-29,INR,3666680000000
RBI:CSURYCOM_M_RN(1.0),N_A,CCS12,N_A,M,2007,2006,0,2006-09-29,INR,18801780000000
RBI:CSURYCOM_M_RN(1.0),N_A,CCS1201,N_A,M,2007,2006,0,2006-09-29,INR,8460800000000
RBI:CSURYCOM_M_RN(1.0),N_A,CCS12011,N_A,M,2007,2006,0,2006-09-29,INR,657860000000
RBI:CSURYCOM_M_RN(1.0),N_A,CCS12012,N_A,M,2007,2006,0,2006-09-29,INR,10340980000000
RBI:CSURYCOM_M_RN(1.0),N_A,CCS1202,N_A,M,2007,2006,0,2006-09-29,INR,10340980000000
RBI:CSURYCOM_M_RN(1.0),N_A,CCS2,N_A,M,2007,2006,0,2006-09-29,INR,846860000000
RBI:CSURYCOM_M_RN(1.0),N_A,CCS1,N_A,M,2007,2006,0,2006-10-27,INR,22224410000000
RBI:CSURYCOM_M_RN(1.0),N_A,CCS11,N_A,M,2007,2006,0,2006-10-27,INR,3569010000000
RBI:CSURYCOM_M_RN(1.0),N_A,CCS12,N_A,M,2007,2006,0,2006-10-27,INR,18655410000000
RBI:CSURYCOM_M_RN(1.0),N_A,CCS1201,N_A,M,2007,2006,0,2006-10-27,INR,8394930000000
RBI:CSURYCOM_M_RN(1.0),N_A,CCS12011,N_A,M,2007,2006,0,2006-10-27,INR,646430000000
RBI:CSURYCOM_M_RN(1.0),N_A,CCS12012,N_A,M,2007,2006,0,2006-10-27,INR,10260480000000
RBI:CSURYCOM_M_RN(1.0),N_A,CCS1202,N_A,M,2007,2006,0,2006-10-27,INR,10260470000000
RBI:CSURYCOM_M_RN(1.0),N_A,CCS2,N_A,M,2007,2006,0,2006-10-27,INR,853480000000
RBI:CSURYCOM_M_RN(1.0),N_A,CCS1,N_A,M,2007,2006,0,2006-11-24,INR,22663950000000
RBI:CSURYCOM_M_RN(1.0),N_A,CCS11,N_A,M,2007,2006,0,2006-11-24,INR,3564920000000
RBI:CSURYCOM_M_RN(1.0),N_A,CCS12,N_A,M,2007,2006,0,2006-11-24,INR,19099030000000
RBI:CSURYCOM_M_RN(1.0),N_A,CCS1201,N_A,M,2007,2006,0,2006-11-24,INR,8594560000000
RBI:CSURYCOM_M_RN(1.0),N_A,CCS12011,N_A,M,2007,2006,0,2006-11-24,INR,698550000000
RBI:CSURYCOM_M_RN(1.0),N_A,CCS12012,N_A,M,2007,2006,0,2006-11-24,INR,10504470000000
RBI:CSURYCOM_M_RN(1.0),N_A,CCS1202,N_A,M,2007,2006,0,2006-11-24,INR,10504460000000
RBI:CSURYCOM_M_RN(1.0),N_A,CCS2,N_A,M,2007,2006,0,2006-11-24,INR,834760000000
RBI:CSURYCOM_M_RN(1.0),N_A,CCS1,N_A,M,2007,2006,0,2006-12-22,INR,22783150000000
RBI:CSURYCOM_M_RN(1.0),N_A,CCS11,N_A,M,2007,2006,0,2006-12-22,INR,3577630000000
RBI:CSURYCOM_M_RN(1.0),N_A,CCS12,N_A,M,2007,2006,0,2006-12-22,INR,19205520000000
RBI:CSURYCOM_M_RN(1.0),N_A,CCS1201,N_A,M,2007,2006,0,2006-12-22,INR,8642480000000
RBI:CSURYCOM_M_RN(1.0),N_A,CCS12011,N_A,M,2007,2006,0,2006-12-22,INR,683080000000
RBI:CSURYCOM_M_RN(1.0),N_A,CCS12012,N_A,M,2007,2006,0,2006-12-22,INR,10563040000000
RBI:CSURYCOM_M_RN(1.0),N_A,CCS1202,N_A,M,2007,2006,0,2006-12-22,INR,10563040000000
RBI:CSURYCOM_M_RN(1.0),N_A,CCS2,N_A,M,2007,2006,0,2006-12-22,INR,802180000000
RBI:CSURYCOM_M_RN(1.0),N_A,CCS1,N_A,M,2007,2006,0,2007-01-19,INR,23252650000000
RBI:CSURYCOM_M_RN(1.0),N_A,CCS11,N_A,M,2007,2006,0,2007-01-19,INR,3560580000000
RBI:CSURYCOM_M_RN(1.0),N_A,CCS12,N_A,M,2007,2006,0,2007-01-19,INR,19692070000000
RBI:CSURYCOM_M_RN(1.0),N_A,CCS1201,N_A,M,2007,2006,0,2007-01-19,INR,8861430000000
RBI:CSURYCOM_M_RN(1.0),N_A,CCS12011,N_A,M,2007,2006,0,2007-01-19,INR,706050000000
RBI:CSURYCOM_M_RN(1.0),N_A,CCS12012,N_A,M,2007,2006,0,2007-01-19,INR,10830640000000
RBI:CSURYCOM_M_RN(1.0),N_A,CCS1202,N_A,M,2007,2006,0,2007-01-19,INR,10830640000000
RBI:CSURYCOM_M_RN(1.0),N_A,CCS2,N_A,M,2007,2006,0,2007-01-19,INR,840400000000
RBI:CSURYCOM_M_RN(1.0),N_A,CCS1,N_A,M,2007,2006,0,2007-02-16,INR,23838100000000
RBI:CSURYCOM_M_RN(1.0),N_A,CCS11,N_A,M,2007,2006,0,2007-02-16,INR,3929450000000
RBI:CSURYCOM_M_RN(1.0),N_A,CCS12,N_A,M,2007,2006,0,2007-02-16,INR,19908650000000
RBI:CSURYCOM_M_RN(1.0),N_A,CCS1201,N_A,M,2007,2006,0,2007-02-16,INR,8958890000000
RBI:CSURYCOM_M_RN(1.0),N_A,CCS12011,N_A,M,2007,2006,0,2007-02-16,INR,735890000000
RBI:CSURYCOM_M_RN(1.0),N_A,CCS12012,N_A,M,2007,2006,0,2007-02-16,INR,10949760000000
RBI:CSURYCOM_M_RN(1.0),N_A,CCS1202,N_A,M,2007,2006,0,2007-02-16,INR,10949760000000
RBI:CSURYCOM_M_RN(1.0),N_A,CCS2,N_A,M,2007,2006,0,2007-02-16,INR,837200000000
RBI:CSURYCOM_M_RN(1.0),N_A,CCS1,N_A,M,2007,2006,0,2007-03-30,INR,25444730000000
RBI:CSURYCOM_M_RN(1.0),N_A,CCS11,N_A,M,2007,2006,0,2007-03-30,INR,4297310000000
RBI:CSURYCOM_M_RN(1.0),N_A,CCS12,N_A,M,2007,2006,0,2007-03-30,INR,21147420000000
RBI:CSURYCOM_M_RN(1.0),N_A,CCS1201,N_A,M,2007,2006,0,2007-03-30,INR,9516340000000
RBI:CSURYCOM_M_RN(1.0),N_A,CCS12011,N_A,M,2007,2006,0,2007-03-30,INR,974420000000
RBI:CSURYCOM_M_RN(1.0),N_A,CCS12012,N_A,M,2007,2006,0,2007-03-30,INR,11631080000000
RBI:CSURYCOM_M_RN(1.0),N_A,CCS1202,N_A,M,2007,2006,0,2007-03-30,INR,11631080000000
RBI:CSURYCOM_M_RN(1.0),N_A,CCS2,N_A,M,2007,2006,0,2007-03-30,INR,858360000000
RBI:CSURYCOM_M_RN(1.0),N_A,CCS1,N_A,M,2008,2007,0,2007-04-27,INR,25297700000000
RBI:CSURYCOM_M_RN(1.0),N_A,CCS11,N_A,M,2008,2007,0,2007-04-27,INR,3776720000000
RBI:CSURYCOM_M_RN(1.0),N_A,CCS12,N_A,M,2008,2007,0,2007-04-27,INR,21520980000000
RBI:CSURYCOM_M_RN(1.0),N_A,CCS1201,N_A,M,2008,2007,0,2007-04-27,INR,9684440000000
RBI:CSURYCOM_M_RN(1.0),N_A,CCS12011,N_A,M,2008,2007,0,2007-04-27,INR,977890000000
RBI:CSURYCOM_M_RN(1.0),N_A,CCS12012,N_A,M,2008,2007,0,2007-04-27,INR,11836540000000
RBI:CSURYCOM_M_RN(1.0),N_A,CCS1202,N_A,M,2008,2007,0,2007-04-27,INR,11836540000000
RBI:CSURYCOM_M_RN(1.0),N_A,CCS2,N_A,M,2008,2007,0,2007-04-27,INR,873390000000
RBI:CSURYCOM_M_RN(1.0),N_A,CCS1,N_A,M,2008,2007,0,2007-05-25,INR,25480640000000
RBI:CSURYCOM_M_RN(1.0),N_A,CCS11,N_A,M,2008,2007,0,2007-05-25,INR,3683940000000
RBI:CSURYCOM_M_RN(1.0),N_A,CCS12,N_A,M,2008,2007,0,2007-05-25,INR,21796700000000
RBI:CSURYCOM_M_RN(1.0),N_A,CCS1201,N_A,M,2008,2007,0,2007-05-25,INR,9808510000000
RBI:CSURYCOM_M_RN(1.0),N_A,CCS12011,N_A,M,2008,2007,0,2007-05-25,INR,1003090000000
RBI:CSURYCOM_M_RN(1.0),N_A,CCS12012,N_A,M,2008,2007,0,2007-05-25,INR,11988190000000
RBI:CSURYCOM_M_RN(1.0),N_A,CCS1202,N_A,M,2008,2007,0,2007-05-25,INR,11988180000000
RBI:CSURYCOM_M_RN(1.0),N_A,CCS2,N_A,M,2008,2007,0,2007-05-25,INR,838420000000
RBI:CSURYCOM_M_RN(1.0),N_A,CCS1,N_A,M,2008,2007,0,2007-06-22,INR,26034650000000
RBI:CSURYCOM_M_RN(1.0),N_A,CCS11,N_A,M,2008,2007,0,2007-06-22,INR,3878330000000
RBI:CSURYCOM_M_RN(1.0),N_A,CCS12,N_A,M,2008,2007,0,2007-06-22,INR,22156330000000
RBI:CSURYCOM_M_RN(1.0),N_A,CCS1201,N_A,M,2008,2007,0,2007-06-22,INR,9970350000000
RBI:CSURYCOM_M_RN(1.0),N_A,CCS12011,N_A,M,2008,2007,0,2007-06-22,INR,1067570000000
RBI:CSURYCOM_M_RN(1.0),N_A,CCS12012,N_A,M,2008,2007,0,2007-06-22,INR,12185980000000
RBI:CSURYCOM_M_RN(1.0),N_A,CCS1202,N_A,M,2008,2007,0,2007-06-22,INR,12185980000000
RBI:CSURYCOM_M_RN(1.0),N_A,CCS2,N_A,M,2008,2007,0,2007-06-22,INR,828520000000
RBI:CSURYCOM_M_RN(1.0),N_A,CCS1,N_A,M,2008,2007,0,2007-07-20,INR,26699620000000
RBI:CSURYCOM_M_RN(1.0),N_A,CCS11,N_A,M,2008,2007,0,2007-07-20,INR,3925200000000
RBI:CSURYCOM_M_RN(1.0),N_A,CCS12,N_A,M,2008,2007,0,2007-07-20,INR,22774410000000
RBI:CSURYCOM_M_RN(1.0),N_A,CCS1201,N_A,M,2008,2007,0,2007-07-20,INR,10248490000000
RBI:CSURYCOM_M_RN(1.0),N_A,CCS12011,N_A,M,2008,2007,0,2007-07-20,INR,1122980000000
RBI:CSURYCOM_M_RN(1.0),N_A,CCS12012,N_A,M,2008,2007,0,2007-07-20,INR,12525920000000
RBI:CSURYCOM_M_RN(1.0),N_A,CCS1202,N_A,M,2008,2007,0,2007-07-20,INR,12525930000000
RBI:CSURYCOM_M_RN(1.0),N_A,CCS2,N_A,M,2008,2007,0,2007-07-20,INR,826820000000
RBI:CSURYCOM_M_RN(1.0),N_A,CCS1,N_A,M,2008,2007,0,2007-08-31,INR,27134280000000
RBI:CSURYCOM_M_RN(1.0),N_A,CCS11,N_A,M,2008,2007,0,2007-08-31,INR,3938930000000
RBI:CSURYCOM_M_RN(1.0),N_A,CCS12,N_A,M,2008,2007,0,2007-08-31,INR,23195350000000
RBI:CSURYCOM_M_RN(1.0),N_A,CCS1201,N_A,M,2008,2007,0,2007-08-31,INR,10437910000000
RBI:CSURYCOM_M_RN(1.0),N_A,CCS12011,N_A,M,2008,2007,0,2007-08-31,INR,1242380000000
RBI:CSURYCOM_M_RN(1.0),N_A,CCS12012,N_A,M,2008,2007,0,2007-08-31,INR,12757440000000
RBI:CSURYCOM_M_RN(1.0),N_A,CCS1202,N_A,M,2008,2007,0,2007-08-31,INR,12757440000000
RBI:CSURYCOM_M_RN(1.0),N_A,CCS2,N_A,M,2008,2007,0,2007-08-31,INR,887790000000
RBI:CSURYCOM_M_RN(1.0),N_A,CCS1,N_A,M,2008,2007,0,2007-09-28,INR,28116560000000
RBI:CSURYCOM_M_RN(1.0),N_A,CCS11,N_A,M,2008,2007,0,2007-09-28,INR,4456040000000
RBI:CSURYCOM_M_RN(1.0),N_A,CCS12,N_A,M,2008,2007,0,2007-09-28,INR,23660520000000
RBI:CSURYCOM_M_RN(1.0),N_A,CCS1201,N_A,M,2008,2007,0,2007-09-28,INR,10647240000000
RBI:CSURYCOM_M_RN(1.0),N_A,CCS12011,N_A,M,2008,2007,0,2007-09-28,INR,1187100000000
RBI:CSURYCOM_M_RN(1.0),N_A,CCS12012,N_A,M,2008,2007,0,2007-09-28,INR,13013280000000
RBI:CSURYCOM_M_RN(1.0),N_A,CCS1202,N_A,M,2008,2007,0,2007-09-28,INR,13013290000000
RBI:CSURYCOM_M_RN(1.0),N_A,CCS2,N_A,M,2008,2007,0,2007-09-28,INR,886080000000
RBI:CSURYCOM_M_RN(1.0),N_A,CCS1,N_A,M,2008,2007,0,2007-10-26,INR,28156360000000
RBI:CSURYCOM_M_RN(1.0),N_A,CCS11,N_A,M,2008,2007,0,2007-10-26,INR,4098950000000
RBI:CSURYCOM_M_RN(1.0),N_A,CCS12,N_A,M,2008,2007,0,2007-10-26,INR,24057410000000
RBI:CSURYCOM_M_RN(1.0),N_A,CCS1201,N_A,M,2008,2007,0,2007-10-26,INR,10825840000000
RBI:CSURYCOM_M_RN(1.0),N_A,CCS12011,N_A,M,2008,2007,0,2007-10-26,INR,1354390000000
RBI:CSURYCOM_M_RN(1.0),N_A,CCS12012,N_A,M,2008,2007,0,2007-10-26,INR,13231570000000
RBI:CSURYCOM_M_RN(1.0),N_A,CCS1202,N_A,M,2008,2007,0,2007-10-26,INR,13231580000000
RBI:CSURYCOM_M_RN(1.0),N_A,CCS2,N_A,M,2008,2007,0,2007-10-26,INR,891700000000
RBI:CSURYCOM_M_RN(1.0),N_A,CCS1,N_A,M,2008,2007,0,2007-11-23,INR,28615020000000
RBI:CSURYCOM_M_RN(1.0),N_A,CCS11,N_A,M,2008,2007,0,2007-11-23,INR,4351160000000
RBI:CSURYCOM_M_RN(1.0),N_A,CCS12,N_A,M,2008,2007,0,2007-11-23,INR,24263860000000
RBI:CSURYCOM_M_RN(1.0),N_A,CCS1201,N_A,M,2008,2007,0,2007-11-23,INR,10918740000000
RBI:CSURYCOM_M_RN(1.0),N_A,CCS12011,N_A,M,2008,2007,0,2007-11-23,INR,1310540000000
RBI:CSURYCOM_M_RN(1.0),N_A,CCS12012,N_A,M,2008,2007,0,2007-11-23,INR,13345120000000
RBI:CSURYCOM_M_RN(1.0),N_A,CCS1202,N_A,M,2008,2007,0,2007-11-23,INR,13345120000000
RBI:CSURYCOM_M_RN(1.0),N_A,CCS2,N_A,M,2008,2007,0,2007-11-23,INR,889360000000
RBI:CSURYCOM_M_RN(1.0),N_A,CCS1,N_A,M,2008,2007,0,2007-12-21,INR,28792010000000
RBI:CSURYCOM_M_RN(1.0),N_A,CCS11,N_A,M,2008,2007,0,2007-12-21,INR,4377100000000
RBI:CSURYCOM_M_RN(1.0),N_A,CCS12,N_A,M,2008,2007,0,2007-12-21,INR,24414910000000
RBI:CSURYCOM_M_RN(1.0),N_A,CCS1201,N_A,M,2008,2007,0,2007-12-21,INR,10986710000000
RBI:CSURYCOM_M_RN(1.0),N_A,CCS12011,N_A,M,2008,2007,0,2007-12-21,INR,1267050000000
RBI:CSURYCOM_M_RN(1.0),N_A,CCS12012,N_A,M,2008,2007,0,2007-12-21,INR,13428200000000
RBI:CSURYCOM_M_RN(1.0),N_A,CCS1202,N_A,M,2008,2007,0,2007-12-21,INR,13428200000000
RBI:CSURYCOM_M_RN(1.0),N_A,CCS2,N_A,M,2008,2007,0,2007-12-21,INR,960490000000
RBI:CSURYCOM_M_RN(1.0),N_A,CCS1,N_A,M,2008,2007,0,2008-01-18,INR,29671930000000
RBI:CSURYCOM_M_RN(1.0),N_A,CCS11,N_A,M,2008,2007,0,2008-01-18,INR,4555500000000
RBI:CSURYCOM_M_RN(1.0),N_A,CCS12,N_A,M,2008,2007,0,2008-01-18,INR,25116430000000
RBI:CSURYCOM_M_RN(1.0),N_A,CCS1201,N_A,M,2008,2007,0,2008-01-18,INR,11302390000000
RBI:CSURYCOM_M_RN(1.0),N_A,CCS12011,N_A,M,2008,2007,0,2008-01-18,INR,1330940000000
RBI:CSURYCOM_M_RN(1.0),N_A,CCS12012,N_A,M,2008,2007,0,2008-01-18,INR,13814040000000
RBI:CSURYCOM_M_RN(1.0),N_A,CCS1202,N_A,M,2008,2007,0,2008-01-18,INR,13814040000000
RBI:CSURYCOM_M_RN(1.0),N_A,CCS2,N_A,M,2008,2007,0,2008-01-18,INR,955690000000
RBI:CSURYCOM_M_RN(1.0),N_A,CCS1,N_A,M,2008,2007,0,2008-02-29,INR,30310960000000
RBI:CSURYCOM_M_RN(1.0),N_A,CCS11,N_A,M,2008,2007,0,2008-02-29,INR,4597690000000
RBI:CSURYCOM_M_RN(1.0),N_A,CCS12,N_A,M,2008,2007,0,2008-02-29,INR,25713260000000
RBI:CSURYCOM_M_RN(1.0),N_A,CCS1201,N_A,M,2008,2007,0,2008-02-29,INR,11570970000000
RBI:CSURYCOM_M_RN(1.0),N_A,CCS12011,N_A,M,2008,2007,0,2008-02-29,INR,1484120000000
RBI:CSURYCOM_M_RN(1.0),N_A,CCS12012,N_A,M,2008,2007,0,2008-02-29,INR,14142290000000
RBI:CSURYCOM_M_RN(1.0),N_A,CCS1202,N_A,M,2008,2007,0,2008-02-29,INR,14142300000000
RBI:CSURYCOM_M_RN(1.0),N_A,CCS2,N_A,M,2008,2007,0,2008-02-29,INR,1091730000000
RBI:CSURYCOM_M_RN(1.0),N_A,CCS1,N_A,M,2008,2007,0,2008-03-28,INR,31400040000000
RBI:CSURYCOM_M_RN(1.0),N_A,CCS11,N_A,M,2008,2007,0,2008-03-28,INR,5243100000000
RBI:CSURYCOM_M_RN(1.0),N_A,CCS12,N_A,M,2008,2007,0,2008-03-28,INR,26156950000000
RBI:CSURYCOM_M_RN(1.0),N_A,CCS1201,N_A,M,2008,2007,0,2008-03-28,INR,11770630000000
RBI:CSURYCOM_M_RN(1.0),N_A,CCS12011,N_A,M,2008,2007,0,2008-03-28,INR,1666420000000
RBI:CSURYCOM_M_RN(1.0),N_A,CCS12012,N_A,M,2008,2007,0,2008-03-28,INR,14386320000000
RBI:CSURYCOM_M_RN(1.0),N_A,CCS1202,N_A,M,2008,2007,0,2008-03-28,INR,14386320000000
RBI:CSURYCOM_M_RN(1.0),N_A,CCS2,N_A,M,2008,2007,0,2008-03-28,INR,1065040000000
RBI:CSURYCOM_M_RN(1.0),N_A,CCS1,N_A,M,2009,2008,0,2008-04-25,INR,31448850000000
RBI:CSURYCOM_M_RN(1.0),N_A,CCS11,N_A,M,2009,2008,0,2008-04-25,INR,4615490000000
RBI:CSURYCOM_M_RN(1.0),N_A,CCS12,N_A,M,2009,2008,0,2008-04-25,INR,26833360000000
RBI:CSURYCOM_M_RN(1.0),N_A,CCS1201,N_A,M,2009,2008,0,2008-04-25,INR,12075010000000
RBI:CSURYCOM_M_RN(1.0),N_A,CCS12011,N_A,M,2009,2008,0,2008-04-25,INR,1709760000000
RBI:CSURYCOM_M_RN(1.0),N_A,CCS12012,N_A,M,2009,2008,0,2008-04-25,INR,14758350000000
RBI:CSURYCOM_M_RN(1.0),N_A,CCS1202,N_A,M,2009,2008,0,2008-04-25,INR,14758350000000
RBI:CSURYCOM_M_RN(1.0),N_A,CCS2,N_A,M,2009,2008,0,2008-04-25,INR,1011320000000
RBI:CSURYCOM_M_RN(1.0),N_A,CCS1,N_A,M,2009,2008,0,2008-05-23,INR,31777930000000
RBI:CSURYCOM_M_RN(1.0),N_A,CCS11,N_A,M,2009,2008,0,2008-05-23,INR,4516090000000
RBI:CSURYCOM_M_RN(1.0),N_A,CCS12,N_A,M,2009,2008,0,2008-05-23,INR,27261840000000
RBI:CSURYCOM_M_RN(1.0),N_A,CCS1201,N_A,M,2009,2008,0,2008-05-23,INR,12267830000000
RBI:CSURYCOM_M_RN(1.0),N_A,CCS12011,N_A,M,2009,2008,0,2008-05-23,INR,1752450000000
RBI:CSURYCOM_M_RN(1.0),N_A,CCS12012,N_A,M,2009,2008,0,2008-05-23,INR,14994010000000
RBI:CSURYCOM_M_RN(1.0),N_A,CCS1202,N_A,M,2009,2008,0,2008-05-23,INR,14994010000000
RBI:CSURYCOM_M_RN(1.0),N_A,CCS2,N_A,M,2009,2008,0,2008-05-23,INR,1040750000000
RBI:CSURYCOM_M_RN(1.0),N_A,CCS1,N_A,M,2009,2008,0,2008-06-20,INR,31931590000000
RBI:CSURYCOM_M_RN(1.0),N_A,CCS11,N_A,M,2009,2008,0,2008-06-20,INR,4466790000000
RBI:CSURYCOM_M_RN(1.0),N_A,CCS12,N_A,M,2009,2008,0,2008-06-20,INR,27464800000000
RBI:CSURYCOM_M_RN(1.0),N_A,CCS1201,N_A,M,2009,2008,0,2008-06-20,INR,12359160000000
RBI:CSURYCOM_M_RN(1.0),N_A,CCS12011,N_A,M,2009,2008,0,2008-06-20,INR,1641150000000
RBI:CSURYCOM_M_RN(1.0),N_A,CCS12012,N_A,M,2009,2008,0,2008-06-20,INR,15105640000000
RBI:CSURYCOM_M_RN(1.0),N_A,CCS1202,N_A,M,2009,2008,0,2008-06-20,INR,15105640000000
RBI:CSURYCOM_M_RN(1.0),N_A,CCS2,N_A,M,2009,2008,0,2008-06-20,INR,1053890000000
RBI:CSURYCOM_M_RN(1.0),N_A,CCS1,N_A,M,2009,2008,0,2008-07-18,INR,32337640000000
RBI:CSURYCOM_M_RN(1.0),N_A,CCS11,N_A,M,2009,2008,0,2008-07-18,INR,4453420000000
RBI:CSURYCOM_M_RN(1.0),N_A,CCS12,N_A,M,2009,2008,0,2008-07-18,INR,27884220000000
RBI:CSURYCOM_M_RN(1.0),N_A,CCS1201,N_A,M,2009,2008,0,2008-07-18,INR,12547900000000
RBI:CSURYCOM_M_RN(1.0),N_A,CCS12011,N_A,M,2009,2008,0,2008-07-18,INR,1597660000000
RBI:CSURYCOM_M_RN(1.0),N_A,CCS12012,N_A,M,2009,2008,0,2008-07-18,INR,15336320000000
RBI:CSURYCOM_M_RN(1.0),N_A,CCS1202,N_A,M,2009,2008,0,2008-07-18,INR,15336320000000
RBI:CSURYCOM_M_RN(1.0),N_A,CCS2,N_A,M,2009,2008,0,2008-07-18,INR,1014910000000
RBI:CSURYCOM_M_RN(1.0),N_A,CCS1,N_A,M,2009,2008,0,2008-08-29,INR,33276840000000
RBI:CSURYCOM_M_RN(1.0),N_A,CCS11,N_A,M,2009,2008,0,2008-08-29,INR,4692470000000
RBI:CSURYCOM_M_RN(1.0),N_A,CCS12,N_A,M,2009,2008,0,2008-08-29,INR,28584370000000
RBI:CSURYCOM_M_RN(1.0),N_A,CCS1201,N_A,M,2009,2008,0,2008-08-29,INR,12862970000000
RBI:CSURYCOM_M_RN(1.0),N_A,CCS12011,N_A,M,2009,2008,0,2008-08-29,INR,1770320000000
RBI:CSURYCOM_M_RN(1.0),N_A,CCS12012,N_A,M,2009,2008,0,2008-08-29,INR,15721400000000
RBI:CSURYCOM_M_RN(1.0),N_A,CCS1202,N_A,M,2009,2008,0,2008-08-29,INR,15721400000000
RBI:CSURYCOM_M_RN(1.0),N_A,CCS2,N_A,M,2009,2008,0,2008-08-29,INR,1064610000000
RBI:CSURYCOM_M_RN(1.0),N_A,CCS1,N_A,M,2009,2008,0,2008-09-26,INR,33764460000000
RBI:CSURYCOM_M_RN(1.0),N_A,CCS11,N_A,M,2009,2008,0,2008-09-26,INR,4988990000000
RBI:CSURYCOM_M_RN(1.0),N_A,CCS12,N_A,M,2009,2008,0,2008-09-26,INR,28775470000000
RBI:CSURYCOM_M_RN(1.0),N_A,CCS1201,N_A,M,2009,2008,0,2008-09-26,INR,12948960000000
RBI:CSURYCOM_M_RN(1.0),N_A,CCS12011,N_A,M,2009,2008,0,2008-09-26,INR,1675320000000
RBI:CSURYCOM_M_RN(1.0),N_A,CCS12012,N_A,M,2009,2008,0,2008-09-26,INR,15826510000000
RBI:CSURYCOM_M_RN(1.0),N_A,CCS1202,N_A,M,2009,2008,0,2008-09-26,INR,15826510000000
RBI:CSURYCOM_M_RN(1.0),N_A,CCS2,N_A,M,2009,2008,0,2008-09-26,INR,1124040000000
RBI:CSURYCOM_M_RN(1.0),N_A,CCS1,N_A,M,2009,2008,0,2008-10-24,INR,34254890000000
RBI:CSURYCOM_M_RN(1.0),N_A,CCS11,N_A,M,2009,2008,0,2008-10-24,INR,4641370000000
RBI:CSURYCOM_M_RN(1.0),N_A,CCS12,N_A,M,2009,2008,0,2008-10-24,INR,29613520000000
RBI:CSURYCOM_M_RN(1.0),N_A,CCS1201,N_A,M,2009,2008,0,2008-10-24,INR,13326090000000
RBI:CSURYCOM_M_RN(1.0),N_A,CCS12011,N_A,M,2009,2008,0,2008-10-24,INR,1592290000000
RBI:CSURYCOM_M_RN(1.0),N_A,CCS12012,N_A,M,2009,2008,0,2008-10-24,INR,16287430000000
RBI:CSURYCOM_M_RN(1.0),N_A,CCS1202,N_A,M,2009,2008,0,2008-10-24,INR,16287440000000
RBI:CSURYCOM_M_RN(1.0),N_A,CCS2,N_A,M,2009,2008,0,2008-10-24,INR,1139310000000
RBI:CSURYCOM_M_RN(1.0),N_A,CCS1,N_A,M,2009,2008,0,2008-11-21,INR,34537540000000
RBI:CSURYCOM_M_RN(1.0),N_A,CCS11,N_A,M,2009,2008,0,2008-11-21,INR,4432210000000
RBI:CSURYCOM_M_RN(1.0),N_A,CCS12,N_A,M,2009,2008,0,2008-11-21,INR,30105330000000
RBI:CSURYCOM_M_RN(1.0),N_A,CCS1201,N_A,M,2009,2008,0,2008-11-21,INR,13547400000000
RBI:CSURYCOM_M_RN(1.0),N_A,CCS12011,N_A,M,2009,2008,0,2008-11-21,INR,1512530000000
RBI:CSURYCOM_M_RN(1.0),N_A,CCS12012,N_A,M,2009,2008,0,2008-11-21,INR,16557930000000
RBI:CSURYCOM_M_RN(1.0),N_A,CCS1202,N_A,M,2009,2008,0,2008-11-21,INR,16557930000000
RBI:CSURYCOM_M_RN(1.0),N_A,CCS2,N_A,M,2009,2008,0,2008-11-21,INR,1115660000000
RBI:CSURYCOM_M_RN(1.0),N_A,CCS1,N_A,M,2009,2008,0,2008-12-19,INR,34879170000000
RBI:CSURYCOM_M_RN(1.0),N_A,CCS11,N_A,M,2009,2008,0,2008-12-19,INR,4384490000000
RBI:CSURYCOM_M_RN(1.0),N_A,CCS12,N_A,M,2009,2008,0,2008-12-19,INR,30494680000000
RBI:CSURYCOM_M_RN(1.0),N_A,CCS1201,N_A,M,2009,2008,0,2008-12-19,INR,13722600000000
RBI:CSURYCOM_M_RN(1.0),N_A,CCS12011,N_A,M,2009,2008,0,2008-12-19,INR,1494870000000
RBI:CSURYCOM_M_RN(1.0),N_A,CCS12012,N_A,M,2009,2008,0,2008-12-19,INR,16772080000000
RBI:CSURYCOM_M_RN(1.0),N_A,CCS1202,N_A,M,2009,2008,0,2008-12-19,INR,16772070000000
RBI:CSURYCOM_M_RN(1.0),N_A,CCS2,N_A,M,2009,2008,0,2008-12-19,INR,1117190000000
RBI:CSURYCOM_M_RN(1.0),N_A,CCS1,N_A,M,2009,2008,0,2009-01-30,INR,36045070000000
RBI:CSURYCOM_M_RN(1.0),N_A,CCS11,N_A,M,2009,2008,0,2009-01-30,INR,4624610000000
RBI:CSURYCOM_M_RN(1.0),N_A,CCS12,N_A,M,2009,2008,0,2009-01-30,INR,31420460000000
RBI:CSURYCOM_M_RN(1.0),N_A,CCS1201,N_A,M,2009,2008,0,2009-01-30,INR,14139210000000
RBI:CSURYCOM_M_RN(1.0),N_A,CCS12011,N_A,M,2009,2008,0,2009-01-30,INR,1682080000000
RBI:CSURYCOM_M_RN(1.0),N_A,CCS12012,N_A,M,2009,2008,0,2009-01-30,INR,17281250000000
RBI:CSURYCOM_M_RN(1.0),N_A,CCS1202,N_A,M,2009,2008,0,2009-01-30,INR,17281250000000
RBI:CSURYCOM_M_RN(1.0),N_A,CCS2,N_A,M,2009,2008,0,2009-01-30,INR,1141780000000
RBI:CSURYCOM_M_RN(1.0),N_A,CCS1,N_A,M,2009,2008,0,2009-02-27,INR,36677590000000
RBI:CSURYCOM_M_RN(1.0),N_A,CCS11,N_A,M,2009,2008,0,2009-02-27,INR,4757910000000
RBI:CSURYCOM_M_RN(1.0),N_A,CCS12,N_A,M,2009,2008,0,2009-02-27,INR,31919670000000
RBI:CSURYCOM_M_RN(1.0),N_A,CCS1201,N_A,M,2009,2008,0,2009-02-27,INR,14363850000000
RBI:CSURYCOM_M_RN(1.0),N_A,CCS12011,N_A,M,2009,2008,0,2009-02-27,INR,1818520000000
RBI:CSURYCOM_M_RN(1.0),N_A,CCS12012,N_A,M,2009,2008,0,2009-02-27,INR,17555820000000
RBI:CSURYCOM_M_RN(1.0),N_A,CCS1202,N_A,M,2009,2008,0,2009-02-27,INR,17555820000000
RBI:CSURYCOM_M_RN(1.0),N_A,CCS2,N_A,M,2009,2008,0,2009-02-27,INR,1152440000000
RBI:CSURYCOM_M_RN(1.0),N_A,CCS1,N_A,M,2009,2008,0,2009-03-27,INR,37668420000000
RBI:CSURYCOM_M_RN(1.0),N_A,CCS11,N_A,M,2009,2008,0,2009-03-27,INR,5230850000000
RBI:CSURYCOM_M_RN(1.0),N_A,CCS12,N_A,M,2009,2008,0,2009-03-27,INR,32437570000000
RBI:CSURYCOM_M_RN(1.0),N_A,CCS1201,N_A,M,2009,2008,0,2009-03-27,INR,14596910000000
RBI:CSURYCOM_M_RN(1.0),N_A,CCS12011,N_A,M,2009,2008,0,2009-03-27,INR,1989310000000
RBI:CSURYCOM_M_RN(1.0),N_A,CCS12012,N_A,M,2009,2008,0,2009-03-27,INR,17840660000000
RBI:CSURYCOM_M_RN(1.0),N_A,CCS1202,N_A,M,2009,2008,0,2009-03-27,INR,17840670000000
RBI:CSURYCOM_M_RN(1.0),N_A,CCS2,N_A,M,2009,2008,0,2009-03-27,INR,1139360000000
RBI:CSURYCOM_M_RN(1.0),N_A,CCS1,N_A,M,2010,2009,0,2009-04-24,INR,38522330000000
RBI:CSURYCOM_M_RN(1.0),N_A,CCS11,N_A,M,2010,2009,0,2009-04-24,INR,5013410000000
RBI:CSURYCOM_M_RN(1.0),N_A,CCS12,N_A,M,2010,2009,0,2009-04-24,INR,33508920000000
RBI:CSURYCOM_M_RN(1.0),N_A,CCS1201,N_A,M,2010,2009,0,2009-04-24,INR,15079020000000
RBI:CSURYCOM_M_RN(1.0),N_A,CCS12011,N_A,M,2010,2009,0,2009-04-24,INR,2193790000000
RBI:CSURYCOM_M_RN(1.0),N_A,CCS12012,N_A,M,2010,2009,0,2009-04-24,INR,18429900000000
RBI:CSURYCOM_M_RN(1.0),N_A,CCS1202,N_A,M,2010,2009,0,2009-04-24,INR,18429910000000
RBI:CSURYCOM_M_RN(1.0),N_A,CCS2,N_A,M,2010,2009,0,2009-04-24,INR,1041110000000
RBI:CSURYCOM_M_RN(1.0),N_A,CCS1,N_A,M,2010,2009,0,2009-05-22,INR,38994450000000
RBI:CSURYCOM_M_RN(1.0),N_A,CCS11,N_A,M,2010,2009,0,2009-05-22,INR,5084020000000
RBI:CSURYCOM_M_RN(1.0),N_A,CCS12,N_A,M,2010,2009,0,2009-05-22,INR,33910430000000
RBI:CSURYCOM_M_RN(1.0),N_A,CCS1201,N_A,M,2010,2009,0,2009-05-22,INR,15259690000000
RBI:CSURYCOM_M_RN(1.0),N_A,CCS12011,N_A,M,2010,2009,0,2009-05-22,INR,2294200000000
RBI:CSURYCOM_M_RN(1.0),N_A,CCS12012,N_A,M,2010,2009,0,2009-05-22,INR,18650740000000
RBI:CSURYCOM_M_RN(1.0),N_A,CCS1202,N_A,M,2010,2009,0,2009-05-22,INR,18650730000000
RBI:CSURYCOM_M_RN(1.0),N_A,CCS2,N_A,M,2010,2009,0,2009-05-22,INR,1044300000000
RBI:CSURYCOM_M_RN(1.0),N_A,CCS1,N_A,M,2010,2009,0,2009-06-19,INR,38974420000000
RBI:CSURYCOM_M_RN(1.0),N_A,CCS11,N_A,M,2010,2009,0,2009-06-19,INR,4901620000000
RBI:CSURYCOM_M_RN(1.0),N_A,CCS12,N_A,M,2010,2009,0,2009-06-19,INR,34072790000000
RBI:CSURYCOM_M_RN(1.0),N_A,CCS1201,N_A,M,2010,2009,0,2009-06-19,INR,15332760000000
RBI:CSURYCOM_M_RN(1.0),N_A,CCS12011,N_A,M,2010,2009,0,2009-06-19,INR,2220050000000
RBI:CSURYCOM_M_RN(1.0),N_A,CCS12012,N_A,M,2010,2009,0,2009-06-19,INR,18740030000000
RBI:CSURYCOM_M_RN(1.0),N_A,CCS1202,N_A,M,2010,2009,0,2009-06-19,INR,18740040000000
RBI:CSURYCOM_M_RN(1.0),N_A,CCS2,N_A,M,2010,2009,0,2009-06-19,INR,981500000000
RBI:CSURYCOM_M_RN(1.0),N_A,CCS1,N_A,M,2010,2009,0,2009-07-31,INR,40018490000000
RBI:CSURYCOM_M_RN(1.0),N_A,CCS11,N_A,M,2010,2009,0,2009-07-31,INR,5281710000000
RBI:CSURYCOM_M_RN(1.0),N_A,CCS12,N_A,M,2010,2009,0,2009-07-31,INR,34736780000000
RBI:CSURYCOM_M_RN(1.0),N_A,CCS1201,N_A,M,2010,2009,0,2009-07-31,INR,15631550000000
RBI:CSURYCOM_M_RN(1.0),N_A,CCS12011,N_A,M,2010,2009,0,2009-07-31,INR,2421050000000
RBI:CSURYCOM_M_RN(1.0),N_A,CCS12012,N_A,M,2010,2009,0,2009-07-31,INR,19105230000000
RBI:CSURYCOM_M_RN(1.0),N_A,CCS1202,N_A,M,2010,2009,0,2009-07-31,INR,19105230000000
RBI:CSURYCOM_M_RN(1.0),N_A,CCS2,N_A,M,2010,2009,0,2009-07-31,INR,1027990000000
RBI:CSURYCOM_M_RN(1.0),N_A,CCS1,N_A,M,2010,2009,0,2009-08-28,INR,40115900000000
RBI:CSURYCOM_M_RN(1.0),N_A,CCS11,N_A,M,2010,2009,0,2009-08-28,INR,5378350000000
RBI:CSURYCOM_M_RN(1.0),N_A,CCS12,N_A,M,2010,2009,0,2009-08-28,INR,34737550000000
RBI:CSURYCOM_M_RN(1.0),N_A,CCS1201,N_A,M,2010,2009,0,2009-08-28,INR,15631900000000
RBI:CSURYCOM_M_RN(1.0),N_A,CCS12011,N_A,M,2010,2009,0,2009-08-28,INR,2337030000000
RBI:CSURYCOM_M_RN(1.0),N_A,CCS12012,N_A,M,2010,2009,0,2009-08-28,INR,19105650000000
RBI:CSURYCOM_M_RN(1.0),N_A,CCS1202,N_A,M,2010,2009,0,2009-08-28,INR,19105650000000
RBI:CSURYCOM_M_RN(1.0),N_A,CCS2,N_A,M,2010,2009,0,2009-08-28,INR,1180670000000
RBI:CSURYCOM_M_RN(1.0),N_A,CCS1,N_A,M,2010,2009,0,2009-09-25,INR,40501150000000
RBI:CSURYCOM_M_RN(1.0),N_A,CCS11,N_A,M,2010,2009,0,2009-09-25,INR,5546600000000
RBI:CSURYCOM_M_RN(1.0),N_A,CCS12,N_A,M,2010,2009,0,2009-09-25,INR,34954550000000
RBI:CSURYCOM_M_RN(1.0),N_A,CCS1201,N_A,M,2010,2009,0,2009-09-25,INR,15729550000000
RBI:CSURYCOM_M_RN(1.0),N_A,CCS12011,N_A,M,2010,2009,0,2009-09-25,INR,2198300000000
RBI:CSURYCOM_M_RN(1.0),N_A,CCS12012,N_A,M,2010,2009,0,2009-09-25,INR,19225000000000
RBI:CSURYCOM_M_RN(1.0),N_A,CCS1202,N_A,M,2010,2009,0,2009-09-25,INR,19225000000000
RBI:CSURYCOM_M_RN(1.0),N_A,CCS2,N_A,M,2010,2009,0,2009-09-25,INR,944420000000
RBI:CSURYCOM_M_RN(1.0),N_A,CCS1,N_A,M,2010,2009,0,2009-10-23,INR,40873990000000
RBI:CSURYCOM_M_RN(1.0),N_A,CCS11,N_A,M,2010,2009,0,2009-10-23,INR,5353320000000
RBI:CSURYCOM_M_RN(1.0),N_A,CCS12,N_A,M,2010,2009,0,2009-10-23,INR,35520670000000
RBI:CSURYCOM_M_RN(1.0),N_A,CCS1201,N_A,M,2010,2009,0,2009-10-23,INR,15984300000000
RBI:CSURYCOM_M_RN(1.0),N_A,CCS12011,N_A,M,2010,2009,0,2009-10-23,INR,2314130000000
RBI:CSURYCOM_M_RN(1.0),N_A,CCS12012,N_A,M,2010,2009,0,2009-10-23,INR,19536370000000
RBI:CSURYCOM_M_RN(1.0),N_A,CCS1202,N_A,M,2010,2009,0,2009-10-23,INR,19536370000000
RBI:CSURYCOM_M_RN(1.0),N_A,CCS2,N_A,M,2010,2009,0,2009-10-23,INR,1007360000000
RBI:CSURYCOM_M_RN(1.0),N_A,CCS1,N_A,M,2010,2009,0,2009-11-20,INR,41196150000000
RBI:CSURYCOM_M_RN(1.0),N_A,CCS11,N_A,M,2010,2009,0,2009-11-20,INR,5199780000000
RBI:CSURYCOM_M_RN(1.0),N_A,CCS12,N_A,M,2010,2009,0,2009-11-20,INR,35996370000000
RBI:CSURYCOM_M_RN(1.0),N_A,CCS1201,N_A,M,2010,2009,0,2009-11-20,INR,16198370000000
RBI:CSURYCOM_M_RN(1.0),N_A,CCS12011,N_A,M,2010,2009,0,2009-11-20,INR,2475410000000
RBI:CSURYCOM_M_RN(1.0),N_A,CCS12012,N_A,M,2010,2009,0,2009-11-20,INR,19798000000000
RBI:CSURYCOM_M_RN(1.0),N_A,CCS1202,N_A,M,2010,2009,0,2009-11-20,INR,19798010000000
RBI:CSURYCOM_M_RN(1.0),N_A,CCS2,N_A,M,2010,2009,0,2009-11-20,INR,982380000000
RBI:CSURYCOM_M_RN(1.0),N_A,CCS1,N_A,M,2010,2009,0,2009-12-18,INR,41154790000000
RBI:CSURYCOM_M_RN(1.0),N_A,CCS11,N_A,M,2010,2009,0,2009-12-18,INR,5255160000000
RBI:CSURYCOM_M_RN(1.0),N_A,CCS12,N_A,M,2010,2009,0,2009-12-18,INR,35899630000000
RBI:CSURYCOM_M_RN(1.0),N_A,CCS1201,N_A,M,2010,2009,0,2009-12-18,INR,16154830000000
RBI:CSURYCOM_M_RN(1.0),N_A,CCS12011,N_A,M,2010,2009,0,2009-12-18,INR,2507560000000
RBI:CSURYCOM_M_RN(1.0),N_A,CCS12012,N_A,M,2010,2009,0,2009-12-18,INR,19744800000000
RBI:CSURYCOM_M_RN(1.0),N_A,CCS1202,N_A,M,2010,2009,0,2009-12-18,INR,19744790000000
RBI:CSURYCOM_M_RN(1.0),N_A,CCS2,N_A,M,2010,2009,0,2009-12-18,INR,1138580000000
RBI:CSURYCOM_M_RN(1.0),N_A,CCS1,N_A,M,2010,2009,0,2010-01-29,INR,42313930000000
RBI:CSURYCOM_M_RN(1.0),N_A,CCS11,N_A,M,2010,2009,0,2010-01-29,INR,5632630000000
RBI:CSURYCOM_M_RN(1.0),N_A,CCS12,N_A,M,2010,2009,0,2010-01-29,INR,36681300000000
RBI:CSURYCOM_M_RN(1.0),N_A,CCS1201,N_A,M,2010,2009,0,2010-01-29,INR,16506590000000
RBI:CSURYCOM_M_RN(1.0),N_A,CCS12011,N_A,M,2010,2009,0,2010-01-29,INR,2822010000000
RBI:CSURYCOM_M_RN(1.0),N_A,CCS12012,N_A,M,2010,2009,0,2010-01-29,INR,20174710000000
RBI:CSURYCOM_M_RN(1.0),N_A,CCS1202,N_A,M,2010,2009,0,2010-01-29,INR,20174720000000
RBI:CSURYCOM_M_RN(1.0),N_A,CCS2,N_A,M,2010,2009,0,2010-01-29,INR,1032020000000
RBI:CSURYCOM_M_RN(1.0),N_A,CCS1,N_A,M,2010,2009,0,2010-02-26,INR,43006340000000
RBI:CSURYCOM_M_RN(1.0),N_A,CCS11,N_A,M,2010,2009,0,2010-02-26,INR,5714640000000
RBI:CSURYCOM_M_RN(1.0),N_A,CCS12,N_A,M,2010,2009,0,2010-02-26,INR,37291700000000
RBI:CSURYCOM_M_RN(1.0),N_A,CCS1201,N_A,M,2010,2009,0,2010-02-26,INR,16781270000000
RBI:CSURYCOM_M_RN(1.0),N_A,CCS12011,N_A,M,2010,2009,0,2010-02-26,INR,3133030000000
RBI:CSURYCOM_M_RN(1.0),N_A,CCS12012,N_A,M,2010,2009,0,2010-02-26,INR,20510430000000
RBI:CSURYCOM_M_RN(1.0),N_A,CCS1202,N_A,M,2010,2009,0,2010-02-26,INR,20510440000000
RBI:CSURYCOM_M_RN(1.0),N_A,CCS2,N_A,M,2010,2009,0,2010-02-26,INR,1054860000000
RBI:CSURYCOM_M_RN(1.0),N_A,CCS1,N_A,M,2010,2009,0,2010-03-26,INR,44278240000000
RBI:CSURYCOM_M_RN(1.0),N_A,CCS11,N_A,M,2010,2009,0,2010-03-26,INR,6456100000000
RBI:CSURYCOM_M_RN(1.0),N_A,CCS12,N_A,M,2010,2009,0,2010-03-26,INR,37822140000000
RBI:CSURYCOM_M_RN(1.0),N_A,CCS1201,N_A,M,2010,2009,0,2010-03-26,INR,17019960000000
RBI:CSURYCOM_M_RN(1.0),N_A,CCS12011,N_A,M,2010,2009,0,2010-03-26,INR,3431030000000
RBI:CSURYCOM_M_RN(1.0),N_A,CCS12012,N_A,M,2010,2009,0,2010-03-26,INR,20802180000000
RBI:CSURYCOM_M_RN(1.0),N_A,CCS1202,N_A,M,2010,2009,0,2010-03-26,INR,20802180000000
RBI:CSURYCOM_M_RN(1.0),N_A,CCS2,N_A,M,2010,2009,0,2010-03-26,INR,1042780000000
RBI:CSURYCOM_M_RN(1.0),N_A,CCS1,N_A,M,2011,2010,0,2010-04-23,INR,44462090000000
RBI:CSURYCOM_M_RN(1.0),N_A,CCS11,N_A,M,2011,2010,0,2010-04-23,INR,5829650000000
RBI:CSURYCOM_M_RN(1.0),N_A,CCS12,N_A,M,2011,2010,0,2010-04-23,INR,38632440000000
RBI:CSURYCOM_M_RN(1.0),N_A,CCS1201,N_A,M,2011,2010,0,2010-04-23,INR,17384600000000
RBI:CSURYCOM_M_RN(1.0),N_A,CCS12011,N_A,M,2011,2010,0,2010-04-23,INR,3406920000000
RBI:CSURYCOM_M_RN(1.0),N_A,CCS12012,N_A,M,2011,2010,0,2010-04-23,INR,21247840000000
RBI:CSURYCOM_M_RN(1.0),N_A,CCS1202,N_A,M,2011,2010,0,2010-04-23,INR,21247840000000
RBI:CSURYCOM_M_RN(1.0),N_A,CCS2,N_A,M,2011,2010,0,2010-04-23,INR,1158310000000
RBI:CSURYCOM_M_RN(1.0),N_A,CCS1,N_A,M,2011,2010,0,2010-05-21,INR,44654260000000
RBI:CSURYCOM_M_RN(1.0),N_A,CCS11,N_A,M,2011,2010,0,2010-05-21,INR,5740060000000
RBI:CSURYCOM_M_RN(1.0),N_A,CCS12,N_A,M,2011,2010,0,2010-05-21,INR,38914210000000
RBI:CSURYCOM_M_RN(1.0),N_A,CCS1201,N_A,M,2011,2010,0,2010-05-21,INR,17511390000000
RBI:CSURYCOM_M_RN(1.0),N_A,CCS12011,N_A,M,2011,2010,0,2010-05-21,INR,3444780000000
RBI:CSURYCOM_M_RN(1.0),N_A,CCS12012,N_A,M,2011,2010,0,2010-05-21,INR,21402820000000
RBI:CSURYCOM_M_RN(1.0),N_A,CCS1202,N_A,M,2011,2010,0,2010-05-21,INR,21402810000000
RBI:CSURYCOM_M_RN(1.0),N_A,CCS2,N_A,M,2011,2010,0,2010-05-21,INR,1151920000000
RBI:CSURYCOM_M_RN(1.0),N_A,CCS1,N_A,M,2011,2010,0,2010-06-18,INR,44547040000000
RBI:CSURYCOM_M_RN(1.0),N_A,CCS11,N_A,M,2011,2010,0,2010-06-18,INR,5708000000000
RBI:CSURYCOM_M_RN(1.0),N_A,CCS12,N_A,M,2011,2010,0,2010-06-18,INR,38839050000000
RBI:CSURYCOM_M_RN(1.0),N_A,CCS1201,N_A,M,2011,2010,0,2010-06-18,INR,17477570000000
RBI:CSURYCOM_M_RN(1.0),N_A,CCS12011,N_A,M,2011,2010,0,2010-06-18,INR,3269650000000
RBI:CSURYCOM_M_RN(1.0),N_A,CCS12012,N_A,M,2011,2010,0,2010-06-18,INR,21361480000000
RBI:CSURYCOM_M_RN(1.0),N_A,CCS1202,N_A,M,2011,2010,0,2010-06-18,INR,21361480000000
RBI:CSURYCOM_M_RN(1.0),N_A,CCS2,N_A,M,2011,2010,0,2010-06-18,INR,1205120000000
RBI:CSURYCOM_M_RN(1.0),N_A,CCS1,N_A,M,2011,2010,0,2010-07-30,INR,46061390000000
RBI:CSURYCOM_M_RN(1.0),N_A,CCS11,N_A,M,2011,2010,0,2010-07-30,INR,6216340000000
RBI:CSURYCOM_M_RN(1.0),N_A,CCS12,N_A,M,2011,2010,0,2010-07-30,INR,39845050000000
RBI:CSURYCOM_M_RN(1.0),N_A,CCS1201,N_A,M,2011,2010,0,2010-07-30,INR,17930270000000
RBI:CSURYCOM_M_RN(1.0),N_A,CCS12011,N_A,M,2011,2010,0,2010-07-30,INR,3291920000000
RBI:CSURYCOM_M_RN(1.0),N_A,CCS12012,N_A,M,2011,2010,0,2010-07-30,INR,21914780000000
RBI:CSURYCOM_M_RN(1.0),N_A,CCS1202,N_A,M,2011,2010,0,2010-07-30,INR,21914780000000
RBI:CSURYCOM_M_RN(1.0),N_A,CCS2,N_A,M,2011,2010,0,2010-07-30,INR,1288320000000
RBI:CSURYCOM_M_RN(1.0),N_A,CCS1,N_A,M,2011,2010,0,2010-08-27,INR,46045000000000
RBI:CSURYCOM_M_RN(1.0),N_A,CCS11,N_A,M,2011,2010,0,2010-08-27,INR,6046710000000
RBI:CSURYCOM_M_RN(1.0),N_A,CCS12,N_A,M,2011,2010,0,2010-08-27,INR,39998290000000
RBI:CSURYCOM_M_RN(1.0),N_A,CCS1201,N_A,M,2011,2010,0,2010-08-27,INR,17999230000000
RBI:CSURYCOM_M_RN(1.0),N_A,CCS12011,N_A,M,2011,2010,0,2010-08-27,INR,3482460000000
RBI:CSURYCOM_M_RN(1.0),N_A,CCS12012,N_A,M,2011,2010,0,2010-08-27,INR,21999060000000
RBI:CSURYCOM_M_RN(1.0),N_A,CCS1202,N_A,M,2011,2010,0,2010-08-27,INR,21999060000000
RBI:CSURYCOM_M_RN(1.0),N_A,CCS2,N_A,M,2011,2010,0,2010-08-27,INR,1289610000000
RBI:CSURYCOM_M_RN(1.0),N_A,CCS1,N_A,M,2011,2010,0,2010-09-24,INR,46424200000000
RBI:CSURYCOM_M_RN(1.0),N_A,CCS11,N_A,M,2011,2010,0,2010-09-24,INR,6161310000000
RBI:CSURYCOM_M_RN(1.0),N_A,CCS12,N_A,M,2011,2010,0,2010-09-24,INR,40262890000000
RBI:CSURYCOM_M_RN(1.0),N_A,CCS1201,N_A,M,2011,2010,0,2010-09-24,INR,18118300000000
RBI:CSURYCOM_M_RN(1.0),N_A,CCS12011,N_A,M,2011,2010,0,2010-09-24,INR,3434690000000
RBI:CSURYCOM_M_RN(1.0),N_A,CCS12012,N_A,M,2011,2010,0,2010-09-24,INR,22144590000000
RBI:CSURYCOM_M_RN(1.0),N_A,CCS1202,N_A,M,2011,2010,0,2010-09-24,INR,22144590000000
RBI:CSURYCOM_M_RN(1.0),N_A,CCS2,N_A,M,2011,2010,0,2010-09-24,INR,1199550000000
RBI:CSURYCOM_M_RN(1.0),N_A,CCS1,N_A,M,2011,2010,0,2010-10-22,INR,48091190000000
RBI:CSURYCOM_M_RN(1.0),N_A,CCS11,N_A,M,2011,2010,0,2010-10-22,INR,6572830000000
RBI:CSURYCOM_M_RN(1.0),N_A,CCS12,N_A,M,2011,2010,0,2010-10-22,INR,41518360000000
RBI:CSURYCOM_M_RN(1.0),N_A,CCS1201,N_A,M,2011,2010,0,2010-10-22,INR,18683260000000
RBI:CSURYCOM_M_RN(1.0),N_A,CCS12011,N_A,M,2011,2010,0,2010-10-22,INR,3499040000000
RBI:CSURYCOM_M_RN(1.0),N_A,CCS12012,N_A,M,2011,2010,0,2010-10-22,INR,22835100000000
RBI:CSURYCOM_M_RN(1.0),N_A,CCS1202,N_A,M,2011,2010,0,2010-10-22,INR,22835100000000
RBI:CSURYCOM_M_RN(1.0),N_A,CCS2,N_A,M,2011,2010,0,2010-10-22,INR,1142250000000
RBI:CSURYCOM_M_RN(1.0),N_A,CCS1,N_A,M,2011,2010,0,2010-11-19,INR,47830820000000
RBI:CSURYCOM_M_RN(1.0),N_A,CCS11,N_A,M,2011,2010,0,2010-11-19,INR,6379640000000
RBI:CSURYCOM_M_RN(1.0),N_A,CCS12,N_A,M,2011,2010,0,2010-11-19,INR,41451180000000
RBI:CSURYCOM_M_RN(1.0),N_A,CCS1201,N_A,M,2011,2010,0,2010-11-19,INR,18653030000000
RBI:CSURYCOM_M_RN(1.0),N_A,CCS12011,N_A,M,2011,2010,0,2010-11-19,INR,3395450000000
RBI:CSURYCOM_M_RN(1.0),N_A,CCS12012,N_A,M,2011,2010,0,2010-11-19,INR,22798150000000
RBI:CSURYCOM_M_RN(1.0),N_A,CCS1202,N_A,M,2011,2010,0,2010-11-19,INR,22798150000000
RBI:CSURYCOM_M_RN(1.0),N_A,CCS2,N_A,M,2011,2010,0,2010-11-19,INR,1133280000000
RBI:CSURYCOM_M_RN(1.0),N_A,CCS1,N_A,M,2011,2010,0,2010-12-31,INR,49175690000000
RBI:CSURYCOM_M_RN(1.0),N_A,CCS11,N_A,M,2011,2010,0,2010-12-31,INR,6444350000000
RBI:CSURYCOM_M_RN(1.0),N_A,CCS12,N_A,M,2011,2010,0,2010-12-31,INR,42731340000000
RBI:CSURYCOM_M_RN(1.0),N_A,CCS1201,N_A,M,2011,2010,0,2010-12-31,INR,19229100000000
RBI:CSURYCOM_M_RN(1.0),N_A,CCS12011,N_A,M,2011,2010,0,2010-12-31,INR,3676380000000
RBI:CSURYCOM_M_RN(1.0),N_A,CCS12012,N_A,M,2011,2010,0,2010-12-31,INR,23502240000000
RBI:CSURYCOM_M_RN(1.0),N_A,CCS1202,N_A,M,2011,2010,0,2010-12-31,INR,23502240000000
RBI:CSURYCOM_M_RN(1.0),N_A,CCS2,N_A,M,2011,2010,0,2010-12-31,INR,1168930000000
RBI:CSURYCOM_M_RN(1.0),N_A,CCS1,N_A,M,2011,2010,0,2011-01-28,INR,49170220000000
RBI:CSURYCOM_M_RN(1.0),N_A,CCS11,N_A,M,2011,2010,0,2011-01-28,INR,5908230000000
RBI:CSURYCOM_M_RN(1.0),N_A,CCS12,N_A,M,2011,2010,0,2011-01-28,INR,43261990000000
RBI:CSURYCOM_M_RN(1.0),N_A,CCS1201,N_A,M,2011,2010,0,2011-01-28,INR,19467890000000
RBI:CSURYCOM_M_RN(1.0),N_A,CCS12011,N_A,M,2011,2010,0,2011-01-28,INR,3842070000000
RBI:CSURYCOM_M_RN(1.0),N_A,CCS12012,N_A,M,2011,2010,0,2011-01-28,INR,23794100000000
RBI:CSURYCOM_M_RN(1.0),N_A,CCS1202,N_A,M,2011,2010,0,2011-01-28,INR,23794090000000
RBI:CSURYCOM_M_RN(1.0),N_A,CCS2,N_A,M,2011,2010,0,2011-01-28,INR,1234960000000
RBI:CSURYCOM_M_RN(1.0),N_A,CCS1,N_A,M,2011,2010,0,2011-02-25,INR,50177190000000
RBI:CSURYCOM_M_RN(1.0),N_A,CCS11,N_A,M,2011,2010,0,2011-02-25,INR,6040500000000
RBI:CSURYCOM_M_RN(1.0),N_A,CCS12,N_A,M,2011,2010,0,2011-02-25,INR,44136690000000
RBI:CSURYCOM_M_RN(1.0),N_A,CCS1201,N_A,M,2011,2010,0,2011-02-25,INR,19861510000000
RBI:CSURYCOM_M_RN(1.0),N_A,CCS12011,N_A,M,2011,2010,0,2011-02-25,INR,4263480000000
RBI:CSURYCOM_M_RN(1.0),N_A,CCS12012,N_A,M,2011,2010,0,2011-02-25,INR,24275180000000
RBI:CSURYCOM_M_RN(1.0),N_A,CCS1202,N_A,M,2011,2010,0,2011-02-25,INR,24275180000000
RBI:CSURYCOM_M_RN(1.0),N_A,CCS2,N_A,M,2011,2010,0,2011-02-25,INR,1235620000000
RBI:CSURYCOM_M_RN(1.0),N_A,CCS1,N_A,M,2011,2010,0,2011-03-25,INR,51378930000000
RBI:CSURYCOM_M_RN(1.0),N_A,CCS11,N_A,M,2011,2010,0,2011-03-25,INR,6417050000000
RBI:CSURYCOM_M_RN(1.0),N_A,CCS12,N_A,M,2011,2010,0,2011-03-25,INR,44961870000000
RBI:CSURYCOM_M_RN(1.0),N_A,CCS1201,N_A,M,2011,2010,0,2011-03-25,INR,20232840000000
RBI:CSURYCOM_M_RN(1.0),N_A,CCS12011,N_A,M,2011,2010,0,2011-03-25,INR,4320380000000
RBI:CSURYCOM_M_RN(1.0),N_A,CCS12012,N_A,M,2011,2010,0,2011-03-25,INR,24729030000000
RBI:CSURYCOM_M_RN(1.0),N_A,CCS1202,N_A,M,2011,2010,0,2011-03-25,INR,24729030000000
RBI:CSURYCOM_M_RN(1.0),N_A,CCS2,N_A,M,2011,2010,0,2011-03-25,INR,1313410000000
RBI:CSURYCOM_M_RN(1.0),N_A,CCS1,N_A,M,2012,2011,0,2011-04-22,INR,52527320000000
RBI:CSURYCOM_M_RN(1.0),N_A,CCS11,N_A,M,2012,2011,0,2011-04-22,INR,5856310000000
RBI:CSURYCOM_M_RN(1.0),N_A,CCS12,N_A,M,2012,2011,0,2011-04-22,INR,46671010000000
RBI:CSURYCOM_M_RN(1.0),N_A,CCS1201,N_A,M,2012,2011,0,2011-04-22,INR,21001950000000
RBI:CSURYCOM_M_RN(1.0),N_A,CCS12011,N_A,M,2012,2011,0,2011-04-22,INR,4538950000000
RBI:CSURYCOM_M_RN(1.0),N_A,CCS12012,N_A,M,2012,2011,0,2011-04-22,INR,25669060000000
RBI:CSURYCOM_M_RN(1.0),N_A,CCS1202,N_A,M,2012,2011,0,2011-04-22,INR,25669060000000
RBI:CSURYCOM_M_RN(1.0),N_A,CCS2,N_A,M,2012,2011,0,2011-04-22,INR,1317720000000
RBI:CSURYCOM_M_RN(1.0),N_A,CCS1,N_A,M,2012,2011,0,2011-05-20,INR,52509900000000
RBI:CSURYCOM_M_RN(1.0),N_A,CCS11,N_A,M,2012,2011,0,2011-05-20,INR,5629500000000
RBI:CSURYCOM_M_RN(1.0),N_A,CCS12,N_A,M,2012,2011,0,2011-05-20,INR,46880400000000
RBI:CSURYCOM_M_RN(1.0),N_A,CCS1201,N_A,M,2012,2011,0,2011-05-20,INR,21096180000000
RBI:CSURYCOM_M_RN(1.0),N_A,CCS12011,N_A,M,2012,2011,0,2011-05-20,INR,4293010000000
RBI:CSURYCOM_M_RN(1.0),N_A,CCS12012,N_A,M,2012,2011,0,2011-05-20,INR,25784220000000
RBI:CSURYCOM_M_RN(1.0),N_A,CCS1202,N_A,M,2012,2011,0,2011-05-20,INR,25784220000000
RBI:CSURYCOM_M_RN(1.0),N_A,CCS2,N_A,M,2012,2011,0,2011-05-20,INR,1365350000000
RBI:CSURYCOM_M_RN(1.0),N_A,CCS1,N_A,M,2012,2011,0,2011-06-17,INR,52754270000000
RBI:CSURYCOM_M_RN(1.0),N_A,CCS11,N_A,M,2012,2011,0,2011-06-17,INR,5504160000000
RBI:CSURYCOM_M_RN(1.0),N_A,CCS12,N_A,M,2012,2011,0,2011-06-17,INR,47250110000000
RBI:CSURYCOM_M_RN(1.0),N_A,CCS1201,N_A,M,2012,2011,0,2011-06-17,INR,21262550000000
RBI:CSURYCOM_M_RN(1.0),N_A,CCS12011,N_A,M,2012,2011,0,2011-06-17,INR,4293410000000
RBI:CSURYCOM_M_RN(1.0),N_A,CCS12012,N_A,M,2012,2011,0,2011-06-17,INR,25987560000000
RBI:CSURYCOM_M_RN(1.0),N_A,CCS1202,N_A,M,2012,2011,0,2011-06-17,INR,25987560000000
RBI:CSURYCOM_M_RN(1.0),N_A,CCS2,N_A,M,2012,2011,0,2011-06-17,INR,1427310000000
RBI:CSURYCOM_M_RN(1.0),N_A,CCS1,N_A,M,2012,2011,0,2011-07-29,INR,54120190000000
RBI:CSURYCOM_M_RN(1.0),N_A,CCS11,N_A,M,2012,2011,0,2011-07-29,INR,5671040000000
RBI:CSURYCOM_M_RN(1.0),N_A,CCS12,N_A,M,2012,2011,0,2011-07-29,INR,48449150000000
RBI:CSURYCOM_M_RN(1.0),N_A,CCS1201,N_A,M,2012,2011,0,2011-07-29,INR,21802120000000
RBI:CSURYCOM_M_RN(1.0),N_A,CCS12011,N_A,M,2012,2011,0,2011-07-29,INR,4177120000000
RBI:CSURYCOM_M_RN(1.0),N_A,CCS12012,N_A,M,2012,2011,0,2011-07-29,INR,26647030000000
RBI:CSURYCOM_M_RN(1.0),N_A,CCS1202,N_A,M,2012,2011,0,2011-07-29,INR,26647030000000
RBI:CSURYCOM_M_RN(1.0),N_A,CCS2,N_A,M,2012,2011,0,2011-07-29,INR,1522750000000
RBI:CSURYCOM_M_RN(1.0),N_A,CCS1,N_A,M,2012,2011,0,2011-08-26,INR,54383270000000
RBI:CSURYCOM_M_RN(1.0),N_A,CCS11,N_A,M,2012,2011,0,2011-08-26,INR,5615350000000
RBI:CSURYCOM_M_RN(1.0),N_A,CCS12,N_A,M,2012,2011,0,2011-08-26,INR,48767930000000
RBI:CSURYCOM_M_RN(1.0),N_A,CCS1201,N_A,M,2012,2011,0,2011-08-26,INR,21945570000000
RBI:CSURYCOM_M_RN(1.0),N_A,CCS12011,N_A,M,2012,2011,0,2011-08-26,INR,4126140000000
RBI:CSURYCOM_M_RN(1.0),N_A,CCS12012,N_A,M,2012,2011,0,2011-08-26,INR,26822360000000
RBI:CSURYCOM_M_RN(1.0),N_A,CCS1202,N_A,M,2012,2011,0,2011-08-26,INR,26822360000000
RBI:CSURYCOM_M_RN(1.0),N_A,CCS2,N_A,M,2012,2011,0,2011-08-26,INR,1623550000000
RBI:CSURYCOM_M_RN(1.0),N_A,CCS1,N_A,M,2012,2011,0,2011-09-23,INR,54569430000000
RBI:CSURYCOM_M_RN(1.0),N_A,CCS11,N_A,M,2012,2011,0,2011-09-23,INR,5607440000000
RBI:CSURYCOM_M_RN(1.0),N_A,CCS12,N_A,M,2012,2011,0,2011-09-23,INR,48961990000000
RBI:CSURYCOM_M_RN(1.0),N_A,CCS1201,N_A,M,2012,2011,0,2011-09-23,INR,22032900000000
RBI:CSURYCOM_M_RN(1.0),N_A,CCS12011,N_A,M,2012,2011,0,2011-09-23,INR,3900110000000
RBI:CSURYCOM_M_RN(1.0),N_A,CCS12012,N_A,M,2012,2011,0,2011-09-23,INR,26929090000000
RBI:CSURYCOM_M_RN(1.0),N_A,CCS1202,N_A,M,2012,2011,0,2011-09-23,INR,26929100000000
RBI:CSURYCOM_M_RN(1.0),N_A,CCS2,N_A,M,2012,2011,0,2011-09-23,INR,1721940000000
RBI:CSURYCOM_M_RN(1.0),N_A,CCS1,N_A,M,2012,2011,0,2011-10-21,INR,55437190000000
RBI:CSURYCOM_M_RN(1.0),N_A,CCS11,N_A,M,2012,2011,0,2011-10-21,INR,5678190000000
RBI:CSURYCOM_M_RN(1.0),N_A,CCS12,N_A,M,2012,2011,0,2011-10-21,INR,49759000000000
RBI:CSURYCOM_M_RN(1.0),N_A,CCS1201,N_A,M,2012,2011,0,2011-10-21,INR,22391550000000
RBI:CSURYCOM_M_RN(1.0),N_A,CCS12011,N_A,M,2012,2011,0,2011-10-21,INR,3932940000000
RBI:CSURYCOM_M_RN(1.0),N_A,CCS12012,N_A,M,2012,2011,0,2011-10-21,INR,27367450000000
RBI:CSURYCOM_M_RN(1.0),N_A,CCS1202,N_A,M,2012,2011,0,2011-10-21,INR,27367450000000
RBI:CSURYCOM_M_RN(1.0),N_A,CCS2,N_A,M,2012,2011,0,2011-10-21,INR,1731980000000
RBI:CSURYCOM_M_RN(1.0),N_A,CCS1,N_A,M,2012,2011,0,2011-11-18,INR,55699660000000
RBI:CSURYCOM_M_RN(1.0),N_A,CCS11,N_A,M,2012,2011,0,2011-11-18,INR,5599770000000
RBI:CSURYCOM_M_RN(1.0),N_A,CCS12,N_A,M,2012,2011,0,2011-11-18,INR,50099890000000
RBI:CSURYCOM_M_RN(1.0),N_A,CCS1201,N_A,M,2012,2011,0,2011-11-18,INR,22544950000000
RBI:CSURYCOM_M_RN(1.0),N_A,CCS12011,N_A,M,2012,2011,0,2011-11-18,INR,3853840000000
RBI:CSURYCOM_M_RN(1.0),N_A,CCS12012,N_A,M,2012,2011,0,2011-11-18,INR,27554940000000
RBI:CSURYCOM_M_RN(1.0),N_A,CCS1202,N_A,M,2012,2011,0,2011-11-18,INR,27554940000000
RBI:CSURYCOM_M_RN(1.0),N_A,CCS2,N_A,M,2012,2011,0,2011-11-18,INR,1676450000000
RBI:CSURYCOM_M_RN(1.0),N_A,CCS1,N_A,M,2012,2011,0,2011-12-30,INR,57499210000000
RBI:CSURYCOM_M_RN(1.0),N_A,CCS11,N_A,M,2012,2011,0,2011-12-30,INR,6410030000000
RBI:CSURYCOM_M_RN(1.0),N_A,CCS12,N_A,M,2012,2011,0,2011-12-30,INR,51089180000000
RBI:CSURYCOM_M_RN(1.0),N_A,CCS1201,N_A,M,2012,2011,0,2011-12-30,INR,22990130000000
RBI:CSURYCOM_M_RN(1.0),N_A,CCS12011,N_A,M,2012,2011,0,2011-12-30,INR,4092980000000
RBI:CSURYCOM_M_RN(1.0),N_A,CCS12012,N_A,M,2012,2011,0,2011-12-30,INR,28099050000000
RBI:CSURYCOM_M_RN(1.0),N_A,CCS1202,N_A,M,2012,2011,0,2011-12-30,INR,28099050000000
RBI:CSURYCOM_M_RN(1.0),N_A,CCS2,N_A,M,2012,2011,0,2011-12-30,INR,1576390000000
RBI:CSURYCOM_M_RN(1.0),N_A,CCS1,N_A,M,2012,2011,0,2012-01-27,INR,56942450000000
RBI:CSURYCOM_M_RN(1.0),N_A,CCS11,N_A,M,2012,2011,0,2012-01-27,INR,5955560000000
RBI:CSURYCOM_M_RN(1.0),N_A,CCS12,N_A,M,2012,2011,0,2012-01-27,INR,50986890000000
RBI:CSURYCOM_M_RN(1.0),N_A,CCS1201,N_A,M,2012,2011,0,2012-01-27,INR,22944100000000
RBI:CSURYCOM_M_RN(1.0),N_A,CCS12011,N_A,M,2012,2011,0,2012-01-27,INR,4047910000000
RBI:CSURYCOM_M_RN(1.0),N_A,CCS12012,N_A,M,2012,2011,0,2012-01-27,INR,28042790000000
RBI:CSURYCOM_M_RN(1.0),N_A,CCS1202,N_A,M,2012,2011,0,2012-01-27,INR,28042790000000
RBI:CSURYCOM_M_RN(1.0),N_A,CCS2,N_A,M,2012,2011,0,2012-01-27,INR,1833900000000
RBI:CSURYCOM_M_RN(1.0),N_A,CCS1,N_A,M,2012,2011,0,2012-02-24,INR,57426620000000
RBI:CSURYCOM_M_RN(1.0),N_A,CCS11,N_A,M,2012,2011,0,2012-02-24,INR,5970660000000
RBI:CSURYCOM_M_RN(1.0),N_A,CCS12,N_A,M,2012,2011,0,2012-02-24,INR,51455970000000
RBI:CSURYCOM_M_RN(1.0),N_A,CCS1201,N_A,M,2012,2011,0,2012-02-24,INR,23155190000000
RBI:CSURYCOM_M_RN(1.0),N_A,CCS12011,N_A,M,2012,2011,0,2012-02-24,INR,4087910000000
RBI:CSURYCOM_M_RN(1.0),N_A,CCS12012,N_A,M,2012,2011,0,2012-02-24,INR,28300780000000
RBI:CSURYCOM_M_RN(1.0),N_A,CCS1202,N_A,M,2012,2011,0,2012-02-24,INR,28300780000000
RBI:CSURYCOM_M_RN(1.0),N_A,CCS2,N_A,M,2012,2011,0,2012-02-24,INR,1812490000000
RBI:CSURYCOM_M_RN(1.0),N_A,CCS1,N_A,M,2012,2011,0,2012-03-23,INR,58309620000000
RBI:CSURYCOM_M_RN(1.0),N_A,CCS11,N_A,M,2012,2011,0,2012-03-23,INR,6253300000000
RBI:CSURYCOM_M_RN(1.0),N_A,CCS12,N_A,M,2012,2011,0,2012-03-23,INR,52056320000000
RBI:CSURYCOM_M_RN(1.0),N_A,CCS1201,N_A,M,2012,2011,0,2012-03-23,INR,23425350000000
RBI:CSURYCOM_M_RN(1.0),N_A,CCS12011,N_A,M,2012,2011,0,2012-03-23,INR,4247020000000
RBI:CSURYCOM_M_RN(1.0),N_A,CCS12012,N_A,M,2012,2011,0,2012-03-23,INR,28630970000000
RBI:CSURYCOM_M_RN(1.0),N_A,CCS1202,N_A,M,2012,2011,0,2012-03-23,INR,28630980000000
RBI:CSURYCOM_M_RN(1.0),N_A,CCS2,N_A,M,2012,2011,0,2012-03-23,INR,2064540000000
RBI:CSURYCOM_M_RN(1.0),N_A,CCS1,N_A,M,2013,2012,0,2012-04-20,INR,59590200000000
RBI:CSURYCOM_M_RN(1.0),N_A,CCS11,N_A,M,2013,2012,0,2012-04-20,INR,6002230000000
RBI:CSURYCOM_M_RN(1.0),N_A,CCS12,N_A,M,2013,2012,0,2012-04-20,INR,53587970000000
RBI:CSURYCOM_M_RN(1.0),N_A,CCS1201,N_A,M,2013,2012,0,2012-04-20,INR,24114590000000
RBI:CSURYCOM_M_RN(1.0),N_A,CCS12011,N_A,M,2013,2012,0,2012-04-20,INR,4498230000000
RBI:CSURYCOM_M_RN(1.0),N_A,CCS12012,N_A,M,2013,2012,0,2012-04-20,INR,29473380000000
RBI:CSURYCOM_M_RN(1.0),N_A,CCS1202,N_A,M,2013,2012,0,2012-04-20,INR,29473390000000
RBI:CSURYCOM_M_RN(1.0),N_A,CCS2,N_A,M,2013,2012,0,2012-04-20,INR,1963540000000
RBI:CSURYCOM_M_RN(1.0),N_A,CCS1,N_A,M,2013,2012,0,2012-05-18,INR,59842340000000
RBI:CSURYCOM_M_RN(1.0),N_A,CCS11,N_A,M,2013,2012,0,2012-05-18,INR,5817750000000
RBI:CSURYCOM_M_RN(1.0),N_A,CCS12,N_A,M,2013,2012,0,2012-05-18,INR,54024600000000
RBI:CSURYCOM_M_RN(1.0),N_A,CCS1201,N_A,M,2013,2012,0,2012-05-18,INR,24311070000000
RBI:CSURYCOM_M_RN(1.0),N_A,CCS12011,N_A,M,2013,2012,0,2012-05-18,INR,4374060000000
RBI:CSURYCOM_M_RN(1.0),N_A,CCS12012,N_A,M,2013,2012,0,2012-05-18,INR,29713530000000
RBI:CSURYCOM_M_RN(1.0),N_A,CCS1202,N_A,M,2013,2012,0,2012-05-18,INR,29713530000000
RBI:CSURYCOM_M_RN(1.0),N_A,CCS2,N_A,M,2013,2012,0,2012-05-18,INR,1987090000000
RBI:CSURYCOM_M_RN(1.0),N_A,CCS1,N_A,M,2013,2012,0,2012-06-29,INR,61518810000000
RBI:CSURYCOM_M_RN(1.0),N_A,CCS11,N_A,M,2013,2012,0,2012-06-29,INR,6512930000000
RBI:CSURYCOM_M_RN(1.0),N_A,CCS12,N_A,M,2013,2012,0,2012-06-29,INR,55005880000000
RBI:CSURYCOM_M_RN(1.0),N_A,CCS1201,N_A,M,2013,2012,0,2012-06-29,INR,24752650000000
RBI:CSURYCOM_M_RN(1.0),N_A,CCS12011,N_A,M,2013,2012,0,2012-06-29,INR,4223980000000
RBI:CSURYCOM_M_RN(1.0),N_A,CCS12012,N_A,M,2013,2012,0,2012-06-29,INR,30253230000000
RBI:CSURYCOM_M_RN(1.0),N_A,CCS1202,N_A,M,2013,2012,0,2012-06-29,INR,30253240000000
RBI:CSURYCOM_M_RN(1.0),N_A,CCS2,N_A,M,2013,2012,0,2012-06-29,INR,2034370000000
RBI:CSURYCOM_M_RN(1.0),N_A,CCS1,N_A,M,2013,2012,0,2012-07-27,INR,61670380000000
RBI:CSURYCOM_M_RN(1.0),N_A,CCS11,N_A,M,2013,2012,0,2012-07-27,INR,5939230000000
RBI:CSURYCOM_M_RN(1.0),N_A,CCS12,N_A,M,2013,2012,0,2012-07-27,INR,55731150000000
RBI:CSURYCOM_M_RN(1.0),N_A,CCS1201,N_A,M,2013,2012,0,2012-07-27,INR,25079020000000
RBI:CSURYCOM_M_RN(1.0),N_A,CCS12011,N_A,M,2013,2012,0,2012-07-27,INR,4138370000000
RBI:CSURYCOM_M_RN(1.0),N_A,CCS12012,N_A,M,2013,2012,0,2012-07-27,INR,30652130000000
RBI:CSURYCOM_M_RN(1.0),N_A,CCS1202,N_A,M,2013,2012,0,2012-07-27,INR,30652130000000
RBI:CSURYCOM_M_RN(1.0),N_A,CCS2,N_A,M,2013,2012,0,2012-07-27,INR,1987350000000
RBI:CSURYCOM_M_RN(1.0),N_A,CCS1,N_A,M,2013,2012,0,2012-08-24,INR,62141230000000
RBI:CSURYCOM_M_RN(1.0),N_A,CCS11,N_A,M,2013,2012,0,2012-08-24,INR,6062550000000
RBI:CSURYCOM_M_RN(1.0),N_A,CCS12,N_A,M,2013,2012,0,2012-08-24,INR,56078680000000
RBI:CSURYCOM_M_RN(1.0),N_A,CCS1201,N_A,M,2013,2012,0,2012-08-24,INR,25235410000000
RBI:CSURYCOM_M_RN(1.0),N_A,CCS12011,N_A,M,2013,2012,0,2012-08-24,INR,4014450000000
RBI:CSURYCOM_M_RN(1.0),N_A,CCS12012,N_A,M,2013,2012,0,2012-08-24,INR,30843270000000
RBI:CSURYCOM_M_RN(1.0),N_A,CCS1202,N_A,M,2013,2012,0,2012-08-24,INR,30843270000000
RBI:CSURYCOM_M_RN(1.0),N_A,CCS2,N_A,M,2013,2012,0,2012-08-24,INR,1993650000000
RBI:CSURYCOM_M_RN(1.0),N_A,CCS1,N_A,M,2013,2012,0,2012-09-21,INR,62119250000000
RBI:CSURYCOM_M_RN(1.0),N_A,CCS11,N_A,M,2013,2012,0,2012-09-21,INR,5986840000000
RBI:CSURYCOM_M_RN(1.0),N_A,CCS12,N_A,M,2013,2012,0,2012-09-21,INR,56132410000000
RBI:CSURYCOM_M_RN(1.0),N_A,CCS1201,N_A,M,2013,2012,0,2012-09-21,INR,25259580000000
RBI:CSURYCOM_M_RN(1.0),N_A,CCS12011,N_A,M,2013,2012,0,2012-09-21,INR,3581030000000
RBI:CSURYCOM_M_RN(1.0),N_A,CCS12012,N_A,M,2013,2012,0,2012-09-21,INR,30872830000000
RBI:CSURYCOM_M_RN(1.0),N_A,CCS1202,N_A,M,2013,2012,0,2012-09-21,INR,30872830000000
RBI:CSURYCOM_M_RN(1.0),N_A,CCS2,N_A,M,2013,2012,0,2012-09-21,INR,2010700000000
RBI:CSURYCOM_M_RN(1.0),N_A,CCS1,N_A,M,2013,2012,0,2012-10-19,INR,63085200000000
RBI:CSURYCOM_M_RN(1.0),N_A,CCS11,N_A,M,2013,2012,0,2012-10-19,INR,5851720000000
RBI:CSURYCOM_M_RN(1.0),N_A,CCS12,N_A,M,2013,2012,0,2012-10-19,INR,57233490000000
RBI:CSURYCOM_M_RN(1.0),N_A,CCS1201,N_A,M,2013,2012,0,2012-10-19,INR,25755070000000
RBI:CSURYCOM_M_RN(1.0),N_A,CCS12011,N_A,M,2013,2012,0,2012-10-19,INR,3526330000000
RBI:CSURYCOM_M_RN(1.0),N_A,CCS12012,N_A,M,2013,2012,0,2012-10-19,INR,31478420000000
RBI:CSURYCOM_M_RN(1.0),N_A,CCS1202,N_A,M,2013,2012,0,2012-10-19,INR,31478420000000
RBI:CSURYCOM_M_RN(1.0),N_A,CCS2,N_A,M,2013,2012,0,2012-10-19,INR,1918710000000
RBI:CSURYCOM_M_RN(1.0),N_A,CCS1,N_A,M,2013,2012,0,2012-11-30,INR,63585920000000
RBI:CSURYCOM_M_RN(1.0),N_A,CCS11,N_A,M,2013,2012,0,2012-11-30,INR,6225700000000
RBI:CSURYCOM_M_RN(1.0),N_A,CCS12,N_A,M,2013,2012,0,2012-11-30,INR,57360220000000
RBI:CSURYCOM_M_RN(1.0),N_A,CCS1201,N_A,M,2013,2012,0,2012-11-30,INR,25812100000000
RBI:CSURYCOM_M_RN(1.0),N_A,CCS12011,N_A,M,2013,2012,0,2012-11-30,INR,3101220000000
RBI:CSURYCOM_M_RN(1.0),N_A,CCS12012,N_A,M,2013,2012,0,2012-11-30,INR,31548120000000
RBI:CSURYCOM_M_RN(1.0),N_A,CCS1202,N_A,M,2013,2012,0,2012-11-30,INR,31548120000000
RBI:CSURYCOM_M_RN(1.0),N_A,CCS2,N_A,M,2013,2012,0,2012-11-30,INR,2017720000000
RBI:CSURYCOM_M_RN(1.0),N_A,CCS1,N_A,M,2013,2012,0,2012-12-28,INR,63931640000000
RBI:CSURYCOM_M_RN(1.0),N_A,CCS11,N_A,M,2013,2012,0,2012-12-28,INR,6371930000000
RBI:CSURYCOM_M_RN(1.0),N_A,CCS12,N_A,M,2013,2012,0,2012-12-28,INR,57559710000000
RBI:CSURYCOM_M_RN(1.0),N_A,CCS1201,N_A,M,2013,2012,0,2012-12-28,INR,25901870000000
RBI:CSURYCOM_M_RN(1.0),N_A,CCS12011,N_A,M,2013,2012,0,2012-12-28,INR,3348390000000
RBI:CSURYCOM_M_RN(1.0),N_A,CCS12012,N_A,M,2013,2012,0,2012-12-28,INR,31657840000000
RBI:CSURYCOM_M_RN(1.0),N_A,CCS1202,N_A,M,2013,2012,0,2012-12-28,INR,31657840000000
RBI:CSURYCOM_M_RN(1.0),N_A,CCS2,N_A,M,2013,2012,0,2012-12-28,INR,2041670000000
RBI:CSURYCOM_M_RN(1.0),N_A,CCS1,N_A,M,2013,2012,0,2013-01-25,INR,64483990000000
RBI:CSURYCOM_M_RN(1.0),N_A,CCS11,N_A,M,2013,2012,0,2013-01-25,INR,6103640000000
RBI:CSURYCOM_M_RN(1.0),N_A,CCS12,N_A,M,2013,2012,0,2013-01-25,INR,58380350000000
RBI:CSURYCOM_M_RN(1.0),N_A,CCS1201,N_A,M,2013,2012,0,2013-01-25,INR,26271160000000
RBI:CSURYCOM_M_RN(1.0),N_A,CCS12011,N_A,M,2013,2012,0,2013-01-25,INR,3269310000000
RBI:CSURYCOM_M_RN(1.0),N_A,CCS12012,N_A,M,2013,2012,0,2013-01-25,INR,32109190000000
RBI:CSURYCOM_M_RN(1.0),N_A,CCS1202,N_A,M,2013,2012,0,2013-01-25,INR,32109190000000
RBI:CSURYCOM_M_RN(1.0),N_A,CCS2,N_A,M,2013,2012,0,2013-01-25,INR,2066020000000
RBI:CSURYCOM_M_RN(1.0),N_A,CCS1,N_A,M,2013,2012,0,2013-02-22,INR,64841510000000
RBI:CSURYCOM_M_RN(1.0),N_A,CCS11,N_A,M,2013,2012,0,2013-02-22,INR,6304970000000
RBI:CSURYCOM_M_RN(1.0),N_A,CCS12,N_A,M,2013,2012,0,2013-02-22,INR,58536540000000
RBI:CSURYCOM_M_RN(1.0),N_A,CCS1201,N_A,M,2013,2012,0,2013-02-22,INR,26341440000000
RBI:CSURYCOM_M_RN(1.0),N_A,CCS12011,N_A,M,2013,2012,0,2013-02-22,INR,3019610000000
RBI:CSURYCOM_M_RN(1.0),N_A,CCS12012,N_A,M,2013,2012,0,2013-02-22,INR,32195100000000
RBI:CSURYCOM_M_RN(1.0),N_A,CCS1202,N_A,M,2013,2012,0,2013-02-22,INR,32195100000000
RBI:CSURYCOM_M_RN(1.0),N_A,CCS2,N_A,M,2013,2012,0,2013-02-22,INR,2131700000000
RBI:CSURYCOM_M_RN(1.0),N_A,CCS1,N_A,M,2013,2012,0,2013-03-22,INR,66677770000000
RBI:CSURYCOM_M_RN(1.0),N_A,CCS11,N_A,M,2013,2012,0,2013-03-22,INR,6622990000000
RBI:CSURYCOM_M_RN(1.0),N_A,CCS12,N_A,M,2013,2012,0,2013-03-22,INR,60054780000000
RBI:CSURYCOM_M_RN(1.0),N_A,CCS1201,N_A,M,2013,2012,0,2013-03-22,INR,27024650000000
RBI:CSURYCOM_M_RN(1.0),N_A,CCS12011,N_A,M,2013,2012,0,2013-03-22,INR,3835280000000
RBI:CSURYCOM_M_RN(1.0),N_A,CCS12012,N_A,M,2013,2012,0,2013-03-22,INR,33030130000000
RBI:CSURYCOM_M_RN(1.0),N_A,CCS1202,N_A,M,2013,2012,0,2013-03-22,INR,33030130000000
RBI:CSURYCOM_M_RN(1.0),N_A,CCS2,N_A,M,2013,2012,0,2013-03-22,INR,2216630000000
RBI:CSURYCOM_M_RN(1.0),N_A,CCS1,N_A,M,2014,2013,0,2013-04-19,INR,67418160000000
RBI:CSURYCOM_M_RN(1.0),N_A,CCS11,N_A,M,2014,2013,0,2013-04-19,INR,6317900000000
RBI:CSURYCOM_M_RN(1.0),N_A,CCS12,N_A,M,2014,2013,0,2013-04-19,INR,61100270000000
RBI:CSURYCOM_M_RN(1.0),N_A,CCS1201,N_A,M,2014,2013,0,2013-04-19,INR,27495120000000
RBI:CSURYCOM_M_RN(1.0),N_A,CCS12011,N_A,M,2014,2013,0,2013-04-19,INR,3792290000000
RBI:CSURYCOM_M_RN(1.0),N_A,CCS12012,N_A,M,2014,2013,0,2013-04-19,INR,33605150000000
RBI:CSURYCOM_M_RN(1.0),N_A,CCS1202,N_A,M,2014,2013,0,2013-04-19,INR,33605150000000
RBI:CSURYCOM_M_RN(1.0),N_A,CCS2,N_A,M,2014,2013,0,2013-04-19,INR,2159510000000
RBI:CSURYCOM_M_RN(1.0),N_A,CCS1,N_A,M,2014,2013,0,2013-05-31,INR,68620889900000
RBI:CSURYCOM_M_RN(1.0),N_A,CCS11,N_A,M,2014,2013,0,2013-05-31,INR,6550613800000
RBI:CSURYCOM_M_RN(1.0),N_A,CCS12,N_A,M,2014,2013,0,2013-05-31,INR,62070276100000
RBI:CSURYCOM_M_RN(1.0),N_A,CCS1201,N_A,M,2014,2013,0,2013-05-31,INR,27931624245000.004
RBI:CSURYCOM_M_RN(1.0),N_A,CCS12011,N_A,M,2014,2013,0,2013-05-31,INR,3562419910000
RBI:CSURYCOM_M_RN(1.0),N_A,CCS12012,N_A,M,2014,2013,0,2013-05-31,INR,34138651854999.996
RBI:CSURYCOM_M_RN(1.0),N_A,CCS1202,N_A,M,2014,2013,0,2013-05-31,INR,34138651855000
RBI:CSURYCOM_M_RN(1.0),N_A,CCS2,N_A,M,2014,2013,0,2013-05-31,INR,2163844400000
RBI:CSURYCOM_M_RN(1.0),N_A,CCS1,N_A,M,2014,2013,0,2013-06-28,INR,69816902100000
RBI:CSURYCOM_M_RN(1.0),N_A,CCS11,N_A,M,2014,2013,0,2013-06-28,INR,7162432300000
RBI:CSURYCOM_M_RN(1.0),N_A,CCS12,N_A,M,2014,2013,0,2013-06-28,INR,62654469800000.01
RBI:CSURYCOM_M_RN(1.0),N_A,CCS1201,N_A,M,2014,2013,0,2013-06-28,INR,28194511410000
RBI:CSURYCOM_M_RN(1.0),N_A,CCS12011,N_A,M,2014,2013,0,2013-06-28,INR,3585981360000
RBI:CSURYCOM_M_RN(1.0),N_A,CCS12012,N_A,M,2014,2013,0,2013-06-28,INR,34459958390000.01
RBI:CSURYCOM_M_RN(1.0),N_A,CCS1202,N_A,M,2014,2013,0,2013-06-28,INR,34459958390000
RBI:CSURYCOM_M_RN(1.0),N_A,CCS2,N_A,M,2014,2013,0,2013-06-28,INR,2329566200000
RBI:CSURYCOM_M_RN(1.0),N_A,CCS1,N_A,M,2014,2013,0,2013-07-26,INR,69766930900000
RBI:CSURYCOM_M_RN(1.0),N_A,CCS11,N_A,M,2014,2013,0,2013-07-26,INR,6605813700000
RBI:CSURYCOM_M_RN(1.0),N_A,CCS12,N_A,M,2014,2013,0,2013-07-26,INR,63161117200000
RBI:CSURYCOM_M_RN(1.0),N_A,CCS1201,N_A,M,2014,2013,0,2013-07-26,INR,28422502740000.004
RBI:CSURYCOM_M_RN(1.0),N_A,CCS12011,N_A,M,2014,2013,0,2013-07-26,INR,3446725300000.0005
RBI:CSURYCOM_M_RN(1.0),N_A,CCS12012,N_A,M,2014,2013,0,2013-07-26,INR,34738614459999.996
RBI:CSURYCOM_M_RN(1.0),N_A,CCS1202,N_A,M,2014,2013,0,2013-07-26,INR,34738614460000
RBI:CSURYCOM_M_RN(1.0),N_A,CCS2,N_A,M,2014,2013,0,2013-07-26,INR,2558707000000
RBI:CSURYCOM_M_RN(1.0),N_A,CCS1,N_A,M,2014,2013,0,2013-08-23,INR,69865719000000
RBI:CSURYCOM_M_RN(1.0),N_A,CCS11,N_A,M,2014,2013,0,2013-08-23,INR,6499977800000
RBI:CSURYCOM_M_RN(1.0),N_A,CCS12,N_A,M,2014,2013,0,2013-08-23,INR,63365741200000
RBI:CSURYCOM_M_RN(1.0),N_A,CCS1201,N_A,M,2014,2013,0,2013-08-23,INR,28514583540000
RBI:CSURYCOM_M_RN(1.0),N_A,CCS12011,N_A,M,2014,2013,0,2013-08-23,INR,3070090700000
RBI:CSURYCOM_M_RN(1.0),N_A,CCS12012,N_A,M,2014,2013,0,2013-08-23,INR,34851157660000
RBI:CSURYCOM_M_RN(1.0),N_A,CCS1202,N_A,M,2014,2013,0,2013-08-23,INR,34851157660000
RBI:CSURYCOM_M_RN(1.0),N_A,CCS2,N_A,M,2014,2013,0,2013-08-23,INR,2698256000000
RBI:CSURYCOM_M_RN(1.0),N_A,CCS1,N_A,M,2014,2013,0,2013-09-20,INR,70470751100000
RBI:CSURYCOM_M_RN(1.0),N_A,CCS11,N_A,M,2014,2013,0,2013-09-20,INR,6554276400000
RBI:CSURYCOM_M_RN(1.0),N_A,CCS12,N_A,M,2014,2013,0,2013-09-20,INR,63916474700000
RBI:CSURYCOM_M_RN(1.0),N_A,CCS1201,N_A,M,2014,2013,0,2013-09-20,INR,28762413615000
RBI:CSURYCOM_M_RN(1.0),N_A,CCS12011,N_A,M,2014,2013,0,2013-09-20,INR,3553341700000
RBI:CSURYCOM_M_RN(1.0),N_A,CCS12012,N_A,M,2014,2013,0,2013-09-20,INR,35154061085000
RBI:CSURYCOM_M_RN(1.0),N_A,CCS1202,N_A,M,2014,2013,0,2013-09-20,INR,35154061085000
RBI:CSURYCOM_M_RN(1.0),N_A,CCS2,N_A,M,2014,2013,0,2013-09-20,INR,2546056300000
RBI:CSURYCOM_M_RN(1.0),N_A,CCS1,N_A,M,2014,2013,0,2013-10-18,INR,71662721000000
RBI:CSURYCOM_M_RN(1.0),N_A,CCS11,N_A,M,2014,2013,0,2013-10-18,INR,6514944399999.999
RBI:CSURYCOM_M_RN(1.0),N_A,CCS12,N_A,M,2014,2013,0,2013-10-18,INR,65147776600000
RBI:CSURYCOM_M_RN(1.0),N_A,CCS1201,N_A,M,2014,2013,0,2013-10-18,INR,29316499470000
RBI:CSURYCOM_M_RN(1.0),N_A,CCS12011,N_A,M,2014,2013,0,2013-10-18,INR,3369034500000
RBI:CSURYCOM_M_RN(1.0),N_A,CCS12012,N_A,M,2014,2013,0,2013-10-18,INR,35831277130000
RBI:CSURYCOM_M_RN(1.0),N_A,CCS1202,N_A,M,2014,2013,0,2013-10-18,INR,35831277130000
RBI:CSURYCOM_M_RN(1.0),N_A,CCS2,N_A,M,2014,2013,0,2013-10-18,INR,2468874300000
RBI:CSURYCOM_M_RN(1.0),N_A,CCS1,N_A,M,2014,2013,0,2013-11-29,INR,71964959100000
RBI:CSURYCOM_M_RN(1.0),N_A,CCS11,N_A,M,2014,2013,0,2013-11-29,INR,6619618600000
RBI:CSURYCOM_M_RN(1.0),N_A,CCS12,N_A,M,2014,2013,0,2013-11-29,INR,65345340500000
RBI:CSURYCOM_M_RN(1.0),N_A,CCS1201,N_A,M,2014,2013,0,2013-11-29,INR,29405403224999.996
RBI:CSURYCOM_M_RN(1.0),N_A,CCS12011,N_A,M,2014,2013,0,2013-11-29,INR,3236211400000
RBI:CSURYCOM_M_RN(1.0),N_A,CCS12012,N_A,M,2014,2013,0,2013-11-29,INR,35939937275000.01
RBI:CSURYCOM_M_RN(1.0),N_A,CCS1202,N_A,M,2014,2013,0,2013-11-29,INR,35939937275000
RBI:CSURYCOM_M_RN(1.0),N_A,CCS2,N_A,M,2014,2013,0,2013-11-29,INR,2541997100000
RBI:CSURYCOM_M_RN(1.0),N_A,CCS1,N_A,M,2014,2013,0,2013-12-27,INR,72234896600000
RBI:CSURYCOM_M_RN(1.0),N_A,CCS11,N_A,M,2014,2013,0,2013-12-27,INR,6858315300000
RBI:CSURYCOM_M_RN(1.0),N_A,CCS12,N_A,M,2014,2013,0,2013-12-27,INR,65376581300000
RBI:CSURYCOM_M_RN(1.0),N_A,CCS1201,N_A,M,2014,2013,0,2013-12-27,INR,29419461585000
RBI:CSURYCOM_M_RN(1.0),N_A,CCS12011,N_A,M,2014,2013,0,2013-12-27,INR,3290370100000
RBI:CSURYCOM_M_RN(1.0),N_A,CCS12012,N_A,M,2014,2013,0,2013-12-27,INR,35957119715000
RBI:CSURYCOM_M_RN(1.0),N_A,CCS1202,N_A,M,2014,2013,0,2013-12-27,INR,35957119715000
RBI:CSURYCOM_M_RN(1.0),N_A,CCS2,N_A,M,2014,2013,0,2013-12-27,INR,2440973400000
RBI:CSURYCOM_M_RN(1.0),N_A,CCS1,N_A,M,2014,2013,0,2014-01-24,INR,72711049900000
RBI:CSURYCOM_M_RN(1.0),N_A,CCS11,N_A,M,2014,2013,0,2014-01-24,INR,6892044300000.001
RBI:CSURYCOM_M_RN(1.0),N_A,CCS12,N_A,M,2014,2013,0,2014-01-24,INR,65819005599999.99
RBI:CSURYCOM_M_RN(1.0),N_A,CCS1201,N_A,M,2014,2013,0,2014-01-24,INR,29618552520000
RBI:CSURYCOM_M_RN(1.0),N_A,CCS12011,N_A,M,2014,2013,0,2014-01-24,INR,4726088800000
RBI:CSURYCOM_M_RN(1.0),N_A,CCS12012,N_A,M,2014,2013,0,2014-01-24,INR,36200453079999.99
RBI:CSURYCOM_M_RN(1.0),N_A,CCS1202,N_A,M,2014,2013,0,2014-01-24,INR,36200453080000
RBI:CSURYCOM_M_RN(1.0),N_A,CCS2,N_A,M,2014,2013,0,2014-01-24,INR,2339690300000
RBI:CSURYCOM_M_RN(1.0),N_A,CCS1,N_A,M,2014,2013,0,2014-02-21,INR,73219886300000
RBI:CSURYCOM_M_RN(1.0),N_A,CCS11,N_A,M,2014,2013,0,2014-02-21,INR,6878380100000
RBI:CSURYCOM_M_RN(1.0),N_A,CCS12,N_A,M,2014,2013,0,2014-02-21,INR,66341506200000
RBI:CSURYCOM_M_RN(1.0),N_A,CCS1201,N_A,M,2014,2013,0,2014-02-21,INR,29853677790000
RBI:CSURYCOM_M_RN(1.0),N_A,CCS12011,N_A,M,2014,2013,0,2014-02-21,INR,3315252900000
RBI:CSURYCOM_M_RN(1.0),N_A,CCS12012,N_A,M,2014,2013,0,2014-02-21,INR,36487828410000
RBI:CSURYCOM_M_RN(1.0),N_A,CCS1202,N_A,M,2014,2013,0,2014-02-21,INR,36487828410000
RBI:CSURYCOM_M_RN(1.0),N_A,CCS2,N_A,M,2014,2013,0,2014-02-21,INR,2257532400000
RBI:CSURYCOM_M_RN(1.0),N_A,CCS1,N_A,M,2014,2013,0,2014-03-21,INR,74514129200000
RBI:CSURYCOM_M_RN(1.0),N_A,CCS11,N_A,M,2014,2013,0,2014-03-21,INR,7139211800000.001
RBI:CSURYCOM_M_RN(1.0),N_A,CCS12,N_A,M,2014,2013,0,2014-03-21,INR,67374917400000
RBI:CSURYCOM_M_RN(1.0),N_A,CCS1201,N_A,M,2014,2013,0,2014-03-21,INR,30318712830000
RBI:CSURYCOM_M_RN(1.0),N_A,CCS12011,N_A,M,2014,2013,0,2014-03-21,INR,3741325900000.0005
RBI:CSURYCOM_M_RN(1.0),N_A,CCS12012,N_A,M,2014,2013,0,2014-03-21,INR,37056204570000
RBI:CSURYCOM_M_RN(1.0),N_A,CCS1202,N_A,M,2014,2013,0,2014-03-21,INR,37056204570000
RBI:CSURYCOM_M_RN(1.0),N_A,CCS2,N_A,M,2014,2013,0,2014-03-21,INR,2210371200000
RBI:CSURYCOM_M_RN(1.0),N_A,CCS1,N_A,M,2015,2014,0,2014-04-18,INR,75745707500000
RBI:CSURYCOM_M_RN(1.0),N_A,CCS11,N_A,M,2015,2014,0,2014-04-18,INR,7312951400000
RBI:CSURYCOM_M_RN(1.0),N_A,CCS12,N_A,M,2015,2014,0,2014-04-18,INR,68432756100000
RBI:CSURYCOM_M_RN(1.0),N_A,CCS1201,N_A,M,2015,2014,0,2014-04-18,INR,30794740245000
RBI:CSURYCOM_M_RN(1.0),N_A,CCS12011,N_A,M,2015,2014,0,2014-04-18,INR,3865219400000
RBI:CSURYCOM_M_RN(1.0),N_A,CCS12012,N_A,M,2015,2014,0,2014-04-18,INR,37638015855000
RBI:CSURYCOM_M_RN(1.0),N_A,CCS1202,N_A,M,2015,2014,0,2014-04-18,INR,37638015855000
RBI:CSURYCOM_M_RN(1.0),N_A,CCS2,N_A,M,2015,2014,0,2014-04-18,INR,2164808200000
RBI:CSURYCOM_M_RN(1.0),N_A,CCS1,N_A,M,2015,2014,0,2014-05-30,INR,76319197420000
RBI:CSURYCOM_M_RN(1.0),N_A,CCS11,N_A,M,2015,2014,0,2014-05-30,INR,7500499800000
RBI:CSURYCOM_M_RN(1.0),N_A,CCS12,N_A,M,2015,2014,0,2014-05-30,INR,68818697620000
RBI:CSURYCOM_M_RN(1.0),N_A,CCS1201,N_A,M,2015,2014,0,2014-05-30,INR,30968413929000
RBI:CSURYCOM_M_RN(1.0),N_A,CCS12011,N_A,M,2015,2014,0,2014-05-30,INR,3586039990000
RBI:CSURYCOM_M_RN(1.0),N_A,CCS12012,N_A,M,2015,2014,0,2014-05-30,INR,37850283691000
RBI:CSURYCOM_M_RN(1.0),N_A,CCS1202,N_A,M,2015,2014,0,2014-05-30,INR,37850283691000
RBI:CSURYCOM_M_RN(1.0),N_A,CCS2,N_A,M,2015,2014,0,2014-05-30,INR,2046301900000
RBI:CSURYCOM_M_RN(1.0),N_A,CCS1,N_A,M,2015,2014,0,2014-06-27,INR,76429941610000
RBI:CSURYCOM_M_RN(1.0),N_A,CCS11,N_A,M,2015,2014,0,2014-06-27,INR,7496097700000
RBI:CSURYCOM_M_RN(1.0),N_A,CCS12,N_A,M,2015,2014,0,2014-06-27,INR,68933843910000
RBI:CSURYCOM_M_RN(1.0),N_A,CCS1201,N_A,M,2015,2014,0,2014-06-27,INR,31020229759999.996
RBI:CSURYCOM_M_RN(1.0),N_A,CCS12011,N_A,M,2015,2014,0,2014-06-27,INR,3386939400000
RBI:CSURYCOM_M_RN(1.0),N_A,CCS12012,N_A,M,2015,2014,0,2014-06-27,INR,37913614150000.01
RBI:CSURYCOM_M_RN(1.0),N_A,CCS1202,N_A,M,2015,2014,0,2014-06-27,INR,37913614150000
RBI:CSURYCOM_M_RN(1.0),N_A,CCS2,N_A,M,2015,2014,0,2014-06-27,INR,2035974800000
RBI:CSURYCOM_M_RN(1.0),N_A,CCS1,N_A,M,2015,2014,0,2014-07-25,INR,76792686710000
RBI:CSURYCOM_M_RN(1.0),N_A,CCS11,N_A,M,2015,2014,0,2014-07-25,INR,7122089300000.001
RBI:CSURYCOM_M_RN(1.0),N_A,CCS12,N_A,M,2015,2014,0,2014-07-25,INR,69670597410000
RBI:CSURYCOM_M_RN(1.0),N_A,CCS1201,N_A,M,2015,2014,0,2014-07-25,INR,31351768835000
RBI:CSURYCOM_M_RN(1.0),N_A,CCS12011,N_A,M,2015,2014,0,2014-07-25,INR,3232089220000
RBI:CSURYCOM_M_RN(1.0),N_A,CCS12012,N_A,M,2015,2014,0,2014-07-25,INR,38318828575000
RBI:CSURYCOM_M_RN(1.0),N_A,CCS1202,N_A,M,2015,2014,0,2014-07-25,INR,38318828576000
RBI:CSURYCOM_M_RN(1.0),N_A,CCS2,N_A,M,2015,2014,0,2014-07-25,INR,1962970200000
RBI:CSURYCOM_M_RN(1.0),N_A,CCS1,N_A,M,2015,2014,0,2014-08-22,INR,77456188650000
RBI:CSURYCOM_M_RN(1.0),N_A,CCS11,N_A,M,2015,2014,0,2014-08-22,INR,7193339700000
RBI:CSURYCOM_M_RN(1.0),N_A,CCS12,N_A,M,2015,2014,0,2014-08-22,INR,70262848949999.99
RBI:CSURYCOM_M_RN(1.0),N_A,CCS1201,N_A,M,2015,2014,0,2014-08-22,INR,31618282028000
RBI:CSURYCOM_M_RN(1.0),N_A,CCS12011,N_A,M,2015,2014,0,2014-08-22,INR,3477953229999.9995
RBI:CSURYCOM_M_RN(1.0),N_A,CCS12012,N_A,M,2015,2014,0,2014-08-22,INR,38644566921999.99
RBI:CSURYCOM_M_RN(1.0),N_A,CCS1202,N_A,M,2015,2014,0,2014-08-22,INR,38644566922000
RBI:CSURYCOM_M_RN(1.0),N_A,CCS2,N_A,M,2015,2014,0,2014-08-22,INR,1940648800000
RBI:CSURYCOM_M_RN(1.0),N_A,CCS1,N_A,M,2015,2014,0,2014-09-19,INR,77920905020000
RBI:CSURYCOM_M_RN(1.0),N_A,CCS11,N_A,M,2015,2014,0,2014-09-19,INR,7272880000000
RBI:CSURYCOM_M_RN(1.0),N_A,CCS12,N_A,M,2015,2014,0,2014-09-19,INR,70648025020000
RBI:CSURYCOM_M_RN(1.0),N_A,CCS1201,N_A,M,2015,2014,0,2014-09-19,INR,31791611259000
RBI:CSURYCOM_M_RN(1.0),N_A,CCS12011,N_A,M,2015,2014,0,2014-09-19,INR,3035792460000
RBI:CSURYCOM_M_RN(1.0),N_A,CCS12012,N_A,M,2015,2014,0,2014-09-19,INR,38856413761000
RBI:CSURYCOM_M_RN(1.0),N_A,CCS1202,N_A,M,2015,2014,0,2014-09-19,INR,38856413761000
RBI:CSURYCOM_M_RN(1.0),N_A,CCS2,N_A,M,2015,2014,0,2014-09-19,INR,1876658000000
RBI:CSURYCOM_M_RN(1.0),N_A,CCS1,N_A,M,2015,2014,0,2014-10-31,INR,79615054990000
RBI:CSURYCOM_M_RN(1.0),N_A,CCS11,N_A,M,2015,2014,0,2014-10-31,INR,7480355500000
RBI:CSURYCOM_M_RN(1.0),N_A,CCS12,N_A,M,2015,2014,0,2014-10-31,INR,72134699490000
RBI:CSURYCOM_M_RN(1.0),N_A,CCS1201,N_A,M,2015,2014,0,2014-10-31,INR,32460614770000
RBI:CSURYCOM_M_RN(1.0),N_A,CCS12011,N_A,M,2015,2014,0,2014-10-31,INR,2727012260000
RBI:CSURYCOM_M_RN(1.0),N_A,CCS12012,N_A,M,2015,2014,0,2014-10-31,INR,39674084720000
RBI:CSURYCOM_M_RN(1.0),N_A,CCS1202,N_A,M,2015,2014,0,2014-10-31,INR,39674084720000
RBI:CSURYCOM_M_RN(1.0),N_A,CCS2,N_A,M,2015,2014,0,2014-10-31,INR,1854179900000
RBI:CSURYCOM_M_RN(1.0),N_A,CCS1,N_A,M,2015,2014,0,2014-11-28,INR,80010636510000
RBI:CSURYCOM_M_RN(1.0),N_A,CCS11,N_A,M,2015,2014,0,2014-11-28,INR,7609820500000
RBI:CSURYCOM_M_RN(1.0),N_A,CCS12,N_A,M,2015,2014,0,2014-11-28,INR,72400816010000
RBI:CSURYCOM_M_RN(1.0),N_A,CCS1201,N_A,M,2015,2014,0,2014-11-28,INR,32580367204000
RBI:CSURYCOM_M_RN(1.0),N_A,CCS12011,N_A,M,2015,2014,0,2014-11-28,INR,2641385390000
RBI:CSURYCOM_M_RN(1.0),N_A,CCS12012,N_A,M,2015,2014,0,2014-11-28,INR,39820448806000
RBI:CSURYCOM_M_RN(1.0),N_A,CCS1202,N_A,M,2015,2014,0,2014-11-28,INR,39820448806000
RBI:CSURYCOM_M_RN(1.0),N_A,CCS2,N_A,M,2015,2014,0,2014-11-28,INR,1813415400000
RBI:CSURYCOM_M_RN(1.0),N_A,CCS1,N_A,M,2015,2014,0,2014-12-26,INR,80119492530000
RBI:CSURYCOM_M_RN(1.0),N_A,CCS11,N_A,M,2015,2014,0,2014-12-26,INR,7617905800000
RBI:CSURYCOM_M_RN(1.0),N_A,CCS12,N_A,M,2015,2014,0,2014-12-26,INR,72501586730000
RBI:CSURYCOM_M_RN(1.0),N_A,CCS1201,N_A,M,2015,2014,0,2014-12-26,INR,32625714028000
RBI:CSURYCOM_M_RN(1.0),N_A,CCS12011,N_A,M,2015,2014,0,2014-12-26,INR,2682819630000
RBI:CSURYCOM_M_RN(1.0),N_A,CCS12012,N_A,M,2015,2014,0,2014-12-26,INR,39875872702000
RBI:CSURYCOM_M_RN(1.0),N_A,CCS1202,N_A,M,2015,2014,0,2014-12-26,INR,39875872702000
RBI:CSURYCOM_M_RN(1.0),N_A,CCS2,N_A,M,2015,2014,0,2014-12-26,INR,2013759300000
RBI:CSURYCOM_M_RN(1.0),N_A,CCS1,N_A,M,2015,2014,0,2015-01-23,INR,80789522110000
RBI:CSURYCOM_M_RN(1.0),N_A,CCS11,N_A,M,2015,2014,0,2015-01-23,INR,7373315000000
RBI:CSURYCOM_M_RN(1.0),N_A,CCS12,N_A,M,2015,2014,0,2015-01-23,INR,73416207110000
RBI:CSURYCOM_M_RN(1.0),N_A,CCS1201,N_A,M,2015,2014,0,2015-01-23,INR,33037293200000
RBI:CSURYCOM_M_RN(1.0),N_A,CCS12011,N_A,M,2015,2014,0,2015-01-23,INR,2725046080000
RBI:CSURYCOM_M_RN(1.0),N_A,CCS12012,N_A,M,2015,2014,0,2015-01-23,INR,40378913910000
RBI:CSURYCOM_M_RN(1.0),N_A,CCS1202,N_A,M,2015,2014,0,2015-01-23,INR,40378913911000
RBI:CSURYCOM_M_RN(1.0),N_A,CCS2,N_A,M,2015,2014,0,2015-01-23,INR,2153801400000.0002
RBI:CSURYCOM_M_RN(1.0),N_A,CCS1,N_A,M,2015,2014,0,2015-02-20,INR,81559724140000
RBI:CSURYCOM_M_RN(1.0),N_A,CCS11,N_A,M,2015,2014,0,2015-02-20,INR,7590558600000
RBI:CSURYCOM_M_RN(1.0),N_A,CCS12,N_A,M,2015,2014,0,2015-02-20,INR,73969165540000
RBI:CSURYCOM_M_RN(1.0),N_A,CCS1201,N_A,M,2015,2014,0,2015-02-20,INR,33286124493000
RBI:CSURYCOM_M_RN(1.0),N_A,CCS12011,N_A,M,2015,2014,0,2015-02-20,INR,2708861200000
RBI:CSURYCOM_M_RN(1.0),N_A,CCS12012,N_A,M,2015,2014,0,2015-02-20,INR,40683041047000
RBI:CSURYCOM_M_RN(1.0),N_A,CCS1202,N_A,M,2015,2014,0,2015-02-20,INR,40683041047000
RBI:CSURYCOM_M_RN(1.0),N_A,CCS2,N_A,M,2015,2014,0,2015-02-20,INR,2250647100000
RBI:CSURYCOM_M_RN(1.0),N_A,CCS1,N_A,M,2015,2014,0,2015-03-20,INR,82648864210000
RBI:CSURYCOM_M_RN(1.0),N_A,CCS11,N_A,M,2015,2014,0,2015-03-20,INR,7940293800000
RBI:CSURYCOM_M_RN(1.0),N_A,CCS12,N_A,M,2015,2014,0,2015-03-20,INR,74708570410000
RBI:CSURYCOM_M_RN(1.0),N_A,CCS1201,N_A,M,2015,2014,0,2015-03-20,INR,33618856684000
RBI:CSURYCOM_M_RN(1.0),N_A,CCS12011,N_A,M,2015,2014,0,2015-03-20,INR,2974457060000
RBI:CSURYCOM_M_RN(1.0),N_A,CCS12012,N_A,M,2015,2014,0,2015-03-20,INR,41089713726000
RBI:CSURYCOM_M_RN(1.0),N_A,CCS1202,N_A,M,2015,2014,0,2015-03-20,INR,41089713726000
RBI:CSURYCOM_M_RN(1.0),N_A,CCS2,N_A,M,2015,2014,0,2015-03-20,INR,2258703400000
RBI:CSURYCOM_M_RN(1.0),N_A,CCS1,N_A,M,2016,2015,0,2015-04-17,INR,84017600880000
RBI:CSURYCOM_M_RN(1.0),N_A,CCS11,N_A,M,2016,2015,0,2015-04-17,INR,7946607100000
RBI:CSURYCOM_M_RN(1.0),N_A,CCS12,N_A,M,2016,2015,0,2015-04-17,INR,76070993780000
RBI:CSURYCOM_M_RN(1.0),N_A,CCS1201,N_A,M,2016,2015,0,2015-04-17,INR,34231947201000
RBI:CSURYCOM_M_RN(1.0),N_A,CCS12011,N_A,M,2016,2015,0,2015-04-17,INR,2967692000000
RBI:CSURYCOM_M_RN(1.0),N_A,CCS12012,N_A,M,2016,2015,0,2015-04-17,INR,41839046579000
RBI:CSURYCOM_M_RN(1.0),N_A,CCS1202,N_A,M,2016,2015,0,2015-04-17,INR,41839046579000
RBI:CSURYCOM_M_RN(1.0),N_A,CCS2,N_A,M,2016,2015,0,2015-04-17,INR,2204514900000
RBI:CSURYCOM_M_RN(1.0),N_A,CCS1,N_A,M,2016,2015,0,2015-05-29,INR,84562672690000
RBI:CSURYCOM_M_RN(1.0),N_A,CCS11,N_A,M,2016,2015,0,2015-05-29,INR,8097803700000
RBI:CSURYCOM_M_RN(1.0),N_A,CCS12,N_A,M,2016,2015,0,2015-05-29,INR,76464868990000
RBI:CSURYCOM_M_RN(1.0),N_A,CCS1201,N_A,M,2016,2015,0,2015-05-29,INR,34409191046000
RBI:CSURYCOM_M_RN(1.0),N_A,CCS12011,N_A,M,2016,2015,0,2015-05-29,INR,2531653670000
RBI:CSURYCOM_M_RN(1.0),N_A,CCS12012,N_A,M,2016,2015,0,2015-05-29,INR,42055677944000
RBI:CSURYCOM_M_RN(1.0),N_A,CCS1202,N_A,M,2016,2015,0,2015-05-29,INR,42055677945000
RBI:CSURYCOM_M_RN(1.0),N_A,CCS2,N_A,M,2016,2015,0,2015-05-29,INR,2372217200000
RBI:CSURYCOM_M_RN(1.0),N_A,CCS1,N_A,M,2016,2015,0,2015-06-26,INR,84635850390000.02
RBI:CSURYCOM_M_RN(1.0),N_A,CCS11,N_A,M,2016,2015,0,2015-06-26,INR,8054117900000
RBI:CSURYCOM_M_RN(1.0),N_A,CCS12,N_A,M,2016,2015,0,2015-06-26,INR,76581732490000
RBI:CSURYCOM_M_RN(1.0),N_A,CCS1201,N_A,M,2016,2015,0,2015-06-26,INR,34461779620000
RBI:CSURYCOM_M_RN(1.0),N_A,CCS12011,N_A,M,2016,2015,0,2015-06-26,INR,2223352450000
RBI:CSURYCOM_M_RN(1.0),N_A,CCS12012,N_A,M,2016,2015,0,2015-06-26,INR,42119952870000
RBI:CSURYCOM_M_RN(1.0),N_A,CCS1202,N_A,M,2016,2015,0,2015-06-26,INR,42119952869999.99
RBI:CSURYCOM_M_RN(1.0),N_A,CCS2,N_A,M,2016,2015,0,2015-06-26,INR,2438858700000
RBI:CSURYCOM_M_RN(1.0),N_A,CCS1,N_A,M,2016,2015,0,2015-07-24,INR,85482739520000
RBI:CSURYCOM_M_RN(1.0),N_A,CCS11,N_A,M,2016,2015,0,2015-07-24,INR,7886342100000
RBI:CSURYCOM_M_RN(1.0),N_A,CCS12,N_A,M,2016,2015,0,2015-07-24,INR,77596397420000
RBI:CSURYCOM_M_RN(1.0),N_A,CCS1201,N_A,M,2016,2015,0,2015-07-24,INR,34918378838999.996
RBI:CSURYCOM_M_RN(1.0),N_A,CCS12011,N_A,M,2016,2015,0,2015-07-24,INR,2233825250000
RBI:CSURYCOM_M_RN(1.0),N_A,CCS12012,N_A,M,2016,2015,0,2015-07-24,INR,42678018581000.01
RBI:CSURYCOM_M_RN(1.0),N_A,CCS1202,N_A,M,2016,2015,0,2015-07-24,INR,42678018581000
RBI:CSURYCOM_M_RN(1.0),N_A,CCS2,N_A,M,2016,2015,0,2015-07-24,INR,2390992800000
RBI:CSURYCOM_M_RN(1.0),N_A,CCS1,N_A,M,2016,2015,0,2015-08-21,INR,86150418150000
RBI:CSURYCOM_M_RN(1.0),N_A,CCS11,N_A,M,2016,2015,0,2015-08-21,INR,8050700500000
RBI:CSURYCOM_M_RN(1.0),N_A,CCS12,N_A,M,2016,2015,0,2015-08-21,INR,78099717650000
RBI:CSURYCOM_M_RN(1.0),N_A,CCS1201,N_A,M,2016,2015,0,2015-08-21,INR,35144872943000
RBI:CSURYCOM_M_RN(1.0),N_A,CCS12011,N_A,M,2016,2015,0,2015-08-21,INR,2017320480000
RBI:CSURYCOM_M_RN(1.0),N_A,CCS12012,N_A,M,2016,2015,0,2015-08-21,INR,42954844707000
RBI:CSURYCOM_M_RN(1.0),N_A,CCS1202,N_A,M,2016,2015,0,2015-08-21,INR,42954844708000
RBI:CSURYCOM_M_RN(1.0),N_A,CCS2,N_A,M,2016,2015,0,2015-08-21,INR,2410952400000
RBI:CSURYCOM_M_RN(1.0),N_A,CCS1,N_A,M,2016,2015,0,2015-09-18,INR,86139131680000
RBI:CSURYCOM_M_RN(1.0),N_A,CCS11,N_A,M,2016,2015,0,2015-09-18,INR,8027381400000
RBI:CSURYCOM_M_RN(1.0),N_A,CCS12,N_A,M,2016,2015,0,2015-09-18,INR,78111750280000
RBI:CSURYCOM_M_RN(1.0),N_A,CCS1201,N_A,M,2016,2015,0,2015-09-18,INR,35150287626000
RBI:CSURYCOM_M_RN(1.0),N_A,CCS12011,N_A,M,2016,2015,0,2015-09-18,INR,1798856190000
RBI:CSURYCOM_M_RN(1.0),N_A,CCS12012,N_A,M,2016,2015,0,2015-09-18,INR,42961462654000
RBI:CSURYCOM_M_RN(1.0),N_A,CCS1202,N_A,M,2016,2015,0,2015-09-18,INR,42961462654000
RBI:CSURYCOM_M_RN(1.0),N_A,CCS2,N_A,M,2016,2015,0,2015-09-18,INR,2409960200000
RBI:CSURYCOM_M_RN(1.0),N_A,CCS1,N_A,M,2016,2015,0,2015-10-30,INR,87979592300000
RBI:CSURYCOM_M_RN(1.0),N_A,CCS11,N_A,M,2016,2015,0,2015-10-30,INR,8456633800000
RBI:CSURYCOM_M_RN(1.0),N_A,CCS12,N_A,M,2016,2015,0,2015-10-30,INR,79522958500000
RBI:CSURYCOM_M_RN(1.0),N_A,CCS1201,N_A,M,2016,2015,0,2015-10-30,INR,35785331325000
RBI:CSURYCOM_M_RN(1.0),N_A,CCS12011,N_A,M,2016,2015,0,2015-10-30,INR,1874532310000
RBI:CSURYCOM_M_RN(1.0),N_A,CCS12012,N_A,M,2016,2015,0,2015-10-30,INR,43737627175000
RBI:CSURYCOM_M_RN(1.0),N_A,CCS1202,N_A,M,2016,2015,0,2015-10-30,INR,43737627175000
RBI:CSURYCOM_M_RN(1.0),N_A,CCS2,N_A,M,2016,2015,0,2015-10-30,INR,2377713200000
RBI:CSURYCOM_M_RN(1.0),N_A,CCS1,N_A,M,2016,2015,0,2015-11-27,INR,87729156450000
RBI:CSURYCOM_M_RN(1.0),N_A,CCS11,N_A,M,2016,2015,0,2015-11-27,INR,8300100000000
RBI:CSURYCOM_M_RN(1.0),N_A,CCS12,N_A,M,2016,2015,0,2015-11-27,INR,79429056450000
RBI:CSURYCOM_M_RN(1.0),N_A,CCS1201,N_A,M,2016,2015,0,2015-11-27,INR,35743075403000
RBI:CSURYCOM_M_RN(1.0),N_A,CCS12011,N_A,M,2016,2015,0,2015-11-27,INR,1753750030000
RBI:CSURYCOM_M_RN(1.0),N_A,CCS12012,N_A,M,2016,2015,0,2015-11-27,INR,43685981047000
RBI:CSURYCOM_M_RN(1.0),N_A,CCS1202,N_A,M,2016,2015,0,2015-11-27,INR,43685981048000
RBI:CSURYCOM_M_RN(1.0),N_A,CCS2,N_A,M,2016,2015,0,2015-11-27,INR,2537031200000
RBI:CSURYCOM_M_RN(1.0),N_A,CCS1,N_A,M,2016,2015,0,2015-12-25,INR,88348707480000
RBI:CSURYCOM_M_RN(1.0),N_A,CCS11,N_A,M,2016,2015,0,2015-12-25,INR,8478543900000
RBI:CSURYCOM_M_RN(1.0),N_A,CCS12,N_A,M,2016,2015,0,2015-12-25,INR,79870163580000
RBI:CSURYCOM_M_RN(1.0),N_A,CCS1201,N_A,M,2016,2015,0,2015-12-25,INR,35941573611000
RBI:CSURYCOM_M_RN(1.0),N_A,CCS12011,N_A,M,2016,2015,0,2015-12-25,INR,1999983930000
RBI:CSURYCOM_M_RN(1.0),N_A,CCS12012,N_A,M,2016,2015,0,2015-12-25,INR,43928589969000
RBI:CSURYCOM_M_RN(1.0),N_A,CCS1202,N_A,M,2016,2015,0,2015-12-25,INR,43928589969000
RBI:CSURYCOM_M_RN(1.0),N_A,CCS2,N_A,M,2016,2015,0,2015-12-25,INR,3023515300000.0005
RBI:CSURYCOM_M_RN(1.0),N_A,CCS1,N_A,M,2016,2015,0,2016-01-22,INR,89146630670000
RBI:CSURYCOM_M_RN(1.0),N_A,CCS11,N_A,M,2016,2015,0,2016-01-22,INR,8125898400000
RBI:CSURYCOM_M_RN(1.0),N_A,CCS12,N_A,M,2016,2015,0,2016-01-22,INR,81020732270000
RBI:CSURYCOM_M_RN(1.0),N_A,CCS1201,N_A,M,2016,2015,0,2016-01-22,INR,36459329522000
RBI:CSURYCOM_M_RN(1.0),N_A,CCS12011,N_A,M,2016,2015,0,2016-01-22,INR,2235299710000
RBI:CSURYCOM_M_RN(1.0),N_A,CCS12012,N_A,M,2016,2015,0,2016-01-22,INR,44561402748000
RBI:CSURYCOM_M_RN(1.0),N_A,CCS1202,N_A,M,2016,2015,0,2016-01-22,INR,44561402749000
RBI:CSURYCOM_M_RN(1.0),N_A,CCS2,N_A,M,2016,2015,0,2016-01-22,INR,2878929000000
RBI:CSURYCOM_M_RN(1.0),N_A,CCS1,N_A,M,2016,2015,0,2016-02-19,INR,89898334910000
RBI:CSURYCOM_M_RN(1.0),N_A,CCS11,N_A,M,2016,2015,0,2016-02-19,INR,8403359200000
RBI:CSURYCOM_M_RN(1.0),N_A,CCS12,N_A,M,2016,2015,0,2016-02-19,INR,81494975710000
RBI:CSURYCOM_M_RN(1.0),N_A,CCS1201,N_A,M,2016,2015,0,2016-02-19,INR,36672739070000
RBI:CSURYCOM_M_RN(1.0),N_A,CCS12011,N_A,M,2016,2015,0,2016-02-19,INR,2182143910000
RBI:CSURYCOM_M_RN(1.0),N_A,CCS12012,N_A,M,2016,2015,0,2016-02-19,INR,44822236640000
RBI:CSURYCOM_M_RN(1.0),N_A,CCS1202,N_A,M,2016,2015,0,2016-02-19,INR,44822236640000
RBI:CSURYCOM_M_RN(1.0),N_A,CCS2,N_A,M,2016,2015,0,2016-02-19,INR,3044345800000
RBI:CSURYCOM_M_RN(1.0),N_A,CCS1,N_A,M,2016,2015,0,2016-03-18,INR,90263347210000.02
RBI:CSURYCOM_M_RN(1.0),N_A,CCS11,N_A,M,2016,2015,0,2016-03-18,INR,8889961800000
RBI:CSURYCOM_M_RN(1.0),N_A,CCS12,N_A,M,2016,2015,0,2016-03-18,INR,81373385410000
RBI:CSURYCOM_M_RN(1.0),N_A,CCS1201,N_A,M,2016,2015,0,2016-03-18,INR,36618023434000
RBI:CSURYCOM_M_RN(1.0),N_A,CCS12011,N_A,M,2016,2015,0,2016-03-18,INR,2068161669999.9998
RBI:CSURYCOM_M_RN(1.0),N_A,CCS12012,N_A,M,2016,2015,0,2016-03-18,INR,44755361976000
RBI:CSURYCOM_M_RN(1.0),N_A,CCS1202,N_A,M,2016,2015,0,2016-03-18,INR,44755361975000
RBI:CSURYCOM_M_RN(1.0),N_A,CCS2,N_A,M,2016,2015,0,2016-03-18,INR,2989763700000
RBI:CSURYCOM_M_RN(1.0),N_A,CCS1,N_A,M,2017,2016,0,2016-04-29,INR,92215441580000
RBI:CSURYCOM_M_RN(1.0),N_A,CCS11,N_A,M,2017,2016,0,2016-04-29,INR,9037633000000
RBI:CSURYCOM_M_RN(1.0),N_A,CCS12,N_A,M,2017,2016,0,2016-04-29,INR,83177808580000
RBI:CSURYCOM_M_RN(1.0),N_A,CCS1201,N_A,M,2017,2016,0,2016-04-29,INR,37430013861000
RBI:CSURYCOM_M_RN(1.0),N_A,CCS12011,N_A,M,2017,2016,0,2016-04-29,INR,2506011850000
RBI:CSURYCOM_M_RN(1.0),N_A,CCS12012,N_A,M,2017,2016,0,2016-04-29,INR,45747794719000
RBI:CSURYCOM_M_RN(1.0),N_A,CCS1202,N_A,M,2017,2016,0,2016-04-29,INR,45747794719000
RBI:CSURYCOM_M_RN(1.0),N_A,CCS2,N_A,M,2017,2016,0,2016-04-29,INR,2959569699999.9995
RBI:CSURYCOM_M_RN(1.0),N_A,CCS1,N_A,M,2017,2016,0,2016-05-27,INR,92080655289999.98
RBI:CSURYCOM_M_RN(1.0),N_A,CCS11,N_A,M,2017,2016,0,2016-05-27,INR,8755754200000
RBI:CSURYCOM_M_RN(1.0),N_A,CCS12,N_A,M,2017,2016,0,2016-05-27,INR,83324901090000
RBI:CSURYCOM_M_RN(1.0),N_A,CCS1201,N_A,M,2017,2016,0,2016-05-27,INR,37496205490500
RBI:CSURYCOM_M_RN(1.0),N_A,CCS12011,N_A,M,2017,2016,0,2016-05-27,INR,2261649310000
RBI:CSURYCOM_M_RN(1.0),N_A,CCS12012,N_A,M,2017,2016,0,2016-05-27,INR,45828695599500
RBI:CSURYCOM_M_RN(1.0),N_A,CCS1202,N_A,M,2017,2016,0,2016-05-27,INR,45828695599500
RBI:CSURYCOM_M_RN(1.0),N_A,CCS2,N_A,M,2017,2016,0,2016-05-27,INR,2949312600000
RBI:CSURYCOM_M_RN(1.0),N_A,CCS1,N_A,M,2017,2016,0,2016-06-24,INR,92344341160000
RBI:CSURYCOM_M_RN(1.0),N_A,CCS11,N_A,M,2017,2016,0,2016-06-24,INR,8847108400000
RBI:CSURYCOM_M_RN(1.0),N_A,CCS12,N_A,M,2017,2016,0,2016-06-24,INR,83497232760000
RBI:CSURYCOM_M_RN(1.0),N_A,CCS1201,N_A,M,2017,2016,0,2016-06-24,INR,37573754742000
RBI:CSURYCOM_M_RN(1.0),N_A,CCS12011,N_A,M,2017,2016,0,2016-06-24,INR,3211632810000
RBI:CSURYCOM_M_RN(1.0),N_A,CCS12012,N_A,M,2017,2016,0,2016-06-24,INR,45923478018000
RBI:CSURYCOM_M_RN(1.0),N_A,CCS1202,N_A,M,2017,2016,0,2016-06-24,INR,45923478017999.99
RBI:CSURYCOM_M_RN(1.0),N_A,CCS2,N_A,M,2017,2016,0,2016-06-24,INR,2954947500000
RBI:CSURYCOM_M_RN(1.0),N_A,CCS1,N_A,M,2017,2016,0,2016-07-22,INR,93184918740000
RBI:CSURYCOM_M_RN(1.0),N_A,CCS11,N_A,M,2017,2016,0,2016-07-22,INR,8671846500000
RBI:CSURYCOM_M_RN(1.0),N_A,CCS12,N_A,M,2017,2016,0,2016-07-22,INR,84513072240000
RBI:CSURYCOM_M_RN(1.0),N_A,CCS1201,N_A,M,2017,2016,0,2016-07-22,INR,38030882508000
RBI:CSURYCOM_M_RN(1.0),N_A,CCS12011,N_A,M,2017,2016,0,2016-07-22,INR,1755498630000
RBI:CSURYCOM_M_RN(1.0),N_A,CCS12012,N_A,M,2017,2016,0,2016-07-22,INR,46482189732000
RBI:CSURYCOM_M_RN(1.0),N_A,CCS1202,N_A,M,2017,2016,0,2016-07-22,INR,46482189732000
RBI:CSURYCOM_M_RN(1.0),N_A,CCS2,N_A,M,2017,2016,0,2016-07-22,INR,2907248200000
RBI:CSURYCOM_M_RN(1.0),N_A,CCS1,N_A,M,2017,2016,0,2016-08-19,INR,93713914670000
RBI:CSURYCOM_M_RN(1.0),N_A,CCS11,N_A,M,2017,2016,0,2016-08-19,INR,8905535000000
RBI:CSURYCOM_M_RN(1.0),N_A,CCS12,N_A,M,2017,2016,0,2016-08-19,INR,84808379670000
RBI:CSURYCOM_M_RN(1.0),N_A,CCS1201,N_A,M,2017,2016,0,2016-08-19,INR,38163770852000
RBI:CSURYCOM_M_RN(1.0),N_A,CCS12011,N_A,M,2017,2016,0,2016-08-19,INR,1606949500000
RBI:CSURYCOM_M_RN(1.0),N_A,CCS12012,N_A,M,2017,2016,0,2016-08-19,INR,46644608818000
RBI:CSURYCOM_M_RN(1.0),N_A,CCS1202,N_A,M,2017,2016,0,2016-08-19,INR,46644608819000
RBI:CSURYCOM_M_RN(1.0),N_A,CCS2,N_A,M,2017,2016,0,2016-08-19,INR,3043298200000
RBI:CSURYCOM_M_RN(1.0),N_A,CCS1,N_A,M,2017,2016,0,2016-09-30,INR,98043990910000
RBI:CSURYCOM_M_RN(1.0),N_A,CCS11,N_A,M,2017,2016,0,2016-09-30,INR,10465772400000
RBI:CSURYCOM_M_RN(1.0),N_A,CCS12,N_A,M,2017,2016,0,2016-09-30,INR,87578218510000
RBI:CSURYCOM_M_RN(1.0),N_A,CCS1201,N_A,M,2017,2016,0,2016-09-30,INR,39410198329000
RBI:CSURYCOM_M_RN(1.0),N_A,CCS12011,N_A,M,2017,2016,0,2016-09-30,INR,1864133310000
RBI:CSURYCOM_M_RN(1.0),N_A,CCS12012,N_A,M,2017,2016,0,2016-09-30,INR,48168020181000
RBI:CSURYCOM_M_RN(1.0),N_A,CCS1202,N_A,M,2017,2016,0,2016-09-30,INR,48168020180000
RBI:CSURYCOM_M_RN(1.0),N_A,CCS2,N_A,M,2017,2016,0,2016-09-30,INR,2948523900000
RBI:CSURYCOM_M_RN(1.0),N_A,CCS1,N_A,M,2017,2016,0,2016-10-28,INR,96743288140000
RBI:CSURYCOM_M_RN(1.0),N_A,CCS11,N_A,M,2017,2016,0,2016-10-28,INR,9342707900000
RBI:CSURYCOM_M_RN(1.0),N_A,CCS12,N_A,M,2017,2016,0,2016-10-28,INR,87400580240000
RBI:CSURYCOM_M_RN(1.0),N_A,CCS1201,N_A,M,2017,2016,0,2016-10-28,INR,39330261108000
RBI:CSURYCOM_M_RN(1.0),N_A,CCS12011,N_A,M,2017,2016,0,2016-10-28,INR,1821476370000
RBI:CSURYCOM_M_RN(1.0),N_A,CCS12012,N_A,M,2017,2016,0,2016-10-28,INR,48070319132000
RBI:CSURYCOM_M_RN(1.0),N_A,CCS1202,N_A,M,2017,2016,0,2016-10-28,INR,48070319132000
RBI:CSURYCOM_M_RN(1.0),N_A,CCS2,N_A,M,2017,2016,0,2016-10-28,INR,3011301900000
RBI:CSURYCOM_M_RN(1.0),N_A,CCS1,N_A,M,2017,2016,0,2016-11-25,INR,102997290330000
RBI:CSURYCOM_M_RN(1.0),N_A,CCS11,N_A,M,2017,2016,0,2016-11-25,INR,10771166299999.998
RBI:CSURYCOM_M_RN(1.0),N_A,CCS12,N_A,M,2017,2016,0,2016-11-25,INR,92226124030000.02
RBI:CSURYCOM_M_RN(1.0),N_A,CCS1201,N_A,M,2017,2016,0,2016-11-25,INR,41501755814000
RBI:CSURYCOM_M_RN(1.0),N_A,CCS12011,N_A,M,2017,2016,0,2016-11-25,INR,1720596179999.9998
RBI:CSURYCOM_M_RN(1.0),N_A,CCS12012,N_A,M,2017,2016,0,2016-11-25,INR,50724368216000.02
RBI:CSURYCOM_M_RN(1.0),N_A,CCS1202,N_A,M,2017,2016,0,2016-11-25,INR,50724368217000
RBI:CSURYCOM_M_RN(1.0),N_A,CCS2,N_A,M,2017,2016,0,2016-11-25,INR,3271984200000
RBI:CSURYCOM_M_RN(1.0),N_A,CCS1,N_A,M,2017,2016,0,2016-12-23,INR,103252467690000
RBI:CSURYCOM_M_RN(1.0),N_A,CCS11,N_A,M,2017,2016,0,2016-12-23,INR,10785287900000
RBI:CSURYCOM_M_RN(1.0),N_A,CCS12,N_A,M,2017,2016,0,2016-12-23,INR,92467179790000
RBI:CSURYCOM_M_RN(1.0),N_A,CCS1201,N_A,M,2017,2016,0,2016-12-23,INR,41610230906000
RBI:CSURYCOM_M_RN(1.0),N_A,CCS12011,N_A,M,2017,2016,0,2016-12-23,INR,1479446260000
RBI:CSURYCOM_M_RN(1.0),N_A,CCS12012,N_A,M,2017,2016,0,2016-12-23,INR,50856948884000
RBI:CSURYCOM_M_RN(1.0),N_A,CCS1202,N_A,M,2017,2016,0,2016-12-23,INR,50856948883999.99
RBI:CSURYCOM_M_RN(1.0),N_A,CCS2,N_A,M,2017,2016,0,2016-12-23,INR,3390292000000
RBI:CSURYCOM_M_RN(1.0),N_A,CCS1,N_A,M,2017,2016,0,2017-01-20,INR,103007615910000
RBI:CSURYCOM_M_RN(1.0),N_A,CCS11,N_A,M,2017,2016,0,2017-01-20,INR,10545493100000
RBI:CSURYCOM_M_RN(1.0),N_A,CCS12,N_A,M,2017,2016,0,2017-01-20,INR,92462122810000
RBI:CSURYCOM_M_RN(1.0),N_A,CCS1201,N_A,M,2017,2016,0,2017-01-20,INR,41607955265000
RBI:CSURYCOM_M_RN(1.0),N_A,CCS12011,N_A,M,2017,2016,0,2017-01-20,INR,1505405520000
RBI:CSURYCOM_M_RN(1.0),N_A,CCS12012,N_A,M,2017,2016,0,2017-01-20,INR,50854167545000
RBI:CSURYCOM_M_RN(1.0),N_A,CCS1202,N_A,M,2017,2016,0,2017-01-20,INR,50854167546000
RBI:CSURYCOM_M_RN(1.0),N_A,CCS2,N_A,M,2017,2016,0,2017-01-20,INR,3283848200000
RBI:CSURYCOM_M_RN(1.0),N_A,CCS1,N_A,M,2017,2016,0,2017-02-17,INR,103000106180000
RBI:CSURYCOM_M_RN(1.0),N_A,CCS11,N_A,M,2017,2016,0,2017-02-17,INR,10576482700000
RBI:CSURYCOM_M_RN(1.0),N_A,CCS12,N_A,M,2017,2016,0,2017-02-17,INR,92423623480000
RBI:CSURYCOM_M_RN(1.0),N_A,CCS1201,N_A,M,2017,2016,0,2017-02-17,INR,41590630566000
RBI:CSURYCOM_M_RN(1.0),N_A,CCS12011,N_A,M,2017,2016,0,2017-02-17,INR,1475591830000
RBI:CSURYCOM_M_RN(1.0),N_A,CCS12012,N_A,M,2017,2016,0,2017-02-17,INR,50832992914000
RBI:CSURYCOM_M_RN(1.0),N_A,CCS1202,N_A,M,2017,2016,0,2017-02-17,INR,50832992914000.01
RBI:CSURYCOM_M_RN(1.0),N_A,CCS2,N_A,M,2017,2016,0,2017-02-17,INR,3367255100000
RBI:CSURYCOM_M_RN(1.0),N_A,CCS1,N_A,M,2017,2016,0,2017-03-31,INR,106200258287000
RBI:CSURYCOM_M_RN(1.0),N_A,CCS11,N_A,M,2017,2016,0,2017-03-31,INR,12814392802000
RBI:CSURYCOM_M_RN(1.0),N_A,CCS12,N_A,M,2017,2016,0,2017-03-31,INR,93385865485000
RBI:CSURYCOM_M_RN(1.0),N_A,CCS1201,N_A,M,2017,2016,0,2017-03-31,INR,42023639468000
RBI:CSURYCOM_M_RN(1.0),N_A,CCS12011,N_A,M,2017,2016,0,2017-03-31,INR,1570571650000
RBI:CSURYCOM_M_RN(1.0),N_A,CCS12012,N_A,M,2017,2016,0,2017-03-31,INR,51362226017000
RBI:CSURYCOM_M_RN(1.0),N_A,CCS1202,N_A,M,2017,2016,0,2017-03-31,INR,51362226017000.01
RBI:CSURYCOM_M_RN(1.0),N_A,CCS2,N_A,M,2017,2016,0,2017-03-31,INR,3163200299000
RBI:CSURYCOM_M_RN(1.0),N_A,CCS1,N_A,M,2018,2017,0,2017-04-28,INR,104283394690000
RBI:CSURYCOM_M_RN(1.0),N_A,CCS11,N_A,M,2018,2017,0,2017-04-28,INR,11177157177000
RBI:CSURYCOM_M_RN(1.0),N_A,CCS12,N_A,M,2018,2017,0,2017-04-28,INR,93106237513000
RBI:CSURYCOM_M_RN(1.0),N_A,CCS1201,N_A,M,2018,2017,0,2017-04-28,INR,41897806881000
RBI:CSURYCOM_M_RN(1.0),N_A,CCS12011,N_A,M,2018,2017,0,2017-04-28,INR,1779812800000
RBI:CSURYCOM_M_RN(1.0),N_A,CCS12012,N_A,M,2018,2017,0,2017-04-28,INR,51208430632000
RBI:CSURYCOM_M_RN(1.0),N_A,CCS1202,N_A,M,2018,2017,0,2017-04-28,INR,51208430632000
RBI:CSURYCOM_M_RN(1.0),N_A,CCS2,N_A,M,2018,2017,0,2017-04-28,INR,2984811682000
RBI:CSURYCOM_M_RN(1.0),N_A,CCS1,N_A,M,2018,2017,0,2017-05-26,INR,103603782716000
RBI:CSURYCOM_M_RN(1.0),N_A,CCS11,N_A,M,2018,2017,0,2017-05-26,INR,10776357224000
RBI:CSURYCOM_M_RN(1.0),N_A,CCS12,N_A,M,2018,2017,0,2017-05-26,INR,92827425492000
RBI:CSURYCOM_M_RN(1.0),N_A,CCS1201,N_A,M,2018,2017,0,2017-05-26,INR,41772341471000
RBI:CSURYCOM_M_RN(1.0),N_A,CCS12011,N_A,M,2018,2017,0,2017-05-26,INR,1556974210000
RBI:CSURYCOM_M_RN(1.0),N_A,CCS12012,N_A,M,2018,2017,0,2017-05-26,INR,51055084021000
RBI:CSURYCOM_M_RN(1.0),N_A,CCS1202,N_A,M,2018,2017,0,2017-05-26,INR,51055084020999.99
RBI:CSURYCOM_M_RN(1.0),N_A,CCS2,N_A,M,2018,2017,0,2017-05-26,INR,3025518956000
RBI:CSURYCOM_M_RN(1.0),N_A,CCS1,N_A,M,2018,2017,0,2017-06-23,INR,104131926907000
RBI:CSURYCOM_M_RN(1.0),N_A,CCS11,N_A,M,2018,2017,0,2017-06-23,INR,11150877094000
RBI:CSURYCOM_M_RN(1.0),N_A,CCS12,N_A,M,2018,2017,0,2017-06-23,INR,92981049813000
RBI:CSURYCOM_M_RN(1.0),N_A,CCS1201,N_A,M,2018,2017,0,2017-06-23,INR,41841472416000
RBI:CSURYCOM_M_RN(1.0),N_A,CCS12011,N_A,M,2018,2017,0,2017-06-23,INR,1267693790000
RBI:CSURYCOM_M_RN(1.0),N_A,CCS12012,N_A,M,2018,2017,0,2017-06-23,INR,51139577397000
RBI:CSURYCOM_M_RN(1.0),N_A,CCS1202,N_A,M,2018,2017,0,2017-06-23,INR,51139577397000
RBI:CSURYCOM_M_RN(1.0),N_A,CCS2,N_A,M,2018,2017,0,2017-06-23,INR,2909822232000
RBI:CSURYCOM_M_RN(1.0),N_A,CCS1,N_A,M,2018,2017,0,2017-07-21,INR,104381082515000
RBI:CSURYCOM_M_RN(1.0),N_A,CCS11,N_A,M,2018,2017,0,2017-07-21,INR,10869371415000
RBI:CSURYCOM_M_RN(1.0),N_A,CCS12,N_A,M,2018,2017,0,2017-07-21,INR,93511711100000
RBI:CSURYCOM_M_RN(1.0),N_A,CCS1201,N_A,M,2018,2017,0,2017-07-21,INR,42080269995000
RBI:CSURYCOM_M_RN(1.0),N_A,CCS12011,N_A,M,2018,2017,0,2017-07-21,INR,1239620610000
RBI:CSURYCOM_M_RN(1.0),N_A,CCS12012,N_A,M,2018,2017,0,2017-07-21,INR,51431441105000
RBI:CSURYCOM_M_RN(1.0),N_A,CCS1202,N_A,M,2018,2017,0,2017-07-21,INR,51431441105000.01
RBI:CSURYCOM_M_RN(1.0),N_A,CCS2,N_A,M,2018,2017,0,2017-07-21,INR,2936099403000
RBI:CSURYCOM_M_RN(1.0),N_A,CCS1,N_A,M,2018,2017,0,2017-08-18,INR,104958364955000
RBI:CSURYCOM_M_RN(1.0),N_A,CCS11,N_A,M,2018,2017,0,2017-08-18,INR,11037055692000
RBI:CSURYCOM_M_RN(1.0),N_A,CCS12,N_A,M,2018,2017,0,2017-08-18,INR,93921309263000
RBI:CSURYCOM_M_RN(1.0),N_A,CCS1201,N_A,M,2018,2017,0,2017-08-18,INR,42264589168999.99
RBI:CSURYCOM_M_RN(1.0),N_A,CCS12011,N_A,M,2018,2017,0,2017-08-18,INR,1162093590000
RBI:CSURYCOM_M_RN(1.0),N_A,CCS12012,N_A,M,2018,2017,0,2017-08-18,INR,51656720094000.01
RBI:CSURYCOM_M_RN(1.0),N_A,CCS1202,N_A,M,2018,2017,0,2017-08-18,INR,51656720095000
RBI:CSURYCOM_M_RN(1.0),N_A,CCS2,N_A,M,2018,2017,0,2017-08-18,INR,2971176856000.0005
RBI:CSURYCOM_M_RN(1.0),N_A,CCS1,N_A,M,2018,2017,0,2017-09-29,INR,107826743030999.98
RBI:CSURYCOM_M_RN(1.0),N_A,CCS11,N_A,M,2018,2017,0,2017-09-29,INR,12368795677000
RBI:CSURYCOM_M_RN(1.0),N_A,CCS12,N_A,M,2018,2017,0,2017-09-29,INR,95457947354000
RBI:CSURYCOM_M_RN(1.0),N_A,CCS1201,N_A,M,2018,2017,0,2017-09-29,INR,42956076309000
RBI:CSURYCOM_M_RN(1.0),N_A,CCS12011,N_A,M,2018,2017,0,2017-09-29,INR,1156996450000
RBI:CSURYCOM_M_RN(1.0),N_A,CCS12012,N_A,M,2018,2017,0,2017-09-29,INR,52501871045000
RBI:CSURYCOM_M_RN(1.0),N_A,CCS1202,N_A,M,2018,2017,0,2017-09-29,INR,52501871043999.99
RBI:CSURYCOM_M_RN(1.0),N_A,CCS2,N_A,M,2018,2017,0,2017-09-29,INR,3089201093000
RBI:CSURYCOM_M_RN(1.0),N_A,CCS1,N_A,M,2018,2017,0,2017-10-27,INR,106604515471000
RBI:CSURYCOM_M_RN(1.0),N_A,CCS11,N_A,M,2018,2017,0,2017-10-27,INR,11406973969000
RBI:CSURYCOM_M_RN(1.0),N_A,CCS12,N_A,M,2018,2017,0,2017-10-27,INR,95197541502000
RBI:CSURYCOM_M_RN(1.0),N_A,CCS1201,N_A,M,2018,2017,0,2017-10-27,INR,42838893676000.01
RBI:CSURYCOM_M_RN(1.0),N_A,CCS12011,N_A,M,2018,2017,0,2017-10-27,INR,1300791130000
RBI:CSURYCOM_M_RN(1.0),N_A,CCS12012,N_A,M,2018,2017,0,2017-10-27,INR,52358647825999.99
RBI:CSURYCOM_M_RN(1.0),N_A,CCS1202,N_A,M,2018,2017,0,2017-10-27,INR,52358647825999.99
RBI:CSURYCOM_M_RN(1.0),N_A,CCS2,N_A,M,2018,2017,0,2017-10-27,INR,3231114930000
RBI:CSURYCOM_M_RN(1.0),N_A,CCS1,N_A,M,2018,2017,0,2017-11-24,INR,106556174383000
RBI:CSURYCOM_M_RN(1.0),N_A,CCS11,N_A,M,2018,2017,0,2017-11-24,INR,11132329677000
RBI:CSURYCOM_M_RN(1.0),N_A,CCS12,N_A,M,2018,2017,0,2017-11-24,INR,95423844706000
RBI:CSURYCOM_M_RN(1.0),N_A,CCS1201,N_A,M,2018,2017,0,2017-11-24,INR,42940730118000.01
RBI:CSURYCOM_M_RN(1.0),N_A,CCS12011,N_A,M,2018,2017,0,2017-11-24,INR,1273822450000
RBI:CSURYCOM_M_RN(1.0),N_A,CCS12012,N_A,M,2018,2017,0,2017-11-24,INR,52483114587999.99
RBI:CSURYCOM_M_RN(1.0),N_A,CCS1202,N_A,M,2018,2017,0,2017-11-24,INR,52483114588000
RBI:CSURYCOM_M_RN(1.0),N_A,CCS2,N_A,M,2018,2017,0,2017-11-24,INR,3197129025999.9995
RBI:CSURYCOM_M_RN(1.0),N_A,CCS1,N_A,M,2018,2017,0,2017-12-22,INR,106807953937000
RBI:CSURYCOM_M_RN(1.0),N_A,CCS11,N_A,M,2018,2017,0,2017-12-22,INR,11339614728000.002
RBI:CSURYCOM_M_RN(1.0),N_A,CCS12,N_A,M,2018,2017,0,2017-12-22,INR,95468339209000
RBI:CSURYCOM_M_RN(1.0),N_A,CCS1201,N_A,M,2018,2017,0,2017-12-22,INR,42960752644000
RBI:CSURYCOM_M_RN(1.0),N_A,CCS12011,N_A,M,2018,2017,0,2017-12-22,INR,1281468510000
RBI:CSURYCOM_M_RN(1.0),N_A,CCS12012,N_A,M,2018,2017,0,2017-12-22,INR,52507586565000
RBI:CSURYCOM_M_RN(1.0),N_A,CCS1202,N_A,M,2018,2017,0,2017-12-22,INR,52507586564999.99
RBI:CSURYCOM_M_RN(1.0),N_A,CCS2,N_A,M,2018,2017,0,2017-12-22,INR,3219254718000
RBI:CSURYCOM_M_RN(1.0),N_A,CCS1,N_A,M,2018,2017,0,2018-01-19,INR,107844465304000
RBI:CSURYCOM_M_RN(1.0),N_A,CCS11,N_A,M,2018,2017,0,2018-01-19,INR,11121364007000.002
RBI:CSURYCOM_M_RN(1.0),N_A,CCS12,N_A,M,2018,2017,0,2018-01-19,INR,96723101297000
RBI:CSURYCOM_M_RN(1.0),N_A,CCS1201,N_A,M,2018,2017,0,2018-01-19,INR,43525395584000.01
RBI:CSURYCOM_M_RN(1.0),N_A,CCS12011,N_A,M,2018,2017,0,2018-01-19,INR,1864065220000
RBI:CSURYCOM_M_RN(1.0),N_A,CCS12012,N_A,M,2018,2017,0,2018-01-19,INR,53197705712999.99
RBI:CSURYCOM_M_RN(1.0),N_A,CCS1202,N_A,M,2018,2017,0,2018-01-19,INR,53197705713000
RBI:CSURYCOM_M_RN(1.0),N_A,CCS2,N_A,M,2018,2017,0,2018-01-19,INR,3552414040000
RBI:CSURYCOM_M_RN(1.0),N_A,CCS1,N_A,M,2018,2017,0,2018-02-16,INR,108579826658000
RBI:CSURYCOM_M_RN(1.0),N_A,CCS11,N_A,M,2018,2017,0,2018-02-16,INR,11277649077000.002
RBI:CSURYCOM_M_RN(1.0),N_A,CCS12,N_A,M,2018,2017,0,2018-02-16,INR,97302177581000
RBI:CSURYCOM_M_RN(1.0),N_A,CCS1201,N_A,M,2018,2017,0,2018-02-16,INR,43785979911000
RBI:CSURYCOM_M_RN(1.0),N_A,CCS12011,N_A,M,2018,2017,0,2018-02-16,INR,1801080390000
RBI:CSURYCOM_M_RN(1.0),N_A,CCS12012,N_A,M,2018,2017,0,2018-02-16,INR,53516197670000
RBI:CSURYCOM_M_RN(1.0),N_A,CCS1202,N_A,M,2018,2017,0,2018-02-16,INR,53516197669000
RBI:CSURYCOM_M_RN(1.0),N_A,CCS2,N_A,M,2018,2017,0,2018-02-16,INR,3600038948000
RBI:CSURYCOM_M_RN(1.0),N_A,CCS1,N_A,M,2018,2017,0,2018-03-30,INR,112794201353000
RBI:CSURYCOM_M_RN(1.0),N_A,CCS11,N_A,M,2018,2017,0,2018-03-30,INR,13702821319000
RBI:CSURYCOM_M_RN(1.0),N_A,CCS12,N_A,M,2018,2017,0,2018-03-30,INR,99091380034000
RBI:CSURYCOM_M_RN(1.0),N_A,CCS1201,N_A,M,2018,2017,0,2018-03-30,INR,44591121015000
RBI:CSURYCOM_M_RN(1.0),N_A,CCS12011,N_A,M,2018,2017,0,2018-03-30,INR,1931059420000
RBI:CSURYCOM_M_RN(1.0),N_A,CCS12012,N_A,M,2018,2017,0,2018-03-30,INR,54500259019000
RBI:CSURYCOM_M_RN(1.0),N_A,CCS1202,N_A,M,2018,2017,0,2018-03-30,INR,54500259019000
RBI:CSURYCOM_M_RN(1.0),N_A,CCS2,N_A,M,2018,2017,0,2018-03-30,INR,3657084079000
RBI:CSURYCOM_M_RN(1.0),N_A,CCS1,N_A,M,2019,2018,0,2018-04-27,INR,112315265348000
RBI:CSURYCOM_M_RN(1.0),N_A,CCS11,N_A,M,2019,2018,0,2018-04-27,INR,12175799787000
RBI:CSURYCOM_M_RN(1.0),N_A,CCS12,N_A,M,2019,2018,0,2018-04-27,INR,100139465561000
RBI:CSURYCOM_M_RN(1.0),N_A,CCS1201,N_A,M,2019,2018,0,2018-04-27,INR,45062759502000
RBI:CSURYCOM_M_RN(1.0),N_A,CCS12011,N_A,M,2019,2018,0,2018-04-27,INR,2160438770000
RBI:CSURYCOM_M_RN(1.0),N_A,CCS12012,N_A,M,2019,2018,0,2018-04-27,INR,55076706059000
RBI:CSURYCOM_M_RN(1.0),N_A,CCS1202,N_A,M,2019,2018,0,2018-04-27,INR,55076706058000
RBI:CSURYCOM_M_RN(1.0),N_A,CCS2,N_A,M,2019,2018,0,2018-04-27,INR,3544785373000.0005
RBI:CSURYCOM_M_RN(1.0),N_A,CCS1,N_A,M,2019,2018,0,2018-05-25,INR,111982901539999.98
RBI:CSURYCOM_M_RN(1.0),N_A,CCS11,N_A,M,2019,2018,0,2018-05-25,INR,11698866122000
RBI:CSURYCOM_M_RN(1.0),N_A,CCS12,N_A,M,2019,2018,0,2018-05-25,INR,100284035418000
RBI:CSURYCOM_M_RN(1.0),N_A,CCS1201,N_A,M,2019,2018,0,2018-05-25,INR,45127815938000
RBI:CSURYCOM_M_RN(1.0),N_A,CCS12011,N_A,M,2019,2018,0,2018-05-25,INR,2123929490000
RBI:CSURYCOM_M_RN(1.0),N_A,CCS12012,N_A,M,2019,2018,0,2018-05-25,INR,55156219480000
RBI:CSURYCOM_M_RN(1.0),N_A,CCS1202,N_A,M,2019,2018,0,2018-05-25,INR,55156219480000
RBI:CSURYCOM_M_RN(1.0),N_A,CCS2,N_A,M,2019,2018,0,2018-05-25,INR,3670744530000
RBI:CSURYCOM_M_RN(1.0),N_A,CCS1,N_A,M,2019,2018,0,2018-06-22,INR,111963158078000
RBI:CSURYCOM_M_RN(1.0),N_A,CCS11,N_A,M,2019,2018,0,2018-06-22,INR,11763262744000
RBI:CSURYCOM_M_RN(1.0),N_A,CCS12,N_A,M,2019,2018,0,2018-06-22,INR,100199895333999.98
RBI:CSURYCOM_M_RN(1.0),N_A,CCS1201,N_A,M,2019,2018,0,2018-06-22,INR,45089952900000
RBI:CSURYCOM_M_RN(1.0),N_A,CCS12011,N_A,M,2019,2018,0,2018-06-22,INR,1797761700000.0002
RBI:CSURYCOM_M_RN(1.0),N_A,CCS12012,N_A,M,2019,2018,0,2018-06-22,INR,55109942433999.98
RBI:CSURYCOM_M_RN(1.0),N_A,CCS1202,N_A,M,2019,2018,0,2018-06-22,INR,55109942434000
RBI:CSURYCOM_M_RN(1.0),N_A,CCS2,N_A,M,2019,2018,0,2018-06-22,INR,3845319563000
RBI:CSURYCOM_M_RN(1.0),N_A,CCS1,N_A,M,2019,2018,0,2018-07-20,INR,112768653590000
RBI:CSURYCOM_M_RN(1.0),N_A,CCS11,N_A,M,2019,2018,0,2018-07-20,INR,11621941294000
RBI:CSURYCOM_M_RN(1.0),N_A,CCS12,N_A,M,2019,2018,0,2018-07-20,INR,101146712296000
RBI:CSURYCOM_M_RN(1.0),N_A,CCS1201,N_A,M,2019,2018,0,2018-07-20,INR,45516020533000
RBI:CSURYCOM_M_RN(1.0),N_A,CCS12011,N_A,M,2019,2018,0,2018-07-20,INR,1709896660000
RBI:CSURYCOM_M_RN(1.0),N_A,CCS12012,N_A,M,2019,2018,0,2018-07-20,INR,55630691763000
RBI:CSURYCOM_M_RN(1.0),N_A,CCS1202,N_A,M,2019,2018,0,2018-07-20,INR,55630691763000.01
RBI:CSURYCOM_M_RN(1.0),N_A,CCS2,N_A,M,2019,2018,0,2018-07-20,INR,3526206131000
RBI:CSURYCOM_M_RN(1.0),N_A,CCS1,N_A,M,2019,2018,0,2018-08-31,INR,114829909940000.02
RBI:CSURYCOM_M_RN(1.0),N_A,CCS11,N_A,M,2019,2018,0,2018-08-31,INR,12290343695000
RBI:CSURYCOM_M_RN(1.0),N_A,CCS12,N_A,M,2019,2018,0,2018-08-31,INR,102539566246000
RBI:CSURYCOM_M_RN(1.0),N_A,CCS1201,N_A,M,2019,2018,0,2018-08-31,INR,46142804811000.01
RBI:CSURYCOM_M_RN(1.0),N_A,CCS12011,N_A,M,2019,2018,0,2018-08-31,INR,1688560400000
RBI:CSURYCOM_M_RN(1.0),N_A,CCS12012,N_A,M,2019,2018,0,2018-08-31,INR,56396761434999.99
RBI:CSURYCOM_M_RN(1.0),N_A,CCS1202,N_A,M,2019,2018,0,2018-08-31,INR,56396761435000
RBI:CSURYCOM_M_RN(1.0),N_A,CCS2,N_A,M,2019,2018,0,2018-08-31,INR,3623195066000
RBI:CSURYCOM_M_RN(1.0),N_A,CCS1,N_A,M,2019,2018,0,2018-09-28,INR,116337301186000
RBI:CSURYCOM_M_RN(1.0),N_A,CCS11,N_A,M,2019,2018,0,2018-09-28,INR,13095875815000
RBI:CSURYCOM_M_RN(1.0),N_A,CCS12,N_A,M,2019,2018,0,2018-09-28,INR,103241425370000
RBI:CSURYCOM_M_RN(1.0),N_A,CCS1201,N_A,M,2019,2018,0,2018-09-28,INR,46458641416999.99
RBI:CSURYCOM_M_RN(1.0),N_A,CCS12011,N_A,M,2019,2018,0,2018-09-28,INR,1598606890000.0002
RBI:CSURYCOM_M_RN(1.0),N_A,CCS12012,N_A,M,2019,2018,0,2018-09-28,INR,56782783953000.01
RBI:CSURYCOM_M_RN(1.0),N_A,CCS1202,N_A,M,2019,2018,0,2018-09-28,INR,56782783954000
RBI:CSURYCOM_M_RN(1.0),N_A,CCS2,N_A,M,2019,2018,0,2018-09-28,INR,3750261601000
RBI:CSURYCOM_M_RN(1.0),N_A,CCS1,N_A,M,2019,2018,0,2018-10-26,INR,116046155462000
RBI:CSURYCOM_M_RN(1.0),N_A,CCS11,N_A,M,2019,2018,0,2018-10-26,INR,12375898527000
RBI:CSURYCOM_M_RN(1.0),N_A,CCS12,N_A,M,2019,2018,0,2018-10-26,INR,103670256934999.98
RBI:CSURYCOM_M_RN(1.0),N_A,CCS1201,N_A,M,2019,2018,0,2018-10-26,INR,46651615621000
RBI:CSURYCOM_M_RN(1.0),N_A,CCS12011,N_A,M,2019,2018,0,2018-10-26,INR,1622036310000
RBI:CSURYCOM_M_RN(1.0),N_A,CCS12012,N_A,M,2019,2018,0,2018-10-26,INR,57018641313999.98
RBI:CSURYCOM_M_RN(1.0),N_A,CCS1202,N_A,M,2019,2018,0,2018-10-26,INR,57018641314000
RBI:CSURYCOM_M_RN(1.0),N_A,CCS2,N_A,M,2019,2018,0,2018-10-26,INR,3714654660000
RBI:CSURYCOM_M_RN(1.0),N_A,CCS1,N_A,M,2019,2018,0,2018-11-23,INR,116598861996000
RBI:CSURYCOM_M_RN(1.0),N_A,CCS11,N_A,M,2019,2018,0,2018-11-23,INR,12259624066000.002
RBI:CSURYCOM_M_RN(1.0),N_A,CCS12,N_A,M,2019,2018,0,2018-11-23,INR,104339237930000
RBI:CSURYCOM_M_RN(1.0),N_A,CCS1201,N_A,M,2019,2018,0,2018-11-23,INR,46952657069000
RBI:CSURYCOM_M_RN(1.0),N_A,CCS12011,N_A,M,2019,2018,0,2018-11-23,INR,1687035970000
RBI:CSURYCOM_M_RN(1.0),N_A,CCS12012,N_A,M,2019,2018,0,2018-11-23,INR,57386580861000
RBI:CSURYCOM_M_RN(1.0),N_A,CCS1202,N_A,M,2019,2018,0,2018-11-23,INR,57386580862000
RBI:CSURYCOM_M_RN(1.0),N_A,CCS2,N_A,M,2019,2018,0,2018-11-23,INR,3489951705000
RBI:CSURYCOM_M_RN(1.0),N_A,CCS1,N_A,M,2019,2018,0,2018-12-21,INR,116674485553800
RBI:CSURYCOM_M_RN(1.0),N_A,CCS11,N_A,M,2019,2018,0,2018-12-21,INR,11899126161900
RBI:CSURYCOM_M_RN(1.0),N_A,CCS12,N_A,M,2019,2018,0,2018-12-21,INR,104775359391900
RBI:CSURYCOM_M_RN(1.0),N_A,CCS1201,N_A,M,2019,2018,0,2018-12-21,INR,47148911726360.01
RBI:CSURYCOM_M_RN(1.0),N_A,CCS12011,N_A,M,2019,2018,0,2018-12-21,INR,1835443979999.9998
RBI:CSURYCOM_M_RN(1.0),N_A,CCS12012,N_A,M,2019,2018,0,2018-12-21,INR,57626447665539.99
RBI:CSURYCOM_M_RN(1.0),N_A,CCS1202,N_A,M,2019,2018,0,2018-12-21,INR,57626447665550
RBI:CSURYCOM_M_RN(1.0),N_A,CCS2,N_A,M,2019,2018,0,2018-12-21,INR,3574968984200
RBI:CSURYCOM_M_RN(1.0),N_A,CCS1,N_A,M,2019,2018,0,2019-01-18,INR,118312385336000
RBI:CSURYCOM_M_RN(1.0),N_A,CCS11,N_A,M,2019,2018,0,2019-01-18,INR,12168185297999.998
RBI:CSURYCOM_M_RN(1.0),N_A,CCS12,N_A,M,2019,2018,0,2019-01-18,INR,106144200037999.98
RBI:CSURYCOM_M_RN(1.0),N_A,CCS1201,N_A,M,2019,2018,0,2019-01-18,INR,47764890017000
RBI:CSURYCOM_M_RN(1.0),N_A,CCS12011,N_A,M,2019,2018,0,2019-01-18,INR,2063098740000
RBI:CSURYCOM_M_RN(1.0),N_A,CCS12012,N_A,M,2019,2018,0,2019-01-18,INR,58379310020999.98
RBI:CSURYCOM_M_RN(1.0),N_A,CCS1202,N_A,M,2019,2018,0,2019-01-18,INR,58379310021000
RBI:CSURYCOM_M_RN(1.0),N_A,CCS2,N_A,M,2019,2018,0,2019-01-18,INR,3616068701000
RBI:CSURYCOM_M_RN(1.0),N_A,CCS1,N_A,M,2019,2018,0,2019-02-15,INR,119640476564000
RBI:CSURYCOM_M_RN(1.0),N_A,CCS11,N_A,M,2019,2018,0,2019-02-15,INR,12877156007000
RBI:CSURYCOM_M_RN(1.0),N_A,CCS12,N_A,M,2019,2018,0,2019-02-15,INR,106763320557000
RBI:CSURYCOM_M_RN(1.0),N_A,CCS1201,N_A,M,2019,2018,0,2019-02-15,INR,48043494250000
RBI:CSURYCOM_M_RN(1.0),N_A,CCS12011,N_A,M,2019,2018,0,2019-02-15,INR,2173060240000
RBI:CSURYCOM_M_RN(1.0),N_A,CCS12012,N_A,M,2019,2018,0,2019-02-15,INR,58719826307000
RBI:CSURYCOM_M_RN(1.0),N_A,CCS1202,N_A,M,2019,2018,0,2019-02-15,INR,58719826306000
RBI:CSURYCOM_M_RN(1.0),N_A,CCS2,N_A,M,2019,2018,0,2019-02-15,INR,3611526574999.9995
RBI:CSURYCOM_M_RN(1.0),N_A,CCS1,N_A,M,2019,2018,0,2019-03-29,INR,124100531853000
RBI:CSURYCOM_M_RN(1.0),N_A,CCS11,N_A,M,2019,2018,0,2019-03-29,INR,15112873441000.002
RBI:CSURYCOM_M_RN(1.0),N_A,CCS12,N_A,M,2019,2018,0,2019-03-29,INR,108987658412000
RBI:CSURYCOM_M_RN(1.0),N_A,CCS1201,N_A,M,2019,2018,0,2019-03-29,INR,49044446285000
RBI:CSURYCOM_M_RN(1.0),N_A,CCS12011,N_A,M,2019,2018,0,2019-03-29,INR,2849925690000
RBI:CSURYCOM_M_RN(1.0),N_A,CCS12012,N_A,M,2019,2018,0,2019-03-29,INR,59943212127000
RBI:CSURYCOM_M_RN(1.0),N_A,CCS1202,N_A,M,2019,2018,0,2019-03-29,INR,59943212127000
RBI:CSURYCOM_M_RN(1.0),N_A,CCS2,N_A,M,2019,2018,0,2019-03-29,INR,3782536002000
RBI:CSURYCOM_M_RN(1.0),N_A,CCS1,N_A,M,2020,2019,0,2019-04-26,INR,123079987479000
RBI:CSURYCOM_M_RN(1.0),N_A,CCS11,N_A,M,2020,2019,0,2019-04-26,INR,13517222081000
RBI:CSURYCOM_M_RN(1.0),N_A,CCS12,N_A,M,2020,2019,0,2019-04-26,INR,109562765398000
RBI:CSURYCOM_M_RN(1.0),N_A,CCS1201,N_A,M,2020,2019,0,2019-04-26,INR,49303244429000
RBI:CSURYCOM_M_RN(1.0),N_A,CCS12011,N_A,M,2020,2019,0,2019-04-26,INR,2785983520000
RBI:CSURYCOM_M_RN(1.0),N_A,CCS12012,N_A,M,2020,2019,0,2019-04-26,INR,60259520969000
RBI:CSURYCOM_M_RN(1.0),N_A,CCS1202,N_A,M,2020,2019,0,2019-04-26,INR,60259520969000
RBI:CSURYCOM_M_RN(1.0),N_A,CCS2,N_A,M,2020,2019,0,2019-04-26,INR,3694620567000
RBI:CSURYCOM_M_RN(1.0),N_A,CCS1,N_A,M,2020,2019,0,2019-05-24,INR,123284471426000
RBI:CSURYCOM_M_RN(1.0),N_A,CCS11,N_A,M,2020,2019,0,2019-05-24,INR,13130889790000
RBI:CSURYCOM_M_RN(1.0),N_A,CCS12,N_A,M,2020,2019,0,2019-05-24,INR,110153581636000
RBI:CSURYCOM_M_RN(1.0),N_A,CCS1201,N_A,M,2020,2019,0,2019-05-24,INR,49569111736000
RBI:CSURYCOM_M_RN(1.0),N_A,CCS12011,N_A,M,2020,2019,0,2019-05-24,INR,2550019940000
RBI:CSURYCOM_M_RN(1.0),N_A,CCS12012,N_A,M,2020,2019,0,2019-05-24,INR,60584469900000
RBI:CSURYCOM_M_RN(1.0),N_A,CCS1202,N_A,M,2020,2019,0,2019-05-24,INR,60584469900000
RBI:CSURYCOM_M_RN(1.0),N_A,CCS2,N_A,M,2020,2019,0,2019-05-24,INR,3578092514000
RBI:CSURYCOM_M_RN(1.0),N_A,CCS1,N_A,M,2020,2019,0,2019-06-21,INR,123207483718000
RBI:CSURYCOM_M_RN(1.0),N_A,CCS11,N_A,M,2020,2019,0,2019-06-21,INR,12888284926000
RBI:CSURYCOM_M_RN(1.0),N_A,CCS12,N_A,M,2020,2019,0,2019-06-21,INR,110319198792000
RBI:CSURYCOM_M_RN(1.0),N_A,CCS1201,N_A,M,2020,2019,0,2019-06-21,INR,49643639457000
RBI:CSURYCOM_M_RN(1.0),N_A,CCS12011,N_A,M,2020,2019,0,2019-06-21,INR,2100785870000
RBI:CSURYCOM_M_RN(1.0),N_A,CCS12012,N_A,M,2020,2019,0,2019-06-21,INR,60675559335000
RBI:CSURYCOM_M_RN(1.0),N_A,CCS1202,N_A,M,2020,2019,0,2019-06-21,INR,60675559336000
RBI:CSURYCOM_M_RN(1.0),N_A,CCS2,N_A,M,2020,2019,0,2019-06-21,INR,3571372816000
RBI:CSURYCOM_M_RN(1.0),N_A,CCS1,N_A,M,2020,2019,0,2019-07-19,INR,124789958071000
RBI:CSURYCOM_M_RN(1.0),N_A,CCS11,N_A,M,2020,2019,0,2019-07-19,INR,13249029740000
RBI:CSURYCOM_M_RN(1.0),N_A,CCS12,N_A,M,2020,2019,0,2019-07-19,INR,111540928331000
RBI:CSURYCOM_M_RN(1.0),N_A,CCS1201,N_A,M,2020,2019,0,2019-07-19,INR,50193417749000
RBI:CSURYCOM_M_RN(1.0),N_A,CCS12011,N_A,M,2020,2019,0,2019-07-19,INR,2176969830000
RBI:CSURYCOM_M_RN(1.0),N_A,CCS12012,N_A,M,2020,2019,0,2019-07-19,INR,61347510582000
RBI:CSURYCOM_M_RN(1.0),N_A,CCS1202,N_A,M,2020,2019,0,2019-07-19,INR,61347510582000
RBI:CSURYCOM_M_RN(1.0),N_A,CCS2,N_A,M,2020,2019,0,2019-07-19,INR,3518115569999.9995
RBI:CSURYCOM_M_RN(1.0),N_A,CCS1,N_A,M,2020,2019,0,2019-08-30,INR,126032818955000
RBI:CSURYCOM_M_RN(1.0),N_A,CCS11,N_A,M,2020,2019,0,2019-08-30,INR,13656344982000
RBI:CSURYCOM_M_RN(1.0),N_A,CCS12,N_A,M,2020,2019,0,2019-08-30,INR,112376473973000
RBI:CSURYCOM_M_RN(1.0),N_A,CCS1201,N_A,M,2020,2019,0,2019-08-30,INR,50569413288000
RBI:CSURYCOM_M_RN(1.0),N_A,CCS12011,N_A,M,2020,2019,0,2019-08-30,INR,1742592570000.0002
RBI:CSURYCOM_M_RN(1.0),N_A,CCS12012,N_A,M,2020,2019,0,2019-08-30,INR,61807060685000
RBI:CSURYCOM_M_RN(1.0),N_A,CCS1202,N_A,M,2020,2019,0,2019-08-30,INR,61807060685000
RBI:CSURYCOM_M_RN(1.0),N_A,CCS2,N_A,M,2020,2019,0,2019-08-30,INR,3441850063000
RBI:CSURYCOM_M_RN(1.0),N_A,CCS1,N_A,M,2020,2019,0,2019-09-27,INR,127275728971000
RBI:CSURYCOM_M_RN(1.0),N_A,CCS11,N_A,M,2020,2019,0,2019-09-27,INR,14088856885000
RBI:CSURYCOM_M_RN(1.0),N_A,CCS12,N_A,M,2020,2019,0,2019-09-27,INR,113186872087000
RBI:CSURYCOM_M_RN(1.0),N_A,CCS1201,N_A,M,2020,2019,0,2019-09-27,INR,50934092439000
RBI:CSURYCOM_M_RN(1.0),N_A,CCS12011,N_A,M,2020,2019,0,2019-09-27,INR,1829217012999.9998
RBI:CSURYCOM_M_RN(1.0),N_A,CCS12012,N_A,M,2020,2019,0,2019-09-27,INR,62252779648000
RBI:CSURYCOM_M_RN(1.0),N_A,CCS1202,N_A,M,2020,2019,0,2019-09-27,INR,62252779648000
RBI:CSURYCOM_M_RN(1.0),N_A,CCS2,N_A,M,2020,2019,0,2019-09-27,INR,3410284957000.0005
RBI:CSURYCOM_M_RN(1.0),N_A,CCS1,N_A,M,2020,2019,0,2019-10-25,INR,127976680935000
RBI:CSURYCOM_M_RN(1.0),N_A,CCS11,N_A,M,2020,2019,0,2019-10-25,INR,13612932627000
RBI:CSURYCOM_M_RN(1.0),N_A,CCS12,N_A,M,2020,2019,0,2019-10-25,INR,114363748308000
RBI:CSURYCOM_M_RN(1.0),N_A,CCS1201,N_A,M,2020,2019,0,2019-10-25,INR,51463686739000
RBI:CSURYCOM_M_RN(1.0),N_A,CCS12011,N_A,M,2020,2019,0,2019-10-25,INR,1671037618000
RBI:CSURYCOM_M_RN(1.0),N_A,CCS12012,N_A,M,2020,2019,0,2019-10-25,INR,62900061569000
RBI:CSURYCOM_M_RN(1.0),N_A,CCS1202,N_A,M,2020,2019,0,2019-10-25,INR,62900061569000
RBI:CSURYCOM_M_RN(1.0),N_A,CCS2,N_A,M,2020,2019,0,2019-10-25,INR,3360773763000
RBI:CSURYCOM_M_RN(1.0),N_A,CCS1,N_A,M,2020,2019,0,2019-11-22,INR,127782136784000
RBI:CSURYCOM_M_RN(1.0),N_A,CCS11,N_A,M,2020,2019,0,2019-11-22,INR,13317395949000
RBI:CSURYCOM_M_RN(1.0),N_A,CCS12,N_A,M,2020,2019,0,2019-11-22,INR,114464740834000
RBI:CSURYCOM_M_RN(1.0),N_A,CCS1201,N_A,M,2020,2019,0,2019-11-22,INR,51509133375000
RBI:CSURYCOM_M_RN(1.0),N_A,CCS12011,N_A,M,2020,2019,0,2019-11-22,INR,1581232714000
RBI:CSURYCOM_M_RN(1.0),N_A,CCS12012,N_A,M,2020,2019,0,2019-11-22,INR,62955607459000
RBI:CSURYCOM_M_RN(1.0),N_A,CCS1202,N_A,M,2020,2019,0,2019-11-22,INR,62955607459000.01
RBI:CSURYCOM_M_RN(1.0),N_A,CCS2,N_A,M,2020,2019,0,2019-11-22,INR,3221704833000
RBI:CSURYCOM_M_RN(1.0),N_A,CCS1,N_A,M,2020,2019,0,2019-12-20,INR,128343058560000
RBI:CSURYCOM_M_RN(1.0),N_A,CCS11,N_A,M,2020,2019,0,2019-12-20,INR,13548003765000
RBI:CSURYCOM_M_RN(1.0),N_A,CCS12,N_A,M,2020,2019,0,2019-12-20,INR,114795054796000
RBI:CSURYCOM_M_RN(1.0),N_A,CCS1201,N_A,M,2020,2019,0,2019-12-20,INR,51657774658000
RBI:CSURYCOM_M_RN(1.0),N_A,CCS12011,N_A,M,2020,2019,0,2019-12-20,INR,1566327784999.9998
RBI:CSURYCOM_M_RN(1.0),N_A,CCS12012,N_A,M,2020,2019,0,2019-12-20,INR,63137280138000
RBI:CSURYCOM_M_RN(1.0),N_A,CCS1202,N_A,M,2020,2019,0,2019-12-20,INR,63137280138000
RBI:CSURYCOM_M_RN(1.0),N_A,CCS2,N_A,M,2020,2019,0,2019-12-20,INR,3190007258000
RBI:CSURYCOM_M_RN(1.0),N_A,CCS1,N_A,M,2020,2019,0,2020-01-31,INR,131462700605000
RBI:CSURYCOM_M_RN(1.0),N_A,CCS11,N_A,M,2020,2019,0,2020-01-31,INR,14310112588000
RBI:CSURYCOM_M_RN(1.0),N_A,CCS12,N_A,M,2020,2019,0,2020-01-31,INR,117152588017000
RBI:CSURYCOM_M_RN(1.0),N_A,CCS1201,N_A,M,2020,2019,0,2020-01-31,INR,52718664607999.99
RBI:CSURYCOM_M_RN(1.0),N_A,CCS12011,N_A,M,2020,2019,0,2020-01-31,INR,1769591874000
RBI:CSURYCOM_M_RN(1.0),N_A,CCS12012,N_A,M,2020,2019,0,2020-01-31,INR,64433923409000.01
RBI:CSURYCOM_M_RN(1.0),N_A,CCS1202,N_A,M,2020,2019,0,2020-01-31,INR,64433923409000
RBI:CSURYCOM_M_RN(1.0),N_A,CCS2,N_A,M,2020,2019,0,2020-01-31,INR,3113025678000
RBI:CSURYCOM_M_RN(1.0),N_A,CCS1,N_A,M,2020,2019,0,2020-02-28,INR,131481774087000
RBI:CSURYCOM_M_RN(1.0),N_A,CCS11,N_A,M,2020,2019,0,2020-02-28,INR,14599259074000
RBI:CSURYCOM_M_RN(1.0),N_A,CCS12,N_A,M,2020,2019,0,2020-02-28,INR,116882515013000
RBI:CSURYCOM_M_RN(1.0),N_A,CCS1201,N_A,M,2020,2019,0,2020-02-28,INR,52597131756000
RBI:CSURYCOM_M_RN(1.0),N_A,CCS12011,N_A,M,2020,2019,0,2020-02-28,INR,1810279915000
RBI:CSURYCOM_M_RN(1.0),N_A,CCS12012,N_A,M,2020,2019,0,2020-02-28,INR,64285383257000
RBI:CSURYCOM_M_RN(1.0),N_A,CCS1202,N_A,M,2020,2019,0,2020-02-28,INR,64285383257000
RBI:CSURYCOM_M_RN(1.0),N_A,CCS2,N_A,M,2020,2019,0,2020-02-28,INR,3083696005000
RBI:CSURYCOM_M_RN(1.0),N_A,CCS1,N_A,M,2020,2019,0,2020-03-27,INR,133819826217000
RBI:CSURYCOM_M_RN(1.0),N_A,CCS11,N_A,M,2020,2019,0,2020-03-27,INR,16170031394000
RBI:CSURYCOM_M_RN(1.0),N_A,CCS12,N_A,M,2020,2019,0,2020-03-27,INR,117649794824000
RBI:CSURYCOM_M_RN(1.0),N_A,CCS1201,N_A,M,2020,2019,0,2020-03-27,INR,52942407671000
RBI:CSURYCOM_M_RN(1.0),N_A,CCS12011,N_A,M,2020,2019,0,2020-03-27,INR,1694187151000
RBI:CSURYCOM_M_RN(1.0),N_A,CCS12012,N_A,M,2020,2019,0,2020-03-27,INR,64707387153000
RBI:CSURYCOM_M_RN(1.0),N_A,CCS1202,N_A,M,2020,2019,0,2020-03-27,INR,64707387153000
RBI:CSURYCOM_M_RN(1.0),N_A,CCS2,N_A,M,2020,2019,0,2020-03-27,INR,3094386781000
RBI:CSURYCOM_M_RN(1.0),N_A,CCS1,N_A,M,2021,2020,0,2020-04-24,INR,135430234669000
RBI:CSURYCOM_M_RN(1.0),N_A,CCS11,N_A,M,2021,2020,0,2020-04-24,INR,14554450000000
RBI:CSURYCOM_M_RN(1.0),N_A,CCS12,N_A,M,2021,2020,0,2020-04-24,INR,120875784669000
RBI:CSURYCOM_M_RN(1.0),N_A,CCS1201,N_A,M,2021,2020,0,2020-04-24,INR,54394103101000
RBI:CSURYCOM_M_RN(1.0),N_A,CCS12011,N_A,M,2021,2020,0,2020-04-24,INR,1638452493000
RBI:CSURYCOM_M_RN(1.0),N_A,CCS12012,N_A,M,2021,2020,0,2020-04-24,INR,66481681568000
RBI:CSURYCOM_M_RN(1.0),N_A,CCS1202,N_A,M,2021,2020,0,2020-04-24,INR,66481681568000
RBI:CSURYCOM_M_RN(1.0),N_A,CCS2,N_A,M,2021,2020,0,2020-04-24,INR,3014590000000
RBI:CSURYCOM_M_RN(1.0),N_A,CCS1,N_A,M,2021,2020,0,2020-05-22,INR,136509800615000
RBI:CSURYCOM_M_RN(1.0),N_A,CCS11,N_A,M,2021,2020,0,2020-05-22,INR,14449070000000
RBI:CSURYCOM_M_RN(1.0),N_A,CCS12,N_A,M,2021,2020,0,2020-05-22,INR,122060730615000
RBI:CSURYCOM_M_RN(1.0),N_A,CCS1201,N_A,M,2021,2020,0,2020-05-22,INR,54927328777000
RBI:CSURYCOM_M_RN(1.0),N_A,CCS12011,N_A,M,2021,2020,0,2020-05-22,INR,1562204769000
RBI:CSURYCOM_M_RN(1.0),N_A,CCS12012,N_A,M,2021,2020,0,2020-05-22,INR,67133401838000
RBI:CSURYCOM_M_RN(1.0),N_A,CCS1202,N_A,M,2021,2020,0,2020-05-22,INR,67133401838000
RBI:CSURYCOM_M_RN(1.0),N_A,CCS2,N_A,M,2021,2020,0,2020-05-22,INR,2907890000000
RBI:CSURYCOM_M_RN(1.0),N_A,CCS1,N_A,M,2021,2020,0,2020-06-19,INR,136918142937000
RBI:CSURYCOM_M_RN(1.0),N_A,CCS11,N_A,M,2021,2020,0,2020-06-19,INR,14524400000000
RBI:CSURYCOM_M_RN(1.0),N_A,CCS12,N_A,M,2021,2020,0,2020-06-19,INR,122393742937000
RBI:CSURYCOM_M_RN(1.0),N_A,CCS1201,N_A,M,2021,2020,0,2020-06-19,INR,55077184322000
RBI:CSURYCOM_M_RN(1.0),N_A,CCS12011,N_A,M,2021,2020,0,2020-06-19,INR,1234139511000
RBI:CSURYCOM_M_RN(1.0),N_A,CCS12012,N_A,M,2021,2020,0,2020-06-19,INR,67316558615000
RBI:CSURYCOM_M_RN(1.0),N_A,CCS1202,N_A,M,2021,2020,0,2020-06-19,INR,67316558615000
RBI:CSURYCOM_M_RN(1.0),N_A,CCS2,N_A,M,2021,2020,0,2020-06-19,INR,2868690000000
RBI:CSURYCOM_M_RN(1.0),N_A,CCS1,N_A,M,2021,2020,0,2020-07-31,INR,139885192927000
RBI:CSURYCOM_M_RN(1.0),N_A,CCS11,N_A,M,2021,2020,0,2020-07-31,INR,15280340000000
RBI:CSURYCOM_M_RN(1.0),N_A,CCS12,N_A,M,2021,2020,0,2020-07-31,INR,124604852927000
RBI:CSURYCOM_M_RN(1.0),N_A,CCS1201,N_A,M,2021,2020,0,2020-07-31,INR,56072183817000
RBI:CSURYCOM_M_RN(1.0),N_A,CCS12011,N_A,M,2021,2020,0,2020-07-31,INR,1065261823000
RBI:CSURYCOM_M_RN(1.0),N_A,CCS12012,N_A,M,2021,2020,0,2020-07-31,INR,68532669110000
RBI:CSURYCOM_M_RN(1.0),N_A,CCS1202,N_A,M,2021,2020,0,2020-07-31,INR,68532669110000
RBI:CSURYCOM_M_RN(1.0),N_A,CCS2,N_A,M,2021,2020,0,2020-07-31,INR,2739770000000
RBI:CSURYCOM_M_RN(1.0),N_A,CCS1,N_A,M,2021,2020,0,2020-08-28,INR,140089286361000
RBI:CSURYCOM_M_RN(1.0),N_A,CCS11,N_A,M,2021,2020,0,2020-08-28,INR,15377140000000
RBI:CSURYCOM_M_RN(1.0),N_A,CCS12,N_A,M,2021,2020,0,2020-08-28,INR,124712146361000
RBI:CSURYCOM_M_RN(1.0),N_A,CCS1201,N_A,M,2021,2020,0,2020-08-28,INR,56120465862000
RBI:CSURYCOM_M_RN(1.0),N_A,CCS12011,N_A,M,2021,2020,0,2020-08-28,INR,880837297000
RBI:CSURYCOM_M_RN(1.0),N_A,CCS12012,N_A,M,2021,2020,0,2020-08-28,INR,68591680499000
RBI:CSURYCOM_M_RN(1.0),N_A,CCS1202,N_A,M,2021,2020,0,2020-08-28,INR,68591680499000
RBI:CSURYCOM_M_RN(1.0),N_A,CCS2,N_A,M,2021,2020,0,2020-08-28,INR,2726680000000
RBI:CSURYCOM_M_RN(1.0),N_A,CCS1,N_A,M,2021,2020,0,2020-09-25,INR,140931458142000
RBI:CSURYCOM_M_RN(1.0),N_A,CCS11,N_A,M,2021,2020,0,2020-09-25,INR,15760600000000
RBI:CSURYCOM_M_RN(1.0),N_A,CCS12,N_A,M,2021,2020,0,2020-09-25,INR,125170858142000.02
RBI:CSURYCOM_M_RN(1.0),N_A,CCS1201,N_A,M,2021,2020,0,2020-09-25,INR,56326886164000
RBI:CSURYCOM_M_RN(1.0),N_A,CCS12011,N_A,M,2021,2020,0,2020-09-25,INR,733534232000
RBI:CSURYCOM_M_RN(1.0),N_A,CCS12012,N_A,M,2021,2020,0,2020-09-25,INR,68843971978000.02
RBI:CSURYCOM_M_RN(1.0),N_A,CCS1202,N_A,M,2021,2020,0,2020-09-25,INR,68843971978000
RBI:CSURYCOM_M_RN(1.0),N_A,CCS2,N_A,M,2021,2020,0,2020-09-25,INR,2562170000000
RBI:CSURYCOM_M_RN(1.0),N_A,CCS1,N_A,M,2021,2020,0,2020-10-23,INR,141269365296000
RBI:CSURYCOM_M_RN(1.0),N_A,CCS11,N_A,M,2021,2020,0,2020-10-23,INR,15052540000000
RBI:CSURYCOM_M_RN(1.0),N_A,CCS12,N_A,M,2021,2020,0,2020-10-23,INR,126216825296000
RBI:CSURYCOM_M_RN(1.0),N_A,CCS1201,N_A,M,2021,2020,0,2020-10-23,INR,56797571383000
RBI:CSURYCOM_M_RN(1.0),N_A,CCS12011,N_A,M,2021,2020,0,2020-10-23,INR,1805117701000
RBI:CSURYCOM_M_RN(1.0),N_A,CCS12012,N_A,M,2021,2020,0,2020-10-23,INR,69419253913000
RBI:CSURYCOM_M_RN(1.0),N_A,CCS1202,N_A,M,2021,2020,0,2020-10-23,INR,69419253913000
RBI:CSURYCOM_M_RN(1.0),N_A,CCS2,N_A,M,2021,2020,0,2020-10-23,INR,2553390000000
RBI:CSURYCOM_M_RN(1.0),N_A,CCS1,N_A,M,2021,2020,0,2020-11-20,INR,142048467219000
RBI:CSURYCOM_M_RN(1.0),N_A,CCS11,N_A,M,2021,2020,0,2020-11-20,INR,15115160000000
RBI:CSURYCOM_M_RN(1.0),N_A,CCS12,N_A,M,2021,2020,0,2020-11-20,INR,126933307219000
RBI:CSURYCOM_M_RN(1.0),N_A,CCS1201,N_A,M,2021,2020,0,2020-11-20,INR,57119988249000
RBI:CSURYCOM_M_RN(1.0),N_A,CCS12011,N_A,M,2021,2020,0,2020-11-20,INR,661559762000
RBI:CSURYCOM_M_RN(1.0),N_A,CCS12012,N_A,M,2021,2020,0,2020-11-20,INR,69813318970000
RBI:CSURYCOM_M_RN(1.0),N_A,CCS1202,N_A,M,2021,2020,0,2020-11-20,INR,69813318970000
RBI:CSURYCOM_M_RN(1.0),N_A,CCS2,N_A,M,2021,2020,0,2020-11-20,INR,2640210000000
RBI:CSURYCOM_M_RN(1.0),N_A,CCS1,N_A,M,2021,2020,0,2020-12-18,INR,143147370386000
RBI:CSURYCOM_M_RN(1.0),N_A,CCS11,N_A,M,2021,2020,0,2020-12-18,INR,15645982234000
RBI:CSURYCOM_M_RN(1.0),N_A,CCS12,N_A,M,2021,2020,0,2020-12-18,INR,127501388151999.98
RBI:CSURYCOM_M_RN(1.0),N_A,CCS1201,N_A,M,2021,2020,0,2020-12-18,INR,57375624667999.99
RBI:CSURYCOM_M_RN(1.0),N_A,CCS12011,N_A,M,2021,2020,0,2020-12-18,INR,672595265000.0001
RBI:CSURYCOM_M_RN(1.0),N_A,CCS12012,N_A,M,2021,2020,0,2020-12-18,INR,70125763483999.99
RBI:CSURYCOM_M_RN(1.0),N_A,CCS1202,N_A,M,2021,2020,0,2020-12-18,INR,70125763483000
RBI:CSURYCOM_M_RN(1.0),N_A,CCS2,N_A,M,2021,2020,0,2020-12-18,INR,2515448887000
RBI:CSURYCOM_M_RN(1.0),N_A,CCS1,N_A,M,2021,2020,0,2021-01-29,INR,146373867616000
RBI:CSURYCOM_M_RN(1.0),N_A,CCS11,N_A,M,2021,2020,0,2021-01-29,INR,16915590388000
RBI:CSURYCOM_M_RN(1.0),N_A,CCS12,N_A,M,2021,2020,0,2021-01-29,INR,129458277228000
RBI:CSURYCOM_M_RN(1.0),N_A,CCS1201,N_A,M,2021,2020,0,2021-01-29,INR,58256224752000
RBI:CSURYCOM_M_RN(1.0),N_A,CCS12011,N_A,M,2021,2020,0,2021-01-29,INR,631587386000
RBI:CSURYCOM_M_RN(1.0),N_A,CCS12012,N_A,M,2021,2020,0,2021-01-29,INR,71202052476000
RBI:CSURYCOM_M_RN(1.0),N_A,CCS1202,N_A,M,2021,2020,0,2021-01-29,INR,71202052475000
RBI:CSURYCOM_M_RN(1.0),N_A,CCS2,N_A,M,2021,2020,0,2021-01-29,INR,2430633968000
RBI:CSURYCOM_M_RN(1.0),N_A,CCS1,N_A,M,2021,2020,0,2021-02-26,INR,147686146242000
RBI:CSURYCOM_M_RN(1.0),N_A,CCS11,N_A,M,2021,2020,0,2021-02-26,INR,17030945189000
RBI:CSURYCOM_M_RN(1.0),N_A,CCS12,N_A,M,2021,2020,0,2021-02-26,INR,130655201053000
RBI:CSURYCOM_M_RN(1.0),N_A,CCS1201,N_A,M,2021,2020,0,2021-02-26,INR,58794840473999.99
RBI:CSURYCOM_M_RN(1.0),N_A,CCS12011,N_A,M,2021,2020,0,2021-02-26,INR,555595007000
RBI:CSURYCOM_M_RN(1.0),N_A,CCS12012,N_A,M,2021,2020,0,2021-02-26,INR,71860360579000.02
RBI:CSURYCOM_M_RN(1.0),N_A,CCS1202,N_A,M,2021,2020,0,2021-02-26,INR,71860360579000
RBI:CSURYCOM_M_RN(1.0),N_A,CCS2,N_A,M,2021,2020,0,2021-02-26,INR,2447369387000
RBI:CSURYCOM_M_RN(1.0),N_A,CCS1,N_A,M,2021,2020,0,2021-03-26,INR,149609608894000
RBI:CSURYCOM_M_RN(1.0),N_A,CCS11,N_A,M,2021,2020,0,2021-03-26,INR,18611925945000
RBI:CSURYCOM_M_RN(1.0),N_A,CCS12,N_A,M,2021,2020,0,2021-03-26,INR,130997682949000
RBI:CSURYCOM_M_RN(1.0),N_A,CCS1201,N_A,M,2021,2020,0,2021-03-26,INR,58948957326999.99
RBI:CSURYCOM_M_RN(1.0),N_A,CCS12011,N_A,M,2021,2020,0,2021-03-26,INR,789242614000
RBI:CSURYCOM_M_RN(1.0),N_A,CCS12012,N_A,M,2021,2020,0,2021-03-26,INR,72048725622000.02
RBI:CSURYCOM_M_RN(1.0),N_A,CCS1202,N_A,M,2021,2020,0,2021-03-26,INR,72048725622000
RBI:CSURYCOM_M_RN(1.0),N_A,CCS2,N_A,M,2021,2020,0,2021-03-26,INR,2440249782000
RBI:CSURYCOM_M_RN(1.0),N_A,CCS1,N_A,M,2022,2021,0,2021-04-23,INR,149804012281000
RBI:CSURYCOM_M_RN(1.0),N_A,CCS11,N_A,M,2022,2021,0,2021-04-23,INR,17273317850000
RBI:CSURYCOM_M_RN(1.0),N_A,CCS12,N_A,M,2022,2021,0,2021-04-23,INR,132530694431000
RBI:CSURYCOM_M_RN(1.0),N_A,CCS1201,N_A,M,2022,2021,0,2021-04-23,INR,59638812494000
RBI:CSURYCOM_M_RN(1.0),N_A,CCS12011,N_A,M,2022,2021,0,2021-04-23,INR,864361219000
RBI:CSURYCOM_M_RN(1.0),N_A,CCS12012,N_A,M,2022,2021,0,2021-04-23,INR,72891881937000
RBI:CSURYCOM_M_RN(1.0),N_A,CCS1202,N_A,M,2022,2021,0,2021-04-23,INR,72891881937000
RBI:CSURYCOM_M_RN(1.0),N_A,CCS2,N_A,M,2022,2021,0,2021-04-23,INR,2364701863000
RBI:CSURYCOM_M_RN(1.0),N_A,CCS1,N_A,M,2022,2021,0,2021-05-21,INR,150174060880000
RBI:CSURYCOM_M_RN(1.0),N_A,CCS11,N_A,M,2022,2021,0,2021-05-21,INR,16950804790000
RBI:CSURYCOM_M_RN(1.0),N_A,CCS12,N_A,M,2022,2021,0,2021-05-21,INR,133223256089000
RBI:CSURYCOM_M_RN(1.0),N_A,CCS1201,N_A,M,2022,2021,0,2021-05-21,INR,59950465240000
RBI:CSURYCOM_M_RN(1.0),N_A,CCS12011,N_A,M,2022,2021,0,2021-05-21,INR,914092575000.0001
RBI:CSURYCOM_M_RN(1.0),N_A,CCS12012,N_A,M,2022,2021,0,2021-05-21,INR,73272790849000
RBI:CSURYCOM_M_RN(1.0),N_A,CCS1202,N_A,M,2022,2021,0,2021-05-21,INR,73272790849000
RBI:CSURYCOM_M_RN(1.0),N_A,CCS2,N_A,M,2022,2021,0,2021-05-21,INR,2446979635000
RBI:CSURYCOM_M_RN(1.0),N_A,CCS1,N_A,M,2022,2021,0,2021-06-18,INR,151460918591000
RBI:CSURYCOM_M_RN(1.0),N_A,CCS11,N_A,M,2022,2021,0,2021-06-18,INR,17517389722000
RBI:CSURYCOM_M_RN(1.0),N_A,CCS12,N_A,M,2022,2021,0,2021-06-18,INR,133943528869000
RBI:CSURYCOM_M_RN(1.0),N_A,CCS1201,N_A,M,2022,2021,0,2021-06-18,INR,60274587991000.01
RBI:CSURYCOM_M_RN(1.0),N_A,CCS12011,N_A,M,2022,2021,0,2021-06-18,INR,686029324000
RBI:CSURYCOM_M_RN(1.0),N_A,CCS12012,N_A,M,2022,2021,0,2021-06-18,INR,73668940877999.98
RBI:CSURYCOM_M_RN(1.0),N_A,CCS1202,N_A,M,2022,2021,0,2021-06-18,INR,73668940878000
RBI:CSURYCOM_M_RN(1.0),N_A,CCS2,N_A,M,2022,2021,0,2021-06-18,INR,2490798957000
RBI:CSURYCOM_M_RN(1.0),N_A,CCS1,N_A,M,2022,2021,0,2021-07-30,INR,153979089057000
RBI:CSURYCOM_M_RN(1.0),N_A,CCS11,N_A,M,2022,2021,0,2021-07-30,INR,18349650186000
RBI:CSURYCOM_M_RN(1.0),N_A,CCS12,N_A,M,2022,2021,0,2021-07-30,INR,135629438871000
RBI:CSURYCOM_M_RN(1.0),N_A,CCS1201,N_A,M,2022,2021,0,2021-07-30,INR,61033247492000.01
RBI:CSURYCOM_M_RN(1.0),N_A,CCS12011,N_A,M,2022,2021,0,2021-07-30,INR,646195264000
RBI:CSURYCOM_M_RN(1.0),N_A,CCS12012,N_A,M,2022,2021,0,2021-07-30,INR,74596191378999.98
RBI:CSURYCOM_M_RN(1.0),N_A,CCS1202,N_A,M,2022,2021,0,2021-07-30,INR,74596191379000
RBI:CSURYCOM_M_RN(1.0),N_A,CCS2,N_A,M,2022,2021,0,2021-07-30,INR,2430522911000
RBI:CSURYCOM_M_RN(1.0),N_A,CCS1,N_A,M,2022,2021,0,2021-08-27,INR,153699489870000
RBI:CSURYCOM_M_RN(1.0),N_A,CCS11,N_A,M,2022,2021,0,2021-08-27,INR,17909961676000
RBI:CSURYCOM_M_RN(1.0),N_A,CCS12,N_A,M,2022,2021,0,2021-08-27,INR,135789528193000
RBI:CSURYCOM_M_RN(1.0),N_A,CCS1201,N_A,M,2022,2021,0,2021-08-27,INR,61105287687000
RBI:CSURYCOM_M_RN(1.0),N_A,CCS12011,N_A,M,2022,2021,0,2021-08-27,INR,646932680000
RBI:CSURYCOM_M_RN(1.0),N_A,CCS12012,N_A,M,2022,2021,0,2021-08-27,INR,74684240506000
RBI:CSURYCOM_M_RN(1.0),N_A,CCS1202,N_A,M,2022,2021,0,2021-08-27,INR,74684240506000
RBI:CSURYCOM_M_RN(1.0),N_A,CCS2,N_A,M,2022,2021,0,2021-08-27,INR,2380804854000
RBI:CSURYCOM_M_RN(1.0),N_A,CCS1,N_A,M,2022,2021,0,2021-09-24,INR,154553410358000
RBI:CSURYCOM_M_RN(1.0),N_A,CCS11,N_A,M,2022,2021,0,2021-09-24,INR,18237392174000
RBI:CSURYCOM_M_RN(1.0),N_A,CCS12,N_A,M,2022,2021,0,2021-09-24,INR,136316018184000
RBI:CSURYCOM_M_RN(1.0),N_A,CCS1201,N_A,M,2022,2021,0,2021-09-24,INR,61342208183000.01
RBI:CSURYCOM_M_RN(1.0),N_A,CCS12011,N_A,M,2022,2021,0,2021-09-24,INR,599660290000
RBI:CSURYCOM_M_RN(1.0),N_A,CCS12012,N_A,M,2022,2021,0,2021-09-24,INR,74973810000999.98
RBI:CSURYCOM_M_RN(1.0),N_A,CCS1202,N_A,M,2022,2021,0,2021-09-24,INR,74973810001000
RBI:CSURYCOM_M_RN(1.0),N_A,CCS2,N_A,M,2022,2021,0,2021-09-24,INR,2458980214000
RBI:CSURYCOM_M_RN(1.0),N_A,CCS1,N_A,M,2022,2021,0,2021-10-22,INR,155675568176000
RBI:CSURYCOM_M_RN(1.0),N_A,CCS11,N_A,M,2022,2021,0,2021-10-22,INR,18229646333000
RBI:CSURYCOM_M_RN(1.0),N_A,CCS12,N_A,M,2022,2021,0,2021-10-22,INR,137445921843000
RBI:CSURYCOM_M_RN(1.0),N_A,CCS1201,N_A,M,2022,2021,0,2021-10-22,INR,61850664810000
RBI:CSURYCOM_M_RN(1.0),N_A,CCS12011,N_A,M,2022,2021,0,2021-10-22,INR,577729439800
RBI:CSURYCOM_M_RN(1.0),N_A,CCS12012,N_A,M,2022,2021,0,2021-10-22,INR,75595257033000
RBI:CSURYCOM_M_RN(1.0),N_A,CCS1202,N_A,M,2022,2021,0,2021-10-22,INR,75595256990000
RBI:CSURYCOM_M_RN(1.0),N_A,CCS2,N_A,M,2022,2021,0,2021-10-22,INR,2570330598000
RBI:CSURYCOM_M_RN(1.0),N_A,CCS1,N_A,M,2022,2021,0,2021-11-19,INR,156342936207000
RBI:CSURYCOM_M_RN(1.0),N_A,CCS11,N_A,M,2022,2021,0,2021-11-19,INR,18208620502000
RBI:CSURYCOM_M_RN(1.0),N_A,CCS12,N_A,M,2022,2021,0,2021-11-19,INR,138134315705000
RBI:CSURYCOM_M_RN(1.0),N_A,CCS1201,N_A,M,2022,2021,0,2021-11-19,INR,62160442067000
RBI:CSURYCOM_M_RN(1.0),N_A,CCS12011,N_A,M,2022,2021,0,2021-11-19,INR,560257238700
RBI:CSURYCOM_M_RN(1.0),N_A,CCS12012,N_A,M,2022,2021,0,2021-11-19,INR,75973873638000
RBI:CSURYCOM_M_RN(1.0),N_A,CCS1202,N_A,M,2022,2021,0,2021-11-19,INR,75973873638000
RBI:CSURYCOM_M_RN(1.0),N_A,CCS2,N_A,M,2022,2021,0,2021-11-19,INR,2603252918000
RBI:CSURYCOM_M_RN(1.0),N_A,CCS1,N_A,M,2022,2021,0,2021-12-31,INR,161012312900000
RBI:CSURYCOM_M_RN(1.0),N_A,CCS11,N_A,M,2022,2021,0,2021-12-31,INR,20666505178000
RBI:CSURYCOM_M_RN(1.0),N_A,CCS12,N_A,M,2022,2021,0,2021-12-31,INR,140345807666000
RBI:CSURYCOM_M_RN(1.0),N_A,CCS1201,N_A,M,2022,2021,0,2021-12-31,INR,63155613470000
RBI:CSURYCOM_M_RN(1.0),N_A,CCS12011,N_A,M,2022,2021,0,2021-12-31,INR,848939886000
RBI:CSURYCOM_M_RN(1.0),N_A,CCS12012,N_A,M,2022,2021,0,2021-12-31,INR,77190194196000
RBI:CSURYCOM_M_RN(1.0),N_A,CCS1202,N_A,M,2022,2021,0,2021-12-31,INR,77190194240000
RBI:CSURYCOM_M_RN(1.0),N_A,CCS2,N_A,M,2022,2021,0,2021-12-31,INR,2699711120000
RBI:CSURYCOM_M_RN(1.0),N_A,CCS1,N_A,M,2022,2021,0,2022-01-28,INR,158928025100000
RBI:CSURYCOM_M_RN(1.0),N_A,CCS11,N_A,M,2022,2021,0,2022-01-28,INR,19122368170000
RBI:CSURYCOM_M_RN(1.0),N_A,CCS12,N_A,M,2022,2021,0,2022-01-28,INR,139805656900000
RBI:CSURYCOM_M_RN(1.0),N_A,CCS1201,N_A,M,2022,2021,0,2022-01-28,INR,62912545610000
RBI:CSURYCOM_M_RN(1.0),N_A,CCS12011,N_A,M,2022,2021,0,2022-01-28,INR,1000923254000
RBI:CSURYCOM_M_RN(1.0),N_A,CCS12012,N_A,M,2022,2021,0,2022-01-28,INR,76893111290000
RBI:CSURYCOM_M_RN(1.0),N_A,CCS1202,N_A,M,2022,2021,0,2022-01-28,INR,76893111300000
RBI:CSURYCOM_M_RN(1.0),N_A,CCS2,N_A,M,2022,2021,0,2022-01-28,INR,2715875156000
RBI:CSURYCOM_M_RN(1.0),N_A,CCS1,N_A,M,2022,2021,0,2022-02-25,INR,160833415300000
RBI:CSURYCOM_M_RN(1.0),N_A,CCS11,N_A,M,2022,2021,0,2022-02-25,INR,19639758550000
RBI:CSURYCOM_M_RN(1.0),N_A,CCS12,N_A,M,2022,2021,0,2022-02-25,INR,141193656700000
RBI:CSURYCOM_M_RN(1.0),N_A,CCS1201,N_A,M,2022,2021,0,2022-02-25,INR,63537145520000
RBI:CSURYCOM_M_RN(1.0),N_A,CCS12011,N_A,M,2022,2021,0,2022-02-25,INR,1284223688000
RBI:CSURYCOM_M_RN(1.0),N_A,CCS12012,N_A,M,2022,2021,0,2022-02-25,INR,77656511180000
RBI:CSURYCOM_M_RN(1.0),N_A,CCS1202,N_A,M,2022,2021,0,2022-02-25,INR,77656511190000
RBI:CSURYCOM_M_RN(1.0),N_A,CCS2,N_A,M,2022,2021,0,2022-02-25,INR,2767388378000
RBI:CSURYCOM_M_RN(1.0),N_A,CCS1,N_A,M,2022,2021,0,2022-03-25,INR,163318742600000
RBI:CSURYCOM_M_RN(1.0),N_A,CCS11,N_A,M,2022,2021,0,2022-03-25,INR,20727465230000
RBI:CSURYCOM_M_RN(1.0),N_A,CCS12,N_A,M,2022,2021,0,2022-03-25,INR,142591277400000
RBI:CSURYCOM_M_RN(1.0),N_A,CCS1201,N_A,M,2022,2021,0,2022-03-25,INR,64166074830000
RBI:CSURYCOM_M_RN(1.0),N_A,CCS12011,N_A,M,2022,2021,0,2022-03-25,INR,1767180807000
RBI:CSURYCOM_M_RN(1.0),N_A,CCS12012,N_A,M,2022,2021,0,2022-03-25,INR,78425202570000
RBI:CSURYCOM_M_RN(1.0),N_A,CCS1202,N_A,M,2022,2021,0,2022-03-25,INR,78425202570000
RBI:CSURYCOM_M_RN(1.0),N_A,CCS2,N_A,M,2022,2021,0,2022-03-25,INR,2745941474000
RBI:CSURYCOM_M_RN(1.0),N_A,CCS1,N_A,M,2023,2022,0,2022-04-22,INR,164910176200000
RBI:CSURYCOM_M_RN(1.0),N_A,CCS11,N_A,M,2023,2022,0,2022-04-22,INR,19947723730000
RBI:CSURYCOM_M_RN(1.0),N_A,CCS12,N_A,M,2023,2022,0,2022-04-22,INR,144962452500000
RBI:CSURYCOM_M_RN(1.0),N_A,CCS1201,N_A,M,2023,2022,0,2022-04-22,INR,65233103630000
RBI:CSURYCOM_M_RN(1.0),N_A,CCS12011,N_A,M,2023,2022,0,2022-04-22,INR,2017434028000
RBI:CSURYCOM_M_RN(1.0),N_A,CCS12012,N_A,M,2023,2022,0,2022-04-22,INR,79729348870000
RBI:CSURYCOM_M_RN(1.0),N_A,CCS1202,N_A,M,2023,2022,0,2022-04-22,INR,79729348880000
RBI:CSURYCOM_M_RN(1.0),N_A,CCS2,N_A,M,2023,2022,0,2022-04-22,INR,2798133076000
RBI:CSURYCOM_M_RN(1.0),N_A,CCS1,N_A,M,2023,2022,0,2022-05-20,INR,164447972100000
RBI:CSURYCOM_M_RN(1.0),N_A,CCS11,N_A,M,2023,2022,0,2022-05-20,INR,19857674930000
RBI:CSURYCOM_M_RN(1.0),N_A,CCS12,N_A,M,2023,2022,0,2022-05-20,INR,144590297200000
RBI:CSURYCOM_M_RN(1.0),N_A,CCS1201,N_A,M,2023,2022,0,2022-05-20,INR,65065633740000
RBI:CSURYCOM_M_RN(1.0),N_A,CCS12011,N_A,M,2023,2022,0,2022-05-20,INR,1903491825000
RBI:CSURYCOM_M_RN(1.0),N_A,CCS12012,N_A,M,2023,2022,0,2022-05-20,INR,79524663460000
RBI:CSURYCOM_M_RN(1.0),N_A,CCS1202,N_A,M,2023,2022,0,2022-05-20,INR,79524663460000
RBI:CSURYCOM_M_RN(1.0),N_A,CCS2,N_A,M,2023,2022,0,2022-05-20,INR,3937702729000
RBI:CSURYCOM_M_RN(1.0),N_A,CCS1,N_A,M,2023,2022,0,2022-06-17,INR,164415904300000
RBI:CSURYCOM_M_RN(1.0),N_A,CCS11,N_A,M,2023,2022,0,2022-06-17,INR,19462975260000
RBI:CSURYCOM_M_RN(1.0),N_A,CCS12,N_A,M,2023,2022,0,2022-06-17,INR,144952929000000
RBI:CSURYCOM_M_RN(1.0),N_A,CCS1201,N_A,M,2023,2022,0,2022-06-17,INR,65228818050000
RBI:CSURYCOM_M_RN(1.0),N_A,CCS12011,N_A,M,2023,2022,0,2022-06-17,INR,1781701402000
RBI:CSURYCOM_M_RN(1.0),N_A,CCS12012,N_A,M,2023,2022,0,2022-06-17,INR,79724110950000
RBI:CSURYCOM_M_RN(1.0),N_A,CCS1202,N_A,M,2023,2022,0,2022-06-17,INR,79724110950000
RBI:CSURYCOM_M_RN(1.0),N_A,CCS2,N_A,M,2023,2022,0,2022-06-17,INR,3713415002000
RBI:CSURYCOM_M_RN(1.0),N_A,CCS1,N_A,M,2023,2022,0,2022-07-29,INR,168411411900000
RBI:CSURYCOM_M_RN(1.0),N_A,CCS11,N_A,M,2023,2022,0,2022-07-29,INR,20420350430000
RBI:CSURYCOM_M_RN(1.0),N_A,CCS12,N_A,M,2023,2022,0,2022-07-29,INR,147991061500000
RBI:CSURYCOM_M_RN(1.0),N_A,CCS1201,N_A,M,2023,2022,0,2022-07-29,INR,66595977680000
RBI:CSURYCOM_M_RN(1.0),N_A,CCS12011,N_A,M,2023,2022,0,2022-07-29,INR,2337403327000
RBI:CSURYCOM_M_RN(1.0),N_A,CCS12012,N_A,M,2023,2022,0,2022-07-29,INR,81395083820000
RBI:CSURYCOM_M_RN(1.0),N_A,CCS1202,N_A,M,2023,2022,0,2022-07-29,INR,81395083830000
RBI:CSURYCOM_M_RN(1.0),N_A,CCS2,N_A,M,2023,2022,0,2022-07-29,INR,3536002922000.0005
RBI:CSURYCOM_M_RN(1.0),N_A,CCS1,N_A,M,2023,2022,0,2022-08-26,INR,168600961200000
RBI:CSURYCOM_M_RN(1.0),N_A,CCS11,N_A,M,2023,2022,0,2022-08-26,INR,20229993060000
RBI:CSURYCOM_M_RN(1.0),N_A,CCS12,N_A,M,2023,2022,0,2022-08-26,INR,148370968100000
RBI:CSURYCOM_M_RN(1.0),N_A,CCS1201,N_A,M,2023,2022,0,2022-08-26,INR,66766935650000.01
RBI:CSURYCOM_M_RN(1.0),N_A,CCS12011,N_A,M,2023,2022,0,2022-08-26,INR,2298744048000
RBI:CSURYCOM_M_RN(1.0),N_A,CCS12012,N_A,M,2023,2022,0,2022-08-26,INR,81604032449999.98
RBI:CSURYCOM_M_RN(1.0),N_A,CCS1202,N_A,M,2023,2022,0,2022-08-26,INR,81604032460000
RBI:CSURYCOM_M_RN(1.0),N_A,CCS2,N_A,M,2023,2022,0,2022-08-26,INR,4695094250000
RBI:CSURYCOM_M_RN(1.0),N_A,CCS1,N_A,M,2023,2022,0,2022-09-23,INR,168971962399999.97
RBI:CSURYCOM_M_RN(1.0),N_A,CCS11,N_A,M,2023,2022,0,2022-09-23,INR,19811906260000
RBI:CSURYCOM_M_RN(1.0),N_A,CCS12,N_A,M,2023,2022,0,2022-09-23,INR,149160056100000
RBI:CSURYCOM_M_RN(1.0),N_A,CCS1201,N_A,M,2023,2022,0,2022-09-23,INR,67122025250000
RBI:CSURYCOM_M_RN(1.0),N_A,CCS12011,N_A,M,2023,2022,0,2022-09-23,INR,2455080174000
RBI:CSURYCOM_M_RN(1.0),N_A,CCS12012,N_A,M,2023,2022,0,2022-09-23,INR,82038030850000
RBI:CSURYCOM_M_RN(1.0),N_A,CCS1202,N_A,M,2023,2022,0,2022-09-23,INR,82038030860000
RBI:CSURYCOM_M_RN(1.0),N_A,CCS2,N_A,M,2023,2022,0,2022-09-23,INR,5318785483000
RBI:CSURYCOM_M_RN(1.0),N_A,CCS1,N_A,M,2023,2022,0,2022-10-21,INR,170666926000000
RBI:CSURYCOM_M_RN(1.0),N_A,CCS11,N_A,M,2023,2022,0,2022-10-21,INR,20256488730000
RBI:CSURYCOM_M_RN(1.0),N_A,CCS12,N_A,M,2023,2022,0,2022-10-21,INR,150410437300000
RBI:CSURYCOM_M_RN(1.0),N_A,CCS1201,N_A,M,2023,2022,0,2022-10-21,INR,67684696789999.99
RBI:CSURYCOM_M_RN(1.0),N_A,CCS12011,N_A,M,2023,2022,0,2022-10-21,INR,2326798289000
RBI:CSURYCOM_M_RN(1.0),N_A,CCS12012,N_A,M,2023,2022,0,2022-10-21,INR,82725740510000.02
RBI:CSURYCOM_M_RN(1.0),N_A,CCS1202,N_A,M,2023,2022,0,2022-10-21,INR,82725740520000
RBI:CSURYCOM_M_RN(1.0),N_A,CCS2,N_A,M,2023,2022,0,2022-10-21,INR,5480812378000
RBI:CSURYCOM_M_RN(1.0),N_A,CCS1,N_A,M,2023,2022,0,2022-11-18,INR,171555167399999.97
RBI:CSURYCOM_M_RN(1.0),N_A,CCS11,N_A,M,2023,2022,0,2022-11-18,INR,20508645680000
RBI:CSURYCOM_M_RN(1.0),N_A,CCS12,N_A,M,2023,2022,0,2022-11-18,INR,151046521700000
RBI:CSURYCOM_M_RN(1.0),N_A,CCS1201,N_A,M,2023,2022,0,2022-11-18,INR,67970934770000
RBI:CSURYCOM_M_RN(1.0),N_A,CCS12011,N_A,M,2023,2022,0,2022-11-18,INR,2525298692000
RBI:CSURYCOM_M_RN(1.0),N_A,CCS12012,N_A,M,2023,2022,0,2022-11-18,INR,83075586930000
RBI:CSURYCOM_M_RN(1.0),N_A,CCS1202,N_A,M,2023,2022,0,2022-11-18,INR,83075586940000
RBI:CSURYCOM_M_RN(1.0),N_A,CCS2,N_A,M,2023,2022,0,2022-11-18,INR,4748613834000
RBI:CSURYCOM_M_RN(1.0),N_A,CCS1,N_A,M,2023,2022,0,2022-12-30,INR,175812208000000
RBI:CSURYCOM_M_RN(1.0),N_A,CCS11,N_A,M,2023,2022,0,2022-12-30,INR,22017508190000
RBI:CSURYCOM_M_RN(1.0),N_A,CCS12,N_A,M,2023,2022,0,2022-12-30,INR,153794699800000
RBI:CSURYCOM_M_RN(1.0),N_A,CCS1201,N_A,M,2023,2022,0,2022-12-30,INR,69207614910000
RBI:CSURYCOM_M_RN(1.0),N_A,CCS12011,N_A,M,2023,2022,0,2022-12-30,INR,2953973281000
RBI:CSURYCOM_M_RN(1.0),N_A,CCS12012,N_A,M,2023,2022,0,2022-12-30,INR,84587084890000
RBI:CSURYCOM_M_RN(1.0),N_A,CCS1202,N_A,M,2023,2022,0,2022-12-30,INR,84587084890000
RBI:CSURYCOM_M_RN(1.0),N_A,CCS2,N_A,M,2023,2022,0,2022-12-30,INR,4404437009000
RBI:CSURYCOM_M_RN(1.0),N_A,CCS1,N_A,M,2023,2022,0,2023-01-27,INR,175638348000000
RBI:CSURYCOM_M_RN(1.0),N_A,CCS11,N_A,M,2023,2022,0,2023-01-27,INR,21567472140000
RBI:CSURYCOM_M_RN(1.0),N_A,CCS12,N_A,M,2023,2022,0,2023-01-27,INR,154070875900000
RBI:CSURYCOM_M_RN(1.0),N_A,CCS1201,N_A,M,2023,2022,0,2023-01-27,INR,69331894160000
RBI:CSURYCOM_M_RN(1.0),N_A,CCS12011,N_A,M,2023,2022,0,2023-01-27,INR,2827059717000
RBI:CSURYCOM_M_RN(1.0),N_A,CCS12012,N_A,M,2023,2022,0,2023-01-27,INR,84738981740000
RBI:CSURYCOM_M_RN(1.0),N_A,CCS1202,N_A,M,2023,2022,0,2023-01-27,INR,84738981750000
RBI:CSURYCOM_M_RN(1.0),N_A,CCS2,N_A,M,2023,2022,0,2023-01-27,INR,4597689945000
RBI:CSURYCOM_M_RN(1.0),N_A,CCS1,N_A,M,2023,2022,0,2023-02-24,INR,177017022000000
RBI:CSURYCOM_M_RN(1.0),N_A,CCS11,N_A,M,2023,2022,0,2023-02-24,INR,21507307429999.996
RBI:CSURYCOM_M_RN(1.0),N_A,CCS12,N_A,M,2023,2022,0,2023-02-24,INR,155509714600000
RBI:CSURYCOM_M_RN(1.0),N_A,CCS1201,N_A,M,2023,2022,0,2023-02-24,INR,69979371570000
RBI:CSURYCOM_M_RN(1.0),N_A,CCS12011,N_A,M,2023,2022,0,2023-02-24,INR,2829441862000
RBI:CSURYCOM_M_RN(1.0),N_A,CCS12012,N_A,M,2023,2022,0,2023-02-24,INR,85530343030000
RBI:CSURYCOM_M_RN(1.0),N_A,CCS1202,N_A,M,2023,2022,0,2023-02-24,INR,85530343030000
RBI:CSURYCOM_M_RN(1.0),N_A,CCS2,N_A,M,2023,2022,0,2023-02-24,INR,4665060334000
RBI:CSURYCOM_M_RN(1.0),N_A,CCS1,N_A,M,2023,2022,0,2023-03-24,INR,178829894000000
RBI:CSURYCOM_M_RN(1.0),N_A,CCS11,N_A,M,2023,2022,0,2023-03-24,INR,21804305580000
RBI:CSURYCOM_M_RN(1.0),N_A,CCS12,N_A,M,2023,2022,0,2023-03-24,INR,157025588400000
RBI:CSURYCOM_M_RN(1.0),N_A,CCS1201,N_A,M,2023,2022,0,2023-03-24,INR,70661514780000
RBI:CSURYCOM_M_RN(1.0),N_A,CCS12011,N_A,M,2023,2022,0,2023-03-24,INR,3039927092000
RBI:CSURYCOM_M_RN(1.0),N_A,CCS12012,N_A,M,2023,2022,0,2023-03-24,INR,86364073620000
RBI:CSURYCOM_M_RN(1.0),N_A,CCS1202,N_A,M,2023,2022,0,2023-03-24,INR,86364073620000
RBI:CSURYCOM_M_RN(1.0),N_A,CCS2,N_A,M,2023,2022,0,2023-03-24,INR,4453290855000
RBI:CSURYCOM_M_RN(1.0),N_A,CCS1,N_A,M,2024,2023,0,2023-04-21,INR,181451635900000
RBI:CSURYCOM_M_RN(1.0),N_A,CCS11,N_A,M,2024,2023,0,2023-04-21,INR,21390169389999.996
RBI:CSURYCOM_M_RN(1.0),N_A,CCS12,N_A,M,2024,2023,0,2023-04-21,INR,160061466500000
RBI:CSURYCOM_M_RN(1.0),N_A,CCS1201,N_A,M,2024,2023,0,2023-04-21,INR,72027659930000
RBI:CSURYCOM_M_RN(1.0),N_A,CCS12011,N_A,M,2024,2023,0,2023-04-21,INR,3022116527000
RBI:CSURYCOM_M_RN(1.0),N_A,CCS12012,N_A,M,2024,2023,0,2023-04-21,INR,88033806570000
RBI:CSURYCOM_M_RN(1.0),N_A,CCS1202,N_A,M,2024,2023,0,2023-04-21,INR,88033806580000
RBI:CSURYCOM_M_RN(1.0),N_A,CCS2,N_A,M,2024,2023,0,2023-04-21,INR,4585163338000
RBI:CSURYCOM_M_RN(1.0),N_A,CCS1,N_A,M,2024,2023,0,2023-05-19,INR,182060918900000
RBI:CSURYCOM_M_RN(1.0),N_A,CCS11,N_A,M,2024,2023,0,2023-05-19,INR,21216593780000
RBI:CSURYCOM_M_RN(1.0),N_A,CCS12,N_A,M,2024,2023,0,2023-05-19,INR,160844325100000
RBI:CSURYCOM_M_RN(1.0),N_A,CCS1201,N_A,M,2024,2023,0,2023-05-19,INR,72379946300000
RBI:CSURYCOM_M_RN(1.0),N_A,CCS12011,N_A,M,2024,2023,0,2023-05-19,INR,2973891182000.0005
RBI:CSURYCOM_M_RN(1.0),N_A,CCS12012,N_A,M,2024,2023,0,2023-05-19,INR,88464378800000
RBI:CSURYCOM_M_RN(1.0),N_A,CCS1202,N_A,M,2024,2023,0,2023-05-19,INR,88464378809999.98
RBI:CSURYCOM_M_RN(1.0),N_A,CCS2,N_A,M,2024,2023,0,2023-05-19,INR,4535893441000
RBI:CSURYCOM_M_RN(1.0),N_A,CCS1,N_A,M,2024,2023,0,2023-06-30,INR,189807233900000
RBI:CSURYCOM_M_RN(1.0),N_A,CCS11,N_A,M,2024,2023,0,2023-06-30,INR,24489212980000
RBI:CSURYCOM_M_RN(1.0),N_A,CCS12,N_A,M,2024,2023,0,2023-06-30,INR,165318020900000
RBI:CSURYCOM_M_RN(1.0),N_A,CCS1201,N_A,M,2024,2023,0,2023-06-30,INR,74393109400000
RBI:CSURYCOM_M_RN(1.0),N_A,CCS12011,N_A,M,2024,2023,0,2023-06-30,INR,2888269856000
RBI:CSURYCOM_M_RN(1.0),N_A,CCS12012,N_A,M,2024,2023,0,2023-06-30,INR,90924911500000
RBI:CSURYCOM_M_RN(1.0),N_A,CCS1202,N_A,M,2024,2023,0,2023-06-30,INR,90924911480000
RBI:CSURYCOM_M_RN(1.0),N_A,CCS2,N_A,M,2024,2023,0,2023-06-30,INR,4750041398000
RBI:CSURYCOM_M_RN(1.0),N_A,CCS1,N_A,M,2024,2023,0,2023-07-28,INR,188375134800000
RBI:CSURYCOM_M_RN(1.0),N_A,CCS11,N_A,M,2024,2023,0,2023-07-28,INR,22579721130000
RBI:CSURYCOM_M_RN(1.0),N_A,CCS12,N_A,M,2024,2023,0,2023-07-28,INR,165795413700000
RBI:CSURYCOM_M_RN(1.0),N_A,CCS1201,N_A,M,2024,2023,0,2023-07-28,INR,74607936170000
RBI:CSURYCOM_M_RN(1.0),N_A,CCS12011,N_A,M,2024,2023,0,2023-07-28,INR,3030747158000
RBI:CSURYCOM_M_RN(1.0),N_A,CCS12012,N_A,M,2024,2023,0,2023-07-28,INR,91187477530000
RBI:CSURYCOM_M_RN(1.0),N_A,CCS1202,N_A,M,2024,2023,0,2023-07-28,INR,91187477540000
RBI:CSURYCOM_M_RN(1.0),N_A,CCS2,N_A,M,2024,2023,0,2023-07-28,INR,7843418747000
RBI:CSURYCOM_M_RN(1.0),N_A,N_A,CCS12_IM,M,2024,2023,0,2023-07-28,INR,167300005700000
RBI:CSURYCOM_M_RN(1.0),N_A,N_A,CCS1_IM,M,2024,2023,0,2023-07-28,INR,189879726800000
RBI:CSURYCOM_M_RN(1.0),N_A,CCS1,N_A,M,2024,2023,0,2023-08-25,INR,189132521500000
RBI:CSURYCOM_M_RN(1.0),N_A,CCS11,N_A,M,2024,2023,0,2023-08-25,INR,22123124130000
RBI:CSURYCOM_M_RN(1.0),N_A,CCS12,N_A,M,2024,2023,0,2023-08-25,INR,167009397300000
RBI:CSURYCOM_M_RN(1.0),N_A,CCS1201,N_A,M,2024,2023,0,2023-08-25,INR,75154228800000
RBI:CSURYCOM_M_RN(1.0),N_A,CCS12011,N_A,M,2024,2023,0,2023-08-25,INR,2965196185000
RBI:CSURYCOM_M_RN(1.0),N_A,CCS12012,N_A,M,2024,2023,0,2023-08-25,INR,91855168500000
RBI:CSURYCOM_M_RN(1.0),N_A,CCS1202,N_A,M,2024,2023,0,2023-08-25,INR,91855168530000
RBI:CSURYCOM_M_RN(1.0),N_A,CCS2,N_A,M,2024,2023,0,2023-08-25,INR,8180735569000
RBI:CSURYCOM_M_RN(1.0),N_A,N_A,CCS12_IM,M,2024,2023,0,2023-08-25,INR,168477358700000
RBI:CSURYCOM_M_RN(1.0),N_A,N_A,CCS1_IM,M,2024,2023,0,2023-08-25,INR,190600482900000
RBI:CSURYCOM_M_RN(1.0),N_A,CCS1,N_A,M,2024,2023,0,2023-09-22,INR,189545842900000
RBI:CSURYCOM_M_RN(1.0),N_A,CCS11,N_A,M,2024,2023,0,2023-09-22,INR,22045912500000
RBI:CSURYCOM_M_RN(1.0),N_A,CCS12,N_A,M,2024,2023,0,2023-09-22,INR,167499930400000
RBI:CSURYCOM_M_RN(1.0),N_A,CCS1201,N_A,M,2024,2023,0,2023-09-22,INR,75374968680000
RBI:CSURYCOM_M_RN(1.0),N_A,CCS12011,N_A,M,2024,2023,0,2023-09-22,INR,2803043934000
RBI:CSURYCOM_M_RN(1.0),N_A,CCS12012,N_A,M,2024,2023,0,2023-09-22,INR,92124961720000
RBI:CSURYCOM_M_RN(1.0),N_A,CCS1202,N_A,M,2024,2023,0,2023-09-22,INR,92124961720000
RBI:CSURYCOM_M_RN(1.0),N_A,CCS2,N_A,M,2024,2023,0,2023-09-22,INR,8396269872000
RBI:CSURYCOM_M_RN(1.0),N_A,N_A,CCS12_IM,M,2024,2023,0,2023-09-22,INR,168919897500000
RBI:CSURYCOM_M_RN(1.0),N_A,N_A,CCS1_IM,M,2024,2023,0,2023-09-22,INR,190965810000000
RBI:CSURYCOM_M_RN(1.0),N_A,CCS1,N_A,M,2024,2023,0,2023-10-20,INR,191967555799999.97
RBI:CSURYCOM_M_RN(1.0),N_A,CCS11,N_A,M,2024,2023,0,2023-10-20,INR,22487379690000
RBI:CSURYCOM_M_RN(1.0),N_A,CCS12,N_A,M,2024,2023,0,2023-10-20,INR,169480176200000
RBI:CSURYCOM_M_RN(1.0),N_A,CCS1201,N_A,M,2024,2023,0,2023-10-20,INR,76266079270000
RBI:CSURYCOM_M_RN(1.0),N_A,CCS12011,N_A,M,2024,2023,0,2023-10-20,INR,3063540985000
RBI:CSURYCOM_M_RN(1.0),N_A,CCS12012,N_A,M,2024,2023,0,2023-10-20,INR,93214096930000
RBI:CSURYCOM_M_RN(1.0),N_A,CCS1202,N_A,M,2024,2023,0,2023-10-20,INR,93214096879999.98
RBI:CSURYCOM_M_RN(1.0),N_A,CCS2,N_A,M,2024,2023,0,2023-10-20,INR,8238823479000.001
RBI:CSURYCOM_M_RN(1.0),N_A,N_A,CCS12_IM,M,2024,2023,0,2023-10-20,INR,170822126500000
RBI:CSURYCOM_M_RN(1.0),N_A,N_A,CCS1_IM,M,2024,2023,0,2023-10-20,INR,193309506100000
RBI:CSURYCOM_M_RN(1.0),N_A,CCS1,N_A,M,2024,2023,0,2023-11-17,INR,193368157700000
RBI:CSURYCOM_M_RN(1.0),N_A,CCS11,N_A,M,2024,2023,0,2023-11-17,INR,23071784559999.996
RBI:CSURYCOM_M_RN(1.0),N_A,CCS12,N_A,M,2024,2023,0,2023-11-17,INR,170296373100000
RBI:CSURYCOM_M_RN(1.0),N_A,CCS1201,N_A,M,2024,2023,0,2023-11-17,INR,76633367890000
RBI:CSURYCOM_M_RN(1.0),N_A,CCS12011,N_A,M,2024,2023,0,2023-11-17,INR,3042606788000
RBI:CSURYCOM_M_RN(1.0),N_A,CCS12012,N_A,M,2024,2023,0,2023-11-17,INR,93663005210000
RBI:CSURYCOM_M_RN(1.0),N_A,CCS1202,N_A,M,2024,2023,0,2023-11-17,INR,93663005200000
RBI:CSURYCOM_M_RN(1.0),N_A,CCS2,N_A,M,2024,2023,0,2023-11-17,INR,8425166509000
RBI:CSURYCOM_M_RN(1.0),N_A,N_A,CCS12_IM,M,2024,2023,0,2023-11-17,INR,171578716400000
RBI:CSURYCOM_M_RN(1.0),N_A,N_A,CCS1_IM,M,2024,2023,0,2023-11-17,INR,194650501000000
RBI:CSURYCOM_M_RN(1.0),N_A,CCS1,N_A,M,2024,2023,0,2023-12-29,INR,197693961800000
RBI:CSURYCOM_M_RN(1.0),N_A,CCS11,N_A,M,2024,2023,0,2023-12-29,INR,24375041290000
RBI:CSURYCOM_M_RN(1.0),N_A,CCS12,N_A,M,2024,2023,0,2023-12-29,INR,173318920500000
RBI:CSURYCOM_M_RN(1.0),N_A,CCS1201,N_A,M,2024,2023,0,2023-12-29,INR,77993514220000
RBI:CSURYCOM_M_RN(1.0),N_A,CCS12011,N_A,M,2024,2023,0,2023-12-29,INR,3425139483000
RBI:CSURYCOM_M_RN(1.0),N_A,CCS12012,N_A,M,2024,2023,0,2023-12-29,INR,95325406280000
RBI:CSURYCOM_M_RN(1.0),N_A,CCS1202,N_A,M,2024,2023,0,2023-12-29,INR,95325406270000
RBI:CSURYCOM_M_RN(1.0),N_A,CCS2,N_A,M,2024,2023,0,2023-12-29,INR,7590646878000
RBI:CSURYCOM_M_RN(1.0),N_A,N_A,CCS12_IM,M,2024,2023,0,2023-12-29,INR,174531791100000
RBI:CSURYCOM_M_RN(1.0),N_A,N_A,CCS1_IM,M,2024,2023,0,2023-12-29,INR,198906832399999.97
RBI:CSURYCOM_M_RN(1.0),N_A,CCS1,N_A,M,2024,2023,0,2024-01-26,INR,197403684400000
RBI:CSURYCOM_M_RN(1.0),N_A,CCS11,N_A,M,2024,2023,0,2024-01-26,INR,23550148250000
RBI:CSURYCOM_M_RN(1.0),N_A,CCS12,N_A,M,2024,2023,0,2024-01-26,INR,173853536200000
RBI:CSURYCOM_M_RN(1.0),N_A,CCS1201,N_A,M,2024,2023,0,2024-01-26,INR,78234091280000
RBI:CSURYCOM_M_RN(1.0),N_A,CCS12011,N_A,M,2024,2023,0,2024-01-26,INR,3536578234000
RBI:CSURYCOM_M_RN(1.0),N_A,CCS12012,N_A,M,2024,2023,0,2024-01-26,INR,95619444920000
RBI:CSURYCOM_M_RN(1.0),N_A,CCS1202,N_A,M,2024,2023,0,2024-01-26,INR,95619444900000
RBI:CSURYCOM_M_RN(1.0),N_A,CCS2,N_A,M,2024,2023,0,2024-01-26,INR,8108276419000
RBI:CSURYCOM_M_RN(1.0),N_A,N_A,CCS12_IM,M,2024,2023,0,2024-01-26,INR,175016554000000
RBI:CSURYCOM_M_RN(1.0),N_A,N_A,CCS1_IM,M,2024,2023,0,2024-01-26,INR,198566702200000
RBI:CSURYCOM_M_RN(1.0),N_A,CCS1,N_A,M,2024,2023,0,2024-02-23,INR,198768950000000
RBI:CSURYCOM_M_RN(1.0),N_A,CCS11,N_A,M,2024,2023,0,2024-02-23,INR,23683074620000
RBI:CSURYCOM_M_RN(1.0),N_A,CCS12,N_A,M,2024,2023,0,2024-02-23,INR,175085870000000
RBI:CSURYCOM_M_RN(1.0),N_A,CCS1201,N_A,M,2024,2023,0,2024-02-23,INR,78788642240000
RBI:CSURYCOM_M_RN(1.0),N_A,CCS12011,N_A,M,2024,2023,0,2024-02-23,INR,3682780735000
RBI:CSURYCOM_M_RN(1.0),N_A,CCS12012,N_A,M,2024,2023,0,2024-02-23,INR,96297227760000
RBI:CSURYCOM_M_RN(1.0),N_A,CCS1202,N_A,M,2024,2023,0,2024-02-23,INR,96297229410000
RBI:CSURYCOM_M_RN(1.0),N_A,CCS2,N_A,M,2024,2023,0,2024-02-23,INR,7790185192000
RBI:CSURYCOM_M_RN(1.0),N_A,N_A,CCS12_IM,M,2024,2023,0,2024-02-23,INR,176213740000000
RBI:CSURYCOM_M_RN(1.0),N_A,N_A,CCS1_IM,M,2024,2023,0,2024-02-23,INR,199896820000000
RBI:CSURYCOM_M_RN(1.0),N_A,CCS1,N_A,M,2024,2023,0,2024-03-22,INR,201451880000000
RBI:CSURYCOM_M_RN(1.0),N_A,CCS11,N_A,M,2024,2023,0,2024-03-22,INR,24438531010000
RBI:CSURYCOM_M_RN(1.0),N_A,CCS12,N_A,M,2024,2023,0,2024-03-22,INR,177013340000000
RBI:CSURYCOM_M_RN(1.0),N_A,CCS1201,N_A,M,2024,2023,0,2024-03-22,INR,79656004890000
RBI:CSURYCOM_M_RN(1.0),N_A,CCS12011,N_A,M,2024,2023,0,2024-03-22,INR,3693993389000
RBI:CSURYCOM_M_RN(1.0),N_A,CCS12012,N_A,M,2024,2023,0,2024-03-22,INR,97357335110000
RBI:CSURYCOM_M_RN(1.0),N_A,CCS1202,N_A,M,2024,2023,0,2024-03-22,INR,97357339320000
RBI:CSURYCOM_M_RN(1.0),N_A,CCS2,N_A,M,2024,2023,0,2024-03-22,INR,7779423083000
RBI:CSURYCOM_M_RN(1.0),N_A,N_A,CCS12_IM,M,2024,2023,0,2024-03-22,INR,178095770000000
RBI:CSURYCOM_M_RN(1.0),N_A,N_A,CCS1_IM,M,2024,2023,0,2024-03-22,INR,202534300000000
RBI:CSURYCOM_M_RN(1.0),N_A,CCS1,N_A,M,2025,2024,0,2024-04-19,INR,204209420000000
RBI:CSURYCOM_M_RN(1.0),N_A,CCS11,N_A,M,2025,2024,0,2024-04-19,INR,24619465490000
RBI:CSURYCOM_M_RN(1.0),N_A,CCS12,N_A,M,2025,2024,0,2024-04-19,INR,179589950000000
RBI:CSURYCOM_M_RN(1.0),N_A,CCS1201,N_A,M,2025,2024,0,2024-04-19,INR,80815477400000
RBI:CSURYCOM_M_RN(1.0),N_A,CCS12011,N_A,M,2025,2024,0,2024-04-19,INR,3700466633000
RBI:CSURYCOM_M_RN(1.0),N_A,CCS12012,N_A,M,2025,2024,0,2024-04-19,INR,98774472600000
RBI:CSURYCOM_M_RN(1.0),N_A,CCS1202,N_A,M,2025,2024,0,2024-04-19,INR,98774472380000
RBI:CSURYCOM_M_RN(1.0),N_A,CCS2,N_A,M,2025,2024,0,2024-04-19,INR,7753380979000
RBI:CSURYCOM_M_RN(1.0),N_A,N_A,CCS12_IM,M,2025,2024,0,2024-04-19,INR,180649770000000
RBI:CSURYCOM_M_RN(1.0),N_A,N_A,CCS1_IM,M,2025,2024,0,2024-04-19,INR,205269240000000
RBI:CSURYCOM_M_RN(1.0),N_A,CCS1,N_A,M,2025,2024,0,2024-05-31,INR,207591805200000
RBI:CSURYCOM_M_RN(1.0),N_A,CCS11,N_A,M,2025,2024,0,2024-05-31,INR,25064929060000
RBI:CSURYCOM_M_RN(1.0),N_A,CCS12,N_A,M,2025,2024,0,2024-05-31,INR,182526876100000
RBI:CSURYCOM_M_RN(1.0),N_A,CCS1201,N_A,M,2025,2024,0,2024-05-31,INR,82137094240000
RBI:CSURYCOM_M_RN(1.0),N_A,CCS12011,N_A,M,2025,2024,0,2024-05-31,INR,3642738162000
RBI:CSURYCOM_M_RN(1.0),N_A,CCS12012,N_A,M,2025,2024,0,2024-05-31,INR,100389781860000
RBI:CSURYCOM_M_RN(1.0),N_A,CCS1202,N_A,M,2025,2024,0,2024-05-31,INR,100389781900000
RBI:CSURYCOM_M_RN(1.0),N_A,CCS2,N_A,M,2025,2024,0,2024-05-31,INR,7389252221000
RBI:CSURYCOM_M_RN(1.0),N_A,N_A,CCS12_IM,M,2025,2024,0,2024-05-31,INR,183478664400000
RBI:CSURYCOM_M_RN(1.0),N_A,N_A,CCS1_IM,M,2025,2024,0,2024-05-31,INR,208543593500000
RBI:CSURYCOM_M_RN(1.0),N_A,CCS1,N_A,M,2025,2024,0,2024-06-28,INR,209548837700000
RBI:CSURYCOM_M_RN(1.0),N_A,CCS11,N_A,M,2025,2024,0,2024-06-28,INR,26016773670000
RBI:CSURYCOM_M_RN(1.0),N_A,CCS12,N_A,M,2025,2024,0,2024-06-28,INR,183532064000000
RBI:CSURYCOM_M_RN(1.0),N_A,CCS1201,N_A,M,2025,2024,0,2024-06-28,INR,82589428810000
RBI:CSURYCOM_M_RN(1.0),N_A,CCS12011,N_A,M,2025,2024,0,2024-06-28,INR,4073541470000
RBI:CSURYCOM_M_RN(1.0),N_A,CCS12012,N_A,M,2025,2024,0,2024-06-28,INR,100942635190000
RBI:CSURYCOM_M_RN(1.0),N_A,CCS1202,N_A,M,2025,2024,0,2024-06-28,INR,100942635200000
RBI:CSURYCOM_M_RN(1.0),N_A,CCS2,N_A,M,2025,2024,0,2024-06-28,INR,7644611676000
RBI:CSURYCOM_M_RN(1.0),N_A,N_A,CCS12_IM,M,2025,2024,0,2024-06-28,INR,184426031700000
RBI:CSURYCOM_M_RN(1.0),N_A,N_A,CCS1_IM,M,2025,2024,0,2024-06-28,INR,210442805400000
RBI:CSURYCOM_M_RN(1.0),N_A,CCS1,N_A,M,2025,2024,0,2024-07-26,INR,208626805200000
RBI:CSURYCOM_M_RN(1.0),N_A,CCS11,N_A,M,2025,2024,0,2024-07-26,INR,24442203650000
RBI:CSURYCOM_M_RN(1.0),N_A,CCS12,N_A,M,2025,2024,0,2024-07-26,INR,184184601500000
RBI:CSURYCOM_M_RN(1.0),N_A,CCS1201,N_A,M,2025,2024,0,2024-07-26,INR,82883070690000
RBI:CSURYCOM_M_RN(1.0),N_A,CCS12011,N_A,M,2025,2024,0,2024-07-26,INR,4200690597000
RBI:CSURYCOM_M_RN(1.0),N_A,CCS12012,N_A,M,2025,2024,0,2024-07-26,INR,101301530810000
RBI:CSURYCOM_M_RN(1.0),N_A,CCS1202,N_A,M,2025,2024,0,2024-07-26,INR,101301530800000
RBI:CSURYCOM_M_RN(1.0),N_A,CCS2,N_A,M,2025,2024,0,2024-07-26,INR,9351896985000
RBI:CSURYCOM_M_RN(1.0),N_A,N_A,CCS12_IM,M,2025,2024,0,2024-07-26,INR,185016619100000
RBI:CSURYCOM_M_RN(1.0),N_A,N_A,CCS1_IM,M,2025,2024,0,2024-07-26,INR,209458822800000
RBI:CSURYCOM_M_RN(1.0),N_A,CCS1,N_A,M,2025,2024,0,2024-08-23,INR,209910668600000
RBI:CSURYCOM_M_RN(1.0),N_A,CCS11,N_A,M,2025,2024,0,2024-08-23,INR,24460391170000
RBI:CSURYCOM_M_RN(1.0),N_A,CCS12,N_A,M,2025,2024,0,2024-08-23,INR,185450277399999.97
RBI:CSURYCOM_M_RN(1.0),N_A,CCS1201,N_A,M,2025,2024,0,2024-08-23,INR,83452624830000
RBI:CSURYCOM_M_RN(1.0),N_A,CCS12011,N_A,M,2025,2024,0,2024-08-23,INR,4413878344000
RBI:CSURYCOM_M_RN(1.0),N_A,CCS12012,N_A,M,2025,2024,0,2024-08-23,INR,101997652569999.97
RBI:CSURYCOM_M_RN(1.0),N_A,CCS1202,N_A,M,2025,2024,0,2024-08-23,INR,101997652600000
RBI:CSURYCOM_M_RN(1.0),N_A,CCS2,N_A,M,2025,2024,0,2024-08-23,INR,9113769155000
RBI:CSURYCOM_M_RN(1.0),N_A,N_A,CCS12_IM,M,2025,2024,0,2024-08-23,INR,186239748000000
RBI:CSURYCOM_M_RN(1.0),N_A,N_A,CCS1_IM,M,2025,2024,0,2024-08-23,INR,210700139200000.03
RBI:CSURYCOM_M_RN(1.0),N_A,CCS1,N_A,M,2025,2024,0,2024-09-20,INR,211635092200000
RBI:CSURYCOM_M_RN(1.0),N_A,CCS11,N_A,M,2025,2024,0,2024-09-20,INR,24983732660000
RBI:CSURYCOM_M_RN(1.0),N_A,CCS12,N_A,M,2025,2024,0,2024-09-20,INR,186651359500000
RBI:CSURYCOM_M_RN(1.0),N_A,CCS1201,N_A,M,2025,2024,0,2024-09-20,INR,83993111790000
RBI:CSURYCOM_M_RN(1.0),N_A,CCS12011,N_A,M,2025,2024,0,2024-09-20,INR,4678529697000
RBI:CSURYCOM_M_RN(1.0),N_A,CCS12012,N_A,M,2025,2024,0,2024-09-20,INR,102658247710000
RBI:CSURYCOM_M_RN(1.0),N_A,CCS1202,N_A,M,2025,2024,0,2024-09-20,INR,102658247700000
RBI:CSURYCOM_M_RN(1.0),N_A,CCS2,N_A,M,2025,2024,0,2024-09-20,INR,8796259001000
RBI:CSURYCOM_M_RN(1.0),N_A,N_A,CCS12_IM,M,2025,2024,0,2024-09-20,INR,187406113800000
RBI:CSURYCOM_M_RN(1.0),N_A,N_A,CCS1_IM,M,2025,2024,0,2024-09-20,INR,212389846500000
RBI:CSURYCOM_M_RN(1.0),N_A,CCS1,N_A,M,2025,2024,0,2024-10-18,INR,214616674800000
RBI:CSURYCOM_M_RN(1.0),N_A,CCS11,N_A,M,2025,2024,0,2024-10-18,INR,25446075780000
RBI:CSURYCOM_M_RN(1.0),N_A,CCS12,N_A,M,2025,2024,0,2024-10-18,INR,189170599000000
RBI:CSURYCOM_M_RN(1.0),N_A,CCS1201,N_A,M,2025,2024,0,2024-10-18,INR,85453341160000
RBI:CSURYCOM_M_RN(1.0),N_A,CCS12011,N_A,M,2025,2024,0,2024-10-18,INR,11384551560000
RBI:CSURYCOM_M_RN(1.0),N_A,CCS12012,N_A,M,2025,2024,0,2024-10-18,INR,103717257840000
RBI:CSURYCOM_M_RN(1.0),N_A,CCS1202,N_A,M,2025,2024,0,2024-10-18,INR,104442972500000
RBI:CSURYCOM_M_RN(1.0),N_A,CCS2,N_A,M,2025,2024,0,2024-10-18,INR,8653972921000
RBI:CSURYCOM_M_RN(1.0),N_A,N_A,CCS12_IM,M,2025,2024,0,2024-10-18,INR,189896313700000
RBI:CSURYCOM_M_RN(1.0),N_A,N_A,CCS1_IM,M,2025,2024,0,2024-10-18,INR,215342389500000
RBI:CSURYCOM_M_RN(1.0),N_A,CCS1,N_A,M,2025,2024,0,2024-11-29,INR,216715014100000
RBI:CSURYCOM_M_RN(1.0),N_A,CCS11,N_A,M,2025,2024,0,2024-11-29,INR,25767886370000
RBI:CSURYCOM_M_RN(1.0),N_A,CCS12,N_A,M,2025,2024,0,2024-11-29,INR,190947127800000
RBI:CSURYCOM_M_RN(1.0),N_A,CCS1201,N_A,M,2025,2024,0,2024-11-29,INR,86237428720000
RBI:CSURYCOM_M_RN(1.0),N_A,CCS12011,N_A,M,2025,2024,0,2024-11-29,INR,4935983844000
RBI:CSURYCOM_M_RN(1.0),N_A,CCS12012,N_A,M,2025,2024,0,2024-11-29,INR,104709699080000
RBI:CSURYCOM_M_RN(1.0),N_A,CCS1202,N_A,M,2025,2024,0,2024-11-29,INR,105401301800000
RBI:CSURYCOM_M_RN(1.0),N_A,CCS2,N_A,M,2025,2024,0,2024-11-29,INR,9510231217000
RBI:CSURYCOM_M_RN(1.0),N_A,N_A,CCS12_IM,M,2025,2024,0,2024-11-29,INR,191638730500000
RBI:CSURYCOM_M_RN(1.0),N_A,N_A,CCS1_IM,M,2025,2024,0,2024-11-29,INR,217406616800000
RBI:CSURYCOM_M_RN(1.0),N_A,CCS1,N_A,M,2025,2024,0,2024-12-27,INR,217113173200000
RBI:CSURYCOM_M_RN(1.0),N_A,CCS11,N_A,M,2025,2024,0,2024-12-27,INR,25695725520000
RBI:CSURYCOM_M_RN(1.0),N_A,CCS12,N_A,M,2025,2024,0,2024-12-27,INR,191417447700000
RBI:CSURYCOM_M_RN(1.0),N_A,CCS1201,N_A,M,2025,2024,0,2024-12-27,INR,86437957860000
RBI:CSURYCOM_M_RN(1.0),N_A,CCS12011,N_A,M,2025,2024,0,2024-12-27,INR,4990608218000
RBI:CSURYCOM_M_RN(1.0),N_A,CCS12012,N_A,M,2025,2024,0,2024-12-27,INR,104979489840000
RBI:CSURYCOM_M_RN(1.0),N_A,CCS1202,N_A,M,2025,2024,0,2024-12-27,INR,105646392900000
RBI:CSURYCOM_M_RN(1.0),N_A,CCS2,N_A,M,2025,2024,0,2024-12-27,INR,9551003296000
RBI:CSURYCOM_M_RN(1.0),N_A,N_A,CCS12_IM,M,2025,2024,0,2024-12-27,INR,192084350800000
RBI:CSURYCOM_M_RN(1.0),N_A,N_A,CCS1_IM,M,2025,2024,0,2024-12-27,INR,217780076300000
RBI:CSURYCOM_M_RN(1.0),N_A,CCS1,N_A,M,2025,2024,0,2025-01-24,INR,217744428200000
RBI:CSURYCOM_M_RN(1.0),N_A,CCS11,N_A,M,2025,2024,0,2025-01-24,INR,25109132040000
RBI:CSURYCOM_M_RN(1.0),N_A,CCS12,N_A,M,2025,2024,0,2025-01-24,INR,192635296100000
RBI:CSURYCOM_M_RN(1.0),N_A,CCS1201,N_A,M,2025,2024,0,2025-01-24,INR,86974959890000
RBI:CSURYCOM_M_RN(1.0),N_A,CCS12011,N_A,M,2025,2024,0,2025-01-24,INR,5038429058000
RBI:CSURYCOM_M_RN(1.0),N_A,CCS12012,N_A,M,2025,2024,0,2025-01-24,INR,105660336210000
RBI:CSURYCOM_M_RN(1.0),N_A,CCS1202,N_A,M,2025,2024,0,2025-01-24,INR,106302728700000
RBI:CSURYCOM_M_RN(1.0),N_A,CCS2,N_A,M,2025,2024,0,2025-01-24,INR,9539795890000
RBI:CSURYCOM_M_RN(1.0),N_A,N_A,CCS12_IM,M,2025,2024,0,2025-01-24,INR,193277688600000
RBI:CSURYCOM_M_RN(1.0),N_A,N_A,CCS1_IM,M,2025,2024,0,2025-01-24,INR,218386820700000
RBI:CSURYCOM_M_RN(1.0),N_A,CCS1,N_A,M,2025,2024,0,2025-02-21,INR,219311898400000
RBI:CSURYCOM_M_RN(1.0),N_A,CCS11,N_A,M,2025,2024,0,2025-02-21,INR,25240951430000
RBI:CSURYCOM_M_RN(1.0),N_A,CCS12,N_A,M,2025,2024,0,2025-02-21,INR,194070947000000
RBI:CSURYCOM_M_RN(1.0),N_A,CCS1201,N_A,M,2025,2024,0,2025-02-21,INR,87610307270000
RBI:CSURYCOM_M_RN(1.0),N_A,CCS12011,N_A,M,2025,2024,0,2025-02-21,INR,5157324022000
RBI:CSURYCOM_M_RN(1.0),N_A,CCS12012,N_A,M,2025,2024,0,2025-02-21,INR,106460639730000
RBI:CSURYCOM_M_RN(1.0),N_A,CCS1202,N_A,M,2025,2024,0,2025-02-21,INR,107079264400000
RBI:CSURYCOM_M_RN(1.0),N_A,CCS2,N_A,M,2025,2024,0,2025-02-21,INR,9009750605000
RBI:CSURYCOM_M_RN(1.0),N_A,N_A,CCS12_IM,M,2025,2024,0,2025-02-21,INR,194689571700000
RBI:CSURYCOM_M_RN(1.0),N_A,N_A,CCS1_IM,M,2025,2024,0,2025-02-21,INR,219930523100000
RBI:CSURYCOM_M_RN(1.0),N_A,CCS1,N_A,M,2025,2024,0,2025-03-21,INR,222288848000000
RBI:CSURYCOM_M_RN(1.0),N_A,CCS11,N_A,M,2025,2024,0,2025-03-21,INR,26980488280000
RBI:CSURYCOM_M_RN(1.0),N_A,CCS12,N_A,M,2025,2024,0,2025-03-21,INR,195308359700000
RBI:CSURYCOM_M_RN(1.0),N_A,CCS1201,N_A,M,2025,2024,0,2025-03-21,INR,88156271330000
RBI:CSURYCOM_M_RN(1.0),N_A,CCS12011,N_A,M,2025,2024,0,2025-03-21,INR,5273748179000
RBI:CSURYCOM_M_RN(1.0),N_A,CCS12012,N_A,M,2025,2024,0,2025-03-21,INR,107152088370000
RBI:CSURYCOM_M_RN(1.0),N_A,CCS1202,N_A,M,2025,2024,0,2025-03-21,INR,107746553900000
RBI:CSURYCOM_M_RN(1.0),N_A,CCS2,N_A,M,2025,2024,0,2025-03-21,INR,9152484388000
RBI:CSURYCOM_M_RN(1.0),N_A,N_A,CCS12_IM,M,2025,2024,0,2025-03-21,INR,195902825200000
RBI:CSURYCOM_M_RN(1.0),N_A,N_A,CCS1_IM,M,2025,2024,0,2025-03-21,INR,222883313500000
RBI:CSURYCOM_M_RN(1.0),N_A,CCS1,N_A,M,2026,2025,0,2025-04-18,INR,225140617800000
RBI:CSURYCOM_M_RN(1.0),N_A,CCS11,N_A,M,2026,2025,0,2025-04-18,INR,26385624389999.996
RBI:CSURYCOM_M_RN(1.0),N_A,CCS12,N_A,M,2026,2025,0,2025-04-18,INR,198754993400000
RBI:CSURYCOM_M_RN(1.0),N_A,CCS1201,N_A,M,2026,2025,0,2025-04-18,INR,89439747040000
RBI:CSURYCOM_M_RN(1.0),N_A,CCS12011,N_A,M,2026,2025,0,2025-04-18,INR,5210625255000
RBI:CSURYCOM_M_RN(1.0),N_A,CCS12012,N_A,M,2026,2025,0,2025-04-18,INR,109315246360000
RBI:CSURYCOM_M_RN(1.0),N_A,CCS1202,N_A,M,2026,2025,0,2025-04-18,INR,109315246400000
RBI:CSURYCOM_M_RN(1.0),N_A,CCS2,N_A,M,2026,2025,0,2025-04-18,INR,8686050900000
RBI:CSURYCOM_M_RN(1.0),N_A,N_A,CCS12_IM,M,2026,2025,0,2025-04-18,INR,199340317000000
RBI:CSURYCOM_M_RN(1.0),N_A,N_A,CCS1_IM,M,2026,2025,0,2025-04-18,INR,225725941400000
RBI:CSURYCOM_M_RN(1.0),N_A,CCS1,N_A,M,2026,2025,0,2025-05-30,INR,228267703700000
RBI:CSURYCOM_M_RN(1.0),N_A,CCS11,N_A,M,2026,2025,0,2025-05-30,INR,29889207030000.004
RBI:CSURYCOM_M_RN(1.0),N_A,CCS12,N_A,M,2026,2025,0,2025-05-30,INR,198378496700000.03
RBI:CSURYCOM_M_RN(1.0),N_A,CCS1201,N_A,M,2026,2025,0,2025-05-30,INR,89270323490000
RBI:CSURYCOM_M_RN(1.0),N_A,CCS12011,N_A,M,2026,2025,0,2025-05-30,INR,5165441666000
RBI:CSURYCOM_M_RN(1.0),N_A,CCS12012,N_A,M,2026,2025,0,2025-05-30,INR,109108173210000.03
RBI:CSURYCOM_M_RN(1.0),N_A,CCS1202,N_A,M,2026,2025,0,2025-05-30,INR,109108173200000
RBI:CSURYCOM_M_RN(1.0),N_A,CCS2,N_A,M,2026,2025,0,2025-05-30,INR,8957270009000
RBI:CSURYCOM_M_RN(1.0),N_A,N_A,CCS12_IM,M,2026,2025,0,2025-05-30,INR,198928892800000
RBI:CSURYCOM_M_RN(1.0),N_A,N_A,CCS1_IM,M,2026,2025,0,2025-05-30,INR,228818099800000
RBI:CSURYCOM_M_RN(1.0),N_A,CCS1,N_A,M,2026,2025,0,2025-06-27,INR,230787664100000
RBI:CSURYCOM_M_RN(1.0),N_A,CCS11,N_A,M,2026,2025,0,2025-06-27,INR,30728743590000
RBI:CSURYCOM_M_RN(1.0),N_A,CCS12,N_A,M,2026,2025,0,2025-06-27,INR,200058920500000
RBI:CSURYCOM_M_RN(1.0),N_A,CCS1201,N_A,M,2026,2025,0,2025-06-27,INR,90026514230000
RBI:CSURYCOM_M_RN(1.0),N_A,CCS12011,N_A,M,2026,2025,0,2025-06-27,INR,5166914605000
RBI:CSURYCOM_M_RN(1.0),N_A,CCS12012,N_A,M,2026,2025,0,2025-06-27,INR,110032406270000
RBI:CSURYCOM_M_RN(1.0),N_A,CCS1202,N_A,M,2026,2025,0,2025-06-27,INR,110032406300000
RBI:CSURYCOM_M_RN(1.0),N_A,CCS2,N_A,M,2026,2025,0,2025-06-27,INR,8502184950000
RBI:CSURYCOM_M_RN(1.0),N_A,N_A,CCS12_IM,M,2026,2025,0,2025-06-27,INR,200585185700000
RBI:CSURYCOM_M_RN(1.0),N_A,N_A,CCS1_IM,M,2026,2025,0,2025-06-27,INR,231313929300000
RBI:CSURYCOM_M_RN(1.0),N_A,CCS1,N_A,M,2026,2025,0,2025-07-25,INR,0.0
RBI:CSURYCOM_M_RN(1.0),N_A,CCS11,N_A,M,2026,2025,0,2025-07-25,INR,28763679820000
RBI:CSURYCOM_M_RN(1.0),N_A,CCS12,N_A,M,2026,2025,0,2025-07-25,INR,0.0
RBI:CSURYCOM_M_RN(1.0),N_A,CCS1201,N_A,M,2026,2025,0,2025-07-25,INR,90800280430000
RBI:CSURYCOM_M_RN(1.0),N_A,CCS12011,N_A,M,2026,2025,0,2025-07-25,INR,5077982900000
RBI:CSURYCOM_M_RN(1.0),N_A,CCS12012,N_A,M,2026,2025,0,2025-07-25,INR,-90800280430000
RBI:CSURYCOM_M_RN(1.0),N_A,CCS1202,N_A,M,2026,2025,0,2025-07-25,INR,110978120500000
RBI:CSURYCOM_M_RN(1.0),N_A,CCS2,N_A,M,2026,2025,0,2025-07-25,INR,8375536400000
RBI:CSURYCOM_M_RN(1.0),N_A,N_A,CCS12_IM,M,2026,2025,0,2025-07-25,INR,201778401000000
RBI:CSURYCOM_M_RN(1.0),N_A,N_A,CCS1_IM,M,2026,2025,0,2025-07-25,INR,230542080800000
RBI:CSURYCOM_M_RN(1.0),N_A,CCS1,N_A,M,2026,2025,0,2025-08-22,INR,0.0
RBI:CSURYCOM_M_RN(1.0),N_A,CCS11,N_A,M,2026,2025,0,2025-08-22,INR,28893947830000
RBI:CSURYCOM_M_RN(1.0),N_A,CCS12,N_A,M,2026,2025,0,2025-08-22,INR,0.0
RBI:CSURYCOM_M_RN(1.0),N_A,CCS1201,N_A,M,2026,2025,0,2025-08-22,INR,91421819110000
RBI:CSURYCOM_M_RN(1.0),N_A,CCS12011,N_A,M,2026,2025,0,2025-08-22,INR,4947881875000
RBI:CSURYCOM_M_RN(1.0),N_A,CCS12012,N_A,M,2026,2025,0,2025-08-22,INR,-91421819110000
RBI:CSURYCOM_M_RN(1.0),N_A,CCS1202,N_A,M,2026,2025,0,2025-08-22,INR,111737778900000
RBI:CSURYCOM_M_RN(1.0),N_A,CCS2,N_A,M,2026,2025,0,2025-08-22,INR,8624088746000
RBI:CSURYCOM_M_RN(1.0),N_A,N_A,CCS12_IM,M,2026,2025,0,2025-08-22,INR,203159598000000
RBI:CSURYCOM_M_RN(1.0),N_A,N_A,CCS1_IM,M,2026,2025,0,2025-08-22,INR,232053545900000
RBI:CSURYCOM_M_RN(1.0),N_A,CCS11,N_A,M,2026,2025,0,2025-09-19,INR,28615013500000
RBI:CSURYCOM_M_RN(1.0),N_A,CCS1201,N_A,M,2026,2025,0,2025-09-19,INR,91723754510000
RBI:CSURYCOM_M_RN(1.0),N_A,CCS12011,N_A,M,2026,2025,0,2025-09-19,INR,4950977428000
RBI:CSURYCOM_M_RN(1.0),N_A,CCS12012,N_A,M,2026,2025,0,2025-09-19,INR,-91723754510000
RBI:CSURYCOM_M_RN(1.0),N_A,CCS1202,N_A,M,2026,2025,0,2025-09-19,INR,112106811100000
RBI:CSURYCOM_M_RN(1.0),N_A,CCS2,N_A,M,2026,2025,0,2025-09-19,INR,8585229034000
RBI:CSURYCOM_M_RN(1.0),N_A,N_A,CCS12_IM,M,2026,2025,0,2025-09-19,INR,203830565600000
RBI:CSURYCOM_M_RN(1.0),N_A,N_A,CCS1_IM,M,2026,2025,0,2025-09-19,INR,232445579100000
RBI:CSURYCOM_M_RN(1.0),N_A,CCS11,N_A,M,2026,2025,0,2025-10-31,INR,31009471780000
RBI:CSURYCOM_M_RN(1.0),N_A,CCS1201,N_A,M,2026,2025,0,2025-10-31,INR,93435920460000
RBI:CSURYCOM_M_RN(1.0),N_A,CCS12011,N_A,M,2026,2025,0,2025-10-31,INR,4706247986000
RBI:CSURYCOM_M_RN(1.0),N_A,CCS12012,N_A,M,2026,2025,0,2025-10-31,INR,-93435920460000
RBI:CSURYCOM_M_RN(1.0),N_A,CCS1202,N_A,M,2026,2025,0,2025-10-31,INR,114199458300000
RBI:CSURYCOM_M_RN(1.0),N_A,CCS2,N_A,M,2026,2025,0,2025-10-31,INR,8462405186000
RBI:CSURYCOM_M_RN(1.0),N_A,N_A,CCS12_IM,M,2026,2025,0,2025-10-31,INR,207635378800000
RBI:CSURYCOM_M_RN(1.0),N_A,N_A,CCS1_IM,M,2026,2025,0,2025-10-31,INR,238644850600000
RBI:CSURYCOM_M_RN(1.0),N_A,CCS11,N_A,M,2026,2025,0,2025-11-28,INR,30134170490000
RBI:CSURYCOM_M_RN(1.0),N_A,CCS1201,N_A,M,2026,2025,0,2025-11-28,INR,94181522899999.98
RBI:CSURYCOM_M_RN(1.0),N_A,CCS12011,N_A,M,2026,2025,0,2025-11-28,INR,5764121302000
RBI:CSURYCOM_M_RN(1.0),N_A,CCS12012,N_A,M,2026,2025,0,2025-11-28,INR,-94181522899999.98
RBI:CSURYCOM_M_RN(1.0),N_A,CCS1202,N_A,M,2026,2025,0,2025-11-28,INR,115110750200000
RBI:CSURYCOM_M_RN(1.0),N_A,CCS2,N_A,M,2026,2025,0,2025-11-28,INR,8791994521000
RBI:CSURYCOM_M_RN(1.0),N_A,N_A,CCS12_IM,M,2026,2025,0,2025-11-28,INR,209292273100000
RBI:CSURYCOM_M_RN(1.0),N_A,N_A,CCS1_IM,M,2026,2025,0,2025-11-28,INR,239426443600000
RBI:CSURYCOM_M_RN(1.0),N_A,CCS11,N_A,M,2026,2025,0,2025-12-31,INR,32747220180000
RBI:CSURYCOM_M_RN(1.0),N_A,CCS1201,N_A,M,2026,2025,0,2025-12-31,INR,95680422320000
RBI:CSURYCOM_M_RN(1.0),N_A,CCS12011,N_A,M,2026,2025,0,2025-12-31,INR,5726776127000.001
RBI:CSURYCOM_M_RN(1.0),N_A,CCS12012,N_A,M,2026,2025,0,2025-12-31,INR,-95680422320000
RBI:CSURYCOM_M_RN(1.0),N_A,CCS1202,N_A,M,2026,2025,0,2025-12-31,INR,116942738400000
RBI:CSURYCOM_M_RN(1.0),N_A,CCS2,N_A,M,2026,2025,0,2025-12-31,INR,8255784072000
RBI:CSURYCOM_M_RN(1.0),N_A,N_A,CCS12_IM,M,2026,2025,0,2025-12-31,INR,212623160720000
RBI:CSURYCOM_M_RN(1.0),N_A,N_A,CCS1_IM,M,2026,2025,0,2025-12-31,INR,245370380900000
RBI:CSURYCOM_M_RN(1.0),N_A,CCS11,N_A,M,2026,2025,0,2026-01-31,INR,31414148700000
RBI:CSURYCOM_M_RN(1.0),N_A,CCS1201,N_A,M,2026,2025,0,2026-01-31,INR,96411499920000
RBI:CSURYCOM_M_RN(1.0),N_A,CCS12011,N_A,M,2026,2025,0,2026-01-31,INR,5870985536000
RBI:CSURYCOM_M_RN(1.0),N_A,CCS12012,N_A,M,2026,2025,0,2026-01-31,INR,-96411499920000
RBI:CSURYCOM_M_RN(1.0),N_A,CCS1202,N_A,M,2026,2025,0,2026-01-31,INR,117836277700000
RBI:CSURYCOM_M_RN(1.0),N_A,CCS2,N_A,M,2026,2025,0,2026-01-31,INR,9160898002000
RBI:CSURYCOM_M_RN(1.0),N_A,N_A,CCS12_IM,M,2026,2025,0,2026-01-31,INR,214247777600000.03
RBI:CSURYCOM_M_RN(1.0),N_A,N_A,CCS1_IM,M,2026,2025,0,2026-01-31,INR,245661926300000
