DATAFLOW,AUDST,FREQ,LIAB_ITEMS_RN,REPYEAREND,REPYEARSTART,UNIT_MULT,TIME_PERIOD,UNIT_MEASURE,OBS_VALUE
RBI:RBI_LIAB_M_RN(1.0),N_A,M,LI1,2026,2025,0,2026-02-27,INR,40348320400000
RBI:RBI_LIAB_M_RN(1.0),N_A,M,LI38,2026,2025,0,2026-02-27,INR,7796450800000
RBI:RBI_LIAB_M_RN(1.0),N_A,M,LI31,2026,2025,0,2026-02-27,INR,1004000000
RBI:RBI_LIAB_M_RN(1.0),N_A,M,LI37,2026,2025,0,2026-02-27,INR,383228600000
RBI:RBI_LIAB_M_RN(1.0),N_A,M,LI39,2026,2025,0,2026-02-27,INR,1908037000000
RBI:RBI_LIAB_M_RN(1.0),N_A,M,LI35,2026,2025,0,2026-02-27,INR,71187900000
RBI:RBI_LIAB_M_RN(1.0),N_A,M,LIA,2026,2025,0,2026-02-27,INR,49100477300000.01
RBI:RBI_LIAB_M_RN(1.0),N_A,M,LI32,2026,2025,0,2026-02-27,INR,0.0
RBI:RBI_LIAB_M_RN(1.0),N_A,M,LI34,2026,2025,0,2026-02-27,INR,7394200699999.999
RBI:RBI_LIAB_M_RN(1.0),N_A,M,LI4,2026,2025,0,2026-02-27,INR,31501498100000
RBI:RBI_LIAB_M_RN(1.0),N_A,M,LI2,2026,2025,0,2026-02-27,INR,109500000
RBI:RBI_LIAB_M_RN(1.0),N_A,M,NT_ISSU_TTL,2026,2025,0,2026-02-27,INR,40348429900000
RBI:RBI_LIAB_M_RN(1.0),N_A,M,LI36,2026,2025,0,2026-02-27,INR,44436200000
RBI:RBI_LIAB_M_RN(1.0),N_A,M,LI33,2026,2025,0,2026-02-27,INR,434000000
RBI:RBI_LIAB_M_RN(1.0),N_A,M,LI3,2026,2025,0,2026-01-30,INR,17061427600000
RBI:RBI_LIAB_M_RN(1.0),N_A,M,LI32,2026,2025,0,2026-01-30,INR,0.0
RBI:RBI_LIAB_M_RN(1.0),N_A,M,LI37,2026,2025,0,2026-01-30,INR,376782200000
RBI:RBI_LIAB_M_RN(1.0),N_A,M,LI34,2026,2025,0,2026-01-30,INR,7655151200000
RBI:RBI_LIAB_M_RN(1.0),N_A,M,LI33,2026,2025,0,2026-01-30,INR,434100000
RBI:RBI_LIAB_M_RN(1.0),N_A,M,LI36,2026,2025,0,2026-01-30,INR,42752800000
RBI:RBI_LIAB_M_RN(1.0),N_A,M,LI31,2026,2025,0,2026-01-30,INR,1003600000
RBI:RBI_LIAB_M_RN(1.0),N_A,M,NT_ISSU_TTL,2026,2025,0,2026-01-30,INR,39572193600000
RBI:RBI_LIAB_M_RN(1.0),N_A,M,LI4,2026,2025,0,2026-01-30,INR,32348543500000
RBI:RBI_LIAB_M_RN(1.0),N_A,M,LI2,2026,2025,0,2026-01-30,INR,152100000
RBI:RBI_LIAB_M_RN(1.0),N_A,M,LI38,2026,2025,0,2026-01-30,INR,7236950400000
RBI:RBI_LIAB_M_RN(1.0),N_A,M,LI1,2026,2025,0,2026-01-30,INR,39572041500000
RBI:RBI_LIAB_M_RN(1.0),N_A,M,LI39,2026,2025,0,2026-01-30,INR,1678426000000
RBI:RBI_LIAB_M_RN(1.0),N_A,M,LIA,2026,2025,0,2026-01-30,INR,49409971100000
RBI:RBI_LIAB_M_RN(1.0),N_A,M,LI35,2026,2025,0,2026-01-30,INR,69927300000
RBI:RBI_LIAB_M_RN(1.0),N_A,M,LI32,2026,2025,0,2025-12-26,INR,0.0
RBI:RBI_LIAB_M_RN(1.0),N_A,M,LI34,2026,2025,0,2025-12-26,INR,7231726100000
RBI:RBI_LIAB_M_RN(1.0),N_A,M,LI2,2026,2025,0,2025-12-26,INR,129700000
RBI:RBI_LIAB_M_RN(1.0),N_A,M,LI33,2026,2025,0,2025-12-26,INR,424700000
RBI:RBI_LIAB_M_RN(1.0),N_A,M,LI31,2026,2025,0,2025-12-26,INR,1007500000
RBI:RBI_LIAB_M_RN(1.0),N_A,M,LIA,2026,2025,0,2025-12-26,INR,43947592900000
RBI:RBI_LIAB_M_RN(1.0),N_A,M,LI39,2026,2025,0,2025-12-26,INR,1081502300000
RBI:RBI_LIAB_M_RN(1.0),N_A,M,LI1,2026,2025,0,2025-12-26,INR,38887620000000
RBI:RBI_LIAB_M_RN(1.0),N_A,M,LI37,2026,2025,0,2025-12-26,INR,371655400000
RBI:RBI_LIAB_M_RN(1.0),N_A,M,LI38,2026,2025,0,2025-12-26,INR,7025467000000
RBI:RBI_LIAB_M_RN(1.0),N_A,M,LI36,2026,2025,0,2025-12-26,INR,40229000000
RBI:RBI_LIAB_M_RN(1.0),N_A,M,LI4,2026,2025,0,2025-12-26,INR,28129718300000
RBI:RBI_LIAB_M_RN(1.0),N_A,M,LI35,2026,2025,0,2025-12-26,INR,65862600000
RBI:RBI_LIAB_M_RN(1.0),N_A,M,NT_ISSU_TTL,2026,2025,0,2025-12-26,INR,38887749700000
RBI:RBI_LIAB_M_RN(1.0),N_A,M,LI3,2026,2025,0,2025-12-26,INR,15817874600000
RBI:RBI_LIAB_M_RN(1.0),N_A,M,LI38,2026,2025,0,2025-11-28,INR,4171080000000
RBI:RBI_LIAB_M_RN(1.0),N_A,M,LI3,2026,2025,0,2025-11-28,INR,14164380000000
RBI:RBI_LIAB_M_RN(1.0),N_A,M,LIA,2026,2025,0,2025-11-28,INR,40873890000000
RBI:RBI_LIAB_M_RN(1.0),N_A,M,LI34,2026,2025,0,2025-11-28,INR,7782750000000
RBI:RBI_LIAB_M_RN(1.0),N_A,M,LI36,2026,2025,0,2025-11-28,INR,45860000000
RBI:RBI_LIAB_M_RN(1.0),N_A,M,LI37,2026,2025,0,2025-11-28,INR,400590000000
RBI:RBI_LIAB_M_RN(1.0),N_A,M,LI33,2026,2025,0,2025-11-28,INR,420000000
RBI:RBI_LIAB_M_RN(1.0),N_A,M,LI4,2026,2025,0,2025-11-28,INR,26709510000000
RBI:RBI_LIAB_M_RN(1.0),N_A,M,LI31,2026,2025,0,2025-11-28,INR,1000000000
RBI:RBI_LIAB_M_RN(1.0),N_A,M,LI32,2026,2025,0,2025-11-28,INR,0.0
RBI:RBI_LIAB_M_RN(1.0),N_A,M,LI1,2026,2025,0,2025-11-28,INR,38273170600000
RBI:RBI_LIAB_M_RN(1.0),N_A,M,NT_ISSU_TTL,2026,2025,0,2025-11-28,INR,38273330600000
RBI:RBI_LIAB_M_RN(1.0),N_A,M,LI35,2026,2025,0,2025-11-28,INR,67330000000
RBI:RBI_LIAB_M_RN(1.0),N_A,M,LI2,2026,2025,0,2025-11-28,INR,160000000
RBI:RBI_LIAB_M_RN(1.0),N_A,M,LI39,2026,2025,0,2025-11-28,INR,1695350000000
RBI:RBI_LIAB_M_RN(1.0),N_A,M,LI31,2026,2025,0,2025-10-31,INR,1004400000
RBI:RBI_LIAB_M_RN(1.0),N_A,M,LIA,2026,2025,0,2025-10-31,INR,41165494000000
RBI:RBI_LIAB_M_RN(1.0),N_A,M,LI38,2026,2025,0,2025-10-31,INR,4815304900000
RBI:RBI_LIAB_M_RN(1.0),N_A,M,LI1,2026,2025,0,2025-10-31,INR,37809941700000
RBI:RBI_LIAB_M_RN(1.0),N_A,M,LI39,2026,2025,0,2025-10-31,INR,1620260900000
RBI:RBI_LIAB_M_RN(1.0),N_A,M,LI33,2026,2025,0,2025-10-31,INR,424800000
RBI:RBI_LIAB_M_RN(1.0),N_A,M,LI3,2026,2025,0,2025-10-31,INR,15421560800000
RBI:RBI_LIAB_M_RN(1.0),N_A,M,LI34,2026,2025,0,2025-10-31,INR,8429473300000
RBI:RBI_LIAB_M_RN(1.0),N_A,M,NT_ISSU_TTL,2026,2025,0,2025-10-31,INR,37810062600000
RBI:RBI_LIAB_M_RN(1.0),N_A,M,LI4,2026,2025,0,2025-10-31,INR,25743933200000
RBI:RBI_LIAB_M_RN(1.0),N_A,M,LI37,2026,2025,0,2025-10-31,INR,438199300000
RBI:RBI_LIAB_M_RN(1.0),N_A,M,LI2,2026,2025,0,2025-10-31,INR,120900000
RBI:RBI_LIAB_M_RN(1.0),N_A,M,LI36,2026,2025,0,2025-10-31,INR,46119799999.99999
RBI:RBI_LIAB_M_RN(1.0),N_A,M,LI35,2026,2025,0,2025-10-31,INR,70773400000
RBI:RBI_LIAB_M_RN(1.0),N_A,M,LI39,2026,2025,0,2025-09-26,INR,1648130000000
RBI:RBI_LIAB_M_RN(1.0),N_A,M,LI2,2026,2025,0,2025-09-26,INR,157200000
RBI:RBI_LIAB_M_RN(1.0),N_A,M,NT_ISSU_TTL,2026,2025,0,2025-09-26,INR,37596518600000
RBI:RBI_LIAB_M_RN(1.0),N_A,M,LI36,2026,2025,0,2025-09-26,INR,48411899999.99999
RBI:RBI_LIAB_M_RN(1.0),N_A,M,LI37,2026,2025,0,2025-09-26,INR,453160100000
RBI:RBI_LIAB_M_RN(1.0),N_A,M,LI4,2026,2025,0,2025-09-26,INR,25142825299999.996
RBI:RBI_LIAB_M_RN(1.0),N_A,M,LI38,2026,2025,0,2025-09-26,INR,6987952000000
RBI:RBI_LIAB_M_RN(1.0),N_A,M,LI3,2026,2025,0,2025-09-26,INR,18190193800000
RBI:RBI_LIAB_M_RN(1.0),N_A,M,LI31,2026,2025,0,2025-09-26,INR,1007800000
RBI:RBI_LIAB_M_RN(1.0),N_A,M,LI1,2026,2025,0,2025-09-26,INR,37596361400000
RBI:RBI_LIAB_M_RN(1.0),N_A,M,LI33,2026,2025,0,2025-09-26,INR,424700000
RBI:RBI_LIAB_M_RN(1.0),N_A,M,LIA,2026,2025,0,2025-09-26,INR,43333019100000
RBI:RBI_LIAB_M_RN(1.0),N_A,M,LI35,2026,2025,0,2025-09-26,INR,76021500000
RBI:RBI_LIAB_M_RN(1.0),N_A,M,LI32,2026,2025,0,2025-09-26,INR,0.0
RBI:RBI_LIAB_M_RN(1.0),N_A,M,LI34,2026,2025,0,2025-09-26,INR,8975085800000
RBI:RBI_LIAB_M_RN(1.0),N_A,M,LI32,2026,2025,0,2025-08-29,INR,0.0
RBI:RBI_LIAB_M_RN(1.0),N_A,M,NT_ISSU_TTL,2026,2025,0,2025-08-29,INR,37638920000000
RBI:RBI_LIAB_M_RN(1.0),N_A,M,LI4,2026,2025,0,2025-08-29,INR,23996500000000
RBI:RBI_LIAB_M_RN(1.0),N_A,M,LI37,2026,2025,0,2025-08-29,INR,480270000000
RBI:RBI_LIAB_M_RN(1.0),N_A,M,LI3,2026,2025,0,2025-08-29,INR,17379920000000
RBI:RBI_LIAB_M_RN(1.0),N_A,M,LI33,2026,2025,0,2025-08-29,INR,420000000
RBI:RBI_LIAB_M_RN(1.0),N_A,M,LI35,2026,2025,0,2025-08-29,INR,80310000000
RBI:RBI_LIAB_M_RN(1.0),N_A,M,LI31,2026,2025,0,2025-08-29,INR,1010000000
RBI:RBI_LIAB_M_RN(1.0),N_A,M,LI38,2026,2025,0,2025-08-29,INR,5835360000000
RBI:RBI_LIAB_M_RN(1.0),N_A,M,LI1,2026,2025,0,2025-08-29,INR,37638790000000
RBI:RBI_LIAB_M_RN(1.0),N_A,M,LIA,2026,2025,0,2025-08-29,INR,41376420000000
RBI:RBI_LIAB_M_RN(1.0),N_A,M,LI36,2026,2025,0,2025-08-29,INR,51200000000
RBI:RBI_LIAB_M_RN(1.0),N_A,M,LI2,2026,2025,0,2025-08-29,INR,130000000
RBI:RBI_LIAB_M_RN(1.0),N_A,M,LI34,2026,2025,0,2025-08-29,INR,9596550000000
RBI:RBI_LIAB_M_RN(1.0),N_A,M,LI39,2026,2025,0,2025-08-29,INR,1334800000000
RBI:RBI_LIAB_M_RN(1.0),N_A,M,LI35,2026,2025,0,2025-07-25,INR,79691700000
RBI:RBI_LIAB_M_RN(1.0),N_A,M,LI39,2026,2025,0,2025-07-25,INR,1120143300000
RBI:RBI_LIAB_M_RN(1.0),N_A,M,LI37,2026,2025,0,2025-07-25,INR,476384400000
RBI:RBI_LIAB_M_RN(1.0),N_A,M,LI33,2026,2025,0,2025-07-25,INR,425000000
RBI:RBI_LIAB_M_RN(1.0),N_A,M,LI3,2026,2025,0,2025-07-25,INR,18118471700000
RBI:RBI_LIAB_M_RN(1.0),N_A,M,LI2,2026,2025,0,2025-07-25,INR,156000000
RBI:RBI_LIAB_M_RN(1.0),N_A,M,LI36,2026,2025,0,2025-07-25,INR,50610500000
RBI:RBI_LIAB_M_RN(1.0),N_A,M,NT_ISSU_TTL,2026,2025,0,2025-07-25,INR,37637571300000
RBI:RBI_LIAB_M_RN(1.0),N_A,M,LI32,2026,2025,0,2025-07-25,INR,0.0
RBI:RBI_LIAB_M_RN(1.0),N_A,M,LIA,2026,2025,0,2025-07-25,INR,40615402900000
RBI:RBI_LIAB_M_RN(1.0),N_A,M,LI38,2026,2025,0,2025-07-25,INR,7207914300000.001
RBI:RBI_LIAB_M_RN(1.0),N_A,M,LI34,2026,2025,0,2025-07-25,INR,9182293500000
RBI:RBI_LIAB_M_RN(1.0),N_A,M,LI31,2026,2025,0,2025-07-25,INR,1009000000
RBI:RBI_LIAB_M_RN(1.0),N_A,M,LI4,2026,2025,0,2025-07-25,INR,22496931200000
RBI:RBI_LIAB_M_RN(1.0),N_A,M,LI1,2026,2025,0,2025-07-25,INR,37637415300000
RBI:RBI_LIAB_M_RN(1.0),N_A,M,LI1,2026,2025,0,2025-06-27,INR,37835750000000
RBI:RBI_LIAB_M_RN(1.0),N_A,M,NT_ISSU_TTL,2026,2025,0,2025-06-27,INR,37835930000000
RBI:RBI_LIAB_M_RN(1.0),N_A,M,LI33,2026,2025,0,2025-06-27,INR,420000000
RBI:RBI_LIAB_M_RN(1.0),N_A,M,LI2,2026,2025,0,2025-06-27,INR,180000000
RBI:RBI_LIAB_M_RN(1.0),N_A,M,LI39,2026,2025,0,2025-06-27,INR,932780000000
RBI:RBI_LIAB_M_RN(1.0),N_A,M,LI38,2026,2025,0,2025-06-27,INR,7156930000000
RBI:RBI_LIAB_M_RN(1.0),N_A,M,LI3,2026,2025,0,2025-06-27,INR,18032550000000
RBI:RBI_LIAB_M_RN(1.0),N_A,M,LI35,2026,2025,0,2025-06-27,INR,83000000000
RBI:RBI_LIAB_M_RN(1.0),N_A,M,LI34,2026,2025,0,2025-06-27,INR,9334830000000
RBI:RBI_LIAB_M_RN(1.0),N_A,M,LI36,2026,2025,0,2025-06-27,INR,49840000000
RBI:RBI_LIAB_M_RN(1.0),N_A,M,LI37,2026,2025,0,2025-06-27,INR,473750000000
RBI:RBI_LIAB_M_RN(1.0),N_A,M,LIA,2026,2025,0,2025-06-27,INR,39869800000000
RBI:RBI_LIAB_M_RN(1.0),N_A,M,LI4,2026,2025,0,2025-06-27,INR,21837250000000
RBI:RBI_LIAB_M_RN(1.0),N_A,M,LI32,2026,2025,0,2025-06-27,INR,0.0
RBI:RBI_LIAB_M_RN(1.0),N_A,M,LI31,2026,2025,0,2025-06-27,INR,1000000000
RBI:RBI_LIAB_M_RN(1.0),N_A,M,LI34,2026,2025,0,2025-05-30,INR,9560860000000
RBI:RBI_LIAB_M_RN(1.0),N_A,M,NT_ISSU_TTL,2026,2025,0,2025-05-30,INR,37985200000000
RBI:RBI_LIAB_M_RN(1.0),N_A,M,LI38,2026,2025,0,2025-05-30,INR,7046490000000
RBI:RBI_LIAB_M_RN(1.0),N_A,M,LI1,2026,2025,0,2025-05-30,INR,37985070000000
RBI:RBI_LIAB_M_RN(1.0),N_A,M,LI33,2026,2025,0,2025-05-30,INR,420000000
RBI:RBI_LIAB_M_RN(1.0),N_A,M,LI37,2026,2025,0,2025-05-30,INR,471820000000
RBI:RBI_LIAB_M_RN(1.0),N_A,M,LI39,2026,2025,0,2025-05-30,INR,1032630000000
RBI:RBI_LIAB_M_RN(1.0),N_A,M,LI36,2026,2025,0,2025-05-30,INR,50020000000
RBI:RBI_LIAB_M_RN(1.0),N_A,M,LI4,2026,2025,0,2025-05-30,INR,21127090000000
RBI:RBI_LIAB_M_RN(1.0),N_A,M,LI35,2026,2025,0,2025-05-30,INR,83010000000
RBI:RBI_LIAB_M_RN(1.0),N_A,M,LIA,2026,2025,0,2025-05-30,INR,39373350000000
RBI:RBI_LIAB_M_RN(1.0),N_A,M,LI31,2026,2025,0,2025-05-30,INR,1010000000
RBI:RBI_LIAB_M_RN(1.0),N_A,M,LI3,2026,2025,0,2025-05-30,INR,18246260000000
RBI:RBI_LIAB_M_RN(1.0),N_A,M,LI2,2026,2025,0,2025-05-30,INR,130000000
RBI:RBI_LIAB_M_RN(1.0),N_A,M,LI32,2026,2025,0,2025-05-30,INR,0.0
RBI:RBI_LIAB_M_RN(1.0),N_A,M,LI38,2026,2025,0,2025-04-25,INR,3751757500000
RBI:RBI_LIAB_M_RN(1.0),N_A,M,LI3,2026,2025,0,2025-04-25,INR,14832430000000
RBI:RBI_LIAB_M_RN(1.0),N_A,M,LI35,2026,2025,0,2025-04-25,INR,83981100000
RBI:RBI_LIAB_M_RN(1.0),N_A,M,LI36,2026,2025,0,2025-04-25,INR,53240300000
RBI:RBI_LIAB_M_RN(1.0),N_A,M,LIA,2026,2025,0,2025-04-25,INR,38144858800000
RBI:RBI_LIAB_M_RN(1.0),N_A,M,LI1,2026,2025,0,2025-04-25,INR,37606189700000
RBI:RBI_LIAB_M_RN(1.0),N_A,M,LI32,2026,2025,0,2025-04-25,INR,0.0
RBI:RBI_LIAB_M_RN(1.0),N_A,M,LI33,2026,2025,0,2025-04-25,INR,424700000
RBI:RBI_LIAB_M_RN(1.0),N_A,M,LI39,2026,2025,0,2025-04-25,INR,993110700000.0001
RBI:RBI_LIAB_M_RN(1.0),N_A,M,LI34,2026,2025,0,2025-04-25,INR,9473509800000
RBI:RBI_LIAB_M_RN(1.0),N_A,M,LI31,2026,2025,0,2025-04-25,INR,1009700000
RBI:RBI_LIAB_M_RN(1.0),N_A,M,LI4,2026,2025,0,2025-04-25,INR,23312421000000
RBI:RBI_LIAB_M_RN(1.0),N_A,M,LI2,2026,2025,0,2025-04-25,INR,136700000
RBI:RBI_LIAB_M_RN(1.0),N_A,M,NT_ISSU_TTL,2026,2025,0,2025-04-25,INR,37606326400000
RBI:RBI_LIAB_M_RN(1.0),N_A,M,LI37,2026,2025,0,2025-04-25,INR,475404000000
RBI:RBI_LIAB_M_RN(1.0),N_A,M,LI35,2025,2024,0,2025-03-28,INR,77760000000
RBI:RBI_LIAB_M_RN(1.0),N_A,M,LIA,2025,2024,0,2025-03-28,INR,38597930000000
RBI:RBI_LIAB_M_RN(1.0),N_A,M,LI39,2025,2024,0,2025-03-28,INR,1122960000000
RBI:RBI_LIAB_M_RN(1.0),N_A,M,LI4,2025,2024,0,2025-03-28,INR,21505080000000
RBI:RBI_LIAB_M_RN(1.0),N_A,M,LI38,2025,2024,0,2025-03-28,INR,5930850000000
RBI:RBI_LIAB_M_RN(1.0),N_A,M,LI32,2025,2024,0,2025-03-28,INR,0.0
RBI:RBI_LIAB_M_RN(1.0),N_A,M,LI2,2025,2024,0,2025-03-28,INR,110000000
RBI:RBI_LIAB_M_RN(1.0),N_A,M,LI37,2025,2024,0,2025-03-28,INR,469630000000
RBI:RBI_LIAB_M_RN(1.0),N_A,M,LI3,2025,2024,0,2025-03-28,INR,17092850000000
RBI:RBI_LIAB_M_RN(1.0),N_A,M,NT_ISSU_TTL,2025,2024,0,2025-03-28,INR,36838470000000
RBI:RBI_LIAB_M_RN(1.0),N_A,M,LI1,2025,2024,0,2025-03-28,INR,36838360000000
RBI:RBI_LIAB_M_RN(1.0),N_A,M,LI34,2025,2024,0,2025-03-28,INR,9430600000000
RBI:RBI_LIAB_M_RN(1.0),N_A,M,LI31,2025,2024,0,2025-03-28,INR,1000000000
RBI:RBI_LIAB_M_RN(1.0),N_A,M,LI33,2025,2024,0,2025-03-28,INR,420000000
RBI:RBI_LIAB_M_RN(1.0),N_A,M,LI36,2025,2024,0,2025-03-28,INR,59630000000
RBI:RBI_LIAB_M_RN(1.0),N_A,M,LI35,2025,2024,0,2025-02-28,INR,74520000000
RBI:RBI_LIAB_M_RN(1.0),N_A,M,LIA,2025,2024,0,2025-02-28,INR,36182250000000
RBI:RBI_LIAB_M_RN(1.0),N_A,M,LI39,2025,2024,0,2025-02-28,INR,953050000000
RBI:RBI_LIAB_M_RN(1.0),N_A,M,LI2,2025,2024,0,2025-02-28,INR,140000000
RBI:RBI_LIAB_M_RN(1.0),N_A,M,LI4,2025,2024,0,2025-02-28,INR,21732080000000
RBI:RBI_LIAB_M_RN(1.0),N_A,M,LI1,2025,2024,0,2025-02-28,INR,36155740000000
RBI:RBI_LIAB_M_RN(1.0),N_A,M,LI37,2025,2024,0,2025-02-28,INR,466300000000
RBI:RBI_LIAB_M_RN(1.0),N_A,M,LI33,2025,2024,0,2025-02-28,INR,420000000
RBI:RBI_LIAB_M_RN(1.0),N_A,M,LI3,2025,2024,0,2025-02-28,INR,14450170000000
RBI:RBI_LIAB_M_RN(1.0),N_A,M,LI36,2025,2024,0,2025-02-28,INR,48140000000
RBI:RBI_LIAB_M_RN(1.0),N_A,M,LI31,2025,2024,0,2025-02-28,INR,1010000000
RBI:RBI_LIAB_M_RN(1.0),N_A,M,NT_ISSU_TTL,2025,2024,0,2025-02-28,INR,36155880000000
RBI:RBI_LIAB_M_RN(1.0),N_A,M,LI32,2025,2024,0,2025-02-28,INR,0.0
RBI:RBI_LIAB_M_RN(1.0),N_A,M,LI38,2025,2024,0,2025-02-28,INR,3634840000000
RBI:RBI_LIAB_M_RN(1.0),N_A,M,LI34,2025,2024,0,2025-02-28,INR,9271890000000
RBI:RBI_LIAB_M_RN(1.0),N_A,M,LI33,2025,2024,0,2025-01-31,INR,420000000
RBI:RBI_LIAB_M_RN(1.0),N_A,M,LIA,2025,2024,0,2025-01-31,INR,34811670000000
RBI:RBI_LIAB_M_RN(1.0),N_A,M,LI34,2025,2024,0,2025-01-31,INR,9240830000000
RBI:RBI_LIAB_M_RN(1.0),N_A,M,LI1,2025,2024,0,2025-01-31,INR,35649650000000
RBI:RBI_LIAB_M_RN(1.0),N_A,M,LI35,2025,2024,0,2025-01-31,INR,77720000000
RBI:RBI_LIAB_M_RN(1.0),N_A,M,LI39,2025,2024,0,2025-01-31,INR,1016880000000
RBI:RBI_LIAB_M_RN(1.0),N_A,M,LI3,2025,2024,0,2025-01-31,INR,14465950000000
RBI:RBI_LIAB_M_RN(1.0),N_A,M,LI4,2025,2024,0,2025-01-31,INR,20345720000000
RBI:RBI_LIAB_M_RN(1.0),N_A,M,LI32,2025,2024,0,2025-01-31,INR,0.0
RBI:RBI_LIAB_M_RN(1.0),N_A,M,NT_ISSU_TTL,2025,2024,0,2025-01-31,INR,35649770000000
RBI:RBI_LIAB_M_RN(1.0),N_A,M,LI36,2025,2024,0,2025-01-31,INR,45670000000
RBI:RBI_LIAB_M_RN(1.0),N_A,M,LI2,2025,2024,0,2025-01-31,INR,120000000
RBI:RBI_LIAB_M_RN(1.0),N_A,M,LI31,2025,2024,0,2025-01-31,INR,1010000000
RBI:RBI_LIAB_M_RN(1.0),N_A,M,LI37,2025,2024,0,2025-01-31,INR,462750000000
RBI:RBI_LIAB_M_RN(1.0),N_A,M,LI38,2025,2024,0,2025-01-31,INR,3620670000000
RBI:RBI_LIAB_M_RN(1.0),N_A,M,NT_ISSU_TTL,2025,2024,0,2024-12-27,INR,35255321600000
RBI:RBI_LIAB_M_RN(1.0),N_A,M,LI39,2025,2024,0,2024-12-27,INR,877651200000
RBI:RBI_LIAB_M_RN(1.0),N_A,M,LI32,2025,2024,0,2024-12-27,INR,0.0
RBI:RBI_LIAB_M_RN(1.0),N_A,M,LI33,2025,2024,0,2024-12-27,INR,424800000
RBI:RBI_LIAB_M_RN(1.0),N_A,M,LIA,2025,2024,0,2024-12-27,INR,34372261100000
RBI:RBI_LIAB_M_RN(1.0),N_A,M,LI2,2025,2024,0,2024-12-27,INR,135500000
RBI:RBI_LIAB_M_RN(1.0),N_A,M,LI4,2025,2024,0,2024-12-27,INR,19054534500000
RBI:RBI_LIAB_M_RN(1.0),N_A,M,LI34,2025,2024,0,2024-12-27,INR,9394278400000
RBI:RBI_LIAB_M_RN(1.0),N_A,M,LI31,2025,2024,0,2024-12-27,INR,1000000000
RBI:RBI_LIAB_M_RN(1.0),N_A,M,LI35,2025,2024,0,2024-12-27,INR,84963600000
RBI:RBI_LIAB_M_RN(1.0),N_A,M,LI37,2025,2024,0,2024-12-27,INR,475655100000
RBI:RBI_LIAB_M_RN(1.0),N_A,M,LI3,2025,2024,0,2024-12-27,INR,15317730000000
RBI:RBI_LIAB_M_RN(1.0),N_A,M,LI38,2025,2024,0,2024-12-27,INR,4436055300000
RBI:RBI_LIAB_M_RN(1.0),N_A,M,LI36,2025,2024,0,2024-12-27,INR,47698200000
RBI:RBI_LIAB_M_RN(1.0),N_A,M,LI1,2025,2024,0,2024-12-27,INR,35255186100000
RBI:RBI_LIAB_M_RN(1.0),N_A,M,LI33,2025,2024,0,2024-11-29,INR,420000000
RBI:RBI_LIAB_M_RN(1.0),N_A,M,LI36,2025,2024,0,2024-11-29,INR,52970000000
RBI:RBI_LIAB_M_RN(1.0),N_A,M,LI39,2025,2024,0,2024-11-29,INR,1212550000000
RBI:RBI_LIAB_M_RN(1.0),N_A,M,LI2,2025,2024,0,2024-11-29,INR,140000000
RBI:RBI_LIAB_M_RN(1.0),N_A,M,NT_ISSU_TTL,2025,2024,0,2024-11-29,INR,35115640000000
RBI:RBI_LIAB_M_RN(1.0),N_A,M,LI37,2025,2024,0,2024-11-29,INR,505450000000
RBI:RBI_LIAB_M_RN(1.0),N_A,M,LIA,2025,2024,0,2024-11-29,INR,33558810000000
RBI:RBI_LIAB_M_RN(1.0),N_A,M,LI32,2025,2024,0,2024-11-29,INR,0.0
RBI:RBI_LIAB_M_RN(1.0),N_A,M,LI34,2025,2024,0,2024-11-29,INR,10238150000000
RBI:RBI_LIAB_M_RN(1.0),N_A,M,LI38,2025,2024,0,2024-11-29,INR,2324640000000
RBI:RBI_LIAB_M_RN(1.0),N_A,M,LI31,2025,2024,0,2024-11-29,INR,1010000000
RBI:RBI_LIAB_M_RN(1.0),N_A,M,LI35,2025,2024,0,2024-11-29,INR,83110000000
RBI:RBI_LIAB_M_RN(1.0),N_A,M,LI4,2025,2024,0,2024-11-29,INR,19140510000000
RBI:RBI_LIAB_M_RN(1.0),N_A,M,LI1,2025,2024,0,2024-11-29,INR,35115500000000
RBI:RBI_LIAB_M_RN(1.0),N_A,M,LI3,2025,2024,0,2024-11-29,INR,14418300000000
RBI:RBI_LIAB_M_RN(1.0),N_A,M,LIA,2025,2024,0,2024-10-25,INR,36529400000000
RBI:RBI_LIAB_M_RN(1.0),N_A,M,LI35,2025,2024,0,2024-10-25,INR,82650000000
RBI:RBI_LIAB_M_RN(1.0),N_A,M,LI36,2025,2024,0,2024-10-25,INR,54340000000
RBI:RBI_LIAB_M_RN(1.0),N_A,M,LI32,2025,2024,0,2024-10-25,INR,0.0
RBI:RBI_LIAB_M_RN(1.0),N_A,M,LI31,2025,2024,0,2024-10-25,INR,1010000000
RBI:RBI_LIAB_M_RN(1.0),N_A,M,LI1,2025,2024,0,2024-10-25,INR,34996010000000
RBI:RBI_LIAB_M_RN(1.0),N_A,M,LI2,2025,2024,0,2024-10-25,INR,150000000
RBI:RBI_LIAB_M_RN(1.0),N_A,M,LI38,2025,2024,0,2024-10-25,INR,4657110000000
RBI:RBI_LIAB_M_RN(1.0),N_A,M,LI3,2025,2024,0,2024-10-25,INR,17271190000000
RBI:RBI_LIAB_M_RN(1.0),N_A,M,LI39,2025,2024,0,2024-10-25,INR,1540530000000
RBI:RBI_LIAB_M_RN(1.0),N_A,M,LI37,2025,2024,0,2024-10-25,INR,505320000000
RBI:RBI_LIAB_M_RN(1.0),N_A,M,LI4,2025,2024,0,2024-10-25,INR,19258210000000
RBI:RBI_LIAB_M_RN(1.0),N_A,M,NT_ISSU_TTL,2025,2024,0,2024-10-25,INR,34996160000000
RBI:RBI_LIAB_M_RN(1.0),N_A,M,LI34,2025,2024,0,2024-10-25,INR,10429810000000
RBI:RBI_LIAB_M_RN(1.0),N_A,M,LI33,2025,2024,0,2024-10-25,INR,420000000
RBI:RBI_LIAB_M_RN(1.0),N_A,M,LI36,2025,2024,0,2024-09-27,INR,51340000000
RBI:RBI_LIAB_M_RN(1.0),N_A,M,LI37,2025,2024,0,2024-09-27,INR,494980000000
RBI:RBI_LIAB_M_RN(1.0),N_A,M,LI32,2025,2024,0,2024-09-27,INR,0.0
RBI:RBI_LIAB_M_RN(1.0),N_A,M,LIA,2025,2024,0,2024-09-27,INR,38608670000000
RBI:RBI_LIAB_M_RN(1.0),N_A,M,LI34,2025,2024,0,2024-09-27,INR,10204470000000
RBI:RBI_LIAB_M_RN(1.0),N_A,M,LI3,2025,2024,0,2024-09-27,INR,18519790000000
RBI:RBI_LIAB_M_RN(1.0),N_A,M,LI2,2025,2024,0,2024-09-27,INR,220000000
RBI:RBI_LIAB_M_RN(1.0),N_A,M,LI1,2025,2024,0,2024-09-27,INR,34473810000000
RBI:RBI_LIAB_M_RN(1.0),N_A,M,LI35,2025,2024,0,2024-09-27,INR,82540000000
RBI:RBI_LIAB_M_RN(1.0),N_A,M,LI33,2025,2024,0,2024-09-27,INR,420000000
RBI:RBI_LIAB_M_RN(1.0),N_A,M,LI4,2025,2024,0,2024-09-27,INR,20088880000000
RBI:RBI_LIAB_M_RN(1.0),N_A,M,NT_ISSU_TTL,2025,2024,0,2024-09-27,INR,34474030000000
RBI:RBI_LIAB_M_RN(1.0),N_A,M,LI38,2025,2024,0,2024-09-27,INR,6004090000000
RBI:RBI_LIAB_M_RN(1.0),N_A,M,LI39,2025,2024,0,2024-09-27,INR,1680950000000
RBI:RBI_LIAB_M_RN(1.0),N_A,M,LI31,2025,2024,0,2024-09-27,INR,1000000000
RBI:RBI_LIAB_M_RN(1.0),N_A,M,LI35,2025,2024,0,2024-08-30,INR,80190000000
RBI:RBI_LIAB_M_RN(1.0),N_A,M,LI31,2025,2024,0,2024-08-30,INR,1000000000
RBI:RBI_LIAB_M_RN(1.0),N_A,M,LI33,2025,2024,0,2024-08-30,INR,420000000
RBI:RBI_LIAB_M_RN(1.0),N_A,M,LI38,2025,2024,0,2024-08-30,INR,4791210000000
RBI:RBI_LIAB_M_RN(1.0),N_A,M,LI36,2025,2024,0,2024-08-30,INR,51860000000
RBI:RBI_LIAB_M_RN(1.0),N_A,M,LI32,2025,2024,0,2024-08-30,INR,0.0
RBI:RBI_LIAB_M_RN(1.0),N_A,M,LI2,2025,2024,0,2024-08-30,INR,140000000
RBI:RBI_LIAB_M_RN(1.0),N_A,M,LI37,2025,2024,0,2024-08-30,INR,497010000000
RBI:RBI_LIAB_M_RN(1.0),N_A,M,LI4,2025,2024,0,2024-08-30,INR,19173830000000
RBI:RBI_LIAB_M_RN(1.0),N_A,M,LIA,2025,2024,0,2024-08-30,INR,36201270000000
RBI:RBI_LIAB_M_RN(1.0),N_A,M,LI1,2025,2024,0,2024-08-30,INR,34584930000000
RBI:RBI_LIAB_M_RN(1.0),N_A,M,LI39,2025,2024,0,2024-08-30,INR,1411190000000
RBI:RBI_LIAB_M_RN(1.0),N_A,M,LI34,2025,2024,0,2024-08-30,INR,10194560000000
RBI:RBI_LIAB_M_RN(1.0),N_A,M,NT_ISSU_TTL,2025,2024,0,2024-08-30,INR,34585070000000
RBI:RBI_LIAB_M_RN(1.0),N_A,M,LI3,2025,2024,0,2024-08-30,INR,17027440000000
RBI:RBI_LIAB_M_RN(1.0),N_A,M,LIA,2025,2024,0,2024-07-26,INR,34256752400000.004
RBI:RBI_LIAB_M_RN(1.0),N_A,M,LI38,2025,2024,0,2024-07-26,INR,5384597300000
RBI:RBI_LIAB_M_RN(1.0),N_A,M,LI35,2025,2024,0,2024-07-26,INR,82817200000
RBI:RBI_LIAB_M_RN(1.0),N_A,M,LI39,2025,2024,0,2024-07-26,INR,1244330800000
RBI:RBI_LIAB_M_RN(1.0),N_A,M,LI1,2025,2024,0,2024-07-26,INR,35028743100000
RBI:RBI_LIAB_M_RN(1.0),N_A,M,LI32,2025,2024,0,2024-07-26,INR,0.0
RBI:RBI_LIAB_M_RN(1.0),N_A,M,LI37,2025,2024,0,2024-07-26,INR,494255800000
RBI:RBI_LIAB_M_RN(1.0),N_A,M,LI33,2025,2024,0,2024-07-26,INR,424400000
RBI:RBI_LIAB_M_RN(1.0),N_A,M,LI31,2025,2024,0,2024-07-26,INR,1001000000
RBI:RBI_LIAB_M_RN(1.0),N_A,M,LI3,2025,2024,0,2024-07-26,INR,17020940300000
RBI:RBI_LIAB_M_RN(1.0),N_A,M,LI36,2025,2024,0,2024-07-26,INR,52783600000
RBI:RBI_LIAB_M_RN(1.0),N_A,M,LI2,2025,2024,0,2024-07-26,INR,101900000
RBI:RBI_LIAB_M_RN(1.0),N_A,M,LI4,2025,2024,0,2024-07-26,INR,17235812100000
RBI:RBI_LIAB_M_RN(1.0),N_A,M,NT_ISSU_TTL,2025,2024,0,2024-07-26,INR,35028845000000
RBI:RBI_LIAB_M_RN(1.0),N_A,M,LI34,2025,2024,0,2024-07-26,INR,9760730200000
RBI:RBI_LIAB_M_RN(1.0),N_A,M,LI35,2025,2024,0,2024-06-28,INR,84530000000
RBI:RBI_LIAB_M_RN(1.0),N_A,M,LI32,2025,2024,0,2024-06-28,INR,0.0
RBI:RBI_LIAB_M_RN(1.0),N_A,M,LI37,2025,2024,0,2024-06-28,INR,492020000000
RBI:RBI_LIAB_M_RN(1.0),N_A,M,LI1,2025,2024,0,2024-06-28,INR,35289370000000
RBI:RBI_LIAB_M_RN(1.0),N_A,M,LI34,2025,2024,0,2024-06-28,INR,9734550000000
RBI:RBI_LIAB_M_RN(1.0),N_A,M,LI36,2025,2024,0,2024-06-28,INR,52590000000
RBI:RBI_LIAB_M_RN(1.0),N_A,M,LI3,2025,2024,0,2024-06-28,INR,17294500000000
RBI:RBI_LIAB_M_RN(1.0),N_A,M,LI31,2025,2024,0,2024-06-28,INR,1010000000
RBI:RBI_LIAB_M_RN(1.0),N_A,M,LI39,2025,2024,0,2024-06-28,INR,1288320000000
RBI:RBI_LIAB_M_RN(1.0),N_A,M,LI38,2025,2024,0,2024-06-28,INR,5641060000000
RBI:RBI_LIAB_M_RN(1.0),N_A,M,LI33,2025,2024,0,2024-06-28,INR,420000000
RBI:RBI_LIAB_M_RN(1.0),N_A,M,LI2,2025,2024,0,2024-06-28,INR,110000000
RBI:RBI_LIAB_M_RN(1.0),N_A,M,LI4,2025,2024,0,2024-06-28,INR,16355920000000
RBI:RBI_LIAB_M_RN(1.0),N_A,M,LIA,2025,2024,0,2024-06-28,INR,33650420000000
RBI:RBI_LIAB_M_RN(1.0),N_A,M,NT_ISSU_TTL,2025,2024,0,2024-06-28,INR,35289480000000
RBI:RBI_LIAB_M_RN(1.0),N_A,M,LI32,2025,2024,0,2024-05-31,INR,0.0
RBI:RBI_LIAB_M_RN(1.0),N_A,M,LI2,2025,2024,0,2024-05-31,INR,139900000
RBI:RBI_LIAB_M_RN(1.0),N_A,M,NT_ISSU_TTL,2025,2024,0,2024-05-31,INR,35375276500000
RBI:RBI_LIAB_M_RN(1.0),N_A,M,LI3,2025,2024,0,2024-05-31,INR,17339220700000
RBI:RBI_LIAB_M_RN(1.0),N_A,M,LI33,2025,2024,0,2024-05-31,INR,424900000
RBI:RBI_LIAB_M_RN(1.0),N_A,M,LIA,2025,2024,0,2024-05-31,INR,33464816800000
RBI:RBI_LIAB_M_RN(1.0),N_A,M,LI31,2025,2024,0,2024-05-31,INR,1009000000
RBI:RBI_LIAB_M_RN(1.0),N_A,M,LI4,2025,2024,0,2024-05-31,INR,16125601299999.998
RBI:RBI_LIAB_M_RN(1.0),N_A,M,LI36,2025,2024,0,2024-05-31,INR,52243000000
RBI:RBI_LIAB_M_RN(1.0),N_A,M,LI37,2025,2024,0,2024-05-31,INR,492460600000
RBI:RBI_LIAB_M_RN(1.0),N_A,M,LI39,2025,2024,0,2024-05-31,INR,1302336800000
RBI:RBI_LIAB_M_RN(1.0),N_A,M,LI38,2025,2024,0,2024-05-31,INR,5894107300000
RBI:RBI_LIAB_M_RN(1.0),N_A,M,LI35,2025,2024,0,2024-05-31,INR,85546200000.00002
RBI:RBI_LIAB_M_RN(1.0),N_A,M,LI1,2025,2024,0,2024-05-31,INR,35375136600000
RBI:RBI_LIAB_M_RN(1.0),N_A,M,LI34,2025,2024,0,2024-05-31,INR,9511092900000
RBI:RBI_LIAB_M_RN(1.0),N_A,M,LI1,2025,2024,0,2024-04-26,INR,35328905400000
RBI:RBI_LIAB_M_RN(1.0),N_A,M,LI31,2025,2024,0,2024-04-26,INR,1008000000
RBI:RBI_LIAB_M_RN(1.0),N_A,M,LI4,2025,2024,0,2024-04-26,INR,17420329500000
RBI:RBI_LIAB_M_RN(1.0),N_A,M,LI39,2025,2024,0,2024-04-26,INR,1349049900000
RBI:RBI_LIAB_M_RN(1.0),N_A,M,LI3,2025,2024,0,2024-04-26,INR,16224458400000
RBI:RBI_LIAB_M_RN(1.0),N_A,M,LIA,2025,2024,0,2024-04-26,INR,33644787900000
RBI:RBI_LIAB_M_RN(1.0),N_A,M,LI32,2025,2024,0,2024-04-26,INR,0.0
RBI:RBI_LIAB_M_RN(1.0),N_A,M,LI34,2025,2024,0,2024-04-26,INR,10177161500000
RBI:RBI_LIAB_M_RN(1.0),N_A,M,LI35,2025,2024,0,2024-04-26,INR,87762700000
RBI:RBI_LIAB_M_RN(1.0),N_A,M,LI38,2025,2024,0,2024-04-26,INR,4059344600000
RBI:RBI_LIAB_M_RN(1.0),N_A,M,LI36,2025,2024,0,2024-04-26,INR,55893500000
RBI:RBI_LIAB_M_RN(1.0),N_A,M,NT_ISSU_TTL,2025,2024,0,2024-04-26,INR,35329010500000
RBI:RBI_LIAB_M_RN(1.0),N_A,M,LI37,2025,2024,0,2024-04-26,INR,493813000000
RBI:RBI_LIAB_M_RN(1.0),N_A,M,LI2,2025,2024,0,2024-04-26,INR,105100000
RBI:RBI_LIAB_M_RN(1.0),N_A,M,LI33,2025,2024,0,2024-04-26,INR,425200000
RBI:RBI_LIAB_M_RN(1.0),N_A,M,NT_ISSU_TTL,2024,2023,0,2024-03-29,INR,34823440000000
RBI:RBI_LIAB_M_RN(1.0),N_A,M,LI39,2024,2023,0,2024-03-29,INR,1629440000000
RBI:RBI_LIAB_M_RN(1.0),N_A,M,LI31,2024,2023,0,2024-03-29,INR,1010000000
RBI:RBI_LIAB_M_RN(1.0),N_A,M,LI33,2024,2023,0,2024-03-29,INR,420000000
RBI:RBI_LIAB_M_RN(1.0),N_A,M,LI34,2024,2023,0,2024-03-29,INR,10086180000000
RBI:RBI_LIAB_M_RN(1.0),N_A,M,LI35,2024,2023,0,2024-03-29,INR,100920000000
RBI:RBI_LIAB_M_RN(1.0),N_A,M,LI38,2024,2023,0,2024-03-29,INR,5454000000000
RBI:RBI_LIAB_M_RN(1.0),N_A,M,LI4,2024,2023,0,2024-03-29,INR,18047470000000
RBI:RBI_LIAB_M_RN(1.0),N_A,M,LI2,2024,2023,0,2024-03-29,INR,110000000
RBI:RBI_LIAB_M_RN(1.0),N_A,M,LI37,2024,2023,0,2024-03-29,INR,487250000000
RBI:RBI_LIAB_M_RN(1.0),N_A,M,LI32,2024,2023,0,2024-03-29,INR,0.0
RBI:RBI_LIAB_M_RN(1.0),N_A,M,LIA,2024,2023,0,2024-03-29,INR,35870797800000
RBI:RBI_LIAB_M_RN(1.0),N_A,M,LI36,2024,2023,0,2024-03-29,INR,64120000000
RBI:RBI_LIAB_M_RN(1.0),N_A,M,LI3,2024,2023,0,2024-03-29,INR,17823326900000
RBI:RBI_LIAB_M_RN(1.0),N_A,M,LI1,2024,2023,0,2024-03-29,INR,34823330000000
RBI:RBI_LIAB_M_RN(1.0),N_A,M,LI39,2024,2023,0,2024-02-23,INR,1444479600000
RBI:RBI_LIAB_M_RN(1.0),N_A,M,LI38,2024,2023,0,2024-02-23,INR,5408668500000
RBI:RBI_LIAB_M_RN(1.0),N_A,M,LI35,2024,2023,0,2024-02-23,INR,85202500000
RBI:RBI_LIAB_M_RN(1.0),N_A,M,NT_ISSU_TTL,2024,2023,0,2024-02-23,INR,34232783800000
RBI:RBI_LIAB_M_RN(1.0),N_A,M,LI37,2024,2023,0,2024-02-23,INR,479911100000
RBI:RBI_LIAB_M_RN(1.0),N_A,M,LI1,2024,2023,0,2024-02-23,INR,34232652700000
RBI:RBI_LIAB_M_RN(1.0),N_A,M,LI36,2024,2023,0,2024-02-23,INR,51266000000
RBI:RBI_LIAB_M_RN(1.0),N_A,M,LI2,2024,2023,0,2024-02-23,INR,131100000
RBI:RBI_LIAB_M_RN(1.0),N_A,M,LI34,2024,2023,0,2024-02-23,INR,9093997600000
RBI:RBI_LIAB_M_RN(1.0),N_A,M,LI4,2024,2023,0,2024-02-23,INR,17123924600000
RBI:RBI_LIAB_M_RN(1.0),N_A,M,LI3,2024,2023,0,2024-02-23,INR,16564954800000
RBI:RBI_LIAB_M_RN(1.0),N_A,M,LIA,2024,2023,0,2024-02-23,INR,33688879400000
RBI:RBI_LIAB_M_RN(1.0),N_A,M,LI32,2024,2023,0,2024-02-23,INR,0.0
RBI:RBI_LIAB_M_RN(1.0),N_A,M,LI31,2024,2023,0,2024-02-23,INR,1005000000
RBI:RBI_LIAB_M_RN(1.0),N_A,M,LI33,2024,2023,0,2024-02-23,INR,424500000
RBI:RBI_LIAB_M_RN(1.0),N_A,M,LI34,2024,2023,0,2024-01-26,INR,9338081700000
RBI:RBI_LIAB_M_RN(1.0),N_A,M,LIA,2024,2023,0,2024-01-26,INR,34671206100000
RBI:RBI_LIAB_M_RN(1.0),N_A,M,LI31,2024,2023,0,2024-01-26,INR,1003500000
RBI:RBI_LIAB_M_RN(1.0),N_A,M,LI38,2024,2023,0,2024-01-26,INR,5936710900000
RBI:RBI_LIAB_M_RN(1.0),N_A,M,LI4,2024,2023,0,2024-01-26,INR,17326768799999.9
RBI:RBI_LIAB_M_RN(1.0),N_A,M,LI39,2024,2023,0,2024-01-26,INR,1464283500000
RBI:RBI_LIAB_M_RN(1.0),N_A,M,LI3,2024,2023,0,2024-01-26,INR,17344437300000
RBI:RBI_LIAB_M_RN(1.0),N_A,M,LI37,2024,2023,0,2024-01-26,INR,474190900000
RBI:RBI_LIAB_M_RN(1.0),N_A,M,LI36,2024,2023,0,2024-01-26,INR,49353200000
RBI:RBI_LIAB_M_RN(1.0),N_A,M,NT_ISSU_TTL,2024,2023,0,2024-01-26,INR,33863330299999.9
RBI:RBI_LIAB_M_RN(1.0),N_A,M,LI35,2024,2023,0,2024-01-26,INR,80388800000
RBI:RBI_LIAB_M_RN(1.0),N_A,M,LI33,2024,2023,0,2024-01-26,INR,424800000
RBI:RBI_LIAB_M_RN(1.0),N_A,M,LI32,2024,2023,0,2024-01-26,INR,0.0
RBI:RBI_LIAB_M_RN(1.0),N_A,M,LI2,2024,2023,0,2024-01-26,INR,132200000
RBI:RBI_LIAB_M_RN(1.0),N_A,M,LI1,2024,2023,0,2024-01-26,INR,33863198100000
RBI:RBI_LIAB_M_RN(1.0),N_A,M,LIA,2024,2023,0,2023-12-29,INR,34631487599999.9
RBI:RBI_LIAB_M_RN(1.0),N_A,M,LI3,2024,2023,0,2023-12-29,INR,16600823799999.9
RBI:RBI_LIAB_M_RN(1.0),N_A,M,LI36,2024,2023,0,2023-12-29,INR,49839600000
RBI:RBI_LIAB_M_RN(1.0),N_A,M,LI38,2024,2023,0,2023-12-29,INR,5554196899999.99
RBI:RBI_LIAB_M_RN(1.0),N_A,M,LI37,2024,2023,0,2023-12-29,INR,484146800000
RBI:RBI_LIAB_M_RN(1.0),N_A,M,LI32,2024,2023,0,2023-12-29,INR,0.0
RBI:RBI_LIAB_M_RN(1.0),N_A,M,NT_ISSU_TTL,2024,2023,0,2023-12-29,INR,33304104200000
RBI:RBI_LIAB_M_RN(1.0),N_A,M,LI31,2024,2023,0,2023-12-29,INR,1000000000
RBI:RBI_LIAB_M_RN(1.0),N_A,M,LI2,2024,2023,0,2023-12-29,INR,115200000
RBI:RBI_LIAB_M_RN(1.0),N_A,M,LI34,2024,2023,0,2023-12-29,INR,9398465500000
RBI:RBI_LIAB_M_RN(1.0),N_A,M,LI35,2024,2023,0,2023-12-29,INR,80355000000
RBI:RBI_LIAB_M_RN(1.0),N_A,M,LI4,2024,2023,0,2023-12-29,INR,18030663800000
RBI:RBI_LIAB_M_RN(1.0),N_A,M,LI1,2024,2023,0,2023-12-29,INR,33303989000000
RBI:RBI_LIAB_M_RN(1.0),N_A,M,LI39,2024,2023,0,2023-12-29,INR,1032394800000
RBI:RBI_LIAB_M_RN(1.0),N_A,M,LI33,2024,2023,0,2023-12-29,INR,425200000
RBI:RBI_LIAB_M_RN(1.0),N_A,M,LI38,2024,2023,0,2023-11-24,INR,5060290000000
RBI:RBI_LIAB_M_RN(1.0),N_A,M,LI37,2024,2023,0,2023-11-24,INR,496470000000
RBI:RBI_LIAB_M_RN(1.0),N_A,M,NT_ISSU_TTL,2024,2023,0,2023-11-24,INR,33232260000000
RBI:RBI_LIAB_M_RN(1.0),N_A,M,LI3,2024,2023,0,2023-11-24,INR,16232980000000
RBI:RBI_LIAB_M_RN(1.0),N_A,M,LI2,2024,2023,0,2023-11-24,INR,140000000
RBI:RBI_LIAB_M_RN(1.0),N_A,M,LI32,2024,2023,0,2023-11-24,INR,0.0
RBI:RBI_LIAB_M_RN(1.0),N_A,M,LIA,2024,2023,0,2023-11-24,INR,32518960000000
RBI:RBI_LIAB_M_RN(1.0),N_A,M,LI31,2024,2023,0,2023-11-24,INR,1000000000
RBI:RBI_LIAB_M_RN(1.0),N_A,M,LI34,2024,2023,0,2023-11-24,INR,9317410000000
RBI:RBI_LIAB_M_RN(1.0),N_A,M,LI1,2024,2023,0,2023-11-24,INR,33232120000000
RBI:RBI_LIAB_M_RN(1.0),N_A,M,LI4,2024,2023,0,2023-11-24,INR,16285980000000
RBI:RBI_LIAB_M_RN(1.0),N_A,M,LI35,2024,2023,0,2023-11-24,INR,81150000000
RBI:RBI_LIAB_M_RN(1.0),N_A,M,LI36,2024,2023,0,2023-11-24,INR,46440000000
RBI:RBI_LIAB_M_RN(1.0),N_A,M,LI33,2024,2023,0,2023-11-24,INR,420000000
RBI:RBI_LIAB_M_RN(1.0),N_A,M,LI39,2024,2023,0,2023-11-24,INR,1229790000000
RBI:RBI_LIAB_M_RN(1.0),N_A,M,LIA,2024,2023,0,2023-10-27,INR,31748970000000
RBI:RBI_LIAB_M_RN(1.0),N_A,M,LI31,2024,2023,0,2023-10-27,INR,1010000000
RBI:RBI_LIAB_M_RN(1.0),N_A,M,LI39,2024,2023,0,2023-10-27,INR,1419610000000
RBI:RBI_LIAB_M_RN(1.0),N_A,M,LI2,2024,2023,0,2023-10-27,INR,130000000
RBI:RBI_LIAB_M_RN(1.0),N_A,M,LI35,2024,2023,0,2023-10-27,INR,81000000000
RBI:RBI_LIAB_M_RN(1.0),N_A,M,LI1,2024,2023,0,2023-10-27,INR,32718810000000
RBI:RBI_LIAB_M_RN(1.0),N_A,M,LI36,2024,2023,0,2023-10-27,INR,46100000000
RBI:RBI_LIAB_M_RN(1.0),N_A,M,LI4,2024,2023,0,2023-10-27,INR,14992520000000
RBI:RBI_LIAB_M_RN(1.0),N_A,M,LI37,2024,2023,0,2023-10-27,INR,475260000000
RBI:RBI_LIAB_M_RN(1.0),N_A,M,LI3,2024,2023,0,2023-10-27,INR,16756450000000
RBI:RBI_LIAB_M_RN(1.0),N_A,M,LI33,2024,2023,0,2023-10-27,INR,420000000
RBI:RBI_LIAB_M_RN(1.0),N_A,M,LI38,2024,2023,0,2023-10-27,INR,5663120000000
RBI:RBI_LIAB_M_RN(1.0),N_A,M,NT_ISSU_TTL,2024,2023,0,2023-10-27,INR,32718940000000
RBI:RBI_LIAB_M_RN(1.0),N_A,M,LI34,2024,2023,0,2023-10-27,INR,9069930000000
RBI:RBI_LIAB_M_RN(1.0),N_A,M,LI32,2024,2023,0,2023-10-27,INR,0.0
RBI:RBI_LIAB_M_RN(1.0),N_A,M,LI38,2024,2023,0,2023-09-29,INR,5187104500000
RBI:RBI_LIAB_M_RN(1.0),N_A,M,LIA,2024,2023,0,2023-09-29,INR,31763893400000
RBI:RBI_LIAB_M_RN(1.0),N_A,M,LI1,2024,2023,0,2023-09-29,INR,32575159300000
RBI:RBI_LIAB_M_RN(1.0),N_A,M,LI37,2024,2023,0,2023-09-29,INR,493206800000
RBI:RBI_LIAB_M_RN(1.0),N_A,M,LI36,2024,2023,0,2023-09-29,INR,49003100000
RBI:RBI_LIAB_M_RN(1.0),N_A,M,LI3,2024,2023,0,2023-09-29,INR,16780979200000
RBI:RBI_LIAB_M_RN(1.0),N_A,M,LI2,2024,2023,0,2023-09-29,INR,99300000
RBI:RBI_LIAB_M_RN(1.0),N_A,M,NT_ISSU_TTL,2024,2023,0,2023-09-29,INR,32575258600000
RBI:RBI_LIAB_M_RN(1.0),N_A,M,LI39,2024,2023,0,2023-09-29,INR,1268714500000
RBI:RBI_LIAB_M_RN(1.0),N_A,M,LI31,2024,2023,0,2023-09-29,INR,1004300000
RBI:RBI_LIAB_M_RN(1.0),N_A,M,LI33,2024,2023,0,2023-09-29,INR,424600000
RBI:RBI_LIAB_M_RN(1.0),N_A,M,LI35,2024,2023,0,2023-09-29,INR,89170400000
RBI:RBI_LIAB_M_RN(1.0),N_A,M,LI34,2024,2023,0,2023-09-29,INR,9692351000000
RBI:RBI_LIAB_M_RN(1.0),N_A,M,LI4,2024,2023,0,2023-09-29,INR,14982914200000
RBI:RBI_LIAB_M_RN(1.0),N_A,M,LI32,2024,2023,0,2023-09-29,INR,0.0
RBI:RBI_LIAB_M_RN(1.0),N_A,M,LI32,2024,2023,0,2023-08-25,INR,0.0
RBI:RBI_LIAB_M_RN(1.0),N_A,M,LI37,2024,2023,0,2023-08-25,INR,497581100000
RBI:RBI_LIAB_M_RN(1.0),N_A,M,LI39,2024,2023,0,2023-08-25,INR,1321038500000
RBI:RBI_LIAB_M_RN(1.0),N_A,M,LI36,2024,2023,0,2023-08-25,INR,46860500000
RBI:RBI_LIAB_M_RN(1.0),N_A,M,LI1,2024,2023,0,2023-08-25,INR,32786652400000.004
RBI:RBI_LIAB_M_RN(1.0),N_A,M,LI38,2024,2023,0,2023-08-25,INR,4073783700000
RBI:RBI_LIAB_M_RN(1.0),N_A,M,LI33,2024,2023,0,2023-08-25,INR,424800000
RBI:RBI_LIAB_M_RN(1.0),N_A,M,LI35,2024,2023,0,2023-08-25,INR,88084300000
RBI:RBI_LIAB_M_RN(1.0),N_A,M,LI34,2024,2023,0,2023-08-25,INR,10103610400000
RBI:RBI_LIAB_M_RN(1.0),N_A,M,LI2,2024,2023,0,2023-08-25,INR,111500000
RBI:RBI_LIAB_M_RN(1.0),N_A,M,LIA,2024,2023,0,2023-08-25,INR,31281881500000
RBI:RBI_LIAB_M_RN(1.0),N_A,M,NT_ISSU_TTL,2024,2023,0,2023-08-25,INR,32786763900000
RBI:RBI_LIAB_M_RN(1.0),N_A,M,LI4,2024,2023,0,2023-08-25,INR,15149491900000
RBI:RBI_LIAB_M_RN(1.0),N_A,M,LI31,2024,2023,0,2023-08-25,INR,1006300000
RBI:RBI_LIAB_M_RN(1.0),N_A,M,LI3,2024,2023,0,2023-08-25,INR,16132389600000
RBI:RBI_LIAB_M_RN(1.0),N_A,M,LI33,2024,2023,0,2023-07-28,INR,424800000
RBI:RBI_LIAB_M_RN(1.0),N_A,M,LI36,2024,2023,0,2023-07-28,INR,46754399999.99999
RBI:RBI_LIAB_M_RN(1.0),N_A,M,LI32,2024,2023,0,2023-07-28,INR,0.0
RBI:RBI_LIAB_M_RN(1.0),N_A,M,NT_ISSU_TTL,2024,2023,0,2023-07-28,INR,32934260000000
RBI:RBI_LIAB_M_RN(1.0),N_A,M,LI2,2024,2023,0,2023-07-28,INR,122800000
RBI:RBI_LIAB_M_RN(1.0),N_A,M,LI31,2024,2023,0,2023-07-28,INR,1002700000
RBI:RBI_LIAB_M_RN(1.0),N_A,M,LI4,2024,2023,0,2023-07-28,INR,15474675800000
RBI:RBI_LIAB_M_RN(1.0),N_A,M,LI38,2024,2023,0,2023-07-28,INR,4727028600000
RBI:RBI_LIAB_M_RN(1.0),N_A,M,LI37,2024,2023,0,2023-07-28,INR,472086100000
RBI:RBI_LIAB_M_RN(1.0),N_A,M,LI3,2024,2023,0,2023-07-28,INR,15561218600000
RBI:RBI_LIAB_M_RN(1.0),N_A,M,LIA,2024,2023,0,2023-07-28,INR,31035894400000
RBI:RBI_LIAB_M_RN(1.0),N_A,M,LI35,2024,2023,0,2023-07-28,INR,84751299999.99998
RBI:RBI_LIAB_M_RN(1.0),N_A,M,LI34,2024,2023,0,2023-07-28,INR,8992794800000
RBI:RBI_LIAB_M_RN(1.0),N_A,M,LI39,2024,2023,0,2023-07-28,INR,1236375900000
RBI:RBI_LIAB_M_RN(1.0),N_A,M,LI1,2024,2023,0,2023-07-28,INR,32934143800000
RBI:RBI_LIAB_M_RN(1.0),N_A,M,LI1,2024,2023,0,2023-06-30,INR,33294930000000
RBI:RBI_LIAB_M_RN(1.0),N_A,M,LI37,2024,2023,0,2023-06-30,INR,465834600000
RBI:RBI_LIAB_M_RN(1.0),N_A,M,LI35,2024,2023,0,2023-06-30,INR,90396000000
RBI:RBI_LIAB_M_RN(1.0),N_A,M,LI31,2024,2023,0,2023-06-30,INR,1009300000
RBI:RBI_LIAB_M_RN(1.0),N_A,M,LI2,2024,2023,0,2023-06-30,INR,120000000
RBI:RBI_LIAB_M_RN(1.0),N_A,M,LI33,2024,2023,0,2023-06-30,INR,424800000
RBI:RBI_LIAB_M_RN(1.0),N_A,M,LI3,2024,2023,0,2023-06-30,INR,14685657900000
RBI:RBI_LIAB_M_RN(1.0),N_A,M,LI39,2024,2023,0,2023-06-30,INR,868619600000.0001
RBI:RBI_LIAB_M_RN(1.0),N_A,M,LI4,2024,2023,0,2023-06-30,INR,14842232300000
RBI:RBI_LIAB_M_RN(1.0),N_A,M,LI34,2024,2023,0,2023-06-30,INR,8711671400000
RBI:RBI_LIAB_M_RN(1.0),N_A,M,LI36,2024,2023,0,2023-06-30,INR,44362900000
RBI:RBI_LIAB_M_RN(1.0),N_A,M,LI38,2024,2023,0,2023-06-30,INR,4503339300000
RBI:RBI_LIAB_M_RN(1.0),N_A,M,LIA,2024,2023,0,2023-06-30,INR,29527890200000
RBI:RBI_LIAB_M_RN(1.0),N_A,M,LI32,2024,2023,0,2023-06-30,INR,0.0
RBI:RBI_LIAB_M_RN(1.0),N_A,M,NT_ISSU_TTL,2024,2023,0,2023-06-30,INR,33295050000000
RBI:RBI_LIAB_M_RN(1.0),N_A,M,LI35,2024,2023,0,2023-05-26,INR,78746202870
RBI:RBI_LIAB_M_RN(1.0),N_A,M,LI31,2024,2023,0,2023-05-26,INR,1006533970
RBI:RBI_LIAB_M_RN(1.0),N_A,M,LIA,2024,2023,0,2023-05-26,INR,28558114683890
RBI:RBI_LIAB_M_RN(1.0),N_A,M,LI4,2024,2023,0,2023-05-26,INR,15105195500000
RBI:RBI_LIAB_M_RN(1.0),N_A,M,LI34,2024,2023,0,2023-05-26,INR,8521914223919.999
RBI:RBI_LIAB_M_RN(1.0),N_A,M,LI36,2024,2023,0,2023-05-26,INR,44456941870
RBI:RBI_LIAB_M_RN(1.0),N_A,M,LI38,2024,2023,0,2023-05-26,INR,4338274500000.0005
RBI:RBI_LIAB_M_RN(1.0),N_A,M,LI2,2024,2023,0,2023-05-26,INR,126500220
RBI:RBI_LIAB_M_RN(1.0),N_A,M,NT_ISSU_TTL,2024,2023,0,2023-05-26,INR,34115180016110.004
RBI:RBI_LIAB_M_RN(1.0),N_A,M,LI37,2024,2023,0,2023-05-26,INR,468096084870
RBI:RBI_LIAB_M_RN(1.0),N_A,M,LI33,2024,2023,0,2023-05-26,INR,424797430
RBI:RBI_LIAB_M_RN(1.0),N_A,M,LI3,2024,2023,0,2023-05-26,INR,13452919200000
RBI:RBI_LIAB_M_RN(1.0),N_A,M,LI1,2024,2023,0,2023-05-26,INR,34115053500000
RBI:RBI_LIAB_M_RN(1.0),N_A,M,LI32,2024,2023,0,2023-05-26,INR,0.0
RBI:RBI_LIAB_M_RN(1.0),N_A,M,LI39,2024,2023,0,2023-05-26,INR,668692900000
RBI:RBI_LIAB_M_RN(1.0),N_A,M,LI33,2024,2023,0,2023-04-28,INR,424836570
RBI:RBI_LIAB_M_RN(1.0),N_A,M,LI4,2024,2023,0,2023-04-28,INR,16000382500000
RBI:RBI_LIAB_M_RN(1.0),N_A,M,LI35,2024,2023,0,2023-04-28,INR,77301891880
RBI:RBI_LIAB_M_RN(1.0),N_A,M,LI34,2024,2023,0,2023-04-28,INR,8904228511770
RBI:RBI_LIAB_M_RN(1.0),N_A,M,LI37,2024,2023,0,2023-04-28,INR,482484060340
RBI:RBI_LIAB_M_RN(1.0),N_A,M,LI31,2024,2023,0,2023-04-28,INR,1001028620
RBI:RBI_LIAB_M_RN(1.0),N_A,M,LI36,2024,2023,0,2023-04-28,INR,46866840640
RBI:RBI_LIAB_M_RN(1.0),N_A,M,LI39,2024,2023,0,2023-04-28,INR,679195200000
RBI:RBI_LIAB_M_RN(1.0),N_A,M,LIA,2024,2023,0,2023-04-28,INR,28192179496960
RBI:RBI_LIAB_M_RN(1.0),N_A,M,LI2,2024,2023,0,2023-04-28,INR,150254500
RBI:RBI_LIAB_M_RN(1.0),N_A,M,LI32,2024,2023,0,2023-04-28,INR,0.0
RBI:RBI_LIAB_M_RN(1.0),N_A,M,NT_ISSU_TTL,2024,2023,0,2023-04-28,INR,34248156503040
RBI:RBI_LIAB_M_RN(1.0),N_A,M,LI38,2024,2023,0,2023-04-28,INR,2000294700000
RBI:RBI_LIAB_M_RN(1.0),N_A,M,LI3,2024,2023,0,2023-04-28,INR,12191797000000
RBI:RBI_LIAB_M_RN(1.0),N_A,M,LI1,2024,2023,0,2023-04-28,INR,34248006200000.004
RBI:RBI_LIAB_M_RN(1.0),N_A,M,LI4,2023,2022,0,2023-03-31,INR,16422943500000.002
RBI:RBI_LIAB_M_RN(1.0),N_A,M,LI35,2023,2022,0,2023-03-31,INR,81000866220
RBI:RBI_LIAB_M_RN(1.0),N_A,M,LI1,2023,2022,0,2023-03-31,INR,33482352400000.004
RBI:RBI_LIAB_M_RN(1.0),N_A,M,LI39,2023,2022,0,2023-03-31,INR,1022071900000
RBI:RBI_LIAB_M_RN(1.0),N_A,M,LI37,2023,2022,0,2023-03-31,INR,482599445430
RBI:RBI_LIAB_M_RN(1.0),N_A,M,LI32,2023,2022,0,2023-03-31,INR,0.0
RBI:RBI_LIAB_M_RN(1.0),N_A,M,LIA,2023,2022,0,2023-03-31,INR,29965115700000
RBI:RBI_LIAB_M_RN(1.0),N_A,M,LI36,2023,2022,0,2023-03-31,INR,51772700000
RBI:RBI_LIAB_M_RN(1.0),N_A,M,LI34,2023,2022,0,2023-03-31,INR,8689396666170
RBI:RBI_LIAB_M_RN(1.0),N_A,M,LI3,2023,2022,0,2023-03-31,INR,13542172200000
RBI:RBI_LIAB_M_RN(1.0),N_A,M,LI33,2023,2022,0,2023-03-31,INR,424884380
RBI:RBI_LIAB_M_RN(1.0),N_A,M,LI31,2023,2022,0,2023-03-31,INR,50009273570
RBI:RBI_LIAB_M_RN(1.0),N_A,M,LI2,2023,2022,0,2023-03-31,INR,94313580
RBI:RBI_LIAB_M_RN(1.0),N_A,M,LI38,2023,2022,0,2023-03-31,INR,3164896400000
RBI:RBI_LIAB_M_RN(1.0),N_A,M,NT_ISSU_TTL,2023,2022,0,2023-03-31,INR,33482446683030
RBI:RBI_LIAB_M_RN(1.0),N_A,M,LI2,2023,2022,0,2023-02-24,INR,106200000
RBI:RBI_LIAB_M_RN(1.0),N_A,M,LI36,2023,2022,0,2023-02-24,INR,44188374990
RBI:RBI_LIAB_M_RN(1.0),N_A,M,LI3,2023,2022,0,2023-02-24,INR,13202219500000
RBI:RBI_LIAB_M_RN(1.0),N_A,M,LI39,2023,2022,0,2023-02-24,INR,1079339600000
RBI:RBI_LIAB_M_RN(1.0),N_A,M,NT_ISSU_TTL,2023,2022,0,2023-02-24,INR,33016160018579.996
RBI:RBI_LIAB_M_RN(1.0),N_A,M,LI32,2023,2022,0,2023-02-24,INR,0.0
RBI:RBI_LIAB_M_RN(1.0),N_A,M,LI4,2023,2022,0,2023-02-24,INR,15095022100000
RBI:RBI_LIAB_M_RN(1.0),N_A,M,LI1,2023,2022,0,2023-02-24,INR,33016053800000
RBI:RBI_LIAB_M_RN(1.0),N_A,M,LI31,2023,2022,0,2023-02-24,INR,1005086970
RBI:RBI_LIAB_M_RN(1.0),N_A,M,LI35,2023,2022,0,2023-02-24,INR,73200376180
RBI:RBI_LIAB_M_RN(1.0),N_A,M,LI37,2023,2022,0,2023-02-24,INR,450917764150
RBI:RBI_LIAB_M_RN(1.0),N_A,M,LI33,2023,2022,0,2023-02-24,INR,430000000
RBI:RBI_LIAB_M_RN(1.0),N_A,M,LI38,2023,2022,0,2023-02-24,INR,3573290000000
RBI:RBI_LIAB_M_RN(1.0),N_A,M,LIA,2023,2022,0,2023-02-24,INR,28297241581420
RBI:RBI_LIAB_M_RN(1.0),N_A,M,LI34,2023,2022,0,2023-02-24,INR,7979857827670
RBI:RBI_LIAB_M_RN(1.0),N_A,M,LI1,2023,2022,0,2023-01-27,INR,32619917600000
RBI:RBI_LIAB_M_RN(1.0),N_A,M,LI37,2023,2022,0,2023-01-27,INR,444533684420
RBI:RBI_LIAB_M_RN(1.0),N_A,M,LI3,2023,2022,0,2023-01-27,INR,13746592000000
RBI:RBI_LIAB_M_RN(1.0),N_A,M,LI4,2023,2022,0,2023-01-27,INR,15438228600000
RBI:RBI_LIAB_M_RN(1.0),N_A,M,LI32,2023,2022,0,2023-01-27,INR,0.0
RBI:RBI_LIAB_M_RN(1.0),N_A,M,LI34,2023,2022,0,2023-01-27,INR,8135728227590
RBI:RBI_LIAB_M_RN(1.0),N_A,M,LI35,2023,2022,0,2023-01-27,INR,85919566920
RBI:RBI_LIAB_M_RN(1.0),N_A,M,LI36,2023,2022,0,2023-01-27,INR,43374178320
RBI:RBI_LIAB_M_RN(1.0),N_A,M,LI31,2023,2022,0,2023-01-27,INR,1008184060
RBI:RBI_LIAB_M_RN(1.0),N_A,M,LI39,2023,2022,0,2023-01-27,INR,740631700000
RBI:RBI_LIAB_M_RN(1.0),N_A,M,LI38,2023,2022,0,2023-01-27,INR,4294974700000
RBI:RBI_LIAB_M_RN(1.0),N_A,M,LI33,2023,2022,0,2023-01-27,INR,424000000
RBI:RBI_LIAB_M_RN(1.0),N_A,M,NT_ISSU_TTL,2023,2022,0,2023-01-27,INR,32620103826920
RBI:RBI_LIAB_M_RN(1.0),N_A,M,LI2,2023,2022,0,2023-01-27,INR,186200000
RBI:RBI_LIAB_M_RN(1.0),N_A,M,LIA,2023,2022,0,2023-01-27,INR,29184820573080
RBI:RBI_LIAB_M_RN(1.0),N_A,M,LI31,2023,2022,0,2022-12-30,INR,1004504400.0000001
RBI:RBI_LIAB_M_RN(1.0),N_A,M,LI33,2023,2022,0,2022-12-30,INR,424413680
RBI:RBI_LIAB_M_RN(1.0),N_A,M,LI4,2023,2022,0,2022-12-30,INR,15063745600000
RBI:RBI_LIAB_M_RN(1.0),N_A,M,LI37,2023,2022,0,2022-12-30,INR,451137187500
RBI:RBI_LIAB_M_RN(1.0),N_A,M,LI35,2023,2022,0,2022-12-30,INR,86479747630
RBI:RBI_LIAB_M_RN(1.0),N_A,M,LI32,2023,2022,0,2022-12-30,INR,0.0
RBI:RBI_LIAB_M_RN(1.0),N_A,M,LI1,2023,2022,0,2022-12-30,INR,32030514400000
RBI:RBI_LIAB_M_RN(1.0),N_A,M,LI36,2023,2022,0,2022-12-30,INR,44034527500
RBI:RBI_LIAB_M_RN(1.0),N_A,M,LIA,2023,2022,0,2022-12-30,INR,29455997942920
RBI:RBI_LIAB_M_RN(1.0),N_A,M,NT_ISSU_TTL,2023,2022,0,2022-12-30,INR,32030660757080
RBI:RBI_LIAB_M_RN(1.0),N_A,M,LI38,2023,2022,0,2022-12-30,INR,4573830300000
RBI:RBI_LIAB_M_RN(1.0),N_A,M,LI2,2023,2022,0,2022-12-30,INR,146382300
RBI:RBI_LIAB_M_RN(1.0),N_A,M,LI34,2023,2022,0,2022-12-30,INR,8416119567129.999
RBI:RBI_LIAB_M_RN(1.0),N_A,M,LI3,2023,2022,0,2022-12-30,INR,14392252300000
RBI:RBI_LIAB_M_RN(1.0),N_A,M,LI39,2023,2022,0,2022-12-30,INR,819222100000
RBI:RBI_LIAB_M_RN(1.0),N_A,M,LI37,2023,2022,0,2022-11-25,INR,439586513930
RBI:RBI_LIAB_M_RN(1.0),N_A,M,LIA,2023,2022,0,2022-11-25,INR,27790619502900
RBI:RBI_LIAB_M_RN(1.0),N_A,M,LI34,2023,2022,0,2022-11-25,INR,8088412806460
RBI:RBI_LIAB_M_RN(1.0),N_A,M,LI36,2023,2022,0,2022-11-25,INR,43524409160
RBI:RBI_LIAB_M_RN(1.0),N_A,M,LI1,2023,2022,0,2022-11-25,INR,31884640200000
RBI:RBI_LIAB_M_RN(1.0),N_A,M,LI39,2023,2022,0,2022-11-25,INR,738252900000
RBI:RBI_LIAB_M_RN(1.0),N_A,M,LI35,2023,2022,0,2022-11-25,INR,74005583820
RBI:RBI_LIAB_M_RN(1.0),N_A,M,LI31,2023,2022,0,2022-11-25,INR,1009423270.0000001
RBI:RBI_LIAB_M_RN(1.0),N_A,M,LI32,2023,2022,0,2022-11-25,INR,0.0
RBI:RBI_LIAB_M_RN(1.0),N_A,M,LI38,2023,2022,0,2022-11-25,INR,4971122300000
RBI:RBI_LIAB_M_RN(1.0),N_A,M,NT_ISSU_TTL,2023,2022,0,2022-11-25,INR,31884761297100
RBI:RBI_LIAB_M_RN(1.0),N_A,M,LI2,2023,2022,0,2022-11-25,INR,121132700
RBI:RBI_LIAB_M_RN(1.0),N_A,M,LI4,2023,2022,0,2022-11-25,INR,14172533900000
RBI:RBI_LIAB_M_RN(1.0),N_A,M,LI33,2023,2022,0,2022-11-25,INR,424575960
RBI:RBI_LIAB_M_RN(1.0),N_A,M,LI3,2023,2022,0,2022-11-25,INR,13618085600000
RBI:RBI_LIAB_M_RN(1.0),N_A,M,LI32,2023,2022,0,2022-10-28,INR,0.0
RBI:RBI_LIAB_M_RN(1.0),N_A,M,LI39,2023,2022,0,2022-10-28,INR,627307400000
RBI:RBI_LIAB_M_RN(1.0),N_A,M,LI2,2023,2022,0,2022-10-28,INR,131200000.00000001
RBI:RBI_LIAB_M_RN(1.0),N_A,M,LI36,2023,2022,0,2022-10-28,INR,43154976940
RBI:RBI_LIAB_M_RN(1.0),N_A,M,LI34,2023,2022,0,2022-10-28,INR,7818135877840
RBI:RBI_LIAB_M_RN(1.0),N_A,M,LI31,2023,2022,0,2022-10-28,INR,1005933800
RBI:RBI_LIAB_M_RN(1.0),N_A,M,NT_ISSU_TTL,2023,2022,0,2022-10-28,INR,31817481579130
RBI:RBI_LIAB_M_RN(1.0),N_A,M,LI37,2023,2022,0,2022-10-28,INR,436571299820
RBI:RBI_LIAB_M_RN(1.0),N_A,M,LI35,2023,2022,0,2022-10-28,INR,77843011320
RBI:RBI_LIAB_M_RN(1.0),N_A,M,LI3,2023,2022,0,2022-10-28,INR,13482747000000
RBI:RBI_LIAB_M_RN(1.0),N_A,M,LI1,2023,2022,0,2022-10-28,INR,31817354866010
RBI:RBI_LIAB_M_RN(1.0),N_A,M,LI33,2023,2022,0,2022-10-28,INR,424614510
RBI:RBI_LIAB_M_RN(1.0),N_A,M,LIA,2023,2022,0,2022-10-28,INR,26760159020870
RBI:RBI_LIAB_M_RN(1.0),N_A,M,LI4,2023,2022,0,2022-10-28,INR,13277412000000
RBI:RBI_LIAB_M_RN(1.0),N_A,M,LI38,2023,2022,0,2022-10-28,INR,4478303900000
RBI:RBI_LIAB_M_RN(1.0),N_A,M,LI32,2023,2022,0,2022-09-30,INR,0.0
RBI:RBI_LIAB_M_RN(1.0),N_A,M,LI38,2023,2022,0,2022-09-30,INR,4743100000000
RBI:RBI_LIAB_M_RN(1.0),N_A,M,LI2,2023,2022,0,2022-09-30,INR,123000000
RBI:RBI_LIAB_M_RN(1.0),N_A,M,NT_ISSU_TTL,2023,2022,0,2022-09-30,INR,31293293722570
RBI:RBI_LIAB_M_RN(1.0),N_A,M,LI4,2023,2022,0,2022-09-30,INR,12962754800000
RBI:RBI_LIAB_M_RN(1.0),N_A,M,LI36,2023,2022,0,2022-09-30,INR,41764651750
RBI:RBI_LIAB_M_RN(1.0),N_A,M,LI3,2023,2022,0,2022-09-30,INR,14571972700000
RBI:RBI_LIAB_M_RN(1.0),N_A,M,LI1,2023,2022,0,2022-09-30,INR,31293170260640
RBI:RBI_LIAB_M_RN(1.0),N_A,M,LI35,2023,2022,0,2022-09-30,INR,82473862980
RBI:RBI_LIAB_M_RN(1.0),N_A,M,LI31,2023,2022,0,2022-09-30,INR,1000000000
RBI:RBI_LIAB_M_RN(1.0),N_A,M,LI37,2023,2022,0,2022-09-30,INR,439492136790
RBI:RBI_LIAB_M_RN(1.0),N_A,M,LI33,2023,2022,0,2022-09-30,INR,424596270
RBI:RBI_LIAB_M_RN(1.0),N_A,M,LI34,2023,2022,0,2022-09-30,INR,8449128930170
RBI:RBI_LIAB_M_RN(1.0),N_A,M,LI39,2023,2022,0,2022-09-30,INR,814582800000
RBI:RBI_LIAB_M_RN(1.0),N_A,M,LIA,2023,2022,0,2022-09-30,INR,27534727477430
RBI:RBI_LIAB_M_RN(1.0),N_A,M,LI35,2023,2022,0,2022-08-26,INR,77335938660
RBI:RBI_LIAB_M_RN(1.0),N_A,M,LI37,2023,2022,0,2022-08-26,INR,432220181550
RBI:RBI_LIAB_M_RN(1.0),N_A,M,LI3,2023,2022,0,2022-08-26,INR,14960949200000
RBI:RBI_LIAB_M_RN(1.0),N_A,M,LI36,2023,2022,0,2022-08-26,INR,41041064350
RBI:RBI_LIAB_M_RN(1.0),N_A,M,LI33,2023,2022,0,2022-08-26,INR,424622270
RBI:RBI_LIAB_M_RN(1.0),N_A,M,LI32,2023,2022,0,2022-08-26,INR,0.0
RBI:RBI_LIAB_M_RN(1.0),N_A,M,LIA,2023,2022,0,2022-08-26,INR,28095401635370
RBI:RBI_LIAB_M_RN(1.0),N_A,M,LI34,2023,2022,0,2022-08-26,INR,7641136217990
RBI:RBI_LIAB_M_RN(1.0),N_A,M,LI4,2023,2022,0,2022-08-26,INR,13134452400000
RBI:RBI_LIAB_M_RN(1.0),N_A,M,LI39,2023,2022,0,2022-08-26,INR,532774800000
RBI:RBI_LIAB_M_RN(1.0),N_A,M,LI2,2023,2022,0,2022-08-26,INR,127599999.99999999
RBI:RBI_LIAB_M_RN(1.0),N_A,M,LI38,2023,2022,0,2022-08-26,INR,6235007800000
RBI:RBI_LIAB_M_RN(1.0),N_A,M,NT_ISSU_TTL,2023,2022,0,2022-08-26,INR,31544404164630
RBI:RBI_LIAB_M_RN(1.0),N_A,M,LI31,2023,2022,0,2022-08-26,INR,1008584130
RBI:RBI_LIAB_M_RN(1.0),N_A,M,LI1,2023,2022,0,2022-08-26,INR,31544276578490
RBI:RBI_LIAB_M_RN(1.0),N_A,M,LI36,2023,2022,0,2022-07-29,INR,43840000000
RBI:RBI_LIAB_M_RN(1.0),N_A,M,LI31,2023,2022,0,2022-07-29,INR,1007900000
RBI:RBI_LIAB_M_RN(1.0),N_A,M,LI37,2023,2022,0,2022-07-29,INR,450646129210
RBI:RBI_LIAB_M_RN(1.0),N_A,M,LI2,2023,2022,0,2022-07-29,INR,100138160
RBI:RBI_LIAB_M_RN(1.0),N_A,M,NT_ISSU_TTL,2023,2022,0,2022-07-29,INR,31561136677150
RBI:RBI_LIAB_M_RN(1.0),N_A,M,LI38,2023,2022,0,2022-07-29,INR,6000085600000
RBI:RBI_LIAB_M_RN(1.0),N_A,M,LI33,2023,2022,0,2022-07-29,INR,424733450
RBI:RBI_LIAB_M_RN(1.0),N_A,M,LI34,2023,2022,0,2022-07-29,INR,8344565176530.001
RBI:RBI_LIAB_M_RN(1.0),N_A,M,LI3,2023,2022,0,2022-07-29,INR,15430100500000
RBI:RBI_LIAB_M_RN(1.0),N_A,M,LI35,2023,2022,0,2022-07-29,INR,81399178790
RBI:RBI_LIAB_M_RN(1.0),N_A,M,LI1,2023,2022,0,2022-07-29,INR,31561040000000
RBI:RBI_LIAB_M_RN(1.0),N_A,M,LI4,2023,2022,0,2022-07-29,INR,13360387800000
RBI:RBI_LIAB_M_RN(1.0),N_A,M,LI39,2023,2022,0,2022-07-29,INR,508135700000
RBI:RBI_LIAB_M_RN(1.0),N_A,M,LI32,2023,2022,0,2022-07-29,INR,0.0
RBI:RBI_LIAB_M_RN(1.0),N_A,M,LIA,2023,2022,0,2022-07-29,INR,28790488322850
RBI:RBI_LIAB_M_RN(1.0),N_A,M,LI39,2023,2022,0,2022-06-24,INR,578187700000
RBI:RBI_LIAB_M_RN(1.0),N_A,M,LI38,2023,2022,0,2022-06-24,INR,8044247300000
RBI:RBI_LIAB_M_RN(1.0),N_A,M,LI4,2023,2022,0,2022-06-24,INR,12582974400000
RBI:RBI_LIAB_M_RN(1.0),N_A,M,LI35,2023,2022,0,2022-06-24,INR,80145100000
RBI:RBI_LIAB_M_RN(1.0),N_A,M,LI2,2023,2022,0,2022-06-24,INR,147700000
RBI:RBI_LIAB_M_RN(1.0),N_A,M,LI1,2023,2022,0,2022-06-24,INR,31891523900000
RBI:RBI_LIAB_M_RN(1.0),N_A,M,NT_ISSU_TTL,2023,2022,0,2022-06-24,INR,31891671600000
RBI:RBI_LIAB_M_RN(1.0),N_A,M,LI36,2023,2022,0,2022-06-24,INR,44868600000
RBI:RBI_LIAB_M_RN(1.0),N_A,M,LI33,2023,2022,0,2022-06-24,INR,424495300
RBI:RBI_LIAB_M_RN(1.0),N_A,M,LI31,2023,2022,0,2022-06-24,INR,1009100000.0000001
RBI:RBI_LIAB_M_RN(1.0),N_A,M,LI32,2023,2022,0,2022-06-24,INR,0.0
RBI:RBI_LIAB_M_RN(1.0),N_A,M,LI34,2023,2022,0,2022-06-24,INR,7765208400000
RBI:RBI_LIAB_M_RN(1.0),N_A,M,LIA,2023,2022,0,2022-06-24,INR,29526805200000
RBI:RBI_LIAB_M_RN(1.0),N_A,M,LI3,2023,2022,0,2022-06-24,INR,16943830800000
RBI:RBI_LIAB_M_RN(1.0),N_A,M,LI37,2023,2022,0,2022-06-24,INR,429739800000
RBI:RBI_LIAB_M_RN(1.0),N_A,M,LI2,2023,2022,0,2022-05-27,INR,139866540
RBI:RBI_LIAB_M_RN(1.0),N_A,M,LI36,2023,2022,0,2022-05-27,INR,45589598320
RBI:RBI_LIAB_M_RN(1.0),N_A,M,LI39,2023,2022,0,2022-05-27,INR,553532100000
RBI:RBI_LIAB_M_RN(1.0),N_A,M,LI4,2023,2022,0,2022-05-27,INR,12822154100000
RBI:RBI_LIAB_M_RN(1.0),N_A,M,LI32,2023,2022,0,2022-05-27,INR,0.0
RBI:RBI_LIAB_M_RN(1.0),N_A,M,LI33,2023,2022,0,2022-05-27,INR,420000000
RBI:RBI_LIAB_M_RN(1.0),N_A,M,NT_ISSU_TTL,2023,2022,0,2022-05-27,INR,31911502574240
RBI:RBI_LIAB_M_RN(1.0),N_A,M,LI34,2023,2022,0,2022-05-27,INR,7617357639270
RBI:RBI_LIAB_M_RN(1.0),N_A,M,LIA,2023,2022,0,2022-05-27,INR,29639261125760
RBI:RBI_LIAB_M_RN(1.0),N_A,M,LI38,2023,2022,0,2022-05-27,INR,8088970000000
RBI:RBI_LIAB_M_RN(1.0),N_A,M,LI3,2023,2022,0,2022-05-27,INR,16817107000000
RBI:RBI_LIAB_M_RN(1.0),N_A,M,LI31,2023,2022,0,2022-05-27,INR,1000752040.0000001
RBI:RBI_LIAB_M_RN(1.0),N_A,M,LI35,2023,2022,0,2022-05-27,INR,80952837940
RBI:RBI_LIAB_M_RN(1.0),N_A,M,LI1,2023,2022,0,2022-05-27,INR,31911362707700
RBI:RBI_LIAB_M_RN(1.0),N_A,M,LI37,2023,2022,0,2022-05-27,INR,429271694960
RBI:RBI_LIAB_M_RN(1.0),N_A,M,LI38,2023,2022,0,2022-04-29,INR,8043850000000
RBI:RBI_LIAB_M_RN(1.0),N_A,M,LI34,2023,2022,0,2022-04-29,INR,7402342207280
RBI:RBI_LIAB_M_RN(1.0),N_A,M,LIA,2023,2022,0,2022-04-29,INR,28921880000000
RBI:RBI_LIAB_M_RN(1.0),N_A,M,LI3,2023,2022,0,2022-04-29,INR,16548329500000
RBI:RBI_LIAB_M_RN(1.0),N_A,M,LI2,2023,2022,0,2022-04-29,INR,129409880
RBI:RBI_LIAB_M_RN(1.0),N_A,M,LI35,2023,2022,0,2022-04-29,INR,76503074660
RBI:RBI_LIAB_M_RN(1.0),N_A,M,LI39,2023,2022,0,2022-04-29,INR,598617900000
RBI:RBI_LIAB_M_RN(1.0),N_A,M,LI37,2023,2022,0,2022-04-29,INR,384032316220
RBI:RBI_LIAB_M_RN(1.0),N_A,M,LI31,2023,2022,0,2022-04-29,INR,1004486700
RBI:RBI_LIAB_M_RN(1.0),N_A,M,NT_ISSU_TTL,2023,2022,0,2022-04-29,INR,31823343112890
RBI:RBI_LIAB_M_RN(1.0),N_A,M,LI1,2023,2022,0,2022-04-29,INR,31823213703010
RBI:RBI_LIAB_M_RN(1.0),N_A,M,LI32,2023,2022,0,2022-04-29,INR,0.0
RBI:RBI_LIAB_M_RN(1.0),N_A,M,LI33,2023,2022,0,2022-04-29,INR,424740180
RBI:RBI_LIAB_M_RN(1.0),N_A,M,LI36,2023,2022,0,2022-04-29,INR,41558824130
RBI:RBI_LIAB_M_RN(1.0),N_A,M,LI4,2023,2022,0,2022-04-29,INR,12373550000000
RBI:RBI_LIAB_M_RN(1.0),N_A,M,LI4,2022,2021,0,2022-03-25,INR,13592539900000
RBI:RBI_LIAB_M_RN(1.0),N_A,M,LI31,2022,2021,0,2022-03-25,INR,1006000000
RBI:RBI_LIAB_M_RN(1.0),N_A,M,LI35,2022,2021,0,2022-03-25,INR,71225200000
RBI:RBI_LIAB_M_RN(1.0),N_A,M,LI33,2022,2021,0,2022-03-25,INR,420000000
RBI:RBI_LIAB_M_RN(1.0),N_A,M,LI37,2022,2021,0,2022-03-25,INR,375894000000
RBI:RBI_LIAB_M_RN(1.0),N_A,M,LIA,2022,2021,0,2022-03-25,INR,31538283500000
RBI:RBI_LIAB_M_RN(1.0),N_A,M,LI32,2022,2021,0,2022-03-25,INR,0.0
RBI:RBI_LIAB_M_RN(1.0),N_A,M,NT_ISSU_TTL,2022,2021,0,2022-03-25,INR,31076519000000
RBI:RBI_LIAB_M_RN(1.0),N_A,M,LI36,2022,2021,0,2022-03-25,INR,41208200000
RBI:RBI_LIAB_M_RN(1.0),N_A,M,LI39,2022,2021,0,2022-03-25,INR,733430000000
RBI:RBI_LIAB_M_RN(1.0),N_A,M,LI34,2022,2021,0,2022-03-25,INR,6834370500000
RBI:RBI_LIAB_M_RN(1.0),N_A,M,LI2,2022,2021,0,2022-03-25,INR,153900000
RBI:RBI_LIAB_M_RN(1.0),N_A,M,LI38,2022,2021,0,2022-03-25,INR,9888190000000
RBI:RBI_LIAB_M_RN(1.0),N_A,M,LI1,2022,2021,0,2022-03-25,INR,31076365100000
RBI:RBI_LIAB_M_RN(1.0),N_A,M,LI3,2022,2021,0,2022-03-25,INR,17945743600000
RBI:RBI_LIAB_M_RN(1.0),N_A,M,LI35,2022,2021,0,2022-02-25,INR,69002658850
RBI:RBI_LIAB_M_RN(1.0),N_A,M,LI34,2022,2021,0,2022-02-25,INR,6644730909880
RBI:RBI_LIAB_M_RN(1.0),N_A,M,LI38,2022,2021,0,2022-02-25,INR,11194840000000
RBI:RBI_LIAB_M_RN(1.0),N_A,M,LI2,2022,2021,0,2022-02-25,INR,140308920
RBI:RBI_LIAB_M_RN(1.0),N_A,M,LI36,2022,2021,0,2022-02-25,INR,39163716800
RBI:RBI_LIAB_M_RN(1.0),N_A,M,LIA,2022,2021,0,2022-02-25,INR,32452023712020
RBI:RBI_LIAB_M_RN(1.0),N_A,M,LI33,2022,2021,0,2022-02-25,INR,430000000
RBI:RBI_LIAB_M_RN(1.0),N_A,M,LI4,2022,2021,0,2022-02-25,INR,13334117000000
RBI:RBI_LIAB_M_RN(1.0),N_A,M,NT_ISSU_TTL,2022,2021,0,2022-02-25,INR,30526337787980
RBI:RBI_LIAB_M_RN(1.0),N_A,M,LI39,2022,2021,0,2022-02-25,INR,799280000000
RBI:RBI_LIAB_M_RN(1.0),N_A,M,LI37,2022,2021,0,2022-02-25,INR,369467972190
RBI:RBI_LIAB_M_RN(1.0),N_A,M,LI1,2022,2021,0,2022-02-25,INR,30526197479060
RBI:RBI_LIAB_M_RN(1.0),N_A,M,LI31,2022,2021,0,2022-02-25,INR,1000003370
RBI:RBI_LIAB_M_RN(1.0),N_A,M,LI32,2022,2021,0,2022-02-25,INR,0.0
RBI:RBI_LIAB_M_RN(1.0),N_A,M,LI3,2022,2021,0,2022-02-25,INR,19117906700000
RBI:RBI_LIAB_M_RN(1.0),N_A,M,LI31,2022,2021,0,2022-01-28,INR,1000000000
RBI:RBI_LIAB_M_RN(1.0),N_A,M,LI34,2022,2021,0,2022-01-28,INR,6813364445700
RBI:RBI_LIAB_M_RN(1.0),N_A,M,LI39,2022,2021,0,2022-01-28,INR,603953400000
RBI:RBI_LIAB_M_RN(1.0),N_A,M,LIA,2022,2021,0,2022-01-28,INR,32293648150540
RBI:RBI_LIAB_M_RN(1.0),N_A,M,LI38,2022,2021,0,2022-01-28,INR,11394100000000
RBI:RBI_LIAB_M_RN(1.0),N_A,M,LI4,2022,2021,0,2022-01-28,INR,13000734100000
RBI:RBI_LIAB_M_RN(1.0),N_A,M,LI3,2022,2021,0,2022-01-28,INR,19292914100000
RBI:RBI_LIAB_M_RN(1.0),N_A,M,LI32,2022,2021,0,2022-01-28,INR,0.0
RBI:RBI_LIAB_M_RN(1.0),N_A,M,LI1,2022,2021,0,2022-01-28,INR,30046035778880
RBI:RBI_LIAB_M_RN(1.0),N_A,M,LI33,2022,2021,0,2022-01-28,INR,421000000
RBI:RBI_LIAB_M_RN(1.0),N_A,M,NT_ISSU_TTL,2022,2021,0,2022-01-28,INR,30046192149460
RBI:RBI_LIAB_M_RN(1.0),N_A,M,LI35,2022,2021,0,2022-01-28,INR,75596455130
RBI:RBI_LIAB_M_RN(1.0),N_A,M,LI37,2022,2021,0,2022-01-28,INR,366808951230
RBI:RBI_LIAB_M_RN(1.0),N_A,M,LI2,2022,2021,0,2022-01-28,INR,156370580
RBI:RBI_LIAB_M_RN(1.0),N_A,M,LI36,2022,2021,0,2022-01-28,INR,37657191600
RBI:RBI_LIAB_M_RN(1.0),N_A,M,LI32,2022,2021,0,2021-12-31,INR,0.0
RBI:RBI_LIAB_M_RN(1.0),N_A,M,LI39,2022,2021,0,2021-12-31,INR,462060500000
RBI:RBI_LIAB_M_RN(1.0),N_A,M,LI35,2022,2021,0,2021-12-31,INR,76314611750
RBI:RBI_LIAB_M_RN(1.0),N_A,M,LI33,2022,2021,0,2021-12-31,INR,424567240
RBI:RBI_LIAB_M_RN(1.0),N_A,M,LI3,2022,2021,0,2021-12-31,INR,19914534900000
RBI:RBI_LIAB_M_RN(1.0),N_A,M,LI2,2022,2021,0,2021-12-31,INR,130000000
RBI:RBI_LIAB_M_RN(1.0),N_A,M,NT_ISSU_TTL,2022,2021,0,2021-12-31,INR,29592499755890
RBI:RBI_LIAB_M_RN(1.0),N_A,M,LI34,2022,2021,0,2021-12-31,INR,7164322672220
RBI:RBI_LIAB_M_RN(1.0),N_A,M,LI31,2022,2021,0,2021-12-31,INR,1004555850
RBI:RBI_LIAB_M_RN(1.0),N_A,M,LIA,2022,2021,0,2021-12-31,INR,33049983044110
RBI:RBI_LIAB_M_RN(1.0),N_A,M,LI4,2022,2021,0,2021-12-31,INR,13135448100000
RBI:RBI_LIAB_M_RN(1.0),N_A,M,LI1,2022,2021,0,2021-12-31,INR,29592369981060
RBI:RBI_LIAB_M_RN(1.0),N_A,M,LI38,2022,2021,0,2021-12-31,INR,11802760000000
RBI:RBI_LIAB_M_RN(1.0),N_A,M,LI36,2022,2021,0,2021-12-31,INR,34158616860.000004
RBI:RBI_LIAB_M_RN(1.0),N_A,M,LI37,2022,2021,0,2021-12-31,INR,373488696750
RBI:RBI_LIAB_M_RN(1.0),N_A,M,LI37,2022,2021,0,2021-11-26,INR,372606600000
RBI:RBI_LIAB_M_RN(1.0),N_A,M,LI32,2022,2021,0,2021-11-26,INR,0.0
RBI:RBI_LIAB_M_RN(1.0),N_A,M,LI38,2022,2021,0,2021-11-26,INR,12593690000000
RBI:RBI_LIAB_M_RN(1.0),N_A,M,LI4,2022,2021,0,2021-11-26,INR,13463883500000
RBI:RBI_LIAB_M_RN(1.0),N_A,M,LI31,2022,2021,0,2021-11-26,INR,1010000000
RBI:RBI_LIAB_M_RN(1.0),N_A,M,LI35,2022,2021,0,2021-11-26,INR,68633918040
RBI:RBI_LIAB_M_RN(1.0),N_A,M,LI3,2022,2021,0,2021-11-26,INR,20327134600000
RBI:RBI_LIAB_M_RN(1.0),N_A,M,LI39,2022,2021,0,2021-11-26,INR,688331500000
RBI:RBI_LIAB_M_RN(1.0),N_A,M,LI2,2022,2021,0,2021-11-26,INR,130000000
RBI:RBI_LIAB_M_RN(1.0),N_A,M,LI36,2022,2021,0,2021-11-26,INR,35810400000
RBI:RBI_LIAB_M_RN(1.0),N_A,M,LI34,2022,2021,0,2021-11-26,INR,6566632839690
RBI:RBI_LIAB_M_RN(1.0),N_A,M,LIA,2022,2021,0,2021-11-26,INR,33791018054050
RBI:RBI_LIAB_M_RN(1.0),N_A,M,LI1,2022,2021,0,2021-11-26,INR,29557565977170
RBI:RBI_LIAB_M_RN(1.0),N_A,M,LI33,2022,2021,0,2021-11-26,INR,425000000
RBI:RBI_LIAB_M_RN(1.0),N_A,M,NT_ISSU_TTL,2022,2021,0,2021-11-26,INR,29557700945950
RBI:RBI_LIAB_M_RN(1.0),N_A,M,LI39,2022,2021,0,2021-10-29,INR,936271900000
RBI:RBI_LIAB_M_RN(1.0),N_A,M,LI32,2022,2021,0,2021-10-29,INR,0.0
RBI:RBI_LIAB_M_RN(1.0),N_A,M,LI37,2022,2021,0,2021-10-29,INR,367042098340
RBI:RBI_LIAB_M_RN(1.0),N_A,M,LIA,2022,2021,0,2021-10-29,INR,34836091517390
RBI:RBI_LIAB_M_RN(1.0),N_A,M,LI38,2022,2021,0,2021-10-29,INR,13015530000000
RBI:RBI_LIAB_M_RN(1.0),N_A,M,LI2,2022,2021,0,2021-10-29,INR,176524750
RBI:RBI_LIAB_M_RN(1.0),N_A,M,LI36,2022,2021,0,2021-10-29,INR,34844285580
RBI:RBI_LIAB_M_RN(1.0),N_A,M,LI3,2022,2021,0,2021-10-29,INR,21060976400000
RBI:RBI_LIAB_M_RN(1.0),N_A,M,LI1,2022,2021,0,2021-10-29,INR,29176889357860
RBI:RBI_LIAB_M_RN(1.0),N_A,M,NT_ISSU_TTL,2022,2021,0,2021-10-29,INR,29177065882610
RBI:RBI_LIAB_M_RN(1.0),N_A,M,LI35,2022,2021,0,2021-10-29,INR,72717700000
RBI:RBI_LIAB_M_RN(1.0),N_A,M,LI34,2022,2021,0,2021-10-29,INR,6633141138690
RBI:RBI_LIAB_M_RN(1.0),N_A,M,LI4,2022,2021,0,2021-10-29,INR,13775115100000
RBI:RBI_LIAB_M_RN(1.0),N_A,M,LI33,2022,2021,0,2021-10-29,INR,424799360
RBI:RBI_LIAB_M_RN(1.0),N_A,M,LI31,2022,2021,0,2021-10-29,INR,1000688220
RBI:RBI_LIAB_M_RN(1.0),N_A,M,LI34,2022,2021,0,2021-09-24,INR,6388260219750
RBI:RBI_LIAB_M_RN(1.0),N_A,M,LI3,2022,2021,0,2021-09-24,INR,20970540000000
RBI:RBI_LIAB_M_RN(1.0),N_A,M,LI1,2022,2021,0,2021-09-24,INR,28978147133120
RBI:RBI_LIAB_M_RN(1.0),N_A,M,LI37,2022,2021,0,2021-09-24,INR,381037161370
RBI:RBI_LIAB_M_RN(1.0),N_A,M,LI36,2022,2021,0,2021-09-24,INR,34310689980
RBI:RBI_LIAB_M_RN(1.0),N_A,M,LI38,2022,2021,0,2021-09-24,INR,13612530000000
RBI:RBI_LIAB_M_RN(1.0),N_A,M,LI31,2022,2021,0,2021-09-24,INR,1005900000
RBI:RBI_LIAB_M_RN(1.0),N_A,M,NT_ISSU_TTL,2022,2021,0,2021-09-24,INR,28978294054670
RBI:RBI_LIAB_M_RN(1.0),N_A,M,LI2,2022,2021,0,2021-09-24,INR,150000000
RBI:RBI_LIAB_M_RN(1.0),N_A,M,LI39,2022,2021,0,2021-09-24,INR,482833300000
RBI:RBI_LIAB_M_RN(1.0),N_A,M,LI4,2022,2021,0,2021-09-24,INR,13177145300000
RBI:RBI_LIAB_M_RN(1.0),N_A,M,LI32,2022,2021,0,2021-09-24,INR,0.0
RBI:RBI_LIAB_M_RN(1.0),N_A,M,LIA,2022,2021,0,2021-09-24,INR,34147690000000.004
RBI:RBI_LIAB_M_RN(1.0),N_A,M,LI33,2022,2021,0,2021-09-24,INR,424502020
RBI:RBI_LIAB_M_RN(1.0),N_A,M,LI35,2022,2021,0,2021-09-24,INR,70138495000
RBI:RBI_LIAB_M_RN(1.0),N_A,M,LI39,2022,2021,0,2021-08-27,INR,302594000000
RBI:RBI_LIAB_M_RN(1.0),N_A,M,LI34,2022,2021,0,2021-08-27,INR,6414374866700
RBI:RBI_LIAB_M_RN(1.0),N_A,M,LI1,2022,2021,0,2021-08-27,INR,29167366351390
RBI:RBI_LIAB_M_RN(1.0),N_A,M,LI35,2022,2021,0,2021-08-27,INR,66819522250.00001
RBI:RBI_LIAB_M_RN(1.0),N_A,M,NT_ISSU_TTL,2022,2021,0,2021-08-27,INR,29167517194470
RBI:RBI_LIAB_M_RN(1.0),N_A,M,LI33,2022,2021,0,2021-08-27,INR,424738080
RBI:RBI_LIAB_M_RN(1.0),N_A,M,LI3,2022,2021,0,2021-08-27,INR,20119552000000
RBI:RBI_LIAB_M_RN(1.0),N_A,M,LI4,2022,2021,0,2021-08-27,INR,13180995200000
RBI:RBI_LIAB_M_RN(1.0),N_A,M,LI31,2022,2021,0,2021-08-27,INR,1009457310
RBI:RBI_LIAB_M_RN(1.0),N_A,M,LI37,2022,2021,0,2021-08-27,INR,374243686260
RBI:RBI_LIAB_M_RN(1.0),N_A,M,LI2,2022,2021,0,2021-08-27,INR,150800000
RBI:RBI_LIAB_M_RN(1.0),N_A,M,LIA,2022,2021,0,2021-08-27,INR,33300545000000
RBI:RBI_LIAB_M_RN(1.0),N_A,M,LI36,2022,2021,0,2021-08-27,INR,35461355690
RBI:RBI_LIAB_M_RN(1.0),N_A,M,LI38,2022,2021,0,2021-08-27,INR,12924620000000
RBI:RBI_LIAB_M_RN(1.0),N_A,M,LI32,2022,2021,0,2021-08-27,INR,0.0
RBI:RBI_LIAB_M_RN(1.0),N_A,M,LI37,2022,2021,0,2021-07-30,INR,371770000000
RBI:RBI_LIAB_M_RN(1.0),N_A,M,LI4,2022,2021,0,2021-07-30,INR,13832560000000
RBI:RBI_LIAB_M_RN(1.0),N_A,M,LI34,2022,2021,0,2021-07-30,INR,6749970000000
RBI:RBI_LIAB_M_RN(1.0),N_A,M,LI1,2022,2021,0,2021-07-30,INR,29195250000000
RBI:RBI_LIAB_M_RN(1.0),N_A,M,LI39,2022,2021,0,2021-07-30,INR,265760000000
RBI:RBI_LIAB_M_RN(1.0),N_A,M,LIA,2022,2021,0,2021-07-30,INR,33423250000000
RBI:RBI_LIAB_M_RN(1.0),N_A,M,LI2,2022,2021,0,2021-07-30,INR,150000000
RBI:RBI_LIAB_M_RN(1.0),N_A,M,LI38,2022,2021,0,2021-07-30,INR,12091390000000
RBI:RBI_LIAB_M_RN(1.0),N_A,M,LI32,2022,2021,0,2021-07-30,INR,0.0
RBI:RBI_LIAB_M_RN(1.0),N_A,M,LI36,2022,2021,0,2021-07-30,INR,35820000000
RBI:RBI_LIAB_M_RN(1.0),N_A,M,LI33,2022,2021,0,2021-07-30,INR,420000000
RBI:RBI_LIAB_M_RN(1.0),N_A,M,LI3,2022,2021,0,2021-07-30,INR,19590690000000
RBI:RBI_LIAB_M_RN(1.0),N_A,M,LI35,2022,2021,0,2021-07-30,INR,74550000000
RBI:RBI_LIAB_M_RN(1.0),N_A,M,LI31,2022,2021,0,2021-07-30,INR,1000000000
RBI:RBI_LIAB_M_RN(1.0),N_A,M,NT_ISSU_TTL,2022,2021,0,2021-07-30,INR,29195410000000
RBI:RBI_LIAB_M_RN(1.0),N_A,M,LI2,2022,2021,0,2021-06-25,INR,183500000
RBI:RBI_LIAB_M_RN(1.0),N_A,M,LI35,2022,2021,0,2021-06-25,INR,66710388249.99999
RBI:RBI_LIAB_M_RN(1.0),N_A,M,LI36,2022,2021,0,2021-06-25,INR,35265772190
RBI:RBI_LIAB_M_RN(1.0),N_A,M,LI39,2022,2021,0,2021-06-25,INR,576851900000
RBI:RBI_LIAB_M_RN(1.0),N_A,M,LIA,2022,2021,0,2021-06-25,INR,31635344500000
RBI:RBI_LIAB_M_RN(1.0),N_A,M,LI33,2022,2021,0,2021-06-25,INR,420000000
RBI:RBI_LIAB_M_RN(1.0),N_A,M,LI31,2022,2021,0,2021-06-25,INR,1004097010
RBI:RBI_LIAB_M_RN(1.0),N_A,M,NT_ISSU_TTL,2022,2021,0,2021-06-25,INR,29529945900000
RBI:RBI_LIAB_M_RN(1.0),N_A,M,LI37,2022,2021,0,2021-06-25,INR,362847955760
RBI:RBI_LIAB_M_RN(1.0),N_A,M,LI34,2022,2021,0,2021-06-25,INR,6223559539020
RBI:RBI_LIAB_M_RN(1.0),N_A,M,LI1,2022,2021,0,2021-06-25,INR,29529762930950
RBI:RBI_LIAB_M_RN(1.0),N_A,M,LI32,2022,2021,0,2021-06-25,INR,0.0
RBI:RBI_LIAB_M_RN(1.0),N_A,M,LI38,2022,2021,0,2021-06-25,INR,10711080000000
RBI:RBI_LIAB_M_RN(1.0),N_A,M,LI3,2022,2021,0,2021-06-25,INR,17977745400000
RBI:RBI_LIAB_M_RN(1.0),N_A,M,LI4,2022,2021,0,2021-06-25,INR,13657599100000
RBI:RBI_LIAB_M_RN(1.0),N_A,M,LI1,2022,2021,0,2021-05-28,INR,29360648620150
RBI:RBI_LIAB_M_RN(1.0),N_A,M,NT_ISSU_TTL,2022,2021,0,2021-05-28,INR,29360801402480
RBI:RBI_LIAB_M_RN(1.0),N_A,M,LI31,2022,2021,0,2021-05-28,INR,1005181480.0000001
RBI:RBI_LIAB_M_RN(1.0),N_A,M,LI37,2022,2021,0,2021-05-28,INR,360880443220
RBI:RBI_LIAB_M_RN(1.0),N_A,M,LI38,2022,2021,0,2021-05-28,INR,9240640000000
RBI:RBI_LIAB_M_RN(1.0),N_A,M,LI35,2022,2021,0,2021-05-28,INR,71911809340
RBI:RBI_LIAB_M_RN(1.0),N_A,M,LI33,2022,2021,0,2021-05-28,INR,424570780
RBI:RBI_LIAB_M_RN(1.0),N_A,M,LI32,2022,2021,0,2021-05-28,INR,0.0
RBI:RBI_LIAB_M_RN(1.0),N_A,M,LI3,2022,2021,0,2021-05-28,INR,16181546800000
RBI:RBI_LIAB_M_RN(1.0),N_A,M,LI36,2022,2021,0,2021-05-28,INR,37170484940
RBI:RBI_LIAB_M_RN(1.0),N_A,M,LI2,2022,2021,0,2021-05-28,INR,152782330
RBI:RBI_LIAB_M_RN(1.0),N_A,M,LI34,2022,2021,0,2021-05-28,INR,6457263485260
RBI:RBI_LIAB_M_RN(1.0),N_A,M,LIA,2022,2021,0,2021-05-28,INR,29189705697520
RBI:RBI_LIAB_M_RN(1.0),N_A,M,LI39,2022,2021,0,2021-05-28,INR,12252300000
RBI:RBI_LIAB_M_RN(1.0),N_A,M,LI4,2022,2021,0,2021-05-28,INR,13008158900000
RBI:RBI_LIAB_M_RN(1.0),N_A,M,LI34,2022,2021,0,2021-04-30,INR,5793443136960
RBI:RBI_LIAB_M_RN(1.0),N_A,M,LI37,2022,2021,0,2021-04-30,INR,324817378730
RBI:RBI_LIAB_M_RN(1.0),N_A,M,LI31,2022,2021,0,2021-04-30,INR,1001132560.0000001
RBI:RBI_LIAB_M_RN(1.0),N_A,M,LI3,2022,2021,0,2021-04-30,INR,15075065500000
RBI:RBI_LIAB_M_RN(1.0),N_A,M,LIA,2022,2021,0,2021-04-30,INR,29664821050000
RBI:RBI_LIAB_M_RN(1.0),N_A,M,LI2,2022,2021,0,2021-04-30,INR,142276650
RBI:RBI_LIAB_M_RN(1.0),N_A,M,LI38,2022,2021,0,2021-04-30,INR,8857310000000
RBI:RBI_LIAB_M_RN(1.0),N_A,M,LI32,2022,2021,0,2021-04-30,INR,0.0
RBI:RBI_LIAB_M_RN(1.0),N_A,M,LI36,2022,2021,0,2021-04-30,INR,33109633980
RBI:RBI_LIAB_M_RN(1.0),N_A,M,LI4,2022,2021,0,2021-04-30,INR,14589757600000
RBI:RBI_LIAB_M_RN(1.0),N_A,M,LI35,2022,2021,0,2021-04-30,INR,64874053939.99999
RBI:RBI_LIAB_M_RN(1.0),N_A,M,LI33,2022,2021,0,2021-04-30,INR,424727680
RBI:RBI_LIAB_M_RN(1.0),N_A,M,NT_ISSU_TTL,2022,2021,0,2021-04-30,INR,28878979950000
RBI:RBI_LIAB_M_RN(1.0),N_A,M,LI39,2022,2021,0,2021-04-30,INR,83000000
RBI:RBI_LIAB_M_RN(1.0),N_A,M,LI1,2022,2021,0,2021-04-30,INR,28878835642530
RBI:RBI_LIAB_M_RN(1.0),N_A,M,LI35,2021,2020,0,2021-03-26,INR,65290000000.00001
RBI:RBI_LIAB_M_RN(1.0),N_A,M,LI31,2021,2020,0,2021-03-26,INR,1000000000
RBI:RBI_LIAB_M_RN(1.0),N_A,M,LI39,2021,2020,0,2021-03-26,INR,248683000000
RBI:RBI_LIAB_M_RN(1.0),N_A,M,LI3,2021,2020,0,2021-03-26,INR,15046970000000
RBI:RBI_LIAB_M_RN(1.0),N_A,M,LI38,2021,2020,0,2021-03-26,INR,8954400000000
RBI:RBI_LIAB_M_RN(1.0),N_A,M,LI32,2021,2020,0,2021-03-26,INR,0.0
RBI:RBI_LIAB_M_RN(1.0),N_A,M,LI4,2021,2020,0,2021-03-26,INR,13436700000000
RBI:RBI_LIAB_M_RN(1.0),N_A,M,LIA,2021,2020,0,2021-03-26,INR,28483670000000
RBI:RBI_LIAB_M_RN(1.0),N_A,M,LI37,2021,2020,0,2021-03-26,INR,318200000000
RBI:RBI_LIAB_M_RN(1.0),N_A,M,LI2,2021,2020,0,2021-03-26,INR,110000000
RBI:RBI_LIAB_M_RN(1.0),N_A,M,NT_ISSU_TTL,2021,2020,0,2021-03-26,INR,28317380000000
RBI:RBI_LIAB_M_RN(1.0),N_A,M,LI36,2021,2020,0,2021-03-26,INR,32040000000
RBI:RBI_LIAB_M_RN(1.0),N_A,M,LI1,2021,2020,0,2021-03-26,INR,28317270000000
RBI:RBI_LIAB_M_RN(1.0),N_A,M,LI33,2021,2020,0,2021-03-26,INR,420000000
RBI:RBI_LIAB_M_RN(1.0),N_A,M,LI34,2021,2020,0,2021-03-26,INR,5426930000000
RBI:RBI_LIAB_M_RN(1.0),N_A,M,LI34,2021,2020,0,2021-02-26,INR,4621560814630
RBI:RBI_LIAB_M_RN(1.0),N_A,M,LI39,2021,2020,0,2021-02-26,INR,160499100000
RBI:RBI_LIAB_M_RN(1.0),N_A,M,LIA,2021,2020,0,2021-02-26,INR,29476338620000
RBI:RBI_LIAB_M_RN(1.0),N_A,M,LI31,2021,2020,0,2021-02-26,INR,1006878340.0000001
RBI:RBI_LIAB_M_RN(1.0),N_A,M,LI2,2021,2020,0,2021-02-26,INR,210000000
RBI:RBI_LIAB_M_RN(1.0),N_A,M,LI32,2021,2020,0,2021-02-26,INR,0.0
RBI:RBI_LIAB_M_RN(1.0),N_A,M,LI3,2021,2020,0,2021-02-26,INR,15322070000000
RBI:RBI_LIAB_M_RN(1.0),N_A,M,NT_ISSU_TTL,2021,2020,0,2021-02-26,INR,28098787480000
RBI:RBI_LIAB_M_RN(1.0),N_A,M,LI35,2021,2020,0,2021-02-26,INR,52568102400
RBI:RBI_LIAB_M_RN(1.0),N_A,M,LI38,2021,2020,0,2021-02-26,INR,10187870000000
RBI:RBI_LIAB_M_RN(1.0),N_A,M,LI37,2021,2020,0,2021-02-26,INR,273832905779.99997
RBI:RBI_LIAB_M_RN(1.0),N_A,M,LI33,2021,2020,0,2021-02-26,INR,424839470
RBI:RBI_LIAB_M_RN(1.0),N_A,M,LI1,2021,2020,0,2021-02-26,INR,28098579975390
RBI:RBI_LIAB_M_RN(1.0),N_A,M,LI4,2021,2020,0,2021-02-26,INR,14154275900000
RBI:RBI_LIAB_M_RN(1.0),N_A,M,LI36,2021,2020,0,2021-02-26,INR,24297780850
RBI:RBI_LIAB_M_RN(1.0),N_A,M,NT_ISSU_TTL,2021,2020,0,2021-01-29,INR,27800578639490
RBI:RBI_LIAB_M_RN(1.0),N_A,M,LI34,2021,2020,0,2021-01-29,INR,4763489853450
RBI:RBI_LIAB_M_RN(1.0),N_A,M,LI33,2021,2020,0,2021-01-29,INR,420000000
RBI:RBI_LIAB_M_RN(1.0),N_A,M,LI38,2021,2020,0,2021-01-29,INR,9871120000000
RBI:RBI_LIAB_M_RN(1.0),N_A,M,LI35,2021,2020,0,2021-01-29,INR,65362502359.99999
RBI:RBI_LIAB_M_RN(1.0),N_A,M,LI2,2021,2020,0,2021-01-29,INR,130000000
RBI:RBI_LIAB_M_RN(1.0),N_A,M,LI39,2021,2020,0,2021-01-29,INR,137261400000.00002
RBI:RBI_LIAB_M_RN(1.0),N_A,M,LI3,2021,2020,0,2021-01-29,INR,15128827900000
RBI:RBI_LIAB_M_RN(1.0),N_A,M,LI37,2021,2020,0,2021-01-29,INR,263968700000
RBI:RBI_LIAB_M_RN(1.0),N_A,M,LI31,2021,2020,0,2021-01-29,INR,1009344089.9999999
RBI:RBI_LIAB_M_RN(1.0),N_A,M,LI36,2021,2020,0,2021-01-29,INR,26190282450
RBI:RBI_LIAB_M_RN(1.0),N_A,M,LI32,2021,2020,0,2021-01-29,INR,0.0
RBI:RBI_LIAB_M_RN(1.0),N_A,M,LI4,2021,2020,0,2021-01-29,INR,14402715300000
RBI:RBI_LIAB_M_RN(1.0),N_A,M,LIA,2021,2020,0,2021-01-29,INR,29531543160510
RBI:RBI_LIAB_M_RN(1.0),N_A,M,LI1,2021,2020,0,2021-01-29,INR,27800449076920
RBI:RBI_LIAB_M_RN(1.0),N_A,M,LI32,2021,2020,0,2020-12-25,INR,0.0
RBI:RBI_LIAB_M_RN(1.0),N_A,M,LI4,2021,2020,0,2020-12-25,INR,14760782700000
RBI:RBI_LIAB_M_RN(1.0),N_A,M,LI38,2021,2020,0,2020-12-25,INR,9627530000000
RBI:RBI_LIAB_M_RN(1.0),N_A,M,LI37,2021,2020,0,2020-12-25,INR,274812338010.00003
RBI:RBI_LIAB_M_RN(1.0),N_A,M,LI34,2021,2020,0,2020-12-25,INR,4577185635670
RBI:RBI_LIAB_M_RN(1.0),N_A,M,LI36,2021,2020,0,2020-12-25,INR,25864780970
RBI:RBI_LIAB_M_RN(1.0),N_A,M,NT_ISSU_TTL,2021,2020,0,2020-12-25,INR,27514695258780
RBI:RBI_LIAB_M_RN(1.0),N_A,M,LI35,2021,2020,0,2020-12-25,INR,55066357910
RBI:RBI_LIAB_M_RN(1.0),N_A,M,LIA,2021,2020,0,2020-12-25,INR,29370486441220
RBI:RBI_LIAB_M_RN(1.0),N_A,M,LI1,2021,2020,0,2020-12-25,INR,27514578086990
RBI:RBI_LIAB_M_RN(1.0),N_A,M,LI39,2021,2020,0,2020-12-25,INR,47819700000
RBI:RBI_LIAB_M_RN(1.0),N_A,M,LI33,2021,2020,0,2020-12-25,INR,420000000
RBI:RBI_LIAB_M_RN(1.0),N_A,M,LI31,2021,2020,0,2020-12-25,INR,1001670340
RBI:RBI_LIAB_M_RN(1.0),N_A,M,LI3,2021,2020,0,2020-12-25,INR,14609703700000
RBI:RBI_LIAB_M_RN(1.0),N_A,M,LI2,2021,2020,0,2020-12-25,INR,117200000
RBI:RBI_LIAB_M_RN(1.0),N_A,M,LIA,2021,2020,0,2020-11-27,INR,29085704962050
RBI:RBI_LIAB_M_RN(1.0),N_A,M,LI4,2021,2020,0,2020-11-27,INR,14629540000000
RBI:RBI_LIAB_M_RN(1.0),N_A,M,LI1,2021,2020,0,2020-11-27,INR,27441547519790
RBI:RBI_LIAB_M_RN(1.0),N_A,M,LI34,2021,2020,0,2020-11-27,INR,4619000000000
RBI:RBI_LIAB_M_RN(1.0),N_A,M,LI31,2021,2020,0,2020-11-27,INR,1000000000
RBI:RBI_LIAB_M_RN(1.0),N_A,M,LI2,2021,2020,0,2020-11-27,INR,117500000
RBI:RBI_LIAB_M_RN(1.0),N_A,M,LI39,2021,2020,0,2020-11-27,INR,37780000000
RBI:RBI_LIAB_M_RN(1.0),N_A,M,LI3,2021,2020,0,2020-11-27,INR,14456160000000
RBI:RBI_LIAB_M_RN(1.0),N_A,M,LI37,2021,2020,0,2020-11-27,INR,273332600000
RBI:RBI_LIAB_M_RN(1.0),N_A,M,LI38,2021,2020,0,2020-11-27,INR,9445010000000
RBI:RBI_LIAB_M_RN(1.0),N_A,M,LI36,2021,2020,0,2020-11-27,INR,24140000000
RBI:RBI_LIAB_M_RN(1.0),N_A,M,LI35,2021,2020,0,2020-11-27,INR,55468713010
RBI:RBI_LIAB_M_RN(1.0),N_A,M,NT_ISSU_TTL,2021,2020,0,2020-11-27,INR,27441670000000
RBI:RBI_LIAB_M_RN(1.0),N_A,M,LI33,2021,2020,0,2020-11-27,INR,420000000
RBI:RBI_LIAB_M_RN(1.0),N_A,M,LI32,2021,2020,0,2020-11-27,INR,0.0
RBI:RBI_LIAB_M_RN(1.0),N_A,M,LI4,2021,2020,0,2020-10-30,INR,14246090000000
RBI:RBI_LIAB_M_RN(1.0),N_A,M,LI31,2021,2020,0,2020-10-30,INR,1000000000
RBI:RBI_LIAB_M_RN(1.0),N_A,M,LI33,2021,2020,0,2020-10-30,INR,430000000
RBI:RBI_LIAB_M_RN(1.0),N_A,M,LIA,2021,2020,0,2020-10-30,INR,28636280000000
RBI:RBI_LIAB_M_RN(1.0),N_A,M,LI36,2021,2020,0,2020-10-30,INR,24050000000
RBI:RBI_LIAB_M_RN(1.0),N_A,M,LI39,2021,2020,0,2020-10-30,INR,1200000000
RBI:RBI_LIAB_M_RN(1.0),N_A,M,LI2,2021,2020,0,2020-10-30,INR,120000000
RBI:RBI_LIAB_M_RN(1.0),N_A,M,LI38,2021,2020,0,2020-10-30,INR,9506930000000
RBI:RBI_LIAB_M_RN(1.0),N_A,M,LI1,2021,2020,0,2020-10-30,INR,26887250000000
RBI:RBI_LIAB_M_RN(1.0),N_A,M,LI34,2021,2020,0,2020-10-30,INR,4539990000000
RBI:RBI_LIAB_M_RN(1.0),N_A,M,LI37,2021,2020,0,2020-10-30,INR,260360000000
RBI:RBI_LIAB_M_RN(1.0),N_A,M,NT_ISSU_TTL,2021,2020,0,2020-10-30,INR,26887370000000
RBI:RBI_LIAB_M_RN(1.0),N_A,M,LI3,2021,2020,0,2020-10-30,INR,14390190000000
RBI:RBI_LIAB_M_RN(1.0),N_A,M,LI32,2021,2020,0,2020-10-30,INR,0.0
RBI:RBI_LIAB_M_RN(1.0),N_A,M,LI35,2021,2020,0,2020-10-30,INR,56230000000
RBI:RBI_LIAB_M_RN(1.0),N_A,M,LI34,2021,2020,0,2020-09-25,INR,4299148157240
RBI:RBI_LIAB_M_RN(1.0),N_A,M,LI2,2021,2020,0,2020-09-25,INR,133000000
RBI:RBI_LIAB_M_RN(1.0),N_A,M,LIA,2021,2020,0,2020-09-25,INR,26948130641690
RBI:RBI_LIAB_M_RN(1.0),N_A,M,LI4,2021,2020,0,2020-09-25,INR,13832430000000
RBI:RBI_LIAB_M_RN(1.0),N_A,M,LI31,2021,2020,0,2020-09-25,INR,1000000000
RBI:RBI_LIAB_M_RN(1.0),N_A,M,LI38,2021,2020,0,2020-09-25,INR,8435750000000
RBI:RBI_LIAB_M_RN(1.0),N_A,M,LI1,2021,2020,0,2020-09-25,INR,26564757111320
RBI:RBI_LIAB_M_RN(1.0),N_A,M,LI32,2021,2020,0,2020-09-25,INR,0.0
RBI:RBI_LIAB_M_RN(1.0),N_A,M,NT_ISSU_TTL,2021,2020,0,2020-09-25,INR,26564889358310
RBI:RBI_LIAB_M_RN(1.0),N_A,M,LI35,2021,2020,0,2020-09-25,INR,52126013390
RBI:RBI_LIAB_M_RN(1.0),N_A,M,LI36,2021,2020,0,2020-09-25,INR,24530000000
RBI:RBI_LIAB_M_RN(1.0),N_A,M,LI33,2021,2020,0,2020-09-25,INR,424806800
RBI:RBI_LIAB_M_RN(1.0),N_A,M,LI3,2021,2020,0,2020-09-25,INR,13115700000000
RBI:RBI_LIAB_M_RN(1.0),N_A,M,LI39,2021,2020,0,2020-09-25,INR,42430000000
RBI:RBI_LIAB_M_RN(1.0),N_A,M,LI37,2021,2020,0,2020-09-25,INR,260290000000.00003
RBI:RBI_LIAB_M_RN(1.0),N_A,M,LI3,2021,2020,0,2020-08-28,INR,13739021404340
RBI:RBI_LIAB_M_RN(1.0),N_A,M,LI37,2021,2020,0,2020-08-28,INR,257848654120
RBI:RBI_LIAB_M_RN(1.0),N_A,M,LI2,2021,2020,0,2020-08-28,INR,230429620
RBI:RBI_LIAB_M_RN(1.0),N_A,M,LI35,2021,2020,0,2020-08-28,INR,51830000000
RBI:RBI_LIAB_M_RN(1.0),N_A,M,LI32,2021,2020,0,2020-08-28,INR,0.0
RBI:RBI_LIAB_M_RN(1.0),N_A,M,LI39,2021,2020,0,2020-08-28,INR,33540000000
RBI:RBI_LIAB_M_RN(1.0),N_A,M,LI1,2021,2020,0,2020-08-28,INR,26540958929930
RBI:RBI_LIAB_M_RN(1.0),N_A,M,LI38,2021,2020,0,2020-08-28,INR,8976110000000
RBI:RBI_LIAB_M_RN(1.0),N_A,M,LI31,2021,2020,0,2020-08-28,INR,1000316159.9999999
RBI:RBI_LIAB_M_RN(1.0),N_A,M,LI33,2021,2020,0,2020-08-28,INR,424915060
RBI:RBI_LIAB_M_RN(1.0),N_A,M,LI36,2021,2020,0,2020-08-28,INR,24163750040
RBI:RBI_LIAB_M_RN(1.0),N_A,M,NT_ISSU_TTL,2021,2020,0,2020-08-28,INR,26541190000000
RBI:RBI_LIAB_M_RN(1.0),N_A,M,LI4,2021,2020,0,2020-08-28,INR,14195350000000
RBI:RBI_LIAB_M_RN(1.0),N_A,M,LI34,2021,2020,0,2020-08-28,INR,4394107488939.9995
RBI:RBI_LIAB_M_RN(1.0),N_A,M,LIA,2021,2020,0,2020-08-28,INR,27934370000000
RBI:RBI_LIAB_M_RN(1.0),N_A,M,LI36,2021,2020,0,2020-07-31,INR,25360475060
RBI:RBI_LIAB_M_RN(1.0),N_A,M,LI32,2021,2020,0,2020-07-31,INR,0.0
RBI:RBI_LIAB_M_RN(1.0),N_A,M,LI1,2021,2020,0,2020-07-31,INR,26461311268490
RBI:RBI_LIAB_M_RN(1.0),N_A,M,LI38,2021,2020,0,2020-07-31,INR,8052800000000
RBI:RBI_LIAB_M_RN(1.0),N_A,M,LI33,2021,2020,0,2020-07-31,INR,424920430
RBI:RBI_LIAB_M_RN(1.0),N_A,M,LI35,2021,2020,0,2020-07-31,INR,54430000000
RBI:RBI_LIAB_M_RN(1.0),N_A,M,LI2,2021,2020,0,2020-07-31,INR,132053880.00000001
RBI:RBI_LIAB_M_RN(1.0),N_A,M,LI34,2021,2020,0,2020-07-31,INR,4354141604310
RBI:RBI_LIAB_M_RN(1.0),N_A,M,LI3,2021,2020,0,2020-07-31,INR,12817340000000
RBI:RBI_LIAB_M_RN(1.0),N_A,M,LI31,2021,2020,0,2020-07-31,INR,1000413580
RBI:RBI_LIAB_M_RN(1.0),N_A,M,LI39,2021,2020,0,2020-07-31,INR,72250000000
RBI:RBI_LIAB_M_RN(1.0),N_A,M,LI37,2021,2020,0,2020-07-31,INR,256941036730
RBI:RBI_LIAB_M_RN(1.0),N_A,M,LI4,2021,2020,0,2020-07-31,INR,15441300000000
RBI:RBI_LIAB_M_RN(1.0),N_A,M,NT_ISSU_TTL,2021,2020,0,2020-07-31,INR,26461443322380
RBI:RBI_LIAB_M_RN(1.0),N_A,M,LIA,2021,2020,0,2020-07-31,INR,28258636677620
RBI:RBI_LIAB_M_RN(1.0),N_A,M,LI2,2021,2020,0,2020-06-26,INR,152100000
RBI:RBI_LIAB_M_RN(1.0),N_A,M,LI31,2021,2020,0,2020-06-26,INR,1001700000
RBI:RBI_LIAB_M_RN(1.0),N_A,M,LIA,2021,2020,0,2020-06-26,INR,27026232100000
RBI:RBI_LIAB_M_RN(1.0),N_A,M,NT_ISSU_TTL,2021,2020,0,2020-06-26,INR,26340820000000
RBI:RBI_LIAB_M_RN(1.0),N_A,M,LI4,2021,2020,0,2020-06-26,INR,15066749200000
RBI:RBI_LIAB_M_RN(1.0),N_A,M,LI34,2021,2020,0,2020-06-26,INR,4301944200000
RBI:RBI_LIAB_M_RN(1.0),N_A,M,LI1,2021,2020,0,2020-06-26,INR,26340673800000
RBI:RBI_LIAB_M_RN(1.0),N_A,M,LI32,2021,2020,0,2020-06-26,INR,0.0
RBI:RBI_LIAB_M_RN(1.0),N_A,M,LI35,2021,2020,0,2020-06-26,INR,55966500000
RBI:RBI_LIAB_M_RN(1.0),N_A,M,LI3,2021,2020,0,2020-06-26,INR,11959480000000
RBI:RBI_LIAB_M_RN(1.0),N_A,M,LI33,2021,2020,0,2020-06-26,INR,425000000
RBI:RBI_LIAB_M_RN(1.0),N_A,M,LI37,2021,2020,0,2020-06-26,INR,256098599999.99997
RBI:RBI_LIAB_M_RN(1.0),N_A,M,LI38,2021,2020,0,2020-06-26,INR,7181670000000
RBI:RBI_LIAB_M_RN(1.0),N_A,M,LI36,2021,2020,0,2020-06-26,INR,25000000000
RBI:RBI_LIAB_M_RN(1.0),N_A,M,LI39,2021,2020,0,2020-06-26,INR,137370000000
RBI:RBI_LIAB_M_RN(1.0),N_A,M,LI34,2021,2020,0,2020-05-29,INR,4352218586160
RBI:RBI_LIAB_M_RN(1.0),N_A,M,LI31,2021,2020,0,2020-05-29,INR,1005312720
RBI:RBI_LIAB_M_RN(1.0),N_A,M,LIA,2021,2020,0,2020-05-29,INR,26395261671130
RBI:RBI_LIAB_M_RN(1.0),N_A,M,LI37,2021,2020,0,2020-05-29,INR,255566609790
RBI:RBI_LIAB_M_RN(1.0),N_A,M,LI35,2021,2020,0,2020-05-29,INR,56193609680
RBI:RBI_LIAB_M_RN(1.0),N_A,M,LI4,2021,2020,0,2020-05-29,INR,14686590000000
RBI:RBI_LIAB_M_RN(1.0),N_A,M,LI32,2021,2020,0,2020-05-29,INR,0.0
RBI:RBI_LIAB_M_RN(1.0),N_A,M,LI3,2021,2020,0,2020-05-29,INR,11708670000000
RBI:RBI_LIAB_M_RN(1.0),N_A,M,LI38,2021,2020,0,2020-05-29,INR,6941920000000
RBI:RBI_LIAB_M_RN(1.0),N_A,M,LI36,2021,2020,0,2020-05-29,INR,25750813290
RBI:RBI_LIAB_M_RN(1.0),N_A,M,LI39,2021,2020,0,2020-05-29,INR,75590000000
RBI:RBI_LIAB_M_RN(1.0),N_A,M,NT_ISSU_TTL,2021,2020,0,2020-05-29,INR,25901687883290
RBI:RBI_LIAB_M_RN(1.0),N_A,M,LI1,2021,2020,0,2020-05-29,INR,25901527955800
RBI:RBI_LIAB_M_RN(1.0),N_A,M,LI2,2021,2020,0,2020-05-29,INR,160373070
RBI:RBI_LIAB_M_RN(1.0),N_A,M,LI33,2021,2020,0,2020-05-29,INR,424751460
RBI:RBI_LIAB_M_RN(1.0),N_A,M,LI1,2021,2020,0,2020-04-24,INR,24966110000000
RBI:RBI_LIAB_M_RN(1.0),N_A,M,LI38,2021,2020,0,2020-04-24,INR,7651910000000
RBI:RBI_LIAB_M_RN(1.0),N_A,M,LI39,2021,2020,0,2020-04-24,INR,770000000
RBI:RBI_LIAB_M_RN(1.0),N_A,M,LI31,2021,2020,0,2020-04-24,INR,1000960190
RBI:RBI_LIAB_M_RN(1.0),N_A,M,LI37,2021,2020,0,2020-04-24,INR,255188285510
RBI:RBI_LIAB_M_RN(1.0),N_A,M,LI34,2021,2020,0,2020-04-24,INR,4237310000000.0005
RBI:RBI_LIAB_M_RN(1.0),N_A,M,LI32,2021,2020,0,2020-04-24,INR,0.0
RBI:RBI_LIAB_M_RN(1.0),N_A,M,LI3,2021,2020,0,2020-04-24,INR,12225890462920
RBI:RBI_LIAB_M_RN(1.0),N_A,M,LI4,2021,2020,0,2020-04-24,INR,14622160000000
RBI:RBI_LIAB_M_RN(1.0),N_A,M,LI2,2021,2020,0,2020-04-24,INR,120000000
RBI:RBI_LIAB_M_RN(1.0),N_A,M,LI35,2021,2020,0,2020-04-24,INR,52550000000
RBI:RBI_LIAB_M_RN(1.0),N_A,M,LI36,2021,2020,0,2020-04-24,INR,26731723950
RBI:RBI_LIAB_M_RN(1.0),N_A,M,LI33,2021,2020,0,2020-04-24,INR,430000000
RBI:RBI_LIAB_M_RN(1.0),N_A,M,NT_ISSU_TTL,2021,2020,0,2020-04-24,INR,24966226361660
RBI:RBI_LIAB_M_RN(1.0),N_A,M,LIA,2021,2020,0,2020-04-24,INR,26848053638340
RBI:RBI_LIAB_M_RN(1.0),N_A,M,LIA,2020,2019,0,2020-03-27,INR,25377420000000
RBI:RBI_LIAB_M_RN(1.0),N_A,M,LI31,2020,2019,0,2020-03-27,INR,1000198740.0000001
RBI:RBI_LIAB_M_RN(1.0),N_A,M,LI33,2020,2019,0,2020-03-27,INR,425112020
RBI:RBI_LIAB_M_RN(1.0),N_A,M,LI38,2020,2019,0,2020-03-27,INR,6051000000000
RBI:RBI_LIAB_M_RN(1.0),N_A,M,LI39,2020,2019,0,2020-03-27,INR,22910000000
RBI:RBI_LIAB_M_RN(1.0),N_A,M,LI1,2020,2019,0,2020-03-27,INR,24129925474770
RBI:RBI_LIAB_M_RN(1.0),N_A,M,LI34,2020,2019,0,2020-03-27,INR,5361863773950
RBI:RBI_LIAB_M_RN(1.0),N_A,M,LI2,2020,2019,0,2020-03-27,INR,104800000
RBI:RBI_LIAB_M_RN(1.0),N_A,M,LI3,2020,2019,0,2020-03-27,INR,11874090000000
RBI:RBI_LIAB_M_RN(1.0),N_A,M,LI4,2020,2019,0,2020-03-27,INR,13503330000000
RBI:RBI_LIAB_M_RN(1.0),N_A,M,NT_ISSU_TTL,2020,2019,0,2020-03-27,INR,24130030245770
RBI:RBI_LIAB_M_RN(1.0),N_A,M,LI32,2020,2019,0,2020-03-27,INR,0.0
RBI:RBI_LIAB_M_RN(1.0),N_A,M,LI35,2020,2019,0,2020-03-27,INR,76027421820
RBI:RBI_LIAB_M_RN(1.0),N_A,M,LI36,2020,2019,0,2020-03-27,INR,34449292960
RBI:RBI_LIAB_M_RN(1.0),N_A,M,LI37,2020,2019,0,2020-03-27,INR,326414414960
RBI:RBI_LIAB_M_RN(1.0),N_A,M,LI2,2020,2019,0,2020-02-28,INR,130000000
RBI:RBI_LIAB_M_RN(1.0),N_A,M,LI39,2020,2019,0,2020-02-28,INR,8220000000.000001
RBI:RBI_LIAB_M_RN(1.0),N_A,M,LI1,2020,2019,0,2020-02-28,INR,23219240000000
RBI:RBI_LIAB_M_RN(1.0),N_A,M,LI38,2020,2019,0,2020-02-28,INR,3981500000000
RBI:RBI_LIAB_M_RN(1.0),N_A,M,LI35,2020,2019,0,2020-02-28,INR,67391141320
RBI:RBI_LIAB_M_RN(1.0),N_A,M,LIA,2020,2019,0,2020-02-28,INR,22099008675940
RBI:RBI_LIAB_M_RN(1.0),N_A,M,LI36,2020,2019,0,2020-02-28,INR,31315673290
RBI:RBI_LIAB_M_RN(1.0),N_A,M,LI31,2020,2019,0,2020-02-28,INR,1000000000
RBI:RBI_LIAB_M_RN(1.0),N_A,M,LI4,2020,2019,0,2020-02-28,INR,12192830000000
RBI:RBI_LIAB_M_RN(1.0),N_A,M,LI37,2020,2019,0,2020-02-28,INR,316001961060
RBI:RBI_LIAB_M_RN(1.0),N_A,M,NT_ISSU_TTL,2020,2019,0,2020-02-28,INR,23219370000000
RBI:RBI_LIAB_M_RN(1.0),N_A,M,LI34,2020,2019,0,2020-02-28,INR,5500328606430
RBI:RBI_LIAB_M_RN(1.0),N_A,M,LI32,2020,2019,0,2020-02-28,INR,0.0
RBI:RBI_LIAB_M_RN(1.0),N_A,M,LI3,2020,2019,0,2020-02-28,INR,9906178508170
RBI:RBI_LIAB_M_RN(1.0),N_A,M,LI33,2020,2019,0,2020-02-28,INR,424711810
RBI:RBI_LIAB_M_RN(1.0),N_A,M,LI31,2020,2019,0,2020-01-31,INR,1010000000
RBI:RBI_LIAB_M_RN(1.0),N_A,M,LI1,2020,2019,0,2020-01-31,INR,22846950000000
RBI:RBI_LIAB_M_RN(1.0),N_A,M,LI34,2020,2019,0,2020-01-31,INR,5507042019740
RBI:RBI_LIAB_M_RN(1.0),N_A,M,LI36,2020,2019,0,2020-01-31,INR,30020000000
RBI:RBI_LIAB_M_RN(1.0),N_A,M,LI4,2020,2019,0,2020-01-31,INR,11614360000000
RBI:RBI_LIAB_M_RN(1.0),N_A,M,LI32,2020,2019,0,2020-01-31,INR,0.0
RBI:RBI_LIAB_M_RN(1.0),N_A,M,LI2,2020,2019,0,2020-01-31,INR,110000000
RBI:RBI_LIAB_M_RN(1.0),N_A,M,LI37,2020,2019,0,2020-01-31,INR,317070000000
RBI:RBI_LIAB_M_RN(1.0),N_A,M,LIA,2020,2019,0,2020-01-31,INR,21554660000000
RBI:RBI_LIAB_M_RN(1.0),N_A,M,LI39,2020,2019,0,2020-01-31,INR,7240000000
RBI:RBI_LIAB_M_RN(1.0),N_A,M,LI3,2020,2019,0,2020-01-31,INR,9940296786900
RBI:RBI_LIAB_M_RN(1.0),N_A,M,NT_ISSU_TTL,2020,2019,0,2020-01-31,INR,22847062196240
RBI:RBI_LIAB_M_RN(1.0),N_A,M,LI35,2020,2019,0,2020-01-31,INR,68410000000
RBI:RBI_LIAB_M_RN(1.0),N_A,M,LI38,2020,2019,0,2020-01-31,INR,4009090000000
RBI:RBI_LIAB_M_RN(1.0),N_A,M,LI33,2020,2019,0,2020-01-31,INR,424849640
RBI:RBI_LIAB_M_RN(1.0),N_A,M,LI3,2020,2019,0,2019-12-27,INR,9131317852460
RBI:RBI_LIAB_M_RN(1.0),N_A,M,LI2,2020,2019,0,2019-12-27,INR,122853070
RBI:RBI_LIAB_M_RN(1.0),N_A,M,LI38,2020,2019,0,2019-12-27,INR,3310602139910
RBI:RBI_LIAB_M_RN(1.0),N_A,M,LIA,2020,2019,0,2019-12-27,INR,20581385256720
RBI:RBI_LIAB_M_RN(1.0),N_A,M,LI36,2020,2019,0,2019-12-27,INR,26980000000
RBI:RBI_LIAB_M_RN(1.0),N_A,M,LI33,2020,2019,0,2019-12-27,INR,424631000
RBI:RBI_LIAB_M_RN(1.0),N_A,M,LI1,2020,2019,0,2019-12-27,INR,22441061890200
RBI:RBI_LIAB_M_RN(1.0),N_A,M,LI35,2020,2019,0,2019-12-27,INR,65931617500
RBI:RBI_LIAB_M_RN(1.0),N_A,M,LI4,2020,2019,0,2019-12-27,INR,11450070000000
RBI:RBI_LIAB_M_RN(1.0),N_A,M,LI32,2020,2019,0,2019-12-27,INR,0.0
RBI:RBI_LIAB_M_RN(1.0),N_A,M,LI37,2020,2019,0,2019-12-27,INR,312210000000
RBI:RBI_LIAB_M_RN(1.0),N_A,M,LI34,2020,2019,0,2019-12-27,INR,5414174095200
RBI:RBI_LIAB_M_RN(1.0),N_A,M,NT_ISSU_TTL,2020,2019,0,2019-12-27,INR,22441184743280
RBI:RBI_LIAB_M_RN(1.0),N_A,M,LI31,2020,2019,0,2019-12-27,INR,1010000000
RBI:RBI_LIAB_M_RN(1.0),N_A,M,LI1,2020,2019,0,2019-11-29,INR,22306970000000
RBI:RBI_LIAB_M_RN(1.0),N_A,M,LI32,2020,2019,0,2019-11-29,INR,0.0
RBI:RBI_LIAB_M_RN(1.0),N_A,M,LI33,2020,2019,0,2019-11-29,INR,424642400
RBI:RBI_LIAB_M_RN(1.0),N_A,M,LI39,2020,2019,0,2019-11-29,INR,14300000000
RBI:RBI_LIAB_M_RN(1.0),N_A,M,LIA,2020,2019,0,2019-11-29,INR,20321003504720
RBI:RBI_LIAB_M_RN(1.0),N_A,M,LI38,2020,2019,0,2019-11-29,INR,3134830000000
RBI:RBI_LIAB_M_RN(1.0),N_A,M,LI37,2020,2019,0,2019-11-29,INR,314785897210
RBI:RBI_LIAB_M_RN(1.0),N_A,M,NT_ISSU_TTL,2020,2019,0,2019-11-29,INR,22307086495280
RBI:RBI_LIAB_M_RN(1.0),N_A,M,LI35,2020,2019,0,2019-11-29,INR,46572598430
RBI:RBI_LIAB_M_RN(1.0),N_A,M,LI36,2020,2019,0,2019-11-29,INR,27841809220
RBI:RBI_LIAB_M_RN(1.0),N_A,M,LI3,2020,2019,0,2019-11-29,INR,8969500920210
RBI:RBI_LIAB_M_RN(1.0),N_A,M,LI34,2020,2019,0,2019-11-29,INR,5429745254030
RBI:RBI_LIAB_M_RN(1.0),N_A,M,LI31,2020,2019,0,2019-11-29,INR,1000807580
RBI:RBI_LIAB_M_RN(1.0),N_A,M,LI4,2020,2019,0,2019-11-29,INR,11351500000000
RBI:RBI_LIAB_M_RN(1.0),N_A,M,LI2,2020,2019,0,2019-11-29,INR,116966110
RBI:RBI_LIAB_M_RN(1.0),N_A,M,LIA,2020,2019,0,2019-10-25,INR,19241833730980
RBI:RBI_LIAB_M_RN(1.0),N_A,M,LI34,2020,2019,0,2019-10-25,INR,5482404655780
RBI:RBI_LIAB_M_RN(1.0),N_A,M,LI32,2020,2019,0,2019-10-25,INR,0.0
RBI:RBI_LIAB_M_RN(1.0),N_A,M,LI39,2020,2019,0,2019-10-25,INR,7210000000
RBI:RBI_LIAB_M_RN(1.0),N_A,M,NT_ISSU_TTL,2020,2019,0,2019-10-25,INR,22311006269020
RBI:RBI_LIAB_M_RN(1.0),N_A,M,LI4,2020,2019,0,2019-10-25,INR,10937430000000
RBI:RBI_LIAB_M_RN(1.0),N_A,M,LI38,2020,2019,0,2019-10-25,INR,2417230000000
RBI:RBI_LIAB_M_RN(1.0),N_A,M,LI31,2020,2019,0,2019-10-25,INR,1002051100.0000001
RBI:RBI_LIAB_M_RN(1.0),N_A,M,LI3,2020,2019,0,2019-10-25,INR,8304400303570.001
RBI:RBI_LIAB_M_RN(1.0),N_A,M,LI37,2020,2019,0,2019-10-25,INR,322640017830
RBI:RBI_LIAB_M_RN(1.0),N_A,M,LI35,2020,2019,0,2019-10-25,INR,44920000000
RBI:RBI_LIAB_M_RN(1.0),N_A,M,LI2,2020,2019,0,2019-10-25,INR,110738670
RBI:RBI_LIAB_M_RN(1.0),N_A,M,LI36,2020,2019,0,2019-10-25,INR,28565972840
RBI:RBI_LIAB_M_RN(1.0),N_A,M,LI1,2020,2019,0,2019-10-25,INR,22310895530350
RBI:RBI_LIAB_M_RN(1.0),N_A,M,LI33,2020,2019,0,2019-10-25,INR,430000000
RBI:RBI_LIAB_M_RN(1.0),N_A,M,LI2,2020,2019,0,2019-09-27,INR,130000000
RBI:RBI_LIAB_M_RN(1.0),N_A,M,LI4,2020,2019,0,2019-09-27,INR,10648180000000
RBI:RBI_LIAB_M_RN(1.0),N_A,M,LI31,2020,2019,0,2019-09-27,INR,1007459900
RBI:RBI_LIAB_M_RN(1.0),N_A,M,LI1,2020,2019,0,2019-09-27,INR,21601240000000
RBI:RBI_LIAB_M_RN(1.0),N_A,M,LI35,2020,2019,0,2019-09-27,INR,41988982350
RBI:RBI_LIAB_M_RN(1.0),N_A,M,LI36,2020,2019,0,2019-09-27,INR,27431492600
RBI:RBI_LIAB_M_RN(1.0),N_A,M,LI34,2020,2019,0,2019-09-27,INR,5324419652680
RBI:RBI_LIAB_M_RN(1.0),N_A,M,LI37,2020,2019,0,2019-09-27,INR,306804491250
RBI:RBI_LIAB_M_RN(1.0),N_A,M,LI3,2020,2019,0,2019-09-27,INR,8828260000000
RBI:RBI_LIAB_M_RN(1.0),N_A,M,LIA,2020,2019,0,2019-09-27,INR,19476441608840
RBI:RBI_LIAB_M_RN(1.0),N_A,M,LI33,2020,2019,0,2019-09-27,INR,420000000
RBI:RBI_LIAB_M_RN(1.0),N_A,M,LI32,2020,2019,0,2019-09-27,INR,0.0
RBI:RBI_LIAB_M_RN(1.0),N_A,M,NT_ISSU_TTL,2020,2019,0,2019-09-27,INR,21601368391160
RBI:RBI_LIAB_M_RN(1.0),N_A,M,LI39,2020,2019,0,2019-09-27,INR,10610000000
RBI:RBI_LIAB_M_RN(1.0),N_A,M,LI38,2020,2019,0,2019-09-27,INR,3115570000000
RBI:RBI_LIAB_M_RN(1.0),N_A,M,LI31,2020,2019,0,2019-08-30,INR,1006622560
RBI:RBI_LIAB_M_RN(1.0),N_A,M,NT_ISSU_TTL,2020,2019,0,2019-08-30,INR,21503926558490
RBI:RBI_LIAB_M_RN(1.0),N_A,M,LI34,2020,2019,0,2019-08-30,INR,5381430943290
RBI:RBI_LIAB_M_RN(1.0),N_A,M,LI36,2020,2019,0,2019-08-30,INR,26505117670
RBI:RBI_LIAB_M_RN(1.0),N_A,M,LI37,2020,2019,0,2019-08-30,INR,308102829910
RBI:RBI_LIAB_M_RN(1.0),N_A,M,LI32,2020,2019,0,2019-08-30,INR,0.0
RBI:RBI_LIAB_M_RN(1.0),N_A,M,LI33,2020,2019,0,2019-08-30,INR,424876610
RBI:RBI_LIAB_M_RN(1.0),N_A,M,LIA,2020,2019,0,2019-08-30,INR,19425913441510
RBI:RBI_LIAB_M_RN(1.0),N_A,M,LI4,2020,2019,0,2019-08-30,INR,11042410000000
RBI:RBI_LIAB_M_RN(1.0),N_A,M,LI35,2020,2019,0,2019-08-30,INR,41901148030
RBI:RBI_LIAB_M_RN(1.0),N_A,M,LI3,2020,2019,0,2019-08-30,INR,8383502296780
RBI:RBI_LIAB_M_RN(1.0),N_A,M,LI1,2020,2019,0,2019-08-30,INR,21503815792540
RBI:RBI_LIAB_M_RN(1.0),N_A,M,LI38,2020,2019,0,2019-08-30,INR,2624130000000
RBI:RBI_LIAB_M_RN(1.0),N_A,M,LI2,2020,2019,0,2019-08-30,INR,110765950
RBI:RBI_LIAB_M_RN(1.0),N_A,M,LI2,2020,2019,0,2019-07-26,INR,126538130
RBI:RBI_LIAB_M_RN(1.0),N_A,M,LI36,2020,2019,0,2019-07-26,INR,26183571980
RBI:RBI_LIAB_M_RN(1.0),N_A,M,LI35,2020,2019,0,2019-07-26,INR,40829089820
RBI:RBI_LIAB_M_RN(1.0),N_A,M,LI31,2020,2019,0,2019-07-26,INR,1004875310.0000001
RBI:RBI_LIAB_M_RN(1.0),N_A,M,LI34,2020,2019,0,2019-07-26,INR,5259081535060
RBI:RBI_LIAB_M_RN(1.0),N_A,M,LI1,2020,2019,0,2019-07-26,INR,21495530536720
RBI:RBI_LIAB_M_RN(1.0),N_A,M,LIA,2020,2019,0,2019-07-26,INR,18937062925160
RBI:RBI_LIAB_M_RN(1.0),N_A,M,LI33,2020,2019,0,2019-07-26,INR,420000000
RBI:RBI_LIAB_M_RN(1.0),N_A,M,LI37,2020,2019,0,2019-07-26,INR,303266551050
RBI:RBI_LIAB_M_RN(1.0),N_A,M,LI4,2020,2019,0,2019-07-26,INR,11343100000000
RBI:RBI_LIAB_M_RN(1.0),N_A,M,LI32,2020,2019,0,2019-07-26,INR,0.0
RBI:RBI_LIAB_M_RN(1.0),N_A,M,LI38,2020,2019,0,2019-07-26,INR,1963171139810
RBI:RBI_LIAB_M_RN(1.0),N_A,M,LI3,2020,2019,0,2019-07-26,INR,7593961675890
RBI:RBI_LIAB_M_RN(1.0),N_A,M,NT_ISSU_TTL,2020,2019,0,2019-07-26,INR,21495657074840
RBI:RBI_LIAB_M_RN(1.0),N_A,M,LI3,2020,2019,0,2019-06-28,INR,7455150703380
RBI:RBI_LIAB_M_RN(1.0),N_A,M,LI2,2020,2019,0,2019-06-28,INR,93151340
RBI:RBI_LIAB_M_RN(1.0),N_A,M,LI36,2020,2019,0,2019-06-28,INR,26607592920
RBI:RBI_LIAB_M_RN(1.0),N_A,M,LI34,2020,2019,0,2019-06-28,INR,5720127029360
RBI:RBI_LIAB_M_RN(1.0),N_A,M,LI35,2020,2019,0,2019-06-28,INR,39970000000
RBI:RBI_LIAB_M_RN(1.0),N_A,M,LI33,2020,2019,0,2019-06-28,INR,424770230
RBI:RBI_LIAB_M_RN(1.0),N_A,M,LI38,2020,2019,0,2019-06-28,INR,1358363955150
RBI:RBI_LIAB_M_RN(1.0),N_A,M,NT_ISSU_TTL,2020,2019,0,2019-06-28,INR,21635390000000
RBI:RBI_LIAB_M_RN(1.0),N_A,M,LI31,2020,2019,0,2019-06-28,INR,1001117290
RBI:RBI_LIAB_M_RN(1.0),N_A,M,LIA,2020,2019,0,2019-06-28,INR,18764600000000
RBI:RBI_LIAB_M_RN(1.0),N_A,M,LI37,2020,2019,0,2019-06-28,INR,308661816330
RBI:RBI_LIAB_M_RN(1.0),N_A,M,LI32,2020,2019,0,2019-06-28,INR,0.0
RBI:RBI_LIAB_M_RN(1.0),N_A,M,LI4,2020,2019,0,2019-06-28,INR,11309450000000
RBI:RBI_LIAB_M_RN(1.0),N_A,M,LI1,2020,2019,0,2019-06-28,INR,21635302035640
RBI:RBI_LIAB_M_RN(1.0),N_A,M,LI1,2020,2019,0,2019-05-31,INR,21713697606630
RBI:RBI_LIAB_M_RN(1.0),N_A,M,LI31,2020,2019,0,2019-05-31,INR,1005700129.9999999
RBI:RBI_LIAB_M_RN(1.0),N_A,M,LIA,2020,2019,0,2019-05-31,INR,18244982176100
RBI:RBI_LIAB_M_RN(1.0),N_A,M,LI38,2020,2019,0,2019-05-31,INR,1076731346330
RBI:RBI_LIAB_M_RN(1.0),N_A,M,NT_ISSU_TTL,2020,2019,0,2019-05-31,INR,21713807823900
RBI:RBI_LIAB_M_RN(1.0),N_A,M,LI4,2020,2019,0,2019-05-31,INR,11436010000000
RBI:RBI_LIAB_M_RN(1.0),N_A,M,LI32,2020,2019,0,2019-05-31,INR,0.0
RBI:RBI_LIAB_M_RN(1.0),N_A,M,LI2,2020,2019,0,2019-05-31,INR,110217270
RBI:RBI_LIAB_M_RN(1.0),N_A,M,LI34,2020,2019,0,2019-05-31,INR,5364150711130
RBI:RBI_LIAB_M_RN(1.0),N_A,M,LI33,2020,2019,0,2019-05-31,INR,420956080
RBI:RBI_LIAB_M_RN(1.0),N_A,M,LI37,2020,2019,0,2019-05-31,INR,301720660500
RBI:RBI_LIAB_M_RN(1.0),N_A,M,LI35,2020,2019,0,2019-05-31,INR,39101183280
RBI:RBI_LIAB_M_RN(1.0),N_A,M,LI36,2020,2019,0,2019-05-31,INR,25839426020
RBI:RBI_LIAB_M_RN(1.0),N_A,M,LI3,2020,2019,0,2019-05-31,INR,6808969983470
RBI:RBI_LIAB_M_RN(1.0),N_A,M,LI1,2020,2019,0,2019-04-26,INR,21540700000000
RBI:RBI_LIAB_M_RN(1.0),N_A,M,LI39,2020,2019,0,2019-04-26,INR,27790000000
RBI:RBI_LIAB_M_RN(1.0),N_A,M,LI35,2020,2019,0,2019-04-26,INR,41547656370
RBI:RBI_LIAB_M_RN(1.0),N_A,M,LI31,2020,2019,0,2019-04-26,INR,1004324910
RBI:RBI_LIAB_M_RN(1.0),N_A,M,LI2,2020,2019,0,2019-04-26,INR,130000000
RBI:RBI_LIAB_M_RN(1.0),N_A,M,LI3,2020,2019,0,2019-04-26,INR,7241850000000
RBI:RBI_LIAB_M_RN(1.0),N_A,M,LI37,2020,2019,0,2019-04-26,INR,307444925890
RBI:RBI_LIAB_M_RN(1.0),N_A,M,LI36,2020,2019,0,2019-04-26,INR,26187167580
RBI:RBI_LIAB_M_RN(1.0),N_A,M,LI4,2020,2019,0,2019-04-26,INR,11314650000000
RBI:RBI_LIAB_M_RN(1.0),N_A,M,LI33,2020,2019,0,2019-04-26,INR,424797790
RBI:RBI_LIAB_M_RN(1.0),N_A,M,NT_ISSU_TTL,2020,2019,0,2019-04-26,INR,21540827799330
RBI:RBI_LIAB_M_RN(1.0),N_A,M,LI38,2020,2019,0,2019-04-26,INR,1608020000000
RBI:RBI_LIAB_M_RN(1.0),N_A,M,LIA,2020,2019,0,2019-04-26,INR,18556502200670
RBI:RBI_LIAB_M_RN(1.0),N_A,M,LI34,2020,2019,0,2019-04-26,INR,5229436168770
RBI:RBI_LIAB_M_RN(1.0),N_A,M,LI32,2020,2019,0,2019-04-26,INR,0.0
RBI:RBI_LIAB_M_RN(1.0),N_A,M,LI36,2019,2018,0,2019-03-29,INR,34940000000
RBI:RBI_LIAB_M_RN(1.0),N_A,M,LI2,2019,2018,0,2019-03-29,INR,111601640
RBI:RBI_LIAB_M_RN(1.0),N_A,M,LI37,2019,2018,0,2019-03-29,INR,320360000000
RBI:RBI_LIAB_M_RN(1.0),N_A,M,LI4,2019,2018,0,2019-03-29,INR,10876860000000
RBI:RBI_LIAB_M_RN(1.0),N_A,M,LI31,2019,2018,0,2019-03-29,INR,1010000000
RBI:RBI_LIAB_M_RN(1.0),N_A,M,NT_ISSU_TTL,2019,2018,0,2019-03-29,INR,21137750000000
RBI:RBI_LIAB_M_RN(1.0),N_A,M,LI32,2019,2018,0,2019-03-29,INR,0.0
RBI:RBI_LIAB_M_RN(1.0),N_A,M,LI33,2019,2018,0,2019-03-29,INR,430000000
RBI:RBI_LIAB_M_RN(1.0),N_A,M,LI38,2019,2018,0,2019-03-29,INR,1997340000000
RBI:RBI_LIAB_M_RN(1.0),N_A,M,LIA,2019,2018,0,2019-03-29,INR,18936980000000
RBI:RBI_LIAB_M_RN(1.0),N_A,M,LI35,2019,2018,0,2019-03-29,INR,41970000000
RBI:RBI_LIAB_M_RN(1.0),N_A,M,LI34,2019,2018,0,2019-03-29,INR,5657070000000
RBI:RBI_LIAB_M_RN(1.0),N_A,M,LI1,2019,2018,0,2019-03-29,INR,21137640000000
RBI:RBI_LIAB_M_RN(1.0),N_A,M,LI3,2019,2018,0,2019-03-29,INR,8060120000000
RBI:RBI_LIAB_M_RN(1.0),N_A,M,LI39,2019,2018,0,2019-03-29,INR,7000000000
RBI:RBI_LIAB_M_RN(1.0),N_A,M,LI34,2019,2018,0,2019-02-22,INR,5033359964240
RBI:RBI_LIAB_M_RN(1.0),N_A,M,LI1,2019,2018,0,2019-02-22,INR,20815815445430
RBI:RBI_LIAB_M_RN(1.0),N_A,M,LI39,2019,2018,0,2019-02-22,INR,7220000000
RBI:RBI_LIAB_M_RN(1.0),N_A,M,LI32,2019,2018,0,2019-02-22,INR,0.0
RBI:RBI_LIAB_M_RN(1.0),N_A,M,LI36,2019,2018,0,2019-02-22,INR,24200000000
RBI:RBI_LIAB_M_RN(1.0),N_A,M,LI3,2019,2018,0,2019-02-22,INR,6534518664620
RBI:RBI_LIAB_M_RN(1.0),N_A,M,LI37,2019,2018,0,2019-02-22,INR,288010000000
RBI:RBI_LIAB_M_RN(1.0),N_A,M,LI35,2019,2018,0,2019-02-22,INR,35467166410
RBI:RBI_LIAB_M_RN(1.0),N_A,M,NT_ISSU_TTL,2019,2018,0,2019-02-22,INR,20815931142670
RBI:RBI_LIAB_M_RN(1.0),N_A,M,LI2,2019,2018,0,2019-02-22,INR,110000000
RBI:RBI_LIAB_M_RN(1.0),N_A,M,LI31,2019,2018,0,2019-02-22,INR,1008938590.0000001
RBI:RBI_LIAB_M_RN(1.0),N_A,M,LI4,2019,2018,0,2019-02-22,INR,11588970000000
RBI:RBI_LIAB_M_RN(1.0),N_A,M,LIA,2019,2018,0,2019-02-22,INR,18123490000000
RBI:RBI_LIAB_M_RN(1.0),N_A,M,LI38,2019,2018,0,2019-02-22,INR,1144830000000
RBI:RBI_LIAB_M_RN(1.0),N_A,M,LI33,2019,2018,0,2019-02-22,INR,424684530
RBI:RBI_LIAB_M_RN(1.0),N_A,M,LI2,2019,2018,0,2019-01-25,INR,119578350
RBI:RBI_LIAB_M_RN(1.0),N_A,M,LI4,2019,2018,0,2019-01-25,INR,11431070000000
RBI:RBI_LIAB_M_RN(1.0),N_A,M,LI31,2019,2018,0,2019-01-25,INR,1003480619.9999999
RBI:RBI_LIAB_M_RN(1.0),N_A,M,LI35,2019,2018,0,2019-01-25,INR,34446798220
RBI:RBI_LIAB_M_RN(1.0),N_A,M,LI1,2019,2018,0,2019-01-25,INR,20359566814370
RBI:RBI_LIAB_M_RN(1.0),N_A,M,LI3,2019,2018,0,2019-01-25,INR,6185257255760
RBI:RBI_LIAB_M_RN(1.0),N_A,M,LI32,2019,2018,0,2019-01-25,INR,0.0
RBI:RBI_LIAB_M_RN(1.0),N_A,M,LI36,2019,2018,0,2019-01-25,INR,22539772850
RBI:RBI_LIAB_M_RN(1.0),N_A,M,LI34,2019,2018,0,2019-01-25,INR,4931135577690
RBI:RBI_LIAB_M_RN(1.0),N_A,M,LI33,2019,2018,0,2019-01-25,INR,424550680
RBI:RBI_LIAB_M_RN(1.0),N_A,M,NT_ISSU_TTL,2019,2018,0,2019-01-25,INR,20359686392720
RBI:RBI_LIAB_M_RN(1.0),N_A,M,LIA,2019,2018,0,2019-01-25,INR,17616333610000
RBI:RBI_LIAB_M_RN(1.0),N_A,M,LI37,2019,2018,0,2019-01-25,INR,283249102290
RBI:RBI_LIAB_M_RN(1.0),N_A,M,LI38,2019,2018,0,2019-01-25,INR,912457973420
RBI:RBI_LIAB_M_RN(1.0),N_A,M,LI35,2019,2018,0,2018-12-28,INR,34419946900
RBI:RBI_LIAB_M_RN(1.0),N_A,M,LI31,2019,2018,0,2018-12-28,INR,1002706660.0000001
RBI:RBI_LIAB_M_RN(1.0),N_A,M,LIA,2019,2018,0,2018-12-28,INR,17610336618240
RBI:RBI_LIAB_M_RN(1.0),N_A,M,LI38,2019,2018,0,2018-12-28,INR,1375753591060
RBI:RBI_LIAB_M_RN(1.0),N_A,M,NT_ISSU_TTL,2019,2018,0,2018-12-28,INR,19992543381760
RBI:RBI_LIAB_M_RN(1.0),N_A,M,LI1,2019,2018,0,2018-12-28,INR,19992413631540
RBI:RBI_LIAB_M_RN(1.0),N_A,M,LI33,2019,2018,0,2018-12-28,INR,430000000
RBI:RBI_LIAB_M_RN(1.0),N_A,M,LI4,2019,2018,0,2018-12-28,INR,10559470000000
RBI:RBI_LIAB_M_RN(1.0),N_A,M,LI36,2019,2018,0,2018-12-28,INR,21424418540
RBI:RBI_LIAB_M_RN(1.0),N_A,M,LI34,2019,2018,0,2018-12-28,INR,5331731557290
RBI:RBI_LIAB_M_RN(1.0),N_A,M,LI32,2019,2018,0,2018-12-28,INR,0.0
RBI:RBI_LIAB_M_RN(1.0),N_A,M,LI37,2019,2018,0,2018-12-28,INR,286117039070
RBI:RBI_LIAB_M_RN(1.0),N_A,M,LI3,2019,2018,0,2018-12-28,INR,7050873738230
RBI:RBI_LIAB_M_RN(1.0),N_A,M,LI2,2019,2018,0,2018-12-28,INR,129750220
RBI:RBI_LIAB_M_RN(1.0),N_A,M,LI4,2019,2018,0,2018-11-30,INR,10437290000000
RBI:RBI_LIAB_M_RN(1.0),N_A,M,LIA,2019,2018,0,2018-11-30,INR,16855939999999.998
RBI:RBI_LIAB_M_RN(1.0),N_A,M,LI31,2019,2018,0,2018-11-30,INR,1008370220
RBI:RBI_LIAB_M_RN(1.0),N_A,M,LI33,2019,2018,0,2018-11-30,INR,424507160
RBI:RBI_LIAB_M_RN(1.0),N_A,M,LI36,2019,2018,0,2018-11-30,INR,19850165530
RBI:RBI_LIAB_M_RN(1.0),N_A,M,LI34,2019,2018,0,2018-11-30,INR,5017786151630
RBI:RBI_LIAB_M_RN(1.0),N_A,M,LI35,2019,2018,0,2018-11-30,INR,34041110560
RBI:RBI_LIAB_M_RN(1.0),N_A,M,LI3,2019,2018,0,2018-11-30,INR,6418650000000
RBI:RBI_LIAB_M_RN(1.0),N_A,M,LI37,2019,2018,0,2018-11-30,INR,281471738100
RBI:RBI_LIAB_M_RN(1.0),N_A,M,LI38,2019,2018,0,2018-11-30,INR,1049970000000
RBI:RBI_LIAB_M_RN(1.0),N_A,M,LI32,2019,2018,0,2018-11-30,INR,0.0
RBI:RBI_LIAB_M_RN(1.0),N_A,M,LI2,2019,2018,0,2018-11-30,INR,100000000
RBI:RBI_LIAB_M_RN(1.0),N_A,M,NT_ISSU_TTL,2019,2018,0,2018-11-30,INR,19701230000000
RBI:RBI_LIAB_M_RN(1.0),N_A,M,LI1,2019,2018,0,2018-11-30,INR,19701130000000
RBI:RBI_LIAB_M_RN(1.0),N_A,M,LI39,2019,2018,0,2018-11-30,INR,14100000000
RBI:RBI_LIAB_M_RN(1.0),N_A,M,LI36,2019,2018,0,2018-10-26,INR,19890000000
RBI:RBI_LIAB_M_RN(1.0),N_A,M,LI3,2019,2018,0,2018-10-26,INR,6229776567730
RBI:RBI_LIAB_M_RN(1.0),N_A,M,LI35,2019,2018,0,2018-10-26,INR,34593503060
RBI:RBI_LIAB_M_RN(1.0),N_A,M,LI39,2019,2018,0,2018-10-26,INR,7430000000
RBI:RBI_LIAB_M_RN(1.0),N_A,M,LI34,2019,2018,0,2018-10-26,INR,4747605948030
RBI:RBI_LIAB_M_RN(1.0),N_A,M,LI38,2019,2018,0,2018-10-26,INR,1140760000000
RBI:RBI_LIAB_M_RN(1.0),N_A,M,LI32,2019,2018,0,2018-10-26,INR,0.0
RBI:RBI_LIAB_M_RN(1.0),N_A,M,LI37,2019,2018,0,2018-10-26,INR,278070000000
RBI:RBI_LIAB_M_RN(1.0),N_A,M,LI31,2019,2018,0,2018-10-26,INR,1003168490
RBI:RBI_LIAB_M_RN(1.0),N_A,M,LI33,2019,2018,0,2018-10-26,INR,430000000
RBI:RBI_LIAB_M_RN(1.0),N_A,M,LI4,2019,2018,0,2018-10-26,INR,11521380000000
RBI:RBI_LIAB_M_RN(1.0),N_A,M,NT_ISSU_TTL,2019,2018,0,2018-10-26,INR,19355782357180
RBI:RBI_LIAB_M_RN(1.0),N_A,M,LIA,2019,2018,0,2018-10-26,INR,17751160000000
RBI:RBI_LIAB_M_RN(1.0),N_A,M,LI2,2019,2018,0,2018-10-26,INR,115125070
RBI:RBI_LIAB_M_RN(1.0),N_A,M,LI1,2019,2018,0,2018-10-26,INR,19355660000000
RBI:RBI_LIAB_M_RN(1.0),N_A,M,LI36,2019,2018,0,2018-09-28,INR,21357207840
RBI:RBI_LIAB_M_RN(1.0),N_A,M,NT_ISSU_TTL,2019,2018,0,2018-09-28,INR,18995600909680
RBI:RBI_LIAB_M_RN(1.0),N_A,M,LI35,2019,2018,0,2018-09-28,INR,35763280130
RBI:RBI_LIAB_M_RN(1.0),N_A,M,LI2,2019,2018,0,2018-09-28,INR,130000000
RBI:RBI_LIAB_M_RN(1.0),N_A,M,LI39,2019,2018,0,2018-09-28,INR,14490000000
RBI:RBI_LIAB_M_RN(1.0),N_A,M,LIA,2019,2018,0,2018-09-28,INR,18504939090320
RBI:RBI_LIAB_M_RN(1.0),N_A,M,LI31,2019,2018,0,2018-09-28,INR,1001237500
RBI:RBI_LIAB_M_RN(1.0),N_A,M,LI1,2019,2018,0,2018-09-28,INR,18995467533630
RBI:RBI_LIAB_M_RN(1.0),N_A,M,LI3,2019,2018,0,2018-09-28,INR,7210222639930
RBI:RBI_LIAB_M_RN(1.0),N_A,M,LI37,2019,2018,0,2018-09-28,INR,285713230110
RBI:RBI_LIAB_M_RN(1.0),N_A,M,LI4,2019,2018,0,2018-09-28,INR,11294720000000
RBI:RBI_LIAB_M_RN(1.0),N_A,M,LI38,2019,2018,0,2018-09-28,INR,1800200000000
RBI:RBI_LIAB_M_RN(1.0),N_A,M,LI33,2019,2018,0,2018-09-28,INR,430000000
RBI:RBI_LIAB_M_RN(1.0),N_A,M,LI34,2019,2018,0,2018-09-28,INR,5051266741600
RBI:RBI_LIAB_M_RN(1.0),N_A,M,LI32,2019,2018,0,2018-09-28,INR,0.0
RBI:RBI_LIAB_M_RN(1.0),N_A,M,LI38,2019,2018,0,2018-08-31,INR,1220550000000
RBI:RBI_LIAB_M_RN(1.0),N_A,M,LI3,2019,2018,0,2018-08-31,INR,6315620062910
RBI:RBI_LIAB_M_RN(1.0),N_A,M,LI36,2019,2018,0,2018-08-31,INR,19108879640
RBI:RBI_LIAB_M_RN(1.0),N_A,M,LI32,2019,2018,0,2018-08-31,INR,0.0
RBI:RBI_LIAB_M_RN(1.0),N_A,M,LI39,2019,2018,0,2018-08-31,INR,7070000000
RBI:RBI_LIAB_M_RN(1.0),N_A,M,LI37,2019,2018,0,2018-08-31,INR,276490000000
RBI:RBI_LIAB_M_RN(1.0),N_A,M,LI4,2019,2018,0,2018-08-31,INR,10622140000000
RBI:RBI_LIAB_M_RN(1.0),N_A,M,LI35,2019,2018,0,2018-08-31,INR,36372102700
RBI:RBI_LIAB_M_RN(1.0),N_A,M,LI2,2019,2018,0,2018-08-31,INR,129085220
RBI:RBI_LIAB_M_RN(1.0),N_A,M,LI1,2019,2018,0,2018-08-31,INR,19019370541100
RBI:RBI_LIAB_M_RN(1.0),N_A,M,NT_ISSU_TTL,2019,2018,0,2018-08-31,INR,19019499626310
RBI:RBI_LIAB_M_RN(1.0),N_A,M,LI34,2019,2018,0,2018-08-31,INR,4754612022470
RBI:RBI_LIAB_M_RN(1.0),N_A,M,LI31,2019,2018,0,2018-08-31,INR,1002327400
RBI:RBI_LIAB_M_RN(1.0),N_A,M,LI33,2019,2018,0,2018-08-31,INR,424945940
RBI:RBI_LIAB_M_RN(1.0),N_A,M,LIA,2019,2018,0,2018-08-31,INR,16937759999999.998
RBI:RBI_LIAB_M_RN(1.0),N_A,M,LI33,2019,2018,0,2018-07-27,INR,424650390
RBI:RBI_LIAB_M_RN(1.0),N_A,M,LI31,2019,2018,0,2018-07-27,INR,1000285890
RBI:RBI_LIAB_M_RN(1.0),N_A,M,LI36,2019,2018,0,2018-07-27,INR,20124085490
RBI:RBI_LIAB_M_RN(1.0),N_A,M,LI32,2019,2018,0,2018-07-27,INR,0.0
RBI:RBI_LIAB_M_RN(1.0),N_A,M,LI2,2019,2018,0,2018-07-27,INR,105007950
RBI:RBI_LIAB_M_RN(1.0),N_A,M,LI1,2019,2018,0,2018-07-27,INR,18968030740990
RBI:RBI_LIAB_M_RN(1.0),N_A,M,LI34,2019,2018,0,2018-07-27,INR,4738571678760
RBI:RBI_LIAB_M_RN(1.0),N_A,M,LI3,2019,2018,0,2018-07-27,INR,5835358541500
RBI:RBI_LIAB_M_RN(1.0),N_A,M,LI4,2019,2018,0,2018-07-27,INR,10363280000000
RBI:RBI_LIAB_M_RN(1.0),N_A,M,LIA,2019,2018,0,2018-07-27,INR,16198644251060
RBI:RBI_LIAB_M_RN(1.0),N_A,M,LI37,2019,2018,0,2018-07-27,INR,271682714710.00003
RBI:RBI_LIAB_M_RN(1.0),N_A,M,LI38,2019,2018,0,2018-07-27,INR,768390000000
RBI:RBI_LIAB_M_RN(1.0),N_A,M,LI35,2019,2018,0,2018-07-27,INR,35170404880
RBI:RBI_LIAB_M_RN(1.0),N_A,M,NT_ISSU_TTL,2019,2018,0,2018-07-27,INR,18968135748940
RBI:RBI_LIAB_M_RN(1.0),N_A,M,LI36,2019,2018,0,2018-06-29,INR,18815978490
RBI:RBI_LIAB_M_RN(1.0),N_A,M,LI31,2019,2018,0,2018-06-29,INR,1009036760.0000001
RBI:RBI_LIAB_M_RN(1.0),N_A,M,LI2,2019,2018,0,2018-06-29,INR,87580120
RBI:RBI_LIAB_M_RN(1.0),N_A,M,LI4,2019,2018,0,2018-06-29,INR,10307000000000
RBI:RBI_LIAB_M_RN(1.0),N_A,M,LI33,2019,2018,0,2018-06-29,INR,424883750
RBI:RBI_LIAB_M_RN(1.0),N_A,M,LI35,2019,2018,0,2018-06-29,INR,36860798660
RBI:RBI_LIAB_M_RN(1.0),N_A,M,LI38,2019,2018,0,2018-06-29,INR,923804540930
RBI:RBI_LIAB_M_RN(1.0),N_A,M,LI32,2019,2018,0,2018-06-29,INR,0.0
RBI:RBI_LIAB_M_RN(1.0),N_A,M,LI3,2019,2018,0,2018-06-29,INR,6177254372300
RBI:RBI_LIAB_M_RN(1.0),N_A,M,NT_ISSU_TTL,2019,2018,0,2018-06-29,INR,19174360857440
RBI:RBI_LIAB_M_RN(1.0),N_A,M,LI37,2019,2018,0,2018-06-29,INR,274210446100
RBI:RBI_LIAB_M_RN(1.0),N_A,M,LI1,2019,2018,0,2018-06-29,INR,19174273277320
RBI:RBI_LIAB_M_RN(1.0),N_A,M,LIA,2019,2018,0,2018-06-29,INR,16484249142559.998
RBI:RBI_LIAB_M_RN(1.0),N_A,M,LI34,2019,2018,0,2018-06-29,INR,4922128687610
RBI:RBI_LIAB_M_RN(1.0),N_A,M,LI38,2019,2018,0,2018-05-25,INR,1071124712670
RBI:RBI_LIAB_M_RN(1.0),N_A,M,LI4,2019,2018,0,2018-05-25,INR,10170510000000
RBI:RBI_LIAB_M_RN(1.0),N_A,M,LI32,2019,2018,0,2018-05-25,INR,0.0
RBI:RBI_LIAB_M_RN(1.0),N_A,M,NT_ISSU_TTL,2019,2018,0,2018-05-25,INR,19050685623900
RBI:RBI_LIAB_M_RN(1.0),N_A,M,LIA,2019,2018,0,2018-05-25,INR,16276534376100
RBI:RBI_LIAB_M_RN(1.0),N_A,M,LI36,2019,2018,0,2018-05-25,INR,19436134190
RBI:RBI_LIAB_M_RN(1.0),N_A,M,LI33,2019,2018,0,2018-05-25,INR,425004500
RBI:RBI_LIAB_M_RN(1.0),N_A,M,LI37,2019,2018,0,2018-05-25,INR,268192842390
RBI:RBI_LIAB_M_RN(1.0),N_A,M,LI35,2019,2018,0,2018-05-25,INR,37300640760
RBI:RBI_LIAB_M_RN(1.0),N_A,M,LI31,2019,2018,0,2018-05-25,INR,1003753410.0000001
RBI:RBI_LIAB_M_RN(1.0),N_A,M,LI3,2019,2018,0,2018-05-25,INR,6106018557850
RBI:RBI_LIAB_M_RN(1.0),N_A,M,LI34,2019,2018,0,2018-05-25,INR,4708535469930
RBI:RBI_LIAB_M_RN(1.0),N_A,M,LI2,2019,2018,0,2018-05-25,INR,129283800
RBI:RBI_LIAB_M_RN(1.0),N_A,M,LI1,2019,2018,0,2018-05-25,INR,19050556340110
RBI:RBI_LIAB_M_RN(1.0),N_A,M,LI38,2019,2018,0,2018-04-27,INR,6290303299480
RBI:RBI_LIAB_M_RN(1.0),N_A,M,LI36,2019,2018,0,2018-04-27,INR,20629372470
RBI:RBI_LIAB_M_RN(1.0),N_A,M,LI3,2019,2018,0,2018-04-27,INR,6496948544440
RBI:RBI_LIAB_M_RN(1.0),N_A,M,LI2,2019,2018,0,2018-04-27,INR,121274980
RBI:RBI_LIAB_M_RN(1.0),N_A,M,LI35,2019,2018,0,2018-04-27,INR,42504310250
RBI:RBI_LIAB_M_RN(1.0),N_A,M,LI1,2019,2018,0,2018-04-27,INR,18779713813570
RBI:RBI_LIAB_M_RN(1.0),N_A,M,LI32,2019,2018,0,2018-04-27,INR,0.0
RBI:RBI_LIAB_M_RN(1.0),N_A,M,LIA,2019,2018,0,2018-04-27,INR,16298724911450
RBI:RBI_LIAB_M_RN(1.0),N_A,M,LI37,2019,2018,0,2018-04-27,INR,281005472250
RBI:RBI_LIAB_M_RN(1.0),N_A,M,LI33,2019,2018,0,2018-04-27,INR,425127070
RBI:RBI_LIAB_M_RN(1.0),N_A,M,LI34,2019,2018,0,2018-04-27,INR,4900618251770
RBI:RBI_LIAB_M_RN(1.0),N_A,M,LI31,2019,2018,0,2018-04-27,INR,1006746760
RBI:RBI_LIAB_M_RN(1.0),N_A,M,NT_ISSU_TTL,2019,2018,0,2018-04-27,INR,18779835088550
RBI:RBI_LIAB_M_RN(1.0),N_A,M,LI4,2019,2018,0,2018-04-27,INR,9801780000000
RBI:RBI_LIAB_M_RN(1.0),N_A,M,LIA,2018,2017,0,2018-03-30,INR,18996030000000
RBI:RBI_LIAB_M_RN(1.0),N_A,M,LI31,2018,2017,0,2018-03-30,INR,68076388350
RBI:RBI_LIAB_M_RN(1.0),N_A,M,LI33,2018,2017,0,2018-03-30,INR,6505739340
RBI:RBI_LIAB_M_RN(1.0),N_A,M,LI37,2018,2017,0,2018-03-30,INR,305657854170
RBI:RBI_LIAB_M_RN(1.0),N_A,M,LI1,2018,2017,0,2018-03-30,INR,18044200000000
RBI:RBI_LIAB_M_RN(1.0),N_A,M,LI4,2018,2017,0,2018-03-30,INR,9141270000000
RBI:RBI_LIAB_M_RN(1.0),N_A,M,NT_ISSU_TTL,2018,2017,0,2018-03-30,INR,18044351381670
RBI:RBI_LIAB_M_RN(1.0),N_A,M,LI36,2018,2017,0,2018-03-30,INR,25490831450
RBI:RBI_LIAB_M_RN(1.0),N_A,M,LI34,2018,2017,0,2018-03-30,INR,5256855252310
RBI:RBI_LIAB_M_RN(1.0),N_A,M,LI38,2018,2017,0,2018-03-30,INR,4143880000000
RBI:RBI_LIAB_M_RN(1.0),N_A,M,LI3,2018,2017,0,2018-03-30,INR,9854760000000
RBI:RBI_LIAB_M_RN(1.0),N_A,M,LI2,2018,2017,0,2018-03-30,INR,145724790
RBI:RBI_LIAB_M_RN(1.0),N_A,M,LI35,2018,2017,0,2018-03-30,INR,48282340700
RBI:RBI_LIAB_M_RN(1.0),N_A,M,LI32,2018,2017,0,2018-03-30,INR,0.0
RBI:RBI_LIAB_M_RN(1.0),N_A,M,LI2,2018,2017,0,2018-02-23,INR,176302550
RBI:RBI_LIAB_M_RN(1.0),N_A,M,LIA,2018,2017,0,2018-02-23,INR,17014094272160
RBI:RBI_LIAB_M_RN(1.0),N_A,M,LI32,2018,2017,0,2018-02-23,INR,946730000000
RBI:RBI_LIAB_M_RN(1.0),N_A,M,LI36,2018,2017,0,2018-02-23,INR,20028970300
RBI:RBI_LIAB_M_RN(1.0),N_A,M,LI38,2018,2017,0,2018-02-23,INR,2103665255000
RBI:RBI_LIAB_M_RN(1.0),N_A,M,NT_ISSU_TTL,2018,2017,0,2018-02-23,INR,17566785727840
RBI:RBI_LIAB_M_RN(1.0),N_A,M,LI1,2018,2017,0,2018-02-23,INR,17566609425290
RBI:RBI_LIAB_M_RN(1.0),N_A,M,LI34,2018,2017,0,2018-02-23,INR,4589796782140
RBI:RBI_LIAB_M_RN(1.0),N_A,M,LI31,2018,2017,0,2018-02-23,INR,1010000000
RBI:RBI_LIAB_M_RN(1.0),N_A,M,LI3,2018,2017,0,2018-02-23,INR,7957107019330
RBI:RBI_LIAB_M_RN(1.0),N_A,M,LI33,2018,2017,0,2018-02-23,INR,424532810
RBI:RBI_LIAB_M_RN(1.0),N_A,M,LI37,2018,2017,0,2018-02-23,INR,260969340460
RBI:RBI_LIAB_M_RN(1.0),N_A,M,LI35,2018,2017,0,2018-02-23,INR,34482975560
RBI:RBI_LIAB_M_RN(1.0),N_A,M,LI4,2018,2017,0,2018-02-23,INR,9056980000000
RBI:RBI_LIAB_M_RN(1.0),N_A,M,LI4,2018,2017,0,2018-01-26,INR,8675150000000
RBI:RBI_LIAB_M_RN(1.0),N_A,M,NT_ISSU_TTL,2018,2017,0,2018-01-26,INR,17129785919830
RBI:RBI_LIAB_M_RN(1.0),N_A,M,LIA,2018,2017,0,2018-01-26,INR,16799840000000
RBI:RBI_LIAB_M_RN(1.0),N_A,M,LI33,2018,2017,0,2018-01-26,INR,424694820
RBI:RBI_LIAB_M_RN(1.0),N_A,M,LI38,2018,2017,0,2018-01-26,INR,2288627218590
RBI:RBI_LIAB_M_RN(1.0),N_A,M,LI36,2018,2017,0,2018-01-26,INR,18905553030
RBI:RBI_LIAB_M_RN(1.0),N_A,M,LI32,2018,2017,0,2018-01-26,INR,946730000000
RBI:RBI_LIAB_M_RN(1.0),N_A,M,LI2,2018,2017,0,2018-01-26,INR,168605730
RBI:RBI_LIAB_M_RN(1.0),N_A,M,LI34,2018,2017,0,2018-01-26,INR,4566117611040
RBI:RBI_LIAB_M_RN(1.0),N_A,M,LI37,2018,2017,0,2018-01-26,INR,264031189380
RBI:RBI_LIAB_M_RN(1.0),N_A,M,LI1,2018,2017,0,2018-01-26,INR,17129617314110
RBI:RBI_LIAB_M_RN(1.0),N_A,M,LI31,2018,2017,0,2018-01-26,INR,1010000000
RBI:RBI_LIAB_M_RN(1.0),N_A,M,LI3,2018,2017,0,2018-01-26,INR,8124675908330
RBI:RBI_LIAB_M_RN(1.0),N_A,M,LI35,2018,2017,0,2018-01-26,INR,38830132540
RBI:RBI_LIAB_M_RN(1.0),N_A,M,LI1,2018,2017,0,2017-12-29,INR,16676685208300.002
RBI:RBI_LIAB_M_RN(1.0),N_A,M,LI33,2018,2017,0,2017-12-29,INR,424797260
RBI:RBI_LIAB_M_RN(1.0),N_A,M,LI3,2018,2017,0,2017-12-29,INR,8505628769370
RBI:RBI_LIAB_M_RN(1.0),N_A,M,LI31,2018,2017,0,2017-12-29,INR,1010000000
RBI:RBI_LIAB_M_RN(1.0),N_A,M,LI35,2018,2017,0,2017-12-29,INR,36140927310
RBI:RBI_LIAB_M_RN(1.0),N_A,M,LI32,2018,2017,0,2017-12-29,INR,946730000000
RBI:RBI_LIAB_M_RN(1.0),N_A,M,LI34,2018,2017,0,2017-12-29,INR,4883323507300
RBI:RBI_LIAB_M_RN(1.0),N_A,M,NT_ISSU_TTL,2018,2017,0,2017-12-29,INR,16676849773260
RBI:RBI_LIAB_M_RN(1.0),N_A,M,LIA,2018,2017,0,2017-12-29,INR,17119520226740.002
RBI:RBI_LIAB_M_RN(1.0),N_A,M,LI37,2018,2017,0,2017-12-29,INR,260046930380
RBI:RBI_LIAB_M_RN(1.0),N_A,M,LI4,2018,2017,0,2017-12-29,INR,8613900000000
RBI:RBI_LIAB_M_RN(1.0),N_A,M,LI38,2018,2017,0,2017-12-29,INR,2359472454550
RBI:RBI_LIAB_M_RN(1.0),N_A,M,LI36,2018,2017,0,2017-12-29,INR,18483678940
RBI:RBI_LIAB_M_RN(1.0),N_A,M,LI2,2018,2017,0,2017-12-29,INR,164564960
RBI:RBI_LIAB_M_RN(1.0),N_A,M,LI36,2018,2017,0,2017-11-24,INR,19327617290
RBI:RBI_LIAB_M_RN(1.0),N_A,M,LI35,2018,2017,0,2017-11-24,INR,36546431650
RBI:RBI_LIAB_M_RN(1.0),N_A,M,LI32,2018,2017,0,2017-11-24,INR,946730000000
RBI:RBI_LIAB_M_RN(1.0),N_A,M,LI38,2018,2017,0,2017-11-24,INR,2404445163230
RBI:RBI_LIAB_M_RN(1.0),N_A,M,LIA,2018,2017,0,2017-11-24,INR,16885243417770.002
RBI:RBI_LIAB_M_RN(1.0),N_A,M,LI37,2018,2017,0,2017-11-24,INR,258771501420
RBI:RBI_LIAB_M_RN(1.0),N_A,M,NT_ISSU_TTL,2018,2017,0,2017-11-24,INR,16344676582230
RBI:RBI_LIAB_M_RN(1.0),N_A,M,LI3,2018,2017,0,2017-11-24,INR,8033148685030
RBI:RBI_LIAB_M_RN(1.0),N_A,M,LI34,2018,2017,0,2017-11-24,INR,4365900546369.9995
RBI:RBI_LIAB_M_RN(1.0),N_A,M,LI33,2018,2017,0,2017-11-24,INR,424503830
RBI:RBI_LIAB_M_RN(1.0),N_A,M,LI31,2018,2017,0,2017-11-24,INR,1000000000
RBI:RBI_LIAB_M_RN(1.0),N_A,M,LI4,2018,2017,0,2017-11-24,INR,8852090000000
RBI:RBI_LIAB_M_RN(1.0),N_A,M,LI1,2018,2017,0,2017-11-24,INR,16344503327030
RBI:RBI_LIAB_M_RN(1.0),N_A,M,LI2,2018,2017,0,2017-11-24,INR,173255200
RBI:RBI_LIAB_M_RN(1.0),N_A,M,LI1,2018,2017,0,2017-10-27,INR,16091937075520
RBI:RBI_LIAB_M_RN(1.0),N_A,M,LI4,2018,2017,0,2017-10-27,INR,8876170000000
RBI:RBI_LIAB_M_RN(1.0),N_A,M,LI37,2018,2017,0,2017-10-27,INR,255323578460
RBI:RBI_LIAB_M_RN(1.0),N_A,M,LI32,2018,2017,0,2017-10-27,INR,946730000000
RBI:RBI_LIAB_M_RN(1.0),N_A,M,LIA,2018,2017,0,2017-10-27,INR,17025459432389.998
RBI:RBI_LIAB_M_RN(1.0),N_A,M,LI35,2018,2017,0,2017-10-27,INR,34006971190
RBI:RBI_LIAB_M_RN(1.0),N_A,M,NT_ISSU_TTL,2018,2017,0,2017-10-27,INR,16092100567610
RBI:RBI_LIAB_M_RN(1.0),N_A,M,LI38,2018,2017,0,2017-10-27,INR,2523654299880
RBI:RBI_LIAB_M_RN(1.0),N_A,M,LI36,2018,2017,0,2017-10-27,INR,17544598520
RBI:RBI_LIAB_M_RN(1.0),N_A,M,LI31,2018,2017,0,2017-10-27,INR,1010000000
RBI:RBI_LIAB_M_RN(1.0),N_A,M,LI3,2018,2017,0,2017-10-27,INR,8149287335880
RBI:RBI_LIAB_M_RN(1.0),N_A,M,LI2,2018,2017,0,2017-10-27,INR,163492080
RBI:RBI_LIAB_M_RN(1.0),N_A,M,LI33,2018,2017,0,2017-10-27,INR,424721630
RBI:RBI_LIAB_M_RN(1.0),N_A,M,LI34,2018,2017,0,2017-10-27,INR,4370594558349.9995
RBI:RBI_LIAB_M_RN(1.0),N_A,M,LI1,2018,2017,0,2017-09-29,INR,15632509249490
RBI:RBI_LIAB_M_RN(1.0),N_A,M,LI33,2018,2017,0,2017-09-29,INR,424725510
RBI:RBI_LIAB_M_RN(1.0),N_A,M,LI3,2018,2017,0,2017-09-29,INR,8890258317690
RBI:RBI_LIAB_M_RN(1.0),N_A,M,LI35,2018,2017,0,2017-09-29,INR,35174403850
RBI:RBI_LIAB_M_RN(1.0),N_A,M,LI34,2018,2017,0,2017-09-29,INR,4534055261060
RBI:RBI_LIAB_M_RN(1.0),N_A,M,LI37,2018,2017,0,2017-09-29,INR,258752967230.00003
RBI:RBI_LIAB_M_RN(1.0),N_A,M,LI38,2018,2017,0,2017-09-29,INR,3069433090350
RBI:RBI_LIAB_M_RN(1.0),N_A,M,LI36,2018,2017,0,2017-09-29,INR,16780183359.999998
RBI:RBI_LIAB_M_RN(1.0),N_A,M,LI4,2018,2017,0,2017-09-29,INR,9043040000000
RBI:RBI_LIAB_M_RN(1.0),N_A,M,LI32,2018,2017,0,2017-09-29,INR,946730000000
RBI:RBI_LIAB_M_RN(1.0),N_A,M,NT_ISSU_TTL,2018,2017,0,2017-09-29,INR,15632674457160
RBI:RBI_LIAB_M_RN(1.0),N_A,M,LI2,2018,2017,0,2017-09-29,INR,165207670
RBI:RBI_LIAB_M_RN(1.0),N_A,M,LIA,2018,2017,0,2017-09-29,INR,17933300000000
RBI:RBI_LIAB_M_RN(1.0),N_A,M,LI31,2018,2017,0,2017-09-29,INR,28910000000
RBI:RBI_LIAB_M_RN(1.0),N_A,M,LI36,2018,2017,0,2017-08-25,INR,17541801050
RBI:RBI_LIAB_M_RN(1.0),N_A,M,LI1,2018,2017,0,2017-08-25,INR,15400494589920
RBI:RBI_LIAB_M_RN(1.0),N_A,M,LI31,2018,2017,0,2017-08-25,INR,13930000000
RBI:RBI_LIAB_M_RN(1.0),N_A,M,LI38,2018,2017,0,2017-08-25,INR,3025700713480
RBI:RBI_LIAB_M_RN(1.0),N_A,M,NT_ISSU_TTL,2018,2017,0,2017-08-25,INR,15400647589240
RBI:RBI_LIAB_M_RN(1.0),N_A,M,LI34,2018,2017,0,2017-08-25,INR,4535448288540
RBI:RBI_LIAB_M_RN(1.0),N_A,M,LI35,2018,2017,0,2017-08-25,INR,37763934900
RBI:RBI_LIAB_M_RN(1.0),N_A,M,LI33,2018,2017,0,2017-08-25,INR,8381301900
RBI:RBI_LIAB_M_RN(1.0),N_A,M,LI3,2018,2017,0,2017-08-25,INR,8843456827970
RBI:RBI_LIAB_M_RN(1.0),N_A,M,LI37,2018,2017,0,2017-08-25,INR,257956639800
RBI:RBI_LIAB_M_RN(1.0),N_A,M,LI2,2018,2017,0,2017-08-25,INR,152999320
RBI:RBI_LIAB_M_RN(1.0),N_A,M,LI4,2018,2017,0,2017-08-25,INR,8428049999999.999
RBI:RBI_LIAB_M_RN(1.0),N_A,M,LI32,2018,2017,0,2017-08-25,INR,946730000000
RBI:RBI_LIAB_M_RN(1.0),N_A,M,LIA,2018,2017,0,2017-08-25,INR,17271500000000
RBI:RBI_LIAB_M_RN(1.0),N_A,M,LI1,2018,2017,0,2017-07-28,INR,15157795894610
RBI:RBI_LIAB_M_RN(1.0),N_A,M,LI35,2018,2017,0,2017-07-28,INR,35744362360
RBI:RBI_LIAB_M_RN(1.0),N_A,M,LI4,2018,2017,0,2017-07-28,INR,8785870000000.001
RBI:RBI_LIAB_M_RN(1.0),N_A,M,LI34,2018,2017,0,2017-07-28,INR,4432640000000
RBI:RBI_LIAB_M_RN(1.0),N_A,M,LI38,2018,2017,0,2017-07-28,INR,3046290000000
RBI:RBI_LIAB_M_RN(1.0),N_A,M,LI3,2018,2017,0,2017-07-28,INR,8739646257390.001
RBI:RBI_LIAB_M_RN(1.0),N_A,M,LI39,2018,2017,0,2017-07-28,INR,6440000000
RBI:RBI_LIAB_M_RN(1.0),N_A,M,LI31,2018,2017,0,2017-07-28,INR,1000000000
RBI:RBI_LIAB_M_RN(1.0),N_A,M,LI32,2018,2017,0,2017-07-28,INR,946730000000
RBI:RBI_LIAB_M_RN(1.0),N_A,M,LI2,2018,2017,0,2017-07-28,INR,131426800.00000001
RBI:RBI_LIAB_M_RN(1.0),N_A,M,LI37,2018,2017,0,2017-07-28,INR,251977833900
RBI:RBI_LIAB_M_RN(1.0),N_A,M,LI36,2018,2017,0,2017-07-28,INR,18403754010
RBI:RBI_LIAB_M_RN(1.0),N_A,M,NT_ISSU_TTL,2018,2017,0,2017-07-28,INR,15157927321410
RBI:RBI_LIAB_M_RN(1.0),N_A,M,LI33,2018,2017,0,2017-07-28,INR,424733300
RBI:RBI_LIAB_M_RN(1.0),N_A,M,LIA,2018,2017,0,2017-07-28,INR,17519082678589.998
RBI:RBI_LIAB_M_RN(1.0),N_A,M,LIA,2018,2017,0,2017-06-30,INR,17977630000000
RBI:RBI_LIAB_M_RN(1.0),N_A,M,NT_ISSU_TTL,2018,2017,0,2017-06-30,INR,15063310000000
RBI:RBI_LIAB_M_RN(1.0),N_A,M,LI2,2018,2017,0,2017-06-30,INR,120000000
RBI:RBI_LIAB_M_RN(1.0),N_A,M,LI1,2018,2017,0,2017-06-30,INR,15063190000000
RBI:RBI_LIAB_M_RN(1.0),N_A,M,LI31,2018,2017,0,2017-06-30,INR,1010000000
RBI:RBI_LIAB_M_RN(1.0),N_A,M,LI33,2018,2017,0,2017-06-30,INR,430000000
RBI:RBI_LIAB_M_RN(1.0),N_A,M,LI34,2018,2017,0,2017-06-30,INR,4729900000000
RBI:RBI_LIAB_M_RN(1.0),N_A,M,LI38,2018,2017,0,2017-06-30,INR,2973810000000
RBI:RBI_LIAB_M_RN(1.0),N_A,M,LI37,2018,2017,0,2017-06-30,INR,259940000000
RBI:RBI_LIAB_M_RN(1.0),N_A,M,LI4,2018,2017,0,2017-06-30,INR,9014150000000
RBI:RBI_LIAB_M_RN(1.0),N_A,M,LI35,2018,2017,0,2017-06-30,INR,36360000000
RBI:RBI_LIAB_M_RN(1.0),N_A,M,LI3,2018,2017,0,2017-06-30,INR,8963480000000
RBI:RBI_LIAB_M_RN(1.0),N_A,M,LI36,2018,2017,0,2017-06-30,INR,15300000000
RBI:RBI_LIAB_M_RN(1.0),N_A,M,LI32,2018,2017,0,2017-06-30,INR,946730000000
RBI:RBI_LIAB_M_RN(1.0),N_A,M,LI35,2018,2017,0,2017-05-26,INR,38264784810
RBI:RBI_LIAB_M_RN(1.0),N_A,M,LI34,2018,2017,0,2017-05-26,INR,4329502496469.9995
RBI:RBI_LIAB_M_RN(1.0),N_A,M,LI31,2018,2017,0,2017-05-26,INR,1000000000
RBI:RBI_LIAB_M_RN(1.0),N_A,M,LIA,2018,2017,0,2017-05-26,INR,17878295478970
RBI:RBI_LIAB_M_RN(1.0),N_A,M,LI32,2018,2017,0,2017-05-26,INR,946730000000
RBI:RBI_LIAB_M_RN(1.0),N_A,M,LI4,2018,2017,0,2017-05-26,INR,8565840000000
RBI:RBI_LIAB_M_RN(1.0),N_A,M,LI1,2018,2017,0,2017-05-26,INR,14627571369030
RBI:RBI_LIAB_M_RN(1.0),N_A,M,NT_ISSU_TTL,2018,2017,0,2017-05-26,INR,14627754521030
RBI:RBI_LIAB_M_RN(1.0),N_A,M,LI33,2018,2017,0,2017-05-26,INR,424722550
RBI:RBI_LIAB_M_RN(1.0),N_A,M,LI3,2018,2017,0,2017-05-26,INR,9312463854400
RBI:RBI_LIAB_M_RN(1.0),N_A,M,LI36,2018,2017,0,2017-05-26,INR,16908934389.999998
RBI:RBI_LIAB_M_RN(1.0),N_A,M,LI2,2018,2017,0,2017-05-26,INR,183152000
RBI:RBI_LIAB_M_RN(1.0),N_A,M,LI38,2018,2017,0,2017-05-26,INR,3726095011320
RBI:RBI_LIAB_M_RN(1.0),N_A,M,LI37,2018,2017,0,2017-05-26,INR,253533867170
RBI:RBI_LIAB_M_RN(1.0),N_A,M,LI35,2018,2017,0,2017-04-28,INR,40818920130
RBI:RBI_LIAB_M_RN(1.0),N_A,M,LI4,2018,2017,0,2017-04-28,INR,8326549999999.999
RBI:RBI_LIAB_M_RN(1.0),N_A,M,LI37,2018,2017,0,2017-04-28,INR,253455049380
RBI:RBI_LIAB_M_RN(1.0),N_A,M,LI38,2018,2017,0,2017-04-28,INR,4158196727509.9995
RBI:RBI_LIAB_M_RN(1.0),N_A,M,NT_ISSU_TTL,2018,2017,0,2017-04-28,INR,14069679136220
RBI:RBI_LIAB_M_RN(1.0),N_A,M,LI2,2018,2017,0,2017-04-28,INR,155598190
RBI:RBI_LIAB_M_RN(1.0),N_A,M,LI34,2018,2017,0,2017-04-28,INR,4482131048500
RBI:RBI_LIAB_M_RN(1.0),N_A,M,LIA,2018,2017,0,2017-04-28,INR,17752830863780
RBI:RBI_LIAB_M_RN(1.0),N_A,M,LI33,2018,2017,0,2017-04-28,INR,424619110
RBI:RBI_LIAB_M_RN(1.0),N_A,M,LI31,2018,2017,0,2017-04-28,INR,1000000000
RBI:RBI_LIAB_M_RN(1.0),N_A,M,LI3,2018,2017,0,2017-04-28,INR,9426265342240
RBI:RBI_LIAB_M_RN(1.0),N_A,M,LI1,2018,2017,0,2017-04-28,INR,14069523538030
RBI:RBI_LIAB_M_RN(1.0),N_A,M,LI36,2018,2017,0,2017-04-28,INR,17176765029.999998
RBI:RBI_LIAB_M_RN(1.0),N_A,M,LI32,2018,2017,0,2017-04-28,INR,473060000000
RBI:RBI_LIAB_M_RN(1.0),N_A,M,LI2,2017,2016,0,2017-03-31,INR,121842780
RBI:RBI_LIAB_M_RN(1.0),N_A,M,LI3,2017,2016,0,2017-03-31,INR,10389425205030
RBI:RBI_LIAB_M_RN(1.0),N_A,M,LI36,2017,2016,0,2017-03-31,INR,18918981210
RBI:RBI_LIAB_M_RN(1.0),N_A,M,LI1,2017,2016,0,2017-03-31,INR,13101809734540
RBI:RBI_LIAB_M_RN(1.0),N_A,M,NT_ISSU_TTL,2017,2016,0,2017-03-31,INR,13101931577320
RBI:RBI_LIAB_M_RN(1.0),N_A,M,LI38,2017,2016,0,2017-03-31,INR,4897735698940
RBI:RBI_LIAB_M_RN(1.0),N_A,M,LI4,2017,2016,0,2017-03-31,INR,8411180000000
RBI:RBI_LIAB_M_RN(1.0),N_A,M,LI33,2017,2016,0,2017-03-31,INR,424512200
RBI:RBI_LIAB_M_RN(1.0),N_A,M,LI34,2017,2016,0,2017-03-31,INR,5087728440150
RBI:RBI_LIAB_M_RN(1.0),N_A,M,LI31,2017,2016,0,2017-03-31,INR,50000198020
RBI:RBI_LIAB_M_RN(1.0),N_A,M,LI32,2017,2016,0,2017-03-31,INR,0.0
RBI:RBI_LIAB_M_RN(1.0),N_A,M,LI37,2017,2016,0,2017-03-31,INR,279486677220
RBI:RBI_LIAB_M_RN(1.0),N_A,M,LI35,2017,2016,0,2017-03-31,INR,55130697290
RBI:RBI_LIAB_M_RN(1.0),N_A,M,LIA,2017,2016,0,2017-03-31,INR,18800608422680
RBI:RBI_LIAB_M_RN(1.0),N_A,M,LI32,2017,2016,0,2017-02-24,INR,1485640000000
RBI:RBI_LIAB_M_RN(1.0),N_A,M,LI36,2017,2016,0,2017-02-24,INR,16301074329.999998
RBI:RBI_LIAB_M_RN(1.0),N_A,M,LI2,2017,2016,0,2017-02-24,INR,139849840
RBI:RBI_LIAB_M_RN(1.0),N_A,M,LI33,2017,2016,0,2017-02-24,INR,2707970270
RBI:RBI_LIAB_M_RN(1.0),N_A,M,LI34,2017,2016,0,2017-02-24,INR,4354026548510
RBI:RBI_LIAB_M_RN(1.0),N_A,M,LIA,2017,2016,0,2017-02-24,INR,20766240000000
RBI:RBI_LIAB_M_RN(1.0),N_A,M,LI35,2017,2016,0,2017-02-24,INR,37337929870
RBI:RBI_LIAB_M_RN(1.0),N_A,M,LI4,2017,2016,0,2017-02-24,INR,9162550000000
RBI:RBI_LIAB_M_RN(1.0),N_A,M,LI3,2017,2016,0,2017-02-24,INR,11603684971410
RBI:RBI_LIAB_M_RN(1.0),N_A,M,NT_ISSU_TTL,2017,2016,0,2017-02-24,INR,11395456960840
RBI:RBI_LIAB_M_RN(1.0),N_A,M,LI31,2017,2016,0,2017-02-24,INR,2680000000
RBI:RBI_LIAB_M_RN(1.0),N_A,M,LI1,2017,2016,0,2017-02-24,INR,11395317111010
RBI:RBI_LIAB_M_RN(1.0),N_A,M,LI37,2017,2016,0,2017-02-24,INR,253764037760
RBI:RBI_LIAB_M_RN(1.0),N_A,M,LI38,2017,2016,0,2017-02-24,INR,5451222365510
RBI:RBI_LIAB_M_RN(1.0),N_A,M,LI2,2017,2016,0,2017-01-27,INR,160200530
RBI:RBI_LIAB_M_RN(1.0),N_A,M,LI34,2017,2016,0,2017-01-27,INR,4341854947330
RBI:RBI_LIAB_M_RN(1.0),N_A,M,LI3,2017,2016,0,2017-01-27,INR,13044621164050
RBI:RBI_LIAB_M_RN(1.0),N_A,M,LI1,2017,2016,0,2017-01-27,INR,9921048876200
RBI:RBI_LIAB_M_RN(1.0),N_A,M,LI38,2017,2016,0,2017-01-27,INR,4469356438210
RBI:RBI_LIAB_M_RN(1.0),N_A,M,LI32,2017,2016,0,2017-01-27,INR,3922700000000
RBI:RBI_LIAB_M_RN(1.0),N_A,M,LI31,2017,2016,0,2017-01-27,INR,1000000000
RBI:RBI_LIAB_M_RN(1.0),N_A,M,LI37,2017,2016,0,2017-01-27,INR,253545707980
RBI:RBI_LIAB_M_RN(1.0),N_A,M,LI4,2017,2016,0,2017-01-27,INR,9603410000000
RBI:RBI_LIAB_M_RN(1.0),N_A,M,LI33,2017,2016,0,2017-01-27,INR,424799660
RBI:RBI_LIAB_M_RN(1.0),N_A,M,LI36,2017,2016,0,2017-01-27,INR,16661407749.999998
RBI:RBI_LIAB_M_RN(1.0),N_A,M,LI35,2017,2016,0,2017-01-27,INR,39073945430
RBI:RBI_LIAB_M_RN(1.0),N_A,M,NT_ISSU_TTL,2017,2016,0,2017-01-27,INR,9921209076730
RBI:RBI_LIAB_M_RN(1.0),N_A,M,LIA,2017,2016,0,2017-01-27,INR,22648030920000
RBI:RBI_LIAB_M_RN(1.0),N_A,M,LI2,2017,2016,0,2016-12-30,INR,174872360
RBI:RBI_LIAB_M_RN(1.0),N_A,M,LI37,2017,2016,0,2016-12-30,INR,257241302480
RBI:RBI_LIAB_M_RN(1.0),N_A,M,LI4,2017,2016,0,2016-12-30,INR,9529950000000
RBI:RBI_LIAB_M_RN(1.0),N_A,M,LIA,2017,2016,0,2016-12-30,INR,23419025050000
RBI:RBI_LIAB_M_RN(1.0),N_A,M,LI1,2017,2016,0,2016-12-30,INR,9137630074840
RBI:RBI_LIAB_M_RN(1.0),N_A,M,LI33,2017,2016,0,2016-12-30,INR,424660600
RBI:RBI_LIAB_M_RN(1.0),N_A,M,NT_ISSU_TTL,2017,2016,0,2016-12-30,INR,9137804947200
RBI:RBI_LIAB_M_RN(1.0),N_A,M,LI32,2017,2016,0,2016-12-30,INR,4989550000000
RBI:RBI_LIAB_M_RN(1.0),N_A,M,LI35,2017,2016,0,2016-12-30,INR,37755022040
RBI:RBI_LIAB_M_RN(1.0),N_A,M,LI36,2017,2016,0,2016-12-30,INR,19007360110
RBI:RBI_LIAB_M_RN(1.0),N_A,M,LI3,2017,2016,0,2016-12-30,INR,13889082705500
RBI:RBI_LIAB_M_RN(1.0),N_A,M,LI31,2017,2016,0,2016-12-30,INR,1010000000
RBI:RBI_LIAB_M_RN(1.0),N_A,M,LI34,2017,2016,0,2016-12-30,INR,4495749486310
RBI:RBI_LIAB_M_RN(1.0),N_A,M,LI38,2017,2016,0,2016-12-30,INR,4088348450500
RBI:RBI_LIAB_M_RN(1.0),N_A,M,LI2,2017,2016,0,2016-11-25,INR,321062710
RBI:RBI_LIAB_M_RN(1.0),N_A,M,LI4,2017,2016,0,2016-11-25,INR,9672210000000
RBI:RBI_LIAB_M_RN(1.0),N_A,M,LI33,2017,2016,0,2016-11-25,INR,424838270
RBI:RBI_LIAB_M_RN(1.0),N_A,M,LI3,2017,2016,0,2016-11-25,INR,11389278037390
RBI:RBI_LIAB_M_RN(1.0),N_A,M,LIA,2017,2016,0,2016-11-25,INR,21061487987960
RBI:RBI_LIAB_M_RN(1.0),N_A,M,LI35,2017,2016,0,2016-11-25,INR,35792176530
RBI:RBI_LIAB_M_RN(1.0),N_A,M,LI36,2017,2016,0,2016-11-25,INR,14230193340
RBI:RBI_LIAB_M_RN(1.0),N_A,M,LI1,2017,2016,0,2016-11-25,INR,11642370949330
RBI:RBI_LIAB_M_RN(1.0),N_A,M,NT_ISSU_TTL,2017,2016,0,2016-11-25,INR,11642692012040
RBI:RBI_LIAB_M_RN(1.0),N_A,M,LI31,2017,2016,0,2016-11-25,INR,153887139880
RBI:RBI_LIAB_M_RN(1.0),N_A,M,LI34,2017,2016,0,2016-11-25,INR,4172885406940.0005
RBI:RBI_LIAB_M_RN(1.0),N_A,M,LI38,2017,2016,0,2016-11-25,INR,6779536070620
RBI:RBI_LIAB_M_RN(1.0),N_A,M,LI37,2017,2016,0,2016-11-25,INR,232522211810
RBI:RBI_LIAB_M_RN(1.0),N_A,M,LI32,2017,2016,0,2016-11-25,INR,0.0
RBI:RBI_LIAB_M_RN(1.0),N_A,M,LI34,2017,2016,0,2016-10-28,INR,4184130000000
RBI:RBI_LIAB_M_RN(1.0),N_A,M,LI36,2017,2016,0,2016-10-28,INR,15310000000
RBI:RBI_LIAB_M_RN(1.0),N_A,M,LI38,2017,2016,0,2016-10-28,INR,1606920000000
RBI:RBI_LIAB_M_RN(1.0),N_A,M,LI31,2017,2016,0,2016-10-28,INR,1000000000
RBI:RBI_LIAB_M_RN(1.0),N_A,M,LI3,2017,2016,0,2016-10-28,INR,6071570000000
RBI:RBI_LIAB_M_RN(1.0),N_A,M,LI37,2017,2016,0,2016-10-28,INR,227350000000
RBI:RBI_LIAB_M_RN(1.0),N_A,M,LI32,2017,2016,0,2016-10-28,INR,0.0
RBI:RBI_LIAB_M_RN(1.0),N_A,M,LI1,2017,2016,0,2016-10-28,INR,17540220000000.002
RBI:RBI_LIAB_M_RN(1.0),N_A,M,LI35,2017,2016,0,2016-10-28,INR,36430000000
RBI:RBI_LIAB_M_RN(1.0),N_A,M,LIA,2017,2016,0,2016-10-28,INR,15238710000000
RBI:RBI_LIAB_M_RN(1.0),N_A,M,LI4,2017,2016,0,2016-10-28,INR,9167140000000
RBI:RBI_LIAB_M_RN(1.0),N_A,M,LI33,2017,2016,0,2016-10-28,INR,430000000
RBI:RBI_LIAB_M_RN(1.0),N_A,M,LI2,2017,2016,0,2016-10-28,INR,130000000
RBI:RBI_LIAB_M_RN(1.0),N_A,M,NT_ISSU_TTL,2017,2016,0,2016-10-28,INR,17540349999999.998
RBI:RBI_LIAB_M_RN(1.0),N_A,M,LI37,2017,2016,0,2016-09-30,INR,225110444690
RBI:RBI_LIAB_M_RN(1.0),N_A,M,LIA,2017,2016,0,2016-09-30,INR,15700750000000
RBI:RBI_LIAB_M_RN(1.0),N_A,M,LI33,2017,2016,0,2016-09-30,INR,424942400
RBI:RBI_LIAB_M_RN(1.0),N_A,M,LI4,2017,2016,0,2016-09-30,INR,9399120000000
RBI:RBI_LIAB_M_RN(1.0),N_A,M,LI3,2017,2016,0,2016-09-30,INR,6301630000000
RBI:RBI_LIAB_M_RN(1.0),N_A,M,NT_ISSU_TTL,2017,2016,0,2016-09-30,INR,17046182500539.998
RBI:RBI_LIAB_M_RN(1.0),N_A,M,LI35,2017,2016,0,2016-09-30,INR,35401296740
RBI:RBI_LIAB_M_RN(1.0),N_A,M,LI2,2017,2016,0,2016-09-30,INR,125875180
RBI:RBI_LIAB_M_RN(1.0),N_A,M,LI31,2017,2016,0,2016-09-30,INR,1001198459.9999999
RBI:RBI_LIAB_M_RN(1.0),N_A,M,LI34,2017,2016,0,2016-09-30,INR,4124059018950
RBI:RBI_LIAB_M_RN(1.0),N_A,M,LI32,2017,2016,0,2016-09-30,INR,0.0
RBI:RBI_LIAB_M_RN(1.0),N_A,M,LI38,2017,2016,0,2016-09-30,INR,1901632397450
RBI:RBI_LIAB_M_RN(1.0),N_A,M,LI1,2017,2016,0,2016-09-30,INR,17046050000000
RBI:RBI_LIAB_M_RN(1.0),N_A,M,LI36,2017,2016,0,2016-09-30,INR,14008803790
RBI:RBI_LIAB_M_RN(1.0),N_A,M,LI2,2017,2016,0,2016-08-26,INR,128165919.99999999
RBI:RBI_LIAB_M_RN(1.0),N_A,M,LI1,2017,2016,0,2016-08-26,INR,17095217820560
RBI:RBI_LIAB_M_RN(1.0),N_A,M,LI38,2017,2016,0,2016-08-26,INR,1262233160110
RBI:RBI_LIAB_M_RN(1.0),N_A,M,LI33,2017,2016,0,2016-08-26,INR,424909210
RBI:RBI_LIAB_M_RN(1.0),N_A,M,NT_ISSU_TTL,2017,2016,0,2016-08-26,INR,17095345986479.998
RBI:RBI_LIAB_M_RN(1.0),N_A,M,LI36,2017,2016,0,2016-08-26,INR,15037869700
RBI:RBI_LIAB_M_RN(1.0),N_A,M,LI35,2017,2016,0,2016-08-26,INR,34495132850
RBI:RBI_LIAB_M_RN(1.0),N_A,M,LI32,2017,2016,0,2016-08-26,INR,0.0
RBI:RBI_LIAB_M_RN(1.0),N_A,M,LI31,2017,2016,0,2016-08-26,INR,1005366999.9999999
RBI:RBI_LIAB_M_RN(1.0),N_A,M,LI34,2017,2016,0,2016-08-26,INR,3968891963120
RBI:RBI_LIAB_M_RN(1.0),N_A,M,LI37,2017,2016,0,2016-08-26,INR,216123406080
RBI:RBI_LIAB_M_RN(1.0),N_A,M,LIA,2017,2016,0,2016-08-26,INR,14925290000000
RBI:RBI_LIAB_M_RN(1.0),N_A,M,LI3,2017,2016,0,2016-08-26,INR,5498211808080
RBI:RBI_LIAB_M_RN(1.0),N_A,M,LI4,2017,2016,0,2016-08-26,INR,9427080000000
RBI:RBI_LIAB_M_RN(1.0),N_A,M,LI2,2017,2016,0,2016-07-29,INR,124215600
RBI:RBI_LIAB_M_RN(1.0),N_A,M,NT_ISSU_TTL,2017,2016,0,2016-07-29,INR,17011286292750
RBI:RBI_LIAB_M_RN(1.0),N_A,M,LI35,2017,2016,0,2016-07-29,INR,35609017730
RBI:RBI_LIAB_M_RN(1.0),N_A,M,LI33,2017,2016,0,2016-07-29,INR,424632260
RBI:RBI_LIAB_M_RN(1.0),N_A,M,LI1,2017,2016,0,2016-07-29,INR,17011110000000
RBI:RBI_LIAB_M_RN(1.0),N_A,M,LI34,2017,2016,0,2016-07-29,INR,4025347988330
RBI:RBI_LIAB_M_RN(1.0),N_A,M,LI37,2017,2016,0,2016-07-29,INR,214757195830
RBI:RBI_LIAB_M_RN(1.0),N_A,M,LI4,2017,2016,0,2016-07-29,INR,9909350000000
RBI:RBI_LIAB_M_RN(1.0),N_A,M,LI3,2017,2016,0,2016-07-29,INR,5017500190490
RBI:RBI_LIAB_M_RN(1.0),N_A,M,LI38,2017,2016,0,2016-07-29,INR,725054597680
RBI:RBI_LIAB_M_RN(1.0),N_A,M,LIA,2017,2016,0,2016-07-29,INR,14926830000000
RBI:RBI_LIAB_M_RN(1.0),N_A,M,LI32,2017,2016,0,2016-07-29,INR,0.0
RBI:RBI_LIAB_M_RN(1.0),N_A,M,LI31,2017,2016,0,2016-07-29,INR,1009538169.9999999
RBI:RBI_LIAB_M_RN(1.0),N_A,M,LI36,2017,2016,0,2016-07-29,INR,15297220470
RBI:RBI_LIAB_M_RN(1.0),N_A,M,LI2,2017,2016,0,2016-06-24,INR,168810500
RBI:RBI_LIAB_M_RN(1.0),N_A,M,LI36,2017,2016,0,2016-06-24,INR,13579846900
RBI:RBI_LIAB_M_RN(1.0),N_A,M,LI38,2017,2016,0,2016-06-24,INR,1044621627430
RBI:RBI_LIAB_M_RN(1.0),N_A,M,LI34,2017,2016,0,2016-06-24,INR,3940211298820
RBI:RBI_LIAB_M_RN(1.0),N_A,M,LIA,2017,2016,0,2016-06-24,INR,15424877331530
RBI:RBI_LIAB_M_RN(1.0),N_A,M,LI4,2017,2016,0,2016-06-24,INR,10178538913450
RBI:RBI_LIAB_M_RN(1.0),N_A,M,LI37,2017,2016,0,2016-06-24,INR,212297735890
RBI:RBI_LIAB_M_RN(1.0),N_A,M,LI31,2017,2016,0,2016-06-24,INR,1003712400
RBI:RBI_LIAB_M_RN(1.0),N_A,M,LI1,2017,2016,0,2016-06-24,INR,17105032383390
RBI:RBI_LIAB_M_RN(1.0),N_A,M,NT_ISSU_TTL,2017,2016,0,2016-06-24,INR,17105201193890
RBI:RBI_LIAB_M_RN(1.0),N_A,M,LI3,2017,2016,0,2016-06-24,INR,5246338418080
RBI:RBI_LIAB_M_RN(1.0),N_A,M,LI33,2017,2016,0,2016-06-24,INR,424648540
RBI:RBI_LIAB_M_RN(1.0),N_A,M,LI32,2017,2016,0,2016-06-24,INR,0.0
RBI:RBI_LIAB_M_RN(1.0),N_A,M,LI35,2017,2016,0,2016-06-24,INR,34199548110.000004
RBI:RBI_LIAB_M_RN(1.0),N_A,M,LI1,2017,2016,0,2016-05-27,INR,17110792920200.002
RBI:RBI_LIAB_M_RN(1.0),N_A,M,LI4,2017,2016,0,2016-05-27,INR,9957076139290
RBI:RBI_LIAB_M_RN(1.0),N_A,M,LI33,2017,2016,0,2016-05-27,INR,424684020
RBI:RBI_LIAB_M_RN(1.0),N_A,M,NT_ISSU_TTL,2017,2016,0,2016-05-27,INR,17110936930680
RBI:RBI_LIAB_M_RN(1.0),N_A,M,LI32,2017,2016,0,2016-05-27,INR,0.0
RBI:RBI_LIAB_M_RN(1.0),N_A,M,LI37,2017,2016,0,2016-05-27,INR,209614229030
RBI:RBI_LIAB_M_RN(1.0),N_A,M,LI2,2017,2016,0,2016-05-27,INR,144010480
RBI:RBI_LIAB_M_RN(1.0),N_A,M,LI34,2017,2016,0,2016-05-27,INR,3839478930040
RBI:RBI_LIAB_M_RN(1.0),N_A,M,LIA,2017,2016,0,2016-05-27,INR,14953102602710
RBI:RBI_LIAB_M_RN(1.0),N_A,M,LI31,2017,2016,0,2016-05-27,INR,1003844980
RBI:RBI_LIAB_M_RN(1.0),N_A,M,LI36,2017,2016,0,2016-05-27,INR,14367227660
RBI:RBI_LIAB_M_RN(1.0),N_A,M,LI38,2017,2016,0,2016-05-27,INR,897403143610
RBI:RBI_LIAB_M_RN(1.0),N_A,M,LI35,2017,2016,0,2016-05-27,INR,33734404079.999996
RBI:RBI_LIAB_M_RN(1.0),N_A,M,LI3,2017,2016,0,2016-05-27,INR,4996026463420
RBI:RBI_LIAB_M_RN(1.0),N_A,M,LI1,2017,2016,0,2016-04-29,INR,16979787997410
RBI:RBI_LIAB_M_RN(1.0),N_A,M,LI34,2017,2016,0,2016-04-29,INR,3982717053850
RBI:RBI_LIAB_M_RN(1.0),N_A,M,LI38,2017,2016,0,2016-04-29,INR,650870155400
RBI:RBI_LIAB_M_RN(1.0),N_A,M,LI32,2017,2016,0,2016-04-29,INR,0.0
RBI:RBI_LIAB_M_RN(1.0),N_A,M,LI4,2017,2016,0,2016-04-29,INR,9869161800770
RBI:RBI_LIAB_M_RN(1.0),N_A,M,NT_ISSU_TTL,2017,2016,0,2016-04-29,INR,16979919324629.998
RBI:RBI_LIAB_M_RN(1.0),N_A,M,LI31,2017,2016,0,2016-04-29,INR,1009227570
RBI:RBI_LIAB_M_RN(1.0),N_A,M,LI2,2017,2016,0,2016-04-29,INR,131327229.99999999
RBI:RBI_LIAB_M_RN(1.0),N_A,M,LI36,2017,2016,0,2016-04-29,INR,13370000000
RBI:RBI_LIAB_M_RN(1.0),N_A,M,LI37,2017,2016,0,2016-04-29,INR,212884153250
RBI:RBI_LIAB_M_RN(1.0),N_A,M,LI33,2017,2016,0,2016-04-29,INR,424816720
RBI:RBI_LIAB_M_RN(1.0),N_A,M,LIA,2017,2016,0,2016-04-29,INR,14766315123210
RBI:RBI_LIAB_M_RN(1.0),N_A,M,LI3,2017,2016,0,2016-04-29,INR,4897153322440
RBI:RBI_LIAB_M_RN(1.0),N_A,M,LI35,2017,2016,0,2016-04-29,INR,35874992550
RBI:RBI_LIAB_M_RN(1.0),N_A,M,NT_ISSU_TTL,2016,2015,0,2016-03-25,INR,16512598118909.998
RBI:RBI_LIAB_M_RN(1.0),N_A,M,LI38,2016,2015,0,2016-03-25,INR,2309250000000
RBI:RBI_LIAB_M_RN(1.0),N_A,M,LI31,2016,2015,0,2016-03-25,INR,1006666090
RBI:RBI_LIAB_M_RN(1.0),N_A,M,LI34,2016,2015,0,2016-03-25,INR,3906192074120
RBI:RBI_LIAB_M_RN(1.0),N_A,M,LI35,2016,2015,0,2016-03-25,INR,37970414270
RBI:RBI_LIAB_M_RN(1.0),N_A,M,LI3,2016,2015,0,2016-03-25,INR,6481572416870
RBI:RBI_LIAB_M_RN(1.0),N_A,M,LI1,2016,2015,0,2016-03-25,INR,16512442741140
RBI:RBI_LIAB_M_RN(1.0),N_A,M,LI37,2016,2015,0,2016-03-25,INR,211080313530
RBI:RBI_LIAB_M_RN(1.0),N_A,M,LI32,2016,2015,0,2016-03-25,INR,0.0
RBI:RBI_LIAB_M_RN(1.0),N_A,M,LI4,2016,2015,0,2016-03-25,INR,9627821671590
RBI:RBI_LIAB_M_RN(1.0),N_A,M,LI2,2016,2015,0,2016-03-25,INR,155377770
RBI:RBI_LIAB_M_RN(1.0),N_A,M,LIA,2016,2015,0,2016-03-25,INR,16109394088460
RBI:RBI_LIAB_M_RN(1.0),N_A,M,LI33,2016,2015,0,2016-03-25,INR,1987060160
RBI:RBI_LIAB_M_RN(1.0),N_A,M,LI36,2016,2015,0,2016-03-25,INR,14073755660
RBI:RBI_LIAB_M_RN(1.0),N_A,M,LI32,2016,2015,0,2016-02-26,INR,0.0
RBI:RBI_LIAB_M_RN(1.0),N_A,M,LI38,2016,2015,0,2016-02-26,INR,1505182150970
RBI:RBI_LIAB_M_RN(1.0),N_A,M,NT_ISSU_TTL,2016,2015,0,2016-02-26,INR,15992762167990
RBI:RBI_LIAB_M_RN(1.0),N_A,M,LI37,2016,2015,0,2016-02-26,INR,204134989290
RBI:RBI_LIAB_M_RN(1.0),N_A,M,LI3,2016,2015,0,2016-02-26,INR,5619791559960
RBI:RBI_LIAB_M_RN(1.0),N_A,M,LI1,2016,2015,0,2016-02-26,INR,15992615213260
RBI:RBI_LIAB_M_RN(1.0),N_A,M,LI2,2016,2015,0,2016-02-26,INR,146954730
RBI:RBI_LIAB_M_RN(1.0),N_A,M,LI4,2016,2015,0,2016-02-26,INR,9836107939260
RBI:RBI_LIAB_M_RN(1.0),N_A,M,LIA,2016,2015,0,2016-02-26,INR,15455899499220
RBI:RBI_LIAB_M_RN(1.0),N_A,M,LI35,2016,2015,0,2016-02-26,INR,33758434240
RBI:RBI_LIAB_M_RN(1.0),N_A,M,LI36,2016,2015,0,2016-02-26,INR,12788677290
RBI:RBI_LIAB_M_RN(1.0),N_A,M,LI34,2016,2015,0,2016-02-26,INR,3862500798990
RBI:RBI_LIAB_M_RN(1.0),N_A,M,LI33,2016,2015,0,2016-02-26,INR,424835820
RBI:RBI_LIAB_M_RN(1.0),N_A,M,LI31,2016,2015,0,2016-02-26,INR,1001673360.0000001
RBI:RBI_LIAB_M_RN(1.0),N_A,M,LI4,2016,2015,0,2016-01-29,INR,9492262237330
RBI:RBI_LIAB_M_RN(1.0),N_A,M,LI2,2016,2015,0,2016-01-29,INR,145379350
RBI:RBI_LIAB_M_RN(1.0),N_A,M,LI1,2016,2015,0,2016-01-29,INR,15626643330360
RBI:RBI_LIAB_M_RN(1.0),N_A,M,LI37,2016,2015,0,2016-01-29,INR,200381113960
RBI:RBI_LIAB_M_RN(1.0),N_A,M,LI38,2016,2015,0,2016-01-29,INR,1656403774450
RBI:RBI_LIAB_M_RN(1.0),N_A,M,LI35,2016,2015,0,2016-01-29,INR,34681154680
RBI:RBI_LIAB_M_RN(1.0),N_A,M,LI32,2016,2015,0,2016-01-29,INR,0.0
RBI:RBI_LIAB_M_RN(1.0),N_A,M,LIA,2016,2015,0,2016-01-29,INR,15230610114630
RBI:RBI_LIAB_M_RN(1.0),N_A,M,LI34,2016,2015,0,2016-01-29,INR,3831871514510
RBI:RBI_LIAB_M_RN(1.0),N_A,M,LI31,2016,2015,0,2016-01-29,INR,1005314969.9999999
RBI:RBI_LIAB_M_RN(1.0),N_A,M,LI33,2016,2015,0,2016-01-29,INR,424708490
RBI:RBI_LIAB_M_RN(1.0),N_A,M,LI36,2016,2015,0,2016-01-29,INR,13580296230
RBI:RBI_LIAB_M_RN(1.0),N_A,M,LI3,2016,2015,0,2016-01-29,INR,5738347877290
RBI:RBI_LIAB_M_RN(1.0),N_A,M,NT_ISSU_TTL,2016,2015,0,2016-01-29,INR,15626788709710
RBI:RBI_LIAB_M_RN(1.0),N_A,M,LI32,2016,2015,0,2015-12-25,INR,0.0
RBI:RBI_LIAB_M_RN(1.0),N_A,M,LI37,2016,2015,0,2015-12-25,INR,202326364960
RBI:RBI_LIAB_M_RN(1.0),N_A,M,LI34,2016,2015,0,2015-12-25,INR,4090379461710
RBI:RBI_LIAB_M_RN(1.0),N_A,M,LI4,2016,2015,0,2015-12-25,INR,9118130310690
RBI:RBI_LIAB_M_RN(1.0),N_A,M,LI3,2016,2015,0,2015-12-25,INR,6129567852890
RBI:RBI_LIAB_M_RN(1.0),N_A,M,LI31,2016,2015,0,2015-12-25,INR,1866911270
RBI:RBI_LIAB_M_RN(1.0),N_A,M,LI2,2016,2015,0,2015-12-25,INR,157389510
RBI:RBI_LIAB_M_RN(1.0),N_A,M,NT_ISSU_TTL,2016,2015,0,2015-12-25,INR,15486078171850
RBI:RBI_LIAB_M_RN(1.0),N_A,M,LI38,2016,2015,0,2015-12-25,INR,1786408154540
RBI:RBI_LIAB_M_RN(1.0),N_A,M,LI33,2016,2015,0,2015-12-25,INR,1392354400
RBI:RBI_LIAB_M_RN(1.0),N_A,M,LI1,2016,2015,0,2015-12-25,INR,15485920782350
RBI:RBI_LIAB_M_RN(1.0),N_A,M,LI35,2016,2015,0,2015-12-25,INR,34303657809.999996
RBI:RBI_LIAB_M_RN(1.0),N_A,M,LI36,2016,2015,0,2015-12-25,INR,12890948210
RBI:RBI_LIAB_M_RN(1.0),N_A,M,LIA,2016,2015,0,2015-12-25,INR,15247698163580
RBI:RBI_LIAB_M_RN(1.0),N_A,M,LI31,2016,2015,0,2015-11-27,INR,1007072800
RBI:RBI_LIAB_M_RN(1.0),N_A,M,LI34,2016,2015,0,2015-11-27,INR,3870450000000
RBI:RBI_LIAB_M_RN(1.0),N_A,M,LI4,2016,2015,0,2015-11-27,INR,9287514630360
RBI:RBI_LIAB_M_RN(1.0),N_A,M,LI33,2016,2015,0,2015-11-27,INR,424759320
RBI:RBI_LIAB_M_RN(1.0),N_A,M,NT_ISSU_TTL,2016,2015,0,2015-11-27,INR,15335900000000
RBI:RBI_LIAB_M_RN(1.0),N_A,M,LIA,2016,2015,0,2015-11-27,INR,14475900000000
RBI:RBI_LIAB_M_RN(1.0),N_A,M,LI1,2016,2015,0,2015-11-27,INR,15335750000000
RBI:RBI_LIAB_M_RN(1.0),N_A,M,LI38,2016,2015,0,2015-11-27,INR,1071810000000
RBI:RBI_LIAB_M_RN(1.0),N_A,M,LI35,2016,2015,0,2015-11-27,INR,33133586670
RBI:RBI_LIAB_M_RN(1.0),N_A,M,LI32,2016,2015,0,2015-11-27,INR,0.0
RBI:RBI_LIAB_M_RN(1.0),N_A,M,LI37,2016,2015,0,2015-11-27,INR,199086279080
RBI:RBI_LIAB_M_RN(1.0),N_A,M,LI3,2016,2015,0,2015-11-27,INR,5188403427700
RBI:RBI_LIAB_M_RN(1.0),N_A,M,LI36,2016,2015,0,2015-11-27,INR,12491729830
RBI:RBI_LIAB_M_RN(1.0),N_A,M,LI2,2016,2015,0,2015-11-27,INR,148646420
RBI:RBI_LIAB_M_RN(1.0),N_A,M,LI1,2016,2015,0,2015-10-30,INR,14951508347720
RBI:RBI_LIAB_M_RN(1.0),N_A,M,LI4,2016,2015,0,2015-10-30,INR,8931633207990
RBI:RBI_LIAB_M_RN(1.0),N_A,M,LI32,2016,2015,0,2015-10-30,INR,0.0
RBI:RBI_LIAB_M_RN(1.0),N_A,M,NT_ISSU_TTL,2016,2015,0,2015-10-30,INR,14951668494690
RBI:RBI_LIAB_M_RN(1.0),N_A,M,LI36,2016,2015,0,2015-10-30,INR,12595719530
RBI:RBI_LIAB_M_RN(1.0),N_A,M,LI3,2016,2015,0,2015-10-30,INR,5202242086250
RBI:RBI_LIAB_M_RN(1.0),N_A,M,LI2,2016,2015,0,2015-10-30,INR,160146960
RBI:RBI_LIAB_M_RN(1.0),N_A,M,LI31,2016,2015,0,2015-10-30,INR,1005941739.9999999
RBI:RBI_LIAB_M_RN(1.0),N_A,M,LI33,2016,2015,0,2015-10-30,INR,424500370
RBI:RBI_LIAB_M_RN(1.0),N_A,M,LI34,2016,2015,0,2015-10-30,INR,3755077422970
RBI:RBI_LIAB_M_RN(1.0),N_A,M,LI37,2016,2015,0,2015-10-30,INR,197251651920
RBI:RBI_LIAB_M_RN(1.0),N_A,M,LIA,2016,2015,0,2015-10-30,INR,14133875294240
RBI:RBI_LIAB_M_RN(1.0),N_A,M,LI38,2016,2015,0,2015-10-30,INR,1201611485640
RBI:RBI_LIAB_M_RN(1.0),N_A,M,LI35,2016,2015,0,2015-10-30,INR,34275364080.000004
RBI:RBI_LIAB_M_RN(1.0),N_A,M,LI37,2016,2015,0,2015-09-25,INR,193985422360
RBI:RBI_LIAB_M_RN(1.0),N_A,M,LI3,2016,2015,0,2015-09-25,INR,5328655758520
RBI:RBI_LIAB_M_RN(1.0),N_A,M,LI34,2016,2015,0,2015-09-25,INR,3742455273050
RBI:RBI_LIAB_M_RN(1.0),N_A,M,LI1,2016,2015,0,2015-09-25,INR,14716085017770
RBI:RBI_LIAB_M_RN(1.0),N_A,M,LIA,2016,2015,0,2015-09-25,INR,14406174353460
RBI:RBI_LIAB_M_RN(1.0),N_A,M,LI4,2016,2015,0,2015-09-25,INR,9077518594940
RBI:RBI_LIAB_M_RN(1.0),N_A,M,LI33,2016,2015,0,2015-09-25,INR,467153950
RBI:RBI_LIAB_M_RN(1.0),N_A,M,LI32,2016,2015,0,2015-09-25,INR,0.0
RBI:RBI_LIAB_M_RN(1.0),N_A,M,LI35,2016,2015,0,2015-09-25,INR,32487629400.000004
RBI:RBI_LIAB_M_RN(1.0),N_A,M,LI31,2016,2015,0,2015-09-25,INR,1356362100
RBI:RBI_LIAB_M_RN(1.0),N_A,M,LI2,2016,2015,0,2015-09-25,INR,168969190
RBI:RBI_LIAB_M_RN(1.0),N_A,M,LI36,2016,2015,0,2015-09-25,INR,12060811800
RBI:RBI_LIAB_M_RN(1.0),N_A,M,LI38,2016,2015,0,2015-09-25,INR,1345843105860
RBI:RBI_LIAB_M_RN(1.0),N_A,M,NT_ISSU_TTL,2016,2015,0,2015-09-25,INR,14716253986950
RBI:RBI_LIAB_M_RN(1.0),N_A,M,LI4,2016,2015,0,2015-08-28,INR,9117654352120
RBI:RBI_LIAB_M_RN(1.0),N_A,M,LI36,2016,2015,0,2015-08-28,INR,12336045820
RBI:RBI_LIAB_M_RN(1.0),N_A,M,LI38,2016,2015,0,2015-08-28,INR,1160966128430
RBI:RBI_LIAB_M_RN(1.0),N_A,M,LI34,2016,2015,0,2015-08-28,INR,3677130113460
RBI:RBI_LIAB_M_RN(1.0),N_A,M,LI37,2016,2015,0,2015-08-28,INR,192095999110
RBI:RBI_LIAB_M_RN(1.0),N_A,M,LI31,2016,2015,0,2015-08-28,INR,1009879310.0000001
RBI:RBI_LIAB_M_RN(1.0),N_A,M,LI35,2016,2015,0,2015-08-28,INR,32740605680
RBI:RBI_LIAB_M_RN(1.0),N_A,M,LI32,2016,2015,0,2015-08-28,INR,0.0
RBI:RBI_LIAB_M_RN(1.0),N_A,M,LI33,2016,2015,0,2015-08-28,INR,424696310
RBI:RBI_LIAB_M_RN(1.0),N_A,M,LI3,2016,2015,0,2015-08-28,INR,5076703468110
RBI:RBI_LIAB_M_RN(1.0),N_A,M,NT_ISSU_TTL,2016,2015,0,2015-08-28,INR,14580812107780
RBI:RBI_LIAB_M_RN(1.0),N_A,M,LI2,2016,2015,0,2015-08-28,INR,144983540
RBI:RBI_LIAB_M_RN(1.0),N_A,M,LIA,2016,2015,0,2015-08-28,INR,14194357820230
RBI:RBI_LIAB_M_RN(1.0),N_A,M,LI1,2016,2015,0,2015-08-28,INR,14580667124250
RBI:RBI_LIAB_M_RN(1.0),N_A,M,LI2,2016,2015,0,2015-07-31,INR,107916650
RBI:RBI_LIAB_M_RN(1.0),N_A,M,LI37,2016,2015,0,2015-07-31,INR,190521662400
RBI:RBI_LIAB_M_RN(1.0),N_A,M,LI36,2016,2015,0,2015-07-31,INR,13241701930
RBI:RBI_LIAB_M_RN(1.0),N_A,M,LI33,2016,2015,0,2015-07-31,INR,424675920
RBI:RBI_LIAB_M_RN(1.0),N_A,M,LI35,2016,2015,0,2015-07-31,INR,33367014180
RBI:RBI_LIAB_M_RN(1.0),N_A,M,LI34,2016,2015,0,2015-07-31,INR,3657249890390
RBI:RBI_LIAB_M_RN(1.0),N_A,M,LI3,2016,2015,0,2015-07-31,INR,4923113466790
RBI:RBI_LIAB_M_RN(1.0),N_A,M,LI32,2016,2015,0,2015-07-31,INR,0.0
RBI:RBI_LIAB_M_RN(1.0),N_A,M,LI31,2016,2015,0,2015-07-31,INR,1007522089.9999999
RBI:RBI_LIAB_M_RN(1.0),N_A,M,LI1,2016,2015,0,2015-07-31,INR,14550167482520
RBI:RBI_LIAB_M_RN(1.0),N_A,M,LIA,2016,2015,0,2015-07-31,INR,13942640000000
RBI:RBI_LIAB_M_RN(1.0),N_A,M,NT_ISSU_TTL,2016,2015,0,2015-07-31,INR,14550275399160
RBI:RBI_LIAB_M_RN(1.0),N_A,M,LI38,2016,2015,0,2015-07-31,INR,1027300999890
RBI:RBI_LIAB_M_RN(1.0),N_A,M,LI4,2016,2015,0,2015-07-31,INR,9019528895000
RBI:RBI_LIAB_M_RN(1.0),N_A,M,LI3,2016,2015,0,2015-06-26,INR,5106638914850
RBI:RBI_LIAB_M_RN(1.0),N_A,M,NT_ISSU_TTL,2016,2015,0,2015-06-26,INR,14774511057310
RBI:RBI_LIAB_M_RN(1.0),N_A,M,LI33,2016,2015,0,2015-06-26,INR,424847180
RBI:RBI_LIAB_M_RN(1.0),N_A,M,LI34,2016,2015,0,2015-06-26,INR,3652136911840
RBI:RBI_LIAB_M_RN(1.0),N_A,M,LI4,2016,2015,0,2015-06-26,INR,8678340000000
RBI:RBI_LIAB_M_RN(1.0),N_A,M,LI2,2016,2015,0,2015-06-26,INR,165488050
RBI:RBI_LIAB_M_RN(1.0),N_A,M,LIA,2016,2015,0,2015-06-26,INR,13911523663980
RBI:RBI_LIAB_M_RN(1.0),N_A,M,LI1,2016,2015,0,2015-06-26,INR,14774345569260
RBI:RBI_LIAB_M_RN(1.0),N_A,M,LI31,2016,2015,0,2015-06-26,INR,1009849150
RBI:RBI_LIAB_M_RN(1.0),N_A,M,LI38,2016,2015,0,2015-06-26,INR,1348030000000
RBI:RBI_LIAB_M_RN(1.0),N_A,M,LI32,2016,2015,0,2015-06-26,INR,0.0
RBI:RBI_LIAB_M_RN(1.0),N_A,M,LI35,2016,2015,0,2015-06-26,INR,32520879490
RBI:RBI_LIAB_M_RN(1.0),N_A,M,LI36,2016,2015,0,2015-06-26,INR,11817426040
RBI:RBI_LIAB_M_RN(1.0),N_A,M,LI37,2016,2015,0,2015-06-26,INR,187246813850
RBI:RBI_LIAB_M_RN(1.0),N_A,M,LI37,2016,2015,0,2015-05-29,INR,187602328300
RBI:RBI_LIAB_M_RN(1.0),N_A,M,LI33,2016,2015,0,2015-05-29,INR,424672940
RBI:RBI_LIAB_M_RN(1.0),N_A,M,LI1,2016,2015,0,2015-05-29,INR,14918935783280
RBI:RBI_LIAB_M_RN(1.0),N_A,M,LIA,2016,2015,0,2015-05-29,INR,13831662615220
RBI:RBI_LIAB_M_RN(1.0),N_A,M,LI3,2016,2015,0,2015-05-29,INR,5276186006210
RBI:RBI_LIAB_M_RN(1.0),N_A,M,LI38,2016,2015,0,2015-05-29,INR,1333639505360
RBI:RBI_LIAB_M_RN(1.0),N_A,M,LI36,2016,2015,0,2015-05-29,INR,11920462120
RBI:RBI_LIAB_M_RN(1.0),N_A,M,LI31,2016,2015,0,2015-05-29,INR,1008112930
RBI:RBI_LIAB_M_RN(1.0),N_A,M,LI34,2016,2015,0,2015-05-29,INR,3708869098600
RBI:RBI_LIAB_M_RN(1.0),N_A,M,LI4,2016,2015,0,2015-05-29,INR,8555476608999.999
RBI:RBI_LIAB_M_RN(1.0),N_A,M,NT_ISSU_TTL,2016,2015,0,2015-05-29,INR,14919066672660
RBI:RBI_LIAB_M_RN(1.0),N_A,M,LI35,2016,2015,0,2015-05-29,INR,32721825980
RBI:RBI_LIAB_M_RN(1.0),N_A,M,LI2,2016,2015,0,2015-05-29,INR,130889390
RBI:RBI_LIAB_M_RN(1.0),N_A,M,LI32,2016,2015,0,2015-05-29,INR,0.0
RBI:RBI_LIAB_M_RN(1.0),N_A,M,LI4,2016,2015,0,2015-04-24,INR,8361757220019.999
RBI:RBI_LIAB_M_RN(1.0),N_A,M,LI3,2016,2015,0,2015-04-24,INR,5183323537460
RBI:RBI_LIAB_M_RN(1.0),N_A,M,LI31,2016,2015,0,2015-04-24,INR,1002429300
RBI:RBI_LIAB_M_RN(1.0),N_A,M,LI38,2016,2015,0,2015-04-24,INR,1216051374820
RBI:RBI_LIAB_M_RN(1.0),N_A,M,NT_ISSU_TTL,2016,2015,0,2015-04-24,INR,14727629371590
RBI:RBI_LIAB_M_RN(1.0),N_A,M,LI37,2016,2015,0,2015-04-24,INR,189142630970
RBI:RBI_LIAB_M_RN(1.0),N_A,M,LI36,2016,2015,0,2015-04-24,INR,11906229740
RBI:RBI_LIAB_M_RN(1.0),N_A,M,LI34,2016,2015,0,2015-04-24,INR,3732241196880
RBI:RBI_LIAB_M_RN(1.0),N_A,M,LIA,2016,2015,0,2015-04-24,INR,13545080757480
RBI:RBI_LIAB_M_RN(1.0),N_A,M,LI35,2016,2015,0,2015-04-24,INR,32554958800
RBI:RBI_LIAB_M_RN(1.0),N_A,M,LI33,2016,2015,0,2015-04-24,INR,424716940
RBI:RBI_LIAB_M_RN(1.0),N_A,M,LI1,2016,2015,0,2015-04-24,INR,14727510308290
RBI:RBI_LIAB_M_RN(1.0),N_A,M,LI2,2016,2015,0,2015-04-24,INR,119063300
RBI:RBI_LIAB_M_RN(1.0),N_A,M,LI32,2016,2015,0,2015-04-24,INR,0.0
RBI:RBI_LIAB_M_RN(1.0),N_A,M,LI33,2015,2014,0,2015-03-27,INR,21401070010
RBI:RBI_LIAB_M_RN(1.0),N_A,M,LIA,2015,2014,0,2015-03-27,INR,13955844637000
RBI:RBI_LIAB_M_RN(1.0),N_A,M,LI36,2015,2014,0,2015-03-27,INR,11237361940
RBI:RBI_LIAB_M_RN(1.0),N_A,M,LI38,2015,2014,0,2015-03-27,INR,2121757384570
RBI:RBI_LIAB_M_RN(1.0),N_A,M,LI37,2015,2014,0,2015-03-27,INR,189629709340
RBI:RBI_LIAB_M_RN(1.0),N_A,M,LI31,2015,2014,0,2015-03-27,INR,1008654350
RBI:RBI_LIAB_M_RN(1.0),N_A,M,LI4,2015,2014,0,2015-03-27,INR,8002150738280
RBI:RBI_LIAB_M_RN(1.0),N_A,M,LI2,2015,2014,0,2015-03-27,INR,117691350
RBI:RBI_LIAB_M_RN(1.0),N_A,M,NT_ISSU_TTL,2015,2014,0,2015-03-27,INR,14265063498270
RBI:RBI_LIAB_M_RN(1.0),N_A,M,LI34,2015,2014,0,2015-03-27,INR,3573557687830
RBI:RBI_LIAB_M_RN(1.0),N_A,M,LI35,2015,2014,0,2015-03-27,INR,35102030670
RBI:RBI_LIAB_M_RN(1.0),N_A,M,LI1,2015,2014,0,2015-03-27,INR,14264945806920
RBI:RBI_LIAB_M_RN(1.0),N_A,M,LI32,2015,2014,0,2015-03-27,INR,0.0
RBI:RBI_LIAB_M_RN(1.0),N_A,M,LI3,2015,2014,0,2015-03-27,INR,5953693898710
RBI:RBI_LIAB_M_RN(1.0),N_A,M,LI1,2015,2014,0,2015-02-27,INR,14064119198080
RBI:RBI_LIAB_M_RN(1.0),N_A,M,LI34,2015,2014,0,2015-02-27,INR,3596133953080
RBI:RBI_LIAB_M_RN(1.0),N_A,M,LI32,2015,2014,0,2015-02-27,INR,0.0
RBI:RBI_LIAB_M_RN(1.0),N_A,M,LI38,2015,2014,0,2015-02-27,INR,1350434568110
RBI:RBI_LIAB_M_RN(1.0),N_A,M,LI37,2015,2014,0,2015-02-27,INR,181111633990
RBI:RBI_LIAB_M_RN(1.0),N_A,M,LI31,2015,2014,0,2015-02-27,INR,1007209819.9999999
RBI:RBI_LIAB_M_RN(1.0),N_A,M,LI36,2015,2014,0,2015-02-27,INR,9955434550
RBI:RBI_LIAB_M_RN(1.0),N_A,M,LI33,2015,2014,0,2015-02-27,INR,424955750
RBI:RBI_LIAB_M_RN(1.0),N_A,M,LIA,2015,2014,0,2015-02-27,INR,13056581597650
RBI:RBI_LIAB_M_RN(1.0),N_A,M,LI3,2015,2014,0,2015-02-27,INR,5172445008320
RBI:RBI_LIAB_M_RN(1.0),N_A,M,LI35,2015,2014,0,2015-02-27,INR,33377253019.999996
RBI:RBI_LIAB_M_RN(1.0),N_A,M,NT_ISSU_TTL,2015,2014,0,2015-02-27,INR,14064242834000
RBI:RBI_LIAB_M_RN(1.0),N_A,M,LI2,2015,2014,0,2015-02-27,INR,123635920
RBI:RBI_LIAB_M_RN(1.0),N_A,M,LI4,2015,2014,0,2015-02-27,INR,7884136589320
RBI:RBI_LIAB_M_RN(1.0),N_A,M,LI35,2015,2014,0,2015-01-30,INR,36027629780
RBI:RBI_LIAB_M_RN(1.0),N_A,M,LI1,2015,2014,0,2015-01-30,INR,13862220240250
RBI:RBI_LIAB_M_RN(1.0),N_A,M,LI36,2015,2014,0,2015-01-30,INR,10859056560
RBI:RBI_LIAB_M_RN(1.0),N_A,M,LI33,2015,2014,0,2015-01-30,INR,424716770
RBI:RBI_LIAB_M_RN(1.0),N_A,M,LI37,2015,2014,0,2015-01-30,INR,179331958470
RBI:RBI_LIAB_M_RN(1.0),N_A,M,LI34,2015,2014,0,2015-01-30,INR,3421320115310
RBI:RBI_LIAB_M_RN(1.0),N_A,M,LI38,2015,2014,0,2015-01-30,INR,1060649832290
RBI:RBI_LIAB_M_RN(1.0),N_A,M,NT_ISSU_TTL,2015,2014,0,2015-01-30,INR,13862321273720
RBI:RBI_LIAB_M_RN(1.0),N_A,M,LI31,2015,2014,0,2015-01-30,INR,1001733669.9999999
RBI:RBI_LIAB_M_RN(1.0),N_A,M,LI32,2015,2014,0,2015-01-30,INR,0.0
RBI:RBI_LIAB_M_RN(1.0),N_A,M,LI4,2015,2014,0,2015-01-30,INR,7808641821600
RBI:RBI_LIAB_M_RN(1.0),N_A,M,LI3,2015,2014,0,2015-01-30,INR,4709615042850
RBI:RBI_LIAB_M_RN(1.0),N_A,M,LI2,2015,2014,0,2015-01-30,INR,101033470
RBI:RBI_LIAB_M_RN(1.0),N_A,M,LIA,2015,2014,0,2015-01-30,INR,12518256864450
RBI:RBI_LIAB_M_RN(1.0),N_A,M,LI38,2015,2014,0,2014-12-26,INR,523459752160
RBI:RBI_LIAB_M_RN(1.0),N_A,M,LI4,2015,2014,0,2014-12-26,INR,8556030076310
RBI:RBI_LIAB_M_RN(1.0),N_A,M,LI1,2015,2014,0,2014-12-26,INR,13710017432890
RBI:RBI_LIAB_M_RN(1.0),N_A,M,LI34,2015,2014,0,2014-12-26,INR,3458482904540
RBI:RBI_LIAB_M_RN(1.0),N_A,M,NT_ISSU_TTL,2015,2014,0,2014-12-26,INR,13710143796000
RBI:RBI_LIAB_M_RN(1.0),N_A,M,LI37,2015,2014,0,2014-12-26,INR,177057701730
RBI:RBI_LIAB_M_RN(1.0),N_A,M,LIA,2015,2014,0,2014-12-26,INR,12760496263560
RBI:RBI_LIAB_M_RN(1.0),N_A,M,LI2,2015,2014,0,2014-12-26,INR,126363110
RBI:RBI_LIAB_M_RN(1.0),N_A,M,LI35,2015,2014,0,2014-12-26,INR,33524010890
RBI:RBI_LIAB_M_RN(1.0),N_A,M,LI36,2015,2014,0,2014-12-26,INR,10507566690
RBI:RBI_LIAB_M_RN(1.0),N_A,M,LI3,2015,2014,0,2014-12-26,INR,4204466187250
RBI:RBI_LIAB_M_RN(1.0),N_A,M,LI33,2015,2014,0,2014-12-26,INR,424851400
RBI:RBI_LIAB_M_RN(1.0),N_A,M,LI31,2015,2014,0,2014-12-26,INR,1009399850.0000001
RBI:RBI_LIAB_M_RN(1.0),N_A,M,LI32,2015,2014,0,2014-12-26,INR,0.0
RBI:RBI_LIAB_M_RN(1.0),N_A,M,LIA,2015,2014,0,2014-11-28,INR,12347210653570
RBI:RBI_LIAB_M_RN(1.0),N_A,M,LI37,2015,2014,0,2014-11-28,INR,176355296420
RBI:RBI_LIAB_M_RN(1.0),N_A,M,LI36,2015,2014,0,2014-11-28,INR,7143453790
RBI:RBI_LIAB_M_RN(1.0),N_A,M,LI34,2015,2014,0,2014-11-28,INR,3498296000420
RBI:RBI_LIAB_M_RN(1.0),N_A,M,LI33,2015,2014,0,2014-11-28,INR,424678440
RBI:RBI_LIAB_M_RN(1.0),N_A,M,LI3,2015,2014,0,2014-11-28,INR,4093674797920
RBI:RBI_LIAB_M_RN(1.0),N_A,M,LI2,2015,2014,0,2014-11-28,INR,120358750
RBI:RBI_LIAB_M_RN(1.0),N_A,M,LI35,2015,2014,0,2014-11-28,INR,33137866539.999996
RBI:RBI_LIAB_M_RN(1.0),N_A,M,LI1,2015,2014,0,2014-11-28,INR,13507420992300
RBI:RBI_LIAB_M_RN(1.0),N_A,M,LI4,2015,2014,0,2014-11-28,INR,8253535855650
RBI:RBI_LIAB_M_RN(1.0),N_A,M,LI32,2015,2014,0,2014-11-28,INR,0.0
RBI:RBI_LIAB_M_RN(1.0),N_A,M,NT_ISSU_TTL,2015,2014,0,2014-11-28,INR,13507541351050
RBI:RBI_LIAB_M_RN(1.0),N_A,M,LI38,2015,2014,0,2014-11-28,INR,377309139500
RBI:RBI_LIAB_M_RN(1.0),N_A,M,LI31,2015,2014,0,2014-11-28,INR,1008362810
RBI:RBI_LIAB_M_RN(1.0),N_A,M,LI35,2015,2014,0,2014-10-31,INR,33093824239.999996
RBI:RBI_LIAB_M_RN(1.0),N_A,M,LI38,2015,2014,0,2014-10-31,INR,513810355230
RBI:RBI_LIAB_M_RN(1.0),N_A,M,LIA,2015,2014,0,2014-10-31,INR,12350027448490
RBI:RBI_LIAB_M_RN(1.0),N_A,M,LI32,2015,2014,0,2014-10-31,INR,0.0
RBI:RBI_LIAB_M_RN(1.0),N_A,M,LI3,2015,2014,0,2014-10-31,INR,4133171317860.0005
RBI:RBI_LIAB_M_RN(1.0),N_A,M,LI31,2015,2014,0,2014-10-31,INR,1005364989.9999999
RBI:RBI_LIAB_M_RN(1.0),N_A,M,LI34,2015,2014,0,2014-10-31,INR,3400386409780
RBI:RBI_LIAB_M_RN(1.0),N_A,M,LI1,2015,2014,0,2014-10-31,INR,13485640550190
RBI:RBI_LIAB_M_RN(1.0),N_A,M,LI4,2015,2014,0,2014-10-31,INR,8216856130630
RBI:RBI_LIAB_M_RN(1.0),N_A,M,NT_ISSU_TTL,2015,2014,0,2014-10-31,INR,13485754647700
RBI:RBI_LIAB_M_RN(1.0),N_A,M,LI33,2015,2014,0,2014-10-31,INR,424699530
RBI:RBI_LIAB_M_RN(1.0),N_A,M,LI2,2015,2014,0,2014-10-31,INR,114097510
RBI:RBI_LIAB_M_RN(1.0),N_A,M,LI36,2015,2014,0,2014-10-31,INR,6563879490
RBI:RBI_LIAB_M_RN(1.0),N_A,M,LI37,2015,2014,0,2014-10-31,INR,177886784590
RBI:RBI_LIAB_M_RN(1.0),N_A,M,LI1,2015,2014,0,2014-09-26,INR,13160743710150
RBI:RBI_LIAB_M_RN(1.0),N_A,M,LI36,2015,2014,0,2014-09-26,INR,7016007450
RBI:RBI_LIAB_M_RN(1.0),N_A,M,LI4,2015,2014,0,2014-09-26,INR,8359978462370
RBI:RBI_LIAB_M_RN(1.0),N_A,M,LI2,2015,2014,0,2014-09-26,INR,99860430
RBI:RBI_LIAB_M_RN(1.0),N_A,M,LI31,2015,2014,0,2014-09-26,INR,1002635170
RBI:RBI_LIAB_M_RN(1.0),N_A,M,NT_ISSU_TTL,2015,2014,0,2014-09-26,INR,13160843570570
RBI:RBI_LIAB_M_RN(1.0),N_A,M,LI37,2015,2014,0,2014-09-26,INR,173374388950
RBI:RBI_LIAB_M_RN(1.0),N_A,M,LI33,2015,2014,0,2014-09-26,INR,424633520
RBI:RBI_LIAB_M_RN(1.0),N_A,M,LI3,2015,2014,0,2014-09-26,INR,4031329112240
RBI:RBI_LIAB_M_RN(1.0),N_A,M,LIA,2015,2014,0,2014-09-26,INR,12391307574610
RBI:RBI_LIAB_M_RN(1.0),N_A,M,LI38,2015,2014,0,2014-09-26,INR,436416499050
RBI:RBI_LIAB_M_RN(1.0),N_A,M,LI34,2015,2014,0,2014-09-26,INR,3379256384890
RBI:RBI_LIAB_M_RN(1.0),N_A,M,LI32,2015,2014,0,2014-09-26,INR,0.0
RBI:RBI_LIAB_M_RN(1.0),N_A,M,LI35,2015,2014,0,2014-09-26,INR,33838563200.000004
RBI:RBI_LIAB_M_RN(1.0),N_A,M,LI31,2015,2014,0,2014-08-29,INR,47822594090
RBI:RBI_LIAB_M_RN(1.0),N_A,M,LI2,2015,2014,0,2014-08-29,INR,124368300
RBI:RBI_LIAB_M_RN(1.0),N_A,M,LI36,2015,2014,0,2014-08-29,INR,7192138860
RBI:RBI_LIAB_M_RN(1.0),N_A,M,LI37,2015,2014,0,2014-08-29,INR,173558727310
RBI:RBI_LIAB_M_RN(1.0),N_A,M,LIA,2015,2014,0,2014-08-29,INR,12477522114390
RBI:RBI_LIAB_M_RN(1.0),N_A,M,LI32,2015,2014,0,2014-08-29,INR,0.0
RBI:RBI_LIAB_M_RN(1.0),N_A,M,LI3,2015,2014,0,2014-08-29,INR,4141405733930
RBI:RBI_LIAB_M_RN(1.0),N_A,M,NT_ISSU_TTL,2015,2014,0,2014-08-29,INR,13206760042850
RBI:RBI_LIAB_M_RN(1.0),N_A,M,LI34,2015,2014,0,2014-08-29,INR,3595394620830
RBI:RBI_LIAB_M_RN(1.0),N_A,M,LI38,2015,2014,0,2014-08-29,INR,280549017660
RBI:RBI_LIAB_M_RN(1.0),N_A,M,LI35,2015,2014,0,2014-08-29,INR,34706340760
RBI:RBI_LIAB_M_RN(1.0),N_A,M,LI4,2015,2014,0,2014-08-29,INR,8336116380470.001
RBI:RBI_LIAB_M_RN(1.0),N_A,M,LI33,2015,2014,0,2014-08-29,INR,2182294410
RBI:RBI_LIAB_M_RN(1.0),N_A,M,LI1,2015,2014,0,2014-08-29,INR,13206635674550
RBI:RBI_LIAB_M_RN(1.0),N_A,M,LI3,2015,2014,0,2014-07-25,INR,3977030310770
RBI:RBI_LIAB_M_RN(1.0),N_A,M,LI2,2015,2014,0,2014-07-25,INR,120240390
RBI:RBI_LIAB_M_RN(1.0),N_A,M,NT_ISSU_TTL,2015,2014,0,2014-07-25,INR,13307958042760
RBI:RBI_LIAB_M_RN(1.0),N_A,M,LI31,2015,2014,0,2014-07-25,INR,109986402620
RBI:RBI_LIAB_M_RN(1.0),N_A,M,LI36,2015,2014,0,2014-07-25,INR,7049840630
RBI:RBI_LIAB_M_RN(1.0),N_A,M,LIA,2015,2014,0,2014-07-25,INR,12830545737100
RBI:RBI_LIAB_M_RN(1.0),N_A,M,LI35,2015,2014,0,2014-07-25,INR,35376959800
RBI:RBI_LIAB_M_RN(1.0),N_A,M,LI38,2015,2014,0,2014-07-25,INR,283533294450
RBI:RBI_LIAB_M_RN(1.0),N_A,M,LI37,2015,2014,0,2014-07-25,INR,169348412010
RBI:RBI_LIAB_M_RN(1.0),N_A,M,LI34,2015,2014,0,2014-07-25,INR,3371310778490
RBI:RBI_LIAB_M_RN(1.0),N_A,M,LI1,2015,2014,0,2014-07-25,INR,13307837802370
RBI:RBI_LIAB_M_RN(1.0),N_A,M,LI4,2015,2014,0,2014-07-25,INR,8853515426330
RBI:RBI_LIAB_M_RN(1.0),N_A,M,LI32,2015,2014,0,2014-07-25,INR,0.0
RBI:RBI_LIAB_M_RN(1.0),N_A,M,LI33,2015,2014,0,2014-07-25,INR,424622790
RBI:RBI_LIAB_M_RN(1.0),N_A,M,LI38,2015,2014,0,2014-06-27,INR,150951019830
RBI:RBI_LIAB_M_RN(1.0),N_A,M,LI31,2015,2014,0,2014-06-27,INR,1006573200
RBI:RBI_LIAB_M_RN(1.0),N_A,M,NT_ISSU_TTL,2015,2014,0,2014-06-27,INR,13414191616400
RBI:RBI_LIAB_M_RN(1.0),N_A,M,LI35,2015,2014,0,2014-06-27,INR,35021171040
RBI:RBI_LIAB_M_RN(1.0),N_A,M,LI2,2015,2014,0,2014-06-27,INR,130122590.00000001
RBI:RBI_LIAB_M_RN(1.0),N_A,M,LI3,2015,2014,0,2014-06-27,INR,3744773050660
RBI:RBI_LIAB_M_RN(1.0),N_A,M,LI37,2015,2014,0,2014-06-27,INR,167495639480
RBI:RBI_LIAB_M_RN(1.0),N_A,M,LI33,2015,2014,0,2014-06-27,INR,424746800
RBI:RBI_LIAB_M_RN(1.0),N_A,M,LI32,2015,2014,0,2014-06-27,INR,0.0
RBI:RBI_LIAB_M_RN(1.0),N_A,M,LI4,2015,2014,0,2014-06-27,INR,8661185377880
RBI:RBI_LIAB_M_RN(1.0),N_A,M,LI34,2015,2014,0,2014-06-27,INR,3384895605760
RBI:RBI_LIAB_M_RN(1.0),N_A,M,LI36,2015,2014,0,2014-06-27,INR,4978294540
RBI:RBI_LIAB_M_RN(1.0),N_A,M,LI1,2015,2014,0,2014-06-27,INR,13414061493810
RBI:RBI_LIAB_M_RN(1.0),N_A,M,LIA,2015,2014,0,2014-06-27,INR,12405958428540
RBI:RBI_LIAB_M_RN(1.0),N_A,M,LI37,2015,2014,0,2014-05-30,INR,168805218250
RBI:RBI_LIAB_M_RN(1.0),N_A,M,LI3,2015,2014,0,2014-05-30,INR,3712069467790
RBI:RBI_LIAB_M_RN(1.0),N_A,M,LI36,2015,2014,0,2014-05-30,INR,4982284700
RBI:RBI_LIAB_M_RN(1.0),N_A,M,LI32,2015,2014,0,2014-05-30,INR,0.0
RBI:RBI_LIAB_M_RN(1.0),N_A,M,LI31,2015,2014,0,2014-05-30,INR,1005253530.0000001
RBI:RBI_LIAB_M_RN(1.0),N_A,M,LI34,2015,2014,0,2014-05-30,INR,3344667414560
RBI:RBI_LIAB_M_RN(1.0),N_A,M,LI1,2015,2014,0,2014-05-30,INR,13480324930790
RBI:RBI_LIAB_M_RN(1.0),N_A,M,NT_ISSU_TTL,2015,2014,0,2014-05-30,INR,13480446512870
RBI:RBI_LIAB_M_RN(1.0),N_A,M,LI38,2015,2014,0,2014-05-30,INR,157359608450
RBI:RBI_LIAB_M_RN(1.0),N_A,M,LI33,2015,2014,0,2014-05-30,INR,425002370
RBI:RBI_LIAB_M_RN(1.0),N_A,M,LIA,2015,2014,0,2014-05-30,INR,11990766954610
RBI:RBI_LIAB_M_RN(1.0),N_A,M,LI4,2015,2014,0,2014-05-30,INR,8278697486810.001
RBI:RBI_LIAB_M_RN(1.0),N_A,M,LI35,2015,2014,0,2014-05-30,INR,34824685940
RBI:RBI_LIAB_M_RN(1.0),N_A,M,LI2,2015,2014,0,2014-05-30,INR,121582080
RBI:RBI_LIAB_M_RN(1.0),N_A,M,LI38,2015,2014,0,2014-04-25,INR,160071793940
RBI:RBI_LIAB_M_RN(1.0),N_A,M,LI2,2015,2014,0,2014-04-25,INR,106190280
RBI:RBI_LIAB_M_RN(1.0),N_A,M,LI35,2015,2014,0,2014-04-25,INR,35340487900
RBI:RBI_LIAB_M_RN(1.0),N_A,M,LI4,2015,2014,0,2014-04-25,INR,8866127888570
RBI:RBI_LIAB_M_RN(1.0),N_A,M,LI32,2015,2014,0,2014-04-25,INR,0.0
RBI:RBI_LIAB_M_RN(1.0),N_A,M,LI31,2015,2014,0,2014-04-25,INR,1002777340
RBI:RBI_LIAB_M_RN(1.0),N_A,M,LIA,2015,2014,0,2014-04-25,INR,12557455369920
RBI:RBI_LIAB_M_RN(1.0),N_A,M,LI33,2015,2014,0,2014-04-25,INR,424573470
RBI:RBI_LIAB_M_RN(1.0),N_A,M,LI34,2015,2014,0,2014-04-25,INR,3321131844720
RBI:RBI_LIAB_M_RN(1.0),N_A,M,LI36,2015,2014,0,2014-04-25,INR,5175910090
RBI:RBI_LIAB_M_RN(1.0),N_A,M,LI3,2015,2014,0,2014-04-25,INR,3691327481340
RBI:RBI_LIAB_M_RN(1.0),N_A,M,NT_ISSU_TTL,2015,2014,0,2014-04-25,INR,13246944106660
RBI:RBI_LIAB_M_RN(1.0),N_A,M,LI37,2015,2014,0,2014-04-25,INR,168180093880
RBI:RBI_LIAB_M_RN(1.0),N_A,M,LI1,2015,2014,0,2014-04-25,INR,13246837916370
RBI:RBI_LIAB_M_RN(1.0),N_A,M,LI2,2014,2013,0,2014-03-28,INR,168834310
RBI:RBI_LIAB_M_RN(1.0),N_A,M,NT_ISSU_TTL,2014,2013,0,2014-03-28,INR,12835278885850
RBI:RBI_LIAB_M_RN(1.0),N_A,M,LI33,2014,2013,0,2014-03-28,INR,424697450
RBI:RBI_LIAB_M_RN(1.0),N_A,M,LI36,2014,2013,0,2014-03-28,INR,5495496140
RBI:RBI_LIAB_M_RN(1.0),N_A,M,LI37,2014,2013,0,2014-03-28,INR,174917461810
RBI:RBI_LIAB_M_RN(1.0),N_A,M,LIA,2014,2013,0,2014-03-28,INR,13289317175880
RBI:RBI_LIAB_M_RN(1.0),N_A,M,LI3,2014,2013,0,2014-03-28,INR,4721363368890
RBI:RBI_LIAB_M_RN(1.0),N_A,M,LI4,2014,2013,0,2014-03-28,INR,8567953806990.001
RBI:RBI_LIAB_M_RN(1.0),N_A,M,LI35,2014,2013,0,2014-03-28,INR,39041661380
RBI:RBI_LIAB_M_RN(1.0),N_A,M,LI31,2014,2013,0,2014-03-28,INR,534250984499.99994
RBI:RBI_LIAB_M_RN(1.0),N_A,M,LI1,2014,2013,0,2014-03-28,INR,12835110051540
RBI:RBI_LIAB_M_RN(1.0),N_A,M,LI38,2014,2013,0,2014-03-28,INR,161523069140
RBI:RBI_LIAB_M_RN(1.0),N_A,M,LI34,2014,2013,0,2014-03-28,INR,3805709998470
RBI:RBI_LIAB_M_RN(1.0),N_A,M,LI32,2014,2013,0,2014-03-28,INR,0.0
RBI:RBI_LIAB_M_RN(1.0),N_A,M,LI35,2014,2013,0,2014-02-28,INR,33594325110
RBI:RBI_LIAB_M_RN(1.0),N_A,M,LI34,2014,2013,0,2014-02-28,INR,3302540712140
RBI:RBI_LIAB_M_RN(1.0),N_A,M,LIA,2014,2013,0,2014-02-28,INR,12668209223780
RBI:RBI_LIAB_M_RN(1.0),N_A,M,LI2,2014,2013,0,2014-02-28,INR,132311729.99999999
RBI:RBI_LIAB_M_RN(1.0),N_A,M,LI33,2014,2013,0,2014-02-28,INR,425045110
RBI:RBI_LIAB_M_RN(1.0),N_A,M,LI36,2014,2013,0,2014-02-28,INR,4040297790.0000005
RBI:RBI_LIAB_M_RN(1.0),N_A,M,LI31,2014,2013,0,2014-02-28,INR,1008214680
RBI:RBI_LIAB_M_RN(1.0),N_A,M,LI4,2014,2013,0,2014-02-28,INR,9014591746160
RBI:RBI_LIAB_M_RN(1.0),N_A,M,LI1,2014,2013,0,2014-02-28,INR,12712013756310
RBI:RBI_LIAB_M_RN(1.0),N_A,M,NT_ISSU_TTL,2014,2013,0,2014-02-28,INR,12712146068040
RBI:RBI_LIAB_M_RN(1.0),N_A,M,LI38,2014,2013,0,2014-02-28,INR,152530275140
RBI:RBI_LIAB_M_RN(1.0),N_A,M,LI37,2014,2013,0,2014-02-28,INR,159478607650
RBI:RBI_LIAB_M_RN(1.0),N_A,M,LI3,2014,2013,0,2014-02-28,INR,3653617477610
RBI:RBI_LIAB_M_RN(1.0),N_A,M,LI32,2014,2013,0,2014-02-28,INR,0.0
RBI:RBI_LIAB_M_RN(1.0),N_A,M,LI4,2014,2013,0,2014-01-31,INR,8913168292690
RBI:RBI_LIAB_M_RN(1.0),N_A,M,LI38,2014,2013,0,2014-01-31,INR,151044073220
RBI:RBI_LIAB_M_RN(1.0),N_A,M,LI33,2014,2013,0,2014-01-31,INR,424676280
RBI:RBI_LIAB_M_RN(1.0),N_A,M,LIA,2014,2013,0,2014-01-31,INR,12770938385710
RBI:RBI_LIAB_M_RN(1.0),N_A,M,LI37,2014,2013,0,2014-01-31,INR,157926963660
RBI:RBI_LIAB_M_RN(1.0),N_A,M,LI31,2014,2013,0,2014-01-31,INR,320594918270
RBI:RBI_LIAB_M_RN(1.0),N_A,M,LI2,2014,2013,0,2014-01-31,INR,124227450
RBI:RBI_LIAB_M_RN(1.0),N_A,M,LI36,2014,2013,0,2014-01-31,INR,3872763460
RBI:RBI_LIAB_M_RN(1.0),N_A,M,NT_ISSU_TTL,2014,2013,0,2014-01-31,INR,12546534789310
RBI:RBI_LIAB_M_RN(1.0),N_A,M,LI1,2014,2013,0,2014-01-31,INR,12546410561860
RBI:RBI_LIAB_M_RN(1.0),N_A,M,LI35,2014,2013,0,2014-01-31,INR,34342394280
RBI:RBI_LIAB_M_RN(1.0),N_A,M,LI32,2014,2013,0,2014-01-31,INR,0.0
RBI:RBI_LIAB_M_RN(1.0),N_A,M,LI3,2014,2013,0,2014-01-31,INR,3857770093020
RBI:RBI_LIAB_M_RN(1.0),N_A,M,LI34,2014,2013,0,2014-01-31,INR,3189564303840
RBI:RBI_LIAB_M_RN(1.0),N_A,M,LI38,2014,2013,0,2013-12-27,INR,164758143060
RBI:RBI_LIAB_M_RN(1.0),N_A,M,LI33,2014,2013,0,2013-12-27,INR,424345820
RBI:RBI_LIAB_M_RN(1.0),N_A,M,LI35,2014,2013,0,2013-12-27,INR,31956369010
RBI:RBI_LIAB_M_RN(1.0),N_A,M,LI2,2014,2013,0,2013-12-27,INR,121852460
RBI:RBI_LIAB_M_RN(1.0),N_A,M,LI32,2014,2013,0,2013-12-27,INR,0.0
RBI:RBI_LIAB_M_RN(1.0),N_A,M,LIA,2014,2013,0,2013-12-27,INR,13032063912120
RBI:RBI_LIAB_M_RN(1.0),N_A,M,LI36,2014,2013,0,2013-12-27,INR,3062405960
RBI:RBI_LIAB_M_RN(1.0),N_A,M,LI37,2014,2013,0,2013-12-27,INR,155364328520
RBI:RBI_LIAB_M_RN(1.0),N_A,M,LI3,2014,2013,0,2013-12-27,INR,4101289358220.0005
RBI:RBI_LIAB_M_RN(1.0),N_A,M,LI31,2014,2013,0,2013-12-27,INR,509309375110
RBI:RBI_LIAB_M_RN(1.0),N_A,M,LI1,2014,2013,0,2013-12-27,INR,12516675228460
RBI:RBI_LIAB_M_RN(1.0),N_A,M,NT_ISSU_TTL,2014,2013,0,2013-12-27,INR,12516797080910
RBI:RBI_LIAB_M_RN(1.0),N_A,M,LI34,2014,2013,0,2013-12-27,INR,3236414390740
RBI:RBI_LIAB_M_RN(1.0),N_A,M,LI4,2014,2013,0,2013-12-27,INR,8930774553910
RBI:RBI_LIAB_M_RN(1.0),N_A,M,NT_ISSU_TTL,2014,2013,0,2013-11-29,INR,12450380810800
RBI:RBI_LIAB_M_RN(1.0),N_A,M,LI4,2014,2013,0,2013-11-29,INR,8957026417220
RBI:RBI_LIAB_M_RN(1.0),N_A,M,LI37,2014,2013,0,2013-11-29,INR,154266256890
RBI:RBI_LIAB_M_RN(1.0),N_A,M,LIA,2014,2013,0,2013-11-29,INR,12646305424270
RBI:RBI_LIAB_M_RN(1.0),N_A,M,LI33,2014,2013,0,2013-11-29,INR,424784220
RBI:RBI_LIAB_M_RN(1.0),N_A,M,LI3,2014,2013,0,2013-11-29,INR,3689279007050
RBI:RBI_LIAB_M_RN(1.0),N_A,M,LI32,2014,2013,0,2013-11-29,INR,0.0
RBI:RBI_LIAB_M_RN(1.0),N_A,M,LI34,2014,2013,0,2013-11-29,INR,3278683750770
RBI:RBI_LIAB_M_RN(1.0),N_A,M,LI2,2014,2013,0,2013-11-29,INR,127469090
RBI:RBI_LIAB_M_RN(1.0),N_A,M,LI38,2014,2013,0,2013-11-29,INR,219813179360
RBI:RBI_LIAB_M_RN(1.0),N_A,M,LI35,2014,2013,0,2013-11-29,INR,31860798110
RBI:RBI_LIAB_M_RN(1.0),N_A,M,LI31,2014,2013,0,2013-11-29,INR,1009689990
RBI:RBI_LIAB_M_RN(1.0),N_A,M,LI36,2014,2013,0,2013-11-29,INR,3220547700
RBI:RBI_LIAB_M_RN(1.0),N_A,M,LI1,2014,2013,0,2013-11-29,INR,12450253341710
RBI:RBI_LIAB_M_RN(1.0),N_A,M,LI35,2014,2013,0,2013-10-25,INR,32789149870.000004
RBI:RBI_LIAB_M_RN(1.0),N_A,M,LI38,2014,2013,0,2013-10-25,INR,181743448290
RBI:RBI_LIAB_M_RN(1.0),N_A,M,NT_ISSU_TTL,2014,2013,0,2013-10-25,INR,12169152758780
RBI:RBI_LIAB_M_RN(1.0),N_A,M,LI1,2014,2013,0,2013-10-25,INR,12169029393390
RBI:RBI_LIAB_M_RN(1.0),N_A,M,LI34,2014,2013,0,2013-10-25,INR,3179259536760
RBI:RBI_LIAB_M_RN(1.0),N_A,M,LI2,2014,2013,0,2013-10-25,INR,123365390
RBI:RBI_LIAB_M_RN(1.0),N_A,M,LI32,2014,2013,0,2013-10-25,INR,0.0
RBI:RBI_LIAB_M_RN(1.0),N_A,M,LIA,2014,2013,0,2013-10-25,INR,12488581215560
RBI:RBI_LIAB_M_RN(1.0),N_A,M,LI31,2014,2013,0,2013-10-25,INR,1002122900
RBI:RBI_LIAB_M_RN(1.0),N_A,M,LI4,2014,2013,0,2013-10-25,INR,8936727228120
RBI:RBI_LIAB_M_RN(1.0),N_A,M,LI36,2014,2013,0,2013-10-25,INR,3127521760
RBI:RBI_LIAB_M_RN(1.0),N_A,M,LI37,2014,2013,0,2013-10-25,INR,153507488860
RBI:RBI_LIAB_M_RN(1.0),N_A,M,LI33,2014,2013,0,2013-10-25,INR,424718980
RBI:RBI_LIAB_M_RN(1.0),N_A,M,LI3,2014,2013,0,2013-10-25,INR,3551853987440
RBI:RBI_LIAB_M_RN(1.0),N_A,M,LI2,2014,2013,0,2013-09-27,INR,102128610
RBI:RBI_LIAB_M_RN(1.0),N_A,M,LI1,2014,2013,0,2013-09-27,INR,11862687690910
RBI:RBI_LIAB_M_RN(1.0),N_A,M,LI4,2014,2013,0,2013-09-27,INR,8913019792100
RBI:RBI_LIAB_M_RN(1.0),N_A,M,LI32,2014,2013,0,2013-09-27,INR,0.0
RBI:RBI_LIAB_M_RN(1.0),N_A,M,LI37,2014,2013,0,2013-09-27,INR,151132506910
RBI:RBI_LIAB_M_RN(1.0),N_A,M,LI33,2014,2013,0,2013-09-27,INR,424513450
RBI:RBI_LIAB_M_RN(1.0),N_A,M,LI31,2014,2013,0,2013-09-27,INR,1002099059.9999999
RBI:RBI_LIAB_M_RN(1.0),N_A,M,LI35,2014,2013,0,2013-09-27,INR,32005566100.000004
RBI:RBI_LIAB_M_RN(1.0),N_A,M,LI38,2014,2013,0,2013-09-27,INR,186280489630
RBI:RBI_LIAB_M_RN(1.0),N_A,M,LIA,2014,2013,0,2013-09-27,INR,12559397952370
RBI:RBI_LIAB_M_RN(1.0),N_A,M,NT_ISSU_TTL,2014,2013,0,2013-09-27,INR,11862789819520
RBI:RBI_LIAB_M_RN(1.0),N_A,M,LI34,2014,2013,0,2013-09-27,INR,3273057544190
RBI:RBI_LIAB_M_RN(1.0),N_A,M,LI36,2014,2013,0,2013-09-27,INR,2475440930
RBI:RBI_LIAB_M_RN(1.0),N_A,M,LI3,2014,2013,0,2013-09-27,INR,3646378160270
RBI:RBI_LIAB_M_RN(1.0),N_A,M,LI33,2014,2013,0,2013-08-30,INR,424543510
RBI:RBI_LIAB_M_RN(1.0),N_A,M,LI36,2014,2013,0,2013-08-30,INR,2447921260
RBI:RBI_LIAB_M_RN(1.0),N_A,M,LI38,2014,2013,0,2013-08-30,INR,195925632540
RBI:RBI_LIAB_M_RN(1.0),N_A,M,LIA,2014,2013,0,2013-08-30,INR,13271956268370
RBI:RBI_LIAB_M_RN(1.0),N_A,M,LI34,2014,2013,0,2013-08-30,INR,3266898988350
RBI:RBI_LIAB_M_RN(1.0),N_A,M,LI2,2014,2013,0,2013-08-30,INR,108773610
RBI:RBI_LIAB_M_RN(1.0),N_A,M,LI1,2014,2013,0,2013-08-30,INR,11875158429840
RBI:RBI_LIAB_M_RN(1.0),N_A,M,NT_ISSU_TTL,2014,2013,0,2013-08-30,INR,11875267203450
RBI:RBI_LIAB_M_RN(1.0),N_A,M,LI35,2014,2013,0,2013-08-30,INR,33416623360.000004
RBI:RBI_LIAB_M_RN(1.0),N_A,M,LI37,2014,2013,0,2013-08-30,INR,150788304030
RBI:RBI_LIAB_M_RN(1.0),N_A,M,LI31,2014,2013,0,2013-08-30,INR,9962973460
RBI:RBI_LIAB_M_RN(1.0),N_A,M,LI3,2014,2013,0,2013-08-30,INR,3659864986500
RBI:RBI_LIAB_M_RN(1.0),N_A,M,LI32,2014,2013,0,2013-08-30,INR,0.0
RBI:RBI_LIAB_M_RN(1.0),N_A,M,LI4,2014,2013,0,2013-08-30,INR,9612091281870
RBI:RBI_LIAB_M_RN(1.0),N_A,M,LI36,2014,2013,0,2013-07-26,INR,2956208070
RBI:RBI_LIAB_M_RN(1.0),N_A,M,LI2,2014,2013,0,2013-07-26,INR,116414590
RBI:RBI_LIAB_M_RN(1.0),N_A,M,LI3,2014,2013,0,2013-07-26,INR,3493405703960
RBI:RBI_LIAB_M_RN(1.0),N_A,M,NT_ISSU_TTL,2014,2013,0,2013-07-26,INR,11902769546470
RBI:RBI_LIAB_M_RN(1.0),N_A,M,LI33,2014,2013,0,2013-07-26,INR,424875720
RBI:RBI_LIAB_M_RN(1.0),N_A,M,LI34,2014,2013,0,2013-07-26,INR,3150970426490
RBI:RBI_LIAB_M_RN(1.0),N_A,M,LI32,2014,2013,0,2013-07-26,INR,0.0
RBI:RBI_LIAB_M_RN(1.0),N_A,M,LI35,2014,2013,0,2013-07-26,INR,31722832120
RBI:RBI_LIAB_M_RN(1.0),N_A,M,LI1,2014,2013,0,2013-07-26,INR,11902653131870
RBI:RBI_LIAB_M_RN(1.0),N_A,M,LI31,2014,2013,0,2013-07-26,INR,1004560359.9999999
RBI:RBI_LIAB_M_RN(1.0),N_A,M,LI37,2014,2013,0,2013-07-26,INR,142875662010
RBI:RBI_LIAB_M_RN(1.0),N_A,M,LI38,2014,2013,0,2013-07-26,INR,163451139190
RBI:RBI_LIAB_M_RN(1.0),N_A,M,LIA,2014,2013,0,2013-07-26,INR,11546771650290
RBI:RBI_LIAB_M_RN(1.0),N_A,M,LI4,2014,2013,0,2013-07-26,INR,8053365946340
RBI:RBI_LIAB_M_RN(1.0),N_A,M,LI3,2014,2013,0,2013-06-28,INR,3592804639130
RBI:RBI_LIAB_M_RN(1.0),N_A,M,LI36,2014,2013,0,2013-06-28,INR,2498456430
RBI:RBI_LIAB_M_RN(1.0),N_A,M,LI1,2014,2013,0,2013-06-28,INR,12017779387160
RBI:RBI_LIAB_M_RN(1.0),N_A,M,LI31,2014,2013,0,2013-06-28,INR,1007993980
RBI:RBI_LIAB_M_RN(1.0),N_A,M,LI35,2014,2013,0,2013-06-28,INR,34277736060.000004
RBI:RBI_LIAB_M_RN(1.0),N_A,M,LI32,2014,2013,0,2013-06-28,INR,0.0
RBI:RBI_LIAB_M_RN(1.0),N_A,M,LI2,2014,2013,0,2013-06-28,INR,80149610
RBI:RBI_LIAB_M_RN(1.0),N_A,M,LI33,2014,2013,0,2013-06-28,INR,424835160
RBI:RBI_LIAB_M_RN(1.0),N_A,M,LI4,2014,2013,0,2013-06-28,INR,8114619207100
RBI:RBI_LIAB_M_RN(1.0),N_A,M,LI37,2014,2013,0,2013-06-28,INR,141412143340
RBI:RBI_LIAB_M_RN(1.0),N_A,M,NT_ISSU_TTL,2014,2013,0,2013-06-28,INR,12017859536770
RBI:RBI_LIAB_M_RN(1.0),N_A,M,LI34,2014,2013,0,2013-06-28,INR,3287717207890
RBI:RBI_LIAB_M_RN(1.0),N_A,M,LI38,2014,2013,0,2013-06-28,INR,125466266280
RBI:RBI_LIAB_M_RN(1.0),N_A,M,LIA,2014,2013,0,2013-06-28,INR,11707423846230
RBI:RBI_LIAB_M_RN(1.0),N_A,M,LI1,2014,2013,0,2013-05-31,INR,12127266620330
RBI:RBI_LIAB_M_RN(1.0),N_A,M,LI38,2014,2013,0,2013-05-31,INR,149012084570
RBI:RBI_LIAB_M_RN(1.0),N_A,M,LI32,2014,2013,0,2013-05-31,INR,0.0
RBI:RBI_LIAB_M_RN(1.0),N_A,M,LI3,2014,2013,0,2013-05-31,INR,3224703351960
RBI:RBI_LIAB_M_RN(1.0),N_A,M,LI37,2014,2013,0,2013-05-31,INR,141685283850
RBI:RBI_LIAB_M_RN(1.0),N_A,M,NT_ISSU_TTL,2014,2013,0,2013-05-31,INR,12127385934570
RBI:RBI_LIAB_M_RN(1.0),N_A,M,LI36,2014,2013,0,2013-05-31,INR,2809051930
RBI:RBI_LIAB_M_RN(1.0),N_A,M,LI35,2014,2013,0,2013-05-31,INR,32861828220
RBI:RBI_LIAB_M_RN(1.0),N_A,M,LI33,2014,2013,0,2013-05-31,INR,424653350
RBI:RBI_LIAB_M_RN(1.0),N_A,M,LI34,2014,2013,0,2013-05-31,INR,2896903699540
RBI:RBI_LIAB_M_RN(1.0),N_A,M,LI31,2014,2013,0,2013-05-31,INR,1006750500.0000001
RBI:RBI_LIAB_M_RN(1.0),N_A,M,LI2,2014,2013,0,2013-05-31,INR,119314240
RBI:RBI_LIAB_M_RN(1.0),N_A,M,LIA,2014,2013,0,2013-05-31,INR,10560879766260
RBI:RBI_LIAB_M_RN(1.0),N_A,M,LI4,2014,2013,0,2013-05-31,INR,7336176414300
RBI:RBI_LIAB_M_RN(1.0),N_A,M,LIA,2014,2013,0,2013-04-26,INR,10520455772000
RBI:RBI_LIAB_M_RN(1.0),N_A,M,LI34,2014,2013,0,2013-04-26,INR,3113315951000
RBI:RBI_LIAB_M_RN(1.0),N_A,M,LI35,2014,2013,0,2013-04-26,INR,32215156000
RBI:RBI_LIAB_M_RN(1.0),N_A,M,LI36,2014,2013,0,2013-04-26,INR,2925115000
RBI:RBI_LIAB_M_RN(1.0),N_A,M,LI31,2014,2013,0,2013-04-26,INR,103052589000
RBI:RBI_LIAB_M_RN(1.0),N_A,M,LI32,2014,2013,0,2013-04-26,INR,0.0
RBI:RBI_LIAB_M_RN(1.0),N_A,M,LI2,2014,2013,0,2013-04-26,INR,151327000
RBI:RBI_LIAB_M_RN(1.0),N_A,M,LI3,2014,2013,0,2013-04-26,INR,3519563195000
RBI:RBI_LIAB_M_RN(1.0),N_A,M,NT_ISSU_TTL,2014,2013,0,2013-04-26,INR,12106861192000
RBI:RBI_LIAB_M_RN(1.0),N_A,M,LI38,2014,2013,0,2013-04-26,INR,122582420000
RBI:RBI_LIAB_M_RN(1.0),N_A,M,LI37,2014,2013,0,2013-04-26,INR,145047475000
RBI:RBI_LIAB_M_RN(1.0),N_A,M,LI4,2014,2013,0,2013-04-26,INR,7000892577000
RBI:RBI_LIAB_M_RN(1.0),N_A,M,LI1,2014,2013,0,2013-04-26,INR,12106709865000
RBI:RBI_LIAB_M_RN(1.0),N_A,M,LI33,2014,2013,0,2013-04-26,INR,424489000
RBI:RBI_LIAB_M_RN(1.0),N_A,M,LI33,2013,2012,0,2013-03-29,INR,424472000
RBI:RBI_LIAB_M_RN(1.0),N_A,M,LI37,2013,2012,0,2013-03-29,INR,152481320000
RBI:RBI_LIAB_M_RN(1.0),N_A,M,LI36,2013,2012,0,2013-03-29,INR,2373288000
RBI:RBI_LIAB_M_RN(1.0),N_A,M,LI2,2013,2012,0,2013-03-29,INR,83130000
RBI:RBI_LIAB_M_RN(1.0),N_A,M,NT_ISSU_TTL,2013,2012,0,2013-03-29,INR,11772258910000
RBI:RBI_LIAB_M_RN(1.0),N_A,M,LI4,2013,2012,0,2013-03-29,INR,6959825141000
RBI:RBI_LIAB_M_RN(1.0),N_A,M,LIA,2013,2012,0,2013-03-29,INR,11537328850000
RBI:RBI_LIAB_M_RN(1.0),N_A,M,LI1,2013,2012,0,2013-03-29,INR,11772175780000
RBI:RBI_LIAB_M_RN(1.0),N_A,M,LI34,2013,2012,0,2013-03-29,INR,3424239304000
RBI:RBI_LIAB_M_RN(1.0),N_A,M,LI32,2013,2012,0,2013-03-29,INR,0.0
RBI:RBI_LIAB_M_RN(1.0),N_A,M,LI31,2013,2012,0,2013-03-29,INR,817587215000
RBI:RBI_LIAB_M_RN(1.0),N_A,M,LI38,2013,2012,0,2013-03-29,INR,139104056000
RBI:RBI_LIAB_M_RN(1.0),N_A,M,LI3,2013,2012,0,2013-03-29,INR,4577503704000
RBI:RBI_LIAB_M_RN(1.0),N_A,M,LI35,2013,2012,0,2013-03-29,INR,41294049000
RBI:RBI_LIAB_M_RN(1.0),N_A,M,LI1,2013,2012,0,2013-02-22,INR,11634058071000
RBI:RBI_LIAB_M_RN(1.0),N_A,M,LI34,2013,2012,0,2013-02-22,INR,2963459304000
RBI:RBI_LIAB_M_RN(1.0),N_A,M,LI32,2013,2012,0,2013-02-22,INR,0.0
RBI:RBI_LIAB_M_RN(1.0),N_A,M,LI31,2013,2012,0,2013-02-22,INR,754384600000
RBI:RBI_LIAB_M_RN(1.0),N_A,M,NT_ISSU_TTL,2013,2012,0,2013-02-22,INR,11634200464000
RBI:RBI_LIAB_M_RN(1.0),N_A,M,LI3,2013,2012,0,2013-02-22,INR,4005757292000
RBI:RBI_LIAB_M_RN(1.0),N_A,M,LI36,2013,2012,0,2013-02-22,INR,2329154000
RBI:RBI_LIAB_M_RN(1.0),N_A,M,LI2,2013,2012,0,2013-02-22,INR,142393000
RBI:RBI_LIAB_M_RN(1.0),N_A,M,LI35,2013,2012,0,2013-02-22,INR,27961365000
RBI:RBI_LIAB_M_RN(1.0),N_A,M,LI37,2013,2012,0,2013-02-22,INR,137721564000
RBI:RBI_LIAB_M_RN(1.0),N_A,M,LI33,2013,2012,0,2013-02-22,INR,424665000
RBI:RBI_LIAB_M_RN(1.0),N_A,M,LI38,2013,2012,0,2013-02-22,INR,119476640000
RBI:RBI_LIAB_M_RN(1.0),N_A,M,LIA,2013,2012,0,2013-02-22,INR,10921761114000
RBI:RBI_LIAB_M_RN(1.0),N_A,M,LI4,2013,2012,0,2013-02-22,INR,6916003822000
RBI:RBI_LIAB_M_RN(1.0),N_A,M,LI38,2013,2012,0,2013-01-25,INR,118795600000
RBI:RBI_LIAB_M_RN(1.0),N_A,M,LI3,2013,2012,0,2013-01-25,INR,3817561410000
RBI:RBI_LIAB_M_RN(1.0),N_A,M,LIA,2013,2012,0,2013-01-25,INR,10780962350000
RBI:RBI_LIAB_M_RN(1.0),N_A,M,LI4,2013,2012,0,2013-01-25,INR,6963400940000
RBI:RBI_LIAB_M_RN(1.0),N_A,M,LI35,2013,2012,0,2013-01-25,INR,30763150000
RBI:RBI_LIAB_M_RN(1.0),N_A,M,LI34,2013,2012,0,2013-01-25,INR,3118061470000
RBI:RBI_LIAB_M_RN(1.0),N_A,M,LI2,2013,2012,0,2013-01-25,INR,140270000
RBI:RBI_LIAB_M_RN(1.0),N_A,M,LI32,2013,2012,0,2013-01-25,INR,0.0
RBI:RBI_LIAB_M_RN(1.0),N_A,M,LI31,2013,2012,0,2013-01-25,INR,405391240000
RBI:RBI_LIAB_M_RN(1.0),N_A,M,NT_ISSU_TTL,2013,2012,0,2013-01-25,INR,11436668210000
RBI:RBI_LIAB_M_RN(1.0),N_A,M,LI37,2013,2012,0,2013-01-25,INR,141344100000
RBI:RBI_LIAB_M_RN(1.0),N_A,M,LI33,2013,2012,0,2013-01-25,INR,1072560000
RBI:RBI_LIAB_M_RN(1.0),N_A,M,LI36,2013,2012,0,2013-01-25,INR,2133280000
RBI:RBI_LIAB_M_RN(1.0),N_A,M,LI1,2013,2012,0,2013-01-25,INR,11436527940000
RBI:RBI_LIAB_M_RN(1.0),N_A,M,LI36,2013,2012,0,2012-12-28,INR,1653060000
RBI:RBI_LIAB_M_RN(1.0),N_A,M,LI1,2013,2012,0,2012-12-28,INR,11272618310000
RBI:RBI_LIAB_M_RN(1.0),N_A,M,LI31,2013,2012,0,2012-12-28,INR,825603740000
RBI:RBI_LIAB_M_RN(1.0),N_A,M,LI38,2013,2012,0,2012-12-28,INR,119557310000
RBI:RBI_LIAB_M_RN(1.0),N_A,M,LI34,2013,2012,0,2012-12-28,INR,2972613650000
RBI:RBI_LIAB_M_RN(1.0),N_A,M,LI3,2013,2012,0,2012-12-28,INR,4089554140000
RBI:RBI_LIAB_M_RN(1.0),N_A,M,NT_ISSU_TTL,2013,2012,0,2012-12-28,INR,11272697210000
RBI:RBI_LIAB_M_RN(1.0),N_A,M,LI37,2013,2012,0,2012-12-28,INR,138816800000
RBI:RBI_LIAB_M_RN(1.0),N_A,M,LI32,2013,2012,0,2012-12-28,INR,0.0
RBI:RBI_LIAB_M_RN(1.0),N_A,M,LI33,2013,2012,0,2012-12-28,INR,424910000
RBI:RBI_LIAB_M_RN(1.0),N_A,M,LI35,2013,2012,0,2012-12-28,INR,30884670000
RBI:RBI_LIAB_M_RN(1.0),N_A,M,LI4,2013,2012,0,2012-12-28,INR,7230793350000
RBI:RBI_LIAB_M_RN(1.0),N_A,M,LIA,2013,2012,0,2012-12-28,INR,11320347490000
RBI:RBI_LIAB_M_RN(1.0),N_A,M,LI2,2013,2012,0,2012-12-28,INR,78900000
RBI:RBI_LIAB_M_RN(1.0),N_A,M,LI34,2013,2012,0,2012-11-30,INR,2812784150000
RBI:RBI_LIAB_M_RN(1.0),N_A,M,LI2,2013,2012,0,2012-11-30,INR,166300000
RBI:RBI_LIAB_M_RN(1.0),N_A,M,LI37,2013,2012,0,2012-11-30,INR,139033320000
RBI:RBI_LIAB_M_RN(1.0),N_A,M,LI33,2013,2012,0,2012-11-30,INR,424750000
RBI:RBI_LIAB_M_RN(1.0),N_A,M,LI32,2013,2012,0,2012-11-30,INR,0.0
RBI:RBI_LIAB_M_RN(1.0),N_A,M,LI4,2013,2012,0,2012-11-30,INR,7049317670000
RBI:RBI_LIAB_M_RN(1.0),N_A,M,LI38,2013,2012,0,2012-11-30,INR,127820770000
RBI:RBI_LIAB_M_RN(1.0),N_A,M,NT_ISSU_TTL,2013,2012,0,2012-11-30,INR,11258577100000
RBI:RBI_LIAB_M_RN(1.0),N_A,M,LI35,2013,2012,0,2012-11-30,INR,31795530000
RBI:RBI_LIAB_M_RN(1.0),N_A,M,LI3,2013,2012,0,2012-11-30,INR,3220267910000
RBI:RBI_LIAB_M_RN(1.0),N_A,M,LI36,2013,2012,0,2012-11-30,INR,1567010000
RBI:RBI_LIAB_M_RN(1.0),N_A,M,LI31,2013,2012,0,2012-11-30,INR,106842370000
RBI:RBI_LIAB_M_RN(1.0),N_A,M,LIA,2013,2012,0,2012-11-30,INR,10269585580000
RBI:RBI_LIAB_M_RN(1.0),N_A,M,LI1,2013,2012,0,2012-11-30,INR,11258410810000
RBI:RBI_LIAB_M_RN(1.0),N_A,M,LI38,2013,2012,0,2012-10-26,INR,119973430000
RBI:RBI_LIAB_M_RN(1.0),N_A,M,NT_ISSU_TTL,2013,2012,0,2012-10-26,INR,11026214220000
RBI:RBI_LIAB_M_RN(1.0),N_A,M,LI2,2013,2012,0,2012-10-26,INR,76260000
RBI:RBI_LIAB_M_RN(1.0),N_A,M,LI34,2013,2012,0,2012-10-26,INR,3125601480000
RBI:RBI_LIAB_M_RN(1.0),N_A,M,LI32,2013,2012,0,2012-10-26,INR,0.0
RBI:RBI_LIAB_M_RN(1.0),N_A,M,LI3,2013,2012,0,2012-10-26,INR,3642364200000
RBI:RBI_LIAB_M_RN(1.0),N_A,M,LI36,2013,2012,0,2012-10-26,INR,1641970000
RBI:RBI_LIAB_M_RN(1.0),N_A,M,LIA,2013,2012,0,2012-10-26,INR,10350681750000
RBI:RBI_LIAB_M_RN(1.0),N_A,M,LI37,2013,2012,0,2012-10-26,INR,147565300000
RBI:RBI_LIAB_M_RN(1.0),N_A,M,LI31,2013,2012,0,2012-10-26,INR,208673200000
RBI:RBI_LIAB_M_RN(1.0),N_A,M,LI35,2013,2012,0,2012-10-26,INR,34129160000
RBI:RBI_LIAB_M_RN(1.0),N_A,M,LI4,2013,2012,0,2012-10-26,INR,6708317550000
RBI:RBI_LIAB_M_RN(1.0),N_A,M,LI1,2013,2012,0,2012-10-26,INR,11026137960000
RBI:RBI_LIAB_M_RN(1.0),N_A,M,LI33,2013,2012,0,2012-10-26,INR,4779660000
RBI:RBI_LIAB_M_RN(1.0),N_A,M,NT_ISSU_TTL,2013,2012,0,2012-09-28,INR,10814650070000
RBI:RBI_LIAB_M_RN(1.0),N_A,M,LI32,2013,2012,0,2012-09-28,INR,0.0
RBI:RBI_LIAB_M_RN(1.0),N_A,M,LI37,2013,2012,0,2012-09-28,INR,146536580000
RBI:RBI_LIAB_M_RN(1.0),N_A,M,LI35,2013,2012,0,2012-09-28,INR,33929760000
RBI:RBI_LIAB_M_RN(1.0),N_A,M,LI31,2013,2012,0,2012-09-28,INR,1002159999.9999999
RBI:RBI_LIAB_M_RN(1.0),N_A,M,LIA,2013,2012,0,2012-09-28,INR,10213589670000
RBI:RBI_LIAB_M_RN(1.0),N_A,M,LI34,2013,2012,0,2012-09-28,INR,3437089280000
RBI:RBI_LIAB_M_RN(1.0),N_A,M,LI1,2013,2012,0,2012-09-28,INR,10814508700000
RBI:RBI_LIAB_M_RN(1.0),N_A,M,LI3,2013,2012,0,2012-09-28,INR,3773933350000
RBI:RBI_LIAB_M_RN(1.0),N_A,M,LI38,2013,2012,0,2012-09-28,INR,153709640000
RBI:RBI_LIAB_M_RN(1.0),N_A,M,LI36,2013,2012,0,2012-09-28,INR,1241190000
RBI:RBI_LIAB_M_RN(1.0),N_A,M,LI4,2013,2012,0,2012-09-28,INR,6439656320000
RBI:RBI_LIAB_M_RN(1.0),N_A,M,LI33,2013,2012,0,2012-09-28,INR,424740000
RBI:RBI_LIAB_M_RN(1.0),N_A,M,LI2,2013,2012,0,2012-09-28,INR,141370000
RBI:RBI_LIAB_M_RN(1.0),N_A,M,LI38,2013,2012,0,2012-08-31,INR,121179210000
RBI:RBI_LIAB_M_RN(1.0),N_A,M,LI36,2013,2012,0,2012-08-31,INR,1257700000
RBI:RBI_LIAB_M_RN(1.0),N_A,M,NT_ISSU_TTL,2013,2012,0,2012-08-31,INR,10895612750000
RBI:RBI_LIAB_M_RN(1.0),N_A,M,LI34,2013,2012,0,2012-08-31,INR,3301166560000
RBI:RBI_LIAB_M_RN(1.0),N_A,M,LIA,2013,2012,0,2012-08-31,INR,10681364360000
RBI:RBI_LIAB_M_RN(1.0),N_A,M,LI35,2013,2012,0,2012-08-31,INR,38602950000
RBI:RBI_LIAB_M_RN(1.0),N_A,M,LI1,2013,2012,0,2012-08-31,INR,10895468640000
RBI:RBI_LIAB_M_RN(1.0),N_A,M,LI31,2013,2012,0,2012-08-31,INR,1009230000.0000001
RBI:RBI_LIAB_M_RN(1.0),N_A,M,LI33,2013,2012,0,2012-08-31,INR,424590000
RBI:RBI_LIAB_M_RN(1.0),N_A,M,LI4,2013,2012,0,2012-08-31,INR,7068127770000
RBI:RBI_LIAB_M_RN(1.0),N_A,M,LI2,2013,2012,0,2012-08-31,INR,144100000
RBI:RBI_LIAB_M_RN(1.0),N_A,M,LI32,2013,2012,0,2012-08-31,INR,0.0
RBI:RBI_LIAB_M_RN(1.0),N_A,M,LI37,2013,2012,0,2012-08-31,INR,149596360000
RBI:RBI_LIAB_M_RN(1.0),N_A,M,LI3,2013,2012,0,2012-08-31,INR,3613236590000
RBI:RBI_LIAB_M_RN(1.0),N_A,M,LI34,2013,2012,0,2012-07-27,INR,3236632020000
RBI:RBI_LIAB_M_RN(1.0),N_A,M,LI33,2013,2012,0,2012-07-27,INR,424310000
RBI:RBI_LIAB_M_RN(1.0),N_A,M,LI38,2013,2012,0,2012-07-27,INR,132287980000
RBI:RBI_LIAB_M_RN(1.0),N_A,M,LI31,2013,2012,0,2012-07-27,INR,1008699999.9999999
RBI:RBI_LIAB_M_RN(1.0),N_A,M,LI35,2013,2012,0,2012-07-27,INR,33185589999.999996
RBI:RBI_LIAB_M_RN(1.0),N_A,M,LI2,2013,2012,0,2012-07-27,INR,163160000
RBI:RBI_LIAB_M_RN(1.0),N_A,M,LI3,2013,2012,0,2012-07-27,INR,3550809530000
RBI:RBI_LIAB_M_RN(1.0),N_A,M,LIA,2013,2012,0,2012-07-27,INR,10604445260000
RBI:RBI_LIAB_M_RN(1.0),N_A,M,LI37,2013,2012,0,2012-07-27,INR,146235920000
RBI:RBI_LIAB_M_RN(1.0),N_A,M,LI4,2013,2012,0,2012-07-27,INR,7053635730000
RBI:RBI_LIAB_M_RN(1.0),N_A,M,LI1,2013,2012,0,2012-07-27,INR,10882119860000
RBI:RBI_LIAB_M_RN(1.0),N_A,M,LI36,2013,2012,0,2012-07-27,INR,1035020000
RBI:RBI_LIAB_M_RN(1.0),N_A,M,LI32,2013,2012,0,2012-07-27,INR,0.0
RBI:RBI_LIAB_M_RN(1.0),N_A,M,NT_ISSU_TTL,2013,2012,0,2012-07-27,INR,10882283030000
RBI:RBI_LIAB_M_RN(1.0),N_A,M,LI4,2013,2012,0,2012-06-29,INR,7266775560000
RBI:RBI_LIAB_M_RN(1.0),N_A,M,NT_ISSU_TTL,2013,2012,0,2012-06-29,INR,11037549940000
RBI:RBI_LIAB_M_RN(1.0),N_A,M,LI32,2013,2012,0,2012-06-29,INR,0.0
RBI:RBI_LIAB_M_RN(1.0),N_A,M,LI38,2013,2012,0,2012-06-29,INR,111633300000
RBI:RBI_LIAB_M_RN(1.0),N_A,M,LI31,2013,2012,0,2012-06-29,INR,1009530000
RBI:RBI_LIAB_M_RN(1.0),N_A,M,LI36,2013,2012,0,2012-06-29,INR,930570000
RBI:RBI_LIAB_M_RN(1.0),N_A,M,LI3,2013,2012,0,2012-06-29,INR,3547656430000
RBI:RBI_LIAB_M_RN(1.0),N_A,M,LIA,2013,2012,0,2012-06-29,INR,10814431990000
RBI:RBI_LIAB_M_RN(1.0),N_A,M,LI1,2013,2012,0,2012-06-29,INR,11037460920000
RBI:RBI_LIAB_M_RN(1.0),N_A,M,LI33,2013,2012,0,2012-06-29,INR,424650000
RBI:RBI_LIAB_M_RN(1.0),N_A,M,LI37,2013,2012,0,2012-06-29,INR,145780340000
RBI:RBI_LIAB_M_RN(1.0),N_A,M,LI35,2013,2012,0,2012-06-29,INR,33578150000
RBI:RBI_LIAB_M_RN(1.0),N_A,M,LI34,2013,2012,0,2012-06-29,INR,3254299910000
RBI:RBI_LIAB_M_RN(1.0),N_A,M,LI2,2013,2012,0,2012-06-29,INR,89020000
RBI:RBI_LIAB_M_RN(1.0),N_A,M,LI33,2013,2012,0,2012-05-25,INR,424770000
RBI:RBI_LIAB_M_RN(1.0),N_A,M,LI31,2013,2012,0,2012-05-25,INR,1008030000
RBI:RBI_LIAB_M_RN(1.0),N_A,M,LI4,2013,2012,0,2012-05-25,INR,6881277510000
RBI:RBI_LIAB_M_RN(1.0),N_A,M,LI3,2013,2012,0,2012-05-25,INR,3440177440000
RBI:RBI_LIAB_M_RN(1.0),N_A,M,LI1,2013,2012,0,2012-05-25,INR,11086619510000
RBI:RBI_LIAB_M_RN(1.0),N_A,M,LIA,2013,2012,0,2012-05-25,INR,10321454950000
RBI:RBI_LIAB_M_RN(1.0),N_A,M,NT_ISSU_TTL,2013,2012,0,2012-05-25,INR,11086738860000
RBI:RBI_LIAB_M_RN(1.0),N_A,M,LI38,2013,2012,0,2012-05-25,INR,108323900000
RBI:RBI_LIAB_M_RN(1.0),N_A,M,LI36,2013,2012,0,2012-05-25,INR,772380000
RBI:RBI_LIAB_M_RN(1.0),N_A,M,LI35,2013,2012,0,2012-05-25,INR,34106200000
RBI:RBI_LIAB_M_RN(1.0),N_A,M,LI34,2013,2012,0,2012-05-25,INR,3149622080000
RBI:RBI_LIAB_M_RN(1.0),N_A,M,LI37,2013,2012,0,2012-05-25,INR,145920080000
RBI:RBI_LIAB_M_RN(1.0),N_A,M,LI32,2013,2012,0,2012-05-25,INR,0.0
RBI:RBI_LIAB_M_RN(1.0),N_A,M,LI2,2013,2012,0,2012-05-25,INR,119350000
RBI:RBI_LIAB_M_RN(1.0),N_A,M,LI31,2013,2012,0,2012-04-27,INR,1009682000
RBI:RBI_LIAB_M_RN(1.0),N_A,M,LI35,2013,2012,0,2012-04-27,INR,33521552000
RBI:RBI_LIAB_M_RN(1.0),N_A,M,NT_ISSU_TTL,2013,2012,0,2012-04-27,INR,10928144538000
RBI:RBI_LIAB_M_RN(1.0),N_A,M,LI3,2013,2012,0,2012-04-27,INR,3528858632000
RBI:RBI_LIAB_M_RN(1.0),N_A,M,LI34,2013,2012,0,2012-04-27,INR,3233939822000
RBI:RBI_LIAB_M_RN(1.0),N_A,M,LI37,2013,2012,0,2012-04-27,INR,148909896000
RBI:RBI_LIAB_M_RN(1.0),N_A,M,LI33,2013,2012,0,2012-04-27,INR,424644000
RBI:RBI_LIAB_M_RN(1.0),N_A,M,LI2,2013,2012,0,2012-04-27,INR,161001000
RBI:RBI_LIAB_M_RN(1.0),N_A,M,LIA,2013,2012,0,2012-04-27,INR,9948427119000
RBI:RBI_LIAB_M_RN(1.0),N_A,M,LI32,2013,2012,0,2012-04-27,INR,0.0
RBI:RBI_LIAB_M_RN(1.0),N_A,M,LI1,2013,2012,0,2012-04-27,INR,10927983537000
RBI:RBI_LIAB_M_RN(1.0),N_A,M,LI38,2013,2012,0,2012-04-27,INR,110253189000
RBI:RBI_LIAB_M_RN(1.0),N_A,M,LI36,2013,2012,0,2012-04-27,INR,799847000
RBI:RBI_LIAB_M_RN(1.0),N_A,M,LI4,2013,2012,0,2012-04-27,INR,6419568487000
RBI:RBI_LIAB_M_RN(1.0),N_A,M,LI2,2012,2011,0,2012-03-30,INR,117070000
RBI:RBI_LIAB_M_RN(1.0),N_A,M,LI34,2012,2011,0,2012-03-30,INR,3465450930000
RBI:RBI_LIAB_M_RN(1.0),N_A,M,LI35,2012,2011,0,2012-03-30,INR,34462590000
RBI:RBI_LIAB_M_RN(1.0),N_A,M,LI33,2012,2011,0,2012-03-30,INR,424880000
RBI:RBI_LIAB_M_RN(1.0),N_A,M,LI3,2012,2011,0,2012-03-30,INR,4255355249999.9995
RBI:RBI_LIAB_M_RN(1.0),N_A,M,LI4,2012,2011,0,2012-03-30,INR,5990181860000
RBI:RBI_LIAB_M_RN(1.0),N_A,M,LI32,2012,2011,0,2012-03-30,INR,0.0
RBI:RBI_LIAB_M_RN(1.0),N_A,M,LI36,2012,2011,0,2012-03-30,INR,867300000
RBI:RBI_LIAB_M_RN(1.0),N_A,M,LIA,2012,2011,0,2012-03-30,INR,10245537110000
RBI:RBI_LIAB_M_RN(1.0),N_A,M,LI1,2012,2011,0,2012-03-30,INR,10558283750000
RBI:RBI_LIAB_M_RN(1.0),N_A,M,LI38,2012,2011,0,2012-03-30,INR,117077690000
RBI:RBI_LIAB_M_RN(1.0),N_A,M,LI31,2012,2011,0,2012-03-30,INR,489512050000
RBI:RBI_LIAB_M_RN(1.0),N_A,M,LI37,2012,2011,0,2012-03-30,INR,147559800000
RBI:RBI_LIAB_M_RN(1.0),N_A,M,NT_ISSU_TTL,2012,2011,0,2012-03-30,INR,10558400820000
RBI:RBI_LIAB_M_RN(1.0),N_A,M,LI36,2012,2011,0,2012-02-24,INR,657000000
RBI:RBI_LIAB_M_RN(1.0),N_A,M,LI38,2012,2011,0,2012-02-24,INR,104649370000
RBI:RBI_LIAB_M_RN(1.0),N_A,M,LI32,2012,2011,0,2012-02-24,INR,0.0
RBI:RBI_LIAB_M_RN(1.0),N_A,M,LI34,2012,2011,0,2012-02-24,INR,3117218330000
RBI:RBI_LIAB_M_RN(1.0),N_A,M,LI4,2012,2011,0,2012-02-24,INR,5345223230000
RBI:RBI_LIAB_M_RN(1.0),N_A,M,LI2,2012,2011,0,2012-02-24,INR,136830000
RBI:RBI_LIAB_M_RN(1.0),N_A,M,LI1,2012,2011,0,2012-02-24,INR,10433696260000
RBI:RBI_LIAB_M_RN(1.0),N_A,M,LIA,2012,2011,0,2012-02-24,INR,8763064600000
RBI:RBI_LIAB_M_RN(1.0),N_A,M,LI3,2012,2011,0,2012-02-24,INR,3417841370000
RBI:RBI_LIAB_M_RN(1.0),N_A,M,LI33,2012,2011,0,2012-02-24,INR,424720000
RBI:RBI_LIAB_M_RN(1.0),N_A,M,NT_ISSU_TTL,2012,2011,0,2012-02-24,INR,10433833090000
RBI:RBI_LIAB_M_RN(1.0),N_A,M,LI35,2012,2011,0,2012-02-24,INR,36648280000
RBI:RBI_LIAB_M_RN(1.0),N_A,M,LI31,2012,2011,0,2012-02-24,INR,1009090000
RBI:RBI_LIAB_M_RN(1.0),N_A,M,LI37,2012,2011,0,2012-02-24,INR,157234580000
RBI:RBI_LIAB_M_RN(1.0),N_A,M,LI34,2012,2011,0,2012-01-27,INR,3683646130000
RBI:RBI_LIAB_M_RN(1.0),N_A,M,LI35,2012,2011,0,2012-01-27,INR,38409110000
RBI:RBI_LIAB_M_RN(1.0),N_A,M,LI3,2012,2011,0,2012-01-27,INR,4014745360000
RBI:RBI_LIAB_M_RN(1.0),N_A,M,LI32,2012,2011,0,2012-01-27,INR,0.0
RBI:RBI_LIAB_M_RN(1.0),N_A,M,LI1,2012,2011,0,2012-01-27,INR,10245748160000
RBI:RBI_LIAB_M_RN(1.0),N_A,M,LI2,2012,2011,0,2012-01-27,INR,148950000
RBI:RBI_LIAB_M_RN(1.0),N_A,M,LI31,2012,2011,0,2012-01-27,INR,1005890000
RBI:RBI_LIAB_M_RN(1.0),N_A,M,LI33,2012,2011,0,2012-01-27,INR,424670000
RBI:RBI_LIAB_M_RN(1.0),N_A,M,LI38,2012,2011,0,2012-01-27,INR,120840900000
RBI:RBI_LIAB_M_RN(1.0),N_A,M,LI4,2012,2011,0,2012-01-27,INR,5462251230000
RBI:RBI_LIAB_M_RN(1.0),N_A,M,LI36,2012,2011,0,2012-01-27,INR,594790000
RBI:RBI_LIAB_M_RN(1.0),N_A,M,LI37,2012,2011,0,2012-01-27,INR,169823860000
RBI:RBI_LIAB_M_RN(1.0),N_A,M,LIA,2012,2011,0,2012-01-27,INR,9476996590000
RBI:RBI_LIAB_M_RN(1.0),N_A,M,NT_ISSU_TTL,2012,2011,0,2012-01-27,INR,10245897110000
RBI:RBI_LIAB_M_RN(1.0),N_A,M,LI34,2012,2011,0,2011-12-30,INR,3506100000000
RBI:RBI_LIAB_M_RN(1.0),N_A,M,LI31,2012,2011,0,2011-12-30,INR,1000000000
RBI:RBI_LIAB_M_RN(1.0),N_A,M,LI1,2012,2011,0,2011-12-30,INR,10067580000000
RBI:RBI_LIAB_M_RN(1.0),N_A,M,LI38,2012,2011,0,2011-12-30,INR,116940000000
RBI:RBI_LIAB_M_RN(1.0),N_A,M,LI35,2012,2011,0,2011-12-30,INR,39810000000
RBI:RBI_LIAB_M_RN(1.0),N_A,M,LI32,2012,2011,0,2011-12-30,INR,0.0
RBI:RBI_LIAB_M_RN(1.0),N_A,M,LI37,2012,2011,0,2011-12-30,INR,167510000000
RBI:RBI_LIAB_M_RN(1.0),N_A,M,LI3,2012,2011,0,2011-12-30,INR,3832400000000
RBI:RBI_LIAB_M_RN(1.0),N_A,M,LI36,2012,2011,0,2011-12-30,INR,620000000
RBI:RBI_LIAB_M_RN(1.0),N_A,M,LIA,2012,2011,0,2011-12-30,INR,10026300000000
RBI:RBI_LIAB_M_RN(1.0),N_A,M,LI4,2012,2011,0,2011-12-30,INR,6193900000000
RBI:RBI_LIAB_M_RN(1.0),N_A,M,LI2,2012,2011,0,2011-12-30,INR,90000000
RBI:RBI_LIAB_M_RN(1.0),N_A,M,LI33,2012,2011,0,2011-12-30,INR,420000000
RBI:RBI_LIAB_M_RN(1.0),N_A,M,NT_ISSU_TTL,2012,2011,0,2011-12-30,INR,10067670000000
RBI:RBI_LIAB_M_RN(1.0),N_A,M,LI35,2012,2011,0,2011-11-25,INR,38270000000
RBI:RBI_LIAB_M_RN(1.0),N_A,M,LI34,2012,2011,0,2011-11-25,INR,3799000000000
RBI:RBI_LIAB_M_RN(1.0),N_A,M,NT_ISSU_TTL,2012,2011,0,2011-11-25,INR,19801840000000
RBI:RBI_LIAB_M_RN(1.0),N_A,M,LI37,2012,2011,0,2011-11-25,INR,170380000000
RBI:RBI_LIAB_M_RN(1.0),N_A,M,LI2,2012,2011,0,2011-11-25,INR,160000000
RBI:RBI_LIAB_M_RN(1.0),N_A,M,LI33,2012,2011,0,2011-11-25,INR,420000000
RBI:RBI_LIAB_M_RN(1.0),N_A,M,LI1,2012,2011,0,2011-11-25,INR,10022670000000
RBI:RBI_LIAB_M_RN(1.0),N_A,M,LI4,2012,2011,0,2011-11-25,INR,5747730000000
RBI:RBI_LIAB_M_RN(1.0),N_A,M,LI31,2012,2011,0,2011-11-25,INR,1000000000
RBI:RBI_LIAB_M_RN(1.0),N_A,M,LI3,2012,2011,0,2011-11-25,INR,4116479999999.9995
RBI:RBI_LIAB_M_RN(1.0),N_A,M,LI32,2012,2011,0,2011-11-25,INR,0.0
RBI:RBI_LIAB_M_RN(1.0),N_A,M,LI38,2012,2011,0,2011-11-25,INR,107410000000
RBI:RBI_LIAB_M_RN(1.0),N_A,M,NT_ISSU_TTL,2012,2011,0,2011-10-28,INR,19327640000000
RBI:RBI_LIAB_M_RN(1.0),N_A,M,LI33,2012,2011,0,2011-10-28,INR,420000000
RBI:RBI_LIAB_M_RN(1.0),N_A,M,LI32,2012,2011,0,2011-10-28,INR,0.0
RBI:RBI_LIAB_M_RN(1.0),N_A,M,LI37,2012,2011,0,2011-10-28,INR,170810000000
RBI:RBI_LIAB_M_RN(1.0),N_A,M,LI1,2012,2011,0,2011-10-28,INR,9988290000000
RBI:RBI_LIAB_M_RN(1.0),N_A,M,LI2,2012,2011,0,2011-10-28,INR,60000000
RBI:RBI_LIAB_M_RN(1.0),N_A,M,LI34,2012,2011,0,2011-10-28,INR,3508700000000
RBI:RBI_LIAB_M_RN(1.0),N_A,M,LI4,2012,2011,0,2011-10-28,INR,5512910000000
RBI:RBI_LIAB_M_RN(1.0),N_A,M,LI3,2012,2011,0,2011-10-28,INR,3826380000000
RBI:RBI_LIAB_M_RN(1.0),N_A,M,LI31,2012,2011,0,2011-10-28,INR,1000000000
RBI:RBI_LIAB_M_RN(1.0),N_A,M,LI38,2012,2011,0,2011-10-28,INR,108350000000
RBI:RBI_LIAB_M_RN(1.0),N_A,M,LI35,2012,2011,0,2011-10-28,INR,37100000000
RBI:RBI_LIAB_M_RN(1.0),N_A,M,LI4,2012,2011,0,2011-09-30,INR,5127210000000
RBI:RBI_LIAB_M_RN(1.0),N_A,M,LI34,2012,2011,0,2011-09-30,INR,4025200000000
RBI:RBI_LIAB_M_RN(1.0),N_A,M,LI31,2012,2011,0,2011-09-30,INR,1010000000
RBI:RBI_LIAB_M_RN(1.0),N_A,M,LI2,2012,2011,0,2011-09-30,INR,200000000
RBI:RBI_LIAB_M_RN(1.0),N_A,M,LI3,2012,2011,0,2011-09-30,INR,4353939999999.9995
RBI:RBI_LIAB_M_RN(1.0),N_A,M,LI37,2012,2011,0,2011-09-30,INR,169790000000
RBI:RBI_LIAB_M_RN(1.0),N_A,M,LI33,2012,2011,0,2011-09-30,INR,420000000
RBI:RBI_LIAB_M_RN(1.0),N_A,M,LI32,2012,2011,0,2011-09-30,INR,0.0
RBI:RBI_LIAB_M_RN(1.0),N_A,M,NT_ISSU_TTL,2012,2011,0,2011-09-30,INR,19111500000000
RBI:RBI_LIAB_M_RN(1.0),N_A,M,LI35,2012,2011,0,2011-09-30,INR,37870000000
RBI:RBI_LIAB_M_RN(1.0),N_A,M,LI1,2012,2011,0,2011-09-30,INR,9630060000000
RBI:RBI_LIAB_M_RN(1.0),N_A,M,LI38,2012,2011,0,2011-09-30,INR,119650000000
RBI:RBI_LIAB_M_RN(1.0),N_A,M,LI4,2012,2011,0,2011-08-26,INR,4492050000000
RBI:RBI_LIAB_M_RN(1.0),N_A,M,LI1,2012,2011,0,2011-08-26,INR,9705850000000
RBI:RBI_LIAB_M_RN(1.0),N_A,M,LI3,2012,2011,0,2011-08-26,INR,3816110000000
RBI:RBI_LIAB_M_RN(1.0),N_A,M,LI35,2012,2011,0,2011-08-26,INR,36090000000
RBI:RBI_LIAB_M_RN(1.0),N_A,M,LI34,2012,2011,0,2011-08-26,INR,3624140000000
RBI:RBI_LIAB_M_RN(1.0),N_A,M,NT_ISSU_TTL,2012,2011,0,2011-08-26,INR,18171600000000
RBI:RBI_LIAB_M_RN(1.0),N_A,M,LI37,2012,2011,0,2011-08-26,INR,31920000000
RBI:RBI_LIAB_M_RN(1.0),N_A,M,LI38,2012,2011,0,2011-08-26,INR,122530000000
RBI:RBI_LIAB_M_RN(1.0),N_A,M,LI31,2012,2011,0,2011-08-26,INR,1010000000
RBI:RBI_LIAB_M_RN(1.0),N_A,M,LI2,2012,2011,0,2011-08-26,INR,150000000
RBI:RBI_LIAB_M_RN(1.0),N_A,M,LI32,2012,2011,0,2011-08-26,INR,0.0
RBI:RBI_LIAB_M_RN(1.0),N_A,M,LI33,2012,2011,0,2011-08-26,INR,420000000
RBI:RBI_LIAB_M_RN(1.0),N_A,M,LI3,2012,2011,0,2011-07-29,INR,3777640000000
RBI:RBI_LIAB_M_RN(1.0),N_A,M,LI37,2012,2011,0,2011-07-29,INR,31750000000
RBI:RBI_LIAB_M_RN(1.0),N_A,M,LI34,2012,2011,0,2011-07-29,INR,3598210000000
RBI:RBI_LIAB_M_RN(1.0),N_A,M,LI4,2012,2011,0,2011-07-29,INR,4119609999999.9995
RBI:RBI_LIAB_M_RN(1.0),N_A,M,LI33,2012,2011,0,2011-07-29,INR,420000000
RBI:RBI_LIAB_M_RN(1.0),N_A,M,LI31,2012,2011,0,2011-07-29,INR,1010000000
RBI:RBI_LIAB_M_RN(1.0),N_A,M,LI2,2012,2011,0,2011-07-29,INR,120000000
RBI:RBI_LIAB_M_RN(1.0),N_A,M,LI32,2012,2011,0,2011-07-29,INR,0.0
RBI:RBI_LIAB_M_RN(1.0),N_A,M,LI1,2012,2011,0,2011-07-29,INR,9631560000000
RBI:RBI_LIAB_M_RN(1.0),N_A,M,NT_ISSU_TTL,2012,2011,0,2011-07-29,INR,17658940000000
RBI:RBI_LIAB_M_RN(1.0),N_A,M,LI38,2012,2011,0,2011-07-29,INR,109410000000
RBI:RBI_LIAB_M_RN(1.0),N_A,M,LI35,2012,2011,0,2011-07-29,INR,36840000000
RBI:RBI_LIAB_M_RN(1.0),N_A,M,LI2,2012,2011,0,2011-06-24,INR,190000000
RBI:RBI_LIAB_M_RN(1.0),N_A,M,NT_ISSU_TTL,2012,2011,0,2011-06-24,INR,17582200000000
RBI:RBI_LIAB_M_RN(1.0),N_A,M,LI31,2012,2011,0,2011-06-24,INR,1000000000
RBI:RBI_LIAB_M_RN(1.0),N_A,M,LI3,2012,2011,0,2011-06-24,INR,3648970000000
RBI:RBI_LIAB_M_RN(1.0),N_A,M,LI32,2012,2011,0,2011-06-24,INR,0.0
RBI:RBI_LIAB_M_RN(1.0),N_A,M,LI37,2012,2011,0,2011-06-24,INR,36480000000
RBI:RBI_LIAB_M_RN(1.0),N_A,M,LI34,2012,2011,0,2011-06-24,INR,3559900000000
RBI:RBI_LIAB_M_RN(1.0),N_A,M,LI35,2012,2011,0,2011-06-24,INR,37170000000
RBI:RBI_LIAB_M_RN(1.0),N_A,M,LI4,2012,2011,0,2011-06-24,INR,3910410000000
RBI:RBI_LIAB_M_RN(1.0),N_A,M,LI38,2012,2011,0,2011-06-24,INR,14000000000
RBI:RBI_LIAB_M_RN(1.0),N_A,M,LI33,2012,2011,0,2011-06-24,INR,420000000
RBI:RBI_LIAB_M_RN(1.0),N_A,M,LI1,2012,2011,0,2011-06-24,INR,9795230000000
RBI:RBI_LIAB_M_RN(1.0),N_A,M,LI31,2012,2011,0,2011-05-27,INR,10100000000
RBI:RBI_LIAB_M_RN(1.0),N_A,M,LI37,2012,2011,0,2011-05-27,INR,316700000000
RBI:RBI_LIAB_M_RN(1.0),N_A,M,LI4,2012,2011,0,2011-05-27,INR,4033150000000
RBI:RBI_LIAB_M_RN(1.0),N_A,M,LI1,2012,2011,0,2011-05-27,INR,9813700000000
RBI:RBI_LIAB_M_RN(1.0),N_A,M,LI32,2012,2011,0,2011-05-27,INR,0.0
RBI:RBI_LIAB_M_RN(1.0),N_A,M,LI35,2012,2011,0,2011-05-27,INR,395600000000
RBI:RBI_LIAB_M_RN(1.0),N_A,M,LI34,2012,2011,0,2011-05-27,INR,3517500000000
RBI:RBI_LIAB_M_RN(1.0),N_A,M,LI33,2012,2011,0,2011-05-27,INR,4200000000
RBI:RBI_LIAB_M_RN(1.0),N_A,M,LI3,2012,2011,0,2011-05-27,INR,4365800000000
RBI:RBI_LIAB_M_RN(1.0),N_A,M,LI2,2012,2011,0,2011-05-27,INR,1900000000
RBI:RBI_LIAB_M_RN(1.0),N_A,M,LI38,2012,2011,0,2011-05-27,INR,121700000000
RBI:RBI_LIAB_M_RN(1.0),N_A,M,NT_ISSU_TTL,2012,2011,0,2011-05-27,INR,17686060000000
RBI:RBI_LIAB_M_RN(1.0),N_A,M,LI38,2012,2011,0,2011-04-29,INR,119150000000
RBI:RBI_LIAB_M_RN(1.0),N_A,M,LI37,2012,2011,0,2011-04-29,INR,36960000000
RBI:RBI_LIAB_M_RN(1.0),N_A,M,LI3,2012,2011,0,2011-04-29,INR,3724900000000
RBI:RBI_LIAB_M_RN(1.0),N_A,M,LI35,2012,2011,0,2011-04-29,INR,39490000000
RBI:RBI_LIAB_M_RN(1.0),N_A,M,LI4,2012,2011,0,2011-04-29,INR,3935350000000
RBI:RBI_LIAB_M_RN(1.0),N_A,M,LI32,2012,2011,0,2011-04-29,INR,0.0
RBI:RBI_LIAB_M_RN(1.0),N_A,M,NT_ISSU_TTL,2012,2011,0,2011-04-29,INR,17475880000000.002
RBI:RBI_LIAB_M_RN(1.0),N_A,M,LI31,2012,2011,0,2011-04-29,INR,1000000000
RBI:RBI_LIAB_M_RN(1.0),N_A,M,LI34,2012,2011,0,2011-04-29,INR,3527880000000
RBI:RBI_LIAB_M_RN(1.0),N_A,M,LI33,2012,2011,0,2011-04-29,INR,420000000
RBI:RBI_LIAB_M_RN(1.0),N_A,M,LI2,2012,2011,0,2011-04-29,INR,160000000
RBI:RBI_LIAB_M_RN(1.0),N_A,M,LI1,2012,2011,0,2011-04-29,INR,9689470000000
RBI:RBI_LIAB_M_RN(1.0),N_A,M,LI32,2011,2010,0,2011-03-31,INR,0.0
RBI:RBI_LIAB_M_RN(1.0),N_A,M,LI3,2011,2010,0,2011-03-31,INR,3565340000000
RBI:RBI_LIAB_M_RN(1.0),N_A,M,LI31,2011,2010,0,2011-03-31,INR,62930000000
RBI:RBI_LIAB_M_RN(1.0),N_A,M,LIA,2011,2010,0,2011-03-31,INR,7178850000000
RBI:RBI_LIAB_M_RN(1.0),N_A,M,LI2,2011,2010,0,2011-03-31,INR,170000000
RBI:RBI_LIAB_M_RN(1.0),N_A,M,NT_ISSU_TTL,2011,2010,0,2011-03-31,INR,9421240000000
RBI:RBI_LIAB_M_RN(1.0),N_A,M,LI38,2011,2010,0,2011-03-31,INR,122600000000
RBI:RBI_LIAB_M_RN(1.0),N_A,M,LI35,2011,2010,0,2011-03-31,INR,34940000000
RBI:RBI_LIAB_M_RN(1.0),N_A,M,LI34,2011,2010,0,2011-03-31,INR,3191630000000
RBI:RBI_LIAB_M_RN(1.0),N_A,M,LI37,2011,2010,0,2011-03-31,INR,151980000000
RBI:RBI_LIAB_M_RN(1.0),N_A,M,LI4,2011,2010,0,2011-03-31,INR,3613500000000
RBI:RBI_LIAB_M_RN(1.0),N_A,M,LI33,2011,2010,0,2011-03-31,INR,410000000
RBI:RBI_LIAB_M_RN(1.0),N_A,M,LI36,2011,2010,0,2011-03-31,INR,860000000
RBI:RBI_LIAB_M_RN(1.0),N_A,M,LI1,2011,2010,0,2011-03-31,INR,9421070000000
RBI:RBI_LIAB_M_RN(1.0),N_A,M,LI1,2011,2010,0,2011-02-25,INR,9287840000000
RBI:RBI_LIAB_M_RN(1.0),N_A,M,LI4,2011,2010,0,2011-02-25,INR,3688950000000
RBI:RBI_LIAB_M_RN(1.0),N_A,M,LI31,2011,2010,0,2011-02-25,INR,274980000000
RBI:RBI_LIAB_M_RN(1.0),N_A,M,LI37,2011,2010,0,2011-02-25,INR,150220000000
RBI:RBI_LIAB_M_RN(1.0),N_A,M,LI2,2011,2010,0,2011-02-25,INR,170000000
RBI:RBI_LIAB_M_RN(1.0),N_A,M,NT_ISSU_TTL,2011,2010,0,2011-02-25,INR,16721200000000
RBI:RBI_LIAB_M_RN(1.0),N_A,M,LI33,2011,2010,0,2011-02-25,INR,410000000
RBI:RBI_LIAB_M_RN(1.0),N_A,M,LI35,2011,2010,0,2011-02-25,INR,35690000000
RBI:RBI_LIAB_M_RN(1.0),N_A,M,LI34,2011,2010,0,2011-02-25,INR,3159780000000
RBI:RBI_LIAB_M_RN(1.0),N_A,M,LI32,2011,2010,0,2011-02-25,INR,0.0
RBI:RBI_LIAB_M_RN(1.0),N_A,M,LI38,2011,2010,0,2011-02-25,INR,123160000000
RBI:RBI_LIAB_M_RN(1.0),N_A,M,LI3,2011,2010,0,2011-02-25,INR,3744240000000
RBI:RBI_LIAB_M_RN(1.0),N_A,M,LI31,2011,2010,0,2011-01-28,INR,684710000000
RBI:RBI_LIAB_M_RN(1.0),N_A,M,LI2,2011,2010,0,2011-01-28,INR,80000000
RBI:RBI_LIAB_M_RN(1.0),N_A,M,LI38,2011,2010,0,2011-01-28,INR,220680000000
RBI:RBI_LIAB_M_RN(1.0),N_A,M,NT_ISSU_TTL,2011,2010,0,2011-01-28,INR,16828240000000.002
RBI:RBI_LIAB_M_RN(1.0),N_A,M,LI33,2011,2010,0,2011-01-28,INR,410000000
RBI:RBI_LIAB_M_RN(1.0),N_A,M,LI1,2011,2010,0,2011-01-28,INR,9125140000000
RBI:RBI_LIAB_M_RN(1.0),N_A,M,LI37,2011,2010,0,2011-01-28,INR,149360000000
RBI:RBI_LIAB_M_RN(1.0),N_A,M,LI32,2011,2010,0,2011-01-28,INR,0.0
RBI:RBI_LIAB_M_RN(1.0),N_A,M,LI35,2011,2010,0,2011-01-28,INR,34540000000
RBI:RBI_LIAB_M_RN(1.0),N_A,M,LI3,2011,2010,0,2011-01-28,INR,3996000000000
RBI:RBI_LIAB_M_RN(1.0),N_A,M,LI34,2011,2010,0,2011-01-28,INR,2906300000000
RBI:RBI_LIAB_M_RN(1.0),N_A,M,LI4,2011,2010,0,2011-01-28,INR,3707010000000
RBI:RBI_LIAB_M_RN(1.0),N_A,M,LI1,2011,2010,0,2010-12-31,INR,8945990000000
RBI:RBI_LIAB_M_RN(1.0),N_A,M,LI35,2011,2010,0,2010-12-31,INR,36750000000
RBI:RBI_LIAB_M_RN(1.0),N_A,M,LI4,2011,2010,0,2010-12-31,INR,3390020000000
RBI:RBI_LIAB_M_RN(1.0),N_A,M,LI3,2011,2010,0,2010-12-31,INR,4381680000000.0005
RBI:RBI_LIAB_M_RN(1.0),N_A,M,LI37,2011,2010,0,2010-12-31,INR,147170000000
RBI:RBI_LIAB_M_RN(1.0),N_A,M,LI38,2011,2010,0,2010-12-31,INR,123300000000
RBI:RBI_LIAB_M_RN(1.0),N_A,M,NT_ISSU_TTL,2011,2010,0,2010-12-31,INR,16717869999999.998
RBI:RBI_LIAB_M_RN(1.0),N_A,M,LI33,2011,2010,0,2010-12-31,INR,410000000
RBI:RBI_LIAB_M_RN(1.0),N_A,M,LI2,2011,2010,0,2010-12-31,INR,160000000
RBI:RBI_LIAB_M_RN(1.0),N_A,M,LI32,2011,2010,0,2010-12-31,INR,0.0
RBI:RBI_LIAB_M_RN(1.0),N_A,M,LI31,2011,2010,0,2010-12-31,INR,945370000000
RBI:RBI_LIAB_M_RN(1.0),N_A,M,LI34,2011,2010,0,2010-12-31,INR,3128680000000
RBI:RBI_LIAB_M_RN(1.0),N_A,M,NT_ISSU_TTL,2011,2010,0,2010-11-26,INR,16292450000000
RBI:RBI_LIAB_M_RN(1.0),N_A,M,LI3,2011,2010,0,2010-11-26,INR,3873400000000
RBI:RBI_LIAB_M_RN(1.0),N_A,M,LI37,2011,2010,0,2010-11-26,INR,152390000000
RBI:RBI_LIAB_M_RN(1.0),N_A,M,LI31,2011,2010,0,2010-11-26,INR,435250000000
RBI:RBI_LIAB_M_RN(1.0),N_A,M,LI35,2011,2010,0,2010-11-26,INR,38580000000
RBI:RBI_LIAB_M_RN(1.0),N_A,M,LI32,2011,2010,0,2010-11-26,INR,0.0
RBI:RBI_LIAB_M_RN(1.0),N_A,M,LI4,2011,2010,0,2010-11-26,INR,3526010000000
RBI:RBI_LIAB_M_RN(1.0),N_A,M,LI1,2011,2010,0,2010-11-26,INR,8892880000000
RBI:RBI_LIAB_M_RN(1.0),N_A,M,LI34,2011,2010,0,2010-11-26,INR,3108780000000
RBI:RBI_LIAB_M_RN(1.0),N_A,M,LI38,2011,2010,0,2010-11-26,INR,137990000000
RBI:RBI_LIAB_M_RN(1.0),N_A,M,LI33,2011,2010,0,2010-11-26,INR,410000000
RBI:RBI_LIAB_M_RN(1.0),N_A,M,LI2,2011,2010,0,2010-11-26,INR,160000000
RBI:RBI_LIAB_M_RN(1.0),N_A,M,LI4,2011,2010,0,2010-10-29,INR,3447280000000
RBI:RBI_LIAB_M_RN(1.0),N_A,M,LI33,2011,2010,0,2010-10-29,INR,410000000
RBI:RBI_LIAB_M_RN(1.0),N_A,M,LI35,2011,2010,0,2010-10-29,INR,38520000000
RBI:RBI_LIAB_M_RN(1.0),N_A,M,LI31,2011,2010,0,2010-10-29,INR,365590000000
RBI:RBI_LIAB_M_RN(1.0),N_A,M,LI34,2011,2010,0,2010-10-29,INR,3491600000000
RBI:RBI_LIAB_M_RN(1.0),N_A,M,LI32,2011,2010,0,2010-10-29,INR,0.0
RBI:RBI_LIAB_M_RN(1.0),N_A,M,LI38,2011,2010,0,2010-10-29,INR,133900000000
RBI:RBI_LIAB_M_RN(1.0),N_A,M,LI1,2011,2010,0,2010-10-29,INR,8618910000000
RBI:RBI_LIAB_M_RN(1.0),N_A,M,LI3,2011,2010,0,2010-10-29,INR,4182630000000
RBI:RBI_LIAB_M_RN(1.0),N_A,M,LI37,2011,2010,0,2010-10-29,INR,152610000000
RBI:RBI_LIAB_M_RN(1.0),N_A,M,NT_ISSU_TTL,2011,2010,0,2010-10-29,INR,16249020000000
RBI:RBI_LIAB_M_RN(1.0),N_A,M,LI2,2011,2010,0,2010-10-29,INR,220000000
RBI:RBI_LIAB_M_RN(1.0),N_A,M,LI4,2011,2010,0,2010-09-24,INR,3502780000000
RBI:RBI_LIAB_M_RN(1.0),N_A,M,LI1,2011,2010,0,2010-09-24,INR,8486840000000
RBI:RBI_LIAB_M_RN(1.0),N_A,M,LI31,2011,2010,0,2010-09-24,INR,155770000000
RBI:RBI_LIAB_M_RN(1.0),N_A,M,LI38,2011,2010,0,2010-09-24,INR,127940000000
RBI:RBI_LIAB_M_RN(1.0),N_A,M,LI3,2011,2010,0,2010-09-24,INR,3381500000000
RBI:RBI_LIAB_M_RN(1.0),N_A,M,LI33,2011,2010,0,2010-09-24,INR,410000000
RBI:RBI_LIAB_M_RN(1.0),N_A,M,LI35,2011,2010,0,2010-09-24,INR,37180000000
RBI:RBI_LIAB_M_RN(1.0),N_A,M,LI34,2011,2010,0,2010-09-24,INR,2917650000000
RBI:RBI_LIAB_M_RN(1.0),N_A,M,LI37,2011,2010,0,2010-09-24,INR,142550000000
RBI:RBI_LIAB_M_RN(1.0),N_A,M,LI32,2011,2010,0,2010-09-24,INR,0.0
RBI:RBI_LIAB_M_RN(1.0),N_A,M,NT_ISSU_TTL,2011,2010,0,2010-09-24,INR,15371290000000
RBI:RBI_LIAB_M_RN(1.0),N_A,M,LI2,2011,2010,0,2010-09-24,INR,170000000
RBI:RBI_LIAB_M_RN(1.0),N_A,M,LI34,2011,2010,0,2010-08-27,INR,2968300000000
RBI:RBI_LIAB_M_RN(1.0),N_A,M,NT_ISSU_TTL,2011,2010,0,2010-08-27,INR,15170360000000
RBI:RBI_LIAB_M_RN(1.0),N_A,M,LI37,2011,2010,0,2010-08-27,INR,141380000000
RBI:RBI_LIAB_M_RN(1.0),N_A,M,LI32,2011,2010,0,2010-08-27,INR,0.0
RBI:RBI_LIAB_M_RN(1.0),N_A,M,LI3,2011,2010,0,2010-08-27,INR,3278640000000
RBI:RBI_LIAB_M_RN(1.0),N_A,M,LI35,2011,2010,0,2010-08-27,INR,39520000000
RBI:RBI_LIAB_M_RN(1.0),N_A,M,LI4,2011,2010,0,2010-08-27,INR,3441760000000
RBI:RBI_LIAB_M_RN(1.0),N_A,M,LI38,2011,2010,0,2010-08-27,INR,128020000000.00002
RBI:RBI_LIAB_M_RN(1.0),N_A,M,LI1,2011,2010,0,2010-08-27,INR,8449799999999.999
RBI:RBI_LIAB_M_RN(1.0),N_A,M,LI33,2011,2010,0,2010-08-27,INR,410000000
RBI:RBI_LIAB_M_RN(1.0),N_A,M,LI2,2011,2010,0,2010-08-27,INR,150000000
RBI:RBI_LIAB_M_RN(1.0),N_A,M,LI31,2011,2010,0,2010-08-27,INR,1010000000
RBI:RBI_LIAB_M_RN(1.0),N_A,M,LI33,2011,2010,0,2010-07-30,INR,410000000
RBI:RBI_LIAB_M_RN(1.0),N_A,M,LI4,2011,2010,0,2010-07-30,INR,3626140000000
RBI:RBI_LIAB_M_RN(1.0),N_A,M,LI31,2011,2010,0,2010-07-30,INR,1000000000
RBI:RBI_LIAB_M_RN(1.0),N_A,M,LI38,2011,2010,0,2010-07-30,INR,132949999999.99998
RBI:RBI_LIAB_M_RN(1.0),N_A,M,LI1,2011,2010,0,2010-07-30,INR,8362160000000
RBI:RBI_LIAB_M_RN(1.0),N_A,M,NT_ISSU_TTL,2011,2010,0,2010-07-30,INR,15306600000000
RBI:RBI_LIAB_M_RN(1.0),N_A,M,LI34,2011,2010,0,2010-07-30,INR,3003050000000
RBI:RBI_LIAB_M_RN(1.0),N_A,M,LI3,2011,2010,0,2010-07-30,INR,3318090000000
RBI:RBI_LIAB_M_RN(1.0),N_A,M,LI35,2011,2010,0,2010-07-30,INR,39690000000
RBI:RBI_LIAB_M_RN(1.0),N_A,M,LI37,2011,2010,0,2010-07-30,INR,140990000000
RBI:RBI_LIAB_M_RN(1.0),N_A,M,LI2,2011,2010,0,2010-07-30,INR,200000000
RBI:RBI_LIAB_M_RN(1.0),N_A,M,LI32,2011,2010,0,2010-07-30,INR,0.0
RBI:RBI_LIAB_M_RN(1.0),N_A,M,NT_ISSU_TTL,2011,2010,0,2010-06-25,INR,15485510000000
RBI:RBI_LIAB_M_RN(1.0),N_A,M,LI38,2011,2010,0,2010-06-25,INR,118410000000
RBI:RBI_LIAB_M_RN(1.0),N_A,M,LI34,2011,2010,0,2010-06-25,INR,3075700000000
RBI:RBI_LIAB_M_RN(1.0),N_A,M,LI32,2011,2010,0,2010-06-25,INR,3170000000
RBI:RBI_LIAB_M_RN(1.0),N_A,M,LI2,2011,2010,0,2010-06-25,INR,210000000
RBI:RBI_LIAB_M_RN(1.0),N_A,M,LI1,2011,2010,0,2010-06-25,INR,8468290000000.001
RBI:RBI_LIAB_M_RN(1.0),N_A,M,LI37,2011,2010,0,2010-06-25,INR,146390000000
RBI:RBI_LIAB_M_RN(1.0),N_A,M,LI3,2011,2010,0,2010-06-25,INR,3651730000000
RBI:RBI_LIAB_M_RN(1.0),N_A,M,LI33,2011,2010,0,2010-06-25,INR,410000000
RBI:RBI_LIAB_M_RN(1.0),N_A,M,LI35,2011,2010,0,2010-06-25,INR,42340000000
RBI:RBI_LIAB_M_RN(1.0),N_A,M,LI31,2011,2010,0,2010-06-25,INR,265310000000
RBI:RBI_LIAB_M_RN(1.0),N_A,M,LI4,2011,2010,0,2010-06-25,INR,3365260000000
RBI:RBI_LIAB_M_RN(1.0),N_A,M,LI4,2011,2010,0,2010-05-28,INR,3066070000000
RBI:RBI_LIAB_M_RN(1.0),N_A,M,NT_ISSU_TTL,2011,2010,0,2010-05-28,INR,14909030000000
RBI:RBI_LIAB_M_RN(1.0),N_A,M,LI2,2011,2010,0,2010-05-28,INR,120000000
RBI:RBI_LIAB_M_RN(1.0),N_A,M,LI35,2011,2010,0,2010-05-28,INR,43370000000
RBI:RBI_LIAB_M_RN(1.0),N_A,M,LI34,2011,2010,0,2010-05-28,INR,3103260000000
RBI:RBI_LIAB_M_RN(1.0),N_A,M,LI33,2011,2010,0,2010-05-28,INR,410000000
RBI:RBI_LIAB_M_RN(1.0),N_A,M,LI3,2011,2010,0,2010-05-28,INR,3416020000000
RBI:RBI_LIAB_M_RN(1.0),N_A,M,LI1,2011,2010,0,2010-05-28,INR,8426809999999.999
RBI:RBI_LIAB_M_RN(1.0),N_A,M,LI31,2011,2010,0,2010-05-28,INR,1000000000
RBI:RBI_LIAB_M_RN(1.0),N_A,M,LI32,2011,2010,0,2010-05-28,INR,3170000000
RBI:RBI_LIAB_M_RN(1.0),N_A,M,LI38,2011,2010,0,2010-05-28,INR,121600000000
RBI:RBI_LIAB_M_RN(1.0),N_A,M,LI37,2011,2010,0,2010-05-28,INR,143210000000
RBI:RBI_LIAB_M_RN(1.0),N_A,M,LI3,2011,2010,0,2010-04-30,INR,3468850000000
RBI:RBI_LIAB_M_RN(1.0),N_A,M,LI37,2011,2010,0,2010-04-30,INR,143100000000
RBI:RBI_LIAB_M_RN(1.0),N_A,M,LI2,2011,2010,0,2010-04-30,INR,160000000
RBI:RBI_LIAB_M_RN(1.0),N_A,M,LI38,2011,2010,0,2010-04-30,INR,121160000000
RBI:RBI_LIAB_M_RN(1.0),N_A,M,LI4,2011,2010,0,2010-04-30,INR,2983550000000
RBI:RBI_LIAB_M_RN(1.0),N_A,M,LI1,2011,2010,0,2010-04-30,INR,8202030000000.001
RBI:RBI_LIAB_M_RN(1.0),N_A,M,NT_ISSU_TTL,2011,2010,0,2010-04-30,INR,14654580000000
RBI:RBI_LIAB_M_RN(1.0),N_A,M,LI34,2011,2010,0,2010-04-30,INR,3117610000000
RBI:RBI_LIAB_M_RN(1.0),N_A,M,LI32,2011,2010,0,2010-04-30,INR,27370000000
RBI:RBI_LIAB_M_RN(1.0),N_A,M,LI35,2011,2010,0,2010-04-30,INR,43110000000
RBI:RBI_LIAB_M_RN(1.0),N_A,M,LI33,2011,2010,0,2010-04-30,INR,4610000000
RBI:RBI_LIAB_M_RN(1.0),N_A,M,LI31,2011,2010,0,2010-04-30,INR,11890000000
RBI:RBI_LIAB_M_RN(1.0),N_A,M,LI34,2010,2009,0,2010-03-26,INR,2813900000000
RBI:RBI_LIAB_M_RN(1.0),N_A,M,LI35,2010,2009,0,2010-03-26,INR,39170000000
RBI:RBI_LIAB_M_RN(1.0),N_A,M,NT_ISSU_TTL,2010,2009,0,2010-03-26,INR,14258160000000
RBI:RBI_LIAB_M_RN(1.0),N_A,M,LI33,2010,2009,0,2010-03-26,INR,410000000
RBI:RBI_LIAB_M_RN(1.0),N_A,M,LI31,2010,2009,0,2010-03-26,INR,39330000000
RBI:RBI_LIAB_M_RN(1.0),N_A,M,LI1,2010,2009,0,2010-03-26,INR,7902230000000
RBI:RBI_LIAB_M_RN(1.0),N_A,M,LI4,2010,2009,0,2010-03-26,INR,3166420000000
RBI:RBI_LIAB_M_RN(1.0),N_A,M,LI32,2010,2009,0,2010-03-26,INR,27370000000
RBI:RBI_LIAB_M_RN(1.0),N_A,M,LI38,2010,2009,0,2010-03-26,INR,137190000000
RBI:RBI_LIAB_M_RN(1.0),N_A,M,LI37,2010,2009,0,2010-03-26,INR,131970000000
RBI:RBI_LIAB_M_RN(1.0),N_A,M,LI2,2010,2009,0,2010-03-26,INR,160000000
RBI:RBI_LIAB_M_RN(1.0),N_A,M,LI3,2010,2009,0,2010-03-26,INR,3189340000000
RBI:RBI_LIAB_M_RN(1.0),N_A,M,NT_ISSU_TTL,2010,2009,0,2010-02-26,INR,14404220000000
RBI:RBI_LIAB_M_RN(1.0),N_A,M,LI1,2010,2009,0,2010-02-26,INR,7750400000000
RBI:RBI_LIAB_M_RN(1.0),N_A,M,LI38,2010,2009,0,2010-02-26,INR,118830000000
RBI:RBI_LIAB_M_RN(1.0),N_A,M,LI4,2010,2009,0,2010-02-26,INR,3469680000000
RBI:RBI_LIAB_M_RN(1.0),N_A,M,LI33,2010,2009,0,2010-02-26,INR,19790000000
RBI:RBI_LIAB_M_RN(1.0),N_A,M,LI37,2010,2009,0,2010-02-26,INR,130110000000.00002
RBI:RBI_LIAB_M_RN(1.0),N_A,M,LI3,2010,2009,0,2010-02-26,INR,3184000000000
RBI:RBI_LIAB_M_RN(1.0),N_A,M,LI34,2010,2009,0,2010-02-26,INR,2796950000000
RBI:RBI_LIAB_M_RN(1.0),N_A,M,LI35,2010,2009,0,2010-02-26,INR,38730000000
RBI:RBI_LIAB_M_RN(1.0),N_A,M,LI31,2010,2009,0,2010-02-26,INR,2220000000
RBI:RBI_LIAB_M_RN(1.0),N_A,M,LI2,2010,2009,0,2010-02-26,INR,140000000
RBI:RBI_LIAB_M_RN(1.0),N_A,M,LI32,2010,2009,0,2010-02-26,INR,77370000000
RBI:RBI_LIAB_M_RN(1.0),N_A,M,LI3,2010,2009,0,2010-01-29,INR,2732190000000
RBI:RBI_LIAB_M_RN(1.0),N_A,M,LI34,2010,2009,0,2010-01-29,INR,2342440000000
RBI:RBI_LIAB_M_RN(1.0),N_A,M,NT_ISSU_TTL,2010,2009,0,2010-01-29,INR,13985060000000
RBI:RBI_LIAB_M_RN(1.0),N_A,M,LI2,2010,2009,0,2010-01-29,INR,190000000
RBI:RBI_LIAB_M_RN(1.0),N_A,M,LI4,2010,2009,0,2010-01-29,INR,3636460000000
RBI:RBI_LIAB_M_RN(1.0),N_A,M,LI35,2010,2009,0,2010-01-29,INR,32020000000.000004
RBI:RBI_LIAB_M_RN(1.0),N_A,M,LI31,2010,2009,0,2010-01-29,INR,42110000000
RBI:RBI_LIAB_M_RN(1.0),N_A,M,LI33,2010,2009,0,2010-01-29,INR,410000000
RBI:RBI_LIAB_M_RN(1.0),N_A,M,LI1,2010,2009,0,2010-01-29,INR,7616220000000
RBI:RBI_LIAB_M_RN(1.0),N_A,M,LI32,2010,2009,0,2010-01-29,INR,77370000000
RBI:RBI_LIAB_M_RN(1.0),N_A,M,LI38,2010,2009,0,2010-01-29,INR,125530000000
RBI:RBI_LIAB_M_RN(1.0),N_A,M,LI37,2010,2009,0,2010-01-29,INR,112310000000
RBI:RBI_LIAB_M_RN(1.0),N_A,M,LI37,2010,2009,0,2009-12-25,INR,112690000000
RBI:RBI_LIAB_M_RN(1.0),N_A,M,LI32,2010,2009,0,2009-12-25,INR,187730000000
RBI:RBI_LIAB_M_RN(1.0),N_A,M,LI31,2010,2009,0,2009-12-25,INR,535380000000
RBI:RBI_LIAB_M_RN(1.0),N_A,M,LI4,2010,2009,0,2009-12-25,INR,3881390000000
RBI:RBI_LIAB_M_RN(1.0),N_A,M,LI3,2010,2009,0,2009-12-25,INR,3462100000000
RBI:RBI_LIAB_M_RN(1.0),N_A,M,LI34,2010,2009,0,2009-12-25,INR,2471960000000
RBI:RBI_LIAB_M_RN(1.0),N_A,M,NT_ISSU_TTL,2010,2009,0,2009-12-25,INR,14889530000000
RBI:RBI_LIAB_M_RN(1.0),N_A,M,LI33,2010,2009,0,2009-12-25,INR,410000000
RBI:RBI_LIAB_M_RN(1.0),N_A,M,LI38,2010,2009,0,2009-12-25,INR,118400000000
RBI:RBI_LIAB_M_RN(1.0),N_A,M,LI1,2010,2009,0,2009-12-25,INR,7545870000000
RBI:RBI_LIAB_M_RN(1.0),N_A,M,LI2,2010,2009,0,2009-12-25,INR,160000000
RBI:RBI_LIAB_M_RN(1.0),N_A,M,LI35,2010,2009,0,2009-12-25,INR,35530000000
RBI:RBI_LIAB_M_RN(1.0),N_A,M,LI1,2010,2009,0,2009-11-27,INR,7412270000000
RBI:RBI_LIAB_M_RN(1.0),N_A,M,NT_ISSU_TTL,2010,2009,0,2009-11-27,INR,14323070000000
RBI:RBI_LIAB_M_RN(1.0),N_A,M,LI37,2010,2009,0,2009-11-27,INR,107610000000
RBI:RBI_LIAB_M_RN(1.0),N_A,M,LI34,2010,2009,0,2009-11-27,INR,2286090000000
RBI:RBI_LIAB_M_RN(1.0),N_A,M,LI3,2010,2009,0,2009-11-27,INR,2832740000000
RBI:RBI_LIAB_M_RN(1.0),N_A,M,LI31,2010,2009,0,2009-11-27,INR,85600000000
RBI:RBI_LIAB_M_RN(1.0),N_A,M,LI33,2010,2009,0,2009-11-27,INR,1830000000
RBI:RBI_LIAB_M_RN(1.0),N_A,M,LI35,2010,2009,0,2009-11-27,INR,34100000000
RBI:RBI_LIAB_M_RN(1.0),N_A,M,LI32,2010,2009,0,2009-11-27,INR,187730000000
RBI:RBI_LIAB_M_RN(1.0),N_A,M,LI4,2010,2009,0,2009-11-27,INR,4077920000000
RBI:RBI_LIAB_M_RN(1.0),N_A,M,LI38,2010,2009,0,2009-11-27,INR,129780000000
RBI:RBI_LIAB_M_RN(1.0),N_A,M,LI2,2010,2009,0,2009-11-27,INR,140000000
RBI:RBI_LIAB_M_RN(1.0),N_A,M,LI4,2010,2009,0,2009-10-30,INR,4040650000000
RBI:RBI_LIAB_M_RN(1.0),N_A,M,LI2,2010,2009,0,2009-10-30,INR,230000000
RBI:RBI_LIAB_M_RN(1.0),N_A,M,LI34,2010,2009,0,2009-10-30,INR,2421990000000
RBI:RBI_LIAB_M_RN(1.0),N_A,M,LI32,2010,2009,0,2009-10-30,INR,187730000000
RBI:RBI_LIAB_M_RN(1.0),N_A,M,LI38,2010,2009,0,2009-10-30,INR,119980000000
RBI:RBI_LIAB_M_RN(1.0),N_A,M,LI31,2010,2009,0,2009-10-30,INR,194910000000
RBI:RBI_LIAB_M_RN(1.0),N_A,M,LI35,2010,2009,0,2009-10-30,INR,32500000000
RBI:RBI_LIAB_M_RN(1.0),N_A,M,LI37,2010,2009,0,2009-10-30,INR,108220000000
RBI:RBI_LIAB_M_RN(1.0),N_A,M,LI33,2010,2009,0,2009-10-30,INR,410000000
RBI:RBI_LIAB_M_RN(1.0),N_A,M,NT_ISSU_TTL,2010,2009,0,2009-10-30,INR,14366460000000
RBI:RBI_LIAB_M_RN(1.0),N_A,M,LI1,2010,2009,0,2009-10-30,INR,7259840000000
RBI:RBI_LIAB_M_RN(1.0),N_A,M,LI3,2010,2009,0,2009-10-30,INR,3065740000000
RBI:RBI_LIAB_M_RN(1.0),N_A,M,LI4,2010,2009,0,2009-09-25,INR,4177870000000
RBI:RBI_LIAB_M_RN(1.0),N_A,M,LI32,2010,2009,0,2009-09-25,INR,187730000000
RBI:RBI_LIAB_M_RN(1.0),N_A,M,LI31,2010,2009,0,2009-09-25,INR,308750000000
RBI:RBI_LIAB_M_RN(1.0),N_A,M,LI35,2010,2009,0,2009-09-25,INR,31080000000
RBI:RBI_LIAB_M_RN(1.0),N_A,M,LI34,2010,2009,0,2009-09-25,INR,2256810000000
RBI:RBI_LIAB_M_RN(1.0),N_A,M,LI33,2010,2009,0,2009-09-25,INR,410000000
RBI:RBI_LIAB_M_RN(1.0),N_A,M,LI1,2010,2009,0,2009-09-25,INR,7113160000000
RBI:RBI_LIAB_M_RN(1.0),N_A,M,NT_ISSU_TTL,2010,2009,0,2009-09-25,INR,14304360000000
RBI:RBI_LIAB_M_RN(1.0),N_A,M,LI37,2010,2009,0,2009-09-25,INR,105010000000
RBI:RBI_LIAB_M_RN(1.0),N_A,M,LI38,2010,2009,0,2009-09-25,INR,123330000000
RBI:RBI_LIAB_M_RN(1.0),N_A,M,LI3,2010,2009,0,2009-09-25,INR,3013120000000
RBI:RBI_LIAB_M_RN(1.0),N_A,M,LI2,2010,2009,0,2009-09-25,INR,200000000
RBI:RBI_LIAB_M_RN(1.0),N_A,M,LI38,2010,2009,0,2009-08-28,INR,137110000000.00002
RBI:RBI_LIAB_M_RN(1.0),N_A,M,LI34,2010,2009,0,2009-08-28,INR,2104310000000
RBI:RBI_LIAB_M_RN(1.0),N_A,M,LI4,2010,2009,0,2009-08-28,INR,4281590000000
RBI:RBI_LIAB_M_RN(1.0),N_A,M,NT_ISSU_TTL,2010,2009,0,2009-08-28,INR,14123220000000
RBI:RBI_LIAB_M_RN(1.0),N_A,M,LI35,2010,2009,0,2009-08-28,INR,30810000000
RBI:RBI_LIAB_M_RN(1.0),N_A,M,LI1,2010,2009,0,2009-08-28,INR,6960580000000
RBI:RBI_LIAB_M_RN(1.0),N_A,M,LI33,2010,2009,0,2009-08-28,INR,410000000
RBI:RBI_LIAB_M_RN(1.0),N_A,M,LI32,2010,2009,0,2009-08-28,INR,187730000000
RBI:RBI_LIAB_M_RN(1.0),N_A,M,LI31,2010,2009,0,2009-08-28,INR,314620000000
RBI:RBI_LIAB_M_RN(1.0),N_A,M,LI37,2010,2009,0,2009-08-28,INR,105930000000
RBI:RBI_LIAB_M_RN(1.0),N_A,M,LI3,2010,2009,0,2009-08-28,INR,2880920000000
RBI:RBI_LIAB_M_RN(1.0),N_A,M,LI2,2010,2009,0,2009-08-28,INR,150000000
RBI:RBI_LIAB_M_RN(1.0),N_A,M,LI35,2010,2009,0,2009-07-31,INR,31520000000
RBI:RBI_LIAB_M_RN(1.0),N_A,M,LI31,2010,2009,0,2009-07-31,INR,104130000000
RBI:RBI_LIAB_M_RN(1.0),N_A,M,LI3,2010,2009,0,2009-07-31,INR,2672900000000
RBI:RBI_LIAB_M_RN(1.0),N_A,M,LI33,2010,2009,0,2009-07-31,INR,410000000
RBI:RBI_LIAB_M_RN(1.0),N_A,M,LI34,2010,2009,0,2009-07-31,INR,2096139999999.9998
RBI:RBI_LIAB_M_RN(1.0),N_A,M,LI37,2010,2009,0,2009-07-31,INR,104440000000
RBI:RBI_LIAB_M_RN(1.0),N_A,M,LI2,2010,2009,0,2009-07-31,INR,150000000
RBI:RBI_LIAB_M_RN(1.0),N_A,M,LI1,2010,2009,0,2009-07-31,INR,6934090000000
RBI:RBI_LIAB_M_RN(1.0),N_A,M,NT_ISSU_TTL,2010,2009,0,2009-07-31,INR,13963020000000
RBI:RBI_LIAB_M_RN(1.0),N_A,M,LI32,2010,2009,0,2009-07-31,INR,210630000000
RBI:RBI_LIAB_M_RN(1.0),N_A,M,LI4,2010,2009,0,2009-07-31,INR,4355890000000.0005
RBI:RBI_LIAB_M_RN(1.0),N_A,M,LI38,2010,2009,0,2009-07-31,INR,125630000000
RBI:RBI_LIAB_M_RN(1.0),N_A,M,LI31,2010,2009,0,2009-06-26,INR,1010000000
RBI:RBI_LIAB_M_RN(1.0),N_A,M,LI4,2010,2009,0,2009-06-26,INR,4167760000000
RBI:RBI_LIAB_M_RN(1.0),N_A,M,LI34,2010,2009,0,2009-06-26,INR,2063909999999.9998
RBI:RBI_LIAB_M_RN(1.0),N_A,M,LI37,2010,2009,0,2009-06-26,INR,100510000000
RBI:RBI_LIAB_M_RN(1.0),N_A,M,LI32,2010,2009,0,2009-06-26,INR,228900000000
RBI:RBI_LIAB_M_RN(1.0),N_A,M,NT_ISSU_TTL,2010,2009,0,2009-06-26,INR,13772010000000
RBI:RBI_LIAB_M_RN(1.0),N_A,M,LI2,2010,2009,0,2009-06-26,INR,260000000
RBI:RBI_LIAB_M_RN(1.0),N_A,M,LI33,2010,2009,0,2009-06-26,INR,410000000
RBI:RBI_LIAB_M_RN(1.0),N_A,M,LI3,2010,2009,0,2009-06-26,INR,2560840000000
RBI:RBI_LIAB_M_RN(1.0),N_A,M,LI1,2010,2009,0,2009-06-26,INR,7043140000000
RBI:RBI_LIAB_M_RN(1.0),N_A,M,LI35,2010,2009,0,2009-06-26,INR,32689999999.999996
RBI:RBI_LIAB_M_RN(1.0),N_A,M,LI38,2010,2009,0,2009-06-26,INR,133410000000
RBI:RBI_LIAB_M_RN(1.0),N_A,M,LI38,2010,2009,0,2009-05-29,INR,130550000000.00002
RBI:RBI_LIAB_M_RN(1.0),N_A,M,LI3,2010,2009,0,2009-05-29,INR,2825100000000
RBI:RBI_LIAB_M_RN(1.0),N_A,M,LI37,2010,2009,0,2009-05-29,INR,99330000000
RBI:RBI_LIAB_M_RN(1.0),N_A,M,LI31,2010,2009,0,2009-05-29,INR,1010000000
RBI:RBI_LIAB_M_RN(1.0),N_A,M,LI35,2010,2009,0,2009-05-29,INR,30280000000
RBI:RBI_LIAB_M_RN(1.0),N_A,M,LI2,2010,2009,0,2009-05-29,INR,250000000
RBI:RBI_LIAB_M_RN(1.0),N_A,M,LI33,2010,2009,0,2009-05-29,INR,410000000
RBI:RBI_LIAB_M_RN(1.0),N_A,M,LI4,2010,2009,0,2009-05-29,INR,3790370000000
RBI:RBI_LIAB_M_RN(1.0),N_A,M,NT_ISSU_TTL,2010,2009,0,2009-05-29,INR,13709110000000
RBI:RBI_LIAB_M_RN(1.0),N_A,M,LI34,2010,2009,0,2009-05-29,INR,2164620000000
RBI:RBI_LIAB_M_RN(1.0),N_A,M,LI32,2010,2009,0,2009-05-29,INR,398900000000
RBI:RBI_LIAB_M_RN(1.0),N_A,M,LI1,2010,2009,0,2009-05-29,INR,7093390000000
RBI:RBI_LIAB_M_RN(1.0),N_A,M,NT_ISSU_TTL,2010,2009,0,2009-04-24,INR,14190710000000
RBI:RBI_LIAB_M_RN(1.0),N_A,M,LI37,2010,2009,0,2009-04-24,INR,102770000000
RBI:RBI_LIAB_M_RN(1.0),N_A,M,LI35,2010,2009,0,2009-04-24,INR,31220000000
RBI:RBI_LIAB_M_RN(1.0),N_A,M,LI38,2010,2009,0,2009-04-24,INR,164320000000
RBI:RBI_LIAB_M_RN(1.0),N_A,M,LI32,2010,2009,0,2009-04-24,INR,702160000000
RBI:RBI_LIAB_M_RN(1.0),N_A,M,LI31,2010,2009,0,2009-04-24,INR,1010000000
RBI:RBI_LIAB_M_RN(1.0),N_A,M,LI1,2010,2009,0,2009-04-24,INR,7043020000000
RBI:RBI_LIAB_M_RN(1.0),N_A,M,LI34,2010,2009,0,2009-04-24,INR,2228520000000
RBI:RBI_LIAB_M_RN(1.0),N_A,M,LI33,2010,2009,0,2009-04-24,INR,410000000
RBI:RBI_LIAB_M_RN(1.0),N_A,M,LI3,2010,2009,0,2009-04-24,INR,3230410000000
RBI:RBI_LIAB_M_RN(1.0),N_A,M,LI2,2010,2009,0,2009-04-24,INR,170000000
RBI:RBI_LIAB_M_RN(1.0),N_A,M,LI4,2010,2009,0,2009-04-24,INR,3917110000000
RBI:RBI_LIAB_M_RN(1.0),N_A,M,LI34,2009,2008,0,2009-03-27,INR,2381950000000
RBI:RBI_LIAB_M_RN(1.0),N_A,M,LI32,2009,2008,0,2009-03-27,INR,880770000000
RBI:RBI_LIAB_M_RN(1.0),N_A,M,NT_ISSU_TTL,2009,2008,0,2009-03-27,INR,14296310000000
RBI:RBI_LIAB_M_RN(1.0),N_A,M,LI1,2009,2008,0,2009-03-27,INR,6810580000000
RBI:RBI_LIAB_M_RN(1.0),N_A,M,LI37,2009,2008,0,2009-03-27,INR,98280000000
RBI:RBI_LIAB_M_RN(1.0),N_A,M,LI2,2009,2008,0,2009-03-27,INR,160000000
RBI:RBI_LIAB_M_RN(1.0),N_A,M,LI4,2009,2008,0,2009-03-27,INR,3964020000000
RBI:RBI_LIAB_M_RN(1.0),N_A,M,LI31,2009,2008,0,2009-03-27,INR,1010000000
RBI:RBI_LIAB_M_RN(1.0),N_A,M,LI38,2009,2008,0,2009-03-27,INR,117680000000
RBI:RBI_LIAB_M_RN(1.0),N_A,M,LI35,2009,2008,0,2009-03-27,INR,31420000000
RBI:RBI_LIAB_M_RN(1.0),N_A,M,LI3,2009,2008,0,2009-03-27,INR,3521560000000
RBI:RBI_LIAB_M_RN(1.0),N_A,M,LI33,2009,2008,0,2009-03-27,INR,10450000000
RBI:RBI_LIAB_M_RN(1.0),N_A,M,LI33,2009,2008,0,2009-02-27,INR,410000000
RBI:RBI_LIAB_M_RN(1.0),N_A,M,LI38,2009,2008,0,2009-02-27,INR,127610000000
RBI:RBI_LIAB_M_RN(1.0),N_A,M,LI31,2009,2008,0,2009-02-27,INR,1010000000
RBI:RBI_LIAB_M_RN(1.0),N_A,M,LI3,2009,2008,0,2009-02-27,INR,3214060000000
RBI:RBI_LIAB_M_RN(1.0),N_A,M,LI34,2009,2008,0,2009-02-27,INR,1944660000000
RBI:RBI_LIAB_M_RN(1.0),N_A,M,LI37,2009,2008,0,2009-02-27,INR,94100000000
RBI:RBI_LIAB_M_RN(1.0),N_A,M,LI35,2009,2008,0,2009-02-27,INR,26360000000
RBI:RBI_LIAB_M_RN(1.0),N_A,M,NT_ISSU_TTL,2009,2008,0,2009-02-27,INR,13528690000000
RBI:RBI_LIAB_M_RN(1.0),N_A,M,LI32,2009,2008,0,2009-02-27,INR,1019910000000
RBI:RBI_LIAB_M_RN(1.0),N_A,M,LI2,2009,2008,0,2009-02-27,INR,170000000
RBI:RBI_LIAB_M_RN(1.0),N_A,M,LI4,2009,2008,0,2009-02-27,INR,3662030000000
RBI:RBI_LIAB_M_RN(1.0),N_A,M,LI1,2009,2008,0,2009-02-27,INR,6652430000000
RBI:RBI_LIAB_M_RN(1.0),N_A,M,LI2,2009,2008,0,2009-01-30,INR,150000000
RBI:RBI_LIAB_M_RN(1.0),N_A,M,LI35,2009,2008,0,2009-01-30,INR,26190000000
RBI:RBI_LIAB_M_RN(1.0),N_A,M,LI4,2009,2008,0,2009-01-30,INR,3223930000000
RBI:RBI_LIAB_M_RN(1.0),N_A,M,LI31,2009,2008,0,2009-01-30,INR,1000000000
RBI:RBI_LIAB_M_RN(1.0),N_A,M,LI38,2009,2008,0,2009-01-30,INR,133889999999.99998
RBI:RBI_LIAB_M_RN(1.0),N_A,M,LI1,2009,2008,0,2009-01-30,INR,6492260000000
RBI:RBI_LIAB_M_RN(1.0),N_A,M,LI3,2009,2008,0,2009-01-30,INR,3310410000000
RBI:RBI_LIAB_M_RN(1.0),N_A,M,NT_ISSU_TTL,2009,2008,0,2009-01-30,INR,13026750000000
RBI:RBI_LIAB_M_RN(1.0),N_A,M,LI34,2009,2008,0,2009-01-30,INR,1966770000000
RBI:RBI_LIAB_M_RN(1.0),N_A,M,LI37,2009,2008,0,2009-01-30,INR,94510000000
RBI:RBI_LIAB_M_RN(1.0),N_A,M,LI33,2009,2008,0,2009-01-30,INR,410000000
RBI:RBI_LIAB_M_RN(1.0),N_A,M,LI32,2009,2008,0,2009-01-30,INR,1087640000000.0001
RBI:RBI_LIAB_M_RN(1.0),N_A,M,LI38,2009,2008,0,2008-12-26,INR,117060000000
RBI:RBI_LIAB_M_RN(1.0),N_A,M,LI2,2009,2008,0,2008-12-26,INR,230000000
RBI:RBI_LIAB_M_RN(1.0),N_A,M,LI31,2009,2008,0,2008-12-26,INR,1010000000
RBI:RBI_LIAB_M_RN(1.0),N_A,M,LI35,2009,2008,0,2008-12-26,INR,27450000000
RBI:RBI_LIAB_M_RN(1.0),N_A,M,LI1,2009,2008,0,2008-12-26,INR,6412450000000
RBI:RBI_LIAB_M_RN(1.0),N_A,M,LI34,2009,2008,0,2008-12-26,INR,2198670000000
RBI:RBI_LIAB_M_RN(1.0),N_A,M,NT_ISSU_TTL,2009,2008,0,2008-12-26,INR,13322660000000
RBI:RBI_LIAB_M_RN(1.0),N_A,M,LI33,2009,2008,0,2008-12-26,INR,410000000
RBI:RBI_LIAB_M_RN(1.0),N_A,M,LI3,2009,2008,0,2008-12-26,INR,3644060000000
RBI:RBI_LIAB_M_RN(1.0),N_A,M,LI32,2009,2008,0,2008-12-26,INR,1200500000000
RBI:RBI_LIAB_M_RN(1.0),N_A,M,LI4,2009,2008,0,2008-12-26,INR,3265920000000
RBI:RBI_LIAB_M_RN(1.0),N_A,M,LI37,2009,2008,0,2008-12-26,INR,98960000000
RBI:RBI_LIAB_M_RN(1.0),N_A,M,LI2,2009,2008,0,2008-11-28,INR,1120000000
RBI:RBI_LIAB_M_RN(1.0),N_A,M,NT_ISSU_TTL,2009,2008,0,2008-11-28,INR,13644460000000
RBI:RBI_LIAB_M_RN(1.0),N_A,M,LI38,2009,2008,0,2008-11-28,INR,119640000000
RBI:RBI_LIAB_M_RN(1.0),N_A,M,LI3,2009,2008,0,2008-11-28,INR,3910770000000
RBI:RBI_LIAB_M_RN(1.0),N_A,M,LI32,2009,2008,0,2008-11-28,INR,1325310000000
RBI:RBI_LIAB_M_RN(1.0),N_A,M,LI31,2009,2008,0,2008-11-28,INR,1010000000
RBI:RBI_LIAB_M_RN(1.0),N_A,M,LI33,2009,2008,0,2008-11-28,INR,410000000
RBI:RBI_LIAB_M_RN(1.0),N_A,M,LI35,2009,2008,0,2008-11-28,INR,27800000000
RBI:RBI_LIAB_M_RN(1.0),N_A,M,LI37,2009,2008,0,2008-11-28,INR,100530000000
RBI:RBI_LIAB_M_RN(1.0),N_A,M,LI4,2009,2008,0,2008-11-28,INR,3408020000000
RBI:RBI_LIAB_M_RN(1.0),N_A,M,LI34,2009,2008,0,2008-11-28,INR,2336070000000
RBI:RBI_LIAB_M_RN(1.0),N_A,M,LI1,2009,2008,0,2008-11-28,INR,6324540000000
RBI:RBI_LIAB_M_RN(1.0),N_A,M,LI2,2009,2008,0,2008-10-31,INR,260000000
RBI:RBI_LIAB_M_RN(1.0),N_A,M,LI34,2009,2008,0,2008-10-31,INR,2657730000000
RBI:RBI_LIAB_M_RN(1.0),N_A,M,NT_ISSU_TTL,2009,2008,0,2008-10-31,INR,14384810000000
RBI:RBI_LIAB_M_RN(1.0),N_A,M,LI38,2009,2008,0,2008-10-31,INR,123800000000
RBI:RBI_LIAB_M_RN(1.0),N_A,M,LI31,2009,2008,0,2008-10-31,INR,1000000000
RBI:RBI_LIAB_M_RN(1.0),N_A,M,LI1,2009,2008,0,2008-10-31,INR,6382040000000
RBI:RBI_LIAB_M_RN(1.0),N_A,M,LI4,2009,2008,0,2008-10-31,INR,3409460000000
RBI:RBI_LIAB_M_RN(1.0),N_A,M,LI32,2009,2008,0,2008-10-31,INR,1651870000000
RBI:RBI_LIAB_M_RN(1.0),N_A,M,LI35,2009,2008,0,2008-10-31,INR,34670000000
RBI:RBI_LIAB_M_RN(1.0),N_A,M,LI37,2009,2008,0,2008-10-31,INR,123550000000
RBI:RBI_LIAB_M_RN(1.0),N_A,M,LI33,2009,2008,0,2008-10-31,INR,410000000
RBI:RBI_LIAB_M_RN(1.0),N_A,M,LI3,2009,2008,0,2008-10-31,INR,4593030000000
RBI:RBI_LIAB_M_RN(1.0),N_A,M,LI32,2009,2008,0,2008-09-26,INR,1738040000000
RBI:RBI_LIAB_M_RN(1.0),N_A,M,LI34,2009,2008,0,2008-09-26,INR,3183010000000
RBI:RBI_LIAB_M_RN(1.0),N_A,M,LI4,2009,2008,0,2008-09-26,INR,3612100000000
RBI:RBI_LIAB_M_RN(1.0),N_A,M,LI35,2009,2008,0,2008-09-26,INR,42300000000
RBI:RBI_LIAB_M_RN(1.0),N_A,M,LI31,2009,2008,0,2008-09-26,INR,204580000000
RBI:RBI_LIAB_M_RN(1.0),N_A,M,LI37,2009,2008,0,2008-09-26,INR,158020000000
RBI:RBI_LIAB_M_RN(1.0),N_A,M,LI2,2009,2008,0,2008-09-26,INR,180000000
RBI:RBI_LIAB_M_RN(1.0),N_A,M,LI1,2009,2008,0,2008-09-26,INR,6034890000000
RBI:RBI_LIAB_M_RN(1.0),N_A,M,NT_ISSU_TTL,2009,2008,0,2008-09-26,INR,15096050000000
RBI:RBI_LIAB_M_RN(1.0),N_A,M,LI3,2009,2008,0,2008-09-26,INR,5448860000000
RBI:RBI_LIAB_M_RN(1.0),N_A,M,LI33,2009,2008,0,2008-09-26,INR,410000000
RBI:RBI_LIAB_M_RN(1.0),N_A,M,LI38,2009,2008,0,2008-09-26,INR,122500000000
RBI:RBI_LIAB_M_RN(1.0),N_A,M,LI31,2009,2008,0,2008-08-29,INR,1000000000
RBI:RBI_LIAB_M_RN(1.0),N_A,M,NT_ISSU_TTL,2009,2008,0,2008-08-29,INR,14005790000000
RBI:RBI_LIAB_M_RN(1.0),N_A,M,LI4,2009,2008,0,2008-08-29,INR,2821170000000
RBI:RBI_LIAB_M_RN(1.0),N_A,M,LI32,2009,2008,0,2008-08-29,INR,1736580000000
RBI:RBI_LIAB_M_RN(1.0),N_A,M,LI37,2009,2008,0,2008-08-29,INR,153680000000
RBI:RBI_LIAB_M_RN(1.0),N_A,M,LI2,2009,2008,0,2008-08-29,INR,210000000
RBI:RBI_LIAB_M_RN(1.0),N_A,M,LI1,2009,2008,0,2008-08-29,INR,6017040000000
RBI:RBI_LIAB_M_RN(1.0),N_A,M,LI33,2009,2008,0,2008-08-29,INR,410000000
RBI:RBI_LIAB_M_RN(1.0),N_A,M,LI35,2009,2008,0,2008-08-29,INR,42890000000
RBI:RBI_LIAB_M_RN(1.0),N_A,M,LI34,2009,2008,0,2008-08-29,INR,3112170000000
RBI:RBI_LIAB_M_RN(1.0),N_A,M,LI3,2009,2008,0,2008-08-29,INR,5167350000000
RBI:RBI_LIAB_M_RN(1.0),N_A,M,LI38,2009,2008,0,2008-08-29,INR,120620000000
RBI:RBI_LIAB_M_RN(1.0),N_A,M,LI2,2009,2008,0,2008-07-25,INR,170000000
RBI:RBI_LIAB_M_RN(1.0),N_A,M,LI33,2009,2008,0,2008-07-25,INR,410000000
RBI:RBI_LIAB_M_RN(1.0),N_A,M,LI32,2009,2008,0,2008-07-25,INR,1713270000000
RBI:RBI_LIAB_M_RN(1.0),N_A,M,LI3,2009,2008,0,2008-07-25,INR,5294140000000
RBI:RBI_LIAB_M_RN(1.0),N_A,M,LI1,2009,2008,0,2008-07-25,INR,6103040000000
RBI:RBI_LIAB_M_RN(1.0),N_A,M,NT_ISSU_TTL,2009,2008,0,2008-07-25,INR,14483130000000
RBI:RBI_LIAB_M_RN(1.0),N_A,M,LI4,2009,2008,0,2008-07-25,INR,3085770000000
RBI:RBI_LIAB_M_RN(1.0),N_A,M,LI35,2009,2008,0,2008-07-25,INR,42770000000
RBI:RBI_LIAB_M_RN(1.0),N_A,M,LI34,2009,2008,0,2008-07-25,INR,3269590000000
RBI:RBI_LIAB_M_RN(1.0),N_A,M,LI38,2009,2008,0,2008-07-25,INR,118410000000
RBI:RBI_LIAB_M_RN(1.0),N_A,M,LI31,2009,2008,0,2008-07-25,INR,1010000000
RBI:RBI_LIAB_M_RN(1.0),N_A,M,LI37,2009,2008,0,2008-07-25,INR,148680000000
RBI:RBI_LIAB_M_RN(1.0),N_A,M,LI35,2009,2008,0,2008-06-27,INR,40090000000
RBI:RBI_LIAB_M_RN(1.0),N_A,M,LI3,2009,2008,0,2008-06-27,INR,5267190000000
RBI:RBI_LIAB_M_RN(1.0),N_A,M,LI31,2009,2008,0,2008-06-27,INR,166130000000
RBI:RBI_LIAB_M_RN(1.0),N_A,M,LI34,2009,2008,0,2008-06-27,INR,3059630000000
RBI:RBI_LIAB_M_RN(1.0),N_A,M,LI38,2009,2008,0,2008-06-27,INR,118930000000
RBI:RBI_LIAB_M_RN(1.0),N_A,M,LI33,2009,2008,0,2008-06-27,INR,410000000
RBI:RBI_LIAB_M_RN(1.0),N_A,M,LI32,2009,2008,0,2008-06-27,INR,1744330000000
RBI:RBI_LIAB_M_RN(1.0),N_A,M,LI4,2009,2008,0,2008-06-27,INR,3125510000000
RBI:RBI_LIAB_M_RN(1.0),N_A,M,LI37,2009,2008,0,2008-06-27,INR,137670000000
RBI:RBI_LIAB_M_RN(1.0),N_A,M,NT_ISSU_TTL,2009,2008,0,2008-06-27,INR,14518200000000
RBI:RBI_LIAB_M_RN(1.0),N_A,M,LI2,2009,2008,0,2008-06-27,INR,170000000
RBI:RBI_LIAB_M_RN(1.0),N_A,M,LI1,2009,2008,0,2008-06-27,INR,6125340000000
RBI:RBI_LIAB_M_RN(1.0),N_A,M,NT_ISSU_TTL,2009,2008,0,2008-05-30,INR,14234040000000
RBI:RBI_LIAB_M_RN(1.0),N_A,M,LI32,2009,2008,0,2008-05-30,INR,1753620000000
RBI:RBI_LIAB_M_RN(1.0),N_A,M,LI2,2009,2008,0,2008-05-30,INR,120000000
RBI:RBI_LIAB_M_RN(1.0),N_A,M,LI3,2009,2008,0,2008-05-30,INR,5171220000000
RBI:RBI_LIAB_M_RN(1.0),N_A,M,LI37,2009,2008,0,2008-05-30,INR,138190000000
RBI:RBI_LIAB_M_RN(1.0),N_A,M,LI31,2009,2008,0,2008-05-30,INR,1000000000
RBI:RBI_LIAB_M_RN(1.0),N_A,M,LI1,2009,2008,0,2008-05-30,INR,6126530000000
RBI:RBI_LIAB_M_RN(1.0),N_A,M,LI35,2009,2008,0,2008-05-30,INR,40940000000
RBI:RBI_LIAB_M_RN(1.0),N_A,M,LI4,2009,2008,0,2008-05-30,INR,2936170000000
RBI:RBI_LIAB_M_RN(1.0),N_A,M,LI38,2009,2008,0,2008-05-30,INR,137380000000
RBI:RBI_LIAB_M_RN(1.0),N_A,M,LI33,2009,2008,0,2008-05-30,INR,410000000
RBI:RBI_LIAB_M_RN(1.0),N_A,M,LI34,2009,2008,0,2008-05-30,INR,3099680000000
RBI:RBI_LIAB_M_RN(1.0),N_A,M,LI2,2009,2008,0,2008-04-25,INR,200000000
RBI:RBI_LIAB_M_RN(1.0),N_A,M,LI34,2009,2008,0,2008-04-25,INR,2545480000000
RBI:RBI_LIAB_M_RN(1.0),N_A,M,LI1,2009,2008,0,2008-04-25,INR,6016290000000
RBI:RBI_LIAB_M_RN(1.0),N_A,M,LI31,2009,2008,0,2008-04-25,INR,166490000000
RBI:RBI_LIAB_M_RN(1.0),N_A,M,LI38,2009,2008,0,2008-04-25,INR,131289999999.99998
RBI:RBI_LIAB_M_RN(1.0),N_A,M,LI33,2009,2008,0,2008-04-25,INR,410000000
RBI:RBI_LIAB_M_RN(1.0),N_A,M,LI4,2009,2008,0,2008-04-25,INR,2181370000000
RBI:RBI_LIAB_M_RN(1.0),N_A,M,LI3,2009,2008,0,2008-04-25,INR,4734440000000
RBI:RBI_LIAB_M_RN(1.0),N_A,M,NT_ISSU_TTL,2009,2008,0,2008-04-25,INR,12932300000000
RBI:RBI_LIAB_M_RN(1.0),N_A,M,LI35,2009,2008,0,2008-04-25,INR,35840000000
RBI:RBI_LIAB_M_RN(1.0),N_A,M,LI32,2009,2008,0,2008-04-25,INR,1724440000000
RBI:RBI_LIAB_M_RN(1.0),N_A,M,LI37,2009,2008,0,2008-04-25,INR,130490000000.00002
RBI:RBI_LIAB_M_RN(1.0),N_A,M,LI31,2008,2007,0,2008-03-28,INR,836450000000
RBI:RBI_LIAB_M_RN(1.0),N_A,M,LI32,2008,2007,0,2008-03-28,INR,1683920000000
RBI:RBI_LIAB_M_RN(1.0),N_A,M,LI37,2008,2007,0,2008-03-28,INR,120080000000
RBI:RBI_LIAB_M_RN(1.0),N_A,M,LI4,2008,2007,0,2008-03-28,INR,2142159999999.9998
RBI:RBI_LIAB_M_RN(1.0),N_A,M,NT_ISSU_TTL,2008,2007,0,2008-03-28,INR,13331430000000
RBI:RBI_LIAB_M_RN(1.0),N_A,M,LI34,2008,2007,0,2008-03-28,INR,2571220000000
RBI:RBI_LIAB_M_RN(1.0),N_A,M,LI35,2008,2007,0,2008-03-28,INR,33960000000
RBI:RBI_LIAB_M_RN(1.0),N_A,M,LI3,2008,2007,0,2008-03-28,INR,5368510000000
RBI:RBI_LIAB_M_RN(1.0),N_A,M,LI33,2008,2007,0,2008-03-28,INR,410000000
RBI:RBI_LIAB_M_RN(1.0),N_A,M,LI1,2008,2007,0,2008-03-28,INR,5820550000000
RBI:RBI_LIAB_M_RN(1.0),N_A,M,LI2,2008,2007,0,2008-03-28,INR,200000000
RBI:RBI_LIAB_M_RN(1.0),N_A,M,LI38,2008,2007,0,2008-03-28,INR,122470000000
RBI:RBI_LIAB_M_RN(1.0),N_A,M,LI37,2008,2007,0,2008-02-29,INR,124960000000
RBI:RBI_LIAB_M_RN(1.0),N_A,M,LI38,2008,2007,0,2008-02-29,INR,119860000000
RBI:RBI_LIAB_M_RN(1.0),N_A,M,LI34,2008,2007,0,2008-02-29,INR,2542170000000
RBI:RBI_LIAB_M_RN(1.0),N_A,M,LI3,2008,2007,0,2008-02-29,INR,5058600000000
RBI:RBI_LIAB_M_RN(1.0),N_A,M,LI4,2008,2007,0,2008-02-29,INR,1884420000000
RBI:RBI_LIAB_M_RN(1.0),N_A,M,LI31,2008,2007,0,2008-02-29,INR,486380000000
RBI:RBI_LIAB_M_RN(1.0),N_A,M,LI32,2008,2007,0,2008-02-29,INR,1750890000000
RBI:RBI_LIAB_M_RN(1.0),N_A,M,LI1,2008,2007,0,2008-02-29,INR,5662970000000
RBI:RBI_LIAB_M_RN(1.0),N_A,M,LI35,2008,2007,0,2008-02-29,INR,33930000000
RBI:RBI_LIAB_M_RN(1.0),N_A,M,LI2,2008,2007,0,2008-02-29,INR,190000000
RBI:RBI_LIAB_M_RN(1.0),N_A,M,NT_ISSU_TTL,2008,2007,0,2008-02-29,INR,12606180000000
RBI:RBI_LIAB_M_RN(1.0),N_A,M,LI33,2008,2007,0,2008-02-29,INR,410000000
RBI:RBI_LIAB_M_RN(1.0),N_A,M,LI1,2008,2007,0,2008-01-25,INR,5539710000000
RBI:RBI_LIAB_M_RN(1.0),N_A,M,LI35,2008,2007,0,2008-01-25,INR,32490000000.000004
RBI:RBI_LIAB_M_RN(1.0),N_A,M,LI33,2008,2007,0,2008-01-25,INR,410000000
RBI:RBI_LIAB_M_RN(1.0),N_A,M,LI4,2008,2007,0,2008-01-25,INR,1465040000000
RBI:RBI_LIAB_M_RN(1.0),N_A,M,LI32,2008,2007,0,2008-01-25,INR,1667390000000
RBI:RBI_LIAB_M_RN(1.0),N_A,M,NT_ISSU_TTL,2008,2007,0,2008-01-25,INR,11991750000000
RBI:RBI_LIAB_M_RN(1.0),N_A,M,LI38,2008,2007,0,2008-01-25,INR,120360000000
RBI:RBI_LIAB_M_RN(1.0),N_A,M,LI31,2008,2007,0,2008-01-25,INR,507570000000
RBI:RBI_LIAB_M_RN(1.0),N_A,M,LI2,2008,2007,0,2008-01-25,INR,110000000
RBI:RBI_LIAB_M_RN(1.0),N_A,M,LI3,2008,2007,0,2008-01-25,INR,4986880000000
RBI:RBI_LIAB_M_RN(1.0),N_A,M,LI34,2008,2007,0,2008-01-25,INR,2540220000000
RBI:RBI_LIAB_M_RN(1.0),N_A,M,LI37,2008,2007,0,2008-01-25,INR,118440000000
RBI:RBI_LIAB_M_RN(1.0),N_A,M,LI35,2008,2007,0,2007-12-28,INR,30210000000
RBI:RBI_LIAB_M_RN(1.0),N_A,M,LI32,2008,2007,0,2007-12-28,INR,1597170000000
RBI:RBI_LIAB_M_RN(1.0),N_A,M,LI31,2008,2007,0,2007-12-28,INR,606910000000
RBI:RBI_LIAB_M_RN(1.0),N_A,M,LI4,2008,2007,0,2007-12-28,INR,1460520000000
RBI:RBI_LIAB_M_RN(1.0),N_A,M,LI37,2008,2007,0,2007-12-28,INR,112730000000
RBI:RBI_LIAB_M_RN(1.0),N_A,M,LI33,2008,2007,0,2007-12-28,INR,410000000
RBI:RBI_LIAB_M_RN(1.0),N_A,M,LI38,2008,2007,0,2007-12-28,INR,120050000000
RBI:RBI_LIAB_M_RN(1.0),N_A,M,NT_ISSU_TTL,2008,2007,0,2007-12-28,INR,11954070000000
RBI:RBI_LIAB_M_RN(1.0),N_A,M,LI34,2008,2007,0,2007-12-28,INR,2577250000000
RBI:RBI_LIAB_M_RN(1.0),N_A,M,LI2,2008,2007,0,2007-12-28,INR,180000000
RBI:RBI_LIAB_M_RN(1.0),N_A,M,LI1,2008,2007,0,2007-12-28,INR,5448650000000
RBI:RBI_LIAB_M_RN(1.0),N_A,M,LI3,2008,2007,0,2007-12-28,INR,5044730000000
RBI:RBI_LIAB_M_RN(1.0),N_A,M,LI3,2008,2007,0,2007-11-30,INR,4644980000000
RBI:RBI_LIAB_M_RN(1.0),N_A,M,LI4,2008,2007,0,2007-11-30,INR,1530480000000
RBI:RBI_LIAB_M_RN(1.0),N_A,M,LI35,2008,2007,0,2007-11-30,INR,31030000000
RBI:RBI_LIAB_M_RN(1.0),N_A,M,LI37,2008,2007,0,2007-11-30,INR,111940000000
RBI:RBI_LIAB_M_RN(1.0),N_A,M,LI31,2008,2007,0,2007-11-30,INR,167680000000
RBI:RBI_LIAB_M_RN(1.0),N_A,M,LI33,2008,2007,0,2007-11-30,INR,410000000
RBI:RBI_LIAB_M_RN(1.0),N_A,M,LI2,2008,2007,0,2007-11-30,INR,170000000
RBI:RBI_LIAB_M_RN(1.0),N_A,M,LI32,2008,2007,0,2007-11-30,INR,1714680000000
RBI:RBI_LIAB_M_RN(1.0),N_A,M,LI34,2008,2007,0,2007-11-30,INR,2495890000000
RBI:RBI_LIAB_M_RN(1.0),N_A,M,LI1,2008,2007,0,2007-11-30,INR,5353110000000
RBI:RBI_LIAB_M_RN(1.0),N_A,M,LI38,2008,2007,0,2007-11-30,INR,123350000000
RBI:RBI_LIAB_M_RN(1.0),N_A,M,NT_ISSU_TTL,2008,2007,0,2007-11-30,INR,11528750000000
RBI:RBI_LIAB_M_RN(1.0),N_A,M,LI35,2008,2007,0,2007-10-26,INR,26890000000
RBI:RBI_LIAB_M_RN(1.0),N_A,M,LI31,2008,2007,0,2007-10-26,INR,238350000000
RBI:RBI_LIAB_M_RN(1.0),N_A,M,LI4,2008,2007,0,2007-10-26,INR,1366150000000
RBI:RBI_LIAB_M_RN(1.0),N_A,M,NT_ISSU_TTL,2008,2007,0,2007-10-26,INR,11029440000000
RBI:RBI_LIAB_M_RN(1.0),N_A,M,LI37,2008,2007,0,2007-10-26,INR,104740000000
RBI:RBI_LIAB_M_RN(1.0),N_A,M,LI34,2008,2007,0,2007-10-26,INR,2249320000000
RBI:RBI_LIAB_M_RN(1.0),N_A,M,LI38,2008,2007,0,2007-10-26,INR,117940000000
RBI:RBI_LIAB_M_RN(1.0),N_A,M,LI32,2008,2007,0,2007-10-26,INR,1742770000000
RBI:RBI_LIAB_M_RN(1.0),N_A,M,LI3,2008,2007,0,2007-10-26,INR,4480420000000
RBI:RBI_LIAB_M_RN(1.0),N_A,M,LI33,2008,2007,0,2007-10-26,INR,410000000
RBI:RBI_LIAB_M_RN(1.0),N_A,M,LI2,2008,2007,0,2007-10-26,INR,200000000
RBI:RBI_LIAB_M_RN(1.0),N_A,M,LI1,2008,2007,0,2007-10-26,INR,5182660000000
RBI:RBI_LIAB_M_RN(1.0),N_A,M,LI38,2008,2007,0,2007-09-28,INR,125330000000
RBI:RBI_LIAB_M_RN(1.0),N_A,M,LI33,2008,2007,0,2007-09-28,INR,410000000
RBI:RBI_LIAB_M_RN(1.0),N_A,M,NT_ISSU_TTL,2008,2007,0,2007-09-28,INR,10581390000000
RBI:RBI_LIAB_M_RN(1.0),N_A,M,LI37,2008,2007,0,2007-09-28,INR,106680000000
RBI:RBI_LIAB_M_RN(1.0),N_A,M,LI3,2008,2007,0,2007-09-28,INR,4228779999999.9995
RBI:RBI_LIAB_M_RN(1.0),N_A,M,LI2,2008,2007,0,2007-09-28,INR,210000000
RBI:RBI_LIAB_M_RN(1.0),N_A,M,LI4,2008,2007,0,2007-09-28,INR,1362530000000
RBI:RBI_LIAB_M_RN(1.0),N_A,M,LI1,2008,2007,0,2007-09-28,INR,4989870000000
RBI:RBI_LIAB_M_RN(1.0),N_A,M,LI31,2008,2007,0,2007-09-28,INR,108710000000
RBI:RBI_LIAB_M_RN(1.0),N_A,M,LI35,2008,2007,0,2007-09-28,INR,27230000000
RBI:RBI_LIAB_M_RN(1.0),N_A,M,LI32,2008,2007,0,2007-09-28,INR,1314730000000
RBI:RBI_LIAB_M_RN(1.0),N_A,M,LI34,2008,2007,0,2007-09-28,INR,2545690000000
RBI:RBI_LIAB_M_RN(1.0),N_A,M,LI37,2008,2007,0,2007-08-31,INR,101950000000
RBI:RBI_LIAB_M_RN(1.0),N_A,M,LI2,2008,2007,0,2007-08-31,INR,180000000
RBI:RBI_LIAB_M_RN(1.0),N_A,M,LI34,2008,2007,0,2007-08-31,INR,2217330000000
RBI:RBI_LIAB_M_RN(1.0),N_A,M,NT_ISSU_TTL,2008,2007,0,2007-08-31,INR,9938800000000
RBI:RBI_LIAB_M_RN(1.0),N_A,M,LI35,2008,2007,0,2007-08-31,INR,26060000000
RBI:RBI_LIAB_M_RN(1.0),N_A,M,LI32,2008,2007,0,2007-08-31,INR,1064339999999.9999
RBI:RBI_LIAB_M_RN(1.0),N_A,M,LI1,2008,2007,0,2007-08-31,INR,4980730000000
RBI:RBI_LIAB_M_RN(1.0),N_A,M,LI33,2008,2007,0,2007-08-31,INR,410000000
RBI:RBI_LIAB_M_RN(1.0),N_A,M,LI38,2008,2007,0,2007-08-31,INR,119950000000
RBI:RBI_LIAB_M_RN(1.0),N_A,M,LI4,2008,2007,0,2007-08-31,INR,1418770000000
RBI:RBI_LIAB_M_RN(1.0),N_A,M,LI3,2008,2007,0,2007-08-31,INR,3539110000000
RBI:RBI_LIAB_M_RN(1.0),N_A,M,LI31,2008,2007,0,2007-08-31,INR,9070000000
RBI:RBI_LIAB_M_RN(1.0),N_A,M,LI4,2008,2007,0,2007-07-27,INR,1322880000000
RBI:RBI_LIAB_M_RN(1.0),N_A,M,LI1,2008,2007,0,2007-07-27,INR,5011780000000
RBI:RBI_LIAB_M_RN(1.0),N_A,M,LI2,2008,2007,0,2007-07-27,INR,140000000
RBI:RBI_LIAB_M_RN(1.0),N_A,M,LI35,2008,2007,0,2007-07-27,INR,23990000000
RBI:RBI_LIAB_M_RN(1.0),N_A,M,LI32,2008,2007,0,2007-07-27,INR,880100000000
RBI:RBI_LIAB_M_RN(1.0),N_A,M,LI34,2008,2007,0,2007-07-27,INR,2328270000000
RBI:RBI_LIAB_M_RN(1.0),N_A,M,LI38,2008,2007,0,2007-07-27,INR,585470000000
RBI:RBI_LIAB_M_RN(1.0),N_A,M,LI3,2008,2007,0,2007-07-27,INR,3915140000000
RBI:RBI_LIAB_M_RN(1.0),N_A,M,LI37,2008,2007,0,2007-07-27,INR,95900000000
RBI:RBI_LIAB_M_RN(1.0),N_A,M,NT_ISSU_TTL,2008,2007,0,2007-07-27,INR,10249950000000
RBI:RBI_LIAB_M_RN(1.0),N_A,M,LI33,2008,2007,0,2007-07-27,INR,410000000
RBI:RBI_LIAB_M_RN(1.0),N_A,M,LI31,2008,2007,0,2007-07-27,INR,1000000000
RBI:RBI_LIAB_M_RN(1.0),N_A,M,LI34,2008,2007,0,2007-06-29,INR,1995870000000
RBI:RBI_LIAB_M_RN(1.0),N_A,M,LI4,2008,2007,0,2007-06-29,INR,1737680000000
RBI:RBI_LIAB_M_RN(1.0),N_A,M,LI33,2008,2007,0,2007-06-29,INR,410000000
RBI:RBI_LIAB_M_RN(1.0),N_A,M,LI3,2008,2007,0,2007-06-29,INR,3043890000000
RBI:RBI_LIAB_M_RN(1.0),N_A,M,NT_ISSU_TTL,2008,2007,0,2007-06-29,INR,9855210000000
RBI:RBI_LIAB_M_RN(1.0),N_A,M,LI37,2008,2007,0,2007-06-29,INR,91850000000
RBI:RBI_LIAB_M_RN(1.0),N_A,M,LI1,2008,2007,0,2007-06-29,INR,5073470000000
RBI:RBI_LIAB_M_RN(1.0),N_A,M,LI35,2008,2007,0,2007-06-29,INR,25980000000
RBI:RBI_LIAB_M_RN(1.0),N_A,M,LI32,2008,2007,0,2007-06-29,INR,811370000000
RBI:RBI_LIAB_M_RN(1.0),N_A,M,LI31,2008,2007,0,2007-06-29,INR,1010000000
RBI:RBI_LIAB_M_RN(1.0),N_A,M,LI2,2008,2007,0,2007-06-29,INR,180000000
RBI:RBI_LIAB_M_RN(1.0),N_A,M,LI38,2008,2007,0,2007-06-29,INR,117400000000
RBI:RBI_LIAB_M_RN(1.0),N_A,M,LI34,2008,2007,0,2007-05-25,INR,1862360000000
RBI:RBI_LIAB_M_RN(1.0),N_A,M,LI4,2008,2007,0,2007-05-25,INR,1263950000000
RBI:RBI_LIAB_M_RN(1.0),N_A,M,LI31,2008,2007,0,2007-05-25,INR,1010000000
RBI:RBI_LIAB_M_RN(1.0),N_A,M,LI33,2008,2007,0,2007-05-25,INR,410000000
RBI:RBI_LIAB_M_RN(1.0),N_A,M,LI38,2008,2007,0,2007-05-25,INR,116210000000
RBI:RBI_LIAB_M_RN(1.0),N_A,M,LI2,2008,2007,0,2007-05-25,INR,210000000
RBI:RBI_LIAB_M_RN(1.0),N_A,M,LI32,2008,2007,0,2007-05-25,INR,873190000000
RBI:RBI_LIAB_M_RN(1.0),N_A,M,LI1,2008,2007,0,2007-05-25,INR,5145020000000
RBI:RBI_LIAB_M_RN(1.0),N_A,M,LI35,2008,2007,0,2007-05-25,INR,24380000000
RBI:RBI_LIAB_M_RN(1.0),N_A,M,LI3,2008,2007,0,2007-05-25,INR,2967490000000
RBI:RBI_LIAB_M_RN(1.0),N_A,M,NT_ISSU_TTL,2008,2007,0,2007-05-25,INR,9376650000000
RBI:RBI_LIAB_M_RN(1.0),N_A,M,LI37,2008,2007,0,2007-05-25,INR,89930000000
RBI:RBI_LIAB_M_RN(1.0),N_A,M,LI35,2008,2007,0,2007-04-27,INR,25040000000
RBI:RBI_LIAB_M_RN(1.0),N_A,M,LI1,2008,2007,0,2007-04-27,INR,5126720000000
RBI:RBI_LIAB_M_RN(1.0),N_A,M,LI38,2008,2007,0,2007-04-27,INR,132350000000
RBI:RBI_LIAB_M_RN(1.0),N_A,M,LI37,2008,2007,0,2007-04-27,INR,88050000000
RBI:RBI_LIAB_M_RN(1.0),N_A,M,LI33,2008,2007,0,2007-04-27,INR,410000000
RBI:RBI_LIAB_M_RN(1.0),N_A,M,NT_ISSU_TTL,2008,2007,0,2007-04-27,INR,9467310000000
RBI:RBI_LIAB_M_RN(1.0),N_A,M,LI3,2008,2007,0,2007-04-27,INR,2918100000000
RBI:RBI_LIAB_M_RN(1.0),N_A,M,LI34,2008,2007,0,2007-04-27,INR,1912000000000
RBI:RBI_LIAB_M_RN(1.0),N_A,M,LI32,2008,2007,0,2007-04-27,INR,759240000000
RBI:RBI_LIAB_M_RN(1.0),N_A,M,LI4,2008,2007,0,2007-04-27,INR,1422380000000
RBI:RBI_LIAB_M_RN(1.0),N_A,M,LI2,2008,2007,0,2007-04-27,INR,110000000
RBI:RBI_LIAB_M_RN(1.0),N_A,M,LI31,2008,2007,0,2007-04-27,INR,1010000000
RBI:RBI_LIAB_M_RN(1.0),N_A,M,LI38,2007,2006,0,2007-03-30,INR,116090000000
RBI:RBI_LIAB_M_RN(1.0),N_A,M,LI33,2007,2006,0,2007-03-30,INR,410000000
RBI:RBI_LIAB_M_RN(1.0),N_A,M,LI34,2007,2006,0,2007-03-30,INR,1802220000000
RBI:RBI_LIAB_M_RN(1.0),N_A,M,LI3,2007,2006,0,2007-03-30,INR,3026150000000
RBI:RBI_LIAB_M_RN(1.0),N_A,M,LI32,2007,2006,0,2007-03-30,INR,629740000000
RBI:RBI_LIAB_M_RN(1.0),N_A,M,LI37,2007,2006,0,2007-03-30,INR,82570000000
RBI:RBI_LIAB_M_RN(1.0),N_A,M,LI31,2007,2006,0,2007-03-30,INR,366610000000
RBI:RBI_LIAB_M_RN(1.0),N_A,M,LI2,2007,2006,0,2007-03-30,INR,110000000
RBI:RBI_LIAB_M_RN(1.0),N_A,M,NT_ISSU_TTL,2007,2006,0,2007-03-30,INR,9792980000000
RBI:RBI_LIAB_M_RN(1.0),N_A,M,LI35,2007,2006,0,2007-03-30,INR,28510000000
RBI:RBI_LIAB_M_RN(1.0),N_A,M,LI4,2007,2006,0,2007-03-30,INR,1798970000000
RBI:RBI_LIAB_M_RN(1.0),N_A,M,LI1,2007,2006,0,2007-03-30,INR,4967750000000
RBI:RBI_LIAB_M_RN(1.0),N_A,M,LI35,2007,2006,0,2007-02-23,INR,20320000000
RBI:RBI_LIAB_M_RN(1.0),N_A,M,NT_ISSU_TTL,2007,2006,0,2007-02-23,INR,9238160000000
RBI:RBI_LIAB_M_RN(1.0),N_A,M,LI31,2007,2006,0,2007-02-23,INR,332150000000
RBI:RBI_LIAB_M_RN(1.0),N_A,M,LI4,2007,2006,0,2007-02-23,INR,1797770000000
RBI:RBI_LIAB_M_RN(1.0),N_A,M,LI32,2007,2006,0,2007-02-23,INR,428070000000
RBI:RBI_LIAB_M_RN(1.0),N_A,M,LI3,2007,2006,0,2007-02-23,INR,2539660000000
RBI:RBI_LIAB_M_RN(1.0),N_A,M,LI1,2007,2006,0,2007-02-23,INR,4900510000000
RBI:RBI_LIAB_M_RN(1.0),N_A,M,LI2,2007,2006,0,2007-02-23,INR,200000000
RBI:RBI_LIAB_M_RN(1.0),N_A,M,LI33,2007,2006,0,2007-02-23,INR,410000000
RBI:RBI_LIAB_M_RN(1.0),N_A,M,LI34,2007,2006,0,2007-02-23,INR,1573060000000
RBI:RBI_LIAB_M_RN(1.0),N_A,M,LI38,2007,2006,0,2007-02-23,INR,110140000000
RBI:RBI_LIAB_M_RN(1.0),N_A,M,LI37,2007,2006,0,2007-02-23,INR,75510000000
RBI:RBI_LIAB_M_RN(1.0),N_A,M,LI31,2007,2006,0,2007-01-26,INR,225940000000
RBI:RBI_LIAB_M_RN(1.0),N_A,M,LI32,2007,2006,0,2007-01-26,INR,393750000000
RBI:RBI_LIAB_M_RN(1.0),N_A,M,LI35,2007,2006,0,2007-01-26,INR,20040000000
RBI:RBI_LIAB_M_RN(1.0),N_A,M,LI2,2007,2006,0,2007-01-26,INR,180000000
RBI:RBI_LIAB_M_RN(1.0),N_A,M,LI38,2007,2006,0,2007-01-26,INR,110010000000
RBI:RBI_LIAB_M_RN(1.0),N_A,M,NT_ISSU_TTL,2007,2006,0,2007-01-26,INR,8856780000000
RBI:RBI_LIAB_M_RN(1.0),N_A,M,LI1,2007,2006,0,2007-01-26,INR,4796420000000
RBI:RBI_LIAB_M_RN(1.0),N_A,M,LI33,2007,2006,0,2007-01-26,INR,410000000
RBI:RBI_LIAB_M_RN(1.0),N_A,M,LI37,2007,2006,0,2007-01-26,INR,72510000000
RBI:RBI_LIAB_M_RN(1.0),N_A,M,LI4,2007,2006,0,2007-01-26,INR,1708800000000
RBI:RBI_LIAB_M_RN(1.0),N_A,M,LI34,2007,2006,0,2007-01-26,INR,1528710000000
RBI:RBI_LIAB_M_RN(1.0),N_A,M,LI3,2007,2006,0,2007-01-26,INR,2351370000000
RBI:RBI_LIAB_M_RN(1.0),N_A,M,LI35,2007,2006,0,2006-12-29,INR,19450000000
RBI:RBI_LIAB_M_RN(1.0),N_A,M,LI3,2007,2006,0,2006-12-29,INR,2567720000000
RBI:RBI_LIAB_M_RN(1.0),N_A,M,LI37,2007,2006,0,2006-12-29,INR,69580000000
RBI:RBI_LIAB_M_RN(1.0),N_A,M,LI38,2007,2006,0,2006-12-29,INR,117530000000
RBI:RBI_LIAB_M_RN(1.0),N_A,M,LI4,2007,2006,0,2006-12-29,INR,1748110000000
RBI:RBI_LIAB_M_RN(1.0),N_A,M,LI2,2007,2006,0,2006-12-29,INR,170000000
RBI:RBI_LIAB_M_RN(1.0),N_A,M,LI1,2007,2006,0,2006-12-29,INR,4691120000000
RBI:RBI_LIAB_M_RN(1.0),N_A,M,LI31,2007,2006,0,2006-12-29,INR,456820000000
RBI:RBI_LIAB_M_RN(1.0),N_A,M,NT_ISSU_TTL,2007,2006,0,2006-12-29,INR,9007120000000
RBI:RBI_LIAB_M_RN(1.0),N_A,M,LI34,2007,2006,0,2006-12-29,INR,1530790000000
RBI:RBI_LIAB_M_RN(1.0),N_A,M,LI32,2007,2006,0,2006-12-29,INR,373140000000
RBI:RBI_LIAB_M_RN(1.0),N_A,M,LI33,2007,2006,0,2006-12-29,INR,410000000
RBI:RBI_LIAB_M_RN(1.0),N_A,M,LI37,2007,2006,0,2006-11-24,INR,63860000000
RBI:RBI_LIAB_M_RN(1.0),N_A,M,LI34,2007,2006,0,2006-11-24,INR,1317490000000
RBI:RBI_LIAB_M_RN(1.0),N_A,M,LI32,2007,2006,0,2006-11-24,INR,379170000000
RBI:RBI_LIAB_M_RN(1.0),N_A,M,NT_ISSU_TTL,2007,2006,0,2006-11-24,INR,8366590000000
RBI:RBI_LIAB_M_RN(1.0),N_A,M,LI38,2007,2006,0,2006-11-24,INR,119260000000
RBI:RBI_LIAB_M_RN(1.0),N_A,M,LI33,2007,2006,0,2006-11-24,INR,410000000
RBI:RBI_LIAB_M_RN(1.0),N_A,M,LI2,2007,2006,0,2006-11-24,INR,420000000
RBI:RBI_LIAB_M_RN(1.0),N_A,M,LI35,2007,2006,0,2006-11-24,INR,17550000000
RBI:RBI_LIAB_M_RN(1.0),N_A,M,LI4,2007,2006,0,2006-11-24,INR,1748820000000
RBI:RBI_LIAB_M_RN(1.0),N_A,M,LI3,2007,2006,0,2006-11-24,INR,2011790000000
RBI:RBI_LIAB_M_RN(1.0),N_A,M,LI31,2007,2006,0,2006-11-24,INR,114050000000
RBI:RBI_LIAB_M_RN(1.0),N_A,M,LI1,2007,2006,0,2006-11-24,INR,4605560000000
RBI:RBI_LIAB_M_RN(1.0),N_A,M,LI37,2007,2006,0,2006-10-27,INR,62870000000
RBI:RBI_LIAB_M_RN(1.0),N_A,M,LI1,2007,2006,0,2006-10-27,INR,4628900000000
RBI:RBI_LIAB_M_RN(1.0),N_A,M,LI34,2007,2006,0,2006-10-27,INR,1222590000000
RBI:RBI_LIAB_M_RN(1.0),N_A,M,LI2,2007,2006,0,2006-10-27,INR,230000000
RBI:RBI_LIAB_M_RN(1.0),N_A,M,LI4,2007,2006,0,2006-10-27,INR,1713400000000
RBI:RBI_LIAB_M_RN(1.0),N_A,M,LI31,2007,2006,0,2006-10-27,INR,59680000000
RBI:RBI_LIAB_M_RN(1.0),N_A,M,LI38,2007,2006,0,2006-10-27,INR,117250000000
RBI:RBI_LIAB_M_RN(1.0),N_A,M,LI32,2007,2006,0,2006-10-27,INR,400910000000
RBI:RBI_LIAB_M_RN(1.0),N_A,M,LI3,2007,2006,0,2006-10-27,INR,1882010000000
RBI:RBI_LIAB_M_RN(1.0),N_A,M,LI35,2007,2006,0,2006-10-27,INR,18300000000
RBI:RBI_LIAB_M_RN(1.0),N_A,M,NT_ISSU_TTL,2007,2006,0,2006-10-27,INR,8224530000000.001
RBI:RBI_LIAB_M_RN(1.0),N_A,M,LI33,2007,2006,0,2006-10-27,INR,410000000
RBI:RBI_LIAB_M_RN(1.0),N_A,M,LI37,2007,2006,0,2006-09-29,INR,63680000000
RBI:RBI_LIAB_M_RN(1.0),N_A,M,LI38,2007,2006,0,2006-09-29,INR,119020000000
RBI:RBI_LIAB_M_RN(1.0),N_A,M,LI35,2007,2006,0,2006-09-29,INR,18160000000
RBI:RBI_LIAB_M_RN(1.0),N_A,M,LI4,2007,2006,0,2006-09-29,INR,1783540000000
RBI:RBI_LIAB_M_RN(1.0),N_A,M,NT_ISSU_TTL,2007,2006,0,2006-09-29,INR,8387910000000
RBI:RBI_LIAB_M_RN(1.0),N_A,M,LI33,2007,2006,0,2006-09-29,INR,410000000
RBI:RBI_LIAB_M_RN(1.0),N_A,M,LI3,2007,2006,0,2006-09-29,INR,2174590000000.0002
RBI:RBI_LIAB_M_RN(1.0),N_A,M,LI34,2007,2006,0,2006-09-29,INR,1403470000000
RBI:RBI_LIAB_M_RN(1.0),N_A,M,LI2,2007,2006,0,2006-09-29,INR,180000000
RBI:RBI_LIAB_M_RN(1.0),N_A,M,LI32,2007,2006,0,2006-09-29,INR,420640000000
RBI:RBI_LIAB_M_RN(1.0),N_A,M,LI1,2007,2006,0,2006-09-29,INR,4429600000000
RBI:RBI_LIAB_M_RN(1.0),N_A,M,LI31,2007,2006,0,2006-09-29,INR,149210000000
RBI:RBI_LIAB_M_RN(1.0),N_A,M,NT_ISSU_TTL,2007,2006,0,2006-08-25,INR,8300780000000.001
RBI:RBI_LIAB_M_RN(1.0),N_A,M,LI31,2007,2006,0,2006-08-25,INR,68910000000
RBI:RBI_LIAB_M_RN(1.0),N_A,M,LI35,2007,2006,0,2006-08-25,INR,18380000000
RBI:RBI_LIAB_M_RN(1.0),N_A,M,LI1,2007,2006,0,2006-08-25,INR,4409730000000
RBI:RBI_LIAB_M_RN(1.0),N_A,M,LI4,2007,2006,0,2006-08-25,INR,1932240000000
RBI:RBI_LIAB_M_RN(1.0),N_A,M,LI34,2007,2006,0,2006-08-25,INR,1267250000000
RBI:RBI_LIAB_M_RN(1.0),N_A,M,LI3,2007,2006,0,2006-08-25,INR,1958550000000
RBI:RBI_LIAB_M_RN(1.0),N_A,M,LI33,2007,2006,0,2006-08-25,INR,410000000
RBI:RBI_LIAB_M_RN(1.0),N_A,M,LI32,2007,2006,0,2006-08-25,INR,423640000000
RBI:RBI_LIAB_M_RN(1.0),N_A,M,LI37,2007,2006,0,2006-08-25,INR,62780000000
RBI:RBI_LIAB_M_RN(1.0),N_A,M,LI2,2007,2006,0,2006-08-25,INR,250000000
RBI:RBI_LIAB_M_RN(1.0),N_A,M,LI38,2007,2006,0,2006-08-25,INR,117180000000
RBI:RBI_LIAB_M_RN(1.0),N_A,M,LI2,2007,2006,0,2006-07-28,INR,150000000
RBI:RBI_LIAB_M_RN(1.0),N_A,M,LI33,2007,2006,0,2006-07-28,INR,410000000
RBI:RBI_LIAB_M_RN(1.0),N_A,M,LI31,2007,2006,0,2006-07-28,INR,1010000000
RBI:RBI_LIAB_M_RN(1.0),N_A,M,LI38,2007,2006,0,2006-07-28,INR,206580000000
RBI:RBI_LIAB_M_RN(1.0),N_A,M,LI37,2007,2006,0,2006-07-28,INR,62630000000
RBI:RBI_LIAB_M_RN(1.0),N_A,M,LI32,2007,2006,0,2006-07-28,INR,389950000000
RBI:RBI_LIAB_M_RN(1.0),N_A,M,LI4,2007,2006,0,2006-07-28,INR,1874970000000
RBI:RBI_LIAB_M_RN(1.0),N_A,M,LI35,2007,2006,0,2006-07-28,INR,19290000000
RBI:RBI_LIAB_M_RN(1.0),N_A,M,LI3,2007,2006,0,2006-07-28,INR,1883630000000
RBI:RBI_LIAB_M_RN(1.0),N_A,M,NT_ISSU_TTL,2007,2006,0,2006-07-28,INR,8148330000000
RBI:RBI_LIAB_M_RN(1.0),N_A,M,LI34,2007,2006,0,2006-07-28,INR,1203760000000
RBI:RBI_LIAB_M_RN(1.0),N_A,M,LI1,2007,2006,0,2006-07-28,INR,4389580000000
RBI:RBI_LIAB_M_RN(1.0),N_A,M,LI1,2007,2006,0,2006-06-23,INR,4451260000000
RBI:RBI_LIAB_M_RN(1.0),N_A,M,LI32,2007,2006,0,2006-06-23,INR,331240000000
RBI:RBI_LIAB_M_RN(1.0),N_A,M,LI34,2007,2006,0,2006-06-23,INR,1203220000000
RBI:RBI_LIAB_M_RN(1.0),N_A,M,LI37,2007,2006,0,2006-06-23,INR,61850000000
RBI:RBI_LIAB_M_RN(1.0),N_A,M,LI35,2007,2006,0,2006-06-23,INR,18000000000
RBI:RBI_LIAB_M_RN(1.0),N_A,M,LI3,2007,2006,0,2006-06-23,INR,1746280000000
RBI:RBI_LIAB_M_RN(1.0),N_A,M,LI4,2007,2006,0,2006-06-23,INR,1818680000000
RBI:RBI_LIAB_M_RN(1.0),N_A,M,LI2,2007,2006,0,2006-06-23,INR,200000000
RBI:RBI_LIAB_M_RN(1.0),N_A,M,NT_ISSU_TTL,2007,2006,0,2006-06-23,INR,8016420000000
RBI:RBI_LIAB_M_RN(1.0),N_A,M,LI31,2007,2006,0,2006-06-23,INR,16079999999.999998
RBI:RBI_LIAB_M_RN(1.0),N_A,M,LI33,2007,2006,0,2006-06-23,INR,410000000
RBI:RBI_LIAB_M_RN(1.0),N_A,M,LI38,2007,2006,0,2006-06-23,INR,115480000000
RBI:RBI_LIAB_M_RN(1.0),N_A,M,LI32,2007,2006,0,2006-05-26,INR,278170000000
RBI:RBI_LIAB_M_RN(1.0),N_A,M,LI31,2007,2006,0,2006-05-26,INR,1000000000
RBI:RBI_LIAB_M_RN(1.0),N_A,M,LI37,2007,2006,0,2006-05-26,INR,61570000000
RBI:RBI_LIAB_M_RN(1.0),N_A,M,LI2,2007,2006,0,2006-05-26,INR,200000000
RBI:RBI_LIAB_M_RN(1.0),N_A,M,LI1,2007,2006,0,2006-05-26,INR,4438930000000
RBI:RBI_LIAB_M_RN(1.0),N_A,M,LI3,2007,2006,0,2006-05-26,INR,1704480000000
RBI:RBI_LIAB_M_RN(1.0),N_A,M,NT_ISSU_TTL,2007,2006,0,2006-05-26,INR,7921480000000
RBI:RBI_LIAB_M_RN(1.0),N_A,M,LI35,2007,2006,0,2006-05-26,INR,18470000000
RBI:RBI_LIAB_M_RN(1.0),N_A,M,LI38,2007,2006,0,2006-05-26,INR,119280000000
RBI:RBI_LIAB_M_RN(1.0),N_A,M,LI33,2007,2006,0,2006-05-26,INR,410000000
RBI:RBI_LIAB_M_RN(1.0),N_A,M,LI34,2007,2006,0,2006-05-26,INR,1225580000000
RBI:RBI_LIAB_M_RN(1.0),N_A,M,LI4,2007,2006,0,2006-05-26,INR,1777860000000
RBI:RBI_LIAB_M_RN(1.0),N_A,M,NT_ISSU_TTL,2007,2006,0,2006-04-28,INR,7773130000000
RBI:RBI_LIAB_M_RN(1.0),N_A,M,LI34,2007,2006,0,2006-04-28,INR,1339680000000
RBI:RBI_LIAB_M_RN(1.0),N_A,M,LI1,2007,2006,0,2006-04-28,INR,4386670000000
RBI:RBI_LIAB_M_RN(1.0),N_A,M,LI3,2007,2006,0,2006-04-28,INR,1787950000000
RBI:RBI_LIAB_M_RN(1.0),N_A,M,LI32,2007,2006,0,2006-04-28,INR,242760000000
RBI:RBI_LIAB_M_RN(1.0),N_A,M,LI35,2007,2006,0,2006-04-28,INR,19550000000
RBI:RBI_LIAB_M_RN(1.0),N_A,M,LI31,2007,2006,0,2006-04-28,INR,1000000000
RBI:RBI_LIAB_M_RN(1.0),N_A,M,LI38,2007,2006,0,2006-04-28,INR,121700000000
RBI:RBI_LIAB_M_RN(1.0),N_A,M,LI33,2007,2006,0,2006-04-28,INR,410000000
RBI:RBI_LIAB_M_RN(1.0),N_A,M,LI37,2007,2006,0,2006-04-28,INR,62850000000
RBI:RBI_LIAB_M_RN(1.0),N_A,M,LI4,2007,2006,0,2006-04-28,INR,1598370000000
RBI:RBI_LIAB_M_RN(1.0),N_A,M,LI2,2007,2006,0,2006-04-28,INR,140000000
RBI:RBI_LIAB_M_RN(1.0),N_A,M,LI33,2006,2005,0,2006-03-31,INR,410000000
RBI:RBI_LIAB_M_RN(1.0),N_A,M,LI4,2006,2005,0,2006-03-31,INR,1330630000000
RBI:RBI_LIAB_M_RN(1.0),N_A,M,LI3,2006,2005,0,2006-03-31,INR,2059340000000.0002
RBI:RBI_LIAB_M_RN(1.0),N_A,M,LI37,2006,2005,0,2006-03-31,INR,61520000000
RBI:RBI_LIAB_M_RN(1.0),N_A,M,LI32,2006,2005,0,2006-03-31,INR,290620000000
RBI:RBI_LIAB_M_RN(1.0),N_A,M,NT_ISSU_TTL,2006,2005,0,2006-03-31,INR,7609370000000
RBI:RBI_LIAB_M_RN(1.0),N_A,M,LI2,2006,2005,0,2006-03-31,INR,180000000
RBI:RBI_LIAB_M_RN(1.0),N_A,M,LI31,2006,2005,0,2006-03-31,INR,289280000000
RBI:RBI_LIAB_M_RN(1.0),N_A,M,LI38,2006,2005,0,2006-03-31,INR,123910000000
RBI:RBI_LIAB_M_RN(1.0),N_A,M,LI34,2006,2005,0,2006-03-31,INR,1270610000000
RBI:RBI_LIAB_M_RN(1.0),N_A,M,LI35,2006,2005,0,2006-03-31,INR,22990000000
RBI:RBI_LIAB_M_RN(1.0),N_A,M,LI1,2006,2005,0,2006-03-31,INR,4219220000000.0005
RBI:RBI_LIAB_M_RN(1.0),N_A,M,LI35,2006,2005,0,2006-02-24,INR,18950000000
RBI:RBI_LIAB_M_RN(1.0),N_A,M,LI38,2006,2005,0,2006-02-24,INR,105620000000
RBI:RBI_LIAB_M_RN(1.0),N_A,M,LI4,2006,2005,0,2006-02-24,INR,1258320000000
RBI:RBI_LIAB_M_RN(1.0),N_A,M,LI32,2006,2005,0,2006-02-24,INR,319580000000
RBI:RBI_LIAB_M_RN(1.0),N_A,M,LI34,2006,2005,0,2006-02-24,INR,1159030000000
RBI:RBI_LIAB_M_RN(1.0),N_A,M,LI3,2006,2005,0,2006-02-24,INR,1832850000000
RBI:RBI_LIAB_M_RN(1.0),N_A,M,LI31,2006,2005,0,2006-02-24,INR,171130000000
RBI:RBI_LIAB_M_RN(1.0),N_A,M,LI1,2006,2005,0,2006-02-24,INR,4148510000000
RBI:RBI_LIAB_M_RN(1.0),N_A,M,LI37,2006,2005,0,2006-02-24,INR,58130000000
RBI:RBI_LIAB_M_RN(1.0),N_A,M,LI2,2006,2005,0,2006-02-24,INR,120000000
RBI:RBI_LIAB_M_RN(1.0),N_A,M,LI33,2006,2005,0,2006-02-24,INR,410000000
RBI:RBI_LIAB_M_RN(1.0),N_A,M,NT_ISSU_TTL,2006,2005,0,2006-02-24,INR,7239800000000
RBI:RBI_LIAB_M_RN(1.0),N_A,M,LI31,2006,2005,0,2006-01-27,INR,191800000000
RBI:RBI_LIAB_M_RN(1.0),N_A,M,LI34,2006,2005,0,2006-01-27,INR,1149720000000
RBI:RBI_LIAB_M_RN(1.0),N_A,M,LI1,2006,2005,0,2006-01-27,INR,4075220000000
RBI:RBI_LIAB_M_RN(1.0),N_A,M,LI3,2006,2005,0,2006-01-27,INR,1888600000000
RBI:RBI_LIAB_M_RN(1.0),N_A,M,LI35,2006,2005,0,2006-01-27,INR,17810000000
RBI:RBI_LIAB_M_RN(1.0),N_A,M,LI38,2006,2005,0,2006-01-27,INR,101300000000
RBI:RBI_LIAB_M_RN(1.0),N_A,M,LI37,2006,2005,0,2006-01-27,INR,54760000000
RBI:RBI_LIAB_M_RN(1.0),N_A,M,LI2,2006,2005,0,2006-01-27,INR,130000000
RBI:RBI_LIAB_M_RN(1.0),N_A,M,LI33,2006,2005,0,2006-01-27,INR,410000000
RBI:RBI_LIAB_M_RN(1.0),N_A,M,LI4,2006,2005,0,2006-01-27,INR,1239440000000
RBI:RBI_LIAB_M_RN(1.0),N_A,M,NT_ISSU_TTL,2006,2005,0,2006-01-27,INR,7203380000000
RBI:RBI_LIAB_M_RN(1.0),N_A,M,LI32,2006,2005,0,2006-01-27,INR,372800000000
RBI:RBI_LIAB_M_RN(1.0),N_A,M,LI34,2006,2005,0,2005-12-30,INR,1167160000000
RBI:RBI_LIAB_M_RN(1.0),N_A,M,LI3,2006,2005,0,2005-12-30,INR,2062320000000.0002
RBI:RBI_LIAB_M_RN(1.0),N_A,M,LI35,2006,2005,0,2005-12-30,INR,18030000000
RBI:RBI_LIAB_M_RN(1.0),N_A,M,LI38,2006,2005,0,2005-12-30,INR,100650000000
RBI:RBI_LIAB_M_RN(1.0),N_A,M,LI31,2006,2005,0,2005-12-30,INR,259550000000
RBI:RBI_LIAB_M_RN(1.0),N_A,M,LI4,2006,2005,0,2005-12-30,INR,1272480000000
RBI:RBI_LIAB_M_RN(1.0),N_A,M,LI37,2006,2005,0,2005-12-30,INR,55400000000
RBI:RBI_LIAB_M_RN(1.0),N_A,M,LI33,2006,2005,0,2005-12-30,INR,410000000
RBI:RBI_LIAB_M_RN(1.0),N_A,M,LI32,2006,2005,0,2005-12-30,INR,461120000000
RBI:RBI_LIAB_M_RN(1.0),N_A,M,LI1,2006,2005,0,2005-12-30,INR,3979910000000
RBI:RBI_LIAB_M_RN(1.0),N_A,M,LI2,2006,2005,0,2005-12-30,INR,160000000
RBI:RBI_LIAB_M_RN(1.0),N_A,M,NT_ISSU_TTL,2006,2005,0,2005-12-30,INR,7314880000000
RBI:RBI_LIAB_M_RN(1.0),N_A,M,LI34,2006,2005,0,2005-11-25,INR,1096869999999.9999
RBI:RBI_LIAB_M_RN(1.0),N_A,M,LI2,2006,2005,0,2005-11-25,INR,150000000
RBI:RBI_LIAB_M_RN(1.0),N_A,M,LI38,2006,2005,0,2005-11-25,INR,102530000000
RBI:RBI_LIAB_M_RN(1.0),N_A,M,LI1,2006,2005,0,2005-11-25,INR,3931240000000
RBI:RBI_LIAB_M_RN(1.0),N_A,M,NT_ISSU_TTL,2006,2005,0,2005-11-25,INR,7277940000000
RBI:RBI_LIAB_M_RN(1.0),N_A,M,LI33,2006,2005,0,2005-11-25,INR,410000000
RBI:RBI_LIAB_M_RN(1.0),N_A,M,LI4,2006,2005,0,2005-11-25,INR,1295840000000
RBI:RBI_LIAB_M_RN(1.0),N_A,M,LI35,2006,2005,0,2005-11-25,INR,18760000000
RBI:RBI_LIAB_M_RN(1.0),N_A,M,LI32,2006,2005,0,2005-11-25,INR,643320000000
RBI:RBI_LIAB_M_RN(1.0),N_A,M,LI37,2006,2005,0,2005-11-25,INR,54800000000
RBI:RBI_LIAB_M_RN(1.0),N_A,M,LI3,2006,2005,0,2005-11-25,INR,2050710000000
RBI:RBI_LIAB_M_RN(1.0),N_A,M,LI31,2006,2005,0,2005-11-25,INR,134020000000.00002
RBI:RBI_LIAB_M_RN(1.0),N_A,M,LI3,2006,2005,0,2005-10-28,INR,1934510000000
RBI:RBI_LIAB_M_RN(1.0),N_A,M,LI31,2006,2005,0,2005-10-28,INR,15980000000
RBI:RBI_LIAB_M_RN(1.0),N_A,M,NT_ISSU_TTL,2006,2005,0,2005-10-28,INR,7071790000000
RBI:RBI_LIAB_M_RN(1.0),N_A,M,LI2,2006,2005,0,2005-10-28,INR,220000000
RBI:RBI_LIAB_M_RN(1.0),N_A,M,LI4,2006,2005,0,2005-10-28,INR,1280980000000
RBI:RBI_LIAB_M_RN(1.0),N_A,M,LI1,2006,2005,0,2005-10-28,INR,3856070000000
RBI:RBI_LIAB_M_RN(1.0),N_A,M,LI37,2006,2005,0,2005-10-28,INR,56270000000
RBI:RBI_LIAB_M_RN(1.0),N_A,M,LI35,2006,2005,0,2005-10-28,INR,17040000000
RBI:RBI_LIAB_M_RN(1.0),N_A,M,LI34,2006,2005,0,2005-10-28,INR,1046630000000.0001
RBI:RBI_LIAB_M_RN(1.0),N_A,M,LI33,2006,2005,0,2005-10-28,INR,410000000
RBI:RBI_LIAB_M_RN(1.0),N_A,M,LI32,2006,2005,0,2005-10-28,INR,697520000000
RBI:RBI_LIAB_M_RN(1.0),N_A,M,LI38,2006,2005,0,2005-10-28,INR,100660000000
RBI:RBI_LIAB_M_RN(1.0),N_A,M,NT_ISSU_TTL,2006,2005,0,2005-09-30,INR,6873150000000
RBI:RBI_LIAB_M_RN(1.0),N_A,M,LI38,2006,2005,0,2005-09-30,INR,106600000000
RBI:RBI_LIAB_M_RN(1.0),N_A,M,LI3,2006,2005,0,2005-09-30,INR,2052980000000
RBI:RBI_LIAB_M_RN(1.0),N_A,M,LI2,2006,2005,0,2005-09-30,INR,110000000
RBI:RBI_LIAB_M_RN(1.0),N_A,M,LI34,2006,2005,0,2005-09-30,INR,1057000000000
RBI:RBI_LIAB_M_RN(1.0),N_A,M,LI1,2006,2005,0,2005-09-30,INR,3703180000000
RBI:RBI_LIAB_M_RN(1.0),N_A,M,LI33,2006,2005,0,2005-09-30,INR,410000000
RBI:RBI_LIAB_M_RN(1.0),N_A,M,LI4,2006,2005,0,2005-09-30,INR,1116880000000
RBI:RBI_LIAB_M_RN(1.0),N_A,M,LI35,2006,2005,0,2005-09-30,INR,17580000000
RBI:RBI_LIAB_M_RN(1.0),N_A,M,LI32,2006,2005,0,2005-09-30,INR,673280000000
RBI:RBI_LIAB_M_RN(1.0),N_A,M,LI31,2006,2005,0,2005-09-30,INR,141730000000
RBI:RBI_LIAB_M_RN(1.0),N_A,M,LI37,2006,2005,0,2005-09-30,INR,56380000000
RBI:RBI_LIAB_M_RN(1.0),N_A,M,LI1,2006,2005,0,2005-08-26,INR,3725140000000
RBI:RBI_LIAB_M_RN(1.0),N_A,M,LI33,2006,2005,0,2005-08-26,INR,410000000
RBI:RBI_LIAB_M_RN(1.0),N_A,M,LI34,2006,2005,0,2005-08-26,INR,1040680000000.0001
RBI:RBI_LIAB_M_RN(1.0),N_A,M,LI35,2006,2005,0,2005-08-26,INR,18520000000
RBI:RBI_LIAB_M_RN(1.0),N_A,M,LI3,2006,2005,0,2005-08-26,INR,2022690000000
RBI:RBI_LIAB_M_RN(1.0),N_A,M,LI38,2006,2005,0,2005-08-26,INR,101810000000
RBI:RBI_LIAB_M_RN(1.0),N_A,M,NT_ISSU_TTL,2006,2005,0,2005-08-26,INR,6873100000000
RBI:RBI_LIAB_M_RN(1.0),N_A,M,LI37,2006,2005,0,2005-08-26,INR,55290000000
RBI:RBI_LIAB_M_RN(1.0),N_A,M,LI31,2006,2005,0,2005-08-26,INR,36620000000
RBI:RBI_LIAB_M_RN(1.0),N_A,M,LI2,2006,2005,0,2005-08-26,INR,270000000
RBI:RBI_LIAB_M_RN(1.0),N_A,M,LI4,2006,2005,0,2005-08-26,INR,1125000000000
RBI:RBI_LIAB_M_RN(1.0),N_A,M,LI32,2006,2005,0,2005-08-26,INR,769360000000
RBI:RBI_LIAB_M_RN(1.0),N_A,M,LI1,2006,2005,0,2005-07-29,INR,3721930000000
RBI:RBI_LIAB_M_RN(1.0),N_A,M,LI34,2006,2005,0,2005-07-29,INR,1130840000000
RBI:RBI_LIAB_M_RN(1.0),N_A,M,LI32,2006,2005,0,2005-07-29,INR,687650000000
RBI:RBI_LIAB_M_RN(1.0),N_A,M,LI33,2006,2005,0,2005-07-29,INR,410000000
RBI:RBI_LIAB_M_RN(1.0),N_A,M,LI38,2006,2005,0,2005-07-29,INR,163600000000
RBI:RBI_LIAB_M_RN(1.0),N_A,M,LI3,2006,2005,0,2005-07-29,INR,2066650000000
RBI:RBI_LIAB_M_RN(1.0),N_A,M,LI2,2006,2005,0,2005-07-29,INR,80000000
RBI:RBI_LIAB_M_RN(1.0),N_A,M,NT_ISSU_TTL,2006,2005,0,2005-07-29,INR,6824410000000
RBI:RBI_LIAB_M_RN(1.0),N_A,M,LI4,2006,2005,0,2005-07-29,INR,1035760000000
RBI:RBI_LIAB_M_RN(1.0),N_A,M,LI31,2006,2005,0,2005-07-29,INR,1000000000
RBI:RBI_LIAB_M_RN(1.0),N_A,M,LI35,2006,2005,0,2005-07-29,INR,23240000000
RBI:RBI_LIAB_M_RN(1.0),N_A,M,LI37,2006,2005,0,2005-07-29,INR,59910000000
RBI:RBI_LIAB_M_RN(1.0),N_A,M,LI34,2006,2005,0,2005-06-24,INR,959860000000
RBI:RBI_LIAB_M_RN(1.0),N_A,M,LI4,2006,2005,0,2005-06-24,INR,1170190000000
RBI:RBI_LIAB_M_RN(1.0),N_A,M,NT_ISSU_TTL,2006,2005,0,2005-06-24,INR,6845510000000
RBI:RBI_LIAB_M_RN(1.0),N_A,M,LI1,2006,2005,0,2005-06-24,INR,3807070000000
RBI:RBI_LIAB_M_RN(1.0),N_A,M,LI35,2006,2005,0,2005-06-24,INR,18390000000
RBI:RBI_LIAB_M_RN(1.0),N_A,M,LI32,2006,2005,0,2005-06-24,INR,716810000000
RBI:RBI_LIAB_M_RN(1.0),N_A,M,LI33,2006,2005,0,2005-06-24,INR,410000000
RBI:RBI_LIAB_M_RN(1.0),N_A,M,LI38,2006,2005,0,2005-06-24,INR,99280000000
RBI:RBI_LIAB_M_RN(1.0),N_A,M,LI37,2006,2005,0,2005-06-24,INR,54910000000
RBI:RBI_LIAB_M_RN(1.0),N_A,M,LI31,2006,2005,0,2005-06-24,INR,18450000000
RBI:RBI_LIAB_M_RN(1.0),N_A,M,LI3,2006,2005,0,2005-06-24,INR,1868110000000
RBI:RBI_LIAB_M_RN(1.0),N_A,M,LI2,2006,2005,0,2005-06-24,INR,130000000
RBI:RBI_LIAB_M_RN(1.0),N_A,M,LI1,2006,2005,0,2005-05-27,INR,3823430000000
RBI:RBI_LIAB_M_RN(1.0),N_A,M,LI4,2006,2005,0,2005-05-27,INR,1203350000000
RBI:RBI_LIAB_M_RN(1.0),N_A,M,NT_ISSU_TTL,2006,2005,0,2005-05-27,INR,6777040000000
RBI:RBI_LIAB_M_RN(1.0),N_A,M,LI34,2006,2005,0,2005-05-27,INR,896030000000
RBI:RBI_LIAB_M_RN(1.0),N_A,M,LI33,2006,2005,0,2005-05-27,INR,410000000
RBI:RBI_LIAB_M_RN(1.0),N_A,M,LI3,2006,2005,0,2005-05-27,INR,1750160000000
RBI:RBI_LIAB_M_RN(1.0),N_A,M,LI31,2006,2005,0,2005-05-27,INR,1010000000
RBI:RBI_LIAB_M_RN(1.0),N_A,M,LI38,2006,2005,0,2005-05-27,INR,93030000000
RBI:RBI_LIAB_M_RN(1.0),N_A,M,LI2,2006,2005,0,2005-05-27,INR,110000000
RBI:RBI_LIAB_M_RN(1.0),N_A,M,LI37,2006,2005,0,2005-05-27,INR,52980000000
RBI:RBI_LIAB_M_RN(1.0),N_A,M,LI35,2006,2005,0,2005-05-27,INR,16540000000
RBI:RBI_LIAB_M_RN(1.0),N_A,M,LI32,2006,2005,0,2005-05-27,INR,690160000000
RBI:RBI_LIAB_M_RN(1.0),N_A,M,LI1,2006,2005,0,2005-04-29,INR,3768840000000
RBI:RBI_LIAB_M_RN(1.0),N_A,M,LI3,2006,2005,0,2005-04-29,INR,1885620000000
RBI:RBI_LIAB_M_RN(1.0),N_A,M,NT_ISSU_TTL,2006,2005,0,2005-04-29,INR,6964760000000
RBI:RBI_LIAB_M_RN(1.0),N_A,M,LI37,2006,2005,0,2005-04-29,INR,55930000000
RBI:RBI_LIAB_M_RN(1.0),N_A,M,LI32,2006,2005,0,2005-04-29,INR,670870000000
RBI:RBI_LIAB_M_RN(1.0),N_A,M,LI2,2006,2005,0,2005-04-29,INR,150000000
RBI:RBI_LIAB_M_RN(1.0),N_A,M,LI38,2006,2005,0,2005-04-29,INR,94740000000
RBI:RBI_LIAB_M_RN(1.0),N_A,M,LI35,2006,2005,0,2005-04-29,INR,18560000000
RBI:RBI_LIAB_M_RN(1.0),N_A,M,LI31,2006,2005,0,2005-04-29,INR,1000000000
RBI:RBI_LIAB_M_RN(1.0),N_A,M,LI33,2006,2005,0,2005-04-29,INR,410000000
RBI:RBI_LIAB_M_RN(1.0),N_A,M,LI34,2006,2005,0,2005-04-29,INR,1044109999999.9999
RBI:RBI_LIAB_M_RN(1.0),N_A,M,LI4,2006,2005,0,2005-04-29,INR,1310150000000
RBI:RBI_LIAB_M_RN(1.0),N_A,M,LI1,2005,2004,0,2005-03-25,INR,3624870000000
RBI:RBI_LIAB_M_RN(1.0),N_A,M,LI3,2005,2004,0,2005-03-25,INR,2035490000000
RBI:RBI_LIAB_M_RN(1.0),N_A,M,LI33,2005,2004,0,2005-03-25,INR,9430000000
RBI:RBI_LIAB_M_RN(1.0),N_A,M,LI4,2005,2004,0,2005-03-25,INR,1296110000000
RBI:RBI_LIAB_M_RN(1.0),N_A,M,LI2,2005,2004,0,2005-03-25,INR,180000000
RBI:RBI_LIAB_M_RN(1.0),N_A,M,LI37,2005,2004,0,2005-03-25,INR,52600000000
RBI:RBI_LIAB_M_RN(1.0),N_A,M,NT_ISSU_TTL,2005,2004,0,2005-03-25,INR,6956660000000
RBI:RBI_LIAB_M_RN(1.0),N_A,M,LI38,2005,2004,0,2005-03-25,INR,113610000000
RBI:RBI_LIAB_M_RN(1.0),N_A,M,LI31,2005,2004,0,2005-03-25,INR,99080000000
RBI:RBI_LIAB_M_RN(1.0),N_A,M,LI35,2005,2004,0,2005-03-25,INR,17630000000
RBI:RBI_LIAB_M_RN(1.0),N_A,M,LI34,2005,2004,0,2005-03-25,INR,1101030000000
RBI:RBI_LIAB_M_RN(1.0),N_A,M,LI32,2005,2004,0,2005-03-25,INR,642110000000
RBI:RBI_LIAB_M_RN(1.0),N_A,M,LI37,2005,2004,0,2005-02-25,INR,52630000000
RBI:RBI_LIAB_M_RN(1.0),N_A,M,NT_ISSU_TTL,2005,2004,0,2005-02-25,INR,6593560000000
RBI:RBI_LIAB_M_RN(1.0),N_A,M,LI38,2005,2004,0,2005-02-25,INR,104760000000
RBI:RBI_LIAB_M_RN(1.0),N_A,M,LI35,2005,2004,0,2005-02-25,INR,17590000000
RBI:RBI_LIAB_M_RN(1.0),N_A,M,LI32,2005,2004,0,2005-02-25,INR,608350000000
RBI:RBI_LIAB_M_RN(1.0),N_A,M,LI1,2005,2004,0,2005-02-25,INR,3515480000000
RBI:RBI_LIAB_M_RN(1.0),N_A,M,LI4,2005,2004,0,2005-02-25,INR,1341440000000
RBI:RBI_LIAB_M_RN(1.0),N_A,M,LI34,2005,2004,0,2005-02-25,INR,951760000000
RBI:RBI_LIAB_M_RN(1.0),N_A,M,LI33,2005,2004,0,2005-02-25,INR,410000000
RBI:RBI_LIAB_M_RN(1.0),N_A,M,LI31,2005,2004,0,2005-02-25,INR,1000000000
RBI:RBI_LIAB_M_RN(1.0),N_A,M,LI2,2005,2004,0,2005-02-25,INR,150000000
RBI:RBI_LIAB_M_RN(1.0),N_A,M,LI3,2005,2004,0,2005-02-25,INR,1736500000000
RBI:RBI_LIAB_M_RN(1.0),N_A,M,LI31,2005,2004,0,2005-01-28,INR,1000000000
RBI:RBI_LIAB_M_RN(1.0),N_A,M,LI2,2005,2004,0,2005-01-28,INR,140000000
RBI:RBI_LIAB_M_RN(1.0),N_A,M,LI34,2005,2004,0,2005-01-28,INR,964150000000
RBI:RBI_LIAB_M_RN(1.0),N_A,M,LI37,2005,2004,0,2005-01-28,INR,52500000000
RBI:RBI_LIAB_M_RN(1.0),N_A,M,LI33,2005,2004,0,2005-01-28,INR,410000000
RBI:RBI_LIAB_M_RN(1.0),N_A,M,LI1,2005,2004,0,2005-01-28,INR,3489840000000
RBI:RBI_LIAB_M_RN(1.0),N_A,M,LI4,2005,2004,0,2005-01-28,INR,1300940000000
RBI:RBI_LIAB_M_RN(1.0),N_A,M,LI32,2005,2004,0,2005-01-28,INR,544990000000
RBI:RBI_LIAB_M_RN(1.0),N_A,M,LI35,2005,2004,0,2005-01-28,INR,19260000000
RBI:RBI_LIAB_M_RN(1.0),N_A,M,LI3,2005,2004,0,2005-01-28,INR,1676760000000
RBI:RBI_LIAB_M_RN(1.0),N_A,M,NT_ISSU_TTL,2005,2004,0,2005-01-28,INR,6467680000000
RBI:RBI_LIAB_M_RN(1.0),N_A,M,LI38,2005,2004,0,2005-01-28,INR,94450000000
RBI:RBI_LIAB_M_RN(1.0),N_A,M,LI32,2005,2004,0,2004-12-31,INR,526080000000.00006
RBI:RBI_LIAB_M_RN(1.0),N_A,M,LI35,2005,2004,0,2004-12-31,INR,18930000000
RBI:RBI_LIAB_M_RN(1.0),N_A,M,LI38,2005,2004,0,2004-12-31,INR,96330000000
RBI:RBI_LIAB_M_RN(1.0),N_A,M,LI31,2005,2004,0,2004-12-31,INR,66170000000
RBI:RBI_LIAB_M_RN(1.0),N_A,M,NT_ISSU_TTL,2005,2004,0,2004-12-31,INR,6600740000000
RBI:RBI_LIAB_M_RN(1.0),N_A,M,LI4,2005,2004,0,2004-12-31,INR,1338310000000
RBI:RBI_LIAB_M_RN(1.0),N_A,M,LI33,2005,2004,0,2004-12-31,INR,410000000
RBI:RBI_LIAB_M_RN(1.0),N_A,M,LI1,2005,2004,0,2004-12-31,INR,3436580000000
RBI:RBI_LIAB_M_RN(1.0),N_A,M,LI34,2005,2004,0,2004-12-31,INR,1065500000000
RBI:RBI_LIAB_M_RN(1.0),N_A,M,LI3,2005,2004,0,2004-12-31,INR,1825720000000
RBI:RBI_LIAB_M_RN(1.0),N_A,M,LI2,2005,2004,0,2004-12-31,INR,130000000
RBI:RBI_LIAB_M_RN(1.0),N_A,M,LI37,2005,2004,0,2004-12-31,INR,52300000000
RBI:RBI_LIAB_M_RN(1.0),N_A,M,LI2,2005,2004,0,2004-11-26,INR,130000000
RBI:RBI_LIAB_M_RN(1.0),N_A,M,LI3,2005,2004,0,2004-11-26,INR,1643590000000
RBI:RBI_LIAB_M_RN(1.0),N_A,M,LI38,2005,2004,0,2004-11-26,INR,94310000000
RBI:RBI_LIAB_M_RN(1.0),N_A,M,LI31,2005,2004,0,2004-11-26,INR,66180000000.00001
RBI:RBI_LIAB_M_RN(1.0),N_A,M,LI37,2005,2004,0,2004-11-26,INR,50910000000
RBI:RBI_LIAB_M_RN(1.0),N_A,M,NT_ISSU_TTL,2005,2004,0,2004-11-26,INR,6576780000000
RBI:RBI_LIAB_M_RN(1.0),N_A,M,LI32,2005,2004,0,2004-11-26,INR,518720000000
RBI:RBI_LIAB_M_RN(1.0),N_A,M,LI34,2005,2004,0,2004-11-26,INR,894420000000
RBI:RBI_LIAB_M_RN(1.0),N_A,M,LI1,2005,2004,0,2004-11-26,INR,3475390000000
RBI:RBI_LIAB_M_RN(1.0),N_A,M,LI33,2005,2004,0,2004-11-26,INR,1010000000
RBI:RBI_LIAB_M_RN(1.0),N_A,M,LI35,2005,2004,0,2004-11-26,INR,18040000000
RBI:RBI_LIAB_M_RN(1.0),N_A,M,LI4,2005,2004,0,2004-11-26,INR,1457650000000
RBI:RBI_LIAB_M_RN(1.0),N_A,M,NT_ISSU_TTL,2005,2004,0,2004-10-29,INR,6338910000000
RBI:RBI_LIAB_M_RN(1.0),N_A,M,LI4,2005,2004,0,2004-10-29,INR,1385670000000
RBI:RBI_LIAB_M_RN(1.0),N_A,M,LI35,2005,2004,0,2004-10-29,INR,19450000000
RBI:RBI_LIAB_M_RN(1.0),N_A,M,LI38,2005,2004,0,2004-10-29,INR,115570000000
RBI:RBI_LIAB_M_RN(1.0),N_A,M,LI33,2005,2004,0,2004-10-29,INR,410000000
RBI:RBI_LIAB_M_RN(1.0),N_A,M,LI2,2005,2004,0,2004-10-29,INR,210000000
RBI:RBI_LIAB_M_RN(1.0),N_A,M,LI34,2005,2004,0,2004-10-29,INR,864370000000
RBI:RBI_LIAB_M_RN(1.0),N_A,M,LI1,2005,2004,0,2004-10-29,INR,3348030000000
RBI:RBI_LIAB_M_RN(1.0),N_A,M,LI3,2005,2004,0,2004-10-29,INR,1605010000000
RBI:RBI_LIAB_M_RN(1.0),N_A,M,LI37,2005,2004,0,2004-10-29,INR,53330000000
RBI:RBI_LIAB_M_RN(1.0),N_A,M,LI32,2005,2004,0,2004-10-29,INR,550870000000
RBI:RBI_LIAB_M_RN(1.0),N_A,M,LI31,2005,2004,0,2004-10-29,INR,1010000000
RBI:RBI_LIAB_M_RN(1.0),N_A,M,LI33,2005,2004,0,2004-09-24,INR,410000000
RBI:RBI_LIAB_M_RN(1.0),N_A,M,LI34,2005,2004,0,2004-09-24,INR,835610000000
RBI:RBI_LIAB_M_RN(1.0),N_A,M,LI35,2005,2004,0,2004-09-24,INR,18290000000
RBI:RBI_LIAB_M_RN(1.0),N_A,M,LI1,2005,2004,0,2004-09-24,INR,3268090000000
RBI:RBI_LIAB_M_RN(1.0),N_A,M,LI38,2005,2004,0,2004-09-24,INR,95540000000
RBI:RBI_LIAB_M_RN(1.0),N_A,M,LI2,2005,2004,0,2004-09-24,INR,160000000
RBI:RBI_LIAB_M_RN(1.0),N_A,M,LI32,2005,2004,0,2004-09-24,INR,522549999999.99994
RBI:RBI_LIAB_M_RN(1.0),N_A,M,LI3,2005,2004,0,2004-09-24,INR,1640820000000
RBI:RBI_LIAB_M_RN(1.0),N_A,M,NT_ISSU_TTL,2005,2004,0,2004-09-24,INR,6265080000000
RBI:RBI_LIAB_M_RN(1.0),N_A,M,LI37,2005,2004,0,2004-09-24,INR,48460000000
RBI:RBI_LIAB_M_RN(1.0),N_A,M,LI4,2005,2004,0,2004-09-24,INR,1356030000000
RBI:RBI_LIAB_M_RN(1.0),N_A,M,LI31,2005,2004,0,2004-09-24,INR,119960000000
RBI:RBI_LIAB_M_RN(1.0),N_A,M,LI2,2005,2004,0,2004-08-27,INR,150000000
RBI:RBI_LIAB_M_RN(1.0),N_A,M,LI38,2005,2004,0,2004-08-27,INR,95780000000
RBI:RBI_LIAB_M_RN(1.0),N_A,M,LI3,2005,2004,0,2004-08-27,INR,1447260000000
RBI:RBI_LIAB_M_RN(1.0),N_A,M,LI37,2005,2004,0,2004-08-27,INR,46770000000
RBI:RBI_LIAB_M_RN(1.0),N_A,M,LI33,2005,2004,0,2004-08-27,INR,410000000
RBI:RBI_LIAB_M_RN(1.0),N_A,M,LI1,2005,2004,0,2004-08-27,INR,3272470000000
RBI:RBI_LIAB_M_RN(1.0),N_A,M,LI4,2005,2004,0,2004-08-27,INR,1351960000000
RBI:RBI_LIAB_M_RN(1.0),N_A,M,NT_ISSU_TTL,2005,2004,0,2004-08-27,INR,6071840000000
RBI:RBI_LIAB_M_RN(1.0),N_A,M,LI35,2005,2004,0,2004-08-27,INR,16570000000
RBI:RBI_LIAB_M_RN(1.0),N_A,M,LI32,2005,2004,0,2004-08-27,INR,516350000000
RBI:RBI_LIAB_M_RN(1.0),N_A,M,LI31,2005,2004,0,2004-08-27,INR,1000000000
RBI:RBI_LIAB_M_RN(1.0),N_A,M,LI34,2005,2004,0,2004-08-27,INR,770380000000
RBI:RBI_LIAB_M_RN(1.0),N_A,M,NT_ISSU_TTL,2005,2004,0,2004-07-30,INR,6101280000000
RBI:RBI_LIAB_M_RN(1.0),N_A,M,LI3,2005,2004,0,2004-07-30,INR,1458950000000
RBI:RBI_LIAB_M_RN(1.0),N_A,M,LI31,2005,2004,0,2004-07-30,INR,1010000000
RBI:RBI_LIAB_M_RN(1.0),N_A,M,LI34,2005,2004,0,2004-07-30,INR,773990000000
RBI:RBI_LIAB_M_RN(1.0),N_A,M,LI32,2005,2004,0,2004-07-30,INR,462060000000
RBI:RBI_LIAB_M_RN(1.0),N_A,M,LI35,2005,2004,0,2004-07-30,INR,20940000000
RBI:RBI_LIAB_M_RN(1.0),N_A,M,LI2,2005,2004,0,2004-07-30,INR,200000000
RBI:RBI_LIAB_M_RN(1.0),N_A,M,LI37,2005,2004,0,2004-07-30,INR,48070000000
RBI:RBI_LIAB_M_RN(1.0),N_A,M,LI33,2005,2004,0,2004-07-30,INR,410000000
RBI:RBI_LIAB_M_RN(1.0),N_A,M,LI1,2005,2004,0,2004-07-30,INR,3266410000000
RBI:RBI_LIAB_M_RN(1.0),N_A,M,LI38,2005,2004,0,2004-07-30,INR,152470000000
RBI:RBI_LIAB_M_RN(1.0),N_A,M,LI4,2005,2004,0,2004-07-30,INR,1375720000000
