DATAFLOW,AUDST,FREQ,REPYEAREND,REPYEARSTART,SOUR_RN,UNIT_MULT,TIME_PERIOD,UNIT_MEASURE,OBS_VALUE
RBI:RMS_W_RN(1.0),N_A,W,2026,2025,SOR7,0,2025-12-12,INR,397106558200
RBI:RMS_W_RN(1.0),N_A,W,2026,2025,SOR8,0,2025-12-12,INR,27590507310000
RBI:RMS_W_RN(1.0),N_A,W,2026,2025,SOR4,0,2025-12-12,INR,-2224430000000
RBI:RMS_W_RN(1.0),N_A,W,2026,2025,SOR5,0,2025-12-12,INR,109938900000.0002
RBI:RMS_W_RN(1.0),N_A,W,2026,2025,SOR1,0,2025-12-12,INR,16791781700000
RBI:RMS_W_RN(1.0),N_A,W,2026,2025,SOR6,0,2025-12-12,INR,60471622310000
RBI:RMS_W_RN(1.0),N_A,W,2026,2025,SOR6,0,2025-12-05,INR,60041522110000
RBI:RMS_W_RN(1.0),N_A,W,2026,2025,SOR4,0,2025-12-05,INR,-2376200000000
RBI:RMS_W_RN(1.0),N_A,W,2026,2025,SOR8,0,2025-12-05,INR,27253516120000.004
RBI:RMS_W_RN(1.0),N_A,W,2026,2025,SOR1,0,2025-12-05,INR,17071346399999.998
RBI:RMS_W_RN(1.0),N_A,W,2026,2025,SOR5,0,2025-12-05,INR,100931500000
RBI:RMS_W_RN(1.0),N_A,W,2026,2025,SOR7,0,2025-12-05,INR,396286026900
RBI:RMS_W_RN(1.0),N_A,W,2026,2025,SOR6,0,2025-11-28,INR,59579427350000
RBI:RMS_W_RN(1.0),N_A,W,2026,2025,SOR4,0,2025-11-28,INR,-1841860000000
RBI:RMS_W_RN(1.0),N_A,W,2026,2025,SOR1,0,2025-11-28,INR,16441574400000
RBI:RMS_W_RN(1.0),N_A,W,2026,2025,SOR7,0,2025-11-28,INR,395545132400
RBI:RMS_W_RN(1.0),N_A,W,2026,2025,SOR5,0,2025-11-28,INR,117012000000
RBI:RMS_W_RN(1.0),N_A,W,2026,2025,SOR8,0,2025-11-28,INR,26547517320000
RBI:RMS_W_RN(1.0),N_A,W,2026,2025,SOR4,0,2025-11-21,INR,-1586370000000
RBI:RMS_W_RN(1.0),N_A,W,2026,2025,SOR8,0,2025-11-21,INR,26202611170000
RBI:RMS_W_RN(1.0),N_A,W,2026,2025,SOR1,0,2025-11-21,INR,15590500500000
RBI:RMS_W_RN(1.0),N_A,W,2026,2025,SOR7,0,2025-11-21,INR,392311568700
RBI:RMS_W_RN(1.0),N_A,W,2026,2025,SOR6,0,2025-11-21,INR,59765050000000
RBI:RMS_W_RN(1.0),N_A,W,2026,2025,SOR5,0,2025-11-21,INR,116752000000
RBI:RMS_W_RN(1.0),N_A,W,2026,2025,SOR5,0,2025-11-14,INR,102298200000
RBI:RMS_W_RN(1.0),N_A,W,2026,2025,SOR6,0,2025-11-14,INR,59679557040000
RBI:RMS_W_RN(1.0),N_A,W,2026,2025,SOR7,0,2025-11-14,INR,392311568700
RBI:RMS_W_RN(1.0),N_A,W,2026,2025,SOR8,0,2025-11-14,INR,26059850520000
RBI:RMS_W_RN(1.0),N_A,W,2026,2025,SOR1,0,2025-11-14,INR,16331751100000
RBI:RMS_W_RN(1.0),N_A,W,2026,2025,SOR4,0,2025-11-14,INR,-2479800000000
RBI:RMS_W_RN(1.0),N_A,W,2026,2025,SOR7,0,2025-11-07,INR,392311568700
RBI:RMS_W_RN(1.0),N_A,W,2026,2025,SOR8,0,2025-11-07,INR,25478905750000
RBI:RMS_W_RN(1.0),N_A,W,2026,2025,SOR1,0,2025-11-07,INR,16130141200000
RBI:RMS_W_RN(1.0),N_A,W,2026,2025,SOR5,0,2025-11-07,INR,112175700000
RBI:RMS_W_RN(1.0),N_A,W,2026,2025,SOR6,0,2025-11-07,INR,59138657970000
RBI:RMS_W_RN(1.0),N_A,W,2026,2025,SOR4,0,2025-11-07,INR,-2500940000000
RBI:RMS_W_RN(1.0),N_A,W,2026,2025,SOR7,0,2025-10-31,INR,392311568700
RBI:RMS_W_RN(1.0),N_A,W,2026,2025,SOR5,0,2025-10-31,INR,136030800000
RBI:RMS_W_RN(1.0),N_A,W,2026,2025,SOR4,0,2025-10-31,INR,-1346490000000
RBI:RMS_W_RN(1.0),N_A,W,2026,2025,SOR8,0,2025-10-31,INR,25597279830000
RBI:RMS_W_RN(1.0),N_A,W,2026,2025,SOR1,0,2025-10-31,INR,15299113500000
RBI:RMS_W_RN(1.0),N_A,W,2026,2025,SOR6,0,2025-10-31,INR,59454827260000
RBI:RMS_W_RN(1.0),N_A,W,2026,2025,SOR6,0,2025-10-24,INR,59339389260000
RBI:RMS_W_RN(1.0),N_A,W,2026,2025,SOR5,0,2025-10-24,INR,156412600000
RBI:RMS_W_RN(1.0),N_A,W,2026,2025,SOR8,0,2025-10-24,INR,25514668610000
RBI:RMS_W_RN(1.0),N_A,W,2026,2025,SOR1,0,2025-10-24,INR,14344764400000
RBI:RMS_W_RN(1.0),N_A,W,2026,2025,SOR4,0,2025-10-24,INR,-446220000000
RBI:RMS_W_RN(1.0),N_A,W,2026,2025,SOR7,0,2025-10-24,INR,388635073100
RBI:RMS_W_RN(1.0),N_A,W,2026,2025,SOR5,0,2025-10-17,INR,149362899999.9999
RBI:RMS_W_RN(1.0),N_A,W,2026,2025,SOR4,0,2025-10-17,INR,-1117350000000
RBI:RMS_W_RN(1.0),N_A,W,2026,2025,SOR8,0,2025-10-17,INR,26091379929999.996
RBI:RMS_W_RN(1.0),N_A,W,2026,2025,SOR7,0,2025-10-17,INR,388635073100
RBI:RMS_W_RN(1.0),N_A,W,2026,2025,SOR1,0,2025-10-17,INR,14910258500000
RBI:RMS_W_RN(1.0),N_A,W,2026,2025,SOR6,0,2025-10-17,INR,60025619070000
RBI:RMS_W_RN(1.0),N_A,W,2026,2025,SOR1,0,2025-10-10,INR,14612463200000
RBI:RMS_W_RN(1.0),N_A,W,2026,2025,SOR6,0,2025-10-10,INR,60112050120000
RBI:RMS_W_RN(1.0),N_A,W,2026,2025,SOR8,0,2025-10-10,INR,25587145570000
RBI:RMS_W_RN(1.0),N_A,W,2026,2025,SOR5,0,2025-10-10,INR,124586500000
RBI:RMS_W_RN(1.0),N_A,W,2026,2025,SOR7,0,2025-10-10,INR,388635073100
RBI:RMS_W_RN(1.0),N_A,W,2026,2025,SOR4,0,2025-10-10,INR,-1543730000000
RBI:RMS_W_RN(1.0),N_A,W,2026,2025,SOR8,0,2025-10-03,INR,25692003080000
RBI:RMS_W_RN(1.0),N_A,W,2026,2025,SOR7,0,2025-10-03,INR,388635073100
RBI:RMS_W_RN(1.0),N_A,W,2026,2025,SOR4,0,2025-10-03,INR,-2001100000000
RBI:RMS_W_RN(1.0),N_A,W,2026,2025,SOR1,0,2025-10-03,INR,15385139900000
RBI:RMS_W_RN(1.0),N_A,W,2026,2025,SOR5,0,2025-10-03,INR,126132100000
RBI:RMS_W_RN(1.0),N_A,W,2026,2025,SOR6,0,2025-10-03,INR,60356782630000
RBI:RMS_W_RN(1.0),N_A,W,2026,2025,SOR8,0,2025-09-26,INR,24938242250000
RBI:RMS_W_RN(1.0),N_A,W,2026,2025,SOR6,0,2025-09-26,INR,60335748900000
RBI:RMS_W_RN(1.0),N_A,W,2026,2025,SOR7,0,2025-09-26,INR,388635073100
RBI:RMS_W_RN(1.0),N_A,W,2026,2025,SOR1,0,2025-09-26,INR,13370462600000
RBI:RMS_W_RN(1.0),N_A,W,2026,2025,SOR4,0,2025-09-26,INR,-627540000000
RBI:RMS_W_RN(1.0),N_A,W,2026,2025,SOR5,0,2025-09-26,INR,190485000000
RBI:RMS_W_RN(1.0),N_A,W,2026,2025,SOR4,0,2025-09-19,INR,-667880000000
RBI:RMS_W_RN(1.0),N_A,W,2026,2025,SOR5,0,2025-09-19,INR,156693600000
RBI:RMS_W_RN(1.0),N_A,W,2026,2025,SOR8,0,2025-09-19,INR,24633141410000
RBI:RMS_W_RN(1.0),N_A,W,2026,2025,SOR6,0,2025-09-19,INR,60108712740000
RBI:RMS_W_RN(1.0),N_A,W,2026,2025,SOR1,0,2025-09-19,INR,13244953300000
RBI:RMS_W_RN(1.0),N_A,W,2026,2025,SOR7,0,2025-09-19,INR,384379212500
RBI:RMS_W_RN(1.0),N_A,W,2026,2025,SOR4,0,2025-09-12,INR,-2720810000000
RBI:RMS_W_RN(1.0),N_A,W,2026,2025,SOR8,0,2025-09-12,INR,24768093920000
RBI:RMS_W_RN(1.0),N_A,W,2026,2025,SOR6,0,2025-09-12,INR,60277422850000
RBI:RMS_W_RN(1.0),N_A,W,2026,2025,SOR5,0,2025-09-12,INR,98414699999.9995
RBI:RMS_W_RN(1.0),N_A,W,2026,2025,SOR7,0,2025-09-12,INR,384379212500
RBI:RMS_W_RN(1.0),N_A,W,2026,2025,SOR1,0,2025-09-12,INR,15668076700000
RBI:RMS_W_RN(1.0),N_A,W,2026,2025,SOR4,0,2025-09-05,INR,-2953540000000
RBI:RMS_W_RN(1.0),N_A,W,2026,2025,SOR6,0,2025-09-05,INR,59850137270000
RBI:RMS_W_RN(1.0),N_A,W,2026,2025,SOR5,0,2025-09-05,INR,98331000000
RBI:RMS_W_RN(1.0),N_A,W,2026,2025,SOR7,0,2025-09-05,INR,384379212500
RBI:RMS_W_RN(1.0),N_A,W,2026,2025,SOR1,0,2025-09-05,INR,16075075500000
RBI:RMS_W_RN(1.0),N_A,W,2026,2025,SOR8,0,2025-09-05,INR,24312708030000
RBI:RMS_W_RN(1.0),N_A,W,2026,2025,SOR6,0,2025-08-29,INR,59483550830000
RBI:RMS_W_RN(1.0),N_A,W,2026,2025,SOR1,0,2025-08-29,INR,15806518300000
RBI:RMS_W_RN(1.0),N_A,W,2026,2025,SOR4,0,2025-08-29,INR,-2540300000000
RBI:RMS_W_RN(1.0),N_A,W,2026,2025,SOR5,0,2025-08-29,INR,130341400000
RBI:RMS_W_RN(1.0),N_A,W,2026,2025,SOR8,0,2025-08-29,INR,23855361890000
RBI:RMS_W_RN(1.0),N_A,W,2026,2025,SOR7,0,2025-08-29,INR,384379212500
RBI:RMS_W_RN(1.0),N_A,W,2026,2025,SOR6,0,2025-08-22,INR,58709922350000
RBI:RMS_W_RN(1.0),N_A,W,2026,2025,SOR4,0,2025-08-22,INR,-2298520000000
RBI:RMS_W_RN(1.0),N_A,W,2026,2025,SOR1,0,2025-08-22,INR,15117064900000
RBI:RMS_W_RN(1.0),N_A,W,2026,2025,SOR5,0,2025-08-22,INR,130694900000
RBI:RMS_W_RN(1.0),N_A,W,2026,2025,SOR7,0,2025-08-22,INR,380574652700
RBI:RMS_W_RN(1.0),N_A,W,2026,2025,SOR8,0,2025-08-22,INR,22889107910000.004
RBI:RMS_W_RN(1.0),N_A,W,2026,2025,SOR4,0,2025-08-15,INR,-3189700000000
RBI:RMS_W_RN(1.0),N_A,W,2026,2025,SOR8,0,2025-08-15,INR,23346439200000
RBI:RMS_W_RN(1.0),N_A,W,2026,2025,SOR5,0,2025-08-15,INR,131698700000
RBI:RMS_W_RN(1.0),N_A,W,2026,2025,SOR7,0,2025-08-15,INR,380574652700
RBI:RMS_W_RN(1.0),N_A,W,2026,2025,SOR1,0,2025-08-15,INR,16426098100000
RBI:RMS_W_RN(1.0),N_A,W,2026,2025,SOR6,0,2025-08-15,INR,59109835029999.99
RBI:RMS_W_RN(1.0),N_A,W,2026,2025,SOR5,0,2025-08-08,INR,124248900000
RBI:RMS_W_RN(1.0),N_A,W,2026,2025,SOR4,0,2025-08-08,INR,-3231290000000
RBI:RMS_W_RN(1.0),N_A,W,2026,2025,SOR8,0,2025-08-08,INR,23330982010000
RBI:RMS_W_RN(1.0),N_A,W,2026,2025,SOR7,0,2025-08-08,INR,380574652700
RBI:RMS_W_RN(1.0),N_A,W,2026,2025,SOR6,0,2025-08-08,INR,59057179040000
RBI:RMS_W_RN(1.0),N_A,W,2026,2025,SOR1,0,2025-08-08,INR,16152363300000
RBI:RMS_W_RN(1.0),N_A,W,2026,2025,SOR6,0,2025-08-01,INR,58595166590000
RBI:RMS_W_RN(1.0),N_A,W,2026,2025,SOR4,0,2025-08-01,INR,-3754530000000
RBI:RMS_W_RN(1.0),N_A,W,2026,2025,SOR5,0,2025-08-01,INR,123356000000
RBI:RMS_W_RN(1.0),N_A,W,2026,2025,SOR7,0,2025-08-01,INR,380574652700
RBI:RMS_W_RN(1.0),N_A,W,2026,2025,SOR8,0,2025-08-01,INR,22433852550000
RBI:RMS_W_RN(1.0),N_A,W,2026,2025,SOR1,0,2025-08-01,INR,16724894400000
RBI:RMS_W_RN(1.0),N_A,W,2026,2025,SOR7,0,2025-07-25,INR,380574652700
RBI:RMS_W_RN(1.0),N_A,W,2026,2025,SOR8,0,2025-07-25,INR,22358680300000
RBI:RMS_W_RN(1.0),N_A,W,2026,2025,SOR5,0,2025-07-25,INR,123833600000
RBI:RMS_W_RN(1.0),N_A,W,2026,2025,SOR4,0,2025-07-25,INR,-2980630000000
RBI:RMS_W_RN(1.0),N_A,W,2026,2025,SOR1,0,2025-07-25,INR,15021500200000
RBI:RMS_W_RN(1.0),N_A,W,2026,2025,SOR6,0,2025-07-25,INR,58696795030000
RBI:RMS_W_RN(1.0),N_A,W,2026,2025,SOR8,0,2025-07-18,INR,21931685530000
RBI:RMS_W_RN(1.0),N_A,W,2026,2025,SOR1,0,2025-07-18,INR,16039647300000
RBI:RMS_W_RN(1.0),N_A,W,2026,2025,SOR4,0,2025-07-18,INR,-3156660000000
RBI:RMS_W_RN(1.0),N_A,W,2026,2025,SOR6,0,2025-07-18,INR,58232395910000
RBI:RMS_W_RN(1.0),N_A,W,2026,2025,SOR5,0,2025-07-18,INR,82345500000
RBI:RMS_W_RN(1.0),N_A,W,2026,2025,SOR7,0,2025-07-18,INR,376516821000
RBI:RMS_W_RN(1.0),N_A,W,2026,2025,SOR6,0,2025-07-11,INR,58087061390000.01
RBI:RMS_W_RN(1.0),N_A,W,2026,2025,SOR1,0,2025-07-11,INR,15863268600000.002
RBI:RMS_W_RN(1.0),N_A,W,2026,2025,SOR5,0,2025-07-11,INR,79647600000
RBI:RMS_W_RN(1.0),N_A,W,2026,2025,SOR4,0,2025-07-11,INR,-3375010000000
RBI:RMS_W_RN(1.0),N_A,W,2026,2025,SOR8,0,2025-07-11,INR,21767836610000
RBI:RMS_W_RN(1.0),N_A,W,2026,2025,SOR7,0,2025-07-11,INR,376516821000
RBI:RMS_W_RN(1.0),N_A,W,2026,2025,SOR8,0,2025-07-04,INR,21710548410000
RBI:RMS_W_RN(1.0),N_A,W,2026,2025,SOR5,0,2025-07-04,INR,82970000000
RBI:RMS_W_RN(1.0),N_A,W,2026,2025,SOR6,0,2025-07-04,INR,58060622090000
RBI:RMS_W_RN(1.0),N_A,W,2026,2025,SOR1,0,2025-07-04,INR,16731477900000
RBI:RMS_W_RN(1.0),N_A,W,2026,2025,SOR7,0,2025-07-04,INR,376516821000
RBI:RMS_W_RN(1.0),N_A,W,2026,2025,SOR4,0,2025-07-04,INR,-4308820000000
RBI:RMS_W_RN(1.0),N_A,W,2026,2025,SOR1,0,2025-06-27,INR,15133606399999.998
RBI:RMS_W_RN(1.0),N_A,W,2026,2025,SOR7,0,2025-06-27,INR,376516821000
RBI:RMS_W_RN(1.0),N_A,W,2026,2025,SOR6,0,2025-06-27,INR,58403960110000
RBI:RMS_W_RN(1.0),N_A,W,2026,2025,SOR8,0,2025-06-27,INR,21686436820000
RBI:RMS_W_RN(1.0),N_A,W,2026,2025,SOR4,0,2025-06-27,INR,-3077280000000
RBI:RMS_W_RN(1.0),N_A,W,2026,2025,SOR5,0,2025-06-27,INR,90293700000.00002
RBI:RMS_W_RN(1.0),N_A,W,2026,2025,SOR6,0,2025-06-20,INR,58771213900000
RBI:RMS_W_RN(1.0),N_A,W,2026,2025,SOR5,0,2025-06-20,INR,91134699999.9995
RBI:RMS_W_RN(1.0),N_A,W,2026,2025,SOR4,0,2025-06-20,INR,-3012240000000
RBI:RMS_W_RN(1.0),N_A,W,2026,2025,SOR7,0,2025-06-20,INR,372909871900
RBI:RMS_W_RN(1.0),N_A,W,2026,2025,SOR1,0,2025-06-20,INR,15246187300000
RBI:RMS_W_RN(1.0),N_A,W,2026,2025,SOR8,0,2025-06-20,INR,22092082560000
RBI:RMS_W_RN(1.0),N_A,W,2026,2025,SOR6,0,2025-06-13,INR,58517254840000
RBI:RMS_W_RN(1.0),N_A,W,2026,2025,SOR4,0,2025-06-13,INR,-3705890000000
RBI:RMS_W_RN(1.0),N_A,W,2026,2025,SOR7,0,2025-06-13,INR,372909871900
RBI:RMS_W_RN(1.0),N_A,W,2026,2025,SOR5,0,2025-06-13,INR,102633700000.00002
RBI:RMS_W_RN(1.0),N_A,W,2026,2025,SOR1,0,2025-06-13,INR,16025622600000
RBI:RMS_W_RN(1.0),N_A,W,2026,2025,SOR8,0,2025-06-13,INR,21816902000000
RBI:RMS_W_RN(1.0),N_A,W,2026,2025,SOR6,0,2025-06-06,INR,58031365150000
RBI:RMS_W_RN(1.0),N_A,W,2026,2025,SOR8,0,2025-06-06,INR,21488844720000
RBI:RMS_W_RN(1.0),N_A,W,2026,2025,SOR5,0,2025-06-06,INR,125508100000
RBI:RMS_W_RN(1.0),N_A,W,2026,2025,SOR4,0,2025-06-06,INR,-3235640000000
RBI:RMS_W_RN(1.0),N_A,W,2026,2025,SOR7,0,2025-06-06,INR,372909871900
RBI:RMS_W_RN(1.0),N_A,W,2026,2025,SOR1,0,2025-06-06,INR,15764994100000
RBI:RMS_W_RN(1.0),N_A,W,2026,2025,SOR5,0,2025-05-30,INR,143934300000
RBI:RMS_W_RN(1.0),N_A,W,2026,2025,SOR4,0,2025-05-30,INR,-2225720000000
RBI:RMS_W_RN(1.0),N_A,W,2026,2025,SOR7,0,2025-05-30,INR,372909871900
RBI:RMS_W_RN(1.0),N_A,W,2026,2025,SOR8,0,2025-05-30,INR,20992222560000
RBI:RMS_W_RN(1.0),N_A,W,2026,2025,SOR1,0,2025-05-30,INR,14793147800000
RBI:RMS_W_RN(1.0),N_A,W,2026,2025,SOR6,0,2025-05-30,INR,57532961580000
RBI:RMS_W_RN(1.0),N_A,W,2026,2025,SOR7,0,2025-05-23,INR,369221938200
RBI:RMS_W_RN(1.0),N_A,W,2026,2025,SOR6,0,2025-05-23,INR,57386076619999.99
RBI:RMS_W_RN(1.0),N_A,W,2026,2025,SOR1,0,2025-05-23,INR,13999827700000
RBI:RMS_W_RN(1.0),N_A,W,2026,2025,SOR5,0,2025-05-23,INR,178603700000
RBI:RMS_W_RN(1.0),N_A,W,2026,2025,SOR8,0,2025-05-23,INR,20635877290000
RBI:RMS_W_RN(1.0),N_A,W,2026,2025,SOR4,0,2025-05-23,INR,-1860350000000
RBI:RMS_W_RN(1.0),N_A,W,2026,2025,SOR1,0,2025-05-16,INR,17461568200000
RBI:RMS_W_RN(1.0),N_A,W,2026,2025,SOR8,0,2025-05-16,INR,23001520240000.004
RBI:RMS_W_RN(1.0),N_A,W,2026,2025,SOR6,0,2025-05-16,INR,57015831770000
RBI:RMS_W_RN(1.0),N_A,W,2026,2025,SOR4,0,2025-05-16,INR,-2668250000000
RBI:RMS_W_RN(1.0),N_A,W,2026,2025,SOR7,0,2025-05-16,INR,369221938200
RBI:RMS_W_RN(1.0),N_A,W,2026,2025,SOR5,0,2025-05-16,INR,190793700000
RBI:RMS_W_RN(1.0),N_A,W,2026,2025,SOR5,0,2025-05-09,INR,193288100000
RBI:RMS_W_RN(1.0),N_A,W,2026,2025,SOR8,0,2025-05-09,INR,23249693910000
RBI:RMS_W_RN(1.0),N_A,W,2026,2025,SOR6,0,2025-05-09,INR,57333106130000
RBI:RMS_W_RN(1.0),N_A,W,2026,2025,SOR4,0,2025-05-09,INR,-1880070000000
RBI:RMS_W_RN(1.0),N_A,W,2026,2025,SOR7,0,2025-05-09,INR,369221938200
RBI:RMS_W_RN(1.0),N_A,W,2026,2025,SOR1,0,2025-05-09,INR,16570684900000
RBI:RMS_W_RN(1.0),N_A,W,2026,2025,SOR8,0,2025-05-02,INR,22572117890000
RBI:RMS_W_RN(1.0),N_A,W,2026,2025,SOR4,0,2025-05-02,INR,-1765750000000
RBI:RMS_W_RN(1.0),N_A,W,2026,2025,SOR5,0,2025-05-02,INR,207617600000
RBI:RMS_W_RN(1.0),N_A,W,2026,2025,SOR6,0,2025-05-02,INR,56352948790000
RBI:RMS_W_RN(1.0),N_A,W,2026,2025,SOR1,0,2025-05-02,INR,16526023000000
RBI:RMS_W_RN(1.0),N_A,W,2026,2025,SOR7,0,2025-05-02,INR,369221938200
RBI:RMS_W_RN(1.0),N_A,W,2026,2025,SOR6,0,2025-04-25,INR,57141709270000
RBI:RMS_W_RN(1.0),N_A,W,2026,2025,SOR4,0,2025-04-25,INR,-1219170000000
RBI:RMS_W_RN(1.0),N_A,W,2026,2025,SOR7,0,2025-04-25,INR,369221938200
RBI:RMS_W_RN(1.0),N_A,W,2026,2025,SOR1,0,2025-04-25,INR,15817414600000
RBI:RMS_W_RN(1.0),N_A,W,2026,2025,SOR8,0,2025-04-25,INR,23229650870000
RBI:RMS_W_RN(1.0),N_A,W,2026,2025,SOR5,0,2025-04-25,INR,219818200000
RBI:RMS_W_RN(1.0),N_A,W,2026,2025,SOR8,0,2025-04-18,INR,23081579500000
RBI:RMS_W_RN(1.0),N_A,W,2026,2025,SOR1,0,2025-04-18,INR,16265091299999.998
RBI:RMS_W_RN(1.0),N_A,W,2026,2025,SOR7,0,2025-04-18,INR,366317123100
RBI:RMS_W_RN(1.0),N_A,W,2026,2025,SOR6,0,2025-04-18,INR,56925365100000
RBI:RMS_W_RN(1.0),N_A,W,2026,2025,SOR4,0,2025-04-18,INR,-2056930000000
RBI:RMS_W_RN(1.0),N_A,W,2026,2025,SOR5,0,2025-04-18,INR,192795400000
RBI:RMS_W_RN(1.0),N_A,W,2026,2025,SOR6,0,2025-04-11,INR,56692214810000
RBI:RMS_W_RN(1.0),N_A,W,2026,2025,SOR7,0,2025-04-11,INR,366317123100
RBI:RMS_W_RN(1.0),N_A,W,2026,2025,SOR8,0,2025-04-11,INR,22785595510000
RBI:RMS_W_RN(1.0),N_A,W,2026,2025,SOR5,0,2025-04-11,INR,184113000000
RBI:RMS_W_RN(1.0),N_A,W,2026,2025,SOR1,0,2025-04-11,INR,16149848500000
RBI:RMS_W_RN(1.0),N_A,W,2026,2025,SOR4,0,2025-04-11,INR,-1856510000000
RBI:RMS_W_RN(1.0),N_A,W,2026,2025,SOR4,0,2025-04-04,INR,-1989580000000
RBI:RMS_W_RN(1.0),N_A,W,2026,2025,SOR7,0,2025-04-04,INR,366317123100
RBI:RMS_W_RN(1.0),N_A,W,2026,2025,SOR5,0,2025-04-04,INR,215375900000
RBI:RMS_W_RN(1.0),N_A,W,2026,2025,SOR6,0,2025-04-04,INR,56021944430000
RBI:RMS_W_RN(1.0),N_A,W,2026,2025,SOR1,0,2025-04-04,INR,15773902500000
RBI:RMS_W_RN(1.0),N_A,W,2026,2025,SOR8,0,2025-04-04,INR,22054042730000
RBI:RMS_W_RN(1.0),N_A,W,2025,2024,SOR5,0,2025-03-31,INR,382456900000
RBI:RMS_W_RN(1.0),N_A,W,2025,2024,SOR1,0,2025-03-31,INR,15081054200000
RBI:RMS_W_RN(1.0),N_A,W,2025,2024,SOR7,0,2025-03-31,INR,366317123100
RBI:RMS_W_RN(1.0),N_A,W,2025,2024,SOR4,0,2025-03-31,INR,-1572610000000
RBI:RMS_W_RN(1.0),N_A,W,2025,2024,SOR8,0,2025-03-31,INR,21474265970000
RBI:RMS_W_RN(1.0),N_A,W,2025,2024,SOR6,0,2025-03-31,INR,55509473870000
RBI:RMS_W_RN(1.0),N_A,W,2025,2024,SOR5,0,2025-03-28,INR,384666900000
RBI:RMS_W_RN(1.0),N_A,W,2025,2024,SOR8,0,2025-03-28,INR,21261890970000
RBI:RMS_W_RN(1.0),N_A,W,2025,2024,SOR4,0,2025-03-28,INR,-270490000000
RBI:RMS_W_RN(1.0),N_A,W,2025,2024,SOR7,0,2025-03-28,INR,366317123100
RBI:RMS_W_RN(1.0),N_A,W,2025,2024,SOR1,0,2025-03-28,INR,13884034800000
RBI:RMS_W_RN(1.0),N_A,W,2025,2024,SOR6,0,2025-03-28,INR,55260720470000
RBI:RMS_W_RN(1.0),N_A,W,2025,2024,SOR8,0,2025-03-21,INR,21590980320000
RBI:RMS_W_RN(1.0),N_A,W,2025,2024,SOR7,0,2025-03-21,INR,363057651600
RBI:RMS_W_RN(1.0),N_A,W,2025,2024,SOR6,0,2025-03-21,INR,55005041420000
RBI:RMS_W_RN(1.0),N_A,W,2025,2024,SOR5,0,2025-03-21,INR,358229700000
RBI:RMS_W_RN(1.0),N_A,W,2025,2024,SOR4,0,2025-03-21,INR,1725120000000
RBI:RMS_W_RN(1.0),N_A,W,2025,2024,SOR1,0,2025-03-21,INR,11808696700000
RBI:RMS_W_RN(1.0),N_A,W,2025,2024,SOR4,0,2025-03-14,INR,1925930000000
RBI:RMS_W_RN(1.0),N_A,W,2025,2024,SOR6,0,2025-03-14,INR,55289188120000
RBI:RMS_W_RN(1.0),N_A,W,2025,2024,SOR1,0,2025-03-14,INR,11826904800000
RBI:RMS_W_RN(1.0),N_A,W,2025,2024,SOR7,0,2025-03-14,INR,363057651600
RBI:RMS_W_RN(1.0),N_A,W,2025,2024,SOR8,0,2025-03-14,INR,21830342620000
RBI:RMS_W_RN(1.0),N_A,W,2025,2024,SOR5,0,2025-03-14,INR,315881200000
RBI:RMS_W_RN(1.0),N_A,W,2025,2024,SOR5,0,2025-03-07,INR,269435300000
RBI:RMS_W_RN(1.0),N_A,W,2025,2024,SOR4,0,2025-03-07,INR,575850000000
RBI:RMS_W_RN(1.0),N_A,W,2025,2024,SOR7,0,2025-03-07,INR,363057651600
RBI:RMS_W_RN(1.0),N_A,W,2025,2024,SOR8,0,2025-03-07,INR,21782751030000
RBI:RMS_W_RN(1.0),N_A,W,2025,2024,SOR1,0,2025-03-07,INR,12745495000000
RBI:RMS_W_RN(1.0),N_A,W,2025,2024,SOR6,0,2025-03-07,INR,55220590500000
RBI:RMS_W_RN(1.0),N_A,W,2025,2024,SOR4,0,2025-02-28,INR,1322440000000
RBI:RMS_W_RN(1.0),N_A,W,2025,2024,SOR1,0,2025-02-28,INR,12741024100000
RBI:RMS_W_RN(1.0),N_A,W,2025,2024,SOR7,0,2025-02-28,INR,363057651600
RBI:RMS_W_RN(1.0),N_A,W,2025,2024,SOR5,0,2025-02-28,INR,308883100000
RBI:RMS_W_RN(1.0),N_A,W,2025,2024,SOR6,0,2025-02-28,INR,54320632050000
RBI:RMS_W_RN(1.0),N_A,W,2025,2024,SOR8,0,2025-02-28,INR,21549196580000
RBI:RMS_W_RN(1.0),N_A,W,2025,2024,SOR4,0,2025-02-21,INR,1660480000000
RBI:RMS_W_RN(1.0),N_A,W,2025,2024,SOR6,0,2025-02-21,INR,53966304770000
RBI:RMS_W_RN(1.0),N_A,W,2025,2024,SOR1,0,2025-02-21,INR,11933898400000
RBI:RMS_W_RN(1.0),N_A,W,2025,2024,SOR5,0,2025-02-21,INR,285933100000
RBI:RMS_W_RN(1.0),N_A,W,2025,2024,SOR7,0,2025-02-21,INR,360169706000
RBI:RMS_W_RN(1.0),N_A,W,2025,2024,SOR8,0,2025-02-21,INR,21084500610000.004
RBI:RMS_W_RN(1.0),N_A,W,2025,2024,SOR1,0,2025-02-14,INR,12420275500000
RBI:RMS_W_RN(1.0),N_A,W,2025,2024,SOR7,0,2025-02-14,INR,360169706000
RBI:RMS_W_RN(1.0),N_A,W,2025,2024,SOR8,0,2025-02-14,INR,20939051710000
RBI:RMS_W_RN(1.0),N_A,W,2025,2024,SOR4,0,2025-02-14,INR,1902640000000
RBI:RMS_W_RN(1.0),N_A,W,2025,2024,SOR6,0,2025-02-14,INR,53630663280000
RBI:RMS_W_RN(1.0),N_A,W,2025,2024,SOR5,0,2025-02-14,INR,259348700000
RBI:RMS_W_RN(1.0),N_A,W,2025,2024,SOR5,0,2025-02-07,INR,207920200000
RBI:RMS_W_RN(1.0),N_A,W,2025,2024,SOR4,0,2025-02-07,INR,890520000000
RBI:RMS_W_RN(1.0),N_A,W,2025,2024,SOR7,0,2025-02-07,INR,360169706000
RBI:RMS_W_RN(1.0),N_A,W,2025,2024,SOR1,0,2025-02-07,INR,12203790400000
RBI:RMS_W_RN(1.0),N_A,W,2025,2024,SOR8,0,2025-02-07,INR,21083585200000
RBI:RMS_W_RN(1.0),N_A,W,2025,2024,SOR6,0,2025-02-07,INR,54242901270000
RBI:RMS_W_RN(1.0),N_A,W,2025,2024,SOR7,0,2025-01-31,INR,360169706000
RBI:RMS_W_RN(1.0),N_A,W,2025,2024,SOR8,0,2025-01-31,INR,20181382370000
RBI:RMS_W_RN(1.0),N_A,W,2025,2024,SOR1,0,2025-01-31,INR,11890669800000
RBI:RMS_W_RN(1.0),N_A,W,2025,2024,SOR6,0,2025-01-31,INR,53053268950000
RBI:RMS_W_RN(1.0),N_A,W,2025,2024,SOR4,0,2025-01-31,INR,1541920000000
RBI:RMS_W_RN(1.0),N_A,W,2025,2024,SOR5,0,2025-01-31,INR,229533100000
RBI:RMS_W_RN(1.0),N_A,W,2025,2024,SOR8,0,2025-01-24,INR,19869969050000
RBI:RMS_W_RN(1.0),N_A,W,2025,2024,SOR4,0,2025-01-24,INR,2613250000000
RBI:RMS_W_RN(1.0),N_A,W,2025,2024,SOR5,0,2025-01-24,INR,227600800000
RBI:RMS_W_RN(1.0),N_A,W,2025,2024,SOR7,0,2025-01-24,INR,356828943100.00006
RBI:RMS_W_RN(1.0),N_A,W,2025,2024,SOR1,0,2025-01-24,INR,10478932000000
RBI:RMS_W_RN(1.0),N_A,W,2025,2024,SOR6,0,2025-01-24,INR,52720226930000
RBI:RMS_W_RN(1.0),N_A,W,2025,2024,SOR5,0,2025-01-10,INR,105123000000
RBI:RMS_W_RN(1.0),N_A,W,2025,2024,SOR4,0,2025-01-10,INR,2165680000000
RBI:RMS_W_RN(1.0),N_A,W,2025,2024,SOR8,0,2025-01-10,INR,19107476310000
RBI:RMS_W_RN(1.0),N_A,W,2025,2024,SOR7,0,2025-01-10,INR,356828943100
RBI:RMS_W_RN(1.0),N_A,W,2025,2024,SOR1,0,2025-01-10,INR,11047098000000
RBI:RMS_W_RN(1.0),N_A,W,2025,2024,SOR6,0,2025-01-10,INR,52256113230000
RBI:RMS_W_RN(1.0),N_A,W,2025,2024,SOR5,0,2025-01-03,INR,99521800000
RBI:RMS_W_RN(1.0),N_A,W,2025,2024,SOR1,0,2025-01-03,INR,11776444100000
RBI:RMS_W_RN(1.0),N_A,W,2025,2024,SOR7,0,2025-01-03,INR,356828943100
RBI:RMS_W_RN(1.0),N_A,W,2025,2024,SOR6,0,2025-01-03,INR,52901075170000
RBI:RMS_W_RN(1.0),N_A,W,2025,2024,SOR8,0,2025-01-03,INR,19117915450000
RBI:RMS_W_RN(1.0),N_A,W,2025,2024,SOR4,0,2025-01-03,INR,307250000000
RBI:RMS_W_RN(1.0),N_A,W,2025,2024,SOR6,0,2024-12-27,INR,53243823330000
RBI:RMS_W_RN(1.0),N_A,W,2025,2024,SOR7,0,2024-12-27,INR,356828943100
RBI:RMS_W_RN(1.0),N_A,W,2025,2024,SOR8,0,2024-12-27,INR,18911767810000
RBI:RMS_W_RN(1.0),N_A,W,2025,2024,SOR1,0,2024-12-27,INR,10008905100000
RBI:RMS_W_RN(1.0),N_A,W,2025,2024,SOR4,0,2024-12-27,INR,1827920000000
RBI:RMS_W_RN(1.0),N_A,W,2025,2024,SOR5,0,2024-12-27,INR,105190100000
RBI:RMS_W_RN(1.0),N_A,W,2025,2024,SOR1,0,2024-12-20,INR,10265976400000
RBI:RMS_W_RN(1.0),N_A,W,2025,2024,SOR4,0,2024-12-20,INR,1676510000000
RBI:RMS_W_RN(1.0),N_A,W,2025,2024,SOR6,0,2024-12-20,INR,53268880420000
RBI:RMS_W_RN(1.0),N_A,W,2025,2024,SOR8,0,2024-12-20,INR,18554288700000
RBI:RMS_W_RN(1.0),N_A,W,2025,2024,SOR5,0,2024-12-20,INR,104040100000
RBI:RMS_W_RN(1.0),N_A,W,2025,2024,SOR7,0,2024-12-20,INR,354193358400
RBI:RMS_W_RN(1.0),N_A,W,2025,2024,SOR7,0,2024-12-13,INR,354193358400
RBI:RMS_W_RN(1.0),N_A,W,2025,2024,SOR1,0,2024-12-13,INR,12390951600000
RBI:RMS_W_RN(1.0),N_A,W,2025,2024,SOR4,0,2024-12-13,INR,-314910000000
RBI:RMS_W_RN(1.0),N_A,W,2025,2024,SOR8,0,2024-12-13,INR,19161198760000
RBI:RMS_W_RN(1.0),N_A,W,2025,2024,SOR5,0,2024-12-13,INR,102712100000
RBI:RMS_W_RN(1.0),N_A,W,2025,2024,SOR6,0,2024-12-13,INR,53843877080000
RBI:RMS_W_RN(1.0),N_A,W,2025,2024,SOR4,0,2024-12-06,INR,-691680000000
RBI:RMS_W_RN(1.0),N_A,W,2025,2024,SOR1,0,2024-12-06,INR,13178609800000
RBI:RMS_W_RN(1.0),N_A,W,2025,2024,SOR6,0,2024-12-06,INR,53936401390000
RBI:RMS_W_RN(1.0),N_A,W,2025,2024,SOR5,0,2024-12-06,INR,100772100000
RBI:RMS_W_RN(1.0),N_A,W,2025,2024,SOR7,0,2024-12-06,INR,354193358400
RBI:RMS_W_RN(1.0),N_A,W,2025,2024,SOR8,0,2024-12-06,INR,19288553010000
RBI:RMS_W_RN(1.0),N_A,W,2025,2024,SOR4,0,2024-11-29,INR,-580110000000
RBI:RMS_W_RN(1.0),N_A,W,2025,2024,SOR5,0,2024-11-29,INR,104628400000
RBI:RMS_W_RN(1.0),N_A,W,2025,2024,SOR6,0,2024-11-29,INR,54091588300000
RBI:RMS_W_RN(1.0),N_A,W,2025,2024,SOR1,0,2024-11-29,INR,12423455000000
RBI:RMS_W_RN(1.0),N_A,W,2025,2024,SOR7,0,2024-11-29,INR,354193358400
RBI:RMS_W_RN(1.0),N_A,W,2025,2024,SOR8,0,2024-11-29,INR,19014464620000
RBI:RMS_W_RN(1.0),N_A,W,2025,2024,SOR7,0,2024-11-22,INR,351796245300
RBI:RMS_W_RN(1.0),N_A,W,2025,2024,SOR5,0,2024-11-22,INR,104888400000
RBI:RMS_W_RN(1.0),N_A,W,2025,2024,SOR4,0,2024-11-22,INR,-274620000000
RBI:RMS_W_RN(1.0),N_A,W,2025,2024,SOR6,0,2024-11-22,INR,53936257820000
RBI:RMS_W_RN(1.0),N_A,W,2025,2024,SOR8,0,2024-11-22,INR,18479490140000
RBI:RMS_W_RN(1.0),N_A,W,2025,2024,SOR1,0,2024-11-22,INR,11607373710000
RBI:RMS_W_RN(1.0),N_A,W,2025,2024,SOR7,0,2024-11-15,INR,351796245300
RBI:RMS_W_RN(1.0),N_A,W,2025,2024,SOR4,0,2024-11-15,INR,-2034250000000
RBI:RMS_W_RN(1.0),N_A,W,2025,2024,SOR5,0,2024-11-15,INR,91486800000
RBI:RMS_W_RN(1.0),N_A,W,2025,2024,SOR1,0,2024-11-15,INR,13088547500000
RBI:RMS_W_RN(1.0),N_A,W,2025,2024,SOR6,0,2024-11-15,INR,54000825780000
RBI:RMS_W_RN(1.0),N_A,W,2025,2024,SOR8,0,2024-11-15,INR,18177463500000
RBI:RMS_W_RN(1.0),N_A,W,2025,2024,SOR8,0,2024-11-08,INR,19049739900000
RBI:RMS_W_RN(1.0),N_A,W,2025,2024,SOR5,0,2024-11-08,INR,92196800000
RBI:RMS_W_RN(1.0),N_A,W,2025,2024,SOR6,0,2024-11-08,INR,55468700180000
RBI:RMS_W_RN(1.0),N_A,W,2025,2024,SOR4,0,2024-11-08,INR,-2231850000000
RBI:RMS_W_RN(1.0),N_A,W,2025,2024,SOR1,0,2024-11-08,INR,12522057210000
RBI:RMS_W_RN(1.0),N_A,W,2025,2024,SOR7,0,2024-11-08,INR,351796245300
RBI:RMS_W_RN(1.0),N_A,W,2025,2024,SOR6,0,2024-11-01,INR,55828614440000
RBI:RMS_W_RN(1.0),N_A,W,2025,2024,SOR4,0,2024-11-01,INR,-2155990000000
RBI:RMS_W_RN(1.0),N_A,W,2025,2024,SOR1,0,2024-11-01,INR,12111529900000
RBI:RMS_W_RN(1.0),N_A,W,2025,2024,SOR7,0,2024-11-01,INR,351796245300
RBI:RMS_W_RN(1.0),N_A,W,2025,2024,SOR5,0,2024-11-01,INR,93935100000.0001
RBI:RMS_W_RN(1.0),N_A,W,2025,2024,SOR8,0,2024-11-01,INR,19045740460000
RBI:RMS_W_RN(1.0),N_A,W,2025,2024,SOR8,0,2024-10-25,INR,19150020750000
RBI:RMS_W_RN(1.0),N_A,W,2025,2024,SOR1,0,2024-10-25,INR,10601490700000
RBI:RMS_W_RN(1.0),N_A,W,2025,2024,SOR7,0,2024-10-25,INR,351796245300
RBI:RMS_W_RN(1.0),N_A,W,2025,2024,SOR6,0,2024-10-25,INR,56053075420000
RBI:RMS_W_RN(1.0),N_A,W,2025,2024,SOR4,0,2024-10-25,INR,-576040000000
RBI:RMS_W_RN(1.0),N_A,W,2025,2024,SOR5,0,2024-10-25,INR,107606500000
RBI:RMS_W_RN(1.0),N_A,W,2025,2024,SOR1,0,2024-10-18,INR,11324329200000
RBI:RMS_W_RN(1.0),N_A,W,2025,2024,SOR5,0,2024-10-18,INR,91754700000
RBI:RMS_W_RN(1.0),N_A,W,2025,2024,SOR7,0,2024-10-18,INR,348328900800
RBI:RMS_W_RN(1.0),N_A,W,2025,2024,SOR6,0,2024-10-18,INR,56304696400000
RBI:RMS_W_RN(1.0),N_A,W,2025,2024,SOR4,0,2024-10-18,INR,-2158060000000
RBI:RMS_W_RN(1.0),N_A,W,2025,2024,SOR8,0,2024-10-18,INR,19266182420000
RBI:RMS_W_RN(1.0),N_A,W,2025,2024,SOR5,0,2024-10-11,INR,92541200000
RBI:RMS_W_RN(1.0),N_A,W,2025,2024,SOR1,0,2024-10-11,INR,10841203799999.998
RBI:RMS_W_RN(1.0),N_A,W,2025,2024,SOR4,0,2024-10-11,INR,-1873510000000
RBI:RMS_W_RN(1.0),N_A,W,2025,2024,SOR6,0,2024-10-11,INR,56466589840000
RBI:RMS_W_RN(1.0),N_A,W,2025,2024,SOR7,0,2024-10-11,INR,348328900800
RBI:RMS_W_RN(1.0),N_A,W,2025,2024,SOR8,0,2024-10-11,INR,19208221970000
RBI:RMS_W_RN(1.0),N_A,W,2025,2024,SOR7,0,2024-10-04,INR,348328900800
RBI:RMS_W_RN(1.0),N_A,W,2025,2024,SOR8,0,2024-10-04,INR,19760483820000
RBI:RMS_W_RN(1.0),N_A,W,2025,2024,SOR1,0,2024-10-04,INR,11279755100000
RBI:RMS_W_RN(1.0),N_A,W,2025,2024,SOR6,0,2024-10-04,INR,57309553100000
RBI:RMS_W_RN(1.0),N_A,W,2025,2024,SOR4,0,2024-10-04,INR,-2877530000000
RBI:RMS_W_RN(1.0),N_A,W,2025,2024,SOR5,0,2024-10-04,INR,87153400000.0003
RBI:RMS_W_RN(1.0),N_A,W,2025,2024,SOR4,0,2024-09-27,INR,-846480000000
RBI:RMS_W_RN(1.0),N_A,W,2025,2024,SOR5,0,2024-09-27,INR,105562600000
RBI:RMS_W_RN(1.0),N_A,W,2025,2024,SOR7,0,2024-09-27,INR,348328900800
RBI:RMS_W_RN(1.0),N_A,W,2025,2024,SOR8,0,2024-09-27,INR,20004471250000
RBI:RMS_W_RN(1.0),N_A,W,2025,2024,SOR6,0,2024-09-27,INR,57432529130000
RBI:RMS_W_RN(1.0),N_A,W,2025,2024,SOR1,0,2024-09-27,INR,9573452200000
RBI:RMS_W_RN(1.0),N_A,W,2025,2024,SOR5,0,2024-09-20,INR,105888600000
RBI:RMS_W_RN(1.0),N_A,W,2025,2024,SOR8,0,2024-09-20,INR,19573295660000
RBI:RMS_W_RN(1.0),N_A,W,2025,2024,SOR6,0,2024-09-20,INR,56292499750000
RBI:RMS_W_RN(1.0),N_A,W,2025,2024,SOR1,0,2024-09-20,INR,9211123900000
RBI:RMS_W_RN(1.0),N_A,W,2025,2024,SOR4,0,2024-09-20,INR,-346180000000
RBI:RMS_W_RN(1.0),N_A,W,2025,2024,SOR7,0,2024-09-20,INR,345943442000
RBI:RMS_W_RN(1.0),N_A,W,2025,2024,SOR7,0,2024-09-13,INR,345943442000
RBI:RMS_W_RN(1.0),N_A,W,2025,2024,SOR6,0,2024-09-13,INR,56278411290000
RBI:RMS_W_RN(1.0),N_A,W,2025,2024,SOR5,0,2024-09-13,INR,91379500000.0001
RBI:RMS_W_RN(1.0),N_A,W,2025,2024,SOR1,0,2024-09-13,INR,11013292100000
RBI:RMS_W_RN(1.0),N_A,W,2025,2024,SOR8,0,2024-09-13,INR,19602111990000
RBI:RMS_W_RN(1.0),N_A,W,2025,2024,SOR4,0,2024-09-13,INR,-1429680000000
RBI:RMS_W_RN(1.0),N_A,W,2025,2024,SOR4,0,2024-09-06,INR,-2421040000000
RBI:RMS_W_RN(1.0),N_A,W,2025,2024,SOR6,0,2024-09-06,INR,56270178750000
RBI:RMS_W_RN(1.0),N_A,W,2025,2024,SOR1,0,2024-09-06,INR,11650320400000
RBI:RMS_W_RN(1.0),N_A,W,2025,2024,SOR8,0,2024-09-06,INR,19420387790000
RBI:RMS_W_RN(1.0),N_A,W,2025,2024,SOR5,0,2024-09-06,INR,88530600000
RBI:RMS_W_RN(1.0),N_A,W,2025,2024,SOR7,0,2024-09-06,INR,345943442000
RBI:RMS_W_RN(1.0),N_A,W,2025,2024,SOR1,0,2024-08-30,INR,10855763400000
RBI:RMS_W_RN(1.0),N_A,W,2025,2024,SOR6,0,2024-08-30,INR,55793131840000
RBI:RMS_W_RN(1.0),N_A,W,2025,2024,SOR7,0,2024-08-30,INR,345943442000
RBI:RMS_W_RN(1.0),N_A,W,2025,2024,SOR8,0,2024-08-30,INR,19107242880000
RBI:RMS_W_RN(1.0),N_A,W,2025,2024,SOR4,0,2024-08-30,INR,-1308810000000
RBI:RMS_W_RN(1.0),N_A,W,2025,2024,SOR5,0,2024-08-30,INR,106043700000.00002
RBI:RMS_W_RN(1.0),N_A,W,2025,2024,SOR8,0,2024-08-23,INR,18932294440000
RBI:RMS_W_RN(1.0),N_A,W,2025,2024,SOR6,0,2024-08-23,INR,55635942350000
RBI:RMS_W_RN(1.0),N_A,W,2025,2024,SOR5,0,2024-08-23,INR,103069599999.99998
RBI:RMS_W_RN(1.0),N_A,W,2025,2024,SOR1,0,2024-08-23,INR,10255448000000
RBI:RMS_W_RN(1.0),N_A,W,2025,2024,SOR4,0,2024-08-23,INR,-1121640000000
RBI:RMS_W_RN(1.0),N_A,W,2025,2024,SOR7,0,2024-08-23,INR,343060110600
RBI:RMS_W_RN(1.0),N_A,W,2025,2024,SOR8,0,2024-08-16,INR,18492281740000
RBI:RMS_W_RN(1.0),N_A,W,2025,2024,SOR5,0,2024-08-16,INR,106029599999.99998
RBI:RMS_W_RN(1.0),N_A,W,2025,2024,SOR1,0,2024-08-16,INR,11146500000000
RBI:RMS_W_RN(1.0),N_A,W,2025,2024,SOR4,0,2024-08-16,INR,-1637700000000
RBI:RMS_W_RN(1.0),N_A,W,2025,2024,SOR7,0,2024-08-16,INR,343060110600
RBI:RMS_W_RN(1.0),N_A,W,2025,2024,SOR6,0,2024-08-16,INR,55087986750000
RBI:RMS_W_RN(1.0),N_A,W,2025,2024,SOR4,0,2024-08-09,INR,-1548280000000
RBI:RMS_W_RN(1.0),N_A,W,2025,2024,SOR6,0,2024-08-09,INR,54708212780000
RBI:RMS_W_RN(1.0),N_A,W,2025,2024,SOR7,0,2024-08-09,INR,343060110600
RBI:RMS_W_RN(1.0),N_A,W,2025,2024,SOR1,0,2024-08-09,INR,11077516900000
RBI:RMS_W_RN(1.0),N_A,W,2025,2024,SOR5,0,2024-08-09,INR,104394400000
RBI:RMS_W_RN(1.0),N_A,W,2025,2024,SOR8,0,2024-08-09,INR,18163178870000
RBI:RMS_W_RN(1.0),N_A,W,2025,2024,SOR1,0,2024-08-02,INR,11737838500000
RBI:RMS_W_RN(1.0),N_A,W,2025,2024,SOR8,0,2024-08-02,INR,17899198370000
RBI:RMS_W_RN(1.0),N_A,W,2025,2024,SOR7,0,2024-08-02,INR,343060110600
RBI:RMS_W_RN(1.0),N_A,W,2025,2024,SOR6,0,2024-08-02,INR,54991004480000
RBI:RMS_W_RN(1.0),N_A,W,2025,2024,SOR5,0,2024-08-02,INR,105909200000
RBI:RMS_W_RN(1.0),N_A,W,2025,2024,SOR4,0,2024-08-02,INR,-2642140000000
RBI:RMS_W_RN(1.0),N_A,W,2025,2024,SOR7,0,2024-07-26,INR,343060110600
RBI:RMS_W_RN(1.0),N_A,W,2025,2024,SOR6,0,2024-07-26,INR,54340467450000
RBI:RMS_W_RN(1.0),N_A,W,2025,2024,SOR4,0,2024-07-26,INR,-1540940000000
RBI:RMS_W_RN(1.0),N_A,W,2025,2024,SOR5,0,2024-07-26,INR,109350000000
RBI:RMS_W_RN(1.0),N_A,W,2025,2024,SOR8,0,2024-07-26,INR,17186401050000
RBI:RMS_W_RN(1.0),N_A,W,2025,2024,SOR1,0,2024-07-26,INR,10609100100000
RBI:RMS_W_RN(1.0),N_A,W,2025,2024,SOR8,0,2024-07-19,INR,17441237970000
RBI:RMS_W_RN(1.0),N_A,W,2025,2024,SOR7,0,2024-07-19,INR,340653703899.99994
RBI:RMS_W_RN(1.0),N_A,W,2025,2024,SOR6,0,2024-07-19,INR,54595530980000
RBI:RMS_W_RN(1.0),N_A,W,2025,2024,SOR4,0,2024-07-19,INR,-1089350000000
RBI:RMS_W_RN(1.0),N_A,W,2025,2024,SOR1,0,2024-07-19,INR,10629450500000
RBI:RMS_W_RN(1.0),N_A,W,2025,2024,SOR5,0,2024-07-19,INR,111200000000
RBI:RMS_W_RN(1.0),N_A,W,2025,2024,SOR5,0,2024-07-12,INR,111070000000
RBI:RMS_W_RN(1.0),N_A,W,2025,2024,SOR1,0,2024-07-12,INR,10815364400000
RBI:RMS_W_RN(1.0),N_A,W,2025,2024,SOR8,0,2024-07-12,INR,17191238280000
RBI:RMS_W_RN(1.0),N_A,W,2025,2024,SOR6,0,2024-07-12,INR,54186878490000
RBI:RMS_W_RN(1.0),N_A,W,2025,2024,SOR4,0,2024-07-12,INR,-1449000000000
RBI:RMS_W_RN(1.0),N_A,W,2025,2024,SOR7,0,2024-07-12,INR,340653703899.99994
RBI:RMS_W_RN(1.0),N_A,W,2025,2024,SOR4,0,2024-07-05,INR,-1375760000000
RBI:RMS_W_RN(1.0),N_A,W,2025,2024,SOR7,0,2024-07-05,INR,340653703900
RBI:RMS_W_RN(1.0),N_A,W,2025,2024,SOR6,0,2024-07-05,INR,53352125480000
RBI:RMS_W_RN(1.0),N_A,W,2025,2024,SOR5,0,2024-07-05,INR,110300000000
RBI:RMS_W_RN(1.0),N_A,W,2025,2024,SOR1,0,2024-07-05,INR,11413388500000
RBI:RMS_W_RN(1.0),N_A,W,2025,2024,SOR8,0,2024-07-05,INR,16665611170000
RBI:RMS_W_RN(1.0),N_A,W,2025,2024,SOR7,0,2024-06-28,INR,340653703900
RBI:RMS_W_RN(1.0),N_A,W,2025,2024,SOR1,0,2024-06-28,INR,10261416400000
RBI:RMS_W_RN(1.0),N_A,W,2025,2024,SOR4,0,2024-06-28,INR,-311760000000
RBI:RMS_W_RN(1.0),N_A,W,2025,2024,SOR6,0,2024-06-28,INR,52870133430000
RBI:RMS_W_RN(1.0),N_A,W,2025,2024,SOR8,0,2024-06-28,INR,16318292620000
RBI:RMS_W_RN(1.0),N_A,W,2025,2024,SOR5,0,2024-06-28,INR,109218400000
RBI:RMS_W_RN(1.0),N_A,W,2025,2024,SOR7,0,2024-06-21,INR,338575800200
RBI:RMS_W_RN(1.0),N_A,W,2025,2024,SOR5,0,2024-06-21,INR,112746100000
RBI:RMS_W_RN(1.0),N_A,W,2025,2024,SOR4,0,2024-06-21,INR,1517570000000
RBI:RMS_W_RN(1.0),N_A,W,2025,2024,SOR6,0,2024-06-21,INR,53111329980000
RBI:RMS_W_RN(1.0),N_A,W,2025,2024,SOR8,0,2024-06-21,INR,16582039970000
RBI:RMS_W_RN(1.0),N_A,W,2025,2024,SOR1,0,2024-06-21,INR,8636726800000.001
RBI:RMS_W_RN(1.0),N_A,W,2025,2024,SOR1,0,2024-06-14,INR,9735778300000
RBI:RMS_W_RN(1.0),N_A,W,2025,2024,SOR7,0,2024-06-14,INR,338575800200
RBI:RMS_W_RN(1.0),N_A,W,2025,2024,SOR6,0,2024-06-14,INR,53053895920000
RBI:RMS_W_RN(1.0),N_A,W,2025,2024,SOR4,0,2024-06-14,INR,460210000000
RBI:RMS_W_RN(1.0),N_A,W,2025,2024,SOR5,0,2024-06-14,INR,113696100000
RBI:RMS_W_RN(1.0),N_A,W,2025,2024,SOR8,0,2024-06-14,INR,16475310220000
RBI:RMS_W_RN(1.0),N_A,W,2025,2024,SOR7,0,2024-06-07,INR,338575800200
RBI:RMS_W_RN(1.0),N_A,W,2025,2024,SOR5,0,2024-06-07,INR,112826100000
RBI:RMS_W_RN(1.0),N_A,W,2025,2024,SOR6,0,2024-06-07,INR,53197119710000
RBI:RMS_W_RN(1.0),N_A,W,2025,2024,SOR4,0,2024-06-07,INR,12530000000
RBI:RMS_W_RN(1.0),N_A,W,2025,2024,SOR8,0,2024-06-07,INR,16546718390000
RBI:RMS_W_RN(1.0),N_A,W,2025,2024,SOR1,0,2024-06-07,INR,10008136300000
RBI:RMS_W_RN(1.0),N_A,W,2025,2024,SOR5,0,2024-05-31,INR,113716100000
RBI:RMS_W_RN(1.0),N_A,W,2025,2024,SOR7,0,2024-05-31,INR,338575800200
RBI:RMS_W_RN(1.0),N_A,W,2025,2024,SOR8,0,2024-05-31,INR,16105151420000
RBI:RMS_W_RN(1.0),N_A,W,2025,2024,SOR4,0,2024-05-31,INR,-133940000000
RBI:RMS_W_RN(1.0),N_A,W,2025,2024,SOR6,0,2024-05-31,INR,52893182050000
RBI:RMS_W_RN(1.0),N_A,W,2025,2024,SOR1,0,2024-05-31,INR,9660359900000
RBI:RMS_W_RN(1.0),N_A,W,2025,2024,SOR6,0,2024-05-24,INR,52261107980000
RBI:RMS_W_RN(1.0),N_A,W,2025,2024,SOR8,0,2024-05-24,INR,15890040060000
RBI:RMS_W_RN(1.0),N_A,W,2025,2024,SOR4,0,2024-05-24,INR,1836570000000
RBI:RMS_W_RN(1.0),N_A,W,2025,2024,SOR7,0,2024-05-24,INR,336320643100
RBI:RMS_W_RN(1.0),N_A,W,2025,2024,SOR1,0,2024-05-24,INR,8562883400000
RBI:RMS_W_RN(1.0),N_A,W,2025,2024,SOR5,0,2024-05-24,INR,113424900000
RBI:RMS_W_RN(1.0),N_A,W,2025,2024,SOR7,0,2024-05-17,INR,336320643100
RBI:RMS_W_RN(1.0),N_A,W,2025,2024,SOR8,0,2024-05-17,INR,18310164250000
RBI:RMS_W_RN(1.0),N_A,W,2025,2024,SOR1,0,2024-05-17,INR,11098826399999.998
RBI:RMS_W_RN(1.0),N_A,W,2025,2024,SOR4,0,2024-05-17,INR,1032580000000
RBI:RMS_W_RN(1.0),N_A,W,2025,2024,SOR6,0,2024-05-17,INR,52579619470000
RBI:RMS_W_RN(1.0),N_A,W,2025,2024,SOR5,0,2024-05-17,INR,113744900000
RBI:RMS_W_RN(1.0),N_A,W,2025,2024,SOR8,0,2024-05-10,INR,17988140240000
RBI:RMS_W_RN(1.0),N_A,W,2025,2024,SOR7,0,2024-05-10,INR,336320643100
RBI:RMS_W_RN(1.0),N_A,W,2025,2024,SOR1,0,2024-05-10,INR,10970296300000
RBI:RMS_W_RN(1.0),N_A,W,2025,2024,SOR4,0,2024-05-10,INR,1141660000000
RBI:RMS_W_RN(1.0),N_A,W,2025,2024,SOR6,0,2024-05-10,INR,52296095770000
RBI:RMS_W_RN(1.0),N_A,W,2025,2024,SOR5,0,2024-05-10,INR,111803400000
RBI:RMS_W_RN(1.0),N_A,W,2025,2024,SOR1,0,2024-05-03,INR,11385066500000
RBI:RMS_W_RN(1.0),N_A,W,2025,2024,SOR7,0,2024-05-03,INR,336320643100
RBI:RMS_W_RN(1.0),N_A,W,2025,2024,SOR4,0,2024-05-03,INR,683890000000
RBI:RMS_W_RN(1.0),N_A,W,2025,2024,SOR5,0,2024-05-03,INR,112719900000
RBI:RMS_W_RN(1.0),N_A,W,2025,2024,SOR8,0,2024-05-03,INR,17694358910000
RBI:RMS_W_RN(1.0),N_A,W,2025,2024,SOR6,0,2024-05-03,INR,52036055010000
RBI:RMS_W_RN(1.0),N_A,W,2025,2024,SOR5,0,2024-04-26,INR,112662000000
RBI:RMS_W_RN(1.0),N_A,W,2025,2024,SOR4,0,2024-04-26,INR,1492920000000
RBI:RMS_W_RN(1.0),N_A,W,2025,2024,SOR6,0,2024-04-26,INR,51667308710000
RBI:RMS_W_RN(1.0),N_A,W,2025,2024,SOR7,0,2024-04-26,INR,336320643100
RBI:RMS_W_RN(1.0),N_A,W,2025,2024,SOR8,0,2024-04-26,INR,17417168800000
RBI:RMS_W_RN(1.0),N_A,W,2025,2024,SOR1,0,2024-04-26,INR,11150362900000
RBI:RMS_W_RN(1.0),N_A,W,2025,2024,SOR7,0,2024-04-19,INR,334316623000.00006
RBI:RMS_W_RN(1.0),N_A,W,2025,2024,SOR1,0,2024-04-19,INR,12216292200000
RBI:RMS_W_RN(1.0),N_A,W,2025,2024,SOR8,0,2024-04-19,INR,17529889270000
RBI:RMS_W_RN(1.0),N_A,W,2025,2024,SOR6,0,2024-04-19,INR,51943398080000
RBI:RMS_W_RN(1.0),N_A,W,2025,2024,SOR5,0,2024-04-19,INR,108040000000
RBI:RMS_W_RN(1.0),N_A,W,2025,2024,SOR4,0,2024-04-19,INR,-471220000000
RBI:RMS_W_RN(1.0),N_A,W,2025,2024,SOR6,0,2024-04-12,INR,52152564700000
RBI:RMS_W_RN(1.0),N_A,W,2025,2024,SOR4,0,2024-04-12,INR,-899350000000
RBI:RMS_W_RN(1.0),N_A,W,2025,2024,SOR1,0,2024-04-12,INR,12799434200000
RBI:RMS_W_RN(1.0),N_A,W,2025,2024,SOR8,0,2024-04-12,INR,17616458900000
RBI:RMS_W_RN(1.0),N_A,W,2025,2024,SOR7,0,2024-04-12,INR,334316623000.00006
RBI:RMS_W_RN(1.0),N_A,W,2025,2024,SOR5,0,2024-04-12,INR,113869300000
RBI:RMS_W_RN(1.0),N_A,W,2025,2024,SOR7,0,2024-04-05,INR,334316623000
RBI:RMS_W_RN(1.0),N_A,W,2025,2024,SOR4,0,2024-04-05,INR,-1571840000000
RBI:RMS_W_RN(1.0),N_A,W,2025,2024,SOR8,0,2024-04-05,INR,17979317670000
RBI:RMS_W_RN(1.0),N_A,W,2025,2024,SOR6,0,2024-04-05,INR,52504908170000
RBI:RMS_W_RN(1.0),N_A,W,2025,2024,SOR5,0,2024-04-05,INR,114239300000
RBI:RMS_W_RN(1.0),N_A,W,2025,2024,SOR1,0,2024-04-05,INR,12735504700000
RBI:RMS_W_RN(1.0),N_A,W,2024,2023,SOR6,0,2024-03-31,INR,52410825580000
RBI:RMS_W_RN(1.0),N_A,W,2024,2023,SOR5,0,2024-03-31,INR,144061100000
RBI:RMS_W_RN(1.0),N_A,W,2024,2023,SOR7,0,2024-03-31,INR,334316623000
RBI:RMS_W_RN(1.0),N_A,W,2024,2023,SOR1,0,2024-03-31,INR,11932127600000
RBI:RMS_W_RN(1.0),N_A,W,2024,2023,SOR4,0,2024-03-31,INR,-605530000000
RBI:RMS_W_RN(1.0),N_A,W,2024,2023,SOR8,0,2024-03-31,INR,17901340170000
RBI:RMS_W_RN(1.0),N_A,W,2024,2023,SOR6,0,2024-03-29,INR,52340231880000
RBI:RMS_W_RN(1.0),N_A,W,2024,2023,SOR1,0,2024-03-29,INR,11346018600000
RBI:RMS_W_RN(1.0),N_A,W,2024,2023,SOR5,0,2024-03-29,INR,144570000000
RBI:RMS_W_RN(1.0),N_A,W,2024,2023,SOR7,0,2024-03-29,INR,334316623000
RBI:RMS_W_RN(1.0),N_A,W,2024,2023,SOR8,0,2024-03-29,INR,17840480470000
RBI:RMS_W_RN(1.0),N_A,W,2024,2023,SOR4,0,2024-03-29,INR,498820000000
RBI:RMS_W_RN(1.0),N_A,W,2024,2023,SOR6,0,2024-03-22,INR,52066209530000
RBI:RMS_W_RN(1.0),N_A,W,2024,2023,SOR1,0,2024-03-22,INR,9943942500000
RBI:RMS_W_RN(1.0),N_A,W,2024,2023,SOR5,0,2024-03-22,INR,118714599999.99998
RBI:RMS_W_RN(1.0),N_A,W,2024,2023,SOR4,0,2024-03-22,INR,1275660000000
RBI:RMS_W_RN(1.0),N_A,W,2024,2023,SOR7,0,2024-03-22,INR,331976894200
RBI:RMS_W_RN(1.0),N_A,W,2024,2023,SOR8,0,2024-03-22,INR,17749328130000
RBI:RMS_W_RN(1.0),N_A,W,2024,2023,SOR1,0,2024-03-15,INR,11341496700000
RBI:RMS_W_RN(1.0),N_A,W,2024,2023,SOR8,0,2024-03-15,INR,17444569090000
RBI:RMS_W_RN(1.0),N_A,W,2024,2023,SOR7,0,2024-03-15,INR,331976894200
RBI:RMS_W_RN(1.0),N_A,W,2024,2023,SOR4,0,2024-03-15,INR,619200000000
RBI:RMS_W_RN(1.0),N_A,W,2024,2023,SOR6,0,2024-03-15,INR,51746478890000
RBI:RMS_W_RN(1.0),N_A,W,2024,2023,SOR5,0,2024-03-15,INR,114008800000
RBI:RMS_W_RN(1.0),N_A,W,2024,2023,SOR5,0,2024-03-08,INR,114008800000
RBI:RMS_W_RN(1.0),N_A,W,2024,2023,SOR4,0,2024-03-08,INR,52511100000
RBI:RMS_W_RN(1.0),N_A,W,2024,2023,SOR6,0,2024-03-08,INR,51139583250000
RBI:RMS_W_RN(1.0),N_A,W,2024,2023,SOR1,0,2024-03-08,INR,11342719000000
RBI:RMS_W_RN(1.0),N_A,W,2024,2023,SOR8,0,2024-03-08,INR,17565885280000
RBI:RMS_W_RN(1.0),N_A,W,2024,2023,SOR7,0,2024-03-08,INR,331976894200
RBI:RMS_W_RN(1.0),N_A,W,2024,2023,SOR5,0,2024-03-01,INR,111169900000
RBI:RMS_W_RN(1.0),N_A,W,2024,2023,SOR4,0,2024-03-01,INR,309841100000
RBI:RMS_W_RN(1.0),N_A,W,2024,2023,SOR7,0,2024-03-01,INR,331976894200
RBI:RMS_W_RN(1.0),N_A,W,2024,2023,SOR6,0,2024-03-01,INR,50368643560000
RBI:RMS_W_RN(1.0),N_A,W,2024,2023,SOR1,0,2024-03-01,INR,11552603400000
RBI:RMS_W_RN(1.0),N_A,W,2024,2023,SOR8,0,2024-03-01,INR,17051627290000
RBI:RMS_W_RN(1.0),N_A,W,2024,2023,SOR6,0,2024-02-23,INR,49850653870000
RBI:RMS_W_RN(1.0),N_A,W,2024,2023,SOR4,0,2024-02-23,INR,2165020000000
RBI:RMS_W_RN(1.0),N_A,W,2024,2023,SOR7,0,2024-02-23,INR,331976894200
RBI:RMS_W_RN(1.0),N_A,W,2024,2023,SOR8,0,2024-02-23,INR,16995626890000
RBI:RMS_W_RN(1.0),N_A,W,2024,2023,SOR5,0,2024-02-23,INR,111209899999.90001
RBI:RMS_W_RN(1.0),N_A,W,2024,2023,SOR1,0,2024-02-23,INR,9649958100000
RBI:RMS_W_RN(1.0),N_A,W,2024,2023,SOR4,0,2024-02-16,INR,1756540000000
RBI:RMS_W_RN(1.0),N_A,W,2024,2023,SOR1,0,2024-02-16,INR,10681316700000
RBI:RMS_W_RN(1.0),N_A,W,2024,2023,SOR8,0,2024-02-16,INR,16971267920000
RBI:RMS_W_RN(1.0),N_A,W,2024,2023,SOR6,0,2024-02-16,INR,49650455400000
RBI:RMS_W_RN(1.0),N_A,W,2024,2023,SOR7,0,2024-02-16,INR,328874352500
RBI:RMS_W_RN(1.0),N_A,W,2024,2023,SOR5,0,2024-02-16,INR,107385400000.00002
RBI:RMS_W_RN(1.0),N_A,W,2024,2023,SOR6,0,2024-02-09,INR,49757329680000
RBI:RMS_W_RN(1.0),N_A,W,2024,2023,SOR7,0,2024-02-09,INR,328874352500
RBI:RMS_W_RN(1.0),N_A,W,2024,2023,SOR5,0,2024-02-09,INR,91778100000
RBI:RMS_W_RN(1.0),N_A,W,2024,2023,SOR4,0,2024-02-09,INR,1894290000000
RBI:RMS_W_RN(1.0),N_A,W,2024,2023,SOR1,0,2024-02-09,INR,9984813500000
RBI:RMS_W_RN(1.0),N_A,W,2024,2023,SOR8,0,2024-02-09,INR,17063584100000
RBI:RMS_W_RN(1.0),N_A,W,2024,2023,SOR8,0,2024-02-02,INR,17592980270000
RBI:RMS_W_RN(1.0),N_A,W,2024,2023,SOR7,0,2024-02-02,INR,328874352500
RBI:RMS_W_RN(1.0),N_A,W,2024,2023,SOR6,0,2024-02-02,INR,50141947940000
RBI:RMS_W_RN(1.0),N_A,W,2024,2023,SOR4,0,2024-02-02,INR,1402210000000
RBI:RMS_W_RN(1.0),N_A,W,2024,2023,SOR5,0,2024-02-02,INR,77314200000
RBI:RMS_W_RN(1.0),N_A,W,2024,2023,SOR1,0,2024-02-02,INR,10802441900000
RBI:RMS_W_RN(1.0),N_A,W,2024,2023,SOR8,0,2024-01-26,INR,17213822100000
RBI:RMS_W_RN(1.0),N_A,W,2024,2023,SOR1,0,2024-01-26,INR,9343593700000
RBI:RMS_W_RN(1.0),N_A,W,2024,2023,SOR7,0,2024-01-26,INR,328874352500
RBI:RMS_W_RN(1.0),N_A,W,2024,2023,SOR4,0,2024-01-26,INR,2668200000000
RBI:RMS_W_RN(1.0),N_A,W,2024,2023,SOR5,0,2024-01-26,INR,52372600000
RBI:RMS_W_RN(1.0),N_A,W,2024,2023,SOR6,0,2024-01-26,INR,49758978080000
RBI:RMS_W_RN(1.0),N_A,W,2024,2023,SOR4,0,2024-01-19,INR,2377620000000
RBI:RMS_W_RN(1.0),N_A,W,2024,2023,SOR8,0,2024-01-19,INR,17149369960000
RBI:RMS_W_RN(1.0),N_A,W,2024,2023,SOR6,0,2024-01-19,INR,49688595740000
RBI:RMS_W_RN(1.0),N_A,W,2024,2023,SOR1,0,2024-01-19,INR,9755728700000
RBI:RMS_W_RN(1.0),N_A,W,2024,2023,SOR5,0,2024-01-19,INR,52370000000
RBI:RMS_W_RN(1.0),N_A,W,2024,2023,SOR7,0,2024-01-19,INR,325963989200
RBI:RMS_W_RN(1.0),N_A,W,2024,2023,SOR1,0,2024-01-12,INR,10160366600000
RBI:RMS_W_RN(1.0),N_A,W,2024,2023,SOR6,0,2024-01-12,INR,49832437790000
RBI:RMS_W_RN(1.0),N_A,W,2024,2023,SOR4,0,2024-01-12,INR,1713700000000
RBI:RMS_W_RN(1.0),N_A,W,2024,2023,SOR5,0,2024-01-12,INR,52276600000
RBI:RMS_W_RN(1.0),N_A,W,2024,2023,SOR7,0,2024-01-12,INR,325963989200
RBI:RMS_W_RN(1.0),N_A,W,2024,2023,SOR8,0,2024-01-12,INR,17402257410000
RBI:RMS_W_RN(1.0),N_A,W,2024,2023,SOR4,0,2024-01-05,INR,1146040000000
RBI:RMS_W_RN(1.0),N_A,W,2024,2023,SOR6,0,2024-01-05,INR,49851962620000
RBI:RMS_W_RN(1.0),N_A,W,2024,2023,SOR7,0,2024-01-05,INR,325963989200
RBI:RMS_W_RN(1.0),N_A,W,2024,2023,SOR8,0,2024-01-05,INR,17371853350000
RBI:RMS_W_RN(1.0),N_A,W,2024,2023,SOR5,0,2024-01-05,INR,52310000000
RBI:RMS_W_RN(1.0),N_A,W,2024,2023,SOR1,0,2024-01-05,INR,10696716700000
RBI:RMS_W_RN(1.0),N_A,W,2024,2023,SOR5,0,2023-12-29,INR,50800000000
RBI:RMS_W_RN(1.0),N_A,W,2024,2023,SOR7,0,2023-12-29,INR,325963989200
RBI:RMS_W_RN(1.0),N_A,W,2024,2023,SOR6,0,2023-12-29,INR,50383717220000
RBI:RMS_W_RN(1.0),N_A,W,2024,2023,SOR1,0,2023-12-29,INR,9796585500000
RBI:RMS_W_RN(1.0),N_A,W,2024,2023,SOR8,0,2023-12-29,INR,17932097240000
RBI:RMS_W_RN(1.0),N_A,W,2024,2023,SOR4,0,2023-12-29,INR,1828300000000
RBI:RMS_W_RN(1.0),N_A,W,2024,2023,SOR4,0,2023-12-22,INR,2586200000000
RBI:RMS_W_RN(1.0),N_A,W,2024,2023,SOR5,0,2023-12-22,INR,52305200000.0002
RBI:RMS_W_RN(1.0),N_A,W,2024,2023,SOR7,0,2023-12-22,INR,322644751400
RBI:RMS_W_RN(1.0),N_A,W,2024,2023,SOR8,0,2023-12-22,INR,17700284740000
RBI:RMS_W_RN(1.0),N_A,W,2024,2023,SOR1,0,2023-12-22,INR,9069996500000
RBI:RMS_W_RN(1.0),N_A,W,2024,2023,SOR6,0,2023-12-22,INR,50118203820000
RBI:RMS_W_RN(1.0),N_A,W,2024,2023,SOR6,0,2023-12-15,INR,49630860040000
RBI:RMS_W_RN(1.0),N_A,W,2024,2023,SOR7,0,2023-12-15,INR,322644751400
RBI:RMS_W_RN(1.0),N_A,W,2024,2023,SOR5,0,2023-12-15,INR,52305199999.9999
RBI:RMS_W_RN(1.0),N_A,W,2024,2023,SOR4,0,2023-12-15,INR,636901600000
RBI:RMS_W_RN(1.0),N_A,W,2024,2023,SOR8,0,2023-12-15,INR,17373425520000
RBI:RMS_W_RN(1.0),N_A,W,2024,2023,SOR1,0,2023-12-15,INR,11133389200000
RBI:RMS_W_RN(1.0),N_A,W,2024,2023,SOR6,0,2023-12-08,INR,49130344110000
RBI:RMS_W_RN(1.0),N_A,W,2024,2023,SOR7,0,2023-12-08,INR,322644751400
RBI:RMS_W_RN(1.0),N_A,W,2024,2023,SOR8,0,2023-12-08,INR,16897853270000
RBI:RMS_W_RN(1.0),N_A,W,2024,2023,SOR4,0,2023-12-08,INR,172361600000
RBI:RMS_W_RN(1.0),N_A,W,2024,2023,SOR5,0,2023-12-08,INR,52205200000
RBI:RMS_W_RN(1.0),N_A,W,2024,2023,SOR1,0,2023-12-08,INR,11227497000000
RBI:RMS_W_RN(1.0),N_A,W,2024,2023,SOR4,0,2023-12-01,INR,-37278400000
RBI:RMS_W_RN(1.0),N_A,W,2024,2023,SOR8,0,2023-12-01,INR,16618638710000
RBI:RMS_W_RN(1.0),N_A,W,2024,2023,SOR1,0,2023-12-01,INR,11696871200000
RBI:RMS_W_RN(1.0),N_A,W,2024,2023,SOR6,0,2023-12-01,INR,48838780360000
RBI:RMS_W_RN(1.0),N_A,W,2024,2023,SOR7,0,2023-12-01,INR,322644751400
RBI:RMS_W_RN(1.0),N_A,W,2024,2023,SOR5,0,2023-12-01,INR,52305200000
RBI:RMS_W_RN(1.0),N_A,W,2024,2023,SOR1,0,2023-11-24,INR,10477025200000
RBI:RMS_W_RN(1.0),N_A,W,2024,2023,SOR4,0,2023-11-24,INR,1210811000000
RBI:RMS_W_RN(1.0),N_A,W,2024,2023,SOR8,0,2023-11-24,INR,16213991990000
RBI:RMS_W_RN(1.0),N_A,W,2024,2023,SOR7,0,2023-11-24,INR,322644751400
RBI:RMS_W_RN(1.0),N_A,W,2024,2023,SOR5,0,2023-11-24,INR,52330900000
RBI:RMS_W_RN(1.0),N_A,W,2024,2023,SOR6,0,2023-11-24,INR,48396742430000
RBI:RMS_W_RN(1.0),N_A,W,2024,2023,SOR8,0,2023-11-17,INR,16089391560000
RBI:RMS_W_RN(1.0),N_A,W,2024,2023,SOR1,0,2023-11-17,INR,11023227000000
RBI:RMS_W_RN(1.0),N_A,W,2024,2023,SOR5,0,2023-11-17,INR,52398300000
RBI:RMS_W_RN(1.0),N_A,W,2024,2023,SOR6,0,2023-11-17,INR,48134832100000
RBI:RMS_W_RN(1.0),N_A,W,2024,2023,SOR4,0,2023-11-17,INR,591231000000
RBI:RMS_W_RN(1.0),N_A,W,2024,2023,SOR7,0,2023-11-17,INR,319393281700
RBI:RMS_W_RN(1.0),N_A,W,2024,2023,SOR6,0,2023-11-10,INR,47767222860000
RBI:RMS_W_RN(1.0),N_A,W,2024,2023,SOR4,0,2023-11-10,INR,455671000000
RBI:RMS_W_RN(1.0),N_A,W,2024,2023,SOR5,0,2023-11-10,INR,51948300000
RBI:RMS_W_RN(1.0),N_A,W,2024,2023,SOR8,0,2023-11-10,INR,15417015920000
RBI:RMS_W_RN(1.0),N_A,W,2024,2023,SOR7,0,2023-11-10,INR,319393281700
RBI:RMS_W_RN(1.0),N_A,W,2024,2023,SOR1,0,2023-11-10,INR,11040714600000
RBI:RMS_W_RN(1.0),N_A,W,2024,2023,SOR4,0,2023-11-03,INR,-91389000000
RBI:RMS_W_RN(1.0),N_A,W,2024,2023,SOR7,0,2023-11-03,INR,319393281700
RBI:RMS_W_RN(1.0),N_A,W,2024,2023,SOR5,0,2023-11-03,INR,52368300000
RBI:RMS_W_RN(1.0),N_A,W,2024,2023,SOR6,0,2023-11-03,INR,47765131760000
RBI:RMS_W_RN(1.0),N_A,W,2024,2023,SOR8,0,2023-11-03,INR,15383777720000
RBI:RMS_W_RN(1.0),N_A,W,2024,2023,SOR1,0,2023-11-03,INR,11165028400000
RBI:RMS_W_RN(1.0),N_A,W,2024,2023,SOR6,0,2023-10-27,INR,47349207470000
RBI:RMS_W_RN(1.0),N_A,W,2024,2023,SOR7,0,2023-10-27,INR,319393281700
RBI:RMS_W_RN(1.0),N_A,W,2024,2023,SOR5,0,2023-10-27,INR,52438300000
RBI:RMS_W_RN(1.0),N_A,W,2024,2023,SOR4,0,2023-10-27,INR,988136900000
RBI:RMS_W_RN(1.0),N_A,W,2024,2023,SOR1,0,2023-10-27,INR,9667143100000
RBI:RMS_W_RN(1.0),N_A,W,2024,2023,SOR8,0,2023-10-27,INR,14920267330000
RBI:RMS_W_RN(1.0),N_A,W,2024,2023,SOR8,0,2023-10-20,INR,14731353350000
RBI:RMS_W_RN(1.0),N_A,W,2024,2023,SOR1,0,2023-10-20,INR,10185736500000
RBI:RMS_W_RN(1.0),N_A,W,2024,2023,SOR6,0,2023-10-20,INR,46863874050000
RBI:RMS_W_RN(1.0),N_A,W,2024,2023,SOR4,0,2023-10-20,INR,867906900000
RBI:RMS_W_RN(1.0),N_A,W,2024,2023,SOR5,0,2023-10-20,INR,52448300000
RBI:RMS_W_RN(1.0),N_A,W,2024,2023,SOR7,0,2023-10-20,INR,316485858500
RBI:RMS_W_RN(1.0),N_A,W,2024,2023,SOR4,0,2023-10-13,INR,259036900000
RBI:RMS_W_RN(1.0),N_A,W,2024,2023,SOR7,0,2023-10-13,INR,316485858500
RBI:RMS_W_RN(1.0),N_A,W,2024,2023,SOR5,0,2023-10-13,INR,45572600000
RBI:RMS_W_RN(1.0),N_A,W,2024,2023,SOR6,0,2023-10-13,INR,47151023040000
RBI:RMS_W_RN(1.0),N_A,W,2024,2023,SOR8,0,2023-10-13,INR,14900150240000
RBI:RMS_W_RN(1.0),N_A,W,2024,2023,SOR1,0,2023-10-13,INR,10744562800000
RBI:RMS_W_RN(1.0),N_A,W,2024,2023,SOR6,0,2023-10-06,INR,47043550750000
RBI:RMS_W_RN(1.0),N_A,W,2024,2023,SOR7,0,2023-10-06,INR,316485858500
RBI:RMS_W_RN(1.0),N_A,W,2024,2023,SOR1,0,2023-10-06,INR,11166417800000
RBI:RMS_W_RN(1.0),N_A,W,2024,2023,SOR8,0,2023-10-06,INR,14694749850000
RBI:RMS_W_RN(1.0),N_A,W,2024,2023,SOR4,0,2023-10-06,INR,16046900000
RBI:RMS_W_RN(1.0),N_A,W,2024,2023,SOR5,0,2023-10-06,INR,52129300000
RBI:RMS_W_RN(1.0),N_A,W,2024,2023,SOR1,0,2023-09-29,INR,10239238100000
RBI:RMS_W_RN(1.0),N_A,W,2024,2023,SOR6,0,2023-09-29,INR,47196105260000
RBI:RMS_W_RN(1.0),N_A,W,2024,2023,SOR5,0,2023-09-29,INR,50801400000
RBI:RMS_W_RN(1.0),N_A,W,2024,2023,SOR8,0,2023-09-29,INR,14894845010000
RBI:RMS_W_RN(1.0),N_A,W,2024,2023,SOR7,0,2023-09-29,INR,316485858500
RBI:RMS_W_RN(1.0),N_A,W,2024,2023,SOR4,0,2023-09-29,INR,1045280000000
RBI:RMS_W_RN(1.0),N_A,W,2024,2023,SOR8,0,2023-09-22,INR,15077820890000
RBI:RMS_W_RN(1.0),N_A,W,2024,2023,SOR7,0,2023-09-22,INR,313998627200
RBI:RMS_W_RN(1.0),N_A,W,2024,2023,SOR5,0,2023-09-22,INR,51175400000
RBI:RMS_W_RN(1.0),N_A,W,2024,2023,SOR1,0,2023-09-22,INR,10105733300000
RBI:RMS_W_RN(1.0),N_A,W,2024,2023,SOR6,0,2023-09-22,INR,47353085840000
RBI:RMS_W_RN(1.0),N_A,W,2024,2023,SOR4,0,2023-09-22,INR,1213030000000
RBI:RMS_W_RN(1.0),N_A,W,2024,2023,SOR1,0,2023-09-15,INR,11706595400000
RBI:RMS_W_RN(1.0),N_A,W,2024,2023,SOR8,0,2023-09-15,INR,15289397850000
RBI:RMS_W_RN(1.0),N_A,W,2024,2023,SOR4,0,2023-09-15,INR,502634900000
RBI:RMS_W_RN(1.0),N_A,W,2024,2023,SOR5,0,2023-09-15,INR,50935100000
RBI:RMS_W_RN(1.0),N_A,W,2024,2023,SOR6,0,2023-09-15,INR,47675926700000
RBI:RMS_W_RN(1.0),N_A,W,2024,2023,SOR7,0,2023-09-15,INR,313998627200
RBI:RMS_W_RN(1.0),N_A,W,2024,2023,SOR5,0,2023-09-08,INR,44211600000
RBI:RMS_W_RN(1.0),N_A,W,2024,2023,SOR7,0,2023-09-08,INR,313998627200
RBI:RMS_W_RN(1.0),N_A,W,2024,2023,SOR4,0,2023-09-08,INR,-744185100000
RBI:RMS_W_RN(1.0),N_A,W,2024,2023,SOR6,0,2023-09-08,INR,47613719440000
RBI:RMS_W_RN(1.0),N_A,W,2024,2023,SOR1,0,2023-09-08,INR,12449681900000
RBI:RMS_W_RN(1.0),N_A,W,2024,2023,SOR8,0,2023-09-08,INR,15203724890000
RBI:RMS_W_RN(1.0),N_A,W,2024,2023,SOR8,0,2023-09-01,INR,15486059060000
RBI:RMS_W_RN(1.0),N_A,W,2024,2023,SOR1,0,2023-09-01,INR,13181424900000
RBI:RMS_W_RN(1.0),N_A,W,2024,2023,SOR5,0,2023-09-01,INR,50980300000
RBI:RMS_W_RN(1.0),N_A,W,2024,2023,SOR4,0,2023-09-01,INR,-806055100000
RBI:RMS_W_RN(1.0),N_A,W,2024,2023,SOR7,0,2023-09-01,INR,313998627200
RBI:RMS_W_RN(1.0),N_A,W,2024,2023,SOR6,0,2023-09-01,INR,47884308710000
RBI:RMS_W_RN(1.0),N_A,W,2024,2023,SOR4,0,2023-08-25,INR,-70669100000
RBI:RMS_W_RN(1.0),N_A,W,2024,2023,SOR6,0,2023-08-25,INR,47514311260000
RBI:RMS_W_RN(1.0),N_A,W,2024,2023,SOR5,0,2023-08-25,INR,51860300000
RBI:RMS_W_RN(1.0),N_A,W,2024,2023,SOR8,0,2023-08-25,INR,15106306210000
RBI:RMS_W_RN(1.0),N_A,W,2024,2023,SOR7,0,2023-08-25,INR,313998627200
RBI:RMS_W_RN(1.0),N_A,W,2024,2023,SOR1,0,2023-08-25,INR,11852463700000
RBI:RMS_W_RN(1.0),N_A,W,2024,2023,SOR7,0,2023-08-18,INR,311481388200
RBI:RMS_W_RN(1.0),N_A,W,2024,2023,SOR4,0,2023-08-18,INR,-339209100000.00006
RBI:RMS_W_RN(1.0),N_A,W,2024,2023,SOR6,0,2023-08-18,INR,47769330430000
RBI:RMS_W_RN(1.0),N_A,W,2024,2023,SOR8,0,2023-08-18,INR,15333318890000
RBI:RMS_W_RN(1.0),N_A,W,2024,2023,SOR1,0,2023-08-18,INR,12334544300000
RBI:RMS_W_RN(1.0),N_A,W,2024,2023,SOR5,0,2023-08-18,INR,51610300000
RBI:RMS_W_RN(1.0),N_A,W,2024,2023,SOR6,0,2023-08-11,INR,48225175000000
RBI:RMS_W_RN(1.0),N_A,W,2024,2023,SOR8,0,2023-08-11,INR,15504234150000
RBI:RMS_W_RN(1.0),N_A,W,2024,2023,SOR5,0,2023-08-11,INR,41128200000
RBI:RMS_W_RN(1.0),N_A,W,2024,2023,SOR1,0,2023-08-11,INR,12521882000000
RBI:RMS_W_RN(1.0),N_A,W,2024,2023,SOR4,0,2023-08-11,INR,-1790179100000
RBI:RMS_W_RN(1.0),N_A,W,2024,2023,SOR7,0,2023-08-11,INR,311481388200
RBI:RMS_W_RN(1.0),N_A,W,2024,2023,SOR4,0,2023-08-04,INR,-2565939100000
RBI:RMS_W_RN(1.0),N_A,W,2024,2023,SOR1,0,2023-08-04,INR,13129745900000
RBI:RMS_W_RN(1.0),N_A,W,2024,2023,SOR6,0,2023-08-04,INR,48165818560000
RBI:RMS_W_RN(1.0),N_A,W,2024,2023,SOR7,0,2023-08-04,INR,311481388200
RBI:RMS_W_RN(1.0),N_A,W,2024,2023,SOR8,0,2023-08-04,INR,15456841710000
RBI:RMS_W_RN(1.0),N_A,W,2024,2023,SOR5,0,2023-08-04,INR,30211100000
RBI:RMS_W_RN(1.0),N_A,W,2024,2023,SOR7,0,2023-07-28,INR,311481388200
RBI:RMS_W_RN(1.0),N_A,W,2024,2023,SOR8,0,2023-07-28,INR,15441516070000
RBI:RMS_W_RN(1.0),N_A,W,2024,2023,SOR1,0,2023-07-28,INR,11970852900000
RBI:RMS_W_RN(1.0),N_A,W,2024,2023,SOR6,0,2023-07-28,INR,47999628370000
RBI:RMS_W_RN(1.0),N_A,W,2024,2023,SOR5,0,2023-07-28,INR,51441300000
RBI:RMS_W_RN(1.0),N_A,W,2024,2023,SOR4,0,2023-07-28,INR,-1338643200000
RBI:RMS_W_RN(1.0),N_A,W,2024,2023,SOR6,0,2023-07-21,INR,48083860610000
RBI:RMS_W_RN(1.0),N_A,W,2024,2023,SOR4,0,2023-07-21,INR,-1002143200000.0001
RBI:RMS_W_RN(1.0),N_A,W,2024,2023,SOR8,0,2023-07-21,INR,15504848810000
RBI:RMS_W_RN(1.0),N_A,W,2024,2023,SOR5,0,2023-07-21,INR,46688300000
RBI:RMS_W_RN(1.0),N_A,W,2024,2023,SOR7,0,2023-07-21,INR,309246298600
RBI:RMS_W_RN(1.0),N_A,W,2024,2023,SOR1,0,2023-07-21,INR,11496916399999.998
RBI:RMS_W_RN(1.0),N_A,W,2024,2023,SOR6,0,2023-07-14,INR,48361754200000
RBI:RMS_W_RN(1.0),N_A,W,2024,2023,SOR4,0,2023-07-14,INR,-1733963200000
RBI:RMS_W_RN(1.0),N_A,W,2024,2023,SOR5,0,2023-07-14,INR,40442000000
RBI:RMS_W_RN(1.0),N_A,W,2024,2023,SOR1,0,2023-07-14,INR,12449139500000
RBI:RMS_W_RN(1.0),N_A,W,2024,2023,SOR8,0,2023-07-14,INR,15887854770000
RBI:RMS_W_RN(1.0),N_A,W,2024,2023,SOR7,0,2023-07-14,INR,309246298600
RBI:RMS_W_RN(1.0),N_A,W,2024,2023,SOR8,0,2023-07-07,INR,15141293530000
RBI:RMS_W_RN(1.0),N_A,W,2024,2023,SOR4,0,2023-07-07,INR,-1749243200000
RBI:RMS_W_RN(1.0),N_A,W,2024,2023,SOR6,0,2023-07-07,INR,47679190320000
RBI:RMS_W_RN(1.0),N_A,W,2024,2023,SOR7,0,2023-07-07,INR,309246298600
RBI:RMS_W_RN(1.0),N_A,W,2024,2023,SOR5,0,2023-07-07,INR,42392000000
RBI:RMS_W_RN(1.0),N_A,W,2024,2023,SOR1,0,2023-07-07,INR,12495268400000
RBI:RMS_W_RN(1.0),N_A,W,2024,2023,SOR5,0,2023-06-30,INR,53827900000
RBI:RMS_W_RN(1.0),N_A,W,2024,2023,SOR8,0,2023-06-30,INR,14820521910000
RBI:RMS_W_RN(1.0),N_A,W,2024,2023,SOR4,0,2023-06-30,INR,-1216833200000
RBI:RMS_W_RN(1.0),N_A,W,2024,2023,SOR1,0,2023-06-30,INR,12202513200000
RBI:RMS_W_RN(1.0),N_A,W,2024,2023,SOR7,0,2023-06-30,INR,309246298600
RBI:RMS_W_RN(1.0),N_A,W,2024,2023,SOR6,0,2023-06-30,INR,47175008500000
RBI:RMS_W_RN(1.0),N_A,W,2024,2023,SOR6,0,2023-06-23,INR,47007051790000
RBI:RMS_W_RN(1.0),N_A,W,2024,2023,SOR4,0,2023-06-23,INR,-444680000000
RBI:RMS_W_RN(1.0),N_A,W,2024,2023,SOR7,0,2023-06-23,INR,306916348500
RBI:RMS_W_RN(1.0),N_A,W,2024,2023,SOR8,0,2023-06-23,INR,15115585790000
RBI:RMS_W_RN(1.0),N_A,W,2024,2023,SOR1,0,2023-06-23,INR,11578339200000
RBI:RMS_W_RN(1.0),N_A,W,2024,2023,SOR5,0,2023-06-23,INR,52324400000
RBI:RMS_W_RN(1.0),N_A,W,2024,2023,SOR6,0,2023-06-16,INR,47190882180000
RBI:RMS_W_RN(1.0),N_A,W,2024,2023,SOR4,0,2023-06-16,INR,-806941799999.9999
RBI:RMS_W_RN(1.0),N_A,W,2024,2023,SOR5,0,2023-06-16,INR,48653900000
RBI:RMS_W_RN(1.0),N_A,W,2024,2023,SOR1,0,2023-06-16,INR,12233231600000
RBI:RMS_W_RN(1.0),N_A,W,2024,2023,SOR8,0,2023-06-16,INR,15286685670000
RBI:RMS_W_RN(1.0),N_A,W,2024,2023,SOR7,0,2023-06-16,INR,306916348500
RBI:RMS_W_RN(1.0),N_A,W,2024,2023,SOR1,0,2023-06-09,INR,13223066299999.998
RBI:RMS_W_RN(1.0),N_A,W,2024,2023,SOR5,0,2023-06-09,INR,43552100000
RBI:RMS_W_RN(1.0),N_A,W,2024,2023,SOR6,0,2023-06-09,INR,47305798060000
RBI:RMS_W_RN(1.0),N_A,W,2024,2023,SOR7,0,2023-06-09,INR,306916348500
RBI:RMS_W_RN(1.0),N_A,W,2024,2023,SOR8,0,2023-06-09,INR,15393818950000
RBI:RMS_W_RN(1.0),N_A,W,2024,2023,SOR4,0,2023-06-09,INR,-1632401800000
RBI:RMS_W_RN(1.0),N_A,W,2024,2023,SOR1,0,2023-06-02,INR,14065087100000
RBI:RMS_W_RN(1.0),N_A,W,2024,2023,SOR6,0,2023-06-02,INR,47318741700000
RBI:RMS_W_RN(1.0),N_A,W,2024,2023,SOR8,0,2023-06-02,INR,15445887890000
RBI:RMS_W_RN(1.0),N_A,W,2024,2023,SOR7,0,2023-06-02,INR,306916348500
RBI:RMS_W_RN(1.0),N_A,W,2024,2023,SOR4,0,2023-06-02,INR,-2319551800000
RBI:RMS_W_RN(1.0),N_A,W,2024,2023,SOR5,0,2023-06-02,INR,37516500000
RBI:RMS_W_RN(1.0),N_A,W,2024,2023,SOR1,0,2023-05-26,INR,12936427000000
RBI:RMS_W_RN(1.0),N_A,W,2024,2023,SOR8,0,2023-05-26,INR,15107069880000
RBI:RMS_W_RN(1.0),N_A,W,2024,2023,SOR5,0,2023-05-26,INR,44204400000
RBI:RMS_W_RN(1.0),N_A,W,2024,2023,SOR7,0,2023-05-26,INR,306916348500
RBI:RMS_W_RN(1.0),N_A,W,2024,2023,SOR4,0,2023-05-26,INR,-945365900000
RBI:RMS_W_RN(1.0),N_A,W,2024,2023,SOR6,0,2023-05-26,INR,46984807290000
RBI:RMS_W_RN(1.0),N_A,W,2024,2023,SOR4,0,2023-05-19,INR,-457535899999.99994
RBI:RMS_W_RN(1.0),N_A,W,2024,2023,SOR6,0,2023-05-19,INR,47388184170000
RBI:RMS_W_RN(1.0),N_A,W,2024,2023,SOR1,0,2023-05-19,INR,12840676200000.002
RBI:RMS_W_RN(1.0),N_A,W,2024,2023,SOR5,0,2023-05-19,INR,58632000000
RBI:RMS_W_RN(1.0),N_A,W,2024,2023,SOR8,0,2023-05-19,INR,15535492960000
RBI:RMS_W_RN(1.0),N_A,W,2024,2023,SOR7,0,2023-05-19,INR,304815560100
RBI:RMS_W_RN(1.0),N_A,W,2024,2023,SOR7,0,2023-05-12,INR,304815560100
RBI:RMS_W_RN(1.0),N_A,W,2024,2023,SOR4,0,2023-05-12,INR,-432995899999.99994
RBI:RMS_W_RN(1.0),N_A,W,2024,2023,SOR5,0,2023-05-12,INR,61788300000
RBI:RMS_W_RN(1.0),N_A,W,2024,2023,SOR6,0,2023-05-12,INR,47593349790000
RBI:RMS_W_RN(1.0),N_A,W,2024,2023,SOR1,0,2023-05-12,INR,13700953100000
RBI:RMS_W_RN(1.0),N_A,W,2024,2023,SOR8,0,2023-05-12,INR,16579843780000
RBI:RMS_W_RN(1.0),N_A,W,2024,2023,SOR7,0,2023-05-05,INR,304815560100
RBI:RMS_W_RN(1.0),N_A,W,2024,2023,SOR4,0,2023-05-05,INR,-840085900000
RBI:RMS_W_RN(1.0),N_A,W,2024,2023,SOR6,0,2023-05-05,INR,47090061350000
RBI:RMS_W_RN(1.0),N_A,W,2024,2023,SOR8,0,2023-05-05,INR,16392895940000
RBI:RMS_W_RN(1.0),N_A,W,2024,2023,SOR5,0,2023-05-05,INR,221978300000
RBI:RMS_W_RN(1.0),N_A,W,2024,2023,SOR1,0,2023-05-05,INR,14041986900000
RBI:RMS_W_RN(1.0),N_A,W,2024,2023,SOR8,0,2023-04-28,INR,16010005270000
RBI:RMS_W_RN(1.0),N_A,W,2024,2023,SOR5,0,2023-04-28,INR,220002700000
RBI:RMS_W_RN(1.0),N_A,W,2024,2023,SOR6,0,2023-04-28,INR,46514711380000
RBI:RMS_W_RN(1.0),N_A,W,2024,2023,SOR1,0,2023-04-28,INR,14254491200000.002
RBI:RMS_W_RN(1.0),N_A,W,2024,2023,SOR4,0,2023-04-28,INR,-543216600000.00006
RBI:RMS_W_RN(1.0),N_A,W,2024,2023,SOR7,0,2023-04-28,INR,304815560100
RBI:RMS_W_RN(1.0),N_A,W,2024,2023,SOR5,0,2023-04-21,INR,217920300000
RBI:RMS_W_RN(1.0),N_A,W,2024,2023,SOR1,0,2023-04-21,INR,14200993300000
RBI:RMS_W_RN(1.0),N_A,W,2024,2023,SOR7,0,2023-04-21,INR,302854765400
RBI:RMS_W_RN(1.0),N_A,W,2024,2023,SOR4,0,2023-04-21,INR,-654856600000
RBI:RMS_W_RN(1.0),N_A,W,2024,2023,SOR8,0,2023-04-21,INR,16147217280000
RBI:RMS_W_RN(1.0),N_A,W,2024,2023,SOR6,0,2023-04-21,INR,46293226490000
RBI:RMS_W_RN(1.0),N_A,W,2024,2023,SOR1,0,2023-04-14,INR,15362839800000
RBI:RMS_W_RN(1.0),N_A,W,2024,2023,SOR7,0,2023-04-14,INR,302854765400
RBI:RMS_W_RN(1.0),N_A,W,2024,2023,SOR5,0,2023-04-14,INR,198881900000
RBI:RMS_W_RN(1.0),N_A,W,2024,2023,SOR8,0,2023-04-14,INR,16225826790000
RBI:RMS_W_RN(1.0),N_A,W,2024,2023,SOR6,0,2023-04-14,INR,46336440500000
RBI:RMS_W_RN(1.0),N_A,W,2024,2023,SOR4,0,2023-04-14,INR,-1865236600000
RBI:RMS_W_RN(1.0),N_A,W,2024,2023,SOR5,0,2023-04-07,INR,203901900000
RBI:RMS_W_RN(1.0),N_A,W,2024,2023,SOR8,0,2023-04-07,INR,16300671760000
RBI:RMS_W_RN(1.0),N_A,W,2024,2023,SOR6,0,2023-04-07,INR,46225881070000
RBI:RMS_W_RN(1.0),N_A,W,2024,2023,SOR1,0,2023-04-07,INR,15468098100000
RBI:RMS_W_RN(1.0),N_A,W,2024,2023,SOR4,0,2023-04-07,INR,-2367826600000
RBI:RMS_W_RN(1.0),N_A,W,2024,2023,SOR7,0,2023-04-07,INR,302854765400
RBI:RMS_W_RN(1.0),N_A,W,2023,2022,SOR8,0,2023-03-31,INR,15878244760000
RBI:RMS_W_RN(1.0),N_A,W,2023,2022,SOR7,0,2023-03-31,INR,302854765400
RBI:RMS_W_RN(1.0),N_A,W,2023,2022,SOR4,0,2023-03-31,INR,-1209916600000
RBI:RMS_W_RN(1.0),N_A,W,2023,2022,SOR5,0,2023-03-31,INR,265489600000
RBI:RMS_W_RN(1.0),N_A,W,2023,2022,SOR6,0,2023-03-31,INR,45876150070000
RBI:RMS_W_RN(1.0),N_A,W,2023,2022,SOR1,0,2023-03-31,INR,14511255500000
RBI:RMS_W_RN(1.0),N_A,W,2023,2022,SOR5,0,2023-03-24,INR,203961000000
RBI:RMS_W_RN(1.0),N_A,W,2023,2022,SOR6,0,2023-03-24,INR,46069387890000
RBI:RMS_W_RN(1.0),N_A,W,2023,2022,SOR1,0,2023-03-24,INR,12016508799999.998
RBI:RMS_W_RN(1.0),N_A,W,2023,2022,SOR8,0,2023-03-24,INR,16126186180000
RBI:RMS_W_RN(1.0),N_A,W,2023,2022,SOR7,0,2023-03-24,INR,300066805500
RBI:RMS_W_RN(1.0),N_A,W,2023,2022,SOR4,0,2023-03-24,INR,671677000000
RBI:RMS_W_RN(1.0),N_A,W,2023,2022,SOR8,0,2023-03-17,INR,15604066030000
RBI:RMS_W_RN(1.0),N_A,W,2023,2022,SOR6,0,2023-03-17,INR,45625127940000
RBI:RMS_W_RN(1.0),N_A,W,2023,2022,SOR1,0,2023-03-17,INR,11654415200000
RBI:RMS_W_RN(1.0),N_A,W,2023,2022,SOR4,0,2023-03-17,INR,1126187000000
RBI:RMS_W_RN(1.0),N_A,W,2023,2022,SOR7,0,2023-03-17,INR,300066805500
RBI:RMS_W_RN(1.0),N_A,W,2023,2022,SOR5,0,2023-03-17,INR,209327500000
RBI:RMS_W_RN(1.0),N_A,W,2023,2022,SOR6,0,2023-03-10,INR,44303171730000
RBI:RMS_W_RN(1.0),N_A,W,2023,2022,SOR5,0,2023-03-10,INR,187194100000
RBI:RMS_W_RN(1.0),N_A,W,2023,2022,SOR7,0,2023-03-10,INR,300066805500
RBI:RMS_W_RN(1.0),N_A,W,2023,2022,SOR4,0,2023-03-10,INR,-135693000000
RBI:RMS_W_RN(1.0),N_A,W,2023,2022,SOR8,0,2023-03-10,INR,14507637920000
RBI:RMS_W_RN(1.0),N_A,W,2023,2022,SOR1,0,2023-03-10,INR,12913006000000
RBI:RMS_W_RN(1.0),N_A,W,2023,2022,SOR8,0,2023-03-03,INR,14426181020000
RBI:RMS_W_RN(1.0),N_A,W,2023,2022,SOR7,0,2023-03-03,INR,300066805500
RBI:RMS_W_RN(1.0),N_A,W,2023,2022,SOR6,0,2023-03-03,INR,44470247930000
RBI:RMS_W_RN(1.0),N_A,W,2023,2022,SOR5,0,2023-03-03,INR,144414100000
RBI:RMS_W_RN(1.0),N_A,W,2023,2022,SOR4,0,2023-03-03,INR,-660723000000
RBI:RMS_W_RN(1.0),N_A,W,2023,2022,SOR1,0,2023-03-03,INR,13228802500000
RBI:RMS_W_RN(1.0),N_A,W,2023,2022,SOR8,0,2023-02-24,INR,14966593470000
RBI:RMS_W_RN(1.0),N_A,W,2023,2022,SOR4,0,2023-02-24,INR,115926600000
RBI:RMS_W_RN(1.0),N_A,W,2023,2022,SOR7,0,2023-02-24,INR,300066805500
RBI:RMS_W_RN(1.0),N_A,W,2023,2022,SOR5,0,2023-02-24,INR,125294100000
RBI:RMS_W_RN(1.0),N_A,W,2023,2022,SOR1,0,2023-02-24,INR,12165247500000
RBI:RMS_W_RN(1.0),N_A,W,2023,2022,SOR6,0,2023-02-24,INR,44765632970000
RBI:RMS_W_RN(1.0),N_A,W,2023,2022,SOR4,0,2023-02-17,INR,184926600000
RBI:RMS_W_RN(1.0),N_A,W,2023,2022,SOR5,0,2023-02-17,INR,115410700000
RBI:RMS_W_RN(1.0),N_A,W,2023,2022,SOR1,0,2023-02-17,INR,12487540600000
RBI:RMS_W_RN(1.0),N_A,W,2023,2022,SOR8,0,2023-02-17,INR,15058197210000
RBI:RMS_W_RN(1.0),N_A,W,2023,2022,SOR7,0,2023-02-17,INR,297905317000
RBI:RMS_W_RN(1.0),N_A,W,2023,2022,SOR6,0,2023-02-17,INR,44832288920000
RBI:RMS_W_RN(1.0),N_A,W,2023,2022,SOR4,0,2023-02-10,INR,158006600000
RBI:RMS_W_RN(1.0),N_A,W,2023,2022,SOR1,0,2023-02-10,INR,12167267600000
RBI:RMS_W_RN(1.0),N_A,W,2023,2022,SOR8,0,2023-02-10,INR,15354875710000
RBI:RMS_W_RN(1.0),N_A,W,2023,2022,SOR7,0,2023-02-10,INR,297905317000
RBI:RMS_W_RN(1.0),N_A,W,2023,2022,SOR5,0,2023-02-10,INR,118503400000
RBI:RMS_W_RN(1.0),N_A,W,2023,2022,SOR6,0,2023-02-10,INR,45119021810000
RBI:RMS_W_RN(1.0),N_A,W,2023,2022,SOR1,0,2023-02-03,INR,12863709700000
RBI:RMS_W_RN(1.0),N_A,W,2023,2022,SOR4,0,2023-02-03,INR,-411243399999.99994
RBI:RMS_W_RN(1.0),N_A,W,2023,2022,SOR6,0,2023-02-03,INR,45429350380000
RBI:RMS_W_RN(1.0),N_A,W,2023,2022,SOR8,0,2023-02-03,INR,15740087850000
RBI:RMS_W_RN(1.0),N_A,W,2023,2022,SOR7,0,2023-02-03,INR,297905317000
RBI:RMS_W_RN(1.0),N_A,W,2023,2022,SOR5,0,2023-02-03,INR,110740700000
RBI:RMS_W_RN(1.0),N_A,W,2023,2022,SOR1,0,2023-01-27,INR,11627287500000
RBI:RMS_W_RN(1.0),N_A,W,2023,2022,SOR8,0,2023-01-27,INR,15317177760000
RBI:RMS_W_RN(1.0),N_A,W,2023,2022,SOR7,0,2023-01-27,INR,297905317000
RBI:RMS_W_RN(1.0),N_A,W,2023,2022,SOR6,0,2023-01-27,INR,45372730100000
RBI:RMS_W_RN(1.0),N_A,W,2023,2022,SOR5,0,2023-01-27,INR,112234500000
RBI:RMS_W_RN(1.0),N_A,W,2023,2022,SOR4,0,2023-01-27,INR,172608500000
RBI:RMS_W_RN(1.0),N_A,W,2023,2022,SOR8,0,2023-01-20,INR,15052103530000
RBI:RMS_W_RN(1.0),N_A,W,2023,2022,SOR1,0,2023-01-20,INR,12304977500000
RBI:RMS_W_RN(1.0),N_A,W,2023,2022,SOR6,0,2023-01-20,INR,44912215970000
RBI:RMS_W_RN(1.0),N_A,W,2023,2022,SOR4,0,2023-01-20,INR,99298500000
RBI:RMS_W_RN(1.0),N_A,W,2023,2022,SOR7,0,2023-01-20,INR,296004962400
RBI:RMS_W_RN(1.0),N_A,W,2023,2022,SOR5,0,2023-01-20,INR,55297400000
RBI:RMS_W_RN(1.0),N_A,W,2023,2022,SOR6,0,2023-01-13,INR,44895417600000
RBI:RMS_W_RN(1.0),N_A,W,2023,2022,SOR1,0,2023-01-13,INR,12539315200000
RBI:RMS_W_RN(1.0),N_A,W,2023,2022,SOR7,0,2023-01-13,INR,296004962400
RBI:RMS_W_RN(1.0),N_A,W,2023,2022,SOR4,0,2023-01-13,INR,-710231500000
RBI:RMS_W_RN(1.0),N_A,W,2023,2022,SOR8,0,2023-01-13,INR,15032702870000
RBI:RMS_W_RN(1.0),N_A,W,2023,2022,SOR5,0,2023-01-13,INR,37241900000
RBI:RMS_W_RN(1.0),N_A,W,2023,2022,SOR5,0,2023-01-06,INR,181883000000
RBI:RMS_W_RN(1.0),N_A,W,2023,2022,SOR4,0,2023-01-06,INR,-761231500000
RBI:RMS_W_RN(1.0),N_A,W,2023,2022,SOR8,0,2023-01-06,INR,14844786380000
RBI:RMS_W_RN(1.0),N_A,W,2023,2022,SOR1,0,2023-01-06,INR,12373202200000
RBI:RMS_W_RN(1.0),N_A,W,2023,2022,SOR7,0,2023-01-06,INR,296004962400
RBI:RMS_W_RN(1.0),N_A,W,2023,2022,SOR6,0,2023-01-06,INR,44809254520000
RBI:RMS_W_RN(1.0),N_A,W,2023,2022,SOR7,0,2022-12-30,INR,296004962400
RBI:RMS_W_RN(1.0),N_A,W,2023,2022,SOR5,0,2022-12-30,INR,198521500000
RBI:RMS_W_RN(1.0),N_A,W,2023,2022,SOR4,0,2022-12-30,INR,-203910000000
RBI:RMS_W_RN(1.0),N_A,W,2023,2022,SOR6,0,2022-12-30,INR,44910935840000
RBI:RMS_W_RN(1.0),N_A,W,2023,2022,SOR8,0,2022-12-30,INR,14950473100000
RBI:RMS_W_RN(1.0),N_A,W,2023,2022,SOR1,0,2022-12-30,INR,11702533600000.002
RBI:RMS_W_RN(1.0),N_A,W,2023,2022,SOR4,0,2022-12-23,INR,215435300000
RBI:RMS_W_RN(1.0),N_A,W,2023,2022,SOR5,0,2022-12-23,INR,198492300000
RBI:RMS_W_RN(1.0),N_A,W,2023,2022,SOR8,0,2022-12-23,INR,14996941700000
RBI:RMS_W_RN(1.0),N_A,W,2023,2022,SOR6,0,2022-12-23,INR,44974890440000
RBI:RMS_W_RN(1.0),N_A,W,2023,2022,SOR1,0,2022-12-23,INR,11063852300000
RBI:RMS_W_RN(1.0),N_A,W,2023,2022,SOR7,0,2022-12-23,INR,293838958500
RBI:RMS_W_RN(1.0),N_A,W,2023,2022,SOR8,0,2022-12-16,INR,15112722800000
RBI:RMS_W_RN(1.0),N_A,W,2023,2022,SOR6,0,2022-12-16,INR,45059677110000
RBI:RMS_W_RN(1.0),N_A,W,2023,2022,SOR4,0,2022-12-16,INR,362698800000
RBI:RMS_W_RN(1.0),N_A,W,2023,2022,SOR7,0,2022-12-16,INR,293838958500
RBI:RMS_W_RN(1.0),N_A,W,2023,2022,SOR1,0,2022-12-16,INR,10979570200000
RBI:RMS_W_RN(1.0),N_A,W,2023,2022,SOR5,0,2022-12-16,INR,142820200000
RBI:RMS_W_RN(1.0),N_A,W,2023,2022,SOR6,0,2022-12-09,INR,44791564610000
RBI:RMS_W_RN(1.0),N_A,W,2023,2022,SOR1,0,2022-12-09,INR,12641717300000
RBI:RMS_W_RN(1.0),N_A,W,2023,2022,SOR7,0,2022-12-09,INR,293838958500
RBI:RMS_W_RN(1.0),N_A,W,2023,2022,SOR4,0,2022-12-09,INR,-1559131200000
RBI:RMS_W_RN(1.0),N_A,W,2023,2022,SOR5,0,2022-12-09,INR,106938600000
RBI:RMS_W_RN(1.0),N_A,W,2023,2022,SOR8,0,2022-12-09,INR,14834695300000
RBI:RMS_W_RN(1.0),N_A,W,2023,2022,SOR1,0,2022-12-02,INR,13184971500000
RBI:RMS_W_RN(1.0),N_A,W,2023,2022,SOR5,0,2022-12-02,INR,197994700000
RBI:RMS_W_RN(1.0),N_A,W,2023,2022,SOR7,0,2022-12-02,INR,293838958500
RBI:RMS_W_RN(1.0),N_A,W,2023,2022,SOR8,0,2022-12-02,INR,14391960000000
RBI:RMS_W_RN(1.0),N_A,W,2023,2022,SOR4,0,2022-12-02,INR,-1821571200000
RBI:RMS_W_RN(1.0),N_A,W,2023,2022,SOR6,0,2022-12-02,INR,44038840210000
RBI:RMS_W_RN(1.0),N_A,W,2023,2022,SOR1,0,2022-11-25,INR,11945603700000.002
RBI:RMS_W_RN(1.0),N_A,W,2023,2022,SOR6,0,2022-11-25,INR,43364871110000
RBI:RMS_W_RN(1.0),N_A,W,2023,2022,SOR4,0,2022-11-25,INR,-300776600000
RBI:RMS_W_RN(1.0),N_A,W,2023,2022,SOR5,0,2022-11-25,INR,202182700000
RBI:RMS_W_RN(1.0),N_A,W,2023,2022,SOR7,0,2022-11-25,INR,293838958500
RBI:RMS_W_RN(1.0),N_A,W,2023,2022,SOR8,0,2022-11-25,INR,14036343900000
RBI:RMS_W_RN(1.0),N_A,W,2023,2022,SOR1,0,2022-11-18,INR,12260470200000
RBI:RMS_W_RN(1.0),N_A,W,2023,2022,SOR5,0,2022-11-18,INR,146611100000
RBI:RMS_W_RN(1.0),N_A,W,2023,2022,SOR6,0,2022-11-18,INR,43162107710000
RBI:RMS_W_RN(1.0),N_A,W,2023,2022,SOR4,0,2022-11-18,INR,-455196600000.00006
RBI:RMS_W_RN(1.0),N_A,W,2023,2022,SOR7,0,2022-11-18,INR,292117194700
RBI:RMS_W_RN(1.0),N_A,W,2023,2022,SOR8,0,2022-11-18,INR,13815454700000
RBI:RMS_W_RN(1.0),N_A,W,2023,2022,SOR8,0,2022-11-11,INR,13117278700000
RBI:RMS_W_RN(1.0),N_A,W,2023,2022,SOR1,0,2022-11-11,INR,12259277000000
RBI:RMS_W_RN(1.0),N_A,W,2023,2022,SOR6,0,2022-11-11,INR,42465212200000
RBI:RMS_W_RN(1.0),N_A,W,2023,2022,SOR5,0,2022-11-11,INR,147451100000
RBI:RMS_W_RN(1.0),N_A,W,2023,2022,SOR7,0,2022-11-11,INR,292117194700
RBI:RMS_W_RN(1.0),N_A,W,2023,2022,SOR4,0,2022-11-11,INR,-709456000000
RBI:RMS_W_RN(1.0),N_A,W,2023,2022,SOR6,0,2022-11-04,INR,42139719300000
RBI:RMS_W_RN(1.0),N_A,W,2023,2022,SOR5,0,2022-11-04,INR,126781300000
RBI:RMS_W_RN(1.0),N_A,W,2023,2022,SOR1,0,2022-11-04,INR,12269857300000
RBI:RMS_W_RN(1.0),N_A,W,2023,2022,SOR7,0,2022-11-04,INR,292117194700
RBI:RMS_W_RN(1.0),N_A,W,2023,2022,SOR8,0,2022-11-04,INR,12660663800000
RBI:RMS_W_RN(1.0),N_A,W,2023,2022,SOR4,0,2022-11-04,INR,-763496000000
RBI:RMS_W_RN(1.0),N_A,W,2023,2022,SOR7,0,2022-10-28,INR,292117194700
RBI:RMS_W_RN(1.0),N_A,W,2023,2022,SOR8,0,2022-10-28,INR,13128625300000
RBI:RMS_W_RN(1.0),N_A,W,2023,2022,SOR6,0,2022-10-28,INR,42214654100000
RBI:RMS_W_RN(1.0),N_A,W,2023,2022,SOR5,0,2022-10-28,INR,196291100000
RBI:RMS_W_RN(1.0),N_A,W,2023,2022,SOR1,0,2022-10-28,INR,11072203600000.002
RBI:RMS_W_RN(1.0),N_A,W,2023,2022,SOR4,0,2022-10-28,INR,542100199999.99994
RBI:RMS_W_RN(1.0),N_A,W,2023,2022,SOR8,0,2022-10-21,INR,12435939500000
RBI:RMS_W_RN(1.0),N_A,W,2023,2022,SOR1,0,2022-10-21,INR,10915476100000.002
RBI:RMS_W_RN(1.0),N_A,W,2023,2022,SOR4,0,2022-10-21,INR,637280200000
RBI:RMS_W_RN(1.0),N_A,W,2023,2022,SOR5,0,2022-10-21,INR,189542800000
RBI:RMS_W_RN(1.0),N_A,W,2023,2022,SOR7,0,2022-10-21,INR,290034982700
RBI:RMS_W_RN(1.0),N_A,W,2023,2022,SOR6,0,2022-10-21,INR,41791250600000
RBI:RMS_W_RN(1.0),N_A,W,2023,2022,SOR5,0,2022-10-14,INR,190042800000
RBI:RMS_W_RN(1.0),N_A,W,2023,2022,SOR1,0,2022-10-14,INR,11234221500000
RBI:RMS_W_RN(1.0),N_A,W,2023,2022,SOR8,0,2022-10-14,INR,12558035000000
RBI:RMS_W_RN(1.0),N_A,W,2023,2022,SOR6,0,2022-10-14,INR,41931963000000
RBI:RMS_W_RN(1.0),N_A,W,2023,2022,SOR7,0,2022-10-14,INR,290034982700
RBI:RMS_W_RN(1.0),N_A,W,2023,2022,SOR4,0,2022-10-14,INR,7750200000
RBI:RMS_W_RN(1.0),N_A,W,2023,2022,SOR1,0,2022-10-07,INR,11533437800000
RBI:RMS_W_RN(1.0),N_A,W,2023,2022,SOR6,0,2022-10-07,INR,42269485600000
RBI:RMS_W_RN(1.0),N_A,W,2023,2022,SOR4,0,2022-10-07,INR,-491439800000.00006
RBI:RMS_W_RN(1.0),N_A,W,2023,2022,SOR8,0,2022-10-07,INR,12826528500000
RBI:RMS_W_RN(1.0),N_A,W,2023,2022,SOR7,0,2022-10-07,INR,290034982700
RBI:RMS_W_RN(1.0),N_A,W,2023,2022,SOR5,0,2022-10-07,INR,184770100000
RBI:RMS_W_RN(1.0),N_A,W,2023,2022,SOR6,0,2022-09-30,INR,41768098600000
RBI:RMS_W_RN(1.0),N_A,W,2023,2022,SOR5,0,2022-09-30,INR,188916100000
RBI:RMS_W_RN(1.0),N_A,W,2023,2022,SOR7,0,2022-09-30,INR,290034982700
RBI:RMS_W_RN(1.0),N_A,W,2023,2022,SOR8,0,2022-09-30,INR,12323609100000
RBI:RMS_W_RN(1.0),N_A,W,2023,2022,SOR1,0,2022-09-30,INR,11794951399999.9
RBI:RMS_W_RN(1.0),N_A,W,2023,2022,SOR4,0,2022-09-30,INR,-419274300000
RBI:RMS_W_RN(1.0),N_A,W,2023,2022,SOR6,0,2022-09-23,INR,41967398600000
RBI:RMS_W_RN(1.0),N_A,W,2023,2022,SOR5,0,2022-09-23,INR,296384000000
RBI:RMS_W_RN(1.0),N_A,W,2023,2022,SOR4,0,2022-09-23,INR,-370254100000.00006
RBI:RMS_W_RN(1.0),N_A,W,2023,2022,SOR7,0,2022-09-23,INR,287911263100
RBI:RMS_W_RN(1.0),N_A,W,2023,2022,SOR8,0,2022-09-23,INR,12265233000000
RBI:RMS_W_RN(1.0),N_A,W,2023,2022,SOR1,0,2022-09-23,INR,10605472400000
RBI:RMS_W_RN(1.0),N_A,W,2023,2022,SOR1,0,2022-09-16,INR,10527405400000
RBI:RMS_W_RN(1.0),N_A,W,2023,2022,SOR4,0,2022-09-16,INR,-266534100000
RBI:RMS_W_RN(1.0),N_A,W,2023,2022,SOR6,0,2022-09-16,INR,41961747300000
RBI:RMS_W_RN(1.0),N_A,W,2023,2022,SOR5,0,2022-09-16,INR,332417600000
RBI:RMS_W_RN(1.0),N_A,W,2023,2022,SOR8,0,2022-09-16,INR,12164113800000
RBI:RMS_W_RN(1.0),N_A,W,2023,2022,SOR7,0,2022-09-16,INR,287911263100
RBI:RMS_W_RN(1.0),N_A,W,2023,2022,SOR1,0,2022-09-09,INR,11797660100000
RBI:RMS_W_RN(1.0),N_A,W,2023,2022,SOR7,0,2022-09-09,INR,287911263100
RBI:RMS_W_RN(1.0),N_A,W,2023,2022,SOR8,0,2022-09-09,INR,12579847300000
RBI:RMS_W_RN(1.0),N_A,W,2023,2022,SOR6,0,2022-09-09,INR,42292424800000
RBI:RMS_W_RN(1.0),N_A,W,2023,2022,SOR4,0,2022-09-09,INR,-1199734100000
RBI:RMS_W_RN(1.0),N_A,W,2023,2022,SOR5,0,2022-09-09,INR,298972500000
RBI:RMS_W_RN(1.0),N_A,W,2023,2022,SOR5,0,2022-09-02,INR,297712500000
RBI:RMS_W_RN(1.0),N_A,W,2023,2022,SOR4,0,2022-09-02,INR,-1953284100000
RBI:RMS_W_RN(1.0),N_A,W,2023,2022,SOR8,0,2022-09-02,INR,12581606700000
RBI:RMS_W_RN(1.0),N_A,W,2023,2022,SOR7,0,2022-09-02,INR,287911263100
RBI:RMS_W_RN(1.0),N_A,W,2023,2022,SOR6,0,2022-09-02,INR,42574398900000
RBI:RMS_W_RN(1.0),N_A,W,2023,2022,SOR1,0,2022-09-02,INR,12363326700000
RBI:RMS_W_RN(1.0),N_A,W,2023,2022,SOR5,0,2022-08-26,INR,329687000000
RBI:RMS_W_RN(1.0),N_A,W,2023,2022,SOR6,0,2022-08-26,INR,43236622500000
RBI:RMS_W_RN(1.0),N_A,W,2023,2022,SOR4,0,2022-08-26,INR,-1198956500000
RBI:RMS_W_RN(1.0),N_A,W,2023,2022,SOR7,0,2022-08-26,INR,287911263100
RBI:RMS_W_RN(1.0),N_A,W,2023,2022,SOR1,0,2022-08-26,INR,11034843400000
RBI:RMS_W_RN(1.0),N_A,W,2023,2022,SOR8,0,2022-08-26,INR,13094295800000
RBI:RMS_W_RN(1.0),N_A,W,2023,2022,SOR1,0,2022-08-19,INR,11202600300000
RBI:RMS_W_RN(1.0),N_A,W,2023,2022,SOR4,0,2022-08-19,INR,-872726500000
RBI:RMS_W_RN(1.0),N_A,W,2023,2022,SOR8,0,2022-08-19,INR,13132461200000
RBI:RMS_W_RN(1.0),N_A,W,2023,2022,SOR5,0,2022-08-19,INR,332136900000
RBI:RMS_W_RN(1.0),N_A,W,2023,2022,SOR6,0,2022-08-19,INR,43422272100000
RBI:RMS_W_RN(1.0),N_A,W,2023,2022,SOR7,0,2022-08-19,INR,286111491000
RBI:RMS_W_RN(1.0),N_A,W,2023,2022,SOR5,0,2022-08-12,INR,258097000000
RBI:RMS_W_RN(1.0),N_A,W,2023,2022,SOR1,0,2022-08-12,INR,11401137200000
RBI:RMS_W_RN(1.0),N_A,W,2023,2022,SOR8,0,2022-08-12,INR,13537283200000
RBI:RMS_W_RN(1.0),N_A,W,2023,2022,SOR7,0,2022-08-12,INR,286111491000
RBI:RMS_W_RN(1.0),N_A,W,2023,2022,SOR4,0,2022-08-12,INR,-906426500000
RBI:RMS_W_RN(1.0),N_A,W,2023,2022,SOR6,0,2022-08-12,INR,43877293700000
RBI:RMS_W_RN(1.0),N_A,W,2023,2022,SOR8,0,2022-08-05,INR,13363479500000
RBI:RMS_W_RN(1.0),N_A,W,2023,2022,SOR7,0,2022-08-05,INR,286111491000
RBI:RMS_W_RN(1.0),N_A,W,2023,2022,SOR4,0,2022-08-05,INR,-1941626500000
RBI:RMS_W_RN(1.0),N_A,W,2023,2022,SOR1,0,2022-08-05,INR,11930427600000
RBI:RMS_W_RN(1.0),N_A,W,2023,2022,SOR5,0,2022-08-05,INR,336465400000
RBI:RMS_W_RN(1.0),N_A,W,2023,2022,SOR6,0,2022-08-05,INR,43859998200000
RBI:RMS_W_RN(1.0),N_A,W,2023,2022,SOR4,0,2022-07-29,INR,-883889400000
RBI:RMS_W_RN(1.0),N_A,W,2023,2022,SOR8,0,2022-07-29,INR,13328849700000
RBI:RMS_W_RN(1.0),N_A,W,2023,2022,SOR5,0,2022-07-29,INR,347063700000
RBI:RMS_W_RN(1.0),N_A,W,2023,2022,SOR6,0,2022-07-29,INR,43934360700000
RBI:RMS_W_RN(1.0),N_A,W,2023,2022,SOR7,0,2022-07-29,INR,286111491000
RBI:RMS_W_RN(1.0),N_A,W,2023,2022,SOR1,0,2022-07-29,INR,10985235100000
RBI:RMS_W_RN(1.0),N_A,W,2023,2022,SOR8,0,2022-07-22,INR,13179585800000
RBI:RMS_W_RN(1.0),N_A,W,2023,2022,SOR7,0,2022-07-22,INR,284510907500
RBI:RMS_W_RN(1.0),N_A,W,2023,2022,SOR6,0,2022-07-22,INR,44117910400000
RBI:RMS_W_RN(1.0),N_A,W,2023,2022,SOR1,0,2022-07-22,INR,10529604000000
RBI:RMS_W_RN(1.0),N_A,W,2023,2022,SOR5,0,2022-07-22,INR,338847800000
RBI:RMS_W_RN(1.0),N_A,W,2023,2022,SOR4,0,2022-07-22,INR,-1393945300000
RBI:RMS_W_RN(1.0),N_A,W,2023,2022,SOR4,0,2022-07-15,INR,-2041805300000
RBI:RMS_W_RN(1.0),N_A,W,2023,2022,SOR7,0,2022-07-15,INR,284510907500
RBI:RMS_W_RN(1.0),N_A,W,2023,2022,SOR1,0,2022-07-15,INR,11309361399999.998
RBI:RMS_W_RN(1.0),N_A,W,2023,2022,SOR5,0,2022-07-15,INR,330793300000
RBI:RMS_W_RN(1.0),N_A,W,2023,2022,SOR6,0,2022-07-15,INR,44191544400000
RBI:RMS_W_RN(1.0),N_A,W,2023,2022,SOR8,0,2022-07-15,INR,12829271700000
RBI:RMS_W_RN(1.0),N_A,W,2023,2022,SOR6,0,2022-07-08,INR,44444994400000
RBI:RMS_W_RN(1.0),N_A,W,2023,2022,SOR5,0,2022-07-08,INR,330913200000
RBI:RMS_W_RN(1.0),N_A,W,2023,2022,SOR4,0,2022-07-08,INR,-2653775300000.0005
RBI:RMS_W_RN(1.0),N_A,W,2023,2022,SOR7,0,2022-07-08,INR,284510907500
RBI:RMS_W_RN(1.0),N_A,W,2023,2022,SOR1,0,2022-07-08,INR,11266872100000
RBI:RMS_W_RN(1.0),N_A,W,2023,2022,SOR8,0,2022-07-08,INR,12725691200000
RBI:RMS_W_RN(1.0),N_A,W,2023,2022,SOR4,0,2022-07-01,INR,-2990903600000
RBI:RMS_W_RN(1.0),N_A,W,2023,2022,SOR6,0,2022-07-01,INR,44878136600000
RBI:RMS_W_RN(1.0),N_A,W,2023,2022,SOR8,0,2022-07-01,INR,12811155100000
RBI:RMS_W_RN(1.0),N_A,W,2023,2022,SOR1,0,2022-07-01,INR,11427286800000
RBI:RMS_W_RN(1.0),N_A,W,2023,2022,SOR7,0,2022-07-01,INR,284510907500
RBI:RMS_W_RN(1.0),N_A,W,2023,2022,SOR5,0,2022-07-01,INR,330913300000
RBI:RMS_W_RN(1.0),N_A,W,2023,2022,SOR6,0,2022-06-24,INR,44930974940000
RBI:RMS_W_RN(1.0),N_A,W,2023,2022,SOR4,0,2022-06-24,INR,-2225434600000
RBI:RMS_W_RN(1.0),N_A,W,2023,2022,SOR1,0,2022-06-24,INR,10285903000000
RBI:RMS_W_RN(1.0),N_A,W,2023,2022,SOR5,0,2022-06-24,INR,325809100000
RBI:RMS_W_RN(1.0),N_A,W,2023,2022,SOR7,0,2022-06-24,INR,284510907500
RBI:RMS_W_RN(1.0),N_A,W,2023,2022,SOR8,0,2022-06-24,INR,12561514200000
RBI:RMS_W_RN(1.0),N_A,W,2023,2022,SOR1,0,2022-06-17,INR,10818050200000
RBI:RMS_W_RN(1.0),N_A,W,2023,2022,SOR6,0,2022-06-17,INR,44579663240000
RBI:RMS_W_RN(1.0),N_A,W,2023,2022,SOR4,0,2022-06-17,INR,-2473636100000
RBI:RMS_W_RN(1.0),N_A,W,2023,2022,SOR7,0,2022-06-17,INR,282928519100
RBI:RMS_W_RN(1.0),N_A,W,2023,2022,SOR8,0,2022-06-17,INR,12125558700000
RBI:RMS_W_RN(1.0),N_A,W,2023,2022,SOR5,0,2022-06-17,INR,290809100000
RBI:RMS_W_RN(1.0),N_A,W,2023,2022,SOR1,0,2022-06-10,INR,11766800700000
RBI:RMS_W_RN(1.0),N_A,W,2023,2022,SOR4,0,2022-06-10,INR,-3736146000000
RBI:RMS_W_RN(1.0),N_A,W,2023,2022,SOR7,0,2022-06-10,INR,282928519100
RBI:RMS_W_RN(1.0),N_A,W,2023,2022,SOR6,0,2022-06-10,INR,44892177640000
RBI:RMS_W_RN(1.0),N_A,W,2023,2022,SOR5,0,2022-06-10,INR,291576400000
RBI:RMS_W_RN(1.0),N_A,W,2023,2022,SOR8,0,2022-06-10,INR,12441457100000
RBI:RMS_W_RN(1.0),N_A,W,2023,2022,SOR8,0,2022-06-03,INR,12683756500000
RBI:RMS_W_RN(1.0),N_A,W,2023,2022,SOR7,0,2022-06-03,INR,282928519100
RBI:RMS_W_RN(1.0),N_A,W,2023,2022,SOR6,0,2022-06-03,INR,45091688440000
RBI:RMS_W_RN(1.0),N_A,W,2023,2022,SOR1,0,2022-06-03,INR,11928299000000
RBI:RMS_W_RN(1.0),N_A,W,2023,2022,SOR5,0,2022-06-03,INR,206126400000
RBI:RMS_W_RN(1.0),N_A,W,2023,2022,SOR4,0,2022-06-03,INR,-3498446000000
RBI:RMS_W_RN(1.0),N_A,W,2023,2022,SOR1,0,2022-05-27,INR,11281411100000.002
RBI:RMS_W_RN(1.0),N_A,W,2023,2022,SOR7,0,2022-05-27,INR,282928519100
RBI:RMS_W_RN(1.0),N_A,W,2023,2022,SOR5,0,2022-05-27,INR,152745300000
RBI:RMS_W_RN(1.0),N_A,W,2023,2022,SOR8,0,2022-05-27,INR,12805829900000
RBI:RMS_W_RN(1.0),N_A,W,2023,2022,SOR4,0,2022-05-27,INR,-3091213600000
RBI:RMS_W_RN(1.0),N_A,W,2023,2022,SOR6,0,2022-05-27,INR,45101376140000
RBI:RMS_W_RN(1.0),N_A,W,2023,2022,SOR4,0,2022-05-20,INR,-3268243600000
RBI:RMS_W_RN(1.0),N_A,W,2023,2022,SOR8,0,2022-05-20,INR,12530403200000
RBI:RMS_W_RN(1.0),N_A,W,2023,2022,SOR7,0,2022-05-20,INR,281599225300
RBI:RMS_W_RN(1.0),N_A,W,2023,2022,SOR5,0,2022-05-20,INR,152745300000
RBI:RMS_W_RN(1.0),N_A,W,2023,2022,SOR1,0,2022-05-20,INR,11963245000000
RBI:RMS_W_RN(1.0),N_A,W,2023,2022,SOR6,0,2022-05-20,INR,44834333440000
RBI:RMS_W_RN(1.0),N_A,W,2023,2022,SOR4,0,2022-05-13,INR,-4923333600000
RBI:RMS_W_RN(1.0),N_A,W,2023,2022,SOR8,0,2022-05-13,INR,12456756500000
RBI:RMS_W_RN(1.0),N_A,W,2023,2022,SOR5,0,2022-05-13,INR,151165300000
RBI:RMS_W_RN(1.0),N_A,W,2023,2022,SOR7,0,2022-05-13,INR,281599225300
RBI:RMS_W_RN(1.0),N_A,W,2023,2022,SOR1,0,2022-05-13,INR,13036761100000.002
RBI:RMS_W_RN(1.0),N_A,W,2023,2022,SOR6,0,2022-05-13,INR,44432129540000
RBI:RMS_W_RN(1.0),N_A,W,2023,2022,SOR7,0,2022-05-06,INR,281599225300
RBI:RMS_W_RN(1.0),N_A,W,2023,2022,SOR4,0,2022-05-06,INR,-4684493600000
RBI:RMS_W_RN(1.0),N_A,W,2023,2022,SOR6,0,2022-05-06,INR,44283625850000
RBI:RMS_W_RN(1.0),N_A,W,2023,2022,SOR8,0,2022-05-06,INR,12212253800000
RBI:RMS_W_RN(1.0),N_A,W,2023,2022,SOR5,0,2022-05-06,INR,77745300000
RBI:RMS_W_RN(1.0),N_A,W,2023,2022,SOR1,0,2022-05-06,INR,12702754100000
RBI:RMS_W_RN(1.0),N_A,W,2023,2022,SOR5,0,2022-04-29,INR,85617300000
RBI:RMS_W_RN(1.0),N_A,W,2023,2022,SOR1,0,2022-04-29,INR,13388165900000
RBI:RMS_W_RN(1.0),N_A,W,2023,2022,SOR4,0,2022-04-29,INR,-4954009000000
RBI:RMS_W_RN(1.0),N_A,W,2023,2022,SOR6,0,2022-04-29,INR,44157305950000
RBI:RMS_W_RN(1.0),N_A,W,2023,2022,SOR8,0,2022-04-29,INR,12366271800000
RBI:RMS_W_RN(1.0),N_A,W,2023,2022,SOR7,0,2022-04-29,INR,281599225300
RBI:RMS_W_RN(1.0),N_A,W,2023,2022,SOR6,0,2022-04-22,INR,44367059150000
RBI:RMS_W_RN(1.0),N_A,W,2023,2022,SOR7,0,2022-04-22,INR,280129777400
RBI:RMS_W_RN(1.0),N_A,W,2023,2022,SOR5,0,2022-04-22,INR,106471900000
RBI:RMS_W_RN(1.0),N_A,W,2023,2022,SOR1,0,2022-04-22,INR,13437614400000
RBI:RMS_W_RN(1.0),N_A,W,2023,2022,SOR8,0,2022-04-22,INR,12656581500000
RBI:RMS_W_RN(1.0),N_A,W,2023,2022,SOR4,0,2022-04-22,INR,-5511579000000
RBI:RMS_W_RN(1.0),N_A,W,2023,2022,SOR6,0,2022-04-15,INR,44430242150000
RBI:RMS_W_RN(1.0),N_A,W,2023,2022,SOR7,0,2022-04-15,INR,280129777400
RBI:RMS_W_RN(1.0),N_A,W,2023,2022,SOR4,0,2022-04-15,INR,-6939379000000
RBI:RMS_W_RN(1.0),N_A,W,2023,2022,SOR8,0,2022-04-15,INR,12736980400000
RBI:RMS_W_RN(1.0),N_A,W,2023,2022,SOR1,0,2022-04-15,INR,14995984300000
RBI:RMS_W_RN(1.0),N_A,W,2023,2022,SOR5,0,2022-04-15,INR,137659400000
RBI:RMS_W_RN(1.0),N_A,W,2023,2022,SOR5,0,2022-04-08,INR,137659400000
RBI:RMS_W_RN(1.0),N_A,W,2023,2022,SOR4,0,2022-04-08,INR,-7045419000000
RBI:RMS_W_RN(1.0),N_A,W,2023,2022,SOR7,0,2022-04-08,INR,280129777400
RBI:RMS_W_RN(1.0),N_A,W,2023,2022,SOR6,0,2022-04-08,INR,44286794450000
RBI:RMS_W_RN(1.0),N_A,W,2023,2022,SOR1,0,2022-04-08,INR,14617627600000
RBI:RMS_W_RN(1.0),N_A,W,2023,2022,SOR8,0,2022-04-08,INR,12689604200000
RBI:RMS_W_RN(1.0),N_A,W,2023,2022,SOR8,0,2022-04-01,INR,13022302400000
RBI:RMS_W_RN(1.0),N_A,W,2023,2022,SOR5,0,2022-04-01,INR,165705400000
RBI:RMS_W_RN(1.0),N_A,W,2023,2022,SOR1,0,2022-04-01,INR,14596988899999.998
RBI:RMS_W_RN(1.0),N_A,W,2023,2022,SOR7,0,2022-04-01,INR,280129777400
RBI:RMS_W_RN(1.0),N_A,W,2023,2022,SOR6,0,2022-04-01,INR,44363071250000
RBI:RMS_W_RN(1.0),N_A,W,2023,2022,SOR4,0,2022-04-01,INR,-6412171500000
RBI:RMS_W_RN(1.0),N_A,W,2022,2021,SOR1,0,2022-03-31,INR,14505963799999.998
RBI:RMS_W_RN(1.0),N_A,W,2022,2021,SOR7,0,2022-03-31,INR,280129777400
RBI:RMS_W_RN(1.0),N_A,W,2022,2021,SOR5,0,2022-03-31,INR,165705400000
RBI:RMS_W_RN(1.0),N_A,W,2022,2021,SOR4,0,2022-03-31,INR,-5602721500000
RBI:RMS_W_RN(1.0),N_A,W,2022,2021,SOR8,0,2022-03-31,INR,13085003000000
RBI:RMS_W_RN(1.0),N_A,W,2022,2021,SOR6,0,2022-03-31,INR,44424792850000
RBI:RMS_W_RN(1.0),N_A,W,2022,2021,SOR6,0,2022-03-25,INR,45514992950517.7
RBI:RMS_W_RN(1.0),N_A,W,2022,2021,SOR5,0,2022-03-25,INR,100923100000
RBI:RMS_W_RN(1.0),N_A,W,2022,2021,SOR4,0,2022-03-25,INR,-4995243000000
RBI:RMS_W_RN(1.0),N_A,W,2022,2021,SOR8,0,2022-03-25,INR,13469602000000
RBI:RMS_W_RN(1.0),N_A,W,2022,2021,SOR1,0,2022-03-25,INR,11771784000000
RBI:RMS_W_RN(1.0),N_A,W,2022,2021,SOR7,0,2022-03-25,INR,280129777380.6
RBI:RMS_W_RN(1.0),N_A,W,2022,2021,SOR6,0,2022-03-18,INR,45439590950517.7
RBI:RMS_W_RN(1.0),N_A,W,2022,2021,SOR7,0,2022-03-18,INR,278818631017.6
RBI:RMS_W_RN(1.0),N_A,W,2022,2021,SOR8,0,2022-03-18,INR,13247439100000
RBI:RMS_W_RN(1.0),N_A,W,2022,2021,SOR4,0,2022-03-18,INR,-4351643000000
RBI:RMS_W_RN(1.0),N_A,W,2022,2021,SOR1,0,2022-03-18,INR,11219679500000
RBI:RMS_W_RN(1.0),N_A,W,2022,2021,SOR5,0,2022-03-18,INR,48333100000.00001
RBI:RMS_W_RN(1.0),N_A,W,2022,2021,SOR5,0,2022-03-11,INR,20863100000
RBI:RMS_W_RN(1.0),N_A,W,2022,2021,SOR1,0,2022-03-11,INR,12944846500000
RBI:RMS_W_RN(1.0),N_A,W,2022,2021,SOR8,0,2022-03-11,INR,13879178100000
RBI:RMS_W_RN(1.0),N_A,W,2022,2021,SOR7,0,2022-03-11,INR,278818631017.6
RBI:RMS_W_RN(1.0),N_A,W,2022,2021,SOR4,0,2022-03-11,INR,-6576803000000
RBI:RMS_W_RN(1.0),N_A,W,2022,2021,SOR6,0,2022-03-11,INR,46059871350517.7
RBI:RMS_W_RN(1.0),N_A,W,2022,2021,SOR1,0,2022-03-04,INR,13324886800000
RBI:RMS_W_RN(1.0),N_A,W,2022,2021,SOR7,0,2022-03-04,INR,278818631017.6
RBI:RMS_W_RN(1.0),N_A,W,2022,2021,SOR6,0,2022-03-04,INR,46499511950517.695
RBI:RMS_W_RN(1.0),N_A,W,2022,2021,SOR8,0,2022-03-04,INR,13757758799999.998
RBI:RMS_W_RN(1.0),N_A,W,2022,2021,SOR4,0,2022-03-04,INR,-7289733000000
RBI:RMS_W_RN(1.0),N_A,W,2022,2021,SOR5,0,2022-03-04,INR,16403100000
RBI:RMS_W_RN(1.0),N_A,W,2022,2021,SOR5,0,2022-02-25,INR,18533000000
RBI:RMS_W_RN(1.0),N_A,W,2022,2021,SOR6,0,2022-02-25,INR,45829593250517.695
RBI:RMS_W_RN(1.0),N_A,W,2022,2021,SOR1,0,2022-02-25,INR,12679122300000
RBI:RMS_W_RN(1.0),N_A,W,2022,2021,SOR8,0,2022-02-25,INR,13243829800000
RBI:RMS_W_RN(1.0),N_A,W,2022,2021,SOR4,0,2022-02-25,INR,-7087331800000.001
RBI:RMS_W_RN(1.0),N_A,W,2022,2021,SOR7,0,2022-02-25,INR,278818631017.6
RBI:RMS_W_RN(1.0),N_A,W,2022,2021,SOR8,0,2022-02-18,INR,12999902900000
RBI:RMS_W_RN(1.0),N_A,W,2022,2021,SOR1,0,2022-02-18,INR,12595833300000
RBI:RMS_W_RN(1.0),N_A,W,2022,2021,SOR6,0,2022-02-18,INR,45508671651000
RBI:RMS_W_RN(1.0),N_A,W,2022,2021,SOR4,0,2022-02-18,INR,-6565781800000.001
RBI:RMS_W_RN(1.0),N_A,W,2022,2021,SOR5,0,2022-02-18,INR,21403000000
RBI:RMS_W_RN(1.0),N_A,W,2022,2021,SOR7,0,2022-02-18,INR,277641278000
RBI:RMS_W_RN(1.0),N_A,W,2022,2021,SOR4,0,2022-02-11,INR,-6511901800000.001
RBI:RMS_W_RN(1.0),N_A,W,2022,2021,SOR5,0,2022-02-11,INR,19573000000
RBI:RMS_W_RN(1.0),N_A,W,2022,2021,SOR6,0,2022-02-11,INR,45752628450999.99
RBI:RMS_W_RN(1.0),N_A,W,2022,2021,SOR8,0,2022-02-11,INR,13250445300000
RBI:RMS_W_RN(1.0),N_A,W,2022,2021,SOR7,0,2022-02-11,INR,277641278000
RBI:RMS_W_RN(1.0),N_A,W,2022,2021,SOR1,0,2022-02-11,INR,11921177400000
RBI:RMS_W_RN(1.0),N_A,W,2022,2021,SOR1,0,2022-02-04,INR,11861310900000
RBI:RMS_W_RN(1.0),N_A,W,2022,2021,SOR8,0,2022-02-04,INR,12795573500000
RBI:RMS_W_RN(1.0),N_A,W,2022,2021,SOR4,0,2022-02-04,INR,-6370851800000.001
RBI:RMS_W_RN(1.0),N_A,W,2022,2021,SOR6,0,2022-02-04,INR,45444628551000
RBI:RMS_W_RN(1.0),N_A,W,2022,2021,SOR7,0,2022-02-04,INR,277641278000
RBI:RMS_W_RN(1.0),N_A,W,2022,2021,SOR5,0,2022-02-04,INR,21403000000
RBI:RMS_W_RN(1.0),N_A,W,2022,2021,SOR6,0,2022-01-28,INR,45425338051000.01
RBI:RMS_W_RN(1.0),N_A,W,2022,2021,SOR8,0,2022-01-28,INR,12919156399999.998
RBI:RMS_W_RN(1.0),N_A,W,2022,2021,SOR7,0,2022-01-28,INR,277641278000
RBI:RMS_W_RN(1.0),N_A,W,2022,2021,SOR4,0,2022-01-28,INR,-5256143400000
RBI:RMS_W_RN(1.0),N_A,W,2022,2021,SOR1,0,2022-01-28,INR,10587059900000
RBI:RMS_W_RN(1.0),N_A,W,2022,2021,SOR5,0,2022-01-28,INR,28742399999.999996
RBI:RMS_W_RN(1.0),N_A,W,2022,2021,SOR8,0,2022-01-21,INR,12997140100000
RBI:RMS_W_RN(1.0),N_A,W,2022,2021,SOR6,0,2022-01-21,INR,45407003050517.7
RBI:RMS_W_RN(1.0),N_A,W,2022,2021,SOR7,0,2022-01-21,INR,276642721737.6
RBI:RMS_W_RN(1.0),N_A,W,2022,2021,SOR4,0,2022-01-21,INR,-5294303300000
RBI:RMS_W_RN(1.0),N_A,W,2022,2021,SOR1,0,2022-01-21,INR,10518490000000
RBI:RMS_W_RN(1.0),N_A,W,2022,2021,SOR5,0,2022-01-21,INR,35228300000
RBI:RMS_W_RN(1.0),N_A,W,2022,2021,SOR5,0,2022-01-14,INR,51403000000
RBI:RMS_W_RN(1.0),N_A,W,2022,2021,SOR7,0,2022-01-14,INR,276642721737.6
RBI:RMS_W_RN(1.0),N_A,W,2022,2021,SOR6,0,2022-01-14,INR,45374729150517.7
RBI:RMS_W_RN(1.0),N_A,W,2022,2021,SOR8,0,2022-01-14,INR,13019094200000
RBI:RMS_W_RN(1.0),N_A,W,2022,2021,SOR1,0,2022-01-14,INR,11610535100000
RBI:RMS_W_RN(1.0),N_A,W,2022,2021,SOR4,0,2022-01-14,INR,-6147643400000
RBI:RMS_W_RN(1.0),N_A,W,2022,2021,SOR8,0,2022-01-07,INR,12833070200000
RBI:RMS_W_RN(1.0),N_A,W,2022,2021,SOR5,0,2022-01-07,INR,21313000000
RBI:RMS_W_RN(1.0),N_A,W,2022,2021,SOR4,0,2022-01-07,INR,-6894004100000
RBI:RMS_W_RN(1.0),N_A,W,2022,2021,SOR7,0,2022-01-07,INR,276642721737.6
RBI:RMS_W_RN(1.0),N_A,W,2022,2021,SOR6,0,2022-01-07,INR,45336541250517.7
RBI:RMS_W_RN(1.0),N_A,W,2022,2021,SOR1,0,2022-01-07,INR,11694676399999.998
RBI:RMS_W_RN(1.0),N_A,W,2022,2021,SOR4,0,2021-12-31,INR,-6649284100000
RBI:RMS_W_RN(1.0),N_A,W,2022,2021,SOR6,0,2021-12-31,INR,45506520050517.7
RBI:RMS_W_RN(1.0),N_A,W,2022,2021,SOR8,0,2021-12-31,INR,13070416900000
RBI:RMS_W_RN(1.0),N_A,W,2022,2021,SOR1,0,2021-12-31,INR,11943346600000
RBI:RMS_W_RN(1.0),N_A,W,2022,2021,SOR5,0,2021-12-31,INR,20943000000
RBI:RMS_W_RN(1.0),N_A,W,2022,2021,SOR7,0,2021-12-31,INR,276642721737.6
RBI:RMS_W_RN(1.0),N_A,W,2022,2021,SOR5,0,2021-12-24,INR,21302900000
RBI:RMS_W_RN(1.0),N_A,W,2022,2021,SOR7,0,2021-12-24,INR,275387510339.60004
RBI:RMS_W_RN(1.0),N_A,W,2022,2021,SOR8,0,2021-12-24,INR,13497852800000
RBI:RMS_W_RN(1.0),N_A,W,2022,2021,SOR4,0,2021-12-24,INR,-6226341300000
RBI:RMS_W_RN(1.0),N_A,W,2022,2021,SOR1,0,2021-12-24,INR,10914803200000
RBI:RMS_W_RN(1.0),N_A,W,2022,2021,SOR6,0,2021-12-24,INR,45955360250517.695
RBI:RMS_W_RN(1.0),N_A,W,2022,2021,SOR8,0,2021-12-17,INR,14176967500000
RBI:RMS_W_RN(1.0),N_A,W,2022,2021,SOR1,0,2021-12-17,INR,11272301500000
RBI:RMS_W_RN(1.0),N_A,W,2022,2021,SOR6,0,2021-12-17,INR,46644246604642.7
RBI:RMS_W_RN(1.0),N_A,W,2022,2021,SOR5,0,2021-12-17,INR,19452900000
RBI:RMS_W_RN(1.0),N_A,W,2022,2021,SOR7,0,2021-12-17,INR,275387510339.60004
RBI:RMS_W_RN(1.0),N_A,W,2022,2021,SOR4,0,2021-12-17,INR,-6152045600000.001
RBI:RMS_W_RN(1.0),N_A,W,2022,2021,SOR4,0,2021-12-10,INR,-8109805600000.001
RBI:RMS_W_RN(1.0),N_A,W,2022,2021,SOR8,0,2021-12-10,INR,13846095600000
RBI:RMS_W_RN(1.0),N_A,W,2022,2021,SOR6,0,2021-12-10,INR,46426801004642.7
RBI:RMS_W_RN(1.0),N_A,W,2022,2021,SOR1,0,2021-12-10,INR,12661490400000
RBI:RMS_W_RN(1.0),N_A,W,2022,2021,SOR7,0,2021-12-10,INR,275387510339.60004
RBI:RMS_W_RN(1.0),N_A,W,2022,2021,SOR5,0,2021-12-10,INR,21402900000
RBI:RMS_W_RN(1.0),N_A,W,2022,2021,SOR4,0,2021-12-03,INR,-8329985600000.001
RBI:RMS_W_RN(1.0),N_A,W,2022,2021,SOR1,0,2021-12-03,INR,13099459600000
RBI:RMS_W_RN(1.0),N_A,W,2022,2021,SOR6,0,2021-12-03,INR,46056296704642.695
RBI:RMS_W_RN(1.0),N_A,W,2022,2021,SOR5,0,2021-12-03,INR,20672900000
RBI:RMS_W_RN(1.0),N_A,W,2022,2021,SOR7,0,2021-12-03,INR,275387510339.60004
RBI:RMS_W_RN(1.0),N_A,W,2022,2021,SOR8,0,2021-12-03,INR,13472487700000
RBI:RMS_W_RN(1.0),N_A,W,2022,2021,SOR6,0,2021-11-26,INR,45970667104642.695
RBI:RMS_W_RN(1.0),N_A,W,2022,2021,SOR7,0,2021-11-26,INR,275387510339.60004
RBI:RMS_W_RN(1.0),N_A,W,2022,2021,SOR1,0,2021-11-26,INR,11773117000000
RBI:RMS_W_RN(1.0),N_A,W,2022,2021,SOR5,0,2021-11-26,INR,21352900000
RBI:RMS_W_RN(1.0),N_A,W,2022,2021,SOR8,0,2021-11-26,INR,13418926700000
RBI:RMS_W_RN(1.0),N_A,W,2022,2021,SOR4,0,2021-11-26,INR,-7260529800000
RBI:RMS_W_RN(1.0),N_A,W,2022,2021,SOR4,0,2021-11-19,INR,-7162715400000
RBI:RMS_W_RN(1.0),N_A,W,2022,2021,SOR7,0,2021-11-19,INR,274410631700.59998
RBI:RMS_W_RN(1.0),N_A,W,2022,2021,SOR1,0,2021-11-19,INR,11939639000000
RBI:RMS_W_RN(1.0),N_A,W,2022,2021,SOR6,0,2021-11-19,INR,45860344704642.695
RBI:RMS_W_RN(1.0),N_A,W,2022,2021,SOR8,0,2021-11-19,INR,13279078000000
RBI:RMS_W_RN(1.0),N_A,W,2022,2021,SOR5,0,2021-11-19,INR,46342900000
RBI:RMS_W_RN(1.0),N_A,W,2022,2021,SOR7,0,2021-11-12,INR,274410631700.59998
RBI:RMS_W_RN(1.0),N_A,W,2022,2021,SOR8,0,2021-11-12,INR,13289254500000
RBI:RMS_W_RN(1.0),N_A,W,2022,2021,SOR4,0,2021-11-12,INR,-8143665400000
RBI:RMS_W_RN(1.0),N_A,W,2022,2021,SOR1,0,2021-11-12,INR,12439788200000
RBI:RMS_W_RN(1.0),N_A,W,2022,2021,SOR6,0,2021-11-12,INR,45916719704642.695
RBI:RMS_W_RN(1.0),N_A,W,2022,2021,SOR5,0,2021-11-12,INR,21402900000
RBI:RMS_W_RN(1.0),N_A,W,2022,2021,SOR4,0,2021-11-05,INR,-7250625400000
RBI:RMS_W_RN(1.0),N_A,W,2022,2021,SOR1,0,2021-11-05,INR,11868054500000
RBI:RMS_W_RN(1.0),N_A,W,2022,2021,SOR8,0,2021-11-05,INR,13376020700000
RBI:RMS_W_RN(1.0),N_A,W,2022,2021,SOR5,0,2021-11-05,INR,21402900000
RBI:RMS_W_RN(1.0),N_A,W,2022,2021,SOR7,0,2021-11-05,INR,274410631700
RBI:RMS_W_RN(1.0),N_A,W,2022,2021,SOR6,0,2021-11-05,INR,46013760300000
RBI:RMS_W_RN(1.0),N_A,W,2022,2021,SOR6,0,2021-10-29,INR,46350856200000
RBI:RMS_W_RN(1.0),N_A,W,2022,2021,SOR7,0,2021-10-29,INR,274410600000
RBI:RMS_W_RN(1.0),N_A,W,2022,2021,SOR4,0,2021-10-29,INR,-6960200300000
RBI:RMS_W_RN(1.0),N_A,W,2022,2021,SOR5,0,2021-10-29,INR,21367900000
RBI:RMS_W_RN(1.0),N_A,W,2022,2021,SOR8,0,2021-10-29,INR,13737026500000
RBI:RMS_W_RN(1.0),N_A,W,2022,2021,SOR1,0,2021-10-29,INR,11085100800000
RBI:RMS_W_RN(1.0),N_A,W,2022,2021,SOR7,0,2021-10-22,INR,272926309000
RBI:RMS_W_RN(1.0),N_A,W,2022,2021,SOR8,0,2021-10-22,INR,13731219800000
RBI:RMS_W_RN(1.0),N_A,W,2022,2021,SOR5,0,2021-10-22,INR,19797900000
RBI:RMS_W_RN(1.0),N_A,W,2022,2021,SOR6,0,2021-10-22,INR,46304575000000
RBI:RMS_W_RN(1.0),N_A,W,2022,2021,SOR4,0,2021-10-22,INR,-6519790300000
RBI:RMS_W_RN(1.0),N_A,W,2022,2021,SOR1,0,2021-10-22,INR,10431031600000
RBI:RMS_W_RN(1.0),N_A,W,2022,2021,SOR5,0,2021-10-15,INR,21368000000
RBI:RMS_W_RN(1.0),N_A,W,2022,2021,SOR6,0,2021-10-15,INR,46536810599999.99
RBI:RMS_W_RN(1.0),N_A,W,2022,2021,SOR4,0,2021-10-15,INR,-7025910300000
RBI:RMS_W_RN(1.0),N_A,W,2022,2021,SOR7,0,2021-10-15,INR,272926309000
RBI:RMS_W_RN(1.0),N_A,W,2022,2021,SOR8,0,2021-10-15,INR,14032127500000
RBI:RMS_W_RN(1.0),N_A,W,2022,2021,SOR1,0,2021-10-15,INR,11418638400000
RBI:RMS_W_RN(1.0),N_A,W,2022,2021,SOR7,0,2021-10-08,INR,272926300000
RBI:RMS_W_RN(1.0),N_A,W,2022,2021,SOR4,0,2021-10-08,INR,-7459985600000.001
RBI:RMS_W_RN(1.0),N_A,W,2022,2021,SOR8,0,2021-10-08,INR,13740516399999.998
RBI:RMS_W_RN(1.0),N_A,W,2022,2021,SOR5,0,2021-10-08,INR,44337900000
RBI:RMS_W_RN(1.0),N_A,W,2022,2021,SOR6,0,2021-10-08,INR,46244432000000
RBI:RMS_W_RN(1.0),N_A,W,2022,2021,SOR1,0,2021-10-08,INR,11386343100000
RBI:RMS_W_RN(1.0),N_A,W,2022,2021,SOR8,0,2021-10-01,INR,13226014500000
RBI:RMS_W_RN(1.0),N_A,W,2022,2021,SOR6,0,2021-10-01,INR,45681034600000
RBI:RMS_W_RN(1.0),N_A,W,2022,2021,SOR5,0,2021-10-01,INR,63168400000
RBI:RMS_W_RN(1.0),N_A,W,2022,2021,SOR1,0,2021-10-01,INR,12077619600000
RBI:RMS_W_RN(1.0),N_A,W,2022,2021,SOR4,0,2021-10-01,INR,-8293515600000.001
RBI:RMS_W_RN(1.0),N_A,W,2022,2021,SOR7,0,2021-10-01,INR,272926300000
RBI:RMS_W_RN(1.0),N_A,W,2022,2021,SOR8,0,2021-09-24,INR,13151852100000
RBI:RMS_W_RN(1.0),N_A,W,2022,2021,SOR4,0,2021-09-24,INR,-7287056100000
RBI:RMS_W_RN(1.0),N_A,W,2022,2021,SOR5,0,2021-09-24,INR,57964100000
RBI:RMS_W_RN(1.0),N_A,W,2022,2021,SOR6,0,2021-09-24,INR,45516730100000
RBI:RMS_W_RN(1.0),N_A,W,2022,2021,SOR1,0,2021-09-24,INR,11185107400000
RBI:RMS_W_RN(1.0),N_A,W,2022,2021,SOR7,0,2021-09-24,INR,272926300000
RBI:RMS_W_RN(1.0),N_A,W,2022,2021,SOR8,0,2021-09-17,INR,13098823400000
RBI:RMS_W_RN(1.0),N_A,W,2022,2021,SOR7,0,2021-09-17,INR,272097366000
RBI:RMS_W_RN(1.0),N_A,W,2022,2021,SOR1,0,2021-09-17,INR,11040723400000
RBI:RMS_W_RN(1.0),N_A,W,2022,2021,SOR4,0,2021-09-17,INR,-6651316100000
RBI:RMS_W_RN(1.0),N_A,W,2022,2021,SOR6,0,2021-09-17,INR,45476631585000
RBI:RMS_W_RN(1.0),N_A,W,2022,2021,SOR5,0,2021-09-17,INR,71184100000
RBI:RMS_W_RN(1.0),N_A,W,2022,2021,SOR8,0,2021-09-10,INR,13226285200000
RBI:RMS_W_RN(1.0),N_A,W,2022,2021,SOR6,0,2021-09-10,INR,45614120764000
RBI:RMS_W_RN(1.0),N_A,W,2022,2021,SOR1,0,2021-09-10,INR,12518247000000
RBI:RMS_W_RN(1.0),N_A,W,2022,2021,SOR7,0,2021-09-10,INR,272097366000
RBI:RMS_W_RN(1.0),N_A,W,2022,2021,SOR5,0,2021-09-10,INR,70004100000
RBI:RMS_W_RN(1.0),N_A,W,2022,2021,SOR4,0,2021-09-10,INR,-8436616100000
RBI:RMS_W_RN(1.0),N_A,W,2022,2021,SOR4,0,2021-09-03,INR,-8769146100000
RBI:RMS_W_RN(1.0),N_A,W,2022,2021,SOR1,0,2021-09-03,INR,13007326100000.002
RBI:RMS_W_RN(1.0),N_A,W,2022,2021,SOR6,0,2021-09-03,INR,45389625364000
RBI:RMS_W_RN(1.0),N_A,W,2022,2021,SOR5,0,2021-09-03,INR,86284100000
RBI:RMS_W_RN(1.0),N_A,W,2022,2021,SOR8,0,2021-09-03,INR,13032371100000.002
RBI:RMS_W_RN(1.0),N_A,W,2022,2021,SOR7,0,2021-09-03,INR,272097366000
RBI:RMS_W_RN(1.0),N_A,W,2022,2021,SOR5,0,2021-08-27,INR,86159800000
RBI:RMS_W_RN(1.0),N_A,W,2022,2021,SOR1,0,2021-08-27,INR,11912320600000
RBI:RMS_W_RN(1.0),N_A,W,2022,2021,SOR7,0,2021-08-27,INR,272097366000
RBI:RMS_W_RN(1.0),N_A,W,2022,2021,SOR6,0,2021-08-27,INR,45144586164000
RBI:RMS_W_RN(1.0),N_A,W,2022,2021,SOR8,0,2021-08-27,INR,13167095500000
RBI:RMS_W_RN(1.0),N_A,W,2022,2021,SOR4,0,2021-08-27,INR,-7456147000000
RBI:RMS_W_RN(1.0),N_A,W,2022,2021,SOR8,0,2021-08-20,INR,13488182800000
RBI:RMS_W_RN(1.0),N_A,W,2022,2021,SOR6,0,2021-08-20,INR,45652135264000
RBI:RMS_W_RN(1.0),N_A,W,2022,2021,SOR4,0,2021-08-20,INR,-6860917000000
RBI:RMS_W_RN(1.0),N_A,W,2022,2021,SOR5,0,2021-08-20,INR,86919800000
RBI:RMS_W_RN(1.0),N_A,W,2022,2021,SOR1,0,2021-08-20,INR,11585402400000
RBI:RMS_W_RN(1.0),N_A,W,2022,2021,SOR7,0,2021-08-20,INR,271239199999.99997
RBI:RMS_W_RN(1.0),N_A,W,2022,2021,SOR5,0,2021-08-13,INR,86979800000
RBI:RMS_W_RN(1.0),N_A,W,2022,2021,SOR1,0,2021-08-13,INR,11884271500000
RBI:RMS_W_RN(1.0),N_A,W,2022,2021,SOR6,0,2021-08-13,INR,45779010164000
RBI:RMS_W_RN(1.0),N_A,W,2022,2021,SOR4,0,2021-08-13,INR,-7257507000000
RBI:RMS_W_RN(1.0),N_A,W,2022,2021,SOR8,0,2021-08-13,INR,13490508799999.998
RBI:RMS_W_RN(1.0),N_A,W,2022,2021,SOR7,0,2021-08-13,INR,271239199999.99997
RBI:RMS_W_RN(1.0),N_A,W,2022,2021,SOR6,0,2021-08-06,INR,45886308864000
RBI:RMS_W_RN(1.0),N_A,W,2022,2021,SOR5,0,2021-08-06,INR,85759800000
RBI:RMS_W_RN(1.0),N_A,W,2022,2021,SOR7,0,2021-08-06,INR,271239199999.99997
RBI:RMS_W_RN(1.0),N_A,W,2022,2021,SOR8,0,2021-08-06,INR,13615153799999.998
RBI:RMS_W_RN(1.0),N_A,W,2022,2021,SOR1,0,2021-08-06,INR,11539792000000
RBI:RMS_W_RN(1.0),N_A,W,2022,2021,SOR4,0,2021-08-06,INR,-6992917000000
RBI:RMS_W_RN(1.0),N_A,W,2022,2021,SOR6,0,2021-07-30,INR,45955511800000
RBI:RMS_W_RN(1.0),N_A,W,2022,2021,SOR5,0,2021-07-30,INR,85730200000
RBI:RMS_W_RN(1.0),N_A,W,2022,2021,SOR7,0,2021-07-30,INR,271239199999.99997
RBI:RMS_W_RN(1.0),N_A,W,2022,2021,SOR1,0,2021-07-30,INR,11169728000000
RBI:RMS_W_RN(1.0),N_A,W,2022,2021,SOR4,0,2021-07-30,INR,-6494358300000
RBI:RMS_W_RN(1.0),N_A,W,2022,2021,SOR8,0,2021-07-30,INR,13828277100000
RBI:RMS_W_RN(1.0),N_A,W,2022,2021,SOR1,0,2021-07-23,INR,10484085900000
RBI:RMS_W_RN(1.0),N_A,W,2022,2021,SOR4,0,2021-07-23,INR,-5514568400000
RBI:RMS_W_RN(1.0),N_A,W,2022,2021,SOR6,0,2021-07-23,INR,45248784879000
RBI:RMS_W_RN(1.0),N_A,W,2022,2021,SOR7,0,2021-07-23,INR,270525137000
RBI:RMS_W_RN(1.0),N_A,W,2022,2021,SOR8,0,2021-07-23,INR,13683898000000
RBI:RMS_W_RN(1.0),N_A,W,2022,2021,SOR5,0,2021-07-23,INR,88280200000
RBI:RMS_W_RN(1.0),N_A,W,2022,2021,SOR8,0,2021-07-16,INR,13844351900000
RBI:RMS_W_RN(1.0),N_A,W,2022,2021,SOR6,0,2021-07-16,INR,45474251079000
RBI:RMS_W_RN(1.0),N_A,W,2022,2021,SOR5,0,2021-07-16,INR,96330200000
RBI:RMS_W_RN(1.0),N_A,W,2022,2021,SOR7,0,2021-07-16,INR,270525137000
RBI:RMS_W_RN(1.0),N_A,W,2022,2021,SOR1,0,2021-07-16,INR,10977760800000
RBI:RMS_W_RN(1.0),N_A,W,2022,2021,SOR4,0,2021-07-16,INR,-5637998400000
RBI:RMS_W_RN(1.0),N_A,W,2022,2021,SOR5,0,2021-07-09,INR,96420400000.00002
RBI:RMS_W_RN(1.0),N_A,W,2022,2021,SOR1,0,2021-07-09,INR,10707520700000
RBI:RMS_W_RN(1.0),N_A,W,2022,2021,SOR4,0,2021-07-09,INR,-5594638300000
RBI:RMS_W_RN(1.0),N_A,W,2022,2021,SOR8,0,2021-07-09,INR,13873888100000
RBI:RMS_W_RN(1.0),N_A,W,2022,2021,SOR7,0,2021-07-09,INR,270525137000
RBI:RMS_W_RN(1.0),N_A,W,2022,2021,SOR6,0,2021-07-09,INR,45421369079000
RBI:RMS_W_RN(1.0),N_A,W,2022,2021,SOR7,0,2021-07-02,INR,270525137000
RBI:RMS_W_RN(1.0),N_A,W,2022,2021,SOR4,0,2021-07-02,INR,-5662988400000
RBI:RMS_W_RN(1.0),N_A,W,2022,2021,SOR8,0,2021-07-02,INR,13833701000000
RBI:RMS_W_RN(1.0),N_A,W,2022,2021,SOR6,0,2021-07-02,INR,45308614079000
RBI:RMS_W_RN(1.0),N_A,W,2022,2021,SOR5,0,2021-07-02,INR,96320400000.00002
RBI:RMS_W_RN(1.0),N_A,W,2022,2021,SOR1,0,2021-07-02,INR,11086326000000
RBI:RMS_W_RN(1.0),N_A,W,2022,2021,SOR6,0,2021-06-25,INR,44679396283000
RBI:RMS_W_RN(1.0),N_A,W,2022,2021,SOR5,0,2021-06-25,INR,60484000000
RBI:RMS_W_RN(1.0),N_A,W,2022,2021,SOR7,0,2021-06-25,INR,270525137000
RBI:RMS_W_RN(1.0),N_A,W,2022,2021,SOR1,0,2021-06-25,INR,10171767600000
RBI:RMS_W_RN(1.0),N_A,W,2022,2021,SOR8,0,2021-06-25,INR,13665093600000.002
RBI:RMS_W_RN(1.0),N_A,W,2022,2021,SOR4,0,2021-06-25,INR,-4527205900000
RBI:RMS_W_RN(1.0),N_A,W,2022,2021,SOR4,0,2021-06-18,INR,-4128535900000.0005
RBI:RMS_W_RN(1.0),N_A,W,2022,2021,SOR8,0,2021-06-18,INR,13498090100000
RBI:RMS_W_RN(1.0),N_A,W,2022,2021,SOR1,0,2021-06-18,INR,10495214100000
RBI:RMS_W_RN(1.0),N_A,W,2022,2021,SOR5,0,2021-06-18,INR,57486000000
RBI:RMS_W_RN(1.0),N_A,W,2022,2021,SOR6,0,2021-06-18,INR,44345528283000
RBI:RMS_W_RN(1.0),N_A,W,2022,2021,SOR7,0,2021-06-18,INR,269952310000
RBI:RMS_W_RN(1.0),N_A,W,2022,2021,SOR7,0,2021-06-11,INR,269952310000
RBI:RMS_W_RN(1.0),N_A,W,2022,2021,SOR5,0,2021-06-11,INR,19016000000
RBI:RMS_W_RN(1.0),N_A,W,2022,2021,SOR1,0,2021-06-11,INR,10805464500000
RBI:RMS_W_RN(1.0),N_A,W,2022,2021,SOR4,0,2021-06-11,INR,-4706925900000
RBI:RMS_W_RN(1.0),N_A,W,2022,2021,SOR6,0,2021-06-11,INR,44184947583000
RBI:RMS_W_RN(1.0),N_A,W,2022,2021,SOR8,0,2021-06-11,INR,13526420800000
RBI:RMS_W_RN(1.0),N_A,W,2022,2021,SOR8,0,2021-06-04,INR,13289804400000
RBI:RMS_W_RN(1.0),N_A,W,2022,2021,SOR4,0,2021-06-04,INR,-4672995900000
RBI:RMS_W_RN(1.0),N_A,W,2022,2021,SOR5,0,2021-06-04,INR,19636000000
RBI:RMS_W_RN(1.0),N_A,W,2022,2021,SOR6,0,2021-06-04,INR,43971378383000
RBI:RMS_W_RN(1.0),N_A,W,2022,2021,SOR1,0,2021-06-04,INR,11083210900000
RBI:RMS_W_RN(1.0),N_A,W,2022,2021,SOR7,0,2021-06-04,INR,269952310000
RBI:RMS_W_RN(1.0),N_A,W,2022,2021,SOR5,0,2021-05-28,INR,19626000000
RBI:RMS_W_RN(1.0),N_A,W,2022,2021,SOR4,0,2021-05-28,INR,-4040693700000
RBI:RMS_W_RN(1.0),N_A,W,2022,2021,SOR1,0,2021-05-28,INR,10699250400000
RBI:RMS_W_RN(1.0),N_A,W,2022,2021,SOR7,0,2021-05-28,INR,269952310000
RBI:RMS_W_RN(1.0),N_A,W,2022,2021,SOR6,0,2021-05-28,INR,43136238683000
RBI:RMS_W_RN(1.0),N_A,W,2022,2021,SOR8,0,2021-05-28,INR,13030059100000
RBI:RMS_W_RN(1.0),N_A,W,2022,2021,SOR8,0,2021-05-21,INR,13324830500000
RBI:RMS_W_RN(1.0),N_A,W,2022,2021,SOR4,0,2021-05-21,INR,-3575083700000
RBI:RMS_W_RN(1.0),N_A,W,2022,2021,SOR6,0,2021-05-21,INR,42987427883000
RBI:RMS_W_RN(1.0),N_A,W,2022,2021,SOR1,0,2021-05-21,INR,10251987800000
RBI:RMS_W_RN(1.0),N_A,W,2022,2021,SOR5,0,2021-05-21,INR,14346000000
RBI:RMS_W_RN(1.0),N_A,W,2022,2021,SOR7,0,2021-05-21,INR,269730331000
RBI:RMS_W_RN(1.0),N_A,W,2022,2021,SOR1,0,2021-05-14,INR,11495746000000
RBI:RMS_W_RN(1.0),N_A,W,2022,2021,SOR4,0,2021-05-14,INR,-4256133800000
RBI:RMS_W_RN(1.0),N_A,W,2022,2021,SOR5,0,2021-05-14,INR,59768700000
RBI:RMS_W_RN(1.0),N_A,W,2022,2021,SOR8,0,2021-05-14,INR,14351597300000
RBI:RMS_W_RN(1.0),N_A,W,2022,2021,SOR7,0,2021-05-14,INR,269730331000
RBI:RMS_W_RN(1.0),N_A,W,2022,2021,SOR6,0,2021-05-14,INR,43045824483000
RBI:RMS_W_RN(1.0),N_A,W,2022,2021,SOR8,0,2021-05-07,INR,14405415900000
RBI:RMS_W_RN(1.0),N_A,W,2022,2021,SOR1,0,2021-05-07,INR,11534014600000
RBI:RMS_W_RN(1.0),N_A,W,2022,2021,SOR7,0,2021-05-07,INR,269730331000
RBI:RMS_W_RN(1.0),N_A,W,2022,2021,SOR6,0,2021-05-07,INR,43132864083000
RBI:RMS_W_RN(1.0),N_A,W,2022,2021,SOR4,0,2021-05-07,INR,-4709543700000
RBI:RMS_W_RN(1.0),N_A,W,2022,2021,SOR5,0,2021-05-07,INR,59768700000
RBI:RMS_W_RN(1.0),N_A,W,2022,2021,SOR4,0,2021-04-30,INR,-5120117400000
RBI:RMS_W_RN(1.0),N_A,W,2022,2021,SOR6,0,2021-04-30,INR,43358685883000
RBI:RMS_W_RN(1.0),N_A,W,2022,2021,SOR1,0,2021-04-30,INR,11875994600000
RBI:RMS_W_RN(1.0),N_A,W,2022,2021,SOR7,0,2021-04-30,INR,269730331000
RBI:RMS_W_RN(1.0),N_A,W,2022,2021,SOR5,0,2021-04-30,INR,86860700000
RBI:RMS_W_RN(1.0),N_A,W,2022,2021,SOR8,0,2021-04-30,INR,14616154600000
RBI:RMS_W_RN(1.0),N_A,W,2022,2021,SOR8,0,2021-04-23,INR,15140822700000
RBI:RMS_W_RN(1.0),N_A,W,2022,2021,SOR5,0,2021-04-23,INR,86715200000
RBI:RMS_W_RN(1.0),N_A,W,2022,2021,SOR6,0,2021-04-23,INR,43613891983000
RBI:RMS_W_RN(1.0),N_A,W,2022,2021,SOR7,0,2021-04-23,INR,269126110000
RBI:RMS_W_RN(1.0),N_A,W,2022,2021,SOR1,0,2021-04-23,INR,11440516200000.002
RBI:RMS_W_RN(1.0),N_A,W,2022,2021,SOR4,0,2021-04-23,INR,-4789024300000
RBI:RMS_W_RN(1.0),N_A,W,2022,2021,SOR8,0,2021-04-16,INR,14595951700000
RBI:RMS_W_RN(1.0),N_A,W,2022,2021,SOR7,0,2021-04-16,INR,269126110000
RBI:RMS_W_RN(1.0),N_A,W,2022,2021,SOR4,0,2021-04-16,INR,-5533722500000
RBI:RMS_W_RN(1.0),N_A,W,2022,2021,SOR6,0,2021-04-16,INR,43099476083000.01
RBI:RMS_W_RN(1.0),N_A,W,2022,2021,SOR5,0,2021-04-16,INR,86715200000
RBI:RMS_W_RN(1.0),N_A,W,2022,2021,SOR1,0,2021-04-16,INR,12148654000000
RBI:RMS_W_RN(1.0),N_A,W,2022,2021,SOR6,0,2021-04-09,INR,43189387283000
RBI:RMS_W_RN(1.0),N_A,W,2022,2021,SOR4,0,2021-04-09,INR,-6166362500000
RBI:RMS_W_RN(1.0),N_A,W,2022,2021,SOR5,0,2021-04-09,INR,86715200000
RBI:RMS_W_RN(1.0),N_A,W,2022,2021,SOR7,0,2021-04-09,INR,269126110000
RBI:RMS_W_RN(1.0),N_A,W,2022,2021,SOR1,0,2021-04-09,INR,12460427900000
RBI:RMS_W_RN(1.0),N_A,W,2022,2021,SOR8,0,2021-04-09,INR,14758371200000.002
RBI:RMS_W_RN(1.0),N_A,W,2022,2021,SOR8,0,2021-04-02,INR,13556791200000.002
RBI:RMS_W_RN(1.0),N_A,W,2022,2021,SOR6,0,2021-04-02,INR,41985773982999.99
RBI:RMS_W_RN(1.0),N_A,W,2022,2021,SOR1,0,2021-04-02,INR,11230148600000.002
RBI:RMS_W_RN(1.0),N_A,W,2022,2021,SOR7,0,2021-04-02,INR,269126110000
RBI:RMS_W_RN(1.0),N_A,W,2022,2021,SOR4,0,2021-04-02,INR,-4865642500000
RBI:RMS_W_RN(1.0),N_A,W,2022,2021,SOR5,0,2021-04-02,INR,87089200000
RBI:RMS_W_RN(1.0),N_A,W,2021,2020,SOR8,0,2021-03-31,INR,13566597400000
RBI:RMS_W_RN(1.0),N_A,W,2021,2020,SOR1,0,2021-03-31,INR,10996855000000
RBI:RMS_W_RN(1.0),N_A,W,2021,2020,SOR5,0,2021-03-31,INR,87089200000
RBI:RMS_W_RN(1.0),N_A,W,2021,2020,SOR4,0,2021-03-31,INR,-3780662600000
RBI:RMS_W_RN(1.0),N_A,W,2021,2020,SOR6,0,2021-03-31,INR,41994000083000
RBI:RMS_W_RN(1.0),N_A,W,2021,2020,SOR7,0,2021-03-31,INR,269126110000
RBI:RMS_W_RN(1.0),N_A,W,2021,2020,SOR6,0,2021-03-26,INR,41814526883000
RBI:RMS_W_RN(1.0),N_A,W,2021,2020,SOR4,0,2021-03-26,INR,-3767613800000
RBI:RMS_W_RN(1.0),N_A,W,2021,2020,SOR7,0,2021-03-26,INR,269126110000
RBI:RMS_W_RN(1.0),N_A,W,2021,2020,SOR8,0,2021-03-26,INR,13319573799999.998
RBI:RMS_W_RN(1.0),N_A,W,2021,2020,SOR5,0,2021-03-26,INR,85240700000
RBI:RMS_W_RN(1.0),N_A,W,2021,2020,SOR1,0,2021-03-26,INR,9820626700000
RBI:RMS_W_RN(1.0),N_A,W,2021,2020,SOR6,0,2021-03-19,INR,42053530083000
RBI:RMS_W_RN(1.0),N_A,W,2021,2020,SOR4,0,2021-03-19,INR,-3907663700000
RBI:RMS_W_RN(1.0),N_A,W,2021,2020,SOR5,0,2021-03-19,INR,86420700000
RBI:RMS_W_RN(1.0),N_A,W,2021,2020,SOR1,0,2021-03-19,INR,9386361600000
RBI:RMS_W_RN(1.0),N_A,W,2021,2020,SOR8,0,2021-03-19,INR,13387461800000
RBI:RMS_W_RN(1.0),N_A,W,2021,2020,SOR7,0,2021-03-19,INR,268193990000
RBI:RMS_W_RN(1.0),N_A,W,2021,2020,SOR6,0,2021-03-12,INR,42164685083000
RBI:RMS_W_RN(1.0),N_A,W,2021,2020,SOR1,0,2021-03-12,INR,10704903000000
RBI:RMS_W_RN(1.0),N_A,W,2021,2020,SOR4,0,2021-03-12,INR,-5652573800000
RBI:RMS_W_RN(1.0),N_A,W,2021,2020,SOR7,0,2021-03-12,INR,268193990000
RBI:RMS_W_RN(1.0),N_A,W,2021,2020,SOR5,0,2021-03-12,INR,85110700000
RBI:RMS_W_RN(1.0),N_A,W,2021,2020,SOR8,0,2021-03-12,INR,13535005600000
RBI:RMS_W_RN(1.0),N_A,W,2021,2020,SOR6,0,2021-03-05,INR,42180949683000
RBI:RMS_W_RN(1.0),N_A,W,2021,2020,SOR5,0,2021-03-05,INR,86420700000
RBI:RMS_W_RN(1.0),N_A,W,2021,2020,SOR8,0,2021-03-05,INR,13589436900000
RBI:RMS_W_RN(1.0),N_A,W,2021,2020,SOR7,0,2021-03-05,INR,268193990000
RBI:RMS_W_RN(1.0),N_A,W,2021,2020,SOR4,0,2021-03-05,INR,-5757173800000
RBI:RMS_W_RN(1.0),N_A,W,2021,2020,SOR1,0,2021-03-05,INR,11134952900000
RBI:RMS_W_RN(1.0),N_A,W,2021,2020,SOR5,0,2021-02-26,INR,86253600000
RBI:RMS_W_RN(1.0),N_A,W,2021,2020,SOR8,0,2021-02-26,INR,14102688600000.002
RBI:RMS_W_RN(1.0),N_A,W,2021,2020,SOR7,0,2021-02-26,INR,268193990000
RBI:RMS_W_RN(1.0),N_A,W,2021,2020,SOR6,0,2021-02-26,INR,42867068683000
RBI:RMS_W_RN(1.0),N_A,W,2021,2020,SOR1,0,2021-02-26,INR,10648272600000
RBI:RMS_W_RN(1.0),N_A,W,2021,2020,SOR4,0,2021-02-26,INR,-5980325400000
RBI:RMS_W_RN(1.0),N_A,W,2021,2020,SOR5,0,2021-02-19,INR,73703600000
RBI:RMS_W_RN(1.0),N_A,W,2021,2020,SOR4,0,2021-02-19,INR,-5511465400000
RBI:RMS_W_RN(1.0),N_A,W,2021,2020,SOR6,0,2021-02-19,INR,42375002715000
RBI:RMS_W_RN(1.0),N_A,W,2021,2020,SOR8,0,2021-02-19,INR,14046401500000
RBI:RMS_W_RN(1.0),N_A,W,2021,2020,SOR7,0,2021-02-19,INR,267468772000
RBI:RMS_W_RN(1.0),N_A,W,2021,2020,SOR1,0,2021-02-19,INR,10988311399999.998
RBI:RMS_W_RN(1.0),N_A,W,2021,2020,SOR7,0,2021-02-12,INR,267468772000
RBI:RMS_W_RN(1.0),N_A,W,2021,2020,SOR5,0,2021-02-12,INR,84153600000
RBI:RMS_W_RN(1.0),N_A,W,2021,2020,SOR4,0,2021-02-12,INR,-6154595500000
RBI:RMS_W_RN(1.0),N_A,W,2021,2020,SOR8,0,2021-02-12,INR,14174010900000
RBI:RMS_W_RN(1.0),N_A,W,2021,2020,SOR1,0,2021-02-12,INR,11396377300000
RBI:RMS_W_RN(1.0),N_A,W,2021,2020,SOR6,0,2021-02-12,INR,42421292215000
RBI:RMS_W_RN(1.0),N_A,W,2021,2020,SOR8,0,2021-02-05,INR,14089861700000
RBI:RMS_W_RN(1.0),N_A,W,2021,2020,SOR7,0,2021-02-05,INR,267468772000
RBI:RMS_W_RN(1.0),N_A,W,2021,2020,SOR1,0,2021-02-05,INR,11370758500000
RBI:RMS_W_RN(1.0),N_A,W,2021,2020,SOR4,0,2021-02-05,INR,-6168815500000
RBI:RMS_W_RN(1.0),N_A,W,2021,2020,SOR5,0,2021-02-05,INR,86253600000
RBI:RMS_W_RN(1.0),N_A,W,2021,2020,SOR6,0,2021-02-05,INR,42376093372000
RBI:RMS_W_RN(1.0),N_A,W,2021,2020,SOR1,0,2021-01-29,INR,10580477000000
RBI:RMS_W_RN(1.0),N_A,W,2021,2020,SOR4,0,2021-01-29,INR,-5742421400000
RBI:RMS_W_RN(1.0),N_A,W,2021,2020,SOR7,0,2021-01-29,INR,267468772000
RBI:RMS_W_RN(1.0),N_A,W,2021,2020,SOR8,0,2021-01-29,INR,14364300000000
RBI:RMS_W_RN(1.0),N_A,W,2021,2020,SOR6,0,2021-01-29,INR,42791917672000
RBI:RMS_W_RN(1.0),N_A,W,2021,2020,SOR5,0,2021-01-29,INR,86008700000.00002
RBI:RMS_W_RN(1.0),N_A,W,2021,2020,SOR1,0,2021-01-22,INR,10141675500000
RBI:RMS_W_RN(1.0),N_A,W,2021,2020,SOR8,0,2021-01-22,INR,14441960400000
RBI:RMS_W_RN(1.0),N_A,W,2021,2020,SOR4,0,2021-01-22,INR,-4989661400000
RBI:RMS_W_RN(1.0),N_A,W,2021,2020,SOR6,0,2021-01-22,INR,42457559572000
RBI:RMS_W_RN(1.0),N_A,W,2021,2020,SOR7,0,2021-01-22,INR,266808071000.00003
RBI:RMS_W_RN(1.0),N_A,W,2021,2020,SOR5,0,2021-01-22,INR,85148700000.00002
RBI:RMS_W_RN(1.0),N_A,W,2021,2020,SOR4,0,2021-01-15,INR,-5203931400000
RBI:RMS_W_RN(1.0),N_A,W,2021,2020,SOR1,0,2021-01-15,INR,10516651200000.002
RBI:RMS_W_RN(1.0),N_A,W,2021,2020,SOR8,0,2021-01-15,INR,14465509900000
RBI:RMS_W_RN(1.0),N_A,W,2021,2020,SOR7,0,2021-01-15,INR,266808071000.00003
RBI:RMS_W_RN(1.0),N_A,W,2021,2020,SOR6,0,2021-01-15,INR,42506268272000
RBI:RMS_W_RN(1.0),N_A,W,2021,2020,SOR5,0,2021-01-15,INR,93406800000
RBI:RMS_W_RN(1.0),N_A,W,2021,2020,SOR5,0,2021-01-08,INR,111224599999.99998
RBI:RMS_W_RN(1.0),N_A,W,2021,2020,SOR6,0,2021-01-08,INR,42793633472000
RBI:RMS_W_RN(1.0),N_A,W,2021,2020,SOR8,0,2021-01-08,INR,14697179200000
RBI:RMS_W_RN(1.0),N_A,W,2021,2020,SOR7,0,2021-01-08,INR,266808071000.00003
RBI:RMS_W_RN(1.0),N_A,W,2021,2020,SOR1,0,2021-01-08,INR,10476884700000
RBI:RMS_W_RN(1.0),N_A,W,2021,2020,SOR4,0,2021-01-08,INR,-5672241400000
RBI:RMS_W_RN(1.0),N_A,W,2021,2020,SOR5,0,2021-01-01,INR,114956600000
RBI:RMS_W_RN(1.0),N_A,W,2021,2020,SOR4,0,2021-01-01,INR,-6302171400000
RBI:RMS_W_RN(1.0),N_A,W,2021,2020,SOR7,0,2021-01-01,INR,266808071000.00003
RBI:RMS_W_RN(1.0),N_A,W,2021,2020,SOR1,0,2021-01-01,INR,11020526600000
RBI:RMS_W_RN(1.0),N_A,W,2021,2020,SOR6,0,2021-01-01,INR,42695694672000
RBI:RMS_W_RN(1.0),N_A,W,2021,2020,SOR8,0,2021-01-01,INR,14574289900000
RBI:RMS_W_RN(1.0),N_A,W,2021,2020,SOR4,0,2020-12-25,INR,-5246953600000
RBI:RMS_W_RN(1.0),N_A,W,2021,2020,SOR7,0,2020-12-25,INR,266808071000.00003
RBI:RMS_W_RN(1.0),N_A,W,2021,2020,SOR5,0,2020-12-25,INR,112048400000
RBI:RMS_W_RN(1.0),N_A,W,2021,2020,SOR8,0,2020-12-25,INR,14736640700000
RBI:RMS_W_RN(1.0),N_A,W,2021,2020,SOR6,0,2020-12-25,INR,42629996972000
RBI:RMS_W_RN(1.0),N_A,W,2021,2020,SOR1,0,2020-12-25,INR,10116412400000
RBI:RMS_W_RN(1.0),N_A,W,2021,2020,SOR5,0,2020-12-18,INR,112050000000
RBI:RMS_W_RN(1.0),N_A,W,2021,2020,SOR4,0,2020-12-18,INR,-4669590000000
RBI:RMS_W_RN(1.0),N_A,W,2021,2020,SOR7,0,2020-12-18,INR,266183440000
RBI:RMS_W_RN(1.0),N_A,W,2021,2020,SOR1,0,2020-12-18,INR,9804730000000
RBI:RMS_W_RN(1.0),N_A,W,2021,2020,SOR6,0,2020-12-18,INR,42676814461000
RBI:RMS_W_RN(1.0),N_A,W,2021,2020,SOR8,0,2020-12-18,INR,14785770300000
RBI:RMS_W_RN(1.0),N_A,W,2021,2020,SOR1,0,2020-12-11,INR,11138150000000
RBI:RMS_W_RN(1.0),N_A,W,2021,2020,SOR8,0,2020-12-11,INR,14604510300000
RBI:RMS_W_RN(1.0),N_A,W,2021,2020,SOR5,0,2020-12-11,INR,111530000000
RBI:RMS_W_RN(1.0),N_A,W,2021,2020,SOR7,0,2020-12-11,INR,266183440000
RBI:RMS_W_RN(1.0),N_A,W,2021,2020,SOR4,0,2020-12-11,INR,-6327420000000
RBI:RMS_W_RN(1.0),N_A,W,2021,2020,SOR6,0,2020-12-11,INR,42491286130000
RBI:RMS_W_RN(1.0),N_A,W,2021,2020,SOR7,0,2020-12-04,INR,266183440000
RBI:RMS_W_RN(1.0),N_A,W,2021,2020,SOR4,0,2020-12-04,INR,-5909320000000
RBI:RMS_W_RN(1.0),N_A,W,2021,2020,SOR1,0,2020-12-04,INR,10919960000000
RBI:RMS_W_RN(1.0),N_A,W,2021,2020,SOR5,0,2020-12-04,INR,108760000000
RBI:RMS_W_RN(1.0),N_A,W,2021,2020,SOR8,0,2020-12-04,INR,14678150300000
RBI:RMS_W_RN(1.0),N_A,W,2021,2020,SOR6,0,2020-12-04,INR,42551186130000
RBI:RMS_W_RN(1.0),N_A,W,2021,2020,SOR7,0,2020-11-27,INR,266183440000
RBI:RMS_W_RN(1.0),N_A,W,2021,2020,SOR8,0,2020-11-27,INR,14618590300000
RBI:RMS_W_RN(1.0),N_A,W,2021,2020,SOR4,0,2020-11-27,INR,-5454840000000
RBI:RMS_W_RN(1.0),N_A,W,2021,2020,SOR1,0,2020-11-27,INR,10365010000000
RBI:RMS_W_RN(1.0),N_A,W,2021,2020,SOR6,0,2020-11-27,INR,42462606130000
RBI:RMS_W_RN(1.0),N_A,W,2021,2020,SOR5,0,2020-11-27,INR,111750000000
RBI:RMS_W_RN(1.0),N_A,W,2021,2020,SOR4,0,2020-11-20,INR,-5297670000000
RBI:RMS_W_RN(1.0),N_A,W,2021,2020,SOR5,0,2020-11-20,INR,121730000000
RBI:RMS_W_RN(1.0),N_A,W,2021,2020,SOR6,0,2020-11-20,INR,42491246130000
RBI:RMS_W_RN(1.0),N_A,W,2021,2020,SOR7,0,2020-11-20,INR,265405230000
RBI:RMS_W_RN(1.0),N_A,W,2021,2020,SOR8,0,2020-11-20,INR,14649440300000
RBI:RMS_W_RN(1.0),N_A,W,2021,2020,SOR1,0,2020-11-20,INR,10239470000000
RBI:RMS_W_RN(1.0),N_A,W,2021,2020,SOR5,0,2020-11-13,INR,147360000000
RBI:RMS_W_RN(1.0),N_A,W,2021,2020,SOR7,0,2020-11-13,INR,265405230000
RBI:RMS_W_RN(1.0),N_A,W,2021,2020,SOR1,0,2020-11-13,INR,10229360000000
RBI:RMS_W_RN(1.0),N_A,W,2021,2020,SOR8,0,2020-11-13,INR,14812670300000
RBI:RMS_W_RN(1.0),N_A,W,2021,2020,SOR6,0,2020-11-13,INR,42585166130000
RBI:RMS_W_RN(1.0),N_A,W,2021,2020,SOR4,0,2020-11-13,INR,-5280270000000
RBI:RMS_W_RN(1.0),N_A,W,2021,2020,SOR4,0,2020-11-06,INR,-5097450000000
RBI:RMS_W_RN(1.0),N_A,W,2021,2020,SOR1,0,2020-11-06,INR,9963460000000
RBI:RMS_W_RN(1.0),N_A,W,2021,2020,SOR5,0,2020-11-06,INR,149340000000
RBI:RMS_W_RN(1.0),N_A,W,2021,2020,SOR6,0,2020-11-06,INR,42032666130000
RBI:RMS_W_RN(1.0),N_A,W,2021,2020,SOR7,0,2020-11-06,INR,265405230000
RBI:RMS_W_RN(1.0),N_A,W,2021,2020,SOR8,0,2020-11-06,INR,14716030300000
RBI:RMS_W_RN(1.0),N_A,W,2021,2020,SOR5,0,2020-10-30,INR,147950000000
RBI:RMS_W_RN(1.0),N_A,W,2021,2020,SOR4,0,2020-10-30,INR,-4676930000000
RBI:RMS_W_RN(1.0),N_A,W,2021,2020,SOR7,0,2020-10-30,INR,265405230000
RBI:RMS_W_RN(1.0),N_A,W,2021,2020,SOR8,0,2020-10-30,INR,14243660300000
RBI:RMS_W_RN(1.0),N_A,W,2021,2020,SOR1,0,2020-10-30,INR,9449110000000
RBI:RMS_W_RN(1.0),N_A,W,2021,2020,SOR6,0,2020-10-30,INR,41502946130000
RBI:RMS_W_RN(1.0),N_A,W,2021,2020,SOR7,0,2020-10-23,INR,264814085000
RBI:RMS_W_RN(1.0),N_A,W,2021,2020,SOR8,0,2020-10-23,INR,14121210300000
RBI:RMS_W_RN(1.0),N_A,W,2021,2020,SOR5,0,2020-10-23,INR,147920000000
RBI:RMS_W_RN(1.0),N_A,W,2021,2020,SOR6,0,2020-10-23,INR,41209406031000
RBI:RMS_W_RN(1.0),N_A,W,2021,2020,SOR1,0,2020-10-23,INR,9054540000000
RBI:RMS_W_RN(1.0),N_A,W,2021,2020,SOR4,0,2020-10-23,INR,-4297330000000
RBI:RMS_W_RN(1.0),N_A,W,2021,2020,SOR6,0,2020-10-16,INR,40611266031000
RBI:RMS_W_RN(1.0),N_A,W,2021,2020,SOR1,0,2020-10-16,INR,9486640000000
RBI:RMS_W_RN(1.0),N_A,W,2021,2020,SOR8,0,2020-10-16,INR,13891250300000
RBI:RMS_W_RN(1.0),N_A,W,2021,2020,SOR4,0,2020-10-16,INR,-4315560000000
RBI:RMS_W_RN(1.0),N_A,W,2021,2020,SOR5,0,2020-10-16,INR,148050000000
RBI:RMS_W_RN(1.0),N_A,W,2021,2020,SOR7,0,2020-10-16,INR,264814085000
RBI:RMS_W_RN(1.0),N_A,W,2021,2020,SOR7,0,2020-10-09,INR,264814085000
RBI:RMS_W_RN(1.0),N_A,W,2021,2020,SOR5,0,2020-10-09,INR,148040000000
RBI:RMS_W_RN(1.0),N_A,W,2021,2020,SOR4,0,2020-10-09,INR,-3967160000000
RBI:RMS_W_RN(1.0),N_A,W,2021,2020,SOR6,0,2020-10-09,INR,40299976031000
RBI:RMS_W_RN(1.0),N_A,W,2021,2020,SOR1,0,2020-10-09,INR,9256010000000
RBI:RMS_W_RN(1.0),N_A,W,2021,2020,SOR8,0,2020-10-09,INR,13821730300000
RBI:RMS_W_RN(1.0),N_A,W,2021,2020,SOR6,0,2020-10-02,INR,39866386031000
RBI:RMS_W_RN(1.0),N_A,W,2021,2020,SOR8,0,2020-10-02,INR,13796730300000
RBI:RMS_W_RN(1.0),N_A,W,2021,2020,SOR5,0,2020-10-02,INR,147940000000
RBI:RMS_W_RN(1.0),N_A,W,2021,2020,SOR4,0,2020-10-02,INR,-3807860000000
RBI:RMS_W_RN(1.0),N_A,W,2021,2020,SOR7,0,2020-10-02,INR,264814085000
RBI:RMS_W_RN(1.0),N_A,W,2021,2020,SOR1,0,2020-10-02,INR,9471030000000
RBI:RMS_W_RN(1.0),N_A,W,2021,2020,SOR8,0,2020-09-25,INR,13843840300000
RBI:RMS_W_RN(1.0),N_A,W,2021,2020,SOR1,0,2020-09-25,INR,8364300000000
RBI:RMS_W_RN(1.0),N_A,W,2021,2020,SOR7,0,2020-09-25,INR,264814085000
RBI:RMS_W_RN(1.0),N_A,W,2021,2020,SOR4,0,2020-09-25,INR,-2894470000000
RBI:RMS_W_RN(1.0),N_A,W,2021,2020,SOR5,0,2020-09-25,INR,147400000000
RBI:RMS_W_RN(1.0),N_A,W,2021,2020,SOR6,0,2020-09-25,INR,39855686031000
RBI:RMS_W_RN(1.0),N_A,W,2021,2020,SOR6,0,2020-09-18,INR,39982546031000
RBI:RMS_W_RN(1.0),N_A,W,2021,2020,SOR8,0,2020-09-18,INR,14086810300000
RBI:RMS_W_RN(1.0),N_A,W,2021,2020,SOR4,0,2020-09-18,INR,-2584570000000
RBI:RMS_W_RN(1.0),N_A,W,2021,2020,SOR1,0,2020-09-18,INR,8488920000000
RBI:RMS_W_RN(1.0),N_A,W,2021,2020,SOR7,0,2020-09-18,INR,264508801000
RBI:RMS_W_RN(1.0),N_A,W,2021,2020,SOR5,0,2020-09-18,INR,138440000000
RBI:RMS_W_RN(1.0),N_A,W,2021,2020,SOR5,0,2020-09-11,INR,138440000000
RBI:RMS_W_RN(1.0),N_A,W,2021,2020,SOR1,0,2020-09-11,INR,9769990000000
RBI:RMS_W_RN(1.0),N_A,W,2021,2020,SOR6,0,2020-09-11,INR,39648066031000
RBI:RMS_W_RN(1.0),N_A,W,2021,2020,SOR8,0,2020-09-11,INR,14085990300000
RBI:RMS_W_RN(1.0),N_A,W,2021,2020,SOR4,0,2020-09-11,INR,-3670450000000
RBI:RMS_W_RN(1.0),N_A,W,2021,2020,SOR7,0,2020-09-11,INR,264508801000
RBI:RMS_W_RN(1.0),N_A,W,2021,2020,SOR6,0,2020-09-04,INR,39459996031000
RBI:RMS_W_RN(1.0),N_A,W,2021,2020,SOR7,0,2020-09-04,INR,264508801000
RBI:RMS_W_RN(1.0),N_A,W,2021,2020,SOR8,0,2020-09-04,INR,13924070300000
RBI:RMS_W_RN(1.0),N_A,W,2021,2020,SOR5,0,2020-09-04,INR,135300000000
RBI:RMS_W_RN(1.0),N_A,W,2021,2020,SOR4,0,2020-09-04,INR,-4146820000000
RBI:RMS_W_RN(1.0),N_A,W,2021,2020,SOR1,0,2020-09-04,INR,10371100000000
RBI:RMS_W_RN(1.0),N_A,W,2021,2020,SOR6,0,2020-08-28,INR,39577216031000
RBI:RMS_W_RN(1.0),N_A,W,2021,2020,SOR4,0,2020-08-28,INR,-3956290000000
RBI:RMS_W_RN(1.0),N_A,W,2021,2020,SOR1,0,2020-08-28,INR,10151460000000
RBI:RMS_W_RN(1.0),N_A,W,2021,2020,SOR8,0,2020-08-28,INR,14219490300000
RBI:RMS_W_RN(1.0),N_A,W,2021,2020,SOR7,0,2020-08-28,INR,264508801000
RBI:RMS_W_RN(1.0),N_A,W,2021,2020,SOR5,0,2020-08-28,INR,115650000000
RBI:RMS_W_RN(1.0),N_A,W,2021,2020,SOR8,0,2020-08-21,INR,14896140300000
RBI:RMS_W_RN(1.0),N_A,W,2021,2020,SOR1,0,2020-08-21,INR,9947540000000
RBI:RMS_W_RN(1.0),N_A,W,2021,2020,SOR5,0,2020-08-21,INR,116130000000
RBI:RMS_W_RN(1.0),N_A,W,2021,2020,SOR6,0,2020-08-21,INR,40078826031000
RBI:RMS_W_RN(1.0),N_A,W,2021,2020,SOR4,0,2020-08-21,INR,-3580660000000
RBI:RMS_W_RN(1.0),N_A,W,2021,2020,SOR7,0,2020-08-21,INR,264294739000
RBI:RMS_W_RN(1.0),N_A,W,2021,2020,SOR5,0,2020-08-14,INR,116130000000
RBI:RMS_W_RN(1.0),N_A,W,2021,2020,SOR7,0,2020-08-14,INR,264294739000
RBI:RMS_W_RN(1.0),N_A,W,2021,2020,SOR1,0,2020-08-14,INR,9798440000000
RBI:RMS_W_RN(1.0),N_A,W,2021,2020,SOR6,0,2020-08-14,INR,39937096031000
RBI:RMS_W_RN(1.0),N_A,W,2021,2020,SOR8,0,2020-08-14,INR,14877700300000
RBI:RMS_W_RN(1.0),N_A,W,2021,2020,SOR4,0,2020-08-14,INR,-3217440000000
RBI:RMS_W_RN(1.0),N_A,W,2021,2020,SOR1,0,2020-08-07,INR,10750130000000
RBI:RMS_W_RN(1.0),N_A,W,2021,2020,SOR5,0,2020-08-07,INR,115880000000
RBI:RMS_W_RN(1.0),N_A,W,2021,2020,SOR6,0,2020-08-07,INR,40171836031000
RBI:RMS_W_RN(1.0),N_A,W,2021,2020,SOR7,0,2020-08-07,INR,264294739000
RBI:RMS_W_RN(1.0),N_A,W,2021,2020,SOR4,0,2020-08-07,INR,-3717370000000
RBI:RMS_W_RN(1.0),N_A,W,2021,2020,SOR8,0,2020-08-07,INR,15711020300000
RBI:RMS_W_RN(1.0),N_A,W,2021,2020,SOR8,0,2020-07-31,INR,15472640300000
RBI:RMS_W_RN(1.0),N_A,W,2021,2020,SOR6,0,2020-07-31,INR,39835096031000
RBI:RMS_W_RN(1.0),N_A,W,2021,2020,SOR5,0,2020-07-31,INR,115880000000
RBI:RMS_W_RN(1.0),N_A,W,2021,2020,SOR7,0,2020-07-31,INR,264294739000
RBI:RMS_W_RN(1.0),N_A,W,2021,2020,SOR1,0,2020-07-31,INR,10786620000000
RBI:RMS_W_RN(1.0),N_A,W,2021,2020,SOR4,0,2020-07-31,INR,-3715710000000
RBI:RMS_W_RN(1.0),N_A,W,2021,2020,SOR6,0,2020-07-24,INR,38965026031000
RBI:RMS_W_RN(1.0),N_A,W,2021,2020,SOR8,0,2020-07-24,INR,15086640300000
RBI:RMS_W_RN(1.0),N_A,W,2021,2020,SOR5,0,2020-07-24,INR,115800000000
RBI:RMS_W_RN(1.0),N_A,W,2021,2020,SOR1,0,2020-07-24,INR,10161870000000
RBI:RMS_W_RN(1.0),N_A,W,2021,2020,SOR7,0,2020-07-24,INR,264113236000
RBI:RMS_W_RN(1.0),N_A,W,2021,2020,SOR4,0,2020-07-24,INR,-2659600000000
RBI:RMS_W_RN(1.0),N_A,W,2021,2020,SOR6,0,2020-07-17,INR,38690016031000
RBI:RMS_W_RN(1.0),N_A,W,2021,2020,SOR7,0,2020-07-17,INR,264113236000
RBI:RMS_W_RN(1.0),N_A,W,2021,2020,SOR1,0,2020-07-17,INR,10770330000000
RBI:RMS_W_RN(1.0),N_A,W,2021,2020,SOR8,0,2020-07-17,INR,14932610300000
RBI:RMS_W_RN(1.0),N_A,W,2021,2020,SOR5,0,2020-07-17,INR,118270000000
RBI:RMS_W_RN(1.0),N_A,W,2021,2020,SOR4,0,2020-07-17,INR,-3079960000000
RBI:RMS_W_RN(1.0),N_A,W,2021,2020,SOR1,0,2020-07-10,INR,11238350000000
RBI:RMS_W_RN(1.0),N_A,W,2021,2020,SOR8,0,2020-07-10,INR,14986240300000
RBI:RMS_W_RN(1.0),N_A,W,2021,2020,SOR5,0,2020-07-10,INR,118480000000
RBI:RMS_W_RN(1.0),N_A,W,2021,2020,SOR7,0,2020-07-10,INR,264113236000
RBI:RMS_W_RN(1.0),N_A,W,2021,2020,SOR4,0,2020-07-10,INR,-3571730000000
RBI:RMS_W_RN(1.0),N_A,W,2021,2020,SOR6,0,2020-07-10,INR,38692843031000
RBI:RMS_W_RN(1.0),N_A,W,2021,2020,SOR7,0,2020-07-03,INR,264113236000
RBI:RMS_W_RN(1.0),N_A,W,2021,2020,SOR6,0,2020-07-03,INR,38133413031000
RBI:RMS_W_RN(1.0),N_A,W,2021,2020,SOR5,0,2020-07-03,INR,118480000000
RBI:RMS_W_RN(1.0),N_A,W,2021,2020,SOR8,0,2020-07-03,INR,14551210300000
RBI:RMS_W_RN(1.0),N_A,W,2021,2020,SOR1,0,2020-07-03,INR,11810170000000
RBI:RMS_W_RN(1.0),N_A,W,2021,2020,SOR4,0,2020-07-03,INR,-3976140000000
RBI:RMS_W_RN(1.0),N_A,W,2021,2020,SOR7,0,2020-06-26,INR,264113236000
RBI:RMS_W_RN(1.0),N_A,W,2021,2020,SOR8,0,2020-06-26,INR,14957630300000
RBI:RMS_W_RN(1.0),N_A,W,2021,2020,SOR5,0,2020-06-26,INR,92030000000
RBI:RMS_W_RN(1.0),N_A,W,2021,2020,SOR4,0,2020-06-26,INR,-3223300000000
RBI:RMS_W_RN(1.0),N_A,W,2021,2020,SOR6,0,2020-06-26,INR,38117217134000
RBI:RMS_W_RN(1.0),N_A,W,2021,2020,SOR1,0,2020-06-26,INR,11344320000000
RBI:RMS_W_RN(1.0),N_A,W,2021,2020,SOR7,0,2020-06-19,INR,263868646999.99997
RBI:RMS_W_RN(1.0),N_A,W,2021,2020,SOR5,0,2020-06-19,INR,71870000000
RBI:RMS_W_RN(1.0),N_A,W,2021,2020,SOR1,0,2020-06-19,INR,11238960000000
RBI:RMS_W_RN(1.0),N_A,W,2021,2020,SOR4,0,2020-06-19,INR,-2893990000000
RBI:RMS_W_RN(1.0),N_A,W,2021,2020,SOR8,0,2020-06-19,INR,15150010300000
RBI:RMS_W_RN(1.0),N_A,W,2021,2020,SOR6,0,2020-06-19,INR,38307137134000
RBI:RMS_W_RN(1.0),N_A,W,2021,2020,SOR4,0,2020-06-12,INR,-3594430000000
RBI:RMS_W_RN(1.0),N_A,W,2021,2020,SOR6,0,2020-06-12,INR,38245647134000
RBI:RMS_W_RN(1.0),N_A,W,2021,2020,SOR7,0,2020-06-12,INR,263868646999.99997
RBI:RMS_W_RN(1.0),N_A,W,2021,2020,SOR8,0,2020-06-12,INR,15081060300000
RBI:RMS_W_RN(1.0),N_A,W,2021,2020,SOR5,0,2020-06-12,INR,79490000000
RBI:RMS_W_RN(1.0),N_A,W,2021,2020,SOR1,0,2020-06-12,INR,11631680000000
RBI:RMS_W_RN(1.0),N_A,W,2021,2020,SOR8,0,2020-06-05,INR,14860360300000
RBI:RMS_W_RN(1.0),N_A,W,2021,2020,SOR7,0,2020-06-05,INR,263868646999.99997
RBI:RMS_W_RN(1.0),N_A,W,2021,2020,SOR6,0,2020-06-05,INR,37709177134000
RBI:RMS_W_RN(1.0),N_A,W,2021,2020,SOR5,0,2020-06-05,INR,67960000000
RBI:RMS_W_RN(1.0),N_A,W,2021,2020,SOR4,0,2020-06-05,INR,-3364400000000
RBI:RMS_W_RN(1.0),N_A,W,2021,2020,SOR1,0,2020-06-05,INR,11835450000000
RBI:RMS_W_RN(1.0),N_A,W,2021,2020,SOR6,0,2020-05-29,INR,37089758742000
RBI:RMS_W_RN(1.0),N_A,W,2021,2020,SOR1,0,2020-05-29,INR,11799220000000
RBI:RMS_W_RN(1.0),N_A,W,2021,2020,SOR5,0,2020-05-29,INR,73160000000
RBI:RMS_W_RN(1.0),N_A,W,2021,2020,SOR4,0,2020-05-29,INR,-3296040000000
RBI:RMS_W_RN(1.0),N_A,W,2021,2020,SOR7,0,2020-05-29,INR,263868646999.99997
RBI:RMS_W_RN(1.0),N_A,W,2021,2020,SOR8,0,2020-05-29,INR,14613480300000
RBI:RMS_W_RN(1.0),N_A,W,2021,2020,SOR6,0,2020-05-22,INR,37001618742000
RBI:RMS_W_RN(1.0),N_A,W,2021,2020,SOR1,0,2020-05-22,INR,12660000000000
RBI:RMS_W_RN(1.0),N_A,W,2021,2020,SOR5,0,2020-05-22,INR,56800000000
RBI:RMS_W_RN(1.0),N_A,W,2021,2020,SOR7,0,2020-05-22,INR,263591434999.99997
RBI:RMS_W_RN(1.0),N_A,W,2021,2020,SOR4,0,2020-05-22,INR,-4176960000000
RBI:RMS_W_RN(1.0),N_A,W,2021,2020,SOR8,0,2020-05-22,INR,14596430300000
RBI:RMS_W_RN(1.0),N_A,W,2021,2020,SOR1,0,2020-05-15,INR,13077970000000
RBI:RMS_W_RN(1.0),N_A,W,2021,2020,SOR6,0,2020-05-15,INR,36650259521000
RBI:RMS_W_RN(1.0),N_A,W,2021,2020,SOR8,0,2020-05-15,INR,14354990300000
RBI:RMS_W_RN(1.0),N_A,W,2021,2020,SOR5,0,2020-05-15,INR,33360000000
RBI:RMS_W_RN(1.0),N_A,W,2021,2020,SOR4,0,2020-05-15,INR,-4716570000000
RBI:RMS_W_RN(1.0),N_A,W,2021,2020,SOR7,0,2020-05-15,INR,263591434999.99997
RBI:RMS_W_RN(1.0),N_A,W,2021,2020,SOR6,0,2020-05-08,INR,36524099521000
RBI:RMS_W_RN(1.0),N_A,W,2021,2020,SOR4,0,2020-05-08,INR,-5002940000000
RBI:RMS_W_RN(1.0),N_A,W,2021,2020,SOR1,0,2020-05-08,INR,13136720000000
RBI:RMS_W_RN(1.0),N_A,W,2021,2020,SOR7,0,2020-05-08,INR,263591434999.99997
RBI:RMS_W_RN(1.0),N_A,W,2021,2020,SOR8,0,2020-05-08,INR,14345000300000
RBI:RMS_W_RN(1.0),N_A,W,2021,2020,SOR5,0,2020-05-08,INR,78190000000
RBI:RMS_W_RN(1.0),N_A,W,2021,2020,SOR6,0,2020-05-01,INR,36056109521000
RBI:RMS_W_RN(1.0),N_A,W,2021,2020,SOR5,0,2020-05-01,INR,64740000000
RBI:RMS_W_RN(1.0),N_A,W,2021,2020,SOR1,0,2020-05-01,INR,13140230000000
RBI:RMS_W_RN(1.0),N_A,W,2021,2020,SOR8,0,2020-05-01,INR,14147310300000
RBI:RMS_W_RN(1.0),N_A,W,2021,2020,SOR7,0,2020-05-01,INR,263591434999.99997
RBI:RMS_W_RN(1.0),N_A,W,2021,2020,SOR4,0,2020-05-01,INR,-4714970000000
RBI:RMS_W_RN(1.0),N_A,W,2021,2020,SOR4,0,2020-04-24,INR,-4325220000000
RBI:RMS_W_RN(1.0),N_A,W,2021,2020,SOR5,0,2020-04-24,INR,61260000000
RBI:RMS_W_RN(1.0),N_A,W,2021,2020,SOR8,0,2020-04-24,INR,14563640300000
RBI:RMS_W_RN(1.0),N_A,W,2021,2020,SOR7,0,2020-04-24,INR,263591434999.99997
RBI:RMS_W_RN(1.0),N_A,W,2021,2020,SOR6,0,2020-04-24,INR,36616022017000
RBI:RMS_W_RN(1.0),N_A,W,2021,2020,SOR1,0,2020-04-24,INR,12145170000000
RBI:RMS_W_RN(1.0),N_A,W,2021,2020,SOR5,0,2020-04-17,INR,70660000000
RBI:RMS_W_RN(1.0),N_A,W,2021,2020,SOR8,0,2020-04-17,INR,14537630300000
RBI:RMS_W_RN(1.0),N_A,W,2021,2020,SOR7,0,2020-04-17,INR,263475166000
RBI:RMS_W_RN(1.0),N_A,W,2021,2020,SOR4,0,2020-04-17,INR,-4339910000000
RBI:RMS_W_RN(1.0),N_A,W,2021,2020,SOR6,0,2020-04-17,INR,36584052017000
RBI:RMS_W_RN(1.0),N_A,W,2021,2020,SOR1,0,2020-04-17,INR,12119950000000
RBI:RMS_W_RN(1.0),N_A,W,2021,2020,SOR5,0,2020-04-10,INR,76120000000
RBI:RMS_W_RN(1.0),N_A,W,2021,2020,SOR4,0,2020-04-10,INR,-4454180000000
RBI:RMS_W_RN(1.0),N_A,W,2021,2020,SOR8,0,2020-04-10,INR,14282260300000
RBI:RMS_W_RN(1.0),N_A,W,2021,2020,SOR1,0,2020-04-10,INR,11710480000000
RBI:RMS_W_RN(1.0),N_A,W,2021,2020,SOR7,0,2020-04-10,INR,263475166000
RBI:RMS_W_RN(1.0),N_A,W,2021,2020,SOR6,0,2020-04-10,INR,36307372017000
RBI:RMS_W_RN(1.0),N_A,W,2021,2020,SOR6,0,2020-04-03,INR,36029832017000
RBI:RMS_W_RN(1.0),N_A,W,2021,2020,SOR1,0,2020-04-03,INR,10880180000000
RBI:RMS_W_RN(1.0),N_A,W,2021,2020,SOR7,0,2020-04-03,INR,263475166000
RBI:RMS_W_RN(1.0),N_A,W,2021,2020,SOR4,0,2020-04-03,INR,-3572390000000
RBI:RMS_W_RN(1.0),N_A,W,2021,2020,SOR5,0,2020-04-03,INR,125130000000
RBI:RMS_W_RN(1.0),N_A,W,2021,2020,SOR8,0,2020-04-03,INR,13996790300000
RBI:RMS_W_RN(1.0),N_A,W,2020,2019,SOR1,0,2020-03-31,INR,9921920000000
RBI:RMS_W_RN(1.0),N_A,W,2020,2019,SOR4,0,2020-03-31,INR,-2140590000000
RBI:RMS_W_RN(1.0),N_A,W,2020,2019,SOR8,0,2020-03-31,INR,13783420300000
RBI:RMS_W_RN(1.0),N_A,W,2020,2019,SOR7,0,2020-03-31,INR,263475166000
RBI:RMS_W_RN(1.0),N_A,W,2020,2019,SOR5,0,2020-03-31,INR,131660000000
RBI:RMS_W_RN(1.0),N_A,W,2020,2019,SOR6,0,2020-03-31,INR,35904022017000
RBI:RMS_W_RN(1.0),N_A,W,2020,2019,SOR8,0,2020-03-27,INR,13446710300000
RBI:RMS_W_RN(1.0),N_A,W,2020,2019,SOR1,0,2020-03-27,INR,10941340000000
RBI:RMS_W_RN(1.0),N_A,W,2020,2019,SOR7,0,2020-03-27,INR,263145548000.00003
RBI:RMS_W_RN(1.0),N_A,W,2020,2019,SOR5,0,2020-03-27,INR,116130000000
RBI:RMS_W_RN(1.0),N_A,W,2020,2019,SOR6,0,2020-03-27,INR,35459332017000
RBI:RMS_W_RN(1.0),N_A,W,2020,2019,SOR4,0,2020-03-27,INR,-2759640000000
RBI:RMS_W_RN(1.0),N_A,W,2020,2019,SOR8,0,2020-03-20,INR,12955460300000
RBI:RMS_W_RN(1.0),N_A,W,2020,2019,SOR7,0,2020-03-20,INR,263145548000.00003
RBI:RMS_W_RN(1.0),N_A,W,2020,2019,SOR4,0,2020-03-20,INR,-1689920000000
RBI:RMS_W_RN(1.0),N_A,W,2020,2019,SOR5,0,2020-03-20,INR,43490000000
RBI:RMS_W_RN(1.0),N_A,W,2020,2019,SOR1,0,2020-03-20,INR,9960150000000
RBI:RMS_W_RN(1.0),N_A,W,2020,2019,SOR6,0,2020-03-20,INR,35182152017000
RBI:RMS_W_RN(1.0),N_A,W,2020,2019,SOR7,0,2020-03-13,INR,263145548326.6
RBI:RMS_W_RN(1.0),N_A,W,2020,2019,SOR6,0,2020-03-13,INR,35529652016912.695
RBI:RMS_W_RN(1.0),N_A,W,2020,2019,SOR8,0,2020-03-13,INR,13093370300000
RBI:RMS_W_RN(1.0),N_A,W,2020,2019,SOR5,0,2020-03-13,INR,37300000000
RBI:RMS_W_RN(1.0),N_A,W,2020,2019,SOR4,0,2020-03-13,INR,-2686110000000
RBI:RMS_W_RN(1.0),N_A,W,2020,2019,SOR1,0,2020-03-13,INR,10239250000000
RBI:RMS_W_RN(1.0),N_A,W,2020,2019,SOR1,0,2020-03-06,INR,10374110000000
RBI:RMS_W_RN(1.0),N_A,W,2020,2019,SOR5,0,2020-03-06,INR,37790000000
RBI:RMS_W_RN(1.0),N_A,W,2020,2019,SOR6,0,2020-03-06,INR,35872140016912.7
RBI:RMS_W_RN(1.0),N_A,W,2020,2019,SOR7,0,2020-03-06,INR,263145548326.6
RBI:RMS_W_RN(1.0),N_A,W,2020,2019,SOR4,0,2020-03-06,INR,-2882600000000
RBI:RMS_W_RN(1.0),N_A,W,2020,2019,SOR8,0,2020-03-06,INR,13434760300000
RBI:RMS_W_RN(1.0),N_A,W,2020,2019,SOR8,0,2020-02-28,INR,12148790300000
RBI:RMS_W_RN(1.0),N_A,W,2020,2019,SOR6,0,2020-02-28,INR,34731690016912.703
RBI:RMS_W_RN(1.0),N_A,W,2020,2019,SOR7,0,2020-02-28,INR,263145548326.6
RBI:RMS_W_RN(1.0),N_A,W,2020,2019,SOR5,0,2020-02-28,INR,37790000000
RBI:RMS_W_RN(1.0),N_A,W,2020,2019,SOR4,0,2020-02-28,INR,-3046220000000
RBI:RMS_W_RN(1.0),N_A,W,2020,2019,SOR1,0,2020-02-28,INR,9905390000000
RBI:RMS_W_RN(1.0),N_A,W,2020,2019,SOR5,0,2020-02-21,INR,44270000000
RBI:RMS_W_RN(1.0),N_A,W,2020,2019,SOR4,0,2020-02-21,INR,-2330230000000
RBI:RMS_W_RN(1.0),N_A,W,2020,2019,SOR8,0,2020-02-21,INR,11631960300000
RBI:RMS_W_RN(1.0),N_A,W,2020,2019,SOR1,0,2020-02-21,INR,9344520000000
RBI:RMS_W_RN(1.0),N_A,W,2020,2019,SOR7,0,2020-02-21,INR,262796662283.6
RBI:RMS_W_RN(1.0),N_A,W,2020,2019,SOR6,0,2020-02-21,INR,34085310016912.703
RBI:RMS_W_RN(1.0),N_A,W,2020,2019,SOR1,0,2020-02-14,INR,9975470000000
RBI:RMS_W_RN(1.0),N_A,W,2020,2019,SOR8,0,2020-02-14,INR,11527700300000
RBI:RMS_W_RN(1.0),N_A,W,2020,2019,SOR4,0,2020-02-14,INR,-2936910000000
RBI:RMS_W_RN(1.0),N_A,W,2020,2019,SOR6,0,2020-02-14,INR,33963710016912.703
RBI:RMS_W_RN(1.0),N_A,W,2020,2019,SOR7,0,2020-02-14,INR,262796662283.6
RBI:RMS_W_RN(1.0),N_A,W,2020,2019,SOR5,0,2020-02-14,INR,41100000000
RBI:RMS_W_RN(1.0),N_A,W,2020,2019,SOR5,0,2020-02-07,INR,63800000000
RBI:RMS_W_RN(1.0),N_A,W,2020,2019,SOR8,0,2020-02-07,INR,11536690300000
RBI:RMS_W_RN(1.0),N_A,W,2020,2019,SOR7,0,2020-02-07,INR,262796662283.6
RBI:RMS_W_RN(1.0),N_A,W,2020,2019,SOR1,0,2020-02-07,INR,10155570000000
RBI:RMS_W_RN(1.0),N_A,W,2020,2019,SOR4,0,2020-02-07,INR,-3196420000000
RBI:RMS_W_RN(1.0),N_A,W,2020,2019,SOR6,0,2020-02-07,INR,33691430016912.703
RBI:RMS_W_RN(1.0),N_A,W,2020,2019,SOR1,0,2020-01-31,INR,10570370000000
RBI:RMS_W_RN(1.0),N_A,W,2020,2019,SOR7,0,2020-01-31,INR,262796662283.6
RBI:RMS_W_RN(1.0),N_A,W,2020,2019,SOR8,0,2020-01-31,INR,11583860300000
RBI:RMS_W_RN(1.0),N_A,W,2020,2019,SOR4,0,2020-01-31,INR,-3453000000000
RBI:RMS_W_RN(1.0),N_A,W,2020,2019,SOR6,0,2020-01-31,INR,33510740016912.703
RBI:RMS_W_RN(1.0),N_A,W,2020,2019,SOR5,0,2020-01-31,INR,63800000000
RBI:RMS_W_RN(1.0),N_A,W,2020,2019,SOR1,0,2020-01-24,INR,10092710000000
RBI:RMS_W_RN(1.0),N_A,W,2020,2019,SOR7,0,2020-01-24,INR,262383652414
RBI:RMS_W_RN(1.0),N_A,W,2020,2019,SOR6,0,2020-01-24,INR,33159320016912.703
RBI:RMS_W_RN(1.0),N_A,W,2020,2019,SOR4,0,2020-01-24,INR,-2841260000000
RBI:RMS_W_RN(1.0),N_A,W,2020,2019,SOR5,0,2020-01-24,INR,60140000000
RBI:RMS_W_RN(1.0),N_A,W,2020,2019,SOR8,0,2020-01-24,INR,11502140300000
RBI:RMS_W_RN(1.0),N_A,W,2020,2019,SOR4,0,2020-01-17,INR,-3099540000000
RBI:RMS_W_RN(1.0),N_A,W,2020,2019,SOR7,0,2020-01-17,INR,262383652414
RBI:RMS_W_RN(1.0),N_A,W,2020,2019,SOR1,0,2020-01-17,INR,10700180000000
RBI:RMS_W_RN(1.0),N_A,W,2020,2019,SOR6,0,2020-01-17,INR,32715725600067.7
RBI:RMS_W_RN(1.0),N_A,W,2020,2019,SOR5,0,2020-01-17,INR,62360000000
RBI:RMS_W_RN(1.0),N_A,W,2020,2019,SOR8,0,2020-01-17,INR,11379210300000
RBI:RMS_W_RN(1.0),N_A,W,2020,2019,SOR5,0,2020-01-10,INR,62110000000
RBI:RMS_W_RN(1.0),N_A,W,2020,2019,SOR4,0,2020-01-10,INR,-3217940000000
RBI:RMS_W_RN(1.0),N_A,W,2020,2019,SOR1,0,2020-01-10,INR,10681590000000
RBI:RMS_W_RN(1.0),N_A,W,2020,2019,SOR8,0,2020-01-10,INR,11274000300000
RBI:RMS_W_RN(1.0),N_A,W,2020,2019,SOR6,0,2020-01-10,INR,32598435600067.7
RBI:RMS_W_RN(1.0),N_A,W,2020,2019,SOR7,0,2020-01-10,INR,262383652414
RBI:RMS_W_RN(1.0),N_A,W,2020,2019,SOR6,0,2020-01-03,INR,32984185600067.7
RBI:RMS_W_RN(1.0),N_A,W,2020,2019,SOR8,0,2020-01-03,INR,11683850300000
RBI:RMS_W_RN(1.0),N_A,W,2020,2019,SOR4,0,2020-01-03,INR,-4113350000000
RBI:RMS_W_RN(1.0),N_A,W,2020,2019,SOR5,0,2020-01-03,INR,62730000000
RBI:RMS_W_RN(1.0),N_A,W,2020,2019,SOR7,0,2020-01-03,INR,262383652414
RBI:RMS_W_RN(1.0),N_A,W,2020,2019,SOR1,0,2020-01-03,INR,11352090000000
RBI:RMS_W_RN(1.0),N_A,W,2020,2019,SOR5,0,2019-12-27,INR,64430000000
RBI:RMS_W_RN(1.0),N_A,W,2020,2019,SOR1,0,2019-12-27,INR,9894120000000
RBI:RMS_W_RN(1.0),N_A,W,2020,2019,SOR7,0,2019-12-27,INR,262383652000
RBI:RMS_W_RN(1.0),N_A,W,2020,2019,SOR8,0,2019-12-27,INR,11433910300000
RBI:RMS_W_RN(1.0),N_A,W,2020,2019,SOR6,0,2019-12-27,INR,32521635600000
RBI:RMS_W_RN(1.0),N_A,W,2020,2019,SOR4,0,2019-12-27,INR,-2459240000000
RBI:RMS_W_RN(1.0),N_A,W,2020,2019,SOR7,0,2019-12-20,INR,261780996000
RBI:RMS_W_RN(1.0),N_A,W,2020,2019,SOR5,0,2019-12-20,INR,67020000000
RBI:RMS_W_RN(1.0),N_A,W,2020,2019,SOR1,0,2019-12-20,INR,9799210000000
RBI:RMS_W_RN(1.0),N_A,W,2020,2019,SOR8,0,2019-12-20,INR,11230960300000
RBI:RMS_W_RN(1.0),N_A,W,2020,2019,SOR4,0,2019-12-20,INR,-2027970000000
RBI:RMS_W_RN(1.0),N_A,W,2020,2019,SOR6,0,2019-12-20,INR,32228389415000
RBI:RMS_W_RN(1.0),N_A,W,2020,2019,SOR4,0,2019-12-13,INR,-2821760000000
RBI:RMS_W_RN(1.0),N_A,W,2020,2019,SOR6,0,2019-12-13,INR,32071599415000
RBI:RMS_W_RN(1.0),N_A,W,2020,2019,SOR8,0,2019-12-13,INR,11162490300000
RBI:RMS_W_RN(1.0),N_A,W,2020,2019,SOR7,0,2019-12-13,INR,261780996000
RBI:RMS_W_RN(1.0),N_A,W,2020,2019,SOR5,0,2019-12-13,INR,63970000000
RBI:RMS_W_RN(1.0),N_A,W,2020,2019,SOR1,0,2019-12-13,INR,10442790000000
RBI:RMS_W_RN(1.0),N_A,W,2020,2019,SOR7,0,2019-12-06,INR,261780996000
RBI:RMS_W_RN(1.0),N_A,W,2020,2019,SOR8,0,2019-12-06,INR,11329170300000
RBI:RMS_W_RN(1.0),N_A,W,2020,2019,SOR1,0,2019-12-06,INR,10643680000000
RBI:RMS_W_RN(1.0),N_A,W,2020,2019,SOR5,0,2019-12-06,INR,68940000000
RBI:RMS_W_RN(1.0),N_A,W,2020,2019,SOR6,0,2019-12-06,INR,32226629415000
RBI:RMS_W_RN(1.0),N_A,W,2020,2019,SOR4,0,2019-12-06,INR,-3013630000000
RBI:RMS_W_RN(1.0),N_A,W,2020,2019,SOR6,0,2019-11-29,INR,32222849415000
RBI:RMS_W_RN(1.0),N_A,W,2020,2019,SOR5,0,2019-11-29,INR,68770000000
RBI:RMS_W_RN(1.0),N_A,W,2020,2019,SOR4,0,2019-11-29,INR,-2473550000000
RBI:RMS_W_RN(1.0),N_A,W,2020,2019,SOR7,0,2019-11-29,INR,261780996000
RBI:RMS_W_RN(1.0),N_A,W,2020,2019,SOR8,0,2019-11-29,INR,11349380300000
RBI:RMS_W_RN(1.0),N_A,W,2020,2019,SOR1,0,2019-11-29,INR,10012490000000
RBI:RMS_W_RN(1.0),N_A,W,2020,2019,SOR6,0,2019-11-22,INR,32072248415000
RBI:RMS_W_RN(1.0),N_A,W,2020,2019,SOR5,0,2019-11-22,INR,71440000000
RBI:RMS_W_RN(1.0),N_A,W,2020,2019,SOR4,0,2019-11-22,INR,-2137340000000
RBI:RMS_W_RN(1.0),N_A,W,2020,2019,SOR7,0,2019-11-22,INR,261225553000
RBI:RMS_W_RN(1.0),N_A,W,2020,2019,SOR1,0,2019-11-22,INR,9654380000000
RBI:RMS_W_RN(1.0),N_A,W,2020,2019,SOR8,0,2019-11-22,INR,11370910300000
RBI:RMS_W_RN(1.0),N_A,W,2020,2019,SOR8,0,2019-11-15,INR,11382260300000
RBI:RMS_W_RN(1.0),N_A,W,2020,2019,SOR1,0,2019-11-15,INR,10304420000000
RBI:RMS_W_RN(1.0),N_A,W,2020,2019,SOR4,0,2019-11-15,INR,-2578080000000
RBI:RMS_W_RN(1.0),N_A,W,2020,2019,SOR6,0,2019-11-15,INR,32084928415000
RBI:RMS_W_RN(1.0),N_A,W,2020,2019,SOR7,0,2019-11-15,INR,261225553000
RBI:RMS_W_RN(1.0),N_A,W,2020,2019,SOR5,0,2019-11-15,INR,73810000000
RBI:RMS_W_RN(1.0),N_A,W,2020,2019,SOR1,0,2019-11-08,INR,10104590000000
RBI:RMS_W_RN(1.0),N_A,W,2020,2019,SOR8,0,2019-11-08,INR,11055710300000
RBI:RMS_W_RN(1.0),N_A,W,2020,2019,SOR7,0,2019-11-08,INR,261225553000
RBI:RMS_W_RN(1.0),N_A,W,2020,2019,SOR6,0,2019-11-08,INR,31756418415000
RBI:RMS_W_RN(1.0),N_A,W,2020,2019,SOR5,0,2019-11-08,INR,73500000000
RBI:RMS_W_RN(1.0),N_A,W,2020,2019,SOR4,0,2019-11-08,INR,-2463330000000
RBI:RMS_W_RN(1.0),N_A,W,2020,2019,SOR7,0,2019-11-01,INR,261225553000
RBI:RMS_W_RN(1.0),N_A,W,2020,2019,SOR6,0,2019-11-01,INR,31490778415000
RBI:RMS_W_RN(1.0),N_A,W,2020,2019,SOR8,0,2019-11-01,INR,11051210300000
RBI:RMS_W_RN(1.0),N_A,W,2020,2019,SOR5,0,2019-11-01,INR,72660000000
RBI:RMS_W_RN(1.0),N_A,W,2020,2019,SOR4,0,2019-11-01,INR,-2710810000000
RBI:RMS_W_RN(1.0),N_A,W,2020,2019,SOR1,0,2019-11-01,INR,10616020000000
RBI:RMS_W_RN(1.0),N_A,W,2020,2019,SOR5,0,2019-10-25,INR,76800000000
RBI:RMS_W_RN(1.0),N_A,W,2020,2019,SOR8,0,2019-10-25,INR,10944900300000
RBI:RMS_W_RN(1.0),N_A,W,2020,2019,SOR7,0,2019-10-25,INR,260452150000
RBI:RMS_W_RN(1.0),N_A,W,2020,2019,SOR6,0,2019-10-25,INR,31269598415000
RBI:RMS_W_RN(1.0),N_A,W,2020,2019,SOR4,0,2019-10-25,INR,-1569540000000
RBI:RMS_W_RN(1.0),N_A,W,2020,2019,SOR1,0,2019-10-25,INR,9669590000000
RBI:RMS_W_RN(1.0),N_A,W,2020,2019,SOR5,0,2019-10-18,INR,76800000000
RBI:RMS_W_RN(1.0),N_A,W,2020,2019,SOR1,0,2019-10-18,INR,9757820000000
RBI:RMS_W_RN(1.0),N_A,W,2020,2019,SOR7,0,2019-10-18,INR,260452150000
RBI:RMS_W_RN(1.0),N_A,W,2020,2019,SOR4,0,2019-10-18,INR,-1680750000000
RBI:RMS_W_RN(1.0),N_A,W,2020,2019,SOR8,0,2019-10-18,INR,11059900300000
RBI:RMS_W_RN(1.0),N_A,W,2020,2019,SOR6,0,2019-10-18,INR,31254638415000
RBI:RMS_W_RN(1.0),N_A,W,2020,2019,SOR4,0,2019-10-11,INR,-2215220000000
RBI:RMS_W_RN(1.0),N_A,W,2020,2019,SOR1,0,2019-10-11,INR,9981860000000
RBI:RMS_W_RN(1.0),N_A,W,2020,2019,SOR7,0,2019-10-11,INR,260452150000
RBI:RMS_W_RN(1.0),N_A,W,2020,2019,SOR8,0,2019-10-11,INR,10958380300000
RBI:RMS_W_RN(1.0),N_A,W,2020,2019,SOR6,0,2019-10-11,INR,31110048415000
RBI:RMS_W_RN(1.0),N_A,W,2020,2019,SOR5,0,2019-10-11,INR,76120000000
RBI:RMS_W_RN(1.0),N_A,W,2020,2019,SOR5,0,2019-10-04,INR,79300000000
RBI:RMS_W_RN(1.0),N_A,W,2020,2019,SOR1,0,2019-10-04,INR,10469810000000
RBI:RMS_W_RN(1.0),N_A,W,2020,2019,SOR4,0,2019-10-04,INR,-2522820000000
RBI:RMS_W_RN(1.0),N_A,W,2020,2019,SOR8,0,2019-10-04,INR,10894240300000
RBI:RMS_W_RN(1.0),N_A,W,2020,2019,SOR7,0,2019-10-04,INR,260452150000
RBI:RMS_W_RN(1.0),N_A,W,2020,2019,SOR6,0,2019-10-04,INR,30938998415000
RBI:RMS_W_RN(1.0),N_A,W,2020,2019,SOR8,0,2019-09-27,INR,10659380300000
RBI:RMS_W_RN(1.0),N_A,W,2020,2019,SOR7,0,2019-09-27,INR,260238882000
RBI:RMS_W_RN(1.0),N_A,W,2020,2019,SOR5,0,2019-09-27,INR,81030000000
RBI:RMS_W_RN(1.0),N_A,W,2020,2019,SOR4,0,2019-09-27,INR,-1649230000000
RBI:RMS_W_RN(1.0),N_A,W,2020,2019,SOR1,0,2019-09-27,INR,9368890000000
RBI:RMS_W_RN(1.0),N_A,W,2020,2019,SOR6,0,2019-09-27,INR,30480388415000
RBI:RMS_W_RN(1.0),N_A,W,2020,2019,SOR4,0,2019-09-20,INR,-384540000000
RBI:RMS_W_RN(1.0),N_A,W,2020,2019,SOR5,0,2019-09-20,INR,80450000000
RBI:RMS_W_RN(1.0),N_A,W,2020,2019,SOR8,0,2019-09-20,INR,10870320300000
RBI:RMS_W_RN(1.0),N_A,W,2020,2019,SOR6,0,2019-09-20,INR,30335868415000
RBI:RMS_W_RN(1.0),N_A,W,2020,2019,SOR1,0,2019-09-20,INR,8621400000000
RBI:RMS_W_RN(1.0),N_A,W,2020,2019,SOR7,0,2019-09-20,INR,260238882000
RBI:RMS_W_RN(1.0),N_A,W,2020,2019,SOR6,0,2019-09-13,INR,30319298415000
RBI:RMS_W_RN(1.0),N_A,W,2020,2019,SOR7,0,2019-09-13,INR,260238882000
RBI:RMS_W_RN(1.0),N_A,W,2020,2019,SOR8,0,2019-09-13,INR,10852320300000
RBI:RMS_W_RN(1.0),N_A,W,2020,2019,SOR5,0,2019-09-13,INR,76370000000
RBI:RMS_W_RN(1.0),N_A,W,2020,2019,SOR1,0,2019-09-13,INR,9611640000000
RBI:RMS_W_RN(1.0),N_A,W,2020,2019,SOR4,0,2019-09-13,INR,-1508610000000
RBI:RMS_W_RN(1.0),N_A,W,2020,2019,SOR1,0,2019-09-06,INR,9760740000000
RBI:RMS_W_RN(1.0),N_A,W,2020,2019,SOR8,0,2019-09-06,INR,11162360300000
RBI:RMS_W_RN(1.0),N_A,W,2020,2019,SOR7,0,2019-09-06,INR,260238882000
RBI:RMS_W_RN(1.0),N_A,W,2020,2019,SOR5,0,2019-09-06,INR,75450000000
RBI:RMS_W_RN(1.0),N_A,W,2020,2019,SOR6,0,2019-09-06,INR,30626658415000
RBI:RMS_W_RN(1.0),N_A,W,2020,2019,SOR4,0,2019-09-06,INR,-1685280000000
RBI:RMS_W_RN(1.0),N_A,W,2020,2019,SOR4,0,2019-08-30,INR,-1301580000000
RBI:RMS_W_RN(1.0),N_A,W,2020,2019,SOR1,0,2019-08-30,INR,9349220000000
RBI:RMS_W_RN(1.0),N_A,W,2020,2019,SOR6,0,2019-08-30,INR,30509028415000
RBI:RMS_W_RN(1.0),N_A,W,2020,2019,SOR5,0,2019-08-30,INR,75970000000
RBI:RMS_W_RN(1.0),N_A,W,2020,2019,SOR8,0,2019-08-30,INR,11061060300000
RBI:RMS_W_RN(1.0),N_A,W,2020,2019,SOR7,0,2019-08-30,INR,260006654000.00003
RBI:RMS_W_RN(1.0),N_A,W,2020,2019,SOR8,0,2019-08-23,INR,12581880300000
RBI:RMS_W_RN(1.0),N_A,W,2020,2019,SOR7,0,2019-08-23,INR,260006654000.00003
RBI:RMS_W_RN(1.0),N_A,W,2020,2019,SOR1,0,2019-08-23,INR,10448780000000
RBI:RMS_W_RN(1.0),N_A,W,2020,2019,SOR5,0,2019-08-23,INR,78560000000
RBI:RMS_W_RN(1.0),N_A,W,2020,2019,SOR6,0,2019-08-23,INR,30653998415000
RBI:RMS_W_RN(1.0),N_A,W,2020,2019,SOR4,0,2019-08-23,INR,-1097480000000
RBI:RMS_W_RN(1.0),N_A,W,2020,2019,SOR6,0,2019-08-16,INR,30477878415000
RBI:RMS_W_RN(1.0),N_A,W,2020,2019,SOR7,0,2019-08-16,INR,260006654000.00003
RBI:RMS_W_RN(1.0),N_A,W,2020,2019,SOR5,0,2019-08-16,INR,78050000000
RBI:RMS_W_RN(1.0),N_A,W,2020,2019,SOR4,0,2019-08-16,INR,-1352610000000
RBI:RMS_W_RN(1.0),N_A,W,2020,2019,SOR1,0,2019-08-16,INR,10894650000000
RBI:RMS_W_RN(1.0),N_A,W,2020,2019,SOR8,0,2019-08-16,INR,12374630300000
RBI:RMS_W_RN(1.0),N_A,W,2020,2019,SOR6,0,2019-08-09,INR,30321488415000
RBI:RMS_W_RN(1.0),N_A,W,2020,2019,SOR7,0,2019-08-09,INR,260006654000.00003
RBI:RMS_W_RN(1.0),N_A,W,2020,2019,SOR8,0,2019-08-09,INR,12165060300000
RBI:RMS_W_RN(1.0),N_A,W,2020,2019,SOR1,0,2019-08-09,INR,10891460000000
RBI:RMS_W_RN(1.0),N_A,W,2020,2019,SOR5,0,2019-08-09,INR,78050000000
RBI:RMS_W_RN(1.0),N_A,W,2020,2019,SOR4,0,2019-08-09,INR,-1661720000000
RBI:RMS_W_RN(1.0),N_A,W,2020,2019,SOR6,0,2019-08-02,INR,29707748415000
RBI:RMS_W_RN(1.0),N_A,W,2020,2019,SOR7,0,2019-08-02,INR,260006654000.00003
RBI:RMS_W_RN(1.0),N_A,W,2020,2019,SOR5,0,2019-08-02,INR,78090000000
RBI:RMS_W_RN(1.0),N_A,W,2020,2019,SOR1,0,2019-08-02,INR,11183830000000
RBI:RMS_W_RN(1.0),N_A,W,2020,2019,SOR4,0,2019-08-02,INR,-2207440000000
RBI:RMS_W_RN(1.0),N_A,W,2020,2019,SOR8,0,2019-08-02,INR,11451840300000
RBI:RMS_W_RN(1.0),N_A,W,2020,2019,SOR5,0,2019-07-26,INR,77990000000
RBI:RMS_W_RN(1.0),N_A,W,2020,2019,SOR6,0,2019-07-26,INR,29510658968000.004
RBI:RMS_W_RN(1.0),N_A,W,2020,2019,SOR1,0,2019-07-26,INR,10237830000000
RBI:RMS_W_RN(1.0),N_A,W,2020,2019,SOR7,0,2019-07-26,INR,259841345000
RBI:RMS_W_RN(1.0),N_A,W,2020,2019,SOR4,0,2019-07-26,INR,-1318460000000
RBI:RMS_W_RN(1.0),N_A,W,2020,2019,SOR8,0,2019-07-26,INR,11082980300000
RBI:RMS_W_RN(1.0),N_A,W,2020,2019,SOR8,0,2019-07-19,INR,11081280300000
RBI:RMS_W_RN(1.0),N_A,W,2020,2019,SOR5,0,2019-07-19,INR,79510000000
RBI:RMS_W_RN(1.0),N_A,W,2020,2019,SOR4,0,2019-07-19,INR,-1364160000000
RBI:RMS_W_RN(1.0),N_A,W,2020,2019,SOR1,0,2019-07-19,INR,10546490000000
RBI:RMS_W_RN(1.0),N_A,W,2020,2019,SOR6,0,2019-07-19,INR,29497948968000.004
RBI:RMS_W_RN(1.0),N_A,W,2020,2019,SOR7,0,2019-07-19,INR,259841345000
RBI:RMS_W_RN(1.0),N_A,W,2020,2019,SOR4,0,2019-07-12,INR,-1596380000000
RBI:RMS_W_RN(1.0),N_A,W,2020,2019,SOR7,0,2019-07-12,INR,259841345000
RBI:RMS_W_RN(1.0),N_A,W,2020,2019,SOR8,0,2019-07-12,INR,10939120300000
RBI:RMS_W_RN(1.0),N_A,W,2020,2019,SOR5,0,2019-07-12,INR,80510000000
RBI:RMS_W_RN(1.0),N_A,W,2020,2019,SOR1,0,2019-07-12,INR,10716850000000
RBI:RMS_W_RN(1.0),N_A,W,2020,2019,SOR6,0,2019-07-12,INR,29353132477000
RBI:RMS_W_RN(1.0),N_A,W,2020,2019,SOR4,0,2019-07-05,INR,-1582760000000
RBI:RMS_W_RN(1.0),N_A,W,2020,2019,SOR6,0,2019-07-05,INR,29345072477000
RBI:RMS_W_RN(1.0),N_A,W,2020,2019,SOR5,0,2019-07-05,INR,74950000000
RBI:RMS_W_RN(1.0),N_A,W,2020,2019,SOR8,0,2019-07-05,INR,10917650300000
RBI:RMS_W_RN(1.0),N_A,W,2020,2019,SOR7,0,2019-07-05,INR,259841345000
RBI:RMS_W_RN(1.0),N_A,W,2020,2019,SOR1,0,2019-07-05,INR,10629460000000
RBI:RMS_W_RN(1.0),N_A,W,2020,2019,SOR5,0,2019-06-28,INR,87550000000
RBI:RMS_W_RN(1.0),N_A,W,2020,2019,SOR6,0,2019-06-28,INR,29396682477000
RBI:RMS_W_RN(1.0),N_A,W,2020,2019,SOR8,0,2019-06-28,INR,10914130300000
RBI:RMS_W_RN(1.0),N_A,W,2020,2019,SOR4,0,2019-06-28,INR,-471040000000
RBI:RMS_W_RN(1.0),N_A,W,2020,2019,SOR1,0,2019-06-28,INR,9927510000000
RBI:RMS_W_RN(1.0),N_A,W,2020,2019,SOR7,0,2019-06-28,INR,259544877000
RBI:RMS_W_RN(1.0),N_A,W,2020,2019,SOR1,0,2019-06-21,INR,9196960000000
RBI:RMS_W_RN(1.0),N_A,W,2020,2019,SOR4,0,2019-06-21,INR,-229300000000
RBI:RMS_W_RN(1.0),N_A,W,2020,2019,SOR8,0,2019-06-21,INR,11159780300000
RBI:RMS_W_RN(1.0),N_A,W,2020,2019,SOR7,0,2019-06-21,INR,259544877000
RBI:RMS_W_RN(1.0),N_A,W,2020,2019,SOR6,0,2019-06-21,INR,29598062477000
RBI:RMS_W_RN(1.0),N_A,W,2020,2019,SOR5,0,2019-06-21,INR,84430000000
RBI:RMS_W_RN(1.0),N_A,W,2020,2019,SOR8,0,2019-06-14,INR,11002330300000
RBI:RMS_W_RN(1.0),N_A,W,2020,2019,SOR7,0,2019-06-14,INR,259544877000
RBI:RMS_W_RN(1.0),N_A,W,2020,2019,SOR4,0,2019-06-14,INR,-560760000000
RBI:RMS_W_RN(1.0),N_A,W,2020,2019,SOR1,0,2019-06-14,INR,10237730000000
RBI:RMS_W_RN(1.0),N_A,W,2020,2019,SOR6,0,2019-06-14,INR,29277432477000
RBI:RMS_W_RN(1.0),N_A,W,2020,2019,SOR5,0,2019-06-14,INR,86220000000
RBI:RMS_W_RN(1.0),N_A,W,2020,2019,SOR1,0,2019-06-07,INR,10059960000000
RBI:RMS_W_RN(1.0),N_A,W,2020,2019,SOR6,0,2019-06-07,INR,29266762477000
RBI:RMS_W_RN(1.0),N_A,W,2020,2019,SOR8,0,2019-06-07,INR,10978950300000
RBI:RMS_W_RN(1.0),N_A,W,2020,2019,SOR4,0,2019-06-07,INR,-743790000000
RBI:RMS_W_RN(1.0),N_A,W,2020,2019,SOR5,0,2019-06-07,INR,87980000000
RBI:RMS_W_RN(1.0),N_A,W,2020,2019,SOR7,0,2019-06-07,INR,259544877000
RBI:RMS_W_RN(1.0),N_A,W,2020,2019,SOR6,0,2019-05-31,INR,29351142477000
RBI:RMS_W_RN(1.0),N_A,W,2020,2019,SOR8,0,2019-05-31,INR,11049280300000
RBI:RMS_W_RN(1.0),N_A,W,2020,2019,SOR5,0,2019-05-31,INR,89850000000
RBI:RMS_W_RN(1.0),N_A,W,2020,2019,SOR4,0,2019-05-31,INR,-90210000000
RBI:RMS_W_RN(1.0),N_A,W,2020,2019,SOR1,0,2019-05-31,INR,9440000000000
RBI:RMS_W_RN(1.0),N_A,W,2020,2019,SOR7,0,2019-05-31,INR,259544877000
RBI:RMS_W_RN(1.0),N_A,W,2020,2019,SOR6,0,2019-05-24,INR,29142962477000
RBI:RMS_W_RN(1.0),N_A,W,2020,2019,SOR8,0,2019-05-24,INR,10711310300000
RBI:RMS_W_RN(1.0),N_A,W,2020,2019,SOR7,0,2019-05-24,INR,259103309000
RBI:RMS_W_RN(1.0),N_A,W,2020,2019,SOR1,0,2019-05-24,INR,8792090000000
RBI:RMS_W_RN(1.0),N_A,W,2020,2019,SOR4,0,2019-05-24,INR,98090000000
RBI:RMS_W_RN(1.0),N_A,W,2020,2019,SOR5,0,2019-05-24,INR,92450000000
RBI:RMS_W_RN(1.0),N_A,W,2020,2019,SOR6,0,2019-05-17,INR,29216502477000
RBI:RMS_W_RN(1.0),N_A,W,2020,2019,SOR1,0,2019-05-17,INR,9016500000000
RBI:RMS_W_RN(1.0),N_A,W,2020,2019,SOR7,0,2019-05-17,INR,259103309000
RBI:RMS_W_RN(1.0),N_A,W,2020,2019,SOR5,0,2019-05-17,INR,90970000000
RBI:RMS_W_RN(1.0),N_A,W,2020,2019,SOR8,0,2019-05-17,INR,10873970300000
RBI:RMS_W_RN(1.0),N_A,W,2020,2019,SOR4,0,2019-05-17,INR,456460000000
RBI:RMS_W_RN(1.0),N_A,W,2020,2019,SOR5,0,2019-05-10,INR,91750000000
RBI:RMS_W_RN(1.0),N_A,W,2020,2019,SOR6,0,2019-05-10,INR,29248332477000
RBI:RMS_W_RN(1.0),N_A,W,2020,2019,SOR1,0,2019-05-10,INR,8865010000000
RBI:RMS_W_RN(1.0),N_A,W,2020,2019,SOR4,0,2019-05-10,INR,145580000000
RBI:RMS_W_RN(1.0),N_A,W,2020,2019,SOR7,0,2019-05-10,INR,259103309000
RBI:RMS_W_RN(1.0),N_A,W,2020,2019,SOR8,0,2019-05-10,INR,10863860300000
RBI:RMS_W_RN(1.0),N_A,W,2020,2019,SOR8,0,2019-05-03,INR,10595380300000
RBI:RMS_W_RN(1.0),N_A,W,2020,2019,SOR7,0,2019-05-03,INR,259103309000
RBI:RMS_W_RN(1.0),N_A,W,2020,2019,SOR6,0,2019-05-03,INR,28909902477000
RBI:RMS_W_RN(1.0),N_A,W,2020,2019,SOR5,0,2019-05-03,INR,91250000000
RBI:RMS_W_RN(1.0),N_A,W,2020,2019,SOR4,0,2019-05-03,INR,400500000000
RBI:RMS_W_RN(1.0),N_A,W,2020,2019,SOR1,0,2019-05-03,INR,8814840000000
RBI:RMS_W_RN(1.0),N_A,W,2020,2019,SOR4,0,2019-04-26,INR,629930000000
RBI:RMS_W_RN(1.0),N_A,W,2020,2019,SOR6,0,2019-04-26,INR,29210802477000
RBI:RMS_W_RN(1.0),N_A,W,2020,2019,SOR1,0,2019-04-26,INR,8428090000000
RBI:RMS_W_RN(1.0),N_A,W,2020,2019,SOR7,0,2019-04-26,INR,259103309000
RBI:RMS_W_RN(1.0),N_A,W,2020,2019,SOR5,0,2019-04-26,INR,86810000000
RBI:RMS_W_RN(1.0),N_A,W,2020,2019,SOR8,0,2019-04-26,INR,10933710300000
RBI:RMS_W_RN(1.0),N_A,W,2020,2019,SOR5,0,2019-04-19,INR,90660000000
RBI:RMS_W_RN(1.0),N_A,W,2020,2019,SOR8,0,2019-04-19,INR,10716230300000
RBI:RMS_W_RN(1.0),N_A,W,2020,2019,SOR4,0,2019-04-19,INR,969590000000
RBI:RMS_W_RN(1.0),N_A,W,2020,2019,SOR1,0,2019-04-19,INR,8684260000000
RBI:RMS_W_RN(1.0),N_A,W,2020,2019,SOR6,0,2019-04-19,INR,28645322477000
RBI:RMS_W_RN(1.0),N_A,W,2020,2019,SOR7,0,2019-04-19,INR,258873357000
RBI:RMS_W_RN(1.0),N_A,W,2020,2019,SOR8,0,2019-04-12,INR,10719160300000
RBI:RMS_W_RN(1.0),N_A,W,2020,2019,SOR1,0,2019-04-12,INR,8829440000000
RBI:RMS_W_RN(1.0),N_A,W,2020,2019,SOR5,0,2019-04-12,INR,90650000000
RBI:RMS_W_RN(1.0),N_A,W,2020,2019,SOR6,0,2019-04-12,INR,28645282477000
RBI:RMS_W_RN(1.0),N_A,W,2020,2019,SOR7,0,2019-04-12,INR,258873357000
RBI:RMS_W_RN(1.0),N_A,W,2020,2019,SOR4,0,2019-04-12,INR,326510000000
RBI:RMS_W_RN(1.0),N_A,W,2020,2019,SOR7,0,2019-04-05,INR,258873357000
RBI:RMS_W_RN(1.0),N_A,W,2020,2019,SOR4,0,2019-04-05,INR,163950000000
RBI:RMS_W_RN(1.0),N_A,W,2020,2019,SOR6,0,2019-04-05,INR,28544799479000
RBI:RMS_W_RN(1.0),N_A,W,2020,2019,SOR8,0,2019-04-05,INR,10610010300000
RBI:RMS_W_RN(1.0),N_A,W,2020,2019,SOR5,0,2019-04-05,INR,144460000000
RBI:RMS_W_RN(1.0),N_A,W,2020,2019,SOR1,0,2019-04-05,INR,8702640000000
RBI:RMS_W_RN(1.0),N_A,W,2019,2018,SOR7,0,2019-03-31,INR,258873357000
RBI:RMS_W_RN(1.0),N_A,W,2019,2018,SOR5,0,2019-03-31,INR,153630000000
RBI:RMS_W_RN(1.0),N_A,W,2019,2018,SOR1,0,2019-03-31,INR,8019510000000
RBI:RMS_W_RN(1.0),N_A,W,2019,2018,SOR4,0,2019-03-31,INR,1374880000000
RBI:RMS_W_RN(1.0),N_A,W,2019,2018,SOR8,0,2019-03-31,INR,10587950300000
RBI:RMS_W_RN(1.0),N_A,W,2019,2018,SOR6,0,2019-03-31,INR,28485869479000
RBI:RMS_W_RN(1.0),N_A,W,2019,2018,SOR5,0,2019-03-29,INR,153770000000
RBI:RMS_W_RN(1.0),N_A,W,2019,2018,SOR8,0,2019-03-29,INR,10506030300000
RBI:RMS_W_RN(1.0),N_A,W,2019,2018,SOR7,0,2019-03-29,INR,258414281000
RBI:RMS_W_RN(1.0),N_A,W,2019,2018,SOR6,0,2019-03-29,INR,28466359479000
RBI:RMS_W_RN(1.0),N_A,W,2019,2018,SOR1,0,2019-03-29,INR,8457420000000
RBI:RMS_W_RN(1.0),N_A,W,2019,2018,SOR4,0,2019-03-29,INR,1024800000000
RBI:RMS_W_RN(1.0),N_A,W,2019,2018,SOR8,0,2019-03-22,INR,10624370300000
RBI:RMS_W_RN(1.0),N_A,W,2019,2018,SOR6,0,2019-03-22,INR,27908459479000
RBI:RMS_W_RN(1.0),N_A,W,2019,2018,SOR7,0,2019-03-22,INR,258414281000
RBI:RMS_W_RN(1.0),N_A,W,2019,2018,SOR4,0,2019-03-22,INR,573580000000
RBI:RMS_W_RN(1.0),N_A,W,2019,2018,SOR5,0,2019-03-22,INR,96210000000
RBI:RMS_W_RN(1.0),N_A,W,2019,2018,SOR1,0,2019-03-22,INR,8792130000000
RBI:RMS_W_RN(1.0),N_A,W,2019,2018,SOR4,0,2019-03-15,INR,831300000000
RBI:RMS_W_RN(1.0),N_A,W,2019,2018,SOR1,0,2019-03-15,INR,9213260000000
RBI:RMS_W_RN(1.0),N_A,W,2019,2018,SOR7,0,2019-03-15,INR,258414281000
RBI:RMS_W_RN(1.0),N_A,W,2019,2018,SOR8,0,2019-03-15,INR,10818950300000
RBI:RMS_W_RN(1.0),N_A,W,2019,2018,SOR6,0,2019-03-15,INR,28072539479000
RBI:RMS_W_RN(1.0),N_A,W,2019,2018,SOR5,0,2019-03-15,INR,88080000000
RBI:RMS_W_RN(1.0),N_A,W,2019,2018,SOR8,0,2019-03-08,INR,11056570300000
RBI:RMS_W_RN(1.0),N_A,W,2019,2018,SOR6,0,2019-03-08,INR,28131369479000
RBI:RMS_W_RN(1.0),N_A,W,2019,2018,SOR5,0,2019-03-08,INR,82010000000
RBI:RMS_W_RN(1.0),N_A,W,2019,2018,SOR7,0,2019-03-08,INR,258414281000
RBI:RMS_W_RN(1.0),N_A,W,2019,2018,SOR4,0,2019-03-08,INR,244690000000
RBI:RMS_W_RN(1.0),N_A,W,2019,2018,SOR1,0,2019-03-08,INR,9109450000000
RBI:RMS_W_RN(1.0),N_A,W,2019,2018,SOR4,0,2019-03-01,INR,188460000000
RBI:RMS_W_RN(1.0),N_A,W,2019,2018,SOR8,0,2019-03-01,INR,11468580300000
RBI:RMS_W_RN(1.0),N_A,W,2019,2018,SOR5,0,2019-03-01,INR,78690000000
RBI:RMS_W_RN(1.0),N_A,W,2019,2018,SOR7,0,2019-03-01,INR,258414281000
RBI:RMS_W_RN(1.0),N_A,W,2019,2018,SOR1,0,2019-03-01,INR,9140620000000
RBI:RMS_W_RN(1.0),N_A,W,2019,2018,SOR6,0,2019-03-01,INR,28457419479000
RBI:RMS_W_RN(1.0),N_A,W,2019,2018,SOR7,0,2019-02-22,INR,258414281000
RBI:RMS_W_RN(1.0),N_A,W,2019,2018,SOR6,0,2019-02-22,INR,28403989479000
RBI:RMS_W_RN(1.0),N_A,W,2019,2018,SOR4,0,2019-02-22,INR,1205770000000
RBI:RMS_W_RN(1.0),N_A,W,2019,2018,SOR5,0,2019-02-22,INR,78840000000
RBI:RMS_W_RN(1.0),N_A,W,2019,2018,SOR1,0,2019-02-22,INR,8280340000000
RBI:RMS_W_RN(1.0),N_A,W,2019,2018,SOR8,0,2019-02-22,INR,11509080300000
RBI:RMS_W_RN(1.0),N_A,W,2019,2018,SOR6,0,2019-02-15,INR,28350159479000
RBI:RMS_W_RN(1.0),N_A,W,2019,2018,SOR7,0,2019-02-15,INR,258233116000
RBI:RMS_W_RN(1.0),N_A,W,2019,2018,SOR4,0,2019-02-15,INR,628790000000
RBI:RMS_W_RN(1.0),N_A,W,2019,2018,SOR5,0,2019-02-15,INR,80680000000
RBI:RMS_W_RN(1.0),N_A,W,2019,2018,SOR8,0,2019-02-15,INR,11466780300000
RBI:RMS_W_RN(1.0),N_A,W,2019,2018,SOR1,0,2019-02-15,INR,8730470000000
RBI:RMS_W_RN(1.0),N_A,W,2019,2018,SOR7,0,2019-02-08,INR,258233116000
RBI:RMS_W_RN(1.0),N_A,W,2019,2018,SOR1,0,2019-02-08,INR,8432520000000
RBI:RMS_W_RN(1.0),N_A,W,2019,2018,SOR8,0,2019-02-08,INR,11464980300000
RBI:RMS_W_RN(1.0),N_A,W,2019,2018,SOR5,0,2019-02-08,INR,82680000000
RBI:RMS_W_RN(1.0),N_A,W,2019,2018,SOR6,0,2019-02-08,INR,28355069479000
RBI:RMS_W_RN(1.0),N_A,W,2019,2018,SOR4,0,2019-02-08,INR,752230000000
RBI:RMS_W_RN(1.0),N_A,W,2019,2018,SOR7,0,2019-02-01,INR,258233116000
RBI:RMS_W_RN(1.0),N_A,W,2019,2018,SOR5,0,2019-02-01,INR,82780000000
RBI:RMS_W_RN(1.0),N_A,W,2019,2018,SOR6,0,2019-02-01,INR,28460506697000
RBI:RMS_W_RN(1.0),N_A,W,2019,2018,SOR1,0,2019-02-01,INR,8988290000000
RBI:RMS_W_RN(1.0),N_A,W,2019,2018,SOR8,0,2019-02-01,INR,11495270300000
RBI:RMS_W_RN(1.0),N_A,W,2019,2018,SOR4,0,2019-02-01,INR,-82800000000
RBI:RMS_W_RN(1.0),N_A,W,2019,2018,SOR5,0,2019-01-25,INR,81780000000
RBI:RMS_W_RN(1.0),N_A,W,2019,2018,SOR4,0,2019-01-25,INR,407920000000
RBI:RMS_W_RN(1.0),N_A,W,2019,2018,SOR1,0,2019-01-25,INR,8510580000000
RBI:RMS_W_RN(1.0),N_A,W,2019,2018,SOR6,0,2019-01-25,INR,28250096697000
RBI:RMS_W_RN(1.0),N_A,W,2019,2018,SOR7,0,2019-01-25,INR,258233116000
RBI:RMS_W_RN(1.0),N_A,W,2019,2018,SOR8,0,2019-01-25,INR,11360840300000
RBI:RMS_W_RN(1.0),N_A,W,2019,2018,SOR4,0,2019-01-18,INR,401190000000
RBI:RMS_W_RN(1.0),N_A,W,2019,2018,SOR6,0,2019-01-18,INR,28157246697000
RBI:RMS_W_RN(1.0),N_A,W,2019,2018,SOR5,0,2019-01-18,INR,82780000000
RBI:RMS_W_RN(1.0),N_A,W,2019,2018,SOR7,0,2019-01-18,INR,257982720999.99997
RBI:RMS_W_RN(1.0),N_A,W,2019,2018,SOR8,0,2019-01-18,INR,11275930300000
RBI:RMS_W_RN(1.0),N_A,W,2019,2018,SOR1,0,2019-01-18,INR,8640600000000
RBI:RMS_W_RN(1.0),N_A,W,2019,2018,SOR1,0,2019-01-11,INR,8714310000000
RBI:RMS_W_RN(1.0),N_A,W,2019,2018,SOR4,0,2019-01-11,INR,75170000000
RBI:RMS_W_RN(1.0),N_A,W,2019,2018,SOR7,0,2019-01-11,INR,257982720999.99997
RBI:RMS_W_RN(1.0),N_A,W,2019,2018,SOR6,0,2019-01-11,INR,27953627013000
RBI:RMS_W_RN(1.0),N_A,W,2019,2018,SOR5,0,2019-01-11,INR,84270000000
RBI:RMS_W_RN(1.0),N_A,W,2019,2018,SOR8,0,2019-01-11,INR,11035760300000
RBI:RMS_W_RN(1.0),N_A,W,2019,2018,SOR8,0,2019-01-04,INR,10714160300000
RBI:RMS_W_RN(1.0),N_A,W,2019,2018,SOR7,0,2019-01-04,INR,257982720999.99997
RBI:RMS_W_RN(1.0),N_A,W,2019,2018,SOR5,0,2019-01-04,INR,78100000000
RBI:RMS_W_RN(1.0),N_A,W,2019,2018,SOR1,0,2019-01-04,INR,8777340000000
RBI:RMS_W_RN(1.0),N_A,W,2019,2018,SOR4,0,2019-01-04,INR,-328760000000
RBI:RMS_W_RN(1.0),N_A,W,2019,2018,SOR6,0,2019-01-04,INR,27638067013000
RBI:RMS_W_RN(1.0),N_A,W,2019,2018,SOR6,0,2018-12-28,INR,27490177013000
RBI:RMS_W_RN(1.0),N_A,W,2019,2018,SOR8,0,2018-12-28,INR,10524030300000
RBI:RMS_W_RN(1.0),N_A,W,2019,2018,SOR1,0,2018-12-28,INR,7382850000000
RBI:RMS_W_RN(1.0),N_A,W,2019,2018,SOR4,0,2018-12-28,INR,1479980000000
RBI:RMS_W_RN(1.0),N_A,W,2019,2018,SOR5,0,2018-12-28,INR,93210000000
RBI:RMS_W_RN(1.0),N_A,W,2019,2018,SOR7,0,2018-12-28,INR,257982720999.99997
RBI:RMS_W_RN(1.0),N_A,W,2019,2018,SOR8,0,2018-12-21,INR,10503440300000
RBI:RMS_W_RN(1.0),N_A,W,2019,2018,SOR4,0,2018-12-21,INR,1524740000000
RBI:RMS_W_RN(1.0),N_A,W,2019,2018,SOR7,0,2018-12-21,INR,257860647000
RBI:RMS_W_RN(1.0),N_A,W,2019,2018,SOR5,0,2018-12-21,INR,92810000000
RBI:RMS_W_RN(1.0),N_A,W,2019,2018,SOR1,0,2018-12-21,INR,6830060000000
RBI:RMS_W_RN(1.0),N_A,W,2019,2018,SOR6,0,2018-12-21,INR,27504017013000
RBI:RMS_W_RN(1.0),N_A,W,2019,2018,SOR4,0,2018-12-14,INR,1036210000000
RBI:RMS_W_RN(1.0),N_A,W,2019,2018,SOR1,0,2018-12-14,INR,7937920000000
RBI:RMS_W_RN(1.0),N_A,W,2019,2018,SOR5,0,2018-12-14,INR,85310000000
RBI:RMS_W_RN(1.0),N_A,W,2019,2018,SOR8,0,2018-12-14,INR,11141600300000
RBI:RMS_W_RN(1.0),N_A,W,2019,2018,SOR6,0,2018-12-14,INR,28117547013000
RBI:RMS_W_RN(1.0),N_A,W,2019,2018,SOR7,0,2018-12-14,INR,257860647000
RBI:RMS_W_RN(1.0),N_A,W,2019,2018,SOR6,0,2018-12-07,INR,27725461013000.004
RBI:RMS_W_RN(1.0),N_A,W,2019,2018,SOR1,0,2018-12-07,INR,7812160000000
RBI:RMS_W_RN(1.0),N_A,W,2019,2018,SOR7,0,2018-12-07,INR,257860647000
RBI:RMS_W_RN(1.0),N_A,W,2019,2018,SOR4,0,2018-12-07,INR,343380000000
RBI:RMS_W_RN(1.0),N_A,W,2019,2018,SOR8,0,2018-12-07,INR,10750960300000
RBI:RMS_W_RN(1.0),N_A,W,2019,2018,SOR5,0,2018-12-07,INR,88340000000
RBI:RMS_W_RN(1.0),N_A,W,2019,2018,SOR1,0,2018-11-30,INR,7857690000000
RBI:RMS_W_RN(1.0),N_A,W,2019,2018,SOR4,0,2018-11-30,INR,389670000000
RBI:RMS_W_RN(1.0),N_A,W,2019,2018,SOR6,0,2018-11-30,INR,27386451013000.004
RBI:RMS_W_RN(1.0),N_A,W,2019,2018,SOR8,0,2018-11-30,INR,10412720300000
RBI:RMS_W_RN(1.0),N_A,W,2019,2018,SOR5,0,2018-11-30,INR,89780000000
RBI:RMS_W_RN(1.0),N_A,W,2019,2018,SOR7,0,2018-11-30,INR,257860647000
RBI:RMS_W_RN(1.0),N_A,W,2019,2018,SOR5,0,2018-11-23,INR,93180000000
RBI:RMS_W_RN(1.0),N_A,W,2019,2018,SOR7,0,2018-11-23,INR,256967247000
RBI:RMS_W_RN(1.0),N_A,W,2019,2018,SOR6,0,2018-11-23,INR,27975171013000.004
RBI:RMS_W_RN(1.0),N_A,W,2019,2018,SOR4,0,2018-11-23,INR,915380000000
RBI:RMS_W_RN(1.0),N_A,W,2019,2018,SOR8,0,2018-11-23,INR,10899680300000
RBI:RMS_W_RN(1.0),N_A,W,2019,2018,SOR1,0,2018-11-23,INR,7127210000000
RBI:RMS_W_RN(1.0),N_A,W,2019,2018,SOR4,0,2018-11-16,INR,630800000000
RBI:RMS_W_RN(1.0),N_A,W,2019,2018,SOR1,0,2018-11-16,INR,7549710000000
RBI:RMS_W_RN(1.0),N_A,W,2019,2018,SOR5,0,2018-11-16,INR,93190000000
RBI:RMS_W_RN(1.0),N_A,W,2019,2018,SOR8,0,2018-11-16,INR,11186890300000
RBI:RMS_W_RN(1.0),N_A,W,2019,2018,SOR7,0,2018-11-16,INR,256967247000
RBI:RMS_W_RN(1.0),N_A,W,2019,2018,SOR6,0,2018-11-16,INR,28262411013000.004
RBI:RMS_W_RN(1.0),N_A,W,2019,2018,SOR5,0,2018-11-09,INR,93190000000
RBI:RMS_W_RN(1.0),N_A,W,2019,2018,SOR8,0,2018-11-09,INR,11464960300000
RBI:RMS_W_RN(1.0),N_A,W,2019,2018,SOR1,0,2018-11-09,INR,7311890000000
RBI:RMS_W_RN(1.0),N_A,W,2019,2018,SOR4,0,2018-11-09,INR,839600000000
RBI:RMS_W_RN(1.0),N_A,W,2019,2018,SOR6,0,2018-11-09,INR,28572321013000.004
RBI:RMS_W_RN(1.0),N_A,W,2019,2018,SOR7,0,2018-11-09,INR,256967247000
RBI:RMS_W_RN(1.0),N_A,W,2019,2018,SOR7,0,2018-11-02,INR,256967247000
RBI:RMS_W_RN(1.0),N_A,W,2019,2018,SOR8,0,2018-11-02,INR,11494840300000
RBI:RMS_W_RN(1.0),N_A,W,2019,2018,SOR4,0,2018-11-02,INR,538270000000
RBI:RMS_W_RN(1.0),N_A,W,2019,2018,SOR6,0,2018-11-02,INR,28624741013000.004
RBI:RMS_W_RN(1.0),N_A,W,2019,2018,SOR5,0,2018-11-02,INR,91550000000
RBI:RMS_W_RN(1.0),N_A,W,2019,2018,SOR1,0,2018-11-02,INR,7243720000000
RBI:RMS_W_RN(1.0),N_A,W,2019,2018,SOR7,0,2018-10-26,INR,256967247000
RBI:RMS_W_RN(1.0),N_A,W,2019,2018,SOR4,0,2018-10-26,INR,858490000000
RBI:RMS_W_RN(1.0),N_A,W,2019,2018,SOR5,0,2018-10-26,INR,92300000000
RBI:RMS_W_RN(1.0),N_A,W,2019,2018,SOR6,0,2018-10-26,INR,28712714443000
RBI:RMS_W_RN(1.0),N_A,W,2019,2018,SOR1,0,2018-10-26,INR,6510660000000
RBI:RMS_W_RN(1.0),N_A,W,2019,2018,SOR8,0,2018-10-26,INR,11492560300000
RBI:RMS_W_RN(1.0),N_A,W,2019,2018,SOR7,0,2018-10-19,INR,256967247000
RBI:RMS_W_RN(1.0),N_A,W,2019,2018,SOR8,0,2018-10-19,INR,11593990300000
RBI:RMS_W_RN(1.0),N_A,W,2019,2018,SOR4,0,2018-10-19,INR,1117620000000
RBI:RMS_W_RN(1.0),N_A,W,2019,2018,SOR1,0,2018-10-19,INR,6652180000000
RBI:RMS_W_RN(1.0),N_A,W,2019,2018,SOR6,0,2018-10-19,INR,28839894443000
RBI:RMS_W_RN(1.0),N_A,W,2019,2018,SOR5,0,2018-10-19,INR,92100000000
RBI:RMS_W_RN(1.0),N_A,W,2019,2018,SOR6,0,2018-10-12,INR,29042154443000
RBI:RMS_W_RN(1.0),N_A,W,2019,2018,SOR7,0,2018-10-12,INR,256967247000
RBI:RMS_W_RN(1.0),N_A,W,2019,2018,SOR4,0,2018-10-12,INR,177550000000
RBI:RMS_W_RN(1.0),N_A,W,2019,2018,SOR1,0,2018-10-12,INR,7074640000000
RBI:RMS_W_RN(1.0),N_A,W,2019,2018,SOR8,0,2018-10-12,INR,11756160300000
RBI:RMS_W_RN(1.0),N_A,W,2019,2018,SOR5,0,2018-10-12,INR,89050000000
RBI:RMS_W_RN(1.0),N_A,W,2019,2018,SOR6,0,2018-10-05,INR,29340774443000
RBI:RMS_W_RN(1.0),N_A,W,2019,2018,SOR8,0,2018-10-05,INR,11639680300000
RBI:RMS_W_RN(1.0),N_A,W,2019,2018,SOR7,0,2018-10-05,INR,256967247000
RBI:RMS_W_RN(1.0),N_A,W,2019,2018,SOR4,0,2018-10-05,INR,-443960000000
RBI:RMS_W_RN(1.0),N_A,W,2019,2018,SOR5,0,2018-10-05,INR,86570000000
RBI:RMS_W_RN(1.0),N_A,W,2019,2018,SOR1,0,2018-10-05,INR,7179340000000
RBI:RMS_W_RN(1.0),N_A,W,2019,2018,SOR4,0,2018-09-28,INR,366910000000
RBI:RMS_W_RN(1.0),N_A,W,2019,2018,SOR8,0,2018-09-28,INR,11270950300000
RBI:RMS_W_RN(1.0),N_A,W,2019,2018,SOR6,0,2018-09-28,INR,28988194442813.7
RBI:RMS_W_RN(1.0),N_A,W,2019,2018,SOR5,0,2018-09-28,INR,91280000000
RBI:RMS_W_RN(1.0),N_A,W,2019,2018,SOR7,0,2018-09-28,INR,256967247437.6
RBI:RMS_W_RN(1.0),N_A,W,2019,2018,SOR1,0,2018-09-28,INR,6469940000000
RBI:RMS_W_RN(1.0),N_A,W,2019,2018,SOR7,0,2018-09-21,INR,256967247437.6
RBI:RMS_W_RN(1.0),N_A,W,2019,2018,SOR4,0,2018-09-21,INR,1322710000000
RBI:RMS_W_RN(1.0),N_A,W,2019,2018,SOR8,0,2018-09-21,INR,11103730300000
RBI:RMS_W_RN(1.0),N_A,W,2019,2018,SOR5,0,2018-09-21,INR,91190000000
RBI:RMS_W_RN(1.0),N_A,W,2019,2018,SOR6,0,2018-09-21,INR,28808174442813.7
RBI:RMS_W_RN(1.0),N_A,W,2019,2018,SOR1,0,2018-09-21,INR,5517490000000
RBI:RMS_W_RN(1.0),N_A,W,2019,2018,SOR1,0,2018-09-14,INR,6653370000000
RBI:RMS_W_RN(1.0),N_A,W,2019,2018,SOR6,0,2018-09-14,INR,28701244442813.7
RBI:RMS_W_RN(1.0),N_A,W,2019,2018,SOR5,0,2018-09-14,INR,91190000000
RBI:RMS_W_RN(1.0),N_A,W,2019,2018,SOR8,0,2018-09-14,INR,10976020300000
RBI:RMS_W_RN(1.0),N_A,W,2019,2018,SOR4,0,2018-09-14,INR,212730000000
RBI:RMS_W_RN(1.0),N_A,W,2019,2018,SOR7,0,2018-09-14,INR,256967247437.6
RBI:RMS_W_RN(1.0),N_A,W,2019,2018,SOR5,0,2018-09-07,INR,86580000000
RBI:RMS_W_RN(1.0),N_A,W,2019,2018,SOR7,0,2018-09-07,INR,256967247437.6
RBI:RMS_W_RN(1.0),N_A,W,2019,2018,SOR1,0,2018-09-07,INR,6882340000000
RBI:RMS_W_RN(1.0),N_A,W,2019,2018,SOR8,0,2018-09-07,INR,10928080300000
RBI:RMS_W_RN(1.0),N_A,W,2019,2018,SOR4,0,2018-09-07,INR,-375060000000
RBI:RMS_W_RN(1.0),N_A,W,2019,2018,SOR6,0,2018-09-07,INR,28647824442813.7
RBI:RMS_W_RN(1.0),N_A,W,2019,2018,SOR1,0,2018-08-31,INR,6834560000000
RBI:RMS_W_RN(1.0),N_A,W,2019,2018,SOR6,0,2018-08-31,INR,28337174442813.7
RBI:RMS_W_RN(1.0),N_A,W,2019,2018,SOR4,0,2018-08-31,INR,-307670000000
RBI:RMS_W_RN(1.0),N_A,W,2019,2018,SOR5,0,2018-08-31,INR,95370000000
RBI:RMS_W_RN(1.0),N_A,W,2019,2018,SOR7,0,2018-08-31,INR,256967247437.6
RBI:RMS_W_RN(1.0),N_A,W,2019,2018,SOR8,0,2018-08-31,INR,10606780300000
RBI:RMS_W_RN(1.0),N_A,W,2019,2018,SOR5,0,2018-08-24,INR,96620000000
RBI:RMS_W_RN(1.0),N_A,W,2019,2018,SOR1,0,2018-08-24,INR,6463310000000
RBI:RMS_W_RN(1.0),N_A,W,2019,2018,SOR7,0,2018-08-24,INR,256967247437.6
RBI:RMS_W_RN(1.0),N_A,W,2019,2018,SOR4,0,2018-08-24,INR,233160000000
RBI:RMS_W_RN(1.0),N_A,W,2019,2018,SOR8,0,2018-08-24,INR,10311280300000
RBI:RMS_W_RN(1.0),N_A,W,2019,2018,SOR6,0,2018-08-24,INR,28076454442813.7
RBI:RMS_W_RN(1.0),N_A,W,2019,2018,SOR1,0,2018-08-17,INR,6686860000000
RBI:RMS_W_RN(1.0),N_A,W,2019,2018,SOR5,0,2018-08-17,INR,94820000000
RBI:RMS_W_RN(1.0),N_A,W,2019,2018,SOR7,0,2018-08-17,INR,256967247437.6
RBI:RMS_W_RN(1.0),N_A,W,2019,2018,SOR6,0,2018-08-17,INR,28080604442813.7
RBI:RMS_W_RN(1.0),N_A,W,2019,2018,SOR4,0,2018-08-17,INR,-222520000000
RBI:RMS_W_RN(1.0),N_A,W,2019,2018,SOR8,0,2018-08-17,INR,10261250300000
RBI:RMS_W_RN(1.0),N_A,W,2019,2018,SOR8,0,2018-08-10,INR,9746140300000
RBI:RMS_W_RN(1.0),N_A,W,2019,2018,SOR6,0,2018-08-10,INR,27601044442813.7
RBI:RMS_W_RN(1.0),N_A,W,2019,2018,SOR1,0,2018-08-10,INR,6689100000000
RBI:RMS_W_RN(1.0),N_A,W,2019,2018,SOR7,0,2018-08-10,INR,256967247437.6
RBI:RMS_W_RN(1.0),N_A,W,2019,2018,SOR4,0,2018-08-10,INR,-246570000000
RBI:RMS_W_RN(1.0),N_A,W,2019,2018,SOR5,0,2018-08-10,INR,95820000000
RBI:RMS_W_RN(1.0),N_A,W,2019,2018,SOR4,0,2018-08-03,INR,-529990000000
RBI:RMS_W_RN(1.0),N_A,W,2019,2018,SOR5,0,2018-08-03,INR,96110000000
RBI:RMS_W_RN(1.0),N_A,W,2019,2018,SOR7,0,2018-08-03,INR,256962996621.6
RBI:RMS_W_RN(1.0),N_A,W,2019,2018,SOR8,0,2018-08-03,INR,10218990300000
RBI:RMS_W_RN(1.0),N_A,W,2019,2018,SOR1,0,2018-08-03,INR,7299750000000
RBI:RMS_W_RN(1.0),N_A,W,2019,2018,SOR6,0,2018-08-03,INR,27665154442813.7
RBI:RMS_W_RN(1.0),N_A,W,2019,2018,SOR4,0,2018-07-27,INR,349530000000
RBI:RMS_W_RN(1.0),N_A,W,2019,2018,SOR5,0,2018-07-27,INR,96320000000
RBI:RMS_W_RN(1.0),N_A,W,2019,2018,SOR8,0,2018-07-27,INR,10248480300000
RBI:RMS_W_RN(1.0),N_A,W,2019,2018,SOR1,0,2018-07-27,INR,6335710000000
RBI:RMS_W_RN(1.0),N_A,W,2019,2018,SOR7,0,2018-07-27,INR,256959010520.59998
RBI:RMS_W_RN(1.0),N_A,W,2019,2018,SOR6,0,2018-07-27,INR,27732394442813.7
RBI:RMS_W_RN(1.0),N_A,W,2019,2018,SOR1,0,2018-07-20,INR,6624840000000
RBI:RMS_W_RN(1.0),N_A,W,2019,2018,SOR6,0,2018-07-20,INR,27851824442813.7
RBI:RMS_W_RN(1.0),N_A,W,2019,2018,SOR5,0,2018-07-20,INR,95560000000
RBI:RMS_W_RN(1.0),N_A,W,2019,2018,SOR8,0,2018-07-20,INR,10321880300000
RBI:RMS_W_RN(1.0),N_A,W,2019,2018,SOR7,0,2018-07-20,INR,257013538732.00003
RBI:RMS_W_RN(1.0),N_A,W,2019,2018,SOR4,0,2018-07-20,INR,258310000000
RBI:RMS_W_RN(1.0),N_A,W,2019,2018,SOR1,0,2018-07-13,INR,6834340000000
RBI:RMS_W_RN(1.0),N_A,W,2019,2018,SOR7,0,2018-07-13,INR,257013538999.99997
RBI:RMS_W_RN(1.0),N_A,W,2019,2018,SOR6,0,2018-07-13,INR,27680997443000
RBI:RMS_W_RN(1.0),N_A,W,2019,2018,SOR5,0,2018-07-13,INR,96820000000
RBI:RMS_W_RN(1.0),N_A,W,2019,2018,SOR4,0,2018-07-13,INR,23070000000
RBI:RMS_W_RN(1.0),N_A,W,2019,2018,SOR8,0,2018-07-13,INR,10144990300000
RBI:RMS_W_RN(1.0),N_A,W,2019,2018,SOR4,0,2018-07-06,INR,-413370000000
RBI:RMS_W_RN(1.0),N_A,W,2019,2018,SOR5,0,2018-07-06,INR,93590000000
RBI:RMS_W_RN(1.0),N_A,W,2019,2018,SOR7,0,2018-07-06,INR,257026470000
RBI:RMS_W_RN(1.0),N_A,W,2019,2018,SOR1,0,2018-07-06,INR,7268340000000
RBI:RMS_W_RN(1.0),N_A,W,2019,2018,SOR8,0,2018-07-06,INR,10349040300000
RBI:RMS_W_RN(1.0),N_A,W,2019,2018,SOR6,0,2018-07-06,INR,27908537443000
RBI:RMS_W_RN(1.0),N_A,W,2019,2018,SOR1,0,2018-06-29,INR,6595310000000
RBI:RMS_W_RN(1.0),N_A,W,2019,2018,SOR5,0,2018-06-29,INR,95870000000
RBI:RMS_W_RN(1.0),N_A,W,2019,2018,SOR8,0,2018-06-29,INR,10096040300000
RBI:RMS_W_RN(1.0),N_A,W,2019,2018,SOR4,0,2018-06-29,INR,277450000000
RBI:RMS_W_RN(1.0),N_A,W,2019,2018,SOR6,0,2018-06-29,INR,27786737442813.703
RBI:RMS_W_RN(1.0),N_A,W,2019,2018,SOR7,0,2018-06-29,INR,257033124823.6
RBI:RMS_W_RN(1.0),N_A,W,2019,2018,SOR6,0,2018-06-22,INR,27597287442813.703
RBI:RMS_W_RN(1.0),N_A,W,2019,2018,SOR4,0,2018-06-22,INR,623610000000
RBI:RMS_W_RN(1.0),N_A,W,2019,2018,SOR8,0,2018-06-22,INR,9785760300000
RBI:RMS_W_RN(1.0),N_A,W,2019,2018,SOR7,0,2018-06-22,INR,257137650331.6
RBI:RMS_W_RN(1.0),N_A,W,2019,2018,SOR1,0,2018-06-22,INR,6188390000000
RBI:RMS_W_RN(1.0),N_A,W,2019,2018,SOR5,0,2018-06-22,INR,95390000000
RBI:RMS_W_RN(1.0),N_A,W,2019,2018,SOR6,0,2018-06-15,INR,27861386779546.7
RBI:RMS_W_RN(1.0),N_A,W,2019,2018,SOR7,0,2018-06-15,INR,257115876348.6
RBI:RMS_W_RN(1.0),N_A,W,2019,2018,SOR5,0,2018-06-15,INR,93250000000
RBI:RMS_W_RN(1.0),N_A,W,2019,2018,SOR1,0,2018-06-15,INR,6684440000000
RBI:RMS_W_RN(1.0),N_A,W,2019,2018,SOR8,0,2018-06-15,INR,9850730300000
RBI:RMS_W_RN(1.0),N_A,W,2019,2018,SOR4,0,2018-06-15,INR,-120640000000
RBI:RMS_W_RN(1.0),N_A,W,2019,2018,SOR8,0,2018-06-08,INR,9789640300000
RBI:RMS_W_RN(1.0),N_A,W,2019,2018,SOR7,0,2018-06-08,INR,257053393668.6
RBI:RMS_W_RN(1.0),N_A,W,2019,2018,SOR5,0,2018-06-08,INR,89380000000
RBI:RMS_W_RN(1.0),N_A,W,2019,2018,SOR4,0,2018-06-08,INR,-770880000000
RBI:RMS_W_RN(1.0),N_A,W,2019,2018,SOR1,0,2018-06-08,INR,6899550000000
RBI:RMS_W_RN(1.0),N_A,W,2019,2018,SOR6,0,2018-06-08,INR,27891366779546.7
RBI:RMS_W_RN(1.0),N_A,W,2019,2018,SOR1,0,2018-06-01,INR,6751290000000
RBI:RMS_W_RN(1.0),N_A,W,2019,2018,SOR5,0,2018-06-01,INR,94240000000
RBI:RMS_W_RN(1.0),N_A,W,2019,2018,SOR6,0,2018-06-01,INR,27700346779546.7
RBI:RMS_W_RN(1.0),N_A,W,2019,2018,SOR8,0,2018-06-01,INR,9590680300000
RBI:RMS_W_RN(1.0),N_A,W,2019,2018,SOR4,0,2018-06-01,INR,-504770000000
RBI:RMS_W_RN(1.0),N_A,W,2019,2018,SOR7,0,2018-06-01,INR,257029755299.6
RBI:RMS_W_RN(1.0),N_A,W,2019,2018,SOR1,0,2018-05-25,INR,6234000000000
RBI:RMS_W_RN(1.0),N_A,W,2019,2018,SOR7,0,2018-05-25,INR,257005458360.59998
RBI:RMS_W_RN(1.0),N_A,W,2019,2018,SOR8,0,2018-05-25,INR,9987740300000
RBI:RMS_W_RN(1.0),N_A,W,2019,2018,SOR5,0,2018-05-25,INR,94480000000
RBI:RMS_W_RN(1.0),N_A,W,2019,2018,SOR4,0,2018-05-25,INR,-132440000000
RBI:RMS_W_RN(1.0),N_A,W,2019,2018,SOR6,0,2018-05-25,INR,28144376779546.7
RBI:RMS_W_RN(1.0),N_A,W,2019,2018,SOR4,0,2018-05-18,INR,100820000000
RBI:RMS_W_RN(1.0),N_A,W,2019,2018,SOR7,0,2018-05-18,INR,256964598422.6
RBI:RMS_W_RN(1.0),N_A,W,2019,2018,SOR5,0,2018-05-18,INR,95330000000
RBI:RMS_W_RN(1.0),N_A,W,2019,2018,SOR8,0,2018-05-18,INR,9917290300000
RBI:RMS_W_RN(1.0),N_A,W,2019,2018,SOR1,0,2018-05-18,INR,6110030000000
RBI:RMS_W_RN(1.0),N_A,W,2019,2018,SOR6,0,2018-05-18,INR,28178016779546.7
RBI:RMS_W_RN(1.0),N_A,W,2019,2018,SOR1,0,2018-05-11,INR,6049810000000
RBI:RMS_W_RN(1.0),N_A,W,2019,2018,SOR8,0,2018-05-11,INR,9679680300000
RBI:RMS_W_RN(1.0),N_A,W,2019,2018,SOR4,0,2018-05-11,INR,-346920000000
RBI:RMS_W_RN(1.0),N_A,W,2019,2018,SOR5,0,2018-05-11,INR,95040000000
RBI:RMS_W_RN(1.0),N_A,W,2019,2018,SOR6,0,2018-05-11,INR,28066586779546.7
RBI:RMS_W_RN(1.0),N_A,W,2019,2018,SOR7,0,2018-05-11,INR,256893595346.6
RBI:RMS_W_RN(1.0),N_A,W,2019,2018,SOR4,0,2018-05-04,INR,-474050000000
RBI:RMS_W_RN(1.0),N_A,W,2019,2018,SOR6,0,2018-05-04,INR,27964296779546.7
RBI:RMS_W_RN(1.0),N_A,W,2019,2018,SOR5,0,2018-05-04,INR,95210000000
RBI:RMS_W_RN(1.0),N_A,W,2019,2018,SOR1,0,2018-05-04,INR,6039750000000
RBI:RMS_W_RN(1.0),N_A,W,2019,2018,SOR8,0,2018-05-04,INR,9468220300000
RBI:RMS_W_RN(1.0),N_A,W,2019,2018,SOR7,0,2018-05-04,INR,256810304439.6
RBI:RMS_W_RN(1.0),N_A,W,2019,2018,SOR7,0,2018-04-27,INR,256770324411.26
RBI:RMS_W_RN(1.0),N_A,W,2019,2018,SOR8,0,2018-04-27,INR,9629170300000
RBI:RMS_W_RN(1.0),N_A,W,2019,2018,SOR6,0,2018-04-27,INR,28026326779546.7
RBI:RMS_W_RN(1.0),N_A,W,2019,2018,SOR4,0,2018-04-27,INR,-246390000000
RBI:RMS_W_RN(1.0),N_A,W,2019,2018,SOR1,0,2018-04-27,INR,6001340000000
RBI:RMS_W_RN(1.0),N_A,W,2019,2018,SOR5,0,2018-04-27,INR,92470000000
RBI:RMS_W_RN(1.0),N_A,W,2019,2018,SOR4,0,2018-04-20,INR,-298930000000
RBI:RMS_W_RN(1.0),N_A,W,2019,2018,SOR7,0,2018-04-20,INR,256654542321.59998
RBI:RMS_W_RN(1.0),N_A,W,2019,2018,SOR5,0,2018-04-20,INR,94920000000
RBI:RMS_W_RN(1.0),N_A,W,2019,2018,SOR1,0,2018-04-20,INR,5770990000000
RBI:RMS_W_RN(1.0),N_A,W,2019,2018,SOR8,0,2018-04-20,INR,9471050300000
RBI:RMS_W_RN(1.0),N_A,W,2019,2018,SOR6,0,2018-04-20,INR,27934476779546.7
RBI:RMS_W_RN(1.0),N_A,W,2019,2018,SOR4,0,2018-04-13,INR,-1242060000000
RBI:RMS_W_RN(1.0),N_A,W,2019,2018,SOR8,0,2018-04-13,INR,9243490300000
RBI:RMS_W_RN(1.0),N_A,W,2019,2018,SOR5,0,2018-04-13,INR,88020000000
RBI:RMS_W_RN(1.0),N_A,W,2019,2018,SOR6,0,2018-04-13,INR,27779606779546.7
RBI:RMS_W_RN(1.0),N_A,W,2019,2018,SOR1,0,2018-04-13,INR,6182330000000
RBI:RMS_W_RN(1.0),N_A,W,2019,2018,SOR7,0,2018-04-13,INR,256528099531.59998
RBI:RMS_W_RN(1.0),N_A,W,2019,2018,SOR4,0,2018-04-06,INR,-761920000000
RBI:RMS_W_RN(1.0),N_A,W,2019,2018,SOR5,0,2018-04-06,INR,123650000000
RBI:RMS_W_RN(1.0),N_A,W,2019,2018,SOR8,0,2018-04-06,INR,9066380300000
RBI:RMS_W_RN(1.0),N_A,W,2019,2018,SOR7,0,2018-04-06,INR,256422108877.6
RBI:RMS_W_RN(1.0),N_A,W,2019,2018,SOR6,0,2018-04-06,INR,27606796779546.7
RBI:RMS_W_RN(1.0),N_A,W,2019,2018,SOR1,0,2018-04-06,INR,5352790000000
RBI:RMS_W_RN(1.0),N_A,W,2018,2017,SOR7,0,2018-03-31,INR,256516127000
RBI:RMS_W_RN(1.0),N_A,W,2018,2017,SOR5,0,2018-03-31,INR,140250000000
RBI:RMS_W_RN(1.0),N_A,W,2018,2017,SOR8,0,2018-03-31,INR,9069900300000
RBI:RMS_W_RN(1.0),N_A,W,2018,2017,SOR4,0,2018-03-31,INR,493480000000
RBI:RMS_W_RN(1.0),N_A,W,2018,2017,SOR1,0,2018-03-31,INR,4759640000000
RBI:RMS_W_RN(1.0),N_A,W,2018,2017,SOR6,0,2018-03-31,INR,27607806780000
RBI:RMS_W_RN(1.0),N_A,W,2018,2017,SOR6,0,2018-03-30,INR,27596766779546.7
RBI:RMS_W_RN(1.0),N_A,W,2018,2017,SOR1,0,2018-03-30,INR,4655470000000
RBI:RMS_W_RN(1.0),N_A,W,2018,2017,SOR8,0,2018-03-30,INR,8981980300000
RBI:RMS_W_RN(1.0),N_A,W,2018,2017,SOR5,0,2018-03-30,INR,140250000000
RBI:RMS_W_RN(1.0),N_A,W,2018,2017,SOR7,0,2018-03-30,INR,256516127343.59998
RBI:RMS_W_RN(1.0),N_A,W,2018,2017,SOR4,0,2018-03-30,INR,536020000000
RBI:RMS_W_RN(1.0),N_A,W,2018,2017,SOR7,0,2018-03-23,INR,256384992416.6
RBI:RMS_W_RN(1.0),N_A,W,2018,2017,SOR5,0,2018-03-23,INR,105100000000
RBI:RMS_W_RN(1.0),N_A,W,2018,2017,SOR8,0,2018-03-23,INR,9149220300000
RBI:RMS_W_RN(1.0),N_A,W,2018,2017,SOR6,0,2018-03-23,INR,27513596779546.7
RBI:RMS_W_RN(1.0),N_A,W,2018,2017,SOR4,0,2018-03-23,INR,445540000000
RBI:RMS_W_RN(1.0),N_A,W,2018,2017,SOR1,0,2018-03-23,INR,4227190000000
RBI:RMS_W_RN(1.0),N_A,W,2018,2017,SOR4,0,2018-03-16,INR,104840000000
RBI:RMS_W_RN(1.0),N_A,W,2018,2017,SOR5,0,2018-03-16,INR,91880000000
RBI:RMS_W_RN(1.0),N_A,W,2018,2017,SOR8,0,2018-03-16,INR,8953990300000
RBI:RMS_W_RN(1.0),N_A,W,2018,2017,SOR1,0,2018-03-16,INR,4493030000000
RBI:RMS_W_RN(1.0),N_A,W,2018,2017,SOR6,0,2018-03-16,INR,27332636779546.7
RBI:RMS_W_RN(1.0),N_A,W,2018,2017,SOR7,0,2018-03-16,INR,256384992416.6
RBI:RMS_W_RN(1.0),N_A,W,2018,2017,SOR6,0,2018-03-09,INR,27424316779546.7
RBI:RMS_W_RN(1.0),N_A,W,2018,2017,SOR7,0,2018-03-09,INR,256384992416.6
RBI:RMS_W_RN(1.0),N_A,W,2018,2017,SOR4,0,2018-03-09,INR,-35300000000
RBI:RMS_W_RN(1.0),N_A,W,2018,2017,SOR8,0,2018-03-09,INR,9066250300000
RBI:RMS_W_RN(1.0),N_A,W,2018,2017,SOR1,0,2018-03-09,INR,4480870000000
RBI:RMS_W_RN(1.0),N_A,W,2018,2017,SOR5,0,2018-03-09,INR,87330000000
RBI:RMS_W_RN(1.0),N_A,W,2018,2017,SOR1,0,2018-03-02,INR,4460300000000
RBI:RMS_W_RN(1.0),N_A,W,2018,2017,SOR5,0,2018-03-02,INR,87850000000
RBI:RMS_W_RN(1.0),N_A,W,2018,2017,SOR4,0,2018-03-02,INR,-101390000000
RBI:RMS_W_RN(1.0),N_A,W,2018,2017,SOR6,0,2018-03-02,INR,27436108779546.703
RBI:RMS_W_RN(1.0),N_A,W,2018,2017,SOR8,0,2018-03-02,INR,9066890300000
RBI:RMS_W_RN(1.0),N_A,W,2018,2017,SOR7,0,2018-03-02,INR,256384992416.6
RBI:RMS_W_RN(1.0),N_A,W,2018,2017,SOR8,0,2018-02-23,INR,9016340300000
RBI:RMS_W_RN(1.0),N_A,W,2018,2017,SOR4,0,2018-02-23,INR,363810000000
RBI:RMS_W_RN(1.0),N_A,W,2018,2017,SOR1,0,2018-02-23,INR,4022190000000
RBI:RMS_W_RN(1.0),N_A,W,2018,2017,SOR7,0,2018-02-23,INR,256384992416.6
RBI:RMS_W_RN(1.0),N_A,W,2018,2017,SOR6,0,2018-02-23,INR,27233938779546.703
RBI:RMS_W_RN(1.0),N_A,W,2018,2017,SOR5,0,2018-02-23,INR,78460000000
RBI:RMS_W_RN(1.0),N_A,W,2018,2017,SOR4,0,2018-02-16,INR,73430000000
RBI:RMS_W_RN(1.0),N_A,W,2018,2017,SOR6,0,2018-02-16,INR,26942878779546.703
RBI:RMS_W_RN(1.0),N_A,W,2018,2017,SOR7,0,2018-02-16,INR,256384992416.6
RBI:RMS_W_RN(1.0),N_A,W,2018,2017,SOR5,0,2018-02-16,INR,79380000000
RBI:RMS_W_RN(1.0),N_A,W,2018,2017,SOR1,0,2018-02-16,INR,4167100000000
RBI:RMS_W_RN(1.0),N_A,W,2018,2017,SOR8,0,2018-02-16,INR,8718650300000
RBI:RMS_W_RN(1.0),N_A,W,2018,2017,SOR4,0,2018-02-09,INR,-212810000000
RBI:RMS_W_RN(1.0),N_A,W,2018,2017,SOR7,0,2018-02-09,INR,256211516405.6
RBI:RMS_W_RN(1.0),N_A,W,2018,2017,SOR1,0,2018-02-09,INR,4301800000000
RBI:RMS_W_RN(1.0),N_A,W,2018,2017,SOR5,0,2018-02-09,INR,70270000000
RBI:RMS_W_RN(1.0),N_A,W,2018,2017,SOR6,0,2018-02-09,INR,27000768779546.703
RBI:RMS_W_RN(1.0),N_A,W,2018,2017,SOR8,0,2018-02-09,INR,8778250300000
RBI:RMS_W_RN(1.0),N_A,W,2018,2017,SOR7,0,2018-02-02,INR,256211516405.6
RBI:RMS_W_RN(1.0),N_A,W,2018,2017,SOR4,0,2018-02-02,INR,-599990000000
RBI:RMS_W_RN(1.0),N_A,W,2018,2017,SOR1,0,2018-02-02,INR,4407400000000
RBI:RMS_W_RN(1.0),N_A,W,2018,2017,SOR6,0,2018-02-02,INR,27022558779546.703
RBI:RMS_W_RN(1.0),N_A,W,2018,2017,SOR5,0,2018-02-02,INR,73470000000
RBI:RMS_W_RN(1.0),N_A,W,2018,2017,SOR8,0,2018-02-02,INR,8809780300000
RBI:RMS_W_RN(1.0),N_A,W,2018,2017,SOR4,0,2018-01-26,INR,96600000000
RBI:RMS_W_RN(1.0),N_A,W,2018,2017,SOR7,0,2018-01-26,INR,256211516405.6
RBI:RMS_W_RN(1.0),N_A,W,2018,2017,SOR6,0,2018-01-26,INR,26541008779546.703
RBI:RMS_W_RN(1.0),N_A,W,2018,2017,SOR8,0,2018-01-26,INR,8646240300000
RBI:RMS_W_RN(1.0),N_A,W,2018,2017,SOR5,0,2018-01-26,INR,74670000000
RBI:RMS_W_RN(1.0),N_A,W,2018,2017,SOR1,0,2018-01-26,INR,4180330000000
RBI:RMS_W_RN(1.0),N_A,W,2018,2017,SOR1,0,2018-01-19,INR,4601580000000
RBI:RMS_W_RN(1.0),N_A,W,2018,2017,SOR4,0,2018-01-19,INR,-324500000000
RBI:RMS_W_RN(1.0),N_A,W,2018,2017,SOR8,0,2018-01-19,INR,8608210300000
RBI:RMS_W_RN(1.0),N_A,W,2018,2017,SOR5,0,2018-01-19,INR,69520000000
RBI:RMS_W_RN(1.0),N_A,W,2018,2017,SOR6,0,2018-01-19,INR,26437649779546.7
RBI:RMS_W_RN(1.0),N_A,W,2018,2017,SOR7,0,2018-01-19,INR,256211516405.6
RBI:RMS_W_RN(1.0),N_A,W,2018,2017,SOR1,0,2018-01-12,INR,4680490000000
RBI:RMS_W_RN(1.0),N_A,W,2018,2017,SOR4,0,2018-01-12,INR,-557200000000
RBI:RMS_W_RN(1.0),N_A,W,2018,2017,SOR8,0,2018-01-12,INR,8469280300000
RBI:RMS_W_RN(1.0),N_A,W,2018,2017,SOR6,0,2018-01-12,INR,26302169779546.7
RBI:RMS_W_RN(1.0),N_A,W,2018,2017,SOR7,0,2018-01-12,INR,255977908315.6
RBI:RMS_W_RN(1.0),N_A,W,2018,2017,SOR5,0,2018-01-12,INR,82530000000
RBI:RMS_W_RN(1.0),N_A,W,2018,2017,SOR8,0,2018-01-05,INR,8332650300000
RBI:RMS_W_RN(1.0),N_A,W,2018,2017,SOR7,0,2018-01-05,INR,255977908315.6
RBI:RMS_W_RN(1.0),N_A,W,2018,2017,SOR5,0,2018-01-05,INR,80880000000
RBI:RMS_W_RN(1.0),N_A,W,2018,2017,SOR1,0,2018-01-05,INR,5048740000000
RBI:RMS_W_RN(1.0),N_A,W,2018,2017,SOR4,0,2018-01-05,INR,-1045150000000
RBI:RMS_W_RN(1.0),N_A,W,2018,2017,SOR6,0,2018-01-05,INR,26075369779546.7
RBI:RMS_W_RN(1.0),N_A,W,2018,2017,SOR6,0,2017-12-29,INR,26185529779546.7
RBI:RMS_W_RN(1.0),N_A,W,2018,2017,SOR8,0,2017-12-29,INR,8591430300000
RBI:RMS_W_RN(1.0),N_A,W,2018,2017,SOR4,0,2017-12-29,INR,158560000000
RBI:RMS_W_RN(1.0),N_A,W,2018,2017,SOR7,0,2017-12-29,INR,255977908315.6
RBI:RMS_W_RN(1.0),N_A,W,2018,2017,SOR5,0,2017-12-29,INR,91270000000
RBI:RMS_W_RN(1.0),N_A,W,2018,2017,SOR1,0,2017-12-29,INR,4275970000000
RBI:RMS_W_RN(1.0),N_A,W,2018,2017,SOR6,0,2017-12-22,INR,25945569779546.7
RBI:RMS_W_RN(1.0),N_A,W,2018,2017,SOR7,0,2017-12-22,INR,255977908315.6
RBI:RMS_W_RN(1.0),N_A,W,2018,2017,SOR5,0,2017-12-22,INR,86940000000
RBI:RMS_W_RN(1.0),N_A,W,2018,2017,SOR1,0,2017-12-22,INR,3868390000000
RBI:RMS_W_RN(1.0),N_A,W,2018,2017,SOR8,0,2017-12-22,INR,8557920300000
RBI:RMS_W_RN(1.0),N_A,W,2018,2017,SOR4,0,2017-12-22,INR,394190000000
RBI:RMS_W_RN(1.0),N_A,W,2018,2017,SOR4,0,2017-12-15,INR,-265980000000
RBI:RMS_W_RN(1.0),N_A,W,2018,2017,SOR8,0,2017-12-15,INR,8517270300000
RBI:RMS_W_RN(1.0),N_A,W,2018,2017,SOR5,0,2017-12-15,INR,85330000000
RBI:RMS_W_RN(1.0),N_A,W,2018,2017,SOR6,0,2017-12-15,INR,25723721013526.703
RBI:RMS_W_RN(1.0),N_A,W,2018,2017,SOR7,0,2017-12-15,INR,255672074448.6
RBI:RMS_W_RN(1.0),N_A,W,2018,2017,SOR1,0,2017-12-15,INR,5051750000000
RBI:RMS_W_RN(1.0),N_A,W,2018,2017,SOR4,0,2017-12-08,INR,-1092370000000
RBI:RMS_W_RN(1.0),N_A,W,2018,2017,SOR1,0,2017-12-08,INR,5287040000000
RBI:RMS_W_RN(1.0),N_A,W,2018,2017,SOR6,0,2017-12-08,INR,25832301013526.703
RBI:RMS_W_RN(1.0),N_A,W,2018,2017,SOR5,0,2017-12-08,INR,77000000000
RBI:RMS_W_RN(1.0),N_A,W,2018,2017,SOR8,0,2017-12-08,INR,8632320300000
RBI:RMS_W_RN(1.0),N_A,W,2018,2017,SOR7,0,2017-12-08,INR,255672074448.6
RBI:RMS_W_RN(1.0),N_A,W,2018,2017,SOR7,0,2017-12-01,INR,255672074448.6
RBI:RMS_W_RN(1.0),N_A,W,2018,2017,SOR4,0,2017-12-01,INR,-864180000000
RBI:RMS_W_RN(1.0),N_A,W,2018,2017,SOR8,0,2017-12-01,INR,8676540300000
RBI:RMS_W_RN(1.0),N_A,W,2018,2017,SOR6,0,2017-12-01,INR,25886903323848.7
RBI:RMS_W_RN(1.0),N_A,W,2018,2017,SOR1,0,2017-12-01,INR,5165330000000
RBI:RMS_W_RN(1.0),N_A,W,2018,2017,SOR5,0,2017-12-01,INR,82140000000
RBI:RMS_W_RN(1.0),N_A,W,2018,2017,SOR7,0,2017-11-24,INR,255672074448.6
RBI:RMS_W_RN(1.0),N_A,W,2018,2017,SOR6,0,2017-11-24,INR,25930253323848.7
RBI:RMS_W_RN(1.0),N_A,W,2018,2017,SOR4,0,2017-11-24,INR,-377310000000
RBI:RMS_W_RN(1.0),N_A,W,2018,2017,SOR8,0,2017-11-24,INR,8853380300000
RBI:RMS_W_RN(1.0),N_A,W,2018,2017,SOR1,0,2017-11-24,INR,4474140000000
RBI:RMS_W_RN(1.0),N_A,W,2018,2017,SOR5,0,2017-11-24,INR,80590000000
RBI:RMS_W_RN(1.0),N_A,W,2018,2017,SOR4,0,2017-11-17,INR,-631460000000
RBI:RMS_W_RN(1.0),N_A,W,2018,2017,SOR5,0,2017-11-17,INR,81540000000
RBI:RMS_W_RN(1.0),N_A,W,2018,2017,SOR6,0,2017-11-17,INR,25894713323848.7
RBI:RMS_W_RN(1.0),N_A,W,2018,2017,SOR8,0,2017-11-17,INR,8808050300000
RBI:RMS_W_RN(1.0),N_A,W,2018,2017,SOR1,0,2017-11-17,INR,4981910000000
RBI:RMS_W_RN(1.0),N_A,W,2018,2017,SOR7,0,2017-11-17,INR,255371385364.6
RBI:RMS_W_RN(1.0),N_A,W,2018,2017,SOR1,0,2017-11-10,INR,4996760000000
RBI:RMS_W_RN(1.0),N_A,W,2018,2017,SOR4,0,2017-11-10,INR,-998190000000
RBI:RMS_W_RN(1.0),N_A,W,2018,2017,SOR8,0,2017-11-10,INR,8833650300000
RBI:RMS_W_RN(1.0),N_A,W,2018,2017,SOR7,0,2017-11-10,INR,255371385364.6
RBI:RMS_W_RN(1.0),N_A,W,2018,2017,SOR6,0,2017-11-10,INR,25943279323848.7
RBI:RMS_W_RN(1.0),N_A,W,2018,2017,SOR5,0,2017-11-10,INR,77940000000
RBI:RMS_W_RN(1.0),N_A,W,2018,2017,SOR5,0,2017-11-03,INR,78140000000
RBI:RMS_W_RN(1.0),N_A,W,2018,2017,SOR4,0,2017-11-03,INR,-1224570000000
RBI:RMS_W_RN(1.0),N_A,W,2018,2017,SOR8,0,2017-11-03,INR,8592430300000
RBI:RMS_W_RN(1.0),N_A,W,2018,2017,SOR1,0,2017-11-03,INR,5280480000000
RBI:RMS_W_RN(1.0),N_A,W,2018,2017,SOR6,0,2017-11-03,INR,25742539324000
RBI:RMS_W_RN(1.0),N_A,W,2018,2017,SOR7,0,2017-11-03,INR,255371385000
RBI:RMS_W_RN(1.0),N_A,W,2018,2017,SOR6,0,2017-10-27,INR,25950409323848.7
RBI:RMS_W_RN(1.0),N_A,W,2018,2017,SOR7,0,2017-10-27,INR,255371385364.6
RBI:RMS_W_RN(1.0),N_A,W,2018,2017,SOR8,0,2017-10-27,INR,8883250300000
RBI:RMS_W_RN(1.0),N_A,W,2018,2017,SOR1,0,2017-10-27,INR,4922810000000
RBI:RMS_W_RN(1.0),N_A,W,2018,2017,SOR4,0,2017-10-27,INR,-1077570000000
RBI:RMS_W_RN(1.0),N_A,W,2018,2017,SOR5,0,2017-10-27,INR,81840000000
RBI:RMS_W_RN(1.0),N_A,W,2018,2017,SOR4,0,2017-10-20,INR,-865820000000
RBI:RMS_W_RN(1.0),N_A,W,2018,2017,SOR1,0,2017-10-20,INR,5150340000000
RBI:RMS_W_RN(1.0),N_A,W,2018,2017,SOR5,0,2017-10-20,INR,67030000000
RBI:RMS_W_RN(1.0),N_A,W,2018,2017,SOR6,0,2017-10-20,INR,26014378323848.7
RBI:RMS_W_RN(1.0),N_A,W,2018,2017,SOR7,0,2017-10-20,INR,254810771827.6
RBI:RMS_W_RN(1.0),N_A,W,2018,2017,SOR8,0,2017-10-20,INR,8935250300000
RBI:RMS_W_RN(1.0),N_A,W,2018,2017,SOR4,0,2017-10-13,INR,-1737240000000
RBI:RMS_W_RN(1.0),N_A,W,2018,2017,SOR7,0,2017-10-13,INR,254810771827.6
RBI:RMS_W_RN(1.0),N_A,W,2018,2017,SOR6,0,2017-10-13,INR,25987618323848.7
RBI:RMS_W_RN(1.0),N_A,W,2018,2017,SOR5,0,2017-10-13,INR,72680000000
RBI:RMS_W_RN(1.0),N_A,W,2018,2017,SOR1,0,2017-10-13,INR,5425560000000
RBI:RMS_W_RN(1.0),N_A,W,2018,2017,SOR8,0,2017-10-13,INR,8938520300000
RBI:RMS_W_RN(1.0),N_A,W,2018,2017,SOR4,0,2017-10-06,INR,-2144260000000
RBI:RMS_W_RN(1.0),N_A,W,2018,2017,SOR7,0,2017-10-06,INR,254810771827.6
RBI:RMS_W_RN(1.0),N_A,W,2018,2017,SOR6,0,2017-10-06,INR,26002618323848.7
RBI:RMS_W_RN(1.0),N_A,W,2018,2017,SOR5,0,2017-10-06,INR,70330000000
RBI:RMS_W_RN(1.0),N_A,W,2018,2017,SOR1,0,2017-10-06,INR,5846230000000
RBI:RMS_W_RN(1.0),N_A,W,2018,2017,SOR8,0,2017-10-06,INR,8945340300000
RBI:RMS_W_RN(1.0),N_A,W,2018,2017,SOR5,0,2017-09-29,INR,74360000000
RBI:RMS_W_RN(1.0),N_A,W,2018,2017,SOR8,0,2017-09-29,INR,9055360300000
RBI:RMS_W_RN(1.0),N_A,W,2018,2017,SOR4,0,2017-09-29,INR,-1792110000000
RBI:RMS_W_RN(1.0),N_A,W,2018,2017,SOR1,0,2017-09-29,INR,5428930000000
RBI:RMS_W_RN(1.0),N_A,W,2018,2017,SOR7,0,2017-09-29,INR,254810771827.6
RBI:RMS_W_RN(1.0),N_A,W,2018,2017,SOR6,0,2017-09-29,INR,26078318323848.7
RBI:RMS_W_RN(1.0),N_A,W,2018,2017,SOR6,0,2017-09-22,INR,26096608323848.7
RBI:RMS_W_RN(1.0),N_A,W,2018,2017,SOR7,0,2017-09-22,INR,254203308104.6
RBI:RMS_W_RN(1.0),N_A,W,2018,2017,SOR4,0,2017-09-22,INR,-1575550000000
RBI:RMS_W_RN(1.0),N_A,W,2018,2017,SOR8,0,2017-09-22,INR,9032200300000
RBI:RMS_W_RN(1.0),N_A,W,2018,2017,SOR5,0,2017-09-22,INR,73100000000
RBI:RMS_W_RN(1.0),N_A,W,2018,2017,SOR1,0,2017-09-22,INR,4946060000000
RBI:RMS_W_RN(1.0),N_A,W,2018,2017,SOR6,0,2017-09-15,INR,25778808323848.7
RBI:RMS_W_RN(1.0),N_A,W,2018,2017,SOR5,0,2017-09-15,INR,75650000000
RBI:RMS_W_RN(1.0),N_A,W,2018,2017,SOR8,0,2017-09-15,INR,8714690300000
RBI:RMS_W_RN(1.0),N_A,W,2018,2017,SOR7,0,2017-09-15,INR,254203308104.6
RBI:RMS_W_RN(1.0),N_A,W,2018,2017,SOR4,0,2017-09-15,INR,-2035280000000
RBI:RMS_W_RN(1.0),N_A,W,2018,2017,SOR1,0,2017-09-15,INR,5594470000000
RBI:RMS_W_RN(1.0),N_A,W,2018,2017,SOR5,0,2017-09-08,INR,70280000000
RBI:RMS_W_RN(1.0),N_A,W,2018,2017,SOR6,0,2017-09-08,INR,25584208323848.7
RBI:RMS_W_RN(1.0),N_A,W,2018,2017,SOR4,0,2017-09-08,INR,-2836140000000
RBI:RMS_W_RN(1.0),N_A,W,2018,2017,SOR7,0,2017-09-08,INR,254203308104.6
RBI:RMS_W_RN(1.0),N_A,W,2018,2017,SOR1,0,2017-09-08,INR,6157900000000
RBI:RMS_W_RN(1.0),N_A,W,2018,2017,SOR8,0,2017-09-08,INR,8595480300000
RBI:RMS_W_RN(1.0),N_A,W,2018,2017,SOR4,0,2017-09-01,INR,-3249690000000
RBI:RMS_W_RN(1.0),N_A,W,2018,2017,SOR8,0,2017-09-01,INR,8510620300000
RBI:RMS_W_RN(1.0),N_A,W,2018,2017,SOR6,0,2017-09-01,INR,25462028323848.7
RBI:RMS_W_RN(1.0),N_A,W,2018,2017,SOR1,0,2017-09-01,INR,6420860000000
RBI:RMS_W_RN(1.0),N_A,W,2018,2017,SOR5,0,2017-09-01,INR,73880000000
RBI:RMS_W_RN(1.0),N_A,W,2018,2017,SOR7,0,2017-09-01,INR,254203308104.6
RBI:RMS_W_RN(1.0),N_A,W,2018,2017,SOR5,0,2017-08-25,INR,77280000000
RBI:RMS_W_RN(1.0),N_A,W,2018,2017,SOR1,0,2017-08-25,INR,5716320000000
RBI:RMS_W_RN(1.0),N_A,W,2018,2017,SOR7,0,2017-08-25,INR,254203308104.6
RBI:RMS_W_RN(1.0),N_A,W,2018,2017,SOR4,0,2017-08-25,INR,-2174240000000
RBI:RMS_W_RN(1.0),N_A,W,2018,2017,SOR6,0,2017-08-25,INR,25267748323848.7
RBI:RMS_W_RN(1.0),N_A,W,2018,2017,SOR8,0,2017-08-25,INR,8454930300000
RBI:RMS_W_RN(1.0),N_A,W,2018,2017,SOR6,0,2017-08-18,INR,25208198323848.7
RBI:RMS_W_RN(1.0),N_A,W,2018,2017,SOR5,0,2017-08-18,INR,75330000000
RBI:RMS_W_RN(1.0),N_A,W,2018,2017,SOR8,0,2017-08-18,INR,8423540300000
RBI:RMS_W_RN(1.0),N_A,W,2018,2017,SOR4,0,2017-08-18,INR,-2925900000000
RBI:RMS_W_RN(1.0),N_A,W,2018,2017,SOR7,0,2017-08-18,INR,253776004375.59998
RBI:RMS_W_RN(1.0),N_A,W,2018,2017,SOR1,0,2017-08-18,INR,6448290000000
RBI:RMS_W_RN(1.0),N_A,W,2018,2017,SOR8,0,2017-08-11,INR,8461630300000
RBI:RMS_W_RN(1.0),N_A,W,2018,2017,SOR4,0,2017-08-11,INR,-2812860000000
RBI:RMS_W_RN(1.0),N_A,W,2018,2017,SOR7,0,2017-08-11,INR,253776004375.59998
RBI:RMS_W_RN(1.0),N_A,W,2018,2017,SOR1,0,2017-08-11,INR,6198960000000
RBI:RMS_W_RN(1.0),N_A,W,2018,2017,SOR5,0,2017-08-11,INR,73730000000
RBI:RMS_W_RN(1.0),N_A,W,2018,2017,SOR6,0,2017-08-11,INR,25245568323848.7
RBI:RMS_W_RN(1.0),N_A,W,2018,2017,SOR8,0,2017-08-04,INR,8605790300000
RBI:RMS_W_RN(1.0),N_A,W,2018,2017,SOR7,0,2017-08-04,INR,253776004375.59998
RBI:RMS_W_RN(1.0),N_A,W,2018,2017,SOR6,0,2017-08-04,INR,25063878323848.7
RBI:RMS_W_RN(1.0),N_A,W,2018,2017,SOR1,0,2017-08-04,INR,7000730000000
RBI:RMS_W_RN(1.0),N_A,W,2018,2017,SOR4,0,2017-08-04,INR,-3377940000000
RBI:RMS_W_RN(1.0),N_A,W,2018,2017,SOR5,0,2017-08-04,INR,74230000000
RBI:RMS_W_RN(1.0),N_A,W,2018,2017,SOR1,0,2017-07-28,INR,6269290000000
RBI:RMS_W_RN(1.0),N_A,W,2018,2017,SOR8,0,2017-07-28,INR,8820010300000
RBI:RMS_W_RN(1.0),N_A,W,2018,2017,SOR6,0,2017-07-28,INR,25197468323848.7
RBI:RMS_W_RN(1.0),N_A,W,2018,2017,SOR4,0,2017-07-28,INR,-2639100000000
RBI:RMS_W_RN(1.0),N_A,W,2018,2017,SOR5,0,2017-07-28,INR,70120000000
RBI:RMS_W_RN(1.0),N_A,W,2018,2017,SOR7,0,2017-07-28,INR,253776004375.59998
RBI:RMS_W_RN(1.0),N_A,W,2018,2017,SOR6,0,2017-07-21,INR,25156718111919.098
RBI:RMS_W_RN(1.0),N_A,W,2018,2017,SOR5,0,2017-07-21,INR,68730000000
RBI:RMS_W_RN(1.0),N_A,W,2018,2017,SOR1,0,2017-07-21,INR,6462650000000
RBI:RMS_W_RN(1.0),N_A,W,2018,2017,SOR8,0,2017-07-21,INR,8810450300000
RBI:RMS_W_RN(1.0),N_A,W,2018,2017,SOR7,0,2017-07-21,INR,253140008942.6
RBI:RMS_W_RN(1.0),N_A,W,2018,2017,SOR4,0,2017-07-21,INR,-2859150000000
RBI:RMS_W_RN(1.0),N_A,W,2018,2017,SOR6,0,2017-07-14,INR,25061398112000
RBI:RMS_W_RN(1.0),N_A,W,2018,2017,SOR1,0,2017-07-14,INR,6753100000000
RBI:RMS_W_RN(1.0),N_A,W,2018,2017,SOR5,0,2017-07-14,INR,69330000000
RBI:RMS_W_RN(1.0),N_A,W,2018,2017,SOR7,0,2017-07-14,INR,253140009000
RBI:RMS_W_RN(1.0),N_A,W,2018,2017,SOR8,0,2017-07-14,INR,8783360300000
RBI:RMS_W_RN(1.0),N_A,W,2018,2017,SOR4,0,2017-07-14,INR,-2994160000000
RBI:RMS_W_RN(1.0),N_A,W,2018,2017,SOR6,0,2017-07-07,INR,24990648112000
RBI:RMS_W_RN(1.0),N_A,W,2018,2017,SOR5,0,2017-07-07,INR,62480000000
RBI:RMS_W_RN(1.0),N_A,W,2018,2017,SOR4,0,2017-07-07,INR,-3510230000000
RBI:RMS_W_RN(1.0),N_A,W,2018,2017,SOR1,0,2017-07-07,INR,7178850000000
RBI:RMS_W_RN(1.0),N_A,W,2018,2017,SOR8,0,2017-07-07,INR,8769210300000
RBI:RMS_W_RN(1.0),N_A,W,2018,2017,SOR7,0,2017-07-07,INR,253140009000
RBI:RMS_W_RN(1.0),N_A,W,2018,2017,SOR8,0,2017-06-30,INR,8798360300000
RBI:RMS_W_RN(1.0),N_A,W,2018,2017,SOR7,0,2017-06-30,INR,253140009000
RBI:RMS_W_RN(1.0),N_A,W,2018,2017,SOR5,0,2017-06-30,INR,76130000000
RBI:RMS_W_RN(1.0),N_A,W,2018,2017,SOR1,0,2017-06-30,INR,6665130000000
RBI:RMS_W_RN(1.0),N_A,W,2018,2017,SOR6,0,2017-06-30,INR,25002278112000
RBI:RMS_W_RN(1.0),N_A,W,2018,2017,SOR4,0,2017-06-30,INR,-2629870000000
RBI:RMS_W_RN(1.0),N_A,W,2018,2017,SOR6,0,2017-06-23,INR,24674128111919.098
RBI:RMS_W_RN(1.0),N_A,W,2018,2017,SOR8,0,2017-06-23,INR,8529440300000
RBI:RMS_W_RN(1.0),N_A,W,2018,2017,SOR7,0,2017-06-23,INR,253140008942.6
RBI:RMS_W_RN(1.0),N_A,W,2018,2017,SOR4,0,2017-06-23,INR,-3011140000000
RBI:RMS_W_RN(1.0),N_A,W,2018,2017,SOR5,0,2017-06-23,INR,69250000000
RBI:RMS_W_RN(1.0),N_A,W,2018,2017,SOR1,0,2017-06-23,INR,6672690000000
RBI:RMS_W_RN(1.0),N_A,W,2018,2017,SOR6,0,2017-06-16,INR,24655398111919.098
RBI:RMS_W_RN(1.0),N_A,W,2018,2017,SOR5,0,2017-06-16,INR,70900000000
RBI:RMS_W_RN(1.0),N_A,W,2018,2017,SOR7,0,2017-06-16,INR,252432806767.6
RBI:RMS_W_RN(1.0),N_A,W,2018,2017,SOR8,0,2017-06-16,INR,8566250300000
RBI:RMS_W_RN(1.0),N_A,W,2018,2017,SOR1,0,2017-06-16,INR,6522010000000
RBI:RMS_W_RN(1.0),N_A,W,2018,2017,SOR4,0,2017-06-16,INR,-2727530000000
RBI:RMS_W_RN(1.0),N_A,W,2018,2017,SOR8,0,2017-06-09,INR,8397870300000
RBI:RMS_W_RN(1.0),N_A,W,2018,2017,SOR4,0,2017-06-09,INR,-3153350000000
RBI:RMS_W_RN(1.0),N_A,W,2018,2017,SOR6,0,2017-06-09,INR,24485308111919.098
RBI:RMS_W_RN(1.0),N_A,W,2018,2017,SOR7,0,2017-06-09,INR,252432806767.6
RBI:RMS_W_RN(1.0),N_A,W,2018,2017,SOR5,0,2017-06-09,INR,69950000000
RBI:RMS_W_RN(1.0),N_A,W,2018,2017,SOR1,0,2017-06-09,INR,6835930000000
RBI:RMS_W_RN(1.0),N_A,W,2018,2017,SOR5,0,2017-06-02,INR,70650000000
RBI:RMS_W_RN(1.0),N_A,W,2018,2017,SOR1,0,2017-06-02,INR,7436190000000
RBI:RMS_W_RN(1.0),N_A,W,2018,2017,SOR4,0,2017-06-02,INR,-4007870000000
RBI:RMS_W_RN(1.0),N_A,W,2018,2017,SOR6,0,2017-06-02,INR,24544237111919.098
RBI:RMS_W_RN(1.0),N_A,W,2018,2017,SOR8,0,2017-06-02,INR,8470270300000
RBI:RMS_W_RN(1.0),N_A,W,2018,2017,SOR7,0,2017-06-02,INR,252432806767.6
RBI:RMS_W_RN(1.0),N_A,W,2018,2017,SOR1,0,2017-05-26,INR,6867000000000
RBI:RMS_W_RN(1.0),N_A,W,2018,2017,SOR4,0,2017-05-26,INR,-3474130000000
RBI:RMS_W_RN(1.0),N_A,W,2018,2017,SOR6,0,2017-05-26,INR,24444477111919.098
RBI:RMS_W_RN(1.0),N_A,W,2018,2017,SOR5,0,2017-05-26,INR,66410000000
RBI:RMS_W_RN(1.0),N_A,W,2018,2017,SOR7,0,2017-05-26,INR,252432806767.6
RBI:RMS_W_RN(1.0),N_A,W,2018,2017,SOR8,0,2017-05-26,INR,8460230300000
RBI:RMS_W_RN(1.0),N_A,W,2018,2017,SOR6,0,2017-05-19,INR,24621367111919.098
RBI:RMS_W_RN(1.0),N_A,W,2018,2017,SOR1,0,2017-05-19,INR,6874110000000
RBI:RMS_W_RN(1.0),N_A,W,2018,2017,SOR8,0,2017-05-19,INR,8622590300000
RBI:RMS_W_RN(1.0),N_A,W,2018,2017,SOR5,0,2017-05-19,INR,71050000000
RBI:RMS_W_RN(1.0),N_A,W,2018,2017,SOR7,0,2017-05-19,INR,251618199053.6
RBI:RMS_W_RN(1.0),N_A,W,2018,2017,SOR4,0,2017-05-19,INR,-3368430000000
RBI:RMS_W_RN(1.0),N_A,W,2018,2017,SOR5,0,2017-05-12,INR,56480000000
RBI:RMS_W_RN(1.0),N_A,W,2018,2017,SOR1,0,2017-05-12,INR,6651800000000
RBI:RMS_W_RN(1.0),N_A,W,2018,2017,SOR7,0,2017-05-12,INR,251618199053.6
RBI:RMS_W_RN(1.0),N_A,W,2018,2017,SOR8,0,2017-05-12,INR,8236820300000
RBI:RMS_W_RN(1.0),N_A,W,2018,2017,SOR4,0,2017-05-12,INR,-3294430000000
RBI:RMS_W_RN(1.0),N_A,W,2018,2017,SOR6,0,2017-05-12,INR,24118727111919.098
RBI:RMS_W_RN(1.0),N_A,W,2018,2017,SOR4,0,2017-05-05,INR,-3981860000000
RBI:RMS_W_RN(1.0),N_A,W,2018,2017,SOR7,0,2017-05-05,INR,251618199053.6
RBI:RMS_W_RN(1.0),N_A,W,2018,2017,SOR8,0,2017-05-05,INR,8252900300000
RBI:RMS_W_RN(1.0),N_A,W,2018,2017,SOR6,0,2017-05-05,INR,24147967111919.098
RBI:RMS_W_RN(1.0),N_A,W,2018,2017,SOR5,0,2017-05-05,INR,53980000000
RBI:RMS_W_RN(1.0),N_A,W,2018,2017,SOR1,0,2017-05-05,INR,7255280000000
RBI:RMS_W_RN(1.0),N_A,W,2018,2017,SOR4,0,2017-04-28,INR,-3914160000000
RBI:RMS_W_RN(1.0),N_A,W,2018,2017,SOR5,0,2017-04-28,INR,53720000000
RBI:RMS_W_RN(1.0),N_A,W,2018,2017,SOR8,0,2017-04-28,INR,8228870300000
RBI:RMS_W_RN(1.0),N_A,W,2018,2017,SOR1,0,2017-04-28,INR,7196320000000
RBI:RMS_W_RN(1.0),N_A,W,2018,2017,SOR7,0,2017-04-28,INR,251618199053.6
RBI:RMS_W_RN(1.0),N_A,W,2018,2017,SOR6,0,2017-04-28,INR,23932736455082.1
RBI:RMS_W_RN(1.0),N_A,W,2018,2017,SOR7,0,2017-04-21,INR,250854773339.6
RBI:RMS_W_RN(1.0),N_A,W,2018,2017,SOR8,0,2017-04-21,INR,8273220300000
RBI:RMS_W_RN(1.0),N_A,W,2018,2017,SOR4,0,2017-04-21,INR,-4424770000000
RBI:RMS_W_RN(1.0),N_A,W,2018,2017,SOR6,0,2017-04-21,INR,23954451455082.4
RBI:RMS_W_RN(1.0),N_A,W,2018,2017,SOR1,0,2017-04-21,INR,7536100000000
RBI:RMS_W_RN(1.0),N_A,W,2018,2017,SOR5,0,2017-04-21,INR,52640000000
RBI:RMS_W_RN(1.0),N_A,W,2018,2017,SOR8,0,2017-04-14,INR,8120940300000
RBI:RMS_W_RN(1.0),N_A,W,2018,2017,SOR4,0,2017-04-14,INR,-4341310000000
RBI:RMS_W_RN(1.0),N_A,W,2018,2017,SOR7,0,2017-04-14,INR,250854773339.6
RBI:RMS_W_RN(1.0),N_A,W,2018,2017,SOR1,0,2017-04-14,INR,7097230000000
RBI:RMS_W_RN(1.0),N_A,W,2018,2017,SOR5,0,2017-04-14,INR,54250000000
RBI:RMS_W_RN(1.0),N_A,W,2018,2017,SOR6,0,2017-04-14,INR,23786041455082.4
RBI:RMS_W_RN(1.0),N_A,W,2018,2017,SOR4,0,2017-04-07,INR,-4654300000000
RBI:RMS_W_RN(1.0),N_A,W,2018,2017,SOR1,0,2017-04-07,INR,6948250000000
RBI:RMS_W_RN(1.0),N_A,W,2018,2017,SOR6,0,2017-04-07,INR,23755641455082.4
RBI:RMS_W_RN(1.0),N_A,W,2018,2017,SOR8,0,2017-04-07,INR,8091210300000
RBI:RMS_W_RN(1.0),N_A,W,2018,2017,SOR5,0,2017-04-07,INR,59650000000
RBI:RMS_W_RN(1.0),N_A,W,2018,2017,SOR7,0,2017-04-07,INR,250854773339.6
RBI:RMS_W_RN(1.0),N_A,W,2017,2016,SOR7,0,2017-03-31,INR,250854773339.6
RBI:RMS_W_RN(1.0),N_A,W,2017,2016,SOR5,0,2017-03-31,INR,72910000000
RBI:RMS_W_RN(1.0),N_A,W,2017,2016,SOR4,0,2017-03-31,INR,-3165680000000
RBI:RMS_W_RN(1.0),N_A,W,2017,2016,SOR8,0,2017-03-31,INR,8333450300000
RBI:RMS_W_RN(1.0),N_A,W,2017,2016,SOR1,0,2017-03-31,INR,6208110000000
RBI:RMS_W_RN(1.0),N_A,W,2017,2016,SOR6,0,2017-03-31,INR,23972101455082.4
RBI:RMS_W_RN(1.0),N_A,W,2017,2016,SOR8,0,2017-03-24,INR,8578460300000
RBI:RMS_W_RN(1.0),N_A,W,2017,2016,SOR5,0,2017-03-24,INR,52050000000
RBI:RMS_W_RN(1.0),N_A,W,2017,2016,SOR6,0,2017-03-24,INR,24092221455082.4
RBI:RMS_W_RN(1.0),N_A,W,2017,2016,SOR4,0,2017-03-24,INR,-4251570000000
RBI:RMS_W_RN(1.0),N_A,W,2017,2016,SOR7,0,2017-03-24,INR,249455039286.6
RBI:RMS_W_RN(1.0),N_A,W,2017,2016,SOR1,0,2017-03-24,INR,6284820000000
RBI:RMS_W_RN(1.0),N_A,W,2017,2016,SOR1,0,2017-03-17,INR,5959740000000
RBI:RMS_W_RN(1.0),N_A,W,2017,2016,SOR5,0,2017-03-17,INR,46790000000
RBI:RMS_W_RN(1.0),N_A,W,2017,2016,SOR6,0,2017-03-17,INR,24046191455082.4
RBI:RMS_W_RN(1.0),N_A,W,2017,2016,SOR4,0,2017-03-17,INR,-4201510000000
RBI:RMS_W_RN(1.0),N_A,W,2017,2016,SOR7,0,2017-03-17,INR,249455039286.6
RBI:RMS_W_RN(1.0),N_A,W,2017,2016,SOR8,0,2017-03-17,INR,8571010300000
RBI:RMS_W_RN(1.0),N_A,W,2017,2016,SOR4,0,2017-03-10,INR,-4759910000000
RBI:RMS_W_RN(1.0),N_A,W,2017,2016,SOR8,0,2017-03-10,INR,8874120300000
RBI:RMS_W_RN(1.0),N_A,W,2017,2016,SOR5,0,2017-03-10,INR,37880000000
RBI:RMS_W_RN(1.0),N_A,W,2017,2016,SOR7,0,2017-03-10,INR,249455039286.6
RBI:RMS_W_RN(1.0),N_A,W,2017,2016,SOR6,0,2017-03-10,INR,24289231455082.4
RBI:RMS_W_RN(1.0),N_A,W,2017,2016,SOR1,0,2017-03-10,INR,6520920000000
RBI:RMS_W_RN(1.0),N_A,W,2017,2016,SOR5,0,2017-03-03,INR,37880000000
RBI:RMS_W_RN(1.0),N_A,W,2017,2016,SOR6,0,2017-03-03,INR,24332991455082.4
RBI:RMS_W_RN(1.0),N_A,W,2017,2016,SOR1,0,2017-03-03,INR,6340970000000
RBI:RMS_W_RN(1.0),N_A,W,2017,2016,SOR7,0,2017-03-03,INR,249455039286.6
RBI:RMS_W_RN(1.0),N_A,W,2017,2016,SOR4,0,2017-03-03,INR,-5211320000000
RBI:RMS_W_RN(1.0),N_A,W,2017,2016,SOR8,0,2017-03-03,INR,8951630300000
RBI:RMS_W_RN(1.0),N_A,W,2017,2016,SOR5,0,2017-02-24,INR,46140000000
RBI:RMS_W_RN(1.0),N_A,W,2017,2016,SOR8,0,2017-02-24,INR,9108110300000
RBI:RMS_W_RN(1.0),N_A,W,2017,2016,SOR1,0,2017-02-24,INR,5456880000000
RBI:RMS_W_RN(1.0),N_A,W,2017,2016,SOR7,0,2017-02-24,INR,249455039286.6
RBI:RMS_W_RN(1.0),N_A,W,2017,2016,SOR4,0,2017-02-24,INR,-4453530000000
RBI:RMS_W_RN(1.0),N_A,W,2017,2016,SOR6,0,2017-02-24,INR,24273121455082.4
RBI:RMS_W_RN(1.0),N_A,W,2017,2016,SOR4,0,2017-02-17,INR,-4303510000000
RBI:RMS_W_RN(1.0),N_A,W,2017,2016,SOR5,0,2017-02-17,INR,47670000000
RBI:RMS_W_RN(1.0),N_A,W,2017,2016,SOR7,0,2017-02-17,INR,249455039286.6
RBI:RMS_W_RN(1.0),N_A,W,2017,2016,SOR6,0,2017-02-17,INR,24341141455082.4
RBI:RMS_W_RN(1.0),N_A,W,2017,2016,SOR1,0,2017-02-17,INR,4921710000000
RBI:RMS_W_RN(1.0),N_A,W,2017,2016,SOR8,0,2017-02-17,INR,9192990300000
RBI:RMS_W_RN(1.0),N_A,W,2017,2016,SOR7,0,2017-02-10,INR,248089623308.59998
RBI:RMS_W_RN(1.0),N_A,W,2017,2016,SOR6,0,2017-02-10,INR,24307471455082.4
RBI:RMS_W_RN(1.0),N_A,W,2017,2016,SOR5,0,2017-02-10,INR,51370000000
RBI:RMS_W_RN(1.0),N_A,W,2017,2016,SOR8,0,2017-02-10,INR,9174820300000
RBI:RMS_W_RN(1.0),N_A,W,2017,2016,SOR1,0,2017-02-10,INR,4308370000000
RBI:RMS_W_RN(1.0),N_A,W,2017,2016,SOR4,0,2017-02-10,INR,-3955670000000
RBI:RMS_W_RN(1.0),N_A,W,2017,2016,SOR7,0,2017-02-03,INR,248089623308.59998
RBI:RMS_W_RN(1.0),N_A,W,2017,2016,SOR4,0,2017-02-03,INR,-3888430000000
RBI:RMS_W_RN(1.0),N_A,W,2017,2016,SOR5,0,2017-02-03,INR,49370000000
RBI:RMS_W_RN(1.0),N_A,W,2017,2016,SOR6,0,2017-02-03,INR,24483501455082.4
RBI:RMS_W_RN(1.0),N_A,W,2017,2016,SOR8,0,2017-02-03,INR,9376470300000
RBI:RMS_W_RN(1.0),N_A,W,2017,2016,SOR1,0,2017-02-03,INR,3828690000000
RBI:RMS_W_RN(1.0),N_A,W,2017,2016,SOR4,0,2017-01-27,INR,-2519020000000
RBI:RMS_W_RN(1.0),N_A,W,2017,2016,SOR1,0,2017-01-27,INR,2102540000000
RBI:RMS_W_RN(1.0),N_A,W,2017,2016,SOR7,0,2017-01-27,INR,248089623308.59998
RBI:RMS_W_RN(1.0),N_A,W,2017,2016,SOR6,0,2017-01-27,INR,24659481455082.4
RBI:RMS_W_RN(1.0),N_A,W,2017,2016,SOR8,0,2017-01-27,INR,9565100300000
RBI:RMS_W_RN(1.0),N_A,W,2017,2016,SOR5,0,2017-01-27,INR,47670000000
RBI:RMS_W_RN(1.0),N_A,W,2017,2016,SOR6,0,2017-01-20,INR,24566871455082.4
RBI:RMS_W_RN(1.0),N_A,W,2017,2016,SOR8,0,2017-01-20,INR,9482650300000
RBI:RMS_W_RN(1.0),N_A,W,2017,2016,SOR4,0,2017-01-20,INR,-2110690000000
RBI:RMS_W_RN(1.0),N_A,W,2017,2016,SOR5,0,2017-01-20,INR,49370000000
RBI:RMS_W_RN(1.0),N_A,W,2017,2016,SOR1,0,2017-01-20,INR,1390830000000
RBI:RMS_W_RN(1.0),N_A,W,2017,2016,SOR7,0,2017-01-20,INR,248089623308.59998
RBI:RMS_W_RN(1.0),N_A,W,2017,2016,SOR7,0,2017-01-13,INR,246150856718.6
RBI:RMS_W_RN(1.0),N_A,W,2017,2016,SOR1,0,2017-01-13,INR,251860000000
RBI:RMS_W_RN(1.0),N_A,W,2017,2016,SOR8,0,2017-01-13,INR,9458320300000
RBI:RMS_W_RN(1.0),N_A,W,2017,2016,SOR6,0,2017-01-13,INR,24552061455082.4
RBI:RMS_W_RN(1.0),N_A,W,2017,2016,SOR5,0,2017-01-13,INR,58170000000
RBI:RMS_W_RN(1.0),N_A,W,2017,2016,SOR4,0,2017-01-13,INR,-1280820000000
RBI:RMS_W_RN(1.0),N_A,W,2017,2016,SOR4,0,2017-01-06,INR,-1844120000000
RBI:RMS_W_RN(1.0),N_A,W,2017,2016,SOR7,0,2017-01-06,INR,246150856718.6
RBI:RMS_W_RN(1.0),N_A,W,2017,2016,SOR5,0,2017-01-06,INR,49370000000
RBI:RMS_W_RN(1.0),N_A,W,2017,2016,SOR1,0,2017-01-06,INR,191590000000
RBI:RMS_W_RN(1.0),N_A,W,2017,2016,SOR6,0,2017-01-06,INR,24410891455082.4
RBI:RMS_W_RN(1.0),N_A,W,2017,2016,SOR8,0,2017-01-06,INR,9299570300000
RBI:RMS_W_RN(1.0),N_A,W,2017,2016,SOR5,0,2016-12-30,INR,58940000000
RBI:RMS_W_RN(1.0),N_A,W,2017,2016,SOR4,0,2016-12-30,INR,-1468550000000
RBI:RMS_W_RN(1.0),N_A,W,2017,2016,SOR1,0,2016-12-30,INR,523169999999.99896
RBI:RMS_W_RN(1.0),N_A,W,2017,2016,SOR6,0,2016-12-30,INR,24501411455082.4
RBI:RMS_W_RN(1.0),N_A,W,2017,2016,SOR7,0,2016-12-30,INR,246150856718.6
RBI:RMS_W_RN(1.0),N_A,W,2017,2016,SOR8,0,2016-12-30,INR,9505430300000
RBI:RMS_W_RN(1.0),N_A,W,2017,2016,SOR8,0,2016-12-23,INR,9469510300000
RBI:RMS_W_RN(1.0),N_A,W,2017,2016,SOR5,0,2016-12-23,INR,54370000000
RBI:RMS_W_RN(1.0),N_A,W,2017,2016,SOR6,0,2016-12-23,INR,24437221455082.4
RBI:RMS_W_RN(1.0),N_A,W,2017,2016,SOR4,0,2016-12-23,INR,-1097490000000
RBI:RMS_W_RN(1.0),N_A,W,2017,2016,SOR1,0,2016-12-23,INR,36620000000
RBI:RMS_W_RN(1.0),N_A,W,2017,2016,SOR7,0,2016-12-23,INR,246150856718.6
RBI:RMS_W_RN(1.0),N_A,W,2017,2016,SOR4,0,2016-12-16,INR,-1505880000000
RBI:RMS_W_RN(1.0),N_A,W,2017,2016,SOR1,0,2016-12-16,INR,605480000000
RBI:RMS_W_RN(1.0),N_A,W,2017,2016,SOR7,0,2016-12-16,INR,241807267535.6
RBI:RMS_W_RN(1.0),N_A,W,2017,2016,SOR5,0,2016-12-16,INR,59090000000
RBI:RMS_W_RN(1.0),N_A,W,2017,2016,SOR8,0,2016-12-16,INR,9486510300000
RBI:RMS_W_RN(1.0),N_A,W,2017,2016,SOR6,0,2016-12-16,INR,24459801455082.4
RBI:RMS_W_RN(1.0),N_A,W,2017,2016,SOR8,0,2016-12-09,INR,9493910300000
RBI:RMS_W_RN(1.0),N_A,W,2017,2016,SOR7,0,2016-12-09,INR,241807267535.6
RBI:RMS_W_RN(1.0),N_A,W,2017,2016,SOR5,0,2016-12-09,INR,64240000000
RBI:RMS_W_RN(1.0),N_A,W,2017,2016,SOR1,0,2016-12-09,INR,4743910000000
RBI:RMS_W_RN(1.0),N_A,W,2017,2016,SOR6,0,2016-12-09,INR,24525551455082.4
RBI:RMS_W_RN(1.0),N_A,W,2017,2016,SOR4,0,2016-12-09,INR,-1689410000000
RBI:RMS_W_RN(1.0),N_A,W,2017,2016,SOR8,0,2016-12-02,INR,9800040300000
RBI:RMS_W_RN(1.0),N_A,W,2017,2016,SOR5,0,2016-12-02,INR,57940000000
RBI:RMS_W_RN(1.0),N_A,W,2017,2016,SOR7,0,2016-12-02,INR,241807267535.6
RBI:RMS_W_RN(1.0),N_A,W,2017,2016,SOR1,0,2016-12-02,INR,6503630000000
RBI:RMS_W_RN(1.0),N_A,W,2017,2016,SOR6,0,2016-12-02,INR,24878201455082.4
RBI:RMS_W_RN(1.0),N_A,W,2017,2016,SOR4,0,2016-12-02,INR,-2007210000000
RBI:RMS_W_RN(1.0),N_A,W,2017,2016,SOR7,0,2016-11-25,INR,241807267535.6
RBI:RMS_W_RN(1.0),N_A,W,2017,2016,SOR1,0,2016-11-25,INR,6092630000000
RBI:RMS_W_RN(1.0),N_A,W,2017,2016,SOR8,0,2016-11-25,INR,9643000300000
RBI:RMS_W_RN(1.0),N_A,W,2017,2016,SOR5,0,2016-11-25,INR,51670000000
RBI:RMS_W_RN(1.0),N_A,W,2017,2016,SOR4,0,2016-11-25,INR,-5211180000000
RBI:RMS_W_RN(1.0),N_A,W,2017,2016,SOR6,0,2016-11-25,INR,24958481455082.4
RBI:RMS_W_RN(1.0),N_A,W,2017,2016,SOR7,0,2016-11-18,INR,235127134472.6
RBI:RMS_W_RN(1.0),N_A,W,2017,2016,SOR5,0,2016-11-18,INR,64350000000
RBI:RMS_W_RN(1.0),N_A,W,2017,2016,SOR8,0,2016-11-18,INR,9428650300000
RBI:RMS_W_RN(1.0),N_A,W,2017,2016,SOR1,0,2016-11-18,INR,6370380000000
RBI:RMS_W_RN(1.0),N_A,W,2017,2016,SOR6,0,2016-11-18,INR,24827951455082.4
RBI:RMS_W_RN(1.0),N_A,W,2017,2016,SOR4,0,2016-11-18,INR,-3253770000000
RBI:RMS_W_RN(1.0),N_A,W,2017,2016,SOR7,0,2016-11-11,INR,235127134472.6
RBI:RMS_W_RN(1.0),N_A,W,2017,2016,SOR1,0,2016-11-11,INR,6467810000000
RBI:RMS_W_RN(1.0),N_A,W,2017,2016,SOR5,0,2016-11-11,INR,79780000000
RBI:RMS_W_RN(1.0),N_A,W,2017,2016,SOR8,0,2016-11-11,INR,9193460300000
RBI:RMS_W_RN(1.0),N_A,W,2017,2016,SOR6,0,2016-11-11,INR,24558911455082.4
RBI:RMS_W_RN(1.0),N_A,W,2017,2016,SOR4,0,2016-11-11,INR,345100000000
RBI:RMS_W_RN(1.0),N_A,W,2017,2016,SOR1,0,2016-11-04,INR,7158550000000
RBI:RMS_W_RN(1.0),N_A,W,2017,2016,SOR6,0,2016-11-04,INR,24521871455082.4
RBI:RMS_W_RN(1.0),N_A,W,2017,2016,SOR5,0,2016-11-04,INR,76970000000
RBI:RMS_W_RN(1.0),N_A,W,2017,2016,SOR8,0,2016-11-04,INR,9141410300000
RBI:RMS_W_RN(1.0),N_A,W,2017,2016,SOR7,0,2016-11-04,INR,235127134472.6
RBI:RMS_W_RN(1.0),N_A,W,2017,2016,SOR4,0,2016-11-04,INR,-302980000000
RBI:RMS_W_RN(1.0),N_A,W,2017,2016,SOR6,0,2016-10-28,INR,24487131455082.4
RBI:RMS_W_RN(1.0),N_A,W,2017,2016,SOR7,0,2016-10-28,INR,235127134472.6
RBI:RMS_W_RN(1.0),N_A,W,2017,2016,SOR8,0,2016-10-28,INR,9086240300000
RBI:RMS_W_RN(1.0),N_A,W,2017,2016,SOR4,0,2016-10-28,INR,215850000000
RBI:RMS_W_RN(1.0),N_A,W,2017,2016,SOR1,0,2016-10-28,INR,6472650000000
RBI:RMS_W_RN(1.0),N_A,W,2017,2016,SOR5,0,2016-10-28,INR,73670000000
RBI:RMS_W_RN(1.0),N_A,W,2017,2016,SOR6,0,2016-10-21,INR,24479551460000
RBI:RMS_W_RN(1.0),N_A,W,2017,2016,SOR5,0,2016-10-21,INR,72840000000
RBI:RMS_W_RN(1.0),N_A,W,2017,2016,SOR4,0,2016-10-21,INR,355300000000
RBI:RMS_W_RN(1.0),N_A,W,2017,2016,SOR8,0,2016-10-21,INR,9105550300000
RBI:RMS_W_RN(1.0),N_A,W,2017,2016,SOR1,0,2016-10-21,INR,6088010000000
RBI:RMS_W_RN(1.0),N_A,W,2017,2016,SOR7,0,2016-10-21,INR,232730000000
RBI:RMS_W_RN(1.0),N_A,W,2017,2016,SOR1,0,2016-10-14,INR,6546940000000
RBI:RMS_W_RN(1.0),N_A,W,2017,2016,SOR4,0,2016-10-14,INR,86280000000
RBI:RMS_W_RN(1.0),N_A,W,2017,2016,SOR5,0,2016-10-14,INR,74280000000
RBI:RMS_W_RN(1.0),N_A,W,2017,2016,SOR8,0,2016-10-14,INR,9108660300000
RBI:RMS_W_RN(1.0),N_A,W,2017,2016,SOR6,0,2016-10-14,INR,24394841460000
RBI:RMS_W_RN(1.0),N_A,W,2017,2016,SOR7,0,2016-10-14,INR,232731928500
RBI:RMS_W_RN(1.0),N_A,W,2017,2016,SOR6,0,2016-10-07,INR,24472081455082.4
RBI:RMS_W_RN(1.0),N_A,W,2017,2016,SOR4,0,2016-10-07,INR,-566300000000
RBI:RMS_W_RN(1.0),N_A,W,2017,2016,SOR5,0,2016-10-07,INR,69090000000
RBI:RMS_W_RN(1.0),N_A,W,2017,2016,SOR7,0,2016-10-07,INR,232731928499.6
RBI:RMS_W_RN(1.0),N_A,W,2017,2016,SOR1,0,2016-10-07,INR,6934420000000
RBI:RMS_W_RN(1.0),N_A,W,2017,2016,SOR8,0,2016-10-07,INR,9178750300000
RBI:RMS_W_RN(1.0),N_A,W,2017,2016,SOR5,0,2016-09-30,INR,66860000000
RBI:RMS_W_RN(1.0),N_A,W,2017,2016,SOR7,0,2016-09-30,INR,232731928499.6
RBI:RMS_W_RN(1.0),N_A,W,2017,2016,SOR8,0,2016-09-30,INR,9286920300000
RBI:RMS_W_RN(1.0),N_A,W,2017,2016,SOR1,0,2016-09-30,INR,6996490000000
RBI:RMS_W_RN(1.0),N_A,W,2017,2016,SOR6,0,2016-09-30,INR,24709161455082.4
RBI:RMS_W_RN(1.0),N_A,W,2017,2016,SOR4,0,2016-09-30,INR,-854950000000
RBI:RMS_W_RN(1.0),N_A,W,2017,2016,SOR5,0,2016-09-23,INR,66760000000
RBI:RMS_W_RN(1.0),N_A,W,2017,2016,SOR6,0,2016-09-23,INR,24628651455082.4
RBI:RMS_W_RN(1.0),N_A,W,2017,2016,SOR4,0,2016-09-23,INR,-115900000000
RBI:RMS_W_RN(1.0),N_A,W,2017,2016,SOR8,0,2016-09-23,INR,9216650300000
RBI:RMS_W_RN(1.0),N_A,W,2017,2016,SOR1,0,2016-09-23,INR,6243020000000
RBI:RMS_W_RN(1.0),N_A,W,2017,2016,SOR7,0,2016-09-23,INR,229713190262.6
RBI:RMS_W_RN(1.0),N_A,W,2017,2016,SOR8,0,2016-09-16,INR,9225140300000
RBI:RMS_W_RN(1.0),N_A,W,2017,2016,SOR4,0,2016-09-16,INR,159810000000
RBI:RMS_W_RN(1.0),N_A,W,2017,2016,SOR5,0,2016-09-16,INR,77130000000
RBI:RMS_W_RN(1.0),N_A,W,2017,2016,SOR1,0,2016-09-16,INR,6084610000000
RBI:RMS_W_RN(1.0),N_A,W,2017,2016,SOR7,0,2016-09-16,INR,229713190262.6
RBI:RMS_W_RN(1.0),N_A,W,2017,2016,SOR6,0,2016-09-16,INR,24618631155250.4
RBI:RMS_W_RN(1.0),N_A,W,2017,2016,SOR7,0,2016-09-09,INR,229713190262.6
RBI:RMS_W_RN(1.0),N_A,W,2017,2016,SOR5,0,2016-09-09,INR,76130000000
RBI:RMS_W_RN(1.0),N_A,W,2017,2016,SOR1,0,2016-09-09,INR,7241750000000
RBI:RMS_W_RN(1.0),N_A,W,2017,2016,SOR6,0,2016-09-09,INR,24622141155250.4
RBI:RMS_W_RN(1.0),N_A,W,2017,2016,SOR4,0,2016-09-09,INR,-1101580000000
RBI:RMS_W_RN(1.0),N_A,W,2017,2016,SOR8,0,2016-09-09,INR,9213170300000
RBI:RMS_W_RN(1.0),N_A,W,2017,2016,SOR1,0,2016-09-02,INR,7385440000000
RBI:RMS_W_RN(1.0),N_A,W,2017,2016,SOR4,0,2016-09-02,INR,-1007750000000
RBI:RMS_W_RN(1.0),N_A,W,2017,2016,SOR8,0,2016-09-02,INR,9291590300000
RBI:RMS_W_RN(1.0),N_A,W,2017,2016,SOR6,0,2016-09-02,INR,24478934829366.4
RBI:RMS_W_RN(1.0),N_A,W,2017,2016,SOR7,0,2016-09-02,INR,229713190262.6
RBI:RMS_W_RN(1.0),N_A,W,2017,2016,SOR5,0,2016-09-02,INR,68770000000
RBI:RMS_W_RN(1.0),N_A,W,2017,2016,SOR8,0,2016-08-26,INR,9312870300000
RBI:RMS_W_RN(1.0),N_A,W,2017,2016,SOR5,0,2016-08-26,INR,70800000000
RBI:RMS_W_RN(1.0),N_A,W,2017,2016,SOR4,0,2016-08-26,INR,-441840000000
RBI:RMS_W_RN(1.0),N_A,W,2017,2016,SOR6,0,2016-08-26,INR,24473544829366.4
RBI:RMS_W_RN(1.0),N_A,W,2017,2016,SOR1,0,2016-08-26,INR,6684880000000
RBI:RMS_W_RN(1.0),N_A,W,2017,2016,SOR7,0,2016-08-26,INR,229713190262.6
RBI:RMS_W_RN(1.0),N_A,W,2017,2016,SOR1,0,2016-08-19,INR,6931340000000
RBI:RMS_W_RN(1.0),N_A,W,2017,2016,SOR8,0,2016-08-19,INR,9320740300000
RBI:RMS_W_RN(1.0),N_A,W,2017,2016,SOR6,0,2016-08-19,INR,24467704829366.4
RBI:RMS_W_RN(1.0),N_A,W,2017,2016,SOR4,0,2016-08-19,INR,-634910000000
RBI:RMS_W_RN(1.0),N_A,W,2017,2016,SOR5,0,2016-08-19,INR,70920000000
RBI:RMS_W_RN(1.0),N_A,W,2017,2016,SOR7,0,2016-08-19,INR,229713190262.6
RBI:RMS_W_RN(1.0),N_A,W,2017,2016,SOR7,0,2016-08-12,INR,227924746967.6
RBI:RMS_W_RN(1.0),N_A,W,2017,2016,SOR4,0,2016-08-12,INR,-137510000000
RBI:RMS_W_RN(1.0),N_A,W,2017,2016,SOR6,0,2016-08-12,INR,24345604829366.4
RBI:RMS_W_RN(1.0),N_A,W,2017,2016,SOR8,0,2016-08-12,INR,9191110300000
RBI:RMS_W_RN(1.0),N_A,W,2017,2016,SOR1,0,2016-08-12,INR,6455180000000
RBI:RMS_W_RN(1.0),N_A,W,2017,2016,SOR5,0,2016-08-12,INR,73840000000
RBI:RMS_W_RN(1.0),N_A,W,2017,2016,SOR7,0,2016-08-05,INR,227924746967.6
RBI:RMS_W_RN(1.0),N_A,W,2017,2016,SOR8,0,2016-08-05,INR,9848180300000
RBI:RMS_W_RN(1.0),N_A,W,2017,2016,SOR5,0,2016-08-05,INR,68660000000
RBI:RMS_W_RN(1.0),N_A,W,2017,2016,SOR1,0,2016-08-05,INR,7569040000000
RBI:RMS_W_RN(1.0),N_A,W,2017,2016,SOR6,0,2016-08-05,INR,24336844829366.4
RBI:RMS_W_RN(1.0),N_A,W,2017,2016,SOR4,0,2016-08-05,INR,-607350000000
RBI:RMS_W_RN(1.0),N_A,W,2017,2016,SOR4,0,2016-07-29,INR,-259460000000
RBI:RMS_W_RN(1.0),N_A,W,2017,2016,SOR5,0,2016-07-29,INR,75590000000
RBI:RMS_W_RN(1.0),N_A,W,2017,2016,SOR7,0,2016-07-29,INR,227924746967.6
RBI:RMS_W_RN(1.0),N_A,W,2017,2016,SOR8,0,2016-07-29,INR,9803090300000
RBI:RMS_W_RN(1.0),N_A,W,2017,2016,SOR6,0,2016-07-29,INR,24402254829366.4
RBI:RMS_W_RN(1.0),N_A,W,2017,2016,SOR1,0,2016-07-29,INR,7031740000000
RBI:RMS_W_RN(1.0),N_A,W,2017,2016,SOR7,0,2016-07-22,INR,227924746967.6
RBI:RMS_W_RN(1.0),N_A,W,2017,2016,SOR5,0,2016-07-22,INR,75860000000
RBI:RMS_W_RN(1.0),N_A,W,2017,2016,SOR1,0,2016-07-22,INR,6996230000000
RBI:RMS_W_RN(1.0),N_A,W,2017,2016,SOR4,0,2016-07-22,INR,-198560000000
RBI:RMS_W_RN(1.0),N_A,W,2017,2016,SOR6,0,2016-07-22,INR,24247004829366.4
RBI:RMS_W_RN(1.0),N_A,W,2017,2016,SOR8,0,2016-07-22,INR,9718170300000
RBI:RMS_W_RN(1.0),N_A,W,2017,2016,SOR6,0,2016-07-15,INR,24268434829366.4
RBI:RMS_W_RN(1.0),N_A,W,2017,2016,SOR4,0,2016-07-15,INR,-63750000000
RBI:RMS_W_RN(1.0),N_A,W,2017,2016,SOR7,0,2016-07-15,INR,226045034341.6
RBI:RMS_W_RN(1.0),N_A,W,2017,2016,SOR5,0,2016-07-15,INR,71720000000
RBI:RMS_W_RN(1.0),N_A,W,2017,2016,SOR1,0,2016-07-15,INR,7129320000000
RBI:RMS_W_RN(1.0),N_A,W,2017,2016,SOR8,0,2016-07-15,INR,9735270300000
RBI:RMS_W_RN(1.0),N_A,W,2017,2016,SOR7,0,2016-07-08,INR,226045034341.6
RBI:RMS_W_RN(1.0),N_A,W,2017,2016,SOR4,0,2016-07-08,INR,-53530000000
RBI:RMS_W_RN(1.0),N_A,W,2017,2016,SOR1,0,2016-07-08,INR,7061800000000
RBI:RMS_W_RN(1.0),N_A,W,2017,2016,SOR5,0,2016-07-08,INR,63300000000
RBI:RMS_W_RN(1.0),N_A,W,2017,2016,SOR8,0,2016-07-08,INR,9778230300000
RBI:RMS_W_RN(1.0),N_A,W,2017,2016,SOR6,0,2016-07-08,INR,24298134829366.4
RBI:RMS_W_RN(1.0),N_A,W,2017,2016,SOR7,0,2016-07-01,INR,226045034000
RBI:RMS_W_RN(1.0),N_A,W,2017,2016,SOR4,0,2016-07-01,INR,-430000000
RBI:RMS_W_RN(1.0),N_A,W,2017,2016,SOR6,0,2016-07-01,INR,24375084829000
RBI:RMS_W_RN(1.0),N_A,W,2017,2016,SOR8,0,2016-07-01,INR,9853240300000
RBI:RMS_W_RN(1.0),N_A,W,2017,2016,SOR1,0,2016-07-01,INR,6970340000000
RBI:RMS_W_RN(1.0),N_A,W,2017,2016,SOR5,0,2016-07-01,INR,70070000000
RBI:RMS_W_RN(1.0),N_A,W,2017,2016,SOR5,0,2016-06-24,INR,75260000000
RBI:RMS_W_RN(1.0),N_A,W,2017,2016,SOR6,0,2016-06-24,INR,24386694829000
RBI:RMS_W_RN(1.0),N_A,W,2017,2016,SOR4,0,2016-06-24,INR,376360000000
RBI:RMS_W_RN(1.0),N_A,W,2017,2016,SOR1,0,2016-06-24,INR,6604580000000
RBI:RMS_W_RN(1.0),N_A,W,2017,2016,SOR8,0,2016-06-24,INR,10005030300000
RBI:RMS_W_RN(1.0),N_A,W,2017,2016,SOR7,0,2016-06-24,INR,226045034000
RBI:RMS_W_RN(1.0),N_A,W,2017,2016,SOR5,0,2016-06-17,INR,77550000000
RBI:RMS_W_RN(1.0),N_A,W,2017,2016,SOR1,0,2016-06-17,INR,6408010000000
RBI:RMS_W_RN(1.0),N_A,W,2017,2016,SOR6,0,2016-06-17,INR,24322444829000
RBI:RMS_W_RN(1.0),N_A,W,2017,2016,SOR4,0,2016-06-17,INR,654540000000
RBI:RMS_W_RN(1.0),N_A,W,2017,2016,SOR8,0,2016-06-17,INR,9920250300000
RBI:RMS_W_RN(1.0),N_A,W,2017,2016,SOR7,0,2016-06-17,INR,223755697000
RBI:RMS_W_RN(1.0),N_A,W,2017,2016,SOR6,0,2016-06-10,INR,24157504829000
RBI:RMS_W_RN(1.0),N_A,W,2017,2016,SOR4,0,2016-06-10,INR,94900000000
RBI:RMS_W_RN(1.0),N_A,W,2017,2016,SOR1,0,2016-06-10,INR,6946530000000
RBI:RMS_W_RN(1.0),N_A,W,2017,2016,SOR5,0,2016-06-10,INR,76900000000
RBI:RMS_W_RN(1.0),N_A,W,2017,2016,SOR7,0,2016-06-10,INR,223755697000
RBI:RMS_W_RN(1.0),N_A,W,2017,2016,SOR8,0,2016-06-10,INR,9759140300000
RBI:RMS_W_RN(1.0),N_A,W,2017,2016,SOR4,0,2016-06-03,INR,3070000000
RBI:RMS_W_RN(1.0),N_A,W,2017,2016,SOR8,0,2016-06-03,INR,9965630300000
RBI:RMS_W_RN(1.0),N_A,W,2017,2016,SOR7,0,2016-06-03,INR,223755697000
RBI:RMS_W_RN(1.0),N_A,W,2017,2016,SOR6,0,2016-06-03,INR,24361858852000
RBI:RMS_W_RN(1.0),N_A,W,2017,2016,SOR5,0,2016-06-03,INR,67300000000
RBI:RMS_W_RN(1.0),N_A,W,2017,2016,SOR1,0,2016-06-03,INR,6980230000000
RBI:RMS_W_RN(1.0),N_A,W,2017,2016,SOR7,0,2016-05-27,INR,223755697000
RBI:RMS_W_RN(1.0),N_A,W,2017,2016,SOR6,0,2016-05-27,INR,24070988852000
RBI:RMS_W_RN(1.0),N_A,W,2017,2016,SOR5,0,2016-05-27,INR,75810000000
RBI:RMS_W_RN(1.0),N_A,W,2017,2016,SOR4,0,2016-05-27,INR,690230000000
RBI:RMS_W_RN(1.0),N_A,W,2017,2016,SOR8,0,2016-05-27,INR,9797330300000
RBI:RMS_W_RN(1.0),N_A,W,2017,2016,SOR1,0,2016-05-27,INR,6301330000000
RBI:RMS_W_RN(1.0),N_A,W,2017,2016,SOR7,0,2016-05-20,INR,221369101999.99997
RBI:RMS_W_RN(1.0),N_A,W,2017,2016,SOR4,0,2016-05-20,INR,1068730000000
RBI:RMS_W_RN(1.0),N_A,W,2017,2016,SOR5,0,2016-05-20,INR,76910000000
RBI:RMS_W_RN(1.0),N_A,W,2017,2016,SOR8,0,2016-05-20,INR,9889560300000
RBI:RMS_W_RN(1.0),N_A,W,2017,2016,SOR6,0,2016-05-20,INR,24228048852000
RBI:RMS_W_RN(1.0),N_A,W,2017,2016,SOR1,0,2016-05-20,INR,6166650000000
RBI:RMS_W_RN(1.0),N_A,W,2017,2016,SOR1,0,2016-05-13,INR,6152240000000
RBI:RMS_W_RN(1.0),N_A,W,2017,2016,SOR8,0,2016-05-13,INR,9666290300000
RBI:RMS_W_RN(1.0),N_A,W,2017,2016,SOR6,0,2016-05-13,INR,24031418852000
RBI:RMS_W_RN(1.0),N_A,W,2017,2016,SOR7,0,2016-05-13,INR,221369101999.99997
RBI:RMS_W_RN(1.0),N_A,W,2017,2016,SOR5,0,2016-05-13,INR,81310000000
RBI:RMS_W_RN(1.0),N_A,W,2017,2016,SOR4,0,2016-05-13,INR,994910000000
RBI:RMS_W_RN(1.0),N_A,W,2017,2016,SOR5,0,2016-05-06,INR,84540000000
RBI:RMS_W_RN(1.0),N_A,W,2017,2016,SOR7,0,2016-05-06,INR,221369101999.99997
RBI:RMS_W_RN(1.0),N_A,W,2017,2016,SOR6,0,2016-05-06,INR,24038958852000
RBI:RMS_W_RN(1.0),N_A,W,2017,2016,SOR1,0,2016-05-06,INR,6352300000000
RBI:RMS_W_RN(1.0),N_A,W,2017,2016,SOR4,0,2016-05-06,INR,660860000000
RBI:RMS_W_RN(1.0),N_A,W,2017,2016,SOR8,0,2016-05-06,INR,9650750300000
RBI:RMS_W_RN(1.0),N_A,W,2017,2016,SOR7,0,2016-04-29,INR,221369101999.99997
RBI:RMS_W_RN(1.0),N_A,W,2017,2016,SOR4,0,2016-04-29,INR,734750000000
RBI:RMS_W_RN(1.0),N_A,W,2017,2016,SOR1,0,2016-04-29,INR,6168500000000
RBI:RMS_W_RN(1.0),N_A,W,2017,2016,SOR5,0,2016-04-29,INR,82690000000
RBI:RMS_W_RN(1.0),N_A,W,2017,2016,SOR6,0,2016-04-29,INR,24087786948000
RBI:RMS_W_RN(1.0),N_A,W,2017,2016,SOR8,0,2016-04-29,INR,9715980300000
RBI:RMS_W_RN(1.0),N_A,W,2017,2016,SOR8,0,2016-04-22,INR,9623440300000
RBI:RMS_W_RN(1.0),N_A,W,2017,2016,SOR5,0,2016-04-22,INR,84510000000
RBI:RMS_W_RN(1.0),N_A,W,2017,2016,SOR4,0,2016-04-22,INR,910410000000
RBI:RMS_W_RN(1.0),N_A,W,2017,2016,SOR1,0,2016-04-22,INR,6123260000000
RBI:RMS_W_RN(1.0),N_A,W,2017,2016,SOR6,0,2016-04-22,INR,23980096948000
RBI:RMS_W_RN(1.0),N_A,W,2017,2016,SOR7,0,2016-04-22,INR,219052338000.00003
RBI:RMS_W_RN(1.0),N_A,W,2017,2016,SOR8,0,2016-04-15,INR,9542050300000
RBI:RMS_W_RN(1.0),N_A,W,2017,2016,SOR1,0,2016-04-15,INR,6273430000000
RBI:RMS_W_RN(1.0),N_A,W,2017,2016,SOR6,0,2016-04-15,INR,23870416948000
RBI:RMS_W_RN(1.0),N_A,W,2017,2016,SOR5,0,2016-04-15,INR,83350000000
RBI:RMS_W_RN(1.0),N_A,W,2017,2016,SOR7,0,2016-04-15,INR,219052338000.00003
RBI:RMS_W_RN(1.0),N_A,W,2017,2016,SOR4,0,2016-04-15,INR,570710000000
RBI:RMS_W_RN(1.0),N_A,W,2017,2016,SOR1,0,2016-04-08,INR,5572750000000
RBI:RMS_W_RN(1.0),N_A,W,2017,2016,SOR6,0,2016-04-08,INR,23860676948000
RBI:RMS_W_RN(1.0),N_A,W,2017,2016,SOR5,0,2016-04-08,INR,116160000000
RBI:RMS_W_RN(1.0),N_A,W,2017,2016,SOR4,0,2016-04-08,INR,964230000000
RBI:RMS_W_RN(1.0),N_A,W,2017,2016,SOR7,0,2016-04-08,INR,219052338000.00003
RBI:RMS_W_RN(1.0),N_A,W,2017,2016,SOR8,0,2016-04-08,INR,9523990300000
RBI:RMS_W_RN(1.0),N_A,W,2017,2016,SOR5,0,2016-04-01,INR,200830000000
RBI:RMS_W_RN(1.0),N_A,W,2017,2016,SOR8,0,2016-04-01,INR,9513780300000
RBI:RMS_W_RN(1.0),N_A,W,2017,2016,SOR6,0,2016-04-01,INR,23807096948000
RBI:RMS_W_RN(1.0),N_A,W,2017,2016,SOR1,0,2016-04-01,INR,4253340000000
RBI:RMS_W_RN(1.0),N_A,W,2017,2016,SOR7,0,2016-04-01,INR,219052338000.00003
RBI:RMS_W_RN(1.0),N_A,W,2017,2016,SOR4,0,2016-04-01,INR,2844540000000
RBI:RMS_W_RN(1.0),N_A,W,2016,2015,SOR6,0,2016-03-31,INR,23834756948000
RBI:RMS_W_RN(1.0),N_A,W,2016,2015,SOR5,0,2016-03-31,INR,200830000000
RBI:RMS_W_RN(1.0),N_A,W,2016,2015,SOR8,0,2016-03-31,INR,9541730300000
RBI:RMS_W_RN(1.0),N_A,W,2016,2015,SOR4,0,2016-03-31,INR,2844540000000
RBI:RMS_W_RN(1.0),N_A,W,2016,2015,SOR7,0,2016-03-31,INR,219052338000.00003
RBI:RMS_W_RN(1.0),N_A,W,2016,2015,SOR1,0,2016-03-31,INR,4249950000000
RBI:RMS_W_RN(1.0),N_A,W,2016,2015,SOR6,0,2016-03-25,INR,23681311923000.004
RBI:RMS_W_RN(1.0),N_A,W,2016,2015,SOR5,0,2016-03-25,INR,168930000000
RBI:RMS_W_RN(1.0),N_A,W,2016,2015,SOR1,0,2016-03-25,INR,4319920000000
RBI:RMS_W_RN(1.0),N_A,W,2016,2015,SOR4,0,2016-03-25,INR,2131080000000
RBI:RMS_W_RN(1.0),N_A,W,2016,2015,SOR7,0,2016-03-25,INR,219052338000.00003
RBI:RMS_W_RN(1.0),N_A,W,2016,2015,SOR8,0,2016-03-25,INR,9491100300000
RBI:RMS_W_RN(1.0),N_A,W,2016,2015,SOR7,0,2016-03-18,INR,219052338000.00003
RBI:RMS_W_RN(1.0),N_A,W,2016,2015,SOR8,0,2016-03-18,INR,9528190300000
RBI:RMS_W_RN(1.0),N_A,W,2016,2015,SOR6,0,2016-03-18,INR,23626721923000.004
RBI:RMS_W_RN(1.0),N_A,W,2016,2015,SOR1,0,2016-03-18,INR,4299030000000
RBI:RMS_W_RN(1.0),N_A,W,2016,2015,SOR4,0,2016-03-18,INR,2158670000000
RBI:RMS_W_RN(1.0),N_A,W,2016,2015,SOR5,0,2016-03-18,INR,86940000000
RBI:RMS_W_RN(1.0),N_A,W,2016,2015,SOR8,0,2016-03-11,INR,9604900300000
RBI:RMS_W_RN(1.0),N_A,W,2016,2015,SOR5,0,2016-03-11,INR,83280000000
RBI:RMS_W_RN(1.0),N_A,W,2016,2015,SOR1,0,2016-03-11,INR,4902970000000
RBI:RMS_W_RN(1.0),N_A,W,2016,2015,SOR7,0,2016-03-11,INR,217195632000
RBI:RMS_W_RN(1.0),N_A,W,2016,2015,SOR4,0,2016-03-11,INR,1574240000000
RBI:RMS_W_RN(1.0),N_A,W,2016,2015,SOR6,0,2016-03-11,INR,23606221923000.004
RBI:RMS_W_RN(1.0),N_A,W,2016,2015,SOR7,0,2016-03-04,INR,217195632000
RBI:RMS_W_RN(1.0),N_A,W,2016,2015,SOR1,0,2016-03-04,INR,5246370000000
RBI:RMS_W_RN(1.0),N_A,W,2016,2015,SOR8,0,2016-03-04,INR,9558040300000
RBI:RMS_W_RN(1.0),N_A,W,2016,2015,SOR4,0,2016-03-04,INR,1116070000000
RBI:RMS_W_RN(1.0),N_A,W,2016,2015,SOR6,0,2016-03-04,INR,23539891923000.004
RBI:RMS_W_RN(1.0),N_A,W,2016,2015,SOR5,0,2016-03-04,INR,78480000000
RBI:RMS_W_RN(1.0),N_A,W,2016,2015,SOR5,0,2016-02-26,INR,80660000000
RBI:RMS_W_RN(1.0),N_A,W,2016,2015,SOR6,0,2016-02-26,INR,23707861923000.004
RBI:RMS_W_RN(1.0),N_A,W,2016,2015,SOR1,0,2016-02-26,INR,4487730000000
RBI:RMS_W_RN(1.0),N_A,W,2016,2015,SOR4,0,2016-02-26,INR,1662750000000
RBI:RMS_W_RN(1.0),N_A,W,2016,2015,SOR7,0,2016-02-26,INR,217195632000
RBI:RMS_W_RN(1.0),N_A,W,2016,2015,SOR8,0,2016-02-26,INR,9705730300000
RBI:RMS_W_RN(1.0),N_A,W,2016,2015,SOR1,0,2016-02-19,INR,4444770000000
RBI:RMS_W_RN(1.0),N_A,W,2016,2015,SOR7,0,2016-02-19,INR,217195632000
RBI:RMS_W_RN(1.0),N_A,W,2016,2015,SOR5,0,2016-02-19,INR,80230000000
RBI:RMS_W_RN(1.0),N_A,W,2016,2015,SOR6,0,2016-02-19,INR,23865871923000.004
RBI:RMS_W_RN(1.0),N_A,W,2016,2015,SOR4,0,2016-02-19,INR,1806090000000
RBI:RMS_W_RN(1.0),N_A,W,2016,2015,SOR8,0,2016-02-19,INR,9776870300000
RBI:RMS_W_RN(1.0),N_A,W,2016,2015,SOR6,0,2016-02-12,INR,23952758893000
RBI:RMS_W_RN(1.0),N_A,W,2016,2015,SOR8,0,2016-02-12,INR,9800520300000
RBI:RMS_W_RN(1.0),N_A,W,2016,2015,SOR5,0,2016-02-12,INR,81590000000
RBI:RMS_W_RN(1.0),N_A,W,2016,2015,SOR4,0,2016-02-12,INR,1650830000000
RBI:RMS_W_RN(1.0),N_A,W,2016,2015,SOR1,0,2016-02-12,INR,4281470000000
RBI:RMS_W_RN(1.0),N_A,W,2016,2015,SOR7,0,2016-02-12,INR,215141753000
RBI:RMS_W_RN(1.0),N_A,W,2016,2015,SOR6,0,2016-02-05,INR,23598289567000
RBI:RMS_W_RN(1.0),N_A,W,2016,2015,SOR4,0,2016-02-05,INR,1070980000000
RBI:RMS_W_RN(1.0),N_A,W,2016,2015,SOR8,0,2016-02-05,INR,9512040300000
RBI:RMS_W_RN(1.0),N_A,W,2016,2015,SOR1,0,2016-02-05,INR,4857480000000
RBI:RMS_W_RN(1.0),N_A,W,2016,2015,SOR5,0,2016-02-05,INR,64730000000
RBI:RMS_W_RN(1.0),N_A,W,2016,2015,SOR7,0,2016-02-05,INR,215141753000
RBI:RMS_W_RN(1.0),N_A,W,2016,2015,SOR1,0,2016-01-29,INR,4140320000000
RBI:RMS_W_RN(1.0),N_A,W,2016,2015,SOR4,0,2016-01-29,INR,1498470000000
RBI:RMS_W_RN(1.0),N_A,W,2016,2015,SOR6,0,2016-01-29,INR,23490229567000
RBI:RMS_W_RN(1.0),N_A,W,2016,2015,SOR8,0,2016-01-29,INR,9358010300000
RBI:RMS_W_RN(1.0),N_A,W,2016,2015,SOR5,0,2016-01-29,INR,69640000000
RBI:RMS_W_RN(1.0),N_A,W,2016,2015,SOR7,0,2016-01-29,INR,215141753000
RBI:RMS_W_RN(1.0),N_A,W,2016,2015,SOR4,0,2016-01-22,INR,1556130000000
RBI:RMS_W_RN(1.0),N_A,W,2016,2015,SOR1,0,2016-01-22,INR,4086650000000
RBI:RMS_W_RN(1.0),N_A,W,2016,2015,SOR7,0,2016-01-22,INR,215141753000
RBI:RMS_W_RN(1.0),N_A,W,2016,2015,SOR8,0,2016-01-22,INR,9217640300000
RBI:RMS_W_RN(1.0),N_A,W,2016,2015,SOR6,0,2016-01-22,INR,23343609567000
RBI:RMS_W_RN(1.0),N_A,W,2016,2015,SOR5,0,2016-01-22,INR,69640000000
RBI:RMS_W_RN(1.0),N_A,W,2016,2015,SOR1,0,2016-01-15,INR,4277550000000
RBI:RMS_W_RN(1.0),N_A,W,2016,2015,SOR5,0,2016-01-15,INR,70480000000
RBI:RMS_W_RN(1.0),N_A,W,2016,2015,SOR4,0,2016-01-15,INR,1376410000000
RBI:RMS_W_RN(1.0),N_A,W,2016,2015,SOR6,0,2016-01-15,INR,23223009567000
RBI:RMS_W_RN(1.0),N_A,W,2016,2015,SOR7,0,2016-01-15,INR,213059090000
RBI:RMS_W_RN(1.0),N_A,W,2016,2015,SOR8,0,2016-01-15,INR,9088670300000
RBI:RMS_W_RN(1.0),N_A,W,2016,2015,SOR7,0,2016-01-08,INR,213059090000
RBI:RMS_W_RN(1.0),N_A,W,2016,2015,SOR5,0,2016-01-08,INR,70480000000
RBI:RMS_W_RN(1.0),N_A,W,2016,2015,SOR1,0,2016-01-08,INR,4294100000000
RBI:RMS_W_RN(1.0),N_A,W,2016,2015,SOR6,0,2016-01-08,INR,23106299567000
RBI:RMS_W_RN(1.0),N_A,W,2016,2015,SOR4,0,2016-01-08,INR,1187200000000
RBI:RMS_W_RN(1.0),N_A,W,2016,2015,SOR8,0,2016-01-08,INR,8946740300000
RBI:RMS_W_RN(1.0),N_A,W,2016,2015,SOR4,0,2016-01-01,INR,926150000000
RBI:RMS_W_RN(1.0),N_A,W,2016,2015,SOR5,0,2016-01-01,INR,69370000000
RBI:RMS_W_RN(1.0),N_A,W,2016,2015,SOR8,0,2016-01-01,INR,8886900300000
RBI:RMS_W_RN(1.0),N_A,W,2016,2015,SOR1,0,2016-01-01,INR,4379400000000
RBI:RMS_W_RN(1.0),N_A,W,2016,2015,SOR7,0,2016-01-01,INR,213059090000
RBI:RMS_W_RN(1.0),N_A,W,2016,2015,SOR6,0,2016-01-01,INR,23051169567000
RBI:RMS_W_RN(1.0),N_A,W,2016,2015,SOR7,0,2015-12-25,INR,213059090000
RBI:RMS_W_RN(1.0),N_A,W,2016,2015,SOR6,0,2015-12-25,INR,23177789567000
RBI:RMS_W_RN(1.0),N_A,W,2016,2015,SOR8,0,2015-12-25,INR,9003910300000
RBI:RMS_W_RN(1.0),N_A,W,2016,2015,SOR4,0,2015-12-25,INR,1798680000000
RBI:RMS_W_RN(1.0),N_A,W,2016,2015,SOR5,0,2015-12-25,INR,64560000000
RBI:RMS_W_RN(1.0),N_A,W,2016,2015,SOR1,0,2015-12-25,INR,3932140000000
RBI:RMS_W_RN(1.0),N_A,W,2016,2015,SOR8,0,2015-12-18,INR,9020610300000
RBI:RMS_W_RN(1.0),N_A,W,2016,2015,SOR7,0,2015-12-18,INR,211421091000
RBI:RMS_W_RN(1.0),N_A,W,2016,2015,SOR6,0,2015-12-18,INR,23184349567000
RBI:RMS_W_RN(1.0),N_A,W,2016,2015,SOR1,0,2015-12-18,INR,3828730000000
RBI:RMS_W_RN(1.0),N_A,W,2016,2015,SOR5,0,2015-12-18,INR,64560000000
RBI:RMS_W_RN(1.0),N_A,W,2016,2015,SOR4,0,2015-12-18,INR,1634530000000
RBI:RMS_W_RN(1.0),N_A,W,2016,2015,SOR5,0,2015-12-11,INR,66260000000
RBI:RMS_W_RN(1.0),N_A,W,2016,2015,SOR6,0,2015-12-11,INR,23387629567000
RBI:RMS_W_RN(1.0),N_A,W,2016,2015,SOR7,0,2015-12-11,INR,211421091000
RBI:RMS_W_RN(1.0),N_A,W,2016,2015,SOR4,0,2015-12-11,INR,745510000000
RBI:RMS_W_RN(1.0),N_A,W,2016,2015,SOR1,0,2015-12-11,INR,4704620000000
RBI:RMS_W_RN(1.0),N_A,W,2016,2015,SOR8,0,2015-12-11,INR,9236320300000
RBI:RMS_W_RN(1.0),N_A,W,2016,2015,SOR6,0,2015-12-04,INR,23376899567000
RBI:RMS_W_RN(1.0),N_A,W,2016,2015,SOR5,0,2015-12-04,INR,54560000000
RBI:RMS_W_RN(1.0),N_A,W,2016,2015,SOR7,0,2015-12-04,INR,211421091000
RBI:RMS_W_RN(1.0),N_A,W,2016,2015,SOR1,0,2015-12-04,INR,4993380000000
RBI:RMS_W_RN(1.0),N_A,W,2016,2015,SOR4,0,2015-12-04,INR,357040000000
RBI:RMS_W_RN(1.0),N_A,W,2016,2015,SOR8,0,2015-12-04,INR,9227620300000
RBI:RMS_W_RN(1.0),N_A,W,2016,2015,SOR5,0,2015-11-27,INR,70880000000
RBI:RMS_W_RN(1.0),N_A,W,2016,2015,SOR6,0,2015-11-27,INR,23290789567000
RBI:RMS_W_RN(1.0),N_A,W,2016,2015,SOR7,0,2015-11-27,INR,211421091000
RBI:RMS_W_RN(1.0),N_A,W,2016,2015,SOR8,0,2015-11-27,INR,9177420300000
RBI:RMS_W_RN(1.0),N_A,W,2016,2015,SOR4,0,2015-11-27,INR,920770000000
RBI:RMS_W_RN(1.0),N_A,W,2016,2015,SOR1,0,2015-11-27,INR,4498050000000
RBI:RMS_W_RN(1.0),N_A,W,2016,2015,SOR4,0,2015-11-20,INR,903090000000
RBI:RMS_W_RN(1.0),N_A,W,2016,2015,SOR6,0,2015-11-20,INR,23138139567000
RBI:RMS_W_RN(1.0),N_A,W,2016,2015,SOR5,0,2015-11-20,INR,68110000000
RBI:RMS_W_RN(1.0),N_A,W,2016,2015,SOR8,0,2015-11-20,INR,9016610300000
RBI:RMS_W_RN(1.0),N_A,W,2016,2015,SOR1,0,2015-11-20,INR,4540980000000
RBI:RMS_W_RN(1.0),N_A,W,2016,2015,SOR7,0,2015-11-20,INR,209177527999.99997
RBI:RMS_W_RN(1.0),N_A,W,2016,2015,SOR5,0,2015-11-13,INR,68040000000
RBI:RMS_W_RN(1.0),N_A,W,2016,2015,SOR7,0,2015-11-13,INR,209177527999.99997
RBI:RMS_W_RN(1.0),N_A,W,2016,2015,SOR8,0,2015-11-13,INR,9025890300000
RBI:RMS_W_RN(1.0),N_A,W,2016,2015,SOR1,0,2015-11-13,INR,4484500000000
RBI:RMS_W_RN(1.0),N_A,W,2016,2015,SOR4,0,2015-11-13,INR,1024380000000
RBI:RMS_W_RN(1.0),N_A,W,2016,2015,SOR6,0,2015-11-13,INR,23161099567000
RBI:RMS_W_RN(1.0),N_A,W,2016,2015,SOR8,0,2015-11-06,INR,8850110300000
RBI:RMS_W_RN(1.0),N_A,W,2016,2015,SOR1,0,2015-11-06,INR,4871700000000
RBI:RMS_W_RN(1.0),N_A,W,2016,2015,SOR6,0,2015-11-06,INR,23002189567000
RBI:RMS_W_RN(1.0),N_A,W,2016,2015,SOR5,0,2015-11-06,INR,66940000000
RBI:RMS_W_RN(1.0),N_A,W,2016,2015,SOR7,0,2015-11-06,INR,209177527999.99997
RBI:RMS_W_RN(1.0),N_A,W,2016,2015,SOR4,0,2015-11-06,INR,272740000000
RBI:RMS_W_RN(1.0),N_A,W,2016,2015,SOR6,0,2015-10-30,INR,22959939567000
RBI:RMS_W_RN(1.0),N_A,W,2016,2015,SOR7,0,2015-10-30,INR,209177527999.99997
RBI:RMS_W_RN(1.0),N_A,W,2016,2015,SOR8,0,2015-10-30,INR,8821730300000
RBI:RMS_W_RN(1.0),N_A,W,2016,2015,SOR1,0,2015-10-30,INR,4414060000000
RBI:RMS_W_RN(1.0),N_A,W,2016,2015,SOR5,0,2015-10-30,INR,67400000000
RBI:RMS_W_RN(1.0),N_A,W,2016,2015,SOR4,0,2015-10-30,INR,484680000000
RBI:RMS_W_RN(1.0),N_A,W,2016,2015,SOR6,0,2015-10-23,INR,22744179567000
RBI:RMS_W_RN(1.0),N_A,W,2016,2015,SOR1,0,2015-10-23,INR,4469870000000
RBI:RMS_W_RN(1.0),N_A,W,2016,2015,SOR8,0,2015-10-23,INR,8717340300000
RBI:RMS_W_RN(1.0),N_A,W,2016,2015,SOR4,0,2015-10-23,INR,603620000000
RBI:RMS_W_RN(1.0),N_A,W,2016,2015,SOR7,0,2015-10-23,INR,206491007000
RBI:RMS_W_RN(1.0),N_A,W,2016,2015,SOR5,0,2015-10-23,INR,62590000000
RBI:RMS_W_RN(1.0),N_A,W,2016,2015,SOR8,0,2015-10-16,INR,8860870300000
RBI:RMS_W_RN(1.0),N_A,W,2016,2015,SOR4,0,2015-10-16,INR,353150000000
RBI:RMS_W_RN(1.0),N_A,W,2016,2015,SOR6,0,2015-10-16,INR,22897719567000
RBI:RMS_W_RN(1.0),N_A,W,2016,2015,SOR5,0,2015-10-16,INR,63400000000
RBI:RMS_W_RN(1.0),N_A,W,2016,2015,SOR7,0,2015-10-16,INR,206491007000
RBI:RMS_W_RN(1.0),N_A,W,2016,2015,SOR1,0,2015-10-16,INR,4618200000000
RBI:RMS_W_RN(1.0),N_A,W,2016,2015,SOR5,0,2015-10-09,INR,61820000000
RBI:RMS_W_RN(1.0),N_A,W,2016,2015,SOR6,0,2015-10-09,INR,22811139567000
RBI:RMS_W_RN(1.0),N_A,W,2016,2015,SOR8,0,2015-10-09,INR,8760570300000
RBI:RMS_W_RN(1.0),N_A,W,2016,2015,SOR1,0,2015-10-09,INR,4549600000000
RBI:RMS_W_RN(1.0),N_A,W,2016,2015,SOR7,0,2015-10-09,INR,206491007000
RBI:RMS_W_RN(1.0),N_A,W,2016,2015,SOR4,0,2015-10-09,INR,230760000000
RBI:RMS_W_RN(1.0),N_A,W,2016,2015,SOR4,0,2015-10-02,INR,-170620000000
RBI:RMS_W_RN(1.0),N_A,W,2016,2015,SOR5,0,2015-10-02,INR,65530000000
RBI:RMS_W_RN(1.0),N_A,W,2016,2015,SOR1,0,2015-10-02,INR,4920360000000
RBI:RMS_W_RN(1.0),N_A,W,2016,2015,SOR8,0,2015-10-02,INR,8876720300000
RBI:RMS_W_RN(1.0),N_A,W,2016,2015,SOR7,0,2015-10-02,INR,206491007000
RBI:RMS_W_RN(1.0),N_A,W,2016,2015,SOR6,0,2015-10-02,INR,22902169567000
RBI:RMS_W_RN(1.0),N_A,W,2016,2015,SOR4,0,2015-09-25,INR,396130000000
RBI:RMS_W_RN(1.0),N_A,W,2016,2015,SOR5,0,2015-09-25,INR,65480000000
RBI:RMS_W_RN(1.0),N_A,W,2016,2015,SOR7,0,2015-09-25,INR,206491007000
RBI:RMS_W_RN(1.0),N_A,W,2016,2015,SOR1,0,2015-09-25,INR,4304960000000
RBI:RMS_W_RN(1.0),N_A,W,2016,2015,SOR8,0,2015-09-25,INR,8938190300000
RBI:RMS_W_RN(1.0),N_A,W,2016,2015,SOR6,0,2015-09-25,INR,23024399567000
RBI:RMS_W_RN(1.0),N_A,W,2016,2015,SOR5,0,2015-09-18,INR,65470000000
RBI:RMS_W_RN(1.0),N_A,W,2016,2015,SOR7,0,2015-09-18,INR,206491007000
RBI:RMS_W_RN(1.0),N_A,W,2016,2015,SOR1,0,2015-09-18,INR,4202040000000
RBI:RMS_W_RN(1.0),N_A,W,2016,2015,SOR8,0,2015-09-18,INR,8987390300000
RBI:RMS_W_RN(1.0),N_A,W,2016,2015,SOR4,0,2015-09-18,INR,603460000000
RBI:RMS_W_RN(1.0),N_A,W,2016,2015,SOR6,0,2015-09-18,INR,23103179567000
RBI:RMS_W_RN(1.0),N_A,W,2016,2015,SOR1,0,2015-09-11,INR,5151050000000
RBI:RMS_W_RN(1.0),N_A,W,2016,2015,SOR6,0,2015-09-11,INR,23204989567000
RBI:RMS_W_RN(1.0),N_A,W,2016,2015,SOR4,0,2015-09-11,INR,-533130000000
RBI:RMS_W_RN(1.0),N_A,W,2016,2015,SOR5,0,2015-09-11,INR,58700000000
RBI:RMS_W_RN(1.0),N_A,W,2016,2015,SOR7,0,2015-09-11,INR,204523986000
RBI:RMS_W_RN(1.0),N_A,W,2016,2015,SOR8,0,2015-09-11,INR,9095280300000
RBI:RMS_W_RN(1.0),N_A,W,2016,2015,SOR5,0,2015-09-04,INR,48250000000
RBI:RMS_W_RN(1.0),N_A,W,2016,2015,SOR6,0,2015-09-04,INR,23055269567000
RBI:RMS_W_RN(1.0),N_A,W,2016,2015,SOR4,0,2015-09-04,INR,-1021060000000
RBI:RMS_W_RN(1.0),N_A,W,2016,2015,SOR7,0,2015-09-04,INR,204523986000
RBI:RMS_W_RN(1.0),N_A,W,2016,2015,SOR1,0,2015-09-04,INR,5634400000000
RBI:RMS_W_RN(1.0),N_A,W,2016,2015,SOR8,0,2015-09-04,INR,8956450300000
RBI:RMS_W_RN(1.0),N_A,W,2016,2015,SOR6,0,2015-08-28,INR,23033019567000
RBI:RMS_W_RN(1.0),N_A,W,2016,2015,SOR1,0,2015-08-28,INR,4694530000000
RBI:RMS_W_RN(1.0),N_A,W,2016,2015,SOR5,0,2015-08-28,INR,60730000000
RBI:RMS_W_RN(1.0),N_A,W,2016,2015,SOR8,0,2015-08-28,INR,8940280300000
RBI:RMS_W_RN(1.0),N_A,W,2016,2015,SOR4,0,2015-08-28,INR,-200230000000
RBI:RMS_W_RN(1.0),N_A,W,2016,2015,SOR7,0,2015-08-28,INR,204523986000
RBI:RMS_W_RN(1.0),N_A,W,2016,2015,SOR5,0,2015-08-21,INR,55100000000
RBI:RMS_W_RN(1.0),N_A,W,2016,2015,SOR8,0,2015-08-21,INR,8996691200000
RBI:RMS_W_RN(1.0),N_A,W,2016,2015,SOR1,0,2015-08-21,INR,4713390000000
RBI:RMS_W_RN(1.0),N_A,W,2016,2015,SOR4,0,2015-08-21,INR,-213030000000
RBI:RMS_W_RN(1.0),N_A,W,2016,2015,SOR7,0,2015-08-21,INR,204523986000
RBI:RMS_W_RN(1.0),N_A,W,2016,2015,SOR6,0,2015-08-21,INR,23181729567000
RBI:RMS_W_RN(1.0),N_A,W,2016,2015,SOR8,0,2015-08-14,INR,8700670300000
RBI:RMS_W_RN(1.0),N_A,W,2016,2015,SOR5,0,2015-08-14,INR,50970000000
RBI:RMS_W_RN(1.0),N_A,W,2016,2015,SOR7,0,2015-08-14,INR,202402794000
RBI:RMS_W_RN(1.0),N_A,W,2016,2015,SOR4,0,2015-08-14,INR,-292560000000
RBI:RMS_W_RN(1.0),N_A,W,2016,2015,SOR1,0,2015-08-14,INR,4773390000000
RBI:RMS_W_RN(1.0),N_A,W,2016,2015,SOR6,0,2015-08-14,INR,22903859567000
RBI:RMS_W_RN(1.0),N_A,W,2016,2015,SOR7,0,2015-08-07,INR,202402794000
RBI:RMS_W_RN(1.0),N_A,W,2016,2015,SOR8,0,2015-08-07,INR,8888010300000
RBI:RMS_W_RN(1.0),N_A,W,2016,2015,SOR5,0,2015-08-07,INR,50420000000
RBI:RMS_W_RN(1.0),N_A,W,2016,2015,SOR4,0,2015-08-07,INR,-325960000000
RBI:RMS_W_RN(1.0),N_A,W,2016,2015,SOR6,0,2015-08-07,INR,22429979567000
RBI:RMS_W_RN(1.0),N_A,W,2016,2015,SOR1,0,2015-08-07,INR,5488600000000
RBI:RMS_W_RN(1.0),N_A,W,2016,2015,SOR4,0,2015-07-31,INR,-281950000000
RBI:RMS_W_RN(1.0),N_A,W,2016,2015,SOR5,0,2015-07-31,INR,53610000000
RBI:RMS_W_RN(1.0),N_A,W,2016,2015,SOR7,0,2015-07-31,INR,202402794000
RBI:RMS_W_RN(1.0),N_A,W,2016,2015,SOR6,0,2015-07-31,INR,22496579567000
RBI:RMS_W_RN(1.0),N_A,W,2016,2015,SOR8,0,2015-07-31,INR,8669692896000
RBI:RMS_W_RN(1.0),N_A,W,2016,2015,SOR1,0,2015-07-31,INR,5009160000000
RBI:RMS_W_RN(1.0),N_A,W,2016,2015,SOR1,0,2015-07-24,INR,4853780000000
RBI:RMS_W_RN(1.0),N_A,W,2016,2015,SOR7,0,2015-07-24,INR,202402794000
RBI:RMS_W_RN(1.0),N_A,W,2016,2015,SOR4,0,2015-07-24,INR,36640000000
RBI:RMS_W_RN(1.0),N_A,W,2016,2015,SOR8,0,2015-07-24,INR,8600602896000
RBI:RMS_W_RN(1.0),N_A,W,2016,2015,SOR5,0,2015-07-24,INR,46150000000
RBI:RMS_W_RN(1.0),N_A,W,2016,2015,SOR6,0,2015-07-24,INR,22469139567000
RBI:RMS_W_RN(1.0),N_A,W,2016,2015,SOR5,0,2015-07-17,INR,55120000000
RBI:RMS_W_RN(1.0),N_A,W,2016,2015,SOR6,0,2015-07-17,INR,22326499567000
RBI:RMS_W_RN(1.0),N_A,W,2016,2015,SOR4,0,2015-07-17,INR,-51290000000
RBI:RMS_W_RN(1.0),N_A,W,2016,2015,SOR1,0,2015-07-17,INR,4927210000000
RBI:RMS_W_RN(1.0),N_A,W,2016,2015,SOR7,0,2015-07-17,INR,199959208000
RBI:RMS_W_RN(1.0),N_A,W,2016,2015,SOR8,0,2015-07-17,INR,8468482896000
RBI:RMS_W_RN(1.0),N_A,W,2016,2015,SOR1,0,2015-07-10,INR,5002443269000
RBI:RMS_W_RN(1.0),N_A,W,2016,2015,SOR6,0,2015-07-10,INR,22354856755000
RBI:RMS_W_RN(1.0),N_A,W,2016,2015,SOR7,0,2015-07-10,INR,199959208000
RBI:RMS_W_RN(1.0),N_A,W,2016,2015,SOR4,0,2015-07-10,INR,-111425000000
RBI:RMS_W_RN(1.0),N_A,W,2016,2015,SOR8,0,2015-07-10,INR,8493735991000
RBI:RMS_W_RN(1.0),N_A,W,2016,2015,SOR5,0,2015-07-10,INR,43781550000
RBI:RMS_W_RN(1.0),N_A,W,2016,2015,SOR7,0,2015-07-03,INR,199959208000
RBI:RMS_W_RN(1.0),N_A,W,2016,2015,SOR1,0,2015-07-03,INR,5275524354000
RBI:RMS_W_RN(1.0),N_A,W,2016,2015,SOR4,0,2015-07-03,INR,-547995000000
RBI:RMS_W_RN(1.0),N_A,W,2016,2015,SOR8,0,2015-07-03,INR,8499349251000
RBI:RMS_W_RN(1.0),N_A,W,2016,2015,SOR6,0,2015-07-03,INR,22370963314000
RBI:RMS_W_RN(1.0),N_A,W,2016,2015,SOR5,0,2015-07-03,INR,47101550000
RBI:RMS_W_RN(1.0),N_A,W,2016,2015,SOR7,0,2015-06-26,INR,199959208000
RBI:RMS_W_RN(1.0),N_A,W,2016,2015,SOR5,0,2015-06-26,INR,63277900000
RBI:RMS_W_RN(1.0),N_A,W,2016,2015,SOR8,0,2015-06-26,INR,8695405884000
RBI:RMS_W_RN(1.0),N_A,W,2016,2015,SOR6,0,2015-06-26,INR,22478710704000
RBI:RMS_W_RN(1.0),N_A,W,2016,2015,SOR4,0,2015-06-26,INR,458425000000
RBI:RMS_W_RN(1.0),N_A,W,2016,2015,SOR1,0,2015-06-26,INR,4443538278000
RBI:RMS_W_RN(1.0),N_A,W,2016,2015,SOR6,0,2015-06-19,INR,22559359219999.996
RBI:RMS_W_RN(1.0),N_A,W,2016,2015,SOR7,0,2015-06-19,INR,197963592000
RBI:RMS_W_RN(1.0),N_A,W,2016,2015,SOR8,0,2015-06-19,INR,8837088895000
RBI:RMS_W_RN(1.0),N_A,W,2016,2015,SOR1,0,2015-06-19,INR,4612247292000
RBI:RMS_W_RN(1.0),N_A,W,2016,2015,SOR4,0,2015-06-19,INR,603205000000
RBI:RMS_W_RN(1.0),N_A,W,2016,2015,SOR5,0,2015-06-19,INR,56497900000
RBI:RMS_W_RN(1.0),N_A,W,2016,2015,SOR6,0,2015-06-12,INR,22551092329000
RBI:RMS_W_RN(1.0),N_A,W,2016,2015,SOR8,0,2015-06-12,INR,8815467430000
RBI:RMS_W_RN(1.0),N_A,W,2016,2015,SOR7,0,2015-06-12,INR,197963592000
RBI:RMS_W_RN(1.0),N_A,W,2016,2015,SOR1,0,2015-06-12,INR,4765213474000
RBI:RMS_W_RN(1.0),N_A,W,2016,2015,SOR4,0,2015-06-12,INR,455155000000
RBI:RMS_W_RN(1.0),N_A,W,2016,2015,SOR5,0,2015-06-12,INR,64577900000
RBI:RMS_W_RN(1.0),N_A,W,2016,2015,SOR7,0,2015-06-05,INR,197963592000
RBI:RMS_W_RN(1.0),N_A,W,2016,2015,SOR4,0,2015-06-05,INR,411333500000
RBI:RMS_W_RN(1.0),N_A,W,2016,2015,SOR1,0,2015-06-05,INR,4680668959000
RBI:RMS_W_RN(1.0),N_A,W,2016,2015,SOR6,0,2015-06-05,INR,22409310006000
RBI:RMS_W_RN(1.0),N_A,W,2016,2015,SOR8,0,2015-06-05,INR,8650836218000
RBI:RMS_W_RN(1.0),N_A,W,2016,2015,SOR5,0,2015-06-05,INR,50367900000
RBI:RMS_W_RN(1.0),N_A,W,2016,2015,SOR4,0,2015-05-29,INR,893343500000
RBI:RMS_W_RN(1.0),N_A,W,2016,2015,SOR1,0,2015-05-29,INR,4235570140999.9995
RBI:RMS_W_RN(1.0),N_A,W,2016,2015,SOR7,0,2015-05-29,INR,197963592000
RBI:RMS_W_RN(1.0),N_A,W,2016,2015,SOR8,0,2015-05-29,INR,8571659310000
RBI:RMS_W_RN(1.0),N_A,W,2016,2015,SOR6,0,2015-05-29,INR,22351385630000
RBI:RMS_W_RN(1.0),N_A,W,2016,2015,SOR5,0,2015-05-29,INR,64247900000
RBI:RMS_W_RN(1.0),N_A,W,2016,2015,SOR8,0,2015-05-22,INR,8590119303000
RBI:RMS_W_RN(1.0),N_A,W,2016,2015,SOR7,0,2015-05-22,INR,195487743000
RBI:RMS_W_RN(1.0),N_A,W,2016,2015,SOR5,0,2015-05-22,INR,61707000000
RBI:RMS_W_RN(1.0),N_A,W,2016,2015,SOR1,0,2015-05-22,INR,4118242640999.9995
RBI:RMS_W_RN(1.0),N_A,W,2016,2015,SOR4,0,2015-05-22,INR,1127543000000
RBI:RMS_W_RN(1.0),N_A,W,2016,2015,SOR6,0,2015-05-22,INR,22232493727000
RBI:RMS_W_RN(1.0),N_A,W,2016,2015,SOR5,0,2015-05-15,INR,61982800000
RBI:RMS_W_RN(1.0),N_A,W,2016,2015,SOR1,0,2015-05-15,INR,4196569183000
RBI:RMS_W_RN(1.0),N_A,W,2016,2015,SOR4,0,2015-05-15,INR,1141923000000
RBI:RMS_W_RN(1.0),N_A,W,2016,2015,SOR6,0,2015-05-15,INR,22380220975000
RBI:RMS_W_RN(1.0),N_A,W,2016,2015,SOR7,0,2015-05-15,INR,195487743000
RBI:RMS_W_RN(1.0),N_A,W,2016,2015,SOR8,0,2015-05-15,INR,8793199897000
RBI:RMS_W_RN(1.0),N_A,W,2016,2015,SOR1,0,2015-05-08,INR,4164448394000
RBI:RMS_W_RN(1.0),N_A,W,2016,2015,SOR5,0,2015-05-08,INR,53457800000
RBI:RMS_W_RN(1.0),N_A,W,2016,2015,SOR4,0,2015-05-08,INR,992683072000
RBI:RMS_W_RN(1.0),N_A,W,2016,2015,SOR7,0,2015-05-08,INR,195487743000
RBI:RMS_W_RN(1.0),N_A,W,2016,2015,SOR6,0,2015-05-08,INR,22414669656000.004
RBI:RMS_W_RN(1.0),N_A,W,2016,2015,SOR8,0,2015-05-08,INR,8778582751000
RBI:RMS_W_RN(1.0),N_A,W,2016,2015,SOR1,0,2015-05-01,INR,4298265143000
RBI:RMS_W_RN(1.0),N_A,W,2016,2015,SOR7,0,2015-05-01,INR,195487743000
RBI:RMS_W_RN(1.0),N_A,W,2016,2015,SOR6,0,2015-05-01,INR,22253989279000
RBI:RMS_W_RN(1.0),N_A,W,2016,2015,SOR8,0,2015-05-01,INR,8603816609000
RBI:RMS_W_RN(1.0),N_A,W,2016,2015,SOR5,0,2015-05-01,INR,60582800000
RBI:RMS_W_RN(1.0),N_A,W,2016,2015,SOR4,0,2015-05-01,INR,1080743072000
RBI:RMS_W_RN(1.0),N_A,W,2016,2015,SOR7,0,2015-04-24,INR,195487743000
RBI:RMS_W_RN(1.0),N_A,W,2016,2015,SOR5,0,2015-04-24,INR,65133800000
RBI:RMS_W_RN(1.0),N_A,W,2016,2015,SOR6,0,2015-04-24,INR,21698579353000
RBI:RMS_W_RN(1.0),N_A,W,2016,2015,SOR4,0,2015-04-24,INR,1050879500000
RBI:RMS_W_RN(1.0),N_A,W,2016,2015,SOR8,0,2015-04-24,INR,8386050888000
RBI:RMS_W_RN(1.0),N_A,W,2016,2015,SOR1,0,2015-04-24,INR,4362630555000
RBI:RMS_W_RN(1.0),N_A,W,2016,2015,SOR7,0,2015-04-17,INR,195487743000
RBI:RMS_W_RN(1.0),N_A,W,2016,2015,SOR5,0,2015-04-17,INR,63753800000
RBI:RMS_W_RN(1.0),N_A,W,2016,2015,SOR8,0,2015-04-17,INR,7999134787000
RBI:RMS_W_RN(1.0),N_A,W,2016,2015,SOR6,0,2015-04-17,INR,21296814057000
RBI:RMS_W_RN(1.0),N_A,W,2016,2015,SOR1,0,2015-04-17,INR,4549228215000
RBI:RMS_W_RN(1.0),N_A,W,2016,2015,SOR4,0,2015-04-17,INR,759019500000
RBI:RMS_W_RN(1.0),N_A,W,2016,2015,SOR4,0,2015-04-10,INR,568607000000
RBI:RMS_W_RN(1.0),N_A,W,2016,2015,SOR8,0,2015-04-10,INR,7822648658000
RBI:RMS_W_RN(1.0),N_A,W,2016,2015,SOR1,0,2015-04-10,INR,4468171321000
RBI:RMS_W_RN(1.0),N_A,W,2016,2015,SOR7,0,2015-04-10,INR,194293255000
RBI:RMS_W_RN(1.0),N_A,W,2016,2015,SOR5,0,2015-04-10,INR,67463800000
RBI:RMS_W_RN(1.0),N_A,W,2016,2015,SOR6,0,2015-04-10,INR,21131540339000
RBI:RMS_W_RN(1.0),N_A,W,2016,2015,SOR1,0,2015-04-03,INR,4038015893000
RBI:RMS_W_RN(1.0),N_A,W,2016,2015,SOR5,0,2015-04-03,INR,148467300000
RBI:RMS_W_RN(1.0),N_A,W,2016,2015,SOR4,0,2015-04-03,INR,863897000000
RBI:RMS_W_RN(1.0),N_A,W,2016,2015,SOR6,0,2015-04-03,INR,21356235422000
RBI:RMS_W_RN(1.0),N_A,W,2016,2015,SOR8,0,2015-04-03,INR,8024839325000
RBI:RMS_W_RN(1.0),N_A,W,2016,2015,SOR7,0,2015-04-03,INR,194293255000
RBI:RMS_W_RN(1.0),N_A,W,2015,2014,SOR6,0,2015-03-31,INR,21272794967000
RBI:RMS_W_RN(1.0),N_A,W,2015,2014,SOR4,0,2015-03-31,INR,1876577000000
RBI:RMS_W_RN(1.0),N_A,W,2015,2014,SOR5,0,2015-03-31,INR,148467300000
RBI:RMS_W_RN(1.0),N_A,W,2015,2014,SOR1,0,2015-03-31,INR,3645231165000
RBI:RMS_W_RN(1.0),N_A,W,2015,2014,SOR8,0,2015-03-31,INR,7852732657000
RBI:RMS_W_RN(1.0),N_A,W,2015,2014,SOR7,0,2015-03-31,INR,194293255000
RBI:RMS_W_RN(1.0),N_A,W,2015,2014,SOR5,0,2015-03-27,INR,120275300000
RBI:RMS_W_RN(1.0),N_A,W,2015,2014,SOR1,0,2015-03-27,INR,3820949454000.0005
RBI:RMS_W_RN(1.0),N_A,W,2015,2014,SOR4,0,2015-03-27,INR,1018174500000
RBI:RMS_W_RN(1.0),N_A,W,2015,2014,SOR8,0,2015-03-27,INR,8032936954000
RBI:RMS_W_RN(1.0),N_A,W,2015,2014,SOR7,0,2015-03-27,INR,194283255000
RBI:RMS_W_RN(1.0),N_A,W,2015,2014,SOR6,0,2015-03-27,INR,21244216907000
RBI:RMS_W_RN(1.0),N_A,W,2015,2014,SOR7,0,2015-03-20,INR,194283255000
RBI:RMS_W_RN(1.0),N_A,W,2015,2014,SOR5,0,2015-03-20,INR,54646600000
RBI:RMS_W_RN(1.0),N_A,W,2015,2014,SOR8,0,2015-03-20,INR,7972333575000
RBI:RMS_W_RN(1.0),N_A,W,2015,2014,SOR1,0,2015-03-20,INR,3640017742000
RBI:RMS_W_RN(1.0),N_A,W,2015,2014,SOR6,0,2015-03-20,INR,21092181522000
RBI:RMS_W_RN(1.0),N_A,W,2015,2014,SOR4,0,2015-03-20,INR,1523204500000
RBI:RMS_W_RN(1.0),N_A,W,2015,2014,SOR5,0,2015-03-13,INR,58496600000
RBI:RMS_W_RN(1.0),N_A,W,2015,2014,SOR6,0,2015-03-13,INR,20860101743000
RBI:RMS_W_RN(1.0),N_A,W,2015,2014,SOR7,0,2015-03-13,INR,192561419000
RBI:RMS_W_RN(1.0),N_A,W,2015,2014,SOR1,0,2015-03-13,INR,4247124167000
RBI:RMS_W_RN(1.0),N_A,W,2015,2014,SOR8,0,2015-03-13,INR,7869855183000
RBI:RMS_W_RN(1.0),N_A,W,2015,2014,SOR4,0,2015-03-13,INR,956997000000
RBI:RMS_W_RN(1.0),N_A,W,2015,2014,SOR4,0,2015-03-06,INR,369237000000
RBI:RMS_W_RN(1.0),N_A,W,2015,2014,SOR7,0,2015-03-06,INR,192561419000
RBI:RMS_W_RN(1.0),N_A,W,2015,2014,SOR8,0,2015-03-06,INR,7878384752000
RBI:RMS_W_RN(1.0),N_A,W,2015,2014,SOR1,0,2015-03-06,INR,4826532636000
RBI:RMS_W_RN(1.0),N_A,W,2015,2014,SOR6,0,2015-03-06,INR,20848520536000
RBI:RMS_W_RN(1.0),N_A,W,2015,2014,SOR5,0,2015-03-06,INR,52829100000
RBI:RMS_W_RN(1.0),N_A,W,2015,2014,SOR1,0,2015-02-27,INR,4368922410000
RBI:RMS_W_RN(1.0),N_A,W,2015,2014,SOR6,0,2015-02-27,INR,20743848454000
RBI:RMS_W_RN(1.0),N_A,W,2015,2014,SOR5,0,2015-02-27,INR,59486100000
RBI:RMS_W_RN(1.0),N_A,W,2015,2014,SOR7,0,2015-02-27,INR,192561419000
RBI:RMS_W_RN(1.0),N_A,W,2015,2014,SOR4,0,2015-02-27,INR,721774000000
RBI:RMS_W_RN(1.0),N_A,W,2015,2014,SOR8,0,2015-02-27,INR,7923566541000
RBI:RMS_W_RN(1.0),N_A,W,2015,2014,SOR7,0,2015-02-20,INR,192561419000
RBI:RMS_W_RN(1.0),N_A,W,2015,2014,SOR1,0,2015-02-20,INR,4632592250000
RBI:RMS_W_RN(1.0),N_A,W,2015,2014,SOR5,0,2015-02-20,INR,60546100000
RBI:RMS_W_RN(1.0),N_A,W,2015,2014,SOR6,0,2015-02-20,INR,20635502519000
RBI:RMS_W_RN(1.0),N_A,W,2015,2014,SOR4,0,2015-02-20,INR,690394000000
RBI:RMS_W_RN(1.0),N_A,W,2015,2014,SOR8,0,2015-02-20,INR,8141247148000
RBI:RMS_W_RN(1.0),N_A,W,2015,2014,SOR6,0,2015-02-13,INR,20537178681000
RBI:RMS_W_RN(1.0),N_A,W,2015,2014,SOR4,0,2015-02-13,INR,1072871500000
RBI:RMS_W_RN(1.0),N_A,W,2015,2014,SOR8,0,2015-02-13,INR,8080298922000
RBI:RMS_W_RN(1.0),N_A,W,2015,2014,SOR1,0,2015-02-13,INR,4342819879000
RBI:RMS_W_RN(1.0),N_A,W,2015,2014,SOR5,0,2015-02-13,INR,60036100000
RBI:RMS_W_RN(1.0),N_A,W,2015,2014,SOR7,0,2015-02-13,INR,190806341000
RBI:RMS_W_RN(1.0),N_A,W,2015,2014,SOR8,0,2015-02-06,INR,7934764831000
RBI:RMS_W_RN(1.0),N_A,W,2015,2014,SOR4,0,2015-02-06,INR,795571500000
RBI:RMS_W_RN(1.0),N_A,W,2015,2014,SOR7,0,2015-02-06,INR,190806341000
RBI:RMS_W_RN(1.0),N_A,W,2015,2014,SOR1,0,2015-02-06,INR,4765372721000
RBI:RMS_W_RN(1.0),N_A,W,2015,2014,SOR6,0,2015-02-06,INR,20281913798000
RBI:RMS_W_RN(1.0),N_A,W,2015,2014,SOR5,0,2015-02-06,INR,55886100000
RBI:RMS_W_RN(1.0),N_A,W,2015,2014,SOR7,0,2015-01-30,INR,190806341000
RBI:RMS_W_RN(1.0),N_A,W,2015,2014,SOR4,0,2015-01-30,INR,658893500000
RBI:RMS_W_RN(1.0),N_A,W,2015,2014,SOR5,0,2015-01-30,INR,59583500000
RBI:RMS_W_RN(1.0),N_A,W,2015,2014,SOR6,0,2015-01-30,INR,20167204139000
RBI:RMS_W_RN(1.0),N_A,W,2015,2014,SOR1,0,2015-01-30,INR,4567455094000
RBI:RMS_W_RN(1.0),N_A,W,2015,2014,SOR8,0,2015-01-30,INR,7858508428000
RBI:RMS_W_RN(1.0),N_A,W,2015,2014,SOR6,0,2015-01-23,INR,19736477066000
RBI:RMS_W_RN(1.0),N_A,W,2015,2014,SOR4,0,2015-01-23,INR,1072244500000
RBI:RMS_W_RN(1.0),N_A,W,2015,2014,SOR7,0,2015-01-23,INR,190806341000
RBI:RMS_W_RN(1.0),N_A,W,2015,2014,SOR1,0,2015-01-23,INR,4594298506000
RBI:RMS_W_RN(1.0),N_A,W,2015,2014,SOR8,0,2015-01-23,INR,7756316899000
RBI:RMS_W_RN(1.0),N_A,W,2015,2014,SOR5,0,2015-01-23,INR,58803500000
RBI:RMS_W_RN(1.0),N_A,W,2015,2014,SOR7,0,2015-01-16,INR,188827820000
RBI:RMS_W_RN(1.0),N_A,W,2015,2014,SOR5,0,2015-01-16,INR,58414900000
RBI:RMS_W_RN(1.0),N_A,W,2015,2014,SOR6,0,2015-01-16,INR,19847503438000
RBI:RMS_W_RN(1.0),N_A,W,2015,2014,SOR8,0,2015-01-16,INR,8043878391000
RBI:RMS_W_RN(1.0),N_A,W,2015,2014,SOR4,0,2015-01-16,INR,857509500000
RBI:RMS_W_RN(1.0),N_A,W,2015,2014,SOR1,0,2015-01-16,INR,4958160206000
RBI:RMS_W_RN(1.0),N_A,W,2015,2014,SOR7,0,2015-01-09,INR,188827820000
RBI:RMS_W_RN(1.0),N_A,W,2015,2014,SOR5,0,2015-01-09,INR,60564900000
RBI:RMS_W_RN(1.0),N_A,W,2015,2014,SOR6,0,2015-01-09,INR,19767168611000
RBI:RMS_W_RN(1.0),N_A,W,2015,2014,SOR1,0,2015-01-09,INR,5131625924000
RBI:RMS_W_RN(1.0),N_A,W,2015,2014,SOR8,0,2015-01-09,INR,8215031668000
RBI:RMS_W_RN(1.0),N_A,W,2015,2014,SOR4,0,2015-01-09,INR,791139500000
RBI:RMS_W_RN(1.0),N_A,W,2015,2014,SOR7,0,2015-01-02,INR,188827820000
RBI:RMS_W_RN(1.0),N_A,W,2015,2014,SOR4,0,2015-01-02,INR,495999500000
RBI:RMS_W_RN(1.0),N_A,W,2015,2014,SOR8,0,2015-01-02,INR,8485007139000
RBI:RMS_W_RN(1.0),N_A,W,2015,2014,SOR6,0,2015-01-02,INR,19990350749000
RBI:RMS_W_RN(1.0),N_A,W,2015,2014,SOR5,0,2015-01-02,INR,60564900000
RBI:RMS_W_RN(1.0),N_A,W,2015,2014,SOR1,0,2015-01-02,INR,5232853052000
RBI:RMS_W_RN(1.0),N_A,W,2015,2014,SOR5,0,2014-12-26,INR,57462700000.00001
RBI:RMS_W_RN(1.0),N_A,W,2015,2014,SOR6,0,2014-12-26,INR,20088818627000
RBI:RMS_W_RN(1.0),N_A,W,2015,2014,SOR4,0,2014-12-26,INR,865309500000
RBI:RMS_W_RN(1.0),N_A,W,2015,2014,SOR8,0,2014-12-26,INR,8613321979000
RBI:RMS_W_RN(1.0),N_A,W,2015,2014,SOR1,0,2014-12-26,INR,5072696840000
RBI:RMS_W_RN(1.0),N_A,W,2015,2014,SOR7,0,2014-12-26,INR,188827820000
RBI:RMS_W_RN(1.0),N_A,W,2015,2014,SOR1,0,2014-12-19,INR,5069755164000
RBI:RMS_W_RN(1.0),N_A,W,2015,2014,SOR8,0,2014-12-19,INR,8486416725000
RBI:RMS_W_RN(1.0),N_A,W,2015,2014,SOR7,0,2014-12-19,INR,187400000000
RBI:RMS_W_RN(1.0),N_A,W,2015,2014,SOR6,0,2014-12-19,INR,19951519743000
RBI:RMS_W_RN(1.0),N_A,W,2015,2014,SOR5,0,2014-12-19,INR,48112700000.00001
RBI:RMS_W_RN(1.0),N_A,W,2015,2014,SOR4,0,2014-12-19,INR,899349500000
RBI:RMS_W_RN(1.0),N_A,W,2015,2014,SOR6,0,2014-12-12,INR,19575323885000
RBI:RMS_W_RN(1.0),N_A,W,2015,2014,SOR7,0,2014-12-12,INR,187400000000
RBI:RMS_W_RN(1.0),N_A,W,2015,2014,SOR4,0,2014-12-12,INR,640402000000
RBI:RMS_W_RN(1.0),N_A,W,2015,2014,SOR1,0,2014-12-12,INR,5658549250000
RBI:RMS_W_RN(1.0),N_A,W,2015,2014,SOR8,0,2014-12-12,INR,8391478186000
RBI:RMS_W_RN(1.0),N_A,W,2015,2014,SOR5,0,2014-12-12,INR,47712800000
RBI:RMS_W_RN(1.0),N_A,W,2015,2014,SOR1,0,2014-12-05,INR,5842802519000
RBI:RMS_W_RN(1.0),N_A,W,2015,2014,SOR4,0,2014-12-05,INR,496685000000
RBI:RMS_W_RN(1.0),N_A,W,2015,2014,SOR6,0,2014-12-05,INR,19268174431000
RBI:RMS_W_RN(1.0),N_A,W,2015,2014,SOR8,0,2014-12-05,INR,8192896472000
RBI:RMS_W_RN(1.0),N_A,W,2015,2014,SOR7,0,2014-12-05,INR,187400000000
RBI:RMS_W_RN(1.0),N_A,W,2015,2014,SOR5,0,2014-12-05,INR,39175100000
RBI:RMS_W_RN(1.0),N_A,W,2015,2014,SOR1,0,2014-11-28,INR,5568154954000
RBI:RMS_W_RN(1.0),N_A,W,2015,2014,SOR8,0,2014-11-28,INR,8316150012000.001
RBI:RMS_W_RN(1.0),N_A,W,2015,2014,SOR6,0,2014-11-28,INR,19389936886000
RBI:RMS_W_RN(1.0),N_A,W,2015,2014,SOR5,0,2014-11-28,INR,42141600000
RBI:RMS_W_RN(1.0),N_A,W,2015,2014,SOR4,0,2014-11-28,INR,625545000000
RBI:RMS_W_RN(1.0),N_A,W,2015,2014,SOR7,0,2014-11-28,INR,187400000000
RBI:RMS_W_RN(1.0),N_A,W,2015,2014,SOR8,0,2014-11-21,INR,8301804867000
RBI:RMS_W_RN(1.0),N_A,W,2015,2014,SOR1,0,2014-11-21,INR,5675371159000
RBI:RMS_W_RN(1.0),N_A,W,2015,2014,SOR6,0,2014-11-21,INR,19269600564000
RBI:RMS_W_RN(1.0),N_A,W,2015,2014,SOR4,0,2014-11-21,INR,572917500000
RBI:RMS_W_RN(1.0),N_A,W,2015,2014,SOR5,0,2014-11-21,INR,50160200000.00001
RBI:RMS_W_RN(1.0),N_A,W,2015,2014,SOR7,0,2014-11-21,INR,186120000000
RBI:RMS_W_RN(1.0),N_A,W,2015,2014,SOR1,0,2014-11-14,INR,5836201496000
RBI:RMS_W_RN(1.0),N_A,W,2015,2014,SOR6,0,2014-11-14,INR,19257972828000
RBI:RMS_W_RN(1.0),N_A,W,2015,2014,SOR4,0,2014-11-14,INR,452747500000
RBI:RMS_W_RN(1.0),N_A,W,2015,2014,SOR5,0,2014-11-14,INR,49760200000.00001
RBI:RMS_W_RN(1.0),N_A,W,2015,2014,SOR7,0,2014-11-14,INR,186120000000
RBI:RMS_W_RN(1.0),N_A,W,2015,2014,SOR8,0,2014-11-14,INR,8288752995000
RBI:RMS_W_RN(1.0),N_A,W,2015,2014,SOR5,0,2014-11-07,INR,41390200000.00001
RBI:RMS_W_RN(1.0),N_A,W,2015,2014,SOR7,0,2014-11-07,INR,186120000000
RBI:RMS_W_RN(1.0),N_A,W,2015,2014,SOR8,0,2014-11-07,INR,8204288741000
RBI:RMS_W_RN(1.0),N_A,W,2015,2014,SOR4,0,2014-11-07,INR,250690000000
RBI:RMS_W_RN(1.0),N_A,W,2015,2014,SOR1,0,2014-11-07,INR,5991064267000
RBI:RMS_W_RN(1.0),N_A,W,2015,2014,SOR6,0,2014-11-07,INR,19199240439000
RBI:RMS_W_RN(1.0),N_A,W,2015,2014,SOR6,0,2014-10-31,INR,19214804850000
RBI:RMS_W_RN(1.0),N_A,W,2015,2014,SOR5,0,2014-10-31,INR,76790200000
RBI:RMS_W_RN(1.0),N_A,W,2015,2014,SOR4,0,2014-10-31,INR,458355000000
RBI:RMS_W_RN(1.0),N_A,W,2015,2014,SOR7,0,2014-10-31,INR,186120000000
RBI:RMS_W_RN(1.0),N_A,W,2015,2014,SOR8,0,2014-10-31,INR,8225582130000
RBI:RMS_W_RN(1.0),N_A,W,2015,2014,SOR1,0,2014-10-31,INR,5659863013000.001
RBI:RMS_W_RN(1.0),N_A,W,2015,2014,SOR8,0,2014-10-24,INR,8231485137000
RBI:RMS_W_RN(1.0),N_A,W,2015,2014,SOR4,0,2014-10-24,INR,1069632500000
RBI:RMS_W_RN(1.0),N_A,W,2015,2014,SOR6,0,2014-10-24,INR,19066701773000
RBI:RMS_W_RN(1.0),N_A,W,2015,2014,SOR5,0,2014-10-24,INR,87190200000
RBI:RMS_W_RN(1.0),N_A,W,2015,2014,SOR1,0,2014-10-24,INR,5657677620000
RBI:RMS_W_RN(1.0),N_A,W,2015,2014,SOR7,0,2014-10-24,INR,184170000000
RBI:RMS_W_RN(1.0),N_A,W,2015,2014,SOR7,0,2014-10-17,INR,184170000000
RBI:RMS_W_RN(1.0),N_A,W,2015,2014,SOR8,0,2014-10-17,INR,8311439494000
RBI:RMS_W_RN(1.0),N_A,W,2015,2014,SOR5,0,2014-10-17,INR,77150200000
RBI:RMS_W_RN(1.0),N_A,W,2015,2014,SOR6,0,2014-10-17,INR,19132925876000
RBI:RMS_W_RN(1.0),N_A,W,2015,2014,SOR1,0,2014-10-17,INR,5592636843000
RBI:RMS_W_RN(1.0),N_A,W,2015,2014,SOR4,0,2014-10-17,INR,599682500000
RBI:RMS_W_RN(1.0),N_A,W,2015,2014,SOR7,0,2014-10-10,INR,184170000000
RBI:RMS_W_RN(1.0),N_A,W,2015,2014,SOR6,0,2014-10-10,INR,18959562801000
RBI:RMS_W_RN(1.0),N_A,W,2015,2014,SOR5,0,2014-10-10,INR,82010200000
RBI:RMS_W_RN(1.0),N_A,W,2015,2014,SOR1,0,2014-10-10,INR,5780534665000
RBI:RMS_W_RN(1.0),N_A,W,2015,2014,SOR8,0,2014-10-10,INR,8110259270000
RBI:RMS_W_RN(1.0),N_A,W,2015,2014,SOR4,0,2014-10-10,INR,333455293000
RBI:RMS_W_RN(1.0),N_A,W,2015,2014,SOR1,0,2014-10-03,INR,6052342052000
RBI:RMS_W_RN(1.0),N_A,W,2015,2014,SOR7,0,2014-10-03,INR,184170000000
RBI:RMS_W_RN(1.0),N_A,W,2015,2014,SOR8,0,2014-10-03,INR,8214659878999.999
RBI:RMS_W_RN(1.0),N_A,W,2015,2014,SOR4,0,2014-10-03,INR,12864756000
RBI:RMS_W_RN(1.0),N_A,W,2015,2014,SOR5,0,2014-10-03,INR,97960200000
RBI:RMS_W_RN(1.0),N_A,W,2015,2014,SOR6,0,2014-10-03,INR,19030704204000
RBI:RMS_W_RN(1.0),N_A,W,2015,2014,SOR6,0,2014-09-26,INR,19129652617000
RBI:RMS_W_RN(1.0),N_A,W,2015,2014,SOR1,0,2014-09-26,INR,5391538406999.999
RBI:RMS_W_RN(1.0),N_A,W,2015,2014,SOR5,0,2014-09-26,INR,104148300000
RBI:RMS_W_RN(1.0),N_A,W,2015,2014,SOR7,0,2014-09-26,INR,184170000000
RBI:RMS_W_RN(1.0),N_A,W,2015,2014,SOR4,0,2014-09-26,INR,550360455000
RBI:RMS_W_RN(1.0),N_A,W,2015,2014,SOR8,0,2014-09-26,INR,8347489165000.001
RBI:RMS_W_RN(1.0),N_A,W,2015,2014,SOR1,0,2014-09-19,INR,5227268799000
RBI:RMS_W_RN(1.0),N_A,W,2015,2014,SOR6,0,2014-09-19,INR,19018844422000
RBI:RMS_W_RN(1.0),N_A,W,2015,2014,SOR8,0,2014-09-19,INR,8203486414000
RBI:RMS_W_RN(1.0),N_A,W,2015,2014,SOR7,0,2014-09-19,INR,184170000000
RBI:RMS_W_RN(1.0),N_A,W,2015,2014,SOR4,0,2014-09-19,INR,774933455000
RBI:RMS_W_RN(1.0),N_A,W,2015,2014,SOR5,0,2014-09-19,INR,85380900000
RBI:RMS_W_RN(1.0),N_A,W,2015,2014,SOR8,0,2014-09-12,INR,8215996318000
RBI:RMS_W_RN(1.0),N_A,W,2015,2014,SOR1,0,2014-09-12,INR,5657060032000
RBI:RMS_W_RN(1.0),N_A,W,2015,2014,SOR7,0,2014-09-12,INR,182650000000
RBI:RMS_W_RN(1.0),N_A,W,2015,2014,SOR5,0,2014-09-12,INR,61608000000
RBI:RMS_W_RN(1.0),N_A,W,2015,2014,SOR6,0,2014-09-12,INR,19004730197000
RBI:RMS_W_RN(1.0),N_A,W,2015,2014,SOR4,0,2014-09-12,INR,472625955000.00006
RBI:RMS_W_RN(1.0),N_A,W,2015,2014,SOR8,0,2014-09-05,INR,8186223084000
RBI:RMS_W_RN(1.0),N_A,W,2015,2014,SOR5,0,2014-09-05,INR,58660900000
RBI:RMS_W_RN(1.0),N_A,W,2015,2014,SOR4,0,2014-09-05,INR,149067455000
RBI:RMS_W_RN(1.0),N_A,W,2015,2014,SOR6,0,2014-09-05,INR,18998583891000
RBI:RMS_W_RN(1.0),N_A,W,2015,2014,SOR7,0,2014-09-05,INR,182650000000
RBI:RMS_W_RN(1.0),N_A,W,2015,2014,SOR1,0,2014-09-05,INR,5881326713000
RBI:RMS_W_RN(1.0),N_A,W,2015,2014,SOR1,0,2014-08-29,INR,5356197883000
RBI:RMS_W_RN(1.0),N_A,W,2015,2014,SOR6,0,2014-08-29,INR,19080267028000
RBI:RMS_W_RN(1.0),N_A,W,2015,2014,SOR4,0,2014-08-29,INR,829821577000
RBI:RMS_W_RN(1.0),N_A,W,2015,2014,SOR8,0,2014-08-29,INR,8298837160000
RBI:RMS_W_RN(1.0),N_A,W,2015,2014,SOR7,0,2014-08-29,INR,182650000000
RBI:RMS_W_RN(1.0),N_A,W,2015,2014,SOR5,0,2014-08-29,INR,119080100000
RBI:RMS_W_RN(1.0),N_A,W,2015,2014,SOR1,0,2014-08-22,INR,5165488776000
RBI:RMS_W_RN(1.0),N_A,W,2015,2014,SOR8,0,2014-08-22,INR,8269220248000
RBI:RMS_W_RN(1.0),N_A,W,2015,2014,SOR4,0,2014-08-22,INR,809731577000
RBI:RMS_W_RN(1.0),N_A,W,2015,2014,SOR7,0,2014-08-22,INR,182650000000
RBI:RMS_W_RN(1.0),N_A,W,2015,2014,SOR6,0,2014-08-22,INR,19065880510000
RBI:RMS_W_RN(1.0),N_A,W,2015,2014,SOR5,0,2014-08-22,INR,111150100000
RBI:RMS_W_RN(1.0),N_A,W,2015,2014,SOR7,0,2014-08-15,INR,180560000000
RBI:RMS_W_RN(1.0),N_A,W,2015,2014,SOR4,0,2014-08-15,INR,1098645077000
RBI:RMS_W_RN(1.0),N_A,W,2015,2014,SOR1,0,2014-08-15,INR,5060518187000
RBI:RMS_W_RN(1.0),N_A,W,2015,2014,SOR5,0,2014-08-15,INR,103716100000
RBI:RMS_W_RN(1.0),N_A,W,2015,2014,SOR6,0,2014-08-15,INR,19275068999000
RBI:RMS_W_RN(1.0),N_A,W,2015,2014,SOR8,0,2014-08-15,INR,8473354784000
RBI:RMS_W_RN(1.0),N_A,W,2015,2014,SOR6,0,2014-08-08,INR,19399837012000
RBI:RMS_W_RN(1.0),N_A,W,2015,2014,SOR4,0,2014-08-08,INR,978962577000
RBI:RMS_W_RN(1.0),N_A,W,2015,2014,SOR1,0,2014-08-08,INR,5548560489000.001
RBI:RMS_W_RN(1.0),N_A,W,2015,2014,SOR5,0,2014-08-08,INR,103346100000
RBI:RMS_W_RN(1.0),N_A,W,2015,2014,SOR8,0,2014-08-08,INR,9120425406000
RBI:RMS_W_RN(1.0),N_A,W,2015,2014,SOR7,0,2014-08-08,INR,180560000000
RBI:RMS_W_RN(1.0),N_A,W,2015,2014,SOR1,0,2014-08-01,INR,5394479001000
RBI:RMS_W_RN(1.0),N_A,W,2015,2014,SOR8,0,2014-08-01,INR,8937441901000
RBI:RMS_W_RN(1.0),N_A,W,2015,2014,SOR4,0,2014-08-01,INR,1063661076999.9999
RBI:RMS_W_RN(1.0),N_A,W,2015,2014,SOR6,0,2014-08-01,INR,19257339538000
RBI:RMS_W_RN(1.0),N_A,W,2015,2014,SOR7,0,2014-08-01,INR,180560000000
RBI:RMS_W_RN(1.0),N_A,W,2015,2014,SOR5,0,2014-08-01,INR,107101900000
RBI:RMS_W_RN(1.0),N_A,W,2015,2014,SOR5,0,2014-07-25,INR,114991900000
RBI:RMS_W_RN(1.0),N_A,W,2015,2014,SOR8,0,2014-07-25,INR,8751405536000
RBI:RMS_W_RN(1.0),N_A,W,2015,2014,SOR1,0,2014-07-25,INR,5282527548000
RBI:RMS_W_RN(1.0),N_A,W,2015,2014,SOR4,0,2014-07-25,INR,1222516000000
RBI:RMS_W_RN(1.0),N_A,W,2015,2014,SOR7,0,2014-07-25,INR,180560000000
RBI:RMS_W_RN(1.0),N_A,W,2015,2014,SOR6,0,2014-07-25,INR,19103646651000
RBI:RMS_W_RN(1.0),N_A,W,2015,2014,SOR5,0,2014-07-18,INR,112311900000
RBI:RMS_W_RN(1.0),N_A,W,2015,2014,SOR8,0,2014-07-18,INR,8776668355000
RBI:RMS_W_RN(1.0),N_A,W,2015,2014,SOR6,0,2014-07-18,INR,18987323615000
RBI:RMS_W_RN(1.0),N_A,W,2015,2014,SOR1,0,2014-07-18,INR,5609443252000
RBI:RMS_W_RN(1.0),N_A,W,2015,2014,SOR7,0,2014-07-18,INR,178890000000
RBI:RMS_W_RN(1.0),N_A,W,2015,2014,SOR4,0,2014-07-18,INR,1088031000000
RBI:RMS_W_RN(1.0),N_A,W,2015,2014,SOR5,0,2014-07-11,INR,111811900000
RBI:RMS_W_RN(1.0),N_A,W,2015,2014,SOR4,0,2014-07-11,INR,1089421000000
RBI:RMS_W_RN(1.0),N_A,W,2015,2014,SOR8,0,2014-07-11,INR,8716984748000
RBI:RMS_W_RN(1.0),N_A,W,2015,2014,SOR1,0,2014-07-11,INR,5680770481000
RBI:RMS_W_RN(1.0),N_A,W,2015,2014,SOR6,0,2014-07-11,INR,18897185056000
RBI:RMS_W_RN(1.0),N_A,W,2015,2014,SOR7,0,2014-07-11,INR,178890000000
RBI:RMS_W_RN(1.0),N_A,W,2015,2014,SOR8,0,2014-07-04,INR,8617473761000
RBI:RMS_W_RN(1.0),N_A,W,2015,2014,SOR6,0,2014-07-04,INR,18757449767000
RBI:RMS_W_RN(1.0),N_A,W,2015,2014,SOR4,0,2014-07-04,INR,90890500000
RBI:RMS_W_RN(1.0),N_A,W,2015,2014,SOR5,0,2014-07-04,INR,83301900000
RBI:RMS_W_RN(1.0),N_A,W,2015,2014,SOR1,0,2014-07-04,INR,6634178562000
RBI:RMS_W_RN(1.0),N_A,W,2015,2014,SOR7,0,2014-07-04,INR,178890000000
RBI:RMS_W_RN(1.0),N_A,W,2015,2014,SOR7,0,2014-06-27,INR,178890000000
RBI:RMS_W_RN(1.0),N_A,W,2015,2014,SOR5,0,2014-06-27,INR,81105748000
RBI:RMS_W_RN(1.0),N_A,W,2015,2014,SOR6,0,2014-06-27,INR,18703687303000
RBI:RMS_W_RN(1.0),N_A,W,2015,2014,SOR1,0,2014-06-27,INR,6645242228000
RBI:RMS_W_RN(1.0),N_A,W,2015,2014,SOR8,0,2014-06-27,INR,8647586819000
RBI:RMS_W_RN(1.0),N_A,W,2015,2014,SOR4,0,2014-06-27,INR,230831500000
RBI:RMS_W_RN(1.0),N_A,W,2015,2014,SOR8,0,2014-06-20,INR,8650317052000
RBI:RMS_W_RN(1.0),N_A,W,2015,2014,SOR1,0,2014-06-20,INR,6724193194000
RBI:RMS_W_RN(1.0),N_A,W,2015,2014,SOR7,0,2014-06-20,INR,176980000000
RBI:RMS_W_RN(1.0),N_A,W,2015,2014,SOR4,0,2014-06-20,INR,199586500000
RBI:RMS_W_RN(1.0),N_A,W,2015,2014,SOR5,0,2014-06-20,INR,77696548000
RBI:RMS_W_RN(1.0),N_A,W,2015,2014,SOR6,0,2014-06-20,INR,18705479009000
RBI:RMS_W_RN(1.0),N_A,W,2015,2014,SOR1,0,2014-06-13,INR,7038095206000
RBI:RMS_W_RN(1.0),N_A,W,2015,2014,SOR5,0,2014-06-13,INR,78051548000
RBI:RMS_W_RN(1.0),N_A,W,2015,2014,SOR8,0,2014-06-13,INR,8381730265000
RBI:RMS_W_RN(1.0),N_A,W,2015,2014,SOR6,0,2014-06-13,INR,18391706642000
RBI:RMS_W_RN(1.0),N_A,W,2015,2014,SOR4,0,2014-06-13,INR,191549000000
RBI:RMS_W_RN(1.0),N_A,W,2015,2014,SOR7,0,2014-06-13,INR,176980000000
RBI:RMS_W_RN(1.0),N_A,W,2015,2014,SOR5,0,2014-06-06,INR,56739048000
RBI:RMS_W_RN(1.0),N_A,W,2015,2014,SOR7,0,2014-06-06,INR,176980000000
RBI:RMS_W_RN(1.0),N_A,W,2015,2014,SOR8,0,2014-06-06,INR,8269995487000
RBI:RMS_W_RN(1.0),N_A,W,2015,2014,SOR4,0,2014-06-06,INR,123446000000
RBI:RMS_W_RN(1.0),N_A,W,2015,2014,SOR6,0,2014-06-06,INR,18253845340000
RBI:RMS_W_RN(1.0),N_A,W,2015,2014,SOR1,0,2014-06-06,INR,6974962022000.001
RBI:RMS_W_RN(1.0),N_A,W,2015,2014,SOR7,0,2014-05-30,INR,176980000000
RBI:RMS_W_RN(1.0),N_A,W,2015,2014,SOR8,0,2014-05-30,INR,8266619458000
RBI:RMS_W_RN(1.0),N_A,W,2015,2014,SOR6,0,2014-05-30,INR,18224437045000
RBI:RMS_W_RN(1.0),N_A,W,2015,2014,SOR4,0,2014-05-30,INR,314573500000
RBI:RMS_W_RN(1.0),N_A,W,2015,2014,SOR1,0,2014-05-30,INR,6699491299000.001
RBI:RMS_W_RN(1.0),N_A,W,2015,2014,SOR5,0,2014-05-30,INR,82909048000
RBI:RMS_W_RN(1.0),N_A,W,2015,2014,SOR6,0,2014-05-23,INR,18082068361000
RBI:RMS_W_RN(1.0),N_A,W,2015,2014,SOR4,0,2014-05-23,INR,313873473000
RBI:RMS_W_RN(1.0),N_A,W,2015,2014,SOR8,0,2014-05-23,INR,8080063935000
RBI:RMS_W_RN(1.0),N_A,W,2015,2014,SOR7,0,2014-05-23,INR,174770000000
RBI:RMS_W_RN(1.0),N_A,W,2015,2014,SOR1,0,2014-05-23,INR,6618748145000
RBI:RMS_W_RN(1.0),N_A,W,2015,2014,SOR5,0,2014-05-23,INR,84967548000
RBI:RMS_W_RN(1.0),N_A,W,2015,2014,SOR6,0,2014-05-16,INR,18323628447000
RBI:RMS_W_RN(1.0),N_A,W,2015,2014,SOR4,0,2014-05-16,INR,394340973000
RBI:RMS_W_RN(1.0),N_A,W,2015,2014,SOR1,0,2014-05-16,INR,6502859277000
RBI:RMS_W_RN(1.0),N_A,W,2015,2014,SOR7,0,2014-05-16,INR,174770000000
RBI:RMS_W_RN(1.0),N_A,W,2015,2014,SOR5,0,2014-05-16,INR,78975548000
RBI:RMS_W_RN(1.0),N_A,W,2015,2014,SOR8,0,2014-05-16,INR,8212930641000
RBI:RMS_W_RN(1.0),N_A,W,2015,2014,SOR4,0,2014-05-09,INR,344029672999.99994
RBI:RMS_W_RN(1.0),N_A,W,2015,2014,SOR5,0,2014-05-09,INR,76711548000
RBI:RMS_W_RN(1.0),N_A,W,2015,2014,SOR6,0,2014-05-09,INR,18593487541000
RBI:RMS_W_RN(1.0),N_A,W,2015,2014,SOR7,0,2014-05-09,INR,174770000000
RBI:RMS_W_RN(1.0),N_A,W,2015,2014,SOR1,0,2014-05-09,INR,6524096616000
RBI:RMS_W_RN(1.0),N_A,W,2015,2014,SOR8,0,2014-05-09,INR,8540033441000
RBI:RMS_W_RN(1.0),N_A,W,2015,2014,SOR7,0,2014-05-02,INR,174770000000
RBI:RMS_W_RN(1.0),N_A,W,2015,2014,SOR6,0,2014-05-02,INR,18523699493000
RBI:RMS_W_RN(1.0),N_A,W,2015,2014,SOR4,0,2014-05-02,INR,416849672999.99994
RBI:RMS_W_RN(1.0),N_A,W,2015,2014,SOR8,0,2014-05-02,INR,8562226738000
RBI:RMS_W_RN(1.0),N_A,W,2015,2014,SOR1,0,2014-05-02,INR,6386567424000
RBI:RMS_W_RN(1.0),N_A,W,2015,2014,SOR5,0,2014-05-02,INR,89902548000
RBI:RMS_W_RN(1.0),N_A,W,2015,2014,SOR8,0,2014-04-25,INR,8857228911000
RBI:RMS_W_RN(1.0),N_A,W,2015,2014,SOR5,0,2014-04-25,INR,89902548000
RBI:RMS_W_RN(1.0),N_A,W,2015,2014,SOR7,0,2014-04-25,INR,174770000000
RBI:RMS_W_RN(1.0),N_A,W,2015,2014,SOR6,0,2014-04-25,INR,18654896304000
RBI:RMS_W_RN(1.0),N_A,W,2015,2014,SOR1,0,2014-04-25,INR,6437452658000.001
RBI:RMS_W_RN(1.0),N_A,W,2015,2014,SOR4,0,2014-04-25,INR,474801673000
RBI:RMS_W_RN(1.0),N_A,W,2015,2014,SOR4,0,2014-04-18,INR,320424173000
RBI:RMS_W_RN(1.0),N_A,W,2015,2014,SOR8,0,2014-04-18,INR,8625172034999.999
RBI:RMS_W_RN(1.0),N_A,W,2015,2014,SOR7,0,2014-04-18,INR,174770000000
RBI:RMS_W_RN(1.0),N_A,W,2015,2014,SOR1,0,2014-04-18,INR,6568753166000
RBI:RMS_W_RN(1.0),N_A,W,2015,2014,SOR6,0,2014-04-18,INR,18416072371000
RBI:RMS_W_RN(1.0),N_A,W,2015,2014,SOR5,0,2014-04-18,INR,89902548000
RBI:RMS_W_RN(1.0),N_A,W,2015,2014,SOR6,0,2014-04-11,INR,18384986332000
RBI:RMS_W_RN(1.0),N_A,W,2015,2014,SOR7,0,2014-04-11,INR,173390000000
RBI:RMS_W_RN(1.0),N_A,W,2015,2014,SOR4,0,2014-04-11,INR,395879173000
RBI:RMS_W_RN(1.0),N_A,W,2015,2014,SOR5,0,2014-04-11,INR,83167648000.00002
RBI:RMS_W_RN(1.0),N_A,W,2015,2014,SOR1,0,2014-04-11,INR,6355220753000
RBI:RMS_W_RN(1.0),N_A,W,2015,2014,SOR8,0,2014-04-11,INR,8602188192000
RBI:RMS_W_RN(1.0),N_A,W,2015,2014,SOR4,0,2014-04-04,INR,373639173000
RBI:RMS_W_RN(1.0),N_A,W,2015,2014,SOR1,0,2014-04-04,INR,6201925095000
RBI:RMS_W_RN(1.0),N_A,W,2015,2014,SOR5,0,2014-04-04,INR,85609848000
RBI:RMS_W_RN(1.0),N_A,W,2015,2014,SOR8,0,2014-04-04,INR,8515918813000
RBI:RMS_W_RN(1.0),N_A,W,2015,2014,SOR6,0,2014-04-04,INR,18234220796000
RBI:RMS_W_RN(1.0),N_A,W,2015,2014,SOR7,0,2014-04-04,INR,173390000000
RBI:RMS_W_RN(1.0),N_A,W,2014,2013,SOR5,0,2014-03-31,INR,88393648000
RBI:RMS_W_RN(1.0),N_A,W,2014,2013,SOR8,0,2014-03-31,INR,8433191259000
RBI:RMS_W_RN(1.0),N_A,W,2014,2013,SOR1,0,2014-03-31,INR,6987078456999.999
RBI:RMS_W_RN(1.0),N_A,W,2014,2013,SOR6,0,2014-03-31,INR,18025250921000
RBI:RMS_W_RN(1.0),N_A,W,2014,2013,SOR4,0,2014-03-31,INR,486498173000
RBI:RMS_W_RN(1.0),N_A,W,2014,2013,SOR7,0,2014-03-31,INR,173390000000
RBI:RMS_W_RN(1.0),N_A,W,2014,2013,SOR1,0,2014-03-28,INR,6863876608000
RBI:RMS_W_RN(1.0),N_A,W,2014,2013,SOR5,0,2014-03-28,INR,88393648000
RBI:RMS_W_RN(1.0),N_A,W,2014,2013,SOR8,0,2014-03-28,INR,8525647992000
RBI:RMS_W_RN(1.0),N_A,W,2014,2013,SOR4,0,2014-03-28,INR,423538200000
RBI:RMS_W_RN(1.0),N_A,W,2014,2013,SOR6,0,2014-03-28,INR,18033986970000
RBI:RMS_W_RN(1.0),N_A,W,2014,2013,SOR7,0,2014-03-28,INR,173363896000
RBI:RMS_W_RN(1.0),N_A,W,2014,2013,SOR8,0,2014-03-21,INR,8715803624000
RBI:RMS_W_RN(1.0),N_A,W,2014,2013,SOR1,0,2014-03-21,INR,6559876466000
RBI:RMS_W_RN(1.0),N_A,W,2014,2013,SOR5,0,2014-03-21,INR,85397648000.00002
RBI:RMS_W_RN(1.0),N_A,W,2014,2013,SOR7,0,2014-03-21,INR,173363896000
RBI:RMS_W_RN(1.0),N_A,W,2014,2013,SOR6,0,2014-03-21,INR,17936076984000
RBI:RMS_W_RN(1.0),N_A,W,2014,2013,SOR4,0,2014-03-21,INR,417889700000
RBI:RMS_W_RN(1.0),N_A,W,2014,2013,SOR5,0,2014-03-14,INR,78169148000
RBI:RMS_W_RN(1.0),N_A,W,2014,2013,SOR1,0,2014-03-14,INR,7350389088000
RBI:RMS_W_RN(1.0),N_A,W,2014,2013,SOR4,0,2014-03-14,INR,282849700000
RBI:RMS_W_RN(1.0),N_A,W,2014,2013,SOR7,0,2014-03-14,INR,171683962000
RBI:RMS_W_RN(1.0),N_A,W,2014,2013,SOR6,0,2014-03-14,INR,17972610037000
RBI:RMS_W_RN(1.0),N_A,W,2014,2013,SOR8,0,2014-03-14,INR,8873024117000
RBI:RMS_W_RN(1.0),N_A,W,2014,2013,SOR8,0,2014-03-07,INR,8721726703000
RBI:RMS_W_RN(1.0),N_A,W,2014,2013,SOR1,0,2014-03-07,INR,6870615664000
RBI:RMS_W_RN(1.0),N_A,W,2014,2013,SOR5,0,2014-03-07,INR,76664148000
RBI:RMS_W_RN(1.0),N_A,W,2014,2013,SOR4,0,2014-03-07,INR,312904700000
RBI:RMS_W_RN(1.0),N_A,W,2014,2013,SOR6,0,2014-03-07,INR,17716092796000
RBI:RMS_W_RN(1.0),N_A,W,2014,2013,SOR7,0,2014-03-07,INR,171683962000
RBI:RMS_W_RN(1.0),N_A,W,2014,2013,SOR7,0,2014-02-28,INR,171683962000
RBI:RMS_W_RN(1.0),N_A,W,2014,2013,SOR6,0,2014-02-28,INR,17927893230000
RBI:RMS_W_RN(1.0),N_A,W,2014,2013,SOR5,0,2014-02-28,INR,78649048000
RBI:RMS_W_RN(1.0),N_A,W,2014,2013,SOR4,0,2014-02-28,INR,360599700000
RBI:RMS_W_RN(1.0),N_A,W,2014,2013,SOR8,0,2014-02-28,INR,8937454882000
RBI:RMS_W_RN(1.0),N_A,W,2014,2013,SOR1,0,2014-02-28,INR,6796258168000
RBI:RMS_W_RN(1.0),N_A,W,2014,2013,SOR1,0,2014-02-21,INR,6589505725000
RBI:RMS_W_RN(1.0),N_A,W,2014,2013,SOR7,0,2014-02-21,INR,171683962000
RBI:RMS_W_RN(1.0),N_A,W,2014,2013,SOR6,0,2014-02-21,INR,17901974920000
RBI:RMS_W_RN(1.0),N_A,W,2014,2013,SOR8,0,2014-02-21,INR,8897667145000
RBI:RMS_W_RN(1.0),N_A,W,2014,2013,SOR5,0,2014-02-21,INR,78841048000
RBI:RMS_W_RN(1.0),N_A,W,2014,2013,SOR4,0,2014-02-21,INR,406927200000
RBI:RMS_W_RN(1.0),N_A,W,2014,2013,SOR6,0,2014-02-14,INR,17956409697000
RBI:RMS_W_RN(1.0),N_A,W,2014,2013,SOR4,0,2014-02-14,INR,459267200000
RBI:RMS_W_RN(1.0),N_A,W,2014,2013,SOR1,0,2014-02-14,INR,6600562233000
RBI:RMS_W_RN(1.0),N_A,W,2014,2013,SOR5,0,2014-02-14,INR,87851548000
RBI:RMS_W_RN(1.0),N_A,W,2014,2013,SOR8,0,2014-02-14,INR,8951749038000
RBI:RMS_W_RN(1.0),N_A,W,2014,2013,SOR7,0,2014-02-14,INR,170190720000
RBI:RMS_W_RN(1.0),N_A,W,2014,2013,SOR6,0,2014-02-07,INR,17878568944000
RBI:RMS_W_RN(1.0),N_A,W,2014,2013,SOR4,0,2014-02-07,INR,408522200000
RBI:RMS_W_RN(1.0),N_A,W,2014,2013,SOR1,0,2014-02-07,INR,6569397966000
RBI:RMS_W_RN(1.0),N_A,W,2014,2013,SOR7,0,2014-02-07,INR,170190720000
RBI:RMS_W_RN(1.0),N_A,W,2014,2013,SOR8,0,2014-02-07,INR,8871778987000
RBI:RMS_W_RN(1.0),N_A,W,2014,2013,SOR5,0,2014-02-07,INR,83270048000
RBI:RMS_W_RN(1.0),N_A,W,2014,2013,SOR1,0,2014-01-31,INR,6442726739000.001
RBI:RMS_W_RN(1.0),N_A,W,2014,2013,SOR7,0,2014-01-31,INR,170190720000
RBI:RMS_W_RN(1.0),N_A,W,2014,2013,SOR5,0,2014-01-31,INR,88976047999.99998
RBI:RMS_W_RN(1.0),N_A,W,2014,2013,SOR8,0,2014-01-31,INR,8818954626000
RBI:RMS_W_RN(1.0),N_A,W,2014,2013,SOR4,0,2014-01-31,INR,388662200000
RBI:RMS_W_RN(1.0),N_A,W,2014,2013,SOR6,0,2014-01-31,INR,17842694721000
RBI:RMS_W_RN(1.0),N_A,W,2014,2013,SOR4,0,2014-01-24,INR,300139700000
RBI:RMS_W_RN(1.0),N_A,W,2014,2013,SOR5,0,2014-01-24,INR,81264048000
RBI:RMS_W_RN(1.0),N_A,W,2014,2013,SOR1,0,2014-01-24,INR,6601429801000
RBI:RMS_W_RN(1.0),N_A,W,2014,2013,SOR8,0,2014-01-24,INR,8731924957000
RBI:RMS_W_RN(1.0),N_A,W,2014,2013,SOR7,0,2014-01-24,INR,170190720000
RBI:RMS_W_RN(1.0),N_A,W,2014,2013,SOR6,0,2014-01-24,INR,17821901166000
RBI:RMS_W_RN(1.0),N_A,W,2014,2013,SOR6,0,2014-01-17,INR,17594367357000
RBI:RMS_W_RN(1.0),N_A,W,2014,2013,SOR8,0,2014-01-17,INR,8487760925000
RBI:RMS_W_RN(1.0),N_A,W,2014,2013,SOR4,0,2014-01-17,INR,436036700000
RBI:RMS_W_RN(1.0),N_A,W,2014,2013,SOR7,0,2014-01-17,INR,168533557000
RBI:RMS_W_RN(1.0),N_A,W,2014,2013,SOR1,0,2014-01-17,INR,6487787101000
RBI:RMS_W_RN(1.0),N_A,W,2014,2013,SOR5,0,2014-01-17,INR,81739048000
RBI:RMS_W_RN(1.0),N_A,W,2014,2013,SOR6,0,2014-01-10,INR,17825179226000
RBI:RMS_W_RN(1.0),N_A,W,2014,2013,SOR1,0,2014-01-10,INR,6400909693999.999
RBI:RMS_W_RN(1.0),N_A,W,2014,2013,SOR7,0,2014-01-10,INR,168533557000
RBI:RMS_W_RN(1.0),N_A,W,2014,2013,SOR8,0,2014-01-10,INR,8692917356000
RBI:RMS_W_RN(1.0),N_A,W,2014,2013,SOR5,0,2014-01-10,INR,73196548000
RBI:RMS_W_RN(1.0),N_A,W,2014,2013,SOR4,0,2014-01-10,INR,416401700000
RBI:RMS_W_RN(1.0),N_A,W,2014,2013,SOR7,0,2014-01-03,INR,168533557000
RBI:RMS_W_RN(1.0),N_A,W,2014,2013,SOR8,0,2014-01-03,INR,8764287611999.999
RBI:RMS_W_RN(1.0),N_A,W,2014,2013,SOR1,0,2014-01-03,INR,6326481087000
RBI:RMS_W_RN(1.0),N_A,W,2014,2013,SOR4,0,2014-01-03,INR,184463700000
RBI:RMS_W_RN(1.0),N_A,W,2014,2013,SOR6,0,2014-01-03,INR,17939705947000
RBI:RMS_W_RN(1.0),N_A,W,2014,2013,SOR5,0,2014-01-03,INR,73416048000
RBI:RMS_W_RN(1.0),N_A,W,2014,2013,SOR5,0,2013-12-27,INR,73386548000
RBI:RMS_W_RN(1.0),N_A,W,2014,2013,SOR6,0,2013-12-27,INR,18015405597000
RBI:RMS_W_RN(1.0),N_A,W,2014,2013,SOR4,0,2013-12-27,INR,429293300000
RBI:RMS_W_RN(1.0),N_A,W,2014,2013,SOR1,0,2013-12-27,INR,6264934467000
RBI:RMS_W_RN(1.0),N_A,W,2014,2013,SOR8,0,2013-12-27,INR,8814678260000
RBI:RMS_W_RN(1.0),N_A,W,2014,2013,SOR7,0,2013-12-27,INR,168533557000
RBI:RMS_W_RN(1.0),N_A,W,2014,2013,SOR7,0,2013-12-20,INR,167433285000
RBI:RMS_W_RN(1.0),N_A,W,2014,2013,SOR5,0,2013-12-20,INR,61235548000
RBI:RMS_W_RN(1.0),N_A,W,2014,2013,SOR4,0,2013-12-20,INR,353383300000
RBI:RMS_W_RN(1.0),N_A,W,2014,2013,SOR8,0,2013-12-20,INR,8844892985000
RBI:RMS_W_RN(1.0),N_A,W,2014,2013,SOR6,0,2013-12-20,INR,18054385379000
RBI:RMS_W_RN(1.0),N_A,W,2014,2013,SOR1,0,2013-12-20,INR,6301013158000
RBI:RMS_W_RN(1.0),N_A,W,2014,2013,SOR4,0,2013-12-13,INR,184279300000
RBI:RMS_W_RN(1.0),N_A,W,2014,2013,SOR8,0,2013-12-13,INR,8764361503000
RBI:RMS_W_RN(1.0),N_A,W,2014,2013,SOR7,0,2013-12-13,INR,167433285000
RBI:RMS_W_RN(1.0),N_A,W,2014,2013,SOR5,0,2013-12-13,INR,54443048000
RBI:RMS_W_RN(1.0),N_A,W,2014,2013,SOR1,0,2013-12-13,INR,6761523059000
RBI:RMS_W_RN(1.0),N_A,W,2014,2013,SOR6,0,2013-12-13,INR,18029166123000
RBI:RMS_W_RN(1.0),N_A,W,2014,2013,SOR5,0,2013-12-06,INR,29098048000
RBI:RMS_W_RN(1.0),N_A,W,2014,2013,SOR8,0,2013-12-06,INR,8626340756000
RBI:RMS_W_RN(1.0),N_A,W,2014,2013,SOR7,0,2013-12-06,INR,167433285000
RBI:RMS_W_RN(1.0),N_A,W,2014,2013,SOR6,0,2013-12-06,INR,17917163135000
RBI:RMS_W_RN(1.0),N_A,W,2014,2013,SOR4,0,2013-12-06,INR,112306700000
RBI:RMS_W_RN(1.0),N_A,W,2014,2013,SOR1,0,2013-12-06,INR,6530477987000
RBI:RMS_W_RN(1.0),N_A,W,2014,2013,SOR5,0,2013-11-29,INR,38868046000
RBI:RMS_W_RN(1.0),N_A,W,2014,2013,SOR7,0,2013-11-29,INR,167433285000
RBI:RMS_W_RN(1.0),N_A,W,2014,2013,SOR8,0,2013-11-29,INR,8836068926000
RBI:RMS_W_RN(1.0),N_A,W,2014,2013,SOR4,0,2013-11-29,INR,392835199999.99994
RBI:RMS_W_RN(1.0),N_A,W,2014,2013,SOR6,0,2013-11-29,INR,17818220052000
RBI:RMS_W_RN(1.0),N_A,W,2014,2013,SOR1,0,2013-11-29,INR,6583859775000
RBI:RMS_W_RN(1.0),N_A,W,2014,2013,SOR1,0,2013-11-22,INR,6776747670000
RBI:RMS_W_RN(1.0),N_A,W,2014,2013,SOR6,0,2013-11-22,INR,17665054047000
RBI:RMS_W_RN(1.0),N_A,W,2014,2013,SOR7,0,2013-11-22,INR,165558638000
RBI:RMS_W_RN(1.0),N_A,W,2014,2013,SOR8,0,2013-11-22,INR,8994533314000
RBI:RMS_W_RN(1.0),N_A,W,2014,2013,SOR5,0,2013-11-22,INR,37088048000
RBI:RMS_W_RN(1.0),N_A,W,2014,2013,SOR4,0,2013-11-22,INR,429284900000
RBI:RMS_W_RN(1.0),N_A,W,2014,2013,SOR7,0,2013-11-15,INR,165558638000
RBI:RMS_W_RN(1.0),N_A,W,2014,2013,SOR1,0,2013-11-15,INR,7076880434000
RBI:RMS_W_RN(1.0),N_A,W,2014,2013,SOR8,0,2013-11-15,INR,9017430274000
RBI:RMS_W_RN(1.0),N_A,W,2014,2013,SOR5,0,2013-11-15,INR,38203048000
RBI:RMS_W_RN(1.0),N_A,W,2014,2013,SOR4,0,2013-11-15,INR,409647900000
RBI:RMS_W_RN(1.0),N_A,W,2014,2013,SOR6,0,2013-11-15,INR,17501574153000
RBI:RMS_W_RN(1.0),N_A,W,2014,2013,SOR6,0,2013-11-08,INR,17324138989000
RBI:RMS_W_RN(1.0),N_A,W,2014,2013,SOR4,0,2013-11-08,INR,444481100000
RBI:RMS_W_RN(1.0),N_A,W,2014,2013,SOR5,0,2013-11-08,INR,37728048000
RBI:RMS_W_RN(1.0),N_A,W,2014,2013,SOR7,0,2013-11-08,INR,165558638000
RBI:RMS_W_RN(1.0),N_A,W,2014,2013,SOR8,0,2013-11-08,INR,8866948966000
RBI:RMS_W_RN(1.0),N_A,W,2014,2013,SOR1,0,2013-11-08,INR,7075111343000
RBI:RMS_W_RN(1.0),N_A,W,2014,2013,SOR5,0,2013-11-01,INR,38203048000
RBI:RMS_W_RN(1.0),N_A,W,2014,2013,SOR1,0,2013-11-01,INR,7088086873000
RBI:RMS_W_RN(1.0),N_A,W,2014,2013,SOR8,0,2013-11-01,INR,8653566135000
RBI:RMS_W_RN(1.0),N_A,W,2014,2013,SOR7,0,2013-11-01,INR,165558638000
RBI:RMS_W_RN(1.0),N_A,W,2014,2013,SOR6,0,2013-11-01,INR,17061595879000
RBI:RMS_W_RN(1.0),N_A,W,2014,2013,SOR4,0,2013-11-01,INR,415805300000
RBI:RMS_W_RN(1.0),N_A,W,2014,2013,SOR7,0,2013-10-25,INR,165558638000
RBI:RMS_W_RN(1.0),N_A,W,2014,2013,SOR6,0,2013-10-25,INR,17108310794000
RBI:RMS_W_RN(1.0),N_A,W,2014,2013,SOR5,0,2013-10-25,INR,38203048000
RBI:RMS_W_RN(1.0),N_A,W,2014,2013,SOR1,0,2013-10-25,INR,6804164132000
RBI:RMS_W_RN(1.0),N_A,W,2014,2013,SOR4,0,2013-10-25,INR,446675800000
RBI:RMS_W_RN(1.0),N_A,W,2014,2013,SOR8,0,2013-10-25,INR,8817526751000
RBI:RMS_W_RN(1.0),N_A,W,2014,2013,SOR5,0,2013-10-18,INR,38133048000
RBI:RMS_W_RN(1.0),N_A,W,2014,2013,SOR1,0,2013-10-18,INR,6971670783000.001
RBI:RMS_W_RN(1.0),N_A,W,2014,2013,SOR6,0,2013-10-18,INR,16908401811000
RBI:RMS_W_RN(1.0),N_A,W,2014,2013,SOR4,0,2013-10-18,INR,419021300000
RBI:RMS_W_RN(1.0),N_A,W,2014,2013,SOR8,0,2013-10-18,INR,8704855480000
RBI:RMS_W_RN(1.0),N_A,W,2014,2013,SOR7,0,2013-10-18,INR,165558638000
RBI:RMS_W_RN(1.0),N_A,W,2014,2013,SOR5,0,2013-10-11,INR,38523048000
RBI:RMS_W_RN(1.0),N_A,W,2014,2013,SOR8,0,2013-10-11,INR,8549558968000
RBI:RMS_W_RN(1.0),N_A,W,2014,2013,SOR4,0,2013-10-11,INR,427628800000
RBI:RMS_W_RN(1.0),N_A,W,2014,2013,SOR7,0,2013-10-11,INR,163847563000
RBI:RMS_W_RN(1.0),N_A,W,2014,2013,SOR1,0,2013-10-11,INR,6806137450000
RBI:RMS_W_RN(1.0),N_A,W,2014,2013,SOR6,0,2013-10-11,INR,16765444465000
RBI:RMS_W_RN(1.0),N_A,W,2014,2013,SOR6,0,2013-10-04,INR,16734106882000
RBI:RMS_W_RN(1.0),N_A,W,2014,2013,SOR8,0,2013-10-04,INR,8569429359000
RBI:RMS_W_RN(1.0),N_A,W,2014,2013,SOR7,0,2013-10-04,INR,163847563000
RBI:RMS_W_RN(1.0),N_A,W,2014,2013,SOR4,0,2013-10-04,INR,414416300000
RBI:RMS_W_RN(1.0),N_A,W,2014,2013,SOR1,0,2013-10-04,INR,6637103219000
RBI:RMS_W_RN(1.0),N_A,W,2014,2013,SOR5,0,2013-10-04,INR,37706148000
RBI:RMS_W_RN(1.0),N_A,W,2014,2013,SOR1,0,2013-09-27,INR,6868222029000
RBI:RMS_W_RN(1.0),N_A,W,2014,2013,SOR8,0,2013-09-27,INR,8780734108000
RBI:RMS_W_RN(1.0),N_A,W,2014,2013,SOR4,0,2013-09-27,INR,413901000000
RBI:RMS_W_RN(1.0),N_A,W,2014,2013,SOR5,0,2013-09-27,INR,36911748000
RBI:RMS_W_RN(1.0),N_A,W,2014,2013,SOR6,0,2013-09-27,INR,16829074853000
RBI:RMS_W_RN(1.0),N_A,W,2014,2013,SOR7,0,2013-09-27,INR,163847563000
RBI:RMS_W_RN(1.0),N_A,W,2014,2013,SOR5,0,2013-09-20,INR,37795248000
RBI:RMS_W_RN(1.0),N_A,W,2014,2013,SOR6,0,2013-09-20,INR,17022628215000
RBI:RMS_W_RN(1.0),N_A,W,2014,2013,SOR8,0,2013-09-20,INR,8854964437000
RBI:RMS_W_RN(1.0),N_A,W,2014,2013,SOR4,0,2013-09-20,INR,423872000000
RBI:RMS_W_RN(1.0),N_A,W,2014,2013,SOR1,0,2013-09-20,INR,6798127335000
RBI:RMS_W_RN(1.0),N_A,W,2014,2013,SOR7,0,2013-09-20,INR,163847563000
RBI:RMS_W_RN(1.0),N_A,W,2014,2013,SOR8,0,2013-09-13,INR,9137565063000
RBI:RMS_W_RN(1.0),N_A,W,2014,2013,SOR1,0,2013-09-13,INR,7242297476999.999
RBI:RMS_W_RN(1.0),N_A,W,2014,2013,SOR5,0,2013-09-13,INR,37795248000
RBI:RMS_W_RN(1.0),N_A,W,2014,2013,SOR7,0,2013-09-13,INR,162284481000
RBI:RMS_W_RN(1.0),N_A,W,2014,2013,SOR4,0,2013-09-13,INR,429613500000
RBI:RMS_W_RN(1.0),N_A,W,2014,2013,SOR6,0,2013-09-13,INR,17283433806000
RBI:RMS_W_RN(1.0),N_A,W,2014,2013,SOR1,0,2013-09-06,INR,6856382722000
RBI:RMS_W_RN(1.0),N_A,W,2014,2013,SOR8,0,2013-09-06,INR,9546788638000
RBI:RMS_W_RN(1.0),N_A,W,2014,2013,SOR5,0,2013-09-06,INR,37795248000
RBI:RMS_W_RN(1.0),N_A,W,2014,2013,SOR6,0,2013-09-06,INR,17789256198000
RBI:RMS_W_RN(1.0),N_A,W,2014,2013,SOR7,0,2013-09-06,INR,162284481000
RBI:RMS_W_RN(1.0),N_A,W,2014,2013,SOR4,0,2013-09-06,INR,366395600000
RBI:RMS_W_RN(1.0),N_A,W,2014,2013,SOR8,0,2013-08-30,INR,9542553235000
RBI:RMS_W_RN(1.0),N_A,W,2014,2013,SOR1,0,2013-08-30,INR,6645437189269.999
RBI:RMS_W_RN(1.0),N_A,W,2014,2013,SOR5,0,2013-08-30,INR,38270248000
RBI:RMS_W_RN(1.0),N_A,W,2014,2013,SOR4,0,2013-08-30,INR,435624400000
RBI:RMS_W_RN(1.0),N_A,W,2014,2013,SOR7,0,2013-08-30,INR,162284481000
RBI:RMS_W_RN(1.0),N_A,W,2014,2013,SOR6,0,2013-08-30,INR,17806791301340
RBI:RMS_W_RN(1.0),N_A,W,2014,2013,SOR1,0,2013-08-23,INR,6577063468590
RBI:RMS_W_RN(1.0),N_A,W,2014,2013,SOR7,0,2013-08-23,INR,162284481000
RBI:RMS_W_RN(1.0),N_A,W,2014,2013,SOR4,0,2013-08-23,INR,418279100000.00006
RBI:RMS_W_RN(1.0),N_A,W,2014,2013,SOR6,0,2013-08-23,INR,17537715014110
RBI:RMS_W_RN(1.0),N_A,W,2014,2013,SOR8,0,2013-08-23,INR,9162294572000
RBI:RMS_W_RN(1.0),N_A,W,2014,2013,SOR5,0,2013-08-23,INR,38270248000
RBI:RMS_W_RN(1.0),N_A,W,2014,2013,SOR6,0,2013-08-16,INR,16883151961570
RBI:RMS_W_RN(1.0),N_A,W,2014,2013,SOR1,0,2013-08-16,INR,6624484796220
RBI:RMS_W_RN(1.0),N_A,W,2014,2013,SOR4,0,2013-08-16,INR,409240100000
RBI:RMS_W_RN(1.0),N_A,W,2014,2013,SOR8,0,2013-08-16,INR,8427421239000
RBI:RMS_W_RN(1.0),N_A,W,2014,2013,SOR7,0,2013-08-16,INR,160391781000
RBI:RMS_W_RN(1.0),N_A,W,2014,2013,SOR5,0,2013-08-16,INR,37815248000
RBI:RMS_W_RN(1.0),N_A,W,2014,2013,SOR1,0,2013-08-09,INR,6549064933760
RBI:RMS_W_RN(1.0),N_A,W,2014,2013,SOR7,0,2013-08-09,INR,160391781000
RBI:RMS_W_RN(1.0),N_A,W,2014,2013,SOR5,0,2013-08-09,INR,36048248000
RBI:RMS_W_RN(1.0),N_A,W,2014,2013,SOR4,0,2013-08-09,INR,381911700000
RBI:RMS_W_RN(1.0),N_A,W,2014,2013,SOR8,0,2013-08-09,INR,8219832528000
RBI:RMS_W_RN(1.0),N_A,W,2014,2013,SOR6,0,2013-08-09,INR,16692320025760
RBI:RMS_W_RN(1.0),N_A,W,2014,2013,SOR7,0,2013-08-02,INR,160391781000
RBI:RMS_W_RN(1.0),N_A,W,2014,2013,SOR4,0,2013-08-02,INR,368966100000
RBI:RMS_W_RN(1.0),N_A,W,2014,2013,SOR1,0,2013-08-02,INR,6716811313780
RBI:RMS_W_RN(1.0),N_A,W,2014,2013,SOR6,0,2013-08-02,INR,16525380677480
RBI:RMS_W_RN(1.0),N_A,W,2014,2013,SOR8,0,2013-08-02,INR,8340130803000
RBI:RMS_W_RN(1.0),N_A,W,2014,2013,SOR5,0,2013-08-02,INR,35098248000
RBI:RMS_W_RN(1.0),N_A,W,2014,2013,SOR5,0,2013-07-26,INR,35098248000
RBI:RMS_W_RN(1.0),N_A,W,2014,2013,SOR7,0,2013-07-26,INR,160391781000
RBI:RMS_W_RN(1.0),N_A,W,2014,2013,SOR1,0,2013-07-26,INR,6700955676080
RBI:RMS_W_RN(1.0),N_A,W,2014,2013,SOR6,0,2013-07-26,INR,16197093288749.998
RBI:RMS_W_RN(1.0),N_A,W,2014,2013,SOR4,0,2013-07-26,INR,346253100000
RBI:RMS_W_RN(1.0),N_A,W,2014,2013,SOR8,0,2013-07-26,INR,8026382493000
RBI:RMS_W_RN(1.0),N_A,W,2014,2013,SOR5,0,2013-07-19,INR,30465648000
RBI:RMS_W_RN(1.0),N_A,W,2014,2013,SOR4,0,2013-07-19,INR,254625400000
RBI:RMS_W_RN(1.0),N_A,W,2014,2013,SOR8,0,2013-07-19,INR,8180768337000
RBI:RMS_W_RN(1.0),N_A,W,2014,2013,SOR7,0,2013-07-19,INR,158858272000
RBI:RMS_W_RN(1.0),N_A,W,2014,2013,SOR6,0,2013-07-19,INR,16365506189870
RBI:RMS_W_RN(1.0),N_A,W,2014,2013,SOR1,0,2013-07-19,INR,6696480224180
RBI:RMS_W_RN(1.0),N_A,W,2014,2013,SOR1,0,2013-07-12,INR,6857119198270
RBI:RMS_W_RN(1.0),N_A,W,2014,2013,SOR4,0,2013-07-12,INR,212562400000.00003
RBI:RMS_W_RN(1.0),N_A,W,2014,2013,SOR8,0,2013-07-12,INR,8116130125000
RBI:RMS_W_RN(1.0),N_A,W,2014,2013,SOR7,0,2013-07-12,INR,158858272000
RBI:RMS_W_RN(1.0),N_A,W,2014,2013,SOR5,0,2013-07-12,INR,14549748000
RBI:RMS_W_RN(1.0),N_A,W,2014,2013,SOR6,0,2013-07-12,INR,16450839459000
RBI:RMS_W_RN(1.0),N_A,W,2014,2013,SOR1,0,2013-07-05,INR,6417299666479.999
RBI:RMS_W_RN(1.0),N_A,W,2014,2013,SOR6,0,2013-07-05,INR,16561065841090
RBI:RMS_W_RN(1.0),N_A,W,2014,2013,SOR8,0,2013-07-05,INR,8093967446000
RBI:RMS_W_RN(1.0),N_A,W,2014,2013,SOR5,0,2013-07-05,INR,14549748000
RBI:RMS_W_RN(1.0),N_A,W,2014,2013,SOR4,0,2013-07-05,INR,164932400000.00003
RBI:RMS_W_RN(1.0),N_A,W,2014,2013,SOR7,0,2013-07-05,INR,158858272000
RBI:RMS_W_RN(1.0),N_A,W,2014,2013,SOR6,0,2013-06-28,INR,16591829072620
RBI:RMS_W_RN(1.0),N_A,W,2014,2013,SOR8,0,2013-06-28,INR,8112869653000
RBI:RMS_W_RN(1.0),N_A,W,2014,2013,SOR5,0,2013-06-28,INR,21236648000
RBI:RMS_W_RN(1.0),N_A,W,2014,2013,SOR7,0,2013-06-28,INR,158858272000
RBI:RMS_W_RN(1.0),N_A,W,2014,2013,SOR1,0,2013-06-28,INR,6784587622920
RBI:RMS_W_RN(1.0),N_A,W,2014,2013,SOR4,0,2013-06-28,INR,222890300000
RBI:RMS_W_RN(1.0),N_A,W,2014,2013,SOR5,0,2013-06-21,INR,21262997999.999996
RBI:RMS_W_RN(1.0),N_A,W,2014,2013,SOR1,0,2013-06-21,INR,6551866000230
RBI:RMS_W_RN(1.0),N_A,W,2014,2013,SOR4,0,2013-06-21,INR,185407300000
RBI:RMS_W_RN(1.0),N_A,W,2014,2013,SOR6,0,2013-06-21,INR,16689625208099.998
RBI:RMS_W_RN(1.0),N_A,W,2014,2013,SOR8,0,2013-06-21,INR,8093133235000.001
RBI:RMS_W_RN(1.0),N_A,W,2014,2013,SOR7,0,2013-06-21,INR,157179781000
RBI:RMS_W_RN(1.0),N_A,W,2014,2013,SOR6,0,2013-06-14,INR,16425268425220
RBI:RMS_W_RN(1.0),N_A,W,2014,2013,SOR1,0,2013-06-14,INR,6882987469640.001
RBI:RMS_W_RN(1.0),N_A,W,2014,2013,SOR5,0,2013-06-14,INR,21262997999.999996
RBI:RMS_W_RN(1.0),N_A,W,2014,2013,SOR7,0,2013-06-14,INR,157179781000
RBI:RMS_W_RN(1.0),N_A,W,2014,2013,SOR8,0,2013-06-14,INR,7843280148999.999
RBI:RMS_W_RN(1.0),N_A,W,2014,2013,SOR4,0,2013-06-14,INR,188077300000
RBI:RMS_W_RN(1.0),N_A,W,2014,2013,SOR5,0,2013-06-07,INR,21502997999.999996
RBI:RMS_W_RN(1.0),N_A,W,2014,2013,SOR7,0,2013-06-07,INR,157179781000
RBI:RMS_W_RN(1.0),N_A,W,2014,2013,SOR1,0,2013-06-07,INR,6380088242260
RBI:RMS_W_RN(1.0),N_A,W,2014,2013,SOR6,0,2013-06-07,INR,16109532894080
RBI:RMS_W_RN(1.0),N_A,W,2014,2013,SOR8,0,2013-06-07,INR,7510296318000
RBI:RMS_W_RN(1.0),N_A,W,2014,2013,SOR4,0,2013-06-07,INR,301520400000
RBI:RMS_W_RN(1.0),N_A,W,2014,2013,SOR6,0,2013-05-31,INR,15949535762759.998
RBI:RMS_W_RN(1.0),N_A,W,2014,2013,SOR1,0,2013-05-31,INR,6456125138980
RBI:RMS_W_RN(1.0),N_A,W,2014,2013,SOR7,0,2013-05-31,INR,157179781000
RBI:RMS_W_RN(1.0),N_A,W,2014,2013,SOR5,0,2013-05-31,INR,24077997999.999996
RBI:RMS_W_RN(1.0),N_A,W,2014,2013,SOR8,0,2013-05-31,INR,7348862112000
RBI:RMS_W_RN(1.0),N_A,W,2014,2013,SOR4,0,2013-05-31,INR,164219600000
RBI:RMS_W_RN(1.0),N_A,W,2014,2013,SOR4,0,2013-05-24,INR,266663600000
RBI:RMS_W_RN(1.0),N_A,W,2014,2013,SOR5,0,2013-05-24,INR,20627997999.999996
RBI:RMS_W_RN(1.0),N_A,W,2014,2013,SOR1,0,2013-05-24,INR,6320404739170
RBI:RMS_W_RN(1.0),N_A,W,2014,2013,SOR8,0,2013-05-24,INR,7177849478000
RBI:RMS_W_RN(1.0),N_A,W,2014,2013,SOR7,0,2013-05-24,INR,154974414000
RBI:RMS_W_RN(1.0),N_A,W,2014,2013,SOR6,0,2013-05-24,INR,15898869736770
RBI:RMS_W_RN(1.0),N_A,W,2014,2013,SOR8,0,2013-05-17,INR,7004275442000
RBI:RMS_W_RN(1.0),N_A,W,2014,2013,SOR6,0,2013-05-17,INR,15704466684240
RBI:RMS_W_RN(1.0),N_A,W,2014,2013,SOR7,0,2013-05-17,INR,154974414000
RBI:RMS_W_RN(1.0),N_A,W,2014,2013,SOR1,0,2013-05-17,INR,6739623968249.999
RBI:RMS_W_RN(1.0),N_A,W,2014,2013,SOR5,0,2013-05-17,INR,19877498000
RBI:RMS_W_RN(1.0),N_A,W,2014,2013,SOR4,0,2013-05-17,INR,201080099999.99997
RBI:RMS_W_RN(1.0),N_A,W,2014,2013,SOR7,0,2013-05-10,INR,154974414000
RBI:RMS_W_RN(1.0),N_A,W,2014,2013,SOR8,0,2013-05-10,INR,6997235557000
RBI:RMS_W_RN(1.0),N_A,W,2014,2013,SOR4,0,2013-05-10,INR,214960600000
RBI:RMS_W_RN(1.0),N_A,W,2014,2013,SOR1,0,2013-05-10,INR,6485316009370
RBI:RMS_W_RN(1.0),N_A,W,2014,2013,SOR6,0,2013-05-10,INR,15705918953870
RBI:RMS_W_RN(1.0),N_A,W,2014,2013,SOR5,0,2013-05-10,INR,19877498000
RBI:RMS_W_RN(1.0),N_A,W,2014,2013,SOR6,0,2013-05-03,INR,15580667446090
RBI:RMS_W_RN(1.0),N_A,W,2014,2013,SOR1,0,2013-05-03,INR,6267678858210
RBI:RMS_W_RN(1.0),N_A,W,2014,2013,SOR7,0,2013-05-03,INR,154974414000
RBI:RMS_W_RN(1.0),N_A,W,2014,2013,SOR5,0,2013-05-03,INR,14751098000
RBI:RMS_W_RN(1.0),N_A,W,2014,2013,SOR8,0,2013-05-03,INR,6917863798000
RBI:RMS_W_RN(1.0),N_A,W,2014,2013,SOR4,0,2013-05-03,INR,286010600000
RBI:RMS_W_RN(1.0),N_A,W,2014,2013,SOR8,0,2013-04-26,INR,7024597021000
RBI:RMS_W_RN(1.0),N_A,W,2014,2013,SOR5,0,2013-04-26,INR,17980298000
RBI:RMS_W_RN(1.0),N_A,W,2014,2013,SOR6,0,2013-04-26,INR,15789191394580
RBI:RMS_W_RN(1.0),N_A,W,2014,2013,SOR1,0,2013-04-26,INR,6334189389260
RBI:RMS_W_RN(1.0),N_A,W,2014,2013,SOR7,0,2013-04-26,INR,154974414000
RBI:RMS_W_RN(1.0),N_A,W,2014,2013,SOR4,0,2013-04-26,INR,303852441000
RBI:RMS_W_RN(1.0),N_A,W,2014,2013,SOR7,0,2013-04-19,INR,154974414000
RBI:RMS_W_RN(1.0),N_A,W,2014,2013,SOR1,0,2013-04-19,INR,6440052452510
RBI:RMS_W_RN(1.0),N_A,W,2014,2013,SOR6,0,2013-04-19,INR,15631948786880
RBI:RMS_W_RN(1.0),N_A,W,2014,2013,SOR5,0,2013-04-19,INR,21205297999.999996
RBI:RMS_W_RN(1.0),N_A,W,2014,2013,SOR8,0,2013-04-19,INR,6888808848000
RBI:RMS_W_RN(1.0),N_A,W,2014,2013,SOR4,0,2013-04-19,INR,194829141000.00003
RBI:RMS_W_RN(1.0),N_A,W,2014,2013,SOR6,0,2013-04-12,INR,15767269439360.002
RBI:RMS_W_RN(1.0),N_A,W,2014,2013,SOR4,0,2013-04-12,INR,258600400000
RBI:RMS_W_RN(1.0),N_A,W,2014,2013,SOR1,0,2013-04-12,INR,6300138582669.999
RBI:RMS_W_RN(1.0),N_A,W,2014,2013,SOR8,0,2013-04-12,INR,7052235441000.001
RBI:RMS_W_RN(1.0),N_A,W,2014,2013,SOR7,0,2013-04-12,INR,153399183000
RBI:RMS_W_RN(1.0),N_A,W,2014,2013,SOR5,0,2013-04-12,INR,21205297999.999996
RBI:RMS_W_RN(1.0),N_A,W,2014,2013,SOR4,0,2013-04-05,INR,227870400000
RBI:RMS_W_RN(1.0),N_A,W,2014,2013,SOR5,0,2013-04-05,INR,21680297999.999996
RBI:RMS_W_RN(1.0),N_A,W,2014,2013,SOR8,0,2013-04-05,INR,7085767311000
RBI:RMS_W_RN(1.0),N_A,W,2014,2013,SOR1,0,2013-04-05,INR,5578190325160
RBI:RMS_W_RN(1.0),N_A,W,2014,2013,SOR6,0,2013-04-05,INR,15806688615640
RBI:RMS_W_RN(1.0),N_A,W,2014,2013,SOR7,0,2013-04-05,INR,153399183000
RBI:RMS_W_RN(1.0),N_A,W,2013,2012,SOR7,0,2013-03-31,INR,153399183000
RBI:RMS_W_RN(1.0),N_A,W,2013,2012,SOR6,0,2013-03-31,INR,15580594696000
RBI:RMS_W_RN(1.0),N_A,W,2013,2012,SOR4,0,2013-03-31,INR,403537900000
RBI:RMS_W_RN(1.0),N_A,W,2013,2012,SOR8,0,2013-03-31,INR,6925024313000.001
RBI:RMS_W_RN(1.0),N_A,W,2013,2012,SOR5,0,2013-03-31,INR,30581298000
RBI:RMS_W_RN(1.0),N_A,W,2013,2012,SOR1,0,2013-03-31,INR,5905775167000
RBI:RMS_W_RN(1.0),N_A,W,2013,2012,SOR7,0,2013-03-29,INR,153399183000
RBI:RMS_W_RN(1.0),N_A,W,2013,2012,SOR4,0,2013-03-29,INR,420077900000
RBI:RMS_W_RN(1.0),N_A,W,2013,2012,SOR6,0,2013-03-29,INR,15597057395700
RBI:RMS_W_RN(1.0),N_A,W,2013,2012,SOR8,0,2013-03-29,INR,6986338209000.001
RBI:RMS_W_RN(1.0),N_A,W,2013,2012,SOR5,0,2013-03-29,INR,30581298000
RBI:RMS_W_RN(1.0),N_A,W,2013,2012,SOR1,0,2013-03-29,INR,6367460540379.999
RBI:RMS_W_RN(1.0),N_A,W,2013,2012,SOR7,0,2013-03-22,INR,153399183000
RBI:RMS_W_RN(1.0),N_A,W,2013,2012,SOR4,0,2013-03-22,INR,217211600000
RBI:RMS_W_RN(1.0),N_A,W,2013,2012,SOR8,0,2013-03-22,INR,6976832892999.999
RBI:RMS_W_RN(1.0),N_A,W,2013,2012,SOR5,0,2013-03-22,INR,28443798000
RBI:RMS_W_RN(1.0),N_A,W,2013,2012,SOR1,0,2013-03-22,INR,5854210845430
RBI:RMS_W_RN(1.0),N_A,W,2013,2012,SOR6,0,2013-03-22,INR,15613792701920
RBI:RMS_W_RN(1.0),N_A,W,2013,2012,SOR7,0,2013-03-15,INR,151313975000
RBI:RMS_W_RN(1.0),N_A,W,2013,2012,SOR5,0,2013-03-15,INR,25736398000
RBI:RMS_W_RN(1.0),N_A,W,2013,2012,SOR4,0,2013-03-15,INR,175658800000
RBI:RMS_W_RN(1.0),N_A,W,2013,2012,SOR8,0,2013-03-15,INR,6879517541000
RBI:RMS_W_RN(1.0),N_A,W,2013,2012,SOR6,0,2013-03-15,INR,15510680977360
RBI:RMS_W_RN(1.0),N_A,W,2013,2012,SOR1,0,2013-03-15,INR,6194131082720
RBI:RMS_W_RN(1.0),N_A,W,2013,2012,SOR4,0,2013-03-08,INR,177028800000
RBI:RMS_W_RN(1.0),N_A,W,2013,2012,SOR5,0,2013-03-08,INR,20647898000
RBI:RMS_W_RN(1.0),N_A,W,2013,2012,SOR1,0,2013-03-08,INR,5795707082160
RBI:RMS_W_RN(1.0),N_A,W,2013,2012,SOR6,0,2013-03-08,INR,15466689283360
RBI:RMS_W_RN(1.0),N_A,W,2013,2012,SOR8,0,2013-03-08,INR,6850784154000.001
RBI:RMS_W_RN(1.0),N_A,W,2013,2012,SOR7,0,2013-03-08,INR,151313975000
RBI:RMS_W_RN(1.0),N_A,W,2013,2012,SOR5,0,2013-03-01,INR,20647898000
RBI:RMS_W_RN(1.0),N_A,W,2013,2012,SOR8,0,2013-03-01,INR,6878785490000
RBI:RMS_W_RN(1.0),N_A,W,2013,2012,SOR6,0,2013-03-01,INR,15490409356809.998
RBI:RMS_W_RN(1.0),N_A,W,2013,2012,SOR1,0,2013-03-01,INR,5835551485260
RBI:RMS_W_RN(1.0),N_A,W,2013,2012,SOR4,0,2013-03-01,INR,207600900000
RBI:RMS_W_RN(1.0),N_A,W,2013,2012,SOR7,0,2013-03-01,INR,151313975000
RBI:RMS_W_RN(1.0),N_A,W,2013,2012,SOR5,0,2013-02-22,INR,19281298000
RBI:RMS_W_RN(1.0),N_A,W,2013,2012,SOR6,0,2013-02-22,INR,15533760901840
RBI:RMS_W_RN(1.0),N_A,W,2013,2012,SOR4,0,2013-02-22,INR,254991200000
RBI:RMS_W_RN(1.0),N_A,W,2013,2012,SOR8,0,2013-02-22,INR,6958223932000.001
RBI:RMS_W_RN(1.0),N_A,W,2013,2012,SOR1,0,2013-02-22,INR,5930796201300.001
RBI:RMS_W_RN(1.0),N_A,W,2013,2012,SOR7,0,2013-02-22,INR,151313975000
RBI:RMS_W_RN(1.0),N_A,W,2013,2012,SOR6,0,2013-02-15,INR,15504222256710
RBI:RMS_W_RN(1.0),N_A,W,2013,2012,SOR7,0,2013-02-15,INR,149923398000
RBI:RMS_W_RN(1.0),N_A,W,2013,2012,SOR8,0,2013-02-15,INR,6903998697000
RBI:RMS_W_RN(1.0),N_A,W,2013,2012,SOR5,0,2013-02-15,INR,19281298000
RBI:RMS_W_RN(1.0),N_A,W,2013,2012,SOR1,0,2013-02-15,INR,5813706040190
RBI:RMS_W_RN(1.0),N_A,W,2013,2012,SOR4,0,2013-02-15,INR,247550600000
RBI:RMS_W_RN(1.0),N_A,W,2013,2012,SOR6,0,2013-02-08,INR,15448330194820
RBI:RMS_W_RN(1.0),N_A,W,2013,2012,SOR5,0,2013-02-08,INR,19281298000
RBI:RMS_W_RN(1.0),N_A,W,2013,2012,SOR7,0,2013-02-08,INR,149923398000
RBI:RMS_W_RN(1.0),N_A,W,2013,2012,SOR8,0,2013-02-08,INR,6829148933999.999
RBI:RMS_W_RN(1.0),N_A,W,2013,2012,SOR4,0,2013-02-08,INR,178294500000
RBI:RMS_W_RN(1.0),N_A,W,2013,2012,SOR1,0,2013-02-08,INR,5759383291680
RBI:RMS_W_RN(1.0),N_A,W,2013,2012,SOR4,0,2013-02-01,INR,227005099999.99997
RBI:RMS_W_RN(1.0),N_A,W,2013,2012,SOR5,0,2013-02-01,INR,16526298000
RBI:RMS_W_RN(1.0),N_A,W,2013,2012,SOR7,0,2013-02-01,INR,149923398000
RBI:RMS_W_RN(1.0),N_A,W,2013,2012,SOR8,0,2013-02-01,INR,6804155875000
RBI:RMS_W_RN(1.0),N_A,W,2013,2012,SOR6,0,2013-02-01,INR,15414109630370
RBI:RMS_W_RN(1.0),N_A,W,2013,2012,SOR1,0,2013-02-01,INR,5943071940650
RBI:RMS_W_RN(1.0),N_A,W,2013,2012,SOR4,0,2013-01-25,INR,247967700000
RBI:RMS_W_RN(1.0),N_A,W,2013,2012,SOR6,0,2013-01-25,INR,15626751770650
RBI:RMS_W_RN(1.0),N_A,W,2013,2012,SOR7,0,2013-01-25,INR,149923398000
RBI:RMS_W_RN(1.0),N_A,W,2013,2012,SOR8,0,2013-01-25,INR,7012715544000
RBI:RMS_W_RN(1.0),N_A,W,2013,2012,SOR5,0,2013-01-25,INR,30595598000
RBI:RMS_W_RN(1.0),N_A,W,2013,2012,SOR1,0,2013-01-25,INR,5851228922320
RBI:RMS_W_RN(1.0),N_A,W,2013,2012,SOR6,0,2013-01-18,INR,15647414695120
RBI:RMS_W_RN(1.0),N_A,W,2013,2012,SOR7,0,2013-01-18,INR,148452640000
RBI:RMS_W_RN(1.0),N_A,W,2013,2012,SOR8,0,2013-01-18,INR,7022273652000
RBI:RMS_W_RN(1.0),N_A,W,2013,2012,SOR5,0,2013-01-18,INR,34750598000
RBI:RMS_W_RN(1.0),N_A,W,2013,2012,SOR1,0,2013-01-18,INR,5742720705770
RBI:RMS_W_RN(1.0),N_A,W,2013,2012,SOR4,0,2013-01-18,INR,245108400000
RBI:RMS_W_RN(1.0),N_A,W,2013,2012,SOR1,0,2013-01-11,INR,5678150241880
RBI:RMS_W_RN(1.0),N_A,W,2013,2012,SOR6,0,2013-01-11,INR,15838133786869.998
RBI:RMS_W_RN(1.0),N_A,W,2013,2012,SOR4,0,2013-01-11,INR,218118400000
RBI:RMS_W_RN(1.0),N_A,W,2013,2012,SOR7,0,2013-01-11,INR,148452640000
RBI:RMS_W_RN(1.0),N_A,W,2013,2012,SOR5,0,2013-01-11,INR,41442497999.99999
RBI:RMS_W_RN(1.0),N_A,W,2013,2012,SOR8,0,2013-01-11,INR,7203072134000
RBI:RMS_W_RN(1.0),N_A,W,2013,2012,SOR8,0,2013-01-04,INR,7195307598000
RBI:RMS_W_RN(1.0),N_A,W,2013,2012,SOR1,0,2013-01-04,INR,5376303456999.999
RBI:RMS_W_RN(1.0),N_A,W,2013,2012,SOR5,0,2013-01-04,INR,41442497999.99999
RBI:RMS_W_RN(1.0),N_A,W,2013,2012,SOR7,0,2013-01-04,INR,148452640000
RBI:RMS_W_RN(1.0),N_A,W,2013,2012,SOR4,0,2013-01-04,INR,234242200000
RBI:RMS_W_RN(1.0),N_A,W,2013,2012,SOR6,0,2013-01-04,INR,15852253792000
RBI:RMS_W_RN(1.0),N_A,W,2013,2012,SOR7,0,2012-12-28,INR,148452640000
RBI:RMS_W_RN(1.0),N_A,W,2013,2012,SOR8,0,2012-12-28,INR,7285566870000
RBI:RMS_W_RN(1.0),N_A,W,2013,2012,SOR6,0,2012-12-28,INR,15929817306430
RBI:RMS_W_RN(1.0),N_A,W,2013,2012,SOR5,0,2012-12-28,INR,37302498000
RBI:RMS_W_RN(1.0),N_A,W,2013,2012,SOR4,0,2012-12-28,INR,245367800000
RBI:RMS_W_RN(1.0),N_A,W,2013,2012,SOR1,0,2012-12-28,INR,5504666511590
RBI:RMS_W_RN(1.0),N_A,W,2013,2012,SOR7,0,2012-12-21,INR,147226141000
RBI:RMS_W_RN(1.0),N_A,W,2013,2012,SOR5,0,2012-12-21,INR,37067498000
RBI:RMS_W_RN(1.0),N_A,W,2013,2012,SOR1,0,2012-12-21,INR,5604399914000.001
RBI:RMS_W_RN(1.0),N_A,W,2013,2012,SOR4,0,2012-12-21,INR,287953800000
RBI:RMS_W_RN(1.0),N_A,W,2013,2012,SOR6,0,2012-12-21,INR,15989029332000
RBI:RMS_W_RN(1.0),N_A,W,2013,2012,SOR8,0,2012-12-21,INR,7362169847000
RBI:RMS_W_RN(1.0),N_A,W,2013,2012,SOR7,0,2012-12-14,INR,147226141000
RBI:RMS_W_RN(1.0),N_A,W,2013,2012,SOR5,0,2012-12-14,INR,43547497999.99999
RBI:RMS_W_RN(1.0),N_A,W,2013,2012,SOR1,0,2012-12-14,INR,5972426644860
RBI:RMS_W_RN(1.0),N_A,W,2013,2012,SOR6,0,2012-12-14,INR,15814921618940
RBI:RMS_W_RN(1.0),N_A,W,2013,2012,SOR8,0,2012-12-14,INR,7178628615000
RBI:RMS_W_RN(1.0),N_A,W,2013,2012,SOR4,0,2012-12-14,INR,171047100000
RBI:RMS_W_RN(1.0),N_A,W,2013,2012,SOR1,0,2012-12-07,INR,5651456417810
RBI:RMS_W_RN(1.0),N_A,W,2013,2012,SOR7,0,2012-12-07,INR,147226141000
RBI:RMS_W_RN(1.0),N_A,W,2013,2012,SOR4,0,2012-12-07,INR,251598900000
RBI:RMS_W_RN(1.0),N_A,W,2013,2012,SOR6,0,2012-12-07,INR,15678461326650
RBI:RMS_W_RN(1.0),N_A,W,2013,2012,SOR5,0,2012-12-07,INR,49043398000
RBI:RMS_W_RN(1.0),N_A,W,2013,2012,SOR8,0,2012-12-07,INR,7036349589000
RBI:RMS_W_RN(1.0),N_A,W,2013,2012,SOR7,0,2012-11-30,INR,147226141000
RBI:RMS_W_RN(1.0),N_A,W,2013,2012,SOR1,0,2012-11-30,INR,5358395225920
RBI:RMS_W_RN(1.0),N_A,W,2013,2012,SOR5,0,2012-11-30,INR,54537897999.99999
RBI:RMS_W_RN(1.0),N_A,W,2013,2012,SOR4,0,2012-11-30,INR,229734500000
RBI:RMS_W_RN(1.0),N_A,W,2013,2012,SOR8,0,2012-11-30,INR,7111763516000.001
RBI:RMS_W_RN(1.0),N_A,W,2013,2012,SOR6,0,2012-11-30,INR,15736437384960
RBI:RMS_W_RN(1.0),N_A,W,2013,2012,SOR7,0,2012-11-23,INR,145242308000
RBI:RMS_W_RN(1.0),N_A,W,2013,2012,SOR4,0,2012-11-23,INR,239869500000
RBI:RMS_W_RN(1.0),N_A,W,2013,2012,SOR5,0,2012-11-23,INR,54603898000
RBI:RMS_W_RN(1.0),N_A,W,2013,2012,SOR8,0,2012-11-23,INR,7339072206000
RBI:RMS_W_RN(1.0),N_A,W,2013,2012,SOR1,0,2012-11-23,INR,5666276002510
RBI:RMS_W_RN(1.0),N_A,W,2013,2012,SOR6,0,2012-11-23,INR,15966244116540
RBI:RMS_W_RN(1.0),N_A,W,2013,2012,SOR7,0,2012-11-16,INR,145242308000
RBI:RMS_W_RN(1.0),N_A,W,2013,2012,SOR8,0,2012-11-16,INR,7153551441000
RBI:RMS_W_RN(1.0),N_A,W,2013,2012,SOR4,0,2012-11-16,INR,178384500000
RBI:RMS_W_RN(1.0),N_A,W,2013,2012,SOR5,0,2012-11-16,INR,41778898000
RBI:RMS_W_RN(1.0),N_A,W,2013,2012,SOR1,0,2012-11-16,INR,5777983966370
RBI:RMS_W_RN(1.0),N_A,W,2013,2012,SOR6,0,2012-11-16,INR,15794544081070
RBI:RMS_W_RN(1.0),N_A,W,2013,2012,SOR5,0,2012-11-09,INR,35382998000
RBI:RMS_W_RN(1.0),N_A,W,2013,2012,SOR4,0,2012-11-09,INR,179235200000
RBI:RMS_W_RN(1.0),N_A,W,2013,2012,SOR7,0,2012-11-09,INR,145242308000
RBI:RMS_W_RN(1.0),N_A,W,2013,2012,SOR8,0,2012-11-09,INR,6943974441000
RBI:RMS_W_RN(1.0),N_A,W,2013,2012,SOR6,0,2012-11-09,INR,15626379913000.002
RBI:RMS_W_RN(1.0),N_A,W,2013,2012,SOR1,0,2012-11-09,INR,5418634754030
RBI:RMS_W_RN(1.0),N_A,W,2013,2012,SOR4,0,2012-11-02,INR,185180000000
RBI:RMS_W_RN(1.0),N_A,W,2013,2012,SOR1,0,2012-11-02,INR,5199262405910
RBI:RMS_W_RN(1.0),N_A,W,2013,2012,SOR8,0,2012-11-02,INR,6760056846000
RBI:RMS_W_RN(1.0),N_A,W,2013,2012,SOR5,0,2012-11-02,INR,27488498000
RBI:RMS_W_RN(1.0),N_A,W,2013,2012,SOR6,0,2012-11-02,INR,15491436100130
RBI:RMS_W_RN(1.0),N_A,W,2013,2012,SOR7,0,2012-11-02,INR,145242308000
RBI:RMS_W_RN(1.0),N_A,W,2013,2012,SOR1,0,2012-10-26,INR,5423429306880.001
RBI:RMS_W_RN(1.0),N_A,W,2013,2012,SOR6,0,2012-10-26,INR,15493353178810
RBI:RMS_W_RN(1.0),N_A,W,2013,2012,SOR7,0,2012-10-26,INR,145242308000
RBI:RMS_W_RN(1.0),N_A,W,2013,2012,SOR5,0,2012-10-26,INR,21707498000
RBI:RMS_W_RN(1.0),N_A,W,2013,2012,SOR4,0,2012-10-26,INR,188346800000
RBI:RMS_W_RN(1.0),N_A,W,2013,2012,SOR8,0,2012-10-26,INR,6776644003000
RBI:RMS_W_RN(1.0),N_A,W,2013,2012,SOR4,0,2012-10-19,INR,166078400000
RBI:RMS_W_RN(1.0),N_A,W,2013,2012,SOR8,0,2012-10-19,INR,6774658121000
RBI:RMS_W_RN(1.0),N_A,W,2013,2012,SOR1,0,2012-10-19,INR,5551941630340
RBI:RMS_W_RN(1.0),N_A,W,2013,2012,SOR5,0,2012-10-19,INR,21707498000
RBI:RMS_W_RN(1.0),N_A,W,2013,2012,SOR7,0,2012-10-19,INR,145242308000
RBI:RMS_W_RN(1.0),N_A,W,2013,2012,SOR6,0,2012-10-19,INR,15511549791270
RBI:RMS_W_RN(1.0),N_A,W,2013,2012,SOR8,0,2012-10-12,INR,6456327711000
RBI:RMS_W_RN(1.0),N_A,W,2013,2012,SOR1,0,2012-10-12,INR,5109176545520
RBI:RMS_W_RN(1.0),N_A,W,2013,2012,SOR7,0,2012-10-12,INR,143713117000
RBI:RMS_W_RN(1.0),N_A,W,2013,2012,SOR4,0,2012-10-12,INR,174678400000
RBI:RMS_W_RN(1.0),N_A,W,2013,2012,SOR5,0,2012-10-12,INR,22562498000
RBI:RMS_W_RN(1.0),N_A,W,2013,2012,SOR6,0,2012-10-12,INR,15227295079100
RBI:RMS_W_RN(1.0),N_A,W,2013,2012,SOR7,0,2012-10-05,INR,143713117000
RBI:RMS_W_RN(1.0),N_A,W,2013,2012,SOR1,0,2012-10-05,INR,4832766846660
RBI:RMS_W_RN(1.0),N_A,W,2013,2012,SOR6,0,2012-10-05,INR,14952972977380
RBI:RMS_W_RN(1.0),N_A,W,2013,2012,SOR4,0,2012-10-05,INR,47968400000
RBI:RMS_W_RN(1.0),N_A,W,2013,2012,SOR5,0,2012-10-05,INR,23132498000
RBI:RMS_W_RN(1.0),N_A,W,2013,2012,SOR8,0,2012-10-05,INR,6134677110000
RBI:RMS_W_RN(1.0),N_A,W,2013,2012,SOR5,0,2012-09-28,INR,32752498000
RBI:RMS_W_RN(1.0),N_A,W,2013,2012,SOR4,0,2012-09-28,INR,189774263000
RBI:RMS_W_RN(1.0),N_A,W,2013,2012,SOR6,0,2012-09-28,INR,15222920101810
RBI:RMS_W_RN(1.0),N_A,W,2013,2012,SOR1,0,2012-09-28,INR,5497104763540
RBI:RMS_W_RN(1.0),N_A,W,2013,2012,SOR8,0,2012-09-28,INR,6460731073000
RBI:RMS_W_RN(1.0),N_A,W,2013,2012,SOR7,0,2012-09-28,INR,143713117000
RBI:RMS_W_RN(1.0),N_A,W,2013,2012,SOR4,0,2012-09-21,INR,165954263000
RBI:RMS_W_RN(1.0),N_A,W,2013,2012,SOR6,0,2012-09-21,INR,15575444828580
RBI:RMS_W_RN(1.0),N_A,W,2013,2012,SOR5,0,2012-09-21,INR,36157498000
RBI:RMS_W_RN(1.0),N_A,W,2013,2012,SOR1,0,2012-09-21,INR,5362035231460
RBI:RMS_W_RN(1.0),N_A,W,2013,2012,SOR8,0,2012-09-21,INR,6801755174000
RBI:RMS_W_RN(1.0),N_A,W,2013,2012,SOR7,0,2012-09-21,INR,143713117000
RBI:RMS_W_RN(1.0),N_A,W,2013,2012,SOR6,0,2012-09-14,INR,15817105216600
RBI:RMS_W_RN(1.0),N_A,W,2013,2012,SOR7,0,2012-09-14,INR,142164651000
RBI:RMS_W_RN(1.0),N_A,W,2013,2012,SOR8,0,2012-09-14,INR,7002321301000
RBI:RMS_W_RN(1.0),N_A,W,2013,2012,SOR4,0,2012-09-14,INR,62955600000.00001
RBI:RMS_W_RN(1.0),N_A,W,2013,2012,SOR1,0,2012-09-14,INR,5754894048300
RBI:RMS_W_RN(1.0),N_A,W,2013,2012,SOR5,0,2012-09-14,INR,41198698000.00001
RBI:RMS_W_RN(1.0),N_A,W,2013,2012,SOR1,0,2012-09-07,INR,5426008671260
RBI:RMS_W_RN(1.0),N_A,W,2013,2012,SOR7,0,2012-09-07,INR,142164651000
RBI:RMS_W_RN(1.0),N_A,W,2013,2012,SOR5,0,2012-09-07,INR,38571098000
RBI:RMS_W_RN(1.0),N_A,W,2013,2012,SOR8,0,2012-09-07,INR,7066957272000
RBI:RMS_W_RN(1.0),N_A,W,2013,2012,SOR6,0,2012-09-07,INR,15896075428849.998
RBI:RMS_W_RN(1.0),N_A,W,2013,2012,SOR4,0,2012-09-07,INR,37529300000
RBI:RMS_W_RN(1.0),N_A,W,2013,2012,SOR4,0,2012-08-31,INR,64890700000
RBI:RMS_W_RN(1.0),N_A,W,2013,2012,SOR7,0,2012-08-31,INR,142164651000
RBI:RMS_W_RN(1.0),N_A,W,2013,2012,SOR5,0,2012-08-31,INR,44453998000
RBI:RMS_W_RN(1.0),N_A,W,2013,2012,SOR6,0,2012-08-31,INR,15860459480280
RBI:RMS_W_RN(1.0),N_A,W,2013,2012,SOR8,0,2012-08-31,INR,7031481051000
RBI:RMS_W_RN(1.0),N_A,W,2013,2012,SOR1,0,2012-08-31,INR,5464585940310
RBI:RMS_W_RN(1.0),N_A,W,2013,2012,SOR4,0,2012-08-24,INR,69109700000
RBI:RMS_W_RN(1.0),N_A,W,2013,2012,SOR1,0,2012-08-24,INR,5399262142450
RBI:RMS_W_RN(1.0),N_A,W,2013,2012,SOR7,0,2012-08-24,INR,142164651000
RBI:RMS_W_RN(1.0),N_A,W,2013,2012,SOR5,0,2012-08-24,INR,44453998000
RBI:RMS_W_RN(1.0),N_A,W,2013,2012,SOR6,0,2012-08-24,INR,15759659109290
RBI:RMS_W_RN(1.0),N_A,W,2013,2012,SOR8,0,2012-08-24,INR,6915515046000
RBI:RMS_W_RN(1.0),N_A,W,2013,2012,SOR6,0,2012-08-17,INR,15774715480460
RBI:RMS_W_RN(1.0),N_A,W,2013,2012,SOR8,0,2012-08-17,INR,6945910676000
RBI:RMS_W_RN(1.0),N_A,W,2013,2012,SOR4,0,2012-08-17,INR,70762600000
RBI:RMS_W_RN(1.0),N_A,W,2013,2012,SOR7,0,2012-08-17,INR,140517711000
RBI:RMS_W_RN(1.0),N_A,W,2013,2012,SOR1,0,2012-08-17,INR,5593392160960
RBI:RMS_W_RN(1.0),N_A,W,2013,2012,SOR5,0,2012-08-17,INR,50168998000
RBI:RMS_W_RN(1.0),N_A,W,2013,2012,SOR8,0,2012-08-10,INR,6869297039000
RBI:RMS_W_RN(1.0),N_A,W,2013,2012,SOR4,0,2012-08-10,INR,78115900000
RBI:RMS_W_RN(1.0),N_A,W,2013,2012,SOR1,0,2012-08-10,INR,5500073888510
RBI:RMS_W_RN(1.0),N_A,W,2013,2012,SOR7,0,2012-08-10,INR,140517711000
RBI:RMS_W_RN(1.0),N_A,W,2013,2012,SOR5,0,2012-08-10,INR,50168998000
RBI:RMS_W_RN(1.0),N_A,W,2013,2012,SOR6,0,2012-08-10,INR,15696586685610
RBI:RMS_W_RN(1.0),N_A,W,2013,2012,SOR1,0,2012-08-03,INR,5445173214490
RBI:RMS_W_RN(1.0),N_A,W,2013,2012,SOR8,0,2012-08-03,INR,7194705688000
RBI:RMS_W_RN(1.0),N_A,W,2013,2012,SOR6,0,2012-08-03,INR,15889156370890
RBI:RMS_W_RN(1.0),N_A,W,2013,2012,SOR7,0,2012-08-03,INR,140517711000
RBI:RMS_W_RN(1.0),N_A,W,2013,2012,SOR5,0,2012-08-03,INR,50281498000
RBI:RMS_W_RN(1.0),N_A,W,2013,2012,SOR4,0,2012-08-03,INR,80848800000
RBI:RMS_W_RN(1.0),N_A,W,2013,2012,SOR7,0,2012-07-27,INR,140517711000
RBI:RMS_W_RN(1.0),N_A,W,2013,2012,SOR6,0,2012-07-27,INR,15700825055180.002
RBI:RMS_W_RN(1.0),N_A,W,2013,2012,SOR8,0,2012-07-27,INR,7005455464000
RBI:RMS_W_RN(1.0),N_A,W,2013,2012,SOR4,0,2012-07-27,INR,110455500000
RBI:RMS_W_RN(1.0),N_A,W,2013,2012,SOR5,0,2012-07-27,INR,47668998000
RBI:RMS_W_RN(1.0),N_A,W,2013,2012,SOR1,0,2012-07-27,INR,5471473749619.999
RBI:RMS_W_RN(1.0),N_A,W,2013,2012,SOR7,0,2012-07-20,INR,139039778000
RBI:RMS_W_RN(1.0),N_A,W,2013,2012,SOR8,0,2012-07-20,INR,6865053964000
RBI:RMS_W_RN(1.0),N_A,W,2013,2012,SOR4,0,2012-07-20,INR,193986800000
RBI:RMS_W_RN(1.0),N_A,W,2013,2012,SOR1,0,2012-07-20,INR,5722412397290
RBI:RMS_W_RN(1.0),N_A,W,2013,2012,SOR6,0,2012-07-20,INR,15562753986290
RBI:RMS_W_RN(1.0),N_A,W,2013,2012,SOR5,0,2012-07-20,INR,50281498000
RBI:RMS_W_RN(1.0),N_A,W,2013,2012,SOR7,0,2012-07-13,INR,139039778000
RBI:RMS_W_RN(1.0),N_A,W,2013,2012,SOR6,0,2012-07-13,INR,15661786867000
RBI:RMS_W_RN(1.0),N_A,W,2013,2012,SOR8,0,2012-07-13,INR,6951765111999.999
RBI:RMS_W_RN(1.0),N_A,W,2013,2012,SOR5,0,2012-07-13,INR,50192497999.99999
RBI:RMS_W_RN(1.0),N_A,W,2013,2012,SOR4,0,2012-07-13,INR,154878300000
RBI:RMS_W_RN(1.0),N_A,W,2013,2012,SOR1,0,2012-07-13,INR,5594038865600
RBI:RMS_W_RN(1.0),N_A,W,2013,2012,SOR7,0,2012-07-06,INR,139039778000
RBI:RMS_W_RN(1.0),N_A,W,2013,2012,SOR5,0,2012-07-06,INR,50192497999.99999
RBI:RMS_W_RN(1.0),N_A,W,2013,2012,SOR4,0,2012-07-06,INR,174603300000.00003
RBI:RMS_W_RN(1.0),N_A,W,2013,2012,SOR1,0,2012-07-06,INR,5225101935820
RBI:RMS_W_RN(1.0),N_A,W,2013,2012,SOR8,0,2012-07-06,INR,6849752164000
RBI:RMS_W_RN(1.0),N_A,W,2013,2012,SOR6,0,2012-07-06,INR,15606182168000
RBI:RMS_W_RN(1.0),N_A,W,2013,2012,SOR5,0,2012-06-29,INR,41902497999.99999
RBI:RMS_W_RN(1.0),N_A,W,2013,2012,SOR4,0,2012-06-29,INR,71472800000
RBI:RMS_W_RN(1.0),N_A,W,2013,2012,SOR7,0,2012-06-29,INR,139039778000
RBI:RMS_W_RN(1.0),N_A,W,2013,2012,SOR6,0,2012-06-29,INR,15957677403080
RBI:RMS_W_RN(1.0),N_A,W,2013,2012,SOR8,0,2012-06-29,INR,7255624147000
RBI:RMS_W_RN(1.0),N_A,W,2013,2012,SOR1,0,2012-06-29,INR,5675610088480
RBI:RMS_W_RN(1.0),N_A,W,2013,2012,SOR4,0,2012-06-22,INR,76022800000
RBI:RMS_W_RN(1.0),N_A,W,2013,2012,SOR5,0,2012-06-22,INR,54286247999.99999
RBI:RMS_W_RN(1.0),N_A,W,2013,2012,SOR6,0,2012-06-22,INR,16058832482490
RBI:RMS_W_RN(1.0),N_A,W,2013,2012,SOR8,0,2012-06-22,INR,7363584446000
RBI:RMS_W_RN(1.0),N_A,W,2013,2012,SOR7,0,2012-06-22,INR,137141669000
RBI:RMS_W_RN(1.0),N_A,W,2013,2012,SOR1,0,2012-06-22,INR,5720326934950
RBI:RMS_W_RN(1.0),N_A,W,2013,2012,SOR6,0,2012-06-15,INR,15784865919000.002
RBI:RMS_W_RN(1.0),N_A,W,2013,2012,SOR4,0,2012-06-15,INR,35502800000
RBI:RMS_W_RN(1.0),N_A,W,2013,2012,SOR1,0,2012-06-15,INR,5748752676000
RBI:RMS_W_RN(1.0),N_A,W,2013,2012,SOR5,0,2012-06-15,INR,55473700000
RBI:RMS_W_RN(1.0),N_A,W,2013,2012,SOR8,0,2012-06-15,INR,7069650200000
RBI:RMS_W_RN(1.0),N_A,W,2013,2012,SOR7,0,2012-06-15,INR,137141669000
RBI:RMS_W_RN(1.0),N_A,W,2013,2012,SOR6,0,2012-06-08,INR,15574887044000
RBI:RMS_W_RN(1.0),N_A,W,2013,2012,SOR4,0,2012-06-08,INR,69682800000
RBI:RMS_W_RN(1.0),N_A,W,2013,2012,SOR7,0,2012-06-08,INR,137141669000
RBI:RMS_W_RN(1.0),N_A,W,2013,2012,SOR1,0,2012-06-08,INR,5770258651000.001
RBI:RMS_W_RN(1.0),N_A,W,2013,2012,SOR8,0,2012-06-08,INR,6868872000000
RBI:RMS_W_RN(1.0),N_A,W,2013,2012,SOR5,0,2012-06-08,INR,55473700000
RBI:RMS_W_RN(1.0),N_A,W,2013,2012,SOR7,0,2012-06-01,INR,137141669000
RBI:RMS_W_RN(1.0),N_A,W,2013,2012,SOR8,0,2012-06-01,INR,6898378300000
RBI:RMS_W_RN(1.0),N_A,W,2013,2012,SOR6,0,2012-06-01,INR,15633972644000
RBI:RMS_W_RN(1.0),N_A,W,2013,2012,SOR4,0,2012-06-01,INR,66642800000
RBI:RMS_W_RN(1.0),N_A,W,2013,2012,SOR5,0,2012-06-01,INR,55973700000
RBI:RMS_W_RN(1.0),N_A,W,2013,2012,SOR1,0,2012-06-01,INR,5389582522000
RBI:RMS_W_RN(1.0),N_A,W,2013,2012,SOR6,0,2012-05-25,INR,15613367444000
RBI:RMS_W_RN(1.0),N_A,W,2013,2012,SOR1,0,2012-05-25,INR,5597862937000
RBI:RMS_W_RN(1.0),N_A,W,2013,2012,SOR7,0,2012-05-25,INR,137141669000
RBI:RMS_W_RN(1.0),N_A,W,2013,2012,SOR5,0,2012-05-25,INR,37909800000
RBI:RMS_W_RN(1.0),N_A,W,2013,2012,SOR8,0,2012-05-25,INR,6886021400000
RBI:RMS_W_RN(1.0),N_A,W,2013,2012,SOR4,0,2012-05-25,INR,69832800000
RBI:RMS_W_RN(1.0),N_A,W,2013,2012,SOR1,0,2012-05-18,INR,5548766828000
RBI:RMS_W_RN(1.0),N_A,W,2013,2012,SOR4,0,2012-05-18,INR,74962800000
RBI:RMS_W_RN(1.0),N_A,W,2013,2012,SOR7,0,2012-05-18,INR,137141669000
RBI:RMS_W_RN(1.0),N_A,W,2013,2012,SOR8,0,2012-05-18,INR,6757309300000.001
RBI:RMS_W_RN(1.0),N_A,W,2013,2012,SOR5,0,2012-05-18,INR,37909800000
RBI:RMS_W_RN(1.0),N_A,W,2013,2012,SOR6,0,2012-05-18,INR,15490446299999.998
RBI:RMS_W_RN(1.0),N_A,W,2013,2012,SOR7,0,2012-05-11,INR,135695131000
RBI:RMS_W_RN(1.0),N_A,W,2013,2012,SOR4,0,2012-05-11,INR,79819800000
RBI:RMS_W_RN(1.0),N_A,W,2013,2012,SOR1,0,2012-05-11,INR,5694662929000
RBI:RMS_W_RN(1.0),N_A,W,2013,2012,SOR8,0,2012-05-11,INR,6533927900000
RBI:RMS_W_RN(1.0),N_A,W,2013,2012,SOR5,0,2012-05-11,INR,40047300000
RBI:RMS_W_RN(1.0),N_A,W,2013,2012,SOR6,0,2012-05-11,INR,15265488400000
RBI:RMS_W_RN(1.0),N_A,W,2013,2012,SOR4,0,2012-05-04,INR,45709799999.99999
RBI:RMS_W_RN(1.0),N_A,W,2013,2012,SOR8,0,2012-05-04,INR,6587223300000
RBI:RMS_W_RN(1.0),N_A,W,2013,2012,SOR1,0,2012-05-04,INR,5247022566000
RBI:RMS_W_RN(1.0),N_A,W,2013,2012,SOR6,0,2012-05-04,INR,15357564944000
RBI:RMS_W_RN(1.0),N_A,W,2013,2012,SOR5,0,2012-05-04,INR,37889800000
RBI:RMS_W_RN(1.0),N_A,W,2013,2012,SOR7,0,2012-05-04,INR,135695131000
RBI:RMS_W_RN(1.0),N_A,W,2013,2012,SOR1,0,2012-04-27,INR,5514682364000.001
RBI:RMS_W_RN(1.0),N_A,W,2013,2012,SOR5,0,2012-04-27,INR,37116300000
RBI:RMS_W_RN(1.0),N_A,W,2013,2012,SOR8,0,2012-04-27,INR,6432658199999.999
RBI:RMS_W_RN(1.0),N_A,W,2013,2012,SOR4,0,2012-04-27,INR,78479800000
RBI:RMS_W_RN(1.0),N_A,W,2013,2012,SOR7,0,2012-04-27,INR,135695131000
RBI:RMS_W_RN(1.0),N_A,W,2013,2012,SOR6,0,2012-04-27,INR,15164879500000
RBI:RMS_W_RN(1.0),N_A,W,2013,2012,SOR8,0,2012-04-20,INR,6192628000000
RBI:RMS_W_RN(1.0),N_A,W,2013,2012,SOR5,0,2012-04-20,INR,34988400000
RBI:RMS_W_RN(1.0),N_A,W,2013,2012,SOR1,0,2012-04-20,INR,5493924987999.999
RBI:RMS_W_RN(1.0),N_A,W,2013,2012,SOR7,0,2012-04-20,INR,135695131000
RBI:RMS_W_RN(1.0),N_A,W,2013,2012,SOR6,0,2012-04-20,INR,14948681544000.002
RBI:RMS_W_RN(1.0),N_A,W,2013,2012,SOR4,0,2012-04-20,INR,39679890000
RBI:RMS_W_RN(1.0),N_A,W,2013,2012,SOR5,0,2012-04-13,INR,37708400000
RBI:RMS_W_RN(1.0),N_A,W,2013,2012,SOR1,0,2012-04-13,INR,5180583645000
RBI:RMS_W_RN(1.0),N_A,W,2013,2012,SOR8,0,2012-04-13,INR,5943028000000
RBI:RMS_W_RN(1.0),N_A,W,2013,2012,SOR4,0,2012-04-13,INR,34419800000
RBI:RMS_W_RN(1.0),N_A,W,2013,2012,SOR6,0,2012-04-13,INR,14722645300000
RBI:RMS_W_RN(1.0),N_A,W,2013,2012,SOR7,0,2012-04-13,INR,134443169000
RBI:RMS_W_RN(1.0),N_A,W,2013,2012,SOR6,0,2012-04-06,INR,14620853746000
RBI:RMS_W_RN(1.0),N_A,W,2013,2012,SOR7,0,2012-04-06,INR,134443169000
RBI:RMS_W_RN(1.0),N_A,W,2013,2012,SOR5,0,2012-04-06,INR,37598500000
RBI:RMS_W_RN(1.0),N_A,W,2013,2012,SOR8,0,2012-04-06,INR,5824369600000
RBI:RMS_W_RN(1.0),N_A,W,2013,2012,SOR4,0,2012-04-06,INR,47759799999.99999
RBI:RMS_W_RN(1.0),N_A,W,2013,2012,SOR1,0,2012-04-06,INR,4849803576000
RBI:RMS_W_RN(1.0),N_A,W,2012,2011,SOR7,0,2012-03-30,INR,134443169000
RBI:RMS_W_RN(1.0),N_A,W,2012,2011,SOR1,0,2012-03-30,INR,5412846263999.999
RBI:RMS_W_RN(1.0),N_A,W,2012,2011,SOR8,0,2012-03-30,INR,6010238300000
RBI:RMS_W_RN(1.0),N_A,W,2012,2011,SOR5,0,2012-03-30,INR,39598500000
RBI:RMS_W_RN(1.0),N_A,W,2012,2011,SOR6,0,2012-03-30,INR,14721951299999.998
RBI:RMS_W_RN(1.0),N_A,W,2012,2011,SOR4,0,2012-03-30,INR,63582800000
RBI:RMS_W_RN(1.0),N_A,W,2012,2011,SOR6,0,2012-03-23,INR,14627861800000
RBI:RMS_W_RN(1.0),N_A,W,2012,2011,SOR8,0,2012-03-23,INR,5917263800000
RBI:RMS_W_RN(1.0),N_A,W,2012,2011,SOR1,0,2012-03-23,INR,5171026783000
RBI:RMS_W_RN(1.0),N_A,W,2012,2011,SOR5,0,2012-03-23,INR,39669500000
RBI:RMS_W_RN(1.0),N_A,W,2012,2011,SOR7,0,2012-03-23,INR,134443169000
RBI:RMS_W_RN(1.0),N_A,W,2012,2011,SOR4,0,2012-03-23,INR,87877800000
RBI:RMS_W_RN(1.0),N_A,W,2012,2011,SOR7,0,2012-03-16,INR,132755420000
RBI:RMS_W_RN(1.0),N_A,W,2012,2011,SOR6,0,2012-03-16,INR,14458905300000
RBI:RMS_W_RN(1.0),N_A,W,2012,2011,SOR5,0,2012-03-16,INR,39669500000
RBI:RMS_W_RN(1.0),N_A,W,2012,2011,SOR4,0,2012-03-16,INR,69484800000
RBI:RMS_W_RN(1.0),N_A,W,2012,2011,SOR1,0,2012-03-16,INR,4922567597000
RBI:RMS_W_RN(1.0),N_A,W,2012,2011,SOR8,0,2012-03-16,INR,5715987100000
RBI:RMS_W_RN(1.0),N_A,W,2012,2011,SOR4,0,2012-03-09,INR,69741800000
RBI:RMS_W_RN(1.0),N_A,W,2012,2011,SOR8,0,2012-03-09,INR,5575434000000
RBI:RMS_W_RN(1.0),N_A,W,2012,2011,SOR7,0,2012-03-09,INR,132755420000
RBI:RMS_W_RN(1.0),N_A,W,2012,2011,SOR1,0,2012-03-09,INR,5052050292000
RBI:RMS_W_RN(1.0),N_A,W,2012,2011,SOR6,0,2012-03-09,INR,14337945400000
RBI:RMS_W_RN(1.0),N_A,W,2012,2011,SOR5,0,2012-03-09,INR,39441500000
RBI:RMS_W_RN(1.0),N_A,W,2012,2011,SOR6,0,2012-03-02,INR,14214547900000
RBI:RMS_W_RN(1.0),N_A,W,2012,2011,SOR1,0,2012-03-02,INR,5435958011000
RBI:RMS_W_RN(1.0),N_A,W,2012,2011,SOR4,0,2012-03-02,INR,49651800000
RBI:RMS_W_RN(1.0),N_A,W,2012,2011,SOR5,0,2012-03-02,INR,34634500000
RBI:RMS_W_RN(1.0),N_A,W,2012,2011,SOR7,0,2012-03-02,INR,132755420000
RBI:RMS_W_RN(1.0),N_A,W,2012,2011,SOR8,0,2012-03-02,INR,5461700300000
RBI:RMS_W_RN(1.0),N_A,W,2012,2011,SOR6,0,2012-02-24,INR,14158539712000
RBI:RMS_W_RN(1.0),N_A,W,2012,2011,SOR1,0,2012-02-24,INR,4883694843000
RBI:RMS_W_RN(1.0),N_A,W,2012,2011,SOR5,0,2012-02-24,INR,34273500000
RBI:RMS_W_RN(1.0),N_A,W,2012,2011,SOR4,0,2012-02-24,INR,55241800000
RBI:RMS_W_RN(1.0),N_A,W,2012,2011,SOR8,0,2012-02-24,INR,5375377000000
RBI:RMS_W_RN(1.0),N_A,W,2012,2011,SOR7,0,2012-02-24,INR,132755420000
RBI:RMS_W_RN(1.0),N_A,W,2012,2011,SOR8,0,2012-02-17,INR,5339657200000
RBI:RMS_W_RN(1.0),N_A,W,2012,2011,SOR7,0,2012-02-17,INR,131564210000
RBI:RMS_W_RN(1.0),N_A,W,2012,2011,SOR5,0,2012-02-17,INR,34045500000
RBI:RMS_W_RN(1.0),N_A,W,2012,2011,SOR4,0,2012-02-17,INR,81759800000
RBI:RMS_W_RN(1.0),N_A,W,2012,2011,SOR6,0,2012-02-17,INR,14118016412000
RBI:RMS_W_RN(1.0),N_A,W,2012,2011,SOR1,0,2012-02-17,INR,5345456596000
RBI:RMS_W_RN(1.0),N_A,W,2012,2011,SOR6,0,2012-02-10,INR,14225436312000
RBI:RMS_W_RN(1.0),N_A,W,2012,2011,SOR5,0,2012-02-10,INR,33802399999.999996
RBI:RMS_W_RN(1.0),N_A,W,2012,2011,SOR4,0,2012-02-10,INR,42169799999.99999
RBI:RMS_W_RN(1.0),N_A,W,2012,2011,SOR8,0,2012-02-10,INR,5403830400000
RBI:RMS_W_RN(1.0),N_A,W,2012,2011,SOR7,0,2012-02-10,INR,131564210000
RBI:RMS_W_RN(1.0),N_A,W,2012,2011,SOR1,0,2012-02-10,INR,4992646021000
RBI:RMS_W_RN(1.0),N_A,W,2012,2011,SOR5,0,2012-02-03,INR,33802399999.999996
RBI:RMS_W_RN(1.0),N_A,W,2012,2011,SOR7,0,2012-02-03,INR,131564210000
RBI:RMS_W_RN(1.0),N_A,W,2012,2011,SOR6,0,2012-02-03,INR,14066896412000
RBI:RMS_W_RN(1.0),N_A,W,2012,2011,SOR1,0,2012-02-03,INR,4995624895000
RBI:RMS_W_RN(1.0),N_A,W,2012,2011,SOR4,0,2012-02-03,INR,83259800000
RBI:RMS_W_RN(1.0),N_A,W,2012,2011,SOR8,0,2012-02-03,INR,5236352300000
RBI:RMS_W_RN(1.0),N_A,W,2012,2011,SOR5,0,2012-01-27,INR,32572399999.999996
RBI:RMS_W_RN(1.0),N_A,W,2012,2011,SOR1,0,2012-01-27,INR,5183967438000
RBI:RMS_W_RN(1.0),N_A,W,2012,2011,SOR7,0,2012-01-27,INR,131564210000
RBI:RMS_W_RN(1.0),N_A,W,2012,2011,SOR6,0,2012-01-27,INR,14351673311999.998
RBI:RMS_W_RN(1.0),N_A,W,2012,2011,SOR4,0,2012-01-27,INR,92929800000
RBI:RMS_W_RN(1.0),N_A,W,2012,2011,SOR8,0,2012-01-27,INR,5496322500000
RBI:RMS_W_RN(1.0),N_A,W,2012,2011,SOR4,0,2012-01-20,INR,91558799999.99998
RBI:RMS_W_RN(1.0),N_A,W,2012,2011,SOR7,0,2012-01-20,INR,130422895000.00002
RBI:RMS_W_RN(1.0),N_A,W,2012,2011,SOR1,0,2012-01-20,INR,5311215050000
RBI:RMS_W_RN(1.0),N_A,W,2012,2011,SOR8,0,2012-01-20,INR,5554419300000.001
RBI:RMS_W_RN(1.0),N_A,W,2012,2011,SOR6,0,2012-01-20,INR,14497902912000
RBI:RMS_W_RN(1.0),N_A,W,2012,2011,SOR5,0,2012-01-20,INR,32572399999.999996
RBI:RMS_W_RN(1.0),N_A,W,2012,2011,SOR4,0,2012-01-13,INR,47688800000
RBI:RMS_W_RN(1.0),N_A,W,2012,2011,SOR6,0,2012-01-13,INR,14747543311999.998
RBI:RMS_W_RN(1.0),N_A,W,2012,2011,SOR7,0,2012-01-13,INR,130422895000.00002
RBI:RMS_W_RN(1.0),N_A,W,2012,2011,SOR5,0,2012-01-13,INR,31622399999.999996
RBI:RMS_W_RN(1.0),N_A,W,2012,2011,SOR8,0,2012-01-13,INR,5697734800000
RBI:RMS_W_RN(1.0),N_A,W,2012,2011,SOR1,0,2012-01-13,INR,4933546748000
RBI:RMS_W_RN(1.0),N_A,W,2012,2011,SOR7,0,2012-01-06,INR,130422895000.00002
RBI:RMS_W_RN(1.0),N_A,W,2012,2011,SOR4,0,2012-01-06,INR,35548800000
RBI:RMS_W_RN(1.0),N_A,W,2012,2011,SOR1,0,2012-01-06,INR,4802496029000
RBI:RMS_W_RN(1.0),N_A,W,2012,2011,SOR6,0,2012-01-06,INR,15150691712000
RBI:RMS_W_RN(1.0),N_A,W,2012,2011,SOR8,0,2012-01-06,INR,6027312500000
RBI:RMS_W_RN(1.0),N_A,W,2012,2011,SOR5,0,2012-01-06,INR,29903700000
RBI:RMS_W_RN(1.0),N_A,W,2012,2011,SOR8,0,2011-12-30,INR,6233033600000
RBI:RMS_W_RN(1.0),N_A,W,2012,2011,SOR1,0,2011-12-30,INR,4500597364000
RBI:RMS_W_RN(1.0),N_A,W,2012,2011,SOR6,0,2011-12-30,INR,15444565212000
RBI:RMS_W_RN(1.0),N_A,W,2012,2011,SOR4,0,2011-12-30,INR,59098800000
RBI:RMS_W_RN(1.0),N_A,W,2012,2011,SOR5,0,2011-12-30,INR,32656200000
RBI:RMS_W_RN(1.0),N_A,W,2012,2011,SOR7,0,2011-12-30,INR,130422895000.00002
RBI:RMS_W_RN(1.0),N_A,W,2012,2011,SOR7,0,2011-12-23,INR,128862026000
RBI:RMS_W_RN(1.0),N_A,W,2012,2011,SOR6,0,2011-12-23,INR,15488134312000
RBI:RMS_W_RN(1.0),N_A,W,2012,2011,SOR4,0,2011-12-23,INR,75498800000
RBI:RMS_W_RN(1.0),N_A,W,2012,2011,SOR5,0,2011-12-23,INR,19982400000
RBI:RMS_W_RN(1.0),N_A,W,2012,2011,SOR1,0,2011-12-23,INR,5028628941000
RBI:RMS_W_RN(1.0),N_A,W,2012,2011,SOR8,0,2011-12-23,INR,6170860900000
RBI:RMS_W_RN(1.0),N_A,W,2012,2011,SOR8,0,2011-12-16,INR,6125929900000
RBI:RMS_W_RN(1.0),N_A,W,2012,2011,SOR1,0,2011-12-16,INR,4380371311000
RBI:RMS_W_RN(1.0),N_A,W,2012,2011,SOR6,0,2011-12-16,INR,15581328988000
RBI:RMS_W_RN(1.0),N_A,W,2012,2011,SOR7,0,2011-12-16,INR,128862026000
RBI:RMS_W_RN(1.0),N_A,W,2012,2011,SOR5,0,2011-12-16,INR,19982400000
RBI:RMS_W_RN(1.0),N_A,W,2012,2011,SOR4,0,2011-12-16,INR,38278800000
RBI:RMS_W_RN(1.0),N_A,W,2012,2011,SOR8,0,2011-12-09,INR,6052292800000
RBI:RMS_W_RN(1.0),N_A,W,2012,2011,SOR7,0,2011-12-09,INR,128862026000
RBI:RMS_W_RN(1.0),N_A,W,2012,2011,SOR5,0,2011-12-09,INR,19982400000
RBI:RMS_W_RN(1.0),N_A,W,2012,2011,SOR6,0,2011-12-09,INR,15670267422000
RBI:RMS_W_RN(1.0),N_A,W,2012,2011,SOR4,0,2011-12-09,INR,60059799999.99999
RBI:RMS_W_RN(1.0),N_A,W,2012,2011,SOR1,0,2011-12-09,INR,4346961181000
RBI:RMS_W_RN(1.0),N_A,W,2012,2011,SOR7,0,2011-12-02,INR,128862026000
RBI:RMS_W_RN(1.0),N_A,W,2012,2011,SOR4,0,2011-12-02,INR,22732300000
RBI:RMS_W_RN(1.0),N_A,W,2012,2011,SOR8,0,2011-12-02,INR,5814810100000
RBI:RMS_W_RN(1.0),N_A,W,2012,2011,SOR5,0,2011-12-02,INR,17369900000
RBI:RMS_W_RN(1.0),N_A,W,2012,2011,SOR6,0,2011-12-02,INR,15433723622000
RBI:RMS_W_RN(1.0),N_A,W,2012,2011,SOR1,0,2011-12-02,INR,4072423097000
RBI:RMS_W_RN(1.0),N_A,W,2012,2011,SOR4,0,2011-11-25,INR,58701899999.99999
RBI:RMS_W_RN(1.0),N_A,W,2012,2011,SOR1,0,2011-11-25,INR,4231839491999.9995
RBI:RMS_W_RN(1.0),N_A,W,2012,2011,SOR8,0,2011-11-25,INR,5791632700000
RBI:RMS_W_RN(1.0),N_A,W,2012,2011,SOR6,0,2011-11-25,INR,15439754222000
RBI:RMS_W_RN(1.0),N_A,W,2012,2011,SOR5,0,2011-11-25,INR,19982400000
RBI:RMS_W_RN(1.0),N_A,W,2012,2011,SOR7,0,2011-11-25,INR,128862026000
RBI:RMS_W_RN(1.0),N_A,W,2012,2011,SOR1,0,2011-11-18,INR,4169029806000
RBI:RMS_W_RN(1.0),N_A,W,2012,2011,SOR6,0,2011-11-18,INR,15433343222000
RBI:RMS_W_RN(1.0),N_A,W,2012,2011,SOR7,0,2011-11-18,INR,128862026000
RBI:RMS_W_RN(1.0),N_A,W,2012,2011,SOR5,0,2011-11-18,INR,19082400000
RBI:RMS_W_RN(1.0),N_A,W,2012,2011,SOR4,0,2011-11-18,INR,32571900000
RBI:RMS_W_RN(1.0),N_A,W,2012,2011,SOR8,0,2011-11-18,INR,5774514600000
RBI:RMS_W_RN(1.0),N_A,W,2012,2011,SOR1,0,2011-11-11,INR,4371233074000
RBI:RMS_W_RN(1.0),N_A,W,2012,2011,SOR4,0,2011-11-11,INR,43896200000
RBI:RMS_W_RN(1.0),N_A,W,2012,2011,SOR7,0,2011-11-11,INR,127836273000
RBI:RMS_W_RN(1.0),N_A,W,2012,2011,SOR8,0,2011-11-11,INR,5681379800000
RBI:RMS_W_RN(1.0),N_A,W,2012,2011,SOR5,0,2011-11-11,INR,19082400000
RBI:RMS_W_RN(1.0),N_A,W,2012,2011,SOR6,0,2011-11-11,INR,15426319422000
RBI:RMS_W_RN(1.0),N_A,W,2012,2011,SOR4,0,2011-11-04,INR,8736200000
RBI:RMS_W_RN(1.0),N_A,W,2012,2011,SOR6,0,2011-11-04,INR,15103658322000
RBI:RMS_W_RN(1.0),N_A,W,2012,2011,SOR7,0,2011-11-04,INR,127836273000
RBI:RMS_W_RN(1.0),N_A,W,2012,2011,SOR5,0,2011-11-04,INR,13227400000
RBI:RMS_W_RN(1.0),N_A,W,2012,2011,SOR8,0,2011-11-04,INR,5308073800000
RBI:RMS_W_RN(1.0),N_A,W,2012,2011,SOR1,0,2011-11-04,INR,3801784251000
RBI:RMS_W_RN(1.0),N_A,W,2012,2011,SOR1,0,2011-10-28,INR,3919839049000
RBI:RMS_W_RN(1.0),N_A,W,2012,2011,SOR4,0,2011-10-28,INR,37786200000
RBI:RMS_W_RN(1.0),N_A,W,2012,2011,SOR5,0,2011-10-28,INR,18779900000
RBI:RMS_W_RN(1.0),N_A,W,2012,2011,SOR6,0,2011-10-28,INR,15307679722000
RBI:RMS_W_RN(1.0),N_A,W,2012,2011,SOR8,0,2011-10-28,INR,5565263100000.001
RBI:RMS_W_RN(1.0),N_A,W,2012,2011,SOR7,0,2011-10-28,INR,127836273000
RBI:RMS_W_RN(1.0),N_A,W,2012,2011,SOR8,0,2011-10-21,INR,5785609500000
RBI:RMS_W_RN(1.0),N_A,W,2012,2011,SOR4,0,2011-10-21,INR,11018200000
RBI:RMS_W_RN(1.0),N_A,W,2012,2011,SOR7,0,2011-10-21,INR,127836273000
RBI:RMS_W_RN(1.0),N_A,W,2012,2011,SOR1,0,2011-10-21,INR,3947366893999.9995
RBI:RMS_W_RN(1.0),N_A,W,2012,2011,SOR5,0,2011-10-21,INR,18779900000
RBI:RMS_W_RN(1.0),N_A,W,2012,2011,SOR6,0,2011-10-21,INR,15567052922000
RBI:RMS_W_RN(1.0),N_A,W,2012,2011,SOR7,0,2011-10-14,INR,124809277000
RBI:RMS_W_RN(1.0),N_A,W,2012,2011,SOR5,0,2011-10-14,INR,18779900000
RBI:RMS_W_RN(1.0),N_A,W,2012,2011,SOR6,0,2011-10-14,INR,15241922860000
RBI:RMS_W_RN(1.0),N_A,W,2012,2011,SOR4,0,2011-10-14,INR,47053600000
RBI:RMS_W_RN(1.0),N_A,W,2012,2011,SOR1,0,2011-10-14,INR,3852464658000
RBI:RMS_W_RN(1.0),N_A,W,2012,2011,SOR8,0,2011-10-14,INR,5445285699999.999
RBI:RMS_W_RN(1.0),N_A,W,2012,2011,SOR8,0,2011-10-07,INR,5188561700000
RBI:RMS_W_RN(1.0),N_A,W,2012,2011,SOR5,0,2011-10-07,INR,13227400000
RBI:RMS_W_RN(1.0),N_A,W,2012,2011,SOR6,0,2011-10-07,INR,15006590460000
RBI:RMS_W_RN(1.0),N_A,W,2012,2011,SOR1,0,2011-10-07,INR,3421251761000
RBI:RMS_W_RN(1.0),N_A,W,2012,2011,SOR4,0,2011-10-07,INR,33281600000
RBI:RMS_W_RN(1.0),N_A,W,2012,2011,SOR7,0,2011-10-07,INR,124809277000
RBI:RMS_W_RN(1.0),N_A,W,2012,2011,SOR6,0,2011-09-30,INR,14911137360000
RBI:RMS_W_RN(1.0),N_A,W,2012,2011,SOR8,0,2011-09-30,INR,5151802900000
RBI:RMS_W_RN(1.0),N_A,W,2012,2011,SOR7,0,2011-09-30,INR,124809277000
RBI:RMS_W_RN(1.0),N_A,W,2012,2011,SOR4,0,2011-09-30,INR,39901600000
RBI:RMS_W_RN(1.0),N_A,W,2012,2011,SOR5,0,2011-09-30,INR,21295100000.000004
RBI:RMS_W_RN(1.0),N_A,W,2012,2011,SOR1,0,2011-09-30,INR,4067525382000
RBI:RMS_W_RN(1.0),N_A,W,2012,2011,SOR5,0,2011-09-23,INR,17827600000
RBI:RMS_W_RN(1.0),N_A,W,2012,2011,SOR7,0,2011-09-23,INR,124809277000
RBI:RMS_W_RN(1.0),N_A,W,2012,2011,SOR1,0,2011-09-23,INR,3566598884000
RBI:RMS_W_RN(1.0),N_A,W,2012,2011,SOR8,0,2011-09-23,INR,5266884000000
RBI:RMS_W_RN(1.0),N_A,W,2012,2011,SOR4,0,2011-09-23,INR,27021600000
RBI:RMS_W_RN(1.0),N_A,W,2012,2011,SOR6,0,2011-09-23,INR,15077334660000
RBI:RMS_W_RN(1.0),N_A,W,2012,2011,SOR6,0,2011-09-16,INR,14655734099000
RBI:RMS_W_RN(1.0),N_A,W,2012,2011,SOR5,0,2011-09-16,INR,15927600000
RBI:RMS_W_RN(1.0),N_A,W,2012,2011,SOR1,0,2011-09-16,INR,3788279118000
RBI:RMS_W_RN(1.0),N_A,W,2012,2011,SOR8,0,2011-09-16,INR,4863323100000
RBI:RMS_W_RN(1.0),N_A,W,2012,2011,SOR4,0,2011-09-16,INR,20433600000
RBI:RMS_W_RN(1.0),N_A,W,2012,2011,SOR7,0,2011-09-16,INR,124777130000
RBI:RMS_W_RN(1.0),N_A,W,2012,2011,SOR7,0,2011-09-09,INR,124777130000
RBI:RMS_W_RN(1.0),N_A,W,2012,2011,SOR5,0,2011-09-09,INR,14723000000
RBI:RMS_W_RN(1.0),N_A,W,2012,2011,SOR1,0,2011-09-09,INR,3771486364000
RBI:RMS_W_RN(1.0),N_A,W,2012,2011,SOR4,0,2011-09-09,INR,8240200000
RBI:RMS_W_RN(1.0),N_A,W,2012,2011,SOR8,0,2011-09-09,INR,4505516800000
RBI:RMS_W_RN(1.0),N_A,W,2012,2011,SOR6,0,2011-09-09,INR,14333714899000
RBI:RMS_W_RN(1.0),N_A,W,2012,2011,SOR5,0,2011-09-02,INR,18387700000
RBI:RMS_W_RN(1.0),N_A,W,2012,2011,SOR6,0,2011-09-02,INR,14390438899000
RBI:RMS_W_RN(1.0),N_A,W,2012,2011,SOR4,0,2011-09-02,INR,31577199999.999996
RBI:RMS_W_RN(1.0),N_A,W,2012,2011,SOR7,0,2011-09-02,INR,124777130000
RBI:RMS_W_RN(1.0),N_A,W,2012,2011,SOR8,0,2011-09-02,INR,4556202900000
RBI:RMS_W_RN(1.0),N_A,W,2012,2011,SOR1,0,2011-09-02,INR,3754351304000
RBI:RMS_W_RN(1.0),N_A,W,2012,2011,SOR7,0,2011-08-26,INR,124777130000
RBI:RMS_W_RN(1.0),N_A,W,2012,2011,SOR5,0,2011-08-26,INR,18387700000
RBI:RMS_W_RN(1.0),N_A,W,2012,2011,SOR8,0,2011-08-26,INR,4471644500000
RBI:RMS_W_RN(1.0),N_A,W,2012,2011,SOR4,0,2011-08-26,INR,17427200000
RBI:RMS_W_RN(1.0),N_A,W,2012,2011,SOR1,0,2011-08-26,INR,3681317831000
RBI:RMS_W_RN(1.0),N_A,W,2012,2011,SOR6,0,2011-08-26,INR,14310160999000
RBI:RMS_W_RN(1.0),N_A,W,2012,2011,SOR7,0,2011-08-19,INR,123622909000
RBI:RMS_W_RN(1.0),N_A,W,2012,2011,SOR8,0,2011-08-19,INR,4308676400000
RBI:RMS_W_RN(1.0),N_A,W,2012,2011,SOR4,0,2011-08-19,INR,23157199999.999996
RBI:RMS_W_RN(1.0),N_A,W,2012,2011,SOR1,0,2011-08-19,INR,3717452051000
RBI:RMS_W_RN(1.0),N_A,W,2012,2011,SOR5,0,2011-08-19,INR,18387700000
RBI:RMS_W_RN(1.0),N_A,W,2012,2011,SOR6,0,2011-08-19,INR,14141081399000
RBI:RMS_W_RN(1.0),N_A,W,2012,2011,SOR7,0,2011-08-12,INR,123622909000
RBI:RMS_W_RN(1.0),N_A,W,2012,2011,SOR4,0,2011-08-12,INR,11207200000
RBI:RMS_W_RN(1.0),N_A,W,2012,2011,SOR1,0,2011-08-12,INR,3700866031000
RBI:RMS_W_RN(1.0),N_A,W,2012,2011,SOR5,0,2011-08-12,INR,17107900000
RBI:RMS_W_RN(1.0),N_A,W,2012,2011,SOR6,0,2011-08-12,INR,14000702799000
RBI:RMS_W_RN(1.0),N_A,W,2012,2011,SOR8,0,2011-08-12,INR,4171273600000
RBI:RMS_W_RN(1.0),N_A,W,2012,2011,SOR5,0,2011-08-05,INR,17993400000
RBI:RMS_W_RN(1.0),N_A,W,2012,2011,SOR1,0,2011-08-05,INR,3620083633000.0005
RBI:RMS_W_RN(1.0),N_A,W,2012,2011,SOR6,0,2011-08-05,INR,13868086699000
RBI:RMS_W_RN(1.0),N_A,W,2012,2011,SOR7,0,2011-08-05,INR,123622909000
RBI:RMS_W_RN(1.0),N_A,W,2012,2011,SOR4,0,2011-08-05,INR,24207199999.999996
RBI:RMS_W_RN(1.0),N_A,W,2012,2011,SOR8,0,2011-08-05,INR,4169235800000
RBI:RMS_W_RN(1.0),N_A,W,2012,2011,SOR5,0,2011-07-29,INR,17993200000
RBI:RMS_W_RN(1.0),N_A,W,2012,2011,SOR6,0,2011-07-29,INR,13767255199000
RBI:RMS_W_RN(1.0),N_A,W,2012,2011,SOR4,0,2011-07-29,INR,23961900000
RBI:RMS_W_RN(1.0),N_A,W,2012,2011,SOR7,0,2011-07-29,INR,123622909000
RBI:RMS_W_RN(1.0),N_A,W,2012,2011,SOR8,0,2011-07-29,INR,4088407900000
RBI:RMS_W_RN(1.0),N_A,W,2012,2011,SOR1,0,2011-07-29,INR,3721336124000
RBI:RMS_W_RN(1.0),N_A,W,2012,2011,SOR8,0,2011-07-22,INR,4066847000000
RBI:RMS_W_RN(1.0),N_A,W,2012,2011,SOR6,0,2011-07-22,INR,13741498098950
RBI:RMS_W_RN(1.0),N_A,W,2012,2011,SOR4,0,2011-07-22,INR,31186900000
RBI:RMS_W_RN(1.0),N_A,W,2012,2011,SOR5,0,2011-07-22,INR,17993200000
RBI:RMS_W_RN(1.0),N_A,W,2012,2011,SOR1,0,2011-07-22,INR,3664771696000
RBI:RMS_W_RN(1.0),N_A,W,2012,2011,SOR7,0,2011-07-22,INR,122460404000
RBI:RMS_W_RN(1.0),N_A,W,2012,2011,SOR5,0,2011-07-15,INR,14071099999.999998
RBI:RMS_W_RN(1.0),N_A,W,2012,2011,SOR7,0,2011-07-15,INR,122460404000
RBI:RMS_W_RN(1.0),N_A,W,2012,2011,SOR1,0,2011-07-15,INR,3754229908999.9995
RBI:RMS_W_RN(1.0),N_A,W,2012,2011,SOR8,0,2011-07-15,INR,4004538200000
RBI:RMS_W_RN(1.0),N_A,W,2012,2011,SOR4,0,2011-07-15,INR,39866900000
RBI:RMS_W_RN(1.0),N_A,W,2012,2011,SOR6,0,2011-07-15,INR,13685083299000
RBI:RMS_W_RN(1.0),N_A,W,2012,2011,SOR7,0,2011-07-08,INR,122460404000
RBI:RMS_W_RN(1.0),N_A,W,2012,2011,SOR5,0,2011-07-08,INR,15021099999.999998
RBI:RMS_W_RN(1.0),N_A,W,2012,2011,SOR4,0,2011-07-08,INR,27616900000
RBI:RMS_W_RN(1.0),N_A,W,2012,2011,SOR1,0,2011-07-08,INR,3434037486000
RBI:RMS_W_RN(1.0),N_A,W,2012,2011,SOR8,0,2011-07-08,INR,3932969600000
RBI:RMS_W_RN(1.0),N_A,W,2012,2011,SOR6,0,2011-07-08,INR,13633655099000
RBI:RMS_W_RN(1.0),N_A,W,2012,2011,SOR1,0,2011-07-01,INR,4042468259000
RBI:RMS_W_RN(1.0),N_A,W,2012,2011,SOR5,0,2011-07-01,INR,20952800000.000004
RBI:RMS_W_RN(1.0),N_A,W,2012,2011,SOR4,0,2011-07-01,INR,17466900000
RBI:RMS_W_RN(1.0),N_A,W,2012,2011,SOR6,0,2011-07-01,INR,13790595499000
RBI:RMS_W_RN(1.0),N_A,W,2012,2011,SOR8,0,2011-07-01,INR,4138947000000
RBI:RMS_W_RN(1.0),N_A,W,2012,2011,SOR7,0,2011-07-01,INR,122460404000
RBI:RMS_W_RN(1.0),N_A,W,2012,2011,SOR1,0,2011-06-24,INR,3881958730000
RBI:RMS_W_RN(1.0),N_A,W,2012,2011,SOR8,0,2011-06-24,INR,3918858500000
RBI:RMS_W_RN(1.0),N_A,W,2012,2011,SOR6,0,2011-06-24,INR,13562101399000
RBI:RMS_W_RN(1.0),N_A,W,2012,2011,SOR7,0,2011-06-24,INR,122460404000
RBI:RMS_W_RN(1.0),N_A,W,2012,2011,SOR5,0,2011-06-24,INR,20979200000
RBI:RMS_W_RN(1.0),N_A,W,2012,2011,SOR4,0,2011-06-24,INR,28249400000
RBI:RMS_W_RN(1.0),N_A,W,2012,2011,SOR1,0,2011-06-17,INR,3761092502000
RBI:RMS_W_RN(1.0),N_A,W,2012,2011,SOR6,0,2011-06-17,INR,13627480099000
RBI:RMS_W_RN(1.0),N_A,W,2012,2011,SOR7,0,2011-06-17,INR,122460404000
RBI:RMS_W_RN(1.0),N_A,W,2012,2011,SOR4,0,2011-06-17,INR,20938500000
RBI:RMS_W_RN(1.0),N_A,W,2012,2011,SOR8,0,2011-06-17,INR,3980838200000
RBI:RMS_W_RN(1.0),N_A,W,2012,2011,SOR5,0,2011-06-17,INR,20979200000
RBI:RMS_W_RN(1.0),N_A,W,2012,2011,SOR1,0,2011-06-10,INR,3933281148000
RBI:RMS_W_RN(1.0),N_A,W,2012,2011,SOR6,0,2011-06-10,INR,13564491799000.002
RBI:RMS_W_RN(1.0),N_A,W,2012,2011,SOR8,0,2011-06-10,INR,3901408900000
RBI:RMS_W_RN(1.0),N_A,W,2012,2011,SOR4,0,2011-06-10,INR,19548500000
RBI:RMS_W_RN(1.0),N_A,W,2012,2011,SOR5,0,2011-06-10,INR,19459200000
RBI:RMS_W_RN(1.0),N_A,W,2012,2011,SOR7,0,2011-06-10,INR,129604256700
RBI:RMS_W_RN(1.0),N_A,W,2012,2011,SOR5,0,2011-06-03,INR,16903699999.999998
RBI:RMS_W_RN(1.0),N_A,W,2012,2011,SOR6,0,2011-06-03,INR,13708243499000
RBI:RMS_W_RN(1.0),N_A,W,2012,2011,SOR7,0,2011-06-03,INR,129604256700
RBI:RMS_W_RN(1.0),N_A,W,2012,2011,SOR8,0,2011-06-03,INR,4026830100000
RBI:RMS_W_RN(1.0),N_A,W,2012,2011,SOR1,0,2011-06-03,INR,3723963411000
RBI:RMS_W_RN(1.0),N_A,W,2012,2011,SOR4,0,2011-06-03,INR,19448500000
RBI:RMS_W_RN(1.0),N_A,W,2012,2011,SOR4,0,2011-05-27,INR,40461100000
RBI:RMS_W_RN(1.0),N_A,W,2012,2011,SOR8,0,2011-05-27,INR,4039952100000
RBI:RMS_W_RN(1.0),N_A,W,2012,2011,SOR6,0,2011-05-27,INR,13674946799000.002
RBI:RMS_W_RN(1.0),N_A,W,2012,2011,SOR7,0,2011-05-27,INR,129604256700
RBI:RMS_W_RN(1.0),N_A,W,2012,2011,SOR1,0,2011-05-27,INR,3872676275000
RBI:RMS_W_RN(1.0),N_A,W,2012,2011,SOR5,0,2011-05-27,INR,15953699999.999998
RBI:RMS_W_RN(1.0),N_A,W,2012,2011,SOR8,0,2011-05-20,INR,3878631500000
RBI:RMS_W_RN(1.0),N_A,W,2012,2011,SOR1,0,2011-05-20,INR,3804872206000
RBI:RMS_W_RN(1.0),N_A,W,2012,2011,SOR4,0,2011-05-20,INR,26648500000
RBI:RMS_W_RN(1.0),N_A,W,2012,2011,SOR7,0,2011-05-20,INR,129604256700
RBI:RMS_W_RN(1.0),N_A,W,2012,2011,SOR5,0,2011-05-20,INR,15953699999.999998
RBI:RMS_W_RN(1.0),N_A,W,2012,2011,SOR6,0,2011-05-20,INR,13521713499000
RBI:RMS_W_RN(1.0),N_A,W,2012,2011,SOR6,0,2011-05-13,INR,13468612899000
RBI:RMS_W_RN(1.0),N_A,W,2012,2011,SOR7,0,2011-05-13,INR,128338410700
RBI:RMS_W_RN(1.0),N_A,W,2012,2011,SOR1,0,2011-05-13,INR,4068033936000
RBI:RMS_W_RN(1.0),N_A,W,2012,2011,SOR4,0,2011-05-13,INR,27351000000
RBI:RMS_W_RN(1.0),N_A,W,2012,2011,SOR5,0,2011-05-13,INR,15953699999.999998
RBI:RMS_W_RN(1.0),N_A,W,2012,2011,SOR8,0,2011-05-13,INR,3841255800000
RBI:RMS_W_RN(1.0),N_A,W,2012,2011,SOR5,0,2011-05-06,INR,15953699999.999998
RBI:RMS_W_RN(1.0),N_A,W,2012,2011,SOR6,0,2011-05-06,INR,13521315399000
RBI:RMS_W_RN(1.0),N_A,W,2012,2011,SOR8,0,2011-05-06,INR,3871207600000
RBI:RMS_W_RN(1.0),N_A,W,2012,2011,SOR4,0,2011-05-06,INR,15861000000
RBI:RMS_W_RN(1.0),N_A,W,2012,2011,SOR7,0,2011-05-06,INR,128338410700
RBI:RMS_W_RN(1.0),N_A,W,2012,2011,SOR1,0,2011-05-06,INR,3672348988999.9995
RBI:RMS_W_RN(1.0),N_A,W,2012,2011,SOR4,0,2011-04-29,INR,21894000000
RBI:RMS_W_RN(1.0),N_A,W,2012,2011,SOR1,0,2011-04-29,INR,3776049139000
RBI:RMS_W_RN(1.0),N_A,W,2012,2011,SOR5,0,2011-04-29,INR,15953699999.999998
RBI:RMS_W_RN(1.0),N_A,W,2012,2011,SOR8,0,2011-04-29,INR,3946356900000
RBI:RMS_W_RN(1.0),N_A,W,2012,2011,SOR6,0,2011-04-29,INR,13583706699000
RBI:RMS_W_RN(1.0),N_A,W,2012,2011,SOR7,0,2011-04-29,INR,128338410700
RBI:RMS_W_RN(1.0),N_A,W,2012,2011,SOR1,0,2011-04-22,INR,3652803939000.0005
RBI:RMS_W_RN(1.0),N_A,W,2012,2011,SOR7,0,2011-04-22,INR,128338410700
RBI:RMS_W_RN(1.0),N_A,W,2012,2011,SOR5,0,2011-04-22,INR,13253800000.000002
RBI:RMS_W_RN(1.0),N_A,W,2012,2011,SOR6,0,2011-04-22,INR,13401763199000
RBI:RMS_W_RN(1.0),N_A,W,2012,2011,SOR4,0,2011-04-22,INR,11790000000
RBI:RMS_W_RN(1.0),N_A,W,2012,2011,SOR8,0,2011-04-22,INR,3745641200000
RBI:RMS_W_RN(1.0),N_A,W,2012,2011,SOR1,0,2011-04-15,INR,3757675547000
RBI:RMS_W_RN(1.0),N_A,W,2012,2011,SOR8,0,2011-04-15,INR,3723573649000
RBI:RMS_W_RN(1.0),N_A,W,2012,2011,SOR4,0,2011-04-15,INR,19465500000
RBI:RMS_W_RN(1.0),N_A,W,2012,2011,SOR7,0,2011-04-15,INR,127243401900.00002
RBI:RMS_W_RN(1.0),N_A,W,2012,2011,SOR6,0,2011-04-15,INR,13385346299000
RBI:RMS_W_RN(1.0),N_A,W,2012,2011,SOR5,0,2011-04-15,INR,15494800000
RBI:RMS_W_RN(1.0),N_A,W,2012,2011,SOR8,0,2011-04-08,INR,3566227400000
RBI:RMS_W_RN(1.0),N_A,W,2012,2011,SOR7,0,2011-04-08,INR,127243401900.00002
RBI:RMS_W_RN(1.0),N_A,W,2012,2011,SOR5,0,2011-04-08,INR,13253800000.000002
RBI:RMS_W_RN(1.0),N_A,W,2012,2011,SOR1,0,2011-04-08,INR,2781105189999.9995
RBI:RMS_W_RN(1.0),N_A,W,2012,2011,SOR4,0,2011-04-08,INR,10950000000
RBI:RMS_W_RN(1.0),N_A,W,2012,2011,SOR6,0,2011-04-08,INR,13265779699000
RBI:RMS_W_RN(1.0),N_A,W,2012,2011,SOR1,0,2011-04-01,INR,3963679500000
RBI:RMS_W_RN(1.0),N_A,W,2012,2011,SOR4,0,2011-04-01,INR,51592500000
RBI:RMS_W_RN(1.0),N_A,W,2012,2011,SOR7,0,2011-04-01,INR,127243401900.00002
RBI:RMS_W_RN(1.0),N_A,W,2012,2011,SOR8,0,2011-04-01,INR,3703093500000
RBI:RMS_W_RN(1.0),N_A,W,2012,2011,SOR6,0,2011-04-01,INR,13316460400000
RBI:RMS_W_RN(1.0),N_A,W,2012,2011,SOR5,0,2011-04-01,INR,21642800000.000004
RBI:RMS_W_RN(1.0),N_A,W,2011,2010,SOR7,0,2011-03-25,INR,127243401900.00002
RBI:RMS_W_RN(1.0),N_A,W,2011,2010,SOR6,0,2011-03-25,INR,13231993000000
RBI:RMS_W_RN(1.0),N_A,W,2011,2010,SOR4,0,2011-03-25,INR,51054100000
RBI:RMS_W_RN(1.0),N_A,W,2011,2010,SOR5,0,2011-03-25,INR,17603800000
RBI:RMS_W_RN(1.0),N_A,W,2011,2010,SOR1,0,2011-03-25,INR,3163886100000
RBI:RMS_W_RN(1.0),N_A,W,2011,2010,SOR8,0,2011-03-25,INR,3629209099999.9995
RBI:RMS_W_RN(1.0),N_A,W,2011,2010,SOR8,0,2011-03-18,INR,3789045600000
RBI:RMS_W_RN(1.0),N_A,W,2011,2010,SOR5,0,2011-03-18,INR,15703800000.000002
RBI:RMS_W_RN(1.0),N_A,W,2011,2010,SOR6,0,2011-03-18,INR,13353871674000
RBI:RMS_W_RN(1.0),N_A,W,2011,2010,SOR1,0,2011-03-18,INR,3422124900000
RBI:RMS_W_RN(1.0),N_A,W,2011,2010,SOR4,0,2011-03-18,INR,73124100000
RBI:RMS_W_RN(1.0),N_A,W,2011,2010,SOR7,0,2011-03-18,INR,125858600000
RBI:RMS_W_RN(1.0),N_A,W,2011,2010,SOR1,0,2011-03-11,INR,3130725600000
RBI:RMS_W_RN(1.0),N_A,W,2011,2010,SOR6,0,2011-03-11,INR,13320390774000
RBI:RMS_W_RN(1.0),N_A,W,2011,2010,SOR5,0,2011-03-11,INR,15703800000.000002
RBI:RMS_W_RN(1.0),N_A,W,2011,2010,SOR8,0,2011-03-11,INR,3710349300000
RBI:RMS_W_RN(1.0),N_A,W,2011,2010,SOR7,0,2011-03-11,INR,125858600000
RBI:RMS_W_RN(1.0),N_A,W,2011,2010,SOR4,0,2011-03-11,INR,41028100000.00001
RBI:RMS_W_RN(1.0),N_A,W,2011,2010,SOR4,0,2011-03-04,INR,44548100000.00001
RBI:RMS_W_RN(1.0),N_A,W,2011,2010,SOR8,0,2011-03-04,INR,3670796500000
RBI:RMS_W_RN(1.0),N_A,W,2011,2010,SOR7,0,2011-03-04,INR,125858600000
RBI:RMS_W_RN(1.0),N_A,W,2011,2010,SOR5,0,2011-03-04,INR,15703800000.000002
RBI:RMS_W_RN(1.0),N_A,W,2011,2010,SOR1,0,2011-03-04,INR,3095253800000
RBI:RMS_W_RN(1.0),N_A,W,2011,2010,SOR6,0,2011-03-04,INR,13292155874000
RBI:RMS_W_RN(1.0),N_A,W,2011,2010,SOR8,0,2011-02-25,INR,3715415000000
RBI:RMS_W_RN(1.0),N_A,W,2011,2010,SOR7,0,2011-02-25,INR,125858600000
RBI:RMS_W_RN(1.0),N_A,W,2011,2010,SOR5,0,2011-02-25,INR,15703800000.000002
RBI:RMS_W_RN(1.0),N_A,W,2011,2010,SOR6,0,2011-02-25,INR,13332685274000
RBI:RMS_W_RN(1.0),N_A,W,2011,2010,SOR4,0,2011-02-25,INR,34258100000
RBI:RMS_W_RN(1.0),N_A,W,2011,2010,SOR1,0,2011-02-25,INR,3002110700000
RBI:RMS_W_RN(1.0),N_A,W,2011,2010,SOR5,0,2011-02-18,INR,15703800000.000002
RBI:RMS_W_RN(1.0),N_A,W,2011,2010,SOR6,0,2011-02-18,INR,13276466473999.998
RBI:RMS_W_RN(1.0),N_A,W,2011,2010,SOR4,0,2011-02-18,INR,34318100000
RBI:RMS_W_RN(1.0),N_A,W,2011,2010,SOR7,0,2011-02-18,INR,124786200000.00002
RBI:RMS_W_RN(1.0),N_A,W,2011,2010,SOR8,0,2011-02-18,INR,3676407900000
RBI:RMS_W_RN(1.0),N_A,W,2011,2010,SOR1,0,2011-02-18,INR,3164251200000
RBI:RMS_W_RN(1.0),N_A,W,2011,2010,SOR1,0,2011-02-11,INR,2994314300000
RBI:RMS_W_RN(1.0),N_A,W,2011,2010,SOR5,0,2011-02-11,INR,15703800000.000002
RBI:RMS_W_RN(1.0),N_A,W,2011,2010,SOR7,0,2011-02-11,INR,124786200000.00002
RBI:RMS_W_RN(1.0),N_A,W,2011,2010,SOR4,0,2011-02-11,INR,31128100000
RBI:RMS_W_RN(1.0),N_A,W,2011,2010,SOR6,0,2011-02-11,INR,13344912174000
RBI:RMS_W_RN(1.0),N_A,W,2011,2010,SOR8,0,2011-02-11,INR,3734823600000
RBI:RMS_W_RN(1.0),N_A,W,2011,2010,SOR1,0,2011-02-04,INR,2878150700000
RBI:RMS_W_RN(1.0),N_A,W,2011,2010,SOR4,0,2011-02-04,INR,42868100000.00001
RBI:RMS_W_RN(1.0),N_A,W,2011,2010,SOR6,0,2011-02-04,INR,13344837574000
RBI:RMS_W_RN(1.0),N_A,W,2011,2010,SOR8,0,2011-02-04,INR,3723764099999.9995
RBI:RMS_W_RN(1.0),N_A,W,2011,2010,SOR5,0,2011-02-04,INR,13253800000.000002
RBI:RMS_W_RN(1.0),N_A,W,2011,2010,SOR7,0,2011-02-04,INR,124786200000.00002
RBI:RMS_W_RN(1.0),N_A,W,2011,2010,SOR7,0,2011-01-28,INR,124786200000.00002
RBI:RMS_W_RN(1.0),N_A,W,2011,2010,SOR4,0,2011-01-28,INR,44678100000.00001
RBI:RMS_W_RN(1.0),N_A,W,2011,2010,SOR5,0,2011-01-28,INR,13253800000.000002
RBI:RMS_W_RN(1.0),N_A,W,2011,2010,SOR8,0,2011-01-28,INR,3737379600000
RBI:RMS_W_RN(1.0),N_A,W,2011,2010,SOR6,0,2011-01-28,INR,13335069274000
RBI:RMS_W_RN(1.0),N_A,W,2011,2010,SOR1,0,2011-01-28,INR,2693016200000
RBI:RMS_W_RN(1.0),N_A,W,2011,2010,SOR7,0,2011-01-21,INR,123734200000
RBI:RMS_W_RN(1.0),N_A,W,2011,2010,SOR4,0,2011-01-21,INR,52385100000
RBI:RMS_W_RN(1.0),N_A,W,2011,2010,SOR6,0,2011-01-21,INR,13336610400000
RBI:RMS_W_RN(1.0),N_A,W,2011,2010,SOR5,0,2011-01-21,INR,13786300000.000002
RBI:RMS_W_RN(1.0),N_A,W,2011,2010,SOR8,0,2011-01-21,INR,3759922900000
RBI:RMS_W_RN(1.0),N_A,W,2011,2010,SOR1,0,2011-01-21,INR,3107203100000
RBI:RMS_W_RN(1.0),N_A,W,2011,2010,SOR7,0,2011-01-14,INR,123734200000
RBI:RMS_W_RN(1.0),N_A,W,2011,2010,SOR5,0,2011-01-14,INR,13786300000.000002
RBI:RMS_W_RN(1.0),N_A,W,2011,2010,SOR6,0,2011-01-14,INR,13152393942000
RBI:RMS_W_RN(1.0),N_A,W,2011,2010,SOR4,0,2011-01-14,INR,33635100000.000004
RBI:RMS_W_RN(1.0),N_A,W,2011,2010,SOR1,0,2011-01-14,INR,2792841300000
RBI:RMS_W_RN(1.0),N_A,W,2011,2010,SOR8,0,2011-01-14,INR,3549309800000
RBI:RMS_W_RN(1.0),N_A,W,2011,2010,SOR8,0,2011-01-07,INR,3415333700000
RBI:RMS_W_RN(1.0),N_A,W,2011,2010,SOR4,0,2011-01-07,INR,39635100000
RBI:RMS_W_RN(1.0),N_A,W,2011,2010,SOR5,0,2011-01-07,INR,13786300000.000002
RBI:RMS_W_RN(1.0),N_A,W,2011,2010,SOR6,0,2011-01-07,INR,13021147941999.998
RBI:RMS_W_RN(1.0),N_A,W,2011,2010,SOR7,0,2011-01-07,INR,123734200000
RBI:RMS_W_RN(1.0),N_A,W,2011,2010,SOR1,0,2011-01-07,INR,2715091100000
RBI:RMS_W_RN(1.0),N_A,W,2011,2010,SOR8,0,2010-12-31,INR,3430953800000
RBI:RMS_W_RN(1.0),N_A,W,2011,2010,SOR5,0,2010-12-31,INR,16256290000
RBI:RMS_W_RN(1.0),N_A,W,2011,2010,SOR6,0,2010-12-31,INR,13018701642000
RBI:RMS_W_RN(1.0),N_A,W,2011,2010,SOR7,0,2010-12-31,INR,123734200000
RBI:RMS_W_RN(1.0),N_A,W,2011,2010,SOR4,0,2010-12-31,INR,50775100000
RBI:RMS_W_RN(1.0),N_A,W,2011,2010,SOR1,0,2010-12-31,INR,2639524800000
RBI:RMS_W_RN(1.0),N_A,W,2011,2010,SOR7,0,2010-12-24,INR,122537099999.99998
RBI:RMS_W_RN(1.0),N_A,W,2011,2010,SOR6,0,2010-12-24,INR,13056627142000
RBI:RMS_W_RN(1.0),N_A,W,2011,2010,SOR4,0,2010-12-24,INR,43675100000
RBI:RMS_W_RN(1.0),N_A,W,2011,2010,SOR8,0,2010-12-24,INR,3501114600000
RBI:RMS_W_RN(1.0),N_A,W,2011,2010,SOR5,0,2010-12-24,INR,16256290000
RBI:RMS_W_RN(1.0),N_A,W,2011,2010,SOR1,0,2010-12-24,INR,2772416400000
RBI:RMS_W_RN(1.0),N_A,W,2011,2010,SOR4,0,2010-12-17,INR,42905100000
RBI:RMS_W_RN(1.0),N_A,W,2011,2010,SOR5,0,2010-12-17,INR,16256290000
RBI:RMS_W_RN(1.0),N_A,W,2011,2010,SOR7,0,2010-12-17,INR,122537099999.99998
RBI:RMS_W_RN(1.0),N_A,W,2011,2010,SOR8,0,2010-12-17,INR,3538286300000
RBI:RMS_W_RN(1.0),N_A,W,2011,2010,SOR6,0,2010-12-17,INR,13078489742000
RBI:RMS_W_RN(1.0),N_A,W,2011,2010,SOR1,0,2010-12-17,INR,2707951200000
RBI:RMS_W_RN(1.0),N_A,W,2011,2010,SOR4,0,2010-12-10,INR,38006100000
RBI:RMS_W_RN(1.0),N_A,W,2011,2010,SOR5,0,2010-12-10,INR,16256290000
RBI:RMS_W_RN(1.0),N_A,W,2011,2010,SOR6,0,2010-12-10,INR,13069697941000
RBI:RMS_W_RN(1.0),N_A,W,2011,2010,SOR7,0,2010-12-10,INR,122537099999.99998
RBI:RMS_W_RN(1.0),N_A,W,2011,2010,SOR1,0,2010-12-10,INR,2823960200000
RBI:RMS_W_RN(1.0),N_A,W,2011,2010,SOR8,0,2010-12-10,INR,3531414600000
RBI:RMS_W_RN(1.0),N_A,W,2011,2010,SOR4,0,2010-12-03,INR,34566100000
RBI:RMS_W_RN(1.0),N_A,W,2011,2010,SOR5,0,2010-12-03,INR,16256290000
RBI:RMS_W_RN(1.0),N_A,W,2011,2010,SOR6,0,2010-12-03,INR,13079191946000
RBI:RMS_W_RN(1.0),N_A,W,2011,2010,SOR8,0,2010-12-03,INR,3521363600000
RBI:RMS_W_RN(1.0),N_A,W,2011,2010,SOR1,0,2010-12-03,INR,2560176300000
RBI:RMS_W_RN(1.0),N_A,W,2011,2010,SOR7,0,2010-12-03,INR,122537099999.99998
RBI:RMS_W_RN(1.0),N_A,W,2011,2010,SOR7,0,2010-11-26,INR,122537099999.99998
RBI:RMS_W_RN(1.0),N_A,W,2011,2010,SOR4,0,2010-11-26,INR,46526100000
RBI:RMS_W_RN(1.0),N_A,W,2011,2010,SOR1,0,2010-11-26,INR,2644912900000
RBI:RMS_W_RN(1.0),N_A,W,2011,2010,SOR6,0,2010-11-26,INR,13109189841000
RBI:RMS_W_RN(1.0),N_A,W,2011,2010,SOR5,0,2010-11-26,INR,16256300000.000002
RBI:RMS_W_RN(1.0),N_A,W,2011,2010,SOR8,0,2010-11-26,INR,3573514600000
RBI:RMS_W_RN(1.0),N_A,W,2011,2010,SOR7,0,2010-11-19,INR,122537099999.99998
RBI:RMS_W_RN(1.0),N_A,W,2011,2010,SOR8,0,2010-11-19,INR,3618906100000
RBI:RMS_W_RN(1.0),N_A,W,2011,2010,SOR5,0,2010-11-19,INR,15723800000.000002
RBI:RMS_W_RN(1.0),N_A,W,2011,2010,SOR6,0,2010-11-19,INR,13159132641000
RBI:RMS_W_RN(1.0),N_A,W,2011,2010,SOR4,0,2010-11-19,INR,45126100000
RBI:RMS_W_RN(1.0),N_A,W,2011,2010,SOR1,0,2010-11-19,INR,2595133300000
RBI:RMS_W_RN(1.0),N_A,W,2011,2010,SOR6,0,2010-11-12,INR,13006328640999.998
RBI:RMS_W_RN(1.0),N_A,W,2011,2010,SOR8,0,2010-11-12,INR,3473891200000
RBI:RMS_W_RN(1.0),N_A,W,2011,2010,SOR5,0,2010-11-12,INR,15723800000.000002
RBI:RMS_W_RN(1.0),N_A,W,2011,2010,SOR4,0,2010-11-12,INR,58076100000
RBI:RMS_W_RN(1.0),N_A,W,2011,2010,SOR7,0,2010-11-12,INR,121522700000
RBI:RMS_W_RN(1.0),N_A,W,2011,2010,SOR1,0,2010-11-12,INR,2915597700000
RBI:RMS_W_RN(1.0),N_A,W,2011,2010,SOR7,0,2010-11-05,INR,121522700000
RBI:RMS_W_RN(1.0),N_A,W,2011,2010,SOR4,0,2010-11-05,INR,39366100000
RBI:RMS_W_RN(1.0),N_A,W,2011,2010,SOR8,0,2010-11-05,INR,3480800100000
RBI:RMS_W_RN(1.0),N_A,W,2011,2010,SOR5,0,2010-11-05,INR,15723800000.000002
RBI:RMS_W_RN(1.0),N_A,W,2011,2010,SOR6,0,2010-11-05,INR,12999444341000
RBI:RMS_W_RN(1.0),N_A,W,2011,2010,SOR1,0,2010-11-05,INR,2632410300000.0005
RBI:RMS_W_RN(1.0),N_A,W,2011,2010,SOR1,0,2010-10-29,INR,2790140300000.0005
RBI:RMS_W_RN(1.0),N_A,W,2011,2010,SOR4,0,2010-10-29,INR,56420600000.00001
RBI:RMS_W_RN(1.0),N_A,W,2011,2010,SOR8,0,2010-10-29,INR,3475734600000
RBI:RMS_W_RN(1.0),N_A,W,2011,2010,SOR6,0,2010-10-29,INR,12961506941000
RBI:RMS_W_RN(1.0),N_A,W,2011,2010,SOR7,0,2010-10-29,INR,121522700000
RBI:RMS_W_RN(1.0),N_A,W,2011,2010,SOR5,0,2010-10-29,INR,15723800000.000002
RBI:RMS_W_RN(1.0),N_A,W,2011,2010,SOR1,0,2010-10-22,INR,2056505799999.9998
RBI:RMS_W_RN(1.0),N_A,W,2011,2010,SOR7,0,2010-10-22,INR,121522700000
RBI:RMS_W_RN(1.0),N_A,W,2011,2010,SOR6,0,2010-10-22,INR,12834213341000
RBI:RMS_W_RN(1.0),N_A,W,2011,2010,SOR8,0,2010-10-22,INR,3332213400000.0005
RBI:RMS_W_RN(1.0),N_A,W,2011,2010,SOR4,0,2010-10-22,INR,41535000000
RBI:RMS_W_RN(1.0),N_A,W,2011,2010,SOR5,0,2010-10-22,INR,14773800000.000002
RBI:RMS_W_RN(1.0),N_A,W,2011,2010,SOR7,0,2010-10-15,INR,120003400000
RBI:RMS_W_RN(1.0),N_A,W,2011,2010,SOR5,0,2010-10-15,INR,14773800000.000002
RBI:RMS_W_RN(1.0),N_A,W,2011,2010,SOR8,0,2010-10-15,INR,3273204200000
RBI:RMS_W_RN(1.0),N_A,W,2011,2010,SOR6,0,2010-10-15,INR,12762509941000
RBI:RMS_W_RN(1.0),N_A,W,2011,2010,SOR1,0,2010-10-15,INR,2607444600000
RBI:RMS_W_RN(1.0),N_A,W,2011,2010,SOR4,0,2010-10-15,INR,40175000000
RBI:RMS_W_RN(1.0),N_A,W,2011,2010,SOR1,0,2010-10-08,INR,1947017100000
RBI:RMS_W_RN(1.0),N_A,W,2011,2010,SOR8,0,2010-10-08,INR,3293044400000
RBI:RMS_W_RN(1.0),N_A,W,2011,2010,SOR7,0,2010-10-08,INR,120003400000
RBI:RMS_W_RN(1.0),N_A,W,2011,2010,SOR4,0,2010-10-08,INR,25946000000
RBI:RMS_W_RN(1.0),N_A,W,2011,2010,SOR6,0,2010-10-08,INR,12830808041000
RBI:RMS_W_RN(1.0),N_A,W,2011,2010,SOR5,0,2010-10-08,INR,13253800000.000002
RBI:RMS_W_RN(1.0),N_A,W,2011,2010,SOR4,0,2010-10-01,INR,57611200000
RBI:RMS_W_RN(1.0),N_A,W,2011,2010,SOR1,0,2010-10-01,INR,2283939200000
RBI:RMS_W_RN(1.0),N_A,W,2011,2010,SOR8,0,2010-10-01,INR,3324130900000.0005
RBI:RMS_W_RN(1.0),N_A,W,2011,2010,SOR5,0,2010-10-01,INR,13253800000.000002
RBI:RMS_W_RN(1.0),N_A,W,2011,2010,SOR7,0,2010-10-01,INR,120003400000
RBI:RMS_W_RN(1.0),N_A,W,2011,2010,SOR6,0,2010-10-01,INR,12840125141000
RBI:RMS_W_RN(1.0),N_A,W,2011,2010,SOR7,0,2010-09-24,INR,120003400000
RBI:RMS_W_RN(1.0),N_A,W,2011,2010,SOR5,0,2010-09-24,INR,13253800000.000002
RBI:RMS_W_RN(1.0),N_A,W,2011,2010,SOR8,0,2010-09-24,INR,3479666100000
RBI:RMS_W_RN(1.0),N_A,W,2011,2010,SOR1,0,2010-09-24,INR,2067607200000
RBI:RMS_W_RN(1.0),N_A,W,2011,2010,SOR6,0,2010-09-24,INR,12999867441000
RBI:RMS_W_RN(1.0),N_A,W,2011,2010,SOR4,0,2010-09-24,INR,23456000000
RBI:RMS_W_RN(1.0),N_A,W,2011,2010,SOR6,0,2010-09-17,INR,12939897141000
RBI:RMS_W_RN(1.0),N_A,W,2011,2010,SOR1,0,2010-09-17,INR,2155947100000
RBI:RMS_W_RN(1.0),N_A,W,2011,2010,SOR8,0,2010-09-17,INR,3429715500000
RBI:RMS_W_RN(1.0),N_A,W,2011,2010,SOR4,0,2010-09-17,INR,11013000000
RBI:RMS_W_RN(1.0),N_A,W,2011,2010,SOR5,0,2010-09-17,INR,13253800000.000002
RBI:RMS_W_RN(1.0),N_A,W,2011,2010,SOR7,0,2010-09-17,INR,118862900000.00002
RBI:RMS_W_RN(1.0),N_A,W,2011,2010,SOR6,0,2010-09-10,INR,12945887941000
RBI:RMS_W_RN(1.0),N_A,W,2011,2010,SOR4,0,2010-09-10,INR,8770000000
RBI:RMS_W_RN(1.0),N_A,W,2011,2010,SOR8,0,2010-09-10,INR,3417755500000
RBI:RMS_W_RN(1.0),N_A,W,2011,2010,SOR5,0,2010-09-10,INR,13253800000.000002
RBI:RMS_W_RN(1.0),N_A,W,2011,2010,SOR7,0,2010-09-10,INR,118862900000.00002
RBI:RMS_W_RN(1.0),N_A,W,2011,2010,SOR1,0,2010-09-10,INR,2420925100000
RBI:RMS_W_RN(1.0),N_A,W,2011,2010,SOR5,0,2010-09-03,INR,13253800000.000002
RBI:RMS_W_RN(1.0),N_A,W,2011,2010,SOR4,0,2010-09-03,INR,9380000000
RBI:RMS_W_RN(1.0),N_A,W,2011,2010,SOR7,0,2010-09-03,INR,118862900000.00002
RBI:RMS_W_RN(1.0),N_A,W,2011,2010,SOR8,0,2010-09-03,INR,3454935400000
RBI:RMS_W_RN(1.0),N_A,W,2011,2010,SOR6,0,2010-09-03,INR,13012280041000
RBI:RMS_W_RN(1.0),N_A,W,2011,2010,SOR1,0,2010-09-03,INR,2055213700000
RBI:RMS_W_RN(1.0),N_A,W,2011,2010,SOR5,0,2010-08-27,INR,13253800000.000002
RBI:RMS_W_RN(1.0),N_A,W,2011,2010,SOR4,0,2010-08-27,INR,8947600000
RBI:RMS_W_RN(1.0),N_A,W,2011,2010,SOR8,0,2010-08-27,INR,3393243300000
RBI:RMS_W_RN(1.0),N_A,W,2011,2010,SOR7,0,2010-08-27,INR,118862900000.00002
RBI:RMS_W_RN(1.0),N_A,W,2011,2010,SOR1,0,2010-08-27,INR,2076110200000
RBI:RMS_W_RN(1.0),N_A,W,2011,2010,SOR6,0,2010-08-27,INR,12933748141000
RBI:RMS_W_RN(1.0),N_A,W,2011,2010,SOR8,0,2010-08-20,INR,3322405600000
RBI:RMS_W_RN(1.0),N_A,W,2011,2010,SOR4,0,2010-08-20,INR,11277400000
RBI:RMS_W_RN(1.0),N_A,W,2011,2010,SOR5,0,2010-08-20,INR,13253800000.000002
RBI:RMS_W_RN(1.0),N_A,W,2011,2010,SOR1,0,2010-08-20,INR,2256031700000
RBI:RMS_W_RN(1.0),N_A,W,2011,2010,SOR6,0,2010-08-20,INR,12848808841000
RBI:RMS_W_RN(1.0),N_A,W,2011,2010,SOR7,0,2010-08-20,INR,117612600000
RBI:RMS_W_RN(1.0),N_A,W,2011,2010,SOR6,0,2010-08-13,INR,12859129641000
RBI:RMS_W_RN(1.0),N_A,W,2011,2010,SOR5,0,2010-08-13,INR,13253800000.000002
RBI:RMS_W_RN(1.0),N_A,W,2011,2010,SOR7,0,2010-08-13,INR,117612600000
RBI:RMS_W_RN(1.0),N_A,W,2011,2010,SOR8,0,2010-08-13,INR,3330625900000.0005
RBI:RMS_W_RN(1.0),N_A,W,2011,2010,SOR1,0,2010-08-13,INR,2091227200000
RBI:RMS_W_RN(1.0),N_A,W,2011,2010,SOR4,0,2010-08-13,INR,11319800000
RBI:RMS_W_RN(1.0),N_A,W,2011,2010,SOR1,0,2010-08-06,INR,2218368300000
RBI:RMS_W_RN(1.0),N_A,W,2011,2010,SOR7,0,2010-08-06,INR,117612600000
RBI:RMS_W_RN(1.0),N_A,W,2011,2010,SOR5,0,2010-08-06,INR,13253800000.000002
RBI:RMS_W_RN(1.0),N_A,W,2011,2010,SOR6,0,2010-08-06,INR,12921853541000.002
RBI:RMS_W_RN(1.0),N_A,W,2011,2010,SOR8,0,2010-08-06,INR,3565843200000
RBI:RMS_W_RN(1.0),N_A,W,2011,2010,SOR4,0,2010-08-06,INR,12799800000
RBI:RMS_W_RN(1.0),N_A,W,2011,2010,SOR6,0,2010-07-30,INR,12919370841000
RBI:RMS_W_RN(1.0),N_A,W,2011,2010,SOR7,0,2010-07-30,INR,117612600000
RBI:RMS_W_RN(1.0),N_A,W,2011,2010,SOR1,0,2010-07-30,INR,2226346800000
RBI:RMS_W_RN(1.0),N_A,W,2011,2010,SOR5,0,2010-07-30,INR,13253800000.000002
RBI:RMS_W_RN(1.0),N_A,W,2011,2010,SOR4,0,2010-07-30,INR,20411900000
RBI:RMS_W_RN(1.0),N_A,W,2011,2010,SOR8,0,2010-07-30,INR,3589086400000
RBI:RMS_W_RN(1.0),N_A,W,2011,2010,SOR5,0,2010-07-23,INR,15752300000
RBI:RMS_W_RN(1.0),N_A,W,2011,2010,SOR4,0,2010-07-23,INR,32714899999.999996
RBI:RMS_W_RN(1.0),N_A,W,2011,2010,SOR6,0,2010-07-23,INR,13004214141000
RBI:RMS_W_RN(1.0),N_A,W,2011,2010,SOR8,0,2010-07-23,INR,3711528300000
RBI:RMS_W_RN(1.0),N_A,W,2011,2010,SOR1,0,2010-07-23,INR,2477437400000
RBI:RMS_W_RN(1.0),N_A,W,2011,2010,SOR7,0,2010-07-23,INR,116246600000
RBI:RMS_W_RN(1.0),N_A,W,2011,2010,SOR1,0,2010-07-16,INR,2267188700000
RBI:RMS_W_RN(1.0),N_A,W,2011,2010,SOR7,0,2010-07-16,INR,116246600000
RBI:RMS_W_RN(1.0),N_A,W,2011,2010,SOR4,0,2010-07-16,INR,27567700000
RBI:RMS_W_RN(1.0),N_A,W,2011,2010,SOR6,0,2010-07-16,INR,12904274941000
RBI:RMS_W_RN(1.0),N_A,W,2011,2010,SOR8,0,2010-07-16,INR,3598567400000
RBI:RMS_W_RN(1.0),N_A,W,2011,2010,SOR5,0,2010-07-16,INR,15752300000
RBI:RMS_W_RN(1.0),N_A,W,2011,2010,SOR4,0,2010-07-09,INR,27047700000
RBI:RMS_W_RN(1.0),N_A,W,2011,2010,SOR1,0,2010-07-09,INR,2324521700000
RBI:RMS_W_RN(1.0),N_A,W,2011,2010,SOR5,0,2010-07-09,INR,15752300000
RBI:RMS_W_RN(1.0),N_A,W,2011,2010,SOR7,0,2010-07-09,INR,116246600000
RBI:RMS_W_RN(1.0),N_A,W,2011,2010,SOR8,0,2010-07-09,INR,3485846700000
RBI:RMS_W_RN(1.0),N_A,W,2011,2010,SOR6,0,2010-07-09,INR,12778848441000.002
RBI:RMS_W_RN(1.0),N_A,W,2011,2010,SOR6,0,2010-07-02,INR,12707926441000
RBI:RMS_W_RN(1.0),N_A,W,2011,2010,SOR8,0,2010-07-02,INR,3409148800000
RBI:RMS_W_RN(1.0),N_A,W,2011,2010,SOR4,0,2010-07-02,INR,21977700000
RBI:RMS_W_RN(1.0),N_A,W,2011,2010,SOR1,0,2010-07-02,INR,2232438500000
RBI:RMS_W_RN(1.0),N_A,W,2011,2010,SOR7,0,2010-07-02,INR,116246600000
RBI:RMS_W_RN(1.0),N_A,W,2011,2010,SOR5,0,2010-07-02,INR,15752300000
RBI:RMS_W_RN(1.0),N_A,W,2011,2010,SOR4,0,2010-06-25,INR,23733100000
RBI:RMS_W_RN(1.0),N_A,W,2011,2010,SOR5,0,2010-06-25,INR,14781099999.999998
RBI:RMS_W_RN(1.0),N_A,W,2011,2010,SOR7,0,2010-06-25,INR,116246600000
RBI:RMS_W_RN(1.0),N_A,W,2011,2010,SOR6,0,2010-06-25,INR,12613052541000
RBI:RMS_W_RN(1.0),N_A,W,2011,2010,SOR1,0,2010-06-25,INR,2447895200000
RBI:RMS_W_RN(1.0),N_A,W,2011,2010,SOR8,0,2010-06-25,INR,3337190900000.0005
RBI:RMS_W_RN(1.0),N_A,W,2011,2010,SOR6,0,2010-06-18,INR,12465648441000.002
RBI:RMS_W_RN(1.0),N_A,W,2011,2010,SOR7,0,2010-06-18,INR,116246600000
RBI:RMS_W_RN(1.0),N_A,W,2011,2010,SOR5,0,2010-06-18,INR,14781099999.999998
RBI:RMS_W_RN(1.0),N_A,W,2011,2010,SOR4,0,2010-06-18,INR,18696800000
RBI:RMS_W_RN(1.0),N_A,W,2011,2010,SOR1,0,2010-06-18,INR,2273819300000
RBI:RMS_W_RN(1.0),N_A,W,2011,2010,SOR8,0,2010-06-18,INR,3181339000000
RBI:RMS_W_RN(1.0),N_A,W,2011,2010,SOR1,0,2010-06-11,INR,2446936400000
RBI:RMS_W_RN(1.0),N_A,W,2011,2010,SOR4,0,2010-06-11,INR,26416800000
RBI:RMS_W_RN(1.0),N_A,W,2011,2010,SOR5,0,2010-06-11,INR,14135100000
RBI:RMS_W_RN(1.0),N_A,W,2011,2010,SOR8,0,2010-06-11,INR,3203776599999.9995
RBI:RMS_W_RN(1.0),N_A,W,2011,2010,SOR7,0,2010-06-11,INR,115078700000.00002
RBI:RMS_W_RN(1.0),N_A,W,2011,2010,SOR6,0,2010-06-11,INR,12489577141000
RBI:RMS_W_RN(1.0),N_A,W,2011,2010,SOR1,0,2010-06-04,INR,2138131900000
RBI:RMS_W_RN(1.0),N_A,W,2011,2010,SOR4,0,2010-06-04,INR,1350000000
RBI:RMS_W_RN(1.0),N_A,W,2011,2010,SOR8,0,2010-06-04,INR,3079215500000
RBI:RMS_W_RN(1.0),N_A,W,2011,2010,SOR6,0,2010-06-04,INR,12373644241000
RBI:RMS_W_RN(1.0),N_A,W,2011,2010,SOR5,0,2010-06-04,INR,13280100000
RBI:RMS_W_RN(1.0),N_A,W,2011,2010,SOR7,0,2010-06-04,INR,115078700000.00002
RBI:RMS_W_RN(1.0),N_A,W,2011,2010,SOR6,0,2010-05-28,INR,12342872041000
RBI:RMS_W_RN(1.0),N_A,W,2011,2010,SOR4,0,2010-05-28,INR,0.0
RBI:RMS_W_RN(1.0),N_A,W,2011,2010,SOR1,0,2010-05-28,INR,2421801200000
RBI:RMS_W_RN(1.0),N_A,W,2011,2010,SOR8,0,2010-05-28,INR,3021831500000
RBI:RMS_W_RN(1.0),N_A,W,2011,2010,SOR7,0,2010-05-28,INR,115078700000.00002
RBI:RMS_W_RN(1.0),N_A,W,2011,2010,SOR5,0,2010-05-28,INR,13280100000
RBI:RMS_W_RN(1.0),N_A,W,2011,2010,SOR6,0,2010-05-21,INR,12508867841000
RBI:RMS_W_RN(1.0),N_A,W,2011,2010,SOR8,0,2010-05-21,INR,3168403800000
RBI:RMS_W_RN(1.0),N_A,W,2011,2010,SOR5,0,2010-05-21,INR,13280100000
RBI:RMS_W_RN(1.0),N_A,W,2011,2010,SOR1,0,2010-05-21,INR,2124850100000
RBI:RMS_W_RN(1.0),N_A,W,2011,2010,SOR7,0,2010-05-21,INR,115078700000.00002
RBI:RMS_W_RN(1.0),N_A,W,2011,2010,SOR4,0,2010-05-21,INR,0.0
RBI:RMS_W_RN(1.0),N_A,W,2011,2010,SOR7,0,2010-05-14,INR,114005100000
RBI:RMS_W_RN(1.0),N_A,W,2011,2010,SOR1,0,2010-05-14,INR,2232981700000
RBI:RMS_W_RN(1.0),N_A,W,2011,2010,SOR4,0,2010-05-14,INR,0.0
RBI:RMS_W_RN(1.0),N_A,W,2011,2010,SOR5,0,2010-05-14,INR,13280100000
RBI:RMS_W_RN(1.0),N_A,W,2011,2010,SOR6,0,2010-05-14,INR,12046536409000
RBI:RMS_W_RN(1.0),N_A,W,2011,2010,SOR8,0,2010-05-14,INR,2713636700000
RBI:RMS_W_RN(1.0),N_A,W,2011,2010,SOR8,0,2010-05-07,INR,2964864900000
RBI:RMS_W_RN(1.0),N_A,W,2011,2010,SOR6,0,2010-05-07,INR,12297104109000
RBI:RMS_W_RN(1.0),N_A,W,2011,2010,SOR4,0,2010-05-07,INR,0.0
RBI:RMS_W_RN(1.0),N_A,W,2011,2010,SOR7,0,2010-05-07,INR,114005100000
RBI:RMS_W_RN(1.0),N_A,W,2011,2010,SOR5,0,2010-05-07,INR,13280100000
RBI:RMS_W_RN(1.0),N_A,W,2011,2010,SOR1,0,2010-05-07,INR,2144614800000
RBI:RMS_W_RN(1.0),N_A,W,2011,2010,SOR8,0,2010-04-30,INR,2919055500000
RBI:RMS_W_RN(1.0),N_A,W,2011,2010,SOR7,0,2010-04-30,INR,114005100000
RBI:RMS_W_RN(1.0),N_A,W,2011,2010,SOR6,0,2010-04-30,INR,12156775208999.998
RBI:RMS_W_RN(1.0),N_A,W,2011,2010,SOR4,0,2010-04-30,INR,0.0
RBI:RMS_W_RN(1.0),N_A,W,2011,2010,SOR5,0,2010-04-30,INR,13280100000
RBI:RMS_W_RN(1.0),N_A,W,2011,2010,SOR1,0,2010-04-30,INR,2294491450000
RBI:RMS_W_RN(1.0),N_A,W,2011,2010,SOR1,0,2010-04-23,INR,1897156200000
RBI:RMS_W_RN(1.0),N_A,W,2011,2010,SOR4,0,2010-04-23,INR,0.0
RBI:RMS_W_RN(1.0),N_A,W,2011,2010,SOR7,0,2010-04-23,INR,114005100000
RBI:RMS_W_RN(1.0),N_A,W,2011,2010,SOR5,0,2010-04-23,INR,13280100000
RBI:RMS_W_RN(1.0),N_A,W,2011,2010,SOR8,0,2010-04-23,INR,2936008400000.0005
RBI:RMS_W_RN(1.0),N_A,W,2011,2010,SOR6,0,2010-04-23,INR,12186133909000
RBI:RMS_W_RN(1.0),N_A,W,2011,2010,SOR5,0,2010-04-16,INR,13280100000
RBI:RMS_W_RN(1.0),N_A,W,2011,2010,SOR4,0,2010-04-16,INR,0.0
RBI:RMS_W_RN(1.0),N_A,W,2011,2010,SOR8,0,2010-04-16,INR,2963090900000.0005
RBI:RMS_W_RN(1.0),N_A,W,2011,2010,SOR7,0,2010-04-16,INR,112696900000
RBI:RMS_W_RN(1.0),N_A,W,2011,2010,SOR6,0,2010-04-16,INR,12198492409000
RBI:RMS_W_RN(1.0),N_A,W,2011,2010,SOR1,0,2010-04-16,INR,1975436900000
RBI:RMS_W_RN(1.0),N_A,W,2011,2010,SOR8,0,2010-04-09,INR,2879781400000
RBI:RMS_W_RN(1.0),N_A,W,2011,2010,SOR7,0,2010-04-09,INR,112696900000
RBI:RMS_W_RN(1.0),N_A,W,2011,2010,SOR1,0,2010-04-09,INR,1315267200000
RBI:RMS_W_RN(1.0),N_A,W,2011,2010,SOR5,0,2010-04-09,INR,13280100000
RBI:RMS_W_RN(1.0),N_A,W,2011,2010,SOR6,0,2010-04-09,INR,12161405308999.998
RBI:RMS_W_RN(1.0),N_A,W,2011,2010,SOR4,0,2010-04-09,INR,0.0
RBI:RMS_W_RN(1.0),N_A,W,2011,2010,SOR8,0,2010-04-02,INR,3104842000000
RBI:RMS_W_RN(1.0),N_A,W,2011,2010,SOR6,0,2010-04-02,INR,12321452409000
RBI:RMS_W_RN(1.0),N_A,W,2011,2010,SOR1,0,2010-04-02,INR,2219245000000
RBI:RMS_W_RN(1.0),N_A,W,2011,2010,SOR4,0,2010-04-02,INR,11690000000
RBI:RMS_W_RN(1.0),N_A,W,2011,2010,SOR5,0,2010-04-02,INR,13280100000
RBI:RMS_W_RN(1.0),N_A,W,2011,2010,SOR7,0,2010-04-02,INR,112696900000
RBI:RMS_W_RN(1.0),N_A,W,2010,2009,SOR1,0,2010-03-26,INR,1708923000000
RBI:RMS_W_RN(1.0),N_A,W,2010,2009,SOR7,0,2010-03-26,INR,112696900000
RBI:RMS_W_RN(1.0),N_A,W,2010,2009,SOR4,0,2010-03-26,INR,420000000
RBI:RMS_W_RN(1.0),N_A,W,2010,2009,SOR5,0,2010-03-26,INR,45220100000
RBI:RMS_W_RN(1.0),N_A,W,2010,2009,SOR8,0,2010-03-26,INR,3111227500000
RBI:RMS_W_RN(1.0),N_A,W,2010,2009,SOR6,0,2010-03-26,INR,12299474609000
RBI:RMS_W_RN(1.0),N_A,W,2010,2009,SOR8,0,2010-03-19,INR,3206153400000.0005
RBI:RMS_W_RN(1.0),N_A,W,2010,2009,SOR1,0,2010-03-19,INR,1716720400000
RBI:RMS_W_RN(1.0),N_A,W,2010,2009,SOR4,0,2010-03-19,INR,350000000
RBI:RMS_W_RN(1.0),N_A,W,2010,2009,SOR6,0,2010-03-19,INR,12384469009000
RBI:RMS_W_RN(1.0),N_A,W,2010,2009,SOR7,0,2010-03-19,INR,111675600000
RBI:RMS_W_RN(1.0),N_A,W,2010,2009,SOR5,0,2010-03-19,INR,53370100000
RBI:RMS_W_RN(1.0),N_A,W,2010,2009,SOR8,0,2010-03-12,INR,3237255800000
RBI:RMS_W_RN(1.0),N_A,W,2010,2009,SOR7,0,2010-03-12,INR,111675600000
RBI:RMS_W_RN(1.0),N_A,W,2010,2009,SOR4,0,2010-03-12,INR,950000000
RBI:RMS_W_RN(1.0),N_A,W,2010,2009,SOR5,0,2010-03-12,INR,57750100000
RBI:RMS_W_RN(1.0),N_A,W,2010,2009,SOR6,0,2010-03-12,INR,12443911558999.998
RBI:RMS_W_RN(1.0),N_A,W,2010,2009,SOR1,0,2010-03-12,INR,1626026900000
RBI:RMS_W_RN(1.0),N_A,W,2010,2009,SOR1,0,2010-03-05,INR,1393189700000
RBI:RMS_W_RN(1.0),N_A,W,2010,2009,SOR6,0,2010-03-05,INR,12471076209000
RBI:RMS_W_RN(1.0),N_A,W,2010,2009,SOR4,0,2010-03-05,INR,950000000
RBI:RMS_W_RN(1.0),N_A,W,2010,2009,SOR7,0,2010-03-05,INR,111675600000
RBI:RMS_W_RN(1.0),N_A,W,2010,2009,SOR8,0,2010-03-05,INR,3247058900000
RBI:RMS_W_RN(1.0),N_A,W,2010,2009,SOR5,0,2010-03-05,INR,46660100000
RBI:RMS_W_RN(1.0),N_A,W,2010,2009,SOR1,0,2010-02-26,INR,1518758599999.9998
RBI:RMS_W_RN(1.0),N_A,W,2010,2009,SOR8,0,2010-02-26,INR,3397265000000
RBI:RMS_W_RN(1.0),N_A,W,2010,2009,SOR4,0,2010-02-26,INR,2400000000
RBI:RMS_W_RN(1.0),N_A,W,2010,2009,SOR5,0,2010-02-26,INR,47130100000
RBI:RMS_W_RN(1.0),N_A,W,2010,2009,SOR6,0,2010-02-26,INR,12581806609000
RBI:RMS_W_RN(1.0),N_A,W,2010,2009,SOR7,0,2010-02-26,INR,111675600000
RBI:RMS_W_RN(1.0),N_A,W,2010,2009,SOR5,0,2010-02-19,INR,46290100000
RBI:RMS_W_RN(1.0),N_A,W,2010,2009,SOR6,0,2010-02-19,INR,12661440009000.002
RBI:RMS_W_RN(1.0),N_A,W,2010,2009,SOR7,0,2010-02-19,INR,110537000000
RBI:RMS_W_RN(1.0),N_A,W,2010,2009,SOR8,0,2010-02-19,INR,3478510300000.0005
RBI:RMS_W_RN(1.0),N_A,W,2010,2009,SOR1,0,2010-02-19,INR,1315597000000
RBI:RMS_W_RN(1.0),N_A,W,2010,2009,SOR4,0,2010-02-19,INR,2700000000
RBI:RMS_W_RN(1.0),N_A,W,2010,2009,SOR4,0,2010-02-12,INR,0.0
RBI:RMS_W_RN(1.0),N_A,W,2010,2009,SOR1,0,2010-02-12,INR,1174413000000
RBI:RMS_W_RN(1.0),N_A,W,2010,2009,SOR7,0,2010-02-12,INR,110537000000
RBI:RMS_W_RN(1.0),N_A,W,2010,2009,SOR5,0,2010-02-12,INR,49060100000
RBI:RMS_W_RN(1.0),N_A,W,2010,2009,SOR8,0,2010-02-12,INR,3488068100000
RBI:RMS_W_RN(1.0),N_A,W,2010,2009,SOR6,0,2010-02-12,INR,12681827109000
RBI:RMS_W_RN(1.0),N_A,W,2010,2009,SOR7,0,2010-02-05,INR,110537000000
RBI:RMS_W_RN(1.0),N_A,W,2010,2009,SOR4,0,2010-02-05,INR,0.0
RBI:RMS_W_RN(1.0),N_A,W,2010,2009,SOR5,0,2010-02-05,INR,62140100000
RBI:RMS_W_RN(1.0),N_A,W,2010,2009,SOR1,0,2010-02-05,INR,800427899999.9999
RBI:RMS_W_RN(1.0),N_A,W,2010,2009,SOR6,0,2010-02-05,INR,12683037209000
RBI:RMS_W_RN(1.0),N_A,W,2010,2009,SOR8,0,2010-02-05,INR,3470605500000
RBI:RMS_W_RN(1.0),N_A,W,2010,2009,SOR4,0,2010-01-29,INR,0.0
RBI:RMS_W_RN(1.0),N_A,W,2010,2009,SOR6,0,2010-01-29,INR,12736134609000
RBI:RMS_W_RN(1.0),N_A,W,2010,2009,SOR5,0,2010-01-29,INR,54680100000
RBI:RMS_W_RN(1.0),N_A,W,2010,2009,SOR7,0,2010-01-29,INR,110537000000
RBI:RMS_W_RN(1.0),N_A,W,2010,2009,SOR1,0,2010-01-29,INR,902123900000
RBI:RMS_W_RN(1.0),N_A,W,2010,2009,SOR8,0,2010-01-29,INR,3547033400000.0005
RBI:RMS_W_RN(1.0),N_A,W,2010,2009,SOR8,0,2010-01-22,INR,3603040200000
RBI:RMS_W_RN(1.0),N_A,W,2010,2009,SOR6,0,2010-01-22,INR,12780753909000
RBI:RMS_W_RN(1.0),N_A,W,2010,2009,SOR5,0,2010-01-22,INR,55270100000
RBI:RMS_W_RN(1.0),N_A,W,2010,2009,SOR1,0,2010-01-22,INR,951352800000
RBI:RMS_W_RN(1.0),N_A,W,2010,2009,SOR4,0,2010-01-22,INR,0.0
RBI:RMS_W_RN(1.0),N_A,W,2010,2009,SOR7,0,2010-01-22,INR,109188000000
RBI:RMS_W_RN(1.0),N_A,W,2010,2009,SOR6,0,2010-01-15,INR,12751094809000
RBI:RMS_W_RN(1.0),N_A,W,2010,2009,SOR1,0,2010-01-15,INR,914331400000
RBI:RMS_W_RN(1.0),N_A,W,2010,2009,SOR7,0,2010-01-15,INR,109188000000
RBI:RMS_W_RN(1.0),N_A,W,2010,2009,SOR4,0,2010-01-15,INR,3900000000
RBI:RMS_W_RN(1.0),N_A,W,2010,2009,SOR8,0,2010-01-15,INR,3569503100000
RBI:RMS_W_RN(1.0),N_A,W,2010,2009,SOR5,0,2010-01-15,INR,50410100000
RBI:RMS_W_RN(1.0),N_A,W,2010,2009,SOR4,0,2010-01-08,INR,3900000000
RBI:RMS_W_RN(1.0),N_A,W,2010,2009,SOR7,0,2010-01-08,INR,109188000000
RBI:RMS_W_RN(1.0),N_A,W,2010,2009,SOR8,0,2010-01-08,INR,3560148000000
RBI:RMS_W_RN(1.0),N_A,W,2010,2009,SOR6,0,2010-01-08,INR,12745899809000
RBI:RMS_W_RN(1.0),N_A,W,2010,2009,SOR5,0,2010-01-08,INR,59755600000.00001
RBI:RMS_W_RN(1.0),N_A,W,2010,2009,SOR1,0,2010-01-08,INR,757923500000
RBI:RMS_W_RN(1.0),N_A,W,2010,2009,SOR8,0,2010-01-01,INR,3750495900000.0005
RBI:RMS_W_RN(1.0),N_A,W,2010,2009,SOR7,0,2010-01-01,INR,109188000000
RBI:RMS_W_RN(1.0),N_A,W,2010,2009,SOR4,0,2010-01-01,INR,1900000000
RBI:RMS_W_RN(1.0),N_A,W,2010,2009,SOR1,0,2010-01-01,INR,455542900000
RBI:RMS_W_RN(1.0),N_A,W,2010,2009,SOR6,0,2010-01-01,INR,12930607309000
RBI:RMS_W_RN(1.0),N_A,W,2010,2009,SOR5,0,2010-01-01,INR,63345600000.00001
RBI:RMS_W_RN(1.0),N_A,W,2010,2009,SOR8,0,2009-12-25,INR,3814692000000
RBI:RMS_W_RN(1.0),N_A,W,2010,2009,SOR7,0,2009-12-25,INR,109188000000
RBI:RMS_W_RN(1.0),N_A,W,2010,2009,SOR1,0,2009-12-25,INR,1012842000000
RBI:RMS_W_RN(1.0),N_A,W,2010,2009,SOR5,0,2009-12-25,INR,49215600000.00001
RBI:RMS_W_RN(1.0),N_A,W,2010,2009,SOR4,0,2009-12-25,INR,0.0
RBI:RMS_W_RN(1.0),N_A,W,2010,2009,SOR6,0,2009-12-25,INR,12954244109000
RBI:RMS_W_RN(1.0),N_A,W,2010,2009,SOR1,0,2009-12-18,INR,869098500000
RBI:RMS_W_RN(1.0),N_A,W,2010,2009,SOR6,0,2009-12-18,INR,12983726109000
RBI:RMS_W_RN(1.0),N_A,W,2010,2009,SOR4,0,2009-12-18,INR,1630000000
RBI:RMS_W_RN(1.0),N_A,W,2010,2009,SOR5,0,2009-12-18,INR,47182600000
RBI:RMS_W_RN(1.0),N_A,W,2010,2009,SOR7,0,2009-12-18,INR,109188000000
RBI:RMS_W_RN(1.0),N_A,W,2010,2009,SOR8,0,2009-12-18,INR,3840126000000
RBI:RMS_W_RN(1.0),N_A,W,2010,2009,SOR1,0,2009-12-11,INR,716818400000
RBI:RMS_W_RN(1.0),N_A,W,2010,2009,SOR5,0,2009-12-11,INR,44329600000
RBI:RMS_W_RN(1.0),N_A,W,2010,2009,SOR8,0,2009-12-11,INR,3821521300000
RBI:RMS_W_RN(1.0),N_A,W,2010,2009,SOR7,0,2009-12-11,INR,108278799999.99998
RBI:RMS_W_RN(1.0),N_A,W,2010,2009,SOR6,0,2009-12-11,INR,12991975409000
RBI:RMS_W_RN(1.0),N_A,W,2010,2009,SOR4,0,2009-12-11,INR,200000000
RBI:RMS_W_RN(1.0),N_A,W,2010,2009,SOR7,0,2009-12-04,INR,108278799999.99998
RBI:RMS_W_RN(1.0),N_A,W,2010,2009,SOR1,0,2009-12-04,INR,721220600000
RBI:RMS_W_RN(1.0),N_A,W,2010,2009,SOR8,0,2009-12-04,INR,3820985300000.0005
RBI:RMS_W_RN(1.0),N_A,W,2010,2009,SOR4,0,2009-12-04,INR,0.0
RBI:RMS_W_RN(1.0),N_A,W,2010,2009,SOR5,0,2009-12-04,INR,49939600000
RBI:RMS_W_RN(1.0),N_A,W,2010,2009,SOR6,0,2009-12-04,INR,12993648909000
RBI:RMS_W_RN(1.0),N_A,W,2010,2009,SOR4,0,2009-11-27,INR,0.0
RBI:RMS_W_RN(1.0),N_A,W,2010,2009,SOR7,0,2009-11-27,INR,108278799999.99998
RBI:RMS_W_RN(1.0),N_A,W,2010,2009,SOR8,0,2009-11-27,INR,3961469099999.9995
RBI:RMS_W_RN(1.0),N_A,W,2010,2009,SOR1,0,2009-11-27,INR,676397500000
RBI:RMS_W_RN(1.0),N_A,W,2010,2009,SOR5,0,2009-11-27,INR,54154600000
RBI:RMS_W_RN(1.0),N_A,W,2010,2009,SOR6,0,2009-11-27,INR,13118533609000
RBI:RMS_W_RN(1.0),N_A,W,2010,2009,SOR4,0,2009-11-20,INR,0.0
RBI:RMS_W_RN(1.0),N_A,W,2010,2009,SOR1,0,2009-11-20,INR,723284740000
RBI:RMS_W_RN(1.0),N_A,W,2010,2009,SOR5,0,2009-11-20,INR,53963100000.00001
RBI:RMS_W_RN(1.0),N_A,W,2010,2009,SOR8,0,2009-11-20,INR,3885099560000
RBI:RMS_W_RN(1.0),N_A,W,2010,2009,SOR7,0,2009-11-20,INR,108278799999.99998
RBI:RMS_W_RN(1.0),N_A,W,2010,2009,SOR6,0,2009-11-20,INR,13031535659000
RBI:RMS_W_RN(1.0),N_A,W,2010,2009,SOR1,0,2009-11-13,INR,648292600000
RBI:RMS_W_RN(1.0),N_A,W,2010,2009,SOR7,0,2009-11-13,INR,107313200000
RBI:RMS_W_RN(1.0),N_A,W,2010,2009,SOR8,0,2009-11-13,INR,3912219600000
RBI:RMS_W_RN(1.0),N_A,W,2010,2009,SOR6,0,2009-11-13,INR,13058298356000.002
RBI:RMS_W_RN(1.0),N_A,W,2010,2009,SOR4,0,2009-11-13,INR,0.0
RBI:RMS_W_RN(1.0),N_A,W,2010,2009,SOR5,0,2009-11-13,INR,51660100000
RBI:RMS_W_RN(1.0),N_A,W,2010,2009,SOR5,0,2009-11-06,INR,50406100000
RBI:RMS_W_RN(1.0),N_A,W,2010,2009,SOR7,0,2009-11-06,INR,107313200000
RBI:RMS_W_RN(1.0),N_A,W,2010,2009,SOR1,0,2009-11-06,INR,512087699999.99994
RBI:RMS_W_RN(1.0),N_A,W,2010,2009,SOR8,0,2009-11-06,INR,3938134500000
RBI:RMS_W_RN(1.0),N_A,W,2010,2009,SOR6,0,2009-11-06,INR,13098142256000
RBI:RMS_W_RN(1.0),N_A,W,2010,2009,SOR4,0,2009-11-06,INR,200000000
RBI:RMS_W_RN(1.0),N_A,W,2010,2009,SOR6,0,2009-10-30,INR,13046103656000
RBI:RMS_W_RN(1.0),N_A,W,2010,2009,SOR8,0,2009-10-30,INR,3944092800000.0005
RBI:RMS_W_RN(1.0),N_A,W,2010,2009,SOR4,0,2009-10-30,INR,200000000
RBI:RMS_W_RN(1.0),N_A,W,2010,2009,SOR7,0,2009-10-30,INR,107313200000
RBI:RMS_W_RN(1.0),N_A,W,2010,2009,SOR5,0,2009-10-30,INR,60340100000
RBI:RMS_W_RN(1.0),N_A,W,2010,2009,SOR1,0,2009-10-30,INR,697389200000
RBI:RMS_W_RN(1.0),N_A,W,2010,2009,SOR7,0,2009-10-23,INR,107313200000
RBI:RMS_W_RN(1.0),N_A,W,2010,2009,SOR8,0,2009-10-23,INR,3875884500000
RBI:RMS_W_RN(1.0),N_A,W,2010,2009,SOR1,0,2009-10-23,INR,437221500000
RBI:RMS_W_RN(1.0),N_A,W,2010,2009,SOR6,0,2009-10-23,INR,12971703656000
RBI:RMS_W_RN(1.0),N_A,W,2010,2009,SOR5,0,2009-10-23,INR,64907100000
RBI:RMS_W_RN(1.0),N_A,W,2010,2009,SOR4,0,2009-10-23,INR,200000000
RBI:RMS_W_RN(1.0),N_A,W,2010,2009,SOR5,0,2009-10-16,INR,66372100000
RBI:RMS_W_RN(1.0),N_A,W,2010,2009,SOR8,0,2009-10-16,INR,3813869699999.9995
RBI:RMS_W_RN(1.0),N_A,W,2010,2009,SOR6,0,2009-10-16,INR,12902550416000.002
RBI:RMS_W_RN(1.0),N_A,W,2010,2009,SOR7,0,2009-10-16,INR,106099599999.99998
RBI:RMS_W_RN(1.0),N_A,W,2010,2009,SOR1,0,2009-10-16,INR,847330800000
RBI:RMS_W_RN(1.0),N_A,W,2010,2009,SOR4,0,2009-10-16,INR,200000000
RBI:RMS_W_RN(1.0),N_A,W,2010,2009,SOR5,0,2009-10-09,INR,79820100000
RBI:RMS_W_RN(1.0),N_A,W,2010,2009,SOR4,0,2009-10-09,INR,200000000
RBI:RMS_W_RN(1.0),N_A,W,2010,2009,SOR8,0,2009-10-09,INR,3708119099999.9995
RBI:RMS_W_RN(1.0),N_A,W,2010,2009,SOR7,0,2009-10-09,INR,106099599999.99998
RBI:RMS_W_RN(1.0),N_A,W,2010,2009,SOR1,0,2009-10-09,INR,53653200000
RBI:RMS_W_RN(1.0),N_A,W,2010,2009,SOR6,0,2009-10-09,INR,12826752316000
RBI:RMS_W_RN(1.0),N_A,W,2010,2009,SOR5,0,2009-10-02,INR,123770400000.00002
RBI:RMS_W_RN(1.0),N_A,W,2010,2009,SOR7,0,2009-10-02,INR,106099599999.99998
RBI:RMS_W_RN(1.0),N_A,W,2010,2009,SOR1,0,2009-10-02,INR,547089500000
RBI:RMS_W_RN(1.0),N_A,W,2010,2009,SOR4,0,2009-10-02,INR,200000000
RBI:RMS_W_RN(1.0),N_A,W,2010,2009,SOR6,0,2009-10-02,INR,13116737816000.002
RBI:RMS_W_RN(1.0),N_A,W,2010,2009,SOR8,0,2009-10-02,INR,4027481400000
RBI:RMS_W_RN(1.0),N_A,W,2010,2009,SOR8,0,2009-09-25,INR,4051256500000
RBI:RMS_W_RN(1.0),N_A,W,2010,2009,SOR4,0,2009-09-25,INR,0.0
RBI:RMS_W_RN(1.0),N_A,W,2010,2009,SOR7,0,2009-09-25,INR,106099599999.99998
RBI:RMS_W_RN(1.0),N_A,W,2010,2009,SOR6,0,2009-09-25,INR,13134804116000
RBI:RMS_W_RN(1.0),N_A,W,2010,2009,SOR5,0,2009-09-25,INR,108072700000
RBI:RMS_W_RN(1.0),N_A,W,2010,2009,SOR1,0,2009-09-25,INR,354819300000
RBI:RMS_W_RN(1.0),N_A,W,2010,2009,SOR6,0,2009-09-18,INR,13228762816000.002
RBI:RMS_W_RN(1.0),N_A,W,2010,2009,SOR8,0,2009-09-18,INR,4144405500000
RBI:RMS_W_RN(1.0),N_A,W,2010,2009,SOR4,0,2009-09-18,INR,0.0
RBI:RMS_W_RN(1.0),N_A,W,2010,2009,SOR5,0,2009-09-18,INR,85522700000
RBI:RMS_W_RN(1.0),N_A,W,2010,2009,SOR7,0,2009-09-18,INR,105044400000
RBI:RMS_W_RN(1.0),N_A,W,2010,2009,SOR1,0,2009-09-18,INR,273571000000
RBI:RMS_W_RN(1.0),N_A,W,2010,2009,SOR1,0,2009-09-11,INR,418606300000
RBI:RMS_W_RN(1.0),N_A,W,2010,2009,SOR4,0,2009-09-11,INR,0.0
RBI:RMS_W_RN(1.0),N_A,W,2010,2009,SOR5,0,2009-09-11,INR,97261800000
RBI:RMS_W_RN(1.0),N_A,W,2010,2009,SOR8,0,2009-09-11,INR,4228995200000
RBI:RMS_W_RN(1.0),N_A,W,2010,2009,SOR6,0,2009-09-11,INR,13326233816000
RBI:RMS_W_RN(1.0),N_A,W,2010,2009,SOR7,0,2009-09-11,INR,105044400000
RBI:RMS_W_RN(1.0),N_A,W,2010,2009,SOR5,0,2009-09-04,INR,92661800000
RBI:RMS_W_RN(1.0),N_A,W,2010,2009,SOR1,0,2009-09-04,INR,47553100000.00001
RBI:RMS_W_RN(1.0),N_A,W,2010,2009,SOR4,0,2009-09-04,INR,0.0
RBI:RMS_W_RN(1.0),N_A,W,2010,2009,SOR7,0,2009-09-04,INR,105044400000
RBI:RMS_W_RN(1.0),N_A,W,2010,2009,SOR6,0,2009-09-04,INR,13284804216000
RBI:RMS_W_RN(1.0),N_A,W,2010,2009,SOR8,0,2009-09-04,INR,4152900900000.0005
RBI:RMS_W_RN(1.0),N_A,W,2010,2009,SOR4,0,2009-08-28,INR,0.0
RBI:RMS_W_RN(1.0),N_A,W,2010,2009,SOR7,0,2009-08-28,INR,105044400000
RBI:RMS_W_RN(1.0),N_A,W,2010,2009,SOR1,0,2009-08-28,INR,101510400000.00002
RBI:RMS_W_RN(1.0),N_A,W,2010,2009,SOR8,0,2009-08-28,INR,4157106900000
RBI:RMS_W_RN(1.0),N_A,W,2010,2009,SOR5,0,2009-08-28,INR,101761800000
RBI:RMS_W_RN(1.0),N_A,W,2010,2009,SOR6,0,2009-08-28,INR,13209504216000
RBI:RMS_W_RN(1.0),N_A,W,2010,2009,SOR5,0,2009-08-21,INR,98838500000
RBI:RMS_W_RN(1.0),N_A,W,2010,2009,SOR8,0,2009-08-21,INR,4148423700000
RBI:RMS_W_RN(1.0),N_A,W,2010,2009,SOR1,0,2009-08-21,INR,303746400000
RBI:RMS_W_RN(1.0),N_A,W,2010,2009,SOR7,0,2009-08-21,INR,104164800000
RBI:RMS_W_RN(1.0),N_A,W,2010,2009,SOR4,0,2009-08-21,INR,0.0
RBI:RMS_W_RN(1.0),N_A,W,2010,2009,SOR6,0,2009-08-21,INR,13195843916000
RBI:RMS_W_RN(1.0),N_A,W,2010,2009,SOR8,0,2009-08-14,INR,3975824500000
RBI:RMS_W_RN(1.0),N_A,W,2010,2009,SOR5,0,2009-08-14,INR,103588500000
RBI:RMS_W_RN(1.0),N_A,W,2010,2009,SOR1,0,2009-08-14,INR,64098500000
RBI:RMS_W_RN(1.0),N_A,W,2010,2009,SOR7,0,2009-08-14,INR,104164800000
RBI:RMS_W_RN(1.0),N_A,W,2010,2009,SOR4,0,2009-08-14,INR,0.0
RBI:RMS_W_RN(1.0),N_A,W,2010,2009,SOR6,0,2009-08-14,INR,13028264416000
RBI:RMS_W_RN(1.0),N_A,W,2010,2009,SOR5,0,2009-08-07,INR,106988500000
RBI:RMS_W_RN(1.0),N_A,W,2010,2009,SOR1,0,2009-08-07,INR,430662200000
RBI:RMS_W_RN(1.0),N_A,W,2010,2009,SOR8,0,2009-08-07,INR,4137613200000
RBI:RMS_W_RN(1.0),N_A,W,2010,2009,SOR4,0,2009-08-07,INR,5660000000
RBI:RMS_W_RN(1.0),N_A,W,2010,2009,SOR7,0,2009-08-07,INR,104164800000
RBI:RMS_W_RN(1.0),N_A,W,2010,2009,SOR6,0,2009-08-07,INR,12931577216000
RBI:RMS_W_RN(1.0),N_A,W,2010,2009,SOR7,0,2009-07-31,INR,104164800000
RBI:RMS_W_RN(1.0),N_A,W,2010,2009,SOR5,0,2009-07-31,INR,116561800000
RBI:RMS_W_RN(1.0),N_A,W,2010,2009,SOR1,0,2009-07-31,INR,278457400000
RBI:RMS_W_RN(1.0),N_A,W,2010,2009,SOR4,0,2009-07-31,INR,2960000000
RBI:RMS_W_RN(1.0),N_A,W,2010,2009,SOR6,0,2009-07-31,INR,13029533115999.998
RBI:RMS_W_RN(1.0),N_A,W,2010,2009,SOR8,0,2009-07-31,INR,4219177900000
RBI:RMS_W_RN(1.0),N_A,W,2010,2009,SOR4,0,2009-07-24,INR,2960000000
RBI:RMS_W_RN(1.0),N_A,W,2010,2009,SOR7,0,2009-07-24,INR,103081700000
RBI:RMS_W_RN(1.0),N_A,W,2010,2009,SOR1,0,2009-07-24,INR,395839800000.00006
RBI:RMS_W_RN(1.0),N_A,W,2010,2009,SOR6,0,2009-07-24,INR,12898083002000
RBI:RMS_W_RN(1.0),N_A,W,2010,2009,SOR8,0,2009-07-24,INR,4092489300000
RBI:RMS_W_RN(1.0),N_A,W,2010,2009,SOR5,0,2009-07-24,INR,115838500000
RBI:RMS_W_RN(1.0),N_A,W,2010,2009,SOR4,0,2009-07-17,INR,4652500000
RBI:RMS_W_RN(1.0),N_A,W,2010,2009,SOR1,0,2009-07-17,INR,419402900000
RBI:RMS_W_RN(1.0),N_A,W,2010,2009,SOR8,0,2009-07-17,INR,4101022500000
RBI:RMS_W_RN(1.0),N_A,W,2010,2009,SOR7,0,2009-07-17,INR,103081700000
RBI:RMS_W_RN(1.0),N_A,W,2010,2009,SOR6,0,2009-07-17,INR,12903724502000
RBI:RMS_W_RN(1.0),N_A,W,2010,2009,SOR5,0,2009-07-17,INR,119328200000
RBI:RMS_W_RN(1.0),N_A,W,2010,2009,SOR7,0,2009-07-10,INR,103081700000
RBI:RMS_W_RN(1.0),N_A,W,2010,2009,SOR5,0,2009-07-10,INR,118078200000
RBI:RMS_W_RN(1.0),N_A,W,2010,2009,SOR6,0,2009-07-10,INR,12793463802000
RBI:RMS_W_RN(1.0),N_A,W,2010,2009,SOR8,0,2009-07-10,INR,3996652400000
RBI:RMS_W_RN(1.0),N_A,W,2010,2009,SOR1,0,2009-07-10,INR,401427100000
RBI:RMS_W_RN(1.0),N_A,W,2010,2009,SOR4,0,2009-07-10,INR,4652500000
RBI:RMS_W_RN(1.0),N_A,W,2010,2009,SOR7,0,2009-07-03,INR,103081700000
RBI:RMS_W_RN(1.0),N_A,W,2010,2009,SOR4,0,2009-07-03,INR,6747800000
RBI:RMS_W_RN(1.0),N_A,W,2010,2009,SOR8,0,2009-07-03,INR,3846114500000
RBI:RMS_W_RN(1.0),N_A,W,2010,2009,SOR6,0,2009-07-03,INR,12643091302000
RBI:RMS_W_RN(1.0),N_A,W,2010,2009,SOR5,0,2009-07-03,INR,122288200000
RBI:RMS_W_RN(1.0),N_A,W,2010,2009,SOR1,0,2009-07-03,INR,245018000000
RBI:RMS_W_RN(1.0),N_A,W,2010,2009,SOR5,0,2009-06-26,INR,112554599999.99998
RBI:RMS_W_RN(1.0),N_A,W,2010,2009,SOR7,0,2009-06-26,INR,103081700000
RBI:RMS_W_RN(1.0),N_A,W,2010,2009,SOR4,0,2009-06-26,INR,4100000000
RBI:RMS_W_RN(1.0),N_A,W,2010,2009,SOR6,0,2009-06-26,INR,12774605502000
RBI:RMS_W_RN(1.0),N_A,W,2010,2009,SOR8,0,2009-06-26,INR,4037303400000.0005
RBI:RMS_W_RN(1.0),N_A,W,2010,2009,SOR1,0,2009-06-26,INR,435930000000
RBI:RMS_W_RN(1.0),N_A,W,2010,2009,SOR7,0,2009-06-19,INR,103081700000
RBI:RMS_W_RN(1.0),N_A,W,2010,2009,SOR6,0,2009-06-19,INR,12633597102000
RBI:RMS_W_RN(1.0),N_A,W,2010,2009,SOR8,0,2009-06-19,INR,3896200600000
RBI:RMS_W_RN(1.0),N_A,W,2010,2009,SOR5,0,2009-06-19,INR,127445500000
RBI:RMS_W_RN(1.0),N_A,W,2010,2009,SOR1,0,2009-06-19,INR,504345100000
RBI:RMS_W_RN(1.0),N_A,W,2010,2009,SOR4,0,2009-06-19,INR,18100000000
RBI:RMS_W_RN(1.0),N_A,W,2010,2009,SOR5,0,2009-06-12,INR,125205500000
RBI:RMS_W_RN(1.0),N_A,W,2010,2009,SOR1,0,2009-06-12,INR,688739200000
RBI:RMS_W_RN(1.0),N_A,W,2010,2009,SOR6,0,2009-06-12,INR,12450950802000
RBI:RMS_W_RN(1.0),N_A,W,2010,2009,SOR7,0,2009-06-12,INR,102116000000
RBI:RMS_W_RN(1.0),N_A,W,2010,2009,SOR4,0,2009-06-12,INR,4200000000
RBI:RMS_W_RN(1.0),N_A,W,2010,2009,SOR8,0,2009-06-12,INR,3696334300000
RBI:RMS_W_RN(1.0),N_A,W,2010,2009,SOR1,0,2009-06-05,INR,601335800000
RBI:RMS_W_RN(1.0),N_A,W,2010,2009,SOR4,0,2009-06-05,INR,17192400000
RBI:RMS_W_RN(1.0),N_A,W,2010,2009,SOR6,0,2009-06-05,INR,12252998902000
RBI:RMS_W_RN(1.0),N_A,W,2010,2009,SOR5,0,2009-06-05,INR,126405500000
RBI:RMS_W_RN(1.0),N_A,W,2010,2009,SOR7,0,2009-06-05,INR,102116000000
RBI:RMS_W_RN(1.0),N_A,W,2010,2009,SOR8,0,2009-06-05,INR,3510346700000
RBI:RMS_W_RN(1.0),N_A,W,2010,2009,SOR6,0,2009-05-29,INR,12357111502000
RBI:RMS_W_RN(1.0),N_A,W,2010,2009,SOR5,0,2009-05-29,INR,132768900000
RBI:RMS_W_RN(1.0),N_A,W,2010,2009,SOR1,0,2009-05-29,INR,611283200000
RBI:RMS_W_RN(1.0),N_A,W,2010,2009,SOR8,0,2009-05-29,INR,3655208100000
RBI:RMS_W_RN(1.0),N_A,W,2010,2009,SOR4,0,2009-05-29,INR,4200000000
RBI:RMS_W_RN(1.0),N_A,W,2010,2009,SOR7,0,2009-05-29,INR,102116000000
RBI:RMS_W_RN(1.0),N_A,W,2010,2009,SOR5,0,2009-05-22,INR,129948900000
RBI:RMS_W_RN(1.0),N_A,W,2010,2009,SOR7,0,2009-05-22,INR,102116000000
RBI:RMS_W_RN(1.0),N_A,W,2010,2009,SOR4,0,2009-05-22,INR,23599300000
RBI:RMS_W_RN(1.0),N_A,W,2010,2009,SOR1,0,2009-05-22,INR,572745400000
RBI:RMS_W_RN(1.0),N_A,W,2010,2009,SOR6,0,2009-05-22,INR,12280395802000
RBI:RMS_W_RN(1.0),N_A,W,2010,2009,SOR8,0,2009-05-22,INR,3531376200000
RBI:RMS_W_RN(1.0),N_A,W,2010,2009,SOR8,0,2009-05-15,INR,3839526300000
RBI:RMS_W_RN(1.0),N_A,W,2010,2009,SOR6,0,2009-05-15,INR,12553692039000
RBI:RMS_W_RN(1.0),N_A,W,2010,2009,SOR5,0,2009-05-15,INR,130448900000
RBI:RMS_W_RN(1.0),N_A,W,2010,2009,SOR4,0,2009-05-15,INR,580000000
RBI:RMS_W_RN(1.0),N_A,W,2010,2009,SOR1,0,2009-05-15,INR,657478900000
RBI:RMS_W_RN(1.0),N_A,W,2010,2009,SOR7,0,2009-05-15,INR,101206700000
RBI:RMS_W_RN(1.0),N_A,W,2010,2009,SOR6,0,2009-05-08,INR,12566533739000
RBI:RMS_W_RN(1.0),N_A,W,2010,2009,SOR7,0,2009-05-08,INR,101206700000
RBI:RMS_W_RN(1.0),N_A,W,2010,2009,SOR4,0,2009-05-08,INR,100000000
RBI:RMS_W_RN(1.0),N_A,W,2010,2009,SOR1,0,2009-05-08,INR,424895400000
RBI:RMS_W_RN(1.0),N_A,W,2010,2009,SOR5,0,2009-05-08,INR,127785900000
RBI:RMS_W_RN(1.0),N_A,W,2010,2009,SOR8,0,2009-05-08,INR,3819265800000
RBI:RMS_W_RN(1.0),N_A,W,2010,2009,SOR4,0,2009-05-01,INR,18395500000
RBI:RMS_W_RN(1.0),N_A,W,2010,2009,SOR8,0,2009-05-01,INR,3847368600000
RBI:RMS_W_RN(1.0),N_A,W,2010,2009,SOR6,0,2009-05-01,INR,12603336239000
RBI:RMS_W_RN(1.0),N_A,W,2010,2009,SOR1,0,2009-05-01,INR,727964200000
RBI:RMS_W_RN(1.0),N_A,W,2010,2009,SOR7,0,2009-05-01,INR,101206700000
RBI:RMS_W_RN(1.0),N_A,W,2010,2009,SOR5,0,2009-05-01,INR,126458900000
RBI:RMS_W_RN(1.0),N_A,W,2010,2009,SOR7,0,2009-04-24,INR,101206700000
RBI:RMS_W_RN(1.0),N_A,W,2010,2009,SOR8,0,2009-04-24,INR,3780749000000
RBI:RMS_W_RN(1.0),N_A,W,2010,2009,SOR1,0,2009-04-24,INR,511496800000
RBI:RMS_W_RN(1.0),N_A,W,2010,2009,SOR4,0,2009-04-24,INR,29119000000
RBI:RMS_W_RN(1.0),N_A,W,2010,2009,SOR6,0,2009-04-24,INR,12612103839000
RBI:RMS_W_RN(1.0),N_A,W,2010,2009,SOR5,0,2009-04-24,INR,130358900000
RBI:RMS_W_RN(1.0),N_A,W,2010,2009,SOR7,0,2009-04-17,INR,100543900000
RBI:RMS_W_RN(1.0),N_A,W,2010,2009,SOR5,0,2009-04-17,INR,129701400000
RBI:RMS_W_RN(1.0),N_A,W,2010,2009,SOR8,0,2009-04-17,INR,3670716400000
RBI:RMS_W_RN(1.0),N_A,W,2010,2009,SOR4,0,2009-04-17,INR,19795500000
RBI:RMS_W_RN(1.0),N_A,W,2010,2009,SOR1,0,2009-04-17,INR,318031700000
RBI:RMS_W_RN(1.0),N_A,W,2010,2009,SOR6,0,2009-04-17,INR,12525270139000
RBI:RMS_W_RN(1.0),N_A,W,2010,2009,SOR7,0,2009-04-10,INR,100543900000
RBI:RMS_W_RN(1.0),N_A,W,2010,2009,SOR5,0,2009-04-10,INR,133698900000
RBI:RMS_W_RN(1.0),N_A,W,2010,2009,SOR8,0,2009-04-10,INR,3715442000000
RBI:RMS_W_RN(1.0),N_A,W,2010,2009,SOR1,0,2009-04-10,INR,-89666500000
RBI:RMS_W_RN(1.0),N_A,W,2010,2009,SOR6,0,2009-04-10,INR,12599509938999.998
RBI:RMS_W_RN(1.0),N_A,W,2010,2009,SOR4,0,2009-04-10,INR,69784700000
RBI:RMS_W_RN(1.0),N_A,W,2010,2009,SOR7,0,2009-04-03,INR,100543900000
RBI:RMS_W_RN(1.0),N_A,W,2010,2009,SOR8,0,2009-04-03,INR,3943141000000
RBI:RMS_W_RN(1.0),N_A,W,2010,2009,SOR5,0,2009-04-03,INR,136398900000
RBI:RMS_W_RN(1.0),N_A,W,2010,2009,SOR1,0,2009-04-03,INR,131791100000
RBI:RMS_W_RN(1.0),N_A,W,2010,2009,SOR4,0,2009-04-03,INR,65545500000
RBI:RMS_W_RN(1.0),N_A,W,2010,2009,SOR6,0,2009-04-03,INR,12803485639000
RBI:RMS_W_RN(1.0),N_A,W,2009,2008,SOR7,0,2009-03-27,INR,100543900000
RBI:RMS_W_RN(1.0),N_A,W,2009,2008,SOR8,0,2009-03-27,INR,3902179000000
RBI:RMS_W_RN(1.0),N_A,W,2009,2008,SOR1,0,2009-03-27,INR,328452100000
RBI:RMS_W_RN(1.0),N_A,W,2009,2008,SOR6,0,2009-03-27,INR,12717077939000
RBI:RMS_W_RN(1.0),N_A,W,2009,2008,SOR4,0,2009-03-27,INR,117279200000
RBI:RMS_W_RN(1.0),N_A,W,2009,2008,SOR5,0,2009-03-27,INR,111338900000
RBI:RMS_W_RN(1.0),N_A,W,2009,2008,SOR4,0,2009-03-20,INR,138095500000
RBI:RMS_W_RN(1.0),N_A,W,2009,2008,SOR6,0,2009-03-20,INR,12702614628000
RBI:RMS_W_RN(1.0),N_A,W,2009,2008,SOR8,0,2009-03-20,INR,3885624900000
RBI:RMS_W_RN(1.0),N_A,W,2009,2008,SOR7,0,2009-03-20,INR,99843600000
RBI:RMS_W_RN(1.0),N_A,W,2009,2008,SOR1,0,2009-03-20,INR,130960100000
RBI:RMS_W_RN(1.0),N_A,W,2009,2008,SOR5,0,2009-03-20,INR,98338900000
RBI:RMS_W_RN(1.0),N_A,W,2009,2008,SOR7,0,2009-03-13,INR,99843600000
RBI:RMS_W_RN(1.0),N_A,W,2009,2008,SOR1,0,2009-03-13,INR,-32781500000
RBI:RMS_W_RN(1.0),N_A,W,2009,2008,SOR5,0,2009-03-13,INR,81028900000
RBI:RMS_W_RN(1.0),N_A,W,2009,2008,SOR8,0,2009-03-13,INR,3886365500000
RBI:RMS_W_RN(1.0),N_A,W,2009,2008,SOR4,0,2009-03-13,INR,79923300000
RBI:RMS_W_RN(1.0),N_A,W,2009,2008,SOR6,0,2009-03-13,INR,12799689128000
RBI:RMS_W_RN(1.0),N_A,W,2009,2008,SOR6,0,2009-03-06,INR,12687947828000
RBI:RMS_W_RN(1.0),N_A,W,2009,2008,SOR8,0,2009-03-06,INR,3720814300000
RBI:RMS_W_RN(1.0),N_A,W,2009,2008,SOR1,0,2009-03-06,INR,-96179100000
RBI:RMS_W_RN(1.0),N_A,W,2009,2008,SOR5,0,2009-03-06,INR,77028900000
RBI:RMS_W_RN(1.0),N_A,W,2009,2008,SOR4,0,2009-03-06,INR,28895500000
RBI:RMS_W_RN(1.0),N_A,W,2009,2008,SOR7,0,2009-03-06,INR,99843600000
RBI:RMS_W_RN(1.0),N_A,W,2009,2008,SOR6,0,2009-02-27,INR,12604132427999.998
RBI:RMS_W_RN(1.0),N_A,W,2009,2008,SOR4,0,2009-02-27,INR,71128900000
RBI:RMS_W_RN(1.0),N_A,W,2009,2008,SOR7,0,2009-02-27,INR,99843600000
RBI:RMS_W_RN(1.0),N_A,W,2009,2008,SOR1,0,2009-02-27,INR,-397907190000
RBI:RMS_W_RN(1.0),N_A,W,2009,2008,SOR5,0,2009-02-27,INR,68408900000
RBI:RMS_W_RN(1.0),N_A,W,2009,2008,SOR8,0,2009-02-27,INR,3568852400000
RBI:RMS_W_RN(1.0),N_A,W,2009,2008,SOR8,0,2009-02-20,INR,3378139900000
RBI:RMS_W_RN(1.0),N_A,W,2009,2008,SOR1,0,2009-02-20,INR,-124884100000
RBI:RMS_W_RN(1.0),N_A,W,2009,2008,SOR4,0,2009-02-20,INR,70926500000
RBI:RMS_W_RN(1.0),N_A,W,2009,2008,SOR6,0,2009-02-20,INR,12390278728000
RBI:RMS_W_RN(1.0),N_A,W,2009,2008,SOR5,0,2009-02-20,INR,66486500000
RBI:RMS_W_RN(1.0),N_A,W,2009,2008,SOR7,0,2009-02-20,INR,99171600000
RBI:RMS_W_RN(1.0),N_A,W,2009,2008,SOR5,0,2009-02-13,INR,57486500000
RBI:RMS_W_RN(1.0),N_A,W,2009,2008,SOR6,0,2009-02-13,INR,12126903428000
RBI:RMS_W_RN(1.0),N_A,W,2009,2008,SOR1,0,2009-02-13,INR,-298138900000
RBI:RMS_W_RN(1.0),N_A,W,2009,2008,SOR4,0,2009-02-13,INR,77023600000
RBI:RMS_W_RN(1.0),N_A,W,2009,2008,SOR8,0,2009-02-13,INR,3107979400000
RBI:RMS_W_RN(1.0),N_A,W,2009,2008,SOR7,0,2009-02-13,INR,99171600000
RBI:RMS_W_RN(1.0),N_A,W,2009,2008,SOR6,0,2009-02-06,INR,12218903328000
RBI:RMS_W_RN(1.0),N_A,W,2009,2008,SOR7,0,2009-02-06,INR,99171600000
RBI:RMS_W_RN(1.0),N_A,W,2009,2008,SOR8,0,2009-02-06,INR,3196259300000
RBI:RMS_W_RN(1.0),N_A,W,2009,2008,SOR1,0,2009-02-06,INR,-359068399999.99994
RBI:RMS_W_RN(1.0),N_A,W,2009,2008,SOR5,0,2009-02-06,INR,52136500000
RBI:RMS_W_RN(1.0),N_A,W,2009,2008,SOR4,0,2009-02-06,INR,39917600000
RBI:RMS_W_RN(1.0),N_A,W,2009,2008,SOR7,0,2009-01-30,INR,99171600000
RBI:RMS_W_RN(1.0),N_A,W,2009,2008,SOR8,0,2009-01-30,INR,3137669200000
RBI:RMS_W_RN(1.0),N_A,W,2009,2008,SOR4,0,2009-01-30,INR,62605500000
RBI:RMS_W_RN(1.0),N_A,W,2009,2008,SOR5,0,2009-01-30,INR,43986500000
RBI:RMS_W_RN(1.0),N_A,W,2009,2008,SOR1,0,2009-01-30,INR,-469520700000
RBI:RMS_W_RN(1.0),N_A,W,2009,2008,SOR6,0,2009-01-30,INR,12145804328000
RBI:RMS_W_RN(1.0),N_A,W,2009,2008,SOR1,0,2009-01-23,INR,-491889400000
RBI:RMS_W_RN(1.0),N_A,W,2009,2008,SOR7,0,2009-01-23,INR,98414900000
RBI:RMS_W_RN(1.0),N_A,W,2009,2008,SOR5,0,2009-01-23,INR,40986500000
RBI:RMS_W_RN(1.0),N_A,W,2009,2008,SOR8,0,2009-01-23,INR,3124654600000
RBI:RMS_W_RN(1.0),N_A,W,2009,2008,SOR4,0,2009-01-23,INR,65270800000
RBI:RMS_W_RN(1.0),N_A,W,2009,2008,SOR6,0,2009-01-23,INR,12133082385000
RBI:RMS_W_RN(1.0),N_A,W,2009,2008,SOR8,0,2009-01-16,INR,3255659200000
RBI:RMS_W_RN(1.0),N_A,W,2009,2008,SOR7,0,2009-01-16,INR,98414900000
RBI:RMS_W_RN(1.0),N_A,W,2009,2008,SOR4,0,2009-01-16,INR,89346200000.00002
RBI:RMS_W_RN(1.0),N_A,W,2009,2008,SOR5,0,2009-01-16,INR,30006500000
RBI:RMS_W_RN(1.0),N_A,W,2009,2008,SOR6,0,2009-01-16,INR,12254509385000
RBI:RMS_W_RN(1.0),N_A,W,2009,2008,SOR1,0,2009-01-16,INR,-281368900000
RBI:RMS_W_RN(1.0),N_A,W,2009,2008,SOR6,0,2009-01-09,INR,12416641085000
RBI:RMS_W_RN(1.0),N_A,W,2009,2008,SOR8,0,2009-01-09,INR,3425002100000
RBI:RMS_W_RN(1.0),N_A,W,2009,2008,SOR5,0,2009-01-09,INR,24006500000
RBI:RMS_W_RN(1.0),N_A,W,2009,2008,SOR4,0,2009-01-09,INR,59455500000
RBI:RMS_W_RN(1.0),N_A,W,2009,2008,SOR1,0,2009-01-09,INR,-182666699999.99997
RBI:RMS_W_RN(1.0),N_A,W,2009,2008,SOR7,0,2009-01-09,INR,98414900000
RBI:RMS_W_RN(1.0),N_A,W,2009,2008,SOR7,0,2009-01-02,INR,98414900000
RBI:RMS_W_RN(1.0),N_A,W,2009,2008,SOR4,0,2009-01-02,INR,73084300000
RBI:RMS_W_RN(1.0),N_A,W,2009,2008,SOR8,0,2009-01-02,INR,3417103700000
RBI:RMS_W_RN(1.0),N_A,W,2009,2008,SOR6,0,2009-01-02,INR,12431684785000
RBI:RMS_W_RN(1.0),N_A,W,2009,2008,SOR5,0,2009-01-02,INR,24006500000
RBI:RMS_W_RN(1.0),N_A,W,2009,2008,SOR1,0,2009-01-02,INR,-564499800000
RBI:RMS_W_RN(1.0),N_A,W,2009,2008,SOR5,0,2008-12-26,INR,20806500000
RBI:RMS_W_RN(1.0),N_A,W,2009,2008,SOR6,0,2008-12-26,INR,12166218285000
RBI:RMS_W_RN(1.0),N_A,W,2009,2008,SOR8,0,2008-12-26,INR,3184939099999.9995
RBI:RMS_W_RN(1.0),N_A,W,2009,2008,SOR4,0,2008-12-26,INR,135351800000
RBI:RMS_W_RN(1.0),N_A,W,2009,2008,SOR7,0,2008-12-26,INR,98414900000
RBI:RMS_W_RN(1.0),N_A,W,2009,2008,SOR1,0,2008-12-26,INR,-351423000000
RBI:RMS_W_RN(1.0),N_A,W,2009,2008,SOR1,0,2008-12-19,INR,-316321400000
RBI:RMS_W_RN(1.0),N_A,W,2009,2008,SOR7,0,2008-12-19,INR,98414900000
RBI:RMS_W_RN(1.0),N_A,W,2009,2008,SOR5,0,2008-12-19,INR,13806500000
RBI:RMS_W_RN(1.0),N_A,W,2009,2008,SOR6,0,2008-12-19,INR,11940595685000
RBI:RMS_W_RN(1.0),N_A,W,2009,2008,SOR8,0,2008-12-19,INR,2988386700000
RBI:RMS_W_RN(1.0),N_A,W,2009,2008,SOR4,0,2008-12-19,INR,116338100000
RBI:RMS_W_RN(1.0),N_A,W,2009,2008,SOR1,0,2008-12-12,INR,-262689700000
RBI:RMS_W_RN(1.0),N_A,W,2009,2008,SOR6,0,2008-12-12,INR,12166016577000.002
RBI:RMS_W_RN(1.0),N_A,W,2009,2008,SOR7,0,2008-12-12,INR,97874900000
RBI:RMS_W_RN(1.0),N_A,W,2009,2008,SOR5,0,2008-12-12,INR,13806500000
RBI:RMS_W_RN(1.0),N_A,W,2009,2008,SOR4,0,2008-12-12,INR,86053799999.99998
RBI:RMS_W_RN(1.0),N_A,W,2009,2008,SOR8,0,2008-12-12,INR,3198640100000
RBI:RMS_W_RN(1.0),N_A,W,2009,2008,SOR5,0,2008-12-05,INR,13806500000
RBI:RMS_W_RN(1.0),N_A,W,2009,2008,SOR7,0,2008-12-05,INR,97874900000
RBI:RMS_W_RN(1.0),N_A,W,2009,2008,SOR8,0,2008-12-05,INR,3193088000000
RBI:RMS_W_RN(1.0),N_A,W,2009,2008,SOR4,0,2008-12-05,INR,60285000000
RBI:RMS_W_RN(1.0),N_A,W,2009,2008,SOR6,0,2008-12-05,INR,12175480777000
RBI:RMS_W_RN(1.0),N_A,W,2009,2008,SOR1,0,2008-12-05,INR,-438730800000
RBI:RMS_W_RN(1.0),N_A,W,2009,2008,SOR1,0,2008-11-28,INR,-361671700000
RBI:RMS_W_RN(1.0),N_A,W,2009,2008,SOR5,0,2008-11-28,INR,14751300000.000002
RBI:RMS_W_RN(1.0),N_A,W,2009,2008,SOR7,0,2008-11-28,INR,97874900000
RBI:RMS_W_RN(1.0),N_A,W,2009,2008,SOR6,0,2008-11-28,INR,12301732577000
RBI:RMS_W_RN(1.0),N_A,W,2009,2008,SOR8,0,2008-11-28,INR,3337883700000
RBI:RMS_W_RN(1.0),N_A,W,2009,2008,SOR4,0,2008-11-28,INR,223661000000
RBI:RMS_W_RN(1.0),N_A,W,2009,2008,SOR7,0,2008-11-21,INR,97874900000
RBI:RMS_W_RN(1.0),N_A,W,2009,2008,SOR6,0,2008-11-21,INR,12268269077000.002
RBI:RMS_W_RN(1.0),N_A,W,2009,2008,SOR4,0,2008-11-21,INR,230752000000
RBI:RMS_W_RN(1.0),N_A,W,2009,2008,SOR1,0,2008-11-21,INR,-615057100000
RBI:RMS_W_RN(1.0),N_A,W,2009,2008,SOR5,0,2008-11-21,INR,15143900000.000002
RBI:RMS_W_RN(1.0),N_A,W,2009,2008,SOR8,0,2008-11-21,INR,3248998000000
RBI:RMS_W_RN(1.0),N_A,W,2009,2008,SOR5,0,2008-11-14,INR,19225200000
RBI:RMS_W_RN(1.0),N_A,W,2009,2008,SOR7,0,2008-11-14,INR,97309500000
RBI:RMS_W_RN(1.0),N_A,W,2009,2008,SOR1,0,2008-11-14,INR,-508741800000
RBI:RMS_W_RN(1.0),N_A,W,2009,2008,SOR8,0,2008-11-14,INR,3111856500000
RBI:RMS_W_RN(1.0),N_A,W,2009,2008,SOR6,0,2008-11-14,INR,12160386977000
RBI:RMS_W_RN(1.0),N_A,W,2009,2008,SOR4,0,2008-11-14,INR,212584800000
RBI:RMS_W_RN(1.0),N_A,W,2009,2008,SOR8,0,2008-11-07,INR,2890456000000
RBI:RMS_W_RN(1.0),N_A,W,2009,2008,SOR6,0,2008-11-07,INR,11995690377000
RBI:RMS_W_RN(1.0),N_A,W,2009,2008,SOR7,0,2008-11-07,INR,97309500000
RBI:RMS_W_RN(1.0),N_A,W,2009,2008,SOR1,0,2008-11-07,INR,-714561400000
RBI:RMS_W_RN(1.0),N_A,W,2009,2008,SOR4,0,2008-11-07,INR,180730300000
RBI:RMS_W_RN(1.0),N_A,W,2009,2008,SOR5,0,2008-11-07,INR,19263200000
RBI:RMS_W_RN(1.0),N_A,W,2009,2008,SOR7,0,2008-10-31,INR,97309500000
RBI:RMS_W_RN(1.0),N_A,W,2009,2008,SOR1,0,2008-10-31,INR,-81727800000
RBI:RMS_W_RN(1.0),N_A,W,2009,2008,SOR5,0,2008-10-31,INR,20622399999.999996
RBI:RMS_W_RN(1.0),N_A,W,2009,2008,SOR4,0,2008-10-31,INR,218692900000
RBI:RMS_W_RN(1.0),N_A,W,2009,2008,SOR8,0,2008-10-31,INR,3335733700000
RBI:RMS_W_RN(1.0),N_A,W,2009,2008,SOR6,0,2008-10-31,INR,12431815877000
RBI:RMS_W_RN(1.0),N_A,W,2009,2008,SOR6,0,2008-10-24,INR,12859078177000
RBI:RMS_W_RN(1.0),N_A,W,2009,2008,SOR7,0,2008-10-24,INR,97309500000
RBI:RMS_W_RN(1.0),N_A,W,2009,2008,SOR8,0,2008-10-24,INR,3331451500000
RBI:RMS_W_RN(1.0),N_A,W,2009,2008,SOR5,0,2008-10-24,INR,13806500000
RBI:RMS_W_RN(1.0),N_A,W,2009,2008,SOR4,0,2008-10-24,INR,127923300000
RBI:RMS_W_RN(1.0),N_A,W,2009,2008,SOR1,0,2008-10-24,INR,-1089106700000
RBI:RMS_W_RN(1.0),N_A,W,2009,2008,SOR6,0,2008-10-17,INR,13295297577000
RBI:RMS_W_RN(1.0),N_A,W,2009,2008,SOR7,0,2008-10-17,INR,96551500000
RBI:RMS_W_RN(1.0),N_A,W,2009,2008,SOR1,0,2008-10-17,INR,-980133600000
RBI:RMS_W_RN(1.0),N_A,W,2009,2008,SOR5,0,2008-10-17,INR,13806500000
RBI:RMS_W_RN(1.0),N_A,W,2009,2008,SOR8,0,2008-10-17,INR,3522702600000
RBI:RMS_W_RN(1.0),N_A,W,2009,2008,SOR4,0,2008-10-17,INR,108840800000
RBI:RMS_W_RN(1.0),N_A,W,2009,2008,SOR6,0,2008-10-10,INR,13311555777000
RBI:RMS_W_RN(1.0),N_A,W,2009,2008,SOR1,0,2008-10-10,INR,-312759700000
RBI:RMS_W_RN(1.0),N_A,W,2009,2008,SOR8,0,2008-10-10,INR,3446468300000
RBI:RMS_W_RN(1.0),N_A,W,2009,2008,SOR5,0,2008-10-10,INR,18516800000
RBI:RMS_W_RN(1.0),N_A,W,2009,2008,SOR7,0,2008-10-10,INR,96551500000
RBI:RMS_W_RN(1.0),N_A,W,2009,2008,SOR4,0,2008-10-10,INR,83852200000
RBI:RMS_W_RN(1.0),N_A,W,2009,2008,SOR5,0,2008-10-03,INR,20513400000
RBI:RMS_W_RN(1.0),N_A,W,2009,2008,SOR6,0,2008-10-03,INR,13289687077000
RBI:RMS_W_RN(1.0),N_A,W,2009,2008,SOR8,0,2008-10-03,INR,3301095800000
RBI:RMS_W_RN(1.0),N_A,W,2009,2008,SOR1,0,2008-10-03,INR,-243619000000
RBI:RMS_W_RN(1.0),N_A,W,2009,2008,SOR7,0,2008-10-03,INR,96551500000
RBI:RMS_W_RN(1.0),N_A,W,2009,2008,SOR4,0,2008-10-03,INR,84701400000
RBI:RMS_W_RN(1.0),N_A,W,2009,2008,SOR6,0,2008-09-26,INR,13503960377000
RBI:RMS_W_RN(1.0),N_A,W,2009,2008,SOR1,0,2008-09-26,INR,-618617400000
RBI:RMS_W_RN(1.0),N_A,W,2009,2008,SOR8,0,2008-09-26,INR,3492665900000.0005
RBI:RMS_W_RN(1.0),N_A,W,2009,2008,SOR5,0,2008-09-26,INR,18667600000
RBI:RMS_W_RN(1.0),N_A,W,2009,2008,SOR4,0,2008-09-26,INR,61159399999.99999
RBI:RMS_W_RN(1.0),N_A,W,2009,2008,SOR7,0,2008-09-26,INR,96551500000
RBI:RMS_W_RN(1.0),N_A,W,2009,2008,SOR5,0,2008-09-19,INR,17326900000
RBI:RMS_W_RN(1.0),N_A,W,2009,2008,SOR4,0,2008-09-19,INR,82271600000
RBI:RMS_W_RN(1.0),N_A,W,2009,2008,SOR1,0,2008-09-19,INR,-442442900000
RBI:RMS_W_RN(1.0),N_A,W,2009,2008,SOR8,0,2008-09-19,INR,3421219800000
RBI:RMS_W_RN(1.0),N_A,W,2009,2008,SOR6,0,2008-09-19,INR,13480182393000
RBI:RMS_W_RN(1.0),N_A,W,2009,2008,SOR7,0,2008-09-19,INR,96244200000
RBI:RMS_W_RN(1.0),N_A,W,2009,2008,SOR8,0,2008-09-12,INR,3045655800000
RBI:RMS_W_RN(1.0),N_A,W,2009,2008,SOR1,0,2008-09-12,INR,-717878200000.0001
RBI:RMS_W_RN(1.0),N_A,W,2009,2008,SOR6,0,2008-09-12,INR,13209812393000
RBI:RMS_W_RN(1.0),N_A,W,2009,2008,SOR4,0,2008-09-12,INR,26848100000
RBI:RMS_W_RN(1.0),N_A,W,2009,2008,SOR5,0,2008-09-12,INR,14628400000
RBI:RMS_W_RN(1.0),N_A,W,2009,2008,SOR7,0,2008-09-12,INR,96244200000
RBI:RMS_W_RN(1.0),N_A,W,2009,2008,SOR4,0,2008-09-05,INR,36733300000
RBI:RMS_W_RN(1.0),N_A,W,2009,2008,SOR8,0,2008-09-05,INR,2577225100000
RBI:RMS_W_RN(1.0),N_A,W,2009,2008,SOR6,0,2008-09-05,INR,12787408492999.998
RBI:RMS_W_RN(1.0),N_A,W,2009,2008,SOR7,0,2008-09-05,INR,96244200000
RBI:RMS_W_RN(1.0),N_A,W,2009,2008,SOR1,0,2008-09-05,INR,-573758400000
RBI:RMS_W_RN(1.0),N_A,W,2009,2008,SOR5,0,2008-09-05,INR,15074500000
RBI:RMS_W_RN(1.0),N_A,W,2009,2008,SOR6,0,2008-08-29,INR,12909439193000
RBI:RMS_W_RN(1.0),N_A,W,2009,2008,SOR4,0,2008-08-29,INR,20885800000
RBI:RMS_W_RN(1.0),N_A,W,2009,2008,SOR7,0,2008-08-29,INR,96244200000
RBI:RMS_W_RN(1.0),N_A,W,2009,2008,SOR8,0,2008-08-29,INR,2673889800000
RBI:RMS_W_RN(1.0),N_A,W,2009,2008,SOR1,0,2008-08-29,INR,-892298700000
RBI:RMS_W_RN(1.0),N_A,W,2009,2008,SOR5,0,2008-08-29,INR,13806500000
RBI:RMS_W_RN(1.0),N_A,W,2009,2008,SOR1,0,2008-08-22,INR,-672496200000
RBI:RMS_W_RN(1.0),N_A,W,2009,2008,SOR4,0,2008-08-22,INR,47169900000
RBI:RMS_W_RN(1.0),N_A,W,2009,2008,SOR5,0,2008-08-22,INR,16353200000
RBI:RMS_W_RN(1.0),N_A,W,2009,2008,SOR8,0,2008-08-22,INR,2656004800000
RBI:RMS_W_RN(1.0),N_A,W,2009,2008,SOR6,0,2008-08-22,INR,12865603893000
RBI:RMS_W_RN(1.0),N_A,W,2009,2008,SOR7,0,2008-08-22,INR,95132700000
RBI:RMS_W_RN(1.0),N_A,W,2009,2008,SOR1,0,2008-08-15,INR,-741087200000
RBI:RMS_W_RN(1.0),N_A,W,2009,2008,SOR7,0,2008-08-15,INR,95132700000
RBI:RMS_W_RN(1.0),N_A,W,2009,2008,SOR6,0,2008-08-15,INR,12658861793000
RBI:RMS_W_RN(1.0),N_A,W,2009,2008,SOR5,0,2008-08-15,INR,15896199999.999998
RBI:RMS_W_RN(1.0),N_A,W,2009,2008,SOR4,0,2008-08-15,INR,53943200000
RBI:RMS_W_RN(1.0),N_A,W,2009,2008,SOR8,0,2008-08-15,INR,2476565500000
RBI:RMS_W_RN(1.0),N_A,W,2009,2008,SOR1,0,2008-08-08,INR,-529956200000
RBI:RMS_W_RN(1.0),N_A,W,2009,2008,SOR5,0,2008-08-08,INR,14886800000
RBI:RMS_W_RN(1.0),N_A,W,2009,2008,SOR4,0,2008-08-08,INR,46253200000
RBI:RMS_W_RN(1.0),N_A,W,2009,2008,SOR8,0,2008-08-08,INR,2592290600000
RBI:RMS_W_RN(1.0),N_A,W,2009,2008,SOR7,0,2008-08-08,INR,95132700000
RBI:RMS_W_RN(1.0),N_A,W,2009,2008,SOR6,0,2008-08-08,INR,12641300793000.002
RBI:RMS_W_RN(1.0),N_A,W,2009,2008,SOR8,0,2008-08-01,INR,2859336700000
RBI:RMS_W_RN(1.0),N_A,W,2009,2008,SOR7,0,2008-08-01,INR,95132700000
RBI:RMS_W_RN(1.0),N_A,W,2009,2008,SOR1,0,2008-08-01,INR,-765734400000
RBI:RMS_W_RN(1.0),N_A,W,2009,2008,SOR4,0,2008-08-01,INR,22899800000
RBI:RMS_W_RN(1.0),N_A,W,2009,2008,SOR5,0,2008-08-01,INR,13806500000
RBI:RMS_W_RN(1.0),N_A,W,2009,2008,SOR6,0,2008-08-01,INR,12921708693000
RBI:RMS_W_RN(1.0),N_A,W,2009,2008,SOR8,0,2008-07-25,INR,2949899099999.9995
RBI:RMS_W_RN(1.0),N_A,W,2009,2008,SOR6,0,2008-07-25,INR,12932029393000
RBI:RMS_W_RN(1.0),N_A,W,2009,2008,SOR4,0,2008-07-25,INR,55865900000
RBI:RMS_W_RN(1.0),N_A,W,2009,2008,SOR1,0,2008-07-25,INR,-438885300000
RBI:RMS_W_RN(1.0),N_A,W,2009,2008,SOR5,0,2008-07-25,INR,14775500000
RBI:RMS_W_RN(1.0),N_A,W,2009,2008,SOR7,0,2008-07-25,INR,95132700000
RBI:RMS_W_RN(1.0),N_A,W,2009,2008,SOR4,0,2008-07-18,INR,40680900000
RBI:RMS_W_RN(1.0),N_A,W,2009,2008,SOR5,0,2008-07-18,INR,14376500000
RBI:RMS_W_RN(1.0),N_A,W,2009,2008,SOR1,0,2008-07-18,INR,-590962600000
RBI:RMS_W_RN(1.0),N_A,W,2009,2008,SOR6,0,2008-07-18,INR,13116751593000
RBI:RMS_W_RN(1.0),N_A,W,2009,2008,SOR8,0,2008-07-18,INR,3157190700000
RBI:RMS_W_RN(1.0),N_A,W,2009,2008,SOR7,0,2008-07-18,INR,95132700000
RBI:RMS_W_RN(1.0),N_A,W,2009,2008,SOR5,0,2008-07-11,INR,14709000000
RBI:RMS_W_RN(1.0),N_A,W,2009,2008,SOR4,0,2008-07-11,INR,51850100000
RBI:RMS_W_RN(1.0),N_A,W,2009,2008,SOR6,0,2008-07-11,INR,13159421074000
RBI:RMS_W_RN(1.0),N_A,W,2009,2008,SOR8,0,2008-07-11,INR,3133442700000
RBI:RMS_W_RN(1.0),N_A,W,2009,2008,SOR7,0,2008-07-11,INR,94489400000
RBI:RMS_W_RN(1.0),N_A,W,2009,2008,SOR1,0,2008-07-11,INR,-526664900000
RBI:RMS_W_RN(1.0),N_A,W,2009,2008,SOR7,0,2008-07-04,INR,94489400000
RBI:RMS_W_RN(1.0),N_A,W,2009,2008,SOR8,0,2008-07-04,INR,3168370800000
RBI:RMS_W_RN(1.0),N_A,W,2009,2008,SOR4,0,2008-07-04,INR,15381400000.000002
RBI:RMS_W_RN(1.0),N_A,W,2009,2008,SOR5,0,2008-07-04,INR,13806500000
RBI:RMS_W_RN(1.0),N_A,W,2009,2008,SOR1,0,2008-07-04,INR,-1090221400000
RBI:RMS_W_RN(1.0),N_A,W,2009,2008,SOR6,0,2008-07-04,INR,13300412474000
RBI:RMS_W_RN(1.0),N_A,W,2009,2008,SOR8,0,2008-06-27,INR,3121007199999.9995
RBI:RMS_W_RN(1.0),N_A,W,2009,2008,SOR5,0,2008-06-27,INR,15097400000
RBI:RMS_W_RN(1.0),N_A,W,2009,2008,SOR4,0,2008-06-27,INR,31151400000
RBI:RMS_W_RN(1.0),N_A,W,2009,2008,SOR7,0,2008-06-27,INR,94489400000
RBI:RMS_W_RN(1.0),N_A,W,2009,2008,SOR1,0,2008-06-27,INR,-828597400000
RBI:RMS_W_RN(1.0),N_A,W,2009,2008,SOR6,0,2008-06-27,INR,13316379174000
RBI:RMS_W_RN(1.0),N_A,W,2009,2008,SOR4,0,2008-06-20,INR,16121400000.000002
RBI:RMS_W_RN(1.0),N_A,W,2009,2008,SOR1,0,2008-06-20,INR,-1132221000000
RBI:RMS_W_RN(1.0),N_A,W,2009,2008,SOR8,0,2008-06-20,INR,3076188500000
RBI:RMS_W_RN(1.0),N_A,W,2009,2008,SOR5,0,2008-06-20,INR,14077000000
RBI:RMS_W_RN(1.0),N_A,W,2009,2008,SOR7,0,2008-06-20,INR,94489400000
RBI:RMS_W_RN(1.0),N_A,W,2009,2008,SOR6,0,2008-06-20,INR,13400580174000
RBI:RMS_W_RN(1.0),N_A,W,2009,2008,SOR6,0,2008-06-13,INR,13293654074000
RBI:RMS_W_RN(1.0),N_A,W,2009,2008,SOR4,0,2008-06-13,INR,37259400000
RBI:RMS_W_RN(1.0),N_A,W,2009,2008,SOR5,0,2008-06-13,INR,16927000000
RBI:RMS_W_RN(1.0),N_A,W,2009,2008,SOR8,0,2008-06-13,INR,2930986000000
RBI:RMS_W_RN(1.0),N_A,W,2009,2008,SOR1,0,2008-06-13,INR,-964603200000.0001
RBI:RMS_W_RN(1.0),N_A,W,2009,2008,SOR7,0,2008-06-13,INR,93851700000
RBI:RMS_W_RN(1.0),N_A,W,2009,2008,SOR4,0,2008-06-06,INR,5348500000
RBI:RMS_W_RN(1.0),N_A,W,2009,2008,SOR5,0,2008-06-06,INR,13832800000
RBI:RMS_W_RN(1.0),N_A,W,2009,2008,SOR8,0,2008-06-06,INR,3029567400000
RBI:RMS_W_RN(1.0),N_A,W,2009,2008,SOR1,0,2008-06-06,INR,-1242066400000
RBI:RMS_W_RN(1.0),N_A,W,2009,2008,SOR7,0,2008-06-06,INR,93851700000
RBI:RMS_W_RN(1.0),N_A,W,2009,2008,SOR6,0,2008-06-06,INR,13481999674000
RBI:RMS_W_RN(1.0),N_A,W,2009,2008,SOR1,0,2008-05-30,INR,-1005752300000
RBI:RMS_W_RN(1.0),N_A,W,2009,2008,SOR6,0,2008-05-30,INR,13376336674000
RBI:RMS_W_RN(1.0),N_A,W,2009,2008,SOR4,0,2008-05-30,INR,26836300000
RBI:RMS_W_RN(1.0),N_A,W,2009,2008,SOR8,0,2008-05-30,INR,2939587100000
RBI:RMS_W_RN(1.0),N_A,W,2009,2008,SOR7,0,2008-05-30,INR,93851700000
RBI:RMS_W_RN(1.0),N_A,W,2009,2008,SOR5,0,2008-05-30,INR,14353599999.999998
RBI:RMS_W_RN(1.0),N_A,W,2009,2008,SOR4,0,2008-05-23,INR,1660000000
RBI:RMS_W_RN(1.0),N_A,W,2009,2008,SOR7,0,2008-05-23,INR,93851700000
RBI:RMS_W_RN(1.0),N_A,W,2009,2008,SOR5,0,2008-05-23,INR,13832800000
RBI:RMS_W_RN(1.0),N_A,W,2009,2008,SOR6,0,2008-05-23,INR,13498924974000
RBI:RMS_W_RN(1.0),N_A,W,2009,2008,SOR1,0,2008-05-23,INR,-1443231900000
RBI:RMS_W_RN(1.0),N_A,W,2009,2008,SOR8,0,2008-05-23,INR,3046011599999.9995
RBI:RMS_W_RN(1.0),N_A,W,2009,2008,SOR1,0,2008-05-16,INR,-1001473400000
RBI:RMS_W_RN(1.0),N_A,W,2009,2008,SOR5,0,2008-05-16,INR,13832800000
RBI:RMS_W_RN(1.0),N_A,W,2009,2008,SOR6,0,2008-05-16,INR,13348846418000.002
RBI:RMS_W_RN(1.0),N_A,W,2009,2008,SOR8,0,2008-05-16,INR,2922724400000
RBI:RMS_W_RN(1.0),N_A,W,2009,2008,SOR4,0,2008-05-16,INR,11890000000
RBI:RMS_W_RN(1.0),N_A,W,2009,2008,SOR7,0,2008-05-16,INR,93193300000
RBI:RMS_W_RN(1.0),N_A,W,2009,2008,SOR4,0,2008-05-09,INR,1670000000
RBI:RMS_W_RN(1.0),N_A,W,2009,2008,SOR6,0,2008-05-09,INR,12910112018000
RBI:RMS_W_RN(1.0),N_A,W,2009,2008,SOR8,0,2008-05-09,INR,2464400000000
RBI:RMS_W_RN(1.0),N_A,W,2009,2008,SOR5,0,2008-05-09,INR,13832800000
RBI:RMS_W_RN(1.0),N_A,W,2009,2008,SOR1,0,2008-05-09,INR,-1405751300000
RBI:RMS_W_RN(1.0),N_A,W,2009,2008,SOR7,0,2008-05-09,INR,93193300000
RBI:RMS_W_RN(1.0),N_A,W,2009,2008,SOR4,0,2008-05-02,INR,4670000000
RBI:RMS_W_RN(1.0),N_A,W,2009,2008,SOR1,0,2008-05-02,INR,-1379392000000
RBI:RMS_W_RN(1.0),N_A,W,2009,2008,SOR7,0,2008-05-02,INR,93193300000
RBI:RMS_W_RN(1.0),N_A,W,2009,2008,SOR5,0,2008-05-02,INR,13832800000
RBI:RMS_W_RN(1.0),N_A,W,2009,2008,SOR6,0,2008-05-02,INR,12680971418000.002
RBI:RMS_W_RN(1.0),N_A,W,2009,2008,SOR8,0,2008-05-02,INR,2235578500000
RBI:RMS_W_RN(1.0),N_A,W,2009,2008,SOR4,0,2008-04-25,INR,4740000000
RBI:RMS_W_RN(1.0),N_A,W,2009,2008,SOR5,0,2008-04-25,INR,13832800000
RBI:RMS_W_RN(1.0),N_A,W,2009,2008,SOR8,0,2008-04-25,INR,2172674500000
RBI:RMS_W_RN(1.0),N_A,W,2009,2008,SOR1,0,2008-04-25,INR,-1604854700000
RBI:RMS_W_RN(1.0),N_A,W,2009,2008,SOR6,0,2008-04-25,INR,12548628118000
RBI:RMS_W_RN(1.0),N_A,W,2009,2008,SOR7,0,2008-04-25,INR,93193300000
RBI:RMS_W_RN(1.0),N_A,W,2009,2008,SOR8,0,2008-04-18,INR,2166050400000
RBI:RMS_W_RN(1.0),N_A,W,2009,2008,SOR4,0,2008-04-18,INR,4930000000
RBI:RMS_W_RN(1.0),N_A,W,2009,2008,SOR5,0,2008-04-18,INR,13832800000
RBI:RMS_W_RN(1.0),N_A,W,2009,2008,SOR7,0,2008-04-18,INR,92238700000.00002
RBI:RMS_W_RN(1.0),N_A,W,2009,2008,SOR6,0,2008-04-18,INR,12502404182000
RBI:RMS_W_RN(1.0),N_A,W,2009,2008,SOR1,0,2008-04-18,INR,-1362174600000
RBI:RMS_W_RN(1.0),N_A,W,2009,2008,SOR6,0,2008-04-11,INR,12455752582000
RBI:RMS_W_RN(1.0),N_A,W,2009,2008,SOR8,0,2008-04-11,INR,2099962200000
RBI:RMS_W_RN(1.0),N_A,W,2009,2008,SOR4,0,2008-04-11,INR,4780000000
RBI:RMS_W_RN(1.0),N_A,W,2009,2008,SOR5,0,2008-04-11,INR,13832800000
RBI:RMS_W_RN(1.0),N_A,W,2009,2008,SOR1,0,2008-04-11,INR,-1728320900000
RBI:RMS_W_RN(1.0),N_A,W,2009,2008,SOR7,0,2008-04-11,INR,92238700000.00002
RBI:RMS_W_RN(1.0),N_A,W,2009,2008,SOR5,0,2008-04-04,INR,14259100000
RBI:RMS_W_RN(1.0),N_A,W,2009,2008,SOR8,0,2008-04-04,INR,2097165000000
RBI:RMS_W_RN(1.0),N_A,W,2009,2008,SOR4,0,2008-04-04,INR,8380000000
RBI:RMS_W_RN(1.0),N_A,W,2009,2008,SOR7,0,2008-04-04,INR,92238700000.00002
RBI:RMS_W_RN(1.0),N_A,W,2009,2008,SOR6,0,2008-04-04,INR,12447781882000
RBI:RMS_W_RN(1.0),N_A,W,2009,2008,SOR1,0,2008-04-04,INR,-1836077900000
RBI:RMS_W_RN(1.0),N_A,W,2008,2007,SOR4,0,2008-03-28,INR,40000000000
RBI:RMS_W_RN(1.0),N_A,W,2008,2007,SOR7,0,2008-03-28,INR,92238700000.00002
RBI:RMS_W_RN(1.0),N_A,W,2008,2007,SOR6,0,2008-03-28,INR,12377173481999.998
RBI:RMS_W_RN(1.0),N_A,W,2008,2007,SOR5,0,2008-03-28,INR,18787400000
RBI:RMS_W_RN(1.0),N_A,W,2008,2007,SOR8,0,2008-03-28,INR,2155337000000
RBI:RMS_W_RN(1.0),N_A,W,2008,2007,SOR1,0,2008-03-28,INR,-1682352800000
RBI:RMS_W_RN(1.0),N_A,W,2008,2007,SOR1,0,2008-03-21,INR,-1390195799999.9998
RBI:RMS_W_RN(1.0),N_A,W,2008,2007,SOR5,0,2008-03-21,INR,23047900000
RBI:RMS_W_RN(1.0),N_A,W,2008,2007,SOR7,0,2008-03-21,INR,91369100000
RBI:RMS_W_RN(1.0),N_A,W,2008,2007,SOR4,0,2008-03-21,INR,62690900000
RBI:RMS_W_RN(1.0),N_A,W,2008,2007,SOR8,0,2008-03-21,INR,2144744800000
RBI:RMS_W_RN(1.0),N_A,W,2008,2007,SOR6,0,2008-03-21,INR,12299939082000
RBI:RMS_W_RN(1.0),N_A,W,2008,2007,SOR8,0,2008-03-14,INR,2230761400000
RBI:RMS_W_RN(1.0),N_A,W,2008,2007,SOR1,0,2008-03-14,INR,-1614535300000
RBI:RMS_W_RN(1.0),N_A,W,2008,2007,SOR4,0,2008-03-14,INR,5020000000
RBI:RMS_W_RN(1.0),N_A,W,2008,2007,SOR6,0,2008-03-14,INR,12374622082000
RBI:RMS_W_RN(1.0),N_A,W,2008,2007,SOR5,0,2008-03-14,INR,13832800000
RBI:RMS_W_RN(1.0),N_A,W,2008,2007,SOR7,0,2008-03-14,INR,91369100000
RBI:RMS_W_RN(1.0),N_A,W,2008,2007,SOR1,0,2008-03-07,INR,-1500238800000
RBI:RMS_W_RN(1.0),N_A,W,2008,2007,SOR4,0,2008-03-07,INR,11470000000
RBI:RMS_W_RN(1.0),N_A,W,2008,2007,SOR5,0,2008-03-07,INR,13832800000
RBI:RMS_W_RN(1.0),N_A,W,2008,2007,SOR7,0,2008-03-07,INR,91369100000
RBI:RMS_W_RN(1.0),N_A,W,2008,2007,SOR6,0,2008-03-07,INR,12275759282000
RBI:RMS_W_RN(1.0),N_A,W,2008,2007,SOR8,0,2008-03-07,INR,2161250600000
RBI:RMS_W_RN(1.0),N_A,W,2008,2007,SOR1,0,2008-02-29,INR,-1723224200000.0002
RBI:RMS_W_RN(1.0),N_A,W,2008,2007,SOR4,0,2008-02-29,INR,7965000000
RBI:RMS_W_RN(1.0),N_A,W,2008,2007,SOR7,0,2008-02-29,INR,91369100000
RBI:RMS_W_RN(1.0),N_A,W,2008,2007,SOR5,0,2008-02-29,INR,17032600000
RBI:RMS_W_RN(1.0),N_A,W,2008,2007,SOR8,0,2008-02-29,INR,1896015000000
RBI:RMS_W_RN(1.0),N_A,W,2008,2007,SOR6,0,2008-02-29,INR,12008088782000
RBI:RMS_W_RN(1.0),N_A,W,2008,2007,SOR1,0,2008-02-22,INR,-1555537100000
RBI:RMS_W_RN(1.0),N_A,W,2008,2007,SOR6,0,2008-02-22,INR,11756087567000
RBI:RMS_W_RN(1.0),N_A,W,2008,2007,SOR4,0,2008-02-22,INR,47185000000
RBI:RMS_W_RN(1.0),N_A,W,2008,2007,SOR5,0,2008-02-22,INR,20132800000
RBI:RMS_W_RN(1.0),N_A,W,2008,2007,SOR8,0,2008-02-22,INR,1784572500000
RBI:RMS_W_RN(1.0),N_A,W,2008,2007,SOR7,0,2008-02-22,INR,90507700000
RBI:RMS_W_RN(1.0),N_A,W,2008,2007,SOR1,0,2008-02-15,INR,-1780914800000
RBI:RMS_W_RN(1.0),N_A,W,2008,2007,SOR5,0,2008-02-15,INR,13832800000
RBI:RMS_W_RN(1.0),N_A,W,2008,2007,SOR4,0,2008-02-15,INR,100000000
RBI:RMS_W_RN(1.0),N_A,W,2008,2007,SOR6,0,2008-02-15,INR,11595426567000
RBI:RMS_W_RN(1.0),N_A,W,2008,2007,SOR7,0,2008-02-15,INR,90507700000
RBI:RMS_W_RN(1.0),N_A,W,2008,2007,SOR8,0,2008-02-15,INR,1618181500000
RBI:RMS_W_RN(1.0),N_A,W,2008,2007,SOR8,0,2008-02-08,INR,1460567800000
RBI:RMS_W_RN(1.0),N_A,W,2008,2007,SOR7,0,2008-02-08,INR,90507700000
RBI:RMS_W_RN(1.0),N_A,W,2008,2007,SOR5,0,2008-02-08,INR,13832800000
RBI:RMS_W_RN(1.0),N_A,W,2008,2007,SOR6,0,2008-02-08,INR,11483005467000
RBI:RMS_W_RN(1.0),N_A,W,2008,2007,SOR4,0,2008-02-08,INR,170000000
RBI:RMS_W_RN(1.0),N_A,W,2008,2007,SOR1,0,2008-02-08,INR,-1678669870000
RBI:RMS_W_RN(1.0),N_A,W,2008,2007,SOR8,0,2008-02-01,INR,1562369100000
RBI:RMS_W_RN(1.0),N_A,W,2008,2007,SOR1,0,2008-02-01,INR,-1285580100000
RBI:RMS_W_RN(1.0),N_A,W,2008,2007,SOR5,0,2008-02-01,INR,14526500000
RBI:RMS_W_RN(1.0),N_A,W,2008,2007,SOR6,0,2008-02-01,INR,11502712867000
RBI:RMS_W_RN(1.0),N_A,W,2008,2007,SOR7,0,2008-02-01,INR,90507700000
RBI:RMS_W_RN(1.0),N_A,W,2008,2007,SOR4,0,2008-02-01,INR,7340000000
RBI:RMS_W_RN(1.0),N_A,W,2008,2007,SOR8,0,2008-01-25,INR,1482023900000.0002
RBI:RMS_W_RN(1.0),N_A,W,2008,2007,SOR6,0,2008-01-25,INR,11342090667000
RBI:RMS_W_RN(1.0),N_A,W,2008,2007,SOR4,0,2008-01-25,INR,16200000000
RBI:RMS_W_RN(1.0),N_A,W,2008,2007,SOR1,0,2008-01-25,INR,-1608924500000
RBI:RMS_W_RN(1.0),N_A,W,2008,2007,SOR7,0,2008-01-25,INR,90507700000
RBI:RMS_W_RN(1.0),N_A,W,2008,2007,SOR5,0,2008-01-25,INR,13832800000
RBI:RMS_W_RN(1.0),N_A,W,2008,2007,SOR8,0,2008-01-18,INR,1380660200000
RBI:RMS_W_RN(1.0),N_A,W,2008,2007,SOR7,0,2008-01-18,INR,90507700000
RBI:RMS_W_RN(1.0),N_A,W,2008,2007,SOR6,0,2008-01-18,INR,11171808467000.002
RBI:RMS_W_RN(1.0),N_A,W,2008,2007,SOR1,0,2008-01-18,INR,-1558788700000
RBI:RMS_W_RN(1.0),N_A,W,2008,2007,SOR5,0,2008-01-18,INR,15713900000.000002
RBI:RMS_W_RN(1.0),N_A,W,2008,2007,SOR4,0,2008-01-18,INR,43190700000
RBI:RMS_W_RN(1.0),N_A,W,2008,2007,SOR4,0,2008-01-11,INR,1100000000
RBI:RMS_W_RN(1.0),N_A,W,2008,2007,SOR6,0,2008-01-11,INR,11052777267000
RBI:RMS_W_RN(1.0),N_A,W,2008,2007,SOR8,0,2008-01-11,INR,1424323100000
RBI:RMS_W_RN(1.0),N_A,W,2008,2007,SOR5,0,2008-01-11,INR,13832800000
RBI:RMS_W_RN(1.0),N_A,W,2008,2007,SOR7,0,2008-01-11,INR,89923400000
RBI:RMS_W_RN(1.0),N_A,W,2008,2007,SOR1,0,2008-01-11,INR,-1463488900000.0002
RBI:RMS_W_RN(1.0),N_A,W,2008,2007,SOR1,0,2008-01-04,INR,-1495916900000
RBI:RMS_W_RN(1.0),N_A,W,2008,2007,SOR5,0,2008-01-04,INR,13832800000
RBI:RMS_W_RN(1.0),N_A,W,2008,2007,SOR6,0,2008-01-04,INR,10845766267000
RBI:RMS_W_RN(1.0),N_A,W,2008,2007,SOR7,0,2008-01-04,INR,89923400000
RBI:RMS_W_RN(1.0),N_A,W,2008,2007,SOR8,0,2008-01-04,INR,1402614400000
RBI:RMS_W_RN(1.0),N_A,W,2008,2007,SOR4,0,2008-01-04,INR,950000000
RBI:RMS_W_RN(1.0),N_A,W,2008,2007,SOR4,0,2007-12-28,INR,23065000000
RBI:RMS_W_RN(1.0),N_A,W,2008,2007,SOR5,0,2007-12-28,INR,15527200000
RBI:RMS_W_RN(1.0),N_A,W,2008,2007,SOR7,0,2007-12-28,INR,89923400000
RBI:RMS_W_RN(1.0),N_A,W,2008,2007,SOR8,0,2007-12-28,INR,1478639800000
RBI:RMS_W_RN(1.0),N_A,W,2008,2007,SOR1,0,2007-12-28,INR,-1193931500000
RBI:RMS_W_RN(1.0),N_A,W,2008,2007,SOR6,0,2007-12-28,INR,10852646066999.998
RBI:RMS_W_RN(1.0),N_A,W,2008,2007,SOR8,0,2007-12-21,INR,1408412000000
RBI:RMS_W_RN(1.0),N_A,W,2008,2007,SOR1,0,2007-12-21,INR,-1402130700000
RBI:RMS_W_RN(1.0),N_A,W,2008,2007,SOR6,0,2007-12-21,INR,10775216667000
RBI:RMS_W_RN(1.0),N_A,W,2008,2007,SOR4,0,2007-12-21,INR,8420000000
RBI:RMS_W_RN(1.0),N_A,W,2008,2007,SOR5,0,2007-12-21,INR,14722800000
RBI:RMS_W_RN(1.0),N_A,W,2008,2007,SOR7,0,2007-12-21,INR,89923400000
RBI:RMS_W_RN(1.0),N_A,W,2008,2007,SOR7,0,2007-12-14,INR,89260200000
RBI:RMS_W_RN(1.0),N_A,W,2008,2007,SOR5,0,2007-12-14,INR,18244600000
RBI:RMS_W_RN(1.0),N_A,W,2008,2007,SOR6,0,2007-12-14,INR,10726207067000
RBI:RMS_W_RN(1.0),N_A,W,2008,2007,SOR1,0,2007-12-14,INR,-1104555100000
RBI:RMS_W_RN(1.0),N_A,W,2008,2007,SOR4,0,2007-12-14,INR,10242500000
RBI:RMS_W_RN(1.0),N_A,W,2008,2007,SOR8,0,2007-12-14,INR,1370757900000
RBI:RMS_W_RN(1.0),N_A,W,2008,2007,SOR5,0,2007-12-07,INR,13832800000
RBI:RMS_W_RN(1.0),N_A,W,2008,2007,SOR4,0,2007-12-07,INR,2490000000
RBI:RMS_W_RN(1.0),N_A,W,2008,2007,SOR7,0,2007-12-07,INR,89260200000
RBI:RMS_W_RN(1.0),N_A,W,2008,2007,SOR6,0,2007-12-07,INR,10765544667000
RBI:RMS_W_RN(1.0),N_A,W,2008,2007,SOR1,0,2007-12-07,INR,-1259829100000
RBI:RMS_W_RN(1.0),N_A,W,2008,2007,SOR8,0,2007-12-07,INR,1459888599999.9998
RBI:RMS_W_RN(1.0),N_A,W,2008,2007,SOR1,0,2007-11-30,INR,-1268153500000
RBI:RMS_W_RN(1.0),N_A,W,2008,2007,SOR6,0,2007-11-30,INR,10833002167000
RBI:RMS_W_RN(1.0),N_A,W,2008,2007,SOR7,0,2007-11-30,INR,89260200000
RBI:RMS_W_RN(1.0),N_A,W,2008,2007,SOR5,0,2007-11-30,INR,16737700000
RBI:RMS_W_RN(1.0),N_A,W,2008,2007,SOR8,0,2007-11-30,INR,1540108599999.9998
RBI:RMS_W_RN(1.0),N_A,W,2008,2007,SOR4,0,2007-11-30,INR,4150000000
RBI:RMS_W_RN(1.0),N_A,W,2008,2007,SOR5,0,2007-11-23,INR,17042300000
RBI:RMS_W_RN(1.0),N_A,W,2008,2007,SOR7,0,2007-11-23,INR,89260200000
RBI:RMS_W_RN(1.0),N_A,W,2008,2007,SOR6,0,2007-11-23,INR,10754670067000
RBI:RMS_W_RN(1.0),N_A,W,2008,2007,SOR4,0,2007-11-23,INR,1740000000
RBI:RMS_W_RN(1.0),N_A,W,2008,2007,SOR1,0,2007-11-23,INR,-1421218299999.9998
RBI:RMS_W_RN(1.0),N_A,W,2008,2007,SOR8,0,2007-11-23,INR,1514615100000
RBI:RMS_W_RN(1.0),N_A,W,2008,2007,SOR1,0,2007-11-16,INR,-1093643800000
RBI:RMS_W_RN(1.0),N_A,W,2008,2007,SOR4,0,2007-11-16,INR,11539400000
RBI:RMS_W_RN(1.0),N_A,W,2008,2007,SOR6,0,2007-11-16,INR,10652123401000
RBI:RMS_W_RN(1.0),N_A,W,2008,2007,SOR7,0,2007-11-16,INR,87553900000
RBI:RMS_W_RN(1.0),N_A,W,2008,2007,SOR8,0,2007-11-16,INR,1428342000000
RBI:RMS_W_RN(1.0),N_A,W,2008,2007,SOR5,0,2007-11-16,INR,17077600000
RBI:RMS_W_RN(1.0),N_A,W,2008,2007,SOR4,0,2007-11-09,INR,60000000
RBI:RMS_W_RN(1.0),N_A,W,2008,2007,SOR1,0,2007-11-09,INR,-1288883600000
RBI:RMS_W_RN(1.0),N_A,W,2008,2007,SOR5,0,2007-11-09,INR,13832800000
RBI:RMS_W_RN(1.0),N_A,W,2008,2007,SOR7,0,2007-11-09,INR,87553900000
RBI:RMS_W_RN(1.0),N_A,W,2008,2007,SOR6,0,2007-11-09,INR,10611005600999.998
RBI:RMS_W_RN(1.0),N_A,W,2008,2007,SOR8,0,2007-11-09,INR,1452248800000
RBI:RMS_W_RN(1.0),N_A,W,2008,2007,SOR5,0,2007-11-02,INR,13832800000
RBI:RMS_W_RN(1.0),N_A,W,2008,2007,SOR4,0,2007-11-02,INR,190000000
RBI:RMS_W_RN(1.0),N_A,W,2008,2007,SOR1,0,2007-11-02,INR,-1371761400000.0002
RBI:RMS_W_RN(1.0),N_A,W,2008,2007,SOR7,0,2007-11-02,INR,87553900000
RBI:RMS_W_RN(1.0),N_A,W,2008,2007,SOR6,0,2007-11-02,INR,10474818601000
RBI:RMS_W_RN(1.0),N_A,W,2008,2007,SOR8,0,2007-11-02,INR,1427921400000.0002
RBI:RMS_W_RN(1.0),N_A,W,2008,2007,SOR6,0,2007-10-26,INR,10352987701000
RBI:RMS_W_RN(1.0),N_A,W,2008,2007,SOR1,0,2007-10-26,INR,-1370664400000
RBI:RMS_W_RN(1.0),N_A,W,2008,2007,SOR8,0,2007-10-26,INR,1384249000000
RBI:RMS_W_RN(1.0),N_A,W,2008,2007,SOR4,0,2007-10-26,INR,0.0
RBI:RMS_W_RN(1.0),N_A,W,2008,2007,SOR5,0,2007-10-26,INR,13832800000
RBI:RMS_W_RN(1.0),N_A,W,2008,2007,SOR7,0,2007-10-26,INR,87553900000
RBI:RMS_W_RN(1.0),N_A,W,2008,2007,SOR7,0,2007-10-19,INR,86803300000
RBI:RMS_W_RN(1.0),N_A,W,2008,2007,SOR4,0,2007-10-19,INR,190000000
RBI:RMS_W_RN(1.0),N_A,W,2008,2007,SOR6,0,2007-10-19,INR,10372342501000
RBI:RMS_W_RN(1.0),N_A,W,2008,2007,SOR8,0,2007-10-19,INR,1402622300000
RBI:RMS_W_RN(1.0),N_A,W,2008,2007,SOR5,0,2007-10-19,INR,13832800000
RBI:RMS_W_RN(1.0),N_A,W,2008,2007,SOR1,0,2007-10-19,INR,-1410024800000
RBI:RMS_W_RN(1.0),N_A,W,2008,2007,SOR4,0,2007-10-12,INR,0.0
RBI:RMS_W_RN(1.0),N_A,W,2008,2007,SOR6,0,2007-10-12,INR,10081034201000
RBI:RMS_W_RN(1.0),N_A,W,2008,2007,SOR7,0,2007-10-12,INR,86803300000
RBI:RMS_W_RN(1.0),N_A,W,2008,2007,SOR5,0,2007-10-12,INR,13832800000
RBI:RMS_W_RN(1.0),N_A,W,2008,2007,SOR8,0,2007-10-12,INR,1241884400000
RBI:RMS_W_RN(1.0),N_A,W,2008,2007,SOR1,0,2007-10-12,INR,-1367110799999.9998
RBI:RMS_W_RN(1.0),N_A,W,2008,2007,SOR4,0,2007-10-05,INR,0.0
RBI:RMS_W_RN(1.0),N_A,W,2008,2007,SOR8,0,2007-10-05,INR,1245545600000
RBI:RMS_W_RN(1.0),N_A,W,2008,2007,SOR7,0,2007-10-05,INR,86803300000
RBI:RMS_W_RN(1.0),N_A,W,2008,2007,SOR5,0,2007-10-05,INR,13832800000
RBI:RMS_W_RN(1.0),N_A,W,2008,2007,SOR6,0,2007-10-05,INR,9909365201000
RBI:RMS_W_RN(1.0),N_A,W,2008,2007,SOR1,0,2007-10-05,INR,-1349744800000
RBI:RMS_W_RN(1.0),N_A,W,2008,2007,SOR1,0,2007-09-28,INR,-744257800000
RBI:RMS_W_RN(1.0),N_A,W,2008,2007,SOR4,0,2007-09-28,INR,830000000
RBI:RMS_W_RN(1.0),N_A,W,2008,2007,SOR8,0,2007-09-28,INR,1373803299999.9998
RBI:RMS_W_RN(1.0),N_A,W,2008,2007,SOR5,0,2007-09-28,INR,13832800000
RBI:RMS_W_RN(1.0),N_A,W,2008,2007,SOR6,0,2007-09-28,INR,9828399801000
RBI:RMS_W_RN(1.0),N_A,W,2008,2007,SOR7,0,2007-09-28,INR,86803300000
RBI:RMS_W_RN(1.0),N_A,W,2008,2007,SOR6,0,2007-09-21,INR,9394847573000
RBI:RMS_W_RN(1.0),N_A,W,2008,2007,SOR8,0,2007-09-21,INR,1301206300000
RBI:RMS_W_RN(1.0),N_A,W,2008,2007,SOR4,0,2007-09-21,INR,1850000000
RBI:RMS_W_RN(1.0),N_A,W,2008,2007,SOR1,0,2007-09-21,INR,-789848400000
RBI:RMS_W_RN(1.0),N_A,W,2008,2007,SOR5,0,2007-09-21,INR,13832800000
RBI:RMS_W_RN(1.0),N_A,W,2008,2007,SOR7,0,2007-09-21,INR,86151200000.00002
RBI:RMS_W_RN(1.0),N_A,W,2008,2007,SOR4,0,2007-09-14,INR,910000000
RBI:RMS_W_RN(1.0),N_A,W,2008,2007,SOR6,0,2007-09-14,INR,9377700273000
RBI:RMS_W_RN(1.0),N_A,W,2008,2007,SOR8,0,2007-09-14,INR,1342815200000
RBI:RMS_W_RN(1.0),N_A,W,2008,2007,SOR7,0,2007-09-14,INR,86151200000.00002
RBI:RMS_W_RN(1.0),N_A,W,2008,2007,SOR1,0,2007-09-14,INR,-604178600000
RBI:RMS_W_RN(1.0),N_A,W,2008,2007,SOR5,0,2007-09-14,INR,13832800000
RBI:RMS_W_RN(1.0),N_A,W,2008,2007,SOR5,0,2007-09-07,INR,13832800000
RBI:RMS_W_RN(1.0),N_A,W,2008,2007,SOR1,0,2007-09-07,INR,-727748500000
RBI:RMS_W_RN(1.0),N_A,W,2008,2007,SOR7,0,2007-09-07,INR,86151200000.00002
RBI:RMS_W_RN(1.0),N_A,W,2008,2007,SOR6,0,2007-09-07,INR,9362572673000
RBI:RMS_W_RN(1.0),N_A,W,2008,2007,SOR4,0,2007-09-07,INR,1010000000
RBI:RMS_W_RN(1.0),N_A,W,2008,2007,SOR8,0,2007-09-07,INR,1367983299999.9998
RBI:RMS_W_RN(1.0),N_A,W,2008,2007,SOR1,0,2007-08-31,INR,-629386600000
RBI:RMS_W_RN(1.0),N_A,W,2008,2007,SOR8,0,2007-08-31,INR,1363894300000
RBI:RMS_W_RN(1.0),N_A,W,2008,2007,SOR7,0,2007-08-31,INR,86151200000.00002
RBI:RMS_W_RN(1.0),N_A,W,2008,2007,SOR6,0,2007-08-31,INR,9354713573000
RBI:RMS_W_RN(1.0),N_A,W,2008,2007,SOR4,0,2007-08-31,INR,920000000
RBI:RMS_W_RN(1.0),N_A,W,2008,2007,SOR5,0,2007-08-31,INR,13832800000
RBI:RMS_W_RN(1.0),N_A,W,2008,2007,SOR7,0,2007-08-24,INR,84903100000
RBI:RMS_W_RN(1.0),N_A,W,2008,2007,SOR5,0,2007-08-24,INR,13832800000
RBI:RMS_W_RN(1.0),N_A,W,2008,2007,SOR4,0,2007-08-24,INR,1080000000
RBI:RMS_W_RN(1.0),N_A,W,2008,2007,SOR8,0,2007-08-24,INR,1415041900000
RBI:RMS_W_RN(1.0),N_A,W,2008,2007,SOR6,0,2007-08-24,INR,9399909273000
RBI:RMS_W_RN(1.0),N_A,W,2008,2007,SOR1,0,2007-08-24,INR,-601013900000
RBI:RMS_W_RN(1.0),N_A,W,2008,2007,SOR8,0,2007-08-17,INR,1384587100000
RBI:RMS_W_RN(1.0),N_A,W,2008,2007,SOR5,0,2007-08-17,INR,14120800000
RBI:RMS_W_RN(1.0),N_A,W,2008,2007,SOR1,0,2007-08-17,INR,-802058300000
RBI:RMS_W_RN(1.0),N_A,W,2008,2007,SOR7,0,2007-08-17,INR,84903100000
RBI:RMS_W_RN(1.0),N_A,W,2008,2007,SOR6,0,2007-08-17,INR,9386446473000
RBI:RMS_W_RN(1.0),N_A,W,2008,2007,SOR4,0,2007-08-17,INR,23637300000
RBI:RMS_W_RN(1.0),N_A,W,2008,2007,SOR8,0,2007-08-10,INR,1299063700000
RBI:RMS_W_RN(1.0),N_A,W,2008,2007,SOR1,0,2007-08-10,INR,-632649900000
RBI:RMS_W_RN(1.0),N_A,W,2008,2007,SOR7,0,2007-08-10,INR,84903100000
RBI:RMS_W_RN(1.0),N_A,W,2008,2007,SOR4,0,2007-08-10,INR,290000000
RBI:RMS_W_RN(1.0),N_A,W,2008,2007,SOR6,0,2007-08-10,INR,9292957773000
RBI:RMS_W_RN(1.0),N_A,W,2008,2007,SOR5,0,2007-08-10,INR,13832800000
RBI:RMS_W_RN(1.0),N_A,W,2008,2007,SOR8,0,2007-08-03,INR,1717553200000
RBI:RMS_W_RN(1.0),N_A,W,2008,2007,SOR4,0,2007-08-03,INR,140000000
RBI:RMS_W_RN(1.0),N_A,W,2008,2007,SOR7,0,2007-08-03,INR,84903100000
RBI:RMS_W_RN(1.0),N_A,W,2008,2007,SOR1,0,2007-08-03,INR,158272800000
RBI:RMS_W_RN(1.0),N_A,W,2008,2007,SOR6,0,2007-08-03,INR,9237792673000
RBI:RMS_W_RN(1.0),N_A,W,2008,2007,SOR5,0,2007-08-03,INR,13832800000
RBI:RMS_W_RN(1.0),N_A,W,2008,2007,SOR5,0,2007-07-27,INR,13832800000
RBI:RMS_W_RN(1.0),N_A,W,2008,2007,SOR6,0,2007-07-27,INR,9104933073000
RBI:RMS_W_RN(1.0),N_A,W,2008,2007,SOR1,0,2007-07-27,INR,91773700000.00002
RBI:RMS_W_RN(1.0),N_A,W,2008,2007,SOR4,0,2007-07-27,INR,100000000
RBI:RMS_W_RN(1.0),N_A,W,2008,2007,SOR7,0,2007-07-27,INR,84903100000
RBI:RMS_W_RN(1.0),N_A,W,2008,2007,SOR8,0,2007-07-27,INR,1692359000000
RBI:RMS_W_RN(1.0),N_A,W,2008,2007,SOR6,0,2007-07-20,INR,8938887973000
RBI:RMS_W_RN(1.0),N_A,W,2008,2007,SOR5,0,2007-07-20,INR,13832800000
RBI:RMS_W_RN(1.0),N_A,W,2008,2007,SOR8,0,2007-07-20,INR,1737146400000.0002
RBI:RMS_W_RN(1.0),N_A,W,2008,2007,SOR7,0,2007-07-20,INR,84903100000
RBI:RMS_W_RN(1.0),N_A,W,2008,2007,SOR1,0,2007-07-20,INR,218838000000
RBI:RMS_W_RN(1.0),N_A,W,2008,2007,SOR4,0,2007-07-20,INR,109000000
RBI:RMS_W_RN(1.0),N_A,W,2008,2007,SOR4,0,2007-07-13,INR,109000000
RBI:RMS_W_RN(1.0),N_A,W,2008,2007,SOR8,0,2007-07-13,INR,1725411900000
RBI:RMS_W_RN(1.0),N_A,W,2008,2007,SOR5,0,2007-07-13,INR,13832800000
RBI:RMS_W_RN(1.0),N_A,W,2008,2007,SOR7,0,2007-07-13,INR,84267600000
RBI:RMS_W_RN(1.0),N_A,W,2008,2007,SOR1,0,2007-07-13,INR,141193700000
RBI:RMS_W_RN(1.0),N_A,W,2008,2007,SOR6,0,2007-07-13,INR,8844002573000
RBI:RMS_W_RN(1.0),N_A,W,2008,2007,SOR4,0,2007-07-06,INR,109000000
RBI:RMS_W_RN(1.0),N_A,W,2008,2007,SOR8,0,2007-07-06,INR,1656243299999.9998
RBI:RMS_W_RN(1.0),N_A,W,2008,2007,SOR5,0,2007-07-06,INR,13832800000
RBI:RMS_W_RN(1.0),N_A,W,2008,2007,SOR7,0,2007-07-06,INR,84267600000
RBI:RMS_W_RN(1.0),N_A,W,2008,2007,SOR1,0,2007-07-06,INR,281667700000
RBI:RMS_W_RN(1.0),N_A,W,2008,2007,SOR6,0,2007-07-06,INR,8675269773000
RBI:RMS_W_RN(1.0),N_A,W,2008,2007,SOR5,0,2007-06-29,INR,13832800000
RBI:RMS_W_RN(1.0),N_A,W,2008,2007,SOR4,0,2007-06-29,INR,12755300000
RBI:RMS_W_RN(1.0),N_A,W,2008,2007,SOR7,0,2007-06-29,INR,84267600000
RBI:RMS_W_RN(1.0),N_A,W,2008,2007,SOR8,0,2007-06-29,INR,1722562800000
RBI:RMS_W_RN(1.0),N_A,W,2008,2007,SOR1,0,2007-06-29,INR,250007000000
RBI:RMS_W_RN(1.0),N_A,W,2008,2007,SOR6,0,2007-06-29,INR,8680439173000
RBI:RMS_W_RN(1.0),N_A,W,2008,2007,SOR8,0,2007-06-22,INR,1342348800000
RBI:RMS_W_RN(1.0),N_A,W,2008,2007,SOR5,0,2007-06-22,INR,13859200000
RBI:RMS_W_RN(1.0),N_A,W,2008,2007,SOR4,0,2007-06-22,INR,13366300000.000002
RBI:RMS_W_RN(1.0),N_A,W,2008,2007,SOR6,0,2007-06-22,INR,8634084594000.001
RBI:RMS_W_RN(1.0),N_A,W,2008,2007,SOR1,0,2007-06-22,INR,-197307100000
RBI:RMS_W_RN(1.0),N_A,W,2008,2007,SOR7,0,2007-06-22,INR,84267600000
RBI:RMS_W_RN(1.0),N_A,W,2008,2007,SOR5,0,2007-06-15,INR,13859200000
RBI:RMS_W_RN(1.0),N_A,W,2008,2007,SOR6,0,2007-06-15,INR,8624232652000
RBI:RMS_W_RN(1.0),N_A,W,2008,2007,SOR1,0,2007-06-15,INR,18497200000
RBI:RMS_W_RN(1.0),N_A,W,2008,2007,SOR4,0,2007-06-15,INR,13586300000.000002
RBI:RMS_W_RN(1.0),N_A,W,2008,2007,SOR8,0,2007-06-15,INR,1325278299999.9998
RBI:RMS_W_RN(1.0),N_A,W,2008,2007,SOR7,0,2007-06-15,INR,83562900000.00002
RBI:RMS_W_RN(1.0),N_A,W,2008,2007,SOR8,0,2007-06-08,INR,1315463400000
RBI:RMS_W_RN(1.0),N_A,W,2008,2007,SOR4,0,2007-06-08,INR,13406300000.000002
RBI:RMS_W_RN(1.0),N_A,W,2008,2007,SOR1,0,2007-06-08,INR,126574300000
RBI:RMS_W_RN(1.0),N_A,W,2008,2007,SOR5,0,2007-06-08,INR,13859200000
RBI:RMS_W_RN(1.0),N_A,W,2008,2007,SOR7,0,2007-06-08,INR,83562900000.00002
RBI:RMS_W_RN(1.0),N_A,W,2008,2007,SOR6,0,2007-06-08,INR,8566076352000
RBI:RMS_W_RN(1.0),N_A,W,2008,2007,SOR8,0,2007-06-01,INR,1238980800000
RBI:RMS_W_RN(1.0),N_A,W,2008,2007,SOR6,0,2007-06-01,INR,8429473652000
RBI:RMS_W_RN(1.0),N_A,W,2008,2007,SOR4,0,2007-06-01,INR,14280700000
RBI:RMS_W_RN(1.0),N_A,W,2008,2007,SOR7,0,2007-06-01,INR,83562900000.00002
RBI:RMS_W_RN(1.0),N_A,W,2008,2007,SOR5,0,2007-06-01,INR,13859200000
RBI:RMS_W_RN(1.0),N_A,W,2008,2007,SOR1,0,2007-06-01,INR,219653700000
RBI:RMS_W_RN(1.0),N_A,W,2008,2007,SOR4,0,2007-05-25,INR,44307299999.99999
RBI:RMS_W_RN(1.0),N_A,W,2008,2007,SOR7,0,2007-05-25,INR,83562900000.00002
RBI:RMS_W_RN(1.0),N_A,W,2008,2007,SOR5,0,2007-05-25,INR,13859200000
RBI:RMS_W_RN(1.0),N_A,W,2008,2007,SOR6,0,2007-05-25,INR,8305900551999.999
RBI:RMS_W_RN(1.0),N_A,W,2008,2007,SOR8,0,2007-05-25,INR,1252231000000
RBI:RMS_W_RN(1.0),N_A,W,2008,2007,SOR1,0,2007-05-25,INR,63037200000
RBI:RMS_W_RN(1.0),N_A,W,2008,2007,SOR5,0,2007-05-18,INR,13859200000
RBI:RMS_W_RN(1.0),N_A,W,2008,2007,SOR6,0,2007-05-18,INR,8326121030000
RBI:RMS_W_RN(1.0),N_A,W,2008,2007,SOR8,0,2007-05-18,INR,1323299500000
RBI:RMS_W_RN(1.0),N_A,W,2008,2007,SOR1,0,2007-05-18,INR,127721400000
RBI:RMS_W_RN(1.0),N_A,W,2008,2007,SOR7,0,2007-05-18,INR,82265700000
RBI:RMS_W_RN(1.0),N_A,W,2008,2007,SOR4,0,2007-05-18,INR,57473700000
RBI:RMS_W_RN(1.0),N_A,W,2008,2007,SOR8,0,2007-05-11,INR,1404481099999.9998
RBI:RMS_W_RN(1.0),N_A,W,2008,2007,SOR5,0,2007-05-11,INR,13859200000
RBI:RMS_W_RN(1.0),N_A,W,2008,2007,SOR6,0,2007-05-11,INR,8412893230000
RBI:RMS_W_RN(1.0),N_A,W,2008,2007,SOR7,0,2007-05-11,INR,82265700000
RBI:RMS_W_RN(1.0),N_A,W,2008,2007,SOR4,0,2007-05-11,INR,15950000000
RBI:RMS_W_RN(1.0),N_A,W,2008,2007,SOR1,0,2007-05-11,INR,63482100000
RBI:RMS_W_RN(1.0),N_A,W,2008,2007,SOR4,0,2007-05-04,INR,46631600000
RBI:RMS_W_RN(1.0),N_A,W,2008,2007,SOR5,0,2007-05-04,INR,13859200000
RBI:RMS_W_RN(1.0),N_A,W,2008,2007,SOR8,0,2007-05-04,INR,1330008000000
RBI:RMS_W_RN(1.0),N_A,W,2008,2007,SOR7,0,2007-05-04,INR,82265700000
RBI:RMS_W_RN(1.0),N_A,W,2008,2007,SOR6,0,2007-05-04,INR,8326705429999.999
RBI:RMS_W_RN(1.0),N_A,W,2008,2007,SOR1,0,2007-05-04,INR,159289000000
RBI:RMS_W_RN(1.0),N_A,W,2008,2007,SOR7,0,2007-04-27,INR,82265700000
RBI:RMS_W_RN(1.0),N_A,W,2008,2007,SOR1,0,2007-04-27,INR,185455400000
RBI:RMS_W_RN(1.0),N_A,W,2008,2007,SOR4,0,2007-04-27,INR,53217700000.00001
RBI:RMS_W_RN(1.0),N_A,W,2008,2007,SOR6,0,2007-04-27,INR,8380823830000
RBI:RMS_W_RN(1.0),N_A,W,2008,2007,SOR8,0,2007-04-27,INR,1412149900000
RBI:RMS_W_RN(1.0),N_A,W,2008,2007,SOR5,0,2007-04-27,INR,13859200000
RBI:RMS_W_RN(1.0),N_A,W,2008,2007,SOR7,0,2007-04-20,INR,81605700000
RBI:RMS_W_RN(1.0),N_A,W,2008,2007,SOR5,0,2007-04-20,INR,13859300000
RBI:RMS_W_RN(1.0),N_A,W,2008,2007,SOR4,0,2007-04-20,INR,65648800000
RBI:RMS_W_RN(1.0),N_A,W,2008,2007,SOR8,0,2007-04-20,INR,1585120600000
RBI:RMS_W_RN(1.0),N_A,W,2008,2007,SOR6,0,2007-04-20,INR,8552124567000
RBI:RMS_W_RN(1.0),N_A,W,2008,2007,SOR1,0,2007-04-20,INR,95881800000
RBI:RMS_W_RN(1.0),N_A,W,2008,2007,SOR1,0,2007-04-13,INR,-183066600000
RBI:RMS_W_RN(1.0),N_A,W,2008,2007,SOR5,0,2007-04-13,INR,13842300000
RBI:RMS_W_RN(1.0),N_A,W,2008,2007,SOR6,0,2007-04-13,INR,8665924267000
RBI:RMS_W_RN(1.0),N_A,W,2008,2007,SOR8,0,2007-04-13,INR,1679636099999.9998
RBI:RMS_W_RN(1.0),N_A,W,2008,2007,SOR7,0,2007-04-13,INR,81605700000
RBI:RMS_W_RN(1.0),N_A,W,2008,2007,SOR4,0,2007-04-13,INR,13806000000
RBI:RMS_W_RN(1.0),N_A,W,2008,2007,SOR1,0,2007-04-06,INR,-127725500000
RBI:RMS_W_RN(1.0),N_A,W,2008,2007,SOR7,0,2007-04-06,INR,81605700000
RBI:RMS_W_RN(1.0),N_A,W,2008,2007,SOR8,0,2007-04-06,INR,1704969800000
RBI:RMS_W_RN(1.0),N_A,W,2008,2007,SOR4,0,2007-04-06,INR,33434300000
RBI:RMS_W_RN(1.0),N_A,W,2008,2007,SOR5,0,2007-04-06,INR,13842300000
RBI:RMS_W_RN(1.0),N_A,W,2008,2007,SOR6,0,2007-04-06,INR,8626746267000
RBI:RMS_W_RN(1.0),N_A,W,2007,2006,SOR4,0,2007-03-30,INR,75704200000
RBI:RMS_W_RN(1.0),N_A,W,2007,2006,SOR6,0,2007-03-30,INR,8661520567000
RBI:RMS_W_RN(1.0),N_A,W,2007,2006,SOR8,0,2007-03-30,INR,1789981600000
RBI:RMS_W_RN(1.0),N_A,W,2007,2006,SOR5,0,2007-03-30,INR,15372300000
RBI:RMS_W_RN(1.0),N_A,W,2007,2006,SOR7,0,2007-03-30,INR,81605700000
RBI:RMS_W_RN(1.0),N_A,W,2007,2006,SOR1,0,2007-03-30,INR,-28019100000
RBI:RMS_W_RN(1.0),N_A,W,2007,2006,SOR6,0,2007-03-23,INR,8624954367000
RBI:RMS_W_RN(1.0),N_A,W,2007,2006,SOR4,0,2007-03-23,INR,75061000000
RBI:RMS_W_RN(1.0),N_A,W,2007,2006,SOR8,0,2007-03-23,INR,1801317200000
RBI:RMS_W_RN(1.0),N_A,W,2007,2006,SOR5,0,2007-03-23,INR,16456600000
RBI:RMS_W_RN(1.0),N_A,W,2007,2006,SOR1,0,2007-03-23,INR,-1489300000
RBI:RMS_W_RN(1.0),N_A,W,2007,2006,SOR7,0,2007-03-23,INR,81031530000
RBI:RMS_W_RN(1.0),N_A,W,2007,2006,SOR8,0,2007-03-16,INR,1850491300000
RBI:RMS_W_RN(1.0),N_A,W,2007,2006,SOR7,0,2007-03-16,INR,81031530000
RBI:RMS_W_RN(1.0),N_A,W,2007,2006,SOR6,0,2007-03-16,INR,8635396967000
RBI:RMS_W_RN(1.0),N_A,W,2007,2006,SOR5,0,2007-03-16,INR,14332300000
RBI:RMS_W_RN(1.0),N_A,W,2007,2006,SOR1,0,2007-03-16,INR,-33781800000
RBI:RMS_W_RN(1.0),N_A,W,2007,2006,SOR4,0,2007-03-16,INR,43449300000
RBI:RMS_W_RN(1.0),N_A,W,2007,2006,SOR8,0,2007-03-09,INR,1790802600000
RBI:RMS_W_RN(1.0),N_A,W,2007,2006,SOR4,0,2007-03-09,INR,17006500000
RBI:RMS_W_RN(1.0),N_A,W,2007,2006,SOR1,0,2007-03-09,INR,-13493300000
RBI:RMS_W_RN(1.0),N_A,W,2007,2006,SOR7,0,2007-03-09,INR,81031530000
RBI:RMS_W_RN(1.0),N_A,W,2007,2006,SOR6,0,2007-03-09,INR,8585876908000
RBI:RMS_W_RN(1.0),N_A,W,2007,2006,SOR5,0,2007-03-09,INR,13842300000
RBI:RMS_W_RN(1.0),N_A,W,2007,2006,SOR5,0,2007-03-02,INR,13842300000
RBI:RMS_W_RN(1.0),N_A,W,2007,2006,SOR6,0,2007-03-02,INR,8597655708000
RBI:RMS_W_RN(1.0),N_A,W,2007,2006,SOR7,0,2007-03-02,INR,81031530000
RBI:RMS_W_RN(1.0),N_A,W,2007,2006,SOR8,0,2007-03-02,INR,1805573700000
RBI:RMS_W_RN(1.0),N_A,W,2007,2006,SOR4,0,2007-03-02,INR,17876500000
RBI:RMS_W_RN(1.0),N_A,W,2007,2006,SOR1,0,2007-03-02,INR,-198013400000
RBI:RMS_W_RN(1.0),N_A,W,2007,2006,SOR7,0,2007-02-23,INR,81031530000
RBI:RMS_W_RN(1.0),N_A,W,2007,2006,SOR8,0,2007-02-23,INR,1802052900000
RBI:RMS_W_RN(1.0),N_A,W,2007,2006,SOR5,0,2007-02-23,INR,14412000000
RBI:RMS_W_RN(1.0),N_A,W,2007,2006,SOR1,0,2007-02-23,INR,-146085000000
RBI:RMS_W_RN(1.0),N_A,W,2007,2006,SOR6,0,2007-02-23,INR,8529952308000
RBI:RMS_W_RN(1.0),N_A,W,2007,2006,SOR4,0,2007-02-23,INR,20707700000
RBI:RMS_W_RN(1.0),N_A,W,2007,2006,SOR6,0,2007-02-16,INR,8308823608000
RBI:RMS_W_RN(1.0),N_A,W,2007,2006,SOR8,0,2007-02-16,INR,1740638299999.9998
RBI:RMS_W_RN(1.0),N_A,W,2007,2006,SOR5,0,2007-02-16,INR,14412000000
RBI:RMS_W_RN(1.0),N_A,W,2007,2006,SOR4,0,2007-02-16,INR,29387700000
RBI:RMS_W_RN(1.0),N_A,W,2007,2006,SOR1,0,2007-02-16,INR,-315400000
RBI:RMS_W_RN(1.0),N_A,W,2007,2006,SOR7,0,2007-02-16,INR,81031530000
RBI:RMS_W_RN(1.0),N_A,W,2007,2006,SOR4,0,2007-02-09,INR,24372199999.999996
RBI:RMS_W_RN(1.0),N_A,W,2007,2006,SOR6,0,2007-02-09,INR,8134598184000
RBI:RMS_W_RN(1.0),N_A,W,2007,2006,SOR1,0,2007-02-09,INR,-749400000
RBI:RMS_W_RN(1.0),N_A,W,2007,2006,SOR8,0,2007-02-09,INR,1697919500000
RBI:RMS_W_RN(1.0),N_A,W,2007,2006,SOR5,0,2007-02-09,INR,14412000000
RBI:RMS_W_RN(1.0),N_A,W,2007,2006,SOR7,0,2007-02-09,INR,80642900000
RBI:RMS_W_RN(1.0),N_A,W,2007,2006,SOR7,0,2007-02-02,INR,80642900000
RBI:RMS_W_RN(1.0),N_A,W,2007,2006,SOR6,0,2007-02-02,INR,7917706884000
RBI:RMS_W_RN(1.0),N_A,W,2007,2006,SOR4,0,2007-02-02,INR,53070500000
RBI:RMS_W_RN(1.0),N_A,W,2007,2006,SOR8,0,2007-02-02,INR,1711536800000
RBI:RMS_W_RN(1.0),N_A,W,2007,2006,SOR1,0,2007-02-02,INR,126294400000
RBI:RMS_W_RN(1.0),N_A,W,2007,2006,SOR5,0,2007-02-02,INR,18442000000
RBI:RMS_W_RN(1.0),N_A,W,2007,2006,SOR5,0,2007-01-26,INR,18147000000
RBI:RMS_W_RN(1.0),N_A,W,2007,2006,SOR4,0,2007-01-26,INR,78894900000
RBI:RMS_W_RN(1.0),N_A,W,2007,2006,SOR6,0,2007-01-26,INR,7896608983999.999
RBI:RMS_W_RN(1.0),N_A,W,2007,2006,SOR1,0,2007-01-26,INR,190387500000
RBI:RMS_W_RN(1.0),N_A,W,2007,2006,SOR7,0,2007-01-26,INR,80642900000
RBI:RMS_W_RN(1.0),N_A,W,2007,2006,SOR8,0,2007-01-26,INR,1719092600000
RBI:RMS_W_RN(1.0),N_A,W,2007,2006,SOR7,0,2007-01-19,INR,80642900000
RBI:RMS_W_RN(1.0),N_A,W,2007,2006,SOR4,0,2007-01-19,INR,78039400000
RBI:RMS_W_RN(1.0),N_A,W,2007,2006,SOR5,0,2007-01-19,INR,19065800000
RBI:RMS_W_RN(1.0),N_A,W,2007,2006,SOR1,0,2007-01-19,INR,122420600000
RBI:RMS_W_RN(1.0),N_A,W,2007,2006,SOR6,0,2007-01-19,INR,7873198184000
RBI:RMS_W_RN(1.0),N_A,W,2007,2006,SOR8,0,2007-01-19,INR,1756864300000
RBI:RMS_W_RN(1.0),N_A,W,2007,2006,SOR7,0,2007-01-12,INR,80273700000
RBI:RMS_W_RN(1.0),N_A,W,2007,2006,SOR6,0,2007-01-12,INR,7888105699999.999
RBI:RMS_W_RN(1.0),N_A,W,2007,2006,SOR8,0,2007-01-12,INR,1777619400000
RBI:RMS_W_RN(1.0),N_A,W,2007,2006,SOR4,0,2007-01-12,INR,78667000000
RBI:RMS_W_RN(1.0),N_A,W,2007,2006,SOR5,0,2007-01-12,INR,16765800000
RBI:RMS_W_RN(1.0),N_A,W,2007,2006,SOR1,0,2007-01-12,INR,185441000000
RBI:RMS_W_RN(1.0),N_A,W,2007,2006,SOR1,0,2007-01-05,INR,-3117900000
RBI:RMS_W_RN(1.0),N_A,W,2007,2006,SOR8,0,2007-01-05,INR,1692292200000
RBI:RMS_W_RN(1.0),N_A,W,2007,2006,SOR6,0,2007-01-05,INR,7797878700000
RBI:RMS_W_RN(1.0),N_A,W,2007,2006,SOR4,0,2007-01-05,INR,55420400000
RBI:RMS_W_RN(1.0),N_A,W,2007,2006,SOR5,0,2007-01-05,INR,14855800000
RBI:RMS_W_RN(1.0),N_A,W,2007,2006,SOR7,0,2007-01-05,INR,80273700000
RBI:RMS_W_RN(1.0),N_A,W,2007,2006,SOR1,0,2006-12-29,INR,200262300000
RBI:RMS_W_RN(1.0),N_A,W,2007,2006,SOR7,0,2006-12-29,INR,80273700000
RBI:RMS_W_RN(1.0),N_A,W,2007,2006,SOR5,0,2006-12-29,INR,15735900000
RBI:RMS_W_RN(1.0),N_A,W,2007,2006,SOR8,0,2006-12-29,INR,1755050900000
RBI:RMS_W_RN(1.0),N_A,W,2007,2006,SOR6,0,2006-12-29,INR,7815433600000
RBI:RMS_W_RN(1.0),N_A,W,2007,2006,SOR4,0,2006-12-29,INR,89055000000
RBI:RMS_W_RN(1.0),N_A,W,2007,2006,SOR8,0,2006-12-22,INR,1797448100000
RBI:RMS_W_RN(1.0),N_A,W,2007,2006,SOR5,0,2006-12-22,INR,15151600000
RBI:RMS_W_RN(1.0),N_A,W,2007,2006,SOR7,0,2006-12-22,INR,80273700000
RBI:RMS_W_RN(1.0),N_A,W,2007,2006,SOR6,0,2006-12-22,INR,7834695600000.001
RBI:RMS_W_RN(1.0),N_A,W,2007,2006,SOR1,0,2006-12-22,INR,-17382900000
RBI:RMS_W_RN(1.0),N_A,W,2007,2006,SOR4,0,2006-12-22,INR,77043800000
RBI:RMS_W_RN(1.0),N_A,W,2007,2006,SOR4,0,2006-12-15,INR,63594700000
RBI:RMS_W_RN(1.0),N_A,W,2007,2006,SOR8,0,2006-12-15,INR,1781470799999.9998
RBI:RMS_W_RN(1.0),N_A,W,2007,2006,SOR5,0,2006-12-15,INR,14797400000
RBI:RMS_W_RN(1.0),N_A,W,2007,2006,SOR6,0,2006-12-15,INR,7809766646000
RBI:RMS_W_RN(1.0),N_A,W,2007,2006,SOR1,0,2006-12-15,INR,119952200000
RBI:RMS_W_RN(1.0),N_A,W,2007,2006,SOR7,0,2006-12-15,INR,79904400000
RBI:RMS_W_RN(1.0),N_A,W,2007,2006,SOR8,0,2006-12-08,INR,1789097000000
RBI:RMS_W_RN(1.0),N_A,W,2007,2006,SOR1,0,2006-12-08,INR,47740400000
RBI:RMS_W_RN(1.0),N_A,W,2007,2006,SOR5,0,2006-12-08,INR,13842300000
RBI:RMS_W_RN(1.0),N_A,W,2007,2006,SOR6,0,2006-12-08,INR,7811315646000
RBI:RMS_W_RN(1.0),N_A,W,2007,2006,SOR4,0,2006-12-08,INR,23078900000
RBI:RMS_W_RN(1.0),N_A,W,2007,2006,SOR7,0,2006-12-08,INR,79904400000
RBI:RMS_W_RN(1.0),N_A,W,2007,2006,SOR4,0,2006-12-01,INR,32891400000
RBI:RMS_W_RN(1.0),N_A,W,2007,2006,SOR1,0,2006-12-01,INR,-33370100000.000004
RBI:RMS_W_RN(1.0),N_A,W,2007,2006,SOR6,0,2006-12-01,INR,7809941046000
RBI:RMS_W_RN(1.0),N_A,W,2007,2006,SOR8,0,2006-12-01,INR,1806849200000.0002
RBI:RMS_W_RN(1.0),N_A,W,2007,2006,SOR5,0,2006-12-01,INR,13842300000
RBI:RMS_W_RN(1.0),N_A,W,2007,2006,SOR7,0,2006-12-01,INR,79904400000
RBI:RMS_W_RN(1.0),N_A,W,2007,2006,SOR7,0,2006-11-24,INR,79904400000
RBI:RMS_W_RN(1.0),N_A,W,2007,2006,SOR4,0,2006-11-24,INR,38988500000
RBI:RMS_W_RN(1.0),N_A,W,2007,2006,SOR5,0,2006-11-24,INR,13842300000
RBI:RMS_W_RN(1.0),N_A,W,2007,2006,SOR8,0,2006-11-24,INR,1749231300000
RBI:RMS_W_RN(1.0),N_A,W,2007,2006,SOR1,0,2006-11-24,INR,34264600000
RBI:RMS_W_RN(1.0),N_A,W,2007,2006,SOR6,0,2006-11-24,INR,7719206146000
RBI:RMS_W_RN(1.0),N_A,W,2007,2006,SOR5,0,2006-11-17,INR,13842300000
RBI:RMS_W_RN(1.0),N_A,W,2007,2006,SOR1,0,2006-11-17,INR,91013900000
RBI:RMS_W_RN(1.0),N_A,W,2007,2006,SOR4,0,2006-11-17,INR,40577600000
RBI:RMS_W_RN(1.0),N_A,W,2007,2006,SOR8,0,2006-11-17,INR,1699091800000
RBI:RMS_W_RN(1.0),N_A,W,2007,2006,SOR6,0,2006-11-17,INR,7633172394000
RBI:RMS_W_RN(1.0),N_A,W,2007,2006,SOR7,0,2006-11-17,INR,79517300000
RBI:RMS_W_RN(1.0),N_A,W,2007,2006,SOR5,0,2006-11-10,INR,13842300000
RBI:RMS_W_RN(1.0),N_A,W,2007,2006,SOR6,0,2006-11-10,INR,7449379194000
RBI:RMS_W_RN(1.0),N_A,W,2007,2006,SOR1,0,2006-11-10,INR,40169500000
RBI:RMS_W_RN(1.0),N_A,W,2007,2006,SOR8,0,2006-11-10,INR,1619968900000.0002
RBI:RMS_W_RN(1.0),N_A,W,2007,2006,SOR4,0,2006-11-10,INR,33479699999.999996
RBI:RMS_W_RN(1.0),N_A,W,2007,2006,SOR7,0,2006-11-10,INR,79517300000
RBI:RMS_W_RN(1.0),N_A,W,2007,2006,SOR5,0,2006-11-03,INR,13842300000
RBI:RMS_W_RN(1.0),N_A,W,2007,2006,SOR4,0,2006-11-03,INR,46585000000
RBI:RMS_W_RN(1.0),N_A,W,2007,2006,SOR8,0,2006-11-03,INR,1651676000000
RBI:RMS_W_RN(1.0),N_A,W,2007,2006,SOR7,0,2006-11-03,INR,79517300000
RBI:RMS_W_RN(1.0),N_A,W,2007,2006,SOR1,0,2006-11-03,INR,184165600000
RBI:RMS_W_RN(1.0),N_A,W,2007,2006,SOR6,0,2006-11-03,INR,7459815094000
RBI:RMS_W_RN(1.0),N_A,W,2007,2006,SOR7,0,2006-10-27,INR,79517300000
RBI:RMS_W_RN(1.0),N_A,W,2007,2006,SOR5,0,2006-10-27,INR,13842300000
RBI:RMS_W_RN(1.0),N_A,W,2007,2006,SOR8,0,2006-10-27,INR,1718428400000
RBI:RMS_W_RN(1.0),N_A,W,2007,2006,SOR6,0,2006-10-27,INR,7525619294000
RBI:RMS_W_RN(1.0),N_A,W,2007,2006,SOR1,0,2006-10-27,INR,107322800000
RBI:RMS_W_RN(1.0),N_A,W,2007,2006,SOR4,0,2006-10-27,INR,54229600000
RBI:RMS_W_RN(1.0),N_A,W,2007,2006,SOR7,0,2006-10-20,INR,78996100000
RBI:RMS_W_RN(1.0),N_A,W,2007,2006,SOR6,0,2006-10-20,INR,7502913917000
RBI:RMS_W_RN(1.0),N_A,W,2007,2006,SOR4,0,2006-10-20,INR,54214100000
RBI:RMS_W_RN(1.0),N_A,W,2007,2006,SOR1,0,2006-10-20,INR,201242700000
RBI:RMS_W_RN(1.0),N_A,W,2007,2006,SOR8,0,2006-10-20,INR,1692529200000.0002
RBI:RMS_W_RN(1.0),N_A,W,2007,2006,SOR5,0,2006-10-20,INR,13842300000
RBI:RMS_W_RN(1.0),N_A,W,2007,2006,SOR6,0,2006-10-13,INR,7477069717000
RBI:RMS_W_RN(1.0),N_A,W,2007,2006,SOR8,0,2006-10-13,INR,1664131000000
RBI:RMS_W_RN(1.0),N_A,W,2007,2006,SOR1,0,2006-10-13,INR,27758200000
RBI:RMS_W_RN(1.0),N_A,W,2007,2006,SOR5,0,2006-10-13,INR,13842300000
RBI:RMS_W_RN(1.0),N_A,W,2007,2006,SOR4,0,2006-10-13,INR,46609600000
RBI:RMS_W_RN(1.0),N_A,W,2007,2006,SOR7,0,2006-10-13,INR,78996100000
RBI:RMS_W_RN(1.0),N_A,W,2007,2006,SOR7,0,2006-10-06,INR,78996100000
RBI:RMS_W_RN(1.0),N_A,W,2007,2006,SOR5,0,2006-10-06,INR,13842300000
RBI:RMS_W_RN(1.0),N_A,W,2007,2006,SOR1,0,2006-10-06,INR,-59589200000
RBI:RMS_W_RN(1.0),N_A,W,2007,2006,SOR8,0,2006-10-06,INR,1692956900000
RBI:RMS_W_RN(1.0),N_A,W,2007,2006,SOR6,0,2006-10-06,INR,7505378117000
RBI:RMS_W_RN(1.0),N_A,W,2007,2006,SOR4,0,2006-10-06,INR,47341400000
RBI:RMS_W_RN(1.0),N_A,W,2007,2006,SOR8,0,2006-09-29,INR,1772211900000
RBI:RMS_W_RN(1.0),N_A,W,2007,2006,SOR7,0,2006-09-29,INR,78996100000
RBI:RMS_W_RN(1.0),N_A,W,2007,2006,SOR4,0,2006-09-29,INR,56819700000
RBI:RMS_W_RN(1.0),N_A,W,2007,2006,SOR6,0,2006-09-29,INR,7562187916999.999
RBI:RMS_W_RN(1.0),N_A,W,2007,2006,SOR1,0,2006-09-29,INR,110155800000
RBI:RMS_W_RN(1.0),N_A,W,2007,2006,SOR5,0,2006-09-29,INR,14723300000
RBI:RMS_W_RN(1.0),N_A,W,2007,2006,SOR4,0,2006-09-22,INR,42201000000
RBI:RMS_W_RN(1.0),N_A,W,2007,2006,SOR8,0,2006-09-22,INR,1816645300000
RBI:RMS_W_RN(1.0),N_A,W,2007,2006,SOR1,0,2006-09-22,INR,-95163500000
RBI:RMS_W_RN(1.0),N_A,W,2007,2006,SOR7,0,2006-09-22,INR,78566300000
RBI:RMS_W_RN(1.0),N_A,W,2007,2006,SOR6,0,2006-09-22,INR,7616622730000
RBI:RMS_W_RN(1.0),N_A,W,2007,2006,SOR5,0,2006-09-22,INR,13842300000
RBI:RMS_W_RN(1.0),N_A,W,2007,2006,SOR4,0,2006-09-15,INR,41385200000.00001
RBI:RMS_W_RN(1.0),N_A,W,2007,2006,SOR6,0,2006-09-15,INR,7603729730000
RBI:RMS_W_RN(1.0),N_A,W,2007,2006,SOR5,0,2006-09-15,INR,13842300000
RBI:RMS_W_RN(1.0),N_A,W,2007,2006,SOR8,0,2006-09-15,INR,1802333500000
RBI:RMS_W_RN(1.0),N_A,W,2007,2006,SOR1,0,2006-09-15,INR,69203900000
RBI:RMS_W_RN(1.0),N_A,W,2007,2006,SOR7,0,2006-09-15,INR,78566300000
RBI:RMS_W_RN(1.0),N_A,W,2007,2006,SOR7,0,2006-09-08,INR,78566300000
RBI:RMS_W_RN(1.0),N_A,W,2007,2006,SOR6,0,2006-09-08,INR,7596105030000
RBI:RMS_W_RN(1.0),N_A,W,2007,2006,SOR8,0,2006-09-08,INR,1777958000000
RBI:RMS_W_RN(1.0),N_A,W,2007,2006,SOR1,0,2006-09-08,INR,-56801100000
RBI:RMS_W_RN(1.0),N_A,W,2007,2006,SOR5,0,2006-09-08,INR,13842300000
RBI:RMS_W_RN(1.0),N_A,W,2007,2006,SOR4,0,2006-09-08,INR,37269500000
RBI:RMS_W_RN(1.0),N_A,W,2007,2006,SOR5,0,2006-09-01,INR,13842300000
RBI:RMS_W_RN(1.0),N_A,W,2007,2006,SOR6,0,2006-09-01,INR,7709508130000
RBI:RMS_W_RN(1.0),N_A,W,2007,2006,SOR4,0,2006-09-01,INR,25936900000
RBI:RMS_W_RN(1.0),N_A,W,2007,2006,SOR7,0,2006-09-01,INR,78566300000
RBI:RMS_W_RN(1.0),N_A,W,2007,2006,SOR8,0,2006-09-01,INR,1894157100000
RBI:RMS_W_RN(1.0),N_A,W,2007,2006,SOR1,0,2006-09-01,INR,-76042100000
RBI:RMS_W_RN(1.0),N_A,W,2007,2006,SOR1,0,2006-08-25,INR,-31561700000
RBI:RMS_W_RN(1.0),N_A,W,2007,2006,SOR4,0,2006-08-25,INR,27111500000
RBI:RMS_W_RN(1.0),N_A,W,2007,2006,SOR7,0,2006-08-25,INR,78566300000
RBI:RMS_W_RN(1.0),N_A,W,2007,2006,SOR8,0,2006-08-25,INR,1865422300000
RBI:RMS_W_RN(1.0),N_A,W,2007,2006,SOR6,0,2006-08-25,INR,7669123430000
RBI:RMS_W_RN(1.0),N_A,W,2007,2006,SOR5,0,2006-08-25,INR,13842300000
RBI:RMS_W_RN(1.0),N_A,W,2007,2006,SOR8,0,2006-08-18,INR,1847102200000
RBI:RMS_W_RN(1.0),N_A,W,2007,2006,SOR6,0,2006-08-18,INR,7650546830000
RBI:RMS_W_RN(1.0),N_A,W,2007,2006,SOR5,0,2006-08-18,INR,13842300000
RBI:RMS_W_RN(1.0),N_A,W,2007,2006,SOR1,0,2006-08-18,INR,-12517900000
RBI:RMS_W_RN(1.0),N_A,W,2007,2006,SOR7,0,2006-08-18,INR,78566300000
RBI:RMS_W_RN(1.0),N_A,W,2007,2006,SOR4,0,2006-08-18,INR,18405000000
RBI:RMS_W_RN(1.0),N_A,W,2007,2006,SOR6,0,2006-08-11,INR,7644153205000
RBI:RMS_W_RN(1.0),N_A,W,2007,2006,SOR4,0,2006-08-11,INR,13275600000
RBI:RMS_W_RN(1.0),N_A,W,2007,2006,SOR1,0,2006-08-11,INR,-25169000000
RBI:RMS_W_RN(1.0),N_A,W,2007,2006,SOR8,0,2006-08-11,INR,1841368900000.0002
RBI:RMS_W_RN(1.0),N_A,W,2007,2006,SOR7,0,2006-08-11,INR,78237500000
RBI:RMS_W_RN(1.0),N_A,W,2007,2006,SOR5,0,2006-08-11,INR,13842300000
RBI:RMS_W_RN(1.0),N_A,W,2007,2006,SOR8,0,2006-08-04,INR,1939651700000.0002
RBI:RMS_W_RN(1.0),N_A,W,2007,2006,SOR5,0,2006-08-04,INR,13842300000
RBI:RMS_W_RN(1.0),N_A,W,2007,2006,SOR1,0,2006-08-04,INR,-7689900000
RBI:RMS_W_RN(1.0),N_A,W,2007,2006,SOR7,0,2006-08-04,INR,78237500000
RBI:RMS_W_RN(1.0),N_A,W,2007,2006,SOR6,0,2006-08-04,INR,7679720305000
RBI:RMS_W_RN(1.0),N_A,W,2007,2006,SOR4,0,2006-08-04,INR,12727000000
RBI:RMS_W_RN(1.0),N_A,W,2007,2006,SOR6,0,2006-07-28,INR,7597781105000
RBI:RMS_W_RN(1.0),N_A,W,2007,2006,SOR4,0,2006-07-28,INR,29348200000
RBI:RMS_W_RN(1.0),N_A,W,2007,2006,SOR8,0,2006-07-28,INR,1875955900000
RBI:RMS_W_RN(1.0),N_A,W,2007,2006,SOR7,0,2006-07-28,INR,78237500000
RBI:RMS_W_RN(1.0),N_A,W,2007,2006,SOR1,0,2006-07-28,INR,-29701800000
RBI:RMS_W_RN(1.0),N_A,W,2007,2006,SOR5,0,2006-07-28,INR,13842300000
RBI:RMS_W_RN(1.0),N_A,W,2007,2006,SOR7,0,2006-07-21,INR,78237500000
RBI:RMS_W_RN(1.0),N_A,W,2007,2006,SOR8,0,2006-07-21,INR,1885124900000
RBI:RMS_W_RN(1.0),N_A,W,2007,2006,SOR6,0,2006-07-21,INR,7608681105000
RBI:RMS_W_RN(1.0),N_A,W,2007,2006,SOR4,0,2006-07-21,INR,27037199999.999996
RBI:RMS_W_RN(1.0),N_A,W,2007,2006,SOR5,0,2006-07-21,INR,13842300000
RBI:RMS_W_RN(1.0),N_A,W,2007,2006,SOR1,0,2006-07-21,INR,-12370500000
RBI:RMS_W_RN(1.0),N_A,W,2007,2006,SOR5,0,2006-07-14,INR,13842300000
RBI:RMS_W_RN(1.0),N_A,W,2007,2006,SOR8,0,2006-07-14,INR,1803230100000
RBI:RMS_W_RN(1.0),N_A,W,2007,2006,SOR1,0,2006-07-14,INR,33825700000
RBI:RMS_W_RN(1.0),N_A,W,2007,2006,SOR4,0,2006-07-14,INR,27156900000
RBI:RMS_W_RN(1.0),N_A,W,2007,2006,SOR6,0,2006-07-14,INR,7514526429000
RBI:RMS_W_RN(1.0),N_A,W,2007,2006,SOR7,0,2006-07-14,INR,77920400000
RBI:RMS_W_RN(1.0),N_A,W,2007,2006,SOR7,0,2006-07-07,INR,77920400000
RBI:RMS_W_RN(1.0),N_A,W,2007,2006,SOR6,0,2006-07-07,INR,7493872129000
RBI:RMS_W_RN(1.0),N_A,W,2007,2006,SOR1,0,2006-07-07,INR,-21912100000
RBI:RMS_W_RN(1.0),N_A,W,2007,2006,SOR8,0,2006-07-07,INR,1771127300000
RBI:RMS_W_RN(1.0),N_A,W,2007,2006,SOR5,0,2006-07-07,INR,13842300000
RBI:RMS_W_RN(1.0),N_A,W,2007,2006,SOR4,0,2006-07-07,INR,26602000000
RBI:RMS_W_RN(1.0),N_A,W,2007,2006,SOR6,0,2006-06-30,INR,7471645329000
RBI:RMS_W_RN(1.0),N_A,W,2007,2006,SOR8,0,2006-06-30,INR,1773600799999.9998
RBI:RMS_W_RN(1.0),N_A,W,2007,2006,SOR7,0,2006-06-30,INR,77920400000
RBI:RMS_W_RN(1.0),N_A,W,2007,2006,SOR1,0,2006-06-30,INR,57592100000
RBI:RMS_W_RN(1.0),N_A,W,2007,2006,SOR5,0,2006-06-30,INR,13842300000
RBI:RMS_W_RN(1.0),N_A,W,2007,2006,SOR4,0,2006-06-30,INR,41876700000
RBI:RMS_W_RN(1.0),N_A,W,2007,2006,SOR8,0,2006-06-23,INR,1784055600000
RBI:RMS_W_RN(1.0),N_A,W,2007,2006,SOR5,0,2006-06-23,INR,13868699999.999998
RBI:RMS_W_RN(1.0),N_A,W,2007,2006,SOR4,0,2006-06-23,INR,26602600000.000004
RBI:RMS_W_RN(1.0),N_A,W,2007,2006,SOR6,0,2006-06-23,INR,7448307729000
RBI:RMS_W_RN(1.0),N_A,W,2007,2006,SOR7,0,2006-06-23,INR,77920400000
RBI:RMS_W_RN(1.0),N_A,W,2007,2006,SOR1,0,2006-06-23,INR,81893400000
RBI:RMS_W_RN(1.0),N_A,W,2007,2006,SOR8,0,2006-06-16,INR,1739936400000.0002
RBI:RMS_W_RN(1.0),N_A,W,2007,2006,SOR5,0,2006-06-16,INR,13868699999.999998
RBI:RMS_W_RN(1.0),N_A,W,2007,2006,SOR7,0,2006-06-16,INR,77489000000
RBI:RMS_W_RN(1.0),N_A,W,2007,2006,SOR6,0,2006-06-16,INR,7454244149000
RBI:RMS_W_RN(1.0),N_A,W,2007,2006,SOR4,0,2006-06-16,INR,24673900000
RBI:RMS_W_RN(1.0),N_A,W,2007,2006,SOR1,0,2006-06-16,INR,134726500000
RBI:RMS_W_RN(1.0),N_A,W,2007,2006,SOR8,0,2006-06-09,INR,1727969700000
RBI:RMS_W_RN(1.0),N_A,W,2007,2006,SOR5,0,2006-06-09,INR,13868699999.999998
RBI:RMS_W_RN(1.0),N_A,W,2007,2006,SOR6,0,2006-06-09,INR,7446912648999.999
RBI:RMS_W_RN(1.0),N_A,W,2007,2006,SOR1,0,2006-06-09,INR,107444400000
RBI:RMS_W_RN(1.0),N_A,W,2007,2006,SOR4,0,2006-06-09,INR,25824300000
RBI:RMS_W_RN(1.0),N_A,W,2007,2006,SOR7,0,2006-06-09,INR,77489000000
RBI:RMS_W_RN(1.0),N_A,W,2007,2006,SOR4,0,2006-06-02,INR,17964000000
RBI:RMS_W_RN(1.0),N_A,W,2007,2006,SOR6,0,2006-06-02,INR,7561926049000
RBI:RMS_W_RN(1.0),N_A,W,2007,2006,SOR5,0,2006-06-02,INR,13868699999.999998
RBI:RMS_W_RN(1.0),N_A,W,2007,2006,SOR1,0,2006-06-02,INR,31809899999.999996
RBI:RMS_W_RN(1.0),N_A,W,2007,2006,SOR7,0,2006-06-02,INR,77489000000
RBI:RMS_W_RN(1.0),N_A,W,2007,2006,SOR8,0,2006-06-02,INR,1834456400000.0002
RBI:RMS_W_RN(1.0),N_A,W,2007,2006,SOR1,0,2006-05-26,INR,77338700000
RBI:RMS_W_RN(1.0),N_A,W,2007,2006,SOR7,0,2006-05-26,INR,77489000000
RBI:RMS_W_RN(1.0),N_A,W,2007,2006,SOR6,0,2006-05-26,INR,7413247249000
RBI:RMS_W_RN(1.0),N_A,W,2007,2006,SOR4,0,2006-05-26,INR,13775700000
RBI:RMS_W_RN(1.0),N_A,W,2007,2006,SOR8,0,2006-05-26,INR,1709846300000
RBI:RMS_W_RN(1.0),N_A,W,2007,2006,SOR5,0,2006-05-26,INR,13868699999.999998
RBI:RMS_W_RN(1.0),N_A,W,2007,2006,SOR7,0,2006-05-19,INR,77091000000
RBI:RMS_W_RN(1.0),N_A,W,2007,2006,SOR4,0,2006-05-19,INR,23225600000
RBI:RMS_W_RN(1.0),N_A,W,2007,2006,SOR8,0,2006-05-19,INR,1666747900000
RBI:RMS_W_RN(1.0),N_A,W,2007,2006,SOR6,0,2006-05-19,INR,7369458160000
RBI:RMS_W_RN(1.0),N_A,W,2007,2006,SOR5,0,2006-05-19,INR,13868699999.999998
RBI:RMS_W_RN(1.0),N_A,W,2007,2006,SOR1,0,2006-05-19,INR,77602500000
RBI:RMS_W_RN(1.0),N_A,W,2007,2006,SOR5,0,2006-05-12,INR,13868699999.999998
RBI:RMS_W_RN(1.0),N_A,W,2007,2006,SOR4,0,2006-05-12,INR,14647200000
RBI:RMS_W_RN(1.0),N_A,W,2007,2006,SOR1,0,2006-05-12,INR,115101500000
RBI:RMS_W_RN(1.0),N_A,W,2007,2006,SOR7,0,2006-05-12,INR,77091000000
RBI:RMS_W_RN(1.0),N_A,W,2007,2006,SOR8,0,2006-05-12,INR,1646340600000
RBI:RMS_W_RN(1.0),N_A,W,2007,2006,SOR6,0,2006-05-12,INR,7341003959999.999
RBI:RMS_W_RN(1.0),N_A,W,2007,2006,SOR8,0,2006-05-05,INR,1563389300000
RBI:RMS_W_RN(1.0),N_A,W,2007,2006,SOR5,0,2006-05-05,INR,13868699999.999998
RBI:RMS_W_RN(1.0),N_A,W,2007,2006,SOR1,0,2006-05-05,INR,132755600000
RBI:RMS_W_RN(1.0),N_A,W,2007,2006,SOR6,0,2006-05-05,INR,7254359260000
RBI:RMS_W_RN(1.0),N_A,W,2007,2006,SOR4,0,2006-05-05,INR,22704300000
RBI:RMS_W_RN(1.0),N_A,W,2007,2006,SOR7,0,2006-05-05,INR,77091000000
RBI:RMS_W_RN(1.0),N_A,W,2007,2006,SOR1,0,2006-04-28,INR,179287599999.99997
RBI:RMS_W_RN(1.0),N_A,W,2007,2006,SOR5,0,2006-04-28,INR,13868699999.999998
RBI:RMS_W_RN(1.0),N_A,W,2007,2006,SOR4,0,2006-04-28,INR,24401200000
RBI:RMS_W_RN(1.0),N_A,W,2007,2006,SOR8,0,2006-04-28,INR,1533130300000
RBI:RMS_W_RN(1.0),N_A,W,2007,2006,SOR7,0,2006-04-28,INR,77091000000
RBI:RMS_W_RN(1.0),N_A,W,2007,2006,SOR6,0,2006-04-28,INR,7190502960000
RBI:RMS_W_RN(1.0),N_A,W,2007,2006,SOR6,0,2006-04-21,INR,7053344162000
RBI:RMS_W_RN(1.0),N_A,W,2007,2006,SOR1,0,2006-04-21,INR,55589600000
RBI:RMS_W_RN(1.0),N_A,W,2007,2006,SOR7,0,2006-04-21,INR,76561700000
RBI:RMS_W_RN(1.0),N_A,W,2007,2006,SOR4,0,2006-04-21,INR,33463000000
RBI:RMS_W_RN(1.0),N_A,W,2007,2006,SOR5,0,2006-04-21,INR,13868699999.999998
RBI:RMS_W_RN(1.0),N_A,W,2007,2006,SOR8,0,2006-04-21,INR,1429128500000
RBI:RMS_W_RN(1.0),N_A,W,2007,2006,SOR8,0,2006-04-14,INR,1392221800000
RBI:RMS_W_RN(1.0),N_A,W,2007,2006,SOR1,0,2006-04-14,INR,-97531700000
RBI:RMS_W_RN(1.0),N_A,W,2007,2006,SOR5,0,2006-04-14,INR,13868699999.999998
RBI:RMS_W_RN(1.0),N_A,W,2007,2006,SOR7,0,2006-04-14,INR,76561700000
RBI:RMS_W_RN(1.0),N_A,W,2007,2006,SOR4,0,2006-04-14,INR,37637500000
RBI:RMS_W_RN(1.0),N_A,W,2007,2006,SOR6,0,2006-04-14,INR,6991844462000
RBI:RMS_W_RN(1.0),N_A,W,2007,2006,SOR1,0,2006-04-07,INR,-25240800000
RBI:RMS_W_RN(1.0),N_A,W,2007,2006,SOR5,0,2006-04-07,INR,13868699999.999998
RBI:RMS_W_RN(1.0),N_A,W,2007,2006,SOR4,0,2006-04-07,INR,42907900000
RBI:RMS_W_RN(1.0),N_A,W,2007,2006,SOR6,0,2006-04-07,INR,6848077062000
RBI:RMS_W_RN(1.0),N_A,W,2007,2006,SOR8,0,2006-04-07,INR,1291569900000
RBI:RMS_W_RN(1.0),N_A,W,2007,2006,SOR7,0,2006-04-07,INR,76561700000
RBI:RMS_W_RN(1.0),N_A,W,2006,2005,SOR7,0,2006-03-31,INR,76561700000
RBI:RMS_W_RN(1.0),N_A,W,2006,2005,SOR1,0,2006-03-31,INR,65990600000.00001
RBI:RMS_W_RN(1.0),N_A,W,2006,2005,SOR5,0,2006-03-31,INR,13868699999.999998
RBI:RMS_W_RN(1.0),N_A,W,2006,2005,SOR8,0,2006-03-31,INR,1224916600000
RBI:RMS_W_RN(1.0),N_A,W,2006,2005,SOR6,0,2006-03-31,INR,6729862262000
RBI:RMS_W_RN(1.0),N_A,W,2006,2005,SOR4,0,2006-03-31,INR,57953600000
RBI:RMS_W_RN(1.0),N_A,W,2006,2005,SOR6,0,2006-03-24,INR,6604082652000
RBI:RMS_W_RN(1.0),N_A,W,2006,2005,SOR7,0,2006-03-24,INR,76089500000
RBI:RMS_W_RN(1.0),N_A,W,2006,2005,SOR4,0,2006-03-24,INR,59290200000.00001
RBI:RMS_W_RN(1.0),N_A,W,2006,2005,SOR8,0,2006-03-24,INR,1292069300000
RBI:RMS_W_RN(1.0),N_A,W,2006,2005,SOR5,0,2006-03-24,INR,13868699999.999998
RBI:RMS_W_RN(1.0),N_A,W,2006,2005,SOR1,0,2006-03-24,INR,160542300000
RBI:RMS_W_RN(1.0),N_A,W,2006,2005,SOR8,0,2006-03-17,INR,1292033000000
RBI:RMS_W_RN(1.0),N_A,W,2006,2005,SOR4,0,2006-03-17,INR,41656700000
RBI:RMS_W_RN(1.0),N_A,W,2006,2005,SOR7,0,2006-03-17,INR,76089500000
RBI:RMS_W_RN(1.0),N_A,W,2006,2005,SOR6,0,2006-03-17,INR,6458664852000
RBI:RMS_W_RN(1.0),N_A,W,2006,2005,SOR1,0,2006-03-17,INR,248361200000
RBI:RMS_W_RN(1.0),N_A,W,2006,2005,SOR5,0,2006-03-17,INR,14346900000
RBI:RMS_W_RN(1.0),N_A,W,2006,2005,SOR7,0,2006-03-10,INR,76089500000
RBI:RMS_W_RN(1.0),N_A,W,2006,2005,SOR1,0,2006-03-10,INR,314332600000
RBI:RMS_W_RN(1.0),N_A,W,2006,2005,SOR6,0,2006-03-10,INR,6370417552000
RBI:RMS_W_RN(1.0),N_A,W,2006,2005,SOR8,0,2006-03-10,INR,1239878300000
RBI:RMS_W_RN(1.0),N_A,W,2006,2005,SOR5,0,2006-03-10,INR,16319000000
RBI:RMS_W_RN(1.0),N_A,W,2006,2005,SOR4,0,2006-03-10,INR,55659200000
RBI:RMS_W_RN(1.0),N_A,W,2006,2005,SOR7,0,2006-03-03,INR,76089500000
RBI:RMS_W_RN(1.0),N_A,W,2006,2005,SOR1,0,2006-03-03,INR,328712100000
RBI:RMS_W_RN(1.0),N_A,W,2006,2005,SOR4,0,2006-03-03,INR,44639399999.99999
RBI:RMS_W_RN(1.0),N_A,W,2006,2005,SOR5,0,2006-03-03,INR,16292300000
RBI:RMS_W_RN(1.0),N_A,W,2006,2005,SOR8,0,2006-03-03,INR,1264185300000
RBI:RMS_W_RN(1.0),N_A,W,2006,2005,SOR6,0,2006-03-03,INR,6316762552000
RBI:RMS_W_RN(1.0),N_A,W,2006,2005,SOR7,0,2006-02-24,INR,76089500000
RBI:RMS_W_RN(1.0),N_A,W,2006,2005,SOR8,0,2006-02-24,INR,1227838200000
RBI:RMS_W_RN(1.0),N_A,W,2006,2005,SOR5,0,2006-02-24,INR,16292300000
RBI:RMS_W_RN(1.0),N_A,W,2006,2005,SOR1,0,2006-02-24,INR,336188600000
RBI:RMS_W_RN(1.0),N_A,W,2006,2005,SOR6,0,2006-02-24,INR,6257782552000
RBI:RMS_W_RN(1.0),N_A,W,2006,2005,SOR4,0,2006-02-24,INR,52658300000
RBI:RMS_W_RN(1.0),N_A,W,2006,2005,SOR1,0,2006-02-17,INR,247544900000.00003
RBI:RMS_W_RN(1.0),N_A,W,2006,2005,SOR8,0,2006-02-17,INR,1231953700000
RBI:RMS_W_RN(1.0),N_A,W,2006,2005,SOR6,0,2006-02-17,INR,6243625913000
RBI:RMS_W_RN(1.0),N_A,W,2006,2005,SOR4,0,2006-02-17,INR,60147900000
RBI:RMS_W_RN(1.0),N_A,W,2006,2005,SOR7,0,2006-02-17,INR,76089500000
RBI:RMS_W_RN(1.0),N_A,W,2006,2005,SOR5,0,2006-02-17,INR,17411200000
RBI:RMS_W_RN(1.0),N_A,W,2006,2005,SOR7,0,2006-02-10,INR,75903400000
RBI:RMS_W_RN(1.0),N_A,W,2006,2005,SOR8,0,2006-02-10,INR,1196089600000
RBI:RMS_W_RN(1.0),N_A,W,2006,2005,SOR5,0,2006-02-10,INR,18424700000
RBI:RMS_W_RN(1.0),N_A,W,2006,2005,SOR6,0,2006-02-10,INR,6173910213000
RBI:RMS_W_RN(1.0),N_A,W,2006,2005,SOR1,0,2006-02-10,INR,355331300000
RBI:RMS_W_RN(1.0),N_A,W,2006,2005,SOR4,0,2006-02-10,INR,61426700000
RBI:RMS_W_RN(1.0),N_A,W,2006,2005,SOR1,0,2006-02-03,INR,262998500000
RBI:RMS_W_RN(1.0),N_A,W,2006,2005,SOR7,0,2006-02-03,INR,75903400000
RBI:RMS_W_RN(1.0),N_A,W,2006,2005,SOR5,0,2006-02-03,INR,19176000000
RBI:RMS_W_RN(1.0),N_A,W,2006,2005,SOR8,0,2006-02-03,INR,1219844100000
RBI:RMS_W_RN(1.0),N_A,W,2006,2005,SOR4,0,2006-02-03,INR,51650000000
RBI:RMS_W_RN(1.0),N_A,W,2006,2005,SOR6,0,2006-02-03,INR,6149358213000
RBI:RMS_W_RN(1.0),N_A,W,2006,2005,SOR5,0,2006-01-27,INR,20434100000
RBI:RMS_W_RN(1.0),N_A,W,2006,2005,SOR4,0,2006-01-27,INR,72124000000
RBI:RMS_W_RN(1.0),N_A,W,2006,2005,SOR1,0,2006-01-27,INR,348179600000
RBI:RMS_W_RN(1.0),N_A,W,2006,2005,SOR7,0,2006-01-27,INR,75903400000
RBI:RMS_W_RN(1.0),N_A,W,2006,2005,SOR8,0,2006-01-27,INR,1218818200000
RBI:RMS_W_RN(1.0),N_A,W,2006,2005,SOR6,0,2006-01-27,INR,6121923213000
RBI:RMS_W_RN(1.0),N_A,W,2006,2005,SOR8,0,2006-01-20,INR,1243296000000
RBI:RMS_W_RN(1.0),N_A,W,2006,2005,SOR6,0,2006-01-20,INR,6148367965000.001
RBI:RMS_W_RN(1.0),N_A,W,2006,2005,SOR5,0,2006-01-20,INR,23393400000
RBI:RMS_W_RN(1.0),N_A,W,2006,2005,SOR7,0,2006-01-20,INR,75903400000
RBI:RMS_W_RN(1.0),N_A,W,2006,2005,SOR1,0,2006-01-20,INR,273227500000
RBI:RMS_W_RN(1.0),N_A,W,2006,2005,SOR4,0,2006-01-20,INR,60841500000
RBI:RMS_W_RN(1.0),N_A,W,2006,2005,SOR8,0,2006-01-13,INR,1242115800000
RBI:RMS_W_RN(1.0),N_A,W,2006,2005,SOR6,0,2006-01-13,INR,6137764065000
RBI:RMS_W_RN(1.0),N_A,W,2006,2005,SOR1,0,2006-01-13,INR,466564700000
RBI:RMS_W_RN(1.0),N_A,W,2006,2005,SOR7,0,2006-01-13,INR,86414500000
RBI:RMS_W_RN(1.0),N_A,W,2006,2005,SOR5,0,2006-01-13,INR,25759400000
RBI:RMS_W_RN(1.0),N_A,W,2006,2005,SOR4,0,2006-01-13,INR,63969200000
RBI:RMS_W_RN(1.0),N_A,W,2006,2005,SOR7,0,2006-01-06,INR,86414500000
RBI:RMS_W_RN(1.0),N_A,W,2006,2005,SOR8,0,2006-01-06,INR,1272303200000
RBI:RMS_W_RN(1.0),N_A,W,2006,2005,SOR4,0,2006-01-06,INR,41782400000
RBI:RMS_W_RN(1.0),N_A,W,2006,2005,SOR1,0,2006-01-06,INR,189407700000
RBI:RMS_W_RN(1.0),N_A,W,2006,2005,SOR5,0,2006-01-06,INR,13868699999.999998
RBI:RMS_W_RN(1.0),N_A,W,2006,2005,SOR6,0,2006-01-06,INR,6184221165000
