DATAFLOW,AUDST,DAILY_AVG_TO_RN,FREQ,REPYEAREND,REPYEARSTART,UNIT_MULT,TIME_PERIOD,UNIT_MEASURE,OBS_VALUE
RBI:AVG_TURNOVER_RN(1.0),N_A,TR_BILL_182_DAY,W,2026,2025,0,2026-03-27,INR,49684030000
RBI:AVG_TURNOVER_RN(1.0),N_A,TR_BILL_91_DAY,W,2026,2025,0,2026-03-27,INR,106008220000
RBI:AVG_TURNOVER_RN(1.0),N_A,MKT_REPO,W,2026,2025,0,2026-03-27,INR,14876574400000
RBI:AVG_TURNOVER_RN(1.0),N_A,STATE_GOVT_SEC,W,2026,2025,0,2026-03-27,INR,314927610000
RBI:AVG_TURNOVER_RN(1.0),N_A,CALL_MONEY,W,2026,2025,0,2026-03-27,INR,677776500000
RBI:AVG_TURNOVER_RN(1.0),N_A,GOVT_SEC,W,2026,2025,0,2026-03-27,INR,1795200500000
RBI:AVG_TURNOVER_RN(1.0),N_A,FOREX,W,2026,2025,0,2026-03-27,INR,412770000000
RBI:AVG_TURNOVER_RN(1.0),N_A,TRI_REPO,W,2026,2025,0,2026-03-27,INR,19411540500000
RBI:AVG_TURNOVER_RN(1.0),N_A,TR_BILL_364_DAY,W,2026,2025,0,2026-03-27,INR,125317070000
RBI:AVG_TURNOVER_RN(1.0),N_A,GOVT_SEC_RBI,W,2026,2025,0,2026-03-27,INR,9424996800
RBI:AVG_TURNOVER_RN(1.0),N_A,CORPO_REPO,W,2026,2025,0,2026-03-27,INR,525497000000
RBI:AVG_TURNOVER_RN(1.0),N_A,TERM_MONEY,W,2026,2025,0,2026-03-27,INR,21362000000
RBI:AVG_TURNOVER_RN(1.0),N_A,NOTICE_MONEY,W,2026,2025,0,2026-03-27,INR,56711000000
RBI:AVG_TURNOVER_RN(1.0),N_A,CORPO_REPO,W,2026,2025,0,2026-03-20,INR,261134500000
RBI:AVG_TURNOVER_RN(1.0),N_A,TR_BILL_182_DAY,W,2026,2025,0,2026-03-20,INR,44294070000
RBI:AVG_TURNOVER_RN(1.0),N_A,MKT_REPO,W,2026,2025,0,2026-03-20,INR,7549182000000
RBI:AVG_TURNOVER_RN(1.0),N_A,TRI_REPO,W,2026,2025,0,2026-03-20,INR,9767964500000
RBI:AVG_TURNOVER_RN(1.0),N_A,CALL_MONEY,W,2026,2025,0,2026-03-20,INR,442380650000
RBI:AVG_TURNOVER_RN(1.0),N_A,NOTICE_MONEY,W,2026,2025,0,2026-03-20,INR,12321250000
RBI:AVG_TURNOVER_RN(1.0),N_A,GOVT_SEC,W,2026,2025,0,2026-03-20,INR,677767370500
RBI:AVG_TURNOVER_RN(1.0),N_A,TR_BILL_91_DAY,W,2026,2025,0,2026-03-20,INR,39870800000
RBI:AVG_TURNOVER_RN(1.0),N_A,TERM_MONEY,W,2026,2025,0,2026-03-20,INR,13482500000
RBI:AVG_TURNOVER_RN(1.0),N_A,GOVT_SEC_RBI,W,2026,2025,0,2026-03-20,INR,139181322500
RBI:AVG_TURNOVER_RN(1.0),N_A,FOREX,W,2026,2025,0,2026-03-20,INR,156124000000
RBI:AVG_TURNOVER_RN(1.0),N_A,TR_BILL_364_DAY,W,2026,2025,0,2026-03-20,INR,64507560000
RBI:AVG_TURNOVER_RN(1.0),N_A,STATE_GOVT_SEC,W,2026,2025,0,2026-03-20,INR,140597290000
RBI:AVG_TURNOVER_RN(1.0),N_A,STATE_GOVT_SEC,W,2026,2025,0,2026-03-13,INR,147283256000
RBI:AVG_TURNOVER_RN(1.0),N_A,GOVT_SEC,W,2026,2025,0,2026-03-13,INR,1114923438800
RBI:AVG_TURNOVER_RN(1.0),N_A,FOREX,W,2026,2025,0,2026-03-13,INR,156074000000
RBI:AVG_TURNOVER_RN(1.0),N_A,TR_BILL_182_DAY,W,2026,2025,0,2026-03-13,INR,32425304000
RBI:AVG_TURNOVER_RN(1.0),N_A,TRI_REPO,W,2026,2025,0,2026-03-13,INR,7884232333333.333
RBI:AVG_TURNOVER_RN(1.0),N_A,NOTICE_MONEY,W,2026,2025,0,2026-03-13,INR,4371333333.33
RBI:AVG_TURNOVER_RN(1.0),N_A,GOVT_SEC_RBI,W,2026,2025,0,2026-03-13,INR,149593635500
RBI:AVG_TURNOVER_RN(1.0),N_A,MKT_REPO,W,2026,2025,0,2026-03-13,INR,6453686866666.67
RBI:AVG_TURNOVER_RN(1.0),N_A,TERM_MONEY,W,2026,2025,0,2026-03-13,INR,19451666666.670002
RBI:AVG_TURNOVER_RN(1.0),N_A,TR_BILL_91_DAY,W,2026,2025,0,2026-03-13,INR,57487344000
RBI:AVG_TURNOVER_RN(1.0),N_A,TR_BILL_364_DAY,W,2026,2025,0,2026-03-13,INR,46719840000
RBI:AVG_TURNOVER_RN(1.0),N_A,CALL_MONEY,W,2026,2025,0,2026-03-13,INR,288574133300
RBI:AVG_TURNOVER_RN(1.0),N_A,CORPO_REPO,W,2026,2025,0,2026-03-13,INR,215237200000
RBI:AVG_TURNOVER_RN(1.0),N_A,FOREX,W,2026,2025,0,2026-03-06,INR,174120000000
RBI:AVG_TURNOVER_RN(1.0),N_A,TRI_REPO,W,2026,2025,0,2026-03-06,INR,9175116000000
RBI:AVG_TURNOVER_RN(1.0),N_A,NOTICE_MONEY,W,2026,2025,0,2026-03-06,INR,85399150000.00002
RBI:AVG_TURNOVER_RN(1.0),N_A,GOVT_SEC_RBI,W,2026,2025,0,2026-03-06,INR,145538622900
RBI:AVG_TURNOVER_RN(1.0),N_A,TERM_MONEY,W,2026,2025,0,2026-03-06,INR,18170000000
RBI:AVG_TURNOVER_RN(1.0),N_A,TR_BILL_364_DAY,W,2026,2025,0,2026-03-06,INR,46848055000.00001
RBI:AVG_TURNOVER_RN(1.0),N_A,TR_BILL_91_DAY,W,2026,2025,0,2026-03-06,INR,66840145000
RBI:AVG_TURNOVER_RN(1.0),N_A,TR_BILL_182_DAY,W,2026,2025,0,2026-03-06,INR,43376950000
RBI:AVG_TURNOVER_RN(1.0),N_A,GOVT_SEC,W,2026,2025,0,2026-03-06,INR,1533179849999.9998
RBI:AVG_TURNOVER_RN(1.0),N_A,CALL_MONEY,W,2026,2025,0,2026-03-06,INR,175471800000
RBI:AVG_TURNOVER_RN(1.0),N_A,STATE_GOVT_SEC,W,2026,2025,0,2026-03-06,INR,103932430000
RBI:AVG_TURNOVER_RN(1.0),N_A,MKT_REPO,W,2026,2025,0,2026-03-06,INR,7697495100000
RBI:AVG_TURNOVER_RN(1.0),N_A,CORPO_REPO,W,2026,2025,0,2026-03-06,INR,216664000000
RBI:AVG_TURNOVER_RN(1.0),N_A,GOVT_SEC,W,2026,2025,0,2026-02-27,INR,959792519999.9999
RBI:AVG_TURNOVER_RN(1.0),N_A,MKT_REPO,W,2026,2025,0,2026-02-27,INR,6193535427000
RBI:AVG_TURNOVER_RN(1.0),N_A,TR_BILL_91_DAY,W,2026,2025,0,2026-02-27,INR,35869000000
RBI:AVG_TURNOVER_RN(1.0),N_A,GOVT_SEC_RBI,W,2026,2025,0,2026-02-27,INR,25367629149.999996
RBI:AVG_TURNOVER_RN(1.0),N_A,TR_BILL_364_DAY,W,2026,2025,0,2026-02-27,INR,45366640000
RBI:AVG_TURNOVER_RN(1.0),N_A,TRI_REPO,W,2026,2025,0,2026-02-27,INR,7989502500000
RBI:AVG_TURNOVER_RN(1.0),N_A,FOREX,W,2026,2025,0,2026-02-27,INR,137674000000
RBI:AVG_TURNOVER_RN(1.0),N_A,TERM_MONEY,W,2026,2025,0,2026-02-27,INR,14879330000
RBI:AVG_TURNOVER_RN(1.0),N_A,NOTICE_MONEY,W,2026,2025,0,2026-02-27,INR,5869600000
RBI:AVG_TURNOVER_RN(1.0),N_A,CORPO_REPO,W,2026,2025,0,2026-02-27,INR,212217200000
RBI:AVG_TURNOVER_RN(1.0),N_A,STATE_GOVT_SEC,W,2026,2025,0,2026-02-27,INR,106264040000
RBI:AVG_TURNOVER_RN(1.0),N_A,TR_BILL_182_DAY,W,2026,2025,0,2026-02-27,INR,49990000000
RBI:AVG_TURNOVER_RN(1.0),N_A,CALL_MONEY,W,2026,2025,0,2026-02-27,INR,230352769999.99997
RBI:AVG_TURNOVER_RN(1.0),N_A,TRI_REPO,W,2026,2025,0,2026-02-20,INR,9856519500000
RBI:AVG_TURNOVER_RN(1.0),N_A,NOTICE_MONEY,W,2026,2025,0,2026-02-20,INR,67707000000
RBI:AVG_TURNOVER_RN(1.0),N_A,MKT_REPO,W,2026,2025,0,2026-02-20,INR,6859172200000
RBI:AVG_TURNOVER_RN(1.0),N_A,GOVT_SEC,W,2026,2025,0,2026-02-20,INR,1039116450000
RBI:AVG_TURNOVER_RN(1.0),N_A,STATE_GOVT_SEC,W,2026,2025,0,2026-02-20,INR,94422099999.99998
RBI:AVG_TURNOVER_RN(1.0),N_A,CORPO_REPO,W,2026,2025,0,2026-02-20,INR,209378000000
RBI:AVG_TURNOVER_RN(1.0),N_A,TERM_MONEY,W,2026,2025,0,2026-02-20,INR,24862500000
RBI:AVG_TURNOVER_RN(1.0),N_A,TR_BILL_91_DAY,W,2026,2025,0,2026-02-20,INR,29234600000
RBI:AVG_TURNOVER_RN(1.0),N_A,FOREX,W,2026,2025,0,2026-02-20,INR,108328000000
RBI:AVG_TURNOVER_RN(1.0),N_A,TR_BILL_182_DAY,W,2026,2025,0,2026-02-20,INR,51953000000
RBI:AVG_TURNOVER_RN(1.0),N_A,CALL_MONEY,W,2026,2025,0,2026-02-20,INR,218638200000
RBI:AVG_TURNOVER_RN(1.0),N_A,GOVT_SEC_RBI,W,2026,2025,0,2026-02-20,INR,18364207320
RBI:AVG_TURNOVER_RN(1.0),N_A,TR_BILL_364_DAY,W,2026,2025,0,2026-02-20,INR,54872450000
RBI:AVG_TURNOVER_RN(1.0),N_A,FOREX,W,2026,2025,0,2026-02-13,INR,130093000000
RBI:AVG_TURNOVER_RN(1.0),N_A,NOTICE_MONEY,W,2026,2025,0,2026-02-13,INR,6519333333.33
RBI:AVG_TURNOVER_RN(1.0),N_A,MKT_REPO,W,2026,2025,0,2026-02-13,INR,5704887200000
RBI:AVG_TURNOVER_RN(1.0),N_A,TRI_REPO,W,2026,2025,0,2026-02-13,INR,8087984166999.999
RBI:AVG_TURNOVER_RN(1.0),N_A,STATE_GOVT_SEC,W,2026,2025,0,2026-02-13,INR,93307240000
RBI:AVG_TURNOVER_RN(1.0),N_A,GOVT_SEC,W,2026,2025,0,2026-02-13,INR,1260407160000
RBI:AVG_TURNOVER_RN(1.0),N_A,CORPO_REPO,W,2026,2025,0,2026-02-13,INR,228466400000
RBI:AVG_TURNOVER_RN(1.0),N_A,CALL_MONEY,W,2026,2025,0,2026-02-13,INR,216237070000
RBI:AVG_TURNOVER_RN(1.0),N_A,TR_BILL_364_DAY,W,2026,2025,0,2026-02-13,INR,55343200000
RBI:AVG_TURNOVER_RN(1.0),N_A,GOVT_SEC_RBI,W,2026,2025,0,2026-02-13,INR,24493653200
RBI:AVG_TURNOVER_RN(1.0),N_A,TR_BILL_91_DAY,W,2026,2025,0,2026-02-13,INR,31282520000
RBI:AVG_TURNOVER_RN(1.0),N_A,TR_BILL_182_DAY,W,2026,2025,0,2026-02-13,INR,89300360000
RBI:AVG_TURNOVER_RN(1.0),N_A,TERM_MONEY,W,2026,2025,0,2026-02-13,INR,14194500000
RBI:AVG_TURNOVER_RN(1.0),N_A,TR_BILL_182_DAY,W,2026,2025,0,2026-02-06,INR,37932360000
RBI:AVG_TURNOVER_RN(1.0),N_A,MKT_REPO,W,2026,2025,0,2026-02-06,INR,5811839013000
RBI:AVG_TURNOVER_RN(1.0),N_A,GOVT_SEC,W,2026,2025,0,2026-02-06,INR,1403328320000
RBI:AVG_TURNOVER_RN(1.0),N_A,CORPO_REPO,W,2026,2025,0,2026-02-06,INR,206879600000
RBI:AVG_TURNOVER_RN(1.0),N_A,FOREX,W,2026,2025,0,2026-02-06,INR,157068000000
RBI:AVG_TURNOVER_RN(1.0),N_A,TRI_REPO,W,2026,2025,0,2026-02-06,INR,8055502333000
RBI:AVG_TURNOVER_RN(1.0),N_A,NOTICE_MONEY,W,2026,2025,0,2026-02-06,INR,49213570000
RBI:AVG_TURNOVER_RN(1.0),N_A,STATE_GOVT_SEC,W,2026,2025,0,2026-02-06,INR,80198640000
RBI:AVG_TURNOVER_RN(1.0),N_A,GOVT_SEC_RBI,W,2026,2025,0,2026-02-06,INR,115669800000
RBI:AVG_TURNOVER_RN(1.0),N_A,TR_BILL_364_DAY,W,2026,2025,0,2026-02-06,INR,56025000000
RBI:AVG_TURNOVER_RN(1.0),N_A,CALL_MONEY,W,2026,2025,0,2026-02-06,INR,196560733300
RBI:AVG_TURNOVER_RN(1.0),N_A,TR_BILL_91_DAY,W,2026,2025,0,2026-02-06,INR,37644560000
RBI:AVG_TURNOVER_RN(1.0),N_A,TERM_MONEY,W,2026,2025,0,2026-02-06,INR,13869330000
RBI:AVG_TURNOVER_RN(1.0),N_A,TR_BILL_364_DAY,W,2026,2025,0,2026-01-30,INR,63527655000.00001
RBI:AVG_TURNOVER_RN(1.0),N_A,TR_BILL_182_DAY,W,2026,2025,0,2026-01-30,INR,25187399999.999996
RBI:AVG_TURNOVER_RN(1.0),N_A,GOVT_SEC,W,2026,2025,0,2026-01-30,INR,978761749500
RBI:AVG_TURNOVER_RN(1.0),N_A,MKT_REPO,W,2026,2025,0,2026-01-30,INR,7718477400000
RBI:AVG_TURNOVER_RN(1.0),N_A,STATE_GOVT_SEC,W,2026,2025,0,2026-01-30,INR,64602895000
RBI:AVG_TURNOVER_RN(1.0),N_A,FOREX,W,2026,2025,0,2026-01-30,INR,182645000000
RBI:AVG_TURNOVER_RN(1.0),N_A,TR_BILL_CASH_MNG_BILLS,W,2026,2025,0,2026-01-30,INR,0.0
RBI:AVG_TURNOVER_RN(1.0),N_A,TRI_REPO,W,2026,2025,0,2026-01-30,INR,10385851500000
RBI:AVG_TURNOVER_RN(1.0),N_A,GOVT_SEC_RBI,W,2026,2025,0,2026-01-30,INR,143350343800
RBI:AVG_TURNOVER_RN(1.0),N_A,CORPO_REPO,W,2026,2025,0,2026-01-30,INR,178518000000
RBI:AVG_TURNOVER_RN(1.0),N_A,NOTICE_MONEY,W,2026,2025,0,2026-01-30,INR,78509300000
RBI:AVG_TURNOVER_RN(1.0),N_A,CALL_MONEY,W,2026,2025,0,2026-01-30,INR,281200100000
RBI:AVG_TURNOVER_RN(1.0),N_A,TERM_MONEY,W,2026,2025,0,2026-01-30,INR,15209000000
RBI:AVG_TURNOVER_RN(1.0),N_A,TR_BILL_91_DAY,W,2026,2025,0,2026-01-30,INR,25921755000
RBI:AVG_TURNOVER_RN(1.0),N_A,TR_BILL_182_DAY,W,2026,2025,0,2026-01-23,INR,39277008000
RBI:AVG_TURNOVER_RN(1.0),N_A,MKT_REPO,W,2026,2025,0,2026-01-23,INR,6313177000000
RBI:AVG_TURNOVER_RN(1.0),N_A,GOVT_SEC_RBI,W,2026,2025,0,2026-01-23,INR,135973325000
RBI:AVG_TURNOVER_RN(1.0),N_A,CALL_MONEY,W,2026,2025,0,2026-01-23,INR,273029466700
RBI:AVG_TURNOVER_RN(1.0),N_A,CORPO_REPO,W,2026,2025,0,2026-01-23,INR,182558000000
RBI:AVG_TURNOVER_RN(1.0),N_A,FOREX,W,2026,2025,0,2026-01-23,INR,147647000000
RBI:AVG_TURNOVER_RN(1.0),N_A,GOVT_SEC,W,2026,2025,0,2026-01-23,INR,1096980693999.9999
RBI:AVG_TURNOVER_RN(1.0),N_A,STATE_GOVT_SEC,W,2026,2025,0,2026-01-23,INR,42199736000
RBI:AVG_TURNOVER_RN(1.0),N_A,TR_BILL_CASH_MNG_BILLS,W,2026,2025,0,2026-01-23,INR,0.0
RBI:AVG_TURNOVER_RN(1.0),N_A,TRI_REPO,W,2026,2025,0,2026-01-23,INR,8259076500000
RBI:AVG_TURNOVER_RN(1.0),N_A,NOTICE_MONEY,W,2026,2025,0,2026-01-23,INR,7132100000
RBI:AVG_TURNOVER_RN(1.0),N_A,TR_BILL_91_DAY,W,2026,2025,0,2026-01-23,INR,27151924000
RBI:AVG_TURNOVER_RN(1.0),N_A,TR_BILL_364_DAY,W,2026,2025,0,2026-01-23,INR,37337680000
RBI:AVG_TURNOVER_RN(1.0),N_A,TERM_MONEY,W,2026,2025,0,2026-01-23,INR,13422666666.67
RBI:AVG_TURNOVER_RN(1.0),N_A,TR_BILL_CASH_MNG_BILLS,W,2026,2025,0,2026-01-16,INR,0.0
RBI:AVG_TURNOVER_RN(1.0),N_A,TERM_MONEY,W,2026,2025,0,2026-01-16,INR,17011500000
RBI:AVG_TURNOVER_RN(1.0),N_A,TR_BILL_91_DAY,W,2026,2025,0,2026-01-16,INR,25325652000
RBI:AVG_TURNOVER_RN(1.0),N_A,TRI_REPO,W,2026,2025,0,2026-01-16,INR,9583610250000
RBI:AVG_TURNOVER_RN(1.0),N_A,MKT_REPO,W,2026,2025,0,2026-01-16,INR,7964140000000
RBI:AVG_TURNOVER_RN(1.0),N_A,CALL_MONEY,W,2026,2025,0,2026-01-16,INR,251764750000
RBI:AVG_TURNOVER_RN(1.0),N_A,CORPO_REPO,W,2026,2025,0,2026-01-16,INR,172349000000
RBI:AVG_TURNOVER_RN(1.0),N_A,GOVT_SEC,W,2026,2025,0,2026-01-16,INR,928180294800
RBI:AVG_TURNOVER_RN(1.0),N_A,TR_BILL_182_DAY,W,2026,2025,0,2026-01-16,INR,34218392000
RBI:AVG_TURNOVER_RN(1.0),N_A,STATE_GOVT_SEC,W,2026,2025,0,2026-01-16,INR,38152224000
RBI:AVG_TURNOVER_RN(1.0),N_A,GOVT_SEC_RBI,W,2026,2025,0,2026-01-16,INR,135521440000
RBI:AVG_TURNOVER_RN(1.0),N_A,NOTICE_MONEY,W,2026,2025,0,2026-01-16,INR,92617050000
RBI:AVG_TURNOVER_RN(1.0),N_A,TR_BILL_364_DAY,W,2026,2025,0,2026-01-16,INR,41307040000
RBI:AVG_TURNOVER_RN(1.0),N_A,FOREX,W,2026,2025,0,2026-01-16,INR,156901000000
RBI:AVG_TURNOVER_RN(1.0),N_A,GOVT_SEC,W,2026,2025,0,2026-01-09,INR,1063569896000
RBI:AVG_TURNOVER_RN(1.0),N_A,CORPO_REPO,W,2026,2025,0,2026-01-09,INR,124606000000
RBI:AVG_TURNOVER_RN(1.0),N_A,NOTICE_MONEY,W,2026,2025,0,2026-01-09,INR,5656833333
RBI:AVG_TURNOVER_RN(1.0),N_A,TRI_REPO,W,2026,2025,0,2026-01-09,INR,7710139000000
RBI:AVG_TURNOVER_RN(1.0),N_A,TR_BILL_91_DAY,W,2026,2025,0,2026-01-09,INR,31645888000
RBI:AVG_TURNOVER_RN(1.0),N_A,STATE_GOVT_SEC,W,2026,2025,0,2026-01-09,INR,72268816000
RBI:AVG_TURNOVER_RN(1.0),N_A,TR_BILL_182_DAY,W,2026,2025,0,2026-01-09,INR,31641424000
RBI:AVG_TURNOVER_RN(1.0),N_A,MKT_REPO,W,2026,2025,0,2026-01-09,INR,6549249399999.999
RBI:AVG_TURNOVER_RN(1.0),N_A,CALL_MONEY,W,2026,2025,0,2026-01-09,INR,318149000000
RBI:AVG_TURNOVER_RN(1.0),N_A,TERM_MONEY,W,2026,2025,0,2026-01-09,INR,12882666666.67
RBI:AVG_TURNOVER_RN(1.0),N_A,TR_BILL_CASH_MNG_BILLS,W,2026,2025,0,2026-01-09,INR,0.0
RBI:AVG_TURNOVER_RN(1.0),N_A,GOVT_SEC_RBI,W,2026,2025,0,2026-01-09,INR,121868693500.00002
RBI:AVG_TURNOVER_RN(1.0),N_A,TR_BILL_364_DAY,W,2026,2025,0,2026-01-09,INR,41592608000
RBI:AVG_TURNOVER_RN(1.0),N_A,FOREX,W,2026,2025,0,2026-01-09,INR,147411000000
RBI:AVG_TURNOVER_RN(1.0),N_A,TERM_MONEY,W,2026,2025,0,2026-01-02,INR,16353200000
RBI:AVG_TURNOVER_RN(1.0),N_A,NOTICE_MONEY,W,2026,2025,0,2026-01-02,INR,79842200000
RBI:AVG_TURNOVER_RN(1.0),N_A,GOVT_SEC_RBI,W,2026,2025,0,2026-01-02,INR,101811532000
RBI:AVG_TURNOVER_RN(1.0),N_A,TR_BILL_364_DAY,W,2026,2025,0,2026-01-02,INR,31962080000
RBI:AVG_TURNOVER_RN(1.0),N_A,CALL_MONEY,W,2026,2025,0,2026-01-02,INR,224775640000
RBI:AVG_TURNOVER_RN(1.0),N_A,GOVT_SEC,W,2026,2025,0,2026-01-02,INR,805047092400
RBI:AVG_TURNOVER_RN(1.0),N_A,TRI_REPO,W,2026,2025,0,2026-01-02,INR,8994963200000
RBI:AVG_TURNOVER_RN(1.0),N_A,TR_BILL_91_DAY,W,2026,2025,0,2026-01-02,INR,45675128000.00001
RBI:AVG_TURNOVER_RN(1.0),N_A,STATE_GOVT_SEC,W,2026,2025,0,2026-01-02,INR,50695368000
RBI:AVG_TURNOVER_RN(1.0),N_A,FOREX,W,2026,2025,0,2026-01-02,INR,129002000000
RBI:AVG_TURNOVER_RN(1.0),N_A,MKT_REPO,W,2026,2025,0,2026-01-02,INR,7615034840000.001
RBI:AVG_TURNOVER_RN(1.0),N_A,TR_BILL_182_DAY,W,2026,2025,0,2026-01-02,INR,47811103999.99999
RBI:AVG_TURNOVER_RN(1.0),N_A,CORPO_REPO,W,2026,2025,0,2026-01-02,INR,128233600000
RBI:AVG_TURNOVER_RN(1.0),N_A,TR_BILL_CASH_MNG_BILLS,W,2026,2025,0,2026-01-02,INR,0.0
RBI:AVG_TURNOVER_RN(1.0),N_A,TERM_MONEY,W,2026,2025,0,2025-12-26,INR,13606000000
RBI:AVG_TURNOVER_RN(1.0),N_A,TR_BILL_91_DAY,W,2026,2025,0,2025-12-26,INR,42438100000.00001
RBI:AVG_TURNOVER_RN(1.0),N_A,CORPO_REPO,W,2026,2025,0,2025-12-26,INR,148611000000
RBI:AVG_TURNOVER_RN(1.0),N_A,NOTICE_MONEY,W,2026,2025,0,2025-12-26,INR,5538640000
RBI:AVG_TURNOVER_RN(1.0),N_A,GOVT_SEC,W,2026,2025,0,2025-12-26,INR,1003806412000
RBI:AVG_TURNOVER_RN(1.0),N_A,TRI_REPO,W,2026,2025,0,2025-12-26,INR,7738066800000
RBI:AVG_TURNOVER_RN(1.0),N_A,MKT_REPO,W,2026,2025,0,2025-12-26,INR,6502522640000
RBI:AVG_TURNOVER_RN(1.0),N_A,TR_BILL_182_DAY,W,2026,2025,0,2025-12-26,INR,48711770000
RBI:AVG_TURNOVER_RN(1.0),N_A,CALL_MONEY,W,2026,2025,0,2025-12-26,INR,289494400000
RBI:AVG_TURNOVER_RN(1.0),N_A,TR_BILL_364_DAY,W,2026,2025,0,2025-12-26,INR,46589799999.99999
RBI:AVG_TURNOVER_RN(1.0),N_A,GOVT_SEC_RBI,W,2026,2025,0,2025-12-26,INR,14446161080
RBI:AVG_TURNOVER_RN(1.0),N_A,FOREX,W,2026,2025,0,2025-12-26,INR,131973000000
RBI:AVG_TURNOVER_RN(1.0),N_A,STATE_GOVT_SEC,W,2026,2025,0,2025-12-26,INR,66183735000
RBI:AVG_TURNOVER_RN(1.0),N_A,TR_BILL_364_DAY,W,2026,2025,0,2025-12-19,INR,42281300000
RBI:AVG_TURNOVER_RN(1.0),N_A,GOVT_SEC,W,2026,2025,0,2025-12-19,INR,842130531600
RBI:AVG_TURNOVER_RN(1.0),N_A,GOVT_SEC_RBI,W,2026,2025,0,2025-12-19,INR,113286464300
RBI:AVG_TURNOVER_RN(1.0),N_A,CORPO_REPO,W,2026,2025,0,2025-12-19,INR,116180000000
RBI:AVG_TURNOVER_RN(1.0),N_A,TRI_REPO,W,2026,2025,0,2025-12-19,INR,9096623400000
RBI:AVG_TURNOVER_RN(1.0),N_A,NOTICE_MONEY,W,2026,2025,0,2025-12-19,INR,74160120000
RBI:AVG_TURNOVER_RN(1.0),N_A,TERM_MONEY,W,2026,2025,0,2025-12-19,INR,17105200000
RBI:AVG_TURNOVER_RN(1.0),N_A,FOREX,W,2026,2025,0,2025-12-19,INR,153364000000
RBI:AVG_TURNOVER_RN(1.0),N_A,STATE_GOVT_SEC,W,2026,2025,0,2025-12-19,INR,69546636000
RBI:AVG_TURNOVER_RN(1.0),N_A,CALL_MONEY,W,2026,2025,0,2025-12-19,INR,323348320000
RBI:AVG_TURNOVER_RN(1.0),N_A,TR_BILL_182_DAY,W,2026,2025,0,2025-12-19,INR,35602828000
RBI:AVG_TURNOVER_RN(1.0),N_A,TR_BILL_91_DAY,W,2026,2025,0,2025-12-19,INR,71775332000
RBI:AVG_TURNOVER_RN(1.0),N_A,MKT_REPO,W,2026,2025,0,2025-12-19,INR,8126406160000
RBI:AVG_TURNOVER_RN(1.0),N_A,TR_BILL_91_DAY,W,2026,2025,0,2025-12-12,INR,36360972000
RBI:AVG_TURNOVER_RN(1.0),N_A,FOREX,W,2026,2025,0,2025-12-12,INR,140295000000
RBI:AVG_TURNOVER_RN(1.0),N_A,MKT_REPO,W,2026,2025,0,2025-12-12,INR,7171810800000
RBI:AVG_TURNOVER_RN(1.0),N_A,STATE_GOVT_SEC,W,2026,2025,0,2025-12-12,INR,77358796000
RBI:AVG_TURNOVER_RN(1.0),N_A,NOTICE_MONEY,W,2026,2025,0,2025-12-12,INR,5083600000
RBI:AVG_TURNOVER_RN(1.0),N_A,CORPO_REPO,W,2026,2025,0,2025-12-12,INR,166956000000
RBI:AVG_TURNOVER_RN(1.0),N_A,TR_BILL_182_DAY,W,2026,2025,0,2025-12-12,INR,61633340000
RBI:AVG_TURNOVER_RN(1.0),N_A,GOVT_SEC_RBI,W,2026,2025,0,2025-12-12,INR,101454403000
RBI:AVG_TURNOVER_RN(1.0),N_A,TERM_MONEY,W,2026,2025,0,2025-12-12,INR,7110000000
RBI:AVG_TURNOVER_RN(1.0),N_A,TR_BILL_364_DAY,W,2026,2025,0,2025-12-12,INR,24808672000
RBI:AVG_TURNOVER_RN(1.0),N_A,TRI_REPO,W,2026,2025,0,2025-12-12,INR,7732889333000
RBI:AVG_TURNOVER_RN(1.0),N_A,GOVT_SEC,W,2026,2025,0,2025-12-12,INR,1371560330000
RBI:AVG_TURNOVER_RN(1.0),N_A,CALL_MONEY,W,2026,2025,0,2025-12-12,INR,327406833300
RBI:AVG_TURNOVER_RN(1.0),N_A,TERM_MONEY,W,2026,2025,0,2025-12-05,INR,19334333330
RBI:AVG_TURNOVER_RN(1.0),N_A,TR_BILL_182_DAY,W,2026,2025,0,2025-12-05,INR,34280732000
RBI:AVG_TURNOVER_RN(1.0),N_A,GOVT_SEC,W,2026,2025,0,2025-12-05,INR,1136645978000
RBI:AVG_TURNOVER_RN(1.0),N_A,STATE_GOVT_SEC,W,2026,2025,0,2025-12-05,INR,79268644000
RBI:AVG_TURNOVER_RN(1.0),N_A,TR_BILL_364_DAY,W,2026,2025,0,2025-12-05,INR,33910240000
RBI:AVG_TURNOVER_RN(1.0),N_A,TRI_REPO,W,2026,2025,0,2025-12-05,INR,6843586333000
RBI:AVG_TURNOVER_RN(1.0),N_A,CORPO_REPO,W,2026,2025,0,2025-12-05,INR,147484800000
RBI:AVG_TURNOVER_RN(1.0),N_A,GOVT_SEC_RBI,W,2026,2025,0,2025-12-05,INR,6261630171
RBI:AVG_TURNOVER_RN(1.0),N_A,FOREX,W,2026,2025,0,2025-12-05,INR,152092000000
RBI:AVG_TURNOVER_RN(1.0),N_A,NOTICE_MONEY,W,2026,2025,0,2025-12-05,INR,72223066670
RBI:AVG_TURNOVER_RN(1.0),N_A,MKT_REPO,W,2026,2025,0,2025-12-05,INR,7453952667000
RBI:AVG_TURNOVER_RN(1.0),N_A,TR_BILL_91_DAY,W,2026,2025,0,2025-12-05,INR,34721180000
RBI:AVG_TURNOVER_RN(1.0),N_A,CALL_MONEY,W,2026,2025,0,2025-12-05,INR,269493466700
RBI:AVG_TURNOVER_RN(1.0),N_A,TERM_MONEY,W,2026,2025,0,2025-11-28,INR,18700000000
RBI:AVG_TURNOVER_RN(1.0),N_A,STATE_GOVT_SEC,W,2026,2025,0,2025-11-28,INR,56802316000
RBI:AVG_TURNOVER_RN(1.0),N_A,GOVT_SEC,W,2026,2025,0,2025-11-28,INR,1158994572000
RBI:AVG_TURNOVER_RN(1.0),N_A,FOREX,W,2026,2025,0,2025-11-28,INR,143479000000
RBI:AVG_TURNOVER_RN(1.0),N_A,NOTICE_MONEY,W,2026,2025,0,2025-11-28,INR,73949360000
RBI:AVG_TURNOVER_RN(1.0),N_A,TRI_REPO,W,2026,2025,0,2025-11-28,INR,9157179600000
RBI:AVG_TURNOVER_RN(1.0),N_A,TR_BILL_CASH_MNG_BILLS,W,2026,2025,0,2025-11-28,INR,0.0
RBI:AVG_TURNOVER_RN(1.0),N_A,CORPO_REPO,W,2026,2025,0,2025-11-28,INR,140076000000
RBI:AVG_TURNOVER_RN(1.0),N_A,CALL_MONEY,W,2026,2025,0,2025-11-28,INR,307850240000
RBI:AVG_TURNOVER_RN(1.0),N_A,GOVT_SEC_RBI,W,2026,2025,0,2025-11-28,INR,5418471017.000001
RBI:AVG_TURNOVER_RN(1.0),N_A,TR_BILL_364_DAY,W,2026,2025,0,2025-11-28,INR,26268476000
RBI:AVG_TURNOVER_RN(1.0),N_A,TR_BILL_91_DAY,W,2026,2025,0,2025-11-28,INR,40520012000
RBI:AVG_TURNOVER_RN(1.0),N_A,TR_BILL_182_DAY,W,2026,2025,0,2025-11-28,INR,27666868000
RBI:AVG_TURNOVER_RN(1.0),N_A,MKT_REPO,W,2026,2025,0,2025-11-28,INR,8370268880000
RBI:AVG_TURNOVER_RN(1.0),N_A,CORPO_REPO,W,2026,2025,0,2025-11-21,INR,136148000000
RBI:AVG_TURNOVER_RN(1.0),N_A,FOREX,W,2026,2025,0,2025-11-21,INR,125026000000
RBI:AVG_TURNOVER_RN(1.0),N_A,TR_BILL_91_DAY,W,2026,2025,0,2025-11-21,INR,26145376000
RBI:AVG_TURNOVER_RN(1.0),N_A,NOTICE_MONEY,W,2026,2025,0,2025-11-21,INR,5067666667
RBI:AVG_TURNOVER_RN(1.0),N_A,TERM_MONEY,W,2026,2025,0,2025-11-21,INR,9445833333.33
RBI:AVG_TURNOVER_RN(1.0),N_A,TR_BILL_182_DAY,W,2026,2025,0,2025-11-21,INR,31178700000
RBI:AVG_TURNOVER_RN(1.0),N_A,TRI_REPO,W,2026,2025,0,2025-11-21,INR,7073123666666.667
RBI:AVG_TURNOVER_RN(1.0),N_A,TR_BILL_CASH_MNG_BILLS,W,2026,2025,0,2025-11-21,INR,0.0
RBI:AVG_TURNOVER_RN(1.0),N_A,TR_BILL_364_DAY,W,2026,2025,0,2025-11-21,INR,27948544000
RBI:AVG_TURNOVER_RN(1.0),N_A,STATE_GOVT_SEC,W,2026,2025,0,2025-11-21,INR,56734835999.99999
RBI:AVG_TURNOVER_RN(1.0),N_A,CALL_MONEY,W,2026,2025,0,2025-11-21,INR,289038166666.6667
RBI:AVG_TURNOVER_RN(1.0),N_A,MKT_REPO,W,2026,2025,0,2025-11-21,INR,6879714933333.333
RBI:AVG_TURNOVER_RN(1.0),N_A,GOVT_SEC,W,2026,2025,0,2025-11-21,INR,981705492000
RBI:AVG_TURNOVER_RN(1.0),N_A,GOVT_SEC_RBI,W,2026,2025,0,2025-11-21,INR,4304379056
RBI:AVG_TURNOVER_RN(1.0),N_A,GOVT_SEC_RBI,W,2026,2025,0,2025-11-14,INR,37294653900
RBI:AVG_TURNOVER_RN(1.0),N_A,TRI_REPO,W,2026,2025,0,2025-11-14,INR,8077447000000
RBI:AVG_TURNOVER_RN(1.0),N_A,CORPO_REPO,W,2026,2025,0,2025-11-14,INR,164236000000
RBI:AVG_TURNOVER_RN(1.0),N_A,FOREX,W,2026,2025,0,2025-11-14,INR,113864000000
RBI:AVG_TURNOVER_RN(1.0),N_A,STATE_GOVT_SEC,W,2026,2025,0,2025-11-14,INR,58786508000
RBI:AVG_TURNOVER_RN(1.0),N_A,TERM_MONEY,W,2026,2025,0,2025-11-14,INR,18999200000
RBI:AVG_TURNOVER_RN(1.0),N_A,TR_BILL_364_DAY,W,2026,2025,0,2025-11-14,INR,49851764000
RBI:AVG_TURNOVER_RN(1.0),N_A,NOTICE_MONEY,W,2026,2025,0,2025-11-14,INR,65720160000
RBI:AVG_TURNOVER_RN(1.0),N_A,CALL_MONEY,W,2026,2025,0,2025-11-14,INR,265936480000
RBI:AVG_TURNOVER_RN(1.0),N_A,GOVT_SEC,W,2026,2025,0,2025-11-14,INR,1263669022000
RBI:AVG_TURNOVER_RN(1.0),N_A,TR_BILL_CASH_MNG_BILLS,W,2026,2025,0,2025-11-14,INR,0.0
RBI:AVG_TURNOVER_RN(1.0),N_A,TR_BILL_182_DAY,W,2026,2025,0,2025-11-14,INR,33641504000
RBI:AVG_TURNOVER_RN(1.0),N_A,TR_BILL_91_DAY,W,2026,2025,0,2025-11-14,INR,29678872000
RBI:AVG_TURNOVER_RN(1.0),N_A,MKT_REPO,W,2026,2025,0,2025-11-14,INR,8311270400000
RBI:AVG_TURNOVER_RN(1.0),N_A,MKT_REPO,W,2026,2025,0,2025-11-07,INR,6441662480000
RBI:AVG_TURNOVER_RN(1.0),N_A,CALL_MONEY,W,2026,2025,0,2025-11-07,INR,272468360000
RBI:AVG_TURNOVER_RN(1.0),N_A,TR_BILL_182_DAY,W,2026,2025,0,2025-11-07,INR,15899890000
RBI:AVG_TURNOVER_RN(1.0),N_A,TR_BILL_CASH_MNG_BILLS,W,2026,2025,0,2025-11-07,INR,0.0
RBI:AVG_TURNOVER_RN(1.0),N_A,GOVT_SEC_RBI,W,2026,2025,0,2025-11-07,INR,34652005390
RBI:AVG_TURNOVER_RN(1.0),N_A,TR_BILL_364_DAY,W,2026,2025,0,2025-11-07,INR,60380325000
RBI:AVG_TURNOVER_RN(1.0),N_A,CORPO_REPO,W,2026,2025,0,2025-11-07,INR,158600000000
RBI:AVG_TURNOVER_RN(1.0),N_A,FOREX,W,2026,2025,0,2025-11-07,INR,125270000000
RBI:AVG_TURNOVER_RN(1.0),N_A,GOVT_SEC,W,2026,2025,0,2025-11-07,INR,1122524093000
RBI:AVG_TURNOVER_RN(1.0),N_A,TRI_REPO,W,2026,2025,0,2025-11-07,INR,6617488400000
RBI:AVG_TURNOVER_RN(1.0),N_A,NOTICE_MONEY,W,2026,2025,0,2025-11-07,INR,2130000000
RBI:AVG_TURNOVER_RN(1.0),N_A,STATE_GOVT_SEC,W,2026,2025,0,2025-11-07,INR,45604450000
RBI:AVG_TURNOVER_RN(1.0),N_A,TR_BILL_91_DAY,W,2026,2025,0,2025-11-07,INR,50476195000
RBI:AVG_TURNOVER_RN(1.0),N_A,TERM_MONEY,W,2026,2025,0,2025-11-07,INR,17548000000
RBI:AVG_TURNOVER_RN(1.0),N_A,CORPO_REPO,W,2026,2025,0,2025-10-31,INR,148004016000
RBI:AVG_TURNOVER_RN(1.0),N_A,STATE_GOVT_SEC,W,2026,2025,0,2025-10-31,INR,69426720000
RBI:AVG_TURNOVER_RN(1.0),N_A,TR_BILL_364_DAY,W,2026,2025,0,2025-10-31,INR,40465360000
RBI:AVG_TURNOVER_RN(1.0),N_A,GOVT_SEC,W,2026,2025,0,2025-10-31,INR,863886320000
RBI:AVG_TURNOVER_RN(1.0),N_A,TRI_REPO,W,2026,2025,0,2025-10-31,INR,8969453200000
RBI:AVG_TURNOVER_RN(1.0),N_A,GOVT_SEC_RBI,W,2026,2025,0,2025-10-31,INR,6094760000
RBI:AVG_TURNOVER_RN(1.0),N_A,TR_BILL_CASH_MNG_BILLS,W,2026,2025,0,2025-10-31,INR,0.0
RBI:AVG_TURNOVER_RN(1.0),N_A,TR_BILL_91_DAY,W,2026,2025,0,2025-10-31,INR,32378120000
RBI:AVG_TURNOVER_RN(1.0),N_A,TR_BILL_182_DAY,W,2026,2025,0,2025-10-31,INR,28132399999.999996
RBI:AVG_TURNOVER_RN(1.0),N_A,TERM_MONEY,W,2026,2025,0,2025-10-31,INR,17817200000
RBI:AVG_TURNOVER_RN(1.0),N_A,FOREX,W,2026,2025,0,2025-10-31,INR,139519000000
RBI:AVG_TURNOVER_RN(1.0),N_A,CALL_MONEY,W,2026,2025,0,2025-10-31,INR,276410360000
RBI:AVG_TURNOVER_RN(1.0),N_A,NOTICE_MONEY,W,2026,2025,0,2025-10-31,INR,72141040000
RBI:AVG_TURNOVER_RN(1.0),N_A,MKT_REPO,W,2026,2025,0,2025-10-31,INR,7899092160000
RBI:AVG_TURNOVER_RN(1.0),N_A,FOREX,W,2026,2025,0,2025-10-24,INR,100069000000
RBI:AVG_TURNOVER_RN(1.0),N_A,CALL_MONEY,W,2026,2025,0,2025-10-24,INR,232530250000
RBI:AVG_TURNOVER_RN(1.0),N_A,STATE_GOVT_SEC,W,2026,2025,0,2025-10-24,INR,51305866669.99999
RBI:AVG_TURNOVER_RN(1.0),N_A,TRI_REPO,W,2026,2025,0,2025-10-24,INR,6319768000000
RBI:AVG_TURNOVER_RN(1.0),N_A,TR_BILL_CASH_MNG_BILLS,W,2026,2025,0,2025-10-24,INR,0.0
RBI:AVG_TURNOVER_RN(1.0),N_A,TERM_MONEY,W,2026,2025,0,2025-10-24,INR,14605000000
RBI:AVG_TURNOVER_RN(1.0),N_A,TR_BILL_182_DAY,W,2026,2025,0,2025-10-24,INR,22079600000
RBI:AVG_TURNOVER_RN(1.0),N_A,TR_BILL_364_DAY,W,2026,2025,0,2025-10-24,INR,35433333330
RBI:AVG_TURNOVER_RN(1.0),N_A,NOTICE_MONEY,W,2026,2025,0,2025-10-24,INR,3620750000
RBI:AVG_TURNOVER_RN(1.0),N_A,GOVT_SEC_RBI,W,2026,2025,0,2025-10-24,INR,6355333333
RBI:AVG_TURNOVER_RN(1.0),N_A,CORPO_REPO,W,2026,2025,0,2025-10-24,INR,127102000000
RBI:AVG_TURNOVER_RN(1.0),N_A,MKT_REPO,W,2026,2025,0,2025-10-24,INR,6306029399999.999
RBI:AVG_TURNOVER_RN(1.0),N_A,TR_BILL_91_DAY,W,2026,2025,0,2025-10-24,INR,50080066670
RBI:AVG_TURNOVER_RN(1.0),N_A,GOVT_SEC,W,2026,2025,0,2025-10-24,INR,982942466699.9999
RBI:AVG_TURNOVER_RN(1.0),N_A,TERM_MONEY,W,2026,2025,0,2025-10-17,INR,13801199999.999998
RBI:AVG_TURNOVER_RN(1.0),N_A,TR_BILL_182_DAY,W,2026,2025,0,2025-10-17,INR,47083560000
RBI:AVG_TURNOVER_RN(1.0),N_A,GOVT_SEC,W,2026,2025,0,2025-10-17,INR,1443689080000
RBI:AVG_TURNOVER_RN(1.0),N_A,TR_BILL_CASH_MNG_BILLS,W,2026,2025,0,2025-10-17,INR,0.0
RBI:AVG_TURNOVER_RN(1.0),N_A,CORPO_REPO,W,2026,2025,0,2025-10-17,INR,137150000000
RBI:AVG_TURNOVER_RN(1.0),N_A,MKT_REPO,W,2026,2025,0,2025-10-17,INR,8145049560000
RBI:AVG_TURNOVER_RN(1.0),N_A,FOREX,W,2026,2025,0,2025-10-17,INR,140094000000
RBI:AVG_TURNOVER_RN(1.0),N_A,TR_BILL_91_DAY,W,2026,2025,0,2025-10-17,INR,38084080000
RBI:AVG_TURNOVER_RN(1.0),N_A,STATE_GOVT_SEC,W,2026,2025,0,2025-10-17,INR,68676600000
RBI:AVG_TURNOVER_RN(1.0),N_A,NOTICE_MONEY,W,2026,2025,0,2025-10-17,INR,59637520000.00001
RBI:AVG_TURNOVER_RN(1.0),N_A,GOVT_SEC_RBI,W,2026,2025,0,2025-10-17,INR,11057520000
RBI:AVG_TURNOVER_RN(1.0),N_A,CALL_MONEY,W,2026,2025,0,2025-10-17,INR,295530800000
RBI:AVG_TURNOVER_RN(1.0),N_A,TR_BILL_364_DAY,W,2026,2025,0,2025-10-17,INR,34603760000
RBI:AVG_TURNOVER_RN(1.0),N_A,TRI_REPO,W,2026,2025,0,2025-10-17,INR,8554762000000
RBI:AVG_TURNOVER_RN(1.0),N_A,MKT_REPO,W,2026,2025,0,2025-10-10,INR,7423104467000
RBI:AVG_TURNOVER_RN(1.0),N_A,TR_BILL_364_DAY,W,2026,2025,0,2025-10-10,INR,26582480000
RBI:AVG_TURNOVER_RN(1.0),N_A,STATE_GOVT_SEC,W,2026,2025,0,2025-10-10,INR,71869040000
RBI:AVG_TURNOVER_RN(1.0),N_A,TERM_MONEY,W,2026,2025,0,2025-10-10,INR,17676666670
RBI:AVG_TURNOVER_RN(1.0),N_A,CALL_MONEY,W,2026,2025,0,2025-10-10,INR,277230866700
RBI:AVG_TURNOVER_RN(1.0),N_A,CORPO_REPO,W,2026,2025,0,2025-10-10,INR,174070000000
RBI:AVG_TURNOVER_RN(1.0),N_A,TR_BILL_182_DAY,W,2026,2025,0,2025-10-10,INR,50170040000
RBI:AVG_TURNOVER_RN(1.0),N_A,TR_BILL_CASH_MNG_BILLS,W,2026,2025,0,2025-10-10,INR,0.0
RBI:AVG_TURNOVER_RN(1.0),N_A,TRI_REPO,W,2026,2025,0,2025-10-10,INR,6834457167000
RBI:AVG_TURNOVER_RN(1.0),N_A,FOREX,W,2026,2025,0,2025-10-10,INR,147461000000
RBI:AVG_TURNOVER_RN(1.0),N_A,GOVT_SEC,W,2026,2025,0,2025-10-10,INR,1381183880000
RBI:AVG_TURNOVER_RN(1.0),N_A,TR_BILL_91_DAY,W,2026,2025,0,2025-10-10,INR,67615360000
RBI:AVG_TURNOVER_RN(1.0),N_A,GOVT_SEC_RBI,W,2026,2025,0,2025-10-10,INR,4102480000
RBI:AVG_TURNOVER_RN(1.0),N_A,NOTICE_MONEY,W,2026,2025,0,2025-10-10,INR,12457666670.000002
RBI:AVG_TURNOVER_RN(1.0),N_A,CALL_MONEY,W,2026,2025,0,2025-10-03,INR,217163849999.99997
RBI:AVG_TURNOVER_RN(1.0),N_A,GOVT_SEC_RBI,W,2026,2025,0,2025-10-03,INR,5611750000
RBI:AVG_TURNOVER_RN(1.0),N_A,NOTICE_MONEY,W,2026,2025,0,2025-10-03,INR,100235200000
RBI:AVG_TURNOVER_RN(1.0),N_A,MKT_REPO,W,2026,2025,0,2025-10-03,INR,8237689200000
RBI:AVG_TURNOVER_RN(1.0),N_A,TR_BILL_182_DAY,W,2026,2025,0,2025-10-03,INR,43633450000
RBI:AVG_TURNOVER_RN(1.0),N_A,TR_BILL_91_DAY,W,2026,2025,0,2025-10-03,INR,80467750000
RBI:AVG_TURNOVER_RN(1.0),N_A,TRI_REPO,W,2026,2025,0,2025-10-03,INR,8566664000000
RBI:AVG_TURNOVER_RN(1.0),N_A,FOREX,W,2026,2025,0,2025-10-03,INR,141439000000
RBI:AVG_TURNOVER_RN(1.0),N_A,GOVT_SEC,W,2026,2025,0,2025-10-03,INR,1540059200000.0002
RBI:AVG_TURNOVER_RN(1.0),N_A,TERM_MONEY,W,2026,2025,0,2025-10-03,INR,19065000000
RBI:AVG_TURNOVER_RN(1.0),N_A,TR_BILL_364_DAY,W,2026,2025,0,2025-10-03,INR,47725050000
RBI:AVG_TURNOVER_RN(1.0),N_A,STATE_GOVT_SEC,W,2026,2025,0,2025-10-03,INR,96460049999.99998
RBI:AVG_TURNOVER_RN(1.0),N_A,TR_BILL_CASH_MNG_BILLS,W,2026,2025,0,2025-10-03,INR,0.0
RBI:AVG_TURNOVER_RN(1.0),N_A,CORPO_REPO,W,2026,2025,0,2025-10-03,INR,161122000000
RBI:AVG_TURNOVER_RN(1.0),N_A,FOREX,W,2026,2025,0,2025-09-26,INR,140364000000
RBI:AVG_TURNOVER_RN(1.0),N_A,STATE_GOVT_SEC,W,2026,2025,0,2025-09-26,INR,79324280000
RBI:AVG_TURNOVER_RN(1.0),N_A,TERM_MONEY,W,2026,2025,0,2025-09-26,INR,10381666666.666668
RBI:AVG_TURNOVER_RN(1.0),N_A,TR_BILL_364_DAY,W,2026,2025,0,2025-09-26,INR,34227560000
RBI:AVG_TURNOVER_RN(1.0),N_A,TR_BILL_182_DAY,W,2026,2025,0,2025-09-26,INR,16189000000
RBI:AVG_TURNOVER_RN(1.0),N_A,GOVT_SEC_RBI,W,2026,2025,0,2025-09-26,INR,16185800000
RBI:AVG_TURNOVER_RN(1.0),N_A,MKT_REPO,W,2026,2025,0,2025-09-26,INR,6817770866666.667
RBI:AVG_TURNOVER_RN(1.0),N_A,TR_BILL_CASH_MNG_BILLS,W,2026,2025,0,2025-09-26,INR,0.0
RBI:AVG_TURNOVER_RN(1.0),N_A,TR_BILL_91_DAY,W,2026,2025,0,2025-09-26,INR,41803840000
RBI:AVG_TURNOVER_RN(1.0),N_A,GOVT_SEC,W,2026,2025,0,2025-09-26,INR,1310473160000
RBI:AVG_TURNOVER_RN(1.0),N_A,CALL_MONEY,W,2026,2025,0,2025-09-26,INR,312977033333.3333
RBI:AVG_TURNOVER_RN(1.0),N_A,NOTICE_MONEY,W,2026,2025,0,2025-09-26,INR,6560833333.333333
RBI:AVG_TURNOVER_RN(1.0),N_A,TRI_REPO,W,2026,2025,0,2025-09-26,INR,7387923666666.667
RBI:AVG_TURNOVER_RN(1.0),N_A,CORPO_REPO,W,2026,2025,0,2025-09-26,INR,159600000000
RBI:AVG_TURNOVER_RN(1.0),N_A,TERM_MONEY,W,2026,2025,0,2025-09-19,INR,12590000000
RBI:AVG_TURNOVER_RN(1.0),N_A,GOVT_SEC_RBI,W,2026,2025,0,2025-09-19,INR,3836520000
RBI:AVG_TURNOVER_RN(1.0),N_A,TRI_REPO,W,2026,2025,0,2025-09-19,INR,8576662800000
RBI:AVG_TURNOVER_RN(1.0),N_A,FOREX,W,2026,2025,0,2025-09-19,INR,125999000000
RBI:AVG_TURNOVER_RN(1.0),N_A,TR_BILL_CASH_MNG_BILLS,W,2026,2025,0,2025-09-19,INR,0.0
RBI:AVG_TURNOVER_RN(1.0),N_A,TR_BILL_91_DAY,W,2026,2025,0,2025-09-19,INR,48423320000
RBI:AVG_TURNOVER_RN(1.0),N_A,TR_BILL_364_DAY,W,2026,2025,0,2025-09-19,INR,50203320000
RBI:AVG_TURNOVER_RN(1.0),N_A,GOVT_SEC,W,2026,2025,0,2025-09-19,INR,1035081360000
RBI:AVG_TURNOVER_RN(1.0),N_A,STATE_GOVT_SEC,W,2026,2025,0,2025-09-19,INR,97973040000
RBI:AVG_TURNOVER_RN(1.0),N_A,TR_BILL_182_DAY,W,2026,2025,0,2025-09-19,INR,26860560000
RBI:AVG_TURNOVER_RN(1.0),N_A,NOTICE_MONEY,W,2026,2025,0,2025-09-19,INR,73840000000
RBI:AVG_TURNOVER_RN(1.0),N_A,CORPO_REPO,W,2026,2025,0,2025-09-19,INR,140210000000
RBI:AVG_TURNOVER_RN(1.0),N_A,MKT_REPO,W,2026,2025,0,2025-09-19,INR,8114380240000
RBI:AVG_TURNOVER_RN(1.0),N_A,CALL_MONEY,W,2026,2025,0,2025-09-19,INR,342050000000
RBI:AVG_TURNOVER_RN(1.0),N_A,TRI_REPO,W,2026,2025,0,2025-09-12,INR,6811012400000
RBI:AVG_TURNOVER_RN(1.0),N_A,MKT_REPO,W,2026,2025,0,2025-09-12,INR,6233294960000
RBI:AVG_TURNOVER_RN(1.0),N_A,GOVT_SEC,W,2026,2025,0,2025-09-12,INR,1811498400000
RBI:AVG_TURNOVER_RN(1.0),N_A,GOVT_SEC_RBI,W,2026,2025,0,2025-09-12,INR,11393550000
RBI:AVG_TURNOVER_RN(1.0),N_A,STATE_GOVT_SEC,W,2026,2025,0,2025-09-12,INR,59444150000
RBI:AVG_TURNOVER_RN(1.0),N_A,TR_BILL_CASH_MNG_BILLS,W,2026,2025,0,2025-09-12,INR,0.0
RBI:AVG_TURNOVER_RN(1.0),N_A,TR_BILL_91_DAY,W,2026,2025,0,2025-09-12,INR,85492850000
RBI:AVG_TURNOVER_RN(1.0),N_A,TERM_MONEY,W,2026,2025,0,2025-09-12,INR,23500000000
RBI:AVG_TURNOVER_RN(1.0),N_A,CALL_MONEY,W,2026,2025,0,2025-09-12,INR,318080000000
RBI:AVG_TURNOVER_RN(1.0),N_A,FOREX,W,2026,2025,0,2025-09-12,INR,128636000000
RBI:AVG_TURNOVER_RN(1.0),N_A,TR_BILL_364_DAY,W,2026,2025,0,2025-09-12,INR,26735350000
RBI:AVG_TURNOVER_RN(1.0),N_A,NOTICE_MONEY,W,2026,2025,0,2025-09-12,INR,4255960000
RBI:AVG_TURNOVER_RN(1.0),N_A,CORPO_REPO,W,2026,2025,0,2025-09-12,INR,110610000000
RBI:AVG_TURNOVER_RN(1.0),N_A,TR_BILL_182_DAY,W,2026,2025,0,2025-09-12,INR,28592500000
RBI:AVG_TURNOVER_RN(1.0),N_A,NOTICE_MONEY,W,2026,2025,0,2025-09-05,INR,64300000000
RBI:AVG_TURNOVER_RN(1.0),N_A,TR_BILL_182_DAY,W,2026,2025,0,2025-09-05,INR,24109080000
RBI:AVG_TURNOVER_RN(1.0),N_A,STATE_GOVT_SEC,W,2026,2025,0,2025-09-05,INR,54862280000
RBI:AVG_TURNOVER_RN(1.0),N_A,FOREX,W,2026,2025,0,2025-09-05,INR,103733000000
RBI:AVG_TURNOVER_RN(1.0),N_A,TERM_MONEY,W,2026,2025,0,2025-09-05,INR,9666666666.666668
RBI:AVG_TURNOVER_RN(1.0),N_A,TR_BILL_364_DAY,W,2026,2025,0,2025-09-05,INR,7564080000
RBI:AVG_TURNOVER_RN(1.0),N_A,GOVT_SEC,W,2026,2025,0,2025-09-05,INR,865393080000
RBI:AVG_TURNOVER_RN(1.0),N_A,GOVT_SEC_RBI,W,2026,2025,0,2025-09-05,INR,3656000000
RBI:AVG_TURNOVER_RN(1.0),N_A,CALL_MONEY,W,2026,2025,0,2025-09-05,INR,200660000000
RBI:AVG_TURNOVER_RN(1.0),N_A,TR_BILL_CASH_MNG_BILLS,W,2026,2025,0,2025-09-05,INR,0.0
RBI:AVG_TURNOVER_RN(1.0),N_A,CORPO_REPO,W,2026,2025,0,2025-09-05,INR,78950000000
RBI:AVG_TURNOVER_RN(1.0),N_A,TR_BILL_91_DAY,W,2026,2025,0,2025-09-05,INR,60804040000.00001
RBI:AVG_TURNOVER_RN(1.0),N_A,MKT_REPO,W,2026,2025,0,2025-09-05,INR,5103211800000
RBI:AVG_TURNOVER_RN(1.0),N_A,TRI_REPO,W,2026,2025,0,2025-09-05,INR,5590542833333.333
RBI:AVG_TURNOVER_RN(1.0),N_A,GOVT_SEC,W,2026,2025,0,2025-08-29,INR,1131693450000
RBI:AVG_TURNOVER_RN(1.0),N_A,TR_BILL_91_DAY,W,2026,2025,0,2025-08-29,INR,43808149999.99999
RBI:AVG_TURNOVER_RN(1.0),N_A,TR_BILL_CASH_MNG_BILLS,W,2026,2025,0,2025-08-29,INR,0.0
RBI:AVG_TURNOVER_RN(1.0),N_A,CALL_MONEY,W,2026,2025,0,2025-08-29,INR,275493150000
RBI:AVG_TURNOVER_RN(1.0),N_A,TR_BILL_364_DAY,W,2026,2025,0,2025-08-29,INR,21502000000
RBI:AVG_TURNOVER_RN(1.0),N_A,MKT_REPO,W,2026,2025,0,2025-08-29,INR,7764836000000
RBI:AVG_TURNOVER_RN(1.0),N_A,NOTICE_MONEY,W,2026,2025,0,2025-08-29,INR,93279300000
RBI:AVG_TURNOVER_RN(1.0),N_A,CORPO_REPO,W,2026,2025,0,2025-08-29,INR,127405020000
RBI:AVG_TURNOVER_RN(1.0),N_A,TRI_REPO,W,2026,2025,0,2025-08-29,INR,8807355500000
RBI:AVG_TURNOVER_RN(1.0),N_A,TERM_MONEY,W,2026,2025,0,2025-08-29,INR,13595000000
RBI:AVG_TURNOVER_RN(1.0),N_A,GOVT_SEC_RBI,W,2026,2025,0,2025-08-29,INR,11964300000
RBI:AVG_TURNOVER_RN(1.0),N_A,STATE_GOVT_SEC,W,2026,2025,0,2025-08-29,INR,69708200000
RBI:AVG_TURNOVER_RN(1.0),N_A,FOREX,W,2026,2025,0,2025-08-29,INR,143071000000
RBI:AVG_TURNOVER_RN(1.0),N_A,TR_BILL_182_DAY,W,2026,2025,0,2025-08-29,INR,43242400000
RBI:AVG_TURNOVER_RN(1.0),N_A,TR_BILL_CASH_MNG_BILLS,W,2026,2025,0,2025-08-22,INR,0.0
RBI:AVG_TURNOVER_RN(1.0),N_A,TR_BILL_182_DAY,W,2026,2025,0,2025-08-22,INR,37158160000
RBI:AVG_TURNOVER_RN(1.0),N_A,GOVT_SEC,W,2026,2025,0,2025-08-22,INR,1006737400000
RBI:AVG_TURNOVER_RN(1.0),N_A,GOVT_SEC_RBI,W,2026,2025,0,2025-08-22,INR,4763040000
RBI:AVG_TURNOVER_RN(1.0),N_A,TRI_REPO,W,2026,2025,0,2025-08-22,INR,7068951500000
RBI:AVG_TURNOVER_RN(1.0),N_A,CALL_MONEY,W,2026,2025,0,2025-08-22,INR,291367866000
RBI:AVG_TURNOVER_RN(1.0),N_A,TERM_MONEY,W,2026,2025,0,2025-08-22,INR,14185000000
RBI:AVG_TURNOVER_RN(1.0),N_A,NOTICE_MONEY,W,2026,2025,0,2025-08-22,INR,4028166666.666667
RBI:AVG_TURNOVER_RN(1.0),N_A,CORPO_REPO,W,2026,2025,0,2025-08-22,INR,118645200000
RBI:AVG_TURNOVER_RN(1.0),N_A,MKT_REPO,W,2026,2025,0,2025-08-22,INR,6644410533333.333
RBI:AVG_TURNOVER_RN(1.0),N_A,TR_BILL_364_DAY,W,2026,2025,0,2025-08-22,INR,11728119999.999998
RBI:AVG_TURNOVER_RN(1.0),N_A,TR_BILL_91_DAY,W,2026,2025,0,2025-08-22,INR,58892920000
RBI:AVG_TURNOVER_RN(1.0),N_A,FOREX,W,2026,2025,0,2025-08-22,INR,113060000000
RBI:AVG_TURNOVER_RN(1.0),N_A,STATE_GOVT_SEC,W,2026,2025,0,2025-08-22,INR,80041960000
RBI:AVG_TURNOVER_RN(1.0),N_A,TR_BILL_182_DAY,W,2026,2025,0,2025-08-15,INR,24605000000
RBI:AVG_TURNOVER_RN(1.0),N_A,FOREX,W,2026,2025,0,2025-08-15,INR,113818000000
RBI:AVG_TURNOVER_RN(1.0),N_A,TR_BILL_91_DAY,W,2026,2025,0,2025-08-15,INR,59786300000
RBI:AVG_TURNOVER_RN(1.0),N_A,STATE_GOVT_SEC,W,2026,2025,0,2025-08-15,INR,71519550000
RBI:AVG_TURNOVER_RN(1.0),N_A,TR_BILL_CASH_MNG_BILLS,W,2026,2025,0,2025-08-15,INR,0.0
RBI:AVG_TURNOVER_RN(1.0),N_A,NOTICE_MONEY,W,2026,2025,0,2025-08-15,INR,70321950000
RBI:AVG_TURNOVER_RN(1.0),N_A,TRI_REPO,W,2026,2025,0,2025-08-15,INR,8031670000000
RBI:AVG_TURNOVER_RN(1.0),N_A,TR_BILL_364_DAY,W,2026,2025,0,2025-08-15,INR,23159899999.999996
RBI:AVG_TURNOVER_RN(1.0),N_A,MKT_REPO,W,2026,2025,0,2025-08-15,INR,7943012700000
RBI:AVG_TURNOVER_RN(1.0),N_A,GOVT_SEC,W,2026,2025,0,2025-08-15,INR,1227898900000
RBI:AVG_TURNOVER_RN(1.0),N_A,CORPO_REPO,W,2026,2025,0,2025-08-15,INR,118346500000
RBI:AVG_TURNOVER_RN(1.0),N_A,TERM_MONEY,W,2026,2025,0,2025-08-15,INR,12705000000
RBI:AVG_TURNOVER_RN(1.0),N_A,CALL_MONEY,W,2026,2025,0,2025-08-15,INR,243921300000
RBI:AVG_TURNOVER_RN(1.0),N_A,GOVT_SEC_RBI,W,2026,2025,0,2025-08-15,INR,12652150000
RBI:AVG_TURNOVER_RN(1.0),N_A,FOREX,W,2026,2025,0,2025-08-08,INR,125078000000
RBI:AVG_TURNOVER_RN(1.0),N_A,NOTICE_MONEY,W,2026,2025,0,2025-08-08,INR,3902266666.666667
RBI:AVG_TURNOVER_RN(1.0),N_A,CORPO_REPO,W,2026,2025,0,2025-08-08,INR,123769200000
RBI:AVG_TURNOVER_RN(1.0),N_A,TRI_REPO,W,2026,2025,0,2025-08-08,INR,6596453666666.667
RBI:AVG_TURNOVER_RN(1.0),N_A,GOVT_SEC,W,2026,2025,0,2025-08-08,INR,1163607080000
RBI:AVG_TURNOVER_RN(1.0),N_A,STATE_GOVT_SEC,W,2026,2025,0,2025-08-08,INR,100387920000
RBI:AVG_TURNOVER_RN(1.0),N_A,TR_BILL_CASH_MNG_BILLS,W,2026,2025,0,2025-08-08,INR,0.0
RBI:AVG_TURNOVER_RN(1.0),N_A,MKT_REPO,W,2026,2025,0,2025-08-08,INR,6588710533333.333
RBI:AVG_TURNOVER_RN(1.0),N_A,TR_BILL_182_DAY,W,2026,2025,0,2025-08-08,INR,52935000000
RBI:AVG_TURNOVER_RN(1.0),N_A,TR_BILL_364_DAY,W,2026,2025,0,2025-08-08,INR,21890040000
RBI:AVG_TURNOVER_RN(1.0),N_A,TERM_MONEY,W,2026,2025,0,2025-08-08,INR,10971666666.666668
RBI:AVG_TURNOVER_RN(1.0),N_A,CALL_MONEY,W,2026,2025,0,2025-08-08,INR,279907033330
RBI:AVG_TURNOVER_RN(1.0),N_A,TR_BILL_91_DAY,W,2026,2025,0,2025-08-08,INR,55598400000
RBI:AVG_TURNOVER_RN(1.0),N_A,GOVT_SEC_RBI,W,2026,2025,0,2025-08-08,INR,6660920000
RBI:AVG_TURNOVER_RN(1.0),N_A,TRI_REPO,W,2026,2025,0,2025-08-01,INR,8027206400000
RBI:AVG_TURNOVER_RN(1.0),N_A,TR_BILL_364_DAY,W,2026,2025,0,2025-08-01,INR,32386280000
RBI:AVG_TURNOVER_RN(1.0),N_A,TERM_MONEY,W,2026,2025,0,2025-08-01,INR,18506000000
RBI:AVG_TURNOVER_RN(1.0),N_A,FOREX,W,2026,2025,0,2025-08-01,INR,147435000000
RBI:AVG_TURNOVER_RN(1.0),N_A,TR_BILL_182_DAY,W,2026,2025,0,2025-08-01,INR,28666000000
RBI:AVG_TURNOVER_RN(1.0),N_A,TR_BILL_91_DAY,W,2026,2025,0,2025-08-01,INR,54841760000.00001
RBI:AVG_TURNOVER_RN(1.0),N_A,NOTICE_MONEY,W,2026,2025,0,2025-08-01,INR,73026040000
RBI:AVG_TURNOVER_RN(1.0),N_A,STATE_GOVT_SEC,W,2026,2025,0,2025-08-01,INR,83030120000
RBI:AVG_TURNOVER_RN(1.0),N_A,MKT_REPO,W,2026,2025,0,2025-08-01,INR,7384026320000
RBI:AVG_TURNOVER_RN(1.0),N_A,GOVT_SEC,W,2026,2025,0,2025-08-01,INR,968871880000
RBI:AVG_TURNOVER_RN(1.0),N_A,CALL_MONEY,W,2026,2025,0,2025-08-01,INR,288739400000
RBI:AVG_TURNOVER_RN(1.0),N_A,GOVT_SEC_RBI,W,2026,2025,0,2025-08-01,INR,6909720000
RBI:AVG_TURNOVER_RN(1.0),N_A,TR_BILL_CASH_MNG_BILLS,W,2026,2025,0,2025-08-01,INR,0.0
RBI:AVG_TURNOVER_RN(1.0),N_A,CORPO_REPO,W,2026,2025,0,2025-08-01,INR,106046000000
RBI:AVG_TURNOVER_RN(1.0),N_A,GOVT_SEC,W,2026,2025,0,2025-07-25,INR,825081400000
RBI:AVG_TURNOVER_RN(1.0),N_A,TR_BILL_182_DAY,W,2026,2025,0,2025-07-25,INR,34701680000
RBI:AVG_TURNOVER_RN(1.0),N_A,TRI_REPO,W,2026,2025,0,2025-07-25,INR,6825331500000
RBI:AVG_TURNOVER_RN(1.0),N_A,TERM_MONEY,W,2026,2025,0,2025-07-25,INR,12398333330
RBI:AVG_TURNOVER_RN(1.0),N_A,TR_BILL_364_DAY,W,2026,2025,0,2025-07-25,INR,23946680000
RBI:AVG_TURNOVER_RN(1.0),N_A,CORPO_REPO,W,2026,2025,0,2025-07-25,INR,97212000000
RBI:AVG_TURNOVER_RN(1.0),N_A,MKT_REPO,W,2026,2025,0,2025-07-25,INR,6100069399999.999
RBI:AVG_TURNOVER_RN(1.0),N_A,FOREX,W,2026,2025,0,2025-07-25,INR,123941000000
RBI:AVG_TURNOVER_RN(1.0),N_A,CALL_MONEY,W,2026,2025,0,2025-07-25,INR,290566566700
RBI:AVG_TURNOVER_RN(1.0),N_A,STATE_GOVT_SEC,W,2026,2025,0,2025-07-25,INR,79524760000
RBI:AVG_TURNOVER_RN(1.0),N_A,NOTICE_MONEY,W,2026,2025,0,2025-07-25,INR,3800900000
RBI:AVG_TURNOVER_RN(1.0),N_A,TR_BILL_CASH_MNG_BILLS,W,2026,2025,0,2025-07-25,INR,0.0
RBI:AVG_TURNOVER_RN(1.0),N_A,GOVT_SEC_RBI,W,2026,2025,0,2025-07-25,INR,6272560000
RBI:AVG_TURNOVER_RN(1.0),N_A,TR_BILL_91_DAY,W,2026,2025,0,2025-07-25,INR,49806240000
RBI:AVG_TURNOVER_RN(1.0),N_A,TR_BILL_182_DAY,W,2026,2025,0,2025-07-18,INR,45947560000
RBI:AVG_TURNOVER_RN(1.0),N_A,STATE_GOVT_SEC,W,2026,2025,0,2025-07-18,INR,85660120000
RBI:AVG_TURNOVER_RN(1.0),N_A,TR_BILL_91_DAY,W,2026,2025,0,2025-07-18,INR,39835880000
RBI:AVG_TURNOVER_RN(1.0),N_A,FOREX,W,2026,2025,0,2025-07-18,INR,127800000000
RBI:AVG_TURNOVER_RN(1.0),N_A,GOVT_SEC_RBI,W,2026,2025,0,2025-07-18,INR,8114040000
RBI:AVG_TURNOVER_RN(1.0),N_A,MKT_REPO,W,2026,2025,0,2025-07-18,INR,7502434000000
RBI:AVG_TURNOVER_RN(1.0),N_A,TR_BILL_364_DAY,W,2026,2025,0,2025-07-18,INR,39233400000
RBI:AVG_TURNOVER_RN(1.0),N_A,NOTICE_MONEY,W,2026,2025,0,2025-07-18,INR,63234080000
RBI:AVG_TURNOVER_RN(1.0),N_A,TRI_REPO,W,2026,2025,0,2025-07-18,INR,7884856200000
RBI:AVG_TURNOVER_RN(1.0),N_A,TERM_MONEY,W,2026,2025,0,2025-07-18,INR,13612000000
RBI:AVG_TURNOVER_RN(1.0),N_A,TR_BILL_CASH_MNG_BILLS,W,2026,2025,0,2025-07-18,INR,0.0
RBI:AVG_TURNOVER_RN(1.0),N_A,CORPO_REPO,W,2026,2025,0,2025-07-18,INR,97222000000
RBI:AVG_TURNOVER_RN(1.0),N_A,GOVT_SEC,W,2026,2025,0,2025-07-18,INR,898912840000
RBI:AVG_TURNOVER_RN(1.0),N_A,CALL_MONEY,W,2026,2025,0,2025-07-18,INR,284444400000
RBI:AVG_TURNOVER_RN(1.0),N_A,STATE_GOVT_SEC,W,2026,2025,0,2025-07-11,INR,47547200000
RBI:AVG_TURNOVER_RN(1.0),N_A,TR_BILL_182_DAY,W,2026,2025,0,2025-07-11,INR,25077480000
RBI:AVG_TURNOVER_RN(1.0),N_A,MKT_REPO,W,2026,2025,0,2025-07-11,INR,6335625800000
RBI:AVG_TURNOVER_RN(1.0),N_A,NOTICE_MONEY,W,2026,2025,0,2025-07-11,INR,5346966667
RBI:AVG_TURNOVER_RN(1.0),N_A,TERM_MONEY,W,2026,2025,0,2025-07-11,INR,16793333330
RBI:AVG_TURNOVER_RN(1.0),N_A,TR_BILL_91_DAY,W,2026,2025,0,2025-07-11,INR,46247240000
RBI:AVG_TURNOVER_RN(1.0),N_A,GOVT_SEC,W,2026,2025,0,2025-07-11,INR,824017320000
RBI:AVG_TURNOVER_RN(1.0),N_A,TR_BILL_364_DAY,W,2026,2025,0,2025-07-11,INR,25615760000
RBI:AVG_TURNOVER_RN(1.0),N_A,GOVT_SEC_RBI,W,2026,2025,0,2025-07-11,INR,1756560000
RBI:AVG_TURNOVER_RN(1.0),N_A,FOREX,W,2026,2025,0,2025-07-11,INR,122259000000
RBI:AVG_TURNOVER_RN(1.0),N_A,TRI_REPO,W,2026,2025,0,2025-07-11,INR,6638018000000
RBI:AVG_TURNOVER_RN(1.0),N_A,TR_BILL_CASH_MNG_BILLS,W,2026,2025,0,2025-07-11,INR,0.0
RBI:AVG_TURNOVER_RN(1.0),N_A,CALL_MONEY,W,2026,2025,0,2025-07-11,INR,299631933300
RBI:AVG_TURNOVER_RN(1.0),N_A,CORPO_REPO,W,2026,2025,0,2025-07-11,INR,94810416000
RBI:AVG_TURNOVER_RN(1.0),N_A,TR_BILL_364_DAY,W,2026,2025,0,2025-07-04,INR,33923080000
RBI:AVG_TURNOVER_RN(1.0),N_A,FOREX,W,2026,2025,0,2025-07-04,INR,137181000000
RBI:AVG_TURNOVER_RN(1.0),N_A,TERM_MONEY,W,2026,2025,0,2025-07-04,INR,10978000000
RBI:AVG_TURNOVER_RN(1.0),N_A,MKT_REPO,W,2026,2025,0,2025-07-04,INR,7895646480000
RBI:AVG_TURNOVER_RN(1.0),N_A,TR_BILL_182_DAY,W,2026,2025,0,2025-07-04,INR,33391239999.999996
RBI:AVG_TURNOVER_RN(1.0),N_A,CORPO_REPO,W,2026,2025,0,2025-07-04,INR,82510000000
RBI:AVG_TURNOVER_RN(1.0),N_A,GOVT_SEC,W,2026,2025,0,2025-07-04,INR,1146275000000
RBI:AVG_TURNOVER_RN(1.0),N_A,NOTICE_MONEY,W,2026,2025,0,2025-07-04,INR,62759160000
RBI:AVG_TURNOVER_RN(1.0),N_A,GOVT_SEC_RBI,W,2026,2025,0,2025-07-04,INR,331000000
RBI:AVG_TURNOVER_RN(1.0),N_A,TR_BILL_CASH_MNG_BILLS,W,2026,2025,0,2025-07-04,INR,0.0
RBI:AVG_TURNOVER_RN(1.0),N_A,TRI_REPO,W,2026,2025,0,2025-07-04,INR,8582038600000
RBI:AVG_TURNOVER_RN(1.0),N_A,CALL_MONEY,W,2026,2025,0,2025-07-04,INR,258743240000
RBI:AVG_TURNOVER_RN(1.0),N_A,TR_BILL_91_DAY,W,2026,2025,0,2025-07-04,INR,43514480000
RBI:AVG_TURNOVER_RN(1.0),N_A,STATE_GOVT_SEC,W,2026,2025,0,2025-07-04,INR,65208960000
RBI:AVG_TURNOVER_RN(1.0),N_A,TR_BILL_91_DAY,W,2026,2025,0,2025-06-27,INR,39966560000
RBI:AVG_TURNOVER_RN(1.0),N_A,CORPO_REPO,W,2026,2025,0,2025-06-27,INR,84093616000
RBI:AVG_TURNOVER_RN(1.0),N_A,TRI_REPO,W,2026,2025,0,2025-06-27,INR,7022496000000
RBI:AVG_TURNOVER_RN(1.0),N_A,TR_BILL_364_DAY,W,2026,2025,0,2025-06-27,INR,19672400000
RBI:AVG_TURNOVER_RN(1.0),N_A,FOREX,W,2026,2025,0,2025-06-27,INR,165416000000
RBI:AVG_TURNOVER_RN(1.0),N_A,MKT_REPO,W,2026,2025,0,2025-06-27,INR,6321748666666.671
RBI:AVG_TURNOVER_RN(1.0),N_A,TERM_MONEY,W,2026,2025,0,2025-06-27,INR,9901666666.67
RBI:AVG_TURNOVER_RN(1.0),N_A,CALL_MONEY,W,2026,2025,0,2025-06-27,INR,285384766666.6667
RBI:AVG_TURNOVER_RN(1.0),N_A,TR_BILL_182_DAY,W,2026,2025,0,2025-06-27,INR,34363680000
RBI:AVG_TURNOVER_RN(1.0),N_A,NOTICE_MONEY,W,2026,2025,0,2025-06-27,INR,3068433333.33
RBI:AVG_TURNOVER_RN(1.0),N_A,GOVT_SEC,W,2026,2025,0,2025-06-27,INR,1215513680000
RBI:AVG_TURNOVER_RN(1.0),N_A,STATE_GOVT_SEC,W,2026,2025,0,2025-06-27,INR,49101880000
RBI:AVG_TURNOVER_RN(1.0),N_A,TR_BILL_CASH_MNG_BILLS,W,2026,2025,0,2025-06-27,INR,0.0
RBI:AVG_TURNOVER_RN(1.0),N_A,GOVT_SEC_RBI,W,2026,2025,0,2025-06-27,INR,5959800000
RBI:AVG_TURNOVER_RN(1.0),N_A,TERM_MONEY,W,2026,2025,0,2025-06-20,INR,9034000000
RBI:AVG_TURNOVER_RN(1.0),N_A,FOREX,W,2026,2025,0,2025-06-20,INR,118707000000
RBI:AVG_TURNOVER_RN(1.0),N_A,TR_BILL_91_DAY,W,2026,2025,0,2025-06-20,INR,66469560000
RBI:AVG_TURNOVER_RN(1.0),N_A,TR_BILL_364_DAY,W,2026,2025,0,2025-06-20,INR,30926640000.000004
RBI:AVG_TURNOVER_RN(1.0),N_A,TR_BILL_182_DAY,W,2026,2025,0,2025-06-20,INR,46724720000
RBI:AVG_TURNOVER_RN(1.0),N_A,TR_BILL_CASH_MNG_BILLS,W,2026,2025,0,2025-06-20,INR,0.0
RBI:AVG_TURNOVER_RN(1.0),N_A,TRI_REPO,W,2026,2025,0,2025-06-20,INR,8028357600000
RBI:AVG_TURNOVER_RN(1.0),N_A,CALL_MONEY,W,2026,2025,0,2025-06-20,INR,241574720000.00003
RBI:AVG_TURNOVER_RN(1.0),N_A,CORPO_REPO,W,2026,2025,0,2025-06-20,INR,96386400000
RBI:AVG_TURNOVER_RN(1.0),N_A,NOTICE_MONEY,W,2026,2025,0,2025-06-20,INR,67486840000
RBI:AVG_TURNOVER_RN(1.0),N_A,GOVT_SEC_RBI,W,2026,2025,0,2025-06-20,INR,8162120000
RBI:AVG_TURNOVER_RN(1.0),N_A,STATE_GOVT_SEC,W,2026,2025,0,2025-06-20,INR,51824200000
RBI:AVG_TURNOVER_RN(1.0),N_A,GOVT_SEC,W,2026,2025,0,2025-06-20,INR,1328642800000
RBI:AVG_TURNOVER_RN(1.0),N_A,MKT_REPO,W,2026,2025,0,2025-06-20,INR,7632180320000
RBI:AVG_TURNOVER_RN(1.0),N_A,CORPO_REPO,W,2026,2025,0,2025-06-13,INR,99440000000
RBI:AVG_TURNOVER_RN(1.0),N_A,GOVT_SEC_RBI,W,2026,2025,0,2025-06-13,INR,7694560000
RBI:AVG_TURNOVER_RN(1.0),N_A,GOVT_SEC,W,2026,2025,0,2025-06-13,INR,1683819720000
RBI:AVG_TURNOVER_RN(1.0),N_A,TRI_REPO,W,2026,2025,0,2025-06-13,INR,7846007600000
RBI:AVG_TURNOVER_RN(1.0),N_A,TERM_MONEY,W,2026,2025,0,2025-06-13,INR,19508000000
RBI:AVG_TURNOVER_RN(1.0),N_A,TR_BILL_CASH_MNG_BILLS,W,2026,2025,0,2025-06-13,INR,0.0
RBI:AVG_TURNOVER_RN(1.0),N_A,NOTICE_MONEY,W,2026,2025,0,2025-06-13,INR,2194000000
RBI:AVG_TURNOVER_RN(1.0),N_A,FOREX,W,2026,2025,0,2025-06-13,INR,128179000000
RBI:AVG_TURNOVER_RN(1.0),N_A,TR_BILL_182_DAY,W,2026,2025,0,2025-06-13,INR,77839480000
RBI:AVG_TURNOVER_RN(1.0),N_A,MKT_REPO,W,2026,2025,0,2025-06-13,INR,7598804000000
RBI:AVG_TURNOVER_RN(1.0),N_A,STATE_GOVT_SEC,W,2026,2025,0,2025-06-13,INR,66831120000
RBI:AVG_TURNOVER_RN(1.0),N_A,TR_BILL_364_DAY,W,2026,2025,0,2025-06-13,INR,39403600000
RBI:AVG_TURNOVER_RN(1.0),N_A,CALL_MONEY,W,2026,2025,0,2025-06-13,INR,313354720000
RBI:AVG_TURNOVER_RN(1.0),N_A,TR_BILL_91_DAY,W,2026,2025,0,2025-06-13,INR,65715520000
RBI:AVG_TURNOVER_RN(1.0),N_A,TR_BILL_182_DAY,W,2026,2025,0,2025-06-06,INR,37205440000
RBI:AVG_TURNOVER_RN(1.0),N_A,NOTICE_MONEY,W,2026,2025,0,2025-06-06,INR,2089500000
RBI:AVG_TURNOVER_RN(1.0),N_A,MKT_REPO,W,2026,2025,0,2025-06-06,INR,5971285600000.001
RBI:AVG_TURNOVER_RN(1.0),N_A,STATE_GOVT_SEC,W,2026,2025,0,2025-06-06,INR,128037240000
RBI:AVG_TURNOVER_RN(1.0),N_A,FOREX,W,2026,2025,0,2025-06-06,INR,136313000000
RBI:AVG_TURNOVER_RN(1.0),N_A,CALL_MONEY,W,2026,2025,0,2025-06-06,INR,234886966700
RBI:AVG_TURNOVER_RN(1.0),N_A,TERM_MONEY,W,2026,2025,0,2025-06-06,INR,7850000000
RBI:AVG_TURNOVER_RN(1.0),N_A,TR_BILL_CASH_MNG_BILLS,W,2026,2025,0,2025-06-06,INR,0.0
RBI:AVG_TURNOVER_RN(1.0),N_A,CORPO_REPO,W,2026,2025,0,2025-06-06,INR,59134399999.99999
RBI:AVG_TURNOVER_RN(1.0),N_A,TR_BILL_91_DAY,W,2026,2025,0,2025-06-06,INR,55341960000
RBI:AVG_TURNOVER_RN(1.0),N_A,TRI_REPO,W,2026,2025,0,2025-06-06,INR,6599233833333.329
RBI:AVG_TURNOVER_RN(1.0),N_A,TR_BILL_364_DAY,W,2026,2025,0,2025-06-06,INR,33772720000
RBI:AVG_TURNOVER_RN(1.0),N_A,GOVT_SEC,W,2026,2025,0,2025-06-06,INR,1093077320000
RBI:AVG_TURNOVER_RN(1.0),N_A,GOVT_SEC_RBI,W,2026,2025,0,2025-06-06,INR,8498120000
RBI:AVG_TURNOVER_RN(1.0),N_A,TRI_REPO,W,2026,2025,0,2025-05-30,INR,8245299400000
RBI:AVG_TURNOVER_RN(1.0),N_A,FOREX,W,2026,2025,0,2025-05-30,INR,140910000000
RBI:AVG_TURNOVER_RN(1.0),N_A,TR_BILL_91_DAY,W,2026,2025,0,2025-05-30,INR,63327040000
RBI:AVG_TURNOVER_RN(1.0),N_A,GOVT_SEC,W,2026,2025,0,2025-05-30,INR,1317737040000
RBI:AVG_TURNOVER_RN(1.0),N_A,TR_BILL_CASH_MNG_BILLS,W,2026,2025,0,2025-05-30,INR,0.0
RBI:AVG_TURNOVER_RN(1.0),N_A,TR_BILL_182_DAY,W,2026,2025,0,2025-05-30,INR,26189800000
RBI:AVG_TURNOVER_RN(1.0),N_A,GOVT_SEC_RBI,W,2026,2025,0,2025-05-30,INR,543960000
RBI:AVG_TURNOVER_RN(1.0),N_A,TERM_MONEY,W,2026,2025,0,2025-05-30,INR,16868000000
RBI:AVG_TURNOVER_RN(1.0),N_A,STATE_GOVT_SEC,W,2026,2025,0,2025-05-30,INR,70153040000
RBI:AVG_TURNOVER_RN(1.0),N_A,MKT_REPO,W,2026,2025,0,2025-05-30,INR,7190356240000
RBI:AVG_TURNOVER_RN(1.0),N_A,CALL_MONEY,W,2026,2025,0,2025-05-30,INR,268050000000
RBI:AVG_TURNOVER_RN(1.0),N_A,NOTICE_MONEY,W,2026,2025,0,2025-05-30,INR,64390000000
RBI:AVG_TURNOVER_RN(1.0),N_A,TR_BILL_364_DAY,W,2026,2025,0,2025-05-30,INR,33681400000
RBI:AVG_TURNOVER_RN(1.0),N_A,CORPO_REPO,W,2026,2025,0,2025-05-30,INR,63080000000
RBI:AVG_TURNOVER_RN(1.0),N_A,NOTICE_MONEY,W,2026,2025,0,2025-05-23,INR,2314666666.666667
RBI:AVG_TURNOVER_RN(1.0),N_A,MKT_REPO,W,2026,2025,0,2025-05-23,INR,6071844333333.333
RBI:AVG_TURNOVER_RN(1.0),N_A,TERM_MONEY,W,2026,2025,0,2025-05-23,INR,23016666666.666668
RBI:AVG_TURNOVER_RN(1.0),N_A,GOVT_SEC_RBI,W,2026,2025,0,2025-05-23,INR,43240190000
RBI:AVG_TURNOVER_RN(1.0),N_A,TR_BILL_364_DAY,W,2026,2025,0,2025-05-23,INR,45421760000.00001
RBI:AVG_TURNOVER_RN(1.0),N_A,CORPO_REPO,W,2026,2025,0,2025-05-23,INR,66820000000
RBI:AVG_TURNOVER_RN(1.0),N_A,TR_BILL_91_DAY,W,2026,2025,0,2025-05-23,INR,48474640000
RBI:AVG_TURNOVER_RN(1.0),N_A,TR_BILL_182_DAY,W,2026,2025,0,2025-05-23,INR,61102879999.99999
RBI:AVG_TURNOVER_RN(1.0),N_A,FOREX,W,2026,2025,0,2025-05-23,INR,125401000000
RBI:AVG_TURNOVER_RN(1.0),N_A,STATE_GOVT_SEC,W,2026,2025,0,2025-05-23,INR,127366960000
RBI:AVG_TURNOVER_RN(1.0),N_A,GOVT_SEC,W,2026,2025,0,2025-05-23,INR,1536209800000
RBI:AVG_TURNOVER_RN(1.0),N_A,TR_BILL_CASH_MNG_BILLS,W,2026,2025,0,2025-05-23,INR,0.0
RBI:AVG_TURNOVER_RN(1.0),N_A,TRI_REPO,W,2026,2025,0,2025-05-23,INR,6666494500000
RBI:AVG_TURNOVER_RN(1.0),N_A,CALL_MONEY,W,2026,2025,0,2025-05-23,INR,296064866666.6667
RBI:AVG_TURNOVER_RN(1.0),N_A,TR_BILL_91_DAY,W,2026,2025,0,2025-05-16,INR,31205600000
RBI:AVG_TURNOVER_RN(1.0),N_A,CORPO_REPO,W,2026,2025,0,2025-05-16,INR,67810000000
RBI:AVG_TURNOVER_RN(1.0),N_A,GOVT_SEC,W,2026,2025,0,2025-05-16,INR,1963351750000
RBI:AVG_TURNOVER_RN(1.0),N_A,CALL_MONEY,W,2026,2025,0,2025-05-16,INR,270401050000
RBI:AVG_TURNOVER_RN(1.0),N_A,TR_BILL_364_DAY,W,2026,2025,0,2025-05-16,INR,51442550000
RBI:AVG_TURNOVER_RN(1.0),N_A,FOREX,W,2026,2025,0,2025-05-16,INR,142220000000
RBI:AVG_TURNOVER_RN(1.0),N_A,TR_BILL_182_DAY,W,2026,2025,0,2025-05-16,INR,45112500000
RBI:AVG_TURNOVER_RN(1.0),N_A,TERM_MONEY,W,2026,2025,0,2025-05-16,INR,15492500000
RBI:AVG_TURNOVER_RN(1.0),N_A,TRI_REPO,W,2026,2025,0,2025-05-16,INR,7615263250000
RBI:AVG_TURNOVER_RN(1.0),N_A,GOVT_SEC_RBI,W,2026,2025,0,2025-05-16,INR,130797750000
RBI:AVG_TURNOVER_RN(1.0),N_A,TR_BILL_CASH_MNG_BILLS,W,2026,2025,0,2025-05-16,INR,0.0
RBI:AVG_TURNOVER_RN(1.0),N_A,STATE_GOVT_SEC,W,2026,2025,0,2025-05-16,INR,79032400000
RBI:AVG_TURNOVER_RN(1.0),N_A,NOTICE_MONEY,W,2026,2025,0,2025-05-16,INR,77176200000
RBI:AVG_TURNOVER_RN(1.0),N_A,MKT_REPO,W,2026,2025,0,2025-05-16,INR,7840918000000
RBI:AVG_TURNOVER_RN(1.0),N_A,CORPO_REPO,W,2026,2025,0,2025-05-09,INR,63720000000
RBI:AVG_TURNOVER_RN(1.0),N_A,MKT_REPO,W,2026,2025,0,2025-05-09,INR,6870843800000
RBI:AVG_TURNOVER_RN(1.0),N_A,GOVT_SEC,W,2026,2025,0,2025-05-09,INR,1886592600000
RBI:AVG_TURNOVER_RN(1.0),N_A,CALL_MONEY,W,2026,2025,0,2025-05-09,INR,288243866666.6667
RBI:AVG_TURNOVER_RN(1.0),N_A,TR_BILL_182_DAY,W,2026,2025,0,2025-05-09,INR,33859600000
RBI:AVG_TURNOVER_RN(1.0),N_A,TRI_REPO,W,2026,2025,0,2025-05-09,INR,6583862500000
RBI:AVG_TURNOVER_RN(1.0),N_A,STATE_GOVT_SEC,W,2026,2025,0,2025-05-09,INR,97461840000
RBI:AVG_TURNOVER_RN(1.0),N_A,NOTICE_MONEY,W,2026,2025,0,2025-05-09,INR,4690000000
RBI:AVG_TURNOVER_RN(1.0),N_A,FOREX,W,2026,2025,0,2025-05-09,INR,134858000000
RBI:AVG_TURNOVER_RN(1.0),N_A,TERM_MONEY,W,2026,2025,0,2025-05-09,INR,11993166666.666668
RBI:AVG_TURNOVER_RN(1.0),N_A,GOVT_SEC_RBI,W,2026,2025,0,2025-05-09,INR,103367440000
RBI:AVG_TURNOVER_RN(1.0),N_A,TR_BILL_364_DAY,W,2026,2025,0,2025-05-09,INR,31491840000.000004
RBI:AVG_TURNOVER_RN(1.0),N_A,TR_BILL_91_DAY,W,2026,2025,0,2025-05-09,INR,63471560000
RBI:AVG_TURNOVER_RN(1.0),N_A,TR_BILL_CASH_MNG_BILLS,W,2026,2025,0,2025-05-09,INR,0.0
RBI:AVG_TURNOVER_RN(1.0),N_A,TRI_REPO,W,2026,2025,0,2025-05-02,INR,8166975500000
RBI:AVG_TURNOVER_RN(1.0),N_A,CORPO_REPO,W,2026,2025,0,2025-05-02,INR,66410000000
RBI:AVG_TURNOVER_RN(1.0),N_A,TR_BILL_364_DAY,W,2026,2025,0,2025-05-02,INR,31900100000.000004
RBI:AVG_TURNOVER_RN(1.0),N_A,TR_BILL_CASH_MNG_BILLS,W,2026,2025,0,2025-05-02,INR,0.0
RBI:AVG_TURNOVER_RN(1.0),N_A,TR_BILL_182_DAY,W,2026,2025,0,2025-05-02,INR,11304250000
RBI:AVG_TURNOVER_RN(1.0),N_A,FOREX,W,2026,2025,0,2025-05-02,INR,171583000000
RBI:AVG_TURNOVER_RN(1.0),N_A,TERM_MONEY,W,2026,2025,0,2025-05-02,INR,12400000000
RBI:AVG_TURNOVER_RN(1.0),N_A,GOVT_SEC,W,2026,2025,0,2025-05-02,INR,1739090050000
RBI:AVG_TURNOVER_RN(1.0),N_A,GOVT_SEC_RBI,W,2026,2025,0,2025-05-02,INR,50134399999.99999
RBI:AVG_TURNOVER_RN(1.0),N_A,STATE_GOVT_SEC,W,2026,2025,0,2025-05-02,INR,106065950000
RBI:AVG_TURNOVER_RN(1.0),N_A,MKT_REPO,W,2026,2025,0,2025-05-02,INR,7691542700000
RBI:AVG_TURNOVER_RN(1.0),N_A,NOTICE_MONEY,W,2026,2025,0,2025-05-02,INR,85170000000
RBI:AVG_TURNOVER_RN(1.0),N_A,CALL_MONEY,W,2026,2025,0,2025-05-02,INR,268100000000
RBI:AVG_TURNOVER_RN(1.0),N_A,TR_BILL_91_DAY,W,2026,2025,0,2025-05-02,INR,50751250000
RBI:AVG_TURNOVER_RN(1.0),N_A,CALL_MONEY,W,2026,2025,0,2025-04-25,INR,266380000000
RBI:AVG_TURNOVER_RN(1.0),N_A,GOVT_SEC_RBI,W,2026,2025,0,2025-04-25,INR,120793160000
RBI:AVG_TURNOVER_RN(1.0),N_A,NOTICE_MONEY,W,2026,2025,0,2025-04-25,INR,1813833333.333333
RBI:AVG_TURNOVER_RN(1.0),N_A,TR_BILL_91_DAY,W,2026,2025,0,2025-04-25,INR,50423239999.99999
RBI:AVG_TURNOVER_RN(1.0),N_A,TR_BILL_364_DAY,W,2026,2025,0,2025-04-25,INR,44334360000
RBI:AVG_TURNOVER_RN(1.0),N_A,TRI_REPO,W,2026,2025,0,2025-04-25,INR,7061106166666.667
RBI:AVG_TURNOVER_RN(1.0),N_A,TR_BILL_182_DAY,W,2026,2025,0,2025-04-25,INR,39113760000
RBI:AVG_TURNOVER_RN(1.0),N_A,TERM_MONEY,W,2026,2025,0,2025-04-25,INR,19003333333.333332
RBI:AVG_TURNOVER_RN(1.0),N_A,FOREX,W,2026,2025,0,2025-04-25,INR,136963000000
RBI:AVG_TURNOVER_RN(1.0),N_A,TR_BILL_CASH_MNG_BILLS,W,2026,2025,0,2025-04-25,INR,0.0
RBI:AVG_TURNOVER_RN(1.0),N_A,MKT_REPO,W,2026,2025,0,2025-04-25,INR,6264650600000
RBI:AVG_TURNOVER_RN(1.0),N_A,STATE_GOVT_SEC,W,2026,2025,0,2025-04-25,INR,111578120000
RBI:AVG_TURNOVER_RN(1.0),N_A,CORPO_REPO,W,2026,2025,0,2025-04-25,INR,69150816000
RBI:AVG_TURNOVER_RN(1.0),N_A,GOVT_SEC,W,2026,2025,0,2025-04-25,INR,2014672880000
RBI:AVG_TURNOVER_RN(1.0),N_A,MKT_REPO,W,2026,2025,0,2025-04-18,INR,8106018000000
RBI:AVG_TURNOVER_RN(1.0),N_A,FOREX,W,2026,2025,0,2025-04-18,INR,150795000000
RBI:AVG_TURNOVER_RN(1.0),N_A,STATE_GOVT_SEC,W,2026,2025,0,2025-04-18,INR,91037466670
RBI:AVG_TURNOVER_RN(1.0),N_A,CALL_MONEY,W,2026,2025,0,2025-04-18,INR,229000000000
RBI:AVG_TURNOVER_RN(1.0),N_A,GOVT_SEC,W,2026,2025,0,2025-04-18,INR,1698766600000
RBI:AVG_TURNOVER_RN(1.0),N_A,TR_BILL_91_DAY,W,2026,2025,0,2025-04-18,INR,66933333329.99999
RBI:AVG_TURNOVER_RN(1.0),N_A,TR_BILL_182_DAY,W,2026,2025,0,2025-04-18,INR,40921733330
RBI:AVG_TURNOVER_RN(1.0),N_A,GOVT_SEC_RBI,W,2026,2025,0,2025-04-18,INR,4268466667
RBI:AVG_TURNOVER_RN(1.0),N_A,TERM_MONEY,W,2026,2025,0,2025-04-18,INR,12326666666.666668
RBI:AVG_TURNOVER_RN(1.0),N_A,TR_BILL_CASH_MNG_BILLS,W,2026,2025,0,2025-04-18,INR,0.0
RBI:AVG_TURNOVER_RN(1.0),N_A,TR_BILL_364_DAY,W,2026,2025,0,2025-04-18,INR,66270866669.99999
RBI:AVG_TURNOVER_RN(1.0),N_A,TRI_REPO,W,2026,2025,0,2025-04-18,INR,8272148333333.333
RBI:AVG_TURNOVER_RN(1.0),N_A,CORPO_REPO,W,2026,2025,0,2025-04-18,INR,62413333329.99999
RBI:AVG_TURNOVER_RN(1.0),N_A,NOTICE_MONEY,W,2026,2025,0,2025-04-18,INR,98870000000
RBI:AVG_TURNOVER_RN(1.0),N_A,GOVT_SEC_RBI,W,2026,2025,0,2025-04-11,INR,50315850000
RBI:AVG_TURNOVER_RN(1.0),N_A,TRI_REPO,W,2026,2025,0,2025-04-11,INR,6790799400000
RBI:AVG_TURNOVER_RN(1.0),N_A,TR_BILL_91_DAY,W,2026,2025,0,2025-04-11,INR,53207900000
RBI:AVG_TURNOVER_RN(1.0),N_A,CALL_MONEY,W,2026,2025,0,2025-04-11,INR,250740000000
RBI:AVG_TURNOVER_RN(1.0),N_A,CORPO_REPO,W,2026,2025,0,2025-04-11,INR,63185000000
RBI:AVG_TURNOVER_RN(1.0),N_A,MKT_REPO,W,2026,2025,0,2025-04-11,INR,6965120000000
RBI:AVG_TURNOVER_RN(1.0),N_A,TR_BILL_CASH_MNG_BILLS,W,2026,2025,0,2025-04-11,INR,0.0
RBI:AVG_TURNOVER_RN(1.0),N_A,TR_BILL_364_DAY,W,2026,2025,0,2025-04-11,INR,97788700000.00002
RBI:AVG_TURNOVER_RN(1.0),N_A,TERM_MONEY,W,2026,2025,0,2025-04-11,INR,11512000000
RBI:AVG_TURNOVER_RN(1.0),N_A,STATE_GOVT_SEC,W,2026,2025,0,2025-04-11,INR,112535450000
RBI:AVG_TURNOVER_RN(1.0),N_A,GOVT_SEC,W,2026,2025,0,2025-04-11,INR,2404870050000
RBI:AVG_TURNOVER_RN(1.0),N_A,NOTICE_MONEY,W,2026,2025,0,2025-04-11,INR,4306800000
RBI:AVG_TURNOVER_RN(1.0),N_A,TR_BILL_182_DAY,W,2026,2025,0,2025-04-11,INR,79700400000
RBI:AVG_TURNOVER_RN(1.0),N_A,FOREX,W,2026,2025,0,2025-04-11,INR,155293000000
RBI:AVG_TURNOVER_RN(1.0),N_A,TRI_REPO,W,2026,2025,0,2025-04-04,INR,6535648750000
RBI:AVG_TURNOVER_RN(1.0),N_A,GOVT_SEC_RBI,W,2026,2025,0,2025-04-04,INR,69009200000
RBI:AVG_TURNOVER_RN(1.0),N_A,FOREX,W,2026,2025,0,2025-04-04,INR,159811000000
RBI:AVG_TURNOVER_RN(1.0),N_A,TR_BILL_364_DAY,W,2026,2025,0,2025-04-04,INR,73200533330
RBI:AVG_TURNOVER_RN(1.0),N_A,NOTICE_MONEY,W,2026,2025,0,2025-04-04,INR,75890000000
RBI:AVG_TURNOVER_RN(1.0),N_A,CORPO_REPO,W,2026,2025,0,2025-04-04,INR,58969333330
RBI:AVG_TURNOVER_RN(1.0),N_A,MKT_REPO,W,2026,2025,0,2025-04-04,INR,5644750000000
RBI:AVG_TURNOVER_RN(1.0),N_A,STATE_GOVT_SEC,W,2026,2025,0,2025-04-04,INR,62916466670
RBI:AVG_TURNOVER_RN(1.0),N_A,TR_BILL_91_DAY,W,2026,2025,0,2025-04-04,INR,143630466700
RBI:AVG_TURNOVER_RN(1.0),N_A,TR_BILL_CASH_MNG_BILLS,W,2026,2025,0,2025-04-04,INR,0.0
RBI:AVG_TURNOVER_RN(1.0),N_A,CALL_MONEY,W,2026,2025,0,2025-04-04,INR,176370000000
RBI:AVG_TURNOVER_RN(1.0),N_A,TERM_MONEY,W,2026,2025,0,2025-04-04,INR,15180000000
RBI:AVG_TURNOVER_RN(1.0),N_A,TR_BILL_182_DAY,W,2026,2025,0,2025-04-04,INR,78873933330
RBI:AVG_TURNOVER_RN(1.0),N_A,GOVT_SEC,W,2026,2025,0,2025-04-04,INR,1649060799999.9998
RBI:AVG_TURNOVER_RN(1.0),N_A,GOVT_SEC_RBI,W,2025,2024,0,2025-03-28,INR,97932360000.00002
RBI:AVG_TURNOVER_RN(1.0),N_A,CORPO_REPO,W,2025,2024,0,2025-03-28,INR,63860000000
RBI:AVG_TURNOVER_RN(1.0),N_A,TR_BILL_364_DAY,W,2025,2024,0,2025-03-28,INR,30116200000
RBI:AVG_TURNOVER_RN(1.0),N_A,TRI_REPO,W,2025,2024,0,2025-03-28,INR,8187459800000
RBI:AVG_TURNOVER_RN(1.0),N_A,MKT_REPO,W,2025,2024,0,2025-03-28,INR,6715334800000
RBI:AVG_TURNOVER_RN(1.0),N_A,TR_BILL_CASH_MNG_BILLS,W,2025,2024,0,2025-03-28,INR,0.0
RBI:AVG_TURNOVER_RN(1.0),N_A,FOREX,W,2025,2024,0,2025-03-28,INR,183528000000
RBI:AVG_TURNOVER_RN(1.0),N_A,TR_BILL_91_DAY,W,2025,2024,0,2025-03-28,INR,76311600000
RBI:AVG_TURNOVER_RN(1.0),N_A,TERM_MONEY,W,2025,2024,0,2025-03-28,INR,11668000000
RBI:AVG_TURNOVER_RN(1.0),N_A,STATE_GOVT_SEC,W,2025,2024,0,2025-03-28,INR,70828640000
RBI:AVG_TURNOVER_RN(1.0),N_A,GOVT_SEC,W,2025,2024,0,2025-03-28,INR,589420600000
RBI:AVG_TURNOVER_RN(1.0),N_A,CALL_MONEY,W,2025,2024,0,2025-03-28,INR,275952880000
RBI:AVG_TURNOVER_RN(1.0),N_A,NOTICE_MONEY,W,2025,2024,0,2025-03-28,INR,49147520000.00001
RBI:AVG_TURNOVER_RN(1.0),N_A,TR_BILL_182_DAY,W,2025,2024,0,2025-03-28,INR,16890360000
RBI:AVG_TURNOVER_RN(1.0),N_A,MKT_REPO,W,2025,2024,0,2025-03-21,INR,5797946467000
RBI:AVG_TURNOVER_RN(1.0),N_A,TR_BILL_91_DAY,W,2025,2024,0,2025-03-21,INR,91847960000
RBI:AVG_TURNOVER_RN(1.0),N_A,CORPO_REPO,W,2025,2024,0,2025-03-21,INR,88508799999.99998
RBI:AVG_TURNOVER_RN(1.0),N_A,GOVT_SEC,W,2025,2024,0,2025-03-21,INR,1153238200000
RBI:AVG_TURNOVER_RN(1.0),N_A,TR_BILL_182_DAY,W,2025,2024,0,2025-03-21,INR,38354000000
RBI:AVG_TURNOVER_RN(1.0),N_A,FOREX,W,2025,2024,0,2025-03-21,INR,149709000000
RBI:AVG_TURNOVER_RN(1.0),N_A,GOVT_SEC_RBI,W,2025,2024,0,2025-03-21,INR,104974120000
RBI:AVG_TURNOVER_RN(1.0),N_A,TERM_MONEY,W,2025,2024,0,2025-03-21,INR,12710000000
RBI:AVG_TURNOVER_RN(1.0),N_A,CALL_MONEY,W,2025,2024,0,2025-03-21,INR,304992166700
RBI:AVG_TURNOVER_RN(1.0),N_A,STATE_GOVT_SEC,W,2025,2024,0,2025-03-21,INR,143164800000
RBI:AVG_TURNOVER_RN(1.0),N_A,TR_BILL_CASH_MNG_BILLS,W,2025,2024,0,2025-03-21,INR,0.0
RBI:AVG_TURNOVER_RN(1.0),N_A,TR_BILL_364_DAY,W,2025,2024,0,2025-03-21,INR,39744240000
RBI:AVG_TURNOVER_RN(1.0),N_A,NOTICE_MONEY,W,2025,2024,0,2025-03-21,INR,4422666667
RBI:AVG_TURNOVER_RN(1.0),N_A,TRI_REPO,W,2025,2024,0,2025-03-21,INR,6449978500000
RBI:AVG_TURNOVER_RN(1.0),N_A,GOVT_SEC,W,2025,2024,0,2025-03-14,INR,740750950000
RBI:AVG_TURNOVER_RN(1.0),N_A,STATE_GOVT_SEC,W,2025,2024,0,2025-03-14,INR,124865400000.00002
RBI:AVG_TURNOVER_RN(1.0),N_A,TR_BILL_91_DAY,W,2025,2024,0,2025-03-14,INR,53709450000
RBI:AVG_TURNOVER_RN(1.0),N_A,CORPO_REPO,W,2025,2024,0,2025-03-14,INR,89866000000
RBI:AVG_TURNOVER_RN(1.0),N_A,TR_BILL_364_DAY,W,2025,2024,0,2025-03-14,INR,35111850000
RBI:AVG_TURNOVER_RN(1.0),N_A,MKT_REPO,W,2025,2024,0,2025-03-14,INR,7062118800000
RBI:AVG_TURNOVER_RN(1.0),N_A,TR_BILL_182_DAY,W,2025,2024,0,2025-03-14,INR,39843500000
RBI:AVG_TURNOVER_RN(1.0),N_A,CALL_MONEY,W,2025,2024,0,2025-03-14,INR,239305550000
RBI:AVG_TURNOVER_RN(1.0),N_A,FOREX,W,2025,2024,0,2025-03-14,INR,133122000000
RBI:AVG_TURNOVER_RN(1.0),N_A,GOVT_SEC_RBI,W,2025,2024,0,2025-03-14,INR,136383900000
RBI:AVG_TURNOVER_RN(1.0),N_A,NOTICE_MONEY,W,2025,2024,0,2025-03-14,INR,76587450000
RBI:AVG_TURNOVER_RN(1.0),N_A,TRI_REPO,W,2025,2024,0,2025-03-14,INR,7914671500000
RBI:AVG_TURNOVER_RN(1.0),N_A,TERM_MONEY,W,2025,2024,0,2025-03-14,INR,6307500000
RBI:AVG_TURNOVER_RN(1.0),N_A,TR_BILL_CASH_MNG_BILLS,W,2025,2024,0,2025-03-14,INR,0.0
RBI:AVG_TURNOVER_RN(1.0),N_A,GOVT_SEC_RBI,W,2025,2024,0,2025-03-07,INR,264720000
RBI:AVG_TURNOVER_RN(1.0),N_A,NOTICE_MONEY,W,2025,2024,0,2025-03-07,INR,2207500000
RBI:AVG_TURNOVER_RN(1.0),N_A,STATE_GOVT_SEC,W,2025,2024,0,2025-03-07,INR,95349440000
RBI:AVG_TURNOVER_RN(1.0),N_A,CORPO_REPO,W,2025,2024,0,2025-03-07,INR,69038816000
RBI:AVG_TURNOVER_RN(1.0),N_A,TR_BILL_364_DAY,W,2025,2024,0,2025-03-07,INR,38640320000
RBI:AVG_TURNOVER_RN(1.0),N_A,FOREX,W,2025,2024,0,2025-03-07,INR,135848000000
RBI:AVG_TURNOVER_RN(1.0),N_A,TR_BILL_182_DAY,W,2025,2024,0,2025-03-07,INR,33257520000
RBI:AVG_TURNOVER_RN(1.0),N_A,TERM_MONEY,W,2025,2024,0,2025-03-07,INR,7215000000
RBI:AVG_TURNOVER_RN(1.0),N_A,TRI_REPO,W,2025,2024,0,2025-03-07,INR,6232738333000.001
RBI:AVG_TURNOVER_RN(1.0),N_A,TR_BILL_91_DAY,W,2025,2024,0,2025-03-07,INR,55730360000
RBI:AVG_TURNOVER_RN(1.0),N_A,TR_BILL_CASH_MNG_BILLS,W,2025,2024,0,2025-03-07,INR,0.0
RBI:AVG_TURNOVER_RN(1.0),N_A,GOVT_SEC,W,2025,2024,0,2025-03-07,INR,934306160000
RBI:AVG_TURNOVER_RN(1.0),N_A,MKT_REPO,W,2025,2024,0,2025-03-07,INR,5894942600000
RBI:AVG_TURNOVER_RN(1.0),N_A,CALL_MONEY,W,2025,2024,0,2025-03-07,INR,238053633300
RBI:AVG_TURNOVER_RN(1.0),N_A,TR_BILL_91_DAY,W,2025,2024,0,2025-02-28,INR,54383050000
RBI:AVG_TURNOVER_RN(1.0),N_A,FOREX,W,2025,2024,0,2025-02-28,INR,155172000000
RBI:AVG_TURNOVER_RN(1.0),N_A,GOVT_SEC,W,2025,2024,0,2025-02-28,INR,861727595000
RBI:AVG_TURNOVER_RN(1.0),N_A,NOTICE_MONEY,W,2025,2024,0,2025-02-28,INR,88861900000
RBI:AVG_TURNOVER_RN(1.0),N_A,TERM_MONEY,W,2025,2024,0,2025-02-28,INR,14250000000
RBI:AVG_TURNOVER_RN(1.0),N_A,TR_BILL_364_DAY,W,2025,2024,0,2025-02-28,INR,41480745000
RBI:AVG_TURNOVER_RN(1.0),N_A,TRI_REPO,W,2025,2024,0,2025-02-28,INR,8021668250000
RBI:AVG_TURNOVER_RN(1.0),N_A,MKT_REPO,W,2025,2024,0,2025-02-28,INR,6276848500000
RBI:AVG_TURNOVER_RN(1.0),N_A,STATE_GOVT_SEC,W,2025,2024,0,2025-02-28,INR,160884415000
RBI:AVG_TURNOVER_RN(1.0),N_A,TR_BILL_CASH_MNG_BILLS,W,2025,2024,0,2025-02-28,INR,0.0
RBI:AVG_TURNOVER_RN(1.0),N_A,CORPO_REPO,W,2025,2024,0,2025-02-28,INR,72368000000
RBI:AVG_TURNOVER_RN(1.0),N_A,GOVT_SEC_RBI,W,2025,2024,0,2025-02-28,INR,7043300000
RBI:AVG_TURNOVER_RN(1.0),N_A,CALL_MONEY,W,2025,2024,0,2025-02-28,INR,253289199999.99997
RBI:AVG_TURNOVER_RN(1.0),N_A,TR_BILL_182_DAY,W,2025,2024,0,2025-02-28,INR,45963680000.00001
RBI:AVG_TURNOVER_RN(1.0),N_A,TR_BILL_CASH_MNG_BILLS,W,2025,2024,0,2025-02-21,INR,0.0
RBI:AVG_TURNOVER_RN(1.0),N_A,GOVT_SEC,W,2025,2024,0,2025-02-21,INR,779689820000
RBI:AVG_TURNOVER_RN(1.0),N_A,TR_BILL_182_DAY,W,2025,2024,0,2025-02-21,INR,20155265000
RBI:AVG_TURNOVER_RN(1.0),N_A,STATE_GOVT_SEC,W,2025,2024,0,2025-02-21,INR,109736045000
RBI:AVG_TURNOVER_RN(1.0),N_A,FOREX,W,2025,2024,0,2025-02-21,INR,129410000000
RBI:AVG_TURNOVER_RN(1.0),N_A,TR_BILL_91_DAY,W,2025,2024,0,2025-02-21,INR,35846685000
RBI:AVG_TURNOVER_RN(1.0),N_A,CALL_MONEY,W,2025,2024,0,2025-02-21,INR,232315800000.00003
RBI:AVG_TURNOVER_RN(1.0),N_A,GOVT_SEC_RBI,W,2025,2024,0,2025-02-21,INR,103848799999.99998
RBI:AVG_TURNOVER_RN(1.0),N_A,CORPO_REPO,W,2025,2024,0,2025-02-21,INR,78406520000
RBI:AVG_TURNOVER_RN(1.0),N_A,MKT_REPO,W,2025,2024,0,2025-02-21,INR,5212480320000
RBI:AVG_TURNOVER_RN(1.0),N_A,TERM_MONEY,W,2025,2024,0,2025-02-21,INR,5322000000
RBI:AVG_TURNOVER_RN(1.0),N_A,NOTICE_MONEY,W,2025,2024,0,2025-02-21,INR,4717600000
RBI:AVG_TURNOVER_RN(1.0),N_A,TR_BILL_364_DAY,W,2025,2024,0,2025-02-21,INR,35481990000
RBI:AVG_TURNOVER_RN(1.0),N_A,TRI_REPO,W,2025,2024,0,2025-02-21,INR,6481962600000
RBI:AVG_TURNOVER_RN(1.0),N_A,CALL_MONEY,W,2025,2024,0,2025-02-14,INR,228800400000
RBI:AVG_TURNOVER_RN(1.0),N_A,TR_BILL_364_DAY,W,2025,2024,0,2025-02-14,INR,54577984000
RBI:AVG_TURNOVER_RN(1.0),N_A,GOVT_SEC,W,2025,2024,0,2025-02-14,INR,993955608000.0001
RBI:AVG_TURNOVER_RN(1.0),N_A,TR_BILL_91_DAY,W,2025,2024,0,2025-02-14,INR,53677964000
RBI:AVG_TURNOVER_RN(1.0),N_A,TERM_MONEY,W,2025,2024,0,2025-02-14,INR,11092000000
RBI:AVG_TURNOVER_RN(1.0),N_A,STATE_GOVT_SEC,W,2025,2024,0,2025-02-14,INR,68854332000
RBI:AVG_TURNOVER_RN(1.0),N_A,TR_BILL_182_DAY,W,2025,2024,0,2025-02-14,INR,33898208000
RBI:AVG_TURNOVER_RN(1.0),N_A,NOTICE_MONEY,W,2025,2024,0,2025-02-14,INR,58537920000
RBI:AVG_TURNOVER_RN(1.0),N_A,GOVT_SEC_RBI,W,2025,2024,0,2025-02-14,INR,83423320000
RBI:AVG_TURNOVER_RN(1.0),N_A,CORPO_REPO,W,2025,2024,0,2025-02-14,INR,73425600000
RBI:AVG_TURNOVER_RN(1.0),N_A,MKT_REPO,W,2025,2024,0,2025-02-14,INR,6581885360000
RBI:AVG_TURNOVER_RN(1.0),N_A,FOREX,W,2025,2024,0,2025-02-14,INR,147352000000
RBI:AVG_TURNOVER_RN(1.0),N_A,TR_BILL_CASH_MNG_BILLS,W,2025,2024,0,2025-02-14,INR,0.0
RBI:AVG_TURNOVER_RN(1.0),N_A,TRI_REPO,W,2025,2024,0,2025-02-14,INR,7886921000000
RBI:AVG_TURNOVER_RN(1.0),N_A,GOVT_SEC,W,2025,2024,0,2025-02-07,INR,1245312952000
RBI:AVG_TURNOVER_RN(1.0),N_A,CORPO_REPO,W,2025,2024,0,2025-02-07,INR,84504800000
RBI:AVG_TURNOVER_RN(1.0),N_A,TR_BILL_182_DAY,W,2025,2024,0,2025-02-07,INR,30516280000
RBI:AVG_TURNOVER_RN(1.0),N_A,TRI_REPO,W,2025,2024,0,2025-02-07,INR,6453902666666.667
RBI:AVG_TURNOVER_RN(1.0),N_A,TR_BILL_91_DAY,W,2025,2024,0,2025-02-07,INR,50715968000
RBI:AVG_TURNOVER_RN(1.0),N_A,CALL_MONEY,W,2025,2024,0,2025-02-07,INR,234926233300
RBI:AVG_TURNOVER_RN(1.0),N_A,MKT_REPO,W,2025,2024,0,2025-02-07,INR,5689443200000
RBI:AVG_TURNOVER_RN(1.0),N_A,FOREX,W,2025,2024,0,2025-02-07,INR,143060000000
RBI:AVG_TURNOVER_RN(1.0),N_A,STATE_GOVT_SEC,W,2025,2024,0,2025-02-07,INR,91530308000
RBI:AVG_TURNOVER_RN(1.0),N_A,TERM_MONEY,W,2025,2024,0,2025-02-07,INR,6987666666.666667
RBI:AVG_TURNOVER_RN(1.0),N_A,NOTICE_MONEY,W,2025,2024,0,2025-02-07,INR,2692166666.67
RBI:AVG_TURNOVER_RN(1.0),N_A,TR_BILL_364_DAY,W,2025,2024,0,2025-02-07,INR,32731484000
RBI:AVG_TURNOVER_RN(1.0),N_A,GOVT_SEC_RBI,W,2025,2024,0,2025-02-07,INR,2491920000
RBI:AVG_TURNOVER_RN(1.0),N_A,TR_BILL_CASH_MNG_BILLS,W,2025,2024,0,2025-02-07,INR,0.0
RBI:AVG_TURNOVER_RN(1.0),N_A,TR_BILL_CASH_MNG_BILLS,W,2025,2024,0,2025-01-31,INR,0.0
RBI:AVG_TURNOVER_RN(1.0),N_A,CORPO_REPO,W,2025,2024,0,2025-01-31,INR,74108800000
RBI:AVG_TURNOVER_RN(1.0),N_A,NOTICE_MONEY,W,2025,2024,0,2025-01-31,INR,44191800000
RBI:AVG_TURNOVER_RN(1.0),N_A,GOVT_SEC,W,2025,2024,0,2025-01-31,INR,1262163828000
RBI:AVG_TURNOVER_RN(1.0),N_A,TERM_MONEY,W,2025,2024,0,2025-01-31,INR,9756000000
RBI:AVG_TURNOVER_RN(1.0),N_A,FOREX,W,2025,2024,0,2025-01-31,INR,137918000000
RBI:AVG_TURNOVER_RN(1.0),N_A,TRI_REPO,W,2025,2024,0,2025-01-31,INR,7441805800000
RBI:AVG_TURNOVER_RN(1.0),N_A,MKT_REPO,W,2025,2024,0,2025-01-31,INR,6064570200000
RBI:AVG_TURNOVER_RN(1.0),N_A,TR_BILL_182_DAY,W,2025,2024,0,2025-01-31,INR,25249188000
RBI:AVG_TURNOVER_RN(1.0),N_A,STATE_GOVT_SEC,W,2025,2024,0,2025-01-31,INR,108307428000
RBI:AVG_TURNOVER_RN(1.0),N_A,CALL_MONEY,W,2025,2024,0,2025-01-31,INR,232245200000
RBI:AVG_TURNOVER_RN(1.0),N_A,GOVT_SEC_RBI,W,2025,2024,0,2025-01-31,INR,55718840000
RBI:AVG_TURNOVER_RN(1.0),N_A,TR_BILL_91_DAY,W,2025,2024,0,2025-01-31,INR,57076040000
RBI:AVG_TURNOVER_RN(1.0),N_A,TR_BILL_364_DAY,W,2025,2024,0,2025-01-31,INR,33257004000
RBI:AVG_TURNOVER_RN(1.0),N_A,CALL_MONEY,W,2025,2024,0,2025-01-24,INR,206309700000
RBI:AVG_TURNOVER_RN(1.0),N_A,TR_BILL_182_DAY,W,2025,2024,0,2025-01-24,INR,26908808000
RBI:AVG_TURNOVER_RN(1.0),N_A,GOVT_SEC_RBI,W,2025,2024,0,2025-01-24,INR,43074480000
RBI:AVG_TURNOVER_RN(1.0),N_A,MKT_REPO,W,2025,2024,0,2025-01-24,INR,5258504600000
RBI:AVG_TURNOVER_RN(1.0),N_A,NOTICE_MONEY,W,2025,2024,0,2025-01-24,INR,5982000000
RBI:AVG_TURNOVER_RN(1.0),N_A,TR_BILL_91_DAY,W,2025,2024,0,2025-01-24,INR,61073064000.00001
RBI:AVG_TURNOVER_RN(1.0),N_A,TR_BILL_CASH_MNG_BILLS,W,2025,2024,0,2025-01-24,INR,0.0
RBI:AVG_TURNOVER_RN(1.0),N_A,TR_BILL_364_DAY,W,2025,2024,0,2025-01-24,INR,18930624000
RBI:AVG_TURNOVER_RN(1.0),N_A,GOVT_SEC,W,2025,2024,0,2025-01-24,INR,1275326212000
RBI:AVG_TURNOVER_RN(1.0),N_A,CORPO_REPO,W,2025,2024,0,2025-01-24,INR,67112400000
RBI:AVG_TURNOVER_RN(1.0),N_A,TERM_MONEY,W,2025,2024,0,2025-01-24,INR,7976700000
RBI:AVG_TURNOVER_RN(1.0),N_A,STATE_GOVT_SEC,W,2025,2024,0,2025-01-24,INR,76754128000
RBI:AVG_TURNOVER_RN(1.0),N_A,FOREX,W,2025,2024,0,2025-01-24,INR,133491000000
RBI:AVG_TURNOVER_RN(1.0),N_A,TRI_REPO,W,2025,2024,0,2025-01-24,INR,6491467000000
RBI:AVG_TURNOVER_RN(1.0),N_A,CALL_MONEY,W,2025,2024,0,2025-01-17,INR,166827100000
RBI:AVG_TURNOVER_RN(1.0),N_A,TR_BILL_182_DAY,W,2025,2024,0,2025-01-17,INR,20313800000
RBI:AVG_TURNOVER_RN(1.0),N_A,TRI_REPO,W,2025,2024,0,2025-01-17,INR,7791735000000
RBI:AVG_TURNOVER_RN(1.0),N_A,CORPO_REPO,W,2025,2024,0,2025-01-17,INR,77172000000
RBI:AVG_TURNOVER_RN(1.0),N_A,NOTICE_MONEY,W,2025,2024,0,2025-01-17,INR,61065000000
RBI:AVG_TURNOVER_RN(1.0),N_A,TERM_MONEY,W,2025,2024,0,2025-01-17,INR,2173000000
RBI:AVG_TURNOVER_RN(1.0),N_A,FOREX,W,2025,2024,0,2025-01-17,INR,147970000000
RBI:AVG_TURNOVER_RN(1.0),N_A,GOVT_SEC,W,2025,2024,0,2025-01-17,INR,1333144040000
RBI:AVG_TURNOVER_RN(1.0),N_A,TR_BILL_91_DAY,W,2025,2024,0,2025-01-17,INR,76288664000
RBI:AVG_TURNOVER_RN(1.0),N_A,GOVT_SEC_RBI,W,2025,2024,0,2025-01-17,INR,24524920000
RBI:AVG_TURNOVER_RN(1.0),N_A,TR_BILL_CASH_MNG_BILLS,W,2025,2024,0,2025-01-17,INR,0.0
RBI:AVG_TURNOVER_RN(1.0),N_A,TR_BILL_364_DAY,W,2025,2024,0,2025-01-17,INR,22877199999.999996
RBI:AVG_TURNOVER_RN(1.0),N_A,STATE_GOVT_SEC,W,2025,2024,0,2025-01-17,INR,78505508000
RBI:AVG_TURNOVER_RN(1.0),N_A,MKT_REPO,W,2025,2024,0,2025-01-17,INR,6612406400000
RBI:AVG_TURNOVER_RN(1.0),N_A,GOVT_SEC_RBI,W,2025,2024,0,2025-01-10,INR,3285480000
RBI:AVG_TURNOVER_RN(1.0),N_A,TR_BILL_91_DAY,W,2025,2024,0,2025-01-10,INR,38208476000
RBI:AVG_TURNOVER_RN(1.0),N_A,MKT_REPO,W,2025,2024,0,2025-01-10,INR,5369519600000
RBI:AVG_TURNOVER_RN(1.0),N_A,CORPO_REPO,W,2025,2024,0,2025-01-10,INR,77380000000
RBI:AVG_TURNOVER_RN(1.0),N_A,TR_BILL_364_DAY,W,2025,2024,0,2025-01-10,INR,39586720000
RBI:AVG_TURNOVER_RN(1.0),N_A,STATE_GOVT_SEC,W,2025,2024,0,2025-01-10,INR,46154404000.00001
RBI:AVG_TURNOVER_RN(1.0),N_A,TR_BILL_182_DAY,W,2025,2024,0,2025-01-10,INR,27010240000
RBI:AVG_TURNOVER_RN(1.0),N_A,TRI_REPO,W,2025,2024,0,2025-01-10,INR,6534864200000
RBI:AVG_TURNOVER_RN(1.0),N_A,GOVT_SEC,W,2025,2024,0,2025-01-10,INR,1343537464000
RBI:AVG_TURNOVER_RN(1.0),N_A,FOREX,W,2025,2024,0,2025-01-10,INR,129738000000
RBI:AVG_TURNOVER_RN(1.0),N_A,NOTICE_MONEY,W,2025,2024,0,2025-01-10,INR,3761800000
RBI:AVG_TURNOVER_RN(1.0),N_A,TR_BILL_CASH_MNG_BILLS,W,2025,2024,0,2025-01-10,INR,0.0
RBI:AVG_TURNOVER_RN(1.0),N_A,TERM_MONEY,W,2025,2024,0,2025-01-10,INR,13239200000
RBI:AVG_TURNOVER_RN(1.0),N_A,CALL_MONEY,W,2025,2024,0,2025-01-10,INR,179143400000
RBI:AVG_TURNOVER_RN(1.0),N_A,MKT_REPO,W,2025,2024,0,2025-01-03,INR,6146921400000
RBI:AVG_TURNOVER_RN(1.0),N_A,TR_BILL_91_DAY,W,2025,2024,0,2025-01-03,INR,43669232000
RBI:AVG_TURNOVER_RN(1.0),N_A,TRI_REPO,W,2025,2024,0,2025-01-03,INR,7707165600000.001
RBI:AVG_TURNOVER_RN(1.0),N_A,NOTICE_MONEY,W,2025,2024,0,2025-01-03,INR,40050500000
RBI:AVG_TURNOVER_RN(1.0),N_A,GOVT_SEC,W,2025,2024,0,2025-01-03,INR,715858688000
RBI:AVG_TURNOVER_RN(1.0),N_A,CALL_MONEY,W,2025,2024,0,2025-01-03,INR,152343500000
RBI:AVG_TURNOVER_RN(1.0),N_A,TR_BILL_364_DAY,W,2025,2024,0,2025-01-03,INR,51034108000
RBI:AVG_TURNOVER_RN(1.0),N_A,TR_BILL_182_DAY,W,2025,2024,0,2025-01-03,INR,33296220000
RBI:AVG_TURNOVER_RN(1.0),N_A,FOREX,W,2025,2024,0,2025-01-03,INR,109915000000
RBI:AVG_TURNOVER_RN(1.0),N_A,STATE_GOVT_SEC,W,2025,2024,0,2025-01-03,INR,85766332000
RBI:AVG_TURNOVER_RN(1.0),N_A,TERM_MONEY,W,2025,2024,0,2025-01-03,INR,11130000000
RBI:AVG_TURNOVER_RN(1.0),N_A,GOVT_SEC_RBI,W,2025,2024,0,2025-01-03,INR,65200000
RBI:AVG_TURNOVER_RN(1.0),N_A,TR_BILL_CASH_MNG_BILLS,W,2025,2024,0,2025-01-03,INR,0.0
RBI:AVG_TURNOVER_RN(1.0),N_A,CORPO_REPO,W,2025,2024,0,2025-01-03,INR,82320000000
RBI:AVG_TURNOVER_RN(1.0),N_A,GOVT_SEC,W,2025,2024,0,2024-12-27,INR,636205495000
RBI:AVG_TURNOVER_RN(1.0),N_A,TR_BILL_182_DAY,W,2025,2024,0,2024-12-27,INR,30886955000
RBI:AVG_TURNOVER_RN(1.0),N_A,CORPO_REPO,W,2025,2024,0,2024-12-27,INR,84751520000
RBI:AVG_TURNOVER_RN(1.0),N_A,TR_BILL_91_DAY,W,2025,2024,0,2024-12-27,INR,60063830000
RBI:AVG_TURNOVER_RN(1.0),N_A,CALL_MONEY,W,2025,2024,0,2024-12-27,INR,183960480000
RBI:AVG_TURNOVER_RN(1.0),N_A,TR_BILL_CASH_MNG_BILLS,W,2025,2024,0,2024-12-27,INR,0.0
RBI:AVG_TURNOVER_RN(1.0),N_A,TR_BILL_364_DAY,W,2025,2024,0,2024-12-27,INR,26688900000
RBI:AVG_TURNOVER_RN(1.0),N_A,NOTICE_MONEY,W,2025,2024,0,2024-12-27,INR,1772200000
RBI:AVG_TURNOVER_RN(1.0),N_A,TRI_REPO,W,2025,2024,0,2024-12-27,INR,6988891000000
RBI:AVG_TURNOVER_RN(1.0),N_A,FOREX,W,2025,2024,0,2024-12-27,INR,130014000000
RBI:AVG_TURNOVER_RN(1.0),N_A,MKT_REPO,W,2025,2024,0,2024-12-27,INR,4522383760000
RBI:AVG_TURNOVER_RN(1.0),N_A,TERM_MONEY,W,2025,2024,0,2024-12-27,INR,5388000000
RBI:AVG_TURNOVER_RN(1.0),N_A,STATE_GOVT_SEC,W,2025,2024,0,2024-12-27,INR,108735640000
RBI:AVG_TURNOVER_RN(1.0),N_A,GOVT_SEC_RBI,W,2025,2024,0,2024-12-27,INR,3057300000
RBI:AVG_TURNOVER_RN(1.0),N_A,TR_BILL_91_DAY,W,2025,2024,0,2024-12-20,INR,35862044000
RBI:AVG_TURNOVER_RN(1.0),N_A,GOVT_SEC,W,2025,2024,0,2024-12-20,INR,929156372100
RBI:AVG_TURNOVER_RN(1.0),N_A,CALL_MONEY,W,2025,2024,0,2024-12-20,INR,213016040000
RBI:AVG_TURNOVER_RN(1.0),N_A,TRI_REPO,W,2025,2024,0,2024-12-20,INR,8254551200000
RBI:AVG_TURNOVER_RN(1.0),N_A,TR_BILL_364_DAY,W,2025,2024,0,2024-12-20,INR,18514952000
RBI:AVG_TURNOVER_RN(1.0),N_A,STATE_GOVT_SEC,W,2025,2024,0,2024-12-20,INR,79003264000
RBI:AVG_TURNOVER_RN(1.0),N_A,CORPO_REPO,W,2025,2024,0,2024-12-20,INR,61234399999.99999
RBI:AVG_TURNOVER_RN(1.0),N_A,TERM_MONEY,W,2025,2024,0,2024-12-20,INR,8956000000
RBI:AVG_TURNOVER_RN(1.0),N_A,NOTICE_MONEY,W,2025,2024,0,2024-12-20,INR,43780760000
RBI:AVG_TURNOVER_RN(1.0),N_A,TR_BILL_CASH_MNG_BILLS,W,2025,2024,0,2024-12-20,INR,0.0
RBI:AVG_TURNOVER_RN(1.0),N_A,GOVT_SEC_RBI,W,2025,2024,0,2024-12-20,INR,6659880000.000001
RBI:AVG_TURNOVER_RN(1.0),N_A,TR_BILL_182_DAY,W,2025,2024,0,2024-12-20,INR,21533208000
RBI:AVG_TURNOVER_RN(1.0),N_A,MKT_REPO,W,2025,2024,0,2024-12-20,INR,6169872800000
RBI:AVG_TURNOVER_RN(1.0),N_A,FOREX,W,2025,2024,0,2024-12-20,INR,129131000000
RBI:AVG_TURNOVER_RN(1.0),N_A,FOREX,W,2025,2024,0,2024-12-13,INR,135496000000
RBI:AVG_TURNOVER_RN(1.0),N_A,TRI_REPO,W,2025,2024,0,2024-12-13,INR,6952882333333.333
RBI:AVG_TURNOVER_RN(1.0),N_A,TR_BILL_182_DAY,W,2025,2024,0,2024-12-13,INR,28024040000
RBI:AVG_TURNOVER_RN(1.0),N_A,GOVT_SEC,W,2025,2024,0,2024-12-13,INR,1358542416000
RBI:AVG_TURNOVER_RN(1.0),N_A,MKT_REPO,W,2025,2024,0,2024-12-13,INR,5211877066666.667
RBI:AVG_TURNOVER_RN(1.0),N_A,NOTICE_MONEY,W,2025,2024,0,2024-12-13,INR,2126766666.666667
RBI:AVG_TURNOVER_RN(1.0),N_A,GOVT_SEC_RBI,W,2025,2024,0,2024-12-13,INR,2864600000
RBI:AVG_TURNOVER_RN(1.0),N_A,CORPO_REPO,W,2025,2024,0,2024-12-13,INR,53020000000
RBI:AVG_TURNOVER_RN(1.0),N_A,TERM_MONEY,W,2025,2024,0,2024-12-13,INR,7201666666.666667
RBI:AVG_TURNOVER_RN(1.0),N_A,TR_BILL_364_DAY,W,2025,2024,0,2024-12-13,INR,29063268000
RBI:AVG_TURNOVER_RN(1.0),N_A,TR_BILL_91_DAY,W,2025,2024,0,2024-12-13,INR,36915172000
RBI:AVG_TURNOVER_RN(1.0),N_A,STATE_GOVT_SEC,W,2025,2024,0,2024-12-13,INR,68125212000
RBI:AVG_TURNOVER_RN(1.0),N_A,TR_BILL_CASH_MNG_BILLS,W,2025,2024,0,2024-12-13,INR,0.0
RBI:AVG_TURNOVER_RN(1.0),N_A,CALL_MONEY,W,2025,2024,0,2024-12-13,INR,212522233330.00003
RBI:AVG_TURNOVER_RN(1.0),N_A,CALL_MONEY,W,2025,2024,0,2024-12-06,INR,157802366667
RBI:AVG_TURNOVER_RN(1.0),N_A,TR_BILL_364_DAY,W,2025,2024,0,2024-12-06,INR,27064988000
RBI:AVG_TURNOVER_RN(1.0),N_A,TR_BILL_182_DAY,W,2025,2024,0,2024-12-06,INR,18869004000
RBI:AVG_TURNOVER_RN(1.0),N_A,NOTICE_MONEY,W,2025,2024,0,2024-12-06,INR,37440366670
RBI:AVG_TURNOVER_RN(1.0),N_A,MKT_REPO,W,2025,2024,0,2024-12-06,INR,5122186666666.667
RBI:AVG_TURNOVER_RN(1.0),N_A,GOVT_SEC,W,2025,2024,0,2024-12-06,INR,1618747964000
RBI:AVG_TURNOVER_RN(1.0),N_A,TR_BILL_CASH_MNG_BILLS,W,2025,2024,0,2024-12-06,INR,0.0
RBI:AVG_TURNOVER_RN(1.0),N_A,FOREX,W,2025,2024,0,2024-12-06,INR,128628000000
RBI:AVG_TURNOVER_RN(1.0),N_A,CORPO_REPO,W,2025,2024,0,2024-12-06,INR,58348000000
RBI:AVG_TURNOVER_RN(1.0),N_A,TERM_MONEY,W,2025,2024,0,2024-12-06,INR,8430000000
RBI:AVG_TURNOVER_RN(1.0),N_A,TR_BILL_91_DAY,W,2025,2024,0,2024-12-06,INR,22171612000
RBI:AVG_TURNOVER_RN(1.0),N_A,STATE_GOVT_SEC,W,2025,2024,0,2024-12-06,INR,85929972000
RBI:AVG_TURNOVER_RN(1.0),N_A,TRI_REPO,W,2025,2024,0,2024-12-06,INR,7197469833333.33
RBI:AVG_TURNOVER_RN(1.0),N_A,GOVT_SEC_RBI,W,2025,2024,0,2024-12-06,INR,3199000000
RBI:AVG_TURNOVER_RN(1.0),N_A,STATE_GOVT_SEC,W,2025,2024,0,2024-11-29,INR,41536844000
RBI:AVG_TURNOVER_RN(1.0),N_A,TERM_MONEY,W,2025,2024,0,2024-11-29,INR,17434000000
RBI:AVG_TURNOVER_RN(1.0),N_A,TR_BILL_CASH_MNG_BILLS,W,2025,2024,0,2024-11-29,INR,0.0
RBI:AVG_TURNOVER_RN(1.0),N_A,MKT_REPO,W,2025,2024,0,2024-11-29,INR,5857446000000
RBI:AVG_TURNOVER_RN(1.0),N_A,NOTICE_MONEY,W,2025,2024,0,2024-11-29,INR,42412400000
RBI:AVG_TURNOVER_RN(1.0),N_A,TR_BILL_364_DAY,W,2025,2024,0,2024-11-29,INR,38002888000
RBI:AVG_TURNOVER_RN(1.0),N_A,GOVT_SEC,W,2025,2024,0,2024-11-29,INR,834899176000
RBI:AVG_TURNOVER_RN(1.0),N_A,CORPO_REPO,W,2025,2024,0,2024-11-29,INR,51140000000
RBI:AVG_TURNOVER_RN(1.0),N_A,TR_BILL_182_DAY,W,2025,2024,0,2024-11-29,INR,38002888000
RBI:AVG_TURNOVER_RN(1.0),N_A,FOREX,W,2025,2024,0,2024-11-29,INR,123525000000
RBI:AVG_TURNOVER_RN(1.0),N_A,GOVT_SEC_RBI,W,2025,2024,0,2024-11-29,INR,2131040000
RBI:AVG_TURNOVER_RN(1.0),N_A,TR_BILL_91_DAY,W,2025,2024,0,2024-11-29,INR,19875268000
RBI:AVG_TURNOVER_RN(1.0),N_A,CALL_MONEY,W,2025,2024,0,2024-11-29,INR,146052720000
RBI:AVG_TURNOVER_RN(1.0),N_A,TRI_REPO,W,2025,2024,0,2024-11-29,INR,9394350200000
RBI:AVG_TURNOVER_RN(1.0),N_A,STATE_GOVT_SEC,W,2025,2024,0,2024-11-22,INR,53069535000
RBI:AVG_TURNOVER_RN(1.0),N_A,TR_BILL_364_DAY,W,2025,2024,0,2024-11-22,INR,35500220000
RBI:AVG_TURNOVER_RN(1.0),N_A,GOVT_SEC,W,2025,2024,0,2024-11-22,INR,761466925000
RBI:AVG_TURNOVER_RN(1.0),N_A,TR_BILL_CASH_MNG_BILLS,W,2025,2024,0,2024-11-22,INR,0.0
RBI:AVG_TURNOVER_RN(1.0),N_A,CALL_MONEY,W,2025,2024,0,2024-11-22,INR,144736800000
RBI:AVG_TURNOVER_RN(1.0),N_A,GOVT_SEC_RBI,W,2025,2024,0,2024-11-22,INR,145650000
RBI:AVG_TURNOVER_RN(1.0),N_A,CORPO_REPO,W,2025,2024,0,2024-11-22,INR,45880000000
RBI:AVG_TURNOVER_RN(1.0),N_A,NOTICE_MONEY,W,2025,2024,0,2024-11-22,INR,3306000000
RBI:AVG_TURNOVER_RN(1.0),N_A,TRI_REPO,W,2025,2024,0,2024-11-22,INR,7074711400000
RBI:AVG_TURNOVER_RN(1.0),N_A,FOREX,W,2025,2024,0,2024-11-22,INR,108061000000
RBI:AVG_TURNOVER_RN(1.0),N_A,MKT_REPO,W,2025,2024,0,2024-11-22,INR,4937232320000
RBI:AVG_TURNOVER_RN(1.0),N_A,TERM_MONEY,W,2025,2024,0,2024-11-22,INR,8946000000
RBI:AVG_TURNOVER_RN(1.0),N_A,TR_BILL_91_DAY,W,2025,2024,0,2024-11-22,INR,36691160000
RBI:AVG_TURNOVER_RN(1.0),N_A,TR_BILL_182_DAY,W,2025,2024,0,2024-11-22,INR,35331505000
RBI:AVG_TURNOVER_RN(1.0),N_A,NOTICE_MONEY,W,2025,2024,0,2024-11-15,INR,37062000000
RBI:AVG_TURNOVER_RN(1.0),N_A,TR_BILL_182_DAY,W,2025,2024,0,2024-11-15,INR,31838170000
RBI:AVG_TURNOVER_RN(1.0),N_A,CALL_MONEY,W,2025,2024,0,2024-11-15,INR,139853000000
RBI:AVG_TURNOVER_RN(1.0),N_A,FOREX,W,2025,2024,0,2024-11-15,INR,101881000000
RBI:AVG_TURNOVER_RN(1.0),N_A,GOVT_SEC,W,2025,2024,0,2024-11-15,INR,848255925000
RBI:AVG_TURNOVER_RN(1.0),N_A,STATE_GOVT_SEC,W,2025,2024,0,2024-11-15,INR,71506425000
RBI:AVG_TURNOVER_RN(1.0),N_A,TR_BILL_364_DAY,W,2025,2024,0,2024-11-15,INR,42806590000
RBI:AVG_TURNOVER_RN(1.0),N_A,MKT_REPO,W,2025,2024,0,2024-11-15,INR,6015865600000
RBI:AVG_TURNOVER_RN(1.0),N_A,CORPO_REPO,W,2025,2024,0,2024-11-15,INR,53710000000
RBI:AVG_TURNOVER_RN(1.0),N_A,TRI_REPO,W,2025,2024,0,2024-11-15,INR,8373275250000
RBI:AVG_TURNOVER_RN(1.0),N_A,TR_BILL_91_DAY,W,2025,2024,0,2024-11-15,INR,29833790000
RBI:AVG_TURNOVER_RN(1.0),N_A,TERM_MONEY,W,2025,2024,0,2024-11-15,INR,7795000000
RBI:AVG_TURNOVER_RN(1.0),N_A,TR_BILL_CASH_MNG_BILLS,W,2025,2024,0,2024-11-15,INR,0.0
RBI:AVG_TURNOVER_RN(1.0),N_A,GOVT_SEC_RBI,W,2025,2024,0,2024-11-15,INR,13743850000
RBI:AVG_TURNOVER_RN(1.0),N_A,CORPO_REPO,W,2025,2024,0,2024-11-08,INR,54810000000
RBI:AVG_TURNOVER_RN(1.0),N_A,TR_BILL_364_DAY,W,2025,2024,0,2024-11-08,INR,40655808000
RBI:AVG_TURNOVER_RN(1.0),N_A,TR_BILL_CASH_MNG_BILLS,W,2025,2024,0,2024-11-08,INR,0.0
RBI:AVG_TURNOVER_RN(1.0),N_A,GOVT_SEC,W,2025,2024,0,2024-11-08,INR,724787796000
RBI:AVG_TURNOVER_RN(1.0),N_A,TR_BILL_91_DAY,W,2025,2024,0,2024-11-08,INR,21079708000
RBI:AVG_TURNOVER_RN(1.0),N_A,TERM_MONEY,W,2025,2024,0,2024-11-08,INR,12676000000
RBI:AVG_TURNOVER_RN(1.0),N_A,NOTICE_MONEY,W,2025,2024,0,2024-11-08,INR,4385200000
RBI:AVG_TURNOVER_RN(1.0),N_A,CALL_MONEY,W,2025,2024,0,2024-11-08,INR,192425720000
RBI:AVG_TURNOVER_RN(1.0),N_A,MKT_REPO,W,2025,2024,0,2024-11-08,INR,5879239040000
RBI:AVG_TURNOVER_RN(1.0),N_A,STATE_GOVT_SEC,W,2025,2024,0,2024-11-08,INR,37558008000
RBI:AVG_TURNOVER_RN(1.0),N_A,TR_BILL_182_DAY,W,2025,2024,0,2024-11-08,INR,38243124000
RBI:AVG_TURNOVER_RN(1.0),N_A,GOVT_SEC_RBI,W,2025,2024,0,2024-11-08,INR,791920000
RBI:AVG_TURNOVER_RN(1.0),N_A,FOREX,W,2025,2024,0,2024-11-08,INR,100719000000
RBI:AVG_TURNOVER_RN(1.0),N_A,TRI_REPO,W,2025,2024,0,2024-11-08,INR,7689111200000
RBI:AVG_TURNOVER_RN(1.0),N_A,GOVT_SEC,W,2025,2024,0,2024-11-01,INR,911635045000
RBI:AVG_TURNOVER_RN(1.0),N_A,STATE_GOVT_SEC,W,2025,2024,0,2024-11-01,INR,49979780000
RBI:AVG_TURNOVER_RN(1.0),N_A,TR_BILL_182_DAY,W,2025,2024,0,2024-11-01,INR,60641600000
RBI:AVG_TURNOVER_RN(1.0),N_A,NOTICE_MONEY,W,2025,2024,0,2024-11-01,INR,13743800000
RBI:AVG_TURNOVER_RN(1.0),N_A,FOREX,W,2025,2024,0,2024-11-01,INR,98958000000
RBI:AVG_TURNOVER_RN(1.0),N_A,TR_BILL_CASH_MNG_BILLS,W,2025,2024,0,2024-11-01,INR,0.0
RBI:AVG_TURNOVER_RN(1.0),N_A,TR_BILL_364_DAY,W,2025,2024,0,2024-11-01,INR,37357385000
RBI:AVG_TURNOVER_RN(1.0),N_A,TR_BILL_91_DAY,W,2025,2024,0,2024-11-01,INR,37086515000
RBI:AVG_TURNOVER_RN(1.0),N_A,TRI_REPO,W,2025,2024,0,2024-11-01,INR,7814329500000
RBI:AVG_TURNOVER_RN(1.0),N_A,TERM_MONEY,W,2025,2024,0,2024-11-01,INR,6852600000
RBI:AVG_TURNOVER_RN(1.0),N_A,CORPO_REPO,W,2025,2024,0,2024-11-01,INR,34200000000
RBI:AVG_TURNOVER_RN(1.0),N_A,CALL_MONEY,W,2025,2024,0,2024-11-01,INR,161241600000
RBI:AVG_TURNOVER_RN(1.0),N_A,GOVT_SEC_RBI,W,2025,2024,0,2024-11-01,INR,1109600000
RBI:AVG_TURNOVER_RN(1.0),N_A,MKT_REPO,W,2025,2024,0,2024-11-01,INR,5679931700000
RBI:AVG_TURNOVER_RN(1.0),N_A,TR_BILL_364_DAY,W,2025,2024,0,2024-10-25,INR,31383359999.9999
RBI:AVG_TURNOVER_RN(1.0),N_A,CALL_MONEY,W,2025,2024,0,2024-10-25,INR,169256133333.333
RBI:AVG_TURNOVER_RN(1.0),N_A,CORPO_REPO,W,2025,2024,0,2024-10-25,INR,41460000000
RBI:AVG_TURNOVER_RN(1.0),N_A,TR_BILL_182_DAY,W,2025,2024,0,2024-10-25,INR,41742684000
RBI:AVG_TURNOVER_RN(1.0),N_A,STATE_GOVT_SEC,W,2025,2024,0,2024-10-25,INR,74707508000
RBI:AVG_TURNOVER_RN(1.0),N_A,GOVT_SEC_RBI,W,2025,2024,0,2024-10-25,INR,72080000
RBI:AVG_TURNOVER_RN(1.0),N_A,TR_BILL_91_DAY,W,2025,2024,0,2024-10-25,INR,31300032000
RBI:AVG_TURNOVER_RN(1.0),N_A,TERM_MONEY,W,2025,2024,0,2024-10-25,INR,7234666666.66666
RBI:AVG_TURNOVER_RN(1.0),N_A,TRI_REPO,W,2025,2024,0,2024-10-25,INR,6827263333333.33
RBI:AVG_TURNOVER_RN(1.0),N_A,NOTICE_MONEY,W,2025,2024,0,2024-10-25,INR,2523000000
RBI:AVG_TURNOVER_RN(1.0),N_A,TR_BILL_CASH_MNG_BILLS,W,2025,2024,0,2024-10-25,INR,0.0
RBI:AVG_TURNOVER_RN(1.0),N_A,MKT_REPO,W,2025,2024,0,2024-10-25,INR,4972430933333.33
RBI:AVG_TURNOVER_RN(1.0),N_A,FOREX,W,2025,2024,0,2024-10-25,INR,110857000000
RBI:AVG_TURNOVER_RN(1.0),N_A,GOVT_SEC,W,2025,2024,0,2024-10-25,INR,1165767496000
RBI:AVG_TURNOVER_RN(1.0),N_A,MKT_REPO,W,2025,2024,0,2024-10-18,INR,5895840640000
RBI:AVG_TURNOVER_RN(1.0),N_A,CORPO_REPO,W,2025,2024,0,2024-10-18,INR,38920000000
RBI:AVG_TURNOVER_RN(1.0),N_A,GOVT_SEC,W,2025,2024,0,2024-10-18,INR,1032168500000
RBI:AVG_TURNOVER_RN(1.0),N_A,TR_BILL_91_DAY,W,2025,2024,0,2024-10-18,INR,42496724000
RBI:AVG_TURNOVER_RN(1.0),N_A,FOREX,W,2025,2024,0,2024-10-18,INR,104189000000
RBI:AVG_TURNOVER_RN(1.0),N_A,TR_BILL_182_DAY,W,2025,2024,0,2024-10-18,INR,49660500000
RBI:AVG_TURNOVER_RN(1.0),N_A,NOTICE_MONEY,W,2025,2024,0,2024-10-18,INR,49187080000
RBI:AVG_TURNOVER_RN(1.0),N_A,CALL_MONEY,W,2025,2024,0,2024-10-18,INR,156750000000
RBI:AVG_TURNOVER_RN(1.0),N_A,STATE_GOVT_SEC,W,2025,2024,0,2024-10-18,INR,89435096000
RBI:AVG_TURNOVER_RN(1.0),N_A,TR_BILL_CASH_MNG_BILLS,W,2025,2024,0,2024-10-18,INR,0.0
RBI:AVG_TURNOVER_RN(1.0),N_A,TR_BILL_364_DAY,W,2025,2024,0,2024-10-18,INR,38749072000
RBI:AVG_TURNOVER_RN(1.0),N_A,TRI_REPO,W,2025,2024,0,2024-10-18,INR,7617093600000
RBI:AVG_TURNOVER_RN(1.0),N_A,GOVT_SEC_RBI,W,2025,2024,0,2024-10-18,INR,2158720000
RBI:AVG_TURNOVER_RN(1.0),N_A,TERM_MONEY,W,2025,2024,0,2024-10-18,INR,12870000000
RBI:AVG_TURNOVER_RN(1.0),N_A,GOVT_SEC,W,2025,2024,0,2024-10-11,INR,1875057572000
RBI:AVG_TURNOVER_RN(1.0),N_A,TERM_MONEY,W,2025,2024,0,2024-10-11,INR,4240833333.33333
RBI:AVG_TURNOVER_RN(1.0),N_A,TR_BILL_364_DAY,W,2025,2024,0,2024-10-11,INR,46952224000
RBI:AVG_TURNOVER_RN(1.0),N_A,TR_BILL_CASH_MNG_BILLS,W,2025,2024,0,2024-10-11,INR,0.0
RBI:AVG_TURNOVER_RN(1.0),N_A,TR_BILL_91_DAY,W,2025,2024,0,2024-10-11,INR,41696532000
RBI:AVG_TURNOVER_RN(1.0),N_A,STATE_GOVT_SEC,W,2025,2024,0,2024-10-11,INR,98201292000
RBI:AVG_TURNOVER_RN(1.0),N_A,NOTICE_MONEY,W,2025,2024,0,2024-10-11,INR,9124333333.33333
RBI:AVG_TURNOVER_RN(1.0),N_A,TRI_REPO,W,2025,2024,0,2024-10-11,INR,6161342000000
RBI:AVG_TURNOVER_RN(1.0),N_A,GOVT_SEC_RBI,W,2025,2024,0,2024-10-11,INR,219640000
RBI:AVG_TURNOVER_RN(1.0),N_A,CALL_MONEY,W,2025,2024,0,2024-10-11,INR,159540000000
RBI:AVG_TURNOVER_RN(1.0),N_A,CORPO_REPO,W,2025,2024,0,2024-10-11,INR,45190000000
RBI:AVG_TURNOVER_RN(1.0),N_A,TR_BILL_182_DAY,W,2025,2024,0,2024-10-11,INR,28713316000
RBI:AVG_TURNOVER_RN(1.0),N_A,FOREX,W,2025,2024,0,2024-10-11,INR,105600000000
RBI:AVG_TURNOVER_RN(1.0),N_A,MKT_REPO,W,2025,2024,0,2024-10-11,INR,4988454000000
RBI:AVG_TURNOVER_RN(1.0),N_A,CORPO_REPO,W,2025,2024,0,2024-10-04,INR,56220000000
RBI:AVG_TURNOVER_RN(1.0),N_A,STATE_GOVT_SEC,W,2025,2024,0,2024-10-04,INR,91222800000
RBI:AVG_TURNOVER_RN(1.0),N_A,NOTICE_MONEY,W,2025,2024,0,2024-10-04,INR,52463050000
RBI:AVG_TURNOVER_RN(1.0),N_A,TR_BILL_91_DAY,W,2025,2024,0,2024-10-04,INR,101531150000
RBI:AVG_TURNOVER_RN(1.0),N_A,TR_BILL_CASH_MNG_BILLS,W,2025,2024,0,2024-10-04,INR,0.0
RBI:AVG_TURNOVER_RN(1.0),N_A,GOVT_SEC_RBI,W,2025,2024,0,2024-10-04,INR,1868375883
RBI:AVG_TURNOVER_RN(1.0),N_A,CALL_MONEY,W,2025,2024,0,2024-10-04,INR,142620900000
RBI:AVG_TURNOVER_RN(1.0),N_A,TRI_REPO,W,2025,2024,0,2024-10-04,INR,7279942750000
RBI:AVG_TURNOVER_RN(1.0),N_A,GOVT_SEC,W,2025,2024,0,2024-10-04,INR,1519171050000
RBI:AVG_TURNOVER_RN(1.0),N_A,TR_BILL_182_DAY,W,2025,2024,0,2024-10-04,INR,50565500000
RBI:AVG_TURNOVER_RN(1.0),N_A,TR_BILL_364_DAY,W,2025,2024,0,2024-10-04,INR,99764650000
RBI:AVG_TURNOVER_RN(1.0),N_A,FOREX,W,2025,2024,0,2024-10-04,INR,98443000000
RBI:AVG_TURNOVER_RN(1.0),N_A,TERM_MONEY,W,2025,2024,0,2024-10-04,INR,16251250000
RBI:AVG_TURNOVER_RN(1.0),N_A,MKT_REPO,W,2025,2024,0,2024-10-04,INR,6458896400000
RBI:AVG_TURNOVER_RN(1.0),N_A,TR_BILL_182_DAY,W,2025,2024,0,2024-09-27,INR,53406096000
RBI:AVG_TURNOVER_RN(1.0),N_A,GOVT_SEC_RBI,W,2025,2024,0,2024-09-27,INR,5860920000
RBI:AVG_TURNOVER_RN(1.0),N_A,TRI_REPO,W,2025,2024,0,2024-09-27,INR,6787810000000
RBI:AVG_TURNOVER_RN(1.0),N_A,TR_BILL_364_DAY,W,2025,2024,0,2024-09-27,INR,43873783999.99999
RBI:AVG_TURNOVER_RN(1.0),N_A,NOTICE_MONEY,W,2025,2024,0,2024-09-27,INR,2082000000
RBI:AVG_TURNOVER_RN(1.0),N_A,TR_BILL_CASH_MNG_BILLS,W,2025,2024,0,2024-09-27,INR,0.0
RBI:AVG_TURNOVER_RN(1.0),N_A,MKT_REPO,W,2025,2024,0,2024-09-27,INR,5489870000000
RBI:AVG_TURNOVER_RN(1.0),N_A,CALL_MONEY,W,2025,2024,0,2024-09-27,INR,186280000000
RBI:AVG_TURNOVER_RN(1.0),N_A,FOREX,W,2025,2024,0,2024-09-27,INR,140598000000
RBI:AVG_TURNOVER_RN(1.0),N_A,TR_BILL_91_DAY,W,2025,2024,0,2024-09-27,INR,25222048000
RBI:AVG_TURNOVER_RN(1.0),N_A,CORPO_REPO,W,2025,2024,0,2024-09-27,INR,55660000000
RBI:AVG_TURNOVER_RN(1.0),N_A,STATE_GOVT_SEC,W,2025,2024,0,2024-09-27,INR,114121908000
RBI:AVG_TURNOVER_RN(1.0),N_A,TERM_MONEY,W,2025,2024,0,2024-09-27,INR,8051666666.669999
RBI:AVG_TURNOVER_RN(1.0),N_A,GOVT_SEC,W,2025,2024,0,2024-09-27,INR,1566512788000
RBI:AVG_TURNOVER_RN(1.0),N_A,TR_BILL_364_DAY,W,2025,2024,0,2024-09-20,INR,44037915000
RBI:AVG_TURNOVER_RN(1.0),N_A,STATE_GOVT_SEC,W,2025,2024,0,2024-09-20,INR,82310480000
RBI:AVG_TURNOVER_RN(1.0),N_A,GOVT_SEC_RBI,W,2025,2024,0,2024-09-20,INR,7881050000
RBI:AVG_TURNOVER_RN(1.0),N_A,GOVT_SEC,W,2025,2024,0,2024-09-20,INR,1681772655000
RBI:AVG_TURNOVER_RN(1.0),N_A,CALL_MONEY,W,2025,2024,0,2024-09-20,INR,113430000000
RBI:AVG_TURNOVER_RN(1.0),N_A,CORPO_REPO,W,2025,2024,0,2024-09-20,INR,28390000000
RBI:AVG_TURNOVER_RN(1.0),N_A,TR_BILL_CASH_MNG_BILLS,W,2025,2024,0,2024-09-20,INR,0.0
RBI:AVG_TURNOVER_RN(1.0),N_A,MKT_REPO,W,2025,2024,0,2024-09-20,INR,4861930000000
RBI:AVG_TURNOVER_RN(1.0),N_A,TR_BILL_91_DAY,W,2025,2024,0,2024-09-20,INR,9002595000
RBI:AVG_TURNOVER_RN(1.0),N_A,TRI_REPO,W,2025,2024,0,2024-09-20,INR,6058170000000
RBI:AVG_TURNOVER_RN(1.0),N_A,TERM_MONEY,W,2025,2024,0,2024-09-20,INR,2805000000
RBI:AVG_TURNOVER_RN(1.0),N_A,NOTICE_MONEY,W,2025,2024,0,2024-09-20,INR,58739000000
RBI:AVG_TURNOVER_RN(1.0),N_A,TR_BILL_182_DAY,W,2025,2024,0,2024-09-20,INR,27267500000
RBI:AVG_TURNOVER_RN(1.0),N_A,FOREX,W,2025,2024,0,2024-09-20,INR,126154000000
RBI:AVG_TURNOVER_RN(1.0),N_A,TR_BILL_CASH_MNG_BILLS,W,2025,2024,0,2024-09-13,INR,0.0
RBI:AVG_TURNOVER_RN(1.0),N_A,GOVT_SEC,W,2025,2024,0,2024-09-13,INR,1085949400000
RBI:AVG_TURNOVER_RN(1.0),N_A,GOVT_SEC_RBI,W,2025,2024,0,2024-09-13,INR,10615719999.999998
RBI:AVG_TURNOVER_RN(1.0),N_A,FOREX,W,2025,2024,0,2024-09-13,INR,120154000000
RBI:AVG_TURNOVER_RN(1.0),N_A,STATE_GOVT_SEC,W,2025,2024,0,2024-09-13,INR,51109532000
RBI:AVG_TURNOVER_RN(1.0),N_A,TRI_REPO,W,2025,2024,0,2024-09-13,INR,7348370000000
RBI:AVG_TURNOVER_RN(1.0),N_A,CORPO_REPO,W,2025,2024,0,2024-09-13,INR,39310000000
RBI:AVG_TURNOVER_RN(1.0),N_A,TR_BILL_364_DAY,W,2025,2024,0,2024-09-13,INR,34063276000
RBI:AVG_TURNOVER_RN(1.0),N_A,TERM_MONEY,W,2025,2024,0,2024-09-13,INR,10768000000
RBI:AVG_TURNOVER_RN(1.0),N_A,TR_BILL_182_DAY,W,2025,2024,0,2024-09-13,INR,19777928000
RBI:AVG_TURNOVER_RN(1.0),N_A,NOTICE_MONEY,W,2025,2024,0,2024-09-13,INR,2541600000
RBI:AVG_TURNOVER_RN(1.0),N_A,TR_BILL_91_DAY,W,2025,2024,0,2024-09-13,INR,42085264000
RBI:AVG_TURNOVER_RN(1.0),N_A,MKT_REPO,W,2025,2024,0,2024-09-13,INR,6201090000000
RBI:AVG_TURNOVER_RN(1.0),N_A,CALL_MONEY,W,2025,2024,0,2024-09-13,INR,213710000000
RBI:AVG_TURNOVER_RN(1.0),N_A,GOVT_SEC,W,2025,2024,0,2024-09-06,INR,747357712000
RBI:AVG_TURNOVER_RN(1.0),N_A,NOTICE_MONEY,W,2025,2024,0,2024-09-06,INR,3330166666.666667
RBI:AVG_TURNOVER_RN(1.0),N_A,CALL_MONEY,W,2025,2024,0,2024-09-06,INR,181660000000
RBI:AVG_TURNOVER_RN(1.0),N_A,CORPO_REPO,W,2025,2024,0,2024-09-06,INR,37360000000
RBI:AVG_TURNOVER_RN(1.0),N_A,TRI_REPO,W,2025,2024,0,2024-09-06,INR,6077810000000
RBI:AVG_TURNOVER_RN(1.0),N_A,MKT_REPO,W,2025,2024,0,2024-09-06,INR,5103820000000
RBI:AVG_TURNOVER_RN(1.0),N_A,FOREX,W,2025,2024,0,2024-09-06,INR,109685000000
RBI:AVG_TURNOVER_RN(1.0),N_A,TERM_MONEY,W,2025,2024,0,2024-09-06,INR,11438300000
RBI:AVG_TURNOVER_RN(1.0),N_A,TR_BILL_CASH_MNG_BILLS,W,2025,2024,0,2024-09-06,INR,0.0
RBI:AVG_TURNOVER_RN(1.0),N_A,TR_BILL_91_DAY,W,2025,2024,0,2024-09-06,INR,30548572000
RBI:AVG_TURNOVER_RN(1.0),N_A,GOVT_SEC_RBI,W,2025,2024,0,2024-09-06,INR,1649360000
RBI:AVG_TURNOVER_RN(1.0),N_A,STATE_GOVT_SEC,W,2025,2024,0,2024-09-06,INR,100250628000
RBI:AVG_TURNOVER_RN(1.0),N_A,TR_BILL_364_DAY,W,2025,2024,0,2024-09-06,INR,52724804000
RBI:AVG_TURNOVER_RN(1.0),N_A,TR_BILL_182_DAY,W,2025,2024,0,2024-09-06,INR,44160084000
RBI:AVG_TURNOVER_RN(1.0),N_A,MKT_REPO,W,2025,2024,0,2024-08-30,INR,6010461120000
RBI:AVG_TURNOVER_RN(1.0),N_A,TR_BILL_CASH_MNG_BILLS,W,2025,2024,0,2024-08-30,INR,0.0
RBI:AVG_TURNOVER_RN(1.0),N_A,TRI_REPO,W,2025,2024,0,2024-08-30,INR,7913628600000
RBI:AVG_TURNOVER_RN(1.0),N_A,FOREX,W,2025,2024,0,2024-08-30,INR,127583000000
RBI:AVG_TURNOVER_RN(1.0),N_A,NOTICE_MONEY,W,2025,2024,0,2024-08-30,INR,40449560000
RBI:AVG_TURNOVER_RN(1.0),N_A,CORPO_REPO,W,2025,2024,0,2024-08-30,INR,42696000000
RBI:AVG_TURNOVER_RN(1.0),N_A,TERM_MONEY,W,2025,2024,0,2024-08-30,INR,9578000000
RBI:AVG_TURNOVER_RN(1.0),N_A,GOVT_SEC_RBI,W,2025,2024,0,2024-08-30,INR,6480760000
RBI:AVG_TURNOVER_RN(1.0),N_A,TR_BILL_91_DAY,W,2025,2024,0,2024-08-30,INR,33727688000
RBI:AVG_TURNOVER_RN(1.0),N_A,TR_BILL_182_DAY,W,2025,2024,0,2024-08-30,INR,27030572000.000004
RBI:AVG_TURNOVER_RN(1.0),N_A,TR_BILL_364_DAY,W,2025,2024,0,2024-08-30,INR,27030572000.000004
RBI:AVG_TURNOVER_RN(1.0),N_A,CALL_MONEY,W,2025,2024,0,2024-08-30,INR,172584840000
RBI:AVG_TURNOVER_RN(1.0),N_A,STATE_GOVT_SEC,W,2025,2024,0,2024-08-30,INR,25718000000
RBI:AVG_TURNOVER_RN(1.0),N_A,GOVT_SEC,W,2025,2024,0,2024-08-30,INR,821717072099.9999
RBI:AVG_TURNOVER_RN(1.0),N_A,TR_BILL_91_DAY,W,2025,2024,0,2024-08-23,INR,45275739999.99999
RBI:AVG_TURNOVER_RN(1.0),N_A,MKT_REPO,W,2025,2024,0,2024-08-23,INR,5036838400000
RBI:AVG_TURNOVER_RN(1.0),N_A,NOTICE_MONEY,W,2025,2024,0,2024-08-23,INR,7497833333.33
RBI:AVG_TURNOVER_RN(1.0),N_A,CALL_MONEY,W,2025,2024,0,2024-08-23,INR,161060000000
RBI:AVG_TURNOVER_RN(1.0),N_A,TRI_REPO,W,2025,2024,0,2024-08-23,INR,6449062500000
RBI:AVG_TURNOVER_RN(1.0),N_A,FOREX,W,2025,2024,0,2024-08-23,INR,103856000000
RBI:AVG_TURNOVER_RN(1.0),N_A,TR_BILL_182_DAY,W,2025,2024,0,2024-08-23,INR,56031396000.00001
RBI:AVG_TURNOVER_RN(1.0),N_A,TR_BILL_364_DAY,W,2025,2024,0,2024-08-23,INR,54031172000
RBI:AVG_TURNOVER_RN(1.0),N_A,GOVT_SEC_RBI,W,2025,2024,0,2024-08-23,INR,13098800000.000002
RBI:AVG_TURNOVER_RN(1.0),N_A,CORPO_REPO,W,2025,2024,0,2024-08-23,INR,46661700000
RBI:AVG_TURNOVER_RN(1.0),N_A,TR_BILL_CASH_MNG_BILLS,W,2025,2024,0,2024-08-23,INR,0.0
RBI:AVG_TURNOVER_RN(1.0),N_A,GOVT_SEC,W,2025,2024,0,2024-08-23,INR,1256311928000
RBI:AVG_TURNOVER_RN(1.0),N_A,STATE_GOVT_SEC,W,2025,2024,0,2024-08-23,INR,72286632000
RBI:AVG_TURNOVER_RN(1.0),N_A,TERM_MONEY,W,2025,2024,0,2024-08-23,INR,10238330000
RBI:AVG_TURNOVER_RN(1.0),N_A,FOREX,W,2025,2024,0,2024-08-16,INR,100547000000
RBI:AVG_TURNOVER_RN(1.0),N_A,TR_BILL_364_DAY,W,2025,2024,0,2024-08-16,INR,31523770000
RBI:AVG_TURNOVER_RN(1.0),N_A,GOVT_SEC_RBI,W,2025,2024,0,2024-08-16,INR,9089800000
RBI:AVG_TURNOVER_RN(1.0),N_A,TR_BILL_91_DAY,W,2025,2024,0,2024-08-16,INR,35498175000
RBI:AVG_TURNOVER_RN(1.0),N_A,TRI_REPO,W,2025,2024,0,2024-08-16,INR,7053001500000
RBI:AVG_TURNOVER_RN(1.0),N_A,TR_BILL_182_DAY,W,2025,2024,0,2024-08-16,INR,60890694999.99999
RBI:AVG_TURNOVER_RN(1.0),N_A,CALL_MONEY,W,2025,2024,0,2024-08-16,INR,167276450000
RBI:AVG_TURNOVER_RN(1.0),N_A,CORPO_REPO,W,2025,2024,0,2024-08-16,INR,63292299999.99999
RBI:AVG_TURNOVER_RN(1.0),N_A,STATE_GOVT_SEC,W,2025,2024,0,2024-08-16,INR,65978435000
RBI:AVG_TURNOVER_RN(1.0),N_A,TERM_MONEY,W,2025,2024,0,2024-08-16,INR,11797500000
RBI:AVG_TURNOVER_RN(1.0),N_A,NOTICE_MONEY,W,2025,2024,0,2024-08-16,INR,45757900000
RBI:AVG_TURNOVER_RN(1.0),N_A,MKT_REPO,W,2025,2024,0,2024-08-16,INR,6155200500000
RBI:AVG_TURNOVER_RN(1.0),N_A,TR_BILL_CASH_MNG_BILLS,W,2025,2024,0,2024-08-16,INR,0.0
RBI:AVG_TURNOVER_RN(1.0),N_A,GOVT_SEC,W,2025,2024,0,2024-08-16,INR,977682730100
RBI:AVG_TURNOVER_RN(1.0),N_A,TRI_REPO,W,2025,2024,0,2024-08-09,INR,5619102333333.333
RBI:AVG_TURNOVER_RN(1.0),N_A,STATE_GOVT_SEC,W,2025,2024,0,2024-08-09,INR,120768960000
RBI:AVG_TURNOVER_RN(1.0),N_A,FOREX,W,2025,2024,0,2024-08-09,INR,118541000000
RBI:AVG_TURNOVER_RN(1.0),N_A,TERM_MONEY,W,2025,2024,0,2024-08-09,INR,4544166666.666667
RBI:AVG_TURNOVER_RN(1.0),N_A,TR_BILL_182_DAY,W,2025,2024,0,2024-08-09,INR,60725976000
RBI:AVG_TURNOVER_RN(1.0),N_A,CORPO_REPO,W,2025,2024,0,2024-08-09,INR,36056000000
RBI:AVG_TURNOVER_RN(1.0),N_A,TR_BILL_364_DAY,W,2025,2024,0,2024-08-09,INR,40051064000
RBI:AVG_TURNOVER_RN(1.0),N_A,GOVT_SEC_RBI,W,2025,2024,0,2024-08-09,INR,14401400000.000002
RBI:AVG_TURNOVER_RN(1.0),N_A,NOTICE_MONEY,W,2025,2024,0,2024-08-09,INR,6694233333.333333
RBI:AVG_TURNOVER_RN(1.0),N_A,CALL_MONEY,W,2025,2024,0,2024-08-09,INR,177020800000
RBI:AVG_TURNOVER_RN(1.0),N_A,TR_BILL_CASH_MNG_BILLS,W,2025,2024,0,2024-08-09,INR,0.0
RBI:AVG_TURNOVER_RN(1.0),N_A,MKT_REPO,W,2025,2024,0,2024-08-09,INR,5209257466666.667
RBI:AVG_TURNOVER_RN(1.0),N_A,GOVT_SEC,W,2025,2024,0,2024-08-09,INR,1536480488000
RBI:AVG_TURNOVER_RN(1.0),N_A,TR_BILL_91_DAY,W,2025,2024,0,2024-08-09,INR,46316884000
RBI:AVG_TURNOVER_RN(1.0),N_A,STATE_GOVT_SEC,W,2025,2024,0,2024-08-02,INR,86763108000
RBI:AVG_TURNOVER_RN(1.0),N_A,TR_BILL_364_DAY,W,2025,2024,0,2024-08-02,INR,43456996000
RBI:AVG_TURNOVER_RN(1.0),N_A,TR_BILL_CASH_MNG_BILLS,W,2025,2024,0,2024-08-02,INR,0.0
RBI:AVG_TURNOVER_RN(1.0),N_A,FOREX,W,2025,2024,0,2024-08-02,INR,110210000000
RBI:AVG_TURNOVER_RN(1.0),N_A,GOVT_SEC,W,2025,2024,0,2024-08-02,INR,1817176571999.9998
RBI:AVG_TURNOVER_RN(1.0),N_A,CALL_MONEY,W,2025,2024,0,2024-08-02,INR,183601500000
RBI:AVG_TURNOVER_RN(1.0),N_A,NOTICE_MONEY,W,2025,2024,0,2024-08-02,INR,43145720000
RBI:AVG_TURNOVER_RN(1.0),N_A,MKT_REPO,W,2025,2024,0,2024-08-02,INR,6247951600000
RBI:AVG_TURNOVER_RN(1.0),N_A,GOVT_SEC_RBI,W,2025,2024,0,2024-08-02,INR,4404520000
RBI:AVG_TURNOVER_RN(1.0),N_A,TR_BILL_182_DAY,W,2025,2024,0,2024-08-02,INR,59107924000
RBI:AVG_TURNOVER_RN(1.0),N_A,CORPO_REPO,W,2025,2024,0,2024-08-02,INR,27920000000
RBI:AVG_TURNOVER_RN(1.0),N_A,TERM_MONEY,W,2025,2024,0,2024-08-02,INR,11472000000
RBI:AVG_TURNOVER_RN(1.0),N_A,TR_BILL_91_DAY,W,2025,2024,0,2024-08-02,INR,43246572000
RBI:AVG_TURNOVER_RN(1.0),N_A,TRI_REPO,W,2025,2024,0,2024-08-02,INR,7045920600000
RBI:AVG_TURNOVER_RN(1.0),N_A,NOTICE_MONEY,W,2025,2024,0,2024-07-26,INR,2277500000
RBI:AVG_TURNOVER_RN(1.0),N_A,FOREX,W,2025,2024,0,2024-07-26,INR,103577000000
RBI:AVG_TURNOVER_RN(1.0),N_A,TRI_REPO,W,2025,2024,0,2024-07-26,INR,6933144333333.333
RBI:AVG_TURNOVER_RN(1.0),N_A,STATE_GOVT_SEC,W,2025,2024,0,2024-07-26,INR,67466148000
RBI:AVG_TURNOVER_RN(1.0),N_A,TR_BILL_91_DAY,W,2025,2024,0,2024-07-26,INR,33009119999.999996
RBI:AVG_TURNOVER_RN(1.0),N_A,CALL_MONEY,W,2025,2024,0,2024-07-26,INR,178116600000
RBI:AVG_TURNOVER_RN(1.0),N_A,GOVT_SEC,W,2025,2024,0,2024-07-26,INR,1397368944000
RBI:AVG_TURNOVER_RN(1.0),N_A,CORPO_REPO,W,2025,2024,0,2024-07-26,INR,32829680000
RBI:AVG_TURNOVER_RN(1.0),N_A,TR_BILL_182_DAY,W,2025,2024,0,2024-07-26,INR,49326848000
RBI:AVG_TURNOVER_RN(1.0),N_A,TR_BILL_364_DAY,W,2025,2024,0,2024-07-26,INR,44668855999.99999
RBI:AVG_TURNOVER_RN(1.0),N_A,TR_BILL_CASH_MNG_BILLS,W,2025,2024,0,2024-07-26,INR,0.0
RBI:AVG_TURNOVER_RN(1.0),N_A,MKT_REPO,W,2025,2024,0,2024-07-26,INR,5666061066666.667
RBI:AVG_TURNOVER_RN(1.0),N_A,TERM_MONEY,W,2025,2024,0,2024-07-26,INR,6178333333.333333
RBI:AVG_TURNOVER_RN(1.0),N_A,GOVT_SEC_RBI,W,2025,2024,0,2024-07-26,INR,20765800000
RBI:AVG_TURNOVER_RN(1.0),N_A,GOVT_SEC_RBI,W,2025,2024,0,2024-07-19,INR,11960950000
RBI:AVG_TURNOVER_RN(1.0),N_A,MKT_REPO,W,2025,2024,0,2024-07-19,INR,6325923500000
RBI:AVG_TURNOVER_RN(1.0),N_A,CORPO_REPO,W,2025,2024,0,2024-07-19,INR,33520000000
RBI:AVG_TURNOVER_RN(1.0),N_A,TERM_MONEY,W,2025,2024,0,2024-07-19,INR,7331250000
RBI:AVG_TURNOVER_RN(1.0),N_A,TR_BILL_182_DAY,W,2025,2024,0,2024-07-19,INR,64410370000
RBI:AVG_TURNOVER_RN(1.0),N_A,TRI_REPO,W,2025,2024,0,2024-07-19,INR,7390554250000
RBI:AVG_TURNOVER_RN(1.0),N_A,NOTICE_MONEY,W,2025,2024,0,2024-07-19,INR,46236200000
RBI:AVG_TURNOVER_RN(1.0),N_A,FOREX,W,2025,2024,0,2024-07-19,INR,105661000000
RBI:AVG_TURNOVER_RN(1.0),N_A,CALL_MONEY,W,2025,2024,0,2024-07-19,INR,157847250000
RBI:AVG_TURNOVER_RN(1.0),N_A,TR_BILL_91_DAY,W,2025,2024,0,2024-07-19,INR,34002255000
RBI:AVG_TURNOVER_RN(1.0),N_A,TR_BILL_CASH_MNG_BILLS,W,2025,2024,0,2024-07-19,INR,0.0
RBI:AVG_TURNOVER_RN(1.0),N_A,STATE_GOVT_SEC,W,2025,2024,0,2024-07-19,INR,57594425000
RBI:AVG_TURNOVER_RN(1.0),N_A,TR_BILL_364_DAY,W,2025,2024,0,2024-07-19,INR,42082875000
RBI:AVG_TURNOVER_RN(1.0),N_A,GOVT_SEC,W,2025,2024,0,2024-07-19,INR,1198575220000
RBI:AVG_TURNOVER_RN(1.0),N_A,TR_BILL_364_DAY,W,2025,2024,0,2024-07-12,INR,34061148000
RBI:AVG_TURNOVER_RN(1.0),N_A,NOTICE_MONEY,W,2025,2024,0,2024-07-12,INR,3076566666.666667
RBI:AVG_TURNOVER_RN(1.0),N_A,GOVT_SEC,W,2025,2024,0,2024-07-12,INR,809959804000
RBI:AVG_TURNOVER_RN(1.0),N_A,CALL_MONEY,W,2025,2024,0,2024-07-12,INR,175063500000
RBI:AVG_TURNOVER_RN(1.0),N_A,STATE_GOVT_SEC,W,2025,2024,0,2024-07-12,INR,78806588000
RBI:AVG_TURNOVER_RN(1.0),N_A,TR_BILL_91_DAY,W,2025,2024,0,2024-07-12,INR,54528124000
RBI:AVG_TURNOVER_RN(1.0),N_A,FOREX,W,2025,2024,0,2024-07-12,INR,101334000000
RBI:AVG_TURNOVER_RN(1.0),N_A,CORPO_REPO,W,2025,2024,0,2024-07-12,INR,40712000000
RBI:AVG_TURNOVER_RN(1.0),N_A,TRI_REPO,W,2025,2024,0,2024-07-12,INR,6079113833333.333
RBI:AVG_TURNOVER_RN(1.0),N_A,TERM_MONEY,W,2025,2024,0,2024-07-12,INR,10501666666.666668
RBI:AVG_TURNOVER_RN(1.0),N_A,TR_BILL_CASH_MNG_BILLS,W,2025,2024,0,2024-07-12,INR,0.0
RBI:AVG_TURNOVER_RN(1.0),N_A,MKT_REPO,W,2025,2024,0,2024-07-12,INR,5285635133333.333
RBI:AVG_TURNOVER_RN(1.0),N_A,TR_BILL_182_DAY,W,2025,2024,0,2024-07-12,INR,33796496000.000004
RBI:AVG_TURNOVER_RN(1.0),N_A,GOVT_SEC_RBI,W,2025,2024,0,2024-07-12,INR,10928520000
RBI:AVG_TURNOVER_RN(1.0),N_A,TERM_MONEY,W,2025,2024,0,2024-07-05,INR,11493333333.333332
RBI:AVG_TURNOVER_RN(1.0),N_A,CALL_MONEY,W,2025,2024,0,2024-07-05,INR,161711900000
RBI:AVG_TURNOVER_RN(1.0),N_A,FOREX,W,2025,2024,0,2024-07-05,INR,93725000000
RBI:AVG_TURNOVER_RN(1.0),N_A,TRI_REPO,W,2025,2024,0,2024-07-05,INR,6682295833333.333
RBI:AVG_TURNOVER_RN(1.0),N_A,TR_BILL_CASH_MNG_BILLS,W,2025,2024,0,2024-07-05,INR,0.0
RBI:AVG_TURNOVER_RN(1.0),N_A,TR_BILL_91_DAY,W,2025,2024,0,2024-07-05,INR,105923564000
RBI:AVG_TURNOVER_RN(1.0),N_A,MKT_REPO,W,2025,2024,0,2024-07-05,INR,5453609200000
RBI:AVG_TURNOVER_RN(1.0),N_A,STATE_GOVT_SEC,W,2025,2024,0,2024-07-05,INR,71068808000
RBI:AVG_TURNOVER_RN(1.0),N_A,TR_BILL_364_DAY,W,2025,2024,0,2024-07-05,INR,56075352000
RBI:AVG_TURNOVER_RN(1.0),N_A,CORPO_REPO,W,2025,2024,0,2024-07-05,INR,33208000000
RBI:AVG_TURNOVER_RN(1.0),N_A,GOVT_SEC_RBI,W,2025,2024,0,2024-07-05,INR,866520000
RBI:AVG_TURNOVER_RN(1.0),N_A,TR_BILL_182_DAY,W,2025,2024,0,2024-07-05,INR,92593324000
RBI:AVG_TURNOVER_RN(1.0),N_A,GOVT_SEC,W,2025,2024,0,2024-07-05,INR,778249679999.9999
RBI:AVG_TURNOVER_RN(1.0),N_A,NOTICE_MONEY,W,2025,2024,0,2024-07-05,INR,34809300000
RBI:AVG_TURNOVER_RN(1.0),N_A,GOVT_SEC_RBI,W,2025,2024,0,2024-06-28,INR,9477560000
RBI:AVG_TURNOVER_RN(1.0),N_A,TRI_REPO,W,2025,2024,0,2024-06-28,INR,7996290000000
RBI:AVG_TURNOVER_RN(1.0),N_A,CALL_MONEY,W,2025,2024,0,2024-06-28,INR,239620000000
RBI:AVG_TURNOVER_RN(1.0),N_A,TR_BILL_CASH_MNG_BILLS,W,2025,2024,0,2024-06-28,INR,0.0
RBI:AVG_TURNOVER_RN(1.0),N_A,CORPO_REPO,W,2025,2024,0,2024-06-28,INR,35580000000
RBI:AVG_TURNOVER_RN(1.0),N_A,TR_BILL_91_DAY,W,2025,2024,0,2024-06-28,INR,80357508000
RBI:AVG_TURNOVER_RN(1.0),N_A,TERM_MONEY,W,2025,2024,0,2024-06-28,INR,6130000000
RBI:AVG_TURNOVER_RN(1.0),N_A,NOTICE_MONEY,W,2025,2024,0,2024-06-28,INR,37220000000
RBI:AVG_TURNOVER_RN(1.0),N_A,MKT_REPO,W,2025,2024,0,2024-06-28,INR,6635660000000
RBI:AVG_TURNOVER_RN(1.0),N_A,STATE_GOVT_SEC,W,2025,2024,0,2024-06-28,INR,99985000000
RBI:AVG_TURNOVER_RN(1.0),N_A,GOVT_SEC,W,2025,2024,0,2024-06-28,INR,1079376060000
RBI:AVG_TURNOVER_RN(1.0),N_A,TR_BILL_182_DAY,W,2025,2024,0,2024-06-28,INR,51282364000
RBI:AVG_TURNOVER_RN(1.0),N_A,TR_BILL_364_DAY,W,2025,2024,0,2024-06-28,INR,49838940000
RBI:AVG_TURNOVER_RN(1.0),N_A,FOREX,W,2025,2024,0,2024-06-28,INR,135891000000
RBI:AVG_TURNOVER_RN(1.0),N_A,MKT_REPO,W,2025,2024,0,2024-06-21,INR,5395430000000
RBI:AVG_TURNOVER_RN(1.0),N_A,CALL_MONEY,W,2025,2024,0,2024-06-21,INR,199130000000
RBI:AVG_TURNOVER_RN(1.0),N_A,TR_BILL_CASH_MNG_BILLS,W,2025,2024,0,2024-06-21,INR,0.0
RBI:AVG_TURNOVER_RN(1.0),N_A,TR_BILL_182_DAY,W,2025,2024,0,2024-06-21,INR,36916725000
RBI:AVG_TURNOVER_RN(1.0),N_A,TRI_REPO,W,2025,2024,0,2024-06-21,INR,6173200000000
RBI:AVG_TURNOVER_RN(1.0),N_A,TR_BILL_91_DAY,W,2025,2024,0,2024-06-21,INR,23357280000
RBI:AVG_TURNOVER_RN(1.0),N_A,NOTICE_MONEY,W,2025,2024,0,2024-06-21,INR,6130000000
RBI:AVG_TURNOVER_RN(1.0),N_A,GOVT_SEC,W,2025,2024,0,2024-06-21,INR,1080123080000
RBI:AVG_TURNOVER_RN(1.0),N_A,GOVT_SEC_RBI,W,2025,2024,0,2024-06-21,INR,10259800000
RBI:AVG_TURNOVER_RN(1.0),N_A,CORPO_REPO,W,2025,2024,0,2024-06-21,INR,28650000000
RBI:AVG_TURNOVER_RN(1.0),N_A,STATE_GOVT_SEC,W,2025,2024,0,2024-06-21,INR,112824355000
RBI:AVG_TURNOVER_RN(1.0),N_A,TERM_MONEY,W,2025,2024,0,2024-06-21,INR,6730000000
RBI:AVG_TURNOVER_RN(1.0),N_A,FOREX,W,2025,2024,0,2024-06-21,INR,110450000000
RBI:AVG_TURNOVER_RN(1.0),N_A,TR_BILL_364_DAY,W,2025,2024,0,2024-06-21,INR,28131045000
RBI:AVG_TURNOVER_RN(1.0),N_A,FOREX,W,2025,2024,0,2024-06-14,INR,100629000000
RBI:AVG_TURNOVER_RN(1.0),N_A,TR_BILL_182_DAY,W,2025,2024,0,2024-06-14,INR,55229996000
RBI:AVG_TURNOVER_RN(1.0),N_A,TR_BILL_364_DAY,W,2025,2024,0,2024-06-14,INR,36886292000
RBI:AVG_TURNOVER_RN(1.0),N_A,TERM_MONEY,W,2025,2024,0,2024-06-14,INR,11720000000
RBI:AVG_TURNOVER_RN(1.0),N_A,GOVT_SEC,W,2025,2024,0,2024-06-14,INR,1170911200000
RBI:AVG_TURNOVER_RN(1.0),N_A,CORPO_REPO,W,2025,2024,0,2024-06-14,INR,42330000000
RBI:AVG_TURNOVER_RN(1.0),N_A,TR_BILL_CASH_MNG_BILLS,W,2025,2024,0,2024-06-14,INR,0.0
RBI:AVG_TURNOVER_RN(1.0),N_A,CALL_MONEY,W,2025,2024,0,2024-06-14,INR,183215040000
RBI:AVG_TURNOVER_RN(1.0),N_A,STATE_GOVT_SEC,W,2025,2024,0,2024-06-14,INR,51146480000
RBI:AVG_TURNOVER_RN(1.0),N_A,TR_BILL_91_DAY,W,2025,2024,0,2024-06-14,INR,33050604000
RBI:AVG_TURNOVER_RN(1.0),N_A,MKT_REPO,W,2025,2024,0,2024-06-14,INR,6774347200000
RBI:AVG_TURNOVER_RN(1.0),N_A,GOVT_SEC_RBI,W,2025,2024,0,2024-06-14,INR,1225720000
RBI:AVG_TURNOVER_RN(1.0),N_A,NOTICE_MONEY,W,2025,2024,0,2024-06-14,INR,45208000000
RBI:AVG_TURNOVER_RN(1.0),N_A,TRI_REPO,W,2025,2024,0,2024-06-14,INR,7444741000000
RBI:AVG_TURNOVER_RN(1.0),N_A,TR_BILL_91_DAY,W,2025,2024,0,2024-06-07,INR,39060000000
RBI:AVG_TURNOVER_RN(1.0),N_A,TRI_REPO,W,2025,2024,0,2024-06-07,INR,6295423333333.333
RBI:AVG_TURNOVER_RN(1.0),N_A,TERM_MONEY,W,2025,2024,0,2024-06-07,INR,2176666666.666667
RBI:AVG_TURNOVER_RN(1.0),N_A,CALL_MONEY,W,2025,2024,0,2024-06-07,INR,194235466666.66666
RBI:AVG_TURNOVER_RN(1.0),N_A,TR_BILL_CASH_MNG_BILLS,W,2025,2024,0,2024-06-07,INR,0.0
RBI:AVG_TURNOVER_RN(1.0),N_A,GOVT_SEC_RBI,W,2025,2024,0,2024-06-07,INR,3842600000
RBI:AVG_TURNOVER_RN(1.0),N_A,TR_BILL_364_DAY,W,2025,2024,0,2024-06-07,INR,36833976000
RBI:AVG_TURNOVER_RN(1.0),N_A,CORPO_REPO,W,2025,2024,0,2024-06-07,INR,34590000000
RBI:AVG_TURNOVER_RN(1.0),N_A,FOREX,W,2025,2024,0,2024-06-07,INR,117280000000
RBI:AVG_TURNOVER_RN(1.0),N_A,MKT_REPO,W,2025,2024,0,2024-06-07,INR,5643634666666.667
RBI:AVG_TURNOVER_RN(1.0),N_A,STATE_GOVT_SEC,W,2025,2024,0,2024-06-07,INR,75327692000
RBI:AVG_TURNOVER_RN(1.0),N_A,GOVT_SEC,W,2025,2024,0,2024-06-07,INR,1590101076000
RBI:AVG_TURNOVER_RN(1.0),N_A,TR_BILL_182_DAY,W,2025,2024,0,2024-06-07,INR,68527692000
RBI:AVG_TURNOVER_RN(1.0),N_A,NOTICE_MONEY,W,2025,2024,0,2024-06-07,INR,4346666666.666667
RBI:AVG_TURNOVER_RN(1.0),N_A,TR_BILL_91_DAY,W,2025,2024,0,2024-05-31,INR,29284000000
RBI:AVG_TURNOVER_RN(1.0),N_A,CORPO_REPO,W,2025,2024,0,2024-05-31,INR,37620000000
RBI:AVG_TURNOVER_RN(1.0),N_A,TR_BILL_182_DAY,W,2025,2024,0,2024-05-31,INR,56597236000
RBI:AVG_TURNOVER_RN(1.0),N_A,GOVT_SEC_RBI,W,2025,2024,0,2024-05-31,INR,318800000
RBI:AVG_TURNOVER_RN(1.0),N_A,TERM_MONEY,W,2025,2024,0,2024-05-31,INR,11540000000
RBI:AVG_TURNOVER_RN(1.0),N_A,NOTICE_MONEY,W,2025,2024,0,2024-05-31,INR,43623600000
RBI:AVG_TURNOVER_RN(1.0),N_A,STATE_GOVT_SEC,W,2025,2024,0,2024-05-31,INR,37786908000
RBI:AVG_TURNOVER_RN(1.0),N_A,TRI_REPO,W,2025,2024,0,2024-05-31,INR,7200370000000
RBI:AVG_TURNOVER_RN(1.0),N_A,CALL_MONEY,W,2025,2024,0,2024-05-31,INR,194455960000
RBI:AVG_TURNOVER_RN(1.0),N_A,TR_BILL_CASH_MNG_BILLS,W,2025,2024,0,2024-05-31,INR,0.0
RBI:AVG_TURNOVER_RN(1.0),N_A,TR_BILL_364_DAY,W,2025,2024,0,2024-05-31,INR,18381588000
RBI:AVG_TURNOVER_RN(1.0),N_A,GOVT_SEC,W,2025,2024,0,2024-05-31,INR,964958628000
RBI:AVG_TURNOVER_RN(1.0),N_A,MKT_REPO,W,2025,2024,0,2024-05-31,INR,6715010000000
RBI:AVG_TURNOVER_RN(1.0),N_A,FOREX,W,2025,2024,0,2024-05-31,INR,113440000000
RBI:AVG_TURNOVER_RN(1.0),N_A,TR_BILL_364_DAY,W,2025,2024,0,2024-05-24,INR,29536326670
RBI:AVG_TURNOVER_RN(1.0),N_A,GOVT_SEC_RBI,W,2025,2024,0,2024-05-24,INR,3305066667
RBI:AVG_TURNOVER_RN(1.0),N_A,GOVT_SEC,W,2025,2024,0,2024-05-24,INR,1236161520000
RBI:AVG_TURNOVER_RN(1.0),N_A,TR_BILL_CASH_MNG_BILLS,W,2025,2024,0,2024-05-24,INR,0.0
RBI:AVG_TURNOVER_RN(1.0),N_A,TR_BILL_91_DAY,W,2025,2024,0,2024-05-24,INR,76962826670
RBI:AVG_TURNOVER_RN(1.0),N_A,FOREX,W,2025,2024,0,2024-05-24,INR,113570000000
RBI:AVG_TURNOVER_RN(1.0),N_A,TRI_REPO,W,2025,2024,0,2024-05-24,INR,5353216750000
RBI:AVG_TURNOVER_RN(1.0),N_A,NOTICE_MONEY,W,2025,2024,0,2024-05-24,INR,4075400000
RBI:AVG_TURNOVER_RN(1.0),N_A,MKT_REPO,W,2025,2024,0,2024-05-24,INR,5065256600000
RBI:AVG_TURNOVER_RN(1.0),N_A,STATE_GOVT_SEC,W,2025,2024,0,2024-05-24,INR,50598646670
RBI:AVG_TURNOVER_RN(1.0),N_A,TERM_MONEY,W,2025,2024,0,2024-05-24,INR,12115000000
RBI:AVG_TURNOVER_RN(1.0),N_A,CALL_MONEY,W,2025,2024,0,2024-05-24,INR,203323150000
RBI:AVG_TURNOVER_RN(1.0),N_A,TR_BILL_182_DAY,W,2025,2024,0,2024-05-24,INR,72042466670
RBI:AVG_TURNOVER_RN(1.0),N_A,CORPO_REPO,W,2025,2024,0,2024-05-24,INR,36250000000
RBI:AVG_TURNOVER_RN(1.0),N_A,FOREX,W,2025,2024,0,2024-05-17,INR,97290000000
RBI:AVG_TURNOVER_RN(1.0),N_A,TR_BILL_CASH_MNG_BILLS,W,2025,2024,0,2024-05-17,INR,0.0
RBI:AVG_TURNOVER_RN(1.0),N_A,STATE_GOVT_SEC,W,2025,2024,0,2024-05-17,INR,49769072000
RBI:AVG_TURNOVER_RN(1.0),N_A,TR_BILL_182_DAY,W,2025,2024,0,2024-05-17,INR,63883032000
RBI:AVG_TURNOVER_RN(1.0),N_A,GOVT_SEC_RBI,W,2025,2024,0,2024-05-17,INR,5680040000
RBI:AVG_TURNOVER_RN(1.0),N_A,NOTICE_MONEY,W,2025,2024,0,2024-05-17,INR,45947200000
RBI:AVG_TURNOVER_RN(1.0),N_A,CORPO_REPO,W,2025,2024,0,2024-05-17,INR,43820000000
RBI:AVG_TURNOVER_RN(1.0),N_A,MKT_REPO,W,2025,2024,0,2024-05-17,INR,6795659840000
RBI:AVG_TURNOVER_RN(1.0),N_A,TR_BILL_364_DAY,W,2025,2024,0,2024-05-17,INR,16999272000
RBI:AVG_TURNOVER_RN(1.0),N_A,GOVT_SEC,W,2025,2024,0,2024-05-17,INR,1111369108000
RBI:AVG_TURNOVER_RN(1.0),N_A,TR_BILL_91_DAY,W,2025,2024,0,2024-05-17,INR,65440000000
RBI:AVG_TURNOVER_RN(1.0),N_A,TERM_MONEY,W,2025,2024,0,2024-05-17,INR,5220000000
RBI:AVG_TURNOVER_RN(1.0),N_A,TRI_REPO,W,2025,2024,0,2024-05-17,INR,6281406000000
RBI:AVG_TURNOVER_RN(1.0),N_A,CALL_MONEY,W,2025,2024,0,2024-05-17,INR,191910000000
RBI:AVG_TURNOVER_RN(1.0),N_A,GOVT_SEC,W,2025,2024,0,2024-05-10,INR,1121205964000
RBI:AVG_TURNOVER_RN(1.0),N_A,TRI_REPO,W,2025,2024,0,2024-05-10,INR,5142608333333.333
RBI:AVG_TURNOVER_RN(1.0),N_A,TERM_MONEY,W,2025,2024,0,2024-05-10,INR,13480000000
RBI:AVG_TURNOVER_RN(1.0),N_A,MKT_REPO,W,2025,2024,0,2024-05-10,INR,5437318733333.333
RBI:AVG_TURNOVER_RN(1.0),N_A,TR_BILL_364_DAY,W,2025,2024,0,2024-05-10,INR,39457472000
RBI:AVG_TURNOVER_RN(1.0),N_A,TR_BILL_CASH_MNG_BILLS,W,2025,2024,0,2024-05-10,INR,0.0
RBI:AVG_TURNOVER_RN(1.0),N_A,FOREX,W,2025,2024,0,2024-05-10,INR,90191000000
RBI:AVG_TURNOVER_RN(1.0),N_A,NOTICE_MONEY,W,2025,2024,0,2024-05-10,INR,14952800000
RBI:AVG_TURNOVER_RN(1.0),N_A,GOVT_SEC_RBI,W,2025,2024,0,2024-05-10,INR,1830680000
RBI:AVG_TURNOVER_RN(1.0),N_A,CORPO_REPO,W,2025,2024,0,2024-05-10,INR,39720000000
RBI:AVG_TURNOVER_RN(1.0),N_A,CALL_MONEY,W,2025,2024,0,2024-05-10,INR,185128233333.33
RBI:AVG_TURNOVER_RN(1.0),N_A,TR_BILL_91_DAY,W,2025,2024,0,2024-05-10,INR,53131316000
RBI:AVG_TURNOVER_RN(1.0),N_A,STATE_GOVT_SEC,W,2025,2024,0,2024-05-10,INR,40966620000
RBI:AVG_TURNOVER_RN(1.0),N_A,TR_BILL_182_DAY,W,2025,2024,0,2024-05-10,INR,73162796000
RBI:AVG_TURNOVER_RN(1.0),N_A,GOVT_SEC,W,2025,2024,0,2024-05-03,INR,1022996915000
RBI:AVG_TURNOVER_RN(1.0),N_A,TR_BILL_CASH_MNG_BILLS,W,2025,2024,0,2024-05-03,INR,0.0
RBI:AVG_TURNOVER_RN(1.0),N_A,MKT_REPO,W,2025,2024,0,2024-05-03,INR,6742192800000
RBI:AVG_TURNOVER_RN(1.0),N_A,NOTICE_MONEY,W,2025,2024,0,2024-05-03,INR,52162800000
RBI:AVG_TURNOVER_RN(1.0),N_A,TR_BILL_91_DAY,W,2025,2024,0,2024-05-03,INR,37920470000
RBI:AVG_TURNOVER_RN(1.0),N_A,TR_BILL_182_DAY,W,2025,2024,0,2024-05-03,INR,50212710000
RBI:AVG_TURNOVER_RN(1.0),N_A,TERM_MONEY,W,2025,2024,0,2024-05-03,INR,13270000000
RBI:AVG_TURNOVER_RN(1.0),N_A,GOVT_SEC_RBI,W,2025,2024,0,2024-05-03,INR,329700000
RBI:AVG_TURNOVER_RN(1.0),N_A,STATE_GOVT_SEC,W,2025,2024,0,2024-05-03,INR,56036020000
RBI:AVG_TURNOVER_RN(1.0),N_A,CORPO_REPO,W,2025,2024,0,2024-05-03,INR,43330000000
RBI:AVG_TURNOVER_RN(1.0),N_A,CALL_MONEY,W,2025,2024,0,2024-05-03,INR,190394750000
RBI:AVG_TURNOVER_RN(1.0),N_A,TR_BILL_364_DAY,W,2025,2024,0,2024-05-03,INR,37878760000
RBI:AVG_TURNOVER_RN(1.0),N_A,TRI_REPO,W,2025,2024,0,2024-05-03,INR,6318446750000
RBI:AVG_TURNOVER_RN(1.0),N_A,FOREX,W,2025,2024,0,2024-05-03,INR,117639000000
RBI:AVG_TURNOVER_RN(1.0),N_A,NOTICE_MONEY,W,2025,2024,0,2024-04-26,INR,6554166666.666667
RBI:AVG_TURNOVER_RN(1.0),N_A,GOVT_SEC,W,2025,2024,0,2024-04-26,INR,735931416000
RBI:AVG_TURNOVER_RN(1.0),N_A,TR_BILL_364_DAY,W,2025,2024,0,2024-04-26,INR,45934008000
RBI:AVG_TURNOVER_RN(1.0),N_A,TERM_MONEY,W,2025,2024,0,2024-04-26,INR,9691666666.666668
RBI:AVG_TURNOVER_RN(1.0),N_A,FOREX,W,2025,2024,0,2024-04-26,INR,120418000000
RBI:AVG_TURNOVER_RN(1.0),N_A,TRI_REPO,W,2025,2024,0,2024-04-26,INR,6281640000000
RBI:AVG_TURNOVER_RN(1.0),N_A,TR_BILL_CASH_MNG_BILLS,W,2025,2024,0,2024-04-26,INR,0.0
RBI:AVG_TURNOVER_RN(1.0),N_A,CORPO_REPO,W,2025,2024,0,2024-04-26,INR,31780000000
RBI:AVG_TURNOVER_RN(1.0),N_A,GOVT_SEC_RBI,W,2025,2024,0,2024-04-26,INR,155360000
RBI:AVG_TURNOVER_RN(1.0),N_A,MKT_REPO,W,2025,2024,0,2024-04-26,INR,5704830000000
RBI:AVG_TURNOVER_RN(1.0),N_A,STATE_GOVT_SEC,W,2025,2024,0,2024-04-26,INR,43432484000.00001
RBI:AVG_TURNOVER_RN(1.0),N_A,TR_BILL_91_DAY,W,2025,2024,0,2024-04-26,INR,48479835999.99999
RBI:AVG_TURNOVER_RN(1.0),N_A,CALL_MONEY,W,2025,2024,0,2024-04-26,INR,181203400000
RBI:AVG_TURNOVER_RN(1.0),N_A,TR_BILL_182_DAY,W,2025,2024,0,2024-04-26,INR,62144396000
RBI:AVG_TURNOVER_RN(1.0),N_A,GOVT_SEC_RBI,W,2025,2024,0,2024-04-19,INR,4227300000
RBI:AVG_TURNOVER_RN(1.0),N_A,NOTICE_MONEY,W,2025,2024,0,2024-04-19,INR,52312950000
RBI:AVG_TURNOVER_RN(1.0),N_A,GOVT_SEC,W,2025,2024,0,2024-04-19,INR,1025572880000
RBI:AVG_TURNOVER_RN(1.0),N_A,CALL_MONEY,W,2025,2024,0,2024-04-19,INR,166750000000
RBI:AVG_TURNOVER_RN(1.0),N_A,MKT_REPO,W,2025,2024,0,2024-04-19,INR,7154873400000
RBI:AVG_TURNOVER_RN(1.0),N_A,TR_BILL_CASH_MNG_BILLS,W,2025,2024,0,2024-04-19,INR,0.0
RBI:AVG_TURNOVER_RN(1.0),N_A,CORPO_REPO,W,2025,2024,0,2024-04-19,INR,34490000000
RBI:AVG_TURNOVER_RN(1.0),N_A,TR_BILL_182_DAY,W,2025,2024,0,2024-04-19,INR,96587855000
RBI:AVG_TURNOVER_RN(1.0),N_A,STATE_GOVT_SEC,W,2025,2024,0,2024-04-19,INR,40700485000
RBI:AVG_TURNOVER_RN(1.0),N_A,FOREX,W,2025,2024,0,2024-04-19,INR,150278000000
RBI:AVG_TURNOVER_RN(1.0),N_A,TERM_MONEY,W,2025,2024,0,2024-04-19,INR,15214900000
RBI:AVG_TURNOVER_RN(1.0),N_A,TR_BILL_91_DAY,W,2025,2024,0,2024-04-19,INR,54153845000
RBI:AVG_TURNOVER_RN(1.0),N_A,TRI_REPO,W,2025,2024,0,2024-04-19,INR,7451113000000
RBI:AVG_TURNOVER_RN(1.0),N_A,TR_BILL_364_DAY,W,2025,2024,0,2024-04-19,INR,33775575000
RBI:AVG_TURNOVER_RN(1.0),N_A,CORPO_REPO,W,2025,2024,0,2024-04-12,INR,32160000000
RBI:AVG_TURNOVER_RN(1.0),N_A,TR_BILL_91_DAY,W,2025,2024,0,2024-04-12,INR,88403073330
RBI:AVG_TURNOVER_RN(1.0),N_A,STATE_GOVT_SEC,W,2025,2024,0,2024-04-12,INR,21070479999.999996
RBI:AVG_TURNOVER_RN(1.0),N_A,GOVT_SEC_RBI,W,2025,2024,0,2024-04-12,INR,35700666670
RBI:AVG_TURNOVER_RN(1.0),N_A,GOVT_SEC,W,2025,2024,0,2024-04-12,INR,590432560000
RBI:AVG_TURNOVER_RN(1.0),N_A,NOTICE_MONEY,W,2025,2024,0,2024-04-12,INR,6207250000
RBI:AVG_TURNOVER_RN(1.0),N_A,CALL_MONEY,W,2025,2024,0,2024-04-12,INR,201785200000
RBI:AVG_TURNOVER_RN(1.0),N_A,FOREX,W,2025,2024,0,2024-04-12,INR,108426000000
RBI:AVG_TURNOVER_RN(1.0),N_A,TR_BILL_CASH_MNG_BILLS,W,2025,2024,0,2024-04-12,INR,0.0
RBI:AVG_TURNOVER_RN(1.0),N_A,TERM_MONEY,W,2025,2024,0,2024-04-12,INR,8835000000
RBI:AVG_TURNOVER_RN(1.0),N_A,MKT_REPO,W,2025,2024,0,2024-04-12,INR,5678445200000
RBI:AVG_TURNOVER_RN(1.0),N_A,TR_BILL_364_DAY,W,2025,2024,0,2024-04-12,INR,27351746670.000004
RBI:AVG_TURNOVER_RN(1.0),N_A,TR_BILL_182_DAY,W,2025,2024,0,2024-04-12,INR,54251139999.99999
RBI:AVG_TURNOVER_RN(1.0),N_A,TRI_REPO,W,2025,2024,0,2024-04-12,INR,5727116250000
RBI:AVG_TURNOVER_RN(1.0),N_A,MKT_REPO,W,2025,2024,0,2024-04-05,INR,6190314480000
RBI:AVG_TURNOVER_RN(1.0),N_A,TR_BILL_CASH_MNG_BILLS,W,2025,2024,0,2024-04-05,INR,0.0
RBI:AVG_TURNOVER_RN(1.0),N_A,TR_BILL_91_DAY,W,2025,2024,0,2024-04-05,INR,95413120000
RBI:AVG_TURNOVER_RN(1.0),N_A,FOREX,W,2025,2024,0,2024-04-05,INR,110741000000
RBI:AVG_TURNOVER_RN(1.0),N_A,TERM_MONEY,W,2025,2024,0,2024-04-05,INR,18101920000
RBI:AVG_TURNOVER_RN(1.0),N_A,STATE_GOVT_SEC,W,2025,2024,0,2024-04-05,INR,50393608000
RBI:AVG_TURNOVER_RN(1.0),N_A,CORPO_REPO,W,2025,2024,0,2024-04-05,INR,80850000000
RBI:AVG_TURNOVER_RN(1.0),N_A,GOVT_SEC_RBI,W,2025,2024,0,2024-04-05,INR,1382240000
RBI:AVG_TURNOVER_RN(1.0),N_A,TRI_REPO,W,2025,2024,0,2024-04-05,INR,6028748200000
RBI:AVG_TURNOVER_RN(1.0),N_A,TR_BILL_182_DAY,W,2025,2024,0,2024-04-05,INR,82655244000
RBI:AVG_TURNOVER_RN(1.0),N_A,GOVT_SEC,W,2025,2024,0,2024-04-05,INR,607605980000
RBI:AVG_TURNOVER_RN(1.0),N_A,CALL_MONEY,W,2025,2024,0,2024-04-05,INR,154439400000
RBI:AVG_TURNOVER_RN(1.0),N_A,TR_BILL_364_DAY,W,2025,2024,0,2024-04-05,INR,42922560000
RBI:AVG_TURNOVER_RN(1.0),N_A,NOTICE_MONEY,W,2025,2024,0,2024-04-05,INR,57008480000
RBI:AVG_TURNOVER_RN(1.0),N_A,TR_BILL_91_DAY,W,2024,2023,0,2024-03-29,INR,139645693300
RBI:AVG_TURNOVER_RN(1.0),N_A,NOTICE_MONEY,W,2024,2023,0,2024-03-29,INR,55530000000
RBI:AVG_TURNOVER_RN(1.0),N_A,TR_BILL_CASH_MNG_BILLS,W,2024,2023,0,2024-03-29,INR,0.0
RBI:AVG_TURNOVER_RN(1.0),N_A,TRI_REPO,W,2024,2023,0,2024-03-29,INR,6344024666666.67
RBI:AVG_TURNOVER_RN(1.0),N_A,FOREX,W,2024,2023,0,2024-03-29,INR,165277000000
RBI:AVG_TURNOVER_RN(1.0),N_A,TERM_MONEY,W,2024,2023,0,2024-03-29,INR,10415333333.333332
RBI:AVG_TURNOVER_RN(1.0),N_A,TR_BILL_182_DAY,W,2024,2023,0,2024-03-29,INR,94696153330
RBI:AVG_TURNOVER_RN(1.0),N_A,CALL_MONEY,W,2024,2023,0,2024-03-29,INR,186833266666.66666
RBI:AVG_TURNOVER_RN(1.0),N_A,GOVT_SEC_RBI,W,2024,2023,0,2024-03-29,INR,3422972025.000001
RBI:AVG_TURNOVER_RN(1.0),N_A,CORPO_REPO,W,2024,2023,0,2024-03-29,INR,26120000000
RBI:AVG_TURNOVER_RN(1.0),N_A,MKT_REPO,W,2024,2023,0,2024-03-29,INR,6617200000000
RBI:AVG_TURNOVER_RN(1.0),N_A,TR_BILL_364_DAY,W,2024,2023,0,2024-03-29,INR,29291640000.000004
RBI:AVG_TURNOVER_RN(1.0),N_A,STATE_GOVT_SEC,W,2024,2023,0,2024-03-29,INR,152320600000
RBI:AVG_TURNOVER_RN(1.0),N_A,GOVT_SEC,W,2024,2023,0,2024-03-29,INR,900537806699.9999
RBI:AVG_TURNOVER_RN(1.0),N_A,TR_BILL_CASH_MNG_BILLS,W,2024,2023,0,2024-03-22,INR,0.0
RBI:AVG_TURNOVER_RN(1.0),N_A,CORPO_REPO,W,2024,2023,0,2024-03-22,INR,34600000000
RBI:AVG_TURNOVER_RN(1.0),N_A,MKT_REPO,W,2024,2023,0,2024-03-22,INR,5794840000000
RBI:AVG_TURNOVER_RN(1.0),N_A,FOREX,W,2024,2023,0,2024-03-22,INR,136534000000
RBI:AVG_TURNOVER_RN(1.0),N_A,TERM_MONEY,W,2024,2023,0,2024-03-22,INR,13517500000
RBI:AVG_TURNOVER_RN(1.0),N_A,TRI_REPO,W,2024,2023,0,2024-03-22,INR,5567975666666.667
RBI:AVG_TURNOVER_RN(1.0),N_A,GOVT_SEC,W,2024,2023,0,2024-03-22,INR,840919972000
RBI:AVG_TURNOVER_RN(1.0),N_A,STATE_GOVT_SEC,W,2024,2023,0,2024-03-22,INR,142353036000
RBI:AVG_TURNOVER_RN(1.0),N_A,TR_BILL_91_DAY,W,2024,2023,0,2024-03-22,INR,69887472000
RBI:AVG_TURNOVER_RN(1.0),N_A,GOVT_SEC_RBI,W,2024,2023,0,2024-03-22,INR,4821146501
RBI:AVG_TURNOVER_RN(1.0),N_A,TR_BILL_364_DAY,W,2024,2023,0,2024-03-22,INR,42227932000
RBI:AVG_TURNOVER_RN(1.0),N_A,NOTICE_MONEY,W,2024,2023,0,2024-03-22,INR,14508333333.333332
RBI:AVG_TURNOVER_RN(1.0),N_A,CALL_MONEY,W,2024,2023,0,2024-03-22,INR,194600000000
RBI:AVG_TURNOVER_RN(1.0),N_A,TR_BILL_182_DAY,W,2024,2023,0,2024-03-22,INR,52325084000
RBI:AVG_TURNOVER_RN(1.0),N_A,TR_BILL_182_DAY,W,2024,2023,0,2024-03-15,INR,51375364000
RBI:AVG_TURNOVER_RN(1.0),N_A,TERM_MONEY,W,2024,2023,0,2024-03-15,INR,9306920000
RBI:AVG_TURNOVER_RN(1.0),N_A,FOREX,W,2024,2023,0,2024-03-15,INR,121529000000
RBI:AVG_TURNOVER_RN(1.0),N_A,GOVT_SEC,W,2024,2023,0,2024-03-15,INR,838396600000
RBI:AVG_TURNOVER_RN(1.0),N_A,TR_BILL_364_DAY,W,2024,2023,0,2024-03-15,INR,38568764000
RBI:AVG_TURNOVER_RN(1.0),N_A,NOTICE_MONEY,W,2024,2023,0,2024-03-15,INR,47411640000
RBI:AVG_TURNOVER_RN(1.0),N_A,STATE_GOVT_SEC,W,2024,2023,0,2024-03-15,INR,190404192000
RBI:AVG_TURNOVER_RN(1.0),N_A,TRI_REPO,W,2024,2023,0,2024-03-15,INR,6994273200000
RBI:AVG_TURNOVER_RN(1.0),N_A,TR_BILL_CASH_MNG_BILLS,W,2024,2023,0,2024-03-15,INR,0.0
RBI:AVG_TURNOVER_RN(1.0),N_A,GOVT_SEC_RBI,W,2024,2023,0,2024-03-15,INR,4579635046
RBI:AVG_TURNOVER_RN(1.0),N_A,TR_BILL_91_DAY,W,2024,2023,0,2024-03-15,INR,44637864000
RBI:AVG_TURNOVER_RN(1.0),N_A,CALL_MONEY,W,2024,2023,0,2024-03-15,INR,201500000000
RBI:AVG_TURNOVER_RN(1.0),N_A,CORPO_REPO,W,2024,2023,0,2024-03-15,INR,48530000000
RBI:AVG_TURNOVER_RN(1.0),N_A,MKT_REPO,W,2024,2023,0,2024-03-15,INR,7021830000000
RBI:AVG_TURNOVER_RN(1.0),N_A,STATE_GOVT_SEC,W,2024,2023,0,2024-03-08,INR,89448655000
RBI:AVG_TURNOVER_RN(1.0),N_A,TR_BILL_91_DAY,W,2024,2023,0,2024-03-08,INR,61745160000
RBI:AVG_TURNOVER_RN(1.0),N_A,GOVT_SEC,W,2024,2023,0,2024-03-08,INR,672749865000
RBI:AVG_TURNOVER_RN(1.0),N_A,TERM_MONEY,W,2024,2023,0,2024-03-08,INR,8389000000
RBI:AVG_TURNOVER_RN(1.0),N_A,CORPO_REPO,W,2024,2023,0,2024-03-08,INR,25530000000
RBI:AVG_TURNOVER_RN(1.0),N_A,TR_BILL_364_DAY,W,2024,2023,0,2024-03-08,INR,27970490000
RBI:AVG_TURNOVER_RN(1.0),N_A,NOTICE_MONEY,W,2024,2023,0,2024-03-08,INR,2612880000
RBI:AVG_TURNOVER_RN(1.0),N_A,TR_BILL_182_DAY,W,2024,2023,0,2024-03-08,INR,44481840000
RBI:AVG_TURNOVER_RN(1.0),N_A,TR_BILL_CASH_MNG_BILLS,W,2024,2023,0,2024-03-08,INR,0.0
RBI:AVG_TURNOVER_RN(1.0),N_A,TRI_REPO,W,2024,2023,0,2024-03-08,INR,5410286800000
RBI:AVG_TURNOVER_RN(1.0),N_A,CALL_MONEY,W,2024,2023,0,2024-03-08,INR,166974720000
RBI:AVG_TURNOVER_RN(1.0),N_A,MKT_REPO,W,2024,2023,0,2024-03-08,INR,5631668000000
RBI:AVG_TURNOVER_RN(1.0),N_A,GOVT_SEC_RBI,W,2024,2023,0,2024-03-08,INR,2782776030
RBI:AVG_TURNOVER_RN(1.0),N_A,FOREX,W,2024,2023,0,2024-03-08,INR,111344000000
RBI:AVG_TURNOVER_RN(1.0),N_A,FOREX,W,2024,2023,0,2024-03-01,INR,122015000000
RBI:AVG_TURNOVER_RN(1.0),N_A,TR_BILL_364_DAY,W,2024,2023,0,2024-03-01,INR,36847360000
RBI:AVG_TURNOVER_RN(1.0),N_A,TRI_REPO,W,2024,2023,0,2024-03-01,INR,7128020000000
RBI:AVG_TURNOVER_RN(1.0),N_A,MKT_REPO,W,2024,2023,0,2024-03-01,INR,6527520000000
RBI:AVG_TURNOVER_RN(1.0),N_A,TR_BILL_91_DAY,W,2024,2023,0,2024-03-01,INR,37397512000
RBI:AVG_TURNOVER_RN(1.0),N_A,TR_BILL_CASH_MNG_BILLS,W,2024,2023,0,2024-03-01,INR,0.0
RBI:AVG_TURNOVER_RN(1.0),N_A,TR_BILL_182_DAY,W,2024,2023,0,2024-03-01,INR,53088548000
RBI:AVG_TURNOVER_RN(1.0),N_A,CALL_MONEY,W,2024,2023,0,2024-03-01,INR,183150000000
RBI:AVG_TURNOVER_RN(1.0),N_A,TERM_MONEY,W,2024,2023,0,2024-03-01,INR,13110000000
RBI:AVG_TURNOVER_RN(1.0),N_A,GOVT_SEC,W,2024,2023,0,2024-03-01,INR,594287772000
RBI:AVG_TURNOVER_RN(1.0),N_A,STATE_GOVT_SEC,W,2024,2023,0,2024-03-01,INR,104271324000
RBI:AVG_TURNOVER_RN(1.0),N_A,GOVT_SEC_RBI,W,2024,2023,0,2024-03-01,INR,7603838992
RBI:AVG_TURNOVER_RN(1.0),N_A,CORPO_REPO,W,2024,2023,0,2024-03-01,INR,26200000000
RBI:AVG_TURNOVER_RN(1.0),N_A,NOTICE_MONEY,W,2024,2023,0,2024-03-01,INR,43610000000
RBI:AVG_TURNOVER_RN(1.0),N_A,TR_BILL_182_DAY,W,2024,2023,0,2024-02-23,INR,68426890000
RBI:AVG_TURNOVER_RN(1.0),N_A,TERM_MONEY,W,2024,2023,0,2024-02-23,INR,7320000000
RBI:AVG_TURNOVER_RN(1.0),N_A,CALL_MONEY,W,2024,2023,0,2024-02-23,INR,190488520000
RBI:AVG_TURNOVER_RN(1.0),N_A,STATE_GOVT_SEC,W,2024,2023,0,2024-02-23,INR,70590085000
RBI:AVG_TURNOVER_RN(1.0),N_A,TR_BILL_364_DAY,W,2024,2023,0,2024-02-23,INR,47842820000
RBI:AVG_TURNOVER_RN(1.0),N_A,GOVT_SEC_RBI,W,2024,2023,0,2024-02-23,INR,2037000000
RBI:AVG_TURNOVER_RN(1.0),N_A,MKT_REPO,W,2024,2023,0,2024-02-23,INR,5319950000000
RBI:AVG_TURNOVER_RN(1.0),N_A,FOREX,W,2024,2023,0,2024-02-23,INR,99179000000
RBI:AVG_TURNOVER_RN(1.0),N_A,CORPO_REPO,W,2024,2023,0,2024-02-23,INR,25110000000
RBI:AVG_TURNOVER_RN(1.0),N_A,TRI_REPO,W,2024,2023,0,2024-02-23,INR,5769414800000
RBI:AVG_TURNOVER_RN(1.0),N_A,TR_BILL_91_DAY,W,2024,2023,0,2024-02-23,INR,37569510000
RBI:AVG_TURNOVER_RN(1.0),N_A,GOVT_SEC,W,2024,2023,0,2024-02-23,INR,1020308850005
RBI:AVG_TURNOVER_RN(1.0),N_A,NOTICE_MONEY,W,2024,2023,0,2024-02-23,INR,3231800000
RBI:AVG_TURNOVER_RN(1.0),N_A,CORPO_REPO,W,2024,2023,0,2024-02-16,INR,25270000000
RBI:AVG_TURNOVER_RN(1.0),N_A,FOREX,W,2024,2023,0,2024-02-16,INR,88318000000
RBI:AVG_TURNOVER_RN(1.0),N_A,STATE_GOVT_SEC,W,2024,2023,0,2024-02-16,INR,65638603999.99999
RBI:AVG_TURNOVER_RN(1.0),N_A,TR_BILL_364_DAY,W,2024,2023,0,2024-02-16,INR,42311932000
RBI:AVG_TURNOVER_RN(1.0),N_A,GOVT_SEC,W,2024,2023,0,2024-02-16,INR,930367548000.4
RBI:AVG_TURNOVER_RN(1.0),N_A,GOVT_SEC_RBI,W,2024,2023,0,2024-02-16,INR,3455040000
RBI:AVG_TURNOVER_RN(1.0),N_A,MKT_REPO,W,2024,2023,0,2024-02-16,INR,6320420000000
RBI:AVG_TURNOVER_RN(1.0),N_A,CALL_MONEY,W,2024,2023,0,2024-02-16,INR,172438120000
RBI:AVG_TURNOVER_RN(1.0),N_A,NOTICE_MONEY,W,2024,2023,0,2024-02-16,INR,47223720000
RBI:AVG_TURNOVER_RN(1.0),N_A,TR_BILL_91_DAY,W,2024,2023,0,2024-02-16,INR,36343404000
RBI:AVG_TURNOVER_RN(1.0),N_A,TR_BILL_182_DAY,W,2024,2023,0,2024-02-16,INR,59511280000
RBI:AVG_TURNOVER_RN(1.0),N_A,TERM_MONEY,W,2024,2023,0,2024-02-16,INR,9565920000
RBI:AVG_TURNOVER_RN(1.0),N_A,TRI_REPO,W,2024,2023,0,2024-02-16,INR,6945767200000
RBI:AVG_TURNOVER_RN(1.0),N_A,TR_BILL_91_DAY,W,2024,2023,0,2024-02-09,INR,34040128000
RBI:AVG_TURNOVER_RN(1.0),N_A,MKT_REPO,W,2024,2023,0,2024-02-09,INR,5629260000000
RBI:AVG_TURNOVER_RN(1.0),N_A,TRI_REPO,W,2024,2023,0,2024-02-09,INR,5343164166666.667
RBI:AVG_TURNOVER_RN(1.0),N_A,TR_BILL_364_DAY,W,2024,2023,0,2024-02-09,INR,20047844000
RBI:AVG_TURNOVER_RN(1.0),N_A,GOVT_SEC_RBI,W,2024,2023,0,2024-02-09,INR,4663120000
RBI:AVG_TURNOVER_RN(1.0),N_A,GOVT_SEC,W,2024,2023,0,2024-02-09,INR,472656544000
RBI:AVG_TURNOVER_RN(1.0),N_A,CORPO_REPO,W,2024,2023,0,2024-02-09,INR,20680000000
RBI:AVG_TURNOVER_RN(1.0),N_A,STATE_GOVT_SEC,W,2024,2023,0,2024-02-09,INR,17759644000
RBI:AVG_TURNOVER_RN(1.0),N_A,TR_BILL_182_DAY,W,2024,2023,0,2024-02-09,INR,34038076000
RBI:AVG_TURNOVER_RN(1.0),N_A,TERM_MONEY,W,2024,2023,0,2024-02-09,INR,4455000000
RBI:AVG_TURNOVER_RN(1.0),N_A,NOTICE_MONEY,W,2024,2023,0,2024-02-09,INR,3202366666.666667
RBI:AVG_TURNOVER_RN(1.0),N_A,FOREX,W,2024,2023,0,2024-02-09,INR,100525000000
RBI:AVG_TURNOVER_RN(1.0),N_A,CALL_MONEY,W,2024,2023,0,2024-02-09,INR,188376733333.33334
RBI:AVG_TURNOVER_RN(1.0),N_A,FOREX,W,2024,2023,0,2024-02-02,INR,112243000000
RBI:AVG_TURNOVER_RN(1.0),N_A,TERM_MONEY,W,2024,2023,0,2024-02-02,INR,14781720000
RBI:AVG_TURNOVER_RN(1.0),N_A,TRI_REPO,W,2024,2023,0,2024-02-02,INR,6873837000000
RBI:AVG_TURNOVER_RN(1.0),N_A,STATE_GOVT_SEC,W,2024,2023,0,2024-02-02,INR,62822692000
RBI:AVG_TURNOVER_RN(1.0),N_A,GOVT_SEC_RBI,W,2024,2023,0,2024-02-02,INR,17051760000
RBI:AVG_TURNOVER_RN(1.0),N_A,NOTICE_MONEY,W,2024,2023,0,2024-02-02,INR,44906120000
RBI:AVG_TURNOVER_RN(1.0),N_A,CORPO_REPO,W,2024,2023,0,2024-02-02,INR,19800000000
RBI:AVG_TURNOVER_RN(1.0),N_A,TR_BILL_364_DAY,W,2024,2023,0,2024-02-02,INR,53705652000
RBI:AVG_TURNOVER_RN(1.0),N_A,MKT_REPO,W,2024,2023,0,2024-02-02,INR,6352750000000
RBI:AVG_TURNOVER_RN(1.0),N_A,TR_BILL_182_DAY,W,2024,2023,0,2024-02-02,INR,28371136000
RBI:AVG_TURNOVER_RN(1.0),N_A,CALL_MONEY,W,2024,2023,0,2024-02-02,INR,194830000000
RBI:AVG_TURNOVER_RN(1.0),N_A,GOVT_SEC,W,2024,2023,0,2024-02-02,INR,1312341828000.7998
RBI:AVG_TURNOVER_RN(1.0),N_A,TR_BILL_91_DAY,W,2024,2023,0,2024-02-02,INR,57964036000
RBI:AVG_TURNOVER_RN(1.0),N_A,GOVT_SEC_RBI,W,2024,2023,0,2024-01-26,INR,728900000.000031
RBI:AVG_TURNOVER_RN(1.0),N_A,TRI_REPO,W,2024,2023,0,2024-01-26,INR,5287100000000
RBI:AVG_TURNOVER_RN(1.0),N_A,GOVT_SEC,W,2024,2023,0,2024-01-26,INR,569996995000
RBI:AVG_TURNOVER_RN(1.0),N_A,MKT_REPO,W,2024,2023,0,2024-01-26,INR,4521650000000
RBI:AVG_TURNOVER_RN(1.0),N_A,FOREX,W,2024,2023,0,2024-01-26,INR,109345000000
RBI:AVG_TURNOVER_RN(1.0),N_A,TR_BILL_182_DAY,W,2024,2023,0,2024-01-26,INR,36985520000
RBI:AVG_TURNOVER_RN(1.0),N_A,TR_BILL_91_DAY,W,2024,2023,0,2024-01-26,INR,31925345000.000004
RBI:AVG_TURNOVER_RN(1.0),N_A,STATE_GOVT_SEC,W,2024,2023,0,2024-01-26,INR,62601240000
RBI:AVG_TURNOVER_RN(1.0),N_A,CORPO_REPO,W,2024,2023,0,2024-01-26,INR,12200000000
RBI:AVG_TURNOVER_RN(1.0),N_A,CALL_MONEY,W,2024,2023,0,2024-01-26,INR,203360000000
RBI:AVG_TURNOVER_RN(1.0),N_A,TERM_MONEY,W,2024,2023,0,2024-01-26,INR,6447500000
RBI:AVG_TURNOVER_RN(1.0),N_A,TR_BILL_364_DAY,W,2024,2023,0,2024-01-26,INR,33568030000
RBI:AVG_TURNOVER_RN(1.0),N_A,NOTICE_MONEY,W,2024,2023,0,2024-01-26,INR,9420300000
RBI:AVG_TURNOVER_RN(1.0),N_A,CORPO_REPO,W,2024,2023,0,2024-01-19,INR,2810000000
RBI:AVG_TURNOVER_RN(1.0),N_A,TRI_REPO,W,2024,2023,0,2024-01-19,INR,7359966200000
RBI:AVG_TURNOVER_RN(1.0),N_A,CALL_MONEY,W,2024,2023,0,2024-01-19,INR,204120000000
RBI:AVG_TURNOVER_RN(1.0),N_A,STATE_GOVT_SEC,W,2024,2023,0,2024-01-19,INR,50098000000
RBI:AVG_TURNOVER_RN(1.0),N_A,TR_BILL_182_DAY,W,2024,2023,0,2024-01-19,INR,66532556000.00001
RBI:AVG_TURNOVER_RN(1.0),N_A,MKT_REPO,W,2024,2023,0,2024-01-19,INR,5823940000000
RBI:AVG_TURNOVER_RN(1.0),N_A,GOVT_SEC_RBI,W,2024,2023,0,2024-01-19,INR,3336599999.99998
RBI:AVG_TURNOVER_RN(1.0),N_A,NOTICE_MONEY,W,2024,2023,0,2024-01-19,INR,44935600000.00001
RBI:AVG_TURNOVER_RN(1.0),N_A,TERM_MONEY,W,2024,2023,0,2024-01-19,INR,11820000000
RBI:AVG_TURNOVER_RN(1.0),N_A,FOREX,W,2024,2023,0,2024-01-19,INR,96967000000
RBI:AVG_TURNOVER_RN(1.0),N_A,GOVT_SEC,W,2024,2023,0,2024-01-19,INR,883310376011.6
RBI:AVG_TURNOVER_RN(1.0),N_A,TR_BILL_364_DAY,W,2024,2023,0,2024-01-19,INR,59896360000.00001
RBI:AVG_TURNOVER_RN(1.0),N_A,TR_BILL_91_DAY,W,2024,2023,0,2024-01-19,INR,33268924000
RBI:AVG_TURNOVER_RN(1.0),N_A,NOTICE_MONEY,W,2024,2023,0,2024-01-12,INR,9700000000
RBI:AVG_TURNOVER_RN(1.0),N_A,FOREX,W,2024,2023,0,2024-01-12,INR,92656000000
RBI:AVG_TURNOVER_RN(1.0),N_A,TR_BILL_91_DAY,W,2024,2023,0,2024-01-12,INR,36899288000
RBI:AVG_TURNOVER_RN(1.0),N_A,TR_BILL_364_DAY,W,2024,2023,0,2024-01-12,INR,29153340000
RBI:AVG_TURNOVER_RN(1.0),N_A,TERM_MONEY,W,2024,2023,0,2024-01-12,INR,7460000000
RBI:AVG_TURNOVER_RN(1.0),N_A,MKT_REPO,W,2024,2023,0,2024-01-12,INR,4581260000000
RBI:AVG_TURNOVER_RN(1.0),N_A,GOVT_SEC_RBI,W,2024,2023,0,2024-01-12,INR,5023560000.00003
RBI:AVG_TURNOVER_RN(1.0),N_A,CORPO_REPO,W,2024,2023,0,2024-01-12,INR,5440000000
RBI:AVG_TURNOVER_RN(1.0),N_A,TRI_REPO,W,2024,2023,0,2024-01-12,INR,6001916166666.671
RBI:AVG_TURNOVER_RN(1.0),N_A,STATE_GOVT_SEC,W,2024,2023,0,2024-01-12,INR,38759372000
RBI:AVG_TURNOVER_RN(1.0),N_A,GOVT_SEC,W,2024,2023,0,2024-01-12,INR,743851704000
RBI:AVG_TURNOVER_RN(1.0),N_A,CALL_MONEY,W,2024,2023,0,2024-01-12,INR,191750000000
RBI:AVG_TURNOVER_RN(1.0),N_A,TR_BILL_182_DAY,W,2024,2023,0,2024-01-12,INR,24319320000
RBI:AVG_TURNOVER_RN(1.0),N_A,TR_BILL_91_DAY,W,2024,2023,0,2024-01-05,INR,53964472000
RBI:AVG_TURNOVER_RN(1.0),N_A,CORPO_REPO,W,2024,2023,0,2024-01-05,INR,2220000000
RBI:AVG_TURNOVER_RN(1.0),N_A,CALL_MONEY,W,2024,2023,0,2024-01-05,INR,146870000000
RBI:AVG_TURNOVER_RN(1.0),N_A,MKT_REPO,W,2024,2023,0,2024-01-05,INR,4794740000000
RBI:AVG_TURNOVER_RN(1.0),N_A,STATE_GOVT_SEC,W,2024,2023,0,2024-01-05,INR,48613256000
RBI:AVG_TURNOVER_RN(1.0),N_A,NOTICE_MONEY,W,2024,2023,0,2024-01-05,INR,36380000000
RBI:AVG_TURNOVER_RN(1.0),N_A,TR_BILL_364_DAY,W,2024,2023,0,2024-01-05,INR,64449656000.00001
RBI:AVG_TURNOVER_RN(1.0),N_A,GOVT_SEC_RBI,W,2024,2023,0,2024-01-05,INR,6181039999.99998
RBI:AVG_TURNOVER_RN(1.0),N_A,GOVT_SEC,W,2024,2023,0,2024-01-05,INR,708832528000
RBI:AVG_TURNOVER_RN(1.0),N_A,FOREX,W,2024,2023,0,2024-01-05,INR,74518000000
RBI:AVG_TURNOVER_RN(1.0),N_A,TR_BILL_182_DAY,W,2024,2023,0,2024-01-05,INR,58732360000
RBI:AVG_TURNOVER_RN(1.0),N_A,TERM_MONEY,W,2024,2023,0,2024-01-05,INR,8811666666.666668
RBI:AVG_TURNOVER_RN(1.0),N_A,TRI_REPO,W,2024,2023,0,2024-01-05,INR,6051626833333.333
RBI:AVG_TURNOVER_RN(1.0),N_A,TR_BILL_182_DAY,W,2024,2023,0,2023-12-29,INR,53388575000
RBI:AVG_TURNOVER_RN(1.0),N_A,TERM_MONEY,W,2024,2023,0,2023-12-29,INR,5980000000
RBI:AVG_TURNOVER_RN(1.0),N_A,STATE_GOVT_SEC,W,2024,2023,0,2023-12-29,INR,66397395000
RBI:AVG_TURNOVER_RN(1.0),N_A,CORPO_REPO,W,2024,2023,0,2023-12-29,INR,12070000000
RBI:AVG_TURNOVER_RN(1.0),N_A,TR_BILL_91_DAY,W,2024,2023,0,2023-12-29,INR,76613055000
RBI:AVG_TURNOVER_RN(1.0),N_A,TRI_REPO,W,2024,2023,0,2023-12-29,INR,7087140000000
RBI:AVG_TURNOVER_RN(1.0),N_A,MKT_REPO,W,2024,2023,0,2023-12-29,INR,5124360000000
RBI:AVG_TURNOVER_RN(1.0),N_A,GOVT_SEC_RBI,W,2024,2023,0,2023-12-29,INR,460000000
RBI:AVG_TURNOVER_RN(1.0),N_A,FOREX,W,2024,2023,0,2023-12-29,INR,121622000000
RBI:AVG_TURNOVER_RN(1.0),N_A,TR_BILL_364_DAY,W,2024,2023,0,2023-12-29,INR,56231275000
RBI:AVG_TURNOVER_RN(1.0),N_A,NOTICE_MONEY,W,2024,2023,0,2023-12-29,INR,52378800000
RBI:AVG_TURNOVER_RN(1.0),N_A,GOVT_SEC,W,2024,2023,0,2023-12-29,INR,520219325000
RBI:AVG_TURNOVER_RN(1.0),N_A,CALL_MONEY,W,2024,2023,0,2023-12-29,INR,172850000000
RBI:AVG_TURNOVER_RN(1.0),N_A,TERM_MONEY,W,2024,2023,0,2023-12-22,INR,6976666666.666667
RBI:AVG_TURNOVER_RN(1.0),N_A,TR_BILL_364_DAY,W,2024,2023,0,2023-12-22,INR,43451400000
RBI:AVG_TURNOVER_RN(1.0),N_A,GOVT_SEC,W,2024,2023,0,2023-12-22,INR,994054528000
RBI:AVG_TURNOVER_RN(1.0),N_A,GOVT_SEC_RBI,W,2024,2023,0,2023-12-22,INR,5350000000
RBI:AVG_TURNOVER_RN(1.0),N_A,FOREX,W,2024,2023,0,2023-12-22,INR,87077000000
RBI:AVG_TURNOVER_RN(1.0),N_A,TRI_REPO,W,2024,2023,0,2023-12-22,INR,6037460833333.333
RBI:AVG_TURNOVER_RN(1.0),N_A,TR_BILL_91_DAY,W,2024,2023,0,2023-12-22,INR,40491268000
RBI:AVG_TURNOVER_RN(1.0),N_A,NOTICE_MONEY,W,2024,2023,0,2023-12-22,INR,3941333333.333333
RBI:AVG_TURNOVER_RN(1.0),N_A,TR_BILL_182_DAY,W,2024,2023,0,2023-12-22,INR,26480760000
RBI:AVG_TURNOVER_RN(1.0),N_A,CORPO_REPO,W,2024,2023,0,2023-12-22,INR,20710000000
RBI:AVG_TURNOVER_RN(1.0),N_A,CALL_MONEY,W,2024,2023,0,2023-12-22,INR,198140000000
RBI:AVG_TURNOVER_RN(1.0),N_A,STATE_GOVT_SEC,W,2024,2023,0,2023-12-22,INR,84756804000
RBI:AVG_TURNOVER_RN(1.0),N_A,MKT_REPO,W,2024,2023,0,2023-12-22,INR,4674140000000
RBI:AVG_TURNOVER_RN(1.0),N_A,GOVT_SEC,W,2024,2023,0,2023-12-15,INR,910576724019.2
RBI:AVG_TURNOVER_RN(1.0),N_A,STATE_GOVT_SEC,W,2024,2023,0,2023-12-15,INR,73970468000
RBI:AVG_TURNOVER_RN(1.0),N_A,TRI_REPO,W,2024,2023,0,2023-12-15,INR,7081150800000
RBI:AVG_TURNOVER_RN(1.0),N_A,NOTICE_MONEY,W,2024,2023,0,2023-12-15,INR,52760000000
RBI:AVG_TURNOVER_RN(1.0),N_A,TR_BILL_364_DAY,W,2024,2023,0,2023-12-15,INR,37993936000
RBI:AVG_TURNOVER_RN(1.0),N_A,GOVT_SEC_RBI,W,2024,2023,0,2023-12-15,INR,2540000000
RBI:AVG_TURNOVER_RN(1.0),N_A,TR_BILL_91_DAY,W,2024,2023,0,2023-12-15,INR,41509508000
RBI:AVG_TURNOVER_RN(1.0),N_A,CALL_MONEY,W,2024,2023,0,2023-12-15,INR,193990000000
RBI:AVG_TURNOVER_RN(1.0),N_A,CORPO_REPO,W,2024,2023,0,2023-12-15,INR,6200000000
RBI:AVG_TURNOVER_RN(1.0),N_A,TR_BILL_182_DAY,W,2024,2023,0,2023-12-15,INR,30243060000
RBI:AVG_TURNOVER_RN(1.0),N_A,MKT_REPO,W,2024,2023,0,2023-12-15,INR,6178020000000
RBI:AVG_TURNOVER_RN(1.0),N_A,FOREX,W,2024,2023,0,2023-12-15,INR,89151000000
RBI:AVG_TURNOVER_RN(1.0),N_A,TERM_MONEY,W,2024,2023,0,2023-12-15,INR,11726000000
RBI:AVG_TURNOVER_RN(1.0),N_A,TERM_MONEY,W,2024,2023,0,2023-12-08,INR,4782500000
RBI:AVG_TURNOVER_RN(1.0),N_A,NOTICE_MONEY,W,2024,2023,0,2023-12-08,INR,7036000000
RBI:AVG_TURNOVER_RN(1.0),N_A,CALL_MONEY,W,2024,2023,0,2023-12-08,INR,198060000000
RBI:AVG_TURNOVER_RN(1.0),N_A,TR_BILL_91_DAY,W,2024,2023,0,2023-12-08,INR,30341100000
RBI:AVG_TURNOVER_RN(1.0),N_A,STATE_GOVT_SEC,W,2024,2023,0,2023-12-08,INR,38523696000
RBI:AVG_TURNOVER_RN(1.0),N_A,TR_BILL_182_DAY,W,2024,2023,0,2023-12-08,INR,34003232000
RBI:AVG_TURNOVER_RN(1.0),N_A,GOVT_SEC,W,2024,2023,0,2023-12-08,INR,604558812015.2
RBI:AVG_TURNOVER_RN(1.0),N_A,TR_BILL_364_DAY,W,2024,2023,0,2023-12-08,INR,57848084000
RBI:AVG_TURNOVER_RN(1.0),N_A,MKT_REPO,W,2024,2023,0,2023-12-08,INR,5285260000000
RBI:AVG_TURNOVER_RN(1.0),N_A,FOREX,W,2024,2023,0,2023-12-08,INR,74088000000
RBI:AVG_TURNOVER_RN(1.0),N_A,TRI_REPO,W,2024,2023,0,2023-12-08,INR,6346793833333.333
RBI:AVG_TURNOVER_RN(1.0),N_A,CORPO_REPO,W,2024,2023,0,2023-12-08,INR,8380000000
RBI:AVG_TURNOVER_RN(1.0),N_A,GOVT_SEC_RBI,W,2024,2023,0,2023-12-08,INR,3580000000
RBI:AVG_TURNOVER_RN(1.0),N_A,GOVT_SEC_RBI,W,2024,2023,0,2023-12-01,INR,9860000000
RBI:AVG_TURNOVER_RN(1.0),N_A,CALL_MONEY,W,2024,2023,0,2023-12-01,INR,174690000000
RBI:AVG_TURNOVER_RN(1.0),N_A,TR_BILL_182_DAY,W,2024,2023,0,2023-12-01,INR,44945085000
RBI:AVG_TURNOVER_RN(1.0),N_A,NOTICE_MONEY,W,2024,2023,0,2023-12-01,INR,89563350000
RBI:AVG_TURNOVER_RN(1.0),N_A,STATE_GOVT_SEC,W,2024,2023,0,2023-12-01,INR,35804485000
RBI:AVG_TURNOVER_RN(1.0),N_A,GOVT_SEC,W,2024,2023,0,2023-12-01,INR,625921155030.5
RBI:AVG_TURNOVER_RN(1.0),N_A,FOREX,W,2024,2023,0,2023-12-01,INR,106187000000
RBI:AVG_TURNOVER_RN(1.0),N_A,MKT_REPO,W,2024,2023,0,2023-12-01,INR,6209180000000
RBI:AVG_TURNOVER_RN(1.0),N_A,TERM_MONEY,W,2024,2023,0,2023-12-01,INR,17677500000
RBI:AVG_TURNOVER_RN(1.0),N_A,TR_BILL_364_DAY,W,2024,2023,0,2023-12-01,INR,39544690000
RBI:AVG_TURNOVER_RN(1.0),N_A,CORPO_REPO,W,2024,2023,0,2023-12-01,INR,6750000000
RBI:AVG_TURNOVER_RN(1.0),N_A,TR_BILL_91_DAY,W,2024,2023,0,2023-12-01,INR,12933895000
RBI:AVG_TURNOVER_RN(1.0),N_A,TRI_REPO,W,2024,2023,0,2023-12-01,INR,7409707000000
RBI:AVG_TURNOVER_RN(1.0),N_A,GOVT_SEC_RBI,W,2024,2023,0,2023-11-24,INR,26400000000
RBI:AVG_TURNOVER_RN(1.0),N_A,TRI_REPO,W,2024,2023,0,2023-11-24,INR,5848091333333.333
RBI:AVG_TURNOVER_RN(1.0),N_A,CORPO_REPO,W,2024,2023,0,2023-11-24,INR,8790000000
RBI:AVG_TURNOVER_RN(1.0),N_A,TR_BILL_182_DAY,W,2024,2023,0,2023-11-24,INR,22495836000
RBI:AVG_TURNOVER_RN(1.0),N_A,MKT_REPO,W,2024,2023,0,2023-11-24,INR,5186920000000
RBI:AVG_TURNOVER_RN(1.0),N_A,NOTICE_MONEY,W,2024,2023,0,2023-11-24,INR,1757000000
RBI:AVG_TURNOVER_RN(1.0),N_A,GOVT_SEC,W,2024,2023,0,2023-11-24,INR,689858280003.2
RBI:AVG_TURNOVER_RN(1.0),N_A,TERM_MONEY,W,2024,2023,0,2023-11-24,INR,17400833333.333332
RBI:AVG_TURNOVER_RN(1.0),N_A,TR_BILL_364_DAY,W,2024,2023,0,2023-11-24,INR,30983952000
RBI:AVG_TURNOVER_RN(1.0),N_A,TR_BILL_91_DAY,W,2024,2023,0,2023-11-24,INR,49681588000
RBI:AVG_TURNOVER_RN(1.0),N_A,FOREX,W,2024,2023,0,2023-11-24,INR,77712000000
RBI:AVG_TURNOVER_RN(1.0),N_A,STATE_GOVT_SEC,W,2024,2023,0,2023-11-24,INR,24836308000
RBI:AVG_TURNOVER_RN(1.0),N_A,CALL_MONEY,W,2024,2023,0,2023-11-24,INR,202497300000
RBI:AVG_TURNOVER_RN(1.0),N_A,NOTICE_MONEY,W,2024,2023,0,2023-11-17,INR,55440000000
RBI:AVG_TURNOVER_RN(1.0),N_A,TR_BILL_364_DAY,W,2024,2023,0,2023-11-17,INR,24204095000
RBI:AVG_TURNOVER_RN(1.0),N_A,TR_BILL_182_DAY,W,2024,2023,0,2023-11-17,INR,25531125000
RBI:AVG_TURNOVER_RN(1.0),N_A,STATE_GOVT_SEC,W,2024,2023,0,2023-11-17,INR,35390625000
RBI:AVG_TURNOVER_RN(1.0),N_A,CALL_MONEY,W,2024,2023,0,2023-11-17,INR,158960000000
RBI:AVG_TURNOVER_RN(1.0),N_A,FOREX,W,2024,2023,0,2023-11-17,INR,73070000000
RBI:AVG_TURNOVER_RN(1.0),N_A,TRI_REPO,W,2024,2023,0,2023-11-17,INR,6587290000000
RBI:AVG_TURNOVER_RN(1.0),N_A,CORPO_REPO,W,2024,2023,0,2023-11-17,INR,58980000000
RBI:AVG_TURNOVER_RN(1.0),N_A,GOVT_SEC_RBI,W,2024,2023,0,2023-11-17,INR,870000000
RBI:AVG_TURNOVER_RN(1.0),N_A,GOVT_SEC,W,2024,2023,0,2023-11-17,INR,508120980000
RBI:AVG_TURNOVER_RN(1.0),N_A,TR_BILL_91_DAY,W,2024,2023,0,2023-11-17,INR,64943440000
RBI:AVG_TURNOVER_RN(1.0),N_A,TERM_MONEY,W,2024,2023,0,2023-11-17,INR,9430000000
RBI:AVG_TURNOVER_RN(1.0),N_A,MKT_REPO,W,2024,2023,0,2023-11-17,INR,5915450000000
RBI:AVG_TURNOVER_RN(1.0),N_A,CORPO_REPO,W,2024,2023,0,2023-11-10,INR,48810000000
RBI:AVG_TURNOVER_RN(1.0),N_A,GOVT_SEC_RBI,W,2024,2023,0,2023-11-10,INR,3560000000
RBI:AVG_TURNOVER_RN(1.0),N_A,FOREX,W,2024,2023,0,2023-11-10,INR,77039000000
RBI:AVG_TURNOVER_RN(1.0),N_A,NOTICE_MONEY,W,2024,2023,0,2023-11-10,INR,4461100000
RBI:AVG_TURNOVER_RN(1.0),N_A,CALL_MONEY,W,2024,2023,0,2023-11-10,INR,181710000000
RBI:AVG_TURNOVER_RN(1.0),N_A,TR_BILL_182_DAY,W,2024,2023,0,2023-11-10,INR,64546636000
RBI:AVG_TURNOVER_RN(1.0),N_A,GOVT_SEC,W,2024,2023,0,2023-11-10,INR,813372496008
RBI:AVG_TURNOVER_RN(1.0),N_A,STATE_GOVT_SEC,W,2024,2023,0,2023-11-10,INR,54318824000
RBI:AVG_TURNOVER_RN(1.0),N_A,MKT_REPO,W,2024,2023,0,2023-11-10,INR,4653370000000
RBI:AVG_TURNOVER_RN(1.0),N_A,TERM_MONEY,W,2024,2023,0,2023-11-10,INR,13404166666.666668
RBI:AVG_TURNOVER_RN(1.0),N_A,TRI_REPO,W,2024,2023,0,2023-11-10,INR,5137180000000
RBI:AVG_TURNOVER_RN(1.0),N_A,TR_BILL_91_DAY,W,2024,2023,0,2023-11-10,INR,53698712000
RBI:AVG_TURNOVER_RN(1.0),N_A,TR_BILL_364_DAY,W,2024,2023,0,2023-11-10,INR,50150748000
RBI:AVG_TURNOVER_RN(1.0),N_A,NOTICE_MONEY,W,2024,2023,0,2023-11-03,INR,42570000000
RBI:AVG_TURNOVER_RN(1.0),N_A,TR_BILL_182_DAY,W,2024,2023,0,2023-11-03,INR,33909096000
RBI:AVG_TURNOVER_RN(1.0),N_A,TRI_REPO,W,2024,2023,0,2023-11-03,INR,6625340000000
RBI:AVG_TURNOVER_RN(1.0),N_A,CALL_MONEY,W,2024,2023,0,2023-11-03,INR,187670000000
RBI:AVG_TURNOVER_RN(1.0),N_A,MKT_REPO,W,2024,2023,0,2023-11-03,INR,5814980000000
RBI:AVG_TURNOVER_RN(1.0),N_A,TR_BILL_91_DAY,W,2024,2023,0,2023-11-03,INR,40532032000
RBI:AVG_TURNOVER_RN(1.0),N_A,TR_BILL_364_DAY,W,2024,2023,0,2023-11-03,INR,16451900000
RBI:AVG_TURNOVER_RN(1.0),N_A,TERM_MONEY,W,2024,2023,0,2023-11-03,INR,5320000000
RBI:AVG_TURNOVER_RN(1.0),N_A,STATE_GOVT_SEC,W,2024,2023,0,2023-11-03,INR,49487468000
RBI:AVG_TURNOVER_RN(1.0),N_A,GOVT_SEC,W,2024,2023,0,2023-11-03,INR,481363332002.4
RBI:AVG_TURNOVER_RN(1.0),N_A,GOVT_SEC_RBI,W,2024,2023,0,2023-11-03,INR,300000000
RBI:AVG_TURNOVER_RN(1.0),N_A,CORPO_REPO,W,2024,2023,0,2023-11-03,INR,13740000000
RBI:AVG_TURNOVER_RN(1.0),N_A,FOREX,W,2024,2023,0,2023-11-03,INR,80287000000
RBI:AVG_TURNOVER_RN(1.0),N_A,MKT_REPO,W,2024,2023,0,2023-10-27,INR,4838080000000
RBI:AVG_TURNOVER_RN(1.0),N_A,GOVT_SEC,W,2024,2023,0,2023-10-27,INR,510938885000
RBI:AVG_TURNOVER_RN(1.0),N_A,TR_BILL_364_DAY,W,2024,2023,0,2023-10-27,INR,18371860000
RBI:AVG_TURNOVER_RN(1.0),N_A,TR_BILL_182_DAY,W,2024,2023,0,2023-10-27,INR,53727524999.99999
RBI:AVG_TURNOVER_RN(1.0),N_A,CORPO_REPO,W,2024,2023,0,2023-10-27,INR,10960000000
RBI:AVG_TURNOVER_RN(1.0),N_A,TR_BILL_91_DAY,W,2024,2023,0,2023-10-27,INR,49675030000
RBI:AVG_TURNOVER_RN(1.0),N_A,CALL_MONEY,W,2024,2023,0,2023-10-27,INR,166510000000
RBI:AVG_TURNOVER_RN(1.0),N_A,TERM_MONEY,W,2024,2023,0,2023-10-27,INR,9354000000
RBI:AVG_TURNOVER_RN(1.0),N_A,GOVT_SEC_RBI,W,2024,2023,0,2023-10-27,INR,7131799999.999999
RBI:AVG_TURNOVER_RN(1.0),N_A,TRI_REPO,W,2024,2023,0,2023-10-27,INR,5689269800000
RBI:AVG_TURNOVER_RN(1.0),N_A,STATE_GOVT_SEC,W,2024,2023,0,2023-10-27,INR,24225840000
RBI:AVG_TURNOVER_RN(1.0),N_A,NOTICE_MONEY,W,2024,2023,0,2023-10-27,INR,3362200000
RBI:AVG_TURNOVER_RN(1.0),N_A,FOREX,W,2024,2023,0,2023-10-27,INR,84618000000
RBI:AVG_TURNOVER_RN(1.0),N_A,TR_BILL_91_DAY,W,2024,2023,0,2023-10-20,INR,21137900000
RBI:AVG_TURNOVER_RN(1.0),N_A,GOVT_SEC_RBI,W,2024,2023,0,2023-10-20,INR,12216720000
RBI:AVG_TURNOVER_RN(1.0),N_A,STATE_GOVT_SEC,W,2024,2023,0,2023-10-20,INR,29841927999.999996
RBI:AVG_TURNOVER_RN(1.0),N_A,CALL_MONEY,W,2024,2023,0,2023-10-20,INR,176170000000
RBI:AVG_TURNOVER_RN(1.0),N_A,TR_BILL_364_DAY,W,2024,2023,0,2023-10-20,INR,19981272000
RBI:AVG_TURNOVER_RN(1.0),N_A,FOREX,W,2024,2023,0,2023-10-20,INR,78484000000
RBI:AVG_TURNOVER_RN(1.0),N_A,NOTICE_MONEY,W,2024,2023,0,2023-10-20,INR,36460000000
RBI:AVG_TURNOVER_RN(1.0),N_A,GOVT_SEC,W,2024,2023,0,2023-10-20,INR,536538912000
RBI:AVG_TURNOVER_RN(1.0),N_A,CORPO_REPO,W,2024,2023,0,2023-10-20,INR,8350000000
RBI:AVG_TURNOVER_RN(1.0),N_A,TR_BILL_182_DAY,W,2024,2023,0,2023-10-20,INR,15717480000
RBI:AVG_TURNOVER_RN(1.0),N_A,TRI_REPO,W,2024,2023,0,2023-10-20,INR,7230830000000
RBI:AVG_TURNOVER_RN(1.0),N_A,TERM_MONEY,W,2024,2023,0,2023-10-20,INR,3904000000
RBI:AVG_TURNOVER_RN(1.0),N_A,MKT_REPO,W,2024,2023,0,2023-10-20,INR,6044150000000
RBI:AVG_TURNOVER_RN(1.0),N_A,TERM_MONEY,W,2024,2023,0,2023-10-13,INR,5944166666.666667
RBI:AVG_TURNOVER_RN(1.0),N_A,CORPO_REPO,W,2024,2023,0,2023-10-13,INR,5480000000
RBI:AVG_TURNOVER_RN(1.0),N_A,TR_BILL_91_DAY,W,2024,2023,0,2023-10-13,INR,56182200000
RBI:AVG_TURNOVER_RN(1.0),N_A,GOVT_SEC_RBI,W,2024,2023,0,2023-10-13,INR,5438320000
RBI:AVG_TURNOVER_RN(1.0),N_A,GOVT_SEC,W,2024,2023,0,2023-10-13,INR,913703456000
RBI:AVG_TURNOVER_RN(1.0),N_A,TR_BILL_182_DAY,W,2024,2023,0,2023-10-13,INR,32283844000
RBI:AVG_TURNOVER_RN(1.0),N_A,CALL_MONEY,W,2024,2023,0,2023-10-13,INR,167380000000
RBI:AVG_TURNOVER_RN(1.0),N_A,MKT_REPO,W,2024,2023,0,2023-10-13,INR,4590030000000
RBI:AVG_TURNOVER_RN(1.0),N_A,NOTICE_MONEY,W,2024,2023,0,2023-10-13,INR,4448166666.666667
RBI:AVG_TURNOVER_RN(1.0),N_A,TRI_REPO,W,2024,2023,0,2023-10-13,INR,6300047333333.333
RBI:AVG_TURNOVER_RN(1.0),N_A,TR_BILL_364_DAY,W,2024,2023,0,2023-10-13,INR,38137668000
RBI:AVG_TURNOVER_RN(1.0),N_A,FOREX,W,2024,2023,0,2023-10-13,INR,75624000000
RBI:AVG_TURNOVER_RN(1.0),N_A,STATE_GOVT_SEC,W,2024,2023,0,2023-10-13,INR,23265796000
RBI:AVG_TURNOVER_RN(1.0),N_A,FOREX,W,2024,2023,0,2023-10-06,INR,81779000000
RBI:AVG_TURNOVER_RN(1.0),N_A,TR_BILL_91_DAY,W,2024,2023,0,2023-10-06,INR,8164750000
RBI:AVG_TURNOVER_RN(1.0),N_A,GOVT_SEC,W,2024,2023,0,2023-10-06,INR,350954545000
RBI:AVG_TURNOVER_RN(1.0),N_A,NOTICE_MONEY,W,2024,2023,0,2023-10-06,INR,39030720000
RBI:AVG_TURNOVER_RN(1.0),N_A,TR_BILL_182_DAY,W,2024,2023,0,2023-10-06,INR,9692500000
RBI:AVG_TURNOVER_RN(1.0),N_A,CALL_MONEY,W,2024,2023,0,2023-10-06,INR,140998160000
RBI:AVG_TURNOVER_RN(1.0),N_A,TERM_MONEY,W,2024,2023,0,2023-10-06,INR,10730000000
RBI:AVG_TURNOVER_RN(1.0),N_A,STATE_GOVT_SEC,W,2024,2023,0,2023-10-06,INR,38332570000
RBI:AVG_TURNOVER_RN(1.0),N_A,TRI_REPO,W,2024,2023,0,2023-10-06,INR,5972991800000
RBI:AVG_TURNOVER_RN(1.0),N_A,TR_BILL_364_DAY,W,2024,2023,0,2023-10-06,INR,23185930000
RBI:AVG_TURNOVER_RN(1.0),N_A,MKT_REPO,W,2024,2023,0,2023-10-06,INR,4306420000000
RBI:AVG_TURNOVER_RN(1.0),N_A,CORPO_REPO,W,2024,2023,0,2023-10-06,INR,3700000000
RBI:AVG_TURNOVER_RN(1.0),N_A,GOVT_SEC_RBI,W,2024,2023,0,2023-10-06,INR,1605800000
RBI:AVG_TURNOVER_RN(1.0),N_A,TERM_MONEY,W,2024,2023,0,2023-09-29,INR,3120000000
RBI:AVG_TURNOVER_RN(1.0),N_A,MKT_REPO,W,2024,2023,0,2023-09-29,INR,4448180000000
RBI:AVG_TURNOVER_RN(1.0),N_A,STATE_GOVT_SEC,W,2024,2023,0,2023-09-29,INR,84064200000
RBI:AVG_TURNOVER_RN(1.0),N_A,TR_BILL_91_DAY,W,2024,2023,0,2023-09-29,INR,66449250000
RBI:AVG_TURNOVER_RN(1.0),N_A,TRI_REPO,W,2024,2023,0,2023-09-29,INR,5593480000000
RBI:AVG_TURNOVER_RN(1.0),N_A,NOTICE_MONEY,W,2024,2023,0,2023-09-29,INR,42950000000
RBI:AVG_TURNOVER_RN(1.0),N_A,CALL_MONEY,W,2024,2023,0,2023-09-29,INR,133253800000
RBI:AVG_TURNOVER_RN(1.0),N_A,TR_BILL_364_DAY,W,2024,2023,0,2023-09-29,INR,29363625000
RBI:AVG_TURNOVER_RN(1.0),N_A,FOREX,W,2024,2023,0,2023-09-29,INR,106919000000
RBI:AVG_TURNOVER_RN(1.0),N_A,CORPO_REPO,W,2024,2023,0,2023-09-29,INR,1520000000
RBI:AVG_TURNOVER_RN(1.0),N_A,GOVT_SEC_RBI,W,2024,2023,0,2023-09-29,INR,5600350000
RBI:AVG_TURNOVER_RN(1.0),N_A,TR_BILL_182_DAY,W,2024,2023,0,2023-09-29,INR,63110875000
RBI:AVG_TURNOVER_RN(1.0),N_A,GOVT_SEC,W,2024,2023,0,2023-09-29,INR,1170865860000
RBI:AVG_TURNOVER_RN(1.0),N_A,TR_BILL_182_DAY,W,2024,2023,0,2023-09-22,INR,85187935000
RBI:AVG_TURNOVER_RN(1.0),N_A,FOREX,W,2024,2023,0,2023-09-22,INR,98929000000
RBI:AVG_TURNOVER_RN(1.0),N_A,NOTICE_MONEY,W,2024,2023,0,2023-09-22,INR,7256800000
RBI:AVG_TURNOVER_RN(1.0),N_A,GOVT_SEC,W,2024,2023,0,2023-09-22,INR,1068009140000
RBI:AVG_TURNOVER_RN(1.0),N_A,MKT_REPO,W,2024,2023,0,2023-09-22,INR,4854730000000
RBI:AVG_TURNOVER_RN(1.0),N_A,GOVT_SEC_RBI,W,2024,2023,0,2023-09-22,INR,21607150000
RBI:AVG_TURNOVER_RN(1.0),N_A,TERM_MONEY,W,2024,2023,0,2023-09-22,INR,6379000000
RBI:AVG_TURNOVER_RN(1.0),N_A,CALL_MONEY,W,2024,2023,0,2023-09-22,INR,137382280000
RBI:AVG_TURNOVER_RN(1.0),N_A,TRI_REPO,W,2024,2023,0,2023-09-22,INR,5679073200000
RBI:AVG_TURNOVER_RN(1.0),N_A,TR_BILL_364_DAY,W,2024,2023,0,2023-09-22,INR,19951875000
RBI:AVG_TURNOVER_RN(1.0),N_A,CORPO_REPO,W,2024,2023,0,2023-09-22,INR,15740000000
RBI:AVG_TURNOVER_RN(1.0),N_A,STATE_GOVT_SEC,W,2024,2023,0,2023-09-22,INR,27093860000
RBI:AVG_TURNOVER_RN(1.0),N_A,TR_BILL_91_DAY,W,2024,2023,0,2023-09-22,INR,56647170000
RBI:AVG_TURNOVER_RN(1.0),N_A,TR_BILL_364_DAY,W,2024,2023,0,2023-09-15,INR,9151536000
RBI:AVG_TURNOVER_RN(1.0),N_A,STATE_GOVT_SEC,W,2024,2023,0,2023-09-15,INR,23967304000
RBI:AVG_TURNOVER_RN(1.0),N_A,CALL_MONEY,W,2024,2023,0,2023-09-15,INR,156260000000
RBI:AVG_TURNOVER_RN(1.0),N_A,FOREX,W,2024,2023,0,2023-09-15,INR,89985000000
RBI:AVG_TURNOVER_RN(1.0),N_A,NOTICE_MONEY,W,2024,2023,0,2023-09-15,INR,43506400000
RBI:AVG_TURNOVER_RN(1.0),N_A,TR_BILL_182_DAY,W,2024,2023,0,2023-09-15,INR,36142500000
RBI:AVG_TURNOVER_RN(1.0),N_A,GOVT_SEC_RBI,W,2024,2023,0,2023-09-15,INR,6421799999.999999
RBI:AVG_TURNOVER_RN(1.0),N_A,GOVT_SEC,W,2024,2023,0,2023-09-15,INR,963604888000.0001
RBI:AVG_TURNOVER_RN(1.0),N_A,TRI_REPO,W,2024,2023,0,2023-09-15,INR,7428991000000
RBI:AVG_TURNOVER_RN(1.0),N_A,TERM_MONEY,W,2024,2023,0,2023-09-15,INR,13880000000
RBI:AVG_TURNOVER_RN(1.0),N_A,TR_BILL_91_DAY,W,2024,2023,0,2023-09-15,INR,39714340000
RBI:AVG_TURNOVER_RN(1.0),N_A,CORPO_REPO,W,2024,2023,0,2023-09-15,INR,14960000000
RBI:AVG_TURNOVER_RN(1.0),N_A,MKT_REPO,W,2024,2023,0,2023-09-15,INR,5808150000000
RBI:AVG_TURNOVER_RN(1.0),N_A,GOVT_SEC_RBI,W,2024,2023,0,2023-09-08,INR,3803880000
RBI:AVG_TURNOVER_RN(1.0),N_A,TR_BILL_182_DAY,W,2024,2023,0,2023-09-08,INR,52694907999.99999
RBI:AVG_TURNOVER_RN(1.0),N_A,TRI_REPO,W,2024,2023,0,2023-09-08,INR,6011783000000
RBI:AVG_TURNOVER_RN(1.0),N_A,CALL_MONEY,W,2024,2023,0,2023-09-08,INR,158206500000
RBI:AVG_TURNOVER_RN(1.0),N_A,FOREX,W,2024,2023,0,2023-09-08,INR,95814000000
RBI:AVG_TURNOVER_RN(1.0),N_A,CORPO_REPO,W,2024,2023,0,2023-09-08,INR,30510000000
RBI:AVG_TURNOVER_RN(1.0),N_A,GOVT_SEC,W,2024,2023,0,2023-09-08,INR,906475472100
RBI:AVG_TURNOVER_RN(1.0),N_A,TR_BILL_91_DAY,W,2024,2023,0,2023-09-08,INR,42090892000
RBI:AVG_TURNOVER_RN(1.0),N_A,NOTICE_MONEY,W,2024,2023,0,2023-09-08,INR,14596666666.666668
RBI:AVG_TURNOVER_RN(1.0),N_A,MKT_REPO,W,2024,2023,0,2023-09-08,INR,5095960000000
RBI:AVG_TURNOVER_RN(1.0),N_A,TR_BILL_364_DAY,W,2024,2023,0,2023-09-08,INR,21797504000
RBI:AVG_TURNOVER_RN(1.0),N_A,STATE_GOVT_SEC,W,2024,2023,0,2023-09-08,INR,31980160000
RBI:AVG_TURNOVER_RN(1.0),N_A,TERM_MONEY,W,2024,2023,0,2023-09-08,INR,5894166666.666667
RBI:AVG_TURNOVER_RN(1.0),N_A,STATE_GOVT_SEC,W,2024,2023,0,2023-09-01,INR,32682588000
RBI:AVG_TURNOVER_RN(1.0),N_A,FOREX,W,2024,2023,0,2023-09-01,INR,98764000000
RBI:AVG_TURNOVER_RN(1.0),N_A,CORPO_REPO,W,2024,2023,0,2023-09-01,INR,34380000000
RBI:AVG_TURNOVER_RN(1.0),N_A,TR_BILL_364_DAY,W,2024,2023,0,2023-09-01,INR,18312528000
RBI:AVG_TURNOVER_RN(1.0),N_A,TRI_REPO,W,2024,2023,0,2023-09-01,INR,7383839000000
RBI:AVG_TURNOVER_RN(1.0),N_A,TR_BILL_91_DAY,W,2024,2023,0,2023-09-01,INR,56276136000
RBI:AVG_TURNOVER_RN(1.0),N_A,CALL_MONEY,W,2024,2023,0,2023-09-01,INR,123801520000
RBI:AVG_TURNOVER_RN(1.0),N_A,NOTICE_MONEY,W,2024,2023,0,2023-09-01,INR,50059400000
RBI:AVG_TURNOVER_RN(1.0),N_A,MKT_REPO,W,2024,2023,0,2023-09-01,INR,6089000000000
RBI:AVG_TURNOVER_RN(1.0),N_A,GOVT_SEC,W,2024,2023,0,2023-09-01,INR,862965944000
RBI:AVG_TURNOVER_RN(1.0),N_A,TERM_MONEY,W,2024,2023,0,2023-09-01,INR,5530000000
RBI:AVG_TURNOVER_RN(1.0),N_A,GOVT_SEC_RBI,W,2024,2023,0,2023-09-01,INR,4339120000
RBI:AVG_TURNOVER_RN(1.0),N_A,TR_BILL_182_DAY,W,2024,2023,0,2023-09-01,INR,68696960000
RBI:AVG_TURNOVER_RN(1.0),N_A,CORPO_REPO,W,2024,2023,0,2023-08-25,INR,4520000000
RBI:AVG_TURNOVER_RN(1.0),N_A,TERM_MONEY,W,2024,2023,0,2023-08-25,INR,7347500000
RBI:AVG_TURNOVER_RN(1.0),N_A,NOTICE_MONEY,W,2024,2023,0,2023-08-25,INR,3184166666.67
RBI:AVG_TURNOVER_RN(1.0),N_A,CALL_MONEY,W,2024,2023,0,2023-08-25,INR,178130000000
RBI:AVG_TURNOVER_RN(1.0),N_A,TR_BILL_91_DAY,W,2024,2023,0,2023-08-25,INR,30851176000
RBI:AVG_TURNOVER_RN(1.0),N_A,TR_BILL_364_DAY,W,2024,2023,0,2023-08-25,INR,16595796000
RBI:AVG_TURNOVER_RN(1.0),N_A,MKT_REPO,W,2024,2023,0,2023-08-25,INR,4866360000000
RBI:AVG_TURNOVER_RN(1.0),N_A,TRI_REPO,W,2024,2023,0,2023-08-25,INR,6123731166666.671
RBI:AVG_TURNOVER_RN(1.0),N_A,GOVT_SEC_RBI,W,2024,2023,0,2023-08-25,INR,6661360000
RBI:AVG_TURNOVER_RN(1.0),N_A,FOREX,W,2024,2023,0,2023-08-25,INR,97473000000
RBI:AVG_TURNOVER_RN(1.0),N_A,TR_BILL_182_DAY,W,2024,2023,0,2023-08-25,INR,47579680000
RBI:AVG_TURNOVER_RN(1.0),N_A,STATE_GOVT_SEC,W,2024,2023,0,2023-08-25,INR,38579348000
RBI:AVG_TURNOVER_RN(1.0),N_A,GOVT_SEC,W,2024,2023,0,2023-08-25,INR,887570831999.9999
RBI:AVG_TURNOVER_RN(1.0),N_A,GOVT_SEC_RBI,W,2024,2023,0,2023-08-18,INR,3619733333
RBI:AVG_TURNOVER_RN(1.0),N_A,TRI_REPO,W,2024,2023,0,2023-08-18,INR,7185620000000
RBI:AVG_TURNOVER_RN(1.0),N_A,CALL_MONEY,W,2024,2023,0,2023-08-18,INR,137210000000
RBI:AVG_TURNOVER_RN(1.0),N_A,TERM_MONEY,W,2024,2023,0,2023-08-18,INR,8290000000
RBI:AVG_TURNOVER_RN(1.0),N_A,TR_BILL_182_DAY,W,2024,2023,0,2023-08-18,INR,33660160000
RBI:AVG_TURNOVER_RN(1.0),N_A,TR_BILL_91_DAY,W,2024,2023,0,2023-08-18,INR,72531993330
RBI:AVG_TURNOVER_RN(1.0),N_A,CORPO_REPO,W,2024,2023,0,2023-08-18,INR,1670000000
RBI:AVG_TURNOVER_RN(1.0),N_A,NOTICE_MONEY,W,2024,2023,0,2023-08-18,INR,70950000000
RBI:AVG_TURNOVER_RN(1.0),N_A,FOREX,W,2024,2023,0,2023-08-18,INR,102358000000
RBI:AVG_TURNOVER_RN(1.0),N_A,TR_BILL_364_DAY,W,2024,2023,0,2023-08-18,INR,23791680000
RBI:AVG_TURNOVER_RN(1.0),N_A,MKT_REPO,W,2024,2023,0,2023-08-18,INR,6045360000000
RBI:AVG_TURNOVER_RN(1.0),N_A,STATE_GOVT_SEC,W,2024,2023,0,2023-08-18,INR,38022360000
RBI:AVG_TURNOVER_RN(1.0),N_A,GOVT_SEC,W,2024,2023,0,2023-08-18,INR,784732466699.9999
RBI:AVG_TURNOVER_RN(1.0),N_A,TRI_REPO,W,2024,2023,0,2023-08-11,INR,4982860000000
RBI:AVG_TURNOVER_RN(1.0),N_A,TR_BILL_182_DAY,W,2024,2023,0,2023-08-11,INR,74424104000
RBI:AVG_TURNOVER_RN(1.0),N_A,TR_BILL_91_DAY,W,2024,2023,0,2023-08-11,INR,68977020000
RBI:AVG_TURNOVER_RN(1.0),N_A,TR_BILL_364_DAY,W,2024,2023,0,2023-08-11,INR,19546000000
RBI:AVG_TURNOVER_RN(1.0),N_A,STATE_GOVT_SEC,W,2024,2023,0,2023-08-11,INR,14134676000
RBI:AVG_TURNOVER_RN(1.0),N_A,GOVT_SEC,W,2024,2023,0,2023-08-11,INR,861134696000
RBI:AVG_TURNOVER_RN(1.0),N_A,MKT_REPO,W,2024,2023,0,2023-08-11,INR,5049060000000
RBI:AVG_TURNOVER_RN(1.0),N_A,TERM_MONEY,W,2024,2023,0,2023-08-11,INR,6880833333.333333
RBI:AVG_TURNOVER_RN(1.0),N_A,CALL_MONEY,W,2024,2023,0,2023-08-11,INR,158140000000
RBI:AVG_TURNOVER_RN(1.0),N_A,FOREX,W,2024,2023,0,2023-08-11,INR,85291000000
RBI:AVG_TURNOVER_RN(1.0),N_A,GOVT_SEC_RBI,W,2024,2023,0,2023-08-11,INR,1019720000
RBI:AVG_TURNOVER_RN(1.0),N_A,NOTICE_MONEY,W,2024,2023,0,2023-08-11,INR,2454166666.666667
RBI:AVG_TURNOVER_RN(1.0),N_A,CORPO_REPO,W,2024,2023,0,2023-08-11,INR,35910000000
RBI:AVG_TURNOVER_RN(1.0),N_A,GOVT_SEC,W,2024,2023,0,2023-08-04,INR,1179432725000
RBI:AVG_TURNOVER_RN(1.0),N_A,GOVT_SEC_RBI,W,2024,2023,0,2023-08-04,INR,1132250000
RBI:AVG_TURNOVER_RN(1.0),N_A,CALL_MONEY,W,2024,2023,0,2023-08-04,INR,146490000000
RBI:AVG_TURNOVER_RN(1.0),N_A,STATE_GOVT_SEC,W,2024,2023,0,2023-08-04,INR,35970615000
RBI:AVG_TURNOVER_RN(1.0),N_A,TR_BILL_182_DAY,W,2024,2023,0,2023-08-04,INR,37408060000
RBI:AVG_TURNOVER_RN(1.0),N_A,TERM_MONEY,W,2024,2023,0,2023-08-04,INR,10060000000
RBI:AVG_TURNOVER_RN(1.0),N_A,NOTICE_MONEY,W,2024,2023,0,2023-08-04,INR,35046600000
RBI:AVG_TURNOVER_RN(1.0),N_A,CORPO_REPO,W,2024,2023,0,2023-08-04,INR,26940000000
RBI:AVG_TURNOVER_RN(1.0),N_A,TRI_REPO,W,2024,2023,0,2023-08-04,INR,5810657200000
RBI:AVG_TURNOVER_RN(1.0),N_A,FOREX,W,2024,2023,0,2023-08-04,INR,91117000000
RBI:AVG_TURNOVER_RN(1.0),N_A,TR_BILL_91_DAY,W,2024,2023,0,2023-08-04,INR,104681029999.99998
RBI:AVG_TURNOVER_RN(1.0),N_A,TR_BILL_364_DAY,W,2024,2023,0,2023-08-04,INR,39574675000
RBI:AVG_TURNOVER_RN(1.0),N_A,MKT_REPO,W,2024,2023,0,2023-08-04,INR,5896380000000
RBI:AVG_TURNOVER_RN(1.0),N_A,GOVT_SEC_RBI,W,2024,2023,0,2023-07-28,INR,238800000
RBI:AVG_TURNOVER_RN(1.0),N_A,TR_BILL_91_DAY,W,2024,2023,0,2023-07-28,INR,39549600000
RBI:AVG_TURNOVER_RN(1.0),N_A,CALL_MONEY,W,2024,2023,0,2023-07-28,INR,214473640000
RBI:AVG_TURNOVER_RN(1.0),N_A,TERM_MONEY,W,2024,2023,0,2023-07-28,INR,4908000000
RBI:AVG_TURNOVER_RN(1.0),N_A,TR_BILL_364_DAY,W,2024,2023,0,2023-07-28,INR,24262000000
RBI:AVG_TURNOVER_RN(1.0),N_A,STATE_GOVT_SEC,W,2024,2023,0,2023-07-28,INR,41986516000
RBI:AVG_TURNOVER_RN(1.0),N_A,TRI_REPO,W,2024,2023,0,2023-07-28,INR,6152662200000
RBI:AVG_TURNOVER_RN(1.0),N_A,NOTICE_MONEY,W,2024,2023,0,2023-07-28,INR,1849200000
RBI:AVG_TURNOVER_RN(1.0),N_A,GOVT_SEC,W,2024,2023,0,2023-07-28,INR,908131520000
RBI:AVG_TURNOVER_RN(1.0),N_A,MKT_REPO,W,2024,2023,0,2023-07-28,INR,6516650000000
RBI:AVG_TURNOVER_RN(1.0),N_A,FOREX,W,2024,2023,0,2023-07-28,INR,96828000000
RBI:AVG_TURNOVER_RN(1.0),N_A,CORPO_REPO,W,2024,2023,0,2023-07-28,INR,11780000000
RBI:AVG_TURNOVER_RN(1.0),N_A,TR_BILL_182_DAY,W,2024,2023,0,2023-07-28,INR,47883312000
RBI:AVG_TURNOVER_RN(1.0),N_A,TERM_MONEY,W,2024,2023,0,2023-07-21,INR,9170000000
RBI:AVG_TURNOVER_RN(1.0),N_A,NOTICE_MONEY,W,2024,2023,0,2023-07-21,INR,1665500000
RBI:AVG_TURNOVER_RN(1.0),N_A,CORPO_REPO,W,2024,2023,0,2023-07-21,INR,9760000000
RBI:AVG_TURNOVER_RN(1.0),N_A,GOVT_SEC_RBI,W,2024,2023,0,2023-07-21,INR,1378280000
RBI:AVG_TURNOVER_RN(1.0),N_A,FOREX,W,2024,2023,0,2023-07-21,INR,75674000000
RBI:AVG_TURNOVER_RN(1.0),N_A,GOVT_SEC,W,2024,2023,0,2023-07-21,INR,830087244000.0001
RBI:AVG_TURNOVER_RN(1.0),N_A,TR_BILL_91_DAY,W,2024,2023,0,2023-07-21,INR,32680032000
RBI:AVG_TURNOVER_RN(1.0),N_A,MKT_REPO,W,2024,2023,0,2023-07-21,INR,5447970000000
RBI:AVG_TURNOVER_RN(1.0),N_A,CALL_MONEY,W,2024,2023,0,2023-07-21,INR,219861666666.66666
RBI:AVG_TURNOVER_RN(1.0),N_A,STATE_GOVT_SEC,W,2024,2023,0,2023-07-21,INR,25208248000
RBI:AVG_TURNOVER_RN(1.0),N_A,TR_BILL_182_DAY,W,2024,2023,0,2023-07-21,INR,51865004000
RBI:AVG_TURNOVER_RN(1.0),N_A,TRI_REPO,W,2024,2023,0,2023-07-21,INR,5047373833333.333
RBI:AVG_TURNOVER_RN(1.0),N_A,TR_BILL_364_DAY,W,2024,2023,0,2023-07-21,INR,11897456000
RBI:AVG_TURNOVER_RN(1.0),N_A,TR_BILL_91_DAY,W,2024,2023,0,2023-07-14,INR,49245780000.00001
RBI:AVG_TURNOVER_RN(1.0),N_A,CALL_MONEY,W,2024,2023,0,2023-07-14,INR,192590000000
RBI:AVG_TURNOVER_RN(1.0),N_A,GOVT_SEC,W,2024,2023,0,2023-07-14,INR,1072495948000.0001
RBI:AVG_TURNOVER_RN(1.0),N_A,TR_BILL_182_DAY,W,2024,2023,0,2023-07-14,INR,50143012000
RBI:AVG_TURNOVER_RN(1.0),N_A,STATE_GOVT_SEC,W,2024,2023,0,2023-07-14,INR,32068824000
RBI:AVG_TURNOVER_RN(1.0),N_A,GOVT_SEC_RBI,W,2024,2023,0,2023-07-14,INR,4219920000
RBI:AVG_TURNOVER_RN(1.0),N_A,TR_BILL_364_DAY,W,2024,2023,0,2023-07-14,INR,19789200000
RBI:AVG_TURNOVER_RN(1.0),N_A,TRI_REPO,W,2024,2023,0,2023-07-14,INR,6043545800000
RBI:AVG_TURNOVER_RN(1.0),N_A,TERM_MONEY,W,2024,2023,0,2023-07-14,INR,7370000000
RBI:AVG_TURNOVER_RN(1.0),N_A,NOTICE_MONEY,W,2024,2023,0,2023-07-14,INR,55580000000
RBI:AVG_TURNOVER_RN(1.0),N_A,MKT_REPO,W,2024,2023,0,2023-07-14,INR,6424640000000
RBI:AVG_TURNOVER_RN(1.0),N_A,FOREX,W,2024,2023,0,2023-07-14,INR,87079000000
RBI:AVG_TURNOVER_RN(1.0),N_A,CORPO_REPO,W,2024,2023,0,2023-07-14,INR,2720000000
RBI:AVG_TURNOVER_RN(1.0),N_A,GOVT_SEC_RBI,W,2024,2023,0,2023-07-07,INR,7112279999.999999
RBI:AVG_TURNOVER_RN(1.0),N_A,TR_BILL_364_DAY,W,2024,2023,0,2023-07-07,INR,36849880000
RBI:AVG_TURNOVER_RN(1.0),N_A,STATE_GOVT_SEC,W,2024,2023,0,2023-07-07,INR,39984224000
RBI:AVG_TURNOVER_RN(1.0),N_A,TR_BILL_91_DAY,W,2024,2023,0,2023-07-07,INR,124848968000
RBI:AVG_TURNOVER_RN(1.0),N_A,CORPO_REPO,W,2024,2023,0,2023-07-07,INR,21860000000
RBI:AVG_TURNOVER_RN(1.0),N_A,GOVT_SEC,W,2024,2023,0,2023-07-07,INR,766903760000
RBI:AVG_TURNOVER_RN(1.0),N_A,TRI_REPO,W,2024,2023,0,2023-07-07,INR,5170000000000
RBI:AVG_TURNOVER_RN(1.0),N_A,TR_BILL_182_DAY,W,2024,2023,0,2023-07-07,INR,90955752000
RBI:AVG_TURNOVER_RN(1.0),N_A,MKT_REPO,W,2024,2023,0,2023-07-07,INR,5165670000000
RBI:AVG_TURNOVER_RN(1.0),N_A,CALL_MONEY,W,2024,2023,0,2023-07-07,INR,196760000000
RBI:AVG_TURNOVER_RN(1.0),N_A,FOREX,W,2024,2023,0,2023-07-07,INR,83645000000
RBI:AVG_TURNOVER_RN(1.0),N_A,TERM_MONEY,W,2024,2023,0,2023-07-07,INR,7437500000
RBI:AVG_TURNOVER_RN(1.0),N_A,NOTICE_MONEY,W,2024,2023,0,2023-07-07,INR,1582000000
RBI:AVG_TURNOVER_RN(1.0),N_A,TR_BILL_91_DAY,W,2024,2023,0,2023-06-30,INR,66883340000
RBI:AVG_TURNOVER_RN(1.0),N_A,STATE_GOVT_SEC,W,2024,2023,0,2023-06-30,INR,42017135000
RBI:AVG_TURNOVER_RN(1.0),N_A,TRI_REPO,W,2024,2023,0,2023-06-30,INR,6524515750000
RBI:AVG_TURNOVER_RN(1.0),N_A,MKT_REPO,W,2024,2023,0,2023-06-30,INR,6550353900000
RBI:AVG_TURNOVER_RN(1.0),N_A,FOREX,W,2024,2023,0,2023-06-30,INR,107572000000
RBI:AVG_TURNOVER_RN(1.0),N_A,CALL_MONEY,W,2024,2023,0,2023-06-30,INR,182860000000
RBI:AVG_TURNOVER_RN(1.0),N_A,TERM_MONEY,W,2024,2023,0,2023-06-30,INR,11400000000
RBI:AVG_TURNOVER_RN(1.0),N_A,TR_BILL_182_DAY,W,2024,2023,0,2023-06-30,INR,173536840000
RBI:AVG_TURNOVER_RN(1.0),N_A,GOVT_SEC,W,2024,2023,0,2023-06-30,INR,997035615000
RBI:AVG_TURNOVER_RN(1.0),N_A,TR_BILL_364_DAY,W,2024,2023,0,2023-06-30,INR,162575575000
RBI:AVG_TURNOVER_RN(1.0),N_A,GOVT_SEC_RBI,W,2024,2023,0,2023-06-30,INR,422750000
RBI:AVG_TURNOVER_RN(1.0),N_A,NOTICE_MONEY,W,2024,2023,0,2023-06-30,INR,43660000000
RBI:AVG_TURNOVER_RN(1.0),N_A,CORPO_REPO,W,2024,2023,0,2023-06-30,INR,2850000000
RBI:AVG_TURNOVER_RN(1.0),N_A,TR_BILL_91_DAY,W,2024,2023,0,2023-06-23,INR,22753800000
RBI:AVG_TURNOVER_RN(1.0),N_A,TERM_MONEY,W,2024,2023,0,2023-06-23,INR,5490000000
RBI:AVG_TURNOVER_RN(1.0),N_A,MKT_REPO,W,2024,2023,0,2023-06-23,INR,5789363199999.999
RBI:AVG_TURNOVER_RN(1.0),N_A,GOVT_SEC_RBI,W,2024,2023,0,2023-06-23,INR,2990560000
RBI:AVG_TURNOVER_RN(1.0),N_A,CORPO_REPO,W,2024,2023,0,2023-06-23,INR,32396544000
RBI:AVG_TURNOVER_RN(1.0),N_A,NOTICE_MONEY,W,2024,2023,0,2023-06-23,INR,2230000000
RBI:AVG_TURNOVER_RN(1.0),N_A,TRI_REPO,W,2024,2023,0,2023-06-23,INR,5644383500000
RBI:AVG_TURNOVER_RN(1.0),N_A,FOREX,W,2024,2023,0,2023-06-23,INR,94474000000
RBI:AVG_TURNOVER_RN(1.0),N_A,TR_BILL_182_DAY,W,2024,2023,0,2023-06-23,INR,103856784000
RBI:AVG_TURNOVER_RN(1.0),N_A,TR_BILL_364_DAY,W,2024,2023,0,2023-06-23,INR,116727844000
RBI:AVG_TURNOVER_RN(1.0),N_A,GOVT_SEC,W,2024,2023,0,2023-06-23,INR,1000110800000
RBI:AVG_TURNOVER_RN(1.0),N_A,STATE_GOVT_SEC,W,2024,2023,0,2023-06-23,INR,53991584000
RBI:AVG_TURNOVER_RN(1.0),N_A,CALL_MONEY,W,2024,2023,0,2023-06-23,INR,165470000000
RBI:AVG_TURNOVER_RN(1.0),N_A,CORPO_REPO,W,2024,2023,0,2023-06-16,INR,54536000000
RBI:AVG_TURNOVER_RN(1.0),N_A,GOVT_SEC,W,2024,2023,0,2023-06-16,INR,803756552000
RBI:AVG_TURNOVER_RN(1.0),N_A,CALL_MONEY,W,2024,2023,0,2023-06-16,INR,157734880000
RBI:AVG_TURNOVER_RN(1.0),N_A,TERM_MONEY,W,2024,2023,0,2023-06-16,INR,12092000000
RBI:AVG_TURNOVER_RN(1.0),N_A,GOVT_SEC_RBI,W,2024,2023,0,2023-06-16,INR,3520000000
RBI:AVG_TURNOVER_RN(1.0),N_A,TR_BILL_91_DAY,W,2024,2023,0,2023-06-16,INR,65012768000
RBI:AVG_TURNOVER_RN(1.0),N_A,NOTICE_MONEY,W,2024,2023,0,2023-06-16,INR,43119320000
RBI:AVG_TURNOVER_RN(1.0),N_A,STATE_GOVT_SEC,W,2024,2023,0,2023-06-16,INR,45998055999.99999
RBI:AVG_TURNOVER_RN(1.0),N_A,FOREX,W,2024,2023,0,2023-06-16,INR,91938400000
RBI:AVG_TURNOVER_RN(1.0),N_A,MKT_REPO,W,2024,2023,0,2023-06-16,INR,6902811200000
RBI:AVG_TURNOVER_RN(1.0),N_A,TRI_REPO,W,2024,2023,0,2023-06-16,INR,6330082400000
RBI:AVG_TURNOVER_RN(1.0),N_A,TR_BILL_182_DAY,W,2024,2023,0,2023-06-16,INR,109716971999.99998
RBI:AVG_TURNOVER_RN(1.0),N_A,TR_BILL_364_DAY,W,2024,2023,0,2023-06-16,INR,44027900000
RBI:AVG_TURNOVER_RN(1.0),N_A,TR_BILL_182_DAY,W,2024,2023,0,2023-06-09,INR,56200400000
RBI:AVG_TURNOVER_RN(1.0),N_A,CORPO_REPO,W,2024,2023,0,2023-06-09,INR,31528000000
RBI:AVG_TURNOVER_RN(1.0),N_A,TR_BILL_91_DAY,W,2024,2023,0,2023-06-09,INR,59860724000
RBI:AVG_TURNOVER_RN(1.0),N_A,MKT_REPO,W,2024,2023,0,2023-06-09,INR,6052549400000.001
RBI:AVG_TURNOVER_RN(1.0),N_A,CALL_MONEY,W,2024,2023,0,2023-06-09,INR,169322233333.3333
RBI:AVG_TURNOVER_RN(1.0),N_A,NOTICE_MONEY,W,2024,2023,0,2023-06-09,INR,2420066666.6666665
RBI:AVG_TURNOVER_RN(1.0),N_A,GOVT_SEC,W,2024,2023,0,2023-06-09,INR,895940684000
RBI:AVG_TURNOVER_RN(1.0),N_A,TERM_MONEY,W,2024,2023,0,2023-06-09,INR,7184166666.666666
RBI:AVG_TURNOVER_RN(1.0),N_A,STATE_GOVT_SEC,W,2024,2023,0,2023-06-09,INR,54920996000
RBI:AVG_TURNOVER_RN(1.0),N_A,FOREX,W,2024,2023,0,2023-06-09,INR,81257400000
RBI:AVG_TURNOVER_RN(1.0),N_A,TR_BILL_364_DAY,W,2024,2023,0,2023-06-09,INR,36199192000
RBI:AVG_TURNOVER_RN(1.0),N_A,TRI_REPO,W,2024,2023,0,2023-06-09,INR,4839392333333.333
RBI:AVG_TURNOVER_RN(1.0),N_A,GOVT_SEC_RBI,W,2024,2023,0,2023-06-09,INR,2208000000
RBI:AVG_TURNOVER_RN(1.0),N_A,STATE_GOVT_SEC,W,2024,2023,0,2023-06-02,INR,52120840000
RBI:AVG_TURNOVER_RN(1.0),N_A,CALL_MONEY,W,2024,2023,0,2023-06-02,INR,138138166666.66666
RBI:AVG_TURNOVER_RN(1.0),N_A,MKT_REPO,W,2024,2023,0,2023-06-02,INR,5810541733333.333
RBI:AVG_TURNOVER_RN(1.0),N_A,CORPO_REPO,W,2024,2023,0,2023-06-02,INR,3144000000
RBI:AVG_TURNOVER_RN(1.0),N_A,TERM_MONEY,W,2024,2023,0,2023-06-02,INR,5225833333.333334
RBI:AVG_TURNOVER_RN(1.0),N_A,TR_BILL_182_DAY,W,2024,2023,0,2023-06-02,INR,77165216000
RBI:AVG_TURNOVER_RN(1.0),N_A,GOVT_SEC,W,2024,2023,0,2023-06-02,INR,971316088000.0001
RBI:AVG_TURNOVER_RN(1.0),N_A,TR_BILL_364_DAY,W,2024,2023,0,2023-06-02,INR,41826272000
RBI:AVG_TURNOVER_RN(1.0),N_A,FOREX,W,2024,2023,0,2023-06-02,INR,98063000000
RBI:AVG_TURNOVER_RN(1.0),N_A,TRI_REPO,W,2024,2023,0,2023-06-02,INR,5051076833333.333
RBI:AVG_TURNOVER_RN(1.0),N_A,NOTICE_MONEY,W,2024,2023,0,2023-06-02,INR,32343799999.999996
RBI:AVG_TURNOVER_RN(1.0),N_A,GOVT_SEC_RBI,W,2024,2023,0,2023-06-02,INR,1620000000
RBI:AVG_TURNOVER_RN(1.0),N_A,TR_BILL_91_DAY,W,2024,2023,0,2023-06-02,INR,94192800000
RBI:AVG_TURNOVER_RN(1.0),N_A,TRI_REPO,W,2024,2023,0,2023-05-26,INR,5000084666666.666
RBI:AVG_TURNOVER_RN(1.0),N_A,TR_BILL_364_DAY,W,2024,2023,0,2023-05-26,INR,29603616000
RBI:AVG_TURNOVER_RN(1.0),N_A,TR_BILL_182_DAY,W,2024,2023,0,2023-05-26,INR,65387919999.99999
RBI:AVG_TURNOVER_RN(1.0),N_A,TERM_MONEY,W,2024,2023,0,2023-05-26,INR,7254499999.999999
RBI:AVG_TURNOVER_RN(1.0),N_A,FOREX,W,2024,2023,0,2023-05-26,INR,87834800000
RBI:AVG_TURNOVER_RN(1.0),N_A,STATE_GOVT_SEC,W,2024,2023,0,2023-05-26,INR,61219284000
RBI:AVG_TURNOVER_RN(1.0),N_A,MKT_REPO,W,2024,2023,0,2023-05-26,INR,5714171066666.667
RBI:AVG_TURNOVER_RN(1.0),N_A,CORPO_REPO,W,2024,2023,0,2023-05-26,INR,8224000000
RBI:AVG_TURNOVER_RN(1.0),N_A,CALL_MONEY,W,2024,2023,0,2023-05-26,INR,184530333333.33334
RBI:AVG_TURNOVER_RN(1.0),N_A,TR_BILL_91_DAY,W,2024,2023,0,2023-05-26,INR,54679120000
RBI:AVG_TURNOVER_RN(1.0),N_A,NOTICE_MONEY,W,2024,2023,0,2023-05-26,INR,3058466666.6666665
RBI:AVG_TURNOVER_RN(1.0),N_A,GOVT_SEC,W,2024,2023,0,2023-05-26,INR,1019289336000.0001
RBI:AVG_TURNOVER_RN(1.0),N_A,GOVT_SEC_RBI,W,2024,2023,0,2023-05-26,INR,9420000000
RBI:AVG_TURNOVER_RN(1.0),N_A,TERM_MONEY,W,2024,2023,0,2023-05-19,INR,4898333333.333333
RBI:AVG_TURNOVER_RN(1.0),N_A,TR_BILL_91_DAY,W,2024,2023,0,2023-05-19,INR,22625724000
RBI:AVG_TURNOVER_RN(1.0),N_A,TR_BILL_182_DAY,W,2024,2023,0,2023-05-19,INR,69641420000
RBI:AVG_TURNOVER_RN(1.0),N_A,TRI_REPO,W,2024,2023,0,2023-05-19,INR,4688026500000
RBI:AVG_TURNOVER_RN(1.0),N_A,STATE_GOVT_SEC,W,2024,2023,0,2023-05-19,INR,73376016000
RBI:AVG_TURNOVER_RN(1.0),N_A,NOTICE_MONEY,W,2024,2023,0,2023-05-19,INR,38447900000.00001
RBI:AVG_TURNOVER_RN(1.0),N_A,MKT_REPO,W,2024,2023,0,2023-05-19,INR,6388553133333.334
RBI:AVG_TURNOVER_RN(1.0),N_A,CALL_MONEY,W,2024,2023,0,2023-05-19,INR,165957233333.3333
RBI:AVG_TURNOVER_RN(1.0),N_A,GOVT_SEC_RBI,W,2024,2023,0,2023-05-19,INR,3620000000
RBI:AVG_TURNOVER_RN(1.0),N_A,CORPO_REPO,W,2024,2023,0,2023-05-19,INR,2828560000
RBI:AVG_TURNOVER_RN(1.0),N_A,TR_BILL_364_DAY,W,2024,2023,0,2023-05-19,INR,50591872000
RBI:AVG_TURNOVER_RN(1.0),N_A,FOREX,W,2024,2023,0,2023-05-19,INR,84492600000
RBI:AVG_TURNOVER_RN(1.0),N_A,GOVT_SEC,W,2024,2023,0,2023-05-19,INR,1239237168000.0002
RBI:AVG_TURNOVER_RN(1.0),N_A,FOREX,W,2024,2023,0,2023-05-12,INR,84130600000
RBI:AVG_TURNOVER_RN(1.0),N_A,GOVT_SEC,W,2024,2023,0,2023-05-12,INR,935997708000
RBI:AVG_TURNOVER_RN(1.0),N_A,GOVT_SEC_RBI,W,2024,2023,0,2023-05-12,INR,1470000000
RBI:AVG_TURNOVER_RN(1.0),N_A,MKT_REPO,W,2024,2023,0,2023-05-12,INR,6343107266666.667
RBI:AVG_TURNOVER_RN(1.0),N_A,TR_BILL_182_DAY,W,2024,2023,0,2023-05-12,INR,55426844000
RBI:AVG_TURNOVER_RN(1.0),N_A,TRI_REPO,W,2024,2023,0,2023-05-12,INR,4767801333333.333
RBI:AVG_TURNOVER_RN(1.0),N_A,CALL_MONEY,W,2024,2023,0,2023-05-12,INR,188004066666.66666
RBI:AVG_TURNOVER_RN(1.0),N_A,TR_BILL_364_DAY,W,2024,2023,0,2023-05-12,INR,43571456000
RBI:AVG_TURNOVER_RN(1.0),N_A,TERM_MONEY,W,2024,2023,0,2023-05-12,INR,5975033333.333333
RBI:AVG_TURNOVER_RN(1.0),N_A,NOTICE_MONEY,W,2024,2023,0,2023-05-12,INR,8518333333.333334
RBI:AVG_TURNOVER_RN(1.0),N_A,TR_BILL_91_DAY,W,2024,2023,0,2023-05-12,INR,43305124000.00001
RBI:AVG_TURNOVER_RN(1.0),N_A,STATE_GOVT_SEC,W,2024,2023,0,2023-05-12,INR,39542756000
RBI:AVG_TURNOVER_RN(1.0),N_A,CORPO_REPO,W,2024,2023,0,2023-05-12,INR,21352000000
RBI:AVG_TURNOVER_RN(1.0),N_A,GOVT_SEC,W,2024,2023,0,2023-05-05,INR,1271179566666.6665
RBI:AVG_TURNOVER_RN(1.0),N_A,MKT_REPO,W,2024,2023,0,2023-05-05,INR,5726688800000
RBI:AVG_TURNOVER_RN(1.0),N_A,TR_BILL_364_DAY,W,2024,2023,0,2023-05-05,INR,35849100000
RBI:AVG_TURNOVER_RN(1.0),N_A,TRI_REPO,W,2024,2023,0,2023-05-05,INR,4738188500000
RBI:AVG_TURNOVER_RN(1.0),N_A,CORPO_REPO,W,2024,2023,0,2023-05-05,INR,1066666666.6666667
RBI:AVG_TURNOVER_RN(1.0),N_A,TR_BILL_182_DAY,W,2024,2023,0,2023-05-05,INR,44693679999.99999
RBI:AVG_TURNOVER_RN(1.0),N_A,GOVT_SEC_RBI,W,2024,2023,0,2023-05-05,INR,850000000
RBI:AVG_TURNOVER_RN(1.0),N_A,TR_BILL_91_DAY,W,2024,2023,0,2023-05-05,INR,69210260000
RBI:AVG_TURNOVER_RN(1.0),N_A,STATE_GOVT_SEC,W,2024,2023,0,2023-05-05,INR,86522593333.33333
RBI:AVG_TURNOVER_RN(1.0),N_A,TERM_MONEY,W,2024,2023,0,2023-05-05,INR,7931250000
RBI:AVG_TURNOVER_RN(1.0),N_A,NOTICE_MONEY,W,2024,2023,0,2023-05-05,INR,64305600000.00001
RBI:AVG_TURNOVER_RN(1.0),N_A,FOREX,W,2024,2023,0,2023-05-05,INR,90072333333.3333
RBI:AVG_TURNOVER_RN(1.0),N_A,CALL_MONEY,W,2024,2023,0,2023-05-05,INR,133485950000
RBI:AVG_TURNOVER_RN(1.0),N_A,TR_BILL_182_DAY,W,2024,2023,0,2023-04-28,INR,50493276000
RBI:AVG_TURNOVER_RN(1.0),N_A,TERM_MONEY,W,2024,2023,0,2023-04-28,INR,6699000000
RBI:AVG_TURNOVER_RN(1.0),N_A,GOVT_SEC,W,2024,2023,0,2023-04-28,INR,1432857939999.9998
RBI:AVG_TURNOVER_RN(1.0),N_A,MKT_REPO,W,2024,2023,0,2023-04-28,INR,7592019600000
RBI:AVG_TURNOVER_RN(1.0),N_A,CALL_MONEY,W,2024,2023,0,2023-04-28,INR,163491360000
RBI:AVG_TURNOVER_RN(1.0),N_A,FOREX,W,2024,2023,0,2023-04-28,INR,106579000000
RBI:AVG_TURNOVER_RN(1.0),N_A,CORPO_REPO,W,2024,2023,0,2023-04-28,INR,6116560000.000001
RBI:AVG_TURNOVER_RN(1.0),N_A,TR_BILL_364_DAY,W,2024,2023,0,2023-04-28,INR,42407080000.00001
RBI:AVG_TURNOVER_RN(1.0),N_A,TRI_REPO,W,2024,2023,0,2023-04-28,INR,6156653400000.001
RBI:AVG_TURNOVER_RN(1.0),N_A,STATE_GOVT_SEC,W,2024,2023,0,2023-04-28,INR,98655787999.99998
RBI:AVG_TURNOVER_RN(1.0),N_A,GOVT_SEC_RBI,W,2024,2023,0,2023-04-28,INR,6320000000
RBI:AVG_TURNOVER_RN(1.0),N_A,TR_BILL_91_DAY,W,2024,2023,0,2023-04-28,INR,31248436000
RBI:AVG_TURNOVER_RN(1.0),N_A,NOTICE_MONEY,W,2024,2023,0,2023-04-28,INR,47868520000
RBI:AVG_TURNOVER_RN(1.0),N_A,TERM_MONEY,W,2024,2023,0,2023-04-21,INR,9756666666.666666
RBI:AVG_TURNOVER_RN(1.0),N_A,CALL_MONEY,W,2024,2023,0,2023-04-21,INR,193891400000
RBI:AVG_TURNOVER_RN(1.0),N_A,GOVT_SEC_RBI,W,2024,2023,0,2023-04-21,INR,1640000000
RBI:AVG_TURNOVER_RN(1.0),N_A,TR_BILL_364_DAY,W,2024,2023,0,2023-04-21,INR,47453248000
RBI:AVG_TURNOVER_RN(1.0),N_A,TR_BILL_91_DAY,W,2024,2023,0,2023-04-21,INR,37293028000
RBI:AVG_TURNOVER_RN(1.0),N_A,STATE_GOVT_SEC,W,2024,2023,0,2023-04-21,INR,104677292000
RBI:AVG_TURNOVER_RN(1.0),N_A,TR_BILL_182_DAY,W,2024,2023,0,2023-04-21,INR,106754016000.00002
RBI:AVG_TURNOVER_RN(1.0),N_A,CORPO_REPO,W,2024,2023,0,2023-04-21,INR,4744000000
RBI:AVG_TURNOVER_RN(1.0),N_A,MKT_REPO,W,2024,2023,0,2023-04-21,INR,6506563666666.667
RBI:AVG_TURNOVER_RN(1.0),N_A,TRI_REPO,W,2024,2023,0,2023-04-21,INR,5360300833333.334
RBI:AVG_TURNOVER_RN(1.0),N_A,FOREX,W,2024,2023,0,2023-04-21,INR,92494000000
RBI:AVG_TURNOVER_RN(1.0),N_A,NOTICE_MONEY,W,2024,2023,0,2023-04-21,INR,2605966666.6666665
RBI:AVG_TURNOVER_RN(1.0),N_A,GOVT_SEC,W,2024,2023,0,2023-04-21,INR,847147004016
RBI:AVG_TURNOVER_RN(1.0),N_A,TR_BILL_182_DAY,W,2024,2023,0,2023-04-14,INR,124067840000
RBI:AVG_TURNOVER_RN(1.0),N_A,TRI_REPO,W,2024,2023,0,2023-04-14,INR,6077948750000
RBI:AVG_TURNOVER_RN(1.0),N_A,STATE_GOVT_SEC,W,2024,2023,0,2023-04-14,INR,117553875000
RBI:AVG_TURNOVER_RN(1.0),N_A,CORPO_REPO,W,2024,2023,0,2023-04-14,INR,65740000000
RBI:AVG_TURNOVER_RN(1.0),N_A,GOVT_SEC,W,2024,2023,0,2023-04-14,INR,1012207230034.9999
RBI:AVG_TURNOVER_RN(1.0),N_A,CALL_MONEY,W,2024,2023,0,2023-04-14,INR,189761200000
RBI:AVG_TURNOVER_RN(1.0),N_A,GOVT_SEC_RBI,W,2024,2023,0,2023-04-14,INR,310000000
RBI:AVG_TURNOVER_RN(1.0),N_A,FOREX,W,2024,2023,0,2023-04-14,INR,87120000000
RBI:AVG_TURNOVER_RN(1.0),N_A,NOTICE_MONEY,W,2024,2023,0,2023-04-14,INR,67617200000
RBI:AVG_TURNOVER_RN(1.0),N_A,TERM_MONEY,W,2024,2023,0,2023-04-14,INR,15085000000
RBI:AVG_TURNOVER_RN(1.0),N_A,TR_BILL_91_DAY,W,2024,2023,0,2023-04-14,INR,55487320000
RBI:AVG_TURNOVER_RN(1.0),N_A,TR_BILL_364_DAY,W,2024,2023,0,2023-04-14,INR,131712645000
RBI:AVG_TURNOVER_RN(1.0),N_A,MKT_REPO,W,2024,2023,0,2023-04-14,INR,7822711899999.999
RBI:AVG_TURNOVER_RN(1.0),N_A,TR_BILL_182_DAY,W,2024,2023,0,2023-04-07,INR,168394860000
RBI:AVG_TURNOVER_RN(1.0),N_A,MKT_REPO,W,2024,2023,0,2023-04-07,INR,8134155066666.667
RBI:AVG_TURNOVER_RN(1.0),N_A,TR_BILL_364_DAY,W,2024,2023,0,2023-04-07,INR,108970293333.33334
RBI:AVG_TURNOVER_RN(1.0),N_A,GOVT_SEC,W,2024,2023,0,2023-04-07,INR,809974833346.6666
RBI:AVG_TURNOVER_RN(1.0),N_A,CALL_MONEY,W,2024,2023,0,2023-04-07,INR,281011666666.6667
RBI:AVG_TURNOVER_RN(1.0),N_A,STATE_GOVT_SEC,W,2024,2023,0,2023-04-07,INR,72108766666.66667
RBI:AVG_TURNOVER_RN(1.0),N_A,TRI_REPO,W,2024,2023,0,2023-04-07,INR,6149070666666.667
RBI:AVG_TURNOVER_RN(1.0),N_A,TR_BILL_91_DAY,W,2024,2023,0,2023-04-07,INR,63302746666.66667
RBI:AVG_TURNOVER_RN(1.0),N_A,FOREX,W,2024,2023,0,2023-04-07,INR,92871000000
RBI:AVG_TURNOVER_RN(1.0),N_A,GOVT_SEC_RBI,W,2024,2023,0,2023-04-07,INR,10000000
RBI:AVG_TURNOVER_RN(1.0),N_A,TERM_MONEY,W,2024,2023,0,2023-04-07,INR,18850000000
RBI:AVG_TURNOVER_RN(1.0),N_A,NOTICE_MONEY,W,2024,2023,0,2023-04-07,INR,10328933333.333332
RBI:AVG_TURNOVER_RN(1.0),N_A,TR_BILL_182_DAY,W,2023,2022,0,2023-03-31,INR,65541004999.99999
RBI:AVG_TURNOVER_RN(1.0),N_A,TRI_REPO,W,2023,2022,0,2023-03-31,INR,6732544000000
RBI:AVG_TURNOVER_RN(1.0),N_A,NOTICE_MONEY,W,2023,2022,0,2023-03-31,INR,10437850000
RBI:AVG_TURNOVER_RN(1.0),N_A,GOVT_SEC,W,2023,2022,0,2023-03-31,INR,795413155005
RBI:AVG_TURNOVER_RN(1.0),N_A,CALL_MONEY,W,2023,2022,0,2023-03-31,INR,233184450000
RBI:AVG_TURNOVER_RN(1.0),N_A,GOVT_SEC_RBI,W,2023,2022,0,2023-03-31,INR,71970000000
RBI:AVG_TURNOVER_RN(1.0),N_A,CORPO_REPO,W,2023,2022,0,2023-03-31,INR,28540000000
RBI:AVG_TURNOVER_RN(1.0),N_A,TR_BILL_364_DAY,W,2023,2022,0,2023-03-31,INR,78351705000
RBI:AVG_TURNOVER_RN(1.0),N_A,TERM_MONEY,W,2023,2022,0,2023-03-31,INR,6015000000
RBI:AVG_TURNOVER_RN(1.0),N_A,MKT_REPO,W,2023,2022,0,2023-03-31,INR,7404697400000
RBI:AVG_TURNOVER_RN(1.0),N_A,TR_BILL_91_DAY,W,2023,2022,0,2023-03-31,INR,57099885000.00001
RBI:AVG_TURNOVER_RN(1.0),N_A,FOREX,W,2023,2022,0,2023-03-31,INR,125368000000
RBI:AVG_TURNOVER_RN(1.0),N_A,STATE_GOVT_SEC,W,2023,2022,0,2023-03-31,INR,150140229999.99997
RBI:AVG_TURNOVER_RN(1.0),N_A,STATE_GOVT_SEC,W,2023,2022,0,2023-03-24,INR,138921310000
RBI:AVG_TURNOVER_RN(1.0),N_A,NOTICE_MONEY,W,2023,2022,0,2023-03-24,INR,2395160000
RBI:AVG_TURNOVER_RN(1.0),N_A,GOVT_SEC_RBI,W,2023,2022,0,2023-03-24,INR,5850000000
RBI:AVG_TURNOVER_RN(1.0),N_A,CORPO_REPO,W,2023,2022,0,2023-03-24,INR,22887500000
RBI:AVG_TURNOVER_RN(1.0),N_A,GOVT_SEC,W,2023,2022,0,2023-03-24,INR,640937335000
RBI:AVG_TURNOVER_RN(1.0),N_A,FOREX,W,2023,2022,0,2023-03-24,INR,99542000000
RBI:AVG_TURNOVER_RN(1.0),N_A,TRI_REPO,W,2023,2022,0,2023-03-24,INR,5149659000000
RBI:AVG_TURNOVER_RN(1.0),N_A,TR_BILL_182_DAY,W,2023,2022,0,2023-03-24,INR,53654685000
RBI:AVG_TURNOVER_RN(1.0),N_A,TERM_MONEY,W,2023,2022,0,2023-03-24,INR,2194000000
RBI:AVG_TURNOVER_RN(1.0),N_A,TR_BILL_364_DAY,W,2023,2022,0,2023-03-24,INR,18305070000
RBI:AVG_TURNOVER_RN(1.0),N_A,CALL_MONEY,W,2023,2022,0,2023-03-24,INR,237131240000
RBI:AVG_TURNOVER_RN(1.0),N_A,MKT_REPO,W,2023,2022,0,2023-03-24,INR,5632920560000
RBI:AVG_TURNOVER_RN(1.0),N_A,TR_BILL_91_DAY,W,2023,2022,0,2023-03-24,INR,41213800000
RBI:AVG_TURNOVER_RN(1.0),N_A,TR_BILL_364_DAY,W,2023,2022,0,2023-03-17,INR,55117411999.99999
RBI:AVG_TURNOVER_RN(1.0),N_A,TR_BILL_91_DAY,W,2023,2022,0,2023-03-17,INR,54618804000
RBI:AVG_TURNOVER_RN(1.0),N_A,STATE_GOVT_SEC,W,2023,2022,0,2023-03-17,INR,71064972000
RBI:AVG_TURNOVER_RN(1.0),N_A,CORPO_REPO,W,2023,2022,0,2023-03-17,INR,60485120000.00001
RBI:AVG_TURNOVER_RN(1.0),N_A,TR_BILL_182_DAY,W,2023,2022,0,2023-03-17,INR,80956276000
RBI:AVG_TURNOVER_RN(1.0),N_A,TERM_MONEY,W,2023,2022,0,2023-03-17,INR,8921000000
RBI:AVG_TURNOVER_RN(1.0),N_A,NOTICE_MONEY,W,2023,2022,0,2023-03-17,INR,54615440000
RBI:AVG_TURNOVER_RN(1.0),N_A,FOREX,W,2023,2022,0,2023-03-17,INR,103027400000
RBI:AVG_TURNOVER_RN(1.0),N_A,GOVT_SEC_RBI,W,2023,2022,0,2023-03-17,INR,3860000000.0000005
RBI:AVG_TURNOVER_RN(1.0),N_A,MKT_REPO,W,2023,2022,0,2023-03-17,INR,6711567760000
RBI:AVG_TURNOVER_RN(1.0),N_A,TRI_REPO,W,2023,2022,0,2023-03-17,INR,6644124400000.001
RBI:AVG_TURNOVER_RN(1.0),N_A,CALL_MONEY,W,2023,2022,0,2023-03-17,INR,232489160000
RBI:AVG_TURNOVER_RN(1.0),N_A,GOVT_SEC,W,2023,2022,0,2023-03-17,INR,867297276000
RBI:AVG_TURNOVER_RN(1.0),N_A,CALL_MONEY,W,2023,2022,0,2023-03-10,INR,194735560000
RBI:AVG_TURNOVER_RN(1.0),N_A,STATE_GOVT_SEC,W,2023,2022,0,2023-03-10,INR,90313555000
RBI:AVG_TURNOVER_RN(1.0),N_A,GOVT_SEC_RBI,W,2023,2022,0,2023-03-10,INR,9210000000.000002
RBI:AVG_TURNOVER_RN(1.0),N_A,TR_BILL_364_DAY,W,2023,2022,0,2023-03-10,INR,38806575000
RBI:AVG_TURNOVER_RN(1.0),N_A,TERM_MONEY,W,2023,2022,0,2023-03-10,INR,5092000000
RBI:AVG_TURNOVER_RN(1.0),N_A,TR_BILL_91_DAY,W,2023,2022,0,2023-03-10,INR,52553200000
RBI:AVG_TURNOVER_RN(1.0),N_A,NOTICE_MONEY,W,2023,2022,0,2023-03-10,INR,9214240000
RBI:AVG_TURNOVER_RN(1.0),N_A,FOREX,W,2023,2022,0,2023-03-10,INR,87881750000
RBI:AVG_TURNOVER_RN(1.0),N_A,CORPO_REPO,W,2023,2022,0,2023-03-10,INR,30025700000
RBI:AVG_TURNOVER_RN(1.0),N_A,TR_BILL_182_DAY,W,2023,2022,0,2023-03-10,INR,59765020000.00001
RBI:AVG_TURNOVER_RN(1.0),N_A,TRI_REPO,W,2023,2022,0,2023-03-10,INR,5364852400000
RBI:AVG_TURNOVER_RN(1.0),N_A,MKT_REPO,W,2023,2022,0,2023-03-10,INR,5066283680000
RBI:AVG_TURNOVER_RN(1.0),N_A,GOVT_SEC,W,2023,2022,0,2023-03-10,INR,394730000000
RBI:AVG_TURNOVER_RN(1.0),N_A,CALL_MONEY,W,2023,2022,0,2023-03-03,INR,246434120000
RBI:AVG_TURNOVER_RN(1.0),N_A,STATE_GOVT_SEC,W,2023,2022,0,2023-03-03,INR,71180000000
RBI:AVG_TURNOVER_RN(1.0),N_A,TRI_REPO,W,2023,2022,0,2023-03-03,INR,6974878200000.001
RBI:AVG_TURNOVER_RN(1.0),N_A,NOTICE_MONEY,W,2023,2022,0,2023-03-03,INR,49798920000
RBI:AVG_TURNOVER_RN(1.0),N_A,FOREX,W,2023,2022,0,2023-03-03,INR,89330200000
RBI:AVG_TURNOVER_RN(1.0),N_A,TERM_MONEY,W,2023,2022,0,2023-03-03,INR,8128000000
RBI:AVG_TURNOVER_RN(1.0),N_A,GOVT_SEC_RBI,W,2023,2022,0,2023-03-03,INR,1314000000
RBI:AVG_TURNOVER_RN(1.0),N_A,CORPO_REPO,W,2023,2022,0,2023-03-03,INR,21400000000
RBI:AVG_TURNOVER_RN(1.0),N_A,TR_BILL_91_DAY,W,2023,2022,0,2023-03-03,INR,50610000000
RBI:AVG_TURNOVER_RN(1.0),N_A,TR_BILL_364_DAY,W,2023,2022,0,2023-03-03,INR,39700000000
RBI:AVG_TURNOVER_RN(1.0),N_A,TR_BILL_182_DAY,W,2023,2022,0,2023-03-03,INR,37370000000
RBI:AVG_TURNOVER_RN(1.0),N_A,GOVT_SEC,W,2023,2022,0,2023-03-03,INR,562690000000
RBI:AVG_TURNOVER_RN(1.0),N_A,MKT_REPO,W,2023,2022,0,2023-03-03,INR,6074748240000
RBI:AVG_TURNOVER_RN(1.0),N_A,TR_BILL_364_DAY,W,2023,2022,0,2023-02-24,INR,19046056000
RBI:AVG_TURNOVER_RN(1.0),N_A,GOVT_SEC,W,2023,2022,0,2023-02-24,INR,620502524000
RBI:AVG_TURNOVER_RN(1.0),N_A,CORPO_REPO,W,2023,2022,0,2023-02-24,INR,10640000000
RBI:AVG_TURNOVER_RN(1.0),N_A,TR_BILL_182_DAY,W,2023,2022,0,2023-02-24,INR,48539396000
RBI:AVG_TURNOVER_RN(1.0),N_A,CALL_MONEY,W,2023,2022,0,2023-02-24,INR,299156200000
RBI:AVG_TURNOVER_RN(1.0),N_A,NOTICE_MONEY,W,2023,2022,0,2023-02-24,INR,2783800000
RBI:AVG_TURNOVER_RN(1.0),N_A,FOREX,W,2023,2022,0,2023-02-24,INR,80089200000
RBI:AVG_TURNOVER_RN(1.0),N_A,TR_BILL_91_DAY,W,2023,2022,0,2023-02-24,INR,26640000000
RBI:AVG_TURNOVER_RN(1.0),N_A,GOVT_SEC_RBI,W,2023,2022,0,2023-02-24,INR,460000000
RBI:AVG_TURNOVER_RN(1.0),N_A,TERM_MONEY,W,2023,2022,0,2023-02-24,INR,4822000000
RBI:AVG_TURNOVER_RN(1.0),N_A,STATE_GOVT_SEC,W,2023,2022,0,2023-02-24,INR,66997232000.00001
RBI:AVG_TURNOVER_RN(1.0),N_A,TRI_REPO,W,2023,2022,0,2023-02-24,INR,7603319200000
RBI:AVG_TURNOVER_RN(1.0),N_A,MKT_REPO,W,2023,2022,0,2023-02-24,INR,6189290560000
RBI:AVG_TURNOVER_RN(1.0),N_A,TR_BILL_364_DAY,W,2023,2022,0,2023-02-17,INR,29288592000
RBI:AVG_TURNOVER_RN(1.0),N_A,GOVT_SEC,W,2023,2022,0,2023-02-17,INR,742711015999.9999
RBI:AVG_TURNOVER_RN(1.0),N_A,TR_BILL_91_DAY,W,2023,2022,0,2023-02-17,INR,32786072000
RBI:AVG_TURNOVER_RN(1.0),N_A,CORPO_REPO,W,2023,2022,0,2023-02-17,INR,28924560000
RBI:AVG_TURNOVER_RN(1.0),N_A,TRI_REPO,W,2023,2022,0,2023-02-17,INR,7539126400000
RBI:AVG_TURNOVER_RN(1.0),N_A,NOTICE_MONEY,W,2023,2022,0,2023-02-17,INR,3317199999.9999995
RBI:AVG_TURNOVER_RN(1.0),N_A,STATE_GOVT_SEC,W,2023,2022,0,2023-02-17,INR,37208504000
RBI:AVG_TURNOVER_RN(1.0),N_A,TERM_MONEY,W,2023,2022,0,2023-02-17,INR,7204000000
RBI:AVG_TURNOVER_RN(1.0),N_A,GOVT_SEC_RBI,W,2023,2022,0,2023-02-17,INR,5370000000
RBI:AVG_TURNOVER_RN(1.0),N_A,TR_BILL_182_DAY,W,2023,2022,0,2023-02-17,INR,31932176000
RBI:AVG_TURNOVER_RN(1.0),N_A,CALL_MONEY,W,2023,2022,0,2023-02-17,INR,279451120000
RBI:AVG_TURNOVER_RN(1.0),N_A,MKT_REPO,W,2023,2022,0,2023-02-17,INR,6335782240000
RBI:AVG_TURNOVER_RN(1.0),N_A,FOREX,W,2023,2022,0,2023-02-17,INR,84899400000
RBI:AVG_TURNOVER_RN(1.0),N_A,NOTICE_MONEY,W,2023,2022,0,2023-02-10,INR,1965000000
RBI:AVG_TURNOVER_RN(1.0),N_A,CORPO_REPO,W,2023,2022,0,2023-02-10,INR,22688000000
RBI:AVG_TURNOVER_RN(1.0),N_A,GOVT_SEC,W,2023,2022,0,2023-02-10,INR,791991388000
RBI:AVG_TURNOVER_RN(1.0),N_A,STATE_GOVT_SEC,W,2023,2022,0,2023-02-10,INR,58691724000
RBI:AVG_TURNOVER_RN(1.0),N_A,TR_BILL_91_DAY,W,2023,2022,0,2023-02-10,INR,43658116000
RBI:AVG_TURNOVER_RN(1.0),N_A,TRI_REPO,W,2023,2022,0,2023-02-10,INR,6342681666666.666
RBI:AVG_TURNOVER_RN(1.0),N_A,TERM_MONEY,W,2023,2022,0,2023-02-10,INR,2980833333.333333
RBI:AVG_TURNOVER_RN(1.0),N_A,MKT_REPO,W,2023,2022,0,2023-02-10,INR,5654843400000
RBI:AVG_TURNOVER_RN(1.0),N_A,FOREX,W,2023,2022,0,2023-02-10,INR,80089200000
RBI:AVG_TURNOVER_RN(1.0),N_A,TR_BILL_182_DAY,W,2023,2022,0,2023-02-10,INR,36139456000
RBI:AVG_TURNOVER_RN(1.0),N_A,TR_BILL_364_DAY,W,2023,2022,0,2023-02-10,INR,31305816000
RBI:AVG_TURNOVER_RN(1.0),N_A,GOVT_SEC_RBI,W,2023,2022,0,2023-02-10,INR,840000000.0000001
RBI:AVG_TURNOVER_RN(1.0),N_A,CALL_MONEY,W,2023,2022,0,2023-02-10,INR,223649633333.33334
RBI:AVG_TURNOVER_RN(1.0),N_A,TR_BILL_364_DAY,W,2023,2022,0,2023-02-03,INR,14248255999.999998
RBI:AVG_TURNOVER_RN(1.0),N_A,TR_BILL_182_DAY,W,2023,2022,0,2023-02-03,INR,31918576000.000004
RBI:AVG_TURNOVER_RN(1.0),N_A,STATE_GOVT_SEC,W,2023,2022,0,2023-02-03,INR,35175040000
RBI:AVG_TURNOVER_RN(1.0),N_A,NOTICE_MONEY,W,2023,2022,0,2023-02-03,INR,47296960000
RBI:AVG_TURNOVER_RN(1.0),N_A,CORPO_REPO,W,2023,2022,0,2023-02-03,INR,69808000000
RBI:AVG_TURNOVER_RN(1.0),N_A,FOREX,W,2023,2022,0,2023-02-03,INR,97032600000
RBI:AVG_TURNOVER_RN(1.0),N_A,GOVT_SEC,W,2023,2022,0,2023-02-03,INR,881377159800.0001
RBI:AVG_TURNOVER_RN(1.0),N_A,GOVT_SEC_RBI,W,2023,2022,0,2023-02-03,INR,840000000.0000001
RBI:AVG_TURNOVER_RN(1.0),N_A,TRI_REPO,W,2023,2022,0,2023-02-03,INR,7692928400000.001
RBI:AVG_TURNOVER_RN(1.0),N_A,CALL_MONEY,W,2023,2022,0,2023-02-03,INR,241415600000
RBI:AVG_TURNOVER_RN(1.0),N_A,TR_BILL_91_DAY,W,2023,2022,0,2023-02-03,INR,34009228000.000004
RBI:AVG_TURNOVER_RN(1.0),N_A,MKT_REPO,W,2023,2022,0,2023-02-03,INR,6281999760000
RBI:AVG_TURNOVER_RN(1.0),N_A,TERM_MONEY,W,2023,2022,0,2023-02-03,INR,8578240000
RBI:AVG_TURNOVER_RN(1.0),N_A,TRI_REPO,W,2023,2022,0,2023-01-27,INR,6366597400000
RBI:AVG_TURNOVER_RN(1.0),N_A,GOVT_SEC,W,2023,2022,0,2023-01-27,INR,603098785000
RBI:AVG_TURNOVER_RN(1.0),N_A,CALL_MONEY,W,2023,2022,0,2023-01-27,INR,240297760000.00003
RBI:AVG_TURNOVER_RN(1.0),N_A,CORPO_REPO,W,2023,2022,0,2023-01-27,INR,82600000000
RBI:AVG_TURNOVER_RN(1.0),N_A,TR_BILL_182_DAY,W,2023,2022,0,2023-01-27,INR,21335630000
RBI:AVG_TURNOVER_RN(1.0),N_A,TERM_MONEY,W,2023,2022,0,2023-01-27,INR,3165000000
RBI:AVG_TURNOVER_RN(1.0),N_A,STATE_GOVT_SEC,W,2023,2022,0,2023-01-27,INR,65472044999.99999
RBI:AVG_TURNOVER_RN(1.0),N_A,MKT_REPO,W,2023,2022,0,2023-01-27,INR,4505123360000
RBI:AVG_TURNOVER_RN(1.0),N_A,GOVT_SEC_RBI,W,2023,2022,0,2023-01-27,INR,6740000000
RBI:AVG_TURNOVER_RN(1.0),N_A,NOTICE_MONEY,W,2023,2022,0,2023-01-27,INR,2436160000
RBI:AVG_TURNOVER_RN(1.0),N_A,TR_BILL_364_DAY,W,2023,2022,0,2023-01-27,INR,14215940000
RBI:AVG_TURNOVER_RN(1.0),N_A,TR_BILL_91_DAY,W,2023,2022,0,2023-01-27,INR,15349010000
RBI:AVG_TURNOVER_RN(1.0),N_A,FOREX,W,2023,2022,0,2023-01-27,INR,97940750000
RBI:AVG_TURNOVER_RN(1.0),N_A,CALL_MONEY,W,2023,2022,0,2023-01-20,INR,226919400000
RBI:AVG_TURNOVER_RN(1.0),N_A,CORPO_REPO,W,2023,2022,0,2023-01-20,INR,32048000000
RBI:AVG_TURNOVER_RN(1.0),N_A,TR_BILL_182_DAY,W,2023,2022,0,2023-01-20,INR,30750108000
RBI:AVG_TURNOVER_RN(1.0),N_A,TERM_MONEY,W,2023,2022,0,2023-01-20,INR,8004240000
RBI:AVG_TURNOVER_RN(1.0),N_A,TR_BILL_364_DAY,W,2023,2022,0,2023-01-20,INR,27115011999.999996
RBI:AVG_TURNOVER_RN(1.0),N_A,STATE_GOVT_SEC,W,2023,2022,0,2023-01-20,INR,36836136000
RBI:AVG_TURNOVER_RN(1.0),N_A,NOTICE_MONEY,W,2023,2022,0,2023-01-20,INR,59758160000.00001
RBI:AVG_TURNOVER_RN(1.0),N_A,TRI_REPO,W,2023,2022,0,2023-01-20,INR,7507706200000
RBI:AVG_TURNOVER_RN(1.0),N_A,MKT_REPO,W,2023,2022,0,2023-01-20,INR,5323323040000
RBI:AVG_TURNOVER_RN(1.0),N_A,GOVT_SEC_RBI,W,2023,2022,0,2023-01-20,INR,7810000000
RBI:AVG_TURNOVER_RN(1.0),N_A,GOVT_SEC,W,2023,2022,0,2023-01-20,INR,706690336000
RBI:AVG_TURNOVER_RN(1.0),N_A,FOREX,W,2023,2022,0,2023-01-20,INR,87391600000
RBI:AVG_TURNOVER_RN(1.0),N_A,TR_BILL_91_DAY,W,2023,2022,0,2023-01-20,INR,47840127999.99999
RBI:AVG_TURNOVER_RN(1.0),N_A,TR_BILL_91_DAY,W,2023,2022,0,2023-01-13,INR,21285088000
RBI:AVG_TURNOVER_RN(1.0),N_A,FOREX,W,2023,2022,0,2023-01-13,INR,85815000000
RBI:AVG_TURNOVER_RN(1.0),N_A,GOVT_SEC_RBI,W,2023,2022,0,2023-01-13,INR,4500000000
RBI:AVG_TURNOVER_RN(1.0),N_A,TERM_MONEY,W,2023,2022,0,2023-01-13,INR,5621666666.666666
RBI:AVG_TURNOVER_RN(1.0),N_A,CALL_MONEY,W,2023,2022,0,2023-01-13,INR,175615566666.6667
RBI:AVG_TURNOVER_RN(1.0),N_A,TRI_REPO,W,2023,2022,0,2023-01-13,INR,6139359833333.333
RBI:AVG_TURNOVER_RN(1.0),N_A,CORPO_REPO,W,2023,2022,0,2023-01-13,INR,2560000000
RBI:AVG_TURNOVER_RN(1.0),N_A,GOVT_SEC,W,2023,2022,0,2023-01-13,INR,751769984000.0001
RBI:AVG_TURNOVER_RN(1.0),N_A,TR_BILL_364_DAY,W,2023,2022,0,2023-01-13,INR,26223584000
RBI:AVG_TURNOVER_RN(1.0),N_A,MKT_REPO,W,2023,2022,0,2023-01-13,INR,4351933600000.0005
RBI:AVG_TURNOVER_RN(1.0),N_A,NOTICE_MONEY,W,2023,2022,0,2023-01-13,INR,2576500000.0000005
RBI:AVG_TURNOVER_RN(1.0),N_A,STATE_GOVT_SEC,W,2023,2022,0,2023-01-13,INR,34629788000
RBI:AVG_TURNOVER_RN(1.0),N_A,TR_BILL_182_DAY,W,2023,2022,0,2023-01-13,INR,52453200000
RBI:AVG_TURNOVER_RN(1.0),N_A,GOVT_SEC,W,2023,2022,0,2023-01-06,INR,455461440000.00006
RBI:AVG_TURNOVER_RN(1.0),N_A,CORPO_REPO,W,2023,2022,0,2023-01-06,INR,2748560000
RBI:AVG_TURNOVER_RN(1.0),N_A,CALL_MONEY,W,2023,2022,0,2023-01-06,INR,149147700000
RBI:AVG_TURNOVER_RN(1.0),N_A,GOVT_SEC_RBI,W,2023,2022,0,2023-01-06,INR,80000000
RBI:AVG_TURNOVER_RN(1.0),N_A,MKT_REPO,W,2023,2022,0,2023-01-06,INR,4004964800000
RBI:AVG_TURNOVER_RN(1.0),N_A,TERM_MONEY,W,2023,2022,0,2023-01-06,INR,5408533333.333334
RBI:AVG_TURNOVER_RN(1.0),N_A,FOREX,W,2023,2022,0,2023-01-06,INR,70610000000
RBI:AVG_TURNOVER_RN(1.0),N_A,NOTICE_MONEY,W,2023,2022,0,2023-01-06,INR,41693966666.666664
RBI:AVG_TURNOVER_RN(1.0),N_A,TRI_REPO,W,2023,2022,0,2023-01-06,INR,6500094000000
RBI:AVG_TURNOVER_RN(1.0),N_A,TR_BILL_91_DAY,W,2023,2022,0,2023-01-06,INR,42522040000
RBI:AVG_TURNOVER_RN(1.0),N_A,STATE_GOVT_SEC,W,2023,2022,0,2023-01-06,INR,37371792000
RBI:AVG_TURNOVER_RN(1.0),N_A,TR_BILL_364_DAY,W,2023,2022,0,2023-01-06,INR,46491067999.99999
RBI:AVG_TURNOVER_RN(1.0),N_A,TR_BILL_182_DAY,W,2023,2022,0,2023-01-06,INR,76782268000
RBI:AVG_TURNOVER_RN(1.0),N_A,TR_BILL_182_DAY,W,2023,2022,0,2022-12-30,INR,28539136000
RBI:AVG_TURNOVER_RN(1.0),N_A,GOVT_SEC_RBI,W,2023,2022,0,2022-12-30,INR,340000000
RBI:AVG_TURNOVER_RN(1.0),N_A,STATE_GOVT_SEC,W,2023,2022,0,2022-12-30,INR,31766331999.999996
RBI:AVG_TURNOVER_RN(1.0),N_A,MKT_REPO,W,2023,2022,0,2022-12-30,INR,6003675680000
RBI:AVG_TURNOVER_RN(1.0),N_A,NOTICE_MONEY,W,2023,2022,0,2022-12-30,INR,44179400000.00001
RBI:AVG_TURNOVER_RN(1.0),N_A,CALL_MONEY,W,2023,2022,0,2022-12-30,INR,191073400000
RBI:AVG_TURNOVER_RN(1.0),N_A,CORPO_REPO,W,2023,2022,0,2022-12-30,INR,2080000000
RBI:AVG_TURNOVER_RN(1.0),N_A,GOVT_SEC,W,2023,2022,0,2022-12-30,INR,332903824000
RBI:AVG_TURNOVER_RN(1.0),N_A,TR_BILL_91_DAY,W,2023,2022,0,2022-12-30,INR,22189723999.999996
RBI:AVG_TURNOVER_RN(1.0),N_A,TRI_REPO,W,2023,2022,0,2022-12-30,INR,7907502600000
RBI:AVG_TURNOVER_RN(1.0),N_A,TERM_MONEY,W,2023,2022,0,2022-12-30,INR,8668000000
RBI:AVG_TURNOVER_RN(1.0),N_A,FOREX,W,2023,2022,0,2022-12-30,INR,75159200000
RBI:AVG_TURNOVER_RN(1.0),N_A,TR_BILL_364_DAY,W,2023,2022,0,2022-12-30,INR,28360000000
RBI:AVG_TURNOVER_RN(1.0),N_A,GOVT_SEC,W,2023,2022,0,2022-12-23,INR,434118264000.00006
RBI:AVG_TURNOVER_RN(1.0),N_A,FOREX,W,2023,2022,0,2022-12-23,INR,80619000000
RBI:AVG_TURNOVER_RN(1.0),N_A,CORPO_REPO,W,2023,2022,0,2022-12-23,INR,20064000000
RBI:AVG_TURNOVER_RN(1.0),N_A,NOTICE_MONEY,W,2023,2022,0,2022-12-23,INR,1638100000
RBI:AVG_TURNOVER_RN(1.0),N_A,TR_BILL_91_DAY,W,2023,2022,0,2022-12-23,INR,36693728000
RBI:AVG_TURNOVER_RN(1.0),N_A,TERM_MONEY,W,2023,2022,0,2022-12-23,INR,7165200000
RBI:AVG_TURNOVER_RN(1.0),N_A,CALL_MONEY,W,2023,2022,0,2022-12-23,INR,184465333333.33334
RBI:AVG_TURNOVER_RN(1.0),N_A,TRI_REPO,W,2023,2022,0,2022-12-23,INR,6843189500000.001
RBI:AVG_TURNOVER_RN(1.0),N_A,STATE_GOVT_SEC,W,2023,2022,0,2022-12-23,INR,42067752000
RBI:AVG_TURNOVER_RN(1.0),N_A,TR_BILL_182_DAY,W,2023,2022,0,2022-12-23,INR,34934856000
RBI:AVG_TURNOVER_RN(1.0),N_A,MKT_REPO,W,2023,2022,0,2022-12-23,INR,5023725733333.333
RBI:AVG_TURNOVER_RN(1.0),N_A,GOVT_SEC_RBI,W,2023,2022,0,2022-12-23,INR,10360000000
RBI:AVG_TURNOVER_RN(1.0),N_A,TR_BILL_364_DAY,W,2023,2022,0,2022-12-23,INR,29976180000
RBI:AVG_TURNOVER_RN(1.0),N_A,GOVT_SEC_RBI,W,2023,2022,0,2022-12-16,INR,13100000000
RBI:AVG_TURNOVER_RN(1.0),N_A,TR_BILL_91_DAY,W,2023,2022,0,2022-12-16,INR,33066072000
RBI:AVG_TURNOVER_RN(1.0),N_A,TERM_MONEY,W,2023,2022,0,2022-12-16,INR,8525319999.999999
RBI:AVG_TURNOVER_RN(1.0),N_A,STATE_GOVT_SEC,W,2023,2022,0,2022-12-16,INR,29507696000.000004
RBI:AVG_TURNOVER_RN(1.0),N_A,CORPO_REPO,W,2023,2022,0,2022-12-16,INR,28792000000
RBI:AVG_TURNOVER_RN(1.0),N_A,CALL_MONEY,W,2023,2022,0,2022-12-16,INR,178276600000
RBI:AVG_TURNOVER_RN(1.0),N_A,NOTICE_MONEY,W,2023,2022,0,2022-12-16,INR,54085880000
RBI:AVG_TURNOVER_RN(1.0),N_A,TRI_REPO,W,2023,2022,0,2022-12-16,INR,7191150400000
RBI:AVG_TURNOVER_RN(1.0),N_A,TR_BILL_182_DAY,W,2023,2022,0,2022-12-16,INR,15304056000
RBI:AVG_TURNOVER_RN(1.0),N_A,FOREX,W,2023,2022,0,2022-12-16,INR,84489400000
RBI:AVG_TURNOVER_RN(1.0),N_A,TR_BILL_364_DAY,W,2023,2022,0,2022-12-16,INR,14508084000.000002
RBI:AVG_TURNOVER_RN(1.0),N_A,GOVT_SEC,W,2023,2022,0,2022-12-16,INR,571673188003.9999
RBI:AVG_TURNOVER_RN(1.0),N_A,MKT_REPO,W,2023,2022,0,2022-12-16,INR,5244362400000
RBI:AVG_TURNOVER_RN(1.0),N_A,NOTICE_MONEY,W,2023,2022,0,2022-12-09,INR,4921333333.333334
RBI:AVG_TURNOVER_RN(1.0),N_A,STATE_GOVT_SEC,W,2023,2022,0,2022-12-09,INR,29723232000
RBI:AVG_TURNOVER_RN(1.0),N_A,MKT_REPO,W,2023,2022,0,2022-12-09,INR,4384547466666.6665
RBI:AVG_TURNOVER_RN(1.0),N_A,GOVT_SEC,W,2023,2022,0,2022-12-09,INR,739283596012.0001
RBI:AVG_TURNOVER_RN(1.0),N_A,TR_BILL_182_DAY,W,2023,2022,0,2022-12-09,INR,17312000000
RBI:AVG_TURNOVER_RN(1.0),N_A,FOREX,W,2023,2022,0,2022-12-09,INR,72719000000
RBI:AVG_TURNOVER_RN(1.0),N_A,GOVT_SEC_RBI,W,2023,2022,0,2022-12-09,INR,11309999999.999998
RBI:AVG_TURNOVER_RN(1.0),N_A,TR_BILL_91_DAY,W,2023,2022,0,2022-12-09,INR,38784124000
RBI:AVG_TURNOVER_RN(1.0),N_A,CALL_MONEY,W,2023,2022,0,2022-12-09,INR,163621566666.6667
RBI:AVG_TURNOVER_RN(1.0),N_A,TR_BILL_364_DAY,W,2023,2022,0,2022-12-09,INR,19980000000
RBI:AVG_TURNOVER_RN(1.0),N_A,TRI_REPO,W,2023,2022,0,2022-12-09,INR,5795657500000
RBI:AVG_TURNOVER_RN(1.0),N_A,CORPO_REPO,W,2023,2022,0,2022-12-09,INR,17232000000
RBI:AVG_TURNOVER_RN(1.0),N_A,TERM_MONEY,W,2023,2022,0,2022-12-09,INR,2820200000
RBI:AVG_TURNOVER_RN(1.0),N_A,GOVT_SEC_RBI,W,2023,2022,0,2022-12-02,INR,7360000000
RBI:AVG_TURNOVER_RN(1.0),N_A,STATE_GOVT_SEC,W,2023,2022,0,2022-12-02,INR,34964812000
RBI:AVG_TURNOVER_RN(1.0),N_A,TR_BILL_364_DAY,W,2023,2022,0,2022-12-02,INR,15530004000.000002
RBI:AVG_TURNOVER_RN(1.0),N_A,CORPO_REPO,W,2023,2022,0,2022-12-02,INR,3120000000
RBI:AVG_TURNOVER_RN(1.0),N_A,TR_BILL_182_DAY,W,2023,2022,0,2022-12-02,INR,38228000000
RBI:AVG_TURNOVER_RN(1.0),N_A,TERM_MONEY,W,2023,2022,0,2022-12-02,INR,9436000000
RBI:AVG_TURNOVER_RN(1.0),N_A,TR_BILL_91_DAY,W,2023,2022,0,2022-12-02,INR,28386564000
RBI:AVG_TURNOVER_RN(1.0),N_A,CALL_MONEY,W,2023,2022,0,2022-12-02,INR,158849280000
RBI:AVG_TURNOVER_RN(1.0),N_A,TRI_REPO,W,2023,2022,0,2022-12-02,INR,7607965400000
RBI:AVG_TURNOVER_RN(1.0),N_A,GOVT_SEC,W,2023,2022,0,2022-12-02,INR,663387464000
RBI:AVG_TURNOVER_RN(1.0),N_A,MKT_REPO,W,2023,2022,0,2022-12-02,INR,5500053040000
RBI:AVG_TURNOVER_RN(1.0),N_A,NOTICE_MONEY,W,2023,2022,0,2022-12-02,INR,45257800000.00001
RBI:AVG_TURNOVER_RN(1.0),N_A,FOREX,W,2023,2022,0,2022-12-02,INR,95132800000
RBI:AVG_TURNOVER_RN(1.0),N_A,STATE_GOVT_SEC,W,2023,2022,0,2022-11-25,INR,49885212000
RBI:AVG_TURNOVER_RN(1.0),N_A,TR_BILL_91_DAY,W,2023,2022,0,2022-11-25,INR,54307300000.00001
RBI:AVG_TURNOVER_RN(1.0),N_A,GOVT_SEC_RBI,W,2023,2022,0,2022-11-25,INR,19940000000.000004
RBI:AVG_TURNOVER_RN(1.0),N_A,MKT_REPO,W,2023,2022,0,2022-11-25,INR,4890941666666.667
RBI:AVG_TURNOVER_RN(1.0),N_A,NOTICE_MONEY,W,2023,2022,0,2022-11-25,INR,1919833333.3333335
RBI:AVG_TURNOVER_RN(1.0),N_A,TERM_MONEY,W,2023,2022,0,2022-11-25,INR,3315333333.3333335
RBI:AVG_TURNOVER_RN(1.0),N_A,FOREX,W,2023,2022,0,2022-11-25,INR,73612600000
RBI:AVG_TURNOVER_RN(1.0),N_A,CORPO_REPO,W,2023,2022,0,2022-11-25,INR,4727200000
RBI:AVG_TURNOVER_RN(1.0),N_A,TR_BILL_182_DAY,W,2023,2022,0,2022-11-25,INR,27613248000
RBI:AVG_TURNOVER_RN(1.0),N_A,TRI_REPO,W,2023,2022,0,2022-11-25,INR,7102500666666.668
RBI:AVG_TURNOVER_RN(1.0),N_A,GOVT_SEC,W,2023,2022,0,2022-11-25,INR,564398028000
RBI:AVG_TURNOVER_RN(1.0),N_A,TR_BILL_364_DAY,W,2023,2022,0,2022-11-25,INR,20606063999.999996
RBI:AVG_TURNOVER_RN(1.0),N_A,CALL_MONEY,W,2023,2022,0,2022-11-25,INR,193254066666.66666
RBI:AVG_TURNOVER_RN(1.0),N_A,MKT_REPO,W,2023,2022,0,2022-11-18,INR,5559595760000
RBI:AVG_TURNOVER_RN(1.0),N_A,CORPO_REPO,W,2023,2022,0,2022-11-18,INR,44799920000
RBI:AVG_TURNOVER_RN(1.0),N_A,GOVT_SEC_RBI,W,2023,2022,0,2022-11-18,INR,4439999999.999999
RBI:AVG_TURNOVER_RN(1.0),N_A,TERM_MONEY,W,2023,2022,0,2022-11-18,INR,9704000000
RBI:AVG_TURNOVER_RN(1.0),N_A,CALL_MONEY,W,2023,2022,0,2022-11-18,INR,196658520000
RBI:AVG_TURNOVER_RN(1.0),N_A,FOREX,W,2023,2022,0,2022-11-18,INR,96139200000
RBI:AVG_TURNOVER_RN(1.0),N_A,STATE_GOVT_SEC,W,2023,2022,0,2022-11-18,INR,41706416000
RBI:AVG_TURNOVER_RN(1.0),N_A,TR_BILL_364_DAY,W,2023,2022,0,2022-11-18,INR,28664604000
RBI:AVG_TURNOVER_RN(1.0),N_A,GOVT_SEC,W,2023,2022,0,2022-11-18,INR,807712116000.0001
RBI:AVG_TURNOVER_RN(1.0),N_A,TR_BILL_91_DAY,W,2023,2022,0,2022-11-18,INR,31529528000
RBI:AVG_TURNOVER_RN(1.0),N_A,TR_BILL_182_DAY,W,2023,2022,0,2022-11-18,INR,31753200000
RBI:AVG_TURNOVER_RN(1.0),N_A,NOTICE_MONEY,W,2023,2022,0,2022-11-18,INR,55679000000
RBI:AVG_TURNOVER_RN(1.0),N_A,TRI_REPO,W,2023,2022,0,2022-11-18,INR,7912621400000
RBI:AVG_TURNOVER_RN(1.0),N_A,TERM_MONEY,W,2023,2022,0,2022-11-11,INR,6259000000
RBI:AVG_TURNOVER_RN(1.0),N_A,FOREX,W,2023,2022,0,2022-11-11,INR,86275000000
RBI:AVG_TURNOVER_RN(1.0),N_A,TRI_REPO,W,2023,2022,0,2022-11-11,INR,6722069800000
RBI:AVG_TURNOVER_RN(1.0),N_A,TR_BILL_91_DAY,W,2023,2022,0,2022-11-11,INR,20757810000
RBI:AVG_TURNOVER_RN(1.0),N_A,CALL_MONEY,W,2023,2022,0,2022-11-11,INR,198134359999.99997
RBI:AVG_TURNOVER_RN(1.0),N_A,MKT_REPO,W,2023,2022,0,2022-11-11,INR,4675760880000
RBI:AVG_TURNOVER_RN(1.0),N_A,STATE_GOVT_SEC,W,2023,2022,0,2022-11-11,INR,37694005000.00001
RBI:AVG_TURNOVER_RN(1.0),N_A,TR_BILL_364_DAY,W,2023,2022,0,2022-11-11,INR,13080850000
RBI:AVG_TURNOVER_RN(1.0),N_A,GOVT_SEC,W,2023,2022,0,2022-11-11,INR,588183355000
RBI:AVG_TURNOVER_RN(1.0),N_A,NOTICE_MONEY,W,2023,2022,0,2022-11-11,INR,7065680000
RBI:AVG_TURNOVER_RN(1.0),N_A,TR_BILL_182_DAY,W,2023,2022,0,2022-11-11,INR,29715965000
RBI:AVG_TURNOVER_RN(1.0),N_A,CORPO_REPO,W,2023,2022,0,2022-11-11,INR,19230000000
RBI:AVG_TURNOVER_RN(1.0),N_A,GOVT_SEC_RBI,W,2023,2022,0,2022-11-11,INR,2520000000
RBI:AVG_TURNOVER_RN(1.0),N_A,MKT_REPO,W,2023,2022,0,2022-11-04,INR,4774268333333.333
RBI:AVG_TURNOVER_RN(1.0),N_A,STATE_GOVT_SEC,W,2023,2022,0,2022-11-04,INR,33023120000
RBI:AVG_TURNOVER_RN(1.0),N_A,TR_BILL_182_DAY,W,2023,2022,0,2022-11-04,INR,25521760000
RBI:AVG_TURNOVER_RN(1.0),N_A,TERM_MONEY,W,2023,2022,0,2022-11-04,INR,4651666666.666667
RBI:AVG_TURNOVER_RN(1.0),N_A,FOREX,W,2023,2022,0,2022-11-04,INR,88470400000
RBI:AVG_TURNOVER_RN(1.0),N_A,CORPO_REPO,W,2023,2022,0,2022-11-04,INR,60560000000
RBI:AVG_TURNOVER_RN(1.0),N_A,TR_BILL_364_DAY,W,2023,2022,0,2022-11-04,INR,14808704000
RBI:AVG_TURNOVER_RN(1.0),N_A,TRI_REPO,W,2023,2022,0,2022-11-04,INR,7163976500000
RBI:AVG_TURNOVER_RN(1.0),N_A,NOTICE_MONEY,W,2023,2022,0,2022-11-04,INR,41739800000.00001
RBI:AVG_TURNOVER_RN(1.0),N_A,GOVT_SEC,W,2023,2022,0,2022-11-04,INR,455149588000
RBI:AVG_TURNOVER_RN(1.0),N_A,CALL_MONEY,W,2023,2022,0,2022-11-04,INR,173265333333.33334
RBI:AVG_TURNOVER_RN(1.0),N_A,GOVT_SEC_RBI,W,2023,2022,0,2022-11-04,INR,160000000
RBI:AVG_TURNOVER_RN(1.0),N_A,TR_BILL_91_DAY,W,2023,2022,0,2022-11-04,INR,33691444000
RBI:AVG_TURNOVER_RN(1.0),N_A,STATE_GOVT_SEC,W,2023,2022,0,2022-10-28,INR,78838346666.66667
RBI:AVG_TURNOVER_RN(1.0),N_A,FOREX,W,2023,2022,0,2022-10-28,INR,97414000000
RBI:AVG_TURNOVER_RN(1.0),N_A,MKT_REPO,W,2023,2022,0,2022-10-28,INR,6380199733333.333
RBI:AVG_TURNOVER_RN(1.0),N_A,TR_BILL_91_DAY,W,2023,2022,0,2022-10-28,INR,11546666666.666668
RBI:AVG_TURNOVER_RN(1.0),N_A,TR_BILL_182_DAY,W,2023,2022,0,2022-10-28,INR,32034673333.333336
RBI:AVG_TURNOVER_RN(1.0),N_A,GOVT_SEC_RBI,W,2023,2022,0,2022-10-28,INR,40000000
RBI:AVG_TURNOVER_RN(1.0),N_A,NOTICE_MONEY,W,2023,2022,0,2022-10-28,INR,89312800000
RBI:AVG_TURNOVER_RN(1.0),N_A,TR_BILL_364_DAY,W,2023,2022,0,2022-10-28,INR,18464773333.333332
RBI:AVG_TURNOVER_RN(1.0),N_A,TERM_MONEY,W,2023,2022,0,2022-10-28,INR,16750000000
RBI:AVG_TURNOVER_RN(1.0),N_A,CORPO_REPO,W,2023,2022,0,2022-10-28,INR,32533333333.333336
RBI:AVG_TURNOVER_RN(1.0),N_A,CALL_MONEY,W,2023,2022,0,2022-10-28,INR,153864533333.33334
RBI:AVG_TURNOVER_RN(1.0),N_A,GOVT_SEC,W,2023,2022,0,2022-10-28,INR,495634953333.3333
RBI:AVG_TURNOVER_RN(1.0),N_A,TRI_REPO,W,2023,2022,0,2022-10-28,INR,9115586000000
RBI:AVG_TURNOVER_RN(1.0),N_A,NOTICE_MONEY,W,2023,2022,0,2022-10-21,INR,2845500000
RBI:AVG_TURNOVER_RN(1.0),N_A,MKT_REPO,W,2023,2022,0,2022-10-21,INR,4780687066666.667
RBI:AVG_TURNOVER_RN(1.0),N_A,TR_BILL_182_DAY,W,2023,2022,0,2022-10-21,INR,23910600000
RBI:AVG_TURNOVER_RN(1.0),N_A,CORPO_REPO,W,2023,2022,0,2022-10-21,INR,3160000000
RBI:AVG_TURNOVER_RN(1.0),N_A,GOVT_SEC,W,2023,2022,0,2022-10-21,INR,648507032000
RBI:AVG_TURNOVER_RN(1.0),N_A,TERM_MONEY,W,2023,2022,0,2022-10-21,INR,6828666666.666667
RBI:AVG_TURNOVER_RN(1.0),N_A,TR_BILL_91_DAY,W,2023,2022,0,2022-10-21,INR,19092000000
RBI:AVG_TURNOVER_RN(1.0),N_A,CALL_MONEY,W,2023,2022,0,2022-10-21,INR,184693299999.99997
RBI:AVG_TURNOVER_RN(1.0),N_A,TRI_REPO,W,2023,2022,0,2022-10-21,INR,7596295833333.334
RBI:AVG_TURNOVER_RN(1.0),N_A,TR_BILL_364_DAY,W,2023,2022,0,2022-10-21,INR,20219776000
RBI:AVG_TURNOVER_RN(1.0),N_A,STATE_GOVT_SEC,W,2023,2022,0,2022-10-21,INR,32833911999.999992
RBI:AVG_TURNOVER_RN(1.0),N_A,GOVT_SEC_RBI,W,2023,2022,0,2022-10-21,INR,1280000000
RBI:AVG_TURNOVER_RN(1.0),N_A,FOREX,W,2023,2022,0,2022-10-21,INR,89923200000
RBI:AVG_TURNOVER_RN(1.0),N_A,FOREX,W,2023,2022,0,2022-10-14,INR,87593800000
RBI:AVG_TURNOVER_RN(1.0),N_A,TR_BILL_364_DAY,W,2023,2022,0,2022-10-14,INR,27323840000
RBI:AVG_TURNOVER_RN(1.0),N_A,NOTICE_MONEY,W,2023,2022,0,2022-10-14,INR,40687600000
RBI:AVG_TURNOVER_RN(1.0),N_A,TRI_REPO,W,2023,2022,0,2022-10-14,INR,8726346199999.999
RBI:AVG_TURNOVER_RN(1.0),N_A,TERM_MONEY,W,2023,2022,0,2022-10-14,INR,3363120000
RBI:AVG_TURNOVER_RN(1.0),N_A,CALL_MONEY,W,2023,2022,0,2022-10-14,INR,176429120000
RBI:AVG_TURNOVER_RN(1.0),N_A,TR_BILL_91_DAY,W,2023,2022,0,2022-10-14,INR,45596000000
RBI:AVG_TURNOVER_RN(1.0),N_A,GOVT_SEC_RBI,W,2023,2022,0,2022-10-14,INR,69999999.99999999
RBI:AVG_TURNOVER_RN(1.0),N_A,STATE_GOVT_SEC,W,2023,2022,0,2022-10-14,INR,26977952000
RBI:AVG_TURNOVER_RN(1.0),N_A,GOVT_SEC,W,2023,2022,0,2022-10-14,INR,616466528000
RBI:AVG_TURNOVER_RN(1.0),N_A,MKT_REPO,W,2023,2022,0,2022-10-14,INR,5748389040000
RBI:AVG_TURNOVER_RN(1.0),N_A,CORPO_REPO,W,2023,2022,0,2022-10-14,INR,52504000000
RBI:AVG_TURNOVER_RN(1.0),N_A,TR_BILL_182_DAY,W,2023,2022,0,2022-10-14,INR,26176836000
RBI:AVG_TURNOVER_RN(1.0),N_A,TR_BILL_91_DAY,W,2023,2022,0,2022-10-07,INR,62850000000
RBI:AVG_TURNOVER_RN(1.0),N_A,TRI_REPO,W,2023,2022,0,2022-10-07,INR,6503152600000
RBI:AVG_TURNOVER_RN(1.0),N_A,NOTICE_MONEY,W,2023,2022,0,2022-10-07,INR,2868920000
RBI:AVG_TURNOVER_RN(1.0),N_A,STATE_GOVT_SEC,W,2023,2022,0,2022-10-07,INR,52567955000.00001
RBI:AVG_TURNOVER_RN(1.0),N_A,CORPO_REPO,W,2023,2022,0,2022-10-07,INR,34080000000
RBI:AVG_TURNOVER_RN(1.0),N_A,TR_BILL_364_DAY,W,2023,2022,0,2022-10-07,INR,23552620000
RBI:AVG_TURNOVER_RN(1.0),N_A,CALL_MONEY,W,2023,2022,0,2022-10-07,INR,185507160000
RBI:AVG_TURNOVER_RN(1.0),N_A,TR_BILL_182_DAY,W,2023,2022,0,2022-10-07,INR,95085290000
RBI:AVG_TURNOVER_RN(1.0),N_A,FOREX,W,2023,2022,0,2022-10-07,INR,86602250000
RBI:AVG_TURNOVER_RN(1.0),N_A,MKT_REPO,W,2023,2022,0,2022-10-07,INR,4651951519999.999
RBI:AVG_TURNOVER_RN(1.0),N_A,GOVT_SEC,W,2023,2022,0,2022-10-07,INR,701538170005
RBI:AVG_TURNOVER_RN(1.0),N_A,TERM_MONEY,W,2023,2022,0,2022-10-07,INR,5332479999.999999
RBI:AVG_TURNOVER_RN(1.0),N_A,GOVT_SEC_RBI,W,2023,2022,0,2022-10-07,INR,1880000000
RBI:AVG_TURNOVER_RN(1.0),N_A,GOVT_SEC_RBI,W,2023,2022,0,2022-09-30,INR,4790000000
RBI:AVG_TURNOVER_RN(1.0),N_A,NOTICE_MONEY,W,2023,2022,0,2022-09-30,INR,32187080000
RBI:AVG_TURNOVER_RN(1.0),N_A,TR_BILL_364_DAY,W,2023,2022,0,2022-09-30,INR,28838020000
RBI:AVG_TURNOVER_RN(1.0),N_A,CORPO_REPO,W,2023,2022,0,2022-09-30,INR,2320000000
RBI:AVG_TURNOVER_RN(1.0),N_A,TERM_MONEY,W,2023,2022,0,2022-09-30,INR,7167120000
RBI:AVG_TURNOVER_RN(1.0),N_A,GOVT_SEC,W,2023,2022,0,2022-09-30,INR,739786812000.0001
RBI:AVG_TURNOVER_RN(1.0),N_A,TRI_REPO,W,2023,2022,0,2022-09-30,INR,8868502600000
RBI:AVG_TURNOVER_RN(1.0),N_A,FOREX,W,2023,2022,0,2022-09-30,INR,121049600000
RBI:AVG_TURNOVER_RN(1.0),N_A,CALL_MONEY,W,2023,2022,0,2022-09-30,INR,214914440000
RBI:AVG_TURNOVER_RN(1.0),N_A,TR_BILL_91_DAY,W,2023,2022,0,2022-09-30,INR,56631792000.00001
RBI:AVG_TURNOVER_RN(1.0),N_A,TR_BILL_182_DAY,W,2023,2022,0,2022-09-30,INR,54727516000.00001
RBI:AVG_TURNOVER_RN(1.0),N_A,STATE_GOVT_SEC,W,2023,2022,0,2022-09-30,INR,38595424000
RBI:AVG_TURNOVER_RN(1.0),N_A,MKT_REPO,W,2023,2022,0,2022-09-30,INR,6047968959999.999
RBI:AVG_TURNOVER_RN(1.0),N_A,NOTICE_MONEY,W,2023,2022,0,2022-09-23,INR,5858066666.666667
RBI:AVG_TURNOVER_RN(1.0),N_A,MKT_REPO,W,2023,2022,0,2022-09-23,INR,4658771533333.333
RBI:AVG_TURNOVER_RN(1.0),N_A,TR_BILL_182_DAY,W,2023,2022,0,2022-09-23,INR,53793099999.99999
RBI:AVG_TURNOVER_RN(1.0),N_A,CALL_MONEY,W,2023,2022,0,2022-09-23,INR,217301600000
RBI:AVG_TURNOVER_RN(1.0),N_A,TRI_REPO,W,2023,2022,0,2022-09-23,INR,6982693500000
RBI:AVG_TURNOVER_RN(1.0),N_A,CORPO_REPO,W,2023,2022,0,2022-09-23,INR,10952000000
RBI:AVG_TURNOVER_RN(1.0),N_A,GOVT_SEC_RBI,W,2023,2022,0,2022-09-23,INR,14460000000
RBI:AVG_TURNOVER_RN(1.0),N_A,STATE_GOVT_SEC,W,2023,2022,0,2022-09-23,INR,33037440000.000004
RBI:AVG_TURNOVER_RN(1.0),N_A,TR_BILL_91_DAY,W,2023,2022,0,2022-09-23,INR,25526279999.999996
RBI:AVG_TURNOVER_RN(1.0),N_A,TR_BILL_364_DAY,W,2023,2022,0,2022-09-23,INR,36593400000
RBI:AVG_TURNOVER_RN(1.0),N_A,FOREX,W,2023,2022,0,2022-09-23,INR,95270600000
RBI:AVG_TURNOVER_RN(1.0),N_A,TERM_MONEY,W,2023,2022,0,2022-09-23,INR,7771666666.666666
RBI:AVG_TURNOVER_RN(1.0),N_A,GOVT_SEC,W,2023,2022,0,2022-09-23,INR,622430012000
RBI:AVG_TURNOVER_RN(1.0),N_A,CORPO_REPO,W,2023,2022,0,2022-09-16,INR,15680000000
RBI:AVG_TURNOVER_RN(1.0),N_A,MKT_REPO,W,2023,2022,0,2022-09-16,INR,5013504080000
RBI:AVG_TURNOVER_RN(1.0),N_A,TR_BILL_182_DAY,W,2023,2022,0,2022-09-16,INR,63987640000
RBI:AVG_TURNOVER_RN(1.0),N_A,TRI_REPO,W,2023,2022,0,2022-09-16,INR,7655133800000
RBI:AVG_TURNOVER_RN(1.0),N_A,GOVT_SEC_RBI,W,2023,2022,0,2022-09-16,INR,3620000000
RBI:AVG_TURNOVER_RN(1.0),N_A,TR_BILL_91_DAY,W,2023,2022,0,2022-09-16,INR,36825264000
RBI:AVG_TURNOVER_RN(1.0),N_A,FOREX,W,2023,2022,0,2022-09-16,INR,86258600000
RBI:AVG_TURNOVER_RN(1.0),N_A,STATE_GOVT_SEC,W,2023,2022,0,2022-09-16,INR,39091400000.00001
RBI:AVG_TURNOVER_RN(1.0),N_A,TR_BILL_364_DAY,W,2023,2022,0,2022-09-16,INR,32973412000
RBI:AVG_TURNOVER_RN(1.0),N_A,TERM_MONEY,W,2023,2022,0,2022-09-16,INR,10916000000
RBI:AVG_TURNOVER_RN(1.0),N_A,NOTICE_MONEY,W,2023,2022,0,2022-09-16,INR,40246160000.00001
RBI:AVG_TURNOVER_RN(1.0),N_A,CALL_MONEY,W,2023,2022,0,2022-09-16,INR,180907800000
RBI:AVG_TURNOVER_RN(1.0),N_A,GOVT_SEC,W,2023,2022,0,2022-09-16,INR,759459864000
RBI:AVG_TURNOVER_RN(1.0),N_A,TR_BILL_364_DAY,W,2023,2022,0,2022-09-09,INR,20079104000
RBI:AVG_TURNOVER_RN(1.0),N_A,TERM_MONEY,W,2023,2022,0,2022-09-09,INR,8645000000
RBI:AVG_TURNOVER_RN(1.0),N_A,MKT_REPO,W,2023,2022,0,2022-09-09,INR,4183252466666.6665
RBI:AVG_TURNOVER_RN(1.0),N_A,TR_BILL_182_DAY,W,2023,2022,0,2022-09-09,INR,53371936000.00001
RBI:AVG_TURNOVER_RN(1.0),N_A,CALL_MONEY,W,2023,2022,0,2022-09-09,INR,193567966666.66666
RBI:AVG_TURNOVER_RN(1.0),N_A,CORPO_REPO,W,2023,2022,0,2022-09-09,INR,30584000000
RBI:AVG_TURNOVER_RN(1.0),N_A,TRI_REPO,W,2023,2022,0,2022-09-09,INR,6603915499999.999
RBI:AVG_TURNOVER_RN(1.0),N_A,NOTICE_MONEY,W,2023,2022,0,2022-09-09,INR,2666166666.6666665
RBI:AVG_TURNOVER_RN(1.0),N_A,GOVT_SEC,W,2023,2022,0,2022-09-09,INR,963094536000
RBI:AVG_TURNOVER_RN(1.0),N_A,FOREX,W,2023,2022,0,2022-09-09,INR,76570000000
RBI:AVG_TURNOVER_RN(1.0),N_A,TR_BILL_91_DAY,W,2023,2022,0,2022-09-09,INR,28544368000
RBI:AVG_TURNOVER_RN(1.0),N_A,STATE_GOVT_SEC,W,2023,2022,0,2022-09-09,INR,38786368000.00001
RBI:AVG_TURNOVER_RN(1.0),N_A,GOVT_SEC_RBI,W,2023,2022,0,2022-09-09,INR,10650000000
RBI:AVG_TURNOVER_RN(1.0),N_A,TR_BILL_182_DAY,W,2023,2022,0,2022-09-02,INR,38096250000
RBI:AVG_TURNOVER_RN(1.0),N_A,STATE_GOVT_SEC,W,2023,2022,0,2022-09-02,INR,34365050000
RBI:AVG_TURNOVER_RN(1.0),N_A,CALL_MONEY,W,2023,2022,0,2022-09-02,INR,194557800000
RBI:AVG_TURNOVER_RN(1.0),N_A,NOTICE_MONEY,W,2023,2022,0,2022-09-02,INR,56464150000
RBI:AVG_TURNOVER_RN(1.0),N_A,TERM_MONEY,W,2023,2022,0,2022-09-02,INR,12261750000
RBI:AVG_TURNOVER_RN(1.0),N_A,TR_BILL_91_DAY,W,2023,2022,0,2022-09-02,INR,53131965000
RBI:AVG_TURNOVER_RN(1.0),N_A,TR_BILL_364_DAY,W,2023,2022,0,2022-09-02,INR,25822550000
RBI:AVG_TURNOVER_RN(1.0),N_A,GOVT_SEC_RBI,W,2023,2022,0,2022-09-02,INR,4769999999.999999
RBI:AVG_TURNOVER_RN(1.0),N_A,MKT_REPO,W,2023,2022,0,2022-09-02,INR,6008680200000
RBI:AVG_TURNOVER_RN(1.0),N_A,CORPO_REPO,W,2023,2022,0,2022-09-02,INR,34190000000
RBI:AVG_TURNOVER_RN(1.0),N_A,GOVT_SEC,W,2023,2022,0,2022-09-02,INR,986680840000
RBI:AVG_TURNOVER_RN(1.0),N_A,FOREX,W,2023,2022,0,2022-09-02,INR,99107500000
RBI:AVG_TURNOVER_RN(1.0),N_A,TRI_REPO,W,2023,2022,0,2022-09-02,INR,7962930500000
RBI:AVG_TURNOVER_RN(1.0),N_A,MKT_REPO,W,2023,2022,0,2022-08-26,INR,4705468533333.333
RBI:AVG_TURNOVER_RN(1.0),N_A,TR_BILL_364_DAY,W,2023,2022,0,2022-08-26,INR,28954108000
RBI:AVG_TURNOVER_RN(1.0),N_A,GOVT_SEC,W,2023,2022,0,2022-08-26,INR,670053636000.0001
RBI:AVG_TURNOVER_RN(1.0),N_A,STATE_GOVT_SEC,W,2023,2022,0,2022-08-26,INR,33659516000.000004
RBI:AVG_TURNOVER_RN(1.0),N_A,GOVT_SEC_RBI,W,2023,2022,0,2022-08-26,INR,2970000000
RBI:AVG_TURNOVER_RN(1.0),N_A,TR_BILL_91_DAY,W,2023,2022,0,2022-08-26,INR,54701972000.00001
RBI:AVG_TURNOVER_RN(1.0),N_A,FOREX,W,2023,2022,0,2022-08-26,INR,94756000000
RBI:AVG_TURNOVER_RN(1.0),N_A,TRI_REPO,W,2023,2022,0,2022-08-26,INR,6977412000000.001
RBI:AVG_TURNOVER_RN(1.0),N_A,TERM_MONEY,W,2023,2022,0,2022-08-26,INR,5009166666.666667
RBI:AVG_TURNOVER_RN(1.0),N_A,NOTICE_MONEY,W,2023,2022,0,2022-08-26,INR,5106566666.666667
RBI:AVG_TURNOVER_RN(1.0),N_A,TR_BILL_182_DAY,W,2023,2022,0,2022-08-26,INR,61512788000
RBI:AVG_TURNOVER_RN(1.0),N_A,CALL_MONEY,W,2023,2022,0,2022-08-26,INR,203286766666.66666
RBI:AVG_TURNOVER_RN(1.0),N_A,CORPO_REPO,W,2023,2022,0,2022-08-26,INR,18200000000
RBI:AVG_TURNOVER_RN(1.0),N_A,TR_BILL_182_DAY,W,2023,2022,0,2022-08-19,INR,29270373333.333332
RBI:AVG_TURNOVER_RN(1.0),N_A,GOVT_SEC_RBI,W,2023,2022,0,2022-08-19,INR,7860000000
RBI:AVG_TURNOVER_RN(1.0),N_A,TRI_REPO,W,2023,2022,0,2022-08-19,INR,7868368333333.334
RBI:AVG_TURNOVER_RN(1.0),N_A,FOREX,W,2023,2022,0,2022-08-19,INR,88686000000
RBI:AVG_TURNOVER_RN(1.0),N_A,TERM_MONEY,W,2023,2022,0,2022-08-19,INR,12446666666.666668
RBI:AVG_TURNOVER_RN(1.0),N_A,MKT_REPO,W,2023,2022,0,2022-08-19,INR,5614515466666.666
RBI:AVG_TURNOVER_RN(1.0),N_A,NOTICE_MONEY,W,2023,2022,0,2022-08-19,INR,89163466666.66666
RBI:AVG_TURNOVER_RN(1.0),N_A,CORPO_REPO,W,2023,2022,0,2022-08-19,INR,58506666666.66667
RBI:AVG_TURNOVER_RN(1.0),N_A,TR_BILL_364_DAY,W,2023,2022,0,2022-08-19,INR,28389486666.666668
RBI:AVG_TURNOVER_RN(1.0),N_A,TR_BILL_91_DAY,W,2023,2022,0,2022-08-19,INR,32430820000
RBI:AVG_TURNOVER_RN(1.0),N_A,CALL_MONEY,W,2023,2022,0,2022-08-19,INR,152430533333.33334
RBI:AVG_TURNOVER_RN(1.0),N_A,GOVT_SEC,W,2023,2022,0,2022-08-19,INR,688938833333.3333
RBI:AVG_TURNOVER_RN(1.0),N_A,STATE_GOVT_SEC,W,2023,2022,0,2022-08-19,INR,40223546666.666664
RBI:AVG_TURNOVER_RN(1.0),N_A,TERM_MONEY,W,2023,2022,0,2022-08-12,INR,3940000000
RBI:AVG_TURNOVER_RN(1.0),N_A,CORPO_REPO,W,2023,2022,0,2022-08-12,INR,12130000000
RBI:AVG_TURNOVER_RN(1.0),N_A,NOTICE_MONEY,W,2023,2022,0,2022-08-12,INR,8642920000
RBI:AVG_TURNOVER_RN(1.0),N_A,TR_BILL_182_DAY,W,2023,2022,0,2022-08-12,INR,27150005000
RBI:AVG_TURNOVER_RN(1.0),N_A,GOVT_SEC,W,2023,2022,0,2022-08-12,INR,758196480005.0001
RBI:AVG_TURNOVER_RN(1.0),N_A,FOREX,W,2023,2022,0,2022-08-12,INR,77956000000
RBI:AVG_TURNOVER_RN(1.0),N_A,CALL_MONEY,W,2023,2022,0,2022-08-12,INR,193893440000
RBI:AVG_TURNOVER_RN(1.0),N_A,TR_BILL_364_DAY,W,2023,2022,0,2022-08-12,INR,18569865000
RBI:AVG_TURNOVER_RN(1.0),N_A,TRI_REPO,W,2023,2022,0,2022-08-12,INR,6065191799999.999
RBI:AVG_TURNOVER_RN(1.0),N_A,MKT_REPO,W,2023,2022,0,2022-08-12,INR,4423836480000
RBI:AVG_TURNOVER_RN(1.0),N_A,STATE_GOVT_SEC,W,2023,2022,0,2022-08-12,INR,50433650000
RBI:AVG_TURNOVER_RN(1.0),N_A,TR_BILL_91_DAY,W,2023,2022,0,2022-08-12,INR,33547010000
RBI:AVG_TURNOVER_RN(1.0),N_A,GOVT_SEC_RBI,W,2023,2022,0,2022-08-12,INR,6710000000
RBI:AVG_TURNOVER_RN(1.0),N_A,TR_BILL_364_DAY,W,2023,2022,0,2022-08-05,INR,15226368000
RBI:AVG_TURNOVER_RN(1.0),N_A,CORPO_REPO,W,2023,2022,0,2022-08-05,INR,26520000000
RBI:AVG_TURNOVER_RN(1.0),N_A,TERM_MONEY,W,2023,2022,0,2022-08-05,INR,5328333333.333334
RBI:AVG_TURNOVER_RN(1.0),N_A,TR_BILL_182_DAY,W,2023,2022,0,2022-08-05,INR,49043116000
RBI:AVG_TURNOVER_RN(1.0),N_A,CALL_MONEY,W,2023,2022,0,2022-08-05,INR,166252700000
RBI:AVG_TURNOVER_RN(1.0),N_A,NOTICE_MONEY,W,2023,2022,0,2022-08-05,INR,41933666666.666664
RBI:AVG_TURNOVER_RN(1.0),N_A,TR_BILL_91_DAY,W,2023,2022,0,2022-08-05,INR,58277600000
RBI:AVG_TURNOVER_RN(1.0),N_A,MKT_REPO,W,2023,2022,0,2022-08-05,INR,4246077866666.667
RBI:AVG_TURNOVER_RN(1.0),N_A,GOVT_SEC_RBI,W,2023,2022,0,2022-08-05,INR,26080000000
RBI:AVG_TURNOVER_RN(1.0),N_A,STATE_GOVT_SEC,W,2023,2022,0,2022-08-05,INR,63231455999.99999
RBI:AVG_TURNOVER_RN(1.0),N_A,TRI_REPO,W,2023,2022,0,2022-08-05,INR,6015819500000.001
RBI:AVG_TURNOVER_RN(1.0),N_A,FOREX,W,2023,2022,0,2022-08-05,INR,88394400000
RBI:AVG_TURNOVER_RN(1.0),N_A,GOVT_SEC,W,2023,2022,0,2022-08-05,INR,839288680000.0001
RBI:AVG_TURNOVER_RN(1.0),N_A,TRI_REPO,W,2023,2022,0,2022-07-29,INR,7240485800000
RBI:AVG_TURNOVER_RN(1.0),N_A,FOREX,W,2023,2022,0,2022-07-29,INR,98204000000
RBI:AVG_TURNOVER_RN(1.0),N_A,GOVT_SEC,W,2023,2022,0,2022-07-29,INR,705194544000
RBI:AVG_TURNOVER_RN(1.0),N_A,GOVT_SEC_RBI,W,2023,2022,0,2022-07-29,INR,4420000000
RBI:AVG_TURNOVER_RN(1.0),N_A,TR_BILL_364_DAY,W,2023,2022,0,2022-07-29,INR,15966024000
RBI:AVG_TURNOVER_RN(1.0),N_A,MKT_REPO,W,2023,2022,0,2022-07-29,INR,5150231280000
RBI:AVG_TURNOVER_RN(1.0),N_A,CORPO_REPO,W,2023,2022,0,2022-07-29,INR,1832000000
RBI:AVG_TURNOVER_RN(1.0),N_A,NOTICE_MONEY,W,2023,2022,0,2022-07-29,INR,42455880000
RBI:AVG_TURNOVER_RN(1.0),N_A,TR_BILL_182_DAY,W,2023,2022,0,2022-07-29,INR,54382600000
RBI:AVG_TURNOVER_RN(1.0),N_A,CALL_MONEY,W,2023,2022,0,2022-07-29,INR,211152720000
RBI:AVG_TURNOVER_RN(1.0),N_A,TR_BILL_91_DAY,W,2023,2022,0,2022-07-29,INR,29212799999.999996
RBI:AVG_TURNOVER_RN(1.0),N_A,STATE_GOVT_SEC,W,2023,2022,0,2022-07-29,INR,58654472000.00001
RBI:AVG_TURNOVER_RN(1.0),N_A,TERM_MONEY,W,2023,2022,0,2022-07-29,INR,3183000000
RBI:AVG_TURNOVER_RN(1.0),N_A,STATE_GOVT_SEC,W,2023,2022,0,2022-07-22,INR,46029676000
RBI:AVG_TURNOVER_RN(1.0),N_A,GOVT_SEC,W,2023,2022,0,2022-07-22,INR,591727080000
RBI:AVG_TURNOVER_RN(1.0),N_A,TR_BILL_182_DAY,W,2023,2022,0,2022-07-22,INR,46510379999.99999
RBI:AVG_TURNOVER_RN(1.0),N_A,TRI_REPO,W,2023,2022,0,2022-07-22,INR,5897014500000.001
RBI:AVG_TURNOVER_RN(1.0),N_A,TR_BILL_364_DAY,W,2023,2022,0,2022-07-22,INR,21074044000.000004
RBI:AVG_TURNOVER_RN(1.0),N_A,MKT_REPO,W,2023,2022,0,2022-07-22,INR,4492313200000
RBI:AVG_TURNOVER_RN(1.0),N_A,TR_BILL_91_DAY,W,2023,2022,0,2022-07-22,INR,38229600000
RBI:AVG_TURNOVER_RN(1.0),N_A,FOREX,W,2023,2022,0,2022-07-22,INR,91964600000
RBI:AVG_TURNOVER_RN(1.0),N_A,TERM_MONEY,W,2023,2022,0,2022-07-22,INR,3509166666.666667
RBI:AVG_TURNOVER_RN(1.0),N_A,CORPO_REPO,W,2023,2022,0,2022-07-22,INR,29470400000
RBI:AVG_TURNOVER_RN(1.0),N_A,GOVT_SEC_RBI,W,2023,2022,0,2022-07-22,INR,3360000000.0000005
RBI:AVG_TURNOVER_RN(1.0),N_A,CALL_MONEY,W,2023,2022,0,2022-07-22,INR,257677333333.33334
RBI:AVG_TURNOVER_RN(1.0),N_A,NOTICE_MONEY,W,2023,2022,0,2022-07-22,INR,5183833333.333333
RBI:AVG_TURNOVER_RN(1.0),N_A,GOVT_SEC,W,2023,2022,0,2022-07-15,INR,661615940000
RBI:AVG_TURNOVER_RN(1.0),N_A,MKT_REPO,W,2023,2022,0,2022-07-15,INR,5381024639999.999
RBI:AVG_TURNOVER_RN(1.0),N_A,CORPO_REPO,W,2023,2022,0,2022-07-15,INR,51288000000
RBI:AVG_TURNOVER_RN(1.0),N_A,GOVT_SEC_RBI,W,2023,2022,0,2022-07-15,INR,3860000000.0000005
RBI:AVG_TURNOVER_RN(1.0),N_A,TERM_MONEY,W,2023,2022,0,2022-07-15,INR,6528000000
RBI:AVG_TURNOVER_RN(1.0),N_A,TR_BILL_182_DAY,W,2023,2022,0,2022-07-15,INR,44341000000
RBI:AVG_TURNOVER_RN(1.0),N_A,STATE_GOVT_SEC,W,2023,2022,0,2022-07-15,INR,38629184000
RBI:AVG_TURNOVER_RN(1.0),N_A,TR_BILL_364_DAY,W,2023,2022,0,2022-07-15,INR,26644924000
RBI:AVG_TURNOVER_RN(1.0),N_A,TRI_REPO,W,2023,2022,0,2022-07-15,INR,7167819200000
RBI:AVG_TURNOVER_RN(1.0),N_A,NOTICE_MONEY,W,2023,2022,0,2022-07-15,INR,63527680000
RBI:AVG_TURNOVER_RN(1.0),N_A,CALL_MONEY,W,2023,2022,0,2022-07-15,INR,222650320000
RBI:AVG_TURNOVER_RN(1.0),N_A,FOREX,W,2023,2022,0,2022-07-15,INR,85365600000
RBI:AVG_TURNOVER_RN(1.0),N_A,TR_BILL_91_DAY,W,2023,2022,0,2022-07-15,INR,30000320000
RBI:AVG_TURNOVER_RN(1.0),N_A,TR_BILL_364_DAY,W,2023,2022,0,2022-07-08,INR,21679500000
RBI:AVG_TURNOVER_RN(1.0),N_A,MKT_REPO,W,2023,2022,0,2022-07-08,INR,4903915266666.667
RBI:AVG_TURNOVER_RN(1.0),N_A,GOVT_SEC,W,2023,2022,0,2022-07-08,INR,686383736000
RBI:AVG_TURNOVER_RN(1.0),N_A,TRI_REPO,W,2023,2022,0,2022-07-08,INR,6118671500000
RBI:AVG_TURNOVER_RN(1.0),N_A,TR_BILL_91_DAY,W,2023,2022,0,2022-07-08,INR,55769116000
RBI:AVG_TURNOVER_RN(1.0),N_A,TERM_MONEY,W,2023,2022,0,2022-07-08,INR,4258666666.666666
RBI:AVG_TURNOVER_RN(1.0),N_A,CALL_MONEY,W,2023,2022,0,2022-07-08,INR,256643333333.3333
RBI:AVG_TURNOVER_RN(1.0),N_A,GOVT_SEC_RBI,W,2023,2022,0,2022-07-08,INR,800000000
RBI:AVG_TURNOVER_RN(1.0),N_A,FOREX,W,2023,2022,0,2022-07-08,INR,73720800000
RBI:AVG_TURNOVER_RN(1.0),N_A,CORPO_REPO,W,2023,2022,0,2022-07-08,INR,3076000000
RBI:AVG_TURNOVER_RN(1.0),N_A,TR_BILL_182_DAY,W,2023,2022,0,2022-07-08,INR,66768975999.99999
RBI:AVG_TURNOVER_RN(1.0),N_A,STATE_GOVT_SEC,W,2023,2022,0,2022-07-08,INR,55165360000
RBI:AVG_TURNOVER_RN(1.0),N_A,NOTICE_MONEY,W,2023,2022,0,2022-07-08,INR,7672333333.333332
RBI:AVG_TURNOVER_RN(1.0),N_A,MKT_REPO,W,2023,2022,0,2022-07-01,INR,5887164320000
RBI:AVG_TURNOVER_RN(1.0),N_A,STATE_GOVT_SEC,W,2023,2022,0,2022-07-01,INR,57854864000
RBI:AVG_TURNOVER_RN(1.0),N_A,TERM_MONEY,W,2023,2022,0,2022-07-01,INR,5770000000
RBI:AVG_TURNOVER_RN(1.0),N_A,CORPO_REPO,W,2023,2022,0,2022-07-01,INR,1000000000
RBI:AVG_TURNOVER_RN(1.0),N_A,GOVT_SEC_RBI,W,2023,2022,0,2022-07-01,INR,240000000
RBI:AVG_TURNOVER_RN(1.0),N_A,TR_BILL_364_DAY,W,2023,2022,0,2022-07-01,INR,40225968000
RBI:AVG_TURNOVER_RN(1.0),N_A,CALL_MONEY,W,2023,2022,0,2022-07-01,INR,251059040000.00003
RBI:AVG_TURNOVER_RN(1.0),N_A,NOTICE_MONEY,W,2023,2022,0,2022-07-01,INR,56552919999.99999
RBI:AVG_TURNOVER_RN(1.0),N_A,FOREX,W,2023,2022,0,2022-07-01,INR,105754000000
RBI:AVG_TURNOVER_RN(1.0),N_A,TR_BILL_182_DAY,W,2023,2022,0,2022-07-01,INR,58148452000
RBI:AVG_TURNOVER_RN(1.0),N_A,TR_BILL_91_DAY,W,2023,2022,0,2022-07-01,INR,86294000000
RBI:AVG_TURNOVER_RN(1.0),N_A,GOVT_SEC,W,2023,2022,0,2022-07-01,INR,491750743999.99994
RBI:AVG_TURNOVER_RN(1.0),N_A,TRI_REPO,W,2023,2022,0,2022-07-01,INR,7796120599999.999
RBI:AVG_TURNOVER_RN(1.0),N_A,GOVT_SEC,W,2023,2022,0,2022-06-24,INR,700915096000.0001
RBI:AVG_TURNOVER_RN(1.0),N_A,MKT_REPO,W,2023,2022,0,2022-06-24,INR,4824147333333.333
RBI:AVG_TURNOVER_RN(1.0),N_A,CORPO_REPO,W,2023,2022,0,2022-06-24,INR,1160000000
RBI:AVG_TURNOVER_RN(1.0),N_A,NOTICE_MONEY,W,2023,2022,0,2022-06-24,INR,6890533333.333333
RBI:AVG_TURNOVER_RN(1.0),N_A,GOVT_SEC_RBI,W,2023,2022,0,2022-06-24,INR,1330000000
RBI:AVG_TURNOVER_RN(1.0),N_A,CALL_MONEY,W,2023,2022,0,2022-06-24,INR,216237866666.66666
RBI:AVG_TURNOVER_RN(1.0),N_A,FOREX,W,2023,2022,0,2022-06-24,INR,84579400000
RBI:AVG_TURNOVER_RN(1.0),N_A,TR_BILL_182_DAY,W,2023,2022,0,2022-06-24,INR,44243059999.99999
RBI:AVG_TURNOVER_RN(1.0),N_A,TRI_REPO,W,2023,2022,0,2022-06-24,INR,7103947500000
RBI:AVG_TURNOVER_RN(1.0),N_A,TR_BILL_91_DAY,W,2023,2022,0,2022-06-24,INR,61307199999.99999
RBI:AVG_TURNOVER_RN(1.0),N_A,TERM_MONEY,W,2023,2022,0,2022-06-24,INR,2382900000
RBI:AVG_TURNOVER_RN(1.0),N_A,TR_BILL_364_DAY,W,2023,2022,0,2022-06-24,INR,29158704000.000004
RBI:AVG_TURNOVER_RN(1.0),N_A,STATE_GOVT_SEC,W,2023,2022,0,2022-06-24,INR,50157012000.00001
RBI:AVG_TURNOVER_RN(1.0),N_A,FOREX,W,2023,2022,0,2022-06-17,INR,89970200000
RBI:AVG_TURNOVER_RN(1.0),N_A,TR_BILL_364_DAY,W,2023,2022,0,2022-06-17,INR,26028296000
RBI:AVG_TURNOVER_RN(1.0),N_A,STATE_GOVT_SEC,W,2023,2022,0,2022-06-17,INR,26008880000
RBI:AVG_TURNOVER_RN(1.0),N_A,GOVT_SEC,W,2023,2022,0,2022-06-17,INR,510983251999.99994
RBI:AVG_TURNOVER_RN(1.0),N_A,GOVT_SEC_RBI,W,2023,2022,0,2022-06-17,INR,4889999999.999999
RBI:AVG_TURNOVER_RN(1.0),N_A,TR_BILL_182_DAY,W,2023,2022,0,2022-06-17,INR,33683836000
RBI:AVG_TURNOVER_RN(1.0),N_A,NOTICE_MONEY,W,2023,2022,0,2022-06-17,INR,54975400000
RBI:AVG_TURNOVER_RN(1.0),N_A,TERM_MONEY,W,2023,2022,0,2022-06-17,INR,11660000000
RBI:AVG_TURNOVER_RN(1.0),N_A,MKT_REPO,W,2023,2022,0,2022-06-17,INR,4660476480000
RBI:AVG_TURNOVER_RN(1.0),N_A,TRI_REPO,W,2023,2022,0,2022-06-17,INR,8526682800000
RBI:AVG_TURNOVER_RN(1.0),N_A,CALL_MONEY,W,2023,2022,0,2022-06-17,INR,189724320000
RBI:AVG_TURNOVER_RN(1.0),N_A,TR_BILL_91_DAY,W,2023,2022,0,2022-06-17,INR,56333188000
RBI:AVG_TURNOVER_RN(1.0),N_A,CORPO_REPO,W,2023,2022,0,2022-06-17,INR,2248000000
RBI:AVG_TURNOVER_RN(1.0),N_A,GOVT_SEC,W,2023,2022,0,2022-06-10,INR,644076000000
RBI:AVG_TURNOVER_RN(1.0),N_A,FOREX,W,2023,2022,0,2022-06-10,INR,77157400000
RBI:AVG_TURNOVER_RN(1.0),N_A,STATE_GOVT_SEC,W,2023,2022,0,2022-06-10,INR,39400000000
RBI:AVG_TURNOVER_RN(1.0),N_A,CORPO_REPO,W,2023,2022,0,2022-06-10,INR,712000000
RBI:AVG_TURNOVER_RN(1.0),N_A,TR_BILL_364_DAY,W,2023,2022,0,2022-06-10,INR,29583795999.999996
RBI:AVG_TURNOVER_RN(1.0),N_A,TRI_REPO,W,2023,2022,0,2022-06-10,INR,6603894166666.666
RBI:AVG_TURNOVER_RN(1.0),N_A,GOVT_SEC_RBI,W,2023,2022,0,2022-06-10,INR,16440000000.000002
RBI:AVG_TURNOVER_RN(1.0),N_A,TERM_MONEY,W,2023,2022,0,2022-06-10,INR,8142500000
RBI:AVG_TURNOVER_RN(1.0),N_A,CALL_MONEY,W,2023,2022,0,2022-06-10,INR,229863600000
RBI:AVG_TURNOVER_RN(1.0),N_A,TR_BILL_91_DAY,W,2023,2022,0,2022-06-10,INR,67459524000
RBI:AVG_TURNOVER_RN(1.0),N_A,MKT_REPO,W,2023,2022,0,2022-06-10,INR,3868242199999.9995
RBI:AVG_TURNOVER_RN(1.0),N_A,NOTICE_MONEY,W,2023,2022,0,2022-06-10,INR,5199733333.333334
RBI:AVG_TURNOVER_RN(1.0),N_A,TR_BILL_182_DAY,W,2023,2022,0,2022-06-10,INR,52762104000
RBI:AVG_TURNOVER_RN(1.0),N_A,GOVT_SEC,W,2023,2022,0,2022-06-03,INR,573009696000
RBI:AVG_TURNOVER_RN(1.0),N_A,CALL_MONEY,W,2023,2022,0,2022-06-03,INR,191123160000
RBI:AVG_TURNOVER_RN(1.0),N_A,GOVT_SEC_RBI,W,2023,2022,0,2022-06-03,INR,3170000000
RBI:AVG_TURNOVER_RN(1.0),N_A,TR_BILL_182_DAY,W,2023,2022,0,2022-06-03,INR,42302032000
RBI:AVG_TURNOVER_RN(1.0),N_A,TRI_REPO,W,2023,2022,0,2022-06-03,INR,7683462000000
RBI:AVG_TURNOVER_RN(1.0),N_A,TR_BILL_364_DAY,W,2023,2022,0,2022-06-03,INR,36158528000
RBI:AVG_TURNOVER_RN(1.0),N_A,TR_BILL_91_DAY,W,2023,2022,0,2022-06-03,INR,81301764000
RBI:AVG_TURNOVER_RN(1.0),N_A,NOTICE_MONEY,W,2023,2022,0,2022-06-03,INR,48084000000
RBI:AVG_TURNOVER_RN(1.0),N_A,FOREX,W,2023,2022,0,2022-06-03,INR,83833000000
RBI:AVG_TURNOVER_RN(1.0),N_A,TERM_MONEY,W,2023,2022,0,2022-06-03,INR,2378400000
RBI:AVG_TURNOVER_RN(1.0),N_A,STATE_GOVT_SEC,W,2023,2022,0,2022-06-03,INR,46490984000
RBI:AVG_TURNOVER_RN(1.0),N_A,MKT_REPO,W,2023,2022,0,2022-06-03,INR,5012026000000
RBI:AVG_TURNOVER_RN(1.0),N_A,CORPO_REPO,W,2023,2022,0,2022-06-03,INR,2088000000
RBI:AVG_TURNOVER_RN(1.0),N_A,CORPO_REPO,W,2023,2022,0,2022-05-27,INR,3840000000
RBI:AVG_TURNOVER_RN(1.0),N_A,TR_BILL_91_DAY,W,2023,2022,0,2022-05-27,INR,76114520000
RBI:AVG_TURNOVER_RN(1.0),N_A,TRI_REPO,W,2023,2022,0,2022-05-27,INR,6647208666666.667
RBI:AVG_TURNOVER_RN(1.0),N_A,STATE_GOVT_SEC,W,2023,2022,0,2022-05-27,INR,45400284000
RBI:AVG_TURNOVER_RN(1.0),N_A,FOREX,W,2023,2022,0,2022-05-27,INR,76518800000
RBI:AVG_TURNOVER_RN(1.0),N_A,GOVT_SEC,W,2023,2022,0,2022-05-27,INR,661544428004
RBI:AVG_TURNOVER_RN(1.0),N_A,NOTICE_MONEY,W,2023,2022,0,2022-05-27,INR,5914366666.666666
RBI:AVG_TURNOVER_RN(1.0),N_A,TR_BILL_364_DAY,W,2023,2022,0,2022-05-27,INR,29140492000
RBI:AVG_TURNOVER_RN(1.0),N_A,CALL_MONEY,W,2023,2022,0,2022-05-27,INR,179379166666.6667
RBI:AVG_TURNOVER_RN(1.0),N_A,MKT_REPO,W,2023,2022,0,2022-05-27,INR,3673586666666.667
RBI:AVG_TURNOVER_RN(1.0),N_A,TR_BILL_182_DAY,W,2023,2022,0,2022-05-27,INR,28737599999.999996
RBI:AVG_TURNOVER_RN(1.0),N_A,TERM_MONEY,W,2023,2022,0,2022-05-27,INR,3382500000
RBI:AVG_TURNOVER_RN(1.0),N_A,GOVT_SEC_RBI,W,2023,2022,0,2022-05-27,INR,8100000000
RBI:AVG_TURNOVER_RN(1.0),N_A,TERM_MONEY,W,2023,2022,0,2022-05-20,INR,3820000000
RBI:AVG_TURNOVER_RN(1.0),N_A,TR_BILL_364_DAY,W,2023,2022,0,2022-05-20,INR,53939005000
RBI:AVG_TURNOVER_RN(1.0),N_A,TRI_REPO,W,2023,2022,0,2022-05-20,INR,8096621000000
RBI:AVG_TURNOVER_RN(1.0),N_A,GOVT_SEC,W,2023,2022,0,2022-05-20,INR,573958705000
RBI:AVG_TURNOVER_RN(1.0),N_A,CALL_MONEY,W,2023,2022,0,2022-05-20,INR,156254200000
RBI:AVG_TURNOVER_RN(1.0),N_A,GOVT_SEC_RBI,W,2023,2022,0,2022-05-20,INR,3280000000
RBI:AVG_TURNOVER_RN(1.0),N_A,FOREX,W,2023,2022,0,2022-05-20,INR,80147500000
RBI:AVG_TURNOVER_RN(1.0),N_A,TR_BILL_91_DAY,W,2023,2022,0,2022-05-20,INR,52684065000
RBI:AVG_TURNOVER_RN(1.0),N_A,MKT_REPO,W,2023,2022,0,2022-05-20,INR,4471051100000
RBI:AVG_TURNOVER_RN(1.0),N_A,NOTICE_MONEY,W,2023,2022,0,2022-05-20,INR,61432950000
RBI:AVG_TURNOVER_RN(1.0),N_A,STATE_GOVT_SEC,W,2023,2022,0,2022-05-20,INR,31194865000.000004
RBI:AVG_TURNOVER_RN(1.0),N_A,CORPO_REPO,W,2023,2022,0,2022-05-20,INR,13640000000
RBI:AVG_TURNOVER_RN(1.0),N_A,TR_BILL_182_DAY,W,2023,2022,0,2022-05-20,INR,36959370000
RBI:AVG_TURNOVER_RN(1.0),N_A,TR_BILL_182_DAY,W,2023,2022,0,2022-05-13,INR,34200024000
RBI:AVG_TURNOVER_RN(1.0),N_A,TERM_MONEY,W,2023,2022,0,2022-05-13,INR,6112500000
RBI:AVG_TURNOVER_RN(1.0),N_A,STATE_GOVT_SEC,W,2023,2022,0,2022-05-13,INR,52515980000.00001
RBI:AVG_TURNOVER_RN(1.0),N_A,TR_BILL_91_DAY,W,2023,2022,0,2022-05-13,INR,36054000000
RBI:AVG_TURNOVER_RN(1.0),N_A,CALL_MONEY,W,2023,2022,0,2022-05-13,INR,176796833333.33334
RBI:AVG_TURNOVER_RN(1.0),N_A,CORPO_REPO,W,2023,2022,0,2022-05-13,INR,40034400000
RBI:AVG_TURNOVER_RN(1.0),N_A,FOREX,W,2023,2022,0,2022-05-13,INR,89585200000
RBI:AVG_TURNOVER_RN(1.0),N_A,GOVT_SEC,W,2023,2022,0,2022-05-13,INR,767172468000
RBI:AVG_TURNOVER_RN(1.0),N_A,NOTICE_MONEY,W,2023,2022,0,2022-05-13,INR,3551833333.3333335
RBI:AVG_TURNOVER_RN(1.0),N_A,TR_BILL_364_DAY,W,2023,2022,0,2022-05-13,INR,55049483999.99999
RBI:AVG_TURNOVER_RN(1.0),N_A,GOVT_SEC_RBI,W,2023,2022,0,2022-05-13,INR,17040000000
RBI:AVG_TURNOVER_RN(1.0),N_A,TRI_REPO,W,2023,2022,0,2022-05-13,INR,5629077999999.999
RBI:AVG_TURNOVER_RN(1.0),N_A,MKT_REPO,W,2023,2022,0,2022-05-13,INR,4453123400000
RBI:AVG_TURNOVER_RN(1.0),N_A,MKT_REPO,W,2023,2022,0,2022-05-06,INR,4296326800000
RBI:AVG_TURNOVER_RN(1.0),N_A,GOVT_SEC_RBI,W,2023,2022,0,2022-05-06,INR,4250000000
RBI:AVG_TURNOVER_RN(1.0),N_A,TR_BILL_182_DAY,W,2023,2022,0,2022-05-06,INR,40246955000
RBI:AVG_TURNOVER_RN(1.0),N_A,CORPO_REPO,W,2023,2022,0,2022-05-06,INR,3850000000
RBI:AVG_TURNOVER_RN(1.0),N_A,CALL_MONEY,W,2023,2022,0,2022-05-06,INR,134028480000.00002
RBI:AVG_TURNOVER_RN(1.0),N_A,TR_BILL_91_DAY,W,2023,2022,0,2022-05-06,INR,25648750000
RBI:AVG_TURNOVER_RN(1.0),N_A,STATE_GOVT_SEC,W,2023,2022,0,2022-05-06,INR,65197630000.00001
RBI:AVG_TURNOVER_RN(1.0),N_A,TRI_REPO,W,2023,2022,0,2022-05-06,INR,5141319600000
RBI:AVG_TURNOVER_RN(1.0),N_A,GOVT_SEC,W,2023,2022,0,2022-05-06,INR,741303270000
RBI:AVG_TURNOVER_RN(1.0),N_A,TR_BILL_364_DAY,W,2023,2022,0,2022-05-06,INR,25352385000
RBI:AVG_TURNOVER_RN(1.0),N_A,NOTICE_MONEY,W,2023,2022,0,2022-05-06,INR,47804879999.99999
RBI:AVG_TURNOVER_RN(1.0),N_A,FOREX,W,2023,2022,0,2022-05-06,INR,97319500000
RBI:AVG_TURNOVER_RN(1.0),N_A,TERM_MONEY,W,2023,2022,0,2022-05-06,INR,4908000000
RBI:AVG_TURNOVER_RN(1.0),N_A,NOTICE_MONEY,W,2023,2022,0,2022-04-29,INR,45412080000.00001
RBI:AVG_TURNOVER_RN(1.0),N_A,STATE_GOVT_SEC,W,2023,2022,0,2022-04-29,INR,71356640000
RBI:AVG_TURNOVER_RN(1.0),N_A,TR_BILL_182_DAY,W,2023,2022,0,2022-04-29,INR,53410316000
RBI:AVG_TURNOVER_RN(1.0),N_A,GOVT_SEC,W,2023,2022,0,2022-04-29,INR,824906572000
RBI:AVG_TURNOVER_RN(1.0),N_A,GOVT_SEC_RBI,W,2023,2022,0,2022-04-29,INR,3760000000
RBI:AVG_TURNOVER_RN(1.0),N_A,MKT_REPO,W,2023,2022,0,2022-04-29,INR,4818883920000
RBI:AVG_TURNOVER_RN(1.0),N_A,CORPO_REPO,W,2023,2022,0,2022-04-29,INR,2408000000
RBI:AVG_TURNOVER_RN(1.0),N_A,TRI_REPO,W,2023,2022,0,2022-04-29,INR,7214571200000
RBI:AVG_TURNOVER_RN(1.0),N_A,TR_BILL_91_DAY,W,2023,2022,0,2022-04-29,INR,34898400000
RBI:AVG_TURNOVER_RN(1.0),N_A,TERM_MONEY,W,2023,2022,0,2022-04-29,INR,2862000000
RBI:AVG_TURNOVER_RN(1.0),N_A,TR_BILL_364_DAY,W,2023,2022,0,2022-04-29,INR,35378560000
RBI:AVG_TURNOVER_RN(1.0),N_A,FOREX,W,2023,2022,0,2022-04-29,INR,112085400000
RBI:AVG_TURNOVER_RN(1.0),N_A,CALL_MONEY,W,2023,2022,0,2022-04-29,INR,162218440000
RBI:AVG_TURNOVER_RN(1.0),N_A,TR_BILL_91_DAY,W,2023,2022,0,2022-04-22,INR,52494024000
RBI:AVG_TURNOVER_RN(1.0),N_A,GOVT_SEC,W,2023,2022,0,2022-04-22,INR,864052832000
RBI:AVG_TURNOVER_RN(1.0),N_A,TR_BILL_182_DAY,W,2023,2022,0,2022-04-22,INR,69721191999.99998
RBI:AVG_TURNOVER_RN(1.0),N_A,GOVT_SEC_RBI,W,2023,2022,0,2022-04-22,INR,659999999.9999999
RBI:AVG_TURNOVER_RN(1.0),N_A,CORPO_REPO,W,2023,2022,0,2022-04-22,INR,3120000000
RBI:AVG_TURNOVER_RN(1.0),N_A,NOTICE_MONEY,W,2023,2022,0,2022-04-22,INR,5497333333.333333
RBI:AVG_TURNOVER_RN(1.0),N_A,MKT_REPO,W,2023,2022,0,2022-04-22,INR,3848646866666.667
RBI:AVG_TURNOVER_RN(1.0),N_A,CALL_MONEY,W,2023,2022,0,2022-04-22,INR,154487533333.33334
RBI:AVG_TURNOVER_RN(1.0),N_A,TR_BILL_364_DAY,W,2023,2022,0,2022-04-22,INR,26754300000
RBI:AVG_TURNOVER_RN(1.0),N_A,TRI_REPO,W,2023,2022,0,2022-04-22,INR,6522289833333.333
RBI:AVG_TURNOVER_RN(1.0),N_A,TERM_MONEY,W,2023,2022,0,2022-04-22,INR,8130833333.333334
RBI:AVG_TURNOVER_RN(1.0),N_A,STATE_GOVT_SEC,W,2023,2022,0,2022-04-22,INR,187416924000
RBI:AVG_TURNOVER_RN(1.0),N_A,FOREX,W,2023,2022,0,2022-04-22,INR,90268600000
RBI:AVG_TURNOVER_RN(1.0),N_A,TRI_REPO,W,2023,2022,0,2022-04-15,INR,7527980333333.333
RBI:AVG_TURNOVER_RN(1.0),N_A,CALL_MONEY,W,2023,2022,0,2022-04-15,INR,116223799999.99998
RBI:AVG_TURNOVER_RN(1.0),N_A,GOVT_SEC,W,2023,2022,0,2022-04-15,INR,416915793333.3334
RBI:AVG_TURNOVER_RN(1.0),N_A,MKT_REPO,W,2023,2022,0,2022-04-15,INR,4933698533333.333
RBI:AVG_TURNOVER_RN(1.0),N_A,TR_BILL_364_DAY,W,2023,2022,0,2022-04-15,INR,29876666666.666664
RBI:AVG_TURNOVER_RN(1.0),N_A,TERM_MONEY,W,2023,2022,0,2022-04-15,INR,2066666666.6666665
RBI:AVG_TURNOVER_RN(1.0),N_A,STATE_GOVT_SEC,W,2023,2022,0,2022-04-15,INR,199980326666.66666
RBI:AVG_TURNOVER_RN(1.0),N_A,TR_BILL_91_DAY,W,2023,2022,0,2022-04-15,INR,44146666666.66667
RBI:AVG_TURNOVER_RN(1.0),N_A,CORPO_REPO,W,2023,2022,0,2022-04-15,INR,266666666.6666667
RBI:AVG_TURNOVER_RN(1.0),N_A,GOVT_SEC_RBI,W,2023,2022,0,2022-04-15,INR,100000000
RBI:AVG_TURNOVER_RN(1.0),N_A,NOTICE_MONEY,W,2023,2022,0,2022-04-15,INR,59179733333.33333
RBI:AVG_TURNOVER_RN(1.0),N_A,TR_BILL_182_DAY,W,2023,2022,0,2022-04-15,INR,56380000000
RBI:AVG_TURNOVER_RN(1.0),N_A,FOREX,W,2023,2022,0,2022-04-15,INR,83469666666.66667
RBI:AVG_TURNOVER_RN(1.0),N_A,TERM_MONEY,W,2023,2022,0,2022-04-08,INR,5527000000
RBI:AVG_TURNOVER_RN(1.0),N_A,TR_BILL_364_DAY,W,2023,2022,0,2022-04-08,INR,54933048000
RBI:AVG_TURNOVER_RN(1.0),N_A,CORPO_REPO,W,2023,2022,0,2022-04-08,INR,3088000000
RBI:AVG_TURNOVER_RN(1.0),N_A,NOTICE_MONEY,W,2023,2022,0,2022-04-08,INR,6328199999.999999
RBI:AVG_TURNOVER_RN(1.0),N_A,GOVT_SEC_RBI,W,2023,2022,0,2022-04-08,INR,800000000
RBI:AVG_TURNOVER_RN(1.0),N_A,CALL_MONEY,W,2023,2022,0,2022-04-08,INR,198714080000
RBI:AVG_TURNOVER_RN(1.0),N_A,TR_BILL_91_DAY,W,2023,2022,0,2022-04-08,INR,69338000000
RBI:AVG_TURNOVER_RN(1.0),N_A,MKT_REPO,W,2023,2022,0,2022-04-08,INR,4856545760000
RBI:AVG_TURNOVER_RN(1.0),N_A,TR_BILL_182_DAY,W,2023,2022,0,2022-04-08,INR,78200220000
RBI:AVG_TURNOVER_RN(1.0),N_A,GOVT_SEC,W,2023,2022,0,2022-04-08,INR,401619036000.00006
RBI:AVG_TURNOVER_RN(1.0),N_A,TRI_REPO,W,2023,2022,0,2022-04-08,INR,7295455000000
RBI:AVG_TURNOVER_RN(1.0),N_A,FOREX,W,2023,2022,0,2022-04-08,INR,89955200000
RBI:AVG_TURNOVER_RN(1.0),N_A,STATE_GOVT_SEC,W,2023,2022,0,2022-04-08,INR,71242539999.99998
RBI:AVG_TURNOVER_RN(1.0),N_A,CALL_MONEY,W,2023,2022,0,2022-04-01,INR,193251150000.00003
RBI:AVG_TURNOVER_RN(1.0),N_A,NOTICE_MONEY,W,2023,2022,0,2022-04-01,INR,6315150000
RBI:AVG_TURNOVER_RN(1.0),N_A,TR_BILL_182_DAY,W,2023,2022,0,2022-04-01,INR,64943280000.00001
RBI:AVG_TURNOVER_RN(1.0),N_A,STATE_GOVT_SEC,W,2023,2022,0,2022-04-01,INR,85673100000
RBI:AVG_TURNOVER_RN(1.0),N_A,GOVT_SEC,W,2023,2022,0,2022-04-01,INR,413441725000
RBI:AVG_TURNOVER_RN(1.0),N_A,TR_BILL_364_DAY,W,2023,2022,0,2022-04-01,INR,85154585000
RBI:AVG_TURNOVER_RN(1.0),N_A,FOREX,W,2023,2022,0,2022-04-01,INR,113832500000
RBI:AVG_TURNOVER_RN(1.0),N_A,TRI_REPO,W,2023,2022,0,2022-04-01,INR,7034454250000
RBI:AVG_TURNOVER_RN(1.0),N_A,GOVT_SEC_RBI,W,2023,2022,0,2022-04-01,INR,13000000000
RBI:AVG_TURNOVER_RN(1.0),N_A,MKT_REPO,W,2023,2022,0,2022-04-01,INR,4565589900000
RBI:AVG_TURNOVER_RN(1.0),N_A,TR_BILL_91_DAY,W,2023,2022,0,2022-04-01,INR,59227815000
RBI:AVG_TURNOVER_RN(1.0),N_A,TERM_MONEY,W,2023,2022,0,2022-04-01,INR,2347500000
RBI:AVG_TURNOVER_RN(1.0),N_A,CORPO_REPO,W,2023,2022,0,2022-04-01,INR,570000000
RBI:AVG_TURNOVER_RN(1.0),N_A,TR_BILL_182_DAY,W,2022,2021,0,2022-03-25,INR,77225216000
RBI:AVG_TURNOVER_RN(1.0),N_A,TR_BILL_91_DAY,W,2022,2021,0,2022-03-25,INR,45582264000.00001
RBI:AVG_TURNOVER_RN(1.0),N_A,NOTICE_MONEY,W,2022,2021,0,2022-03-25,INR,13046666666.666668
RBI:AVG_TURNOVER_RN(1.0),N_A,CORPO_REPO,W,2022,2021,0,2022-03-25,INR,1912000000
RBI:AVG_TURNOVER_RN(1.0),N_A,CALL_MONEY,W,2022,2021,0,2022-03-25,INR,177364100000
RBI:AVG_TURNOVER_RN(1.0),N_A,TR_BILL_364_DAY,W,2022,2021,0,2022-03-25,INR,50345868000
RBI:AVG_TURNOVER_RN(1.0),N_A,GOVT_SEC_RBI,W,2022,2021,0,2022-03-25,INR,9070000000
RBI:AVG_TURNOVER_RN(1.0),N_A,STATE_GOVT_SEC,W,2022,2021,0,2022-03-25,INR,57341252000
RBI:AVG_TURNOVER_RN(1.0),N_A,FOREX,W,2022,2021,0,2022-03-25,INR,96538000000
RBI:AVG_TURNOVER_RN(1.0),N_A,TRI_REPO,W,2022,2021,0,2022-03-25,INR,6115951333333.333
RBI:AVG_TURNOVER_RN(1.0),N_A,GOVT_SEC,W,2022,2021,0,2022-03-25,INR,410307656000
RBI:AVG_TURNOVER_RN(1.0),N_A,TERM_MONEY,W,2022,2021,0,2022-03-25,INR,8220000000
RBI:AVG_TURNOVER_RN(1.0),N_A,MKT_REPO,W,2022,2021,0,2022-03-25,INR,4277764466666.667
RBI:AVG_TURNOVER_RN(1.0),N_A,GOVT_SEC,W,2022,2021,0,2022-03-18,INR,360393145000
RBI:AVG_TURNOVER_RN(1.0),N_A,NOTICE_MONEY,W,2022,2021,0,2022-03-18,INR,49112900000
RBI:AVG_TURNOVER_RN(1.0),N_A,TR_BILL_182_DAY,W,2022,2021,0,2022-03-18,INR,45142299999.99999
RBI:AVG_TURNOVER_RN(1.0),N_A,CALL_MONEY,W,2022,2021,0,2022-03-18,INR,118301500000
RBI:AVG_TURNOVER_RN(1.0),N_A,TERM_MONEY,W,2022,2021,0,2022-03-18,INR,7702500000
RBI:AVG_TURNOVER_RN(1.0),N_A,TRI_REPO,W,2022,2021,0,2022-03-18,INR,7053496000000
RBI:AVG_TURNOVER_RN(1.0),N_A,STATE_GOVT_SEC,W,2022,2021,0,2022-03-18,INR,52510860000
RBI:AVG_TURNOVER_RN(1.0),N_A,FOREX,W,2022,2021,0,2022-03-18,INR,82756500000
RBI:AVG_TURNOVER_RN(1.0),N_A,TR_BILL_364_DAY,W,2022,2021,0,2022-03-18,INR,25132105000
RBI:AVG_TURNOVER_RN(1.0),N_A,CORPO_REPO,W,2022,2021,0,2022-03-18,INR,2744000000
RBI:AVG_TURNOVER_RN(1.0),N_A,GOVT_SEC_RBI,W,2022,2021,0,2022-03-18,INR,7220000000
RBI:AVG_TURNOVER_RN(1.0),N_A,MKT_REPO,W,2022,2021,0,2022-03-18,INR,4842550800000
RBI:AVG_TURNOVER_RN(1.0),N_A,TR_BILL_91_DAY,W,2022,2021,0,2022-03-18,INR,49127990000
RBI:AVG_TURNOVER_RN(1.0),N_A,NOTICE_MONEY,W,2022,2021,0,2022-03-11,INR,4151633333.3333335
RBI:AVG_TURNOVER_RN(1.0),N_A,TR_BILL_91_DAY,W,2022,2021,0,2022-03-11,INR,33284000000
RBI:AVG_TURNOVER_RN(1.0),N_A,TR_BILL_182_DAY,W,2022,2021,0,2022-03-11,INR,55226928000
RBI:AVG_TURNOVER_RN(1.0),N_A,CORPO_REPO,W,2022,2021,0,2022-03-11,INR,4183200000
RBI:AVG_TURNOVER_RN(1.0),N_A,FOREX,W,2022,2021,0,2022-03-11,INR,93434000000
RBI:AVG_TURNOVER_RN(1.0),N_A,TRI_REPO,W,2022,2021,0,2022-03-11,INR,6278925666666.667
RBI:AVG_TURNOVER_RN(1.0),N_A,TERM_MONEY,W,2022,2021,0,2022-03-11,INR,2315333333.3333335
RBI:AVG_TURNOVER_RN(1.0),N_A,GOVT_SEC_RBI,W,2022,2021,0,2022-03-11,INR,4779999999.999999
RBI:AVG_TURNOVER_RN(1.0),N_A,CALL_MONEY,W,2022,2021,0,2022-03-11,INR,138611500000
RBI:AVG_TURNOVER_RN(1.0),N_A,MKT_REPO,W,2022,2021,0,2022-03-11,INR,4658642333333.333
RBI:AVG_TURNOVER_RN(1.0),N_A,STATE_GOVT_SEC,W,2022,2021,0,2022-03-11,INR,81106596000.00002
RBI:AVG_TURNOVER_RN(1.0),N_A,TR_BILL_364_DAY,W,2022,2021,0,2022-03-11,INR,38236400000
RBI:AVG_TURNOVER_RN(1.0),N_A,GOVT_SEC,W,2022,2021,0,2022-03-11,INR,433543828000
RBI:AVG_TURNOVER_RN(1.0),N_A,STATE_GOVT_SEC,W,2022,2021,0,2022-03-04,INR,74319955000
RBI:AVG_TURNOVER_RN(1.0),N_A,CALL_MONEY,W,2022,2021,0,2022-03-04,INR,124278650000
RBI:AVG_TURNOVER_RN(1.0),N_A,CORPO_REPO,W,2022,2021,0,2022-03-04,INR,2648000000
RBI:AVG_TURNOVER_RN(1.0),N_A,NOTICE_MONEY,W,2022,2021,0,2022-03-04,INR,42033000000
RBI:AVG_TURNOVER_RN(1.0),N_A,FOREX,W,2022,2021,0,2022-03-04,INR,91064750000
RBI:AVG_TURNOVER_RN(1.0),N_A,GOVT_SEC_RBI,W,2022,2021,0,2022-03-04,INR,12410000000
RBI:AVG_TURNOVER_RN(1.0),N_A,TR_BILL_364_DAY,W,2022,2021,0,2022-03-04,INR,37655635000
RBI:AVG_TURNOVER_RN(1.0),N_A,TR_BILL_182_DAY,W,2022,2021,0,2022-03-04,INR,46328815000.00001
RBI:AVG_TURNOVER_RN(1.0),N_A,TR_BILL_91_DAY,W,2022,2021,0,2022-03-04,INR,41752005000
RBI:AVG_TURNOVER_RN(1.0),N_A,MKT_REPO,W,2022,2021,0,2022-03-04,INR,5119334800000
RBI:AVG_TURNOVER_RN(1.0),N_A,TERM_MONEY,W,2022,2021,0,2022-03-04,INR,4621250000
RBI:AVG_TURNOVER_RN(1.0),N_A,GOVT_SEC,W,2022,2021,0,2022-03-04,INR,486636400000
RBI:AVG_TURNOVER_RN(1.0),N_A,TRI_REPO,W,2022,2021,0,2022-03-04,INR,7728067500000
RBI:AVG_TURNOVER_RN(1.0),N_A,GOVT_SEC,W,2022,2021,0,2022-02-25,INR,395235720000
RBI:AVG_TURNOVER_RN(1.0),N_A,CALL_MONEY,W,2022,2021,0,2022-02-25,INR,161461680000
RBI:AVG_TURNOVER_RN(1.0),N_A,MKT_REPO,W,2022,2021,0,2022-02-25,INR,4928323760000
RBI:AVG_TURNOVER_RN(1.0),N_A,TERM_MONEY,W,2022,2021,0,2022-02-25,INR,3344000000
RBI:AVG_TURNOVER_RN(1.0),N_A,TRI_REPO,W,2022,2021,0,2022-02-25,INR,8237071000000
RBI:AVG_TURNOVER_RN(1.0),N_A,GOVT_SEC_RBI,W,2022,2021,0,2022-02-25,INR,6150000000
RBI:AVG_TURNOVER_RN(1.0),N_A,TR_BILL_364_DAY,W,2022,2021,0,2022-02-25,INR,13532603999.999998
RBI:AVG_TURNOVER_RN(1.0),N_A,TR_BILL_91_DAY,W,2022,2021,0,2022-02-25,INR,27996380000
RBI:AVG_TURNOVER_RN(1.0),N_A,STATE_GOVT_SEC,W,2022,2021,0,2022-02-25,INR,39818636000
RBI:AVG_TURNOVER_RN(1.0),N_A,TR_BILL_182_DAY,W,2022,2021,0,2022-02-25,INR,34787555999.99999
RBI:AVG_TURNOVER_RN(1.0),N_A,FOREX,W,2022,2021,0,2022-02-25,INR,87562000000
RBI:AVG_TURNOVER_RN(1.0),N_A,CORPO_REPO,W,2022,2021,0,2022-02-25,INR,3583200000
RBI:AVG_TURNOVER_RN(1.0),N_A,NOTICE_MONEY,W,2022,2021,0,2022-02-25,INR,3831560000
RBI:AVG_TURNOVER_RN(1.0),N_A,GOVT_SEC_RBI,W,2022,2021,0,2022-02-18,INR,10380000000
RBI:AVG_TURNOVER_RN(1.0),N_A,NOTICE_MONEY,W,2022,2021,0,2022-02-18,INR,6426000000
RBI:AVG_TURNOVER_RN(1.0),N_A,TERM_MONEY,W,2022,2021,0,2022-02-18,INR,5348000000
RBI:AVG_TURNOVER_RN(1.0),N_A,TR_BILL_182_DAY,W,2022,2021,0,2022-02-18,INR,25043599999.999996
RBI:AVG_TURNOVER_RN(1.0),N_A,CORPO_REPO,W,2022,2021,0,2022-02-18,INR,1120000000
RBI:AVG_TURNOVER_RN(1.0),N_A,TR_BILL_364_DAY,W,2022,2021,0,2022-02-18,INR,60983600000
RBI:AVG_TURNOVER_RN(1.0),N_A,FOREX,W,2022,2021,0,2022-02-18,INR,75824800000
RBI:AVG_TURNOVER_RN(1.0),N_A,TR_BILL_91_DAY,W,2022,2021,0,2022-02-18,INR,42530167999.99999
RBI:AVG_TURNOVER_RN(1.0),N_A,TRI_REPO,W,2022,2021,0,2022-02-18,INR,8458034800000.001
RBI:AVG_TURNOVER_RN(1.0),N_A,CALL_MONEY,W,2022,2021,0,2022-02-18,INR,157421960000
RBI:AVG_TURNOVER_RN(1.0),N_A,STATE_GOVT_SEC,W,2022,2021,0,2022-02-18,INR,64621200000
RBI:AVG_TURNOVER_RN(1.0),N_A,MKT_REPO,W,2022,2021,0,2022-02-18,INR,4509823040000
RBI:AVG_TURNOVER_RN(1.0),N_A,GOVT_SEC,W,2022,2021,0,2022-02-18,INR,531230168000
RBI:AVG_TURNOVER_RN(1.0),N_A,TR_BILL_91_DAY,W,2022,2021,0,2022-02-11,INR,44554839999.99999
RBI:AVG_TURNOVER_RN(1.0),N_A,TR_BILL_182_DAY,W,2022,2021,0,2022-02-11,INR,40749920000
RBI:AVG_TURNOVER_RN(1.0),N_A,TERM_MONEY,W,2022,2021,0,2022-02-11,INR,2240000000
RBI:AVG_TURNOVER_RN(1.0),N_A,CORPO_REPO,W,2022,2021,0,2022-02-11,INR,420000000
RBI:AVG_TURNOVER_RN(1.0),N_A,TR_BILL_364_DAY,W,2022,2021,0,2022-02-11,INR,19967280000
RBI:AVG_TURNOVER_RN(1.0),N_A,GOVT_SEC_RBI,W,2022,2021,0,2022-02-11,INR,920000000
RBI:AVG_TURNOVER_RN(1.0),N_A,MKT_REPO,W,2022,2021,0,2022-02-11,INR,2872705733333.333
RBI:AVG_TURNOVER_RN(1.0),N_A,TRI_REPO,W,2022,2021,0,2022-02-11,INR,5823767333333.333
RBI:AVG_TURNOVER_RN(1.0),N_A,NOTICE_MONEY,W,2022,2021,0,2022-02-11,INR,3585333333.333333
RBI:AVG_TURNOVER_RN(1.0),N_A,CALL_MONEY,W,2022,2021,0,2022-02-11,INR,99503566666.66667
RBI:AVG_TURNOVER_RN(1.0),N_A,FOREX,W,2022,2021,0,2022-02-11,INR,56384600000
RBI:AVG_TURNOVER_RN(1.0),N_A,STATE_GOVT_SEC,W,2022,2021,0,2022-02-11,INR,41495468000
RBI:AVG_TURNOVER_RN(1.0),N_A,GOVT_SEC,W,2022,2021,0,2022-02-11,INR,565110936000
RBI:AVG_TURNOVER_RN(1.0),N_A,TR_BILL_364_DAY,W,2022,2021,0,2022-02-04,INR,16665180000
RBI:AVG_TURNOVER_RN(1.0),N_A,TR_BILL_91_DAY,W,2022,2021,0,2022-02-04,INR,36578972000
RBI:AVG_TURNOVER_RN(1.0),N_A,TR_BILL_182_DAY,W,2022,2021,0,2022-02-04,INR,18427400000.000004
RBI:AVG_TURNOVER_RN(1.0),N_A,FOREX,W,2022,2021,0,2022-02-04,INR,75196800000
RBI:AVG_TURNOVER_RN(1.0),N_A,GOVT_SEC_RBI,W,2022,2021,0,2022-02-04,INR,11320000000
RBI:AVG_TURNOVER_RN(1.0),N_A,STATE_GOVT_SEC,W,2022,2021,0,2022-02-04,INR,66700136000
RBI:AVG_TURNOVER_RN(1.0),N_A,MKT_REPO,W,2022,2021,0,2022-02-04,INR,3212899066666.667
RBI:AVG_TURNOVER_RN(1.0),N_A,NOTICE_MONEY,W,2022,2021,0,2022-02-04,INR,28293533333.33333
RBI:AVG_TURNOVER_RN(1.0),N_A,TERM_MONEY,W,2022,2021,0,2022-02-04,INR,4268333333.333333
RBI:AVG_TURNOVER_RN(1.0),N_A,CORPO_REPO,W,2022,2021,0,2022-02-04,INR,2088000000
RBI:AVG_TURNOVER_RN(1.0),N_A,CALL_MONEY,W,2022,2021,0,2022-02-04,INR,107536733333.33334
RBI:AVG_TURNOVER_RN(1.0),N_A,GOVT_SEC,W,2022,2021,0,2022-02-04,INR,668294108000
RBI:AVG_TURNOVER_RN(1.0),N_A,TRI_REPO,W,2022,2021,0,2022-02-04,INR,6978353333333.334
RBI:AVG_TURNOVER_RN(1.0),N_A,NOTICE_MONEY,W,2022,2021,0,2022-01-28,INR,46142350000
RBI:AVG_TURNOVER_RN(1.0),N_A,GOVT_SEC_RBI,W,2022,2021,0,2022-01-28,INR,1550000000
RBI:AVG_TURNOVER_RN(1.0),N_A,TR_BILL_182_DAY,W,2022,2021,0,2022-01-28,INR,17330000000
RBI:AVG_TURNOVER_RN(1.0),N_A,TRI_REPO,W,2022,2021,0,2022-01-28,INR,8007270500000
RBI:AVG_TURNOVER_RN(1.0),N_A,FOREX,W,2022,2021,0,2022-01-28,INR,87352250000
RBI:AVG_TURNOVER_RN(1.0),N_A,CORPO_REPO,W,2022,2021,0,2022-01-28,INR,3890000000
RBI:AVG_TURNOVER_RN(1.0),N_A,CALL_MONEY,W,2022,2021,0,2022-01-28,INR,131133250000
RBI:AVG_TURNOVER_RN(1.0),N_A,STATE_GOVT_SEC,W,2022,2021,0,2022-01-28,INR,67190000000
RBI:AVG_TURNOVER_RN(1.0),N_A,MKT_REPO,W,2022,2021,0,2022-01-28,INR,4208095100000
RBI:AVG_TURNOVER_RN(1.0),N_A,TERM_MONEY,W,2022,2021,0,2022-01-28,INR,3761250000
RBI:AVG_TURNOVER_RN(1.0),N_A,TR_BILL_364_DAY,W,2022,2021,0,2022-01-28,INR,36420000000
RBI:AVG_TURNOVER_RN(1.0),N_A,GOVT_SEC,W,2022,2021,0,2022-01-28,INR,349800000000
RBI:AVG_TURNOVER_RN(1.0),N_A,TR_BILL_91_DAY,W,2022,2021,0,2022-01-28,INR,19410000000
RBI:AVG_TURNOVER_RN(1.0),N_A,GOVT_SEC_RBI,W,2022,2021,0,2022-01-21,INR,2010000000.0000002
RBI:AVG_TURNOVER_RN(1.0),N_A,MKT_REPO,W,2022,2021,0,2022-01-21,INR,3807645133333.3335
RBI:AVG_TURNOVER_RN(1.0),N_A,CORPO_REPO,W,2022,2021,0,2022-01-21,INR,3711040000
RBI:AVG_TURNOVER_RN(1.0),N_A,TR_BILL_182_DAY,W,2022,2021,0,2022-01-21,INR,28334468000
RBI:AVG_TURNOVER_RN(1.0),N_A,GOVT_SEC,W,2022,2021,0,2022-01-21,INR,430159608000
RBI:AVG_TURNOVER_RN(1.0),N_A,TR_BILL_364_DAY,W,2022,2021,0,2022-01-21,INR,26557000000
RBI:AVG_TURNOVER_RN(1.0),N_A,TR_BILL_91_DAY,W,2022,2021,0,2022-01-21,INR,26888044000
RBI:AVG_TURNOVER_RN(1.0),N_A,CALL_MONEY,W,2022,2021,0,2022-01-21,INR,151378366666.6667
RBI:AVG_TURNOVER_RN(1.0),N_A,TRI_REPO,W,2022,2021,0,2022-01-21,INR,6128064500000.001
RBI:AVG_TURNOVER_RN(1.0),N_A,STATE_GOVT_SEC,W,2022,2021,0,2022-01-21,INR,58827008000.00001
RBI:AVG_TURNOVER_RN(1.0),N_A,FOREX,W,2022,2021,0,2022-01-21,INR,63714000000
RBI:AVG_TURNOVER_RN(1.0),N_A,TERM_MONEY,W,2022,2021,0,2022-01-21,INR,3343333333.333333
RBI:AVG_TURNOVER_RN(1.0),N_A,NOTICE_MONEY,W,2022,2021,0,2022-01-21,INR,3677400000
RBI:AVG_TURNOVER_RN(1.0),N_A,NOTICE_MONEY,W,2022,2021,0,2022-01-14,INR,41592480000.00001
RBI:AVG_TURNOVER_RN(1.0),N_A,CALL_MONEY,W,2022,2021,0,2022-01-14,INR,156482440000
RBI:AVG_TURNOVER_RN(1.0),N_A,GOVT_SEC,W,2022,2021,0,2022-01-14,INR,352419559999.99994
RBI:AVG_TURNOVER_RN(1.0),N_A,STATE_GOVT_SEC,W,2022,2021,0,2022-01-14,INR,46875216000
RBI:AVG_TURNOVER_RN(1.0),N_A,TR_BILL_182_DAY,W,2022,2021,0,2022-01-14,INR,38365692000
RBI:AVG_TURNOVER_RN(1.0),N_A,TRI_REPO,W,2022,2021,0,2022-01-14,INR,8112011799999.999
RBI:AVG_TURNOVER_RN(1.0),N_A,CORPO_REPO,W,2022,2021,0,2022-01-14,INR,2080000000
RBI:AVG_TURNOVER_RN(1.0),N_A,GOVT_SEC_RBI,W,2022,2021,0,2022-01-14,INR,6850000000
RBI:AVG_TURNOVER_RN(1.0),N_A,TR_BILL_91_DAY,W,2022,2021,0,2022-01-14,INR,27241212000
RBI:AVG_TURNOVER_RN(1.0),N_A,FOREX,W,2022,2021,0,2022-01-14,INR,69453000000
RBI:AVG_TURNOVER_RN(1.0),N_A,TERM_MONEY,W,2022,2021,0,2022-01-14,INR,3566400000
RBI:AVG_TURNOVER_RN(1.0),N_A,TR_BILL_364_DAY,W,2022,2021,0,2022-01-14,INR,42941936000.00001
RBI:AVG_TURNOVER_RN(1.0),N_A,MKT_REPO,W,2022,2021,0,2022-01-14,INR,4287822639999.9995
RBI:AVG_TURNOVER_RN(1.0),N_A,TERM_MONEY,W,2022,2021,0,2022-01-07,INR,4837333333.333333
RBI:AVG_TURNOVER_RN(1.0),N_A,TR_BILL_91_DAY,W,2022,2021,0,2022-01-07,INR,61414879999.99999
RBI:AVG_TURNOVER_RN(1.0),N_A,GOVT_SEC,W,2022,2021,0,2022-01-07,INR,366484324000.00006
RBI:AVG_TURNOVER_RN(1.0),N_A,STATE_GOVT_SEC,W,2022,2021,0,2022-01-07,INR,50102924000.00001
RBI:AVG_TURNOVER_RN(1.0),N_A,CORPO_REPO,W,2022,2021,0,2022-01-07,INR,520000000
RBI:AVG_TURNOVER_RN(1.0),N_A,TR_BILL_364_DAY,W,2022,2021,0,2022-01-07,INR,62604364000.00001
RBI:AVG_TURNOVER_RN(1.0),N_A,FOREX,W,2022,2021,0,2022-01-07,INR,56953000000
RBI:AVG_TURNOVER_RN(1.0),N_A,MKT_REPO,W,2022,2021,0,2022-01-07,INR,3703237933333.333
RBI:AVG_TURNOVER_RN(1.0),N_A,GOVT_SEC_RBI,W,2022,2021,0,2022-01-07,INR,17660000000
RBI:AVG_TURNOVER_RN(1.0),N_A,NOTICE_MONEY,W,2022,2021,0,2022-01-07,INR,2759666666.6666665
RBI:AVG_TURNOVER_RN(1.0),N_A,TR_BILL_182_DAY,W,2022,2021,0,2022-01-07,INR,61815000000
RBI:AVG_TURNOVER_RN(1.0),N_A,CALL_MONEY,W,2022,2021,0,2022-01-07,INR,137797200000
RBI:AVG_TURNOVER_RN(1.0),N_A,TRI_REPO,W,2022,2021,0,2022-01-07,INR,6876478666666.667
RBI:AVG_TURNOVER_RN(1.0),N_A,GOVT_SEC,W,2022,2021,0,2021-12-31,INR,376396396000.00006
RBI:AVG_TURNOVER_RN(1.0),N_A,TRI_REPO,W,2022,2021,0,2021-12-31,INR,8346451200000
RBI:AVG_TURNOVER_RN(1.0),N_A,MKT_REPO,W,2022,2021,0,2021-12-31,INR,4026711439999.9995
RBI:AVG_TURNOVER_RN(1.0),N_A,GOVT_SEC_RBI,W,2022,2021,0,2021-12-31,INR,16619999999.999998
RBI:AVG_TURNOVER_RN(1.0),N_A,CALL_MONEY,W,2022,2021,0,2021-12-31,INR,138219400000
RBI:AVG_TURNOVER_RN(1.0),N_A,TERM_MONEY,W,2022,2021,0,2021-12-31,INR,6401400000
RBI:AVG_TURNOVER_RN(1.0),N_A,STATE_GOVT_SEC,W,2022,2021,0,2021-12-31,INR,63966976000
RBI:AVG_TURNOVER_RN(1.0),N_A,TR_BILL_182_DAY,W,2022,2021,0,2021-12-31,INR,17061000000
RBI:AVG_TURNOVER_RN(1.0),N_A,FOREX,W,2022,2021,0,2021-12-31,INR,75085400000
RBI:AVG_TURNOVER_RN(1.0),N_A,TR_BILL_91_DAY,W,2022,2021,0,2021-12-31,INR,45027696000.00001
RBI:AVG_TURNOVER_RN(1.0),N_A,NOTICE_MONEY,W,2022,2021,0,2021-12-31,INR,31247080000
RBI:AVG_TURNOVER_RN(1.0),N_A,TR_BILL_364_DAY,W,2022,2021,0,2021-12-31,INR,21203176000
RBI:AVG_TURNOVER_RN(1.0),N_A,FOREX,W,2022,2021,0,2021-12-24,INR,70064400000
RBI:AVG_TURNOVER_RN(1.0),N_A,TR_BILL_182_DAY,W,2022,2021,0,2021-12-24,INR,11488000000
RBI:AVG_TURNOVER_RN(1.0),N_A,STATE_GOVT_SEC,W,2022,2021,0,2021-12-24,INR,52372420000
RBI:AVG_TURNOVER_RN(1.0),N_A,NOTICE_MONEY,W,2022,2021,0,2021-12-24,INR,6159533333.333333
RBI:AVG_TURNOVER_RN(1.0),N_A,MKT_REPO,W,2022,2021,0,2021-12-24,INR,3372632866666.667
RBI:AVG_TURNOVER_RN(1.0),N_A,TRI_REPO,W,2022,2021,0,2021-12-24,INR,6650340000000
RBI:AVG_TURNOVER_RN(1.0),N_A,CORPO_REPO,W,2022,2021,0,2021-12-24,INR,2336000000
RBI:AVG_TURNOVER_RN(1.0),N_A,TERM_MONEY,W,2022,2021,0,2021-12-24,INR,7350000000
RBI:AVG_TURNOVER_RN(1.0),N_A,GOVT_SEC,W,2022,2021,0,2021-12-24,INR,480738480000
RBI:AVG_TURNOVER_RN(1.0),N_A,CALL_MONEY,W,2022,2021,0,2021-12-24,INR,176951466666.6667
RBI:AVG_TURNOVER_RN(1.0),N_A,GOVT_SEC_RBI,W,2022,2021,0,2021-12-24,INR,8920000000
RBI:AVG_TURNOVER_RN(1.0),N_A,TR_BILL_91_DAY,W,2022,2021,0,2021-12-24,INR,56876760000.00001
RBI:AVG_TURNOVER_RN(1.0),N_A,TR_BILL_364_DAY,W,2022,2021,0,2021-12-24,INR,28153344000
RBI:AVG_TURNOVER_RN(1.0),N_A,CALL_MONEY,W,2022,2021,0,2021-12-17,INR,157757880000
RBI:AVG_TURNOVER_RN(1.0),N_A,TR_BILL_364_DAY,W,2022,2021,0,2021-12-17,INR,18836184000
RBI:AVG_TURNOVER_RN(1.0),N_A,TR_BILL_91_DAY,W,2022,2021,0,2021-12-17,INR,38098000000
RBI:AVG_TURNOVER_RN(1.0),N_A,NOTICE_MONEY,W,2022,2021,0,2021-12-17,INR,36529560000
RBI:AVG_TURNOVER_RN(1.0),N_A,GOVT_SEC_RBI,W,2022,2021,0,2021-12-17,INR,7020000000
RBI:AVG_TURNOVER_RN(1.0),N_A,FOREX,W,2022,2021,0,2021-12-17,INR,72373800000
RBI:AVG_TURNOVER_RN(1.0),N_A,STATE_GOVT_SEC,W,2022,2021,0,2021-12-17,INR,46923248000.00001
RBI:AVG_TURNOVER_RN(1.0),N_A,TRI_REPO,W,2022,2021,0,2021-12-17,INR,7418335599999.999
RBI:AVG_TURNOVER_RN(1.0),N_A,CORPO_REPO,W,2022,2021,0,2021-12-17,INR,10566399999.999998
RBI:AVG_TURNOVER_RN(1.0),N_A,TR_BILL_182_DAY,W,2022,2021,0,2021-12-17,INR,14180056000
RBI:AVG_TURNOVER_RN(1.0),N_A,MKT_REPO,W,2022,2021,0,2021-12-17,INR,4594490880000
RBI:AVG_TURNOVER_RN(1.0),N_A,GOVT_SEC,W,2022,2021,0,2021-12-17,INR,332078315999.99994
RBI:AVG_TURNOVER_RN(1.0),N_A,TERM_MONEY,W,2022,2021,0,2021-12-17,INR,10026000000
RBI:AVG_TURNOVER_RN(1.0),N_A,CALL_MONEY,W,2022,2021,0,2021-12-10,INR,167637866666.66666
RBI:AVG_TURNOVER_RN(1.0),N_A,TERM_MONEY,W,2022,2021,0,2021-12-10,INR,2773666666.6666665
RBI:AVG_TURNOVER_RN(1.0),N_A,GOVT_SEC_RBI,W,2022,2021,0,2021-12-10,INR,4580000000
RBI:AVG_TURNOVER_RN(1.0),N_A,GOVT_SEC,W,2022,2021,0,2021-12-10,INR,509914696000
RBI:AVG_TURNOVER_RN(1.0),N_A,TR_BILL_91_DAY,W,2022,2021,0,2021-12-10,INR,46485088000.00001
RBI:AVG_TURNOVER_RN(1.0),N_A,MKT_REPO,W,2022,2021,0,2021-12-10,INR,3709232266666.666
RBI:AVG_TURNOVER_RN(1.0),N_A,STATE_GOVT_SEC,W,2022,2021,0,2021-12-10,INR,39255088000.00001
RBI:AVG_TURNOVER_RN(1.0),N_A,FOREX,W,2022,2021,0,2021-12-10,INR,65485600000
RBI:AVG_TURNOVER_RN(1.0),N_A,TRI_REPO,W,2022,2021,0,2021-12-10,INR,6243212000000.001
RBI:AVG_TURNOVER_RN(1.0),N_A,CORPO_REPO,W,2022,2021,0,2021-12-10,INR,55024000000
RBI:AVG_TURNOVER_RN(1.0),N_A,TR_BILL_182_DAY,W,2022,2021,0,2021-12-10,INR,17776223999.999996
RBI:AVG_TURNOVER_RN(1.0),N_A,NOTICE_MONEY,W,2022,2021,0,2021-12-10,INR,5392166666.666667
RBI:AVG_TURNOVER_RN(1.0),N_A,TR_BILL_364_DAY,W,2022,2021,0,2021-12-10,INR,18694704000
RBI:AVG_TURNOVER_RN(1.0),N_A,TR_BILL_91_DAY,W,2022,2021,0,2021-12-03,INR,28719067999.999996
RBI:AVG_TURNOVER_RN(1.0),N_A,TR_BILL_182_DAY,W,2022,2021,0,2021-12-03,INR,6764703999.999999
RBI:AVG_TURNOVER_RN(1.0),N_A,NOTICE_MONEY,W,2022,2021,0,2021-12-03,INR,39827400000
RBI:AVG_TURNOVER_RN(1.0),N_A,STATE_GOVT_SEC,W,2022,2021,0,2021-12-03,INR,38460451999.99999
RBI:AVG_TURNOVER_RN(1.0),N_A,FOREX,W,2022,2021,0,2021-12-03,INR,91112400000
RBI:AVG_TURNOVER_RN(1.0),N_A,CALL_MONEY,W,2022,2021,0,2021-12-03,INR,146509960000
RBI:AVG_TURNOVER_RN(1.0),N_A,TR_BILL_364_DAY,W,2022,2021,0,2021-12-03,INR,19860536000
RBI:AVG_TURNOVER_RN(1.0),N_A,GOVT_SEC,W,2022,2021,0,2021-12-03,INR,581132000000
RBI:AVG_TURNOVER_RN(1.0),N_A,MKT_REPO,W,2022,2021,0,2021-12-03,INR,5071535920000
RBI:AVG_TURNOVER_RN(1.0),N_A,TERM_MONEY,W,2022,2021,0,2021-12-03,INR,4373000000
RBI:AVG_TURNOVER_RN(1.0),N_A,GOVT_SEC_RBI,W,2022,2021,0,2021-12-03,INR,6330000000
RBI:AVG_TURNOVER_RN(1.0),N_A,CORPO_REPO,W,2022,2021,0,2021-12-03,INR,29528000000
RBI:AVG_TURNOVER_RN(1.0),N_A,TRI_REPO,W,2022,2021,0,2021-12-03,INR,8291049400000.001
RBI:AVG_TURNOVER_RN(1.0),N_A,TR_BILL_182_DAY,W,2022,2021,0,2021-11-26,INR,22818000000
RBI:AVG_TURNOVER_RN(1.0),N_A,GOVT_SEC,W,2022,2021,0,2021-11-26,INR,518392512000
RBI:AVG_TURNOVER_RN(1.0),N_A,TR_BILL_91_DAY,W,2022,2021,0,2021-11-26,INR,42111900000.00001
RBI:AVG_TURNOVER_RN(1.0),N_A,MKT_REPO,W,2022,2021,0,2021-11-26,INR,4026811200000.0005
RBI:AVG_TURNOVER_RN(1.0),N_A,TRI_REPO,W,2022,2021,0,2021-11-26,INR,6526021666666.666
RBI:AVG_TURNOVER_RN(1.0),N_A,CALL_MONEY,W,2022,2021,0,2021-11-26,INR,154876666666.66666
RBI:AVG_TURNOVER_RN(1.0),N_A,STATE_GOVT_SEC,W,2022,2021,0,2021-11-26,INR,51368380000
RBI:AVG_TURNOVER_RN(1.0),N_A,NOTICE_MONEY,W,2022,2021,0,2021-11-26,INR,9118866666.666666
RBI:AVG_TURNOVER_RN(1.0),N_A,CORPO_REPO,W,2022,2021,0,2021-11-26,INR,62028800000
RBI:AVG_TURNOVER_RN(1.0),N_A,TERM_MONEY,W,2022,2021,0,2021-11-26,INR,3575666666.6666665
RBI:AVG_TURNOVER_RN(1.0),N_A,GOVT_SEC_RBI,W,2022,2021,0,2021-11-26,INR,8730000000
RBI:AVG_TURNOVER_RN(1.0),N_A,TR_BILL_364_DAY,W,2022,2021,0,2021-11-26,INR,20830456000
RBI:AVG_TURNOVER_RN(1.0),N_A,FOREX,W,2022,2021,0,2021-11-26,INR,73583800000
RBI:AVG_TURNOVER_RN(1.0),N_A,CALL_MONEY,W,2022,2021,0,2021-11-19,INR,113841150000
RBI:AVG_TURNOVER_RN(1.0),N_A,TRI_REPO,W,2022,2021,0,2021-11-19,INR,7441939250000
RBI:AVG_TURNOVER_RN(1.0),N_A,FOREX,W,2022,2021,0,2021-11-19,INR,67253250000
RBI:AVG_TURNOVER_RN(1.0),N_A,STATE_GOVT_SEC,W,2022,2021,0,2021-11-19,INR,61004269999.99999
RBI:AVG_TURNOVER_RN(1.0),N_A,NOTICE_MONEY,W,2022,2021,0,2021-11-19,INR,49429399999.99999
RBI:AVG_TURNOVER_RN(1.0),N_A,GOVT_SEC,W,2022,2021,0,2021-11-19,INR,433739070000
RBI:AVG_TURNOVER_RN(1.0),N_A,CORPO_REPO,W,2022,2021,0,2021-11-19,INR,38883000000
RBI:AVG_TURNOVER_RN(1.0),N_A,TERM_MONEY,W,2022,2021,0,2021-11-19,INR,2142500000
RBI:AVG_TURNOVER_RN(1.0),N_A,TR_BILL_364_DAY,W,2022,2021,0,2021-11-19,INR,31816480000
RBI:AVG_TURNOVER_RN(1.0),N_A,MKT_REPO,W,2022,2021,0,2021-11-19,INR,4247775300000.0005
RBI:AVG_TURNOVER_RN(1.0),N_A,GOVT_SEC_RBI,W,2022,2021,0,2021-11-19,INR,4120000000
RBI:AVG_TURNOVER_RN(1.0),N_A,TR_BILL_91_DAY,W,2022,2021,0,2021-11-19,INR,18055000000
RBI:AVG_TURNOVER_RN(1.0),N_A,TR_BILL_182_DAY,W,2022,2021,0,2021-11-19,INR,24060000000
RBI:AVG_TURNOVER_RN(1.0),N_A,MKT_REPO,W,2022,2021,0,2021-11-12,INR,3581776933333.3335
RBI:AVG_TURNOVER_RN(1.0),N_A,GOVT_SEC_RBI,W,2022,2021,0,2021-11-12,INR,6270000000
RBI:AVG_TURNOVER_RN(1.0),N_A,STATE_GOVT_SEC,W,2022,2021,0,2021-11-12,INR,44953204000
RBI:AVG_TURNOVER_RN(1.0),N_A,TR_BILL_182_DAY,W,2022,2021,0,2021-11-12,INR,32407324000
RBI:AVG_TURNOVER_RN(1.0),N_A,CALL_MONEY,W,2022,2021,0,2021-11-12,INR,149849500000
RBI:AVG_TURNOVER_RN(1.0),N_A,CORPO_REPO,W,2022,2021,0,2021-11-12,INR,25096000000
RBI:AVG_TURNOVER_RN(1.0),N_A,NOTICE_MONEY,W,2022,2021,0,2021-11-12,INR,7298333333.333334
RBI:AVG_TURNOVER_RN(1.0),N_A,TERM_MONEY,W,2022,2021,0,2021-11-12,INR,4095000000
RBI:AVG_TURNOVER_RN(1.0),N_A,TRI_REPO,W,2022,2021,0,2021-11-12,INR,6781890666666.667
RBI:AVG_TURNOVER_RN(1.0),N_A,GOVT_SEC,W,2022,2021,0,2021-11-12,INR,515773000000
RBI:AVG_TURNOVER_RN(1.0),N_A,TR_BILL_364_DAY,W,2022,2021,0,2021-11-12,INR,38659708000
RBI:AVG_TURNOVER_RN(1.0),N_A,TR_BILL_91_DAY,W,2022,2021,0,2021-11-12,INR,42123000000
RBI:AVG_TURNOVER_RN(1.0),N_A,FOREX,W,2022,2021,0,2021-11-12,INR,74745600000
RBI:AVG_TURNOVER_RN(1.0),N_A,TR_BILL_364_DAY,W,2022,2021,0,2021-11-05,INR,26197900000
RBI:AVG_TURNOVER_RN(1.0),N_A,STATE_GOVT_SEC,W,2022,2021,0,2021-11-05,INR,56976246666.666664
RBI:AVG_TURNOVER_RN(1.0),N_A,NOTICE_MONEY,W,2022,2021,0,2021-11-05,INR,60998700000
RBI:AVG_TURNOVER_RN(1.0),N_A,CORPO_REPO,W,2022,2021,0,2021-11-05,INR,16973333333.333332
RBI:AVG_TURNOVER_RN(1.0),N_A,MKT_REPO,W,2022,2021,0,2021-11-05,INR,3357039699999.9995
RBI:AVG_TURNOVER_RN(1.0),N_A,GOVT_SEC_RBI,W,2022,2021,0,2021-11-05,INR,2140000000
RBI:AVG_TURNOVER_RN(1.0),N_A,FOREX,W,2022,2021,0,2021-11-05,INR,90250333333.33333
RBI:AVG_TURNOVER_RN(1.0),N_A,TRI_REPO,W,2022,2021,0,2021-11-05,INR,5322449750000
RBI:AVG_TURNOVER_RN(1.0),N_A,TR_BILL_91_DAY,W,2022,2021,0,2021-11-05,INR,51263573333.333336
RBI:AVG_TURNOVER_RN(1.0),N_A,TERM_MONEY,W,2022,2021,0,2021-11-05,INR,2845000000
RBI:AVG_TURNOVER_RN(1.0),N_A,CALL_MONEY,W,2022,2021,0,2021-11-05,INR,133362500000
RBI:AVG_TURNOVER_RN(1.0),N_A,TR_BILL_182_DAY,W,2022,2021,0,2021-11-05,INR,39120000000
RBI:AVG_TURNOVER_RN(1.0),N_A,GOVT_SEC,W,2022,2021,0,2021-11-05,INR,456025733333.3333
RBI:AVG_TURNOVER_RN(1.0),N_A,FOREX,W,2022,2021,0,2021-10-29,INR,92928600000
RBI:AVG_TURNOVER_RN(1.0),N_A,GOVT_SEC_RBI,W,2022,2021,0,2021-10-29,INR,380000000
RBI:AVG_TURNOVER_RN(1.0),N_A,MKT_REPO,W,2022,2021,0,2021-10-29,INR,3883282560000
RBI:AVG_TURNOVER_RN(1.0),N_A,CORPO_REPO,W,2022,2021,0,2021-10-29,INR,53512000000
RBI:AVG_TURNOVER_RN(1.0),N_A,TR_BILL_91_DAY,W,2022,2021,0,2021-10-29,INR,34867000000
RBI:AVG_TURNOVER_RN(1.0),N_A,TR_BILL_182_DAY,W,2022,2021,0,2021-10-29,INR,23292000000
RBI:AVG_TURNOVER_RN(1.0),N_A,TERM_MONEY,W,2022,2021,0,2021-10-29,INR,3730000000
RBI:AVG_TURNOVER_RN(1.0),N_A,NOTICE_MONEY,W,2022,2021,0,2021-10-29,INR,29043440000
RBI:AVG_TURNOVER_RN(1.0),N_A,STATE_GOVT_SEC,W,2022,2021,0,2021-10-29,INR,50867555999.99999
RBI:AVG_TURNOVER_RN(1.0),N_A,TRI_REPO,W,2022,2021,0,2021-10-29,INR,7743002000000
RBI:AVG_TURNOVER_RN(1.0),N_A,CALL_MONEY,W,2022,2021,0,2021-10-29,INR,145701360000
RBI:AVG_TURNOVER_RN(1.0),N_A,GOVT_SEC,W,2022,2021,0,2021-10-29,INR,566156252000
RBI:AVG_TURNOVER_RN(1.0),N_A,TR_BILL_364_DAY,W,2022,2021,0,2021-10-29,INR,16850567999.999998
RBI:AVG_TURNOVER_RN(1.0),N_A,TRI_REPO,W,2022,2021,0,2021-10-22,INR,5711570599999.999
RBI:AVG_TURNOVER_RN(1.0),N_A,MKT_REPO,W,2022,2021,0,2021-10-22,INR,3226377600000
RBI:AVG_TURNOVER_RN(1.0),N_A,NOTICE_MONEY,W,2022,2021,0,2021-10-22,INR,9402320000
RBI:AVG_TURNOVER_RN(1.0),N_A,GOVT_SEC,W,2022,2021,0,2021-10-22,INR,612107825000
RBI:AVG_TURNOVER_RN(1.0),N_A,STATE_GOVT_SEC,W,2022,2021,0,2021-10-22,INR,38615155000
RBI:AVG_TURNOVER_RN(1.0),N_A,TR_BILL_364_DAY,W,2022,2021,0,2021-10-22,INR,26527750000
RBI:AVG_TURNOVER_RN(1.0),N_A,FOREX,W,2022,2021,0,2021-10-22,INR,76434000000
RBI:AVG_TURNOVER_RN(1.0),N_A,TR_BILL_182_DAY,W,2022,2021,0,2021-10-22,INR,16941940000
RBI:AVG_TURNOVER_RN(1.0),N_A,TR_BILL_91_DAY,W,2022,2021,0,2021-10-22,INR,39008490000
RBI:AVG_TURNOVER_RN(1.0),N_A,CORPO_REPO,W,2022,2021,0,2021-10-22,INR,36540000000
RBI:AVG_TURNOVER_RN(1.0),N_A,CALL_MONEY,W,2022,2021,0,2021-10-22,INR,167749000000
RBI:AVG_TURNOVER_RN(1.0),N_A,TERM_MONEY,W,2022,2021,0,2021-10-22,INR,3904000000
RBI:AVG_TURNOVER_RN(1.0),N_A,GOVT_SEC_RBI,W,2022,2021,0,2021-10-22,INR,1640000000
RBI:AVG_TURNOVER_RN(1.0),N_A,GOVT_SEC_RBI,W,2022,2021,0,2021-10-15,INR,50000000
RBI:AVG_TURNOVER_RN(1.0),N_A,TR_BILL_182_DAY,W,2022,2021,0,2021-10-15,INR,33500320000
RBI:AVG_TURNOVER_RN(1.0),N_A,MKT_REPO,W,2022,2021,0,2021-10-15,INR,4142672000000
RBI:AVG_TURNOVER_RN(1.0),N_A,FOREX,W,2022,2021,0,2021-10-15,INR,72191250000
RBI:AVG_TURNOVER_RN(1.0),N_A,STATE_GOVT_SEC,W,2022,2021,0,2021-10-15,INR,39469980000
RBI:AVG_TURNOVER_RN(1.0),N_A,CORPO_REPO,W,2022,2021,0,2021-10-15,INR,23330000000
RBI:AVG_TURNOVER_RN(1.0),N_A,NOTICE_MONEY,W,2022,2021,0,2021-10-15,INR,45330350000
RBI:AVG_TURNOVER_RN(1.0),N_A,TR_BILL_364_DAY,W,2022,2021,0,2021-10-15,INR,61658275000
RBI:AVG_TURNOVER_RN(1.0),N_A,TERM_MONEY,W,2022,2021,0,2021-10-15,INR,1633250000
RBI:AVG_TURNOVER_RN(1.0),N_A,CALL_MONEY,W,2022,2021,0,2021-10-15,INR,116094200000
RBI:AVG_TURNOVER_RN(1.0),N_A,TRI_REPO,W,2022,2021,0,2021-10-15,INR,6849682500000
RBI:AVG_TURNOVER_RN(1.0),N_A,GOVT_SEC,W,2022,2021,0,2021-10-15,INR,575320305000
RBI:AVG_TURNOVER_RN(1.0),N_A,TR_BILL_91_DAY,W,2022,2021,0,2021-10-15,INR,28614790000
RBI:AVG_TURNOVER_RN(1.0),N_A,STATE_GOVT_SEC,W,2022,2021,0,2021-10-08,INR,58956400000
RBI:AVG_TURNOVER_RN(1.0),N_A,GOVT_SEC_RBI,W,2022,2021,0,2021-10-08,INR,740000000
RBI:AVG_TURNOVER_RN(1.0),N_A,FOREX,W,2022,2021,0,2021-10-08,INR,74978600000
RBI:AVG_TURNOVER_RN(1.0),N_A,TRI_REPO,W,2022,2021,0,2021-10-08,INR,7005877400000
RBI:AVG_TURNOVER_RN(1.0),N_A,GOVT_SEC,W,2022,2021,0,2021-10-08,INR,635835228000
RBI:AVG_TURNOVER_RN(1.0),N_A,TR_BILL_91_DAY,W,2022,2021,0,2021-10-08,INR,52281160000
RBI:AVG_TURNOVER_RN(1.0),N_A,TR_BILL_364_DAY,W,2022,2021,0,2021-10-08,INR,37023000000
RBI:AVG_TURNOVER_RN(1.0),N_A,CALL_MONEY,W,2022,2021,0,2021-10-08,INR,150180920000
RBI:AVG_TURNOVER_RN(1.0),N_A,CORPO_REPO,W,2022,2021,0,2021-10-08,INR,36600000000
RBI:AVG_TURNOVER_RN(1.0),N_A,TERM_MONEY,W,2022,2021,0,2021-10-08,INR,2403000000
RBI:AVG_TURNOVER_RN(1.0),N_A,NOTICE_MONEY,W,2022,2021,0,2021-10-08,INR,8175280000
RBI:AVG_TURNOVER_RN(1.0),N_A,TR_BILL_182_DAY,W,2022,2021,0,2021-10-08,INR,29753651999.999996
RBI:AVG_TURNOVER_RN(1.0),N_A,MKT_REPO,W,2022,2021,0,2021-10-08,INR,4097093360000
RBI:AVG_TURNOVER_RN(1.0),N_A,TR_BILL_364_DAY,W,2022,2021,0,2021-10-01,INR,28195207999.999996
RBI:AVG_TURNOVER_RN(1.0),N_A,TR_BILL_91_DAY,W,2022,2021,0,2021-10-01,INR,66446200000
RBI:AVG_TURNOVER_RN(1.0),N_A,FOREX,W,2022,2021,0,2021-10-01,INR,92813800000
RBI:AVG_TURNOVER_RN(1.0),N_A,MKT_REPO,W,2022,2021,0,2021-10-01,INR,3691036080000
RBI:AVG_TURNOVER_RN(1.0),N_A,TERM_MONEY,W,2022,2021,0,2021-10-01,INR,2298000000
RBI:AVG_TURNOVER_RN(1.0),N_A,GOVT_SEC,W,2022,2021,0,2021-10-01,INR,838257307999.9999
RBI:AVG_TURNOVER_RN(1.0),N_A,TRI_REPO,W,2022,2021,0,2021-10-01,INR,6670626599999.999
RBI:AVG_TURNOVER_RN(1.0),N_A,CORPO_REPO,W,2022,2021,0,2021-10-01,INR,15600000000
RBI:AVG_TURNOVER_RN(1.0),N_A,TR_BILL_182_DAY,W,2022,2021,0,2021-10-01,INR,52172000000
RBI:AVG_TURNOVER_RN(1.0),N_A,CALL_MONEY,W,2022,2021,0,2021-10-01,INR,170088440000
RBI:AVG_TURNOVER_RN(1.0),N_A,GOVT_SEC_RBI,W,2022,2021,0,2021-10-01,INR,61300000000
RBI:AVG_TURNOVER_RN(1.0),N_A,NOTICE_MONEY,W,2022,2021,0,2021-10-01,INR,4503680000.000001
RBI:AVG_TURNOVER_RN(1.0),N_A,STATE_GOVT_SEC,W,2022,2021,0,2021-10-01,INR,62464436000.00001
RBI:AVG_TURNOVER_RN(1.0),N_A,GOVT_SEC,W,2022,2021,0,2021-09-24,INR,997389508000
RBI:AVG_TURNOVER_RN(1.0),N_A,NOTICE_MONEY,W,2022,2021,0,2021-09-24,INR,6231000000
RBI:AVG_TURNOVER_RN(1.0),N_A,STATE_GOVT_SEC,W,2022,2021,0,2021-09-24,INR,62672788000
RBI:AVG_TURNOVER_RN(1.0),N_A,TR_BILL_364_DAY,W,2022,2021,0,2021-09-24,INR,18965320000
RBI:AVG_TURNOVER_RN(1.0),N_A,CORPO_REPO,W,2022,2021,0,2021-09-24,INR,39680000000
RBI:AVG_TURNOVER_RN(1.0),N_A,FOREX,W,2022,2021,0,2021-09-24,INR,77798600000
RBI:AVG_TURNOVER_RN(1.0),N_A,GOVT_SEC_RBI,W,2022,2021,0,2021-09-24,INR,63529999999.99999
RBI:AVG_TURNOVER_RN(1.0),N_A,CALL_MONEY,W,2022,2021,0,2021-09-24,INR,133824200000
RBI:AVG_TURNOVER_RN(1.0),N_A,TERM_MONEY,W,2022,2021,0,2021-09-24,INR,3486666666.666667
RBI:AVG_TURNOVER_RN(1.0),N_A,TR_BILL_91_DAY,W,2022,2021,0,2021-09-24,INR,52241060000
RBI:AVG_TURNOVER_RN(1.0),N_A,MKT_REPO,W,2022,2021,0,2021-09-24,INR,3139621466666.6665
RBI:AVG_TURNOVER_RN(1.0),N_A,TR_BILL_182_DAY,W,2022,2021,0,2021-09-24,INR,23608000000
RBI:AVG_TURNOVER_RN(1.0),N_A,TRI_REPO,W,2022,2021,0,2021-09-24,INR,5108653333333.333
RBI:AVG_TURNOVER_RN(1.0),N_A,GOVT_SEC,W,2022,2021,0,2021-09-17,INR,829417431999.9999
RBI:AVG_TURNOVER_RN(1.0),N_A,TR_BILL_91_DAY,W,2022,2021,0,2021-09-17,INR,30033240000
RBI:AVG_TURNOVER_RN(1.0),N_A,TERM_MONEY,W,2022,2021,0,2021-09-17,INR,6088000000
RBI:AVG_TURNOVER_RN(1.0),N_A,GOVT_SEC_RBI,W,2022,2021,0,2021-09-17,INR,1330000000
RBI:AVG_TURNOVER_RN(1.0),N_A,TRI_REPO,W,2022,2021,0,2021-09-17,INR,5843463000000
RBI:AVG_TURNOVER_RN(1.0),N_A,TR_BILL_364_DAY,W,2022,2021,0,2021-09-17,INR,21792619999.999996
RBI:AVG_TURNOVER_RN(1.0),N_A,STATE_GOVT_SEC,W,2022,2021,0,2021-09-17,INR,42986767999.99999
RBI:AVG_TURNOVER_RN(1.0),N_A,CORPO_REPO,W,2022,2021,0,2021-09-17,INR,71912000000
RBI:AVG_TURNOVER_RN(1.0),N_A,MKT_REPO,W,2022,2021,0,2021-09-17,INR,3758733200000
RBI:AVG_TURNOVER_RN(1.0),N_A,CALL_MONEY,W,2022,2021,0,2021-09-17,INR,111431800000
RBI:AVG_TURNOVER_RN(1.0),N_A,TR_BILL_182_DAY,W,2022,2021,0,2021-09-17,INR,21771400000.000004
RBI:AVG_TURNOVER_RN(1.0),N_A,FOREX,W,2022,2021,0,2021-09-17,INR,63556000000
RBI:AVG_TURNOVER_RN(1.0),N_A,NOTICE_MONEY,W,2022,2021,0,2021-09-17,INR,37306680000
RBI:AVG_TURNOVER_RN(1.0),N_A,TRI_REPO,W,2022,2021,0,2021-09-10,INR,4603770200000
RBI:AVG_TURNOVER_RN(1.0),N_A,GOVT_SEC_RBI,W,2022,2021,0,2021-09-10,INR,13020000000
RBI:AVG_TURNOVER_RN(1.0),N_A,FOREX,W,2022,2021,0,2021-09-10,INR,63076750000
RBI:AVG_TURNOVER_RN(1.0),N_A,TR_BILL_364_DAY,W,2022,2021,0,2021-09-10,INR,25565000000
RBI:AVG_TURNOVER_RN(1.0),N_A,TR_BILL_182_DAY,W,2022,2021,0,2021-09-10,INR,24584625000
RBI:AVG_TURNOVER_RN(1.0),N_A,CALL_MONEY,W,2022,2021,0,2021-09-10,INR,117618160000
RBI:AVG_TURNOVER_RN(1.0),N_A,STATE_GOVT_SEC,W,2022,2021,0,2021-09-10,INR,59832635000
RBI:AVG_TURNOVER_RN(1.0),N_A,NOTICE_MONEY,W,2022,2021,0,2021-09-10,INR,5728399999.999999
RBI:AVG_TURNOVER_RN(1.0),N_A,TR_BILL_91_DAY,W,2022,2021,0,2021-09-10,INR,32646660000
RBI:AVG_TURNOVER_RN(1.0),N_A,CORPO_REPO,W,2022,2021,0,2021-09-10,INR,50186800000
RBI:AVG_TURNOVER_RN(1.0),N_A,GOVT_SEC,W,2022,2021,0,2021-09-10,INR,1015240665000
RBI:AVG_TURNOVER_RN(1.0),N_A,MKT_REPO,W,2022,2021,0,2021-09-10,INR,2925424240000
RBI:AVG_TURNOVER_RN(1.0),N_A,TERM_MONEY,W,2022,2021,0,2021-09-10,INR,4355000000
RBI:AVG_TURNOVER_RN(1.0),N_A,TR_BILL_182_DAY,W,2022,2021,0,2021-09-03,INR,26446000000
RBI:AVG_TURNOVER_RN(1.0),N_A,TR_BILL_364_DAY,W,2022,2021,0,2021-09-03,INR,31011140000
RBI:AVG_TURNOVER_RN(1.0),N_A,TR_BILL_91_DAY,W,2022,2021,0,2021-09-03,INR,26822527999.999996
RBI:AVG_TURNOVER_RN(1.0),N_A,CORPO_REPO,W,2022,2021,0,2021-09-03,INR,66901600000.00001
RBI:AVG_TURNOVER_RN(1.0),N_A,CALL_MONEY,W,2022,2021,0,2021-09-03,INR,112319160000.00002
RBI:AVG_TURNOVER_RN(1.0),N_A,MKT_REPO,W,2022,2021,0,2021-09-03,INR,3646563360000
RBI:AVG_TURNOVER_RN(1.0),N_A,GOVT_SEC,W,2022,2021,0,2021-09-03,INR,900555828000.0001
RBI:AVG_TURNOVER_RN(1.0),N_A,FOREX,W,2022,2021,0,2021-09-03,INR,70252200000
RBI:AVG_TURNOVER_RN(1.0),N_A,TERM_MONEY,W,2022,2021,0,2021-09-03,INR,6117000000
RBI:AVG_TURNOVER_RN(1.0),N_A,NOTICE_MONEY,W,2022,2021,0,2021-09-03,INR,37755600000
RBI:AVG_TURNOVER_RN(1.0),N_A,GOVT_SEC_RBI,W,2022,2021,0,2021-09-03,INR,1119999999.9999998
RBI:AVG_TURNOVER_RN(1.0),N_A,STATE_GOVT_SEC,W,2022,2021,0,2021-09-03,INR,54367631999.99999
RBI:AVG_TURNOVER_RN(1.0),N_A,TRI_REPO,W,2022,2021,0,2021-09-03,INR,6299596599999.999
RBI:AVG_TURNOVER_RN(1.0),N_A,TR_BILL_364_DAY,W,2022,2021,0,2021-08-27,INR,52203224000
RBI:AVG_TURNOVER_RN(1.0),N_A,CORPO_REPO,W,2022,2021,0,2021-08-27,INR,41517600000
RBI:AVG_TURNOVER_RN(1.0),N_A,GOVT_SEC_RBI,W,2022,2021,0,2021-08-27,INR,51279999999.99999
RBI:AVG_TURNOVER_RN(1.0),N_A,TERM_MONEY,W,2022,2021,0,2021-08-27,INR,4828400000
RBI:AVG_TURNOVER_RN(1.0),N_A,NOTICE_MONEY,W,2022,2021,0,2021-08-27,INR,13108799999.999998
RBI:AVG_TURNOVER_RN(1.0),N_A,MKT_REPO,W,2022,2021,0,2021-08-27,INR,3019523266666.6665
RBI:AVG_TURNOVER_RN(1.0),N_A,GOVT_SEC,W,2022,2021,0,2021-08-27,INR,474769024000
RBI:AVG_TURNOVER_RN(1.0),N_A,CALL_MONEY,W,2022,2021,0,2021-08-27,INR,128451233333.33334
RBI:AVG_TURNOVER_RN(1.0),N_A,TRI_REPO,W,2022,2021,0,2021-08-27,INR,5773535833333.334
RBI:AVG_TURNOVER_RN(1.0),N_A,TR_BILL_182_DAY,W,2022,2021,0,2021-08-27,INR,46047883999.99999
RBI:AVG_TURNOVER_RN(1.0),N_A,TR_BILL_91_DAY,W,2022,2021,0,2021-08-27,INR,30806520000
RBI:AVG_TURNOVER_RN(1.0),N_A,FOREX,W,2022,2021,0,2021-08-27,INR,70694000000
RBI:AVG_TURNOVER_RN(1.0),N_A,STATE_GOVT_SEC,W,2022,2021,0,2021-08-27,INR,50676232000
RBI:AVG_TURNOVER_RN(1.0),N_A,CORPO_REPO,W,2022,2021,0,2021-08-20,INR,1556000000
RBI:AVG_TURNOVER_RN(1.0),N_A,TRI_REPO,W,2022,2021,0,2021-08-20,INR,6515487000000.001
RBI:AVG_TURNOVER_RN(1.0),N_A,TERM_MONEY,W,2022,2021,0,2021-08-20,INR,3675000000
RBI:AVG_TURNOVER_RN(1.0),N_A,FOREX,W,2022,2021,0,2021-08-20,INR,70936000000
RBI:AVG_TURNOVER_RN(1.0),N_A,NOTICE_MONEY,W,2022,2021,0,2021-08-20,INR,57784199999.99999
RBI:AVG_TURNOVER_RN(1.0),N_A,TR_BILL_91_DAY,W,2022,2021,0,2021-08-20,INR,20813333333.333336
RBI:AVG_TURNOVER_RN(1.0),N_A,MKT_REPO,W,2022,2021,0,2021-08-20,INR,3591026933333.3335
RBI:AVG_TURNOVER_RN(1.0),N_A,CALL_MONEY,W,2022,2021,0,2021-08-20,INR,89752733333.33333
RBI:AVG_TURNOVER_RN(1.0),N_A,STATE_GOVT_SEC,W,2022,2021,0,2021-08-20,INR,50398580000.00001
RBI:AVG_TURNOVER_RN(1.0),N_A,TR_BILL_364_DAY,W,2022,2021,0,2021-08-20,INR,87450880000
RBI:AVG_TURNOVER_RN(1.0),N_A,GOVT_SEC,W,2022,2021,0,2021-08-20,INR,652352073333.3334
RBI:AVG_TURNOVER_RN(1.0),N_A,GOVT_SEC_RBI,W,2022,2021,0,2021-08-20,INR,2220000000.0000005
RBI:AVG_TURNOVER_RN(1.0),N_A,TR_BILL_182_DAY,W,2022,2021,0,2021-08-20,INR,50633626666.66667
RBI:AVG_TURNOVER_RN(1.0),N_A,TERM_MONEY,W,2022,2021,0,2021-08-13,INR,6531666666.666666
RBI:AVG_TURNOVER_RN(1.0),N_A,FOREX,W,2022,2021,0,2021-08-13,INR,65113400000
RBI:AVG_TURNOVER_RN(1.0),N_A,GOVT_SEC,W,2022,2021,0,2021-08-13,INR,442421340000.00006
RBI:AVG_TURNOVER_RN(1.0),N_A,CORPO_REPO,W,2022,2021,0,2021-08-13,INR,18133600000
RBI:AVG_TURNOVER_RN(1.0),N_A,TR_BILL_182_DAY,W,2022,2021,0,2021-08-13,INR,40231000000
RBI:AVG_TURNOVER_RN(1.0),N_A,NOTICE_MONEY,W,2022,2021,0,2021-08-13,INR,4088833333.333334
RBI:AVG_TURNOVER_RN(1.0),N_A,MKT_REPO,W,2022,2021,0,2021-08-13,INR,2735453733333.3335
RBI:AVG_TURNOVER_RN(1.0),N_A,STATE_GOVT_SEC,W,2022,2021,0,2021-08-13,INR,51145784000
RBI:AVG_TURNOVER_RN(1.0),N_A,GOVT_SEC_RBI,W,2022,2021,0,2021-08-13,INR,50820000000
RBI:AVG_TURNOVER_RN(1.0),N_A,TR_BILL_91_DAY,W,2022,2021,0,2021-08-13,INR,46763408000
RBI:AVG_TURNOVER_RN(1.0),N_A,TRI_REPO,W,2022,2021,0,2021-08-13,INR,4663687500000
RBI:AVG_TURNOVER_RN(1.0),N_A,CALL_MONEY,W,2022,2021,0,2021-08-13,INR,129555299999.99998
RBI:AVG_TURNOVER_RN(1.0),N_A,TR_BILL_364_DAY,W,2022,2021,0,2021-08-13,INR,97563576000
RBI:AVG_TURNOVER_RN(1.0),N_A,STATE_GOVT_SEC,W,2022,2021,0,2021-08-06,INR,54396864000
RBI:AVG_TURNOVER_RN(1.0),N_A,TR_BILL_182_DAY,W,2022,2021,0,2021-08-06,INR,21022356000
RBI:AVG_TURNOVER_RN(1.0),N_A,TR_BILL_91_DAY,W,2022,2021,0,2021-08-06,INR,45133772000
RBI:AVG_TURNOVER_RN(1.0),N_A,NOTICE_MONEY,W,2022,2021,0,2021-08-06,INR,28034366666.666664
RBI:AVG_TURNOVER_RN(1.0),N_A,TRI_REPO,W,2022,2021,0,2021-08-06,INR,4805686500000
RBI:AVG_TURNOVER_RN(1.0),N_A,MKT_REPO,W,2022,2021,0,2021-08-06,INR,2884068666666.6665
RBI:AVG_TURNOVER_RN(1.0),N_A,TERM_MONEY,W,2022,2021,0,2021-08-06,INR,6326666666.666666
RBI:AVG_TURNOVER_RN(1.0),N_A,GOVT_SEC,W,2022,2021,0,2021-08-06,INR,442602148000.00006
RBI:AVG_TURNOVER_RN(1.0),N_A,CALL_MONEY,W,2022,2021,0,2021-08-06,INR,105465399999.99998
RBI:AVG_TURNOVER_RN(1.0),N_A,CORPO_REPO,W,2022,2021,0,2021-08-06,INR,43014240000
RBI:AVG_TURNOVER_RN(1.0),N_A,TR_BILL_364_DAY,W,2022,2021,0,2021-08-06,INR,30016996000
RBI:AVG_TURNOVER_RN(1.0),N_A,GOVT_SEC_RBI,W,2022,2021,0,2021-08-06,INR,3530000000
RBI:AVG_TURNOVER_RN(1.0),N_A,FOREX,W,2022,2021,0,2021-08-06,INR,66680000000
RBI:AVG_TURNOVER_RN(1.0),N_A,TERM_MONEY,W,2022,2021,0,2021-07-30,INR,5747200000
RBI:AVG_TURNOVER_RN(1.0),N_A,GOVT_SEC_RBI,W,2022,2021,0,2021-07-30,INR,2239999999.9999995
RBI:AVG_TURNOVER_RN(1.0),N_A,FOREX,W,2022,2021,0,2021-07-30,INR,77055800000
RBI:AVG_TURNOVER_RN(1.0),N_A,TR_BILL_182_DAY,W,2022,2021,0,2021-07-30,INR,32505464000
RBI:AVG_TURNOVER_RN(1.0),N_A,TR_BILL_91_DAY,W,2022,2021,0,2021-07-30,INR,38831400000
RBI:AVG_TURNOVER_RN(1.0),N_A,STATE_GOVT_SEC,W,2022,2021,0,2021-07-30,INR,51044764000.00001
RBI:AVG_TURNOVER_RN(1.0),N_A,CORPO_REPO,W,2022,2021,0,2021-07-30,INR,72002400000
RBI:AVG_TURNOVER_RN(1.0),N_A,GOVT_SEC,W,2022,2021,0,2021-07-30,INR,404226328000
RBI:AVG_TURNOVER_RN(1.0),N_A,TR_BILL_364_DAY,W,2022,2021,0,2021-07-30,INR,59582100000
RBI:AVG_TURNOVER_RN(1.0),N_A,MKT_REPO,W,2022,2021,0,2021-07-30,INR,3379509440000
RBI:AVG_TURNOVER_RN(1.0),N_A,TRI_REPO,W,2022,2021,0,2021-07-30,INR,6525520000000
RBI:AVG_TURNOVER_RN(1.0),N_A,CALL_MONEY,W,2022,2021,0,2021-07-30,INR,132810600000.00002
RBI:AVG_TURNOVER_RN(1.0),N_A,NOTICE_MONEY,W,2022,2021,0,2021-07-30,INR,38006000000
RBI:AVG_TURNOVER_RN(1.0),N_A,TR_BILL_182_DAY,W,2022,2021,0,2021-07-23,INR,32210030000
RBI:AVG_TURNOVER_RN(1.0),N_A,TRI_REPO,W,2022,2021,0,2021-07-23,INR,4985169800000
RBI:AVG_TURNOVER_RN(1.0),N_A,TR_BILL_91_DAY,W,2022,2021,0,2021-07-23,INR,42683000000
RBI:AVG_TURNOVER_RN(1.0),N_A,STATE_GOVT_SEC,W,2022,2021,0,2021-07-23,INR,46353729999.99999
RBI:AVG_TURNOVER_RN(1.0),N_A,TR_BILL_364_DAY,W,2022,2021,0,2021-07-23,INR,22657585000
RBI:AVG_TURNOVER_RN(1.0),N_A,FOREX,W,2022,2021,0,2021-07-23,INR,72153750000
RBI:AVG_TURNOVER_RN(1.0),N_A,CALL_MONEY,W,2022,2021,0,2021-07-23,INR,143551680000
RBI:AVG_TURNOVER_RN(1.0),N_A,MKT_REPO,W,2022,2021,0,2021-07-23,INR,2798101279999.9995
RBI:AVG_TURNOVER_RN(1.0),N_A,NOTICE_MONEY,W,2022,2021,0,2021-07-23,INR,4032920000.0000005
RBI:AVG_TURNOVER_RN(1.0),N_A,CORPO_REPO,W,2022,2021,0,2021-07-23,INR,141771800000
RBI:AVG_TURNOVER_RN(1.0),N_A,GOVT_SEC_RBI,W,2022,2021,0,2021-07-23,INR,52510000000
RBI:AVG_TURNOVER_RN(1.0),N_A,GOVT_SEC,W,2022,2021,0,2021-07-23,INR,572854170000
RBI:AVG_TURNOVER_RN(1.0),N_A,TERM_MONEY,W,2022,2021,0,2021-07-23,INR,8086000000
RBI:AVG_TURNOVER_RN(1.0),N_A,STATE_GOVT_SEC,W,2022,2021,0,2021-07-16,INR,48653960000
RBI:AVG_TURNOVER_RN(1.0),N_A,GOVT_SEC,W,2022,2021,0,2021-07-16,INR,456496168000.00006
RBI:AVG_TURNOVER_RN(1.0),N_A,MKT_REPO,W,2022,2021,0,2021-07-16,INR,3516986560000
RBI:AVG_TURNOVER_RN(1.0),N_A,TERM_MONEY,W,2022,2021,0,2021-07-16,INR,3256000000
RBI:AVG_TURNOVER_RN(1.0),N_A,TRI_REPO,W,2022,2021,0,2021-07-16,INR,5957108600000
RBI:AVG_TURNOVER_RN(1.0),N_A,NOTICE_MONEY,W,2022,2021,0,2021-07-16,INR,30484119999.999996
RBI:AVG_TURNOVER_RN(1.0),N_A,CALL_MONEY,W,2022,2021,0,2021-07-16,INR,143866160000
RBI:AVG_TURNOVER_RN(1.0),N_A,TR_BILL_182_DAY,W,2022,2021,0,2021-07-16,INR,42415059999.99999
RBI:AVG_TURNOVER_RN(1.0),N_A,GOVT_SEC_RBI,W,2022,2021,0,2021-07-16,INR,6540000000.000001
RBI:AVG_TURNOVER_RN(1.0),N_A,FOREX,W,2022,2021,0,2021-07-16,INR,73419400000
RBI:AVG_TURNOVER_RN(1.0),N_A,TR_BILL_91_DAY,W,2022,2021,0,2021-07-16,INR,83467639999.99998
RBI:AVG_TURNOVER_RN(1.0),N_A,TR_BILL_364_DAY,W,2022,2021,0,2021-07-16,INR,16057296000.000002
RBI:AVG_TURNOVER_RN(1.0),N_A,CORPO_REPO,W,2022,2021,0,2021-07-16,INR,95082240000
RBI:AVG_TURNOVER_RN(1.0),N_A,FOREX,W,2022,2021,0,2021-07-09,INR,60608600000
RBI:AVG_TURNOVER_RN(1.0),N_A,NOTICE_MONEY,W,2022,2021,0,2021-07-09,INR,4864400000
RBI:AVG_TURNOVER_RN(1.0),N_A,CORPO_REPO,W,2022,2021,0,2021-07-09,INR,69596000000
RBI:AVG_TURNOVER_RN(1.0),N_A,TR_BILL_364_DAY,W,2022,2021,0,2021-07-09,INR,26930864000
RBI:AVG_TURNOVER_RN(1.0),N_A,GOVT_SEC,W,2022,2021,0,2021-07-09,INR,467696208000
RBI:AVG_TURNOVER_RN(1.0),N_A,STATE_GOVT_SEC,W,2022,2021,0,2021-07-09,INR,63272752000
RBI:AVG_TURNOVER_RN(1.0),N_A,TERM_MONEY,W,2022,2021,0,2021-07-09,INR,8153833333.333333
RBI:AVG_TURNOVER_RN(1.0),N_A,TR_BILL_182_DAY,W,2022,2021,0,2021-07-09,INR,40848000000
RBI:AVG_TURNOVER_RN(1.0),N_A,MKT_REPO,W,2022,2021,0,2021-07-09,INR,3179705066666.6665
RBI:AVG_TURNOVER_RN(1.0),N_A,TRI_REPO,W,2022,2021,0,2021-07-09,INR,5175462166666.666
RBI:AVG_TURNOVER_RN(1.0),N_A,TR_BILL_91_DAY,W,2022,2021,0,2021-07-09,INR,67723268000
RBI:AVG_TURNOVER_RN(1.0),N_A,GOVT_SEC_RBI,W,2022,2021,0,2021-07-09,INR,50290000000
RBI:AVG_TURNOVER_RN(1.0),N_A,CALL_MONEY,W,2022,2021,0,2021-07-09,INR,124163266666.66667
RBI:AVG_TURNOVER_RN(1.0),N_A,FOREX,W,2022,2021,0,2021-07-02,INR,72796800000
RBI:AVG_TURNOVER_RN(1.0),N_A,GOVT_SEC,W,2022,2021,0,2021-07-02,INR,363773160000
RBI:AVG_TURNOVER_RN(1.0),N_A,NOTICE_MONEY,W,2022,2021,0,2021-07-02,INR,30895240000.000004
RBI:AVG_TURNOVER_RN(1.0),N_A,TRI_REPO,W,2022,2021,0,2021-07-02,INR,6137685599999.999
RBI:AVG_TURNOVER_RN(1.0),N_A,TERM_MONEY,W,2022,2021,0,2021-07-02,INR,6244000000
RBI:AVG_TURNOVER_RN(1.0),N_A,TR_BILL_182_DAY,W,2022,2021,0,2021-07-02,INR,61203099999.99999
RBI:AVG_TURNOVER_RN(1.0),N_A,CORPO_REPO,W,2022,2021,0,2021-07-02,INR,47496000000
RBI:AVG_TURNOVER_RN(1.0),N_A,TR_BILL_364_DAY,W,2022,2021,0,2021-07-02,INR,67121088000
RBI:AVG_TURNOVER_RN(1.0),N_A,STATE_GOVT_SEC,W,2022,2021,0,2021-07-02,INR,56407807999.99999
RBI:AVG_TURNOVER_RN(1.0),N_A,CALL_MONEY,W,2022,2021,0,2021-07-02,INR,110208960000
RBI:AVG_TURNOVER_RN(1.0),N_A,TR_BILL_91_DAY,W,2022,2021,0,2021-07-02,INR,97199776000
RBI:AVG_TURNOVER_RN(1.0),N_A,MKT_REPO,W,2022,2021,0,2021-07-02,INR,3935897359999.9995
RBI:AVG_TURNOVER_RN(1.0),N_A,GOVT_SEC_RBI,W,2022,2021,0,2021-07-02,INR,1420000000
RBI:AVG_TURNOVER_RN(1.0),N_A,CALL_MONEY,W,2022,2021,0,2021-06-25,INR,131477766666.66667
RBI:AVG_TURNOVER_RN(1.0),N_A,TR_BILL_364_DAY,W,2022,2021,0,2021-06-25,INR,23963004000
RBI:AVG_TURNOVER_RN(1.0),N_A,NOTICE_MONEY,W,2022,2021,0,2021-06-25,INR,10085566666.666668
RBI:AVG_TURNOVER_RN(1.0),N_A,FOREX,W,2022,2021,0,2021-06-25,INR,73797400000
RBI:AVG_TURNOVER_RN(1.0),N_A,TRI_REPO,W,2022,2021,0,2021-06-25,INR,4767139166666.667
RBI:AVG_TURNOVER_RN(1.0),N_A,GOVT_SEC_RBI,W,2022,2021,0,2021-06-25,INR,1450000000
RBI:AVG_TURNOVER_RN(1.0),N_A,TR_BILL_91_DAY,W,2022,2021,0,2021-06-25,INR,88522400000
RBI:AVG_TURNOVER_RN(1.0),N_A,GOVT_SEC,W,2022,2021,0,2021-06-25,INR,431028463999.99994
RBI:AVG_TURNOVER_RN(1.0),N_A,TERM_MONEY,W,2022,2021,0,2021-06-25,INR,5679966666.666667
RBI:AVG_TURNOVER_RN(1.0),N_A,MKT_REPO,W,2022,2021,0,2021-06-25,INR,3291765200000
RBI:AVG_TURNOVER_RN(1.0),N_A,CORPO_REPO,W,2022,2021,0,2021-06-25,INR,87368000000
RBI:AVG_TURNOVER_RN(1.0),N_A,STATE_GOVT_SEC,W,2022,2021,0,2021-06-25,INR,64457228000
RBI:AVG_TURNOVER_RN(1.0),N_A,TR_BILL_182_DAY,W,2022,2021,0,2021-06-25,INR,38806644000
RBI:AVG_TURNOVER_RN(1.0),N_A,STATE_GOVT_SEC,W,2022,2021,0,2021-06-18,INR,79116564000
RBI:AVG_TURNOVER_RN(1.0),N_A,GOVT_SEC,W,2022,2021,0,2021-06-18,INR,485233984000
RBI:AVG_TURNOVER_RN(1.0),N_A,TR_BILL_182_DAY,W,2022,2021,0,2021-06-18,INR,34897324000
RBI:AVG_TURNOVER_RN(1.0),N_A,CORPO_REPO,W,2022,2021,0,2021-06-18,INR,70784000000
RBI:AVG_TURNOVER_RN(1.0),N_A,FOREX,W,2022,2021,0,2021-06-18,INR,63446000000
RBI:AVG_TURNOVER_RN(1.0),N_A,CALL_MONEY,W,2022,2021,0,2021-06-18,INR,135259320000
RBI:AVG_TURNOVER_RN(1.0),N_A,TERM_MONEY,W,2022,2021,0,2021-06-18,INR,7075000000
RBI:AVG_TURNOVER_RN(1.0),N_A,NOTICE_MONEY,W,2022,2021,0,2021-06-18,INR,45126560000
RBI:AVG_TURNOVER_RN(1.0),N_A,TRI_REPO,W,2022,2021,0,2021-06-18,INR,4914597800000
RBI:AVG_TURNOVER_RN(1.0),N_A,GOVT_SEC_RBI,W,2022,2021,0,2021-06-18,INR,81200000000
RBI:AVG_TURNOVER_RN(1.0),N_A,TR_BILL_91_DAY,W,2022,2021,0,2021-06-18,INR,86581112000
RBI:AVG_TURNOVER_RN(1.0),N_A,TR_BILL_364_DAY,W,2022,2021,0,2021-06-18,INR,38765508000
RBI:AVG_TURNOVER_RN(1.0),N_A,MKT_REPO,W,2022,2021,0,2021-06-18,INR,4335799599999.9995
RBI:AVG_TURNOVER_RN(1.0),N_A,CALL_MONEY,W,2022,2021,0,2021-06-11,INR,126798000000.00002
RBI:AVG_TURNOVER_RN(1.0),N_A,FOREX,W,2022,2021,0,2021-06-11,INR,59837600000
RBI:AVG_TURNOVER_RN(1.0),N_A,STATE_GOVT_SEC,W,2022,2021,0,2021-06-11,INR,45070512000
RBI:AVG_TURNOVER_RN(1.0),N_A,TR_BILL_364_DAY,W,2022,2021,0,2021-06-11,INR,34385228000
RBI:AVG_TURNOVER_RN(1.0),N_A,GOVT_SEC,W,2022,2021,0,2021-06-11,INR,581944580000
RBI:AVG_TURNOVER_RN(1.0),N_A,TRI_REPO,W,2022,2021,0,2021-06-11,INR,4258964500000
RBI:AVG_TURNOVER_RN(1.0),N_A,GOVT_SEC_RBI,W,2022,2021,0,2021-06-11,INR,1750000000
RBI:AVG_TURNOVER_RN(1.0),N_A,NOTICE_MONEY,W,2022,2021,0,2021-06-11,INR,6808800000
RBI:AVG_TURNOVER_RN(1.0),N_A,MKT_REPO,W,2022,2021,0,2021-06-11,INR,3601736000000.0005
RBI:AVG_TURNOVER_RN(1.0),N_A,TR_BILL_182_DAY,W,2022,2021,0,2021-06-11,INR,20042800000
RBI:AVG_TURNOVER_RN(1.0),N_A,TERM_MONEY,W,2022,2021,0,2021-06-11,INR,6111666666.666666
RBI:AVG_TURNOVER_RN(1.0),N_A,CORPO_REPO,W,2022,2021,0,2021-06-11,INR,56156000000
RBI:AVG_TURNOVER_RN(1.0),N_A,TR_BILL_91_DAY,W,2022,2021,0,2021-06-11,INR,71037760000
RBI:AVG_TURNOVER_RN(1.0),N_A,MKT_REPO,W,2022,2021,0,2021-06-04,INR,3791509733333.3335
RBI:AVG_TURNOVER_RN(1.0),N_A,CORPO_REPO,W,2022,2021,0,2021-06-04,INR,133584000000
RBI:AVG_TURNOVER_RN(1.0),N_A,TERM_MONEY,W,2022,2021,0,2021-06-04,INR,5706666666.666666
RBI:AVG_TURNOVER_RN(1.0),N_A,GOVT_SEC,W,2022,2021,0,2021-06-04,INR,393974788000
RBI:AVG_TURNOVER_RN(1.0),N_A,GOVT_SEC_RBI,W,2022,2021,0,2021-06-04,INR,6100000000
RBI:AVG_TURNOVER_RN(1.0),N_A,TR_BILL_182_DAY,W,2022,2021,0,2021-06-04,INR,36100996000
RBI:AVG_TURNOVER_RN(1.0),N_A,TR_BILL_364_DAY,W,2022,2021,0,2021-06-04,INR,40877496000
RBI:AVG_TURNOVER_RN(1.0),N_A,TRI_REPO,W,2022,2021,0,2021-06-04,INR,4325052000000
RBI:AVG_TURNOVER_RN(1.0),N_A,CALL_MONEY,W,2022,2021,0,2021-06-04,INR,123689266666.66666
RBI:AVG_TURNOVER_RN(1.0),N_A,NOTICE_MONEY,W,2022,2021,0,2021-06-04,INR,34313333333.333336
RBI:AVG_TURNOVER_RN(1.0),N_A,STATE_GOVT_SEC,W,2022,2021,0,2021-06-04,INR,74108000000
RBI:AVG_TURNOVER_RN(1.0),N_A,FOREX,W,2022,2021,0,2021-06-04,INR,73563200000
RBI:AVG_TURNOVER_RN(1.0),N_A,TR_BILL_91_DAY,W,2022,2021,0,2021-06-04,INR,68264200000
RBI:AVG_TURNOVER_RN(1.0),N_A,CORPO_REPO,W,2022,2021,0,2021-05-28,INR,120630000000
RBI:AVG_TURNOVER_RN(1.0),N_A,GOVT_SEC_RBI,W,2022,2021,0,2021-05-28,INR,10137449999.999998
RBI:AVG_TURNOVER_RN(1.0),N_A,CALL_MONEY,W,2022,2021,0,2021-05-28,INR,162849150000
RBI:AVG_TURNOVER_RN(1.0),N_A,TR_BILL_91_DAY,W,2022,2021,0,2021-05-28,INR,81927885000
RBI:AVG_TURNOVER_RN(1.0),N_A,STATE_GOVT_SEC,W,2022,2021,0,2021-05-28,INR,41653680000.00001
RBI:AVG_TURNOVER_RN(1.0),N_A,FOREX,W,2022,2021,0,2021-05-28,INR,88419500000
RBI:AVG_TURNOVER_RN(1.0),N_A,TRI_REPO,W,2022,2021,0,2021-05-28,INR,5268941000000
RBI:AVG_TURNOVER_RN(1.0),N_A,TERM_MONEY,W,2022,2021,0,2021-05-28,INR,8067250000
RBI:AVG_TURNOVER_RN(1.0),N_A,GOVT_SEC,W,2022,2021,0,2021-05-28,INR,529809970000
RBI:AVG_TURNOVER_RN(1.0),N_A,TR_BILL_182_DAY,W,2022,2021,0,2021-05-28,INR,43148910000
RBI:AVG_TURNOVER_RN(1.0),N_A,MKT_REPO,W,2022,2021,0,2021-05-28,INR,4582534100000
RBI:AVG_TURNOVER_RN(1.0),N_A,TR_BILL_364_DAY,W,2022,2021,0,2021-05-28,INR,23136900000
RBI:AVG_TURNOVER_RN(1.0),N_A,NOTICE_MONEY,W,2022,2021,0,2021-05-28,INR,59134700000
RBI:AVG_TURNOVER_RN(1.0),N_A,TR_BILL_364_DAY,W,2022,2021,0,2021-05-21,INR,29941200000
RBI:AVG_TURNOVER_RN(1.0),N_A,TR_BILL_182_DAY,W,2022,2021,0,2021-05-21,INR,26831600000
RBI:AVG_TURNOVER_RN(1.0),N_A,STATE_GOVT_SEC,W,2022,2021,0,2021-05-21,INR,71892400000
RBI:AVG_TURNOVER_RN(1.0),N_A,NOTICE_MONEY,W,2022,2021,0,2021-05-21,INR,6690833333.333334
RBI:AVG_TURNOVER_RN(1.0),N_A,GOVT_SEC,W,2022,2021,0,2021-05-21,INR,458212963999.99994
RBI:AVG_TURNOVER_RN(1.0),N_A,GOVT_SEC_RBI,W,2022,2021,0,2021-05-21,INR,70370719999.99998
RBI:AVG_TURNOVER_RN(1.0),N_A,CORPO_REPO,W,2022,2021,0,2021-05-21,INR,95744000000
RBI:AVG_TURNOVER_RN(1.0),N_A,CALL_MONEY,W,2022,2021,0,2021-05-21,INR,172554533333.33334
RBI:AVG_TURNOVER_RN(1.0),N_A,TRI_REPO,W,2022,2021,0,2021-05-21,INR,4508517166666.666
RBI:AVG_TURNOVER_RN(1.0),N_A,MKT_REPO,W,2022,2021,0,2021-05-21,INR,3712955000000
RBI:AVG_TURNOVER_RN(1.0),N_A,FOREX,W,2022,2021,0,2021-05-21,INR,61322000000
RBI:AVG_TURNOVER_RN(1.0),N_A,TR_BILL_91_DAY,W,2022,2021,0,2021-05-21,INR,65471612000.00001
RBI:AVG_TURNOVER_RN(1.0),N_A,TERM_MONEY,W,2022,2021,0,2021-05-21,INR,7306333333.333333
RBI:AVG_TURNOVER_RN(1.0),N_A,TRI_REPO,W,2022,2021,0,2021-05-14,INR,5145546750000
RBI:AVG_TURNOVER_RN(1.0),N_A,GOVT_SEC_RBI,W,2022,2021,0,2021-05-14,INR,2419700000.0000005
RBI:AVG_TURNOVER_RN(1.0),N_A,TERM_MONEY,W,2022,2021,0,2021-05-14,INR,9110000000
RBI:AVG_TURNOVER_RN(1.0),N_A,TR_BILL_364_DAY,W,2022,2021,0,2021-05-14,INR,34223400000
RBI:AVG_TURNOVER_RN(1.0),N_A,TR_BILL_182_DAY,W,2022,2021,0,2021-05-14,INR,40141965000
RBI:AVG_TURNOVER_RN(1.0),N_A,FOREX,W,2022,2021,0,2021-05-14,INR,61570250000
RBI:AVG_TURNOVER_RN(1.0),N_A,CALL_MONEY,W,2022,2021,0,2021-05-14,INR,156683050000
RBI:AVG_TURNOVER_RN(1.0),N_A,NOTICE_MONEY,W,2022,2021,0,2021-05-14,INR,57629750000
RBI:AVG_TURNOVER_RN(1.0),N_A,CORPO_REPO,W,2022,2021,0,2021-05-14,INR,161890000000
RBI:AVG_TURNOVER_RN(1.0),N_A,TR_BILL_91_DAY,W,2022,2021,0,2021-05-14,INR,76668000000
RBI:AVG_TURNOVER_RN(1.0),N_A,MKT_REPO,W,2022,2021,0,2021-05-14,INR,4513459800000
RBI:AVG_TURNOVER_RN(1.0),N_A,GOVT_SEC,W,2022,2021,0,2021-05-14,INR,473343009999.99994
RBI:AVG_TURNOVER_RN(1.0),N_A,STATE_GOVT_SEC,W,2022,2021,0,2021-05-14,INR,74613065000
RBI:AVG_TURNOVER_RN(1.0),N_A,CALL_MONEY,W,2022,2021,0,2021-05-07,INR,239097040000.00003
RBI:AVG_TURNOVER_RN(1.0),N_A,TR_BILL_91_DAY,W,2022,2021,0,2021-05-07,INR,33734792000.000004
RBI:AVG_TURNOVER_RN(1.0),N_A,TR_BILL_364_DAY,W,2022,2021,0,2021-05-07,INR,28374000000
RBI:AVG_TURNOVER_RN(1.0),N_A,STATE_GOVT_SEC,W,2022,2021,0,2021-05-07,INR,74047556000
RBI:AVG_TURNOVER_RN(1.0),N_A,FOREX,W,2022,2021,0,2021-05-07,INR,65011000000
RBI:AVG_TURNOVER_RN(1.0),N_A,MKT_REPO,W,2022,2021,0,2021-05-07,INR,4565135280000.001
RBI:AVG_TURNOVER_RN(1.0),N_A,GOVT_SEC,W,2022,2021,0,2021-05-07,INR,579661748000
RBI:AVG_TURNOVER_RN(1.0),N_A,GOVT_SEC_RBI,W,2022,2021,0,2021-05-07,INR,47063360000
RBI:AVG_TURNOVER_RN(1.0),N_A,TERM_MONEY,W,2022,2021,0,2021-05-07,INR,5925600000.000001
RBI:AVG_TURNOVER_RN(1.0),N_A,NOTICE_MONEY,W,2022,2021,0,2021-05-07,INR,8106920000
RBI:AVG_TURNOVER_RN(1.0),N_A,TR_BILL_182_DAY,W,2022,2021,0,2021-05-07,INR,40613268000
RBI:AVG_TURNOVER_RN(1.0),N_A,CORPO_REPO,W,2022,2021,0,2021-05-07,INR,115456000000
RBI:AVG_TURNOVER_RN(1.0),N_A,TRI_REPO,W,2022,2021,0,2021-05-07,INR,5079588200000
RBI:AVG_TURNOVER_RN(1.0),N_A,TRI_REPO,W,2022,2021,0,2021-04-30,INR,6101978800000
RBI:AVG_TURNOVER_RN(1.0),N_A,TR_BILL_91_DAY,W,2022,2021,0,2021-04-30,INR,24842000000
RBI:AVG_TURNOVER_RN(1.0),N_A,FOREX,W,2022,2021,0,2021-04-30,INR,73579800000
RBI:AVG_TURNOVER_RN(1.0),N_A,TR_BILL_364_DAY,W,2022,2021,0,2021-04-30,INR,26531720000
RBI:AVG_TURNOVER_RN(1.0),N_A,CORPO_REPO,W,2022,2021,0,2021-04-30,INR,77424000000
RBI:AVG_TURNOVER_RN(1.0),N_A,GOVT_SEC,W,2022,2021,0,2021-04-30,INR,528957716000
RBI:AVG_TURNOVER_RN(1.0),N_A,NOTICE_MONEY,W,2022,2021,0,2021-04-30,INR,7348000000
RBI:AVG_TURNOVER_RN(1.0),N_A,TERM_MONEY,W,2022,2021,0,2021-04-30,INR,5058800000
RBI:AVG_TURNOVER_RN(1.0),N_A,CALL_MONEY,W,2022,2021,0,2021-04-30,INR,225734400000
RBI:AVG_TURNOVER_RN(1.0),N_A,STATE_GOVT_SEC,W,2022,2021,0,2021-04-30,INR,73403488000
RBI:AVG_TURNOVER_RN(1.0),N_A,TR_BILL_182_DAY,W,2022,2021,0,2021-04-30,INR,83626696000
RBI:AVG_TURNOVER_RN(1.0),N_A,GOVT_SEC_RBI,W,2022,2021,0,2021-04-30,INR,31430000000
RBI:AVG_TURNOVER_RN(1.0),N_A,MKT_REPO,W,2022,2021,0,2021-04-30,INR,4200377680000
RBI:AVG_TURNOVER_RN(1.0),N_A,TERM_MONEY,W,2022,2021,0,2021-04-23,INR,11053799999.999998
RBI:AVG_TURNOVER_RN(1.0),N_A,GOVT_SEC,W,2022,2021,0,2021-04-23,INR,575937880000
RBI:AVG_TURNOVER_RN(1.0),N_A,CALL_MONEY,W,2022,2021,0,2021-04-23,INR,185798000000
RBI:AVG_TURNOVER_RN(1.0),N_A,TR_BILL_91_DAY,W,2022,2021,0,2021-04-23,INR,56873840000
RBI:AVG_TURNOVER_RN(1.0),N_A,TR_BILL_182_DAY,W,2022,2021,0,2021-04-23,INR,108946805000
RBI:AVG_TURNOVER_RN(1.0),N_A,GOVT_SEC_RBI,W,2022,2021,0,2021-04-23,INR,38470000000
RBI:AVG_TURNOVER_RN(1.0),N_A,STATE_GOVT_SEC,W,2022,2021,0,2021-04-23,INR,77797335000
RBI:AVG_TURNOVER_RN(1.0),N_A,MKT_REPO,W,2022,2021,0,2021-04-23,INR,3887584319999.9995
RBI:AVG_TURNOVER_RN(1.0),N_A,CORPO_REPO,W,2022,2021,0,2021-04-23,INR,28830000000
RBI:AVG_TURNOVER_RN(1.0),N_A,FOREX,W,2022,2021,0,2021-04-23,INR,72943000000
RBI:AVG_TURNOVER_RN(1.0),N_A,TR_BILL_364_DAY,W,2022,2021,0,2021-04-23,INR,60993810000
RBI:AVG_TURNOVER_RN(1.0),N_A,NOTICE_MONEY,W,2022,2021,0,2021-04-23,INR,8134080000
RBI:AVG_TURNOVER_RN(1.0),N_A,TRI_REPO,W,2022,2021,0,2021-04-23,INR,5104352400000.001
RBI:AVG_TURNOVER_RN(1.0),N_A,FOREX,W,2022,2021,0,2021-04-16,INR,84678000000
RBI:AVG_TURNOVER_RN(1.0),N_A,TERM_MONEY,W,2022,2021,0,2021-04-16,INR,3796666666.666667
RBI:AVG_TURNOVER_RN(1.0),N_A,GOVT_SEC_RBI,W,2022,2021,0,2021-04-16,INR,83630000000
RBI:AVG_TURNOVER_RN(1.0),N_A,NOTICE_MONEY,W,2022,2021,0,2021-04-16,INR,81949733333.33333
RBI:AVG_TURNOVER_RN(1.0),N_A,MKT_REPO,W,2022,2021,0,2021-04-16,INR,4322783466666.667
RBI:AVG_TURNOVER_RN(1.0),N_A,TR_BILL_91_DAY,W,2022,2021,0,2021-04-16,INR,68525940000
RBI:AVG_TURNOVER_RN(1.0),N_A,GOVT_SEC,W,2022,2021,0,2021-04-16,INR,539197993333.33325
RBI:AVG_TURNOVER_RN(1.0),N_A,CALL_MONEY,W,2022,2021,0,2021-04-16,INR,130480000000
RBI:AVG_TURNOVER_RN(1.0),N_A,CORPO_REPO,W,2022,2021,0,2021-04-16,INR,115370000000
RBI:AVG_TURNOVER_RN(1.0),N_A,TRI_REPO,W,2022,2021,0,2021-04-16,INR,6800845000000
RBI:AVG_TURNOVER_RN(1.0),N_A,TR_BILL_182_DAY,W,2022,2021,0,2021-04-16,INR,84822806666.66667
RBI:AVG_TURNOVER_RN(1.0),N_A,STATE_GOVT_SEC,W,2022,2021,0,2021-04-16,INR,92668513333.33334
RBI:AVG_TURNOVER_RN(1.0),N_A,TR_BILL_364_DAY,W,2022,2021,0,2021-04-16,INR,71823100000
RBI:AVG_TURNOVER_RN(1.0),N_A,STATE_GOVT_SEC,W,2022,2021,0,2021-04-09,INR,84922323999.99998
RBI:AVG_TURNOVER_RN(1.0),N_A,FOREX,W,2022,2021,0,2021-04-09,INR,75646800000
RBI:AVG_TURNOVER_RN(1.0),N_A,TR_BILL_364_DAY,W,2022,2021,0,2021-04-09,INR,103709648000
RBI:AVG_TURNOVER_RN(1.0),N_A,TRI_REPO,W,2022,2021,0,2021-04-09,INR,5241600000000
RBI:AVG_TURNOVER_RN(1.0),N_A,NOTICE_MONEY,W,2022,2021,0,2021-04-09,INR,9691133333.333334
RBI:AVG_TURNOVER_RN(1.0),N_A,CALL_MONEY,W,2022,2021,0,2021-04-09,INR,179962266666.66666
RBI:AVG_TURNOVER_RN(1.0),N_A,MKT_REPO,W,2022,2021,0,2021-04-09,INR,3859470000000
RBI:AVG_TURNOVER_RN(1.0),N_A,TR_BILL_182_DAY,W,2022,2021,0,2021-04-09,INR,37558520000
RBI:AVG_TURNOVER_RN(1.0),N_A,TERM_MONEY,W,2022,2021,0,2021-04-09,INR,3894833333.3333335
RBI:AVG_TURNOVER_RN(1.0),N_A,CORPO_REPO,W,2022,2021,0,2021-04-09,INR,26064000000
RBI:AVG_TURNOVER_RN(1.0),N_A,GOVT_SEC_RBI,W,2022,2021,0,2021-04-09,INR,6800000000
RBI:AVG_TURNOVER_RN(1.0),N_A,TR_BILL_91_DAY,W,2022,2021,0,2021-04-09,INR,81218020000
RBI:AVG_TURNOVER_RN(1.0),N_A,GOVT_SEC,W,2022,2021,0,2021-04-09,INR,637562148000
RBI:AVG_TURNOVER_RN(1.0),N_A,TRI_REPO,W,2022,2021,0,2021-04-02,INR,5631430500000
RBI:AVG_TURNOVER_RN(1.0),N_A,CALL_MONEY,W,2022,2021,0,2021-04-02,INR,118660000000
RBI:AVG_TURNOVER_RN(1.0),N_A,TERM_MONEY,W,2022,2021,0,2021-04-02,INR,3590000000
RBI:AVG_TURNOVER_RN(1.0),N_A,TR_BILL_364_DAY,W,2022,2021,0,2021-04-02,INR,164917500000
RBI:AVG_TURNOVER_RN(1.0),N_A,STATE_GOVT_SEC,W,2022,2021,0,2021-04-02,INR,70463530000
RBI:AVG_TURNOVER_RN(1.0),N_A,TR_BILL_91_DAY,W,2022,2021,0,2021-04-02,INR,39462450000
RBI:AVG_TURNOVER_RN(1.0),N_A,GOVT_SEC_RBI,W,2022,2021,0,2021-04-02,INR,6530000000
RBI:AVG_TURNOVER_RN(1.0),N_A,GOVT_SEC,W,2022,2021,0,2021-04-02,INR,406815539999.99994
RBI:AVG_TURNOVER_RN(1.0),N_A,TR_BILL_182_DAY,W,2022,2021,0,2021-04-02,INR,13825900000
RBI:AVG_TURNOVER_RN(1.0),N_A,CORPO_REPO,W,2022,2021,0,2021-04-02,INR,1600000000
RBI:AVG_TURNOVER_RN(1.0),N_A,MKT_REPO,W,2022,2021,0,2021-04-02,INR,3799027800000.0005
RBI:AVG_TURNOVER_RN(1.0),N_A,FOREX,W,2022,2021,0,2021-04-02,INR,102808500000
RBI:AVG_TURNOVER_RN(1.0),N_A,NOTICE_MONEY,W,2022,2021,0,2021-04-02,INR,100413900000
RBI:AVG_TURNOVER_RN(1.0),N_A,CORPO_REPO,W,2021,2020,0,2021-03-26,INR,93994399999.99998
RBI:AVG_TURNOVER_RN(1.0),N_A,TR_BILL_182_DAY,W,2021,2020,0,2021-03-26,INR,29714188000
RBI:AVG_TURNOVER_RN(1.0),N_A,TRI_REPO,W,2021,2020,0,2021-03-26,INR,4629556000000
RBI:AVG_TURNOVER_RN(1.0),N_A,STATE_GOVT_SEC,W,2021,2020,0,2021-03-26,INR,72521968000
RBI:AVG_TURNOVER_RN(1.0),N_A,FOREX,W,2021,2020,0,2021-03-26,INR,90157800000
RBI:AVG_TURNOVER_RN(1.0),N_A,TERM_MONEY,W,2021,2020,0,2021-03-26,INR,5044833333.333333
RBI:AVG_TURNOVER_RN(1.0),N_A,TR_BILL_91_DAY,W,2021,2020,0,2021-03-26,INR,57555923999.99999
RBI:AVG_TURNOVER_RN(1.0),N_A,TR_BILL_364_DAY,W,2021,2020,0,2021-03-26,INR,117911199999.99998
RBI:AVG_TURNOVER_RN(1.0),N_A,CALL_MONEY,W,2021,2020,0,2021-03-26,INR,256470133333.3333
RBI:AVG_TURNOVER_RN(1.0),N_A,MKT_REPO,W,2021,2020,0,2021-03-26,INR,3589898466666.667
RBI:AVG_TURNOVER_RN(1.0),N_A,NOTICE_MONEY,W,2021,2020,0,2021-03-26,INR,5754033333.333333
RBI:AVG_TURNOVER_RN(1.0),N_A,GOVT_SEC,W,2021,2020,0,2021-03-26,INR,559849196000
RBI:AVG_TURNOVER_RN(1.0),N_A,GOVT_SEC_RBI,W,2021,2020,0,2021-03-26,INR,48720024000
RBI:AVG_TURNOVER_RN(1.0),N_A,CORPO_REPO,W,2021,2020,0,2021-03-19,INR,4920000000
RBI:AVG_TURNOVER_RN(1.0),N_A,TRI_REPO,W,2021,2020,0,2021-03-19,INR,5841336200000
RBI:AVG_TURNOVER_RN(1.0),N_A,GOVT_SEC,W,2021,2020,0,2021-03-19,INR,387735336000.00006
RBI:AVG_TURNOVER_RN(1.0),N_A,FOREX,W,2021,2020,0,2021-03-19,INR,71740400000
RBI:AVG_TURNOVER_RN(1.0),N_A,STATE_GOVT_SEC,W,2021,2020,0,2021-03-19,INR,69341032000
RBI:AVG_TURNOVER_RN(1.0),N_A,TR_BILL_182_DAY,W,2021,2020,0,2021-03-19,INR,57878832000
RBI:AVG_TURNOVER_RN(1.0),N_A,GOVT_SEC_RBI,W,2021,2020,0,2021-03-19,INR,30005584000
RBI:AVG_TURNOVER_RN(1.0),N_A,CALL_MONEY,W,2021,2020,0,2021-03-19,INR,163059920000.00003
RBI:AVG_TURNOVER_RN(1.0),N_A,MKT_REPO,W,2021,2020,0,2021-03-19,INR,4047020640000
RBI:AVG_TURNOVER_RN(1.0),N_A,TERM_MONEY,W,2021,2020,0,2021-03-19,INR,6012000000
RBI:AVG_TURNOVER_RN(1.0),N_A,TR_BILL_364_DAY,W,2021,2020,0,2021-03-19,INR,47050400000
RBI:AVG_TURNOVER_RN(1.0),N_A,NOTICE_MONEY,W,2021,2020,0,2021-03-19,INR,53286400000
RBI:AVG_TURNOVER_RN(1.0),N_A,TR_BILL_91_DAY,W,2021,2020,0,2021-03-19,INR,39826960000
RBI:AVG_TURNOVER_RN(1.0),N_A,FOREX,W,2021,2020,0,2021-03-12,INR,80188500000
RBI:AVG_TURNOVER_RN(1.0),N_A,MKT_REPO,W,2021,2020,0,2021-03-12,INR,3156832080000
RBI:AVG_TURNOVER_RN(1.0),N_A,STATE_GOVT_SEC,W,2021,2020,0,2021-03-12,INR,61296290000
RBI:AVG_TURNOVER_RN(1.0),N_A,CORPO_REPO,W,2021,2020,0,2021-03-12,INR,92600000000
RBI:AVG_TURNOVER_RN(1.0),N_A,CALL_MONEY,W,2021,2020,0,2021-03-12,INR,149919560000
RBI:AVG_TURNOVER_RN(1.0),N_A,GOVT_SEC_RBI,W,2021,2020,0,2021-03-12,INR,79460975000.00002
RBI:AVG_TURNOVER_RN(1.0),N_A,TR_BILL_91_DAY,W,2021,2020,0,2021-03-12,INR,18554680000
RBI:AVG_TURNOVER_RN(1.0),N_A,NOTICE_MONEY,W,2021,2020,0,2021-03-12,INR,4501600000
RBI:AVG_TURNOVER_RN(1.0),N_A,TRI_REPO,W,2021,2020,0,2021-03-12,INR,4573255800000
RBI:AVG_TURNOVER_RN(1.0),N_A,TR_BILL_182_DAY,W,2021,2020,0,2021-03-12,INR,48521500000
RBI:AVG_TURNOVER_RN(1.0),N_A,TERM_MONEY,W,2021,2020,0,2021-03-12,INR,7539000000
RBI:AVG_TURNOVER_RN(1.0),N_A,TR_BILL_364_DAY,W,2021,2020,0,2021-03-12,INR,58897915000
RBI:AVG_TURNOVER_RN(1.0),N_A,GOVT_SEC,W,2021,2020,0,2021-03-12,INR,471800710000.00006
RBI:AVG_TURNOVER_RN(1.0),N_A,TERM_MONEY,W,2021,2020,0,2021-03-05,INR,7768000000
RBI:AVG_TURNOVER_RN(1.0),N_A,CALL_MONEY,W,2021,2020,0,2021-03-05,INR,127042279999.99998
RBI:AVG_TURNOVER_RN(1.0),N_A,FOREX,W,2021,2020,0,2021-03-05,INR,81646000000
RBI:AVG_TURNOVER_RN(1.0),N_A,GOVT_SEC,W,2021,2020,0,2021-03-05,INR,365855016000
RBI:AVG_TURNOVER_RN(1.0),N_A,STATE_GOVT_SEC,W,2021,2020,0,2021-03-05,INR,47442216000
RBI:AVG_TURNOVER_RN(1.0),N_A,TR_BILL_91_DAY,W,2021,2020,0,2021-03-05,INR,16750000000
RBI:AVG_TURNOVER_RN(1.0),N_A,GOVT_SEC_RBI,W,2021,2020,0,2021-03-05,INR,62827544000.00001
RBI:AVG_TURNOVER_RN(1.0),N_A,TR_BILL_364_DAY,W,2021,2020,0,2021-03-05,INR,33084892000
RBI:AVG_TURNOVER_RN(1.0),N_A,CORPO_REPO,W,2021,2020,0,2021-03-05,INR,26200000000
RBI:AVG_TURNOVER_RN(1.0),N_A,NOTICE_MONEY,W,2021,2020,0,2021-03-05,INR,31514160000
RBI:AVG_TURNOVER_RN(1.0),N_A,MKT_REPO,W,2021,2020,0,2021-03-05,INR,4442379680000
RBI:AVG_TURNOVER_RN(1.0),N_A,TRI_REPO,W,2021,2020,0,2021-03-05,INR,6341517800000
RBI:AVG_TURNOVER_RN(1.0),N_A,TR_BILL_182_DAY,W,2021,2020,0,2021-03-05,INR,21956495999.999996
RBI:AVG_TURNOVER_RN(1.0),N_A,MKT_REPO,W,2021,2020,0,2021-02-26,INR,3415395266666.6665
RBI:AVG_TURNOVER_RN(1.0),N_A,TR_BILL_364_DAY,W,2021,2020,0,2021-02-26,INR,87360916000
RBI:AVG_TURNOVER_RN(1.0),N_A,GOVT_SEC,W,2021,2020,0,2021-02-26,INR,389868916000
RBI:AVG_TURNOVER_RN(1.0),N_A,NOTICE_MONEY,W,2021,2020,0,2021-02-26,INR,4240833333.333333
RBI:AVG_TURNOVER_RN(1.0),N_A,TERM_MONEY,W,2021,2020,0,2021-02-26,INR,5683166666.666667
RBI:AVG_TURNOVER_RN(1.0),N_A,CALL_MONEY,W,2021,2020,0,2021-02-26,INR,166164866666.6667
RBI:AVG_TURNOVER_RN(1.0),N_A,STATE_GOVT_SEC,W,2021,2020,0,2021-02-26,INR,76471848000
RBI:AVG_TURNOVER_RN(1.0),N_A,FOREX,W,2021,2020,0,2021-02-26,INR,100045600000
RBI:AVG_TURNOVER_RN(1.0),N_A,TR_BILL_91_DAY,W,2021,2020,0,2021-02-26,INR,31658527999.999996
RBI:AVG_TURNOVER_RN(1.0),N_A,TR_BILL_182_DAY,W,2021,2020,0,2021-02-26,INR,21901276000.000004
RBI:AVG_TURNOVER_RN(1.0),N_A,CORPO_REPO,W,2021,2020,0,2021-02-26,INR,7400000000
RBI:AVG_TURNOVER_RN(1.0),N_A,TRI_REPO,W,2021,2020,0,2021-02-26,INR,5606314333333.333
RBI:AVG_TURNOVER_RN(1.0),N_A,GOVT_SEC_RBI,W,2021,2020,0,2021-02-26,INR,43220000000
RBI:AVG_TURNOVER_RN(1.0),N_A,MKT_REPO,W,2021,2020,0,2021-02-19,INR,3782963500000
RBI:AVG_TURNOVER_RN(1.0),N_A,GOVT_SEC,W,2021,2020,0,2021-02-19,INR,368075230000
RBI:AVG_TURNOVER_RN(1.0),N_A,TERM_MONEY,W,2021,2020,0,2021-02-19,INR,4987250000
RBI:AVG_TURNOVER_RN(1.0),N_A,TR_BILL_91_DAY,W,2021,2020,0,2021-02-19,INR,30284250000
RBI:AVG_TURNOVER_RN(1.0),N_A,NOTICE_MONEY,W,2021,2020,0,2021-02-19,INR,49559799999.99999
RBI:AVG_TURNOVER_RN(1.0),N_A,GOVT_SEC_RBI,W,2021,2020,0,2021-02-19,INR,38760000000
RBI:AVG_TURNOVER_RN(1.0),N_A,CORPO_REPO,W,2021,2020,0,2021-02-19,INR,4300000000
RBI:AVG_TURNOVER_RN(1.0),N_A,FOREX,W,2021,2020,0,2021-02-19,INR,62462250000
RBI:AVG_TURNOVER_RN(1.0),N_A,TRI_REPO,W,2021,2020,0,2021-02-19,INR,6727158750000
RBI:AVG_TURNOVER_RN(1.0),N_A,STATE_GOVT_SEC,W,2021,2020,0,2021-02-19,INR,76256780000
RBI:AVG_TURNOVER_RN(1.0),N_A,TR_BILL_364_DAY,W,2021,2020,0,2021-02-19,INR,76071625000
RBI:AVG_TURNOVER_RN(1.0),N_A,CALL_MONEY,W,2021,2020,0,2021-02-19,INR,133150000000
RBI:AVG_TURNOVER_RN(1.0),N_A,TR_BILL_182_DAY,W,2021,2020,0,2021-02-19,INR,31046515000
RBI:AVG_TURNOVER_RN(1.0),N_A,MKT_REPO,W,2021,2020,0,2021-02-12,INR,3383841466666.6665
RBI:AVG_TURNOVER_RN(1.0),N_A,CORPO_REPO,W,2021,2020,0,2021-02-12,INR,26640000000
RBI:AVG_TURNOVER_RN(1.0),N_A,GOVT_SEC_RBI,W,2021,2020,0,2021-02-12,INR,63739999999.99999
RBI:AVG_TURNOVER_RN(1.0),N_A,CALL_MONEY,W,2021,2020,0,2021-02-12,INR,180982000000
RBI:AVG_TURNOVER_RN(1.0),N_A,TR_BILL_91_DAY,W,2021,2020,0,2021-02-12,INR,24233256000
RBI:AVG_TURNOVER_RN(1.0),N_A,NOTICE_MONEY,W,2021,2020,0,2021-02-12,INR,2785400000
RBI:AVG_TURNOVER_RN(1.0),N_A,GOVT_SEC,W,2021,2020,0,2021-02-12,INR,712152172000
RBI:AVG_TURNOVER_RN(1.0),N_A,TR_BILL_182_DAY,W,2021,2020,0,2021-02-12,INR,10826000000
RBI:AVG_TURNOVER_RN(1.0),N_A,FOREX,W,2021,2020,0,2021-02-12,INR,64940400000
RBI:AVG_TURNOVER_RN(1.0),N_A,TERM_MONEY,W,2021,2020,0,2021-02-12,INR,11072500000
RBI:AVG_TURNOVER_RN(1.0),N_A,TR_BILL_364_DAY,W,2021,2020,0,2021-02-12,INR,71507800000
RBI:AVG_TURNOVER_RN(1.0),N_A,TRI_REPO,W,2021,2020,0,2021-02-12,INR,5890484333333.333
RBI:AVG_TURNOVER_RN(1.0),N_A,STATE_GOVT_SEC,W,2021,2020,0,2021-02-12,INR,54672543999.99999
RBI:AVG_TURNOVER_RN(1.0),N_A,MKT_REPO,W,2021,2020,0,2021-02-05,INR,2980989800000
RBI:AVG_TURNOVER_RN(1.0),N_A,NOTICE_MONEY,W,2021,2020,0,2021-02-05,INR,33813500000
RBI:AVG_TURNOVER_RN(1.0),N_A,STATE_GOVT_SEC,W,2021,2020,0,2021-02-05,INR,43267116000
RBI:AVG_TURNOVER_RN(1.0),N_A,FOREX,W,2021,2020,0,2021-02-05,INR,72660400000
RBI:AVG_TURNOVER_RN(1.0),N_A,TERM_MONEY,W,2021,2020,0,2021-02-05,INR,5867500000
RBI:AVG_TURNOVER_RN(1.0),N_A,GOVT_SEC_RBI,W,2021,2020,0,2021-02-05,INR,1460000000
RBI:AVG_TURNOVER_RN(1.0),N_A,TR_BILL_364_DAY,W,2021,2020,0,2021-02-05,INR,20844000000
RBI:AVG_TURNOVER_RN(1.0),N_A,TR_BILL_182_DAY,W,2021,2020,0,2021-02-05,INR,25460780000
RBI:AVG_TURNOVER_RN(1.0),N_A,CALL_MONEY,W,2021,2020,0,2021-02-05,INR,127366733333.33333
RBI:AVG_TURNOVER_RN(1.0),N_A,TRI_REPO,W,2021,2020,0,2021-02-05,INR,5877819666666.667
RBI:AVG_TURNOVER_RN(1.0),N_A,TR_BILL_91_DAY,W,2021,2020,0,2021-02-05,INR,16862472000.000002
RBI:AVG_TURNOVER_RN(1.0),N_A,GOVT_SEC,W,2021,2020,0,2021-02-05,INR,601519716000
RBI:AVG_TURNOVER_RN(1.0),N_A,CORPO_REPO,W,2021,2020,0,2021-02-05,INR,27568000000
RBI:AVG_TURNOVER_RN(1.0),N_A,TR_BILL_91_DAY,W,2021,2020,0,2021-01-29,INR,29700650000
RBI:AVG_TURNOVER_RN(1.0),N_A,STATE_GOVT_SEC,W,2021,2020,0,2021-01-29,INR,59908069999.99999
RBI:AVG_TURNOVER_RN(1.0),N_A,NOTICE_MONEY,W,2021,2020,0,2021-01-29,INR,48764850000
RBI:AVG_TURNOVER_RN(1.0),N_A,CALL_MONEY,W,2021,2020,0,2021-01-29,INR,170567200000
RBI:AVG_TURNOVER_RN(1.0),N_A,GOVT_SEC,W,2021,2020,0,2021-01-29,INR,361576280000
RBI:AVG_TURNOVER_RN(1.0),N_A,MKT_REPO,W,2021,2020,0,2021-01-29,INR,3638958000000
RBI:AVG_TURNOVER_RN(1.0),N_A,GOVT_SEC_RBI,W,2021,2020,0,2021-01-29,INR,2420000000
RBI:AVG_TURNOVER_RN(1.0),N_A,TRI_REPO,W,2021,2020,0,2021-01-29,INR,5898547000000
RBI:AVG_TURNOVER_RN(1.0),N_A,TR_BILL_182_DAY,W,2021,2020,0,2021-01-29,INR,50737500000
RBI:AVG_TURNOVER_RN(1.0),N_A,TR_BILL_364_DAY,W,2021,2020,0,2021-01-29,INR,41375995000
RBI:AVG_TURNOVER_RN(1.0),N_A,TERM_MONEY,W,2021,2020,0,2021-01-29,INR,5761250000
RBI:AVG_TURNOVER_RN(1.0),N_A,CORPO_REPO,W,2021,2020,0,2021-01-29,INR,29568000000
RBI:AVG_TURNOVER_RN(1.0),N_A,FOREX,W,2021,2020,0,2021-01-29,INR,86839500000
RBI:AVG_TURNOVER_RN(1.0),N_A,GOVT_SEC,W,2021,2020,0,2021-01-22,INR,464736260000.00006
RBI:AVG_TURNOVER_RN(1.0),N_A,CALL_MONEY,W,2021,2020,0,2021-01-22,INR,169924100000
RBI:AVG_TURNOVER_RN(1.0),N_A,GOVT_SEC_RBI,W,2021,2020,0,2021-01-22,INR,30610000000.000004
RBI:AVG_TURNOVER_RN(1.0),N_A,TRI_REPO,W,2021,2020,0,2021-01-22,INR,5463408666666.667
RBI:AVG_TURNOVER_RN(1.0),N_A,TERM_MONEY,W,2021,2020,0,2021-01-22,INR,5490000000
RBI:AVG_TURNOVER_RN(1.0),N_A,TR_BILL_364_DAY,W,2021,2020,0,2021-01-22,INR,34669163999.99999
RBI:AVG_TURNOVER_RN(1.0),N_A,TR_BILL_182_DAY,W,2021,2020,0,2021-01-22,INR,32174200000
RBI:AVG_TURNOVER_RN(1.0),N_A,TR_BILL_91_DAY,W,2021,2020,0,2021-01-22,INR,20550460000
RBI:AVG_TURNOVER_RN(1.0),N_A,FOREX,W,2021,2020,0,2021-01-22,INR,62051000000
RBI:AVG_TURNOVER_RN(1.0),N_A,NOTICE_MONEY,W,2021,2020,0,2021-01-22,INR,6722700000
RBI:AVG_TURNOVER_RN(1.0),N_A,MKT_REPO,W,2021,2020,0,2021-01-22,INR,3361356800000
RBI:AVG_TURNOVER_RN(1.0),N_A,CORPO_REPO,W,2021,2020,0,2021-01-22,INR,25504000000
RBI:AVG_TURNOVER_RN(1.0),N_A,STATE_GOVT_SEC,W,2021,2020,0,2021-01-22,INR,43532271999.99999
RBI:AVG_TURNOVER_RN(1.0),N_A,FOREX,W,2021,2020,0,2021-01-15,INR,62250400000
RBI:AVG_TURNOVER_RN(1.0),N_A,NOTICE_MONEY,W,2021,2020,0,2021-01-15,INR,51491400000
RBI:AVG_TURNOVER_RN(1.0),N_A,TERM_MONEY,W,2021,2020,0,2021-01-15,INR,5632000000
RBI:AVG_TURNOVER_RN(1.0),N_A,CORPO_REPO,W,2021,2020,0,2021-01-15,INR,24710400000
RBI:AVG_TURNOVER_RN(1.0),N_A,GOVT_SEC_RBI,W,2021,2020,0,2021-01-15,INR,43330000000
RBI:AVG_TURNOVER_RN(1.0),N_A,MKT_REPO,W,2021,2020,0,2021-01-15,INR,3794159600000
RBI:AVG_TURNOVER_RN(1.0),N_A,STATE_GOVT_SEC,W,2021,2020,0,2021-01-15,INR,39879992000
RBI:AVG_TURNOVER_RN(1.0),N_A,TR_BILL_182_DAY,W,2021,2020,0,2021-01-15,INR,41687000000
RBI:AVG_TURNOVER_RN(1.0),N_A,TR_BILL_91_DAY,W,2021,2020,0,2021-01-15,INR,24763795999.999996
RBI:AVG_TURNOVER_RN(1.0),N_A,GOVT_SEC,W,2021,2020,0,2021-01-15,INR,528628259999.99994
RBI:AVG_TURNOVER_RN(1.0),N_A,TRI_REPO,W,2021,2020,0,2021-01-15,INR,6344079200000
RBI:AVG_TURNOVER_RN(1.0),N_A,CALL_MONEY,W,2021,2020,0,2021-01-15,INR,138049960000
RBI:AVG_TURNOVER_RN(1.0),N_A,TR_BILL_364_DAY,W,2021,2020,0,2021-01-15,INR,23840728000
RBI:AVG_TURNOVER_RN(1.0),N_A,TR_BILL_364_DAY,W,2021,2020,0,2021-01-08,INR,46295667999.99999
RBI:AVG_TURNOVER_RN(1.0),N_A,GOVT_SEC_RBI,W,2021,2020,0,2021-01-08,INR,46760000000.00001
RBI:AVG_TURNOVER_RN(1.0),N_A,TRI_REPO,W,2021,2020,0,2021-01-08,INR,5426222000000.001
RBI:AVG_TURNOVER_RN(1.0),N_A,NOTICE_MONEY,W,2021,2020,0,2021-01-08,INR,6415633333.333334
RBI:AVG_TURNOVER_RN(1.0),N_A,CORPO_REPO,W,2021,2020,0,2021-01-08,INR,35400000000
RBI:AVG_TURNOVER_RN(1.0),N_A,TERM_MONEY,W,2021,2020,0,2021-01-08,INR,6269666666.666667
RBI:AVG_TURNOVER_RN(1.0),N_A,FOREX,W,2021,2020,0,2021-01-08,INR,63898400000
RBI:AVG_TURNOVER_RN(1.0),N_A,MKT_REPO,W,2021,2020,0,2021-01-08,INR,3148032600000
RBI:AVG_TURNOVER_RN(1.0),N_A,STATE_GOVT_SEC,W,2021,2020,0,2021-01-08,INR,49845304000
RBI:AVG_TURNOVER_RN(1.0),N_A,TR_BILL_91_DAY,W,2021,2020,0,2021-01-08,INR,38643476000
RBI:AVG_TURNOVER_RN(1.0),N_A,CALL_MONEY,W,2021,2020,0,2021-01-08,INR,177200966666.6667
RBI:AVG_TURNOVER_RN(1.0),N_A,GOVT_SEC,W,2021,2020,0,2021-01-08,INR,595749123999.9999
RBI:AVG_TURNOVER_RN(1.0),N_A,TR_BILL_182_DAY,W,2021,2020,0,2021-01-08,INR,39664996000
RBI:AVG_TURNOVER_RN(1.0),N_A,FOREX,W,2021,2020,0,2021-01-01,INR,62265600000
RBI:AVG_TURNOVER_RN(1.0),N_A,TRI_REPO,W,2021,2020,0,2021-01-01,INR,6489493800000
RBI:AVG_TURNOVER_RN(1.0),N_A,TERM_MONEY,W,2021,2020,0,2021-01-01,INR,3696000000
RBI:AVG_TURNOVER_RN(1.0),N_A,STATE_GOVT_SEC,W,2021,2020,0,2021-01-01,INR,77239960000.00002
RBI:AVG_TURNOVER_RN(1.0),N_A,CALL_MONEY,W,2021,2020,0,2021-01-01,INR,186335840000
RBI:AVG_TURNOVER_RN(1.0),N_A,GOVT_SEC_RBI,W,2021,2020,0,2021-01-01,INR,40530000000
RBI:AVG_TURNOVER_RN(1.0),N_A,GOVT_SEC,W,2021,2020,0,2021-01-01,INR,384196372000
RBI:AVG_TURNOVER_RN(1.0),N_A,MKT_REPO,W,2021,2020,0,2021-01-01,INR,3764068720000.0005
RBI:AVG_TURNOVER_RN(1.0),N_A,TR_BILL_182_DAY,W,2021,2020,0,2021-01-01,INR,59851620000
RBI:AVG_TURNOVER_RN(1.0),N_A,TR_BILL_91_DAY,W,2021,2020,0,2021-01-01,INR,57343508000
RBI:AVG_TURNOVER_RN(1.0),N_A,CORPO_REPO,W,2021,2020,0,2021-01-01,INR,10904800000
RBI:AVG_TURNOVER_RN(1.0),N_A,TR_BILL_364_DAY,W,2021,2020,0,2021-01-01,INR,48511148000
RBI:AVG_TURNOVER_RN(1.0),N_A,NOTICE_MONEY,W,2021,2020,0,2021-01-01,INR,42813440000
RBI:AVG_TURNOVER_RN(1.0),N_A,GOVT_SEC,W,2021,2020,0,2020-12-25,INR,431248384999.99994
RBI:AVG_TURNOVER_RN(1.0),N_A,FOREX,W,2021,2020,0,2020-12-25,INR,58808500000
RBI:AVG_TURNOVER_RN(1.0),N_A,CORPO_REPO,W,2021,2020,0,2020-12-25,INR,10550000000
RBI:AVG_TURNOVER_RN(1.0),N_A,TRI_REPO,W,2021,2020,0,2020-12-25,INR,4260800599999.9995
RBI:AVG_TURNOVER_RN(1.0),N_A,MKT_REPO,W,2021,2020,0,2020-12-25,INR,2952457600000
RBI:AVG_TURNOVER_RN(1.0),N_A,TERM_MONEY,W,2021,2020,0,2020-12-25,INR,6175600000.000001
RBI:AVG_TURNOVER_RN(1.0),N_A,CALL_MONEY,W,2021,2020,0,2020-12-25,INR,167694280000
RBI:AVG_TURNOVER_RN(1.0),N_A,TR_BILL_91_DAY,W,2021,2020,0,2020-12-25,INR,36348370000
RBI:AVG_TURNOVER_RN(1.0),N_A,TR_BILL_364_DAY,W,2021,2020,0,2020-12-25,INR,18935000000
RBI:AVG_TURNOVER_RN(1.0),N_A,STATE_GOVT_SEC,W,2021,2020,0,2020-12-25,INR,45216580000.00001
RBI:AVG_TURNOVER_RN(1.0),N_A,NOTICE_MONEY,W,2021,2020,0,2020-12-25,INR,3540040000
RBI:AVG_TURNOVER_RN(1.0),N_A,TR_BILL_182_DAY,W,2021,2020,0,2020-12-25,INR,44775580000
RBI:AVG_TURNOVER_RN(1.0),N_A,GOVT_SEC_RBI,W,2021,2020,0,2020-12-25,INR,25780000000
RBI:AVG_TURNOVER_RN(1.0),N_A,TR_BILL_182_DAY,W,2021,2020,0,2020-12-18,INR,57759663999.99999
RBI:AVG_TURNOVER_RN(1.0),N_A,CALL_MONEY,W,2021,2020,0,2020-12-18,INR,175726640000
RBI:AVG_TURNOVER_RN(1.0),N_A,MKT_REPO,W,2021,2020,0,2020-12-18,INR,3662388720000.0005
RBI:AVG_TURNOVER_RN(1.0),N_A,STATE_GOVT_SEC,W,2021,2020,0,2020-12-18,INR,38875267999.99999
RBI:AVG_TURNOVER_RN(1.0),N_A,TERM_MONEY,W,2021,2020,0,2020-12-18,INR,6268000000
RBI:AVG_TURNOVER_RN(1.0),N_A,FOREX,W,2021,2020,0,2020-12-18,INR,53172400000
RBI:AVG_TURNOVER_RN(1.0),N_A,CORPO_REPO,W,2021,2020,0,2020-12-18,INR,24680000000
RBI:AVG_TURNOVER_RN(1.0),N_A,NOTICE_MONEY,W,2021,2020,0,2020-12-18,INR,46245800000
RBI:AVG_TURNOVER_RN(1.0),N_A,TRI_REPO,W,2021,2020,0,2020-12-18,INR,5298708200000.001
RBI:AVG_TURNOVER_RN(1.0),N_A,GOVT_SEC,W,2021,2020,0,2020-12-18,INR,546556688000
RBI:AVG_TURNOVER_RN(1.0),N_A,TR_BILL_364_DAY,W,2021,2020,0,2020-12-18,INR,25051288000
RBI:AVG_TURNOVER_RN(1.0),N_A,GOVT_SEC_RBI,W,2021,2020,0,2020-12-18,INR,44590000000
RBI:AVG_TURNOVER_RN(1.0),N_A,TR_BILL_91_DAY,W,2021,2020,0,2020-12-18,INR,43421336000
RBI:AVG_TURNOVER_RN(1.0),N_A,CALL_MONEY,W,2021,2020,0,2020-12-11,INR,134766000000
RBI:AVG_TURNOVER_RN(1.0),N_A,STATE_GOVT_SEC,W,2021,2020,0,2020-12-11,INR,38451796000
RBI:AVG_TURNOVER_RN(1.0),N_A,TR_BILL_91_DAY,W,2021,2020,0,2020-12-11,INR,52603783999.99999
RBI:AVG_TURNOVER_RN(1.0),N_A,GOVT_SEC,W,2021,2020,0,2020-12-11,INR,682020756000.0001
RBI:AVG_TURNOVER_RN(1.0),N_A,TERM_MONEY,W,2021,2020,0,2020-12-11,INR,2183166666.666667
RBI:AVG_TURNOVER_RN(1.0),N_A,CORPO_REPO,W,2021,2020,0,2020-12-11,INR,3040000000
RBI:AVG_TURNOVER_RN(1.0),N_A,TR_BILL_182_DAY,W,2021,2020,0,2020-12-11,INR,57994200000
RBI:AVG_TURNOVER_RN(1.0),N_A,MKT_REPO,W,2021,2020,0,2020-12-11,INR,3145874866666.6665
RBI:AVG_TURNOVER_RN(1.0),N_A,FOREX,W,2021,2020,0,2020-12-11,INR,51369400000
RBI:AVG_TURNOVER_RN(1.0),N_A,GOVT_SEC_RBI,W,2021,2020,0,2020-12-11,INR,9020000000
RBI:AVG_TURNOVER_RN(1.0),N_A,TR_BILL_364_DAY,W,2021,2020,0,2020-12-11,INR,25494000000
RBI:AVG_TURNOVER_RN(1.0),N_A,NOTICE_MONEY,W,2021,2020,0,2020-12-11,INR,6480600000.000001
RBI:AVG_TURNOVER_RN(1.0),N_A,TRI_REPO,W,2021,2020,0,2020-12-11,INR,4061998666666.667
RBI:AVG_TURNOVER_RN(1.0),N_A,TERM_MONEY,W,2021,2020,0,2020-12-04,INR,4617250000
RBI:AVG_TURNOVER_RN(1.0),N_A,GOVT_SEC,W,2021,2020,0,2020-12-04,INR,675650929999.9999
RBI:AVG_TURNOVER_RN(1.0),N_A,STATE_GOVT_SEC,W,2021,2020,0,2020-12-04,INR,49806105000
RBI:AVG_TURNOVER_RN(1.0),N_A,MKT_REPO,W,2021,2020,0,2020-12-04,INR,3888951300000
RBI:AVG_TURNOVER_RN(1.0),N_A,FOREX,W,2021,2020,0,2020-12-04,INR,85488250000
RBI:AVG_TURNOVER_RN(1.0),N_A,TR_BILL_364_DAY,W,2021,2020,0,2020-12-04,INR,27425520000
RBI:AVG_TURNOVER_RN(1.0),N_A,TR_BILL_91_DAY,W,2021,2020,0,2020-12-04,INR,47016860000
RBI:AVG_TURNOVER_RN(1.0),N_A,CALL_MONEY,W,2021,2020,0,2020-12-04,INR,81638000000
RBI:AVG_TURNOVER_RN(1.0),N_A,TR_BILL_182_DAY,W,2021,2020,0,2020-12-04,INR,31378880000
RBI:AVG_TURNOVER_RN(1.0),N_A,CORPO_REPO,W,2021,2020,0,2020-12-04,INR,11500000000
RBI:AVG_TURNOVER_RN(1.0),N_A,NOTICE_MONEY,W,2021,2020,0,2020-12-04,INR,41695300000
RBI:AVG_TURNOVER_RN(1.0),N_A,TRI_REPO,W,2021,2020,0,2020-12-04,INR,5215924250000
RBI:AVG_TURNOVER_RN(1.0),N_A,GOVT_SEC_RBI,W,2021,2020,0,2020-12-04,INR,2650000000
RBI:AVG_TURNOVER_RN(1.0),N_A,CORPO_REPO,W,2021,2020,0,2020-11-27,INR,12080000000
RBI:AVG_TURNOVER_RN(1.0),N_A,FOREX,W,2021,2020,0,2020-11-27,INR,57491600000
RBI:AVG_TURNOVER_RN(1.0),N_A,TRI_REPO,W,2021,2020,0,2020-11-27,INR,4111172000000
RBI:AVG_TURNOVER_RN(1.0),N_A,GOVT_SEC_RBI,W,2021,2020,0,2020-11-27,INR,43250000000
RBI:AVG_TURNOVER_RN(1.0),N_A,CALL_MONEY,W,2021,2020,0,2020-11-27,INR,121567666666.66669
RBI:AVG_TURNOVER_RN(1.0),N_A,TR_BILL_182_DAY,W,2021,2020,0,2020-11-27,INR,71203236000
RBI:AVG_TURNOVER_RN(1.0),N_A,NOTICE_MONEY,W,2021,2020,0,2020-11-27,INR,6323333333.333334
RBI:AVG_TURNOVER_RN(1.0),N_A,STATE_GOVT_SEC,W,2021,2020,0,2020-11-27,INR,49645663999.99999
RBI:AVG_TURNOVER_RN(1.0),N_A,GOVT_SEC,W,2021,2020,0,2020-11-27,INR,706093064000
RBI:AVG_TURNOVER_RN(1.0),N_A,TERM_MONEY,W,2021,2020,0,2020-11-27,INR,6866666666.666666
RBI:AVG_TURNOVER_RN(1.0),N_A,TR_BILL_364_DAY,W,2021,2020,0,2020-11-27,INR,47037800000.00001
RBI:AVG_TURNOVER_RN(1.0),N_A,MKT_REPO,W,2021,2020,0,2020-11-27,INR,2732579933333.3335
RBI:AVG_TURNOVER_RN(1.0),N_A,TR_BILL_91_DAY,W,2021,2020,0,2020-11-27,INR,15548400000
RBI:AVG_TURNOVER_RN(1.0),N_A,TR_BILL_364_DAY,W,2021,2020,0,2020-11-20,INR,115871245000
RBI:AVG_TURNOVER_RN(1.0),N_A,GOVT_SEC_RBI,W,2021,2020,0,2020-11-20,INR,51960000000
RBI:AVG_TURNOVER_RN(1.0),N_A,CORPO_REPO,W,2021,2020,0,2020-11-20,INR,81100000000
RBI:AVG_TURNOVER_RN(1.0),N_A,TERM_MONEY,W,2021,2020,0,2020-11-20,INR,7549500000
RBI:AVG_TURNOVER_RN(1.0),N_A,TRI_REPO,W,2021,2020,0,2020-11-20,INR,5150566000000
RBI:AVG_TURNOVER_RN(1.0),N_A,FOREX,W,2021,2020,0,2020-11-20,INR,57482000000
RBI:AVG_TURNOVER_RN(1.0),N_A,GOVT_SEC,W,2021,2020,0,2020-11-20,INR,543347715000.00006
RBI:AVG_TURNOVER_RN(1.0),N_A,TR_BILL_182_DAY,W,2021,2020,0,2020-11-20,INR,85184000000
RBI:AVG_TURNOVER_RN(1.0),N_A,MKT_REPO,W,2021,2020,0,2020-11-20,INR,3807495500000
RBI:AVG_TURNOVER_RN(1.0),N_A,STATE_GOVT_SEC,W,2021,2020,0,2020-11-20,INR,53996795000.00001
RBI:AVG_TURNOVER_RN(1.0),N_A,TR_BILL_91_DAY,W,2021,2020,0,2020-11-20,INR,7582130000
RBI:AVG_TURNOVER_RN(1.0),N_A,NOTICE_MONEY,W,2021,2020,0,2020-11-20,INR,41030350000
RBI:AVG_TURNOVER_RN(1.0),N_A,CALL_MONEY,W,2021,2020,0,2020-11-20,INR,107653100000
RBI:AVG_TURNOVER_RN(1.0),N_A,CORPO_REPO,W,2021,2020,0,2020-11-13,INR,33200000000
RBI:AVG_TURNOVER_RN(1.0),N_A,TR_BILL_182_DAY,W,2021,2020,0,2020-11-13,INR,51179712000
RBI:AVG_TURNOVER_RN(1.0),N_A,FOREX,W,2021,2020,0,2020-11-13,INR,53815600000
RBI:AVG_TURNOVER_RN(1.0),N_A,GOVT_SEC_RBI,W,2021,2020,0,2020-11-13,INR,46140000000
RBI:AVG_TURNOVER_RN(1.0),N_A,GOVT_SEC,W,2021,2020,0,2020-11-13,INR,515511432000
RBI:AVG_TURNOVER_RN(1.0),N_A,TERM_MONEY,W,2021,2020,0,2020-11-13,INR,3006666666.666667
RBI:AVG_TURNOVER_RN(1.0),N_A,CALL_MONEY,W,2021,2020,0,2020-11-13,INR,143083033333.33334
RBI:AVG_TURNOVER_RN(1.0),N_A,TRI_REPO,W,2021,2020,0,2020-11-13,INR,3856811000000.0005
RBI:AVG_TURNOVER_RN(1.0),N_A,TR_BILL_364_DAY,W,2021,2020,0,2020-11-13,INR,25399000000
RBI:AVG_TURNOVER_RN(1.0),N_A,TR_BILL_91_DAY,W,2021,2020,0,2020-11-13,INR,13814220000
RBI:AVG_TURNOVER_RN(1.0),N_A,MKT_REPO,W,2021,2020,0,2020-11-13,INR,3262275666666.6665
RBI:AVG_TURNOVER_RN(1.0),N_A,STATE_GOVT_SEC,W,2021,2020,0,2020-11-13,INR,43986308000
RBI:AVG_TURNOVER_RN(1.0),N_A,NOTICE_MONEY,W,2021,2020,0,2020-11-13,INR,3064033333.3333335
RBI:AVG_TURNOVER_RN(1.0),N_A,TRI_REPO,W,2021,2020,0,2020-11-06,INR,3491217000000
RBI:AVG_TURNOVER_RN(1.0),N_A,TR_BILL_364_DAY,W,2021,2020,0,2020-11-06,INR,18389512000
RBI:AVG_TURNOVER_RN(1.0),N_A,GOVT_SEC_RBI,W,2021,2020,0,2020-11-06,INR,69880000000
RBI:AVG_TURNOVER_RN(1.0),N_A,GOVT_SEC,W,2021,2020,0,2020-11-06,INR,590957604000.0001
RBI:AVG_TURNOVER_RN(1.0),N_A,FOREX,W,2021,2020,0,2020-11-06,INR,49601200000
RBI:AVG_TURNOVER_RN(1.0),N_A,TR_BILL_182_DAY,W,2021,2020,0,2020-11-06,INR,57200284000
RBI:AVG_TURNOVER_RN(1.0),N_A,TERM_MONEY,W,2021,2020,0,2020-11-06,INR,5602166666.666667
RBI:AVG_TURNOVER_RN(1.0),N_A,NOTICE_MONEY,W,2021,2020,0,2020-11-06,INR,30816066666.666664
RBI:AVG_TURNOVER_RN(1.0),N_A,CORPO_REPO,W,2021,2020,0,2020-11-06,INR,1720000000
RBI:AVG_TURNOVER_RN(1.0),N_A,TR_BILL_91_DAY,W,2021,2020,0,2020-11-06,INR,41636744000
RBI:AVG_TURNOVER_RN(1.0),N_A,MKT_REPO,W,2021,2020,0,2020-11-06,INR,3217791800000
RBI:AVG_TURNOVER_RN(1.0),N_A,CALL_MONEY,W,2021,2020,0,2020-11-06,INR,99751233333.33333
RBI:AVG_TURNOVER_RN(1.0),N_A,STATE_GOVT_SEC,W,2021,2020,0,2020-11-06,INR,47594972000
RBI:AVG_TURNOVER_RN(1.0),N_A,TERM_MONEY,W,2021,2020,0,2020-10-30,INR,5445750000
RBI:AVG_TURNOVER_RN(1.0),N_A,CALL_MONEY,W,2021,2020,0,2020-10-30,INR,106752300000
RBI:AVG_TURNOVER_RN(1.0),N_A,TR_BILL_182_DAY,W,2021,2020,0,2020-10-30,INR,46439250000
RBI:AVG_TURNOVER_RN(1.0),N_A,TR_BILL_364_DAY,W,2021,2020,0,2020-10-30,INR,26623935000
RBI:AVG_TURNOVER_RN(1.0),N_A,CORPO_REPO,W,2021,2020,0,2020-10-30,INR,55450000000
RBI:AVG_TURNOVER_RN(1.0),N_A,GOVT_SEC,W,2021,2020,0,2020-10-30,INR,911265235000
RBI:AVG_TURNOVER_RN(1.0),N_A,MKT_REPO,W,2021,2020,0,2020-10-30,INR,3503282800000.0005
RBI:AVG_TURNOVER_RN(1.0),N_A,STATE_GOVT_SEC,W,2021,2020,0,2020-10-30,INR,49318069999.99999
RBI:AVG_TURNOVER_RN(1.0),N_A,NOTICE_MONEY,W,2021,2020,0,2020-10-30,INR,44805050000
RBI:AVG_TURNOVER_RN(1.0),N_A,TRI_REPO,W,2021,2020,0,2020-10-30,INR,3975222250000
RBI:AVG_TURNOVER_RN(1.0),N_A,GOVT_SEC_RBI,W,2021,2020,0,2020-10-30,INR,4290000000
RBI:AVG_TURNOVER_RN(1.0),N_A,TR_BILL_91_DAY,W,2021,2020,0,2020-10-30,INR,52430114999.99999
RBI:AVG_TURNOVER_RN(1.0),N_A,FOREX,W,2021,2020,0,2020-10-30,INR,56477000000
RBI:AVG_TURNOVER_RN(1.0),N_A,CALL_MONEY,W,2021,2020,0,2020-10-23,INR,138242833333.33334
RBI:AVG_TURNOVER_RN(1.0),N_A,MKT_REPO,W,2021,2020,0,2020-10-23,INR,3131020000000
RBI:AVG_TURNOVER_RN(1.0),N_A,TR_BILL_364_DAY,W,2021,2020,0,2020-10-23,INR,28407000000
RBI:AVG_TURNOVER_RN(1.0),N_A,TR_BILL_182_DAY,W,2021,2020,0,2020-10-23,INR,21118252000.000004
RBI:AVG_TURNOVER_RN(1.0),N_A,CORPO_REPO,W,2021,2020,0,2020-10-23,INR,30986320000
RBI:AVG_TURNOVER_RN(1.0),N_A,NOTICE_MONEY,W,2021,2020,0,2020-10-23,INR,8039100000
RBI:AVG_TURNOVER_RN(1.0),N_A,TERM_MONEY,W,2021,2020,0,2020-10-23,INR,8162500000
RBI:AVG_TURNOVER_RN(1.0),N_A,STATE_GOVT_SEC,W,2021,2020,0,2020-10-23,INR,45456108000
RBI:AVG_TURNOVER_RN(1.0),N_A,GOVT_SEC,W,2021,2020,0,2020-10-23,INR,596837924000
RBI:AVG_TURNOVER_RN(1.0),N_A,FOREX,W,2021,2020,0,2020-10-23,INR,46714400000
RBI:AVG_TURNOVER_RN(1.0),N_A,TR_BILL_91_DAY,W,2021,2020,0,2020-10-23,INR,52383616000
RBI:AVG_TURNOVER_RN(1.0),N_A,TRI_REPO,W,2021,2020,0,2020-10-23,INR,3364370000000
RBI:AVG_TURNOVER_RN(1.0),N_A,GOVT_SEC_RBI,W,2021,2020,0,2020-10-23,INR,32650000000
RBI:AVG_TURNOVER_RN(1.0),N_A,MKT_REPO,W,2021,2020,0,2020-10-16,INR,4476950000000
RBI:AVG_TURNOVER_RN(1.0),N_A,GOVT_SEC_RBI,W,2021,2020,0,2020-10-16,INR,43340000000
RBI:AVG_TURNOVER_RN(1.0),N_A,TR_BILL_182_DAY,W,2021,2020,0,2020-10-16,INR,72542000000
RBI:AVG_TURNOVER_RN(1.0),N_A,CALL_MONEY,W,2021,2020,0,2020-10-16,INR,201323880000
RBI:AVG_TURNOVER_RN(1.0),N_A,TERM_MONEY,W,2021,2020,0,2020-10-16,INR,4256000000
RBI:AVG_TURNOVER_RN(1.0),N_A,CORPO_REPO,W,2021,2020,0,2020-10-16,INR,94000000000
RBI:AVG_TURNOVER_RN(1.0),N_A,GOVT_SEC,W,2021,2020,0,2020-10-16,INR,848432100000
RBI:AVG_TURNOVER_RN(1.0),N_A,STATE_GOVT_SEC,W,2021,2020,0,2020-10-16,INR,62594440000
RBI:AVG_TURNOVER_RN(1.0),N_A,TRI_REPO,W,2021,2020,0,2020-10-16,INR,3962640000000
RBI:AVG_TURNOVER_RN(1.0),N_A,TR_BILL_364_DAY,W,2021,2020,0,2020-10-16,INR,17196376000
RBI:AVG_TURNOVER_RN(1.0),N_A,NOTICE_MONEY,W,2021,2020,0,2020-10-16,INR,43989680000
RBI:AVG_TURNOVER_RN(1.0),N_A,FOREX,W,2021,2020,0,2020-10-16,INR,41953200000
RBI:AVG_TURNOVER_RN(1.0),N_A,TR_BILL_91_DAY,W,2021,2020,0,2020-10-16,INR,55472528000
RBI:AVG_TURNOVER_RN(1.0),N_A,CALL_MONEY,W,2021,2020,0,2020-10-09,INR,195862466666.66666
RBI:AVG_TURNOVER_RN(1.0),N_A,GOVT_SEC_RBI,W,2021,2020,0,2020-10-09,INR,60880000000
RBI:AVG_TURNOVER_RN(1.0),N_A,TR_BILL_91_DAY,W,2021,2020,0,2020-10-09,INR,74235748000
RBI:AVG_TURNOVER_RN(1.0),N_A,TR_BILL_364_DAY,W,2021,2020,0,2020-10-09,INR,52090936000
RBI:AVG_TURNOVER_RN(1.0),N_A,TRI_REPO,W,2021,2020,0,2020-10-09,INR,2851750000000
RBI:AVG_TURNOVER_RN(1.0),N_A,FOREX,W,2021,2020,0,2020-10-09,INR,50785800000
RBI:AVG_TURNOVER_RN(1.0),N_A,TR_BILL_182_DAY,W,2021,2020,0,2020-10-09,INR,33993599999.999996
RBI:AVG_TURNOVER_RN(1.0),N_A,STATE_GOVT_SEC,W,2021,2020,0,2020-10-09,INR,64039676000
RBI:AVG_TURNOVER_RN(1.0),N_A,GOVT_SEC,W,2021,2020,0,2020-10-09,INR,405897352000.00006
RBI:AVG_TURNOVER_RN(1.0),N_A,TERM_MONEY,W,2021,2020,0,2020-10-09,INR,9424333333.333334
RBI:AVG_TURNOVER_RN(1.0),N_A,CORPO_REPO,W,2021,2020,0,2020-10-09,INR,41200000000
RBI:AVG_TURNOVER_RN(1.0),N_A,MKT_REPO,W,2021,2020,0,2020-10-09,INR,3698550000000
RBI:AVG_TURNOVER_RN(1.0),N_A,NOTICE_MONEY,W,2021,2020,0,2020-10-09,INR,3231866666.6666665
RBI:AVG_TURNOVER_RN(1.0),N_A,CALL_MONEY,W,2021,2020,0,2020-10-02,INR,160840000000
RBI:AVG_TURNOVER_RN(1.0),N_A,CORPO_REPO,W,2021,2020,0,2020-10-02,INR,25250000000
RBI:AVG_TURNOVER_RN(1.0),N_A,TR_BILL_91_DAY,W,2021,2020,0,2020-10-02,INR,111815000000
RBI:AVG_TURNOVER_RN(1.0),N_A,TR_BILL_364_DAY,W,2021,2020,0,2020-10-02,INR,19546195000
RBI:AVG_TURNOVER_RN(1.0),N_A,NOTICE_MONEY,W,2021,2020,0,2020-10-02,INR,61501700000
RBI:AVG_TURNOVER_RN(1.0),N_A,TERM_MONEY,W,2021,2020,0,2020-10-02,INR,3994500000
RBI:AVG_TURNOVER_RN(1.0),N_A,FOREX,W,2021,2020,0,2020-10-02,INR,64763500000
RBI:AVG_TURNOVER_RN(1.0),N_A,GOVT_SEC,W,2021,2020,0,2020-10-02,INR,494174640000.00006
RBI:AVG_TURNOVER_RN(1.0),N_A,GOVT_SEC_RBI,W,2021,2020,0,2020-10-02,INR,35700000000.00001
RBI:AVG_TURNOVER_RN(1.0),N_A,TRI_REPO,W,2021,2020,0,2020-10-02,INR,3580580000000
RBI:AVG_TURNOVER_RN(1.0),N_A,STATE_GOVT_SEC,W,2021,2020,0,2020-10-02,INR,66278965000
RBI:AVG_TURNOVER_RN(1.0),N_A,TR_BILL_182_DAY,W,2021,2020,0,2020-10-02,INR,97196500000
RBI:AVG_TURNOVER_RN(1.0),N_A,MKT_REPO,W,2021,2020,0,2020-10-02,INR,4139810000000
RBI:AVG_TURNOVER_RN(1.0),N_A,TR_BILL_182_DAY,W,2021,2020,0,2020-09-25,INR,69783524000
RBI:AVG_TURNOVER_RN(1.0),N_A,FOREX,W,2021,2020,0,2020-09-25,INR,52906000000
RBI:AVG_TURNOVER_RN(1.0),N_A,STATE_GOVT_SEC,W,2021,2020,0,2020-09-25,INR,39019500000
RBI:AVG_TURNOVER_RN(1.0),N_A,TRI_REPO,W,2021,2020,0,2020-09-25,INR,3109001000000.0005
RBI:AVG_TURNOVER_RN(1.0),N_A,CORPO_REPO,W,2021,2020,0,2020-09-25,INR,46664000000
RBI:AVG_TURNOVER_RN(1.0),N_A,GOVT_SEC,W,2021,2020,0,2020-09-25,INR,442509488000
RBI:AVG_TURNOVER_RN(1.0),N_A,TERM_MONEY,W,2021,2020,0,2020-09-25,INR,8571666666.666666
RBI:AVG_TURNOVER_RN(1.0),N_A,TR_BILL_91_DAY,W,2021,2020,0,2020-09-25,INR,136862000000
RBI:AVG_TURNOVER_RN(1.0),N_A,TR_BILL_364_DAY,W,2021,2020,0,2020-09-25,INR,13726268000
RBI:AVG_TURNOVER_RN(1.0),N_A,MKT_REPO,W,2021,2020,0,2020-09-25,INR,3099080066666.6665
RBI:AVG_TURNOVER_RN(1.0),N_A,NOTICE_MONEY,W,2021,2020,0,2020-09-25,INR,3817533333.3333335
RBI:AVG_TURNOVER_RN(1.0),N_A,GOVT_SEC_RBI,W,2021,2020,0,2020-09-25,INR,20590000000
RBI:AVG_TURNOVER_RN(1.0),N_A,CALL_MONEY,W,2021,2020,0,2020-09-25,INR,205747233333.3333
RBI:AVG_TURNOVER_RN(1.0),N_A,TRI_REPO,W,2021,2020,0,2020-09-18,INR,3521756800000
RBI:AVG_TURNOVER_RN(1.0),N_A,GOVT_SEC_RBI,W,2021,2020,0,2020-09-18,INR,56060000000
RBI:AVG_TURNOVER_RN(1.0),N_A,FOREX,W,2021,2020,0,2020-09-18,INR,48919000000
RBI:AVG_TURNOVER_RN(1.0),N_A,TR_BILL_91_DAY,W,2021,2020,0,2020-09-18,INR,110959972000
RBI:AVG_TURNOVER_RN(1.0),N_A,TERM_MONEY,W,2021,2020,0,2020-09-18,INR,8273200000.000001
RBI:AVG_TURNOVER_RN(1.0),N_A,TR_BILL_182_DAY,W,2021,2020,0,2020-09-18,INR,75125600000
RBI:AVG_TURNOVER_RN(1.0),N_A,CALL_MONEY,W,2021,2020,0,2020-09-18,INR,193861400000
RBI:AVG_TURNOVER_RN(1.0),N_A,GOVT_SEC,W,2021,2020,0,2020-09-18,INR,597747560000
RBI:AVG_TURNOVER_RN(1.0),N_A,MKT_REPO,W,2021,2020,0,2020-09-18,INR,3641461920000
RBI:AVG_TURNOVER_RN(1.0),N_A,STATE_GOVT_SEC,W,2021,2020,0,2020-09-18,INR,37677816000
RBI:AVG_TURNOVER_RN(1.0),N_A,NOTICE_MONEY,W,2021,2020,0,2020-09-18,INR,59884280000
RBI:AVG_TURNOVER_RN(1.0),N_A,TR_BILL_364_DAY,W,2021,2020,0,2020-09-18,INR,22147200000.000004
RBI:AVG_TURNOVER_RN(1.0),N_A,CORPO_REPO,W,2021,2020,0,2020-09-18,INR,4360000000
RBI:AVG_TURNOVER_RN(1.0),N_A,NOTICE_MONEY,W,2021,2020,0,2020-09-11,INR,3110866666.6666665
RBI:AVG_TURNOVER_RN(1.0),N_A,FOREX,W,2021,2020,0,2020-09-11,INR,49525400000
RBI:AVG_TURNOVER_RN(1.0),N_A,TR_BILL_91_DAY,W,2021,2020,0,2020-09-11,INR,37528000000
RBI:AVG_TURNOVER_RN(1.0),N_A,MKT_REPO,W,2021,2020,0,2020-09-11,INR,3056223733333.3335
RBI:AVG_TURNOVER_RN(1.0),N_A,CORPO_REPO,W,2021,2020,0,2020-09-11,INR,5176000000
RBI:AVG_TURNOVER_RN(1.0),N_A,GOVT_SEC,W,2021,2020,0,2020-09-11,INR,618542536000
RBI:AVG_TURNOVER_RN(1.0),N_A,TR_BILL_182_DAY,W,2021,2020,0,2020-09-11,INR,44830440000
RBI:AVG_TURNOVER_RN(1.0),N_A,CALL_MONEY,W,2021,2020,0,2020-09-11,INR,224024166666.6667
RBI:AVG_TURNOVER_RN(1.0),N_A,TR_BILL_364_DAY,W,2021,2020,0,2020-09-11,INR,22632520000
RBI:AVG_TURNOVER_RN(1.0),N_A,STATE_GOVT_SEC,W,2021,2020,0,2020-09-11,INR,44150320000
RBI:AVG_TURNOVER_RN(1.0),N_A,TRI_REPO,W,2021,2020,0,2020-09-11,INR,2874272666666.6665
RBI:AVG_TURNOVER_RN(1.0),N_A,GOVT_SEC_RBI,W,2021,2020,0,2020-09-11,INR,49530000000
RBI:AVG_TURNOVER_RN(1.0),N_A,TERM_MONEY,W,2021,2020,0,2020-09-11,INR,3674666666.666667
RBI:AVG_TURNOVER_RN(1.0),N_A,STATE_GOVT_SEC,W,2021,2020,0,2020-09-04,INR,49836104000
RBI:AVG_TURNOVER_RN(1.0),N_A,NOTICE_MONEY,W,2021,2020,0,2020-09-04,INR,45919033333.33333
RBI:AVG_TURNOVER_RN(1.0),N_A,GOVT_SEC_RBI,W,2021,2020,0,2020-09-04,INR,37790000000
RBI:AVG_TURNOVER_RN(1.0),N_A,MKT_REPO,W,2021,2020,0,2020-09-04,INR,3169773733333.3335
RBI:AVG_TURNOVER_RN(1.0),N_A,TR_BILL_182_DAY,W,2021,2020,0,2020-09-04,INR,41071968000
RBI:AVG_TURNOVER_RN(1.0),N_A,TERM_MONEY,W,2021,2020,0,2020-09-04,INR,6363333333.333334
RBI:AVG_TURNOVER_RN(1.0),N_A,FOREX,W,2021,2020,0,2020-09-04,INR,59780200000
RBI:AVG_TURNOVER_RN(1.0),N_A,CALL_MONEY,W,2021,2020,0,2020-09-04,INR,169623800000
RBI:AVG_TURNOVER_RN(1.0),N_A,CORPO_REPO,W,2021,2020,0,2020-09-04,INR,20200000000
RBI:AVG_TURNOVER_RN(1.0),N_A,GOVT_SEC,W,2021,2020,0,2020-09-04,INR,885963832000
RBI:AVG_TURNOVER_RN(1.0),N_A,TR_BILL_91_DAY,W,2021,2020,0,2020-09-04,INR,47129483999.99999
RBI:AVG_TURNOVER_RN(1.0),N_A,TRI_REPO,W,2021,2020,0,2020-09-04,INR,3396585333333.3335
RBI:AVG_TURNOVER_RN(1.0),N_A,TR_BILL_364_DAY,W,2021,2020,0,2020-09-04,INR,15908092000.000002
RBI:AVG_TURNOVER_RN(1.0),N_A,TR_BILL_91_DAY,W,2021,2020,0,2020-08-28,INR,40530000000
RBI:AVG_TURNOVER_RN(1.0),N_A,STATE_GOVT_SEC,W,2021,2020,0,2020-08-28,INR,35516204000
RBI:AVG_TURNOVER_RN(1.0),N_A,CALL_MONEY,W,2021,2020,0,2020-08-28,INR,193869519999.99997
RBI:AVG_TURNOVER_RN(1.0),N_A,TERM_MONEY,W,2021,2020,0,2020-08-28,INR,4918520000
RBI:AVG_TURNOVER_RN(1.0),N_A,CORPO_REPO,W,2021,2020,0,2020-08-28,INR,3000000000
RBI:AVG_TURNOVER_RN(1.0),N_A,TR_BILL_364_DAY,W,2021,2020,0,2020-08-28,INR,21047084000
RBI:AVG_TURNOVER_RN(1.0),N_A,NOTICE_MONEY,W,2021,2020,0,2020-08-28,INR,51499400000.00001
RBI:AVG_TURNOVER_RN(1.0),N_A,FOREX,W,2021,2020,0,2020-08-28,INR,63978000000
RBI:AVG_TURNOVER_RN(1.0),N_A,TRI_REPO,W,2021,2020,0,2020-08-28,INR,4200808400000.0005
RBI:AVG_TURNOVER_RN(1.0),N_A,TR_BILL_182_DAY,W,2021,2020,0,2020-08-28,INR,91389712000
RBI:AVG_TURNOVER_RN(1.0),N_A,MKT_REPO,W,2021,2020,0,2020-08-28,INR,3889510560000
RBI:AVG_TURNOVER_RN(1.0),N_A,GOVT_SEC,W,2021,2020,0,2020-08-28,INR,699663224000
RBI:AVG_TURNOVER_RN(1.0),N_A,GOVT_SEC_RBI,W,2021,2020,0,2020-08-28,INR,44570000000
RBI:AVG_TURNOVER_RN(1.0),N_A,TR_BILL_182_DAY,W,2021,2020,0,2020-08-21,INR,96779399999.99998
RBI:AVG_TURNOVER_RN(1.0),N_A,TR_BILL_364_DAY,W,2021,2020,0,2020-08-21,INR,18922268000
RBI:AVG_TURNOVER_RN(1.0),N_A,STATE_GOVT_SEC,W,2021,2020,0,2020-08-21,INR,33967712000
RBI:AVG_TURNOVER_RN(1.0),N_A,TR_BILL_CASH_MNG_BILLS,W,2021,2020,0,2020-08-21,INR,32276000000
RBI:AVG_TURNOVER_RN(1.0),N_A,GOVT_SEC,W,2021,2020,0,2020-08-21,INR,623199356000
RBI:AVG_TURNOVER_RN(1.0),N_A,TR_BILL_91_DAY,W,2021,2020,0,2020-08-21,INR,5024156000
RBI:AVG_TURNOVER_RN(1.0),N_A,MKT_REPO,W,2021,2020,0,2020-08-21,INR,3191237680000.0005
RBI:AVG_TURNOVER_RN(1.0),N_A,GOVT_SEC_RBI,W,2021,2020,0,2020-08-21,INR,4450000000
RBI:AVG_TURNOVER_RN(1.0),N_A,NOTICE_MONEY,W,2021,2020,0,2020-08-21,INR,4260760000
RBI:AVG_TURNOVER_RN(1.0),N_A,FOREX,W,2021,2020,0,2020-08-21,INR,53940000000
RBI:AVG_TURNOVER_RN(1.0),N_A,TRI_REPO,W,2021,2020,0,2020-08-21,INR,4138083399999.9995
RBI:AVG_TURNOVER_RN(1.0),N_A,TERM_MONEY,W,2021,2020,0,2020-08-21,INR,9363799999.999998
RBI:AVG_TURNOVER_RN(1.0),N_A,CORPO_REPO,W,2021,2020,0,2020-08-21,INR,5600000000
RBI:AVG_TURNOVER_RN(1.0),N_A,CALL_MONEY,W,2021,2020,0,2020-08-21,INR,235992000000
RBI:AVG_TURNOVER_RN(1.0),N_A,CORPO_REPO,W,2021,2020,0,2020-08-14,INR,15360000000
RBI:AVG_TURNOVER_RN(1.0),N_A,STATE_GOVT_SEC,W,2021,2020,0,2020-08-14,INR,36463140000
RBI:AVG_TURNOVER_RN(1.0),N_A,TR_BILL_CASH_MNG_BILLS,W,2021,2020,0,2020-08-14,INR,38504800000.00001
RBI:AVG_TURNOVER_RN(1.0),N_A,TERM_MONEY,W,2021,2020,0,2020-08-14,INR,5801120000
RBI:AVG_TURNOVER_RN(1.0),N_A,FOREX,W,2021,2020,0,2020-08-14,INR,49018000000
RBI:AVG_TURNOVER_RN(1.0),N_A,TR_BILL_182_DAY,W,2021,2020,0,2020-08-14,INR,34156200000
RBI:AVG_TURNOVER_RN(1.0),N_A,CALL_MONEY,W,2021,2020,0,2020-08-14,INR,222010440000.00003
RBI:AVG_TURNOVER_RN(1.0),N_A,NOTICE_MONEY,W,2021,2020,0,2020-08-14,INR,11848000000
RBI:AVG_TURNOVER_RN(1.0),N_A,TR_BILL_364_DAY,W,2021,2020,0,2020-08-14,INR,22719456000
RBI:AVG_TURNOVER_RN(1.0),N_A,TR_BILL_91_DAY,W,2021,2020,0,2020-08-14,INR,62316224000
RBI:AVG_TURNOVER_RN(1.0),N_A,GOVT_SEC_RBI,W,2021,2020,0,2020-08-14,INR,2170000000
RBI:AVG_TURNOVER_RN(1.0),N_A,MKT_REPO,W,2021,2020,0,2020-08-14,INR,3484610960000
RBI:AVG_TURNOVER_RN(1.0),N_A,TRI_REPO,W,2021,2020,0,2020-08-14,INR,3391683600000
RBI:AVG_TURNOVER_RN(1.0),N_A,GOVT_SEC,W,2021,2020,0,2020-08-14,INR,575021536000
RBI:AVG_TURNOVER_RN(1.0),N_A,TR_BILL_364_DAY,W,2021,2020,0,2020-08-07,INR,26041936000
RBI:AVG_TURNOVER_RN(1.0),N_A,STATE_GOVT_SEC,W,2021,2020,0,2020-08-07,INR,42129672000
RBI:AVG_TURNOVER_RN(1.0),N_A,TR_BILL_CASH_MNG_BILLS,W,2021,2020,0,2020-08-07,INR,34120000000
RBI:AVG_TURNOVER_RN(1.0),N_A,FOREX,W,2021,2020,0,2020-08-07,INR,47143000000
RBI:AVG_TURNOVER_RN(1.0),N_A,GOVT_SEC_RBI,W,2021,2020,0,2020-08-07,INR,1739999999.9999998
RBI:AVG_TURNOVER_RN(1.0),N_A,NOTICE_MONEY,W,2021,2020,0,2020-08-07,INR,6066600000.000001
RBI:AVG_TURNOVER_RN(1.0),N_A,CALL_MONEY,W,2021,2020,0,2020-08-07,INR,224038600000
RBI:AVG_TURNOVER_RN(1.0),N_A,TR_BILL_91_DAY,W,2021,2020,0,2020-08-07,INR,72690000000
RBI:AVG_TURNOVER_RN(1.0),N_A,TRI_REPO,W,2021,2020,0,2020-08-07,INR,3247050000000
RBI:AVG_TURNOVER_RN(1.0),N_A,TERM_MONEY,W,2021,2020,0,2020-08-07,INR,8951200000.000002
RBI:AVG_TURNOVER_RN(1.0),N_A,MKT_REPO,W,2021,2020,0,2020-08-07,INR,3877926320000
RBI:AVG_TURNOVER_RN(1.0),N_A,CORPO_REPO,W,2021,2020,0,2020-08-07,INR,13440000000
RBI:AVG_TURNOVER_RN(1.0),N_A,GOVT_SEC,W,2021,2020,0,2020-08-07,INR,600939623999.9999
RBI:AVG_TURNOVER_RN(1.0),N_A,TR_BILL_182_DAY,W,2021,2020,0,2020-08-07,INR,23329240000
RBI:AVG_TURNOVER_RN(1.0),N_A,CORPO_REPO,W,2021,2020,0,2020-07-31,INR,21120000000
RBI:AVG_TURNOVER_RN(1.0),N_A,CALL_MONEY,W,2021,2020,0,2020-07-31,INR,231003520000
RBI:AVG_TURNOVER_RN(1.0),N_A,FOREX,W,2021,2020,0,2020-07-31,INR,63828600000
RBI:AVG_TURNOVER_RN(1.0),N_A,GOVT_SEC_RBI,W,2021,2020,0,2020-07-31,INR,3670000000.0000005
RBI:AVG_TURNOVER_RN(1.0),N_A,NOTICE_MONEY,W,2021,2020,0,2020-07-31,INR,11915719999.999998
RBI:AVG_TURNOVER_RN(1.0),N_A,TR_BILL_91_DAY,W,2021,2020,0,2020-07-31,INR,77015000000
RBI:AVG_TURNOVER_RN(1.0),N_A,MKT_REPO,W,2021,2020,0,2020-07-31,INR,3480689759999.9995
RBI:AVG_TURNOVER_RN(1.0),N_A,TRI_REPO,W,2021,2020,0,2020-07-31,INR,3526880400000
RBI:AVG_TURNOVER_RN(1.0),N_A,TR_BILL_364_DAY,W,2021,2020,0,2020-07-31,INR,15321768000
RBI:AVG_TURNOVER_RN(1.0),N_A,STATE_GOVT_SEC,W,2021,2020,0,2020-07-31,INR,39890428000
RBI:AVG_TURNOVER_RN(1.0),N_A,TERM_MONEY,W,2021,2020,0,2020-07-31,INR,5935119999.999999
RBI:AVG_TURNOVER_RN(1.0),N_A,GOVT_SEC,W,2021,2020,0,2020-07-31,INR,736543960000
RBI:AVG_TURNOVER_RN(1.0),N_A,TR_BILL_CASH_MNG_BILLS,W,2021,2020,0,2020-07-31,INR,16028600000.000002
RBI:AVG_TURNOVER_RN(1.0),N_A,TR_BILL_182_DAY,W,2021,2020,0,2020-07-31,INR,28852900000
RBI:AVG_TURNOVER_RN(1.0),N_A,STATE_GOVT_SEC,W,2021,2020,0,2020-07-24,INR,51609947999.99999
RBI:AVG_TURNOVER_RN(1.0),N_A,CALL_MONEY,W,2021,2020,0,2020-07-24,INR,212279933333.33334
RBI:AVG_TURNOVER_RN(1.0),N_A,GOVT_SEC,W,2021,2020,0,2020-07-24,INR,670177620000
RBI:AVG_TURNOVER_RN(1.0),N_A,TR_BILL_CASH_MNG_BILLS,W,2021,2020,0,2020-07-24,INR,6255600000.000001
RBI:AVG_TURNOVER_RN(1.0),N_A,CORPO_REPO,W,2021,2020,0,2020-07-24,INR,2000000000
RBI:AVG_TURNOVER_RN(1.0),N_A,TRI_REPO,W,2021,2020,0,2020-07-24,INR,3062169333333.3335
RBI:AVG_TURNOVER_RN(1.0),N_A,NOTICE_MONEY,W,2021,2020,0,2020-07-24,INR,5263900000
RBI:AVG_TURNOVER_RN(1.0),N_A,TERM_MONEY,W,2021,2020,0,2020-07-24,INR,7878000000.000001
RBI:AVG_TURNOVER_RN(1.0),N_A,FOREX,W,2021,2020,0,2020-07-24,INR,57816200000
RBI:AVG_TURNOVER_RN(1.0),N_A,GOVT_SEC_RBI,W,2021,2020,0,2020-07-24,INR,5970000000.000001
RBI:AVG_TURNOVER_RN(1.0),N_A,TR_BILL_182_DAY,W,2021,2020,0,2020-07-24,INR,24526135999.999996
RBI:AVG_TURNOVER_RN(1.0),N_A,MKT_REPO,W,2021,2020,0,2020-07-24,INR,2666786066666.6665
RBI:AVG_TURNOVER_RN(1.0),N_A,TR_BILL_364_DAY,W,2021,2020,0,2020-07-24,INR,11159388000.000002
RBI:AVG_TURNOVER_RN(1.0),N_A,TR_BILL_91_DAY,W,2021,2020,0,2020-07-24,INR,46213576000
RBI:AVG_TURNOVER_RN(1.0),N_A,TERM_MONEY,W,2021,2020,0,2020-07-17,INR,5376800000.000001
RBI:AVG_TURNOVER_RN(1.0),N_A,CALL_MONEY,W,2021,2020,0,2020-07-17,INR,209153200000
RBI:AVG_TURNOVER_RN(1.0),N_A,TR_BILL_91_DAY,W,2021,2020,0,2020-07-17,INR,61899176000
RBI:AVG_TURNOVER_RN(1.0),N_A,TRI_REPO,W,2021,2020,0,2020-07-17,INR,3615245799999.9995
RBI:AVG_TURNOVER_RN(1.0),N_A,STATE_GOVT_SEC,W,2021,2020,0,2020-07-17,INR,60759843999.99999
RBI:AVG_TURNOVER_RN(1.0),N_A,TR_BILL_364_DAY,W,2021,2020,0,2020-07-17,INR,21083916000
RBI:AVG_TURNOVER_RN(1.0),N_A,GOVT_SEC,W,2021,2020,0,2020-07-17,INR,923172496000.0001
RBI:AVG_TURNOVER_RN(1.0),N_A,TR_BILL_CASH_MNG_BILLS,W,2021,2020,0,2020-07-17,INR,7659000000
RBI:AVG_TURNOVER_RN(1.0),N_A,FOREX,W,2021,2020,0,2020-07-17,INR,52373200000
RBI:AVG_TURNOVER_RN(1.0),N_A,GOVT_SEC_RBI,W,2021,2020,0,2020-07-17,INR,2030000000.0000002
RBI:AVG_TURNOVER_RN(1.0),N_A,MKT_REPO,W,2021,2020,0,2020-07-17,INR,3353488480000
RBI:AVG_TURNOVER_RN(1.0),N_A,TR_BILL_182_DAY,W,2021,2020,0,2020-07-17,INR,43215000000
RBI:AVG_TURNOVER_RN(1.0),N_A,NOTICE_MONEY,W,2021,2020,0,2020-07-17,INR,49097199999.99999
RBI:AVG_TURNOVER_RN(1.0),N_A,CORPO_REPO,W,2021,2020,0,2020-07-17,INR,2000000000
RBI:AVG_TURNOVER_RN(1.0),N_A,NOTICE_MONEY,W,2021,2020,0,2020-07-10,INR,3899200000
RBI:AVG_TURNOVER_RN(1.0),N_A,TR_BILL_CASH_MNG_BILLS,W,2021,2020,0,2020-07-10,INR,22611800000
RBI:AVG_TURNOVER_RN(1.0),N_A,CALL_MONEY,W,2021,2020,0,2020-07-10,INR,214418566666.66666
RBI:AVG_TURNOVER_RN(1.0),N_A,CORPO_REPO,W,2021,2020,0,2020-07-10,INR,24880000000
RBI:AVG_TURNOVER_RN(1.0),N_A,GOVT_SEC_RBI,W,2021,2020,0,2020-07-10,INR,2810000000
RBI:AVG_TURNOVER_RN(1.0),N_A,TR_BILL_364_DAY,W,2021,2020,0,2020-07-10,INR,22791840000.000004
RBI:AVG_TURNOVER_RN(1.0),N_A,GOVT_SEC,W,2021,2020,0,2020-07-10,INR,912564395999.9999
RBI:AVG_TURNOVER_RN(1.0),N_A,MKT_REPO,W,2021,2020,0,2020-07-10,INR,3024973999999.9995
RBI:AVG_TURNOVER_RN(1.0),N_A,TRI_REPO,W,2021,2020,0,2020-07-10,INR,3043960833333.333
RBI:AVG_TURNOVER_RN(1.0),N_A,TR_BILL_182_DAY,W,2021,2020,0,2020-07-10,INR,46774480000
RBI:AVG_TURNOVER_RN(1.0),N_A,STATE_GOVT_SEC,W,2021,2020,0,2020-07-10,INR,83373123999.99998
RBI:AVG_TURNOVER_RN(1.0),N_A,FOREX,W,2021,2020,0,2020-07-10,INR,59198400000
RBI:AVG_TURNOVER_RN(1.0),N_A,TERM_MONEY,W,2021,2020,0,2020-07-10,INR,7208666666.666667
RBI:AVG_TURNOVER_RN(1.0),N_A,TR_BILL_91_DAY,W,2021,2020,0,2020-07-10,INR,49088868000
RBI:AVG_TURNOVER_RN(1.0),N_A,TR_BILL_CASH_MNG_BILLS,W,2021,2020,0,2020-07-03,INR,21101600000
RBI:AVG_TURNOVER_RN(1.0),N_A,CALL_MONEY,W,2021,2020,0,2020-07-03,INR,190357120000
RBI:AVG_TURNOVER_RN(1.0),N_A,TR_BILL_91_DAY,W,2021,2020,0,2020-07-03,INR,78936000000
RBI:AVG_TURNOVER_RN(1.0),N_A,TR_BILL_364_DAY,W,2021,2020,0,2020-07-03,INR,56866184000
RBI:AVG_TURNOVER_RN(1.0),N_A,NOTICE_MONEY,W,2021,2020,0,2020-07-03,INR,54425280000
RBI:AVG_TURNOVER_RN(1.0),N_A,FOREX,W,2021,2020,0,2020-07-03,INR,59566000000
RBI:AVG_TURNOVER_RN(1.0),N_A,TRI_REPO,W,2021,2020,0,2020-07-03,INR,3731910000000
RBI:AVG_TURNOVER_RN(1.0),N_A,MKT_REPO,W,2021,2020,0,2020-07-03,INR,4300184320000.0005
RBI:AVG_TURNOVER_RN(1.0),N_A,TERM_MONEY,W,2021,2020,0,2020-07-03,INR,11165680000
RBI:AVG_TURNOVER_RN(1.0),N_A,GOVT_SEC,W,2021,2020,0,2020-07-03,INR,864945080000.0001
RBI:AVG_TURNOVER_RN(1.0),N_A,STATE_GOVT_SEC,W,2021,2020,0,2020-07-03,INR,61353343999.99999
RBI:AVG_TURNOVER_RN(1.0),N_A,TR_BILL_182_DAY,W,2021,2020,0,2020-07-03,INR,49236000000
RBI:AVG_TURNOVER_RN(1.0),N_A,CORPO_REPO,W,2021,2020,0,2020-07-03,INR,72160000000
RBI:AVG_TURNOVER_RN(1.0),N_A,GOVT_SEC_RBI,W,2021,2020,0,2020-07-03,INR,40080000000
RBI:AVG_TURNOVER_RN(1.0),N_A,TERM_MONEY,W,2021,2020,0,2020-06-26,INR,6902666666.666668
RBI:AVG_TURNOVER_RN(1.0),N_A,GOVT_SEC,W,2021,2020,0,2020-06-26,INR,603179796000
RBI:AVG_TURNOVER_RN(1.0),N_A,MKT_REPO,W,2021,2020,0,2020-06-26,INR,3019522600000
RBI:AVG_TURNOVER_RN(1.0),N_A,NOTICE_MONEY,W,2021,2020,0,2020-06-26,INR,4780866666.666666
RBI:AVG_TURNOVER_RN(1.0),N_A,CALL_MONEY,W,2021,2020,0,2020-06-26,INR,185409666666.66666
RBI:AVG_TURNOVER_RN(1.0),N_A,TRI_REPO,W,2021,2020,0,2020-06-26,INR,3797215666666.6665
RBI:AVG_TURNOVER_RN(1.0),N_A,TR_BILL_182_DAY,W,2021,2020,0,2020-06-26,INR,32419800000
RBI:AVG_TURNOVER_RN(1.0),N_A,GOVT_SEC_RBI,W,2021,2020,0,2020-06-26,INR,3710000000
RBI:AVG_TURNOVER_RN(1.0),N_A,CORPO_REPO,W,2021,2020,0,2020-06-26,INR,17640000000
RBI:AVG_TURNOVER_RN(1.0),N_A,TR_BILL_CASH_MNG_BILLS,W,2021,2020,0,2020-06-26,INR,13748000000
RBI:AVG_TURNOVER_RN(1.0),N_A,TR_BILL_91_DAY,W,2021,2020,0,2020-06-26,INR,79908516000
RBI:AVG_TURNOVER_RN(1.0),N_A,TR_BILL_364_DAY,W,2021,2020,0,2020-06-26,INR,25885772000
RBI:AVG_TURNOVER_RN(1.0),N_A,FOREX,W,2021,2020,0,2020-06-26,INR,56068200000
RBI:AVG_TURNOVER_RN(1.0),N_A,STATE_GOVT_SEC,W,2021,2020,0,2020-06-26,INR,78608156000
RBI:AVG_TURNOVER_RN(1.0),N_A,TERM_MONEY,W,2021,2020,0,2020-06-19,INR,10778160000
RBI:AVG_TURNOVER_RN(1.0),N_A,TR_BILL_CASH_MNG_BILLS,W,2021,2020,0,2020-06-19,INR,71922000000
RBI:AVG_TURNOVER_RN(1.0),N_A,TR_BILL_182_DAY,W,2021,2020,0,2020-06-19,INR,77282928000
RBI:AVG_TURNOVER_RN(1.0),N_A,TR_BILL_91_DAY,W,2021,2020,0,2020-06-19,INR,102419940000
RBI:AVG_TURNOVER_RN(1.0),N_A,FOREX,W,2021,2020,0,2020-06-19,INR,41313800000
RBI:AVG_TURNOVER_RN(1.0),N_A,GOVT_SEC,W,2021,2020,0,2020-06-19,INR,599533492000
RBI:AVG_TURNOVER_RN(1.0),N_A,CALL_MONEY,W,2021,2020,0,2020-06-19,INR,194268200000
RBI:AVG_TURNOVER_RN(1.0),N_A,CORPO_REPO,W,2021,2020,0,2020-06-19,INR,35250320000
RBI:AVG_TURNOVER_RN(1.0),N_A,TRI_REPO,W,2021,2020,0,2020-06-19,INR,4405626400000
RBI:AVG_TURNOVER_RN(1.0),N_A,NOTICE_MONEY,W,2021,2020,0,2020-06-19,INR,49959760000.00001
RBI:AVG_TURNOVER_RN(1.0),N_A,TR_BILL_364_DAY,W,2021,2020,0,2020-06-19,INR,21735047999.999996
RBI:AVG_TURNOVER_RN(1.0),N_A,MKT_REPO,W,2021,2020,0,2020-06-19,INR,3877481200000
RBI:AVG_TURNOVER_RN(1.0),N_A,STATE_GOVT_SEC,W,2021,2020,0,2020-06-19,INR,40403919999.99999
RBI:AVG_TURNOVER_RN(1.0),N_A,TR_BILL_364_DAY,W,2021,2020,0,2020-06-12,INR,26350000000
RBI:AVG_TURNOVER_RN(1.0),N_A,TR_BILL_182_DAY,W,2021,2020,0,2020-06-12,INR,42297252000
RBI:AVG_TURNOVER_RN(1.0),N_A,MKT_REPO,W,2021,2020,0,2020-06-12,INR,3244371400000
RBI:AVG_TURNOVER_RN(1.0),N_A,TR_BILL_CASH_MNG_BILLS,W,2021,2020,0,2020-06-12,INR,21746000000
RBI:AVG_TURNOVER_RN(1.0),N_A,CALL_MONEY,W,2021,2020,0,2020-06-12,INR,195150966666.6667
RBI:AVG_TURNOVER_RN(1.0),N_A,FOREX,W,2021,2020,0,2020-06-12,INR,38471200000
RBI:AVG_TURNOVER_RN(1.0),N_A,STATE_GOVT_SEC,W,2021,2020,0,2020-06-12,INR,47522860000
RBI:AVG_TURNOVER_RN(1.0),N_A,TRI_REPO,W,2021,2020,0,2020-06-12,INR,3168668833333.3335
RBI:AVG_TURNOVER_RN(1.0),N_A,GOVT_SEC,W,2021,2020,0,2020-06-12,INR,617010000000
RBI:AVG_TURNOVER_RN(1.0),N_A,NOTICE_MONEY,W,2021,2020,0,2020-06-12,INR,4155500000
RBI:AVG_TURNOVER_RN(1.0),N_A,GOVT_SEC_RBI,W,2021,2020,0,2020-06-12,INR,1510000000
RBI:AVG_TURNOVER_RN(1.0),N_A,TR_BILL_91_DAY,W,2021,2020,0,2020-06-12,INR,72761479999.99998
RBI:AVG_TURNOVER_RN(1.0),N_A,TERM_MONEY,W,2021,2020,0,2020-06-12,INR,6078166666.666667
RBI:AVG_TURNOVER_RN(1.0),N_A,CORPO_REPO,W,2021,2020,0,2020-06-12,INR,63274480000
RBI:AVG_TURNOVER_RN(1.0),N_A,TERM_MONEY,W,2021,2020,0,2020-06-05,INR,9591800000
RBI:AVG_TURNOVER_RN(1.0),N_A,NOTICE_MONEY,W,2021,2020,0,2020-06-05,INR,46613433333.333336
RBI:AVG_TURNOVER_RN(1.0),N_A,TR_BILL_CASH_MNG_BILLS,W,2021,2020,0,2020-06-05,INR,17165400000.000002
RBI:AVG_TURNOVER_RN(1.0),N_A,TR_BILL_364_DAY,W,2021,2020,0,2020-06-05,INR,25390083999.999996
RBI:AVG_TURNOVER_RN(1.0),N_A,FOREX,W,2021,2020,0,2020-06-05,INR,47586800000
RBI:AVG_TURNOVER_RN(1.0),N_A,TR_BILL_182_DAY,W,2021,2020,0,2020-06-05,INR,27862000000
RBI:AVG_TURNOVER_RN(1.0),N_A,TRI_REPO,W,2021,2020,0,2020-06-05,INR,2810073500000.0005
RBI:AVG_TURNOVER_RN(1.0),N_A,GOVT_SEC_RBI,W,2021,2020,0,2020-06-05,INR,3060000000
RBI:AVG_TURNOVER_RN(1.0),N_A,STATE_GOVT_SEC,W,2021,2020,0,2020-06-05,INR,31595668000
RBI:AVG_TURNOVER_RN(1.0),N_A,CORPO_REPO,W,2021,2020,0,2020-06-05,INR,57000000000
RBI:AVG_TURNOVER_RN(1.0),N_A,GOVT_SEC,W,2021,2020,0,2020-06-05,INR,647534084000
RBI:AVG_TURNOVER_RN(1.0),N_A,MKT_REPO,W,2021,2020,0,2020-06-05,INR,3316779066666.667
RBI:AVG_TURNOVER_RN(1.0),N_A,CALL_MONEY,W,2021,2020,0,2020-06-05,INR,136852866666.66667
RBI:AVG_TURNOVER_RN(1.0),N_A,TR_BILL_91_DAY,W,2021,2020,0,2020-06-05,INR,36536220000
RBI:AVG_TURNOVER_RN(1.0),N_A,MKT_REPO,W,2021,2020,0,2020-05-29,INR,3758625500000
RBI:AVG_TURNOVER_RN(1.0),N_A,CORPO_REPO,W,2021,2020,0,2020-05-29,INR,59950000000
RBI:AVG_TURNOVER_RN(1.0),N_A,TR_BILL_182_DAY,W,2021,2020,0,2020-05-29,INR,55004550000
RBI:AVG_TURNOVER_RN(1.0),N_A,TRI_REPO,W,2021,2020,0,2020-05-29,INR,3795309250000
RBI:AVG_TURNOVER_RN(1.0),N_A,TR_BILL_91_DAY,W,2021,2020,0,2020-05-29,INR,49254095000
RBI:AVG_TURNOVER_RN(1.0),N_A,STATE_GOVT_SEC,W,2021,2020,0,2020-05-29,INR,44189505000
RBI:AVG_TURNOVER_RN(1.0),N_A,NOTICE_MONEY,W,2021,2020,0,2020-05-29,INR,59744550000
RBI:AVG_TURNOVER_RN(1.0),N_A,TERM_MONEY,W,2021,2020,0,2020-05-29,INR,14441250000
RBI:AVG_TURNOVER_RN(1.0),N_A,CALL_MONEY,W,2021,2020,0,2020-05-29,INR,193899150000
RBI:AVG_TURNOVER_RN(1.0),N_A,FOREX,W,2021,2020,0,2020-05-29,INR,57929500000
RBI:AVG_TURNOVER_RN(1.0),N_A,GOVT_SEC_RBI,W,2021,2020,0,2020-05-29,INR,3350000000
RBI:AVG_TURNOVER_RN(1.0),N_A,GOVT_SEC,W,2021,2020,0,2020-05-29,INR,786042690000
RBI:AVG_TURNOVER_RN(1.0),N_A,TR_BILL_CASH_MNG_BILLS,W,2021,2020,0,2020-05-29,INR,176050000000
RBI:AVG_TURNOVER_RN(1.0),N_A,TR_BILL_364_DAY,W,2021,2020,0,2020-05-29,INR,54293220000
RBI:AVG_TURNOVER_RN(1.0),N_A,NOTICE_MONEY,W,2021,2020,0,2020-05-22,INR,4331166666.666666
RBI:AVG_TURNOVER_RN(1.0),N_A,TR_BILL_CASH_MNG_BILLS,W,2021,2020,0,2020-05-22,INR,1948000000
RBI:AVG_TURNOVER_RN(1.0),N_A,TRI_REPO,W,2021,2020,0,2020-05-22,INR,3599305166666.6665
RBI:AVG_TURNOVER_RN(1.0),N_A,TR_BILL_182_DAY,W,2021,2020,0,2020-05-22,INR,26622604000
RBI:AVG_TURNOVER_RN(1.0),N_A,FOREX,W,2021,2020,0,2020-05-22,INR,43866200000
RBI:AVG_TURNOVER_RN(1.0),N_A,GOVT_SEC,W,2021,2020,0,2020-05-22,INR,794529668000
RBI:AVG_TURNOVER_RN(1.0),N_A,TERM_MONEY,W,2021,2020,0,2020-05-22,INR,8479499999.999999
RBI:AVG_TURNOVER_RN(1.0),N_A,GOVT_SEC_RBI,W,2021,2020,0,2020-05-22,INR,1100000000.0000002
RBI:AVG_TURNOVER_RN(1.0),N_A,CORPO_REPO,W,2021,2020,0,2020-05-22,INR,29080000000
RBI:AVG_TURNOVER_RN(1.0),N_A,TR_BILL_91_DAY,W,2021,2020,0,2020-05-22,INR,38044800000.00001
RBI:AVG_TURNOVER_RN(1.0),N_A,CALL_MONEY,W,2021,2020,0,2020-05-22,INR,194941800000
RBI:AVG_TURNOVER_RN(1.0),N_A,TR_BILL_364_DAY,W,2021,2020,0,2020-05-22,INR,27057064000
RBI:AVG_TURNOVER_RN(1.0),N_A,STATE_GOVT_SEC,W,2021,2020,0,2020-05-22,INR,56067831999.99999
RBI:AVG_TURNOVER_RN(1.0),N_A,MKT_REPO,W,2021,2020,0,2020-05-22,INR,2979654333333.3335
RBI:AVG_TURNOVER_RN(1.0),N_A,FOREX,W,2021,2020,0,2020-05-15,INR,37744600000
RBI:AVG_TURNOVER_RN(1.0),N_A,GOVT_SEC,W,2021,2020,0,2020-05-15,INR,1124616155999.9998
RBI:AVG_TURNOVER_RN(1.0),N_A,TR_BILL_182_DAY,W,2021,2020,0,2020-05-15,INR,23682860000
RBI:AVG_TURNOVER_RN(1.0),N_A,TRI_REPO,W,2021,2020,0,2020-05-15,INR,4164810600000
RBI:AVG_TURNOVER_RN(1.0),N_A,GOVT_SEC_RBI,W,2021,2020,0,2020-05-15,INR,3120000000
RBI:AVG_TURNOVER_RN(1.0),N_A,CALL_MONEY,W,2021,2020,0,2020-05-15,INR,156645520000
RBI:AVG_TURNOVER_RN(1.0),N_A,STATE_GOVT_SEC,W,2021,2020,0,2020-05-15,INR,31226527999.999996
RBI:AVG_TURNOVER_RN(1.0),N_A,NOTICE_MONEY,W,2021,2020,0,2020-05-15,INR,50848560000
RBI:AVG_TURNOVER_RN(1.0),N_A,TR_BILL_91_DAY,W,2021,2020,0,2020-05-15,INR,112495148000.00002
RBI:AVG_TURNOVER_RN(1.0),N_A,TR_BILL_364_DAY,W,2021,2020,0,2020-05-15,INR,14723556000
RBI:AVG_TURNOVER_RN(1.0),N_A,TERM_MONEY,W,2021,2020,0,2020-05-15,INR,16329160000
RBI:AVG_TURNOVER_RN(1.0),N_A,CORPO_REPO,W,2021,2020,0,2020-05-15,INR,53800000000
RBI:AVG_TURNOVER_RN(1.0),N_A,MKT_REPO,W,2021,2020,0,2020-05-15,INR,3405942720000
RBI:AVG_TURNOVER_RN(1.0),N_A,TR_BILL_CASH_MNG_BILLS,W,2021,2020,0,2020-05-15,INR,9760000000
RBI:AVG_TURNOVER_RN(1.0),N_A,GOVT_SEC_RBI,W,2021,2020,0,2020-05-08,INR,80459999999.99998
RBI:AVG_TURNOVER_RN(1.0),N_A,FOREX,W,2021,2020,0,2020-05-08,INR,45292250000
RBI:AVG_TURNOVER_RN(1.0),N_A,TR_BILL_91_DAY,W,2021,2020,0,2020-05-08,INR,45654365000
RBI:AVG_TURNOVER_RN(1.0),N_A,TR_BILL_CASH_MNG_BILLS,W,2021,2020,0,2020-05-08,INR,12650000000
RBI:AVG_TURNOVER_RN(1.0),N_A,NOTICE_MONEY,W,2021,2020,0,2020-05-08,INR,9815080000
RBI:AVG_TURNOVER_RN(1.0),N_A,TERM_MONEY,W,2021,2020,0,2020-05-08,INR,13734920000
RBI:AVG_TURNOVER_RN(1.0),N_A,TR_BILL_182_DAY,W,2021,2020,0,2020-05-08,INR,89369100000
RBI:AVG_TURNOVER_RN(1.0),N_A,TRI_REPO,W,2021,2020,0,2020-05-08,INR,3038955000000
RBI:AVG_TURNOVER_RN(1.0),N_A,CORPO_REPO,W,2021,2020,0,2020-05-08,INR,55950000000
RBI:AVG_TURNOVER_RN(1.0),N_A,CALL_MONEY,W,2021,2020,0,2020-05-08,INR,210038040000
RBI:AVG_TURNOVER_RN(1.0),N_A,MKT_REPO,W,2021,2020,0,2020-05-08,INR,2559220880000
RBI:AVG_TURNOVER_RN(1.0),N_A,STATE_GOVT_SEC,W,2021,2020,0,2020-05-08,INR,72085785000
RBI:AVG_TURNOVER_RN(1.0),N_A,GOVT_SEC,W,2021,2020,0,2020-05-08,INR,882026985000
RBI:AVG_TURNOVER_RN(1.0),N_A,TR_BILL_364_DAY,W,2021,2020,0,2020-05-08,INR,82751995000
RBI:AVG_TURNOVER_RN(1.0),N_A,TR_BILL_364_DAY,W,2021,2020,0,2020-05-01,INR,94400165000
RBI:AVG_TURNOVER_RN(1.0),N_A,GOVT_SEC_RBI,W,2021,2020,0,2020-05-01,INR,124850000000
RBI:AVG_TURNOVER_RN(1.0),N_A,TR_BILL_182_DAY,W,2021,2020,0,2020-05-01,INR,94333840000
RBI:AVG_TURNOVER_RN(1.0),N_A,STATE_GOVT_SEC,W,2021,2020,0,2020-05-01,INR,47668500000.00001
RBI:AVG_TURNOVER_RN(1.0),N_A,MKT_REPO,W,2021,2020,0,2020-05-01,INR,3079458900000
RBI:AVG_TURNOVER_RN(1.0),N_A,CORPO_REPO,W,2021,2020,0,2020-05-01,INR,27250000000
RBI:AVG_TURNOVER_RN(1.0),N_A,CALL_MONEY,W,2021,2020,0,2020-05-01,INR,172701450000
RBI:AVG_TURNOVER_RN(1.0),N_A,NOTICE_MONEY,W,2021,2020,0,2020-05-01,INR,76283550000
RBI:AVG_TURNOVER_RN(1.0),N_A,TERM_MONEY,W,2021,2020,0,2020-05-01,INR,15694200000
RBI:AVG_TURNOVER_RN(1.0),N_A,TR_BILL_CASH_MNG_BILLS,W,2021,2020,0,2020-05-01,INR,12250000000
RBI:AVG_TURNOVER_RN(1.0),N_A,TR_BILL_91_DAY,W,2021,2020,0,2020-05-01,INR,48954210000
RBI:AVG_TURNOVER_RN(1.0),N_A,FOREX,W,2021,2020,0,2020-05-01,INR,49987250000
RBI:AVG_TURNOVER_RN(1.0),N_A,TRI_REPO,W,2021,2020,0,2020-05-01,INR,3843194000000
RBI:AVG_TURNOVER_RN(1.0),N_A,GOVT_SEC,W,2021,2020,0,2020-05-01,INR,751894060000
RBI:AVG_TURNOVER_RN(1.0),N_A,TR_BILL_364_DAY,W,2021,2020,0,2020-04-24,INR,87533852000
RBI:AVG_TURNOVER_RN(1.0),N_A,CALL_MONEY,W,2021,2020,0,2020-04-24,INR,191707033333.33334
RBI:AVG_TURNOVER_RN(1.0),N_A,STATE_GOVT_SEC,W,2021,2020,0,2020-04-24,INR,39265720000
RBI:AVG_TURNOVER_RN(1.0),N_A,TR_BILL_182_DAY,W,2021,2020,0,2020-04-24,INR,95466672000
RBI:AVG_TURNOVER_RN(1.0),N_A,NOTICE_MONEY,W,2021,2020,0,2020-04-24,INR,6223866666.666667
RBI:AVG_TURNOVER_RN(1.0),N_A,CORPO_REPO,W,2021,2020,0,2020-04-24,INR,15680000000
RBI:AVG_TURNOVER_RN(1.0),N_A,TR_BILL_91_DAY,W,2021,2020,0,2020-04-24,INR,27829528000
RBI:AVG_TURNOVER_RN(1.0),N_A,FOREX,W,2021,2020,0,2020-04-24,INR,39840400000
RBI:AVG_TURNOVER_RN(1.0),N_A,MKT_REPO,W,2021,2020,0,2020-04-24,INR,2390871600000
RBI:AVG_TURNOVER_RN(1.0),N_A,TERM_MONEY,W,2021,2020,0,2020-04-24,INR,10833033333.333332
RBI:AVG_TURNOVER_RN(1.0),N_A,GOVT_SEC_RBI,W,2021,2020,0,2020-04-24,INR,60020000000
RBI:AVG_TURNOVER_RN(1.0),N_A,GOVT_SEC,W,2021,2020,0,2020-04-24,INR,999248212000.0001
RBI:AVG_TURNOVER_RN(1.0),N_A,TRI_REPO,W,2021,2020,0,2020-04-24,INR,3658656666666.667
RBI:AVG_TURNOVER_RN(1.0),N_A,TR_BILL_CASH_MNG_BILLS,W,2021,2020,0,2020-04-24,INR,31700000000
RBI:AVG_TURNOVER_RN(1.0),N_A,NOTICE_MONEY,W,2021,2020,0,2020-04-17,INR,61622700000.00001
RBI:AVG_TURNOVER_RN(1.0),N_A,TR_BILL_91_DAY,W,2021,2020,0,2020-04-17,INR,29984950000
RBI:AVG_TURNOVER_RN(1.0),N_A,CALL_MONEY,W,2021,2020,0,2020-04-17,INR,191921100000
RBI:AVG_TURNOVER_RN(1.0),N_A,STATE_GOVT_SEC,W,2021,2020,0,2020-04-17,INR,31225000000
RBI:AVG_TURNOVER_RN(1.0),N_A,FOREX,W,2021,2020,0,2020-04-17,INR,40304750000
RBI:AVG_TURNOVER_RN(1.0),N_A,TERM_MONEY,W,2021,2020,0,2020-04-17,INR,15159600000
RBI:AVG_TURNOVER_RN(1.0),N_A,GOVT_SEC,W,2021,2020,0,2020-04-17,INR,342273620000
RBI:AVG_TURNOVER_RN(1.0),N_A,CORPO_REPO,W,2021,2020,0,2020-04-17,INR,26300000000
RBI:AVG_TURNOVER_RN(1.0),N_A,TRI_REPO,W,2021,2020,0,2020-04-17,INR,3844969500000
RBI:AVG_TURNOVER_RN(1.0),N_A,TR_BILL_182_DAY,W,2021,2020,0,2020-04-17,INR,59000375000
RBI:AVG_TURNOVER_RN(1.0),N_A,MKT_REPO,W,2021,2020,0,2020-04-17,INR,2910218300000
RBI:AVG_TURNOVER_RN(1.0),N_A,TR_BILL_364_DAY,W,2021,2020,0,2020-04-17,INR,68485959999.99999
RBI:AVG_TURNOVER_RN(1.0),N_A,GOVT_SEC_RBI,W,2021,2020,0,2020-04-17,INR,41340000000
RBI:AVG_TURNOVER_RN(1.0),N_A,TR_BILL_CASH_MNG_BILLS,W,2021,2020,0,2020-04-17,INR,31925000000
RBI:AVG_TURNOVER_RN(1.0),N_A,TR_BILL_CASH_MNG_BILLS,W,2021,2020,0,2020-04-10,INR,148933333333.33334
RBI:AVG_TURNOVER_RN(1.0),N_A,CALL_MONEY,W,2021,2020,0,2020-04-10,INR,176798450000
RBI:AVG_TURNOVER_RN(1.0),N_A,FOREX,W,2021,2020,0,2020-04-10,INR,38068000000
RBI:AVG_TURNOVER_RN(1.0),N_A,GOVT_SEC,W,2021,2020,0,2020-04-10,INR,309207146666.6667
RBI:AVG_TURNOVER_RN(1.0),N_A,STATE_GOVT_SEC,W,2021,2020,0,2020-04-10,INR,29906119999.999996
RBI:AVG_TURNOVER_RN(1.0),N_A,CORPO_REPO,W,2021,2020,0,2020-04-10,INR,46000000000
RBI:AVG_TURNOVER_RN(1.0),N_A,GOVT_SEC_RBI,W,2021,2020,0,2020-04-10,INR,48970000000
RBI:AVG_TURNOVER_RN(1.0),N_A,MKT_REPO,W,2021,2020,0,2020-04-10,INR,2307675800000
RBI:AVG_TURNOVER_RN(1.0),N_A,TR_BILL_182_DAY,W,2021,2020,0,2020-04-10,INR,27461673333.333332
RBI:AVG_TURNOVER_RN(1.0),N_A,NOTICE_MONEY,W,2021,2020,0,2020-04-10,INR,10693650000
RBI:AVG_TURNOVER_RN(1.0),N_A,TERM_MONEY,W,2021,2020,0,2020-04-10,INR,13473699999.999998
RBI:AVG_TURNOVER_RN(1.0),N_A,TR_BILL_364_DAY,W,2021,2020,0,2020-04-10,INR,45302713333.33333
RBI:AVG_TURNOVER_RN(1.0),N_A,TR_BILL_91_DAY,W,2021,2020,0,2020-04-10,INR,31654200000
RBI:AVG_TURNOVER_RN(1.0),N_A,TRI_REPO,W,2021,2020,0,2020-04-10,INR,2736769000000
RBI:AVG_TURNOVER_RN(1.0),N_A,GOVT_SEC_RBI,W,2021,2020,0,2020-04-03,INR,1330000000
RBI:AVG_TURNOVER_RN(1.0),N_A,TERM_MONEY,W,2021,2020,0,2020-04-03,INR,18351333333.333332
RBI:AVG_TURNOVER_RN(1.0),N_A,TR_BILL_364_DAY,W,2021,2020,0,2020-04-03,INR,49858400000
RBI:AVG_TURNOVER_RN(1.0),N_A,CORPO_REPO,W,2021,2020,0,2020-04-03,INR,43333333333.33333
RBI:AVG_TURNOVER_RN(1.0),N_A,NOTICE_MONEY,W,2021,2020,0,2020-04-03,INR,79955533333.33333
RBI:AVG_TURNOVER_RN(1.0),N_A,STATE_GOVT_SEC,W,2021,2020,0,2020-04-03,INR,26802553333.333332
RBI:AVG_TURNOVER_RN(1.0),N_A,GOVT_SEC,W,2021,2020,0,2020-04-03,INR,600960966666.6667
RBI:AVG_TURNOVER_RN(1.0),N_A,FOREX,W,2021,2020,0,2020-04-03,INR,60818000000
RBI:AVG_TURNOVER_RN(1.0),N_A,CALL_MONEY,W,2021,2020,0,2020-04-03,INR,116722133333.33333
RBI:AVG_TURNOVER_RN(1.0),N_A,TR_BILL_182_DAY,W,2021,2020,0,2020-04-03,INR,32052459999.999996
RBI:AVG_TURNOVER_RN(1.0),N_A,MKT_REPO,W,2021,2020,0,2020-04-03,INR,2754238400000.0005
RBI:AVG_TURNOVER_RN(1.0),N_A,TRI_REPO,W,2021,2020,0,2020-04-03,INR,3553783666666.667
RBI:AVG_TURNOVER_RN(1.0),N_A,TR_BILL_CASH_MNG_BILLS,W,2021,2020,0,2020-04-03,INR,171000000000
RBI:AVG_TURNOVER_RN(1.0),N_A,TR_BILL_91_DAY,W,2021,2020,0,2020-04-03,INR,44406666666.66667
RBI:AVG_TURNOVER_RN(1.0),N_A,CORPO_REPO,W,2020,2019,0,2020-03-27,INR,36700000000
RBI:AVG_TURNOVER_RN(1.0),N_A,GOVT_SEC,W,2020,2019,0,2020-03-27,INR,419287390000.00006
RBI:AVG_TURNOVER_RN(1.0),N_A,MKT_REPO,W,2020,2019,0,2020-03-27,INR,2030832720000
RBI:AVG_TURNOVER_RN(1.0),N_A,STATE_GOVT_SEC,W,2020,2019,0,2020-03-27,INR,26986670000
RBI:AVG_TURNOVER_RN(1.0),N_A,TERM_MONEY,W,2020,2019,0,2020-03-27,INR,12385480000
RBI:AVG_TURNOVER_RN(1.0),N_A,CALL_MONEY,W,2020,2019,0,2020-03-27,INR,239204559999.99997
RBI:AVG_TURNOVER_RN(1.0),N_A,TR_BILL_91_DAY,W,2020,2019,0,2020-03-27,INR,18475350000
RBI:AVG_TURNOVER_RN(1.0),N_A,NOTICE_MONEY,W,2020,2019,0,2020-03-27,INR,19037360000
RBI:AVG_TURNOVER_RN(1.0),N_A,GOVT_SEC_RBI,W,2020,2019,0,2020-03-27,INR,78730000000
RBI:AVG_TURNOVER_RN(1.0),N_A,TR_BILL_182_DAY,W,2020,2019,0,2020-03-27,INR,19884250000
RBI:AVG_TURNOVER_RN(1.0),N_A,TR_BILL_364_DAY,W,2020,2019,0,2020-03-27,INR,15425000000
RBI:AVG_TURNOVER_RN(1.0),N_A,FOREX,W,2020,2019,0,2020-03-27,INR,64600250000
RBI:AVG_TURNOVER_RN(1.0),N_A,TRI_REPO,W,2020,2019,0,2020-03-27,INR,3562088800000
RBI:AVG_TURNOVER_RN(1.0),N_A,CALL_MONEY,W,2020,2019,0,2020-03-20,INR,305362520000
RBI:AVG_TURNOVER_RN(1.0),N_A,GOVT_SEC,W,2020,2019,0,2020-03-20,INR,1193912480000
RBI:AVG_TURNOVER_RN(1.0),N_A,STATE_GOVT_SEC,W,2020,2019,0,2020-03-20,INR,47331668000
RBI:AVG_TURNOVER_RN(1.0),N_A,TERM_MONEY,W,2020,2019,0,2020-03-20,INR,11043160000
RBI:AVG_TURNOVER_RN(1.0),N_A,NOTICE_MONEY,W,2020,2019,0,2020-03-20,INR,71688240000
RBI:AVG_TURNOVER_RN(1.0),N_A,CORPO_REPO,W,2020,2019,0,2020-03-20,INR,11367120000
RBI:AVG_TURNOVER_RN(1.0),N_A,MKT_REPO,W,2020,2019,0,2020-03-20,INR,3462133280000
RBI:AVG_TURNOVER_RN(1.0),N_A,TR_BILL_91_DAY,W,2020,2019,0,2020-03-20,INR,45957868000
RBI:AVG_TURNOVER_RN(1.0),N_A,FOREX,W,2020,2019,0,2020-03-20,INR,83800400000
RBI:AVG_TURNOVER_RN(1.0),N_A,TR_BILL_364_DAY,W,2020,2019,0,2020-03-20,INR,16902552000
RBI:AVG_TURNOVER_RN(1.0),N_A,TR_BILL_182_DAY,W,2020,2019,0,2020-03-20,INR,21614508000
RBI:AVG_TURNOVER_RN(1.0),N_A,TR_BILL_CASH_MNG_BILLS,W,2020,2019,0,2020-03-20,INR,49180000000
RBI:AVG_TURNOVER_RN(1.0),N_A,TRI_REPO,W,2020,2019,0,2020-03-20,INR,4118588200000
RBI:AVG_TURNOVER_RN(1.0),N_A,GOVT_SEC_RBI,W,2020,2019,0,2020-03-20,INR,2389999999.9999995
RBI:AVG_TURNOVER_RN(1.0),N_A,MKT_REPO,W,2020,2019,0,2020-03-13,INR,2559728880000
RBI:AVG_TURNOVER_RN(1.0),N_A,FOREX,W,2020,2019,0,2020-03-13,INR,87650500000
RBI:AVG_TURNOVER_RN(1.0),N_A,TRI_REPO,W,2020,2019,0,2020-03-13,INR,2926166600000.0005
RBI:AVG_TURNOVER_RN(1.0),N_A,TR_BILL_91_DAY,W,2020,2019,0,2020-03-13,INR,21848845000
RBI:AVG_TURNOVER_RN(1.0),N_A,TERM_MONEY,W,2020,2019,0,2020-03-13,INR,4906000000
RBI:AVG_TURNOVER_RN(1.0),N_A,CALL_MONEY,W,2020,2019,0,2020-03-13,INR,283640680000
RBI:AVG_TURNOVER_RN(1.0),N_A,TR_BILL_364_DAY,W,2020,2019,0,2020-03-13,INR,6385780000
RBI:AVG_TURNOVER_RN(1.0),N_A,STATE_GOVT_SEC,W,2020,2019,0,2020-03-13,INR,100452990000.00002
RBI:AVG_TURNOVER_RN(1.0),N_A,TR_BILL_CASH_MNG_BILLS,W,2020,2019,0,2020-03-13,INR,77785000000
RBI:AVG_TURNOVER_RN(1.0),N_A,TR_BILL_182_DAY,W,2020,2019,0,2020-03-13,INR,10117345000
RBI:AVG_TURNOVER_RN(1.0),N_A,GOVT_SEC_RBI,W,2020,2019,0,2020-03-13,INR,170000000
RBI:AVG_TURNOVER_RN(1.0),N_A,NOTICE_MONEY,W,2020,2019,0,2020-03-13,INR,3333400000.0000005
RBI:AVG_TURNOVER_RN(1.0),N_A,GOVT_SEC,W,2020,2019,0,2020-03-13,INR,1562401970000
RBI:AVG_TURNOVER_RN(1.0),N_A,CORPO_REPO,W,2020,2019,0,2020-03-13,INR,1000000000
RBI:AVG_TURNOVER_RN(1.0),N_A,CORPO_REPO,W,2020,2019,0,2020-03-06,INR,2600000000
RBI:AVG_TURNOVER_RN(1.0),N_A,TR_BILL_CASH_MNG_BILLS,W,2020,2019,0,2020-03-06,INR,121270000000
RBI:AVG_TURNOVER_RN(1.0),N_A,TR_BILL_364_DAY,W,2020,2019,0,2020-03-06,INR,13673948000
RBI:AVG_TURNOVER_RN(1.0),N_A,FOREX,W,2020,2019,0,2020-03-06,INR,89610800000
RBI:AVG_TURNOVER_RN(1.0),N_A,GOVT_SEC,W,2020,2019,0,2020-03-06,INR,1496530944000
RBI:AVG_TURNOVER_RN(1.0),N_A,CALL_MONEY,W,2020,2019,0,2020-03-06,INR,188744866666.6667
RBI:AVG_TURNOVER_RN(1.0),N_A,TRI_REPO,W,2020,2019,0,2020-03-06,INR,3394817833333.3335
RBI:AVG_TURNOVER_RN(1.0),N_A,TR_BILL_182_DAY,W,2020,2019,0,2020-03-06,INR,27632000000
RBI:AVG_TURNOVER_RN(1.0),N_A,TR_BILL_91_DAY,W,2020,2019,0,2020-03-06,INR,70959280000
RBI:AVG_TURNOVER_RN(1.0),N_A,MKT_REPO,W,2020,2019,0,2020-03-06,INR,2707065000000
RBI:AVG_TURNOVER_RN(1.0),N_A,STATE_GOVT_SEC,W,2020,2019,0,2020-03-06,INR,85752360000.00002
RBI:AVG_TURNOVER_RN(1.0),N_A,TERM_MONEY,W,2020,2019,0,2020-03-06,INR,7100133333.333333
RBI:AVG_TURNOVER_RN(1.0),N_A,NOTICE_MONEY,W,2020,2019,0,2020-03-06,INR,54645033333.33333
RBI:AVG_TURNOVER_RN(1.0),N_A,GOVT_SEC_RBI,W,2020,2019,0,2020-03-06,INR,190000000
RBI:AVG_TURNOVER_RN(1.0),N_A,TERM_MONEY,W,2020,2019,0,2020-02-28,INR,9725400000
RBI:AVG_TURNOVER_RN(1.0),N_A,TR_BILL_91_DAY,W,2020,2019,0,2020-02-28,INR,23152904000
RBI:AVG_TURNOVER_RN(1.0),N_A,TR_BILL_364_DAY,W,2020,2019,0,2020-02-28,INR,8399108000
RBI:AVG_TURNOVER_RN(1.0),N_A,FOREX,W,2020,2019,0,2020-02-28,INR,83532800000
RBI:AVG_TURNOVER_RN(1.0),N_A,GOVT_SEC_RBI,W,2020,2019,0,2020-02-28,INR,2110000000.0000002
RBI:AVG_TURNOVER_RN(1.0),N_A,CALL_MONEY,W,2020,2019,0,2020-02-28,INR,274467039999.99997
RBI:AVG_TURNOVER_RN(1.0),N_A,TR_BILL_CASH_MNG_BILLS,W,2020,2019,0,2020-02-28,INR,45961192000
RBI:AVG_TURNOVER_RN(1.0),N_A,MKT_REPO,W,2020,2019,0,2020-02-28,INR,2974863839999.9995
RBI:AVG_TURNOVER_RN(1.0),N_A,TR_BILL_182_DAY,W,2020,2019,0,2020-02-28,INR,8625744000
RBI:AVG_TURNOVER_RN(1.0),N_A,TRI_REPO,W,2020,2019,0,2020-02-28,INR,3600078800000
RBI:AVG_TURNOVER_RN(1.0),N_A,STATE_GOVT_SEC,W,2020,2019,0,2020-02-28,INR,60940500000
RBI:AVG_TURNOVER_RN(1.0),N_A,CORPO_REPO,W,2020,2019,0,2020-02-28,INR,800000000
RBI:AVG_TURNOVER_RN(1.0),N_A,GOVT_SEC,W,2020,2019,0,2020-02-28,INR,1173788048000
RBI:AVG_TURNOVER_RN(1.0),N_A,NOTICE_MONEY,W,2020,2019,0,2020-02-28,INR,80135720000
RBI:AVG_TURNOVER_RN(1.0),N_A,FOREX,W,2020,2019,0,2020-02-21,INR,59151000000
RBI:AVG_TURNOVER_RN(1.0),N_A,TR_BILL_CASH_MNG_BILLS,W,2020,2019,0,2020-02-21,INR,26866666666.666664
RBI:AVG_TURNOVER_RN(1.0),N_A,STATE_GOVT_SEC,W,2020,2019,0,2020-02-21,INR,64127026666.66667
RBI:AVG_TURNOVER_RN(1.0),N_A,GOVT_SEC,W,2020,2019,0,2020-02-21,INR,1338312873333.3335
RBI:AVG_TURNOVER_RN(1.0),N_A,MKT_REPO,W,2020,2019,0,2020-02-21,INR,2217016600000
RBI:AVG_TURNOVER_RN(1.0),N_A,NOTICE_MONEY,W,2020,2019,0,2020-02-21,INR,10506250000
RBI:AVG_TURNOVER_RN(1.0),N_A,TR_BILL_91_DAY,W,2020,2019,0,2020-02-21,INR,61755000000
RBI:AVG_TURNOVER_RN(1.0),N_A,GOVT_SEC_RBI,W,2020,2019,0,2020-02-21,INR,2666666666.6666665
RBI:AVG_TURNOVER_RN(1.0),N_A,CORPO_REPO,W,2020,2019,0,2020-02-21,INR,12096000000.000002
RBI:AVG_TURNOVER_RN(1.0),N_A,CALL_MONEY,W,2020,2019,0,2020-02-21,INR,282618900000
RBI:AVG_TURNOVER_RN(1.0),N_A,TR_BILL_182_DAY,W,2020,2019,0,2020-02-21,INR,16083293333.333334
RBI:AVG_TURNOVER_RN(1.0),N_A,TRI_REPO,W,2020,2019,0,2020-02-21,INR,2593554750000
RBI:AVG_TURNOVER_RN(1.0),N_A,TERM_MONEY,W,2020,2019,0,2020-02-21,INR,7421000000
RBI:AVG_TURNOVER_RN(1.0),N_A,TR_BILL_364_DAY,W,2020,2019,0,2020-02-21,INR,18150813333.333332
RBI:AVG_TURNOVER_RN(1.0),N_A,STATE_GOVT_SEC,W,2020,2019,0,2020-02-14,INR,55118980000.00001
RBI:AVG_TURNOVER_RN(1.0),N_A,GOVT_SEC_RBI,W,2020,2019,0,2020-02-14,INR,190000000
RBI:AVG_TURNOVER_RN(1.0),N_A,TRI_REPO,W,2020,2019,0,2020-02-14,INR,3085125200000
RBI:AVG_TURNOVER_RN(1.0),N_A,CORPO_REPO,W,2020,2019,0,2020-02-14,INR,18176800000
RBI:AVG_TURNOVER_RN(1.0),N_A,TR_BILL_CASH_MNG_BILLS,W,2020,2019,0,2020-02-14,INR,30100000000
RBI:AVG_TURNOVER_RN(1.0),N_A,MKT_REPO,W,2020,2019,0,2020-02-14,INR,2997766879999.9995
RBI:AVG_TURNOVER_RN(1.0),N_A,TR_BILL_91_DAY,W,2020,2019,0,2020-02-14,INR,30712044000
RBI:AVG_TURNOVER_RN(1.0),N_A,TERM_MONEY,W,2020,2019,0,2020-02-14,INR,7980200000
RBI:AVG_TURNOVER_RN(1.0),N_A,TR_BILL_182_DAY,W,2020,2019,0,2020-02-14,INR,15642712000
RBI:AVG_TURNOVER_RN(1.0),N_A,GOVT_SEC,W,2020,2019,0,2020-02-14,INR,1094259316000
RBI:AVG_TURNOVER_RN(1.0),N_A,TR_BILL_364_DAY,W,2020,2019,0,2020-02-14,INR,11817232000
RBI:AVG_TURNOVER_RN(1.0),N_A,CALL_MONEY,W,2020,2019,0,2020-02-14,INR,198692160000
RBI:AVG_TURNOVER_RN(1.0),N_A,NOTICE_MONEY,W,2020,2019,0,2020-02-14,INR,109437520000
RBI:AVG_TURNOVER_RN(1.0),N_A,FOREX,W,2020,2019,0,2020-02-14,INR,53573800000
RBI:AVG_TURNOVER_RN(1.0),N_A,NOTICE_MONEY,W,2020,2019,0,2020-02-07,INR,8702166666.666666
RBI:AVG_TURNOVER_RN(1.0),N_A,STATE_GOVT_SEC,W,2020,2019,0,2020-02-07,INR,69113763999.99998
RBI:AVG_TURNOVER_RN(1.0),N_A,GOVT_SEC_RBI,W,2020,2019,0,2020-02-07,INR,1280000000
RBI:AVG_TURNOVER_RN(1.0),N_A,CORPO_REPO,W,2020,2019,0,2020-02-07,INR,48855599999.99999
RBI:AVG_TURNOVER_RN(1.0),N_A,FOREX,W,2020,2019,0,2020-02-07,INR,69522800000
RBI:AVG_TURNOVER_RN(1.0),N_A,TRI_REPO,W,2020,2019,0,2020-02-07,INR,2834324500000
RBI:AVG_TURNOVER_RN(1.0),N_A,TR_BILL_182_DAY,W,2020,2019,0,2020-02-07,INR,21283336000
RBI:AVG_TURNOVER_RN(1.0),N_A,CALL_MONEY,W,2020,2019,0,2020-02-07,INR,222116699999.99997
RBI:AVG_TURNOVER_RN(1.0),N_A,TR_BILL_CASH_MNG_BILLS,W,2020,2019,0,2020-02-07,INR,172601332000
RBI:AVG_TURNOVER_RN(1.0),N_A,GOVT_SEC,W,2020,2019,0,2020-02-07,INR,1194311196000
RBI:AVG_TURNOVER_RN(1.0),N_A,TERM_MONEY,W,2020,2019,0,2020-02-07,INR,8948000000
RBI:AVG_TURNOVER_RN(1.0),N_A,MKT_REPO,W,2020,2019,0,2020-02-07,INR,2276505933333.3335
RBI:AVG_TURNOVER_RN(1.0),N_A,TR_BILL_91_DAY,W,2020,2019,0,2020-02-07,INR,20772172000
RBI:AVG_TURNOVER_RN(1.0),N_A,TR_BILL_364_DAY,W,2020,2019,0,2020-02-07,INR,13234920000
RBI:AVG_TURNOVER_RN(1.0),N_A,TR_BILL_182_DAY,W,2020,2019,0,2020-01-31,INR,17050164000
RBI:AVG_TURNOVER_RN(1.0),N_A,STATE_GOVT_SEC,W,2020,2019,0,2020-01-31,INR,45349872000
RBI:AVG_TURNOVER_RN(1.0),N_A,FOREX,W,2020,2019,0,2020-01-31,INR,72057200000
RBI:AVG_TURNOVER_RN(1.0),N_A,TR_BILL_364_DAY,W,2020,2019,0,2020-01-31,INR,5972124000
RBI:AVG_TURNOVER_RN(1.0),N_A,GOVT_SEC,W,2020,2019,0,2020-01-31,INR,606941252000
RBI:AVG_TURNOVER_RN(1.0),N_A,GOVT_SEC_RBI,W,2020,2019,0,2020-01-31,INR,370000000
RBI:AVG_TURNOVER_RN(1.0),N_A,TR_BILL_91_DAY,W,2020,2019,0,2020-01-31,INR,20490640000
RBI:AVG_TURNOVER_RN(1.0),N_A,CALL_MONEY,W,2020,2019,0,2020-01-31,INR,146910160000
RBI:AVG_TURNOVER_RN(1.0),N_A,TRI_REPO,W,2020,2019,0,2020-01-31,INR,3621365400000
RBI:AVG_TURNOVER_RN(1.0),N_A,TR_BILL_CASH_MNG_BILLS,W,2020,2019,0,2020-01-31,INR,21792200000.000004
RBI:AVG_TURNOVER_RN(1.0),N_A,NOTICE_MONEY,W,2020,2019,0,2020-01-31,INR,88213520000.00002
RBI:AVG_TURNOVER_RN(1.0),N_A,TERM_MONEY,W,2020,2019,0,2020-01-31,INR,9639200000
RBI:AVG_TURNOVER_RN(1.0),N_A,CORPO_REPO,W,2020,2019,0,2020-01-31,INR,32354319999.999996
RBI:AVG_TURNOVER_RN(1.0),N_A,MKT_REPO,W,2020,2019,0,2020-01-31,INR,2499315280000
RBI:AVG_TURNOVER_RN(1.0),N_A,TR_BILL_CASH_MNG_BILLS,W,2020,2019,0,2020-01-24,INR,32062000000
RBI:AVG_TURNOVER_RN(1.0),N_A,FOREX,W,2020,2019,0,2020-01-24,INR,56489400000
RBI:AVG_TURNOVER_RN(1.0),N_A,TERM_MONEY,W,2020,2019,0,2020-01-24,INR,5108833333.333334
RBI:AVG_TURNOVER_RN(1.0),N_A,CALL_MONEY,W,2020,2019,0,2020-01-24,INR,162704700000
RBI:AVG_TURNOVER_RN(1.0),N_A,GOVT_SEC_RBI,W,2020,2019,0,2020-01-24,INR,25940000000
RBI:AVG_TURNOVER_RN(1.0),N_A,TR_BILL_364_DAY,W,2020,2019,0,2020-01-24,INR,10176788000
RBI:AVG_TURNOVER_RN(1.0),N_A,NOTICE_MONEY,W,2020,2019,0,2020-01-24,INR,8051066666.666667
RBI:AVG_TURNOVER_RN(1.0),N_A,GOVT_SEC,W,2020,2019,0,2020-01-24,INR,618385192000
RBI:AVG_TURNOVER_RN(1.0),N_A,TRI_REPO,W,2020,2019,0,2020-01-24,INR,3257374666666.6665
RBI:AVG_TURNOVER_RN(1.0),N_A,STATE_GOVT_SEC,W,2020,2019,0,2020-01-24,INR,46442472000
RBI:AVG_TURNOVER_RN(1.0),N_A,TR_BILL_91_DAY,W,2020,2019,0,2020-01-24,INR,20590924000
RBI:AVG_TURNOVER_RN(1.0),N_A,TR_BILL_182_DAY,W,2020,2019,0,2020-01-24,INR,12667628000
RBI:AVG_TURNOVER_RN(1.0),N_A,MKT_REPO,W,2020,2019,0,2020-01-24,INR,2018479000000
RBI:AVG_TURNOVER_RN(1.0),N_A,CORPO_REPO,W,2020,2019,0,2020-01-24,INR,15541440000
RBI:AVG_TURNOVER_RN(1.0),N_A,GOVT_SEC_RBI,W,2020,2019,0,2020-01-17,INR,5070000000
RBI:AVG_TURNOVER_RN(1.0),N_A,TR_BILL_91_DAY,W,2020,2019,0,2020-01-17,INR,38599340000
RBI:AVG_TURNOVER_RN(1.0),N_A,TR_BILL_CASH_MNG_BILLS,W,2020,2019,0,2020-01-17,INR,77842072000
RBI:AVG_TURNOVER_RN(1.0),N_A,STATE_GOVT_SEC,W,2020,2019,0,2020-01-17,INR,26736027999.999996
RBI:AVG_TURNOVER_RN(1.0),N_A,CALL_MONEY,W,2020,2019,0,2020-01-17,INR,125345160000
RBI:AVG_TURNOVER_RN(1.0),N_A,GOVT_SEC,W,2020,2019,0,2020-01-17,INR,640688680000
RBI:AVG_TURNOVER_RN(1.0),N_A,TERM_MONEY,W,2020,2019,0,2020-01-17,INR,7495520000
RBI:AVG_TURNOVER_RN(1.0),N_A,TR_BILL_364_DAY,W,2020,2019,0,2020-01-17,INR,5561160000
RBI:AVG_TURNOVER_RN(1.0),N_A,CORPO_REPO,W,2020,2019,0,2020-01-17,INR,9177360000.000002
RBI:AVG_TURNOVER_RN(1.0),N_A,TR_BILL_182_DAY,W,2020,2019,0,2020-01-17,INR,8044600000
RBI:AVG_TURNOVER_RN(1.0),N_A,TRI_REPO,W,2020,2019,0,2020-01-17,INR,3720940200000
RBI:AVG_TURNOVER_RN(1.0),N_A,FOREX,W,2020,2019,0,2020-01-17,INR,60801800000
RBI:AVG_TURNOVER_RN(1.0),N_A,MKT_REPO,W,2020,2019,0,2020-01-17,INR,2664693520000
RBI:AVG_TURNOVER_RN(1.0),N_A,NOTICE_MONEY,W,2020,2019,0,2020-01-17,INR,78725080000
RBI:AVG_TURNOVER_RN(1.0),N_A,CORPO_REPO,W,2020,2019,0,2020-01-10,INR,11773600000.000002
RBI:AVG_TURNOVER_RN(1.0),N_A,TRI_REPO,W,2020,2019,0,2020-01-10,INR,3392368166666.6665
RBI:AVG_TURNOVER_RN(1.0),N_A,TERM_MONEY,W,2020,2019,0,2020-01-10,INR,5110166666.666667
RBI:AVG_TURNOVER_RN(1.0),N_A,TR_BILL_91_DAY,W,2020,2019,0,2020-01-10,INR,12042000000
RBI:AVG_TURNOVER_RN(1.0),N_A,GOVT_SEC_RBI,W,2020,2019,0,2020-01-10,INR,49890000000
RBI:AVG_TURNOVER_RN(1.0),N_A,TR_BILL_182_DAY,W,2020,2019,0,2020-01-10,INR,7407484000.000001
RBI:AVG_TURNOVER_RN(1.0),N_A,TR_BILL_364_DAY,W,2020,2019,0,2020-01-10,INR,12643456000.000002
RBI:AVG_TURNOVER_RN(1.0),N_A,FOREX,W,2020,2019,0,2020-01-10,INR,59429800000
RBI:AVG_TURNOVER_RN(1.0),N_A,TR_BILL_CASH_MNG_BILLS,W,2020,2019,0,2020-01-10,INR,80740000000
RBI:AVG_TURNOVER_RN(1.0),N_A,STATE_GOVT_SEC,W,2020,2019,0,2020-01-10,INR,79289607999.99998
RBI:AVG_TURNOVER_RN(1.0),N_A,MKT_REPO,W,2020,2019,0,2020-01-10,INR,2165334600000
RBI:AVG_TURNOVER_RN(1.0),N_A,GOVT_SEC,W,2020,2019,0,2020-01-10,INR,807929415999.9999
RBI:AVG_TURNOVER_RN(1.0),N_A,CALL_MONEY,W,2020,2019,0,2020-01-10,INR,170147300000
RBI:AVG_TURNOVER_RN(1.0),N_A,NOTICE_MONEY,W,2020,2019,0,2020-01-10,INR,6769600000
RBI:AVG_TURNOVER_RN(1.0),N_A,TERM_MONEY,W,2020,2019,0,2020-01-03,INR,6941720000
RBI:AVG_TURNOVER_RN(1.0),N_A,TRI_REPO,W,2020,2019,0,2020-01-03,INR,4118210000000
RBI:AVG_TURNOVER_RN(1.0),N_A,TR_BILL_91_DAY,W,2020,2019,0,2020-01-03,INR,62266252000.00001
RBI:AVG_TURNOVER_RN(1.0),N_A,FOREX,W,2020,2019,0,2020-01-03,INR,55052000000
RBI:AVG_TURNOVER_RN(1.0),N_A,TR_BILL_CASH_MNG_BILLS,W,2020,2019,0,2020-01-03,INR,128116000000
RBI:AVG_TURNOVER_RN(1.0),N_A,GOVT_SEC,W,2020,2019,0,2020-01-03,INR,644343708000
RBI:AVG_TURNOVER_RN(1.0),N_A,STATE_GOVT_SEC,W,2020,2019,0,2020-01-03,INR,52029540000
RBI:AVG_TURNOVER_RN(1.0),N_A,TR_BILL_364_DAY,W,2020,2019,0,2020-01-03,INR,39534708000
RBI:AVG_TURNOVER_RN(1.0),N_A,GOVT_SEC_RBI,W,2020,2019,0,2020-01-03,INR,47390000000
RBI:AVG_TURNOVER_RN(1.0),N_A,MKT_REPO,W,2020,2019,0,2020-01-03,INR,2997932319999.9995
RBI:AVG_TURNOVER_RN(1.0),N_A,TR_BILL_182_DAY,W,2020,2019,0,2020-01-03,INR,22003408000
RBI:AVG_TURNOVER_RN(1.0),N_A,NOTICE_MONEY,W,2020,2019,0,2020-01-03,INR,38336800000
RBI:AVG_TURNOVER_RN(1.0),N_A,CALL_MONEY,W,2020,2019,0,2020-01-03,INR,227863320000.00003
RBI:AVG_TURNOVER_RN(1.0),N_A,CORPO_REPO,W,2020,2019,0,2020-01-03,INR,18216000000
RBI:AVG_TURNOVER_RN(1.0),N_A,MKT_REPO,W,2020,2019,0,2019-12-27,INR,2300919440000
RBI:AVG_TURNOVER_RN(1.0),N_A,STATE_GOVT_SEC,W,2020,2019,0,2019-12-27,INR,58907740000
RBI:AVG_TURNOVER_RN(1.0),N_A,FOREX,W,2020,2019,0,2019-12-27,INR,66546000000
RBI:AVG_TURNOVER_RN(1.0),N_A,TR_BILL_364_DAY,W,2020,2019,0,2019-12-27,INR,10188815000
RBI:AVG_TURNOVER_RN(1.0),N_A,TERM_MONEY,W,2020,2019,0,2019-12-27,INR,9386200000.000002
RBI:AVG_TURNOVER_RN(1.0),N_A,TR_BILL_182_DAY,W,2020,2019,0,2019-12-27,INR,15769175000
RBI:AVG_TURNOVER_RN(1.0),N_A,TR_BILL_91_DAY,W,2020,2019,0,2019-12-27,INR,60938050000
RBI:AVG_TURNOVER_RN(1.0),N_A,CALL_MONEY,W,2020,2019,0,2019-12-27,INR,275533240000
RBI:AVG_TURNOVER_RN(1.0),N_A,GOVT_SEC_RBI,W,2020,2019,0,2019-12-27,INR,46698800000
RBI:AVG_TURNOVER_RN(1.0),N_A,GOVT_SEC,W,2020,2019,0,2019-12-27,INR,706538745000
RBI:AVG_TURNOVER_RN(1.0),N_A,CORPO_REPO,W,2020,2019,0,2019-12-27,INR,15276000000
RBI:AVG_TURNOVER_RN(1.0),N_A,TRI_REPO,W,2020,2019,0,2019-12-27,INR,3397314600000
RBI:AVG_TURNOVER_RN(1.0),N_A,NOTICE_MONEY,W,2020,2019,0,2019-12-27,INR,2381600000
RBI:AVG_TURNOVER_RN(1.0),N_A,TR_BILL_182_DAY,W,2020,2019,0,2019-12-20,INR,19421940000
RBI:AVG_TURNOVER_RN(1.0),N_A,GOVT_SEC_RBI,W,2020,2019,0,2019-12-20,INR,33926000000.000004
RBI:AVG_TURNOVER_RN(1.0),N_A,CORPO_REPO,W,2020,2019,0,2019-12-20,INR,984000000
RBI:AVG_TURNOVER_RN(1.0),N_A,TR_BILL_CASH_MNG_BILLS,W,2020,2019,0,2019-12-20,INR,1220000000
RBI:AVG_TURNOVER_RN(1.0),N_A,TERM_MONEY,W,2020,2019,0,2019-12-20,INR,5103320000
RBI:AVG_TURNOVER_RN(1.0),N_A,TR_BILL_364_DAY,W,2020,2019,0,2019-12-20,INR,19701708000
RBI:AVG_TURNOVER_RN(1.0),N_A,FOREX,W,2020,2019,0,2019-12-20,INR,62050000000
RBI:AVG_TURNOVER_RN(1.0),N_A,TRI_REPO,W,2020,2019,0,2019-12-20,INR,4131047799999.9995
RBI:AVG_TURNOVER_RN(1.0),N_A,CALL_MONEY,W,2020,2019,0,2019-12-20,INR,227879320000
RBI:AVG_TURNOVER_RN(1.0),N_A,GOVT_SEC,W,2020,2019,0,2019-12-20,INR,599863324000
RBI:AVG_TURNOVER_RN(1.0),N_A,MKT_REPO,W,2020,2019,0,2019-12-20,INR,2708543760000
RBI:AVG_TURNOVER_RN(1.0),N_A,STATE_GOVT_SEC,W,2020,2019,0,2019-12-20,INR,25115552000
RBI:AVG_TURNOVER_RN(1.0),N_A,TR_BILL_91_DAY,W,2020,2019,0,2019-12-20,INR,47660160000.00001
RBI:AVG_TURNOVER_RN(1.0),N_A,NOTICE_MONEY,W,2020,2019,0,2019-12-20,INR,71943320000
RBI:AVG_TURNOVER_RN(1.0),N_A,TR_BILL_CASH_MNG_BILLS,W,2020,2019,0,2019-12-13,INR,5300000000
RBI:AVG_TURNOVER_RN(1.0),N_A,GOVT_SEC_RBI,W,2020,2019,0,2019-12-13,INR,811600000
RBI:AVG_TURNOVER_RN(1.0),N_A,CORPO_REPO,W,2020,2019,0,2019-12-13,INR,41582400000
RBI:AVG_TURNOVER_RN(1.0),N_A,TR_BILL_91_DAY,W,2020,2019,0,2019-12-13,INR,37461536000
RBI:AVG_TURNOVER_RN(1.0),N_A,FOREX,W,2020,2019,0,2019-12-13,INR,64952600000
RBI:AVG_TURNOVER_RN(1.0),N_A,TR_BILL_364_DAY,W,2020,2019,0,2019-12-13,INR,16009951999.999998
RBI:AVG_TURNOVER_RN(1.0),N_A,TRI_REPO,W,2020,2019,0,2019-12-13,INR,3523280000000
RBI:AVG_TURNOVER_RN(1.0),N_A,GOVT_SEC,W,2020,2019,0,2019-12-13,INR,616683052000
RBI:AVG_TURNOVER_RN(1.0),N_A,MKT_REPO,W,2020,2019,0,2019-12-13,INR,2340239000000
RBI:AVG_TURNOVER_RN(1.0),N_A,NOTICE_MONEY,W,2020,2019,0,2019-12-13,INR,2021799999.9999998
RBI:AVG_TURNOVER_RN(1.0),N_A,STATE_GOVT_SEC,W,2020,2019,0,2019-12-13,INR,52741272000
RBI:AVG_TURNOVER_RN(1.0),N_A,TR_BILL_182_DAY,W,2020,2019,0,2019-12-13,INR,14570388000
RBI:AVG_TURNOVER_RN(1.0),N_A,TERM_MONEY,W,2020,2019,0,2019-12-13,INR,4791100000
RBI:AVG_TURNOVER_RN(1.0),N_A,CALL_MONEY,W,2020,2019,0,2019-12-13,INR,206058366666.66666
RBI:AVG_TURNOVER_RN(1.0),N_A,TR_BILL_182_DAY,W,2020,2019,0,2019-12-06,INR,21555488000
RBI:AVG_TURNOVER_RN(1.0),N_A,TR_BILL_364_DAY,W,2020,2019,0,2019-12-06,INR,33807212000
RBI:AVG_TURNOVER_RN(1.0),N_A,GOVT_SEC_RBI,W,2020,2019,0,2019-12-06,INR,2851300000
RBI:AVG_TURNOVER_RN(1.0),N_A,CALL_MONEY,W,2020,2019,0,2019-12-06,INR,171793466666.6667
RBI:AVG_TURNOVER_RN(1.0),N_A,TERM_MONEY,W,2020,2019,0,2019-12-06,INR,6416600000
RBI:AVG_TURNOVER_RN(1.0),N_A,NOTICE_MONEY,W,2020,2019,0,2019-12-06,INR,53380933333.333336
RBI:AVG_TURNOVER_RN(1.0),N_A,TRI_REPO,W,2020,2019,0,2019-12-06,INR,3251202333333.3335
RBI:AVG_TURNOVER_RN(1.0),N_A,TR_BILL_CASH_MNG_BILLS,W,2020,2019,0,2019-12-06,INR,9960000000
RBI:AVG_TURNOVER_RN(1.0),N_A,GOVT_SEC,W,2020,2019,0,2019-12-06,INR,825357991999.9999
RBI:AVG_TURNOVER_RN(1.0),N_A,MKT_REPO,W,2020,2019,0,2019-12-06,INR,2295201800000
RBI:AVG_TURNOVER_RN(1.0),N_A,STATE_GOVT_SEC,W,2020,2019,0,2019-12-06,INR,67746128000
RBI:AVG_TURNOVER_RN(1.0),N_A,FOREX,W,2020,2019,0,2019-12-06,INR,53349400000
RBI:AVG_TURNOVER_RN(1.0),N_A,TR_BILL_91_DAY,W,2020,2019,0,2019-12-06,INR,66528423999.99999
RBI:AVG_TURNOVER_RN(1.0),N_A,CORPO_REPO,W,2020,2019,0,2019-12-06,INR,15536000000
RBI:AVG_TURNOVER_RN(1.0),N_A,FOREX,W,2020,2019,0,2019-11-29,INR,70279000000
RBI:AVG_TURNOVER_RN(1.0),N_A,STATE_GOVT_SEC,W,2020,2019,0,2019-11-29,INR,48461136000
RBI:AVG_TURNOVER_RN(1.0),N_A,GOVT_SEC,W,2020,2019,0,2019-11-29,INR,702325192000.0001
RBI:AVG_TURNOVER_RN(1.0),N_A,CORPO_REPO,W,2020,2019,0,2019-11-29,INR,29533599999.999996
RBI:AVG_TURNOVER_RN(1.0),N_A,NOTICE_MONEY,W,2020,2019,0,2019-11-29,INR,35946840000
RBI:AVG_TURNOVER_RN(1.0),N_A,TRI_REPO,W,2020,2019,0,2019-11-29,INR,3791162000000
RBI:AVG_TURNOVER_RN(1.0),N_A,TR_BILL_91_DAY,W,2020,2019,0,2019-11-29,INR,22232888000
RBI:AVG_TURNOVER_RN(1.0),N_A,MKT_REPO,W,2020,2019,0,2019-11-29,INR,2596453200000
RBI:AVG_TURNOVER_RN(1.0),N_A,TR_BILL_CASH_MNG_BILLS,W,2020,2019,0,2019-11-29,INR,60000000
RBI:AVG_TURNOVER_RN(1.0),N_A,TERM_MONEY,W,2020,2019,0,2019-11-29,INR,7570720000
RBI:AVG_TURNOVER_RN(1.0),N_A,CALL_MONEY,W,2020,2019,0,2019-11-29,INR,183042200000
RBI:AVG_TURNOVER_RN(1.0),N_A,GOVT_SEC_RBI,W,2020,2019,0,2019-11-29,INR,2401300000
RBI:AVG_TURNOVER_RN(1.0),N_A,TR_BILL_182_DAY,W,2020,2019,0,2019-11-29,INR,15047900000
RBI:AVG_TURNOVER_RN(1.0),N_A,TR_BILL_364_DAY,W,2020,2019,0,2019-11-29,INR,19009040000
RBI:AVG_TURNOVER_RN(1.0),N_A,GOVT_SEC,W,2020,2019,0,2019-11-22,INR,953047616000
RBI:AVG_TURNOVER_RN(1.0),N_A,FOREX,W,2020,2019,0,2019-11-22,INR,59360600000
RBI:AVG_TURNOVER_RN(1.0),N_A,TR_BILL_182_DAY,W,2020,2019,0,2019-11-22,INR,16832784000
RBI:AVG_TURNOVER_RN(1.0),N_A,TR_BILL_364_DAY,W,2020,2019,0,2019-11-22,INR,16997144000
RBI:AVG_TURNOVER_RN(1.0),N_A,TRI_REPO,W,2020,2019,0,2019-11-22,INR,3087038000000
RBI:AVG_TURNOVER_RN(1.0),N_A,TR_BILL_CASH_MNG_BILLS,W,2020,2019,0,2019-11-22,INR,900000000
RBI:AVG_TURNOVER_RN(1.0),N_A,STATE_GOVT_SEC,W,2020,2019,0,2019-11-22,INR,55981540000
RBI:AVG_TURNOVER_RN(1.0),N_A,GOVT_SEC_RBI,W,2020,2019,0,2019-11-22,INR,294500000
RBI:AVG_TURNOVER_RN(1.0),N_A,TERM_MONEY,W,2020,2019,0,2019-11-22,INR,7425166666.666668
RBI:AVG_TURNOVER_RN(1.0),N_A,CORPO_REPO,W,2020,2019,0,2019-11-22,INR,20743360000.000004
RBI:AVG_TURNOVER_RN(1.0),N_A,MKT_REPO,W,2020,2019,0,2019-11-22,INR,1890374200000.0002
RBI:AVG_TURNOVER_RN(1.0),N_A,TR_BILL_91_DAY,W,2020,2019,0,2019-11-22,INR,40354947999.99999
RBI:AVG_TURNOVER_RN(1.0),N_A,NOTICE_MONEY,W,2020,2019,0,2019-11-22,INR,1961166666.6666667
RBI:AVG_TURNOVER_RN(1.0),N_A,CALL_MONEY,W,2020,2019,0,2019-11-22,INR,219143700000
RBI:AVG_TURNOVER_RN(1.0),N_A,MKT_REPO,W,2020,2019,0,2019-11-15,INR,2391550300000
RBI:AVG_TURNOVER_RN(1.0),N_A,TR_BILL_182_DAY,W,2020,2019,0,2019-11-15,INR,20719380000
RBI:AVG_TURNOVER_RN(1.0),N_A,CORPO_REPO,W,2020,2019,0,2019-11-15,INR,45123000000
RBI:AVG_TURNOVER_RN(1.0),N_A,TRI_REPO,W,2020,2019,0,2019-11-15,INR,3706833000000
RBI:AVG_TURNOVER_RN(1.0),N_A,CALL_MONEY,W,2020,2019,0,2019-11-15,INR,149332450000
RBI:AVG_TURNOVER_RN(1.0),N_A,TR_BILL_CASH_MNG_BILLS,W,2020,2019,0,2019-11-15,INR,3075000000
RBI:AVG_TURNOVER_RN(1.0),N_A,TR_BILL_364_DAY,W,2020,2019,0,2019-11-15,INR,32629255000
RBI:AVG_TURNOVER_RN(1.0),N_A,NOTICE_MONEY,W,2020,2019,0,2019-11-15,INR,47967750000
RBI:AVG_TURNOVER_RN(1.0),N_A,STATE_GOVT_SEC,W,2020,2019,0,2019-11-15,INR,44060000000
RBI:AVG_TURNOVER_RN(1.0),N_A,TERM_MONEY,W,2020,2019,0,2019-11-15,INR,6613000000
RBI:AVG_TURNOVER_RN(1.0),N_A,GOVT_SEC,W,2020,2019,0,2019-11-15,INR,566379705000.0001
RBI:AVG_TURNOVER_RN(1.0),N_A,TR_BILL_91_DAY,W,2020,2019,0,2019-11-15,INR,48491725000
RBI:AVG_TURNOVER_RN(1.0),N_A,GOVT_SEC_RBI,W,2020,2019,0,2019-11-15,INR,1986399999.9999998
RBI:AVG_TURNOVER_RN(1.0),N_A,STATE_GOVT_SEC,W,2020,2019,0,2019-11-08,INR,33416248000
RBI:AVG_TURNOVER_RN(1.0),N_A,CALL_MONEY,W,2020,2019,0,2019-11-08,INR,199814066666.66666
RBI:AVG_TURNOVER_RN(1.0),N_A,TR_BILL_91_DAY,W,2020,2019,0,2019-11-08,INR,40145836000.00001
RBI:AVG_TURNOVER_RN(1.0),N_A,TR_BILL_182_DAY,W,2020,2019,0,2019-11-08,INR,17763500000
RBI:AVG_TURNOVER_RN(1.0),N_A,CORPO_REPO,W,2020,2019,0,2019-11-08,INR,45884000000
RBI:AVG_TURNOVER_RN(1.0),N_A,GOVT_SEC,W,2020,2019,0,2019-11-08,INR,654740696000
RBI:AVG_TURNOVER_RN(1.0),N_A,TR_BILL_CASH_MNG_BILLS,W,2020,2019,0,2019-11-08,INR,82235004000.00002
RBI:AVG_TURNOVER_RN(1.0),N_A,TERM_MONEY,W,2020,2019,0,2019-11-08,INR,6037400000
RBI:AVG_TURNOVER_RN(1.0),N_A,GOVT_SEC_RBI,W,2020,2019,0,2019-11-08,INR,217200000
RBI:AVG_TURNOVER_RN(1.0),N_A,MKT_REPO,W,2020,2019,0,2019-11-08,INR,1871311733333.3335
RBI:AVG_TURNOVER_RN(1.0),N_A,TR_BILL_364_DAY,W,2020,2019,0,2019-11-08,INR,26100328000
RBI:AVG_TURNOVER_RN(1.0),N_A,NOTICE_MONEY,W,2020,2019,0,2019-11-08,INR,2095499999.9999998
RBI:AVG_TURNOVER_RN(1.0),N_A,TRI_REPO,W,2020,2019,0,2019-11-08,INR,2828488500000.0005
RBI:AVG_TURNOVER_RN(1.0),N_A,TERM_MONEY,W,2020,2019,0,2019-11-01,INR,6804500000
RBI:AVG_TURNOVER_RN(1.0),N_A,NOTICE_MONEY,W,2020,2019,0,2019-11-01,INR,59265300000
RBI:AVG_TURNOVER_RN(1.0),N_A,TR_BILL_91_DAY,W,2020,2019,0,2019-11-01,INR,10931195000
RBI:AVG_TURNOVER_RN(1.0),N_A,GOVT_SEC,W,2020,2019,0,2019-11-01,INR,468427800000
RBI:AVG_TURNOVER_RN(1.0),N_A,MKT_REPO,W,2020,2019,0,2019-11-01,INR,2295690500000
RBI:AVG_TURNOVER_RN(1.0),N_A,CORPO_REPO,W,2020,2019,0,2019-11-01,INR,12700000000
RBI:AVG_TURNOVER_RN(1.0),N_A,TR_BILL_364_DAY,W,2020,2019,0,2019-11-01,INR,18648320000
RBI:AVG_TURNOVER_RN(1.0),N_A,TRI_REPO,W,2020,2019,0,2019-11-01,INR,3550670000000
RBI:AVG_TURNOVER_RN(1.0),N_A,FOREX,W,2020,2019,0,2019-11-01,INR,70784000000
RBI:AVG_TURNOVER_RN(1.0),N_A,STATE_GOVT_SEC,W,2020,2019,0,2019-11-01,INR,25963815000
RBI:AVG_TURNOVER_RN(1.0),N_A,CALL_MONEY,W,2020,2019,0,2019-11-01,INR,188073450000
RBI:AVG_TURNOVER_RN(1.0),N_A,TR_BILL_182_DAY,W,2020,2019,0,2019-11-01,INR,17854100000
RBI:AVG_TURNOVER_RN(1.0),N_A,GOVT_SEC_RBI,W,2020,2019,0,2019-11-01,INR,25500000
RBI:AVG_TURNOVER_RN(1.0),N_A,GOVT_SEC_RBI,W,2020,2019,0,2019-10-25,INR,1280000000
RBI:AVG_TURNOVER_RN(1.0),N_A,TR_BILL_182_DAY,W,2020,2019,0,2019-10-25,INR,13905500000
RBI:AVG_TURNOVER_RN(1.0),N_A,CALL_MONEY,W,2020,2019,0,2019-10-25,INR,196758360000
RBI:AVG_TURNOVER_RN(1.0),N_A,GOVT_SEC,W,2020,2019,0,2019-10-25,INR,410742970000
RBI:AVG_TURNOVER_RN(1.0),N_A,TR_BILL_91_DAY,W,2020,2019,0,2019-10-25,INR,44623475000
RBI:AVG_TURNOVER_RN(1.0),N_A,TERM_MONEY,W,2020,2019,0,2019-10-25,INR,7705800000
RBI:AVG_TURNOVER_RN(1.0),N_A,MKT_REPO,W,2020,2019,0,2019-10-25,INR,1942017120000
RBI:AVG_TURNOVER_RN(1.0),N_A,NOTICE_MONEY,W,2020,2019,0,2019-10-25,INR,9953799999.999998
RBI:AVG_TURNOVER_RN(1.0),N_A,TR_BILL_364_DAY,W,2020,2019,0,2019-10-25,INR,35803905000
RBI:AVG_TURNOVER_RN(1.0),N_A,FOREX,W,2020,2019,0,2019-10-25,INR,61784750000
RBI:AVG_TURNOVER_RN(1.0),N_A,TRI_REPO,W,2020,2019,0,2019-10-25,INR,2710013600000
RBI:AVG_TURNOVER_RN(1.0),N_A,STATE_GOVT_SEC,W,2020,2019,0,2019-10-25,INR,36988380000.00001
RBI:AVG_TURNOVER_RN(1.0),N_A,CORPO_REPO,W,2020,2019,0,2019-10-25,INR,398000000
RBI:AVG_TURNOVER_RN(1.0),N_A,TERM_MONEY,W,2020,2019,0,2019-10-18,INR,8545600000.000001
RBI:AVG_TURNOVER_RN(1.0),N_A,GOVT_SEC_RBI,W,2020,2019,0,2019-10-18,INR,20000000
RBI:AVG_TURNOVER_RN(1.0),N_A,NOTICE_MONEY,W,2020,2019,0,2019-10-18,INR,51687600000
RBI:AVG_TURNOVER_RN(1.0),N_A,TR_BILL_364_DAY,W,2020,2019,0,2019-10-18,INR,21617116000
RBI:AVG_TURNOVER_RN(1.0),N_A,TR_BILL_182_DAY,W,2020,2019,0,2019-10-18,INR,43997320000
RBI:AVG_TURNOVER_RN(1.0),N_A,STATE_GOVT_SEC,W,2020,2019,0,2019-10-18,INR,56595896000.00001
RBI:AVG_TURNOVER_RN(1.0),N_A,CALL_MONEY,W,2020,2019,0,2019-10-18,INR,224337480000
RBI:AVG_TURNOVER_RN(1.0),N_A,GOVT_SEC,W,2020,2019,0,2019-10-18,INR,765748980000
RBI:AVG_TURNOVER_RN(1.0),N_A,FOREX,W,2020,2019,0,2019-10-18,INR,62360400000
RBI:AVG_TURNOVER_RN(1.0),N_A,TR_BILL_91_DAY,W,2020,2019,0,2019-10-18,INR,42927232000
RBI:AVG_TURNOVER_RN(1.0),N_A,MKT_REPO,W,2020,2019,0,2019-10-18,INR,2429564319999.9995
RBI:AVG_TURNOVER_RN(1.0),N_A,CORPO_REPO,W,2020,2019,0,2019-10-18,INR,800000000
RBI:AVG_TURNOVER_RN(1.0),N_A,TRI_REPO,W,2020,2019,0,2019-10-18,INR,3490023800000
RBI:AVG_TURNOVER_RN(1.0),N_A,TRI_REPO,W,2020,2019,0,2019-10-11,INR,2797290200000
RBI:AVG_TURNOVER_RN(1.0),N_A,TERM_MONEY,W,2020,2019,0,2019-10-11,INR,5448199999.999999
RBI:AVG_TURNOVER_RN(1.0),N_A,NOTICE_MONEY,W,2020,2019,0,2019-10-11,INR,3834000000
RBI:AVG_TURNOVER_RN(1.0),N_A,TR_BILL_364_DAY,W,2020,2019,0,2019-10-11,INR,45732950000
RBI:AVG_TURNOVER_RN(1.0),N_A,MKT_REPO,W,2020,2019,0,2019-10-11,INR,1757461760000
RBI:AVG_TURNOVER_RN(1.0),N_A,TR_BILL_91_DAY,W,2020,2019,0,2019-10-11,INR,51387455000
RBI:AVG_TURNOVER_RN(1.0),N_A,FOREX,W,2020,2019,0,2019-10-11,INR,64144000000
RBI:AVG_TURNOVER_RN(1.0),N_A,GOVT_SEC,W,2020,2019,0,2019-10-11,INR,787548720000
RBI:AVG_TURNOVER_RN(1.0),N_A,CALL_MONEY,W,2020,2019,0,2019-10-11,INR,248120120000
RBI:AVG_TURNOVER_RN(1.0),N_A,TR_BILL_182_DAY,W,2020,2019,0,2019-10-11,INR,59120015000
RBI:AVG_TURNOVER_RN(1.0),N_A,CORPO_REPO,W,2020,2019,0,2019-10-11,INR,1798000000
RBI:AVG_TURNOVER_RN(1.0),N_A,GOVT_SEC_RBI,W,2020,2019,0,2019-10-11,INR,1480000000
RBI:AVG_TURNOVER_RN(1.0),N_A,STATE_GOVT_SEC,W,2020,2019,0,2019-10-11,INR,44114590000
RBI:AVG_TURNOVER_RN(1.0),N_A,CALL_MONEY,W,2020,2019,0,2019-10-04,INR,201206349999.99997
RBI:AVG_TURNOVER_RN(1.0),N_A,NOTICE_MONEY,W,2020,2019,0,2019-10-04,INR,63849650000
RBI:AVG_TURNOVER_RN(1.0),N_A,TRI_REPO,W,2020,2019,0,2019-10-04,INR,3173216250000
RBI:AVG_TURNOVER_RN(1.0),N_A,TERM_MONEY,W,2020,2019,0,2019-10-04,INR,13567250000
RBI:AVG_TURNOVER_RN(1.0),N_A,CORPO_REPO,W,2020,2019,0,2019-10-04,INR,2511000000
RBI:AVG_TURNOVER_RN(1.0),N_A,GOVT_SEC_RBI,W,2020,2019,0,2019-10-04,INR,1520000000
RBI:AVG_TURNOVER_RN(1.0),N_A,TR_BILL_364_DAY,W,2020,2019,0,2019-10-04,INR,62396495000.00001
RBI:AVG_TURNOVER_RN(1.0),N_A,FOREX,W,2020,2019,0,2019-10-04,INR,82119750000
RBI:AVG_TURNOVER_RN(1.0),N_A,STATE_GOVT_SEC,W,2020,2019,0,2019-10-04,INR,34690400000
RBI:AVG_TURNOVER_RN(1.0),N_A,TR_BILL_182_DAY,W,2020,2019,0,2019-10-04,INR,40965210000
RBI:AVG_TURNOVER_RN(1.0),N_A,TR_BILL_91_DAY,W,2020,2019,0,2019-10-04,INR,40005990000
RBI:AVG_TURNOVER_RN(1.0),N_A,GOVT_SEC,W,2020,2019,0,2019-10-04,INR,897245555000.0001
RBI:AVG_TURNOVER_RN(1.0),N_A,MKT_REPO,W,2020,2019,0,2019-10-04,INR,2361246500000
RBI:AVG_TURNOVER_RN(1.0),N_A,STATE_GOVT_SEC,W,2020,2019,0,2019-09-27,INR,81977052000
RBI:AVG_TURNOVER_RN(1.0),N_A,NOTICE_MONEY,W,2020,2019,0,2019-09-27,INR,6620033333.333333
RBI:AVG_TURNOVER_RN(1.0),N_A,CALL_MONEY,W,2020,2019,0,2019-09-27,INR,345350466666.6667
RBI:AVG_TURNOVER_RN(1.0),N_A,GOVT_SEC,W,2020,2019,0,2019-09-27,INR,971596279999.9999
RBI:AVG_TURNOVER_RN(1.0),N_A,MKT_REPO,W,2020,2019,0,2019-09-27,INR,1672074800000
RBI:AVG_TURNOVER_RN(1.0),N_A,TR_BILL_91_DAY,W,2020,2019,0,2019-09-27,INR,90374268000
RBI:AVG_TURNOVER_RN(1.0),N_A,TR_BILL_182_DAY,W,2020,2019,0,2019-09-27,INR,36214084000
RBI:AVG_TURNOVER_RN(1.0),N_A,GOVT_SEC_RBI,W,2020,2019,0,2019-09-27,INR,3550000000
RBI:AVG_TURNOVER_RN(1.0),N_A,TRI_REPO,W,2020,2019,0,2019-09-27,INR,2506948833333.3335
RBI:AVG_TURNOVER_RN(1.0),N_A,TERM_MONEY,W,2020,2019,0,2019-09-27,INR,6595333333.333333
RBI:AVG_TURNOVER_RN(1.0),N_A,TR_BILL_364_DAY,W,2020,2019,0,2019-09-27,INR,60236384000
RBI:AVG_TURNOVER_RN(1.0),N_A,FOREX,W,2020,2019,0,2019-09-27,INR,82200000000
RBI:AVG_TURNOVER_RN(1.0),N_A,CORPO_REPO,W,2020,2019,0,2019-09-27,INR,8709280000.000002
RBI:AVG_TURNOVER_RN(1.0),N_A,FOREX,W,2020,2019,0,2019-09-20,INR,71263800000
RBI:AVG_TURNOVER_RN(1.0),N_A,CORPO_REPO,W,2020,2019,0,2019-09-20,INR,11910400000
RBI:AVG_TURNOVER_RN(1.0),N_A,MKT_REPO,W,2020,2019,0,2019-09-20,INR,2463587279999.9995
RBI:AVG_TURNOVER_RN(1.0),N_A,TR_BILL_182_DAY,W,2020,2019,0,2019-09-20,INR,22717900000
RBI:AVG_TURNOVER_RN(1.0),N_A,TR_BILL_91_DAY,W,2020,2019,0,2019-09-20,INR,37460328000
RBI:AVG_TURNOVER_RN(1.0),N_A,TR_BILL_364_DAY,W,2020,2019,0,2019-09-20,INR,57722504000
RBI:AVG_TURNOVER_RN(1.0),N_A,NOTICE_MONEY,W,2020,2019,0,2019-09-20,INR,77018120000
RBI:AVG_TURNOVER_RN(1.0),N_A,TRI_REPO,W,2020,2019,0,2019-09-20,INR,3101904000000
RBI:AVG_TURNOVER_RN(1.0),N_A,GOVT_SEC_RBI,W,2020,2019,0,2019-09-20,INR,1610000000
RBI:AVG_TURNOVER_RN(1.0),N_A,TERM_MONEY,W,2020,2019,0,2019-09-20,INR,5903600000
RBI:AVG_TURNOVER_RN(1.0),N_A,GOVT_SEC,W,2020,2019,0,2019-09-20,INR,917510560000.0001
RBI:AVG_TURNOVER_RN(1.0),N_A,STATE_GOVT_SEC,W,2020,2019,0,2019-09-20,INR,38318064000
RBI:AVG_TURNOVER_RN(1.0),N_A,CALL_MONEY,W,2020,2019,0,2019-09-20,INR,327532640000
RBI:AVG_TURNOVER_RN(1.0),N_A,CALL_MONEY,W,2020,2019,0,2019-09-13,INR,297785080000
RBI:AVG_TURNOVER_RN(1.0),N_A,GOVT_SEC,W,2020,2019,0,2019-09-13,INR,757882040000
RBI:AVG_TURNOVER_RN(1.0),N_A,MKT_REPO,W,2020,2019,0,2019-09-13,INR,1727070160000
RBI:AVG_TURNOVER_RN(1.0),N_A,TR_BILL_CASH_MNG_BILLS,W,2020,2019,0,2019-09-13,INR,5975000000
RBI:AVG_TURNOVER_RN(1.0),N_A,TRI_REPO,W,2020,2019,0,2019-09-13,INR,2485534400000
RBI:AVG_TURNOVER_RN(1.0),N_A,GOVT_SEC_RBI,W,2020,2019,0,2019-09-13,INR,2560000000
RBI:AVG_TURNOVER_RN(1.0),N_A,TR_BILL_91_DAY,W,2020,2019,0,2019-09-13,INR,29391380000
RBI:AVG_TURNOVER_RN(1.0),N_A,TR_BILL_182_DAY,W,2020,2019,0,2019-09-13,INR,29553275000
RBI:AVG_TURNOVER_RN(1.0),N_A,TR_BILL_364_DAY,W,2020,2019,0,2019-09-13,INR,30490369999.999996
RBI:AVG_TURNOVER_RN(1.0),N_A,TERM_MONEY,W,2020,2019,0,2019-09-13,INR,13435600000
RBI:AVG_TURNOVER_RN(1.0),N_A,FOREX,W,2020,2019,0,2019-09-13,INR,66661000000
RBI:AVG_TURNOVER_RN(1.0),N_A,CORPO_REPO,W,2020,2019,0,2019-09-13,INR,8479000000
RBI:AVG_TURNOVER_RN(1.0),N_A,STATE_GOVT_SEC,W,2020,2019,0,2019-09-13,INR,52977394999.99999
RBI:AVG_TURNOVER_RN(1.0),N_A,NOTICE_MONEY,W,2020,2019,0,2019-09-13,INR,3760000000
RBI:AVG_TURNOVER_RN(1.0),N_A,TERM_MONEY,W,2020,2019,0,2019-09-06,INR,6366600000.000001
RBI:AVG_TURNOVER_RN(1.0),N_A,TR_BILL_364_DAY,W,2020,2019,0,2019-09-06,INR,23269765000.000004
RBI:AVG_TURNOVER_RN(1.0),N_A,FOREX,W,2020,2019,0,2019-09-06,INR,65687000000
RBI:AVG_TURNOVER_RN(1.0),N_A,TR_BILL_91_DAY,W,2020,2019,0,2019-09-06,INR,46653425000
RBI:AVG_TURNOVER_RN(1.0),N_A,STATE_GOVT_SEC,W,2020,2019,0,2019-09-06,INR,57483235000.00001
RBI:AVG_TURNOVER_RN(1.0),N_A,GOVT_SEC,W,2020,2019,0,2019-09-06,INR,618828545000
RBI:AVG_TURNOVER_RN(1.0),N_A,MKT_REPO,W,2020,2019,0,2019-09-06,INR,1620105920000
RBI:AVG_TURNOVER_RN(1.0),N_A,CALL_MONEY,W,2020,2019,0,2019-09-06,INR,225975160000
RBI:AVG_TURNOVER_RN(1.0),N_A,TR_BILL_182_DAY,W,2020,2019,0,2019-09-06,INR,20725955000
RBI:AVG_TURNOVER_RN(1.0),N_A,NOTICE_MONEY,W,2020,2019,0,2019-09-06,INR,59058639999.99999
RBI:AVG_TURNOVER_RN(1.0),N_A,TR_BILL_CASH_MNG_BILLS,W,2020,2019,0,2019-09-06,INR,3671750000
RBI:AVG_TURNOVER_RN(1.0),N_A,CORPO_REPO,W,2020,2019,0,2019-09-06,INR,38095000000
RBI:AVG_TURNOVER_RN(1.0),N_A,GOVT_SEC_RBI,W,2020,2019,0,2019-09-06,INR,170000000
RBI:AVG_TURNOVER_RN(1.0),N_A,TRI_REPO,W,2020,2019,0,2019-09-06,INR,2447293799999.9995
RBI:AVG_TURNOVER_RN(1.0),N_A,TERM_MONEY,W,2020,2019,0,2019-08-30,INR,6973040000
RBI:AVG_TURNOVER_RN(1.0),N_A,NOTICE_MONEY,W,2020,2019,0,2019-08-30,INR,101549399999.99998
RBI:AVG_TURNOVER_RN(1.0),N_A,TR_BILL_CASH_MNG_BILLS,W,2020,2019,0,2019-08-30,INR,660000000
RBI:AVG_TURNOVER_RN(1.0),N_A,CALL_MONEY,W,2020,2019,0,2019-08-30,INR,353908000000
RBI:AVG_TURNOVER_RN(1.0),N_A,MKT_REPO,W,2020,2019,0,2019-08-30,INR,2035038480000
RBI:AVG_TURNOVER_RN(1.0),N_A,GOVT_SEC,W,2020,2019,0,2019-08-30,INR,948748236000
RBI:AVG_TURNOVER_RN(1.0),N_A,TR_BILL_91_DAY,W,2020,2019,0,2019-08-30,INR,26040524000
RBI:AVG_TURNOVER_RN(1.0),N_A,GOVT_SEC_RBI,W,2020,2019,0,2019-08-30,INR,980000000.0000001
RBI:AVG_TURNOVER_RN(1.0),N_A,TR_BILL_182_DAY,W,2020,2019,0,2019-08-30,INR,17348596000.000004
RBI:AVG_TURNOVER_RN(1.0),N_A,FOREX,W,2020,2019,0,2019-08-30,INR,78536400000
RBI:AVG_TURNOVER_RN(1.0),N_A,TR_BILL_364_DAY,W,2020,2019,0,2019-08-30,INR,26651560000
RBI:AVG_TURNOVER_RN(1.0),N_A,CORPO_REPO,W,2020,2019,0,2019-08-30,INR,18088000000
RBI:AVG_TURNOVER_RN(1.0),N_A,STATE_GOVT_SEC,W,2020,2019,0,2019-08-30,INR,63557444000.00001
RBI:AVG_TURNOVER_RN(1.0),N_A,TRI_REPO,W,2020,2019,0,2019-08-30,INR,3098328600000
RBI:AVG_TURNOVER_RN(1.0),N_A,CALL_MONEY,W,2020,2019,0,2019-08-23,INR,361110520000.00006
RBI:AVG_TURNOVER_RN(1.0),N_A,TR_BILL_91_DAY,W,2020,2019,0,2019-08-23,INR,27979687999.999996
RBI:AVG_TURNOVER_RN(1.0),N_A,TERM_MONEY,W,2020,2019,0,2019-08-23,INR,6947320000
RBI:AVG_TURNOVER_RN(1.0),N_A,FOREX,W,2020,2019,0,2019-08-23,INR,67472800000
RBI:AVG_TURNOVER_RN(1.0),N_A,TR_BILL_364_DAY,W,2020,2019,0,2019-08-23,INR,30170324000
RBI:AVG_TURNOVER_RN(1.0),N_A,GOVT_SEC_RBI,W,2020,2019,0,2019-08-23,INR,960000000
RBI:AVG_TURNOVER_RN(1.0),N_A,NOTICE_MONEY,W,2020,2019,0,2019-08-23,INR,4284560000
RBI:AVG_TURNOVER_RN(1.0),N_A,TR_BILL_182_DAY,W,2020,2019,0,2019-08-23,INR,45970848000
RBI:AVG_TURNOVER_RN(1.0),N_A,CORPO_REPO,W,2020,2019,0,2019-08-23,INR,23760000000
RBI:AVG_TURNOVER_RN(1.0),N_A,STATE_GOVT_SEC,W,2020,2019,0,2019-08-23,INR,46836243999.99999
RBI:AVG_TURNOVER_RN(1.0),N_A,MKT_REPO,W,2020,2019,0,2019-08-23,INR,2116413439999.9998
RBI:AVG_TURNOVER_RN(1.0),N_A,TR_BILL_CASH_MNG_BILLS,W,2020,2019,0,2019-08-23,INR,5654800000
RBI:AVG_TURNOVER_RN(1.0),N_A,GOVT_SEC,W,2020,2019,0,2019-08-23,INR,1068536695999.9999
RBI:AVG_TURNOVER_RN(1.0),N_A,TRI_REPO,W,2020,2019,0,2019-08-23,INR,3157527600000
RBI:AVG_TURNOVER_RN(1.0),N_A,CORPO_REPO,W,2020,2019,0,2019-08-16,INR,9200000000
RBI:AVG_TURNOVER_RN(1.0),N_A,STATE_GOVT_SEC,W,2020,2019,0,2019-08-16,INR,48326266666.666664
RBI:AVG_TURNOVER_RN(1.0),N_A,TERM_MONEY,W,2020,2019,0,2019-08-16,INR,8996266666.666666
RBI:AVG_TURNOVER_RN(1.0),N_A,TR_BILL_CASH_MNG_BILLS,W,2020,2019,0,2019-08-16,INR,102515980000
RBI:AVG_TURNOVER_RN(1.0),N_A,TR_BILL_91_DAY,W,2020,2019,0,2019-08-16,INR,36922060000
RBI:AVG_TURNOVER_RN(1.0),N_A,TR_BILL_182_DAY,W,2020,2019,0,2019-08-16,INR,35016460000
RBI:AVG_TURNOVER_RN(1.0),N_A,GOVT_SEC,W,2020,2019,0,2019-08-16,INR,956170986666.6665
RBI:AVG_TURNOVER_RN(1.0),N_A,TR_BILL_364_DAY,W,2020,2019,0,2019-08-16,INR,36966026666.66667
RBI:AVG_TURNOVER_RN(1.0),N_A,TRI_REPO,W,2020,2019,0,2019-08-16,INR,2962658000000
RBI:AVG_TURNOVER_RN(1.0),N_A,CALL_MONEY,W,2020,2019,0,2019-08-16,INR,373621599999.99994
RBI:AVG_TURNOVER_RN(1.0),N_A,NOTICE_MONEY,W,2020,2019,0,2019-08-16,INR,3476199999.9999995
RBI:AVG_TURNOVER_RN(1.0),N_A,FOREX,W,2020,2019,0,2019-08-16,INR,67446000000
RBI:AVG_TURNOVER_RN(1.0),N_A,MKT_REPO,W,2020,2019,0,2019-08-16,INR,2297205066666.667
RBI:AVG_TURNOVER_RN(1.0),N_A,GOVT_SEC_RBI,W,2020,2019,0,2019-08-16,INR,4946666666.666666
RBI:AVG_TURNOVER_RN(1.0),N_A,MKT_REPO,W,2020,2019,0,2019-08-09,INR,1931890600000.0002
RBI:AVG_TURNOVER_RN(1.0),N_A,TR_BILL_91_DAY,W,2020,2019,0,2019-08-09,INR,7966348000
RBI:AVG_TURNOVER_RN(1.0),N_A,TR_BILL_CASH_MNG_BILLS,W,2020,2019,0,2019-08-09,INR,100355072000
RBI:AVG_TURNOVER_RN(1.0),N_A,TR_BILL_364_DAY,W,2020,2019,0,2019-08-09,INR,95396860000
RBI:AVG_TURNOVER_RN(1.0),N_A,CALL_MONEY,W,2020,2019,0,2019-08-09,INR,237482300000
RBI:AVG_TURNOVER_RN(1.0),N_A,TRI_REPO,W,2020,2019,0,2019-08-09,INR,2424936333333.3335
RBI:AVG_TURNOVER_RN(1.0),N_A,TR_BILL_182_DAY,W,2020,2019,0,2019-08-09,INR,47237924000
RBI:AVG_TURNOVER_RN(1.0),N_A,GOVT_SEC,W,2020,2019,0,2019-08-09,INR,1354511168000.0002
RBI:AVG_TURNOVER_RN(1.0),N_A,FOREX,W,2020,2019,0,2019-08-09,INR,72485000000
RBI:AVG_TURNOVER_RN(1.0),N_A,NOTICE_MONEY,W,2020,2019,0,2019-08-09,INR,3142233333.333333
RBI:AVG_TURNOVER_RN(1.0),N_A,GOVT_SEC_RBI,W,2020,2019,0,2019-08-09,INR,490000000.00000006
RBI:AVG_TURNOVER_RN(1.0),N_A,STATE_GOVT_SEC,W,2020,2019,0,2019-08-09,INR,83174275999.99998
RBI:AVG_TURNOVER_RN(1.0),N_A,TERM_MONEY,W,2020,2019,0,2019-08-09,INR,6083833333.333333
RBI:AVG_TURNOVER_RN(1.0),N_A,CORPO_REPO,W,2020,2019,0,2019-08-09,INR,7512000000
RBI:AVG_TURNOVER_RN(1.0),N_A,TR_BILL_91_DAY,W,2020,2019,0,2019-08-02,INR,21582156000
RBI:AVG_TURNOVER_RN(1.0),N_A,CORPO_REPO,W,2020,2019,0,2019-08-02,INR,13632000000
RBI:AVG_TURNOVER_RN(1.0),N_A,CALL_MONEY,W,2020,2019,0,2019-08-02,INR,181969160000
RBI:AVG_TURNOVER_RN(1.0),N_A,TERM_MONEY,W,2020,2019,0,2019-08-02,INR,7918280000
RBI:AVG_TURNOVER_RN(1.0),N_A,TRI_REPO,W,2020,2019,0,2019-08-02,INR,2699185000000
RBI:AVG_TURNOVER_RN(1.0),N_A,MKT_REPO,W,2020,2019,0,2019-08-02,INR,1942130639999.9998
RBI:AVG_TURNOVER_RN(1.0),N_A,NOTICE_MONEY,W,2020,2019,0,2019-08-02,INR,64504320000
RBI:AVG_TURNOVER_RN(1.0),N_A,TR_BILL_182_DAY,W,2020,2019,0,2019-08-02,INR,39007044000
RBI:AVG_TURNOVER_RN(1.0),N_A,GOVT_SEC_RBI,W,2020,2019,0,2019-08-02,INR,1450000000
RBI:AVG_TURNOVER_RN(1.0),N_A,TR_BILL_364_DAY,W,2020,2019,0,2019-08-02,INR,38922104000
RBI:AVG_TURNOVER_RN(1.0),N_A,STATE_GOVT_SEC,W,2020,2019,0,2019-08-02,INR,73275152000
RBI:AVG_TURNOVER_RN(1.0),N_A,FOREX,W,2020,2019,0,2019-08-02,INR,71599800000
RBI:AVG_TURNOVER_RN(1.0),N_A,GOVT_SEC,W,2020,2019,0,2019-08-02,INR,1067430644000
RBI:AVG_TURNOVER_RN(1.0),N_A,NOTICE_MONEY,W,2020,2019,0,2019-07-26,INR,2944699999.9999995
RBI:AVG_TURNOVER_RN(1.0),N_A,GOVT_SEC,W,2020,2019,0,2019-07-26,INR,1062244356000
RBI:AVG_TURNOVER_RN(1.0),N_A,TERM_MONEY,W,2020,2019,0,2019-07-26,INR,5696000000
RBI:AVG_TURNOVER_RN(1.0),N_A,FOREX,W,2020,2019,0,2019-07-26,INR,59155600000
RBI:AVG_TURNOVER_RN(1.0),N_A,TR_BILL_91_DAY,W,2020,2019,0,2019-07-26,INR,37335728000
RBI:AVG_TURNOVER_RN(1.0),N_A,STATE_GOVT_SEC,W,2020,2019,0,2019-07-26,INR,68090384000.00001
RBI:AVG_TURNOVER_RN(1.0),N_A,GOVT_SEC_RBI,W,2020,2019,0,2019-07-26,INR,50000000
RBI:AVG_TURNOVER_RN(1.0),N_A,TR_BILL_364_DAY,W,2020,2019,0,2019-07-26,INR,42252771999.99999
RBI:AVG_TURNOVER_RN(1.0),N_A,MKT_REPO,W,2020,2019,0,2019-07-26,INR,1656192866666.6665
RBI:AVG_TURNOVER_RN(1.0),N_A,TR_BILL_182_DAY,W,2020,2019,0,2019-07-26,INR,20222040000
RBI:AVG_TURNOVER_RN(1.0),N_A,CORPO_REPO,W,2020,2019,0,2019-07-26,INR,1200000000
RBI:AVG_TURNOVER_RN(1.0),N_A,TRI_REPO,W,2020,2019,0,2019-07-26,INR,2536381333333.3335
RBI:AVG_TURNOVER_RN(1.0),N_A,CALL_MONEY,W,2020,2019,0,2019-07-26,INR,249909233333.33337
RBI:AVG_TURNOVER_RN(1.0),N_A,TR_BILL_182_DAY,W,2020,2019,0,2019-07-19,INR,35018648000
RBI:AVG_TURNOVER_RN(1.0),N_A,NOTICE_MONEY,W,2020,2019,0,2019-07-19,INR,109474480000
RBI:AVG_TURNOVER_RN(1.0),N_A,CALL_MONEY,W,2020,2019,0,2019-07-19,INR,223577080000
RBI:AVG_TURNOVER_RN(1.0),N_A,TRI_REPO,W,2020,2019,0,2019-07-19,INR,2598255600000
RBI:AVG_TURNOVER_RN(1.0),N_A,TERM_MONEY,W,2020,2019,0,2019-07-19,INR,8163520000.000001
RBI:AVG_TURNOVER_RN(1.0),N_A,GOVT_SEC,W,2020,2019,0,2019-07-19,INR,1594710112000
RBI:AVG_TURNOVER_RN(1.0),N_A,MKT_REPO,W,2020,2019,0,2019-07-19,INR,2132523600000.0002
RBI:AVG_TURNOVER_RN(1.0),N_A,GOVT_SEC_RBI,W,2020,2019,0,2019-07-19,INR,410000000
RBI:AVG_TURNOVER_RN(1.0),N_A,CORPO_REPO,W,2020,2019,0,2019-07-19,INR,41208000000
RBI:AVG_TURNOVER_RN(1.0),N_A,TR_BILL_91_DAY,W,2020,2019,0,2019-07-19,INR,19467916000
RBI:AVG_TURNOVER_RN(1.0),N_A,TR_BILL_364_DAY,W,2020,2019,0,2019-07-19,INR,65886704000
RBI:AVG_TURNOVER_RN(1.0),N_A,FOREX,W,2020,2019,0,2019-07-19,INR,59236200000
RBI:AVG_TURNOVER_RN(1.0),N_A,STATE_GOVT_SEC,W,2020,2019,0,2019-07-19,INR,72228584000
RBI:AVG_TURNOVER_RN(1.0),N_A,GOVT_SEC,W,2020,2019,0,2019-07-12,INR,1896273679999.9998
RBI:AVG_TURNOVER_RN(1.0),N_A,TR_BILL_91_DAY,W,2020,2019,0,2019-07-12,INR,14457600000
RBI:AVG_TURNOVER_RN(1.0),N_A,TRI_REPO,W,2020,2019,0,2019-07-12,INR,2289412833333.3335
RBI:AVG_TURNOVER_RN(1.0),N_A,CALL_MONEY,W,2020,2019,0,2019-07-12,INR,233138533333.3333
RBI:AVG_TURNOVER_RN(1.0),N_A,TR_BILL_364_DAY,W,2020,2019,0,2019-07-12,INR,45885964000
RBI:AVG_TURNOVER_RN(1.0),N_A,TERM_MONEY,W,2020,2019,0,2019-07-12,INR,7069966666.666666
RBI:AVG_TURNOVER_RN(1.0),N_A,NOTICE_MONEY,W,2020,2019,0,2019-07-12,INR,2880933333.333333
RBI:AVG_TURNOVER_RN(1.0),N_A,MKT_REPO,W,2020,2019,0,2019-07-12,INR,2098022600000
RBI:AVG_TURNOVER_RN(1.0),N_A,STATE_GOVT_SEC,W,2020,2019,0,2019-07-12,INR,58403248000
RBI:AVG_TURNOVER_RN(1.0),N_A,TR_BILL_182_DAY,W,2020,2019,0,2019-07-12,INR,40073968000
RBI:AVG_TURNOVER_RN(1.0),N_A,CORPO_REPO,W,2020,2019,0,2019-07-12,INR,24560000000
RBI:AVG_TURNOVER_RN(1.0),N_A,GOVT_SEC_RBI,W,2020,2019,0,2019-07-12,INR,8680000000
RBI:AVG_TURNOVER_RN(1.0),N_A,FOREX,W,2020,2019,0,2019-07-12,INR,58869200000
RBI:AVG_TURNOVER_RN(1.0),N_A,STATE_GOVT_SEC,W,2020,2019,0,2019-07-05,INR,73901568000
RBI:AVG_TURNOVER_RN(1.0),N_A,GOVT_SEC,W,2020,2019,0,2019-07-05,INR,1053571660000
RBI:AVG_TURNOVER_RN(1.0),N_A,GOVT_SEC_RBI,W,2020,2019,0,2019-07-05,INR,340000000
RBI:AVG_TURNOVER_RN(1.0),N_A,NOTICE_MONEY,W,2020,2019,0,2019-07-05,INR,59854399999.99999
RBI:AVG_TURNOVER_RN(1.0),N_A,TRI_REPO,W,2020,2019,0,2019-07-05,INR,2327438666666.6665
RBI:AVG_TURNOVER_RN(1.0),N_A,TR_BILL_182_DAY,W,2020,2019,0,2019-07-05,INR,25678800000
RBI:AVG_TURNOVER_RN(1.0),N_A,CORPO_REPO,W,2020,2019,0,2019-07-05,INR,12534400000
RBI:AVG_TURNOVER_RN(1.0),N_A,MKT_REPO,W,2020,2019,0,2019-07-05,INR,2012017400000
RBI:AVG_TURNOVER_RN(1.0),N_A,CALL_MONEY,W,2020,2019,0,2019-07-05,INR,222332033333.33334
RBI:AVG_TURNOVER_RN(1.0),N_A,FOREX,W,2020,2019,0,2019-07-05,INR,63314200000
RBI:AVG_TURNOVER_RN(1.0),N_A,TR_BILL_91_DAY,W,2020,2019,0,2019-07-05,INR,34857492000
RBI:AVG_TURNOVER_RN(1.0),N_A,TR_BILL_364_DAY,W,2020,2019,0,2019-07-05,INR,59747388000
RBI:AVG_TURNOVER_RN(1.0),N_A,TERM_MONEY,W,2020,2019,0,2019-07-05,INR,9445000000
RBI:AVG_TURNOVER_RN(1.0),N_A,NOTICE_MONEY,W,2020,2019,0,2019-06-28,INR,56848920000
RBI:AVG_TURNOVER_RN(1.0),N_A,TR_BILL_364_DAY,W,2020,2019,0,2019-06-28,INR,28314156000
RBI:AVG_TURNOVER_RN(1.0),N_A,GOVT_SEC_RBI,W,2020,2019,0,2019-06-28,INR,150000000
RBI:AVG_TURNOVER_RN(1.0),N_A,STATE_GOVT_SEC,W,2020,2019,0,2019-06-28,INR,45737276000
RBI:AVG_TURNOVER_RN(1.0),N_A,MKT_REPO,W,2020,2019,0,2019-06-28,INR,2551936720000
RBI:AVG_TURNOVER_RN(1.0),N_A,TRI_REPO,W,2020,2019,0,2019-06-28,INR,2985233000000
RBI:AVG_TURNOVER_RN(1.0),N_A,CORPO_REPO,W,2020,2019,0,2019-06-28,INR,34040000000
RBI:AVG_TURNOVER_RN(1.0),N_A,CALL_MONEY,W,2020,2019,0,2019-06-28,INR,315005120000
RBI:AVG_TURNOVER_RN(1.0),N_A,FOREX,W,2020,2019,0,2019-06-28,INR,77216000000
RBI:AVG_TURNOVER_RN(1.0),N_A,TERM_MONEY,W,2020,2019,0,2019-06-28,INR,12590080000
RBI:AVG_TURNOVER_RN(1.0),N_A,GOVT_SEC,W,2020,2019,0,2019-06-28,INR,1301250712000
RBI:AVG_TURNOVER_RN(1.0),N_A,TR_BILL_182_DAY,W,2020,2019,0,2019-06-28,INR,28835308000
RBI:AVG_TURNOVER_RN(1.0),N_A,TR_BILL_91_DAY,W,2020,2019,0,2019-06-28,INR,49855484000
RBI:AVG_TURNOVER_RN(1.0),N_A,STATE_GOVT_SEC,W,2020,2019,0,2019-06-21,INR,80412720000
RBI:AVG_TURNOVER_RN(1.0),N_A,CORPO_REPO,W,2020,2019,0,2019-06-21,INR,46445599999.99999
RBI:AVG_TURNOVER_RN(1.0),N_A,TR_BILL_364_DAY,W,2020,2019,0,2019-06-21,INR,17057908000
RBI:AVG_TURNOVER_RN(1.0),N_A,TERM_MONEY,W,2020,2019,0,2019-06-21,INR,8493866666.666667
RBI:AVG_TURNOVER_RN(1.0),N_A,NOTICE_MONEY,W,2020,2019,0,2019-06-21,INR,4059233333.3333335
RBI:AVG_TURNOVER_RN(1.0),N_A,TR_BILL_182_DAY,W,2020,2019,0,2019-06-21,INR,24029955999.999996
RBI:AVG_TURNOVER_RN(1.0),N_A,TR_BILL_91_DAY,W,2020,2019,0,2019-06-21,INR,51731964000
RBI:AVG_TURNOVER_RN(1.0),N_A,MKT_REPO,W,2020,2019,0,2019-06-21,INR,2067793333333.3335
RBI:AVG_TURNOVER_RN(1.0),N_A,FOREX,W,2020,2019,0,2019-06-21,INR,64690200000
RBI:AVG_TURNOVER_RN(1.0),N_A,TRI_REPO,W,2020,2019,0,2019-06-21,INR,2594899000000
RBI:AVG_TURNOVER_RN(1.0),N_A,CALL_MONEY,W,2020,2019,0,2019-06-21,INR,397620600000
RBI:AVG_TURNOVER_RN(1.0),N_A,GOVT_SEC,W,2020,2019,0,2019-06-21,INR,1780728204000
RBI:AVG_TURNOVER_RN(1.0),N_A,GOVT_SEC_RBI,W,2020,2019,0,2019-06-21,INR,27880000000.000004
RBI:AVG_TURNOVER_RN(1.0),N_A,FOREX,W,2020,2019,0,2019-06-14,INR,60894200000
RBI:AVG_TURNOVER_RN(1.0),N_A,CORPO_REPO,W,2020,2019,0,2019-06-14,INR,62704000000
RBI:AVG_TURNOVER_RN(1.0),N_A,TR_BILL_91_DAY,W,2020,2019,0,2019-06-14,INR,56969660000
RBI:AVG_TURNOVER_RN(1.0),N_A,TERM_MONEY,W,2020,2019,0,2019-06-14,INR,8721720000
RBI:AVG_TURNOVER_RN(1.0),N_A,CALL_MONEY,W,2020,2019,0,2019-06-14,INR,303108000000
RBI:AVG_TURNOVER_RN(1.0),N_A,STATE_GOVT_SEC,W,2020,2019,0,2019-06-14,INR,95148008000
RBI:AVG_TURNOVER_RN(1.0),N_A,TRI_REPO,W,2020,2019,0,2019-06-14,INR,2993505400000
RBI:AVG_TURNOVER_RN(1.0),N_A,TR_BILL_364_DAY,W,2020,2019,0,2019-06-14,INR,29156920000
RBI:AVG_TURNOVER_RN(1.0),N_A,NOTICE_MONEY,W,2020,2019,0,2019-06-14,INR,96600000000
RBI:AVG_TURNOVER_RN(1.0),N_A,TR_BILL_182_DAY,W,2020,2019,0,2019-06-14,INR,26481660000
RBI:AVG_TURNOVER_RN(1.0),N_A,GOVT_SEC_RBI,W,2020,2019,0,2019-06-14,INR,41770000000
RBI:AVG_TURNOVER_RN(1.0),N_A,GOVT_SEC,W,2020,2019,0,2019-06-14,INR,1061584732000
RBI:AVG_TURNOVER_RN(1.0),N_A,MKT_REPO,W,2020,2019,0,2019-06-14,INR,2698736080000
RBI:AVG_TURNOVER_RN(1.0),N_A,FOREX,W,2020,2019,0,2019-06-07,INR,65573500000
RBI:AVG_TURNOVER_RN(1.0),N_A,CORPO_REPO,W,2020,2019,0,2019-06-07,INR,6190000000
RBI:AVG_TURNOVER_RN(1.0),N_A,TERM_MONEY,W,2020,2019,0,2019-06-07,INR,11498960000
RBI:AVG_TURNOVER_RN(1.0),N_A,STATE_GOVT_SEC,W,2020,2019,0,2019-06-07,INR,85007910000
RBI:AVG_TURNOVER_RN(1.0),N_A,NOTICE_MONEY,W,2020,2019,0,2019-06-07,INR,3590000000
RBI:AVG_TURNOVER_RN(1.0),N_A,MKT_REPO,W,2020,2019,0,2019-06-07,INR,2024174480000
RBI:AVG_TURNOVER_RN(1.0),N_A,GOVT_SEC_RBI,W,2020,2019,0,2019-06-07,INR,3560000000
RBI:AVG_TURNOVER_RN(1.0),N_A,CALL_MONEY,W,2020,2019,0,2019-06-07,INR,303319000000
RBI:AVG_TURNOVER_RN(1.0),N_A,TR_BILL_91_DAY,W,2020,2019,0,2019-06-07,INR,24436045000
RBI:AVG_TURNOVER_RN(1.0),N_A,TRI_REPO,W,2020,2019,0,2019-06-07,INR,2398030400000
RBI:AVG_TURNOVER_RN(1.0),N_A,GOVT_SEC,W,2020,2019,0,2019-06-07,INR,1565544425000
RBI:AVG_TURNOVER_RN(1.0),N_A,TR_BILL_182_DAY,W,2020,2019,0,2019-06-07,INR,34787795000
RBI:AVG_TURNOVER_RN(1.0),N_A,TR_BILL_364_DAY,W,2020,2019,0,2019-06-07,INR,63240475000
RBI:AVG_TURNOVER_RN(1.0),N_A,MKT_REPO,W,2020,2019,0,2019-05-31,INR,2334386560000
RBI:AVG_TURNOVER_RN(1.0),N_A,TR_BILL_182_DAY,W,2020,2019,0,2019-05-31,INR,39677476000
RBI:AVG_TURNOVER_RN(1.0),N_A,TR_BILL_364_DAY,W,2020,2019,0,2019-05-31,INR,41438387999.99999
RBI:AVG_TURNOVER_RN(1.0),N_A,CORPO_REPO,W,2020,2019,0,2019-05-31,INR,29504000000
RBI:AVG_TURNOVER_RN(1.0),N_A,CALL_MONEY,W,2020,2019,0,2019-05-31,INR,340769560000
RBI:AVG_TURNOVER_RN(1.0),N_A,NOTICE_MONEY,W,2020,2019,0,2019-05-31,INR,74044000000
RBI:AVG_TURNOVER_RN(1.0),N_A,GOVT_SEC_RBI,W,2020,2019,0,2019-05-31,INR,2680000000
RBI:AVG_TURNOVER_RN(1.0),N_A,TRI_REPO,W,2020,2019,0,2019-05-31,INR,2757342000000
RBI:AVG_TURNOVER_RN(1.0),N_A,TERM_MONEY,W,2020,2019,0,2019-05-31,INR,4809600000
RBI:AVG_TURNOVER_RN(1.0),N_A,GOVT_SEC,W,2020,2019,0,2019-05-31,INR,1091728136000
RBI:AVG_TURNOVER_RN(1.0),N_A,FOREX,W,2020,2019,0,2019-05-31,INR,65606400000
RBI:AVG_TURNOVER_RN(1.0),N_A,STATE_GOVT_SEC,W,2020,2019,0,2019-05-31,INR,98917084000
RBI:AVG_TURNOVER_RN(1.0),N_A,TR_BILL_91_DAY,W,2020,2019,0,2019-05-31,INR,28233104000
RBI:AVG_TURNOVER_RN(1.0),N_A,MKT_REPO,W,2020,2019,0,2019-05-24,INR,1985467360000
RBI:AVG_TURNOVER_RN(1.0),N_A,TR_BILL_182_DAY,W,2020,2019,0,2019-05-24,INR,17794020000
RBI:AVG_TURNOVER_RN(1.0),N_A,FOREX,W,2020,2019,0,2019-05-24,INR,64867000000
RBI:AVG_TURNOVER_RN(1.0),N_A,TERM_MONEY,W,2020,2019,0,2019-05-24,INR,7776040000
RBI:AVG_TURNOVER_RN(1.0),N_A,TR_BILL_91_DAY,W,2020,2019,0,2019-05-24,INR,37363552000.00001
RBI:AVG_TURNOVER_RN(1.0),N_A,CORPO_REPO,W,2020,2019,0,2019-05-24,INR,19504000000
RBI:AVG_TURNOVER_RN(1.0),N_A,GOVT_SEC_RBI,W,2020,2019,0,2019-05-24,INR,2780000000
RBI:AVG_TURNOVER_RN(1.0),N_A,TRI_REPO,W,2020,2019,0,2019-05-24,INR,2713192600000
RBI:AVG_TURNOVER_RN(1.0),N_A,STATE_GOVT_SEC,W,2020,2019,0,2019-05-24,INR,58014372000
RBI:AVG_TURNOVER_RN(1.0),N_A,GOVT_SEC,W,2020,2019,0,2019-05-24,INR,908196508000
RBI:AVG_TURNOVER_RN(1.0),N_A,CALL_MONEY,W,2020,2019,0,2019-05-24,INR,424990000000
RBI:AVG_TURNOVER_RN(1.0),N_A,TR_BILL_364_DAY,W,2020,2019,0,2019-05-24,INR,29443736000
RBI:AVG_TURNOVER_RN(1.0),N_A,NOTICE_MONEY,W,2020,2019,0,2019-05-24,INR,4810560000
RBI:AVG_TURNOVER_RN(1.0),N_A,CORPO_REPO,W,2020,2019,0,2019-05-17,INR,1784000000
RBI:AVG_TURNOVER_RN(1.0),N_A,GOVT_SEC,W,2020,2019,0,2019-05-17,INR,718863104000
RBI:AVG_TURNOVER_RN(1.0),N_A,STATE_GOVT_SEC,W,2020,2019,0,2019-05-17,INR,50276048000
RBI:AVG_TURNOVER_RN(1.0),N_A,TRI_REPO,W,2020,2019,0,2019-05-17,INR,2708674600000
RBI:AVG_TURNOVER_RN(1.0),N_A,GOVT_SEC_RBI,W,2020,2019,0,2019-05-17,INR,27570000000
RBI:AVG_TURNOVER_RN(1.0),N_A,MKT_REPO,W,2020,2019,0,2019-05-17,INR,2185374160000.0002
RBI:AVG_TURNOVER_RN(1.0),N_A,TERM_MONEY,W,2020,2019,0,2019-05-17,INR,5548280000
RBI:AVG_TURNOVER_RN(1.0),N_A,CALL_MONEY,W,2020,2019,0,2019-05-17,INR,391227960000
RBI:AVG_TURNOVER_RN(1.0),N_A,FOREX,W,2020,2019,0,2019-05-17,INR,59696800000
RBI:AVG_TURNOVER_RN(1.0),N_A,TR_BILL_182_DAY,W,2020,2019,0,2019-05-17,INR,9902968000
RBI:AVG_TURNOVER_RN(1.0),N_A,TR_BILL_91_DAY,W,2020,2019,0,2019-05-17,INR,40913924000
RBI:AVG_TURNOVER_RN(1.0),N_A,NOTICE_MONEY,W,2020,2019,0,2019-05-17,INR,3087160000
RBI:AVG_TURNOVER_RN(1.0),N_A,TR_BILL_364_DAY,W,2020,2019,0,2019-05-17,INR,27323164000
RBI:AVG_TURNOVER_RN(1.0),N_A,TR_BILL_91_DAY,W,2020,2019,0,2019-05-10,INR,35634504000
RBI:AVG_TURNOVER_RN(1.0),N_A,CALL_MONEY,W,2020,2019,0,2019-05-10,INR,347883100000
RBI:AVG_TURNOVER_RN(1.0),N_A,MKT_REPO,W,2020,2019,0,2019-05-10,INR,1958092866666.6665
RBI:AVG_TURNOVER_RN(1.0),N_A,TRI_REPO,W,2020,2019,0,2019-05-10,INR,2253578500000
RBI:AVG_TURNOVER_RN(1.0),N_A,TERM_MONEY,W,2020,2019,0,2019-05-10,INR,8981833333.333334
RBI:AVG_TURNOVER_RN(1.0),N_A,NOTICE_MONEY,W,2020,2019,0,2019-05-10,INR,8825633333.333334
RBI:AVG_TURNOVER_RN(1.0),N_A,FOREX,W,2020,2019,0,2019-05-10,INR,59113200000
RBI:AVG_TURNOVER_RN(1.0),N_A,TR_BILL_182_DAY,W,2020,2019,0,2019-05-10,INR,15141144000
RBI:AVG_TURNOVER_RN(1.0),N_A,CORPO_REPO,W,2020,2019,0,2019-05-10,INR,6632000000
RBI:AVG_TURNOVER_RN(1.0),N_A,STATE_GOVT_SEC,W,2020,2019,0,2019-05-10,INR,43558912000
RBI:AVG_TURNOVER_RN(1.0),N_A,GOVT_SEC,W,2020,2019,0,2019-05-10,INR,616551344000
RBI:AVG_TURNOVER_RN(1.0),N_A,TR_BILL_364_DAY,W,2020,2019,0,2019-05-10,INR,8318632000
RBI:AVG_TURNOVER_RN(1.0),N_A,GOVT_SEC_RBI,W,2020,2019,0,2019-05-10,INR,1220000000
RBI:AVG_TURNOVER_RN(1.0),N_A,TRI_REPO,W,2020,2019,0,2019-05-03,INR,2770158333333.333
RBI:AVG_TURNOVER_RN(1.0),N_A,TR_BILL_182_DAY,W,2020,2019,0,2019-05-03,INR,14965465000
RBI:AVG_TURNOVER_RN(1.0),N_A,GOVT_SEC_RBI,W,2020,2019,0,2019-05-03,INR,62.57
RBI:AVG_TURNOVER_RN(1.0),N_A,GOVT_SEC,W,2020,2019,0,2019-05-03,INR,4019186700
RBI:AVG_TURNOVER_RN(1.0),N_A,CORPO_REPO,W,2020,2019,0,2019-05-03,INR,36440000000
RBI:AVG_TURNOVER_RN(1.0),N_A,TR_BILL_364_DAY,W,2020,2019,0,2019-05-03,INR,11176515000
RBI:AVG_TURNOVER_RN(1.0),N_A,MKT_REPO,W,2020,2019,0,2019-05-03,INR,2174683333333.3335
RBI:AVG_TURNOVER_RN(1.0),N_A,TERM_MONEY,W,2020,2019,0,2019-05-03,INR,10395066666.666666
RBI:AVG_TURNOVER_RN(1.0),N_A,STATE_GOVT_SEC,W,2020,2019,0,2019-05-03,INR,519416450
RBI:AVG_TURNOVER_RN(1.0),N_A,NOTICE_MONEY,W,2020,2019,0,2019-05-03,INR,127708133333.33333
RBI:AVG_TURNOVER_RN(1.0),N_A,FOREX,W,2020,2019,0,2019-05-03,INR,73392666666.66667
RBI:AVG_TURNOVER_RN(1.0),N_A,TR_BILL_91_DAY,W,2020,2019,0,2019-05-03,INR,15855465000
RBI:AVG_TURNOVER_RN(1.0),N_A,CALL_MONEY,W,2020,2019,0,2019-05-03,INR,287077466666.6667
RBI:AVG_TURNOVER_RN(1.0),N_A,GOVT_SEC_RBI,W,2020,2019,0,2019-04-26,INR,2090000000
RBI:AVG_TURNOVER_RN(1.0),N_A,CORPO_REPO,W,2020,2019,0,2019-04-26,INR,45480000000
RBI:AVG_TURNOVER_RN(1.0),N_A,FOREX,W,2020,2019,0,2019-04-26,INR,76959400000
RBI:AVG_TURNOVER_RN(1.0),N_A,MKT_REPO,W,2020,2019,0,2019-04-26,INR,1589349466666.6667
RBI:AVG_TURNOVER_RN(1.0),N_A,TRI_REPO,W,2020,2019,0,2019-04-26,INR,2197719666666.6667
RBI:AVG_TURNOVER_RN(1.0),N_A,NOTICE_MONEY,W,2020,2019,0,2019-04-26,INR,6821566666.666666
RBI:AVG_TURNOVER_RN(1.0),N_A,TR_BILL_91_DAY,W,2020,2019,0,2019-04-26,INR,38774880000
RBI:AVG_TURNOVER_RN(1.0),N_A,STATE_GOVT_SEC,W,2020,2019,0,2019-04-26,INR,61775840000
RBI:AVG_TURNOVER_RN(1.0),N_A,CALL_MONEY,W,2020,2019,0,2019-04-26,INR,381251566666.6667
RBI:AVG_TURNOVER_RN(1.0),N_A,TR_BILL_364_DAY,W,2020,2019,0,2019-04-26,INR,16484936000.000002
RBI:AVG_TURNOVER_RN(1.0),N_A,TR_BILL_182_DAY,W,2020,2019,0,2019-04-26,INR,29467964000
RBI:AVG_TURNOVER_RN(1.0),N_A,TERM_MONEY,W,2020,2019,0,2019-04-26,INR,9003833333.333334
RBI:AVG_TURNOVER_RN(1.0),N_A,GOVT_SEC,W,2020,2019,0,2019-04-26,INR,602168268000.0001
RBI:AVG_TURNOVER_RN(1.0),N_A,TRI_REPO,W,2020,2019,0,2019-04-19,INR,2732806333333.3335
RBI:AVG_TURNOVER_RN(1.0),N_A,TR_BILL_364_DAY,W,2020,2019,0,2019-04-19,INR,6129746666.666666
RBI:AVG_TURNOVER_RN(1.0),N_A,CALL_MONEY,W,2020,2019,0,2019-04-19,INR,313893333333.3333
RBI:AVG_TURNOVER_RN(1.0),N_A,TR_BILL_91_DAY,W,2020,2019,0,2019-04-19,INR,47820586666.66667
RBI:AVG_TURNOVER_RN(1.0),N_A,FOREX,W,2020,2019,0,2019-04-19,INR,58392666666.66666
RBI:AVG_TURNOVER_RN(1.0),N_A,STATE_GOVT_SEC,W,2020,2019,0,2019-04-19,INR,49276033333.333336
RBI:AVG_TURNOVER_RN(1.0),N_A,MKT_REPO,W,2020,2019,0,2019-04-19,INR,1951751866666.6667
RBI:AVG_TURNOVER_RN(1.0),N_A,NOTICE_MONEY,W,2020,2019,0,2019-04-19,INR,145084533333.33334
RBI:AVG_TURNOVER_RN(1.0),N_A,TR_BILL_182_DAY,W,2020,2019,0,2019-04-19,INR,2486726666.666667
RBI:AVG_TURNOVER_RN(1.0),N_A,GOVT_SEC,W,2020,2019,0,2019-04-19,INR,575969813333.3333
RBI:AVG_TURNOVER_RN(1.0),N_A,CORPO_REPO,W,2020,2019,0,2019-04-19,INR,66080000000
RBI:AVG_TURNOVER_RN(1.0),N_A,GOVT_SEC_RBI,W,2020,2019,0,2019-04-19,INR,2150000000
RBI:AVG_TURNOVER_RN(1.0),N_A,TERM_MONEY,W,2020,2019,0,2019-04-19,INR,10612666666.666666
RBI:AVG_TURNOVER_RN(1.0),N_A,TRI_REPO,W,2020,2019,0,2019-04-12,INR,2566264000000
RBI:AVG_TURNOVER_RN(1.0),N_A,NOTICE_MONEY,W,2020,2019,0,2019-04-12,INR,15352000000
RBI:AVG_TURNOVER_RN(1.0),N_A,CORPO_REPO,W,2020,2019,0,2019-04-12,INR,112344000000
RBI:AVG_TURNOVER_RN(1.0),N_A,FOREX,W,2020,2019,0,2019-04-12,INR,72751000000
RBI:AVG_TURNOVER_RN(1.0),N_A,MKT_REPO,W,2020,2019,0,2019-04-12,INR,1919920000000
RBI:AVG_TURNOVER_RN(1.0),N_A,TERM_MONEY,W,2020,2019,0,2019-04-12,INR,6188000000
RBI:AVG_TURNOVER_RN(1.0),N_A,TR_BILL_364_DAY,W,2020,2019,0,2019-04-12,INR,32772668000
RBI:AVG_TURNOVER_RN(1.0),N_A,TR_BILL_182_DAY,W,2020,2019,0,2019-04-12,INR,28314484000.000004
RBI:AVG_TURNOVER_RN(1.0),N_A,GOVT_SEC_RBI,W,2020,2019,0,2019-04-12,INR,190000000
RBI:AVG_TURNOVER_RN(1.0),N_A,GOVT_SEC,W,2020,2019,0,2019-04-12,INR,695921384000
RBI:AVG_TURNOVER_RN(1.0),N_A,TR_BILL_91_DAY,W,2020,2019,0,2019-04-12,INR,34517784000
RBI:AVG_TURNOVER_RN(1.0),N_A,CALL_MONEY,W,2020,2019,0,2019-04-12,INR,571180000000
RBI:AVG_TURNOVER_RN(1.0),N_A,STATE_GOVT_SEC,W,2020,2019,0,2019-04-12,INR,47040919999.99999
RBI:AVG_TURNOVER_RN(1.0),N_A,TRI_REPO,W,2020,2019,0,2019-04-05,INR,2304112400000
RBI:AVG_TURNOVER_RN(1.0),N_A,TERM_MONEY,W,2020,2019,0,2019-04-05,INR,10355400000
RBI:AVG_TURNOVER_RN(1.0),N_A,CORPO_REPO,W,2020,2019,0,2019-04-05,INR,157950000000
RBI:AVG_TURNOVER_RN(1.0),N_A,TR_BILL_91_DAY,W,2020,2019,0,2019-04-05,INR,42012290000
RBI:AVG_TURNOVER_RN(1.0),N_A,STATE_GOVT_SEC,W,2020,2019,0,2019-04-05,INR,68630960000
RBI:AVG_TURNOVER_RN(1.0),N_A,FOREX,W,2020,2019,0,2019-04-05,INR,83758750000
RBI:AVG_TURNOVER_RN(1.0),N_A,GOVT_SEC,W,2020,2019,0,2019-04-05,INR,1098720320000.0001
RBI:AVG_TURNOVER_RN(1.0),N_A,TR_BILL_182_DAY,W,2020,2019,0,2019-04-05,INR,16435835000
RBI:AVG_TURNOVER_RN(1.0),N_A,CALL_MONEY,W,2020,2019,0,2019-04-05,INR,497204000000
RBI:AVG_TURNOVER_RN(1.0),N_A,TR_BILL_364_DAY,W,2020,2019,0,2019-04-05,INR,39667220000
RBI:AVG_TURNOVER_RN(1.0),N_A,MKT_REPO,W,2020,2019,0,2019-04-05,INR,1349560000000
RBI:AVG_TURNOVER_RN(1.0),N_A,NOTICE_MONEY,W,2020,2019,0,2019-04-05,INR,15284680000
RBI:AVG_TURNOVER_RN(1.0),N_A,GOVT_SEC_RBI,W,2020,2019,0,2019-04-05,INR,6320000000
RBI:AVG_TURNOVER_RN(1.0),N_A,STATE_GOVT_SEC,W,2019,2018,0,2019-03-29,INR,84194744000
RBI:AVG_TURNOVER_RN(1.0),N_A,TR_BILL_364_DAY,W,2019,2018,0,2019-03-29,INR,18060432000
RBI:AVG_TURNOVER_RN(1.0),N_A,NOTICE_MONEY,W,2019,2018,0,2019-03-29,INR,51147760000
RBI:AVG_TURNOVER_RN(1.0),N_A,CALL_MONEY,W,2019,2018,0,2019-03-29,INR,602546839999.9999
RBI:AVG_TURNOVER_RN(1.0),N_A,TRI_REPO,W,2019,2018,0,2019-03-29,INR,2697851600000.0005
RBI:AVG_TURNOVER_RN(1.0),N_A,GOVT_SEC,W,2019,2018,0,2019-03-29,INR,654662472000
RBI:AVG_TURNOVER_RN(1.0),N_A,FOREX,W,2019,2018,0,2019-03-29,INR,98933400000
RBI:AVG_TURNOVER_RN(1.0),N_A,TR_BILL_91_DAY,W,2019,2018,0,2019-03-29,INR,35452492000
RBI:AVG_TURNOVER_RN(1.0),N_A,MKT_REPO,W,2019,2018,0,2019-03-29,INR,1757352239999.9998
RBI:AVG_TURNOVER_RN(1.0),N_A,TERM_MONEY,W,2019,2018,0,2019-03-29,INR,4773280000
RBI:AVG_TURNOVER_RN(1.0),N_A,CORPO_REPO,W,2019,2018,0,2019-03-29,INR,87840000000
RBI:AVG_TURNOVER_RN(1.0),N_A,GOVT_SEC_RBI,W,2019,2018,0,2019-03-29,INR,7650000000
RBI:AVG_TURNOVER_RN(1.0),N_A,TR_BILL_182_DAY,W,2019,2018,0,2019-03-29,INR,9515980000
RBI:AVG_TURNOVER_RN(1.0),N_A,TR_BILL_364_DAY,W,2019,2018,0,2019-03-22,INR,32302630000
RBI:AVG_TURNOVER_RN(1.0),N_A,TERM_MONEY,W,2019,2018,0,2019-03-22,INR,3575080000
RBI:AVG_TURNOVER_RN(1.0),N_A,GOVT_SEC_RBI,W,2019,2018,0,2019-03-22,INR,9880000000.000002
RBI:AVG_TURNOVER_RN(1.0),N_A,STATE_GOVT_SEC,W,2019,2018,0,2019-03-22,INR,79870375000
RBI:AVG_TURNOVER_RN(1.0),N_A,TR_BILL_91_DAY,W,2019,2018,0,2019-03-22,INR,35855600000
RBI:AVG_TURNOVER_RN(1.0),N_A,CALL_MONEY,W,2019,2018,0,2019-03-22,INR,444998520000
RBI:AVG_TURNOVER_RN(1.0),N_A,GOVT_SEC,W,2019,2018,0,2019-03-22,INR,720138530000.0001
RBI:AVG_TURNOVER_RN(1.0),N_A,NOTICE_MONEY,W,2019,2018,0,2019-03-22,INR,5508560000
RBI:AVG_TURNOVER_RN(1.0),N_A,CORPO_REPO,W,2019,2018,0,2019-03-22,INR,37660000000
RBI:AVG_TURNOVER_RN(1.0),N_A,TR_BILL_182_DAY,W,2019,2018,0,2019-03-22,INR,15927440000
RBI:AVG_TURNOVER_RN(1.0),N_A,FOREX,W,2019,2018,0,2019-03-22,INR,83911000000
RBI:AVG_TURNOVER_RN(1.0),N_A,TRI_REPO,W,2019,2018,0,2019-03-22,INR,2225092000000
RBI:AVG_TURNOVER_RN(1.0),N_A,MKT_REPO,W,2019,2018,0,2019-03-22,INR,1591034080000
RBI:AVG_TURNOVER_RN(1.0),N_A,TR_BILL_CASH_MNG_BILLS,W,2019,2018,0,2019-03-15,INR,22206600000
RBI:AVG_TURNOVER_RN(1.0),N_A,TR_BILL_364_DAY,W,2019,2018,0,2019-03-15,INR,20262940000
RBI:AVG_TURNOVER_RN(1.0),N_A,TR_BILL_182_DAY,W,2019,2018,0,2019-03-15,INR,17127580000.000002
RBI:AVG_TURNOVER_RN(1.0),N_A,STATE_GOVT_SEC,W,2019,2018,0,2019-03-15,INR,75586424000
RBI:AVG_TURNOVER_RN(1.0),N_A,NOTICE_MONEY,W,2019,2018,0,2019-03-15,INR,125239360000
RBI:AVG_TURNOVER_RN(1.0),N_A,CALL_MONEY,W,2019,2018,0,2019-03-15,INR,342160559999.99994
RBI:AVG_TURNOVER_RN(1.0),N_A,GOVT_SEC,W,2019,2018,0,2019-03-15,INR,649681408000.0001
RBI:AVG_TURNOVER_RN(1.0),N_A,CORPO_REPO,W,2019,2018,0,2019-03-15,INR,18736000000
RBI:AVG_TURNOVER_RN(1.0),N_A,FOREX,W,2019,2018,0,2019-03-15,INR,69676600000
RBI:AVG_TURNOVER_RN(1.0),N_A,TRI_REPO,W,2019,2018,0,2019-03-15,INR,3039607799999.9995
RBI:AVG_TURNOVER_RN(1.0),N_A,MKT_REPO,W,2019,2018,0,2019-03-15,INR,2043451760000
RBI:AVG_TURNOVER_RN(1.0),N_A,GOVT_SEC_RBI,W,2019,2018,0,2019-03-15,INR,25150000000
RBI:AVG_TURNOVER_RN(1.0),N_A,TERM_MONEY,W,2019,2018,0,2019-03-15,INR,6740200000
RBI:AVG_TURNOVER_RN(1.0),N_A,TR_BILL_91_DAY,W,2019,2018,0,2019-03-15,INR,15022400000
RBI:AVG_TURNOVER_RN(1.0),N_A,TR_BILL_CASH_MNG_BILLS,W,2019,2018,0,2019-03-08,INR,26961140000
RBI:AVG_TURNOVER_RN(1.0),N_A,TR_BILL_91_DAY,W,2019,2018,0,2019-03-08,INR,23500479999.999996
RBI:AVG_TURNOVER_RN(1.0),N_A,TR_BILL_182_DAY,W,2019,2018,0,2019-03-08,INR,10773280000
RBI:AVG_TURNOVER_RN(1.0),N_A,TRI_REPO,W,2019,2018,0,2019-03-08,INR,2443837600000
RBI:AVG_TURNOVER_RN(1.0),N_A,TR_BILL_364_DAY,W,2019,2018,0,2019-03-08,INR,43012344999.99999
RBI:AVG_TURNOVER_RN(1.0),N_A,NOTICE_MONEY,W,2019,2018,0,2019-03-08,INR,2708159999.9999995
RBI:AVG_TURNOVER_RN(1.0),N_A,FOREX,W,2019,2018,0,2019-03-08,INR,71888250000
RBI:AVG_TURNOVER_RN(1.0),N_A,CORPO_REPO,W,2019,2018,0,2019-03-08,INR,27410000000
RBI:AVG_TURNOVER_RN(1.0),N_A,CALL_MONEY,W,2019,2018,0,2019-03-08,INR,388629200000
RBI:AVG_TURNOVER_RN(1.0),N_A,TERM_MONEY,W,2019,2018,0,2019-03-08,INR,3568000000
RBI:AVG_TURNOVER_RN(1.0),N_A,MKT_REPO,W,2019,2018,0,2019-03-08,INR,1577193360000
RBI:AVG_TURNOVER_RN(1.0),N_A,GOVT_SEC_RBI,W,2019,2018,0,2019-03-08,INR,31270000000
RBI:AVG_TURNOVER_RN(1.0),N_A,STATE_GOVT_SEC,W,2019,2018,0,2019-03-08,INR,60321875000
RBI:AVG_TURNOVER_RN(1.0),N_A,GOVT_SEC,W,2019,2018,0,2019-03-08,INR,473597335000.00006
RBI:AVG_TURNOVER_RN(1.0),N_A,NOTICE_MONEY,W,2019,2018,0,2019-03-01,INR,93664000000
RBI:AVG_TURNOVER_RN(1.0),N_A,TR_BILL_182_DAY,W,2019,2018,0,2019-03-01,INR,7705119999.999999
RBI:AVG_TURNOVER_RN(1.0),N_A,GOVT_SEC,W,2019,2018,0,2019-03-01,INR,563654164000
RBI:AVG_TURNOVER_RN(1.0),N_A,CORPO_REPO,W,2019,2018,0,2019-03-01,INR,19400000000
RBI:AVG_TURNOVER_RN(1.0),N_A,TERM_MONEY,W,2019,2018,0,2019-03-01,INR,9692000000
RBI:AVG_TURNOVER_RN(1.0),N_A,CALL_MONEY,W,2019,2018,0,2019-03-01,INR,411396000000
RBI:AVG_TURNOVER_RN(1.0),N_A,TR_BILL_91_DAY,W,2019,2018,0,2019-03-01,INR,22769496000
RBI:AVG_TURNOVER_RN(1.0),N_A,MKT_REPO,W,2019,2018,0,2019-03-01,INR,2281568640000
RBI:AVG_TURNOVER_RN(1.0),N_A,TR_BILL_CASH_MNG_BILLS,W,2019,2018,0,2019-03-01,INR,56028000000
RBI:AVG_TURNOVER_RN(1.0),N_A,TRI_REPO,W,2019,2018,0,2019-03-01,INR,3290124800000
RBI:AVG_TURNOVER_RN(1.0),N_A,FOREX,W,2019,2018,0,2019-03-01,INR,81741000000
RBI:AVG_TURNOVER_RN(1.0),N_A,GOVT_SEC_RBI,W,2019,2018,0,2019-03-01,INR,26240000000
RBI:AVG_TURNOVER_RN(1.0),N_A,TR_BILL_364_DAY,W,2019,2018,0,2019-03-01,INR,7677180000.000001
RBI:AVG_TURNOVER_RN(1.0),N_A,STATE_GOVT_SEC,W,2019,2018,0,2019-03-01,INR,44021192000
RBI:AVG_TURNOVER_RN(1.0),N_A,TR_BILL_91_DAY,W,2019,2018,0,2019-02-22,INR,9827415000
RBI:AVG_TURNOVER_RN(1.0),N_A,TR_BILL_182_DAY,W,2019,2018,0,2019-02-22,INR,7556980000
RBI:AVG_TURNOVER_RN(1.0),N_A,STATE_GOVT_SEC,W,2019,2018,0,2019-02-22,INR,33135109999.999996
RBI:AVG_TURNOVER_RN(1.0),N_A,CORPO_REPO,W,2019,2018,0,2019-02-22,INR,18570000000
RBI:AVG_TURNOVER_RN(1.0),N_A,GOVT_SEC,W,2019,2018,0,2019-02-22,INR,456673210000.00006
RBI:AVG_TURNOVER_RN(1.0),N_A,TERM_MONEY,W,2019,2018,0,2019-02-22,INR,6836640000
RBI:AVG_TURNOVER_RN(1.0),N_A,TR_BILL_364_DAY,W,2019,2018,0,2019-02-22,INR,19474615000
RBI:AVG_TURNOVER_RN(1.0),N_A,FOREX,W,2019,2018,0,2019-02-22,INR,66626000000
RBI:AVG_TURNOVER_RN(1.0),N_A,TRI_REPO,W,2019,2018,0,2019-02-22,INR,2641663399999.9995
RBI:AVG_TURNOVER_RN(1.0),N_A,NOTICE_MONEY,W,2019,2018,0,2019-02-22,INR,3571800000
RBI:AVG_TURNOVER_RN(1.0),N_A,CALL_MONEY,W,2019,2018,0,2019-02-22,INR,499657880000
RBI:AVG_TURNOVER_RN(1.0),N_A,GOVT_SEC_RBI,W,2019,2018,0,2019-02-22,INR,31360000000
RBI:AVG_TURNOVER_RN(1.0),N_A,MKT_REPO,W,2019,2018,0,2019-02-22,INR,1981155440000
RBI:AVG_TURNOVER_RN(1.0),N_A,TR_BILL_CASH_MNG_BILLS,W,2019,2018,0,2019-02-22,INR,9313750000
RBI:AVG_TURNOVER_RN(1.0),N_A,CORPO_REPO,W,2019,2018,0,2019-02-15,INR,20488000000
RBI:AVG_TURNOVER_RN(1.0),N_A,GOVT_SEC,W,2019,2018,0,2019-02-15,INR,774212400000.0001
RBI:AVG_TURNOVER_RN(1.0),N_A,TR_BILL_182_DAY,W,2019,2018,0,2019-02-15,INR,22182616000.000004
RBI:AVG_TURNOVER_RN(1.0),N_A,MKT_REPO,W,2019,2018,0,2019-02-15,INR,2330242640000.0005
RBI:AVG_TURNOVER_RN(1.0),N_A,NOTICE_MONEY,W,2019,2018,0,2019-02-15,INR,109712000000
RBI:AVG_TURNOVER_RN(1.0),N_A,TR_BILL_364_DAY,W,2019,2018,0,2019-02-15,INR,24807400000.000004
RBI:AVG_TURNOVER_RN(1.0),N_A,CALL_MONEY,W,2019,2018,0,2019-02-15,INR,336156000000
RBI:AVG_TURNOVER_RN(1.0),N_A,TRI_REPO,W,2019,2018,0,2019-02-15,INR,3106350200000
RBI:AVG_TURNOVER_RN(1.0),N_A,TR_BILL_CASH_MNG_BILLS,W,2019,2018,0,2019-02-15,INR,24555204000.000004
RBI:AVG_TURNOVER_RN(1.0),N_A,GOVT_SEC_RBI,W,2019,2018,0,2019-02-15,INR,27720000000
RBI:AVG_TURNOVER_RN(1.0),N_A,FOREX,W,2019,2018,0,2019-02-15,INR,71347000000
RBI:AVG_TURNOVER_RN(1.0),N_A,TERM_MONEY,W,2019,2018,0,2019-02-15,INR,5224000000
RBI:AVG_TURNOVER_RN(1.0),N_A,STATE_GOVT_SEC,W,2019,2018,0,2019-02-15,INR,68024748000.00001
RBI:AVG_TURNOVER_RN(1.0),N_A,TR_BILL_91_DAY,W,2019,2018,0,2019-02-15,INR,29245135999.999996
RBI:AVG_TURNOVER_RN(1.0),N_A,FOREX,W,2019,2018,0,2019-02-08,INR,59882800000
RBI:AVG_TURNOVER_RN(1.0),N_A,TR_BILL_182_DAY,W,2019,2018,0,2019-02-08,INR,18346780000
RBI:AVG_TURNOVER_RN(1.0),N_A,TR_BILL_364_DAY,W,2019,2018,0,2019-02-08,INR,31767671999.999996
RBI:AVG_TURNOVER_RN(1.0),N_A,STATE_GOVT_SEC,W,2019,2018,0,2019-02-08,INR,54467156000.00001
RBI:AVG_TURNOVER_RN(1.0),N_A,TR_BILL_CASH_MNG_BILLS,W,2019,2018,0,2019-02-08,INR,58167480000.00001
RBI:AVG_TURNOVER_RN(1.0),N_A,MKT_REPO,W,2019,2018,0,2019-02-08,INR,1637133333333.3335
RBI:AVG_TURNOVER_RN(1.0),N_A,NOTICE_MONEY,W,2019,2018,0,2019-02-08,INR,3920933333.333333
RBI:AVG_TURNOVER_RN(1.0),N_A,CORPO_REPO,W,2019,2018,0,2019-02-08,INR,17912000000
RBI:AVG_TURNOVER_RN(1.0),N_A,TRI_REPO,W,2019,2018,0,2019-02-08,INR,2728810666666.6665
RBI:AVG_TURNOVER_RN(1.0),N_A,TERM_MONEY,W,2019,2018,0,2019-02-08,INR,6987166666.666667
RBI:AVG_TURNOVER_RN(1.0),N_A,CALL_MONEY,W,2019,2018,0,2019-02-08,INR,360334000000
RBI:AVG_TURNOVER_RN(1.0),N_A,GOVT_SEC_RBI,W,2019,2018,0,2019-02-08,INR,1510000000
RBI:AVG_TURNOVER_RN(1.0),N_A,TR_BILL_91_DAY,W,2019,2018,0,2019-02-08,INR,20845860000.000004
RBI:AVG_TURNOVER_RN(1.0),N_A,GOVT_SEC,W,2019,2018,0,2019-02-08,INR,917799520000.0001
RBI:AVG_TURNOVER_RN(1.0),N_A,TR_BILL_364_DAY,W,2019,2018,0,2019-02-01,INR,10389556000
RBI:AVG_TURNOVER_RN(1.0),N_A,MKT_REPO,W,2019,2018,0,2019-02-01,INR,1704619520000
RBI:AVG_TURNOVER_RN(1.0),N_A,GOVT_SEC,W,2019,2018,0,2019-02-01,INR,514484363999.99994
RBI:AVG_TURNOVER_RN(1.0),N_A,TR_BILL_91_DAY,W,2019,2018,0,2019-02-01,INR,4163716000.0000005
RBI:AVG_TURNOVER_RN(1.0),N_A,TERM_MONEY,W,2019,2018,0,2019-02-01,INR,3671400000
RBI:AVG_TURNOVER_RN(1.0),N_A,TR_BILL_182_DAY,W,2019,2018,0,2019-02-01,INR,11242584000.000002
RBI:AVG_TURNOVER_RN(1.0),N_A,NOTICE_MONEY,W,2019,2018,0,2019-02-01,INR,110750119999.99998
RBI:AVG_TURNOVER_RN(1.0),N_A,FOREX,W,2019,2018,0,2019-02-01,INR,69188000000
RBI:AVG_TURNOVER_RN(1.0),N_A,CORPO_REPO,W,2019,2018,0,2019-02-01,INR,54480000000
RBI:AVG_TURNOVER_RN(1.0),N_A,CALL_MONEY,W,2019,2018,0,2019-02-01,INR,395855960000.00006
RBI:AVG_TURNOVER_RN(1.0),N_A,TRI_REPO,W,2019,2018,0,2019-02-01,INR,2923391000000
RBI:AVG_TURNOVER_RN(1.0),N_A,TR_BILL_CASH_MNG_BILLS,W,2019,2018,0,2019-02-01,INR,39451720000
RBI:AVG_TURNOVER_RN(1.0),N_A,STATE_GOVT_SEC,W,2019,2018,0,2019-02-01,INR,45653348000
RBI:AVG_TURNOVER_RN(1.0),N_A,GOVT_SEC_RBI,W,2019,2018,0,2019-02-01,INR,20259999999.999996
RBI:AVG_TURNOVER_RN(1.0),N_A,CALL_MONEY,W,2019,2018,0,2019-01-25,INR,407652633333.3333
RBI:AVG_TURNOVER_RN(1.0),N_A,MKT_REPO,W,2019,2018,0,2019-01-25,INR,1532607733333.3335
RBI:AVG_TURNOVER_RN(1.0),N_A,TERM_MONEY,W,2019,2018,0,2019-01-25,INR,2445000000
RBI:AVG_TURNOVER_RN(1.0),N_A,CORPO_REPO,W,2019,2018,0,2019-01-25,INR,35000000000
RBI:AVG_TURNOVER_RN(1.0),N_A,TR_BILL_364_DAY,W,2019,2018,0,2019-01-25,INR,18146984000
RBI:AVG_TURNOVER_RN(1.0),N_A,TRI_REPO,W,2019,2018,0,2019-01-25,INR,2612976833333.3335
RBI:AVG_TURNOVER_RN(1.0),N_A,TR_BILL_91_DAY,W,2019,2018,0,2019-01-25,INR,17941356000
RBI:AVG_TURNOVER_RN(1.0),N_A,NOTICE_MONEY,W,2019,2018,0,2019-01-25,INR,7645733333.333333
RBI:AVG_TURNOVER_RN(1.0),N_A,STATE_GOVT_SEC,W,2019,2018,0,2019-01-25,INR,40465068000
RBI:AVG_TURNOVER_RN(1.0),N_A,FOREX,W,2019,2018,0,2019-01-25,INR,50189200000
RBI:AVG_TURNOVER_RN(1.0),N_A,GOVT_SEC_RBI,W,2019,2018,0,2019-01-25,INR,27639999999.999996
RBI:AVG_TURNOVER_RN(1.0),N_A,TR_BILL_182_DAY,W,2019,2018,0,2019-01-25,INR,24056063999.999996
RBI:AVG_TURNOVER_RN(1.0),N_A,GOVT_SEC,W,2019,2018,0,2019-01-25,INR,615684819999.9999
RBI:AVG_TURNOVER_RN(1.0),N_A,TR_BILL_364_DAY,W,2019,2018,0,2019-01-18,INR,22261432000
RBI:AVG_TURNOVER_RN(1.0),N_A,TR_BILL_91_DAY,W,2019,2018,0,2019-01-18,INR,20270728000
RBI:AVG_TURNOVER_RN(1.0),N_A,CALL_MONEY,W,2019,2018,0,2019-01-18,INR,308576000000
RBI:AVG_TURNOVER_RN(1.0),N_A,GOVT_SEC_RBI,W,2019,2018,0,2019-01-18,INR,20500000000
RBI:AVG_TURNOVER_RN(1.0),N_A,GOVT_SEC,W,2019,2018,0,2019-01-18,INR,661636863999.9999
RBI:AVG_TURNOVER_RN(1.0),N_A,TERM_MONEY,W,2019,2018,0,2019-01-18,INR,3680000000
RBI:AVG_TURNOVER_RN(1.0),N_A,STATE_GOVT_SEC,W,2019,2018,0,2019-01-18,INR,41018720000
RBI:AVG_TURNOVER_RN(1.0),N_A,TRI_REPO,W,2019,2018,0,2019-01-18,INR,2681720000000
RBI:AVG_TURNOVER_RN(1.0),N_A,NOTICE_MONEY,W,2019,2018,0,2019-01-18,INR,133032000000
RBI:AVG_TURNOVER_RN(1.0),N_A,TR_BILL_182_DAY,W,2019,2018,0,2019-01-18,INR,17283560000.000004
RBI:AVG_TURNOVER_RN(1.0),N_A,MKT_REPO,W,2019,2018,0,2019-01-18,INR,1739688000000
RBI:AVG_TURNOVER_RN(1.0),N_A,CORPO_REPO,W,2019,2018,0,2019-01-18,INR,37056000000
RBI:AVG_TURNOVER_RN(1.0),N_A,FOREX,W,2019,2018,0,2019-01-18,INR,57995600000
RBI:AVG_TURNOVER_RN(1.0),N_A,TR_BILL_364_DAY,W,2019,2018,0,2019-01-11,INR,33990243999.999996
RBI:AVG_TURNOVER_RN(1.0),N_A,CALL_MONEY,W,2019,2018,0,2019-01-11,INR,271995399999.99997
RBI:AVG_TURNOVER_RN(1.0),N_A,TR_BILL_182_DAY,W,2019,2018,0,2019-01-11,INR,17189140000
RBI:AVG_TURNOVER_RN(1.0),N_A,MKT_REPO,W,2019,2018,0,2019-01-11,INR,1484893333333.3335
RBI:AVG_TURNOVER_RN(1.0),N_A,GOVT_SEC_RBI,W,2019,2018,0,2019-01-11,INR,24830000000
RBI:AVG_TURNOVER_RN(1.0),N_A,FOREX,W,2019,2018,0,2019-01-11,INR,62533800000
RBI:AVG_TURNOVER_RN(1.0),N_A,CORPO_REPO,W,2019,2018,0,2019-01-11,INR,53064000000
RBI:AVG_TURNOVER_RN(1.0),N_A,NOTICE_MONEY,W,2019,2018,0,2019-01-11,INR,8808333333.333334
RBI:AVG_TURNOVER_RN(1.0),N_A,TERM_MONEY,W,2019,2018,0,2019-01-11,INR,5876666666.666666
RBI:AVG_TURNOVER_RN(1.0),N_A,STATE_GOVT_SEC,W,2019,2018,0,2019-01-11,INR,35856572000
RBI:AVG_TURNOVER_RN(1.0),N_A,GOVT_SEC,W,2019,2018,0,2019-01-11,INR,789916903999.9999
RBI:AVG_TURNOVER_RN(1.0),N_A,TR_BILL_91_DAY,W,2019,2018,0,2019-01-11,INR,28380648000
RBI:AVG_TURNOVER_RN(1.0),N_A,TRI_REPO,W,2019,2018,0,2019-01-11,INR,2290482500000
RBI:AVG_TURNOVER_RN(1.0),N_A,GOVT_SEC,W,2019,2018,0,2019-01-04,INR,686345231999.9999
RBI:AVG_TURNOVER_RN(1.0),N_A,FOREX,W,2019,2018,0,2019-01-04,INR,55814200000
RBI:AVG_TURNOVER_RN(1.0),N_A,TRI_REPO,W,2019,2018,0,2019-01-04,INR,2117070000000
RBI:AVG_TURNOVER_RN(1.0),N_A,STATE_GOVT_SEC,W,2019,2018,0,2019-01-04,INR,54876748000
RBI:AVG_TURNOVER_RN(1.0),N_A,MKT_REPO,W,2019,2018,0,2019-01-04,INR,1862366666666.6665
RBI:AVG_TURNOVER_RN(1.0),N_A,NOTICE_MONEY,W,2019,2018,0,2019-01-04,INR,85515333333.33333
RBI:AVG_TURNOVER_RN(1.0),N_A,TR_BILL_182_DAY,W,2019,2018,0,2019-01-04,INR,50607400000
RBI:AVG_TURNOVER_RN(1.0),N_A,TR_BILL_364_DAY,W,2019,2018,0,2019-01-04,INR,23961084000
RBI:AVG_TURNOVER_RN(1.0),N_A,CALL_MONEY,W,2019,2018,0,2019-01-04,INR,194750000000
RBI:AVG_TURNOVER_RN(1.0),N_A,TR_BILL_91_DAY,W,2019,2018,0,2019-01-04,INR,46627307999.99999
RBI:AVG_TURNOVER_RN(1.0),N_A,GOVT_SEC_RBI,W,2019,2018,0,2019-01-04,INR,22250000000
RBI:AVG_TURNOVER_RN(1.0),N_A,TERM_MONEY,W,2019,2018,0,2019-01-04,INR,7850000000
RBI:AVG_TURNOVER_RN(1.0),N_A,CORPO_REPO,W,2019,2018,0,2019-01-04,INR,29744000000
RBI:AVG_TURNOVER_RN(1.0),N_A,TR_BILL_91_DAY,W,2019,2018,0,2018-12-28,INR,73108340000
RBI:AVG_TURNOVER_RN(1.0),N_A,TERM_MONEY,W,2019,2018,0,2018-12-28,INR,6497500000
RBI:AVG_TURNOVER_RN(1.0),N_A,TR_BILL_364_DAY,W,2019,2018,0,2018-12-28,INR,31025680000.000004
RBI:AVG_TURNOVER_RN(1.0),N_A,GOVT_SEC_RBI,W,2019,2018,0,2018-12-28,INR,37659999999.99999
RBI:AVG_TURNOVER_RN(1.0),N_A,STATE_GOVT_SEC,W,2019,2018,0,2018-12-28,INR,77743420000
RBI:AVG_TURNOVER_RN(1.0),N_A,NOTICE_MONEY,W,2019,2018,0,2018-12-28,INR,236588900000
RBI:AVG_TURNOVER_RN(1.0),N_A,TR_BILL_182_DAY,W,2019,2018,0,2018-12-28,INR,32253840000
RBI:AVG_TURNOVER_RN(1.0),N_A,CALL_MONEY,W,2019,2018,0,2018-12-28,INR,306702600000
RBI:AVG_TURNOVER_RN(1.0),N_A,MKT_REPO,W,2019,2018,0,2018-12-28,INR,2171040100000
RBI:AVG_TURNOVER_RN(1.0),N_A,GOVT_SEC,W,2019,2018,0,2018-12-28,INR,646228465000
RBI:AVG_TURNOVER_RN(1.0),N_A,FOREX,W,2019,2018,0,2018-12-28,INR,65174750000
RBI:AVG_TURNOVER_RN(1.0),N_A,CORPO_REPO,W,2019,2018,0,2018-12-28,INR,65960000000
RBI:AVG_TURNOVER_RN(1.0),N_A,TRI_REPO,W,2019,2018,0,2018-12-28,INR,2950374750000
RBI:AVG_TURNOVER_RN(1.0),N_A,GOVT_SEC,W,2019,2018,0,2018-12-21,INR,884579664000
RBI:AVG_TURNOVER_RN(1.0),N_A,TR_BILL_182_DAY,W,2019,2018,0,2018-12-21,INR,21908332000
RBI:AVG_TURNOVER_RN(1.0),N_A,NOTICE_MONEY,W,2019,2018,0,2018-12-21,INR,60059966666.66667
RBI:AVG_TURNOVER_RN(1.0),N_A,TR_BILL_364_DAY,W,2019,2018,0,2018-12-21,INR,47463008000
RBI:AVG_TURNOVER_RN(1.0),N_A,GOVT_SEC_RBI,W,2019,2018,0,2018-12-21,INR,30650000000
RBI:AVG_TURNOVER_RN(1.0),N_A,TRI_REPO,W,2019,2018,0,2018-12-21,INR,2518746166666.6665
RBI:AVG_TURNOVER_RN(1.0),N_A,FOREX,W,2019,2018,0,2018-12-21,INR,65507000000
RBI:AVG_TURNOVER_RN(1.0),N_A,CORPO_REPO,W,2019,2018,0,2018-12-21,INR,59240000000
RBI:AVG_TURNOVER_RN(1.0),N_A,TR_BILL_91_DAY,W,2019,2018,0,2018-12-21,INR,69244900000
RBI:AVG_TURNOVER_RN(1.0),N_A,STATE_GOVT_SEC,W,2019,2018,0,2018-12-21,INR,79327412000
RBI:AVG_TURNOVER_RN(1.0),N_A,TERM_MONEY,W,2019,2018,0,2018-12-21,INR,2014833333.3333335
RBI:AVG_TURNOVER_RN(1.0),N_A,MKT_REPO,W,2019,2018,0,2018-12-21,INR,1733044000000
RBI:AVG_TURNOVER_RN(1.0),N_A,CALL_MONEY,W,2019,2018,0,2018-12-21,INR,372039233333.3333
RBI:AVG_TURNOVER_RN(1.0),N_A,STATE_GOVT_SEC,W,2019,2018,0,2018-12-14,INR,43561920000
RBI:AVG_TURNOVER_RN(1.0),N_A,MKT_REPO,W,2019,2018,0,2018-12-14,INR,2099957279999.9998
RBI:AVG_TURNOVER_RN(1.0),N_A,TRI_REPO,W,2019,2018,0,2018-12-14,INR,3128174400000
RBI:AVG_TURNOVER_RN(1.0),N_A,CALL_MONEY,W,2019,2018,0,2018-12-14,INR,350794240000
RBI:AVG_TURNOVER_RN(1.0),N_A,TR_BILL_CASH_MNG_BILLS,W,2019,2018,0,2018-12-14,INR,35373000000
RBI:AVG_TURNOVER_RN(1.0),N_A,CORPO_REPO,W,2019,2018,0,2018-12-14,INR,47536000000
RBI:AVG_TURNOVER_RN(1.0),N_A,TR_BILL_91_DAY,W,2019,2018,0,2018-12-14,INR,18639596000
RBI:AVG_TURNOVER_RN(1.0),N_A,GOVT_SEC,W,2019,2018,0,2018-12-14,INR,1114506480000
RBI:AVG_TURNOVER_RN(1.0),N_A,NOTICE_MONEY,W,2019,2018,0,2018-12-14,INR,83741960000
RBI:AVG_TURNOVER_RN(1.0),N_A,GOVT_SEC_RBI,W,2019,2018,0,2018-12-14,INR,20780000000
RBI:AVG_TURNOVER_RN(1.0),N_A,TR_BILL_364_DAY,W,2019,2018,0,2018-12-14,INR,20629924000
RBI:AVG_TURNOVER_RN(1.0),N_A,FOREX,W,2019,2018,0,2018-12-14,INR,61119400000
RBI:AVG_TURNOVER_RN(1.0),N_A,TR_BILL_182_DAY,W,2019,2018,0,2018-12-14,INR,16978504000
RBI:AVG_TURNOVER_RN(1.0),N_A,TERM_MONEY,W,2019,2018,0,2018-12-14,INR,6788040000
RBI:AVG_TURNOVER_RN(1.0),N_A,GOVT_SEC_RBI,W,2019,2018,0,2018-12-07,INR,23410000000
RBI:AVG_TURNOVER_RN(1.0),N_A,CALL_MONEY,W,2019,2018,0,2018-12-07,INR,358088866666.6666
RBI:AVG_TURNOVER_RN(1.0),N_A,TERM_MONEY,W,2019,2018,0,2018-12-07,INR,4592333333.333333
RBI:AVG_TURNOVER_RN(1.0),N_A,CORPO_REPO,W,2019,2018,0,2018-12-07,INR,41528000000
RBI:AVG_TURNOVER_RN(1.0),N_A,TR_BILL_364_DAY,W,2019,2018,0,2018-12-07,INR,32223736000
RBI:AVG_TURNOVER_RN(1.0),N_A,TR_BILL_182_DAY,W,2019,2018,0,2018-12-07,INR,36071768000
RBI:AVG_TURNOVER_RN(1.0),N_A,TRI_REPO,W,2019,2018,0,2018-12-07,INR,2514773833333.3335
RBI:AVG_TURNOVER_RN(1.0),N_A,MKT_REPO,W,2019,2018,0,2018-12-07,INR,1861617733333.3333
RBI:AVG_TURNOVER_RN(1.0),N_A,TR_BILL_CASH_MNG_BILLS,W,2019,2018,0,2018-12-07,INR,66094535999.99999
RBI:AVG_TURNOVER_RN(1.0),N_A,NOTICE_MONEY,W,2019,2018,0,2018-12-07,INR,5041933333.333333
RBI:AVG_TURNOVER_RN(1.0),N_A,GOVT_SEC,W,2019,2018,0,2018-12-07,INR,1187718348000
RBI:AVG_TURNOVER_RN(1.0),N_A,TR_BILL_91_DAY,W,2019,2018,0,2018-12-07,INR,31939148000
RBI:AVG_TURNOVER_RN(1.0),N_A,STATE_GOVT_SEC,W,2019,2018,0,2018-12-07,INR,56989284000
RBI:AVG_TURNOVER_RN(1.0),N_A,FOREX,W,2019,2018,0,2018-12-07,INR,68025800000
RBI:AVG_TURNOVER_RN(1.0),N_A,TR_BILL_CASH_MNG_BILLS,W,2019,2018,0,2018-11-30,INR,1920000000
RBI:AVG_TURNOVER_RN(1.0),N_A,CALL_MONEY,W,2019,2018,0,2018-11-30,INR,267576080000
RBI:AVG_TURNOVER_RN(1.0),N_A,NOTICE_MONEY,W,2019,2018,0,2018-11-30,INR,97141720000
RBI:AVG_TURNOVER_RN(1.0),N_A,TR_BILL_91_DAY,W,2019,2018,0,2018-11-30,INR,35966072000
RBI:AVG_TURNOVER_RN(1.0),N_A,TR_BILL_182_DAY,W,2019,2018,0,2018-11-30,INR,16899396000.000002
RBI:AVG_TURNOVER_RN(1.0),N_A,MKT_REPO,W,2019,2018,0,2018-11-30,INR,2188781759999.9998
RBI:AVG_TURNOVER_RN(1.0),N_A,GOVT_SEC_RBI,W,2019,2018,0,2018-11-30,INR,22260000000
RBI:AVG_TURNOVER_RN(1.0),N_A,STATE_GOVT_SEC,W,2019,2018,0,2018-11-30,INR,80034987999.99998
RBI:AVG_TURNOVER_RN(1.0),N_A,TRI_REPO,W,2019,2018,0,2018-11-30,INR,2917617000000
RBI:AVG_TURNOVER_RN(1.0),N_A,CORPO_REPO,W,2019,2018,0,2018-11-30,INR,45200000000
RBI:AVG_TURNOVER_RN(1.0),N_A,GOVT_SEC,W,2019,2018,0,2018-11-30,INR,951070132000
RBI:AVG_TURNOVER_RN(1.0),N_A,FOREX,W,2019,2018,0,2018-11-30,INR,76552000000
RBI:AVG_TURNOVER_RN(1.0),N_A,TR_BILL_364_DAY,W,2019,2018,0,2018-11-30,INR,31831464000
RBI:AVG_TURNOVER_RN(1.0),N_A,TERM_MONEY,W,2019,2018,0,2018-11-30,INR,9413200000
RBI:AVG_TURNOVER_RN(1.0),N_A,NOTICE_MONEY,W,2019,2018,0,2018-11-23,INR,9550000000
RBI:AVG_TURNOVER_RN(1.0),N_A,CORPO_REPO,W,2019,2018,0,2018-11-23,INR,8426666666.666666
RBI:AVG_TURNOVER_RN(1.0),N_A,STATE_GOVT_SEC,W,2019,2018,0,2018-11-23,INR,32574900000
RBI:AVG_TURNOVER_RN(1.0),N_A,GOVT_SEC_RBI,W,2019,2018,0,2018-11-23,INR,27640000000
RBI:AVG_TURNOVER_RN(1.0),N_A,CALL_MONEY,W,2019,2018,0,2018-11-23,INR,342175000000
RBI:AVG_TURNOVER_RN(1.0),N_A,TR_BILL_182_DAY,W,2019,2018,0,2018-11-23,INR,19386453333.333332
RBI:AVG_TURNOVER_RN(1.0),N_A,GOVT_SEC,W,2019,2018,0,2018-11-23,INR,507798800000
RBI:AVG_TURNOVER_RN(1.0),N_A,TR_BILL_91_DAY,W,2019,2018,0,2018-11-23,INR,49420193333.333336
RBI:AVG_TURNOVER_RN(1.0),N_A,TR_BILL_CASH_MNG_BILLS,W,2019,2018,0,2018-11-23,INR,1356413333.3333333
RBI:AVG_TURNOVER_RN(1.0),N_A,TR_BILL_364_DAY,W,2019,2018,0,2018-11-23,INR,27766133333.333332
RBI:AVG_TURNOVER_RN(1.0),N_A,MKT_REPO,W,2019,2018,0,2018-11-23,INR,1748644900000
RBI:AVG_TURNOVER_RN(1.0),N_A,FOREX,W,2019,2018,0,2018-11-23,INR,55902666666.66666
RBI:AVG_TURNOVER_RN(1.0),N_A,TERM_MONEY,W,2019,2018,0,2018-11-23,INR,4000000000
RBI:AVG_TURNOVER_RN(1.0),N_A,TRI_REPO,W,2019,2018,0,2018-11-23,INR,2299955750000
RBI:AVG_TURNOVER_RN(1.0),N_A,TR_BILL_364_DAY,W,2019,2018,0,2018-11-16,INR,27309160000
RBI:AVG_TURNOVER_RN(1.0),N_A,CALL_MONEY,W,2019,2018,0,2018-11-16,INR,339680000000
RBI:AVG_TURNOVER_RN(1.0),N_A,GOVT_SEC,W,2019,2018,0,2018-11-16,INR,648045344000
RBI:AVG_TURNOVER_RN(1.0),N_A,TERM_MONEY,W,2019,2018,0,2018-11-16,INR,6576000000
RBI:AVG_TURNOVER_RN(1.0),N_A,TR_BILL_CASH_MNG_BILLS,W,2019,2018,0,2018-11-16,INR,20000000
RBI:AVG_TURNOVER_RN(1.0),N_A,NOTICE_MONEY,W,2019,2018,0,2018-11-16,INR,74488000000
RBI:AVG_TURNOVER_RN(1.0),N_A,TR_BILL_182_DAY,W,2019,2018,0,2018-11-16,INR,9589676000
RBI:AVG_TURNOVER_RN(1.0),N_A,TRI_REPO,W,2019,2018,0,2018-11-16,INR,3102150000000
RBI:AVG_TURNOVER_RN(1.0),N_A,CORPO_REPO,W,2019,2018,0,2018-11-16,INR,19768000000
RBI:AVG_TURNOVER_RN(1.0),N_A,MKT_REPO,W,2019,2018,0,2018-11-16,INR,2463573520000
RBI:AVG_TURNOVER_RN(1.0),N_A,FOREX,W,2019,2018,0,2018-11-16,INR,64506400000
RBI:AVG_TURNOVER_RN(1.0),N_A,GOVT_SEC_RBI,W,2019,2018,0,2018-11-16,INR,25280000000
RBI:AVG_TURNOVER_RN(1.0),N_A,TR_BILL_91_DAY,W,2019,2018,0,2018-11-16,INR,56104140000
RBI:AVG_TURNOVER_RN(1.0),N_A,STATE_GOVT_SEC,W,2019,2018,0,2018-11-16,INR,38600272000
RBI:AVG_TURNOVER_RN(1.0),N_A,TERM_MONEY,W,2019,2018,0,2018-11-09,INR,8530000000
RBI:AVG_TURNOVER_RN(1.0),N_A,GOVT_SEC,W,2019,2018,0,2018-11-09,INR,555228299999.9999
RBI:AVG_TURNOVER_RN(1.0),N_A,STATE_GOVT_SEC,W,2019,2018,0,2018-11-09,INR,60056200000
RBI:AVG_TURNOVER_RN(1.0),N_A,MKT_REPO,W,2019,2018,0,2018-11-09,INR,2366557900000
RBI:AVG_TURNOVER_RN(1.0),N_A,TR_BILL_182_DAY,W,2019,2018,0,2018-11-09,INR,9138453333.333334
RBI:AVG_TURNOVER_RN(1.0),N_A,TRI_REPO,W,2019,2018,0,2018-11-09,INR,1956660000000
RBI:AVG_TURNOVER_RN(1.0),N_A,TR_BILL_364_DAY,W,2019,2018,0,2018-11-09,INR,15533966666.666666
RBI:AVG_TURNOVER_RN(1.0),N_A,TR_BILL_91_DAY,W,2019,2018,0,2018-11-09,INR,33775280000.000004
RBI:AVG_TURNOVER_RN(1.0),N_A,FOREX,W,2019,2018,0,2018-11-09,INR,61899666666.66666
RBI:AVG_TURNOVER_RN(1.0),N_A,NOTICE_MONEY,W,2019,2018,0,2018-11-09,INR,9045000000
RBI:AVG_TURNOVER_RN(1.0),N_A,GOVT_SEC_RBI,W,2019,2018,0,2018-11-09,INR,34050000000.000004
RBI:AVG_TURNOVER_RN(1.0),N_A,TR_BILL_CASH_MNG_BILLS,W,2019,2018,0,2018-11-09,INR,33333333.333333336
RBI:AVG_TURNOVER_RN(1.0),N_A,CALL_MONEY,W,2019,2018,0,2018-11-09,INR,313150000000
RBI:AVG_TURNOVER_RN(1.0),N_A,CORPO_REPO,W,2019,2018,0,2018-11-09,INR,25066666666.666664
RBI:AVG_TURNOVER_RN(1.0),N_A,GOVT_SEC_RBI,W,2019,2018,0,2018-11-02,INR,20160000000
RBI:AVG_TURNOVER_RN(1.0),N_A,TR_BILL_364_DAY,W,2019,2018,0,2018-11-02,INR,11981348000
RBI:AVG_TURNOVER_RN(1.0),N_A,GOVT_SEC,W,2019,2018,0,2018-11-02,INR,572101084000.0001
RBI:AVG_TURNOVER_RN(1.0),N_A,NOTICE_MONEY,W,2019,2018,0,2018-11-02,INR,64301280000
RBI:AVG_TURNOVER_RN(1.0),N_A,TR_BILL_91_DAY,W,2019,2018,0,2018-11-02,INR,49171380000
RBI:AVG_TURNOVER_RN(1.0),N_A,TERM_MONEY,W,2019,2018,0,2018-11-02,INR,5382039999.999999
RBI:AVG_TURNOVER_RN(1.0),N_A,CORPO_REPO,W,2019,2018,0,2018-11-02,INR,23168000000
RBI:AVG_TURNOVER_RN(1.0),N_A,FOREX,W,2019,2018,0,2018-11-02,INR,76459600000
RBI:AVG_TURNOVER_RN(1.0),N_A,TR_BILL_CASH_MNG_BILLS,W,2019,2018,0,2018-11-02,INR,180000000
RBI:AVG_TURNOVER_RN(1.0),N_A,CALL_MONEY,W,2019,2018,0,2018-11-02,INR,269436000000
RBI:AVG_TURNOVER_RN(1.0),N_A,TR_BILL_182_DAY,W,2019,2018,0,2018-11-02,INR,12556816000.000002
RBI:AVG_TURNOVER_RN(1.0),N_A,MKT_REPO,W,2019,2018,0,2018-11-02,INR,3001626240000
RBI:AVG_TURNOVER_RN(1.0),N_A,TRI_REPO,W,2019,2018,0,2018-11-02,INR,2930548000000
RBI:AVG_TURNOVER_RN(1.0),N_A,STATE_GOVT_SEC,W,2019,2018,0,2018-11-02,INR,32186248000
RBI:AVG_TURNOVER_RN(1.0),N_A,GOVT_SEC_RBI,W,2019,2018,0,2018-10-26,INR,24000000000
RBI:AVG_TURNOVER_RN(1.0),N_A,TRI_REPO,W,2019,2018,0,2018-10-26,INR,2411682166666.6665
RBI:AVG_TURNOVER_RN(1.0),N_A,TR_BILL_CASH_MNG_BILLS,W,2019,2018,0,2018-10-26,INR,669000000
RBI:AVG_TURNOVER_RN(1.0),N_A,GOVT_SEC,W,2019,2018,0,2018-10-26,INR,599926892000
RBI:AVG_TURNOVER_RN(1.0),N_A,CALL_MONEY,W,2019,2018,0,2018-10-26,INR,352199666666.6667
RBI:AVG_TURNOVER_RN(1.0),N_A,FOREX,W,2019,2018,0,2018-10-26,INR,67062400000
RBI:AVG_TURNOVER_RN(1.0),N_A,TERM_MONEY,W,2019,2018,0,2018-10-26,INR,7578166666.666666
RBI:AVG_TURNOVER_RN(1.0),N_A,CORPO_REPO,W,2019,2018,0,2018-10-26,INR,34848000000
RBI:AVG_TURNOVER_RN(1.0),N_A,TR_BILL_91_DAY,W,2019,2018,0,2018-10-26,INR,50268704000
RBI:AVG_TURNOVER_RN(1.0),N_A,TR_BILL_182_DAY,W,2019,2018,0,2018-10-26,INR,12513252000
RBI:AVG_TURNOVER_RN(1.0),N_A,TR_BILL_364_DAY,W,2019,2018,0,2018-10-26,INR,11553108000
RBI:AVG_TURNOVER_RN(1.0),N_A,MKT_REPO,W,2019,2018,0,2018-10-26,INR,2948192133333.333
RBI:AVG_TURNOVER_RN(1.0),N_A,STATE_GOVT_SEC,W,2019,2018,0,2018-10-26,INR,30394216000.000004
RBI:AVG_TURNOVER_RN(1.0),N_A,NOTICE_MONEY,W,2019,2018,0,2018-10-26,INR,5224033333.333333
RBI:AVG_TURNOVER_RN(1.0),N_A,GOVT_SEC,W,2019,2018,0,2018-10-19,INR,617200405000.0001
RBI:AVG_TURNOVER_RN(1.0),N_A,TR_BILL_182_DAY,W,2019,2018,0,2018-10-19,INR,17333295000
RBI:AVG_TURNOVER_RN(1.0),N_A,CALL_MONEY,W,2019,2018,0,2018-10-19,INR,311694900000
RBI:AVG_TURNOVER_RN(1.0),N_A,CORPO_REPO,W,2019,2018,0,2018-10-19,INR,18870000000
RBI:AVG_TURNOVER_RN(1.0),N_A,TRI_REPO,W,2019,2018,0,2018-10-19,INR,3097106250000
RBI:AVG_TURNOVER_RN(1.0),N_A,TR_BILL_364_DAY,W,2019,2018,0,2018-10-19,INR,20524525000
RBI:AVG_TURNOVER_RN(1.0),N_A,STATE_GOVT_SEC,W,2019,2018,0,2018-10-19,INR,31482025000
RBI:AVG_TURNOVER_RN(1.0),N_A,NOTICE_MONEY,W,2019,2018,0,2018-10-19,INR,99442900000.00002
RBI:AVG_TURNOVER_RN(1.0),N_A,FOREX,W,2019,2018,0,2018-10-19,INR,60501500000
RBI:AVG_TURNOVER_RN(1.0),N_A,GOVT_SEC_RBI,W,2019,2018,0,2018-10-19,INR,30100000000
RBI:AVG_TURNOVER_RN(1.0),N_A,TERM_MONEY,W,2019,2018,0,2018-10-19,INR,4187300000
RBI:AVG_TURNOVER_RN(1.0),N_A,TR_BILL_91_DAY,W,2019,2018,0,2018-10-19,INR,17300450000
RBI:AVG_TURNOVER_RN(1.0),N_A,TR_BILL_CASH_MNG_BILLS,W,2019,2018,0,2018-10-19,INR,24284780000
RBI:AVG_TURNOVER_RN(1.0),N_A,MKT_REPO,W,2019,2018,0,2018-10-19,INR,2883246200000
RBI:AVG_TURNOVER_RN(1.0),N_A,MKT_REPO,W,2019,2018,0,2018-10-12,INR,2461162733333.333
RBI:AVG_TURNOVER_RN(1.0),N_A,STATE_GOVT_SEC,W,2019,2018,0,2018-10-12,INR,32033400000
RBI:AVG_TURNOVER_RN(1.0),N_A,TERM_MONEY,W,2019,2018,0,2018-10-12,INR,5041600000
RBI:AVG_TURNOVER_RN(1.0),N_A,CALL_MONEY,W,2019,2018,0,2018-10-12,INR,384110000000
RBI:AVG_TURNOVER_RN(1.0),N_A,NOTICE_MONEY,W,2019,2018,0,2018-10-12,INR,1555300000
RBI:AVG_TURNOVER_RN(1.0),N_A,TRI_REPO,W,2019,2018,0,2018-10-12,INR,2604578833333.3335
RBI:AVG_TURNOVER_RN(1.0),N_A,GOVT_SEC,W,2019,2018,0,2018-10-12,INR,739872152000
RBI:AVG_TURNOVER_RN(1.0),N_A,GOVT_SEC_RBI,W,2019,2018,0,2018-10-12,INR,24260000000
RBI:AVG_TURNOVER_RN(1.0),N_A,TR_BILL_182_DAY,W,2019,2018,0,2018-10-12,INR,28063520000
RBI:AVG_TURNOVER_RN(1.0),N_A,CORPO_REPO,W,2019,2018,0,2018-10-12,INR,24696000000
RBI:AVG_TURNOVER_RN(1.0),N_A,TR_BILL_91_DAY,W,2019,2018,0,2018-10-12,INR,49206640000
RBI:AVG_TURNOVER_RN(1.0),N_A,TR_BILL_364_DAY,W,2019,2018,0,2018-10-12,INR,18004880000
RBI:AVG_TURNOVER_RN(1.0),N_A,FOREX,W,2019,2018,0,2018-10-12,INR,66859200000
RBI:AVG_TURNOVER_RN(1.0),N_A,TR_BILL_182_DAY,W,2019,2018,0,2018-10-05,INR,11012470000
RBI:AVG_TURNOVER_RN(1.0),N_A,TR_BILL_91_DAY,W,2019,2018,0,2018-10-05,INR,35026175000
RBI:AVG_TURNOVER_RN(1.0),N_A,TR_BILL_364_DAY,W,2019,2018,0,2018-10-05,INR,11405820000.000002
RBI:AVG_TURNOVER_RN(1.0),N_A,STATE_GOVT_SEC,W,2019,2018,0,2018-10-05,INR,30201990000.000004
RBI:AVG_TURNOVER_RN(1.0),N_A,FOREX,W,2019,2018,0,2018-10-05,INR,75972250000
RBI:AVG_TURNOVER_RN(1.0),N_A,TRI_REPO,W,2019,2018,0,2018-10-05,INR,2722030400000
RBI:AVG_TURNOVER_RN(1.0),N_A,GOVT_SEC_RBI,W,2019,2018,0,2018-10-05,INR,1700000000
RBI:AVG_TURNOVER_RN(1.0),N_A,TERM_MONEY,W,2019,2018,0,2018-10-05,INR,8726240000
RBI:AVG_TURNOVER_RN(1.0),N_A,GOVT_SEC,W,2019,2018,0,2018-10-05,INR,622011860000
RBI:AVG_TURNOVER_RN(1.0),N_A,CORPO_REPO,W,2019,2018,0,2018-10-05,INR,3220000000
RBI:AVG_TURNOVER_RN(1.0),N_A,MKT_REPO,W,2019,2018,0,2018-10-05,INR,1809556560000.0002
RBI:AVG_TURNOVER_RN(1.0),N_A,CALL_MONEY,W,2019,2018,0,2018-10-05,INR,233795239999.99997
RBI:AVG_TURNOVER_RN(1.0),N_A,NOTICE_MONEY,W,2019,2018,0,2018-10-05,INR,60088000000
RBI:AVG_TURNOVER_RN(1.0),N_A,TERM_MONEY,W,2019,2018,0,2018-09-28,INR,6618000000
RBI:AVG_TURNOVER_RN(1.0),N_A,TRI_REPO,W,2019,2018,0,2018-09-28,INR,3064487799999.9995
RBI:AVG_TURNOVER_RN(1.0),N_A,CALL_MONEY,W,2019,2018,0,2018-09-28,INR,390500120000
RBI:AVG_TURNOVER_RN(1.0),N_A,TR_BILL_91_DAY,W,2019,2018,0,2018-09-28,INR,77574120000
RBI:AVG_TURNOVER_RN(1.0),N_A,TR_BILL_364_DAY,W,2019,2018,0,2018-09-28,INR,8159156000
RBI:AVG_TURNOVER_RN(1.0),N_A,GOVT_SEC_RBI,W,2019,2018,0,2018-09-28,INR,21340000000
RBI:AVG_TURNOVER_RN(1.0),N_A,NOTICE_MONEY,W,2019,2018,0,2018-09-28,INR,72688520000.00002
RBI:AVG_TURNOVER_RN(1.0),N_A,MKT_REPO,W,2019,2018,0,2018-09-28,INR,3104583600000
RBI:AVG_TURNOVER_RN(1.0),N_A,STATE_GOVT_SEC,W,2019,2018,0,2018-09-28,INR,27182792000
RBI:AVG_TURNOVER_RN(1.0),N_A,CORPO_REPO,W,2019,2018,0,2018-09-28,INR,7264000000
RBI:AVG_TURNOVER_RN(1.0),N_A,GOVT_SEC,W,2019,2018,0,2018-09-28,INR,634344503999.9999
RBI:AVG_TURNOVER_RN(1.0),N_A,FOREX,W,2019,2018,0,2018-09-28,INR,89279600000
RBI:AVG_TURNOVER_RN(1.0),N_A,TR_BILL_182_DAY,W,2019,2018,0,2018-09-28,INR,10184640000
RBI:AVG_TURNOVER_RN(1.0),N_A,FOREX,W,2019,2018,0,2018-09-21,INR,67405250000
RBI:AVG_TURNOVER_RN(1.0),N_A,TR_BILL_CASH_MNG_BILLS,W,2019,2018,0,2018-09-21,INR,11850000000
RBI:AVG_TURNOVER_RN(1.0),N_A,GOVT_SEC,W,2019,2018,0,2018-09-21,INR,822005390000
RBI:AVG_TURNOVER_RN(1.0),N_A,TERM_MONEY,W,2019,2018,0,2018-09-21,INR,3402000000
RBI:AVG_TURNOVER_RN(1.0),N_A,CALL_MONEY,W,2019,2018,0,2018-09-21,INR,313577920000
RBI:AVG_TURNOVER_RN(1.0),N_A,CORPO_REPO,W,2019,2018,0,2018-09-21,INR,2520000000
RBI:AVG_TURNOVER_RN(1.0),N_A,TR_BILL_364_DAY,W,2019,2018,0,2018-09-21,INR,5028710000
RBI:AVG_TURNOVER_RN(1.0),N_A,NOTICE_MONEY,W,2019,2018,0,2018-09-21,INR,12205400000
RBI:AVG_TURNOVER_RN(1.0),N_A,MKT_REPO,W,2019,2018,0,2018-09-21,INR,2063087520000
RBI:AVG_TURNOVER_RN(1.0),N_A,GOVT_SEC_RBI,W,2019,2018,0,2018-09-21,INR,29100000000
RBI:AVG_TURNOVER_RN(1.0),N_A,STATE_GOVT_SEC,W,2019,2018,0,2018-09-21,INR,37647675000
RBI:AVG_TURNOVER_RN(1.0),N_A,TR_BILL_91_DAY,W,2019,2018,0,2018-09-21,INR,39434580000
RBI:AVG_TURNOVER_RN(1.0),N_A,TR_BILL_182_DAY,W,2019,2018,0,2018-09-21,INR,4856770000
RBI:AVG_TURNOVER_RN(1.0),N_A,TRI_REPO,W,2019,2018,0,2018-09-21,INR,2483599000000
RBI:AVG_TURNOVER_RN(1.0),N_A,MKT_REPO,W,2019,2018,0,2018-09-14,INR,2652758100000
RBI:AVG_TURNOVER_RN(1.0),N_A,TRI_REPO,W,2019,2018,0,2018-09-14,INR,2510078500000
RBI:AVG_TURNOVER_RN(1.0),N_A,CALL_MONEY,W,2019,2018,0,2018-09-14,INR,274624199999.99997
RBI:AVG_TURNOVER_RN(1.0),N_A,TR_BILL_364_DAY,W,2019,2018,0,2018-09-14,INR,8742635000
RBI:AVG_TURNOVER_RN(1.0),N_A,TR_BILL_CASH_MNG_BILLS,W,2019,2018,0,2018-09-14,INR,8146250000
RBI:AVG_TURNOVER_RN(1.0),N_A,GOVT_SEC_RBI,W,2019,2018,0,2018-09-14,INR,140000000.00000003
RBI:AVG_TURNOVER_RN(1.0),N_A,STATE_GOVT_SEC,W,2019,2018,0,2018-09-14,INR,36233710000
RBI:AVG_TURNOVER_RN(1.0),N_A,CORPO_REPO,W,2019,2018,0,2018-09-14,INR,7670000000
RBI:AVG_TURNOVER_RN(1.0),N_A,TERM_MONEY,W,2019,2018,0,2018-09-14,INR,7191550000
RBI:AVG_TURNOVER_RN(1.0),N_A,TR_BILL_91_DAY,W,2019,2018,0,2018-09-14,INR,22168180000.000004
RBI:AVG_TURNOVER_RN(1.0),N_A,GOVT_SEC,W,2019,2018,0,2018-09-14,INR,788247435000
RBI:AVG_TURNOVER_RN(1.0),N_A,FOREX,W,2019,2018,0,2018-09-14,INR,68000000000
RBI:AVG_TURNOVER_RN(1.0),N_A,TR_BILL_182_DAY,W,2019,2018,0,2018-09-14,INR,7578975000
RBI:AVG_TURNOVER_RN(1.0),N_A,NOTICE_MONEY,W,2019,2018,0,2018-09-14,INR,170822500000
RBI:AVG_TURNOVER_RN(1.0),N_A,STATE_GOVT_SEC,W,2019,2018,0,2018-09-07,INR,41200108000
RBI:AVG_TURNOVER_RN(1.0),N_A,NOTICE_MONEY,W,2019,2018,0,2018-09-07,INR,3639166666.666667
RBI:AVG_TURNOVER_RN(1.0),N_A,TRI_REPO,W,2019,2018,0,2018-09-07,INR,2289920000000
RBI:AVG_TURNOVER_RN(1.0),N_A,TR_BILL_364_DAY,W,2019,2018,0,2018-09-07,INR,12681840000
RBI:AVG_TURNOVER_RN(1.0),N_A,TR_BILL_182_DAY,W,2019,2018,0,2018-09-07,INR,16329744000
RBI:AVG_TURNOVER_RN(1.0),N_A,TR_BILL_91_DAY,W,2019,2018,0,2018-09-07,INR,26475308000
RBI:AVG_TURNOVER_RN(1.0),N_A,TERM_MONEY,W,2019,2018,0,2018-09-07,INR,4866666666.666667
RBI:AVG_TURNOVER_RN(1.0),N_A,MKT_REPO,W,2019,2018,0,2018-09-07,INR,1674258800000
RBI:AVG_TURNOVER_RN(1.0),N_A,GOVT_SEC_RBI,W,2019,2018,0,2018-09-07,INR,220000000.00000003
RBI:AVG_TURNOVER_RN(1.0),N_A,GOVT_SEC,W,2019,2018,0,2018-09-07,INR,742534584000
RBI:AVG_TURNOVER_RN(1.0),N_A,CORPO_REPO,W,2019,2018,0,2018-09-07,INR,11152000000
RBI:AVG_TURNOVER_RN(1.0),N_A,TR_BILL_CASH_MNG_BILLS,W,2019,2018,0,2018-09-07,INR,2680000000
RBI:AVG_TURNOVER_RN(1.0),N_A,CALL_MONEY,W,2019,2018,0,2018-09-07,INR,271893366666.66666
RBI:AVG_TURNOVER_RN(1.0),N_A,FOREX,W,2019,2018,0,2018-09-07,INR,63337600000
RBI:AVG_TURNOVER_RN(1.0),N_A,FOREX,W,2019,2018,0,2018-08-31,INR,71096000000
RBI:AVG_TURNOVER_RN(1.0),N_A,TR_BILL_CASH_MNG_BILLS,W,2019,2018,0,2018-08-31,INR,9996000000
RBI:AVG_TURNOVER_RN(1.0),N_A,GOVT_SEC,W,2019,2018,0,2018-08-31,INR,558104707999.9999
RBI:AVG_TURNOVER_RN(1.0),N_A,GOVT_SEC_RBI,W,2019,2018,0,2018-08-31,INR,210000000.00000003
RBI:AVG_TURNOVER_RN(1.0),N_A,CORPO_REPO,W,2019,2018,0,2018-08-31,INR,3584000000
RBI:AVG_TURNOVER_RN(1.0),N_A,MKT_REPO,W,2019,2018,0,2018-08-31,INR,2407071920000
RBI:AVG_TURNOVER_RN(1.0),N_A,TR_BILL_364_DAY,W,2019,2018,0,2018-08-31,INR,3713696000
RBI:AVG_TURNOVER_RN(1.0),N_A,TR_BILL_182_DAY,W,2019,2018,0,2018-08-31,INR,13069672000
RBI:AVG_TURNOVER_RN(1.0),N_A,STATE_GOVT_SEC,W,2019,2018,0,2018-08-31,INR,32117664000
RBI:AVG_TURNOVER_RN(1.0),N_A,CALL_MONEY,W,2019,2018,0,2018-08-31,INR,244347720000
RBI:AVG_TURNOVER_RN(1.0),N_A,TRI_REPO,W,2019,2018,0,2018-08-31,INR,2521704600000
RBI:AVG_TURNOVER_RN(1.0),N_A,TERM_MONEY,W,2019,2018,0,2018-08-31,INR,10459200000
RBI:AVG_TURNOVER_RN(1.0),N_A,TR_BILL_91_DAY,W,2019,2018,0,2018-08-31,INR,54822216000
RBI:AVG_TURNOVER_RN(1.0),N_A,NOTICE_MONEY,W,2019,2018,0,2018-08-31,INR,123528840000
RBI:AVG_TURNOVER_RN(1.0),N_A,TR_BILL_CASH_MNG_BILLS,W,2019,2018,0,2018-08-24,INR,24000000000
RBI:AVG_TURNOVER_RN(1.0),N_A,NOTICE_MONEY,W,2019,2018,0,2018-08-24,INR,2736119999.9999995
RBI:AVG_TURNOVER_RN(1.0),N_A,GOVT_SEC,W,2019,2018,0,2018-08-24,INR,463194580000
RBI:AVG_TURNOVER_RN(1.0),N_A,CALL_MONEY,W,2019,2018,0,2018-08-24,INR,254436120000
RBI:AVG_TURNOVER_RN(1.0),N_A,TRI_REPO,W,2019,2018,0,2018-08-24,INR,2289915200000
RBI:AVG_TURNOVER_RN(1.0),N_A,TR_BILL_364_DAY,W,2019,2018,0,2018-08-24,INR,2523115000
RBI:AVG_TURNOVER_RN(1.0),N_A,TR_BILL_182_DAY,W,2019,2018,0,2018-08-24,INR,8262870000
RBI:AVG_TURNOVER_RN(1.0),N_A,TR_BILL_91_DAY,W,2019,2018,0,2018-08-24,INR,46865465000
RBI:AVG_TURNOVER_RN(1.0),N_A,CORPO_REPO,W,2019,2018,0,2018-08-24,INR,6130000000
RBI:AVG_TURNOVER_RN(1.0),N_A,TERM_MONEY,W,2019,2018,0,2018-08-24,INR,8543040000.000001
RBI:AVG_TURNOVER_RN(1.0),N_A,STATE_GOVT_SEC,W,2019,2018,0,2018-08-24,INR,28792035000.000004
RBI:AVG_TURNOVER_RN(1.0),N_A,FOREX,W,2019,2018,0,2018-08-24,INR,68760500000
RBI:AVG_TURNOVER_RN(1.0),N_A,GOVT_SEC_RBI,W,2019,2018,0,2018-08-24,INR,170000000
RBI:AVG_TURNOVER_RN(1.0),N_A,MKT_REPO,W,2019,2018,0,2018-08-24,INR,1697602400000
RBI:AVG_TURNOVER_RN(1.0),N_A,GOVT_SEC,W,2019,2018,0,2018-08-17,INR,729959320000
RBI:AVG_TURNOVER_RN(1.0),N_A,NOTICE_MONEY,W,2019,2018,0,2018-08-17,INR,190591333333.33334
RBI:AVG_TURNOVER_RN(1.0),N_A,TR_BILL_364_DAY,W,2019,2018,0,2018-08-17,INR,2503586666.6666665
RBI:AVG_TURNOVER_RN(1.0),N_A,TERM_MONEY,W,2019,2018,0,2018-08-17,INR,11176666666.666668
RBI:AVG_TURNOVER_RN(1.0),N_A,CORPO_REPO,W,2019,2018,0,2018-08-17,INR,7986666666.666666
RBI:AVG_TURNOVER_RN(1.0),N_A,TR_BILL_182_DAY,W,2019,2018,0,2018-08-17,INR,27177086666.666668
RBI:AVG_TURNOVER_RN(1.0),N_A,STATE_GOVT_SEC,W,2019,2018,0,2018-08-17,INR,16649706666.666668
RBI:AVG_TURNOVER_RN(1.0),N_A,MKT_REPO,W,2019,2018,0,2018-08-17,INR,2334580800000
RBI:AVG_TURNOVER_RN(1.0),N_A,FOREX,W,2019,2018,0,2018-08-17,INR,77854333333.33333
RBI:AVG_TURNOVER_RN(1.0),N_A,TR_BILL_91_DAY,W,2019,2018,0,2018-08-17,INR,50407353333.33333
RBI:AVG_TURNOVER_RN(1.0),N_A,CALL_MONEY,W,2019,2018,0,2018-08-17,INR,236800466666.66666
RBI:AVG_TURNOVER_RN(1.0),N_A,GOVT_SEC_RBI,W,2019,2018,0,2018-08-17,INR,2270000000
RBI:AVG_TURNOVER_RN(1.0),N_A,TR_BILL_CASH_MNG_BILLS,W,2019,2018,0,2018-08-17,INR,36440660000
RBI:AVG_TURNOVER_RN(1.0),N_A,TRI_REPO,W,2019,2018,0,2018-08-17,INR,2166968666666.6667
RBI:AVG_TURNOVER_RN(1.0),N_A,FOREX,W,2019,2018,0,2018-08-10,INR,59367000000
RBI:AVG_TURNOVER_RN(1.0),N_A,GOVT_SEC,W,2019,2018,0,2018-08-10,INR,529991372000
RBI:AVG_TURNOVER_RN(1.0),N_A,TR_BILL_182_DAY,W,2019,2018,0,2018-08-10,INR,17719216000
RBI:AVG_TURNOVER_RN(1.0),N_A,STATE_GOVT_SEC,W,2019,2018,0,2018-08-10,INR,55217448000
RBI:AVG_TURNOVER_RN(1.0),N_A,GOVT_SEC_RBI,W,2019,2018,0,2018-08-10,INR,90000000
RBI:AVG_TURNOVER_RN(1.0),N_A,CALL_MONEY,W,2019,2018,0,2018-08-10,INR,242896433333.3333
RBI:AVG_TURNOVER_RN(1.0),N_A,TR_BILL_364_DAY,W,2019,2018,0,2018-08-10,INR,3993012000
RBI:AVG_TURNOVER_RN(1.0),N_A,NOTICE_MONEY,W,2019,2018,0,2018-08-10,INR,5239433333.333333
RBI:AVG_TURNOVER_RN(1.0),N_A,TR_BILL_91_DAY,W,2019,2018,0,2018-08-10,INR,53960480000.00001
RBI:AVG_TURNOVER_RN(1.0),N_A,CORPO_REPO,W,2019,2018,0,2018-08-10,INR,6424000000
RBI:AVG_TURNOVER_RN(1.0),N_A,TERM_MONEY,W,2019,2018,0,2018-08-10,INR,10076900000
RBI:AVG_TURNOVER_RN(1.0),N_A,TRI_REPO,W,2019,2018,0,2018-08-10,INR,2085718166666.6665
RBI:AVG_TURNOVER_RN(1.0),N_A,TR_BILL_CASH_MNG_BILLS,W,2019,2018,0,2018-08-10,INR,11485256000
RBI:AVG_TURNOVER_RN(1.0),N_A,MKT_REPO,W,2019,2018,0,2018-08-10,INR,1578711066666.6665
RBI:AVG_TURNOVER_RN(1.0),N_A,FOREX,W,2019,2018,0,2018-08-03,INR,69923400000
RBI:AVG_TURNOVER_RN(1.0),N_A,MKT_REPO,W,2019,2018,0,2018-08-03,INR,2587194160000.0005
RBI:AVG_TURNOVER_RN(1.0),N_A,GOVT_SEC,W,2019,2018,0,2018-08-03,INR,709767576000
RBI:AVG_TURNOVER_RN(1.0),N_A,TR_BILL_91_DAY,W,2019,2018,0,2018-08-03,INR,46342476000.00001
RBI:AVG_TURNOVER_RN(1.0),N_A,TR_BILL_182_DAY,W,2019,2018,0,2018-08-03,INR,10503564000.000002
RBI:AVG_TURNOVER_RN(1.0),N_A,GOVT_SEC_RBI,W,2019,2018,0,2018-08-03,INR,9320000000
RBI:AVG_TURNOVER_RN(1.0),N_A,TR_BILL_CASH_MNG_BILLS,W,2019,2018,0,2018-08-03,INR,11858080000
RBI:AVG_TURNOVER_RN(1.0),N_A,TRI_REPO,W,2019,2018,0,2018-08-03,INR,2298636200000.0005
RBI:AVG_TURNOVER_RN(1.0),N_A,TERM_MONEY,W,2019,2018,0,2018-08-03,INR,8061200000
RBI:AVG_TURNOVER_RN(1.0),N_A,NOTICE_MONEY,W,2019,2018,0,2018-08-03,INR,85229480000
RBI:AVG_TURNOVER_RN(1.0),N_A,TR_BILL_364_DAY,W,2019,2018,0,2018-08-03,INR,3339956000.0000005
RBI:AVG_TURNOVER_RN(1.0),N_A,CALL_MONEY,W,2019,2018,0,2018-08-03,INR,278983560000
RBI:AVG_TURNOVER_RN(1.0),N_A,CORPO_REPO,W,2019,2018,0,2018-08-03,INR,10256000000
RBI:AVG_TURNOVER_RN(1.0),N_A,STATE_GOVT_SEC,W,2019,2018,0,2018-08-03,INR,23243776000.000004
RBI:AVG_TURNOVER_RN(1.0),N_A,CORPO_REPO,W,2019,2018,0,2018-07-27,INR,2552000000
RBI:AVG_TURNOVER_RN(1.0),N_A,TR_BILL_364_DAY,W,2019,2018,0,2018-07-27,INR,6316336000
RBI:AVG_TURNOVER_RN(1.0),N_A,GOVT_SEC_RBI,W,2019,2018,0,2018-07-27,INR,40000000
RBI:AVG_TURNOVER_RN(1.0),N_A,TR_BILL_182_DAY,W,2019,2018,0,2018-07-27,INR,4306524000.000001
RBI:AVG_TURNOVER_RN(1.0),N_A,CALL_MONEY,W,2019,2018,0,2018-07-27,INR,259680666666.66666
RBI:AVG_TURNOVER_RN(1.0),N_A,NOTICE_MONEY,W,2019,2018,0,2018-07-27,INR,3729033333.3333335
RBI:AVG_TURNOVER_RN(1.0),N_A,TERM_MONEY,W,2019,2018,0,2018-07-27,INR,7471533333.333333
RBI:AVG_TURNOVER_RN(1.0),N_A,GOVT_SEC,W,2019,2018,0,2018-07-27,INR,497971815999.99994
RBI:AVG_TURNOVER_RN(1.0),N_A,TR_BILL_91_DAY,W,2019,2018,0,2018-07-27,INR,30814264000
RBI:AVG_TURNOVER_RN(1.0),N_A,STATE_GOVT_SEC,W,2019,2018,0,2018-07-27,INR,34039536000
RBI:AVG_TURNOVER_RN(1.0),N_A,TR_BILL_CASH_MNG_BILLS,W,2019,2018,0,2018-07-27,INR,10891000000
RBI:AVG_TURNOVER_RN(1.0),N_A,FOREX,W,2019,2018,0,2018-07-27,INR,66402000000
RBI:AVG_TURNOVER_RN(1.0),N_A,MKT_REPO,W,2019,2018,0,2018-07-27,INR,1642402400000
RBI:AVG_TURNOVER_RN(1.0),N_A,TRI_REPO,W,2019,2018,0,2018-07-27,INR,2108758000000.0002
RBI:AVG_TURNOVER_RN(1.0),N_A,GOVT_SEC_RBI,W,2019,2018,0,2018-07-20,INR,20259999999.999996
RBI:AVG_TURNOVER_RN(1.0),N_A,CALL_MONEY,W,2019,2018,0,2018-07-20,INR,245860000000
RBI:AVG_TURNOVER_RN(1.0),N_A,GOVT_SEC,W,2019,2018,0,2018-07-20,INR,766874716000
RBI:AVG_TURNOVER_RN(1.0),N_A,TR_BILL_182_DAY,W,2019,2018,0,2018-07-20,INR,8611636000
RBI:AVG_TURNOVER_RN(1.0),N_A,TR_BILL_91_DAY,W,2019,2018,0,2018-07-20,INR,35995016000.00001
RBI:AVG_TURNOVER_RN(1.0),N_A,FOREX,W,2019,2018,0,2018-07-20,INR,57245600000
RBI:AVG_TURNOVER_RN(1.0),N_A,TERM_MONEY,W,2019,2018,0,2018-07-20,INR,13929600000
RBI:AVG_TURNOVER_RN(1.0),N_A,TR_BILL_CASH_MNG_BILLS,W,2019,2018,0,2018-07-20,INR,15381888000.000002
RBI:AVG_TURNOVER_RN(1.0),N_A,CORPO_REPO,W,2019,2018,0,2018-07-20,INR,1880000000
RBI:AVG_TURNOVER_RN(1.0),N_A,MKT_REPO,W,2019,2018,0,2018-07-20,INR,2034074639999.9998
RBI:AVG_TURNOVER_RN(1.0),N_A,TR_BILL_364_DAY,W,2019,2018,0,2018-07-20,INR,11288755999.999998
RBI:AVG_TURNOVER_RN(1.0),N_A,NOTICE_MONEY,W,2019,2018,0,2018-07-20,INR,96003760000
RBI:AVG_TURNOVER_RN(1.0),N_A,TRI_REPO,W,2019,2018,0,2018-07-20,INR,2322464800000
RBI:AVG_TURNOVER_RN(1.0),N_A,STATE_GOVT_SEC,W,2019,2018,0,2018-07-20,INR,45630260000
RBI:AVG_TURNOVER_RN(1.0),N_A,CALL_MONEY,W,2019,2018,0,2018-07-13,INR,313953640000
RBI:AVG_TURNOVER_RN(1.0),N_A,TR_BILL_91_DAY,W,2019,2018,0,2018-07-13,INR,21018925000
RBI:AVG_TURNOVER_RN(1.0),N_A,GOVT_SEC,W,2019,2018,0,2018-07-13,INR,493789720000
RBI:AVG_TURNOVER_RN(1.0),N_A,MKT_REPO,W,2019,2018,0,2018-07-13,INR,2068128480000
RBI:AVG_TURNOVER_RN(1.0),N_A,CORPO_REPO,W,2019,2018,0,2018-07-13,INR,3050000000
RBI:AVG_TURNOVER_RN(1.0),N_A,TRI_REPO,W,2019,2018,0,2018-07-13,INR,2469525200000
RBI:AVG_TURNOVER_RN(1.0),N_A,GOVT_SEC_RBI,W,2019,2018,0,2018-07-13,INR,2775000000
RBI:AVG_TURNOVER_RN(1.0),N_A,TERM_MONEY,W,2019,2018,0,2018-07-13,INR,11057440000.000002
RBI:AVG_TURNOVER_RN(1.0),N_A,NOTICE_MONEY,W,2019,2018,0,2018-07-13,INR,3581440000
RBI:AVG_TURNOVER_RN(1.0),N_A,TR_BILL_364_DAY,W,2019,2018,0,2018-07-13,INR,4993905000
RBI:AVG_TURNOVER_RN(1.0),N_A,FOREX,W,2019,2018,0,2018-07-13,INR,70513750000
RBI:AVG_TURNOVER_RN(1.0),N_A,TR_BILL_CASH_MNG_BILLS,W,2019,2018,0,2018-07-13,INR,71983700000
RBI:AVG_TURNOVER_RN(1.0),N_A,STATE_GOVT_SEC,W,2019,2018,0,2018-07-13,INR,27983164999.999996
RBI:AVG_TURNOVER_RN(1.0),N_A,TR_BILL_182_DAY,W,2019,2018,0,2018-07-13,INR,20229440000
RBI:AVG_TURNOVER_RN(1.0),N_A,TR_BILL_182_DAY,W,2019,2018,0,2018-07-06,INR,9988424000.000002
RBI:AVG_TURNOVER_RN(1.0),N_A,NOTICE_MONEY,W,2019,2018,0,2018-07-06,INR,74860000000
RBI:AVG_TURNOVER_RN(1.0),N_A,CALL_MONEY,W,2019,2018,0,2018-07-06,INR,214223333333.3333
RBI:AVG_TURNOVER_RN(1.0),N_A,TR_BILL_91_DAY,W,2019,2018,0,2018-07-06,INR,16322324000.000002
RBI:AVG_TURNOVER_RN(1.0),N_A,GOVT_SEC_RBI,W,2019,2018,0,2018-07-06,INR,380000000
RBI:AVG_TURNOVER_RN(1.0),N_A,CORPO_REPO,W,2019,2018,0,2018-07-06,INR,6992000000
RBI:AVG_TURNOVER_RN(1.0),N_A,STATE_GOVT_SEC,W,2019,2018,0,2018-07-06,INR,17616652000
RBI:AVG_TURNOVER_RN(1.0),N_A,GOVT_SEC,W,2019,2018,0,2018-07-06,INR,410526452000
RBI:AVG_TURNOVER_RN(1.0),N_A,TERM_MONEY,W,2019,2018,0,2018-07-06,INR,13210000000
RBI:AVG_TURNOVER_RN(1.0),N_A,TR_BILL_CASH_MNG_BILLS,W,2019,2018,0,2018-07-06,INR,15629443999.999998
RBI:AVG_TURNOVER_RN(1.0),N_A,TRI_REPO,W,2019,2018,0,2018-07-06,INR,2078598500000
RBI:AVG_TURNOVER_RN(1.0),N_A,TR_BILL_364_DAY,W,2019,2018,0,2018-07-06,INR,4265492000.0000005
RBI:AVG_TURNOVER_RN(1.0),N_A,MKT_REPO,W,2019,2018,0,2018-07-06,INR,1965474333333.3335
RBI:AVG_TURNOVER_RN(1.0),N_A,FOREX,W,2019,2018,0,2018-07-06,INR,58122200000
RBI:AVG_TURNOVER_RN(1.0),N_A,CALL_MONEY,W,2019,2018,0,2018-06-29,INR,263027039999.99997
RBI:AVG_TURNOVER_RN(1.0),N_A,TERM_MONEY,W,2019,2018,0,2018-06-29,INR,7141200000
RBI:AVG_TURNOVER_RN(1.0),N_A,FOREX,W,2019,2018,0,2018-06-29,INR,74203000000
RBI:AVG_TURNOVER_RN(1.0),N_A,TR_BILL_CASH_MNG_BILLS,W,2019,2018,0,2018-06-29,INR,23465436000
RBI:AVG_TURNOVER_RN(1.0),N_A,GOVT_SEC,W,2019,2018,0,2018-06-29,INR,478954776000
RBI:AVG_TURNOVER_RN(1.0),N_A,MKT_REPO,W,2019,2018,0,2018-06-29,INR,2146294720000
RBI:AVG_TURNOVER_RN(1.0),N_A,NOTICE_MONEY,W,2019,2018,0,2018-06-29,INR,47514440000.00001
RBI:AVG_TURNOVER_RN(1.0),N_A,TRI_REPO,W,2019,2018,0,2018-06-29,INR,2659271000000
RBI:AVG_TURNOVER_RN(1.0),N_A,GOVT_SEC_RBI,W,2019,2018,0,2018-06-29,INR,1319999999.9999998
RBI:AVG_TURNOVER_RN(1.0),N_A,STATE_GOVT_SEC,W,2019,2018,0,2018-06-29,INR,29883096000.000004
RBI:AVG_TURNOVER_RN(1.0),N_A,TR_BILL_364_DAY,W,2019,2018,0,2018-06-29,INR,2706068000
RBI:AVG_TURNOVER_RN(1.0),N_A,TR_BILL_182_DAY,W,2019,2018,0,2018-06-29,INR,11984712000
RBI:AVG_TURNOVER_RN(1.0),N_A,TR_BILL_91_DAY,W,2019,2018,0,2018-06-29,INR,34336308000
RBI:AVG_TURNOVER_RN(1.0),N_A,CORPO_REPO,W,2019,2018,0,2018-06-29,INR,3632000000
RBI:AVG_TURNOVER_RN(1.0),N_A,TERM_MONEY,W,2019,2018,0,2018-06-22,INR,6998640000
RBI:AVG_TURNOVER_RN(1.0),N_A,TRI_REPO,W,2019,2018,0,2018-06-22,INR,2237882400000
RBI:AVG_TURNOVER_RN(1.0),N_A,CALL_MONEY,W,2019,2018,0,2018-06-22,INR,428584000000
RBI:AVG_TURNOVER_RN(1.0),N_A,FOREX,W,2019,2018,0,2018-06-22,INR,62202000000
RBI:AVG_TURNOVER_RN(1.0),N_A,CORPO_REPO,W,2019,2018,0,2018-06-22,INR,7584000000
RBI:AVG_TURNOVER_RN(1.0),N_A,TR_BILL_CASH_MNG_BILLS,W,2019,2018,0,2018-06-22,INR,13206020000
RBI:AVG_TURNOVER_RN(1.0),N_A,GOVT_SEC_RBI,W,2019,2018,0,2018-06-22,INR,20119999999.999996
RBI:AVG_TURNOVER_RN(1.0),N_A,MKT_REPO,W,2019,2018,0,2018-06-22,INR,2491077200000.0005
RBI:AVG_TURNOVER_RN(1.0),N_A,TR_BILL_91_DAY,W,2019,2018,0,2018-06-22,INR,44872576000
RBI:AVG_TURNOVER_RN(1.0),N_A,NOTICE_MONEY,W,2019,2018,0,2018-06-22,INR,3271160000
RBI:AVG_TURNOVER_RN(1.0),N_A,TR_BILL_182_DAY,W,2019,2018,0,2018-06-22,INR,4482979999.999999
RBI:AVG_TURNOVER_RN(1.0),N_A,STATE_GOVT_SEC,W,2019,2018,0,2018-06-22,INR,29458072000.000004
RBI:AVG_TURNOVER_RN(1.0),N_A,GOVT_SEC,W,2019,2018,0,2018-06-22,INR,623926023999.9999
RBI:AVG_TURNOVER_RN(1.0),N_A,TR_BILL_364_DAY,W,2019,2018,0,2018-06-22,INR,9013824000
RBI:AVG_TURNOVER_RN(1.0),N_A,GOVT_SEC,W,2019,2018,0,2018-06-15,INR,552989240000
RBI:AVG_TURNOVER_RN(1.0),N_A,STATE_GOVT_SEC,W,2019,2018,0,2018-06-15,INR,27698859999.999996
RBI:AVG_TURNOVER_RN(1.0),N_A,TRI_REPO,W,2019,2018,0,2018-06-15,INR,2303429000000
RBI:AVG_TURNOVER_RN(1.0),N_A,TR_BILL_364_DAY,W,2019,2018,0,2018-06-15,INR,6036076000
RBI:AVG_TURNOVER_RN(1.0),N_A,GOVT_SEC_RBI,W,2019,2018,0,2018-06-15,INR,1430000000.0000002
RBI:AVG_TURNOVER_RN(1.0),N_A,CORPO_REPO,W,2019,2018,0,2018-06-15,INR,7048000000
RBI:AVG_TURNOVER_RN(1.0),N_A,TR_BILL_91_DAY,W,2019,2018,0,2018-06-15,INR,2040368000
RBI:AVG_TURNOVER_RN(1.0),N_A,FOREX,W,2019,2018,0,2018-06-15,INR,54623400000
RBI:AVG_TURNOVER_RN(1.0),N_A,TERM_MONEY,W,2019,2018,0,2018-06-15,INR,10890280000
RBI:AVG_TURNOVER_RN(1.0),N_A,CALL_MONEY,W,2019,2018,0,2018-06-15,INR,292450480000
RBI:AVG_TURNOVER_RN(1.0),N_A,MKT_REPO,W,2019,2018,0,2018-06-15,INR,2167067279999.9998
RBI:AVG_TURNOVER_RN(1.0),N_A,TR_BILL_182_DAY,W,2019,2018,0,2018-06-15,INR,5781780000
RBI:AVG_TURNOVER_RN(1.0),N_A,NOTICE_MONEY,W,2019,2018,0,2018-06-15,INR,6622600000
RBI:AVG_TURNOVER_RN(1.0),N_A,TR_BILL_CASH_MNG_BILLS,W,2019,2018,0,2018-06-15,INR,70353552000
RBI:AVG_TURNOVER_RN(1.0),N_A,STATE_GOVT_SEC,W,2019,2018,0,2018-06-08,INR,33523019999.999996
RBI:AVG_TURNOVER_RN(1.0),N_A,GOVT_SEC_RBI,W,2019,2018,0,2018-06-08,INR,20000000
RBI:AVG_TURNOVER_RN(1.0),N_A,TR_BILL_CASH_MNG_BILLS,W,2019,2018,0,2018-06-08,INR,25387720000
RBI:AVG_TURNOVER_RN(1.0),N_A,TRI_REPO,W,2019,2018,0,2018-06-08,INR,1868834833333.333
RBI:AVG_TURNOVER_RN(1.0),N_A,NOTICE_MONEY,W,2019,2018,0,2018-06-08,INR,4350766666.666667
RBI:AVG_TURNOVER_RN(1.0),N_A,TR_BILL_364_DAY,W,2019,2018,0,2018-06-08,INR,11761528000
RBI:AVG_TURNOVER_RN(1.0),N_A,TR_BILL_91_DAY,W,2019,2018,0,2018-06-08,INR,49692888000
RBI:AVG_TURNOVER_RN(1.0),N_A,CALL_MONEY,W,2019,2018,0,2018-06-08,INR,328544133333.3334
RBI:AVG_TURNOVER_RN(1.0),N_A,TR_BILL_182_DAY,W,2019,2018,0,2018-06-08,INR,12984796000.000002
RBI:AVG_TURNOVER_RN(1.0),N_A,GOVT_SEC,W,2019,2018,0,2018-06-08,INR,495013848000.00006
RBI:AVG_TURNOVER_RN(1.0),N_A,CORPO_REPO,W,2019,2018,0,2018-06-08,INR,4712000000
RBI:AVG_TURNOVER_RN(1.0),N_A,FOREX,W,2019,2018,0,2018-06-08,INR,60304200000
RBI:AVG_TURNOVER_RN(1.0),N_A,MKT_REPO,W,2019,2018,0,2018-06-08,INR,2031610000000
RBI:AVG_TURNOVER_RN(1.0),N_A,TERM_MONEY,W,2019,2018,0,2018-06-08,INR,6674000000
RBI:AVG_TURNOVER_RN(1.0),N_A,TR_BILL_182_DAY,W,2019,2018,0,2018-06-01,INR,3385884000
RBI:AVG_TURNOVER_RN(1.0),N_A,GOVT_SEC_RBI,W,2019,2018,0,2018-06-01,INR,20000000
RBI:AVG_TURNOVER_RN(1.0),N_A,CALL_MONEY,W,2019,2018,0,2018-06-01,INR,260833000000
RBI:AVG_TURNOVER_RN(1.0),N_A,TR_BILL_364_DAY,W,2019,2018,0,2018-06-01,INR,3054368000
RBI:AVG_TURNOVER_RN(1.0),N_A,MKT_REPO,W,2019,2018,0,2018-06-01,INR,1935870800000.0002
RBI:AVG_TURNOVER_RN(1.0),N_A,TRI_REPO,W,2019,2018,0,2018-06-01,INR,2222913400000
RBI:AVG_TURNOVER_RN(1.0),N_A,FOREX,W,2019,2018,0,2018-06-01,INR,69147800000
RBI:AVG_TURNOVER_RN(1.0),N_A,GOVT_SEC,W,2019,2018,0,2018-06-01,INR,532203111999.99994
RBI:AVG_TURNOVER_RN(1.0),N_A,TERM_MONEY,W,2019,2018,0,2018-06-01,INR,7858000000
RBI:AVG_TURNOVER_RN(1.0),N_A,NOTICE_MONEY,W,2019,2018,0,2018-06-01,INR,79318480000
RBI:AVG_TURNOVER_RN(1.0),N_A,CORPO_REPO,W,2019,2018,0,2018-06-01,INR,480000000
RBI:AVG_TURNOVER_RN(1.0),N_A,TR_BILL_91_DAY,W,2019,2018,0,2018-06-01,INR,36073888000
RBI:AVG_TURNOVER_RN(1.0),N_A,STATE_GOVT_SEC,W,2019,2018,0,2018-06-01,INR,31392100000
RBI:AVG_TURNOVER_RN(1.0),N_A,TR_BILL_182_DAY,W,2019,2018,0,2018-05-25,INR,6888492000
RBI:AVG_TURNOVER_RN(1.0),N_A,GOVT_SEC_RBI,W,2019,2018,0,2018-05-25,INR,3829999999.9999995
RBI:AVG_TURNOVER_RN(1.0),N_A,TRI_REPO,W,2019,2018,0,2018-05-25,INR,1783995833333.3335
RBI:AVG_TURNOVER_RN(1.0),N_A,STATE_GOVT_SEC,W,2019,2018,0,2018-05-25,INR,26957464000
RBI:AVG_TURNOVER_RN(1.0),N_A,NOTICE_MONEY,W,2019,2018,0,2018-05-25,INR,4475133333.333333
RBI:AVG_TURNOVER_RN(1.0),N_A,TERM_MONEY,W,2019,2018,0,2018-05-25,INR,5054833333.333333
RBI:AVG_TURNOVER_RN(1.0),N_A,CALL_MONEY,W,2019,2018,0,2018-05-25,INR,315554700000
RBI:AVG_TURNOVER_RN(1.0),N_A,TR_BILL_91_DAY,W,2019,2018,0,2018-05-25,INR,25738332000
RBI:AVG_TURNOVER_RN(1.0),N_A,GOVT_SEC,W,2019,2018,0,2018-05-25,INR,511594656000.00006
RBI:AVG_TURNOVER_RN(1.0),N_A,MKT_REPO,W,2019,2018,0,2018-05-25,INR,1812463866666.667
RBI:AVG_TURNOVER_RN(1.0),N_A,CORPO_REPO,W,2019,2018,0,2018-05-25,INR,8248000000
RBI:AVG_TURNOVER_RN(1.0),N_A,TR_BILL_364_DAY,W,2019,2018,0,2018-05-25,INR,12106040000
RBI:AVG_TURNOVER_RN(1.0),N_A,FOREX,W,2019,2018,0,2018-05-25,INR,64600000000
RBI:AVG_TURNOVER_RN(1.0),N_A,TR_BILL_182_DAY,W,2019,2018,0,2018-05-18,INR,7328548000
RBI:AVG_TURNOVER_RN(1.0),N_A,FOREX,W,2019,2018,0,2018-05-18,INR,67237600000
RBI:AVG_TURNOVER_RN(1.0),N_A,CORPO_REPO,W,2019,2018,0,2018-05-18,INR,2584000000
RBI:AVG_TURNOVER_RN(1.0),N_A,TR_BILL_91_DAY,W,2019,2018,0,2018-05-18,INR,11742664000
RBI:AVG_TURNOVER_RN(1.0),N_A,CALL_MONEY,W,2019,2018,0,2018-05-18,INR,203220880000
RBI:AVG_TURNOVER_RN(1.0),N_A,STATE_GOVT_SEC,W,2019,2018,0,2018-05-18,INR,29783296000.000004
RBI:AVG_TURNOVER_RN(1.0),N_A,TRI_REPO,W,2019,2018,0,2018-05-18,INR,2232626800000
RBI:AVG_TURNOVER_RN(1.0),N_A,TR_BILL_364_DAY,W,2019,2018,0,2018-05-18,INR,5285168000
RBI:AVG_TURNOVER_RN(1.0),N_A,TERM_MONEY,W,2019,2018,0,2018-05-18,INR,6220000000
RBI:AVG_TURNOVER_RN(1.0),N_A,NOTICE_MONEY,W,2019,2018,0,2018-05-18,INR,68238440000
RBI:AVG_TURNOVER_RN(1.0),N_A,GOVT_SEC,W,2019,2018,0,2018-05-18,INR,406549356000.00006
RBI:AVG_TURNOVER_RN(1.0),N_A,MKT_REPO,W,2019,2018,0,2018-05-18,INR,2055320960000
RBI:AVG_TURNOVER_RN(1.0),N_A,GOVT_SEC_RBI,W,2019,2018,0,2018-05-18,INR,21650000000
RBI:AVG_TURNOVER_RN(1.0),N_A,TR_BILL_364_DAY,W,2019,2018,0,2018-05-11,INR,8611920000
RBI:AVG_TURNOVER_RN(1.0),N_A,TR_BILL_182_DAY,W,2019,2018,0,2018-05-11,INR,20386448000
RBI:AVG_TURNOVER_RN(1.0),N_A,CALL_MONEY,W,2019,2018,0,2018-05-11,INR,247615366666.66666
RBI:AVG_TURNOVER_RN(1.0),N_A,TERM_MONEY,W,2019,2018,0,2018-05-11,INR,10858833333.333334
RBI:AVG_TURNOVER_RN(1.0),N_A,CORPO_REPO,W,2019,2018,0,2018-05-11,INR,3424000000
RBI:AVG_TURNOVER_RN(1.0),N_A,FOREX,W,2019,2018,0,2018-05-11,INR,66121600000
RBI:AVG_TURNOVER_RN(1.0),N_A,TR_BILL_91_DAY,W,2019,2018,0,2018-05-11,INR,24848424000
RBI:AVG_TURNOVER_RN(1.0),N_A,GOVT_SEC,W,2019,2018,0,2018-05-11,INR,523003680000
RBI:AVG_TURNOVER_RN(1.0),N_A,STATE_GOVT_SEC,W,2019,2018,0,2018-05-11,INR,46104732000.00001
RBI:AVG_TURNOVER_RN(1.0),N_A,NOTICE_MONEY,W,2019,2018,0,2018-05-11,INR,2589333333.3333335
RBI:AVG_TURNOVER_RN(1.0),N_A,MKT_REPO,W,2019,2018,0,2018-05-11,INR,1903647400000
RBI:AVG_TURNOVER_RN(1.0),N_A,TRI_REPO,W,2019,2018,0,2018-05-11,INR,1618633333333.3335
RBI:AVG_TURNOVER_RN(1.0),N_A,GOVT_SEC_RBI,W,2019,2018,0,2018-05-11,INR,390000000
RBI:AVG_TURNOVER_RN(1.0),N_A,CALL_MONEY,W,2019,2018,0,2018-05-04,INR,204409600000
RBI:AVG_TURNOVER_RN(1.0),N_A,FOREX,W,2019,2018,0,2018-05-04,INR,66756333333.33333
RBI:AVG_TURNOVER_RN(1.0),N_A,TERM_MONEY,W,2019,2018,0,2018-05-04,INR,7867666666.666668
RBI:AVG_TURNOVER_RN(1.0),N_A,GOVT_SEC,W,2019,2018,0,2018-05-04,INR,386386333333.3333
RBI:AVG_TURNOVER_RN(1.0),N_A,STATE_GOVT_SEC,W,2019,2018,0,2018-05-04,INR,26607620000
RBI:AVG_TURNOVER_RN(1.0),N_A,NOTICE_MONEY,W,2019,2018,0,2018-05-04,INR,108821666666.66666
RBI:AVG_TURNOVER_RN(1.0),N_A,TRI_REPO,W,2019,2018,0,2018-05-04,INR,2029582666666.667
RBI:AVG_TURNOVER_RN(1.0),N_A,TR_BILL_364_DAY,W,2019,2018,0,2018-05-04,INR,10995653333.333332
RBI:AVG_TURNOVER_RN(1.0),N_A,TR_BILL_182_DAY,W,2019,2018,0,2018-05-04,INR,2935733333.333333
RBI:AVG_TURNOVER_RN(1.0),N_A,GOVT_SEC_RBI,W,2019,2018,0,2018-05-04,INR,139999999.99999997
RBI:AVG_TURNOVER_RN(1.0),N_A,MKT_REPO,W,2019,2018,0,2018-05-04,INR,1705583200000
RBI:AVG_TURNOVER_RN(1.0),N_A,TR_BILL_91_DAY,W,2019,2018,0,2018-05-04,INR,31052446666.666668
RBI:AVG_TURNOVER_RN(1.0),N_A,CORPO_REPO,W,2019,2018,0,2018-05-04,INR,1466666666.6666665
RBI:AVG_TURNOVER_RN(1.0),N_A,CORPO_REPO,W,2019,2018,0,2018-04-27,INR,1528000000
RBI:AVG_TURNOVER_RN(1.0),N_A,TR_BILL_364_DAY,W,2019,2018,0,2018-04-27,INR,17513672000
RBI:AVG_TURNOVER_RN(1.0),N_A,CALL_MONEY,W,2019,2018,0,2018-04-27,INR,361295166666.6667
RBI:AVG_TURNOVER_RN(1.0),N_A,GOVT_SEC,W,2019,2018,0,2018-04-27,INR,711001464000
RBI:AVG_TURNOVER_RN(1.0),N_A,FOREX,W,2019,2018,0,2018-04-27,INR,81771000000
RBI:AVG_TURNOVER_RN(1.0),N_A,GOVT_SEC_RBI,W,2019,2018,0,2018-04-27,INR,24190000000
RBI:AVG_TURNOVER_RN(1.0),N_A,MKT_REPO,W,2019,2018,0,2018-04-27,INR,2230919266666.6665
RBI:AVG_TURNOVER_RN(1.0),N_A,NOTICE_MONEY,W,2019,2018,0,2018-04-27,INR,3002000000
RBI:AVG_TURNOVER_RN(1.0),N_A,TRI_REPO,W,2019,2018,0,2018-04-27,INR,1796247166666.6667
RBI:AVG_TURNOVER_RN(1.0),N_A,TR_BILL_182_DAY,W,2019,2018,0,2018-04-27,INR,10718768000
RBI:AVG_TURNOVER_RN(1.0),N_A,STATE_GOVT_SEC,W,2019,2018,0,2018-04-27,INR,55276516000
RBI:AVG_TURNOVER_RN(1.0),N_A,TR_BILL_91_DAY,W,2019,2018,0,2018-04-27,INR,31643936000.000004
RBI:AVG_TURNOVER_RN(1.0),N_A,TERM_MONEY,W,2019,2018,0,2018-04-27,INR,13373066666.666666
RBI:AVG_TURNOVER_RN(1.0),N_A,MKT_REPO,W,2019,2018,0,2018-04-20,INR,1716758160000
RBI:AVG_TURNOVER_RN(1.0),N_A,GOVT_SEC_RBI,W,2019,2018,0,2018-04-20,INR,900000000
RBI:AVG_TURNOVER_RN(1.0),N_A,TRI_REPO,W,2019,2018,0,2018-04-20,INR,2190121200000.0002
RBI:AVG_TURNOVER_RN(1.0),N_A,CALL_MONEY,W,2019,2018,0,2018-04-20,INR,214684000000
RBI:AVG_TURNOVER_RN(1.0),N_A,FOREX,W,2019,2018,0,2018-04-20,INR,66532000000
RBI:AVG_TURNOVER_RN(1.0),N_A,TR_BILL_91_DAY,W,2019,2018,0,2018-04-20,INR,25949236000
RBI:AVG_TURNOVER_RN(1.0),N_A,NOTICE_MONEY,W,2019,2018,0,2018-04-20,INR,72047880000
RBI:AVG_TURNOVER_RN(1.0),N_A,TR_BILL_182_DAY,W,2019,2018,0,2018-04-20,INR,17170936000.000002
RBI:AVG_TURNOVER_RN(1.0),N_A,TERM_MONEY,W,2019,2018,0,2018-04-20,INR,9768000000
RBI:AVG_TURNOVER_RN(1.0),N_A,CORPO_REPO,W,2019,2018,0,2018-04-20,INR,3760000000
RBI:AVG_TURNOVER_RN(1.0),N_A,GOVT_SEC,W,2019,2018,0,2018-04-20,INR,618880936000
RBI:AVG_TURNOVER_RN(1.0),N_A,STATE_GOVT_SEC,W,2019,2018,0,2018-04-20,INR,42164591999.99999
RBI:AVG_TURNOVER_RN(1.0),N_A,TR_BILL_364_DAY,W,2019,2018,0,2018-04-20,INR,13111176000
RBI:AVG_TURNOVER_RN(1.0),N_A,MKT_REPO,W,2019,2018,0,2018-04-13,INR,1733956466666.6667
RBI:AVG_TURNOVER_RN(1.0),N_A,CALL_MONEY,W,2019,2018,0,2018-04-13,INR,273923999999.99997
RBI:AVG_TURNOVER_RN(1.0),N_A,TR_BILL_182_DAY,W,2019,2018,0,2018-04-13,INR,11522123999.999998
RBI:AVG_TURNOVER_RN(1.0),N_A,FOREX,W,2019,2018,0,2018-04-13,INR,69454200000
RBI:AVG_TURNOVER_RN(1.0),N_A,GOVT_SEC_RBI,W,2019,2018,0,2018-04-13,INR,7360000000
RBI:AVG_TURNOVER_RN(1.0),N_A,TRI_REPO,W,2019,2018,0,2018-04-13,INR,1757755000000
RBI:AVG_TURNOVER_RN(1.0),N_A,TERM_MONEY,W,2019,2018,0,2018-04-13,INR,6849800000
RBI:AVG_TURNOVER_RN(1.0),N_A,NOTICE_MONEY,W,2019,2018,0,2018-04-13,INR,1757233333.3333333
RBI:AVG_TURNOVER_RN(1.0),N_A,GOVT_SEC,W,2019,2018,0,2018-04-13,INR,955047708000
RBI:AVG_TURNOVER_RN(1.0),N_A,TR_BILL_91_DAY,W,2019,2018,0,2018-04-13,INR,17865056000
RBI:AVG_TURNOVER_RN(1.0),N_A,STATE_GOVT_SEC,W,2019,2018,0,2018-04-13,INR,57761024000
RBI:AVG_TURNOVER_RN(1.0),N_A,CORPO_REPO,W,2019,2018,0,2018-04-13,INR,5080000000
RBI:AVG_TURNOVER_RN(1.0),N_A,TR_BILL_364_DAY,W,2019,2018,0,2018-04-13,INR,18030868000
RBI:AVG_TURNOVER_RN(1.0),N_A,TR_BILL_91_DAY,W,2019,2018,0,2018-04-06,INR,36143375000
RBI:AVG_TURNOVER_RN(1.0),N_A,GOVT_SEC_RBI,W,2019,2018,0,2018-04-06,INR,3337500000
RBI:AVG_TURNOVER_RN(1.0),N_A,NOTICE_MONEY,W,2019,2018,0,2018-04-06,INR,73303440000
RBI:AVG_TURNOVER_RN(1.0),N_A,FOREX,W,2019,2018,0,2018-04-06,INR,74287500000
RBI:AVG_TURNOVER_RN(1.0),N_A,STATE_GOVT_SEC,W,2019,2018,0,2018-04-06,INR,38721040000
RBI:AVG_TURNOVER_RN(1.0),N_A,CALL_MONEY,W,2019,2018,0,2018-04-06,INR,258303720000
RBI:AVG_TURNOVER_RN(1.0),N_A,TR_BILL_182_DAY,W,2019,2018,0,2018-04-06,INR,5226860000
RBI:AVG_TURNOVER_RN(1.0),N_A,TERM_MONEY,W,2019,2018,0,2018-04-06,INR,21640279999.999996
RBI:AVG_TURNOVER_RN(1.0),N_A,TRI_REPO,W,2019,2018,0,2018-04-06,INR,1798371000000
RBI:AVG_TURNOVER_RN(1.0),N_A,GOVT_SEC,W,2019,2018,0,2018-04-06,INR,1089301375000
RBI:AVG_TURNOVER_RN(1.0),N_A,MKT_REPO,W,2019,2018,0,2018-04-06,INR,1089746639999.9999
RBI:AVG_TURNOVER_RN(1.0),N_A,TR_BILL_364_DAY,W,2019,2018,0,2018-04-06,INR,39235465000
RBI:AVG_TURNOVER_RN(1.0),N_A,CORPO_REPO,W,2019,2018,0,2018-04-06,INR,3980000000
RBI:AVG_TURNOVER_RN(1.0),N_A,STATE_GOVT_SEC,W,2018,2017,0,2018-03-30,INR,60267533333.33333
RBI:AVG_TURNOVER_RN(1.0),N_A,GOVT_SEC_RBI,W,2018,2017,0,2018-03-30,INR,2020000000
RBI:AVG_TURNOVER_RN(1.0),N_A,TR_BILL_364_DAY,W,2018,2017,0,2018-03-30,INR,16880433333.333332
RBI:AVG_TURNOVER_RN(1.0),N_A,MKT_REPO,W,2018,2017,0,2018-03-30,INR,1587923600000.0002
RBI:AVG_TURNOVER_RN(1.0),N_A,TERM_MONEY,W,2018,2017,0,2018-03-30,INR,18388333333.333332
RBI:AVG_TURNOVER_RN(1.0),N_A,TR_BILL_182_DAY,W,2018,2017,0,2018-03-30,INR,2480306666.6666665
RBI:AVG_TURNOVER_RN(1.0),N_A,CORPO_REPO,W,2018,2017,0,2018-03-30,INR,3760000000
RBI:AVG_TURNOVER_RN(1.0),N_A,TRI_REPO,W,2018,2017,0,2018-03-30,INR,2226013333333.3335
RBI:AVG_TURNOVER_RN(1.0),N_A,FOREX,W,2018,2017,0,2018-03-30,INR,105617333333.33333
RBI:AVG_TURNOVER_RN(1.0),N_A,GOVT_SEC,W,2018,2017,0,2018-03-30,INR,790558086666.6666
RBI:AVG_TURNOVER_RN(1.0),N_A,TR_BILL_91_DAY,W,2018,2017,0,2018-03-30,INR,34051106666.666668
RBI:AVG_TURNOVER_RN(1.0),N_A,NOTICE_MONEY,W,2018,2017,0,2018-03-30,INR,45288466666.66667
RBI:AVG_TURNOVER_RN(1.0),N_A,CALL_MONEY,W,2018,2017,0,2018-03-30,INR,395783933333.3333
RBI:AVG_TURNOVER_RN(1.0),N_A,CALL_MONEY,W,2018,2017,0,2018-03-23,INR,324891700000
RBI:AVG_TURNOVER_RN(1.0),N_A,GOVT_SEC_RBI,W,2018,2017,0,2018-03-23,INR,62600000000
RBI:AVG_TURNOVER_RN(1.0),N_A,MKT_REPO,W,2018,2017,0,2018-03-23,INR,1502782933333.3333
RBI:AVG_TURNOVER_RN(1.0),N_A,CORPO_REPO,W,2018,2017,0,2018-03-23,INR,4776000000
RBI:AVG_TURNOVER_RN(1.0),N_A,TERM_MONEY,W,2018,2017,0,2018-03-23,INR,3655000000
RBI:AVG_TURNOVER_RN(1.0),N_A,TR_BILL_91_DAY,W,2018,2017,0,2018-03-23,INR,24868599999.999996
RBI:AVG_TURNOVER_RN(1.0),N_A,TRI_REPO,W,2018,2017,0,2018-03-23,INR,1996033333333.3335
RBI:AVG_TURNOVER_RN(1.0),N_A,TR_BILL_182_DAY,W,2018,2017,0,2018-03-23,INR,3439280000
RBI:AVG_TURNOVER_RN(1.0),N_A,FOREX,W,2018,2017,0,2018-03-23,INR,72733200000
RBI:AVG_TURNOVER_RN(1.0),N_A,GOVT_SEC,W,2018,2017,0,2018-03-23,INR,700716528000.0001
RBI:AVG_TURNOVER_RN(1.0),N_A,NOTICE_MONEY,W,2018,2017,0,2018-03-23,INR,4251500000.0000005
RBI:AVG_TURNOVER_RN(1.0),N_A,TR_BILL_364_DAY,W,2018,2017,0,2018-03-23,INR,11675639999.999998
RBI:AVG_TURNOVER_RN(1.0),N_A,STATE_GOVT_SEC,W,2018,2017,0,2018-03-23,INR,45626360000
RBI:AVG_TURNOVER_RN(1.0),N_A,TERM_MONEY,W,2018,2017,0,2018-03-16,INR,6812000000
RBI:AVG_TURNOVER_RN(1.0),N_A,NOTICE_MONEY,W,2018,2017,0,2018-03-16,INR,111080560000
RBI:AVG_TURNOVER_RN(1.0),N_A,GOVT_SEC,W,2018,2017,0,2018-03-16,INR,558664184000
RBI:AVG_TURNOVER_RN(1.0),N_A,TR_BILL_182_DAY,W,2018,2017,0,2018-03-16,INR,8367639999.999999
RBI:AVG_TURNOVER_RN(1.0),N_A,CALL_MONEY,W,2018,2017,0,2018-03-16,INR,205517640000.00003
RBI:AVG_TURNOVER_RN(1.0),N_A,STATE_GOVT_SEC,W,2018,2017,0,2018-03-16,INR,61196119999.99999
RBI:AVG_TURNOVER_RN(1.0),N_A,CORPO_REPO,W,2018,2017,0,2018-03-16,INR,3344000000
RBI:AVG_TURNOVER_RN(1.0),N_A,GOVT_SEC_RBI,W,2018,2017,0,2018-03-16,INR,2500000000
RBI:AVG_TURNOVER_RN(1.0),N_A,TRI_REPO,W,2018,2017,0,2018-03-16,INR,2282206000000
RBI:AVG_TURNOVER_RN(1.0),N_A,FOREX,W,2018,2017,0,2018-03-16,INR,63664600000
RBI:AVG_TURNOVER_RN(1.0),N_A,TR_BILL_91_DAY,W,2018,2017,0,2018-03-16,INR,33926320000
RBI:AVG_TURNOVER_RN(1.0),N_A,MKT_REPO,W,2018,2017,0,2018-03-16,INR,2085068800000
RBI:AVG_TURNOVER_RN(1.0),N_A,TR_BILL_364_DAY,W,2018,2017,0,2018-03-16,INR,30007120000
RBI:AVG_TURNOVER_RN(1.0),N_A,TR_BILL_182_DAY,W,2018,2017,0,2018-03-09,INR,7146360000
RBI:AVG_TURNOVER_RN(1.0),N_A,TR_BILL_364_DAY,W,2018,2017,0,2018-03-09,INR,13724440000
RBI:AVG_TURNOVER_RN(1.0),N_A,FOREX,W,2018,2017,0,2018-03-09,INR,65328200000
RBI:AVG_TURNOVER_RN(1.0),N_A,TRI_REPO,W,2018,2017,0,2018-03-09,INR,2169234000000
RBI:AVG_TURNOVER_RN(1.0),N_A,MKT_REPO,W,2018,2017,0,2018-03-09,INR,1420636200000
RBI:AVG_TURNOVER_RN(1.0),N_A,CORPO_REPO,W,2018,2017,0,2018-03-09,INR,3440000000
RBI:AVG_TURNOVER_RN(1.0),N_A,STATE_GOVT_SEC,W,2018,2017,0,2018-03-09,INR,39141200000
RBI:AVG_TURNOVER_RN(1.0),N_A,TERM_MONEY,W,2018,2017,0,2018-03-09,INR,8050833333.333334
RBI:AVG_TURNOVER_RN(1.0),N_A,GOVT_SEC_RBI,W,2018,2017,0,2018-03-09,INR,67840000000
RBI:AVG_TURNOVER_RN(1.0),N_A,NOTICE_MONEY,W,2018,2017,0,2018-03-09,INR,3812866666.6666665
RBI:AVG_TURNOVER_RN(1.0),N_A,GOVT_SEC,W,2018,2017,0,2018-03-09,INR,443343968000.00006
RBI:AVG_TURNOVER_RN(1.0),N_A,CALL_MONEY,W,2018,2017,0,2018-03-09,INR,264969833333.33334
RBI:AVG_TURNOVER_RN(1.0),N_A,TR_BILL_91_DAY,W,2018,2017,0,2018-03-09,INR,26372599999.999996
RBI:AVG_TURNOVER_RN(1.0),N_A,GOVT_SEC,W,2018,2017,0,2018-03-02,INR,455976870000
RBI:AVG_TURNOVER_RN(1.0),N_A,CALL_MONEY,W,2018,2017,0,2018-03-02,INR,238947400000.00003
RBI:AVG_TURNOVER_RN(1.0),N_A,CORPO_REPO,W,2018,2017,0,2018-03-02,INR,0.0
RBI:AVG_TURNOVER_RN(1.0),N_A,TR_BILL_91_DAY,W,2018,2017,0,2018-03-02,INR,32330800000
RBI:AVG_TURNOVER_RN(1.0),N_A,TERM_MONEY,W,2018,2017,0,2018-03-02,INR,6874100000
RBI:AVG_TURNOVER_RN(1.0),N_A,TR_BILL_364_DAY,W,2018,2017,0,2018-03-02,INR,7214349999.999999
RBI:AVG_TURNOVER_RN(1.0),N_A,STATE_GOVT_SEC,W,2018,2017,0,2018-03-02,INR,49545500000
RBI:AVG_TURNOVER_RN(1.0),N_A,GOVT_SEC_RBI,W,2018,2017,0,2018-03-02,INR,180000000
RBI:AVG_TURNOVER_RN(1.0),N_A,TRI_REPO,W,2018,2017,0,2018-03-02,INR,2394232750000
RBI:AVG_TURNOVER_RN(1.0),N_A,NOTICE_MONEY,W,2018,2017,0,2018-03-02,INR,119222250000
RBI:AVG_TURNOVER_RN(1.0),N_A,TR_BILL_182_DAY,W,2018,2017,0,2018-03-02,INR,5651400000
RBI:AVG_TURNOVER_RN(1.0),N_A,FOREX,W,2018,2017,0,2018-03-02,INR,80249250000
RBI:AVG_TURNOVER_RN(1.0),N_A,MKT_REPO,W,2018,2017,0,2018-03-02,INR,2475879500000
RBI:AVG_TURNOVER_RN(1.0),N_A,MKT_REPO,W,2018,2017,0,2018-02-23,INR,1761725520000
RBI:AVG_TURNOVER_RN(1.0),N_A,TR_BILL_91_DAY,W,2018,2017,0,2018-02-23,INR,40911110000
RBI:AVG_TURNOVER_RN(1.0),N_A,FOREX,W,2018,2017,0,2018-02-23,INR,84038250000
RBI:AVG_TURNOVER_RN(1.0),N_A,GOVT_SEC,W,2018,2017,0,2018-02-23,INR,423297330000
RBI:AVG_TURNOVER_RN(1.0),N_A,CALL_MONEY,W,2018,2017,0,2018-02-23,INR,230608880000
RBI:AVG_TURNOVER_RN(1.0),N_A,TRI_REPO,W,2018,2017,0,2018-02-23,INR,2185320000000
RBI:AVG_TURNOVER_RN(1.0),N_A,CORPO_REPO,W,2018,2017,0,2018-02-23,INR,3870000000
RBI:AVG_TURNOVER_RN(1.0),N_A,STATE_GOVT_SEC,W,2018,2017,0,2018-02-23,INR,45415845000
RBI:AVG_TURNOVER_RN(1.0),N_A,TR_BILL_364_DAY,W,2018,2017,0,2018-02-23,INR,15709295000
RBI:AVG_TURNOVER_RN(1.0),N_A,NOTICE_MONEY,W,2018,2017,0,2018-02-23,INR,2785400000
RBI:AVG_TURNOVER_RN(1.0),N_A,GOVT_SEC_RBI,W,2018,2017,0,2018-02-23,INR,160000000
RBI:AVG_TURNOVER_RN(1.0),N_A,TR_BILL_182_DAY,W,2018,2017,0,2018-02-23,INR,3622300000
RBI:AVG_TURNOVER_RN(1.0),N_A,TERM_MONEY,W,2018,2017,0,2018-02-23,INR,5851000000
RBI:AVG_TURNOVER_RN(1.0),N_A,TR_BILL_91_DAY,W,2018,2017,0,2018-02-16,INR,21595415000
RBI:AVG_TURNOVER_RN(1.0),N_A,STATE_GOVT_SEC,W,2018,2017,0,2018-02-16,INR,21690400000
RBI:AVG_TURNOVER_RN(1.0),N_A,NOTICE_MONEY,W,2018,2017,0,2018-02-16,INR,110060200000
RBI:AVG_TURNOVER_RN(1.0),N_A,TERM_MONEY,W,2018,2017,0,2018-02-16,INR,11492550000.000002
RBI:AVG_TURNOVER_RN(1.0),N_A,TR_BILL_364_DAY,W,2018,2017,0,2018-02-16,INR,6599650000
RBI:AVG_TURNOVER_RN(1.0),N_A,CORPO_REPO,W,2018,2017,0,2018-02-16,INR,4930000000
RBI:AVG_TURNOVER_RN(1.0),N_A,FOREX,W,2018,2017,0,2018-02-16,INR,63556250000
RBI:AVG_TURNOVER_RN(1.0),N_A,GOVT_SEC_RBI,W,2018,2017,0,2018-02-16,INR,1700000000
RBI:AVG_TURNOVER_RN(1.0),N_A,CALL_MONEY,W,2018,2017,0,2018-02-16,INR,220913900000
RBI:AVG_TURNOVER_RN(1.0),N_A,TRI_REPO,W,2018,2017,0,2018-02-16,INR,2472228000000
RBI:AVG_TURNOVER_RN(1.0),N_A,MKT_REPO,W,2018,2017,0,2018-02-16,INR,2786200200000
RBI:AVG_TURNOVER_RN(1.0),N_A,GOVT_SEC,W,2018,2017,0,2018-02-16,INR,722690105000.0001
RBI:AVG_TURNOVER_RN(1.0),N_A,TR_BILL_182_DAY,W,2018,2017,0,2018-02-16,INR,5269690000.000001
RBI:AVG_TURNOVER_RN(1.0),N_A,NOTICE_MONEY,W,2018,2017,0,2018-02-09,INR,3330133333.333333
RBI:AVG_TURNOVER_RN(1.0),N_A,TR_BILL_364_DAY,W,2018,2017,0,2018-02-09,INR,12608280000
RBI:AVG_TURNOVER_RN(1.0),N_A,GOVT_SEC,W,2018,2017,0,2018-02-09,INR,665273667999.9999
RBI:AVG_TURNOVER_RN(1.0),N_A,CALL_MONEY,W,2018,2017,0,2018-02-09,INR,219609766666.66666
RBI:AVG_TURNOVER_RN(1.0),N_A,TERM_MONEY,W,2018,2017,0,2018-02-09,INR,7076999999.999999
RBI:AVG_TURNOVER_RN(1.0),N_A,TRI_REPO,W,2018,2017,0,2018-02-09,INR,2247451333333.3335
RBI:AVG_TURNOVER_RN(1.0),N_A,GOVT_SEC_RBI,W,2018,2017,0,2018-02-09,INR,200000000
RBI:AVG_TURNOVER_RN(1.0),N_A,MKT_REPO,W,2018,2017,0,2018-02-09,INR,1652445866666.6667
RBI:AVG_TURNOVER_RN(1.0),N_A,CORPO_REPO,W,2018,2017,0,2018-02-09,INR,3896000000
RBI:AVG_TURNOVER_RN(1.0),N_A,TR_BILL_182_DAY,W,2018,2017,0,2018-02-09,INR,2843840000
RBI:AVG_TURNOVER_RN(1.0),N_A,STATE_GOVT_SEC,W,2018,2017,0,2018-02-09,INR,23236560000
RBI:AVG_TURNOVER_RN(1.0),N_A,TR_BILL_91_DAY,W,2018,2017,0,2018-02-09,INR,22658159999.999996
RBI:AVG_TURNOVER_RN(1.0),N_A,FOREX,W,2018,2017,0,2018-02-09,INR,67408800000
RBI:AVG_TURNOVER_RN(1.0),N_A,GOVT_SEC,W,2018,2017,0,2018-02-02,INR,729142512000
RBI:AVG_TURNOVER_RN(1.0),N_A,TR_BILL_364_DAY,W,2018,2017,0,2018-02-02,INR,13953760000
RBI:AVG_TURNOVER_RN(1.0),N_A,TR_BILL_91_DAY,W,2018,2017,0,2018-02-02,INR,25223560000.000004
RBI:AVG_TURNOVER_RN(1.0),N_A,CORPO_REPO,W,2018,2017,0,2018-02-02,INR,3016000000
RBI:AVG_TURNOVER_RN(1.0),N_A,TRI_REPO,W,2018,2017,0,2018-02-02,INR,2631127600000
RBI:AVG_TURNOVER_RN(1.0),N_A,STATE_GOVT_SEC,W,2018,2017,0,2018-02-02,INR,39234400000
RBI:AVG_TURNOVER_RN(1.0),N_A,GOVT_SEC_RBI,W,2018,2017,0,2018-02-02,INR,5230000000
RBI:AVG_TURNOVER_RN(1.0),N_A,FOREX,W,2018,2017,0,2018-02-02,INR,79009200000
RBI:AVG_TURNOVER_RN(1.0),N_A,TERM_MONEY,W,2018,2017,0,2018-02-02,INR,15718000000
RBI:AVG_TURNOVER_RN(1.0),N_A,MKT_REPO,W,2018,2017,0,2018-02-02,INR,2483749920000
RBI:AVG_TURNOVER_RN(1.0),N_A,TR_BILL_182_DAY,W,2018,2017,0,2018-02-02,INR,4077880000
RBI:AVG_TURNOVER_RN(1.0),N_A,CALL_MONEY,W,2018,2017,0,2018-02-02,INR,242158160000
RBI:AVG_TURNOVER_RN(1.0),N_A,NOTICE_MONEY,W,2018,2017,0,2018-02-02,INR,86362639999.99998
RBI:AVG_TURNOVER_RN(1.0),N_A,GOVT_SEC,W,2018,2017,0,2018-01-26,INR,777097274999.9999
RBI:AVG_TURNOVER_RN(1.0),N_A,GOVT_SEC_RBI,W,2018,2017,0,2018-01-26,INR,0.0
RBI:AVG_TURNOVER_RN(1.0),N_A,STATE_GOVT_SEC,W,2018,2017,0,2018-01-26,INR,40879550000
RBI:AVG_TURNOVER_RN(1.0),N_A,NOTICE_MONEY,W,2018,2017,0,2018-01-26,INR,11339479999.999998
RBI:AVG_TURNOVER_RN(1.0),N_A,TR_BILL_182_DAY,W,2018,2017,0,2018-01-26,INR,9091000000
RBI:AVG_TURNOVER_RN(1.0),N_A,MKT_REPO,W,2018,2017,0,2018-01-26,INR,1651788480000
RBI:AVG_TURNOVER_RN(1.0),N_A,CORPO_REPO,W,2018,2017,0,2018-01-26,INR,3500000000
RBI:AVG_TURNOVER_RN(1.0),N_A,TERM_MONEY,W,2018,2017,0,2018-01-26,INR,9882800000
RBI:AVG_TURNOVER_RN(1.0),N_A,CALL_MONEY,W,2018,2017,0,2018-01-26,INR,222518520000
RBI:AVG_TURNOVER_RN(1.0),N_A,TR_BILL_91_DAY,W,2018,2017,0,2018-01-26,INR,22771250000
RBI:AVG_TURNOVER_RN(1.0),N_A,TR_BILL_364_DAY,W,2018,2017,0,2018-01-26,INR,20311800000
RBI:AVG_TURNOVER_RN(1.0),N_A,FOREX,W,2018,2017,0,2018-01-26,INR,70146500000
RBI:AVG_TURNOVER_RN(1.0),N_A,TRI_REPO,W,2018,2017,0,2018-01-26,INR,2301215400000
RBI:AVG_TURNOVER_RN(1.0),N_A,MKT_REPO,W,2018,2017,0,2018-01-19,INR,2363603680000
RBI:AVG_TURNOVER_RN(1.0),N_A,TRI_REPO,W,2018,2017,0,2018-01-19,INR,2626548000000
RBI:AVG_TURNOVER_RN(1.0),N_A,CALL_MONEY,W,2018,2017,0,2018-01-19,INR,265782480000
RBI:AVG_TURNOVER_RN(1.0),N_A,FOREX,W,2018,2017,0,2018-01-19,INR,63091200000
RBI:AVG_TURNOVER_RN(1.0),N_A,CORPO_REPO,W,2018,2017,0,2018-01-19,INR,2216000000
RBI:AVG_TURNOVER_RN(1.0),N_A,TR_BILL_182_DAY,W,2018,2017,0,2018-01-19,INR,4807000000
RBI:AVG_TURNOVER_RN(1.0),N_A,GOVT_SEC_RBI,W,2018,2017,0,2018-01-19,INR,1480000000
RBI:AVG_TURNOVER_RN(1.0),N_A,STATE_GOVT_SEC,W,2018,2017,0,2018-01-19,INR,24719120000
RBI:AVG_TURNOVER_RN(1.0),N_A,TR_BILL_91_DAY,W,2018,2017,0,2018-01-19,INR,26101160000
RBI:AVG_TURNOVER_RN(1.0),N_A,TERM_MONEY,W,2018,2017,0,2018-01-19,INR,17616000000
RBI:AVG_TURNOVER_RN(1.0),N_A,GOVT_SEC,W,2018,2017,0,2018-01-19,INR,716372848000
RBI:AVG_TURNOVER_RN(1.0),N_A,NOTICE_MONEY,W,2018,2017,0,2018-01-19,INR,129755720000
RBI:AVG_TURNOVER_RN(1.0),N_A,TR_BILL_364_DAY,W,2018,2017,0,2018-01-19,INR,11433719999.999998
RBI:AVG_TURNOVER_RN(1.0),N_A,FOREX,W,2018,2017,0,2018-01-12,INR,65096600000
RBI:AVG_TURNOVER_RN(1.0),N_A,TR_BILL_364_DAY,W,2018,2017,0,2018-01-12,INR,5406920000
RBI:AVG_TURNOVER_RN(1.0),N_A,NOTICE_MONEY,W,2018,2017,0,2018-01-12,INR,11312900000
RBI:AVG_TURNOVER_RN(1.0),N_A,TR_BILL_91_DAY,W,2018,2017,0,2018-01-12,INR,18267920000
RBI:AVG_TURNOVER_RN(1.0),N_A,MKT_REPO,W,2018,2017,0,2018-01-12,INR,1506955000000
RBI:AVG_TURNOVER_RN(1.0),N_A,GOVT_SEC,W,2018,2017,0,2018-01-12,INR,778694412000
RBI:AVG_TURNOVER_RN(1.0),N_A,CALL_MONEY,W,2018,2017,0,2018-01-12,INR,281038200000.00006
RBI:AVG_TURNOVER_RN(1.0),N_A,TR_BILL_182_DAY,W,2018,2017,0,2018-01-12,INR,4750720000
RBI:AVG_TURNOVER_RN(1.0),N_A,CORPO_REPO,W,2018,2017,0,2018-01-12,INR,3800000000
RBI:AVG_TURNOVER_RN(1.0),N_A,TRI_REPO,W,2018,2017,0,2018-01-12,INR,2235049333333.3335
RBI:AVG_TURNOVER_RN(1.0),N_A,STATE_GOVT_SEC,W,2018,2017,0,2018-01-12,INR,38868680000
RBI:AVG_TURNOVER_RN(1.0),N_A,TERM_MONEY,W,2018,2017,0,2018-01-12,INR,8436666666.666666
RBI:AVG_TURNOVER_RN(1.0),N_A,GOVT_SEC_RBI,W,2018,2017,0,2018-01-12,INR,6060000000
RBI:AVG_TURNOVER_RN(1.0),N_A,TERM_MONEY,W,2018,2017,0,2018-01-05,INR,17916000000
RBI:AVG_TURNOVER_RN(1.0),N_A,GOVT_SEC_RBI,W,2018,2017,0,2018-01-05,INR,400000000
RBI:AVG_TURNOVER_RN(1.0),N_A,CALL_MONEY,W,2018,2017,0,2018-01-05,INR,229265666666.66666
RBI:AVG_TURNOVER_RN(1.0),N_A,TR_BILL_364_DAY,W,2018,2017,0,2018-01-05,INR,11494920000
RBI:AVG_TURNOVER_RN(1.0),N_A,CORPO_REPO,W,2018,2017,0,2018-01-05,INR,2920000000
RBI:AVG_TURNOVER_RN(1.0),N_A,TR_BILL_182_DAY,W,2018,2017,0,2018-01-05,INR,9344040000.000002
RBI:AVG_TURNOVER_RN(1.0),N_A,NOTICE_MONEY,W,2018,2017,0,2018-01-05,INR,70024233333.33333
RBI:AVG_TURNOVER_RN(1.0),N_A,STATE_GOVT_SEC,W,2018,2017,0,2018-01-05,INR,25958939999.999996
RBI:AVG_TURNOVER_RN(1.0),N_A,TRI_REPO,W,2018,2017,0,2018-01-05,INR,2187935333333.3333
RBI:AVG_TURNOVER_RN(1.0),N_A,MKT_REPO,W,2018,2017,0,2018-01-05,INR,2003358800000
RBI:AVG_TURNOVER_RN(1.0),N_A,GOVT_SEC,W,2018,2017,0,2018-01-05,INR,624530600000
RBI:AVG_TURNOVER_RN(1.0),N_A,FOREX,W,2018,2017,0,2018-01-05,INR,53806400000
RBI:AVG_TURNOVER_RN(1.0),N_A,TR_BILL_91_DAY,W,2018,2017,0,2018-01-05,INR,29304680000
RBI:AVG_TURNOVER_RN(1.0),N_A,FOREX,W,2018,2017,0,2017-12-29,INR,69022000000
RBI:AVG_TURNOVER_RN(1.0),N_A,TRI_REPO,W,2018,2017,0,2017-12-29,INR,2691899750000
RBI:AVG_TURNOVER_RN(1.0),N_A,TR_BILL_91_DAY,W,2018,2017,0,2017-12-29,INR,44910514999.99999
RBI:AVG_TURNOVER_RN(1.0),N_A,CALL_MONEY,W,2018,2017,0,2017-12-29,INR,300705450000
RBI:AVG_TURNOVER_RN(1.0),N_A,MKT_REPO,W,2018,2017,0,2017-12-29,INR,2345325000000
RBI:AVG_TURNOVER_RN(1.0),N_A,TERM_MONEY,W,2018,2017,0,2017-12-29,INR,5323750000
RBI:AVG_TURNOVER_RN(1.0),N_A,CORPO_REPO,W,2018,2017,0,2017-12-29,INR,1200000000
RBI:AVG_TURNOVER_RN(1.0),N_A,GOVT_SEC,W,2018,2017,0,2017-12-29,INR,760160775000
RBI:AVG_TURNOVER_RN(1.0),N_A,STATE_GOVT_SEC,W,2018,2017,0,2017-12-29,INR,19685545000
RBI:AVG_TURNOVER_RN(1.0),N_A,TR_BILL_364_DAY,W,2018,2017,0,2017-12-29,INR,11745139999.999998
RBI:AVG_TURNOVER_RN(1.0),N_A,NOTICE_MONEY,W,2018,2017,0,2017-12-29,INR,49953549999.99999
RBI:AVG_TURNOVER_RN(1.0),N_A,TR_BILL_182_DAY,W,2018,2017,0,2017-12-29,INR,4428195000
RBI:AVG_TURNOVER_RN(1.0),N_A,GOVT_SEC_RBI,W,2018,2017,0,2017-12-29,INR,620000000
RBI:AVG_TURNOVER_RN(1.0),N_A,STATE_GOVT_SEC,W,2018,2017,0,2017-12-22,INR,23533159999.999996
RBI:AVG_TURNOVER_RN(1.0),N_A,NOTICE_MONEY,W,2018,2017,0,2017-12-22,INR,2359200000
RBI:AVG_TURNOVER_RN(1.0),N_A,CORPO_REPO,W,2018,2017,0,2017-12-22,INR,3520000000
RBI:AVG_TURNOVER_RN(1.0),N_A,GOVT_SEC,W,2018,2017,0,2017-12-22,INR,680940996000
RBI:AVG_TURNOVER_RN(1.0),N_A,TR_BILL_91_DAY,W,2018,2017,0,2017-12-22,INR,14507388000
RBI:AVG_TURNOVER_RN(1.0),N_A,CALL_MONEY,W,2018,2017,0,2017-12-22,INR,264461966666.66666
RBI:AVG_TURNOVER_RN(1.0),N_A,GOVT_SEC_RBI,W,2018,2017,0,2017-12-22,INR,2250000000
RBI:AVG_TURNOVER_RN(1.0),N_A,TR_BILL_182_DAY,W,2018,2017,0,2017-12-22,INR,461204000.00000006
RBI:AVG_TURNOVER_RN(1.0),N_A,TR_BILL_364_DAY,W,2018,2017,0,2017-12-22,INR,5738000000
RBI:AVG_TURNOVER_RN(1.0),N_A,TERM_MONEY,W,2018,2017,0,2017-12-22,INR,3445666666.6666665
RBI:AVG_TURNOVER_RN(1.0),N_A,TRI_REPO,W,2018,2017,0,2017-12-22,INR,1972388000000.0002
RBI:AVG_TURNOVER_RN(1.0),N_A,FOREX,W,2018,2017,0,2017-12-22,INR,62996600000
RBI:AVG_TURNOVER_RN(1.0),N_A,MKT_REPO,W,2018,2017,0,2017-12-22,INR,1940237666666.667
RBI:AVG_TURNOVER_RN(1.0),N_A,CORPO_REPO,W,2018,2017,0,2017-12-15,INR,12320000000
RBI:AVG_TURNOVER_RN(1.0),N_A,NOTICE_MONEY,W,2018,2017,0,2017-12-15,INR,49474280000
RBI:AVG_TURNOVER_RN(1.0),N_A,TR_BILL_364_DAY,W,2018,2017,0,2017-12-15,INR,3373248000
RBI:AVG_TURNOVER_RN(1.0),N_A,CALL_MONEY,W,2018,2017,0,2017-12-15,INR,192840000000
RBI:AVG_TURNOVER_RN(1.0),N_A,STATE_GOVT_SEC,W,2018,2017,0,2017-12-15,INR,20711988000
RBI:AVG_TURNOVER_RN(1.0),N_A,TR_BILL_182_DAY,W,2018,2017,0,2017-12-15,INR,3742600000
RBI:AVG_TURNOVER_RN(1.0),N_A,TRI_REPO,W,2018,2017,0,2017-12-15,INR,2373049600000
RBI:AVG_TURNOVER_RN(1.0),N_A,FOREX,W,2018,2017,0,2017-12-15,INR,59963600000
RBI:AVG_TURNOVER_RN(1.0),N_A,TR_BILL_91_DAY,W,2018,2017,0,2017-12-15,INR,8930988000
RBI:AVG_TURNOVER_RN(1.0),N_A,GOVT_SEC_RBI,W,2018,2017,0,2017-12-15,INR,2250000000
RBI:AVG_TURNOVER_RN(1.0),N_A,TERM_MONEY,W,2018,2017,0,2017-12-15,INR,8240000000
RBI:AVG_TURNOVER_RN(1.0),N_A,MKT_REPO,W,2018,2017,0,2017-12-15,INR,2078768000000
RBI:AVG_TURNOVER_RN(1.0),N_A,GOVT_SEC,W,2018,2017,0,2017-12-15,INR,834539128000
RBI:AVG_TURNOVER_RN(1.0),N_A,TR_BILL_182_DAY,W,2018,2017,0,2017-12-08,INR,11696464000
RBI:AVG_TURNOVER_RN(1.0),N_A,CORPO_REPO,W,2018,2017,0,2017-12-08,INR,3832000000
RBI:AVG_TURNOVER_RN(1.0),N_A,NOTICE_MONEY,W,2018,2017,0,2017-12-08,INR,1895599999.9999998
RBI:AVG_TURNOVER_RN(1.0),N_A,TRI_REPO,W,2018,2017,0,2017-12-08,INR,2099385500000.0002
RBI:AVG_TURNOVER_RN(1.0),N_A,TERM_MONEY,W,2018,2017,0,2017-12-08,INR,8880000000
RBI:AVG_TURNOVER_RN(1.0),N_A,TR_BILL_364_DAY,W,2018,2017,0,2017-12-08,INR,2178596000
RBI:AVG_TURNOVER_RN(1.0),N_A,GOVT_SEC_RBI,W,2018,2017,0,2017-12-08,INR,3080000000
RBI:AVG_TURNOVER_RN(1.0),N_A,MKT_REPO,W,2018,2017,0,2017-12-08,INR,2004268800000
RBI:AVG_TURNOVER_RN(1.0),N_A,CALL_MONEY,W,2018,2017,0,2017-12-08,INR,282566066666.6667
RBI:AVG_TURNOVER_RN(1.0),N_A,GOVT_SEC,W,2018,2017,0,2017-12-08,INR,828183716000
RBI:AVG_TURNOVER_RN(1.0),N_A,FOREX,W,2018,2017,0,2017-12-08,INR,65910400000
RBI:AVG_TURNOVER_RN(1.0),N_A,TR_BILL_91_DAY,W,2018,2017,0,2017-12-08,INR,8097612000
RBI:AVG_TURNOVER_RN(1.0),N_A,STATE_GOVT_SEC,W,2018,2017,0,2017-12-08,INR,14894803999.999998
RBI:AVG_TURNOVER_RN(1.0),N_A,TRI_REPO,W,2018,2017,0,2017-12-01,INR,2748473250000
RBI:AVG_TURNOVER_RN(1.0),N_A,MKT_REPO,W,2018,2017,0,2017-12-01,INR,2003673700000
RBI:AVG_TURNOVER_RN(1.0),N_A,TR_BILL_91_DAY,W,2018,2017,0,2017-12-01,INR,7210345000
RBI:AVG_TURNOVER_RN(1.0),N_A,TR_BILL_364_DAY,W,2018,2017,0,2017-12-01,INR,796645000
RBI:AVG_TURNOVER_RN(1.0),N_A,STATE_GOVT_SEC,W,2018,2017,0,2017-12-01,INR,19125180000
RBI:AVG_TURNOVER_RN(1.0),N_A,GOVT_SEC,W,2018,2017,0,2017-12-01,INR,913096044999.9999
RBI:AVG_TURNOVER_RN(1.0),N_A,TR_BILL_182_DAY,W,2018,2017,0,2017-12-01,INR,7116745000
RBI:AVG_TURNOVER_RN(1.0),N_A,GOVT_SEC_RBI,W,2018,2017,0,2017-12-01,INR,1700000000
RBI:AVG_TURNOVER_RN(1.0),N_A,CORPO_REPO,W,2018,2017,0,2017-12-01,INR,1140000000
RBI:AVG_TURNOVER_RN(1.0),N_A,TERM_MONEY,W,2018,2017,0,2017-12-01,INR,8900000000
RBI:AVG_TURNOVER_RN(1.0),N_A,CALL_MONEY,W,2018,2017,0,2017-12-01,INR,203286250000
RBI:AVG_TURNOVER_RN(1.0),N_A,FOREX,W,2018,2017,0,2017-12-01,INR,77794250000
RBI:AVG_TURNOVER_RN(1.0),N_A,NOTICE_MONEY,W,2018,2017,0,2017-12-01,INR,61410000000
RBI:AVG_TURNOVER_RN(1.0),N_A,TERM_MONEY,W,2018,2017,0,2017-11-24,INR,8132166666.666667
RBI:AVG_TURNOVER_RN(1.0),N_A,TR_BILL_91_DAY,W,2018,2017,0,2017-11-24,INR,11804000000
RBI:AVG_TURNOVER_RN(1.0),N_A,FOREX,W,2018,2017,0,2017-11-24,INR,56365800000
RBI:AVG_TURNOVER_RN(1.0),N_A,NOTICE_MONEY,W,2018,2017,0,2017-11-24,INR,4205133333.333333
RBI:AVG_TURNOVER_RN(1.0),N_A,GOVT_SEC_RBI,W,2018,2017,0,2017-11-24,INR,41800000000
RBI:AVG_TURNOVER_RN(1.0),N_A,GOVT_SEC,W,2018,2017,0,2017-11-24,INR,1170767696000
RBI:AVG_TURNOVER_RN(1.0),N_A,TRI_REPO,W,2018,2017,0,2017-11-24,INR,2132737666666.667
RBI:AVG_TURNOVER_RN(1.0),N_A,TR_BILL_182_DAY,W,2018,2017,0,2017-11-24,INR,4605620000
RBI:AVG_TURNOVER_RN(1.0),N_A,TR_BILL_364_DAY,W,2018,2017,0,2017-11-24,INR,715000000
RBI:AVG_TURNOVER_RN(1.0),N_A,STATE_GOVT_SEC,W,2018,2017,0,2017-11-24,INR,23503048000
RBI:AVG_TURNOVER_RN(1.0),N_A,MKT_REPO,W,2018,2017,0,2017-11-24,INR,2021946666666.6665
RBI:AVG_TURNOVER_RN(1.0),N_A,CALL_MONEY,W,2018,2017,0,2017-11-24,INR,295818833333.3333
RBI:AVG_TURNOVER_RN(1.0),N_A,CORPO_REPO,W,2018,2017,0,2017-11-24,INR,3016000000
RBI:AVG_TURNOVER_RN(1.0),N_A,CALL_MONEY,W,2018,2017,0,2017-11-17,INR,224063360000
RBI:AVG_TURNOVER_RN(1.0),N_A,GOVT_SEC_RBI,W,2018,2017,0,2017-11-17,INR,900000000
RBI:AVG_TURNOVER_RN(1.0),N_A,NOTICE_MONEY,W,2018,2017,0,2017-11-17,INR,53538000000
RBI:AVG_TURNOVER_RN(1.0),N_A,TR_BILL_364_DAY,W,2018,2017,0,2017-11-17,INR,2785400000
RBI:AVG_TURNOVER_RN(1.0),N_A,FOREX,W,2018,2017,0,2017-11-17,INR,66978000000
RBI:AVG_TURNOVER_RN(1.0),N_A,GOVT_SEC,W,2018,2017,0,2017-11-17,INR,798145228000
RBI:AVG_TURNOVER_RN(1.0),N_A,TRI_REPO,W,2018,2017,0,2017-11-17,INR,2613611200000.0005
RBI:AVG_TURNOVER_RN(1.0),N_A,MKT_REPO,W,2018,2017,0,2017-11-17,INR,2050610560000
RBI:AVG_TURNOVER_RN(1.0),N_A,TERM_MONEY,W,2018,2017,0,2017-11-17,INR,8973600000
RBI:AVG_TURNOVER_RN(1.0),N_A,STATE_GOVT_SEC,W,2018,2017,0,2017-11-17,INR,11058232000
RBI:AVG_TURNOVER_RN(1.0),N_A,CORPO_REPO,W,2018,2017,0,2017-11-17,INR,2944000000
RBI:AVG_TURNOVER_RN(1.0),N_A,TR_BILL_182_DAY,W,2018,2017,0,2017-11-17,INR,462000000
RBI:AVG_TURNOVER_RN(1.0),N_A,TR_BILL_91_DAY,W,2018,2017,0,2017-11-17,INR,10894600000
RBI:AVG_TURNOVER_RN(1.0),N_A,GOVT_SEC,W,2018,2017,0,2017-11-10,INR,720740336000
RBI:AVG_TURNOVER_RN(1.0),N_A,TERM_MONEY,W,2018,2017,0,2017-11-10,INR,8515240000
RBI:AVG_TURNOVER_RN(1.0),N_A,TR_BILL_91_DAY,W,2018,2017,0,2017-11-10,INR,10336768000
RBI:AVG_TURNOVER_RN(1.0),N_A,MKT_REPO,W,2018,2017,0,2017-11-10,INR,2483252000000
RBI:AVG_TURNOVER_RN(1.0),N_A,STATE_GOVT_SEC,W,2018,2017,0,2017-11-10,INR,22181068000
RBI:AVG_TURNOVER_RN(1.0),N_A,NOTICE_MONEY,W,2018,2017,0,2017-11-10,INR,2895720000
RBI:AVG_TURNOVER_RN(1.0),N_A,CORPO_REPO,W,2018,2017,0,2017-11-10,INR,3600000000
RBI:AVG_TURNOVER_RN(1.0),N_A,CALL_MONEY,W,2018,2017,0,2017-11-10,INR,334055840000
RBI:AVG_TURNOVER_RN(1.0),N_A,TR_BILL_364_DAY,W,2018,2017,0,2017-11-10,INR,6022152000
RBI:AVG_TURNOVER_RN(1.0),N_A,TRI_REPO,W,2018,2017,0,2017-11-10,INR,2369934800000
RBI:AVG_TURNOVER_RN(1.0),N_A,FOREX,W,2018,2017,0,2017-11-10,INR,64157200000
RBI:AVG_TURNOVER_RN(1.0),N_A,GOVT_SEC_RBI,W,2018,2017,0,2017-11-10,INR,20309999999.999996
RBI:AVG_TURNOVER_RN(1.0),N_A,TR_BILL_182_DAY,W,2018,2017,0,2017-11-10,INR,12383708000.000002
RBI:AVG_TURNOVER_RN(1.0),N_A,GOVT_SEC,W,2018,2017,0,2017-11-03,INR,829697848000
RBI:AVG_TURNOVER_RN(1.0),N_A,CALL_MONEY,W,2018,2017,0,2017-11-03,INR,232864720000.00003
RBI:AVG_TURNOVER_RN(1.0),N_A,TR_BILL_364_DAY,W,2018,2017,0,2017-11-03,INR,7011000000
RBI:AVG_TURNOVER_RN(1.0),N_A,NOTICE_MONEY,W,2018,2017,0,2017-11-03,INR,16993680000
RBI:AVG_TURNOVER_RN(1.0),N_A,MKT_REPO,W,2018,2017,0,2017-11-03,INR,2062770960000
RBI:AVG_TURNOVER_RN(1.0),N_A,TRI_REPO,W,2018,2017,0,2017-11-03,INR,2364651800000
RBI:AVG_TURNOVER_RN(1.0),N_A,TR_BILL_182_DAY,W,2018,2017,0,2017-11-03,INR,8331776000
RBI:AVG_TURNOVER_RN(1.0),N_A,FOREX,W,2018,2017,0,2017-11-03,INR,62973800000
RBI:AVG_TURNOVER_RN(1.0),N_A,TR_BILL_91_DAY,W,2018,2017,0,2017-11-03,INR,21205207999.999996
RBI:AVG_TURNOVER_RN(1.0),N_A,STATE_GOVT_SEC,W,2018,2017,0,2017-11-03,INR,20774844000.000004
RBI:AVG_TURNOVER_RN(1.0),N_A,TERM_MONEY,W,2018,2017,0,2017-11-03,INR,9392000000
RBI:AVG_TURNOVER_RN(1.0),N_A,GOVT_SEC_RBI,W,2018,2017,0,2017-11-03,INR,120000000
RBI:AVG_TURNOVER_RN(1.0),N_A,CORPO_REPO,W,2018,2017,0,2017-11-03,INR,1560000000
RBI:AVG_TURNOVER_RN(1.0),N_A,GOVT_SEC,W,2018,2017,0,2017-10-27,INR,353526028000
RBI:AVG_TURNOVER_RN(1.0),N_A,CORPO_REPO,W,2018,2017,0,2017-10-27,INR,2736000000
RBI:AVG_TURNOVER_RN(1.0),N_A,GOVT_SEC_RBI,W,2018,2017,0,2017-10-27,INR,20830000000
RBI:AVG_TURNOVER_RN(1.0),N_A,MKT_REPO,W,2018,2017,0,2017-10-27,INR,1869616000000
RBI:AVG_TURNOVER_RN(1.0),N_A,TR_BILL_182_DAY,W,2018,2017,0,2017-10-27,INR,8423416000
RBI:AVG_TURNOVER_RN(1.0),N_A,NOTICE_MONEY,W,2018,2017,0,2017-10-27,INR,3953800000.0000005
RBI:AVG_TURNOVER_RN(1.0),N_A,TRI_REPO,W,2018,2017,0,2017-10-27,INR,2013976666666.6665
RBI:AVG_TURNOVER_RN(1.0),N_A,TR_BILL_91_DAY,W,2018,2017,0,2017-10-27,INR,12814600000
RBI:AVG_TURNOVER_RN(1.0),N_A,FOREX,W,2018,2017,0,2017-10-27,INR,59298600000
RBI:AVG_TURNOVER_RN(1.0),N_A,TR_BILL_364_DAY,W,2018,2017,0,2017-10-27,INR,1782000000
RBI:AVG_TURNOVER_RN(1.0),N_A,CALL_MONEY,W,2018,2017,0,2017-10-27,INR,266076666666.6667
RBI:AVG_TURNOVER_RN(1.0),N_A,TERM_MONEY,W,2018,2017,0,2017-10-27,INR,11067533333.333334
RBI:AVG_TURNOVER_RN(1.0),N_A,STATE_GOVT_SEC,W,2018,2017,0,2017-10-27,INR,21641360000
RBI:AVG_TURNOVER_RN(1.0),N_A,GOVT_SEC,W,2018,2017,0,2017-10-20,INR,692564533333.3333
RBI:AVG_TURNOVER_RN(1.0),N_A,CALL_MONEY,W,2018,2017,0,2017-10-20,INR,177365866666.66666
RBI:AVG_TURNOVER_RN(1.0),N_A,STATE_GOVT_SEC,W,2018,2017,0,2017-10-20,INR,34217180000.000004
RBI:AVG_TURNOVER_RN(1.0),N_A,TRI_REPO,W,2018,2017,0,2017-10-20,INR,2413412333333.333
RBI:AVG_TURNOVER_RN(1.0),N_A,GOVT_SEC_RBI,W,2018,2017,0,2017-10-20,INR,130000000
RBI:AVG_TURNOVER_RN(1.0),N_A,TR_BILL_182_DAY,W,2018,2017,0,2017-10-20,INR,6010113333.333334
RBI:AVG_TURNOVER_RN(1.0),N_A,FOREX,W,2018,2017,0,2017-10-20,INR,49353333333.33334
RBI:AVG_TURNOVER_RN(1.0),N_A,TERM_MONEY,W,2018,2017,0,2017-10-20,INR,8240000000
RBI:AVG_TURNOVER_RN(1.0),N_A,NOTICE_MONEY,W,2018,2017,0,2017-10-20,INR,81243933333.33333
RBI:AVG_TURNOVER_RN(1.0),N_A,TR_BILL_91_DAY,W,2018,2017,0,2017-10-20,INR,19573333333.333332
RBI:AVG_TURNOVER_RN(1.0),N_A,MKT_REPO,W,2018,2017,0,2017-10-20,INR,1767300000000
RBI:AVG_TURNOVER_RN(1.0),N_A,TR_BILL_364_DAY,W,2018,2017,0,2017-10-20,INR,7236999999.999999
RBI:AVG_TURNOVER_RN(1.0),N_A,CORPO_REPO,W,2018,2017,0,2017-10-20,INR,3186666666.666667
RBI:AVG_TURNOVER_RN(1.0),N_A,CORPO_REPO,W,2018,2017,0,2017-10-13,INR,3664000000
RBI:AVG_TURNOVER_RN(1.0),N_A,TR_BILL_364_DAY,W,2018,2017,0,2017-10-13,INR,24468076000
RBI:AVG_TURNOVER_RN(1.0),N_A,TRI_REPO,W,2018,2017,0,2017-10-13,INR,1936593333333.3335
RBI:AVG_TURNOVER_RN(1.0),N_A,TERM_MONEY,W,2018,2017,0,2017-10-13,INR,6134333333.333333
RBI:AVG_TURNOVER_RN(1.0),N_A,FOREX,W,2018,2017,0,2017-10-13,INR,65728000000
RBI:AVG_TURNOVER_RN(1.0),N_A,GOVT_SEC_RBI,W,2018,2017,0,2017-10-13,INR,20520000000
RBI:AVG_TURNOVER_RN(1.0),N_A,MKT_REPO,W,2018,2017,0,2017-10-13,INR,1942366666666.6665
RBI:AVG_TURNOVER_RN(1.0),N_A,TR_BILL_182_DAY,W,2018,2017,0,2017-10-13,INR,15765416000
RBI:AVG_TURNOVER_RN(1.0),N_A,CALL_MONEY,W,2018,2017,0,2017-10-13,INR,239530000000
RBI:AVG_TURNOVER_RN(1.0),N_A,NOTICE_MONEY,W,2018,2017,0,2017-10-13,INR,2118166666.666667
RBI:AVG_TURNOVER_RN(1.0),N_A,STATE_GOVT_SEC,W,2018,2017,0,2017-10-13,INR,22577132000
RBI:AVG_TURNOVER_RN(1.0),N_A,GOVT_SEC,W,2018,2017,0,2017-10-13,INR,632525168000
RBI:AVG_TURNOVER_RN(1.0),N_A,TR_BILL_91_DAY,W,2018,2017,0,2017-10-13,INR,26488120000
RBI:AVG_TURNOVER_RN(1.0),N_A,CALL_MONEY,W,2018,2017,0,2017-10-06,INR,195620099999.99997
RBI:AVG_TURNOVER_RN(1.0),N_A,TR_BILL_91_DAY,W,2018,2017,0,2017-10-06,INR,11668335000
RBI:AVG_TURNOVER_RN(1.0),N_A,TR_BILL_364_DAY,W,2018,2017,0,2017-10-06,INR,12640719999.999998
RBI:AVG_TURNOVER_RN(1.0),N_A,CORPO_REPO,W,2018,2017,0,2017-10-06,INR,8000000000
RBI:AVG_TURNOVER_RN(1.0),N_A,GOVT_SEC,W,2018,2017,0,2017-10-06,INR,905087360000
RBI:AVG_TURNOVER_RN(1.0),N_A,MKT_REPO,W,2018,2017,0,2017-10-06,INR,1867030000000
RBI:AVG_TURNOVER_RN(1.0),N_A,GOVT_SEC_RBI,W,2018,2017,0,2017-10-06,INR,1400000000
RBI:AVG_TURNOVER_RN(1.0),N_A,TR_BILL_182_DAY,W,2018,2017,0,2017-10-06,INR,8839215000
RBI:AVG_TURNOVER_RN(1.0),N_A,TERM_MONEY,W,2018,2017,0,2017-10-06,INR,20606300000
RBI:AVG_TURNOVER_RN(1.0),N_A,NOTICE_MONEY,W,2018,2017,0,2017-10-06,INR,75338100000
RBI:AVG_TURNOVER_RN(1.0),N_A,TRI_REPO,W,2018,2017,0,2017-10-06,INR,2519470750000
RBI:AVG_TURNOVER_RN(1.0),N_A,STATE_GOVT_SEC,W,2018,2017,0,2017-10-06,INR,25884065000
RBI:AVG_TURNOVER_RN(1.0),N_A,FOREX,W,2018,2017,0,2017-10-06,INR,67950500000
RBI:AVG_TURNOVER_RN(1.0),N_A,FOREX,W,2018,2017,0,2017-09-29,INR,86072400000
RBI:AVG_TURNOVER_RN(1.0),N_A,STATE_GOVT_SEC,W,2018,2017,0,2017-09-29,INR,97472600000
RBI:AVG_TURNOVER_RN(1.0),N_A,TERM_MONEY,W,2018,2017,0,2017-09-29,INR,7632000000
RBI:AVG_TURNOVER_RN(1.0),N_A,MKT_REPO,W,2018,2017,0,2017-09-29,INR,2424272000000
RBI:AVG_TURNOVER_RN(1.0),N_A,NOTICE_MONEY,W,2018,2017,0,2017-09-29,INR,8449720000
RBI:AVG_TURNOVER_RN(1.0),N_A,GOVT_SEC_RBI,W,2018,2017,0,2017-09-29,INR,20830000000
RBI:AVG_TURNOVER_RN(1.0),N_A,TRI_REPO,W,2018,2017,0,2017-09-29,INR,2433682200000.0005
RBI:AVG_TURNOVER_RN(1.0),N_A,GOVT_SEC,W,2018,2017,0,2017-09-29,INR,846358387999.9999
RBI:AVG_TURNOVER_RN(1.0),N_A,TR_BILL_182_DAY,W,2018,2017,0,2017-09-29,INR,13943644000
RBI:AVG_TURNOVER_RN(1.0),N_A,TR_BILL_364_DAY,W,2018,2017,0,2017-09-29,INR,21943400000
RBI:AVG_TURNOVER_RN(1.0),N_A,CORPO_REPO,W,2018,2017,0,2017-09-29,INR,1760000000
RBI:AVG_TURNOVER_RN(1.0),N_A,TR_BILL_91_DAY,W,2018,2017,0,2017-09-29,INR,35999932000
RBI:AVG_TURNOVER_RN(1.0),N_A,CALL_MONEY,W,2018,2017,0,2017-09-29,INR,322721000000
RBI:AVG_TURNOVER_RN(1.0),N_A,TR_BILL_182_DAY,W,2018,2017,0,2017-09-22,INR,17217812000
RBI:AVG_TURNOVER_RN(1.0),N_A,CORPO_REPO,W,2018,2017,0,2017-09-22,INR,12360000000
RBI:AVG_TURNOVER_RN(1.0),N_A,NOTICE_MONEY,W,2018,2017,0,2017-09-22,INR,11655600000
RBI:AVG_TURNOVER_RN(1.0),N_A,CALL_MONEY,W,2018,2017,0,2017-09-22,INR,245173333333.3333
RBI:AVG_TURNOVER_RN(1.0),N_A,FOREX,W,2018,2017,0,2017-09-22,INR,67231000000
RBI:AVG_TURNOVER_RN(1.0),N_A,STATE_GOVT_SEC,W,2018,2017,0,2017-09-22,INR,58255419999.99999
RBI:AVG_TURNOVER_RN(1.0),N_A,TRI_REPO,W,2018,2017,0,2017-09-22,INR,2026104499999.9998
RBI:AVG_TURNOVER_RN(1.0),N_A,MKT_REPO,W,2018,2017,0,2017-09-22,INR,1748380000000
RBI:AVG_TURNOVER_RN(1.0),N_A,TERM_MONEY,W,2018,2017,0,2017-09-22,INR,5515866666.666667
RBI:AVG_TURNOVER_RN(1.0),N_A,GOVT_SEC,W,2018,2017,0,2017-09-22,INR,865654996000.0001
RBI:AVG_TURNOVER_RN(1.0),N_A,TR_BILL_CASH_MNG_BILLS,W,2018,2017,0,2017-09-22,INR,8356000000
RBI:AVG_TURNOVER_RN(1.0),N_A,TR_BILL_91_DAY,W,2018,2017,0,2017-09-22,INR,72906176000
RBI:AVG_TURNOVER_RN(1.0),N_A,TR_BILL_364_DAY,W,2018,2017,0,2017-09-22,INR,12465380000
RBI:AVG_TURNOVER_RN(1.0),N_A,GOVT_SEC_RBI,W,2018,2017,0,2017-09-22,INR,2620000000
RBI:AVG_TURNOVER_RN(1.0),N_A,NOTICE_MONEY,W,2018,2017,0,2017-09-15,INR,108707560000
RBI:AVG_TURNOVER_RN(1.0),N_A,TR_BILL_182_DAY,W,2018,2017,0,2017-09-15,INR,10563588000
RBI:AVG_TURNOVER_RN(1.0),N_A,TR_BILL_CASH_MNG_BILLS,W,2018,2017,0,2017-09-15,INR,16944160000
RBI:AVG_TURNOVER_RN(1.0),N_A,GOVT_SEC_RBI,W,2018,2017,0,2017-09-15,INR,20149999999.999996
RBI:AVG_TURNOVER_RN(1.0),N_A,TR_BILL_364_DAY,W,2018,2017,0,2017-09-15,INR,19414272000
RBI:AVG_TURNOVER_RN(1.0),N_A,STATE_GOVT_SEC,W,2018,2017,0,2017-09-15,INR,77294948000
RBI:AVG_TURNOVER_RN(1.0),N_A,TR_BILL_91_DAY,W,2018,2017,0,2017-09-15,INR,35877312000
RBI:AVG_TURNOVER_RN(1.0),N_A,TERM_MONEY,W,2018,2017,0,2017-09-15,INR,15278960000
RBI:AVG_TURNOVER_RN(1.0),N_A,MKT_REPO,W,2018,2017,0,2017-09-15,INR,2224488000000
RBI:AVG_TURNOVER_RN(1.0),N_A,FOREX,W,2018,2017,0,2017-09-15,INR,54158200000
RBI:AVG_TURNOVER_RN(1.0),N_A,GOVT_SEC,W,2018,2017,0,2017-09-15,INR,736394948000
RBI:AVG_TURNOVER_RN(1.0),N_A,TRI_REPO,W,2018,2017,0,2017-09-15,INR,2143554200000.0002
RBI:AVG_TURNOVER_RN(1.0),N_A,CORPO_REPO,W,2018,2017,0,2017-09-15,INR,3136000000
RBI:AVG_TURNOVER_RN(1.0),N_A,CALL_MONEY,W,2018,2017,0,2017-09-15,INR,203762640000.00003
RBI:AVG_TURNOVER_RN(1.0),N_A,TR_BILL_91_DAY,W,2018,2017,0,2017-09-08,INR,45419280000
RBI:AVG_TURNOVER_RN(1.0),N_A,TR_BILL_364_DAY,W,2018,2017,0,2017-09-08,INR,10980660000
RBI:AVG_TURNOVER_RN(1.0),N_A,NOTICE_MONEY,W,2018,2017,0,2017-09-08,INR,4912120000
RBI:AVG_TURNOVER_RN(1.0),N_A,TR_BILL_CASH_MNG_BILLS,W,2018,2017,0,2017-09-08,INR,4520000000
RBI:AVG_TURNOVER_RN(1.0),N_A,TERM_MONEY,W,2018,2017,0,2017-09-08,INR,5749040000
RBI:AVG_TURNOVER_RN(1.0),N_A,CORPO_REPO,W,2018,2017,0,2017-09-08,INR,2600000000
RBI:AVG_TURNOVER_RN(1.0),N_A,CALL_MONEY,W,2018,2017,0,2017-09-08,INR,244072359999.99997
RBI:AVG_TURNOVER_RN(1.0),N_A,GOVT_SEC,W,2018,2017,0,2017-09-08,INR,1031993784000
RBI:AVG_TURNOVER_RN(1.0),N_A,TRI_REPO,W,2018,2017,0,2017-09-08,INR,2205002400000
RBI:AVG_TURNOVER_RN(1.0),N_A,GOVT_SEC_RBI,W,2018,2017,0,2017-09-08,INR,0.0
RBI:AVG_TURNOVER_RN(1.0),N_A,FOREX,W,2018,2017,0,2017-09-08,INR,52517000000
RBI:AVG_TURNOVER_RN(1.0),N_A,STATE_GOVT_SEC,W,2018,2017,0,2017-09-08,INR,51070240000
RBI:AVG_TURNOVER_RN(1.0),N_A,TR_BILL_182_DAY,W,2018,2017,0,2017-09-08,INR,28486380000
RBI:AVG_TURNOVER_RN(1.0),N_A,MKT_REPO,W,2018,2017,0,2017-09-08,INR,1865136000000
RBI:AVG_TURNOVER_RN(1.0),N_A,TR_BILL_CASH_MNG_BILLS,W,2018,2017,0,2017-09-01,INR,614000000
RBI:AVG_TURNOVER_RN(1.0),N_A,MKT_REPO,W,2018,2017,0,2017-09-01,INR,2165058799999.9998
RBI:AVG_TURNOVER_RN(1.0),N_A,TERM_MONEY,W,2018,2017,0,2017-09-01,INR,10396399999.999998
RBI:AVG_TURNOVER_RN(1.0),N_A,CALL_MONEY,W,2018,2017,0,2017-09-01,INR,326485760000
RBI:AVG_TURNOVER_RN(1.0),N_A,TR_BILL_91_DAY,W,2018,2017,0,2017-09-01,INR,32411744000
RBI:AVG_TURNOVER_RN(1.0),N_A,TR_BILL_364_DAY,W,2018,2017,0,2017-09-01,INR,14123424000
RBI:AVG_TURNOVER_RN(1.0),N_A,CORPO_REPO,W,2018,2017,0,2017-09-01,INR,2800000000
RBI:AVG_TURNOVER_RN(1.0),N_A,GOVT_SEC_RBI,W,2018,2017,0,2017-09-01,INR,28320000000
RBI:AVG_TURNOVER_RN(1.0),N_A,TR_BILL_182_DAY,W,2018,2017,0,2017-09-01,INR,26449404000
RBI:AVG_TURNOVER_RN(1.0),N_A,NOTICE_MONEY,W,2018,2017,0,2017-09-01,INR,5250520000
RBI:AVG_TURNOVER_RN(1.0),N_A,GOVT_SEC,W,2018,2017,0,2017-09-01,INR,706049920000
RBI:AVG_TURNOVER_RN(1.0),N_A,FOREX,W,2018,2017,0,2017-09-01,INR,62775000000
RBI:AVG_TURNOVER_RN(1.0),N_A,TRI_REPO,W,2018,2017,0,2017-09-01,INR,2428175600000
RBI:AVG_TURNOVER_RN(1.0),N_A,STATE_GOVT_SEC,W,2018,2017,0,2017-09-01,INR,56723696000
RBI:AVG_TURNOVER_RN(1.0),N_A,TR_BILL_364_DAY,W,2018,2017,0,2017-08-25,INR,13494250000
RBI:AVG_TURNOVER_RN(1.0),N_A,FOREX,W,2018,2017,0,2017-08-25,INR,52955500000
RBI:AVG_TURNOVER_RN(1.0),N_A,TR_BILL_182_DAY,W,2018,2017,0,2017-08-25,INR,17564645000
RBI:AVG_TURNOVER_RN(1.0),N_A,MKT_REPO,W,2018,2017,0,2017-08-25,INR,1461939600000.0002
RBI:AVG_TURNOVER_RN(1.0),N_A,TR_BILL_91_DAY,W,2018,2017,0,2017-08-25,INR,29449250000
RBI:AVG_TURNOVER_RN(1.0),N_A,TRI_REPO,W,2018,2017,0,2017-08-25,INR,1955179000000
RBI:AVG_TURNOVER_RN(1.0),N_A,STATE_GOVT_SEC,W,2018,2017,0,2017-08-25,INR,72707125000
RBI:AVG_TURNOVER_RN(1.0),N_A,TR_BILL_CASH_MNG_BILLS,W,2018,2017,0,2017-08-25,INR,2075000000
RBI:AVG_TURNOVER_RN(1.0),N_A,CORPO_REPO,W,2018,2017,0,2017-08-25,INR,4620000000
RBI:AVG_TURNOVER_RN(1.0),N_A,GOVT_SEC,W,2018,2017,0,2017-08-25,INR,602136155000
RBI:AVG_TURNOVER_RN(1.0),N_A,TERM_MONEY,W,2018,2017,0,2017-08-25,INR,23940800000
RBI:AVG_TURNOVER_RN(1.0),N_A,GOVT_SEC_RBI,W,2018,2017,0,2017-08-25,INR,0.0
RBI:AVG_TURNOVER_RN(1.0),N_A,NOTICE_MONEY,W,2018,2017,0,2017-08-25,INR,10233120000.000002
RBI:AVG_TURNOVER_RN(1.0),N_A,CALL_MONEY,W,2018,2017,0,2017-08-25,INR,210267440000
RBI:AVG_TURNOVER_RN(1.0),N_A,TERM_MONEY,W,2018,2017,0,2017-08-18,INR,9013733333.333334
RBI:AVG_TURNOVER_RN(1.0),N_A,TR_BILL_91_DAY,W,2018,2017,0,2017-08-18,INR,71863100000
RBI:AVG_TURNOVER_RN(1.0),N_A,TRI_REPO,W,2018,2017,0,2017-08-18,INR,2070391000000
RBI:AVG_TURNOVER_RN(1.0),N_A,CORPO_REPO,W,2018,2017,0,2017-08-18,INR,5533333333.333334
RBI:AVG_TURNOVER_RN(1.0),N_A,FOREX,W,2018,2017,0,2017-08-18,INR,58767666666.66666
RBI:AVG_TURNOVER_RN(1.0),N_A,TR_BILL_CASH_MNG_BILLS,W,2018,2017,0,2017-08-18,INR,30733333333.333336
RBI:AVG_TURNOVER_RN(1.0),N_A,CALL_MONEY,W,2018,2017,0,2017-08-18,INR,180927200000
RBI:AVG_TURNOVER_RN(1.0),N_A,NOTICE_MONEY,W,2018,2017,0,2017-08-18,INR,159885733333.33334
RBI:AVG_TURNOVER_RN(1.0),N_A,TR_BILL_364_DAY,W,2018,2017,0,2017-08-18,INR,10725873333.333334
RBI:AVG_TURNOVER_RN(1.0),N_A,STATE_GOVT_SEC,W,2018,2017,0,2017-08-18,INR,24081766666.666668
RBI:AVG_TURNOVER_RN(1.0),N_A,GOVT_SEC_RBI,W,2018,2017,0,2017-08-18,INR,1790000000
RBI:AVG_TURNOVER_RN(1.0),N_A,TR_BILL_182_DAY,W,2018,2017,0,2017-08-18,INR,12823333333.333332
RBI:AVG_TURNOVER_RN(1.0),N_A,GOVT_SEC,W,2018,2017,0,2017-08-18,INR,656842753333.3334
RBI:AVG_TURNOVER_RN(1.0),N_A,MKT_REPO,W,2018,2017,0,2017-08-18,INR,2709520000000
RBI:AVG_TURNOVER_RN(1.0),N_A,GOVT_SEC_RBI,W,2018,2017,0,2017-08-11,INR,20070000000
RBI:AVG_TURNOVER_RN(1.0),N_A,FOREX,W,2018,2017,0,2017-08-11,INR,55380600000
RBI:AVG_TURNOVER_RN(1.0),N_A,STATE_GOVT_SEC,W,2018,2017,0,2017-08-11,INR,50438711999.99999
RBI:AVG_TURNOVER_RN(1.0),N_A,TERM_MONEY,W,2018,2017,0,2017-08-11,INR,6940333333.333333
RBI:AVG_TURNOVER_RN(1.0),N_A,TR_BILL_364_DAY,W,2018,2017,0,2017-08-11,INR,16895867999.999998
RBI:AVG_TURNOVER_RN(1.0),N_A,MKT_REPO,W,2018,2017,0,2017-08-11,INR,1884224666666.6667
RBI:AVG_TURNOVER_RN(1.0),N_A,GOVT_SEC,W,2018,2017,0,2017-08-11,INR,730810316000
RBI:AVG_TURNOVER_RN(1.0),N_A,TR_BILL_91_DAY,W,2018,2017,0,2017-08-11,INR,64189160000
RBI:AVG_TURNOVER_RN(1.0),N_A,TR_BILL_182_DAY,W,2018,2017,0,2017-08-11,INR,17711583999.999996
RBI:AVG_TURNOVER_RN(1.0),N_A,TR_BILL_CASH_MNG_BILLS,W,2018,2017,0,2017-08-11,INR,45281960000
RBI:AVG_TURNOVER_RN(1.0),N_A,CALL_MONEY,W,2018,2017,0,2017-08-11,INR,250693133333.33334
RBI:AVG_TURNOVER_RN(1.0),N_A,TRI_REPO,W,2018,2017,0,2017-08-11,INR,1924768500000
RBI:AVG_TURNOVER_RN(1.0),N_A,NOTICE_MONEY,W,2018,2017,0,2017-08-11,INR,8353033333.333333
RBI:AVG_TURNOVER_RN(1.0),N_A,CORPO_REPO,W,2018,2017,0,2017-08-11,INR,2896000000
RBI:AVG_TURNOVER_RN(1.0),N_A,NOTICE_MONEY,W,2018,2017,0,2017-08-04,INR,89429833333.33333
RBI:AVG_TURNOVER_RN(1.0),N_A,FOREX,W,2018,2017,0,2017-08-04,INR,61848000000
RBI:AVG_TURNOVER_RN(1.0),N_A,TR_BILL_364_DAY,W,2018,2017,0,2017-08-04,INR,19522060000
RBI:AVG_TURNOVER_RN(1.0),N_A,CALL_MONEY,W,2018,2017,0,2017-08-04,INR,193187400000.00003
RBI:AVG_TURNOVER_RN(1.0),N_A,CORPO_REPO,W,2018,2017,0,2017-08-04,INR,2104000000
RBI:AVG_TURNOVER_RN(1.0),N_A,TERM_MONEY,W,2018,2017,0,2017-08-04,INR,5380833333.333334
RBI:AVG_TURNOVER_RN(1.0),N_A,GOVT_SEC,W,2018,2017,0,2017-08-04,INR,1148761736000.0002
RBI:AVG_TURNOVER_RN(1.0),N_A,TRI_REPO,W,2018,2017,0,2017-08-04,INR,1633654333333.3333
RBI:AVG_TURNOVER_RN(1.0),N_A,TR_BILL_CASH_MNG_BILLS,W,2018,2017,0,2017-08-04,INR,36628852000
RBI:AVG_TURNOVER_RN(1.0),N_A,STATE_GOVT_SEC,W,2018,2017,0,2017-08-04,INR,76112348000
RBI:AVG_TURNOVER_RN(1.0),N_A,TR_BILL_182_DAY,W,2018,2017,0,2017-08-04,INR,7184728000
RBI:AVG_TURNOVER_RN(1.0),N_A,GOVT_SEC_RBI,W,2018,2017,0,2017-08-04,INR,980000000.0000001
RBI:AVG_TURNOVER_RN(1.0),N_A,TR_BILL_91_DAY,W,2018,2017,0,2017-08-04,INR,59605208000
RBI:AVG_TURNOVER_RN(1.0),N_A,MKT_REPO,W,2018,2017,0,2017-08-04,INR,2045858466666.6667
RBI:AVG_TURNOVER_RN(1.0),N_A,GOVT_SEC,W,2018,2017,0,2017-07-28,INR,1170222996000
RBI:AVG_TURNOVER_RN(1.0),N_A,GOVT_SEC_RBI,W,2018,2017,0,2017-07-28,INR,6310000000
RBI:AVG_TURNOVER_RN(1.0),N_A,CORPO_REPO,W,2018,2017,0,2017-07-28,INR,2976000000
RBI:AVG_TURNOVER_RN(1.0),N_A,TRI_REPO,W,2018,2017,0,2017-07-28,INR,2204791400000
RBI:AVG_TURNOVER_RN(1.0),N_A,TERM_MONEY,W,2018,2017,0,2017-07-28,INR,9088400000
RBI:AVG_TURNOVER_RN(1.0),N_A,STATE_GOVT_SEC,W,2018,2017,0,2017-07-28,INR,94421656000
RBI:AVG_TURNOVER_RN(1.0),N_A,TR_BILL_CASH_MNG_BILLS,W,2018,2017,0,2017-07-28,INR,26786024000.000004
RBI:AVG_TURNOVER_RN(1.0),N_A,NOTICE_MONEY,W,2018,2017,0,2017-07-28,INR,54024320000
RBI:AVG_TURNOVER_RN(1.0),N_A,FOREX,W,2018,2017,0,2017-07-28,INR,59928400000
RBI:AVG_TURNOVER_RN(1.0),N_A,MKT_REPO,W,2018,2017,0,2017-07-28,INR,1821658800000
RBI:AVG_TURNOVER_RN(1.0),N_A,TR_BILL_182_DAY,W,2018,2017,0,2017-07-28,INR,8078072000
RBI:AVG_TURNOVER_RN(1.0),N_A,TR_BILL_91_DAY,W,2018,2017,0,2017-07-28,INR,44437492000
RBI:AVG_TURNOVER_RN(1.0),N_A,TR_BILL_364_DAY,W,2018,2017,0,2017-07-28,INR,2446332000
RBI:AVG_TURNOVER_RN(1.0),N_A,CALL_MONEY,W,2018,2017,0,2017-07-28,INR,211424840000
RBI:AVG_TURNOVER_RN(1.0),N_A,TR_BILL_364_DAY,W,2018,2017,0,2017-07-21,INR,12531252000
RBI:AVG_TURNOVER_RN(1.0),N_A,STATE_GOVT_SEC,W,2018,2017,0,2017-07-21,INR,58192532000.00001
RBI:AVG_TURNOVER_RN(1.0),N_A,TR_BILL_91_DAY,W,2018,2017,0,2017-07-21,INR,48440592000
RBI:AVG_TURNOVER_RN(1.0),N_A,TERM_MONEY,W,2018,2017,0,2017-07-21,INR,4000600000
RBI:AVG_TURNOVER_RN(1.0),N_A,GOVT_SEC,W,2018,2017,0,2017-07-21,INR,886484860000
RBI:AVG_TURNOVER_RN(1.0),N_A,CALL_MONEY,W,2018,2017,0,2017-07-21,INR,260392400000.00003
RBI:AVG_TURNOVER_RN(1.0),N_A,CORPO_REPO,W,2018,2017,0,2017-07-21,INR,2852000000
RBI:AVG_TURNOVER_RN(1.0),N_A,GOVT_SEC_RBI,W,2018,2017,0,2017-07-21,INR,20169999999.999996
RBI:AVG_TURNOVER_RN(1.0),N_A,TR_BILL_CASH_MNG_BILLS,W,2018,2017,0,2017-07-21,INR,32984663999.999996
RBI:AVG_TURNOVER_RN(1.0),N_A,TRI_REPO,W,2018,2017,0,2017-07-21,INR,1674125000000
RBI:AVG_TURNOVER_RN(1.0),N_A,NOTICE_MONEY,W,2018,2017,0,2017-07-21,INR,3769000000.0000005
RBI:AVG_TURNOVER_RN(1.0),N_A,FOREX,W,2018,2017,0,2017-07-21,INR,50839400000
RBI:AVG_TURNOVER_RN(1.0),N_A,TR_BILL_182_DAY,W,2018,2017,0,2017-07-21,INR,12592195999.999998
RBI:AVG_TURNOVER_RN(1.0),N_A,MKT_REPO,W,2018,2017,0,2017-07-21,INR,1646670533333.3333
RBI:AVG_TURNOVER_RN(1.0),N_A,TRI_REPO,W,2018,2017,0,2017-07-14,INR,2066648000000
RBI:AVG_TURNOVER_RN(1.0),N_A,GOVT_SEC_RBI,W,2018,2017,0,2017-07-14,INR,1750000000
RBI:AVG_TURNOVER_RN(1.0),N_A,TR_BILL_182_DAY,W,2018,2017,0,2017-07-14,INR,17933872000
RBI:AVG_TURNOVER_RN(1.0),N_A,CALL_MONEY,W,2018,2017,0,2017-07-14,INR,196206840000
RBI:AVG_TURNOVER_RN(1.0),N_A,TR_BILL_364_DAY,W,2018,2017,0,2017-07-14,INR,5344192000
RBI:AVG_TURNOVER_RN(1.0),N_A,FOREX,W,2018,2017,0,2017-07-14,INR,54568000000
RBI:AVG_TURNOVER_RN(1.0),N_A,MKT_REPO,W,2018,2017,0,2017-07-14,INR,1826815440000
RBI:AVG_TURNOVER_RN(1.0),N_A,STATE_GOVT_SEC,W,2018,2017,0,2017-07-14,INR,57204280000.00001
RBI:AVG_TURNOVER_RN(1.0),N_A,TR_BILL_91_DAY,W,2018,2017,0,2017-07-14,INR,54644940000.00001
RBI:AVG_TURNOVER_RN(1.0),N_A,TERM_MONEY,W,2018,2017,0,2017-07-14,INR,10394000000
RBI:AVG_TURNOVER_RN(1.0),N_A,NOTICE_MONEY,W,2018,2017,0,2017-07-14,INR,47650120000.00001
RBI:AVG_TURNOVER_RN(1.0),N_A,CORPO_REPO,W,2018,2017,0,2017-07-14,INR,4464000000
RBI:AVG_TURNOVER_RN(1.0),N_A,GOVT_SEC,W,2018,2017,0,2017-07-14,INR,1343751847999.9998
RBI:AVG_TURNOVER_RN(1.0),N_A,TR_BILL_CASH_MNG_BILLS,W,2018,2017,0,2017-07-14,INR,20953632000.000004
RBI:AVG_TURNOVER_RN(1.0),N_A,FOREX,W,2018,2017,0,2017-07-07,INR,50457000000
RBI:AVG_TURNOVER_RN(1.0),N_A,GOVT_SEC,W,2018,2017,0,2017-07-07,INR,1061595168000.0001
RBI:AVG_TURNOVER_RN(1.0),N_A,TERM_MONEY,W,2018,2017,0,2017-07-07,INR,6552100000
RBI:AVG_TURNOVER_RN(1.0),N_A,CORPO_REPO,W,2018,2017,0,2017-07-07,INR,3528000000
RBI:AVG_TURNOVER_RN(1.0),N_A,TR_BILL_91_DAY,W,2018,2017,0,2017-07-07,INR,47302879999.99999
RBI:AVG_TURNOVER_RN(1.0),N_A,GOVT_SEC_RBI,W,2018,2017,0,2017-07-07,INR,31820000000
RBI:AVG_TURNOVER_RN(1.0),N_A,STATE_GOVT_SEC,W,2018,2017,0,2017-07-07,INR,36456452000
RBI:AVG_TURNOVER_RN(1.0),N_A,TR_BILL_364_DAY,W,2018,2017,0,2017-07-07,INR,6603812000
RBI:AVG_TURNOVER_RN(1.0),N_A,CALL_MONEY,W,2018,2017,0,2017-07-07,INR,279420933333.3333
RBI:AVG_TURNOVER_RN(1.0),N_A,NOTICE_MONEY,W,2018,2017,0,2017-07-07,INR,4816000000
RBI:AVG_TURNOVER_RN(1.0),N_A,TR_BILL_182_DAY,W,2018,2017,0,2017-07-07,INR,13123432000
RBI:AVG_TURNOVER_RN(1.0),N_A,MKT_REPO,W,2018,2017,0,2017-07-07,INR,1846022333333.333
RBI:AVG_TURNOVER_RN(1.0),N_A,TR_BILL_CASH_MNG_BILLS,W,2018,2017,0,2017-07-07,INR,37284556000
RBI:AVG_TURNOVER_RN(1.0),N_A,TRI_REPO,W,2018,2017,0,2017-07-07,INR,1608009666666.6667
RBI:AVG_TURNOVER_RN(1.0),N_A,TR_BILL_CASH_MNG_BILLS,W,2018,2017,0,2017-06-30,INR,90412430000
RBI:AVG_TURNOVER_RN(1.0),N_A,CALL_MONEY,W,2018,2017,0,2017-06-30,INR,168453849999.99997
RBI:AVG_TURNOVER_RN(1.0),N_A,TR_BILL_91_DAY,W,2018,2017,0,2017-06-30,INR,93630345000
RBI:AVG_TURNOVER_RN(1.0),N_A,CORPO_REPO,W,2018,2017,0,2017-06-30,INR,1070000000
RBI:AVG_TURNOVER_RN(1.0),N_A,TRI_REPO,W,2018,2017,0,2017-06-30,INR,2326879000000
RBI:AVG_TURNOVER_RN(1.0),N_A,TR_BILL_364_DAY,W,2018,2017,0,2017-06-30,INR,8027085000
RBI:AVG_TURNOVER_RN(1.0),N_A,TERM_MONEY,W,2018,2017,0,2017-06-30,INR,11630000000
RBI:AVG_TURNOVER_RN(1.0),N_A,GOVT_SEC_RBI,W,2018,2017,0,2017-06-30,INR,1560000000
RBI:AVG_TURNOVER_RN(1.0),N_A,MKT_REPO,W,2018,2017,0,2017-06-30,INR,2022138299999.9998
RBI:AVG_TURNOVER_RN(1.0),N_A,FOREX,W,2018,2017,0,2017-06-30,INR,72009000000
RBI:AVG_TURNOVER_RN(1.0),N_A,STATE_GOVT_SEC,W,2018,2017,0,2017-06-30,INR,103094010000
RBI:AVG_TURNOVER_RN(1.0),N_A,GOVT_SEC,W,2018,2017,0,2017-06-30,INR,878814650000
RBI:AVG_TURNOVER_RN(1.0),N_A,NOTICE_MONEY,W,2018,2017,0,2017-06-30,INR,56814300000
RBI:AVG_TURNOVER_RN(1.0),N_A,TR_BILL_182_DAY,W,2018,2017,0,2017-06-30,INR,31622405000
RBI:AVG_TURNOVER_RN(1.0),N_A,TERM_MONEY,W,2018,2017,0,2017-06-23,INR,6834666666.666667
RBI:AVG_TURNOVER_RN(1.0),N_A,TR_BILL_364_DAY,W,2018,2017,0,2017-06-23,INR,8958712000
RBI:AVG_TURNOVER_RN(1.0),N_A,TRI_REPO,W,2018,2017,0,2017-06-23,INR,1742516333333.3333
RBI:AVG_TURNOVER_RN(1.0),N_A,CORPO_REPO,W,2018,2017,0,2017-06-23,INR,13096000000
RBI:AVG_TURNOVER_RN(1.0),N_A,MKT_REPO,W,2018,2017,0,2017-06-23,INR,2070329266666.6667
RBI:AVG_TURNOVER_RN(1.0),N_A,TR_BILL_CASH_MNG_BILLS,W,2018,2017,0,2017-06-23,INR,8068000000
RBI:AVG_TURNOVER_RN(1.0),N_A,TR_BILL_91_DAY,W,2018,2017,0,2017-06-23,INR,46339928000
RBI:AVG_TURNOVER_RN(1.0),N_A,CALL_MONEY,W,2018,2017,0,2017-06-23,INR,267693333333.3333
RBI:AVG_TURNOVER_RN(1.0),N_A,FOREX,W,2018,2017,0,2017-06-23,INR,51969800000
RBI:AVG_TURNOVER_RN(1.0),N_A,TR_BILL_182_DAY,W,2018,2017,0,2017-06-23,INR,6376700000
RBI:AVG_TURNOVER_RN(1.0),N_A,STATE_GOVT_SEC,W,2018,2017,0,2017-06-23,INR,59782516000
RBI:AVG_TURNOVER_RN(1.0),N_A,GOVT_SEC,W,2018,2017,0,2017-06-23,INR,1089935016000
RBI:AVG_TURNOVER_RN(1.0),N_A,NOTICE_MONEY,W,2018,2017,0,2017-06-23,INR,4955133333.333333
RBI:AVG_TURNOVER_RN(1.0),N_A,GOVT_SEC_RBI,W,2018,2017,0,2017-06-23,INR,139999999.99999997
RBI:AVG_TURNOVER_RN(1.0),N_A,CORPO_REPO,W,2018,2017,0,2017-06-16,INR,3200000000
RBI:AVG_TURNOVER_RN(1.0),N_A,NOTICE_MONEY,W,2018,2017,0,2017-06-16,INR,51908160000.00001
RBI:AVG_TURNOVER_RN(1.0),N_A,FOREX,W,2018,2017,0,2017-06-16,INR,52579000000
RBI:AVG_TURNOVER_RN(1.0),N_A,GOVT_SEC_RBI,W,2018,2017,0,2017-06-16,INR,1540000000
RBI:AVG_TURNOVER_RN(1.0),N_A,TRI_REPO,W,2018,2017,0,2017-06-16,INR,1971274000000
RBI:AVG_TURNOVER_RN(1.0),N_A,CALL_MONEY,W,2018,2017,0,2017-06-16,INR,190719600000
RBI:AVG_TURNOVER_RN(1.0),N_A,TR_BILL_91_DAY,W,2018,2017,0,2017-06-16,INR,41348188000
RBI:AVG_TURNOVER_RN(1.0),N_A,STATE_GOVT_SEC,W,2018,2017,0,2017-06-16,INR,74712364000
RBI:AVG_TURNOVER_RN(1.0),N_A,MKT_REPO,W,2018,2017,0,2017-06-16,INR,2131601759999.9998
RBI:AVG_TURNOVER_RN(1.0),N_A,TERM_MONEY,W,2018,2017,0,2017-06-16,INR,10862400000
RBI:AVG_TURNOVER_RN(1.0),N_A,TR_BILL_364_DAY,W,2018,2017,0,2017-06-16,INR,7556892000
RBI:AVG_TURNOVER_RN(1.0),N_A,TR_BILL_CASH_MNG_BILLS,W,2018,2017,0,2017-06-16,INR,23011504000
RBI:AVG_TURNOVER_RN(1.0),N_A,TR_BILL_182_DAY,W,2018,2017,0,2017-06-16,INR,14299276000
RBI:AVG_TURNOVER_RN(1.0),N_A,GOVT_SEC,W,2018,2017,0,2017-06-16,INR,1191739328000
RBI:AVG_TURNOVER_RN(1.0),N_A,GOVT_SEC,W,2018,2017,0,2017-06-09,INR,1268722760000
RBI:AVG_TURNOVER_RN(1.0),N_A,GOVT_SEC_RBI,W,2018,2017,0,2017-06-09,INR,360000000
RBI:AVG_TURNOVER_RN(1.0),N_A,TR_BILL_CASH_MNG_BILLS,W,2018,2017,0,2017-06-09,INR,86996384000
RBI:AVG_TURNOVER_RN(1.0),N_A,TRI_REPO,W,2018,2017,0,2017-06-09,INR,1656161166666.6667
RBI:AVG_TURNOVER_RN(1.0),N_A,TERM_MONEY,W,2018,2017,0,2017-06-09,INR,5526666666.666666
RBI:AVG_TURNOVER_RN(1.0),N_A,MKT_REPO,W,2018,2017,0,2017-06-09,INR,1920190466666.6665
RBI:AVG_TURNOVER_RN(1.0),N_A,TR_BILL_182_DAY,W,2018,2017,0,2017-06-09,INR,11789760000.000002
RBI:AVG_TURNOVER_RN(1.0),N_A,NOTICE_MONEY,W,2018,2017,0,2017-06-09,INR,5093466666.666666
RBI:AVG_TURNOVER_RN(1.0),N_A,CALL_MONEY,W,2018,2017,0,2017-06-09,INR,286361166666.6667
RBI:AVG_TURNOVER_RN(1.0),N_A,CORPO_REPO,W,2018,2017,0,2017-06-09,INR,3088000000
RBI:AVG_TURNOVER_RN(1.0),N_A,TR_BILL_91_DAY,W,2018,2017,0,2017-06-09,INR,36802148000
RBI:AVG_TURNOVER_RN(1.0),N_A,FOREX,W,2018,2017,0,2017-06-09,INR,50693000000
RBI:AVG_TURNOVER_RN(1.0),N_A,TR_BILL_364_DAY,W,2018,2017,0,2017-06-09,INR,4479032000
RBI:AVG_TURNOVER_RN(1.0),N_A,STATE_GOVT_SEC,W,2018,2017,0,2017-06-09,INR,66320684000
RBI:AVG_TURNOVER_RN(1.0),N_A,NOTICE_MONEY,W,2018,2017,0,2017-06-02,INR,48287760000
RBI:AVG_TURNOVER_RN(1.0),N_A,GOVT_SEC,W,2018,2017,0,2017-06-02,INR,751358744000
RBI:AVG_TURNOVER_RN(1.0),N_A,TR_BILL_364_DAY,W,2018,2017,0,2017-06-02,INR,14156248000
RBI:AVG_TURNOVER_RN(1.0),N_A,TR_BILL_91_DAY,W,2018,2017,0,2017-06-02,INR,23711240000.000004
RBI:AVG_TURNOVER_RN(1.0),N_A,CALL_MONEY,W,2018,2017,0,2017-06-02,INR,177116200000.00003
RBI:AVG_TURNOVER_RN(1.0),N_A,MKT_REPO,W,2018,2017,0,2017-06-02,INR,1895610480000
RBI:AVG_TURNOVER_RN(1.0),N_A,GOVT_SEC_RBI,W,2018,2017,0,2017-06-02,INR,4470000000.000001
RBI:AVG_TURNOVER_RN(1.0),N_A,CORPO_REPO,W,2018,2017,0,2017-06-02,INR,2048000000
RBI:AVG_TURNOVER_RN(1.0),N_A,TERM_MONEY,W,2018,2017,0,2017-06-02,INR,7947200000
RBI:AVG_TURNOVER_RN(1.0),N_A,TRI_REPO,W,2018,2017,0,2017-06-02,INR,2239090000000
RBI:AVG_TURNOVER_RN(1.0),N_A,TR_BILL_182_DAY,W,2018,2017,0,2017-06-02,INR,6642328000
RBI:AVG_TURNOVER_RN(1.0),N_A,FOREX,W,2018,2017,0,2017-06-02,INR,56031800000
RBI:AVG_TURNOVER_RN(1.0),N_A,STATE_GOVT_SEC,W,2018,2017,0,2017-06-02,INR,42727984000
RBI:AVG_TURNOVER_RN(1.0),N_A,TR_BILL_CASH_MNG_BILLS,W,2018,2017,0,2017-06-02,INR,87320056000
RBI:AVG_TURNOVER_RN(1.0),N_A,TR_BILL_364_DAY,W,2018,2017,0,2017-05-26,INR,10046380000
RBI:AVG_TURNOVER_RN(1.0),N_A,STATE_GOVT_SEC,W,2018,2017,0,2017-05-26,INR,42320379999.99999
RBI:AVG_TURNOVER_RN(1.0),N_A,CORPO_REPO,W,2018,2017,0,2017-05-26,INR,2752000000
RBI:AVG_TURNOVER_RN(1.0),N_A,TR_BILL_182_DAY,W,2018,2017,0,2017-05-26,INR,14014308000
RBI:AVG_TURNOVER_RN(1.0),N_A,TERM_MONEY,W,2018,2017,0,2017-05-26,INR,6423333333.333334
RBI:AVG_TURNOVER_RN(1.0),N_A,MKT_REPO,W,2018,2017,0,2017-05-26,INR,1851096933333.3333
RBI:AVG_TURNOVER_RN(1.0),N_A,GOVT_SEC,W,2018,2017,0,2017-05-26,INR,923057472000.0001
RBI:AVG_TURNOVER_RN(1.0),N_A,TRI_REPO,W,2018,2017,0,2017-05-26,INR,1642331166666.6667
RBI:AVG_TURNOVER_RN(1.0),N_A,TR_BILL_91_DAY,W,2018,2017,0,2017-05-26,INR,33064648000.000004
RBI:AVG_TURNOVER_RN(1.0),N_A,GOVT_SEC_RBI,W,2018,2017,0,2017-05-26,INR,0.0
RBI:AVG_TURNOVER_RN(1.0),N_A,NOTICE_MONEY,W,2018,2017,0,2017-05-26,INR,11490400000
RBI:AVG_TURNOVER_RN(1.0),N_A,TR_BILL_CASH_MNG_BILLS,W,2018,2017,0,2017-05-26,INR,3580000000
RBI:AVG_TURNOVER_RN(1.0),N_A,FOREX,W,2018,2017,0,2017-05-26,INR,53597200000
RBI:AVG_TURNOVER_RN(1.0),N_A,CALL_MONEY,W,2018,2017,0,2017-05-26,INR,234117233333.3333
RBI:AVG_TURNOVER_RN(1.0),N_A,MKT_REPO,W,2018,2017,0,2017-05-19,INR,1913196320000.0002
RBI:AVG_TURNOVER_RN(1.0),N_A,CORPO_REPO,W,2018,2017,0,2017-05-19,INR,3120000000
RBI:AVG_TURNOVER_RN(1.0),N_A,TR_BILL_CASH_MNG_BILLS,W,2018,2017,0,2017-05-19,INR,22030296000
RBI:AVG_TURNOVER_RN(1.0),N_A,GOVT_SEC,W,2018,2017,0,2017-05-19,INR,1092324544000
RBI:AVG_TURNOVER_RN(1.0),N_A,FOREX,W,2018,2017,0,2017-05-19,INR,61671400000
RBI:AVG_TURNOVER_RN(1.0),N_A,STATE_GOVT_SEC,W,2018,2017,0,2017-05-19,INR,40244908000.00001
RBI:AVG_TURNOVER_RN(1.0),N_A,TR_BILL_364_DAY,W,2018,2017,0,2017-05-19,INR,4270000000
RBI:AVG_TURNOVER_RN(1.0),N_A,GOVT_SEC_RBI,W,2018,2017,0,2017-05-19,INR,0.0
RBI:AVG_TURNOVER_RN(1.0),N_A,TRI_REPO,W,2018,2017,0,2017-05-19,INR,2151809400000
RBI:AVG_TURNOVER_RN(1.0),N_A,CALL_MONEY,W,2018,2017,0,2017-05-19,INR,213772720000
RBI:AVG_TURNOVER_RN(1.0),N_A,TR_BILL_182_DAY,W,2018,2017,0,2017-05-19,INR,6242232000
RBI:AVG_TURNOVER_RN(1.0),N_A,NOTICE_MONEY,W,2018,2017,0,2017-05-19,INR,66758080000
RBI:AVG_TURNOVER_RN(1.0),N_A,TR_BILL_91_DAY,W,2018,2017,0,2017-05-19,INR,51320572000
RBI:AVG_TURNOVER_RN(1.0),N_A,TERM_MONEY,W,2018,2017,0,2017-05-19,INR,5212400000
RBI:AVG_TURNOVER_RN(1.0),N_A,NOTICE_MONEY,W,2018,2017,0,2017-05-12,INR,8956600000
RBI:AVG_TURNOVER_RN(1.0),N_A,TR_BILL_364_DAY,W,2018,2017,0,2017-05-12,INR,7827025000
RBI:AVG_TURNOVER_RN(1.0),N_A,GOVT_SEC,W,2018,2017,0,2017-05-12,INR,659460990000
RBI:AVG_TURNOVER_RN(1.0),N_A,CALL_MONEY,W,2018,2017,0,2017-05-12,INR,276236480000
RBI:AVG_TURNOVER_RN(1.0),N_A,FOREX,W,2018,2017,0,2017-05-12,INR,55732500000
RBI:AVG_TURNOVER_RN(1.0),N_A,TR_BILL_CASH_MNG_BILLS,W,2018,2017,0,2017-05-12,INR,39689910000
RBI:AVG_TURNOVER_RN(1.0),N_A,MKT_REPO,W,2018,2017,0,2017-05-12,INR,1725154480000
RBI:AVG_TURNOVER_RN(1.0),N_A,STATE_GOVT_SEC,W,2018,2017,0,2017-05-12,INR,27510890000.000004
RBI:AVG_TURNOVER_RN(1.0),N_A,TR_BILL_91_DAY,W,2018,2017,0,2017-05-12,INR,39188255000
RBI:AVG_TURNOVER_RN(1.0),N_A,GOVT_SEC_RBI,W,2018,2017,0,2017-05-12,INR,300000000
RBI:AVG_TURNOVER_RN(1.0),N_A,TRI_REPO,W,2018,2017,0,2017-05-12,INR,1498477200000
RBI:AVG_TURNOVER_RN(1.0),N_A,CORPO_REPO,W,2018,2017,0,2017-05-12,INR,4020000000
RBI:AVG_TURNOVER_RN(1.0),N_A,TERM_MONEY,W,2018,2017,0,2017-05-12,INR,7878000000
RBI:AVG_TURNOVER_RN(1.0),N_A,TR_BILL_182_DAY,W,2018,2017,0,2017-05-12,INR,5023940000
RBI:AVG_TURNOVER_RN(1.0),N_A,GOVT_SEC,W,2018,2017,0,2017-05-05,INR,632657360000
RBI:AVG_TURNOVER_RN(1.0),N_A,GOVT_SEC_RBI,W,2018,2017,0,2017-05-05,INR,60000000
RBI:AVG_TURNOVER_RN(1.0),N_A,TR_BILL_91_DAY,W,2018,2017,0,2017-05-05,INR,23186395000.000004
RBI:AVG_TURNOVER_RN(1.0),N_A,TERM_MONEY,W,2018,2017,0,2017-05-05,INR,9780800000
RBI:AVG_TURNOVER_RN(1.0),N_A,STATE_GOVT_SEC,W,2018,2017,0,2017-05-05,INR,41025710000
RBI:AVG_TURNOVER_RN(1.0),N_A,CALL_MONEY,W,2018,2017,0,2017-05-05,INR,152878200000.00003
RBI:AVG_TURNOVER_RN(1.0),N_A,MKT_REPO,W,2018,2017,0,2017-05-05,INR,1372161280000
RBI:AVG_TURNOVER_RN(1.0),N_A,CORPO_REPO,W,2018,2017,0,2017-05-05,INR,3770000000
RBI:AVG_TURNOVER_RN(1.0),N_A,TR_BILL_CASH_MNG_BILLS,W,2018,2017,0,2017-05-05,INR,22940000000
RBI:AVG_TURNOVER_RN(1.0),N_A,TR_BILL_182_DAY,W,2018,2017,0,2017-05-05,INR,8804970000
RBI:AVG_TURNOVER_RN(1.0),N_A,TRI_REPO,W,2018,2017,0,2017-05-05,INR,1737774800000
RBI:AVG_TURNOVER_RN(1.0),N_A,FOREX,W,2018,2017,0,2017-05-05,INR,50293750000
RBI:AVG_TURNOVER_RN(1.0),N_A,TR_BILL_364_DAY,W,2018,2017,0,2017-05-05,INR,2808300000
RBI:AVG_TURNOVER_RN(1.0),N_A,NOTICE_MONEY,W,2018,2017,0,2017-05-05,INR,44348000000
RBI:AVG_TURNOVER_RN(1.0),N_A,TERM_MONEY,W,2018,2017,0,2017-04-28,INR,6696000000
RBI:AVG_TURNOVER_RN(1.0),N_A,TR_BILL_182_DAY,W,2018,2017,0,2017-04-28,INR,4442168000
RBI:AVG_TURNOVER_RN(1.0),N_A,CALL_MONEY,W,2018,2017,0,2017-04-28,INR,222585239999.99997
RBI:AVG_TURNOVER_RN(1.0),N_A,FOREX,W,2018,2017,0,2017-04-28,INR,64279400000
RBI:AVG_TURNOVER_RN(1.0),N_A,MKT_REPO,W,2018,2017,0,2017-04-28,INR,2030920000000
RBI:AVG_TURNOVER_RN(1.0),N_A,STATE_GOVT_SEC,W,2018,2017,0,2017-04-28,INR,47806192000
RBI:AVG_TURNOVER_RN(1.0),N_A,CORPO_REPO,W,2018,2017,0,2017-04-28,INR,4512000000
RBI:AVG_TURNOVER_RN(1.0),N_A,TR_BILL_91_DAY,W,2018,2017,0,2017-04-28,INR,24234440000
RBI:AVG_TURNOVER_RN(1.0),N_A,NOTICE_MONEY,W,2018,2017,0,2017-04-28,INR,64755559999.99999
RBI:AVG_TURNOVER_RN(1.0),N_A,TRI_REPO,W,2018,2017,0,2017-04-28,INR,2194896600000
RBI:AVG_TURNOVER_RN(1.0),N_A,TR_BILL_364_DAY,W,2018,2017,0,2017-04-28,INR,8636843999.999998
RBI:AVG_TURNOVER_RN(1.0),N_A,GOVT_SEC_RBI,W,2018,2017,0,2017-04-28,INR,2489999999.9999995
RBI:AVG_TURNOVER_RN(1.0),N_A,TR_BILL_CASH_MNG_BILLS,W,2018,2017,0,2017-04-28,INR,21413896000
RBI:AVG_TURNOVER_RN(1.0),N_A,GOVT_SEC,W,2018,2017,0,2017-04-28,INR,714295868000.0001
RBI:AVG_TURNOVER_RN(1.0),N_A,TERM_MONEY,W,2018,2017,0,2017-04-21,INR,6979899999.999999
RBI:AVG_TURNOVER_RN(1.0),N_A,STATE_GOVT_SEC,W,2018,2017,0,2017-04-21,INR,42130300000.00001
RBI:AVG_TURNOVER_RN(1.0),N_A,GOVT_SEC,W,2018,2017,0,2017-04-21,INR,698086680000.0001
RBI:AVG_TURNOVER_RN(1.0),N_A,FOREX,W,2018,2017,0,2017-04-21,INR,54793000000
RBI:AVG_TURNOVER_RN(1.0),N_A,CORPO_REPO,W,2018,2017,0,2017-04-21,INR,2536000000
RBI:AVG_TURNOVER_RN(1.0),N_A,MKT_REPO,W,2018,2017,0,2017-04-21,INR,1462093333333.3335
RBI:AVG_TURNOVER_RN(1.0),N_A,TRI_REPO,W,2018,2017,0,2017-04-21,INR,2064595166666.667
RBI:AVG_TURNOVER_RN(1.0),N_A,CALL_MONEY,W,2018,2017,0,2017-04-21,INR,269991766666.66666
RBI:AVG_TURNOVER_RN(1.0),N_A,GOVT_SEC_RBI,W,2018,2017,0,2017-04-21,INR,7290000000.000001
RBI:AVG_TURNOVER_RN(1.0),N_A,NOTICE_MONEY,W,2018,2017,0,2017-04-21,INR,6174399999.999999
RBI:AVG_TURNOVER_RN(1.0),N_A,TR_BILL_364_DAY,W,2018,2017,0,2017-04-21,INR,4033159999.9999995
RBI:AVG_TURNOVER_RN(1.0),N_A,TR_BILL_182_DAY,W,2018,2017,0,2017-04-21,INR,12805136000
RBI:AVG_TURNOVER_RN(1.0),N_A,TR_BILL_91_DAY,W,2018,2017,0,2017-04-21,INR,26901120000
RBI:AVG_TURNOVER_RN(1.0),N_A,GOVT_SEC,W,2018,2017,0,2017-04-14,INR,726523990000
RBI:AVG_TURNOVER_RN(1.0),N_A,GOVT_SEC_RBI,W,2018,2017,0,2017-04-14,INR,780000000
RBI:AVG_TURNOVER_RN(1.0),N_A,STATE_GOVT_SEC,W,2018,2017,0,2017-04-14,INR,44577800000
RBI:AVG_TURNOVER_RN(1.0),N_A,NOTICE_MONEY,W,2018,2017,0,2017-04-14,INR,110259200000
RBI:AVG_TURNOVER_RN(1.0),N_A,CALL_MONEY,W,2018,2017,0,2017-04-14,INR,250813600000
RBI:AVG_TURNOVER_RN(1.0),N_A,MKT_REPO,W,2018,2017,0,2017-04-14,INR,1965221099999.9998
RBI:AVG_TURNOVER_RN(1.0),N_A,TR_BILL_364_DAY,W,2018,2017,0,2017-04-14,INR,19821675000
RBI:AVG_TURNOVER_RN(1.0),N_A,TR_BILL_91_DAY,W,2018,2017,0,2017-04-14,INR,22525470000
RBI:AVG_TURNOVER_RN(1.0),N_A,CORPO_REPO,W,2018,2017,0,2017-04-14,INR,6640000000
RBI:AVG_TURNOVER_RN(1.0),N_A,TR_BILL_182_DAY,W,2018,2017,0,2017-04-14,INR,10907250000
RBI:AVG_TURNOVER_RN(1.0),N_A,TERM_MONEY,W,2018,2017,0,2017-04-14,INR,8289500000
RBI:AVG_TURNOVER_RN(1.0),N_A,TRI_REPO,W,2018,2017,0,2017-04-14,INR,2173966000000
RBI:AVG_TURNOVER_RN(1.0),N_A,FOREX,W,2018,2017,0,2017-04-14,INR,56899500000
RBI:AVG_TURNOVER_RN(1.0),N_A,CORPO_REPO,W,2018,2017,0,2017-04-07,INR,2590000000
RBI:AVG_TURNOVER_RN(1.0),N_A,TR_BILL_91_DAY,W,2018,2017,0,2017-04-07,INR,50671010000
RBI:AVG_TURNOVER_RN(1.0),N_A,STATE_GOVT_SEC,W,2018,2017,0,2017-04-07,INR,58125945000.00001
RBI:AVG_TURNOVER_RN(1.0),N_A,CALL_MONEY,W,2018,2017,0,2017-04-07,INR,355619750000
RBI:AVG_TURNOVER_RN(1.0),N_A,TR_BILL_182_DAY,W,2018,2017,0,2017-04-07,INR,12385800000
RBI:AVG_TURNOVER_RN(1.0),N_A,TRI_REPO,W,2018,2017,0,2017-04-07,INR,2505707250000
RBI:AVG_TURNOVER_RN(1.0),N_A,NOTICE_MONEY,W,2018,2017,0,2017-04-07,INR,18678150000
RBI:AVG_TURNOVER_RN(1.0),N_A,GOVT_SEC,W,2018,2017,0,2017-04-07,INR,756468674999.9999
RBI:AVG_TURNOVER_RN(1.0),N_A,FOREX,W,2018,2017,0,2017-04-07,INR,64369250000
RBI:AVG_TURNOVER_RN(1.0),N_A,MKT_REPO,W,2018,2017,0,2017-04-07,INR,1428400000000
RBI:AVG_TURNOVER_RN(1.0),N_A,TERM_MONEY,W,2018,2017,0,2017-04-07,INR,18201100000
RBI:AVG_TURNOVER_RN(1.0),N_A,GOVT_SEC_RBI,W,2018,2017,0,2017-04-07,INR,0.0
RBI:AVG_TURNOVER_RN(1.0),N_A,TR_BILL_364_DAY,W,2018,2017,0,2017-04-07,INR,12345000000
RBI:AVG_TURNOVER_RN(1.0),N_A,GOVT_SEC,W,2017,2016,0,2017-03-31,INR,783506105000
RBI:AVG_TURNOVER_RN(1.0),N_A,GOVT_SEC_RBI,W,2017,2016,0,2017-03-31,INR,3010000000
RBI:AVG_TURNOVER_RN(1.0),N_A,NOTICE_MONEY,W,2017,2016,0,2017-03-31,INR,21014600000
RBI:AVG_TURNOVER_RN(1.0),N_A,TERM_MONEY,W,2017,2016,0,2017-03-31,INR,9720000000
RBI:AVG_TURNOVER_RN(1.0),N_A,MKT_REPO,W,2017,2016,0,2017-03-31,INR,2384660000000
RBI:AVG_TURNOVER_RN(1.0),N_A,TRI_REPO,W,2017,2016,0,2017-03-31,INR,2229614000000
RBI:AVG_TURNOVER_RN(1.0),N_A,CALL_MONEY,W,2017,2016,0,2017-03-31,INR,338703150000
RBI:AVG_TURNOVER_RN(1.0),N_A,FOREX,W,2017,2016,0,2017-03-31,INR,88386000000
RBI:AVG_TURNOVER_RN(1.0),N_A,STATE_GOVT_SEC,W,2017,2016,0,2017-03-31,INR,73010650000
RBI:AVG_TURNOVER_RN(1.0),N_A,CORPO_REPO,W,2017,2016,0,2017-03-31,INR,5000000000
RBI:AVG_TURNOVER_RN(1.0),N_A,TR_BILL_182_DAY,W,2017,2016,0,2017-03-31,INR,9898090000
RBI:AVG_TURNOVER_RN(1.0),N_A,TR_BILL_364_DAY,W,2017,2016,0,2017-03-31,INR,16358460000
RBI:AVG_TURNOVER_RN(1.0),N_A,TR_BILL_91_DAY,W,2017,2016,0,2017-03-31,INR,86248790000.00002
RBI:AVG_TURNOVER_RN(1.0),N_A,GOVT_SEC_RBI,W,2017,2016,0,2017-03-24,INR,7940000000
RBI:AVG_TURNOVER_RN(1.0),N_A,STATE_GOVT_SEC,W,2017,2016,0,2017-03-24,INR,96918468000
RBI:AVG_TURNOVER_RN(1.0),N_A,TR_BILL_91_DAY,W,2017,2016,0,2017-03-24,INR,34352976000.000004
RBI:AVG_TURNOVER_RN(1.0),N_A,GOVT_SEC,W,2017,2016,0,2017-03-24,INR,734629972000
RBI:AVG_TURNOVER_RN(1.0),N_A,FOREX,W,2017,2016,0,2017-03-24,INR,58786600000
RBI:AVG_TURNOVER_RN(1.0),N_A,TERM_MONEY,W,2017,2016,0,2017-03-24,INR,6175000000
RBI:AVG_TURNOVER_RN(1.0),N_A,CALL_MONEY,W,2017,2016,0,2017-03-24,INR,258417933333.33334
RBI:AVG_TURNOVER_RN(1.0),N_A,TR_BILL_182_DAY,W,2017,2016,0,2017-03-24,INR,8305484000
RBI:AVG_TURNOVER_RN(1.0),N_A,NOTICE_MONEY,W,2017,2016,0,2017-03-24,INR,5709333333.333333
RBI:AVG_TURNOVER_RN(1.0),N_A,TR_BILL_364_DAY,W,2017,2016,0,2017-03-24,INR,20318616000
RBI:AVG_TURNOVER_RN(1.0),N_A,MKT_REPO,W,2017,2016,0,2017-03-24,INR,1343346600000
RBI:AVG_TURNOVER_RN(1.0),N_A,TRI_REPO,W,2017,2016,0,2017-03-24,INR,2721684166666.667
RBI:AVG_TURNOVER_RN(1.0),N_A,CORPO_REPO,W,2017,2016,0,2017-03-24,INR,12120000000
RBI:AVG_TURNOVER_RN(1.0),N_A,TRI_REPO,W,2017,2016,0,2017-03-17,INR,2161938000000
RBI:AVG_TURNOVER_RN(1.0),N_A,FOREX,W,2017,2016,0,2017-03-17,INR,62828250000
RBI:AVG_TURNOVER_RN(1.0),N_A,GOVT_SEC_RBI,W,2017,2016,0,2017-03-17,INR,579999999.9999999
RBI:AVG_TURNOVER_RN(1.0),N_A,TERM_MONEY,W,2017,2016,0,2017-03-17,INR,2627500000
RBI:AVG_TURNOVER_RN(1.0),N_A,CALL_MONEY,W,2017,2016,0,2017-03-17,INR,221273900000
RBI:AVG_TURNOVER_RN(1.0),N_A,GOVT_SEC,W,2017,2016,0,2017-03-17,INR,567971580000.0001
RBI:AVG_TURNOVER_RN(1.0),N_A,TR_BILL_182_DAY,W,2017,2016,0,2017-03-17,INR,3767200000.0000005
RBI:AVG_TURNOVER_RN(1.0),N_A,TR_BILL_364_DAY,W,2017,2016,0,2017-03-17,INR,24476265000
RBI:AVG_TURNOVER_RN(1.0),N_A,STATE_GOVT_SEC,W,2017,2016,0,2017-03-17,INR,65741400000
RBI:AVG_TURNOVER_RN(1.0),N_A,NOTICE_MONEY,W,2017,2016,0,2017-03-17,INR,121928700000.00002
RBI:AVG_TURNOVER_RN(1.0),N_A,CORPO_REPO,W,2017,2016,0,2017-03-17,INR,4830000000
RBI:AVG_TURNOVER_RN(1.0),N_A,TR_BILL_91_DAY,W,2017,2016,0,2017-03-17,INR,33614130000
RBI:AVG_TURNOVER_RN(1.0),N_A,MKT_REPO,W,2017,2016,0,2017-03-17,INR,1950540700000
RBI:AVG_TURNOVER_RN(1.0),N_A,FOREX,W,2017,2016,0,2017-03-10,INR,53763400000
RBI:AVG_TURNOVER_RN(1.0),N_A,STATE_GOVT_SEC,W,2017,2016,0,2017-03-10,INR,84700000000
RBI:AVG_TURNOVER_RN(1.0),N_A,CORPO_REPO,W,2017,2016,0,2017-03-10,INR,920000000
RBI:AVG_TURNOVER_RN(1.0),N_A,TERM_MONEY,W,2017,2016,0,2017-03-10,INR,6658333333.333334
RBI:AVG_TURNOVER_RN(1.0),N_A,MKT_REPO,W,2017,2016,0,2017-03-10,INR,1641181733333.3335
RBI:AVG_TURNOVER_RN(1.0),N_A,TR_BILL_364_DAY,W,2017,2016,0,2017-03-10,INR,15211588000
RBI:AVG_TURNOVER_RN(1.0),N_A,TR_BILL_91_DAY,W,2017,2016,0,2017-03-10,INR,25324256000
RBI:AVG_TURNOVER_RN(1.0),N_A,TR_BILL_CASH_MNG_BILLS,W,2017,2016,0,2017-03-10,INR,14001600000
RBI:AVG_TURNOVER_RN(1.0),N_A,GOVT_SEC,W,2017,2016,0,2017-03-10,INR,534311912000
RBI:AVG_TURNOVER_RN(1.0),N_A,GOVT_SEC_RBI,W,2017,2016,0,2017-03-10,INR,250000000
RBI:AVG_TURNOVER_RN(1.0),N_A,CALL_MONEY,W,2017,2016,0,2017-03-10,INR,236190000000
RBI:AVG_TURNOVER_RN(1.0),N_A,NOTICE_MONEY,W,2017,2016,0,2017-03-10,INR,3816266666.666667
RBI:AVG_TURNOVER_RN(1.0),N_A,TRI_REPO,W,2017,2016,0,2017-03-10,INR,2380890000000
RBI:AVG_TURNOVER_RN(1.0),N_A,TR_BILL_182_DAY,W,2017,2016,0,2017-03-10,INR,14219440000
RBI:AVG_TURNOVER_RN(1.0),N_A,TR_BILL_CASH_MNG_BILLS,W,2017,2016,0,2017-03-03,INR,54680000000
RBI:AVG_TURNOVER_RN(1.0),N_A,GOVT_SEC_RBI,W,2017,2016,0,2017-03-03,INR,14770000000
RBI:AVG_TURNOVER_RN(1.0),N_A,STATE_GOVT_SEC,W,2017,2016,0,2017-03-03,INR,74539068000
RBI:AVG_TURNOVER_RN(1.0),N_A,CORPO_REPO,W,2017,2016,0,2017-03-03,INR,1200000000
RBI:AVG_TURNOVER_RN(1.0),N_A,TERM_MONEY,W,2017,2016,0,2017-03-03,INR,6326400000
RBI:AVG_TURNOVER_RN(1.0),N_A,TR_BILL_91_DAY,W,2017,2016,0,2017-03-03,INR,40533520000
RBI:AVG_TURNOVER_RN(1.0),N_A,NOTICE_MONEY,W,2017,2016,0,2017-03-03,INR,83787800000
RBI:AVG_TURNOVER_RN(1.0),N_A,CALL_MONEY,W,2017,2016,0,2017-03-03,INR,214697040000.00003
RBI:AVG_TURNOVER_RN(1.0),N_A,MKT_REPO,W,2017,2016,0,2017-03-03,INR,2273840000000
RBI:AVG_TURNOVER_RN(1.0),N_A,GOVT_SEC,W,2017,2016,0,2017-03-03,INR,670076340000
RBI:AVG_TURNOVER_RN(1.0),N_A,FOREX,W,2017,2016,0,2017-03-03,INR,53476200000
RBI:AVG_TURNOVER_RN(1.0),N_A,TRI_REPO,W,2017,2016,0,2017-03-03,INR,2510292000000
RBI:AVG_TURNOVER_RN(1.0),N_A,TR_BILL_364_DAY,W,2017,2016,0,2017-03-03,INR,14494748000
RBI:AVG_TURNOVER_RN(1.0),N_A,TR_BILL_182_DAY,W,2017,2016,0,2017-03-03,INR,7807036000.000001
RBI:AVG_TURNOVER_RN(1.0),N_A,CALL_MONEY,W,2017,2016,0,2017-02-24,INR,210833849999.99997
RBI:AVG_TURNOVER_RN(1.0),N_A,STATE_GOVT_SEC,W,2017,2016,0,2017-02-24,INR,45528226666.66667
RBI:AVG_TURNOVER_RN(1.0),N_A,GOVT_SEC,W,2017,2016,0,2017-02-24,INR,494285799999.9999
RBI:AVG_TURNOVER_RN(1.0),N_A,TERM_MONEY,W,2017,2016,0,2017-02-24,INR,6830500000
RBI:AVG_TURNOVER_RN(1.0),N_A,CORPO_REPO,W,2017,2016,0,2017-02-24,INR,2000000000
RBI:AVG_TURNOVER_RN(1.0),N_A,MKT_REPO,W,2017,2016,0,2017-02-24,INR,1669211800000
RBI:AVG_TURNOVER_RN(1.0),N_A,NOTICE_MONEY,W,2017,2016,0,2017-02-24,INR,12131550000
RBI:AVG_TURNOVER_RN(1.0),N_A,TR_BILL_CASH_MNG_BILLS,W,2017,2016,0,2017-02-24,INR,6504666666.666667
RBI:AVG_TURNOVER_RN(1.0),N_A,GOVT_SEC_RBI,W,2017,2016,0,2017-02-24,INR,400000000
RBI:AVG_TURNOVER_RN(1.0),N_A,TR_BILL_91_DAY,W,2017,2016,0,2017-02-24,INR,44269033333.33333
RBI:AVG_TURNOVER_RN(1.0),N_A,TR_BILL_182_DAY,W,2017,2016,0,2017-02-24,INR,1666533333.3333333
RBI:AVG_TURNOVER_RN(1.0),N_A,FOREX,W,2017,2016,0,2017-02-24,INR,55158000000
RBI:AVG_TURNOVER_RN(1.0),N_A,TR_BILL_364_DAY,W,2017,2016,0,2017-02-24,INR,12481666666.666668
RBI:AVG_TURNOVER_RN(1.0),N_A,TRI_REPO,W,2017,2016,0,2017-02-24,INR,1896070500000
RBI:AVG_TURNOVER_RN(1.0),N_A,STATE_GOVT_SEC,W,2017,2016,0,2017-02-17,INR,26836732000
RBI:AVG_TURNOVER_RN(1.0),N_A,TERM_MONEY,W,2017,2016,0,2017-02-17,INR,5924399999.999999
RBI:AVG_TURNOVER_RN(1.0),N_A,GOVT_SEC,W,2017,2016,0,2017-02-17,INR,733064140000
RBI:AVG_TURNOVER_RN(1.0),N_A,CALL_MONEY,W,2017,2016,0,2017-02-17,INR,205436760000
RBI:AVG_TURNOVER_RN(1.0),N_A,NOTICE_MONEY,W,2017,2016,0,2017-02-17,INR,81883120000
RBI:AVG_TURNOVER_RN(1.0),N_A,TR_BILL_CASH_MNG_BILLS,W,2017,2016,0,2017-02-17,INR,5364000000
RBI:AVG_TURNOVER_RN(1.0),N_A,TR_BILL_364_DAY,W,2017,2016,0,2017-02-17,INR,10716492000
RBI:AVG_TURNOVER_RN(1.0),N_A,TR_BILL_91_DAY,W,2017,2016,0,2017-02-17,INR,46200199999.99999
RBI:AVG_TURNOVER_RN(1.0),N_A,GOVT_SEC_RBI,W,2017,2016,0,2017-02-17,INR,1080000000
RBI:AVG_TURNOVER_RN(1.0),N_A,MKT_REPO,W,2017,2016,0,2017-02-17,INR,2291335680000.0005
RBI:AVG_TURNOVER_RN(1.0),N_A,TR_BILL_182_DAY,W,2017,2016,0,2017-02-17,INR,6157400000
RBI:AVG_TURNOVER_RN(1.0),N_A,TRI_REPO,W,2017,2016,0,2017-02-17,INR,2283414200000
RBI:AVG_TURNOVER_RN(1.0),N_A,FOREX,W,2017,2016,0,2017-02-17,INR,50183400000
RBI:AVG_TURNOVER_RN(1.0),N_A,CORPO_REPO,W,2017,2016,0,2017-02-17,INR,2320000000
RBI:AVG_TURNOVER_RN(1.0),N_A,STATE_GOVT_SEC,W,2017,2016,0,2017-02-10,INR,44505940000
RBI:AVG_TURNOVER_RN(1.0),N_A,GOVT_SEC_RBI,W,2017,2016,0,2017-02-10,INR,2380000000
RBI:AVG_TURNOVER_RN(1.0),N_A,GOVT_SEC,W,2017,2016,0,2017-02-10,INR,943672520000.0001
RBI:AVG_TURNOVER_RN(1.0),N_A,TR_BILL_91_DAY,W,2017,2016,0,2017-02-10,INR,10768876000
RBI:AVG_TURNOVER_RN(1.0),N_A,TR_BILL_182_DAY,W,2017,2016,0,2017-02-10,INR,2572000000
RBI:AVG_TURNOVER_RN(1.0),N_A,TR_BILL_364_DAY,W,2017,2016,0,2017-02-10,INR,13143572000
RBI:AVG_TURNOVER_RN(1.0),N_A,TRI_REPO,W,2017,2016,0,2017-02-10,INR,1774230833333.3335
RBI:AVG_TURNOVER_RN(1.0),N_A,TR_BILL_CASH_MNG_BILLS,W,2017,2016,0,2017-02-10,INR,14805000000
RBI:AVG_TURNOVER_RN(1.0),N_A,TERM_MONEY,W,2017,2016,0,2017-02-10,INR,5426999999.999999
RBI:AVG_TURNOVER_RN(1.0),N_A,FOREX,W,2017,2016,0,2017-02-10,INR,53571400000
RBI:AVG_TURNOVER_RN(1.0),N_A,NOTICE_MONEY,W,2017,2016,0,2017-02-10,INR,10953533333.333332
RBI:AVG_TURNOVER_RN(1.0),N_A,CALL_MONEY,W,2017,2016,0,2017-02-10,INR,246628566666.6667
RBI:AVG_TURNOVER_RN(1.0),N_A,CORPO_REPO,W,2017,2016,0,2017-02-10,INR,2600000000
RBI:AVG_TURNOVER_RN(1.0),N_A,MKT_REPO,W,2017,2016,0,2017-02-10,INR,1606366666666.6665
RBI:AVG_TURNOVER_RN(1.0),N_A,CALL_MONEY,W,2017,2016,0,2017-02-03,INR,195196440000
RBI:AVG_TURNOVER_RN(1.0),N_A,TR_BILL_364_DAY,W,2017,2016,0,2017-02-03,INR,9031532000
RBI:AVG_TURNOVER_RN(1.0),N_A,TERM_MONEY,W,2017,2016,0,2017-02-03,INR,6710160000
RBI:AVG_TURNOVER_RN(1.0),N_A,TR_BILL_182_DAY,W,2017,2016,0,2017-02-03,INR,7260000000
RBI:AVG_TURNOVER_RN(1.0),N_A,MKT_REPO,W,2017,2016,0,2017-02-03,INR,2073384000000
RBI:AVG_TURNOVER_RN(1.0),N_A,FOREX,W,2017,2016,0,2017-02-03,INR,56745800000
RBI:AVG_TURNOVER_RN(1.0),N_A,CORPO_REPO,W,2017,2016,0,2017-02-03,INR,1320000000
RBI:AVG_TURNOVER_RN(1.0),N_A,TR_BILL_CASH_MNG_BILLS,W,2017,2016,0,2017-02-03,INR,59384416000
RBI:AVG_TURNOVER_RN(1.0),N_A,TRI_REPO,W,2017,2016,0,2017-02-03,INR,1806554199999.9998
RBI:AVG_TURNOVER_RN(1.0),N_A,GOVT_SEC,W,2017,2016,0,2017-02-03,INR,897970376000.0001
RBI:AVG_TURNOVER_RN(1.0),N_A,TR_BILL_91_DAY,W,2017,2016,0,2017-02-03,INR,22992484000
RBI:AVG_TURNOVER_RN(1.0),N_A,STATE_GOVT_SEC,W,2017,2016,0,2017-02-03,INR,19930484000.000004
RBI:AVG_TURNOVER_RN(1.0),N_A,NOTICE_MONEY,W,2017,2016,0,2017-02-03,INR,88394920000
RBI:AVG_TURNOVER_RN(1.0),N_A,GOVT_SEC_RBI,W,2017,2016,0,2017-02-03,INR,1050000000
RBI:AVG_TURNOVER_RN(1.0),N_A,MKT_REPO,W,2017,2016,0,2017-01-27,INR,1366782560000
RBI:AVG_TURNOVER_RN(1.0),N_A,GOVT_SEC_RBI,W,2017,2016,0,2017-01-27,INR,187790000000
RBI:AVG_TURNOVER_RN(1.0),N_A,TRI_REPO,W,2017,2016,0,2017-01-27,INR,1603832800000
RBI:AVG_TURNOVER_RN(1.0),N_A,TERM_MONEY,W,2017,2016,0,2017-01-27,INR,4886000000
RBI:AVG_TURNOVER_RN(1.0),N_A,FOREX,W,2017,2016,0,2017-01-27,INR,56020250000
RBI:AVG_TURNOVER_RN(1.0),N_A,GOVT_SEC,W,2017,2016,0,2017-01-27,INR,783191735000
RBI:AVG_TURNOVER_RN(1.0),N_A,TR_BILL_182_DAY,W,2017,2016,0,2017-01-27,INR,5040915000
RBI:AVG_TURNOVER_RN(1.0),N_A,TR_BILL_364_DAY,W,2017,2016,0,2017-01-27,INR,5279427500
RBI:AVG_TURNOVER_RN(1.0),N_A,TR_BILL_91_DAY,W,2017,2016,0,2017-01-27,INR,22742470000
RBI:AVG_TURNOVER_RN(1.0),N_A,TR_BILL_CASH_MNG_BILLS,W,2017,2016,0,2017-01-27,INR,47397500000
RBI:AVG_TURNOVER_RN(1.0),N_A,STATE_GOVT_SEC,W,2017,2016,0,2017-01-27,INR,54005555000.00001
RBI:AVG_TURNOVER_RN(1.0),N_A,CORPO_REPO,W,2017,2016,0,2017-01-27,INR,2000000000
RBI:AVG_TURNOVER_RN(1.0),N_A,NOTICE_MONEY,W,2017,2016,0,2017-01-27,INR,9810760000
RBI:AVG_TURNOVER_RN(1.0),N_A,CALL_MONEY,W,2017,2016,0,2017-01-27,INR,209881000000
RBI:AVG_TURNOVER_RN(1.0),N_A,STATE_GOVT_SEC,W,2017,2016,0,2017-01-20,INR,27898400000
RBI:AVG_TURNOVER_RN(1.0),N_A,TR_BILL_182_DAY,W,2017,2016,0,2017-01-20,INR,2800000000
RBI:AVG_TURNOVER_RN(1.0),N_A,TR_BILL_364_DAY,W,2017,2016,0,2017-01-20,INR,5300000000
RBI:AVG_TURNOVER_RN(1.0),N_A,GOVT_SEC,W,2017,2016,0,2017-01-20,INR,917264000000
RBI:AVG_TURNOVER_RN(1.0),N_A,FOREX,W,2017,2016,0,2017-01-20,INR,49373000000
RBI:AVG_TURNOVER_RN(1.0),N_A,GOVT_SEC_RBI,W,2017,2016,0,2017-01-20,INR,240000000
RBI:AVG_TURNOVER_RN(1.0),N_A,CALL_MONEY,W,2017,2016,0,2017-01-20,INR,215304000000
RBI:AVG_TURNOVER_RN(1.0),N_A,TERM_MONEY,W,2017,2016,0,2017-01-20,INR,8776000000
RBI:AVG_TURNOVER_RN(1.0),N_A,NOTICE_MONEY,W,2017,2016,0,2017-01-20,INR,89764000000
RBI:AVG_TURNOVER_RN(1.0),N_A,TR_BILL_CASH_MNG_BILLS,W,2017,2016,0,2017-01-20,INR,74198399999.99998
RBI:AVG_TURNOVER_RN(1.0),N_A,MKT_REPO,W,2017,2016,0,2017-01-20,INR,1968984000000
RBI:AVG_TURNOVER_RN(1.0),N_A,TR_BILL_91_DAY,W,2017,2016,0,2017-01-20,INR,24481980000
RBI:AVG_TURNOVER_RN(1.0),N_A,TRI_REPO,W,2017,2016,0,2017-01-20,INR,1779600000000
RBI:AVG_TURNOVER_RN(1.0),N_A,CORPO_REPO,W,2017,2016,0,2017-01-20,INR,4080000000
RBI:AVG_TURNOVER_RN(1.0),N_A,TRI_REPO,W,2017,2016,0,2017-01-13,INR,1842329000000
RBI:AVG_TURNOVER_RN(1.0),N_A,STATE_GOVT_SEC,W,2017,2016,0,2017-01-13,INR,41990120000.00001
RBI:AVG_TURNOVER_RN(1.0),N_A,MKT_REPO,W,2017,2016,0,2017-01-13,INR,1690146666666.6665
RBI:AVG_TURNOVER_RN(1.0),N_A,FOREX,W,2017,2016,0,2017-01-13,INR,50689600000
RBI:AVG_TURNOVER_RN(1.0),N_A,NOTICE_MONEY,W,2017,2016,0,2017-01-13,INR,11609800000
RBI:AVG_TURNOVER_RN(1.0),N_A,TR_BILL_182_DAY,W,2017,2016,0,2017-01-13,INR,11498932000
RBI:AVG_TURNOVER_RN(1.0),N_A,TR_BILL_CASH_MNG_BILLS,W,2017,2016,0,2017-01-13,INR,126988488000
RBI:AVG_TURNOVER_RN(1.0),N_A,CORPO_REPO,W,2017,2016,0,2017-01-13,INR,3328000000
RBI:AVG_TURNOVER_RN(1.0),N_A,GOVT_SEC_RBI,W,2017,2016,0,2017-01-13,INR,10770000000
RBI:AVG_TURNOVER_RN(1.0),N_A,CALL_MONEY,W,2017,2016,0,2017-01-13,INR,287873700000
RBI:AVG_TURNOVER_RN(1.0),N_A,TERM_MONEY,W,2017,2016,0,2017-01-13,INR,6918333333.333334
RBI:AVG_TURNOVER_RN(1.0),N_A,TR_BILL_364_DAY,W,2017,2016,0,2017-01-13,INR,3699532000.0000005
RBI:AVG_TURNOVER_RN(1.0),N_A,GOVT_SEC,W,2017,2016,0,2017-01-13,INR,1105870000000
RBI:AVG_TURNOVER_RN(1.0),N_A,TR_BILL_91_DAY,W,2017,2016,0,2017-01-13,INR,19614224000
RBI:AVG_TURNOVER_RN(1.0),N_A,TERM_MONEY,W,2017,2016,0,2017-01-06,INR,9933666666.666666
RBI:AVG_TURNOVER_RN(1.0),N_A,MKT_REPO,W,2017,2016,0,2017-01-06,INR,1869934133333.3333
RBI:AVG_TURNOVER_RN(1.0),N_A,CALL_MONEY,W,2017,2016,0,2017-01-06,INR,247556666666.6667
RBI:AVG_TURNOVER_RN(1.0),N_A,GOVT_SEC,W,2017,2016,0,2017-01-06,INR,1517151292000
RBI:AVG_TURNOVER_RN(1.0),N_A,FOREX,W,2017,2016,0,2017-01-06,INR,47067600000
RBI:AVG_TURNOVER_RN(1.0),N_A,NOTICE_MONEY,W,2017,2016,0,2017-01-06,INR,95518066666.66666
RBI:AVG_TURNOVER_RN(1.0),N_A,TR_BILL_91_DAY,W,2017,2016,0,2017-01-06,INR,33509591999.999996
RBI:AVG_TURNOVER_RN(1.0),N_A,GOVT_SEC_RBI,W,2017,2016,0,2017-01-06,INR,0.0
RBI:AVG_TURNOVER_RN(1.0),N_A,TR_BILL_CASH_MNG_BILLS,W,2017,2016,0,2017-01-06,INR,159738936000
RBI:AVG_TURNOVER_RN(1.0),N_A,STATE_GOVT_SEC,W,2017,2016,0,2017-01-06,INR,47400091999.99999
RBI:AVG_TURNOVER_RN(1.0),N_A,TR_BILL_364_DAY,W,2017,2016,0,2017-01-06,INR,18489604000
RBI:AVG_TURNOVER_RN(1.0),N_A,CORPO_REPO,W,2017,2016,0,2017-01-06,INR,3992000000
RBI:AVG_TURNOVER_RN(1.0),N_A,TR_BILL_182_DAY,W,2017,2016,0,2017-01-06,INR,11505904000
RBI:AVG_TURNOVER_RN(1.0),N_A,TRI_REPO,W,2017,2016,0,2017-01-06,INR,1798625500000.0002
RBI:AVG_TURNOVER_RN(1.0),N_A,STATE_GOVT_SEC,W,2017,2016,0,2016-12-30,INR,49144872000
RBI:AVG_TURNOVER_RN(1.0),N_A,FOREX,W,2017,2016,0,2016-12-30,INR,51765288199.99999
RBI:AVG_TURNOVER_RN(1.0),N_A,TERM_MONEY,W,2017,2016,0,2016-12-30,INR,5856000000
RBI:AVG_TURNOVER_RN(1.0),N_A,TR_BILL_182_DAY,W,2017,2016,0,2016-12-30,INR,8757040000
RBI:AVG_TURNOVER_RN(1.0),N_A,TR_BILL_364_DAY,W,2017,2016,0,2016-12-30,INR,9966084000
RBI:AVG_TURNOVER_RN(1.0),N_A,MKT_REPO,W,2017,2016,0,2016-12-30,INR,2133682720000.0002
RBI:AVG_TURNOVER_RN(1.0),N_A,GOVT_SEC,W,2017,2016,0,2016-12-30,INR,689302784000
RBI:AVG_TURNOVER_RN(1.0),N_A,TRI_REPO,W,2017,2016,0,2016-12-30,INR,2360180400000
RBI:AVG_TURNOVER_RN(1.0),N_A,CALL_MONEY,W,2017,2016,0,2016-12-30,INR,283608000000
RBI:AVG_TURNOVER_RN(1.0),N_A,NOTICE_MONEY,W,2017,2016,0,2016-12-30,INR,51588000000
RBI:AVG_TURNOVER_RN(1.0),N_A,TR_BILL_91_DAY,W,2017,2016,0,2016-12-30,INR,77190992000
RBI:AVG_TURNOVER_RN(1.0),N_A,GOVT_SEC_RBI,W,2017,2016,0,2016-12-30,INR,820000000
RBI:AVG_TURNOVER_RN(1.0),N_A,CORPO_REPO,W,2017,2016,0,2016-12-30,INR,1000000000
RBI:AVG_TURNOVER_RN(1.0),N_A,TR_BILL_CASH_MNG_BILLS,W,2017,2016,0,2016-12-30,INR,42642528000
RBI:AVG_TURNOVER_RN(1.0),N_A,CALL_MONEY,W,2017,2016,0,2016-12-23,INR,311919366666.6666
RBI:AVG_TURNOVER_RN(1.0),N_A,TR_BILL_CASH_MNG_BILLS,W,2017,2016,0,2016-12-23,INR,31757304000
RBI:AVG_TURNOVER_RN(1.0),N_A,GOVT_SEC_RBI,W,2017,2016,0,2016-12-23,INR,0.0
RBI:AVG_TURNOVER_RN(1.0),N_A,FOREX,W,2017,2016,0,2016-12-23,INR,45281602800
RBI:AVG_TURNOVER_RN(1.0),N_A,NOTICE_MONEY,W,2017,2016,0,2016-12-23,INR,12529433333.333334
RBI:AVG_TURNOVER_RN(1.0),N_A,TR_BILL_364_DAY,W,2017,2016,0,2016-12-23,INR,9705200000.000002
RBI:AVG_TURNOVER_RN(1.0),N_A,CORPO_REPO,W,2017,2016,0,2016-12-23,INR,14160000000
RBI:AVG_TURNOVER_RN(1.0),N_A,TR_BILL_91_DAY,W,2017,2016,0,2016-12-23,INR,42502264000.00001
RBI:AVG_TURNOVER_RN(1.0),N_A,TR_BILL_182_DAY,W,2017,2016,0,2016-12-23,INR,4036160000
RBI:AVG_TURNOVER_RN(1.0),N_A,TERM_MONEY,W,2017,2016,0,2016-12-23,INR,10345333333.333334
RBI:AVG_TURNOVER_RN(1.0),N_A,MKT_REPO,W,2017,2016,0,2016-12-23,INR,1980690333333.3333
RBI:AVG_TURNOVER_RN(1.0),N_A,TRI_REPO,W,2017,2016,0,2016-12-23,INR,1662954666666.6667
RBI:AVG_TURNOVER_RN(1.0),N_A,GOVT_SEC,W,2017,2016,0,2016-12-23,INR,983764527999.9999
RBI:AVG_TURNOVER_RN(1.0),N_A,STATE_GOVT_SEC,W,2017,2016,0,2016-12-23,INR,46962540000
RBI:AVG_TURNOVER_RN(1.0),N_A,STATE_GOVT_SEC,W,2017,2016,0,2016-12-16,INR,62417594999.99999
RBI:AVG_TURNOVER_RN(1.0),N_A,FOREX,W,2017,2016,0,2016-12-16,INR,57990472000
RBI:AVG_TURNOVER_RN(1.0),N_A,TR_BILL_182_DAY,W,2017,2016,0,2016-12-16,INR,10383500000
RBI:AVG_TURNOVER_RN(1.0),N_A,GOVT_SEC_RBI,W,2017,2016,0,2016-12-16,INR,1380000000
RBI:AVG_TURNOVER_RN(1.0),N_A,MKT_REPO,W,2017,2016,0,2016-12-16,INR,1900450000000
RBI:AVG_TURNOVER_RN(1.0),N_A,TR_BILL_91_DAY,W,2017,2016,0,2016-12-16,INR,52356360000.00001
RBI:AVG_TURNOVER_RN(1.0),N_A,TERM_MONEY,W,2017,2016,0,2016-12-16,INR,2955000000
RBI:AVG_TURNOVER_RN(1.0),N_A,NOTICE_MONEY,W,2017,2016,0,2016-12-16,INR,99055000000
RBI:AVG_TURNOVER_RN(1.0),N_A,CORPO_REPO,W,2017,2016,0,2016-12-16,INR,5150000000
RBI:AVG_TURNOVER_RN(1.0),N_A,TR_BILL_364_DAY,W,2017,2016,0,2016-12-16,INR,3051250000
RBI:AVG_TURNOVER_RN(1.0),N_A,GOVT_SEC,W,2017,2016,0,2016-12-16,INR,1390578960000.0002
RBI:AVG_TURNOVER_RN(1.0),N_A,CALL_MONEY,W,2017,2016,0,2016-12-16,INR,247150000000
RBI:AVG_TURNOVER_RN(1.0),N_A,TR_BILL_CASH_MNG_BILLS,W,2017,2016,0,2016-12-16,INR,40415865000
RBI:AVG_TURNOVER_RN(1.0),N_A,TRI_REPO,W,2017,2016,0,2016-12-16,INR,2057320000000
RBI:AVG_TURNOVER_RN(1.0),N_A,TRI_REPO,W,2017,2016,0,2016-12-09,INR,2129128166666.6665
RBI:AVG_TURNOVER_RN(1.0),N_A,GOVT_SEC,W,2017,2016,0,2016-12-09,INR,1658866056000
RBI:AVG_TURNOVER_RN(1.0),N_A,GOVT_SEC_RBI,W,2017,2016,0,2016-12-09,INR,240000000
RBI:AVG_TURNOVER_RN(1.0),N_A,CALL_MONEY,W,2017,2016,0,2016-12-09,INR,444350000000
RBI:AVG_TURNOVER_RN(1.0),N_A,TERM_MONEY,W,2017,2016,0,2016-12-09,INR,10130000000
RBI:AVG_TURNOVER_RN(1.0),N_A,TR_BILL_364_DAY,W,2017,2016,0,2016-12-09,INR,9568536000
RBI:AVG_TURNOVER_RN(1.0),N_A,TR_BILL_CASH_MNG_BILLS,W,2017,2016,0,2016-12-09,INR,8693708000
RBI:AVG_TURNOVER_RN(1.0),N_A,STATE_GOVT_SEC,W,2017,2016,0,2016-12-09,INR,32742800000
RBI:AVG_TURNOVER_RN(1.0),N_A,FOREX,W,2017,2016,0,2016-12-09,INR,52545574000
RBI:AVG_TURNOVER_RN(1.0),N_A,TR_BILL_182_DAY,W,2017,2016,0,2016-12-09,INR,3274276000
RBI:AVG_TURNOVER_RN(1.0),N_A,MKT_REPO,W,2017,2016,0,2016-12-09,INR,2182393333333.3335
RBI:AVG_TURNOVER_RN(1.0),N_A,NOTICE_MONEY,W,2017,2016,0,2016-12-09,INR,16496666666.666668
RBI:AVG_TURNOVER_RN(1.0),N_A,CORPO_REPO,W,2017,2016,0,2016-12-09,INR,3208000000
RBI:AVG_TURNOVER_RN(1.0),N_A,TR_BILL_91_DAY,W,2017,2016,0,2016-12-09,INR,42848764000
RBI:AVG_TURNOVER_RN(1.0),N_A,TR_BILL_364_DAY,W,2017,2016,0,2016-12-02,INR,22559968000
RBI:AVG_TURNOVER_RN(1.0),N_A,TRI_REPO,W,2017,2016,0,2016-12-02,INR,2195560000000
RBI:AVG_TURNOVER_RN(1.0),N_A,MKT_REPO,W,2017,2016,0,2016-12-02,INR,1721008000000
RBI:AVG_TURNOVER_RN(1.0),N_A,GOVT_SEC,W,2017,2016,0,2016-12-02,INR,1948134208000.0002
RBI:AVG_TURNOVER_RN(1.0),N_A,STATE_GOVT_SEC,W,2017,2016,0,2016-12-02,INR,45340388000
RBI:AVG_TURNOVER_RN(1.0),N_A,TERM_MONEY,W,2017,2016,0,2016-12-02,INR,4964000000
RBI:AVG_TURNOVER_RN(1.0),N_A,CALL_MONEY,W,2017,2016,0,2016-12-02,INR,313799720000
RBI:AVG_TURNOVER_RN(1.0),N_A,CORPO_REPO,W,2017,2016,0,2016-12-02,INR,2120000000
RBI:AVG_TURNOVER_RN(1.0),N_A,NOTICE_MONEY,W,2017,2016,0,2016-12-02,INR,77388000000
RBI:AVG_TURNOVER_RN(1.0),N_A,GOVT_SEC_RBI,W,2017,2016,0,2016-12-02,INR,940000000
RBI:AVG_TURNOVER_RN(1.0),N_A,TR_BILL_91_DAY,W,2017,2016,0,2016-12-02,INR,83292000000
RBI:AVG_TURNOVER_RN(1.0),N_A,FOREX,W,2017,2016,0,2016-12-02,INR,71033950400
RBI:AVG_TURNOVER_RN(1.0),N_A,TR_BILL_182_DAY,W,2017,2016,0,2016-12-02,INR,11236327999.999998
RBI:AVG_TURNOVER_RN(1.0),N_A,TR_BILL_91_DAY,W,2017,2016,0,2016-11-25,INR,78392260000
RBI:AVG_TURNOVER_RN(1.0),N_A,TR_BILL_364_DAY,W,2017,2016,0,2016-11-25,INR,24269700000.000004
RBI:AVG_TURNOVER_RN(1.0),N_A,GOVT_SEC_RBI,W,2017,2016,0,2016-11-25,INR,3260000000
RBI:AVG_TURNOVER_RN(1.0),N_A,MKT_REPO,W,2017,2016,0,2016-11-25,INR,1420553200000
RBI:AVG_TURNOVER_RN(1.0),N_A,TERM_MONEY,W,2017,2016,0,2016-11-25,INR,6396999999.999999
RBI:AVG_TURNOVER_RN(1.0),N_A,NOTICE_MONEY,W,2017,2016,0,2016-11-25,INR,6797133333.333334
RBI:AVG_TURNOVER_RN(1.0),N_A,CALL_MONEY,W,2017,2016,0,2016-11-25,INR,206462366666.6667
RBI:AVG_TURNOVER_RN(1.0),N_A,STATE_GOVT_SEC,W,2017,2016,0,2016-11-25,INR,72376692000
RBI:AVG_TURNOVER_RN(1.0),N_A,CORPO_REPO,W,2017,2016,0,2016-11-25,INR,3800000000
RBI:AVG_TURNOVER_RN(1.0),N_A,FOREX,W,2017,2016,0,2016-11-25,INR,60140106200
RBI:AVG_TURNOVER_RN(1.0),N_A,TRI_REPO,W,2017,2016,0,2016-11-25,INR,1178132500000
RBI:AVG_TURNOVER_RN(1.0),N_A,TR_BILL_182_DAY,W,2017,2016,0,2016-11-25,INR,15965200000
RBI:AVG_TURNOVER_RN(1.0),N_A,GOVT_SEC,W,2017,2016,0,2016-11-25,INR,3070226600000.0005
RBI:AVG_TURNOVER_RN(1.0),N_A,NOTICE_MONEY,W,2017,2016,0,2016-11-18,INR,47850800000
RBI:AVG_TURNOVER_RN(1.0),N_A,GOVT_SEC,W,2017,2016,0,2016-11-18,INR,1608570416000
RBI:AVG_TURNOVER_RN(1.0),N_A,TRI_REPO,W,2017,2016,0,2016-11-18,INR,1132800000000
RBI:AVG_TURNOVER_RN(1.0),N_A,STATE_GOVT_SEC,W,2017,2016,0,2016-11-18,INR,56064060000
RBI:AVG_TURNOVER_RN(1.0),N_A,GOVT_SEC_RBI,W,2017,2016,0,2016-11-18,INR,688000000
RBI:AVG_TURNOVER_RN(1.0),N_A,TR_BILL_364_DAY,W,2017,2016,0,2016-11-18,INR,18718680000
RBI:AVG_TURNOVER_RN(1.0),N_A,CALL_MONEY,W,2017,2016,0,2016-11-18,INR,150290000000
RBI:AVG_TURNOVER_RN(1.0),N_A,CORPO_REPO,W,2017,2016,0,2016-11-18,INR,2792000000
RBI:AVG_TURNOVER_RN(1.0),N_A,FOREX,W,2017,2016,0,2016-11-18,INR,55645729400
RBI:AVG_TURNOVER_RN(1.0),N_A,MKT_REPO,W,2017,2016,0,2016-11-18,INR,1174095666666.6667
RBI:AVG_TURNOVER_RN(1.0),N_A,TR_BILL_91_DAY,W,2017,2016,0,2016-11-18,INR,57376400000
RBI:AVG_TURNOVER_RN(1.0),N_A,TR_BILL_182_DAY,W,2017,2016,0,2016-11-18,INR,12089612000
RBI:AVG_TURNOVER_RN(1.0),N_A,TERM_MONEY,W,2017,2016,0,2016-11-18,INR,8411833333.333334
RBI:AVG_TURNOVER_RN(1.0),N_A,FOREX,W,2017,2016,0,2016-11-11,INR,52159891400
RBI:AVG_TURNOVER_RN(1.0),N_A,TR_BILL_182_DAY,W,2017,2016,0,2016-11-11,INR,9917440000
RBI:AVG_TURNOVER_RN(1.0),N_A,GOVT_SEC_RBI,W,2017,2016,0,2016-11-11,INR,220000000.00000003
RBI:AVG_TURNOVER_RN(1.0),N_A,MKT_REPO,W,2017,2016,0,2016-11-11,INR,1852920000000
RBI:AVG_TURNOVER_RN(1.0),N_A,GOVT_SEC,W,2017,2016,0,2016-11-11,INR,1148624396000
RBI:AVG_TURNOVER_RN(1.0),N_A,TR_BILL_91_DAY,W,2017,2016,0,2016-11-11,INR,70228192000
RBI:AVG_TURNOVER_RN(1.0),N_A,CORPO_REPO,W,2017,2016,0,2016-11-11,INR,1800000000
RBI:AVG_TURNOVER_RN(1.0),N_A,TR_BILL_364_DAY,W,2017,2016,0,2016-11-11,INR,21302799999.999996
RBI:AVG_TURNOVER_RN(1.0),N_A,CALL_MONEY,W,2017,2016,0,2016-11-11,INR,237356666666.6667
RBI:AVG_TURNOVER_RN(1.0),N_A,TERM_MONEY,W,2017,2016,0,2016-11-11,INR,9006666666.666666
RBI:AVG_TURNOVER_RN(1.0),N_A,TRI_REPO,W,2017,2016,0,2016-11-11,INR,1552330000000
RBI:AVG_TURNOVER_RN(1.0),N_A,NOTICE_MONEY,W,2017,2016,0,2016-11-11,INR,102816666666.66666
RBI:AVG_TURNOVER_RN(1.0),N_A,STATE_GOVT_SEC,W,2017,2016,0,2016-11-11,INR,55376268000.00001
RBI:AVG_TURNOVER_RN(1.0),N_A,GOVT_SEC,W,2017,2016,0,2016-11-04,INR,660817375000
RBI:AVG_TURNOVER_RN(1.0),N_A,TR_BILL_182_DAY,W,2017,2016,0,2016-11-04,INR,3586700000
RBI:AVG_TURNOVER_RN(1.0),N_A,TR_BILL_91_DAY,W,2017,2016,0,2016-11-04,INR,15038565000.000002
RBI:AVG_TURNOVER_RN(1.0),N_A,CORPO_REPO,W,2017,2016,0,2016-11-04,INR,2770000000
RBI:AVG_TURNOVER_RN(1.0),N_A,STATE_GOVT_SEC,W,2017,2016,0,2016-11-04,INR,25019695000
RBI:AVG_TURNOVER_RN(1.0),N_A,GOVT_SEC_RBI,W,2017,2016,0,2016-11-04,INR,140000000.00000003
RBI:AVG_TURNOVER_RN(1.0),N_A,TRI_REPO,W,2017,2016,0,2016-11-04,INR,1319356000000
RBI:AVG_TURNOVER_RN(1.0),N_A,TERM_MONEY,W,2017,2016,0,2016-11-04,INR,8824000000
RBI:AVG_TURNOVER_RN(1.0),N_A,CALL_MONEY,W,2017,2016,0,2016-11-04,INR,160208960000
RBI:AVG_TURNOVER_RN(1.0),N_A,FOREX,W,2017,2016,0,2016-11-04,INR,51752346750
RBI:AVG_TURNOVER_RN(1.0),N_A,MKT_REPO,W,2017,2016,0,2016-11-04,INR,1473776000000
RBI:AVG_TURNOVER_RN(1.0),N_A,NOTICE_MONEY,W,2017,2016,0,2016-11-04,INR,56948000000
RBI:AVG_TURNOVER_RN(1.0),N_A,TR_BILL_364_DAY,W,2017,2016,0,2016-11-04,INR,5537085000
RBI:AVG_TURNOVER_RN(1.0),N_A,GOVT_SEC_RBI,W,2017,2016,0,2016-10-28,INR,20830000000
RBI:AVG_TURNOVER_RN(1.0),N_A,CORPO_REPO,W,2017,2016,0,2016-10-28,INR,400000000
RBI:AVG_TURNOVER_RN(1.0),N_A,GOVT_SEC,W,2017,2016,0,2016-10-28,INR,1080633364000
RBI:AVG_TURNOVER_RN(1.0),N_A,TERM_MONEY,W,2017,2016,0,2016-10-28,INR,8230400000
RBI:AVG_TURNOVER_RN(1.0),N_A,TR_BILL_91_DAY,W,2017,2016,0,2016-10-28,INR,60999280000
RBI:AVG_TURNOVER_RN(1.0),N_A,TRI_REPO,W,2017,2016,0,2016-10-28,INR,1847480000000
RBI:AVG_TURNOVER_RN(1.0),N_A,MKT_REPO,W,2017,2016,0,2016-10-28,INR,1856199440000
RBI:AVG_TURNOVER_RN(1.0),N_A,TR_BILL_364_DAY,W,2017,2016,0,2016-10-28,INR,18175696000
RBI:AVG_TURNOVER_RN(1.0),N_A,CALL_MONEY,W,2017,2016,0,2016-10-28,INR,262591560000
RBI:AVG_TURNOVER_RN(1.0),N_A,TR_BILL_182_DAY,W,2017,2016,0,2016-10-28,INR,15688388000
RBI:AVG_TURNOVER_RN(1.0),N_A,NOTICE_MONEY,W,2017,2016,0,2016-10-28,INR,104997880000
RBI:AVG_TURNOVER_RN(1.0),N_A,STATE_GOVT_SEC,W,2017,2016,0,2016-10-28,INR,35780356000
RBI:AVG_TURNOVER_RN(1.0),N_A,FOREX,W,2017,2016,0,2016-10-28,INR,57738470800
RBI:AVG_TURNOVER_RN(1.0),N_A,TR_BILL_182_DAY,W,2017,2016,0,2016-10-21,INR,9487712000
RBI:AVG_TURNOVER_RN(1.0),N_A,TR_BILL_91_DAY,W,2017,2016,0,2016-10-21,INR,42115328000
RBI:AVG_TURNOVER_RN(1.0),N_A,MKT_REPO,W,2017,2016,0,2016-10-21,INR,1341445066666.6667
RBI:AVG_TURNOVER_RN(1.0),N_A,NOTICE_MONEY,W,2017,2016,0,2016-10-21,INR,5803333333.333334
RBI:AVG_TURNOVER_RN(1.0),N_A,TR_BILL_364_DAY,W,2017,2016,0,2016-10-21,INR,11150296000
RBI:AVG_TURNOVER_RN(1.0),N_A,GOVT_SEC,W,2017,2016,0,2016-10-21,INR,1322230124000
RBI:AVG_TURNOVER_RN(1.0),N_A,TRI_REPO,W,2017,2016,0,2016-10-21,INR,1814058166666.6665
RBI:AVG_TURNOVER_RN(1.0),N_A,CORPO_REPO,W,2017,2016,0,2016-10-21,INR,2736000000
RBI:AVG_TURNOVER_RN(1.0),N_A,GOVT_SEC_RBI,W,2017,2016,0,2016-10-21,INR,170000000
RBI:AVG_TURNOVER_RN(1.0),N_A,CALL_MONEY,W,2017,2016,0,2016-10-21,INR,309533400000
RBI:AVG_TURNOVER_RN(1.0),N_A,TERM_MONEY,W,2017,2016,0,2016-10-21,INR,14647466666.666666
RBI:AVG_TURNOVER_RN(1.0),N_A,STATE_GOVT_SEC,W,2017,2016,0,2016-10-21,INR,38875060000
RBI:AVG_TURNOVER_RN(1.0),N_A,FOREX,W,2017,2016,0,2016-10-21,INR,54924595400.00001
RBI:AVG_TURNOVER_RN(1.0),N_A,FOREX,W,2017,2016,0,2016-10-14,INR,55263909000.00001
RBI:AVG_TURNOVER_RN(1.0),N_A,TERM_MONEY,W,2017,2016,0,2016-10-14,INR,6805666666.666667
RBI:AVG_TURNOVER_RN(1.0),N_A,MKT_REPO,W,2017,2016,0,2016-10-14,INR,2099920000000
RBI:AVG_TURNOVER_RN(1.0),N_A,TRI_REPO,W,2017,2016,0,2016-10-14,INR,1882816999999.9998
RBI:AVG_TURNOVER_RN(1.0),N_A,STATE_GOVT_SEC,W,2017,2016,0,2016-10-14,INR,51299340000
RBI:AVG_TURNOVER_RN(1.0),N_A,GOVT_SEC,W,2017,2016,0,2016-10-14,INR,1207561593333.3333
RBI:AVG_TURNOVER_RN(1.0),N_A,TR_BILL_91_DAY,W,2017,2016,0,2016-10-14,INR,37319613333.33333
RBI:AVG_TURNOVER_RN(1.0),N_A,CORPO_REPO,W,2017,2016,0,2016-10-14,INR,4013333333.333333
RBI:AVG_TURNOVER_RN(1.0),N_A,GOVT_SEC_RBI,W,2017,2016,0,2016-10-14,INR,840000000
RBI:AVG_TURNOVER_RN(1.0),N_A,NOTICE_MONEY,W,2017,2016,0,2016-10-14,INR,178853866666.6667
RBI:AVG_TURNOVER_RN(1.0),N_A,TR_BILL_182_DAY,W,2017,2016,0,2016-10-14,INR,6669166666.666666
RBI:AVG_TURNOVER_RN(1.0),N_A,TR_BILL_364_DAY,W,2017,2016,0,2016-10-14,INR,13201580000.000002
RBI:AVG_TURNOVER_RN(1.0),N_A,CALL_MONEY,W,2017,2016,0,2016-10-14,INR,228262333333.33334
RBI:AVG_TURNOVER_RN(1.0),N_A,TERM_MONEY,W,2017,2016,0,2016-10-07,INR,9284666666.666666
RBI:AVG_TURNOVER_RN(1.0),N_A,GOVT_SEC_RBI,W,2017,2016,0,2016-10-07,INR,1220000000
RBI:AVG_TURNOVER_RN(1.0),N_A,TR_BILL_364_DAY,W,2017,2016,0,2016-10-07,INR,3704360000.0000005
RBI:AVG_TURNOVER_RN(1.0),N_A,TR_BILL_91_DAY,W,2017,2016,0,2016-10-07,INR,23318168000
RBI:AVG_TURNOVER_RN(1.0),N_A,CALL_MONEY,W,2017,2016,0,2016-10-07,INR,265763800000
RBI:AVG_TURNOVER_RN(1.0),N_A,MKT_REPO,W,2017,2016,0,2016-10-07,INR,1460273333333.3335
RBI:AVG_TURNOVER_RN(1.0),N_A,TRI_REPO,W,2017,2016,0,2016-10-07,INR,1571146333333.3333
RBI:AVG_TURNOVER_RN(1.0),N_A,NOTICE_MONEY,W,2017,2016,0,2016-10-07,INR,13551066666.666668
RBI:AVG_TURNOVER_RN(1.0),N_A,STATE_GOVT_SEC,W,2017,2016,0,2016-10-07,INR,51972247600
RBI:AVG_TURNOVER_RN(1.0),N_A,CORPO_REPO,W,2017,2016,0,2016-10-07,INR,6888000000
RBI:AVG_TURNOVER_RN(1.0),N_A,GOVT_SEC,W,2017,2016,0,2016-10-07,INR,2299322100000.0005
RBI:AVG_TURNOVER_RN(1.0),N_A,TR_BILL_182_DAY,W,2017,2016,0,2016-10-07,INR,18426872000
RBI:AVG_TURNOVER_RN(1.0),N_A,FOREX,W,2017,2016,0,2016-10-07,INR,64146742600
RBI:AVG_TURNOVER_RN(1.0),N_A,CORPO_REPO,W,2017,2016,0,2016-09-30,INR,928000000
RBI:AVG_TURNOVER_RN(1.0),N_A,TR_BILL_182_DAY,W,2017,2016,0,2016-09-30,INR,19109368000
RBI:AVG_TURNOVER_RN(1.0),N_A,TRI_REPO,W,2017,2016,0,2016-09-30,INR,1877983000000
RBI:AVG_TURNOVER_RN(1.0),N_A,TR_BILL_91_DAY,W,2017,2016,0,2016-09-30,INR,83833648000
RBI:AVG_TURNOVER_RN(1.0),N_A,FOREX,W,2017,2016,0,2016-09-30,INR,46685427800
RBI:AVG_TURNOVER_RN(1.0),N_A,STATE_GOVT_SEC,W,2017,2016,0,2016-09-30,INR,83198388000.00002
RBI:AVG_TURNOVER_RN(1.0),N_A,TR_BILL_364_DAY,W,2017,2016,0,2016-09-30,INR,29783680000
RBI:AVG_TURNOVER_RN(1.0),N_A,GOVT_SEC_RBI,W,2017,2016,0,2016-09-30,INR,1739999999.9999998
RBI:AVG_TURNOVER_RN(1.0),N_A,GOVT_SEC,W,2017,2016,0,2016-09-30,INR,1824047432000
RBI:AVG_TURNOVER_RN(1.0),N_A,MKT_REPO,W,2017,2016,0,2016-09-30,INR,1990960000000
RBI:AVG_TURNOVER_RN(1.0),N_A,NOTICE_MONEY,W,2017,2016,0,2016-09-30,INR,95584280000
RBI:AVG_TURNOVER_RN(1.0),N_A,CALL_MONEY,W,2017,2016,0,2016-09-30,INR,272770120000
RBI:AVG_TURNOVER_RN(1.0),N_A,TERM_MONEY,W,2017,2016,0,2016-09-30,INR,7723399999.999999
RBI:AVG_TURNOVER_RN(1.0),N_A,TERM_MONEY,W,2017,2016,0,2016-09-23,INR,5436333333.333333
RBI:AVG_TURNOVER_RN(1.0),N_A,MKT_REPO,W,2017,2016,0,2016-09-23,INR,1724435066666.6667
RBI:AVG_TURNOVER_RN(1.0),N_A,TRI_REPO,W,2017,2016,0,2016-09-23,INR,1699427500000
RBI:AVG_TURNOVER_RN(1.0),N_A,FOREX,W,2017,2016,0,2016-09-23,INR,61062056000
RBI:AVG_TURNOVER_RN(1.0),N_A,STATE_GOVT_SEC,W,2017,2016,0,2016-09-23,INR,54963480000.00001
RBI:AVG_TURNOVER_RN(1.0),N_A,GOVT_SEC,W,2017,2016,0,2016-09-23,INR,1117068376000
RBI:AVG_TURNOVER_RN(1.0),N_A,NOTICE_MONEY,W,2017,2016,0,2016-09-23,INR,3670733333.333333
RBI:AVG_TURNOVER_RN(1.0),N_A,TR_BILL_364_DAY,W,2017,2016,0,2016-09-23,INR,10222256000
RBI:AVG_TURNOVER_RN(1.0),N_A,CALL_MONEY,W,2017,2016,0,2016-09-23,INR,264571900000.00003
RBI:AVG_TURNOVER_RN(1.0),N_A,TR_BILL_91_DAY,W,2017,2016,0,2016-09-23,INR,62210552000.00001
RBI:AVG_TURNOVER_RN(1.0),N_A,TR_BILL_182_DAY,W,2017,2016,0,2016-09-23,INR,10381224000
RBI:AVG_TURNOVER_RN(1.0),N_A,GOVT_SEC_RBI,W,2017,2016,0,2016-09-23,INR,1890000000
RBI:AVG_TURNOVER_RN(1.0),N_A,CORPO_REPO,W,2017,2016,0,2016-09-23,INR,11504000000
RBI:AVG_TURNOVER_RN(1.0),N_A,TR_BILL_364_DAY,W,2017,2016,0,2016-09-16,INR,14080000000
RBI:AVG_TURNOVER_RN(1.0),N_A,TR_BILL_182_DAY,W,2017,2016,0,2016-09-16,INR,5176335000
RBI:AVG_TURNOVER_RN(1.0),N_A,CORPO_REPO,W,2017,2016,0,2016-09-16,INR,3150000000
RBI:AVG_TURNOVER_RN(1.0),N_A,GOVT_SEC_RBI,W,2017,2016,0,2016-09-16,INR,100000000
RBI:AVG_TURNOVER_RN(1.0),N_A,MKT_REPO,W,2017,2016,0,2016-09-16,INR,2733250000000
RBI:AVG_TURNOVER_RN(1.0),N_A,GOVT_SEC,W,2017,2016,0,2016-09-16,INR,1259865275000
RBI:AVG_TURNOVER_RN(1.0),N_A,NOTICE_MONEY,W,2017,2016,0,2016-09-16,INR,133383900000
RBI:AVG_TURNOVER_RN(1.0),N_A,FOREX,W,2017,2016,0,2016-09-16,INR,65360463500
RBI:AVG_TURNOVER_RN(1.0),N_A,STATE_GOVT_SEC,W,2017,2016,0,2016-09-16,INR,83518385000
RBI:AVG_TURNOVER_RN(1.0),N_A,TR_BILL_91_DAY,W,2017,2016,0,2016-09-16,INR,68727100000
RBI:AVG_TURNOVER_RN(1.0),N_A,TERM_MONEY,W,2017,2016,0,2016-09-16,INR,5422750000
RBI:AVG_TURNOVER_RN(1.0),N_A,TRI_REPO,W,2017,2016,0,2016-09-16,INR,1823064500000
RBI:AVG_TURNOVER_RN(1.0),N_A,CALL_MONEY,W,2017,2016,0,2016-09-16,INR,290327650000
RBI:AVG_TURNOVER_RN(1.0),N_A,FOREX,W,2017,2016,0,2016-09-09,INR,62153612000
RBI:AVG_TURNOVER_RN(1.0),N_A,STATE_GOVT_SEC,W,2017,2016,0,2016-09-09,INR,55701795000.00001
RBI:AVG_TURNOVER_RN(1.0),N_A,GOVT_SEC,W,2017,2016,0,2016-09-09,INR,1559182625000.0002
RBI:AVG_TURNOVER_RN(1.0),N_A,TRI_REPO,W,2017,2016,0,2016-09-09,INR,1417644000000
RBI:AVG_TURNOVER_RN(1.0),N_A,NOTICE_MONEY,W,2017,2016,0,2016-09-09,INR,7480000000
RBI:AVG_TURNOVER_RN(1.0),N_A,TR_BILL_91_DAY,W,2017,2016,0,2016-09-09,INR,67128635000.00001
RBI:AVG_TURNOVER_RN(1.0),N_A,GOVT_SEC_RBI,W,2017,2016,0,2016-09-09,INR,25000000000
RBI:AVG_TURNOVER_RN(1.0),N_A,TERM_MONEY,W,2017,2016,0,2016-09-09,INR,7956000000
RBI:AVG_TURNOVER_RN(1.0),N_A,MKT_REPO,W,2017,2016,0,2016-09-09,INR,1733112560000
RBI:AVG_TURNOVER_RN(1.0),N_A,TR_BILL_182_DAY,W,2017,2016,0,2016-09-09,INR,18896020000
RBI:AVG_TURNOVER_RN(1.0),N_A,CALL_MONEY,W,2017,2016,0,2016-09-09,INR,230728000000
RBI:AVG_TURNOVER_RN(1.0),N_A,CORPO_REPO,W,2017,2016,0,2016-09-09,INR,1510000000
RBI:AVG_TURNOVER_RN(1.0),N_A,TR_BILL_364_DAY,W,2017,2016,0,2016-09-09,INR,11432500000
RBI:AVG_TURNOVER_RN(1.0),N_A,GOVT_SEC_RBI,W,2017,2016,0,2016-09-02,INR,300000000
RBI:AVG_TURNOVER_RN(1.0),N_A,GOVT_SEC,W,2017,2016,0,2016-09-02,INR,1353076604000
RBI:AVG_TURNOVER_RN(1.0),N_A,TR_BILL_91_DAY,W,2017,2016,0,2016-09-02,INR,42601036000
RBI:AVG_TURNOVER_RN(1.0),N_A,TERM_MONEY,W,2017,2016,0,2016-09-02,INR,9104640000
RBI:AVG_TURNOVER_RN(1.0),N_A,CALL_MONEY,W,2017,2016,0,2016-09-02,INR,211188760000
RBI:AVG_TURNOVER_RN(1.0),N_A,TRI_REPO,W,2017,2016,0,2016-09-02,INR,1794092800000
RBI:AVG_TURNOVER_RN(1.0),N_A,NOTICE_MONEY,W,2017,2016,0,2016-09-02,INR,99286760000
RBI:AVG_TURNOVER_RN(1.0),N_A,CORPO_REPO,W,2017,2016,0,2016-09-02,INR,2032000000
RBI:AVG_TURNOVER_RN(1.0),N_A,MKT_REPO,W,2017,2016,0,2016-09-02,INR,2250751040000
RBI:AVG_TURNOVER_RN(1.0),N_A,STATE_GOVT_SEC,W,2017,2016,0,2016-09-02,INR,55107876000
RBI:AVG_TURNOVER_RN(1.0),N_A,FOREX,W,2017,2016,0,2016-09-02,INR,67835687200
RBI:AVG_TURNOVER_RN(1.0),N_A,TR_BILL_364_DAY,W,2017,2016,0,2016-09-02,INR,22132320000
RBI:AVG_TURNOVER_RN(1.0),N_A,TR_BILL_182_DAY,W,2017,2016,0,2016-09-02,INR,10432384000
RBI:AVG_TURNOVER_RN(1.0),N_A,STATE_GOVT_SEC,W,2017,2016,0,2016-08-26,INR,39081600000
RBI:AVG_TURNOVER_RN(1.0),N_A,CORPO_REPO,W,2017,2016,0,2016-08-26,INR,2016000000
RBI:AVG_TURNOVER_RN(1.0),N_A,TR_BILL_364_DAY,W,2017,2016,0,2016-08-26,INR,11666799999.999998
RBI:AVG_TURNOVER_RN(1.0),N_A,NOTICE_MONEY,W,2017,2016,0,2016-08-26,INR,9237600000.000002
RBI:AVG_TURNOVER_RN(1.0),N_A,MKT_REPO,W,2017,2016,0,2016-08-26,INR,1609906800000
RBI:AVG_TURNOVER_RN(1.0),N_A,TRI_REPO,W,2017,2016,0,2016-08-26,INR,1759973333333.3335
RBI:AVG_TURNOVER_RN(1.0),N_A,TERM_MONEY,W,2017,2016,0,2016-08-26,INR,6096766666.666666
RBI:AVG_TURNOVER_RN(1.0),N_A,FOREX,W,2017,2016,0,2016-08-26,INR,45545661200
RBI:AVG_TURNOVER_RN(1.0),N_A,GOVT_SEC_RBI,W,2017,2016,0,2016-08-26,INR,0.0
RBI:AVG_TURNOVER_RN(1.0),N_A,TR_BILL_91_DAY,W,2017,2016,0,2016-08-26,INR,48226960000
RBI:AVG_TURNOVER_RN(1.0),N_A,TR_BILL_182_DAY,W,2017,2016,0,2016-08-26,INR,23528120000
RBI:AVG_TURNOVER_RN(1.0),N_A,CALL_MONEY,W,2017,2016,0,2016-08-26,INR,231340000000
RBI:AVG_TURNOVER_RN(1.0),N_A,GOVT_SEC,W,2017,2016,0,2016-08-26,INR,1744491620000.0002
RBI:AVG_TURNOVER_RN(1.0),N_A,TRI_REPO,W,2017,2016,0,2016-08-19,INR,1855615000000
RBI:AVG_TURNOVER_RN(1.0),N_A,TERM_MONEY,W,2017,2016,0,2016-08-19,INR,13382666666.666666
RBI:AVG_TURNOVER_RN(1.0),N_A,FOREX,W,2017,2016,0,2016-08-19,INR,51931417333.33334
RBI:AVG_TURNOVER_RN(1.0),N_A,GOVT_SEC_RBI,W,2017,2016,0,2016-08-19,INR,16200000000
RBI:AVG_TURNOVER_RN(1.0),N_A,MKT_REPO,W,2017,2016,0,2016-08-19,INR,2751728400000.0005
RBI:AVG_TURNOVER_RN(1.0),N_A,CORPO_REPO,W,2017,2016,0,2016-08-19,INR,693333333.3333333
RBI:AVG_TURNOVER_RN(1.0),N_A,CALL_MONEY,W,2017,2016,0,2016-08-19,INR,200326666666.6667
RBI:AVG_TURNOVER_RN(1.0),N_A,GOVT_SEC,W,2017,2016,0,2016-08-19,INR,1337459446666.6665
RBI:AVG_TURNOVER_RN(1.0),N_A,STATE_GOVT_SEC,W,2017,2016,0,2016-08-19,INR,33262533333.333336
RBI:AVG_TURNOVER_RN(1.0),N_A,TR_BILL_91_DAY,W,2017,2016,0,2016-08-19,INR,60597493333.33333
RBI:AVG_TURNOVER_RN(1.0),N_A,TR_BILL_364_DAY,W,2017,2016,0,2016-08-19,INR,33515440000
RBI:AVG_TURNOVER_RN(1.0),N_A,TR_BILL_182_DAY,W,2017,2016,0,2016-08-19,INR,10760800000
RBI:AVG_TURNOVER_RN(1.0),N_A,NOTICE_MONEY,W,2017,2016,0,2016-08-19,INR,155672200000
RBI:AVG_TURNOVER_RN(1.0),N_A,MKT_REPO,W,2017,2016,0,2016-08-12,INR,1602553333333.3335
RBI:AVG_TURNOVER_RN(1.0),N_A,TERM_MONEY,W,2017,2016,0,2016-08-12,INR,10725333333.333334
RBI:AVG_TURNOVER_RN(1.0),N_A,TR_BILL_91_DAY,W,2017,2016,0,2016-08-12,INR,27477200000.000004
RBI:AVG_TURNOVER_RN(1.0),N_A,CORPO_REPO,W,2017,2016,0,2016-08-12,INR,420000000
RBI:AVG_TURNOVER_RN(1.0),N_A,NOTICE_MONEY,W,2017,2016,0,2016-08-12,INR,5903033333.333334
RBI:AVG_TURNOVER_RN(1.0),N_A,GOVT_SEC,W,2017,2016,0,2016-08-12,INR,2212620120000.0005
RBI:AVG_TURNOVER_RN(1.0),N_A,CALL_MONEY,W,2017,2016,0,2016-08-12,INR,275869833333.3333
RBI:AVG_TURNOVER_RN(1.0),N_A,TRI_REPO,W,2017,2016,0,2016-08-12,INR,1609573000000.0002
RBI:AVG_TURNOVER_RN(1.0),N_A,STATE_GOVT_SEC,W,2017,2016,0,2016-08-12,INR,89231160000
RBI:AVG_TURNOVER_RN(1.0),N_A,GOVT_SEC_RBI,W,2017,2016,0,2016-08-12,INR,20880000000.000004
RBI:AVG_TURNOVER_RN(1.0),N_A,TR_BILL_364_DAY,W,2017,2016,0,2016-08-12,INR,16133319999.999998
RBI:AVG_TURNOVER_RN(1.0),N_A,FOREX,W,2017,2016,0,2016-08-12,INR,50774797399.99999
RBI:AVG_TURNOVER_RN(1.0),N_A,TR_BILL_182_DAY,W,2017,2016,0,2016-08-12,INR,18782400000.000004
RBI:AVG_TURNOVER_RN(1.0),N_A,TR_BILL_364_DAY,W,2017,2016,0,2016-08-05,INR,23462864000
RBI:AVG_TURNOVER_RN(1.0),N_A,GOVT_SEC_RBI,W,2017,2016,0,2016-08-05,INR,860000000
RBI:AVG_TURNOVER_RN(1.0),N_A,TR_BILL_182_DAY,W,2017,2016,0,2016-08-05,INR,21308558000.000004
RBI:AVG_TURNOVER_RN(1.0),N_A,TRI_REPO,W,2017,2016,0,2016-08-05,INR,1262099666666.6667
RBI:AVG_TURNOVER_RN(1.0),N_A,CALL_MONEY,W,2017,2016,0,2016-08-05,INR,244475466666.66666
RBI:AVG_TURNOVER_RN(1.0),N_A,TR_BILL_91_DAY,W,2017,2016,0,2016-08-05,INR,49705386000
RBI:AVG_TURNOVER_RN(1.0),N_A,STATE_GOVT_SEC,W,2017,2016,0,2016-08-05,INR,73022476000
RBI:AVG_TURNOVER_RN(1.0),N_A,NOTICE_MONEY,W,2017,2016,0,2016-08-05,INR,94904133333.33334
RBI:AVG_TURNOVER_RN(1.0),N_A,MKT_REPO,W,2017,2016,0,2016-08-05,INR,1578860000000
RBI:AVG_TURNOVER_RN(1.0),N_A,TERM_MONEY,W,2017,2016,0,2016-08-05,INR,11683433333.333334
RBI:AVG_TURNOVER_RN(1.0),N_A,GOVT_SEC,W,2017,2016,0,2016-08-05,INR,1708299372000
RBI:AVG_TURNOVER_RN(1.0),N_A,FOREX,W,2017,2016,0,2016-08-05,INR,59460528600
RBI:AVG_TURNOVER_RN(1.0),N_A,TR_BILL_364_DAY,W,2017,2016,0,2016-07-29,INR,24842380000.000004
RBI:AVG_TURNOVER_RN(1.0),N_A,FOREX,W,2017,2016,0,2016-07-29,INR,53982153600
RBI:AVG_TURNOVER_RN(1.0),N_A,TR_BILL_91_DAY,W,2017,2016,0,2016-07-29,INR,44660350000
RBI:AVG_TURNOVER_RN(1.0),N_A,NOTICE_MONEY,W,2017,2016,0,2016-07-29,INR,89039640000
RBI:AVG_TURNOVER_RN(1.0),N_A,CALL_MONEY,W,2017,2016,0,2016-07-29,INR,231952680000
RBI:AVG_TURNOVER_RN(1.0),N_A,TRI_REPO,W,2017,2016,0,2016-07-29,INR,1872786600000
RBI:AVG_TURNOVER_RN(1.0),N_A,MKT_REPO,W,2017,2016,0,2016-07-29,INR,1704904000000
RBI:AVG_TURNOVER_RN(1.0),N_A,STATE_GOVT_SEC,W,2017,2016,0,2016-07-29,INR,76645516000
RBI:AVG_TURNOVER_RN(1.0),N_A,TR_BILL_182_DAY,W,2017,2016,0,2016-07-29,INR,17603790000
RBI:AVG_TURNOVER_RN(1.0),N_A,GOVT_SEC_RBI,W,2017,2016,0,2016-07-29,INR,110000000.00000001
RBI:AVG_TURNOVER_RN(1.0),N_A,TERM_MONEY,W,2017,2016,0,2016-07-29,INR,8208360000
RBI:AVG_TURNOVER_RN(1.0),N_A,CORPO_REPO,W,2017,2016,0,2016-07-29,INR,200000000
RBI:AVG_TURNOVER_RN(1.0),N_A,GOVT_SEC,W,2017,2016,0,2016-07-29,INR,1853049644000.0002
RBI:AVG_TURNOVER_RN(1.0),N_A,NOTICE_MONEY,W,2017,2016,0,2016-07-22,INR,2864200000
RBI:AVG_TURNOVER_RN(1.0),N_A,TERM_MONEY,W,2017,2016,0,2016-07-22,INR,11093666666.666666
RBI:AVG_TURNOVER_RN(1.0),N_A,GOVT_SEC_RBI,W,2017,2016,0,2016-07-22,INR,220000000.00000003
RBI:AVG_TURNOVER_RN(1.0),N_A,TR_BILL_182_DAY,W,2017,2016,0,2016-07-22,INR,10260260000
RBI:AVG_TURNOVER_RN(1.0),N_A,TR_BILL_91_DAY,W,2017,2016,0,2016-07-22,INR,36385590000
RBI:AVG_TURNOVER_RN(1.0),N_A,CORPO_REPO,W,2017,2016,0,2016-07-22,INR,360000000
RBI:AVG_TURNOVER_RN(1.0),N_A,TRI_REPO,W,2017,2016,0,2016-07-22,INR,1362600500000.0002
RBI:AVG_TURNOVER_RN(1.0),N_A,FOREX,W,2017,2016,0,2016-07-22,INR,47883822000
RBI:AVG_TURNOVER_RN(1.0),N_A,STATE_GOVT_SEC,W,2017,2016,0,2016-07-22,INR,58462712000
RBI:AVG_TURNOVER_RN(1.0),N_A,CALL_MONEY,W,2017,2016,0,2016-07-22,INR,333410266666.6666
RBI:AVG_TURNOVER_RN(1.0),N_A,GOVT_SEC,W,2017,2016,0,2016-07-22,INR,2003551960000.0002
RBI:AVG_TURNOVER_RN(1.0),N_A,TR_BILL_364_DAY,W,2017,2016,0,2016-07-22,INR,53073589999.99999
RBI:AVG_TURNOVER_RN(1.0),N_A,MKT_REPO,W,2017,2016,0,2016-07-22,INR,1888826666666.6665
RBI:AVG_TURNOVER_RN(1.0),N_A,CORPO_REPO,W,2017,2016,0,2016-07-15,INR,960000000
RBI:AVG_TURNOVER_RN(1.0),N_A,TRI_REPO,W,2017,2016,0,2016-07-15,INR,1706077600000
RBI:AVG_TURNOVER_RN(1.0),N_A,MKT_REPO,W,2017,2016,0,2016-07-15,INR,1672113840000.0002
RBI:AVG_TURNOVER_RN(1.0),N_A,TERM_MONEY,W,2017,2016,0,2016-07-15,INR,8934400000
RBI:AVG_TURNOVER_RN(1.0),N_A,TR_BILL_364_DAY,W,2017,2016,0,2016-07-15,INR,26487000000
RBI:AVG_TURNOVER_RN(1.0),N_A,STATE_GOVT_SEC,W,2017,2016,0,2016-07-15,INR,70182000000
RBI:AVG_TURNOVER_RN(1.0),N_A,CALL_MONEY,W,2017,2016,0,2016-07-15,INR,207756720000
RBI:AVG_TURNOVER_RN(1.0),N_A,NOTICE_MONEY,W,2017,2016,0,2016-07-15,INR,53768239999.99999
RBI:AVG_TURNOVER_RN(1.0),N_A,TR_BILL_91_DAY,W,2017,2016,0,2016-07-15,INR,43711000000
RBI:AVG_TURNOVER_RN(1.0),N_A,TR_BILL_182_DAY,W,2017,2016,0,2016-07-15,INR,19319000000
RBI:AVG_TURNOVER_RN(1.0),N_A,GOVT_SEC,W,2017,2016,0,2016-07-15,INR,2185196000000
RBI:AVG_TURNOVER_RN(1.0),N_A,GOVT_SEC_RBI,W,2017,2016,0,2016-07-15,INR,1620000000
RBI:AVG_TURNOVER_RN(1.0),N_A,FOREX,W,2017,2016,0,2016-07-15,INR,57456120400
RBI:AVG_TURNOVER_RN(1.0),N_A,NOTICE_MONEY,W,2017,2016,0,2016-07-08,INR,8403480000
RBI:AVG_TURNOVER_RN(1.0),N_A,GOVT_SEC_RBI,W,2017,2016,0,2016-07-08,INR,5230000000
RBI:AVG_TURNOVER_RN(1.0),N_A,TRI_REPO,W,2017,2016,0,2016-07-08,INR,1220578200000
RBI:AVG_TURNOVER_RN(1.0),N_A,TR_BILL_91_DAY,W,2017,2016,0,2016-07-08,INR,48515262500
RBI:AVG_TURNOVER_RN(1.0),N_A,TERM_MONEY,W,2017,2016,0,2016-07-08,INR,11370480000
RBI:AVG_TURNOVER_RN(1.0),N_A,MKT_REPO,W,2017,2016,0,2016-07-08,INR,1860626080000
RBI:AVG_TURNOVER_RN(1.0),N_A,STATE_GOVT_SEC,W,2017,2016,0,2016-07-08,INR,39406615000
RBI:AVG_TURNOVER_RN(1.0),N_A,CALL_MONEY,W,2017,2016,0,2016-07-08,INR,257328720000
RBI:AVG_TURNOVER_RN(1.0),N_A,FOREX,W,2017,2016,0,2016-07-08,INR,53098432750
RBI:AVG_TURNOVER_RN(1.0),N_A,TR_BILL_182_DAY,W,2017,2016,0,2016-07-08,INR,15238925000
RBI:AVG_TURNOVER_RN(1.0),N_A,CORPO_REPO,W,2017,2016,0,2016-07-08,INR,8840000000
RBI:AVG_TURNOVER_RN(1.0),N_A,TR_BILL_364_DAY,W,2017,2016,0,2016-07-08,INR,40185912500
RBI:AVG_TURNOVER_RN(1.0),N_A,GOVT_SEC,W,2017,2016,0,2016-07-08,INR,1779591435000.0002
RBI:AVG_TURNOVER_RN(1.0),N_A,MKT_REPO,W,2017,2016,0,2016-07-01,INR,1771513439999.9998
RBI:AVG_TURNOVER_RN(1.0),N_A,FOREX,W,2017,2016,0,2016-07-01,INR,71563118200
RBI:AVG_TURNOVER_RN(1.0),N_A,TR_BILL_91_DAY,W,2017,2016,0,2016-07-01,INR,52912000000
RBI:AVG_TURNOVER_RN(1.0),N_A,CALL_MONEY,W,2017,2016,0,2016-07-01,INR,213700000000
RBI:AVG_TURNOVER_RN(1.0),N_A,GOVT_SEC,W,2017,2016,0,2016-07-01,INR,1708981000000
RBI:AVG_TURNOVER_RN(1.0),N_A,CORPO_REPO,W,2017,2016,0,2016-07-01,INR,1160000000
RBI:AVG_TURNOVER_RN(1.0),N_A,TRI_REPO,W,2017,2016,0,2016-07-01,INR,1825306200000
RBI:AVG_TURNOVER_RN(1.0),N_A,TR_BILL_364_DAY,W,2017,2016,0,2016-07-01,INR,28536000000
RBI:AVG_TURNOVER_RN(1.0),N_A,TERM_MONEY,W,2017,2016,0,2016-07-01,INR,13120000000
RBI:AVG_TURNOVER_RN(1.0),N_A,TR_BILL_182_DAY,W,2017,2016,0,2016-07-01,INR,12523000000
RBI:AVG_TURNOVER_RN(1.0),N_A,GOVT_SEC_RBI,W,2017,2016,0,2016-07-01,INR,5220000000.000001
RBI:AVG_TURNOVER_RN(1.0),N_A,STATE_GOVT_SEC,W,2017,2016,0,2016-07-01,INR,64867000000
RBI:AVG_TURNOVER_RN(1.0),N_A,NOTICE_MONEY,W,2017,2016,0,2016-07-01,INR,74088000000
RBI:AVG_TURNOVER_RN(1.0),N_A,CALL_MONEY,W,2017,2016,0,2016-06-24,INR,274793333333.3333
RBI:AVG_TURNOVER_RN(1.0),N_A,TERM_MONEY,W,2017,2016,0,2016-06-24,INR,5380000000
RBI:AVG_TURNOVER_RN(1.0),N_A,TRI_REPO,W,2017,2016,0,2016-06-24,INR,1322026666666.6665
RBI:AVG_TURNOVER_RN(1.0),N_A,TR_BILL_364_DAY,W,2017,2016,0,2016-06-24,INR,23286819999.999996
RBI:AVG_TURNOVER_RN(1.0),N_A,STATE_GOVT_SEC,W,2017,2016,0,2016-06-24,INR,37390316000
RBI:AVG_TURNOVER_RN(1.0),N_A,MKT_REPO,W,2017,2016,0,2016-06-24,INR,1583500000000
RBI:AVG_TURNOVER_RN(1.0),N_A,FOREX,W,2017,2016,0,2016-06-24,INR,59331339599.99999
RBI:AVG_TURNOVER_RN(1.0),N_A,GOVT_SEC_RBI,W,2017,2016,0,2016-06-24,INR,21010000000
RBI:AVG_TURNOVER_RN(1.0),N_A,NOTICE_MONEY,W,2017,2016,0,2016-06-24,INR,3143333333.333333
RBI:AVG_TURNOVER_RN(1.0),N_A,TR_BILL_91_DAY,W,2017,2016,0,2016-06-24,INR,44222420000
RBI:AVG_TURNOVER_RN(1.0),N_A,TR_BILL_182_DAY,W,2017,2016,0,2016-06-24,INR,11016450000
RBI:AVG_TURNOVER_RN(1.0),N_A,CORPO_REPO,W,2017,2016,0,2016-06-24,INR,672000000
RBI:AVG_TURNOVER_RN(1.0),N_A,GOVT_SEC,W,2017,2016,0,2016-06-24,INR,889856964000
RBI:AVG_TURNOVER_RN(1.0),N_A,CALL_MONEY,W,2017,2016,0,2016-06-17,INR,187484000000
RBI:AVG_TURNOVER_RN(1.0),N_A,CORPO_REPO,W,2017,2016,0,2016-06-17,INR,360000000
RBI:AVG_TURNOVER_RN(1.0),N_A,FOREX,W,2017,2016,0,2016-06-17,INR,55916546400.00001
RBI:AVG_TURNOVER_RN(1.0),N_A,TR_BILL_364_DAY,W,2017,2016,0,2016-06-17,INR,24717940000
RBI:AVG_TURNOVER_RN(1.0),N_A,NOTICE_MONEY,W,2017,2016,0,2016-06-17,INR,49028000000
RBI:AVG_TURNOVER_RN(1.0),N_A,GOVT_SEC_RBI,W,2017,2016,0,2016-06-17,INR,1069999999.9999999
RBI:AVG_TURNOVER_RN(1.0),N_A,TR_BILL_182_DAY,W,2017,2016,0,2016-06-17,INR,11838290000.000002
RBI:AVG_TURNOVER_RN(1.0),N_A,TRI_REPO,W,2017,2016,0,2016-06-17,INR,1573958000000
RBI:AVG_TURNOVER_RN(1.0),N_A,MKT_REPO,W,2017,2016,0,2016-06-17,INR,1665234080000
RBI:AVG_TURNOVER_RN(1.0),N_A,TR_BILL_91_DAY,W,2017,2016,0,2016-06-17,INR,48870450000
RBI:AVG_TURNOVER_RN(1.0),N_A,TERM_MONEY,W,2017,2016,0,2016-06-17,INR,8428000000
RBI:AVG_TURNOVER_RN(1.0),N_A,GOVT_SEC,W,2017,2016,0,2016-06-17,INR,794181015999.9999
RBI:AVG_TURNOVER_RN(1.0),N_A,STATE_GOVT_SEC,W,2017,2016,0,2016-06-17,INR,34940240000
RBI:AVG_TURNOVER_RN(1.0),N_A,TR_BILL_182_DAY,W,2017,2016,0,2016-06-10,INR,8703640000
RBI:AVG_TURNOVER_RN(1.0),N_A,CALL_MONEY,W,2017,2016,0,2016-06-10,INR,225036666666.6667
RBI:AVG_TURNOVER_RN(1.0),N_A,STATE_GOVT_SEC,W,2017,2016,0,2016-06-10,INR,40722404000
RBI:AVG_TURNOVER_RN(1.0),N_A,GOVT_SEC,W,2017,2016,0,2016-06-10,INR,654058444000
RBI:AVG_TURNOVER_RN(1.0),N_A,TERM_MONEY,W,2017,2016,0,2016-06-10,INR,9196033333.333334
RBI:AVG_TURNOVER_RN(1.0),N_A,CORPO_REPO,W,2017,2016,0,2016-06-10,INR,872000000
RBI:AVG_TURNOVER_RN(1.0),N_A,NOTICE_MONEY,W,2017,2016,0,2016-06-10,INR,3687066666.6666665
RBI:AVG_TURNOVER_RN(1.0),N_A,TR_BILL_91_DAY,W,2017,2016,0,2016-06-10,INR,59476989999.99999
RBI:AVG_TURNOVER_RN(1.0),N_A,TRI_REPO,W,2017,2016,0,2016-06-10,INR,1228104500000
RBI:AVG_TURNOVER_RN(1.0),N_A,TR_BILL_364_DAY,W,2017,2016,0,2016-06-10,INR,19865770000
RBI:AVG_TURNOVER_RN(1.0),N_A,MKT_REPO,W,2017,2016,0,2016-06-10,INR,1729350133333.3333
RBI:AVG_TURNOVER_RN(1.0),N_A,FOREX,W,2017,2016,0,2016-06-10,INR,59113816600
RBI:AVG_TURNOVER_RN(1.0),N_A,GOVT_SEC_RBI,W,2017,2016,0,2016-06-10,INR,440000000.00000006
RBI:AVG_TURNOVER_RN(1.0),N_A,NOTICE_MONEY,W,2017,2016,0,2016-06-03,INR,50141280000
RBI:AVG_TURNOVER_RN(1.0),N_A,STATE_GOVT_SEC,W,2017,2016,0,2016-06-03,INR,34054404000.000004
RBI:AVG_TURNOVER_RN(1.0),N_A,TERM_MONEY,W,2017,2016,0,2016-06-03,INR,10145200000.000002
RBI:AVG_TURNOVER_RN(1.0),N_A,TR_BILL_182_DAY,W,2017,2016,0,2016-06-03,INR,13932340000
RBI:AVG_TURNOVER_RN(1.0),N_A,GOVT_SEC,W,2017,2016,0,2016-06-03,INR,589656896000
RBI:AVG_TURNOVER_RN(1.0),N_A,TR_BILL_364_DAY,W,2017,2016,0,2016-06-03,INR,8978490000
RBI:AVG_TURNOVER_RN(1.0),N_A,MKT_REPO,W,2017,2016,0,2016-06-03,INR,1576066000000
RBI:AVG_TURNOVER_RN(1.0),N_A,TRI_REPO,W,2017,2016,0,2016-06-03,INR,1510867800000
RBI:AVG_TURNOVER_RN(1.0),N_A,CALL_MONEY,W,2017,2016,0,2016-06-03,INR,224044440000
RBI:AVG_TURNOVER_RN(1.0),N_A,GOVT_SEC_RBI,W,2017,2016,0,2016-06-03,INR,30650000000
RBI:AVG_TURNOVER_RN(1.0),N_A,FOREX,W,2017,2016,0,2016-06-03,INR,62942107400
RBI:AVG_TURNOVER_RN(1.0),N_A,TR_BILL_91_DAY,W,2017,2016,0,2016-06-03,INR,59155990000
RBI:AVG_TURNOVER_RN(1.0),N_A,CALL_MONEY,W,2017,2016,0,2016-05-27,INR,314454680000
RBI:AVG_TURNOVER_RN(1.0),N_A,TR_BILL_182_DAY,W,2017,2016,0,2016-05-27,INR,4353960000
RBI:AVG_TURNOVER_RN(1.0),N_A,CORPO_REPO,W,2017,2016,0,2016-05-27,INR,872000000
RBI:AVG_TURNOVER_RN(1.0),N_A,TR_BILL_91_DAY,W,2017,2016,0,2016-05-27,INR,28229700000.000004
RBI:AVG_TURNOVER_RN(1.0),N_A,MKT_REPO,W,2017,2016,0,2016-05-27,INR,1768600000000
RBI:AVG_TURNOVER_RN(1.0),N_A,NOTICE_MONEY,W,2017,2016,0,2016-05-27,INR,1885920000.0000002
RBI:AVG_TURNOVER_RN(1.0),N_A,STATE_GOVT_SEC,W,2017,2016,0,2016-05-27,INR,39710992000
RBI:AVG_TURNOVER_RN(1.0),N_A,GOVT_SEC_RBI,W,2017,2016,0,2016-05-27,INR,31780000000
RBI:AVG_TURNOVER_RN(1.0),N_A,FOREX,W,2017,2016,0,2016-05-27,INR,58309000000
RBI:AVG_TURNOVER_RN(1.0),N_A,GOVT_SEC,W,2017,2016,0,2016-05-27,INR,659776516000
RBI:AVG_TURNOVER_RN(1.0),N_A,TR_BILL_364_DAY,W,2017,2016,0,2016-05-27,INR,13105340000.000002
RBI:AVG_TURNOVER_RN(1.0),N_A,TERM_MONEY,W,2017,2016,0,2016-05-27,INR,8962600000
RBI:AVG_TURNOVER_RN(1.0),N_A,TRI_REPO,W,2017,2016,0,2016-05-27,INR,1470348800000
RBI:AVG_TURNOVER_RN(1.0),N_A,TRI_REPO,W,2017,2016,0,2016-05-20,INR,1670347200000
RBI:AVG_TURNOVER_RN(1.0),N_A,TR_BILL_364_DAY,W,2017,2016,0,2016-05-20,INR,4827290000
RBI:AVG_TURNOVER_RN(1.0),N_A,TR_BILL_182_DAY,W,2017,2016,0,2016-05-20,INR,14040220000
RBI:AVG_TURNOVER_RN(1.0),N_A,NOTICE_MONEY,W,2017,2016,0,2016-05-20,INR,1667320000
RBI:AVG_TURNOVER_RN(1.0),N_A,TR_BILL_91_DAY,W,2017,2016,0,2016-05-20,INR,40751080000
RBI:AVG_TURNOVER_RN(1.0),N_A,TERM_MONEY,W,2017,2016,0,2016-05-20,INR,9774840000
RBI:AVG_TURNOVER_RN(1.0),N_A,STATE_GOVT_SEC,W,2017,2016,0,2016-05-20,INR,22941099999.999996
RBI:AVG_TURNOVER_RN(1.0),N_A,GOVT_SEC,W,2017,2016,0,2016-05-20,INR,707350644000
RBI:AVG_TURNOVER_RN(1.0),N_A,CALL_MONEY,W,2017,2016,0,2016-05-20,INR,260003640000
RBI:AVG_TURNOVER_RN(1.0),N_A,FOREX,W,2017,2016,0,2016-05-20,INR,57873000000
RBI:AVG_TURNOVER_RN(1.0),N_A,GOVT_SEC_RBI,W,2017,2016,0,2016-05-20,INR,1050000000
RBI:AVG_TURNOVER_RN(1.0),N_A,MKT_REPO,W,2017,2016,0,2016-05-20,INR,1495294639999.9998
RBI:AVG_TURNOVER_RN(1.0),N_A,GOVT_SEC,W,2017,2016,0,2016-05-13,INR,707542895999.9999
RBI:AVG_TURNOVER_RN(1.0),N_A,CALL_MONEY,W,2017,2016,0,2016-05-13,INR,290056666666.6667
RBI:AVG_TURNOVER_RN(1.0),N_A,NOTICE_MONEY,W,2017,2016,0,2016-05-13,INR,2146666666.6666665
RBI:AVG_TURNOVER_RN(1.0),N_A,TRI_REPO,W,2017,2016,0,2016-05-13,INR,1105627333333.3333
RBI:AVG_TURNOVER_RN(1.0),N_A,CORPO_REPO,W,2017,2016,0,2016-05-13,INR,400000000
RBI:AVG_TURNOVER_RN(1.0),N_A,TR_BILL_364_DAY,W,2017,2016,0,2016-05-13,INR,14159760000.000002
RBI:AVG_TURNOVER_RN(1.0),N_A,TR_BILL_182_DAY,W,2017,2016,0,2016-05-13,INR,9374940000
RBI:AVG_TURNOVER_RN(1.0),N_A,TR_BILL_91_DAY,W,2017,2016,0,2016-05-13,INR,35629080000
RBI:AVG_TURNOVER_RN(1.0),N_A,TERM_MONEY,W,2017,2016,0,2016-05-13,INR,10196666666.666666
RBI:AVG_TURNOVER_RN(1.0),N_A,STATE_GOVT_SEC,W,2017,2016,0,2016-05-13,INR,36794528000
RBI:AVG_TURNOVER_RN(1.0),N_A,GOVT_SEC_RBI,W,2017,2016,0,2016-05-13,INR,20280000000
RBI:AVG_TURNOVER_RN(1.0),N_A,FOREX,W,2017,2016,0,2016-05-13,INR,51945000000
RBI:AVG_TURNOVER_RN(1.0),N_A,MKT_REPO,W,2017,2016,0,2016-05-13,INR,1588912200000
RBI:AVG_TURNOVER_RN(1.0),N_A,TR_BILL_182_DAY,W,2017,2016,0,2016-05-06,INR,5184340000
RBI:AVG_TURNOVER_RN(1.0),N_A,TERM_MONEY,W,2017,2016,0,2016-05-06,INR,10132166666.666666
RBI:AVG_TURNOVER_RN(1.0),N_A,FOREX,W,2017,2016,0,2016-05-06,INR,58759000000
RBI:AVG_TURNOVER_RN(1.0),N_A,CORPO_REPO,W,2017,2016,0,2016-05-06,INR,472000000
RBI:AVG_TURNOVER_RN(1.0),N_A,CALL_MONEY,W,2017,2016,0,2016-05-06,INR,213860000000
RBI:AVG_TURNOVER_RN(1.0),N_A,STATE_GOVT_SEC,W,2017,2016,0,2016-05-06,INR,35020500000
RBI:AVG_TURNOVER_RN(1.0),N_A,TRI_REPO,W,2017,2016,0,2016-05-06,INR,1197456666666.6667
RBI:AVG_TURNOVER_RN(1.0),N_A,MKT_REPO,W,2017,2016,0,2016-05-06,INR,1399906600000
RBI:AVG_TURNOVER_RN(1.0),N_A,NOTICE_MONEY,W,2017,2016,0,2016-05-06,INR,57358533333.333336
RBI:AVG_TURNOVER_RN(1.0),N_A,GOVT_SEC_RBI,W,2017,2016,0,2016-05-06,INR,1280000000
RBI:AVG_TURNOVER_RN(1.0),N_A,TR_BILL_91_DAY,W,2017,2016,0,2016-05-06,INR,19504430000
RBI:AVG_TURNOVER_RN(1.0),N_A,TR_BILL_364_DAY,W,2017,2016,0,2016-05-06,INR,17410369999.999996
RBI:AVG_TURNOVER_RN(1.0),N_A,GOVT_SEC,W,2017,2016,0,2016-05-06,INR,918252864000
RBI:AVG_TURNOVER_RN(1.0),N_A,GOVT_SEC,W,2017,2016,0,2016-04-29,INR,1034040416000
RBI:AVG_TURNOVER_RN(1.0),N_A,TRI_REPO,W,2017,2016,0,2016-04-29,INR,1386755000000
RBI:AVG_TURNOVER_RN(1.0),N_A,TR_BILL_91_DAY,W,2017,2016,0,2016-04-29,INR,38008260000
RBI:AVG_TURNOVER_RN(1.0),N_A,GOVT_SEC_RBI,W,2017,2016,0,2016-04-29,INR,30300000000
RBI:AVG_TURNOVER_RN(1.0),N_A,TERM_MONEY,W,2017,2016,0,2016-04-29,INR,8752760000
RBI:AVG_TURNOVER_RN(1.0),N_A,TR_BILL_182_DAY,W,2017,2016,0,2016-04-29,INR,13533709999.999998
RBI:AVG_TURNOVER_RN(1.0),N_A,NOTICE_MONEY,W,2017,2016,0,2016-04-29,INR,110449640000
RBI:AVG_TURNOVER_RN(1.0),N_A,FOREX,W,2017,2016,0,2016-04-29,INR,68408593000.00001
RBI:AVG_TURNOVER_RN(1.0),N_A,MKT_REPO,W,2017,2016,0,2016-04-29,INR,1702843120000
RBI:AVG_TURNOVER_RN(1.0),N_A,TR_BILL_364_DAY,W,2017,2016,0,2016-04-29,INR,30346450000
RBI:AVG_TURNOVER_RN(1.0),N_A,CORPO_REPO,W,2017,2016,0,2016-04-29,INR,800000000
RBI:AVG_TURNOVER_RN(1.0),N_A,STATE_GOVT_SEC,W,2017,2016,0,2016-04-29,INR,25538108000
RBI:AVG_TURNOVER_RN(1.0),N_A,CALL_MONEY,W,2017,2016,0,2016-04-29,INR,317345960000
RBI:AVG_TURNOVER_RN(1.0),N_A,CALL_MONEY,W,2017,2016,0,2016-04-22,INR,373720000000
RBI:AVG_TURNOVER_RN(1.0),N_A,CORPO_REPO,W,2017,2016,0,2016-04-22,INR,7940000000
RBI:AVG_TURNOVER_RN(1.0),N_A,NOTICE_MONEY,W,2017,2016,0,2016-04-22,INR,7325000000
RBI:AVG_TURNOVER_RN(1.0),N_A,MKT_REPO,W,2017,2016,0,2016-04-22,INR,1261478560000
RBI:AVG_TURNOVER_RN(1.0),N_A,TERM_MONEY,W,2017,2016,0,2016-04-22,INR,12259120000
RBI:AVG_TURNOVER_RN(1.0),N_A,GOVT_SEC_RBI,W,2017,2016,0,2016-04-22,INR,10110000000
RBI:AVG_TURNOVER_RN(1.0),N_A,TR_BILL_364_DAY,W,2017,2016,0,2016-04-22,INR,15155300000
RBI:AVG_TURNOVER_RN(1.0),N_A,TR_BILL_182_DAY,W,2017,2016,0,2016-04-22,INR,29462837500
RBI:AVG_TURNOVER_RN(1.0),N_A,STATE_GOVT_SEC,W,2017,2016,0,2016-04-22,INR,44094300000
RBI:AVG_TURNOVER_RN(1.0),N_A,GOVT_SEC,W,2017,2016,0,2016-04-22,INR,999276630000.0001
RBI:AVG_TURNOVER_RN(1.0),N_A,TRI_REPO,W,2017,2016,0,2016-04-22,INR,1224984399999.9998
RBI:AVG_TURNOVER_RN(1.0),N_A,FOREX,W,2017,2016,0,2016-04-22,INR,74575082500
RBI:AVG_TURNOVER_RN(1.0),N_A,TR_BILL_91_DAY,W,2017,2016,0,2016-04-22,INR,23124325000
RBI:AVG_TURNOVER_RN(1.0),N_A,TR_BILL_182_DAY,W,2017,2016,0,2016-04-15,INR,36168866666.666664
RBI:AVG_TURNOVER_RN(1.0),N_A,GOVT_SEC,W,2017,2016,0,2016-04-15,INR,1924042406666.6667
RBI:AVG_TURNOVER_RN(1.0),N_A,TR_BILL_364_DAY,W,2017,2016,0,2016-04-15,INR,47172066666.66667
RBI:AVG_TURNOVER_RN(1.0),N_A,FOREX,W,2017,2016,0,2016-04-15,INR,70719186333.33333
RBI:AVG_TURNOVER_RN(1.0),N_A,TR_BILL_91_DAY,W,2017,2016,0,2016-04-15,INR,42463866666.666664
RBI:AVG_TURNOVER_RN(1.0),N_A,GOVT_SEC_RBI,W,2017,2016,0,2016-04-15,INR,50750000000
RBI:AVG_TURNOVER_RN(1.0),N_A,CALL_MONEY,W,2017,2016,0,2016-04-15,INR,300480000000
RBI:AVG_TURNOVER_RN(1.0),N_A,MKT_REPO,W,2017,2016,0,2016-04-15,INR,2081053333333.3335
RBI:AVG_TURNOVER_RN(1.0),N_A,STATE_GOVT_SEC,W,2017,2016,0,2016-04-15,INR,57985400000
RBI:AVG_TURNOVER_RN(1.0),N_A,TRI_REPO,W,2017,2016,0,2016-04-15,INR,1345825333333.3333
RBI:AVG_TURNOVER_RN(1.0),N_A,TERM_MONEY,W,2017,2016,0,2016-04-15,INR,8696933333.333332
RBI:AVG_TURNOVER_RN(1.0),N_A,CORPO_REPO,W,2017,2016,0,2016-04-15,INR,1333333333.3333335
RBI:AVG_TURNOVER_RN(1.0),N_A,NOTICE_MONEY,W,2017,2016,0,2016-04-15,INR,164997000000
RBI:AVG_TURNOVER_RN(1.0),N_A,FOREX,W,2017,2016,0,2016-04-08,INR,83835574750
RBI:AVG_TURNOVER_RN(1.0),N_A,TR_BILL_182_DAY,W,2017,2016,0,2016-04-08,INR,29442150000
RBI:AVG_TURNOVER_RN(1.0),N_A,TR_BILL_91_DAY,W,2017,2016,0,2016-04-08,INR,57264950000
RBI:AVG_TURNOVER_RN(1.0),N_A,GOVT_SEC_RBI,W,2017,2016,0,2016-04-08,INR,780000000
RBI:AVG_TURNOVER_RN(1.0),N_A,TR_BILL_364_DAY,W,2017,2016,0,2016-04-08,INR,70497100000
RBI:AVG_TURNOVER_RN(1.0),N_A,STATE_GOVT_SEC,W,2017,2016,0,2016-04-08,INR,51052850000
RBI:AVG_TURNOVER_RN(1.0),N_A,NOTICE_MONEY,W,2017,2016,0,2016-04-08,INR,4560000000
RBI:AVG_TURNOVER_RN(1.0),N_A,CORPO_REPO,W,2017,2016,0,2016-04-08,INR,640000000
RBI:AVG_TURNOVER_RN(1.0),N_A,CALL_MONEY,W,2017,2016,0,2016-04-08,INR,472720000000
RBI:AVG_TURNOVER_RN(1.0),N_A,MKT_REPO,W,2017,2016,0,2016-04-08,INR,1270456000000
RBI:AVG_TURNOVER_RN(1.0),N_A,TERM_MONEY,W,2017,2016,0,2016-04-08,INR,13240000000
RBI:AVG_TURNOVER_RN(1.0),N_A,TRI_REPO,W,2017,2016,0,2016-04-08,INR,1442168000000
RBI:AVG_TURNOVER_RN(1.0),N_A,GOVT_SEC,W,2017,2016,0,2016-04-08,INR,1471017925000.0002
RBI:AVG_TURNOVER_RN(1.0),N_A,TR_BILL_182_DAY,W,2017,2016,0,2016-04-01,INR,10160750000
RBI:AVG_TURNOVER_RN(1.0),N_A,CALL_MONEY,W,2017,2016,0,2016-04-01,INR,338898200000
RBI:AVG_TURNOVER_RN(1.0),N_A,FOREX,W,2017,2016,0,2016-04-01,INR,83652660000
RBI:AVG_TURNOVER_RN(1.0),N_A,NOTICE_MONEY,W,2017,2016,0,2016-04-01,INR,71140000000
RBI:AVG_TURNOVER_RN(1.0),N_A,TR_BILL_91_DAY,W,2017,2016,0,2016-04-01,INR,75663312500
RBI:AVG_TURNOVER_RN(1.0),N_A,CORPO_REPO,W,2017,2016,0,2016-04-01,INR,1640000000
RBI:AVG_TURNOVER_RN(1.0),N_A,TERM_MONEY,W,2017,2016,0,2016-04-01,INR,2970000000
RBI:AVG_TURNOVER_RN(1.0),N_A,TR_BILL_364_DAY,W,2017,2016,0,2016-04-01,INR,13550275000
RBI:AVG_TURNOVER_RN(1.0),N_A,GOVT_SEC_RBI,W,2017,2016,0,2016-04-01,INR,9960000000.000002
RBI:AVG_TURNOVER_RN(1.0),N_A,GOVT_SEC,W,2017,2016,0,2016-04-01,INR,1019297865000
RBI:AVG_TURNOVER_RN(1.0),N_A,TRI_REPO,W,2017,2016,0,2016-04-01,INR,1313642750000
RBI:AVG_TURNOVER_RN(1.0),N_A,STATE_GOVT_SEC,W,2017,2016,0,2016-04-01,INR,66150254999.99999
RBI:AVG_TURNOVER_RN(1.0),N_A,MKT_REPO,W,2017,2016,0,2016-04-01,INR,1029480000000
RBI:AVG_TURNOVER_RN(1.0),N_A,STATE_GOVT_SEC,W,2016,2015,0,2016-03-25,INR,50713466666.66667
RBI:AVG_TURNOVER_RN(1.0),N_A,FOREX,W,2016,2015,0,2016-03-25,INR,61657465666.66666
RBI:AVG_TURNOVER_RN(1.0),N_A,TR_BILL_364_DAY,W,2016,2015,0,2016-03-25,INR,9005116666.666666
RBI:AVG_TURNOVER_RN(1.0),N_A,TR_BILL_182_DAY,W,2016,2015,0,2016-03-25,INR,890000000
RBI:AVG_TURNOVER_RN(1.0),N_A,MKT_REPO,W,2016,2015,0,2016-03-25,INR,909178900000
RBI:AVG_TURNOVER_RN(1.0),N_A,NOTICE_MONEY,W,2016,2015,0,2016-03-25,INR,10130000000
RBI:AVG_TURNOVER_RN(1.0),N_A,GOVT_SEC_RBI,W,2016,2015,0,2016-03-25,INR,6700000000
RBI:AVG_TURNOVER_RN(1.0),N_A,TR_BILL_91_DAY,W,2016,2015,0,2016-03-25,INR,26803516666.666668
RBI:AVG_TURNOVER_RN(1.0),N_A,GOVT_SEC,W,2016,2015,0,2016-03-25,INR,955029646666.6665
RBI:AVG_TURNOVER_RN(1.0),N_A,TRI_REPO,W,2016,2015,0,2016-03-25,INR,1053735000000
RBI:AVG_TURNOVER_RN(1.0),N_A,TERM_MONEY,W,2016,2015,0,2016-03-25,INR,2320000000
RBI:AVG_TURNOVER_RN(1.0),N_A,CORPO_REPO,W,2016,2015,0,2016-03-25,INR,1333333333.3333335
RBI:AVG_TURNOVER_RN(1.0),N_A,CALL_MONEY,W,2016,2015,0,2016-03-25,INR,369655000000
RBI:AVG_TURNOVER_RN(1.0),N_A,STATE_GOVT_SEC,W,2016,2015,0,2016-03-18,INR,49930692000
RBI:AVG_TURNOVER_RN(1.0),N_A,TR_BILL_182_DAY,W,2016,2015,0,2016-03-18,INR,9352450000.000002
RBI:AVG_TURNOVER_RN(1.0),N_A,TERM_MONEY,W,2016,2015,0,2016-03-18,INR,4620000000
RBI:AVG_TURNOVER_RN(1.0),N_A,TR_BILL_91_DAY,W,2016,2015,0,2016-03-18,INR,40524040000
RBI:AVG_TURNOVER_RN(1.0),N_A,MKT_REPO,W,2016,2015,0,2016-03-18,INR,1551744000000
RBI:AVG_TURNOVER_RN(1.0),N_A,GOVT_SEC,W,2016,2015,0,2016-03-18,INR,783203368000.0001
RBI:AVG_TURNOVER_RN(1.0),N_A,TRI_REPO,W,2016,2015,0,2016-03-18,INR,1459756000000
RBI:AVG_TURNOVER_RN(1.0),N_A,NOTICE_MONEY,W,2016,2015,0,2016-03-18,INR,123544000000
RBI:AVG_TURNOVER_RN(1.0),N_A,GOVT_SEC_RBI,W,2016,2015,0,2016-03-18,INR,29420000000
RBI:AVG_TURNOVER_RN(1.0),N_A,FOREX,W,2016,2015,0,2016-03-18,INR,63537322600
RBI:AVG_TURNOVER_RN(1.0),N_A,TR_BILL_364_DAY,W,2016,2015,0,2016-03-18,INR,12332280000
RBI:AVG_TURNOVER_RN(1.0),N_A,CORPO_REPO,W,2016,2015,0,2016-03-18,INR,568000000
RBI:AVG_TURNOVER_RN(1.0),N_A,CALL_MONEY,W,2016,2015,0,2016-03-18,INR,373140000000
RBI:AVG_TURNOVER_RN(1.0),N_A,FOREX,W,2016,2015,0,2016-03-11,INR,64761064250
RBI:AVG_TURNOVER_RN(1.0),N_A,CORPO_REPO,W,2016,2015,0,2016-03-11,INR,930000000
RBI:AVG_TURNOVER_RN(1.0),N_A,GOVT_SEC,W,2016,2015,0,2016-03-11,INR,699636630000
RBI:AVG_TURNOVER_RN(1.0),N_A,TR_BILL_364_DAY,W,2016,2015,0,2016-03-11,INR,12248562500
RBI:AVG_TURNOVER_RN(1.0),N_A,GOVT_SEC_RBI,W,2016,2015,0,2016-03-11,INR,38430000000
RBI:AVG_TURNOVER_RN(1.0),N_A,TRI_REPO,W,2016,2015,0,2016-03-11,INR,1221493400000
RBI:AVG_TURNOVER_RN(1.0),N_A,MKT_REPO,W,2016,2015,0,2016-03-11,INR,1176689200000
RBI:AVG_TURNOVER_RN(1.0),N_A,CALL_MONEY,W,2016,2015,0,2016-03-11,INR,301848000000
RBI:AVG_TURNOVER_RN(1.0),N_A,TR_BILL_91_DAY,W,2016,2015,0,2016-03-11,INR,40544675000
RBI:AVG_TURNOVER_RN(1.0),N_A,STATE_GOVT_SEC,W,2016,2015,0,2016-03-11,INR,49446975000
RBI:AVG_TURNOVER_RN(1.0),N_A,TR_BILL_182_DAY,W,2016,2015,0,2016-03-11,INR,14382000000
RBI:AVG_TURNOVER_RN(1.0),N_A,TERM_MONEY,W,2016,2015,0,2016-03-11,INR,5016000000
RBI:AVG_TURNOVER_RN(1.0),N_A,NOTICE_MONEY,W,2016,2015,0,2016-03-11,INR,3572000000
RBI:AVG_TURNOVER_RN(1.0),N_A,STATE_GOVT_SEC,W,2016,2015,0,2016-03-04,INR,29090119999.999996
RBI:AVG_TURNOVER_RN(1.0),N_A,CALL_MONEY,W,2016,2015,0,2016-03-04,INR,247860200000
RBI:AVG_TURNOVER_RN(1.0),N_A,FOREX,W,2016,2015,0,2016-03-04,INR,69783431200.00002
RBI:AVG_TURNOVER_RN(1.0),N_A,TR_BILL_182_DAY,W,2016,2015,0,2016-03-04,INR,4809360000
RBI:AVG_TURNOVER_RN(1.0),N_A,MKT_REPO,W,2016,2015,0,2016-03-04,INR,1869493200000
RBI:AVG_TURNOVER_RN(1.0),N_A,TERM_MONEY,W,2016,2015,0,2016-03-04,INR,9236440000
RBI:AVG_TURNOVER_RN(1.0),N_A,TRI_REPO,W,2016,2015,0,2016-03-04,INR,1517064400000
RBI:AVG_TURNOVER_RN(1.0),N_A,GOVT_SEC_RBI,W,2016,2015,0,2016-03-04,INR,117430000000
RBI:AVG_TURNOVER_RN(1.0),N_A,TR_BILL_364_DAY,W,2016,2015,0,2016-03-04,INR,16560160000
RBI:AVG_TURNOVER_RN(1.0),N_A,NOTICE_MONEY,W,2016,2015,0,2016-03-04,INR,96757200000
RBI:AVG_TURNOVER_RN(1.0),N_A,GOVT_SEC,W,2016,2015,0,2016-03-04,INR,880167464000
RBI:AVG_TURNOVER_RN(1.0),N_A,TR_BILL_91_DAY,W,2016,2015,0,2016-03-04,INR,32382400000.000004
RBI:AVG_TURNOVER_RN(1.0),N_A,CORPO_REPO,W,2016,2015,0,2016-03-04,INR,400000000
RBI:AVG_TURNOVER_RN(1.0),N_A,GOVT_SEC_RBI,W,2016,2015,0,2016-02-26,INR,1080000000
RBI:AVG_TURNOVER_RN(1.0),N_A,TRI_REPO,W,2016,2015,0,2016-02-26,INR,1252616666666.6667
RBI:AVG_TURNOVER_RN(1.0),N_A,TR_BILL_364_DAY,W,2016,2015,0,2016-02-26,INR,14413430000
RBI:AVG_TURNOVER_RN(1.0),N_A,GOVT_SEC,W,2016,2015,0,2016-02-26,INR,646830880000.0001
RBI:AVG_TURNOVER_RN(1.0),N_A,MKT_REPO,W,2016,2015,0,2016-02-26,INR,1265580000000
RBI:AVG_TURNOVER_RN(1.0),N_A,NOTICE_MONEY,W,2016,2015,0,2016-02-26,INR,11226666666.666668
RBI:AVG_TURNOVER_RN(1.0),N_A,CORPO_REPO,W,2016,2015,0,2016-02-26,INR,1544000000
RBI:AVG_TURNOVER_RN(1.0),N_A,TERM_MONEY,W,2016,2015,0,2016-02-26,INR,6375000000
RBI:AVG_TURNOVER_RN(1.0),N_A,CALL_MONEY,W,2016,2015,0,2016-02-26,INR,284936666666.6667
RBI:AVG_TURNOVER_RN(1.0),N_A,TR_BILL_182_DAY,W,2016,2015,0,2016-02-26,INR,12025370000
RBI:AVG_TURNOVER_RN(1.0),N_A,FOREX,W,2016,2015,0,2016-02-26,INR,64116930800
RBI:AVG_TURNOVER_RN(1.0),N_A,TR_BILL_91_DAY,W,2016,2015,0,2016-02-26,INR,24642760000
RBI:AVG_TURNOVER_RN(1.0),N_A,STATE_GOVT_SEC,W,2016,2015,0,2016-02-26,INR,45871280000
RBI:AVG_TURNOVER_RN(1.0),N_A,CALL_MONEY,W,2016,2015,0,2016-02-19,INR,250135000000
RBI:AVG_TURNOVER_RN(1.0),N_A,NOTICE_MONEY,W,2016,2015,0,2016-02-19,INR,109833300000
RBI:AVG_TURNOVER_RN(1.0),N_A,FOREX,W,2016,2015,0,2016-02-19,INR,51503565250
RBI:AVG_TURNOVER_RN(1.0),N_A,MKT_REPO,W,2016,2015,0,2016-02-19,INR,1622977500000
RBI:AVG_TURNOVER_RN(1.0),N_A,TERM_MONEY,W,2016,2015,0,2016-02-19,INR,9107050000
RBI:AVG_TURNOVER_RN(1.0),N_A,TRI_REPO,W,2016,2015,0,2016-02-19,INR,1195564000000
RBI:AVG_TURNOVER_RN(1.0),N_A,CORPO_REPO,W,2016,2015,0,2016-02-19,INR,250000000
RBI:AVG_TURNOVER_RN(1.0),N_A,TR_BILL_364_DAY,W,2016,2015,0,2016-02-19,INR,12832062500
RBI:AVG_TURNOVER_RN(1.0),N_A,GOVT_SEC,W,2016,2015,0,2016-02-19,INR,494737140000.00006
RBI:AVG_TURNOVER_RN(1.0),N_A,TR_BILL_182_DAY,W,2016,2015,0,2016-02-19,INR,1790175000.0000002
RBI:AVG_TURNOVER_RN(1.0),N_A,GOVT_SEC_RBI,W,2016,2015,0,2016-02-19,INR,1490000000
RBI:AVG_TURNOVER_RN(1.0),N_A,TR_BILL_91_DAY,W,2016,2015,0,2016-02-19,INR,38378375000
RBI:AVG_TURNOVER_RN(1.0),N_A,STATE_GOVT_SEC,W,2016,2015,0,2016-02-19,INR,16003010000
RBI:AVG_TURNOVER_RN(1.0),N_A,GOVT_SEC_RBI,W,2016,2015,0,2016-02-12,INR,20110000000
RBI:AVG_TURNOVER_RN(1.0),N_A,STATE_GOVT_SEC,W,2016,2015,0,2016-02-12,INR,25863512000
RBI:AVG_TURNOVER_RN(1.0),N_A,TR_BILL_364_DAY,W,2016,2015,0,2016-02-12,INR,5530920000
RBI:AVG_TURNOVER_RN(1.0),N_A,NOTICE_MONEY,W,2016,2015,0,2016-02-12,INR,3222766666.666667
RBI:AVG_TURNOVER_RN(1.0),N_A,TR_BILL_91_DAY,W,2016,2015,0,2016-02-12,INR,43786070000
RBI:AVG_TURNOVER_RN(1.0),N_A,TRI_REPO,W,2016,2015,0,2016-02-12,INR,965751666666.6667
RBI:AVG_TURNOVER_RN(1.0),N_A,TR_BILL_182_DAY,W,2016,2015,0,2016-02-12,INR,4315930000
RBI:AVG_TURNOVER_RN(1.0),N_A,MKT_REPO,W,2016,2015,0,2016-02-12,INR,1426224600000
RBI:AVG_TURNOVER_RN(1.0),N_A,TERM_MONEY,W,2016,2015,0,2016-02-12,INR,5171033333.333334
RBI:AVG_TURNOVER_RN(1.0),N_A,GOVT_SEC,W,2016,2015,0,2016-02-12,INR,635048752000
RBI:AVG_TURNOVER_RN(1.0),N_A,CALL_MONEY,W,2016,2015,0,2016-02-12,INR,249814433333.3333
RBI:AVG_TURNOVER_RN(1.0),N_A,CORPO_REPO,W,2016,2015,0,2016-02-12,INR,744000000
RBI:AVG_TURNOVER_RN(1.0),N_A,FOREX,W,2016,2015,0,2016-02-12,INR,52172684800
RBI:AVG_TURNOVER_RN(1.0),N_A,NOTICE_MONEY,W,2016,2015,0,2016-02-05,INR,92019600000.00002
RBI:AVG_TURNOVER_RN(1.0),N_A,TR_BILL_182_DAY,W,2016,2015,0,2016-02-05,INR,15034130000
RBI:AVG_TURNOVER_RN(1.0),N_A,TRI_REPO,W,2016,2015,0,2016-02-05,INR,1030440833333.3333
RBI:AVG_TURNOVER_RN(1.0),N_A,TR_BILL_91_DAY,W,2016,2015,0,2016-02-05,INR,45368870000.00001
RBI:AVG_TURNOVER_RN(1.0),N_A,TERM_MONEY,W,2016,2015,0,2016-02-05,INR,7909666666.666667
RBI:AVG_TURNOVER_RN(1.0),N_A,MKT_REPO,W,2016,2015,0,2016-02-05,INR,1560967600000
RBI:AVG_TURNOVER_RN(1.0),N_A,STATE_GOVT_SEC,W,2016,2015,0,2016-02-05,INR,18561940000
RBI:AVG_TURNOVER_RN(1.0),N_A,TR_BILL_364_DAY,W,2016,2015,0,2016-02-05,INR,26179820000
RBI:AVG_TURNOVER_RN(1.0),N_A,CALL_MONEY,W,2016,2015,0,2016-02-05,INR,195266666666.6667
RBI:AVG_TURNOVER_RN(1.0),N_A,CORPO_REPO,W,2016,2015,0,2016-02-05,INR,400000000
RBI:AVG_TURNOVER_RN(1.0),N_A,GOVT_SEC,W,2016,2015,0,2016-02-05,INR,791339204000
RBI:AVG_TURNOVER_RN(1.0),N_A,GOVT_SEC_RBI,W,2016,2015,0,2016-02-05,INR,1890000000
RBI:AVG_TURNOVER_RN(1.0),N_A,FOREX,W,2016,2015,0,2016-02-05,INR,51645338400
RBI:AVG_TURNOVER_RN(1.0),N_A,STATE_GOVT_SEC,W,2016,2015,0,2016-01-29,INR,44176430000
RBI:AVG_TURNOVER_RN(1.0),N_A,TERM_MONEY,W,2016,2015,0,2016-01-29,INR,5223000000
RBI:AVG_TURNOVER_RN(1.0),N_A,TR_BILL_182_DAY,W,2016,2015,0,2016-01-29,INR,28123000000
RBI:AVG_TURNOVER_RN(1.0),N_A,GOVT_SEC_RBI,W,2016,2015,0,2016-01-29,INR,60000000
RBI:AVG_TURNOVER_RN(1.0),N_A,GOVT_SEC,W,2016,2015,0,2016-01-29,INR,660977400000.0001
RBI:AVG_TURNOVER_RN(1.0),N_A,MKT_REPO,W,2016,2015,0,2016-01-29,INR,1688020300000
RBI:AVG_TURNOVER_RN(1.0),N_A,CALL_MONEY,W,2016,2015,0,2016-01-29,INR,236233300000.00003
RBI:AVG_TURNOVER_RN(1.0),N_A,TR_BILL_91_DAY,W,2016,2015,0,2016-01-29,INR,35552025000
RBI:AVG_TURNOVER_RN(1.0),N_A,TR_BILL_364_DAY,W,2016,2015,0,2016-01-29,INR,10524000000
RBI:AVG_TURNOVER_RN(1.0),N_A,NOTICE_MONEY,W,2016,2015,0,2016-01-29,INR,84680000000
RBI:AVG_TURNOVER_RN(1.0),N_A,TRI_REPO,W,2016,2015,0,2016-01-29,INR,1223941000000
RBI:AVG_TURNOVER_RN(1.0),N_A,CORPO_REPO,W,2016,2015,0,2016-01-29,INR,930000000
RBI:AVG_TURNOVER_RN(1.0),N_A,FOREX,W,2016,2015,0,2016-01-29,INR,48933286500
RBI:AVG_TURNOVER_RN(1.0),N_A,GOVT_SEC_RBI,W,2016,2015,0,2016-01-22,INR,22270000000
RBI:AVG_TURNOVER_RN(1.0),N_A,CORPO_REPO,W,2016,2015,0,2016-01-22,INR,1880000000
RBI:AVG_TURNOVER_RN(1.0),N_A,MKT_REPO,W,2016,2015,0,2016-01-22,INR,1319947466666.6667
RBI:AVG_TURNOVER_RN(1.0),N_A,FOREX,W,2016,2015,0,2016-01-22,INR,48895851400
RBI:AVG_TURNOVER_RN(1.0),N_A,TRI_REPO,W,2016,2015,0,2016-01-22,INR,1030201833333.3334
RBI:AVG_TURNOVER_RN(1.0),N_A,TR_BILL_182_DAY,W,2016,2015,0,2016-01-22,INR,10749400000
RBI:AVG_TURNOVER_RN(1.0),N_A,CALL_MONEY,W,2016,2015,0,2016-01-22,INR,296346666666.6667
RBI:AVG_TURNOVER_RN(1.0),N_A,TERM_MONEY,W,2016,2015,0,2016-01-22,INR,7375666666.666666
RBI:AVG_TURNOVER_RN(1.0),N_A,TR_BILL_91_DAY,W,2016,2015,0,2016-01-22,INR,35905060000
RBI:AVG_TURNOVER_RN(1.0),N_A,NOTICE_MONEY,W,2016,2015,0,2016-01-22,INR,2966100000
RBI:AVG_TURNOVER_RN(1.0),N_A,TR_BILL_364_DAY,W,2016,2015,0,2016-01-22,INR,18254330000.000004
RBI:AVG_TURNOVER_RN(1.0),N_A,STATE_GOVT_SEC,W,2016,2015,0,2016-01-22,INR,19239912000
RBI:AVG_TURNOVER_RN(1.0),N_A,GOVT_SEC,W,2016,2015,0,2016-01-22,INR,779603328000
RBI:AVG_TURNOVER_RN(1.0),N_A,FOREX,W,2016,2015,0,2016-01-15,INR,52875871999.99999
RBI:AVG_TURNOVER_RN(1.0),N_A,CORPO_REPO,W,2016,2015,0,2016-01-15,INR,744000000
RBI:AVG_TURNOVER_RN(1.0),N_A,MKT_REPO,W,2016,2015,0,2016-01-15,INR,1530092080000.0002
RBI:AVG_TURNOVER_RN(1.0),N_A,GOVT_SEC,W,2016,2015,0,2016-01-15,INR,635310099999.9999
RBI:AVG_TURNOVER_RN(1.0),N_A,TR_BILL_91_DAY,W,2016,2015,0,2016-01-15,INR,41762209999.99999
RBI:AVG_TURNOVER_RN(1.0),N_A,NOTICE_MONEY,W,2016,2015,0,2016-01-15,INR,81468000000
RBI:AVG_TURNOVER_RN(1.0),N_A,TR_BILL_364_DAY,W,2016,2015,0,2016-01-15,INR,6968130000
RBI:AVG_TURNOVER_RN(1.0),N_A,TRI_REPO,W,2016,2015,0,2016-01-15,INR,1279785400000
RBI:AVG_TURNOVER_RN(1.0),N_A,STATE_GOVT_SEC,W,2016,2015,0,2016-01-15,INR,20507220000
RBI:AVG_TURNOVER_RN(1.0),N_A,CALL_MONEY,W,2016,2015,0,2016-01-15,INR,278921120000
RBI:AVG_TURNOVER_RN(1.0),N_A,TERM_MONEY,W,2016,2015,0,2016-01-15,INR,4396000000
RBI:AVG_TURNOVER_RN(1.0),N_A,GOVT_SEC_RBI,W,2016,2015,0,2016-01-15,INR,5880000000
RBI:AVG_TURNOVER_RN(1.0),N_A,TR_BILL_182_DAY,W,2016,2015,0,2016-01-15,INR,6604080000
RBI:AVG_TURNOVER_RN(1.0),N_A,NOTICE_MONEY,W,2016,2015,0,2016-01-08,INR,3966666666.666667
RBI:AVG_TURNOVER_RN(1.0),N_A,CALL_MONEY,W,2016,2015,0,2016-01-08,INR,366326666666.6666
RBI:AVG_TURNOVER_RN(1.0),N_A,TR_BILL_182_DAY,W,2016,2015,0,2016-01-08,INR,6445620000
RBI:AVG_TURNOVER_RN(1.0),N_A,TERM_MONEY,W,2016,2015,0,2016-01-08,INR,4493333333.333333
RBI:AVG_TURNOVER_RN(1.0),N_A,TR_BILL_364_DAY,W,2016,2015,0,2016-01-08,INR,13663240000
RBI:AVG_TURNOVER_RN(1.0),N_A,STATE_GOVT_SEC,W,2016,2015,0,2016-01-08,INR,22515443999.999996
RBI:AVG_TURNOVER_RN(1.0),N_A,TR_BILL_91_DAY,W,2016,2015,0,2016-01-08,INR,46585040000
RBI:AVG_TURNOVER_RN(1.0),N_A,FOREX,W,2016,2015,0,2016-01-08,INR,53163319999.99999
RBI:AVG_TURNOVER_RN(1.0),N_A,GOVT_SEC,W,2016,2015,0,2016-01-08,INR,731206144000
RBI:AVG_TURNOVER_RN(1.0),N_A,TRI_REPO,W,2016,2015,0,2016-01-08,INR,1176090000000
RBI:AVG_TURNOVER_RN(1.0),N_A,GOVT_SEC_RBI,W,2016,2015,0,2016-01-08,INR,4470000000.000001
RBI:AVG_TURNOVER_RN(1.0),N_A,MKT_REPO,W,2016,2015,0,2016-01-08,INR,1430980266666.6667
RBI:AVG_TURNOVER_RN(1.0),N_A,MKT_REPO,W,2016,2015,0,2016-01-01,INR,1351632000000
RBI:AVG_TURNOVER_RN(1.0),N_A,CORPO_REPO,W,2016,2015,0,2016-01-01,INR,2000000000
RBI:AVG_TURNOVER_RN(1.0),N_A,TR_BILL_91_DAY,W,2016,2015,0,2016-01-01,INR,71709500000
RBI:AVG_TURNOVER_RN(1.0),N_A,TERM_MONEY,W,2016,2015,0,2016-01-01,INR,6924000000
RBI:AVG_TURNOVER_RN(1.0),N_A,TR_BILL_182_DAY,W,2016,2015,0,2016-01-01,INR,16620790000.000002
RBI:AVG_TURNOVER_RN(1.0),N_A,GOVT_SEC_RBI,W,2016,2015,0,2016-01-01,INR,10970000000
RBI:AVG_TURNOVER_RN(1.0),N_A,NOTICE_MONEY,W,2016,2015,0,2016-01-01,INR,82896000000
RBI:AVG_TURNOVER_RN(1.0),N_A,TR_BILL_364_DAY,W,2016,2015,0,2016-01-01,INR,21964380000
RBI:AVG_TURNOVER_RN(1.0),N_A,STATE_GOVT_SEC,W,2016,2015,0,2016-01-01,INR,21966259999.999996
RBI:AVG_TURNOVER_RN(1.0),N_A,TRI_REPO,W,2016,2015,0,2016-01-01,INR,1471566800000
RBI:AVG_TURNOVER_RN(1.0),N_A,FOREX,W,2016,2015,0,2016-01-01,INR,50130188400
RBI:AVG_TURNOVER_RN(1.0),N_A,CALL_MONEY,W,2016,2015,0,2016-01-01,INR,272346159999.99997
RBI:AVG_TURNOVER_RN(1.0),N_A,GOVT_SEC,W,2016,2015,0,2016-01-01,INR,477556396000
RBI:AVG_TURNOVER_RN(1.0),N_A,STATE_GOVT_SEC,W,2016,2015,0,2015-12-25,INR,44949406666.666664
RBI:AVG_TURNOVER_RN(1.0),N_A,GOVT_SEC,W,2016,2015,0,2015-12-25,INR,741539606666.6666
RBI:AVG_TURNOVER_RN(1.0),N_A,TR_BILL_91_DAY,W,2016,2015,0,2015-12-25,INR,52065316666.666664
RBI:AVG_TURNOVER_RN(1.0),N_A,TR_BILL_182_DAY,W,2016,2015,0,2015-12-25,INR,17877150000
RBI:AVG_TURNOVER_RN(1.0),N_A,TERM_MONEY,W,2016,2015,0,2015-12-25,INR,5055000000
RBI:AVG_TURNOVER_RN(1.0),N_A,TR_BILL_364_DAY,W,2016,2015,0,2015-12-25,INR,4204116666.6666665
RBI:AVG_TURNOVER_RN(1.0),N_A,MKT_REPO,W,2016,2015,0,2015-12-25,INR,1101121300000
RBI:AVG_TURNOVER_RN(1.0),N_A,NOTICE_MONEY,W,2016,2015,0,2015-12-25,INR,8050000000
RBI:AVG_TURNOVER_RN(1.0),N_A,CORPO_REPO,W,2016,2015,0,2015-12-25,INR,1906666666.6666665
RBI:AVG_TURNOVER_RN(1.0),N_A,FOREX,W,2016,2015,0,2015-12-25,INR,48724101666.66666
RBI:AVG_TURNOVER_RN(1.0),N_A,TRI_REPO,W,2016,2015,0,2015-12-25,INR,1100555000000
RBI:AVG_TURNOVER_RN(1.0),N_A,GOVT_SEC_RBI,W,2016,2015,0,2015-12-25,INR,8020000000
RBI:AVG_TURNOVER_RN(1.0),N_A,CALL_MONEY,W,2016,2015,0,2015-12-25,INR,293395000000
RBI:AVG_TURNOVER_RN(1.0),N_A,TR_BILL_91_DAY,W,2016,2015,0,2015-12-18,INR,39604290000
RBI:AVG_TURNOVER_RN(1.0),N_A,NOTICE_MONEY,W,2016,2015,0,2015-12-18,INR,67197520000.00001
RBI:AVG_TURNOVER_RN(1.0),N_A,TERM_MONEY,W,2016,2015,0,2015-12-18,INR,5487200000
RBI:AVG_TURNOVER_RN(1.0),N_A,TR_BILL_182_DAY,W,2016,2015,0,2015-12-18,INR,12187920000
RBI:AVG_TURNOVER_RN(1.0),N_A,GOVT_SEC_RBI,W,2016,2015,0,2015-12-18,INR,7550000000
RBI:AVG_TURNOVER_RN(1.0),N_A,MKT_REPO,W,2016,2015,0,2015-12-18,INR,1240232000000
RBI:AVG_TURNOVER_RN(1.0),N_A,TRI_REPO,W,2016,2015,0,2015-12-18,INR,1354831600000
RBI:AVG_TURNOVER_RN(1.0),N_A,FOREX,W,2016,2015,0,2015-12-18,INR,46232593800
RBI:AVG_TURNOVER_RN(1.0),N_A,STATE_GOVT_SEC,W,2016,2015,0,2015-12-18,INR,31353964000
RBI:AVG_TURNOVER_RN(1.0),N_A,GOVT_SEC,W,2016,2015,0,2015-12-18,INR,715569752000
RBI:AVG_TURNOVER_RN(1.0),N_A,CALL_MONEY,W,2016,2015,0,2015-12-18,INR,240699640000
RBI:AVG_TURNOVER_RN(1.0),N_A,CORPO_REPO,W,2016,2015,0,2015-12-18,INR,400000000
RBI:AVG_TURNOVER_RN(1.0),N_A,TR_BILL_364_DAY,W,2016,2015,0,2015-12-18,INR,9366200000.000002
RBI:AVG_TURNOVER_RN(1.0),N_A,TR_BILL_364_DAY,W,2016,2015,0,2015-12-11,INR,10910120000.000002
RBI:AVG_TURNOVER_RN(1.0),N_A,TRI_REPO,W,2016,2015,0,2015-12-11,INR,1276319500000
RBI:AVG_TURNOVER_RN(1.0),N_A,NOTICE_MONEY,W,2016,2015,0,2015-12-11,INR,5596666666.666666
RBI:AVG_TURNOVER_RN(1.0),N_A,TR_BILL_182_DAY,W,2016,2015,0,2015-12-11,INR,10744299999.999998
RBI:AVG_TURNOVER_RN(1.0),N_A,TERM_MONEY,W,2016,2015,0,2015-12-11,INR,4327500000
RBI:AVG_TURNOVER_RN(1.0),N_A,CORPO_REPO,W,2016,2015,0,2015-12-11,INR,2288000000
RBI:AVG_TURNOVER_RN(1.0),N_A,MKT_REPO,W,2016,2015,0,2015-12-11,INR,1438171466666.6667
RBI:AVG_TURNOVER_RN(1.0),N_A,GOVT_SEC,W,2016,2015,0,2015-12-11,INR,582320484000.0001
RBI:AVG_TURNOVER_RN(1.0),N_A,CALL_MONEY,W,2016,2015,0,2015-12-11,INR,298390000000
RBI:AVG_TURNOVER_RN(1.0),N_A,STATE_GOVT_SEC,W,2016,2015,0,2015-12-11,INR,29991459999.999996
RBI:AVG_TURNOVER_RN(1.0),N_A,TR_BILL_91_DAY,W,2016,2015,0,2015-12-11,INR,43367720000
RBI:AVG_TURNOVER_RN(1.0),N_A,GOVT_SEC_RBI,W,2016,2015,0,2015-12-11,INR,22710000000
RBI:AVG_TURNOVER_RN(1.0),N_A,FOREX,W,2016,2015,0,2015-12-11,INR,47268710999.99999
RBI:AVG_TURNOVER_RN(1.0),N_A,NOTICE_MONEY,W,2016,2015,0,2015-12-04,INR,47601080000
RBI:AVG_TURNOVER_RN(1.0),N_A,GOVT_SEC,W,2016,2015,0,2015-12-04,INR,705042140000
RBI:AVG_TURNOVER_RN(1.0),N_A,GOVT_SEC_RBI,W,2016,2015,0,2015-12-04,INR,1430000000.0000002
RBI:AVG_TURNOVER_RN(1.0),N_A,TR_BILL_364_DAY,W,2016,2015,0,2015-12-04,INR,16037959999.999998
RBI:AVG_TURNOVER_RN(1.0),N_A,TR_BILL_91_DAY,W,2016,2015,0,2015-12-04,INR,54633910000.00001
RBI:AVG_TURNOVER_RN(1.0),N_A,TR_BILL_182_DAY,W,2016,2015,0,2015-12-04,INR,17257320000
RBI:AVG_TURNOVER_RN(1.0),N_A,STATE_GOVT_SEC,W,2016,2015,0,2015-12-04,INR,15335635999.999998
RBI:AVG_TURNOVER_RN(1.0),N_A,TRI_REPO,W,2016,2015,0,2015-12-04,INR,1567412000000
RBI:AVG_TURNOVER_RN(1.0),N_A,CALL_MONEY,W,2016,2015,0,2015-12-04,INR,243929320000
RBI:AVG_TURNOVER_RN(1.0),N_A,TERM_MONEY,W,2016,2015,0,2015-12-04,INR,4421200000
RBI:AVG_TURNOVER_RN(1.0),N_A,MKT_REPO,W,2016,2015,0,2015-12-04,INR,1445980000000
RBI:AVG_TURNOVER_RN(1.0),N_A,FOREX,W,2016,2015,0,2015-12-04,INR,51139494800
RBI:AVG_TURNOVER_RN(1.0),N_A,CORPO_REPO,W,2016,2015,0,2015-12-04,INR,4680000000
RBI:AVG_TURNOVER_RN(1.0),N_A,MKT_REPO,W,2016,2015,0,2015-11-27,INR,1266956320000.0002
RBI:AVG_TURNOVER_RN(1.0),N_A,GOVT_SEC_RBI,W,2016,2015,0,2015-11-27,INR,1950000000
RBI:AVG_TURNOVER_RN(1.0),N_A,STATE_GOVT_SEC,W,2016,2015,0,2015-11-27,INR,34197240000.000004
RBI:AVG_TURNOVER_RN(1.0),N_A,CALL_MONEY,W,2016,2015,0,2015-11-27,INR,252944000000
RBI:AVG_TURNOVER_RN(1.0),N_A,TRI_REPO,W,2016,2015,0,2015-11-27,INR,1103897000000
RBI:AVG_TURNOVER_RN(1.0),N_A,TR_BILL_364_DAY,W,2016,2015,0,2015-11-27,INR,22251587500
RBI:AVG_TURNOVER_RN(1.0),N_A,TR_BILL_182_DAY,W,2016,2015,0,2015-11-27,INR,2416000000
RBI:AVG_TURNOVER_RN(1.0),N_A,FOREX,W,2016,2015,0,2015-11-27,INR,55787777500
RBI:AVG_TURNOVER_RN(1.0),N_A,TR_BILL_91_DAY,W,2016,2015,0,2015-11-27,INR,54088987500
RBI:AVG_TURNOVER_RN(1.0),N_A,NOTICE_MONEY,W,2016,2015,0,2015-11-27,INR,11788319999.999998
RBI:AVG_TURNOVER_RN(1.0),N_A,CORPO_REPO,W,2016,2015,0,2015-11-27,INR,1370000000
RBI:AVG_TURNOVER_RN(1.0),N_A,GOVT_SEC,W,2016,2015,0,2015-11-27,INR,382876905000
RBI:AVG_TURNOVER_RN(1.0),N_A,TERM_MONEY,W,2016,2015,0,2015-11-27,INR,6555600000.000001
RBI:AVG_TURNOVER_RN(1.0),N_A,GOVT_SEC_RBI,W,2016,2015,0,2015-11-20,INR,1170000000
RBI:AVG_TURNOVER_RN(1.0),N_A,TRI_REPO,W,2016,2015,0,2015-11-20,INR,1442313200000
RBI:AVG_TURNOVER_RN(1.0),N_A,NOTICE_MONEY,W,2016,2015,0,2015-11-20,INR,57544160000
RBI:AVG_TURNOVER_RN(1.0),N_A,TR_BILL_182_DAY,W,2016,2015,0,2015-11-20,INR,6639649999.999999
RBI:AVG_TURNOVER_RN(1.0),N_A,TERM_MONEY,W,2016,2015,0,2015-11-20,INR,5927200000
RBI:AVG_TURNOVER_RN(1.0),N_A,FOREX,W,2016,2015,0,2015-11-20,INR,40806096399.99999
RBI:AVG_TURNOVER_RN(1.0),N_A,MKT_REPO,W,2016,2015,0,2015-11-20,INR,1165224000000
RBI:AVG_TURNOVER_RN(1.0),N_A,STATE_GOVT_SEC,W,2016,2015,0,2015-11-20,INR,18321416000
RBI:AVG_TURNOVER_RN(1.0),N_A,TR_BILL_364_DAY,W,2016,2015,0,2015-11-20,INR,8096220000.000001
RBI:AVG_TURNOVER_RN(1.0),N_A,CALL_MONEY,W,2016,2015,0,2015-11-20,INR,156784640000.00003
RBI:AVG_TURNOVER_RN(1.0),N_A,GOVT_SEC,W,2016,2015,0,2015-11-20,INR,330459652000
RBI:AVG_TURNOVER_RN(1.0),N_A,CORPO_REPO,W,2016,2015,0,2015-11-20,INR,872000000
RBI:AVG_TURNOVER_RN(1.0),N_A,TR_BILL_91_DAY,W,2016,2015,0,2015-11-20,INR,27131500000
RBI:AVG_TURNOVER_RN(1.0),N_A,TR_BILL_364_DAY,W,2016,2015,0,2015-11-13,INR,17843333333.333332
RBI:AVG_TURNOVER_RN(1.0),N_A,TRI_REPO,W,2016,2015,0,2015-11-13,INR,1005667500000
RBI:AVG_TURNOVER_RN(1.0),N_A,TR_BILL_91_DAY,W,2016,2015,0,2015-11-13,INR,50214700000
RBI:AVG_TURNOVER_RN(1.0),N_A,CALL_MONEY,W,2016,2015,0,2015-11-13,INR,248555000000
RBI:AVG_TURNOVER_RN(1.0),N_A,GOVT_SEC,W,2016,2015,0,2015-11-13,INR,652654920000
RBI:AVG_TURNOVER_RN(1.0),N_A,MKT_REPO,W,2016,2015,0,2015-11-13,INR,1153203800000
RBI:AVG_TURNOVER_RN(1.0),N_A,TERM_MONEY,W,2016,2015,0,2015-11-13,INR,1881750000
RBI:AVG_TURNOVER_RN(1.0),N_A,CORPO_REPO,W,2016,2015,0,2015-11-13,INR,2333333333.3333335
RBI:AVG_TURNOVER_RN(1.0),N_A,GOVT_SEC_RBI,W,2016,2015,0,2015-11-13,INR,450000000
RBI:AVG_TURNOVER_RN(1.0),N_A,FOREX,W,2016,2015,0,2015-11-13,INR,44078632000.00001
RBI:AVG_TURNOVER_RN(1.0),N_A,STATE_GOVT_SEC,W,2016,2015,0,2015-11-13,INR,51499026666.666664
RBI:AVG_TURNOVER_RN(1.0),N_A,NOTICE_MONEY,W,2016,2015,0,2015-11-13,INR,10980550000
RBI:AVG_TURNOVER_RN(1.0),N_A,TR_BILL_182_DAY,W,2016,2015,0,2015-11-13,INR,3466666666.666667
RBI:AVG_TURNOVER_RN(1.0),N_A,GOVT_SEC_RBI,W,2016,2015,0,2015-11-06,INR,3110000000.0000005
RBI:AVG_TURNOVER_RN(1.0),N_A,CALL_MONEY,W,2016,2015,0,2015-11-06,INR,170456666666.6667
RBI:AVG_TURNOVER_RN(1.0),N_A,NOTICE_MONEY,W,2016,2015,0,2015-11-06,INR,43053333333.33333
RBI:AVG_TURNOVER_RN(1.0),N_A,GOVT_SEC,W,2016,2015,0,2015-11-06,INR,572540040000
RBI:AVG_TURNOVER_RN(1.0),N_A,FOREX,W,2016,2015,0,2015-11-06,INR,47359346600.00001
RBI:AVG_TURNOVER_RN(1.0),N_A,STATE_GOVT_SEC,W,2016,2015,0,2015-11-06,INR,14129884000
RBI:AVG_TURNOVER_RN(1.0),N_A,CORPO_REPO,W,2016,2015,0,2015-11-06,INR,5880000000
RBI:AVG_TURNOVER_RN(1.0),N_A,MKT_REPO,W,2016,2015,0,2015-11-06,INR,1099400666666.6666
RBI:AVG_TURNOVER_RN(1.0),N_A,TR_BILL_91_DAY,W,2016,2015,0,2015-11-06,INR,49270650000.00001
RBI:AVG_TURNOVER_RN(1.0),N_A,TR_BILL_182_DAY,W,2016,2015,0,2015-11-06,INR,3543760000.0000005
RBI:AVG_TURNOVER_RN(1.0),N_A,TRI_REPO,W,2016,2015,0,2015-11-06,INR,1214030000000
RBI:AVG_TURNOVER_RN(1.0),N_A,TR_BILL_364_DAY,W,2016,2015,0,2015-11-06,INR,15655860000
RBI:AVG_TURNOVER_RN(1.0),N_A,TERM_MONEY,W,2016,2015,0,2015-11-06,INR,5266166666.666667
RBI:AVG_TURNOVER_RN(1.0),N_A,TRI_REPO,W,2016,2015,0,2015-10-30,INR,1265551800000
RBI:AVG_TURNOVER_RN(1.0),N_A,TR_BILL_91_DAY,W,2016,2015,0,2015-10-30,INR,34086390000
RBI:AVG_TURNOVER_RN(1.0),N_A,CORPO_REPO,W,2016,2015,0,2015-10-30,INR,1152000000
RBI:AVG_TURNOVER_RN(1.0),N_A,CALL_MONEY,W,2016,2015,0,2015-10-30,INR,202943440000
RBI:AVG_TURNOVER_RN(1.0),N_A,GOVT_SEC,W,2016,2015,0,2015-10-30,INR,477992500000
RBI:AVG_TURNOVER_RN(1.0),N_A,FOREX,W,2016,2015,0,2015-10-30,INR,54055208400.00001
RBI:AVG_TURNOVER_RN(1.0),N_A,MKT_REPO,W,2016,2015,0,2015-10-30,INR,1460257280000
RBI:AVG_TURNOVER_RN(1.0),N_A,TR_BILL_364_DAY,W,2016,2015,0,2015-10-30,INR,16925040000.000002
RBI:AVG_TURNOVER_RN(1.0),N_A,TERM_MONEY,W,2016,2015,0,2015-10-30,INR,3120400000
RBI:AVG_TURNOVER_RN(1.0),N_A,STATE_GOVT_SEC,W,2016,2015,0,2015-10-30,INR,22555436000
RBI:AVG_TURNOVER_RN(1.0),N_A,TR_BILL_182_DAY,W,2016,2015,0,2015-10-30,INR,11492790000
RBI:AVG_TURNOVER_RN(1.0),N_A,NOTICE_MONEY,W,2016,2015,0,2015-10-30,INR,114955920000
RBI:AVG_TURNOVER_RN(1.0),N_A,GOVT_SEC_RBI,W,2016,2015,0,2015-10-30,INR,30000000
RBI:AVG_TURNOVER_RN(1.0),N_A,TR_BILL_364_DAY,W,2016,2015,0,2015-10-23,INR,8876250000
RBI:AVG_TURNOVER_RN(1.0),N_A,STATE_GOVT_SEC,W,2016,2015,0,2015-10-23,INR,25329145000
RBI:AVG_TURNOVER_RN(1.0),N_A,TRI_REPO,W,2016,2015,0,2015-10-23,INR,1180016000000
RBI:AVG_TURNOVER_RN(1.0),N_A,TR_BILL_182_DAY,W,2016,2015,0,2015-10-23,INR,8717937500
RBI:AVG_TURNOVER_RN(1.0),N_A,MKT_REPO,W,2016,2015,0,2015-10-23,INR,1080252320000
RBI:AVG_TURNOVER_RN(1.0),N_A,TERM_MONEY,W,2016,2015,0,2015-10-23,INR,5856000000
RBI:AVG_TURNOVER_RN(1.0),N_A,TR_BILL_91_DAY,W,2016,2015,0,2015-10-23,INR,24963900000
RBI:AVG_TURNOVER_RN(1.0),N_A,GOVT_SEC_RBI,W,2016,2015,0,2015-10-23,INR,1210000000
RBI:AVG_TURNOVER_RN(1.0),N_A,CALL_MONEY,W,2016,2015,0,2015-10-23,INR,186928000000
RBI:AVG_TURNOVER_RN(1.0),N_A,GOVT_SEC,W,2016,2015,0,2015-10-23,INR,636682535000
RBI:AVG_TURNOVER_RN(1.0),N_A,CORPO_REPO,W,2016,2015,0,2015-10-23,INR,8370000000
RBI:AVG_TURNOVER_RN(1.0),N_A,NOTICE_MONEY,W,2016,2015,0,2015-10-23,INR,10064000000
RBI:AVG_TURNOVER_RN(1.0),N_A,FOREX,W,2016,2015,0,2015-10-23,INR,46302402250
RBI:AVG_TURNOVER_RN(1.0),N_A,GOVT_SEC_RBI,W,2016,2015,0,2015-10-16,INR,2639999999.9999995
RBI:AVG_TURNOVER_RN(1.0),N_A,FOREX,W,2016,2015,0,2015-10-16,INR,46097362000
RBI:AVG_TURNOVER_RN(1.0),N_A,CALL_MONEY,W,2016,2015,0,2015-10-16,INR,227503920000
RBI:AVG_TURNOVER_RN(1.0),N_A,GOVT_SEC,W,2016,2015,0,2015-10-16,INR,1038935424000
RBI:AVG_TURNOVER_RN(1.0),N_A,STATE_GOVT_SEC,W,2016,2015,0,2015-10-16,INR,56000948000
RBI:AVG_TURNOVER_RN(1.0),N_A,TERM_MONEY,W,2016,2015,0,2015-10-16,INR,5051800000
RBI:AVG_TURNOVER_RN(1.0),N_A,TRI_REPO,W,2016,2015,0,2015-10-16,INR,1336326600000
RBI:AVG_TURNOVER_RN(1.0),N_A,NOTICE_MONEY,W,2016,2015,0,2015-10-16,INR,83795560000
RBI:AVG_TURNOVER_RN(1.0),N_A,TR_BILL_182_DAY,W,2016,2015,0,2015-10-16,INR,7361960000
RBI:AVG_TURNOVER_RN(1.0),N_A,TR_BILL_364_DAY,W,2016,2015,0,2015-10-16,INR,25022220000.000004
RBI:AVG_TURNOVER_RN(1.0),N_A,TR_BILL_91_DAY,W,2016,2015,0,2015-10-16,INR,25462320000
RBI:AVG_TURNOVER_RN(1.0),N_A,CORPO_REPO,W,2016,2015,0,2015-10-16,INR,5680000000
RBI:AVG_TURNOVER_RN(1.0),N_A,MKT_REPO,W,2016,2015,0,2015-10-16,INR,1654056240000
RBI:AVG_TURNOVER_RN(1.0),N_A,GOVT_SEC_RBI,W,2016,2015,0,2015-10-09,INR,6570000000
RBI:AVG_TURNOVER_RN(1.0),N_A,TR_BILL_364_DAY,W,2016,2015,0,2015-10-09,INR,23379090000
RBI:AVG_TURNOVER_RN(1.0),N_A,STATE_GOVT_SEC,W,2016,2015,0,2015-10-09,INR,41481324000.00001
RBI:AVG_TURNOVER_RN(1.0),N_A,TR_BILL_182_DAY,W,2016,2015,0,2015-10-09,INR,25032850000
RBI:AVG_TURNOVER_RN(1.0),N_A,MKT_REPO,W,2016,2015,0,2015-10-09,INR,1276551133333.3335
RBI:AVG_TURNOVER_RN(1.0),N_A,GOVT_SEC,W,2016,2015,0,2015-10-09,INR,959606152000
RBI:AVG_TURNOVER_RN(1.0),N_A,FOREX,W,2016,2015,0,2015-10-09,INR,57615517800
RBI:AVG_TURNOVER_RN(1.0),N_A,CALL_MONEY,W,2016,2015,0,2015-10-09,INR,228083333333.3333
RBI:AVG_TURNOVER_RN(1.0),N_A,NOTICE_MONEY,W,2016,2015,0,2015-10-09,INR,6969966666.666666
RBI:AVG_TURNOVER_RN(1.0),N_A,TRI_REPO,W,2016,2015,0,2015-10-09,INR,1321109000000
RBI:AVG_TURNOVER_RN(1.0),N_A,TR_BILL_91_DAY,W,2016,2015,0,2015-10-09,INR,61046520000
RBI:AVG_TURNOVER_RN(1.0),N_A,TERM_MONEY,W,2016,2015,0,2015-10-09,INR,3769333333.3333335
RBI:AVG_TURNOVER_RN(1.0),N_A,TR_BILL_182_DAY,W,2016,2015,0,2015-10-02,INR,11063975000
RBI:AVG_TURNOVER_RN(1.0),N_A,NOTICE_MONEY,W,2016,2015,0,2015-10-02,INR,102320000000
RBI:AVG_TURNOVER_RN(1.0),N_A,FOREX,W,2016,2015,0,2015-10-02,INR,70153874750
RBI:AVG_TURNOVER_RN(1.0),N_A,GOVT_SEC,W,2016,2015,0,2015-10-02,INR,1218528770000
RBI:AVG_TURNOVER_RN(1.0),N_A,CORPO_REPO,W,2016,2015,0,2015-10-02,INR,1000000000
RBI:AVG_TURNOVER_RN(1.0),N_A,TRI_REPO,W,2016,2015,0,2015-10-02,INR,1513496750000
RBI:AVG_TURNOVER_RN(1.0),N_A,TR_BILL_364_DAY,W,2016,2015,0,2015-10-02,INR,35160437500
RBI:AVG_TURNOVER_RN(1.0),N_A,MKT_REPO,W,2016,2015,0,2015-10-02,INR,1659738200000
RBI:AVG_TURNOVER_RN(1.0),N_A,TR_BILL_91_DAY,W,2016,2015,0,2015-10-02,INR,50613149999.99999
RBI:AVG_TURNOVER_RN(1.0),N_A,STATE_GOVT_SEC,W,2016,2015,0,2015-10-02,INR,46216905000
RBI:AVG_TURNOVER_RN(1.0),N_A,TERM_MONEY,W,2016,2015,0,2015-10-02,INR,6300000000
RBI:AVG_TURNOVER_RN(1.0),N_A,CALL_MONEY,W,2016,2015,0,2015-10-02,INR,284925000000
RBI:AVG_TURNOVER_RN(1.0),N_A,GOVT_SEC_RBI,W,2016,2015,0,2015-10-02,INR,3500000000
RBI:AVG_TURNOVER_RN(1.0),N_A,MKT_REPO,W,2016,2015,0,2015-09-25,INR,992898160000.0001
RBI:AVG_TURNOVER_RN(1.0),N_A,CALL_MONEY,W,2016,2015,0,2015-09-25,INR,208285079999.99997
RBI:AVG_TURNOVER_RN(1.0),N_A,GOVT_SEC_RBI,W,2016,2015,0,2015-09-25,INR,0.0
RBI:AVG_TURNOVER_RN(1.0),N_A,TR_BILL_91_DAY,W,2016,2015,0,2015-09-25,INR,34101574999.999996
RBI:AVG_TURNOVER_RN(1.0),N_A,TERM_MONEY,W,2016,2015,0,2015-09-25,INR,3131599999.9999995
RBI:AVG_TURNOVER_RN(1.0),N_A,TR_BILL_364_DAY,W,2016,2015,0,2015-09-25,INR,15700787499.999998
RBI:AVG_TURNOVER_RN(1.0),N_A,TRI_REPO,W,2016,2015,0,2015-09-25,INR,1508181200000
RBI:AVG_TURNOVER_RN(1.0),N_A,GOVT_SEC,W,2016,2015,0,2015-09-25,INR,714046885000
RBI:AVG_TURNOVER_RN(1.0),N_A,STATE_GOVT_SEC,W,2016,2015,0,2015-09-25,INR,41281800000
RBI:AVG_TURNOVER_RN(1.0),N_A,FOREX,W,2016,2015,0,2015-09-25,INR,52253843500
RBI:AVG_TURNOVER_RN(1.0),N_A,NOTICE_MONEY,W,2016,2015,0,2015-09-25,INR,2851960000.0000005
RBI:AVG_TURNOVER_RN(1.0),N_A,TR_BILL_182_DAY,W,2016,2015,0,2015-09-25,INR,8748537500
RBI:AVG_TURNOVER_RN(1.0),N_A,FOREX,W,2016,2015,0,2015-09-18,INR,54185293250
RBI:AVG_TURNOVER_RN(1.0),N_A,TR_BILL_91_DAY,W,2016,2015,0,2015-09-18,INR,39957162500
RBI:AVG_TURNOVER_RN(1.0),N_A,STATE_GOVT_SEC,W,2016,2015,0,2015-09-18,INR,24457220000
RBI:AVG_TURNOVER_RN(1.0),N_A,TR_BILL_364_DAY,W,2016,2015,0,2015-09-18,INR,11115200000
RBI:AVG_TURNOVER_RN(1.0),N_A,TERM_MONEY,W,2016,2015,0,2015-09-18,INR,3717500000
RBI:AVG_TURNOVER_RN(1.0),N_A,GOVT_SEC,W,2016,2015,0,2015-09-18,INR,497764955000
RBI:AVG_TURNOVER_RN(1.0),N_A,MKT_REPO,W,2016,2015,0,2015-09-18,INR,1591680700000
RBI:AVG_TURNOVER_RN(1.0),N_A,GOVT_SEC_RBI,W,2016,2015,0,2015-09-18,INR,0.0
RBI:AVG_TURNOVER_RN(1.0),N_A,TRI_REPO,W,2016,2015,0,2015-09-18,INR,1455099500000
RBI:AVG_TURNOVER_RN(1.0),N_A,TR_BILL_182_DAY,W,2016,2015,0,2015-09-18,INR,9372362500
RBI:AVG_TURNOVER_RN(1.0),N_A,NOTICE_MONEY,W,2016,2015,0,2015-09-18,INR,113611299999.99998
RBI:AVG_TURNOVER_RN(1.0),N_A,CORPO_REPO,W,2016,2015,0,2015-09-18,INR,1000000000
RBI:AVG_TURNOVER_RN(1.0),N_A,CALL_MONEY,W,2016,2015,0,2015-09-18,INR,250550000000
RBI:AVG_TURNOVER_RN(1.0),N_A,TRI_REPO,W,2016,2015,0,2015-09-11,INR,1400865166666.6667
RBI:AVG_TURNOVER_RN(1.0),N_A,CORPO_REPO,W,2016,2015,0,2015-09-11,INR,760000000
RBI:AVG_TURNOVER_RN(1.0),N_A,TERM_MONEY,W,2016,2015,0,2015-09-11,INR,2683333333.333333
RBI:AVG_TURNOVER_RN(1.0),N_A,TR_BILL_182_DAY,W,2016,2015,0,2015-09-11,INR,4440280000
RBI:AVG_TURNOVER_RN(1.0),N_A,GOVT_SEC,W,2016,2015,0,2015-09-11,INR,449097719999.99994
RBI:AVG_TURNOVER_RN(1.0),N_A,MKT_REPO,W,2016,2015,0,2015-09-11,INR,992509333333.3334
RBI:AVG_TURNOVER_RN(1.0),N_A,CALL_MONEY,W,2016,2015,0,2015-09-11,INR,259066166666.6667
RBI:AVG_TURNOVER_RN(1.0),N_A,GOVT_SEC_RBI,W,2016,2015,0,2015-09-11,INR,4110000000.0000005
RBI:AVG_TURNOVER_RN(1.0),N_A,FOREX,W,2016,2015,0,2015-09-11,INR,49658795400
RBI:AVG_TURNOVER_RN(1.0),N_A,NOTICE_MONEY,W,2016,2015,0,2015-09-11,INR,1936666666.6666665
RBI:AVG_TURNOVER_RN(1.0),N_A,TR_BILL_91_DAY,W,2016,2015,0,2015-09-11,INR,46331740000
RBI:AVG_TURNOVER_RN(1.0),N_A,TR_BILL_364_DAY,W,2016,2015,0,2015-09-11,INR,10436280000.000002
RBI:AVG_TURNOVER_RN(1.0),N_A,STATE_GOVT_SEC,W,2016,2015,0,2015-09-11,INR,25288455999.999996
RBI:AVG_TURNOVER_RN(1.0),N_A,FOREX,W,2016,2015,0,2015-09-04,INR,54789808600.00001
RBI:AVG_TURNOVER_RN(1.0),N_A,TR_BILL_91_DAY,W,2016,2015,0,2015-09-04,INR,51854550000
RBI:AVG_TURNOVER_RN(1.0),N_A,MKT_REPO,W,2016,2015,0,2015-09-04,INR,1199846666666.6667
RBI:AVG_TURNOVER_RN(1.0),N_A,GOVT_SEC,W,2016,2015,0,2015-09-04,INR,758402544000
RBI:AVG_TURNOVER_RN(1.0),N_A,TERM_MONEY,W,2016,2015,0,2015-09-04,INR,4266666666.666667
RBI:AVG_TURNOVER_RN(1.0),N_A,NOTICE_MONEY,W,2016,2015,0,2015-09-04,INR,83473333333.33334
RBI:AVG_TURNOVER_RN(1.0),N_A,TRI_REPO,W,2016,2015,0,2015-09-04,INR,1244153333333.3333
RBI:AVG_TURNOVER_RN(1.0),N_A,CALL_MONEY,W,2016,2015,0,2015-09-04,INR,204466666666.6667
RBI:AVG_TURNOVER_RN(1.0),N_A,TR_BILL_182_DAY,W,2016,2015,0,2015-09-04,INR,10348980000
RBI:AVG_TURNOVER_RN(1.0),N_A,CORPO_REPO,W,2016,2015,0,2015-09-04,INR,400000000
RBI:AVG_TURNOVER_RN(1.0),N_A,GOVT_SEC_RBI,W,2016,2015,0,2015-09-04,INR,8990000000
RBI:AVG_TURNOVER_RN(1.0),N_A,STATE_GOVT_SEC,W,2016,2015,0,2015-09-04,INR,20395996000
RBI:AVG_TURNOVER_RN(1.0),N_A,TR_BILL_364_DAY,W,2016,2015,0,2015-09-04,INR,17000290000
RBI:AVG_TURNOVER_RN(1.0),N_A,CALL_MONEY,W,2016,2015,0,2015-08-28,INR,157713333333.33334
RBI:AVG_TURNOVER_RN(1.0),N_A,GOVT_SEC_RBI,W,2016,2015,0,2015-08-28,INR,3820000000
RBI:AVG_TURNOVER_RN(1.0),N_A,FOREX,W,2016,2015,0,2015-08-28,INR,68529724800
RBI:AVG_TURNOVER_RN(1.0),N_A,TR_BILL_364_DAY,W,2016,2015,0,2015-08-28,INR,14157910000
RBI:AVG_TURNOVER_RN(1.0),N_A,TERM_MONEY,W,2016,2015,0,2015-08-28,INR,4215666666.6666665
RBI:AVG_TURNOVER_RN(1.0),N_A,CORPO_REPO,W,2016,2015,0,2015-08-28,INR,400000000
RBI:AVG_TURNOVER_RN(1.0),N_A,STATE_GOVT_SEC,W,2016,2015,0,2015-08-28,INR,31025240000.000004
RBI:AVG_TURNOVER_RN(1.0),N_A,GOVT_SEC,W,2016,2015,0,2015-08-28,INR,849619252000
RBI:AVG_TURNOVER_RN(1.0),N_A,MKT_REPO,W,2016,2015,0,2015-08-28,INR,971760066666.6666
RBI:AVG_TURNOVER_RN(1.0),N_A,TR_BILL_182_DAY,W,2016,2015,0,2015-08-28,INR,17205840000
RBI:AVG_TURNOVER_RN(1.0),N_A,NOTICE_MONEY,W,2016,2015,0,2015-08-28,INR,35535833333.333336
RBI:AVG_TURNOVER_RN(1.0),N_A,TR_BILL_91_DAY,W,2016,2015,0,2015-08-28,INR,41619790000
RBI:AVG_TURNOVER_RN(1.0),N_A,TRI_REPO,W,2016,2015,0,2015-08-28,INR,1479799166666.6665
RBI:AVG_TURNOVER_RN(1.0),N_A,STATE_GOVT_SEC,W,2016,2015,0,2015-08-21,INR,35495000000
RBI:AVG_TURNOVER_RN(1.0),N_A,TR_BILL_91_DAY,W,2016,2015,0,2015-08-21,INR,46450225000
RBI:AVG_TURNOVER_RN(1.0),N_A,CALL_MONEY,W,2016,2015,0,2015-08-21,INR,180340000000
RBI:AVG_TURNOVER_RN(1.0),N_A,TR_BILL_182_DAY,W,2016,2015,0,2015-08-21,INR,6880150000
RBI:AVG_TURNOVER_RN(1.0),N_A,GOVT_SEC_RBI,W,2016,2015,0,2015-08-21,INR,5840000000
RBI:AVG_TURNOVER_RN(1.0),N_A,GOVT_SEC,W,2016,2015,0,2015-08-21,INR,736360070000
RBI:AVG_TURNOVER_RN(1.0),N_A,TRI_REPO,W,2016,2015,0,2015-08-21,INR,1428480000000
RBI:AVG_TURNOVER_RN(1.0),N_A,MKT_REPO,W,2016,2015,0,2015-08-21,INR,1459384100000
RBI:AVG_TURNOVER_RN(1.0),N_A,TERM_MONEY,W,2016,2015,0,2015-08-21,INR,4535000000
RBI:AVG_TURNOVER_RN(1.0),N_A,TR_BILL_364_DAY,W,2016,2015,0,2015-08-21,INR,10458312500
RBI:AVG_TURNOVER_RN(1.0),N_A,CORPO_REPO,W,2016,2015,0,2015-08-21,INR,1000000000
RBI:AVG_TURNOVER_RN(1.0),N_A,FOREX,W,2016,2015,0,2015-08-21,INR,50834591750
RBI:AVG_TURNOVER_RN(1.0),N_A,NOTICE_MONEY,W,2016,2015,0,2015-08-21,INR,112835000000
RBI:AVG_TURNOVER_RN(1.0),N_A,TR_BILL_364_DAY,W,2016,2015,0,2015-08-14,INR,18221770000
RBI:AVG_TURNOVER_RN(1.0),N_A,TR_BILL_91_DAY,W,2016,2015,0,2015-08-14,INR,45594150000
RBI:AVG_TURNOVER_RN(1.0),N_A,FOREX,W,2016,2015,0,2015-08-14,INR,48167168000
RBI:AVG_TURNOVER_RN(1.0),N_A,STATE_GOVT_SEC,W,2016,2015,0,2015-08-14,INR,24967583999.999996
RBI:AVG_TURNOVER_RN(1.0),N_A,MKT_REPO,W,2016,2015,0,2015-08-14,INR,915305000000
RBI:AVG_TURNOVER_RN(1.0),N_A,CORPO_REPO,W,2016,2015,0,2015-08-14,INR,5300000000
RBI:AVG_TURNOVER_RN(1.0),N_A,CALL_MONEY,W,2016,2015,0,2015-08-14,INR,204097166666.66666
RBI:AVG_TURNOVER_RN(1.0),N_A,TERM_MONEY,W,2016,2015,0,2015-08-14,INR,4446966666.666667
RBI:AVG_TURNOVER_RN(1.0),N_A,TR_BILL_182_DAY,W,2016,2015,0,2015-08-14,INR,13816579999.999998
RBI:AVG_TURNOVER_RN(1.0),N_A,GOVT_SEC_RBI,W,2016,2015,0,2015-08-14,INR,5520000000
RBI:AVG_TURNOVER_RN(1.0),N_A,TRI_REPO,W,2016,2015,0,2015-08-14,INR,1354726833333.3333
RBI:AVG_TURNOVER_RN(1.0),N_A,GOVT_SEC,W,2016,2015,0,2015-08-14,INR,683913003999.9999
RBI:AVG_TURNOVER_RN(1.0),N_A,NOTICE_MONEY,W,2016,2015,0,2015-08-14,INR,3568966666.666667
RBI:AVG_TURNOVER_RN(1.0),N_A,CORPO_REPO,W,2016,2015,0,2015-08-07,INR,400000000
RBI:AVG_TURNOVER_RN(1.0),N_A,GOVT_SEC_RBI,W,2016,2015,0,2015-08-07,INR,4670000000
RBI:AVG_TURNOVER_RN(1.0),N_A,TERM_MONEY,W,2016,2015,0,2015-08-07,INR,4001833333.3333335
RBI:AVG_TURNOVER_RN(1.0),N_A,NOTICE_MONEY,W,2016,2015,0,2015-08-07,INR,84402600000
RBI:AVG_TURNOVER_RN(1.0),N_A,MKT_REPO,W,2016,2015,0,2015-08-07,INR,1081238933333.3333
RBI:AVG_TURNOVER_RN(1.0),N_A,CALL_MONEY,W,2016,2015,0,2015-08-07,INR,154438966666.6667
RBI:AVG_TURNOVER_RN(1.0),N_A,TRI_REPO,W,2016,2015,0,2015-08-07,INR,1322696500000
RBI:AVG_TURNOVER_RN(1.0),N_A,TR_BILL_364_DAY,W,2016,2015,0,2015-08-07,INR,26247290000.000004
RBI:AVG_TURNOVER_RN(1.0),N_A,GOVT_SEC,W,2016,2015,0,2015-08-07,INR,619227623999.9999
RBI:AVG_TURNOVER_RN(1.0),N_A,STATE_GOVT_SEC,W,2016,2015,0,2015-08-07,INR,22854308000
RBI:AVG_TURNOVER_RN(1.0),N_A,FOREX,W,2016,2015,0,2015-08-07,INR,47786365000.00001
RBI:AVG_TURNOVER_RN(1.0),N_A,TR_BILL_182_DAY,W,2016,2015,0,2015-08-07,INR,4732890000
RBI:AVG_TURNOVER_RN(1.0),N_A,TR_BILL_91_DAY,W,2016,2015,0,2015-08-07,INR,28936340000
RBI:AVG_TURNOVER_RN(1.0),N_A,MKT_REPO,W,2016,2015,0,2015-07-31,INR,955581799999.9999
RBI:AVG_TURNOVER_RN(1.0),N_A,GOVT_SEC,W,2016,2015,0,2015-07-31,INR,602222920000
RBI:AVG_TURNOVER_RN(1.0),N_A,CALL_MONEY,W,2016,2015,0,2015-07-31,INR,148854000000
RBI:AVG_TURNOVER_RN(1.0),N_A,TRI_REPO,W,2016,2015,0,2015-07-31,INR,1387085500000.0002
RBI:AVG_TURNOVER_RN(1.0),N_A,STATE_GOVT_SEC,W,2016,2015,0,2015-07-31,INR,36701612000
RBI:AVG_TURNOVER_RN(1.0),N_A,TR_BILL_364_DAY,W,2016,2015,0,2015-07-31,INR,19890420000
RBI:AVG_TURNOVER_RN(1.0),N_A,TERM_MONEY,W,2016,2015,0,2015-07-31,INR,2155666666.666667
RBI:AVG_TURNOVER_RN(1.0),N_A,NOTICE_MONEY,W,2016,2015,0,2015-07-31,INR,36451900000
RBI:AVG_TURNOVER_RN(1.0),N_A,TR_BILL_182_DAY,W,2016,2015,0,2015-07-31,INR,8176350000
RBI:AVG_TURNOVER_RN(1.0),N_A,GOVT_SEC_RBI,W,2016,2015,0,2015-07-31,INR,6220000000.000001
RBI:AVG_TURNOVER_RN(1.0),N_A,CORPO_REPO,W,2016,2015,0,2015-07-31,INR,1200000000
RBI:AVG_TURNOVER_RN(1.0),N_A,FOREX,W,2016,2015,0,2015-07-31,INR,57532452000
RBI:AVG_TURNOVER_RN(1.0),N_A,TR_BILL_91_DAY,W,2016,2015,0,2015-07-31,INR,43054309999.99999
RBI:AVG_TURNOVER_RN(1.0),N_A,STATE_GOVT_SEC,W,2016,2015,0,2015-07-24,INR,16983232000
RBI:AVG_TURNOVER_RN(1.0),N_A,CORPO_REPO,W,2016,2015,0,2015-07-24,INR,400000000
RBI:AVG_TURNOVER_RN(1.0),N_A,TRI_REPO,W,2016,2015,0,2015-07-24,INR,1406371800000
RBI:AVG_TURNOVER_RN(1.0),N_A,GOVT_SEC_RBI,W,2016,2015,0,2015-07-24,INR,2770000000
RBI:AVG_TURNOVER_RN(1.0),N_A,NOTICE_MONEY,W,2016,2015,0,2015-07-24,INR,79553280000
RBI:AVG_TURNOVER_RN(1.0),N_A,TR_BILL_364_DAY,W,2016,2015,0,2015-07-24,INR,18849790000
RBI:AVG_TURNOVER_RN(1.0),N_A,FOREX,W,2016,2015,0,2015-07-24,INR,48094201600
RBI:AVG_TURNOVER_RN(1.0),N_A,CALL_MONEY,W,2016,2015,0,2015-07-24,INR,183691480000
RBI:AVG_TURNOVER_RN(1.0),N_A,TERM_MONEY,W,2016,2015,0,2015-07-24,INR,4882399999.999999
RBI:AVG_TURNOVER_RN(1.0),N_A,GOVT_SEC,W,2016,2015,0,2015-07-24,INR,521672276000
RBI:AVG_TURNOVER_RN(1.0),N_A,TR_BILL_182_DAY,W,2016,2015,0,2015-07-24,INR,8028670000
RBI:AVG_TURNOVER_RN(1.0),N_A,MKT_REPO,W,2016,2015,0,2015-07-24,INR,1373737040000
RBI:AVG_TURNOVER_RN(1.0),N_A,TR_BILL_91_DAY,W,2016,2015,0,2015-07-24,INR,47026390000
RBI:AVG_TURNOVER_RN(1.0),N_A,TERM_MONEY,W,2016,2015,0,2015-07-17,INR,5558833333.333333
RBI:AVG_TURNOVER_RN(1.0),N_A,NOTICE_MONEY,W,2016,2015,0,2015-07-17,INR,1563666666.6666667
RBI:AVG_TURNOVER_RN(1.0),N_A,MKT_REPO,W,2016,2015,0,2015-07-17,INR,1005782800000.0001
RBI:AVG_TURNOVER_RN(1.0),N_A,TR_BILL_182_DAY,W,2016,2015,0,2015-07-17,INR,20127670000
RBI:AVG_TURNOVER_RN(1.0),N_A,GOVT_SEC,W,2016,2015,0,2015-07-17,INR,605960804000
RBI:AVG_TURNOVER_RN(1.0),N_A,STATE_GOVT_SEC,W,2016,2015,0,2015-07-17,INR,13510488000
RBI:AVG_TURNOVER_RN(1.0),N_A,CALL_MONEY,W,2016,2015,0,2015-07-17,INR,178518633333.3333
RBI:AVG_TURNOVER_RN(1.0),N_A,GOVT_SEC_RBI,W,2016,2015,0,2015-07-17,INR,20990000000
RBI:AVG_TURNOVER_RN(1.0),N_A,TR_BILL_364_DAY,W,2016,2015,0,2015-07-17,INR,13150420000
RBI:AVG_TURNOVER_RN(1.0),N_A,CORPO_REPO,W,2016,2015,0,2015-07-17,INR,1200000000
RBI:AVG_TURNOVER_RN(1.0),N_A,FOREX,W,2016,2015,0,2015-07-17,INR,44275941999.99999
RBI:AVG_TURNOVER_RN(1.0),N_A,TRI_REPO,W,2016,2015,0,2015-07-17,INR,1413586666666.6665
RBI:AVG_TURNOVER_RN(1.0),N_A,TR_BILL_91_DAY,W,2016,2015,0,2015-07-17,INR,33422040000
RBI:AVG_TURNOVER_RN(1.0),N_A,GOVT_SEC,W,2016,2015,0,2015-07-10,INR,850724312000.0001
RBI:AVG_TURNOVER_RN(1.0),N_A,TERM_MONEY,W,2016,2015,0,2015-07-10,INR,2895766666.6666665
RBI:AVG_TURNOVER_RN(1.0),N_A,NOTICE_MONEY,W,2016,2015,0,2015-07-10,INR,69869666666.66667
RBI:AVG_TURNOVER_RN(1.0),N_A,TR_BILL_182_DAY,W,2016,2015,0,2015-07-10,INR,15568040000
RBI:AVG_TURNOVER_RN(1.0),N_A,GOVT_SEC_RBI,W,2016,2015,0,2015-07-10,INR,4229999999.9999995
RBI:AVG_TURNOVER_RN(1.0),N_A,MKT_REPO,W,2016,2015,0,2015-07-10,INR,1181492466666.6665
RBI:AVG_TURNOVER_RN(1.0),N_A,TR_BILL_364_DAY,W,2016,2015,0,2015-07-10,INR,30720960000
RBI:AVG_TURNOVER_RN(1.0),N_A,TR_BILL_91_DAY,W,2016,2015,0,2015-07-10,INR,36889309999.99999
RBI:AVG_TURNOVER_RN(1.0),N_A,TRI_REPO,W,2016,2015,0,2015-07-10,INR,1144791500000
RBI:AVG_TURNOVER_RN(1.0),N_A,CALL_MONEY,W,2016,2015,0,2015-07-10,INR,157063766666.66666
RBI:AVG_TURNOVER_RN(1.0),N_A,FOREX,W,2016,2015,0,2015-07-10,INR,52179118200
RBI:AVG_TURNOVER_RN(1.0),N_A,STATE_GOVT_SEC,W,2016,2015,0,2015-07-10,INR,13581560000
RBI:AVG_TURNOVER_RN(1.0),N_A,CORPO_REPO,W,2016,2015,0,2015-07-10,INR,400000000
RBI:AVG_TURNOVER_RN(1.0),N_A,GOVT_SEC,W,2016,2015,0,2015-07-03,INR,570744111999.9999
RBI:AVG_TURNOVER_RN(1.0),N_A,TERM_MONEY,W,2016,2015,0,2015-07-03,INR,5441999999.999999
RBI:AVG_TURNOVER_RN(1.0),N_A,TR_BILL_364_DAY,W,2016,2015,0,2015-07-03,INR,35538930000
RBI:AVG_TURNOVER_RN(1.0),N_A,TRI_REPO,W,2016,2015,0,2015-07-03,INR,1311907833333.3333
RBI:AVG_TURNOVER_RN(1.0),N_A,MKT_REPO,W,2016,2015,0,2015-07-03,INR,990026933333.3335
RBI:AVG_TURNOVER_RN(1.0),N_A,CALL_MONEY,W,2016,2015,0,2015-07-03,INR,162794233333.3333
RBI:AVG_TURNOVER_RN(1.0),N_A,STATE_GOVT_SEC,W,2016,2015,0,2015-07-03,INR,9946196000
RBI:AVG_TURNOVER_RN(1.0),N_A,TR_BILL_182_DAY,W,2016,2015,0,2015-07-03,INR,11081950000.000002
RBI:AVG_TURNOVER_RN(1.0),N_A,FOREX,W,2016,2015,0,2015-07-03,INR,55334819200
RBI:AVG_TURNOVER_RN(1.0),N_A,NOTICE_MONEY,W,2016,2015,0,2015-07-03,INR,43447800000
RBI:AVG_TURNOVER_RN(1.0),N_A,CORPO_REPO,W,2016,2015,0,2015-07-03,INR,2480000000
RBI:AVG_TURNOVER_RN(1.0),N_A,GOVT_SEC_RBI,W,2016,2015,0,2015-07-03,INR,6400000000
RBI:AVG_TURNOVER_RN(1.0),N_A,TR_BILL_91_DAY,W,2016,2015,0,2015-07-03,INR,56592320000
RBI:AVG_TURNOVER_RN(1.0),N_A,TERM_MONEY,W,2016,2015,0,2015-06-26,INR,2720000000
RBI:AVG_TURNOVER_RN(1.0),N_A,CORPO_REPO,W,2016,2015,0,2015-06-26,INR,400000000
RBI:AVG_TURNOVER_RN(1.0),N_A,FOREX,W,2016,2015,0,2015-06-26,INR,54543942400
RBI:AVG_TURNOVER_RN(1.0),N_A,GOVT_SEC,W,2016,2015,0,2015-06-26,INR,930766104000.0001
RBI:AVG_TURNOVER_RN(1.0),N_A,CALL_MONEY,W,2016,2015,0,2015-06-26,INR,165128566666.66666
RBI:AVG_TURNOVER_RN(1.0),N_A,TRI_REPO,W,2016,2015,0,2015-06-26,INR,1289182833333.3333
RBI:AVG_TURNOVER_RN(1.0),N_A,STATE_GOVT_SEC,W,2016,2015,0,2015-06-26,INR,34192604000.000004
RBI:AVG_TURNOVER_RN(1.0),N_A,TR_BILL_364_DAY,W,2016,2015,0,2015-06-26,INR,29263450000.000004
RBI:AVG_TURNOVER_RN(1.0),N_A,NOTICE_MONEY,W,2016,2015,0,2015-06-26,INR,54743433333.333336
RBI:AVG_TURNOVER_RN(1.0),N_A,TR_BILL_91_DAY,W,2016,2015,0,2015-06-26,INR,38058270000
RBI:AVG_TURNOVER_RN(1.0),N_A,MKT_REPO,W,2016,2015,0,2015-06-26,INR,1222950533333.3333
RBI:AVG_TURNOVER_RN(1.0),N_A,TR_BILL_182_DAY,W,2016,2015,0,2015-06-26,INR,11282000000
RBI:AVG_TURNOVER_RN(1.0),N_A,GOVT_SEC_RBI,W,2016,2015,0,2015-06-26,INR,1550000000
RBI:AVG_TURNOVER_RN(1.0),N_A,TRI_REPO,W,2016,2015,0,2015-06-19,INR,1561876666666.6665
RBI:AVG_TURNOVER_RN(1.0),N_A,TR_BILL_182_DAY,W,2016,2015,0,2015-06-19,INR,15183300000
RBI:AVG_TURNOVER_RN(1.0),N_A,NOTICE_MONEY,W,2016,2015,0,2015-06-19,INR,34529733333.333336
RBI:AVG_TURNOVER_RN(1.0),N_A,GOVT_SEC,W,2016,2015,0,2015-06-19,INR,812883916000
RBI:AVG_TURNOVER_RN(1.0),N_A,TR_BILL_91_DAY,W,2016,2015,0,2015-06-19,INR,53868440000
RBI:AVG_TURNOVER_RN(1.0),N_A,GOVT_SEC_RBI,W,2016,2015,0,2015-06-19,INR,0.0
RBI:AVG_TURNOVER_RN(1.0),N_A,FOREX,W,2016,2015,0,2015-06-19,INR,51001945800
RBI:AVG_TURNOVER_RN(1.0),N_A,CORPO_REPO,W,2016,2015,0,2015-06-19,INR,5440000000
RBI:AVG_TURNOVER_RN(1.0),N_A,STATE_GOVT_SEC,W,2016,2015,0,2015-06-19,INR,31173268000
RBI:AVG_TURNOVER_RN(1.0),N_A,MKT_REPO,W,2016,2015,0,2015-06-19,INR,1061003933333.3333
RBI:AVG_TURNOVER_RN(1.0),N_A,TERM_MONEY,W,2016,2015,0,2015-06-19,INR,4934566666.666666
RBI:AVG_TURNOVER_RN(1.0),N_A,CALL_MONEY,W,2016,2015,0,2015-06-19,INR,145386900000
RBI:AVG_TURNOVER_RN(1.0),N_A,TR_BILL_364_DAY,W,2016,2015,0,2015-06-19,INR,16348090000
RBI:AVG_TURNOVER_RN(1.0),N_A,TRI_REPO,W,2016,2015,0,2015-06-12,INR,1371314499999.9998
RBI:AVG_TURNOVER_RN(1.0),N_A,TERM_MONEY,W,2016,2015,0,2015-06-12,INR,2473433333.3333335
RBI:AVG_TURNOVER_RN(1.0),N_A,CALL_MONEY,W,2016,2015,0,2015-06-12,INR,174834733333.3333
RBI:AVG_TURNOVER_RN(1.0),N_A,TR_BILL_91_DAY,W,2016,2015,0,2015-06-12,INR,35899580000
RBI:AVG_TURNOVER_RN(1.0),N_A,NOTICE_MONEY,W,2016,2015,0,2015-06-12,INR,59936133333.333336
RBI:AVG_TURNOVER_RN(1.0),N_A,FOREX,W,2016,2015,0,2015-06-12,INR,53910379000
RBI:AVG_TURNOVER_RN(1.0),N_A,TR_BILL_182_DAY,W,2016,2015,0,2015-06-12,INR,23393450000.000004
RBI:AVG_TURNOVER_RN(1.0),N_A,GOVT_SEC,W,2016,2015,0,2015-06-12,INR,625659728000
RBI:AVG_TURNOVER_RN(1.0),N_A,CORPO_REPO,W,2016,2015,0,2015-06-12,INR,800000000
RBI:AVG_TURNOVER_RN(1.0),N_A,STATE_GOVT_SEC,W,2016,2015,0,2015-06-12,INR,19857132000
RBI:AVG_TURNOVER_RN(1.0),N_A,GOVT_SEC_RBI,W,2016,2015,0,2015-06-12,INR,680000000
RBI:AVG_TURNOVER_RN(1.0),N_A,MKT_REPO,W,2016,2015,0,2015-06-12,INR,1379765933333.3335
RBI:AVG_TURNOVER_RN(1.0),N_A,TR_BILL_364_DAY,W,2016,2015,0,2015-06-12,INR,42967750000
RBI:AVG_TURNOVER_RN(1.0),N_A,TRI_REPO,W,2016,2015,0,2015-06-05,INR,1259365333333.3333
RBI:AVG_TURNOVER_RN(1.0),N_A,TR_BILL_91_DAY,W,2016,2015,0,2015-06-05,INR,34564230000
RBI:AVG_TURNOVER_RN(1.0),N_A,GOVT_SEC_RBI,W,2016,2015,0,2015-06-05,INR,550000000.0000001
RBI:AVG_TURNOVER_RN(1.0),N_A,GOVT_SEC,W,2016,2015,0,2015-06-05,INR,900542040000
RBI:AVG_TURNOVER_RN(1.0),N_A,STATE_GOVT_SEC,W,2016,2015,0,2015-06-05,INR,12565763999.999998
RBI:AVG_TURNOVER_RN(1.0),N_A,FOREX,W,2016,2015,0,2015-06-05,INR,57607422400
RBI:AVG_TURNOVER_RN(1.0),N_A,TERM_MONEY,W,2016,2015,0,2015-06-05,INR,5083500000
RBI:AVG_TURNOVER_RN(1.0),N_A,TR_BILL_182_DAY,W,2016,2015,0,2015-06-05,INR,25638700000
RBI:AVG_TURNOVER_RN(1.0),N_A,CORPO_REPO,W,2016,2015,0,2015-06-05,INR,800000000
RBI:AVG_TURNOVER_RN(1.0),N_A,NOTICE_MONEY,W,2016,2015,0,2015-06-05,INR,38825600000
RBI:AVG_TURNOVER_RN(1.0),N_A,MKT_REPO,W,2016,2015,0,2015-06-05,INR,1163955866666.6667
RBI:AVG_TURNOVER_RN(1.0),N_A,CALL_MONEY,W,2016,2015,0,2015-06-05,INR,177243800000
RBI:AVG_TURNOVER_RN(1.0),N_A,TR_BILL_364_DAY,W,2016,2015,0,2015-06-05,INR,30566439999.999996
RBI:AVG_TURNOVER_RN(1.0),N_A,TRI_REPO,W,2016,2015,0,2015-05-29,INR,1120554833333.3333
RBI:AVG_TURNOVER_RN(1.0),N_A,CALL_MONEY,W,2016,2015,0,2015-05-29,INR,179872333333.33334
RBI:AVG_TURNOVER_RN(1.0),N_A,MKT_REPO,W,2016,2015,0,2015-05-29,INR,1155564266666.6667
RBI:AVG_TURNOVER_RN(1.0),N_A,TR_BILL_182_DAY,W,2016,2015,0,2015-05-29,INR,9957400000
RBI:AVG_TURNOVER_RN(1.0),N_A,GOVT_SEC,W,2016,2015,0,2015-05-29,INR,716624611999.9999
RBI:AVG_TURNOVER_RN(1.0),N_A,CORPO_REPO,W,2016,2015,0,2015-05-29,INR,800000000
RBI:AVG_TURNOVER_RN(1.0),N_A,TR_BILL_91_DAY,W,2016,2015,0,2015-05-29,INR,37002650000
RBI:AVG_TURNOVER_RN(1.0),N_A,STATE_GOVT_SEC,W,2016,2015,0,2015-05-29,INR,14245179999.999998
RBI:AVG_TURNOVER_RN(1.0),N_A,TERM_MONEY,W,2016,2015,0,2015-05-29,INR,2579900000
RBI:AVG_TURNOVER_RN(1.0),N_A,GOVT_SEC_RBI,W,2016,2015,0,2015-05-29,INR,1830000000
RBI:AVG_TURNOVER_RN(1.0),N_A,TR_BILL_364_DAY,W,2016,2015,0,2015-05-29,INR,12789550000
RBI:AVG_TURNOVER_RN(1.0),N_A,NOTICE_MONEY,W,2016,2015,0,2015-05-29,INR,54471366666.666664
RBI:AVG_TURNOVER_RN(1.0),N_A,FOREX,W,2016,2015,0,2015-05-29,INR,54921057200
RBI:AVG_TURNOVER_RN(1.0),N_A,TRI_REPO,W,2016,2015,0,2015-05-22,INR,1102576833333.3333
RBI:AVG_TURNOVER_RN(1.0),N_A,TR_BILL_182_DAY,W,2016,2015,0,2015-05-22,INR,16627419999.999998
RBI:AVG_TURNOVER_RN(1.0),N_A,GOVT_SEC_RBI,W,2016,2015,0,2015-05-22,INR,270000000
RBI:AVG_TURNOVER_RN(1.0),N_A,FOREX,W,2016,2015,0,2015-05-22,INR,50901393599.99999
RBI:AVG_TURNOVER_RN(1.0),N_A,TR_BILL_364_DAY,W,2016,2015,0,2015-05-22,INR,10678190000
RBI:AVG_TURNOVER_RN(1.0),N_A,MKT_REPO,W,2016,2015,0,2015-05-22,INR,932135733333.3333
RBI:AVG_TURNOVER_RN(1.0),N_A,NOTICE_MONEY,W,2016,2015,0,2015-05-22,INR,49597266666.666664
RBI:AVG_TURNOVER_RN(1.0),N_A,GOVT_SEC,W,2016,2015,0,2015-05-22,INR,1001823768000
RBI:AVG_TURNOVER_RN(1.0),N_A,CALL_MONEY,W,2016,2015,0,2015-05-22,INR,179913166666.66666
RBI:AVG_TURNOVER_RN(1.0),N_A,STATE_GOVT_SEC,W,2016,2015,0,2015-05-22,INR,17839955999.999996
RBI:AVG_TURNOVER_RN(1.0),N_A,TR_BILL_91_DAY,W,2016,2015,0,2015-05-22,INR,22021790000
RBI:AVG_TURNOVER_RN(1.0),N_A,TERM_MONEY,W,2016,2015,0,2015-05-22,INR,4470766666.666667
RBI:AVG_TURNOVER_RN(1.0),N_A,STATE_GOVT_SEC,W,2016,2015,0,2015-05-15,INR,22959540000.000004
RBI:AVG_TURNOVER_RN(1.0),N_A,GOVT_SEC,W,2016,2015,0,2015-05-15,INR,821067644000
RBI:AVG_TURNOVER_RN(1.0),N_A,TRI_REPO,W,2016,2015,0,2015-05-15,INR,1030033666666.6665
RBI:AVG_TURNOVER_RN(1.0),N_A,FOREX,W,2016,2015,0,2015-05-15,INR,57078331800
RBI:AVG_TURNOVER_RN(1.0),N_A,GOVT_SEC_RBI,W,2016,2015,0,2015-05-15,INR,680000000
RBI:AVG_TURNOVER_RN(1.0),N_A,CALL_MONEY,W,2016,2015,0,2015-05-15,INR,161851700000
RBI:AVG_TURNOVER_RN(1.0),N_A,TR_BILL_364_DAY,W,2016,2015,0,2015-05-15,INR,13108850000
RBI:AVG_TURNOVER_RN(1.0),N_A,TR_BILL_91_DAY,W,2016,2015,0,2015-05-15,INR,18450860000
RBI:AVG_TURNOVER_RN(1.0),N_A,NOTICE_MONEY,W,2016,2015,0,2015-05-15,INR,51850933333.333336
RBI:AVG_TURNOVER_RN(1.0),N_A,TERM_MONEY,W,2016,2015,0,2015-05-15,INR,3148033333.3333335
RBI:AVG_TURNOVER_RN(1.0),N_A,TR_BILL_182_DAY,W,2016,2015,0,2015-05-15,INR,7056550000
RBI:AVG_TURNOVER_RN(1.0),N_A,MKT_REPO,W,2016,2015,0,2015-05-15,INR,1156302333333.3333
RBI:AVG_TURNOVER_RN(1.0),N_A,CALL_MONEY,W,2016,2015,0,2015-05-08,INR,148292880000
RBI:AVG_TURNOVER_RN(1.0),N_A,TR_BILL_182_DAY,W,2016,2015,0,2015-05-08,INR,10749687500
RBI:AVG_TURNOVER_RN(1.0),N_A,TRI_REPO,W,2016,2015,0,2015-05-08,INR,1278482800000
RBI:AVG_TURNOVER_RN(1.0),N_A,TR_BILL_364_DAY,W,2016,2015,0,2015-05-08,INR,12100200000
RBI:AVG_TURNOVER_RN(1.0),N_A,TR_BILL_91_DAY,W,2016,2015,0,2015-05-08,INR,23713925000
RBI:AVG_TURNOVER_RN(1.0),N_A,MKT_REPO,W,2016,2015,0,2015-05-08,INR,1172691840000
RBI:AVG_TURNOVER_RN(1.0),N_A,STATE_GOVT_SEC,W,2016,2015,0,2015-05-08,INR,14758395000.000002
RBI:AVG_TURNOVER_RN(1.0),N_A,GOVT_SEC_RBI,W,2016,2015,0,2015-05-08,INR,260000000
RBI:AVG_TURNOVER_RN(1.0),N_A,GOVT_SEC,W,2016,2015,0,2015-05-08,INR,823591515000
RBI:AVG_TURNOVER_RN(1.0),N_A,TERM_MONEY,W,2016,2015,0,2015-05-08,INR,4848280000
RBI:AVG_TURNOVER_RN(1.0),N_A,NOTICE_MONEY,W,2016,2015,0,2015-05-08,INR,48616200000
RBI:AVG_TURNOVER_RN(1.0),N_A,FOREX,W,2016,2015,0,2015-05-08,INR,63559880750
RBI:AVG_TURNOVER_RN(1.0),N_A,TR_BILL_91_DAY,W,2016,2015,0,2015-05-01,INR,18634937500
RBI:AVG_TURNOVER_RN(1.0),N_A,TRI_REPO,W,2016,2015,0,2015-05-01,INR,1040525400000.0001
RBI:AVG_TURNOVER_RN(1.0),N_A,NOTICE_MONEY,W,2016,2015,0,2015-05-01,INR,69748760000
RBI:AVG_TURNOVER_RN(1.0),N_A,CALL_MONEY,W,2016,2015,0,2015-05-01,INR,155617840000
RBI:AVG_TURNOVER_RN(1.0),N_A,GOVT_SEC,W,2016,2015,0,2015-05-01,INR,775049330000.0001
RBI:AVG_TURNOVER_RN(1.0),N_A,TERM_MONEY,W,2016,2015,0,2015-05-01,INR,5020359999.999999
RBI:AVG_TURNOVER_RN(1.0),N_A,GOVT_SEC_RBI,W,2016,2015,0,2015-05-01,INR,40000000
RBI:AVG_TURNOVER_RN(1.0),N_A,MKT_REPO,W,2016,2015,0,2015-05-01,INR,1253743600000.0002
RBI:AVG_TURNOVER_RN(1.0),N_A,TR_BILL_182_DAY,W,2016,2015,0,2015-05-01,INR,5497250000
RBI:AVG_TURNOVER_RN(1.0),N_A,TR_BILL_364_DAY,W,2016,2015,0,2015-05-01,INR,18650537500
RBI:AVG_TURNOVER_RN(1.0),N_A,STATE_GOVT_SEC,W,2016,2015,0,2015-05-01,INR,14488309999.999998
RBI:AVG_TURNOVER_RN(1.0),N_A,FOREX,W,2016,2015,0,2015-05-01,INR,71833574250
RBI:AVG_TURNOVER_RN(1.0),N_A,TERM_MONEY,W,2016,2015,0,2015-04-24,INR,11436666666.666668
RBI:AVG_TURNOVER_RN(1.0),N_A,FOREX,W,2016,2015,0,2015-04-24,INR,63421631000.00001
RBI:AVG_TURNOVER_RN(1.0),N_A,GOVT_SEC,W,2016,2015,0,2015-04-24,INR,839458772000.0001
RBI:AVG_TURNOVER_RN(1.0),N_A,TR_BILL_182_DAY,W,2016,2015,0,2015-04-24,INR,22964960000
RBI:AVG_TURNOVER_RN(1.0),N_A,NOTICE_MONEY,W,2016,2015,0,2015-04-24,INR,44748833333.333336
RBI:AVG_TURNOVER_RN(1.0),N_A,STATE_GOVT_SEC,W,2016,2015,0,2015-04-24,INR,19806924000
RBI:AVG_TURNOVER_RN(1.0),N_A,MKT_REPO,W,2016,2015,0,2015-04-24,INR,1107476400000
RBI:AVG_TURNOVER_RN(1.0),N_A,TR_BILL_91_DAY,W,2016,2015,0,2015-04-24,INR,29430860000.000004
RBI:AVG_TURNOVER_RN(1.0),N_A,TR_BILL_364_DAY,W,2016,2015,0,2015-04-24,INR,34675980000.00001
RBI:AVG_TURNOVER_RN(1.0),N_A,CALL_MONEY,W,2016,2015,0,2015-04-24,INR,171696499999.99997
RBI:AVG_TURNOVER_RN(1.0),N_A,GOVT_SEC_RBI,W,2016,2015,0,2015-04-24,INR,6970000000.000001
RBI:AVG_TURNOVER_RN(1.0),N_A,TRI_REPO,W,2016,2015,0,2015-04-24,INR,1247414500000
RBI:AVG_TURNOVER_RN(1.0),N_A,TERM_MONEY,W,2016,2015,0,2015-04-17,INR,3409199999.9999995
RBI:AVG_TURNOVER_RN(1.0),N_A,MKT_REPO,W,2016,2015,0,2015-04-17,INR,1282551520000
RBI:AVG_TURNOVER_RN(1.0),N_A,NOTICE_MONEY,W,2016,2015,0,2015-04-17,INR,72216000000
RBI:AVG_TURNOVER_RN(1.0),N_A,TR_BILL_182_DAY,W,2016,2015,0,2015-04-17,INR,23501212500
RBI:AVG_TURNOVER_RN(1.0),N_A,GOVT_SEC,W,2016,2015,0,2015-04-17,INR,572311455000
RBI:AVG_TURNOVER_RN(1.0),N_A,FOREX,W,2016,2015,0,2015-04-17,INR,54099572750
RBI:AVG_TURNOVER_RN(1.0),N_A,TR_BILL_364_DAY,W,2016,2015,0,2015-04-17,INR,64511637500
RBI:AVG_TURNOVER_RN(1.0),N_A,CALL_MONEY,W,2016,2015,0,2015-04-17,INR,171013320000.00003
RBI:AVG_TURNOVER_RN(1.0),N_A,TR_BILL_91_DAY,W,2016,2015,0,2015-04-17,INR,28935162500
RBI:AVG_TURNOVER_RN(1.0),N_A,TRI_REPO,W,2016,2015,0,2015-04-17,INR,1285923600000.0002
RBI:AVG_TURNOVER_RN(1.0),N_A,STATE_GOVT_SEC,W,2016,2015,0,2015-04-17,INR,29419744999.999996
RBI:AVG_TURNOVER_RN(1.0),N_A,GOVT_SEC_RBI,W,2016,2015,0,2015-04-17,INR,3310000000
RBI:AVG_TURNOVER_RN(1.0),N_A,CALL_MONEY,W,2016,2015,0,2015-04-10,INR,246749433333.3333
RBI:AVG_TURNOVER_RN(1.0),N_A,TR_BILL_182_DAY,W,2016,2015,0,2015-04-10,INR,18837140000
RBI:AVG_TURNOVER_RN(1.0),N_A,NOTICE_MONEY,W,2016,2015,0,2015-04-10,INR,63997866666.66667
RBI:AVG_TURNOVER_RN(1.0),N_A,GOVT_SEC,W,2016,2015,0,2015-04-10,INR,656420900000
RBI:AVG_TURNOVER_RN(1.0),N_A,MKT_REPO,W,2016,2015,0,2015-04-10,INR,987144933333.3334
RBI:AVG_TURNOVER_RN(1.0),N_A,GOVT_SEC_RBI,W,2016,2015,0,2015-04-10,INR,3650000000
RBI:AVG_TURNOVER_RN(1.0),N_A,TR_BILL_364_DAY,W,2016,2015,0,2015-04-10,INR,44080620000
RBI:AVG_TURNOVER_RN(1.0),N_A,TR_BILL_91_DAY,W,2016,2015,0,2015-04-10,INR,61228740000
RBI:AVG_TURNOVER_RN(1.0),N_A,FOREX,W,2016,2015,0,2015-04-10,INR,65470750400
RBI:AVG_TURNOVER_RN(1.0),N_A,TERM_MONEY,W,2016,2015,0,2015-04-10,INR,5892733333.333333
RBI:AVG_TURNOVER_RN(1.0),N_A,STATE_GOVT_SEC,W,2016,2015,0,2015-04-10,INR,13307596000
RBI:AVG_TURNOVER_RN(1.0),N_A,TRI_REPO,W,2016,2015,0,2015-04-10,INR,1676912333333.3333
RBI:AVG_TURNOVER_RN(1.0),N_A,STATE_GOVT_SEC,W,2016,2015,0,2015-04-03,INR,17369690000
RBI:AVG_TURNOVER_RN(1.0),N_A,TERM_MONEY,W,2016,2015,0,2015-04-03,INR,7885000000
RBI:AVG_TURNOVER_RN(1.0),N_A,TR_BILL_364_DAY,W,2016,2015,0,2015-04-03,INR,32546574999.999996
RBI:AVG_TURNOVER_RN(1.0),N_A,MKT_REPO,W,2016,2015,0,2015-04-03,INR,996906600000
RBI:AVG_TURNOVER_RN(1.0),N_A,CALL_MONEY,W,2016,2015,0,2015-04-03,INR,185725200000
RBI:AVG_TURNOVER_RN(1.0),N_A,FOREX,W,2016,2015,0,2015-04-03,INR,77297479500
RBI:AVG_TURNOVER_RN(1.0),N_A,NOTICE_MONEY,W,2016,2015,0,2015-04-03,INR,139582900000
RBI:AVG_TURNOVER_RN(1.0),N_A,TR_BILL_182_DAY,W,2016,2015,0,2015-04-03,INR,6175200000
RBI:AVG_TURNOVER_RN(1.0),N_A,GOVT_SEC,W,2016,2015,0,2015-04-03,INR,559741940000
RBI:AVG_TURNOVER_RN(1.0),N_A,TR_BILL_91_DAY,W,2016,2015,0,2015-04-03,INR,44977775000
RBI:AVG_TURNOVER_RN(1.0),N_A,TRI_REPO,W,2016,2015,0,2015-04-03,INR,1426544500000
RBI:AVG_TURNOVER_RN(1.0),N_A,GOVT_SEC_RBI,W,2016,2015,0,2015-04-03,INR,0.0
RBI:AVG_TURNOVER_RN(1.0),N_A,TERM_MONEY,W,2015,2014,0,2015-03-27,INR,5840000000
RBI:AVG_TURNOVER_RN(1.0),N_A,GOVT_SEC,W,2015,2014,0,2015-03-27,INR,553067440000
RBI:AVG_TURNOVER_RN(1.0),N_A,CALL_MONEY,W,2015,2014,0,2015-03-27,INR,285106920000
RBI:AVG_TURNOVER_RN(1.0),N_A,TRI_REPO,W,2015,2014,0,2015-03-27,INR,1794441399999.9998
RBI:AVG_TURNOVER_RN(1.0),N_A,MKT_REPO,W,2015,2014,0,2015-03-27,INR,1097566800000.0001
RBI:AVG_TURNOVER_RN(1.0),N_A,TR_BILL_364_DAY,W,2015,2014,0,2015-03-27,INR,19019490000
RBI:AVG_TURNOVER_RN(1.0),N_A,TR_BILL_91_DAY,W,2015,2014,0,2015-03-27,INR,33314240000
RBI:AVG_TURNOVER_RN(1.0),N_A,GOVT_SEC_RBI,W,2015,2014,0,2015-03-27,INR,2010000000.0000002
RBI:AVG_TURNOVER_RN(1.0),N_A,FOREX,W,2015,2014,0,2015-03-27,INR,68250552200
RBI:AVG_TURNOVER_RN(1.0),N_A,TR_BILL_182_DAY,W,2015,2014,0,2015-03-27,INR,12090790000.000002
RBI:AVG_TURNOVER_RN(1.0),N_A,NOTICE_MONEY,W,2015,2014,0,2015-03-27,INR,3087040000
RBI:AVG_TURNOVER_RN(1.0),N_A,STATE_GOVT_SEC,W,2015,2014,0,2015-03-27,INR,18244671999.999996
RBI:AVG_TURNOVER_RN(1.0),N_A,FOREX,W,2015,2014,0,2015-03-20,INR,54912604799.99999
RBI:AVG_TURNOVER_RN(1.0),N_A,CORPO_REPO,W,2015,2014,0,2015-03-20,INR,1692800000
RBI:AVG_TURNOVER_RN(1.0),N_A,TR_BILL_91_DAY,W,2015,2014,0,2015-03-20,INR,41784240000
RBI:AVG_TURNOVER_RN(1.0),N_A,MKT_REPO,W,2015,2014,0,2015-03-20,INR,1175228466666.6667
RBI:AVG_TURNOVER_RN(1.0),N_A,NOTICE_MONEY,W,2015,2014,0,2015-03-20,INR,4159966666.6666665
RBI:AVG_TURNOVER_RN(1.0),N_A,STATE_GOVT_SEC,W,2015,2014,0,2015-03-20,INR,19409443999.999996
RBI:AVG_TURNOVER_RN(1.0),N_A,TERM_MONEY,W,2015,2014,0,2015-03-20,INR,3261666666.666667
RBI:AVG_TURNOVER_RN(1.0),N_A,TR_BILL_364_DAY,W,2015,2014,0,2015-03-20,INR,16418470000.000002
RBI:AVG_TURNOVER_RN(1.0),N_A,CALL_MONEY,W,2015,2014,0,2015-03-20,INR,246487400000.00003
RBI:AVG_TURNOVER_RN(1.0),N_A,GOVT_SEC,W,2015,2014,0,2015-03-20,INR,642587176000
RBI:AVG_TURNOVER_RN(1.0),N_A,TR_BILL_182_DAY,W,2015,2014,0,2015-03-20,INR,8524450000.000001
RBI:AVG_TURNOVER_RN(1.0),N_A,TRI_REPO,W,2015,2014,0,2015-03-20,INR,1455430333333.3333
RBI:AVG_TURNOVER_RN(1.0),N_A,CALL_MONEY,W,2015,2014,0,2015-03-13,INR,200361400000
RBI:AVG_TURNOVER_RN(1.0),N_A,TERM_MONEY,W,2015,2014,0,2015-03-13,INR,2118500000
RBI:AVG_TURNOVER_RN(1.0),N_A,NOTICE_MONEY,W,2015,2014,0,2015-03-13,INR,44699466666.666664
RBI:AVG_TURNOVER_RN(1.0),N_A,STATE_GOVT_SEC,W,2015,2014,0,2015-03-13,INR,31117308000
RBI:AVG_TURNOVER_RN(1.0),N_A,GOVT_SEC,W,2015,2014,0,2015-03-13,INR,615776628000
RBI:AVG_TURNOVER_RN(1.0),N_A,MKT_REPO,W,2015,2014,0,2015-03-13,INR,1055154466666.6667
RBI:AVG_TURNOVER_RN(1.0),N_A,GOVT_SEC_RBI,W,2015,2014,0,2015-03-13,INR,5050000000
RBI:AVG_TURNOVER_RN(1.0),N_A,FOREX,W,2015,2014,0,2015-03-13,INR,57771175200
RBI:AVG_TURNOVER_RN(1.0),N_A,TR_BILL_364_DAY,W,2015,2014,0,2015-03-13,INR,19898650000.000004
RBI:AVG_TURNOVER_RN(1.0),N_A,TRI_REPO,W,2015,2014,0,2015-03-13,INR,1714754000000
RBI:AVG_TURNOVER_RN(1.0),N_A,TR_BILL_91_DAY,W,2015,2014,0,2015-03-13,INR,30716150000.000004
RBI:AVG_TURNOVER_RN(1.0),N_A,TR_BILL_182_DAY,W,2015,2014,0,2015-03-13,INR,8674410000
RBI:AVG_TURNOVER_RN(1.0),N_A,FOREX,W,2015,2014,0,2015-03-06,INR,53635228500
RBI:AVG_TURNOVER_RN(1.0),N_A,GOVT_SEC_RBI,W,2015,2014,0,2015-03-06,INR,3470000000
RBI:AVG_TURNOVER_RN(1.0),N_A,GOVT_SEC,W,2015,2014,0,2015-03-06,INR,787545015000
RBI:AVG_TURNOVER_RN(1.0),N_A,MKT_REPO,W,2015,2014,0,2015-03-06,INR,1242867840000.0002
RBI:AVG_TURNOVER_RN(1.0),N_A,STATE_GOVT_SEC,W,2015,2014,0,2015-03-06,INR,22658114999.999996
RBI:AVG_TURNOVER_RN(1.0),N_A,TERM_MONEY,W,2015,2014,0,2015-03-06,INR,2600000000
RBI:AVG_TURNOVER_RN(1.0),N_A,TR_BILL_91_DAY,W,2015,2014,0,2015-03-06,INR,28415462500
RBI:AVG_TURNOVER_RN(1.0),N_A,CALL_MONEY,W,2015,2014,0,2015-03-06,INR,161696640000
RBI:AVG_TURNOVER_RN(1.0),N_A,NOTICE_MONEY,W,2015,2014,0,2015-03-06,INR,86444720000
RBI:AVG_TURNOVER_RN(1.0),N_A,TR_BILL_182_DAY,W,2015,2014,0,2015-03-06,INR,593250000
RBI:AVG_TURNOVER_RN(1.0),N_A,TR_BILL_364_DAY,W,2015,2014,0,2015-03-06,INR,11462500000
RBI:AVG_TURNOVER_RN(1.0),N_A,TRI_REPO,W,2015,2014,0,2015-03-06,INR,1246781000000
RBI:AVG_TURNOVER_RN(1.0),N_A,GOVT_SEC_RBI,W,2015,2014,0,2015-02-27,INR,730000000
RBI:AVG_TURNOVER_RN(1.0),N_A,TRI_REPO,W,2015,2014,0,2015-02-27,INR,1286537500000
RBI:AVG_TURNOVER_RN(1.0),N_A,TR_BILL_364_DAY,W,2015,2014,0,2015-02-27,INR,21296570000
RBI:AVG_TURNOVER_RN(1.0),N_A,TERM_MONEY,W,2015,2014,0,2015-02-27,INR,4421833333.333333
RBI:AVG_TURNOVER_RN(1.0),N_A,FOREX,W,2015,2014,0,2015-02-27,INR,63810149600
RBI:AVG_TURNOVER_RN(1.0),N_A,TR_BILL_182_DAY,W,2015,2014,0,2015-02-27,INR,13075690000
RBI:AVG_TURNOVER_RN(1.0),N_A,NOTICE_MONEY,W,2015,2014,0,2015-02-27,INR,74467833333.33333
RBI:AVG_TURNOVER_RN(1.0),N_A,GOVT_SEC,W,2015,2014,0,2015-02-27,INR,440143980000
RBI:AVG_TURNOVER_RN(1.0),N_A,MKT_REPO,W,2015,2014,0,2015-02-27,INR,1124689733333.3333
RBI:AVG_TURNOVER_RN(1.0),N_A,TR_BILL_91_DAY,W,2015,2014,0,2015-02-27,INR,20914740000
RBI:AVG_TURNOVER_RN(1.0),N_A,STATE_GOVT_SEC,W,2015,2014,0,2015-02-27,INR,32160864000
RBI:AVG_TURNOVER_RN(1.0),N_A,CALL_MONEY,W,2015,2014,0,2015-02-27,INR,162255500000
RBI:AVG_TURNOVER_RN(1.0),N_A,GOVT_SEC,W,2015,2014,0,2015-02-20,INR,584119906666.6667
RBI:AVG_TURNOVER_RN(1.0),N_A,CALL_MONEY,W,2015,2014,0,2015-02-20,INR,117409500000
RBI:AVG_TURNOVER_RN(1.0),N_A,STATE_GOVT_SEC,W,2015,2014,0,2015-02-20,INR,36331306666.666664
RBI:AVG_TURNOVER_RN(1.0),N_A,MKT_REPO,W,2015,2014,0,2015-02-20,INR,1407966500000
RBI:AVG_TURNOVER_RN(1.0),N_A,GOVT_SEC_RBI,W,2015,2014,0,2015-02-20,INR,1940000000.0000002
RBI:AVG_TURNOVER_RN(1.0),N_A,FOREX,W,2015,2014,0,2015-02-20,INR,47447550666.66667
RBI:AVG_TURNOVER_RN(1.0),N_A,NOTICE_MONEY,W,2015,2014,0,2015-02-20,INR,91596550000
RBI:AVG_TURNOVER_RN(1.0),N_A,TR_BILL_182_DAY,W,2015,2014,0,2015-02-20,INR,8747100000
RBI:AVG_TURNOVER_RN(1.0),N_A,TR_BILL_91_DAY,W,2015,2014,0,2015-02-20,INR,28060433333.333332
RBI:AVG_TURNOVER_RN(1.0),N_A,TERM_MONEY,W,2015,2014,0,2015-02-20,INR,5417500000
RBI:AVG_TURNOVER_RN(1.0),N_A,TRI_REPO,W,2015,2014,0,2015-02-20,INR,1144614250000
RBI:AVG_TURNOVER_RN(1.0),N_A,TR_BILL_364_DAY,W,2015,2014,0,2015-02-20,INR,20906183333.333332
RBI:AVG_TURNOVER_RN(1.0),N_A,CALL_MONEY,W,2015,2014,0,2015-02-13,INR,173347800000
RBI:AVG_TURNOVER_RN(1.0),N_A,TRI_REPO,W,2015,2014,0,2015-02-13,INR,1389191500000
RBI:AVG_TURNOVER_RN(1.0),N_A,TR_BILL_182_DAY,W,2015,2014,0,2015-02-13,INR,6456670000
RBI:AVG_TURNOVER_RN(1.0),N_A,TERM_MONEY,W,2015,2014,0,2015-02-13,INR,4799333333.333333
RBI:AVG_TURNOVER_RN(1.0),N_A,MKT_REPO,W,2015,2014,0,2015-02-13,INR,1138407866666.6667
RBI:AVG_TURNOVER_RN(1.0),N_A,GOVT_SEC,W,2015,2014,0,2015-02-13,INR,580110960000
RBI:AVG_TURNOVER_RN(1.0),N_A,GOVT_SEC_RBI,W,2015,2014,0,2015-02-13,INR,1690000000
RBI:AVG_TURNOVER_RN(1.0),N_A,TR_BILL_91_DAY,W,2015,2014,0,2015-02-13,INR,27692080000
RBI:AVG_TURNOVER_RN(1.0),N_A,FOREX,W,2015,2014,0,2015-02-13,INR,48957677200
RBI:AVG_TURNOVER_RN(1.0),N_A,STATE_GOVT_SEC,W,2015,2014,0,2015-02-13,INR,17899964000
RBI:AVG_TURNOVER_RN(1.0),N_A,TR_BILL_364_DAY,W,2015,2014,0,2015-02-13,INR,12491799999.999998
RBI:AVG_TURNOVER_RN(1.0),N_A,NOTICE_MONEY,W,2015,2014,0,2015-02-13,INR,41795366666.66667
RBI:AVG_TURNOVER_RN(1.0),N_A,TR_BILL_364_DAY,W,2015,2014,0,2015-02-06,INR,29076150000.000004
RBI:AVG_TURNOVER_RN(1.0),N_A,GOVT_SEC_RBI,W,2015,2014,0,2015-02-06,INR,5099999999.999999
RBI:AVG_TURNOVER_RN(1.0),N_A,MKT_REPO,W,2015,2014,0,2015-02-06,INR,1349899800000
RBI:AVG_TURNOVER_RN(1.0),N_A,TRI_REPO,W,2015,2014,0,2015-02-06,INR,1299886333333.3335
RBI:AVG_TURNOVER_RN(1.0),N_A,NOTICE_MONEY,W,2015,2014,0,2015-02-06,INR,75577100000
RBI:AVG_TURNOVER_RN(1.0),N_A,GOVT_SEC,W,2015,2014,0,2015-02-06,INR,1070426088000.0001
RBI:AVG_TURNOVER_RN(1.0),N_A,TR_BILL_91_DAY,W,2015,2014,0,2015-02-06,INR,32300770000.000004
RBI:AVG_TURNOVER_RN(1.0),N_A,TERM_MONEY,W,2015,2014,0,2015-02-06,INR,2852666666.6666665
RBI:AVG_TURNOVER_RN(1.0),N_A,FOREX,W,2015,2014,0,2015-02-06,INR,51393114199.99999
RBI:AVG_TURNOVER_RN(1.0),N_A,STATE_GOVT_SEC,W,2015,2014,0,2015-02-06,INR,17690368000
RBI:AVG_TURNOVER_RN(1.0),N_A,TR_BILL_182_DAY,W,2015,2014,0,2015-02-06,INR,13454659999.999998
RBI:AVG_TURNOVER_RN(1.0),N_A,CALL_MONEY,W,2015,2014,0,2015-02-06,INR,201664933333.33334
RBI:AVG_TURNOVER_RN(1.0),N_A,GOVT_SEC,W,2015,2014,0,2015-01-30,INR,764052555000
RBI:AVG_TURNOVER_RN(1.0),N_A,STATE_GOVT_SEC,W,2015,2014,0,2015-01-30,INR,21436445000
RBI:AVG_TURNOVER_RN(1.0),N_A,GOVT_SEC_RBI,W,2015,2014,0,2015-01-30,INR,2930000000
RBI:AVG_TURNOVER_RN(1.0),N_A,TERM_MONEY,W,2015,2014,0,2015-01-30,INR,7308920000.000001
RBI:AVG_TURNOVER_RN(1.0),N_A,TR_BILL_182_DAY,W,2015,2014,0,2015-01-30,INR,13521237500
RBI:AVG_TURNOVER_RN(1.0),N_A,TR_BILL_364_DAY,W,2015,2014,0,2015-01-30,INR,53519237500
RBI:AVG_TURNOVER_RN(1.0),N_A,CALL_MONEY,W,2015,2014,0,2015-01-30,INR,224475760000
RBI:AVG_TURNOVER_RN(1.0),N_A,NOTICE_MONEY,W,2015,2014,0,2015-01-30,INR,111994000000
RBI:AVG_TURNOVER_RN(1.0),N_A,FOREX,W,2015,2014,0,2015-01-30,INR,68158452000
RBI:AVG_TURNOVER_RN(1.0),N_A,TRI_REPO,W,2015,2014,0,2015-01-30,INR,1242688000000
RBI:AVG_TURNOVER_RN(1.0),N_A,TR_BILL_91_DAY,W,2015,2014,0,2015-01-30,INR,25631937500
RBI:AVG_TURNOVER_RN(1.0),N_A,MKT_REPO,W,2015,2014,0,2015-01-30,INR,1109516720000
RBI:AVG_TURNOVER_RN(1.0),N_A,TR_BILL_91_DAY,W,2015,2014,0,2015-01-23,INR,18687820000
RBI:AVG_TURNOVER_RN(1.0),N_A,TR_BILL_364_DAY,W,2015,2014,0,2015-01-23,INR,32391729999.999996
RBI:AVG_TURNOVER_RN(1.0),N_A,TERM_MONEY,W,2015,2014,0,2015-01-23,INR,4693333333.333333
RBI:AVG_TURNOVER_RN(1.0),N_A,GOVT_SEC_RBI,W,2015,2014,0,2015-01-23,INR,800000000
RBI:AVG_TURNOVER_RN(1.0),N_A,TR_BILL_182_DAY,W,2015,2014,0,2015-01-23,INR,2834360000.0000005
RBI:AVG_TURNOVER_RN(1.0),N_A,MKT_REPO,W,2015,2014,0,2015-01-23,INR,1372744600000
RBI:AVG_TURNOVER_RN(1.0),N_A,NOTICE_MONEY,W,2015,2014,0,2015-01-23,INR,79131466666.66667
RBI:AVG_TURNOVER_RN(1.0),N_A,GOVT_SEC,W,2015,2014,0,2015-01-23,INR,1013434660000
RBI:AVG_TURNOVER_RN(1.0),N_A,STATE_GOVT_SEC,W,2015,2014,0,2015-01-23,INR,22993488000.000004
RBI:AVG_TURNOVER_RN(1.0),N_A,TRI_REPO,W,2015,2014,0,2015-01-23,INR,1134624833333.3333
RBI:AVG_TURNOVER_RN(1.0),N_A,CALL_MONEY,W,2015,2014,0,2015-01-23,INR,209688800000
RBI:AVG_TURNOVER_RN(1.0),N_A,FOREX,W,2015,2014,0,2015-01-23,INR,55314178200
RBI:AVG_TURNOVER_RN(1.0),N_A,CALL_MONEY,W,2015,2014,0,2015-01-16,INR,167612400000.00003
RBI:AVG_TURNOVER_RN(1.0),N_A,TR_BILL_91_DAY,W,2015,2014,0,2015-01-16,INR,36929430000
RBI:AVG_TURNOVER_RN(1.0),N_A,TR_BILL_182_DAY,W,2015,2014,0,2015-01-16,INR,10244060000
RBI:AVG_TURNOVER_RN(1.0),N_A,NOTICE_MONEY,W,2015,2014,0,2015-01-16,INR,64886933333.333336
RBI:AVG_TURNOVER_RN(1.0),N_A,GOVT_SEC,W,2015,2014,0,2015-01-16,INR,1108959528000
RBI:AVG_TURNOVER_RN(1.0),N_A,STATE_GOVT_SEC,W,2015,2014,0,2015-01-16,INR,20274024000.000004
RBI:AVG_TURNOVER_RN(1.0),N_A,FOREX,W,2015,2014,0,2015-01-16,INR,59616346800
RBI:AVG_TURNOVER_RN(1.0),N_A,GOVT_SEC_RBI,W,2015,2014,0,2015-01-16,INR,9629999999.999998
RBI:AVG_TURNOVER_RN(1.0),N_A,TRI_REPO,W,2015,2014,0,2015-01-16,INR,1270479000000
RBI:AVG_TURNOVER_RN(1.0),N_A,TERM_MONEY,W,2015,2014,0,2015-01-16,INR,2188500000
RBI:AVG_TURNOVER_RN(1.0),N_A,TR_BILL_364_DAY,W,2015,2014,0,2015-01-16,INR,26311050000
RBI:AVG_TURNOVER_RN(1.0),N_A,MKT_REPO,W,2015,2014,0,2015-01-16,INR,1178486000000
RBI:AVG_TURNOVER_RN(1.0),N_A,FOREX,W,2015,2014,0,2015-01-09,INR,56452310199.99999
RBI:AVG_TURNOVER_RN(1.0),N_A,TR_BILL_91_DAY,W,2015,2014,0,2015-01-09,INR,32185860000.000004
RBI:AVG_TURNOVER_RN(1.0),N_A,NOTICE_MONEY,W,2015,2014,0,2015-01-09,INR,83475200000
RBI:AVG_TURNOVER_RN(1.0),N_A,MKT_REPO,W,2015,2014,0,2015-01-09,INR,1200706200000
RBI:AVG_TURNOVER_RN(1.0),N_A,CALL_MONEY,W,2015,2014,0,2015-01-09,INR,176146933333.3333
RBI:AVG_TURNOVER_RN(1.0),N_A,TRI_REPO,W,2015,2014,0,2015-01-09,INR,1236673500000
RBI:AVG_TURNOVER_RN(1.0),N_A,TR_BILL_364_DAY,W,2015,2014,0,2015-01-09,INR,30245950000.000004
RBI:AVG_TURNOVER_RN(1.0),N_A,TERM_MONEY,W,2015,2014,0,2015-01-09,INR,3261133333.3333335
RBI:AVG_TURNOVER_RN(1.0),N_A,TR_BILL_182_DAY,W,2015,2014,0,2015-01-09,INR,5784670000
RBI:AVG_TURNOVER_RN(1.0),N_A,STATE_GOVT_SEC,W,2015,2014,0,2015-01-09,INR,12983628000.000002
RBI:AVG_TURNOVER_RN(1.0),N_A,GOVT_SEC,W,2015,2014,0,2015-01-09,INR,1005377424000
RBI:AVG_TURNOVER_RN(1.0),N_A,GOVT_SEC_RBI,W,2015,2014,0,2015-01-09,INR,3500000000
RBI:AVG_TURNOVER_RN(1.0),N_A,MKT_REPO,W,2015,2014,0,2015-01-02,INR,944720200000
RBI:AVG_TURNOVER_RN(1.0),N_A,TRI_REPO,W,2015,2014,0,2015-01-02,INR,1272923333333.3333
RBI:AVG_TURNOVER_RN(1.0),N_A,STATE_GOVT_SEC,W,2015,2014,0,2015-01-02,INR,18662612000.000004
RBI:AVG_TURNOVER_RN(1.0),N_A,GOVT_SEC,W,2015,2014,0,2015-01-02,INR,776479160000
RBI:AVG_TURNOVER_RN(1.0),N_A,FOREX,W,2015,2014,0,2015-01-02,INR,44805069600
RBI:AVG_TURNOVER_RN(1.0),N_A,NOTICE_MONEY,W,2015,2014,0,2015-01-02,INR,59470033333.33333
RBI:AVG_TURNOVER_RN(1.0),N_A,GOVT_SEC_RBI,W,2015,2014,0,2015-01-02,INR,5180000000
RBI:AVG_TURNOVER_RN(1.0),N_A,TR_BILL_182_DAY,W,2015,2014,0,2015-01-02,INR,10539680000
RBI:AVG_TURNOVER_RN(1.0),N_A,CALL_MONEY,W,2015,2014,0,2015-01-02,INR,258590733333.33334
RBI:AVG_TURNOVER_RN(1.0),N_A,TR_BILL_91_DAY,W,2015,2014,0,2015-01-02,INR,47032640000
RBI:AVG_TURNOVER_RN(1.0),N_A,TERM_MONEY,W,2015,2014,0,2015-01-02,INR,2535000000
RBI:AVG_TURNOVER_RN(1.0),N_A,TR_BILL_364_DAY,W,2015,2014,0,2015-01-02,INR,15216360000
RBI:AVG_TURNOVER_RN(1.0),N_A,FOREX,W,2015,2014,0,2014-12-26,INR,44464494250.00001
RBI:AVG_TURNOVER_RN(1.0),N_A,TR_BILL_364_DAY,W,2015,2014,0,2014-12-26,INR,9454600000
RBI:AVG_TURNOVER_RN(1.0),N_A,TR_BILL_91_DAY,W,2015,2014,0,2014-12-26,INR,30961925000
RBI:AVG_TURNOVER_RN(1.0),N_A,MKT_REPO,W,2015,2014,0,2014-12-26,INR,949426079999.9999
RBI:AVG_TURNOVER_RN(1.0),N_A,TR_BILL_182_DAY,W,2015,2014,0,2014-12-26,INR,7723400000
RBI:AVG_TURNOVER_RN(1.0),N_A,TERM_MONEY,W,2015,2014,0,2014-12-26,INR,5319840000
RBI:AVG_TURNOVER_RN(1.0),N_A,STATE_GOVT_SEC,W,2015,2014,0,2014-12-26,INR,23967460000
RBI:AVG_TURNOVER_RN(1.0),N_A,GOVT_SEC,W,2015,2014,0,2014-12-26,INR,738109679999.9999
RBI:AVG_TURNOVER_RN(1.0),N_A,TRI_REPO,W,2015,2014,0,2014-12-26,INR,1125187400000
RBI:AVG_TURNOVER_RN(1.0),N_A,CALL_MONEY,W,2015,2014,0,2014-12-26,INR,210733880000
RBI:AVG_TURNOVER_RN(1.0),N_A,GOVT_SEC_RBI,W,2015,2014,0,2014-12-26,INR,3250000000
RBI:AVG_TURNOVER_RN(1.0),N_A,NOTICE_MONEY,W,2015,2014,0,2014-12-26,INR,92116119999.99998
RBI:AVG_TURNOVER_RN(1.0),N_A,TR_BILL_91_DAY,W,2015,2014,0,2014-12-19,INR,13271810000
RBI:AVG_TURNOVER_RN(1.0),N_A,TR_BILL_182_DAY,W,2015,2014,0,2014-12-19,INR,12259050000
RBI:AVG_TURNOVER_RN(1.0),N_A,FOREX,W,2015,2014,0,2014-12-19,INR,61075999399.99999
RBI:AVG_TURNOVER_RN(1.0),N_A,GOVT_SEC,W,2015,2014,0,2014-12-19,INR,1197190260000
RBI:AVG_TURNOVER_RN(1.0),N_A,TR_BILL_364_DAY,W,2015,2014,0,2014-12-19,INR,11340800000
RBI:AVG_TURNOVER_RN(1.0),N_A,TRI_REPO,W,2015,2014,0,2014-12-19,INR,1313135666666.6667
RBI:AVG_TURNOVER_RN(1.0),N_A,TERM_MONEY,W,2015,2014,0,2014-12-19,INR,4845833333.333333
RBI:AVG_TURNOVER_RN(1.0),N_A,MKT_REPO,W,2015,2014,0,2014-12-19,INR,809809133333.3333
RBI:AVG_TURNOVER_RN(1.0),N_A,CALL_MONEY,W,2015,2014,0,2014-12-19,INR,179170900000
RBI:AVG_TURNOVER_RN(1.0),N_A,GOVT_SEC_RBI,W,2015,2014,0,2014-12-19,INR,3590000000
RBI:AVG_TURNOVER_RN(1.0),N_A,TR_BILL_CASH_MNG_BILLS,W,2015,2014,0,2014-12-19,INR,3368000000
RBI:AVG_TURNOVER_RN(1.0),N_A,STATE_GOVT_SEC,W,2015,2014,0,2014-12-19,INR,24774048000
RBI:AVG_TURNOVER_RN(1.0),N_A,NOTICE_MONEY,W,2015,2014,0,2014-12-19,INR,53069366666.666664
RBI:AVG_TURNOVER_RN(1.0),N_A,FOREX,W,2015,2014,0,2014-12-12,INR,56427995200
RBI:AVG_TURNOVER_RN(1.0),N_A,TR_BILL_182_DAY,W,2015,2014,0,2014-12-12,INR,8661140000
RBI:AVG_TURNOVER_RN(1.0),N_A,TRI_REPO,W,2015,2014,0,2014-12-12,INR,1194332000000
RBI:AVG_TURNOVER_RN(1.0),N_A,GOVT_SEC_RBI,W,2015,2014,0,2014-12-12,INR,4050000000
RBI:AVG_TURNOVER_RN(1.0),N_A,TERM_MONEY,W,2015,2014,0,2014-12-12,INR,4206766666.666667
RBI:AVG_TURNOVER_RN(1.0),N_A,TR_BILL_364_DAY,W,2015,2014,0,2014-12-12,INR,19747290000
RBI:AVG_TURNOVER_RN(1.0),N_A,GOVT_SEC,W,2015,2014,0,2014-12-12,INR,1052150571999.9999
RBI:AVG_TURNOVER_RN(1.0),N_A,CALL_MONEY,W,2015,2014,0,2014-12-12,INR,193520700000
RBI:AVG_TURNOVER_RN(1.0),N_A,TR_BILL_CASH_MNG_BILLS,W,2015,2014,0,2014-12-12,INR,5610699999.999999
RBI:AVG_TURNOVER_RN(1.0),N_A,STATE_GOVT_SEC,W,2015,2014,0,2014-12-12,INR,19296784000
RBI:AVG_TURNOVER_RN(1.0),N_A,MKT_REPO,W,2015,2014,0,2014-12-12,INR,1183446600000
RBI:AVG_TURNOVER_RN(1.0),N_A,NOTICE_MONEY,W,2015,2014,0,2014-12-12,INR,64912133333.33333
RBI:AVG_TURNOVER_RN(1.0),N_A,TR_BILL_91_DAY,W,2015,2014,0,2014-12-12,INR,44410840000
RBI:AVG_TURNOVER_RN(1.0),N_A,TR_BILL_364_DAY,W,2015,2014,0,2014-12-05,INR,27205820000
RBI:AVG_TURNOVER_RN(1.0),N_A,CORPO_REPO,W,2015,2014,0,2014-12-05,INR,1986400000.0000002
RBI:AVG_TURNOVER_RN(1.0),N_A,TR_BILL_91_DAY,W,2015,2014,0,2014-12-05,INR,30752130000.000004
RBI:AVG_TURNOVER_RN(1.0),N_A,GOVT_SEC,W,2015,2014,0,2014-12-05,INR,1251673476000.0002
RBI:AVG_TURNOVER_RN(1.0),N_A,MKT_REPO,W,2015,2014,0,2014-12-05,INR,1126702533333.3335
RBI:AVG_TURNOVER_RN(1.0),N_A,TRI_REPO,W,2015,2014,0,2014-12-05,INR,1271125833333.3333
RBI:AVG_TURNOVER_RN(1.0),N_A,GOVT_SEC_RBI,W,2015,2014,0,2014-12-05,INR,30650000000
RBI:AVG_TURNOVER_RN(1.0),N_A,TERM_MONEY,W,2015,2014,0,2014-12-05,INR,3703466666.6666665
RBI:AVG_TURNOVER_RN(1.0),N_A,CALL_MONEY,W,2015,2014,0,2014-12-05,INR,182159200000.00003
RBI:AVG_TURNOVER_RN(1.0),N_A,TR_BILL_CASH_MNG_BILLS,W,2015,2014,0,2014-12-05,INR,544000000
RBI:AVG_TURNOVER_RN(1.0),N_A,FOREX,W,2015,2014,0,2014-12-05,INR,48465604000
RBI:AVG_TURNOVER_RN(1.0),N_A,NOTICE_MONEY,W,2015,2014,0,2014-12-05,INR,45658266666.66667
RBI:AVG_TURNOVER_RN(1.0),N_A,STATE_GOVT_SEC,W,2015,2014,0,2014-12-05,INR,12898808000.000002
RBI:AVG_TURNOVER_RN(1.0),N_A,TR_BILL_182_DAY,W,2015,2014,0,2014-12-05,INR,12781280000.000002
RBI:AVG_TURNOVER_RN(1.0),N_A,TR_BILL_182_DAY,W,2015,2014,0,2014-11-28,INR,8209170000
RBI:AVG_TURNOVER_RN(1.0),N_A,STATE_GOVT_SEC,W,2015,2014,0,2014-11-28,INR,15263548000.000002
RBI:AVG_TURNOVER_RN(1.0),N_A,TERM_MONEY,W,2015,2014,0,2014-11-28,INR,5031666666.666667
RBI:AVG_TURNOVER_RN(1.0),N_A,FOREX,W,2015,2014,0,2014-11-28,INR,54554684199.99999
RBI:AVG_TURNOVER_RN(1.0),N_A,TRI_REPO,W,2015,2014,0,2014-11-28,INR,1127695000000
RBI:AVG_TURNOVER_RN(1.0),N_A,MKT_REPO,W,2015,2014,0,2014-11-28,INR,1224069666666.6667
RBI:AVG_TURNOVER_RN(1.0),N_A,CALL_MONEY,W,2015,2014,0,2014-11-28,INR,176345700000
RBI:AVG_TURNOVER_RN(1.0),N_A,TR_BILL_91_DAY,W,2015,2014,0,2014-11-28,INR,16641130000
RBI:AVG_TURNOVER_RN(1.0),N_A,TR_BILL_364_DAY,W,2015,2014,0,2014-11-28,INR,11249290000
RBI:AVG_TURNOVER_RN(1.0),N_A,TR_BILL_CASH_MNG_BILLS,W,2015,2014,0,2014-11-28,INR,285400000
RBI:AVG_TURNOVER_RN(1.0),N_A,GOVT_SEC,W,2015,2014,0,2014-11-28,INR,782322403999.9999
RBI:AVG_TURNOVER_RN(1.0),N_A,NOTICE_MONEY,W,2015,2014,0,2014-11-28,INR,75700800000.00002
RBI:AVG_TURNOVER_RN(1.0),N_A,GOVT_SEC_RBI,W,2015,2014,0,2014-11-28,INR,7080000000
RBI:AVG_TURNOVER_RN(1.0),N_A,TR_BILL_182_DAY,W,2015,2014,0,2014-11-21,INR,8869940000
RBI:AVG_TURNOVER_RN(1.0),N_A,TERM_MONEY,W,2015,2014,0,2014-11-21,INR,3101666666.666667
RBI:AVG_TURNOVER_RN(1.0),N_A,NOTICE_MONEY,W,2015,2014,0,2014-11-21,INR,37929800000
RBI:AVG_TURNOVER_RN(1.0),N_A,TRI_REPO,W,2015,2014,0,2014-11-21,INR,1237354500000
RBI:AVG_TURNOVER_RN(1.0),N_A,TR_BILL_CASH_MNG_BILLS,W,2015,2014,0,2014-11-21,INR,2000000000
RBI:AVG_TURNOVER_RN(1.0),N_A,MKT_REPO,W,2015,2014,0,2014-11-21,INR,967356266666.6666
RBI:AVG_TURNOVER_RN(1.0),N_A,FOREX,W,2015,2014,0,2014-11-21,INR,54826187600.00001
RBI:AVG_TURNOVER_RN(1.0),N_A,GOVT_SEC,W,2015,2014,0,2014-11-21,INR,942322627999.9999
RBI:AVG_TURNOVER_RN(1.0),N_A,TR_BILL_91_DAY,W,2015,2014,0,2014-11-21,INR,37638290000
RBI:AVG_TURNOVER_RN(1.0),N_A,TR_BILL_364_DAY,W,2015,2014,0,2014-11-21,INR,9942639999.999998
RBI:AVG_TURNOVER_RN(1.0),N_A,CALL_MONEY,W,2015,2014,0,2014-11-21,INR,163993133333.33334
RBI:AVG_TURNOVER_RN(1.0),N_A,GOVT_SEC_RBI,W,2015,2014,0,2014-11-21,INR,4430000000
RBI:AVG_TURNOVER_RN(1.0),N_A,STATE_GOVT_SEC,W,2015,2014,0,2014-11-21,INR,9928316000
RBI:AVG_TURNOVER_RN(1.0),N_A,GOVT_SEC_RBI,W,2015,2014,0,2014-11-14,INR,4889999999.999999
RBI:AVG_TURNOVER_RN(1.0),N_A,CALL_MONEY,W,2015,2014,0,2014-11-14,INR,150161033333.3333
RBI:AVG_TURNOVER_RN(1.0),N_A,TR_BILL_364_DAY,W,2015,2014,0,2014-11-14,INR,29081610000
RBI:AVG_TURNOVER_RN(1.0),N_A,TERM_MONEY,W,2015,2014,0,2014-11-14,INR,4095000000
RBI:AVG_TURNOVER_RN(1.0),N_A,MKT_REPO,W,2015,2014,0,2014-11-14,INR,1097690066666.6666
RBI:AVG_TURNOVER_RN(1.0),N_A,TRI_REPO,W,2015,2014,0,2014-11-14,INR,1137131333333.3335
RBI:AVG_TURNOVER_RN(1.0),N_A,GOVT_SEC,W,2015,2014,0,2014-11-14,INR,900565524000
RBI:AVG_TURNOVER_RN(1.0),N_A,NOTICE_MONEY,W,2015,2014,0,2014-11-14,INR,76933933333.33333
RBI:AVG_TURNOVER_RN(1.0),N_A,FOREX,W,2015,2014,0,2014-11-14,INR,52722990800.00001
RBI:AVG_TURNOVER_RN(1.0),N_A,TR_BILL_182_DAY,W,2015,2014,0,2014-11-14,INR,11522510000
RBI:AVG_TURNOVER_RN(1.0),N_A,STATE_GOVT_SEC,W,2015,2014,0,2014-11-14,INR,12149924000
RBI:AVG_TURNOVER_RN(1.0),N_A,TR_BILL_91_DAY,W,2015,2014,0,2014-11-14,INR,16801500000
RBI:AVG_TURNOVER_RN(1.0),N_A,TR_BILL_CASH_MNG_BILLS,W,2015,2014,0,2014-11-14,INR,12363240000
RBI:AVG_TURNOVER_RN(1.0),N_A,TERM_MONEY,W,2015,2014,0,2014-11-07,INR,3246600000.0000005
RBI:AVG_TURNOVER_RN(1.0),N_A,TR_BILL_182_DAY,W,2015,2014,0,2014-11-07,INR,24651100000
RBI:AVG_TURNOVER_RN(1.0),N_A,MKT_REPO,W,2015,2014,0,2014-11-07,INR,844749200000
RBI:AVG_TURNOVER_RN(1.0),N_A,TRI_REPO,W,2015,2014,0,2014-11-07,INR,1053478000000
RBI:AVG_TURNOVER_RN(1.0),N_A,CALL_MONEY,W,2015,2014,0,2014-11-07,INR,128828600000
RBI:AVG_TURNOVER_RN(1.0),N_A,GOVT_SEC_RBI,W,2015,2014,0,2014-11-07,INR,46900000000
RBI:AVG_TURNOVER_RN(1.0),N_A,TR_BILL_364_DAY,W,2015,2014,0,2014-11-07,INR,11746683333.333332
RBI:AVG_TURNOVER_RN(1.0),N_A,FOREX,W,2015,2014,0,2014-11-07,INR,63442297666.66667
RBI:AVG_TURNOVER_RN(1.0),N_A,STATE_GOVT_SEC,W,2015,2014,0,2014-11-07,INR,14897806666.666666
RBI:AVG_TURNOVER_RN(1.0),N_A,NOTICE_MONEY,W,2015,2014,0,2014-11-07,INR,67291850000.00001
RBI:AVG_TURNOVER_RN(1.0),N_A,GOVT_SEC,W,2015,2014,0,2014-11-07,INR,1159376560000
RBI:AVG_TURNOVER_RN(1.0),N_A,TR_BILL_91_DAY,W,2015,2014,0,2014-11-07,INR,80194700000
RBI:AVG_TURNOVER_RN(1.0),N_A,CALL_MONEY,W,2015,2014,0,2014-10-31,INR,186083200000
RBI:AVG_TURNOVER_RN(1.0),N_A,STATE_GOVT_SEC,W,2015,2014,0,2014-10-31,INR,11842820000
RBI:AVG_TURNOVER_RN(1.0),N_A,TERM_MONEY,W,2015,2014,0,2014-10-31,INR,4546666666.666667
RBI:AVG_TURNOVER_RN(1.0),N_A,GOVT_SEC_RBI,W,2015,2014,0,2014-10-31,INR,6409999999.999999
RBI:AVG_TURNOVER_RN(1.0),N_A,TRI_REPO,W,2015,2014,0,2014-10-31,INR,1111461833333.3333
RBI:AVG_TURNOVER_RN(1.0),N_A,FOREX,W,2015,2014,0,2014-10-31,INR,60075162000
RBI:AVG_TURNOVER_RN(1.0),N_A,MKT_REPO,W,2015,2014,0,2014-10-31,INR,1131655933333.3335
RBI:AVG_TURNOVER_RN(1.0),N_A,TR_BILL_182_DAY,W,2015,2014,0,2014-10-31,INR,11853760000
RBI:AVG_TURNOVER_RN(1.0),N_A,GOVT_SEC,W,2015,2014,0,2014-10-31,INR,805373123999.9999
RBI:AVG_TURNOVER_RN(1.0),N_A,NOTICE_MONEY,W,2015,2014,0,2014-10-31,INR,57537133333.33333
RBI:AVG_TURNOVER_RN(1.0),N_A,TR_BILL_91_DAY,W,2015,2014,0,2014-10-31,INR,47145730000
RBI:AVG_TURNOVER_RN(1.0),N_A,TR_BILL_364_DAY,W,2015,2014,0,2014-10-31,INR,18272840000
RBI:AVG_TURNOVER_RN(1.0),N_A,CALL_MONEY,W,2015,2014,0,2014-10-24,INR,156285950000
RBI:AVG_TURNOVER_RN(1.0),N_A,TRI_REPO,W,2015,2014,0,2014-10-24,INR,911034000000
RBI:AVG_TURNOVER_RN(1.0),N_A,TR_BILL_91_DAY,W,2015,2014,0,2014-10-24,INR,13391166666.666666
RBI:AVG_TURNOVER_RN(1.0),N_A,MKT_REPO,W,2015,2014,0,2014-10-24,INR,895562000000
RBI:AVG_TURNOVER_RN(1.0),N_A,NOTICE_MONEY,W,2015,2014,0,2014-10-24,INR,67541899999.99999
RBI:AVG_TURNOVER_RN(1.0),N_A,STATE_GOVT_SEC,W,2015,2014,0,2014-10-24,INR,19422073333.333332
RBI:AVG_TURNOVER_RN(1.0),N_A,TERM_MONEY,W,2015,2014,0,2014-10-24,INR,4410000000
RBI:AVG_TURNOVER_RN(1.0),N_A,TR_BILL_364_DAY,W,2015,2014,0,2014-10-24,INR,23931300000
RBI:AVG_TURNOVER_RN(1.0),N_A,GOVT_SEC,W,2015,2014,0,2014-10-24,INR,755011693333.3334
RBI:AVG_TURNOVER_RN(1.0),N_A,FOREX,W,2015,2014,0,2014-10-24,INR,57659733333.33334
RBI:AVG_TURNOVER_RN(1.0),N_A,GOVT_SEC_RBI,W,2015,2014,0,2014-10-24,INR,5700000000
RBI:AVG_TURNOVER_RN(1.0),N_A,TR_BILL_182_DAY,W,2015,2014,0,2014-10-24,INR,6730533333.333334
RBI:AVG_TURNOVER_RN(1.0),N_A,CALL_MONEY,W,2015,2014,0,2014-10-17,INR,174206960000
RBI:AVG_TURNOVER_RN(1.0),N_A,FOREX,W,2015,2014,0,2014-10-17,INR,61127540000
RBI:AVG_TURNOVER_RN(1.0),N_A,STATE_GOVT_SEC,W,2015,2014,0,2014-10-17,INR,13841600000
RBI:AVG_TURNOVER_RN(1.0),N_A,GOVT_SEC,W,2015,2014,0,2014-10-17,INR,895814865000
RBI:AVG_TURNOVER_RN(1.0),N_A,TERM_MONEY,W,2015,2014,0,2014-10-17,INR,6147840000
RBI:AVG_TURNOVER_RN(1.0),N_A,TRI_REPO,W,2015,2014,0,2014-10-17,INR,958558400000
RBI:AVG_TURNOVER_RN(1.0),N_A,NOTICE_MONEY,W,2015,2014,0,2014-10-17,INR,72833280000
RBI:AVG_TURNOVER_RN(1.0),N_A,TR_BILL_364_DAY,W,2015,2014,0,2014-10-17,INR,20106787500
RBI:AVG_TURNOVER_RN(1.0),N_A,TR_BILL_182_DAY,W,2015,2014,0,2014-10-17,INR,6336937500
RBI:AVG_TURNOVER_RN(1.0),N_A,TR_BILL_91_DAY,W,2015,2014,0,2014-10-17,INR,30193100000
RBI:AVG_TURNOVER_RN(1.0),N_A,GOVT_SEC_RBI,W,2015,2014,0,2014-10-17,INR,19220000000
RBI:AVG_TURNOVER_RN(1.0),N_A,MKT_REPO,W,2015,2014,0,2014-10-17,INR,1113798160000
RBI:AVG_TURNOVER_RN(1.0),N_A,MKT_REPO,W,2015,2014,0,2014-10-10,INR,1007627920000
RBI:AVG_TURNOVER_RN(1.0),N_A,TR_BILL_182_DAY,W,2015,2014,0,2014-10-10,INR,19596512500
RBI:AVG_TURNOVER_RN(1.0),N_A,GOVT_SEC_RBI,W,2015,2014,0,2014-10-10,INR,5930000000
RBI:AVG_TURNOVER_RN(1.0),N_A,TR_BILL_364_DAY,W,2015,2014,0,2014-10-10,INR,27870612500.000004
RBI:AVG_TURNOVER_RN(1.0),N_A,STATE_GOVT_SEC,W,2015,2014,0,2014-10-10,INR,6402360000
RBI:AVG_TURNOVER_RN(1.0),N_A,CALL_MONEY,W,2015,2014,0,2014-10-10,INR,182285799999.99997
RBI:AVG_TURNOVER_RN(1.0),N_A,FOREX,W,2015,2014,0,2014-10-10,INR,63314887500
RBI:AVG_TURNOVER_RN(1.0),N_A,TR_BILL_91_DAY,W,2015,2014,0,2014-10-10,INR,52499912500
RBI:AVG_TURNOVER_RN(1.0),N_A,NOTICE_MONEY,W,2015,2014,0,2014-10-10,INR,70707240000
RBI:AVG_TURNOVER_RN(1.0),N_A,TERM_MONEY,W,2015,2014,0,2014-10-10,INR,9506000000
RBI:AVG_TURNOVER_RN(1.0),N_A,GOVT_SEC,W,2015,2014,0,2014-10-10,INR,819709924999.9999
RBI:AVG_TURNOVER_RN(1.0),N_A,TRI_REPO,W,2015,2014,0,2014-10-10,INR,1118470400000
RBI:AVG_TURNOVER_RN(1.0),N_A,TR_BILL_364_DAY,W,2015,2014,0,2014-10-03,INR,23022433333.333332
RBI:AVG_TURNOVER_RN(1.0),N_A,GOVT_SEC_RBI,W,2015,2014,0,2014-10-03,INR,5670000000.000001
RBI:AVG_TURNOVER_RN(1.0),N_A,TRI_REPO,W,2015,2014,0,2014-10-03,INR,1007496750000
RBI:AVG_TURNOVER_RN(1.0),N_A,MKT_REPO,W,2015,2014,0,2014-10-03,INR,1195901000000
RBI:AVG_TURNOVER_RN(1.0),N_A,NOTICE_MONEY,W,2015,2014,0,2014-10-03,INR,99622800000
RBI:AVG_TURNOVER_RN(1.0),N_A,GOVT_SEC,W,2015,2014,0,2014-10-03,INR,707691506666.6666
RBI:AVG_TURNOVER_RN(1.0),N_A,TR_BILL_91_DAY,W,2015,2014,0,2014-10-03,INR,38393550000
RBI:AVG_TURNOVER_RN(1.0),N_A,CALL_MONEY,W,2015,2014,0,2014-10-03,INR,186326900000
RBI:AVG_TURNOVER_RN(1.0),N_A,FOREX,W,2015,2014,0,2014-10-03,INR,72784099999.99998
RBI:AVG_TURNOVER_RN(1.0),N_A,TR_BILL_182_DAY,W,2015,2014,0,2014-10-03,INR,5350933333.333334
RBI:AVG_TURNOVER_RN(1.0),N_A,TERM_MONEY,W,2015,2014,0,2014-10-03,INR,2345000000
RBI:AVG_TURNOVER_RN(1.0),N_A,STATE_GOVT_SEC,W,2015,2014,0,2014-10-03,INR,4908346666.666666
RBI:AVG_TURNOVER_RN(1.0),N_A,GOVT_SEC_RBI,W,2015,2014,0,2014-09-26,INR,6670000000
RBI:AVG_TURNOVER_RN(1.0),N_A,GOVT_SEC,W,2015,2014,0,2014-09-26,INR,583753888000
RBI:AVG_TURNOVER_RN(1.0),N_A,STATE_GOVT_SEC,W,2015,2014,0,2014-09-26,INR,10141632000
RBI:AVG_TURNOVER_RN(1.0),N_A,MKT_REPO,W,2015,2014,0,2014-09-26,INR,1137858000000
RBI:AVG_TURNOVER_RN(1.0),N_A,TRI_REPO,W,2015,2014,0,2014-09-26,INR,1223681833333.3333
RBI:AVG_TURNOVER_RN(1.0),N_A,TERM_MONEY,W,2015,2014,0,2014-09-26,INR,3185500000
RBI:AVG_TURNOVER_RN(1.0),N_A,TR_BILL_91_DAY,W,2015,2014,0,2014-09-26,INR,31647370000
RBI:AVG_TURNOVER_RN(1.0),N_A,CALL_MONEY,W,2015,2014,0,2014-09-26,INR,204797066666.6667
RBI:AVG_TURNOVER_RN(1.0),N_A,FOREX,W,2015,2014,0,2014-09-26,INR,60192380000
RBI:AVG_TURNOVER_RN(1.0),N_A,NOTICE_MONEY,W,2015,2014,0,2014-09-26,INR,53793200000
RBI:AVG_TURNOVER_RN(1.0),N_A,TR_BILL_364_DAY,W,2015,2014,0,2014-09-26,INR,12917959999.999998
RBI:AVG_TURNOVER_RN(1.0),N_A,TR_BILL_182_DAY,W,2015,2014,0,2014-09-26,INR,11100020000
RBI:AVG_TURNOVER_RN(1.0),N_A,TR_BILL_91_DAY,W,2015,2014,0,2014-09-19,INR,27611180000
RBI:AVG_TURNOVER_RN(1.0),N_A,CALL_MONEY,W,2015,2014,0,2014-09-19,INR,170702666666.66666
RBI:AVG_TURNOVER_RN(1.0),N_A,NOTICE_MONEY,W,2015,2014,0,2014-09-19,INR,64240700000
RBI:AVG_TURNOVER_RN(1.0),N_A,FOREX,W,2015,2014,0,2014-09-19,INR,55583420000
RBI:AVG_TURNOVER_RN(1.0),N_A,TERM_MONEY,W,2015,2014,0,2014-09-19,INR,6211666666.666666
RBI:AVG_TURNOVER_RN(1.0),N_A,GOVT_SEC_RBI,W,2015,2014,0,2014-09-19,INR,800000000
RBI:AVG_TURNOVER_RN(1.0),N_A,TR_BILL_364_DAY,W,2015,2014,0,2014-09-19,INR,11093980000
RBI:AVG_TURNOVER_RN(1.0),N_A,STATE_GOVT_SEC,W,2015,2014,0,2014-09-19,INR,20119299999.999996
RBI:AVG_TURNOVER_RN(1.0),N_A,TR_BILL_182_DAY,W,2015,2014,0,2014-09-19,INR,7427039999.999999
RBI:AVG_TURNOVER_RN(1.0),N_A,CORPO_REPO,W,2015,2014,0,2014-09-19,INR,488000000
RBI:AVG_TURNOVER_RN(1.0),N_A,TRI_REPO,W,2015,2014,0,2014-09-19,INR,1225914000000
RBI:AVG_TURNOVER_RN(1.0),N_A,MKT_REPO,W,2015,2014,0,2014-09-19,INR,1241599866666.6667
RBI:AVG_TURNOVER_RN(1.0),N_A,GOVT_SEC,W,2015,2014,0,2014-09-19,INR,632106344000
RBI:AVG_TURNOVER_RN(1.0),N_A,CALL_MONEY,W,2015,2014,0,2014-09-12,INR,162624066666.6667
RBI:AVG_TURNOVER_RN(1.0),N_A,CORPO_REPO,W,2015,2014,0,2014-09-12,INR,2976800000
RBI:AVG_TURNOVER_RN(1.0),N_A,TR_BILL_91_DAY,W,2015,2014,0,2014-09-12,INR,32601470000
RBI:AVG_TURNOVER_RN(1.0),N_A,TRI_REPO,W,2015,2014,0,2014-09-12,INR,1327896833333.3333
RBI:AVG_TURNOVER_RN(1.0),N_A,NOTICE_MONEY,W,2015,2014,0,2014-09-12,INR,45264333333.333336
RBI:AVG_TURNOVER_RN(1.0),N_A,STATE_GOVT_SEC,W,2015,2014,0,2014-09-12,INR,10540639999.999998
RBI:AVG_TURNOVER_RN(1.0),N_A,TERM_MONEY,W,2015,2014,0,2014-09-12,INR,7016666666.666666
RBI:AVG_TURNOVER_RN(1.0),N_A,GOVT_SEC,W,2015,2014,0,2014-09-12,INR,558889632000
RBI:AVG_TURNOVER_RN(1.0),N_A,TR_BILL_364_DAY,W,2015,2014,0,2014-09-12,INR,16622320000
RBI:AVG_TURNOVER_RN(1.0),N_A,FOREX,W,2015,2014,0,2014-09-12,INR,55409882000
RBI:AVG_TURNOVER_RN(1.0),N_A,GOVT_SEC_RBI,W,2015,2014,0,2014-09-12,INR,2720000000
RBI:AVG_TURNOVER_RN(1.0),N_A,TR_BILL_182_DAY,W,2015,2014,0,2014-09-12,INR,20098669999.999996
RBI:AVG_TURNOVER_RN(1.0),N_A,MKT_REPO,W,2015,2014,0,2014-09-12,INR,1152402199999.9998
RBI:AVG_TURNOVER_RN(1.0),N_A,TR_BILL_182_DAY,W,2015,2014,0,2014-09-05,INR,16393470000.000002
RBI:AVG_TURNOVER_RN(1.0),N_A,FOREX,W,2015,2014,0,2014-09-05,INR,51491720000
RBI:AVG_TURNOVER_RN(1.0),N_A,NOTICE_MONEY,W,2015,2014,0,2014-09-05,INR,58275566666.666664
RBI:AVG_TURNOVER_RN(1.0),N_A,TR_BILL_91_DAY,W,2015,2014,0,2014-09-05,INR,27115479999.999996
RBI:AVG_TURNOVER_RN(1.0),N_A,GOVT_SEC_RBI,W,2015,2014,0,2014-09-05,INR,1860000000
RBI:AVG_TURNOVER_RN(1.0),N_A,TRI_REPO,W,2015,2014,0,2014-09-05,INR,1051818833333.3335
RBI:AVG_TURNOVER_RN(1.0),N_A,TERM_MONEY,W,2015,2014,0,2014-09-05,INR,3235000000
RBI:AVG_TURNOVER_RN(1.0),N_A,CORPO_REPO,W,2015,2014,0,2014-09-05,INR,852000000
RBI:AVG_TURNOVER_RN(1.0),N_A,MKT_REPO,W,2015,2014,0,2014-09-05,INR,1269407400000
RBI:AVG_TURNOVER_RN(1.0),N_A,CALL_MONEY,W,2015,2014,0,2014-09-05,INR,142817466666.66666
RBI:AVG_TURNOVER_RN(1.0),N_A,TR_BILL_364_DAY,W,2015,2014,0,2014-09-05,INR,20220070000
RBI:AVG_TURNOVER_RN(1.0),N_A,STATE_GOVT_SEC,W,2015,2014,0,2014-09-05,INR,4444095999.999999
RBI:AVG_TURNOVER_RN(1.0),N_A,GOVT_SEC,W,2015,2014,0,2014-09-05,INR,447647376000
RBI:AVG_TURNOVER_RN(1.0),N_A,TRI_REPO,W,2015,2014,0,2014-08-29,INR,1279827600000
RBI:AVG_TURNOVER_RN(1.0),N_A,NOTICE_MONEY,W,2015,2014,0,2014-08-29,INR,62412400000
RBI:AVG_TURNOVER_RN(1.0),N_A,STATE_GOVT_SEC,W,2015,2014,0,2014-08-29,INR,5001655000
RBI:AVG_TURNOVER_RN(1.0),N_A,TR_BILL_91_DAY,W,2015,2014,0,2014-08-29,INR,42811850000.00001
RBI:AVG_TURNOVER_RN(1.0),N_A,GOVT_SEC_RBI,W,2015,2014,0,2014-08-29,INR,1129999999.9999998
RBI:AVG_TURNOVER_RN(1.0),N_A,TR_BILL_182_DAY,W,2015,2014,0,2014-08-29,INR,8020912499.999999
RBI:AVG_TURNOVER_RN(1.0),N_A,CALL_MONEY,W,2015,2014,0,2014-08-29,INR,145811880000
RBI:AVG_TURNOVER_RN(1.0),N_A,FOREX,W,2015,2014,0,2014-08-29,INR,59392276000
RBI:AVG_TURNOVER_RN(1.0),N_A,TERM_MONEY,W,2015,2014,0,2014-08-29,INR,3708000000
RBI:AVG_TURNOVER_RN(1.0),N_A,GOVT_SEC,W,2015,2014,0,2014-08-29,INR,258752985000
RBI:AVG_TURNOVER_RN(1.0),N_A,TR_BILL_364_DAY,W,2015,2014,0,2014-08-29,INR,15177412500
RBI:AVG_TURNOVER_RN(1.0),N_A,MKT_REPO,W,2015,2014,0,2014-08-29,INR,836958239999.9999
RBI:AVG_TURNOVER_RN(1.0),N_A,TRI_REPO,W,2015,2014,0,2014-08-22,INR,1153159800000
RBI:AVG_TURNOVER_RN(1.0),N_A,GOVT_SEC_RBI,W,2015,2014,0,2014-08-22,INR,920000000
RBI:AVG_TURNOVER_RN(1.0),N_A,FOREX,W,2015,2014,0,2014-08-22,INR,59248220000
RBI:AVG_TURNOVER_RN(1.0),N_A,CALL_MONEY,W,2015,2014,0,2014-08-22,INR,153854880000
RBI:AVG_TURNOVER_RN(1.0),N_A,TR_BILL_182_DAY,W,2015,2014,0,2014-08-22,INR,9803975000
RBI:AVG_TURNOVER_RN(1.0),N_A,TR_BILL_364_DAY,W,2015,2014,0,2014-08-22,INR,13616025000
RBI:AVG_TURNOVER_RN(1.0),N_A,GOVT_SEC,W,2015,2014,0,2014-08-22,INR,843824189999.9999
RBI:AVG_TURNOVER_RN(1.0),N_A,NOTICE_MONEY,W,2015,2014,0,2014-08-22,INR,64266480000
RBI:AVG_TURNOVER_RN(1.0),N_A,STATE_GOVT_SEC,W,2015,2014,0,2014-08-22,INR,3445875000
RBI:AVG_TURNOVER_RN(1.0),N_A,TERM_MONEY,W,2015,2014,0,2014-08-22,INR,4294000000
RBI:AVG_TURNOVER_RN(1.0),N_A,MKT_REPO,W,2015,2014,0,2014-08-22,INR,1125616240000
RBI:AVG_TURNOVER_RN(1.0),N_A,TR_BILL_91_DAY,W,2015,2014,0,2014-08-22,INR,34807450000
RBI:AVG_TURNOVER_RN(1.0),N_A,CALL_MONEY,W,2015,2014,0,2014-08-15,INR,123286680000
RBI:AVG_TURNOVER_RN(1.0),N_A,NOTICE_MONEY,W,2015,2014,0,2014-08-15,INR,46875640000
RBI:AVG_TURNOVER_RN(1.0),N_A,TRI_REPO,W,2015,2014,0,2014-08-15,INR,1181532600000
RBI:AVG_TURNOVER_RN(1.0),N_A,STATE_GOVT_SEC,W,2015,2014,0,2014-08-15,INR,4073090000
RBI:AVG_TURNOVER_RN(1.0),N_A,TR_BILL_91_DAY,W,2015,2014,0,2014-08-15,INR,41360437500
RBI:AVG_TURNOVER_RN(1.0),N_A,MKT_REPO,W,2015,2014,0,2014-08-15,INR,775978160000.0001
RBI:AVG_TURNOVER_RN(1.0),N_A,GOVT_SEC,W,2015,2014,0,2014-08-15,INR,492235875000
RBI:AVG_TURNOVER_RN(1.0),N_A,TR_BILL_364_DAY,W,2015,2014,0,2014-08-15,INR,14092750000
RBI:AVG_TURNOVER_RN(1.0),N_A,TERM_MONEY,W,2015,2014,0,2014-08-15,INR,580000000
RBI:AVG_TURNOVER_RN(1.0),N_A,GOVT_SEC_RBI,W,2015,2014,0,2014-08-15,INR,60000000
RBI:AVG_TURNOVER_RN(1.0),N_A,FOREX,W,2015,2014,0,2014-08-15,INR,44431115000
RBI:AVG_TURNOVER_RN(1.0),N_A,TR_BILL_182_DAY,W,2015,2014,0,2014-08-15,INR,17955000000
RBI:AVG_TURNOVER_RN(1.0),N_A,FOREX,W,2015,2014,0,2014-08-08,INR,55956762000
RBI:AVG_TURNOVER_RN(1.0),N_A,CALL_MONEY,W,2015,2014,0,2014-08-08,INR,194184800000
RBI:AVG_TURNOVER_RN(1.0),N_A,TERM_MONEY,W,2015,2014,0,2014-08-08,INR,3560000000
RBI:AVG_TURNOVER_RN(1.0),N_A,NOTICE_MONEY,W,2015,2014,0,2014-08-08,INR,48315600000.00001
RBI:AVG_TURNOVER_RN(1.0),N_A,TR_BILL_91_DAY,W,2015,2014,0,2014-08-08,INR,54959510000
RBI:AVG_TURNOVER_RN(1.0),N_A,MKT_REPO,W,2015,2014,0,2014-08-08,INR,1074442333333.3334
RBI:AVG_TURNOVER_RN(1.0),N_A,CORPO_REPO,W,2015,2014,0,2014-08-08,INR,5072000000
RBI:AVG_TURNOVER_RN(1.0),N_A,GOVT_SEC_RBI,W,2015,2014,0,2014-08-08,INR,2540000000
RBI:AVG_TURNOVER_RN(1.0),N_A,TR_BILL_364_DAY,W,2015,2014,0,2014-08-08,INR,22922130000.000004
RBI:AVG_TURNOVER_RN(1.0),N_A,TR_BILL_182_DAY,W,2015,2014,0,2014-08-08,INR,12944350000
RBI:AVG_TURNOVER_RN(1.0),N_A,TRI_REPO,W,2015,2014,0,2014-08-08,INR,1197581000000
RBI:AVG_TURNOVER_RN(1.0),N_A,STATE_GOVT_SEC,W,2015,2014,0,2014-08-08,INR,2811436000
RBI:AVG_TURNOVER_RN(1.0),N_A,GOVT_SEC,W,2015,2014,0,2014-08-08,INR,488418531999.99994
RBI:AVG_TURNOVER_RN(1.0),N_A,GOVT_SEC_RBI,W,2015,2014,0,2014-08-01,INR,390000000
RBI:AVG_TURNOVER_RN(1.0),N_A,MKT_REPO,W,2015,2014,0,2014-08-01,INR,872011440000
RBI:AVG_TURNOVER_RN(1.0),N_A,TERM_MONEY,W,2015,2014,0,2014-08-01,INR,3704000000
RBI:AVG_TURNOVER_RN(1.0),N_A,STATE_GOVT_SEC,W,2015,2014,0,2014-08-01,INR,3414300000
RBI:AVG_TURNOVER_RN(1.0),N_A,CALL_MONEY,W,2015,2014,0,2014-08-01,INR,187312040000.00003
RBI:AVG_TURNOVER_RN(1.0),N_A,NOTICE_MONEY,W,2015,2014,0,2014-08-01,INR,67660120000
RBI:AVG_TURNOVER_RN(1.0),N_A,TR_BILL_182_DAY,W,2015,2014,0,2014-08-01,INR,18017800000
RBI:AVG_TURNOVER_RN(1.0),N_A,GOVT_SEC,W,2015,2014,0,2014-08-01,INR,567651845000
RBI:AVG_TURNOVER_RN(1.0),N_A,FOREX,W,2015,2014,0,2014-08-01,INR,59865787500
RBI:AVG_TURNOVER_RN(1.0),N_A,TR_BILL_91_DAY,W,2015,2014,0,2014-08-01,INR,24413762499.999996
RBI:AVG_TURNOVER_RN(1.0),N_A,TR_BILL_364_DAY,W,2015,2014,0,2014-08-01,INR,7367424999.999999
RBI:AVG_TURNOVER_RN(1.0),N_A,TRI_REPO,W,2015,2014,0,2014-08-01,INR,1164170800000
RBI:AVG_TURNOVER_RN(1.0),N_A,TRI_REPO,W,2015,2014,0,2014-07-25,INR,961598499999.9999
RBI:AVG_TURNOVER_RN(1.0),N_A,GOVT_SEC_RBI,W,2015,2014,0,2014-07-25,INR,310000000
RBI:AVG_TURNOVER_RN(1.0),N_A,NOTICE_MONEY,W,2015,2014,0,2014-07-25,INR,52966033333.333336
RBI:AVG_TURNOVER_RN(1.0),N_A,TERM_MONEY,W,2015,2014,0,2014-07-25,INR,4943333333.333333
RBI:AVG_TURNOVER_RN(1.0),N_A,FOREX,W,2015,2014,0,2014-07-25,INR,49598720000
RBI:AVG_TURNOVER_RN(1.0),N_A,TR_BILL_364_DAY,W,2015,2014,0,2014-07-25,INR,18721660000
RBI:AVG_TURNOVER_RN(1.0),N_A,MKT_REPO,W,2015,2014,0,2014-07-25,INR,1022259933333.3334
RBI:AVG_TURNOVER_RN(1.0),N_A,CALL_MONEY,W,2015,2014,0,2014-07-25,INR,119364366666.66667
RBI:AVG_TURNOVER_RN(1.0),N_A,STATE_GOVT_SEC,W,2015,2014,0,2014-07-25,INR,12650891999.999998
RBI:AVG_TURNOVER_RN(1.0),N_A,TR_BILL_91_DAY,W,2015,2014,0,2014-07-25,INR,24667720000
RBI:AVG_TURNOVER_RN(1.0),N_A,TR_BILL_182_DAY,W,2015,2014,0,2014-07-25,INR,6095210000
RBI:AVG_TURNOVER_RN(1.0),N_A,GOVT_SEC,W,2015,2014,0,2014-07-25,INR,753613836000
RBI:AVG_TURNOVER_RN(1.0),N_A,TR_BILL_91_DAY,W,2015,2014,0,2014-07-18,INR,36699620000.00001
RBI:AVG_TURNOVER_RN(1.0),N_A,TRI_REPO,W,2015,2014,0,2014-07-18,INR,1060532166666.6667
RBI:AVG_TURNOVER_RN(1.0),N_A,STATE_GOVT_SEC,W,2015,2014,0,2014-07-18,INR,4357252000
RBI:AVG_TURNOVER_RN(1.0),N_A,NOTICE_MONEY,W,2015,2014,0,2014-07-18,INR,32754500000.000004
RBI:AVG_TURNOVER_RN(1.0),N_A,CORPO_REPO,W,2015,2014,0,2014-07-18,INR,600000000
RBI:AVG_TURNOVER_RN(1.0),N_A,TR_BILL_364_DAY,W,2015,2014,0,2014-07-18,INR,11600790000.000002
RBI:AVG_TURNOVER_RN(1.0),N_A,GOVT_SEC_RBI,W,2015,2014,0,2014-07-18,INR,1490000000
RBI:AVG_TURNOVER_RN(1.0),N_A,TERM_MONEY,W,2015,2014,0,2014-07-18,INR,1976666666.6666665
RBI:AVG_TURNOVER_RN(1.0),N_A,FOREX,W,2015,2014,0,2014-07-18,INR,48201476000
RBI:AVG_TURNOVER_RN(1.0),N_A,CALL_MONEY,W,2015,2014,0,2014-07-18,INR,115414566666.66667
RBI:AVG_TURNOVER_RN(1.0),N_A,GOVT_SEC,W,2015,2014,0,2014-07-18,INR,648722148000
RBI:AVG_TURNOVER_RN(1.0),N_A,MKT_REPO,W,2015,2014,0,2014-07-18,INR,932342266666.6667
RBI:AVG_TURNOVER_RN(1.0),N_A,TR_BILL_182_DAY,W,2015,2014,0,2014-07-18,INR,12228000000
RBI:AVG_TURNOVER_RN(1.0),N_A,TR_BILL_91_DAY,W,2015,2014,0,2014-07-11,INR,33287390000
RBI:AVG_TURNOVER_RN(1.0),N_A,TR_BILL_364_DAY,W,2015,2014,0,2014-07-11,INR,18367300000
RBI:AVG_TURNOVER_RN(1.0),N_A,TRI_REPO,W,2015,2014,0,2014-07-11,INR,1065727166666.6667
RBI:AVG_TURNOVER_RN(1.0),N_A,GOVT_SEC_RBI,W,2015,2014,0,2014-07-11,INR,2500000000
RBI:AVG_TURNOVER_RN(1.0),N_A,TERM_MONEY,W,2015,2014,0,2014-07-11,INR,2040000000
RBI:AVG_TURNOVER_RN(1.0),N_A,TR_BILL_182_DAY,W,2015,2014,0,2014-07-11,INR,17323910000
RBI:AVG_TURNOVER_RN(1.0),N_A,STATE_GOVT_SEC,W,2015,2014,0,2014-07-11,INR,13262148000.000002
RBI:AVG_TURNOVER_RN(1.0),N_A,FOREX,W,2015,2014,0,2014-07-11,INR,54096857999.99999
RBI:AVG_TURNOVER_RN(1.0),N_A,CALL_MONEY,W,2015,2014,0,2014-07-11,INR,167002599999.99997
RBI:AVG_TURNOVER_RN(1.0),N_A,NOTICE_MONEY,W,2015,2014,0,2014-07-11,INR,55823933333.333336
RBI:AVG_TURNOVER_RN(1.0),N_A,MKT_REPO,W,2015,2014,0,2014-07-11,INR,1096586466666.6666
RBI:AVG_TURNOVER_RN(1.0),N_A,GOVT_SEC,W,2015,2014,0,2014-07-11,INR,645320752000
RBI:AVG_TURNOVER_RN(1.0),N_A,NOTICE_MONEY,W,2015,2014,0,2014-07-04,INR,48373033333.333336
RBI:AVG_TURNOVER_RN(1.0),N_A,TR_BILL_91_DAY,W,2015,2014,0,2014-07-04,INR,45854690000
RBI:AVG_TURNOVER_RN(1.0),N_A,STATE_GOVT_SEC,W,2015,2014,0,2014-07-04,INR,9741256000
RBI:AVG_TURNOVER_RN(1.0),N_A,TR_BILL_364_DAY,W,2015,2014,0,2014-07-04,INR,21633120000
RBI:AVG_TURNOVER_RN(1.0),N_A,GOVT_SEC,W,2015,2014,0,2014-07-04,INR,611444623999.9999
RBI:AVG_TURNOVER_RN(1.0),N_A,TR_BILL_182_DAY,W,2015,2014,0,2014-07-04,INR,16949910000
RBI:AVG_TURNOVER_RN(1.0),N_A,FOREX,W,2015,2014,0,2014-07-04,INR,57997386000
RBI:AVG_TURNOVER_RN(1.0),N_A,GOVT_SEC_RBI,W,2015,2014,0,2014-07-04,INR,7010000000
RBI:AVG_TURNOVER_RN(1.0),N_A,MKT_REPO,W,2015,2014,0,2014-07-04,INR,847013466666.6666
RBI:AVG_TURNOVER_RN(1.0),N_A,TRI_REPO,W,2015,2014,0,2014-07-04,INR,1312134666666.6667
RBI:AVG_TURNOVER_RN(1.0),N_A,CALL_MONEY,W,2015,2014,0,2014-07-04,INR,186196366666.6667
RBI:AVG_TURNOVER_RN(1.0),N_A,TERM_MONEY,W,2015,2014,0,2014-07-04,INR,2353333333.3333335
RBI:AVG_TURNOVER_RN(1.0),N_A,NOTICE_MONEY,W,2015,2014,0,2014-06-27,INR,62700200000.00001
RBI:AVG_TURNOVER_RN(1.0),N_A,CORPO_REPO,W,2015,2014,0,2014-06-27,INR,120000000
RBI:AVG_TURNOVER_RN(1.0),N_A,TR_BILL_364_DAY,W,2015,2014,0,2014-06-27,INR,24545600000
RBI:AVG_TURNOVER_RN(1.0),N_A,TRI_REPO,W,2015,2014,0,2014-06-27,INR,1157602333333.3333
RBI:AVG_TURNOVER_RN(1.0),N_A,GOVT_SEC,W,2015,2014,0,2014-06-27,INR,663656280000
RBI:AVG_TURNOVER_RN(1.0),N_A,TERM_MONEY,W,2015,2014,0,2014-06-27,INR,2044166666.6666665
RBI:AVG_TURNOVER_RN(1.0),N_A,FOREX,W,2015,2014,0,2014-06-27,INR,51972960000
RBI:AVG_TURNOVER_RN(1.0),N_A,GOVT_SEC_RBI,W,2015,2014,0,2014-06-27,INR,820000000
RBI:AVG_TURNOVER_RN(1.0),N_A,MKT_REPO,W,2015,2014,0,2014-06-27,INR,1087747933333.3334
RBI:AVG_TURNOVER_RN(1.0),N_A,TR_BILL_182_DAY,W,2015,2014,0,2014-06-27,INR,11942040000.000002
RBI:AVG_TURNOVER_RN(1.0),N_A,CALL_MONEY,W,2015,2014,0,2014-06-27,INR,242957500000
RBI:AVG_TURNOVER_RN(1.0),N_A,STATE_GOVT_SEC,W,2015,2014,0,2014-06-27,INR,9010280000
RBI:AVG_TURNOVER_RN(1.0),N_A,TR_BILL_91_DAY,W,2015,2014,0,2014-06-27,INR,36347310000
RBI:AVG_TURNOVER_RN(1.0),N_A,TERM_MONEY,W,2015,2014,0,2014-06-20,INR,4497500000
RBI:AVG_TURNOVER_RN(1.0),N_A,GOVT_SEC,W,2015,2014,0,2014-06-20,INR,734667104000.0001
RBI:AVG_TURNOVER_RN(1.0),N_A,TR_BILL_182_DAY,W,2015,2014,0,2014-06-20,INR,19288240000
RBI:AVG_TURNOVER_RN(1.0),N_A,TR_BILL_364_DAY,W,2015,2014,0,2014-06-20,INR,13186780000.000002
RBI:AVG_TURNOVER_RN(1.0),N_A,TR_BILL_91_DAY,W,2015,2014,0,2014-06-20,INR,20797540000
RBI:AVG_TURNOVER_RN(1.0),N_A,MKT_REPO,W,2015,2014,0,2014-06-20,INR,1010627466666.6666
RBI:AVG_TURNOVER_RN(1.0),N_A,GOVT_SEC_RBI,W,2015,2014,0,2014-06-20,INR,200000000
RBI:AVG_TURNOVER_RN(1.0),N_A,NOTICE_MONEY,W,2015,2014,0,2014-06-20,INR,57338700000
RBI:AVG_TURNOVER_RN(1.0),N_A,CALL_MONEY,W,2015,2014,0,2014-06-20,INR,228431066666.6667
RBI:AVG_TURNOVER_RN(1.0),N_A,FOREX,W,2015,2014,0,2014-06-20,INR,57119462000
RBI:AVG_TURNOVER_RN(1.0),N_A,STATE_GOVT_SEC,W,2015,2014,0,2014-06-20,INR,7118984000
RBI:AVG_TURNOVER_RN(1.0),N_A,TRI_REPO,W,2015,2014,0,2014-06-20,INR,1152468666666.6665
RBI:AVG_TURNOVER_RN(1.0),N_A,MKT_REPO,W,2015,2014,0,2014-06-13,INR,1297037600000
RBI:AVG_TURNOVER_RN(1.0),N_A,NOTICE_MONEY,W,2015,2014,0,2014-06-13,INR,78332400000
RBI:AVG_TURNOVER_RN(1.0),N_A,TR_BILL_364_DAY,W,2015,2014,0,2014-06-13,INR,20929070000
RBI:AVG_TURNOVER_RN(1.0),N_A,TR_BILL_182_DAY,W,2015,2014,0,2014-06-13,INR,6513729999.999999
RBI:AVG_TURNOVER_RN(1.0),N_A,TR_BILL_91_DAY,W,2015,2014,0,2014-06-13,INR,30306570000
RBI:AVG_TURNOVER_RN(1.0),N_A,FOREX,W,2015,2014,0,2014-06-13,INR,54865069999.99999
RBI:AVG_TURNOVER_RN(1.0),N_A,TERM_MONEY,W,2015,2014,0,2014-06-13,INR,906666666.6666667
RBI:AVG_TURNOVER_RN(1.0),N_A,CALL_MONEY,W,2015,2014,0,2014-06-13,INR,231009299999.99997
RBI:AVG_TURNOVER_RN(1.0),N_A,CORPO_REPO,W,2015,2014,0,2014-06-13,INR,2200800000
RBI:AVG_TURNOVER_RN(1.0),N_A,GOVT_SEC,W,2015,2014,0,2014-06-13,INR,1149500516000
RBI:AVG_TURNOVER_RN(1.0),N_A,TRI_REPO,W,2015,2014,0,2014-06-13,INR,996619166666.6667
RBI:AVG_TURNOVER_RN(1.0),N_A,STATE_GOVT_SEC,W,2015,2014,0,2014-06-13,INR,17823132000
RBI:AVG_TURNOVER_RN(1.0),N_A,GOVT_SEC_RBI,W,2015,2014,0,2014-06-13,INR,4120000000
RBI:AVG_TURNOVER_RN(1.0),N_A,TERM_MONEY,W,2015,2014,0,2014-06-06,INR,3181666666.666667
RBI:AVG_TURNOVER_RN(1.0),N_A,TRI_REPO,W,2015,2014,0,2014-06-06,INR,990987000000
RBI:AVG_TURNOVER_RN(1.0),N_A,STATE_GOVT_SEC,W,2015,2014,0,2014-06-06,INR,19908504000
RBI:AVG_TURNOVER_RN(1.0),N_A,CORPO_REPO,W,2015,2014,0,2014-06-06,INR,0.0
RBI:AVG_TURNOVER_RN(1.0),N_A,GOVT_SEC,W,2015,2014,0,2014-06-06,INR,1239549304000
RBI:AVG_TURNOVER_RN(1.0),N_A,GOVT_SEC_RBI,W,2015,2014,0,2014-06-06,INR,4510000000
RBI:AVG_TURNOVER_RN(1.0),N_A,NOTICE_MONEY,W,2015,2014,0,2014-06-06,INR,54413600000
RBI:AVG_TURNOVER_RN(1.0),N_A,MKT_REPO,W,2015,2014,0,2014-06-06,INR,1048362466666.6666
RBI:AVG_TURNOVER_RN(1.0),N_A,CALL_MONEY,W,2015,2014,0,2014-06-06,INR,220018033333.33334
RBI:AVG_TURNOVER_RN(1.0),N_A,TR_BILL_364_DAY,W,2015,2014,0,2014-06-06,INR,28137210000
RBI:AVG_TURNOVER_RN(1.0),N_A,FOREX,W,2015,2014,0,2014-06-06,INR,60029296000
RBI:AVG_TURNOVER_RN(1.0),N_A,TR_BILL_182_DAY,W,2015,2014,0,2014-06-06,INR,14174170000
RBI:AVG_TURNOVER_RN(1.0),N_A,TR_BILL_91_DAY,W,2015,2014,0,2014-06-06,INR,43889550000
RBI:AVG_TURNOVER_RN(1.0),N_A,MKT_REPO,W,2015,2014,0,2014-05-30,INR,1124026666666.6667
RBI:AVG_TURNOVER_RN(1.0),N_A,TERM_MONEY,W,2015,2014,0,2014-05-30,INR,3713333333.333333
RBI:AVG_TURNOVER_RN(1.0),N_A,TRI_REPO,W,2015,2014,0,2014-05-30,INR,853106500000.0001
RBI:AVG_TURNOVER_RN(1.0),N_A,FOREX,W,2015,2014,0,2014-05-30,INR,63510395999.99999
RBI:AVG_TURNOVER_RN(1.0),N_A,CALL_MONEY,W,2015,2014,0,2014-05-30,INR,214257633333.3333
RBI:AVG_TURNOVER_RN(1.0),N_A,GOVT_SEC_RBI,W,2015,2014,0,2014-05-30,INR,1510000000
RBI:AVG_TURNOVER_RN(1.0),N_A,TR_BILL_182_DAY,W,2015,2014,0,2014-05-30,INR,15995490000
RBI:AVG_TURNOVER_RN(1.0),N_A,CORPO_REPO,W,2015,2014,0,2014-05-30,INR,0.0
RBI:AVG_TURNOVER_RN(1.0),N_A,TR_BILL_91_DAY,W,2015,2014,0,2014-05-30,INR,33321190000
RBI:AVG_TURNOVER_RN(1.0),N_A,GOVT_SEC,W,2015,2014,0,2014-05-30,INR,1056762284000
RBI:AVG_TURNOVER_RN(1.0),N_A,STATE_GOVT_SEC,W,2015,2014,0,2014-05-30,INR,28010016000.000004
RBI:AVG_TURNOVER_RN(1.0),N_A,TR_BILL_364_DAY,W,2015,2014,0,2014-05-30,INR,32069680000
RBI:AVG_TURNOVER_RN(1.0),N_A,NOTICE_MONEY,W,2015,2014,0,2014-05-30,INR,79467600000
RBI:AVG_TURNOVER_RN(1.0),N_A,CORPO_REPO,W,2015,2014,0,2014-05-23,INR,0.0
RBI:AVG_TURNOVER_RN(1.0),N_A,TR_BILL_364_DAY,W,2015,2014,0,2014-05-23,INR,29789810000.000004
RBI:AVG_TURNOVER_RN(1.0),N_A,STATE_GOVT_SEC,W,2015,2014,0,2014-05-23,INR,18137060000
RBI:AVG_TURNOVER_RN(1.0),N_A,TRI_REPO,W,2015,2014,0,2014-05-23,INR,953511833333.3334
RBI:AVG_TURNOVER_RN(1.0),N_A,FOREX,W,2015,2014,0,2014-05-23,INR,61278788000
RBI:AVG_TURNOVER_RN(1.0),N_A,NOTICE_MONEY,W,2015,2014,0,2014-05-23,INR,55699700000
RBI:AVG_TURNOVER_RN(1.0),N_A,GOVT_SEC,W,2015,2014,0,2014-05-23,INR,1043587352000
RBI:AVG_TURNOVER_RN(1.0),N_A,TR_BILL_91_DAY,W,2015,2014,0,2014-05-23,INR,45391180000.00001
RBI:AVG_TURNOVER_RN(1.0),N_A,MKT_REPO,W,2015,2014,0,2014-05-23,INR,893138600000
RBI:AVG_TURNOVER_RN(1.0),N_A,TR_BILL_182_DAY,W,2015,2014,0,2014-05-23,INR,21317450000
RBI:AVG_TURNOVER_RN(1.0),N_A,GOVT_SEC_RBI,W,2015,2014,0,2014-05-23,INR,2520000000
RBI:AVG_TURNOVER_RN(1.0),N_A,CALL_MONEY,W,2015,2014,0,2014-05-23,INR,179609033333.3333
RBI:AVG_TURNOVER_RN(1.0),N_A,TERM_MONEY,W,2015,2014,0,2014-05-23,INR,4850000000
RBI:AVG_TURNOVER_RN(1.0),N_A,TR_BILL_91_DAY,W,2015,2014,0,2014-05-16,INR,35553850000
RBI:AVG_TURNOVER_RN(1.0),N_A,CALL_MONEY,W,2015,2014,0,2014-05-16,INR,182463079999.99997
RBI:AVG_TURNOVER_RN(1.0),N_A,MKT_REPO,W,2015,2014,0,2014-05-16,INR,1257262720000
RBI:AVG_TURNOVER_RN(1.0),N_A,TRI_REPO,W,2015,2014,0,2014-05-16,INR,943048400000
RBI:AVG_TURNOVER_RN(1.0),N_A,CORPO_REPO,W,2015,2014,0,2014-05-16,INR,0.0
RBI:AVG_TURNOVER_RN(1.0),N_A,FOREX,W,2015,2014,0,2014-05-16,INR,63618202500
RBI:AVG_TURNOVER_RN(1.0),N_A,NOTICE_MONEY,W,2015,2014,0,2014-05-16,INR,95328160000
RBI:AVG_TURNOVER_RN(1.0),N_A,STATE_GOVT_SEC,W,2015,2014,0,2014-05-16,INR,17148100000
RBI:AVG_TURNOVER_RN(1.0),N_A,GOVT_SEC_RBI,W,2015,2014,0,2014-05-16,INR,1830000000
RBI:AVG_TURNOVER_RN(1.0),N_A,TR_BILL_182_DAY,W,2015,2014,0,2014-05-16,INR,13561650000
RBI:AVG_TURNOVER_RN(1.0),N_A,GOVT_SEC,W,2015,2014,0,2014-05-16,INR,782518730000.0001
RBI:AVG_TURNOVER_RN(1.0),N_A,TR_BILL_364_DAY,W,2015,2014,0,2014-05-16,INR,31820850000
RBI:AVG_TURNOVER_RN(1.0),N_A,TERM_MONEY,W,2015,2014,0,2014-05-16,INR,1414000000
RBI:AVG_TURNOVER_RN(1.0),N_A,TR_BILL_91_DAY,W,2015,2014,0,2014-05-09,INR,36148250000
RBI:AVG_TURNOVER_RN(1.0),N_A,TR_BILL_182_DAY,W,2015,2014,0,2014-05-09,INR,18192550000
RBI:AVG_TURNOVER_RN(1.0),N_A,STATE_GOVT_SEC,W,2015,2014,0,2014-05-09,INR,14453732000
RBI:AVG_TURNOVER_RN(1.0),N_A,TR_BILL_364_DAY,W,2015,2014,0,2014-05-09,INR,13438650000
RBI:AVG_TURNOVER_RN(1.0),N_A,GOVT_SEC,W,2015,2014,0,2014-05-09,INR,768323568000
RBI:AVG_TURNOVER_RN(1.0),N_A,FOREX,W,2015,2014,0,2014-05-09,INR,52948224000
RBI:AVG_TURNOVER_RN(1.0),N_A,CALL_MONEY,W,2015,2014,0,2014-05-09,INR,268452233333.3333
RBI:AVG_TURNOVER_RN(1.0),N_A,TERM_MONEY,W,2015,2014,0,2014-05-09,INR,4215000000
RBI:AVG_TURNOVER_RN(1.0),N_A,TRI_REPO,W,2015,2014,0,2014-05-09,INR,1101961000000
RBI:AVG_TURNOVER_RN(1.0),N_A,NOTICE_MONEY,W,2015,2014,0,2014-05-09,INR,54551433333.333336
RBI:AVG_TURNOVER_RN(1.0),N_A,MKT_REPO,W,2015,2014,0,2014-05-09,INR,1013715066666.6666
RBI:AVG_TURNOVER_RN(1.0),N_A,CORPO_REPO,W,2015,2014,0,2014-05-09,INR,0.0
RBI:AVG_TURNOVER_RN(1.0),N_A,GOVT_SEC_RBI,W,2015,2014,0,2014-05-09,INR,289999999.99999994
RBI:AVG_TURNOVER_RN(1.0),N_A,CALL_MONEY,W,2015,2014,0,2014-05-02,INR,274302640000.00003
RBI:AVG_TURNOVER_RN(1.0),N_A,CORPO_REPO,W,2015,2014,0,2014-05-02,INR,0.0
RBI:AVG_TURNOVER_RN(1.0),N_A,TR_BILL_91_DAY,W,2015,2014,0,2014-05-02,INR,33797187500
RBI:AVG_TURNOVER_RN(1.0),N_A,TR_BILL_182_DAY,W,2015,2014,0,2014-05-02,INR,9110112500
RBI:AVG_TURNOVER_RN(1.0),N_A,FOREX,W,2015,2014,0,2014-05-02,INR,58355762500
RBI:AVG_TURNOVER_RN(1.0),N_A,GOVT_SEC,W,2015,2014,0,2014-05-02,INR,757994244999.9999
RBI:AVG_TURNOVER_RN(1.0),N_A,TERM_MONEY,W,2015,2014,0,2014-05-02,INR,4516000000
RBI:AVG_TURNOVER_RN(1.0),N_A,MKT_REPO,W,2015,2014,0,2014-05-02,INR,1254258160000
RBI:AVG_TURNOVER_RN(1.0),N_A,STATE_GOVT_SEC,W,2015,2014,0,2014-05-02,INR,20297370000
RBI:AVG_TURNOVER_RN(1.0),N_A,GOVT_SEC_RBI,W,2015,2014,0,2014-05-02,INR,40000000
RBI:AVG_TURNOVER_RN(1.0),N_A,TRI_REPO,W,2015,2014,0,2014-05-02,INR,869200600000
RBI:AVG_TURNOVER_RN(1.0),N_A,TR_BILL_364_DAY,W,2015,2014,0,2014-05-02,INR,17705975000
RBI:AVG_TURNOVER_RN(1.0),N_A,NOTICE_MONEY,W,2015,2014,0,2014-05-02,INR,102467720000.00002
RBI:AVG_TURNOVER_RN(1.0),N_A,CALL_MONEY,W,2015,2014,0,2014-04-25,INR,215139280000
RBI:AVG_TURNOVER_RN(1.0),N_A,GOVT_SEC,W,2015,2014,0,2014-04-25,INR,809262135000
RBI:AVG_TURNOVER_RN(1.0),N_A,CORPO_REPO,W,2015,2014,0,2014-04-25,INR,0.0
RBI:AVG_TURNOVER_RN(1.0),N_A,FOREX,W,2015,2014,0,2014-04-25,INR,48124435000
RBI:AVG_TURNOVER_RN(1.0),N_A,TR_BILL_364_DAY,W,2015,2014,0,2014-04-25,INR,32805062500
RBI:AVG_TURNOVER_RN(1.0),N_A,GOVT_SEC_RBI,W,2015,2014,0,2014-04-25,INR,1440000000
RBI:AVG_TURNOVER_RN(1.0),N_A,NOTICE_MONEY,W,2015,2014,0,2014-04-25,INR,88518200000
RBI:AVG_TURNOVER_RN(1.0),N_A,TR_BILL_91_DAY,W,2015,2014,0,2014-04-25,INR,32315300000.000004
RBI:AVG_TURNOVER_RN(1.0),N_A,STATE_GOVT_SEC,W,2015,2014,0,2014-04-25,INR,25100575000
RBI:AVG_TURNOVER_RN(1.0),N_A,MKT_REPO,W,2015,2014,0,2014-04-25,INR,1000451839999.9999
RBI:AVG_TURNOVER_RN(1.0),N_A,TERM_MONEY,W,2015,2014,0,2014-04-25,INR,4400000000
RBI:AVG_TURNOVER_RN(1.0),N_A,TRI_REPO,W,2015,2014,0,2014-04-25,INR,989063800000
RBI:AVG_TURNOVER_RN(1.0),N_A,TR_BILL_182_DAY,W,2015,2014,0,2014-04-25,INR,17654087500
RBI:AVG_TURNOVER_RN(1.0),N_A,MKT_REPO,W,2015,2014,0,2014-04-18,INR,1360018400000
RBI:AVG_TURNOVER_RN(1.0),N_A,CORPO_REPO,W,2015,2014,0,2014-04-18,INR,0.0
RBI:AVG_TURNOVER_RN(1.0),N_A,STATE_GOVT_SEC,W,2015,2014,0,2014-04-18,INR,14800853333.333336
RBI:AVG_TURNOVER_RN(1.0),N_A,NOTICE_MONEY,W,2015,2014,0,2014-04-18,INR,120138349999.99998
RBI:AVG_TURNOVER_RN(1.0),N_A,TR_BILL_91_DAY,W,2015,2014,0,2014-04-18,INR,37683366666.666664
RBI:AVG_TURNOVER_RN(1.0),N_A,GOVT_SEC_RBI,W,2015,2014,0,2014-04-18,INR,21500000000
RBI:AVG_TURNOVER_RN(1.0),N_A,GOVT_SEC,W,2015,2014,0,2014-04-18,INR,702665213333.3334
RBI:AVG_TURNOVER_RN(1.0),N_A,TERM_MONEY,W,2015,2014,0,2014-04-18,INR,4658750000
RBI:AVG_TURNOVER_RN(1.0),N_A,TR_BILL_364_DAY,W,2015,2014,0,2014-04-18,INR,30486633333.333336
RBI:AVG_TURNOVER_RN(1.0),N_A,FOREX,W,2015,2014,0,2014-04-18,INR,47759536666.66666
RBI:AVG_TURNOVER_RN(1.0),N_A,TR_BILL_182_DAY,W,2015,2014,0,2014-04-18,INR,10246666666.666668
RBI:AVG_TURNOVER_RN(1.0),N_A,CALL_MONEY,W,2015,2014,0,2014-04-18,INR,185639250000
RBI:AVG_TURNOVER_RN(1.0),N_A,TRI_REPO,W,2015,2014,0,2014-04-18,INR,884080750000
RBI:AVG_TURNOVER_RN(1.0),N_A,TERM_MONEY,W,2015,2014,0,2014-04-11,INR,7022000000
RBI:AVG_TURNOVER_RN(1.0),N_A,TR_BILL_91_DAY,W,2015,2014,0,2014-04-11,INR,35686850000
RBI:AVG_TURNOVER_RN(1.0),N_A,MKT_REPO,W,2015,2014,0,2014-04-11,INR,1128451680000
RBI:AVG_TURNOVER_RN(1.0),N_A,NOTICE_MONEY,W,2015,2014,0,2014-04-11,INR,79317760000
RBI:AVG_TURNOVER_RN(1.0),N_A,TR_BILL_364_DAY,W,2015,2014,0,2014-04-11,INR,32192662500
RBI:AVG_TURNOVER_RN(1.0),N_A,CALL_MONEY,W,2015,2014,0,2014-04-11,INR,227676280000
RBI:AVG_TURNOVER_RN(1.0),N_A,STATE_GOVT_SEC,W,2015,2014,0,2014-04-11,INR,17965590000
RBI:AVG_TURNOVER_RN(1.0),N_A,GOVT_SEC_RBI,W,2015,2014,0,2014-04-11,INR,600000000
RBI:AVG_TURNOVER_RN(1.0),N_A,GOVT_SEC,W,2015,2014,0,2014-04-11,INR,443932325000
RBI:AVG_TURNOVER_RN(1.0),N_A,TR_BILL_182_DAY,W,2015,2014,0,2014-04-11,INR,17928000000
RBI:AVG_TURNOVER_RN(1.0),N_A,TRI_REPO,W,2015,2014,0,2014-04-11,INR,1045583400000
RBI:AVG_TURNOVER_RN(1.0),N_A,FOREX,W,2015,2014,0,2014-04-11,INR,55769630000
RBI:AVG_TURNOVER_RN(1.0),N_A,CORPO_REPO,W,2015,2014,0,2014-04-11,INR,0.0
RBI:AVG_TURNOVER_RN(1.0),N_A,TERM_MONEY,W,2015,2014,0,2014-04-04,INR,10300000000
RBI:AVG_TURNOVER_RN(1.0),N_A,MKT_REPO,W,2015,2014,0,2014-04-04,INR,1091233900000
RBI:AVG_TURNOVER_RN(1.0),N_A,STATE_GOVT_SEC,W,2015,2014,0,2014-04-04,INR,24909133333.333336
RBI:AVG_TURNOVER_RN(1.0),N_A,CALL_MONEY,W,2015,2014,0,2014-04-04,INR,292929000000
RBI:AVG_TURNOVER_RN(1.0),N_A,TR_BILL_91_DAY,W,2015,2014,0,2014-04-04,INR,96151983333.33334
RBI:AVG_TURNOVER_RN(1.0),N_A,GOVT_SEC_RBI,W,2015,2014,0,2014-04-04,INR,69999999.99999999
RBI:AVG_TURNOVER_RN(1.0),N_A,TR_BILL_364_DAY,W,2015,2014,0,2014-04-04,INR,45418666666.666664
RBI:AVG_TURNOVER_RN(1.0),N_A,GOVT_SEC,W,2015,2014,0,2014-04-04,INR,298640180000
RBI:AVG_TURNOVER_RN(1.0),N_A,TR_BILL_182_DAY,W,2015,2014,0,2014-04-04,INR,21779566666.666664
RBI:AVG_TURNOVER_RN(1.0),N_A,CORPO_REPO,W,2015,2014,0,2014-04-04,INR,0.0
RBI:AVG_TURNOVER_RN(1.0),N_A,TRI_REPO,W,2015,2014,0,2014-04-04,INR,888595750000
RBI:AVG_TURNOVER_RN(1.0),N_A,NOTICE_MONEY,W,2015,2014,0,2014-04-04,INR,128199800000
RBI:AVG_TURNOVER_RN(1.0),N_A,FOREX,W,2015,2014,0,2014-04-04,INR,65687343333.33334
RBI:AVG_TURNOVER_RN(1.0),N_A,TERM_MONEY,W,2014,2013,0,2014-03-28,INR,6390000000
RBI:AVG_TURNOVER_RN(1.0),N_A,FOREX,W,2014,2013,0,2014-03-28,INR,69022626200
RBI:AVG_TURNOVER_RN(1.0),N_A,GOVT_SEC,W,2014,2013,0,2014-03-28,INR,286527815999.99994
RBI:AVG_TURNOVER_RN(1.0),N_A,CALL_MONEY,W,2014,2013,0,2014-03-28,INR,314381533333.3334
RBI:AVG_TURNOVER_RN(1.0),N_A,TR_BILL_182_DAY,W,2014,2013,0,2014-03-28,INR,15038060000
RBI:AVG_TURNOVER_RN(1.0),N_A,TRI_REPO,W,2014,2013,0,2014-03-28,INR,1293598833333.3335
RBI:AVG_TURNOVER_RN(1.0),N_A,GOVT_SEC_RBI,W,2014,2013,0,2014-03-28,INR,1900000000
RBI:AVG_TURNOVER_RN(1.0),N_A,TR_BILL_91_DAY,W,2014,2013,0,2014-03-28,INR,33015550000.000004
RBI:AVG_TURNOVER_RN(1.0),N_A,CORPO_REPO,W,2014,2013,0,2014-03-28,INR,920000000
RBI:AVG_TURNOVER_RN(1.0),N_A,MKT_REPO,W,2014,2013,0,2014-03-28,INR,617617533333.3334
RBI:AVG_TURNOVER_RN(1.0),N_A,STATE_GOVT_SEC,W,2014,2013,0,2014-03-28,INR,21136088000
RBI:AVG_TURNOVER_RN(1.0),N_A,TR_BILL_364_DAY,W,2014,2013,0,2014-03-28,INR,25810640000
RBI:AVG_TURNOVER_RN(1.0),N_A,NOTICE_MONEY,W,2014,2013,0,2014-03-28,INR,29060200000
RBI:AVG_TURNOVER_RN(1.0),N_A,CALL_MONEY,W,2014,2013,0,2014-03-21,INR,254852200000
RBI:AVG_TURNOVER_RN(1.0),N_A,TR_BILL_364_DAY,W,2014,2013,0,2014-03-21,INR,40330587500
RBI:AVG_TURNOVER_RN(1.0),N_A,TR_BILL_182_DAY,W,2014,2013,0,2014-03-21,INR,26262625000
RBI:AVG_TURNOVER_RN(1.0),N_A,MKT_REPO,W,2014,2013,0,2014-03-21,INR,1047991440000
RBI:AVG_TURNOVER_RN(1.0),N_A,GOVT_SEC,W,2014,2013,0,2014-03-21,INR,294651035000
RBI:AVG_TURNOVER_RN(1.0),N_A,TR_BILL_91_DAY,W,2014,2013,0,2014-03-21,INR,35203862500
RBI:AVG_TURNOVER_RN(1.0),N_A,NOTICE_MONEY,W,2014,2013,0,2014-03-21,INR,118523320000
RBI:AVG_TURNOVER_RN(1.0),N_A,FOREX,W,2014,2013,0,2014-03-21,INR,55235845000
RBI:AVG_TURNOVER_RN(1.0),N_A,CORPO_REPO,W,2014,2013,0,2014-03-21,INR,0.0
RBI:AVG_TURNOVER_RN(1.0),N_A,TRI_REPO,W,2014,2013,0,2014-03-21,INR,1076391200000
RBI:AVG_TURNOVER_RN(1.0),N_A,GOVT_SEC_RBI,W,2014,2013,0,2014-03-21,INR,960000000
RBI:AVG_TURNOVER_RN(1.0),N_A,STATE_GOVT_SEC,W,2014,2013,0,2014-03-21,INR,14998915000
RBI:AVG_TURNOVER_RN(1.0),N_A,TERM_MONEY,W,2014,2013,0,2014-03-21,INR,9322000000
RBI:AVG_TURNOVER_RN(1.0),N_A,TR_BILL_182_DAY,W,2014,2013,0,2014-03-14,INR,13019330000
RBI:AVG_TURNOVER_RN(1.0),N_A,GOVT_SEC,W,2014,2013,0,2014-03-14,INR,427646780000
RBI:AVG_TURNOVER_RN(1.0),N_A,TRI_REPO,W,2014,2013,0,2014-03-14,INR,1278954666666.6667
RBI:AVG_TURNOVER_RN(1.0),N_A,CORPO_REPO,W,2014,2013,0,2014-03-14,INR,0.0
RBI:AVG_TURNOVER_RN(1.0),N_A,TR_BILL_364_DAY,W,2014,2013,0,2014-03-14,INR,24086619999.999996
RBI:AVG_TURNOVER_RN(1.0),N_A,CALL_MONEY,W,2014,2013,0,2014-03-14,INR,269861866666.66666
RBI:AVG_TURNOVER_RN(1.0),N_A,TERM_MONEY,W,2014,2013,0,2014-03-14,INR,2178333333.3333335
RBI:AVG_TURNOVER_RN(1.0),N_A,TR_BILL_91_DAY,W,2014,2013,0,2014-03-14,INR,29475029999.999996
RBI:AVG_TURNOVER_RN(1.0),N_A,FOREX,W,2014,2013,0,2014-03-14,INR,58776642000.00001
RBI:AVG_TURNOVER_RN(1.0),N_A,GOVT_SEC_RBI,W,2014,2013,0,2014-03-14,INR,0.0
RBI:AVG_TURNOVER_RN(1.0),N_A,NOTICE_MONEY,W,2014,2013,0,2014-03-14,INR,77691866666.66667
RBI:AVG_TURNOVER_RN(1.0),N_A,STATE_GOVT_SEC,W,2014,2013,0,2014-03-14,INR,19843628000
RBI:AVG_TURNOVER_RN(1.0),N_A,MKT_REPO,W,2014,2013,0,2014-03-14,INR,1048789533333.3333
RBI:AVG_TURNOVER_RN(1.0),N_A,TR_BILL_364_DAY,W,2014,2013,0,2014-03-07,INR,15174299999.999998
RBI:AVG_TURNOVER_RN(1.0),N_A,CORPO_REPO,W,2014,2013,0,2014-03-07,INR,2169600000
RBI:AVG_TURNOVER_RN(1.0),N_A,STATE_GOVT_SEC,W,2014,2013,0,2014-03-07,INR,8594116000
RBI:AVG_TURNOVER_RN(1.0),N_A,FOREX,W,2014,2013,0,2014-03-07,INR,58690814000
RBI:AVG_TURNOVER_RN(1.0),N_A,GOVT_SEC,W,2014,2013,0,2014-03-07,INR,493592311999.99994
RBI:AVG_TURNOVER_RN(1.0),N_A,MKT_REPO,W,2014,2013,0,2014-03-07,INR,1285139266666.6667
RBI:AVG_TURNOVER_RN(1.0),N_A,NOTICE_MONEY,W,2014,2013,0,2014-03-07,INR,95842733333.33333
RBI:AVG_TURNOVER_RN(1.0),N_A,TR_BILL_182_DAY,W,2014,2013,0,2014-03-07,INR,11588260000
RBI:AVG_TURNOVER_RN(1.0),N_A,TERM_MONEY,W,2014,2013,0,2014-03-07,INR,5888000000.000001
RBI:AVG_TURNOVER_RN(1.0),N_A,TR_BILL_91_DAY,W,2014,2013,0,2014-03-07,INR,35476519999.99999
RBI:AVG_TURNOVER_RN(1.0),N_A,TRI_REPO,W,2014,2013,0,2014-03-07,INR,1352326833333.3333
RBI:AVG_TURNOVER_RN(1.0),N_A,CALL_MONEY,W,2014,2013,0,2014-03-07,INR,268287400000.00003
RBI:AVG_TURNOVER_RN(1.0),N_A,GOVT_SEC_RBI,W,2014,2013,0,2014-03-07,INR,130000000
RBI:AVG_TURNOVER_RN(1.0),N_A,GOVT_SEC,W,2014,2013,0,2014-02-28,INR,379361924999.99994
RBI:AVG_TURNOVER_RN(1.0),N_A,STATE_GOVT_SEC,W,2014,2013,0,2014-02-28,INR,16359065000
RBI:AVG_TURNOVER_RN(1.0),N_A,TR_BILL_182_DAY,W,2014,2013,0,2014-02-28,INR,11746012500
RBI:AVG_TURNOVER_RN(1.0),N_A,TR_BILL_364_DAY,W,2014,2013,0,2014-02-28,INR,19033025000
RBI:AVG_TURNOVER_RN(1.0),N_A,CALL_MONEY,W,2014,2013,0,2014-02-28,INR,213031840000
RBI:AVG_TURNOVER_RN(1.0),N_A,MKT_REPO,W,2014,2013,0,2014-02-28,INR,856538000000
RBI:AVG_TURNOVER_RN(1.0),N_A,TRI_REPO,W,2014,2013,0,2014-02-28,INR,1385774000000
RBI:AVG_TURNOVER_RN(1.0),N_A,FOREX,W,2014,2013,0,2014-02-28,INR,58418978250
RBI:AVG_TURNOVER_RN(1.0),N_A,TERM_MONEY,W,2014,2013,0,2014-02-28,INR,4321640000
RBI:AVG_TURNOVER_RN(1.0),N_A,TR_BILL_91_DAY,W,2014,2013,0,2014-02-28,INR,14463312500
RBI:AVG_TURNOVER_RN(1.0),N_A,GOVT_SEC_RBI,W,2014,2013,0,2014-02-28,INR,3430000000
RBI:AVG_TURNOVER_RN(1.0),N_A,NOTICE_MONEY,W,2014,2013,0,2014-02-28,INR,100809440000
RBI:AVG_TURNOVER_RN(1.0),N_A,TRI_REPO,W,2014,2013,0,2014-02-21,INR,984359599999.9999
RBI:AVG_TURNOVER_RN(1.0),N_A,TERM_MONEY,W,2014,2013,0,2014-02-21,INR,5460000000
RBI:AVG_TURNOVER_RN(1.0),N_A,GOVT_SEC_RBI,W,2014,2013,0,2014-02-21,INR,880000000
RBI:AVG_TURNOVER_RN(1.0),N_A,STATE_GOVT_SEC,W,2014,2013,0,2014-02-21,INR,10274900000
RBI:AVG_TURNOVER_RN(1.0),N_A,GOVT_SEC,W,2014,2013,0,2014-02-21,INR,531560725000
RBI:AVG_TURNOVER_RN(1.0),N_A,CALL_MONEY,W,2014,2013,0,2014-02-21,INR,174061360000
RBI:AVG_TURNOVER_RN(1.0),N_A,TR_BILL_91_DAY,W,2014,2013,0,2014-02-21,INR,29054699999.999996
RBI:AVG_TURNOVER_RN(1.0),N_A,TR_BILL_182_DAY,W,2014,2013,0,2014-02-21,INR,4060000000
RBI:AVG_TURNOVER_RN(1.0),N_A,NOTICE_MONEY,W,2014,2013,0,2014-02-21,INR,76835480000
RBI:AVG_TURNOVER_RN(1.0),N_A,TR_BILL_364_DAY,W,2014,2013,0,2014-02-21,INR,25113637500
RBI:AVG_TURNOVER_RN(1.0),N_A,FOREX,W,2014,2013,0,2014-02-21,INR,45092000000
RBI:AVG_TURNOVER_RN(1.0),N_A,MKT_REPO,W,2014,2013,0,2014-02-21,INR,1130264879999.9998
RBI:AVG_TURNOVER_RN(1.0),N_A,FOREX,W,2014,2013,0,2014-02-14,INR,41454000000
RBI:AVG_TURNOVER_RN(1.0),N_A,STATE_GOVT_SEC,W,2014,2013,0,2014-02-14,INR,18553988000
RBI:AVG_TURNOVER_RN(1.0),N_A,TR_BILL_364_DAY,W,2014,2013,0,2014-02-14,INR,16448319999.999998
RBI:AVG_TURNOVER_RN(1.0),N_A,GOVT_SEC_RBI,W,2014,2013,0,2014-02-14,INR,50000000
RBI:AVG_TURNOVER_RN(1.0),N_A,NOTICE_MONEY,W,2014,2013,0,2014-02-14,INR,53696366666.666664
RBI:AVG_TURNOVER_RN(1.0),N_A,CALL_MONEY,W,2014,2013,0,2014-02-14,INR,181222866666.66666
RBI:AVG_TURNOVER_RN(1.0),N_A,TERM_MONEY,W,2014,2013,0,2014-02-14,INR,5464000000
RBI:AVG_TURNOVER_RN(1.0),N_A,TR_BILL_182_DAY,W,2014,2013,0,2014-02-14,INR,17403030000
RBI:AVG_TURNOVER_RN(1.0),N_A,TR_BILL_91_DAY,W,2014,2013,0,2014-02-14,INR,29072140000
RBI:AVG_TURNOVER_RN(1.0),N_A,GOVT_SEC,W,2014,2013,0,2014-02-14,INR,491839363999.99994
RBI:AVG_TURNOVER_RN(1.0),N_A,TRI_REPO,W,2014,2013,0,2014-02-14,INR,920429833333.3334
RBI:AVG_TURNOVER_RN(1.0),N_A,MKT_REPO,W,2014,2013,0,2014-02-14,INR,709826666666.6667
RBI:AVG_TURNOVER_RN(1.0),N_A,NOTICE_MONEY,W,2014,2013,0,2014-02-07,INR,50319166666.66667
RBI:AVG_TURNOVER_RN(1.0),N_A,TR_BILL_91_DAY,W,2014,2013,0,2014-02-07,INR,29775000000
RBI:AVG_TURNOVER_RN(1.0),N_A,STATE_GOVT_SEC,W,2014,2013,0,2014-02-07,INR,6603764000
RBI:AVG_TURNOVER_RN(1.0),N_A,TR_BILL_364_DAY,W,2014,2013,0,2014-02-07,INR,41112220000
RBI:AVG_TURNOVER_RN(1.0),N_A,GOVT_SEC,W,2014,2013,0,2014-02-07,INR,779119724000
RBI:AVG_TURNOVER_RN(1.0),N_A,TR_BILL_182_DAY,W,2014,2013,0,2014-02-07,INR,23140690000
RBI:AVG_TURNOVER_RN(1.0),N_A,CORPO_REPO,W,2014,2013,0,2014-02-07,INR,120000000
RBI:AVG_TURNOVER_RN(1.0),N_A,TERM_MONEY,W,2014,2013,0,2014-02-07,INR,3998000000
RBI:AVG_TURNOVER_RN(1.0),N_A,CALL_MONEY,W,2014,2013,0,2014-02-07,INR,188001766666.66666
RBI:AVG_TURNOVER_RN(1.0),N_A,MKT_REPO,W,2014,2013,0,2014-02-07,INR,994030800000
RBI:AVG_TURNOVER_RN(1.0),N_A,GOVT_SEC_RBI,W,2014,2013,0,2014-02-07,INR,780000000
RBI:AVG_TURNOVER_RN(1.0),N_A,FOREX,W,2014,2013,0,2014-02-07,INR,45853000000
RBI:AVG_TURNOVER_RN(1.0),N_A,TRI_REPO,W,2014,2013,0,2014-02-07,INR,988940000000
RBI:AVG_TURNOVER_RN(1.0),N_A,NOTICE_MONEY,W,2014,2013,0,2014-01-31,INR,64850766666.66667
RBI:AVG_TURNOVER_RN(1.0),N_A,STATE_GOVT_SEC,W,2014,2013,0,2014-01-31,INR,12631428000.000002
RBI:AVG_TURNOVER_RN(1.0),N_A,TR_BILL_182_DAY,W,2014,2013,0,2014-01-31,INR,18845820000
RBI:AVG_TURNOVER_RN(1.0),N_A,TRI_REPO,W,2014,2013,0,2014-01-31,INR,1117925166666.6667
RBI:AVG_TURNOVER_RN(1.0),N_A,GOVT_SEC_RBI,W,2014,2013,0,2014-01-31,INR,0.0
RBI:AVG_TURNOVER_RN(1.0),N_A,TERM_MONEY,W,2014,2013,0,2014-01-31,INR,4675000000
RBI:AVG_TURNOVER_RN(1.0),N_A,CORPO_REPO,W,2014,2013,0,2014-01-31,INR,0.0
RBI:AVG_TURNOVER_RN(1.0),N_A,MKT_REPO,W,2014,2013,0,2014-01-31,INR,745751600000
RBI:AVG_TURNOVER_RN(1.0),N_A,GOVT_SEC,W,2014,2013,0,2014-01-31,INR,526863884000
RBI:AVG_TURNOVER_RN(1.0),N_A,FOREX,W,2014,2013,0,2014-01-31,INR,56251956000
RBI:AVG_TURNOVER_RN(1.0),N_A,TR_BILL_364_DAY,W,2014,2013,0,2014-01-31,INR,17341310000
RBI:AVG_TURNOVER_RN(1.0),N_A,CALL_MONEY,W,2014,2013,0,2014-01-31,INR,218828600000
RBI:AVG_TURNOVER_RN(1.0),N_A,TR_BILL_91_DAY,W,2014,2013,0,2014-01-31,INR,35450089999.99999
RBI:AVG_TURNOVER_RN(1.0),N_A,TRI_REPO,W,2014,2013,0,2014-01-24,INR,930156833333.3334
RBI:AVG_TURNOVER_RN(1.0),N_A,FOREX,W,2014,2013,0,2014-01-24,INR,44836522000
RBI:AVG_TURNOVER_RN(1.0),N_A,MKT_REPO,W,2014,2013,0,2014-01-24,INR,1065634866666.6667
RBI:AVG_TURNOVER_RN(1.0),N_A,TR_BILL_182_DAY,W,2014,2013,0,2014-01-24,INR,9757370000
RBI:AVG_TURNOVER_RN(1.0),N_A,CALL_MONEY,W,2014,2013,0,2014-01-24,INR,286392300000
RBI:AVG_TURNOVER_RN(1.0),N_A,NOTICE_MONEY,W,2014,2013,0,2014-01-24,INR,90042800000
RBI:AVG_TURNOVER_RN(1.0),N_A,TR_BILL_364_DAY,W,2014,2013,0,2014-01-24,INR,19162990000.000004
RBI:AVG_TURNOVER_RN(1.0),N_A,TERM_MONEY,W,2014,2013,0,2014-01-24,INR,3930000000
RBI:AVG_TURNOVER_RN(1.0),N_A,TR_BILL_91_DAY,W,2014,2013,0,2014-01-24,INR,23488190000
RBI:AVG_TURNOVER_RN(1.0),N_A,CORPO_REPO,W,2014,2013,0,2014-01-24,INR,0.0
RBI:AVG_TURNOVER_RN(1.0),N_A,GOVT_SEC,W,2014,2013,0,2014-01-24,INR,853531424000
RBI:AVG_TURNOVER_RN(1.0),N_A,STATE_GOVT_SEC,W,2014,2013,0,2014-01-24,INR,14510435999.999998
RBI:AVG_TURNOVER_RN(1.0),N_A,GOVT_SEC_RBI,W,2014,2013,0,2014-01-24,INR,18950000000
RBI:AVG_TURNOVER_RN(1.0),N_A,CORPO_REPO,W,2014,2013,0,2014-01-17,INR,0.0
RBI:AVG_TURNOVER_RN(1.0),N_A,FOREX,W,2014,2013,0,2014-01-17,INR,51240170000
RBI:AVG_TURNOVER_RN(1.0),N_A,TR_BILL_91_DAY,W,2014,2013,0,2014-01-17,INR,35547500000
RBI:AVG_TURNOVER_RN(1.0),N_A,CALL_MONEY,W,2014,2013,0,2014-01-17,INR,212355560000
RBI:AVG_TURNOVER_RN(1.0),N_A,TR_BILL_364_DAY,W,2014,2013,0,2014-01-17,INR,35859400000
RBI:AVG_TURNOVER_RN(1.0),N_A,TERM_MONEY,W,2014,2013,0,2014-01-17,INR,4082000000
RBI:AVG_TURNOVER_RN(1.0),N_A,TRI_REPO,W,2014,2013,0,2014-01-17,INR,1040665000000
RBI:AVG_TURNOVER_RN(1.0),N_A,MKT_REPO,W,2014,2013,0,2014-01-17,INR,850848239999.9999
RBI:AVG_TURNOVER_RN(1.0),N_A,TR_BILL_182_DAY,W,2014,2013,0,2014-01-17,INR,32571574999.999996
RBI:AVG_TURNOVER_RN(1.0),N_A,STATE_GOVT_SEC,W,2014,2013,0,2014-01-17,INR,24456330000
RBI:AVG_TURNOVER_RN(1.0),N_A,GOVT_SEC,W,2014,2013,0,2014-01-17,INR,886104810000
RBI:AVG_TURNOVER_RN(1.0),N_A,GOVT_SEC_RBI,W,2014,2013,0,2014-01-17,INR,1149999999.9999998
RBI:AVG_TURNOVER_RN(1.0),N_A,NOTICE_MONEY,W,2014,2013,0,2014-01-17,INR,81926080000
RBI:AVG_TURNOVER_RN(1.0),N_A,GOVT_SEC,W,2014,2013,0,2014-01-10,INR,671978780000
RBI:AVG_TURNOVER_RN(1.0),N_A,TR_BILL_91_DAY,W,2014,2013,0,2014-01-10,INR,30867470000.000004
RBI:AVG_TURNOVER_RN(1.0),N_A,TERM_MONEY,W,2014,2013,0,2014-01-10,INR,4251333333.333334
RBI:AVG_TURNOVER_RN(1.0),N_A,TRI_REPO,W,2014,2013,0,2014-01-10,INR,1081965166666.6666
RBI:AVG_TURNOVER_RN(1.0),N_A,STATE_GOVT_SEC,W,2014,2013,0,2014-01-10,INR,12432316000
RBI:AVG_TURNOVER_RN(1.0),N_A,CORPO_REPO,W,2014,2013,0,2014-01-10,INR,0.0
RBI:AVG_TURNOVER_RN(1.0),N_A,TR_BILL_364_DAY,W,2014,2013,0,2014-01-10,INR,30358930000
RBI:AVG_TURNOVER_RN(1.0),N_A,MKT_REPO,W,2014,2013,0,2014-01-10,INR,1088005733333.3333
RBI:AVG_TURNOVER_RN(1.0),N_A,GOVT_SEC_RBI,W,2014,2013,0,2014-01-10,INR,2639999999.9999995
RBI:AVG_TURNOVER_RN(1.0),N_A,TR_BILL_182_DAY,W,2014,2013,0,2014-01-10,INR,9350360000
RBI:AVG_TURNOVER_RN(1.0),N_A,NOTICE_MONEY,W,2014,2013,0,2014-01-10,INR,83601333333.33333
RBI:AVG_TURNOVER_RN(1.0),N_A,CALL_MONEY,W,2014,2013,0,2014-01-10,INR,232508933333.3333
RBI:AVG_TURNOVER_RN(1.0),N_A,FOREX,W,2014,2013,0,2014-01-10,INR,46287732000.00001
RBI:AVG_TURNOVER_RN(1.0),N_A,TERM_MONEY,W,2014,2013,0,2014-01-03,INR,3140000000
RBI:AVG_TURNOVER_RN(1.0),N_A,TR_BILL_364_DAY,W,2014,2013,0,2014-01-03,INR,44616730000.00001
RBI:AVG_TURNOVER_RN(1.0),N_A,FOREX,W,2014,2013,0,2014-01-03,INR,43586432000
RBI:AVG_TURNOVER_RN(1.0),N_A,GOVT_SEC_RBI,W,2014,2013,0,2014-01-03,INR,5400000000
RBI:AVG_TURNOVER_RN(1.0),N_A,CALL_MONEY,W,2014,2013,0,2014-01-03,INR,213600533333.33334
RBI:AVG_TURNOVER_RN(1.0),N_A,GOVT_SEC,W,2014,2013,0,2014-01-03,INR,395108059999.99994
RBI:AVG_TURNOVER_RN(1.0),N_A,NOTICE_MONEY,W,2014,2013,0,2014-01-03,INR,50944800000.00001
RBI:AVG_TURNOVER_RN(1.0),N_A,CORPO_REPO,W,2014,2013,0,2014-01-03,INR,0.0
RBI:AVG_TURNOVER_RN(1.0),N_A,TRI_REPO,W,2014,2013,0,2014-01-03,INR,1287390333333.3333
RBI:AVG_TURNOVER_RN(1.0),N_A,TR_BILL_91_DAY,W,2014,2013,0,2014-01-03,INR,40216830000
RBI:AVG_TURNOVER_RN(1.0),N_A,STATE_GOVT_SEC,W,2014,2013,0,2014-01-03,INR,8601692000
RBI:AVG_TURNOVER_RN(1.0),N_A,MKT_REPO,W,2014,2013,0,2014-01-03,INR,746672466666.6666
RBI:AVG_TURNOVER_RN(1.0),N_A,TR_BILL_182_DAY,W,2014,2013,0,2014-01-03,INR,28041950000
RBI:AVG_TURNOVER_RN(1.0),N_A,STATE_GOVT_SEC,W,2014,2013,0,2013-12-27,INR,5683275000
RBI:AVG_TURNOVER_RN(1.0),N_A,TR_BILL_182_DAY,W,2014,2013,0,2013-12-27,INR,8175625000
RBI:AVG_TURNOVER_RN(1.0),N_A,TERM_MONEY,W,2014,2013,0,2013-12-27,INR,3960000000
RBI:AVG_TURNOVER_RN(1.0),N_A,CALL_MONEY,W,2014,2013,0,2013-12-27,INR,260204960000
RBI:AVG_TURNOVER_RN(1.0),N_A,CORPO_REPO,W,2014,2013,0,2013-12-27,INR,0.0
RBI:AVG_TURNOVER_RN(1.0),N_A,GOVT_SEC_RBI,W,2014,2013,0,2013-12-27,INR,240000000
RBI:AVG_TURNOVER_RN(1.0),N_A,FOREX,W,2014,2013,0,2013-12-27,INR,41867378250
RBI:AVG_TURNOVER_RN(1.0),N_A,NOTICE_MONEY,W,2014,2013,0,2013-12-27,INR,100127160000
RBI:AVG_TURNOVER_RN(1.0),N_A,TR_BILL_91_DAY,W,2014,2013,0,2013-12-27,INR,29563250000
RBI:AVG_TURNOVER_RN(1.0),N_A,TRI_REPO,W,2014,2013,0,2013-12-27,INR,916401600000
RBI:AVG_TURNOVER_RN(1.0),N_A,MKT_REPO,W,2014,2013,0,2013-12-27,INR,1046263040000
RBI:AVG_TURNOVER_RN(1.0),N_A,TR_BILL_364_DAY,W,2014,2013,0,2013-12-27,INR,17509525000
RBI:AVG_TURNOVER_RN(1.0),N_A,GOVT_SEC,W,2014,2013,0,2013-12-27,INR,307223205000
RBI:AVG_TURNOVER_RN(1.0),N_A,TR_BILL_364_DAY,W,2014,2013,0,2013-12-20,INR,20213400000
RBI:AVG_TURNOVER_RN(1.0),N_A,FOREX,W,2014,2013,0,2013-12-20,INR,44072682000
RBI:AVG_TURNOVER_RN(1.0),N_A,TR_BILL_91_DAY,W,2014,2013,0,2013-12-20,INR,34070629999.999996
RBI:AVG_TURNOVER_RN(1.0),N_A,TRI_REPO,W,2014,2013,0,2013-12-20,INR,1056969166666.6667
RBI:AVG_TURNOVER_RN(1.0),N_A,CALL_MONEY,W,2014,2013,0,2013-12-20,INR,231536566666.66666
RBI:AVG_TURNOVER_RN(1.0),N_A,MKT_REPO,W,2014,2013,0,2013-12-20,INR,700588266666.6667
RBI:AVG_TURNOVER_RN(1.0),N_A,CORPO_REPO,W,2014,2013,0,2013-12-20,INR,0.0
RBI:AVG_TURNOVER_RN(1.0),N_A,NOTICE_MONEY,W,2014,2013,0,2013-12-20,INR,86943633333.33333
RBI:AVG_TURNOVER_RN(1.0),N_A,TERM_MONEY,W,2014,2013,0,2013-12-20,INR,2434666666.6666665
RBI:AVG_TURNOVER_RN(1.0),N_A,STATE_GOVT_SEC,W,2014,2013,0,2013-12-20,INR,10404624000
RBI:AVG_TURNOVER_RN(1.0),N_A,GOVT_SEC,W,2014,2013,0,2013-12-20,INR,377766764000.00006
RBI:AVG_TURNOVER_RN(1.0),N_A,GOVT_SEC_RBI,W,2014,2013,0,2013-12-20,INR,0.0
RBI:AVG_TURNOVER_RN(1.0),N_A,TR_BILL_182_DAY,W,2014,2013,0,2013-12-20,INR,22855740000
RBI:AVG_TURNOVER_RN(1.0),N_A,FOREX,W,2014,2013,0,2013-12-13,INR,48969960000
RBI:AVG_TURNOVER_RN(1.0),N_A,TR_BILL_182_DAY,W,2014,2013,0,2013-12-13,INR,14839060000
RBI:AVG_TURNOVER_RN(1.0),N_A,TERM_MONEY,W,2014,2013,0,2013-12-13,INR,3716666666.666667
RBI:AVG_TURNOVER_RN(1.0),N_A,CALL_MONEY,W,2014,2013,0,2013-12-13,INR,185980766666.6667
RBI:AVG_TURNOVER_RN(1.0),N_A,TR_BILL_91_DAY,W,2014,2013,0,2013-12-13,INR,33066110000
RBI:AVG_TURNOVER_RN(1.0),N_A,GOVT_SEC,W,2014,2013,0,2013-12-13,INR,263779419999.99997
RBI:AVG_TURNOVER_RN(1.0),N_A,TRI_REPO,W,2014,2013,0,2013-12-13,INR,1091452333333.3334
RBI:AVG_TURNOVER_RN(1.0),N_A,CORPO_REPO,W,2014,2013,0,2013-12-13,INR,0.0
RBI:AVG_TURNOVER_RN(1.0),N_A,STATE_GOVT_SEC,W,2014,2013,0,2013-12-13,INR,13409896000.000002
RBI:AVG_TURNOVER_RN(1.0),N_A,NOTICE_MONEY,W,2014,2013,0,2013-12-13,INR,65138200000
RBI:AVG_TURNOVER_RN(1.0),N_A,GOVT_SEC_RBI,W,2014,2013,0,2013-12-13,INR,710000000
RBI:AVG_TURNOVER_RN(1.0),N_A,MKT_REPO,W,2014,2013,0,2013-12-13,INR,912558666666.6665
RBI:AVG_TURNOVER_RN(1.0),N_A,TR_BILL_364_DAY,W,2014,2013,0,2013-12-13,INR,27292869999.999996
RBI:AVG_TURNOVER_RN(1.0),N_A,CALL_MONEY,W,2014,2013,0,2013-12-06,INR,231876533333.33334
RBI:AVG_TURNOVER_RN(1.0),N_A,GOVT_SEC_RBI,W,2014,2013,0,2013-12-06,INR,500000000
RBI:AVG_TURNOVER_RN(1.0),N_A,MKT_REPO,W,2014,2013,0,2013-12-06,INR,666616866666.6666
RBI:AVG_TURNOVER_RN(1.0),N_A,TERM_MONEY,W,2014,2013,0,2013-12-06,INR,1606666666.6666665
RBI:AVG_TURNOVER_RN(1.0),N_A,GOVT_SEC,W,2014,2013,0,2013-12-06,INR,329715036000.00006
RBI:AVG_TURNOVER_RN(1.0),N_A,NOTICE_MONEY,W,2014,2013,0,2013-12-06,INR,49411866666.666664
RBI:AVG_TURNOVER_RN(1.0),N_A,TR_BILL_364_DAY,W,2014,2013,0,2013-12-06,INR,10778309999.999998
RBI:AVG_TURNOVER_RN(1.0),N_A,TRI_REPO,W,2014,2013,0,2013-12-06,INR,1308683666666.6665
RBI:AVG_TURNOVER_RN(1.0),N_A,TR_BILL_182_DAY,W,2014,2013,0,2013-12-06,INR,22571140000
RBI:AVG_TURNOVER_RN(1.0),N_A,CORPO_REPO,W,2014,2013,0,2013-12-06,INR,0.0
RBI:AVG_TURNOVER_RN(1.0),N_A,TR_BILL_91_DAY,W,2014,2013,0,2013-12-06,INR,40165260000
RBI:AVG_TURNOVER_RN(1.0),N_A,FOREX,W,2014,2013,0,2013-12-06,INR,47381444000.00001
RBI:AVG_TURNOVER_RN(1.0),N_A,STATE_GOVT_SEC,W,2014,2013,0,2013-12-06,INR,7724312000
RBI:AVG_TURNOVER_RN(1.0),N_A,CALL_MONEY,W,2014,2013,0,2013-11-29,INR,250899633333.33334
RBI:AVG_TURNOVER_RN(1.0),N_A,TR_BILL_364_DAY,W,2014,2013,0,2013-11-29,INR,30779139999.999996
RBI:AVG_TURNOVER_RN(1.0),N_A,TR_BILL_182_DAY,W,2014,2013,0,2013-11-29,INR,11278060000
RBI:AVG_TURNOVER_RN(1.0),N_A,GOVT_SEC,W,2014,2013,0,2013-11-29,INR,551279088000
RBI:AVG_TURNOVER_RN(1.0),N_A,TR_BILL_91_DAY,W,2014,2013,0,2013-11-29,INR,39956980000
RBI:AVG_TURNOVER_RN(1.0),N_A,TRI_REPO,W,2014,2013,0,2013-11-29,INR,1186973000000
RBI:AVG_TURNOVER_RN(1.0),N_A,FOREX,W,2014,2013,0,2013-11-29,INR,49606946000.00001
RBI:AVG_TURNOVER_RN(1.0),N_A,TERM_MONEY,W,2014,2013,0,2013-11-29,INR,2135000000
RBI:AVG_TURNOVER_RN(1.0),N_A,NOTICE_MONEY,W,2014,2013,0,2013-11-29,INR,85166400000
RBI:AVG_TURNOVER_RN(1.0),N_A,STATE_GOVT_SEC,W,2014,2013,0,2013-11-29,INR,5825076000
RBI:AVG_TURNOVER_RN(1.0),N_A,CORPO_REPO,W,2014,2013,0,2013-11-29,INR,0.0
RBI:AVG_TURNOVER_RN(1.0),N_A,MKT_REPO,W,2014,2013,0,2013-11-29,INR,953713666666.6665
RBI:AVG_TURNOVER_RN(1.0),N_A,GOVT_SEC_RBI,W,2014,2013,0,2013-11-29,INR,230000000
RBI:AVG_TURNOVER_RN(1.0),N_A,TR_BILL_364_DAY,W,2014,2013,0,2013-11-22,INR,15717590000
RBI:AVG_TURNOVER_RN(1.0),N_A,NOTICE_MONEY,W,2014,2013,0,2013-11-22,INR,71435666666.66667
RBI:AVG_TURNOVER_RN(1.0),N_A,FOREX,W,2014,2013,0,2013-11-22,INR,45733484000.00001
RBI:AVG_TURNOVER_RN(1.0),N_A,GOVT_SEC_RBI,W,2014,2013,0,2013-11-22,INR,12580000000
RBI:AVG_TURNOVER_RN(1.0),N_A,TR_BILL_91_DAY,W,2014,2013,0,2013-11-22,INR,17450009999.999996
RBI:AVG_TURNOVER_RN(1.0),N_A,CALL_MONEY,W,2014,2013,0,2013-11-22,INR,209116900000
RBI:AVG_TURNOVER_RN(1.0),N_A,GOVT_SEC,W,2014,2013,0,2013-11-22,INR,417725084000
RBI:AVG_TURNOVER_RN(1.0),N_A,MKT_REPO,W,2014,2013,0,2013-11-22,INR,786169666666.6666
RBI:AVG_TURNOVER_RN(1.0),N_A,TR_BILL_182_DAY,W,2014,2013,0,2013-11-22,INR,9608380000
RBI:AVG_TURNOVER_RN(1.0),N_A,TRI_REPO,W,2014,2013,0,2013-11-22,INR,1257637500000
RBI:AVG_TURNOVER_RN(1.0),N_A,STATE_GOVT_SEC,W,2014,2013,0,2013-11-22,INR,17443352000
RBI:AVG_TURNOVER_RN(1.0),N_A,TERM_MONEY,W,2014,2013,0,2013-11-22,INR,3881666666.666667
RBI:AVG_TURNOVER_RN(1.0),N_A,CORPO_REPO,W,2014,2013,0,2013-11-22,INR,480000000
RBI:AVG_TURNOVER_RN(1.0),N_A,NOTICE_MONEY,W,2014,2013,0,2013-11-15,INR,99637600000
RBI:AVG_TURNOVER_RN(1.0),N_A,GOVT_SEC,W,2014,2013,0,2013-11-15,INR,479843039999.99994
RBI:AVG_TURNOVER_RN(1.0),N_A,TERM_MONEY,W,2014,2013,0,2013-11-15,INR,4162000000
RBI:AVG_TURNOVER_RN(1.0),N_A,STATE_GOVT_SEC,W,2014,2013,0,2013-11-15,INR,10246910000
RBI:AVG_TURNOVER_RN(1.0),N_A,TR_BILL_182_DAY,W,2014,2013,0,2013-11-15,INR,9593150000
RBI:AVG_TURNOVER_RN(1.0),N_A,CORPO_REPO,W,2014,2013,0,2013-11-15,INR,0.0
RBI:AVG_TURNOVER_RN(1.0),N_A,CALL_MONEY,W,2014,2013,0,2013-11-15,INR,226668560000
RBI:AVG_TURNOVER_RN(1.0),N_A,MKT_REPO,W,2014,2013,0,2013-11-15,INR,963778000000
RBI:AVG_TURNOVER_RN(1.0),N_A,FOREX,W,2014,2013,0,2013-11-15,INR,62414675000
RBI:AVG_TURNOVER_RN(1.0),N_A,TR_BILL_91_DAY,W,2014,2013,0,2013-11-15,INR,17476837500
RBI:AVG_TURNOVER_RN(1.0),N_A,GOVT_SEC_RBI,W,2014,2013,0,2013-11-15,INR,860000000
RBI:AVG_TURNOVER_RN(1.0),N_A,TR_BILL_364_DAY,W,2014,2013,0,2013-11-15,INR,16574912500
RBI:AVG_TURNOVER_RN(1.0),N_A,TRI_REPO,W,2014,2013,0,2013-11-15,INR,855111400000
RBI:AVG_TURNOVER_RN(1.0),N_A,GOVT_SEC_RBI,W,2014,2013,0,2013-11-08,INR,2160000000
RBI:AVG_TURNOVER_RN(1.0),N_A,FOREX,W,2014,2013,0,2013-11-08,INR,40988380000
RBI:AVG_TURNOVER_RN(1.0),N_A,TR_BILL_182_DAY,W,2014,2013,0,2013-11-08,INR,20794525000
RBI:AVG_TURNOVER_RN(1.0),N_A,NOTICE_MONEY,W,2014,2013,0,2013-11-08,INR,59510280000
RBI:AVG_TURNOVER_RN(1.0),N_A,TR_BILL_364_DAY,W,2014,2013,0,2013-11-08,INR,10384650000
RBI:AVG_TURNOVER_RN(1.0),N_A,STATE_GOVT_SEC,W,2014,2013,0,2013-11-08,INR,11168820000.000002
RBI:AVG_TURNOVER_RN(1.0),N_A,CALL_MONEY,W,2014,2013,0,2013-11-08,INR,210720360000
RBI:AVG_TURNOVER_RN(1.0),N_A,TR_BILL_91_DAY,W,2014,2013,0,2013-11-08,INR,43672737500
RBI:AVG_TURNOVER_RN(1.0),N_A,MKT_REPO,W,2014,2013,0,2013-11-08,INR,883467439999.9999
RBI:AVG_TURNOVER_RN(1.0),N_A,TERM_MONEY,W,2014,2013,0,2013-11-08,INR,2016120000
RBI:AVG_TURNOVER_RN(1.0),N_A,TRI_REPO,W,2014,2013,0,2013-11-08,INR,1045335199999.9999
RBI:AVG_TURNOVER_RN(1.0),N_A,GOVT_SEC,W,2014,2013,0,2013-11-08,INR,397723915000
RBI:AVG_TURNOVER_RN(1.0),N_A,CORPO_REPO,W,2014,2013,0,2013-11-08,INR,0.0
RBI:AVG_TURNOVER_RN(1.0),N_A,TR_BILL_182_DAY,W,2014,2013,0,2013-11-01,INR,15208730000
RBI:AVG_TURNOVER_RN(1.0),N_A,TERM_MONEY,W,2014,2013,0,2013-11-01,INR,2606666666.666667
RBI:AVG_TURNOVER_RN(1.0),N_A,NOTICE_MONEY,W,2014,2013,0,2013-11-01,INR,69619333333.33333
RBI:AVG_TURNOVER_RN(1.0),N_A,TRI_REPO,W,2014,2013,0,2013-11-01,INR,1053940666666.6666
RBI:AVG_TURNOVER_RN(1.0),N_A,CALL_MONEY,W,2014,2013,0,2013-11-01,INR,192124566666.6667
RBI:AVG_TURNOVER_RN(1.0),N_A,GOVT_SEC_RBI,W,2014,2013,0,2013-11-01,INR,1440000000
RBI:AVG_TURNOVER_RN(1.0),N_A,TR_BILL_364_DAY,W,2014,2013,0,2013-11-01,INR,28198869999.999996
RBI:AVG_TURNOVER_RN(1.0),N_A,FOREX,W,2014,2013,0,2013-11-01,INR,47098740000.00001
RBI:AVG_TURNOVER_RN(1.0),N_A,STATE_GOVT_SEC,W,2014,2013,0,2013-11-01,INR,6059275999.999999
RBI:AVG_TURNOVER_RN(1.0),N_A,GOVT_SEC,W,2014,2013,0,2013-11-01,INR,457978248000.00006
RBI:AVG_TURNOVER_RN(1.0),N_A,TR_BILL_91_DAY,W,2014,2013,0,2013-11-01,INR,41253500000
RBI:AVG_TURNOVER_RN(1.0),N_A,MKT_REPO,W,2014,2013,0,2013-11-01,INR,1066177066666.6666
RBI:AVG_TURNOVER_RN(1.0),N_A,CORPO_REPO,W,2014,2013,0,2013-11-01,INR,0.0
RBI:AVG_TURNOVER_RN(1.0),N_A,STATE_GOVT_SEC,W,2014,2013,0,2013-10-25,INR,11936792000
RBI:AVG_TURNOVER_RN(1.0),N_A,NOTICE_MONEY,W,2014,2013,0,2013-10-25,INR,42498566666.666664
RBI:AVG_TURNOVER_RN(1.0),N_A,FOREX,W,2014,2013,0,2013-10-25,INR,43029930000
RBI:AVG_TURNOVER_RN(1.0),N_A,GOVT_SEC_RBI,W,2014,2013,0,2013-10-25,INR,2720000000
RBI:AVG_TURNOVER_RN(1.0),N_A,TR_BILL_CASH_MNG_BILLS,W,2014,2013,0,2013-10-25,INR,100000000
RBI:AVG_TURNOVER_RN(1.0),N_A,MKT_REPO,W,2014,2013,0,2013-10-25,INR,912535000000
RBI:AVG_TURNOVER_RN(1.0),N_A,TRI_REPO,W,2014,2013,0,2013-10-25,INR,1139959166666.6667
RBI:AVG_TURNOVER_RN(1.0),N_A,TR_BILL_182_DAY,W,2014,2013,0,2013-10-25,INR,12876700000
RBI:AVG_TURNOVER_RN(1.0),N_A,CORPO_REPO,W,2014,2013,0,2013-10-25,INR,0.0
RBI:AVG_TURNOVER_RN(1.0),N_A,GOVT_SEC,W,2014,2013,0,2013-10-25,INR,460764988000
RBI:AVG_TURNOVER_RN(1.0),N_A,TERM_MONEY,W,2014,2013,0,2013-10-25,INR,1727999999.9999998
RBI:AVG_TURNOVER_RN(1.0),N_A,TR_BILL_91_DAY,W,2014,2013,0,2013-10-25,INR,25276480000
RBI:AVG_TURNOVER_RN(1.0),N_A,TR_BILL_364_DAY,W,2014,2013,0,2013-10-25,INR,17468870000
RBI:AVG_TURNOVER_RN(1.0),N_A,CALL_MONEY,W,2014,2013,0,2013-10-25,INR,183116200000
RBI:AVG_TURNOVER_RN(1.0),N_A,TERM_MONEY,W,2014,2013,0,2013-10-18,INR,1764000000
RBI:AVG_TURNOVER_RN(1.0),N_A,TR_BILL_91_DAY,W,2014,2013,0,2013-10-18,INR,32126987500
RBI:AVG_TURNOVER_RN(1.0),N_A,FOREX,W,2014,2013,0,2013-10-18,INR,42278780000
RBI:AVG_TURNOVER_RN(1.0),N_A,TRI_REPO,W,2014,2013,0,2013-10-18,INR,1003942400000
RBI:AVG_TURNOVER_RN(1.0),N_A,TR_BILL_CASH_MNG_BILLS,W,2014,2013,0,2013-10-18,INR,5652500000
RBI:AVG_TURNOVER_RN(1.0),N_A,TR_BILL_182_DAY,W,2014,2013,0,2013-10-18,INR,10207037500
RBI:AVG_TURNOVER_RN(1.0),N_A,GOVT_SEC,W,2014,2013,0,2013-10-18,INR,504219040000.00006
RBI:AVG_TURNOVER_RN(1.0),N_A,CALL_MONEY,W,2014,2013,0,2013-10-18,INR,181433320000.00003
RBI:AVG_TURNOVER_RN(1.0),N_A,STATE_GOVT_SEC,W,2014,2013,0,2013-10-18,INR,15788409999.999998
RBI:AVG_TURNOVER_RN(1.0),N_A,NOTICE_MONEY,W,2014,2013,0,2013-10-18,INR,72144200000
RBI:AVG_TURNOVER_RN(1.0),N_A,MKT_REPO,W,2014,2013,0,2013-10-18,INR,1169563360000
RBI:AVG_TURNOVER_RN(1.0),N_A,TR_BILL_364_DAY,W,2014,2013,0,2013-10-18,INR,18282125000
RBI:AVG_TURNOVER_RN(1.0),N_A,GOVT_SEC_RBI,W,2014,2013,0,2013-10-18,INR,2360000000
RBI:AVG_TURNOVER_RN(1.0),N_A,TRI_REPO,W,2014,2013,0,2013-10-11,INR,1087141333333.3335
RBI:AVG_TURNOVER_RN(1.0),N_A,CALL_MONEY,W,2014,2013,0,2013-10-11,INR,181766900000
RBI:AVG_TURNOVER_RN(1.0),N_A,GOVT_SEC_RBI,W,2014,2013,0,2013-10-11,INR,21160000000
RBI:AVG_TURNOVER_RN(1.0),N_A,TR_BILL_182_DAY,W,2014,2013,0,2013-10-11,INR,14658709999.999998
RBI:AVG_TURNOVER_RN(1.0),N_A,FOREX,W,2014,2013,0,2013-10-11,INR,48086466000
RBI:AVG_TURNOVER_RN(1.0),N_A,STATE_GOVT_SEC,W,2014,2013,0,2013-10-11,INR,17853148000
RBI:AVG_TURNOVER_RN(1.0),N_A,NOTICE_MONEY,W,2014,2013,0,2013-10-11,INR,44529200000
RBI:AVG_TURNOVER_RN(1.0),N_A,TR_BILL_91_DAY,W,2014,2013,0,2013-10-11,INR,18901919999.999996
RBI:AVG_TURNOVER_RN(1.0),N_A,TR_BILL_CASH_MNG_BILLS,W,2014,2013,0,2013-10-11,INR,28802760000
RBI:AVG_TURNOVER_RN(1.0),N_A,TERM_MONEY,W,2014,2013,0,2013-10-11,INR,2401333333.3333335
RBI:AVG_TURNOVER_RN(1.0),N_A,TR_BILL_364_DAY,W,2014,2013,0,2013-10-11,INR,12152000000
RBI:AVG_TURNOVER_RN(1.0),N_A,MKT_REPO,W,2014,2013,0,2013-10-11,INR,991367333333.3334
RBI:AVG_TURNOVER_RN(1.0),N_A,GOVT_SEC,W,2014,2013,0,2013-10-11,INR,679622207999.9999
RBI:AVG_TURNOVER_RN(1.0),N_A,TR_BILL_CASH_MNG_BILLS,W,2014,2013,0,2013-10-04,INR,20252125000
RBI:AVG_TURNOVER_RN(1.0),N_A,TR_BILL_364_DAY,W,2014,2013,0,2013-10-04,INR,30066525000
RBI:AVG_TURNOVER_RN(1.0),N_A,STATE_GOVT_SEC,W,2014,2013,0,2013-10-04,INR,8732380000
RBI:AVG_TURNOVER_RN(1.0),N_A,NOTICE_MONEY,W,2014,2013,0,2013-10-04,INR,91436119999.99998
RBI:AVG_TURNOVER_RN(1.0),N_A,GOVT_SEC_RBI,W,2014,2013,0,2013-10-04,INR,3350000000
RBI:AVG_TURNOVER_RN(1.0),N_A,TRI_REPO,W,2014,2013,0,2013-10-04,INR,967594800000.0001
RBI:AVG_TURNOVER_RN(1.0),N_A,CALL_MONEY,W,2014,2013,0,2013-10-04,INR,227432200000
RBI:AVG_TURNOVER_RN(1.0),N_A,TR_BILL_91_DAY,W,2014,2013,0,2013-10-04,INR,28974750000
RBI:AVG_TURNOVER_RN(1.0),N_A,GOVT_SEC,W,2014,2013,0,2013-10-04,INR,427691584999.99994
RBI:AVG_TURNOVER_RN(1.0),N_A,MKT_REPO,W,2014,2013,0,2013-10-04,INR,1051520240000
RBI:AVG_TURNOVER_RN(1.0),N_A,FOREX,W,2014,2013,0,2013-10-04,INR,55353605000
RBI:AVG_TURNOVER_RN(1.0),N_A,TR_BILL_182_DAY,W,2014,2013,0,2013-10-04,INR,6472437500
RBI:AVG_TURNOVER_RN(1.0),N_A,TERM_MONEY,W,2014,2013,0,2013-10-04,INR,3038080000
RBI:AVG_TURNOVER_RN(1.0),N_A,TR_BILL_364_DAY,W,2014,2013,0,2013-09-27,INR,31565099999.999996
RBI:AVG_TURNOVER_RN(1.0),N_A,STATE_GOVT_SEC,W,2014,2013,0,2013-09-27,INR,14957112000
RBI:AVG_TURNOVER_RN(1.0),N_A,GOVT_SEC,W,2014,2013,0,2013-09-27,INR,462585568000.00006
RBI:AVG_TURNOVER_RN(1.0),N_A,FOREX,W,2014,2013,0,2013-09-27,INR,55147000000
RBI:AVG_TURNOVER_RN(1.0),N_A,NOTICE_MONEY,W,2014,2013,0,2013-09-27,INR,67056500000.00001
RBI:AVG_TURNOVER_RN(1.0),N_A,TR_BILL_182_DAY,W,2014,2013,0,2013-09-27,INR,15789810000
RBI:AVG_TURNOVER_RN(1.0),N_A,TR_BILL_91_DAY,W,2014,2013,0,2013-09-27,INR,35993239999.99999
RBI:AVG_TURNOVER_RN(1.0),N_A,CORPO_REPO,W,2014,2013,0,2013-09-27,INR,7800000000
RBI:AVG_TURNOVER_RN(1.0),N_A,MKT_REPO,W,2014,2013,0,2013-09-27,INR,916697600000.0001
RBI:AVG_TURNOVER_RN(1.0),N_A,TERM_MONEY,W,2014,2013,0,2013-09-27,INR,3190000000
RBI:AVG_TURNOVER_RN(1.0),N_A,TRI_REPO,W,2014,2013,0,2013-09-27,INR,1493604333333.3333
RBI:AVG_TURNOVER_RN(1.0),N_A,GOVT_SEC_RBI,W,2014,2013,0,2013-09-27,INR,1310000000
RBI:AVG_TURNOVER_RN(1.0),N_A,TR_BILL_CASH_MNG_BILLS,W,2014,2013,0,2013-09-27,INR,26274830000
RBI:AVG_TURNOVER_RN(1.0),N_A,CALL_MONEY,W,2014,2013,0,2013-09-27,INR,266047433333.3333
RBI:AVG_TURNOVER_RN(1.0),N_A,TR_BILL_91_DAY,W,2014,2013,0,2013-09-20,INR,21379139999.999996
RBI:AVG_TURNOVER_RN(1.0),N_A,GOVT_SEC,W,2014,2013,0,2013-09-20,INR,407446656000
RBI:AVG_TURNOVER_RN(1.0),N_A,NOTICE_MONEY,W,2014,2013,0,2013-09-20,INR,60227833333.33333
RBI:AVG_TURNOVER_RN(1.0),N_A,CALL_MONEY,W,2014,2013,0,2013-09-20,INR,191881400000
RBI:AVG_TURNOVER_RN(1.0),N_A,TR_BILL_364_DAY,W,2014,2013,0,2013-09-20,INR,21196180000
RBI:AVG_TURNOVER_RN(1.0),N_A,MKT_REPO,W,2014,2013,0,2013-09-20,INR,1123583533333.3333
RBI:AVG_TURNOVER_RN(1.0),N_A,TRI_REPO,W,2014,2013,0,2013-09-20,INR,1325161999999.9998
RBI:AVG_TURNOVER_RN(1.0),N_A,TR_BILL_CASH_MNG_BILLS,W,2014,2013,0,2013-09-20,INR,16608490000.000002
RBI:AVG_TURNOVER_RN(1.0),N_A,TR_BILL_182_DAY,W,2014,2013,0,2013-09-20,INR,14612000000
RBI:AVG_TURNOVER_RN(1.0),N_A,GOVT_SEC_RBI,W,2014,2013,0,2013-09-20,INR,1200000000
RBI:AVG_TURNOVER_RN(1.0),N_A,FOREX,W,2014,2013,0,2013-09-20,INR,47886882000
RBI:AVG_TURNOVER_RN(1.0),N_A,STATE_GOVT_SEC,W,2014,2013,0,2013-09-20,INR,13206608000.000002
RBI:AVG_TURNOVER_RN(1.0),N_A,TERM_MONEY,W,2014,2013,0,2013-09-20,INR,1935000000
RBI:AVG_TURNOVER_RN(1.0),N_A,TR_BILL_182_DAY,W,2014,2013,0,2013-09-13,INR,12027075000
RBI:AVG_TURNOVER_RN(1.0),N_A,CALL_MONEY,W,2014,2013,0,2013-09-13,INR,185948960000
RBI:AVG_TURNOVER_RN(1.0),N_A,TR_BILL_CASH_MNG_BILLS,W,2014,2013,0,2013-09-13,INR,39478087500
RBI:AVG_TURNOVER_RN(1.0),N_A,TR_BILL_91_DAY,W,2014,2013,0,2013-09-13,INR,18815075000
RBI:AVG_TURNOVER_RN(1.0),N_A,STATE_GOVT_SEC,W,2014,2013,0,2013-09-13,INR,9381350000
RBI:AVG_TURNOVER_RN(1.0),N_A,MKT_REPO,W,2014,2013,0,2013-09-13,INR,908830480000
RBI:AVG_TURNOVER_RN(1.0),N_A,TERM_MONEY,W,2014,2013,0,2013-09-13,INR,1200000000
RBI:AVG_TURNOVER_RN(1.0),N_A,NOTICE_MONEY,W,2014,2013,0,2013-09-13,INR,49948560000
RBI:AVG_TURNOVER_RN(1.0),N_A,GOVT_SEC_RBI,W,2014,2013,0,2013-09-13,INR,17760000000.000004
RBI:AVG_TURNOVER_RN(1.0),N_A,GOVT_SEC,W,2014,2013,0,2013-09-13,INR,410928640000.00006
RBI:AVG_TURNOVER_RN(1.0),N_A,TRI_REPO,W,2014,2013,0,2013-09-13,INR,1339176800000
RBI:AVG_TURNOVER_RN(1.0),N_A,TR_BILL_364_DAY,W,2014,2013,0,2013-09-13,INR,17225000000
RBI:AVG_TURNOVER_RN(1.0),N_A,FOREX,W,2014,2013,0,2013-09-13,INR,47214180000
RBI:AVG_TURNOVER_RN(1.0),N_A,NOTICE_MONEY,W,2014,2013,0,2013-09-06,INR,59727566666.66667
RBI:AVG_TURNOVER_RN(1.0),N_A,MKT_REPO,W,2014,2013,0,2013-09-06,INR,1159691200000
RBI:AVG_TURNOVER_RN(1.0),N_A,TR_BILL_182_DAY,W,2014,2013,0,2013-09-06,INR,6435510000
RBI:AVG_TURNOVER_RN(1.0),N_A,CALL_MONEY,W,2014,2013,0,2013-09-06,INR,187858299999.99997
RBI:AVG_TURNOVER_RN(1.0),N_A,TRI_REPO,W,2014,2013,0,2013-09-06,INR,1442496166666.6667
RBI:AVG_TURNOVER_RN(1.0),N_A,STATE_GOVT_SEC,W,2014,2013,0,2013-09-06,INR,9284996000
RBI:AVG_TURNOVER_RN(1.0),N_A,TERM_MONEY,W,2014,2013,0,2013-09-06,INR,10368400000
RBI:AVG_TURNOVER_RN(1.0),N_A,TR_BILL_CASH_MNG_BILLS,W,2014,2013,0,2013-09-06,INR,65515580000
RBI:AVG_TURNOVER_RN(1.0),N_A,GOVT_SEC_RBI,W,2014,2013,0,2013-09-06,INR,14210000000
RBI:AVG_TURNOVER_RN(1.0),N_A,TR_BILL_91_DAY,W,2014,2013,0,2013-09-06,INR,22101450000
RBI:AVG_TURNOVER_RN(1.0),N_A,TR_BILL_364_DAY,W,2014,2013,0,2013-09-06,INR,39022630000
RBI:AVG_TURNOVER_RN(1.0),N_A,GOVT_SEC,W,2014,2013,0,2013-09-06,INR,624869760000
RBI:AVG_TURNOVER_RN(1.0),N_A,FOREX,W,2014,2013,0,2013-09-06,INR,44895928000
RBI:AVG_TURNOVER_RN(1.0),N_A,TRI_REPO,W,2014,2013,0,2013-08-30,INR,1481395000000
RBI:AVG_TURNOVER_RN(1.0),N_A,STATE_GOVT_SEC,W,2014,2013,0,2013-08-30,INR,10331716000.000002
RBI:AVG_TURNOVER_RN(1.0),N_A,TR_BILL_364_DAY,W,2014,2013,0,2013-08-30,INR,47548310000
RBI:AVG_TURNOVER_RN(1.0),N_A,GOVT_SEC,W,2014,2013,0,2013-08-30,INR,334940892000.00006
RBI:AVG_TURNOVER_RN(1.0),N_A,CALL_MONEY,W,2014,2013,0,2013-08-30,INR,209492533333.33334
RBI:AVG_TURNOVER_RN(1.0),N_A,NOTICE_MONEY,W,2014,2013,0,2013-08-30,INR,57840700000
RBI:AVG_TURNOVER_RN(1.0),N_A,TR_BILL_91_DAY,W,2014,2013,0,2013-08-30,INR,33926870000.000004
RBI:AVG_TURNOVER_RN(1.0),N_A,TR_BILL_182_DAY,W,2014,2013,0,2013-08-30,INR,20922230000
RBI:AVG_TURNOVER_RN(1.0),N_A,MKT_REPO,W,2014,2013,0,2013-08-30,INR,846260399999.9999
RBI:AVG_TURNOVER_RN(1.0),N_A,TR_BILL_CASH_MNG_BILLS,W,2014,2013,0,2013-08-30,INR,62981300000
RBI:AVG_TURNOVER_RN(1.0),N_A,FOREX,W,2014,2013,0,2013-08-30,INR,55888772000
RBI:AVG_TURNOVER_RN(1.0),N_A,GOVT_SEC_RBI,W,2014,2013,0,2013-08-30,INR,12800000000
RBI:AVG_TURNOVER_RN(1.0),N_A,TERM_MONEY,W,2014,2013,0,2013-08-30,INR,1276666666.6666667
RBI:AVG_TURNOVER_RN(1.0),N_A,TR_BILL_CASH_MNG_BILLS,W,2014,2013,0,2013-08-23,INR,56688089999.99999
RBI:AVG_TURNOVER_RN(1.0),N_A,TR_BILL_91_DAY,W,2014,2013,0,2013-08-23,INR,16876290000.000002
RBI:AVG_TURNOVER_RN(1.0),N_A,MKT_REPO,W,2014,2013,0,2013-08-23,INR,1159031933333.3335
RBI:AVG_TURNOVER_RN(1.0),N_A,STATE_GOVT_SEC,W,2014,2013,0,2013-08-23,INR,18866632000
RBI:AVG_TURNOVER_RN(1.0),N_A,TR_BILL_182_DAY,W,2014,2013,0,2013-08-23,INR,10011680000
RBI:AVG_TURNOVER_RN(1.0),N_A,TR_BILL_364_DAY,W,2014,2013,0,2013-08-23,INR,21878250000
RBI:AVG_TURNOVER_RN(1.0),N_A,TRI_REPO,W,2014,2013,0,2013-08-23,INR,1350818666666.6667
RBI:AVG_TURNOVER_RN(1.0),N_A,GOVT_SEC_RBI,W,2014,2013,0,2013-08-23,INR,1750000000
RBI:AVG_TURNOVER_RN(1.0),N_A,NOTICE_MONEY,W,2014,2013,0,2013-08-23,INR,67988200000
RBI:AVG_TURNOVER_RN(1.0),N_A,TERM_MONEY,W,2014,2013,0,2013-08-23,INR,2996666666.666667
RBI:AVG_TURNOVER_RN(1.0),N_A,CALL_MONEY,W,2014,2013,0,2013-08-23,INR,187971966666.66666
RBI:AVG_TURNOVER_RN(1.0),N_A,GOVT_SEC,W,2014,2013,0,2013-08-23,INR,315700159999.99994
RBI:AVG_TURNOVER_RN(1.0),N_A,FOREX,W,2014,2013,0,2013-08-23,INR,48513522000
RBI:AVG_TURNOVER_RN(1.0),N_A,GOVT_SEC,W,2014,2013,0,2013-08-16,INR,308686270000
RBI:AVG_TURNOVER_RN(1.0),N_A,TR_BILL_364_DAY,W,2014,2013,0,2013-08-16,INR,20818550000
RBI:AVG_TURNOVER_RN(1.0),N_A,TR_BILL_182_DAY,W,2014,2013,0,2013-08-16,INR,11827449999.999998
RBI:AVG_TURNOVER_RN(1.0),N_A,FOREX,W,2014,2013,0,2013-08-16,INR,46563615000
RBI:AVG_TURNOVER_RN(1.0),N_A,TR_BILL_91_DAY,W,2014,2013,0,2013-08-16,INR,24411112500
RBI:AVG_TURNOVER_RN(1.0),N_A,GOVT_SEC_RBI,W,2014,2013,0,2013-08-16,INR,1960000000
RBI:AVG_TURNOVER_RN(1.0),N_A,CALL_MONEY,W,2014,2013,0,2013-08-16,INR,239659160000
RBI:AVG_TURNOVER_RN(1.0),N_A,TR_BILL_CASH_MNG_BILLS,W,2014,2013,0,2013-08-16,INR,45123650000
RBI:AVG_TURNOVER_RN(1.0),N_A,TERM_MONEY,W,2014,2013,0,2013-08-16,INR,2180000000
RBI:AVG_TURNOVER_RN(1.0),N_A,MKT_REPO,W,2014,2013,0,2013-08-16,INR,736134000000
RBI:AVG_TURNOVER_RN(1.0),N_A,STATE_GOVT_SEC,W,2014,2013,0,2013-08-16,INR,15902190000
RBI:AVG_TURNOVER_RN(1.0),N_A,TRI_REPO,W,2014,2013,0,2013-08-16,INR,1356755600000
RBI:AVG_TURNOVER_RN(1.0),N_A,NOTICE_MONEY,W,2014,2013,0,2013-08-16,INR,69290520000
RBI:AVG_TURNOVER_RN(1.0),N_A,GOVT_SEC_RBI,W,2014,2013,0,2013-08-09,INR,579999999.9999999
RBI:AVG_TURNOVER_RN(1.0),N_A,TR_BILL_91_DAY,W,2014,2013,0,2013-08-09,INR,39295012500
RBI:AVG_TURNOVER_RN(1.0),N_A,FOREX,W,2014,2013,0,2013-08-09,INR,42543375000
RBI:AVG_TURNOVER_RN(1.0),N_A,CALL_MONEY,W,2014,2013,0,2013-08-09,INR,181397399999.99997
RBI:AVG_TURNOVER_RN(1.0),N_A,TR_BILL_CASH_MNG_BILLS,W,2014,2013,0,2013-08-09,INR,2250000000
RBI:AVG_TURNOVER_RN(1.0),N_A,TRI_REPO,W,2014,2013,0,2013-08-09,INR,1346653000000
RBI:AVG_TURNOVER_RN(1.0),N_A,TR_BILL_182_DAY,W,2014,2013,0,2013-08-09,INR,8814225000
RBI:AVG_TURNOVER_RN(1.0),N_A,MKT_REPO,W,2014,2013,0,2013-08-09,INR,1044737920000
RBI:AVG_TURNOVER_RN(1.0),N_A,TR_BILL_364_DAY,W,2014,2013,0,2013-08-09,INR,31378375000
RBI:AVG_TURNOVER_RN(1.0),N_A,TERM_MONEY,W,2014,2013,0,2013-08-09,INR,4962000000
RBI:AVG_TURNOVER_RN(1.0),N_A,GOVT_SEC,W,2014,2013,0,2013-08-09,INR,310367745000
RBI:AVG_TURNOVER_RN(1.0),N_A,NOTICE_MONEY,W,2014,2013,0,2013-08-09,INR,70897760000
RBI:AVG_TURNOVER_RN(1.0),N_A,STATE_GOVT_SEC,W,2014,2013,0,2013-08-09,INR,10015645000
RBI:AVG_TURNOVER_RN(1.0),N_A,GOVT_SEC,W,2014,2013,0,2013-08-02,INR,323583908000
RBI:AVG_TURNOVER_RN(1.0),N_A,FOREX,W,2014,2013,0,2013-08-02,INR,51586552000.00001
RBI:AVG_TURNOVER_RN(1.0),N_A,TR_BILL_182_DAY,W,2014,2013,0,2013-08-02,INR,7403000000
RBI:AVG_TURNOVER_RN(1.0),N_A,STATE_GOVT_SEC,W,2014,2013,0,2013-08-02,INR,8561976000.000001
RBI:AVG_TURNOVER_RN(1.0),N_A,TRI_REPO,W,2014,2013,0,2013-08-02,INR,1554332333333.3333
RBI:AVG_TURNOVER_RN(1.0),N_A,TR_BILL_CASH_MNG_BILLS,W,2014,2013,0,2013-08-02,INR,2420770000
RBI:AVG_TURNOVER_RN(1.0),N_A,TR_BILL_364_DAY,W,2014,2013,0,2013-08-02,INR,19156420000
RBI:AVG_TURNOVER_RN(1.0),N_A,GOVT_SEC_RBI,W,2014,2013,0,2013-08-02,INR,1630000000
RBI:AVG_TURNOVER_RN(1.0),N_A,NOTICE_MONEY,W,2014,2013,0,2013-08-02,INR,51433233333.33333
RBI:AVG_TURNOVER_RN(1.0),N_A,TR_BILL_91_DAY,W,2014,2013,0,2013-08-02,INR,36202560000
RBI:AVG_TURNOVER_RN(1.0),N_A,CALL_MONEY,W,2014,2013,0,2013-08-02,INR,207844066666.66666
RBI:AVG_TURNOVER_RN(1.0),N_A,MKT_REPO,W,2014,2013,0,2013-08-02,INR,737037866666.6666
RBI:AVG_TURNOVER_RN(1.0),N_A,TERM_MONEY,W,2014,2013,0,2013-08-02,INR,2930000000
RBI:AVG_TURNOVER_RN(1.0),N_A,TR_BILL_91_DAY,W,2014,2013,0,2013-07-26,INR,27449860000
RBI:AVG_TURNOVER_RN(1.0),N_A,TRI_REPO,W,2014,2013,0,2013-07-26,INR,1475164166666.6665
RBI:AVG_TURNOVER_RN(1.0),N_A,NOTICE_MONEY,W,2014,2013,0,2013-07-26,INR,50772133333.33333
RBI:AVG_TURNOVER_RN(1.0),N_A,TR_BILL_364_DAY,W,2014,2013,0,2013-07-26,INR,26770850000
RBI:AVG_TURNOVER_RN(1.0),N_A,STATE_GOVT_SEC,W,2014,2013,0,2013-07-26,INR,5005056000
RBI:AVG_TURNOVER_RN(1.0),N_A,CALL_MONEY,W,2014,2013,0,2013-07-26,INR,180924366666.66666
RBI:AVG_TURNOVER_RN(1.0),N_A,GOVT_SEC_RBI,W,2014,2013,0,2013-07-26,INR,2030000000.0000002
RBI:AVG_TURNOVER_RN(1.0),N_A,MKT_REPO,W,2014,2013,0,2013-07-26,INR,1073310999999.9999
RBI:AVG_TURNOVER_RN(1.0),N_A,TR_BILL_CASH_MNG_BILLS,W,2014,2013,0,2013-07-26,INR,2159060000
RBI:AVG_TURNOVER_RN(1.0),N_A,TR_BILL_182_DAY,W,2014,2013,0,2013-07-26,INR,4861410000
RBI:AVG_TURNOVER_RN(1.0),N_A,FOREX,W,2014,2013,0,2013-07-26,INR,43228706000
RBI:AVG_TURNOVER_RN(1.0),N_A,TERM_MONEY,W,2014,2013,0,2013-07-26,INR,2183333333.3333335
RBI:AVG_TURNOVER_RN(1.0),N_A,GOVT_SEC,W,2014,2013,0,2013-07-26,INR,363348264000.00006
RBI:AVG_TURNOVER_RN(1.0),N_A,TERM_MONEY,W,2014,2013,0,2013-07-19,INR,10123000000
RBI:AVG_TURNOVER_RN(1.0),N_A,STATE_GOVT_SEC,W,2014,2013,0,2013-07-19,INR,7137916000
RBI:AVG_TURNOVER_RN(1.0),N_A,FOREX,W,2014,2013,0,2013-07-19,INR,45295585999.99999
RBI:AVG_TURNOVER_RN(1.0),N_A,TR_BILL_91_DAY,W,2014,2013,0,2013-07-19,INR,17688630000
RBI:AVG_TURNOVER_RN(1.0),N_A,GOVT_SEC_RBI,W,2014,2013,0,2013-07-19,INR,7630000000
RBI:AVG_TURNOVER_RN(1.0),N_A,GOVT_SEC,W,2014,2013,0,2013-07-19,INR,466322151999.99994
RBI:AVG_TURNOVER_RN(1.0),N_A,TR_BILL_364_DAY,W,2014,2013,0,2013-07-19,INR,11768280000
RBI:AVG_TURNOVER_RN(1.0),N_A,NOTICE_MONEY,W,2014,2013,0,2013-07-19,INR,58998466666.66667
RBI:AVG_TURNOVER_RN(1.0),N_A,CALL_MONEY,W,2014,2013,0,2013-07-19,INR,226622266666.66666
RBI:AVG_TURNOVER_RN(1.0),N_A,TRI_REPO,W,2014,2013,0,2013-07-19,INR,1464887500000
RBI:AVG_TURNOVER_RN(1.0),N_A,TR_BILL_182_DAY,W,2014,2013,0,2013-07-19,INR,9911090000
RBI:AVG_TURNOVER_RN(1.0),N_A,MKT_REPO,W,2014,2013,0,2013-07-19,INR,743100600000
RBI:AVG_TURNOVER_RN(1.0),N_A,TR_BILL_91_DAY,W,2014,2013,0,2013-07-12,INR,24205299999.999996
RBI:AVG_TURNOVER_RN(1.0),N_A,NOTICE_MONEY,W,2014,2013,0,2013-07-12,INR,103808799999.99998
RBI:AVG_TURNOVER_RN(1.0),N_A,TR_BILL_182_DAY,W,2014,2013,0,2013-07-12,INR,14541090000
RBI:AVG_TURNOVER_RN(1.0),N_A,CALL_MONEY,W,2014,2013,0,2013-07-12,INR,244951666666.6667
RBI:AVG_TURNOVER_RN(1.0),N_A,GOVT_SEC_RBI,W,2014,2013,0,2013-07-12,INR,970000000
RBI:AVG_TURNOVER_RN(1.0),N_A,STATE_GOVT_SEC,W,2014,2013,0,2013-07-12,INR,7634528000
RBI:AVG_TURNOVER_RN(1.0),N_A,FOREX,W,2014,2013,0,2013-07-12,INR,48865479999.99999
RBI:AVG_TURNOVER_RN(1.0),N_A,MKT_REPO,W,2014,2013,0,2013-07-12,INR,1345186333333.3333
RBI:AVG_TURNOVER_RN(1.0),N_A,TERM_MONEY,W,2014,2013,0,2013-07-12,INR,6229000000
RBI:AVG_TURNOVER_RN(1.0),N_A,TR_BILL_364_DAY,W,2014,2013,0,2013-07-12,INR,22706950000
RBI:AVG_TURNOVER_RN(1.0),N_A,TRI_REPO,W,2014,2013,0,2013-07-12,INR,1387384499999.9998
RBI:AVG_TURNOVER_RN(1.0),N_A,GOVT_SEC,W,2014,2013,0,2013-07-12,INR,779349528000
RBI:AVG_TURNOVER_RN(1.0),N_A,CALL_MONEY,W,2014,2013,0,2013-07-05,INR,223831440000
RBI:AVG_TURNOVER_RN(1.0),N_A,MKT_REPO,W,2014,2013,0,2013-07-05,INR,1015687760000
RBI:AVG_TURNOVER_RN(1.0),N_A,STATE_GOVT_SEC,W,2014,2013,0,2013-07-05,INR,12463820000.000002
RBI:AVG_TURNOVER_RN(1.0),N_A,TR_BILL_364_DAY,W,2014,2013,0,2013-07-05,INR,33572125000
RBI:AVG_TURNOVER_RN(1.0),N_A,GOVT_SEC,W,2014,2013,0,2013-07-05,INR,959299240000
RBI:AVG_TURNOVER_RN(1.0),N_A,TRI_REPO,W,2014,2013,0,2013-07-05,INR,1675579400000
RBI:AVG_TURNOVER_RN(1.0),N_A,GOVT_SEC_RBI,W,2014,2013,0,2013-07-05,INR,5500000000
RBI:AVG_TURNOVER_RN(1.0),N_A,FOREX,W,2014,2013,0,2013-07-05,INR,45514000000
RBI:AVG_TURNOVER_RN(1.0),N_A,TERM_MONEY,W,2014,2013,0,2013-07-05,INR,11520440000.000002
RBI:AVG_TURNOVER_RN(1.0),N_A,TR_BILL_91_DAY,W,2014,2013,0,2013-07-05,INR,33934362500.000004
RBI:AVG_TURNOVER_RN(1.0),N_A,TR_BILL_182_DAY,W,2014,2013,0,2013-07-05,INR,22193212500
RBI:AVG_TURNOVER_RN(1.0),N_A,NOTICE_MONEY,W,2014,2013,0,2013-07-05,INR,89492160000
RBI:AVG_TURNOVER_RN(1.0),N_A,STATE_GOVT_SEC,W,2014,2013,0,2013-06-28,INR,11825412000.000002
RBI:AVG_TURNOVER_RN(1.0),N_A,TERM_MONEY,W,2014,2013,0,2013-06-28,INR,9638333333.333334
RBI:AVG_TURNOVER_RN(1.0),N_A,NOTICE_MONEY,W,2014,2013,0,2013-06-28,INR,60797766666.66667
RBI:AVG_TURNOVER_RN(1.0),N_A,TR_BILL_182_DAY,W,2014,2013,0,2013-06-28,INR,8519260000
RBI:AVG_TURNOVER_RN(1.0),N_A,FOREX,W,2014,2013,0,2013-06-28,INR,60631622000
RBI:AVG_TURNOVER_RN(1.0),N_A,GOVT_SEC_RBI,W,2014,2013,0,2013-06-28,INR,790000000
RBI:AVG_TURNOVER_RN(1.0),N_A,TRI_REPO,W,2014,2013,0,2013-06-28,INR,1292452166666.6667
RBI:AVG_TURNOVER_RN(1.0),N_A,MKT_REPO,W,2014,2013,0,2013-06-28,INR,1148396733333.3335
RBI:AVG_TURNOVER_RN(1.0),N_A,TR_BILL_91_DAY,W,2014,2013,0,2013-06-28,INR,10529920000
RBI:AVG_TURNOVER_RN(1.0),N_A,CALL_MONEY,W,2014,2013,0,2013-06-28,INR,301265800000
RBI:AVG_TURNOVER_RN(1.0),N_A,GOVT_SEC,W,2014,2013,0,2013-06-28,INR,582906160000
RBI:AVG_TURNOVER_RN(1.0),N_A,TR_BILL_364_DAY,W,2014,2013,0,2013-06-28,INR,30319650000
RBI:AVG_TURNOVER_RN(1.0),N_A,MKT_REPO,W,2014,2013,0,2013-06-21,INR,1039668000000
RBI:AVG_TURNOVER_RN(1.0),N_A,NOTICE_MONEY,W,2014,2013,0,2013-06-21,INR,78918366666.66666
RBI:AVG_TURNOVER_RN(1.0),N_A,GOVT_SEC_RBI,W,2014,2013,0,2013-06-21,INR,2060000000
RBI:AVG_TURNOVER_RN(1.0),N_A,GOVT_SEC,W,2014,2013,0,2013-06-21,INR,904628471999.9999
RBI:AVG_TURNOVER_RN(1.0),N_A,TR_BILL_364_DAY,W,2014,2013,0,2013-06-21,INR,27695460000
RBI:AVG_TURNOVER_RN(1.0),N_A,STATE_GOVT_SEC,W,2014,2013,0,2013-06-21,INR,17259536000
RBI:AVG_TURNOVER_RN(1.0),N_A,TR_BILL_91_DAY,W,2014,2013,0,2013-06-21,INR,20523340000
RBI:AVG_TURNOVER_RN(1.0),N_A,TERM_MONEY,W,2014,2013,0,2013-06-21,INR,4774666666.666667
RBI:AVG_TURNOVER_RN(1.0),N_A,FOREX,W,2014,2013,0,2013-06-21,INR,51401506000
RBI:AVG_TURNOVER_RN(1.0),N_A,CORPO_REPO,W,2014,2013,0,2013-06-21,INR,40000000
RBI:AVG_TURNOVER_RN(1.0),N_A,TR_BILL_182_DAY,W,2014,2013,0,2013-06-21,INR,10074550000
RBI:AVG_TURNOVER_RN(1.0),N_A,TRI_REPO,W,2014,2013,0,2013-06-21,INR,1423441500000
RBI:AVG_TURNOVER_RN(1.0),N_A,CALL_MONEY,W,2014,2013,0,2013-06-21,INR,265632966666.66666
RBI:AVG_TURNOVER_RN(1.0),N_A,CALL_MONEY,W,2014,2013,0,2013-06-14,INR,229879466666.66666
RBI:AVG_TURNOVER_RN(1.0),N_A,STATE_GOVT_SEC,W,2014,2013,0,2013-06-14,INR,7322380000
RBI:AVG_TURNOVER_RN(1.0),N_A,GOVT_SEC_RBI,W,2014,2013,0,2013-06-14,INR,13990000000
RBI:AVG_TURNOVER_RN(1.0),N_A,GOVT_SEC,W,2014,2013,0,2013-06-14,INR,966871844000
RBI:AVG_TURNOVER_RN(1.0),N_A,MKT_REPO,W,2014,2013,0,2013-06-14,INR,1124760800000
RBI:AVG_TURNOVER_RN(1.0),N_A,NOTICE_MONEY,W,2014,2013,0,2013-06-14,INR,73460400000
RBI:AVG_TURNOVER_RN(1.0),N_A,TR_BILL_182_DAY,W,2014,2013,0,2013-06-14,INR,6047890000
RBI:AVG_TURNOVER_RN(1.0),N_A,TR_BILL_91_DAY,W,2014,2013,0,2013-06-14,INR,18155650000
RBI:AVG_TURNOVER_RN(1.0),N_A,TR_BILL_364_DAY,W,2014,2013,0,2013-06-14,INR,27691250000
RBI:AVG_TURNOVER_RN(1.0),N_A,CORPO_REPO,W,2014,2013,0,2013-06-14,INR,840000000
RBI:AVG_TURNOVER_RN(1.0),N_A,TERM_MONEY,W,2014,2013,0,2013-06-14,INR,7068333333.333334
RBI:AVG_TURNOVER_RN(1.0),N_A,FOREX,W,2014,2013,0,2013-06-14,INR,53325543999.99999
RBI:AVG_TURNOVER_RN(1.0),N_A,TRI_REPO,W,2014,2013,0,2013-06-14,INR,1126180333333.3333
RBI:AVG_TURNOVER_RN(1.0),N_A,STATE_GOVT_SEC,W,2014,2013,0,2013-06-07,INR,16971876000
RBI:AVG_TURNOVER_RN(1.0),N_A,NOTICE_MONEY,W,2014,2013,0,2013-06-07,INR,59986500000.00001
RBI:AVG_TURNOVER_RN(1.0),N_A,TR_BILL_182_DAY,W,2014,2013,0,2013-06-07,INR,4245490000
RBI:AVG_TURNOVER_RN(1.0),N_A,MKT_REPO,W,2014,2013,0,2013-06-07,INR,776510733333.3334
RBI:AVG_TURNOVER_RN(1.0),N_A,TERM_MONEY,W,2014,2013,0,2013-06-07,INR,9120333333.333334
RBI:AVG_TURNOVER_RN(1.0),N_A,GOVT_SEC_RBI,W,2014,2013,0,2013-06-07,INR,50000000
RBI:AVG_TURNOVER_RN(1.0),N_A,TR_BILL_91_DAY,W,2014,2013,0,2013-06-07,INR,13685590000
RBI:AVG_TURNOVER_RN(1.0),N_A,CALL_MONEY,W,2014,2013,0,2013-06-07,INR,217099833333.33334
RBI:AVG_TURNOVER_RN(1.0),N_A,CORPO_REPO,W,2014,2013,0,2013-06-07,INR,400000000
RBI:AVG_TURNOVER_RN(1.0),N_A,FOREX,W,2014,2013,0,2013-06-07,INR,49692178000
RBI:AVG_TURNOVER_RN(1.0),N_A,TRI_REPO,W,2014,2013,0,2013-06-07,INR,1255443666666.6665
RBI:AVG_TURNOVER_RN(1.0),N_A,GOVT_SEC,W,2014,2013,0,2013-06-07,INR,968488832000
RBI:AVG_TURNOVER_RN(1.0),N_A,TR_BILL_364_DAY,W,2014,2013,0,2013-06-07,INR,18953540000
RBI:AVG_TURNOVER_RN(1.0),N_A,TR_BILL_364_DAY,W,2014,2013,0,2013-05-31,INR,18035180000
RBI:AVG_TURNOVER_RN(1.0),N_A,TRI_REPO,W,2014,2013,0,2013-05-31,INR,1027278800000
RBI:AVG_TURNOVER_RN(1.0),N_A,STATE_GOVT_SEC,W,2014,2013,0,2013-05-31,INR,9572536000
RBI:AVG_TURNOVER_RN(1.0),N_A,FOREX,W,2014,2013,0,2013-05-31,INR,59475028000
RBI:AVG_TURNOVER_RN(1.0),N_A,MKT_REPO,W,2014,2013,0,2013-05-31,INR,1390584959999.9998
RBI:AVG_TURNOVER_RN(1.0),N_A,CALL_MONEY,W,2014,2013,0,2013-05-31,INR,273635080000.00003
RBI:AVG_TURNOVER_RN(1.0),N_A,TERM_MONEY,W,2014,2013,0,2013-05-31,INR,10804000000
RBI:AVG_TURNOVER_RN(1.0),N_A,GOVT_SEC,W,2014,2013,0,2013-05-31,INR,1525795624000
RBI:AVG_TURNOVER_RN(1.0),N_A,TR_BILL_91_DAY,W,2014,2013,0,2013-05-31,INR,14224100000
RBI:AVG_TURNOVER_RN(1.0),N_A,TR_BILL_182_DAY,W,2014,2013,0,2013-05-31,INR,4791390000
RBI:AVG_TURNOVER_RN(1.0),N_A,GOVT_SEC_RBI,W,2014,2013,0,2013-05-31,INR,930000000
RBI:AVG_TURNOVER_RN(1.0),N_A,NOTICE_MONEY,W,2014,2013,0,2013-05-31,INR,108572880000
RBI:AVG_TURNOVER_RN(1.0),N_A,TR_BILL_91_DAY,W,2014,2013,0,2013-05-24,INR,11612330000
RBI:AVG_TURNOVER_RN(1.0),N_A,GOVT_SEC,W,2014,2013,0,2013-05-24,INR,1659301823999.9998
RBI:AVG_TURNOVER_RN(1.0),N_A,STATE_GOVT_SEC,W,2014,2013,0,2013-05-24,INR,17423752000
RBI:AVG_TURNOVER_RN(1.0),N_A,TR_BILL_182_DAY,W,2014,2013,0,2013-05-24,INR,4925380000
RBI:AVG_TURNOVER_RN(1.0),N_A,MKT_REPO,W,2014,2013,0,2013-05-24,INR,917820666666.6666
RBI:AVG_TURNOVER_RN(1.0),N_A,NOTICE_MONEY,W,2014,2013,0,2013-05-24,INR,2746700000
RBI:AVG_TURNOVER_RN(1.0),N_A,TR_BILL_364_DAY,W,2014,2013,0,2013-05-24,INR,10304000000
RBI:AVG_TURNOVER_RN(1.0),N_A,TERM_MONEY,W,2014,2013,0,2013-05-24,INR,10463333333.333332
RBI:AVG_TURNOVER_RN(1.0),N_A,CALL_MONEY,W,2014,2013,0,2013-05-24,INR,292706366666.6667
RBI:AVG_TURNOVER_RN(1.0),N_A,GOVT_SEC_RBI,W,2014,2013,0,2013-05-24,INR,270000000
RBI:AVG_TURNOVER_RN(1.0),N_A,FOREX,W,2014,2013,0,2013-05-24,INR,50298482000.00001
RBI:AVG_TURNOVER_RN(1.0),N_A,TRI_REPO,W,2014,2013,0,2013-05-24,INR,1101468333333.3333
RBI:AVG_TURNOVER_RN(1.0),N_A,TR_BILL_182_DAY,W,2014,2013,0,2013-05-17,INR,5371360000
RBI:AVG_TURNOVER_RN(1.0),N_A,MKT_REPO,W,2014,2013,0,2013-05-17,INR,1239444066666.6665
RBI:AVG_TURNOVER_RN(1.0),N_A,TRI_REPO,W,2014,2013,0,2013-05-17,INR,933155166666.6666
RBI:AVG_TURNOVER_RN(1.0),N_A,TR_BILL_91_DAY,W,2014,2013,0,2013-05-17,INR,8037310000
RBI:AVG_TURNOVER_RN(1.0),N_A,GOVT_SEC_RBI,W,2014,2013,0,2013-05-17,INR,1470000000
RBI:AVG_TURNOVER_RN(1.0),N_A,NOTICE_MONEY,W,2014,2013,0,2013-05-17,INR,70551566666.66667
RBI:AVG_TURNOVER_RN(1.0),N_A,CALL_MONEY,W,2014,2013,0,2013-05-17,INR,183016066666.66666
RBI:AVG_TURNOVER_RN(1.0),N_A,TR_BILL_364_DAY,W,2014,2013,0,2013-05-17,INR,17682940000
RBI:AVG_TURNOVER_RN(1.0),N_A,TERM_MONEY,W,2014,2013,0,2013-05-17,INR,5740000000
RBI:AVG_TURNOVER_RN(1.0),N_A,GOVT_SEC,W,2014,2013,0,2013-05-17,INR,2205361248000
RBI:AVG_TURNOVER_RN(1.0),N_A,STATE_GOVT_SEC,W,2014,2013,0,2013-05-17,INR,17364731999.999996
RBI:AVG_TURNOVER_RN(1.0),N_A,FOREX,W,2014,2013,0,2013-05-17,INR,51089264000
RBI:AVG_TURNOVER_RN(1.0),N_A,TR_BILL_91_DAY,W,2014,2013,0,2013-05-10,INR,19087240000
RBI:AVG_TURNOVER_RN(1.0),N_A,TR_BILL_182_DAY,W,2014,2013,0,2013-05-10,INR,17600860000
RBI:AVG_TURNOVER_RN(1.0),N_A,STATE_GOVT_SEC,W,2014,2013,0,2013-05-10,INR,18540068000
RBI:AVG_TURNOVER_RN(1.0),N_A,TR_BILL_364_DAY,W,2014,2013,0,2013-05-10,INR,20799440000
RBI:AVG_TURNOVER_RN(1.0),N_A,CALL_MONEY,W,2014,2013,0,2013-05-10,INR,269500800000.00003
RBI:AVG_TURNOVER_RN(1.0),N_A,GOVT_SEC_RBI,W,2014,2013,0,2013-05-10,INR,19470000000
RBI:AVG_TURNOVER_RN(1.0),N_A,TRI_REPO,W,2014,2013,0,2013-05-10,INR,904092500000
RBI:AVG_TURNOVER_RN(1.0),N_A,NOTICE_MONEY,W,2014,2013,0,2013-05-10,INR,54159133333.33333
RBI:AVG_TURNOVER_RN(1.0),N_A,MKT_REPO,W,2014,2013,0,2013-05-10,INR,1085089066666.6666
RBI:AVG_TURNOVER_RN(1.0),N_A,FOREX,W,2014,2013,0,2013-05-10,INR,49123441999.99999
RBI:AVG_TURNOVER_RN(1.0),N_A,GOVT_SEC,W,2014,2013,0,2013-05-10,INR,1465064816000
RBI:AVG_TURNOVER_RN(1.0),N_A,TERM_MONEY,W,2014,2013,0,2013-05-10,INR,13474666666.666666
RBI:AVG_TURNOVER_RN(1.0),N_A,TRI_REPO,W,2014,2013,0,2013-05-03,INR,880962800000
RBI:AVG_TURNOVER_RN(1.0),N_A,MKT_REPO,W,2014,2013,0,2013-05-03,INR,1314243600000.0002
RBI:AVG_TURNOVER_RN(1.0),N_A,CALL_MONEY,W,2014,2013,0,2013-05-03,INR,248368200000
RBI:AVG_TURNOVER_RN(1.0),N_A,GOVT_SEC_RBI,W,2014,2013,0,2013-05-03,INR,170000000
RBI:AVG_TURNOVER_RN(1.0),N_A,STATE_GOVT_SEC,W,2014,2013,0,2013-05-03,INR,17156929999.999998
RBI:AVG_TURNOVER_RN(1.0),N_A,TR_BILL_182_DAY,W,2014,2013,0,2013-05-03,INR,9723012500
RBI:AVG_TURNOVER_RN(1.0),N_A,TR_BILL_364_DAY,W,2014,2013,0,2013-05-03,INR,29169887500
RBI:AVG_TURNOVER_RN(1.0),N_A,GOVT_SEC,W,2014,2013,0,2013-05-03,INR,1273384510000
RBI:AVG_TURNOVER_RN(1.0),N_A,NOTICE_MONEY,W,2014,2013,0,2013-05-03,INR,99321559999.99998
RBI:AVG_TURNOVER_RN(1.0),N_A,TERM_MONEY,W,2014,2013,0,2013-05-03,INR,7768399999.999999
RBI:AVG_TURNOVER_RN(1.0),N_A,FOREX,W,2014,2013,0,2013-05-03,INR,62359137500
RBI:AVG_TURNOVER_RN(1.0),N_A,TR_BILL_91_DAY,W,2014,2013,0,2013-05-03,INR,18557275000
RBI:AVG_TURNOVER_RN(1.0),N_A,STATE_GOVT_SEC,W,2014,2013,0,2013-04-26,INR,16737229999.999998
RBI:AVG_TURNOVER_RN(1.0),N_A,TERM_MONEY,W,2014,2013,0,2013-04-26,INR,14896000000
RBI:AVG_TURNOVER_RN(1.0),N_A,TR_BILL_182_DAY,W,2014,2013,0,2013-04-26,INR,9345000000
RBI:AVG_TURNOVER_RN(1.0),N_A,GOVT_SEC,W,2014,2013,0,2013-04-26,INR,1304389250000
RBI:AVG_TURNOVER_RN(1.0),N_A,FOREX,W,2014,2013,0,2013-04-26,INR,60755357500
RBI:AVG_TURNOVER_RN(1.0),N_A,MKT_REPO,W,2014,2013,0,2013-04-26,INR,1060648159999.9999
RBI:AVG_TURNOVER_RN(1.0),N_A,CALL_MONEY,W,2014,2013,0,2013-04-26,INR,225739000000
RBI:AVG_TURNOVER_RN(1.0),N_A,NOTICE_MONEY,W,2014,2013,0,2013-04-26,INR,76491080000
RBI:AVG_TURNOVER_RN(1.0),N_A,TR_BILL_364_DAY,W,2014,2013,0,2013-04-26,INR,35682375000
RBI:AVG_TURNOVER_RN(1.0),N_A,TR_BILL_91_DAY,W,2014,2013,0,2013-04-26,INR,15651325000
RBI:AVG_TURNOVER_RN(1.0),N_A,GOVT_SEC_RBI,W,2014,2013,0,2013-04-26,INR,1200000000
RBI:AVG_TURNOVER_RN(1.0),N_A,TRI_REPO,W,2014,2013,0,2013-04-26,INR,1136488600000.0002
RBI:AVG_TURNOVER_RN(1.0),N_A,FOREX,W,2014,2013,0,2013-04-19,INR,54722195000
RBI:AVG_TURNOVER_RN(1.0),N_A,NOTICE_MONEY,W,2014,2013,0,2013-04-19,INR,95513520000.00002
RBI:AVG_TURNOVER_RN(1.0),N_A,TR_BILL_364_DAY,W,2014,2013,0,2013-04-19,INR,54423650000
RBI:AVG_TURNOVER_RN(1.0),N_A,STATE_GOVT_SEC,W,2014,2013,0,2013-04-19,INR,16445644999.999998
RBI:AVG_TURNOVER_RN(1.0),N_A,TERM_MONEY,W,2014,2013,0,2013-04-19,INR,5122000000
RBI:AVG_TURNOVER_RN(1.0),N_A,TRI_REPO,W,2014,2013,0,2013-04-19,INR,1139529399999.9998
RBI:AVG_TURNOVER_RN(1.0),N_A,MKT_REPO,W,2014,2013,0,2013-04-19,INR,1211267200000
RBI:AVG_TURNOVER_RN(1.0),N_A,GOVT_SEC_RBI,W,2014,2013,0,2013-04-19,INR,720000000
RBI:AVG_TURNOVER_RN(1.0),N_A,CALL_MONEY,W,2014,2013,0,2013-04-19,INR,295817680000
RBI:AVG_TURNOVER_RN(1.0),N_A,CORPO_REPO,W,2014,2013,0,2013-04-19,INR,550000000
RBI:AVG_TURNOVER_RN(1.0),N_A,TR_BILL_182_DAY,W,2014,2013,0,2013-04-19,INR,8400000000
RBI:AVG_TURNOVER_RN(1.0),N_A,TR_BILL_91_DAY,W,2014,2013,0,2013-04-19,INR,33476862500.000004
RBI:AVG_TURNOVER_RN(1.0),N_A,GOVT_SEC,W,2014,2013,0,2013-04-19,INR,1281230870000
RBI:AVG_TURNOVER_RN(1.0),N_A,MKT_REPO,W,2014,2013,0,2013-04-12,INR,886382800000
RBI:AVG_TURNOVER_RN(1.0),N_A,CORPO_REPO,W,2014,2013,0,2013-04-12,INR,2110000000
RBI:AVG_TURNOVER_RN(1.0),N_A,NOTICE_MONEY,W,2014,2013,0,2013-04-12,INR,90618320000
RBI:AVG_TURNOVER_RN(1.0),N_A,TR_BILL_91_DAY,W,2014,2013,0,2013-04-12,INR,19088750000
RBI:AVG_TURNOVER_RN(1.0),N_A,FOREX,W,2014,2013,0,2013-04-12,INR,58025130000
RBI:AVG_TURNOVER_RN(1.0),N_A,GOVT_SEC_RBI,W,2014,2013,0,2013-04-12,INR,3730000000
RBI:AVG_TURNOVER_RN(1.0),N_A,TR_BILL_182_DAY,W,2014,2013,0,2013-04-12,INR,11823599999.999998
RBI:AVG_TURNOVER_RN(1.0),N_A,CALL_MONEY,W,2014,2013,0,2013-04-12,INR,328982880000
RBI:AVG_TURNOVER_RN(1.0),N_A,TR_BILL_364_DAY,W,2014,2013,0,2013-04-12,INR,40628500000
RBI:AVG_TURNOVER_RN(1.0),N_A,TRI_REPO,W,2014,2013,0,2013-04-12,INR,1265093800000
RBI:AVG_TURNOVER_RN(1.0),N_A,STATE_GOVT_SEC,W,2014,2013,0,2013-04-12,INR,15684304999.999998
RBI:AVG_TURNOVER_RN(1.0),N_A,TERM_MONEY,W,2014,2013,0,2013-04-12,INR,12149600000
RBI:AVG_TURNOVER_RN(1.0),N_A,GOVT_SEC,W,2014,2013,0,2013-04-12,INR,1008528595000.0001
RBI:AVG_TURNOVER_RN(1.0),N_A,NOTICE_MONEY,W,2014,2013,0,2013-04-05,INR,135721320000.00002
RBI:AVG_TURNOVER_RN(1.0),N_A,CALL_MONEY,W,2014,2013,0,2013-04-05,INR,361746599999.99994
RBI:AVG_TURNOVER_RN(1.0),N_A,FOREX,W,2014,2013,0,2013-04-05,INR,67382720000
RBI:AVG_TURNOVER_RN(1.0),N_A,TR_BILL_182_DAY,W,2014,2013,0,2013-04-05,INR,13715325000
RBI:AVG_TURNOVER_RN(1.0),N_A,TR_BILL_91_DAY,W,2014,2013,0,2013-04-05,INR,36684575000
RBI:AVG_TURNOVER_RN(1.0),N_A,TR_BILL_364_DAY,W,2014,2013,0,2013-04-05,INR,45823075000
RBI:AVG_TURNOVER_RN(1.0),N_A,STATE_GOVT_SEC,W,2014,2013,0,2013-04-05,INR,11136704999.999998
RBI:AVG_TURNOVER_RN(1.0),N_A,GOVT_SEC,W,2014,2013,0,2013-04-05,INR,489826564999.99994
RBI:AVG_TURNOVER_RN(1.0),N_A,MKT_REPO,W,2014,2013,0,2013-04-05,INR,1183914720000
RBI:AVG_TURNOVER_RN(1.0),N_A,TERM_MONEY,W,2014,2013,0,2013-04-05,INR,18848400000
RBI:AVG_TURNOVER_RN(1.0),N_A,TRI_REPO,W,2014,2013,0,2013-04-05,INR,1162264000000
RBI:AVG_TURNOVER_RN(1.0),N_A,GOVT_SEC_RBI,W,2014,2013,0,2013-04-05,INR,760000000
RBI:AVG_TURNOVER_RN(1.0),N_A,TR_BILL_91_DAY,W,2013,2012,0,2013-03-29,INR,23321133333.333332
RBI:AVG_TURNOVER_RN(1.0),N_A,NOTICE_MONEY,W,2013,2012,0,2013-03-29,INR,54019150000
RBI:AVG_TURNOVER_RN(1.0),N_A,TERM_MONEY,W,2013,2012,0,2013-03-29,INR,12345000000
RBI:AVG_TURNOVER_RN(1.0),N_A,GOVT_SEC,W,2013,2012,0,2013-03-29,INR,511300733333.3333
RBI:AVG_TURNOVER_RN(1.0),N_A,TR_BILL_182_DAY,W,2013,2012,0,2013-03-29,INR,22306200000
RBI:AVG_TURNOVER_RN(1.0),N_A,TRI_REPO,W,2013,2012,0,2013-03-29,INR,698563250000
RBI:AVG_TURNOVER_RN(1.0),N_A,GOVT_SEC_RBI,W,2013,2012,0,2013-03-29,INR,21590000000
RBI:AVG_TURNOVER_RN(1.0),N_A,STATE_GOVT_SEC,W,2013,2012,0,2013-03-29,INR,19657093333.333332
RBI:AVG_TURNOVER_RN(1.0),N_A,MKT_REPO,W,2013,2012,0,2013-03-29,INR,481919800000.00006
RBI:AVG_TURNOVER_RN(1.0),N_A,FOREX,W,2013,2012,0,2013-03-29,INR,79630063333.33334
RBI:AVG_TURNOVER_RN(1.0),N_A,CALL_MONEY,W,2013,2012,0,2013-03-29,INR,296784350000
RBI:AVG_TURNOVER_RN(1.0),N_A,TR_BILL_364_DAY,W,2013,2012,0,2013-03-29,INR,36930950000
RBI:AVG_TURNOVER_RN(1.0),N_A,TERM_MONEY,W,2013,2012,0,2013-03-22,INR,10410000000
RBI:AVG_TURNOVER_RN(1.0),N_A,GOVT_SEC,W,2013,2012,0,2013-03-22,INR,494355004000
RBI:AVG_TURNOVER_RN(1.0),N_A,TR_BILL_364_DAY,W,2013,2012,0,2013-03-22,INR,34966030000
RBI:AVG_TURNOVER_RN(1.0),N_A,TR_BILL_182_DAY,W,2013,2012,0,2013-03-22,INR,5696540000
RBI:AVG_TURNOVER_RN(1.0),N_A,MKT_REPO,W,2013,2012,0,2013-03-22,INR,921616733333.3334
RBI:AVG_TURNOVER_RN(1.0),N_A,NOTICE_MONEY,W,2013,2012,0,2013-03-22,INR,111411900000
RBI:AVG_TURNOVER_RN(1.0),N_A,GOVT_SEC_RBI,W,2013,2012,0,2013-03-22,INR,4389999999.999999
RBI:AVG_TURNOVER_RN(1.0),N_A,FOREX,W,2013,2012,0,2013-03-22,INR,58433770000
RBI:AVG_TURNOVER_RN(1.0),N_A,STATE_GOVT_SEC,W,2013,2012,0,2013-03-22,INR,10504112000
RBI:AVG_TURNOVER_RN(1.0),N_A,TRI_REPO,W,2013,2012,0,2013-03-22,INR,712755000000
RBI:AVG_TURNOVER_RN(1.0),N_A,CALL_MONEY,W,2013,2012,0,2013-03-22,INR,296050033333.3333
RBI:AVG_TURNOVER_RN(1.0),N_A,TR_BILL_91_DAY,W,2013,2012,0,2013-03-22,INR,31041470000
RBI:AVG_TURNOVER_RN(1.0),N_A,GOVT_SEC,W,2013,2012,0,2013-03-15,INR,677093655999.9999
RBI:AVG_TURNOVER_RN(1.0),N_A,CALL_MONEY,W,2013,2012,0,2013-03-15,INR,295436833333.3333
RBI:AVG_TURNOVER_RN(1.0),N_A,MKT_REPO,W,2013,2012,0,2013-03-15,INR,881775466666.6667
RBI:AVG_TURNOVER_RN(1.0),N_A,TR_BILL_182_DAY,W,2013,2012,0,2013-03-15,INR,6849550000
RBI:AVG_TURNOVER_RN(1.0),N_A,GOVT_SEC_RBI,W,2013,2012,0,2013-03-15,INR,830000000
RBI:AVG_TURNOVER_RN(1.0),N_A,FOREX,W,2013,2012,0,2013-03-15,INR,54952700000
RBI:AVG_TURNOVER_RN(1.0),N_A,NOTICE_MONEY,W,2013,2012,0,2013-03-15,INR,88410100000
RBI:AVG_TURNOVER_RN(1.0),N_A,TR_BILL_364_DAY,W,2013,2012,0,2013-03-15,INR,12447340000
RBI:AVG_TURNOVER_RN(1.0),N_A,TR_BILL_91_DAY,W,2013,2012,0,2013-03-15,INR,26904770000
RBI:AVG_TURNOVER_RN(1.0),N_A,STATE_GOVT_SEC,W,2013,2012,0,2013-03-15,INR,10180724000
RBI:AVG_TURNOVER_RN(1.0),N_A,TERM_MONEY,W,2013,2012,0,2013-03-15,INR,5098000000
RBI:AVG_TURNOVER_RN(1.0),N_A,TRI_REPO,W,2013,2012,0,2013-03-15,INR,1044737000000
RBI:AVG_TURNOVER_RN(1.0),N_A,TR_BILL_91_DAY,W,2013,2012,0,2013-03-08,INR,32927440000
RBI:AVG_TURNOVER_RN(1.0),N_A,FOREX,W,2013,2012,0,2013-03-08,INR,54191116000
RBI:AVG_TURNOVER_RN(1.0),N_A,TR_BILL_364_DAY,W,2013,2012,0,2013-03-08,INR,23007950000
RBI:AVG_TURNOVER_RN(1.0),N_A,GOVT_SEC_RBI,W,2013,2012,0,2013-03-08,INR,20180000000
RBI:AVG_TURNOVER_RN(1.0),N_A,TRI_REPO,W,2013,2012,0,2013-03-08,INR,1188238333333.3333
RBI:AVG_TURNOVER_RN(1.0),N_A,NOTICE_MONEY,W,2013,2012,0,2013-03-08,INR,108404133333.33334
RBI:AVG_TURNOVER_RN(1.0),N_A,GOVT_SEC,W,2013,2012,0,2013-03-08,INR,650149276000
RBI:AVG_TURNOVER_RN(1.0),N_A,STATE_GOVT_SEC,W,2013,2012,0,2013-03-08,INR,13066208000.000002
RBI:AVG_TURNOVER_RN(1.0),N_A,TR_BILL_182_DAY,W,2013,2012,0,2013-03-08,INR,9057780000
RBI:AVG_TURNOVER_RN(1.0),N_A,TERM_MONEY,W,2013,2012,0,2013-03-08,INR,8493333333.333334
RBI:AVG_TURNOVER_RN(1.0),N_A,MKT_REPO,W,2013,2012,0,2013-03-08,INR,1246885666666.6667
RBI:AVG_TURNOVER_RN(1.0),N_A,CALL_MONEY,W,2013,2012,0,2013-03-08,INR,268010733333.33334
RBI:AVG_TURNOVER_RN(1.0),N_A,TR_BILL_182_DAY,W,2013,2012,0,2013-03-01,INR,3814040000
RBI:AVG_TURNOVER_RN(1.0),N_A,TRI_REPO,W,2013,2012,0,2013-03-01,INR,946015833333.3333
RBI:AVG_TURNOVER_RN(1.0),N_A,TR_BILL_364_DAY,W,2013,2012,0,2013-03-01,INR,11556760000
RBI:AVG_TURNOVER_RN(1.0),N_A,FOREX,W,2013,2012,0,2013-03-01,INR,60987774000
RBI:AVG_TURNOVER_RN(1.0),N_A,MKT_REPO,W,2013,2012,0,2013-03-01,INR,966445200000
RBI:AVG_TURNOVER_RN(1.0),N_A,STATE_GOVT_SEC,W,2013,2012,0,2013-03-01,INR,9163488000
RBI:AVG_TURNOVER_RN(1.0),N_A,NOTICE_MONEY,W,2013,2012,0,2013-03-01,INR,67942100000
RBI:AVG_TURNOVER_RN(1.0),N_A,GOVT_SEC,W,2013,2012,0,2013-03-01,INR,811318180000
RBI:AVG_TURNOVER_RN(1.0),N_A,GOVT_SEC_RBI,W,2013,2012,0,2013-03-01,INR,390000000
RBI:AVG_TURNOVER_RN(1.0),N_A,TERM_MONEY,W,2013,2012,0,2013-03-01,INR,22933333333.333336
RBI:AVG_TURNOVER_RN(1.0),N_A,TR_BILL_91_DAY,W,2013,2012,0,2013-03-01,INR,14275819999.999998
RBI:AVG_TURNOVER_RN(1.0),N_A,CALL_MONEY,W,2013,2012,0,2013-03-01,INR,278534633333.3333
RBI:AVG_TURNOVER_RN(1.0),N_A,GOVT_SEC,W,2013,2012,0,2013-02-22,INR,650025020000
RBI:AVG_TURNOVER_RN(1.0),N_A,TRI_REPO,W,2013,2012,0,2013-02-22,INR,707096000000
RBI:AVG_TURNOVER_RN(1.0),N_A,TR_BILL_91_DAY,W,2013,2012,0,2013-02-22,INR,15986987500
RBI:AVG_TURNOVER_RN(1.0),N_A,NOTICE_MONEY,W,2013,2012,0,2013-02-22,INR,165567120000
RBI:AVG_TURNOVER_RN(1.0),N_A,TR_BILL_182_DAY,W,2013,2012,0,2013-02-22,INR,1197500000
RBI:AVG_TURNOVER_RN(1.0),N_A,STATE_GOVT_SEC,W,2013,2012,0,2013-02-22,INR,11349335000
RBI:AVG_TURNOVER_RN(1.0),N_A,MKT_REPO,W,2013,2012,0,2013-02-22,INR,1083533199999.9999
RBI:AVG_TURNOVER_RN(1.0),N_A,FOREX,W,2013,2012,0,2013-02-22,INR,41948605000.00001
RBI:AVG_TURNOVER_RN(1.0),N_A,GOVT_SEC_RBI,W,2013,2012,0,2013-02-22,INR,25400000000
RBI:AVG_TURNOVER_RN(1.0),N_A,TERM_MONEY,W,2013,2012,0,2013-02-22,INR,11764000000
RBI:AVG_TURNOVER_RN(1.0),N_A,CALL_MONEY,W,2013,2012,0,2013-02-22,INR,103178760000
RBI:AVG_TURNOVER_RN(1.0),N_A,TR_BILL_364_DAY,W,2013,2012,0,2013-02-22,INR,30226962500
RBI:AVG_TURNOVER_RN(1.0),N_A,TERM_MONEY,W,2013,2012,0,2013-02-15,INR,11374666666.666666
RBI:AVG_TURNOVER_RN(1.0),N_A,GOVT_SEC_RBI,W,2013,2012,0,2013-02-15,INR,2319999999.9999995
RBI:AVG_TURNOVER_RN(1.0),N_A,FOREX,W,2013,2012,0,2013-02-15,INR,46533164000.00001
RBI:AVG_TURNOVER_RN(1.0),N_A,STATE_GOVT_SEC,W,2013,2012,0,2013-02-15,INR,8009200000
RBI:AVG_TURNOVER_RN(1.0),N_A,TR_BILL_182_DAY,W,2013,2012,0,2013-02-15,INR,3489160000
RBI:AVG_TURNOVER_RN(1.0),N_A,NOTICE_MONEY,W,2013,2012,0,2013-02-15,INR,74490833333.33333
RBI:AVG_TURNOVER_RN(1.0),N_A,TR_BILL_364_DAY,W,2013,2012,0,2013-02-15,INR,20270110000
RBI:AVG_TURNOVER_RN(1.0),N_A,GOVT_SEC,W,2013,2012,0,2013-02-15,INR,819261227999.9999
RBI:AVG_TURNOVER_RN(1.0),N_A,CALL_MONEY,W,2013,2012,0,2013-02-15,INR,274149766666.66666
RBI:AVG_TURNOVER_RN(1.0),N_A,TRI_REPO,W,2013,2012,0,2013-02-15,INR,833500166666.6666
RBI:AVG_TURNOVER_RN(1.0),N_A,MKT_REPO,W,2013,2012,0,2013-02-15,INR,976595666666.6666
RBI:AVG_TURNOVER_RN(1.0),N_A,TR_BILL_91_DAY,W,2013,2012,0,2013-02-15,INR,8955560000
RBI:AVG_TURNOVER_RN(1.0),N_A,TRI_REPO,W,2013,2012,0,2013-02-08,INR,938995000000
RBI:AVG_TURNOVER_RN(1.0),N_A,CALL_MONEY,W,2013,2012,0,2013-02-08,INR,234353500000.00003
RBI:AVG_TURNOVER_RN(1.0),N_A,NOTICE_MONEY,W,2013,2012,0,2013-02-08,INR,69840033333.33333
RBI:AVG_TURNOVER_RN(1.0),N_A,TERM_MONEY,W,2013,2012,0,2013-02-08,INR,9350000000
RBI:AVG_TURNOVER_RN(1.0),N_A,STATE_GOVT_SEC,W,2013,2012,0,2013-02-08,INR,12669551999.999998
RBI:AVG_TURNOVER_RN(1.0),N_A,GOVT_SEC,W,2013,2012,0,2013-02-08,INR,657470344000
RBI:AVG_TURNOVER_RN(1.0),N_A,FOREX,W,2013,2012,0,2013-02-08,INR,54407852000
RBI:AVG_TURNOVER_RN(1.0),N_A,MKT_REPO,W,2013,2012,0,2013-02-08,INR,944669200000
RBI:AVG_TURNOVER_RN(1.0),N_A,TR_BILL_91_DAY,W,2013,2012,0,2013-02-08,INR,17809110000
RBI:AVG_TURNOVER_RN(1.0),N_A,TR_BILL_182_DAY,W,2013,2012,0,2013-02-08,INR,8024600000
RBI:AVG_TURNOVER_RN(1.0),N_A,TR_BILL_364_DAY,W,2013,2012,0,2013-02-08,INR,30577760000
RBI:AVG_TURNOVER_RN(1.0),N_A,GOVT_SEC_RBI,W,2013,2012,0,2013-02-08,INR,4810000000.000001
RBI:AVG_TURNOVER_RN(1.0),N_A,CORPO_REPO,W,2013,2012,0,2013-02-08,INR,0.0
RBI:AVG_TURNOVER_RN(1.0),N_A,TR_BILL_182_DAY,W,2013,2012,0,2013-02-01,INR,5723760000
RBI:AVG_TURNOVER_RN(1.0),N_A,MKT_REPO,W,2013,2012,0,2013-02-01,INR,824910720000
RBI:AVG_TURNOVER_RN(1.0),N_A,FOREX,W,2013,2012,0,2013-02-01,INR,58744281999.99999
RBI:AVG_TURNOVER_RN(1.0),N_A,CALL_MONEY,W,2013,2012,0,2013-02-01,INR,314102240000
RBI:AVG_TURNOVER_RN(1.0),N_A,TRI_REPO,W,2013,2012,0,2013-02-01,INR,1150512600000
RBI:AVG_TURNOVER_RN(1.0),N_A,GOVT_SEC,W,2013,2012,0,2013-02-01,INR,584813131000
RBI:AVG_TURNOVER_RN(1.0),N_A,GOVT_SEC_RBI,W,2013,2012,0,2013-02-01,INR,400000000
RBI:AVG_TURNOVER_RN(1.0),N_A,TR_BILL_364_DAY,W,2013,2012,0,2013-02-01,INR,16052400000
RBI:AVG_TURNOVER_RN(1.0),N_A,NOTICE_MONEY,W,2013,2012,0,2013-02-01,INR,93154440000
RBI:AVG_TURNOVER_RN(1.0),N_A,STATE_GOVT_SEC,W,2013,2012,0,2013-02-01,INR,8640760000
RBI:AVG_TURNOVER_RN(1.0),N_A,TERM_MONEY,W,2013,2012,0,2013-02-01,INR,16867000000
RBI:AVG_TURNOVER_RN(1.0),N_A,TR_BILL_91_DAY,W,2013,2012,0,2013-02-01,INR,19575030000
RBI:AVG_TURNOVER_RN(1.0),N_A,CORPO_REPO,W,2013,2012,0,2013-02-01,INR,800000000
RBI:AVG_TURNOVER_RN(1.0),N_A,FOREX,W,2013,2012,0,2013-01-25,INR,50948750000
RBI:AVG_TURNOVER_RN(1.0),N_A,STATE_GOVT_SEC,W,2013,2012,0,2013-01-25,INR,26561330000
RBI:AVG_TURNOVER_RN(1.0),N_A,TR_BILL_91_DAY,W,2013,2012,0,2013-01-25,INR,16475375000
RBI:AVG_TURNOVER_RN(1.0),N_A,TERM_MONEY,W,2013,2012,0,2013-01-25,INR,7584000000
RBI:AVG_TURNOVER_RN(1.0),N_A,NOTICE_MONEY,W,2013,2012,0,2013-01-25,INR,5961400000
RBI:AVG_TURNOVER_RN(1.0),N_A,GOVT_SEC,W,2013,2012,0,2013-01-25,INR,700324435000
RBI:AVG_TURNOVER_RN(1.0),N_A,GOVT_SEC_RBI,W,2013,2012,0,2013-01-25,INR,800000000
RBI:AVG_TURNOVER_RN(1.0),N_A,TR_BILL_364_DAY,W,2013,2012,0,2013-01-25,INR,29093912500
RBI:AVG_TURNOVER_RN(1.0),N_A,MKT_REPO,W,2013,2012,0,2013-01-25,INR,796021839999.9999
RBI:AVG_TURNOVER_RN(1.0),N_A,CALL_MONEY,W,2013,2012,0,2013-01-25,INR,281193880000
RBI:AVG_TURNOVER_RN(1.0),N_A,CORPO_REPO,W,2013,2012,0,2013-01-25,INR,0.0
RBI:AVG_TURNOVER_RN(1.0),N_A,TRI_REPO,W,2013,2012,0,2013-01-25,INR,776406800000.0001
RBI:AVG_TURNOVER_RN(1.0),N_A,TR_BILL_182_DAY,W,2013,2012,0,2013-01-25,INR,1639824999.9999998
RBI:AVG_TURNOVER_RN(1.0),N_A,STATE_GOVT_SEC,W,2013,2012,0,2013-01-18,INR,11937040000.000002
RBI:AVG_TURNOVER_RN(1.0),N_A,TR_BILL_91_DAY,W,2013,2012,0,2013-01-18,INR,14822920000
RBI:AVG_TURNOVER_RN(1.0),N_A,GOVT_SEC_RBI,W,2013,2012,0,2013-01-18,INR,446020000.00000006
RBI:AVG_TURNOVER_RN(1.0),N_A,TR_BILL_364_DAY,W,2013,2012,0,2013-01-18,INR,18161680000
RBI:AVG_TURNOVER_RN(1.0),N_A,TR_BILL_182_DAY,W,2013,2012,0,2013-01-18,INR,8371010000
RBI:AVG_TURNOVER_RN(1.0),N_A,CORPO_REPO,W,2013,2012,0,2013-01-18,INR,0.0
RBI:AVG_TURNOVER_RN(1.0),N_A,TRI_REPO,W,2013,2012,0,2013-01-18,INR,885964500000
RBI:AVG_TURNOVER_RN(1.0),N_A,CALL_MONEY,W,2013,2012,0,2013-01-18,INR,235197200000
RBI:AVG_TURNOVER_RN(1.0),N_A,MKT_REPO,W,2013,2012,0,2013-01-18,INR,704951600000
RBI:AVG_TURNOVER_RN(1.0),N_A,NOTICE_MONEY,W,2013,2012,0,2013-01-18,INR,62482200000
RBI:AVG_TURNOVER_RN(1.0),N_A,FOREX,W,2013,2012,0,2013-01-18,INR,54966600000
RBI:AVG_TURNOVER_RN(1.0),N_A,TERM_MONEY,W,2013,2012,0,2013-01-18,INR,10572666666.666666
RBI:AVG_TURNOVER_RN(1.0),N_A,GOVT_SEC,W,2013,2012,0,2013-01-18,INR,1116149828000
RBI:AVG_TURNOVER_RN(1.0),N_A,NOTICE_MONEY,W,2013,2012,0,2013-01-11,INR,71083233333.33334
RBI:AVG_TURNOVER_RN(1.0),N_A,TERM_MONEY,W,2013,2012,0,2013-01-11,INR,12604333333.333334
RBI:AVG_TURNOVER_RN(1.0),N_A,STATE_GOVT_SEC,W,2013,2012,0,2013-01-11,INR,17597796000
RBI:AVG_TURNOVER_RN(1.0),N_A,GOVT_SEC,W,2013,2012,0,2013-01-11,INR,1081684648000
RBI:AVG_TURNOVER_RN(1.0),N_A,TR_BILL_91_DAY,W,2013,2012,0,2013-01-11,INR,18059490000
RBI:AVG_TURNOVER_RN(1.0),N_A,GOVT_SEC_RBI,W,2013,2012,0,2013-01-11,INR,16398860000
RBI:AVG_TURNOVER_RN(1.0),N_A,TRI_REPO,W,2013,2012,0,2013-01-11,INR,806819166666.6667
RBI:AVG_TURNOVER_RN(1.0),N_A,MKT_REPO,W,2013,2012,0,2013-01-11,INR,768310200000
RBI:AVG_TURNOVER_RN(1.0),N_A,CALL_MONEY,W,2013,2012,0,2013-01-11,INR,244816433333.3333
RBI:AVG_TURNOVER_RN(1.0),N_A,TR_BILL_182_DAY,W,2013,2012,0,2013-01-11,INR,3722980000
RBI:AVG_TURNOVER_RN(1.0),N_A,TR_BILL_364_DAY,W,2013,2012,0,2013-01-11,INR,18929310000
RBI:AVG_TURNOVER_RN(1.0),N_A,FOREX,W,2013,2012,0,2013-01-11,INR,51003600000
RBI:AVG_TURNOVER_RN(1.0),N_A,TR_BILL_364_DAY,W,2013,2012,0,2013-01-04,INR,33798010000.000004
RBI:AVG_TURNOVER_RN(1.0),N_A,TR_BILL_91_DAY,W,2013,2012,0,2013-01-04,INR,27316439999.999996
RBI:AVG_TURNOVER_RN(1.0),N_A,NOTICE_MONEY,W,2013,2012,0,2013-01-04,INR,72022400000
RBI:AVG_TURNOVER_RN(1.0),N_A,CALL_MONEY,W,2013,2012,0,2013-01-04,INR,295155200000
RBI:AVG_TURNOVER_RN(1.0),N_A,TRI_REPO,W,2013,2012,0,2013-01-04,INR,824873833333.3334
RBI:AVG_TURNOVER_RN(1.0),N_A,GOVT_SEC_RBI,W,2013,2012,0,2013-01-04,INR,19490220000
RBI:AVG_TURNOVER_RN(1.0),N_A,TR_BILL_182_DAY,W,2013,2012,0,2013-01-04,INR,12445800000
RBI:AVG_TURNOVER_RN(1.0),N_A,STATE_GOVT_SEC,W,2013,2012,0,2013-01-04,INR,15306796000
RBI:AVG_TURNOVER_RN(1.0),N_A,GOVT_SEC,W,2013,2012,0,2013-01-04,INR,964412672000.0001
RBI:AVG_TURNOVER_RN(1.0),N_A,TERM_MONEY,W,2013,2012,0,2013-01-04,INR,11025000000
RBI:AVG_TURNOVER_RN(1.0),N_A,FOREX,W,2013,2012,0,2013-01-04,INR,43822800000
RBI:AVG_TURNOVER_RN(1.0),N_A,MKT_REPO,W,2013,2012,0,2013-01-04,INR,650388666666.6666
RBI:AVG_TURNOVER_RN(1.0),N_A,TR_BILL_364_DAY,W,2013,2012,0,2012-12-28,INR,18609000000
RBI:AVG_TURNOVER_RN(1.0),N_A,NOTICE_MONEY,W,2013,2012,0,2012-12-28,INR,112851559999.99998
RBI:AVG_TURNOVER_RN(1.0),N_A,STATE_GOVT_SEC,W,2013,2012,0,2012-12-28,INR,7317670000.000001
RBI:AVG_TURNOVER_RN(1.0),N_A,TRI_REPO,W,2013,2012,0,2012-12-28,INR,627222000000
RBI:AVG_TURNOVER_RN(1.0),N_A,FOREX,W,2013,2012,0,2012-12-28,INR,53603000000
RBI:AVG_TURNOVER_RN(1.0),N_A,TERM_MONEY,W,2013,2012,0,2012-12-28,INR,6674000000
RBI:AVG_TURNOVER_RN(1.0),N_A,TR_BILL_182_DAY,W,2013,2012,0,2012-12-28,INR,4657637500
RBI:AVG_TURNOVER_RN(1.0),N_A,MKT_REPO,W,2013,2012,0,2012-12-28,INR,694064800000.0001
RBI:AVG_TURNOVER_RN(1.0),N_A,CALL_MONEY,W,2013,2012,0,2012-12-28,INR,251760880000
RBI:AVG_TURNOVER_RN(1.0),N_A,GOVT_SEC_RBI,W,2013,2012,0,2012-12-28,INR,19809999999.999996
RBI:AVG_TURNOVER_RN(1.0),N_A,GOVT_SEC,W,2013,2012,0,2012-12-28,INR,477246865000.00006
RBI:AVG_TURNOVER_RN(1.0),N_A,TR_BILL_91_DAY,W,2013,2012,0,2012-12-28,INR,18932475000
RBI:AVG_TURNOVER_RN(1.0),N_A,TRI_REPO,W,2013,2012,0,2012-12-21,INR,678878166666.6666
RBI:AVG_TURNOVER_RN(1.0),N_A,STATE_GOVT_SEC,W,2013,2012,0,2012-12-21,INR,14800862000
RBI:AVG_TURNOVER_RN(1.0),N_A,TERM_MONEY,W,2013,2012,0,2012-12-21,INR,6931666666.666666
RBI:AVG_TURNOVER_RN(1.0),N_A,GOVT_SEC_RBI,W,2013,2012,0,2012-12-21,INR,390000000
RBI:AVG_TURNOVER_RN(1.0),N_A,GOVT_SEC,W,2013,2012,0,2012-12-21,INR,416558414800
RBI:AVG_TURNOVER_RN(1.0),N_A,TR_BILL_364_DAY,W,2013,2012,0,2012-12-21,INR,22330270000
RBI:AVG_TURNOVER_RN(1.0),N_A,FOREX,W,2013,2012,0,2012-12-21,INR,48219600000
RBI:AVG_TURNOVER_RN(1.0),N_A,CORPO_REPO,W,2013,2012,0,2012-12-21,INR,536000000
RBI:AVG_TURNOVER_RN(1.0),N_A,TR_BILL_182_DAY,W,2013,2012,0,2012-12-21,INR,8440379999.999999
RBI:AVG_TURNOVER_RN(1.0),N_A,MKT_REPO,W,2013,2012,0,2012-12-21,INR,490216933333.3333
RBI:AVG_TURNOVER_RN(1.0),N_A,CALL_MONEY,W,2013,2012,0,2012-12-21,INR,220888566666.6667
RBI:AVG_TURNOVER_RN(1.0),N_A,TR_BILL_91_DAY,W,2013,2012,0,2012-12-21,INR,17723190000
RBI:AVG_TURNOVER_RN(1.0),N_A,NOTICE_MONEY,W,2013,2012,0,2012-12-21,INR,78870300000
RBI:AVG_TURNOVER_RN(1.0),N_A,TRI_REPO,W,2013,2012,0,2012-12-14,INR,973339333333.3334
RBI:AVG_TURNOVER_RN(1.0),N_A,CORPO_REPO,W,2013,2012,0,2012-12-14,INR,528000000
RBI:AVG_TURNOVER_RN(1.0),N_A,TR_BILL_91_DAY,W,2013,2012,0,2012-12-14,INR,16856760000
RBI:AVG_TURNOVER_RN(1.0),N_A,NOTICE_MONEY,W,2013,2012,0,2012-12-14,INR,47821633333.33333
RBI:AVG_TURNOVER_RN(1.0),N_A,FOREX,W,2013,2012,0,2012-12-14,INR,47413400000
RBI:AVG_TURNOVER_RN(1.0),N_A,TERM_MONEY,W,2013,2012,0,2012-12-14,INR,8496666666.666666
RBI:AVG_TURNOVER_RN(1.0),N_A,STATE_GOVT_SEC,W,2013,2012,0,2012-12-14,INR,5413475999.999999
RBI:AVG_TURNOVER_RN(1.0),N_A,CALL_MONEY,W,2013,2012,0,2012-12-14,INR,176204366666.66666
RBI:AVG_TURNOVER_RN(1.0),N_A,TR_BILL_182_DAY,W,2013,2012,0,2012-12-14,INR,8849129999.999998
RBI:AVG_TURNOVER_RN(1.0),N_A,MKT_REPO,W,2013,2012,0,2012-12-14,INR,657269066666.6666
RBI:AVG_TURNOVER_RN(1.0),N_A,GOVT_SEC_RBI,W,2013,2012,0,2012-12-14,INR,23210000000
RBI:AVG_TURNOVER_RN(1.0),N_A,TR_BILL_364_DAY,W,2013,2012,0,2012-12-14,INR,24119570000
RBI:AVG_TURNOVER_RN(1.0),N_A,GOVT_SEC,W,2013,2012,0,2012-12-14,INR,277241564000
RBI:AVG_TURNOVER_RN(1.0),N_A,GOVT_SEC,W,2013,2012,0,2012-12-07,INR,378846656000
RBI:AVG_TURNOVER_RN(1.0),N_A,TR_BILL_364_DAY,W,2013,2012,0,2012-12-07,INR,9872250000
RBI:AVG_TURNOVER_RN(1.0),N_A,TR_BILL_91_DAY,W,2013,2012,0,2012-12-07,INR,9560390000
RBI:AVG_TURNOVER_RN(1.0),N_A,STATE_GOVT_SEC,W,2013,2012,0,2012-12-07,INR,9511912000
RBI:AVG_TURNOVER_RN(1.0),N_A,MKT_REPO,W,2013,2012,0,2012-12-07,INR,580447133333.3334
RBI:AVG_TURNOVER_RN(1.0),N_A,TERM_MONEY,W,2013,2012,0,2012-12-07,INR,16817500000
RBI:AVG_TURNOVER_RN(1.0),N_A,NOTICE_MONEY,W,2013,2012,0,2012-12-07,INR,59262933333.33334
RBI:AVG_TURNOVER_RN(1.0),N_A,CORPO_REPO,W,2013,2012,0,2012-12-07,INR,0.0
RBI:AVG_TURNOVER_RN(1.0),N_A,TRI_REPO,W,2013,2012,0,2012-12-07,INR,1031158666666.6665
RBI:AVG_TURNOVER_RN(1.0),N_A,TR_BILL_182_DAY,W,2013,2012,0,2012-12-07,INR,16567320000
RBI:AVG_TURNOVER_RN(1.0),N_A,CALL_MONEY,W,2013,2012,0,2012-12-07,INR,217271000000.00003
RBI:AVG_TURNOVER_RN(1.0),N_A,GOVT_SEC_RBI,W,2013,2012,0,2012-12-07,INR,23369999999.999996
RBI:AVG_TURNOVER_RN(1.0),N_A,FOREX,W,2013,2012,0,2012-12-07,INR,46600400000
RBI:AVG_TURNOVER_RN(1.0),N_A,TRI_REPO,W,2013,2012,0,2012-11-30,INR,709598600000
RBI:AVG_TURNOVER_RN(1.0),N_A,STATE_GOVT_SEC,W,2013,2012,0,2012-11-30,INR,5744275000
RBI:AVG_TURNOVER_RN(1.0),N_A,TERM_MONEY,W,2013,2012,0,2012-11-30,INR,8836000000
RBI:AVG_TURNOVER_RN(1.0),N_A,GOVT_SEC,W,2013,2012,0,2012-11-30,INR,324952530000
RBI:AVG_TURNOVER_RN(1.0),N_A,CALL_MONEY,W,2013,2012,0,2012-11-30,INR,207086280000
RBI:AVG_TURNOVER_RN(1.0),N_A,TR_BILL_364_DAY,W,2013,2012,0,2012-11-30,INR,22407175000.000004
RBI:AVG_TURNOVER_RN(1.0),N_A,TR_BILL_91_DAY,W,2013,2012,0,2012-11-30,INR,11209000000
RBI:AVG_TURNOVER_RN(1.0),N_A,MKT_REPO,W,2013,2012,0,2012-11-30,INR,909439280000
RBI:AVG_TURNOVER_RN(1.0),N_A,FOREX,W,2013,2012,0,2012-11-30,INR,62393000000
RBI:AVG_TURNOVER_RN(1.0),N_A,CORPO_REPO,W,2013,2012,0,2012-11-30,INR,0.0
RBI:AVG_TURNOVER_RN(1.0),N_A,GOVT_SEC_RBI,W,2013,2012,0,2012-11-30,INR,254124999.99999997
RBI:AVG_TURNOVER_RN(1.0),N_A,TR_BILL_182_DAY,W,2013,2012,0,2012-11-30,INR,19223187500
RBI:AVG_TURNOVER_RN(1.0),N_A,NOTICE_MONEY,W,2013,2012,0,2012-11-30,INR,94361280000
RBI:AVG_TURNOVER_RN(1.0),N_A,TR_BILL_91_DAY,W,2013,2012,0,2012-11-23,INR,12256570000
RBI:AVG_TURNOVER_RN(1.0),N_A,TRI_REPO,W,2013,2012,0,2012-11-23,INR,769661333333.3334
RBI:AVG_TURNOVER_RN(1.0),N_A,TR_BILL_364_DAY,W,2013,2012,0,2012-11-23,INR,13200010000
RBI:AVG_TURNOVER_RN(1.0),N_A,FOREX,W,2013,2012,0,2012-11-23,INR,41682000000
RBI:AVG_TURNOVER_RN(1.0),N_A,MKT_REPO,W,2013,2012,0,2012-11-23,INR,666339466666.6667
RBI:AVG_TURNOVER_RN(1.0),N_A,TERM_MONEY,W,2013,2012,0,2012-11-23,INR,7146666666.666666
RBI:AVG_TURNOVER_RN(1.0),N_A,NOTICE_MONEY,W,2013,2012,0,2012-11-23,INR,51462200000
RBI:AVG_TURNOVER_RN(1.0),N_A,CORPO_REPO,W,2013,2012,0,2012-11-23,INR,0.0
RBI:AVG_TURNOVER_RN(1.0),N_A,GOVT_SEC,W,2013,2012,0,2012-11-23,INR,261392980400
RBI:AVG_TURNOVER_RN(1.0),N_A,STATE_GOVT_SEC,W,2013,2012,0,2012-11-23,INR,16098372400.000002
RBI:AVG_TURNOVER_RN(1.0),N_A,GOVT_SEC_RBI,W,2013,2012,0,2012-11-23,INR,3340000.0
RBI:AVG_TURNOVER_RN(1.0),N_A,TR_BILL_182_DAY,W,2013,2012,0,2012-11-23,INR,11831900000
RBI:AVG_TURNOVER_RN(1.0),N_A,CALL_MONEY,W,2013,2012,0,2012-11-23,INR,234729600000.00003
RBI:AVG_TURNOVER_RN(1.0),N_A,TR_BILL_364_DAY,W,2013,2012,0,2012-11-16,INR,14306450000.000002
RBI:AVG_TURNOVER_RN(1.0),N_A,CORPO_REPO,W,2013,2012,0,2012-11-16,INR,0.0
RBI:AVG_TURNOVER_RN(1.0),N_A,TR_BILL_182_DAY,W,2013,2012,0,2012-11-16,INR,1836799999.9999998
RBI:AVG_TURNOVER_RN(1.0),N_A,TR_BILL_91_DAY,W,2013,2012,0,2012-11-16,INR,8166550000.000001
RBI:AVG_TURNOVER_RN(1.0),N_A,CALL_MONEY,W,2013,2012,0,2012-11-16,INR,197237100000
RBI:AVG_TURNOVER_RN(1.0),N_A,STATE_GOVT_SEC,W,2013,2012,0,2012-11-16,INR,2202206666.666667
RBI:AVG_TURNOVER_RN(1.0),N_A,TRI_REPO,W,2013,2012,0,2012-11-16,INR,578075750000
RBI:AVG_TURNOVER_RN(1.0),N_A,FOREX,W,2013,2012,0,2012-11-16,INR,40019666666.66666
RBI:AVG_TURNOVER_RN(1.0),N_A,MKT_REPO,W,2013,2012,0,2012-11-16,INR,821111400000
RBI:AVG_TURNOVER_RN(1.0),N_A,TERM_MONEY,W,2013,2012,0,2012-11-16,INR,8966500000
RBI:AVG_TURNOVER_RN(1.0),N_A,GOVT_SEC_RBI,W,2013,2012,0,2012-11-16,INR,697566666.6666666
RBI:AVG_TURNOVER_RN(1.0),N_A,NOTICE_MONEY,W,2013,2012,0,2012-11-16,INR,76000250000
RBI:AVG_TURNOVER_RN(1.0),N_A,GOVT_SEC,W,2013,2012,0,2012-11-16,INR,280618766666.6666
RBI:AVG_TURNOVER_RN(1.0),N_A,CALL_MONEY,W,2013,2012,0,2012-11-09,INR,182872433333.33334
RBI:AVG_TURNOVER_RN(1.0),N_A,MKT_REPO,W,2013,2012,0,2012-11-09,INR,717056066666.6667
RBI:AVG_TURNOVER_RN(1.0),N_A,STATE_GOVT_SEC,W,2013,2012,0,2012-11-09,INR,5620568000.000001
RBI:AVG_TURNOVER_RN(1.0),N_A,TR_BILL_182_DAY,W,2013,2012,0,2012-11-09,INR,12191760000
RBI:AVG_TURNOVER_RN(1.0),N_A,GOVT_SEC_RBI,W,2013,2012,0,2012-11-09,INR,271420000
RBI:AVG_TURNOVER_RN(1.0),N_A,FOREX,W,2013,2012,0,2012-11-09,INR,45770600000
RBI:AVG_TURNOVER_RN(1.0),N_A,NOTICE_MONEY,W,2013,2012,0,2012-11-09,INR,56319000000.00001
RBI:AVG_TURNOVER_RN(1.0),N_A,TR_BILL_91_DAY,W,2013,2012,0,2012-11-09,INR,11617320000
RBI:AVG_TURNOVER_RN(1.0),N_A,TRI_REPO,W,2013,2012,0,2012-11-09,INR,820639833333.3334
RBI:AVG_TURNOVER_RN(1.0),N_A,TERM_MONEY,W,2013,2012,0,2012-11-09,INR,20102666666.666668
RBI:AVG_TURNOVER_RN(1.0),N_A,TR_BILL_364_DAY,W,2013,2012,0,2012-11-09,INR,15306309999.999998
RBI:AVG_TURNOVER_RN(1.0),N_A,GOVT_SEC,W,2013,2012,0,2012-11-09,INR,353815796000
RBI:AVG_TURNOVER_RN(1.0),N_A,CORPO_REPO,W,2013,2012,0,2012-11-09,INR,0.0
RBI:AVG_TURNOVER_RN(1.0),N_A,STATE_GOVT_SEC,W,2013,2012,0,2012-11-02,INR,7073456000
RBI:AVG_TURNOVER_RN(1.0),N_A,FOREX,W,2013,2012,0,2012-11-02,INR,54598800000
RBI:AVG_TURNOVER_RN(1.0),N_A,GOVT_SEC_RBI,W,2013,2012,0,2012-11-02,INR,76460000
RBI:AVG_TURNOVER_RN(1.0),N_A,TRI_REPO,W,2013,2012,0,2012-11-02,INR,776256666666.6667
RBI:AVG_TURNOVER_RN(1.0),N_A,TR_BILL_182_DAY,W,2013,2012,0,2012-11-02,INR,6720000000
RBI:AVG_TURNOVER_RN(1.0),N_A,GOVT_SEC,W,2013,2012,0,2012-11-02,INR,401432920000
RBI:AVG_TURNOVER_RN(1.0),N_A,CALL_MONEY,W,2013,2012,0,2012-11-02,INR,213615400000
RBI:AVG_TURNOVER_RN(1.0),N_A,CORPO_REPO,W,2013,2012,0,2012-11-02,INR,0.0
RBI:AVG_TURNOVER_RN(1.0),N_A,MKT_REPO,W,2013,2012,0,2012-11-02,INR,850396933333.3333
RBI:AVG_TURNOVER_RN(1.0),N_A,NOTICE_MONEY,W,2013,2012,0,2012-11-02,INR,69560700000
RBI:AVG_TURNOVER_RN(1.0),N_A,TERM_MONEY,W,2013,2012,0,2012-11-02,INR,16733333333.333332
RBI:AVG_TURNOVER_RN(1.0),N_A,TR_BILL_364_DAY,W,2013,2012,0,2012-11-02,INR,13027540000.000002
RBI:AVG_TURNOVER_RN(1.0),N_A,TR_BILL_91_DAY,W,2013,2012,0,2012-11-02,INR,15272140000
RBI:AVG_TURNOVER_RN(1.0),N_A,TR_BILL_182_DAY,W,2013,2012,0,2012-10-26,INR,11847700000
RBI:AVG_TURNOVER_RN(1.0),N_A,MKT_REPO,W,2013,2012,0,2012-10-26,INR,761852500000
RBI:AVG_TURNOVER_RN(1.0),N_A,NOTICE_MONEY,W,2013,2012,0,2012-10-26,INR,112606500000
RBI:AVG_TURNOVER_RN(1.0),N_A,GOVT_SEC_RBI,W,2013,2012,0,2012-10-26,INR,3724000000.0000005
RBI:AVG_TURNOVER_RN(1.0),N_A,CORPO_REPO,W,2013,2012,0,2012-10-26,INR,0.0
RBI:AVG_TURNOVER_RN(1.0),N_A,TR_BILL_91_DAY,W,2013,2012,0,2012-10-26,INR,17405216666.666664
RBI:AVG_TURNOVER_RN(1.0),N_A,FOREX,W,2013,2012,0,2012-10-26,INR,51830916666.66666
RBI:AVG_TURNOVER_RN(1.0),N_A,CALL_MONEY,W,2013,2012,0,2012-10-26,INR,192924900000.00003
RBI:AVG_TURNOVER_RN(1.0),N_A,TERM_MONEY,W,2013,2012,0,2012-10-26,INR,20350000000
RBI:AVG_TURNOVER_RN(1.0),N_A,TR_BILL_364_DAY,W,2013,2012,0,2012-10-26,INR,8572683333.333333
RBI:AVG_TURNOVER_RN(1.0),N_A,GOVT_SEC,W,2013,2012,0,2012-10-26,INR,498788966666.6667
RBI:AVG_TURNOVER_RN(1.0),N_A,STATE_GOVT_SEC,W,2013,2012,0,2012-10-26,INR,15333700000
RBI:AVG_TURNOVER_RN(1.0),N_A,TRI_REPO,W,2013,2012,0,2012-10-26,INR,719734000000
RBI:AVG_TURNOVER_RN(1.0),N_A,GOVT_SEC_RBI,W,2013,2012,0,2012-10-19,INR,2526139999.9999995
RBI:AVG_TURNOVER_RN(1.0),N_A,TR_BILL_182_DAY,W,2013,2012,0,2012-10-19,INR,7381290000
RBI:AVG_TURNOVER_RN(1.0),N_A,CORPO_REPO,W,2013,2012,0,2012-10-19,INR,0.0
RBI:AVG_TURNOVER_RN(1.0),N_A,STATE_GOVT_SEC,W,2013,2012,0,2012-10-19,INR,23648628000
RBI:AVG_TURNOVER_RN(1.0),N_A,FOREX,W,2013,2012,0,2012-10-19,INR,35308400000
RBI:AVG_TURNOVER_RN(1.0),N_A,GOVT_SEC,W,2013,2012,0,2012-10-19,INR,502403744800
RBI:AVG_TURNOVER_RN(1.0),N_A,TRI_REPO,W,2013,2012,0,2012-10-19,INR,696279666666.6666
RBI:AVG_TURNOVER_RN(1.0),N_A,MKT_REPO,W,2013,2012,0,2012-10-19,INR,892109266666.6667
RBI:AVG_TURNOVER_RN(1.0),N_A,TR_BILL_364_DAY,W,2013,2012,0,2012-10-19,INR,11180719999.999998
RBI:AVG_TURNOVER_RN(1.0),N_A,NOTICE_MONEY,W,2013,2012,0,2012-10-19,INR,70510100000
RBI:AVG_TURNOVER_RN(1.0),N_A,TERM_MONEY,W,2013,2012,0,2012-10-19,INR,11515000000
RBI:AVG_TURNOVER_RN(1.0),N_A,TR_BILL_91_DAY,W,2013,2012,0,2012-10-19,INR,18891270000
RBI:AVG_TURNOVER_RN(1.0),N_A,CALL_MONEY,W,2013,2012,0,2012-10-19,INR,222756266666.66666
RBI:AVG_TURNOVER_RN(1.0),N_A,FOREX,W,2013,2012,0,2012-10-12,INR,34894000000
RBI:AVG_TURNOVER_RN(1.0),N_A,CALL_MONEY,W,2013,2012,0,2012-10-12,INR,237545300000
RBI:AVG_TURNOVER_RN(1.0),N_A,TRI_REPO,W,2013,2012,0,2012-10-12,INR,931645999999.9999
RBI:AVG_TURNOVER_RN(1.0),N_A,TR_BILL_364_DAY,W,2013,2012,0,2012-10-12,INR,10686180000
RBI:AVG_TURNOVER_RN(1.0),N_A,TR_BILL_182_DAY,W,2013,2012,0,2012-10-12,INR,3578120000
RBI:AVG_TURNOVER_RN(1.0),N_A,NOTICE_MONEY,W,2013,2012,0,2012-10-12,INR,47864633333.33333
RBI:AVG_TURNOVER_RN(1.0),N_A,GOVT_SEC_RBI,W,2013,2012,0,2012-10-12,INR,1602480000
RBI:AVG_TURNOVER_RN(1.0),N_A,MKT_REPO,W,2013,2012,0,2012-10-12,INR,762189866666.6666
RBI:AVG_TURNOVER_RN(1.0),N_A,TR_BILL_91_DAY,W,2013,2012,0,2012-10-12,INR,10360440000.000002
RBI:AVG_TURNOVER_RN(1.0),N_A,CORPO_REPO,W,2013,2012,0,2012-10-12,INR,0.0
RBI:AVG_TURNOVER_RN(1.0),N_A,GOVT_SEC,W,2013,2012,0,2012-10-12,INR,371594124000
RBI:AVG_TURNOVER_RN(1.0),N_A,TERM_MONEY,W,2013,2012,0,2012-10-12,INR,8571000000
RBI:AVG_TURNOVER_RN(1.0),N_A,STATE_GOVT_SEC,W,2013,2012,0,2012-10-12,INR,8216198000.000001
RBI:AVG_TURNOVER_RN(1.0),N_A,TR_BILL_182_DAY,W,2013,2012,0,2012-10-05,INR,8940425000
RBI:AVG_TURNOVER_RN(1.0),N_A,TR_BILL_91_DAY,W,2013,2012,0,2012-10-05,INR,27085037500
RBI:AVG_TURNOVER_RN(1.0),N_A,GOVT_SEC_RBI,W,2013,2012,0,2012-10-05,INR,122200000
RBI:AVG_TURNOVER_RN(1.0),N_A,TRI_REPO,W,2013,2012,0,2012-10-05,INR,1291395000000
RBI:AVG_TURNOVER_RN(1.0),N_A,STATE_GOVT_SEC,W,2013,2012,0,2012-10-05,INR,15867087500
RBI:AVG_TURNOVER_RN(1.0),N_A,CALL_MONEY,W,2013,2012,0,2012-10-05,INR,264634650000
RBI:AVG_TURNOVER_RN(1.0),N_A,FOREX,W,2013,2012,0,2012-10-05,INR,40697500000
RBI:AVG_TURNOVER_RN(1.0),N_A,CORPO_REPO,W,2013,2012,0,2012-10-05,INR,0.0
RBI:AVG_TURNOVER_RN(1.0),N_A,TR_BILL_364_DAY,W,2013,2012,0,2012-10-05,INR,22299725000
RBI:AVG_TURNOVER_RN(1.0),N_A,MKT_REPO,W,2013,2012,0,2012-10-05,INR,1441429200000.0002
RBI:AVG_TURNOVER_RN(1.0),N_A,TERM_MONEY,W,2013,2012,0,2012-10-05,INR,4470653115
RBI:AVG_TURNOVER_RN(1.0),N_A,NOTICE_MONEY,W,2013,2012,0,2012-10-05,INR,109421800000
RBI:AVG_TURNOVER_RN(1.0),N_A,GOVT_SEC,W,2013,2012,0,2012-10-05,INR,514706275000
RBI:AVG_TURNOVER_RN(1.0),N_A,FOREX,W,2013,2012,0,2012-09-28,INR,61983582000
RBI:AVG_TURNOVER_RN(1.0),N_A,TRI_REPO,W,2013,2012,0,2012-09-28,INR,1008576166666.6665
RBI:AVG_TURNOVER_RN(1.0),N_A,CALL_MONEY,W,2013,2012,0,2012-09-28,INR,275211766666.6667
RBI:AVG_TURNOVER_RN(1.0),N_A,NOTICE_MONEY,W,2013,2012,0,2012-09-28,INR,815600000
RBI:AVG_TURNOVER_RN(1.0),N_A,GOVT_SEC_RBI,W,2013,2012,0,2012-09-28,INR,1091540000
RBI:AVG_TURNOVER_RN(1.0),N_A,STATE_GOVT_SEC,W,2013,2012,0,2012-09-28,INR,6477060000
RBI:AVG_TURNOVER_RN(1.0),N_A,TR_BILL_91_DAY,W,2013,2012,0,2012-09-28,INR,24621210000
RBI:AVG_TURNOVER_RN(1.0),N_A,TERM_MONEY,W,2013,2012,0,2012-09-28,INR,12076666666.666668
RBI:AVG_TURNOVER_RN(1.0),N_A,GOVT_SEC,W,2013,2012,0,2012-09-28,INR,481090354799.99994
RBI:AVG_TURNOVER_RN(1.0),N_A,MKT_REPO,W,2013,2012,0,2012-09-28,INR,628863733333.3333
RBI:AVG_TURNOVER_RN(1.0),N_A,TR_BILL_364_DAY,W,2013,2012,0,2012-09-28,INR,20972840000
RBI:AVG_TURNOVER_RN(1.0),N_A,CORPO_REPO,W,2013,2012,0,2012-09-28,INR,0.0
RBI:AVG_TURNOVER_RN(1.0),N_A,TR_BILL_182_DAY,W,2013,2012,0,2012-09-28,INR,10262570000
RBI:AVG_TURNOVER_RN(1.0),N_A,TR_BILL_182_DAY,W,2013,2012,0,2012-09-21,INR,13147787500
RBI:AVG_TURNOVER_RN(1.0),N_A,STATE_GOVT_SEC,W,2013,2012,0,2012-09-21,INR,8683760000
RBI:AVG_TURNOVER_RN(1.0),N_A,CORPO_REPO,W,2013,2012,0,2012-09-21,INR,0.0
RBI:AVG_TURNOVER_RN(1.0),N_A,NOTICE_MONEY,W,2013,2012,0,2012-09-21,INR,73564600000.00002
RBI:AVG_TURNOVER_RN(1.0),N_A,TR_BILL_364_DAY,W,2013,2012,0,2012-09-21,INR,17110000000
RBI:AVG_TURNOVER_RN(1.0),N_A,FOREX,W,2013,2012,0,2012-09-21,INR,47814250000
RBI:AVG_TURNOVER_RN(1.0),N_A,GOVT_SEC,W,2013,2012,0,2012-09-21,INR,603618151000
RBI:AVG_TURNOVER_RN(1.0),N_A,CALL_MONEY,W,2013,2012,0,2012-09-21,INR,254089640000
RBI:AVG_TURNOVER_RN(1.0),N_A,TR_BILL_91_DAY,W,2013,2012,0,2012-09-21,INR,19696562500
RBI:AVG_TURNOVER_RN(1.0),N_A,GOVT_SEC_RBI,W,2013,2012,0,2012-09-21,INR,1883125000
RBI:AVG_TURNOVER_RN(1.0),N_A,MKT_REPO,W,2013,2012,0,2012-09-21,INR,680412319999.9999
RBI:AVG_TURNOVER_RN(1.0),N_A,TERM_MONEY,W,2013,2012,0,2012-09-21,INR,12526000000
RBI:AVG_TURNOVER_RN(1.0),N_A,TRI_REPO,W,2013,2012,0,2012-09-21,INR,773353000000
RBI:AVG_TURNOVER_RN(1.0),N_A,TR_BILL_182_DAY,W,2013,2012,0,2012-09-14,INR,15725800000
RBI:AVG_TURNOVER_RN(1.0),N_A,TR_BILL_364_DAY,W,2013,2012,0,2012-09-14,INR,12312000000
RBI:AVG_TURNOVER_RN(1.0),N_A,TR_BILL_91_DAY,W,2013,2012,0,2012-09-14,INR,19686130000
RBI:AVG_TURNOVER_RN(1.0),N_A,NOTICE_MONEY,W,2013,2012,0,2012-09-14,INR,65471266666.66667
RBI:AVG_TURNOVER_RN(1.0),N_A,CORPO_REPO,W,2013,2012,0,2012-09-14,INR,80000000
RBI:AVG_TURNOVER_RN(1.0),N_A,CALL_MONEY,W,2013,2012,0,2012-09-14,INR,229079033333.33334
RBI:AVG_TURNOVER_RN(1.0),N_A,STATE_GOVT_SEC,W,2013,2012,0,2012-09-14,INR,4741372000
RBI:AVG_TURNOVER_RN(1.0),N_A,MKT_REPO,W,2013,2012,0,2012-09-14,INR,622298400000
RBI:AVG_TURNOVER_RN(1.0),N_A,TRI_REPO,W,2013,2012,0,2012-09-14,INR,1052822500000
RBI:AVG_TURNOVER_RN(1.0),N_A,GOVT_SEC_RBI,W,2013,2012,0,2012-09-14,INR,467440000
RBI:AVG_TURNOVER_RN(1.0),N_A,GOVT_SEC,W,2013,2012,0,2012-09-14,INR,549129812000
RBI:AVG_TURNOVER_RN(1.0),N_A,TERM_MONEY,W,2013,2012,0,2012-09-14,INR,6347145836.666667
RBI:AVG_TURNOVER_RN(1.0),N_A,FOREX,W,2013,2012,0,2012-09-14,INR,39364200000
RBI:AVG_TURNOVER_RN(1.0),N_A,TRI_REPO,W,2013,2012,0,2012-09-07,INR,1145934000000
RBI:AVG_TURNOVER_RN(1.0),N_A,GOVT_SEC,W,2013,2012,0,2012-09-07,INR,463396128000
RBI:AVG_TURNOVER_RN(1.0),N_A,FOREX,W,2013,2012,0,2012-09-07,INR,33393800000
RBI:AVG_TURNOVER_RN(1.0),N_A,TERM_MONEY,W,2013,2012,0,2012-09-07,INR,2133333333.3333335
RBI:AVG_TURNOVER_RN(1.0),N_A,TR_BILL_182_DAY,W,2013,2012,0,2012-09-07,INR,17273330000
RBI:AVG_TURNOVER_RN(1.0),N_A,CORPO_REPO,W,2013,2012,0,2012-09-07,INR,182400000.00000003
RBI:AVG_TURNOVER_RN(1.0),N_A,CALL_MONEY,W,2013,2012,0,2012-09-07,INR,184575466666.66666
RBI:AVG_TURNOVER_RN(1.0),N_A,NOTICE_MONEY,W,2013,2012,0,2012-09-07,INR,66617700000.00001
RBI:AVG_TURNOVER_RN(1.0),N_A,TR_BILL_91_DAY,W,2013,2012,0,2012-09-07,INR,25080389999.999996
RBI:AVG_TURNOVER_RN(1.0),N_A,TR_BILL_364_DAY,W,2013,2012,0,2012-09-07,INR,23087160000
RBI:AVG_TURNOVER_RN(1.0),N_A,STATE_GOVT_SEC,W,2013,2012,0,2012-09-07,INR,8588601599.999999
RBI:AVG_TURNOVER_RN(1.0),N_A,MKT_REPO,W,2013,2012,0,2012-09-07,INR,1019528200000.0001
RBI:AVG_TURNOVER_RN(1.0),N_A,CALL_MONEY,W,2013,2012,0,2012-08-31,INR,185990833333.3333
RBI:AVG_TURNOVER_RN(1.0),N_A,TRI_REPO,W,2013,2012,0,2012-08-31,INR,977597833333.3333
RBI:AVG_TURNOVER_RN(1.0),N_A,FOREX,W,2013,2012,0,2012-08-31,INR,47855576000
RBI:AVG_TURNOVER_RN(1.0),N_A,MKT_REPO,W,2013,2012,0,2012-08-31,INR,636867600000
RBI:AVG_TURNOVER_RN(1.0),N_A,TR_BILL_91_DAY,W,2013,2012,0,2012-08-31,INR,32763730000
RBI:AVG_TURNOVER_RN(1.0),N_A,GOVT_SEC_RBI,W,2013,2012,0,2012-08-31,INR,1319999999.9999998
RBI:AVG_TURNOVER_RN(1.0),N_A,TR_BILL_364_DAY,W,2013,2012,0,2012-08-31,INR,30840020000
RBI:AVG_TURNOVER_RN(1.0),N_A,TERM_MONEY,W,2013,2012,0,2012-08-31,INR,4971412766.666667
RBI:AVG_TURNOVER_RN(1.0),N_A,GOVT_SEC,W,2013,2012,0,2012-08-31,INR,416829676000
RBI:AVG_TURNOVER_RN(1.0),N_A,NOTICE_MONEY,W,2013,2012,0,2012-08-31,INR,48581666666.66667
RBI:AVG_TURNOVER_RN(1.0),N_A,STATE_GOVT_SEC,W,2013,2012,0,2012-08-31,INR,10520968000
RBI:AVG_TURNOVER_RN(1.0),N_A,CORPO_REPO,W,2013,2012,0,2012-08-31,INR,0.0
RBI:AVG_TURNOVER_RN(1.0),N_A,TR_BILL_182_DAY,W,2013,2012,0,2012-08-31,INR,16182480000
RBI:AVG_TURNOVER_RN(1.0),N_A,TR_BILL_364_DAY,W,2013,2012,0,2012-08-24,INR,11989900000
RBI:AVG_TURNOVER_RN(1.0),N_A,TERM_MONEY,W,2013,2012,0,2012-08-24,INR,8200000000
RBI:AVG_TURNOVER_RN(1.0),N_A,STATE_GOVT_SEC,W,2013,2012,0,2012-08-24,INR,11816340000
RBI:AVG_TURNOVER_RN(1.0),N_A,TR_BILL_182_DAY,W,2013,2012,0,2012-08-24,INR,10196750000
RBI:AVG_TURNOVER_RN(1.0),N_A,MKT_REPO,W,2013,2012,0,2012-08-24,INR,998423800000
RBI:AVG_TURNOVER_RN(1.0),N_A,FOREX,W,2013,2012,0,2012-08-24,INR,30285250000
RBI:AVG_TURNOVER_RN(1.0),N_A,NOTICE_MONEY,W,2013,2012,0,2012-08-24,INR,187895750000
RBI:AVG_TURNOVER_RN(1.0),N_A,CALL_MONEY,W,2013,2012,0,2012-08-24,INR,50556700000
RBI:AVG_TURNOVER_RN(1.0),N_A,GOVT_SEC,W,2013,2012,0,2012-08-24,INR,317339225000
RBI:AVG_TURNOVER_RN(1.0),N_A,TRI_REPO,W,2013,2012,0,2012-08-24,INR,932777250000
RBI:AVG_TURNOVER_RN(1.0),N_A,TR_BILL_91_DAY,W,2013,2012,0,2012-08-24,INR,46676887500
RBI:AVG_TURNOVER_RN(1.0),N_A,CORPO_REPO,W,2013,2012,0,2012-08-24,INR,0.0
RBI:AVG_TURNOVER_RN(1.0),N_A,GOVT_SEC,W,2013,2012,0,2012-08-17,INR,303406430000
RBI:AVG_TURNOVER_RN(1.0),N_A,NOTICE_MONEY,W,2013,2012,0,2012-08-17,INR,1590720000
RBI:AVG_TURNOVER_RN(1.0),N_A,CORPO_REPO,W,2013,2012,0,2012-08-17,INR,100000000
RBI:AVG_TURNOVER_RN(1.0),N_A,STATE_GOVT_SEC,W,2013,2012,0,2012-08-17,INR,11425270000.000002
RBI:AVG_TURNOVER_RN(1.0),N_A,TR_BILL_182_DAY,W,2013,2012,0,2012-08-17,INR,12917150000
RBI:AVG_TURNOVER_RN(1.0),N_A,FOREX,W,2013,2012,0,2012-08-17,INR,33509500000
RBI:AVG_TURNOVER_RN(1.0),N_A,TERM_MONEY,W,2013,2012,0,2012-08-17,INR,5839600000
RBI:AVG_TURNOVER_RN(1.0),N_A,MKT_REPO,W,2013,2012,0,2012-08-17,INR,568513440000
RBI:AVG_TURNOVER_RN(1.0),N_A,TR_BILL_91_DAY,W,2013,2012,0,2012-08-17,INR,28841787500
RBI:AVG_TURNOVER_RN(1.0),N_A,TRI_REPO,W,2013,2012,0,2012-08-17,INR,846512200000
RBI:AVG_TURNOVER_RN(1.0),N_A,TR_BILL_364_DAY,W,2013,2012,0,2012-08-17,INR,9169600000
RBI:AVG_TURNOVER_RN(1.0),N_A,CALL_MONEY,W,2013,2012,0,2012-08-17,INR,255156960000
RBI:AVG_TURNOVER_RN(1.0),N_A,TR_BILL_91_DAY,W,2013,2012,0,2012-08-10,INR,17523020000
RBI:AVG_TURNOVER_RN(1.0),N_A,FOREX,W,2013,2012,0,2012-08-10,INR,35323400000
RBI:AVG_TURNOVER_RN(1.0),N_A,CORPO_REPO,W,2013,2012,0,2012-08-10,INR,0.0
RBI:AVG_TURNOVER_RN(1.0),N_A,STATE_GOVT_SEC,W,2013,2012,0,2012-08-10,INR,13715279999.999998
RBI:AVG_TURNOVER_RN(1.0),N_A,TERM_MONEY,W,2013,2012,0,2012-08-10,INR,9754106616.666666
RBI:AVG_TURNOVER_RN(1.0),N_A,CALL_MONEY,W,2013,2012,0,2012-08-10,INR,223835833333.3333
RBI:AVG_TURNOVER_RN(1.0),N_A,NOTICE_MONEY,W,2013,2012,0,2012-08-10,INR,60247166666.66667
RBI:AVG_TURNOVER_RN(1.0),N_A,MKT_REPO,W,2013,2012,0,2012-08-10,INR,767699733333.3334
RBI:AVG_TURNOVER_RN(1.0),N_A,GOVT_SEC,W,2013,2012,0,2012-08-10,INR,422632255999.99994
RBI:AVG_TURNOVER_RN(1.0),N_A,TRI_REPO,W,2013,2012,0,2012-08-10,INR,756120000000
RBI:AVG_TURNOVER_RN(1.0),N_A,TR_BILL_182_DAY,W,2013,2012,0,2012-08-10,INR,11309820000
RBI:AVG_TURNOVER_RN(1.0),N_A,TR_BILL_364_DAY,W,2013,2012,0,2012-08-10,INR,11093770000
RBI:AVG_TURNOVER_RN(1.0),N_A,STATE_GOVT_SEC,W,2013,2012,0,2012-08-03,INR,1892592000.0000002
RBI:AVG_TURNOVER_RN(1.0),N_A,NOTICE_MONEY,W,2013,2012,0,2012-08-03,INR,61056899999.99999
RBI:AVG_TURNOVER_RN(1.0),N_A,GOVT_SEC,W,2013,2012,0,2012-08-03,INR,261016904000
RBI:AVG_TURNOVER_RN(1.0),N_A,TR_BILL_182_DAY,W,2013,2012,0,2012-08-03,INR,12199530000
RBI:AVG_TURNOVER_RN(1.0),N_A,TR_BILL_364_DAY,W,2013,2012,0,2012-08-03,INR,18106529999.999996
RBI:AVG_TURNOVER_RN(1.0),N_A,TR_BILL_91_DAY,W,2013,2012,0,2012-08-03,INR,25646750000
RBI:AVG_TURNOVER_RN(1.0),N_A,MKT_REPO,W,2013,2012,0,2012-08-03,INR,675103533333.3334
RBI:AVG_TURNOVER_RN(1.0),N_A,FOREX,W,2013,2012,0,2012-08-03,INR,37553000000
RBI:AVG_TURNOVER_RN(1.0),N_A,TRI_REPO,W,2013,2012,0,2012-08-03,INR,959565166666.6666
RBI:AVG_TURNOVER_RN(1.0),N_A,TERM_MONEY,W,2013,2012,0,2012-08-03,INR,4856666666.666667
RBI:AVG_TURNOVER_RN(1.0),N_A,CORPO_REPO,W,2013,2012,0,2012-08-03,INR,399200000
RBI:AVG_TURNOVER_RN(1.0),N_A,CALL_MONEY,W,2013,2012,0,2012-08-03,INR,195183433333.33334
RBI:AVG_TURNOVER_RN(1.0),N_A,GOVT_SEC_RBI,W,2013,2012,0,2012-07-27,INR,770000000
RBI:AVG_TURNOVER_RN(1.0),N_A,TR_BILL_91_DAY,W,2013,2012,0,2012-07-27,INR,21414070000
RBI:AVG_TURNOVER_RN(1.0),N_A,TR_BILL_182_DAY,W,2013,2012,0,2012-07-27,INR,12710520000.000002
RBI:AVG_TURNOVER_RN(1.0),N_A,CALL_MONEY,W,2013,2012,0,2012-07-27,INR,206377466666.66666
RBI:AVG_TURNOVER_RN(1.0),N_A,FOREX,W,2013,2012,0,2012-07-27,INR,50579000000
RBI:AVG_TURNOVER_RN(1.0),N_A,MKT_REPO,W,2013,2012,0,2012-07-27,INR,743956266666.6666
RBI:AVG_TURNOVER_RN(1.0),N_A,TERM_MONEY,W,2013,2012,0,2012-07-27,INR,8226866666.666666
RBI:AVG_TURNOVER_RN(1.0),N_A,STATE_GOVT_SEC,W,2013,2012,0,2012-07-27,INR,11224644000
RBI:AVG_TURNOVER_RN(1.0),N_A,NOTICE_MONEY,W,2013,2012,0,2012-07-27,INR,57573733333.33333
RBI:AVG_TURNOVER_RN(1.0),N_A,TR_BILL_364_DAY,W,2013,2012,0,2012-07-27,INR,18815210000
RBI:AVG_TURNOVER_RN(1.0),N_A,CORPO_REPO,W,2013,2012,0,2012-07-27,INR,0.0
RBI:AVG_TURNOVER_RN(1.0),N_A,GOVT_SEC,W,2013,2012,0,2012-07-27,INR,354405892000.00006
RBI:AVG_TURNOVER_RN(1.0),N_A,TRI_REPO,W,2013,2012,0,2012-07-27,INR,781006833333.3334
RBI:AVG_TURNOVER_RN(1.0),N_A,NOTICE_MONEY,W,2013,2012,0,2012-07-20,INR,50614166666.66667
RBI:AVG_TURNOVER_RN(1.0),N_A,CORPO_REPO,W,2013,2012,0,2012-07-20,INR,399200000
RBI:AVG_TURNOVER_RN(1.0),N_A,GOVT_SEC,W,2013,2012,0,2012-07-20,INR,570556868000.0001
RBI:AVG_TURNOVER_RN(1.0),N_A,CALL_MONEY,W,2013,2012,0,2012-07-20,INR,249134299999.99997
RBI:AVG_TURNOVER_RN(1.0),N_A,TERM_MONEY,W,2013,2012,0,2012-07-20,INR,8418333333.333334
RBI:AVG_TURNOVER_RN(1.0),N_A,MKT_REPO,W,2013,2012,0,2012-07-20,INR,648740733333.3334
RBI:AVG_TURNOVER_RN(1.0),N_A,TR_BILL_91_DAY,W,2013,2012,0,2012-07-20,INR,14652580000
RBI:AVG_TURNOVER_RN(1.0),N_A,TR_BILL_364_DAY,W,2013,2012,0,2012-07-20,INR,18496000000
RBI:AVG_TURNOVER_RN(1.0),N_A,STATE_GOVT_SEC,W,2013,2012,0,2012-07-20,INR,15432828000
RBI:AVG_TURNOVER_RN(1.0),N_A,FOREX,W,2013,2012,0,2012-07-20,INR,34433000000
RBI:AVG_TURNOVER_RN(1.0),N_A,TRI_REPO,W,2013,2012,0,2012-07-20,INR,745439500000
RBI:AVG_TURNOVER_RN(1.0),N_A,TR_BILL_182_DAY,W,2013,2012,0,2012-07-20,INR,16962639999.999998
RBI:AVG_TURNOVER_RN(1.0),N_A,CALL_MONEY,W,2013,2012,0,2012-07-13,INR,222481266666.66666
RBI:AVG_TURNOVER_RN(1.0),N_A,CORPO_REPO,W,2013,2012,0,2012-07-13,INR,0.0
RBI:AVG_TURNOVER_RN(1.0),N_A,TERM_MONEY,W,2013,2012,0,2012-07-13,INR,11459635060
RBI:AVG_TURNOVER_RN(1.0),N_A,GOVT_SEC,W,2013,2012,0,2012-07-13,INR,474370336000.00006
RBI:AVG_TURNOVER_RN(1.0),N_A,TR_BILL_364_DAY,W,2013,2012,0,2012-07-13,INR,9944000000
RBI:AVG_TURNOVER_RN(1.0),N_A,NOTICE_MONEY,W,2013,2012,0,2012-07-13,INR,66297466666.66667
RBI:AVG_TURNOVER_RN(1.0),N_A,TR_BILL_91_DAY,W,2013,2012,0,2012-07-13,INR,25954730000
RBI:AVG_TURNOVER_RN(1.0),N_A,FOREX,W,2013,2012,0,2012-07-13,INR,34089000000
RBI:AVG_TURNOVER_RN(1.0),N_A,MKT_REPO,W,2013,2012,0,2012-07-13,INR,710076800000.0001
RBI:AVG_TURNOVER_RN(1.0),N_A,TR_BILL_182_DAY,W,2013,2012,0,2012-07-13,INR,6542859999.999999
RBI:AVG_TURNOVER_RN(1.0),N_A,TRI_REPO,W,2013,2012,0,2012-07-13,INR,671752333333.3334
RBI:AVG_TURNOVER_RN(1.0),N_A,STATE_GOVT_SEC,W,2013,2012,0,2012-07-13,INR,3433487999.9999995
RBI:AVG_TURNOVER_RN(1.0),N_A,TRI_REPO,W,2013,2012,0,2012-07-06,INR,939219200000
RBI:AVG_TURNOVER_RN(1.0),N_A,MKT_REPO,W,2013,2012,0,2012-07-06,INR,599883920000.0001
RBI:AVG_TURNOVER_RN(1.0),N_A,TR_BILL_182_DAY,W,2013,2012,0,2012-07-06,INR,8452200000
RBI:AVG_TURNOVER_RN(1.0),N_A,TR_BILL_91_DAY,W,2013,2012,0,2012-07-06,INR,18478737500
RBI:AVG_TURNOVER_RN(1.0),N_A,TR_BILL_364_DAY,W,2013,2012,0,2012-07-06,INR,18091275000
RBI:AVG_TURNOVER_RN(1.0),N_A,FOREX,W,2013,2012,0,2012-07-06,INR,41790000000
RBI:AVG_TURNOVER_RN(1.0),N_A,TERM_MONEY,W,2013,2012,0,2012-07-06,INR,3988000000
RBI:AVG_TURNOVER_RN(1.0),N_A,NOTICE_MONEY,W,2013,2012,0,2012-07-06,INR,84814800000
RBI:AVG_TURNOVER_RN(1.0),N_A,CALL_MONEY,W,2013,2012,0,2012-07-06,INR,230174519999.99997
RBI:AVG_TURNOVER_RN(1.0),N_A,GOVT_SEC,W,2013,2012,0,2012-07-06,INR,439245425000
RBI:AVG_TURNOVER_RN(1.0),N_A,STATE_GOVT_SEC,W,2013,2012,0,2012-07-06,INR,6772084999.999999
RBI:AVG_TURNOVER_RN(1.0),N_A,CORPO_REPO,W,2013,2012,0,2012-07-06,INR,0.0
RBI:AVG_TURNOVER_RN(1.0),N_A,FOREX,W,2013,2012,0,2012-06-29,INR,58261000000
RBI:AVG_TURNOVER_RN(1.0),N_A,TRI_REPO,W,2013,2012,0,2012-06-29,INR,946807000000
RBI:AVG_TURNOVER_RN(1.0),N_A,TR_BILL_364_DAY,W,2013,2012,0,2012-06-29,INR,10296000000
RBI:AVG_TURNOVER_RN(1.0),N_A,TR_BILL_182_DAY,W,2013,2012,0,2012-06-29,INR,6379800000
RBI:AVG_TURNOVER_RN(1.0),N_A,CALL_MONEY,W,2013,2012,0,2012-06-29,INR,246177966666.66666
RBI:AVG_TURNOVER_RN(1.0),N_A,MKT_REPO,W,2013,2012,0,2012-06-29,INR,659333733333.3334
RBI:AVG_TURNOVER_RN(1.0),N_A,TR_BILL_91_DAY,W,2013,2012,0,2012-06-29,INR,29773680000
RBI:AVG_TURNOVER_RN(1.0),N_A,STATE_GOVT_SEC,W,2013,2012,0,2012-06-29,INR,5057956000.000001
RBI:AVG_TURNOVER_RN(1.0),N_A,CORPO_REPO,W,2013,2012,0,2012-06-29,INR,188800000.00000003
RBI:AVG_TURNOVER_RN(1.0),N_A,NOTICE_MONEY,W,2013,2012,0,2012-06-29,INR,52114200000
RBI:AVG_TURNOVER_RN(1.0),N_A,GOVT_SEC,W,2013,2012,0,2012-06-29,INR,348514099999.99994
RBI:AVG_TURNOVER_RN(1.0),N_A,GOVT_SEC_RBI,W,2013,2012,0,2012-06-29,INR,23230000000
RBI:AVG_TURNOVER_RN(1.0),N_A,TERM_MONEY,W,2013,2012,0,2012-06-29,INR,7082398663.333333
RBI:AVG_TURNOVER_RN(1.0),N_A,GOVT_SEC,W,2013,2012,0,2012-06-22,INR,486576163999.99994
RBI:AVG_TURNOVER_RN(1.0),N_A,CALL_MONEY,W,2013,2012,0,2012-06-22,INR,319783100000
RBI:AVG_TURNOVER_RN(1.0),N_A,STATE_GOVT_SEC,W,2013,2012,0,2012-06-22,INR,5342066400
RBI:AVG_TURNOVER_RN(1.0),N_A,NOTICE_MONEY,W,2013,2012,0,2012-06-22,INR,77629600000
RBI:AVG_TURNOVER_RN(1.0),N_A,MKT_REPO,W,2013,2012,0,2012-06-22,INR,567331466666.6666
RBI:AVG_TURNOVER_RN(1.0),N_A,TRI_REPO,W,2013,2012,0,2012-06-22,INR,903979333333.3334
RBI:AVG_TURNOVER_RN(1.0),N_A,TERM_MONEY,W,2013,2012,0,2012-06-22,INR,2740000000
RBI:AVG_TURNOVER_RN(1.0),N_A,TR_BILL_182_DAY,W,2013,2012,0,2012-06-22,INR,5220980000
RBI:AVG_TURNOVER_RN(1.0),N_A,TR_BILL_364_DAY,W,2013,2012,0,2012-06-22,INR,8076000000
RBI:AVG_TURNOVER_RN(1.0),N_A,CORPO_REPO,W,2013,2012,0,2012-06-22,INR,416000000
RBI:AVG_TURNOVER_RN(1.0),N_A,FOREX,W,2013,2012,0,2012-06-22,INR,37243400000
RBI:AVG_TURNOVER_RN(1.0),N_A,TR_BILL_91_DAY,W,2013,2012,0,2012-06-22,INR,15661660000
RBI:AVG_TURNOVER_RN(1.0),N_A,STATE_GOVT_SEC,W,2013,2012,0,2012-06-15,INR,5851800000.000001
RBI:AVG_TURNOVER_RN(1.0),N_A,TR_BILL_364_DAY,W,2013,2012,0,2012-06-15,INR,27584930000
RBI:AVG_TURNOVER_RN(1.0),N_A,FOREX,W,2013,2012,0,2012-06-15,INR,32431600000
RBI:AVG_TURNOVER_RN(1.0),N_A,NOTICE_MONEY,W,2013,2012,0,2012-06-15,INR,66759066666.666664
RBI:AVG_TURNOVER_RN(1.0),N_A,GOVT_SEC,W,2013,2012,0,2012-06-15,INR,679603383999.9999
RBI:AVG_TURNOVER_RN(1.0),N_A,CORPO_REPO,W,2013,2012,0,2012-06-15,INR,0.0
RBI:AVG_TURNOVER_RN(1.0),N_A,MKT_REPO,W,2013,2012,0,2012-06-15,INR,907736666666.6667
RBI:AVG_TURNOVER_RN(1.0),N_A,CALL_MONEY,W,2013,2012,0,2012-06-15,INR,206083200000
RBI:AVG_TURNOVER_RN(1.0),N_A,TR_BILL_182_DAY,W,2013,2012,0,2012-06-15,INR,9956930000
RBI:AVG_TURNOVER_RN(1.0),N_A,TRI_REPO,W,2013,2012,0,2012-06-15,INR,684864666666.6666
RBI:AVG_TURNOVER_RN(1.0),N_A,TERM_MONEY,W,2013,2012,0,2012-06-15,INR,4601837753.333334
RBI:AVG_TURNOVER_RN(1.0),N_A,TR_BILL_91_DAY,W,2013,2012,0,2012-06-15,INR,24638300000
RBI:AVG_TURNOVER_RN(1.0),N_A,CALL_MONEY,W,2013,2012,0,2012-06-08,INR,226211066666.6667
RBI:AVG_TURNOVER_RN(1.0),N_A,MKT_REPO,W,2013,2012,0,2012-06-08,INR,731130800000
RBI:AVG_TURNOVER_RN(1.0),N_A,FOREX,W,2013,2012,0,2012-06-08,INR,31791800000
RBI:AVG_TURNOVER_RN(1.0),N_A,TRI_REPO,W,2013,2012,0,2012-06-08,INR,639542666666.6666
RBI:AVG_TURNOVER_RN(1.0),N_A,GOVT_SEC,W,2013,2012,0,2012-06-08,INR,511601068000
RBI:AVG_TURNOVER_RN(1.0),N_A,TR_BILL_91_DAY,W,2013,2012,0,2012-06-08,INR,16348450000
RBI:AVG_TURNOVER_RN(1.0),N_A,NOTICE_MONEY,W,2013,2012,0,2012-06-08,INR,54125966666.66667
RBI:AVG_TURNOVER_RN(1.0),N_A,TR_BILL_182_DAY,W,2013,2012,0,2012-06-08,INR,9189660000
RBI:AVG_TURNOVER_RN(1.0),N_A,TERM_MONEY,W,2013,2012,0,2012-06-08,INR,12786666666.666668
RBI:AVG_TURNOVER_RN(1.0),N_A,CORPO_REPO,W,2013,2012,0,2012-06-08,INR,0.0
RBI:AVG_TURNOVER_RN(1.0),N_A,STATE_GOVT_SEC,W,2013,2012,0,2012-06-08,INR,8198108000
RBI:AVG_TURNOVER_RN(1.0),N_A,TR_BILL_364_DAY,W,2013,2012,0,2012-06-08,INR,20592460000
RBI:AVG_TURNOVER_RN(1.0),N_A,NOTICE_MONEY,W,2013,2012,0,2012-06-01,INR,68602666666.666664
RBI:AVG_TURNOVER_RN(1.0),N_A,STATE_GOVT_SEC,W,2013,2012,0,2012-06-01,INR,6206816000
RBI:AVG_TURNOVER_RN(1.0),N_A,CALL_MONEY,W,2013,2012,0,2012-06-01,INR,192054166666.6667
RBI:AVG_TURNOVER_RN(1.0),N_A,FOREX,W,2013,2012,0,2012-06-01,INR,52790398000
RBI:AVG_TURNOVER_RN(1.0),N_A,GOVT_SEC,W,2013,2012,0,2012-06-01,INR,342974312000
RBI:AVG_TURNOVER_RN(1.0),N_A,MKT_REPO,W,2013,2012,0,2012-06-01,INR,741137266666.6667
RBI:AVG_TURNOVER_RN(1.0),N_A,TR_BILL_91_DAY,W,2013,2012,0,2012-06-01,INR,24873200000
RBI:AVG_TURNOVER_RN(1.0),N_A,TR_BILL_182_DAY,W,2013,2012,0,2012-06-01,INR,7450600000.000001
RBI:AVG_TURNOVER_RN(1.0),N_A,TRI_REPO,W,2013,2012,0,2012-06-01,INR,727826333333.3334
RBI:AVG_TURNOVER_RN(1.0),N_A,CORPO_REPO,W,2013,2012,0,2012-06-01,INR,336000000
RBI:AVG_TURNOVER_RN(1.0),N_A,TERM_MONEY,W,2013,2012,0,2012-06-01,INR,5416666666.666666
RBI:AVG_TURNOVER_RN(1.0),N_A,TR_BILL_364_DAY,W,2013,2012,0,2012-06-01,INR,12480400000
RBI:AVG_TURNOVER_RN(1.0),N_A,TR_BILL_364_DAY,W,2013,2012,0,2012-05-25,INR,8656730000
RBI:AVG_TURNOVER_RN(1.0),N_A,TR_BILL_91_DAY,W,2013,2012,0,2012-05-25,INR,14356510000
RBI:AVG_TURNOVER_RN(1.0),N_A,TRI_REPO,W,2013,2012,0,2012-05-25,INR,689644833333.3334
RBI:AVG_TURNOVER_RN(1.0),N_A,STATE_GOVT_SEC,W,2013,2012,0,2012-05-25,INR,11841020000.000002
RBI:AVG_TURNOVER_RN(1.0),N_A,TERM_MONEY,W,2013,2012,0,2012-05-25,INR,8214506623.333333
RBI:AVG_TURNOVER_RN(1.0),N_A,TR_BILL_182_DAY,W,2013,2012,0,2012-05-25,INR,6487279999.999999
RBI:AVG_TURNOVER_RN(1.0),N_A,CORPO_REPO,W,2013,2012,0,2012-05-25,INR,400000000
RBI:AVG_TURNOVER_RN(1.0),N_A,MKT_REPO,W,2013,2012,0,2012-05-25,INR,526739266666.6667
RBI:AVG_TURNOVER_RN(1.0),N_A,NOTICE_MONEY,W,2013,2012,0,2012-05-25,INR,67540700000
RBI:AVG_TURNOVER_RN(1.0),N_A,FOREX,W,2013,2012,0,2012-05-25,INR,34109200000
RBI:AVG_TURNOVER_RN(1.0),N_A,CALL_MONEY,W,2013,2012,0,2012-05-25,INR,297702833333.3334
RBI:AVG_TURNOVER_RN(1.0),N_A,GOVT_SEC,W,2013,2012,0,2012-05-25,INR,236757304000
RBI:AVG_TURNOVER_RN(1.0),N_A,CALL_MONEY,W,2013,2012,0,2012-05-18,INR,241235200000
RBI:AVG_TURNOVER_RN(1.0),N_A,TRI_REPO,W,2013,2012,0,2012-05-18,INR,706981333333.3334
RBI:AVG_TURNOVER_RN(1.0),N_A,STATE_GOVT_SEC,W,2013,2012,0,2012-05-18,INR,7853900000
RBI:AVG_TURNOVER_RN(1.0),N_A,TR_BILL_91_DAY,W,2013,2012,0,2012-05-18,INR,20968550000
RBI:AVG_TURNOVER_RN(1.0),N_A,NOTICE_MONEY,W,2013,2012,0,2012-05-18,INR,84509366666.66667
RBI:AVG_TURNOVER_RN(1.0),N_A,FOREX,W,2013,2012,0,2012-05-18,INR,39393600000
RBI:AVG_TURNOVER_RN(1.0),N_A,MKT_REPO,W,2013,2012,0,2012-05-18,INR,656142466666.6666
RBI:AVG_TURNOVER_RN(1.0),N_A,TERM_MONEY,W,2013,2012,0,2012-05-18,INR,3693333333.333333
RBI:AVG_TURNOVER_RN(1.0),N_A,TR_BILL_364_DAY,W,2013,2012,0,2012-05-18,INR,11800360000
RBI:AVG_TURNOVER_RN(1.0),N_A,TR_BILL_182_DAY,W,2013,2012,0,2012-05-18,INR,7691510000.000001
RBI:AVG_TURNOVER_RN(1.0),N_A,GOVT_SEC,W,2013,2012,0,2012-05-18,INR,346147892000
RBI:AVG_TURNOVER_RN(1.0),N_A,NOTICE_MONEY,W,2013,2012,0,2012-05-11,INR,80754933333.33333
RBI:AVG_TURNOVER_RN(1.0),N_A,GOVT_SEC,W,2013,2012,0,2012-05-11,INR,381624920000
RBI:AVG_TURNOVER_RN(1.0),N_A,MKT_REPO,W,2013,2012,0,2012-05-11,INR,514498266666.6667
RBI:AVG_TURNOVER_RN(1.0),N_A,STATE_GOVT_SEC,W,2013,2012,0,2012-05-11,INR,5873584000
RBI:AVG_TURNOVER_RN(1.0),N_A,TR_BILL_182_DAY,W,2013,2012,0,2012-05-11,INR,6052000000
RBI:AVG_TURNOVER_RN(1.0),N_A,FOREX,W,2013,2012,0,2012-05-11,INR,42573400000
RBI:AVG_TURNOVER_RN(1.0),N_A,CALL_MONEY,W,2013,2012,0,2012-05-11,INR,332969266666.6667
RBI:AVG_TURNOVER_RN(1.0),N_A,TR_BILL_91_DAY,W,2013,2012,0,2012-05-11,INR,14266670000
RBI:AVG_TURNOVER_RN(1.0),N_A,TR_BILL_364_DAY,W,2013,2012,0,2012-05-11,INR,9295620000.000002
RBI:AVG_TURNOVER_RN(1.0),N_A,TRI_REPO,W,2013,2012,0,2012-05-11,INR,569710666666.6667
RBI:AVG_TURNOVER_RN(1.0),N_A,TERM_MONEY,W,2013,2012,0,2012-05-11,INR,9530589040
RBI:AVG_TURNOVER_RN(1.0),N_A,STATE_GOVT_SEC,W,2013,2012,0,2012-05-04,INR,3824590000
RBI:AVG_TURNOVER_RN(1.0),N_A,GOVT_SEC,W,2013,2012,0,2012-05-04,INR,284477890000
RBI:AVG_TURNOVER_RN(1.0),N_A,FOREX,W,2013,2012,0,2012-05-04,INR,44324500000
RBI:AVG_TURNOVER_RN(1.0),N_A,TR_BILL_182_DAY,W,2013,2012,0,2012-05-04,INR,5457500000
RBI:AVG_TURNOVER_RN(1.0),N_A,TR_BILL_91_DAY,W,2013,2012,0,2012-05-04,INR,27746362500
RBI:AVG_TURNOVER_RN(1.0),N_A,TR_BILL_364_DAY,W,2013,2012,0,2012-05-04,INR,3569175000
RBI:AVG_TURNOVER_RN(1.0),N_A,MKT_REPO,W,2013,2012,0,2012-05-04,INR,660099840000
RBI:AVG_TURNOVER_RN(1.0),N_A,CALL_MONEY,W,2013,2012,0,2012-05-04,INR,348600000000
RBI:AVG_TURNOVER_RN(1.0),N_A,TRI_REPO,W,2013,2012,0,2012-05-04,INR,521564000000
RBI:AVG_TURNOVER_RN(1.0),N_A,NOTICE_MONEY,W,2013,2012,0,2012-05-04,INR,122174280000
RBI:AVG_TURNOVER_RN(1.0),N_A,TERM_MONEY,W,2013,2012,0,2012-05-04,INR,8760000000
RBI:AVG_TURNOVER_RN(1.0),N_A,TRI_REPO,W,2013,2012,0,2012-04-27,INR,609314833333.3334
RBI:AVG_TURNOVER_RN(1.0),N_A,CORPO_REPO,W,2013,2012,0,2012-04-27,INR,400000000
RBI:AVG_TURNOVER_RN(1.0),N_A,GOVT_SEC_RBI,W,2013,2012,0,2012-04-27,INR,3300000000
RBI:AVG_TURNOVER_RN(1.0),N_A,NOTICE_MONEY,W,2013,2012,0,2012-04-27,INR,105643033333.33333
RBI:AVG_TURNOVER_RN(1.0),N_A,CALL_MONEY,W,2013,2012,0,2012-04-27,INR,452355400000
RBI:AVG_TURNOVER_RN(1.0),N_A,MKT_REPO,W,2013,2012,0,2012-04-27,INR,573189800000
RBI:AVG_TURNOVER_RN(1.0),N_A,TR_BILL_364_DAY,W,2013,2012,0,2012-04-27,INR,5576510000.000001
RBI:AVG_TURNOVER_RN(1.0),N_A,GOVT_SEC,W,2013,2012,0,2012-04-27,INR,291537615999.99994
RBI:AVG_TURNOVER_RN(1.0),N_A,TR_BILL_182_DAY,W,2013,2012,0,2012-04-27,INR,6755250000
RBI:AVG_TURNOVER_RN(1.0),N_A,STATE_GOVT_SEC,W,2013,2012,0,2012-04-27,INR,4638160000
RBI:AVG_TURNOVER_RN(1.0),N_A,TR_BILL_91_DAY,W,2013,2012,0,2012-04-27,INR,24041930000.000004
RBI:AVG_TURNOVER_RN(1.0),N_A,TERM_MONEY,W,2013,2012,0,2012-04-27,INR,8633333333.333334
RBI:AVG_TURNOVER_RN(1.0),N_A,FOREX,W,2013,2012,0,2012-04-27,INR,51427946000.00001
RBI:AVG_TURNOVER_RN(1.0),N_A,STATE_GOVT_SEC,W,2013,2012,0,2012-04-20,INR,5843520000.000001
RBI:AVG_TURNOVER_RN(1.0),N_A,TR_BILL_364_DAY,W,2013,2012,0,2012-04-20,INR,3244099999.9999995
RBI:AVG_TURNOVER_RN(1.0),N_A,TR_BILL_182_DAY,W,2013,2012,0,2012-04-20,INR,10963850000
RBI:AVG_TURNOVER_RN(1.0),N_A,NOTICE_MONEY,W,2013,2012,0,2012-04-20,INR,135135799999.99998
RBI:AVG_TURNOVER_RN(1.0),N_A,GOVT_SEC,W,2013,2012,0,2012-04-20,INR,376450076000
RBI:AVG_TURNOVER_RN(1.0),N_A,TRI_REPO,W,2013,2012,0,2012-04-20,INR,939172400000
RBI:AVG_TURNOVER_RN(1.0),N_A,MKT_REPO,W,2013,2012,0,2012-04-20,INR,696261440000
RBI:AVG_TURNOVER_RN(1.0),N_A,CALL_MONEY,W,2013,2012,0,2012-04-20,INR,391110000000
RBI:AVG_TURNOVER_RN(1.0),N_A,TR_BILL_91_DAY,W,2013,2012,0,2012-04-20,INR,36103130000
RBI:AVG_TURNOVER_RN(1.0),N_A,FOREX,W,2013,2012,0,2012-04-20,INR,37394200000
RBI:AVG_TURNOVER_RN(1.0),N_A,TERM_MONEY,W,2013,2012,0,2012-04-20,INR,5460000000
RBI:AVG_TURNOVER_RN(1.0),N_A,TERM_MONEY,W,2013,2012,0,2012-04-13,INR,12398233333.333332
RBI:AVG_TURNOVER_RN(1.0),N_A,TR_BILL_91_DAY,W,2013,2012,0,2012-04-13,INR,23605220000
RBI:AVG_TURNOVER_RN(1.0),N_A,MKT_REPO,W,2013,2012,0,2012-04-13,INR,499235199999.99994
RBI:AVG_TURNOVER_RN(1.0),N_A,GOVT_SEC,W,2013,2012,0,2012-04-13,INR,315737636000
RBI:AVG_TURNOVER_RN(1.0),N_A,TR_BILL_182_DAY,W,2013,2012,0,2012-04-13,INR,14097200000
RBI:AVG_TURNOVER_RN(1.0),N_A,TRI_REPO,W,2013,2012,0,2012-04-13,INR,879178000000
RBI:AVG_TURNOVER_RN(1.0),N_A,TR_BILL_364_DAY,W,2013,2012,0,2012-04-13,INR,10685740000
RBI:AVG_TURNOVER_RN(1.0),N_A,FOREX,W,2013,2012,0,2012-04-13,INR,38251400000
RBI:AVG_TURNOVER_RN(1.0),N_A,CALL_MONEY,W,2013,2012,0,2012-04-13,INR,467416933333.3333
RBI:AVG_TURNOVER_RN(1.0),N_A,NOTICE_MONEY,W,2013,2012,0,2012-04-13,INR,3282933333.3333335
RBI:AVG_TURNOVER_RN(1.0),N_A,STATE_GOVT_SEC,W,2013,2012,0,2012-04-13,INR,11779051999.999998
RBI:AVG_TURNOVER_RN(1.0),N_A,TR_BILL_364_DAY,W,2013,2012,0,2012-04-06,INR,34850500000
RBI:AVG_TURNOVER_RN(1.0),N_A,STATE_GOVT_SEC,W,2013,2012,0,2012-04-06,INR,27696550000
RBI:AVG_TURNOVER_RN(1.0),N_A,MKT_REPO,W,2013,2012,0,2012-04-06,INR,494103733333.3333
RBI:AVG_TURNOVER_RN(1.0),N_A,TERM_MONEY,W,2013,2012,0,2012-04-06,INR,3458333333.333333
RBI:AVG_TURNOVER_RN(1.0),N_A,TRI_REPO,W,2013,2012,0,2012-04-06,INR,557345333333.3334
RBI:AVG_TURNOVER_RN(1.0),N_A,FOREX,W,2013,2012,0,2012-04-06,INR,42057500000
RBI:AVG_TURNOVER_RN(1.0),N_A,GOVT_SEC,W,2013,2012,0,2012-04-06,INR,208317150000
RBI:AVG_TURNOVER_RN(1.0),N_A,CORPO_REPO,W,2013,2012,0,2012-04-06,INR,2600000000
RBI:AVG_TURNOVER_RN(1.0),N_A,TR_BILL_91_DAY,W,2013,2012,0,2012-04-06,INR,18859750000
RBI:AVG_TURNOVER_RN(1.0),N_A,TR_BILL_182_DAY,W,2013,2012,0,2012-04-06,INR,9950000000
RBI:AVG_TURNOVER_RN(1.0),N_A,CALL_MONEY,W,2013,2012,0,2012-04-06,INR,209892333333.33334
RBI:AVG_TURNOVER_RN(1.0),N_A,NOTICE_MONEY,W,2013,2012,0,2012-04-06,INR,164313999999.99997
RBI:AVG_TURNOVER_RN(1.0),N_A,NOTICE_MONEY,W,2012,2011,0,2012-03-30,INR,39684933333.333336
RBI:AVG_TURNOVER_RN(1.0),N_A,STATE_GOVT_SEC,W,2012,2011,0,2012-03-30,INR,8198744000
RBI:AVG_TURNOVER_RN(1.0),N_A,TR_BILL_182_DAY,W,2012,2011,0,2012-03-30,INR,9049600000
RBI:AVG_TURNOVER_RN(1.0),N_A,CALL_MONEY,W,2012,2011,0,2012-03-30,INR,310101033333.3333
RBI:AVG_TURNOVER_RN(1.0),N_A,TERM_MONEY,W,2012,2011,0,2012-03-30,INR,5743333333.333334
RBI:AVG_TURNOVER_RN(1.0),N_A,TR_BILL_364_DAY,W,2012,2011,0,2012-03-30,INR,18311120000
RBI:AVG_TURNOVER_RN(1.0),N_A,GOVT_SEC,W,2012,2011,0,2012-03-30,INR,183620056000
RBI:AVG_TURNOVER_RN(1.0),N_A,FOREX,W,2012,2011,0,2012-03-30,INR,64139904000
RBI:AVG_TURNOVER_RN(1.0),N_A,TR_BILL_91_DAY,W,2012,2011,0,2012-03-30,INR,22072360000
RBI:AVG_TURNOVER_RN(1.0),N_A,MKT_REPO,W,2012,2011,0,2012-03-30,INR,323721066666.6667
RBI:AVG_TURNOVER_RN(1.0),N_A,TRI_REPO,W,2012,2011,0,2012-03-30,INR,828670666666.6666
RBI:AVG_TURNOVER_RN(1.0),N_A,GOVT_SEC_RBI,W,2012,2011,0,2012-03-30,INR,1700000000
RBI:AVG_TURNOVER_RN(1.0),N_A,TR_BILL_182_DAY,W,2012,2011,0,2012-03-23,INR,815000000
RBI:AVG_TURNOVER_RN(1.0),N_A,TR_BILL_364_DAY,W,2012,2011,0,2012-03-23,INR,4875000000
RBI:AVG_TURNOVER_RN(1.0),N_A,FOREX,W,2012,2011,0,2012-03-23,INR,39513500000
RBI:AVG_TURNOVER_RN(1.0),N_A,GOVT_SEC,W,2012,2011,0,2012-03-23,INR,163691550000
RBI:AVG_TURNOVER_RN(1.0),N_A,NOTICE_MONEY,W,2012,2011,0,2012-03-23,INR,59046800276
RBI:AVG_TURNOVER_RN(1.0),N_A,CALL_MONEY,W,2012,2011,0,2012-03-23,INR,326983560000
RBI:AVG_TURNOVER_RN(1.0),N_A,TRI_REPO,W,2012,2011,0,2012-03-23,INR,712304200000
RBI:AVG_TURNOVER_RN(1.0),N_A,TR_BILL_91_DAY,W,2012,2011,0,2012-03-23,INR,21534525000
RBI:AVG_TURNOVER_RN(1.0),N_A,MKT_REPO,W,2012,2011,0,2012-03-23,INR,554358959999.9999
RBI:AVG_TURNOVER_RN(1.0),N_A,TERM_MONEY,W,2012,2011,0,2012-03-23,INR,5640000000
RBI:AVG_TURNOVER_RN(1.0),N_A,STATE_GOVT_SEC,W,2012,2011,0,2012-03-23,INR,6826445000
RBI:AVG_TURNOVER_RN(1.0),N_A,CORPO_REPO,W,2012,2011,0,2012-03-23,INR,412000000
RBI:AVG_TURNOVER_RN(1.0),N_A,GOVT_SEC_RBI,W,2012,2011,0,2012-03-23,INR,1725000000
RBI:AVG_TURNOVER_RN(1.0),N_A,TR_BILL_364_DAY,W,2012,2011,0,2012-03-16,INR,10028520000
RBI:AVG_TURNOVER_RN(1.0),N_A,STATE_GOVT_SEC,W,2012,2011,0,2012-03-16,INR,10010288000
RBI:AVG_TURNOVER_RN(1.0),N_A,TR_BILL_182_DAY,W,2012,2011,0,2012-03-16,INR,2871260000.0000005
RBI:AVG_TURNOVER_RN(1.0),N_A,NOTICE_MONEY,W,2012,2011,0,2012-03-16,INR,92966800000
RBI:AVG_TURNOVER_RN(1.0),N_A,GOVT_SEC_RBI,W,2012,2011,0,2012-03-16,INR,23260000000
RBI:AVG_TURNOVER_RN(1.0),N_A,CALL_MONEY,W,2012,2011,0,2012-03-16,INR,263789366666.66666
RBI:AVG_TURNOVER_RN(1.0),N_A,GOVT_SEC,W,2012,2011,0,2012-03-16,INR,236525055600
RBI:AVG_TURNOVER_RN(1.0),N_A,TR_BILL_91_DAY,W,2012,2011,0,2012-03-16,INR,15583830000
RBI:AVG_TURNOVER_RN(1.0),N_A,MKT_REPO,W,2012,2011,0,2012-03-16,INR,450034800000.00006
RBI:AVG_TURNOVER_RN(1.0),N_A,FOREX,W,2012,2011,0,2012-03-16,INR,37977400000
RBI:AVG_TURNOVER_RN(1.0),N_A,TRI_REPO,W,2012,2011,0,2012-03-16,INR,856148833333.3334
RBI:AVG_TURNOVER_RN(1.0),N_A,TERM_MONEY,W,2012,2011,0,2012-03-16,INR,7399000000
RBI:AVG_TURNOVER_RN(1.0),N_A,TR_BILL_91_DAY,W,2012,2011,0,2012-03-09,INR,12864949999.999998
RBI:AVG_TURNOVER_RN(1.0),N_A,GOVT_SEC,W,2012,2011,0,2012-03-09,INR,168491390000
RBI:AVG_TURNOVER_RN(1.0),N_A,NOTICE_MONEY,W,2012,2011,0,2012-03-09,INR,83926840000
RBI:AVG_TURNOVER_RN(1.0),N_A,STATE_GOVT_SEC,W,2012,2011,0,2012-03-09,INR,6774030000
RBI:AVG_TURNOVER_RN(1.0),N_A,FOREX,W,2012,2011,0,2012-03-09,INR,38866250000
RBI:AVG_TURNOVER_RN(1.0),N_A,TERM_MONEY,W,2012,2011,0,2012-03-09,INR,4591200000
RBI:AVG_TURNOVER_RN(1.0),N_A,GOVT_SEC_RBI,W,2012,2011,0,2012-03-09,INR,29825000000
RBI:AVG_TURNOVER_RN(1.0),N_A,CALL_MONEY,W,2012,2011,0,2012-03-09,INR,241621519999.99997
RBI:AVG_TURNOVER_RN(1.0),N_A,TR_BILL_364_DAY,W,2012,2011,0,2012-03-09,INR,5790287499.999999
RBI:AVG_TURNOVER_RN(1.0),N_A,TRI_REPO,W,2012,2011,0,2012-03-09,INR,691858800000
RBI:AVG_TURNOVER_RN(1.0),N_A,TR_BILL_182_DAY,W,2012,2011,0,2012-03-09,INR,3358962500
RBI:AVG_TURNOVER_RN(1.0),N_A,MKT_REPO,W,2012,2011,0,2012-03-09,INR,552284880000
RBI:AVG_TURNOVER_RN(1.0),N_A,CORPO_REPO,W,2012,2011,0,2012-03-02,INR,1148800000
RBI:AVG_TURNOVER_RN(1.0),N_A,TR_BILL_91_DAY,W,2012,2011,0,2012-03-02,INR,17453550000
RBI:AVG_TURNOVER_RN(1.0),N_A,TR_BILL_364_DAY,W,2012,2011,0,2012-03-02,INR,5438000000
RBI:AVG_TURNOVER_RN(1.0),N_A,GOVT_SEC,W,2012,2011,0,2012-03-02,INR,213292660000
RBI:AVG_TURNOVER_RN(1.0),N_A,FOREX,W,2012,2011,0,2012-03-02,INR,43836600000
RBI:AVG_TURNOVER_RN(1.0),N_A,TERM_MONEY,W,2012,2011,0,2012-03-02,INR,6404166666.666666
RBI:AVG_TURNOVER_RN(1.0),N_A,TR_BILL_182_DAY,W,2012,2011,0,2012-03-02,INR,5401210000
RBI:AVG_TURNOVER_RN(1.0),N_A,STATE_GOVT_SEC,W,2012,2011,0,2012-03-02,INR,2688267600.0000005
RBI:AVG_TURNOVER_RN(1.0),N_A,NOTICE_MONEY,W,2012,2011,0,2012-03-02,INR,79456333333.33334
RBI:AVG_TURNOVER_RN(1.0),N_A,MKT_REPO,W,2012,2011,0,2012-03-02,INR,450152333333.3334
RBI:AVG_TURNOVER_RN(1.0),N_A,CALL_MONEY,W,2012,2011,0,2012-03-02,INR,298947533333.3333
RBI:AVG_TURNOVER_RN(1.0),N_A,TRI_REPO,W,2012,2011,0,2012-03-02,INR,686580500000
RBI:AVG_TURNOVER_RN(1.0),N_A,GOVT_SEC_RBI,W,2012,2011,0,2012-03-02,INR,24840000000
RBI:AVG_TURNOVER_RN(1.0),N_A,TR_BILL_182_DAY,W,2012,2011,0,2012-02-24,INR,852487500
RBI:AVG_TURNOVER_RN(1.0),N_A,MKT_REPO,W,2012,2011,0,2012-02-24,INR,582189120000
RBI:AVG_TURNOVER_RN(1.0),N_A,FOREX,W,2012,2011,0,2012-02-24,INR,51996915000
RBI:AVG_TURNOVER_RN(1.0),N_A,TERM_MONEY,W,2012,2011,0,2012-02-24,INR,2846282244
RBI:AVG_TURNOVER_RN(1.0),N_A,CALL_MONEY,W,2012,2011,0,2012-02-24,INR,225901360000
RBI:AVG_TURNOVER_RN(1.0),N_A,NOTICE_MONEY,W,2012,2011,0,2012-02-24,INR,71165720000
RBI:AVG_TURNOVER_RN(1.0),N_A,TR_BILL_364_DAY,W,2012,2011,0,2012-02-24,INR,8834775000
RBI:AVG_TURNOVER_RN(1.0),N_A,GOVT_SEC,W,2012,2011,0,2012-02-24,INR,249800975000
RBI:AVG_TURNOVER_RN(1.0),N_A,TR_BILL_91_DAY,W,2012,2011,0,2012-02-24,INR,16339650000
RBI:AVG_TURNOVER_RN(1.0),N_A,STATE_GOVT_SEC,W,2012,2011,0,2012-02-24,INR,5968365000
RBI:AVG_TURNOVER_RN(1.0),N_A,GOVT_SEC_RBI,W,2012,2011,0,2012-02-24,INR,25375000000
RBI:AVG_TURNOVER_RN(1.0),N_A,CORPO_REPO,W,2012,2011,0,2012-02-24,INR,1050000000
RBI:AVG_TURNOVER_RN(1.0),N_A,TRI_REPO,W,2012,2011,0,2012-02-24,INR,687309000000
RBI:AVG_TURNOVER_RN(1.0),N_A,FOREX,W,2012,2011,0,2012-02-17,INR,37278500000
RBI:AVG_TURNOVER_RN(1.0),N_A,CORPO_REPO,W,2012,2011,0,2012-02-17,INR,1762000000
RBI:AVG_TURNOVER_RN(1.0),N_A,TR_BILL_364_DAY,W,2012,2011,0,2012-02-17,INR,12225000000
RBI:AVG_TURNOVER_RN(1.0),N_A,CALL_MONEY,W,2012,2011,0,2012-02-17,INR,213800000000
RBI:AVG_TURNOVER_RN(1.0),N_A,TRI_REPO,W,2012,2011,0,2012-02-17,INR,648738199999.9999
RBI:AVG_TURNOVER_RN(1.0),N_A,GOVT_SEC,W,2012,2011,0,2012-02-17,INR,362861665000
RBI:AVG_TURNOVER_RN(1.0),N_A,TERM_MONEY,W,2012,2011,0,2012-02-17,INR,3100000000
RBI:AVG_TURNOVER_RN(1.0),N_A,NOTICE_MONEY,W,2012,2011,0,2012-02-17,INR,79722400000
RBI:AVG_TURNOVER_RN(1.0),N_A,TR_BILL_91_DAY,W,2012,2011,0,2012-02-17,INR,8010537500
RBI:AVG_TURNOVER_RN(1.0),N_A,GOVT_SEC_RBI,W,2012,2011,0,2012-02-17,INR,2225000000
RBI:AVG_TURNOVER_RN(1.0),N_A,STATE_GOVT_SEC,W,2012,2011,0,2012-02-17,INR,2977045000
RBI:AVG_TURNOVER_RN(1.0),N_A,TR_BILL_182_DAY,W,2012,2011,0,2012-02-17,INR,2798937500
RBI:AVG_TURNOVER_RN(1.0),N_A,MKT_REPO,W,2012,2011,0,2012-02-17,INR,385341520000
RBI:AVG_TURNOVER_RN(1.0),N_A,NOTICE_MONEY,W,2012,2011,0,2012-02-10,INR,47762500000
RBI:AVG_TURNOVER_RN(1.0),N_A,TR_BILL_182_DAY,W,2012,2011,0,2012-02-10,INR,1208800000
RBI:AVG_TURNOVER_RN(1.0),N_A,TR_BILL_364_DAY,W,2012,2011,0,2012-02-10,INR,11496510000
RBI:AVG_TURNOVER_RN(1.0),N_A,TR_BILL_91_DAY,W,2012,2011,0,2012-02-10,INR,13626250000
RBI:AVG_TURNOVER_RN(1.0),N_A,TERM_MONEY,W,2012,2011,0,2012-02-10,INR,7723557663.333332
RBI:AVG_TURNOVER_RN(1.0),N_A,FOREX,W,2012,2011,0,2012-02-10,INR,38924000000
RBI:AVG_TURNOVER_RN(1.0),N_A,MKT_REPO,W,2012,2011,0,2012-02-10,INR,535983800000.00006
RBI:AVG_TURNOVER_RN(1.0),N_A,GOVT_SEC,W,2012,2011,0,2012-02-10,INR,360017904000
RBI:AVG_TURNOVER_RN(1.0),N_A,CALL_MONEY,W,2012,2011,0,2012-02-10,INR,182837599999.99997
RBI:AVG_TURNOVER_RN(1.0),N_A,TRI_REPO,W,2012,2011,0,2012-02-10,INR,629717666666.6666
RBI:AVG_TURNOVER_RN(1.0),N_A,STATE_GOVT_SEC,W,2012,2011,0,2012-02-10,INR,6901628000
RBI:AVG_TURNOVER_RN(1.0),N_A,GOVT_SEC_RBI,W,2012,2011,0,2012-02-10,INR,19360000000
RBI:AVG_TURNOVER_RN(1.0),N_A,FOREX,W,2012,2011,0,2012-02-03,INR,43210600000
RBI:AVG_TURNOVER_RN(1.0),N_A,TERM_MONEY,W,2012,2011,0,2012-02-03,INR,8506666666.666666
RBI:AVG_TURNOVER_RN(1.0),N_A,GOVT_SEC,W,2012,2011,0,2012-02-03,INR,418703224000
RBI:AVG_TURNOVER_RN(1.0),N_A,GOVT_SEC_RBI,W,2012,2011,0,2012-02-03,INR,1600000000
RBI:AVG_TURNOVER_RN(1.0),N_A,STATE_GOVT_SEC,W,2012,2011,0,2012-02-03,INR,4230908000.000001
RBI:AVG_TURNOVER_RN(1.0),N_A,TR_BILL_182_DAY,W,2012,2011,0,2012-02-03,INR,3243570000.0000005
RBI:AVG_TURNOVER_RN(1.0),N_A,TRI_REPO,W,2012,2011,0,2012-02-03,INR,632296333333.3334
RBI:AVG_TURNOVER_RN(1.0),N_A,MKT_REPO,W,2012,2011,0,2012-02-03,INR,374136733333.3333
RBI:AVG_TURNOVER_RN(1.0),N_A,NOTICE_MONEY,W,2012,2011,0,2012-02-03,INR,55389033333.33333
RBI:AVG_TURNOVER_RN(1.0),N_A,TR_BILL_364_DAY,W,2012,2011,0,2012-02-03,INR,5996970000
RBI:AVG_TURNOVER_RN(1.0),N_A,CALL_MONEY,W,2012,2011,0,2012-02-03,INR,207591566666.66666
RBI:AVG_TURNOVER_RN(1.0),N_A,TR_BILL_91_DAY,W,2012,2011,0,2012-02-03,INR,11438960000
RBI:AVG_TURNOVER_RN(1.0),N_A,TRI_REPO,W,2012,2011,0,2012-01-27,INR,501144400000
RBI:AVG_TURNOVER_RN(1.0),N_A,TR_BILL_182_DAY,W,2012,2011,0,2012-01-27,INR,1617000000
RBI:AVG_TURNOVER_RN(1.0),N_A,TERM_MONEY,W,2012,2011,0,2012-01-27,INR,6724000000
RBI:AVG_TURNOVER_RN(1.0),N_A,TR_BILL_364_DAY,W,2012,2011,0,2012-01-27,INR,1025000000
RBI:AVG_TURNOVER_RN(1.0),N_A,NOTICE_MONEY,W,2012,2011,0,2012-01-27,INR,83371600000
RBI:AVG_TURNOVER_RN(1.0),N_A,FOREX,W,2012,2011,0,2012-01-27,INR,55897750000
RBI:AVG_TURNOVER_RN(1.0),N_A,GOVT_SEC,W,2012,2011,0,2012-01-27,INR,487786209999.99994
RBI:AVG_TURNOVER_RN(1.0),N_A,MKT_REPO,W,2012,2011,0,2012-01-27,INR,343332080000
RBI:AVG_TURNOVER_RN(1.0),N_A,GOVT_SEC_RBI,W,2012,2011,0,2012-01-27,INR,26425000000
RBI:AVG_TURNOVER_RN(1.0),N_A,CALL_MONEY,W,2012,2011,0,2012-01-27,INR,267156679999.99997
RBI:AVG_TURNOVER_RN(1.0),N_A,TR_BILL_91_DAY,W,2012,2011,0,2012-01-27,INR,9741675000
RBI:AVG_TURNOVER_RN(1.0),N_A,STATE_GOVT_SEC,W,2012,2011,0,2012-01-27,INR,7632050000
RBI:AVG_TURNOVER_RN(1.0),N_A,TR_BILL_91_DAY,W,2012,2011,0,2012-01-20,INR,13030580000
RBI:AVG_TURNOVER_RN(1.0),N_A,NOTICE_MONEY,W,2012,2011,0,2012-01-20,INR,77807966666.66666
RBI:AVG_TURNOVER_RN(1.0),N_A,GOVT_SEC_RBI,W,2012,2011,0,2012-01-20,INR,26220000000
RBI:AVG_TURNOVER_RN(1.0),N_A,GOVT_SEC,W,2012,2011,0,2012-01-20,INR,445777531880.00006
RBI:AVG_TURNOVER_RN(1.0),N_A,TRI_REPO,W,2012,2011,0,2012-01-20,INR,511954333333.33325
RBI:AVG_TURNOVER_RN(1.0),N_A,TR_BILL_182_DAY,W,2012,2011,0,2012-01-20,INR,11575010000
RBI:AVG_TURNOVER_RN(1.0),N_A,CALL_MONEY,W,2012,2011,0,2012-01-20,INR,301269500000
RBI:AVG_TURNOVER_RN(1.0),N_A,TERM_MONEY,W,2012,2011,0,2012-01-20,INR,3391666666.666667
RBI:AVG_TURNOVER_RN(1.0),N_A,FOREX,W,2012,2011,0,2012-01-20,INR,38231800000
RBI:AVG_TURNOVER_RN(1.0),N_A,TR_BILL_364_DAY,W,2012,2011,0,2012-01-20,INR,13821940000
RBI:AVG_TURNOVER_RN(1.0),N_A,STATE_GOVT_SEC,W,2012,2011,0,2012-01-20,INR,4592100000
RBI:AVG_TURNOVER_RN(1.0),N_A,MKT_REPO,W,2012,2011,0,2012-01-20,INR,328419533333.3333
RBI:AVG_TURNOVER_RN(1.0),N_A,GOVT_SEC,W,2012,2011,0,2012-01-13,INR,506556863999.99994
RBI:AVG_TURNOVER_RN(1.0),N_A,TRI_REPO,W,2012,2011,0,2012-01-13,INR,544668666666.6667
RBI:AVG_TURNOVER_RN(1.0),N_A,FOREX,W,2012,2011,0,2012-01-13,INR,40373600000
RBI:AVG_TURNOVER_RN(1.0),N_A,GOVT_SEC_RBI,W,2012,2011,0,2012-01-13,INR,20000000000
RBI:AVG_TURNOVER_RN(1.0),N_A,MKT_REPO,W,2012,2011,0,2012-01-13,INR,460262066666.6666
RBI:AVG_TURNOVER_RN(1.0),N_A,TR_BILL_182_DAY,W,2012,2011,0,2012-01-13,INR,4536000000
RBI:AVG_TURNOVER_RN(1.0),N_A,NOTICE_MONEY,W,2012,2011,0,2012-01-13,INR,73119133333.33334
RBI:AVG_TURNOVER_RN(1.0),N_A,TR_BILL_364_DAY,W,2012,2011,0,2012-01-13,INR,28172000000
RBI:AVG_TURNOVER_RN(1.0),N_A,TERM_MONEY,W,2012,2011,0,2012-01-13,INR,8823666666.666666
RBI:AVG_TURNOVER_RN(1.0),N_A,STATE_GOVT_SEC,W,2012,2011,0,2012-01-13,INR,8255971999.999999
RBI:AVG_TURNOVER_RN(1.0),N_A,TR_BILL_91_DAY,W,2012,2011,0,2012-01-13,INR,9616600000
RBI:AVG_TURNOVER_RN(1.0),N_A,CALL_MONEY,W,2012,2011,0,2012-01-13,INR,260333666666.6667
RBI:AVG_TURNOVER_RN(1.0),N_A,FOREX,W,2012,2011,0,2012-01-06,INR,30331000000
RBI:AVG_TURNOVER_RN(1.0),N_A,MKT_REPO,W,2012,2011,0,2012-01-06,INR,276568933333.3333
RBI:AVG_TURNOVER_RN(1.0),N_A,GOVT_SEC,W,2012,2011,0,2012-01-06,INR,524707476000
RBI:AVG_TURNOVER_RN(1.0),N_A,GOVT_SEC_RBI,W,2012,2011,0,2012-01-06,INR,5779999999.999999
RBI:AVG_TURNOVER_RN(1.0),N_A,NOTICE_MONEY,W,2012,2011,0,2012-01-06,INR,62375400000
RBI:AVG_TURNOVER_RN(1.0),N_A,TR_BILL_364_DAY,W,2012,2011,0,2012-01-06,INR,16358580000
RBI:AVG_TURNOVER_RN(1.0),N_A,TR_BILL_91_DAY,W,2012,2011,0,2012-01-06,INR,15351540000
RBI:AVG_TURNOVER_RN(1.0),N_A,TR_BILL_182_DAY,W,2012,2011,0,2012-01-06,INR,9908400000
RBI:AVG_TURNOVER_RN(1.0),N_A,CALL_MONEY,W,2012,2011,0,2012-01-06,INR,252493733333.33334
RBI:AVG_TURNOVER_RN(1.0),N_A,TERM_MONEY,W,2012,2011,0,2012-01-06,INR,11465000000
RBI:AVG_TURNOVER_RN(1.0),N_A,STATE_GOVT_SEC,W,2012,2011,0,2012-01-06,INR,5444868000
RBI:AVG_TURNOVER_RN(1.0),N_A,TRI_REPO,W,2012,2011,0,2012-01-06,INR,619430833333.3334
RBI:AVG_TURNOVER_RN(1.0),N_A,CALL_MONEY,W,2012,2011,0,2011-12-30,INR,290849933333.3333
RBI:AVG_TURNOVER_RN(1.0),N_A,NOTICE_MONEY,W,2012,2011,0,2011-12-30,INR,72552800000
RBI:AVG_TURNOVER_RN(1.0),N_A,GOVT_SEC_RBI,W,2012,2011,0,2011-12-30,INR,19720000000
RBI:AVG_TURNOVER_RN(1.0),N_A,MKT_REPO,W,2012,2011,0,2011-12-30,INR,311347200000
RBI:AVG_TURNOVER_RN(1.0),N_A,TERM_MONEY,W,2012,2011,0,2011-12-30,INR,6548333333.333334
RBI:AVG_TURNOVER_RN(1.0),N_A,FOREX,W,2012,2011,0,2011-12-30,INR,39837200000
RBI:AVG_TURNOVER_RN(1.0),N_A,GOVT_SEC,W,2012,2011,0,2011-12-30,INR,298890804000
RBI:AVG_TURNOVER_RN(1.0),N_A,STATE_GOVT_SEC,W,2012,2011,0,2011-12-30,INR,2432928000
RBI:AVG_TURNOVER_RN(1.0),N_A,TRI_REPO,W,2012,2011,0,2011-12-30,INR,555725000000
RBI:AVG_TURNOVER_RN(1.0),N_A,TR_BILL_182_DAY,W,2012,2011,0,2011-12-30,INR,6916760000
RBI:AVG_TURNOVER_RN(1.0),N_A,TR_BILL_364_DAY,W,2012,2011,0,2011-12-30,INR,10307860000
RBI:AVG_TURNOVER_RN(1.0),N_A,TR_BILL_91_DAY,W,2012,2011,0,2011-12-30,INR,8704620000.000002
RBI:AVG_TURNOVER_RN(1.0),N_A,CALL_MONEY,W,2012,2011,0,2011-12-23,INR,324293533333.3333
RBI:AVG_TURNOVER_RN(1.0),N_A,STATE_GOVT_SEC,W,2012,2011,0,2011-12-23,INR,13689388000
RBI:AVG_TURNOVER_RN(1.0),N_A,TRI_REPO,W,2012,2011,0,2011-12-23,INR,455482666666.6666
RBI:AVG_TURNOVER_RN(1.0),N_A,TR_BILL_CASH_MNG_BILLS,W,2012,2011,0,2011-12-23,INR,20000000
RBI:AVG_TURNOVER_RN(1.0),N_A,MKT_REPO,W,2012,2011,0,2011-12-23,INR,335941133333.3334
RBI:AVG_TURNOVER_RN(1.0),N_A,TR_BILL_364_DAY,W,2012,2011,0,2011-12-23,INR,14522300000
RBI:AVG_TURNOVER_RN(1.0),N_A,GOVT_SEC,W,2012,2011,0,2011-12-23,INR,518009000000
RBI:AVG_TURNOVER_RN(1.0),N_A,GOVT_SEC_RBI,W,2012,2011,0,2011-12-23,INR,18559999999.999996
RBI:AVG_TURNOVER_RN(1.0),N_A,NOTICE_MONEY,W,2012,2011,0,2011-12-23,INR,79019500000
RBI:AVG_TURNOVER_RN(1.0),N_A,FOREX,W,2012,2011,0,2011-12-23,INR,30972800000
RBI:AVG_TURNOVER_RN(1.0),N_A,TR_BILL_91_DAY,W,2012,2011,0,2011-12-23,INR,9740920000
RBI:AVG_TURNOVER_RN(1.0),N_A,TERM_MONEY,W,2012,2011,0,2011-12-23,INR,3758333333.333333
RBI:AVG_TURNOVER_RN(1.0),N_A,TR_BILL_182_DAY,W,2012,2011,0,2011-12-23,INR,6783790000
RBI:AVG_TURNOVER_RN(1.0),N_A,TERM_MONEY,W,2012,2011,0,2011-12-16,INR,6793333333.333334
RBI:AVG_TURNOVER_RN(1.0),N_A,TR_BILL_91_DAY,W,2012,2011,0,2011-12-16,INR,17860660000
RBI:AVG_TURNOVER_RN(1.0),N_A,TR_BILL_CASH_MNG_BILLS,W,2012,2011,0,2011-12-16,INR,23000000
RBI:AVG_TURNOVER_RN(1.0),N_A,MKT_REPO,W,2012,2011,0,2011-12-16,INR,410781333333.3333
RBI:AVG_TURNOVER_RN(1.0),N_A,TRI_REPO,W,2012,2011,0,2011-12-16,INR,560068833333.3334
RBI:AVG_TURNOVER_RN(1.0),N_A,STATE_GOVT_SEC,W,2012,2011,0,2011-12-16,INR,8506092000.000001
RBI:AVG_TURNOVER_RN(1.0),N_A,NOTICE_MONEY,W,2012,2011,0,2011-12-16,INR,65710533333.333336
RBI:AVG_TURNOVER_RN(1.0),N_A,TR_BILL_364_DAY,W,2012,2011,0,2011-12-16,INR,10493260000
RBI:AVG_TURNOVER_RN(1.0),N_A,TR_BILL_182_DAY,W,2012,2011,0,2011-12-16,INR,16065560000
RBI:AVG_TURNOVER_RN(1.0),N_A,GOVT_SEC,W,2012,2011,0,2011-12-16,INR,419536476000.00006
RBI:AVG_TURNOVER_RN(1.0),N_A,FOREX,W,2012,2011,0,2011-12-16,INR,41782000000
RBI:AVG_TURNOVER_RN(1.0),N_A,CALL_MONEY,W,2012,2011,0,2011-12-16,INR,192278100000
RBI:AVG_TURNOVER_RN(1.0),N_A,TR_BILL_CASH_MNG_BILLS,W,2012,2011,0,2011-12-09,INR,673250000
RBI:AVG_TURNOVER_RN(1.0),N_A,TR_BILL_91_DAY,W,2012,2011,0,2011-12-09,INR,15502050000
RBI:AVG_TURNOVER_RN(1.0),N_A,TR_BILL_364_DAY,W,2012,2011,0,2011-12-09,INR,26308750000
RBI:AVG_TURNOVER_RN(1.0),N_A,CORPO_REPO,W,2012,2011,0,2011-12-09,INR,285000000
RBI:AVG_TURNOVER_RN(1.0),N_A,TERM_MONEY,W,2012,2011,0,2011-12-09,INR,8466000000
RBI:AVG_TURNOVER_RN(1.0),N_A,CALL_MONEY,W,2012,2011,0,2011-12-09,INR,148046799999.99997
RBI:AVG_TURNOVER_RN(1.0),N_A,TR_BILL_182_DAY,W,2012,2011,0,2011-12-09,INR,19542625000
RBI:AVG_TURNOVER_RN(1.0),N_A,GOVT_SEC,W,2012,2011,0,2011-12-09,INR,406796920000
RBI:AVG_TURNOVER_RN(1.0),N_A,NOTICE_MONEY,W,2012,2011,0,2011-12-09,INR,56763520000
RBI:AVG_TURNOVER_RN(1.0),N_A,FOREX,W,2012,2011,0,2011-12-09,INR,43220000000
RBI:AVG_TURNOVER_RN(1.0),N_A,GOVT_SEC_RBI,W,2012,2011,0,2011-12-09,INR,22875000000
RBI:AVG_TURNOVER_RN(1.0),N_A,STATE_GOVT_SEC,W,2012,2011,0,2011-12-09,INR,10716085000
RBI:AVG_TURNOVER_RN(1.0),N_A,TRI_REPO,W,2012,2011,0,2011-12-09,INR,632752600000
RBI:AVG_TURNOVER_RN(1.0),N_A,MKT_REPO,W,2012,2011,0,2011-12-09,INR,410216560000
RBI:AVG_TURNOVER_RN(1.0),N_A,TRI_REPO,W,2012,2011,0,2011-12-02,INR,550141000000
RBI:AVG_TURNOVER_RN(1.0),N_A,TR_BILL_182_DAY,W,2012,2011,0,2011-12-02,INR,9517380000
RBI:AVG_TURNOVER_RN(1.0),N_A,STATE_GOVT_SEC,W,2012,2011,0,2011-12-02,INR,2570215999.9999995
RBI:AVG_TURNOVER_RN(1.0),N_A,GOVT_SEC_RBI,W,2012,2011,0,2011-12-02,INR,11860000000
RBI:AVG_TURNOVER_RN(1.0),N_A,CORPO_REPO,W,2012,2011,0,2011-12-02,INR,201759999.99999997
RBI:AVG_TURNOVER_RN(1.0),N_A,CALL_MONEY,W,2012,2011,0,2011-12-02,INR,128614800000.00002
RBI:AVG_TURNOVER_RN(1.0),N_A,GOVT_SEC,W,2012,2011,0,2011-12-02,INR,300303599999.99994
RBI:AVG_TURNOVER_RN(1.0),N_A,MKT_REPO,W,2012,2011,0,2011-12-02,INR,643989333333.3333
RBI:AVG_TURNOVER_RN(1.0),N_A,TERM_MONEY,W,2012,2011,0,2011-12-02,INR,4548333333.333333
RBI:AVG_TURNOVER_RN(1.0),N_A,FOREX,W,2012,2011,0,2011-12-02,INR,45998200000
RBI:AVG_TURNOVER_RN(1.0),N_A,TR_BILL_91_DAY,W,2012,2011,0,2011-12-02,INR,13430080000
RBI:AVG_TURNOVER_RN(1.0),N_A,TR_BILL_CASH_MNG_BILLS,W,2012,2011,0,2011-12-02,INR,3051000000
RBI:AVG_TURNOVER_RN(1.0),N_A,TR_BILL_364_DAY,W,2012,2011,0,2011-12-02,INR,22054840000
RBI:AVG_TURNOVER_RN(1.0),N_A,NOTICE_MONEY,W,2012,2011,0,2011-12-02,INR,53648833333.333336
RBI:AVG_TURNOVER_RN(1.0),N_A,TR_BILL_91_DAY,W,2012,2011,0,2011-11-25,INR,5610000000
RBI:AVG_TURNOVER_RN(1.0),N_A,NOTICE_MONEY,W,2012,2011,0,2011-11-25,INR,41508366666.66667
RBI:AVG_TURNOVER_RN(1.0),N_A,GOVT_SEC_RBI,W,2012,2011,0,2011-11-25,INR,22146000000
RBI:AVG_TURNOVER_RN(1.0),N_A,GOVT_SEC,W,2012,2011,0,2011-11-25,INR,171052368000
RBI:AVG_TURNOVER_RN(1.0),N_A,TR_BILL_CASH_MNG_BILLS,W,2012,2011,0,2011-11-25,INR,2848320000
RBI:AVG_TURNOVER_RN(1.0),N_A,TR_BILL_182_DAY,W,2012,2011,0,2011-11-25,INR,5311110000
RBI:AVG_TURNOVER_RN(1.0),N_A,TRI_REPO,W,2012,2011,0,2011-11-25,INR,574385166666.6666
RBI:AVG_TURNOVER_RN(1.0),N_A,MKT_REPO,W,2012,2011,0,2011-11-25,INR,527235199999.99994
RBI:AVG_TURNOVER_RN(1.0),N_A,TR_BILL_364_DAY,W,2012,2011,0,2011-11-25,INR,1807210000
RBI:AVG_TURNOVER_RN(1.0),N_A,FOREX,W,2012,2011,0,2011-11-25,INR,51330800000
RBI:AVG_TURNOVER_RN(1.0),N_A,STATE_GOVT_SEC,W,2012,2011,0,2011-11-25,INR,4326040000
RBI:AVG_TURNOVER_RN(1.0),N_A,CALL_MONEY,W,2012,2011,0,2011-11-25,INR,199634366666.66666
RBI:AVG_TURNOVER_RN(1.0),N_A,CORPO_REPO,W,2012,2011,0,2011-11-25,INR,201360000.00000003
RBI:AVG_TURNOVER_RN(1.0),N_A,TERM_MONEY,W,2012,2011,0,2011-11-25,INR,4645000000
RBI:AVG_TURNOVER_RN(1.0),N_A,TR_BILL_CASH_MNG_BILLS,W,2012,2011,0,2011-11-18,INR,1404400000
RBI:AVG_TURNOVER_RN(1.0),N_A,NOTICE_MONEY,W,2012,2011,0,2011-11-18,INR,62052933333.33334
RBI:AVG_TURNOVER_RN(1.0),N_A,CALL_MONEY,W,2012,2011,0,2011-11-18,INR,144567500000
RBI:AVG_TURNOVER_RN(1.0),N_A,FOREX,W,2012,2011,0,2011-11-18,INR,42373800000
RBI:AVG_TURNOVER_RN(1.0),N_A,MKT_REPO,W,2012,2011,0,2011-11-18,INR,530835400000
RBI:AVG_TURNOVER_RN(1.0),N_A,GOVT_SEC,W,2012,2011,0,2011-11-18,INR,263087860000
RBI:AVG_TURNOVER_RN(1.0),N_A,TRI_REPO,W,2012,2011,0,2011-11-18,INR,657770333333.3334
RBI:AVG_TURNOVER_RN(1.0),N_A,STATE_GOVT_SEC,W,2012,2011,0,2011-11-18,INR,3262596000
RBI:AVG_TURNOVER_RN(1.0),N_A,TR_BILL_182_DAY,W,2012,2011,0,2011-11-18,INR,5880400000
RBI:AVG_TURNOVER_RN(1.0),N_A,GOVT_SEC_RBI,W,2012,2011,0,2011-11-18,INR,266000000
RBI:AVG_TURNOVER_RN(1.0),N_A,TERM_MONEY,W,2012,2011,0,2011-11-18,INR,1608333333.3333335
RBI:AVG_TURNOVER_RN(1.0),N_A,TR_BILL_364_DAY,W,2012,2011,0,2011-11-18,INR,9496600000
RBI:AVG_TURNOVER_RN(1.0),N_A,TR_BILL_91_DAY,W,2012,2011,0,2011-11-18,INR,6102410000
RBI:AVG_TURNOVER_RN(1.0),N_A,TERM_MONEY,W,2012,2011,0,2011-11-11,INR,3373500000
RBI:AVG_TURNOVER_RN(1.0),N_A,STATE_GOVT_SEC,W,2012,2011,0,2011-11-11,INR,5800406666.666667
RBI:AVG_TURNOVER_RN(1.0),N_A,TR_BILL_182_DAY,W,2012,2011,0,2011-11-11,INR,3532666666.6666665
RBI:AVG_TURNOVER_RN(1.0),N_A,CALL_MONEY,W,2012,2011,0,2011-11-11,INR,164404900000.00003
RBI:AVG_TURNOVER_RN(1.0),N_A,TR_BILL_CASH_MNG_BILLS,W,2012,2011,0,2011-11-11,INR,8540183333.333333
RBI:AVG_TURNOVER_RN(1.0),N_A,MKT_REPO,W,2012,2011,0,2011-11-11,INR,344470300000
RBI:AVG_TURNOVER_RN(1.0),N_A,GOVT_SEC_RBI,W,2012,2011,0,2011-11-11,INR,200000000
RBI:AVG_TURNOVER_RN(1.0),N_A,TR_BILL_364_DAY,W,2012,2011,0,2011-11-11,INR,3235333333.3333335
RBI:AVG_TURNOVER_RN(1.0),N_A,TRI_REPO,W,2012,2011,0,2011-11-11,INR,584409500000
RBI:AVG_TURNOVER_RN(1.0),N_A,FOREX,W,2012,2011,0,2011-11-11,INR,39587333333.33334
RBI:AVG_TURNOVER_RN(1.0),N_A,NOTICE_MONEY,W,2012,2011,0,2011-11-11,INR,75752050000
RBI:AVG_TURNOVER_RN(1.0),N_A,TR_BILL_91_DAY,W,2012,2011,0,2011-11-11,INR,4876650000
RBI:AVG_TURNOVER_RN(1.0),N_A,GOVT_SEC,W,2012,2011,0,2011-11-11,INR,177879786666.66666
RBI:AVG_TURNOVER_RN(1.0),N_A,NOTICE_MONEY,W,2012,2011,0,2011-11-04,INR,58822900000
RBI:AVG_TURNOVER_RN(1.0),N_A,TR_BILL_CASH_MNG_BILLS,W,2012,2011,0,2011-11-04,INR,2343460000
RBI:AVG_TURNOVER_RN(1.0),N_A,GOVT_SEC,W,2012,2011,0,2011-11-04,INR,221593568000.00003
RBI:AVG_TURNOVER_RN(1.0),N_A,TR_BILL_182_DAY,W,2012,2011,0,2011-11-04,INR,3629320000
RBI:AVG_TURNOVER_RN(1.0),N_A,TERM_MONEY,W,2012,2011,0,2011-11-04,INR,6216666666.666666
RBI:AVG_TURNOVER_RN(1.0),N_A,GOVT_SEC_RBI,W,2012,2011,0,2011-11-04,INR,198000000
RBI:AVG_TURNOVER_RN(1.0),N_A,FOREX,W,2012,2011,0,2011-11-04,INR,40159800000
RBI:AVG_TURNOVER_RN(1.0),N_A,TRI_REPO,W,2012,2011,0,2011-11-04,INR,823710166666.6666
RBI:AVG_TURNOVER_RN(1.0),N_A,TR_BILL_364_DAY,W,2012,2011,0,2011-11-04,INR,5995390000
RBI:AVG_TURNOVER_RN(1.0),N_A,MKT_REPO,W,2012,2011,0,2011-11-04,INR,622974200000
RBI:AVG_TURNOVER_RN(1.0),N_A,TR_BILL_91_DAY,W,2012,2011,0,2011-11-04,INR,12728500000
RBI:AVG_TURNOVER_RN(1.0),N_A,STATE_GOVT_SEC,W,2012,2011,0,2011-11-04,INR,1205076000
RBI:AVG_TURNOVER_RN(1.0),N_A,CALL_MONEY,W,2012,2011,0,2011-11-04,INR,184171200000
RBI:AVG_TURNOVER_RN(1.0),N_A,TR_BILL_CASH_MNG_BILLS,W,2012,2011,0,2011-10-28,INR,6542716666.666666
RBI:AVG_TURNOVER_RN(1.0),N_A,TERM_MONEY,W,2012,2011,0,2011-10-28,INR,3707500000
RBI:AVG_TURNOVER_RN(1.0),N_A,GOVT_SEC_RBI,W,2012,2011,0,2011-10-28,INR,1786699999.9999998
RBI:AVG_TURNOVER_RN(1.0),N_A,GOVT_SEC,W,2012,2011,0,2011-10-28,INR,180568080000
RBI:AVG_TURNOVER_RN(1.0),N_A,NOTICE_MONEY,W,2012,2011,0,2011-10-28,INR,89679250000
RBI:AVG_TURNOVER_RN(1.0),N_A,MKT_REPO,W,2012,2011,0,2011-10-28,INR,476210700000
RBI:AVG_TURNOVER_RN(1.0),N_A,FOREX,W,2012,2011,0,2011-10-28,INR,42409333333.33334
RBI:AVG_TURNOVER_RN(1.0),N_A,STATE_GOVT_SEC,W,2012,2011,0,2011-10-28,INR,1520859999.9999998
RBI:AVG_TURNOVER_RN(1.0),N_A,TR_BILL_91_DAY,W,2012,2011,0,2011-10-28,INR,10010750000
RBI:AVG_TURNOVER_RN(1.0),N_A,TRI_REPO,W,2012,2011,0,2011-10-28,INR,645417500000
RBI:AVG_TURNOVER_RN(1.0),N_A,CALL_MONEY,W,2012,2011,0,2011-10-28,INR,190572949999.99997
RBI:AVG_TURNOVER_RN(1.0),N_A,TR_BILL_364_DAY,W,2012,2011,0,2011-10-28,INR,3293666666.6666665
RBI:AVG_TURNOVER_RN(1.0),N_A,TR_BILL_182_DAY,W,2012,2011,0,2011-10-28,INR,4840433333.333334
RBI:AVG_TURNOVER_RN(1.0),N_A,TR_BILL_91_DAY,W,2012,2011,0,2011-10-21,INR,2488090000.0000005
RBI:AVG_TURNOVER_RN(1.0),N_A,TR_BILL_182_DAY,W,2012,2011,0,2011-10-21,INR,2367790000
RBI:AVG_TURNOVER_RN(1.0),N_A,TERM_MONEY,W,2012,2011,0,2011-10-21,INR,2261666666.6666665
RBI:AVG_TURNOVER_RN(1.0),N_A,STATE_GOVT_SEC,W,2012,2011,0,2011-10-21,INR,4285351999.9999995
RBI:AVG_TURNOVER_RN(1.0),N_A,GOVT_SEC_RBI,W,2012,2011,0,2011-10-21,INR,843260000.0000001
RBI:AVG_TURNOVER_RN(1.0),N_A,FOREX,W,2012,2011,0,2011-10-21,INR,41078600000
RBI:AVG_TURNOVER_RN(1.0),N_A,GOVT_SEC,W,2012,2011,0,2011-10-21,INR,221375156000
RBI:AVG_TURNOVER_RN(1.0),N_A,TR_BILL_CASH_MNG_BILLS,W,2012,2011,0,2011-10-21,INR,8023760000
RBI:AVG_TURNOVER_RN(1.0),N_A,TRI_REPO,W,2012,2011,0,2011-10-21,INR,822314500000
RBI:AVG_TURNOVER_RN(1.0),N_A,CALL_MONEY,W,2012,2011,0,2011-10-21,INR,166708033333.33334
RBI:AVG_TURNOVER_RN(1.0),N_A,TR_BILL_364_DAY,W,2012,2011,0,2011-10-21,INR,6211240000
RBI:AVG_TURNOVER_RN(1.0),N_A,MKT_REPO,W,2012,2011,0,2011-10-21,INR,613690000000
RBI:AVG_TURNOVER_RN(1.0),N_A,NOTICE_MONEY,W,2012,2011,0,2011-10-21,INR,53201466666.666664
RBI:AVG_TURNOVER_RN(1.0),N_A,NOTICE_MONEY,W,2012,2011,0,2011-10-14,INR,53288700000
RBI:AVG_TURNOVER_RN(1.0),N_A,GOVT_SEC_RBI,W,2012,2011,0,2011-10-14,INR,177719999.99999997
RBI:AVG_TURNOVER_RN(1.0),N_A,GOVT_SEC,W,2012,2011,0,2011-10-14,INR,206830776000
RBI:AVG_TURNOVER_RN(1.0),N_A,STATE_GOVT_SEC,W,2012,2011,0,2011-10-14,INR,3431336000
RBI:AVG_TURNOVER_RN(1.0),N_A,TRI_REPO,W,2012,2011,0,2011-10-14,INR,986682333333.3334
RBI:AVG_TURNOVER_RN(1.0),N_A,TERM_MONEY,W,2012,2011,0,2011-10-14,INR,5921833333.333333
RBI:AVG_TURNOVER_RN(1.0),N_A,TR_BILL_182_DAY,W,2012,2011,0,2011-10-14,INR,3981360000.0000005
RBI:AVG_TURNOVER_RN(1.0),N_A,CALL_MONEY,W,2012,2011,0,2011-10-14,INR,255448933333.3333
RBI:AVG_TURNOVER_RN(1.0),N_A,TR_BILL_91_DAY,W,2012,2011,0,2011-10-14,INR,12825370000
RBI:AVG_TURNOVER_RN(1.0),N_A,TR_BILL_364_DAY,W,2012,2011,0,2011-10-14,INR,4803010000
RBI:AVG_TURNOVER_RN(1.0),N_A,MKT_REPO,W,2012,2011,0,2011-10-14,INR,486104666666.6667
RBI:AVG_TURNOVER_RN(1.0),N_A,FOREX,W,2012,2011,0,2011-10-14,INR,34356600000
RBI:AVG_TURNOVER_RN(1.0),N_A,TR_BILL_364_DAY,W,2012,2011,0,2011-10-07,INR,7399562500
RBI:AVG_TURNOVER_RN(1.0),N_A,FOREX,W,2012,2011,0,2011-10-07,INR,41180250000
RBI:AVG_TURNOVER_RN(1.0),N_A,NOTICE_MONEY,W,2012,2011,0,2011-10-07,INR,82354440000
RBI:AVG_TURNOVER_RN(1.0),N_A,GOVT_SEC,W,2012,2011,0,2011-10-07,INR,208351250000
RBI:AVG_TURNOVER_RN(1.0),N_A,MKT_REPO,W,2012,2011,0,2011-10-07,INR,596499840000
RBI:AVG_TURNOVER_RN(1.0),N_A,TR_BILL_91_DAY,W,2012,2011,0,2011-10-07,INR,23147575000
RBI:AVG_TURNOVER_RN(1.0),N_A,TRI_REPO,W,2012,2011,0,2011-10-07,INR,931285800000
RBI:AVG_TURNOVER_RN(1.0),N_A,GOVT_SEC_RBI,W,2012,2011,0,2011-10-07,INR,947850000
RBI:AVG_TURNOVER_RN(1.0),N_A,TR_BILL_182_DAY,W,2012,2011,0,2011-10-07,INR,5225000000
RBI:AVG_TURNOVER_RN(1.0),N_A,TERM_MONEY,W,2012,2011,0,2011-10-07,INR,6966800000.000001
RBI:AVG_TURNOVER_RN(1.0),N_A,STATE_GOVT_SEC,W,2012,2011,0,2011-10-07,INR,5616780000
RBI:AVG_TURNOVER_RN(1.0),N_A,CALL_MONEY,W,2012,2011,0,2011-10-07,INR,168154800000
RBI:AVG_TURNOVER_RN(1.0),N_A,TRI_REPO,W,2012,2011,0,2011-09-30,INR,913454000000
RBI:AVG_TURNOVER_RN(1.0),N_A,MKT_REPO,W,2012,2011,0,2011-09-30,INR,398046320000
RBI:AVG_TURNOVER_RN(1.0),N_A,FOREX,W,2012,2011,0,2011-09-30,INR,53415500000
RBI:AVG_TURNOVER_RN(1.0),N_A,GOVT_SEC_RBI,W,2012,2011,0,2011-09-30,INR,8325000.000000001
RBI:AVG_TURNOVER_RN(1.0),N_A,TR_BILL_91_DAY,W,2012,2011,0,2011-09-30,INR,25828437500
RBI:AVG_TURNOVER_RN(1.0),N_A,NOTICE_MONEY,W,2012,2011,0,2011-09-30,INR,42199160000
RBI:AVG_TURNOVER_RN(1.0),N_A,TERM_MONEY,W,2012,2011,0,2011-09-30,INR,6593199999.999999
RBI:AVG_TURNOVER_RN(1.0),N_A,TR_BILL_364_DAY,W,2012,2011,0,2011-09-30,INR,3159250000
RBI:AVG_TURNOVER_RN(1.0),N_A,GOVT_SEC,W,2012,2011,0,2011-09-30,INR,221712922000.00003
RBI:AVG_TURNOVER_RN(1.0),N_A,STATE_GOVT_SEC,W,2012,2011,0,2011-09-30,INR,1348760000
RBI:AVG_TURNOVER_RN(1.0),N_A,TR_BILL_182_DAY,W,2012,2011,0,2011-09-30,INR,3424775000
RBI:AVG_TURNOVER_RN(1.0),N_A,CALL_MONEY,W,2012,2011,0,2011-09-30,INR,201802880000
RBI:AVG_TURNOVER_RN(1.0),N_A,TR_BILL_CASH_MNG_BILLS,W,2012,2011,0,2011-09-23,INR,452000000
RBI:AVG_TURNOVER_RN(1.0),N_A,TRI_REPO,W,2012,2011,0,2011-09-23,INR,870174833333.3334
RBI:AVG_TURNOVER_RN(1.0),N_A,TR_BILL_182_DAY,W,2012,2011,0,2011-09-23,INR,840780000
RBI:AVG_TURNOVER_RN(1.0),N_A,FOREX,W,2012,2011,0,2011-09-23,INR,50832800000
RBI:AVG_TURNOVER_RN(1.0),N_A,MKT_REPO,W,2012,2011,0,2011-09-23,INR,596702066666.6666
RBI:AVG_TURNOVER_RN(1.0),N_A,GOVT_SEC,W,2012,2011,0,2011-09-23,INR,220529979999.99997
RBI:AVG_TURNOVER_RN(1.0),N_A,TR_BILL_364_DAY,W,2012,2011,0,2011-09-23,INR,4934280000
RBI:AVG_TURNOVER_RN(1.0),N_A,GOVT_SEC_RBI,W,2012,2011,0,2011-09-23,INR,464379999.99999994
RBI:AVG_TURNOVER_RN(1.0),N_A,NOTICE_MONEY,W,2012,2011,0,2011-09-23,INR,49662366666.666664
RBI:AVG_TURNOVER_RN(1.0),N_A,CALL_MONEY,W,2012,2011,0,2011-09-23,INR,244081733333.33337
RBI:AVG_TURNOVER_RN(1.0),N_A,STATE_GOVT_SEC,W,2012,2011,0,2011-09-23,INR,3341532000
RBI:AVG_TURNOVER_RN(1.0),N_A,TR_BILL_91_DAY,W,2012,2011,0,2011-09-23,INR,22846670000
RBI:AVG_TURNOVER_RN(1.0),N_A,TERM_MONEY,W,2012,2011,0,2011-09-23,INR,7508166666.666666
RBI:AVG_TURNOVER_RN(1.0),N_A,TRI_REPO,W,2012,2011,0,2011-09-16,INR,840818499999.9999
RBI:AVG_TURNOVER_RN(1.0),N_A,TR_BILL_182_DAY,W,2012,2011,0,2011-09-16,INR,4540470000
RBI:AVG_TURNOVER_RN(1.0),N_A,TERM_MONEY,W,2012,2011,0,2011-09-16,INR,5812666666.666667
RBI:AVG_TURNOVER_RN(1.0),N_A,FOREX,W,2012,2011,0,2011-09-16,INR,44387400000
RBI:AVG_TURNOVER_RN(1.0),N_A,TR_BILL_CASH_MNG_BILLS,W,2012,2011,0,2011-09-16,INR,1550000000
RBI:AVG_TURNOVER_RN(1.0),N_A,NOTICE_MONEY,W,2012,2011,0,2011-09-16,INR,65194666666.66667
RBI:AVG_TURNOVER_RN(1.0),N_A,TR_BILL_91_DAY,W,2012,2011,0,2011-09-16,INR,14289920000
RBI:AVG_TURNOVER_RN(1.0),N_A,MKT_REPO,W,2012,2011,0,2011-09-16,INR,494588066666.6667
RBI:AVG_TURNOVER_RN(1.0),N_A,TR_BILL_364_DAY,W,2012,2011,0,2011-09-16,INR,2622400000
RBI:AVG_TURNOVER_RN(1.0),N_A,CALL_MONEY,W,2012,2011,0,2011-09-16,INR,236298566666.6667
RBI:AVG_TURNOVER_RN(1.0),N_A,STATE_GOVT_SEC,W,2012,2011,0,2011-09-16,INR,3909615999.9999995
RBI:AVG_TURNOVER_RN(1.0),N_A,GOVT_SEC,W,2012,2011,0,2011-09-16,INR,255138784000.00003
RBI:AVG_TURNOVER_RN(1.0),N_A,TERM_MONEY,W,2012,2011,0,2011-09-09,INR,6187833333.333333
RBI:AVG_TURNOVER_RN(1.0),N_A,GOVT_SEC,W,2012,2011,0,2011-09-09,INR,273648615999.99997
RBI:AVG_TURNOVER_RN(1.0),N_A,TR_BILL_182_DAY,W,2012,2011,0,2011-09-09,INR,762600000
RBI:AVG_TURNOVER_RN(1.0),N_A,MKT_REPO,W,2012,2011,0,2011-09-09,INR,670510399999.9999
RBI:AVG_TURNOVER_RN(1.0),N_A,CALL_MONEY,W,2012,2011,0,2011-09-09,INR,179899433333.3333
RBI:AVG_TURNOVER_RN(1.0),N_A,TR_BILL_CASH_MNG_BILLS,W,2012,2011,0,2011-09-09,INR,2622800000.0000005
RBI:AVG_TURNOVER_RN(1.0),N_A,GOVT_SEC_RBI,W,2012,2011,0,2011-09-09,INR,652380000
RBI:AVG_TURNOVER_RN(1.0),N_A,NOTICE_MONEY,W,2012,2011,0,2011-09-09,INR,67270166666.666664
RBI:AVG_TURNOVER_RN(1.0),N_A,TR_BILL_364_DAY,W,2012,2011,0,2011-09-09,INR,8061000000
RBI:AVG_TURNOVER_RN(1.0),N_A,STATE_GOVT_SEC,W,2012,2011,0,2011-09-09,INR,2347414000.0000005
RBI:AVG_TURNOVER_RN(1.0),N_A,TR_BILL_91_DAY,W,2012,2011,0,2011-09-09,INR,20824980000
RBI:AVG_TURNOVER_RN(1.0),N_A,TRI_REPO,W,2012,2011,0,2011-09-09,INR,966598166666.6666
RBI:AVG_TURNOVER_RN(1.0),N_A,FOREX,W,2012,2011,0,2011-09-09,INR,38527600000
RBI:AVG_TURNOVER_RN(1.0),N_A,GOVT_SEC_RBI,W,2012,2011,0,2011-09-02,INR,2248900000
RBI:AVG_TURNOVER_RN(1.0),N_A,FOREX,W,2012,2011,0,2011-09-02,INR,47648666666.66666
RBI:AVG_TURNOVER_RN(1.0),N_A,CALL_MONEY,W,2012,2011,0,2011-09-02,INR,150732900000
RBI:AVG_TURNOVER_RN(1.0),N_A,GOVT_SEC,W,2012,2011,0,2011-09-02,INR,255389473333.33334
RBI:AVG_TURNOVER_RN(1.0),N_A,MKT_REPO,W,2012,2011,0,2011-09-02,INR,567448300000
RBI:AVG_TURNOVER_RN(1.0),N_A,NOTICE_MONEY,W,2012,2011,0,2011-09-02,INR,82400950000
RBI:AVG_TURNOVER_RN(1.0),N_A,TERM_MONEY,W,2012,2011,0,2011-09-02,INR,9663250000
RBI:AVG_TURNOVER_RN(1.0),N_A,TR_BILL_CASH_MNG_BILLS,W,2012,2011,0,2011-09-02,INR,653333333.3333333
RBI:AVG_TURNOVER_RN(1.0),N_A,TR_BILL_91_DAY,W,2012,2011,0,2011-09-02,INR,17306883333.333332
RBI:AVG_TURNOVER_RN(1.0),N_A,TR_BILL_182_DAY,W,2012,2011,0,2011-09-02,INR,7752800000.000001
RBI:AVG_TURNOVER_RN(1.0),N_A,TR_BILL_364_DAY,W,2012,2011,0,2011-09-02,INR,3497933333.3333335
RBI:AVG_TURNOVER_RN(1.0),N_A,TRI_REPO,W,2012,2011,0,2011-09-02,INR,701859000000
RBI:AVG_TURNOVER_RN(1.0),N_A,STATE_GOVT_SEC,W,2012,2011,0,2011-09-02,INR,1055560000
RBI:AVG_TURNOVER_RN(1.0),N_A,GOVT_SEC_RBI,W,2012,2011,0,2011-08-26,INR,31919999.999999996
RBI:AVG_TURNOVER_RN(1.0),N_A,STATE_GOVT_SEC,W,2012,2011,0,2011-08-26,INR,3222104000
RBI:AVG_TURNOVER_RN(1.0),N_A,FOREX,W,2012,2011,0,2011-08-26,INR,44127200000
RBI:AVG_TURNOVER_RN(1.0),N_A,MKT_REPO,W,2012,2011,0,2011-08-26,INR,671893600000
RBI:AVG_TURNOVER_RN(1.0),N_A,TRI_REPO,W,2012,2011,0,2011-08-26,INR,780136833333.3334
RBI:AVG_TURNOVER_RN(1.0),N_A,NOTICE_MONEY,W,2012,2011,0,2011-08-26,INR,44655333333.333336
RBI:AVG_TURNOVER_RN(1.0),N_A,TR_BILL_CASH_MNG_BILLS,W,2012,2011,0,2011-08-26,INR,3283840000
RBI:AVG_TURNOVER_RN(1.0),N_A,GOVT_SEC,W,2012,2011,0,2011-08-26,INR,321841691999.99994
RBI:AVG_TURNOVER_RN(1.0),N_A,TERM_MONEY,W,2012,2011,0,2011-08-26,INR,2630000000
RBI:AVG_TURNOVER_RN(1.0),N_A,TR_BILL_91_DAY,W,2012,2011,0,2011-08-26,INR,12351579999.999998
RBI:AVG_TURNOVER_RN(1.0),N_A,CALL_MONEY,W,2012,2011,0,2011-08-26,INR,183513700000
RBI:AVG_TURNOVER_RN(1.0),N_A,TR_BILL_364_DAY,W,2012,2011,0,2011-08-26,INR,1371920000
RBI:AVG_TURNOVER_RN(1.0),N_A,TR_BILL_182_DAY,W,2012,2011,0,2011-08-26,INR,3095610000.0000005
RBI:AVG_TURNOVER_RN(1.0),N_A,TR_BILL_91_DAY,W,2012,2011,0,2011-08-19,INR,15480100000
RBI:AVG_TURNOVER_RN(1.0),N_A,TR_BILL_364_DAY,W,2012,2011,0,2011-08-19,INR,4466666666.666667
RBI:AVG_TURNOVER_RN(1.0),N_A,TR_BILL_182_DAY,W,2012,2011,0,2011-08-19,INR,4879416666.666667
RBI:AVG_TURNOVER_RN(1.0),N_A,CALL_MONEY,W,2012,2011,0,2011-08-19,INR,155901200000
RBI:AVG_TURNOVER_RN(1.0),N_A,FOREX,W,2012,2011,0,2011-08-19,INR,40981000000
RBI:AVG_TURNOVER_RN(1.0),N_A,NOTICE_MONEY,W,2012,2011,0,2011-08-19,INR,73157350000
RBI:AVG_TURNOVER_RN(1.0),N_A,MKT_REPO,W,2012,2011,0,2011-08-19,INR,555232200000
RBI:AVG_TURNOVER_RN(1.0),N_A,TR_BILL_CASH_MNG_BILLS,W,2012,2011,0,2011-08-19,INR,1378766666.6666667
RBI:AVG_TURNOVER_RN(1.0),N_A,TRI_REPO,W,2012,2011,0,2011-08-19,INR,834750250000
RBI:AVG_TURNOVER_RN(1.0),N_A,GOVT_SEC_RBI,W,2012,2011,0,2011-08-19,INR,1128800000
RBI:AVG_TURNOVER_RN(1.0),N_A,GOVT_SEC,W,2012,2011,0,2011-08-19,INR,264686720000.00003
RBI:AVG_TURNOVER_RN(1.0),N_A,STATE_GOVT_SEC,W,2012,2011,0,2011-08-19,INR,4067919999.9999995
RBI:AVG_TURNOVER_RN(1.0),N_A,TERM_MONEY,W,2012,2011,0,2011-08-19,INR,5397500000
RBI:AVG_TURNOVER_RN(1.0),N_A,NOTICE_MONEY,W,2012,2011,0,2011-08-12,INR,60273766666.66667
RBI:AVG_TURNOVER_RN(1.0),N_A,STATE_GOVT_SEC,W,2012,2011,0,2011-08-12,INR,3356148000.0000005
RBI:AVG_TURNOVER_RN(1.0),N_A,TR_BILL_91_DAY,W,2012,2011,0,2011-08-12,INR,9728709999.999998
RBI:AVG_TURNOVER_RN(1.0),N_A,GOVT_SEC,W,2012,2011,0,2011-08-12,INR,476029884000
RBI:AVG_TURNOVER_RN(1.0),N_A,CALL_MONEY,W,2012,2011,0,2011-08-12,INR,183169166666.6667
RBI:AVG_TURNOVER_RN(1.0),N_A,TR_BILL_364_DAY,W,2012,2011,0,2011-08-12,INR,4101560000.0000005
RBI:AVG_TURNOVER_RN(1.0),N_A,TR_BILL_182_DAY,W,2012,2011,0,2011-08-12,INR,1150800000
RBI:AVG_TURNOVER_RN(1.0),N_A,FOREX,W,2012,2011,0,2011-08-12,INR,52922200000
RBI:AVG_TURNOVER_RN(1.0),N_A,TRI_REPO,W,2012,2011,0,2011-08-12,INR,692731166666.6666
RBI:AVG_TURNOVER_RN(1.0),N_A,TR_BILL_CASH_MNG_BILLS,W,2012,2011,0,2011-08-12,INR,13318610000.000002
RBI:AVG_TURNOVER_RN(1.0),N_A,GOVT_SEC_RBI,W,2012,2011,0,2011-08-12,INR,88840000
RBI:AVG_TURNOVER_RN(1.0),N_A,MKT_REPO,W,2012,2011,0,2011-08-12,INR,574729800000
RBI:AVG_TURNOVER_RN(1.0),N_A,TERM_MONEY,W,2012,2011,0,2011-08-12,INR,6469333333.333333
RBI:AVG_TURNOVER_RN(1.0),N_A,TR_BILL_91_DAY,W,2012,2011,0,2011-08-05,INR,12788260000
RBI:AVG_TURNOVER_RN(1.0),N_A,TR_BILL_CASH_MNG_BILLS,W,2012,2011,0,2011-08-05,INR,9809500000
RBI:AVG_TURNOVER_RN(1.0),N_A,GOVT_SEC,W,2012,2011,0,2011-08-05,INR,208095355999.99997
RBI:AVG_TURNOVER_RN(1.0),N_A,GOVT_SEC_RBI,W,2012,2011,0,2011-08-05,INR,786540000
RBI:AVG_TURNOVER_RN(1.0),N_A,TR_BILL_182_DAY,W,2012,2011,0,2011-08-05,INR,3082000000
RBI:AVG_TURNOVER_RN(1.0),N_A,CALL_MONEY,W,2012,2011,0,2011-08-05,INR,143823533333.3333
RBI:AVG_TURNOVER_RN(1.0),N_A,STATE_GOVT_SEC,W,2012,2011,0,2011-08-05,INR,1707900000.0000005
RBI:AVG_TURNOVER_RN(1.0),N_A,NOTICE_MONEY,W,2012,2011,0,2011-08-05,INR,40122333333.333336
RBI:AVG_TURNOVER_RN(1.0),N_A,TRI_REPO,W,2012,2011,0,2011-08-05,INR,821784166666.6667
RBI:AVG_TURNOVER_RN(1.0),N_A,MKT_REPO,W,2012,2011,0,2011-08-05,INR,501228466666.66675
RBI:AVG_TURNOVER_RN(1.0),N_A,TR_BILL_364_DAY,W,2012,2011,0,2011-08-05,INR,5621000000
RBI:AVG_TURNOVER_RN(1.0),N_A,TERM_MONEY,W,2012,2011,0,2011-08-05,INR,2630000000
RBI:AVG_TURNOVER_RN(1.0),N_A,FOREX,W,2012,2011,0,2011-08-05,INR,40491000000
