DATAFLOW,AUDST,COMP_COUNT,FREQ,INDS_GRP_RN,PERF_IND_RN,REPYEAREND,REPYEARSTART,UNIT_MULT,TIME_PERIOD,UNIT_MEASURE,OBS_VALUE
RBI:PRF_LNGNFC_INDUS_ANN_RN(1.0),N_A,46,AFY,AGR_REL_ACT,DEPRC,2016,2015,0,2016-03-31,PT,9.626
RBI:PRF_LNGNFC_INDUS_ANN_RN(1.0),N_A,46,AFY,AGR_REL_ACT,EBITDA,2016,2015,0,2016-03-31,PT,-9.3475
RBI:PRF_LNGNFC_INDUS_ANN_RN(1.0),N_A,46,AFY,AGR_REL_ACT,EXPD,2016,2015,0,2016-03-31,PT,-0.7667
RBI:PRF_LNGNFC_INDUS_ANN_RN(1.0),N_A,46,AFY,AGR_REL_ACT,GROSS_PFT_EBIT,2016,2015,0,2016-03-31,PT,-15.1791
RBI:PRF_LNGNFC_INDUS_ANN_RN(1.0),N_A,46,AFY,AGR_REL_ACT,INT,2016,2015,0,2016-03-31,PT,-10.3556
RBI:PRF_LNGNFC_INDUS_ANN_RN(1.0),N_A,46,AFY,AGR_REL_ACT,NET_PFT,2016,2015,0,2016-03-31,PT,-42.7283
RBI:PRF_LNGNFC_INDUS_ANN_RN(1.0),N_A,46,AFY,AGR_REL_ACT,OPR_PFT,2016,2015,0,2016-03-31,PT,-19.9085
RBI:PRF_LNGNFC_INDUS_ANN_RN(1.0),N_A,46,AFY,AGR_REL_ACT,OTH_INC,2016,2015,0,2016-03-31,PT,29.0324
RBI:PRF_LNGNFC_INDUS_ANN_RN(1.0),N_A,46,AFY,AGR_REL_ACT,PC_SHARE_SAL,2016,2015,0,2016-03-31,PT,0.312065
RBI:PRF_LNGNFC_INDUS_ANN_RN(1.0),N_A,46,AFY,AGR_REL_ACT,SALES,2016,2015,0,2016-03-31,INR,93302300000
RBI:PRF_LNGNFC_INDUS_ANN_RN(1.0),N_A,46,AFY,AGR_REL_ACT,SALES,2016,2015,0,2016-03-31,PT,-1.0809
RBI:PRF_LNGNFC_INDUS_ANN_RN(1.0),N_A,46,AFY,AGR_REL_ACT,TAX_PROV,2016,2015,0,2016-03-31,PT,-67.118
RBI:PRF_LNGNFC_INDUS_ANN_RN(1.0),N_A,32,AFY,AGR_REL_ACT_OTH,DEPRC,2016,2015,0,2016-03-31,PT,18.0742
RBI:PRF_LNGNFC_INDUS_ANN_RN(1.0),N_A,32,AFY,AGR_REL_ACT_OTH,EBITDA,2016,2015,0,2016-03-31,PT,-13.7465
RBI:PRF_LNGNFC_INDUS_ANN_RN(1.0),N_A,32,AFY,AGR_REL_ACT_OTH,EXPD,2016,2015,0,2016-03-31,PT,-4.1908
RBI:PRF_LNGNFC_INDUS_ANN_RN(1.0),N_A,32,AFY,AGR_REL_ACT_OTH,GROSS_PFT_EBIT,2016,2015,0,2016-03-31,PT,-20.6
RBI:PRF_LNGNFC_INDUS_ANN_RN(1.0),N_A,32,AFY,AGR_REL_ACT_OTH,INT,2016,2015,0,2016-03-31,PT,-31.4095
RBI:PRF_LNGNFC_INDUS_ANN_RN(1.0),N_A,32,AFY,AGR_REL_ACT_OTH,NET_PFT,2016,2015,0,2016-03-31,PT,-29.4404
RBI:PRF_LNGNFC_INDUS_ANN_RN(1.0),N_A,32,AFY,AGR_REL_ACT_OTH,OPR_PFT,2016,2015,0,2016-03-31,PT,-19.5997
RBI:PRF_LNGNFC_INDUS_ANN_RN(1.0),N_A,32,AFY,AGR_REL_ACT_OTH,OTH_INC,2016,2015,0,2016-03-31,PT,19.5658
RBI:PRF_LNGNFC_INDUS_ANN_RN(1.0),N_A,32,AFY,AGR_REL_ACT_OTH,PC_SHARE_SAL,2016,2015,0,2016-03-31,PT,0.18802
RBI:PRF_LNGNFC_INDUS_ANN_RN(1.0),N_A,32,AFY,AGR_REL_ACT_OTH,SALES,2016,2015,0,2016-03-31,INR,56214800000
RBI:PRF_LNGNFC_INDUS_ANN_RN(1.0),N_A,32,AFY,AGR_REL_ACT_OTH,SALES,2016,2015,0,2016-03-31,PT,-4.2463
RBI:PRF_LNGNFC_INDUS_ANN_RN(1.0),N_A,32,AFY,AGR_REL_ACT_OTH,TAX_PROV,2016,2015,0,2016-03-31,PT,-85.233
RBI:PRF_LNGNFC_INDUS_ANN_RN(1.0),N_A,14,AFY,ARA_TCP,DEPRC,2016,2015,0,2016-03-31,PT,-0.0536
RBI:PRF_LNGNFC_INDUS_ANN_RN(1.0),N_A,14,AFY,ARA_TCP,EBITDA,2016,2015,0,2016-03-31,PT,1.3381
RBI:PRF_LNGNFC_INDUS_ANN_RN(1.0),N_A,14,AFY,ARA_TCP,EXPD,2016,2015,0,2016-03-31,PT,4.5476
RBI:PRF_LNGNFC_INDUS_ANN_RN(1.0),N_A,14,AFY,ARA_TCP,GROSS_PFT_EBIT,2016,2015,0,2016-03-31,PT,2.1755
RBI:PRF_LNGNFC_INDUS_ANN_RN(1.0),N_A,14,AFY,ARA_TCP,INT,2016,2015,0,2016-03-31,PT,23.7749
RBI:PRF_LNGNFC_INDUS_ANN_RN(1.0),N_A,14,AFY,ARA_TCP,NET_PFT,2016,2015,0,2016-03-31,PT,-103.3452
RBI:PRF_LNGNFC_INDUS_ANN_RN(1.0),N_A,14,AFY,ARA_TCP,OPR_PFT,2016,2015,0,2016-03-31,PT,-20.9322
RBI:PRF_LNGNFC_INDUS_ANN_RN(1.0),N_A,14,AFY,ARA_TCP,OTH_INC,2016,2015,0,2016-03-31,PT,38.1495
RBI:PRF_LNGNFC_INDUS_ANN_RN(1.0),N_A,14,AFY,ARA_TCP,PC_SHARE_SAL,2016,2015,0,2016-03-31,PT,0.124045
RBI:PRF_LNGNFC_INDUS_ANN_RN(1.0),N_A,14,AFY,ARA_TCP,SALES,2016,2015,0,2016-03-31,INR,37087500000
RBI:PRF_LNGNFC_INDUS_ANN_RN(1.0),N_A,14,AFY,ARA_TCP,SALES,2016,2015,0,2016-03-31,PT,4.1371
RBI:PRF_LNGNFC_INDUS_ANN_RN(1.0),N_A,14,AFY,ARA_TCP,TAX_PROV,2016,2015,0,2016-03-31,PT,-38.4562
RBI:PRF_LNGNFC_INDUS_ANN_RN(1.0),N_A,167,AFY,CONSTRN,DEPRC,2016,2015,0,2016-03-31,PT,-3.2168
RBI:PRF_LNGNFC_INDUS_ANN_RN(1.0),N_A,167,AFY,CONSTRN,EBITDA,2016,2015,0,2016-03-31,PT,-11.8178
RBI:PRF_LNGNFC_INDUS_ANN_RN(1.0),N_A,167,AFY,CONSTRN,EXPD,2016,2015,0,2016-03-31,PT,2.9927
RBI:PRF_LNGNFC_INDUS_ANN_RN(1.0),N_A,167,AFY,CONSTRN,GROSS_PFT_EBIT,2016,2015,0,2016-03-31,PT,-13.6109
RBI:PRF_LNGNFC_INDUS_ANN_RN(1.0),N_A,167,AFY,CONSTRN,INT,2016,2015,0,2016-03-31,PT,6.9793
RBI:PRF_LNGNFC_INDUS_ANN_RN(1.0),N_A,167,AFY,CONSTRN,OPR_PFT,2016,2015,0,2016-03-31,PT,-16.1315
RBI:PRF_LNGNFC_INDUS_ANN_RN(1.0),N_A,167,AFY,CONSTRN,OTH_INC,2016,2015,0,2016-03-31,PT,1.7151
RBI:PRF_LNGNFC_INDUS_ANN_RN(1.0),N_A,167,AFY,CONSTRN,PC_SHARE_SAL,2016,2015,0,2016-03-31,PT,5.968855
RBI:PRF_LNGNFC_INDUS_ANN_RN(1.0),N_A,167,AFY,CONSTRN,SALES,2016,2015,0,2016-03-31,INR,1784588800000
RBI:PRF_LNGNFC_INDUS_ANN_RN(1.0),N_A,167,AFY,CONSTRN,SALES,2016,2015,0,2016-03-31,PT,1.0288
RBI:PRF_LNGNFC_INDUS_ANN_RN(1.0),N_A,167,AFY,CONSTRN,TAX_PROV,2016,2015,0,2016-03-31,PT,15.4354
RBI:PRF_LNGNFC_INDUS_ANN_RN(1.0),N_A,21,AFY,ELC_GAS_SPLY,DEPRC,2016,2015,0,2016-03-31,PT,14.8778
RBI:PRF_LNGNFC_INDUS_ANN_RN(1.0),N_A,21,AFY,ELC_GAS_SPLY,EBITDA,2016,2015,0,2016-03-31,PT,21.7993
RBI:PRF_LNGNFC_INDUS_ANN_RN(1.0),N_A,21,AFY,ELC_GAS_SPLY,EXPD,2016,2015,0,2016-03-31,PT,-13.8116
RBI:PRF_LNGNFC_INDUS_ANN_RN(1.0),N_A,21,AFY,ELC_GAS_SPLY,GROSS_PFT_EBIT,2016,2015,0,2016-03-31,PT,23.5853
RBI:PRF_LNGNFC_INDUS_ANN_RN(1.0),N_A,21,AFY,ELC_GAS_SPLY,INT,2016,2015,0,2016-03-31,PT,21.6077
RBI:PRF_LNGNFC_INDUS_ANN_RN(1.0),N_A,21,AFY,ELC_GAS_SPLY,NET_PFT,2016,2015,0,2016-03-31,PT,22.6093
RBI:PRF_LNGNFC_INDUS_ANN_RN(1.0),N_A,21,AFY,ELC_GAS_SPLY,OPR_PFT,2016,2015,0,2016-03-31,PT,33.1432
RBI:PRF_LNGNFC_INDUS_ANN_RN(1.0),N_A,21,AFY,ELC_GAS_SPLY,OTH_INC,2016,2015,0,2016-03-31,PT,-9.4424
RBI:PRF_LNGNFC_INDUS_ANN_RN(1.0),N_A,21,AFY,ELC_GAS_SPLY,PC_SHARE_SAL,2016,2015,0,2016-03-31,PT,3.08319
RBI:PRF_LNGNFC_INDUS_ANN_RN(1.0),N_A,21,AFY,ELC_GAS_SPLY,SALES,2016,2015,0,2016-03-31,INR,921822800000
RBI:PRF_LNGNFC_INDUS_ANN_RN(1.0),N_A,21,AFY,ELC_GAS_SPLY,SALES,2016,2015,0,2016-03-31,PT,-6.5192
RBI:PRF_LNGNFC_INDUS_ANN_RN(1.0),N_A,21,AFY,ELC_GAS_SPLY,TAX_PROV,2016,2015,0,2016-03-31,PT,5.3548
RBI:PRF_LNGNFC_INDUS_ANN_RN(1.0),N_A,2932,AFY,INDS_GRP_ALL_COMP,DEPRC,2016,2015,0,2016-03-31,PT,4.9526
RBI:PRF_LNGNFC_INDUS_ANN_RN(1.0),N_A,2932,AFY,INDS_GRP_ALL_COMP,EBITDA,2016,2015,0,2016-03-31,PT,7.8764
RBI:PRF_LNGNFC_INDUS_ANN_RN(1.0),N_A,2932,AFY,INDS_GRP_ALL_COMP,EXPD,2016,2015,0,2016-03-31,PT,-4.3745
RBI:PRF_LNGNFC_INDUS_ANN_RN(1.0),N_A,2932,AFY,INDS_GRP_ALL_COMP,GROSS_PFT_EBIT,2016,2015,0,2016-03-31,PT,8.7526
RBI:PRF_LNGNFC_INDUS_ANN_RN(1.0),N_A,2932,AFY,INDS_GRP_ALL_COMP,INT,2016,2015,0,2016-03-31,PT,5.0068
RBI:PRF_LNGNFC_INDUS_ANN_RN(1.0),N_A,2932,AFY,INDS_GRP_ALL_COMP,NET_PFT,2016,2015,0,2016-03-31,PT,9.2933
RBI:PRF_LNGNFC_INDUS_ANN_RN(1.0),N_A,2932,AFY,INDS_GRP_ALL_COMP,OPR_PFT,2016,2015,0,2016-03-31,PT,10.2238
RBI:PRF_LNGNFC_INDUS_ANN_RN(1.0),N_A,2932,AFY,INDS_GRP_ALL_COMP,OTH_INC,2016,2015,0,2016-03-31,PT,-2.4146
RBI:PRF_LNGNFC_INDUS_ANN_RN(1.0),N_A,2932,AFY,INDS_GRP_ALL_COMP,PC_SHARE_SAL,2016,2015,0,2016-03-31,PT,100.0
RBI:PRF_LNGNFC_INDUS_ANN_RN(1.0),N_A,2932,AFY,INDS_GRP_ALL_COMP,SALES,2016,2015,0,2016-03-31,INR,29898344400000
RBI:PRF_LNGNFC_INDUS_ANN_RN(1.0),N_A,2932,AFY,INDS_GRP_ALL_COMP,SALES,2016,2015,0,2016-03-31,PT,-1.6035
RBI:PRF_LNGNFC_INDUS_ANN_RN(1.0),N_A,2932,AFY,INDS_GRP_ALL_COMP,TAX_PROV,2016,2015,0,2016-03-31,PT,2.2136
RBI:PRF_LNGNFC_INDUS_ANN_RN(1.0),N_A,203,AFY,IT_CSRS,DEPRC,2016,2015,0,2016-03-31,PT,0.1669
RBI:PRF_LNGNFC_INDUS_ANN_RN(1.0),N_A,203,AFY,IT_CSRS,EBITDA,2016,2015,0,2016-03-31,PT,9.5984
RBI:PRF_LNGNFC_INDUS_ANN_RN(1.0),N_A,203,AFY,IT_CSRS,EXPD,2016,2015,0,2016-03-31,PT,11.0076
RBI:PRF_LNGNFC_INDUS_ANN_RN(1.0),N_A,203,AFY,IT_CSRS,GROSS_PFT_EBIT,2016,2015,0,2016-03-31,PT,10.4573
RBI:PRF_LNGNFC_INDUS_ANN_RN(1.0),N_A,203,AFY,IT_CSRS,INT,2016,2015,0,2016-03-31,PT,0.5519
RBI:PRF_LNGNFC_INDUS_ANN_RN(1.0),N_A,203,AFY,IT_CSRS,NET_PFT,2016,2015,0,2016-03-31,PT,14.453
RBI:PRF_LNGNFC_INDUS_ANN_RN(1.0),N_A,203,AFY,IT_CSRS,OPR_PFT,2016,2015,0,2016-03-31,PT,11.8895
RBI:PRF_LNGNFC_INDUS_ANN_RN(1.0),N_A,203,AFY,IT_CSRS,OTH_INC,2016,2015,0,2016-03-31,PT,-1.0969
RBI:PRF_LNGNFC_INDUS_ANN_RN(1.0),N_A,203,AFY,IT_CSRS,PC_SHARE_SAL,2016,2015,0,2016-03-31,PT,8.947055
RBI:PRF_LNGNFC_INDUS_ANN_RN(1.0),N_A,203,AFY,IT_CSRS,SALES,2016,2015,0,2016-03-31,INR,2675021400000
RBI:PRF_LNGNFC_INDUS_ANN_RN(1.0),N_A,203,AFY,IT_CSRS,SALES,2016,2015,0,2016-03-31,PT,11.2899
RBI:PRF_LNGNFC_INDUS_ANN_RN(1.0),N_A,203,AFY,IT_CSRS,TAX_PROV,2016,2015,0,2016-03-31,PT,8.158
RBI:PRF_LNGNFC_INDUS_ANN_RN(1.0),N_A,47,AFY,MIN_N_QUARY,DEPRC,2016,2015,0,2016-03-31,PT,25.0022
RBI:PRF_LNGNFC_INDUS_ANN_RN(1.0),N_A,47,AFY,MIN_N_QUARY,EBITDA,2016,2015,0,2016-03-31,PT,31.9083
RBI:PRF_LNGNFC_INDUS_ANN_RN(1.0),N_A,47,AFY,MIN_N_QUARY,EXPD,2016,2015,0,2016-03-31,PT,-6.3478
RBI:PRF_LNGNFC_INDUS_ANN_RN(1.0),N_A,47,AFY,MIN_N_QUARY,GROSS_PFT_EBIT,2016,2015,0,2016-03-31,PT,33.7098
RBI:PRF_LNGNFC_INDUS_ANN_RN(1.0),N_A,47,AFY,MIN_N_QUARY,INT,2016,2015,0,2016-03-31,PT,-2.4987
RBI:PRF_LNGNFC_INDUS_ANN_RN(1.0),N_A,47,AFY,MIN_N_QUARY,OPR_PFT,2016,2015,0,2016-03-31,PT,-29.1942
RBI:PRF_LNGNFC_INDUS_ANN_RN(1.0),N_A,47,AFY,MIN_N_QUARY,PC_SHARE_SAL,2016,2015,0,2016-03-31,PT,1.439389
RBI:PRF_LNGNFC_INDUS_ANN_RN(1.0),N_A,47,AFY,MIN_N_QUARY,SALES,2016,2015,0,2016-03-31,INR,430353400000
RBI:PRF_LNGNFC_INDUS_ANN_RN(1.0),N_A,47,AFY,MIN_N_QUARY,SALES,2016,2015,0,2016-03-31,PT,-11.2591
RBI:PRF_LNGNFC_INDUS_ANN_RN(1.0),N_A,47,AFY,MIN_N_QUARY,TAX_PROV,2016,2015,0,2016-03-31,PT,-22.2274
RBI:PRF_LNGNFC_INDUS_ANN_RN(1.0),N_A,1885,AFY,MNF,DEPRC,2016,2015,0,2016-03-31,PT,1.6278
RBI:PRF_LNGNFC_INDUS_ANN_RN(1.0),N_A,1885,AFY,MNF,EBITDA,2016,2015,0,2016-03-31,PT,7.2256
RBI:PRF_LNGNFC_INDUS_ANN_RN(1.0),N_A,1885,AFY,MNF,EXPD,2016,2015,0,2016-03-31,PT,-6.5809
RBI:PRF_LNGNFC_INDUS_ANN_RN(1.0),N_A,1885,AFY,MNF,GROSS_PFT_EBIT,2016,2015,0,2016-03-31,PT,9.0649
RBI:PRF_LNGNFC_INDUS_ANN_RN(1.0),N_A,1885,AFY,MNF,INT,2016,2015,0,2016-03-31,PT,1.6649
RBI:PRF_LNGNFC_INDUS_ANN_RN(1.0),N_A,1885,AFY,MNF,NET_PFT,2016,2015,0,2016-03-31,PT,12.6029
RBI:PRF_LNGNFC_INDUS_ANN_RN(1.0),N_A,1885,AFY,MNF,OPR_PFT,2016,2015,0,2016-03-31,PT,9.6218
RBI:PRF_LNGNFC_INDUS_ANN_RN(1.0),N_A,1885,AFY,MNF,OTH_INC,2016,2015,0,2016-03-31,PT,-4.907
RBI:PRF_LNGNFC_INDUS_ANN_RN(1.0),N_A,1885,AFY,MNF,PC_SHARE_SAL,2016,2015,0,2016-03-31,PT,69.351142
RBI:PRF_LNGNFC_INDUS_ANN_RN(1.0),N_A,1885,AFY,MNF,SALES,2016,2015,0,2016-03-31,INR,20734843400000
RBI:PRF_LNGNFC_INDUS_ANN_RN(1.0),N_A,1885,AFY,MNF,SALES,2016,2015,0,2016-03-31,PT,-3.7468
RBI:PRF_LNGNFC_INDUS_ANN_RN(1.0),N_A,1885,AFY,MNF,TAX_PROV,2016,2015,0,2016-03-31,PT,3.3332
RBI:PRF_LNGNFC_INDUS_ANN_RN(1.0),N_A,39,AFY,MNF_CCP,DEPRC,2016,2015,0,2016-03-31,PT,12.1436
RBI:PRF_LNGNFC_INDUS_ANN_RN(1.0),N_A,39,AFY,MNF_CCP,EBITDA,2016,2015,0,2016-03-31,PT,2.9791
RBI:PRF_LNGNFC_INDUS_ANN_RN(1.0),N_A,39,AFY,MNF_CCP,EXPD,2016,2015,0,2016-03-31,PT,1.9704
RBI:PRF_LNGNFC_INDUS_ANN_RN(1.0),N_A,39,AFY,MNF_CCP,GROSS_PFT_EBIT,2016,2015,0,2016-03-31,PT,-1.2773
RBI:PRF_LNGNFC_INDUS_ANN_RN(1.0),N_A,39,AFY,MNF_CCP,INT,2016,2015,0,2016-03-31,PT,5.4863
RBI:PRF_LNGNFC_INDUS_ANN_RN(1.0),N_A,39,AFY,MNF_CCP,NET_PFT,2016,2015,0,2016-03-31,PT,-13.867
RBI:PRF_LNGNFC_INDUS_ANN_RN(1.0),N_A,39,AFY,MNF_CCP,OPR_PFT,2016,2015,0,2016-03-31,PT,3.4404
RBI:PRF_LNGNFC_INDUS_ANN_RN(1.0),N_A,39,AFY,MNF_CCP,OTH_INC,2016,2015,0,2016-03-31,PT,-1.2423
RBI:PRF_LNGNFC_INDUS_ANN_RN(1.0),N_A,39,AFY,MNF_CCP,PC_SHARE_SAL,2016,2015,0,2016-03-31,PT,3.339727
RBI:PRF_LNGNFC_INDUS_ANN_RN(1.0),N_A,39,AFY,MNF_CCP,SALES,2016,2015,0,2016-03-31,INR,998523100000
RBI:PRF_LNGNFC_INDUS_ANN_RN(1.0),N_A,39,AFY,MNF_CCP,SALES,2016,2015,0,2016-03-31,PT,3.0363
RBI:PRF_LNGNFC_INDUS_ANN_RN(1.0),N_A,39,AFY,MNF_CCP,TAX_PROV,2016,2015,0,2016-03-31,PT,25.8454
RBI:PRF_LNGNFC_INDUS_ANN_RN(1.0),N_A,67,AFY,MNF_CEE,DEPRC,2016,2015,0,2016-03-31,PT,-3.5982
RBI:PRF_LNGNFC_INDUS_ANN_RN(1.0),N_A,67,AFY,MNF_CEE,EBITDA,2016,2015,0,2016-03-31,PT,-22.8641
RBI:PRF_LNGNFC_INDUS_ANN_RN(1.0),N_A,67,AFY,MNF_CEE,EXPD,2016,2015,0,2016-03-31,PT,0.1281
RBI:PRF_LNGNFC_INDUS_ANN_RN(1.0),N_A,67,AFY,MNF_CEE,GROSS_PFT_EBIT,2016,2015,0,2016-03-31,PT,-29.4445
RBI:PRF_LNGNFC_INDUS_ANN_RN(1.0),N_A,67,AFY,MNF_CEE,INT,2016,2015,0,2016-03-31,PT,-12.3001
RBI:PRF_LNGNFC_INDUS_ANN_RN(1.0),N_A,67,AFY,MNF_CEE,NET_PFT,2016,2015,0,2016-03-31,PT,-79.7542
RBI:PRF_LNGNFC_INDUS_ANN_RN(1.0),N_A,67,AFY,MNF_CEE,OPR_PFT,2016,2015,0,2016-03-31,PT,-3.6693
RBI:PRF_LNGNFC_INDUS_ANN_RN(1.0),N_A,67,AFY,MNF_CEE,OTH_INC,2016,2015,0,2016-03-31,PT,-56.7215
RBI:PRF_LNGNFC_INDUS_ANN_RN(1.0),N_A,67,AFY,MNF_CEE,PC_SHARE_SAL,2016,2015,0,2016-03-31,PT,1.659051
RBI:PRF_LNGNFC_INDUS_ANN_RN(1.0),N_A,67,AFY,MNF_CEE,SALES,2016,2015,0,2016-03-31,INR,496028800000
RBI:PRF_LNGNFC_INDUS_ANN_RN(1.0),N_A,67,AFY,MNF_CEE,SALES,2016,2015,0,2016-03-31,PT,-1.4985
RBI:PRF_LNGNFC_INDUS_ANN_RN(1.0),N_A,67,AFY,MNF_CEE,TAX_PROV,2016,2015,0,2016-03-31,PT,-11.0494
RBI:PRF_LNGNFC_INDUS_ANN_RN(1.0),N_A,241,AFY,MNF_CHM_PRD,DEPRC,2016,2015,0,2016-03-31,PT,6.0265
RBI:PRF_LNGNFC_INDUS_ANN_RN(1.0),N_A,241,AFY,MNF_CHM_PRD,EBITDA,2016,2015,0,2016-03-31,PT,14.8413
RBI:PRF_LNGNFC_INDUS_ANN_RN(1.0),N_A,241,AFY,MNF_CHM_PRD,EXPD,2016,2015,0,2016-03-31,PT,-1.4691
RBI:PRF_LNGNFC_INDUS_ANN_RN(1.0),N_A,241,AFY,MNF_CHM_PRD,GROSS_PFT_EBIT,2016,2015,0,2016-03-31,PT,16.6204
RBI:PRF_LNGNFC_INDUS_ANN_RN(1.0),N_A,241,AFY,MNF_CHM_PRD,INT,2016,2015,0,2016-03-31,PT,-0.4296
RBI:PRF_LNGNFC_INDUS_ANN_RN(1.0),N_A,241,AFY,MNF_CHM_PRD,NET_PFT,2016,2015,0,2016-03-31,PT,10.5379
RBI:PRF_LNGNFC_INDUS_ANN_RN(1.0),N_A,241,AFY,MNF_CHM_PRD,OPR_PFT,2016,2015,0,2016-03-31,PT,15.6615
RBI:PRF_LNGNFC_INDUS_ANN_RN(1.0),N_A,241,AFY,MNF_CHM_PRD,OTH_INC,2016,2015,0,2016-03-31,PT,8.2257
RBI:PRF_LNGNFC_INDUS_ANN_RN(1.0),N_A,241,AFY,MNF_CHM_PRD,PC_SHARE_SAL,2016,2015,0,2016-03-31,PT,7.676268
RBI:PRF_LNGNFC_INDUS_ANN_RN(1.0),N_A,241,AFY,MNF_CHM_PRD,SALES,2016,2015,0,2016-03-31,INR,2295076900000
RBI:PRF_LNGNFC_INDUS_ANN_RN(1.0),N_A,241,AFY,MNF_CHM_PRD,SALES,2016,2015,0,2016-03-31,PT,1.6726
RBI:PRF_LNGNFC_INDUS_ANN_RN(1.0),N_A,241,AFY,MNF_CHM_PRD,TAX_PROV,2016,2015,0,2016-03-31,PT,16.7556
RBI:PRF_LNGNFC_INDUS_ANN_RN(1.0),N_A,117,AFY,MNF_CP_BASIC,DEPRC,2016,2015,0,2016-03-31,PT,3.8809
RBI:PRF_LNGNFC_INDUS_ANN_RN(1.0),N_A,117,AFY,MNF_CP_BASIC,EBITDA,2016,2015,0,2016-03-31,PT,19.7734
RBI:PRF_LNGNFC_INDUS_ANN_RN(1.0),N_A,117,AFY,MNF_CP_BASIC,EXPD,2016,2015,0,2016-03-31,PT,-3.5737
RBI:PRF_LNGNFC_INDUS_ANN_RN(1.0),N_A,117,AFY,MNF_CP_BASIC,GROSS_PFT_EBIT,2016,2015,0,2016-03-31,PT,25.1971
RBI:PRF_LNGNFC_INDUS_ANN_RN(1.0),N_A,117,AFY,MNF_CP_BASIC,INT,2016,2015,0,2016-03-31,PT,-5.662
RBI:PRF_LNGNFC_INDUS_ANN_RN(1.0),N_A,117,AFY,MNF_CP_BASIC,NET_PFT,2016,2015,0,2016-03-31,PT,-3.6204
RBI:PRF_LNGNFC_INDUS_ANN_RN(1.0),N_A,117,AFY,MNF_CP_BASIC,OPR_PFT,2016,2015,0,2016-03-31,PT,21.7522
RBI:PRF_LNGNFC_INDUS_ANN_RN(1.0),N_A,117,AFY,MNF_CP_BASIC,OTH_INC,2016,2015,0,2016-03-31,PT,2.5712
RBI:PRF_LNGNFC_INDUS_ANN_RN(1.0),N_A,117,AFY,MNF_CP_BASIC,PC_SHARE_SAL,2016,2015,0,2016-03-31,PT,1.514593
RBI:PRF_LNGNFC_INDUS_ANN_RN(1.0),N_A,117,AFY,MNF_CP_BASIC,SALES,2016,2015,0,2016-03-31,INR,452838200000
RBI:PRF_LNGNFC_INDUS_ANN_RN(1.0),N_A,117,AFY,MNF_CP_BASIC,SALES,2016,2015,0,2016-03-31,PT,-0.1373
RBI:PRF_LNGNFC_INDUS_ANN_RN(1.0),N_A,117,AFY,MNF_CP_BASIC,TAX_PROV,2016,2015,0,2016-03-31,PT,22.9448
RBI:PRF_LNGNFC_INDUS_ANN_RN(1.0),N_A,21,AFY,MNF_CP_FNP,DEPRC,2016,2015,0,2016-03-31,PT,-1.5891
RBI:PRF_LNGNFC_INDUS_ANN_RN(1.0),N_A,21,AFY,MNF_CP_FNP,EBITDA,2016,2015,0,2016-03-31,PT,2.7546
RBI:PRF_LNGNFC_INDUS_ANN_RN(1.0),N_A,21,AFY,MNF_CP_FNP,EXPD,2016,2015,0,2016-03-31,PT,1.2061
RBI:PRF_LNGNFC_INDUS_ANN_RN(1.0),N_A,21,AFY,MNF_CP_FNP,GROSS_PFT_EBIT,2016,2015,0,2016-03-31,PT,3.7149
RBI:PRF_LNGNFC_INDUS_ANN_RN(1.0),N_A,21,AFY,MNF_CP_FNP,INT,2016,2015,0,2016-03-31,PT,2.3684
RBI:PRF_LNGNFC_INDUS_ANN_RN(1.0),N_A,21,AFY,MNF_CP_FNP,NET_PFT,2016,2015,0,2016-03-31,PT,-21.6154
RBI:PRF_LNGNFC_INDUS_ANN_RN(1.0),N_A,21,AFY,MNF_CP_FNP,OPR_PFT,2016,2015,0,2016-03-31,PT,1.0995
RBI:PRF_LNGNFC_INDUS_ANN_RN(1.0),N_A,21,AFY,MNF_CP_FNP,OTH_INC,2016,2015,0,2016-03-31,PT,15.0962
RBI:PRF_LNGNFC_INDUS_ANN_RN(1.0),N_A,21,AFY,MNF_CP_FNP,PC_SHARE_SAL,2016,2015,0,2016-03-31,PT,1.835777
RBI:PRF_LNGNFC_INDUS_ANN_RN(1.0),N_A,21,AFY,MNF_CP_FNP,SALES,2016,2015,0,2016-03-31,INR,548867000000
RBI:PRF_LNGNFC_INDUS_ANN_RN(1.0),N_A,21,AFY,MNF_CP_FNP,SALES,2016,2015,0,2016-03-31,PT,4.0088
RBI:PRF_LNGNFC_INDUS_ANN_RN(1.0),N_A,21,AFY,MNF_CP_FNP,TAX_PROV,2016,2015,0,2016-03-31,PT,14.5958
RBI:PRF_LNGNFC_INDUS_ANN_RN(1.0),N_A,89,AFY,MNF_CP_OTH,DEPRC,2016,2015,0,2016-03-31,PT,10.31
RBI:PRF_LNGNFC_INDUS_ANN_RN(1.0),N_A,89,AFY,MNF_CP_OTH,EBITDA,2016,2015,0,2016-03-31,PT,14.3868
RBI:PRF_LNGNFC_INDUS_ANN_RN(1.0),N_A,89,AFY,MNF_CP_OTH,EXPD,2016,2015,0,2016-03-31,PT,-2.7946
RBI:PRF_LNGNFC_INDUS_ANN_RN(1.0),N_A,89,AFY,MNF_CP_OTH,GROSS_PFT_EBIT,2016,2015,0,2016-03-31,PT,15.0533
RBI:PRF_LNGNFC_INDUS_ANN_RN(1.0),N_A,89,AFY,MNF_CP_OTH,INT,2016,2015,0,2016-03-31,PT,4.6352
RBI:PRF_LNGNFC_INDUS_ANN_RN(1.0),N_A,89,AFY,MNF_CP_OTH,NET_PFT,2016,2015,0,2016-03-31,PT,13.4574
RBI:PRF_LNGNFC_INDUS_ANN_RN(1.0),N_A,89,AFY,MNF_CP_OTH,OPR_PFT,2016,2015,0,2016-03-31,PT,15.0215
RBI:PRF_LNGNFC_INDUS_ANN_RN(1.0),N_A,89,AFY,MNF_CP_OTH,OTH_INC,2016,2015,0,2016-03-31,PT,9.47
RBI:PRF_LNGNFC_INDUS_ANN_RN(1.0),N_A,89,AFY,MNF_CP_OTH,PC_SHARE_SAL,2016,2015,0,2016-03-31,PT,3.484991
RBI:PRF_LNGNFC_INDUS_ANN_RN(1.0),N_A,89,AFY,MNF_CP_OTH,SALES,2016,2015,0,2016-03-31,INR,1041954600000
RBI:PRF_LNGNFC_INDUS_ANN_RN(1.0),N_A,89,AFY,MNF_CP_OTH,SALES,2016,2015,0,2016-03-31,PT,0.1944
RBI:PRF_LNGNFC_INDUS_ANN_RN(1.0),N_A,89,AFY,MNF_CP_OTH,TAX_PROV,2016,2015,0,2016-03-31,PT,11.1726
RBI:PRF_LNGNFC_INDUS_ANN_RN(1.0),N_A,14,AFY,MNF_CP_PNV,DEPRC,2016,2015,0,2016-03-31,PT,6.2956
RBI:PRF_LNGNFC_INDUS_ANN_RN(1.0),N_A,14,AFY,MNF_CP_PNV,EBITDA,2016,2015,0,2016-03-31,PT,24.101
RBI:PRF_LNGNFC_INDUS_ANN_RN(1.0),N_A,14,AFY,MNF_CP_PNV,EXPD,2016,2015,0,2016-03-31,PT,1.9473
RBI:PRF_LNGNFC_INDUS_ANN_RN(1.0),N_A,14,AFY,MNF_CP_PNV,GROSS_PFT_EBIT,2016,2015,0,2016-03-31,PT,26.6935
RBI:PRF_LNGNFC_INDUS_ANN_RN(1.0),N_A,14,AFY,MNF_CP_PNV,INT,2016,2015,0,2016-03-31,PT,-13.2436
RBI:PRF_LNGNFC_INDUS_ANN_RN(1.0),N_A,14,AFY,MNF_CP_PNV,NET_PFT,2016,2015,0,2016-03-31,PT,47.213
RBI:PRF_LNGNFC_INDUS_ANN_RN(1.0),N_A,14,AFY,MNF_CP_PNV,OPR_PFT,2016,2015,0,2016-03-31,PT,26.5214
RBI:PRF_LNGNFC_INDUS_ANN_RN(1.0),N_A,14,AFY,MNF_CP_PNV,OTH_INC,2016,2015,0,2016-03-31,PT,0.8907
RBI:PRF_LNGNFC_INDUS_ANN_RN(1.0),N_A,14,AFY,MNF_CP_PNV,PC_SHARE_SAL,2016,2015,0,2016-03-31,PT,0.840906
RBI:PRF_LNGNFC_INDUS_ANN_RN(1.0),N_A,14,AFY,MNF_CP_PNV,SALES,2016,2015,0,2016-03-31,INR,251417100000
RBI:PRF_LNGNFC_INDUS_ANN_RN(1.0),N_A,14,AFY,MNF_CP_PNV,SALES,2016,2015,0,2016-03-31,PT,6.4353
RBI:PRF_LNGNFC_INDUS_ANN_RN(1.0),N_A,14,AFY,MNF_CP_PNV,TAX_PROV,2016,2015,0,2016-03-31,PT,33.7299
RBI:PRF_LNGNFC_INDUS_ANN_RN(1.0),N_A,115,AFY,MNF_EMA,DEPRC,2016,2015,0,2016-03-31,PT,7.9207
RBI:PRF_LNGNFC_INDUS_ANN_RN(1.0),N_A,115,AFY,MNF_EMA,EBITDA,2016,2015,0,2016-03-31,PT,30.0934
RBI:PRF_LNGNFC_INDUS_ANN_RN(1.0),N_A,115,AFY,MNF_EMA,EXPD,2016,2015,0,2016-03-31,PT,3.4824
RBI:PRF_LNGNFC_INDUS_ANN_RN(1.0),N_A,115,AFY,MNF_EMA,GROSS_PFT_EBIT,2016,2015,0,2016-03-31,PT,36.5515
RBI:PRF_LNGNFC_INDUS_ANN_RN(1.0),N_A,115,AFY,MNF_EMA,INT,2016,2015,0,2016-03-31,PT,-13.9517
RBI:PRF_LNGNFC_INDUS_ANN_RN(1.0),N_A,115,AFY,MNF_EMA,OPR_PFT,2016,2015,0,2016-03-31,PT,32.6364
RBI:PRF_LNGNFC_INDUS_ANN_RN(1.0),N_A,115,AFY,MNF_EMA,OTH_INC,2016,2015,0,2016-03-31,PT,16.9607
RBI:PRF_LNGNFC_INDUS_ANN_RN(1.0),N_A,115,AFY,MNF_EMA,PC_SHARE_SAL,2016,2015,0,2016-03-31,PT,3.713475
RBI:PRF_LNGNFC_INDUS_ANN_RN(1.0),N_A,115,AFY,MNF_EMA,SALES,2016,2015,0,2016-03-31,INR,1110267600000
RBI:PRF_LNGNFC_INDUS_ANN_RN(1.0),N_A,115,AFY,MNF_EMA,SALES,2016,2015,0,2016-03-31,PT,6.2232
RBI:PRF_LNGNFC_INDUS_ANN_RN(1.0),N_A,115,AFY,MNF_EMA,TAX_PROV,2016,2015,0,2016-03-31,PT,43.8056
RBI:PRF_LNGNFC_INDUS_ANN_RN(1.0),N_A,36,AFY,MNF_FMP,DEPRC,2016,2015,0,2016-03-31,PT,4.644
RBI:PRF_LNGNFC_INDUS_ANN_RN(1.0),N_A,36,AFY,MNF_FMP,EBITDA,2016,2015,0,2016-03-31,PT,-0.6647
RBI:PRF_LNGNFC_INDUS_ANN_RN(1.0),N_A,36,AFY,MNF_FMP,EXPD,2016,2015,0,2016-03-31,PT,1.4698
RBI:PRF_LNGNFC_INDUS_ANN_RN(1.0),N_A,36,AFY,MNF_FMP,GROSS_PFT_EBIT,2016,2015,0,2016-03-31,PT,-2.0796
RBI:PRF_LNGNFC_INDUS_ANN_RN(1.0),N_A,36,AFY,MNF_FMP,INT,2016,2015,0,2016-03-31,PT,-11.6477
RBI:PRF_LNGNFC_INDUS_ANN_RN(1.0),N_A,36,AFY,MNF_FMP,NET_PFT,2016,2015,0,2016-03-31,PT,-1.3292
RBI:PRF_LNGNFC_INDUS_ANN_RN(1.0),N_A,36,AFY,MNF_FMP,OPR_PFT,2016,2015,0,2016-03-31,PT,-1.0526
RBI:PRF_LNGNFC_INDUS_ANN_RN(1.0),N_A,36,AFY,MNF_FMP,OTH_INC,2016,2015,0,2016-03-31,PT,3.2474
RBI:PRF_LNGNFC_INDUS_ANN_RN(1.0),N_A,36,AFY,MNF_FMP,PC_SHARE_SAL,2016,2015,0,2016-03-31,PT,0.647354
RBI:PRF_LNGNFC_INDUS_ANN_RN(1.0),N_A,36,AFY,MNF_FMP,SALES,2016,2015,0,2016-03-31,INR,193548200000
RBI:PRF_LNGNFC_INDUS_ANN_RN(1.0),N_A,36,AFY,MNF_FMP,SALES,2016,2015,0,2016-03-31,PT,1.4061
RBI:PRF_LNGNFC_INDUS_ANN_RN(1.0),N_A,36,AFY,MNF_FMP,TAX_PROV,2016,2015,0,2016-03-31,PT,-3.0075
RBI:PRF_LNGNFC_INDUS_ANN_RN(1.0),N_A,180,AFY,MNF_FPB,DEPRC,2016,2015,0,2016-03-31,PT,0.7561
RBI:PRF_LNGNFC_INDUS_ANN_RN(1.0),N_A,180,AFY,MNF_FPB,EBITDA,2016,2015,0,2016-03-31,PT,72.6485
RBI:PRF_LNGNFC_INDUS_ANN_RN(1.0),N_A,180,AFY,MNF_FPB,EXPD,2016,2015,0,2016-03-31,PT,-4.4976
RBI:PRF_LNGNFC_INDUS_ANN_RN(1.0),N_A,180,AFY,MNF_FPB,GROSS_PFT_EBIT,2016,2015,0,2016-03-31,PT,131.5272
RBI:PRF_LNGNFC_INDUS_ANN_RN(1.0),N_A,180,AFY,MNF_FPB,INT,2016,2015,0,2016-03-31,PT,-8.6304
RBI:PRF_LNGNFC_INDUS_ANN_RN(1.0),N_A,180,AFY,MNF_FPB,OPR_PFT,2016,2015,0,2016-03-31,PT,95.4516
RBI:PRF_LNGNFC_INDUS_ANN_RN(1.0),N_A,180,AFY,MNF_FPB,OTH_INC,2016,2015,0,2016-03-31,PT,0.8263
RBI:PRF_LNGNFC_INDUS_ANN_RN(1.0),N_A,180,AFY,MNF_FPB,PC_SHARE_SAL,2016,2015,0,2016-03-31,PT,5.569414
RBI:PRF_LNGNFC_INDUS_ANN_RN(1.0),N_A,180,AFY,MNF_FPB,SALES,2016,2015,0,2016-03-31,INR,1665162600000
RBI:PRF_LNGNFC_INDUS_ANN_RN(1.0),N_A,180,AFY,MNF_FPB,SALES,2016,2015,0,2016-03-31,PT,-1.6989
RBI:PRF_LNGNFC_INDUS_ANN_RN(1.0),N_A,180,AFY,MNF_FPB,TAX_PROV,2016,2015,0,2016-03-31,PT,16.025
RBI:PRF_LNGNFC_INDUS_ANN_RN(1.0),N_A,12,AFY,MNF_FPB_DAIRY_PRD,DEPRC,2016,2015,0,2016-03-31,PT,1.0295
RBI:PRF_LNGNFC_INDUS_ANN_RN(1.0),N_A,12,AFY,MNF_FPB_DAIRY_PRD,EBITDA,2016,2015,0,2016-03-31,PT,-14.6134
RBI:PRF_LNGNFC_INDUS_ANN_RN(1.0),N_A,12,AFY,MNF_FPB_DAIRY_PRD,EXPD,2016,2015,0,2016-03-31,PT,-4.4106
RBI:PRF_LNGNFC_INDUS_ANN_RN(1.0),N_A,12,AFY,MNF_FPB_DAIRY_PRD,GROSS_PFT_EBIT,2016,2015,0,2016-03-31,PT,-18.0165
RBI:PRF_LNGNFC_INDUS_ANN_RN(1.0),N_A,12,AFY,MNF_FPB_DAIRY_PRD,INT,2016,2015,0,2016-03-31,PT,5.4464
RBI:PRF_LNGNFC_INDUS_ANN_RN(1.0),N_A,12,AFY,MNF_FPB_DAIRY_PRD,NET_PFT,2016,2015,0,2016-03-31,PT,-46.0712
RBI:PRF_LNGNFC_INDUS_ANN_RN(1.0),N_A,12,AFY,MNF_FPB_DAIRY_PRD,OPR_PFT,2016,2015,0,2016-03-31,PT,-17.1962
RBI:PRF_LNGNFC_INDUS_ANN_RN(1.0),N_A,12,AFY,MNF_FPB_DAIRY_PRD,OTH_INC,2016,2015,0,2016-03-31,PT,39.2347
RBI:PRF_LNGNFC_INDUS_ANN_RN(1.0),N_A,12,AFY,MNF_FPB_DAIRY_PRD,PC_SHARE_SAL,2016,2015,0,2016-03-31,PT,0.692784
RBI:PRF_LNGNFC_INDUS_ANN_RN(1.0),N_A,12,AFY,MNF_FPB_DAIRY_PRD,SALES,2016,2015,0,2016-03-31,INR,207131000000
RBI:PRF_LNGNFC_INDUS_ANN_RN(1.0),N_A,12,AFY,MNF_FPB_DAIRY_PRD,SALES,2016,2015,0,2016-03-31,PT,-3.8416
RBI:PRF_LNGNFC_INDUS_ANN_RN(1.0),N_A,12,AFY,MNF_FPB_DAIRY_PRD,TAX_PROV,2016,2015,0,2016-03-31,PT,-36.3787
RBI:PRF_LNGNFC_INDUS_ANN_RN(1.0),N_A,39,AFY,MNF_FPB_EDD_OIL,DEPRC,2016,2015,0,2016-03-31,PT,-3.6739
RBI:PRF_LNGNFC_INDUS_ANN_RN(1.0),N_A,39,AFY,MNF_FPB_EDD_OIL,EBITDA,2016,2015,0,2016-03-31,PT,-52.676
RBI:PRF_LNGNFC_INDUS_ANN_RN(1.0),N_A,39,AFY,MNF_FPB_EDD_OIL,EXPD,2016,2015,0,2016-03-31,PT,-9.0554
RBI:PRF_LNGNFC_INDUS_ANN_RN(1.0),N_A,39,AFY,MNF_FPB_EDD_OIL,GROSS_PFT_EBIT,2016,2015,0,2016-03-31,PT,-66.025
RBI:PRF_LNGNFC_INDUS_ANN_RN(1.0),N_A,39,AFY,MNF_FPB_EDD_OIL,INT,2016,2015,0,2016-03-31,PT,2.5314
RBI:PRF_LNGNFC_INDUS_ANN_RN(1.0),N_A,39,AFY,MNF_FPB_EDD_OIL,OPR_PFT,2016,2015,0,2016-03-31,PT,-60.3849
RBI:PRF_LNGNFC_INDUS_ANN_RN(1.0),N_A,39,AFY,MNF_FPB_EDD_OIL,OTH_INC,2016,2015,0,2016-03-31,PT,-13.1121
RBI:PRF_LNGNFC_INDUS_ANN_RN(1.0),N_A,39,AFY,MNF_FPB_EDD_OIL,PC_SHARE_SAL,2016,2015,0,2016-03-31,PT,1.705804
RBI:PRF_LNGNFC_INDUS_ANN_RN(1.0),N_A,39,AFY,MNF_FPB_EDD_OIL,SALES,2016,2015,0,2016-03-31,INR,510007300000
RBI:PRF_LNGNFC_INDUS_ANN_RN(1.0),N_A,39,AFY,MNF_FPB_EDD_OIL,SALES,2016,2015,0,2016-03-31,PT,-8.6271
RBI:PRF_LNGNFC_INDUS_ANN_RN(1.0),N_A,39,AFY,MNF_FPB_EDD_OIL,TAX_PROV,2016,2015,0,2016-03-31,PT,10.633
RBI:PRF_LNGNFC_INDUS_ANN_RN(1.0),N_A,39,AFY,MNF_FPB_ESGR,DEPRC,2016,2015,0,2016-03-31,PT,0.4222
RBI:PRF_LNGNFC_INDUS_ANN_RN(1.0),N_A,39,AFY,MNF_FPB_ESGR,EXPD,2016,2015,0,2016-03-31,PT,-4.7338
RBI:PRF_LNGNFC_INDUS_ANN_RN(1.0),N_A,39,AFY,MNF_FPB_ESGR,INT,2016,2015,0,2016-03-31,PT,-6.488
RBI:PRF_LNGNFC_INDUS_ANN_RN(1.0),N_A,39,AFY,MNF_FPB_ESGR,OTH_INC,2016,2015,0,2016-03-31,PT,-22.0401
RBI:PRF_LNGNFC_INDUS_ANN_RN(1.0),N_A,39,AFY,MNF_FPB_ESGR,PC_SHARE_SAL,2016,2015,0,2016-03-31,PT,1.202609
RBI:PRF_LNGNFC_INDUS_ANN_RN(1.0),N_A,39,AFY,MNF_FPB_ESGR,SALES,2016,2015,0,2016-03-31,INR,359560100000
RBI:PRF_LNGNFC_INDUS_ANN_RN(1.0),N_A,39,AFY,MNF_FPB_ESGR,SALES,2016,2015,0,2016-03-31,PT,1.1276
RBI:PRF_LNGNFC_INDUS_ANN_RN(1.0),N_A,90,AFY,MNF_FPB_OFP,DEPRC,2016,2015,0,2016-03-31,PT,2.5458
RBI:PRF_LNGNFC_INDUS_ANN_RN(1.0),N_A,90,AFY,MNF_FPB_OFP,EXPD,2016,2015,0,2016-03-31,PT,0.2728
RBI:PRF_LNGNFC_INDUS_ANN_RN(1.0),N_A,90,AFY,MNF_FPB_OFP,INT,2016,2015,0,2016-03-31,PT,-18.5008
RBI:PRF_LNGNFC_INDUS_ANN_RN(1.0),N_A,90,AFY,MNF_FPB_OFP,OTH_INC,2016,2015,0,2016-03-31,PT,10.4467
RBI:PRF_LNGNFC_INDUS_ANN_RN(1.0),N_A,90,AFY,MNF_FPB_OFP,PC_SHARE_SAL,2016,2015,0,2016-03-31,PT,1.968217
RBI:PRF_LNGNFC_INDUS_ANN_RN(1.0),N_A,90,AFY,MNF_FPB_OFP,SALES,2016,2015,0,2016-03-31,INR,588464200000
RBI:PRF_LNGNFC_INDUS_ANN_RN(1.0),N_A,90,AFY,MNF_FPB_OFP,SALES,2016,2015,0,2016-03-31,PT,4.1855
RBI:PRF_LNGNFC_INDUS_ANN_RN(1.0),N_A,90,AFY,MNF_FPB_OFP,TAX_PROV,2016,2015,0,2016-03-31,PT,47.4222
RBI:PRF_LNGNFC_INDUS_ANN_RN(1.0),N_A,12,AFY,MNF_GGP,DEPRC,2016,2015,0,2016-03-31,PT,-15.1238
RBI:PRF_LNGNFC_INDUS_ANN_RN(1.0),N_A,12,AFY,MNF_GGP,EBITDA,2016,2015,0,2016-03-31,PT,10.5946
RBI:PRF_LNGNFC_INDUS_ANN_RN(1.0),N_A,12,AFY,MNF_GGP,EXPD,2016,2015,0,2016-03-31,PT,3.4344
RBI:PRF_LNGNFC_INDUS_ANN_RN(1.0),N_A,12,AFY,MNF_GGP,GROSS_PFT_EBIT,2016,2015,0,2016-03-31,PT,35.1358
RBI:PRF_LNGNFC_INDUS_ANN_RN(1.0),N_A,12,AFY,MNF_GGP,INT,2016,2015,0,2016-03-31,PT,-5.3056
RBI:PRF_LNGNFC_INDUS_ANN_RN(1.0),N_A,12,AFY,MNF_GGP,OPR_PFT,2016,2015,0,2016-03-31,PT,24.7459
RBI:PRF_LNGNFC_INDUS_ANN_RN(1.0),N_A,12,AFY,MNF_GGP,OTH_INC,2016,2015,0,2016-03-31,PT,-50.6351
RBI:PRF_LNGNFC_INDUS_ANN_RN(1.0),N_A,12,AFY,MNF_GGP,PC_SHARE_SAL,2016,2015,0,2016-03-31,PT,0.187374
RBI:PRF_LNGNFC_INDUS_ANN_RN(1.0),N_A,12,AFY,MNF_GGP,SALES,2016,2015,0,2016-03-31,INR,56021800000
RBI:PRF_LNGNFC_INDUS_ANN_RN(1.0),N_A,12,AFY,MNF_GGP,SALES,2016,2015,0,2016-03-31,PT,4.9465
RBI:PRF_LNGNFC_INDUS_ANN_RN(1.0),N_A,12,AFY,MNF_GGP,TAX_PROV,2016,2015,0,2016-03-31,PT,31.3511
RBI:PRF_LNGNFC_INDUS_ANN_RN(1.0),N_A,160,AFY,MNF_INS,DEPRC,2016,2015,0,2016-03-31,PT,-0.3046
RBI:PRF_LNGNFC_INDUS_ANN_RN(1.0),N_A,160,AFY,MNF_INS,EBITDA,2016,2015,0,2016-03-31,PT,-24.1136
RBI:PRF_LNGNFC_INDUS_ANN_RN(1.0),N_A,160,AFY,MNF_INS,EXPD,2016,2015,0,2016-03-31,PT,-9.9459
RBI:PRF_LNGNFC_INDUS_ANN_RN(1.0),N_A,160,AFY,MNF_INS,GROSS_PFT_EBIT,2016,2015,0,2016-03-31,PT,-35.5246
RBI:PRF_LNGNFC_INDUS_ANN_RN(1.0),N_A,160,AFY,MNF_INS,INT,2016,2015,0,2016-03-31,PT,20.2854
RBI:PRF_LNGNFC_INDUS_ANN_RN(1.0),N_A,160,AFY,MNF_INS,OPR_PFT,2016,2015,0,2016-03-31,PT,-32.5249
RBI:PRF_LNGNFC_INDUS_ANN_RN(1.0),N_A,160,AFY,MNF_INS,OTH_INC,2016,2015,0,2016-03-31,PT,45.5926
RBI:PRF_LNGNFC_INDUS_ANN_RN(1.0),N_A,160,AFY,MNF_INS,PC_SHARE_SAL,2016,2015,0,2016-03-31,PT,6.906653
RBI:PRF_LNGNFC_INDUS_ANN_RN(1.0),N_A,160,AFY,MNF_INS,SALES,2016,2015,0,2016-03-31,INR,2064974900000
RBI:PRF_LNGNFC_INDUS_ANN_RN(1.0),N_A,160,AFY,MNF_INS,SALES,2016,2015,0,2016-03-31,PT,-10.2017
RBI:PRF_LNGNFC_INDUS_ANN_RN(1.0),N_A,160,AFY,MNF_INS,TAX_PROV,2016,2015,0,2016-03-31,PT,-137.5551
RBI:PRF_LNGNFC_INDUS_ANN_RN(1.0),N_A,35,AFY,MNF_JRA,DEPRC,2016,2015,0,2016-03-31,PT,-3.0528
RBI:PRF_LNGNFC_INDUS_ANN_RN(1.0),N_A,35,AFY,MNF_JRA,EBITDA,2016,2015,0,2016-03-31,PT,-20.5648
RBI:PRF_LNGNFC_INDUS_ANN_RN(1.0),N_A,35,AFY,MNF_JRA,EXPD,2016,2015,0,2016-03-31,PT,-1.3617
RBI:PRF_LNGNFC_INDUS_ANN_RN(1.0),N_A,35,AFY,MNF_JRA,GROSS_PFT_EBIT,2016,2015,0,2016-03-31,PT,-21.6869
RBI:PRF_LNGNFC_INDUS_ANN_RN(1.0),N_A,35,AFY,MNF_JRA,INT,2016,2015,0,2016-03-31,PT,-10.8066
RBI:PRF_LNGNFC_INDUS_ANN_RN(1.0),N_A,35,AFY,MNF_JRA,NET_PFT,2016,2015,0,2016-03-31,PT,0.3083
RBI:PRF_LNGNFC_INDUS_ANN_RN(1.0),N_A,35,AFY,MNF_JRA,OPR_PFT,2016,2015,0,2016-03-31,PT,-22.7119
RBI:PRF_LNGNFC_INDUS_ANN_RN(1.0),N_A,35,AFY,MNF_JRA,OTH_INC,2016,2015,0,2016-03-31,PT,1.7734
RBI:PRF_LNGNFC_INDUS_ANN_RN(1.0),N_A,35,AFY,MNF_JRA,PC_SHARE_SAL,2016,2015,0,2016-03-31,PT,2.699389
RBI:PRF_LNGNFC_INDUS_ANN_RN(1.0),N_A,35,AFY,MNF_JRA,SALES,2016,2015,0,2016-03-31,INR,807072700000
RBI:PRF_LNGNFC_INDUS_ANN_RN(1.0),N_A,35,AFY,MNF_JRA,SALES,2016,2015,0,2016-03-31,PT,0.5312
RBI:PRF_LNGNFC_INDUS_ANN_RN(1.0),N_A,35,AFY,MNF_JRA,TAX_PROV,2016,2015,0,2016-03-31,PT,-39.1914
RBI:PRF_LNGNFC_INDUS_ANN_RN(1.0),N_A,15,AFY,MNF_LTH,DEPRC,2016,2015,0,2016-03-31,PT,1.6019
RBI:PRF_LNGNFC_INDUS_ANN_RN(1.0),N_A,15,AFY,MNF_LTH,EBITDA,2016,2015,0,2016-03-31,PT,1.148
RBI:PRF_LNGNFC_INDUS_ANN_RN(1.0),N_A,15,AFY,MNF_LTH,EXPD,2016,2015,0,2016-03-31,PT,-4.0296
RBI:PRF_LNGNFC_INDUS_ANN_RN(1.0),N_A,15,AFY,MNF_LTH,GROSS_PFT_EBIT,2016,2015,0,2016-03-31,PT,1.0351
RBI:PRF_LNGNFC_INDUS_ANN_RN(1.0),N_A,15,AFY,MNF_LTH,INT,2016,2015,0,2016-03-31,PT,-5.0761
RBI:PRF_LNGNFC_INDUS_ANN_RN(1.0),N_A,15,AFY,MNF_LTH,NET_PFT,2016,2015,0,2016-03-31,PT,6.2383
RBI:PRF_LNGNFC_INDUS_ANN_RN(1.0),N_A,15,AFY,MNF_LTH,OPR_PFT,2016,2015,0,2016-03-31,PT,2.108
RBI:PRF_LNGNFC_INDUS_ANN_RN(1.0),N_A,15,AFY,MNF_LTH,OTH_INC,2016,2015,0,2016-03-31,PT,-13.0981
RBI:PRF_LNGNFC_INDUS_ANN_RN(1.0),N_A,15,AFY,MNF_LTH,PC_SHARE_SAL,2016,2015,0,2016-03-31,PT,0.266266
RBI:PRF_LNGNFC_INDUS_ANN_RN(1.0),N_A,15,AFY,MNF_LTH,SALES,2016,2015,0,2016-03-31,INR,79609200000
RBI:PRF_LNGNFC_INDUS_ANN_RN(1.0),N_A,15,AFY,MNF_LTH,SALES,2016,2015,0,2016-03-31,PT,-1.0819
RBI:PRF_LNGNFC_INDUS_ANN_RN(1.0),N_A,15,AFY,MNF_LTH,TAX_PROV,2016,2015,0,2016-03-31,PT,9.7554
RBI:PRF_LNGNFC_INDUS_ANN_RN(1.0),N_A,133,AFY,MNF_MMT,DEPRC,2016,2015,0,2016-03-31,PT,-0.7026
RBI:PRF_LNGNFC_INDUS_ANN_RN(1.0),N_A,133,AFY,MNF_MMT,EBITDA,2016,2015,0,2016-03-31,PT,15.1968
RBI:PRF_LNGNFC_INDUS_ANN_RN(1.0),N_A,133,AFY,MNF_MMT,EXPD,2016,2015,0,2016-03-31,PT,1.6809
RBI:PRF_LNGNFC_INDUS_ANN_RN(1.0),N_A,133,AFY,MNF_MMT,GROSS_PFT_EBIT,2016,2015,0,2016-03-31,PT,21.1202
RBI:PRF_LNGNFC_INDUS_ANN_RN(1.0),N_A,133,AFY,MNF_MMT,INT,2016,2015,0,2016-03-31,PT,-0.8448
RBI:PRF_LNGNFC_INDUS_ANN_RN(1.0),N_A,133,AFY,MNF_MMT,NET_PFT,2016,2015,0,2016-03-31,PT,15.8004
RBI:PRF_LNGNFC_INDUS_ANN_RN(1.0),N_A,133,AFY,MNF_MMT,OPR_PFT,2016,2015,0,2016-03-31,PT,18.3694
RBI:PRF_LNGNFC_INDUS_ANN_RN(1.0),N_A,133,AFY,MNF_MMT,OTH_INC,2016,2015,0,2016-03-31,PT,4.0101
RBI:PRF_LNGNFC_INDUS_ANN_RN(1.0),N_A,133,AFY,MNF_MMT,PC_SHARE_SAL,2016,2015,0,2016-03-31,PT,2.078664
RBI:PRF_LNGNFC_INDUS_ANN_RN(1.0),N_A,133,AFY,MNF_MMT,SALES,2016,2015,0,2016-03-31,INR,621486000000
RBI:PRF_LNGNFC_INDUS_ANN_RN(1.0),N_A,133,AFY,MNF_MMT,SALES,2016,2015,0,2016-03-31,PT,3.4846
RBI:PRF_LNGNFC_INDUS_ANN_RN(1.0),N_A,133,AFY,MNF_MMT,TAX_PROV,2016,2015,0,2016-03-31,PT,21.2165
RBI:PRF_LNGNFC_INDUS_ANN_RN(1.0),N_A,15,AFY,MNF_MMT_MV,DEPRC,2016,2015,0,2016-03-31,PT,3.114
RBI:PRF_LNGNFC_INDUS_ANN_RN(1.0),N_A,15,AFY,MNF_MMT_MV,EBITDA,2016,2015,0,2016-03-31,PT,35.0114
RBI:PRF_LNGNFC_INDUS_ANN_RN(1.0),N_A,15,AFY,MNF_MMT_MV,EXPD,2016,2015,0,2016-03-31,PT,7.6362
RBI:PRF_LNGNFC_INDUS_ANN_RN(1.0),N_A,15,AFY,MNF_MMT_MV,GROSS_PFT_EBIT,2016,2015,0,2016-03-31,PT,48.6516
RBI:PRF_LNGNFC_INDUS_ANN_RN(1.0),N_A,15,AFY,MNF_MMT_MV,INT,2016,2015,0,2016-03-31,PT,-17.0955
RBI:PRF_LNGNFC_INDUS_ANN_RN(1.0),N_A,15,AFY,MNF_MMT_MV,NET_PFT,2016,2015,0,2016-03-31,PT,82.8945
RBI:PRF_LNGNFC_INDUS_ANN_RN(1.0),N_A,15,AFY,MNF_MMT_MV,OPR_PFT,2016,2015,0,2016-03-31,PT,46.708
RBI:PRF_LNGNFC_INDUS_ANN_RN(1.0),N_A,15,AFY,MNF_MMT_MV,OTH_INC,2016,2015,0,2016-03-31,PT,-9.6405
RBI:PRF_LNGNFC_INDUS_ANN_RN(1.0),N_A,15,AFY,MNF_MMT_MV,PC_SHARE_SAL,2016,2015,0,2016-03-31,PT,8.128086
RBI:PRF_LNGNFC_INDUS_ANN_RN(1.0),N_A,15,AFY,MNF_MMT_MV,SALES,2016,2015,0,2016-03-31,INR,2430163000000
RBI:PRF_LNGNFC_INDUS_ANN_RN(1.0),N_A,15,AFY,MNF_MMT_MV,SALES,2016,2015,0,2016-03-31,PT,11.9121
RBI:PRF_LNGNFC_INDUS_ANN_RN(1.0),N_A,15,AFY,MNF_MMT_MV,TAX_PROV,2016,2015,0,2016-03-31,PT,21.6246
RBI:PRF_LNGNFC_INDUS_ANN_RN(1.0),N_A,94,AFY,MNF_MMT_OTH,DEPRC,2016,2015,0,2016-03-31,PT,2.8087
RBI:PRF_LNGNFC_INDUS_ANN_RN(1.0),N_A,94,AFY,MNF_MMT_OTH,EBITDA,2016,2015,0,2016-03-31,PT,27.0942
RBI:PRF_LNGNFC_INDUS_ANN_RN(1.0),N_A,94,AFY,MNF_MMT_OTH,EXPD,2016,2015,0,2016-03-31,PT,7.2671
RBI:PRF_LNGNFC_INDUS_ANN_RN(1.0),N_A,94,AFY,MNF_MMT_OTH,GROSS_PFT_EBIT,2016,2015,0,2016-03-31,PT,38.399
RBI:PRF_LNGNFC_INDUS_ANN_RN(1.0),N_A,94,AFY,MNF_MMT_OTH,INT,2016,2015,0,2016-03-31,PT,-8.8526
RBI:PRF_LNGNFC_INDUS_ANN_RN(1.0),N_A,94,AFY,MNF_MMT_OTH,NET_PFT,2016,2015,0,2016-03-31,PT,59.6501
RBI:PRF_LNGNFC_INDUS_ANN_RN(1.0),N_A,94,AFY,MNF_MMT_OTH,OPR_PFT,2016,2015,0,2016-03-31,PT,35.2257
RBI:PRF_LNGNFC_INDUS_ANN_RN(1.0),N_A,94,AFY,MNF_MMT_OTH,OTH_INC,2016,2015,0,2016-03-31,PT,-6.1001
RBI:PRF_LNGNFC_INDUS_ANN_RN(1.0),N_A,94,AFY,MNF_MMT_OTH,PC_SHARE_SAL,2016,2015,0,2016-03-31,PT,9.772608
RBI:PRF_LNGNFC_INDUS_ANN_RN(1.0),N_A,94,AFY,MNF_MMT_OTH,SALES,2016,2015,0,2016-03-31,INR,2921847900000
RBI:PRF_LNGNFC_INDUS_ANN_RN(1.0),N_A,94,AFY,MNF_MMT_OTH,SALES,2016,2015,0,2016-03-31,PT,10.4047
RBI:PRF_LNGNFC_INDUS_ANN_RN(1.0),N_A,94,AFY,MNF_MMT_OTH,TAX_PROV,2016,2015,0,2016-03-31,PT,21.3542
RBI:PRF_LNGNFC_INDUS_ANN_RN(1.0),N_A,79,AFY,MNF_MMT_PRTS,DEPRC,2016,2015,0,2016-03-31,PT,1.5846
RBI:PRF_LNGNFC_INDUS_ANN_RN(1.0),N_A,79,AFY,MNF_MMT_PRTS,EBITDA,2016,2015,0,2016-03-31,PT,-17.3268
RBI:PRF_LNGNFC_INDUS_ANN_RN(1.0),N_A,79,AFY,MNF_MMT_PRTS,EXPD,2016,2015,0,2016-03-31,PT,5.5943
RBI:PRF_LNGNFC_INDUS_ANN_RN(1.0),N_A,79,AFY,MNF_MMT_PRTS,GROSS_PFT_EBIT,2016,2015,0,2016-03-31,PT,-30.9759
RBI:PRF_LNGNFC_INDUS_ANN_RN(1.0),N_A,79,AFY,MNF_MMT_PRTS,INT,2016,2015,0,2016-03-31,PT,0.4983
RBI:PRF_LNGNFC_INDUS_ANN_RN(1.0),N_A,79,AFY,MNF_MMT_PRTS,OPR_PFT,2016,2015,0,2016-03-31,PT,-23.8687
RBI:PRF_LNGNFC_INDUS_ANN_RN(1.0),N_A,79,AFY,MNF_MMT_PRTS,OTH_INC,2016,2015,0,2016-03-31,PT,24.1913
RBI:PRF_LNGNFC_INDUS_ANN_RN(1.0),N_A,79,AFY,MNF_MMT_PRTS,PC_SHARE_SAL,2016,2015,0,2016-03-31,PT,1.644522
RBI:PRF_LNGNFC_INDUS_ANN_RN(1.0),N_A,79,AFY,MNF_MMT_PRTS,SALES,2016,2015,0,2016-03-31,INR,491684900000
RBI:PRF_LNGNFC_INDUS_ANN_RN(1.0),N_A,79,AFY,MNF_MMT_PRTS,SALES,2016,2015,0,2016-03-31,PT,3.5132
RBI:PRF_LNGNFC_INDUS_ANN_RN(1.0),N_A,79,AFY,MNF_MMT_PRTS,TAX_PROV,2016,2015,0,2016-03-31,PT,19.3545
RBI:PRF_LNGNFC_INDUS_ANN_RN(1.0),N_A,8,AFY,MNF_MPOSE,DEPRC,2016,2015,0,2016-03-31,PT,-6.1049
RBI:PRF_LNGNFC_INDUS_ANN_RN(1.0),N_A,8,AFY,MNF_MPOSE,EBITDA,2016,2015,0,2016-03-31,PT,-30.7281
RBI:PRF_LNGNFC_INDUS_ANN_RN(1.0),N_A,8,AFY,MNF_MPOSE,EXPD,2016,2015,0,2016-03-31,PT,-0.6677
RBI:PRF_LNGNFC_INDUS_ANN_RN(1.0),N_A,8,AFY,MNF_MPOSE,GROSS_PFT_EBIT,2016,2015,0,2016-03-31,PT,-38.4699
RBI:PRF_LNGNFC_INDUS_ANN_RN(1.0),N_A,8,AFY,MNF_MPOSE,INT,2016,2015,0,2016-03-31,PT,-39.5926
RBI:PRF_LNGNFC_INDUS_ANN_RN(1.0),N_A,8,AFY,MNF_MPOSE,OPR_PFT,2016,2015,0,2016-03-31,PT,-34.232
RBI:PRF_LNGNFC_INDUS_ANN_RN(1.0),N_A,8,AFY,MNF_MPOSE,OTH_INC,2016,2015,0,2016-03-31,PT,0.8935
RBI:PRF_LNGNFC_INDUS_ANN_RN(1.0),N_A,8,AFY,MNF_MPOSE,PC_SHARE_SAL,2016,2015,0,2016-03-31,PT,0.019274
RBI:PRF_LNGNFC_INDUS_ANN_RN(1.0),N_A,8,AFY,MNF_MPOSE,SALES,2016,2015,0,2016-03-31,INR,5762500000
RBI:PRF_LNGNFC_INDUS_ANN_RN(1.0),N_A,8,AFY,MNF_MPOSE,SALES,2016,2015,0,2016-03-31,PT,-6.6877
RBI:PRF_LNGNFC_INDUS_ANN_RN(1.0),N_A,8,AFY,MNF_MPOSE,TAX_PROV,2016,2015,0,2016-03-31,PT,-3.902
RBI:PRF_LNGNFC_INDUS_ANN_RN(1.0),N_A,52,AFY,MNF_OTH,DEPRC,2016,2015,0,2016-03-31,PT,0.2606
RBI:PRF_LNGNFC_INDUS_ANN_RN(1.0),N_A,52,AFY,MNF_OTH,EBITDA,2016,2015,0,2016-03-31,PT,30.1682
RBI:PRF_LNGNFC_INDUS_ANN_RN(1.0),N_A,52,AFY,MNF_OTH,EXPD,2016,2015,0,2016-03-31,PT,-2.1163
RBI:PRF_LNGNFC_INDUS_ANN_RN(1.0),N_A,52,AFY,MNF_OTH,GROSS_PFT_EBIT,2016,2015,0,2016-03-31,PT,54.8639
RBI:PRF_LNGNFC_INDUS_ANN_RN(1.0),N_A,52,AFY,MNF_OTH,INT,2016,2015,0,2016-03-31,PT,-10.9763
RBI:PRF_LNGNFC_INDUS_ANN_RN(1.0),N_A,52,AFY,MNF_OTH,OPR_PFT,2016,2015,0,2016-03-31,PT,35.2439
RBI:PRF_LNGNFC_INDUS_ANN_RN(1.0),N_A,52,AFY,MNF_OTH,OTH_INC,2016,2015,0,2016-03-31,PT,-0.6384
RBI:PRF_LNGNFC_INDUS_ANN_RN(1.0),N_A,52,AFY,MNF_OTH,PC_SHARE_SAL,2016,2015,0,2016-03-31,PT,0.804677
RBI:PRF_LNGNFC_INDUS_ANN_RN(1.0),N_A,52,AFY,MNF_OTH,SALES,2016,2015,0,2016-03-31,INR,240585100000
RBI:PRF_LNGNFC_INDUS_ANN_RN(1.0),N_A,52,AFY,MNF_OTH,SALES,2016,2015,0,2016-03-31,PT,2.2548
RBI:PRF_LNGNFC_INDUS_ANN_RN(1.0),N_A,52,AFY,MNF_OTH,TAX_PROV,2016,2015,0,2016-03-31,PT,53.1955
RBI:PRF_LNGNFC_INDUS_ANN_RN(1.0),N_A,22,AFY,MNF_PETR_PRD,DEPRC,2016,2015,0,2016-03-31,PT,0.9059
RBI:PRF_LNGNFC_INDUS_ANN_RN(1.0),N_A,22,AFY,MNF_PETR_PRD,EBITDA,2016,2015,0,2016-03-31,PT,15.4278
RBI:PRF_LNGNFC_INDUS_ANN_RN(1.0),N_A,22,AFY,MNF_PETR_PRD,EXPD,2016,2015,0,2016-03-31,PT,-34.9805
RBI:PRF_LNGNFC_INDUS_ANN_RN(1.0),N_A,22,AFY,MNF_PETR_PRD,GROSS_PFT_EBIT,2016,2015,0,2016-03-31,PT,19.286
RBI:PRF_LNGNFC_INDUS_ANN_RN(1.0),N_A,22,AFY,MNF_PETR_PRD,INT,2016,2015,0,2016-03-31,PT,4.7563
RBI:PRF_LNGNFC_INDUS_ANN_RN(1.0),N_A,22,AFY,MNF_PETR_PRD,NET_PFT,2016,2015,0,2016-03-31,PT,19.5908
RBI:PRF_LNGNFC_INDUS_ANN_RN(1.0),N_A,22,AFY,MNF_PETR_PRD,OPR_PFT,2016,2015,0,2016-03-31,PT,22.4415
RBI:PRF_LNGNFC_INDUS_ANN_RN(1.0),N_A,22,AFY,MNF_PETR_PRD,OTH_INC,2016,2015,0,2016-03-31,PT,-10.1105
RBI:PRF_LNGNFC_INDUS_ANN_RN(1.0),N_A,22,AFY,MNF_PETR_PRD,PC_SHARE_SAL,2016,2015,0,2016-03-31,PT,8.108756
RBI:PRF_LNGNFC_INDUS_ANN_RN(1.0),N_A,22,AFY,MNF_PETR_PRD,SALES,2016,2015,0,2016-03-31,INR,2424383900000
RBI:PRF_LNGNFC_INDUS_ANN_RN(1.0),N_A,22,AFY,MNF_PETR_PRD,SALES,2016,2015,0,2016-03-31,PT,-28.372
RBI:PRF_LNGNFC_INDUS_ANN_RN(1.0),N_A,22,AFY,MNF_PETR_PRD,TAX_PROV,2016,2015,0,2016-03-31,PT,27.6112
RBI:PRF_LNGNFC_INDUS_ANN_RN(1.0),N_A,139,AFY,MNF_PM,DEPRC,2016,2015,0,2016-03-31,PT,-0.567
RBI:PRF_LNGNFC_INDUS_ANN_RN(1.0),N_A,139,AFY,MNF_PM,EBITDA,2016,2015,0,2016-03-31,PT,21.7703
RBI:PRF_LNGNFC_INDUS_ANN_RN(1.0),N_A,139,AFY,MNF_PM,EXPD,2016,2015,0,2016-03-31,PT,2.5507
RBI:PRF_LNGNFC_INDUS_ANN_RN(1.0),N_A,139,AFY,MNF_PM,GROSS_PFT_EBIT,2016,2015,0,2016-03-31,PT,27.4821
RBI:PRF_LNGNFC_INDUS_ANN_RN(1.0),N_A,139,AFY,MNF_PM,INT,2016,2015,0,2016-03-31,PT,7.5293
RBI:PRF_LNGNFC_INDUS_ANN_RN(1.0),N_A,139,AFY,MNF_PM,NET_PFT,2016,2015,0,2016-03-31,PT,28.1446
RBI:PRF_LNGNFC_INDUS_ANN_RN(1.0),N_A,139,AFY,MNF_PM,OPR_PFT,2016,2015,0,2016-03-31,PT,41.3064
RBI:PRF_LNGNFC_INDUS_ANN_RN(1.0),N_A,139,AFY,MNF_PM,OTH_INC,2016,2015,0,2016-03-31,PT,-43.0162
RBI:PRF_LNGNFC_INDUS_ANN_RN(1.0),N_A,139,AFY,MNF_PM,PC_SHARE_SAL,2016,2015,0,2016-03-31,PT,4.364002
RBI:PRF_LNGNFC_INDUS_ANN_RN(1.0),N_A,139,AFY,MNF_PM,SALES,2016,2015,0,2016-03-31,INR,1304764300000
RBI:PRF_LNGNFC_INDUS_ANN_RN(1.0),N_A,139,AFY,MNF_PM,SALES,2016,2015,0,2016-03-31,PT,10.1712
RBI:PRF_LNGNFC_INDUS_ANN_RN(1.0),N_A,139,AFY,MNF_PM,TAX_PROV,2016,2015,0,2016-03-31,PT,18.3944
RBI:PRF_LNGNFC_INDUS_ANN_RN(1.0),N_A,29,AFY,MNF_PNFFM,DEPRC,2016,2015,0,2016-03-31,PT,31.1152
RBI:PRF_LNGNFC_INDUS_ANN_RN(1.0),N_A,29,AFY,MNF_PNFFM,EBITDA,2016,2015,0,2016-03-31,PT,-5.9342
RBI:PRF_LNGNFC_INDUS_ANN_RN(1.0),N_A,29,AFY,MNF_PNFFM,EXPD,2016,2015,0,2016-03-31,PT,-0.8129
RBI:PRF_LNGNFC_INDUS_ANN_RN(1.0),N_A,29,AFY,MNF_PNFFM,GROSS_PFT_EBIT,2016,2015,0,2016-03-31,PT,-10.4262
RBI:PRF_LNGNFC_INDUS_ANN_RN(1.0),N_A,29,AFY,MNF_PNFFM,INT,2016,2015,0,2016-03-31,PT,38.2637
RBI:PRF_LNGNFC_INDUS_ANN_RN(1.0),N_A,29,AFY,MNF_PNFFM,NET_PFT,2016,2015,0,2016-03-31,PT,-5.1218
RBI:PRF_LNGNFC_INDUS_ANN_RN(1.0),N_A,29,AFY,MNF_PNFFM,OPR_PFT,2016,2015,0,2016-03-31,PT,-8.9409
RBI:PRF_LNGNFC_INDUS_ANN_RN(1.0),N_A,29,AFY,MNF_PNFFM,OTH_INC,2016,2015,0,2016-03-31,PT,3.195
RBI:PRF_LNGNFC_INDUS_ANN_RN(1.0),N_A,29,AFY,MNF_PNFFM,PC_SHARE_SAL,2016,2015,0,2016-03-31,PT,1.836805
RBI:PRF_LNGNFC_INDUS_ANN_RN(1.0),N_A,29,AFY,MNF_PNFFM,SALES,2016,2015,0,2016-03-31,INR,549174300000
RBI:PRF_LNGNFC_INDUS_ANN_RN(1.0),N_A,29,AFY,MNF_PNFFM,SALES,2016,2015,0,2016-03-31,PT,-1.5425
RBI:PRF_LNGNFC_INDUS_ANN_RN(1.0),N_A,29,AFY,MNF_PNFFM,TAX_PROV,2016,2015,0,2016-03-31,PT,-65.2247
RBI:PRF_LNGNFC_INDUS_ANN_RN(1.0),N_A,52,AFY,MNF_PNPD,DEPRC,2016,2015,0,2016-03-31,PT,11.8601
RBI:PRF_LNGNFC_INDUS_ANN_RN(1.0),N_A,52,AFY,MNF_PNPD,EBITDA,2016,2015,0,2016-03-31,PT,-0.3372
RBI:PRF_LNGNFC_INDUS_ANN_RN(1.0),N_A,52,AFY,MNF_PNPD,EXPD,2016,2015,0,2016-03-31,PT,-1.0201
RBI:PRF_LNGNFC_INDUS_ANN_RN(1.0),N_A,52,AFY,MNF_PNPD,GROSS_PFT_EBIT,2016,2015,0,2016-03-31,PT,-10.216
RBI:PRF_LNGNFC_INDUS_ANN_RN(1.0),N_A,52,AFY,MNF_PNPD,INT,2016,2015,0,2016-03-31,PT,11.8125
RBI:PRF_LNGNFC_INDUS_ANN_RN(1.0),N_A,52,AFY,MNF_PNPD,OPR_PFT,2016,2015,0,2016-03-31,PT,-4.3046
RBI:PRF_LNGNFC_INDUS_ANN_RN(1.0),N_A,52,AFY,MNF_PNPD,OTH_INC,2016,2015,0,2016-03-31,PT,55.9111
RBI:PRF_LNGNFC_INDUS_ANN_RN(1.0),N_A,52,AFY,MNF_PNPD,PC_SHARE_SAL,2016,2015,0,2016-03-31,PT,0.539149
RBI:PRF_LNGNFC_INDUS_ANN_RN(1.0),N_A,52,AFY,MNF_PNPD,SALES,2016,2015,0,2016-03-31,INR,161196700000
RBI:PRF_LNGNFC_INDUS_ANN_RN(1.0),N_A,52,AFY,MNF_PNPD,SALES,2016,2015,0,2016-03-31,PT,0.3013
RBI:PRF_LNGNFC_INDUS_ANN_RN(1.0),N_A,103,AFY,MNF_PP,DEPRC,2016,2015,0,2016-03-31,PT,7.7612
RBI:PRF_LNGNFC_INDUS_ANN_RN(1.0),N_A,103,AFY,MNF_PP,EBITDA,2016,2015,0,2016-03-31,PT,17.7156
RBI:PRF_LNGNFC_INDUS_ANN_RN(1.0),N_A,103,AFY,MNF_PP,EXPD,2016,2015,0,2016-03-31,PT,0.5276
RBI:PRF_LNGNFC_INDUS_ANN_RN(1.0),N_A,103,AFY,MNF_PP,GROSS_PFT_EBIT,2016,2015,0,2016-03-31,PT,21.3864
RBI:PRF_LNGNFC_INDUS_ANN_RN(1.0),N_A,103,AFY,MNF_PP,INT,2016,2015,0,2016-03-31,PT,-3.132
RBI:PRF_LNGNFC_INDUS_ANN_RN(1.0),N_A,103,AFY,MNF_PP,NET_PFT,2016,2015,0,2016-03-31,PT,34.7646
RBI:PRF_LNGNFC_INDUS_ANN_RN(1.0),N_A,103,AFY,MNF_PP,OPR_PFT,2016,2015,0,2016-03-31,PT,19.1711
RBI:PRF_LNGNFC_INDUS_ANN_RN(1.0),N_A,103,AFY,MNF_PP,OTH_INC,2016,2015,0,2016-03-31,PT,1.4897
RBI:PRF_LNGNFC_INDUS_ANN_RN(1.0),N_A,103,AFY,MNF_PP,PC_SHARE_SAL,2016,2015,0,2016-03-31,PT,1.367578
RBI:PRF_LNGNFC_INDUS_ANN_RN(1.0),N_A,103,AFY,MNF_PP,SALES,2016,2015,0,2016-03-31,INR,408883200000
RBI:PRF_LNGNFC_INDUS_ANN_RN(1.0),N_A,103,AFY,MNF_PP,SALES,2016,2015,0,2016-03-31,PT,3.6928
RBI:PRF_LNGNFC_INDUS_ANN_RN(1.0),N_A,103,AFY,MNF_PP,TAX_PROV,2016,2015,0,2016-03-31,PT,56.9583
RBI:PRF_LNGNFC_INDUS_ANN_RN(1.0),N_A,28,AFY,MNF_RRP,DEPRC,2016,2015,0,2016-03-31,PT,2.0892
RBI:PRF_LNGNFC_INDUS_ANN_RN(1.0),N_A,28,AFY,MNF_RRP,EBITDA,2016,2015,0,2016-03-31,PT,24.9669
RBI:PRF_LNGNFC_INDUS_ANN_RN(1.0),N_A,28,AFY,MNF_RRP,EXPD,2016,2015,0,2016-03-31,PT,-6.4001
RBI:PRF_LNGNFC_INDUS_ANN_RN(1.0),N_A,28,AFY,MNF_RRP,GROSS_PFT_EBIT,2016,2015,0,2016-03-31,PT,31.5214
RBI:PRF_LNGNFC_INDUS_ANN_RN(1.0),N_A,28,AFY,MNF_RRP,INT,2016,2015,0,2016-03-31,PT,-11.6632
RBI:PRF_LNGNFC_INDUS_ANN_RN(1.0),N_A,28,AFY,MNF_RRP,NET_PFT,2016,2015,0,2016-03-31,PT,58.9097
RBI:PRF_LNGNFC_INDUS_ANN_RN(1.0),N_A,28,AFY,MNF_RRP,OPR_PFT,2016,2015,0,2016-03-31,PT,18.7543
RBI:PRF_LNGNFC_INDUS_ANN_RN(1.0),N_A,28,AFY,MNF_RRP,OTH_INC,2016,2015,0,2016-03-31,PT,94.8319
RBI:PRF_LNGNFC_INDUS_ANN_RN(1.0),N_A,28,AFY,MNF_RRP,PC_SHARE_SAL,2016,2015,0,2016-03-31,PT,1.559367
RBI:PRF_LNGNFC_INDUS_ANN_RN(1.0),N_A,28,AFY,MNF_RRP,SALES,2016,2015,0,2016-03-31,INR,466225000000
RBI:PRF_LNGNFC_INDUS_ANN_RN(1.0),N_A,28,AFY,MNF_RRP,SALES,2016,2015,0,2016-03-31,PT,-2.3693
RBI:PRF_LNGNFC_INDUS_ANN_RN(1.0),N_A,28,AFY,MNF_RRP,TAX_PROV,2016,2015,0,2016-03-31,PT,37.2739
RBI:PRF_LNGNFC_INDUS_ANN_RN(1.0),N_A,7,AFY,MNF_TBC_PRD,DEPRC,2016,2015,0,2016-03-31,PT,6.2584
RBI:PRF_LNGNFC_INDUS_ANN_RN(1.0),N_A,7,AFY,MNF_TBC_PRD,EBITDA,2016,2015,0,2016-03-31,PT,2.6645
RBI:PRF_LNGNFC_INDUS_ANN_RN(1.0),N_A,7,AFY,MNF_TBC_PRD,EXPD,2016,2015,0,2016-03-31,PT,-1.2577
RBI:PRF_LNGNFC_INDUS_ANN_RN(1.0),N_A,7,AFY,MNF_TBC_PRD,GROSS_PFT_EBIT,2016,2015,0,2016-03-31,PT,2.3938
RBI:PRF_LNGNFC_INDUS_ANN_RN(1.0),N_A,7,AFY,MNF_TBC_PRD,INT,2016,2015,0,2016-03-31,PT,-16.1627
RBI:PRF_LNGNFC_INDUS_ANN_RN(1.0),N_A,7,AFY,MNF_TBC_PRD,NET_PFT,2016,2015,0,2016-03-31,PT,-3.2346
RBI:PRF_LNGNFC_INDUS_ANN_RN(1.0),N_A,7,AFY,MNF_TBC_PRD,OPR_PFT,2016,2015,0,2016-03-31,PT,1.3663
RBI:PRF_LNGNFC_INDUS_ANN_RN(1.0),N_A,7,AFY,MNF_TBC_PRD,OTH_INC,2016,2015,0,2016-03-31,PT,14.1063
RBI:PRF_LNGNFC_INDUS_ANN_RN(1.0),N_A,7,AFY,MNF_TBC_PRD,PC_SHARE_SAL,2016,2015,0,2016-03-31,PT,1.337932
RBI:PRF_LNGNFC_INDUS_ANN_RN(1.0),N_A,7,AFY,MNF_TBC_PRD,SALES,2016,2015,0,2016-03-31,INR,400019400000
RBI:PRF_LNGNFC_INDUS_ANN_RN(1.0),N_A,7,AFY,MNF_TBC_PRD,SALES,2016,2015,0,2016-03-31,PT,-0.1846
RBI:PRF_LNGNFC_INDUS_ANN_RN(1.0),N_A,7,AFY,MNF_TBC_PRD,TAX_PROV,2016,2015,0,2016-03-31,PT,25.174
RBI:PRF_LNGNFC_INDUS_ANN_RN(1.0),N_A,302,AFY,MNF_TXT,DEPRC,2016,2015,0,2016-03-31,PT,-13.0637
RBI:PRF_LNGNFC_INDUS_ANN_RN(1.0),N_A,302,AFY,MNF_TXT,EBITDA,2016,2015,0,2016-03-31,PT,-25.7363
RBI:PRF_LNGNFC_INDUS_ANN_RN(1.0),N_A,302,AFY,MNF_TXT,EXPD,2016,2015,0,2016-03-31,PT,-8.1855
RBI:PRF_LNGNFC_INDUS_ANN_RN(1.0),N_A,302,AFY,MNF_TXT,GROSS_PFT_EBIT,2016,2015,0,2016-03-31,PT,-32.6605
RBI:PRF_LNGNFC_INDUS_ANN_RN(1.0),N_A,302,AFY,MNF_TXT,INT,2016,2015,0,2016-03-31,PT,-12.384
RBI:PRF_LNGNFC_INDUS_ANN_RN(1.0),N_A,302,AFY,MNF_TXT,OPR_PFT,2016,2015,0,2016-03-31,PT,-29.3993
RBI:PRF_LNGNFC_INDUS_ANN_RN(1.0),N_A,302,AFY,MNF_TXT,OTH_INC,2016,2015,0,2016-03-31,PT,2.928
RBI:PRF_LNGNFC_INDUS_ANN_RN(1.0),N_A,302,AFY,MNF_TXT,PC_SHARE_SAL,2016,2015,0,2016-03-31,PT,4.704612
RBI:PRF_LNGNFC_INDUS_ANN_RN(1.0),N_A,302,AFY,MNF_TXT,SALES,2016,2015,0,2016-03-31,INR,1406601200000
RBI:PRF_LNGNFC_INDUS_ANN_RN(1.0),N_A,302,AFY,MNF_TXT,SALES,2016,2015,0,2016-03-31,PT,-8.8405
RBI:PRF_LNGNFC_INDUS_ANN_RN(1.0),N_A,302,AFY,MNF_TXT,TAX_PROV,2016,2015,0,2016-03-31,PT,-105.6319
RBI:PRF_LNGNFC_INDUS_ANN_RN(1.0),N_A,16,AFY,MNF_WOOD_PRD,DEPRC,2016,2015,0,2016-03-31,PT,1.6725
RBI:PRF_LNGNFC_INDUS_ANN_RN(1.0),N_A,16,AFY,MNF_WOOD_PRD,EBITDA,2016,2015,0,2016-03-31,PT,15.3638
RBI:PRF_LNGNFC_INDUS_ANN_RN(1.0),N_A,16,AFY,MNF_WOOD_PRD,EXPD,2016,2015,0,2016-03-31,PT,3.5597
RBI:PRF_LNGNFC_INDUS_ANN_RN(1.0),N_A,16,AFY,MNF_WOOD_PRD,GROSS_PFT_EBIT,2016,2015,0,2016-03-31,PT,19.25
RBI:PRF_LNGNFC_INDUS_ANN_RN(1.0),N_A,16,AFY,MNF_WOOD_PRD,INT,2016,2015,0,2016-03-31,PT,-2.8619
RBI:PRF_LNGNFC_INDUS_ANN_RN(1.0),N_A,16,AFY,MNF_WOOD_PRD,NET_PFT,2016,2015,0,2016-03-31,PT,14.6994
RBI:PRF_LNGNFC_INDUS_ANN_RN(1.0),N_A,16,AFY,MNF_WOOD_PRD,OPR_PFT,2016,2015,0,2016-03-31,PT,16.8556
RBI:PRF_LNGNFC_INDUS_ANN_RN(1.0),N_A,16,AFY,MNF_WOOD_PRD,OTH_INC,2016,2015,0,2016-03-31,PT,-17.4522
RBI:PRF_LNGNFC_INDUS_ANN_RN(1.0),N_A,16,AFY,MNF_WOOD_PRD,PC_SHARE_SAL,2016,2015,0,2016-03-31,PT,0.192747
RBI:PRF_LNGNFC_INDUS_ANN_RN(1.0),N_A,16,AFY,MNF_WOOD_PRD,SALES,2016,2015,0,2016-03-31,INR,57628100000
RBI:PRF_LNGNFC_INDUS_ANN_RN(1.0),N_A,16,AFY,MNF_WOOD_PRD,SALES,2016,2015,0,2016-03-31,PT,6.5258
RBI:PRF_LNGNFC_INDUS_ANN_RN(1.0),N_A,16,AFY,MNF_WOOD_PRD,TAX_PROV,2016,2015,0,2016-03-31,PT,69.2916
RBI:PRF_LNGNFC_INDUS_ANN_RN(1.0),N_A,547,AFY,SERV_OTH_IT,DEPRC,2016,2015,0,2016-03-31,PT,13.3336
RBI:PRF_LNGNFC_INDUS_ANN_RN(1.0),N_A,547,AFY,SERV_OTH_IT,EBITDA,2016,2015,0,2016-03-31,PT,8.1867
RBI:PRF_LNGNFC_INDUS_ANN_RN(1.0),N_A,547,AFY,SERV_OTH_IT,EXPD,2016,2015,0,2016-03-31,PT,0.2654
RBI:PRF_LNGNFC_INDUS_ANN_RN(1.0),N_A,547,AFY,SERV_OTH_IT,GROSS_PFT_EBIT,2016,2015,0,2016-03-31,PT,5.3545
RBI:PRF_LNGNFC_INDUS_ANN_RN(1.0),N_A,547,AFY,SERV_OTH_IT,INT,2016,2015,0,2016-03-31,PT,9.314
RBI:PRF_LNGNFC_INDUS_ANN_RN(1.0),N_A,547,AFY,SERV_OTH_IT,NET_PFT,2016,2015,0,2016-03-31,PT,-16.9471
RBI:PRF_LNGNFC_INDUS_ANN_RN(1.0),N_A,547,AFY,SERV_OTH_IT,OPR_PFT,2016,2015,0,2016-03-31,PT,21.9148
RBI:PRF_LNGNFC_INDUS_ANN_RN(1.0),N_A,547,AFY,SERV_OTH_IT,OTH_INC,2016,2015,0,2016-03-31,PT,-39.8503
RBI:PRF_LNGNFC_INDUS_ANN_RN(1.0),N_A,547,AFY,SERV_OTH_IT,PC_SHARE_SAL,2016,2015,0,2016-03-31,PT,10.860282
RBI:PRF_LNGNFC_INDUS_ANN_RN(1.0),N_A,547,AFY,SERV_OTH_IT,SALES,2016,2015,0,2016-03-31,INR,3247044400000
RBI:PRF_LNGNFC_INDUS_ANN_RN(1.0),N_A,547,AFY,SERV_OTH_IT,SALES,2016,2015,0,2016-03-31,PT,4.8787
RBI:PRF_LNGNFC_INDUS_ANN_RN(1.0),N_A,547,AFY,SERV_OTH_IT,TAX_PROV,2016,2015,0,2016-03-31,PT,-17.2105
RBI:PRF_LNGNFC_INDUS_ANN_RN(1.0),N_A,33,AFY,SOI_BSS,DEPRC,2016,2015,0,2016-03-31,PT,-0.8884
RBI:PRF_LNGNFC_INDUS_ANN_RN(1.0),N_A,33,AFY,SOI_BSS,EBITDA,2016,2015,0,2016-03-31,PT,8.219
RBI:PRF_LNGNFC_INDUS_ANN_RN(1.0),N_A,33,AFY,SOI_BSS,EXPD,2016,2015,0,2016-03-31,PT,5.8363
RBI:PRF_LNGNFC_INDUS_ANN_RN(1.0),N_A,33,AFY,SOI_BSS,GROSS_PFT_EBIT,2016,2015,0,2016-03-31,PT,11.4932
RBI:PRF_LNGNFC_INDUS_ANN_RN(1.0),N_A,33,AFY,SOI_BSS,INT,2016,2015,0,2016-03-31,PT,-19.3193
RBI:PRF_LNGNFC_INDUS_ANN_RN(1.0),N_A,33,AFY,SOI_BSS,NET_PFT,2016,2015,0,2016-03-31,PT,29.7928
RBI:PRF_LNGNFC_INDUS_ANN_RN(1.0),N_A,33,AFY,SOI_BSS,OPR_PFT,2016,2015,0,2016-03-31,PT,14.1318
RBI:PRF_LNGNFC_INDUS_ANN_RN(1.0),N_A,33,AFY,SOI_BSS,OTH_INC,2016,2015,0,2016-03-31,PT,-24.4759
RBI:PRF_LNGNFC_INDUS_ANN_RN(1.0),N_A,33,AFY,SOI_BSS,PC_SHARE_SAL,2016,2015,0,2016-03-31,PT,0.318609
RBI:PRF_LNGNFC_INDUS_ANN_RN(1.0),N_A,33,AFY,SOI_BSS,SALES,2016,2015,0,2016-03-31,INR,95258900000
RBI:PRF_LNGNFC_INDUS_ANN_RN(1.0),N_A,33,AFY,SOI_BSS,SALES,2016,2015,0,2016-03-31,PT,7.3059
RBI:PRF_LNGNFC_INDUS_ANN_RN(1.0),N_A,33,AFY,SOI_BSS,TAX_PROV,2016,2015,0,2016-03-31,PT,-15.4703
RBI:PRF_LNGNFC_INDUS_ANN_RN(1.0),N_A,48,AFY,SOI_HNR,DEPRC,2016,2015,0,2016-03-31,PT,0.5092
RBI:PRF_LNGNFC_INDUS_ANN_RN(1.0),N_A,48,AFY,SOI_HNR,EBITDA,2016,2015,0,2016-03-31,PT,14.8234
RBI:PRF_LNGNFC_INDUS_ANN_RN(1.0),N_A,48,AFY,SOI_HNR,EXPD,2016,2015,0,2016-03-31,PT,8.7208
RBI:PRF_LNGNFC_INDUS_ANN_RN(1.0),N_A,48,AFY,SOI_HNR,GROSS_PFT_EBIT,2016,2015,0,2016-03-31,PT,27.943
RBI:PRF_LNGNFC_INDUS_ANN_RN(1.0),N_A,48,AFY,SOI_HNR,INT,2016,2015,0,2016-03-31,PT,-16.4567
RBI:PRF_LNGNFC_INDUS_ANN_RN(1.0),N_A,48,AFY,SOI_HNR,OPR_PFT,2016,2015,0,2016-03-31,PT,14.0684
RBI:PRF_LNGNFC_INDUS_ANN_RN(1.0),N_A,48,AFY,SOI_HNR,OTH_INC,2016,2015,0,2016-03-31,PT,20.4831
RBI:PRF_LNGNFC_INDUS_ANN_RN(1.0),N_A,48,AFY,SOI_HNR,PC_SHARE_SAL,2016,2015,0,2016-03-31,PT,0.302143
RBI:PRF_LNGNFC_INDUS_ANN_RN(1.0),N_A,48,AFY,SOI_HNR,SALES,2016,2015,0,2016-03-31,INR,90335900000
RBI:PRF_LNGNFC_INDUS_ANN_RN(1.0),N_A,48,AFY,SOI_HNR,SALES,2016,2015,0,2016-03-31,PT,9.737
RBI:PRF_LNGNFC_INDUS_ANN_RN(1.0),N_A,48,AFY,SOI_HNR,TAX_PROV,2016,2015,0,2016-03-31,PT,42.7709
RBI:PRF_LNGNFC_INDUS_ANN_RN(1.0),N_A,19,AFY,SOI_HS,DEPRC,2016,2015,0,2016-03-31,PT,13.842
RBI:PRF_LNGNFC_INDUS_ANN_RN(1.0),N_A,19,AFY,SOI_HS,EBITDA,2016,2015,0,2016-03-31,PT,4.1046
RBI:PRF_LNGNFC_INDUS_ANN_RN(1.0),N_A,19,AFY,SOI_HS,EXPD,2016,2015,0,2016-03-31,PT,15.0233
RBI:PRF_LNGNFC_INDUS_ANN_RN(1.0),N_A,19,AFY,SOI_HS,GROSS_PFT_EBIT,2016,2015,0,2016-03-31,PT,0.5249
RBI:PRF_LNGNFC_INDUS_ANN_RN(1.0),N_A,19,AFY,SOI_HS,INT,2016,2015,0,2016-03-31,PT,13.169
RBI:PRF_LNGNFC_INDUS_ANN_RN(1.0),N_A,19,AFY,SOI_HS,NET_PFT,2016,2015,0,2016-03-31,PT,-4.391
RBI:PRF_LNGNFC_INDUS_ANN_RN(1.0),N_A,19,AFY,SOI_HS,OPR_PFT,2016,2015,0,2016-03-31,PT,11.6766
RBI:PRF_LNGNFC_INDUS_ANN_RN(1.0),N_A,19,AFY,SOI_HS,OTH_INC,2016,2015,0,2016-03-31,PT,-15.7785
RBI:PRF_LNGNFC_INDUS_ANN_RN(1.0),N_A,19,AFY,SOI_HS,PC_SHARE_SAL,2016,2015,0,2016-03-31,PT,0.256761
RBI:PRF_LNGNFC_INDUS_ANN_RN(1.0),N_A,19,AFY,SOI_HS,SALES,2016,2015,0,2016-03-31,INR,76767400000
RBI:PRF_LNGNFC_INDUS_ANN_RN(1.0),N_A,19,AFY,SOI_HS,SALES,2016,2015,0,2016-03-31,PT,14.3488
RBI:PRF_LNGNFC_INDUS_ANN_RN(1.0),N_A,19,AFY,SOI_HS,TAX_PROV,2016,2015,0,2016-03-31,PT,42.0492
RBI:PRF_LNGNFC_INDUS_ANN_RN(1.0),N_A,80,AFY,SOI_OTH,DEPRC,2016,2015,0,2016-03-31,PT,5.2781
RBI:PRF_LNGNFC_INDUS_ANN_RN(1.0),N_A,80,AFY,SOI_OTH,EBITDA,2016,2015,0,2016-03-31,PT,23.0772
RBI:PRF_LNGNFC_INDUS_ANN_RN(1.0),N_A,80,AFY,SOI_OTH,EXPD,2016,2015,0,2016-03-31,PT,7.9186
RBI:PRF_LNGNFC_INDUS_ANN_RN(1.0),N_A,80,AFY,SOI_OTH,GROSS_PFT_EBIT,2016,2015,0,2016-03-31,PT,29.0082
RBI:PRF_LNGNFC_INDUS_ANN_RN(1.0),N_A,80,AFY,SOI_OTH,INT,2016,2015,0,2016-03-31,PT,2.2463
RBI:PRF_LNGNFC_INDUS_ANN_RN(1.0),N_A,80,AFY,SOI_OTH,OPR_PFT,2016,2015,0,2016-03-31,PT,26.8408
RBI:PRF_LNGNFC_INDUS_ANN_RN(1.0),N_A,80,AFY,SOI_OTH,OTH_INC,2016,2015,0,2016-03-31,PT,9.9229
RBI:PRF_LNGNFC_INDUS_ANN_RN(1.0),N_A,80,AFY,SOI_OTH,PC_SHARE_SAL,2016,2015,0,2016-03-31,PT,0.694543
RBI:PRF_LNGNFC_INDUS_ANN_RN(1.0),N_A,80,AFY,SOI_OTH,SALES,2016,2015,0,2016-03-31,INR,207656800000
RBI:PRF_LNGNFC_INDUS_ANN_RN(1.0),N_A,80,AFY,SOI_OTH,SALES,2016,2015,0,2016-03-31,PT,11.6774
RBI:PRF_LNGNFC_INDUS_ANN_RN(1.0),N_A,80,AFY,SOI_OTH,TAX_PROV,2016,2015,0,2016-03-31,PT,45.1715
RBI:PRF_LNGNFC_INDUS_ANN_RN(1.0),N_A,42,AFY,SOI_RE,DEPRC,2016,2015,0,2016-03-31,PT,10.7192
RBI:PRF_LNGNFC_INDUS_ANN_RN(1.0),N_A,42,AFY,SOI_RE,EBITDA,2016,2015,0,2016-03-31,PT,-17.8127
RBI:PRF_LNGNFC_INDUS_ANN_RN(1.0),N_A,42,AFY,SOI_RE,EXPD,2016,2015,0,2016-03-31,PT,3.5638
RBI:PRF_LNGNFC_INDUS_ANN_RN(1.0),N_A,42,AFY,SOI_RE,GROSS_PFT_EBIT,2016,2015,0,2016-03-31,PT,-19.2112
RBI:PRF_LNGNFC_INDUS_ANN_RN(1.0),N_A,42,AFY,SOI_RE,INT,2016,2015,0,2016-03-31,PT,-0.1049
RBI:PRF_LNGNFC_INDUS_ANN_RN(1.0),N_A,42,AFY,SOI_RE,NET_PFT,2016,2015,0,2016-03-31,PT,-7.4472
RBI:PRF_LNGNFC_INDUS_ANN_RN(1.0),N_A,42,AFY,SOI_RE,OPR_PFT,2016,2015,0,2016-03-31,PT,-26.1211
RBI:PRF_LNGNFC_INDUS_ANN_RN(1.0),N_A,42,AFY,SOI_RE,OTH_INC,2016,2015,0,2016-03-31,PT,-0.136
RBI:PRF_LNGNFC_INDUS_ANN_RN(1.0),N_A,42,AFY,SOI_RE,PC_SHARE_SAL,2016,2015,0,2016-03-31,PT,0.41433
RBI:PRF_LNGNFC_INDUS_ANN_RN(1.0),N_A,42,AFY,SOI_RE,SALES,2016,2015,0,2016-03-31,INR,123877800000
RBI:PRF_LNGNFC_INDUS_ANN_RN(1.0),N_A,42,AFY,SOI_RE,SALES,2016,2015,0,2016-03-31,PT,6.2492
RBI:PRF_LNGNFC_INDUS_ANN_RN(1.0),N_A,42,AFY,SOI_RE,TAX_PROV,2016,2015,0,2016-03-31,PT,-50.0727
RBI:PRF_LNGNFC_INDUS_ANN_RN(1.0),N_A,12,AFY,SOI_TCOMM,DEPRC,2016,2015,0,2016-03-31,PT,20.6558
RBI:PRF_LNGNFC_INDUS_ANN_RN(1.0),N_A,12,AFY,SOI_TCOMM,EBITDA,2016,2015,0,2016-03-31,PT,0.9063
RBI:PRF_LNGNFC_INDUS_ANN_RN(1.0),N_A,12,AFY,SOI_TCOMM,EXPD,2016,2015,0,2016-03-31,PT,2.7192
RBI:PRF_LNGNFC_INDUS_ANN_RN(1.0),N_A,12,AFY,SOI_TCOMM,GROSS_PFT_EBIT,2016,2015,0,2016-03-31,PT,-13.1114
RBI:PRF_LNGNFC_INDUS_ANN_RN(1.0),N_A,12,AFY,SOI_TCOMM,INT,2016,2015,0,2016-03-31,PT,37.2148
RBI:PRF_LNGNFC_INDUS_ANN_RN(1.0),N_A,12,AFY,SOI_TCOMM,NET_PFT,2016,2015,0,2016-03-31,PT,-64.4583
RBI:PRF_LNGNFC_INDUS_ANN_RN(1.0),N_A,12,AFY,SOI_TCOMM,OPR_PFT,2016,2015,0,2016-03-31,PT,18.9737
RBI:PRF_LNGNFC_INDUS_ANN_RN(1.0),N_A,12,AFY,SOI_TCOMM,OTH_INC,2016,2015,0,2016-03-31,PT,-84.9749
RBI:PRF_LNGNFC_INDUS_ANN_RN(1.0),N_A,12,AFY,SOI_TCOMM,PC_SHARE_SAL,2016,2015,0,2016-03-31,PT,3.904219
RBI:PRF_LNGNFC_INDUS_ANN_RN(1.0),N_A,12,AFY,SOI_TCOMM,SALES,2016,2015,0,2016-03-31,INR,1167296800000
RBI:PRF_LNGNFC_INDUS_ANN_RN(1.0),N_A,12,AFY,SOI_TCOMM,SALES,2016,2015,0,2016-03-31,PT,7.5863
RBI:PRF_LNGNFC_INDUS_ANN_RN(1.0),N_A,12,AFY,SOI_TCOMM,TAX_PROV,2016,2015,0,2016-03-31,PT,-29.7365
RBI:PRF_LNGNFC_INDUS_ANN_RN(1.0),N_A,43,AFY,SOI_TSS,DEPRC,2016,2015,0,2016-03-31,PT,10.727
RBI:PRF_LNGNFC_INDUS_ANN_RN(1.0),N_A,43,AFY,SOI_TSS,EBITDA,2016,2015,0,2016-03-31,PT,59.7789
RBI:PRF_LNGNFC_INDUS_ANN_RN(1.0),N_A,43,AFY,SOI_TSS,EXPD,2016,2015,0,2016-03-31,PT,-5.1111
RBI:PRF_LNGNFC_INDUS_ANN_RN(1.0),N_A,43,AFY,SOI_TSS,GROSS_PFT_EBIT,2016,2015,0,2016-03-31,PT,89.3817
RBI:PRF_LNGNFC_INDUS_ANN_RN(1.0),N_A,43,AFY,SOI_TSS,INT,2016,2015,0,2016-03-31,PT,-0.631
RBI:PRF_LNGNFC_INDUS_ANN_RN(1.0),N_A,43,AFY,SOI_TSS,OPR_PFT,2016,2015,0,2016-03-31,PT,99.9053
RBI:PRF_LNGNFC_INDUS_ANN_RN(1.0),N_A,43,AFY,SOI_TSS,OTH_INC,2016,2015,0,2016-03-31,PT,-5.2807
RBI:PRF_LNGNFC_INDUS_ANN_RN(1.0),N_A,43,AFY,SOI_TSS,PC_SHARE_SAL,2016,2015,0,2016-03-31,PT,1.622913
RBI:PRF_LNGNFC_INDUS_ANN_RN(1.0),N_A,43,AFY,SOI_TSS,SALES,2016,2015,0,2016-03-31,INR,485224200000
RBI:PRF_LNGNFC_INDUS_ANN_RN(1.0),N_A,43,AFY,SOI_TSS,SALES,2016,2015,0,2016-03-31,PT,5.4655
RBI:PRF_LNGNFC_INDUS_ANN_RN(1.0),N_A,52,AFY,SOI_VTPB,DEPRC,2016,2015,0,2016-03-31,PT,-27.4833
RBI:PRF_LNGNFC_INDUS_ANN_RN(1.0),N_A,52,AFY,SOI_VTPB,EBITDA,2016,2015,0,2016-03-31,PT,8.3805
RBI:PRF_LNGNFC_INDUS_ANN_RN(1.0),N_A,52,AFY,SOI_VTPB,EXPD,2016,2015,0,2016-03-31,PT,11.4492
RBI:PRF_LNGNFC_INDUS_ANN_RN(1.0),N_A,52,AFY,SOI_VTPB,GROSS_PFT_EBIT,2016,2015,0,2016-03-31,PT,30.4074
RBI:PRF_LNGNFC_INDUS_ANN_RN(1.0),N_A,52,AFY,SOI_VTPB,INT,2016,2015,0,2016-03-31,PT,-7.5296
RBI:PRF_LNGNFC_INDUS_ANN_RN(1.0),N_A,52,AFY,SOI_VTPB,NET_PFT,2016,2015,0,2016-03-31,PT,58.73
RBI:PRF_LNGNFC_INDUS_ANN_RN(1.0),N_A,52,AFY,SOI_VTPB,OPR_PFT,2016,2015,0,2016-03-31,PT,9.0084
RBI:PRF_LNGNFC_INDUS_ANN_RN(1.0),N_A,52,AFY,SOI_VTPB,OTH_INC,2016,2015,0,2016-03-31,PT,4.0516
RBI:PRF_LNGNFC_INDUS_ANN_RN(1.0),N_A,52,AFY,SOI_VTPB,PC_SHARE_SAL,2016,2015,0,2016-03-31,PT,0.709708
RBI:PRF_LNGNFC_INDUS_ANN_RN(1.0),N_A,52,AFY,SOI_VTPB,SALES,2016,2015,0,2016-03-31,INR,212190900000
RBI:PRF_LNGNFC_INDUS_ANN_RN(1.0),N_A,52,AFY,SOI_VTPB,SALES,2016,2015,0,2016-03-31,PT,10.7659
RBI:PRF_LNGNFC_INDUS_ANN_RN(1.0),N_A,52,AFY,SOI_VTPB,TAX_PROV,2016,2015,0,2016-03-31,PT,78.8758
RBI:PRF_LNGNFC_INDUS_ANN_RN(1.0),N_A,218,AFY,SOI_WRT,DEPRC,2016,2015,0,2016-03-31,PT,13.5672
RBI:PRF_LNGNFC_INDUS_ANN_RN(1.0),N_A,218,AFY,SOI_WRT,EBITDA,2016,2015,0,2016-03-31,PT,8.4379
RBI:PRF_LNGNFC_INDUS_ANN_RN(1.0),N_A,218,AFY,SOI_WRT,EXPD,2016,2015,0,2016-03-31,PT,-5.5824
RBI:PRF_LNGNFC_INDUS_ANN_RN(1.0),N_A,218,AFY,SOI_WRT,GROSS_PFT_EBIT,2016,2015,0,2016-03-31,PT,6.3103
RBI:PRF_LNGNFC_INDUS_ANN_RN(1.0),N_A,218,AFY,SOI_WRT,INT,2016,2015,0,2016-03-31,PT,-5.6558
RBI:PRF_LNGNFC_INDUS_ANN_RN(1.0),N_A,218,AFY,SOI_WRT,NET_PFT,2016,2015,0,2016-03-31,PT,-3.2112
RBI:PRF_LNGNFC_INDUS_ANN_RN(1.0),N_A,218,AFY,SOI_WRT,OPR_PFT,2016,2015,0,2016-03-31,PT,28.8744
RBI:PRF_LNGNFC_INDUS_ANN_RN(1.0),N_A,218,AFY,SOI_WRT,OTH_INC,2016,2015,0,2016-03-31,PT,-23.7084
RBI:PRF_LNGNFC_INDUS_ANN_RN(1.0),N_A,218,AFY,SOI_WRT,PC_SHARE_SAL,2016,2015,0,2016-03-31,PT,2.637055
RBI:PRF_LNGNFC_INDUS_ANN_RN(1.0),N_A,218,AFY,SOI_WRT,SALES,2016,2015,0,2016-03-31,INR,788435700000
RBI:PRF_LNGNFC_INDUS_ANN_RN(1.0),N_A,218,AFY,SOI_WRT,SALES,2016,2015,0,2016-03-31,PT,-3.6856
RBI:PRF_LNGNFC_INDUS_ANN_RN(1.0),N_A,218,AFY,SOI_WRT,TAX_PROV,2016,2015,0,2016-03-31,PT,5.2075
RBI:PRF_LNGNFC_INDUS_ANN_RN(1.0),N_A,48,AFY,AGR_REL_ACT,DEPRC,2017,2016,0,2017-03-31,PT,-7.8485
RBI:PRF_LNGNFC_INDUS_ANN_RN(1.0),N_A,48,AFY,AGR_REL_ACT,EBITDA,2017,2016,0,2017-03-31,PT,20.9047
RBI:PRF_LNGNFC_INDUS_ANN_RN(1.0),N_A,48,AFY,AGR_REL_ACT,EXPD,2017,2016,0,2017-03-31,PT,3.3048
RBI:PRF_LNGNFC_INDUS_ANN_RN(1.0),N_A,48,AFY,AGR_REL_ACT,GROSS_PFT_EBIT,2017,2016,0,2017-03-31,PT,34.6962
RBI:PRF_LNGNFC_INDUS_ANN_RN(1.0),N_A,48,AFY,AGR_REL_ACT,INT,2017,2016,0,2017-03-31,PT,-5.4813
RBI:PRF_LNGNFC_INDUS_ANN_RN(1.0),N_A,48,AFY,AGR_REL_ACT,NET_PFT,2017,2016,0,2017-03-31,PT,20.1096
RBI:PRF_LNGNFC_INDUS_ANN_RN(1.0),N_A,48,AFY,AGR_REL_ACT,OPR_PFT,2017,2016,0,2017-03-31,PT,12.9878
RBI:PRF_LNGNFC_INDUS_ANN_RN(1.0),N_A,48,AFY,AGR_REL_ACT,OTH_INC,2017,2016,0,2017-03-31,PT,38.1778
RBI:PRF_LNGNFC_INDUS_ANN_RN(1.0),N_A,48,AFY,AGR_REL_ACT,PC_SHARE_SAL,2017,2016,0,2017-03-31,PT,0.301722
RBI:PRF_LNGNFC_INDUS_ANN_RN(1.0),N_A,48,AFY,AGR_REL_ACT,SALES,2017,2016,0,2017-03-31,INR,94488000000
RBI:PRF_LNGNFC_INDUS_ANN_RN(1.0),N_A,48,AFY,AGR_REL_ACT,SALES,2017,2016,0,2017-03-31,PT,3.2039
RBI:PRF_LNGNFC_INDUS_ANN_RN(1.0),N_A,31,AFY,AGR_REL_ACT_OTH,DEPRC,2017,2016,0,2017-03-31,PT,-11.9569
RBI:PRF_LNGNFC_INDUS_ANN_RN(1.0),N_A,31,AFY,AGR_REL_ACT_OTH,EBITDA,2017,2016,0,2017-03-31,PT,19.7006
RBI:PRF_LNGNFC_INDUS_ANN_RN(1.0),N_A,31,AFY,AGR_REL_ACT_OTH,EXPD,2017,2016,0,2017-03-31,PT,8.646
RBI:PRF_LNGNFC_INDUS_ANN_RN(1.0),N_A,31,AFY,AGR_REL_ACT_OTH,GROSS_PFT_EBIT,2017,2016,0,2017-03-31,PT,29.8132
RBI:PRF_LNGNFC_INDUS_ANN_RN(1.0),N_A,31,AFY,AGR_REL_ACT_OTH,INT,2017,2016,0,2017-03-31,PT,-17.4267
RBI:PRF_LNGNFC_INDUS_ANN_RN(1.0),N_A,31,AFY,AGR_REL_ACT_OTH,NET_PFT,2017,2016,0,2017-03-31,PT,-16.1999
RBI:PRF_LNGNFC_INDUS_ANN_RN(1.0),N_A,31,AFY,AGR_REL_ACT_OTH,OPR_PFT,2017,2016,0,2017-03-31,PT,19.9986
RBI:PRF_LNGNFC_INDUS_ANN_RN(1.0),N_A,31,AFY,AGR_REL_ACT_OTH,OTH_INC,2017,2016,0,2017-03-31,PT,18.5337
RBI:PRF_LNGNFC_INDUS_ANN_RN(1.0),N_A,31,AFY,AGR_REL_ACT_OTH,PC_SHARE_SAL,2017,2016,0,2017-03-31,PT,0.186124
RBI:PRF_LNGNFC_INDUS_ANN_RN(1.0),N_A,31,AFY,AGR_REL_ACT_OTH,SALES,2017,2016,0,2017-03-31,INR,58287200000
RBI:PRF_LNGNFC_INDUS_ANN_RN(1.0),N_A,31,AFY,AGR_REL_ACT_OTH,SALES,2017,2016,0,2017-03-31,PT,8.3029
RBI:PRF_LNGNFC_INDUS_ANN_RN(1.0),N_A,17,AFY,ARA_TCP,DEPRC,2017,2016,0,2017-03-31,PT,-4.0473
RBI:PRF_LNGNFC_INDUS_ANN_RN(1.0),N_A,17,AFY,ARA_TCP,EBITDA,2017,2016,0,2017-03-31,PT,23.0779
RBI:PRF_LNGNFC_INDUS_ANN_RN(1.0),N_A,17,AFY,ARA_TCP,EXPD,2017,2016,0,2017-03-31,PT,-3.9176
RBI:PRF_LNGNFC_INDUS_ANN_RN(1.0),N_A,17,AFY,ARA_TCP,GROSS_PFT_EBIT,2017,2016,0,2017-03-31,PT,47.3531
RBI:PRF_LNGNFC_INDUS_ANN_RN(1.0),N_A,17,AFY,ARA_TCP,INT,2017,2016,0,2017-03-31,PT,10.0587
RBI:PRF_LNGNFC_INDUS_ANN_RN(1.0),N_A,17,AFY,ARA_TCP,OPR_PFT,2017,2016,0,2017-03-31,PT,-7.7632
RBI:PRF_LNGNFC_INDUS_ANN_RN(1.0),N_A,17,AFY,ARA_TCP,OTH_INC,2017,2016,0,2017-03-31,PT,52.2046
RBI:PRF_LNGNFC_INDUS_ANN_RN(1.0),N_A,17,AFY,ARA_TCP,PC_SHARE_SAL,2017,2016,0,2017-03-31,PT,0.115597
RBI:PRF_LNGNFC_INDUS_ANN_RN(1.0),N_A,17,AFY,ARA_TCP,SALES,2017,2016,0,2017-03-31,INR,36200800000
RBI:PRF_LNGNFC_INDUS_ANN_RN(1.0),N_A,17,AFY,ARA_TCP,SALES,2017,2016,0,2017-03-31,PT,-4.0683
RBI:PRF_LNGNFC_INDUS_ANN_RN(1.0),N_A,17,AFY,ARA_TCP,TAX_PROV,2017,2016,0,2017-03-31,PT,-135.0859
RBI:PRF_LNGNFC_INDUS_ANN_RN(1.0),N_A,180,AFY,CONSTRN,DEPRC,2017,2016,0,2017-03-31,PT,1.0931
RBI:PRF_LNGNFC_INDUS_ANN_RN(1.0),N_A,180,AFY,CONSTRN,EBITDA,2017,2016,0,2017-03-31,PT,-13.9412
RBI:PRF_LNGNFC_INDUS_ANN_RN(1.0),N_A,180,AFY,CONSTRN,EXPD,2017,2016,0,2017-03-31,PT,-2.7112
RBI:PRF_LNGNFC_INDUS_ANN_RN(1.0),N_A,180,AFY,CONSTRN,GROSS_PFT_EBIT,2017,2016,0,2017-03-31,PT,-17.8476
RBI:PRF_LNGNFC_INDUS_ANN_RN(1.0),N_A,180,AFY,CONSTRN,INT,2017,2016,0,2017-03-31,PT,1.9809
RBI:PRF_LNGNFC_INDUS_ANN_RN(1.0),N_A,180,AFY,CONSTRN,OPR_PFT,2017,2016,0,2017-03-31,PT,-20.9914
RBI:PRF_LNGNFC_INDUS_ANN_RN(1.0),N_A,180,AFY,CONSTRN,OTH_INC,2017,2016,0,2017-03-31,PT,5.5772
RBI:PRF_LNGNFC_INDUS_ANN_RN(1.0),N_A,180,AFY,CONSTRN,PC_SHARE_SAL,2017,2016,0,2017-03-31,PT,5.661638
RBI:PRF_LNGNFC_INDUS_ANN_RN(1.0),N_A,180,AFY,CONSTRN,SALES,2017,2016,0,2017-03-31,INR,1773013500000
RBI:PRF_LNGNFC_INDUS_ANN_RN(1.0),N_A,180,AFY,CONSTRN,SALES,2017,2016,0,2017-03-31,PT,-3.8623
RBI:PRF_LNGNFC_INDUS_ANN_RN(1.0),N_A,180,AFY,CONSTRN,TAX_PROV,2017,2016,0,2017-03-31,PT,-9.908
RBI:PRF_LNGNFC_INDUS_ANN_RN(1.0),N_A,22,AFY,ELC_GAS_SPLY,DEPRC,2017,2016,0,2017-03-31,PT,2.6696
RBI:PRF_LNGNFC_INDUS_ANN_RN(1.0),N_A,22,AFY,ELC_GAS_SPLY,EBITDA,2017,2016,0,2017-03-31,PT,-24.8642
RBI:PRF_LNGNFC_INDUS_ANN_RN(1.0),N_A,22,AFY,ELC_GAS_SPLY,EXPD,2017,2016,0,2017-03-31,PT,-9.09
RBI:PRF_LNGNFC_INDUS_ANN_RN(1.0),N_A,22,AFY,ELC_GAS_SPLY,GROSS_PFT_EBIT,2017,2016,0,2017-03-31,PT,-32.0863
RBI:PRF_LNGNFC_INDUS_ANN_RN(1.0),N_A,22,AFY,ELC_GAS_SPLY,INT,2017,2016,0,2017-03-31,PT,1.4239
RBI:PRF_LNGNFC_INDUS_ANN_RN(1.0),N_A,22,AFY,ELC_GAS_SPLY,OPR_PFT,2017,2016,0,2017-03-31,PT,-31.7046
RBI:PRF_LNGNFC_INDUS_ANN_RN(1.0),N_A,22,AFY,ELC_GAS_SPLY,OTH_INC,2017,2016,0,2017-03-31,PT,-5.4612
RBI:PRF_LNGNFC_INDUS_ANN_RN(1.0),N_A,22,AFY,ELC_GAS_SPLY,PC_SHARE_SAL,2017,2016,0,2017-03-31,PT,1.874981
RBI:PRF_LNGNFC_INDUS_ANN_RN(1.0),N_A,22,AFY,ELC_GAS_SPLY,SALES,2017,2016,0,2017-03-31,INR,587173900000
RBI:PRF_LNGNFC_INDUS_ANN_RN(1.0),N_A,22,AFY,ELC_GAS_SPLY,SALES,2017,2016,0,2017-03-31,PT,-15.3307
RBI:PRF_LNGNFC_INDUS_ANN_RN(1.0),N_A,22,AFY,ELC_GAS_SPLY,TAX_PROV,2017,2016,0,2017-03-31,PT,-34.9437
RBI:PRF_LNGNFC_INDUS_ANN_RN(1.0),N_A,3007,AFY,INDS_GRP_ALL_COMP,DEPRC,2017,2016,0,2017-03-31,PT,6.4084
RBI:PRF_LNGNFC_INDUS_ANN_RN(1.0),N_A,3007,AFY,INDS_GRP_ALL_COMP,EBITDA,2017,2016,0,2017-03-31,PT,5.4598
RBI:PRF_LNGNFC_INDUS_ANN_RN(1.0),N_A,3007,AFY,INDS_GRP_ALL_COMP,EXPD,2017,2016,0,2017-03-31,PT,3.7975
RBI:PRF_LNGNFC_INDUS_ANN_RN(1.0),N_A,3007,AFY,INDS_GRP_ALL_COMP,GROSS_PFT_EBIT,2017,2016,0,2017-03-31,PT,5.1768
RBI:PRF_LNGNFC_INDUS_ANN_RN(1.0),N_A,3007,AFY,INDS_GRP_ALL_COMP,INT,2017,2016,0,2017-03-31,PT,4.7788
RBI:PRF_LNGNFC_INDUS_ANN_RN(1.0),N_A,3007,AFY,INDS_GRP_ALL_COMP,NET_PFT,2017,2016,0,2017-03-31,PT,11.2479
RBI:PRF_LNGNFC_INDUS_ANN_RN(1.0),N_A,3007,AFY,INDS_GRP_ALL_COMP,OPR_PFT,2017,2016,0,2017-03-31,PT,5.3717
RBI:PRF_LNGNFC_INDUS_ANN_RN(1.0),N_A,3007,AFY,INDS_GRP_ALL_COMP,OTH_INC,2017,2016,0,2017-03-31,PT,5.8779
RBI:PRF_LNGNFC_INDUS_ANN_RN(1.0),N_A,3007,AFY,INDS_GRP_ALL_COMP,PC_SHARE_SAL,2017,2016,0,2017-03-31,PT,100.0
RBI:PRF_LNGNFC_INDUS_ANN_RN(1.0),N_A,3007,AFY,INDS_GRP_ALL_COMP,SALES,2017,2016,0,2017-03-31,INR,31316263000000
RBI:PRF_LNGNFC_INDUS_ANN_RN(1.0),N_A,3007,AFY,INDS_GRP_ALL_COMP,SALES,2017,2016,0,2017-03-31,PT,3.0898
RBI:PRF_LNGNFC_INDUS_ANN_RN(1.0),N_A,3007,AFY,INDS_GRP_ALL_COMP,TAX_PROV,2017,2016,0,2017-03-31,PT,1.4948
RBI:PRF_LNGNFC_INDUS_ANN_RN(1.0),N_A,199,AFY,IT_CSRS,DEPRC,2017,2016,0,2017-03-31,PT,1.6584
RBI:PRF_LNGNFC_INDUS_ANN_RN(1.0),N_A,199,AFY,IT_CSRS,EBITDA,2017,2016,0,2017-03-31,PT,6.413
RBI:PRF_LNGNFC_INDUS_ANN_RN(1.0),N_A,199,AFY,IT_CSRS,EXPD,2017,2016,0,2017-03-31,PT,9.5823
RBI:PRF_LNGNFC_INDUS_ANN_RN(1.0),N_A,199,AFY,IT_CSRS,GROSS_PFT_EBIT,2017,2016,0,2017-03-31,PT,6.8144
RBI:PRF_LNGNFC_INDUS_ANN_RN(1.0),N_A,199,AFY,IT_CSRS,INT,2017,2016,0,2017-03-31,PT,-7.8694
RBI:PRF_LNGNFC_INDUS_ANN_RN(1.0),N_A,199,AFY,IT_CSRS,NET_PFT,2017,2016,0,2017-03-31,PT,8.6893
RBI:PRF_LNGNFC_INDUS_ANN_RN(1.0),N_A,199,AFY,IT_CSRS,OPR_PFT,2017,2016,0,2017-03-31,PT,8.0382
RBI:PRF_LNGNFC_INDUS_ANN_RN(1.0),N_A,199,AFY,IT_CSRS,OTH_INC,2017,2016,0,2017-03-31,PT,-1.6007
RBI:PRF_LNGNFC_INDUS_ANN_RN(1.0),N_A,199,AFY,IT_CSRS,PC_SHARE_SAL,2017,2016,0,2017-03-31,PT,9.516224
RBI:PRF_LNGNFC_INDUS_ANN_RN(1.0),N_A,199,AFY,IT_CSRS,SALES,2017,2016,0,2017-03-31,INR,2980125600000
RBI:PRF_LNGNFC_INDUS_ANN_RN(1.0),N_A,199,AFY,IT_CSRS,SALES,2017,2016,0,2017-03-31,PT,9.3627
RBI:PRF_LNGNFC_INDUS_ANN_RN(1.0),N_A,199,AFY,IT_CSRS,TAX_PROV,2017,2016,0,2017-03-31,PT,1.1828
RBI:PRF_LNGNFC_INDUS_ANN_RN(1.0),N_A,39,AFY,MIN_N_QUARY,DEPRC,2017,2016,0,2017-03-31,PT,-28.2216
RBI:PRF_LNGNFC_INDUS_ANN_RN(1.0),N_A,39,AFY,MIN_N_QUARY,EBITDA,2017,2016,0,2017-03-31,PT,2.3761
RBI:PRF_LNGNFC_INDUS_ANN_RN(1.0),N_A,39,AFY,MIN_N_QUARY,EXPD,2017,2016,0,2017-03-31,PT,-0.3367
RBI:PRF_LNGNFC_INDUS_ANN_RN(1.0),N_A,39,AFY,MIN_N_QUARY,GROSS_PFT_EBIT,2017,2016,0,2017-03-31,PT,13.7486
RBI:PRF_LNGNFC_INDUS_ANN_RN(1.0),N_A,39,AFY,MIN_N_QUARY,INT,2017,2016,0,2017-03-31,PT,6.7113
RBI:PRF_LNGNFC_INDUS_ANN_RN(1.0),N_A,39,AFY,MIN_N_QUARY,OPR_PFT,2017,2016,0,2017-03-31,PT,9.9479
RBI:PRF_LNGNFC_INDUS_ANN_RN(1.0),N_A,39,AFY,MIN_N_QUARY,OTH_INC,2017,2016,0,2017-03-31,PT,-2.7455
RBI:PRF_LNGNFC_INDUS_ANN_RN(1.0),N_A,39,AFY,MIN_N_QUARY,PC_SHARE_SAL,2017,2016,0,2017-03-31,PT,1.363873
RBI:PRF_LNGNFC_INDUS_ANN_RN(1.0),N_A,39,AFY,MIN_N_QUARY,SALES,2017,2016,0,2017-03-31,INR,427113900000
RBI:PRF_LNGNFC_INDUS_ANN_RN(1.0),N_A,39,AFY,MIN_N_QUARY,SALES,2017,2016,0,2017-03-31,PT,0.5355
RBI:PRF_LNGNFC_INDUS_ANN_RN(1.0),N_A,39,AFY,MIN_N_QUARY,TAX_PROV,2017,2016,0,2017-03-31,PT,81.1198
RBI:PRF_LNGNFC_INDUS_ANN_RN(1.0),N_A,1875,AFY,MNF,DEPRC,2017,2016,0,2017-03-31,PT,6.0374
RBI:PRF_LNGNFC_INDUS_ANN_RN(1.0),N_A,1875,AFY,MNF,EBITDA,2017,2016,0,2017-03-31,PT,11.649
RBI:PRF_LNGNFC_INDUS_ANN_RN(1.0),N_A,1875,AFY,MNF,EXPD,2017,2016,0,2017-03-31,PT,4.6846
RBI:PRF_LNGNFC_INDUS_ANN_RN(1.0),N_A,1875,AFY,MNF,GROSS_PFT_EBIT,2017,2016,0,2017-03-31,PT,13.4163
RBI:PRF_LNGNFC_INDUS_ANN_RN(1.0),N_A,1875,AFY,MNF,INT,2017,2016,0,2017-03-31,PT,0.8804
RBI:PRF_LNGNFC_INDUS_ANN_RN(1.0),N_A,1875,AFY,MNF,NET_PFT,2017,2016,0,2017-03-31,PT,27.9581
RBI:PRF_LNGNFC_INDUS_ANN_RN(1.0),N_A,1875,AFY,MNF,OPR_PFT,2017,2016,0,2017-03-31,PT,12.2077
RBI:PRF_LNGNFC_INDUS_ANN_RN(1.0),N_A,1875,AFY,MNF,OTH_INC,2017,2016,0,2017-03-31,PT,8.4891
RBI:PRF_LNGNFC_INDUS_ANN_RN(1.0),N_A,1875,AFY,MNF,PC_SHARE_SAL,2017,2016,0,2017-03-31,PT,69.945532
RBI:PRF_LNGNFC_INDUS_ANN_RN(1.0),N_A,1875,AFY,MNF,SALES,2017,2016,0,2017-03-31,INR,21904326800000
RBI:PRF_LNGNFC_INDUS_ANN_RN(1.0),N_A,1875,AFY,MNF,SALES,2017,2016,0,2017-03-31,PT,4.2207
RBI:PRF_LNGNFC_INDUS_ANN_RN(1.0),N_A,1875,AFY,MNF,TAX_PROV,2017,2016,0,2017-03-31,PT,9.4475
RBI:PRF_LNGNFC_INDUS_ANN_RN(1.0),N_A,40,AFY,MNF_CCP,DEPRC,2017,2016,0,2017-03-31,PT,3.707
RBI:PRF_LNGNFC_INDUS_ANN_RN(1.0),N_A,40,AFY,MNF_CCP,EBITDA,2017,2016,0,2017-03-31,PT,14.7887
RBI:PRF_LNGNFC_INDUS_ANN_RN(1.0),N_A,40,AFY,MNF_CCP,EXPD,2017,2016,0,2017-03-31,PT,2.7635
RBI:PRF_LNGNFC_INDUS_ANN_RN(1.0),N_A,40,AFY,MNF_CCP,GROSS_PFT_EBIT,2017,2016,0,2017-03-31,PT,20.3785
RBI:PRF_LNGNFC_INDUS_ANN_RN(1.0),N_A,40,AFY,MNF_CCP,INT,2017,2016,0,2017-03-31,PT,3.4574
RBI:PRF_LNGNFC_INDUS_ANN_RN(1.0),N_A,40,AFY,MNF_CCP,NET_PFT,2017,2016,0,2017-03-31,PT,26.0648
RBI:PRF_LNGNFC_INDUS_ANN_RN(1.0),N_A,40,AFY,MNF_CCP,OPR_PFT,2017,2016,0,2017-03-31,PT,16.6873
RBI:PRF_LNGNFC_INDUS_ANN_RN(1.0),N_A,40,AFY,MNF_CCP,OTH_INC,2017,2016,0,2017-03-31,PT,3.6136
RBI:PRF_LNGNFC_INDUS_ANN_RN(1.0),N_A,40,AFY,MNF_CCP,PC_SHARE_SAL,2017,2016,0,2017-03-31,PT,3.287905
RBI:PRF_LNGNFC_INDUS_ANN_RN(1.0),N_A,40,AFY,MNF_CCP,SALES,2017,2016,0,2017-03-31,INR,1029649000000
RBI:PRF_LNGNFC_INDUS_ANN_RN(1.0),N_A,40,AFY,MNF_CCP,SALES,2017,2016,0,2017-03-31,PT,5.244
RBI:PRF_LNGNFC_INDUS_ANN_RN(1.0),N_A,40,AFY,MNF_CCP,TAX_PROV,2017,2016,0,2017-03-31,PT,28.1238
RBI:PRF_LNGNFC_INDUS_ANN_RN(1.0),N_A,68,AFY,MNF_CEE,DEPRC,2017,2016,0,2017-03-31,PT,-8.174
RBI:PRF_LNGNFC_INDUS_ANN_RN(1.0),N_A,68,AFY,MNF_CEE,EBITDA,2017,2016,0,2017-03-31,PT,-6.0795
RBI:PRF_LNGNFC_INDUS_ANN_RN(1.0),N_A,68,AFY,MNF_CEE,EXPD,2017,2016,0,2017-03-31,PT,4.5784
RBI:PRF_LNGNFC_INDUS_ANN_RN(1.0),N_A,68,AFY,MNF_CEE,GROSS_PFT_EBIT,2017,2016,0,2017-03-31,PT,-5.0811
RBI:PRF_LNGNFC_INDUS_ANN_RN(1.0),N_A,68,AFY,MNF_CEE,INT,2017,2016,0,2017-03-31,PT,-7.8092
RBI:PRF_LNGNFC_INDUS_ANN_RN(1.0),N_A,68,AFY,MNF_CEE,NET_PFT,2017,2016,0,2017-03-31,PT,-95.032
RBI:PRF_LNGNFC_INDUS_ANN_RN(1.0),N_A,68,AFY,MNF_CEE,OPR_PFT,2017,2016,0,2017-03-31,PT,-13.419
RBI:PRF_LNGNFC_INDUS_ANN_RN(1.0),N_A,68,AFY,MNF_CEE,OTH_INC,2017,2016,0,2017-03-31,PT,25.0019
RBI:PRF_LNGNFC_INDUS_ANN_RN(1.0),N_A,68,AFY,MNF_CEE,PC_SHARE_SAL,2017,2016,0,2017-03-31,PT,1.640942
RBI:PRF_LNGNFC_INDUS_ANN_RN(1.0),N_A,68,AFY,MNF_CEE,SALES,2017,2016,0,2017-03-31,INR,513881600000
RBI:PRF_LNGNFC_INDUS_ANN_RN(1.0),N_A,68,AFY,MNF_CEE,SALES,2017,2016,0,2017-03-31,PT,3.7849
RBI:PRF_LNGNFC_INDUS_ANN_RN(1.0),N_A,68,AFY,MNF_CEE,TAX_PROV,2017,2016,0,2017-03-31,PT,1.0297
RBI:PRF_LNGNFC_INDUS_ANN_RN(1.0),N_A,234,AFY,MNF_CHM_PRD,DEPRC,2017,2016,0,2017-03-31,PT,6.5361
RBI:PRF_LNGNFC_INDUS_ANN_RN(1.0),N_A,234,AFY,MNF_CHM_PRD,EBITDA,2017,2016,0,2017-03-31,PT,12.5788
RBI:PRF_LNGNFC_INDUS_ANN_RN(1.0),N_A,234,AFY,MNF_CHM_PRD,EXPD,2017,2016,0,2017-03-31,PT,0.3481
RBI:PRF_LNGNFC_INDUS_ANN_RN(1.0),N_A,234,AFY,MNF_CHM_PRD,GROSS_PFT_EBIT,2017,2016,0,2017-03-31,PT,13.7363
RBI:PRF_LNGNFC_INDUS_ANN_RN(1.0),N_A,234,AFY,MNF_CHM_PRD,INT,2017,2016,0,2017-03-31,PT,-8.3944
RBI:PRF_LNGNFC_INDUS_ANN_RN(1.0),N_A,234,AFY,MNF_CHM_PRD,NET_PFT,2017,2016,0,2017-03-31,PT,17.989
RBI:PRF_LNGNFC_INDUS_ANN_RN(1.0),N_A,234,AFY,MNF_CHM_PRD,OPR_PFT,2017,2016,0,2017-03-31,PT,14.0375
RBI:PRF_LNGNFC_INDUS_ANN_RN(1.0),N_A,234,AFY,MNF_CHM_PRD,OTH_INC,2017,2016,0,2017-03-31,PT,1.6966
RBI:PRF_LNGNFC_INDUS_ANN_RN(1.0),N_A,234,AFY,MNF_CHM_PRD,PC_SHARE_SAL,2017,2016,0,2017-03-31,PT,7.177348
RBI:PRF_LNGNFC_INDUS_ANN_RN(1.0),N_A,234,AFY,MNF_CHM_PRD,SALES,2017,2016,0,2017-03-31,INR,2247677300000
RBI:PRF_LNGNFC_INDUS_ANN_RN(1.0),N_A,234,AFY,MNF_CHM_PRD,SALES,2017,2016,0,2017-03-31,PT,1.5721
RBI:PRF_LNGNFC_INDUS_ANN_RN(1.0),N_A,234,AFY,MNF_CHM_PRD,TAX_PROV,2017,2016,0,2017-03-31,PT,13.5286
RBI:PRF_LNGNFC_INDUS_ANN_RN(1.0),N_A,111,AFY,MNF_CP_BASIC,DEPRC,2017,2016,0,2017-03-31,PT,8.7262
RBI:PRF_LNGNFC_INDUS_ANN_RN(1.0),N_A,111,AFY,MNF_CP_BASIC,EBITDA,2017,2016,0,2017-03-31,PT,18.3597
RBI:PRF_LNGNFC_INDUS_ANN_RN(1.0),N_A,111,AFY,MNF_CP_BASIC,EXPD,2017,2016,0,2017-03-31,PT,1.8641
RBI:PRF_LNGNFC_INDUS_ANN_RN(1.0),N_A,111,AFY,MNF_CP_BASIC,GROSS_PFT_EBIT,2017,2016,0,2017-03-31,PT,20.7679
RBI:PRF_LNGNFC_INDUS_ANN_RN(1.0),N_A,111,AFY,MNF_CP_BASIC,INT,2017,2016,0,2017-03-31,PT,-10.9987
RBI:PRF_LNGNFC_INDUS_ANN_RN(1.0),N_A,111,AFY,MNF_CP_BASIC,NET_PFT,2017,2016,0,2017-03-31,PT,23.2592
RBI:PRF_LNGNFC_INDUS_ANN_RN(1.0),N_A,111,AFY,MNF_CP_BASIC,OPR_PFT,2017,2016,0,2017-03-31,PT,19.6816
RBI:PRF_LNGNFC_INDUS_ANN_RN(1.0),N_A,111,AFY,MNF_CP_BASIC,OTH_INC,2017,2016,0,2017-03-31,PT,7.8964
RBI:PRF_LNGNFC_INDUS_ANN_RN(1.0),N_A,111,AFY,MNF_CP_BASIC,PC_SHARE_SAL,2017,2016,0,2017-03-31,PT,1.769167
RBI:PRF_LNGNFC_INDUS_ANN_RN(1.0),N_A,111,AFY,MNF_CP_BASIC,SALES,2017,2016,0,2017-03-31,INR,554036900000
RBI:PRF_LNGNFC_INDUS_ANN_RN(1.0),N_A,111,AFY,MNF_CP_BASIC,SALES,2017,2016,0,2017-03-31,PT,3.2481
RBI:PRF_LNGNFC_INDUS_ANN_RN(1.0),N_A,111,AFY,MNF_CP_BASIC,TAX_PROV,2017,2016,0,2017-03-31,PT,22.037
RBI:PRF_LNGNFC_INDUS_ANN_RN(1.0),N_A,23,AFY,MNF_CP_FNP,DEPRC,2017,2016,0,2017-03-31,PT,0.7805
RBI:PRF_LNGNFC_INDUS_ANN_RN(1.0),N_A,23,AFY,MNF_CP_FNP,EBITDA,2017,2016,0,2017-03-31,PT,19.4675
RBI:PRF_LNGNFC_INDUS_ANN_RN(1.0),N_A,23,AFY,MNF_CP_FNP,EXPD,2017,2016,0,2017-03-31,PT,-15.7941
RBI:PRF_LNGNFC_INDUS_ANN_RN(1.0),N_A,23,AFY,MNF_CP_FNP,GROSS_PFT_EBIT,2017,2016,0,2017-03-31,PT,23.0337
RBI:PRF_LNGNFC_INDUS_ANN_RN(1.0),N_A,23,AFY,MNF_CP_FNP,INT,2017,2016,0,2017-03-31,PT,-3.2168
RBI:PRF_LNGNFC_INDUS_ANN_RN(1.0),N_A,23,AFY,MNF_CP_FNP,OPR_PFT,2017,2016,0,2017-03-31,PT,26.5416
RBI:PRF_LNGNFC_INDUS_ANN_RN(1.0),N_A,23,AFY,MNF_CP_FNP,OTH_INC,2017,2016,0,2017-03-31,PT,-13.1417
RBI:PRF_LNGNFC_INDUS_ANN_RN(1.0),N_A,23,AFY,MNF_CP_FNP,PC_SHARE_SAL,2017,2016,0,2017-03-31,PT,1.266832
RBI:PRF_LNGNFC_INDUS_ANN_RN(1.0),N_A,23,AFY,MNF_CP_FNP,SALES,2017,2016,0,2017-03-31,INR,396724300000
RBI:PRF_LNGNFC_INDUS_ANN_RN(1.0),N_A,23,AFY,MNF_CP_FNP,SALES,2017,2016,0,2017-03-31,PT,-11.8698
RBI:PRF_LNGNFC_INDUS_ANN_RN(1.0),N_A,23,AFY,MNF_CP_FNP,TAX_PROV,2017,2016,0,2017-03-31,PT,26.0934
RBI:PRF_LNGNFC_INDUS_ANN_RN(1.0),N_A,85,AFY,MNF_CP_OTH,DEPRC,2017,2016,0,2017-03-31,PT,4.9805
RBI:PRF_LNGNFC_INDUS_ANN_RN(1.0),N_A,85,AFY,MNF_CP_OTH,EBITDA,2017,2016,0,2017-03-31,PT,8.3952
RBI:PRF_LNGNFC_INDUS_ANN_RN(1.0),N_A,85,AFY,MNF_CP_OTH,EXPD,2017,2016,0,2017-03-31,PT,5.6794
RBI:PRF_LNGNFC_INDUS_ANN_RN(1.0),N_A,85,AFY,MNF_CP_OTH,GROSS_PFT_EBIT,2017,2016,0,2017-03-31,PT,9.0232
RBI:PRF_LNGNFC_INDUS_ANN_RN(1.0),N_A,85,AFY,MNF_CP_OTH,INT,2017,2016,0,2017-03-31,PT,-9.1664
RBI:PRF_LNGNFC_INDUS_ANN_RN(1.0),N_A,85,AFY,MNF_CP_OTH,NET_PFT,2017,2016,0,2017-03-31,PT,13.05
RBI:PRF_LNGNFC_INDUS_ANN_RN(1.0),N_A,85,AFY,MNF_CP_OTH,OPR_PFT,2017,2016,0,2017-03-31,PT,9.8578
RBI:PRF_LNGNFC_INDUS_ANN_RN(1.0),N_A,85,AFY,MNF_CP_OTH,OTH_INC,2017,2016,0,2017-03-31,PT,-2.6588
RBI:PRF_LNGNFC_INDUS_ANN_RN(1.0),N_A,85,AFY,MNF_CP_OTH,PC_SHARE_SAL,2017,2016,0,2017-03-31,PT,3.331251
RBI:PRF_LNGNFC_INDUS_ANN_RN(1.0),N_A,85,AFY,MNF_CP_OTH,SALES,2017,2016,0,2017-03-31,INR,1043223200000
RBI:PRF_LNGNFC_INDUS_ANN_RN(1.0),N_A,85,AFY,MNF_CP_OTH,SALES,2017,2016,0,2017-03-31,PT,5.7808
RBI:PRF_LNGNFC_INDUS_ANN_RN(1.0),N_A,85,AFY,MNF_CP_OTH,TAX_PROV,2017,2016,0,2017-03-31,PT,8.8729
RBI:PRF_LNGNFC_INDUS_ANN_RN(1.0),N_A,15,AFY,MNF_CP_PNV,DEPRC,2017,2016,0,2017-03-31,PT,14.7774
RBI:PRF_LNGNFC_INDUS_ANN_RN(1.0),N_A,15,AFY,MNF_CP_PNV,EBITDA,2017,2016,0,2017-03-31,PT,12.5058
RBI:PRF_LNGNFC_INDUS_ANN_RN(1.0),N_A,15,AFY,MNF_CP_PNV,EXPD,2017,2016,0,2017-03-31,PT,9.2782
RBI:PRF_LNGNFC_INDUS_ANN_RN(1.0),N_A,15,AFY,MNF_CP_PNV,GROSS_PFT_EBIT,2017,2016,0,2017-03-31,PT,12.2324
RBI:PRF_LNGNFC_INDUS_ANN_RN(1.0),N_A,15,AFY,MNF_CP_PNV,INT,2017,2016,0,2017-03-31,PT,-24.9444
RBI:PRF_LNGNFC_INDUS_ANN_RN(1.0),N_A,15,AFY,MNF_CP_PNV,NET_PFT,2017,2016,0,2017-03-31,PT,-4.5546
RBI:PRF_LNGNFC_INDUS_ANN_RN(1.0),N_A,15,AFY,MNF_CP_PNV,OPR_PFT,2017,2016,0,2017-03-31,PT,10.3672
RBI:PRF_LNGNFC_INDUS_ANN_RN(1.0),N_A,15,AFY,MNF_CP_PNV,OTH_INC,2017,2016,0,2017-03-31,PT,35.3453
RBI:PRF_LNGNFC_INDUS_ANN_RN(1.0),N_A,15,AFY,MNF_CP_PNV,PC_SHARE_SAL,2017,2016,0,2017-03-31,PT,0.8101
RBI:PRF_LNGNFC_INDUS_ANN_RN(1.0),N_A,15,AFY,MNF_CP_PNV,SALES,2017,2016,0,2017-03-31,INR,253692900000
RBI:PRF_LNGNFC_INDUS_ANN_RN(1.0),N_A,15,AFY,MNF_CP_PNV,SALES,2017,2016,0,2017-03-31,PT,5.7445
RBI:PRF_LNGNFC_INDUS_ANN_RN(1.0),N_A,15,AFY,MNF_CP_PNV,TAX_PROV,2017,2016,0,2017-03-31,PT,16.2129
RBI:PRF_LNGNFC_INDUS_ANN_RN(1.0),N_A,114,AFY,MNF_EMA,DEPRC,2017,2016,0,2017-03-31,PT,7.5142
RBI:PRF_LNGNFC_INDUS_ANN_RN(1.0),N_A,114,AFY,MNF_EMA,EBITDA,2017,2016,0,2017-03-31,PT,2.0718
RBI:PRF_LNGNFC_INDUS_ANN_RN(1.0),N_A,114,AFY,MNF_EMA,EXPD,2017,2016,0,2017-03-31,PT,8.0067
RBI:PRF_LNGNFC_INDUS_ANN_RN(1.0),N_A,114,AFY,MNF_EMA,GROSS_PFT_EBIT,2017,2016,0,2017-03-31,PT,0.8801
RBI:PRF_LNGNFC_INDUS_ANN_RN(1.0),N_A,114,AFY,MNF_EMA,INT,2017,2016,0,2017-03-31,PT,5.9606
RBI:PRF_LNGNFC_INDUS_ANN_RN(1.0),N_A,114,AFY,MNF_EMA,NET_PFT,2017,2016,0,2017-03-31,PT,102.0794
RBI:PRF_LNGNFC_INDUS_ANN_RN(1.0),N_A,114,AFY,MNF_EMA,OPR_PFT,2017,2016,0,2017-03-31,PT,0.9759
RBI:PRF_LNGNFC_INDUS_ANN_RN(1.0),N_A,114,AFY,MNF_EMA,OTH_INC,2017,2016,0,2017-03-31,PT,7.5488
RBI:PRF_LNGNFC_INDUS_ANN_RN(1.0),N_A,114,AFY,MNF_EMA,PC_SHARE_SAL,2017,2016,0,2017-03-31,PT,4.187841
RBI:PRF_LNGNFC_INDUS_ANN_RN(1.0),N_A,114,AFY,MNF_EMA,SALES,2017,2016,0,2017-03-31,INR,1311475300000
RBI:PRF_LNGNFC_INDUS_ANN_RN(1.0),N_A,114,AFY,MNF_EMA,SALES,2017,2016,0,2017-03-31,PT,5.8016
RBI:PRF_LNGNFC_INDUS_ANN_RN(1.0),N_A,114,AFY,MNF_EMA,TAX_PROV,2017,2016,0,2017-03-31,PT,32.2021
RBI:PRF_LNGNFC_INDUS_ANN_RN(1.0),N_A,42,AFY,MNF_FMP,DEPRC,2017,2016,0,2017-03-31,PT,14.1906
RBI:PRF_LNGNFC_INDUS_ANN_RN(1.0),N_A,42,AFY,MNF_FMP,EBITDA,2017,2016,0,2017-03-31,PT,-3.4293
RBI:PRF_LNGNFC_INDUS_ANN_RN(1.0),N_A,42,AFY,MNF_FMP,EXPD,2017,2016,0,2017-03-31,PT,-4.2264
RBI:PRF_LNGNFC_INDUS_ANN_RN(1.0),N_A,42,AFY,MNF_FMP,GROSS_PFT_EBIT,2017,2016,0,2017-03-31,PT,-9.6662
RBI:PRF_LNGNFC_INDUS_ANN_RN(1.0),N_A,42,AFY,MNF_FMP,INT,2017,2016,0,2017-03-31,PT,34.2373
RBI:PRF_LNGNFC_INDUS_ANN_RN(1.0),N_A,42,AFY,MNF_FMP,NET_PFT,2017,2016,0,2017-03-31,PT,-52.272
RBI:PRF_LNGNFC_INDUS_ANN_RN(1.0),N_A,42,AFY,MNF_FMP,OPR_PFT,2017,2016,0,2017-03-31,PT,-3.7342
RBI:PRF_LNGNFC_INDUS_ANN_RN(1.0),N_A,42,AFY,MNF_FMP,OTH_INC,2017,2016,0,2017-03-31,PT,-0.7608
RBI:PRF_LNGNFC_INDUS_ANN_RN(1.0),N_A,42,AFY,MNF_FMP,PC_SHARE_SAL,2017,2016,0,2017-03-31,PT,0.598281
RBI:PRF_LNGNFC_INDUS_ANN_RN(1.0),N_A,42,AFY,MNF_FMP,SALES,2017,2016,0,2017-03-31,INR,187359100000
RBI:PRF_LNGNFC_INDUS_ANN_RN(1.0),N_A,42,AFY,MNF_FMP,SALES,2017,2016,0,2017-03-31,PT,-2.8602
RBI:PRF_LNGNFC_INDUS_ANN_RN(1.0),N_A,42,AFY,MNF_FMP,TAX_PROV,2017,2016,0,2017-03-31,PT,-24.713
RBI:PRF_LNGNFC_INDUS_ANN_RN(1.0),N_A,176,AFY,MNF_FPB,DEPRC,2017,2016,0,2017-03-31,PT,3.096
RBI:PRF_LNGNFC_INDUS_ANN_RN(1.0),N_A,176,AFY,MNF_FPB,EBITDA,2017,2016,0,2017-03-31,PT,21.6547
RBI:PRF_LNGNFC_INDUS_ANN_RN(1.0),N_A,176,AFY,MNF_FPB,EXPD,2017,2016,0,2017-03-31,PT,-0.5998
RBI:PRF_LNGNFC_INDUS_ANN_RN(1.0),N_A,176,AFY,MNF_FPB,GROSS_PFT_EBIT,2017,2016,0,2017-03-31,PT,27.6472
RBI:PRF_LNGNFC_INDUS_ANN_RN(1.0),N_A,176,AFY,MNF_FPB,INT,2017,2016,0,2017-03-31,PT,-11.1165
RBI:PRF_LNGNFC_INDUS_ANN_RN(1.0),N_A,176,AFY,MNF_FPB,OPR_PFT,2017,2016,0,2017-03-31,PT,24.5896
RBI:PRF_LNGNFC_INDUS_ANN_RN(1.0),N_A,176,AFY,MNF_FPB,OTH_INC,2017,2016,0,2017-03-31,PT,5.7112
RBI:PRF_LNGNFC_INDUS_ANN_RN(1.0),N_A,176,AFY,MNF_FPB,PC_SHARE_SAL,2017,2016,0,2017-03-31,PT,5.555239
RBI:PRF_LNGNFC_INDUS_ANN_RN(1.0),N_A,176,AFY,MNF_FPB,SALES,2017,2016,0,2017-03-31,INR,1739693100000
RBI:PRF_LNGNFC_INDUS_ANN_RN(1.0),N_A,176,AFY,MNF_FPB,SALES,2017,2016,0,2017-03-31,PT,-0.3661
RBI:PRF_LNGNFC_INDUS_ANN_RN(1.0),N_A,176,AFY,MNF_FPB,TAX_PROV,2017,2016,0,2017-03-31,PT,28.0865
RBI:PRF_LNGNFC_INDUS_ANN_RN(1.0),N_A,14,AFY,MNF_FPB_DAIRY_PRD,DEPRC,2017,2016,0,2017-03-31,PT,10.4273
RBI:PRF_LNGNFC_INDUS_ANN_RN(1.0),N_A,14,AFY,MNF_FPB_DAIRY_PRD,EBITDA,2017,2016,0,2017-03-31,PT,11.1863
RBI:PRF_LNGNFC_INDUS_ANN_RN(1.0),N_A,14,AFY,MNF_FPB_DAIRY_PRD,EXPD,2017,2016,0,2017-03-31,PT,14.9154
RBI:PRF_LNGNFC_INDUS_ANN_RN(1.0),N_A,14,AFY,MNF_FPB_DAIRY_PRD,GROSS_PFT_EBIT,2017,2016,0,2017-03-31,PT,11.3859
RBI:PRF_LNGNFC_INDUS_ANN_RN(1.0),N_A,14,AFY,MNF_FPB_DAIRY_PRD,INT,2017,2016,0,2017-03-31,PT,-2.712
RBI:PRF_LNGNFC_INDUS_ANN_RN(1.0),N_A,14,AFY,MNF_FPB_DAIRY_PRD,NET_PFT,2017,2016,0,2017-03-31,PT,56.5096
RBI:PRF_LNGNFC_INDUS_ANN_RN(1.0),N_A,14,AFY,MNF_FPB_DAIRY_PRD,OPR_PFT,2017,2016,0,2017-03-31,PT,10.9067
RBI:PRF_LNGNFC_INDUS_ANN_RN(1.0),N_A,14,AFY,MNF_FPB_DAIRY_PRD,OTH_INC,2017,2016,0,2017-03-31,PT,14.8387
RBI:PRF_LNGNFC_INDUS_ANN_RN(1.0),N_A,14,AFY,MNF_FPB_DAIRY_PRD,PC_SHARE_SAL,2017,2016,0,2017-03-31,PT,0.833185
RBI:PRF_LNGNFC_INDUS_ANN_RN(1.0),N_A,14,AFY,MNF_FPB_DAIRY_PRD,SALES,2017,2016,0,2017-03-31,INR,260922500000
RBI:PRF_LNGNFC_INDUS_ANN_RN(1.0),N_A,14,AFY,MNF_FPB_DAIRY_PRD,SALES,2017,2016,0,2017-03-31,PT,12.4241
RBI:PRF_LNGNFC_INDUS_ANN_RN(1.0),N_A,14,AFY,MNF_FPB_DAIRY_PRD,TAX_PROV,2017,2016,0,2017-03-31,PT,36.4058
RBI:PRF_LNGNFC_INDUS_ANN_RN(1.0),N_A,36,AFY,MNF_FPB_EDD_OIL,DEPRC,2017,2016,0,2017-03-31,PT,0.8591
RBI:PRF_LNGNFC_INDUS_ANN_RN(1.0),N_A,36,AFY,MNF_FPB_EDD_OIL,EBITDA,2017,2016,0,2017-03-31,PT,-6.1193
RBI:PRF_LNGNFC_INDUS_ANN_RN(1.0),N_A,36,AFY,MNF_FPB_EDD_OIL,EXPD,2017,2016,0,2017-03-31,PT,-18.5641
RBI:PRF_LNGNFC_INDUS_ANN_RN(1.0),N_A,36,AFY,MNF_FPB_EDD_OIL,GROSS_PFT_EBIT,2017,2016,0,2017-03-31,PT,-9.1228
RBI:PRF_LNGNFC_INDUS_ANN_RN(1.0),N_A,36,AFY,MNF_FPB_EDD_OIL,INT,2017,2016,0,2017-03-31,PT,-28.0044
RBI:PRF_LNGNFC_INDUS_ANN_RN(1.0),N_A,36,AFY,MNF_FPB_EDD_OIL,OPR_PFT,2017,2016,0,2017-03-31,PT,-13.5277
RBI:PRF_LNGNFC_INDUS_ANN_RN(1.0),N_A,36,AFY,MNF_FPB_EDD_OIL,OTH_INC,2017,2016,0,2017-03-31,PT,14.6361
RBI:PRF_LNGNFC_INDUS_ANN_RN(1.0),N_A,36,AFY,MNF_FPB_EDD_OIL,PC_SHARE_SAL,2017,2016,0,2017-03-31,PT,1.434949
RBI:PRF_LNGNFC_INDUS_ANN_RN(1.0),N_A,36,AFY,MNF_FPB_EDD_OIL,SALES,2017,2016,0,2017-03-31,INR,449372300000
RBI:PRF_LNGNFC_INDUS_ANN_RN(1.0),N_A,36,AFY,MNF_FPB_EDD_OIL,SALES,2017,2016,0,2017-03-31,PT,-19.1896
RBI:PRF_LNGNFC_INDUS_ANN_RN(1.0),N_A,33,AFY,MNF_FPB_ESGR,DEPRC,2017,2016,0,2017-03-31,PT,-5.3542
RBI:PRF_LNGNFC_INDUS_ANN_RN(1.0),N_A,33,AFY,MNF_FPB_ESGR,EBITDA,2017,2016,0,2017-03-31,PT,87.8906
RBI:PRF_LNGNFC_INDUS_ANN_RN(1.0),N_A,33,AFY,MNF_FPB_ESGR,EXPD,2017,2016,0,2017-03-31,PT,13.651
RBI:PRF_LNGNFC_INDUS_ANN_RN(1.0),N_A,33,AFY,MNF_FPB_ESGR,GROSS_PFT_EBIT,2017,2016,0,2017-03-31,PT,145.5156
RBI:PRF_LNGNFC_INDUS_ANN_RN(1.0),N_A,33,AFY,MNF_FPB_ESGR,INT,2017,2016,0,2017-03-31,PT,-3.7909
RBI:PRF_LNGNFC_INDUS_ANN_RN(1.0),N_A,33,AFY,MNF_FPB_ESGR,OPR_PFT,2017,2016,0,2017-03-31,PT,102.8888
RBI:PRF_LNGNFC_INDUS_ANN_RN(1.0),N_A,33,AFY,MNF_FPB_ESGR,OTH_INC,2017,2016,0,2017-03-31,PT,6.7874
RBI:PRF_LNGNFC_INDUS_ANN_RN(1.0),N_A,33,AFY,MNF_FPB_ESGR,PC_SHARE_SAL,2017,2016,0,2017-03-31,PT,1.281039
RBI:PRF_LNGNFC_INDUS_ANN_RN(1.0),N_A,33,AFY,MNF_FPB_ESGR,SALES,2017,2016,0,2017-03-31,INR,401173400000
RBI:PRF_LNGNFC_INDUS_ANN_RN(1.0),N_A,33,AFY,MNF_FPB_ESGR,SALES,2017,2016,0,2017-03-31,PT,16.3455
RBI:PRF_LNGNFC_INDUS_ANN_RN(1.0),N_A,93,AFY,MNF_FPB_OFP,DEPRC,2017,2016,0,2017-03-31,PT,8.8748
RBI:PRF_LNGNFC_INDUS_ANN_RN(1.0),N_A,93,AFY,MNF_FPB_OFP,EBITDA,2017,2016,0,2017-03-31,PT,0.0839
RBI:PRF_LNGNFC_INDUS_ANN_RN(1.0),N_A,93,AFY,MNF_FPB_OFP,EXPD,2017,2016,0,2017-03-31,PT,3.0647
RBI:PRF_LNGNFC_INDUS_ANN_RN(1.0),N_A,93,AFY,MNF_FPB_OFP,GROSS_PFT_EBIT,2017,2016,0,2017-03-31,PT,-1.8817
RBI:PRF_LNGNFC_INDUS_ANN_RN(1.0),N_A,93,AFY,MNF_FPB_OFP,INT,2017,2016,0,2017-03-31,PT,-10.0415
RBI:PRF_LNGNFC_INDUS_ANN_RN(1.0),N_A,93,AFY,MNF_FPB_OFP,NET_PFT,2017,2016,0,2017-03-31,PT,4.0721
RBI:PRF_LNGNFC_INDUS_ANN_RN(1.0),N_A,93,AFY,MNF_FPB_OFP,OPR_PFT,2017,2016,0,2017-03-31,PT,-0.1224
RBI:PRF_LNGNFC_INDUS_ANN_RN(1.0),N_A,93,AFY,MNF_FPB_OFP,OTH_INC,2017,2016,0,2017-03-31,PT,1.1187
RBI:PRF_LNGNFC_INDUS_ANN_RN(1.0),N_A,93,AFY,MNF_FPB_OFP,PC_SHARE_SAL,2017,2016,0,2017-03-31,PT,2.006066
RBI:PRF_LNGNFC_INDUS_ANN_RN(1.0),N_A,93,AFY,MNF_FPB_OFP,SALES,2017,2016,0,2017-03-31,INR,628224900000
RBI:PRF_LNGNFC_INDUS_ANN_RN(1.0),N_A,93,AFY,MNF_FPB_OFP,SALES,2017,2016,0,2017-03-31,PT,2.4663
RBI:PRF_LNGNFC_INDUS_ANN_RN(1.0),N_A,93,AFY,MNF_FPB_OFP,TAX_PROV,2017,2016,0,2017-03-31,PT,-16.9128
RBI:PRF_LNGNFC_INDUS_ANN_RN(1.0),N_A,13,AFY,MNF_GGP,DEPRC,2017,2016,0,2017-03-31,PT,-5.0424
RBI:PRF_LNGNFC_INDUS_ANN_RN(1.0),N_A,13,AFY,MNF_GGP,EBITDA,2017,2016,0,2017-03-31,PT,2.6021
RBI:PRF_LNGNFC_INDUS_ANN_RN(1.0),N_A,13,AFY,MNF_GGP,EXPD,2017,2016,0,2017-03-31,PT,4.9826
RBI:PRF_LNGNFC_INDUS_ANN_RN(1.0),N_A,13,AFY,MNF_GGP,GROSS_PFT_EBIT,2017,2016,0,2017-03-31,PT,7.5071
RBI:PRF_LNGNFC_INDUS_ANN_RN(1.0),N_A,13,AFY,MNF_GGP,INT,2017,2016,0,2017-03-31,PT,-6.2729
RBI:PRF_LNGNFC_INDUS_ANN_RN(1.0),N_A,13,AFY,MNF_GGP,OPR_PFT,2017,2016,0,2017-03-31,PT,1.1503
RBI:PRF_LNGNFC_INDUS_ANN_RN(1.0),N_A,13,AFY,MNF_GGP,OTH_INC,2017,2016,0,2017-03-31,PT,22.4913
RBI:PRF_LNGNFC_INDUS_ANN_RN(1.0),N_A,13,AFY,MNF_GGP,PC_SHARE_SAL,2017,2016,0,2017-03-31,PT,0.18412
RBI:PRF_LNGNFC_INDUS_ANN_RN(1.0),N_A,13,AFY,MNF_GGP,SALES,2017,2016,0,2017-03-31,INR,57659500000
RBI:PRF_LNGNFC_INDUS_ANN_RN(1.0),N_A,13,AFY,MNF_GGP,SALES,2017,2016,0,2017-03-31,PT,2.9162
RBI:PRF_LNGNFC_INDUS_ANN_RN(1.0),N_A,13,AFY,MNF_GGP,TAX_PROV,2017,2016,0,2017-03-31,PT,26.1615
RBI:PRF_LNGNFC_INDUS_ANN_RN(1.0),N_A,162,AFY,MNF_INS,DEPRC,2017,2016,0,2017-03-31,PT,8.4665
RBI:PRF_LNGNFC_INDUS_ANN_RN(1.0),N_A,162,AFY,MNF_INS,EBITDA,2017,2016,0,2017-03-31,PT,53.8502
RBI:PRF_LNGNFC_INDUS_ANN_RN(1.0),N_A,162,AFY,MNF_INS,EXPD,2017,2016,0,2017-03-31,PT,9.5919
RBI:PRF_LNGNFC_INDUS_ANN_RN(1.0),N_A,162,AFY,MNF_INS,GROSS_PFT_EBIT,2017,2016,0,2017-03-31,PT,106.4117
RBI:PRF_LNGNFC_INDUS_ANN_RN(1.0),N_A,162,AFY,MNF_INS,INT,2017,2016,0,2017-03-31,PT,7.0999
RBI:PRF_LNGNFC_INDUS_ANN_RN(1.0),N_A,162,AFY,MNF_INS,OPR_PFT,2017,2016,0,2017-03-31,PT,59.2029
RBI:PRF_LNGNFC_INDUS_ANN_RN(1.0),N_A,162,AFY,MNF_INS,OTH_INC,2017,2016,0,2017-03-31,PT,5.4387
RBI:PRF_LNGNFC_INDUS_ANN_RN(1.0),N_A,162,AFY,MNF_INS,PC_SHARE_SAL,2017,2016,0,2017-03-31,PT,7.703171
RBI:PRF_LNGNFC_INDUS_ANN_RN(1.0),N_A,162,AFY,MNF_INS,SALES,2017,2016,0,2017-03-31,INR,2412345300000
RBI:PRF_LNGNFC_INDUS_ANN_RN(1.0),N_A,162,AFY,MNF_INS,SALES,2017,2016,0,2017-03-31,PT,11.4658
RBI:PRF_LNGNFC_INDUS_ANN_RN(1.0),N_A,162,AFY,MNF_INS,TAX_PROV,2017,2016,0,2017-03-31,PT,135.596
RBI:PRF_LNGNFC_INDUS_ANN_RN(1.0),N_A,37,AFY,MNF_JRA,DEPRC,2017,2016,0,2017-03-31,PT,-4.4752
RBI:PRF_LNGNFC_INDUS_ANN_RN(1.0),N_A,37,AFY,MNF_JRA,EBITDA,2017,2016,0,2017-03-31,PT,4.2031
RBI:PRF_LNGNFC_INDUS_ANN_RN(1.0),N_A,37,AFY,MNF_JRA,EXPD,2017,2016,0,2017-03-31,PT,7.9131
RBI:PRF_LNGNFC_INDUS_ANN_RN(1.0),N_A,37,AFY,MNF_JRA,GROSS_PFT_EBIT,2017,2016,0,2017-03-31,PT,4.8515
RBI:PRF_LNGNFC_INDUS_ANN_RN(1.0),N_A,37,AFY,MNF_JRA,INT,2017,2016,0,2017-03-31,PT,5.6234
RBI:PRF_LNGNFC_INDUS_ANN_RN(1.0),N_A,37,AFY,MNF_JRA,NET_PFT,2017,2016,0,2017-03-31,PT,-4.2789
RBI:PRF_LNGNFC_INDUS_ANN_RN(1.0),N_A,37,AFY,MNF_JRA,OPR_PFT,2017,2016,0,2017-03-31,PT,-1.1877
RBI:PRF_LNGNFC_INDUS_ANN_RN(1.0),N_A,37,AFY,MNF_JRA,OTH_INC,2017,2016,0,2017-03-31,PT,76.7387
RBI:PRF_LNGNFC_INDUS_ANN_RN(1.0),N_A,37,AFY,MNF_JRA,PC_SHARE_SAL,2017,2016,0,2017-03-31,PT,2.775195
RBI:PRF_LNGNFC_INDUS_ANN_RN(1.0),N_A,37,AFY,MNF_JRA,SALES,2017,2016,0,2017-03-31,INR,869087500000
RBI:PRF_LNGNFC_INDUS_ANN_RN(1.0),N_A,37,AFY,MNF_JRA,SALES,2017,2016,0,2017-03-31,PT,5.7866
RBI:PRF_LNGNFC_INDUS_ANN_RN(1.0),N_A,37,AFY,MNF_JRA,TAX_PROV,2017,2016,0,2017-03-31,PT,17.6242
RBI:PRF_LNGNFC_INDUS_ANN_RN(1.0),N_A,15,AFY,MNF_LTH,DEPRC,2017,2016,0,2017-03-31,PT,-3.1769
RBI:PRF_LNGNFC_INDUS_ANN_RN(1.0),N_A,15,AFY,MNF_LTH,EBITDA,2017,2016,0,2017-03-31,PT,1.3624
RBI:PRF_LNGNFC_INDUS_ANN_RN(1.0),N_A,15,AFY,MNF_LTH,EXPD,2017,2016,0,2017-03-31,PT,1.455
RBI:PRF_LNGNFC_INDUS_ANN_RN(1.0),N_A,15,AFY,MNF_LTH,GROSS_PFT_EBIT,2017,2016,0,2017-03-31,PT,2.5221
RBI:PRF_LNGNFC_INDUS_ANN_RN(1.0),N_A,15,AFY,MNF_LTH,INT,2017,2016,0,2017-03-31,PT,-8.0272
RBI:PRF_LNGNFC_INDUS_ANN_RN(1.0),N_A,15,AFY,MNF_LTH,NET_PFT,2017,2016,0,2017-03-31,PT,-11.9368
RBI:PRF_LNGNFC_INDUS_ANN_RN(1.0),N_A,15,AFY,MNF_LTH,OPR_PFT,2017,2016,0,2017-03-31,PT,-1.1257
RBI:PRF_LNGNFC_INDUS_ANN_RN(1.0),N_A,15,AFY,MNF_LTH,OTH_INC,2017,2016,0,2017-03-31,PT,44.9339
RBI:PRF_LNGNFC_INDUS_ANN_RN(1.0),N_A,15,AFY,MNF_LTH,PC_SHARE_SAL,2017,2016,0,2017-03-31,PT,0.258885
RBI:PRF_LNGNFC_INDUS_ANN_RN(1.0),N_A,15,AFY,MNF_LTH,SALES,2017,2016,0,2017-03-31,INR,81073000000
RBI:PRF_LNGNFC_INDUS_ANN_RN(1.0),N_A,15,AFY,MNF_LTH,SALES,2017,2016,0,2017-03-31,PT,2.0328
RBI:PRF_LNGNFC_INDUS_ANN_RN(1.0),N_A,15,AFY,MNF_LTH,TAX_PROV,2017,2016,0,2017-03-31,PT,-2.5099
RBI:PRF_LNGNFC_INDUS_ANN_RN(1.0),N_A,132,AFY,MNF_MMT,DEPRC,2017,2016,0,2017-03-31,PT,-1.7284
RBI:PRF_LNGNFC_INDUS_ANN_RN(1.0),N_A,132,AFY,MNF_MMT,EBITDA,2017,2016,0,2017-03-31,PT,7.8721
RBI:PRF_LNGNFC_INDUS_ANN_RN(1.0),N_A,132,AFY,MNF_MMT,EXPD,2017,2016,0,2017-03-31,PT,4.7614
RBI:PRF_LNGNFC_INDUS_ANN_RN(1.0),N_A,132,AFY,MNF_MMT,GROSS_PFT_EBIT,2017,2016,0,2017-03-31,PT,10.4357
RBI:PRF_LNGNFC_INDUS_ANN_RN(1.0),N_A,132,AFY,MNF_MMT,INT,2017,2016,0,2017-03-31,PT,-4.6364
RBI:PRF_LNGNFC_INDUS_ANN_RN(1.0),N_A,132,AFY,MNF_MMT,NET_PFT,2017,2016,0,2017-03-31,PT,17.4267
RBI:PRF_LNGNFC_INDUS_ANN_RN(1.0),N_A,132,AFY,MNF_MMT,OPR_PFT,2017,2016,0,2017-03-31,PT,7.3872
RBI:PRF_LNGNFC_INDUS_ANN_RN(1.0),N_A,132,AFY,MNF_MMT,OTH_INC,2017,2016,0,2017-03-31,PT,9.8105
RBI:PRF_LNGNFC_INDUS_ANN_RN(1.0),N_A,132,AFY,MNF_MMT,PC_SHARE_SAL,2017,2016,0,2017-03-31,PT,2.061966
RBI:PRF_LNGNFC_INDUS_ANN_RN(1.0),N_A,132,AFY,MNF_MMT,SALES,2017,2016,0,2017-03-31,INR,645730700000
RBI:PRF_LNGNFC_INDUS_ANN_RN(1.0),N_A,132,AFY,MNF_MMT,SALES,2017,2016,0,2017-03-31,PT,4.2632
RBI:PRF_LNGNFC_INDUS_ANN_RN(1.0),N_A,132,AFY,MNF_MMT,TAX_PROV,2017,2016,0,2017-03-31,PT,11.8296
RBI:PRF_LNGNFC_INDUS_ANN_RN(1.0),N_A,15,AFY,MNF_MMT_MV,DEPRC,2017,2016,0,2017-03-31,PT,11.1273
RBI:PRF_LNGNFC_INDUS_ANN_RN(1.0),N_A,15,AFY,MNF_MMT_MV,EBITDA,2017,2016,0,2017-03-31,PT,5.5968
RBI:PRF_LNGNFC_INDUS_ANN_RN(1.0),N_A,15,AFY,MNF_MMT_MV,EXPD,2017,2016,0,2017-03-31,PT,8.5981
RBI:PRF_LNGNFC_INDUS_ANN_RN(1.0),N_A,15,AFY,MNF_MMT_MV,GROSS_PFT_EBIT,2017,2016,0,2017-03-31,PT,4.0946
RBI:PRF_LNGNFC_INDUS_ANN_RN(1.0),N_A,15,AFY,MNF_MMT_MV,INT,2017,2016,0,2017-03-31,PT,-4.9645
RBI:PRF_LNGNFC_INDUS_ANN_RN(1.0),N_A,15,AFY,MNF_MMT_MV,NET_PFT,2017,2016,0,2017-03-31,PT,8.6774
RBI:PRF_LNGNFC_INDUS_ANN_RN(1.0),N_A,15,AFY,MNF_MMT_MV,OPR_PFT,2017,2016,0,2017-03-31,PT,1.5973
RBI:PRF_LNGNFC_INDUS_ANN_RN(1.0),N_A,15,AFY,MNF_MMT_MV,OTH_INC,2017,2016,0,2017-03-31,PT,25.4955
RBI:PRF_LNGNFC_INDUS_ANN_RN(1.0),N_A,15,AFY,MNF_MMT_MV,PC_SHARE_SAL,2017,2016,0,2017-03-31,PT,8.334891
RBI:PRF_LNGNFC_INDUS_ANN_RN(1.0),N_A,15,AFY,MNF_MMT_MV,SALES,2017,2016,0,2017-03-31,INR,2610176300000
RBI:PRF_LNGNFC_INDUS_ANN_RN(1.0),N_A,15,AFY,MNF_MMT_MV,SALES,2017,2016,0,2017-03-31,PT,7.3671
RBI:PRF_LNGNFC_INDUS_ANN_RN(1.0),N_A,15,AFY,MNF_MMT_MV,TAX_PROV,2017,2016,0,2017-03-31,PT,7.3807
RBI:PRF_LNGNFC_INDUS_ANN_RN(1.0),N_A,99,AFY,MNF_MMT_OTH,DEPRC,2017,2016,0,2017-03-31,PT,14.0403
RBI:PRF_LNGNFC_INDUS_ANN_RN(1.0),N_A,99,AFY,MNF_MMT_OTH,EBITDA,2017,2016,0,2017-03-31,PT,6.7227
RBI:PRF_LNGNFC_INDUS_ANN_RN(1.0),N_A,99,AFY,MNF_MMT_OTH,EXPD,2017,2016,0,2017-03-31,PT,8.671
RBI:PRF_LNGNFC_INDUS_ANN_RN(1.0),N_A,99,AFY,MNF_MMT_OTH,GROSS_PFT_EBIT,2017,2016,0,2017-03-31,PT,4.3534
RBI:PRF_LNGNFC_INDUS_ANN_RN(1.0),N_A,99,AFY,MNF_MMT_OTH,INT,2017,2016,0,2017-03-31,PT,20.4458
RBI:PRF_LNGNFC_INDUS_ANN_RN(1.0),N_A,99,AFY,MNF_MMT_OTH,NET_PFT,2017,2016,0,2017-03-31,PT,0.7976
RBI:PRF_LNGNFC_INDUS_ANN_RN(1.0),N_A,99,AFY,MNF_MMT_OTH,OPR_PFT,2017,2016,0,2017-03-31,PT,3.432
RBI:PRF_LNGNFC_INDUS_ANN_RN(1.0),N_A,99,AFY,MNF_MMT_OTH,OTH_INC,2017,2016,0,2017-03-31,PT,23.3843
RBI:PRF_LNGNFC_INDUS_ANN_RN(1.0),N_A,99,AFY,MNF_MMT_OTH,PC_SHARE_SAL,2017,2016,0,2017-03-31,PT,10.188412
RBI:PRF_LNGNFC_INDUS_ANN_RN(1.0),N_A,99,AFY,MNF_MMT_OTH,SALES,2017,2016,0,2017-03-31,INR,3190629800000
RBI:PRF_LNGNFC_INDUS_ANN_RN(1.0),N_A,99,AFY,MNF_MMT_OTH,SALES,2017,2016,0,2017-03-31,PT,7.74
RBI:PRF_LNGNFC_INDUS_ANN_RN(1.0),N_A,99,AFY,MNF_MMT_OTH,TAX_PROV,2017,2016,0,2017-03-31,PT,0.3318
RBI:PRF_LNGNFC_INDUS_ANN_RN(1.0),N_A,84,AFY,MNF_MMT_PRTS,DEPRC,2017,2016,0,2017-03-31,PT,23.1309
RBI:PRF_LNGNFC_INDUS_ANN_RN(1.0),N_A,84,AFY,MNF_MMT_PRTS,EBITDA,2017,2016,0,2017-03-31,PT,14.0726
RBI:PRF_LNGNFC_INDUS_ANN_RN(1.0),N_A,84,AFY,MNF_MMT_PRTS,EXPD,2017,2016,0,2017-03-31,PT,8.9901
RBI:PRF_LNGNFC_INDUS_ANN_RN(1.0),N_A,84,AFY,MNF_MMT_PRTS,GROSS_PFT_EBIT,2017,2016,0,2017-03-31,PT,6.7552
RBI:PRF_LNGNFC_INDUS_ANN_RN(1.0),N_A,84,AFY,MNF_MMT_PRTS,INT,2017,2016,0,2017-03-31,PT,43.1021
RBI:PRF_LNGNFC_INDUS_ANN_RN(1.0),N_A,84,AFY,MNF_MMT_PRTS,NET_PFT,2017,2016,0,2017-03-31,PT,-115.4105
RBI:PRF_LNGNFC_INDUS_ANN_RN(1.0),N_A,84,AFY,MNF_MMT_PRTS,OPR_PFT,2017,2016,0,2017-03-31,PT,15.152
RBI:PRF_LNGNFC_INDUS_ANN_RN(1.0),N_A,84,AFY,MNF_MMT_PRTS,OTH_INC,2017,2016,0,2017-03-31,PT,7.9107
RBI:PRF_LNGNFC_INDUS_ANN_RN(1.0),N_A,84,AFY,MNF_MMT_PRTS,PC_SHARE_SAL,2017,2016,0,2017-03-31,PT,1.853521
RBI:PRF_LNGNFC_INDUS_ANN_RN(1.0),N_A,84,AFY,MNF_MMT_PRTS,SALES,2017,2016,0,2017-03-31,INR,580453500000
RBI:PRF_LNGNFC_INDUS_ANN_RN(1.0),N_A,84,AFY,MNF_MMT_PRTS,SALES,2017,2016,0,2017-03-31,PT,9.4491
RBI:PRF_LNGNFC_INDUS_ANN_RN(1.0),N_A,84,AFY,MNF_MMT_PRTS,TAX_PROV,2017,2016,0,2017-03-31,PT,-90.2887
RBI:PRF_LNGNFC_INDUS_ANN_RN(1.0),N_A,9,AFY,MNF_MPOSE,DEPRC,2017,2016,0,2017-03-31,PT,4.8943
RBI:PRF_LNGNFC_INDUS_ANN_RN(1.0),N_A,9,AFY,MNF_MPOSE,EBITDA,2017,2016,0,2017-03-31,PT,4.9519
RBI:PRF_LNGNFC_INDUS_ANN_RN(1.0),N_A,9,AFY,MNF_MPOSE,EXPD,2017,2016,0,2017-03-31,PT,9.4469
RBI:PRF_LNGNFC_INDUS_ANN_RN(1.0),N_A,9,AFY,MNF_MPOSE,GROSS_PFT_EBIT,2017,2016,0,2017-03-31,PT,4.9801
RBI:PRF_LNGNFC_INDUS_ANN_RN(1.0),N_A,9,AFY,MNF_MPOSE,INT,2017,2016,0,2017-03-31,PT,-48.4355
RBI:PRF_LNGNFC_INDUS_ANN_RN(1.0),N_A,9,AFY,MNF_MPOSE,OPR_PFT,2017,2016,0,2017-03-31,PT,7.5399
RBI:PRF_LNGNFC_INDUS_ANN_RN(1.0),N_A,9,AFY,MNF_MPOSE,OTH_INC,2017,2016,0,2017-03-31,PT,-10.9598
RBI:PRF_LNGNFC_INDUS_ANN_RN(1.0),N_A,9,AFY,MNF_MPOSE,PC_SHARE_SAL,2017,2016,0,2017-03-31,PT,0.019965
RBI:PRF_LNGNFC_INDUS_ANN_RN(1.0),N_A,9,AFY,MNF_MPOSE,SALES,2017,2016,0,2017-03-31,INR,6252400000
RBI:PRF_LNGNFC_INDUS_ANN_RN(1.0),N_A,9,AFY,MNF_MPOSE,SALES,2017,2016,0,2017-03-31,PT,4.0367
RBI:PRF_LNGNFC_INDUS_ANN_RN(1.0),N_A,9,AFY,MNF_MPOSE,TAX_PROV,2017,2016,0,2017-03-31,PT,-9.3696
RBI:PRF_LNGNFC_INDUS_ANN_RN(1.0),N_A,54,AFY,MNF_OTH,DEPRC,2017,2016,0,2017-03-31,PT,-1.8387
RBI:PRF_LNGNFC_INDUS_ANN_RN(1.0),N_A,54,AFY,MNF_OTH,EBITDA,2017,2016,0,2017-03-31,PT,26.0018
RBI:PRF_LNGNFC_INDUS_ANN_RN(1.0),N_A,54,AFY,MNF_OTH,EXPD,2017,2016,0,2017-03-31,PT,1.4262
RBI:PRF_LNGNFC_INDUS_ANN_RN(1.0),N_A,54,AFY,MNF_OTH,GROSS_PFT_EBIT,2017,2016,0,2017-03-31,PT,41.2848
RBI:PRF_LNGNFC_INDUS_ANN_RN(1.0),N_A,54,AFY,MNF_OTH,INT,2017,2016,0,2017-03-31,PT,-45.8886
RBI:PRF_LNGNFC_INDUS_ANN_RN(1.0),N_A,54,AFY,MNF_OTH,OPR_PFT,2017,2016,0,2017-03-31,PT,27.1525
RBI:PRF_LNGNFC_INDUS_ANN_RN(1.0),N_A,54,AFY,MNF_OTH,OTH_INC,2017,2016,0,2017-03-31,PT,18.1951
RBI:PRF_LNGNFC_INDUS_ANN_RN(1.0),N_A,54,AFY,MNF_OTH,PC_SHARE_SAL,2017,2016,0,2017-03-31,PT,0.762617
RBI:PRF_LNGNFC_INDUS_ANN_RN(1.0),N_A,54,AFY,MNF_OTH,SALES,2017,2016,0,2017-03-31,INR,238823100000
RBI:PRF_LNGNFC_INDUS_ANN_RN(1.0),N_A,54,AFY,MNF_OTH,SALES,2017,2016,0,2017-03-31,PT,1.7963
RBI:PRF_LNGNFC_INDUS_ANN_RN(1.0),N_A,54,AFY,MNF_OTH,TAX_PROV,2017,2016,0,2017-03-31,PT,-10.5869
RBI:PRF_LNGNFC_INDUS_ANN_RN(1.0),N_A,21,AFY,MNF_PETR_PRD,DEPRC,2017,2016,0,2017-03-31,PT,-1.4039
RBI:PRF_LNGNFC_INDUS_ANN_RN(1.0),N_A,21,AFY,MNF_PETR_PRD,EBITDA,2017,2016,0,2017-03-31,PT,11.695
RBI:PRF_LNGNFC_INDUS_ANN_RN(1.0),N_A,21,AFY,MNF_PETR_PRD,EXPD,2017,2016,0,2017-03-31,PT,7.2103
RBI:PRF_LNGNFC_INDUS_ANN_RN(1.0),N_A,21,AFY,MNF_PETR_PRD,GROSS_PFT_EBIT,2017,2016,0,2017-03-31,PT,14.6388
RBI:PRF_LNGNFC_INDUS_ANN_RN(1.0),N_A,21,AFY,MNF_PETR_PRD,INT,2017,2016,0,2017-03-31,PT,8.1876
RBI:PRF_LNGNFC_INDUS_ANN_RN(1.0),N_A,21,AFY,MNF_PETR_PRD,NET_PFT,2017,2016,0,2017-03-31,PT,15.8974
RBI:PRF_LNGNFC_INDUS_ANN_RN(1.0),N_A,21,AFY,MNF_PETR_PRD,OPR_PFT,2017,2016,0,2017-03-31,PT,11.9479
RBI:PRF_LNGNFC_INDUS_ANN_RN(1.0),N_A,21,AFY,MNF_PETR_PRD,OTH_INC,2017,2016,0,2017-03-31,PT,10.4425
RBI:PRF_LNGNFC_INDUS_ANN_RN(1.0),N_A,21,AFY,MNF_PETR_PRD,PC_SHARE_SAL,2017,2016,0,2017-03-31,PT,8.036452
RBI:PRF_LNGNFC_INDUS_ANN_RN(1.0),N_A,21,AFY,MNF_PETR_PRD,SALES,2017,2016,0,2017-03-31,INR,2516716300000
RBI:PRF_LNGNFC_INDUS_ANN_RN(1.0),N_A,21,AFY,MNF_PETR_PRD,SALES,2017,2016,0,2017-03-31,PT,3.8207
RBI:PRF_LNGNFC_INDUS_ANN_RN(1.0),N_A,21,AFY,MNF_PETR_PRD,TAX_PROV,2017,2016,0,2017-03-31,PT,7.3211
RBI:PRF_LNGNFC_INDUS_ANN_RN(1.0),N_A,137,AFY,MNF_PM,DEPRC,2017,2016,0,2017-03-31,PT,9.1794
RBI:PRF_LNGNFC_INDUS_ANN_RN(1.0),N_A,137,AFY,MNF_PM,EBITDA,2017,2016,0,2017-03-31,PT,-2.5462
RBI:PRF_LNGNFC_INDUS_ANN_RN(1.0),N_A,137,AFY,MNF_PM,EXPD,2017,2016,0,2017-03-31,PT,2.8213
RBI:PRF_LNGNFC_INDUS_ANN_RN(1.0),N_A,137,AFY,MNF_PM,GROSS_PFT_EBIT,2017,2016,0,2017-03-31,PT,-4.7288
RBI:PRF_LNGNFC_INDUS_ANN_RN(1.0),N_A,137,AFY,MNF_PM,INT,2017,2016,0,2017-03-31,PT,-2.7666
RBI:PRF_LNGNFC_INDUS_ANN_RN(1.0),N_A,137,AFY,MNF_PM,NET_PFT,2017,2016,0,2017-03-31,PT,-2.5725
RBI:PRF_LNGNFC_INDUS_ANN_RN(1.0),N_A,137,AFY,MNF_PM,OPR_PFT,2017,2016,0,2017-03-31,PT,-3.8058
RBI:PRF_LNGNFC_INDUS_ANN_RN(1.0),N_A,137,AFY,MNF_PM,OTH_INC,2017,2016,0,2017-03-31,PT,5.7367
RBI:PRF_LNGNFC_INDUS_ANN_RN(1.0),N_A,137,AFY,MNF_PM,PC_SHARE_SAL,2017,2016,0,2017-03-31,PT,4.23872
RBI:PRF_LNGNFC_INDUS_ANN_RN(1.0),N_A,137,AFY,MNF_PM,SALES,2017,2016,0,2017-03-31,INR,1327408600000
RBI:PRF_LNGNFC_INDUS_ANN_RN(1.0),N_A,137,AFY,MNF_PM,SALES,2017,2016,0,2017-03-31,PT,0.9275
RBI:PRF_LNGNFC_INDUS_ANN_RN(1.0),N_A,137,AFY,MNF_PM,TAX_PROV,2017,2016,0,2017-03-31,PT,-13.078
RBI:PRF_LNGNFC_INDUS_ANN_RN(1.0),N_A,30,AFY,MNF_PNFFM,DEPRC,2017,2016,0,2017-03-31,PT,56.2066
RBI:PRF_LNGNFC_INDUS_ANN_RN(1.0),N_A,30,AFY,MNF_PNFFM,EBITDA,2017,2016,0,2017-03-31,PT,28.8846
RBI:PRF_LNGNFC_INDUS_ANN_RN(1.0),N_A,30,AFY,MNF_PNFFM,EXPD,2017,2016,0,2017-03-31,PT,8.0252
RBI:PRF_LNGNFC_INDUS_ANN_RN(1.0),N_A,30,AFY,MNF_PNFFM,GROSS_PFT_EBIT,2017,2016,0,2017-03-31,PT,23.9493
RBI:PRF_LNGNFC_INDUS_ANN_RN(1.0),N_A,30,AFY,MNF_PNFFM,INT,2017,2016,0,2017-03-31,PT,5.2608
RBI:PRF_LNGNFC_INDUS_ANN_RN(1.0),N_A,30,AFY,MNF_PNFFM,NET_PFT,2017,2016,0,2017-03-31,PT,9.4944
RBI:PRF_LNGNFC_INDUS_ANN_RN(1.0),N_A,30,AFY,MNF_PNFFM,OPR_PFT,2017,2016,0,2017-03-31,PT,42.4957
RBI:PRF_LNGNFC_INDUS_ANN_RN(1.0),N_A,30,AFY,MNF_PNFFM,OTH_INC,2017,2016,0,2017-03-31,PT,-7.5123
RBI:PRF_LNGNFC_INDUS_ANN_RN(1.0),N_A,30,AFY,MNF_PNFFM,PC_SHARE_SAL,2017,2016,0,2017-03-31,PT,1.973306
RBI:PRF_LNGNFC_INDUS_ANN_RN(1.0),N_A,30,AFY,MNF_PNFFM,SALES,2017,2016,0,2017-03-31,INR,617965700000
RBI:PRF_LNGNFC_INDUS_ANN_RN(1.0),N_A,30,AFY,MNF_PNFFM,SALES,2017,2016,0,2017-03-31,PT,10.2255
RBI:PRF_LNGNFC_INDUS_ANN_RN(1.0),N_A,30,AFY,MNF_PNFFM,TAX_PROV,2017,2016,0,2017-03-31,PT,25.6539
RBI:PRF_LNGNFC_INDUS_ANN_RN(1.0),N_A,47,AFY,MNF_PNPD,DEPRC,2017,2016,0,2017-03-31,PT,4.3315
RBI:PRF_LNGNFC_INDUS_ANN_RN(1.0),N_A,47,AFY,MNF_PNPD,EBITDA,2017,2016,0,2017-03-31,PT,44.3081
RBI:PRF_LNGNFC_INDUS_ANN_RN(1.0),N_A,47,AFY,MNF_PNPD,EXPD,2017,2016,0,2017-03-31,PT,2.3276
RBI:PRF_LNGNFC_INDUS_ANN_RN(1.0),N_A,47,AFY,MNF_PNPD,GROSS_PFT_EBIT,2017,2016,0,2017-03-31,PT,83.2771
RBI:PRF_LNGNFC_INDUS_ANN_RN(1.0),N_A,47,AFY,MNF_PNPD,INT,2017,2016,0,2017-03-31,PT,-10.7865
RBI:PRF_LNGNFC_INDUS_ANN_RN(1.0),N_A,47,AFY,MNF_PNPD,OPR_PFT,2017,2016,0,2017-03-31,PT,51.7192
RBI:PRF_LNGNFC_INDUS_ANN_RN(1.0),N_A,47,AFY,MNF_PNPD,OTH_INC,2017,2016,0,2017-03-31,PT,4.8605
RBI:PRF_LNGNFC_INDUS_ANN_RN(1.0),N_A,47,AFY,MNF_PNPD,PC_SHARE_SAL,2017,2016,0,2017-03-31,PT,0.555288
RBI:PRF_LNGNFC_INDUS_ANN_RN(1.0),N_A,47,AFY,MNF_PNPD,SALES,2017,2016,0,2017-03-31,INR,173895600000
RBI:PRF_LNGNFC_INDUS_ANN_RN(1.0),N_A,47,AFY,MNF_PNPD,SALES,2017,2016,0,2017-03-31,PT,5.5678
RBI:PRF_LNGNFC_INDUS_ANN_RN(1.0),N_A,47,AFY,MNF_PNPD,TAX_PROV,2017,2016,0,2017-03-31,PT,55.1521
RBI:PRF_LNGNFC_INDUS_ANN_RN(1.0),N_A,105,AFY,MNF_PP,DEPRC,2017,2016,0,2017-03-31,PT,5.9136
RBI:PRF_LNGNFC_INDUS_ANN_RN(1.0),N_A,105,AFY,MNF_PP,EBITDA,2017,2016,0,2017-03-31,PT,-0.7642
RBI:PRF_LNGNFC_INDUS_ANN_RN(1.0),N_A,105,AFY,MNF_PP,EXPD,2017,2016,0,2017-03-31,PT,10.0928
RBI:PRF_LNGNFC_INDUS_ANN_RN(1.0),N_A,105,AFY,MNF_PP,GROSS_PFT_EBIT,2017,2016,0,2017-03-31,PT,-2.9402
RBI:PRF_LNGNFC_INDUS_ANN_RN(1.0),N_A,105,AFY,MNF_PP,INT,2017,2016,0,2017-03-31,PT,-11.0907
RBI:PRF_LNGNFC_INDUS_ANN_RN(1.0),N_A,105,AFY,MNF_PP,NET_PFT,2017,2016,0,2017-03-31,PT,-6.2054
RBI:PRF_LNGNFC_INDUS_ANN_RN(1.0),N_A,105,AFY,MNF_PP,OPR_PFT,2017,2016,0,2017-03-31,PT,6.3258
RBI:PRF_LNGNFC_INDUS_ANN_RN(1.0),N_A,105,AFY,MNF_PP,OTH_INC,2017,2016,0,2017-03-31,PT,-37.4158
RBI:PRF_LNGNFC_INDUS_ANN_RN(1.0),N_A,105,AFY,MNF_PP,PC_SHARE_SAL,2017,2016,0,2017-03-31,PT,1.183411
RBI:PRF_LNGNFC_INDUS_ANN_RN(1.0),N_A,105,AFY,MNF_PP,SALES,2017,2016,0,2017-03-31,INR,370600200000
RBI:PRF_LNGNFC_INDUS_ANN_RN(1.0),N_A,105,AFY,MNF_PP,SALES,2017,2016,0,2017-03-31,PT,6.847
RBI:PRF_LNGNFC_INDUS_ANN_RN(1.0),N_A,105,AFY,MNF_PP,TAX_PROV,2017,2016,0,2017-03-31,PT,21.8464
RBI:PRF_LNGNFC_INDUS_ANN_RN(1.0),N_A,28,AFY,MNF_RRP,DEPRC,2017,2016,0,2017-03-31,PT,-2.5805
RBI:PRF_LNGNFC_INDUS_ANN_RN(1.0),N_A,28,AFY,MNF_RRP,EBITDA,2017,2016,0,2017-03-31,PT,-20.7151
RBI:PRF_LNGNFC_INDUS_ANN_RN(1.0),N_A,28,AFY,MNF_RRP,EXPD,2017,2016,0,2017-03-31,PT,-7.7644
RBI:PRF_LNGNFC_INDUS_ANN_RN(1.0),N_A,28,AFY,MNF_RRP,GROSS_PFT_EBIT,2017,2016,0,2017-03-31,PT,-24.6239
RBI:PRF_LNGNFC_INDUS_ANN_RN(1.0),N_A,28,AFY,MNF_RRP,INT,2017,2016,0,2017-03-31,PT,-32.761
RBI:PRF_LNGNFC_INDUS_ANN_RN(1.0),N_A,28,AFY,MNF_RRP,NET_PFT,2017,2016,0,2017-03-31,PT,-26.1243
RBI:PRF_LNGNFC_INDUS_ANN_RN(1.0),N_A,28,AFY,MNF_RRP,OPR_PFT,2017,2016,0,2017-03-31,PT,-20.8825
RBI:PRF_LNGNFC_INDUS_ANN_RN(1.0),N_A,28,AFY,MNF_RRP,OTH_INC,2017,2016,0,2017-03-31,PT,-19.5392
RBI:PRF_LNGNFC_INDUS_ANN_RN(1.0),N_A,28,AFY,MNF_RRP,PC_SHARE_SAL,2017,2016,0,2017-03-31,PT,1.493648
RBI:PRF_LNGNFC_INDUS_ANN_RN(1.0),N_A,28,AFY,MNF_RRP,SALES,2017,2016,0,2017-03-31,INR,467754800000
RBI:PRF_LNGNFC_INDUS_ANN_RN(1.0),N_A,28,AFY,MNF_RRP,SALES,2017,2016,0,2017-03-31,PT,-11.6148
RBI:PRF_LNGNFC_INDUS_ANN_RN(1.0),N_A,28,AFY,MNF_RRP,TAX_PROV,2017,2016,0,2017-03-31,PT,-40.022
RBI:PRF_LNGNFC_INDUS_ANN_RN(1.0),N_A,6,AFY,MNF_TBC_PRD,DEPRC,2017,2016,0,2017-03-31,PT,3.0841
RBI:PRF_LNGNFC_INDUS_ANN_RN(1.0),N_A,6,AFY,MNF_TBC_PRD,EBITDA,2017,2016,0,2017-03-31,PT,6.5514
RBI:PRF_LNGNFC_INDUS_ANN_RN(1.0),N_A,6,AFY,MNF_TBC_PRD,EXPD,2017,2016,0,2017-03-31,PT,7.286
RBI:PRF_LNGNFC_INDUS_ANN_RN(1.0),N_A,6,AFY,MNF_TBC_PRD,GROSS_PFT_EBIT,2017,2016,0,2017-03-31,PT,6.8147
RBI:PRF_LNGNFC_INDUS_ANN_RN(1.0),N_A,6,AFY,MNF_TBC_PRD,INT,2017,2016,0,2017-03-31,PT,-36.7138
RBI:PRF_LNGNFC_INDUS_ANN_RN(1.0),N_A,6,AFY,MNF_TBC_PRD,NET_PFT,2017,2016,0,2017-03-31,PT,8.9438
RBI:PRF_LNGNFC_INDUS_ANN_RN(1.0),N_A,6,AFY,MNF_TBC_PRD,OPR_PFT,2017,2016,0,2017-03-31,PT,5.5817
RBI:PRF_LNGNFC_INDUS_ANN_RN(1.0),N_A,6,AFY,MNF_TBC_PRD,OTH_INC,2017,2016,0,2017-03-31,PT,14.1039
RBI:PRF_LNGNFC_INDUS_ANN_RN(1.0),N_A,6,AFY,MNF_TBC_PRD,PC_SHARE_SAL,2017,2016,0,2017-03-31,PT,1.384908
RBI:PRF_LNGNFC_INDUS_ANN_RN(1.0),N_A,6,AFY,MNF_TBC_PRD,SALES,2017,2016,0,2017-03-31,INR,433701400000
RBI:PRF_LNGNFC_INDUS_ANN_RN(1.0),N_A,6,AFY,MNF_TBC_PRD,SALES,2017,2016,0,2017-03-31,PT,8.8205
RBI:PRF_LNGNFC_INDUS_ANN_RN(1.0),N_A,6,AFY,MNF_TBC_PRD,TAX_PROV,2017,2016,0,2017-03-31,PT,7.6054
RBI:PRF_LNGNFC_INDUS_ANN_RN(1.0),N_A,290,AFY,MNF_TXT,DEPRC,2017,2016,0,2017-03-31,PT,-7.5796
RBI:PRF_LNGNFC_INDUS_ANN_RN(1.0),N_A,290,AFY,MNF_TXT,EBITDA,2017,2016,0,2017-03-31,PT,1.8847
RBI:PRF_LNGNFC_INDUS_ANN_RN(1.0),N_A,290,AFY,MNF_TXT,EXPD,2017,2016,0,2017-03-31,PT,-0.2667
RBI:PRF_LNGNFC_INDUS_ANN_RN(1.0),N_A,290,AFY,MNF_TXT,GROSS_PFT_EBIT,2017,2016,0,2017-03-31,PT,9.4587
RBI:PRF_LNGNFC_INDUS_ANN_RN(1.0),N_A,290,AFY,MNF_TXT,INT,2017,2016,0,2017-03-31,PT,-1.7754
RBI:PRF_LNGNFC_INDUS_ANN_RN(1.0),N_A,290,AFY,MNF_TXT,OPR_PFT,2017,2016,0,2017-03-31,PT,-1.5216
RBI:PRF_LNGNFC_INDUS_ANN_RN(1.0),N_A,290,AFY,MNF_TXT,OTH_INC,2017,2016,0,2017-03-31,PT,17.1369
RBI:PRF_LNGNFC_INDUS_ANN_RN(1.0),N_A,290,AFY,MNF_TXT,PC_SHARE_SAL,2017,2016,0,2017-03-31,PT,4.482163
RBI:PRF_LNGNFC_INDUS_ANN_RN(1.0),N_A,290,AFY,MNF_TXT,SALES,2017,2016,0,2017-03-31,INR,1403645900000
RBI:PRF_LNGNFC_INDUS_ANN_RN(1.0),N_A,290,AFY,MNF_TXT,SALES,2017,2016,0,2017-03-31,PT,-0.6244
RBI:PRF_LNGNFC_INDUS_ANN_RN(1.0),N_A,16,AFY,MNF_WOOD_PRD,DEPRC,2017,2016,0,2017-03-31,PT,7.5528
RBI:PRF_LNGNFC_INDUS_ANN_RN(1.0),N_A,16,AFY,MNF_WOOD_PRD,EBITDA,2017,2016,0,2017-03-31,PT,8.7252
RBI:PRF_LNGNFC_INDUS_ANN_RN(1.0),N_A,16,AFY,MNF_WOOD_PRD,EXPD,2017,2016,0,2017-03-31,PT,7.4816
RBI:PRF_LNGNFC_INDUS_ANN_RN(1.0),N_A,16,AFY,MNF_WOOD_PRD,GROSS_PFT_EBIT,2017,2016,0,2017-03-31,PT,8.9951
RBI:PRF_LNGNFC_INDUS_ANN_RN(1.0),N_A,16,AFY,MNF_WOOD_PRD,INT,2017,2016,0,2017-03-31,PT,-20.0189
RBI:PRF_LNGNFC_INDUS_ANN_RN(1.0),N_A,16,AFY,MNF_WOOD_PRD,NET_PFT,2017,2016,0,2017-03-31,PT,14.5219
RBI:PRF_LNGNFC_INDUS_ANN_RN(1.0),N_A,16,AFY,MNF_WOOD_PRD,OPR_PFT,2017,2016,0,2017-03-31,PT,6.0605
RBI:PRF_LNGNFC_INDUS_ANN_RN(1.0),N_A,16,AFY,MNF_WOOD_PRD,OTH_INC,2017,2016,0,2017-03-31,PT,84.5024
RBI:PRF_LNGNFC_INDUS_ANN_RN(1.0),N_A,16,AFY,MNF_WOOD_PRD,PC_SHARE_SAL,2017,2016,0,2017-03-31,PT,0.19575
RBI:PRF_LNGNFC_INDUS_ANN_RN(1.0),N_A,16,AFY,MNF_WOOD_PRD,SALES,2017,2016,0,2017-03-31,INR,61301600000
RBI:PRF_LNGNFC_INDUS_ANN_RN(1.0),N_A,16,AFY,MNF_WOOD_PRD,SALES,2017,2016,0,2017-03-31,PT,5.6707
RBI:PRF_LNGNFC_INDUS_ANN_RN(1.0),N_A,16,AFY,MNF_WOOD_PRD,TAX_PROV,2017,2016,0,2017-03-31,PT,52.0093
RBI:PRF_LNGNFC_INDUS_ANN_RN(1.0),N_A,579,AFY,SERV_OTH_IT,DEPRC,2017,2016,0,2017-03-31,PT,15.539
RBI:PRF_LNGNFC_INDUS_ANN_RN(1.0),N_A,579,AFY,SERV_OTH_IT,EBITDA,2017,2016,0,2017-03-31,PT,-5.4317
RBI:PRF_LNGNFC_INDUS_ANN_RN(1.0),N_A,579,AFY,SERV_OTH_IT,EXPD,2017,2016,0,2017-03-31,PT,0.0388
RBI:PRF_LNGNFC_INDUS_ANN_RN(1.0),N_A,579,AFY,SERV_OTH_IT,GROSS_PFT_EBIT,2017,2016,0,2017-03-31,PT,-17.2656
RBI:PRF_LNGNFC_INDUS_ANN_RN(1.0),N_A,579,AFY,SERV_OTH_IT,INT,2017,2016,0,2017-03-31,PT,22.9315
RBI:PRF_LNGNFC_INDUS_ANN_RN(1.0),N_A,579,AFY,SERV_OTH_IT,NET_PFT,2017,2016,0,2017-03-31,PT,-114.53
RBI:PRF_LNGNFC_INDUS_ANN_RN(1.0),N_A,579,AFY,SERV_OTH_IT,OPR_PFT,2017,2016,0,2017-03-31,PT,-7.7371
RBI:PRF_LNGNFC_INDUS_ANN_RN(1.0),N_A,579,AFY,SERV_OTH_IT,OTH_INC,2017,2016,0,2017-03-31,PT,11.6289
RBI:PRF_LNGNFC_INDUS_ANN_RN(1.0),N_A,579,AFY,SERV_OTH_IT,PC_SHARE_SAL,2017,2016,0,2017-03-31,PT,10.649919
RBI:PRF_LNGNFC_INDUS_ANN_RN(1.0),N_A,579,AFY,SERV_OTH_IT,SALES,2017,2016,0,2017-03-31,INR,3335156700000
RBI:PRF_LNGNFC_INDUS_ANN_RN(1.0),N_A,579,AFY,SERV_OTH_IT,SALES,2017,2016,0,2017-03-31,PT,-1.5181
RBI:PRF_LNGNFC_INDUS_ANN_RN(1.0),N_A,579,AFY,SERV_OTH_IT,TAX_PROV,2017,2016,0,2017-03-31,PT,-38.2117
RBI:PRF_LNGNFC_INDUS_ANN_RN(1.0),N_A,30,AFY,SOI_BSS,DEPRC,2017,2016,0,2017-03-31,PT,0.6936
RBI:PRF_LNGNFC_INDUS_ANN_RN(1.0),N_A,30,AFY,SOI_BSS,EBITDA,2017,2016,0,2017-03-31,PT,3.7085
RBI:PRF_LNGNFC_INDUS_ANN_RN(1.0),N_A,30,AFY,SOI_BSS,EXPD,2017,2016,0,2017-03-31,PT,3.8516
RBI:PRF_LNGNFC_INDUS_ANN_RN(1.0),N_A,30,AFY,SOI_BSS,GROSS_PFT_EBIT,2017,2016,0,2017-03-31,PT,4.659
RBI:PRF_LNGNFC_INDUS_ANN_RN(1.0),N_A,30,AFY,SOI_BSS,INT,2017,2016,0,2017-03-31,PT,10.8477
RBI:PRF_LNGNFC_INDUS_ANN_RN(1.0),N_A,30,AFY,SOI_BSS,NET_PFT,2017,2016,0,2017-03-31,PT,12.3423
RBI:PRF_LNGNFC_INDUS_ANN_RN(1.0),N_A,30,AFY,SOI_BSS,OPR_PFT,2017,2016,0,2017-03-31,PT,3.9325
RBI:PRF_LNGNFC_INDUS_ANN_RN(1.0),N_A,30,AFY,SOI_BSS,OTH_INC,2017,2016,0,2017-03-31,PT,1.9292
RBI:PRF_LNGNFC_INDUS_ANN_RN(1.0),N_A,30,AFY,SOI_BSS,PC_SHARE_SAL,2017,2016,0,2017-03-31,PT,0.325688
RBI:PRF_LNGNFC_INDUS_ANN_RN(1.0),N_A,30,AFY,SOI_BSS,SALES,2017,2016,0,2017-03-31,INR,101993300000
RBI:PRF_LNGNFC_INDUS_ANN_RN(1.0),N_A,30,AFY,SOI_BSS,SALES,2017,2016,0,2017-03-31,PT,3.2759
RBI:PRF_LNGNFC_INDUS_ANN_RN(1.0),N_A,30,AFY,SOI_BSS,TAX_PROV,2017,2016,0,2017-03-31,PT,109.245
RBI:PRF_LNGNFC_INDUS_ANN_RN(1.0),N_A,51,AFY,SOI_HNR,DEPRC,2017,2016,0,2017-03-31,PT,-3.5254
RBI:PRF_LNGNFC_INDUS_ANN_RN(1.0),N_A,51,AFY,SOI_HNR,EBITDA,2017,2016,0,2017-03-31,PT,2.4543
RBI:PRF_LNGNFC_INDUS_ANN_RN(1.0),N_A,51,AFY,SOI_HNR,EXPD,2017,2016,0,2017-03-31,PT,3.2975
RBI:PRF_LNGNFC_INDUS_ANN_RN(1.0),N_A,51,AFY,SOI_HNR,GROSS_PFT_EBIT,2017,2016,0,2017-03-31,PT,6.4378
RBI:PRF_LNGNFC_INDUS_ANN_RN(1.0),N_A,51,AFY,SOI_HNR,INT,2017,2016,0,2017-03-31,PT,-11.7629
RBI:PRF_LNGNFC_INDUS_ANN_RN(1.0),N_A,51,AFY,SOI_HNR,NET_PFT,2017,2016,0,2017-03-31,PT,133.546
RBI:PRF_LNGNFC_INDUS_ANN_RN(1.0),N_A,51,AFY,SOI_HNR,OPR_PFT,2017,2016,0,2017-03-31,PT,0.3713
RBI:PRF_LNGNFC_INDUS_ANN_RN(1.0),N_A,51,AFY,SOI_HNR,OTH_INC,2017,2016,0,2017-03-31,PT,15.2681
RBI:PRF_LNGNFC_INDUS_ANN_RN(1.0),N_A,51,AFY,SOI_HNR,PC_SHARE_SAL,2017,2016,0,2017-03-31,PT,0.295696
RBI:PRF_LNGNFC_INDUS_ANN_RN(1.0),N_A,51,AFY,SOI_HNR,SALES,2017,2016,0,2017-03-31,INR,92601000000
RBI:PRF_LNGNFC_INDUS_ANN_RN(1.0),N_A,51,AFY,SOI_HNR,SALES,2017,2016,0,2017-03-31,PT,2.6781
RBI:PRF_LNGNFC_INDUS_ANN_RN(1.0),N_A,51,AFY,SOI_HNR,TAX_PROV,2017,2016,0,2017-03-31,PT,48.0071
RBI:PRF_LNGNFC_INDUS_ANN_RN(1.0),N_A,21,AFY,SOI_HS,DEPRC,2017,2016,0,2017-03-31,PT,10.8798
RBI:PRF_LNGNFC_INDUS_ANN_RN(1.0),N_A,21,AFY,SOI_HS,EBITDA,2017,2016,0,2017-03-31,PT,6.9411
RBI:PRF_LNGNFC_INDUS_ANN_RN(1.0),N_A,21,AFY,SOI_HS,EXPD,2017,2016,0,2017-03-31,PT,16.7219
RBI:PRF_LNGNFC_INDUS_ANN_RN(1.0),N_A,21,AFY,SOI_HS,GROSS_PFT_EBIT,2017,2016,0,2017-03-31,PT,5.0479
RBI:PRF_LNGNFC_INDUS_ANN_RN(1.0),N_A,21,AFY,SOI_HS,INT,2017,2016,0,2017-03-31,PT,26.569
RBI:PRF_LNGNFC_INDUS_ANN_RN(1.0),N_A,21,AFY,SOI_HS,NET_PFT,2017,2016,0,2017-03-31,PT,2.8174
RBI:PRF_LNGNFC_INDUS_ANN_RN(1.0),N_A,21,AFY,SOI_HS,OPR_PFT,2017,2016,0,2017-03-31,PT,10.039
RBI:PRF_LNGNFC_INDUS_ANN_RN(1.0),N_A,21,AFY,SOI_HS,OTH_INC,2017,2016,0,2017-03-31,PT,-5.9106
RBI:PRF_LNGNFC_INDUS_ANN_RN(1.0),N_A,21,AFY,SOI_HS,PC_SHARE_SAL,2017,2016,0,2017-03-31,PT,0.352362
RBI:PRF_LNGNFC_INDUS_ANN_RN(1.0),N_A,21,AFY,SOI_HS,SALES,2017,2016,0,2017-03-31,INR,110346600000
RBI:PRF_LNGNFC_INDUS_ANN_RN(1.0),N_A,21,AFY,SOI_HS,SALES,2017,2016,0,2017-03-31,PT,12.6181
RBI:PRF_LNGNFC_INDUS_ANN_RN(1.0),N_A,21,AFY,SOI_HS,TAX_PROV,2017,2016,0,2017-03-31,PT,-7.6572
RBI:PRF_LNGNFC_INDUS_ANN_RN(1.0),N_A,80,AFY,SOI_OTH,DEPRC,2017,2016,0,2017-03-31,PT,8.0427
RBI:PRF_LNGNFC_INDUS_ANN_RN(1.0),N_A,80,AFY,SOI_OTH,EBITDA,2017,2016,0,2017-03-31,PT,1.4139
RBI:PRF_LNGNFC_INDUS_ANN_RN(1.0),N_A,80,AFY,SOI_OTH,EXPD,2017,2016,0,2017-03-31,PT,1.4013
RBI:PRF_LNGNFC_INDUS_ANN_RN(1.0),N_A,80,AFY,SOI_OTH,GROSS_PFT_EBIT,2017,2016,0,2017-03-31,PT,-0.2722
RBI:PRF_LNGNFC_INDUS_ANN_RN(1.0),N_A,80,AFY,SOI_OTH,INT,2017,2016,0,2017-03-31,PT,3.3327
RBI:PRF_LNGNFC_INDUS_ANN_RN(1.0),N_A,80,AFY,SOI_OTH,NET_PFT,2017,2016,0,2017-03-31,PT,-0.3692
RBI:PRF_LNGNFC_INDUS_ANN_RN(1.0),N_A,80,AFY,SOI_OTH,OPR_PFT,2017,2016,0,2017-03-31,PT,2.7467
RBI:PRF_LNGNFC_INDUS_ANN_RN(1.0),N_A,80,AFY,SOI_OTH,OTH_INC,2017,2016,0,2017-03-31,PT,-4.626
RBI:PRF_LNGNFC_INDUS_ANN_RN(1.0),N_A,80,AFY,SOI_OTH,PC_SHARE_SAL,2017,2016,0,2017-03-31,PT,0.901424
RBI:PRF_LNGNFC_INDUS_ANN_RN(1.0),N_A,80,AFY,SOI_OTH,SALES,2017,2016,0,2017-03-31,INR,282292400000
RBI:PRF_LNGNFC_INDUS_ANN_RN(1.0),N_A,80,AFY,SOI_OTH,SALES,2017,2016,0,2017-03-31,PT,1.1587
RBI:PRF_LNGNFC_INDUS_ANN_RN(1.0),N_A,80,AFY,SOI_OTH,TAX_PROV,2017,2016,0,2017-03-31,PT,-13.0627
RBI:PRF_LNGNFC_INDUS_ANN_RN(1.0),N_A,51,AFY,SOI_RE,DEPRC,2017,2016,0,2017-03-31,PT,4.6285
RBI:PRF_LNGNFC_INDUS_ANN_RN(1.0),N_A,51,AFY,SOI_RE,EBITDA,2017,2016,0,2017-03-31,PT,-10.7646
RBI:PRF_LNGNFC_INDUS_ANN_RN(1.0),N_A,51,AFY,SOI_RE,EXPD,2017,2016,0,2017-03-31,PT,-13.5099
RBI:PRF_LNGNFC_INDUS_ANN_RN(1.0),N_A,51,AFY,SOI_RE,GROSS_PFT_EBIT,2017,2016,0,2017-03-31,PT,-11.8034
RBI:PRF_LNGNFC_INDUS_ANN_RN(1.0),N_A,51,AFY,SOI_RE,INT,2017,2016,0,2017-03-31,PT,-3.3592
RBI:PRF_LNGNFC_INDUS_ANN_RN(1.0),N_A,51,AFY,SOI_RE,NET_PFT,2017,2016,0,2017-03-31,PT,-33.1392
RBI:PRF_LNGNFC_INDUS_ANN_RN(1.0),N_A,51,AFY,SOI_RE,OPR_PFT,2017,2016,0,2017-03-31,PT,-1.3714
RBI:PRF_LNGNFC_INDUS_ANN_RN(1.0),N_A,51,AFY,SOI_RE,OTH_INC,2017,2016,0,2017-03-31,PT,-27.5003
RBI:PRF_LNGNFC_INDUS_ANN_RN(1.0),N_A,51,AFY,SOI_RE,PC_SHARE_SAL,2017,2016,0,2017-03-31,PT,0.409764
RBI:PRF_LNGNFC_INDUS_ANN_RN(1.0),N_A,51,AFY,SOI_RE,SALES,2017,2016,0,2017-03-31,INR,128322900000
RBI:PRF_LNGNFC_INDUS_ANN_RN(1.0),N_A,51,AFY,SOI_RE,SALES,2017,2016,0,2017-03-31,PT,-8.5718
RBI:PRF_LNGNFC_INDUS_ANN_RN(1.0),N_A,51,AFY,SOI_RE,TAX_PROV,2017,2016,0,2017-03-31,PT,68.159
RBI:PRF_LNGNFC_INDUS_ANN_RN(1.0),N_A,11,AFY,SOI_TCOMM,DEPRC,2017,2016,0,2017-03-31,PT,21.7143
RBI:PRF_LNGNFC_INDUS_ANN_RN(1.0),N_A,11,AFY,SOI_TCOMM,EBITDA,2017,2016,0,2017-03-31,PT,-6.4196
RBI:PRF_LNGNFC_INDUS_ANN_RN(1.0),N_A,11,AFY,SOI_TCOMM,EXPD,2017,2016,0,2017-03-31,PT,4.4544
RBI:PRF_LNGNFC_INDUS_ANN_RN(1.0),N_A,11,AFY,SOI_TCOMM,GROSS_PFT_EBIT,2017,2016,0,2017-03-31,PT,-34.1247
RBI:PRF_LNGNFC_INDUS_ANN_RN(1.0),N_A,11,AFY,SOI_TCOMM,INT,2017,2016,0,2017-03-31,PT,54.2504
RBI:PRF_LNGNFC_INDUS_ANN_RN(1.0),N_A,11,AFY,SOI_TCOMM,OPR_PFT,2017,2016,0,2017-03-31,PT,-8.4533
RBI:PRF_LNGNFC_INDUS_ANN_RN(1.0),N_A,11,AFY,SOI_TCOMM,OTH_INC,2017,2016,0,2017-03-31,PT,71.7817
RBI:PRF_LNGNFC_INDUS_ANN_RN(1.0),N_A,11,AFY,SOI_TCOMM,PC_SHARE_SAL,2017,2016,0,2017-03-31,PT,3.743386
RBI:PRF_LNGNFC_INDUS_ANN_RN(1.0),N_A,11,AFY,SOI_TCOMM,SALES,2017,2016,0,2017-03-31,INR,1172288500000
RBI:PRF_LNGNFC_INDUS_ANN_RN(1.0),N_A,11,AFY,SOI_TCOMM,SALES,2017,2016,0,2017-03-31,PT,0.1992
RBI:PRF_LNGNFC_INDUS_ANN_RN(1.0),N_A,11,AFY,SOI_TCOMM,TAX_PROV,2017,2016,0,2017-03-31,PT,-99.7124
RBI:PRF_LNGNFC_INDUS_ANN_RN(1.0),N_A,42,AFY,SOI_TSS,DEPRC,2017,2016,0,2017-03-31,PT,-0.3913
RBI:PRF_LNGNFC_INDUS_ANN_RN(1.0),N_A,42,AFY,SOI_TSS,EBITDA,2017,2016,0,2017-03-31,PT,-14.2061
RBI:PRF_LNGNFC_INDUS_ANN_RN(1.0),N_A,42,AFY,SOI_TSS,EXPD,2017,2016,0,2017-03-31,PT,12.9878
RBI:PRF_LNGNFC_INDUS_ANN_RN(1.0),N_A,42,AFY,SOI_TSS,GROSS_PFT_EBIT,2017,2016,0,2017-03-31,PT,-18.9916
RBI:PRF_LNGNFC_INDUS_ANN_RN(1.0),N_A,42,AFY,SOI_TSS,INT,2017,2016,0,2017-03-31,PT,-0.808
RBI:PRF_LNGNFC_INDUS_ANN_RN(1.0),N_A,42,AFY,SOI_TSS,NET_PFT,2017,2016,0,2017-03-31,PT,-26.7495
RBI:PRF_LNGNFC_INDUS_ANN_RN(1.0),N_A,42,AFY,SOI_TSS,OPR_PFT,2017,2016,0,2017-03-31,PT,-27.3056
RBI:PRF_LNGNFC_INDUS_ANN_RN(1.0),N_A,42,AFY,SOI_TSS,OTH_INC,2017,2016,0,2017-03-31,PT,49.9481
RBI:PRF_LNGNFC_INDUS_ANN_RN(1.0),N_A,42,AFY,SOI_TSS,PC_SHARE_SAL,2017,2016,0,2017-03-31,PT,2.009423
RBI:PRF_LNGNFC_INDUS_ANN_RN(1.0),N_A,42,AFY,SOI_TSS,SALES,2017,2016,0,2017-03-31,INR,629276100000
RBI:PRF_LNGNFC_INDUS_ANN_RN(1.0),N_A,42,AFY,SOI_TSS,SALES,2017,2016,0,2017-03-31,PT,6.5556
RBI:PRF_LNGNFC_INDUS_ANN_RN(1.0),N_A,42,AFY,SOI_TSS,TAX_PROV,2017,2016,0,2017-03-31,PT,-24.8001
RBI:PRF_LNGNFC_INDUS_ANN_RN(1.0),N_A,44,AFY,SOI_VTPB,DEPRC,2017,2016,0,2017-03-31,PT,-3.0004
RBI:PRF_LNGNFC_INDUS_ANN_RN(1.0),N_A,44,AFY,SOI_VTPB,EBITDA,2017,2016,0,2017-03-31,PT,14.7341
RBI:PRF_LNGNFC_INDUS_ANN_RN(1.0),N_A,44,AFY,SOI_VTPB,EXPD,2017,2016,0,2017-03-31,PT,6.0851
RBI:PRF_LNGNFC_INDUS_ANN_RN(1.0),N_A,44,AFY,SOI_VTPB,GROSS_PFT_EBIT,2017,2016,0,2017-03-31,PT,19.0148
RBI:PRF_LNGNFC_INDUS_ANN_RN(1.0),N_A,44,AFY,SOI_VTPB,INT,2017,2016,0,2017-03-31,PT,4.874
RBI:PRF_LNGNFC_INDUS_ANN_RN(1.0),N_A,44,AFY,SOI_VTPB,NET_PFT,2017,2016,0,2017-03-31,PT,23.5702
RBI:PRF_LNGNFC_INDUS_ANN_RN(1.0),N_A,44,AFY,SOI_VTPB,OPR_PFT,2017,2016,0,2017-03-31,PT,12.4389
RBI:PRF_LNGNFC_INDUS_ANN_RN(1.0),N_A,44,AFY,SOI_VTPB,OTH_INC,2017,2016,0,2017-03-31,PT,32.6624
RBI:PRF_LNGNFC_INDUS_ANN_RN(1.0),N_A,44,AFY,SOI_VTPB,PC_SHARE_SAL,2017,2016,0,2017-03-31,PT,0.509288
RBI:PRF_LNGNFC_INDUS_ANN_RN(1.0),N_A,44,AFY,SOI_VTPB,SALES,2017,2016,0,2017-03-31,INR,159490100000
RBI:PRF_LNGNFC_INDUS_ANN_RN(1.0),N_A,44,AFY,SOI_VTPB,SALES,2017,2016,0,2017-03-31,PT,7.5204
RBI:PRF_LNGNFC_INDUS_ANN_RN(1.0),N_A,44,AFY,SOI_VTPB,TAX_PROV,2017,2016,0,2017-03-31,PT,23.8249
RBI:PRF_LNGNFC_INDUS_ANN_RN(1.0),N_A,249,AFY,SOI_WRT,DEPRC,2017,2016,0,2017-03-31,PT,3.6815
RBI:PRF_LNGNFC_INDUS_ANN_RN(1.0),N_A,249,AFY,SOI_WRT,EBITDA,2017,2016,0,2017-03-31,PT,-7.3617
RBI:PRF_LNGNFC_INDUS_ANN_RN(1.0),N_A,249,AFY,SOI_WRT,EXPD,2017,2016,0,2017-03-31,PT,-15.5229
RBI:PRF_LNGNFC_INDUS_ANN_RN(1.0),N_A,249,AFY,SOI_WRT,GROSS_PFT_EBIT,2017,2016,0,2017-03-31,PT,-12.2895
RBI:PRF_LNGNFC_INDUS_ANN_RN(1.0),N_A,249,AFY,SOI_WRT,INT,2017,2016,0,2017-03-31,PT,6.9705
RBI:PRF_LNGNFC_INDUS_ANN_RN(1.0),N_A,249,AFY,SOI_WRT,OPR_PFT,2017,2016,0,2017-03-31,PT,-8.2583
RBI:PRF_LNGNFC_INDUS_ANN_RN(1.0),N_A,249,AFY,SOI_WRT,OTH_INC,2017,2016,0,2017-03-31,PT,-5.3573
RBI:PRF_LNGNFC_INDUS_ANN_RN(1.0),N_A,249,AFY,SOI_WRT,PC_SHARE_SAL,2017,2016,0,2017-03-31,PT,2.102888
RBI:PRF_LNGNFC_INDUS_ANN_RN(1.0),N_A,249,AFY,SOI_WRT,SALES,2017,2016,0,2017-03-31,INR,658545800000
RBI:PRF_LNGNFC_INDUS_ANN_RN(1.0),N_A,249,AFY,SOI_WRT,SALES,2017,2016,0,2017-03-31,PT,-14.6271
RBI:PRF_LNGNFC_INDUS_ANN_RN(1.0),N_A,249,AFY,SOI_WRT,TAX_PROV,2017,2016,0,2017-03-31,PT,-15.9284
RBI:PRF_LNGNFC_INDUS_ANN_RN(1.0),N_A,47,AFY,AGR_REL_ACT,DEPRC,2018,2017,0,2018-03-31,PT,-3.0379
RBI:PRF_LNGNFC_INDUS_ANN_RN(1.0),N_A,47,AFY,AGR_REL_ACT,EBITDA,2018,2017,0,2018-03-31,PT,45.0346
RBI:PRF_LNGNFC_INDUS_ANN_RN(1.0),N_A,47,AFY,AGR_REL_ACT,EXPD,2018,2017,0,2018-03-31,PT,5.8455
RBI:PRF_LNGNFC_INDUS_ANN_RN(1.0),N_A,47,AFY,AGR_REL_ACT,GROSS_PFT_EBIT,2018,2017,0,2018-03-31,PT,60.6785
RBI:PRF_LNGNFC_INDUS_ANN_RN(1.0),N_A,47,AFY,AGR_REL_ACT,INT,2018,2017,0,2018-03-31,PT,-7.4796
RBI:PRF_LNGNFC_INDUS_ANN_RN(1.0),N_A,47,AFY,AGR_REL_ACT,OPR_PFT,2018,2017,0,2018-03-31,PT,46.7836
RBI:PRF_LNGNFC_INDUS_ANN_RN(1.0),N_A,47,AFY,AGR_REL_ACT,OTH_INC,2018,2017,0,2018-03-31,PT,41.738
RBI:PRF_LNGNFC_INDUS_ANN_RN(1.0),N_A,47,AFY,AGR_REL_ACT,PC_SHARE_SAL,2018,2017,0,2018-03-31,PT,0.326398
RBI:PRF_LNGNFC_INDUS_ANN_RN(1.0),N_A,47,AFY,AGR_REL_ACT,SALES,2018,2017,0,2018-03-31,INR,110888500000
RBI:PRF_LNGNFC_INDUS_ANN_RN(1.0),N_A,47,AFY,AGR_REL_ACT,SALES,2018,2017,0,2018-03-31,PT,9.0161
RBI:PRF_LNGNFC_INDUS_ANN_RN(1.0),N_A,47,AFY,AGR_REL_ACT,TAX_PROV,2018,2017,0,2018-03-31,PT,104.015
RBI:PRF_LNGNFC_INDUS_ANN_RN(1.0),N_A,32,AFY,AGR_REL_ACT_OTH,DEPRC,2018,2017,0,2018-03-31,PT,-6.2272
RBI:PRF_LNGNFC_INDUS_ANN_RN(1.0),N_A,32,AFY,AGR_REL_ACT_OTH,EBITDA,2018,2017,0,2018-03-31,PT,51.9354
RBI:PRF_LNGNFC_INDUS_ANN_RN(1.0),N_A,32,AFY,AGR_REL_ACT_OTH,EXPD,2018,2017,0,2018-03-31,PT,6.0097
RBI:PRF_LNGNFC_INDUS_ANN_RN(1.0),N_A,32,AFY,AGR_REL_ACT_OTH,GROSS_PFT_EBIT,2018,2017,0,2018-03-31,PT,65.1286
RBI:PRF_LNGNFC_INDUS_ANN_RN(1.0),N_A,32,AFY,AGR_REL_ACT_OTH,INT,2018,2017,0,2018-03-31,PT,-34.4788
RBI:PRF_LNGNFC_INDUS_ANN_RN(1.0),N_A,32,AFY,AGR_REL_ACT_OTH,OPR_PFT,2018,2017,0,2018-03-31,PT,62.0879
RBI:PRF_LNGNFC_INDUS_ANN_RN(1.0),N_A,32,AFY,AGR_REL_ACT_OTH,OTH_INC,2018,2017,0,2018-03-31,PT,6.8332
RBI:PRF_LNGNFC_INDUS_ANN_RN(1.0),N_A,32,AFY,AGR_REL_ACT_OTH,PC_SHARE_SAL,2018,2017,0,2018-03-31,PT,0.214917
RBI:PRF_LNGNFC_INDUS_ANN_RN(1.0),N_A,32,AFY,AGR_REL_ACT_OTH,SALES,2018,2017,0,2018-03-31,INR,73014500000
RBI:PRF_LNGNFC_INDUS_ANN_RN(1.0),N_A,32,AFY,AGR_REL_ACT_OTH,SALES,2018,2017,0,2018-03-31,PT,10.9403
RBI:PRF_LNGNFC_INDUS_ANN_RN(1.0),N_A,32,AFY,AGR_REL_ACT_OTH,TAX_PROV,2018,2017,0,2018-03-31,PT,108.4549
RBI:PRF_LNGNFC_INDUS_ANN_RN(1.0),N_A,15,AFY,ARA_TCP,DEPRC,2018,2017,0,2018-03-31,PT,-0.0639
RBI:PRF_LNGNFC_INDUS_ANN_RN(1.0),N_A,15,AFY,ARA_TCP,EBITDA,2018,2017,0,2018-03-31,PT,32.7258
RBI:PRF_LNGNFC_INDUS_ANN_RN(1.0),N_A,15,AFY,ARA_TCP,EXPD,2018,2017,0,2018-03-31,PT,5.5585
RBI:PRF_LNGNFC_INDUS_ANN_RN(1.0),N_A,15,AFY,ARA_TCP,GROSS_PFT_EBIT,2018,2017,0,2018-03-31,PT,50.6681
RBI:PRF_LNGNFC_INDUS_ANN_RN(1.0),N_A,15,AFY,ARA_TCP,INT,2018,2017,0,2018-03-31,PT,22.0079
RBI:PRF_LNGNFC_INDUS_ANN_RN(1.0),N_A,15,AFY,ARA_TCP,NET_PFT,2018,2017,0,2018-03-31,PT,85.3995
RBI:PRF_LNGNFC_INDUS_ANN_RN(1.0),N_A,15,AFY,ARA_TCP,OPR_PFT,2018,2017,0,2018-03-31,PT,-14.6367
RBI:PRF_LNGNFC_INDUS_ANN_RN(1.0),N_A,15,AFY,ARA_TCP,OTH_INC,2018,2017,0,2018-03-31,PT,59.6903
RBI:PRF_LNGNFC_INDUS_ANN_RN(1.0),N_A,15,AFY,ARA_TCP,PC_SHARE_SAL,2018,2017,0,2018-03-31,PT,0.111481
RBI:PRF_LNGNFC_INDUS_ANN_RN(1.0),N_A,15,AFY,ARA_TCP,SALES,2018,2017,0,2018-03-31,INR,37874000000
RBI:PRF_LNGNFC_INDUS_ANN_RN(1.0),N_A,15,AFY,ARA_TCP,SALES,2018,2017,0,2018-03-31,PT,5.4889
RBI:PRF_LNGNFC_INDUS_ANN_RN(1.0),N_A,15,AFY,ARA_TCP,TAX_PROV,2018,2017,0,2018-03-31,PT,88.5989
RBI:PRF_LNGNFC_INDUS_ANN_RN(1.0),N_A,184,AFY,CONSTRN,DEPRC,2018,2017,0,2018-03-31,PT,-17.3321
RBI:PRF_LNGNFC_INDUS_ANN_RN(1.0),N_A,184,AFY,CONSTRN,EBITDA,2018,2017,0,2018-03-31,PT,8.2757
RBI:PRF_LNGNFC_INDUS_ANN_RN(1.0),N_A,184,AFY,CONSTRN,EXPD,2018,2017,0,2018-03-31,PT,7.3254
RBI:PRF_LNGNFC_INDUS_ANN_RN(1.0),N_A,184,AFY,CONSTRN,GROSS_PFT_EBIT,2018,2017,0,2018-03-31,PT,14.3313
RBI:PRF_LNGNFC_INDUS_ANN_RN(1.0),N_A,184,AFY,CONSTRN,INT,2018,2017,0,2018-03-31,PT,-9.2227
RBI:PRF_LNGNFC_INDUS_ANN_RN(1.0),N_A,184,AFY,CONSTRN,OPR_PFT,2018,2017,0,2018-03-31,PT,6.4022
RBI:PRF_LNGNFC_INDUS_ANN_RN(1.0),N_A,184,AFY,CONSTRN,OTH_INC,2018,2017,0,2018-03-31,PT,12.6703
RBI:PRF_LNGNFC_INDUS_ANN_RN(1.0),N_A,184,AFY,CONSTRN,PC_SHARE_SAL,2018,2017,0,2018-03-31,PT,5.657368
RBI:PRF_LNGNFC_INDUS_ANN_RN(1.0),N_A,184,AFY,CONSTRN,SALES,2018,2017,0,2018-03-31,INR,1921998600000
RBI:PRF_LNGNFC_INDUS_ANN_RN(1.0),N_A,184,AFY,CONSTRN,SALES,2018,2017,0,2018-03-31,PT,5.8369
RBI:PRF_LNGNFC_INDUS_ANN_RN(1.0),N_A,184,AFY,CONSTRN,TAX_PROV,2018,2017,0,2018-03-31,PT,-21.2017
RBI:PRF_LNGNFC_INDUS_ANN_RN(1.0),N_A,22,AFY,ELC_GAS_SPLY,DEPRC,2018,2017,0,2018-03-31,PT,-0.9407
RBI:PRF_LNGNFC_INDUS_ANN_RN(1.0),N_A,22,AFY,ELC_GAS_SPLY,EBITDA,2018,2017,0,2018-03-31,PT,3.6153
RBI:PRF_LNGNFC_INDUS_ANN_RN(1.0),N_A,22,AFY,ELC_GAS_SPLY,EXPD,2018,2017,0,2018-03-31,PT,3.5257
RBI:PRF_LNGNFC_INDUS_ANN_RN(1.0),N_A,22,AFY,ELC_GAS_SPLY,GROSS_PFT_EBIT,2018,2017,0,2018-03-31,PT,5.4144
RBI:PRF_LNGNFC_INDUS_ANN_RN(1.0),N_A,22,AFY,ELC_GAS_SPLY,INT,2018,2017,0,2018-03-31,PT,-8.9825
RBI:PRF_LNGNFC_INDUS_ANN_RN(1.0),N_A,22,AFY,ELC_GAS_SPLY,OPR_PFT,2018,2017,0,2018-03-31,PT,8.0375
RBI:PRF_LNGNFC_INDUS_ANN_RN(1.0),N_A,22,AFY,ELC_GAS_SPLY,OTH_INC,2018,2017,0,2018-03-31,PT,-5.3579
RBI:PRF_LNGNFC_INDUS_ANN_RN(1.0),N_A,22,AFY,ELC_GAS_SPLY,PC_SHARE_SAL,2018,2017,0,2018-03-31,PT,1.791193
RBI:PRF_LNGNFC_INDUS_ANN_RN(1.0),N_A,22,AFY,ELC_GAS_SPLY,SALES,2018,2017,0,2018-03-31,INR,608528800000
RBI:PRF_LNGNFC_INDUS_ANN_RN(1.0),N_A,22,AFY,ELC_GAS_SPLY,SALES,2018,2017,0,2018-03-31,PT,4.5455
RBI:PRF_LNGNFC_INDUS_ANN_RN(1.0),N_A,22,AFY,ELC_GAS_SPLY,TAX_PROV,2018,2017,0,2018-03-31,PT,24.0125
RBI:PRF_LNGNFC_INDUS_ANN_RN(1.0),N_A,3096,AFY,INDS_GRP_ALL_COMP,DEPRC,2018,2017,0,2018-03-31,PT,3.8465
RBI:PRF_LNGNFC_INDUS_ANN_RN(1.0),N_A,3096,AFY,INDS_GRP_ALL_COMP,EBITDA,2018,2017,0,2018-03-31,PT,4.923
RBI:PRF_LNGNFC_INDUS_ANN_RN(1.0),N_A,3096,AFY,INDS_GRP_ALL_COMP,EXPD,2018,2017,0,2018-03-31,PT,10.1291
RBI:PRF_LNGNFC_INDUS_ANN_RN(1.0),N_A,3096,AFY,INDS_GRP_ALL_COMP,GROSS_PFT_EBIT,2018,2017,0,2018-03-31,PT,5.2275
RBI:PRF_LNGNFC_INDUS_ANN_RN(1.0),N_A,3096,AFY,INDS_GRP_ALL_COMP,INT,2018,2017,0,2018-03-31,PT,0.813
RBI:PRF_LNGNFC_INDUS_ANN_RN(1.0),N_A,3096,AFY,INDS_GRP_ALL_COMP,NET_PFT,2018,2017,0,2018-03-31,PT,-0.275
RBI:PRF_LNGNFC_INDUS_ANN_RN(1.0),N_A,3096,AFY,INDS_GRP_ALL_COMP,OPR_PFT,2018,2017,0,2018-03-31,PT,5.2312
RBI:PRF_LNGNFC_INDUS_ANN_RN(1.0),N_A,3096,AFY,INDS_GRP_ALL_COMP,OTH_INC,2018,2017,0,2018-03-31,PT,3.4851
RBI:PRF_LNGNFC_INDUS_ANN_RN(1.0),N_A,3096,AFY,INDS_GRP_ALL_COMP,PC_SHARE_SAL,2018,2017,0,2018-03-31,PT,100.0
RBI:PRF_LNGNFC_INDUS_ANN_RN(1.0),N_A,3096,AFY,INDS_GRP_ALL_COMP,SALES,2018,2017,0,2018-03-31,INR,33973372200000
RBI:PRF_LNGNFC_INDUS_ANN_RN(1.0),N_A,3096,AFY,INDS_GRP_ALL_COMP,SALES,2018,2017,0,2018-03-31,PT,9.7845
RBI:PRF_LNGNFC_INDUS_ANN_RN(1.0),N_A,3096,AFY,INDS_GRP_ALL_COMP,TAX_PROV,2018,2017,0,2018-03-31,PT,14.712
RBI:PRF_LNGNFC_INDUS_ANN_RN(1.0),N_A,192,AFY,IT_CSRS,DEPRC,2018,2017,0,2018-03-31,PT,7.379
RBI:PRF_LNGNFC_INDUS_ANN_RN(1.0),N_A,192,AFY,IT_CSRS,EBITDA,2018,2017,0,2018-03-31,PT,6.4988
RBI:PRF_LNGNFC_INDUS_ANN_RN(1.0),N_A,192,AFY,IT_CSRS,EXPD,2018,2017,0,2018-03-31,PT,5.4744
RBI:PRF_LNGNFC_INDUS_ANN_RN(1.0),N_A,192,AFY,IT_CSRS,GROSS_PFT_EBIT,2018,2017,0,2018-03-31,PT,6.4281
RBI:PRF_LNGNFC_INDUS_ANN_RN(1.0),N_A,192,AFY,IT_CSRS,INT,2018,2017,0,2018-03-31,PT,-13.2029
RBI:PRF_LNGNFC_INDUS_ANN_RN(1.0),N_A,192,AFY,IT_CSRS,NET_PFT,2018,2017,0,2018-03-31,PT,10.1373
RBI:PRF_LNGNFC_INDUS_ANN_RN(1.0),N_A,192,AFY,IT_CSRS,OPR_PFT,2018,2017,0,2018-03-31,PT,3.2038
RBI:PRF_LNGNFC_INDUS_ANN_RN(1.0),N_A,192,AFY,IT_CSRS,OTH_INC,2018,2017,0,2018-03-31,PT,24.0694
RBI:PRF_LNGNFC_INDUS_ANN_RN(1.0),N_A,192,AFY,IT_CSRS,PC_SHARE_SAL,2018,2017,0,2018-03-31,PT,9.222909
RBI:PRF_LNGNFC_INDUS_ANN_RN(1.0),N_A,192,AFY,IT_CSRS,SALES,2018,2017,0,2018-03-31,INR,3133333100000
RBI:PRF_LNGNFC_INDUS_ANN_RN(1.0),N_A,192,AFY,IT_CSRS,SALES,2018,2017,0,2018-03-31,PT,4.9585
RBI:PRF_LNGNFC_INDUS_ANN_RN(1.0),N_A,192,AFY,IT_CSRS,TAX_PROV,2018,2017,0,2018-03-31,PT,1.0688
RBI:PRF_LNGNFC_INDUS_ANN_RN(1.0),N_A,37,AFY,MIN_N_QUARY,DEPRC,2018,2017,0,2018-03-31,PT,-4.2688
RBI:PRF_LNGNFC_INDUS_ANN_RN(1.0),N_A,37,AFY,MIN_N_QUARY,EBITDA,2018,2017,0,2018-03-31,PT,-33.8715
RBI:PRF_LNGNFC_INDUS_ANN_RN(1.0),N_A,37,AFY,MIN_N_QUARY,EXPD,2018,2017,0,2018-03-31,PT,30.8807
RBI:PRF_LNGNFC_INDUS_ANN_RN(1.0),N_A,37,AFY,MIN_N_QUARY,GROSS_PFT_EBIT,2018,2017,0,2018-03-31,PT,-40.8157
RBI:PRF_LNGNFC_INDUS_ANN_RN(1.0),N_A,37,AFY,MIN_N_QUARY,INT,2018,2017,0,2018-03-31,PT,-0.1524
RBI:PRF_LNGNFC_INDUS_ANN_RN(1.0),N_A,37,AFY,MIN_N_QUARY,NET_PFT,2018,2017,0,2018-03-31,PT,-34.3942
RBI:PRF_LNGNFC_INDUS_ANN_RN(1.0),N_A,37,AFY,MIN_N_QUARY,OPR_PFT,2018,2017,0,2018-03-31,PT,-16.4087
RBI:PRF_LNGNFC_INDUS_ANN_RN(1.0),N_A,37,AFY,MIN_N_QUARY,OTH_INC,2018,2017,0,2018-03-31,PT,-47.2021
RBI:PRF_LNGNFC_INDUS_ANN_RN(1.0),N_A,37,AFY,MIN_N_QUARY,PC_SHARE_SAL,2018,2017,0,2018-03-31,PT,1.546174
RBI:PRF_LNGNFC_INDUS_ANN_RN(1.0),N_A,37,AFY,MIN_N_QUARY,SALES,2018,2017,0,2018-03-31,INR,525287300000
RBI:PRF_LNGNFC_INDUS_ANN_RN(1.0),N_A,37,AFY,MIN_N_QUARY,SALES,2018,2017,0,2018-03-31,PT,23.1384
RBI:PRF_LNGNFC_INDUS_ANN_RN(1.0),N_A,37,AFY,MIN_N_QUARY,TAX_PROV,2018,2017,0,2018-03-31,PT,-14.0645
RBI:PRF_LNGNFC_INDUS_ANN_RN(1.0),N_A,1891,AFY,MNF,DEPRC,2018,2017,0,2018-03-31,PT,4.8161
RBI:PRF_LNGNFC_INDUS_ANN_RN(1.0),N_A,1891,AFY,MNF,EBITDA,2018,2017,0,2018-03-31,PT,9.9849
RBI:PRF_LNGNFC_INDUS_ANN_RN(1.0),N_A,1891,AFY,MNF,EXPD,2018,2017,0,2018-03-31,PT,11.2817
RBI:PRF_LNGNFC_INDUS_ANN_RN(1.0),N_A,1891,AFY,MNF,GROSS_PFT_EBIT,2018,2017,0,2018-03-31,PT,11.4243
RBI:PRF_LNGNFC_INDUS_ANN_RN(1.0),N_A,1891,AFY,MNF,INT,2018,2017,0,2018-03-31,PT,3.0205
RBI:PRF_LNGNFC_INDUS_ANN_RN(1.0),N_A,1891,AFY,MNF,NET_PFT,2018,2017,0,2018-03-31,PT,1.9932
RBI:PRF_LNGNFC_INDUS_ANN_RN(1.0),N_A,1891,AFY,MNF,OPR_PFT,2018,2017,0,2018-03-31,PT,10.3984
RBI:PRF_LNGNFC_INDUS_ANN_RN(1.0),N_A,1891,AFY,MNF,OTH_INC,2018,2017,0,2018-03-31,PT,7.5792
RBI:PRF_LNGNFC_INDUS_ANN_RN(1.0),N_A,1891,AFY,MNF,PC_SHARE_SAL,2018,2017,0,2018-03-31,PT,69.264454
RBI:PRF_LNGNFC_INDUS_ANN_RN(1.0),N_A,1891,AFY,MNF,SALES,2018,2017,0,2018-03-31,INR,23531470900000
RBI:PRF_LNGNFC_INDUS_ANN_RN(1.0),N_A,1891,AFY,MNF,SALES,2018,2017,0,2018-03-31,PT,11.9322
RBI:PRF_LNGNFC_INDUS_ANN_RN(1.0),N_A,1891,AFY,MNF,TAX_PROV,2018,2017,0,2018-03-31,PT,19.1966
RBI:PRF_LNGNFC_INDUS_ANN_RN(1.0),N_A,41,AFY,MNF_CCP,DEPRC,2018,2017,0,2018-03-31,PT,4.3162
RBI:PRF_LNGNFC_INDUS_ANN_RN(1.0),N_A,41,AFY,MNF_CCP,EBITDA,2018,2017,0,2018-03-31,PT,12.6365
RBI:PRF_LNGNFC_INDUS_ANN_RN(1.0),N_A,41,AFY,MNF_CCP,EXPD,2018,2017,0,2018-03-31,PT,16.9381
RBI:PRF_LNGNFC_INDUS_ANN_RN(1.0),N_A,41,AFY,MNF_CCP,GROSS_PFT_EBIT,2018,2017,0,2018-03-31,PT,16.2315
RBI:PRF_LNGNFC_INDUS_ANN_RN(1.0),N_A,41,AFY,MNF_CCP,INT,2018,2017,0,2018-03-31,PT,13.027
RBI:PRF_LNGNFC_INDUS_ANN_RN(1.0),N_A,41,AFY,MNF_CCP,NET_PFT,2018,2017,0,2018-03-31,PT,11.3572
RBI:PRF_LNGNFC_INDUS_ANN_RN(1.0),N_A,41,AFY,MNF_CCP,OPR_PFT,2018,2017,0,2018-03-31,PT,15.2959
RBI:PRF_LNGNFC_INDUS_ANN_RN(1.0),N_A,41,AFY,MNF_CCP,OTH_INC,2018,2017,0,2018-03-31,PT,-5.5556
RBI:PRF_LNGNFC_INDUS_ANN_RN(1.0),N_A,41,AFY,MNF_CCP,PC_SHARE_SAL,2018,2017,0,2018-03-31,PT,3.547405
RBI:PRF_LNGNFC_INDUS_ANN_RN(1.0),N_A,41,AFY,MNF_CCP,SALES,2018,2017,0,2018-03-31,INR,1205173000000
RBI:PRF_LNGNFC_INDUS_ANN_RN(1.0),N_A,41,AFY,MNF_CCP,SALES,2018,2017,0,2018-03-31,PT,16.0144
RBI:PRF_LNGNFC_INDUS_ANN_RN(1.0),N_A,41,AFY,MNF_CCP,TAX_PROV,2018,2017,0,2018-03-31,PT,17.8744
RBI:PRF_LNGNFC_INDUS_ANN_RN(1.0),N_A,62,AFY,MNF_CEE,DEPRC,2018,2017,0,2018-03-31,PT,1.8723
RBI:PRF_LNGNFC_INDUS_ANN_RN(1.0),N_A,62,AFY,MNF_CEE,EBITDA,2018,2017,0,2018-03-31,PT,10.1326
RBI:PRF_LNGNFC_INDUS_ANN_RN(1.0),N_A,62,AFY,MNF_CEE,EXPD,2018,2017,0,2018-03-31,PT,25.9406
RBI:PRF_LNGNFC_INDUS_ANN_RN(1.0),N_A,62,AFY,MNF_CEE,GROSS_PFT_EBIT,2018,2017,0,2018-03-31,PT,13.1252
RBI:PRF_LNGNFC_INDUS_ANN_RN(1.0),N_A,62,AFY,MNF_CEE,NET_PFT,2018,2017,0,2018-03-31,PT,-16.1131
RBI:PRF_LNGNFC_INDUS_ANN_RN(1.0),N_A,62,AFY,MNF_CEE,OPR_PFT,2018,2017,0,2018-03-31,PT,12.2253
RBI:PRF_LNGNFC_INDUS_ANN_RN(1.0),N_A,62,AFY,MNF_CEE,OTH_INC,2018,2017,0,2018-03-31,PT,4.1037
RBI:PRF_LNGNFC_INDUS_ANN_RN(1.0),N_A,62,AFY,MNF_CEE,PC_SHARE_SAL,2018,2017,0,2018-03-31,PT,0.934588
RBI:PRF_LNGNFC_INDUS_ANN_RN(1.0),N_A,62,AFY,MNF_CEE,SALES,2018,2017,0,2018-03-31,INR,317511000000
RBI:PRF_LNGNFC_INDUS_ANN_RN(1.0),N_A,62,AFY,MNF_CEE,SALES,2018,2017,0,2018-03-31,PT,21.5519
RBI:PRF_LNGNFC_INDUS_ANN_RN(1.0),N_A,62,AFY,MNF_CEE,TAX_PROV,2018,2017,0,2018-03-31,PT,7.6565
RBI:PRF_LNGNFC_INDUS_ANN_RN(1.0),N_A,236,AFY,MNF_CHM_PRD,DEPRC,2018,2017,0,2018-03-31,PT,8.8984
RBI:PRF_LNGNFC_INDUS_ANN_RN(1.0),N_A,236,AFY,MNF_CHM_PRD,EBITDA,2018,2017,0,2018-03-31,PT,15.0162
RBI:PRF_LNGNFC_INDUS_ANN_RN(1.0),N_A,236,AFY,MNF_CHM_PRD,EXPD,2018,2017,0,2018-03-31,PT,11.1907
RBI:PRF_LNGNFC_INDUS_ANN_RN(1.0),N_A,236,AFY,MNF_CHM_PRD,GROSS_PFT_EBIT,2018,2017,0,2018-03-31,PT,16.0605
RBI:PRF_LNGNFC_INDUS_ANN_RN(1.0),N_A,236,AFY,MNF_CHM_PRD,INT,2018,2017,0,2018-03-31,PT,-2.1211
RBI:PRF_LNGNFC_INDUS_ANN_RN(1.0),N_A,236,AFY,MNF_CHM_PRD,NET_PFT,2018,2017,0,2018-03-31,PT,24.7207
RBI:PRF_LNGNFC_INDUS_ANN_RN(1.0),N_A,236,AFY,MNF_CHM_PRD,OPR_PFT,2018,2017,0,2018-03-31,PT,13.4773
RBI:PRF_LNGNFC_INDUS_ANN_RN(1.0),N_A,236,AFY,MNF_CHM_PRD,OTH_INC,2018,2017,0,2018-03-31,PT,27.4525
RBI:PRF_LNGNFC_INDUS_ANN_RN(1.0),N_A,236,AFY,MNF_CHM_PRD,PC_SHARE_SAL,2018,2017,0,2018-03-31,PT,7.263556
RBI:PRF_LNGNFC_INDUS_ANN_RN(1.0),N_A,236,AFY,MNF_CHM_PRD,SALES,2018,2017,0,2018-03-31,INR,2467674800000
RBI:PRF_LNGNFC_INDUS_ANN_RN(1.0),N_A,236,AFY,MNF_CHM_PRD,SALES,2018,2017,0,2018-03-31,PT,11.8626
RBI:PRF_LNGNFC_INDUS_ANN_RN(1.0),N_A,236,AFY,MNF_CHM_PRD,TAX_PROV,2018,2017,0,2018-03-31,PT,17.6131
RBI:PRF_LNGNFC_INDUS_ANN_RN(1.0),N_A,110,AFY,MNF_CP_BASIC,DEPRC,2018,2017,0,2018-03-31,PT,9.7543
RBI:PRF_LNGNFC_INDUS_ANN_RN(1.0),N_A,110,AFY,MNF_CP_BASIC,EBITDA,2018,2017,0,2018-03-31,PT,28.4523
RBI:PRF_LNGNFC_INDUS_ANN_RN(1.0),N_A,110,AFY,MNF_CP_BASIC,EXPD,2018,2017,0,2018-03-31,PT,15.8322
RBI:PRF_LNGNFC_INDUS_ANN_RN(1.0),N_A,110,AFY,MNF_CP_BASIC,GROSS_PFT_EBIT,2018,2017,0,2018-03-31,PT,32.669
RBI:PRF_LNGNFC_INDUS_ANN_RN(1.0),N_A,110,AFY,MNF_CP_BASIC,INT,2018,2017,0,2018-03-31,PT,-1.7925
RBI:PRF_LNGNFC_INDUS_ANN_RN(1.0),N_A,110,AFY,MNF_CP_BASIC,NET_PFT,2018,2017,0,2018-03-31,PT,64.2205
RBI:PRF_LNGNFC_INDUS_ANN_RN(1.0),N_A,110,AFY,MNF_CP_BASIC,OPR_PFT,2018,2017,0,2018-03-31,PT,19.5852
RBI:PRF_LNGNFC_INDUS_ANN_RN(1.0),N_A,110,AFY,MNF_CP_BASIC,OTH_INC,2018,2017,0,2018-03-31,PT,95.3166
RBI:PRF_LNGNFC_INDUS_ANN_RN(1.0),N_A,110,AFY,MNF_CP_BASIC,PC_SHARE_SAL,2018,2017,0,2018-03-31,PT,1.755246
RBI:PRF_LNGNFC_INDUS_ANN_RN(1.0),N_A,110,AFY,MNF_CP_BASIC,SALES,2018,2017,0,2018-03-31,INR,596316300000
RBI:PRF_LNGNFC_INDUS_ANN_RN(1.0),N_A,110,AFY,MNF_CP_BASIC,SALES,2018,2017,0,2018-03-31,PT,16.295
RBI:PRF_LNGNFC_INDUS_ANN_RN(1.0),N_A,110,AFY,MNF_CP_BASIC,TAX_PROV,2018,2017,0,2018-03-31,PT,41.5128
RBI:PRF_LNGNFC_INDUS_ANN_RN(1.0),N_A,26,AFY,MNF_CP_FNP,DEPRC,2018,2017,0,2018-03-31,PT,7.2768
RBI:PRF_LNGNFC_INDUS_ANN_RN(1.0),N_A,26,AFY,MNF_CP_FNP,EBITDA,2018,2017,0,2018-03-31,PT,18.7389
RBI:PRF_LNGNFC_INDUS_ANN_RN(1.0),N_A,26,AFY,MNF_CP_FNP,EXPD,2018,2017,0,2018-03-31,PT,14.0809
RBI:PRF_LNGNFC_INDUS_ANN_RN(1.0),N_A,26,AFY,MNF_CP_FNP,GROSS_PFT_EBIT,2018,2017,0,2018-03-31,PT,20.6318
RBI:PRF_LNGNFC_INDUS_ANN_RN(1.0),N_A,26,AFY,MNF_CP_FNP,INT,2018,2017,0,2018-03-31,PT,-8.9445
RBI:PRF_LNGNFC_INDUS_ANN_RN(1.0),N_A,26,AFY,MNF_CP_FNP,NET_PFT,2018,2017,0,2018-03-31,PT,40.0438
RBI:PRF_LNGNFC_INDUS_ANN_RN(1.0),N_A,26,AFY,MNF_CP_FNP,OPR_PFT,2018,2017,0,2018-03-31,PT,20.331
RBI:PRF_LNGNFC_INDUS_ANN_RN(1.0),N_A,26,AFY,MNF_CP_FNP,OTH_INC,2018,2017,0,2018-03-31,PT,6.0505
RBI:PRF_LNGNFC_INDUS_ANN_RN(1.0),N_A,26,AFY,MNF_CP_FNP,PC_SHARE_SAL,2018,2017,0,2018-03-31,PT,1.334745
RBI:PRF_LNGNFC_INDUS_ANN_RN(1.0),N_A,26,AFY,MNF_CP_FNP,SALES,2018,2017,0,2018-03-31,INR,453457800000
RBI:PRF_LNGNFC_INDUS_ANN_RN(1.0),N_A,26,AFY,MNF_CP_FNP,SALES,2018,2017,0,2018-03-31,PT,13.4498
RBI:PRF_LNGNFC_INDUS_ANN_RN(1.0),N_A,26,AFY,MNF_CP_FNP,TAX_PROV,2018,2017,0,2018-03-31,PT,51.8567
RBI:PRF_LNGNFC_INDUS_ANN_RN(1.0),N_A,86,AFY,MNF_CP_OTH,DEPRC,2018,2017,0,2018-03-31,PT,9.0571
RBI:PRF_LNGNFC_INDUS_ANN_RN(1.0),N_A,86,AFY,MNF_CP_OTH,EBITDA,2018,2017,0,2018-03-31,PT,10.2034
RBI:PRF_LNGNFC_INDUS_ANN_RN(1.0),N_A,86,AFY,MNF_CP_OTH,EXPD,2018,2017,0,2018-03-31,PT,8.3193
RBI:PRF_LNGNFC_INDUS_ANN_RN(1.0),N_A,86,AFY,MNF_CP_OTH,GROSS_PFT_EBIT,2018,2017,0,2018-03-31,PT,10.3854
RBI:PRF_LNGNFC_INDUS_ANN_RN(1.0),N_A,86,AFY,MNF_CP_OTH,INT,2018,2017,0,2018-03-31,PT,4.7932
RBI:PRF_LNGNFC_INDUS_ANN_RN(1.0),N_A,86,AFY,MNF_CP_OTH,NET_PFT,2018,2017,0,2018-03-31,PT,12.3948
RBI:PRF_LNGNFC_INDUS_ANN_RN(1.0),N_A,86,AFY,MNF_CP_OTH,OPR_PFT,2018,2017,0,2018-03-31,PT,10.8218
RBI:PRF_LNGNFC_INDUS_ANN_RN(1.0),N_A,86,AFY,MNF_CP_OTH,OTH_INC,2018,2017,0,2018-03-31,PT,5.0942
RBI:PRF_LNGNFC_INDUS_ANN_RN(1.0),N_A,86,AFY,MNF_CP_OTH,PC_SHARE_SAL,2018,2017,0,2018-03-31,PT,3.348246
RBI:PRF_LNGNFC_INDUS_ANN_RN(1.0),N_A,86,AFY,MNF_CP_OTH,SALES,2018,2017,0,2018-03-31,INR,1137512200000
RBI:PRF_LNGNFC_INDUS_ANN_RN(1.0),N_A,86,AFY,MNF_CP_OTH,SALES,2018,2017,0,2018-03-31,PT,9.225
RBI:PRF_LNGNFC_INDUS_ANN_RN(1.0),N_A,86,AFY,MNF_CP_OTH,TAX_PROV,2018,2017,0,2018-03-31,PT,7.885
RBI:PRF_LNGNFC_INDUS_ANN_RN(1.0),N_A,14,AFY,MNF_CP_PNV,DEPRC,2018,2017,0,2018-03-31,PT,7.154
RBI:PRF_LNGNFC_INDUS_ANN_RN(1.0),N_A,14,AFY,MNF_CP_PNV,EBITDA,2018,2017,0,2018-03-31,PT,4.4596
RBI:PRF_LNGNFC_INDUS_ANN_RN(1.0),N_A,14,AFY,MNF_CP_PNV,EXPD,2018,2017,0,2018-03-31,PT,8.7621
RBI:PRF_LNGNFC_INDUS_ANN_RN(1.0),N_A,14,AFY,MNF_CP_PNV,GROSS_PFT_EBIT,2018,2017,0,2018-03-31,PT,4.1282
RBI:PRF_LNGNFC_INDUS_ANN_RN(1.0),N_A,14,AFY,MNF_CP_PNV,INT,2018,2017,0,2018-03-31,PT,22.5595
RBI:PRF_LNGNFC_INDUS_ANN_RN(1.0),N_A,14,AFY,MNF_CP_PNV,NET_PFT,2018,2017,0,2018-03-31,PT,6.0174
RBI:PRF_LNGNFC_INDUS_ANN_RN(1.0),N_A,14,AFY,MNF_CP_PNV,OPR_PFT,2018,2017,0,2018-03-31,PT,6.237
RBI:PRF_LNGNFC_INDUS_ANN_RN(1.0),N_A,14,AFY,MNF_CP_PNV,OTH_INC,2018,2017,0,2018-03-31,PT,-10.8888
RBI:PRF_LNGNFC_INDUS_ANN_RN(1.0),N_A,14,AFY,MNF_CP_PNV,PC_SHARE_SAL,2018,2017,0,2018-03-31,PT,0.825318
RBI:PRF_LNGNFC_INDUS_ANN_RN(1.0),N_A,14,AFY,MNF_CP_PNV,SALES,2018,2017,0,2018-03-31,INR,280388500000
RBI:PRF_LNGNFC_INDUS_ANN_RN(1.0),N_A,14,AFY,MNF_CP_PNV,SALES,2018,2017,0,2018-03-31,PT,11.2263
RBI:PRF_LNGNFC_INDUS_ANN_RN(1.0),N_A,14,AFY,MNF_CP_PNV,TAX_PROV,2018,2017,0,2018-03-31,PT,10.7917
RBI:PRF_LNGNFC_INDUS_ANN_RN(1.0),N_A,107,AFY,MNF_EMA,DEPRC,2018,2017,0,2018-03-31,PT,5.7261
RBI:PRF_LNGNFC_INDUS_ANN_RN(1.0),N_A,107,AFY,MNF_EMA,EBITDA,2018,2017,0,2018-03-31,PT,0.3285
RBI:PRF_LNGNFC_INDUS_ANN_RN(1.0),N_A,107,AFY,MNF_EMA,EXPD,2018,2017,0,2018-03-31,PT,4.2102
RBI:PRF_LNGNFC_INDUS_ANN_RN(1.0),N_A,107,AFY,MNF_EMA,GROSS_PFT_EBIT,2018,2017,0,2018-03-31,PT,-0.9274
RBI:PRF_LNGNFC_INDUS_ANN_RN(1.0),N_A,107,AFY,MNF_EMA,INT,2018,2017,0,2018-03-31,PT,-10.8455
RBI:PRF_LNGNFC_INDUS_ANN_RN(1.0),N_A,107,AFY,MNF_EMA,NET_PFT,2018,2017,0,2018-03-31,PT,-39.0421
RBI:PRF_LNGNFC_INDUS_ANN_RN(1.0),N_A,107,AFY,MNF_EMA,OPR_PFT,2018,2017,0,2018-03-31,PT,0.2454
RBI:PRF_LNGNFC_INDUS_ANN_RN(1.0),N_A,107,AFY,MNF_EMA,OTH_INC,2018,2017,0,2018-03-31,PT,0.7194
RBI:PRF_LNGNFC_INDUS_ANN_RN(1.0),N_A,107,AFY,MNF_EMA,PC_SHARE_SAL,2018,2017,0,2018-03-31,PT,3.78155
RBI:PRF_LNGNFC_INDUS_ANN_RN(1.0),N_A,107,AFY,MNF_EMA,SALES,2018,2017,0,2018-03-31,INR,1284719900000
RBI:PRF_LNGNFC_INDUS_ANN_RN(1.0),N_A,107,AFY,MNF_EMA,SALES,2018,2017,0,2018-03-31,PT,5.2026
RBI:PRF_LNGNFC_INDUS_ANN_RN(1.0),N_A,107,AFY,MNF_EMA,TAX_PROV,2018,2017,0,2018-03-31,PT,-3.5714
RBI:PRF_LNGNFC_INDUS_ANN_RN(1.0),N_A,40,AFY,MNF_FMP,DEPRC,2018,2017,0,2018-03-31,PT,7.8912
RBI:PRF_LNGNFC_INDUS_ANN_RN(1.0),N_A,40,AFY,MNF_FMP,EBITDA,2018,2017,0,2018-03-31,PT,21.5342
RBI:PRF_LNGNFC_INDUS_ANN_RN(1.0),N_A,40,AFY,MNF_FMP,EXPD,2018,2017,0,2018-03-31,PT,16.6926
RBI:PRF_LNGNFC_INDUS_ANN_RN(1.0),N_A,40,AFY,MNF_FMP,GROSS_PFT_EBIT,2018,2017,0,2018-03-31,PT,27.601
RBI:PRF_LNGNFC_INDUS_ANN_RN(1.0),N_A,40,AFY,MNF_FMP,INT,2018,2017,0,2018-03-31,PT,-6.6863
RBI:PRF_LNGNFC_INDUS_ANN_RN(1.0),N_A,40,AFY,MNF_FMP,NET_PFT,2018,2017,0,2018-03-31,PT,29.4267
RBI:PRF_LNGNFC_INDUS_ANN_RN(1.0),N_A,40,AFY,MNF_FMP,OPR_PFT,2018,2017,0,2018-03-31,PT,22.4872
RBI:PRF_LNGNFC_INDUS_ANN_RN(1.0),N_A,40,AFY,MNF_FMP,OTH_INC,2018,2017,0,2018-03-31,PT,13.4155
RBI:PRF_LNGNFC_INDUS_ANN_RN(1.0),N_A,40,AFY,MNF_FMP,PC_SHARE_SAL,2018,2017,0,2018-03-31,PT,0.628944
RBI:PRF_LNGNFC_INDUS_ANN_RN(1.0),N_A,40,AFY,MNF_FMP,SALES,2018,2017,0,2018-03-31,INR,213673600000
RBI:PRF_LNGNFC_INDUS_ANN_RN(1.0),N_A,40,AFY,MNF_FMP,SALES,2018,2017,0,2018-03-31,PT,16.1589
RBI:PRF_LNGNFC_INDUS_ANN_RN(1.0),N_A,40,AFY,MNF_FMP,TAX_PROV,2018,2017,0,2018-03-31,PT,116.8271
RBI:PRF_LNGNFC_INDUS_ANN_RN(1.0),N_A,183,AFY,MNF_FPB,DEPRC,2018,2017,0,2018-03-31,PT,3.8753
RBI:PRF_LNGNFC_INDUS_ANN_RN(1.0),N_A,183,AFY,MNF_FPB,EBITDA,2018,2017,0,2018-03-31,PT,-31.4216
RBI:PRF_LNGNFC_INDUS_ANN_RN(1.0),N_A,183,AFY,MNF_FPB,EXPD,2018,2017,0,2018-03-31,PT,5.9426
RBI:PRF_LNGNFC_INDUS_ANN_RN(1.0),N_A,183,AFY,MNF_FPB,GROSS_PFT_EBIT,2018,2017,0,2018-03-31,PT,-40.29
RBI:PRF_LNGNFC_INDUS_ANN_RN(1.0),N_A,183,AFY,MNF_FPB,INT,2018,2017,0,2018-03-31,PT,-2.72
RBI:PRF_LNGNFC_INDUS_ANN_RN(1.0),N_A,183,AFY,MNF_FPB,NET_PFT,2018,2017,0,2018-03-31,PT,-146.7676
RBI:PRF_LNGNFC_INDUS_ANN_RN(1.0),N_A,183,AFY,MNF_FPB,OPR_PFT,2018,2017,0,2018-03-31,PT,-39.7165
RBI:PRF_LNGNFC_INDUS_ANN_RN(1.0),N_A,183,AFY,MNF_FPB,OTH_INC,2018,2017,0,2018-03-31,PT,14.9679
RBI:PRF_LNGNFC_INDUS_ANN_RN(1.0),N_A,183,AFY,MNF_FPB,PC_SHARE_SAL,2018,2017,0,2018-03-31,PT,5.111762
RBI:PRF_LNGNFC_INDUS_ANN_RN(1.0),N_A,183,AFY,MNF_FPB,SALES,2018,2017,0,2018-03-31,INR,1736638100000
RBI:PRF_LNGNFC_INDUS_ANN_RN(1.0),N_A,183,AFY,MNF_FPB,SALES,2018,2017,0,2018-03-31,PT,3.0298
RBI:PRF_LNGNFC_INDUS_ANN_RN(1.0),N_A,183,AFY,MNF_FPB,TAX_PROV,2018,2017,0,2018-03-31,PT,25.5039
RBI:PRF_LNGNFC_INDUS_ANN_RN(1.0),N_A,15,AFY,MNF_FPB_DAIRY_PRD,DEPRC,2018,2017,0,2018-03-31,PT,22.335
RBI:PRF_LNGNFC_INDUS_ANN_RN(1.0),N_A,15,AFY,MNF_FPB_DAIRY_PRD,EBITDA,2018,2017,0,2018-03-31,PT,12.9994
RBI:PRF_LNGNFC_INDUS_ANN_RN(1.0),N_A,15,AFY,MNF_FPB_DAIRY_PRD,EXPD,2018,2017,0,2018-03-31,PT,9.7461
RBI:PRF_LNGNFC_INDUS_ANN_RN(1.0),N_A,15,AFY,MNF_FPB_DAIRY_PRD,GROSS_PFT_EBIT,2018,2017,0,2018-03-31,PT,10.8911
RBI:PRF_LNGNFC_INDUS_ANN_RN(1.0),N_A,15,AFY,MNF_FPB_DAIRY_PRD,INT,2018,2017,0,2018-03-31,PT,26.2301
RBI:PRF_LNGNFC_INDUS_ANN_RN(1.0),N_A,15,AFY,MNF_FPB_DAIRY_PRD,NET_PFT,2018,2017,0,2018-03-31,PT,3.7123
RBI:PRF_LNGNFC_INDUS_ANN_RN(1.0),N_A,15,AFY,MNF_FPB_DAIRY_PRD,OPR_PFT,2018,2017,0,2018-03-31,PT,9.0795
RBI:PRF_LNGNFC_INDUS_ANN_RN(1.0),N_A,15,AFY,MNF_FPB_DAIRY_PRD,OTH_INC,2018,2017,0,2018-03-31,PT,36.8907
RBI:PRF_LNGNFC_INDUS_ANN_RN(1.0),N_A,15,AFY,MNF_FPB_DAIRY_PRD,PC_SHARE_SAL,2018,2017,0,2018-03-31,PT,0.837133
RBI:PRF_LNGNFC_INDUS_ANN_RN(1.0),N_A,15,AFY,MNF_FPB_DAIRY_PRD,SALES,2018,2017,0,2018-03-31,INR,284402400000
RBI:PRF_LNGNFC_INDUS_ANN_RN(1.0),N_A,15,AFY,MNF_FPB_DAIRY_PRD,SALES,2018,2017,0,2018-03-31,PT,10.9724
RBI:PRF_LNGNFC_INDUS_ANN_RN(1.0),N_A,15,AFY,MNF_FPB_DAIRY_PRD,TAX_PROV,2018,2017,0,2018-03-31,PT,33.3484
RBI:PRF_LNGNFC_INDUS_ANN_RN(1.0),N_A,36,AFY,MNF_FPB_EDD_OIL,DEPRC,2018,2017,0,2018-03-31,PT,0.904
RBI:PRF_LNGNFC_INDUS_ANN_RN(1.0),N_A,36,AFY,MNF_FPB_EDD_OIL,EXPD,2018,2017,0,2018-03-31,PT,-6.4015
RBI:PRF_LNGNFC_INDUS_ANN_RN(1.0),N_A,36,AFY,MNF_FPB_EDD_OIL,INT,2018,2017,0,2018-03-31,PT,-1.8856
RBI:PRF_LNGNFC_INDUS_ANN_RN(1.0),N_A,36,AFY,MNF_FPB_EDD_OIL,OTH_INC,2018,2017,0,2018-03-31,PT,-17.0071
RBI:PRF_LNGNFC_INDUS_ANN_RN(1.0),N_A,36,AFY,MNF_FPB_EDD_OIL,PC_SHARE_SAL,2018,2017,0,2018-03-31,PT,0.951761
RBI:PRF_LNGNFC_INDUS_ANN_RN(1.0),N_A,36,AFY,MNF_FPB_EDD_OIL,SALES,2018,2017,0,2018-03-31,INR,323345400000
RBI:PRF_LNGNFC_INDUS_ANN_RN(1.0),N_A,36,AFY,MNF_FPB_EDD_OIL,SALES,2018,2017,0,2018-03-31,PT,-18.2528
RBI:PRF_LNGNFC_INDUS_ANN_RN(1.0),N_A,36,AFY,MNF_FPB_EDD_OIL,TAX_PROV,2018,2017,0,2018-03-31,PT,-3.8323
RBI:PRF_LNGNFC_INDUS_ANN_RN(1.0),N_A,34,AFY,MNF_FPB_ESGR,DEPRC,2018,2017,0,2018-03-31,PT,-3.3069
RBI:PRF_LNGNFC_INDUS_ANN_RN(1.0),N_A,34,AFY,MNF_FPB_ESGR,EBITDA,2018,2017,0,2018-03-31,PT,-54.803
RBI:PRF_LNGNFC_INDUS_ANN_RN(1.0),N_A,34,AFY,MNF_FPB_ESGR,EXPD,2018,2017,0,2018-03-31,PT,11.3528
RBI:PRF_LNGNFC_INDUS_ANN_RN(1.0),N_A,34,AFY,MNF_FPB_ESGR,GROSS_PFT_EBIT,2018,2017,0,2018-03-31,PT,-67.2291
RBI:PRF_LNGNFC_INDUS_ANN_RN(1.0),N_A,34,AFY,MNF_FPB_ESGR,INT,2018,2017,0,2018-03-31,PT,-12.4816
RBI:PRF_LNGNFC_INDUS_ANN_RN(1.0),N_A,34,AFY,MNF_FPB_ESGR,OPR_PFT,2018,2017,0,2018-03-31,PT,-62.2752
RBI:PRF_LNGNFC_INDUS_ANN_RN(1.0),N_A,34,AFY,MNF_FPB_ESGR,OTH_INC,2018,2017,0,2018-03-31,PT,16.8813
RBI:PRF_LNGNFC_INDUS_ANN_RN(1.0),N_A,34,AFY,MNF_FPB_ESGR,PC_SHARE_SAL,2018,2017,0,2018-03-31,PT,1.311606
RBI:PRF_LNGNFC_INDUS_ANN_RN(1.0),N_A,34,AFY,MNF_FPB_ESGR,SALES,2018,2017,0,2018-03-31,INR,445596700000
RBI:PRF_LNGNFC_INDUS_ANN_RN(1.0),N_A,34,AFY,MNF_FPB_ESGR,SALES,2018,2017,0,2018-03-31,PT,5.6556
RBI:PRF_LNGNFC_INDUS_ANN_RN(1.0),N_A,34,AFY,MNF_FPB_ESGR,TAX_PROV,2018,2017,0,2018-03-31,PT,-53.9406
RBI:PRF_LNGNFC_INDUS_ANN_RN(1.0),N_A,98,AFY,MNF_FPB_OFP,DEPRC,2018,2017,0,2018-03-31,PT,3.5477
RBI:PRF_LNGNFC_INDUS_ANN_RN(1.0),N_A,98,AFY,MNF_FPB_OFP,EBITDA,2018,2017,0,2018-03-31,PT,26.6391
RBI:PRF_LNGNFC_INDUS_ANN_RN(1.0),N_A,98,AFY,MNF_FPB_OFP,EXPD,2018,2017,0,2018-03-31,PT,9.3081
RBI:PRF_LNGNFC_INDUS_ANN_RN(1.0),N_A,98,AFY,MNF_FPB_OFP,GROSS_PFT_EBIT,2018,2017,0,2018-03-31,PT,32.3076
RBI:PRF_LNGNFC_INDUS_ANN_RN(1.0),N_A,98,AFY,MNF_FPB_OFP,INT,2018,2017,0,2018-03-31,PT,7.3894
RBI:PRF_LNGNFC_INDUS_ANN_RN(1.0),N_A,98,AFY,MNF_FPB_OFP,NET_PFT,2018,2017,0,2018-03-31,PT,26.7615
RBI:PRF_LNGNFC_INDUS_ANN_RN(1.0),N_A,98,AFY,MNF_FPB_OFP,OPR_PFT,2018,2017,0,2018-03-31,PT,28.7049
RBI:PRF_LNGNFC_INDUS_ANN_RN(1.0),N_A,98,AFY,MNF_FPB_OFP,OTH_INC,2018,2017,0,2018-03-31,PT,17.0297
RBI:PRF_LNGNFC_INDUS_ANN_RN(1.0),N_A,98,AFY,MNF_FPB_OFP,PC_SHARE_SAL,2018,2017,0,2018-03-31,PT,2.011262
RBI:PRF_LNGNFC_INDUS_ANN_RN(1.0),N_A,98,AFY,MNF_FPB_OFP,SALES,2018,2017,0,2018-03-31,INR,683293600000
RBI:PRF_LNGNFC_INDUS_ANN_RN(1.0),N_A,98,AFY,MNF_FPB_OFP,SALES,2018,2017,0,2018-03-31,PT,11.6494
RBI:PRF_LNGNFC_INDUS_ANN_RN(1.0),N_A,98,AFY,MNF_FPB_OFP,TAX_PROV,2018,2017,0,2018-03-31,PT,56.3608
RBI:PRF_LNGNFC_INDUS_ANN_RN(1.0),N_A,13,AFY,MNF_GGP,DEPRC,2018,2017,0,2018-03-31,PT,2.5561
RBI:PRF_LNGNFC_INDUS_ANN_RN(1.0),N_A,13,AFY,MNF_GGP,EBITDA,2018,2017,0,2018-03-31,PT,5.3959
RBI:PRF_LNGNFC_INDUS_ANN_RN(1.0),N_A,13,AFY,MNF_GGP,EXPD,2018,2017,0,2018-03-31,PT,7.0547
RBI:PRF_LNGNFC_INDUS_ANN_RN(1.0),N_A,13,AFY,MNF_GGP,GROSS_PFT_EBIT,2018,2017,0,2018-03-31,PT,6.8354
RBI:PRF_LNGNFC_INDUS_ANN_RN(1.0),N_A,13,AFY,MNF_GGP,INT,2018,2017,0,2018-03-31,PT,-1.3059
RBI:PRF_LNGNFC_INDUS_ANN_RN(1.0),N_A,13,AFY,MNF_GGP,NET_PFT,2018,2017,0,2018-03-31,PT,-64.898
RBI:PRF_LNGNFC_INDUS_ANN_RN(1.0),N_A,13,AFY,MNF_GGP,OPR_PFT,2018,2017,0,2018-03-31,PT,1.8226
RBI:PRF_LNGNFC_INDUS_ANN_RN(1.0),N_A,13,AFY,MNF_GGP,OTH_INC,2018,2017,0,2018-03-31,PT,39.5268
RBI:PRF_LNGNFC_INDUS_ANN_RN(1.0),N_A,13,AFY,MNF_GGP,PC_SHARE_SAL,2018,2017,0,2018-03-31,PT,0.184026
RBI:PRF_LNGNFC_INDUS_ANN_RN(1.0),N_A,13,AFY,MNF_GGP,SALES,2018,2017,0,2018-03-31,INR,62519900000
RBI:PRF_LNGNFC_INDUS_ANN_RN(1.0),N_A,13,AFY,MNF_GGP,SALES,2018,2017,0,2018-03-31,PT,9.4622
RBI:PRF_LNGNFC_INDUS_ANN_RN(1.0),N_A,13,AFY,MNF_GGP,TAX_PROV,2018,2017,0,2018-03-31,PT,20.5679
RBI:PRF_LNGNFC_INDUS_ANN_RN(1.0),N_A,155,AFY,MNF_INS,DEPRC,2018,2017,0,2018-03-31,PT,0.2394
RBI:PRF_LNGNFC_INDUS_ANN_RN(1.0),N_A,155,AFY,MNF_INS,EBITDA,2018,2017,0,2018-03-31,PT,23.9911
RBI:PRF_LNGNFC_INDUS_ANN_RN(1.0),N_A,155,AFY,MNF_INS,EXPD,2018,2017,0,2018-03-31,PT,19.839
RBI:PRF_LNGNFC_INDUS_ANN_RN(1.0),N_A,155,AFY,MNF_INS,GROSS_PFT_EBIT,2018,2017,0,2018-03-31,PT,37.243
RBI:PRF_LNGNFC_INDUS_ANN_RN(1.0),N_A,155,AFY,MNF_INS,INT,2018,2017,0,2018-03-31,PT,-0.4487
RBI:PRF_LNGNFC_INDUS_ANN_RN(1.0),N_A,155,AFY,MNF_INS,OPR_PFT,2018,2017,0,2018-03-31,PT,24.3277
RBI:PRF_LNGNFC_INDUS_ANN_RN(1.0),N_A,155,AFY,MNF_INS,OTH_INC,2018,2017,0,2018-03-31,PT,19.7862
RBI:PRF_LNGNFC_INDUS_ANN_RN(1.0),N_A,155,AFY,MNF_INS,PC_SHARE_SAL,2018,2017,0,2018-03-31,PT,7.993916
RBI:PRF_LNGNFC_INDUS_ANN_RN(1.0),N_A,155,AFY,MNF_INS,SALES,2018,2017,0,2018-03-31,INR,2715802700000
RBI:PRF_LNGNFC_INDUS_ANN_RN(1.0),N_A,155,AFY,MNF_INS,SALES,2018,2017,0,2018-03-31,PT,22.8084
RBI:PRF_LNGNFC_INDUS_ANN_RN(1.0),N_A,155,AFY,MNF_INS,TAX_PROV,2018,2017,0,2018-03-31,PT,79.2047
RBI:PRF_LNGNFC_INDUS_ANN_RN(1.0),N_A,37,AFY,MNF_JRA,DEPRC,2018,2017,0,2018-03-31,PT,0.2078
RBI:PRF_LNGNFC_INDUS_ANN_RN(1.0),N_A,37,AFY,MNF_JRA,EBITDA,2018,2017,0,2018-03-31,PT,23.1768
RBI:PRF_LNGNFC_INDUS_ANN_RN(1.0),N_A,37,AFY,MNF_JRA,EXPD,2018,2017,0,2018-03-31,PT,-8.7648
RBI:PRF_LNGNFC_INDUS_ANN_RN(1.0),N_A,37,AFY,MNF_JRA,GROSS_PFT_EBIT,2018,2017,0,2018-03-31,PT,24.5777
RBI:PRF_LNGNFC_INDUS_ANN_RN(1.0),N_A,37,AFY,MNF_JRA,INT,2018,2017,0,2018-03-31,PT,11.7528
RBI:PRF_LNGNFC_INDUS_ANN_RN(1.0),N_A,37,AFY,MNF_JRA,NET_PFT,2018,2017,0,2018-03-31,PT,-9.259
RBI:PRF_LNGNFC_INDUS_ANN_RN(1.0),N_A,37,AFY,MNF_JRA,OPR_PFT,2018,2017,0,2018-03-31,PT,24.317
RBI:PRF_LNGNFC_INDUS_ANN_RN(1.0),N_A,37,AFY,MNF_JRA,OTH_INC,2018,2017,0,2018-03-31,PT,10.3041
RBI:PRF_LNGNFC_INDUS_ANN_RN(1.0),N_A,37,AFY,MNF_JRA,PC_SHARE_SAL,2018,2017,0,2018-03-31,PT,2.009439
RBI:PRF_LNGNFC_INDUS_ANN_RN(1.0),N_A,37,AFY,MNF_JRA,SALES,2018,2017,0,2018-03-31,INR,682674200000
RBI:PRF_LNGNFC_INDUS_ANN_RN(1.0),N_A,37,AFY,MNF_JRA,SALES,2018,2017,0,2018-03-31,PT,-9.8964
RBI:PRF_LNGNFC_INDUS_ANN_RN(1.0),N_A,37,AFY,MNF_JRA,TAX_PROV,2018,2017,0,2018-03-31,PT,54.9182
RBI:PRF_LNGNFC_INDUS_ANN_RN(1.0),N_A,17,AFY,MNF_LTH,DEPRC,2018,2017,0,2018-03-31,PT,0.563
RBI:PRF_LNGNFC_INDUS_ANN_RN(1.0),N_A,17,AFY,MNF_LTH,EBITDA,2018,2017,0,2018-03-31,PT,22.6445
RBI:PRF_LNGNFC_INDUS_ANN_RN(1.0),N_A,17,AFY,MNF_LTH,EXPD,2018,2017,0,2018-03-31,PT,10.5731
RBI:PRF_LNGNFC_INDUS_ANN_RN(1.0),N_A,17,AFY,MNF_LTH,GROSS_PFT_EBIT,2018,2017,0,2018-03-31,PT,28.1299
RBI:PRF_LNGNFC_INDUS_ANN_RN(1.0),N_A,17,AFY,MNF_LTH,INT,2018,2017,0,2018-03-31,PT,-7.342
RBI:PRF_LNGNFC_INDUS_ANN_RN(1.0),N_A,17,AFY,MNF_LTH,NET_PFT,2018,2017,0,2018-03-31,PT,34.8838
RBI:PRF_LNGNFC_INDUS_ANN_RN(1.0),N_A,17,AFY,MNF_LTH,OPR_PFT,2018,2017,0,2018-03-31,PT,24.4671
RBI:PRF_LNGNFC_INDUS_ANN_RN(1.0),N_A,17,AFY,MNF_LTH,OTH_INC,2018,2017,0,2018-03-31,PT,4.8208
RBI:PRF_LNGNFC_INDUS_ANN_RN(1.0),N_A,17,AFY,MNF_LTH,PC_SHARE_SAL,2018,2017,0,2018-03-31,PT,0.27954
RBI:PRF_LNGNFC_INDUS_ANN_RN(1.0),N_A,17,AFY,MNF_LTH,SALES,2018,2017,0,2018-03-31,INR,94969200000
RBI:PRF_LNGNFC_INDUS_ANN_RN(1.0),N_A,17,AFY,MNF_LTH,SALES,2018,2017,0,2018-03-31,PT,10.6306
RBI:PRF_LNGNFC_INDUS_ANN_RN(1.0),N_A,17,AFY,MNF_LTH,TAX_PROV,2018,2017,0,2018-03-31,PT,39.5697
RBI:PRF_LNGNFC_INDUS_ANN_RN(1.0),N_A,134,AFY,MNF_MMT,DEPRC,2018,2017,0,2018-03-31,PT,3.0295
RBI:PRF_LNGNFC_INDUS_ANN_RN(1.0),N_A,134,AFY,MNF_MMT,EBITDA,2018,2017,0,2018-03-31,PT,5.4072
RBI:PRF_LNGNFC_INDUS_ANN_RN(1.0),N_A,134,AFY,MNF_MMT,EXPD,2018,2017,0,2018-03-31,PT,4.2241
RBI:PRF_LNGNFC_INDUS_ANN_RN(1.0),N_A,134,AFY,MNF_MMT,GROSS_PFT_EBIT,2018,2017,0,2018-03-31,PT,5.9851
RBI:PRF_LNGNFC_INDUS_ANN_RN(1.0),N_A,134,AFY,MNF_MMT,INT,2018,2017,0,2018-03-31,PT,-8.6503
RBI:PRF_LNGNFC_INDUS_ANN_RN(1.0),N_A,134,AFY,MNF_MMT,NET_PFT,2018,2017,0,2018-03-31,PT,14.606
RBI:PRF_LNGNFC_INDUS_ANN_RN(1.0),N_A,134,AFY,MNF_MMT,OPR_PFT,2018,2017,0,2018-03-31,PT,6.968
RBI:PRF_LNGNFC_INDUS_ANN_RN(1.0),N_A,134,AFY,MNF_MMT,OTH_INC,2018,2017,0,2018-03-31,PT,-0.3093
RBI:PRF_LNGNFC_INDUS_ANN_RN(1.0),N_A,134,AFY,MNF_MMT,PC_SHARE_SAL,2018,2017,0,2018-03-31,PT,2.00125
RBI:PRF_LNGNFC_INDUS_ANN_RN(1.0),N_A,134,AFY,MNF_MMT,SALES,2018,2017,0,2018-03-31,INR,679892200000
RBI:PRF_LNGNFC_INDUS_ANN_RN(1.0),N_A,134,AFY,MNF_MMT,SALES,2018,2017,0,2018-03-31,PT,5.8595
RBI:PRF_LNGNFC_INDUS_ANN_RN(1.0),N_A,134,AFY,MNF_MMT,TAX_PROV,2018,2017,0,2018-03-31,PT,20.8815
RBI:PRF_LNGNFC_INDUS_ANN_RN(1.0),N_A,13,AFY,MNF_MMT_MV,DEPRC,2018,2017,0,2018-03-31,PT,4.5418
RBI:PRF_LNGNFC_INDUS_ANN_RN(1.0),N_A,13,AFY,MNF_MMT_MV,EBITDA,2018,2017,0,2018-03-31,PT,18.3376
RBI:PRF_LNGNFC_INDUS_ANN_RN(1.0),N_A,13,AFY,MNF_MMT_MV,EXPD,2018,2017,0,2018-03-31,PT,16.9831
RBI:PRF_LNGNFC_INDUS_ANN_RN(1.0),N_A,13,AFY,MNF_MMT_MV,GROSS_PFT_EBIT,2018,2017,0,2018-03-31,PT,22.4931
RBI:PRF_LNGNFC_INDUS_ANN_RN(1.0),N_A,13,AFY,MNF_MMT_MV,INT,2018,2017,0,2018-03-31,PT,17.1595
RBI:PRF_LNGNFC_INDUS_ANN_RN(1.0),N_A,13,AFY,MNF_MMT_MV,NET_PFT,2018,2017,0,2018-03-31,PT,15.3028
RBI:PRF_LNGNFC_INDUS_ANN_RN(1.0),N_A,13,AFY,MNF_MMT_MV,OPR_PFT,2018,2017,0,2018-03-31,PT,23.9308
RBI:PRF_LNGNFC_INDUS_ANN_RN(1.0),N_A,13,AFY,MNF_MMT_MV,OTH_INC,2018,2017,0,2018-03-31,PT,-3.5382
RBI:PRF_LNGNFC_INDUS_ANN_RN(1.0),N_A,13,AFY,MNF_MMT_MV,PC_SHARE_SAL,2018,2017,0,2018-03-31,PT,9.178772
RBI:PRF_LNGNFC_INDUS_ANN_RN(1.0),N_A,13,AFY,MNF_MMT_MV,SALES,2018,2017,0,2018-03-31,INR,3118338500000
RBI:PRF_LNGNFC_INDUS_ANN_RN(1.0),N_A,13,AFY,MNF_MMT_MV,SALES,2018,2017,0,2018-03-31,PT,19.326
RBI:PRF_LNGNFC_INDUS_ANN_RN(1.0),N_A,13,AFY,MNF_MMT_MV,TAX_PROV,2018,2017,0,2018-03-31,PT,32.1921
RBI:PRF_LNGNFC_INDUS_ANN_RN(1.0),N_A,98,AFY,MNF_MMT_OTH,DEPRC,2018,2017,0,2018-03-31,PT,4.0537
RBI:PRF_LNGNFC_INDUS_ANN_RN(1.0),N_A,98,AFY,MNF_MMT_OTH,EBITDA,2018,2017,0,2018-03-31,PT,16.7662
RBI:PRF_LNGNFC_INDUS_ANN_RN(1.0),N_A,98,AFY,MNF_MMT_OTH,EXPD,2018,2017,0,2018-03-31,PT,16.6575
RBI:PRF_LNGNFC_INDUS_ANN_RN(1.0),N_A,98,AFY,MNF_MMT_OTH,GROSS_PFT_EBIT,2018,2017,0,2018-03-31,PT,21.0947
RBI:PRF_LNGNFC_INDUS_ANN_RN(1.0),N_A,98,AFY,MNF_MMT_OTH,INT,2018,2017,0,2018-03-31,PT,7.8986
RBI:PRF_LNGNFC_INDUS_ANN_RN(1.0),N_A,98,AFY,MNF_MMT_OTH,NET_PFT,2018,2017,0,2018-03-31,PT,11.0418
RBI:PRF_LNGNFC_INDUS_ANN_RN(1.0),N_A,98,AFY,MNF_MMT_OTH,OPR_PFT,2018,2017,0,2018-03-31,PT,21.1713
RBI:PRF_LNGNFC_INDUS_ANN_RN(1.0),N_A,98,AFY,MNF_MMT_OTH,OTH_INC,2018,2017,0,2018-03-31,PT,-1.8862
RBI:PRF_LNGNFC_INDUS_ANN_RN(1.0),N_A,98,AFY,MNF_MMT_OTH,PC_SHARE_SAL,2018,2017,0,2018-03-31,PT,11.092569
RBI:PRF_LNGNFC_INDUS_ANN_RN(1.0),N_A,98,AFY,MNF_MMT_OTH,SALES,2018,2017,0,2018-03-31,INR,3768519700000
RBI:PRF_LNGNFC_INDUS_ANN_RN(1.0),N_A,98,AFY,MNF_MMT_OTH,SALES,2018,2017,0,2018-03-31,PT,18.2964
RBI:PRF_LNGNFC_INDUS_ANN_RN(1.0),N_A,98,AFY,MNF_MMT_OTH,TAX_PROV,2018,2017,0,2018-03-31,PT,31.7091
RBI:PRF_LNGNFC_INDUS_ANN_RN(1.0),N_A,85,AFY,MNF_MMT_PRTS,DEPRC,2018,2017,0,2018-03-31,PT,2.4166
RBI:PRF_LNGNFC_INDUS_ANN_RN(1.0),N_A,85,AFY,MNF_MMT_PRTS,EBITDA,2018,2017,0,2018-03-31,PT,8.1813
RBI:PRF_LNGNFC_INDUS_ANN_RN(1.0),N_A,85,AFY,MNF_MMT_PRTS,EXPD,2018,2017,0,2018-03-31,PT,15.1838
RBI:PRF_LNGNFC_INDUS_ANN_RN(1.0),N_A,85,AFY,MNF_MMT_PRTS,GROSS_PFT_EBIT,2018,2017,0,2018-03-31,PT,11.6704
RBI:PRF_LNGNFC_INDUS_ANN_RN(1.0),N_A,85,AFY,MNF_MMT_PRTS,INT,2018,2017,0,2018-03-31,PT,-0.6411
RBI:PRF_LNGNFC_INDUS_ANN_RN(1.0),N_A,85,AFY,MNF_MMT_PRTS,NET_PFT,2018,2017,0,2018-03-31,PT,-48.2834
RBI:PRF_LNGNFC_INDUS_ANN_RN(1.0),N_A,85,AFY,MNF_MMT_PRTS,OPR_PFT,2018,2017,0,2018-03-31,PT,7.4912
RBI:PRF_LNGNFC_INDUS_ANN_RN(1.0),N_A,85,AFY,MNF_MMT_PRTS,OTH_INC,2018,2017,0,2018-03-31,PT,13.13
RBI:PRF_LNGNFC_INDUS_ANN_RN(1.0),N_A,85,AFY,MNF_MMT_PRTS,PC_SHARE_SAL,2018,2017,0,2018-03-31,PT,1.913796
RBI:PRF_LNGNFC_INDUS_ANN_RN(1.0),N_A,85,AFY,MNF_MMT_PRTS,SALES,2018,2017,0,2018-03-31,INR,650181200000
RBI:PRF_LNGNFC_INDUS_ANN_RN(1.0),N_A,85,AFY,MNF_MMT_PRTS,SALES,2018,2017,0,2018-03-31,PT,13.5955
RBI:PRF_LNGNFC_INDUS_ANN_RN(1.0),N_A,85,AFY,MNF_MMT_PRTS,TAX_PROV,2018,2017,0,2018-03-31,PT,28.6028
RBI:PRF_LNGNFC_INDUS_ANN_RN(1.0),N_A,9,AFY,MNF_MPOSE,DEPRC,2018,2017,0,2018-03-31,PT,16.6026
RBI:PRF_LNGNFC_INDUS_ANN_RN(1.0),N_A,9,AFY,MNF_MPOSE,EBITDA,2018,2017,0,2018-03-31,PT,52.6582
RBI:PRF_LNGNFC_INDUS_ANN_RN(1.0),N_A,9,AFY,MNF_MPOSE,EXPD,2018,2017,0,2018-03-31,PT,5.5016
RBI:PRF_LNGNFC_INDUS_ANN_RN(1.0),N_A,9,AFY,MNF_MPOSE,GROSS_PFT_EBIT,2018,2017,0,2018-03-31,PT,69.8937
RBI:PRF_LNGNFC_INDUS_ANN_RN(1.0),N_A,9,AFY,MNF_MPOSE,INT,2018,2017,0,2018-03-31,PT,-22.3386
RBI:PRF_LNGNFC_INDUS_ANN_RN(1.0),N_A,9,AFY,MNF_MPOSE,OPR_PFT,2018,2017,0,2018-03-31,PT,63.7094
RBI:PRF_LNGNFC_INDUS_ANN_RN(1.0),N_A,9,AFY,MNF_MPOSE,OTH_INC,2018,2017,0,2018-03-31,PT,-0.6722
RBI:PRF_LNGNFC_INDUS_ANN_RN(1.0),N_A,9,AFY,MNF_MPOSE,PC_SHARE_SAL,2018,2017,0,2018-03-31,PT,0.021069
RBI:PRF_LNGNFC_INDUS_ANN_RN(1.0),N_A,9,AFY,MNF_MPOSE,SALES,2018,2017,0,2018-03-31,INR,7157900000
RBI:PRF_LNGNFC_INDUS_ANN_RN(1.0),N_A,9,AFY,MNF_MPOSE,SALES,2018,2017,0,2018-03-31,PT,15.2251
RBI:PRF_LNGNFC_INDUS_ANN_RN(1.0),N_A,9,AFY,MNF_MPOSE,TAX_PROV,2018,2017,0,2018-03-31,PT,46.2604
RBI:PRF_LNGNFC_INDUS_ANN_RN(1.0),N_A,56,AFY,MNF_OTH,DEPRC,2018,2017,0,2018-03-31,PT,9.878
RBI:PRF_LNGNFC_INDUS_ANN_RN(1.0),N_A,56,AFY,MNF_OTH,EBITDA,2018,2017,0,2018-03-31,PT,96.7297
RBI:PRF_LNGNFC_INDUS_ANN_RN(1.0),N_A,56,AFY,MNF_OTH,EXPD,2018,2017,0,2018-03-31,PT,10.4538
RBI:PRF_LNGNFC_INDUS_ANN_RN(1.0),N_A,56,AFY,MNF_OTH,GROSS_PFT_EBIT,2018,2017,0,2018-03-31,PT,127.4924
RBI:PRF_LNGNFC_INDUS_ANN_RN(1.0),N_A,56,AFY,MNF_OTH,INT,2018,2017,0,2018-03-31,PT,2.6125
RBI:PRF_LNGNFC_INDUS_ANN_RN(1.0),N_A,56,AFY,MNF_OTH,OPR_PFT,2018,2017,0,2018-03-31,PT,111.2971
RBI:PRF_LNGNFC_INDUS_ANN_RN(1.0),N_A,56,AFY,MNF_OTH,OTH_INC,2018,2017,0,2018-03-31,PT,-1.0295
RBI:PRF_LNGNFC_INDUS_ANN_RN(1.0),N_A,56,AFY,MNF_OTH,PC_SHARE_SAL,2018,2017,0,2018-03-31,PT,0.879578
RBI:PRF_LNGNFC_INDUS_ANN_RN(1.0),N_A,56,AFY,MNF_OTH,SALES,2018,2017,0,2018-03-31,INR,298822400000
RBI:PRF_LNGNFC_INDUS_ANN_RN(1.0),N_A,56,AFY,MNF_OTH,SALES,2018,2017,0,2018-03-31,PT,20.5
RBI:PRF_LNGNFC_INDUS_ANN_RN(1.0),N_A,56,AFY,MNF_OTH,TAX_PROV,2018,2017,0,2018-03-31,PT,137.4091
RBI:PRF_LNGNFC_INDUS_ANN_RN(1.0),N_A,19,AFY,MNF_PETR_PRD,DEPRC,2018,2017,0,2018-03-31,PT,12.8698
RBI:PRF_LNGNFC_INDUS_ANN_RN(1.0),N_A,19,AFY,MNF_PETR_PRD,EBITDA,2018,2017,0,2018-03-31,PT,15.6876
RBI:PRF_LNGNFC_INDUS_ANN_RN(1.0),N_A,19,AFY,MNF_PETR_PRD,EXPD,2018,2017,0,2018-03-31,PT,18.3608
RBI:PRF_LNGNFC_INDUS_ANN_RN(1.0),N_A,19,AFY,MNF_PETR_PRD,GROSS_PFT_EBIT,2018,2017,0,2018-03-31,PT,16.2319
RBI:PRF_LNGNFC_INDUS_ANN_RN(1.0),N_A,19,AFY,MNF_PETR_PRD,INT,2018,2017,0,2018-03-31,PT,58.662
RBI:PRF_LNGNFC_INDUS_ANN_RN(1.0),N_A,19,AFY,MNF_PETR_PRD,NET_PFT,2018,2017,0,2018-03-31,PT,8.0094
RBI:PRF_LNGNFC_INDUS_ANN_RN(1.0),N_A,19,AFY,MNF_PETR_PRD,OPR_PFT,2018,2017,0,2018-03-31,PT,19.9575
RBI:PRF_LNGNFC_INDUS_ANN_RN(1.0),N_A,19,AFY,MNF_PETR_PRD,OTH_INC,2018,2017,0,2018-03-31,PT,-5.7635
RBI:PRF_LNGNFC_INDUS_ANN_RN(1.0),N_A,19,AFY,MNF_PETR_PRD,PC_SHARE_SAL,2018,2017,0,2018-03-31,PT,8.85902
RBI:PRF_LNGNFC_INDUS_ANN_RN(1.0),N_A,19,AFY,MNF_PETR_PRD,SALES,2018,2017,0,2018-03-31,INR,3009707900000
RBI:PRF_LNGNFC_INDUS_ANN_RN(1.0),N_A,19,AFY,MNF_PETR_PRD,SALES,2018,2017,0,2018-03-31,PT,19.6086
RBI:PRF_LNGNFC_INDUS_ANN_RN(1.0),N_A,19,AFY,MNF_PETR_PRD,TAX_PROV,2018,2017,0,2018-03-31,PT,7.1554
RBI:PRF_LNGNFC_INDUS_ANN_RN(1.0),N_A,147,AFY,MNF_PM,DEPRC,2018,2017,0,2018-03-31,PT,8.8884
RBI:PRF_LNGNFC_INDUS_ANN_RN(1.0),N_A,147,AFY,MNF_PM,EBITDA,2018,2017,0,2018-03-31,PT,4.8911
RBI:PRF_LNGNFC_INDUS_ANN_RN(1.0),N_A,147,AFY,MNF_PM,EXPD,2018,2017,0,2018-03-31,PT,4.3873
RBI:PRF_LNGNFC_INDUS_ANN_RN(1.0),N_A,147,AFY,MNF_PM,GROSS_PFT_EBIT,2018,2017,0,2018-03-31,PT,4.0728
RBI:PRF_LNGNFC_INDUS_ANN_RN(1.0),N_A,147,AFY,MNF_PM,INT,2018,2017,0,2018-03-31,PT,-0.6025
RBI:PRF_LNGNFC_INDUS_ANN_RN(1.0),N_A,147,AFY,MNF_PM,NET_PFT,2018,2017,0,2018-03-31,PT,1.8426
RBI:PRF_LNGNFC_INDUS_ANN_RN(1.0),N_A,147,AFY,MNF_PM,OPR_PFT,2018,2017,0,2018-03-31,PT,-7.1936
RBI:PRF_LNGNFC_INDUS_ANN_RN(1.0),N_A,147,AFY,MNF_PM,OTH_INC,2018,2017,0,2018-03-31,PT,76.2669
RBI:PRF_LNGNFC_INDUS_ANN_RN(1.0),N_A,147,AFY,MNF_PM,PC_SHARE_SAL,2018,2017,0,2018-03-31,PT,4.09889
RBI:PRF_LNGNFC_INDUS_ANN_RN(1.0),N_A,147,AFY,MNF_PM,SALES,2018,2017,0,2018-03-31,INR,1392531300000
RBI:PRF_LNGNFC_INDUS_ANN_RN(1.0),N_A,147,AFY,MNF_PM,SALES,2018,2017,0,2018-03-31,PT,1.858
RBI:PRF_LNGNFC_INDUS_ANN_RN(1.0),N_A,147,AFY,MNF_PM,TAX_PROV,2018,2017,0,2018-03-31,PT,-4.6175
RBI:PRF_LNGNFC_INDUS_ANN_RN(1.0),N_A,31,AFY,MNF_PNFFM,DEPRC,2018,2017,0,2018-03-31,PT,-3.9372
RBI:PRF_LNGNFC_INDUS_ANN_RN(1.0),N_A,31,AFY,MNF_PNFFM,EBITDA,2018,2017,0,2018-03-31,PT,9.4365
RBI:PRF_LNGNFC_INDUS_ANN_RN(1.0),N_A,31,AFY,MNF_PNFFM,EXPD,2018,2017,0,2018-03-31,PT,15.9952
RBI:PRF_LNGNFC_INDUS_ANN_RN(1.0),N_A,31,AFY,MNF_PNFFM,GROSS_PFT_EBIT,2018,2017,0,2018-03-31,PT,12.3638
RBI:PRF_LNGNFC_INDUS_ANN_RN(1.0),N_A,31,AFY,MNF_PNFFM,INT,2018,2017,0,2018-03-31,PT,-12.2069
RBI:PRF_LNGNFC_INDUS_ANN_RN(1.0),N_A,31,AFY,MNF_PNFFM,NET_PFT,2018,2017,0,2018-03-31,PT,6.7869
RBI:PRF_LNGNFC_INDUS_ANN_RN(1.0),N_A,31,AFY,MNF_PNFFM,OPR_PFT,2018,2017,0,2018-03-31,PT,16.8464
RBI:PRF_LNGNFC_INDUS_ANN_RN(1.0),N_A,31,AFY,MNF_PNFFM,OTH_INC,2018,2017,0,2018-03-31,PT,-21.7442
RBI:PRF_LNGNFC_INDUS_ANN_RN(1.0),N_A,31,AFY,MNF_PNFFM,PC_SHARE_SAL,2018,2017,0,2018-03-31,PT,2.191869
RBI:PRF_LNGNFC_INDUS_ANN_RN(1.0),N_A,31,AFY,MNF_PNFFM,SALES,2018,2017,0,2018-03-31,INR,744651900000
RBI:PRF_LNGNFC_INDUS_ANN_RN(1.0),N_A,31,AFY,MNF_PNFFM,SALES,2018,2017,0,2018-03-31,PT,19.8414
RBI:PRF_LNGNFC_INDUS_ANN_RN(1.0),N_A,31,AFY,MNF_PNFFM,TAX_PROV,2018,2017,0,2018-03-31,PT,17.5933
RBI:PRF_LNGNFC_INDUS_ANN_RN(1.0),N_A,49,AFY,MNF_PNPD,DEPRC,2018,2017,0,2018-03-31,PT,-0.0959
RBI:PRF_LNGNFC_INDUS_ANN_RN(1.0),N_A,49,AFY,MNF_PNPD,EBITDA,2018,2017,0,2018-03-31,PT,17.4272
RBI:PRF_LNGNFC_INDUS_ANN_RN(1.0),N_A,49,AFY,MNF_PNPD,EXPD,2018,2017,0,2018-03-31,PT,10.1436
RBI:PRF_LNGNFC_INDUS_ANN_RN(1.0),N_A,49,AFY,MNF_PNPD,GROSS_PFT_EBIT,2018,2017,0,2018-03-31,PT,28.0021
RBI:PRF_LNGNFC_INDUS_ANN_RN(1.0),N_A,49,AFY,MNF_PNPD,INT,2018,2017,0,2018-03-31,PT,-0.2807
RBI:PRF_LNGNFC_INDUS_ANN_RN(1.0),N_A,49,AFY,MNF_PNPD,OPR_PFT,2018,2017,0,2018-03-31,PT,23.6002
RBI:PRF_LNGNFC_INDUS_ANN_RN(1.0),N_A,49,AFY,MNF_PNPD,OTH_INC,2018,2017,0,2018-03-31,PT,-19.8867
RBI:PRF_LNGNFC_INDUS_ANN_RN(1.0),N_A,49,AFY,MNF_PNPD,PC_SHARE_SAL,2018,2017,0,2018-03-31,PT,0.598805
RBI:PRF_LNGNFC_INDUS_ANN_RN(1.0),N_A,49,AFY,MNF_PNPD,SALES,2018,2017,0,2018-03-31,INR,203434300000
RBI:PRF_LNGNFC_INDUS_ANN_RN(1.0),N_A,49,AFY,MNF_PNPD,SALES,2018,2017,0,2018-03-31,PT,11.1828
RBI:PRF_LNGNFC_INDUS_ANN_RN(1.0),N_A,49,AFY,MNF_PNPD,TAX_PROV,2018,2017,0,2018-03-31,PT,16.7903
RBI:PRF_LNGNFC_INDUS_ANN_RN(1.0),N_A,112,AFY,MNF_PP,DEPRC,2018,2017,0,2018-03-31,PT,6.2805
RBI:PRF_LNGNFC_INDUS_ANN_RN(1.0),N_A,112,AFY,MNF_PP,EBITDA,2018,2017,0,2018-03-31,PT,3.9965
RBI:PRF_LNGNFC_INDUS_ANN_RN(1.0),N_A,112,AFY,MNF_PP,EXPD,2018,2017,0,2018-03-31,PT,5.0643
RBI:PRF_LNGNFC_INDUS_ANN_RN(1.0),N_A,112,AFY,MNF_PP,GROSS_PFT_EBIT,2018,2017,0,2018-03-31,PT,3.1654
RBI:PRF_LNGNFC_INDUS_ANN_RN(1.0),N_A,112,AFY,MNF_PP,INT,2018,2017,0,2018-03-31,PT,-5.4929
RBI:PRF_LNGNFC_INDUS_ANN_RN(1.0),N_A,112,AFY,MNF_PP,NET_PFT,2018,2017,0,2018-03-31,PT,3.2666
RBI:PRF_LNGNFC_INDUS_ANN_RN(1.0),N_A,112,AFY,MNF_PP,OPR_PFT,2018,2017,0,2018-03-31,PT,3.7405
RBI:PRF_LNGNFC_INDUS_ANN_RN(1.0),N_A,112,AFY,MNF_PP,OTH_INC,2018,2017,0,2018-03-31,PT,6.404
RBI:PRF_LNGNFC_INDUS_ANN_RN(1.0),N_A,112,AFY,MNF_PP,PC_SHARE_SAL,2018,2017,0,2018-03-31,PT,1.244202
RBI:PRF_LNGNFC_INDUS_ANN_RN(1.0),N_A,112,AFY,MNF_PP,SALES,2018,2017,0,2018-03-31,INR,422697500000
RBI:PRF_LNGNFC_INDUS_ANN_RN(1.0),N_A,112,AFY,MNF_PP,SALES,2018,2017,0,2018-03-31,PT,6.4095
RBI:PRF_LNGNFC_INDUS_ANN_RN(1.0),N_A,112,AFY,MNF_PP,TAX_PROV,2018,2017,0,2018-03-31,PT,5.893
RBI:PRF_LNGNFC_INDUS_ANN_RN(1.0),N_A,26,AFY,MNF_RRP,DEPRC,2018,2017,0,2018-03-31,PT,11.7236
RBI:PRF_LNGNFC_INDUS_ANN_RN(1.0),N_A,26,AFY,MNF_RRP,EBITDA,2018,2017,0,2018-03-31,PT,-8.6087
RBI:PRF_LNGNFC_INDUS_ANN_RN(1.0),N_A,26,AFY,MNF_RRP,EXPD,2018,2017,0,2018-03-31,PT,11.7564
RBI:PRF_LNGNFC_INDUS_ANN_RN(1.0),N_A,26,AFY,MNF_RRP,GROSS_PFT_EBIT,2018,2017,0,2018-03-31,PT,-14.3203
RBI:PRF_LNGNFC_INDUS_ANN_RN(1.0),N_A,26,AFY,MNF_RRP,INT,2018,2017,0,2018-03-31,PT,19.4289
RBI:PRF_LNGNFC_INDUS_ANN_RN(1.0),N_A,26,AFY,MNF_RRP,NET_PFT,2018,2017,0,2018-03-31,PT,-32.0372
RBI:PRF_LNGNFC_INDUS_ANN_RN(1.0),N_A,26,AFY,MNF_RRP,OPR_PFT,2018,2017,0,2018-03-31,PT,-11.9555
RBI:PRF_LNGNFC_INDUS_ANN_RN(1.0),N_A,26,AFY,MNF_RRP,OTH_INC,2018,2017,0,2018-03-31,PT,15.4203
RBI:PRF_LNGNFC_INDUS_ANN_RN(1.0),N_A,26,AFY,MNF_RRP,PC_SHARE_SAL,2018,2017,0,2018-03-31,PT,1.511866
RBI:PRF_LNGNFC_INDUS_ANN_RN(1.0),N_A,26,AFY,MNF_RRP,SALES,2018,2017,0,2018-03-31,INR,513632000000
RBI:PRF_LNGNFC_INDUS_ANN_RN(1.0),N_A,26,AFY,MNF_RRP,SALES,2018,2017,0,2018-03-31,PT,9.9857
RBI:PRF_LNGNFC_INDUS_ANN_RN(1.0),N_A,26,AFY,MNF_RRP,TAX_PROV,2018,2017,0,2018-03-31,PT,-7.2595
RBI:PRF_LNGNFC_INDUS_ANN_RN(1.0),N_A,7,AFY,MNF_TBC_PRD,DEPRC,2018,2017,0,2018-03-31,PT,9.5083
RBI:PRF_LNGNFC_INDUS_ANN_RN(1.0),N_A,7,AFY,MNF_TBC_PRD,EBITDA,2018,2017,0,2018-03-31,PT,7.0357
RBI:PRF_LNGNFC_INDUS_ANN_RN(1.0),N_A,7,AFY,MNF_TBC_PRD,EXPD,2018,2017,0,2018-03-31,PT,-3.3598
RBI:PRF_LNGNFC_INDUS_ANN_RN(1.0),N_A,7,AFY,MNF_TBC_PRD,GROSS_PFT_EBIT,2018,2017,0,2018-03-31,PT,6.8542
RBI:PRF_LNGNFC_INDUS_ANN_RN(1.0),N_A,7,AFY,MNF_TBC_PRD,INT,2018,2017,0,2018-03-31,PT,105.57
RBI:PRF_LNGNFC_INDUS_ANN_RN(1.0),N_A,7,AFY,MNF_TBC_PRD,NET_PFT,2018,2017,0,2018-03-31,PT,10.5476
RBI:PRF_LNGNFC_INDUS_ANN_RN(1.0),N_A,7,AFY,MNF_TBC_PRD,OPR_PFT,2018,2017,0,2018-03-31,PT,6.9879
RBI:PRF_LNGNFC_INDUS_ANN_RN(1.0),N_A,7,AFY,MNF_TBC_PRD,OTH_INC,2018,2017,0,2018-03-31,PT,7.3833
RBI:PRF_LNGNFC_INDUS_ANN_RN(1.0),N_A,7,AFY,MNF_TBC_PRD,PC_SHARE_SAL,2018,2017,0,2018-03-31,PT,1.301144
RBI:PRF_LNGNFC_INDUS_ANN_RN(1.0),N_A,7,AFY,MNF_TBC_PRD,SALES,2018,2017,0,2018-03-31,INR,442042500000
RBI:PRF_LNGNFC_INDUS_ANN_RN(1.0),N_A,7,AFY,MNF_TBC_PRD,SALES,2018,2017,0,2018-03-31,PT,1.3014
RBI:PRF_LNGNFC_INDUS_ANN_RN(1.0),N_A,7,AFY,MNF_TBC_PRD,TAX_PROV,2018,2017,0,2018-03-31,PT,6.6144
RBI:PRF_LNGNFC_INDUS_ANN_RN(1.0),N_A,294,AFY,MNF_TXT,DEPRC,2018,2017,0,2018-03-31,PT,-0.3928
RBI:PRF_LNGNFC_INDUS_ANN_RN(1.0),N_A,294,AFY,MNF_TXT,EBITDA,2018,2017,0,2018-03-31,PT,-18.3736
RBI:PRF_LNGNFC_INDUS_ANN_RN(1.0),N_A,294,AFY,MNF_TXT,EXPD,2018,2017,0,2018-03-31,PT,3.7727
RBI:PRF_LNGNFC_INDUS_ANN_RN(1.0),N_A,294,AFY,MNF_TXT,GROSS_PFT_EBIT,2018,2017,0,2018-03-31,PT,-27.8233
RBI:PRF_LNGNFC_INDUS_ANN_RN(1.0),N_A,294,AFY,MNF_TXT,INT,2018,2017,0,2018-03-31,PT,-6.7352
RBI:PRF_LNGNFC_INDUS_ANN_RN(1.0),N_A,294,AFY,MNF_TXT,OPR_PFT,2018,2017,0,2018-03-31,PT,-16.6807
RBI:PRF_LNGNFC_INDUS_ANN_RN(1.0),N_A,294,AFY,MNF_TXT,OTH_INC,2018,2017,0,2018-03-31,PT,-26.1438
RBI:PRF_LNGNFC_INDUS_ANN_RN(1.0),N_A,294,AFY,MNF_TXT,PC_SHARE_SAL,2018,2017,0,2018-03-31,PT,3.529446
RBI:PRF_LNGNFC_INDUS_ANN_RN(1.0),N_A,294,AFY,MNF_TXT,SALES,2018,2017,0,2018-03-31,INR,1199071900000
RBI:PRF_LNGNFC_INDUS_ANN_RN(1.0),N_A,294,AFY,MNF_TXT,SALES,2018,2017,0,2018-03-31,PT,1.5184
RBI:PRF_LNGNFC_INDUS_ANN_RN(1.0),N_A,294,AFY,MNF_TXT,TAX_PROV,2018,2017,0,2018-03-31,PT,31.5651
RBI:PRF_LNGNFC_INDUS_ANN_RN(1.0),N_A,18,AFY,MNF_WOOD_PRD,DEPRC,2018,2017,0,2018-03-31,PT,18.9237
RBI:PRF_LNGNFC_INDUS_ANN_RN(1.0),N_A,18,AFY,MNF_WOOD_PRD,EBITDA,2018,2017,0,2018-03-31,PT,3.1432
RBI:PRF_LNGNFC_INDUS_ANN_RN(1.0),N_A,18,AFY,MNF_WOOD_PRD,EXPD,2018,2017,0,2018-03-31,PT,9.4989
RBI:PRF_LNGNFC_INDUS_ANN_RN(1.0),N_A,18,AFY,MNF_WOOD_PRD,GROSS_PFT_EBIT,2018,2017,0,2018-03-31,PT,-0.5478
RBI:PRF_LNGNFC_INDUS_ANN_RN(1.0),N_A,18,AFY,MNF_WOOD_PRD,INT,2018,2017,0,2018-03-31,PT,-12.8155
RBI:PRF_LNGNFC_INDUS_ANN_RN(1.0),N_A,18,AFY,MNF_WOOD_PRD,NET_PFT,2018,2017,0,2018-03-31,PT,2.1695
RBI:PRF_LNGNFC_INDUS_ANN_RN(1.0),N_A,18,AFY,MNF_WOOD_PRD,OPR_PFT,2018,2017,0,2018-03-31,PT,4.5048
RBI:PRF_LNGNFC_INDUS_ANN_RN(1.0),N_A,18,AFY,MNF_WOOD_PRD,OTH_INC,2018,2017,0,2018-03-31,PT,-18.5951
RBI:PRF_LNGNFC_INDUS_ANN_RN(1.0),N_A,18,AFY,MNF_WOOD_PRD,PC_SHARE_SAL,2018,2017,0,2018-03-31,PT,0.200018
RBI:PRF_LNGNFC_INDUS_ANN_RN(1.0),N_A,18,AFY,MNF_WOOD_PRD,SALES,2018,2017,0,2018-03-31,INR,67953000000
RBI:PRF_LNGNFC_INDUS_ANN_RN(1.0),N_A,18,AFY,MNF_WOOD_PRD,SALES,2018,2017,0,2018-03-31,PT,8.5574
RBI:PRF_LNGNFC_INDUS_ANN_RN(1.0),N_A,18,AFY,MNF_WOOD_PRD,TAX_PROV,2018,2017,0,2018-03-31,PT,5.2733
RBI:PRF_LNGNFC_INDUS_ANN_RN(1.0),N_A,626,AFY,SERV_OTH_IT,DEPRC,2018,2017,0,2018-03-31,PT,6.4372
RBI:PRF_LNGNFC_INDUS_ANN_RN(1.0),N_A,626,AFY,SERV_OTH_IT,EBITDA,2018,2017,0,2018-03-31,PT,-15.6313
RBI:PRF_LNGNFC_INDUS_ANN_RN(1.0),N_A,626,AFY,SERV_OTH_IT,EXPD,2018,2017,0,2018-03-31,PT,6.1735
RBI:PRF_LNGNFC_INDUS_ANN_RN(1.0),N_A,626,AFY,SERV_OTH_IT,GROSS_PFT_EBIT,2018,2017,0,2018-03-31,PT,-31.155
RBI:PRF_LNGNFC_INDUS_ANN_RN(1.0),N_A,626,AFY,SERV_OTH_IT,INT,2018,2017,0,2018-03-31,PT,10.5484
RBI:PRF_LNGNFC_INDUS_ANN_RN(1.0),N_A,626,AFY,SERV_OTH_IT,OPR_PFT,2018,2017,0,2018-03-31,PT,-17.9469
RBI:PRF_LNGNFC_INDUS_ANN_RN(1.0),N_A,626,AFY,SERV_OTH_IT,OTH_INC,2018,2017,0,2018-03-31,PT,-2.4468
RBI:PRF_LNGNFC_INDUS_ANN_RN(1.0),N_A,626,AFY,SERV_OTH_IT,PC_SHARE_SAL,2018,2017,0,2018-03-31,PT,10.479134
RBI:PRF_LNGNFC_INDUS_ANN_RN(1.0),N_A,626,AFY,SERV_OTH_IT,SALES,2018,2017,0,2018-03-31,INR,3560115300000
RBI:PRF_LNGNFC_INDUS_ANN_RN(1.0),N_A,626,AFY,SERV_OTH_IT,SALES,2018,2017,0,2018-03-31,PT,1.7709
RBI:PRF_LNGNFC_INDUS_ANN_RN(1.0),N_A,626,AFY,SERV_OTH_IT,TAX_PROV,2018,2017,0,2018-03-31,PT,9.6837
RBI:PRF_LNGNFC_INDUS_ANN_RN(1.0),N_A,29,AFY,SOI_BSS,EBITDA,2018,2017,0,2018-03-31,PT,1.559
RBI:PRF_LNGNFC_INDUS_ANN_RN(1.0),N_A,29,AFY,SOI_BSS,EXPD,2018,2017,0,2018-03-31,PT,-4.799
RBI:PRF_LNGNFC_INDUS_ANN_RN(1.0),N_A,29,AFY,SOI_BSS,GROSS_PFT_EBIT,2018,2017,0,2018-03-31,PT,-29.2002
RBI:PRF_LNGNFC_INDUS_ANN_RN(1.0),N_A,29,AFY,SOI_BSS,INT,2018,2017,0,2018-03-31,PT,0.7702
RBI:PRF_LNGNFC_INDUS_ANN_RN(1.0),N_A,29,AFY,SOI_BSS,NET_PFT,2018,2017,0,2018-03-31,PT,-0.2803
RBI:PRF_LNGNFC_INDUS_ANN_RN(1.0),N_A,29,AFY,SOI_BSS,OPR_PFT,2018,2017,0,2018-03-31,PT,1.7799
RBI:PRF_LNGNFC_INDUS_ANN_RN(1.0),N_A,29,AFY,SOI_BSS,OTH_INC,2018,2017,0,2018-03-31,PT,0.5049
RBI:PRF_LNGNFC_INDUS_ANN_RN(1.0),N_A,29,AFY,SOI_BSS,PC_SHARE_SAL,2018,2017,0,2018-03-31,PT,0.086418
RBI:PRF_LNGNFC_INDUS_ANN_RN(1.0),N_A,29,AFY,SOI_BSS,SALES,2018,2017,0,2018-03-31,INR,29359000000
RBI:PRF_LNGNFC_INDUS_ANN_RN(1.0),N_A,29,AFY,SOI_BSS,SALES,2018,2017,0,2018-03-31,PT,-3.594
RBI:PRF_LNGNFC_INDUS_ANN_RN(1.0),N_A,29,AFY,SOI_BSS,TAX_PROV,2018,2017,0,2018-03-31,PT,-7.0463
RBI:PRF_LNGNFC_INDUS_ANN_RN(1.0),N_A,50,AFY,SOI_HNR,DEPRC,2018,2017,0,2018-03-31,PT,-7.5926
RBI:PRF_LNGNFC_INDUS_ANN_RN(1.0),N_A,50,AFY,SOI_HNR,EBITDA,2018,2017,0,2018-03-31,PT,3.8301
RBI:PRF_LNGNFC_INDUS_ANN_RN(1.0),N_A,50,AFY,SOI_HNR,EXPD,2018,2017,0,2018-03-31,PT,-0.2345
RBI:PRF_LNGNFC_INDUS_ANN_RN(1.0),N_A,50,AFY,SOI_HNR,GROSS_PFT_EBIT,2018,2017,0,2018-03-31,PT,9.4638
RBI:PRF_LNGNFC_INDUS_ANN_RN(1.0),N_A,50,AFY,SOI_HNR,INT,2018,2017,0,2018-03-31,PT,-10.5367
RBI:PRF_LNGNFC_INDUS_ANN_RN(1.0),N_A,50,AFY,SOI_HNR,NET_PFT,2018,2017,0,2018-03-31,PT,-72.968
RBI:PRF_LNGNFC_INDUS_ANN_RN(1.0),N_A,50,AFY,SOI_HNR,OPR_PFT,2018,2017,0,2018-03-31,PT,6.2328
RBI:PRF_LNGNFC_INDUS_ANN_RN(1.0),N_A,50,AFY,SOI_HNR,OTH_INC,2018,2017,0,2018-03-31,PT,-6.8536
RBI:PRF_LNGNFC_INDUS_ANN_RN(1.0),N_A,50,AFY,SOI_HNR,PC_SHARE_SAL,2018,2017,0,2018-03-31,PT,0.274145
RBI:PRF_LNGNFC_INDUS_ANN_RN(1.0),N_A,50,AFY,SOI_HNR,SALES,2018,2017,0,2018-03-31,INR,93136300000
RBI:PRF_LNGNFC_INDUS_ANN_RN(1.0),N_A,50,AFY,SOI_HNR,SALES,2018,2017,0,2018-03-31,PT,3.4752
RBI:PRF_LNGNFC_INDUS_ANN_RN(1.0),N_A,50,AFY,SOI_HNR,TAX_PROV,2018,2017,0,2018-03-31,PT,5.7945
RBI:PRF_LNGNFC_INDUS_ANN_RN(1.0),N_A,23,AFY,SOI_HS,DEPRC,2018,2017,0,2018-03-31,PT,9.9396
RBI:PRF_LNGNFC_INDUS_ANN_RN(1.0),N_A,23,AFY,SOI_HS,EBITDA,2018,2017,0,2018-03-31,PT,8.3074
RBI:PRF_LNGNFC_INDUS_ANN_RN(1.0),N_A,23,AFY,SOI_HS,EXPD,2018,2017,0,2018-03-31,PT,11.5948
RBI:PRF_LNGNFC_INDUS_ANN_RN(1.0),N_A,23,AFY,SOI_HS,GROSS_PFT_EBIT,2018,2017,0,2018-03-31,PT,7.4608
RBI:PRF_LNGNFC_INDUS_ANN_RN(1.0),N_A,23,AFY,SOI_HS,INT,2018,2017,0,2018-03-31,PT,4.586
RBI:PRF_LNGNFC_INDUS_ANN_RN(1.0),N_A,23,AFY,SOI_HS,NET_PFT,2018,2017,0,2018-03-31,PT,-15.5152
RBI:PRF_LNGNFC_INDUS_ANN_RN(1.0),N_A,23,AFY,SOI_HS,OPR_PFT,2018,2017,0,2018-03-31,PT,12.0801
RBI:PRF_LNGNFC_INDUS_ANN_RN(1.0),N_A,23,AFY,SOI_HS,OTH_INC,2018,2017,0,2018-03-31,PT,-9.9568
RBI:PRF_LNGNFC_INDUS_ANN_RN(1.0),N_A,23,AFY,SOI_HS,PC_SHARE_SAL,2018,2017,0,2018-03-31,PT,0.357876
RBI:PRF_LNGNFC_INDUS_ANN_RN(1.0),N_A,23,AFY,SOI_HS,SALES,2018,2017,0,2018-03-31,INR,121582400000
RBI:PRF_LNGNFC_INDUS_ANN_RN(1.0),N_A,23,AFY,SOI_HS,SALES,2018,2017,0,2018-03-31,PT,11.3054
RBI:PRF_LNGNFC_INDUS_ANN_RN(1.0),N_A,23,AFY,SOI_HS,TAX_PROV,2018,2017,0,2018-03-31,PT,-2.4598
RBI:PRF_LNGNFC_INDUS_ANN_RN(1.0),N_A,91,AFY,SOI_OTH,DEPRC,2018,2017,0,2018-03-31,PT,4.1884
RBI:PRF_LNGNFC_INDUS_ANN_RN(1.0),N_A,91,AFY,SOI_OTH,EBITDA,2018,2017,0,2018-03-31,PT,-3.4415
RBI:PRF_LNGNFC_INDUS_ANN_RN(1.0),N_A,91,AFY,SOI_OTH,EXPD,2018,2017,0,2018-03-31,PT,6.0678
RBI:PRF_LNGNFC_INDUS_ANN_RN(1.0),N_A,91,AFY,SOI_OTH,GROSS_PFT_EBIT,2018,2017,0,2018-03-31,PT,-5.5399
RBI:PRF_LNGNFC_INDUS_ANN_RN(1.0),N_A,91,AFY,SOI_OTH,INT,2018,2017,0,2018-03-31,PT,2.8615
RBI:PRF_LNGNFC_INDUS_ANN_RN(1.0),N_A,91,AFY,SOI_OTH,NET_PFT,2018,2017,0,2018-03-31,PT,-2.753
RBI:PRF_LNGNFC_INDUS_ANN_RN(1.0),N_A,91,AFY,SOI_OTH,OPR_PFT,2018,2017,0,2018-03-31,PT,-10.2437
RBI:PRF_LNGNFC_INDUS_ANN_RN(1.0),N_A,91,AFY,SOI_OTH,OTH_INC,2018,2017,0,2018-03-31,PT,27.3453
RBI:PRF_LNGNFC_INDUS_ANN_RN(1.0),N_A,91,AFY,SOI_OTH,PC_SHARE_SAL,2018,2017,0,2018-03-31,PT,0.88688
RBI:PRF_LNGNFC_INDUS_ANN_RN(1.0),N_A,91,AFY,SOI_OTH,SALES,2018,2017,0,2018-03-31,INR,301302900000
RBI:PRF_LNGNFC_INDUS_ANN_RN(1.0),N_A,91,AFY,SOI_OTH,SALES,2018,2017,0,2018-03-31,PT,2.9803
RBI:PRF_LNGNFC_INDUS_ANN_RN(1.0),N_A,91,AFY,SOI_OTH,TAX_PROV,2018,2017,0,2018-03-31,PT,18.4399
RBI:PRF_LNGNFC_INDUS_ANN_RN(1.0),N_A,51,AFY,SOI_RE,DEPRC,2018,2017,0,2018-03-31,PT,6.506
RBI:PRF_LNGNFC_INDUS_ANN_RN(1.0),N_A,51,AFY,SOI_RE,EBITDA,2018,2017,0,2018-03-31,PT,-8.6575
RBI:PRF_LNGNFC_INDUS_ANN_RN(1.0),N_A,51,AFY,SOI_RE,EXPD,2018,2017,0,2018-03-31,PT,-8.1414
RBI:PRF_LNGNFC_INDUS_ANN_RN(1.0),N_A,51,AFY,SOI_RE,GROSS_PFT_EBIT,2018,2017,0,2018-03-31,PT,-9.7009
RBI:PRF_LNGNFC_INDUS_ANN_RN(1.0),N_A,51,AFY,SOI_RE,INT,2018,2017,0,2018-03-31,PT,-3.1609
RBI:PRF_LNGNFC_INDUS_ANN_RN(1.0),N_A,51,AFY,SOI_RE,NET_PFT,2018,2017,0,2018-03-31,PT,-30.1531
RBI:PRF_LNGNFC_INDUS_ANN_RN(1.0),N_A,51,AFY,SOI_RE,OPR_PFT,2018,2017,0,2018-03-31,PT,-13.4137
RBI:PRF_LNGNFC_INDUS_ANN_RN(1.0),N_A,51,AFY,SOI_RE,OTH_INC,2018,2017,0,2018-03-31,PT,2.0074
RBI:PRF_LNGNFC_INDUS_ANN_RN(1.0),N_A,51,AFY,SOI_RE,PC_SHARE_SAL,2018,2017,0,2018-03-31,PT,0.3003
RBI:PRF_LNGNFC_INDUS_ANN_RN(1.0),N_A,51,AFY,SOI_RE,SALES,2018,2017,0,2018-03-31,INR,102022100000
RBI:PRF_LNGNFC_INDUS_ANN_RN(1.0),N_A,51,AFY,SOI_RE,SALES,2018,2017,0,2018-03-31,PT,-5.4377
RBI:PRF_LNGNFC_INDUS_ANN_RN(1.0),N_A,51,AFY,SOI_RE,TAX_PROV,2018,2017,0,2018-03-31,PT,-12.4901
RBI:PRF_LNGNFC_INDUS_ANN_RN(1.0),N_A,12,AFY,SOI_TCOMM,DEPRC,2018,2017,0,2018-03-31,PT,5.4597
RBI:PRF_LNGNFC_INDUS_ANN_RN(1.0),N_A,12,AFY,SOI_TCOMM,EBITDA,2018,2017,0,2018-03-31,PT,-33.4349
RBI:PRF_LNGNFC_INDUS_ANN_RN(1.0),N_A,12,AFY,SOI_TCOMM,EXPD,2018,2017,0,2018-03-31,PT,-8.7558
RBI:PRF_LNGNFC_INDUS_ANN_RN(1.0),N_A,12,AFY,SOI_TCOMM,GROSS_PFT_EBIT,2018,2017,0,2018-03-31,PT,-98.4761
RBI:PRF_LNGNFC_INDUS_ANN_RN(1.0),N_A,12,AFY,SOI_TCOMM,INT,2018,2017,0,2018-03-31,PT,24.8865
RBI:PRF_LNGNFC_INDUS_ANN_RN(1.0),N_A,12,AFY,SOI_TCOMM,OPR_PFT,2018,2017,0,2018-03-31,PT,-33.6322
RBI:PRF_LNGNFC_INDUS_ANN_RN(1.0),N_A,12,AFY,SOI_TCOMM,OTH_INC,2018,2017,0,2018-03-31,PT,-29.8825
RBI:PRF_LNGNFC_INDUS_ANN_RN(1.0),N_A,12,AFY,SOI_TCOMM,PC_SHARE_SAL,2018,2017,0,2018-03-31,PT,2.80972
RBI:PRF_LNGNFC_INDUS_ANN_RN(1.0),N_A,12,AFY,SOI_TCOMM,SALES,2018,2017,0,2018-03-31,INR,954556600000
RBI:PRF_LNGNFC_INDUS_ANN_RN(1.0),N_A,12,AFY,SOI_TCOMM,SALES,2018,2017,0,2018-03-31,PT,-16.2288
RBI:PRF_LNGNFC_INDUS_ANN_RN(1.0),N_A,12,AFY,SOI_TCOMM,TAX_PROV,2018,2017,0,2018-03-31,PT,-80.4226
RBI:PRF_LNGNFC_INDUS_ANN_RN(1.0),N_A,47,AFY,SOI_TSS,DEPRC,2018,2017,0,2018-03-31,PT,3.8893
RBI:PRF_LNGNFC_INDUS_ANN_RN(1.0),N_A,47,AFY,SOI_TSS,EBITDA,2018,2017,0,2018-03-31,PT,-13.1426
RBI:PRF_LNGNFC_INDUS_ANN_RN(1.0),N_A,47,AFY,SOI_TSS,EXPD,2018,2017,0,2018-03-31,PT,17.1277
RBI:PRF_LNGNFC_INDUS_ANN_RN(1.0),N_A,47,AFY,SOI_TSS,GROSS_PFT_EBIT,2018,2017,0,2018-03-31,PT,-18.9482
RBI:PRF_LNGNFC_INDUS_ANN_RN(1.0),N_A,47,AFY,SOI_TSS,INT,2018,2017,0,2018-03-31,PT,1.0098
RBI:PRF_LNGNFC_INDUS_ANN_RN(1.0),N_A,47,AFY,SOI_TSS,NET_PFT,2018,2017,0,2018-03-31,PT,-39.6408
RBI:PRF_LNGNFC_INDUS_ANN_RN(1.0),N_A,47,AFY,SOI_TSS,OPR_PFT,2018,2017,0,2018-03-31,PT,-10.308
RBI:PRF_LNGNFC_INDUS_ANN_RN(1.0),N_A,47,AFY,SOI_TSS,OTH_INC,2018,2017,0,2018-03-31,PT,-19.0038
RBI:PRF_LNGNFC_INDUS_ANN_RN(1.0),N_A,47,AFY,SOI_TSS,PC_SHARE_SAL,2018,2017,0,2018-03-31,PT,2.156922
RBI:PRF_LNGNFC_INDUS_ANN_RN(1.0),N_A,47,AFY,SOI_TSS,SALES,2018,2017,0,2018-03-31,INR,732779100000
RBI:PRF_LNGNFC_INDUS_ANN_RN(1.0),N_A,47,AFY,SOI_TSS,SALES,2018,2017,0,2018-03-31,PT,14.1873
RBI:PRF_LNGNFC_INDUS_ANN_RN(1.0),N_A,47,AFY,SOI_TSS,TAX_PROV,2018,2017,0,2018-03-31,PT,22.1647
RBI:PRF_LNGNFC_INDUS_ANN_RN(1.0),N_A,47,AFY,SOI_VTPB,DEPRC,2018,2017,0,2018-03-31,PT,16.5248
RBI:PRF_LNGNFC_INDUS_ANN_RN(1.0),N_A,47,AFY,SOI_VTPB,EBITDA,2018,2017,0,2018-03-31,PT,29.8641
RBI:PRF_LNGNFC_INDUS_ANN_RN(1.0),N_A,47,AFY,SOI_VTPB,EXPD,2018,2017,0,2018-03-31,PT,-0.4506
RBI:PRF_LNGNFC_INDUS_ANN_RN(1.0),N_A,47,AFY,SOI_VTPB,GROSS_PFT_EBIT,2018,2017,0,2018-03-31,PT,32.6812
RBI:PRF_LNGNFC_INDUS_ANN_RN(1.0),N_A,47,AFY,SOI_VTPB,INT,2018,2017,0,2018-03-31,PT,7.9002
RBI:PRF_LNGNFC_INDUS_ANN_RN(1.0),N_A,47,AFY,SOI_VTPB,NET_PFT,2018,2017,0,2018-03-31,PT,39.2676
RBI:PRF_LNGNFC_INDUS_ANN_RN(1.0),N_A,47,AFY,SOI_VTPB,OPR_PFT,2018,2017,0,2018-03-31,PT,20.9475
RBI:PRF_LNGNFC_INDUS_ANN_RN(1.0),N_A,47,AFY,SOI_VTPB,OTH_INC,2018,2017,0,2018-03-31,PT,85.6414
RBI:PRF_LNGNFC_INDUS_ANN_RN(1.0),N_A,47,AFY,SOI_VTPB,PC_SHARE_SAL,2018,2017,0,2018-03-31,PT,0.506348
RBI:PRF_LNGNFC_INDUS_ANN_RN(1.0),N_A,47,AFY,SOI_VTPB,SALES,2018,2017,0,2018-03-31,INR,172023400000
RBI:PRF_LNGNFC_INDUS_ANN_RN(1.0),N_A,47,AFY,SOI_VTPB,SALES,2018,2017,0,2018-03-31,PT,5.5284
RBI:PRF_LNGNFC_INDUS_ANN_RN(1.0),N_A,47,AFY,SOI_VTPB,TAX_PROV,2018,2017,0,2018-03-31,PT,53.2844
RBI:PRF_LNGNFC_INDUS_ANN_RN(1.0),N_A,276,AFY,SOI_WRT,DEPRC,2018,2017,0,2018-03-31,PT,11.7854
RBI:PRF_LNGNFC_INDUS_ANN_RN(1.0),N_A,276,AFY,SOI_WRT,EBITDA,2018,2017,0,2018-03-31,PT,8.6293
RBI:PRF_LNGNFC_INDUS_ANN_RN(1.0),N_A,276,AFY,SOI_WRT,EXPD,2018,2017,0,2018-03-31,PT,14.9411
RBI:PRF_LNGNFC_INDUS_ANN_RN(1.0),N_A,276,AFY,SOI_WRT,GROSS_PFT_EBIT,2018,2017,0,2018-03-31,PT,7.5749
RBI:PRF_LNGNFC_INDUS_ANN_RN(1.0),N_A,276,AFY,SOI_WRT,INT,2018,2017,0,2018-03-31,PT,-10.193
RBI:PRF_LNGNFC_INDUS_ANN_RN(1.0),N_A,276,AFY,SOI_WRT,NET_PFT,2018,2017,0,2018-03-31,PT,13.8895
RBI:PRF_LNGNFC_INDUS_ANN_RN(1.0),N_A,276,AFY,SOI_WRT,OPR_PFT,2018,2017,0,2018-03-31,PT,10.939
RBI:PRF_LNGNFC_INDUS_ANN_RN(1.0),N_A,276,AFY,SOI_WRT,OTH_INC,2018,2017,0,2018-03-31,PT,0.7787
RBI:PRF_LNGNFC_INDUS_ANN_RN(1.0),N_A,276,AFY,SOI_WRT,PC_SHARE_SAL,2018,2017,0,2018-03-31,PT,3.100527
RBI:PRF_LNGNFC_INDUS_ANN_RN(1.0),N_A,276,AFY,SOI_WRT,SALES,2018,2017,0,2018-03-31,INR,1053353500000
RBI:PRF_LNGNFC_INDUS_ANN_RN(1.0),N_A,276,AFY,SOI_WRT,SALES,2018,2017,0,2018-03-31,PT,14.0271
RBI:PRF_LNGNFC_INDUS_ANN_RN(1.0),N_A,276,AFY,SOI_WRT,TAX_PROV,2018,2017,0,2018-03-31,PT,17.8628
RBI:PRF_LNGNFC_INDUS_ANN_RN(1.0),N_A,50,AFY,AGR_REL_ACT,DEPRC,2019,2018,0,2019-03-31,PT,-2.7449
RBI:PRF_LNGNFC_INDUS_ANN_RN(1.0),N_A,50,AFY,AGR_REL_ACT,EBITDA,2019,2018,0,2019-03-31,PT,-14.7489
RBI:PRF_LNGNFC_INDUS_ANN_RN(1.0),N_A,50,AFY,AGR_REL_ACT,EXPD,2019,2018,0,2019-03-31,PT,6.5847
RBI:PRF_LNGNFC_INDUS_ANN_RN(1.0),N_A,50,AFY,AGR_REL_ACT,GROSS_PFT_EBIT,2019,2018,0,2019-03-31,PT,-17.0909
RBI:PRF_LNGNFC_INDUS_ANN_RN(1.0),N_A,50,AFY,AGR_REL_ACT,INT,2019,2018,0,2019-03-31,PT,34.7918
RBI:PRF_LNGNFC_INDUS_ANN_RN(1.0),N_A,50,AFY,AGR_REL_ACT,NET_PFT,2019,2018,0,2019-03-31,PT,-19.2467
RBI:PRF_LNGNFC_INDUS_ANN_RN(1.0),N_A,50,AFY,AGR_REL_ACT,OPR_PFT,2019,2018,0,2019-03-31,PT,-20.9683
RBI:PRF_LNGNFC_INDUS_ANN_RN(1.0),N_A,50,AFY,AGR_REL_ACT,OTH_INC,2019,2018,0,2019-03-31,PT,-2.6029
RBI:PRF_LNGNFC_INDUS_ANN_RN(1.0),N_A,50,AFY,AGR_REL_ACT,PC_SHARE_SAL,2019,2018,0,2019-03-31,PT,0.29378
RBI:PRF_LNGNFC_INDUS_ANN_RN(1.0),N_A,50,AFY,AGR_REL_ACT,SALES,2019,2018,0,2019-03-31,INR,114860300000
RBI:PRF_LNGNFC_INDUS_ANN_RN(1.0),N_A,50,AFY,AGR_REL_ACT,SALES,2019,2018,0,2019-03-31,PT,1.3787
RBI:PRF_LNGNFC_INDUS_ANN_RN(1.0),N_A,50,AFY,AGR_REL_ACT,TAX_PROV,2019,2018,0,2019-03-31,PT,-37.312
RBI:PRF_LNGNFC_INDUS_ANN_RN(1.0),N_A,35,AFY,AGR_REL_ACT_OTH,DEPRC,2019,2018,0,2019-03-31,PT,2.7557
RBI:PRF_LNGNFC_INDUS_ANN_RN(1.0),N_A,35,AFY,AGR_REL_ACT_OTH,EBITDA,2019,2018,0,2019-03-31,PT,-6.4469
RBI:PRF_LNGNFC_INDUS_ANN_RN(1.0),N_A,35,AFY,AGR_REL_ACT_OTH,EXPD,2019,2018,0,2019-03-31,PT,11.1239
RBI:PRF_LNGNFC_INDUS_ANN_RN(1.0),N_A,35,AFY,AGR_REL_ACT_OTH,GROSS_PFT_EBIT,2019,2018,0,2019-03-31,PT,-7.635
RBI:PRF_LNGNFC_INDUS_ANN_RN(1.0),N_A,35,AFY,AGR_REL_ACT_OTH,INT,2019,2018,0,2019-03-31,PT,-24.0108
RBI:PRF_LNGNFC_INDUS_ANN_RN(1.0),N_A,35,AFY,AGR_REL_ACT_OTH,NET_PFT,2019,2018,0,2019-03-31,PT,-0.7088
RBI:PRF_LNGNFC_INDUS_ANN_RN(1.0),N_A,35,AFY,AGR_REL_ACT_OTH,OPR_PFT,2019,2018,0,2019-03-31,PT,-7.5417
RBI:PRF_LNGNFC_INDUS_ANN_RN(1.0),N_A,35,AFY,AGR_REL_ACT_OTH,OTH_INC,2019,2018,0,2019-03-31,PT,0.8288
RBI:PRF_LNGNFC_INDUS_ANN_RN(1.0),N_A,35,AFY,AGR_REL_ACT_OTH,PC_SHARE_SAL,2019,2018,0,2019-03-31,PT,0.202971
RBI:PRF_LNGNFC_INDUS_ANN_RN(1.0),N_A,35,AFY,AGR_REL_ACT_OTH,SALES,2019,2018,0,2019-03-31,INR,79356300000
RBI:PRF_LNGNFC_INDUS_ANN_RN(1.0),N_A,35,AFY,AGR_REL_ACT_OTH,SALES,2019,2018,0,2019-03-31,PT,5.609
RBI:PRF_LNGNFC_INDUS_ANN_RN(1.0),N_A,35,AFY,AGR_REL_ACT_OTH,TAX_PROV,2019,2018,0,2019-03-31,PT,-12.1861
RBI:PRF_LNGNFC_INDUS_ANN_RN(1.0),N_A,15,AFY,ARA_TCP,DEPRC,2019,2018,0,2019-03-31,PT,-7.5969
RBI:PRF_LNGNFC_INDUS_ANN_RN(1.0),N_A,15,AFY,ARA_TCP,EBITDA,2019,2018,0,2019-03-31,PT,-31.5392
RBI:PRF_LNGNFC_INDUS_ANN_RN(1.0),N_A,15,AFY,ARA_TCP,EXPD,2019,2018,0,2019-03-31,PT,-1.6016
RBI:PRF_LNGNFC_INDUS_ANN_RN(1.0),N_A,15,AFY,ARA_TCP,GROSS_PFT_EBIT,2019,2018,0,2019-03-31,PT,-40.0463
RBI:PRF_LNGNFC_INDUS_ANN_RN(1.0),N_A,15,AFY,ARA_TCP,INT,2019,2018,0,2019-03-31,PT,69.8877
RBI:PRF_LNGNFC_INDUS_ANN_RN(1.0),N_A,15,AFY,ARA_TCP,NET_PFT,2019,2018,0,2019-03-31,PT,-104.5856
RBI:PRF_LNGNFC_INDUS_ANN_RN(1.0),N_A,15,AFY,ARA_TCP,OPR_PFT,2019,2018,0,2019-03-31,PT,-118.9206
RBI:PRF_LNGNFC_INDUS_ANN_RN(1.0),N_A,15,AFY,ARA_TCP,OTH_INC,2019,2018,0,2019-03-31,PT,-3.7988
RBI:PRF_LNGNFC_INDUS_ANN_RN(1.0),N_A,15,AFY,ARA_TCP,PC_SHARE_SAL,2019,2018,0,2019-03-31,PT,0.090809
RBI:PRF_LNGNFC_INDUS_ANN_RN(1.0),N_A,15,AFY,ARA_TCP,SALES,2019,2018,0,2019-03-31,INR,35504000000
RBI:PRF_LNGNFC_INDUS_ANN_RN(1.0),N_A,15,AFY,ARA_TCP,SALES,2019,2018,0,2019-03-31,PT,-6.9521
RBI:PRF_LNGNFC_INDUS_ANN_RN(1.0),N_A,15,AFY,ARA_TCP,TAX_PROV,2019,2018,0,2019-03-31,PT,-134.3765
RBI:PRF_LNGNFC_INDUS_ANN_RN(1.0),N_A,176,AFY,CONSTRN,DEPRC,2019,2018,0,2019-03-31,PT,3.8307
RBI:PRF_LNGNFC_INDUS_ANN_RN(1.0),N_A,176,AFY,CONSTRN,EBITDA,2019,2018,0,2019-03-31,PT,14.2971
RBI:PRF_LNGNFC_INDUS_ANN_RN(1.0),N_A,176,AFY,CONSTRN,EXPD,2019,2018,0,2019-03-31,PT,17.1961
RBI:PRF_LNGNFC_INDUS_ANN_RN(1.0),N_A,176,AFY,CONSTRN,GROSS_PFT_EBIT,2019,2018,0,2019-03-31,PT,16.12
RBI:PRF_LNGNFC_INDUS_ANN_RN(1.0),N_A,176,AFY,CONSTRN,INT,2019,2018,0,2019-03-31,PT,-0.9527
RBI:PRF_LNGNFC_INDUS_ANN_RN(1.0),N_A,176,AFY,CONSTRN,NET_PFT,2019,2018,0,2019-03-31,PT,-13.4207
RBI:PRF_LNGNFC_INDUS_ANN_RN(1.0),N_A,176,AFY,CONSTRN,OPR_PFT,2019,2018,0,2019-03-31,PT,14.9099
RBI:PRF_LNGNFC_INDUS_ANN_RN(1.0),N_A,176,AFY,CONSTRN,OTH_INC,2019,2018,0,2019-03-31,PT,12.4627
RBI:PRF_LNGNFC_INDUS_ANN_RN(1.0),N_A,176,AFY,CONSTRN,PC_SHARE_SAL,2019,2018,0,2019-03-31,PT,5.303515
RBI:PRF_LNGNFC_INDUS_ANN_RN(1.0),N_A,176,AFY,CONSTRN,SALES,2019,2018,0,2019-03-31,INR,2073537500000
RBI:PRF_LNGNFC_INDUS_ANN_RN(1.0),N_A,176,AFY,CONSTRN,SALES,2019,2018,0,2019-03-31,PT,16.7711
RBI:PRF_LNGNFC_INDUS_ANN_RN(1.0),N_A,176,AFY,CONSTRN,TAX_PROV,2019,2018,0,2019-03-31,PT,38.1712
RBI:PRF_LNGNFC_INDUS_ANN_RN(1.0),N_A,29,AFY,ELC_GAS_SPLY,DEPRC,2019,2018,0,2019-03-31,PT,-15.0799
RBI:PRF_LNGNFC_INDUS_ANN_RN(1.0),N_A,29,AFY,ELC_GAS_SPLY,EBITDA,2019,2018,0,2019-03-31,PT,14.2453
RBI:PRF_LNGNFC_INDUS_ANN_RN(1.0),N_A,29,AFY,ELC_GAS_SPLY,EXPD,2019,2018,0,2019-03-31,PT,19.8427
RBI:PRF_LNGNFC_INDUS_ANN_RN(1.0),N_A,29,AFY,ELC_GAS_SPLY,GROSS_PFT_EBIT,2019,2018,0,2019-03-31,PT,22.7449
RBI:PRF_LNGNFC_INDUS_ANN_RN(1.0),N_A,29,AFY,ELC_GAS_SPLY,INT,2019,2018,0,2019-03-31,PT,-10.0279
RBI:PRF_LNGNFC_INDUS_ANN_RN(1.0),N_A,29,AFY,ELC_GAS_SPLY,NET_PFT,2019,2018,0,2019-03-31,PT,-6.3871
RBI:PRF_LNGNFC_INDUS_ANN_RN(1.0),N_A,29,AFY,ELC_GAS_SPLY,OPR_PFT,2019,2018,0,2019-03-31,PT,-53.9459
RBI:PRF_LNGNFC_INDUS_ANN_RN(1.0),N_A,29,AFY,ELC_GAS_SPLY,PC_SHARE_SAL,2019,2018,0,2019-03-31,PT,2.37325
RBI:PRF_LNGNFC_INDUS_ANN_RN(1.0),N_A,29,AFY,ELC_GAS_SPLY,SALES,2019,2018,0,2019-03-31,INR,927879500000
RBI:PRF_LNGNFC_INDUS_ANN_RN(1.0),N_A,29,AFY,ELC_GAS_SPLY,SALES,2019,2018,0,2019-03-31,PT,6.4173
RBI:PRF_LNGNFC_INDUS_ANN_RN(1.0),N_A,29,AFY,ELC_GAS_SPLY,TAX_PROV,2019,2018,0,2019-03-31,PT,-2.8714
RBI:PRF_LNGNFC_INDUS_ANN_RN(1.0),N_A,3151,AFY,INDS_GRP_ALL_COMP,DEPRC,2019,2018,0,2019-03-31,PT,6.941
RBI:PRF_LNGNFC_INDUS_ANN_RN(1.0),N_A,3151,AFY,INDS_GRP_ALL_COMP,EBITDA,2019,2018,0,2019-03-31,PT,12.2794
RBI:PRF_LNGNFC_INDUS_ANN_RN(1.0),N_A,3151,AFY,INDS_GRP_ALL_COMP,EXPD,2019,2018,0,2019-03-31,PT,15.3194
RBI:PRF_LNGNFC_INDUS_ANN_RN(1.0),N_A,3151,AFY,INDS_GRP_ALL_COMP,GROSS_PFT_EBIT,2019,2018,0,2019-03-31,PT,13.6848
RBI:PRF_LNGNFC_INDUS_ANN_RN(1.0),N_A,3151,AFY,INDS_GRP_ALL_COMP,INT,2019,2018,0,2019-03-31,PT,2.0477
RBI:PRF_LNGNFC_INDUS_ANN_RN(1.0),N_A,3151,AFY,INDS_GRP_ALL_COMP,NET_PFT,2019,2018,0,2019-03-31,PT,36.158
RBI:PRF_LNGNFC_INDUS_ANN_RN(1.0),N_A,3151,AFY,INDS_GRP_ALL_COMP,OPR_PFT,2019,2018,0,2019-03-31,PT,10.4592
RBI:PRF_LNGNFC_INDUS_ANN_RN(1.0),N_A,3151,AFY,INDS_GRP_ALL_COMP,OTH_INC,2019,2018,0,2019-03-31,PT,21.0985
RBI:PRF_LNGNFC_INDUS_ANN_RN(1.0),N_A,3151,AFY,INDS_GRP_ALL_COMP,PC_SHARE_SAL,2019,2018,0,2019-03-31,PT,100.0
RBI:PRF_LNGNFC_INDUS_ANN_RN(1.0),N_A,3151,AFY,INDS_GRP_ALL_COMP,SALES,2019,2018,0,2019-03-31,INR,39097419200000
RBI:PRF_LNGNFC_INDUS_ANN_RN(1.0),N_A,3151,AFY,INDS_GRP_ALL_COMP,SALES,2019,2018,0,2019-03-31,PT,13.9524
RBI:PRF_LNGNFC_INDUS_ANN_RN(1.0),N_A,3151,AFY,INDS_GRP_ALL_COMP,TAX_PROV,2019,2018,0,2019-03-31,PT,15.7291
RBI:PRF_LNGNFC_INDUS_ANN_RN(1.0),N_A,202,AFY,IT_CSRS,DEPRC,2019,2018,0,2019-03-31,PT,8.5271
RBI:PRF_LNGNFC_INDUS_ANN_RN(1.0),N_A,202,AFY,IT_CSRS,EBITDA,2019,2018,0,2019-03-31,PT,12.2805
RBI:PRF_LNGNFC_INDUS_ANN_RN(1.0),N_A,202,AFY,IT_CSRS,EXPD,2019,2018,0,2019-03-31,PT,16.9926
RBI:PRF_LNGNFC_INDUS_ANN_RN(1.0),N_A,202,AFY,IT_CSRS,GROSS_PFT_EBIT,2019,2018,0,2019-03-31,PT,12.5861
RBI:PRF_LNGNFC_INDUS_ANN_RN(1.0),N_A,202,AFY,IT_CSRS,INT,2019,2018,0,2019-03-31,PT,34.6104
RBI:PRF_LNGNFC_INDUS_ANN_RN(1.0),N_A,202,AFY,IT_CSRS,NET_PFT,2019,2018,0,2019-03-31,PT,3.6126
RBI:PRF_LNGNFC_INDUS_ANN_RN(1.0),N_A,202,AFY,IT_CSRS,OPR_PFT,2019,2018,0,2019-03-31,PT,13.9942
RBI:PRF_LNGNFC_INDUS_ANN_RN(1.0),N_A,202,AFY,IT_CSRS,OTH_INC,2019,2018,0,2019-03-31,PT,4.7582
RBI:PRF_LNGNFC_INDUS_ANN_RN(1.0),N_A,202,AFY,IT_CSRS,PC_SHARE_SAL,2019,2018,0,2019-03-31,PT,9.381601
RBI:PRF_LNGNFC_INDUS_ANN_RN(1.0),N_A,202,AFY,IT_CSRS,SALES,2019,2018,0,2019-03-31,INR,3667964000000
RBI:PRF_LNGNFC_INDUS_ANN_RN(1.0),N_A,202,AFY,IT_CSRS,SALES,2019,2018,0,2019-03-31,PT,16.166
RBI:PRF_LNGNFC_INDUS_ANN_RN(1.0),N_A,202,AFY,IT_CSRS,TAX_PROV,2019,2018,0,2019-03-31,PT,25.3493
RBI:PRF_LNGNFC_INDUS_ANN_RN(1.0),N_A,37,AFY,MIN_N_QUARY,DEPRC,2019,2018,0,2019-03-31,PT,13.5415
RBI:PRF_LNGNFC_INDUS_ANN_RN(1.0),N_A,37,AFY,MIN_N_QUARY,EBITDA,2019,2018,0,2019-03-31,PT,15.9733
RBI:PRF_LNGNFC_INDUS_ANN_RN(1.0),N_A,37,AFY,MIN_N_QUARY,EXPD,2019,2018,0,2019-03-31,PT,-13.3506
RBI:PRF_LNGNFC_INDUS_ANN_RN(1.0),N_A,37,AFY,MIN_N_QUARY,GROSS_PFT_EBIT,2019,2018,0,2019-03-31,PT,16.9581
RBI:PRF_LNGNFC_INDUS_ANN_RN(1.0),N_A,37,AFY,MIN_N_QUARY,INT,2019,2018,0,2019-03-31,PT,11.3719
RBI:PRF_LNGNFC_INDUS_ANN_RN(1.0),N_A,37,AFY,MIN_N_QUARY,NET_PFT,2019,2018,0,2019-03-31,PT,-27.2729
RBI:PRF_LNGNFC_INDUS_ANN_RN(1.0),N_A,37,AFY,MIN_N_QUARY,OPR_PFT,2019,2018,0,2019-03-31,PT,-4.8787
RBI:PRF_LNGNFC_INDUS_ANN_RN(1.0),N_A,37,AFY,MIN_N_QUARY,OTH_INC,2019,2018,0,2019-03-31,PT,46.5506
RBI:PRF_LNGNFC_INDUS_ANN_RN(1.0),N_A,37,AFY,MIN_N_QUARY,PC_SHARE_SAL,2019,2018,0,2019-03-31,PT,1.191954
RBI:PRF_LNGNFC_INDUS_ANN_RN(1.0),N_A,37,AFY,MIN_N_QUARY,SALES,2019,2018,0,2019-03-31,INR,466023100000
RBI:PRF_LNGNFC_INDUS_ANN_RN(1.0),N_A,37,AFY,MIN_N_QUARY,SALES,2019,2018,0,2019-03-31,PT,-11.4954
RBI:PRF_LNGNFC_INDUS_ANN_RN(1.0),N_A,37,AFY,MIN_N_QUARY,TAX_PROV,2019,2018,0,2019-03-31,PT,1.1045
RBI:PRF_LNGNFC_INDUS_ANN_RN(1.0),N_A,1918,AFY,MNF,DEPRC,2019,2018,0,2019-03-31,PT,6.7703
RBI:PRF_LNGNFC_INDUS_ANN_RN(1.0),N_A,1918,AFY,MNF,EBITDA,2019,2018,0,2019-03-31,PT,15.2278
RBI:PRF_LNGNFC_INDUS_ANN_RN(1.0),N_A,1918,AFY,MNF,EXPD,2019,2018,0,2019-03-31,PT,15.5333
RBI:PRF_LNGNFC_INDUS_ANN_RN(1.0),N_A,1918,AFY,MNF,GROSS_PFT_EBIT,2019,2018,0,2019-03-31,PT,17.4893
RBI:PRF_LNGNFC_INDUS_ANN_RN(1.0),N_A,1918,AFY,MNF,INT,2019,2018,0,2019-03-31,PT,2.7784
RBI:PRF_LNGNFC_INDUS_ANN_RN(1.0),N_A,1918,AFY,MNF,NET_PFT,2019,2018,0,2019-03-31,PT,42.2323
RBI:PRF_LNGNFC_INDUS_ANN_RN(1.0),N_A,1918,AFY,MNF,OPR_PFT,2019,2018,0,2019-03-31,PT,16.3498
RBI:PRF_LNGNFC_INDUS_ANN_RN(1.0),N_A,1918,AFY,MNF,OTH_INC,2019,2018,0,2019-03-31,PT,8.6206
RBI:PRF_LNGNFC_INDUS_ANN_RN(1.0),N_A,1918,AFY,MNF,PC_SHARE_SAL,2019,2018,0,2019-03-31,PT,70.746523
RBI:PRF_LNGNFC_INDUS_ANN_RN(1.0),N_A,1918,AFY,MNF,SALES,2019,2018,0,2019-03-31,INR,27660064600000
RBI:PRF_LNGNFC_INDUS_ANN_RN(1.0),N_A,1918,AFY,MNF,SALES,2019,2018,0,2019-03-31,PT,14.8215
RBI:PRF_LNGNFC_INDUS_ANN_RN(1.0),N_A,1918,AFY,MNF,TAX_PROV,2019,2018,0,2019-03-31,PT,15.8093
RBI:PRF_LNGNFC_INDUS_ANN_RN(1.0),N_A,38,AFY,MNF_CCP,DEPRC,2019,2018,0,2019-03-31,PT,11.9811
RBI:PRF_LNGNFC_INDUS_ANN_RN(1.0),N_A,38,AFY,MNF_CCP,EBITDA,2019,2018,0,2019-03-31,PT,4.9321
RBI:PRF_LNGNFC_INDUS_ANN_RN(1.0),N_A,38,AFY,MNF_CCP,EXPD,2019,2018,0,2019-03-31,PT,15.7626
RBI:PRF_LNGNFC_INDUS_ANN_RN(1.0),N_A,38,AFY,MNF_CCP,GROSS_PFT_EBIT,2019,2018,0,2019-03-31,PT,2.1549
RBI:PRF_LNGNFC_INDUS_ANN_RN(1.0),N_A,38,AFY,MNF_CCP,INT,2019,2018,0,2019-03-31,PT,3.1874
RBI:PRF_LNGNFC_INDUS_ANN_RN(1.0),N_A,38,AFY,MNF_CCP,NET_PFT,2019,2018,0,2019-03-31,PT,10.7343
RBI:PRF_LNGNFC_INDUS_ANN_RN(1.0),N_A,38,AFY,MNF_CCP,OPR_PFT,2019,2018,0,2019-03-31,PT,4.7269
RBI:PRF_LNGNFC_INDUS_ANN_RN(1.0),N_A,38,AFY,MNF_CCP,OTH_INC,2019,2018,0,2019-03-31,PT,6.661
RBI:PRF_LNGNFC_INDUS_ANN_RN(1.0),N_A,38,AFY,MNF_CCP,PC_SHARE_SAL,2019,2018,0,2019-03-31,PT,3.262005
RBI:PRF_LNGNFC_INDUS_ANN_RN(1.0),N_A,38,AFY,MNF_CCP,SALES,2019,2018,0,2019-03-31,INR,1275359600000
RBI:PRF_LNGNFC_INDUS_ANN_RN(1.0),N_A,38,AFY,MNF_CCP,SALES,2019,2018,0,2019-03-31,PT,13.7749
RBI:PRF_LNGNFC_INDUS_ANN_RN(1.0),N_A,38,AFY,MNF_CCP,TAX_PROV,2019,2018,0,2019-03-31,PT,-30.7193
RBI:PRF_LNGNFC_INDUS_ANN_RN(1.0),N_A,62,AFY,MNF_CEE,DEPRC,2019,2018,0,2019-03-31,PT,-6.1773
RBI:PRF_LNGNFC_INDUS_ANN_RN(1.0),N_A,62,AFY,MNF_CEE,EBITDA,2019,2018,0,2019-03-31,PT,7.4671
RBI:PRF_LNGNFC_INDUS_ANN_RN(1.0),N_A,62,AFY,MNF_CEE,EXPD,2019,2018,0,2019-03-31,PT,5.6136
RBI:PRF_LNGNFC_INDUS_ANN_RN(1.0),N_A,62,AFY,MNF_CEE,GROSS_PFT_EBIT,2019,2018,0,2019-03-31,PT,11.8694
RBI:PRF_LNGNFC_INDUS_ANN_RN(1.0),N_A,62,AFY,MNF_CEE,INT,2019,2018,0,2019-03-31,PT,-63.927
RBI:PRF_LNGNFC_INDUS_ANN_RN(1.0),N_A,62,AFY,MNF_CEE,NET_PFT,2019,2018,0,2019-03-31,PT,38.5663
RBI:PRF_LNGNFC_INDUS_ANN_RN(1.0),N_A,62,AFY,MNF_CEE,OPR_PFT,2019,2018,0,2019-03-31,PT,5.6105
RBI:PRF_LNGNFC_INDUS_ANN_RN(1.0),N_A,62,AFY,MNF_CEE,OTH_INC,2019,2018,0,2019-03-31,PT,13.4664
RBI:PRF_LNGNFC_INDUS_ANN_RN(1.0),N_A,62,AFY,MNF_CEE,PC_SHARE_SAL,2019,2018,0,2019-03-31,PT,0.9417
RBI:PRF_LNGNFC_INDUS_ANN_RN(1.0),N_A,62,AFY,MNF_CEE,SALES,2019,2018,0,2019-03-31,INR,368180500000
RBI:PRF_LNGNFC_INDUS_ANN_RN(1.0),N_A,62,AFY,MNF_CEE,SALES,2019,2018,0,2019-03-31,PT,9.3061
RBI:PRF_LNGNFC_INDUS_ANN_RN(1.0),N_A,62,AFY,MNF_CEE,TAX_PROV,2019,2018,0,2019-03-31,PT,4.6468
RBI:PRF_LNGNFC_INDUS_ANN_RN(1.0),N_A,254,AFY,MNF_CHM_PRD,DEPRC,2019,2018,0,2019-03-31,PT,8.2935
RBI:PRF_LNGNFC_INDUS_ANN_RN(1.0),N_A,254,AFY,MNF_CHM_PRD,EBITDA,2019,2018,0,2019-03-31,PT,10.103
RBI:PRF_LNGNFC_INDUS_ANN_RN(1.0),N_A,254,AFY,MNF_CHM_PRD,EXPD,2019,2018,0,2019-03-31,PT,16.9037
RBI:PRF_LNGNFC_INDUS_ANN_RN(1.0),N_A,254,AFY,MNF_CHM_PRD,GROSS_PFT_EBIT,2019,2018,0,2019-03-31,PT,10.3982
RBI:PRF_LNGNFC_INDUS_ANN_RN(1.0),N_A,254,AFY,MNF_CHM_PRD,INT,2019,2018,0,2019-03-31,PT,10.5419
RBI:PRF_LNGNFC_INDUS_ANN_RN(1.0),N_A,254,AFY,MNF_CHM_PRD,NET_PFT,2019,2018,0,2019-03-31,PT,6.4288
RBI:PRF_LNGNFC_INDUS_ANN_RN(1.0),N_A,254,AFY,MNF_CHM_PRD,OPR_PFT,2019,2018,0,2019-03-31,PT,12.9602
RBI:PRF_LNGNFC_INDUS_ANN_RN(1.0),N_A,254,AFY,MNF_CHM_PRD,OTH_INC,2019,2018,0,2019-03-31,PT,-10.4746
RBI:PRF_LNGNFC_INDUS_ANN_RN(1.0),N_A,254,AFY,MNF_CHM_PRD,PC_SHARE_SAL,2019,2018,0,2019-03-31,PT,7.792804
RBI:PRF_LNGNFC_INDUS_ANN_RN(1.0),N_A,254,AFY,MNF_CHM_PRD,SALES,2019,2018,0,2019-03-31,INR,3046785400000
RBI:PRF_LNGNFC_INDUS_ANN_RN(1.0),N_A,254,AFY,MNF_CHM_PRD,SALES,2019,2018,0,2019-03-31,PT,14.6702
RBI:PRF_LNGNFC_INDUS_ANN_RN(1.0),N_A,254,AFY,MNF_CHM_PRD,TAX_PROV,2019,2018,0,2019-03-31,PT,7.6984
RBI:PRF_LNGNFC_INDUS_ANN_RN(1.0),N_A,119,AFY,MNF_CP_BASIC,DEPRC,2019,2018,0,2019-03-31,PT,7.4959
RBI:PRF_LNGNFC_INDUS_ANN_RN(1.0),N_A,119,AFY,MNF_CP_BASIC,EBITDA,2019,2018,0,2019-03-31,PT,14.8917
RBI:PRF_LNGNFC_INDUS_ANN_RN(1.0),N_A,119,AFY,MNF_CP_BASIC,EXPD,2019,2018,0,2019-03-31,PT,19.0458
RBI:PRF_LNGNFC_INDUS_ANN_RN(1.0),N_A,119,AFY,MNF_CP_BASIC,GROSS_PFT_EBIT,2019,2018,0,2019-03-31,PT,16.2579
RBI:PRF_LNGNFC_INDUS_ANN_RN(1.0),N_A,119,AFY,MNF_CP_BASIC,INT,2019,2018,0,2019-03-31,PT,6.8564
RBI:PRF_LNGNFC_INDUS_ANN_RN(1.0),N_A,119,AFY,MNF_CP_BASIC,NET_PFT,2019,2018,0,2019-03-31,PT,12.23
RBI:PRF_LNGNFC_INDUS_ANN_RN(1.0),N_A,119,AFY,MNF_CP_BASIC,OPR_PFT,2019,2018,0,2019-03-31,PT,25.5992
RBI:PRF_LNGNFC_INDUS_ANN_RN(1.0),N_A,119,AFY,MNF_CP_BASIC,OTH_INC,2019,2018,0,2019-03-31,PT,-36.4994
RBI:PRF_LNGNFC_INDUS_ANN_RN(1.0),N_A,119,AFY,MNF_CP_BASIC,PC_SHARE_SAL,2019,2018,0,2019-03-31,PT,1.968866
RBI:PRF_LNGNFC_INDUS_ANN_RN(1.0),N_A,119,AFY,MNF_CP_BASIC,SALES,2019,2018,0,2019-03-31,INR,769775800000
RBI:PRF_LNGNFC_INDUS_ANN_RN(1.0),N_A,119,AFY,MNF_CP_BASIC,SALES,2019,2018,0,2019-03-31,PT,19.1111
RBI:PRF_LNGNFC_INDUS_ANN_RN(1.0),N_A,119,AFY,MNF_CP_BASIC,TAX_PROV,2019,2018,0,2019-03-31,PT,4.0258
RBI:PRF_LNGNFC_INDUS_ANN_RN(1.0),N_A,29,AFY,MNF_CP_FNP,DEPRC,2019,2018,0,2019-03-31,PT,8.142
RBI:PRF_LNGNFC_INDUS_ANN_RN(1.0),N_A,29,AFY,MNF_CP_FNP,EBITDA,2019,2018,0,2019-03-31,PT,0.4252
RBI:PRF_LNGNFC_INDUS_ANN_RN(1.0),N_A,29,AFY,MNF_CP_FNP,EXPD,2019,2018,0,2019-03-31,PT,20.1922
RBI:PRF_LNGNFC_INDUS_ANN_RN(1.0),N_A,29,AFY,MNF_CP_FNP,GROSS_PFT_EBIT,2019,2018,0,2019-03-31,PT,-0.859
RBI:PRF_LNGNFC_INDUS_ANN_RN(1.0),N_A,29,AFY,MNF_CP_FNP,INT,2019,2018,0,2019-03-31,PT,14.634
RBI:PRF_LNGNFC_INDUS_ANN_RN(1.0),N_A,29,AFY,MNF_CP_FNP,NET_PFT,2019,2018,0,2019-03-31,PT,-12.518
RBI:PRF_LNGNFC_INDUS_ANN_RN(1.0),N_A,29,AFY,MNF_CP_FNP,OPR_PFT,2019,2018,0,2019-03-31,PT,-0.0673
RBI:PRF_LNGNFC_INDUS_ANN_RN(1.0),N_A,29,AFY,MNF_CP_FNP,OTH_INC,2019,2018,0,2019-03-31,PT,4.5575
RBI:PRF_LNGNFC_INDUS_ANN_RN(1.0),N_A,29,AFY,MNF_CP_FNP,PC_SHARE_SAL,2019,2018,0,2019-03-31,PT,1.674248
RBI:PRF_LNGNFC_INDUS_ANN_RN(1.0),N_A,29,AFY,MNF_CP_FNP,SALES,2019,2018,0,2019-03-31,INR,654587700000
RBI:PRF_LNGNFC_INDUS_ANN_RN(1.0),N_A,29,AFY,MNF_CP_FNP,SALES,2019,2018,0,2019-03-31,PT,14.3588
RBI:PRF_LNGNFC_INDUS_ANN_RN(1.0),N_A,29,AFY,MNF_CP_FNP,TAX_PROV,2019,2018,0,2019-03-31,PT,-0.6385
RBI:PRF_LNGNFC_INDUS_ANN_RN(1.0),N_A,92,AFY,MNF_CP_OTH,DEPRC,2019,2018,0,2019-03-31,PT,7.0917
RBI:PRF_LNGNFC_INDUS_ANN_RN(1.0),N_A,92,AFY,MNF_CP_OTH,EBITDA,2019,2018,0,2019-03-31,PT,10.4508
RBI:PRF_LNGNFC_INDUS_ANN_RN(1.0),N_A,92,AFY,MNF_CP_OTH,EXPD,2019,2018,0,2019-03-31,PT,13.6571
RBI:PRF_LNGNFC_INDUS_ANN_RN(1.0),N_A,92,AFY,MNF_CP_OTH,GROSS_PFT_EBIT,2019,2018,0,2019-03-31,PT,10.9804
RBI:PRF_LNGNFC_INDUS_ANN_RN(1.0),N_A,92,AFY,MNF_CP_OTH,INT,2019,2018,0,2019-03-31,PT,8.8094
RBI:PRF_LNGNFC_INDUS_ANN_RN(1.0),N_A,92,AFY,MNF_CP_OTH,NET_PFT,2019,2018,0,2019-03-31,PT,9.3655
RBI:PRF_LNGNFC_INDUS_ANN_RN(1.0),N_A,92,AFY,MNF_CP_OTH,OPR_PFT,2019,2018,0,2019-03-31,PT,10.5443
RBI:PRF_LNGNFC_INDUS_ANN_RN(1.0),N_A,92,AFY,MNF_CP_OTH,OTH_INC,2019,2018,0,2019-03-31,PT,9.6395
RBI:PRF_LNGNFC_INDUS_ANN_RN(1.0),N_A,92,AFY,MNF_CP_OTH,PC_SHARE_SAL,2019,2018,0,2019-03-31,PT,3.32818
RBI:PRF_LNGNFC_INDUS_ANN_RN(1.0),N_A,92,AFY,MNF_CP_OTH,SALES,2019,2018,0,2019-03-31,INR,1301232400000
RBI:PRF_LNGNFC_INDUS_ANN_RN(1.0),N_A,92,AFY,MNF_CP_OTH,SALES,2019,2018,0,2019-03-31,PT,12.3728
RBI:PRF_LNGNFC_INDUS_ANN_RN(1.0),N_A,92,AFY,MNF_CP_OTH,TAX_PROV,2019,2018,0,2019-03-31,PT,15.2649
RBI:PRF_LNGNFC_INDUS_ANN_RN(1.0),N_A,14,AFY,MNF_CP_PNV,DEPRC,2019,2018,0,2019-03-31,PT,17.4752
RBI:PRF_LNGNFC_INDUS_ANN_RN(1.0),N_A,14,AFY,MNF_CP_PNV,EBITDA,2019,2018,0,2019-03-31,PT,9.5068
RBI:PRF_LNGNFC_INDUS_ANN_RN(1.0),N_A,14,AFY,MNF_CP_PNV,EXPD,2019,2018,0,2019-03-31,PT,18.2116
RBI:PRF_LNGNFC_INDUS_ANN_RN(1.0),N_A,14,AFY,MNF_CP_PNV,GROSS_PFT_EBIT,2019,2018,0,2019-03-31,PT,8.4971
RBI:PRF_LNGNFC_INDUS_ANN_RN(1.0),N_A,14,AFY,MNF_CP_PNV,INT,2019,2018,0,2019-03-31,PT,30.7817
RBI:PRF_LNGNFC_INDUS_ANN_RN(1.0),N_A,14,AFY,MNF_CP_PNV,NET_PFT,2019,2018,0,2019-03-31,PT,0.5822
RBI:PRF_LNGNFC_INDUS_ANN_RN(1.0),N_A,14,AFY,MNF_CP_PNV,OPR_PFT,2019,2018,0,2019-03-31,PT,10.3356
RBI:PRF_LNGNFC_INDUS_ANN_RN(1.0),N_A,14,AFY,MNF_CP_PNV,OTH_INC,2019,2018,0,2019-03-31,PT,0.8364
RBI:PRF_LNGNFC_INDUS_ANN_RN(1.0),N_A,14,AFY,MNF_CP_PNV,PC_SHARE_SAL,2019,2018,0,2019-03-31,PT,0.821511
RBI:PRF_LNGNFC_INDUS_ANN_RN(1.0),N_A,14,AFY,MNF_CP_PNV,SALES,2019,2018,0,2019-03-31,INR,321189500000
RBI:PRF_LNGNFC_INDUS_ANN_RN(1.0),N_A,14,AFY,MNF_CP_PNV,SALES,2019,2018,0,2019-03-31,PT,14.5578
RBI:PRF_LNGNFC_INDUS_ANN_RN(1.0),N_A,14,AFY,MNF_CP_PNV,TAX_PROV,2019,2018,0,2019-03-31,PT,-4.1194
RBI:PRF_LNGNFC_INDUS_ANN_RN(1.0),N_A,108,AFY,MNF_EMA,DEPRC,2019,2018,0,2019-03-31,PT,6.5577
RBI:PRF_LNGNFC_INDUS_ANN_RN(1.0),N_A,108,AFY,MNF_EMA,EBITDA,2019,2018,0,2019-03-31,PT,6.3033
RBI:PRF_LNGNFC_INDUS_ANN_RN(1.0),N_A,108,AFY,MNF_EMA,EXPD,2019,2018,0,2019-03-31,PT,15.9482
RBI:PRF_LNGNFC_INDUS_ANN_RN(1.0),N_A,108,AFY,MNF_EMA,GROSS_PFT_EBIT,2019,2018,0,2019-03-31,PT,6.2415
RBI:PRF_LNGNFC_INDUS_ANN_RN(1.0),N_A,108,AFY,MNF_EMA,INT,2019,2018,0,2019-03-31,PT,2.5666
RBI:PRF_LNGNFC_INDUS_ANN_RN(1.0),N_A,108,AFY,MNF_EMA,NET_PFT,2019,2018,0,2019-03-31,PT,-122.0567
RBI:PRF_LNGNFC_INDUS_ANN_RN(1.0),N_A,108,AFY,MNF_EMA,OPR_PFT,2019,2018,0,2019-03-31,PT,7.2933
RBI:PRF_LNGNFC_INDUS_ANN_RN(1.0),N_A,108,AFY,MNF_EMA,OTH_INC,2019,2018,0,2019-03-31,PT,1.5002
RBI:PRF_LNGNFC_INDUS_ANN_RN(1.0),N_A,108,AFY,MNF_EMA,PC_SHARE_SAL,2019,2018,0,2019-03-31,PT,3.600153
RBI:PRF_LNGNFC_INDUS_ANN_RN(1.0),N_A,108,AFY,MNF_EMA,SALES,2019,2018,0,2019-03-31,INR,1407567000000
RBI:PRF_LNGNFC_INDUS_ANN_RN(1.0),N_A,108,AFY,MNF_EMA,SALES,2019,2018,0,2019-03-31,PT,14.5159
RBI:PRF_LNGNFC_INDUS_ANN_RN(1.0),N_A,108,AFY,MNF_EMA,TAX_PROV,2019,2018,0,2019-03-31,PT,21.1691
RBI:PRF_LNGNFC_INDUS_ANN_RN(1.0),N_A,42,AFY,MNF_FMP,DEPRC,2019,2018,0,2019-03-31,PT,9.0391
RBI:PRF_LNGNFC_INDUS_ANN_RN(1.0),N_A,42,AFY,MNF_FMP,EBITDA,2019,2018,0,2019-03-31,PT,22.6993
RBI:PRF_LNGNFC_INDUS_ANN_RN(1.0),N_A,42,AFY,MNF_FMP,EXPD,2019,2018,0,2019-03-31,PT,20.7802
RBI:PRF_LNGNFC_INDUS_ANN_RN(1.0),N_A,42,AFY,MNF_FMP,GROSS_PFT_EBIT,2019,2018,0,2019-03-31,PT,27.8483
RBI:PRF_LNGNFC_INDUS_ANN_RN(1.0),N_A,42,AFY,MNF_FMP,INT,2019,2018,0,2019-03-31,PT,-39.1439
RBI:PRF_LNGNFC_INDUS_ANN_RN(1.0),N_A,42,AFY,MNF_FMP,NET_PFT,2019,2018,0,2019-03-31,PT,149.8051
RBI:PRF_LNGNFC_INDUS_ANN_RN(1.0),N_A,42,AFY,MNF_FMP,OPR_PFT,2019,2018,0,2019-03-31,PT,22.5941
RBI:PRF_LNGNFC_INDUS_ANN_RN(1.0),N_A,42,AFY,MNF_FMP,OTH_INC,2019,2018,0,2019-03-31,PT,23.4883
RBI:PRF_LNGNFC_INDUS_ANN_RN(1.0),N_A,42,AFY,MNF_FMP,PC_SHARE_SAL,2019,2018,0,2019-03-31,PT,0.6249
RBI:PRF_LNGNFC_INDUS_ANN_RN(1.0),N_A,42,AFY,MNF_FMP,SALES,2019,2018,0,2019-03-31,INR,244319800000
RBI:PRF_LNGNFC_INDUS_ANN_RN(1.0),N_A,42,AFY,MNF_FMP,SALES,2019,2018,0,2019-03-31,PT,20.124
RBI:PRF_LNGNFC_INDUS_ANN_RN(1.0),N_A,42,AFY,MNF_FMP,TAX_PROV,2019,2018,0,2019-03-31,PT,25.0413
RBI:PRF_LNGNFC_INDUS_ANN_RN(1.0),N_A,185,AFY,MNF_FPB,DEPRC,2019,2018,0,2019-03-31,PT,3.027
RBI:PRF_LNGNFC_INDUS_ANN_RN(1.0),N_A,185,AFY,MNF_FPB,EBITDA,2019,2018,0,2019-03-31,PT,42.31
RBI:PRF_LNGNFC_INDUS_ANN_RN(1.0),N_A,185,AFY,MNF_FPB,EXPD,2019,2018,0,2019-03-31,PT,1.9059
RBI:PRF_LNGNFC_INDUS_ANN_RN(1.0),N_A,185,AFY,MNF_FPB,GROSS_PFT_EBIT,2019,2018,0,2019-03-31,PT,58.7213
RBI:PRF_LNGNFC_INDUS_ANN_RN(1.0),N_A,185,AFY,MNF_FPB,INT,2019,2018,0,2019-03-31,PT,-25.2351
RBI:PRF_LNGNFC_INDUS_ANN_RN(1.0),N_A,185,AFY,MNF_FPB,OPR_PFT,2019,2018,0,2019-03-31,PT,48.9694
RBI:PRF_LNGNFC_INDUS_ANN_RN(1.0),N_A,185,AFY,MNF_FPB,OTH_INC,2019,2018,0,2019-03-31,PT,21.3649
RBI:PRF_LNGNFC_INDUS_ANN_RN(1.0),N_A,185,AFY,MNF_FPB,PC_SHARE_SAL,2019,2018,0,2019-03-31,PT,4.584843
RBI:PRF_LNGNFC_INDUS_ANN_RN(1.0),N_A,185,AFY,MNF_FPB,SALES,2019,2018,0,2019-03-31,INR,1792555300000
RBI:PRF_LNGNFC_INDUS_ANN_RN(1.0),N_A,185,AFY,MNF_FPB,SALES,2019,2018,0,2019-03-31,PT,1.6508
RBI:PRF_LNGNFC_INDUS_ANN_RN(1.0),N_A,185,AFY,MNF_FPB,TAX_PROV,2019,2018,0,2019-03-31,PT,16.9439
RBI:PRF_LNGNFC_INDUS_ANN_RN(1.0),N_A,15,AFY,MNF_FPB_DAIRY_PRD,DEPRC,2019,2018,0,2019-03-31,PT,4.6098
RBI:PRF_LNGNFC_INDUS_ANN_RN(1.0),N_A,15,AFY,MNF_FPB_DAIRY_PRD,EBITDA,2019,2018,0,2019-03-31,PT,-66.4087
RBI:PRF_LNGNFC_INDUS_ANN_RN(1.0),N_A,15,AFY,MNF_FPB_DAIRY_PRD,EXPD,2019,2018,0,2019-03-31,PT,-0.8347
RBI:PRF_LNGNFC_INDUS_ANN_RN(1.0),N_A,15,AFY,MNF_FPB_DAIRY_PRD,GROSS_PFT_EBIT,2019,2018,0,2019-03-31,PT,-83.7038
RBI:PRF_LNGNFC_INDUS_ANN_RN(1.0),N_A,15,AFY,MNF_FPB_DAIRY_PRD,INT,2019,2018,0,2019-03-31,PT,-6.9314
RBI:PRF_LNGNFC_INDUS_ANN_RN(1.0),N_A,15,AFY,MNF_FPB_DAIRY_PRD,OPR_PFT,2019,2018,0,2019-03-31,PT,-73.7753
RBI:PRF_LNGNFC_INDUS_ANN_RN(1.0),N_A,15,AFY,MNF_FPB_DAIRY_PRD,OTH_INC,2019,2018,0,2019-03-31,PT,-31.6636
RBI:PRF_LNGNFC_INDUS_ANN_RN(1.0),N_A,15,AFY,MNF_FPB_DAIRY_PRD,PC_SHARE_SAL,2019,2018,0,2019-03-31,PT,0.635415
RBI:PRF_LNGNFC_INDUS_ANN_RN(1.0),N_A,15,AFY,MNF_FPB_DAIRY_PRD,SALES,2019,2018,0,2019-03-31,INR,248430800000
RBI:PRF_LNGNFC_INDUS_ANN_RN(1.0),N_A,15,AFY,MNF_FPB_DAIRY_PRD,SALES,2019,2018,0,2019-03-31,PT,-8.1189
RBI:PRF_LNGNFC_INDUS_ANN_RN(1.0),N_A,15,AFY,MNF_FPB_DAIRY_PRD,TAX_PROV,2019,2018,0,2019-03-31,PT,11.7209
RBI:PRF_LNGNFC_INDUS_ANN_RN(1.0),N_A,39,AFY,MNF_FPB_EDD_OIL,DEPRC,2019,2018,0,2019-03-31,PT,7.4628
RBI:PRF_LNGNFC_INDUS_ANN_RN(1.0),N_A,39,AFY,MNF_FPB_EDD_OIL,EXPD,2019,2018,0,2019-03-31,PT,-11.6224
RBI:PRF_LNGNFC_INDUS_ANN_RN(1.0),N_A,39,AFY,MNF_FPB_EDD_OIL,INT,2019,2018,0,2019-03-31,PT,-79.8046
RBI:PRF_LNGNFC_INDUS_ANN_RN(1.0),N_A,39,AFY,MNF_FPB_EDD_OIL,OTH_INC,2019,2018,0,2019-03-31,PT,27.8934
RBI:PRF_LNGNFC_INDUS_ANN_RN(1.0),N_A,39,AFY,MNF_FPB_EDD_OIL,PC_SHARE_SAL,2019,2018,0,2019-03-31,PT,0.865353
RBI:PRF_LNGNFC_INDUS_ANN_RN(1.0),N_A,39,AFY,MNF_FPB_EDD_OIL,SALES,2019,2018,0,2019-03-31,INR,338330800000
RBI:PRF_LNGNFC_INDUS_ANN_RN(1.0),N_A,39,AFY,MNF_FPB_EDD_OIL,SALES,2019,2018,0,2019-03-31,PT,3.9187
RBI:PRF_LNGNFC_INDUS_ANN_RN(1.0),N_A,39,AFY,MNF_FPB_EDD_OIL,TAX_PROV,2019,2018,0,2019-03-31,PT,-41.6948
RBI:PRF_LNGNFC_INDUS_ANN_RN(1.0),N_A,32,AFY,MNF_FPB_ESGR,DEPRC,2019,2018,0,2019-03-31,PT,0.4683
RBI:PRF_LNGNFC_INDUS_ANN_RN(1.0),N_A,32,AFY,MNF_FPB_ESGR,EBITDA,2019,2018,0,2019-03-31,PT,46.7087
RBI:PRF_LNGNFC_INDUS_ANN_RN(1.0),N_A,32,AFY,MNF_FPB_ESGR,EXPD,2019,2018,0,2019-03-31,PT,3.6241
RBI:PRF_LNGNFC_INDUS_ANN_RN(1.0),N_A,32,AFY,MNF_FPB_ESGR,GROSS_PFT_EBIT,2019,2018,0,2019-03-31,PT,78.9798
RBI:PRF_LNGNFC_INDUS_ANN_RN(1.0),N_A,32,AFY,MNF_FPB_ESGR,INT,2019,2018,0,2019-03-31,PT,-11.6102
RBI:PRF_LNGNFC_INDUS_ANN_RN(1.0),N_A,32,AFY,MNF_FPB_ESGR,OPR_PFT,2019,2018,0,2019-03-31,PT,42.0299
RBI:PRF_LNGNFC_INDUS_ANN_RN(1.0),N_A,32,AFY,MNF_FPB_ESGR,OTH_INC,2019,2018,0,2019-03-31,PT,61.336
RBI:PRF_LNGNFC_INDUS_ANN_RN(1.0),N_A,32,AFY,MNF_FPB_ESGR,PC_SHARE_SAL,2019,2018,0,2019-03-31,PT,1.062554
RBI:PRF_LNGNFC_INDUS_ANN_RN(1.0),N_A,32,AFY,MNF_FPB_ESGR,SALES,2019,2018,0,2019-03-31,INR,415431000000
RBI:PRF_LNGNFC_INDUS_ANN_RN(1.0),N_A,32,AFY,MNF_FPB_ESGR,SALES,2019,2018,0,2019-03-31,PT,-6.4831
RBI:PRF_LNGNFC_INDUS_ANN_RN(1.0),N_A,32,AFY,MNF_FPB_ESGR,TAX_PROV,2019,2018,0,2019-03-31,PT,61.4841
RBI:PRF_LNGNFC_INDUS_ANN_RN(1.0),N_A,99,AFY,MNF_FPB_OFP,DEPRC,2019,2018,0,2019-03-31,PT,3.3605
RBI:PRF_LNGNFC_INDUS_ANN_RN(1.0),N_A,99,AFY,MNF_FPB_OFP,EBITDA,2019,2018,0,2019-03-31,PT,12.2598
RBI:PRF_LNGNFC_INDUS_ANN_RN(1.0),N_A,99,AFY,MNF_FPB_OFP,EXPD,2019,2018,0,2019-03-31,PT,9.499
RBI:PRF_LNGNFC_INDUS_ANN_RN(1.0),N_A,99,AFY,MNF_FPB_OFP,GROSS_PFT_EBIT,2019,2018,0,2019-03-31,PT,13.8454
RBI:PRF_LNGNFC_INDUS_ANN_RN(1.0),N_A,99,AFY,MNF_FPB_OFP,INT,2019,2018,0,2019-03-31,PT,-15.0483
RBI:PRF_LNGNFC_INDUS_ANN_RN(1.0),N_A,99,AFY,MNF_FPB_OFP,NET_PFT,2019,2018,0,2019-03-31,PT,17.0569
RBI:PRF_LNGNFC_INDUS_ANN_RN(1.0),N_A,99,AFY,MNF_FPB_OFP,OPR_PFT,2019,2018,0,2019-03-31,PT,10.5583
RBI:PRF_LNGNFC_INDUS_ANN_RN(1.0),N_A,99,AFY,MNF_FPB_OFP,OTH_INC,2019,2018,0,2019-03-31,PT,22.3307
RBI:PRF_LNGNFC_INDUS_ANN_RN(1.0),N_A,99,AFY,MNF_FPB_OFP,PC_SHARE_SAL,2019,2018,0,2019-03-31,PT,2.021521
RBI:PRF_LNGNFC_INDUS_ANN_RN(1.0),N_A,99,AFY,MNF_FPB_OFP,SALES,2019,2018,0,2019-03-31,INR,790362700000
RBI:PRF_LNGNFC_INDUS_ANN_RN(1.0),N_A,99,AFY,MNF_FPB_OFP,SALES,2019,2018,0,2019-03-31,PT,9.2781
RBI:PRF_LNGNFC_INDUS_ANN_RN(1.0),N_A,99,AFY,MNF_FPB_OFP,TAX_PROV,2019,2018,0,2019-03-31,PT,21.7215
RBI:PRF_LNGNFC_INDUS_ANN_RN(1.0),N_A,12,AFY,MNF_GGP,DEPRC,2019,2018,0,2019-03-31,PT,6.8246
RBI:PRF_LNGNFC_INDUS_ANN_RN(1.0),N_A,12,AFY,MNF_GGP,EBITDA,2019,2018,0,2019-03-31,PT,9.1205
RBI:PRF_LNGNFC_INDUS_ANN_RN(1.0),N_A,12,AFY,MNF_GGP,EXPD,2019,2018,0,2019-03-31,PT,20.6751
RBI:PRF_LNGNFC_INDUS_ANN_RN(1.0),N_A,12,AFY,MNF_GGP,GROSS_PFT_EBIT,2019,2018,0,2019-03-31,PT,10.2373
RBI:PRF_LNGNFC_INDUS_ANN_RN(1.0),N_A,12,AFY,MNF_GGP,INT,2019,2018,0,2019-03-31,PT,4.3139
RBI:PRF_LNGNFC_INDUS_ANN_RN(1.0),N_A,12,AFY,MNF_GGP,NET_PFT,2019,2018,0,2019-03-31,PT,149.1665
RBI:PRF_LNGNFC_INDUS_ANN_RN(1.0),N_A,12,AFY,MNF_GGP,OPR_PFT,2019,2018,0,2019-03-31,PT,7.6803
RBI:PRF_LNGNFC_INDUS_ANN_RN(1.0),N_A,12,AFY,MNF_GGP,OTH_INC,2019,2018,0,2019-03-31,PT,19.084
RBI:PRF_LNGNFC_INDUS_ANN_RN(1.0),N_A,12,AFY,MNF_GGP,PC_SHARE_SAL,2019,2018,0,2019-03-31,PT,0.181881
RBI:PRF_LNGNFC_INDUS_ANN_RN(1.0),N_A,12,AFY,MNF_GGP,SALES,2019,2018,0,2019-03-31,INR,71110700000
RBI:PRF_LNGNFC_INDUS_ANN_RN(1.0),N_A,12,AFY,MNF_GGP,SALES,2019,2018,0,2019-03-31,PT,15.6732
RBI:PRF_LNGNFC_INDUS_ANN_RN(1.0),N_A,12,AFY,MNF_GGP,TAX_PROV,2019,2018,0,2019-03-31,PT,12.1452
RBI:PRF_LNGNFC_INDUS_ANN_RN(1.0),N_A,151,AFY,MNF_INS,DEPRC,2019,2018,0,2019-03-31,PT,3.3168
RBI:PRF_LNGNFC_INDUS_ANN_RN(1.0),N_A,151,AFY,MNF_INS,EBITDA,2019,2018,0,2019-03-31,PT,33.4575
RBI:PRF_LNGNFC_INDUS_ANN_RN(1.0),N_A,151,AFY,MNF_INS,EXPD,2019,2018,0,2019-03-31,PT,17.8226
RBI:PRF_LNGNFC_INDUS_ANN_RN(1.0),N_A,151,AFY,MNF_INS,GROSS_PFT_EBIT,2019,2018,0,2019-03-31,PT,46.8578
RBI:PRF_LNGNFC_INDUS_ANN_RN(1.0),N_A,151,AFY,MNF_INS,INT,2019,2018,0,2019-03-31,PT,-9.1858
RBI:PRF_LNGNFC_INDUS_ANN_RN(1.0),N_A,151,AFY,MNF_INS,OPR_PFT,2019,2018,0,2019-03-31,PT,32.4727
RBI:PRF_LNGNFC_INDUS_ANN_RN(1.0),N_A,151,AFY,MNF_INS,OTH_INC,2019,2018,0,2019-03-31,PT,46.5638
RBI:PRF_LNGNFC_INDUS_ANN_RN(1.0),N_A,151,AFY,MNF_INS,PC_SHARE_SAL,2019,2018,0,2019-03-31,PT,8.79017
RBI:PRF_LNGNFC_INDUS_ANN_RN(1.0),N_A,151,AFY,MNF_INS,SALES,2019,2018,0,2019-03-31,INR,3436729500000
RBI:PRF_LNGNFC_INDUS_ANN_RN(1.0),N_A,151,AFY,MNF_INS,SALES,2019,2018,0,2019-03-31,PT,18.7485
RBI:PRF_LNGNFC_INDUS_ANN_RN(1.0),N_A,151,AFY,MNF_INS,TAX_PROV,2019,2018,0,2019-03-31,PT,116.4005
RBI:PRF_LNGNFC_INDUS_ANN_RN(1.0),N_A,42,AFY,MNF_JRA,DEPRC,2019,2018,0,2019-03-31,PT,14.3439
RBI:PRF_LNGNFC_INDUS_ANN_RN(1.0),N_A,42,AFY,MNF_JRA,EBITDA,2019,2018,0,2019-03-31,PT,-10.8786
RBI:PRF_LNGNFC_INDUS_ANN_RN(1.0),N_A,42,AFY,MNF_JRA,EXPD,2019,2018,0,2019-03-31,PT,17.6879
RBI:PRF_LNGNFC_INDUS_ANN_RN(1.0),N_A,42,AFY,MNF_JRA,GROSS_PFT_EBIT,2019,2018,0,2019-03-31,PT,-12.0063
RBI:PRF_LNGNFC_INDUS_ANN_RN(1.0),N_A,42,AFY,MNF_JRA,INT,2019,2018,0,2019-03-31,PT,-8.2713
RBI:PRF_LNGNFC_INDUS_ANN_RN(1.0),N_A,42,AFY,MNF_JRA,NET_PFT,2019,2018,0,2019-03-31,PT,-13.8721
RBI:PRF_LNGNFC_INDUS_ANN_RN(1.0),N_A,42,AFY,MNF_JRA,OPR_PFT,2019,2018,0,2019-03-31,PT,-13.7569
RBI:PRF_LNGNFC_INDUS_ANN_RN(1.0),N_A,42,AFY,MNF_JRA,OTH_INC,2019,2018,0,2019-03-31,PT,27.4209
RBI:PRF_LNGNFC_INDUS_ANN_RN(1.0),N_A,42,AFY,MNF_JRA,PC_SHARE_SAL,2019,2018,0,2019-03-31,PT,2.102487
RBI:PRF_LNGNFC_INDUS_ANN_RN(1.0),N_A,42,AFY,MNF_JRA,SALES,2019,2018,0,2019-03-31,INR,822018300000
RBI:PRF_LNGNFC_INDUS_ANN_RN(1.0),N_A,42,AFY,MNF_JRA,SALES,2019,2018,0,2019-03-31,PT,19.2191
RBI:PRF_LNGNFC_INDUS_ANN_RN(1.0),N_A,42,AFY,MNF_JRA,TAX_PROV,2019,2018,0,2019-03-31,PT,-4.7394
RBI:PRF_LNGNFC_INDUS_ANN_RN(1.0),N_A,16,AFY,MNF_LTH,DEPRC,2019,2018,0,2019-03-31,PT,9.0115
RBI:PRF_LNGNFC_INDUS_ANN_RN(1.0),N_A,16,AFY,MNF_LTH,EBITDA,2019,2018,0,2019-03-31,PT,11.4524
RBI:PRF_LNGNFC_INDUS_ANN_RN(1.0),N_A,16,AFY,MNF_LTH,EXPD,2019,2018,0,2019-03-31,PT,16.3467
RBI:PRF_LNGNFC_INDUS_ANN_RN(1.0),N_A,16,AFY,MNF_LTH,GROSS_PFT_EBIT,2019,2018,0,2019-03-31,PT,11.9264
RBI:PRF_LNGNFC_INDUS_ANN_RN(1.0),N_A,16,AFY,MNF_LTH,INT,2019,2018,0,2019-03-31,PT,5.6595
RBI:PRF_LNGNFC_INDUS_ANN_RN(1.0),N_A,16,AFY,MNF_LTH,NET_PFT,2019,2018,0,2019-03-31,PT,14.3516
RBI:PRF_LNGNFC_INDUS_ANN_RN(1.0),N_A,16,AFY,MNF_LTH,OPR_PFT,2019,2018,0,2019-03-31,PT,11.1726
RBI:PRF_LNGNFC_INDUS_ANN_RN(1.0),N_A,16,AFY,MNF_LTH,OTH_INC,2019,2018,0,2019-03-31,PT,14.7517
RBI:PRF_LNGNFC_INDUS_ANN_RN(1.0),N_A,16,AFY,MNF_LTH,PC_SHARE_SAL,2019,2018,0,2019-03-31,PT,0.276496
RBI:PRF_LNGNFC_INDUS_ANN_RN(1.0),N_A,16,AFY,MNF_LTH,SALES,2019,2018,0,2019-03-31,INR,108102800000
RBI:PRF_LNGNFC_INDUS_ANN_RN(1.0),N_A,16,AFY,MNF_LTH,SALES,2019,2018,0,2019-03-31,PT,14.2375
RBI:PRF_LNGNFC_INDUS_ANN_RN(1.0),N_A,16,AFY,MNF_LTH,TAX_PROV,2019,2018,0,2019-03-31,PT,8.6623
RBI:PRF_LNGNFC_INDUS_ANN_RN(1.0),N_A,137,AFY,MNF_MMT,DEPRC,2019,2018,0,2019-03-31,PT,1.0327
RBI:PRF_LNGNFC_INDUS_ANN_RN(1.0),N_A,137,AFY,MNF_MMT,EBITDA,2019,2018,0,2019-03-31,PT,14.2563
RBI:PRF_LNGNFC_INDUS_ANN_RN(1.0),N_A,137,AFY,MNF_MMT,EXPD,2019,2018,0,2019-03-31,PT,17.4853
RBI:PRF_LNGNFC_INDUS_ANN_RN(1.0),N_A,137,AFY,MNF_MMT,GROSS_PFT_EBIT,2019,2018,0,2019-03-31,PT,17.2628
RBI:PRF_LNGNFC_INDUS_ANN_RN(1.0),N_A,137,AFY,MNF_MMT,INT,2019,2018,0,2019-03-31,PT,9.9439
RBI:PRF_LNGNFC_INDUS_ANN_RN(1.0),N_A,137,AFY,MNF_MMT,NET_PFT,2019,2018,0,2019-03-31,PT,15.2274
RBI:PRF_LNGNFC_INDUS_ANN_RN(1.0),N_A,137,AFY,MNF_MMT,OPR_PFT,2019,2018,0,2019-03-31,PT,15.6099
RBI:PRF_LNGNFC_INDUS_ANN_RN(1.0),N_A,137,AFY,MNF_MMT,OTH_INC,2019,2018,0,2019-03-31,PT,8.5535
RBI:PRF_LNGNFC_INDUS_ANN_RN(1.0),N_A,137,AFY,MNF_MMT,PC_SHARE_SAL,2019,2018,0,2019-03-31,PT,1.9947
RBI:PRF_LNGNFC_INDUS_ANN_RN(1.0),N_A,137,AFY,MNF_MMT,SALES,2019,2018,0,2019-03-31,INR,779876300000
RBI:PRF_LNGNFC_INDUS_ANN_RN(1.0),N_A,137,AFY,MNF_MMT,SALES,2019,2018,0,2019-03-31,PT,15.8417
RBI:PRF_LNGNFC_INDUS_ANN_RN(1.0),N_A,137,AFY,MNF_MMT,TAX_PROV,2019,2018,0,2019-03-31,PT,22.474
RBI:PRF_LNGNFC_INDUS_ANN_RN(1.0),N_A,13,AFY,MNF_MMT_MV,DEPRC,2019,2018,0,2019-03-31,PT,7.6577
RBI:PRF_LNGNFC_INDUS_ANN_RN(1.0),N_A,13,AFY,MNF_MMT_MV,EBITDA,2019,2018,0,2019-03-31,PT,8.6288
RBI:PRF_LNGNFC_INDUS_ANN_RN(1.0),N_A,13,AFY,MNF_MMT_MV,EXPD,2019,2018,0,2019-03-31,PT,14.3117
RBI:PRF_LNGNFC_INDUS_ANN_RN(1.0),N_A,13,AFY,MNF_MMT_MV,GROSS_PFT_EBIT,2019,2018,0,2019-03-31,PT,8.8784
RBI:PRF_LNGNFC_INDUS_ANN_RN(1.0),N_A,13,AFY,MNF_MMT_MV,INT,2019,2018,0,2019-03-31,PT,-9.9428
RBI:PRF_LNGNFC_INDUS_ANN_RN(1.0),N_A,13,AFY,MNF_MMT_MV,NET_PFT,2019,2018,0,2019-03-31,PT,18.1009
RBI:PRF_LNGNFC_INDUS_ANN_RN(1.0),N_A,13,AFY,MNF_MMT_MV,OPR_PFT,2019,2018,0,2019-03-31,PT,6.5282
RBI:PRF_LNGNFC_INDUS_ANN_RN(1.0),N_A,13,AFY,MNF_MMT_MV,OTH_INC,2019,2018,0,2019-03-31,PT,18.0346
RBI:PRF_LNGNFC_INDUS_ANN_RN(1.0),N_A,13,AFY,MNF_MMT_MV,PC_SHARE_SAL,2019,2018,0,2019-03-31,PT,8.895661
RBI:PRF_LNGNFC_INDUS_ANN_RN(1.0),N_A,13,AFY,MNF_MMT_MV,SALES,2019,2018,0,2019-03-31,INR,3477974000000
RBI:PRF_LNGNFC_INDUS_ANN_RN(1.0),N_A,13,AFY,MNF_MMT_MV,SALES,2019,2018,0,2019-03-31,PT,11.7962
RBI:PRF_LNGNFC_INDUS_ANN_RN(1.0),N_A,13,AFY,MNF_MMT_MV,TAX_PROV,2019,2018,0,2019-03-31,PT,-0.5662
RBI:PRF_LNGNFC_INDUS_ANN_RN(1.0),N_A,103,AFY,MNF_MMT_OTH,DEPRC,2019,2018,0,2019-03-31,PT,3.4918
RBI:PRF_LNGNFC_INDUS_ANN_RN(1.0),N_A,103,AFY,MNF_MMT_OTH,EBITDA,2019,2018,0,2019-03-31,PT,12.8976
RBI:PRF_LNGNFC_INDUS_ANN_RN(1.0),N_A,103,AFY,MNF_MMT_OTH,EXPD,2019,2018,0,2019-03-31,PT,13.3736
RBI:PRF_LNGNFC_INDUS_ANN_RN(1.0),N_A,103,AFY,MNF_MMT_OTH,GROSS_PFT_EBIT,2019,2018,0,2019-03-31,PT,15.9821
RBI:PRF_LNGNFC_INDUS_ANN_RN(1.0),N_A,103,AFY,MNF_MMT_OTH,INT,2019,2018,0,2019-03-31,PT,-13.4326
RBI:PRF_LNGNFC_INDUS_ANN_RN(1.0),N_A,103,AFY,MNF_MMT_OTH,NET_PFT,2019,2018,0,2019-03-31,PT,59.8514
RBI:PRF_LNGNFC_INDUS_ANN_RN(1.0),N_A,103,AFY,MNF_MMT_OTH,OPR_PFT,2019,2018,0,2019-03-31,PT,12.0792
RBI:PRF_LNGNFC_INDUS_ANN_RN(1.0),N_A,103,AFY,MNF_MMT_OTH,OTH_INC,2019,2018,0,2019-03-31,PT,16.6253
RBI:PRF_LNGNFC_INDUS_ANN_RN(1.0),N_A,103,AFY,MNF_MMT_OTH,PC_SHARE_SAL,2019,2018,0,2019-03-31,PT,11.09044
RBI:PRF_LNGNFC_INDUS_ANN_RN(1.0),N_A,103,AFY,MNF_MMT_OTH,SALES,2019,2018,0,2019-03-31,INR,4336075900000
RBI:PRF_LNGNFC_INDUS_ANN_RN(1.0),N_A,103,AFY,MNF_MMT_OTH,SALES,2019,2018,0,2019-03-31,PT,12.0513
RBI:PRF_LNGNFC_INDUS_ANN_RN(1.0),N_A,103,AFY,MNF_MMT_OTH,TAX_PROV,2019,2018,0,2019-03-31,PT,-3.3778
RBI:PRF_LNGNFC_INDUS_ANN_RN(1.0),N_A,90,AFY,MNF_MMT_PRTS,DEPRC,2019,2018,0,2019-03-31,PT,-7.0042
RBI:PRF_LNGNFC_INDUS_ANN_RN(1.0),N_A,90,AFY,MNF_MMT_PRTS,EBITDA,2019,2018,0,2019-03-31,PT,40.1798
RBI:PRF_LNGNFC_INDUS_ANN_RN(1.0),N_A,90,AFY,MNF_MMT_PRTS,EXPD,2019,2018,0,2019-03-31,PT,9.7898
RBI:PRF_LNGNFC_INDUS_ANN_RN(1.0),N_A,90,AFY,MNF_MMT_PRTS,GROSS_PFT_EBIT,2019,2018,0,2019-03-31,PT,91.0103
RBI:PRF_LNGNFC_INDUS_ANN_RN(1.0),N_A,90,AFY,MNF_MMT_PRTS,INT,2019,2018,0,2019-03-31,PT,-16.2781
RBI:PRF_LNGNFC_INDUS_ANN_RN(1.0),N_A,90,AFY,MNF_MMT_PRTS,OPR_PFT,2019,2018,0,2019-03-31,PT,46.7589
RBI:PRF_LNGNFC_INDUS_ANN_RN(1.0),N_A,90,AFY,MNF_MMT_PRTS,OTH_INC,2019,2018,0,2019-03-31,PT,6.5834
RBI:PRF_LNGNFC_INDUS_ANN_RN(1.0),N_A,90,AFY,MNF_MMT_PRTS,PC_SHARE_SAL,2019,2018,0,2019-03-31,PT,2.194779
RBI:PRF_LNGNFC_INDUS_ANN_RN(1.0),N_A,90,AFY,MNF_MMT_PRTS,SALES,2019,2018,0,2019-03-31,INR,858101900000
RBI:PRF_LNGNFC_INDUS_ANN_RN(1.0),N_A,90,AFY,MNF_MMT_PRTS,SALES,2019,2018,0,2019-03-31,PT,13.0977
RBI:PRF_LNGNFC_INDUS_ANN_RN(1.0),N_A,90,AFY,MNF_MMT_PRTS,TAX_PROV,2019,2018,0,2019-03-31,PT,-16.1587
RBI:PRF_LNGNFC_INDUS_ANN_RN(1.0),N_A,7,AFY,MNF_MPOSE,DEPRC,2019,2018,0,2019-03-31,PT,22.952
RBI:PRF_LNGNFC_INDUS_ANN_RN(1.0),N_A,7,AFY,MNF_MPOSE,EBITDA,2019,2018,0,2019-03-31,PT,16.999
RBI:PRF_LNGNFC_INDUS_ANN_RN(1.0),N_A,7,AFY,MNF_MPOSE,EXPD,2019,2018,0,2019-03-31,PT,13.8542
RBI:PRF_LNGNFC_INDUS_ANN_RN(1.0),N_A,7,AFY,MNF_MPOSE,GROSS_PFT_EBIT,2019,2018,0,2019-03-31,PT,15.0538
RBI:PRF_LNGNFC_INDUS_ANN_RN(1.0),N_A,7,AFY,MNF_MPOSE,INT,2019,2018,0,2019-03-31,PT,14.6897
RBI:PRF_LNGNFC_INDUS_ANN_RN(1.0),N_A,7,AFY,MNF_MPOSE,NET_PFT,2019,2018,0,2019-03-31,PT,13.8279
RBI:PRF_LNGNFC_INDUS_ANN_RN(1.0),N_A,7,AFY,MNF_MPOSE,OPR_PFT,2019,2018,0,2019-03-31,PT,30.3253
RBI:PRF_LNGNFC_INDUS_ANN_RN(1.0),N_A,7,AFY,MNF_MPOSE,OTH_INC,2019,2018,0,2019-03-31,PT,-36.0176
RBI:PRF_LNGNFC_INDUS_ANN_RN(1.0),N_A,7,AFY,MNF_MPOSE,PC_SHARE_SAL,2019,2018,0,2019-03-31,PT,0.020747
RBI:PRF_LNGNFC_INDUS_ANN_RN(1.0),N_A,7,AFY,MNF_MPOSE,SALES,2019,2018,0,2019-03-31,INR,8111400000
RBI:PRF_LNGNFC_INDUS_ANN_RN(1.0),N_A,7,AFY,MNF_MPOSE,SALES,2019,2018,0,2019-03-31,PT,16.9346
RBI:PRF_LNGNFC_INDUS_ANN_RN(1.0),N_A,7,AFY,MNF_MPOSE,TAX_PROV,2019,2018,0,2019-03-31,PT,22.2644
RBI:PRF_LNGNFC_INDUS_ANN_RN(1.0),N_A,56,AFY,MNF_OTH,DEPRC,2019,2018,0,2019-03-31,PT,1.7623
RBI:PRF_LNGNFC_INDUS_ANN_RN(1.0),N_A,56,AFY,MNF_OTH,EBITDA,2019,2018,0,2019-03-31,PT,92.9693
RBI:PRF_LNGNFC_INDUS_ANN_RN(1.0),N_A,56,AFY,MNF_OTH,EXPD,2019,2018,0,2019-03-31,PT,22.2425
RBI:PRF_LNGNFC_INDUS_ANN_RN(1.0),N_A,56,AFY,MNF_OTH,GROSS_PFT_EBIT,2019,2018,0,2019-03-31,PT,107.6252
RBI:PRF_LNGNFC_INDUS_ANN_RN(1.0),N_A,56,AFY,MNF_OTH,INT,2019,2018,0,2019-03-31,PT,4.4517
RBI:PRF_LNGNFC_INDUS_ANN_RN(1.0),N_A,56,AFY,MNF_OTH,NET_PFT,2019,2018,0,2019-03-31,PT,94.4572
RBI:PRF_LNGNFC_INDUS_ANN_RN(1.0),N_A,56,AFY,MNF_OTH,OPR_PFT,2019,2018,0,2019-03-31,PT,94.3402
RBI:PRF_LNGNFC_INDUS_ANN_RN(1.0),N_A,56,AFY,MNF_OTH,OTH_INC,2019,2018,0,2019-03-31,PT,73.3246
RBI:PRF_LNGNFC_INDUS_ANN_RN(1.0),N_A,56,AFY,MNF_OTH,PC_SHARE_SAL,2019,2018,0,2019-03-31,PT,1.028616
RBI:PRF_LNGNFC_INDUS_ANN_RN(1.0),N_A,56,AFY,MNF_OTH,SALES,2019,2018,0,2019-03-31,INR,402162500000
RBI:PRF_LNGNFC_INDUS_ANN_RN(1.0),N_A,56,AFY,MNF_OTH,SALES,2019,2018,0,2019-03-31,PT,32.9534
RBI:PRF_LNGNFC_INDUS_ANN_RN(1.0),N_A,56,AFY,MNF_OTH,TAX_PROV,2019,2018,0,2019-03-31,PT,124.3533
RBI:PRF_LNGNFC_INDUS_ANN_RN(1.0),N_A,17,AFY,MNF_PETR_PRD,DEPRC,2019,2018,0,2019-03-31,PT,10.3192
RBI:PRF_LNGNFC_INDUS_ANN_RN(1.0),N_A,17,AFY,MNF_PETR_PRD,EBITDA,2019,2018,0,2019-03-31,PT,12.7385
RBI:PRF_LNGNFC_INDUS_ANN_RN(1.0),N_A,17,AFY,MNF_PETR_PRD,EXPD,2019,2018,0,2019-03-31,PT,30.2749
RBI:PRF_LNGNFC_INDUS_ANN_RN(1.0),N_A,17,AFY,MNF_PETR_PRD,GROSS_PFT_EBIT,2019,2018,0,2019-03-31,PT,13.189
RBI:PRF_LNGNFC_INDUS_ANN_RN(1.0),N_A,17,AFY,MNF_PETR_PRD,INT,2019,2018,0,2019-03-31,PT,108.1496
RBI:PRF_LNGNFC_INDUS_ANN_RN(1.0),N_A,17,AFY,MNF_PETR_PRD,NET_PFT,2019,2018,0,2019-03-31,PT,4.6805
RBI:PRF_LNGNFC_INDUS_ANN_RN(1.0),N_A,17,AFY,MNF_PETR_PRD,OPR_PFT,2019,2018,0,2019-03-31,PT,12.4635
RBI:PRF_LNGNFC_INDUS_ANN_RN(1.0),N_A,17,AFY,MNF_PETR_PRD,OTH_INC,2019,2018,0,2019-03-31,PT,14.4924
RBI:PRF_LNGNFC_INDUS_ANN_RN(1.0),N_A,17,AFY,MNF_PETR_PRD,PC_SHARE_SAL,2019,2018,0,2019-03-31,PT,9.841271
RBI:PRF_LNGNFC_INDUS_ANN_RN(1.0),N_A,17,AFY,MNF_PETR_PRD,SALES,2019,2018,0,2019-03-31,INR,3847683100000
RBI:PRF_LNGNFC_INDUS_ANN_RN(1.0),N_A,17,AFY,MNF_PETR_PRD,SALES,2019,2018,0,2019-03-31,PT,27.4485
RBI:PRF_LNGNFC_INDUS_ANN_RN(1.0),N_A,17,AFY,MNF_PETR_PRD,TAX_PROV,2019,2018,0,2019-03-31,PT,5.7111
RBI:PRF_LNGNFC_INDUS_ANN_RN(1.0),N_A,155,AFY,MNF_PM,DEPRC,2019,2018,0,2019-03-31,PT,13.0242
RBI:PRF_LNGNFC_INDUS_ANN_RN(1.0),N_A,155,AFY,MNF_PM,EBITDA,2019,2018,0,2019-03-31,PT,13.6309
RBI:PRF_LNGNFC_INDUS_ANN_RN(1.0),N_A,155,AFY,MNF_PM,EXPD,2019,2018,0,2019-03-31,PT,12.3299
RBI:PRF_LNGNFC_INDUS_ANN_RN(1.0),N_A,155,AFY,MNF_PM,GROSS_PFT_EBIT,2019,2018,0,2019-03-31,PT,13.7649
RBI:PRF_LNGNFC_INDUS_ANN_RN(1.0),N_A,155,AFY,MNF_PM,INT,2019,2018,0,2019-03-31,PT,20.7375
RBI:PRF_LNGNFC_INDUS_ANN_RN(1.0),N_A,155,AFY,MNF_PM,NET_PFT,2019,2018,0,2019-03-31,PT,3.1579
RBI:PRF_LNGNFC_INDUS_ANN_RN(1.0),N_A,155,AFY,MNF_PM,OPR_PFT,2019,2018,0,2019-03-31,PT,22.7932
RBI:PRF_LNGNFC_INDUS_ANN_RN(1.0),N_A,155,AFY,MNF_PM,OTH_INC,2019,2018,0,2019-03-31,PT,-14.7675
RBI:PRF_LNGNFC_INDUS_ANN_RN(1.0),N_A,155,AFY,MNF_PM,PC_SHARE_SAL,2019,2018,0,2019-03-31,PT,4.134049
RBI:PRF_LNGNFC_INDUS_ANN_RN(1.0),N_A,155,AFY,MNF_PM,SALES,2019,2018,0,2019-03-31,INR,1616306500000
RBI:PRF_LNGNFC_INDUS_ANN_RN(1.0),N_A,155,AFY,MNF_PM,SALES,2019,2018,0,2019-03-31,PT,14.4724
RBI:PRF_LNGNFC_INDUS_ANN_RN(1.0),N_A,155,AFY,MNF_PM,TAX_PROV,2019,2018,0,2019-03-31,PT,23.4834
RBI:PRF_LNGNFC_INDUS_ANN_RN(1.0),N_A,33,AFY,MNF_PNFFM,DEPRC,2019,2018,0,2019-03-31,PT,15.3164
RBI:PRF_LNGNFC_INDUS_ANN_RN(1.0),N_A,33,AFY,MNF_PNFFM,EBITDA,2019,2018,0,2019-03-31,PT,-10.7219
RBI:PRF_LNGNFC_INDUS_ANN_RN(1.0),N_A,33,AFY,MNF_PNFFM,EXPD,2019,2018,0,2019-03-31,PT,9.5901
RBI:PRF_LNGNFC_INDUS_ANN_RN(1.0),N_A,33,AFY,MNF_PNFFM,GROSS_PFT_EBIT,2019,2018,0,2019-03-31,PT,-15.6008
RBI:PRF_LNGNFC_INDUS_ANN_RN(1.0),N_A,33,AFY,MNF_PNFFM,INT,2019,2018,0,2019-03-31,PT,-13.7741
RBI:PRF_LNGNFC_INDUS_ANN_RN(1.0),N_A,33,AFY,MNF_PNFFM,NET_PFT,2019,2018,0,2019-03-31,PT,-14.1378
RBI:PRF_LNGNFC_INDUS_ANN_RN(1.0),N_A,33,AFY,MNF_PNFFM,OPR_PFT,2019,2018,0,2019-03-31,PT,-12.7959
RBI:PRF_LNGNFC_INDUS_ANN_RN(1.0),N_A,33,AFY,MNF_PNFFM,OTH_INC,2019,2018,0,2019-03-31,PT,2.5044
RBI:PRF_LNGNFC_INDUS_ANN_RN(1.0),N_A,33,AFY,MNF_PNFFM,PC_SHARE_SAL,2019,2018,0,2019-03-31,PT,1.977874
RBI:PRF_LNGNFC_INDUS_ANN_RN(1.0),N_A,33,AFY,MNF_PNFFM,SALES,2019,2018,0,2019-03-31,INR,773297700000
RBI:PRF_LNGNFC_INDUS_ANN_RN(1.0),N_A,33,AFY,MNF_PNFFM,SALES,2019,2018,0,2019-03-31,PT,3.4652
RBI:PRF_LNGNFC_INDUS_ANN_RN(1.0),N_A,33,AFY,MNF_PNFFM,TAX_PROV,2019,2018,0,2019-03-31,PT,-15.3404
RBI:PRF_LNGNFC_INDUS_ANN_RN(1.0),N_A,49,AFY,MNF_PNPD,DEPRC,2019,2018,0,2019-03-31,PT,10.9453
RBI:PRF_LNGNFC_INDUS_ANN_RN(1.0),N_A,49,AFY,MNF_PNPD,EBITDA,2019,2018,0,2019-03-31,PT,40.1866
RBI:PRF_LNGNFC_INDUS_ANN_RN(1.0),N_A,49,AFY,MNF_PNPD,EXPD,2019,2018,0,2019-03-31,PT,12.163
RBI:PRF_LNGNFC_INDUS_ANN_RN(1.0),N_A,49,AFY,MNF_PNPD,GROSS_PFT_EBIT,2019,2018,0,2019-03-31,PT,52.6865
RBI:PRF_LNGNFC_INDUS_ANN_RN(1.0),N_A,49,AFY,MNF_PNPD,INT,2019,2018,0,2019-03-31,PT,-0.0814
RBI:PRF_LNGNFC_INDUS_ANN_RN(1.0),N_A,49,AFY,MNF_PNPD,NET_PFT,2019,2018,0,2019-03-31,PT,43.2282
RBI:PRF_LNGNFC_INDUS_ANN_RN(1.0),N_A,49,AFY,MNF_PNPD,OPR_PFT,2019,2018,0,2019-03-31,PT,42.2785
RBI:PRF_LNGNFC_INDUS_ANN_RN(1.0),N_A,49,AFY,MNF_PNPD,OTH_INC,2019,2018,0,2019-03-31,PT,19.8356
RBI:PRF_LNGNFC_INDUS_ANN_RN(1.0),N_A,49,AFY,MNF_PNPD,PC_SHARE_SAL,2019,2018,0,2019-03-31,PT,0.680084
RBI:PRF_LNGNFC_INDUS_ANN_RN(1.0),N_A,49,AFY,MNF_PNPD,SALES,2019,2018,0,2019-03-31,INR,265895400000
RBI:PRF_LNGNFC_INDUS_ANN_RN(1.0),N_A,49,AFY,MNF_PNPD,SALES,2019,2018,0,2019-03-31,PT,14.3758
RBI:PRF_LNGNFC_INDUS_ANN_RN(1.0),N_A,49,AFY,MNF_PNPD,TAX_PROV,2019,2018,0,2019-03-31,PT,133.0964
RBI:PRF_LNGNFC_INDUS_ANN_RN(1.0),N_A,111,AFY,MNF_PP,DEPRC,2019,2018,0,2019-03-31,PT,4.498
RBI:PRF_LNGNFC_INDUS_ANN_RN(1.0),N_A,111,AFY,MNF_PP,EBITDA,2019,2018,0,2019-03-31,PT,13.4455
RBI:PRF_LNGNFC_INDUS_ANN_RN(1.0),N_A,111,AFY,MNF_PP,EXPD,2019,2018,0,2019-03-31,PT,12.4286
RBI:PRF_LNGNFC_INDUS_ANN_RN(1.0),N_A,111,AFY,MNF_PP,GROSS_PFT_EBIT,2019,2018,0,2019-03-31,PT,16.8013
RBI:PRF_LNGNFC_INDUS_ANN_RN(1.0),N_A,111,AFY,MNF_PP,INT,2019,2018,0,2019-03-31,PT,4.3692
RBI:PRF_LNGNFC_INDUS_ANN_RN(1.0),N_A,111,AFY,MNF_PP,NET_PFT,2019,2018,0,2019-03-31,PT,-9.7714
RBI:PRF_LNGNFC_INDUS_ANN_RN(1.0),N_A,111,AFY,MNF_PP,OPR_PFT,2019,2018,0,2019-03-31,PT,11.8418
RBI:PRF_LNGNFC_INDUS_ANN_RN(1.0),N_A,111,AFY,MNF_PP,OTH_INC,2019,2018,0,2019-03-31,PT,26.2612
RBI:PRF_LNGNFC_INDUS_ANN_RN(1.0),N_A,111,AFY,MNF_PP,PC_SHARE_SAL,2019,2018,0,2019-03-31,PT,1.208276
RBI:PRF_LNGNFC_INDUS_ANN_RN(1.0),N_A,111,AFY,MNF_PP,SALES,2019,2018,0,2019-03-31,INR,472404700000
RBI:PRF_LNGNFC_INDUS_ANN_RN(1.0),N_A,111,AFY,MNF_PP,SALES,2019,2018,0,2019-03-31,PT,11.9049
RBI:PRF_LNGNFC_INDUS_ANN_RN(1.0),N_A,111,AFY,MNF_PP,TAX_PROV,2019,2018,0,2019-03-31,PT,27.8203
RBI:PRF_LNGNFC_INDUS_ANN_RN(1.0),N_A,26,AFY,MNF_RRP,DEPRC,2019,2018,0,2019-03-31,PT,12.6885
RBI:PRF_LNGNFC_INDUS_ANN_RN(1.0),N_A,26,AFY,MNF_RRP,EBITDA,2019,2018,0,2019-03-31,PT,10.6
RBI:PRF_LNGNFC_INDUS_ANN_RN(1.0),N_A,26,AFY,MNF_RRP,EXPD,2019,2018,0,2019-03-31,PT,15.7688
RBI:PRF_LNGNFC_INDUS_ANN_RN(1.0),N_A,26,AFY,MNF_RRP,GROSS_PFT_EBIT,2019,2018,0,2019-03-31,PT,9.8378
RBI:PRF_LNGNFC_INDUS_ANN_RN(1.0),N_A,26,AFY,MNF_RRP,INT,2019,2018,0,2019-03-31,PT,2.986
RBI:PRF_LNGNFC_INDUS_ANN_RN(1.0),N_A,26,AFY,MNF_RRP,NET_PFT,2019,2018,0,2019-03-31,PT,12.8928
RBI:PRF_LNGNFC_INDUS_ANN_RN(1.0),N_A,26,AFY,MNF_RRP,OPR_PFT,2019,2018,0,2019-03-31,PT,14.6639
RBI:PRF_LNGNFC_INDUS_ANN_RN(1.0),N_A,26,AFY,MNF_RRP,OTH_INC,2019,2018,0,2019-03-31,PT,-10.7866
RBI:PRF_LNGNFC_INDUS_ANN_RN(1.0),N_A,26,AFY,MNF_RRP,PC_SHARE_SAL,2019,2018,0,2019-03-31,PT,1.483901
RBI:PRF_LNGNFC_INDUS_ANN_RN(1.0),N_A,26,AFY,MNF_RRP,SALES,2019,2018,0,2019-03-31,INR,580167100000
RBI:PRF_LNGNFC_INDUS_ANN_RN(1.0),N_A,26,AFY,MNF_RRP,SALES,2019,2018,0,2019-03-31,PT,12.8388
RBI:PRF_LNGNFC_INDUS_ANN_RN(1.0),N_A,26,AFY,MNF_RRP,TAX_PROV,2019,2018,0,2019-03-31,PT,-4.235
RBI:PRF_LNGNFC_INDUS_ANN_RN(1.0),N_A,7,AFY,MNF_TBC_PRD,DEPRC,2019,2018,0,2019-03-31,PT,13.1717
RBI:PRF_LNGNFC_INDUS_ANN_RN(1.0),N_A,7,AFY,MNF_TBC_PRD,EBITDA,2019,2018,0,2019-03-31,PT,12.8505
RBI:PRF_LNGNFC_INDUS_ANN_RN(1.0),N_A,7,AFY,MNF_TBC_PRD,EXPD,2019,2018,0,2019-03-31,PT,15.2042
RBI:PRF_LNGNFC_INDUS_ANN_RN(1.0),N_A,7,AFY,MNF_TBC_PRD,GROSS_PFT_EBIT,2019,2018,0,2019-03-31,PT,12.8263
RBI:PRF_LNGNFC_INDUS_ANN_RN(1.0),N_A,7,AFY,MNF_TBC_PRD,INT,2019,2018,0,2019-03-31,PT,-52.443
RBI:PRF_LNGNFC_INDUS_ANN_RN(1.0),N_A,7,AFY,MNF_TBC_PRD,NET_PFT,2019,2018,0,2019-03-31,PT,12.1424
RBI:PRF_LNGNFC_INDUS_ANN_RN(1.0),N_A,7,AFY,MNF_TBC_PRD,OPR_PFT,2019,2018,0,2019-03-31,PT,12.2022
RBI:PRF_LNGNFC_INDUS_ANN_RN(1.0),N_A,7,AFY,MNF_TBC_PRD,OTH_INC,2019,2018,0,2019-03-31,PT,17.5522
RBI:PRF_LNGNFC_INDUS_ANN_RN(1.0),N_A,7,AFY,MNF_TBC_PRD,PC_SHARE_SAL,2019,2018,0,2019-03-31,PT,1.24983
RBI:PRF_LNGNFC_INDUS_ANN_RN(1.0),N_A,7,AFY,MNF_TBC_PRD,SALES,2019,2018,0,2019-03-31,INR,488651200000
RBI:PRF_LNGNFC_INDUS_ANN_RN(1.0),N_A,7,AFY,MNF_TBC_PRD,SALES,2019,2018,0,2019-03-31,PT,10.5384
RBI:PRF_LNGNFC_INDUS_ANN_RN(1.0),N_A,7,AFY,MNF_TBC_PRD,TAX_PROV,2019,2018,0,2019-03-31,PT,5.6323
RBI:PRF_LNGNFC_INDUS_ANN_RN(1.0),N_A,287,AFY,MNF_TXT,DEPRC,2019,2018,0,2019-03-31,PT,2.4878
RBI:PRF_LNGNFC_INDUS_ANN_RN(1.0),N_A,287,AFY,MNF_TXT,EBITDA,2019,2018,0,2019-03-31,PT,6.6383
RBI:PRF_LNGNFC_INDUS_ANN_RN(1.0),N_A,287,AFY,MNF_TXT,EXPD,2019,2018,0,2019-03-31,PT,7.2218
RBI:PRF_LNGNFC_INDUS_ANN_RN(1.0),N_A,287,AFY,MNF_TXT,GROSS_PFT_EBIT,2019,2018,0,2019-03-31,PT,8.8467
RBI:PRF_LNGNFC_INDUS_ANN_RN(1.0),N_A,287,AFY,MNF_TXT,INT,2019,2018,0,2019-03-31,PT,2.4837
RBI:PRF_LNGNFC_INDUS_ANN_RN(1.0),N_A,287,AFY,MNF_TXT,NET_PFT,2019,2018,0,2019-03-31,PT,66.0172
RBI:PRF_LNGNFC_INDUS_ANN_RN(1.0),N_A,287,AFY,MNF_TXT,OPR_PFT,2019,2018,0,2019-03-31,PT,6.8866
RBI:PRF_LNGNFC_INDUS_ANN_RN(1.0),N_A,287,AFY,MNF_TXT,OTH_INC,2019,2018,0,2019-03-31,PT,5.2854
RBI:PRF_LNGNFC_INDUS_ANN_RN(1.0),N_A,287,AFY,MNF_TXT,PC_SHARE_SAL,2019,2018,0,2019-03-31,PT,3.680757
RBI:PRF_LNGNFC_INDUS_ANN_RN(1.0),N_A,287,AFY,MNF_TXT,SALES,2019,2018,0,2019-03-31,INR,1439081000000
RBI:PRF_LNGNFC_INDUS_ANN_RN(1.0),N_A,287,AFY,MNF_TXT,SALES,2019,2018,0,2019-03-31,PT,8.3409
RBI:PRF_LNGNFC_INDUS_ANN_RN(1.0),N_A,287,AFY,MNF_TXT,TAX_PROV,2019,2018,0,2019-03-31,PT,-0.0454
RBI:PRF_LNGNFC_INDUS_ANN_RN(1.0),N_A,20,AFY,MNF_WOOD_PRD,DEPRC,2019,2018,0,2019-03-31,PT,0.9526
RBI:PRF_LNGNFC_INDUS_ANN_RN(1.0),N_A,20,AFY,MNF_WOOD_PRD,EBITDA,2019,2018,0,2019-03-31,PT,1.6811
RBI:PRF_LNGNFC_INDUS_ANN_RN(1.0),N_A,20,AFY,MNF_WOOD_PRD,EXPD,2019,2018,0,2019-03-31,PT,13.9819
RBI:PRF_LNGNFC_INDUS_ANN_RN(1.0),N_A,20,AFY,MNF_WOOD_PRD,GROSS_PFT_EBIT,2019,2018,0,2019-03-31,PT,1.8859
RBI:PRF_LNGNFC_INDUS_ANN_RN(1.0),N_A,20,AFY,MNF_WOOD_PRD,INT,2019,2018,0,2019-03-31,PT,50.0122
RBI:PRF_LNGNFC_INDUS_ANN_RN(1.0),N_A,20,AFY,MNF_WOOD_PRD,NET_PFT,2019,2018,0,2019-03-31,PT,-4.9731
RBI:PRF_LNGNFC_INDUS_ANN_RN(1.0),N_A,20,AFY,MNF_WOOD_PRD,OPR_PFT,2019,2018,0,2019-03-31,PT,-4.3379
RBI:PRF_LNGNFC_INDUS_ANN_RN(1.0),N_A,20,AFY,MNF_WOOD_PRD,OTH_INC,2019,2018,0,2019-03-31,PT,123.3372
RBI:PRF_LNGNFC_INDUS_ANN_RN(1.0),N_A,20,AFY,MNF_WOOD_PRD,PC_SHARE_SAL,2019,2018,0,2019-03-31,PT,0.198537
RBI:PRF_LNGNFC_INDUS_ANN_RN(1.0),N_A,20,AFY,MNF_WOOD_PRD,SALES,2019,2018,0,2019-03-31,INR,77622900000
RBI:PRF_LNGNFC_INDUS_ANN_RN(1.0),N_A,20,AFY,MNF_WOOD_PRD,SALES,2019,2018,0,2019-03-31,PT,12.0688
RBI:PRF_LNGNFC_INDUS_ANN_RN(1.0),N_A,20,AFY,MNF_WOOD_PRD,TAX_PROV,2019,2018,0,2019-03-31,PT,-13.2506
RBI:PRF_LNGNFC_INDUS_ANN_RN(1.0),N_A,628,AFY,SERV_OTH_IT,DEPRC,2019,2018,0,2019-03-31,PT,10.392
RBI:PRF_LNGNFC_INDUS_ANN_RN(1.0),N_A,628,AFY,SERV_OTH_IT,EBITDA,2019,2018,0,2019-03-31,PT,-8.6211
RBI:PRF_LNGNFC_INDUS_ANN_RN(1.0),N_A,628,AFY,SERV_OTH_IT,EXPD,2019,2018,0,2019-03-31,PT,16.0861
RBI:PRF_LNGNFC_INDUS_ANN_RN(1.0),N_A,628,AFY,SERV_OTH_IT,GROSS_PFT_EBIT,2019,2018,0,2019-03-31,PT,-22.8401
RBI:PRF_LNGNFC_INDUS_ANN_RN(1.0),N_A,628,AFY,SERV_OTH_IT,INT,2019,2018,0,2019-03-31,PT,3.0037
RBI:PRF_LNGNFC_INDUS_ANN_RN(1.0),N_A,628,AFY,SERV_OTH_IT,OPR_PFT,2019,2018,0,2019-03-31,PT,-12.8194
RBI:PRF_LNGNFC_INDUS_ANN_RN(1.0),N_A,628,AFY,SERV_OTH_IT,OTH_INC,2019,2018,0,2019-03-31,PT,11.915
RBI:PRF_LNGNFC_INDUS_ANN_RN(1.0),N_A,628,AFY,SERV_OTH_IT,PC_SHARE_SAL,2019,2018,0,2019-03-31,PT,9.183183
RBI:PRF_LNGNFC_INDUS_ANN_RN(1.0),N_A,628,AFY,SERV_OTH_IT,SALES,2019,2018,0,2019-03-31,INR,3590387700000
RBI:PRF_LNGNFC_INDUS_ANN_RN(1.0),N_A,628,AFY,SERV_OTH_IT,SALES,2019,2018,0,2019-03-31,PT,11.3278
RBI:PRF_LNGNFC_INDUS_ANN_RN(1.0),N_A,628,AFY,SERV_OTH_IT,TAX_PROV,2019,2018,0,2019-03-31,PT,-1.8758
RBI:PRF_LNGNFC_INDUS_ANN_RN(1.0),N_A,34,AFY,SOI_BSS,DEPRC,2019,2018,0,2019-03-31,PT,-14.6746
RBI:PRF_LNGNFC_INDUS_ANN_RN(1.0),N_A,34,AFY,SOI_BSS,EBITDA,2019,2018,0,2019-03-31,PT,-5.4529
RBI:PRF_LNGNFC_INDUS_ANN_RN(1.0),N_A,34,AFY,SOI_BSS,EXPD,2019,2018,0,2019-03-31,PT,0.8977
RBI:PRF_LNGNFC_INDUS_ANN_RN(1.0),N_A,34,AFY,SOI_BSS,GROSS_PFT_EBIT,2019,2018,0,2019-03-31,PT,0.5958
RBI:PRF_LNGNFC_INDUS_ANN_RN(1.0),N_A,34,AFY,SOI_BSS,INT,2019,2018,0,2019-03-31,PT,23.4341
RBI:PRF_LNGNFC_INDUS_ANN_RN(1.0),N_A,34,AFY,SOI_BSS,NET_PFT,2019,2018,0,2019-03-31,PT,-52.1248
RBI:PRF_LNGNFC_INDUS_ANN_RN(1.0),N_A,34,AFY,SOI_BSS,OPR_PFT,2019,2018,0,2019-03-31,PT,-9.6984
RBI:PRF_LNGNFC_INDUS_ANN_RN(1.0),N_A,34,AFY,SOI_BSS,OTH_INC,2019,2018,0,2019-03-31,PT,13.1786
RBI:PRF_LNGNFC_INDUS_ANN_RN(1.0),N_A,34,AFY,SOI_BSS,PC_SHARE_SAL,2019,2018,0,2019-03-31,PT,0.08196
RBI:PRF_LNGNFC_INDUS_ANN_RN(1.0),N_A,34,AFY,SOI_BSS,SALES,2019,2018,0,2019-03-31,INR,32044400000
RBI:PRF_LNGNFC_INDUS_ANN_RN(1.0),N_A,34,AFY,SOI_BSS,SALES,2019,2018,0,2019-03-31,PT,-0.186
RBI:PRF_LNGNFC_INDUS_ANN_RN(1.0),N_A,34,AFY,SOI_BSS,TAX_PROV,2019,2018,0,2019-03-31,PT,-11.3285
RBI:PRF_LNGNFC_INDUS_ANN_RN(1.0),N_A,49,AFY,SOI_HNR,DEPRC,2019,2018,0,2019-03-31,PT,1.289
RBI:PRF_LNGNFC_INDUS_ANN_RN(1.0),N_A,49,AFY,SOI_HNR,EBITDA,2019,2018,0,2019-03-31,PT,-3.4603
RBI:PRF_LNGNFC_INDUS_ANN_RN(1.0),N_A,49,AFY,SOI_HNR,EXPD,2019,2018,0,2019-03-31,PT,6.9256
RBI:PRF_LNGNFC_INDUS_ANN_RN(1.0),N_A,49,AFY,SOI_HNR,GROSS_PFT_EBIT,2019,2018,0,2019-03-31,PT,-5.2184
RBI:PRF_LNGNFC_INDUS_ANN_RN(1.0),N_A,49,AFY,SOI_HNR,INT,2019,2018,0,2019-03-31,PT,22.5111
RBI:PRF_LNGNFC_INDUS_ANN_RN(1.0),N_A,49,AFY,SOI_HNR,NET_PFT,2019,2018,0,2019-03-31,PT,138.2109
RBI:PRF_LNGNFC_INDUS_ANN_RN(1.0),N_A,49,AFY,SOI_HNR,OPR_PFT,2019,2018,0,2019-03-31,PT,-8.174
RBI:PRF_LNGNFC_INDUS_ANN_RN(1.0),N_A,49,AFY,SOI_HNR,OTH_INC,2019,2018,0,2019-03-31,PT,20.4436
RBI:PRF_LNGNFC_INDUS_ANN_RN(1.0),N_A,49,AFY,SOI_HNR,PC_SHARE_SAL,2019,2018,0,2019-03-31,PT,0.237259
RBI:PRF_LNGNFC_INDUS_ANN_RN(1.0),N_A,49,AFY,SOI_HNR,SALES,2019,2018,0,2019-03-31,INR,92762000000
RBI:PRF_LNGNFC_INDUS_ANN_RN(1.0),N_A,49,AFY,SOI_HNR,SALES,2019,2018,0,2019-03-31,PT,3.7884
RBI:PRF_LNGNFC_INDUS_ANN_RN(1.0),N_A,49,AFY,SOI_HNR,TAX_PROV,2019,2018,0,2019-03-31,PT,11.34
RBI:PRF_LNGNFC_INDUS_ANN_RN(1.0),N_A,24,AFY,SOI_HS,DEPRC,2019,2018,0,2019-03-31,PT,9.746
RBI:PRF_LNGNFC_INDUS_ANN_RN(1.0),N_A,24,AFY,SOI_HS,EBITDA,2019,2018,0,2019-03-31,PT,37.2792
RBI:PRF_LNGNFC_INDUS_ANN_RN(1.0),N_A,24,AFY,SOI_HS,EXPD,2019,2018,0,2019-03-31,PT,12.768
RBI:PRF_LNGNFC_INDUS_ANN_RN(1.0),N_A,24,AFY,SOI_HS,GROSS_PFT_EBIT,2019,2018,0,2019-03-31,PT,53.4056
RBI:PRF_LNGNFC_INDUS_ANN_RN(1.0),N_A,24,AFY,SOI_HS,INT,2019,2018,0,2019-03-31,PT,32.0755
RBI:PRF_LNGNFC_INDUS_ANN_RN(1.0),N_A,24,AFY,SOI_HS,NET_PFT,2019,2018,0,2019-03-31,PT,120.5895
RBI:PRF_LNGNFC_INDUS_ANN_RN(1.0),N_A,24,AFY,SOI_HS,OPR_PFT,2019,2018,0,2019-03-31,PT,11.6362
RBI:PRF_LNGNFC_INDUS_ANN_RN(1.0),N_A,24,AFY,SOI_HS,PC_SHARE_SAL,2019,2018,0,2019-03-31,PT,0.376701
RBI:PRF_LNGNFC_INDUS_ANN_RN(1.0),N_A,24,AFY,SOI_HS,SALES,2019,2018,0,2019-03-31,INR,147280200000
RBI:PRF_LNGNFC_INDUS_ANN_RN(1.0),N_A,24,AFY,SOI_HS,SALES,2019,2018,0,2019-03-31,PT,12.8868
RBI:PRF_LNGNFC_INDUS_ANN_RN(1.0),N_A,24,AFY,SOI_HS,TAX_PROV,2019,2018,0,2019-03-31,PT,58.4005
RBI:PRF_LNGNFC_INDUS_ANN_RN(1.0),N_A,98,AFY,SOI_OTH,DEPRC,2019,2018,0,2019-03-31,PT,3.6989
RBI:PRF_LNGNFC_INDUS_ANN_RN(1.0),N_A,98,AFY,SOI_OTH,EBITDA,2019,2018,0,2019-03-31,PT,-3.7805
RBI:PRF_LNGNFC_INDUS_ANN_RN(1.0),N_A,98,AFY,SOI_OTH,EXPD,2019,2018,0,2019-03-31,PT,14.1372
RBI:PRF_LNGNFC_INDUS_ANN_RN(1.0),N_A,98,AFY,SOI_OTH,GROSS_PFT_EBIT,2019,2018,0,2019-03-31,PT,-6.3166
RBI:PRF_LNGNFC_INDUS_ANN_RN(1.0),N_A,98,AFY,SOI_OTH,INT,2019,2018,0,2019-03-31,PT,10.1321
RBI:PRF_LNGNFC_INDUS_ANN_RN(1.0),N_A,98,AFY,SOI_OTH,NET_PFT,2019,2018,0,2019-03-31,PT,-11.3826
RBI:PRF_LNGNFC_INDUS_ANN_RN(1.0),N_A,98,AFY,SOI_OTH,OPR_PFT,2019,2018,0,2019-03-31,PT,-0.0561
RBI:PRF_LNGNFC_INDUS_ANN_RN(1.0),N_A,98,AFY,SOI_OTH,OTH_INC,2019,2018,0,2019-03-31,PT,-14.9045
RBI:PRF_LNGNFC_INDUS_ANN_RN(1.0),N_A,98,AFY,SOI_OTH,PC_SHARE_SAL,2019,2018,0,2019-03-31,PT,0.78707
RBI:PRF_LNGNFC_INDUS_ANN_RN(1.0),N_A,98,AFY,SOI_OTH,SALES,2019,2018,0,2019-03-31,INR,307724200000
RBI:PRF_LNGNFC_INDUS_ANN_RN(1.0),N_A,98,AFY,SOI_OTH,SALES,2019,2018,0,2019-03-31,PT,12.9143
RBI:PRF_LNGNFC_INDUS_ANN_RN(1.0),N_A,98,AFY,SOI_OTH,TAX_PROV,2019,2018,0,2019-03-31,PT,2.0237
RBI:PRF_LNGNFC_INDUS_ANN_RN(1.0),N_A,53,AFY,SOI_RE,DEPRC,2019,2018,0,2019-03-31,PT,-8.3224
RBI:PRF_LNGNFC_INDUS_ANN_RN(1.0),N_A,53,AFY,SOI_RE,EBITDA,2019,2018,0,2019-03-31,PT,-4.8934
RBI:PRF_LNGNFC_INDUS_ANN_RN(1.0),N_A,53,AFY,SOI_RE,EXPD,2019,2018,0,2019-03-31,PT,10.8775
RBI:PRF_LNGNFC_INDUS_ANN_RN(1.0),N_A,53,AFY,SOI_RE,GROSS_PFT_EBIT,2019,2018,0,2019-03-31,PT,-4.6157
RBI:PRF_LNGNFC_INDUS_ANN_RN(1.0),N_A,53,AFY,SOI_RE,INT,2019,2018,0,2019-03-31,PT,-10.5261
RBI:PRF_LNGNFC_INDUS_ANN_RN(1.0),N_A,53,AFY,SOI_RE,NET_PFT,2019,2018,0,2019-03-31,PT,-4.7747
RBI:PRF_LNGNFC_INDUS_ANN_RN(1.0),N_A,53,AFY,SOI_RE,OPR_PFT,2019,2018,0,2019-03-31,PT,-3.5298
RBI:PRF_LNGNFC_INDUS_ANN_RN(1.0),N_A,53,AFY,SOI_RE,OTH_INC,2019,2018,0,2019-03-31,PT,-7.4567
RBI:PRF_LNGNFC_INDUS_ANN_RN(1.0),N_A,53,AFY,SOI_RE,PC_SHARE_SAL,2019,2018,0,2019-03-31,PT,0.287273
RBI:PRF_LNGNFC_INDUS_ANN_RN(1.0),N_A,53,AFY,SOI_RE,SALES,2019,2018,0,2019-03-31,INR,112316400000
RBI:PRF_LNGNFC_INDUS_ANN_RN(1.0),N_A,53,AFY,SOI_RE,SALES,2019,2018,0,2019-03-31,PT,10.6798
RBI:PRF_LNGNFC_INDUS_ANN_RN(1.0),N_A,53,AFY,SOI_RE,TAX_PROV,2019,2018,0,2019-03-31,PT,-5.373
RBI:PRF_LNGNFC_INDUS_ANN_RN(1.0),N_A,10,AFY,SOI_TCOMM,DEPRC,2019,2018,0,2019-03-31,PT,10.3092
RBI:PRF_LNGNFC_INDUS_ANN_RN(1.0),N_A,10,AFY,SOI_TCOMM,EBITDA,2019,2018,0,2019-03-31,PT,-21.1464
RBI:PRF_LNGNFC_INDUS_ANN_RN(1.0),N_A,10,AFY,SOI_TCOMM,EXPD,2019,2018,0,2019-03-31,PT,-2.9742
RBI:PRF_LNGNFC_INDUS_ANN_RN(1.0),N_A,10,AFY,SOI_TCOMM,INT,2019,2018,0,2019-03-31,PT,4.9288
RBI:PRF_LNGNFC_INDUS_ANN_RN(1.0),N_A,10,AFY,SOI_TCOMM,OPR_PFT,2019,2018,0,2019-03-31,PT,-30.7294
RBI:PRF_LNGNFC_INDUS_ANN_RN(1.0),N_A,10,AFY,SOI_TCOMM,PC_SHARE_SAL,2019,2018,0,2019-03-31,PT,1.557872
RBI:PRF_LNGNFC_INDUS_ANN_RN(1.0),N_A,10,AFY,SOI_TCOMM,SALES,2019,2018,0,2019-03-31,INR,609087700000
RBI:PRF_LNGNFC_INDUS_ANN_RN(1.0),N_A,10,AFY,SOI_TCOMM,SALES,2019,2018,0,2019-03-31,PT,-10.06
RBI:PRF_LNGNFC_INDUS_ANN_RN(1.0),N_A,10,AFY,SOI_TCOMM,TAX_PROV,2019,2018,0,2019-03-31,PT,113.771
RBI:PRF_LNGNFC_INDUS_ANN_RN(1.0),N_A,50,AFY,SOI_TSS,DEPRC,2019,2018,0,2019-03-31,PT,17.7381
RBI:PRF_LNGNFC_INDUS_ANN_RN(1.0),N_A,50,AFY,SOI_TSS,EBITDA,2019,2018,0,2019-03-31,PT,-39.1359
RBI:PRF_LNGNFC_INDUS_ANN_RN(1.0),N_A,50,AFY,SOI_TSS,EXPD,2019,2018,0,2019-03-31,PT,30.3815
RBI:PRF_LNGNFC_INDUS_ANN_RN(1.0),N_A,50,AFY,SOI_TSS,GROSS_PFT_EBIT,2019,2018,0,2019-03-31,PT,-58.6678
RBI:PRF_LNGNFC_INDUS_ANN_RN(1.0),N_A,50,AFY,SOI_TSS,INT,2019,2018,0,2019-03-31,PT,7.6311
RBI:PRF_LNGNFC_INDUS_ANN_RN(1.0),N_A,50,AFY,SOI_TSS,NET_PFT,2019,2018,0,2019-03-31,PT,-132.5053
RBI:PRF_LNGNFC_INDUS_ANN_RN(1.0),N_A,50,AFY,SOI_TSS,OPR_PFT,2019,2018,0,2019-03-31,PT,-57.6994
RBI:PRF_LNGNFC_INDUS_ANN_RN(1.0),N_A,50,AFY,SOI_TSS,OTH_INC,2019,2018,0,2019-03-31,PT,37.6205
RBI:PRF_LNGNFC_INDUS_ANN_RN(1.0),N_A,50,AFY,SOI_TSS,PC_SHARE_SAL,2019,2018,0,2019-03-31,PT,1.697206
RBI:PRF_LNGNFC_INDUS_ANN_RN(1.0),N_A,50,AFY,SOI_TSS,SALES,2019,2018,0,2019-03-31,INR,663563800000
RBI:PRF_LNGNFC_INDUS_ANN_RN(1.0),N_A,50,AFY,SOI_TSS,SALES,2019,2018,0,2019-03-31,PT,19.4998
RBI:PRF_LNGNFC_INDUS_ANN_RN(1.0),N_A,50,AFY,SOI_TSS,TAX_PROV,2019,2018,0,2019-03-31,PT,-61.6126
RBI:PRF_LNGNFC_INDUS_ANN_RN(1.0),N_A,46,AFY,SOI_VTPB,DEPRC,2019,2018,0,2019-03-31,PT,22.3104
RBI:PRF_LNGNFC_INDUS_ANN_RN(1.0),N_A,46,AFY,SOI_VTPB,EBITDA,2019,2018,0,2019-03-31,PT,12.6747
RBI:PRF_LNGNFC_INDUS_ANN_RN(1.0),N_A,46,AFY,SOI_VTPB,EXPD,2019,2018,0,2019-03-31,PT,13.2604
RBI:PRF_LNGNFC_INDUS_ANN_RN(1.0),N_A,46,AFY,SOI_VTPB,GROSS_PFT_EBIT,2019,2018,0,2019-03-31,PT,10.7933
RBI:PRF_LNGNFC_INDUS_ANN_RN(1.0),N_A,46,AFY,SOI_VTPB,INT,2019,2018,0,2019-03-31,PT,4.6969
RBI:PRF_LNGNFC_INDUS_ANN_RN(1.0),N_A,46,AFY,SOI_VTPB,NET_PFT,2019,2018,0,2019-03-31,PT,7.3819
RBI:PRF_LNGNFC_INDUS_ANN_RN(1.0),N_A,46,AFY,SOI_VTPB,OPR_PFT,2019,2018,0,2019-03-31,PT,29.1575
RBI:PRF_LNGNFC_INDUS_ANN_RN(1.0),N_A,46,AFY,SOI_VTPB,OTH_INC,2019,2018,0,2019-03-31,PT,-53.3221
RBI:PRF_LNGNFC_INDUS_ANN_RN(1.0),N_A,46,AFY,SOI_VTPB,PC_SHARE_SAL,2019,2018,0,2019-03-31,PT,0.525031
RBI:PRF_LNGNFC_INDUS_ANN_RN(1.0),N_A,46,AFY,SOI_VTPB,SALES,2019,2018,0,2019-03-31,INR,205273500000
RBI:PRF_LNGNFC_INDUS_ANN_RN(1.0),N_A,46,AFY,SOI_VTPB,SALES,2019,2018,0,2019-03-31,PT,17.7789
RBI:PRF_LNGNFC_INDUS_ANN_RN(1.0),N_A,46,AFY,SOI_VTPB,TAX_PROV,2019,2018,0,2019-03-31,PT,14.2785
RBI:PRF_LNGNFC_INDUS_ANN_RN(1.0),N_A,264,AFY,SOI_WRT,DEPRC,2019,2018,0,2019-03-31,PT,11.5842
RBI:PRF_LNGNFC_INDUS_ANN_RN(1.0),N_A,264,AFY,SOI_WRT,EBITDA,2019,2018,0,2019-03-31,PT,13.8002
RBI:PRF_LNGNFC_INDUS_ANN_RN(1.0),N_A,264,AFY,SOI_WRT,EXPD,2019,2018,0,2019-03-31,PT,20.6939
RBI:PRF_LNGNFC_INDUS_ANN_RN(1.0),N_A,264,AFY,SOI_WRT,GROSS_PFT_EBIT,2019,2018,0,2019-03-31,PT,14.6885
RBI:PRF_LNGNFC_INDUS_ANN_RN(1.0),N_A,264,AFY,SOI_WRT,INT,2019,2018,0,2019-03-31,PT,-3.0631
RBI:PRF_LNGNFC_INDUS_ANN_RN(1.0),N_A,264,AFY,SOI_WRT,OPR_PFT,2019,2018,0,2019-03-31,PT,23.2848
RBI:PRF_LNGNFC_INDUS_ANN_RN(1.0),N_A,264,AFY,SOI_WRT,OTH_INC,2019,2018,0,2019-03-31,PT,-19.8922
RBI:PRF_LNGNFC_INDUS_ANN_RN(1.0),N_A,264,AFY,SOI_WRT,PC_SHARE_SAL,2019,2018,0,2019-03-31,PT,3.632811
RBI:PRF_LNGNFC_INDUS_ANN_RN(1.0),N_A,264,AFY,SOI_WRT,SALES,2019,2018,0,2019-03-31,INR,1420335500000
RBI:PRF_LNGNFC_INDUS_ANN_RN(1.0),N_A,264,AFY,SOI_WRT,SALES,2019,2018,0,2019-03-31,PT,19.1239
RBI:PRF_LNGNFC_INDUS_ANN_RN(1.0),N_A,264,AFY,SOI_WRT,TAX_PROV,2019,2018,0,2019-03-31,PT,4.4867
RBI:PRF_LNGNFC_INDUS_ANN_RN(1.0),N_A,44,AFY,AGR_REL_ACT,DEPRC,2020,2019,0,2020-03-31,PT,16.2102
RBI:PRF_LNGNFC_INDUS_ANN_RN(1.0),N_A,44,AFY,AGR_REL_ACT,EBITDA,2020,2019,0,2020-03-31,PT,-34.3347
RBI:PRF_LNGNFC_INDUS_ANN_RN(1.0),N_A,44,AFY,AGR_REL_ACT,EXPD,2020,2019,0,2020-03-31,PT,0.5454
RBI:PRF_LNGNFC_INDUS_ANN_RN(1.0),N_A,44,AFY,AGR_REL_ACT,GROSS_PFT_EBIT,2020,2019,0,2020-03-31,PT,-45.3575
RBI:PRF_LNGNFC_INDUS_ANN_RN(1.0),N_A,44,AFY,AGR_REL_ACT,INT,2020,2019,0,2020-03-31,PT,-18.2693
RBI:PRF_LNGNFC_INDUS_ANN_RN(1.0),N_A,44,AFY,AGR_REL_ACT,NET_PFT,2020,2019,0,2020-03-31,PT,-30.5163
RBI:PRF_LNGNFC_INDUS_ANN_RN(1.0),N_A,44,AFY,AGR_REL_ACT,OPR_PFT,2020,2019,0,2020-03-31,PT,-39.3369
RBI:PRF_LNGNFC_INDUS_ANN_RN(1.0),N_A,44,AFY,AGR_REL_ACT,OTH_INC,2020,2019,0,2020-03-31,PT,-26.1305
RBI:PRF_LNGNFC_INDUS_ANN_RN(1.0),N_A,44,AFY,AGR_REL_ACT,PC_SHARE_SAL,2020,2019,0,2020-03-31,PT,0.297694
RBI:PRF_LNGNFC_INDUS_ANN_RN(1.0),N_A,44,AFY,AGR_REL_ACT,SALES,2020,2019,0,2020-03-31,INR,111516600000
RBI:PRF_LNGNFC_INDUS_ANN_RN(1.0),N_A,44,AFY,AGR_REL_ACT,SALES,2020,2019,0,2020-03-31,PT,-0.4208
RBI:PRF_LNGNFC_INDUS_ANN_RN(1.0),N_A,44,AFY,AGR_REL_ACT,TAX_PROV,2020,2019,0,2020-03-31,PT,-54.9857
RBI:PRF_LNGNFC_INDUS_ANN_RN(1.0),N_A,31,AFY,AGR_REL_ACT_OTH,DEPRC,2020,2019,0,2020-03-31,PT,32.3672
RBI:PRF_LNGNFC_INDUS_ANN_RN(1.0),N_A,31,AFY,AGR_REL_ACT_OTH,EBITDA,2020,2019,0,2020-03-31,PT,-36.2598
RBI:PRF_LNGNFC_INDUS_ANN_RN(1.0),N_A,31,AFY,AGR_REL_ACT_OTH,EXPD,2020,2019,0,2020-03-31,PT,9.5911
RBI:PRF_LNGNFC_INDUS_ANN_RN(1.0),N_A,31,AFY,AGR_REL_ACT_OTH,GROSS_PFT_EBIT,2020,2019,0,2020-03-31,PT,-45.3138
RBI:PRF_LNGNFC_INDUS_ANN_RN(1.0),N_A,31,AFY,AGR_REL_ACT_OTH,INT,2020,2019,0,2020-03-31,PT,9.1688
RBI:PRF_LNGNFC_INDUS_ANN_RN(1.0),N_A,31,AFY,AGR_REL_ACT_OTH,NET_PFT,2020,2019,0,2020-03-31,PT,-40.6954
RBI:PRF_LNGNFC_INDUS_ANN_RN(1.0),N_A,31,AFY,AGR_REL_ACT_OTH,OPR_PFT,2020,2019,0,2020-03-31,PT,-46.443
RBI:PRF_LNGNFC_INDUS_ANN_RN(1.0),N_A,31,AFY,AGR_REL_ACT_OTH,OTH_INC,2020,2019,0,2020-03-31,PT,28.9328
RBI:PRF_LNGNFC_INDUS_ANN_RN(1.0),N_A,31,AFY,AGR_REL_ACT_OTH,PC_SHARE_SAL,2020,2019,0,2020-03-31,PT,0.216819
RBI:PRF_LNGNFC_INDUS_ANN_RN(1.0),N_A,31,AFY,AGR_REL_ACT_OTH,SALES,2020,2019,0,2020-03-31,INR,81220600000
RBI:PRF_LNGNFC_INDUS_ANN_RN(1.0),N_A,31,AFY,AGR_REL_ACT_OTH,SALES,2020,2019,0,2020-03-31,PT,5.7968
RBI:PRF_LNGNFC_INDUS_ANN_RN(1.0),N_A,31,AFY,AGR_REL_ACT_OTH,TAX_PROV,2020,2019,0,2020-03-31,PT,-74.3393
RBI:PRF_LNGNFC_INDUS_ANN_RN(1.0),N_A,13,AFY,ARA_TCP,DEPRC,2020,2019,0,2020-03-31,PT,1.3308
RBI:PRF_LNGNFC_INDUS_ANN_RN(1.0),N_A,13,AFY,ARA_TCP,EBITDA,2020,2019,0,2020-03-31,PT,-28.9557
RBI:PRF_LNGNFC_INDUS_ANN_RN(1.0),N_A,13,AFY,ARA_TCP,EXPD,2020,2019,0,2020-03-31,PT,-17.3667
RBI:PRF_LNGNFC_INDUS_ANN_RN(1.0),N_A,13,AFY,ARA_TCP,GROSS_PFT_EBIT,2020,2019,0,2020-03-31,PT,-45.5246
RBI:PRF_LNGNFC_INDUS_ANN_RN(1.0),N_A,13,AFY,ARA_TCP,INT,2020,2019,0,2020-03-31,PT,-25.1795
RBI:PRF_LNGNFC_INDUS_ANN_RN(1.0),N_A,13,AFY,ARA_TCP,OTH_INC,2020,2019,0,2020-03-31,PT,-45.7463
RBI:PRF_LNGNFC_INDUS_ANN_RN(1.0),N_A,13,AFY,ARA_TCP,PC_SHARE_SAL,2020,2019,0,2020-03-31,PT,0.080875
RBI:PRF_LNGNFC_INDUS_ANN_RN(1.0),N_A,13,AFY,ARA_TCP,SALES,2020,2019,0,2020-03-31,INR,30296000000
RBI:PRF_LNGNFC_INDUS_ANN_RN(1.0),N_A,13,AFY,ARA_TCP,SALES,2020,2019,0,2020-03-31,PT,-13.9743
RBI:PRF_LNGNFC_INDUS_ANN_RN(1.0),N_A,184,AFY,CONSTRN,DEPRC,2020,2019,0,2020-03-31,PT,13.6368
RBI:PRF_LNGNFC_INDUS_ANN_RN(1.0),N_A,184,AFY,CONSTRN,EBITDA,2020,2019,0,2020-03-31,PT,-21.0417
RBI:PRF_LNGNFC_INDUS_ANN_RN(1.0),N_A,184,AFY,CONSTRN,EXPD,2020,2019,0,2020-03-31,PT,-2.9235
RBI:PRF_LNGNFC_INDUS_ANN_RN(1.0),N_A,184,AFY,CONSTRN,GROSS_PFT_EBIT,2020,2019,0,2020-03-31,PT,-25.538
RBI:PRF_LNGNFC_INDUS_ANN_RN(1.0),N_A,184,AFY,CONSTRN,INT,2020,2019,0,2020-03-31,PT,11.4353
RBI:PRF_LNGNFC_INDUS_ANN_RN(1.0),N_A,184,AFY,CONSTRN,NET_PFT,2020,2019,0,2020-03-31,PT,-41.9768
RBI:PRF_LNGNFC_INDUS_ANN_RN(1.0),N_A,184,AFY,CONSTRN,OPR_PFT,2020,2019,0,2020-03-31,PT,-14.4604
RBI:PRF_LNGNFC_INDUS_ANN_RN(1.0),N_A,184,AFY,CONSTRN,OTH_INC,2020,2019,0,2020-03-31,PT,-32.0928
RBI:PRF_LNGNFC_INDUS_ANN_RN(1.0),N_A,184,AFY,CONSTRN,PC_SHARE_SAL,2020,2019,0,2020-03-31,PT,5.69965
RBI:PRF_LNGNFC_INDUS_ANN_RN(1.0),N_A,184,AFY,CONSTRN,SALES,2020,2019,0,2020-03-31,INR,2135095200000
RBI:PRF_LNGNFC_INDUS_ANN_RN(1.0),N_A,184,AFY,CONSTRN,SALES,2020,2019,0,2020-03-31,PT,-2.726
RBI:PRF_LNGNFC_INDUS_ANN_RN(1.0),N_A,184,AFY,CONSTRN,TAX_PROV,2020,2019,0,2020-03-31,PT,-26.3206
RBI:PRF_LNGNFC_INDUS_ANN_RN(1.0),N_A,30,AFY,ELC_GAS_SPLY,DEPRC,2020,2019,0,2020-03-31,PT,5.9374
RBI:PRF_LNGNFC_INDUS_ANN_RN(1.0),N_A,30,AFY,ELC_GAS_SPLY,EBITDA,2020,2019,0,2020-03-31,PT,-3.1444
RBI:PRF_LNGNFC_INDUS_ANN_RN(1.0),N_A,30,AFY,ELC_GAS_SPLY,EXPD,2020,2019,0,2020-03-31,PT,-3.7984
RBI:PRF_LNGNFC_INDUS_ANN_RN(1.0),N_A,30,AFY,ELC_GAS_SPLY,GROSS_PFT_EBIT,2020,2019,0,2020-03-31,PT,-5.8556
RBI:PRF_LNGNFC_INDUS_ANN_RN(1.0),N_A,30,AFY,ELC_GAS_SPLY,INT,2020,2019,0,2020-03-31,PT,-9.1412
RBI:PRF_LNGNFC_INDUS_ANN_RN(1.0),N_A,30,AFY,ELC_GAS_SPLY,NET_PFT,2020,2019,0,2020-03-31,PT,43.7181
RBI:PRF_LNGNFC_INDUS_ANN_RN(1.0),N_A,30,AFY,ELC_GAS_SPLY,OPR_PFT,2020,2019,0,2020-03-31,PT,5.5041
RBI:PRF_LNGNFC_INDUS_ANN_RN(1.0),N_A,30,AFY,ELC_GAS_SPLY,OTH_INC,2020,2019,0,2020-03-31,PT,-22.0718
RBI:PRF_LNGNFC_INDUS_ANN_RN(1.0),N_A,30,AFY,ELC_GAS_SPLY,PC_SHARE_SAL,2020,2019,0,2020-03-31,PT,1.451036
RBI:PRF_LNGNFC_INDUS_ANN_RN(1.0),N_A,30,AFY,ELC_GAS_SPLY,SALES,2020,2019,0,2020-03-31,INR,543559600000
RBI:PRF_LNGNFC_INDUS_ANN_RN(1.0),N_A,30,AFY,ELC_GAS_SPLY,SALES,2020,2019,0,2020-03-31,PT,-1.7559
RBI:PRF_LNGNFC_INDUS_ANN_RN(1.0),N_A,30,AFY,ELC_GAS_SPLY,TAX_PROV,2020,2019,0,2020-03-31,PT,-34.2131
RBI:PRF_LNGNFC_INDUS_ANN_RN(1.0),N_A,3064,AFY,INDS_GRP_ALL_COMP,DEPRC,2020,2019,0,2020-03-31,PT,24.9596
RBI:PRF_LNGNFC_INDUS_ANN_RN(1.0),N_A,3064,AFY,INDS_GRP_ALL_COMP,EBITDA,2020,2019,0,2020-03-31,PT,-3.2526
RBI:PRF_LNGNFC_INDUS_ANN_RN(1.0),N_A,3064,AFY,INDS_GRP_ALL_COMP,EXPD,2020,2019,0,2020-03-31,PT,-5.1632
RBI:PRF_LNGNFC_INDUS_ANN_RN(1.0),N_A,3064,AFY,INDS_GRP_ALL_COMP,GROSS_PFT_EBIT,2020,2019,0,2020-03-31,PT,-10.9117
RBI:PRF_LNGNFC_INDUS_ANN_RN(1.0),N_A,3064,AFY,INDS_GRP_ALL_COMP,INT,2020,2019,0,2020-03-31,PT,13.6271
RBI:PRF_LNGNFC_INDUS_ANN_RN(1.0),N_A,3064,AFY,INDS_GRP_ALL_COMP,NET_PFT,2020,2019,0,2020-03-31,PT,-58.7362
RBI:PRF_LNGNFC_INDUS_ANN_RN(1.0),N_A,3064,AFY,INDS_GRP_ALL_COMP,OPR_PFT,2020,2019,0,2020-03-31,PT,-3.8544
RBI:PRF_LNGNFC_INDUS_ANN_RN(1.0),N_A,3064,AFY,INDS_GRP_ALL_COMP,OTH_INC,2020,2019,0,2020-03-31,PT,-0.4429
RBI:PRF_LNGNFC_INDUS_ANN_RN(1.0),N_A,3064,AFY,INDS_GRP_ALL_COMP,PC_SHARE_SAL,2020,2019,0,2020-03-31,PT,100.0
RBI:PRF_LNGNFC_INDUS_ANN_RN(1.0),N_A,3064,AFY,INDS_GRP_ALL_COMP,SALES,2020,2019,0,2020-03-31,INR,37460110800000
RBI:PRF_LNGNFC_INDUS_ANN_RN(1.0),N_A,3064,AFY,INDS_GRP_ALL_COMP,SALES,2020,2019,0,2020-03-31,PT,-4.2073
RBI:PRF_LNGNFC_INDUS_ANN_RN(1.0),N_A,3064,AFY,INDS_GRP_ALL_COMP,TAX_PROV,2020,2019,0,2020-03-31,PT,-25.0225
RBI:PRF_LNGNFC_INDUS_ANN_RN(1.0),N_A,195,AFY,IT_CSRS,DEPRC,2020,2019,0,2020-03-31,PT,47.2741
RBI:PRF_LNGNFC_INDUS_ANN_RN(1.0),N_A,195,AFY,IT_CSRS,EBITDA,2020,2019,0,2020-03-31,PT,8.3073
RBI:PRF_LNGNFC_INDUS_ANN_RN(1.0),N_A,195,AFY,IT_CSRS,EXPD,2020,2019,0,2020-03-31,PT,8.229
RBI:PRF_LNGNFC_INDUS_ANN_RN(1.0),N_A,195,AFY,IT_CSRS,GROSS_PFT_EBIT,2020,2019,0,2020-03-31,PT,5.2582
RBI:PRF_LNGNFC_INDUS_ANN_RN(1.0),N_A,195,AFY,IT_CSRS,INT,2020,2019,0,2020-03-31,PT,96.0133
RBI:PRF_LNGNFC_INDUS_ANN_RN(1.0),N_A,195,AFY,IT_CSRS,NET_PFT,2020,2019,0,2020-03-31,PT,10.0257
RBI:PRF_LNGNFC_INDUS_ANN_RN(1.0),N_A,195,AFY,IT_CSRS,OPR_PFT,2020,2019,0,2020-03-31,PT,8.73
RBI:PRF_LNGNFC_INDUS_ANN_RN(1.0),N_A,195,AFY,IT_CSRS,OTH_INC,2020,2019,0,2020-03-31,PT,6.2932
RBI:PRF_LNGNFC_INDUS_ANN_RN(1.0),N_A,195,AFY,IT_CSRS,PC_SHARE_SAL,2020,2019,0,2020-03-31,PT,10.594346
RBI:PRF_LNGNFC_INDUS_ANN_RN(1.0),N_A,195,AFY,IT_CSRS,SALES,2020,2019,0,2020-03-31,INR,3968653600000
RBI:PRF_LNGNFC_INDUS_ANN_RN(1.0),N_A,195,AFY,IT_CSRS,SALES,2020,2019,0,2020-03-31,PT,8.4101
RBI:PRF_LNGNFC_INDUS_ANN_RN(1.0),N_A,195,AFY,IT_CSRS,TAX_PROV,2020,2019,0,2020-03-31,PT,-8.3567
RBI:PRF_LNGNFC_INDUS_ANN_RN(1.0),N_A,36,AFY,MIN_N_QUARY,DEPRC,2020,2019,0,2020-03-31,PT,9.0535
RBI:PRF_LNGNFC_INDUS_ANN_RN(1.0),N_A,36,AFY,MIN_N_QUARY,EBITDA,2020,2019,0,2020-03-31,PT,-25.3097
RBI:PRF_LNGNFC_INDUS_ANN_RN(1.0),N_A,36,AFY,MIN_N_QUARY,EXPD,2020,2019,0,2020-03-31,PT,-27.3106
RBI:PRF_LNGNFC_INDUS_ANN_RN(1.0),N_A,36,AFY,MIN_N_QUARY,GROSS_PFT_EBIT,2020,2019,0,2020-03-31,PT,-34.8042
RBI:PRF_LNGNFC_INDUS_ANN_RN(1.0),N_A,36,AFY,MIN_N_QUARY,INT,2020,2019,0,2020-03-31,PT,30.5454
RBI:PRF_LNGNFC_INDUS_ANN_RN(1.0),N_A,36,AFY,MIN_N_QUARY,NET_PFT,2020,2019,0,2020-03-31,PT,52.5681
RBI:PRF_LNGNFC_INDUS_ANN_RN(1.0),N_A,36,AFY,MIN_N_QUARY,OPR_PFT,2020,2019,0,2020-03-31,PT,-34.332
RBI:PRF_LNGNFC_INDUS_ANN_RN(1.0),N_A,36,AFY,MIN_N_QUARY,OTH_INC,2020,2019,0,2020-03-31,PT,9.0922
RBI:PRF_LNGNFC_INDUS_ANN_RN(1.0),N_A,36,AFY,MIN_N_QUARY,PC_SHARE_SAL,2020,2019,0,2020-03-31,PT,0.145452
RBI:PRF_LNGNFC_INDUS_ANN_RN(1.0),N_A,36,AFY,MIN_N_QUARY,SALES,2020,2019,0,2020-03-31,INR,54486300000
RBI:PRF_LNGNFC_INDUS_ANN_RN(1.0),N_A,36,AFY,MIN_N_QUARY,SALES,2020,2019,0,2020-03-31,PT,-29.674
RBI:PRF_LNGNFC_INDUS_ANN_RN(1.0),N_A,36,AFY,MIN_N_QUARY,TAX_PROV,2020,2019,0,2020-03-31,PT,-33.0808
RBI:PRF_LNGNFC_INDUS_ANN_RN(1.0),N_A,1841,AFY,MNF,DEPRC,2020,2019,0,2020-03-31,PT,10.6704
RBI:PRF_LNGNFC_INDUS_ANN_RN(1.0),N_A,1841,AFY,MNF,EBITDA,2020,2019,0,2020-03-31,PT,-10.6744
RBI:PRF_LNGNFC_INDUS_ANN_RN(1.0),N_A,1841,AFY,MNF,EXPD,2020,2019,0,2020-03-31,PT,-7.6473
RBI:PRF_LNGNFC_INDUS_ANN_RN(1.0),N_A,1841,AFY,MNF,GROSS_PFT_EBIT,2020,2019,0,2020-03-31,PT,-15.8537
RBI:PRF_LNGNFC_INDUS_ANN_RN(1.0),N_A,1841,AFY,MNF,INT,2020,2019,0,2020-03-31,PT,-1.1909
RBI:PRF_LNGNFC_INDUS_ANN_RN(1.0),N_A,1841,AFY,MNF,NET_PFT,2020,2019,0,2020-03-31,PT,-11.0017
RBI:PRF_LNGNFC_INDUS_ANN_RN(1.0),N_A,1841,AFY,MNF,OPR_PFT,2020,2019,0,2020-03-31,PT,-11.6426
RBI:PRF_LNGNFC_INDUS_ANN_RN(1.0),N_A,1841,AFY,MNF,OTH_INC,2020,2019,0,2020-03-31,PT,-5.2978
RBI:PRF_LNGNFC_INDUS_ANN_RN(1.0),N_A,1841,AFY,MNF,PC_SHARE_SAL,2020,2019,0,2020-03-31,PT,69.122372
RBI:PRF_LNGNFC_INDUS_ANN_RN(1.0),N_A,1841,AFY,MNF,SALES,2020,2019,0,2020-03-31,INR,25893317100000
RBI:PRF_LNGNFC_INDUS_ANN_RN(1.0),N_A,1841,AFY,MNF,SALES,2020,2019,0,2020-03-31,PT,-7.4431
RBI:PRF_LNGNFC_INDUS_ANN_RN(1.0),N_A,1841,AFY,MNF,TAX_PROV,2020,2019,0,2020-03-31,PT,-30.1892
RBI:PRF_LNGNFC_INDUS_ANN_RN(1.0),N_A,39,AFY,MNF_CCP,DEPRC,2020,2019,0,2020-03-31,PT,8.6181
RBI:PRF_LNGNFC_INDUS_ANN_RN(1.0),N_A,39,AFY,MNF_CCP,EBITDA,2020,2019,0,2020-03-31,PT,22.1121
RBI:PRF_LNGNFC_INDUS_ANN_RN(1.0),N_A,39,AFY,MNF_CCP,EXPD,2020,2019,0,2020-03-31,PT,-3.5237
RBI:PRF_LNGNFC_INDUS_ANN_RN(1.0),N_A,39,AFY,MNF_CCP,GROSS_PFT_EBIT,2020,2019,0,2020-03-31,PT,28.3501
RBI:PRF_LNGNFC_INDUS_ANN_RN(1.0),N_A,39,AFY,MNF_CCP,INT,2020,2019,0,2020-03-31,PT,6.8338
RBI:PRF_LNGNFC_INDUS_ANN_RN(1.0),N_A,39,AFY,MNF_CCP,NET_PFT,2020,2019,0,2020-03-31,PT,42.4683
RBI:PRF_LNGNFC_INDUS_ANN_RN(1.0),N_A,39,AFY,MNF_CCP,OPR_PFT,2020,2019,0,2020-03-31,PT,24.6646
RBI:PRF_LNGNFC_INDUS_ANN_RN(1.0),N_A,39,AFY,MNF_CCP,OTH_INC,2020,2019,0,2020-03-31,PT,0.5153
RBI:PRF_LNGNFC_INDUS_ANN_RN(1.0),N_A,39,AFY,MNF_CCP,PC_SHARE_SAL,2020,2019,0,2020-03-31,PT,3.492418
RBI:PRF_LNGNFC_INDUS_ANN_RN(1.0),N_A,39,AFY,MNF_CCP,SALES,2020,2019,0,2020-03-31,INR,1308263600000
RBI:PRF_LNGNFC_INDUS_ANN_RN(1.0),N_A,39,AFY,MNF_CCP,SALES,2020,2019,0,2020-03-31,PT,0.138
RBI:PRF_LNGNFC_INDUS_ANN_RN(1.0),N_A,39,AFY,MNF_CCP,TAX_PROV,2020,2019,0,2020-03-31,PT,86.118
RBI:PRF_LNGNFC_INDUS_ANN_RN(1.0),N_A,54,AFY,MNF_CEE,DEPRC,2020,2019,0,2020-03-31,PT,22.7964
RBI:PRF_LNGNFC_INDUS_ANN_RN(1.0),N_A,54,AFY,MNF_CEE,EBITDA,2020,2019,0,2020-03-31,PT,-5.8379
RBI:PRF_LNGNFC_INDUS_ANN_RN(1.0),N_A,54,AFY,MNF_CEE,EXPD,2020,2019,0,2020-03-31,PT,-13.4532
RBI:PRF_LNGNFC_INDUS_ANN_RN(1.0),N_A,54,AFY,MNF_CEE,GROSS_PFT_EBIT,2020,2019,0,2020-03-31,PT,-13.573
RBI:PRF_LNGNFC_INDUS_ANN_RN(1.0),N_A,54,AFY,MNF_CEE,NET_PFT,2020,2019,0,2020-03-31,PT,-32.1485
RBI:PRF_LNGNFC_INDUS_ANN_RN(1.0),N_A,54,AFY,MNF_CEE,OPR_PFT,2020,2019,0,2020-03-31,PT,17.3284
RBI:PRF_LNGNFC_INDUS_ANN_RN(1.0),N_A,54,AFY,MNF_CEE,OTH_INC,2020,2019,0,2020-03-31,PT,-72.5315
RBI:PRF_LNGNFC_INDUS_ANN_RN(1.0),N_A,54,AFY,MNF_CEE,PC_SHARE_SAL,2020,2019,0,2020-03-31,PT,0.787108
RBI:PRF_LNGNFC_INDUS_ANN_RN(1.0),N_A,54,AFY,MNF_CEE,SALES,2020,2019,0,2020-03-31,INR,294851600000
RBI:PRF_LNGNFC_INDUS_ANN_RN(1.0),N_A,54,AFY,MNF_CEE,SALES,2020,2019,0,2020-03-31,PT,-11.8998
RBI:PRF_LNGNFC_INDUS_ANN_RN(1.0),N_A,54,AFY,MNF_CEE,TAX_PROV,2020,2019,0,2020-03-31,PT,-23.0269
RBI:PRF_LNGNFC_INDUS_ANN_RN(1.0),N_A,248,AFY,MNF_CHM_PRD,DEPRC,2020,2019,0,2020-03-31,PT,23.9699
RBI:PRF_LNGNFC_INDUS_ANN_RN(1.0),N_A,248,AFY,MNF_CHM_PRD,EBITDA,2020,2019,0,2020-03-31,PT,-1.8053
RBI:PRF_LNGNFC_INDUS_ANN_RN(1.0),N_A,248,AFY,MNF_CHM_PRD,EXPD,2020,2019,0,2020-03-31,PT,-5.0422
RBI:PRF_LNGNFC_INDUS_ANN_RN(1.0),N_A,248,AFY,MNF_CHM_PRD,GROSS_PFT_EBIT,2020,2019,0,2020-03-31,PT,-6.119
RBI:PRF_LNGNFC_INDUS_ANN_RN(1.0),N_A,248,AFY,MNF_CHM_PRD,INT,2020,2019,0,2020-03-31,PT,9.513
RBI:PRF_LNGNFC_INDUS_ANN_RN(1.0),N_A,248,AFY,MNF_CHM_PRD,NET_PFT,2020,2019,0,2020-03-31,PT,12.8061
RBI:PRF_LNGNFC_INDUS_ANN_RN(1.0),N_A,248,AFY,MNF_CHM_PRD,OPR_PFT,2020,2019,0,2020-03-31,PT,-3.1825
RBI:PRF_LNGNFC_INDUS_ANN_RN(1.0),N_A,248,AFY,MNF_CHM_PRD,OTH_INC,2020,2019,0,2020-03-31,PT,11.2323
RBI:PRF_LNGNFC_INDUS_ANN_RN(1.0),N_A,248,AFY,MNF_CHM_PRD,PC_SHARE_SAL,2020,2019,0,2020-03-31,PT,8.065555
RBI:PRF_LNGNFC_INDUS_ANN_RN(1.0),N_A,248,AFY,MNF_CHM_PRD,SALES,2020,2019,0,2020-03-31,INR,3021365900000
RBI:PRF_LNGNFC_INDUS_ANN_RN(1.0),N_A,248,AFY,MNF_CHM_PRD,SALES,2020,2019,0,2020-03-31,PT,-2.9613
RBI:PRF_LNGNFC_INDUS_ANN_RN(1.0),N_A,248,AFY,MNF_CHM_PRD,TAX_PROV,2020,2019,0,2020-03-31,PT,-24.3131
RBI:PRF_LNGNFC_INDUS_ANN_RN(1.0),N_A,120,AFY,MNF_CP_BASIC,DEPRC,2020,2019,0,2020-03-31,PT,13.7826
RBI:PRF_LNGNFC_INDUS_ANN_RN(1.0),N_A,120,AFY,MNF_CP_BASIC,EBITDA,2020,2019,0,2020-03-31,PT,-11.2066
RBI:PRF_LNGNFC_INDUS_ANN_RN(1.0),N_A,120,AFY,MNF_CP_BASIC,EXPD,2020,2019,0,2020-03-31,PT,-5.7851
RBI:PRF_LNGNFC_INDUS_ANN_RN(1.0),N_A,120,AFY,MNF_CP_BASIC,GROSS_PFT_EBIT,2020,2019,0,2020-03-31,PT,-15.3767
RBI:PRF_LNGNFC_INDUS_ANN_RN(1.0),N_A,120,AFY,MNF_CP_BASIC,INT,2020,2019,0,2020-03-31,PT,-10.5424
RBI:PRF_LNGNFC_INDUS_ANN_RN(1.0),N_A,120,AFY,MNF_CP_BASIC,NET_PFT,2020,2019,0,2020-03-31,PT,5.6087
RBI:PRF_LNGNFC_INDUS_ANN_RN(1.0),N_A,120,AFY,MNF_CP_BASIC,OPR_PFT,2020,2019,0,2020-03-31,PT,-13.5938
RBI:PRF_LNGNFC_INDUS_ANN_RN(1.0),N_A,120,AFY,MNF_CP_BASIC,OTH_INC,2020,2019,0,2020-03-31,PT,22.6989
RBI:PRF_LNGNFC_INDUS_ANN_RN(1.0),N_A,120,AFY,MNF_CP_BASIC,PC_SHARE_SAL,2020,2019,0,2020-03-31,PT,1.757783
RBI:PRF_LNGNFC_INDUS_ANN_RN(1.0),N_A,120,AFY,MNF_CP_BASIC,SALES,2020,2019,0,2020-03-31,INR,658467300000
RBI:PRF_LNGNFC_INDUS_ANN_RN(1.0),N_A,120,AFY,MNF_CP_BASIC,SALES,2020,2019,0,2020-03-31,PT,-6.1749
RBI:PRF_LNGNFC_INDUS_ANN_RN(1.0),N_A,120,AFY,MNF_CP_BASIC,TAX_PROV,2020,2019,0,2020-03-31,PT,-29.3669
RBI:PRF_LNGNFC_INDUS_ANN_RN(1.0),N_A,27,AFY,MNF_CP_FNP,DEPRC,2020,2019,0,2020-03-31,PT,33.5934
RBI:PRF_LNGNFC_INDUS_ANN_RN(1.0),N_A,27,AFY,MNF_CP_FNP,EBITDA,2020,2019,0,2020-03-31,PT,0.7117
RBI:PRF_LNGNFC_INDUS_ANN_RN(1.0),N_A,27,AFY,MNF_CP_FNP,EXPD,2020,2019,0,2020-03-31,PT,-13.5932
RBI:PRF_LNGNFC_INDUS_ANN_RN(1.0),N_A,27,AFY,MNF_CP_FNP,GROSS_PFT_EBIT,2020,2019,0,2020-03-31,PT,-5.3025
RBI:PRF_LNGNFC_INDUS_ANN_RN(1.0),N_A,27,AFY,MNF_CP_FNP,INT,2020,2019,0,2020-03-31,PT,21.3431
RBI:PRF_LNGNFC_INDUS_ANN_RN(1.0),N_A,27,AFY,MNF_CP_FNP,NET_PFT,2020,2019,0,2020-03-31,PT,29.8212
RBI:PRF_LNGNFC_INDUS_ANN_RN(1.0),N_A,27,AFY,MNF_CP_FNP,OPR_PFT,2020,2019,0,2020-03-31,PT,0.2942
RBI:PRF_LNGNFC_INDUS_ANN_RN(1.0),N_A,27,AFY,MNF_CP_FNP,OTH_INC,2020,2019,0,2020-03-31,PT,4.1739
RBI:PRF_LNGNFC_INDUS_ANN_RN(1.0),N_A,27,AFY,MNF_CP_FNP,PC_SHARE_SAL,2020,2019,0,2020-03-31,PT,1.616102
RBI:PRF_LNGNFC_INDUS_ANN_RN(1.0),N_A,27,AFY,MNF_CP_FNP,SALES,2020,2019,0,2020-03-31,INR,605393700000
RBI:PRF_LNGNFC_INDUS_ANN_RN(1.0),N_A,27,AFY,MNF_CP_FNP,SALES,2020,2019,0,2020-03-31,PT,-6.9495
RBI:PRF_LNGNFC_INDUS_ANN_RN(1.0),N_A,27,AFY,MNF_CP_FNP,TAX_PROV,2020,2019,0,2020-03-31,PT,-16.596
RBI:PRF_LNGNFC_INDUS_ANN_RN(1.0),N_A,87,AFY,MNF_CP_OTH,DEPRC,2020,2019,0,2020-03-31,PT,26.7548
RBI:PRF_LNGNFC_INDUS_ANN_RN(1.0),N_A,87,AFY,MNF_CP_OTH,EBITDA,2020,2019,0,2020-03-31,PT,-0.3792
RBI:PRF_LNGNFC_INDUS_ANN_RN(1.0),N_A,87,AFY,MNF_CP_OTH,EXPD,2020,2019,0,2020-03-31,PT,-0.9224
RBI:PRF_LNGNFC_INDUS_ANN_RN(1.0),N_A,87,AFY,MNF_CP_OTH,GROSS_PFT_EBIT,2020,2019,0,2020-03-31,PT,-4.7727
RBI:PRF_LNGNFC_INDUS_ANN_RN(1.0),N_A,87,AFY,MNF_CP_OTH,INT,2020,2019,0,2020-03-31,PT,18.4325
RBI:PRF_LNGNFC_INDUS_ANN_RN(1.0),N_A,87,AFY,MNF_CP_OTH,NET_PFT,2020,2019,0,2020-03-31,PT,9.7075
RBI:PRF_LNGNFC_INDUS_ANN_RN(1.0),N_A,87,AFY,MNF_CP_OTH,OPR_PFT,2020,2019,0,2020-03-31,PT,-1.3297
RBI:PRF_LNGNFC_INDUS_ANN_RN(1.0),N_A,87,AFY,MNF_CP_OTH,OTH_INC,2020,2019,0,2020-03-31,PT,7.2322
RBI:PRF_LNGNFC_INDUS_ANN_RN(1.0),N_A,87,AFY,MNF_CP_OTH,PC_SHARE_SAL,2020,2019,0,2020-03-31,PT,3.826032
RBI:PRF_LNGNFC_INDUS_ANN_RN(1.0),N_A,87,AFY,MNF_CP_OTH,SALES,2020,2019,0,2020-03-31,INR,1433235700000
RBI:PRF_LNGNFC_INDUS_ANN_RN(1.0),N_A,87,AFY,MNF_CP_OTH,SALES,2020,2019,0,2020-03-31,PT,-0.4674
RBI:PRF_LNGNFC_INDUS_ANN_RN(1.0),N_A,87,AFY,MNF_CP_OTH,TAX_PROV,2020,2019,0,2020-03-31,PT,-27.641
RBI:PRF_LNGNFC_INDUS_ANN_RN(1.0),N_A,14,AFY,MNF_CP_PNV,DEPRC,2020,2019,0,2020-03-31,PT,22.3036
RBI:PRF_LNGNFC_INDUS_ANN_RN(1.0),N_A,14,AFY,MNF_CP_PNV,EBITDA,2020,2019,0,2020-03-31,PT,10.1098
RBI:PRF_LNGNFC_INDUS_ANN_RN(1.0),N_A,14,AFY,MNF_CP_PNV,EXPD,2020,2019,0,2020-03-31,PT,-2.4804
RBI:PRF_LNGNFC_INDUS_ANN_RN(1.0),N_A,14,AFY,MNF_CP_PNV,GROSS_PFT_EBIT,2020,2019,0,2020-03-31,PT,7.9752
RBI:PRF_LNGNFC_INDUS_ANN_RN(1.0),N_A,14,AFY,MNF_CP_PNV,INT,2020,2019,0,2020-03-31,PT,-5.9457
RBI:PRF_LNGNFC_INDUS_ANN_RN(1.0),N_A,14,AFY,MNF_CP_PNV,NET_PFT,2020,2019,0,2020-03-31,PT,27.4019
RBI:PRF_LNGNFC_INDUS_ANN_RN(1.0),N_A,14,AFY,MNF_CP_PNV,OPR_PFT,2020,2019,0,2020-03-31,PT,8.6785
RBI:PRF_LNGNFC_INDUS_ANN_RN(1.0),N_A,14,AFY,MNF_CP_PNV,OTH_INC,2020,2019,0,2020-03-31,PT,27.0425
RBI:PRF_LNGNFC_INDUS_ANN_RN(1.0),N_A,14,AFY,MNF_CP_PNV,PC_SHARE_SAL,2020,2019,0,2020-03-31,PT,0.865639
RBI:PRF_LNGNFC_INDUS_ANN_RN(1.0),N_A,14,AFY,MNF_CP_PNV,SALES,2020,2019,0,2020-03-31,INR,324269200000
RBI:PRF_LNGNFC_INDUS_ANN_RN(1.0),N_A,14,AFY,MNF_CP_PNV,SALES,2020,2019,0,2020-03-31,PT,0.9588
RBI:PRF_LNGNFC_INDUS_ANN_RN(1.0),N_A,14,AFY,MNF_CP_PNV,TAX_PROV,2020,2019,0,2020-03-31,PT,-6.7679
RBI:PRF_LNGNFC_INDUS_ANN_RN(1.0),N_A,102,AFY,MNF_EMA,DEPRC,2020,2019,0,2020-03-31,PT,22.489
RBI:PRF_LNGNFC_INDUS_ANN_RN(1.0),N_A,102,AFY,MNF_EMA,EBITDA,2020,2019,0,2020-03-31,PT,-15.2123
RBI:PRF_LNGNFC_INDUS_ANN_RN(1.0),N_A,102,AFY,MNF_EMA,EXPD,2020,2019,0,2020-03-31,PT,-7.8886
RBI:PRF_LNGNFC_INDUS_ANN_RN(1.0),N_A,102,AFY,MNF_EMA,GROSS_PFT_EBIT,2020,2019,0,2020-03-31,PT,-23.8076
RBI:PRF_LNGNFC_INDUS_ANN_RN(1.0),N_A,102,AFY,MNF_EMA,INT,2020,2019,0,2020-03-31,PT,9.6731
RBI:PRF_LNGNFC_INDUS_ANN_RN(1.0),N_A,102,AFY,MNF_EMA,OPR_PFT,2020,2019,0,2020-03-31,PT,-15.6358
RBI:PRF_LNGNFC_INDUS_ANN_RN(1.0),N_A,102,AFY,MNF_EMA,OTH_INC,2020,2019,0,2020-03-31,PT,-13.1043
RBI:PRF_LNGNFC_INDUS_ANN_RN(1.0),N_A,102,AFY,MNF_EMA,PC_SHARE_SAL,2020,2019,0,2020-03-31,PT,3.421426
RBI:PRF_LNGNFC_INDUS_ANN_RN(1.0),N_A,102,AFY,MNF_EMA,SALES,2020,2019,0,2020-03-31,INR,1281669800000
RBI:PRF_LNGNFC_INDUS_ANN_RN(1.0),N_A,102,AFY,MNF_EMA,SALES,2020,2019,0,2020-03-31,PT,-8.1848
RBI:PRF_LNGNFC_INDUS_ANN_RN(1.0),N_A,102,AFY,MNF_EMA,TAX_PROV,2020,2019,0,2020-03-31,PT,-32.8933
RBI:PRF_LNGNFC_INDUS_ANN_RN(1.0),N_A,37,AFY,MNF_FMP,DEPRC,2020,2019,0,2020-03-31,PT,5.9316
RBI:PRF_LNGNFC_INDUS_ANN_RN(1.0),N_A,37,AFY,MNF_FMP,EBITDA,2020,2019,0,2020-03-31,PT,-34.9432
RBI:PRF_LNGNFC_INDUS_ANN_RN(1.0),N_A,37,AFY,MNF_FMP,EXPD,2020,2019,0,2020-03-31,PT,-20.0105
RBI:PRF_LNGNFC_INDUS_ANN_RN(1.0),N_A,37,AFY,MNF_FMP,GROSS_PFT_EBIT,2020,2019,0,2020-03-31,PT,-44.4114
RBI:PRF_LNGNFC_INDUS_ANN_RN(1.0),N_A,37,AFY,MNF_FMP,INT,2020,2019,0,2020-03-31,PT,14.0535
RBI:PRF_LNGNFC_INDUS_ANN_RN(1.0),N_A,37,AFY,MNF_FMP,NET_PFT,2020,2019,0,2020-03-31,PT,-43.9157
RBI:PRF_LNGNFC_INDUS_ANN_RN(1.0),N_A,37,AFY,MNF_FMP,OPR_PFT,2020,2019,0,2020-03-31,PT,-36.8128
RBI:PRF_LNGNFC_INDUS_ANN_RN(1.0),N_A,37,AFY,MNF_FMP,OTH_INC,2020,2019,0,2020-03-31,PT,-21.5209
RBI:PRF_LNGNFC_INDUS_ANN_RN(1.0),N_A,37,AFY,MNF_FMP,PC_SHARE_SAL,2020,2019,0,2020-03-31,PT,0.509818
RBI:PRF_LNGNFC_INDUS_ANN_RN(1.0),N_A,37,AFY,MNF_FMP,SALES,2020,2019,0,2020-03-31,INR,190978300000
RBI:PRF_LNGNFC_INDUS_ANN_RN(1.0),N_A,37,AFY,MNF_FMP,SALES,2020,2019,0,2020-03-31,PT,-21.607
RBI:PRF_LNGNFC_INDUS_ANN_RN(1.0),N_A,37,AFY,MNF_FMP,TAX_PROV,2020,2019,0,2020-03-31,PT,-66.1502
RBI:PRF_LNGNFC_INDUS_ANN_RN(1.0),N_A,170,AFY,MNF_FPB,DEPRC,2020,2019,0,2020-03-31,PT,14.4564
RBI:PRF_LNGNFC_INDUS_ANN_RN(1.0),N_A,170,AFY,MNF_FPB,EBITDA,2020,2019,0,2020-03-31,PT,14.6215
RBI:PRF_LNGNFC_INDUS_ANN_RN(1.0),N_A,170,AFY,MNF_FPB,EXPD,2020,2019,0,2020-03-31,PT,0.7096
RBI:PRF_LNGNFC_INDUS_ANN_RN(1.0),N_A,170,AFY,MNF_FPB,GROSS_PFT_EBIT,2020,2019,0,2020-03-31,PT,14.6693
RBI:PRF_LNGNFC_INDUS_ANN_RN(1.0),N_A,170,AFY,MNF_FPB,INT,2020,2019,0,2020-03-31,PT,3.5312
RBI:PRF_LNGNFC_INDUS_ANN_RN(1.0),N_A,170,AFY,MNF_FPB,OPR_PFT,2020,2019,0,2020-03-31,PT,20.1731
RBI:PRF_LNGNFC_INDUS_ANN_RN(1.0),N_A,170,AFY,MNF_FPB,OTH_INC,2020,2019,0,2020-03-31,PT,-10.2763
RBI:PRF_LNGNFC_INDUS_ANN_RN(1.0),N_A,170,AFY,MNF_FPB,PC_SHARE_SAL,2020,2019,0,2020-03-31,PT,4.901268
RBI:PRF_LNGNFC_INDUS_ANN_RN(1.0),N_A,170,AFY,MNF_FPB,SALES,2020,2019,0,2020-03-31,INR,1836020500000
RBI:PRF_LNGNFC_INDUS_ANN_RN(1.0),N_A,170,AFY,MNF_FPB,SALES,2020,2019,0,2020-03-31,PT,5.4883
RBI:PRF_LNGNFC_INDUS_ANN_RN(1.0),N_A,170,AFY,MNF_FPB,TAX_PROV,2020,2019,0,2020-03-31,PT,-20.7219
RBI:PRF_LNGNFC_INDUS_ANN_RN(1.0),N_A,14,AFY,MNF_FPB_DAIRY_PRD,DEPRC,2020,2019,0,2020-03-31,PT,0.4281
RBI:PRF_LNGNFC_INDUS_ANN_RN(1.0),N_A,14,AFY,MNF_FPB_DAIRY_PRD,EXPD,2020,2019,0,2020-03-31,PT,-7.0189
RBI:PRF_LNGNFC_INDUS_ANN_RN(1.0),N_A,14,AFY,MNF_FPB_DAIRY_PRD,INT,2020,2019,0,2020-03-31,PT,-30.9914
RBI:PRF_LNGNFC_INDUS_ANN_RN(1.0),N_A,14,AFY,MNF_FPB_DAIRY_PRD,OTH_INC,2020,2019,0,2020-03-31,PT,17.0148
RBI:PRF_LNGNFC_INDUS_ANN_RN(1.0),N_A,14,AFY,MNF_FPB_DAIRY_PRD,PC_SHARE_SAL,2020,2019,0,2020-03-31,PT,0.678055
RBI:PRF_LNGNFC_INDUS_ANN_RN(1.0),N_A,14,AFY,MNF_FPB_DAIRY_PRD,SALES,2020,2019,0,2020-03-31,INR,254000100000
RBI:PRF_LNGNFC_INDUS_ANN_RN(1.0),N_A,14,AFY,MNF_FPB_DAIRY_PRD,SALES,2020,2019,0,2020-03-31,PT,0.4835
RBI:PRF_LNGNFC_INDUS_ANN_RN(1.0),N_A,14,AFY,MNF_FPB_DAIRY_PRD,TAX_PROV,2020,2019,0,2020-03-31,PT,-22.5734
RBI:PRF_LNGNFC_INDUS_ANN_RN(1.0),N_A,33,AFY,MNF_FPB_EDD_OIL,DEPRC,2020,2019,0,2020-03-31,PT,5.0727
RBI:PRF_LNGNFC_INDUS_ANN_RN(1.0),N_A,33,AFY,MNF_FPB_EDD_OIL,EBITDA,2020,2019,0,2020-03-31,PT,17.0904
RBI:PRF_LNGNFC_INDUS_ANN_RN(1.0),N_A,33,AFY,MNF_FPB_EDD_OIL,EXPD,2020,2019,0,2020-03-31,PT,0.4432
RBI:PRF_LNGNFC_INDUS_ANN_RN(1.0),N_A,33,AFY,MNF_FPB_EDD_OIL,GROSS_PFT_EBIT,2020,2019,0,2020-03-31,PT,19.8962
RBI:PRF_LNGNFC_INDUS_ANN_RN(1.0),N_A,33,AFY,MNF_FPB_EDD_OIL,INT,2020,2019,0,2020-03-31,PT,55.5962
RBI:PRF_LNGNFC_INDUS_ANN_RN(1.0),N_A,33,AFY,MNF_FPB_EDD_OIL,OPR_PFT,2020,2019,0,2020-03-31,PT,24.016
RBI:PRF_LNGNFC_INDUS_ANN_RN(1.0),N_A,33,AFY,MNF_FPB_EDD_OIL,OTH_INC,2020,2019,0,2020-03-31,PT,-9.0814
RBI:PRF_LNGNFC_INDUS_ANN_RN(1.0),N_A,33,AFY,MNF_FPB_EDD_OIL,PC_SHARE_SAL,2020,2019,0,2020-03-31,PT,0.923359
RBI:PRF_LNGNFC_INDUS_ANN_RN(1.0),N_A,33,AFY,MNF_FPB_EDD_OIL,SALES,2020,2019,0,2020-03-31,INR,345891400000
RBI:PRF_LNGNFC_INDUS_ANN_RN(1.0),N_A,33,AFY,MNF_FPB_EDD_OIL,SALES,2020,2019,0,2020-03-31,PT,2.2324
RBI:PRF_LNGNFC_INDUS_ANN_RN(1.0),N_A,33,AFY,MNF_FPB_EDD_OIL,TAX_PROV,2020,2019,0,2020-03-31,PT,77.7679
RBI:PRF_LNGNFC_INDUS_ANN_RN(1.0),N_A,33,AFY,MNF_FPB_ESGR,DEPRC,2020,2019,0,2020-03-31,PT,6.1018
RBI:PRF_LNGNFC_INDUS_ANN_RN(1.0),N_A,33,AFY,MNF_FPB_ESGR,EBITDA,2020,2019,0,2020-03-31,PT,-2.3391
RBI:PRF_LNGNFC_INDUS_ANN_RN(1.0),N_A,33,AFY,MNF_FPB_ESGR,EXPD,2020,2019,0,2020-03-31,PT,1.4274
RBI:PRF_LNGNFC_INDUS_ANN_RN(1.0),N_A,33,AFY,MNF_FPB_ESGR,GROSS_PFT_EBIT,2020,2019,0,2020-03-31,PT,-5.6831
RBI:PRF_LNGNFC_INDUS_ANN_RN(1.0),N_A,33,AFY,MNF_FPB_ESGR,INT,2020,2019,0,2020-03-31,PT,-4.5725
RBI:PRF_LNGNFC_INDUS_ANN_RN(1.0),N_A,33,AFY,MNF_FPB_ESGR,NET_PFT,2020,2019,0,2020-03-31,PT,25.445
RBI:PRF_LNGNFC_INDUS_ANN_RN(1.0),N_A,33,AFY,MNF_FPB_ESGR,OPR_PFT,2020,2019,0,2020-03-31,PT,14.26
RBI:PRF_LNGNFC_INDUS_ANN_RN(1.0),N_A,33,AFY,MNF_FPB_ESGR,OTH_INC,2020,2019,0,2020-03-31,PT,-47.6475
RBI:PRF_LNGNFC_INDUS_ANN_RN(1.0),N_A,33,AFY,MNF_FPB_ESGR,PC_SHARE_SAL,2020,2019,0,2020-03-31,PT,1.272204
RBI:PRF_LNGNFC_INDUS_ANN_RN(1.0),N_A,33,AFY,MNF_FPB_ESGR,SALES,2020,2019,0,2020-03-31,INR,476569100000
RBI:PRF_LNGNFC_INDUS_ANN_RN(1.0),N_A,33,AFY,MNF_FPB_ESGR,SALES,2020,2019,0,2020-03-31,PT,14.2612
RBI:PRF_LNGNFC_INDUS_ANN_RN(1.0),N_A,33,AFY,MNF_FPB_ESGR,TAX_PROV,2020,2019,0,2020-03-31,PT,-23.758
RBI:PRF_LNGNFC_INDUS_ANN_RN(1.0),N_A,90,AFY,MNF_FPB_OFP,DEPRC,2020,2019,0,2020-03-31,PT,32.6904
RBI:PRF_LNGNFC_INDUS_ANN_RN(1.0),N_A,90,AFY,MNF_FPB_OFP,EBITDA,2020,2019,0,2020-03-31,PT,-1.7251
RBI:PRF_LNGNFC_INDUS_ANN_RN(1.0),N_A,90,AFY,MNF_FPB_OFP,EXPD,2020,2019,0,2020-03-31,PT,3.2283
RBI:PRF_LNGNFC_INDUS_ANN_RN(1.0),N_A,90,AFY,MNF_FPB_OFP,GROSS_PFT_EBIT,2020,2019,0,2020-03-31,PT,-7.8691
RBI:PRF_LNGNFC_INDUS_ANN_RN(1.0),N_A,90,AFY,MNF_FPB_OFP,INT,2020,2019,0,2020-03-31,PT,29.412
RBI:PRF_LNGNFC_INDUS_ANN_RN(1.0),N_A,90,AFY,MNF_FPB_OFP,NET_PFT,2020,2019,0,2020-03-31,PT,-8.5951
RBI:PRF_LNGNFC_INDUS_ANN_RN(1.0),N_A,90,AFY,MNF_FPB_OFP,OPR_PFT,2020,2019,0,2020-03-31,PT,-4.6591
RBI:PRF_LNGNFC_INDUS_ANN_RN(1.0),N_A,90,AFY,MNF_FPB_OFP,OTH_INC,2020,2019,0,2020-03-31,PT,21.6268
RBI:PRF_LNGNFC_INDUS_ANN_RN(1.0),N_A,90,AFY,MNF_FPB_OFP,PC_SHARE_SAL,2020,2019,0,2020-03-31,PT,2.02765
RBI:PRF_LNGNFC_INDUS_ANN_RN(1.0),N_A,90,AFY,MNF_FPB_OFP,SALES,2020,2019,0,2020-03-31,INR,759559900000
RBI:PRF_LNGNFC_INDUS_ANN_RN(1.0),N_A,90,AFY,MNF_FPB_OFP,SALES,2020,2019,0,2020-03-31,PT,3.7235
RBI:PRF_LNGNFC_INDUS_ANN_RN(1.0),N_A,90,AFY,MNF_FPB_OFP,TAX_PROV,2020,2019,0,2020-03-31,PT,-27.1667
RBI:PRF_LNGNFC_INDUS_ANN_RN(1.0),N_A,10,AFY,MNF_GGP,DEPRC,2020,2019,0,2020-03-31,PT,7.3233
RBI:PRF_LNGNFC_INDUS_ANN_RN(1.0),N_A,10,AFY,MNF_GGP,EBITDA,2020,2019,0,2020-03-31,PT,0.9115
RBI:PRF_LNGNFC_INDUS_ANN_RN(1.0),N_A,10,AFY,MNF_GGP,EXPD,2020,2019,0,2020-03-31,PT,-4.5529
RBI:PRF_LNGNFC_INDUS_ANN_RN(1.0),N_A,10,AFY,MNF_GGP,GROSS_PFT_EBIT,2020,2019,0,2020-03-31,PT,-2.3014
RBI:PRF_LNGNFC_INDUS_ANN_RN(1.0),N_A,10,AFY,MNF_GGP,INT,2020,2019,0,2020-03-31,PT,1.3064
RBI:PRF_LNGNFC_INDUS_ANN_RN(1.0),N_A,10,AFY,MNF_GGP,NET_PFT,2020,2019,0,2020-03-31,PT,-1.0642
RBI:PRF_LNGNFC_INDUS_ANN_RN(1.0),N_A,10,AFY,MNF_GGP,OPR_PFT,2020,2019,0,2020-03-31,PT,5.3904
RBI:PRF_LNGNFC_INDUS_ANN_RN(1.0),N_A,10,AFY,MNF_GGP,OTH_INC,2020,2019,0,2020-03-31,PT,-27.6558
RBI:PRF_LNGNFC_INDUS_ANN_RN(1.0),N_A,10,AFY,MNF_GGP,PC_SHARE_SAL,2020,2019,0,2020-03-31,PT,0.172346
RBI:PRF_LNGNFC_INDUS_ANN_RN(1.0),N_A,10,AFY,MNF_GGP,SALES,2020,2019,0,2020-03-31,INR,64560900000
RBI:PRF_LNGNFC_INDUS_ANN_RN(1.0),N_A,10,AFY,MNF_GGP,SALES,2020,2019,0,2020-03-31,PT,-4.2467
RBI:PRF_LNGNFC_INDUS_ANN_RN(1.0),N_A,10,AFY,MNF_GGP,TAX_PROV,2020,2019,0,2020-03-31,PT,-58.9079
RBI:PRF_LNGNFC_INDUS_ANN_RN(1.0),N_A,149,AFY,MNF_INS,DEPRC,2020,2019,0,2020-03-31,PT,4.6797
RBI:PRF_LNGNFC_INDUS_ANN_RN(1.0),N_A,149,AFY,MNF_INS,EBITDA,2020,2019,0,2020-03-31,PT,-23.4592
RBI:PRF_LNGNFC_INDUS_ANN_RN(1.0),N_A,149,AFY,MNF_INS,EXPD,2020,2019,0,2020-03-31,PT,-8.878
RBI:PRF_LNGNFC_INDUS_ANN_RN(1.0),N_A,149,AFY,MNF_INS,GROSS_PFT_EBIT,2020,2019,0,2020-03-31,PT,-32.0953
RBI:PRF_LNGNFC_INDUS_ANN_RN(1.0),N_A,149,AFY,MNF_INS,INT,2020,2019,0,2020-03-31,PT,-11.2142
RBI:PRF_LNGNFC_INDUS_ANN_RN(1.0),N_A,149,AFY,MNF_INS,NET_PFT,2020,2019,0,2020-03-31,PT,-33.618
RBI:PRF_LNGNFC_INDUS_ANN_RN(1.0),N_A,149,AFY,MNF_INS,OPR_PFT,2020,2019,0,2020-03-31,PT,-24.3536
RBI:PRF_LNGNFC_INDUS_ANN_RN(1.0),N_A,149,AFY,MNF_INS,OTH_INC,2020,2019,0,2020-03-31,PT,-12.8098
RBI:PRF_LNGNFC_INDUS_ANN_RN(1.0),N_A,149,AFY,MNF_INS,PC_SHARE_SAL,2020,2019,0,2020-03-31,PT,8.096831
RBI:PRF_LNGNFC_INDUS_ANN_RN(1.0),N_A,149,AFY,MNF_INS,SALES,2020,2019,0,2020-03-31,INR,3033081900000
RBI:PRF_LNGNFC_INDUS_ANN_RN(1.0),N_A,149,AFY,MNF_INS,SALES,2020,2019,0,2020-03-31,PT,-11.4377
RBI:PRF_LNGNFC_INDUS_ANN_RN(1.0),N_A,149,AFY,MNF_INS,TAX_PROV,2020,2019,0,2020-03-31,PT,-55.2268
RBI:PRF_LNGNFC_INDUS_ANN_RN(1.0),N_A,43,AFY,MNF_JRA,DEPRC,2020,2019,0,2020-03-31,PT,101.6527
RBI:PRF_LNGNFC_INDUS_ANN_RN(1.0),N_A,43,AFY,MNF_JRA,EBITDA,2020,2019,0,2020-03-31,PT,9.2456
RBI:PRF_LNGNFC_INDUS_ANN_RN(1.0),N_A,43,AFY,MNF_JRA,EXPD,2020,2019,0,2020-03-31,PT,2.9871
RBI:PRF_LNGNFC_INDUS_ANN_RN(1.0),N_A,43,AFY,MNF_JRA,GROSS_PFT_EBIT,2020,2019,0,2020-03-31,PT,3.8602
RBI:PRF_LNGNFC_INDUS_ANN_RN(1.0),N_A,43,AFY,MNF_JRA,INT,2020,2019,0,2020-03-31,PT,-21.6227
RBI:PRF_LNGNFC_INDUS_ANN_RN(1.0),N_A,43,AFY,MNF_JRA,NET_PFT,2020,2019,0,2020-03-31,PT,15.6663
RBI:PRF_LNGNFC_INDUS_ANN_RN(1.0),N_A,43,AFY,MNF_JRA,OPR_PFT,2020,2019,0,2020-03-31,PT,9.5733
RBI:PRF_LNGNFC_INDUS_ANN_RN(1.0),N_A,43,AFY,MNF_JRA,OTH_INC,2020,2019,0,2020-03-31,PT,6.2904
RBI:PRF_LNGNFC_INDUS_ANN_RN(1.0),N_A,43,AFY,MNF_JRA,PC_SHARE_SAL,2020,2019,0,2020-03-31,PT,2.281042
RBI:PRF_LNGNFC_INDUS_ANN_RN(1.0),N_A,43,AFY,MNF_JRA,SALES,2020,2019,0,2020-03-31,INR,854480900000
RBI:PRF_LNGNFC_INDUS_ANN_RN(1.0),N_A,43,AFY,MNF_JRA,SALES,2020,2019,0,2020-03-31,PT,2.7933
RBI:PRF_LNGNFC_INDUS_ANN_RN(1.0),N_A,43,AFY,MNF_JRA,TAX_PROV,2020,2019,0,2020-03-31,PT,-3.3623
RBI:PRF_LNGNFC_INDUS_ANN_RN(1.0),N_A,16,AFY,MNF_LTH,DEPRC,2020,2019,0,2020-03-31,PT,97.6799
RBI:PRF_LNGNFC_INDUS_ANN_RN(1.0),N_A,16,AFY,MNF_LTH,EBITDA,2020,2019,0,2020-03-31,PT,21.2963
RBI:PRF_LNGNFC_INDUS_ANN_RN(1.0),N_A,16,AFY,MNF_LTH,EXPD,2020,2019,0,2020-03-31,PT,-4.8299
RBI:PRF_LNGNFC_INDUS_ANN_RN(1.0),N_A,16,AFY,MNF_LTH,GROSS_PFT_EBIT,2020,2019,0,2020-03-31,PT,4.161
RBI:PRF_LNGNFC_INDUS_ANN_RN(1.0),N_A,16,AFY,MNF_LTH,INT,2020,2019,0,2020-03-31,PT,31.5103
RBI:PRF_LNGNFC_INDUS_ANN_RN(1.0),N_A,16,AFY,MNF_LTH,NET_PFT,2020,2019,0,2020-03-31,PT,8.4015
RBI:PRF_LNGNFC_INDUS_ANN_RN(1.0),N_A,16,AFY,MNF_LTH,OPR_PFT,2020,2019,0,2020-03-31,PT,20.6949
RBI:PRF_LNGNFC_INDUS_ANN_RN(1.0),N_A,16,AFY,MNF_LTH,OTH_INC,2020,2019,0,2020-03-31,PT,31.1704
RBI:PRF_LNGNFC_INDUS_ANN_RN(1.0),N_A,16,AFY,MNF_LTH,PC_SHARE_SAL,2020,2019,0,2020-03-31,PT,0.194137
RBI:PRF_LNGNFC_INDUS_ANN_RN(1.0),N_A,16,AFY,MNF_LTH,SALES,2020,2019,0,2020-03-31,INR,72723900000
RBI:PRF_LNGNFC_INDUS_ANN_RN(1.0),N_A,16,AFY,MNF_LTH,SALES,2020,2019,0,2020-03-31,PT,1.4137
RBI:PRF_LNGNFC_INDUS_ANN_RN(1.0),N_A,16,AFY,MNF_LTH,TAX_PROV,2020,2019,0,2020-03-31,PT,-26.7096
RBI:PRF_LNGNFC_INDUS_ANN_RN(1.0),N_A,138,AFY,MNF_MMT,DEPRC,2020,2019,0,2020-03-31,PT,11.3112
RBI:PRF_LNGNFC_INDUS_ANN_RN(1.0),N_A,138,AFY,MNF_MMT,EBITDA,2020,2019,0,2020-03-31,PT,-10.3892
RBI:PRF_LNGNFC_INDUS_ANN_RN(1.0),N_A,138,AFY,MNF_MMT,EXPD,2020,2019,0,2020-03-31,PT,-3.1548
RBI:PRF_LNGNFC_INDUS_ANN_RN(1.0),N_A,138,AFY,MNF_MMT,GROSS_PFT_EBIT,2020,2019,0,2020-03-31,PT,-14.6954
RBI:PRF_LNGNFC_INDUS_ANN_RN(1.0),N_A,138,AFY,MNF_MMT,INT,2020,2019,0,2020-03-31,PT,1.2129
RBI:PRF_LNGNFC_INDUS_ANN_RN(1.0),N_A,138,AFY,MNF_MMT,NET_PFT,2020,2019,0,2020-03-31,PT,-9.8206
RBI:PRF_LNGNFC_INDUS_ANN_RN(1.0),N_A,138,AFY,MNF_MMT,OPR_PFT,2020,2019,0,2020-03-31,PT,-16.3543
RBI:PRF_LNGNFC_INDUS_ANN_RN(1.0),N_A,138,AFY,MNF_MMT,OTH_INC,2020,2019,0,2020-03-31,PT,17.3736
RBI:PRF_LNGNFC_INDUS_ANN_RN(1.0),N_A,138,AFY,MNF_MMT,PC_SHARE_SAL,2020,2019,0,2020-03-31,PT,2.087849
RBI:PRF_LNGNFC_INDUS_ANN_RN(1.0),N_A,138,AFY,MNF_MMT,SALES,2020,2019,0,2020-03-31,INR,782110500000
RBI:PRF_LNGNFC_INDUS_ANN_RN(1.0),N_A,138,AFY,MNF_MMT,SALES,2020,2019,0,2020-03-31,PT,-4.0142
RBI:PRF_LNGNFC_INDUS_ANN_RN(1.0),N_A,138,AFY,MNF_MMT,TAX_PROV,2020,2019,0,2020-03-31,PT,-34.3427
RBI:PRF_LNGNFC_INDUS_ANN_RN(1.0),N_A,13,AFY,MNF_MMT_MV,DEPRC,2020,2019,0,2020-03-31,PT,14.7487
RBI:PRF_LNGNFC_INDUS_ANN_RN(1.0),N_A,13,AFY,MNF_MMT_MV,EBITDA,2020,2019,0,2020-03-31,PT,-27.5149
RBI:PRF_LNGNFC_INDUS_ANN_RN(1.0),N_A,13,AFY,MNF_MMT_MV,EXPD,2020,2019,0,2020-03-31,PT,-18.2455
RBI:PRF_LNGNFC_INDUS_ANN_RN(1.0),N_A,13,AFY,MNF_MMT_MV,GROSS_PFT_EBIT,2020,2019,0,2020-03-31,PT,-38.2631
RBI:PRF_LNGNFC_INDUS_ANN_RN(1.0),N_A,13,AFY,MNF_MMT_MV,INT,2020,2019,0,2020-03-31,PT,14.7255
RBI:PRF_LNGNFC_INDUS_ANN_RN(1.0),N_A,13,AFY,MNF_MMT_MV,NET_PFT,2020,2019,0,2020-03-31,PT,-58.8697
RBI:PRF_LNGNFC_INDUS_ANN_RN(1.0),N_A,13,AFY,MNF_MMT_MV,OPR_PFT,2020,2019,0,2020-03-31,PT,-34.7543
RBI:PRF_LNGNFC_INDUS_ANN_RN(1.0),N_A,13,AFY,MNF_MMT_MV,OTH_INC,2020,2019,0,2020-03-31,PT,2.5978
RBI:PRF_LNGNFC_INDUS_ANN_RN(1.0),N_A,13,AFY,MNF_MMT_MV,PC_SHARE_SAL,2020,2019,0,2020-03-31,PT,7.513353
RBI:PRF_LNGNFC_INDUS_ANN_RN(1.0),N_A,13,AFY,MNF_MMT_MV,SALES,2020,2019,0,2020-03-31,INR,2814510400000
RBI:PRF_LNGNFC_INDUS_ANN_RN(1.0),N_A,13,AFY,MNF_MMT_MV,SALES,2020,2019,0,2020-03-31,PT,-19.0577
RBI:PRF_LNGNFC_INDUS_ANN_RN(1.0),N_A,13,AFY,MNF_MMT_MV,TAX_PROV,2020,2019,0,2020-03-31,PT,-38.7781
RBI:PRF_LNGNFC_INDUS_ANN_RN(1.0),N_A,99,AFY,MNF_MMT_OTH,DEPRC,2020,2019,0,2020-03-31,PT,13.5097
RBI:PRF_LNGNFC_INDUS_ANN_RN(1.0),N_A,99,AFY,MNF_MMT_OTH,EBITDA,2020,2019,0,2020-03-31,PT,-26.2771
RBI:PRF_LNGNFC_INDUS_ANN_RN(1.0),N_A,99,AFY,MNF_MMT_OTH,EXPD,2020,2019,0,2020-03-31,PT,-18.2461
RBI:PRF_LNGNFC_INDUS_ANN_RN(1.0),N_A,99,AFY,MNF_MMT_OTH,GROSS_PFT_EBIT,2020,2019,0,2020-03-31,PT,-37.628
RBI:PRF_LNGNFC_INDUS_ANN_RN(1.0),N_A,99,AFY,MNF_MMT_OTH,INT,2020,2019,0,2020-03-31,PT,8.8389
RBI:PRF_LNGNFC_INDUS_ANN_RN(1.0),N_A,99,AFY,MNF_MMT_OTH,NET_PFT,2020,2019,0,2020-03-31,PT,-43.1108
RBI:PRF_LNGNFC_INDUS_ANN_RN(1.0),N_A,99,AFY,MNF_MMT_OTH,OPR_PFT,2020,2019,0,2020-03-31,PT,-32.9042
RBI:PRF_LNGNFC_INDUS_ANN_RN(1.0),N_A,99,AFY,MNF_MMT_OTH,OTH_INC,2020,2019,0,2020-03-31,PT,3.8277
RBI:PRF_LNGNFC_INDUS_ANN_RN(1.0),N_A,99,AFY,MNF_MMT_OTH,PC_SHARE_SAL,2020,2019,0,2020-03-31,PT,9.429552
RBI:PRF_LNGNFC_INDUS_ANN_RN(1.0),N_A,99,AFY,MNF_MMT_OTH,SALES,2020,2019,0,2020-03-31,INR,3532320700000
RBI:PRF_LNGNFC_INDUS_ANN_RN(1.0),N_A,99,AFY,MNF_MMT_OTH,SALES,2020,2019,0,2020-03-31,PT,-18.7486
RBI:PRF_LNGNFC_INDUS_ANN_RN(1.0),N_A,99,AFY,MNF_MMT_OTH,TAX_PROV,2020,2019,0,2020-03-31,PT,-39.5805
RBI:PRF_LNGNFC_INDUS_ANN_RN(1.0),N_A,86,AFY,MNF_MMT_PRTS,DEPRC,2020,2019,0,2020-03-31,PT,9.6393
RBI:PRF_LNGNFC_INDUS_ANN_RN(1.0),N_A,86,AFY,MNF_MMT_PRTS,EBITDA,2020,2019,0,2020-03-31,PT,-20.263
RBI:PRF_LNGNFC_INDUS_ANN_RN(1.0),N_A,86,AFY,MNF_MMT_PRTS,EXPD,2020,2019,0,2020-03-31,PT,-18.2487
RBI:PRF_LNGNFC_INDUS_ANN_RN(1.0),N_A,86,AFY,MNF_MMT_PRTS,GROSS_PFT_EBIT,2020,2019,0,2020-03-31,PT,-34.0348
RBI:PRF_LNGNFC_INDUS_ANN_RN(1.0),N_A,86,AFY,MNF_MMT_PRTS,INT,2020,2019,0,2020-03-31,PT,3.5136
RBI:PRF_LNGNFC_INDUS_ANN_RN(1.0),N_A,86,AFY,MNF_MMT_PRTS,OPR_PFT,2020,2019,0,2020-03-31,PT,-24.7131
RBI:PRF_LNGNFC_INDUS_ANN_RN(1.0),N_A,86,AFY,MNF_MMT_PRTS,OTH_INC,2020,2019,0,2020-03-31,PT,13.868
RBI:PRF_LNGNFC_INDUS_ANN_RN(1.0),N_A,86,AFY,MNF_MMT_PRTS,PC_SHARE_SAL,2020,2019,0,2020-03-31,PT,1.916199
RBI:PRF_LNGNFC_INDUS_ANN_RN(1.0),N_A,86,AFY,MNF_MMT_PRTS,SALES,2020,2019,0,2020-03-31,INR,717810300000
RBI:PRF_LNGNFC_INDUS_ANN_RN(1.0),N_A,86,AFY,MNF_MMT_PRTS,SALES,2020,2019,0,2020-03-31,PT,-17.5136
RBI:PRF_LNGNFC_INDUS_ANN_RN(1.0),N_A,86,AFY,MNF_MMT_PRTS,TAX_PROV,2020,2019,0,2020-03-31,PT,-43.7019
RBI:PRF_LNGNFC_INDUS_ANN_RN(1.0),N_A,8,AFY,MNF_MPOSE,DEPRC,2020,2019,0,2020-03-31,PT,-3.5548
RBI:PRF_LNGNFC_INDUS_ANN_RN(1.0),N_A,8,AFY,MNF_MPOSE,EBITDA,2020,2019,0,2020-03-31,PT,4.5804
RBI:PRF_LNGNFC_INDUS_ANN_RN(1.0),N_A,8,AFY,MNF_MPOSE,EXPD,2020,2019,0,2020-03-31,PT,1.7203
RBI:PRF_LNGNFC_INDUS_ANN_RN(1.0),N_A,8,AFY,MNF_MPOSE,GROSS_PFT_EBIT,2020,2019,0,2020-03-31,PT,7.4215
RBI:PRF_LNGNFC_INDUS_ANN_RN(1.0),N_A,8,AFY,MNF_MPOSE,INT,2020,2019,0,2020-03-31,PT,40.4089
RBI:PRF_LNGNFC_INDUS_ANN_RN(1.0),N_A,8,AFY,MNF_MPOSE,OPR_PFT,2020,2019,0,2020-03-31,PT,4.1742
RBI:PRF_LNGNFC_INDUS_ANN_RN(1.0),N_A,8,AFY,MNF_MPOSE,OTH_INC,2020,2019,0,2020-03-31,PT,7.8719
RBI:PRF_LNGNFC_INDUS_ANN_RN(1.0),N_A,8,AFY,MNF_MPOSE,PC_SHARE_SAL,2020,2019,0,2020-03-31,PT,0.022098
RBI:PRF_LNGNFC_INDUS_ANN_RN(1.0),N_A,8,AFY,MNF_MPOSE,SALES,2020,2019,0,2020-03-31,INR,8277800000
RBI:PRF_LNGNFC_INDUS_ANN_RN(1.0),N_A,8,AFY,MNF_MPOSE,SALES,2020,2019,0,2020-03-31,PT,1.9823
RBI:PRF_LNGNFC_INDUS_ANN_RN(1.0),N_A,8,AFY,MNF_MPOSE,TAX_PROV,2020,2019,0,2020-03-31,PT,6.0597
RBI:PRF_LNGNFC_INDUS_ANN_RN(1.0),N_A,53,AFY,MNF_OTH,DEPRC,2020,2019,0,2020-03-31,PT,7.4852
RBI:PRF_LNGNFC_INDUS_ANN_RN(1.0),N_A,53,AFY,MNF_OTH,EBITDA,2020,2019,0,2020-03-31,PT,-74.6611
RBI:PRF_LNGNFC_INDUS_ANN_RN(1.0),N_A,53,AFY,MNF_OTH,EXPD,2020,2019,0,2020-03-31,PT,-7.7474
RBI:PRF_LNGNFC_INDUS_ANN_RN(1.0),N_A,53,AFY,MNF_OTH,GROSS_PFT_EBIT,2020,2019,0,2020-03-31,PT,-80.8181
RBI:PRF_LNGNFC_INDUS_ANN_RN(1.0),N_A,53,AFY,MNF_OTH,INT,2020,2019,0,2020-03-31,PT,14.129
RBI:PRF_LNGNFC_INDUS_ANN_RN(1.0),N_A,53,AFY,MNF_OTH,NET_PFT,2020,2019,0,2020-03-31,PT,-79.3535
RBI:PRF_LNGNFC_INDUS_ANN_RN(1.0),N_A,53,AFY,MNF_OTH,OPR_PFT,2020,2019,0,2020-03-31,PT,-79.3284
RBI:PRF_LNGNFC_INDUS_ANN_RN(1.0),N_A,53,AFY,MNF_OTH,OTH_INC,2020,2019,0,2020-03-31,PT,0.5313
RBI:PRF_LNGNFC_INDUS_ANN_RN(1.0),N_A,53,AFY,MNF_OTH,PC_SHARE_SAL,2020,2019,0,2020-03-31,PT,0.725034
RBI:PRF_LNGNFC_INDUS_ANN_RN(1.0),N_A,53,AFY,MNF_OTH,SALES,2020,2019,0,2020-03-31,INR,271598500000
RBI:PRF_LNGNFC_INDUS_ANN_RN(1.0),N_A,53,AFY,MNF_OTH,SALES,2020,2019,0,2020-03-31,PT,-26.1112
RBI:PRF_LNGNFC_INDUS_ANN_RN(1.0),N_A,53,AFY,MNF_OTH,TAX_PROV,2020,2019,0,2020-03-31,PT,-86.9237
RBI:PRF_LNGNFC_INDUS_ANN_RN(1.0),N_A,17,AFY,MNF_PETR_PRD,DEPRC,2020,2019,0,2020-03-31,PT,-7.1259
RBI:PRF_LNGNFC_INDUS_ANN_RN(1.0),N_A,17,AFY,MNF_PETR_PRD,EBITDA,2020,2019,0,2020-03-31,PT,-2.0466
RBI:PRF_LNGNFC_INDUS_ANN_RN(1.0),N_A,17,AFY,MNF_PETR_PRD,EXPD,2020,2019,0,2020-03-31,PT,-10.0053
RBI:PRF_LNGNFC_INDUS_ANN_RN(1.0),N_A,17,AFY,MNF_PETR_PRD,GROSS_PFT_EBIT,2020,2019,0,2020-03-31,PT,-1.1247
RBI:PRF_LNGNFC_INDUS_ANN_RN(1.0),N_A,17,AFY,MNF_PETR_PRD,INT,2020,2019,0,2020-03-31,PT,23.8803
RBI:PRF_LNGNFC_INDUS_ANN_RN(1.0),N_A,17,AFY,MNF_PETR_PRD,NET_PFT,2020,2019,0,2020-03-31,PT,-11.5882
RBI:PRF_LNGNFC_INDUS_ANN_RN(1.0),N_A,17,AFY,MNF_PETR_PRD,OPR_PFT,2020,2019,0,2020-03-31,PT,-10.1059
RBI:PRF_LNGNFC_INDUS_ANN_RN(1.0),N_A,17,AFY,MNF_PETR_PRD,OTH_INC,2020,2019,0,2020-03-31,PT,52.3121
RBI:PRF_LNGNFC_INDUS_ANN_RN(1.0),N_A,17,AFY,MNF_PETR_PRD,PC_SHARE_SAL,2020,2019,0,2020-03-31,PT,9.3403
RBI:PRF_LNGNFC_INDUS_ANN_RN(1.0),N_A,17,AFY,MNF_PETR_PRD,SALES,2020,2019,0,2020-03-31,INR,3498886700000
RBI:PRF_LNGNFC_INDUS_ANN_RN(1.0),N_A,17,AFY,MNF_PETR_PRD,SALES,2020,2019,0,2020-03-31,PT,-9.206
RBI:PRF_LNGNFC_INDUS_ANN_RN(1.0),N_A,17,AFY,MNF_PETR_PRD,TAX_PROV,2020,2019,0,2020-03-31,PT,-24.2045
RBI:PRF_LNGNFC_INDUS_ANN_RN(1.0),N_A,156,AFY,MNF_PM,DEPRC,2020,2019,0,2020-03-31,PT,10.5087
RBI:PRF_LNGNFC_INDUS_ANN_RN(1.0),N_A,156,AFY,MNF_PM,EBITDA,2020,2019,0,2020-03-31,PT,10.5757
RBI:PRF_LNGNFC_INDUS_ANN_RN(1.0),N_A,156,AFY,MNF_PM,EXPD,2020,2019,0,2020-03-31,PT,4.9281
RBI:PRF_LNGNFC_INDUS_ANN_RN(1.0),N_A,156,AFY,MNF_PM,GROSS_PFT_EBIT,2020,2019,0,2020-03-31,PT,10.5905
RBI:PRF_LNGNFC_INDUS_ANN_RN(1.0),N_A,156,AFY,MNF_PM,INT,2020,2019,0,2020-03-31,PT,6.4046
RBI:PRF_LNGNFC_INDUS_ANN_RN(1.0),N_A,156,AFY,MNF_PM,NET_PFT,2020,2019,0,2020-03-31,PT,27.2569
RBI:PRF_LNGNFC_INDUS_ANN_RN(1.0),N_A,156,AFY,MNF_PM,OPR_PFT,2020,2019,0,2020-03-31,PT,9.5827
RBI:PRF_LNGNFC_INDUS_ANN_RN(1.0),N_A,156,AFY,MNF_PM,OTH_INC,2020,2019,0,2020-03-31,PT,14.8703
RBI:PRF_LNGNFC_INDUS_ANN_RN(1.0),N_A,156,AFY,MNF_PM,PC_SHARE_SAL,2020,2019,0,2020-03-31,PT,4.593776
RBI:PRF_LNGNFC_INDUS_ANN_RN(1.0),N_A,156,AFY,MNF_PM,SALES,2020,2019,0,2020-03-31,INR,1720833400000
RBI:PRF_LNGNFC_INDUS_ANN_RN(1.0),N_A,156,AFY,MNF_PM,SALES,2020,2019,0,2020-03-31,PT,5.7018
RBI:PRF_LNGNFC_INDUS_ANN_RN(1.0),N_A,156,AFY,MNF_PM,TAX_PROV,2020,2019,0,2020-03-31,PT,1.4537
RBI:PRF_LNGNFC_INDUS_ANN_RN(1.0),N_A,31,AFY,MNF_PNFFM,DEPRC,2020,2019,0,2020-03-31,PT,6.4782
RBI:PRF_LNGNFC_INDUS_ANN_RN(1.0),N_A,31,AFY,MNF_PNFFM,EBITDA,2020,2019,0,2020-03-31,PT,-18.7801
RBI:PRF_LNGNFC_INDUS_ANN_RN(1.0),N_A,31,AFY,MNF_PNFFM,EXPD,2020,2019,0,2020-03-31,PT,-11.5964
RBI:PRF_LNGNFC_INDUS_ANN_RN(1.0),N_A,31,AFY,MNF_PNFFM,GROSS_PFT_EBIT,2020,2019,0,2020-03-31,PT,-26.4549
RBI:PRF_LNGNFC_INDUS_ANN_RN(1.0),N_A,31,AFY,MNF_PNFFM,INT,2020,2019,0,2020-03-31,PT,-8.0932
RBI:PRF_LNGNFC_INDUS_ANN_RN(1.0),N_A,31,AFY,MNF_PNFFM,NET_PFT,2020,2019,0,2020-03-31,PT,-96.2205
RBI:PRF_LNGNFC_INDUS_ANN_RN(1.0),N_A,31,AFY,MNF_PNFFM,OPR_PFT,2020,2019,0,2020-03-31,PT,-11.4312
RBI:PRF_LNGNFC_INDUS_ANN_RN(1.0),N_A,31,AFY,MNF_PNFFM,OTH_INC,2020,2019,0,2020-03-31,PT,-35.6337
RBI:PRF_LNGNFC_INDUS_ANN_RN(1.0),N_A,31,AFY,MNF_PNFFM,PC_SHARE_SAL,2020,2019,0,2020-03-31,PT,2.748063
RBI:PRF_LNGNFC_INDUS_ANN_RN(1.0),N_A,31,AFY,MNF_PNFFM,SALES,2020,2019,0,2020-03-31,INR,1029427600000
RBI:PRF_LNGNFC_INDUS_ANN_RN(1.0),N_A,31,AFY,MNF_PNFFM,SALES,2020,2019,0,2020-03-31,PT,-10.3922
RBI:PRF_LNGNFC_INDUS_ANN_RN(1.0),N_A,31,AFY,MNF_PNFFM,TAX_PROV,2020,2019,0,2020-03-31,PT,-39.7624
RBI:PRF_LNGNFC_INDUS_ANN_RN(1.0),N_A,44,AFY,MNF_PNPD,DEPRC,2020,2019,0,2020-03-31,PT,9.0717
RBI:PRF_LNGNFC_INDUS_ANN_RN(1.0),N_A,44,AFY,MNF_PNPD,EBITDA,2020,2019,0,2020-03-31,PT,-56.3185
RBI:PRF_LNGNFC_INDUS_ANN_RN(1.0),N_A,44,AFY,MNF_PNPD,EXPD,2020,2019,0,2020-03-31,PT,-4.6937
RBI:PRF_LNGNFC_INDUS_ANN_RN(1.0),N_A,44,AFY,MNF_PNPD,GROSS_PFT_EBIT,2020,2019,0,2020-03-31,PT,-64.5138
RBI:PRF_LNGNFC_INDUS_ANN_RN(1.0),N_A,44,AFY,MNF_PNPD,INT,2020,2019,0,2020-03-31,PT,2.4047
RBI:PRF_LNGNFC_INDUS_ANN_RN(1.0),N_A,44,AFY,MNF_PNPD,NET_PFT,2020,2019,0,2020-03-31,PT,-72.125
RBI:PRF_LNGNFC_INDUS_ANN_RN(1.0),N_A,44,AFY,MNF_PNPD,OPR_PFT,2020,2019,0,2020-03-31,PT,-14.711
RBI:PRF_LNGNFC_INDUS_ANN_RN(1.0),N_A,44,AFY,MNF_PNPD,OTH_INC,2020,2019,0,2020-03-31,PT,-93.87
RBI:PRF_LNGNFC_INDUS_ANN_RN(1.0),N_A,44,AFY,MNF_PNPD,PC_SHARE_SAL,2020,2019,0,2020-03-31,PT,0.73412
RBI:PRF_LNGNFC_INDUS_ANN_RN(1.0),N_A,44,AFY,MNF_PNPD,SALES,2020,2019,0,2020-03-31,INR,275002100000
RBI:PRF_LNGNFC_INDUS_ANN_RN(1.0),N_A,44,AFY,MNF_PNPD,SALES,2020,2019,0,2020-03-31,PT,-6.6877
RBI:PRF_LNGNFC_INDUS_ANN_RN(1.0),N_A,44,AFY,MNF_PNPD,TAX_PROV,2020,2019,0,2020-03-31,PT,-10.9315
RBI:PRF_LNGNFC_INDUS_ANN_RN(1.0),N_A,111,AFY,MNF_PP,DEPRC,2020,2019,0,2020-03-31,PT,11.8896
RBI:PRF_LNGNFC_INDUS_ANN_RN(1.0),N_A,111,AFY,MNF_PP,EBITDA,2020,2019,0,2020-03-31,PT,-9.1123
RBI:PRF_LNGNFC_INDUS_ANN_RN(1.0),N_A,111,AFY,MNF_PP,EXPD,2020,2019,0,2020-03-31,PT,-8.4691
RBI:PRF_LNGNFC_INDUS_ANN_RN(1.0),N_A,111,AFY,MNF_PP,GROSS_PFT_EBIT,2020,2019,0,2020-03-31,PT,-16.2565
RBI:PRF_LNGNFC_INDUS_ANN_RN(1.0),N_A,111,AFY,MNF_PP,INT,2020,2019,0,2020-03-31,PT,4.1903
RBI:PRF_LNGNFC_INDUS_ANN_RN(1.0),N_A,111,AFY,MNF_PP,NET_PFT,2020,2019,0,2020-03-31,PT,5.2401
RBI:PRF_LNGNFC_INDUS_ANN_RN(1.0),N_A,111,AFY,MNF_PP,OPR_PFT,2020,2019,0,2020-03-31,PT,-11.5545
RBI:PRF_LNGNFC_INDUS_ANN_RN(1.0),N_A,111,AFY,MNF_PP,OTH_INC,2020,2019,0,2020-03-31,PT,8.3071
RBI:PRF_LNGNFC_INDUS_ANN_RN(1.0),N_A,111,AFY,MNF_PP,PC_SHARE_SAL,2020,2019,0,2020-03-31,PT,1.203702
RBI:PRF_LNGNFC_INDUS_ANN_RN(1.0),N_A,111,AFY,MNF_PP,SALES,2020,2019,0,2020-03-31,INR,450908200000
RBI:PRF_LNGNFC_INDUS_ANN_RN(1.0),N_A,111,AFY,MNF_PP,SALES,2020,2019,0,2020-03-31,PT,-9.2801
RBI:PRF_LNGNFC_INDUS_ANN_RN(1.0),N_A,111,AFY,MNF_PP,TAX_PROV,2020,2019,0,2020-03-31,PT,-18.3798
RBI:PRF_LNGNFC_INDUS_ANN_RN(1.0),N_A,24,AFY,MNF_RRP,DEPRC,2020,2019,0,2020-03-31,PT,25.6236
RBI:PRF_LNGNFC_INDUS_ANN_RN(1.0),N_A,24,AFY,MNF_RRP,EBITDA,2020,2019,0,2020-03-31,PT,-4.4346
RBI:PRF_LNGNFC_INDUS_ANN_RN(1.0),N_A,24,AFY,MNF_RRP,EXPD,2020,2019,0,2020-03-31,PT,-10.711
RBI:PRF_LNGNFC_INDUS_ANN_RN(1.0),N_A,24,AFY,MNF_RRP,GROSS_PFT_EBIT,2020,2019,0,2020-03-31,PT,-15.4465
RBI:PRF_LNGNFC_INDUS_ANN_RN(1.0),N_A,24,AFY,MNF_RRP,INT,2020,2019,0,2020-03-31,PT,23.9526
RBI:PRF_LNGNFC_INDUS_ANN_RN(1.0),N_A,24,AFY,MNF_RRP,NET_PFT,2020,2019,0,2020-03-31,PT,10.9515
RBI:PRF_LNGNFC_INDUS_ANN_RN(1.0),N_A,24,AFY,MNF_RRP,OPR_PFT,2020,2019,0,2020-03-31,PT,-2.2381
RBI:PRF_LNGNFC_INDUS_ANN_RN(1.0),N_A,24,AFY,MNF_RRP,OTH_INC,2020,2019,0,2020-03-31,PT,-20.3971
RBI:PRF_LNGNFC_INDUS_ANN_RN(1.0),N_A,24,AFY,MNF_RRP,PC_SHARE_SAL,2020,2019,0,2020-03-31,PT,1.341687
RBI:PRF_LNGNFC_INDUS_ANN_RN(1.0),N_A,24,AFY,MNF_RRP,SALES,2020,2019,0,2020-03-31,INR,502597300000
RBI:PRF_LNGNFC_INDUS_ANN_RN(1.0),N_A,24,AFY,MNF_RRP,SALES,2020,2019,0,2020-03-31,PT,-7.1553
RBI:PRF_LNGNFC_INDUS_ANN_RN(1.0),N_A,24,AFY,MNF_RRP,TAX_PROV,2020,2019,0,2020-03-31,PT,-16.3836
RBI:PRF_LNGNFC_INDUS_ANN_RN(1.0),N_A,7,AFY,MNF_TBC_PRD,DEPRC,2020,2019,0,2020-03-31,PT,21.2828
RBI:PRF_LNGNFC_INDUS_ANN_RN(1.0),N_A,7,AFY,MNF_TBC_PRD,EBITDA,2020,2019,0,2020-03-31,PT,6.6232
RBI:PRF_LNGNFC_INDUS_ANN_RN(1.0),N_A,7,AFY,MNF_TBC_PRD,EXPD,2020,2019,0,2020-03-31,PT,2.0814
RBI:PRF_LNGNFC_INDUS_ANN_RN(1.0),N_A,7,AFY,MNF_TBC_PRD,GROSS_PFT_EBIT,2020,2019,0,2020-03-31,PT,5.5172
RBI:PRF_LNGNFC_INDUS_ANN_RN(1.0),N_A,7,AFY,MNF_TBC_PRD,INT,2020,2019,0,2020-03-31,PT,83.4306
RBI:PRF_LNGNFC_INDUS_ANN_RN(1.0),N_A,7,AFY,MNF_TBC_PRD,NET_PFT,2020,2019,0,2020-03-31,PT,22.0011
RBI:PRF_LNGNFC_INDUS_ANN_RN(1.0),N_A,7,AFY,MNF_TBC_PRD,OPR_PFT,2020,2019,0,2020-03-31,PT,4.4868
RBI:PRF_LNGNFC_INDUS_ANN_RN(1.0),N_A,7,AFY,MNF_TBC_PRD,OTH_INC,2020,2019,0,2020-03-31,PT,21.4129
RBI:PRF_LNGNFC_INDUS_ANN_RN(1.0),N_A,7,AFY,MNF_TBC_PRD,PC_SHARE_SAL,2020,2019,0,2020-03-31,PT,1.365123
RBI:PRF_LNGNFC_INDUS_ANN_RN(1.0),N_A,7,AFY,MNF_TBC_PRD,SALES,2020,2019,0,2020-03-31,INR,511376600000
RBI:PRF_LNGNFC_INDUS_ANN_RN(1.0),N_A,7,AFY,MNF_TBC_PRD,SALES,2020,2019,0,2020-03-31,PT,2.9883
RBI:PRF_LNGNFC_INDUS_ANN_RN(1.0),N_A,7,AFY,MNF_TBC_PRD,TAX_PROV,2020,2019,0,2020-03-31,PT,-23.3737
RBI:PRF_LNGNFC_INDUS_ANN_RN(1.0),N_A,269,AFY,MNF_TXT,DEPRC,2020,2019,0,2020-03-31,PT,18.2928
RBI:PRF_LNGNFC_INDUS_ANN_RN(1.0),N_A,269,AFY,MNF_TXT,EBITDA,2020,2019,0,2020-03-31,PT,-21.9729
RBI:PRF_LNGNFC_INDUS_ANN_RN(1.0),N_A,269,AFY,MNF_TXT,EXPD,2020,2019,0,2020-03-31,PT,-4.4554
RBI:PRF_LNGNFC_INDUS_ANN_RN(1.0),N_A,269,AFY,MNF_TXT,GROSS_PFT_EBIT,2020,2019,0,2020-03-31,PT,-46.1335
RBI:PRF_LNGNFC_INDUS_ANN_RN(1.0),N_A,269,AFY,MNF_TXT,INT,2020,2019,0,2020-03-31,PT,-34.0248
RBI:PRF_LNGNFC_INDUS_ANN_RN(1.0),N_A,269,AFY,MNF_TXT,NET_PFT,2020,2019,0,2020-03-31,PT,-79.5953
RBI:PRF_LNGNFC_INDUS_ANN_RN(1.0),N_A,269,AFY,MNF_TXT,OPR_PFT,2020,2019,0,2020-03-31,PT,-23.851
RBI:PRF_LNGNFC_INDUS_ANN_RN(1.0),N_A,269,AFY,MNF_TXT,OTH_INC,2020,2019,0,2020-03-31,PT,-10.7623
RBI:PRF_LNGNFC_INDUS_ANN_RN(1.0),N_A,269,AFY,MNF_TXT,PC_SHARE_SAL,2020,2019,0,2020-03-31,PT,3.429877
RBI:PRF_LNGNFC_INDUS_ANN_RN(1.0),N_A,269,AFY,MNF_TXT,SALES,2020,2019,0,2020-03-31,INR,1284835900000
RBI:PRF_LNGNFC_INDUS_ANN_RN(1.0),N_A,269,AFY,MNF_TXT,SALES,2020,2019,0,2020-03-31,PT,-6.9137
RBI:PRF_LNGNFC_INDUS_ANN_RN(1.0),N_A,269,AFY,MNF_TXT,TAX_PROV,2020,2019,0,2020-03-31,PT,-34.3352
RBI:PRF_LNGNFC_INDUS_ANN_RN(1.0),N_A,16,AFY,MNF_WOOD_PRD,DEPRC,2020,2019,0,2020-03-31,PT,26.4744
RBI:PRF_LNGNFC_INDUS_ANN_RN(1.0),N_A,16,AFY,MNF_WOOD_PRD,EBITDA,2020,2019,0,2020-03-31,PT,8.3143
RBI:PRF_LNGNFC_INDUS_ANN_RN(1.0),N_A,16,AFY,MNF_WOOD_PRD,EXPD,2020,2019,0,2020-03-31,PT,-1.3261
RBI:PRF_LNGNFC_INDUS_ANN_RN(1.0),N_A,16,AFY,MNF_WOOD_PRD,GROSS_PFT_EBIT,2020,2019,0,2020-03-31,PT,4.008
RBI:PRF_LNGNFC_INDUS_ANN_RN(1.0),N_A,16,AFY,MNF_WOOD_PRD,INT,2020,2019,0,2020-03-31,PT,-0.2563
RBI:PRF_LNGNFC_INDUS_ANN_RN(1.0),N_A,16,AFY,MNF_WOOD_PRD,NET_PFT,2020,2019,0,2020-03-31,PT,-2.8553
RBI:PRF_LNGNFC_INDUS_ANN_RN(1.0),N_A,16,AFY,MNF_WOOD_PRD,OPR_PFT,2020,2019,0,2020-03-31,PT,5.7729
RBI:PRF_LNGNFC_INDUS_ANN_RN(1.0),N_A,16,AFY,MNF_WOOD_PRD,OTH_INC,2020,2019,0,2020-03-31,PT,64.082
RBI:PRF_LNGNFC_INDUS_ANN_RN(1.0),N_A,16,AFY,MNF_WOOD_PRD,PC_SHARE_SAL,2020,2019,0,2020-03-31,PT,0.179243
RBI:PRF_LNGNFC_INDUS_ANN_RN(1.0),N_A,16,AFY,MNF_WOOD_PRD,SALES,2020,2019,0,2020-03-31,INR,67144500000
RBI:PRF_LNGNFC_INDUS_ANN_RN(1.0),N_A,16,AFY,MNF_WOOD_PRD,SALES,2020,2019,0,2020-03-31,PT,-0.3386
RBI:PRF_LNGNFC_INDUS_ANN_RN(1.0),N_A,16,AFY,MNF_WOOD_PRD,TAX_PROV,2020,2019,0,2020-03-31,PT,1.0235
RBI:PRF_LNGNFC_INDUS_ANN_RN(1.0),N_A,616,AFY,SERV_OTH_IT,DEPRC,2020,2019,0,2020-03-31,PT,57.1253
RBI:PRF_LNGNFC_INDUS_ANN_RN(1.0),N_A,616,AFY,SERV_OTH_IT,EBITDA,2020,2019,0,2020-03-31,PT,53.1065
RBI:PRF_LNGNFC_INDUS_ANN_RN(1.0),N_A,616,AFY,SERV_OTH_IT,EXPD,2020,2019,0,2020-03-31,PT,0.186
RBI:PRF_LNGNFC_INDUS_ANN_RN(1.0),N_A,616,AFY,SERV_OTH_IT,GROSS_PFT_EBIT,2020,2019,0,2020-03-31,PT,41.001
RBI:PRF_LNGNFC_INDUS_ANN_RN(1.0),N_A,616,AFY,SERV_OTH_IT,INT,2020,2019,0,2020-03-31,PT,59.0903
RBI:PRF_LNGNFC_INDUS_ANN_RN(1.0),N_A,616,AFY,SERV_OTH_IT,OPR_PFT,2020,2019,0,2020-03-31,PT,47.8886
RBI:PRF_LNGNFC_INDUS_ANN_RN(1.0),N_A,616,AFY,SERV_OTH_IT,OTH_INC,2020,2019,0,2020-03-31,PT,77.7373
RBI:PRF_LNGNFC_INDUS_ANN_RN(1.0),N_A,616,AFY,SERV_OTH_IT,PC_SHARE_SAL,2020,2019,0,2020-03-31,PT,10.350747
RBI:PRF_LNGNFC_INDUS_ANN_RN(1.0),N_A,616,AFY,SERV_OTH_IT,SALES,2020,2019,0,2020-03-31,INR,3877401400000
RBI:PRF_LNGNFC_INDUS_ANN_RN(1.0),N_A,616,AFY,SERV_OTH_IT,SALES,2020,2019,0,2020-03-31,PT,6.9139
RBI:PRF_LNGNFC_INDUS_ANN_RN(1.0),N_A,616,AFY,SERV_OTH_IT,TAX_PROV,2020,2019,0,2020-03-31,PT,-15.5171
RBI:PRF_LNGNFC_INDUS_ANN_RN(1.0),N_A,28,AFY,SOI_BSS,DEPRC,2020,2019,0,2020-03-31,PT,-58.0225
RBI:PRF_LNGNFC_INDUS_ANN_RN(1.0),N_A,28,AFY,SOI_BSS,EBITDA,2020,2019,0,2020-03-31,PT,-32.8258
RBI:PRF_LNGNFC_INDUS_ANN_RN(1.0),N_A,28,AFY,SOI_BSS,EXPD,2020,2019,0,2020-03-31,PT,3.0879
RBI:PRF_LNGNFC_INDUS_ANN_RN(1.0),N_A,28,AFY,SOI_BSS,INT,2020,2019,0,2020-03-31,PT,-2.8831
RBI:PRF_LNGNFC_INDUS_ANN_RN(1.0),N_A,28,AFY,SOI_BSS,OPR_PFT,2020,2019,0,2020-03-31,PT,-47.289
RBI:PRF_LNGNFC_INDUS_ANN_RN(1.0),N_A,28,AFY,SOI_BSS,OTH_INC,2020,2019,0,2020-03-31,PT,34.8379
RBI:PRF_LNGNFC_INDUS_ANN_RN(1.0),N_A,28,AFY,SOI_BSS,PC_SHARE_SAL,2020,2019,0,2020-03-31,PT,0.037373
RBI:PRF_LNGNFC_INDUS_ANN_RN(1.0),N_A,28,AFY,SOI_BSS,SALES,2020,2019,0,2020-03-31,INR,13999800000
RBI:PRF_LNGNFC_INDUS_ANN_RN(1.0),N_A,28,AFY,SOI_BSS,SALES,2020,2019,0,2020-03-31,PT,-1.7448
RBI:PRF_LNGNFC_INDUS_ANN_RN(1.0),N_A,28,AFY,SOI_BSS,TAX_PROV,2020,2019,0,2020-03-31,PT,-105.8025
RBI:PRF_LNGNFC_INDUS_ANN_RN(1.0),N_A,52,AFY,SOI_HNR,DEPRC,2020,2019,0,2020-03-31,PT,18.3082
RBI:PRF_LNGNFC_INDUS_ANN_RN(1.0),N_A,52,AFY,SOI_HNR,EBITDA,2020,2019,0,2020-03-31,PT,1.199
RBI:PRF_LNGNFC_INDUS_ANN_RN(1.0),N_A,52,AFY,SOI_HNR,EXPD,2020,2019,0,2020-03-31,PT,-2.8362
RBI:PRF_LNGNFC_INDUS_ANN_RN(1.0),N_A,52,AFY,SOI_HNR,GROSS_PFT_EBIT,2020,2019,0,2020-03-31,PT,-5.6267
RBI:PRF_LNGNFC_INDUS_ANN_RN(1.0),N_A,52,AFY,SOI_HNR,INT,2020,2019,0,2020-03-31,PT,3.0012
RBI:PRF_LNGNFC_INDUS_ANN_RN(1.0),N_A,52,AFY,SOI_HNR,NET_PFT,2020,2019,0,2020-03-31,PT,26.8026
RBI:PRF_LNGNFC_INDUS_ANN_RN(1.0),N_A,52,AFY,SOI_HNR,OPR_PFT,2020,2019,0,2020-03-31,PT,-10.5349
RBI:PRF_LNGNFC_INDUS_ANN_RN(1.0),N_A,52,AFY,SOI_HNR,OTH_INC,2020,2019,0,2020-03-31,PT,62.8614
RBI:PRF_LNGNFC_INDUS_ANN_RN(1.0),N_A,52,AFY,SOI_HNR,PC_SHARE_SAL,2020,2019,0,2020-03-31,PT,0.260777
RBI:PRF_LNGNFC_INDUS_ANN_RN(1.0),N_A,52,AFY,SOI_HNR,SALES,2020,2019,0,2020-03-31,INR,97687200000
RBI:PRF_LNGNFC_INDUS_ANN_RN(1.0),N_A,52,AFY,SOI_HNR,SALES,2020,2019,0,2020-03-31,PT,-4.6385
RBI:PRF_LNGNFC_INDUS_ANN_RN(1.0),N_A,52,AFY,SOI_HNR,TAX_PROV,2020,2019,0,2020-03-31,PT,-17.6063
RBI:PRF_LNGNFC_INDUS_ANN_RN(1.0),N_A,22,AFY,SOI_HS,DEPRC,2020,2019,0,2020-03-31,PT,59.9964
RBI:PRF_LNGNFC_INDUS_ANN_RN(1.0),N_A,22,AFY,SOI_HS,EBITDA,2020,2019,0,2020-03-31,PT,52.5468
RBI:PRF_LNGNFC_INDUS_ANN_RN(1.0),N_A,22,AFY,SOI_HS,EXPD,2020,2019,0,2020-03-31,PT,9.6956
RBI:PRF_LNGNFC_INDUS_ANN_RN(1.0),N_A,22,AFY,SOI_HS,GROSS_PFT_EBIT,2020,2019,0,2020-03-31,PT,49.6891
RBI:PRF_LNGNFC_INDUS_ANN_RN(1.0),N_A,22,AFY,SOI_HS,INT,2020,2019,0,2020-03-31,PT,36.3555
RBI:PRF_LNGNFC_INDUS_ANN_RN(1.0),N_A,22,AFY,SOI_HS,NET_PFT,2020,2019,0,2020-03-31,PT,73.9215
RBI:PRF_LNGNFC_INDUS_ANN_RN(1.0),N_A,22,AFY,SOI_HS,OPR_PFT,2020,2019,0,2020-03-31,PT,46.9128
RBI:PRF_LNGNFC_INDUS_ANN_RN(1.0),N_A,22,AFY,SOI_HS,OTH_INC,2020,2019,0,2020-03-31,PT,66.1959
RBI:PRF_LNGNFC_INDUS_ANN_RN(1.0),N_A,22,AFY,SOI_HS,PC_SHARE_SAL,2020,2019,0,2020-03-31,PT,0.464864
RBI:PRF_LNGNFC_INDUS_ANN_RN(1.0),N_A,22,AFY,SOI_HS,SALES,2020,2019,0,2020-03-31,INR,174138500000
RBI:PRF_LNGNFC_INDUS_ANN_RN(1.0),N_A,22,AFY,SOI_HS,SALES,2020,2019,0,2020-03-31,PT,13.7377
RBI:PRF_LNGNFC_INDUS_ANN_RN(1.0),N_A,22,AFY,SOI_HS,TAX_PROV,2020,2019,0,2020-03-31,PT,61.6951
RBI:PRF_LNGNFC_INDUS_ANN_RN(1.0),N_A,86,AFY,SOI_OTH,DEPRC,2020,2019,0,2020-03-31,PT,41.1274
RBI:PRF_LNGNFC_INDUS_ANN_RN(1.0),N_A,86,AFY,SOI_OTH,EBITDA,2020,2019,0,2020-03-31,PT,2.7296
RBI:PRF_LNGNFC_INDUS_ANN_RN(1.0),N_A,86,AFY,SOI_OTH,EXPD,2020,2019,0,2020-03-31,PT,1.9396
RBI:PRF_LNGNFC_INDUS_ANN_RN(1.0),N_A,86,AFY,SOI_OTH,GROSS_PFT_EBIT,2020,2019,0,2020-03-31,PT,-12.8264
RBI:PRF_LNGNFC_INDUS_ANN_RN(1.0),N_A,86,AFY,SOI_OTH,INT,2020,2019,0,2020-03-31,PT,5.3426
RBI:PRF_LNGNFC_INDUS_ANN_RN(1.0),N_A,86,AFY,SOI_OTH,NET_PFT,2020,2019,0,2020-03-31,PT,66.7543
RBI:PRF_LNGNFC_INDUS_ANN_RN(1.0),N_A,86,AFY,SOI_OTH,OPR_PFT,2020,2019,0,2020-03-31,PT,-1.4142
RBI:PRF_LNGNFC_INDUS_ANN_RN(1.0),N_A,86,AFY,SOI_OTH,OTH_INC,2020,2019,0,2020-03-31,PT,16.8574
RBI:PRF_LNGNFC_INDUS_ANN_RN(1.0),N_A,86,AFY,SOI_OTH,PC_SHARE_SAL,2020,2019,0,2020-03-31,PT,0.657839
RBI:PRF_LNGNFC_INDUS_ANN_RN(1.0),N_A,86,AFY,SOI_OTH,SALES,2020,2019,0,2020-03-31,INR,246427200000
RBI:PRF_LNGNFC_INDUS_ANN_RN(1.0),N_A,86,AFY,SOI_OTH,SALES,2020,2019,0,2020-03-31,PT,1.137
RBI:PRF_LNGNFC_INDUS_ANN_RN(1.0),N_A,86,AFY,SOI_OTH,TAX_PROV,2020,2019,0,2020-03-31,PT,-3.2196
RBI:PRF_LNGNFC_INDUS_ANN_RN(1.0),N_A,52,AFY,SOI_RE,DEPRC,2020,2019,0,2020-03-31,PT,13.6145
RBI:PRF_LNGNFC_INDUS_ANN_RN(1.0),N_A,52,AFY,SOI_RE,EBITDA,2020,2019,0,2020-03-31,PT,27.142
RBI:PRF_LNGNFC_INDUS_ANN_RN(1.0),N_A,52,AFY,SOI_RE,EXPD,2020,2019,0,2020-03-31,PT,6.1712
RBI:PRF_LNGNFC_INDUS_ANN_RN(1.0),N_A,52,AFY,SOI_RE,GROSS_PFT_EBIT,2020,2019,0,2020-03-31,PT,28.2062
RBI:PRF_LNGNFC_INDUS_ANN_RN(1.0),N_A,52,AFY,SOI_RE,INT,2020,2019,0,2020-03-31,PT,-3.7239
RBI:PRF_LNGNFC_INDUS_ANN_RN(1.0),N_A,52,AFY,SOI_RE,OPR_PFT,2020,2019,0,2020-03-31,PT,-29.0151
RBI:PRF_LNGNFC_INDUS_ANN_RN(1.0),N_A,52,AFY,SOI_RE,OTH_INC,2020,2019,0,2020-03-31,PT,118.6226
RBI:PRF_LNGNFC_INDUS_ANN_RN(1.0),N_A,52,AFY,SOI_RE,PC_SHARE_SAL,2020,2019,0,2020-03-31,PT,0.259362
RBI:PRF_LNGNFC_INDUS_ANN_RN(1.0),N_A,52,AFY,SOI_RE,SALES,2020,2019,0,2020-03-31,INR,97157300000
RBI:PRF_LNGNFC_INDUS_ANN_RN(1.0),N_A,52,AFY,SOI_RE,SALES,2020,2019,0,2020-03-31,PT,-4.9716
RBI:PRF_LNGNFC_INDUS_ANN_RN(1.0),N_A,52,AFY,SOI_RE,TAX_PROV,2020,2019,0,2020-03-31,PT,4.1179
RBI:PRF_LNGNFC_INDUS_ANN_RN(1.0),N_A,12,AFY,SOI_TCOMM,DEPRC,2020,2019,0,2020-03-31,PT,46.7847
RBI:PRF_LNGNFC_INDUS_ANN_RN(1.0),N_A,12,AFY,SOI_TCOMM,EBITDA,2020,2019,0,2020-03-31,PT,97.6182
RBI:PRF_LNGNFC_INDUS_ANN_RN(1.0),N_A,12,AFY,SOI_TCOMM,EXPD,2020,2019,0,2020-03-31,PT,-5.8057
RBI:PRF_LNGNFC_INDUS_ANN_RN(1.0),N_A,12,AFY,SOI_TCOMM,INT,2020,2019,0,2020-03-31,PT,69.0936
RBI:PRF_LNGNFC_INDUS_ANN_RN(1.0),N_A,12,AFY,SOI_TCOMM,OPR_PFT,2020,2019,0,2020-03-31,PT,87.9808
RBI:PRF_LNGNFC_INDUS_ANN_RN(1.0),N_A,12,AFY,SOI_TCOMM,PC_SHARE_SAL,2020,2019,0,2020-03-31,PT,2.921191
RBI:PRF_LNGNFC_INDUS_ANN_RN(1.0),N_A,12,AFY,SOI_TCOMM,SALES,2020,2019,0,2020-03-31,INR,1094281300000
RBI:PRF_LNGNFC_INDUS_ANN_RN(1.0),N_A,12,AFY,SOI_TCOMM,SALES,2020,2019,0,2020-03-31,PT,11.8703
RBI:PRF_LNGNFC_INDUS_ANN_RN(1.0),N_A,12,AFY,SOI_TCOMM,TAX_PROV,2020,2019,0,2020-03-31,PT,-2.5915
RBI:PRF_LNGNFC_INDUS_ANN_RN(1.0),N_A,50,AFY,SOI_TSS,EBITDA,2020,2019,0,2020-03-31,PT,119.6976
RBI:PRF_LNGNFC_INDUS_ANN_RN(1.0),N_A,50,AFY,SOI_TSS,EXPD,2020,2019,0,2020-03-31,PT,7.8291
RBI:PRF_LNGNFC_INDUS_ANN_RN(1.0),N_A,50,AFY,SOI_TSS,GROSS_PFT_EBIT,2020,2019,0,2020-03-31,PT,34.2489
RBI:PRF_LNGNFC_INDUS_ANN_RN(1.0),N_A,50,AFY,SOI_TSS,INT,2020,2019,0,2020-03-31,PT,114.8878
RBI:PRF_LNGNFC_INDUS_ANN_RN(1.0),N_A,50,AFY,SOI_TSS,OTH_INC,2020,2019,0,2020-03-31,PT,35.9505
RBI:PRF_LNGNFC_INDUS_ANN_RN(1.0),N_A,50,AFY,SOI_TSS,PC_SHARE_SAL,2020,2019,0,2020-03-31,PT,1.994718
RBI:PRF_LNGNFC_INDUS_ANN_RN(1.0),N_A,50,AFY,SOI_TSS,SALES,2020,2019,0,2020-03-31,INR,747223400000
RBI:PRF_LNGNFC_INDUS_ANN_RN(1.0),N_A,50,AFY,SOI_TSS,SALES,2020,2019,0,2020-03-31,PT,15.301
RBI:PRF_LNGNFC_INDUS_ANN_RN(1.0),N_A,50,AFY,SOI_TSS,TAX_PROV,2020,2019,0,2020-03-31,PT,-16.79
RBI:PRF_LNGNFC_INDUS_ANN_RN(1.0),N_A,44,AFY,SOI_VTPB,DEPRC,2020,2019,0,2020-03-31,PT,49.7261
RBI:PRF_LNGNFC_INDUS_ANN_RN(1.0),N_A,44,AFY,SOI_VTPB,EBITDA,2020,2019,0,2020-03-31,PT,-7.7787
RBI:PRF_LNGNFC_INDUS_ANN_RN(1.0),N_A,44,AFY,SOI_VTPB,EXPD,2020,2019,0,2020-03-31,PT,11.1027
RBI:PRF_LNGNFC_INDUS_ANN_RN(1.0),N_A,44,AFY,SOI_VTPB,GROSS_PFT_EBIT,2020,2019,0,2020-03-31,PT,-19.8754
RBI:PRF_LNGNFC_INDUS_ANN_RN(1.0),N_A,44,AFY,SOI_VTPB,INT,2020,2019,0,2020-03-31,PT,117.4637
RBI:PRF_LNGNFC_INDUS_ANN_RN(1.0),N_A,44,AFY,SOI_VTPB,NET_PFT,2020,2019,0,2020-03-31,PT,-74.6207
RBI:PRF_LNGNFC_INDUS_ANN_RN(1.0),N_A,44,AFY,SOI_VTPB,OPR_PFT,2020,2019,0,2020-03-31,PT,-11.725
RBI:PRF_LNGNFC_INDUS_ANN_RN(1.0),N_A,44,AFY,SOI_VTPB,OTH_INC,2020,2019,0,2020-03-31,PT,36.2187
RBI:PRF_LNGNFC_INDUS_ANN_RN(1.0),N_A,44,AFY,SOI_VTPB,PC_SHARE_SAL,2020,2019,0,2020-03-31,PT,0.570881
RBI:PRF_LNGNFC_INDUS_ANN_RN(1.0),N_A,44,AFY,SOI_VTPB,SALES,2020,2019,0,2020-03-31,INR,213852800000
RBI:PRF_LNGNFC_INDUS_ANN_RN(1.0),N_A,44,AFY,SOI_VTPB,SALES,2020,2019,0,2020-03-31,PT,3.995
RBI:PRF_LNGNFC_INDUS_ANN_RN(1.0),N_A,44,AFY,SOI_VTPB,TAX_PROV,2020,2019,0,2020-03-31,PT,-37.0842
RBI:PRF_LNGNFC_INDUS_ANN_RN(1.0),N_A,270,AFY,SOI_WRT,DEPRC,2020,2019,0,2020-03-31,PT,116.55
RBI:PRF_LNGNFC_INDUS_ANN_RN(1.0),N_A,270,AFY,SOI_WRT,EBITDA,2020,2019,0,2020-03-31,PT,19.3803
RBI:PRF_LNGNFC_INDUS_ANN_RN(1.0),N_A,270,AFY,SOI_WRT,EXPD,2020,2019,0,2020-03-31,PT,-2.7328
RBI:PRF_LNGNFC_INDUS_ANN_RN(1.0),N_A,270,AFY,SOI_WRT,GROSS_PFT_EBIT,2020,2019,0,2020-03-31,PT,1.6397
RBI:PRF_LNGNFC_INDUS_ANN_RN(1.0),N_A,270,AFY,SOI_WRT,INT,2020,2019,0,2020-03-31,PT,23.3067
RBI:PRF_LNGNFC_INDUS_ANN_RN(1.0),N_A,270,AFY,SOI_WRT,NET_PFT,2020,2019,0,2020-03-31,PT,18.1573
RBI:PRF_LNGNFC_INDUS_ANN_RN(1.0),N_A,270,AFY,SOI_WRT,OPR_PFT,2020,2019,0,2020-03-31,PT,15.3953
RBI:PRF_LNGNFC_INDUS_ANN_RN(1.0),N_A,270,AFY,SOI_WRT,OTH_INC,2020,2019,0,2020-03-31,PT,33.6345
RBI:PRF_LNGNFC_INDUS_ANN_RN(1.0),N_A,270,AFY,SOI_WRT,PC_SHARE_SAL,2020,2019,0,2020-03-31,PT,3.183744
RBI:PRF_LNGNFC_INDUS_ANN_RN(1.0),N_A,270,AFY,SOI_WRT,SALES,2020,2019,0,2020-03-31,INR,1192633900000
RBI:PRF_LNGNFC_INDUS_ANN_RN(1.0),N_A,270,AFY,SOI_WRT,SALES,2020,2019,0,2020-03-31,PT,1.1479
RBI:PRF_LNGNFC_INDUS_ANN_RN(1.0),N_A,270,AFY,SOI_WRT,TAX_PROV,2020,2019,0,2020-03-31,PT,-13.8506
RBI:PRF_LNGNFC_INDUS_ANN_RN(1.0),N_A,40,AFY,AGR_REL_ACT,DEPRC,2021,2020,0,2021-03-31,PT,-0.0071
RBI:PRF_LNGNFC_INDUS_ANN_RN(1.0),N_A,40,AFY,AGR_REL_ACT,EBITDA,2021,2020,0,2021-03-31,PT,74.821
RBI:PRF_LNGNFC_INDUS_ANN_RN(1.0),N_A,40,AFY,AGR_REL_ACT,EXPD,2021,2020,0,2021-03-31,PT,-0.4586
RBI:PRF_LNGNFC_INDUS_ANN_RN(1.0),N_A,40,AFY,AGR_REL_ACT,GROSS_PFT_EBIT,2021,2020,0,2021-03-31,PT,107.0118
RBI:PRF_LNGNFC_INDUS_ANN_RN(1.0),N_A,40,AFY,AGR_REL_ACT,INT,2021,2020,0,2021-03-31,PT,-11.9077
RBI:PRF_LNGNFC_INDUS_ANN_RN(1.0),N_A,40,AFY,AGR_REL_ACT,NET_PFT,2021,2020,0,2021-03-31,PT,88.8799
RBI:PRF_LNGNFC_INDUS_ANN_RN(1.0),N_A,40,AFY,AGR_REL_ACT,OTH_INC,2021,2020,0,2021-03-31,PT,-45.0151
RBI:PRF_LNGNFC_INDUS_ANN_RN(1.0),N_A,40,AFY,AGR_REL_ACT,PC_SHARE_SAL,2021,2020,0,2021-03-31,PT,0.31129
RBI:PRF_LNGNFC_INDUS_ANN_RN(1.0),N_A,40,AFY,AGR_REL_ACT,SALES,2021,2020,0,2021-03-31,INR,108778500000
RBI:PRF_LNGNFC_INDUS_ANN_RN(1.0),N_A,40,AFY,AGR_REL_ACT,SALES,2021,2020,0,2021-03-31,PT,5.547
RBI:PRF_LNGNFC_INDUS_ANN_RN(1.0),N_A,40,AFY,AGR_REL_ACT,TAX_PROV,2021,2020,0,2021-03-31,PT,105.6149
RBI:PRF_LNGNFC_INDUS_ANN_RN(1.0),N_A,26,AFY,AGR_REL_ACT_OTH,DEPRC,2021,2020,0,2021-03-31,PT,-4.3176
RBI:PRF_LNGNFC_INDUS_ANN_RN(1.0),N_A,26,AFY,AGR_REL_ACT_OTH,EBITDA,2021,2020,0,2021-03-31,PT,58.9969
RBI:PRF_LNGNFC_INDUS_ANN_RN(1.0),N_A,26,AFY,AGR_REL_ACT_OTH,EXPD,2021,2020,0,2021-03-31,PT,-4.3954
RBI:PRF_LNGNFC_INDUS_ANN_RN(1.0),N_A,26,AFY,AGR_REL_ACT_OTH,GROSS_PFT_EBIT,2021,2020,0,2021-03-31,PT,77.0914
RBI:PRF_LNGNFC_INDUS_ANN_RN(1.0),N_A,26,AFY,AGR_REL_ACT_OTH,INT,2021,2020,0,2021-03-31,PT,-5.7406
RBI:PRF_LNGNFC_INDUS_ANN_RN(1.0),N_A,26,AFY,AGR_REL_ACT_OTH,NET_PFT,2021,2020,0,2021-03-31,PT,76.4963
RBI:PRF_LNGNFC_INDUS_ANN_RN(1.0),N_A,26,AFY,AGR_REL_ACT_OTH,OPR_PFT,2021,2020,0,2021-03-31,PT,90.446
RBI:PRF_LNGNFC_INDUS_ANN_RN(1.0),N_A,26,AFY,AGR_REL_ACT_OTH,OTH_INC,2021,2020,0,2021-03-31,PT,-32.0621
RBI:PRF_LNGNFC_INDUS_ANN_RN(1.0),N_A,26,AFY,AGR_REL_ACT_OTH,PC_SHARE_SAL,2021,2020,0,2021-03-31,PT,0.206123
RBI:PRF_LNGNFC_INDUS_ANN_RN(1.0),N_A,26,AFY,AGR_REL_ACT_OTH,SALES,2021,2020,0,2021-03-31,INR,72028500000
RBI:PRF_LNGNFC_INDUS_ANN_RN(1.0),N_A,26,AFY,AGR_REL_ACT_OTH,SALES,2021,2020,0,2021-03-31,PT,-0.953
RBI:PRF_LNGNFC_INDUS_ANN_RN(1.0),N_A,26,AFY,AGR_REL_ACT_OTH,TAX_PROV,2021,2020,0,2021-03-31,PT,142.7738
RBI:PRF_LNGNFC_INDUS_ANN_RN(1.0),N_A,14,AFY,ARA_TCP,DEPRC,2021,2020,0,2021-03-31,PT,4.8812
RBI:PRF_LNGNFC_INDUS_ANN_RN(1.0),N_A,14,AFY,ARA_TCP,EBITDA,2021,2020,0,2021-03-31,PT,115.3427
RBI:PRF_LNGNFC_INDUS_ANN_RN(1.0),N_A,14,AFY,ARA_TCP,EXPD,2021,2020,0,2021-03-31,PT,8.7566
RBI:PRF_LNGNFC_INDUS_ANN_RN(1.0),N_A,14,AFY,ARA_TCP,INT,2021,2020,0,2021-03-31,PT,-14.106
RBI:PRF_LNGNFC_INDUS_ANN_RN(1.0),N_A,14,AFY,ARA_TCP,OTH_INC,2021,2020,0,2021-03-31,PT,-55.7233
RBI:PRF_LNGNFC_INDUS_ANN_RN(1.0),N_A,14,AFY,ARA_TCP,PC_SHARE_SAL,2021,2020,0,2021-03-31,PT,0.105167
RBI:PRF_LNGNFC_INDUS_ANN_RN(1.0),N_A,14,AFY,ARA_TCP,SALES,2021,2020,0,2021-03-31,INR,36750000000
RBI:PRF_LNGNFC_INDUS_ANN_RN(1.0),N_A,14,AFY,ARA_TCP,SALES,2021,2020,0,2021-03-31,PT,21.1264
RBI:PRF_LNGNFC_INDUS_ANN_RN(1.0),N_A,14,AFY,ARA_TCP,TAX_PROV,2021,2020,0,2021-03-31,PT,43.9359
RBI:PRF_LNGNFC_INDUS_ANN_RN(1.0),N_A,163,AFY,CONSTRN,DEPRC,2021,2020,0,2021-03-31,PT,-3.3607
RBI:PRF_LNGNFC_INDUS_ANN_RN(1.0),N_A,163,AFY,CONSTRN,EBITDA,2021,2020,0,2021-03-31,PT,13.7306
RBI:PRF_LNGNFC_INDUS_ANN_RN(1.0),N_A,163,AFY,CONSTRN,EXPD,2021,2020,0,2021-03-31,PT,-10.698
RBI:PRF_LNGNFC_INDUS_ANN_RN(1.0),N_A,163,AFY,CONSTRN,GROSS_PFT_EBIT,2021,2020,0,2021-03-31,PT,16.9946
RBI:PRF_LNGNFC_INDUS_ANN_RN(1.0),N_A,163,AFY,CONSTRN,INT,2021,2020,0,2021-03-31,PT,2.5325
RBI:PRF_LNGNFC_INDUS_ANN_RN(1.0),N_A,163,AFY,CONSTRN,NET_PFT,2021,2020,0,2021-03-31,PT,79.7259
RBI:PRF_LNGNFC_INDUS_ANN_RN(1.0),N_A,163,AFY,CONSTRN,OPR_PFT,2021,2020,0,2021-03-31,PT,-15.283
RBI:PRF_LNGNFC_INDUS_ANN_RN(1.0),N_A,163,AFY,CONSTRN,OTH_INC,2021,2020,0,2021-03-31,PT,76.3292
RBI:PRF_LNGNFC_INDUS_ANN_RN(1.0),N_A,163,AFY,CONSTRN,PC_SHARE_SAL,2021,2020,0,2021-03-31,PT,5.481312
RBI:PRF_LNGNFC_INDUS_ANN_RN(1.0),N_A,163,AFY,CONSTRN,SALES,2021,2020,0,2021-03-31,INR,1915414900000
RBI:PRF_LNGNFC_INDUS_ANN_RN(1.0),N_A,163,AFY,CONSTRN,SALES,2021,2020,0,2021-03-31,PT,-11.511
RBI:PRF_LNGNFC_INDUS_ANN_RN(1.0),N_A,163,AFY,CONSTRN,TAX_PROV,2021,2020,0,2021-03-31,PT,-20.5294
RBI:PRF_LNGNFC_INDUS_ANN_RN(1.0),N_A,30,AFY,ELC_GAS_SPLY,DEPRC,2021,2020,0,2021-03-31,PT,-0.7105
RBI:PRF_LNGNFC_INDUS_ANN_RN(1.0),N_A,30,AFY,ELC_GAS_SPLY,EBITDA,2021,2020,0,2021-03-31,PT,1.4202
RBI:PRF_LNGNFC_INDUS_ANN_RN(1.0),N_A,30,AFY,ELC_GAS_SPLY,EXPD,2021,2020,0,2021-03-31,PT,-12.6351
RBI:PRF_LNGNFC_INDUS_ANN_RN(1.0),N_A,30,AFY,ELC_GAS_SPLY,GROSS_PFT_EBIT,2021,2020,0,2021-03-31,PT,2.135
RBI:PRF_LNGNFC_INDUS_ANN_RN(1.0),N_A,30,AFY,ELC_GAS_SPLY,INT,2021,2020,0,2021-03-31,PT,-22.2902
RBI:PRF_LNGNFC_INDUS_ANN_RN(1.0),N_A,30,AFY,ELC_GAS_SPLY,OPR_PFT,2021,2020,0,2021-03-31,PT,-1.9545
RBI:PRF_LNGNFC_INDUS_ANN_RN(1.0),N_A,30,AFY,ELC_GAS_SPLY,OTH_INC,2021,2020,0,2021-03-31,PT,11.4209
RBI:PRF_LNGNFC_INDUS_ANN_RN(1.0),N_A,30,AFY,ELC_GAS_SPLY,PC_SHARE_SAL,2021,2020,0,2021-03-31,PT,1.343791
RBI:PRF_LNGNFC_INDUS_ANN_RN(1.0),N_A,30,AFY,ELC_GAS_SPLY,SALES,2021,2020,0,2021-03-31,INR,469580600000
RBI:PRF_LNGNFC_INDUS_ANN_RN(1.0),N_A,30,AFY,ELC_GAS_SPLY,SALES,2021,2020,0,2021-03-31,PT,-13.6133
RBI:PRF_LNGNFC_INDUS_ANN_RN(1.0),N_A,30,AFY,ELC_GAS_SPLY,TAX_PROV,2021,2020,0,2021-03-31,PT,30.1597
RBI:PRF_LNGNFC_INDUS_ANN_RN(1.0),N_A,3049,AFY,INDS_GRP_ALL_COMP,DEPRC,2021,2020,0,2021-03-31,PT,0.2918
RBI:PRF_LNGNFC_INDUS_ANN_RN(1.0),N_A,3049,AFY,INDS_GRP_ALL_COMP,EBITDA,2021,2020,0,2021-03-31,PT,9.834
RBI:PRF_LNGNFC_INDUS_ANN_RN(1.0),N_A,3049,AFY,INDS_GRP_ALL_COMP,EXPD,2021,2020,0,2021-03-31,PT,-7.0959
RBI:PRF_LNGNFC_INDUS_ANN_RN(1.0),N_A,3049,AFY,INDS_GRP_ALL_COMP,GROSS_PFT_EBIT,2021,2020,0,2021-03-31,PT,13.5056
RBI:PRF_LNGNFC_INDUS_ANN_RN(1.0),N_A,3049,AFY,INDS_GRP_ALL_COMP,INT,2021,2020,0,2021-03-31,PT,0.22
RBI:PRF_LNGNFC_INDUS_ANN_RN(1.0),N_A,3049,AFY,INDS_GRP_ALL_COMP,NET_PFT,2021,2020,0,2021-03-31,PT,115.5751
RBI:PRF_LNGNFC_INDUS_ANN_RN(1.0),N_A,3049,AFY,INDS_GRP_ALL_COMP,OPR_PFT,2021,2020,0,2021-03-31,PT,10.4049
RBI:PRF_LNGNFC_INDUS_ANN_RN(1.0),N_A,3049,AFY,INDS_GRP_ALL_COMP,OTH_INC,2021,2020,0,2021-03-31,PT,7.3288
RBI:PRF_LNGNFC_INDUS_ANN_RN(1.0),N_A,3049,AFY,INDS_GRP_ALL_COMP,PC_SHARE_SAL,2021,2020,0,2021-03-31,PT,100.0
RBI:PRF_LNGNFC_INDUS_ANN_RN(1.0),N_A,3049,AFY,INDS_GRP_ALL_COMP,SALES,2021,2020,0,2021-03-31,INR,34944462300000
RBI:PRF_LNGNFC_INDUS_ANN_RN(1.0),N_A,3049,AFY,INDS_GRP_ALL_COMP,SALES,2021,2020,0,2021-03-31,PT,-4.2019
RBI:PRF_LNGNFC_INDUS_ANN_RN(1.0),N_A,3049,AFY,INDS_GRP_ALL_COMP,TAX_PROV,2021,2020,0,2021-03-31,PT,7.8007
RBI:PRF_LNGNFC_INDUS_ANN_RN(1.0),N_A,198,AFY,IT_CSRS,DEPRC,2021,2020,0,2021-03-31,PT,11.6617
RBI:PRF_LNGNFC_INDUS_ANN_RN(1.0),N_A,198,AFY,IT_CSRS,EBITDA,2021,2020,0,2021-03-31,PT,8.5339
RBI:PRF_LNGNFC_INDUS_ANN_RN(1.0),N_A,198,AFY,IT_CSRS,EXPD,2021,2020,0,2021-03-31,PT,0.8806
RBI:PRF_LNGNFC_INDUS_ANN_RN(1.0),N_A,198,AFY,IT_CSRS,GROSS_PFT_EBIT,2021,2020,0,2021-03-31,PT,8.1951
RBI:PRF_LNGNFC_INDUS_ANN_RN(1.0),N_A,198,AFY,IT_CSRS,INT,2021,2020,0,2021-03-31,PT,-19.1891
RBI:PRF_LNGNFC_INDUS_ANN_RN(1.0),N_A,198,AFY,IT_CSRS,NET_PFT,2021,2020,0,2021-03-31,PT,8.0453
RBI:PRF_LNGNFC_INDUS_ANN_RN(1.0),N_A,198,AFY,IT_CSRS,OPR_PFT,2021,2020,0,2021-03-31,PT,15.4848
RBI:PRF_LNGNFC_INDUS_ANN_RN(1.0),N_A,198,AFY,IT_CSRS,OTH_INC,2021,2020,0,2021-03-31,PT,-25.3487
RBI:PRF_LNGNFC_INDUS_ANN_RN(1.0),N_A,198,AFY,IT_CSRS,PC_SHARE_SAL,2021,2020,0,2021-03-31,PT,11.794587
RBI:PRF_LNGNFC_INDUS_ANN_RN(1.0),N_A,198,AFY,IT_CSRS,SALES,2021,2020,0,2021-03-31,INR,4121554900000
RBI:PRF_LNGNFC_INDUS_ANN_RN(1.0),N_A,198,AFY,IT_CSRS,SALES,2021,2020,0,2021-03-31,PT,4.4385
RBI:PRF_LNGNFC_INDUS_ANN_RN(1.0),N_A,198,AFY,IT_CSRS,TAX_PROV,2021,2020,0,2021-03-31,PT,21.0923
RBI:PRF_LNGNFC_INDUS_ANN_RN(1.0),N_A,35,AFY,MIN_N_QUARY,DEPRC,2021,2020,0,2021-03-31,PT,-7.0366
RBI:PRF_LNGNFC_INDUS_ANN_RN(1.0),N_A,35,AFY,MIN_N_QUARY,EXPD,2021,2020,0,2021-03-31,PT,-35.2127
RBI:PRF_LNGNFC_INDUS_ANN_RN(1.0),N_A,35,AFY,MIN_N_QUARY,INT,2021,2020,0,2021-03-31,PT,-8.5928
RBI:PRF_LNGNFC_INDUS_ANN_RN(1.0),N_A,35,AFY,MIN_N_QUARY,OTH_INC,2021,2020,0,2021-03-31,PT,-4.7873
RBI:PRF_LNGNFC_INDUS_ANN_RN(1.0),N_A,35,AFY,MIN_N_QUARY,PC_SHARE_SAL,2021,2020,0,2021-03-31,PT,0.907012
RBI:PRF_LNGNFC_INDUS_ANN_RN(1.0),N_A,35,AFY,MIN_N_QUARY,SALES,2021,2020,0,2021-03-31,INR,316950300000
RBI:PRF_LNGNFC_INDUS_ANN_RN(1.0),N_A,35,AFY,MIN_N_QUARY,SALES,2021,2020,0,2021-03-31,PT,-21.8052
RBI:PRF_LNGNFC_INDUS_ANN_RN(1.0),N_A,35,AFY,MIN_N_QUARY,TAX_PROV,2021,2020,0,2021-03-31,PT,17.7171
RBI:PRF_LNGNFC_INDUS_ANN_RN(1.0),N_A,1830,AFY,MNF,DEPRC,2021,2020,0,2021-03-31,PT,-0.5543
RBI:PRF_LNGNFC_INDUS_ANN_RN(1.0),N_A,1830,AFY,MNF,EBITDA,2021,2020,0,2021-03-31,PT,11.2249
RBI:PRF_LNGNFC_INDUS_ANN_RN(1.0),N_A,1830,AFY,MNF,EXPD,2021,2020,0,2021-03-31,PT,-5.4099
RBI:PRF_LNGNFC_INDUS_ANN_RN(1.0),N_A,1830,AFY,MNF,GROSS_PFT_EBIT,2021,2020,0,2021-03-31,PT,14.9648
RBI:PRF_LNGNFC_INDUS_ANN_RN(1.0),N_A,1830,AFY,MNF,INT,2021,2020,0,2021-03-31,PT,-0.9014
RBI:PRF_LNGNFC_INDUS_ANN_RN(1.0),N_A,1830,AFY,MNF,NET_PFT,2021,2020,0,2021-03-31,PT,22.9998
RBI:PRF_LNGNFC_INDUS_ANN_RN(1.0),N_A,1830,AFY,MNF,OPR_PFT,2021,2020,0,2021-03-31,PT,10.6446
RBI:PRF_LNGNFC_INDUS_ANN_RN(1.0),N_A,1830,AFY,MNF,OTH_INC,2021,2020,0,2021-03-31,PT,14.1602
RBI:PRF_LNGNFC_INDUS_ANN_RN(1.0),N_A,1830,AFY,MNF,PC_SHARE_SAL,2021,2020,0,2021-03-31,PT,69.212297
RBI:PRF_LNGNFC_INDUS_ANN_RN(1.0),N_A,1830,AFY,MNF,SALES,2021,2020,0,2021-03-31,INR,24185865200000
RBI:PRF_LNGNFC_INDUS_ANN_RN(1.0),N_A,1830,AFY,MNF,SALES,2021,2020,0,2021-03-31,PT,-2.7723
RBI:PRF_LNGNFC_INDUS_ANN_RN(1.0),N_A,1830,AFY,MNF,TAX_PROV,2021,2020,0,2021-03-31,PT,7.4654
RBI:PRF_LNGNFC_INDUS_ANN_RN(1.0),N_A,40,AFY,MNF_CCP,DEPRC,2021,2020,0,2021-03-31,PT,-5.9851
RBI:PRF_LNGNFC_INDUS_ANN_RN(1.0),N_A,40,AFY,MNF_CCP,EBITDA,2021,2020,0,2021-03-31,PT,23.402
RBI:PRF_LNGNFC_INDUS_ANN_RN(1.0),N_A,40,AFY,MNF_CCP,EXPD,2021,2020,0,2021-03-31,PT,-3.5299
RBI:PRF_LNGNFC_INDUS_ANN_RN(1.0),N_A,40,AFY,MNF_CCP,GROSS_PFT_EBIT,2021,2020,0,2021-03-31,PT,34.9276
RBI:PRF_LNGNFC_INDUS_ANN_RN(1.0),N_A,40,AFY,MNF_CCP,INT,2021,2020,0,2021-03-31,PT,-18.8547
RBI:PRF_LNGNFC_INDUS_ANN_RN(1.0),N_A,40,AFY,MNF_CCP,NET_PFT,2021,2020,0,2021-03-31,PT,33.7213
RBI:PRF_LNGNFC_INDUS_ANN_RN(1.0),N_A,40,AFY,MNF_CCP,OPR_PFT,2021,2020,0,2021-03-31,PT,24.1427
RBI:PRF_LNGNFC_INDUS_ANN_RN(1.0),N_A,40,AFY,MNF_CCP,OTH_INC,2021,2020,0,2021-03-31,PT,15.6509
RBI:PRF_LNGNFC_INDUS_ANN_RN(1.0),N_A,40,AFY,MNF_CCP,PC_SHARE_SAL,2021,2020,0,2021-03-31,PT,3.879598
RBI:PRF_LNGNFC_INDUS_ANN_RN(1.0),N_A,40,AFY,MNF_CCP,SALES,2021,2020,0,2021-03-31,INR,1355704500000
RBI:PRF_LNGNFC_INDUS_ANN_RN(1.0),N_A,40,AFY,MNF_CCP,SALES,2021,2020,0,2021-03-31,PT,3.4893
RBI:PRF_LNGNFC_INDUS_ANN_RN(1.0),N_A,40,AFY,MNF_CCP,TAX_PROV,2021,2020,0,2021-03-31,PT,46.9049
RBI:PRF_LNGNFC_INDUS_ANN_RN(1.0),N_A,54,AFY,MNF_CEE,DEPRC,2021,2020,0,2021-03-31,PT,9.7829
RBI:PRF_LNGNFC_INDUS_ANN_RN(1.0),N_A,54,AFY,MNF_CEE,EBITDA,2021,2020,0,2021-03-31,PT,7.3709
RBI:PRF_LNGNFC_INDUS_ANN_RN(1.0),N_A,54,AFY,MNF_CEE,EXPD,2021,2020,0,2021-03-31,PT,-2.2541
RBI:PRF_LNGNFC_INDUS_ANN_RN(1.0),N_A,54,AFY,MNF_CEE,GROSS_PFT_EBIT,2021,2020,0,2021-03-31,PT,6.9186
RBI:PRF_LNGNFC_INDUS_ANN_RN(1.0),N_A,54,AFY,MNF_CEE,INT,2021,2020,0,2021-03-31,PT,1.8279
RBI:PRF_LNGNFC_INDUS_ANN_RN(1.0),N_A,54,AFY,MNF_CEE,NET_PFT,2021,2020,0,2021-03-31,PT,72.5945
RBI:PRF_LNGNFC_INDUS_ANN_RN(1.0),N_A,54,AFY,MNF_CEE,OPR_PFT,2021,2020,0,2021-03-31,PT,11.0524
RBI:PRF_LNGNFC_INDUS_ANN_RN(1.0),N_A,54,AFY,MNF_CEE,OTH_INC,2021,2020,0,2021-03-31,PT,-12.0391
RBI:PRF_LNGNFC_INDUS_ANN_RN(1.0),N_A,54,AFY,MNF_CEE,PC_SHARE_SAL,2021,2020,0,2021-03-31,PT,0.6463
RBI:PRF_LNGNFC_INDUS_ANN_RN(1.0),N_A,54,AFY,MNF_CEE,SALES,2021,2020,0,2021-03-31,INR,225846100000
RBI:PRF_LNGNFC_INDUS_ANN_RN(1.0),N_A,54,AFY,MNF_CEE,SALES,2021,2020,0,2021-03-31,PT,0.4971
RBI:PRF_LNGNFC_INDUS_ANN_RN(1.0),N_A,54,AFY,MNF_CEE,TAX_PROV,2021,2020,0,2021-03-31,PT,3.3185
RBI:PRF_LNGNFC_INDUS_ANN_RN(1.0),N_A,254,AFY,MNF_CHM_PRD,DEPRC,2021,2020,0,2021-03-31,PT,6.9639
RBI:PRF_LNGNFC_INDUS_ANN_RN(1.0),N_A,254,AFY,MNF_CHM_PRD,EBITDA,2021,2020,0,2021-03-31,PT,14.6385
RBI:PRF_LNGNFC_INDUS_ANN_RN(1.0),N_A,254,AFY,MNF_CHM_PRD,EXPD,2021,2020,0,2021-03-31,PT,-0.8492
RBI:PRF_LNGNFC_INDUS_ANN_RN(1.0),N_A,254,AFY,MNF_CHM_PRD,GROSS_PFT_EBIT,2021,2020,0,2021-03-31,PT,16.5636
RBI:PRF_LNGNFC_INDUS_ANN_RN(1.0),N_A,254,AFY,MNF_CHM_PRD,INT,2021,2020,0,2021-03-31,PT,-18.9784
RBI:PRF_LNGNFC_INDUS_ANN_RN(1.0),N_A,254,AFY,MNF_CHM_PRD,NET_PFT,2021,2020,0,2021-03-31,PT,-11.0753
RBI:PRF_LNGNFC_INDUS_ANN_RN(1.0),N_A,254,AFY,MNF_CHM_PRD,OPR_PFT,2021,2020,0,2021-03-31,PT,18.6256
RBI:PRF_LNGNFC_INDUS_ANN_RN(1.0),N_A,254,AFY,MNF_CHM_PRD,OTH_INC,2021,2020,0,2021-03-31,PT,-12.8877
RBI:PRF_LNGNFC_INDUS_ANN_RN(1.0),N_A,254,AFY,MNF_CHM_PRD,PC_SHARE_SAL,2021,2020,0,2021-03-31,PT,7.783292
RBI:PRF_LNGNFC_INDUS_ANN_RN(1.0),N_A,254,AFY,MNF_CHM_PRD,SALES,2021,2020,0,2021-03-31,INR,2719829400000
RBI:PRF_LNGNFC_INDUS_ANN_RN(1.0),N_A,254,AFY,MNF_CHM_PRD,SALES,2021,2020,0,2021-03-31,PT,1.9546
RBI:PRF_LNGNFC_INDUS_ANN_RN(1.0),N_A,254,AFY,MNF_CHM_PRD,TAX_PROV,2021,2020,0,2021-03-31,PT,48.1212
RBI:PRF_LNGNFC_INDUS_ANN_RN(1.0),N_A,123,AFY,MNF_CP_BASIC,DEPRC,2021,2020,0,2021-03-31,PT,12.1058
RBI:PRF_LNGNFC_INDUS_ANN_RN(1.0),N_A,123,AFY,MNF_CP_BASIC,EBITDA,2021,2020,0,2021-03-31,PT,0.7229
RBI:PRF_LNGNFC_INDUS_ANN_RN(1.0),N_A,123,AFY,MNF_CP_BASIC,EXPD,2021,2020,0,2021-03-31,PT,-3.2917
RBI:PRF_LNGNFC_INDUS_ANN_RN(1.0),N_A,123,AFY,MNF_CP_BASIC,GROSS_PFT_EBIT,2021,2020,0,2021-03-31,PT,-1.7461
RBI:PRF_LNGNFC_INDUS_ANN_RN(1.0),N_A,123,AFY,MNF_CP_BASIC,INT,2021,2020,0,2021-03-31,PT,-14.1642
RBI:PRF_LNGNFC_INDUS_ANN_RN(1.0),N_A,123,AFY,MNF_CP_BASIC,NET_PFT,2021,2020,0,2021-03-31,PT,-49.3787
RBI:PRF_LNGNFC_INDUS_ANN_RN(1.0),N_A,123,AFY,MNF_CP_BASIC,OPR_PFT,2021,2020,0,2021-03-31,PT,2.8074
RBI:PRF_LNGNFC_INDUS_ANN_RN(1.0),N_A,123,AFY,MNF_CP_BASIC,OTH_INC,2021,2020,0,2021-03-31,PT,-14.1577
RBI:PRF_LNGNFC_INDUS_ANN_RN(1.0),N_A,123,AFY,MNF_CP_BASIC,PC_SHARE_SAL,2021,2020,0,2021-03-31,PT,2.004275
RBI:PRF_LNGNFC_INDUS_ANN_RN(1.0),N_A,123,AFY,MNF_CP_BASIC,SALES,2021,2020,0,2021-03-31,INR,700383200000
RBI:PRF_LNGNFC_INDUS_ANN_RN(1.0),N_A,123,AFY,MNF_CP_BASIC,SALES,2021,2020,0,2021-03-31,PT,-2.3652
RBI:PRF_LNGNFC_INDUS_ANN_RN(1.0),N_A,123,AFY,MNF_CP_BASIC,TAX_PROV,2021,2020,0,2021-03-31,PT,40.429
RBI:PRF_LNGNFC_INDUS_ANN_RN(1.0),N_A,28,AFY,MNF_CP_FNP,DEPRC,2021,2020,0,2021-03-31,PT,2.8463
RBI:PRF_LNGNFC_INDUS_ANN_RN(1.0),N_A,28,AFY,MNF_CP_FNP,EBITDA,2021,2020,0,2021-03-31,PT,27.5486
RBI:PRF_LNGNFC_INDUS_ANN_RN(1.0),N_A,28,AFY,MNF_CP_FNP,EXPD,2021,2020,0,2021-03-31,PT,-4.2977
RBI:PRF_LNGNFC_INDUS_ANN_RN(1.0),N_A,28,AFY,MNF_CP_FNP,GROSS_PFT_EBIT,2021,2020,0,2021-03-31,PT,33.8445
RBI:PRF_LNGNFC_INDUS_ANN_RN(1.0),N_A,28,AFY,MNF_CP_FNP,INT,2021,2020,0,2021-03-31,PT,-30.0733
RBI:PRF_LNGNFC_INDUS_ANN_RN(1.0),N_A,28,AFY,MNF_CP_FNP,NET_PFT,2021,2020,0,2021-03-31,PT,17.5518
RBI:PRF_LNGNFC_INDUS_ANN_RN(1.0),N_A,28,AFY,MNF_CP_FNP,OPR_PFT,2021,2020,0,2021-03-31,PT,30.8234
RBI:PRF_LNGNFC_INDUS_ANN_RN(1.0),N_A,28,AFY,MNF_CP_FNP,OTH_INC,2021,2020,0,2021-03-31,PT,1.7028
RBI:PRF_LNGNFC_INDUS_ANN_RN(1.0),N_A,28,AFY,MNF_CP_FNP,PC_SHARE_SAL,2021,2020,0,2021-03-31,PT,1.696356
RBI:PRF_LNGNFC_INDUS_ANN_RN(1.0),N_A,28,AFY,MNF_CP_FNP,SALES,2021,2020,0,2021-03-31,INR,592782400000
RBI:PRF_LNGNFC_INDUS_ANN_RN(1.0),N_A,28,AFY,MNF_CP_FNP,SALES,2021,2020,0,2021-03-31,PT,1.2957
RBI:PRF_LNGNFC_INDUS_ANN_RN(1.0),N_A,28,AFY,MNF_CP_FNP,TAX_PROV,2021,2020,0,2021-03-31,PT,53.8036
RBI:PRF_LNGNFC_INDUS_ANN_RN(1.0),N_A,89,AFY,MNF_CP_OTH,DEPRC,2021,2020,0,2021-03-31,PT,6.1221
RBI:PRF_LNGNFC_INDUS_ANN_RN(1.0),N_A,89,AFY,MNF_CP_OTH,EBITDA,2021,2020,0,2021-03-31,PT,21.8273
RBI:PRF_LNGNFC_INDUS_ANN_RN(1.0),N_A,89,AFY,MNF_CP_OTH,EXPD,2021,2020,0,2021-03-31,PT,2.2253
RBI:PRF_LNGNFC_INDUS_ANN_RN(1.0),N_A,89,AFY,MNF_CP_OTH,GROSS_PFT_EBIT,2021,2020,0,2021-03-31,PT,26.5459
RBI:PRF_LNGNFC_INDUS_ANN_RN(1.0),N_A,89,AFY,MNF_CP_OTH,INT,2021,2020,0,2021-03-31,PT,-12.1879
RBI:PRF_LNGNFC_INDUS_ANN_RN(1.0),N_A,89,AFY,MNF_CP_OTH,NET_PFT,2021,2020,0,2021-03-31,PT,25.8564
RBI:PRF_LNGNFC_INDUS_ANN_RN(1.0),N_A,89,AFY,MNF_CP_OTH,OPR_PFT,2021,2020,0,2021-03-31,PT,28.5333
RBI:PRF_LNGNFC_INDUS_ANN_RN(1.0),N_A,89,AFY,MNF_CP_OTH,OTH_INC,2021,2020,0,2021-03-31,PT,-16.3168
RBI:PRF_LNGNFC_INDUS_ANN_RN(1.0),N_A,89,AFY,MNF_CP_OTH,PC_SHARE_SAL,2021,2020,0,2021-03-31,PT,3.130787
RBI:PRF_LNGNFC_INDUS_ANN_RN(1.0),N_A,89,AFY,MNF_CP_OTH,SALES,2021,2020,0,2021-03-31,INR,1094036700000
RBI:PRF_LNGNFC_INDUS_ANN_RN(1.0),N_A,89,AFY,MNF_CP_OTH,SALES,2021,2020,0,2021-03-31,PT,5.1081
RBI:PRF_LNGNFC_INDUS_ANN_RN(1.0),N_A,89,AFY,MNF_CP_OTH,TAX_PROV,2021,2020,0,2021-03-31,PT,73.9763
RBI:PRF_LNGNFC_INDUS_ANN_RN(1.0),N_A,14,AFY,MNF_CP_PNV,DEPRC,2021,2020,0,2021-03-31,PT,3.9066
RBI:PRF_LNGNFC_INDUS_ANN_RN(1.0),N_A,14,AFY,MNF_CP_PNV,EBITDA,2021,2020,0,2021-03-31,PT,11.1314
RBI:PRF_LNGNFC_INDUS_ANN_RN(1.0),N_A,14,AFY,MNF_CP_PNV,EXPD,2021,2020,0,2021-03-31,PT,0.9811
RBI:PRF_LNGNFC_INDUS_ANN_RN(1.0),N_A,14,AFY,MNF_CP_PNV,GROSS_PFT_EBIT,2021,2020,0,2021-03-31,PT,12.5639
RBI:PRF_LNGNFC_INDUS_ANN_RN(1.0),N_A,14,AFY,MNF_CP_PNV,INT,2021,2020,0,2021-03-31,PT,-4.1891
RBI:PRF_LNGNFC_INDUS_ANN_RN(1.0),N_A,14,AFY,MNF_CP_PNV,NET_PFT,2021,2020,0,2021-03-31,PT,9.697
RBI:PRF_LNGNFC_INDUS_ANN_RN(1.0),N_A,14,AFY,MNF_CP_PNV,OPR_PFT,2021,2020,0,2021-03-31,PT,13.6441
RBI:PRF_LNGNFC_INDUS_ANN_RN(1.0),N_A,14,AFY,MNF_CP_PNV,OTH_INC,2021,2020,0,2021-03-31,PT,-14.2993
RBI:PRF_LNGNFC_INDUS_ANN_RN(1.0),N_A,14,AFY,MNF_CP_PNV,PC_SHARE_SAL,2021,2020,0,2021-03-31,PT,0.951874
RBI:PRF_LNGNFC_INDUS_ANN_RN(1.0),N_A,14,AFY,MNF_CP_PNV,SALES,2021,2020,0,2021-03-31,INR,332627100000
RBI:PRF_LNGNFC_INDUS_ANN_RN(1.0),N_A,14,AFY,MNF_CP_PNV,SALES,2021,2020,0,2021-03-31,PT,2.5775
RBI:PRF_LNGNFC_INDUS_ANN_RN(1.0),N_A,14,AFY,MNF_CP_PNV,TAX_PROV,2021,2020,0,2021-03-31,PT,15.2148
RBI:PRF_LNGNFC_INDUS_ANN_RN(1.0),N_A,102,AFY,MNF_EMA,DEPRC,2021,2020,0,2021-03-31,PT,-10.0785
RBI:PRF_LNGNFC_INDUS_ANN_RN(1.0),N_A,102,AFY,MNF_EMA,EBITDA,2021,2020,0,2021-03-31,PT,8.5173
RBI:PRF_LNGNFC_INDUS_ANN_RN(1.0),N_A,102,AFY,MNF_EMA,EXPD,2021,2020,0,2021-03-31,PT,-5.6685
RBI:PRF_LNGNFC_INDUS_ANN_RN(1.0),N_A,102,AFY,MNF_EMA,GROSS_PFT_EBIT,2021,2020,0,2021-03-31,PT,15.0237
RBI:PRF_LNGNFC_INDUS_ANN_RN(1.0),N_A,102,AFY,MNF_EMA,INT,2021,2020,0,2021-03-31,PT,-16.6282
RBI:PRF_LNGNFC_INDUS_ANN_RN(1.0),N_A,102,AFY,MNF_EMA,OPR_PFT,2021,2020,0,2021-03-31,PT,12.0006
RBI:PRF_LNGNFC_INDUS_ANN_RN(1.0),N_A,102,AFY,MNF_EMA,OTH_INC,2021,2020,0,2021-03-31,PT,-9.2582
RBI:PRF_LNGNFC_INDUS_ANN_RN(1.0),N_A,102,AFY,MNF_EMA,PC_SHARE_SAL,2021,2020,0,2021-03-31,PT,3.502814
RBI:PRF_LNGNFC_INDUS_ANN_RN(1.0),N_A,102,AFY,MNF_EMA,SALES,2021,2020,0,2021-03-31,INR,1224039400000
RBI:PRF_LNGNFC_INDUS_ANN_RN(1.0),N_A,102,AFY,MNF_EMA,SALES,2021,2020,0,2021-03-31,PT,-3.3596
RBI:PRF_LNGNFC_INDUS_ANN_RN(1.0),N_A,102,AFY,MNF_EMA,TAX_PROV,2021,2020,0,2021-03-31,PT,-4.3094
RBI:PRF_LNGNFC_INDUS_ANN_RN(1.0),N_A,37,AFY,MNF_FMP,DEPRC,2021,2020,0,2021-03-31,PT,3.2018
RBI:PRF_LNGNFC_INDUS_ANN_RN(1.0),N_A,37,AFY,MNF_FMP,EBITDA,2021,2020,0,2021-03-31,PT,-9.7281
RBI:PRF_LNGNFC_INDUS_ANN_RN(1.0),N_A,37,AFY,MNF_FMP,EXPD,2021,2020,0,2021-03-31,PT,-5.3159
RBI:PRF_LNGNFC_INDUS_ANN_RN(1.0),N_A,37,AFY,MNF_FMP,GROSS_PFT_EBIT,2021,2020,0,2021-03-31,PT,-15.1715
RBI:PRF_LNGNFC_INDUS_ANN_RN(1.0),N_A,37,AFY,MNF_FMP,INT,2021,2020,0,2021-03-31,PT,-25.3814
RBI:PRF_LNGNFC_INDUS_ANN_RN(1.0),N_A,37,AFY,MNF_FMP,NET_PFT,2021,2020,0,2021-03-31,PT,-28.8199
RBI:PRF_LNGNFC_INDUS_ANN_RN(1.0),N_A,37,AFY,MNF_FMP,OPR_PFT,2021,2020,0,2021-03-31,PT,-9.3448
RBI:PRF_LNGNFC_INDUS_ANN_RN(1.0),N_A,37,AFY,MNF_FMP,OTH_INC,2021,2020,0,2021-03-31,PT,-12.0777
RBI:PRF_LNGNFC_INDUS_ANN_RN(1.0),N_A,37,AFY,MNF_FMP,PC_SHARE_SAL,2021,2020,0,2021-03-31,PT,0.5283
RBI:PRF_LNGNFC_INDUS_ANN_RN(1.0),N_A,37,AFY,MNF_FMP,SALES,2021,2020,0,2021-03-31,INR,184611600000
RBI:PRF_LNGNFC_INDUS_ANN_RN(1.0),N_A,37,AFY,MNF_FMP,SALES,2021,2020,0,2021-03-31,PT,-6.2586
RBI:PRF_LNGNFC_INDUS_ANN_RN(1.0),N_A,37,AFY,MNF_FMP,TAX_PROV,2021,2020,0,2021-03-31,PT,-5.2754
RBI:PRF_LNGNFC_INDUS_ANN_RN(1.0),N_A,168,AFY,MNF_FPB,DEPRC,2021,2020,0,2021-03-31,PT,1.2443
RBI:PRF_LNGNFC_INDUS_ANN_RN(1.0),N_A,168,AFY,MNF_FPB,EBITDA,2021,2020,0,2021-03-31,PT,18.5397
RBI:PRF_LNGNFC_INDUS_ANN_RN(1.0),N_A,168,AFY,MNF_FPB,EXPD,2021,2020,0,2021-03-31,PT,2.8793
RBI:PRF_LNGNFC_INDUS_ANN_RN(1.0),N_A,168,AFY,MNF_FPB,GROSS_PFT_EBIT,2021,2020,0,2021-03-31,PT,23.4105
RBI:PRF_LNGNFC_INDUS_ANN_RN(1.0),N_A,168,AFY,MNF_FPB,INT,2021,2020,0,2021-03-31,PT,16.6469
RBI:PRF_LNGNFC_INDUS_ANN_RN(1.0),N_A,168,AFY,MNF_FPB,NET_PFT,2021,2020,0,2021-03-31,PT,-31.1353
RBI:PRF_LNGNFC_INDUS_ANN_RN(1.0),N_A,168,AFY,MNF_FPB,OPR_PFT,2021,2020,0,2021-03-31,PT,21.4145
RBI:PRF_LNGNFC_INDUS_ANN_RN(1.0),N_A,168,AFY,MNF_FPB,OTH_INC,2021,2020,0,2021-03-31,PT,1.8265
RBI:PRF_LNGNFC_INDUS_ANN_RN(1.0),N_A,168,AFY,MNF_FPB,PC_SHARE_SAL,2021,2020,0,2021-03-31,PT,5.512031
RBI:PRF_LNGNFC_INDUS_ANN_RN(1.0),N_A,168,AFY,MNF_FPB,SALES,2021,2020,0,2021-03-31,INR,1926149600000
RBI:PRF_LNGNFC_INDUS_ANN_RN(1.0),N_A,168,AFY,MNF_FPB,SALES,2021,2020,0,2021-03-31,PT,4.3568
RBI:PRF_LNGNFC_INDUS_ANN_RN(1.0),N_A,168,AFY,MNF_FPB,TAX_PROV,2021,2020,0,2021-03-31,PT,15.5632
RBI:PRF_LNGNFC_INDUS_ANN_RN(1.0),N_A,15,AFY,MNF_FPB_DAIRY_PRD,DEPRC,2021,2020,0,2021-03-31,PT,0.083
RBI:PRF_LNGNFC_INDUS_ANN_RN(1.0),N_A,15,AFY,MNF_FPB_DAIRY_PRD,EBITDA,2021,2020,0,2021-03-31,PT,11.3551
RBI:PRF_LNGNFC_INDUS_ANN_RN(1.0),N_A,15,AFY,MNF_FPB_DAIRY_PRD,EXPD,2021,2020,0,2021-03-31,PT,-4.8606
RBI:PRF_LNGNFC_INDUS_ANN_RN(1.0),N_A,15,AFY,MNF_FPB_DAIRY_PRD,GROSS_PFT_EBIT,2021,2020,0,2021-03-31,PT,14.4732
RBI:PRF_LNGNFC_INDUS_ANN_RN(1.0),N_A,15,AFY,MNF_FPB_DAIRY_PRD,NET_PFT,2021,2020,0,2021-03-31,PT,-48.8862
RBI:PRF_LNGNFC_INDUS_ANN_RN(1.0),N_A,15,AFY,MNF_FPB_DAIRY_PRD,OPR_PFT,2021,2020,0,2021-03-31,PT,22.8692
RBI:PRF_LNGNFC_INDUS_ANN_RN(1.0),N_A,15,AFY,MNF_FPB_DAIRY_PRD,OTH_INC,2021,2020,0,2021-03-31,PT,-60.8868
RBI:PRF_LNGNFC_INDUS_ANN_RN(1.0),N_A,15,AFY,MNF_FPB_DAIRY_PRD,PC_SHARE_SAL,2021,2020,0,2021-03-31,PT,0.721041
RBI:PRF_LNGNFC_INDUS_ANN_RN(1.0),N_A,15,AFY,MNF_FPB_DAIRY_PRD,SALES,2021,2020,0,2021-03-31,INR,251964000000
RBI:PRF_LNGNFC_INDUS_ANN_RN(1.0),N_A,15,AFY,MNF_FPB_DAIRY_PRD,SALES,2021,2020,0,2021-03-31,PT,-0.8024
RBI:PRF_LNGNFC_INDUS_ANN_RN(1.0),N_A,15,AFY,MNF_FPB_DAIRY_PRD,TAX_PROV,2021,2020,0,2021-03-31,PT,46.3977
RBI:PRF_LNGNFC_INDUS_ANN_RN(1.0),N_A,34,AFY,MNF_FPB_EDD_OIL,DEPRC,2021,2020,0,2021-03-31,PT,0.2671
RBI:PRF_LNGNFC_INDUS_ANN_RN(1.0),N_A,34,AFY,MNF_FPB_EDD_OIL,EBITDA,2021,2020,0,2021-03-31,PT,38.798
RBI:PRF_LNGNFC_INDUS_ANN_RN(1.0),N_A,34,AFY,MNF_FPB_EDD_OIL,EXPD,2021,2020,0,2021-03-31,PT,27.8047
RBI:PRF_LNGNFC_INDUS_ANN_RN(1.0),N_A,34,AFY,MNF_FPB_EDD_OIL,GROSS_PFT_EBIT,2021,2020,0,2021-03-31,PT,46.5874
RBI:PRF_LNGNFC_INDUS_ANN_RN(1.0),N_A,34,AFY,MNF_FPB_EDD_OIL,INT,2021,2020,0,2021-03-31,PT,62.0685
RBI:PRF_LNGNFC_INDUS_ANN_RN(1.0),N_A,34,AFY,MNF_FPB_EDD_OIL,NET_PFT,2021,2020,0,2021-03-31,PT,-72.9138
RBI:PRF_LNGNFC_INDUS_ANN_RN(1.0),N_A,34,AFY,MNF_FPB_EDD_OIL,OPR_PFT,2021,2020,0,2021-03-31,PT,42.7972
RBI:PRF_LNGNFC_INDUS_ANN_RN(1.0),N_A,34,AFY,MNF_FPB_EDD_OIL,OTH_INC,2021,2020,0,2021-03-31,PT,17.9356
RBI:PRF_LNGNFC_INDUS_ANN_RN(1.0),N_A,34,AFY,MNF_FPB_EDD_OIL,PC_SHARE_SAL,2021,2020,0,2021-03-31,PT,1.282274
RBI:PRF_LNGNFC_INDUS_ANN_RN(1.0),N_A,34,AFY,MNF_FPB_EDD_OIL,SALES,2021,2020,0,2021-03-31,INR,448083800000
RBI:PRF_LNGNFC_INDUS_ANN_RN(1.0),N_A,34,AFY,MNF_FPB_EDD_OIL,SALES,2021,2020,0,2021-03-31,PT,27.5591
RBI:PRF_LNGNFC_INDUS_ANN_RN(1.0),N_A,34,AFY,MNF_FPB_EDD_OIL,TAX_PROV,2021,2020,0,2021-03-31,PT,31.8715
RBI:PRF_LNGNFC_INDUS_ANN_RN(1.0),N_A,34,AFY,MNF_FPB_ESGR,DEPRC,2021,2020,0,2021-03-31,PT,2.8973
RBI:PRF_LNGNFC_INDUS_ANN_RN(1.0),N_A,34,AFY,MNF_FPB_ESGR,EBITDA,2021,2020,0,2021-03-31,PT,22.6272
RBI:PRF_LNGNFC_INDUS_ANN_RN(1.0),N_A,34,AFY,MNF_FPB_ESGR,EXPD,2021,2020,0,2021-03-31,PT,6.1783
RBI:PRF_LNGNFC_INDUS_ANN_RN(1.0),N_A,34,AFY,MNF_FPB_ESGR,GROSS_PFT_EBIT,2021,2020,0,2021-03-31,PT,30.8363
RBI:PRF_LNGNFC_INDUS_ANN_RN(1.0),N_A,34,AFY,MNF_FPB_ESGR,INT,2021,2020,0,2021-03-31,PT,-13.2267
RBI:PRF_LNGNFC_INDUS_ANN_RN(1.0),N_A,34,AFY,MNF_FPB_ESGR,OPR_PFT,2021,2020,0,2021-03-31,PT,19.8557
RBI:PRF_LNGNFC_INDUS_ANN_RN(1.0),N_A,34,AFY,MNF_FPB_ESGR,OTH_INC,2021,2020,0,2021-03-31,PT,38.4827
RBI:PRF_LNGNFC_INDUS_ANN_RN(1.0),N_A,34,AFY,MNF_FPB_ESGR,PC_SHARE_SAL,2021,2020,0,2021-03-31,PT,1.495319
RBI:PRF_LNGNFC_INDUS_ANN_RN(1.0),N_A,34,AFY,MNF_FPB_ESGR,SALES,2021,2020,0,2021-03-31,INR,522531100000
RBI:PRF_LNGNFC_INDUS_ANN_RN(1.0),N_A,34,AFY,MNF_FPB_ESGR,SALES,2021,2020,0,2021-03-31,PT,8.9924
RBI:PRF_LNGNFC_INDUS_ANN_RN(1.0),N_A,34,AFY,MNF_FPB_ESGR,TAX_PROV,2021,2020,0,2021-03-31,PT,39.4424
RBI:PRF_LNGNFC_INDUS_ANN_RN(1.0),N_A,85,AFY,MNF_FPB_OFP,DEPRC,2021,2020,0,2021-03-31,PT,0.7705
RBI:PRF_LNGNFC_INDUS_ANN_RN(1.0),N_A,85,AFY,MNF_FPB_OFP,EBITDA,2021,2020,0,2021-03-31,PT,13.6625
RBI:PRF_LNGNFC_INDUS_ANN_RN(1.0),N_A,85,AFY,MNF_FPB_OFP,EXPD,2021,2020,0,2021-03-31,PT,-8.7798
RBI:PRF_LNGNFC_INDUS_ANN_RN(1.0),N_A,85,AFY,MNF_FPB_OFP,GROSS_PFT_EBIT,2021,2020,0,2021-03-31,PT,16.8517
RBI:PRF_LNGNFC_INDUS_ANN_RN(1.0),N_A,85,AFY,MNF_FPB_OFP,INT,2021,2020,0,2021-03-31,PT,-16.7219
RBI:PRF_LNGNFC_INDUS_ANN_RN(1.0),N_A,85,AFY,MNF_FPB_OFP,NET_PFT,2021,2020,0,2021-03-31,PT,18.4542
RBI:PRF_LNGNFC_INDUS_ANN_RN(1.0),N_A,85,AFY,MNF_FPB_OFP,OPR_PFT,2021,2020,0,2021-03-31,PT,15.5796
RBI:PRF_LNGNFC_INDUS_ANN_RN(1.0),N_A,85,AFY,MNF_FPB_OFP,OTH_INC,2021,2020,0,2021-03-31,PT,2.4098
RBI:PRF_LNGNFC_INDUS_ANN_RN(1.0),N_A,85,AFY,MNF_FPB_OFP,PC_SHARE_SAL,2021,2020,0,2021-03-31,PT,2.013397
RBI:PRF_LNGNFC_INDUS_ANN_RN(1.0),N_A,85,AFY,MNF_FPB_OFP,SALES,2021,2020,0,2021-03-31,INR,703570700000
RBI:PRF_LNGNFC_INDUS_ANN_RN(1.0),N_A,85,AFY,MNF_FPB_OFP,SALES,2021,2020,0,2021-03-31,PT,-7.5511
RBI:PRF_LNGNFC_INDUS_ANN_RN(1.0),N_A,85,AFY,MNF_FPB_OFP,TAX_PROV,2021,2020,0,2021-03-31,PT,-5.3691
RBI:PRF_LNGNFC_INDUS_ANN_RN(1.0),N_A,9,AFY,MNF_GGP,DEPRC,2021,2020,0,2021-03-31,PT,-3.547
RBI:PRF_LNGNFC_INDUS_ANN_RN(1.0),N_A,9,AFY,MNF_GGP,EBITDA,2021,2020,0,2021-03-31,PT,-12.2268
RBI:PRF_LNGNFC_INDUS_ANN_RN(1.0),N_A,9,AFY,MNF_GGP,EXPD,2021,2020,0,2021-03-31,PT,-12.7282
RBI:PRF_LNGNFC_INDUS_ANN_RN(1.0),N_A,9,AFY,MNF_GGP,GROSS_PFT_EBIT,2021,2020,0,2021-03-31,PT,-17.011
RBI:PRF_LNGNFC_INDUS_ANN_RN(1.0),N_A,9,AFY,MNF_GGP,INT,2021,2020,0,2021-03-31,PT,-5.3486
RBI:PRF_LNGNFC_INDUS_ANN_RN(1.0),N_A,9,AFY,MNF_GGP,NET_PFT,2021,2020,0,2021-03-31,PT,-104.1032
RBI:PRF_LNGNFC_INDUS_ANN_RN(1.0),N_A,9,AFY,MNF_GGP,OPR_PFT,2021,2020,0,2021-03-31,PT,-12.1216
RBI:PRF_LNGNFC_INDUS_ANN_RN(1.0),N_A,9,AFY,MNF_GGP,OTH_INC,2021,2020,0,2021-03-31,PT,-13.2125
RBI:PRF_LNGNFC_INDUS_ANN_RN(1.0),N_A,9,AFY,MNF_GGP,PC_SHARE_SAL,2021,2020,0,2021-03-31,PT,0.166253
RBI:PRF_LNGNFC_INDUS_ANN_RN(1.0),N_A,9,AFY,MNF_GGP,SALES,2021,2020,0,2021-03-31,INR,58096200000
RBI:PRF_LNGNFC_INDUS_ANN_RN(1.0),N_A,9,AFY,MNF_GGP,SALES,2021,2020,0,2021-03-31,PT,-9.1797
RBI:PRF_LNGNFC_INDUS_ANN_RN(1.0),N_A,9,AFY,MNF_GGP,TAX_PROV,2021,2020,0,2021-03-31,PT,128.513
RBI:PRF_LNGNFC_INDUS_ANN_RN(1.0),N_A,138,AFY,MNF_INS,DEPRC,2021,2020,0,2021-03-31,PT,2.4296
RBI:PRF_LNGNFC_INDUS_ANN_RN(1.0),N_A,138,AFY,MNF_INS,EBITDA,2021,2020,0,2021-03-31,PT,57.8219
RBI:PRF_LNGNFC_INDUS_ANN_RN(1.0),N_A,138,AFY,MNF_INS,EXPD,2021,2020,0,2021-03-31,PT,-4.1451
RBI:PRF_LNGNFC_INDUS_ANN_RN(1.0),N_A,138,AFY,MNF_INS,GROSS_PFT_EBIT,2021,2020,0,2021-03-31,PT,82.8987
RBI:PRF_LNGNFC_INDUS_ANN_RN(1.0),N_A,138,AFY,MNF_INS,INT,2021,2020,0,2021-03-31,PT,-9.3649
RBI:PRF_LNGNFC_INDUS_ANN_RN(1.0),N_A,138,AFY,MNF_INS,OPR_PFT,2021,2020,0,2021-03-31,PT,60.398
RBI:PRF_LNGNFC_INDUS_ANN_RN(1.0),N_A,138,AFY,MNF_INS,OTH_INC,2021,2020,0,2021-03-31,PT,29.7485
RBI:PRF_LNGNFC_INDUS_ANN_RN(1.0),N_A,138,AFY,MNF_INS,PC_SHARE_SAL,2021,2020,0,2021-03-31,PT,9.118842
RBI:PRF_LNGNFC_INDUS_ANN_RN(1.0),N_A,138,AFY,MNF_INS,SALES,2021,2020,0,2021-03-31,INR,3186530400000
RBI:PRF_LNGNFC_INDUS_ANN_RN(1.0),N_A,138,AFY,MNF_INS,SALES,2021,2020,0,2021-03-31,PT,7.4861
RBI:PRF_LNGNFC_INDUS_ANN_RN(1.0),N_A,138,AFY,MNF_INS,TAX_PROV,2021,2020,0,2021-03-31,PT,69.2833
RBI:PRF_LNGNFC_INDUS_ANN_RN(1.0),N_A,46,AFY,MNF_JRA,DEPRC,2021,2020,0,2021-03-31,PT,3.1056
RBI:PRF_LNGNFC_INDUS_ANN_RN(1.0),N_A,46,AFY,MNF_JRA,EBITDA,2021,2020,0,2021-03-31,PT,-21.1701
RBI:PRF_LNGNFC_INDUS_ANN_RN(1.0),N_A,46,AFY,MNF_JRA,EXPD,2021,2020,0,2021-03-31,PT,-5.7618
RBI:PRF_LNGNFC_INDUS_ANN_RN(1.0),N_A,46,AFY,MNF_JRA,GROSS_PFT_EBIT,2021,2020,0,2021-03-31,PT,-24.275
RBI:PRF_LNGNFC_INDUS_ANN_RN(1.0),N_A,46,AFY,MNF_JRA,INT,2021,2020,0,2021-03-31,PT,4.0067
RBI:PRF_LNGNFC_INDUS_ANN_RN(1.0),N_A,46,AFY,MNF_JRA,NET_PFT,2021,2020,0,2021-03-31,PT,-33.2796
RBI:PRF_LNGNFC_INDUS_ANN_RN(1.0),N_A,46,AFY,MNF_JRA,OPR_PFT,2021,2020,0,2021-03-31,PT,-21.6982
RBI:PRF_LNGNFC_INDUS_ANN_RN(1.0),N_A,46,AFY,MNF_JRA,OTH_INC,2021,2020,0,2021-03-31,PT,-16.8091
RBI:PRF_LNGNFC_INDUS_ANN_RN(1.0),N_A,46,AFY,MNF_JRA,PC_SHARE_SAL,2021,2020,0,2021-03-31,PT,1.052092
RBI:PRF_LNGNFC_INDUS_ANN_RN(1.0),N_A,46,AFY,MNF_JRA,SALES,2021,2020,0,2021-03-31,INR,367647800000
RBI:PRF_LNGNFC_INDUS_ANN_RN(1.0),N_A,46,AFY,MNF_JRA,SALES,2021,2020,0,2021-03-31,PT,-5.3453
RBI:PRF_LNGNFC_INDUS_ANN_RN(1.0),N_A,46,AFY,MNF_JRA,TAX_PROV,2021,2020,0,2021-03-31,PT,-40.7115
RBI:PRF_LNGNFC_INDUS_ANN_RN(1.0),N_A,15,AFY,MNF_LTH,DEPRC,2021,2020,0,2021-03-31,PT,-3.263
RBI:PRF_LNGNFC_INDUS_ANN_RN(1.0),N_A,15,AFY,MNF_LTH,EBITDA,2021,2020,0,2021-03-31,PT,-24.166
RBI:PRF_LNGNFC_INDUS_ANN_RN(1.0),N_A,15,AFY,MNF_LTH,EXPD,2021,2020,0,2021-03-31,PT,-28.6162
RBI:PRF_LNGNFC_INDUS_ANN_RN(1.0),N_A,15,AFY,MNF_LTH,GROSS_PFT_EBIT,2021,2020,0,2021-03-31,PT,-32.6259
RBI:PRF_LNGNFC_INDUS_ANN_RN(1.0),N_A,15,AFY,MNF_LTH,INT,2021,2020,0,2021-03-31,PT,0.7864
RBI:PRF_LNGNFC_INDUS_ANN_RN(1.0),N_A,15,AFY,MNF_LTH,NET_PFT,2021,2020,0,2021-03-31,PT,-36.5143
RBI:PRF_LNGNFC_INDUS_ANN_RN(1.0),N_A,15,AFY,MNF_LTH,OPR_PFT,2021,2020,0,2021-03-31,PT,-30.6918
RBI:PRF_LNGNFC_INDUS_ANN_RN(1.0),N_A,15,AFY,MNF_LTH,OTH_INC,2021,2020,0,2021-03-31,PT,59.7354
RBI:PRF_LNGNFC_INDUS_ANN_RN(1.0),N_A,15,AFY,MNF_LTH,PC_SHARE_SAL,2021,2020,0,2021-03-31,PT,0.128873
RBI:PRF_LNGNFC_INDUS_ANN_RN(1.0),N_A,15,AFY,MNF_LTH,SALES,2021,2020,0,2021-03-31,INR,45034100000
RBI:PRF_LNGNFC_INDUS_ANN_RN(1.0),N_A,15,AFY,MNF_LTH,SALES,2021,2020,0,2021-03-31,PT,-25.046
RBI:PRF_LNGNFC_INDUS_ANN_RN(1.0),N_A,15,AFY,MNF_LTH,TAX_PROV,2021,2020,0,2021-03-31,PT,-14.3273
RBI:PRF_LNGNFC_INDUS_ANN_RN(1.0),N_A,140,AFY,MNF_MMT,DEPRC,2021,2020,0,2021-03-31,PT,3.8597
RBI:PRF_LNGNFC_INDUS_ANN_RN(1.0),N_A,140,AFY,MNF_MMT,EBITDA,2021,2020,0,2021-03-31,PT,12.0136
RBI:PRF_LNGNFC_INDUS_ANN_RN(1.0),N_A,140,AFY,MNF_MMT,EXPD,2021,2020,0,2021-03-31,PT,-9.2688
RBI:PRF_LNGNFC_INDUS_ANN_RN(1.0),N_A,140,AFY,MNF_MMT,GROSS_PFT_EBIT,2021,2020,0,2021-03-31,PT,14.1818
RBI:PRF_LNGNFC_INDUS_ANN_RN(1.0),N_A,140,AFY,MNF_MMT,INT,2021,2020,0,2021-03-31,PT,-5.9748
RBI:PRF_LNGNFC_INDUS_ANN_RN(1.0),N_A,140,AFY,MNF_MMT,NET_PFT,2021,2020,0,2021-03-31,PT,13.3049
RBI:PRF_LNGNFC_INDUS_ANN_RN(1.0),N_A,140,AFY,MNF_MMT,OPR_PFT,2021,2020,0,2021-03-31,PT,16.5482
RBI:PRF_LNGNFC_INDUS_ANN_RN(1.0),N_A,140,AFY,MNF_MMT,OTH_INC,2021,2020,0,2021-03-31,PT,-5.9457
RBI:PRF_LNGNFC_INDUS_ANN_RN(1.0),N_A,140,AFY,MNF_MMT,PC_SHARE_SAL,2021,2020,0,2021-03-31,PT,2.14168
RBI:PRF_LNGNFC_INDUS_ANN_RN(1.0),N_A,140,AFY,MNF_MMT,SALES,2021,2020,0,2021-03-31,INR,748398600000
RBI:PRF_LNGNFC_INDUS_ANN_RN(1.0),N_A,140,AFY,MNF_MMT,SALES,2021,2020,0,2021-03-31,PT,-4.0379
RBI:PRF_LNGNFC_INDUS_ANN_RN(1.0),N_A,140,AFY,MNF_MMT,TAX_PROV,2021,2020,0,2021-03-31,PT,15.3112
RBI:PRF_LNGNFC_INDUS_ANN_RN(1.0),N_A,13,AFY,MNF_MMT_MV,DEPRC,2021,2020,0,2021-03-31,PT,-1.7184
RBI:PRF_LNGNFC_INDUS_ANN_RN(1.0),N_A,13,AFY,MNF_MMT_MV,EBITDA,2021,2020,0,2021-03-31,PT,-8.6388
RBI:PRF_LNGNFC_INDUS_ANN_RN(1.0),N_A,13,AFY,MNF_MMT_MV,EXPD,2021,2020,0,2021-03-31,PT,-0.9267
RBI:PRF_LNGNFC_INDUS_ANN_RN(1.0),N_A,13,AFY,MNF_MMT_MV,GROSS_PFT_EBIT,2021,2020,0,2021-03-31,PT,-11.91
RBI:PRF_LNGNFC_INDUS_ANN_RN(1.0),N_A,13,AFY,MNF_MMT_MV,INT,2021,2020,0,2021-03-31,PT,34.2122
RBI:PRF_LNGNFC_INDUS_ANN_RN(1.0),N_A,13,AFY,MNF_MMT_MV,NET_PFT,2021,2020,0,2021-03-31,PT,-3.5162
RBI:PRF_LNGNFC_INDUS_ANN_RN(1.0),N_A,13,AFY,MNF_MMT_MV,OPR_PFT,2021,2020,0,2021-03-31,PT,-4.4377
RBI:PRF_LNGNFC_INDUS_ANN_RN(1.0),N_A,13,AFY,MNF_MMT_MV,OTH_INC,2021,2020,0,2021-03-31,PT,-19.7515
RBI:PRF_LNGNFC_INDUS_ANN_RN(1.0),N_A,13,AFY,MNF_MMT_MV,PC_SHARE_SAL,2021,2020,0,2021-03-31,PT,7.847083
RBI:PRF_LNGNFC_INDUS_ANN_RN(1.0),N_A,13,AFY,MNF_MMT_MV,SALES,2021,2020,0,2021-03-31,INR,2742120800000
RBI:PRF_LNGNFC_INDUS_ANN_RN(1.0),N_A,13,AFY,MNF_MMT_MV,SALES,2021,2020,0,2021-03-31,PT,-2.572
RBI:PRF_LNGNFC_INDUS_ANN_RN(1.0),N_A,13,AFY,MNF_MMT_MV,TAX_PROV,2021,2020,0,2021-03-31,PT,-10.2271
RBI:PRF_LNGNFC_INDUS_ANN_RN(1.0),N_A,99,AFY,MNF_MMT_OTH,DEPRC,2021,2020,0,2021-03-31,PT,-1.6542
RBI:PRF_LNGNFC_INDUS_ANN_RN(1.0),N_A,99,AFY,MNF_MMT_OTH,EBITDA,2021,2020,0,2021-03-31,PT,-8.0476
RBI:PRF_LNGNFC_INDUS_ANN_RN(1.0),N_A,99,AFY,MNF_MMT_OTH,EXPD,2021,2020,0,2021-03-31,PT,-0.6955
RBI:PRF_LNGNFC_INDUS_ANN_RN(1.0),N_A,99,AFY,MNF_MMT_OTH,GROSS_PFT_EBIT,2021,2020,0,2021-03-31,PT,-11.3188
RBI:PRF_LNGNFC_INDUS_ANN_RN(1.0),N_A,99,AFY,MNF_MMT_OTH,INT,2021,2020,0,2021-03-31,PT,21.949
RBI:PRF_LNGNFC_INDUS_ANN_RN(1.0),N_A,99,AFY,MNF_MMT_OTH,NET_PFT,2021,2020,0,2021-03-31,PT,-1.8769
RBI:PRF_LNGNFC_INDUS_ANN_RN(1.0),N_A,99,AFY,MNF_MMT_OTH,OPR_PFT,2021,2020,0,2021-03-31,PT,-3.8786
RBI:PRF_LNGNFC_INDUS_ANN_RN(1.0),N_A,99,AFY,MNF_MMT_OTH,OTH_INC,2021,2020,0,2021-03-31,PT,-19.8599
RBI:PRF_LNGNFC_INDUS_ANN_RN(1.0),N_A,99,AFY,MNF_MMT_OTH,PC_SHARE_SAL,2021,2020,0,2021-03-31,PT,9.836631
RBI:PRF_LNGNFC_INDUS_ANN_RN(1.0),N_A,99,AFY,MNF_MMT_OTH,SALES,2021,2020,0,2021-03-31,INR,3437357800000
RBI:PRF_LNGNFC_INDUS_ANN_RN(1.0),N_A,99,AFY,MNF_MMT_OTH,SALES,2021,2020,0,2021-03-31,PT,-2.3225
RBI:PRF_LNGNFC_INDUS_ANN_RN(1.0),N_A,99,AFY,MNF_MMT_OTH,TAX_PROV,2021,2020,0,2021-03-31,PT,-9.006
RBI:PRF_LNGNFC_INDUS_ANN_RN(1.0),N_A,86,AFY,MNF_MMT_PRTS,DEPRC,2021,2020,0,2021-03-31,PT,-1.438
RBI:PRF_LNGNFC_INDUS_ANN_RN(1.0),N_A,86,AFY,MNF_MMT_PRTS,EBITDA,2021,2020,0,2021-03-31,PT,-5.4775
RBI:PRF_LNGNFC_INDUS_ANN_RN(1.0),N_A,86,AFY,MNF_MMT_PRTS,EXPD,2021,2020,0,2021-03-31,PT,0.2277
RBI:PRF_LNGNFC_INDUS_ANN_RN(1.0),N_A,86,AFY,MNF_MMT_PRTS,GROSS_PFT_EBIT,2021,2020,0,2021-03-31,PT,-8.3378
RBI:PRF_LNGNFC_INDUS_ANN_RN(1.0),N_A,86,AFY,MNF_MMT_PRTS,INT,2021,2020,0,2021-03-31,PT,-3.1944
RBI:PRF_LNGNFC_INDUS_ANN_RN(1.0),N_A,86,AFY,MNF_MMT_PRTS,NET_PFT,2021,2020,0,2021-03-31,PT,6.4948
RBI:PRF_LNGNFC_INDUS_ANN_RN(1.0),N_A,86,AFY,MNF_MMT_PRTS,OPR_PFT,2021,2020,0,2021-03-31,PT,-1.6672
RBI:PRF_LNGNFC_INDUS_ANN_RN(1.0),N_A,86,AFY,MNF_MMT_PRTS,OTH_INC,2021,2020,0,2021-03-31,PT,-20.4985
RBI:PRF_LNGNFC_INDUS_ANN_RN(1.0),N_A,86,AFY,MNF_MMT_PRTS,PC_SHARE_SAL,2021,2020,0,2021-03-31,PT,1.989548
RBI:PRF_LNGNFC_INDUS_ANN_RN(1.0),N_A,86,AFY,MNF_MMT_PRTS,SALES,2021,2020,0,2021-03-31,INR,695237000000
RBI:PRF_LNGNFC_INDUS_ANN_RN(1.0),N_A,86,AFY,MNF_MMT_PRTS,SALES,2021,2020,0,2021-03-31,PT,-1.326
RBI:PRF_LNGNFC_INDUS_ANN_RN(1.0),N_A,86,AFY,MNF_MMT_PRTS,TAX_PROV,2021,2020,0,2021-03-31,PT,-1.4964
RBI:PRF_LNGNFC_INDUS_ANN_RN(1.0),N_A,6,AFY,MNF_MPOSE,DEPRC,2021,2020,0,2021-03-31,PT,14.4647
RBI:PRF_LNGNFC_INDUS_ANN_RN(1.0),N_A,6,AFY,MNF_MPOSE,EBITDA,2021,2020,0,2021-03-31,PT,27.6793
RBI:PRF_LNGNFC_INDUS_ANN_RN(1.0),N_A,6,AFY,MNF_MPOSE,EXPD,2021,2020,0,2021-03-31,PT,6.5877
RBI:PRF_LNGNFC_INDUS_ANN_RN(1.0),N_A,6,AFY,MNF_MPOSE,GROSS_PFT_EBIT,2021,2020,0,2021-03-31,PT,31.8833
RBI:PRF_LNGNFC_INDUS_ANN_RN(1.0),N_A,6,AFY,MNF_MPOSE,INT,2021,2020,0,2021-03-31,PT,-45.6187
RBI:PRF_LNGNFC_INDUS_ANN_RN(1.0),N_A,6,AFY,MNF_MPOSE,NET_PFT,2021,2020,0,2021-03-31,PT,46.0199
RBI:PRF_LNGNFC_INDUS_ANN_RN(1.0),N_A,6,AFY,MNF_MPOSE,OPR_PFT,2021,2020,0,2021-03-31,PT,29.6418
RBI:PRF_LNGNFC_INDUS_ANN_RN(1.0),N_A,6,AFY,MNF_MPOSE,OTH_INC,2021,2020,0,2021-03-31,PT,11.546
RBI:PRF_LNGNFC_INDUS_ANN_RN(1.0),N_A,6,AFY,MNF_MPOSE,PC_SHARE_SAL,2021,2020,0,2021-03-31,PT,0.024226
RBI:PRF_LNGNFC_INDUS_ANN_RN(1.0),N_A,6,AFY,MNF_MPOSE,SALES,2021,2020,0,2021-03-31,INR,8465500000
RBI:PRF_LNGNFC_INDUS_ANN_RN(1.0),N_A,6,AFY,MNF_MPOSE,SALES,2021,2020,0,2021-03-31,PT,11.4219
RBI:PRF_LNGNFC_INDUS_ANN_RN(1.0),N_A,6,AFY,MNF_MPOSE,TAX_PROV,2021,2020,0,2021-03-31,PT,29.678
RBI:PRF_LNGNFC_INDUS_ANN_RN(1.0),N_A,55,AFY,MNF_OTH,DEPRC,2021,2020,0,2021-03-31,PT,-1.6975
RBI:PRF_LNGNFC_INDUS_ANN_RN(1.0),N_A,55,AFY,MNF_OTH,EBITDA,2021,2020,0,2021-03-31,PT,14.5952
RBI:PRF_LNGNFC_INDUS_ANN_RN(1.0),N_A,55,AFY,MNF_OTH,EXPD,2021,2020,0,2021-03-31,PT,-15.3245
RBI:PRF_LNGNFC_INDUS_ANN_RN(1.0),N_A,55,AFY,MNF_OTH,GROSS_PFT_EBIT,2021,2020,0,2021-03-31,PT,21.1704
RBI:PRF_LNGNFC_INDUS_ANN_RN(1.0),N_A,55,AFY,MNF_OTH,INT,2021,2020,0,2021-03-31,PT,-11.8724
RBI:PRF_LNGNFC_INDUS_ANN_RN(1.0),N_A,55,AFY,MNF_OTH,NET_PFT,2021,2020,0,2021-03-31,PT,8.6307
RBI:PRF_LNGNFC_INDUS_ANN_RN(1.0),N_A,55,AFY,MNF_OTH,OPR_PFT,2021,2020,0,2021-03-31,PT,14.5188
RBI:PRF_LNGNFC_INDUS_ANN_RN(1.0),N_A,55,AFY,MNF_OTH,OTH_INC,2021,2020,0,2021-03-31,PT,14.8613
RBI:PRF_LNGNFC_INDUS_ANN_RN(1.0),N_A,55,AFY,MNF_OTH,PC_SHARE_SAL,2021,2020,0,2021-03-31,PT,0.731302
RBI:PRF_LNGNFC_INDUS_ANN_RN(1.0),N_A,55,AFY,MNF_OTH,SALES,2021,2020,0,2021-03-31,INR,255549400000
RBI:PRF_LNGNFC_INDUS_ANN_RN(1.0),N_A,55,AFY,MNF_OTH,SALES,2021,2020,0,2021-03-31,PT,-9.5504
RBI:PRF_LNGNFC_INDUS_ANN_RN(1.0),N_A,55,AFY,MNF_OTH,TAX_PROV,2021,2020,0,2021-03-31,PT,40.7635
RBI:PRF_LNGNFC_INDUS_ANN_RN(1.0),N_A,16,AFY,MNF_PETR_PRD,DEPRC,2021,2020,0,2021-03-31,PT,-5.148
RBI:PRF_LNGNFC_INDUS_ANN_RN(1.0),N_A,16,AFY,MNF_PETR_PRD,EBITDA,2021,2020,0,2021-03-31,PT,-25.7411
RBI:PRF_LNGNFC_INDUS_ANN_RN(1.0),N_A,16,AFY,MNF_PETR_PRD,EXPD,2021,2020,0,2021-03-31,PT,-24.5877
RBI:PRF_LNGNFC_INDUS_ANN_RN(1.0),N_A,16,AFY,MNF_PETR_PRD,GROSS_PFT_EBIT,2021,2020,0,2021-03-31,PT,-29.2534
RBI:PRF_LNGNFC_INDUS_ANN_RN(1.0),N_A,16,AFY,MNF_PETR_PRD,INT,2021,2020,0,2021-03-31,PT,33.3364
RBI:PRF_LNGNFC_INDUS_ANN_RN(1.0),N_A,16,AFY,MNF_PETR_PRD,NET_PFT,2021,2020,0,2021-03-31,PT,4.1662
RBI:PRF_LNGNFC_INDUS_ANN_RN(1.0),N_A,16,AFY,MNF_PETR_PRD,OPR_PFT,2021,2020,0,2021-03-31,PT,-34.6651
RBI:PRF_LNGNFC_INDUS_ANN_RN(1.0),N_A,16,AFY,MNF_PETR_PRD,OTH_INC,2021,2020,0,2021-03-31,PT,9.7458
RBI:PRF_LNGNFC_INDUS_ANN_RN(1.0),N_A,16,AFY,MNF_PETR_PRD,PC_SHARE_SAL,2021,2020,0,2021-03-31,PT,7.400824
RBI:PRF_LNGNFC_INDUS_ANN_RN(1.0),N_A,16,AFY,MNF_PETR_PRD,SALES,2021,2020,0,2021-03-31,INR,2586178000000
RBI:PRF_LNGNFC_INDUS_ANN_RN(1.0),N_A,16,AFY,MNF_PETR_PRD,SALES,2021,2020,0,2021-03-31,PT,-26.0712
RBI:PRF_LNGNFC_INDUS_ANN_RN(1.0),N_A,16,AFY,MNF_PETR_PRD,TAX_PROV,2021,2020,0,2021-03-31,PT,-92.248
RBI:PRF_LNGNFC_INDUS_ANN_RN(1.0),N_A,150,AFY,MNF_PM,DEPRC,2021,2020,0,2021-03-31,PT,4.3846
RBI:PRF_LNGNFC_INDUS_ANN_RN(1.0),N_A,150,AFY,MNF_PM,EBITDA,2021,2020,0,2021-03-31,PT,16.5234
RBI:PRF_LNGNFC_INDUS_ANN_RN(1.0),N_A,150,AFY,MNF_PM,EXPD,2021,2020,0,2021-03-31,PT,6.6703
RBI:PRF_LNGNFC_INDUS_ANN_RN(1.0),N_A,150,AFY,MNF_PM,GROSS_PFT_EBIT,2021,2020,0,2021-03-31,PT,19.1513
RBI:PRF_LNGNFC_INDUS_ANN_RN(1.0),N_A,150,AFY,MNF_PM,INT,2021,2020,0,2021-03-31,PT,-24.8051
RBI:PRF_LNGNFC_INDUS_ANN_RN(1.0),N_A,150,AFY,MNF_PM,NET_PFT,2021,2020,0,2021-03-31,PT,21.2256
RBI:PRF_LNGNFC_INDUS_ANN_RN(1.0),N_A,150,AFY,MNF_PM,OPR_PFT,2021,2020,0,2021-03-31,PT,29.0374
RBI:PRF_LNGNFC_INDUS_ANN_RN(1.0),N_A,150,AFY,MNF_PM,OTH_INC,2021,2020,0,2021-03-31,PT,-33.2491
RBI:PRF_LNGNFC_INDUS_ANN_RN(1.0),N_A,150,AFY,MNF_PM,PC_SHARE_SAL,2021,2020,0,2021-03-31,PT,5.319388
RBI:PRF_LNGNFC_INDUS_ANN_RN(1.0),N_A,150,AFY,MNF_PM,SALES,2021,2020,0,2021-03-31,INR,1858831700000
RBI:PRF_LNGNFC_INDUS_ANN_RN(1.0),N_A,150,AFY,MNF_PM,SALES,2021,2020,0,2021-03-31,PT,11.0229
RBI:PRF_LNGNFC_INDUS_ANN_RN(1.0),N_A,150,AFY,MNF_PM,TAX_PROV,2021,2020,0,2021-03-31,PT,30.0938
RBI:PRF_LNGNFC_INDUS_ANN_RN(1.0),N_A,32,AFY,MNF_PNFFM,DEPRC,2021,2020,0,2021-03-31,PT,-6.6688
RBI:PRF_LNGNFC_INDUS_ANN_RN(1.0),N_A,32,AFY,MNF_PNFFM,EBITDA,2021,2020,0,2021-03-31,PT,58.9838
RBI:PRF_LNGNFC_INDUS_ANN_RN(1.0),N_A,32,AFY,MNF_PNFFM,EXPD,2021,2020,0,2021-03-31,PT,5.1557
RBI:PRF_LNGNFC_INDUS_ANN_RN(1.0),N_A,32,AFY,MNF_PNFFM,GROSS_PFT_EBIT,2021,2020,0,2021-03-31,PT,88.1025
RBI:PRF_LNGNFC_INDUS_ANN_RN(1.0),N_A,32,AFY,MNF_PNFFM,INT,2021,2020,0,2021-03-31,PT,-1.6112
RBI:PRF_LNGNFC_INDUS_ANN_RN(1.0),N_A,32,AFY,MNF_PNFFM,OPR_PFT,2021,2020,0,2021-03-31,PT,33.8322
RBI:PRF_LNGNFC_INDUS_ANN_RN(1.0),N_A,32,AFY,MNF_PNFFM,OTH_INC,2021,2020,0,2021-03-31,PT,140.7504
RBI:PRF_LNGNFC_INDUS_ANN_RN(1.0),N_A,32,AFY,MNF_PNFFM,PC_SHARE_SAL,2021,2020,0,2021-03-31,PT,3.175606
RBI:PRF_LNGNFC_INDUS_ANN_RN(1.0),N_A,32,AFY,MNF_PNFFM,SALES,2021,2020,0,2021-03-31,INR,1109698400000
RBI:PRF_LNGNFC_INDUS_ANN_RN(1.0),N_A,32,AFY,MNF_PNFFM,SALES,2021,2020,0,2021-03-31,PT,7.3909
RBI:PRF_LNGNFC_INDUS_ANN_RN(1.0),N_A,32,AFY,MNF_PNFFM,TAX_PROV,2021,2020,0,2021-03-31,PT,40.5003
RBI:PRF_LNGNFC_INDUS_ANN_RN(1.0),N_A,45,AFY,MNF_PNPD,DEPRC,2021,2020,0,2021-03-31,PT,0.9438
RBI:PRF_LNGNFC_INDUS_ANN_RN(1.0),N_A,45,AFY,MNF_PNPD,EBITDA,2021,2020,0,2021-03-31,PT,-41.821
RBI:PRF_LNGNFC_INDUS_ANN_RN(1.0),N_A,45,AFY,MNF_PNPD,EXPD,2021,2020,0,2021-03-31,PT,-16.8122
RBI:PRF_LNGNFC_INDUS_ANN_RN(1.0),N_A,45,AFY,MNF_PNPD,GROSS_PFT_EBIT,2021,2020,0,2021-03-31,PT,-58.2763
RBI:PRF_LNGNFC_INDUS_ANN_RN(1.0),N_A,45,AFY,MNF_PNPD,INT,2021,2020,0,2021-03-31,PT,-12.3978
RBI:PRF_LNGNFC_INDUS_ANN_RN(1.0),N_A,45,AFY,MNF_PNPD,NET_PFT,2021,2020,0,2021-03-31,PT,-75.3817
RBI:PRF_LNGNFC_INDUS_ANN_RN(1.0),N_A,45,AFY,MNF_PNPD,OPR_PFT,2021,2020,0,2021-03-31,PT,-45.2508
RBI:PRF_LNGNFC_INDUS_ANN_RN(1.0),N_A,45,AFY,MNF_PNPD,OTH_INC,2021,2020,0,2021-03-31,PT,-0.1424
RBI:PRF_LNGNFC_INDUS_ANN_RN(1.0),N_A,45,AFY,MNF_PNPD,PC_SHARE_SAL,2021,2020,0,2021-03-31,PT,0.654794
RBI:PRF_LNGNFC_INDUS_ANN_RN(1.0),N_A,45,AFY,MNF_PNPD,SALES,2021,2020,0,2021-03-31,INR,228814200000
RBI:PRF_LNGNFC_INDUS_ANN_RN(1.0),N_A,45,AFY,MNF_PNPD,SALES,2021,2020,0,2021-03-31,PT,-19.2901
RBI:PRF_LNGNFC_INDUS_ANN_RN(1.0),N_A,45,AFY,MNF_PNPD,TAX_PROV,2021,2020,0,2021-03-31,PT,-46.8828
RBI:PRF_LNGNFC_INDUS_ANN_RN(1.0),N_A,111,AFY,MNF_PP,DEPRC,2021,2020,0,2021-03-31,PT,2.4899
RBI:PRF_LNGNFC_INDUS_ANN_RN(1.0),N_A,111,AFY,MNF_PP,EBITDA,2021,2020,0,2021-03-31,PT,45.7347
RBI:PRF_LNGNFC_INDUS_ANN_RN(1.0),N_A,111,AFY,MNF_PP,EXPD,2021,2020,0,2021-03-31,PT,-1.667
RBI:PRF_LNGNFC_INDUS_ANN_RN(1.0),N_A,111,AFY,MNF_PP,GROSS_PFT_EBIT,2021,2020,0,2021-03-31,PT,64.8031
RBI:PRF_LNGNFC_INDUS_ANN_RN(1.0),N_A,111,AFY,MNF_PP,INT,2021,2020,0,2021-03-31,PT,-11.6098
RBI:PRF_LNGNFC_INDUS_ANN_RN(1.0),N_A,111,AFY,MNF_PP,NET_PFT,2021,2020,0,2021-03-31,PT,89.836
RBI:PRF_LNGNFC_INDUS_ANN_RN(1.0),N_A,111,AFY,MNF_PP,OPR_PFT,2021,2020,0,2021-03-31,PT,46.6811
RBI:PRF_LNGNFC_INDUS_ANN_RN(1.0),N_A,111,AFY,MNF_PP,OTH_INC,2021,2020,0,2021-03-31,PT,39.6988
RBI:PRF_LNGNFC_INDUS_ANN_RN(1.0),N_A,111,AFY,MNF_PP,PC_SHARE_SAL,2021,2020,0,2021-03-31,PT,1.411054
RBI:PRF_LNGNFC_INDUS_ANN_RN(1.0),N_A,111,AFY,MNF_PP,SALES,2021,2020,0,2021-03-31,INR,493085300000
RBI:PRF_LNGNFC_INDUS_ANN_RN(1.0),N_A,111,AFY,MNF_PP,SALES,2021,2020,0,2021-03-31,PT,5.6456
RBI:PRF_LNGNFC_INDUS_ANN_RN(1.0),N_A,111,AFY,MNF_PP,TAX_PROV,2021,2020,0,2021-03-31,PT,62.2314
RBI:PRF_LNGNFC_INDUS_ANN_RN(1.0),N_A,24,AFY,MNF_RRP,DEPRC,2021,2020,0,2021-03-31,PT,12.9419
RBI:PRF_LNGNFC_INDUS_ANN_RN(1.0),N_A,24,AFY,MNF_RRP,EBITDA,2021,2020,0,2021-03-31,PT,29.9037
RBI:PRF_LNGNFC_INDUS_ANN_RN(1.0),N_A,24,AFY,MNF_RRP,EXPD,2021,2020,0,2021-03-31,PT,-1.7134
RBI:PRF_LNGNFC_INDUS_ANN_RN(1.0),N_A,24,AFY,MNF_RRP,GROSS_PFT_EBIT,2021,2020,0,2021-03-31,PT,39.6455
RBI:PRF_LNGNFC_INDUS_ANN_RN(1.0),N_A,24,AFY,MNF_RRP,INT,2021,2020,0,2021-03-31,PT,7.4439
RBI:PRF_LNGNFC_INDUS_ANN_RN(1.0),N_A,24,AFY,MNF_RRP,NET_PFT,2021,2020,0,2021-03-31,PT,18.019
RBI:PRF_LNGNFC_INDUS_ANN_RN(1.0),N_A,24,AFY,MNF_RRP,OPR_PFT,2021,2020,0,2021-03-31,PT,36.063
RBI:PRF_LNGNFC_INDUS_ANN_RN(1.0),N_A,24,AFY,MNF_RRP,OTH_INC,2021,2020,0,2021-03-31,PT,-20.7233
RBI:PRF_LNGNFC_INDUS_ANN_RN(1.0),N_A,24,AFY,MNF_RRP,PC_SHARE_SAL,2021,2020,0,2021-03-31,PT,1.511732
RBI:PRF_LNGNFC_INDUS_ANN_RN(1.0),N_A,24,AFY,MNF_RRP,SALES,2021,2020,0,2021-03-31,INR,528266700000
RBI:PRF_LNGNFC_INDUS_ANN_RN(1.0),N_A,24,AFY,MNF_RRP,SALES,2021,2020,0,2021-03-31,PT,3.8265
RBI:PRF_LNGNFC_INDUS_ANN_RN(1.0),N_A,24,AFY,MNF_RRP,TAX_PROV,2021,2020,0,2021-03-31,PT,37.428
RBI:PRF_LNGNFC_INDUS_ANN_RN(1.0),N_A,7,AFY,MNF_TBC_PRD,DEPRC,2021,2020,0,2021-03-31,PT,-1.2724
RBI:PRF_LNGNFC_INDUS_ANN_RN(1.0),N_A,7,AFY,MNF_TBC_PRD,EBITDA,2021,2020,0,2021-03-31,PT,-9.9311
RBI:PRF_LNGNFC_INDUS_ANN_RN(1.0),N_A,7,AFY,MNF_TBC_PRD,EXPD,2021,2020,0,2021-03-31,PT,6.9272
RBI:PRF_LNGNFC_INDUS_ANN_RN(1.0),N_A,7,AFY,MNF_TBC_PRD,GROSS_PFT_EBIT,2021,2020,0,2021-03-31,PT,-10.682
RBI:PRF_LNGNFC_INDUS_ANN_RN(1.0),N_A,7,AFY,MNF_TBC_PRD,INT,2021,2020,0,2021-03-31,PT,-13.6508
RBI:PRF_LNGNFC_INDUS_ANN_RN(1.0),N_A,7,AFY,MNF_TBC_PRD,NET_PFT,2021,2020,0,2021-03-31,PT,-13.4063
RBI:PRF_LNGNFC_INDUS_ANN_RN(1.0),N_A,7,AFY,MNF_TBC_PRD,OPR_PFT,2021,2020,0,2021-03-31,PT,-12.8909
RBI:PRF_LNGNFC_INDUS_ANN_RN(1.0),N_A,7,AFY,MNF_TBC_PRD,OTH_INC,2021,2020,0,2021-03-31,PT,7.702
RBI:PRF_LNGNFC_INDUS_ANN_RN(1.0),N_A,7,AFY,MNF_TBC_PRD,PC_SHARE_SAL,2021,2020,0,2021-03-31,PT,1.411153
RBI:PRF_LNGNFC_INDUS_ANN_RN(1.0),N_A,7,AFY,MNF_TBC_PRD,SALES,2021,2020,0,2021-03-31,INR,493119700000
RBI:PRF_LNGNFC_INDUS_ANN_RN(1.0),N_A,7,AFY,MNF_TBC_PRD,SALES,2021,2020,0,2021-03-31,PT,-1.2774
RBI:PRF_LNGNFC_INDUS_ANN_RN(1.0),N_A,7,AFY,MNF_TBC_PRD,TAX_PROV,2021,2020,0,2021-03-31,PT,-9.3112
RBI:PRF_LNGNFC_INDUS_ANN_RN(1.0),N_A,265,AFY,MNF_TXT,DEPRC,2021,2020,0,2021-03-31,PT,-6.455
RBI:PRF_LNGNFC_INDUS_ANN_RN(1.0),N_A,265,AFY,MNF_TXT,EBITDA,2021,2020,0,2021-03-31,PT,-9.0451
RBI:PRF_LNGNFC_INDUS_ANN_RN(1.0),N_A,265,AFY,MNF_TXT,EXPD,2021,2020,0,2021-03-31,PT,-13.9946
RBI:PRF_LNGNFC_INDUS_ANN_RN(1.0),N_A,265,AFY,MNF_TXT,GROSS_PFT_EBIT,2021,2020,0,2021-03-31,PT,-11.2631
RBI:PRF_LNGNFC_INDUS_ANN_RN(1.0),N_A,265,AFY,MNF_TXT,INT,2021,2020,0,2021-03-31,PT,-8.381
RBI:PRF_LNGNFC_INDUS_ANN_RN(1.0),N_A,265,AFY,MNF_TXT,OPR_PFT,2021,2020,0,2021-03-31,PT,-53.8152
RBI:PRF_LNGNFC_INDUS_ANN_RN(1.0),N_A,265,AFY,MNF_TXT,PC_SHARE_SAL,2021,2020,0,2021-03-31,PT,3.074274
RBI:PRF_LNGNFC_INDUS_ANN_RN(1.0),N_A,265,AFY,MNF_TXT,SALES,2021,2020,0,2021-03-31,INR,1074288600000
RBI:PRF_LNGNFC_INDUS_ANN_RN(1.0),N_A,265,AFY,MNF_TXT,SALES,2021,2020,0,2021-03-31,PT,-14.57
RBI:PRF_LNGNFC_INDUS_ANN_RN(1.0),N_A,265,AFY,MNF_TXT,TAX_PROV,2021,2020,0,2021-03-31,PT,15.3855
RBI:PRF_LNGNFC_INDUS_ANN_RN(1.0),N_A,17,AFY,MNF_WOOD_PRD,DEPRC,2021,2020,0,2021-03-31,PT,-1.8491
RBI:PRF_LNGNFC_INDUS_ANN_RN(1.0),N_A,17,AFY,MNF_WOOD_PRD,EBITDA,2021,2020,0,2021-03-31,PT,4.0193
RBI:PRF_LNGNFC_INDUS_ANN_RN(1.0),N_A,17,AFY,MNF_WOOD_PRD,EXPD,2021,2020,0,2021-03-31,PT,-11.1617
RBI:PRF_LNGNFC_INDUS_ANN_RN(1.0),N_A,17,AFY,MNF_WOOD_PRD,GROSS_PFT_EBIT,2021,2020,0,2021-03-31,PT,6.0702
RBI:PRF_LNGNFC_INDUS_ANN_RN(1.0),N_A,17,AFY,MNF_WOOD_PRD,INT,2021,2020,0,2021-03-31,PT,-28.6113
RBI:PRF_LNGNFC_INDUS_ANN_RN(1.0),N_A,17,AFY,MNF_WOOD_PRD,NET_PFT,2021,2020,0,2021-03-31,PT,28.6163
RBI:PRF_LNGNFC_INDUS_ANN_RN(1.0),N_A,17,AFY,MNF_WOOD_PRD,OPR_PFT,2021,2020,0,2021-03-31,PT,5.8039
RBI:PRF_LNGNFC_INDUS_ANN_RN(1.0),N_A,17,AFY,MNF_WOOD_PRD,OTH_INC,2021,2020,0,2021-03-31,PT,-24.7764
RBI:PRF_LNGNFC_INDUS_ANN_RN(1.0),N_A,17,AFY,MNF_WOOD_PRD,PC_SHARE_SAL,2021,2020,0,2021-03-31,PT,0.20124
RBI:PRF_LNGNFC_INDUS_ANN_RN(1.0),N_A,17,AFY,MNF_WOOD_PRD,SALES,2021,2020,0,2021-03-31,INR,70322200000
RBI:PRF_LNGNFC_INDUS_ANN_RN(1.0),N_A,17,AFY,MNF_WOOD_PRD,SALES,2021,2020,0,2021-03-31,PT,-7.2329
RBI:PRF_LNGNFC_INDUS_ANN_RN(1.0),N_A,17,AFY,MNF_WOOD_PRD,TAX_PROV,2021,2020,0,2021-03-31,PT,17.1874
RBI:PRF_LNGNFC_INDUS_ANN_RN(1.0),N_A,637,AFY,SERV_OTH_IT,DEPRC,2021,2020,0,2021-03-31,PT,0.1461
RBI:PRF_LNGNFC_INDUS_ANN_RN(1.0),N_A,637,AFY,SERV_OTH_IT,EBITDA,2021,2020,0,2021-03-31,PT,-1.5883
RBI:PRF_LNGNFC_INDUS_ANN_RN(1.0),N_A,637,AFY,SERV_OTH_IT,EXPD,2021,2020,0,2021-03-31,PT,-18.4882
RBI:PRF_LNGNFC_INDUS_ANN_RN(1.0),N_A,637,AFY,SERV_OTH_IT,GROSS_PFT_EBIT,2021,2020,0,2021-03-31,PT,-7.505
RBI:PRF_LNGNFC_INDUS_ANN_RN(1.0),N_A,637,AFY,SERV_OTH_IT,INT,2021,2020,0,2021-03-31,PT,6.4923
RBI:PRF_LNGNFC_INDUS_ANN_RN(1.0),N_A,637,AFY,SERV_OTH_IT,OPR_PFT,2021,2020,0,2021-03-31,PT,3.0774
RBI:PRF_LNGNFC_INDUS_ANN_RN(1.0),N_A,637,AFY,SERV_OTH_IT,OTH_INC,2021,2020,0,2021-03-31,PT,-19.3348
RBI:PRF_LNGNFC_INDUS_ANN_RN(1.0),N_A,637,AFY,SERV_OTH_IT,PC_SHARE_SAL,2021,2020,0,2021-03-31,PT,9.552099
RBI:PRF_LNGNFC_INDUS_ANN_RN(1.0),N_A,637,AFY,SERV_OTH_IT,SALES,2021,2020,0,2021-03-31,INR,3337929700000
RBI:PRF_LNGNFC_INDUS_ANN_RN(1.0),N_A,637,AFY,SERV_OTH_IT,SALES,2021,2020,0,2021-03-31,PT,-14.5808
RBI:PRF_LNGNFC_INDUS_ANN_RN(1.0),N_A,637,AFY,SERV_OTH_IT,TAX_PROV,2021,2020,0,2021-03-31,PT,-33.536
RBI:PRF_LNGNFC_INDUS_ANN_RN(1.0),N_A,27,AFY,SOI_BSS,DEPRC,2021,2020,0,2021-03-31,PT,-43.049
RBI:PRF_LNGNFC_INDUS_ANN_RN(1.0),N_A,27,AFY,SOI_BSS,EBITDA,2021,2020,0,2021-03-31,PT,115.2203
RBI:PRF_LNGNFC_INDUS_ANN_RN(1.0),N_A,27,AFY,SOI_BSS,EXPD,2021,2020,0,2021-03-31,PT,13.1896
RBI:PRF_LNGNFC_INDUS_ANN_RN(1.0),N_A,27,AFY,SOI_BSS,INT,2021,2020,0,2021-03-31,PT,8.9208
RBI:PRF_LNGNFC_INDUS_ANN_RN(1.0),N_A,27,AFY,SOI_BSS,OPR_PFT,2021,2020,0,2021-03-31,PT,145.8563
RBI:PRF_LNGNFC_INDUS_ANN_RN(1.0),N_A,27,AFY,SOI_BSS,OTH_INC,2021,2020,0,2021-03-31,PT,59.1942
RBI:PRF_LNGNFC_INDUS_ANN_RN(1.0),N_A,27,AFY,SOI_BSS,PC_SHARE_SAL,2021,2020,0,2021-03-31,PT,0.045853
RBI:PRF_LNGNFC_INDUS_ANN_RN(1.0),N_A,27,AFY,SOI_BSS,SALES,2021,2020,0,2021-03-31,INR,16023200000
RBI:PRF_LNGNFC_INDUS_ANN_RN(1.0),N_A,27,AFY,SOI_BSS,SALES,2021,2020,0,2021-03-31,PT,17.4644
RBI:PRF_LNGNFC_INDUS_ANN_RN(1.0),N_A,48,AFY,SOI_HNR,DEPRC,2021,2020,0,2021-03-31,PT,-3.3225
RBI:PRF_LNGNFC_INDUS_ANN_RN(1.0),N_A,48,AFY,SOI_HNR,EBITDA,2021,2020,0,2021-03-31,PT,-96.5464
RBI:PRF_LNGNFC_INDUS_ANN_RN(1.0),N_A,48,AFY,SOI_HNR,EXPD,2021,2020,0,2021-03-31,PT,-44.3327
RBI:PRF_LNGNFC_INDUS_ANN_RN(1.0),N_A,48,AFY,SOI_HNR,GROSS_PFT_EBIT,2021,2020,0,2021-03-31,PT,-144.0132
RBI:PRF_LNGNFC_INDUS_ANN_RN(1.0),N_A,48,AFY,SOI_HNR,INT,2021,2020,0,2021-03-31,PT,1.4739
RBI:PRF_LNGNFC_INDUS_ANN_RN(1.0),N_A,48,AFY,SOI_HNR,OPR_PFT,2021,2020,0,2021-03-31,PT,-115.4233
RBI:PRF_LNGNFC_INDUS_ANN_RN(1.0),N_A,48,AFY,SOI_HNR,OTH_INC,2021,2020,0,2021-03-31,PT,-42.9795
RBI:PRF_LNGNFC_INDUS_ANN_RN(1.0),N_A,48,AFY,SOI_HNR,PC_SHARE_SAL,2021,2020,0,2021-03-31,PT,0.112917
RBI:PRF_LNGNFC_INDUS_ANN_RN(1.0),N_A,48,AFY,SOI_HNR,SALES,2021,2020,0,2021-03-31,INR,39458200000
RBI:PRF_LNGNFC_INDUS_ANN_RN(1.0),N_A,48,AFY,SOI_HNR,SALES,2021,2020,0,2021-03-31,PT,-58.2168
RBI:PRF_LNGNFC_INDUS_ANN_RN(1.0),N_A,48,AFY,SOI_HNR,TAX_PROV,2021,2020,0,2021-03-31,PT,-101.5628
RBI:PRF_LNGNFC_INDUS_ANN_RN(1.0),N_A,23,AFY,SOI_HS,DEPRC,2021,2020,0,2021-03-31,PT,-0.3932
RBI:PRF_LNGNFC_INDUS_ANN_RN(1.0),N_A,23,AFY,SOI_HS,EBITDA,2021,2020,0,2021-03-31,PT,-43.2414
RBI:PRF_LNGNFC_INDUS_ANN_RN(1.0),N_A,23,AFY,SOI_HS,EXPD,2021,2020,0,2021-03-31,PT,-5.9734
RBI:PRF_LNGNFC_INDUS_ANN_RN(1.0),N_A,23,AFY,SOI_HS,GROSS_PFT_EBIT,2021,2020,0,2021-03-31,PT,-60.8756
RBI:PRF_LNGNFC_INDUS_ANN_RN(1.0),N_A,23,AFY,SOI_HS,INT,2021,2020,0,2021-03-31,PT,-14.1593
RBI:PRF_LNGNFC_INDUS_ANN_RN(1.0),N_A,23,AFY,SOI_HS,NET_PFT,2021,2020,0,2021-03-31,PT,-92.4135
RBI:PRF_LNGNFC_INDUS_ANN_RN(1.0),N_A,23,AFY,SOI_HS,OPR_PFT,2021,2020,0,2021-03-31,PT,-33.7946
RBI:PRF_LNGNFC_INDUS_ANN_RN(1.0),N_A,23,AFY,SOI_HS,OTH_INC,2021,2020,0,2021-03-31,PT,-63.877
RBI:PRF_LNGNFC_INDUS_ANN_RN(1.0),N_A,23,AFY,SOI_HS,PC_SHARE_SAL,2021,2020,0,2021-03-31,PT,0.462662
RBI:PRF_LNGNFC_INDUS_ANN_RN(1.0),N_A,23,AFY,SOI_HS,SALES,2021,2020,0,2021-03-31,INR,161674700000
RBI:PRF_LNGNFC_INDUS_ANN_RN(1.0),N_A,23,AFY,SOI_HS,SALES,2021,2020,0,2021-03-31,PT,-10.0626
RBI:PRF_LNGNFC_INDUS_ANN_RN(1.0),N_A,23,AFY,SOI_HS,TAX_PROV,2021,2020,0,2021-03-31,PT,-51.2207
RBI:PRF_LNGNFC_INDUS_ANN_RN(1.0),N_A,95,AFY,SOI_OTH,DEPRC,2021,2020,0,2021-03-31,PT,-12.5596
RBI:PRF_LNGNFC_INDUS_ANN_RN(1.0),N_A,95,AFY,SOI_OTH,EBITDA,2021,2020,0,2021-03-31,PT,-19.7079
RBI:PRF_LNGNFC_INDUS_ANN_RN(1.0),N_A,95,AFY,SOI_OTH,EXPD,2021,2020,0,2021-03-31,PT,-27.2867
RBI:PRF_LNGNFC_INDUS_ANN_RN(1.0),N_A,95,AFY,SOI_OTH,GROSS_PFT_EBIT,2021,2020,0,2021-03-31,PT,-24.1073
RBI:PRF_LNGNFC_INDUS_ANN_RN(1.0),N_A,95,AFY,SOI_OTH,INT,2021,2020,0,2021-03-31,PT,-13.8181
RBI:PRF_LNGNFC_INDUS_ANN_RN(1.0),N_A,95,AFY,SOI_OTH,NET_PFT,2021,2020,0,2021-03-31,PT,-58.4418
RBI:PRF_LNGNFC_INDUS_ANN_RN(1.0),N_A,95,AFY,SOI_OTH,OPR_PFT,2021,2020,0,2021-03-31,PT,-31.8218
RBI:PRF_LNGNFC_INDUS_ANN_RN(1.0),N_A,95,AFY,SOI_OTH,OTH_INC,2021,2020,0,2021-03-31,PT,16.0386
RBI:PRF_LNGNFC_INDUS_ANN_RN(1.0),N_A,95,AFY,SOI_OTH,PC_SHARE_SAL,2021,2020,0,2021-03-31,PT,0.52499
RBI:PRF_LNGNFC_INDUS_ANN_RN(1.0),N_A,95,AFY,SOI_OTH,SALES,2021,2020,0,2021-03-31,INR,183454900000
RBI:PRF_LNGNFC_INDUS_ANN_RN(1.0),N_A,95,AFY,SOI_OTH,SALES,2021,2020,0,2021-03-31,PT,-27.9332
RBI:PRF_LNGNFC_INDUS_ANN_RN(1.0),N_A,95,AFY,SOI_OTH,TAX_PROV,2021,2020,0,2021-03-31,PT,-40.9182
RBI:PRF_LNGNFC_INDUS_ANN_RN(1.0),N_A,58,AFY,SOI_RE,DEPRC,2021,2020,0,2021-03-31,PT,-7.8928
RBI:PRF_LNGNFC_INDUS_ANN_RN(1.0),N_A,58,AFY,SOI_RE,EBITDA,2021,2020,0,2021-03-31,PT,-24.62
RBI:PRF_LNGNFC_INDUS_ANN_RN(1.0),N_A,58,AFY,SOI_RE,EXPD,2021,2020,0,2021-03-31,PT,-20.3109
RBI:PRF_LNGNFC_INDUS_ANN_RN(1.0),N_A,58,AFY,SOI_RE,GROSS_PFT_EBIT,2021,2020,0,2021-03-31,PT,-25.6924
RBI:PRF_LNGNFC_INDUS_ANN_RN(1.0),N_A,58,AFY,SOI_RE,INT,2021,2020,0,2021-03-31,PT,-7.0283
RBI:PRF_LNGNFC_INDUS_ANN_RN(1.0),N_A,58,AFY,SOI_RE,NET_PFT,2021,2020,0,2021-03-31,PT,-42.4728
RBI:PRF_LNGNFC_INDUS_ANN_RN(1.0),N_A,58,AFY,SOI_RE,OPR_PFT,2021,2020,0,2021-03-31,PT,37.1785
RBI:PRF_LNGNFC_INDUS_ANN_RN(1.0),N_A,58,AFY,SOI_RE,OTH_INC,2021,2020,0,2021-03-31,PT,-68.4532
RBI:PRF_LNGNFC_INDUS_ANN_RN(1.0),N_A,58,AFY,SOI_RE,PC_SHARE_SAL,2021,2020,0,2021-03-31,PT,0.29987
RBI:PRF_LNGNFC_INDUS_ANN_RN(1.0),N_A,58,AFY,SOI_RE,SALES,2021,2020,0,2021-03-31,INR,104788100000
RBI:PRF_LNGNFC_INDUS_ANN_RN(1.0),N_A,58,AFY,SOI_RE,SALES,2021,2020,0,2021-03-31,PT,-3.8408
RBI:PRF_LNGNFC_INDUS_ANN_RN(1.0),N_A,58,AFY,SOI_RE,TAX_PROV,2021,2020,0,2021-03-31,PT,-70.4312
RBI:PRF_LNGNFC_INDUS_ANN_RN(1.0),N_A,12,AFY,SOI_TCOMM,DEPRC,2021,2020,0,2021-03-31,PT,0.9151
RBI:PRF_LNGNFC_INDUS_ANN_RN(1.0),N_A,12,AFY,SOI_TCOMM,EBITDA,2021,2020,0,2021-03-31,PT,30.2508
RBI:PRF_LNGNFC_INDUS_ANN_RN(1.0),N_A,12,AFY,SOI_TCOMM,EXPD,2021,2020,0,2021-03-31,PT,-6.6308
RBI:PRF_LNGNFC_INDUS_ANN_RN(1.0),N_A,12,AFY,SOI_TCOMM,INT,2021,2020,0,2021-03-31,PT,10.3655
RBI:PRF_LNGNFC_INDUS_ANN_RN(1.0),N_A,12,AFY,SOI_TCOMM,OPR_PFT,2021,2020,0,2021-03-31,PT,34.9252
RBI:PRF_LNGNFC_INDUS_ANN_RN(1.0),N_A,12,AFY,SOI_TCOMM,OTH_INC,2021,2020,0,2021-03-31,PT,-14.7564
RBI:PRF_LNGNFC_INDUS_ANN_RN(1.0),N_A,12,AFY,SOI_TCOMM,PC_SHARE_SAL,2021,2020,0,2021-03-31,PT,3.336089
RBI:PRF_LNGNFC_INDUS_ANN_RN(1.0),N_A,12,AFY,SOI_TCOMM,SALES,2021,2020,0,2021-03-31,INR,1165778500000
RBI:PRF_LNGNFC_INDUS_ANN_RN(1.0),N_A,12,AFY,SOI_TCOMM,SALES,2021,2020,0,2021-03-31,PT,6.5337
RBI:PRF_LNGNFC_INDUS_ANN_RN(1.0),N_A,12,AFY,SOI_TCOMM,TAX_PROV,2021,2020,0,2021-03-31,PT,-43.4449
RBI:PRF_LNGNFC_INDUS_ANN_RN(1.0),N_A,52,AFY,SOI_TSS,DEPRC,2021,2020,0,2021-03-31,PT,5.7432
RBI:PRF_LNGNFC_INDUS_ANN_RN(1.0),N_A,52,AFY,SOI_TSS,EBITDA,2021,2020,0,2021-03-31,PT,-31.6851
RBI:PRF_LNGNFC_INDUS_ANN_RN(1.0),N_A,52,AFY,SOI_TSS,EXPD,2021,2020,0,2021-03-31,PT,-41.2177
RBI:PRF_LNGNFC_INDUS_ANN_RN(1.0),N_A,52,AFY,SOI_TSS,INT,2021,2020,0,2021-03-31,PT,-1.1843
RBI:PRF_LNGNFC_INDUS_ANN_RN(1.0),N_A,52,AFY,SOI_TSS,OPR_PFT,2021,2020,0,2021-03-31,PT,-53.4887
RBI:PRF_LNGNFC_INDUS_ANN_RN(1.0),N_A,52,AFY,SOI_TSS,OTH_INC,2021,2020,0,2021-03-31,PT,12.8824
RBI:PRF_LNGNFC_INDUS_ANN_RN(1.0),N_A,52,AFY,SOI_TSS,PC_SHARE_SAL,2021,2020,0,2021-03-31,PT,1.230428
RBI:PRF_LNGNFC_INDUS_ANN_RN(1.0),N_A,52,AFY,SOI_TSS,SALES,2021,2020,0,2021-03-31,INR,429966300000
RBI:PRF_LNGNFC_INDUS_ANN_RN(1.0),N_A,52,AFY,SOI_TSS,SALES,2021,2020,0,2021-03-31,PT,-42.3109
RBI:PRF_LNGNFC_INDUS_ANN_RN(1.0),N_A,52,AFY,SOI_TSS,TAX_PROV,2021,2020,0,2021-03-31,PT,-24.9748
RBI:PRF_LNGNFC_INDUS_ANN_RN(1.0),N_A,41,AFY,SOI_VTPB,DEPRC,2021,2020,0,2021-03-31,PT,-15.053
RBI:PRF_LNGNFC_INDUS_ANN_RN(1.0),N_A,41,AFY,SOI_VTPB,EBITDA,2021,2020,0,2021-03-31,PT,-26.6467
RBI:PRF_LNGNFC_INDUS_ANN_RN(1.0),N_A,41,AFY,SOI_VTPB,EXPD,2021,2020,0,2021-03-31,PT,-32.1305
RBI:PRF_LNGNFC_INDUS_ANN_RN(1.0),N_A,41,AFY,SOI_VTPB,GROSS_PFT_EBIT,2021,2020,0,2021-03-31,PT,-31.2522
RBI:PRF_LNGNFC_INDUS_ANN_RN(1.0),N_A,41,AFY,SOI_VTPB,INT,2021,2020,0,2021-03-31,PT,-1.4141
RBI:PRF_LNGNFC_INDUS_ANN_RN(1.0),N_A,41,AFY,SOI_VTPB,NET_PFT,2021,2020,0,2021-03-31,PT,49.3489
RBI:PRF_LNGNFC_INDUS_ANN_RN(1.0),N_A,41,AFY,SOI_VTPB,OPR_PFT,2021,2020,0,2021-03-31,PT,-37.5783
RBI:PRF_LNGNFC_INDUS_ANN_RN(1.0),N_A,41,AFY,SOI_VTPB,OTH_INC,2021,2020,0,2021-03-31,PT,52.5042
RBI:PRF_LNGNFC_INDUS_ANN_RN(1.0),N_A,41,AFY,SOI_VTPB,PC_SHARE_SAL,2021,2020,0,2021-03-31,PT,0.402806
RBI:PRF_LNGNFC_INDUS_ANN_RN(1.0),N_A,41,AFY,SOI_VTPB,SALES,2021,2020,0,2021-03-31,INR,140758300000
RBI:PRF_LNGNFC_INDUS_ANN_RN(1.0),N_A,41,AFY,SOI_VTPB,SALES,2021,2020,0,2021-03-31,PT,-33.8852
RBI:PRF_LNGNFC_INDUS_ANN_RN(1.0),N_A,41,AFY,SOI_VTPB,TAX_PROV,2021,2020,0,2021-03-31,PT,15.7645
RBI:PRF_LNGNFC_INDUS_ANN_RN(1.0),N_A,281,AFY,SOI_WRT,DEPRC,2021,2020,0,2021-03-31,PT,-6.237
RBI:PRF_LNGNFC_INDUS_ANN_RN(1.0),N_A,281,AFY,SOI_WRT,EBITDA,2021,2020,0,2021-03-31,PT,-17.6627
RBI:PRF_LNGNFC_INDUS_ANN_RN(1.0),N_A,281,AFY,SOI_WRT,EXPD,2021,2020,0,2021-03-31,PT,-9.345
RBI:PRF_LNGNFC_INDUS_ANN_RN(1.0),N_A,281,AFY,SOI_WRT,GROSS_PFT_EBIT,2021,2020,0,2021-03-31,PT,-21.9831
RBI:PRF_LNGNFC_INDUS_ANN_RN(1.0),N_A,281,AFY,SOI_WRT,INT,2021,2020,0,2021-03-31,PT,4.3373
RBI:PRF_LNGNFC_INDUS_ANN_RN(1.0),N_A,281,AFY,SOI_WRT,NET_PFT,2021,2020,0,2021-03-31,PT,-43.7818
RBI:PRF_LNGNFC_INDUS_ANN_RN(1.0),N_A,281,AFY,SOI_WRT,OPR_PFT,2021,2020,0,2021-03-31,PT,-21.8679
RBI:PRF_LNGNFC_INDUS_ANN_RN(1.0),N_A,281,AFY,SOI_WRT,OTH_INC,2021,2020,0,2021-03-31,PT,-6.822
RBI:PRF_LNGNFC_INDUS_ANN_RN(1.0),N_A,281,AFY,SOI_WRT,PC_SHARE_SAL,2021,2020,0,2021-03-31,PT,3.136484
RBI:PRF_LNGNFC_INDUS_ANN_RN(1.0),N_A,281,AFY,SOI_WRT,SALES,2021,2020,0,2021-03-31,INR,1096027500000
RBI:PRF_LNGNFC_INDUS_ANN_RN(1.0),N_A,281,AFY,SOI_WRT,SALES,2021,2020,0,2021-03-31,PT,-8.9551
RBI:PRF_LNGNFC_INDUS_ANN_RN(1.0),N_A,281,AFY,SOI_WRT,TAX_PROV,2021,2020,0,2021-03-31,PT,-8.8859
RBI:PRF_LNGNFC_INDUS_ANN_RN(1.0),N_A,38,AFY,AGR_REL_ACT,DEPRC,2022,2021,0,2022-03-31,PT,-16.427
RBI:PRF_LNGNFC_INDUS_ANN_RN(1.0),N_A,38,AFY,AGR_REL_ACT,EBITDA,2022,2021,0,2022-03-31,PT,-30.6825
RBI:PRF_LNGNFC_INDUS_ANN_RN(1.0),N_A,38,AFY,AGR_REL_ACT,EXPD,2022,2021,0,2022-03-31,PT,12.3084
RBI:PRF_LNGNFC_INDUS_ANN_RN(1.0),N_A,38,AFY,AGR_REL_ACT,GROSS_PFT_EBIT,2022,2021,0,2022-03-31,PT,-34.0788
RBI:PRF_LNGNFC_INDUS_ANN_RN(1.0),N_A,38,AFY,AGR_REL_ACT,INT,2022,2021,0,2022-03-31,PT,-13.76
RBI:PRF_LNGNFC_INDUS_ANN_RN(1.0),N_A,38,AFY,AGR_REL_ACT,NET_PFT,2022,2021,0,2022-03-31,PT,-73.8273
RBI:PRF_LNGNFC_INDUS_ANN_RN(1.0),N_A,38,AFY,AGR_REL_ACT,OPR_PFT,2022,2021,0,2022-03-31,PT,-38.779
RBI:PRF_LNGNFC_INDUS_ANN_RN(1.0),N_A,38,AFY,AGR_REL_ACT,OTH_INC,2022,2021,0,2022-03-31,PT,24.2123
RBI:PRF_LNGNFC_INDUS_ANN_RN(1.0),N_A,38,AFY,AGR_REL_ACT,PC_SHARE_SAL,2022,2021,0,2022-03-31,PT,0.26109
RBI:PRF_LNGNFC_INDUS_ANN_RN(1.0),N_A,38,AFY,AGR_REL_ACT,SALES,2022,2021,0,2022-03-31,INR,124637500000
RBI:PRF_LNGNFC_INDUS_ANN_RN(1.0),N_A,38,AFY,AGR_REL_ACT,SALES,2022,2021,0,2022-03-31,PT,8.7942
RBI:PRF_LNGNFC_INDUS_ANN_RN(1.0),N_A,38,AFY,AGR_REL_ACT,TAX_PROV,2022,2021,0,2022-03-31,PT,-30.9895
RBI:PRF_LNGNFC_INDUS_ANN_RN(1.0),N_A,25,AFY,AGR_REL_ACT_OTH,DEPRC,2022,2021,0,2022-03-31,PT,-22.2965
RBI:PRF_LNGNFC_INDUS_ANN_RN(1.0),N_A,25,AFY,AGR_REL_ACT_OTH,EBITDA,2022,2021,0,2022-03-31,PT,-24.5536
RBI:PRF_LNGNFC_INDUS_ANN_RN(1.0),N_A,25,AFY,AGR_REL_ACT_OTH,EXPD,2022,2021,0,2022-03-31,PT,15.5003
RBI:PRF_LNGNFC_INDUS_ANN_RN(1.0),N_A,25,AFY,AGR_REL_ACT_OTH,GROSS_PFT_EBIT,2022,2021,0,2022-03-31,PT,-24.9623
RBI:PRF_LNGNFC_INDUS_ANN_RN(1.0),N_A,25,AFY,AGR_REL_ACT_OTH,INT,2022,2021,0,2022-03-31,PT,-0.1262
RBI:PRF_LNGNFC_INDUS_ANN_RN(1.0),N_A,25,AFY,AGR_REL_ACT_OTH,NET_PFT,2022,2021,0,2022-03-31,PT,-40.7414
RBI:PRF_LNGNFC_INDUS_ANN_RN(1.0),N_A,25,AFY,AGR_REL_ACT_OTH,OPR_PFT,2022,2021,0,2022-03-31,PT,-28.1693
RBI:PRF_LNGNFC_INDUS_ANN_RN(1.0),N_A,25,AFY,AGR_REL_ACT_OTH,OTH_INC,2022,2021,0,2022-03-31,PT,3.5629
RBI:PRF_LNGNFC_INDUS_ANN_RN(1.0),N_A,25,AFY,AGR_REL_ACT_OTH,PC_SHARE_SAL,2022,2021,0,2022-03-31,PT,0.182671
RBI:PRF_LNGNFC_INDUS_ANN_RN(1.0),N_A,25,AFY,AGR_REL_ACT_OTH,SALES,2022,2021,0,2022-03-31,INR,87202300000
RBI:PRF_LNGNFC_INDUS_ANN_RN(1.0),N_A,25,AFY,AGR_REL_ACT_OTH,SALES,2022,2021,0,2022-03-31,PT,15.6996
RBI:PRF_LNGNFC_INDUS_ANN_RN(1.0),N_A,25,AFY,AGR_REL_ACT_OTH,TAX_PROV,2022,2021,0,2022-03-31,PT,-20.4962
RBI:PRF_LNGNFC_INDUS_ANN_RN(1.0),N_A,13,AFY,ARA_TCP,DEPRC,2022,2021,0,2022-03-31,PT,-9.8559
RBI:PRF_LNGNFC_INDUS_ANN_RN(1.0),N_A,13,AFY,ARA_TCP,EBITDA,2022,2021,0,2022-03-31,PT,-42.7399
RBI:PRF_LNGNFC_INDUS_ANN_RN(1.0),N_A,13,AFY,ARA_TCP,EXPD,2022,2021,0,2022-03-31,PT,5.6942
RBI:PRF_LNGNFC_INDUS_ANN_RN(1.0),N_A,13,AFY,ARA_TCP,GROSS_PFT_EBIT,2022,2021,0,2022-03-31,PT,-54.8634
RBI:PRF_LNGNFC_INDUS_ANN_RN(1.0),N_A,13,AFY,ARA_TCP,INT,2022,2021,0,2022-03-31,PT,-18.5267
RBI:PRF_LNGNFC_INDUS_ANN_RN(1.0),N_A,13,AFY,ARA_TCP,OPR_PFT,2022,2021,0,2022-03-31,PT,-60.7239
RBI:PRF_LNGNFC_INDUS_ANN_RN(1.0),N_A,13,AFY,ARA_TCP,OTH_INC,2022,2021,0,2022-03-31,PT,53.6508
RBI:PRF_LNGNFC_INDUS_ANN_RN(1.0),N_A,13,AFY,ARA_TCP,PC_SHARE_SAL,2022,2021,0,2022-03-31,PT,0.078419
RBI:PRF_LNGNFC_INDUS_ANN_RN(1.0),N_A,13,AFY,ARA_TCP,SALES,2022,2021,0,2022-03-31,INR,37435200000
RBI:PRF_LNGNFC_INDUS_ANN_RN(1.0),N_A,13,AFY,ARA_TCP,SALES,2022,2021,0,2022-03-31,PT,-4.485
RBI:PRF_LNGNFC_INDUS_ANN_RN(1.0),N_A,13,AFY,ARA_TCP,TAX_PROV,2022,2021,0,2022-03-31,PT,-59.7824
RBI:PRF_LNGNFC_INDUS_ANN_RN(1.0),N_A,179,AFY,CONSTRN,DEPRC,2022,2021,0,2022-03-31,PT,-1.091
RBI:PRF_LNGNFC_INDUS_ANN_RN(1.0),N_A,179,AFY,CONSTRN,EBITDA,2022,2021,0,2022-03-31,PT,-10.711
RBI:PRF_LNGNFC_INDUS_ANN_RN(1.0),N_A,179,AFY,CONSTRN,EXPD,2022,2021,0,2022-03-31,PT,17.7884
RBI:PRF_LNGNFC_INDUS_ANN_RN(1.0),N_A,179,AFY,CONSTRN,GROSS_PFT_EBIT,2022,2021,0,2022-03-31,PT,-12.2293
RBI:PRF_LNGNFC_INDUS_ANN_RN(1.0),N_A,179,AFY,CONSTRN,INT,2022,2021,0,2022-03-31,PT,-3.52
RBI:PRF_LNGNFC_INDUS_ANN_RN(1.0),N_A,179,AFY,CONSTRN,NET_PFT,2022,2021,0,2022-03-31,PT,-30.9464
RBI:PRF_LNGNFC_INDUS_ANN_RN(1.0),N_A,179,AFY,CONSTRN,OPR_PFT,2022,2021,0,2022-03-31,PT,11.016
RBI:PRF_LNGNFC_INDUS_ANN_RN(1.0),N_A,179,AFY,CONSTRN,OTH_INC,2022,2021,0,2022-03-31,PT,-36.6634
RBI:PRF_LNGNFC_INDUS_ANN_RN(1.0),N_A,179,AFY,CONSTRN,PC_SHARE_SAL,2022,2021,0,2022-03-31,PT,5.415726
RBI:PRF_LNGNFC_INDUS_ANN_RN(1.0),N_A,179,AFY,CONSTRN,SALES,2022,2021,0,2022-03-31,INR,2585322300000
RBI:PRF_LNGNFC_INDUS_ANN_RN(1.0),N_A,179,AFY,CONSTRN,SALES,2022,2021,0,2022-03-31,PT,16.3298
RBI:PRF_LNGNFC_INDUS_ANN_RN(1.0),N_A,179,AFY,CONSTRN,TAX_PROV,2022,2021,0,2022-03-31,PT,27.8233
RBI:PRF_LNGNFC_INDUS_ANN_RN(1.0),N_A,33,AFY,ELC_GAS_SPLY,DEPRC,2022,2021,0,2022-03-31,PT,-1.5657
RBI:PRF_LNGNFC_INDUS_ANN_RN(1.0),N_A,33,AFY,ELC_GAS_SPLY,EBITDA,2022,2021,0,2022-03-31,PT,10.0274
RBI:PRF_LNGNFC_INDUS_ANN_RN(1.0),N_A,33,AFY,ELC_GAS_SPLY,EXPD,2022,2021,0,2022-03-31,PT,28.6767
RBI:PRF_LNGNFC_INDUS_ANN_RN(1.0),N_A,33,AFY,ELC_GAS_SPLY,GROSS_PFT_EBIT,2022,2021,0,2022-03-31,PT,14.4721
RBI:PRF_LNGNFC_INDUS_ANN_RN(1.0),N_A,33,AFY,ELC_GAS_SPLY,INT,2022,2021,0,2022-03-31,PT,-9.1146
RBI:PRF_LNGNFC_INDUS_ANN_RN(1.0),N_A,33,AFY,ELC_GAS_SPLY,NET_PFT,2022,2021,0,2022-03-31,PT,49.953
RBI:PRF_LNGNFC_INDUS_ANN_RN(1.0),N_A,33,AFY,ELC_GAS_SPLY,OPR_PFT,2022,2021,0,2022-03-31,PT,-3.5378
RBI:PRF_LNGNFC_INDUS_ANN_RN(1.0),N_A,33,AFY,ELC_GAS_SPLY,OTH_INC,2022,2021,0,2022-03-31,PT,51.4148
RBI:PRF_LNGNFC_INDUS_ANN_RN(1.0),N_A,33,AFY,ELC_GAS_SPLY,PC_SHARE_SAL,2022,2021,0,2022-03-31,PT,1.298449
RBI:PRF_LNGNFC_INDUS_ANN_RN(1.0),N_A,33,AFY,ELC_GAS_SPLY,SALES,2022,2021,0,2022-03-31,INR,619844900000
RBI:PRF_LNGNFC_INDUS_ANN_RN(1.0),N_A,33,AFY,ELC_GAS_SPLY,SALES,2022,2021,0,2022-03-31,PT,19.872
RBI:PRF_LNGNFC_INDUS_ANN_RN(1.0),N_A,33,AFY,ELC_GAS_SPLY,TAX_PROV,2022,2021,0,2022-03-31,PT,16.3719
RBI:PRF_LNGNFC_INDUS_ANN_RN(1.0),N_A,3166,AFY,INDS_GRP_ALL_COMP,DEPRC,2022,2021,0,2022-03-31,PT,5.3175
RBI:PRF_LNGNFC_INDUS_ANN_RN(1.0),N_A,3166,AFY,INDS_GRP_ALL_COMP,EBITDA,2022,2021,0,2022-03-31,PT,22.7551
RBI:PRF_LNGNFC_INDUS_ANN_RN(1.0),N_A,3166,AFY,INDS_GRP_ALL_COMP,EXPD,2022,2021,0,2022-03-31,PT,36.2353
RBI:PRF_LNGNFC_INDUS_ANN_RN(1.0),N_A,3166,AFY,INDS_GRP_ALL_COMP,GROSS_PFT_EBIT,2022,2021,0,2022-03-31,PT,28.5783
RBI:PRF_LNGNFC_INDUS_ANN_RN(1.0),N_A,3166,AFY,INDS_GRP_ALL_COMP,INT,2022,2021,0,2022-03-31,PT,-6.0221
RBI:PRF_LNGNFC_INDUS_ANN_RN(1.0),N_A,3166,AFY,INDS_GRP_ALL_COMP,NET_PFT,2022,2021,0,2022-03-31,PT,71.7069
RBI:PRF_LNGNFC_INDUS_ANN_RN(1.0),N_A,3166,AFY,INDS_GRP_ALL_COMP,OPR_PFT,2022,2021,0,2022-03-31,PT,27.3568
RBI:PRF_LNGNFC_INDUS_ANN_RN(1.0),N_A,3166,AFY,INDS_GRP_ALL_COMP,OTH_INC,2022,2021,0,2022-03-31,PT,1.434
RBI:PRF_LNGNFC_INDUS_ANN_RN(1.0),N_A,3166,AFY,INDS_GRP_ALL_COMP,PC_SHARE_SAL,2022,2021,0,2022-03-31,PT,100.0
RBI:PRF_LNGNFC_INDUS_ANN_RN(1.0),N_A,3166,AFY,INDS_GRP_ALL_COMP,SALES,2022,2021,0,2022-03-31,INR,47737315900000
RBI:PRF_LNGNFC_INDUS_ANN_RN(1.0),N_A,3166,AFY,INDS_GRP_ALL_COMP,SALES,2022,2021,0,2022-03-31,PT,32.5464
RBI:PRF_LNGNFC_INDUS_ANN_RN(1.0),N_A,3166,AFY,INDS_GRP_ALL_COMP,TAX_PROV,2022,2021,0,2022-03-31,PT,45.027
RBI:PRF_LNGNFC_INDUS_ANN_RN(1.0),N_A,216,AFY,IT_CSRS,DEPRC,2022,2021,0,2022-03-31,PT,4.8807
RBI:PRF_LNGNFC_INDUS_ANN_RN(1.0),N_A,216,AFY,IT_CSRS,EBITDA,2022,2021,0,2022-03-31,PT,15.3761
RBI:PRF_LNGNFC_INDUS_ANN_RN(1.0),N_A,216,AFY,IT_CSRS,EXPD,2022,2021,0,2022-03-31,PT,23.0253
RBI:PRF_LNGNFC_INDUS_ANN_RN(1.0),N_A,216,AFY,IT_CSRS,GROSS_PFT_EBIT,2022,2021,0,2022-03-31,PT,16.5872
RBI:PRF_LNGNFC_INDUS_ANN_RN(1.0),N_A,216,AFY,IT_CSRS,INT,2022,2021,0,2022-03-31,PT,-2.9012
RBI:PRF_LNGNFC_INDUS_ANN_RN(1.0),N_A,216,AFY,IT_CSRS,NET_PFT,2022,2021,0,2022-03-31,PT,21.0583
RBI:PRF_LNGNFC_INDUS_ANN_RN(1.0),N_A,216,AFY,IT_CSRS,OPR_PFT,2022,2021,0,2022-03-31,PT,11.0008
RBI:PRF_LNGNFC_INDUS_ANN_RN(1.0),N_A,216,AFY,IT_CSRS,OTH_INC,2022,2021,0,2022-03-31,PT,47.2135
RBI:PRF_LNGNFC_INDUS_ANN_RN(1.0),N_A,216,AFY,IT_CSRS,PC_SHARE_SAL,2022,2021,0,2022-03-31,PT,10.430336
RBI:PRF_LNGNFC_INDUS_ANN_RN(1.0),N_A,216,AFY,IT_CSRS,SALES,2022,2021,0,2022-03-31,INR,4979162500000
RBI:PRF_LNGNFC_INDUS_ANN_RN(1.0),N_A,216,AFY,IT_CSRS,SALES,2022,2021,0,2022-03-31,PT,19.8164
RBI:PRF_LNGNFC_INDUS_ANN_RN(1.0),N_A,216,AFY,IT_CSRS,TAX_PROV,2022,2021,0,2022-03-31,PT,15.9403
RBI:PRF_LNGNFC_INDUS_ANN_RN(1.0),N_A,35,AFY,MIN_N_QUARY,DEPRC,2022,2021,0,2022-03-31,PT,0.5324
RBI:PRF_LNGNFC_INDUS_ANN_RN(1.0),N_A,35,AFY,MIN_N_QUARY,EBITDA,2022,2021,0,2022-03-31,PT,30.7973
RBI:PRF_LNGNFC_INDUS_ANN_RN(1.0),N_A,35,AFY,MIN_N_QUARY,EXPD,2022,2021,0,2022-03-31,PT,74.1297
RBI:PRF_LNGNFC_INDUS_ANN_RN(1.0),N_A,35,AFY,MIN_N_QUARY,GROSS_PFT_EBIT,2022,2021,0,2022-03-31,PT,37.6804
RBI:PRF_LNGNFC_INDUS_ANN_RN(1.0),N_A,35,AFY,MIN_N_QUARY,INT,2022,2021,0,2022-03-31,PT,-1.2022
RBI:PRF_LNGNFC_INDUS_ANN_RN(1.0),N_A,35,AFY,MIN_N_QUARY,NET_PFT,2022,2021,0,2022-03-31,PT,41.8522
RBI:PRF_LNGNFC_INDUS_ANN_RN(1.0),N_A,35,AFY,MIN_N_QUARY,OPR_PFT,2022,2021,0,2022-03-31,PT,35.1131
RBI:PRF_LNGNFC_INDUS_ANN_RN(1.0),N_A,35,AFY,MIN_N_QUARY,OTH_INC,2022,2021,0,2022-03-31,PT,-8.0765
RBI:PRF_LNGNFC_INDUS_ANN_RN(1.0),N_A,35,AFY,MIN_N_QUARY,PC_SHARE_SAL,2022,2021,0,2022-03-31,PT,1.110306
RBI:PRF_LNGNFC_INDUS_ANN_RN(1.0),N_A,35,AFY,MIN_N_QUARY,SALES,2022,2021,0,2022-03-31,INR,530030400000
RBI:PRF_LNGNFC_INDUS_ANN_RN(1.0),N_A,35,AFY,MIN_N_QUARY,SALES,2022,2021,0,2022-03-31,PT,67.0489
RBI:PRF_LNGNFC_INDUS_ANN_RN(1.0),N_A,35,AFY,MIN_N_QUARY,TAX_PROV,2022,2021,0,2022-03-31,PT,32.8711
RBI:PRF_LNGNFC_INDUS_ANN_RN(1.0),N_A,1865,AFY,MNF,DEPRC,2022,2021,0,2022-03-31,PT,6.9313
RBI:PRF_LNGNFC_INDUS_ANN_RN(1.0),N_A,1865,AFY,MNF,EBITDA,2022,2021,0,2022-03-31,PT,28.5526
RBI:PRF_LNGNFC_INDUS_ANN_RN(1.0),N_A,1865,AFY,MNF,EXPD,2022,2021,0,2022-03-31,PT,40.2743
RBI:PRF_LNGNFC_INDUS_ANN_RN(1.0),N_A,1865,AFY,MNF,GROSS_PFT_EBIT,2022,2021,0,2022-03-31,PT,34.3937
RBI:PRF_LNGNFC_INDUS_ANN_RN(1.0),N_A,1865,AFY,MNF,INT,2022,2021,0,2022-03-31,PT,-18.1375
RBI:PRF_LNGNFC_INDUS_ANN_RN(1.0),N_A,1865,AFY,MNF,NET_PFT,2022,2021,0,2022-03-31,PT,50.1588
RBI:PRF_LNGNFC_INDUS_ANN_RN(1.0),N_A,1865,AFY,MNF,OPR_PFT,2022,2021,0,2022-03-31,PT,34.5099
RBI:PRF_LNGNFC_INDUS_ANN_RN(1.0),N_A,1865,AFY,MNF,OTH_INC,2022,2021,0,2022-03-31,PT,-1.7834
RBI:PRF_LNGNFC_INDUS_ANN_RN(1.0),N_A,1865,AFY,MNF,PC_SHARE_SAL,2022,2021,0,2022-03-31,PT,72.010005
RBI:PRF_LNGNFC_INDUS_ANN_RN(1.0),N_A,1865,AFY,MNF,SALES,2022,2021,0,2022-03-31,INR,34375643700000
RBI:PRF_LNGNFC_INDUS_ANN_RN(1.0),N_A,1865,AFY,MNF,SALES,2022,2021,0,2022-03-31,PT,36.7456
RBI:PRF_LNGNFC_INDUS_ANN_RN(1.0),N_A,1865,AFY,MNF,TAX_PROV,2022,2021,0,2022-03-31,PT,62.4186
RBI:PRF_LNGNFC_INDUS_ANN_RN(1.0),N_A,38,AFY,MNF_CCP,DEPRC,2022,2021,0,2022-03-31,PT,1.2583
RBI:PRF_LNGNFC_INDUS_ANN_RN(1.0),N_A,38,AFY,MNF_CCP,EBITDA,2022,2021,0,2022-03-31,PT,-4.0559
RBI:PRF_LNGNFC_INDUS_ANN_RN(1.0),N_A,38,AFY,MNF_CCP,EXPD,2022,2021,0,2022-03-31,PT,25.5374
RBI:PRF_LNGNFC_INDUS_ANN_RN(1.0),N_A,38,AFY,MNF_CCP,GROSS_PFT_EBIT,2022,2021,0,2022-03-31,PT,-5.6479
RBI:PRF_LNGNFC_INDUS_ANN_RN(1.0),N_A,38,AFY,MNF_CCP,INT,2022,2021,0,2022-03-31,PT,-12.6973
RBI:PRF_LNGNFC_INDUS_ANN_RN(1.0),N_A,38,AFY,MNF_CCP,NET_PFT,2022,2021,0,2022-03-31,PT,7.7637
RBI:PRF_LNGNFC_INDUS_ANN_RN(1.0),N_A,38,AFY,MNF_CCP,OPR_PFT,2022,2021,0,2022-03-31,PT,-4.7357
RBI:PRF_LNGNFC_INDUS_ANN_RN(1.0),N_A,38,AFY,MNF_CCP,OTH_INC,2022,2021,0,2022-03-31,PT,4.0298
RBI:PRF_LNGNFC_INDUS_ANN_RN(1.0),N_A,38,AFY,MNF_CCP,PC_SHARE_SAL,2022,2021,0,2022-03-31,PT,3.156552
RBI:PRF_LNGNFC_INDUS_ANN_RN(1.0),N_A,38,AFY,MNF_CCP,SALES,2022,2021,0,2022-03-31,INR,1506853400000
RBI:PRF_LNGNFC_INDUS_ANN_RN(1.0),N_A,38,AFY,MNF_CCP,SALES,2022,2021,0,2022-03-31,PT,16.3933
RBI:PRF_LNGNFC_INDUS_ANN_RN(1.0),N_A,38,AFY,MNF_CCP,TAX_PROV,2022,2021,0,2022-03-31,PT,-16.8405
RBI:PRF_LNGNFC_INDUS_ANN_RN(1.0),N_A,51,AFY,MNF_CEE,DEPRC,2022,2021,0,2022-03-31,PT,80.1964
RBI:PRF_LNGNFC_INDUS_ANN_RN(1.0),N_A,51,AFY,MNF_CEE,EBITDA,2022,2021,0,2022-03-31,PT,80.76
RBI:PRF_LNGNFC_INDUS_ANN_RN(1.0),N_A,51,AFY,MNF_CEE,EXPD,2022,2021,0,2022-03-31,PT,42.3185
RBI:PRF_LNGNFC_INDUS_ANN_RN(1.0),N_A,51,AFY,MNF_CEE,GROSS_PFT_EBIT,2022,2021,0,2022-03-31,PT,81.0361
RBI:PRF_LNGNFC_INDUS_ANN_RN(1.0),N_A,51,AFY,MNF_CEE,INT,2022,2021,0,2022-03-31,PT,74.9979
RBI:PRF_LNGNFC_INDUS_ANN_RN(1.0),N_A,51,AFY,MNF_CEE,NET_PFT,2022,2021,0,2022-03-31,PT,89.2023
RBI:PRF_LNGNFC_INDUS_ANN_RN(1.0),N_A,51,AFY,MNF_CEE,OPR_PFT,2022,2021,0,2022-03-31,PT,91.4437
RBI:PRF_LNGNFC_INDUS_ANN_RN(1.0),N_A,51,AFY,MNF_CEE,OTH_INC,2022,2021,0,2022-03-31,PT,-29.1315
RBI:PRF_LNGNFC_INDUS_ANN_RN(1.0),N_A,51,AFY,MNF_CEE,PC_SHARE_SAL,2022,2021,0,2022-03-31,PT,1.051678
RBI:PRF_LNGNFC_INDUS_ANN_RN(1.0),N_A,51,AFY,MNF_CEE,SALES,2022,2021,0,2022-03-31,INR,502042900000
RBI:PRF_LNGNFC_INDUS_ANN_RN(1.0),N_A,51,AFY,MNF_CEE,SALES,2022,2021,0,2022-03-31,PT,54.5758
RBI:PRF_LNGNFC_INDUS_ANN_RN(1.0),N_A,51,AFY,MNF_CEE,TAX_PROV,2022,2021,0,2022-03-31,PT,83.9003
RBI:PRF_LNGNFC_INDUS_ANN_RN(1.0),N_A,262,AFY,MNF_CHM_PRD,DEPRC,2022,2021,0,2022-03-31,PT,8.1151
RBI:PRF_LNGNFC_INDUS_ANN_RN(1.0),N_A,262,AFY,MNF_CHM_PRD,EBITDA,2022,2021,0,2022-03-31,PT,27.9983
RBI:PRF_LNGNFC_INDUS_ANN_RN(1.0),N_A,262,AFY,MNF_CHM_PRD,EXPD,2022,2021,0,2022-03-31,PT,40.7389
RBI:PRF_LNGNFC_INDUS_ANN_RN(1.0),N_A,262,AFY,MNF_CHM_PRD,GROSS_PFT_EBIT,2022,2021,0,2022-03-31,PT,31.9818
RBI:PRF_LNGNFC_INDUS_ANN_RN(1.0),N_A,262,AFY,MNF_CHM_PRD,INT,2022,2021,0,2022-03-31,PT,-6.1157
RBI:PRF_LNGNFC_INDUS_ANN_RN(1.0),N_A,262,AFY,MNF_CHM_PRD,NET_PFT,2022,2021,0,2022-03-31,PT,37.0281
RBI:PRF_LNGNFC_INDUS_ANN_RN(1.0),N_A,262,AFY,MNF_CHM_PRD,OPR_PFT,2022,2021,0,2022-03-31,PT,26.5284
RBI:PRF_LNGNFC_INDUS_ANN_RN(1.0),N_A,262,AFY,MNF_CHM_PRD,OTH_INC,2022,2021,0,2022-03-31,PT,43.9795
RBI:PRF_LNGNFC_INDUS_ANN_RN(1.0),N_A,262,AFY,MNF_CHM_PRD,PC_SHARE_SAL,2022,2021,0,2022-03-31,PT,9.186431
RBI:PRF_LNGNFC_INDUS_ANN_RN(1.0),N_A,262,AFY,MNF_CHM_PRD,SALES,2022,2021,0,2022-03-31,INR,4385355700000
RBI:PRF_LNGNFC_INDUS_ANN_RN(1.0),N_A,262,AFY,MNF_CHM_PRD,SALES,2022,2021,0,2022-03-31,PT,34.9627
RBI:PRF_LNGNFC_INDUS_ANN_RN(1.0),N_A,262,AFY,MNF_CHM_PRD,TAX_PROV,2022,2021,0,2022-03-31,PT,21.2453
RBI:PRF_LNGNFC_INDUS_ANN_RN(1.0),N_A,127,AFY,MNF_CP_BASIC,DEPRC,2022,2021,0,2022-03-31,PT,9.9695
RBI:PRF_LNGNFC_INDUS_ANN_RN(1.0),N_A,127,AFY,MNF_CP_BASIC,EBITDA,2022,2021,0,2022-03-31,PT,40.1438
RBI:PRF_LNGNFC_INDUS_ANN_RN(1.0),N_A,127,AFY,MNF_CP_BASIC,EXPD,2022,2021,0,2022-03-31,PT,49.4421
RBI:PRF_LNGNFC_INDUS_ANN_RN(1.0),N_A,127,AFY,MNF_CP_BASIC,GROSS_PFT_EBIT,2022,2021,0,2022-03-31,PT,47.4945
RBI:PRF_LNGNFC_INDUS_ANN_RN(1.0),N_A,127,AFY,MNF_CP_BASIC,INT,2022,2021,0,2022-03-31,PT,-1.5536
RBI:PRF_LNGNFC_INDUS_ANN_RN(1.0),N_A,127,AFY,MNF_CP_BASIC,NET_PFT,2022,2021,0,2022-03-31,PT,65.9256
RBI:PRF_LNGNFC_INDUS_ANN_RN(1.0),N_A,127,AFY,MNF_CP_BASIC,OPR_PFT,2022,2021,0,2022-03-31,PT,41.8849
RBI:PRF_LNGNFC_INDUS_ANN_RN(1.0),N_A,127,AFY,MNF_CP_BASIC,OTH_INC,2022,2021,0,2022-03-31,PT,23.274
RBI:PRF_LNGNFC_INDUS_ANN_RN(1.0),N_A,127,AFY,MNF_CP_BASIC,PC_SHARE_SAL,2022,2021,0,2022-03-31,PT,2.39883
RBI:PRF_LNGNFC_INDUS_ANN_RN(1.0),N_A,127,AFY,MNF_CP_BASIC,SALES,2022,2021,0,2022-03-31,INR,1145137000000
RBI:PRF_LNGNFC_INDUS_ANN_RN(1.0),N_A,127,AFY,MNF_CP_BASIC,SALES,2022,2021,0,2022-03-31,PT,45.6703
RBI:PRF_LNGNFC_INDUS_ANN_RN(1.0),N_A,127,AFY,MNF_CP_BASIC,TAX_PROV,2022,2021,0,2022-03-31,PT,18.798
RBI:PRF_LNGNFC_INDUS_ANN_RN(1.0),N_A,29,AFY,MNF_CP_FNP,DEPRC,2022,2021,0,2022-03-31,PT,4.6669
RBI:PRF_LNGNFC_INDUS_ANN_RN(1.0),N_A,29,AFY,MNF_CP_FNP,EBITDA,2022,2021,0,2022-03-31,PT,35.2989
RBI:PRF_LNGNFC_INDUS_ANN_RN(1.0),N_A,29,AFY,MNF_CP_FNP,EXPD,2022,2021,0,2022-03-31,PT,43.6837
RBI:PRF_LNGNFC_INDUS_ANN_RN(1.0),N_A,29,AFY,MNF_CP_FNP,GROSS_PFT_EBIT,2022,2021,0,2022-03-31,PT,41.2856
RBI:PRF_LNGNFC_INDUS_ANN_RN(1.0),N_A,29,AFY,MNF_CP_FNP,INT,2022,2021,0,2022-03-31,PT,-23.8075
RBI:PRF_LNGNFC_INDUS_ANN_RN(1.0),N_A,29,AFY,MNF_CP_FNP,NET_PFT,2022,2021,0,2022-03-31,PT,54.3086
RBI:PRF_LNGNFC_INDUS_ANN_RN(1.0),N_A,29,AFY,MNF_CP_FNP,OPR_PFT,2022,2021,0,2022-03-31,PT,36.7696
RBI:PRF_LNGNFC_INDUS_ANN_RN(1.0),N_A,29,AFY,MNF_CP_FNP,OTH_INC,2022,2021,0,2022-03-31,PT,20.8053
RBI:PRF_LNGNFC_INDUS_ANN_RN(1.0),N_A,29,AFY,MNF_CP_FNP,PC_SHARE_SAL,2022,2021,0,2022-03-31,PT,1.651302
RBI:PRF_LNGNFC_INDUS_ANN_RN(1.0),N_A,29,AFY,MNF_CP_FNP,SALES,2022,2021,0,2022-03-31,INR,788287100000
RBI:PRF_LNGNFC_INDUS_ANN_RN(1.0),N_A,29,AFY,MNF_CP_FNP,SALES,2022,2021,0,2022-03-31,PT,32.9665
RBI:PRF_LNGNFC_INDUS_ANN_RN(1.0),N_A,29,AFY,MNF_CP_FNP,TAX_PROV,2022,2021,0,2022-03-31,PT,76.8651
RBI:PRF_LNGNFC_INDUS_ANN_RN(1.0),N_A,92,AFY,MNF_CP_OTH,DEPRC,2022,2021,0,2022-03-31,PT,8.9151
RBI:PRF_LNGNFC_INDUS_ANN_RN(1.0),N_A,92,AFY,MNF_CP_OTH,EBITDA,2022,2021,0,2022-03-31,PT,25.7471
RBI:PRF_LNGNFC_INDUS_ANN_RN(1.0),N_A,92,AFY,MNF_CP_OTH,EXPD,2022,2021,0,2022-03-31,PT,34.1507
RBI:PRF_LNGNFC_INDUS_ANN_RN(1.0),N_A,92,AFY,MNF_CP_OTH,GROSS_PFT_EBIT,2022,2021,0,2022-03-31,PT,28.8415
RBI:PRF_LNGNFC_INDUS_ANN_RN(1.0),N_A,92,AFY,MNF_CP_OTH,INT,2022,2021,0,2022-03-31,PT,2.7551
RBI:PRF_LNGNFC_INDUS_ANN_RN(1.0),N_A,92,AFY,MNF_CP_OTH,NET_PFT,2022,2021,0,2022-03-31,PT,29.5116
RBI:PRF_LNGNFC_INDUS_ANN_RN(1.0),N_A,92,AFY,MNF_CP_OTH,OPR_PFT,2022,2021,0,2022-03-31,PT,21.9101
RBI:PRF_LNGNFC_INDUS_ANN_RN(1.0),N_A,92,AFY,MNF_CP_OTH,OTH_INC,2022,2021,0,2022-03-31,PT,69.3757
RBI:PRF_LNGNFC_INDUS_ANN_RN(1.0),N_A,92,AFY,MNF_CP_OTH,PC_SHARE_SAL,2022,2021,0,2022-03-31,PT,4.194703
RBI:PRF_LNGNFC_INDUS_ANN_RN(1.0),N_A,92,AFY,MNF_CP_OTH,SALES,2022,2021,0,2022-03-31,INR,2002438600000
RBI:PRF_LNGNFC_INDUS_ANN_RN(1.0),N_A,92,AFY,MNF_CP_OTH,SALES,2022,2021,0,2022-03-31,PT,30.9035
RBI:PRF_LNGNFC_INDUS_ANN_RN(1.0),N_A,92,AFY,MNF_CP_OTH,TAX_PROV,2022,2021,0,2022-03-31,PT,14.7429
RBI:PRF_LNGNFC_INDUS_ANN_RN(1.0),N_A,14,AFY,MNF_CP_PNV,DEPRC,2022,2021,0,2022-03-31,PT,4.0494
RBI:PRF_LNGNFC_INDUS_ANN_RN(1.0),N_A,14,AFY,MNF_CP_PNV,EBITDA,2022,2021,0,2022-03-31,PT,1.86
RBI:PRF_LNGNFC_INDUS_ANN_RN(1.0),N_A,14,AFY,MNF_CP_PNV,EXPD,2022,2021,0,2022-03-31,PT,45.2179
RBI:PRF_LNGNFC_INDUS_ANN_RN(1.0),N_A,14,AFY,MNF_CP_PNV,GROSS_PFT_EBIT,2022,2021,0,2022-03-31,PT,1.4538
RBI:PRF_LNGNFC_INDUS_ANN_RN(1.0),N_A,14,AFY,MNF_CP_PNV,INT,2022,2021,0,2022-03-31,PT,10.8108
RBI:PRF_LNGNFC_INDUS_ANN_RN(1.0),N_A,14,AFY,MNF_CP_PNV,NET_PFT,2022,2021,0,2022-03-31,PT,-0.3559
RBI:PRF_LNGNFC_INDUS_ANN_RN(1.0),N_A,14,AFY,MNF_CP_PNV,OPR_PFT,2022,2021,0,2022-03-31,PT,0.7178
RBI:PRF_LNGNFC_INDUS_ANN_RN(1.0),N_A,14,AFY,MNF_CP_PNV,OTH_INC,2022,2021,0,2022-03-31,PT,17.4017
RBI:PRF_LNGNFC_INDUS_ANN_RN(1.0),N_A,14,AFY,MNF_CP_PNV,PC_SHARE_SAL,2022,2021,0,2022-03-31,PT,0.941597
RBI:PRF_LNGNFC_INDUS_ANN_RN(1.0),N_A,14,AFY,MNF_CP_PNV,SALES,2022,2021,0,2022-03-31,INR,449493000000
RBI:PRF_LNGNFC_INDUS_ANN_RN(1.0),N_A,14,AFY,MNF_CP_PNV,SALES,2022,2021,0,2022-03-31,PT,31.955
RBI:PRF_LNGNFC_INDUS_ANN_RN(1.0),N_A,14,AFY,MNF_CP_PNV,TAX_PROV,2022,2021,0,2022-03-31,PT,-0.1117
RBI:PRF_LNGNFC_INDUS_ANN_RN(1.0),N_A,110,AFY,MNF_EMA,DEPRC,2022,2021,0,2022-03-31,PT,3.1125
RBI:PRF_LNGNFC_INDUS_ANN_RN(1.0),N_A,110,AFY,MNF_EMA,EBITDA,2022,2021,0,2022-03-31,PT,8.3532
RBI:PRF_LNGNFC_INDUS_ANN_RN(1.0),N_A,110,AFY,MNF_EMA,EXPD,2022,2021,0,2022-03-31,PT,31.5044
RBI:PRF_LNGNFC_INDUS_ANN_RN(1.0),N_A,110,AFY,MNF_EMA,GROSS_PFT_EBIT,2022,2021,0,2022-03-31,PT,9.7903
RBI:PRF_LNGNFC_INDUS_ANN_RN(1.0),N_A,110,AFY,MNF_EMA,INT,2022,2021,0,2022-03-31,PT,-11.8095
RBI:PRF_LNGNFC_INDUS_ANN_RN(1.0),N_A,110,AFY,MNF_EMA,NET_PFT,2022,2021,0,2022-03-31,PT,60.6969
RBI:PRF_LNGNFC_INDUS_ANN_RN(1.0),N_A,110,AFY,MNF_EMA,OPR_PFT,2022,2021,0,2022-03-31,PT,8.8944
RBI:PRF_LNGNFC_INDUS_ANN_RN(1.0),N_A,110,AFY,MNF_EMA,OTH_INC,2022,2021,0,2022-03-31,PT,4.9405
RBI:PRF_LNGNFC_INDUS_ANN_RN(1.0),N_A,110,AFY,MNF_EMA,PC_SHARE_SAL,2022,2021,0,2022-03-31,PT,3.399721
RBI:PRF_LNGNFC_INDUS_ANN_RN(1.0),N_A,110,AFY,MNF_EMA,SALES,2022,2021,0,2022-03-31,INR,1622935400000
RBI:PRF_LNGNFC_INDUS_ANN_RN(1.0),N_A,110,AFY,MNF_EMA,SALES,2022,2021,0,2022-03-31,PT,27.1879
RBI:PRF_LNGNFC_INDUS_ANN_RN(1.0),N_A,110,AFY,MNF_EMA,TAX_PROV,2022,2021,0,2022-03-31,PT,54.2585
RBI:PRF_LNGNFC_INDUS_ANN_RN(1.0),N_A,43,AFY,MNF_FMP,DEPRC,2022,2021,0,2022-03-31,PT,15.324
RBI:PRF_LNGNFC_INDUS_ANN_RN(1.0),N_A,43,AFY,MNF_FMP,EBITDA,2022,2021,0,2022-03-31,PT,48.4407
RBI:PRF_LNGNFC_INDUS_ANN_RN(1.0),N_A,43,AFY,MNF_FMP,EXPD,2022,2021,0,2022-03-31,PT,39.4629
RBI:PRF_LNGNFC_INDUS_ANN_RN(1.0),N_A,43,AFY,MNF_FMP,GROSS_PFT_EBIT,2022,2021,0,2022-03-31,PT,62.4712
RBI:PRF_LNGNFC_INDUS_ANN_RN(1.0),N_A,43,AFY,MNF_FMP,INT,2022,2021,0,2022-03-31,PT,7.3278
RBI:PRF_LNGNFC_INDUS_ANN_RN(1.0),N_A,43,AFY,MNF_FMP,NET_PFT,2022,2021,0,2022-03-31,PT,110.8576
RBI:PRF_LNGNFC_INDUS_ANN_RN(1.0),N_A,43,AFY,MNF_FMP,OPR_PFT,2022,2021,0,2022-03-31,PT,54.5757
RBI:PRF_LNGNFC_INDUS_ANN_RN(1.0),N_A,43,AFY,MNF_FMP,OTH_INC,2022,2021,0,2022-03-31,PT,5.8341
RBI:PRF_LNGNFC_INDUS_ANN_RN(1.0),N_A,43,AFY,MNF_FMP,PC_SHARE_SAL,2022,2021,0,2022-03-31,PT,0.630441
RBI:PRF_LNGNFC_INDUS_ANN_RN(1.0),N_A,43,AFY,MNF_FMP,SALES,2022,2021,0,2022-03-31,INR,300955600000
RBI:PRF_LNGNFC_INDUS_ANN_RN(1.0),N_A,43,AFY,MNF_FMP,SALES,2022,2021,0,2022-03-31,PT,39.2381
RBI:PRF_LNGNFC_INDUS_ANN_RN(1.0),N_A,43,AFY,MNF_FMP,TAX_PROV,2022,2021,0,2022-03-31,PT,79.0523
RBI:PRF_LNGNFC_INDUS_ANN_RN(1.0),N_A,171,AFY,MNF_FPB,DEPRC,2022,2021,0,2022-03-31,PT,2.3997
RBI:PRF_LNGNFC_INDUS_ANN_RN(1.0),N_A,171,AFY,MNF_FPB,EBITDA,2022,2021,0,2022-03-31,PT,12.8956
RBI:PRF_LNGNFC_INDUS_ANN_RN(1.0),N_A,171,AFY,MNF_FPB,EXPD,2022,2021,0,2022-03-31,PT,23.3118
RBI:PRF_LNGNFC_INDUS_ANN_RN(1.0),N_A,171,AFY,MNF_FPB,GROSS_PFT_EBIT,2022,2021,0,2022-03-31,PT,15.5983
RBI:PRF_LNGNFC_INDUS_ANN_RN(1.0),N_A,171,AFY,MNF_FPB,INT,2022,2021,0,2022-03-31,PT,-6.8089
RBI:PRF_LNGNFC_INDUS_ANN_RN(1.0),N_A,171,AFY,MNF_FPB,NET_PFT,2022,2021,0,2022-03-31,PT,16.3816
RBI:PRF_LNGNFC_INDUS_ANN_RN(1.0),N_A,171,AFY,MNF_FPB,OPR_PFT,2022,2021,0,2022-03-31,PT,14.7295
RBI:PRF_LNGNFC_INDUS_ANN_RN(1.0),N_A,171,AFY,MNF_FPB,OTH_INC,2022,2021,0,2022-03-31,PT,0.6196
RBI:PRF_LNGNFC_INDUS_ANN_RN(1.0),N_A,171,AFY,MNF_FPB,PC_SHARE_SAL,2022,2021,0,2022-03-31,PT,5.629026
RBI:PRF_LNGNFC_INDUS_ANN_RN(1.0),N_A,171,AFY,MNF_FPB,SALES,2022,2021,0,2022-03-31,INR,2687145700000
RBI:PRF_LNGNFC_INDUS_ANN_RN(1.0),N_A,171,AFY,MNF_FPB,SALES,2022,2021,0,2022-03-31,PT,22.2484
RBI:PRF_LNGNFC_INDUS_ANN_RN(1.0),N_A,171,AFY,MNF_FPB,TAX_PROV,2022,2021,0,2022-03-31,PT,17.7096
RBI:PRF_LNGNFC_INDUS_ANN_RN(1.0),N_A,12,AFY,MNF_FPB_DAIRY_PRD,DEPRC,2022,2021,0,2022-03-31,PT,4.0271
RBI:PRF_LNGNFC_INDUS_ANN_RN(1.0),N_A,12,AFY,MNF_FPB_DAIRY_PRD,EBITDA,2022,2021,0,2022-03-31,PT,-10.7725
RBI:PRF_LNGNFC_INDUS_ANN_RN(1.0),N_A,12,AFY,MNF_FPB_DAIRY_PRD,EXPD,2022,2021,0,2022-03-31,PT,11.9818
RBI:PRF_LNGNFC_INDUS_ANN_RN(1.0),N_A,12,AFY,MNF_FPB_DAIRY_PRD,GROSS_PFT_EBIT,2022,2021,0,2022-03-31,PT,-17.8947
RBI:PRF_LNGNFC_INDUS_ANN_RN(1.0),N_A,12,AFY,MNF_FPB_DAIRY_PRD,INT,2022,2021,0,2022-03-31,PT,-13.0299
RBI:PRF_LNGNFC_INDUS_ANN_RN(1.0),N_A,12,AFY,MNF_FPB_DAIRY_PRD,NET_PFT,2022,2021,0,2022-03-31,PT,-6.4095
RBI:PRF_LNGNFC_INDUS_ANN_RN(1.0),N_A,12,AFY,MNF_FPB_DAIRY_PRD,OPR_PFT,2022,2021,0,2022-03-31,PT,-12.9424
RBI:PRF_LNGNFC_INDUS_ANN_RN(1.0),N_A,12,AFY,MNF_FPB_DAIRY_PRD,OTH_INC,2022,2021,0,2022-03-31,PT,24.2041
RBI:PRF_LNGNFC_INDUS_ANN_RN(1.0),N_A,12,AFY,MNF_FPB_DAIRY_PRD,PC_SHARE_SAL,2022,2021,0,2022-03-31,PT,0.269046
RBI:PRF_LNGNFC_INDUS_ANN_RN(1.0),N_A,12,AFY,MNF_FPB_DAIRY_PRD,SALES,2022,2021,0,2022-03-31,INR,128435500000
RBI:PRF_LNGNFC_INDUS_ANN_RN(1.0),N_A,12,AFY,MNF_FPB_DAIRY_PRD,SALES,2022,2021,0,2022-03-31,PT,12.0043
RBI:PRF_LNGNFC_INDUS_ANN_RN(1.0),N_A,12,AFY,MNF_FPB_DAIRY_PRD,TAX_PROV,2022,2021,0,2022-03-31,PT,-29.0626
RBI:PRF_LNGNFC_INDUS_ANN_RN(1.0),N_A,34,AFY,MNF_FPB_EDD_OIL,DEPRC,2022,2021,0,2022-03-31,PT,1.4304
RBI:PRF_LNGNFC_INDUS_ANN_RN(1.0),N_A,34,AFY,MNF_FPB_EDD_OIL,EBITDA,2022,2021,0,2022-03-31,PT,27.6172
RBI:PRF_LNGNFC_INDUS_ANN_RN(1.0),N_A,34,AFY,MNF_FPB_EDD_OIL,EXPD,2022,2021,0,2022-03-31,PT,37.2433
RBI:PRF_LNGNFC_INDUS_ANN_RN(1.0),N_A,34,AFY,MNF_FPB_EDD_OIL,GROSS_PFT_EBIT,2022,2021,0,2022-03-31,PT,31.8444
RBI:PRF_LNGNFC_INDUS_ANN_RN(1.0),N_A,34,AFY,MNF_FPB_EDD_OIL,INT,2022,2021,0,2022-03-31,PT,11.6126
RBI:PRF_LNGNFC_INDUS_ANN_RN(1.0),N_A,34,AFY,MNF_FPB_EDD_OIL,NET_PFT,2022,2021,0,2022-03-31,PT,20.7924
RBI:PRF_LNGNFC_INDUS_ANN_RN(1.0),N_A,34,AFY,MNF_FPB_EDD_OIL,OPR_PFT,2022,2021,0,2022-03-31,PT,29.0317
RBI:PRF_LNGNFC_INDUS_ANN_RN(1.0),N_A,34,AFY,MNF_FPB_EDD_OIL,OTH_INC,2022,2021,0,2022-03-31,PT,17.4825
RBI:PRF_LNGNFC_INDUS_ANN_RN(1.0),N_A,34,AFY,MNF_FPB_EDD_OIL,PC_SHARE_SAL,2022,2021,0,2022-03-31,PT,2.342422
RBI:PRF_LNGNFC_INDUS_ANN_RN(1.0),N_A,34,AFY,MNF_FPB_EDD_OIL,SALES,2022,2021,0,2022-03-31,INR,1118209200000
RBI:PRF_LNGNFC_INDUS_ANN_RN(1.0),N_A,34,AFY,MNF_FPB_EDD_OIL,SALES,2022,2021,0,2022-03-31,PT,36.0605
RBI:PRF_LNGNFC_INDUS_ANN_RN(1.0),N_A,34,AFY,MNF_FPB_EDD_OIL,TAX_PROV,2022,2021,0,2022-03-31,PT,23.9456
RBI:PRF_LNGNFC_INDUS_ANN_RN(1.0),N_A,32,AFY,MNF_FPB_ESGR,DEPRC,2022,2021,0,2022-03-31,PT,1.7427
RBI:PRF_LNGNFC_INDUS_ANN_RN(1.0),N_A,32,AFY,MNF_FPB_ESGR,EBITDA,2022,2021,0,2022-03-31,PT,4.2785
RBI:PRF_LNGNFC_INDUS_ANN_RN(1.0),N_A,32,AFY,MNF_FPB_ESGR,EXPD,2022,2021,0,2022-03-31,PT,2.9548
RBI:PRF_LNGNFC_INDUS_ANN_RN(1.0),N_A,32,AFY,MNF_FPB_ESGR,GROSS_PFT_EBIT,2022,2021,0,2022-03-31,PT,5.1374
RBI:PRF_LNGNFC_INDUS_ANN_RN(1.0),N_A,32,AFY,MNF_FPB_ESGR,INT,2022,2021,0,2022-03-31,PT,-7.4826
RBI:PRF_LNGNFC_INDUS_ANN_RN(1.0),N_A,32,AFY,MNF_FPB_ESGR,NET_PFT,2022,2021,0,2022-03-31,PT,-7.6031
RBI:PRF_LNGNFC_INDUS_ANN_RN(1.0),N_A,32,AFY,MNF_FPB_ESGR,OPR_PFT,2022,2021,0,2022-03-31,PT,9.961
RBI:PRF_LNGNFC_INDUS_ANN_RN(1.0),N_A,32,AFY,MNF_FPB_ESGR,OTH_INC,2022,2021,0,2022-03-31,PT,-23.9021
RBI:PRF_LNGNFC_INDUS_ANN_RN(1.0),N_A,32,AFY,MNF_FPB_ESGR,PC_SHARE_SAL,2022,2021,0,2022-03-31,PT,1.054922
RBI:PRF_LNGNFC_INDUS_ANN_RN(1.0),N_A,32,AFY,MNF_FPB_ESGR,SALES,2022,2021,0,2022-03-31,INR,503591400000
RBI:PRF_LNGNFC_INDUS_ANN_RN(1.0),N_A,32,AFY,MNF_FPB_ESGR,SALES,2022,2021,0,2022-03-31,PT,2.8623
RBI:PRF_LNGNFC_INDUS_ANN_RN(1.0),N_A,32,AFY,MNF_FPB_ESGR,TAX_PROV,2022,2021,0,2022-03-31,PT,17.6338
RBI:PRF_LNGNFC_INDUS_ANN_RN(1.0),N_A,93,AFY,MNF_FPB_OFP,DEPRC,2022,2021,0,2022-03-31,PT,2.7826
RBI:PRF_LNGNFC_INDUS_ANN_RN(1.0),N_A,93,AFY,MNF_FPB_OFP,EBITDA,2022,2021,0,2022-03-31,PT,13.1496
RBI:PRF_LNGNFC_INDUS_ANN_RN(1.0),N_A,93,AFY,MNF_FPB_OFP,EXPD,2022,2021,0,2022-03-31,PT,22.0357
RBI:PRF_LNGNFC_INDUS_ANN_RN(1.0),N_A,93,AFY,MNF_FPB_OFP,GROSS_PFT_EBIT,2022,2021,0,2022-03-31,PT,15.701
RBI:PRF_LNGNFC_INDUS_ANN_RN(1.0),N_A,93,AFY,MNF_FPB_OFP,INT,2022,2021,0,2022-03-31,PT,-17.4334
RBI:PRF_LNGNFC_INDUS_ANN_RN(1.0),N_A,93,AFY,MNF_FPB_OFP,NET_PFT,2022,2021,0,2022-03-31,PT,26.011
RBI:PRF_LNGNFC_INDUS_ANN_RN(1.0),N_A,93,AFY,MNF_FPB_OFP,OPR_PFT,2022,2021,0,2022-03-31,PT,13.9543
RBI:PRF_LNGNFC_INDUS_ANN_RN(1.0),N_A,93,AFY,MNF_FPB_OFP,OTH_INC,2022,2021,0,2022-03-31,PT,7.4565
RBI:PRF_LNGNFC_INDUS_ANN_RN(1.0),N_A,93,AFY,MNF_FPB_OFP,PC_SHARE_SAL,2022,2021,0,2022-03-31,PT,1.962636
RBI:PRF_LNGNFC_INDUS_ANN_RN(1.0),N_A,93,AFY,MNF_FPB_OFP,SALES,2022,2021,0,2022-03-31,INR,936909600000
RBI:PRF_LNGNFC_INDUS_ANN_RN(1.0),N_A,93,AFY,MNF_FPB_OFP,SALES,2022,2021,0,2022-03-31,PT,21.3603
RBI:PRF_LNGNFC_INDUS_ANN_RN(1.0),N_A,93,AFY,MNF_FPB_OFP,TAX_PROV,2022,2021,0,2022-03-31,PT,21.3384
RBI:PRF_LNGNFC_INDUS_ANN_RN(1.0),N_A,10,AFY,MNF_GGP,DEPRC,2022,2021,0,2022-03-31,PT,2.1313
RBI:PRF_LNGNFC_INDUS_ANN_RN(1.0),N_A,10,AFY,MNF_GGP,EBITDA,2022,2021,0,2022-03-31,PT,36.974
RBI:PRF_LNGNFC_INDUS_ANN_RN(1.0),N_A,10,AFY,MNF_GGP,EXPD,2022,2021,0,2022-03-31,PT,25.4554
RBI:PRF_LNGNFC_INDUS_ANN_RN(1.0),N_A,10,AFY,MNF_GGP,GROSS_PFT_EBIT,2022,2021,0,2022-03-31,PT,58.642
RBI:PRF_LNGNFC_INDUS_ANN_RN(1.0),N_A,10,AFY,MNF_GGP,INT,2022,2021,0,2022-03-31,PT,-29.6568
RBI:PRF_LNGNFC_INDUS_ANN_RN(1.0),N_A,10,AFY,MNF_GGP,OPR_PFT,2022,2021,0,2022-03-31,PT,28.4352
RBI:PRF_LNGNFC_INDUS_ANN_RN(1.0),N_A,10,AFY,MNF_GGP,OTH_INC,2022,2021,0,2022-03-31,PT,118.2609
RBI:PRF_LNGNFC_INDUS_ANN_RN(1.0),N_A,10,AFY,MNF_GGP,PC_SHARE_SAL,2022,2021,0,2022-03-31,PT,0.179404
RBI:PRF_LNGNFC_INDUS_ANN_RN(1.0),N_A,10,AFY,MNF_GGP,SALES,2022,2021,0,2022-03-31,INR,85642800000
RBI:PRF_LNGNFC_INDUS_ANN_RN(1.0),N_A,10,AFY,MNF_GGP,SALES,2022,2021,0,2022-03-31,PT,21.1439
RBI:PRF_LNGNFC_INDUS_ANN_RN(1.0),N_A,10,AFY,MNF_GGP,TAX_PROV,2022,2021,0,2022-03-31,PT,93.7445
RBI:PRF_LNGNFC_INDUS_ANN_RN(1.0),N_A,141,AFY,MNF_INS,DEPRC,2022,2021,0,2022-03-31,PT,4.1166
RBI:PRF_LNGNFC_INDUS_ANN_RN(1.0),N_A,141,AFY,MNF_INS,EBITDA,2022,2021,0,2022-03-31,PT,60.4399
RBI:PRF_LNGNFC_INDUS_ANN_RN(1.0),N_A,141,AFY,MNF_INS,EXPD,2022,2021,0,2022-03-31,PT,55.561
RBI:PRF_LNGNFC_INDUS_ANN_RN(1.0),N_A,141,AFY,MNF_INS,GROSS_PFT_EBIT,2022,2021,0,2022-03-31,PT,74.8511
RBI:PRF_LNGNFC_INDUS_ANN_RN(1.0),N_A,141,AFY,MNF_INS,INT,2022,2021,0,2022-03-31,PT,-26.1615
RBI:PRF_LNGNFC_INDUS_ANN_RN(1.0),N_A,141,AFY,MNF_INS,NET_PFT,2022,2021,0,2022-03-31,PT,101.1171
RBI:PRF_LNGNFC_INDUS_ANN_RN(1.0),N_A,141,AFY,MNF_INS,OPR_PFT,2022,2021,0,2022-03-31,PT,63.8456
RBI:PRF_LNGNFC_INDUS_ANN_RN(1.0),N_A,141,AFY,MNF_INS,OTH_INC,2022,2021,0,2022-03-31,PT,16.7265
RBI:PRF_LNGNFC_INDUS_ANN_RN(1.0),N_A,141,AFY,MNF_INS,PC_SHARE_SAL,2022,2021,0,2022-03-31,PT,10.396321
RBI:PRF_LNGNFC_INDUS_ANN_RN(1.0),N_A,141,AFY,MNF_INS,SALES,2022,2021,0,2022-03-31,INR,4962924400000
RBI:PRF_LNGNFC_INDUS_ANN_RN(1.0),N_A,141,AFY,MNF_INS,SALES,2022,2021,0,2022-03-31,PT,53.2722
RBI:PRF_LNGNFC_INDUS_ANN_RN(1.0),N_A,45,AFY,MNF_JRA,DEPRC,2022,2021,0,2022-03-31,PT,2.69
RBI:PRF_LNGNFC_INDUS_ANN_RN(1.0),N_A,45,AFY,MNF_JRA,EBITDA,2022,2021,0,2022-03-31,PT,34.5753
RBI:PRF_LNGNFC_INDUS_ANN_RN(1.0),N_A,45,AFY,MNF_JRA,EXPD,2022,2021,0,2022-03-31,PT,51.5795
RBI:PRF_LNGNFC_INDUS_ANN_RN(1.0),N_A,45,AFY,MNF_JRA,GROSS_PFT_EBIT,2022,2021,0,2022-03-31,PT,40.8168
RBI:PRF_LNGNFC_INDUS_ANN_RN(1.0),N_A,45,AFY,MNF_JRA,INT,2022,2021,0,2022-03-31,PT,0.9315
RBI:PRF_LNGNFC_INDUS_ANN_RN(1.0),N_A,45,AFY,MNF_JRA,NET_PFT,2022,2021,0,2022-03-31,PT,63.5224
RBI:PRF_LNGNFC_INDUS_ANN_RN(1.0),N_A,45,AFY,MNF_JRA,OPR_PFT,2022,2021,0,2022-03-31,PT,26.7216
RBI:PRF_LNGNFC_INDUS_ANN_RN(1.0),N_A,45,AFY,MNF_JRA,OTH_INC,2022,2021,0,2022-03-31,PT,102.1846
RBI:PRF_LNGNFC_INDUS_ANN_RN(1.0),N_A,45,AFY,MNF_JRA,PC_SHARE_SAL,2022,2021,0,2022-03-31,PT,1.361686
RBI:PRF_LNGNFC_INDUS_ANN_RN(1.0),N_A,45,AFY,MNF_JRA,SALES,2022,2021,0,2022-03-31,INR,650032300000
RBI:PRF_LNGNFC_INDUS_ANN_RN(1.0),N_A,45,AFY,MNF_JRA,SALES,2022,2021,0,2022-03-31,PT,41.0557
RBI:PRF_LNGNFC_INDUS_ANN_RN(1.0),N_A,45,AFY,MNF_JRA,TAX_PROV,2022,2021,0,2022-03-31,PT,98.4733
RBI:PRF_LNGNFC_INDUS_ANN_RN(1.0),N_A,15,AFY,MNF_LTH,DEPRC,2022,2021,0,2022-03-31,PT,-5.7754
RBI:PRF_LNGNFC_INDUS_ANN_RN(1.0),N_A,15,AFY,MNF_LTH,EBITDA,2022,2021,0,2022-03-31,PT,29.9063
RBI:PRF_LNGNFC_INDUS_ANN_RN(1.0),N_A,15,AFY,MNF_LTH,EXPD,2022,2021,0,2022-03-31,PT,44.9992
RBI:PRF_LNGNFC_INDUS_ANN_RN(1.0),N_A,15,AFY,MNF_LTH,GROSS_PFT_EBIT,2022,2021,0,2022-03-31,PT,53.2389
RBI:PRF_LNGNFC_INDUS_ANN_RN(1.0),N_A,15,AFY,MNF_LTH,INT,2022,2021,0,2022-03-31,PT,-21.2852
RBI:PRF_LNGNFC_INDUS_ANN_RN(1.0),N_A,15,AFY,MNF_LTH,NET_PFT,2022,2021,0,2022-03-31,PT,85.5546
RBI:PRF_LNGNFC_INDUS_ANN_RN(1.0),N_A,15,AFY,MNF_LTH,OPR_PFT,2022,2021,0,2022-03-31,PT,34.728
RBI:PRF_LNGNFC_INDUS_ANN_RN(1.0),N_A,15,AFY,MNF_LTH,OTH_INC,2022,2021,0,2022-03-31,PT,-3.3027
RBI:PRF_LNGNFC_INDUS_ANN_RN(1.0),N_A,15,AFY,MNF_LTH,PC_SHARE_SAL,2022,2021,0,2022-03-31,PT,0.153381
RBI:PRF_LNGNFC_INDUS_ANN_RN(1.0),N_A,15,AFY,MNF_LTH,SALES,2022,2021,0,2022-03-31,INR,73219900000
RBI:PRF_LNGNFC_INDUS_ANN_RN(1.0),N_A,15,AFY,MNF_LTH,SALES,2022,2021,0,2022-03-31,PT,32.0996
RBI:PRF_LNGNFC_INDUS_ANN_RN(1.0),N_A,15,AFY,MNF_LTH,TAX_PROV,2022,2021,0,2022-03-31,PT,20.5598
RBI:PRF_LNGNFC_INDUS_ANN_RN(1.0),N_A,130,AFY,MNF_MMT,DEPRC,2022,2021,0,2022-03-31,PT,4.8557
RBI:PRF_LNGNFC_INDUS_ANN_RN(1.0),N_A,130,AFY,MNF_MMT,EBITDA,2022,2021,0,2022-03-31,PT,18.7127
RBI:PRF_LNGNFC_INDUS_ANN_RN(1.0),N_A,130,AFY,MNF_MMT,EXPD,2022,2021,0,2022-03-31,PT,31.2864
RBI:PRF_LNGNFC_INDUS_ANN_RN(1.0),N_A,130,AFY,MNF_MMT,GROSS_PFT_EBIT,2022,2021,0,2022-03-31,PT,21.8645
RBI:PRF_LNGNFC_INDUS_ANN_RN(1.0),N_A,130,AFY,MNF_MMT,INT,2022,2021,0,2022-03-31,PT,-15.4461
RBI:PRF_LNGNFC_INDUS_ANN_RN(1.0),N_A,130,AFY,MNF_MMT,NET_PFT,2022,2021,0,2022-03-31,PT,127.4097
RBI:PRF_LNGNFC_INDUS_ANN_RN(1.0),N_A,130,AFY,MNF_MMT,OPR_PFT,2022,2021,0,2022-03-31,PT,22.1264
RBI:PRF_LNGNFC_INDUS_ANN_RN(1.0),N_A,130,AFY,MNF_MMT,OTH_INC,2022,2021,0,2022-03-31,PT,2.3873
RBI:PRF_LNGNFC_INDUS_ANN_RN(1.0),N_A,130,AFY,MNF_MMT,PC_SHARE_SAL,2022,2021,0,2022-03-31,PT,1.813719
RBI:PRF_LNGNFC_INDUS_ANN_RN(1.0),N_A,130,AFY,MNF_MMT,SALES,2022,2021,0,2022-03-31,INR,865820800000
RBI:PRF_LNGNFC_INDUS_ANN_RN(1.0),N_A,130,AFY,MNF_MMT,SALES,2022,2021,0,2022-03-31,PT,25.8079
RBI:PRF_LNGNFC_INDUS_ANN_RN(1.0),N_A,130,AFY,MNF_MMT,TAX_PROV,2022,2021,0,2022-03-31,PT,30.433
RBI:PRF_LNGNFC_INDUS_ANN_RN(1.0),N_A,14,AFY,MNF_MMT_MV,DEPRC,2022,2021,0,2022-03-31,PT,-0.1062
RBI:PRF_LNGNFC_INDUS_ANN_RN(1.0),N_A,14,AFY,MNF_MMT_MV,EBITDA,2022,2021,0,2022-03-31,PT,5.9983
RBI:PRF_LNGNFC_INDUS_ANN_RN(1.0),N_A,14,AFY,MNF_MMT_MV,EXPD,2022,2021,0,2022-03-31,PT,28.0849
RBI:PRF_LNGNFC_INDUS_ANN_RN(1.0),N_A,14,AFY,MNF_MMT_MV,GROSS_PFT_EBIT,2022,2021,0,2022-03-31,PT,8.5502
RBI:PRF_LNGNFC_INDUS_ANN_RN(1.0),N_A,14,AFY,MNF_MMT_MV,INT,2022,2021,0,2022-03-31,PT,-3.8133
RBI:PRF_LNGNFC_INDUS_ANN_RN(1.0),N_A,14,AFY,MNF_MMT_MV,NET_PFT,2022,2021,0,2022-03-31,PT,54.7258
RBI:PRF_LNGNFC_INDUS_ANN_RN(1.0),N_A,14,AFY,MNF_MMT_MV,OPR_PFT,2022,2021,0,2022-03-31,PT,7.1306
RBI:PRF_LNGNFC_INDUS_ANN_RN(1.0),N_A,14,AFY,MNF_MMT_MV,OTH_INC,2022,2021,0,2022-03-31,PT,1.8902
RBI:PRF_LNGNFC_INDUS_ANN_RN(1.0),N_A,14,AFY,MNF_MMT_MV,PC_SHARE_SAL,2022,2021,0,2022-03-31,PT,6.808232
RBI:PRF_LNGNFC_INDUS_ANN_RN(1.0),N_A,14,AFY,MNF_MMT_MV,SALES,2022,2021,0,2022-03-31,INR,3250067100000
RBI:PRF_LNGNFC_INDUS_ANN_RN(1.0),N_A,14,AFY,MNF_MMT_MV,SALES,2022,2021,0,2022-03-31,PT,26.3342
RBI:PRF_LNGNFC_INDUS_ANN_RN(1.0),N_A,14,AFY,MNF_MMT_MV,TAX_PROV,2022,2021,0,2022-03-31,PT,6.8844
RBI:PRF_LNGNFC_INDUS_ANN_RN(1.0),N_A,105,AFY,MNF_MMT_OTH,DEPRC,2022,2021,0,2022-03-31,PT,0.9437
RBI:PRF_LNGNFC_INDUS_ANN_RN(1.0),N_A,105,AFY,MNF_MMT_OTH,EBITDA,2022,2021,0,2022-03-31,PT,12.184
RBI:PRF_LNGNFC_INDUS_ANN_RN(1.0),N_A,105,AFY,MNF_MMT_OTH,EXPD,2022,2021,0,2022-03-31,PT,29.7729
RBI:PRF_LNGNFC_INDUS_ANN_RN(1.0),N_A,105,AFY,MNF_MMT_OTH,GROSS_PFT_EBIT,2022,2021,0,2022-03-31,PT,17.2498
RBI:PRF_LNGNFC_INDUS_ANN_RN(1.0),N_A,105,AFY,MNF_MMT_OTH,INT,2022,2021,0,2022-03-31,PT,-1.8634
RBI:PRF_LNGNFC_INDUS_ANN_RN(1.0),N_A,105,AFY,MNF_MMT_OTH,NET_PFT,2022,2021,0,2022-03-31,PT,72.6802
RBI:PRF_LNGNFC_INDUS_ANN_RN(1.0),N_A,105,AFY,MNF_MMT_OTH,OPR_PFT,2022,2021,0,2022-03-31,PT,12.8981
RBI:PRF_LNGNFC_INDUS_ANN_RN(1.0),N_A,105,AFY,MNF_MMT_OTH,OTH_INC,2022,2021,0,2022-03-31,PT,9.3868
RBI:PRF_LNGNFC_INDUS_ANN_RN(1.0),N_A,105,AFY,MNF_MMT_OTH,PC_SHARE_SAL,2022,2021,0,2022-03-31,PT,8.873507
RBI:PRF_LNGNFC_INDUS_ANN_RN(1.0),N_A,105,AFY,MNF_MMT_OTH,SALES,2022,2021,0,2022-03-31,INR,4235973900000
RBI:PRF_LNGNFC_INDUS_ANN_RN(1.0),N_A,105,AFY,MNF_MMT_OTH,SALES,2022,2021,0,2022-03-31,PT,28.2101
RBI:PRF_LNGNFC_INDUS_ANN_RN(1.0),N_A,105,AFY,MNF_MMT_OTH,TAX_PROV,2022,2021,0,2022-03-31,PT,14.5656
RBI:PRF_LNGNFC_INDUS_ANN_RN(1.0),N_A,91,AFY,MNF_MMT_PRTS,DEPRC,2022,2021,0,2022-03-31,PT,4.0849
RBI:PRF_LNGNFC_INDUS_ANN_RN(1.0),N_A,91,AFY,MNF_MMT_PRTS,EBITDA,2022,2021,0,2022-03-31,PT,35.4338
RBI:PRF_LNGNFC_INDUS_ANN_RN(1.0),N_A,91,AFY,MNF_MMT_PRTS,EXPD,2022,2021,0,2022-03-31,PT,35.7211
RBI:PRF_LNGNFC_INDUS_ANN_RN(1.0),N_A,91,AFY,MNF_MMT_PRTS,GROSS_PFT_EBIT,2022,2021,0,2022-03-31,PT,53.8712
RBI:PRF_LNGNFC_INDUS_ANN_RN(1.0),N_A,91,AFY,MNF_MMT_PRTS,INT,2022,2021,0,2022-03-31,PT,2.7355
RBI:PRF_LNGNFC_INDUS_ANN_RN(1.0),N_A,91,AFY,MNF_MMT_PRTS,NET_PFT,2022,2021,0,2022-03-31,PT,137.8025
RBI:PRF_LNGNFC_INDUS_ANN_RN(1.0),N_A,91,AFY,MNF_MMT_PRTS,OPR_PFT,2022,2021,0,2022-03-31,PT,33.0242
RBI:PRF_LNGNFC_INDUS_ANN_RN(1.0),N_A,91,AFY,MNF_MMT_PRTS,OTH_INC,2022,2021,0,2022-03-31,PT,48.5079
RBI:PRF_LNGNFC_INDUS_ANN_RN(1.0),N_A,91,AFY,MNF_MMT_PRTS,PC_SHARE_SAL,2022,2021,0,2022-03-31,PT,2.065275
RBI:PRF_LNGNFC_INDUS_ANN_RN(1.0),N_A,91,AFY,MNF_MMT_PRTS,SALES,2022,2021,0,2022-03-31,INR,985906800000
RBI:PRF_LNGNFC_INDUS_ANN_RN(1.0),N_A,91,AFY,MNF_MMT_PRTS,SALES,2022,2021,0,2022-03-31,PT,34.809
RBI:PRF_LNGNFC_INDUS_ANN_RN(1.0),N_A,91,AFY,MNF_MMT_PRTS,TAX_PROV,2022,2021,0,2022-03-31,PT,53.6601
RBI:PRF_LNGNFC_INDUS_ANN_RN(1.0),N_A,8,AFY,MNF_MPOSE,DEPRC,2022,2021,0,2022-03-31,PT,9.0015
RBI:PRF_LNGNFC_INDUS_ANN_RN(1.0),N_A,8,AFY,MNF_MPOSE,EBITDA,2022,2021,0,2022-03-31,PT,23.3956
RBI:PRF_LNGNFC_INDUS_ANN_RN(1.0),N_A,8,AFY,MNF_MPOSE,EXPD,2022,2021,0,2022-03-31,PT,23.8658
RBI:PRF_LNGNFC_INDUS_ANN_RN(1.0),N_A,8,AFY,MNF_MPOSE,GROSS_PFT_EBIT,2022,2021,0,2022-03-31,PT,27.3975
RBI:PRF_LNGNFC_INDUS_ANN_RN(1.0),N_A,8,AFY,MNF_MPOSE,INT,2022,2021,0,2022-03-31,PT,-38.8842
RBI:PRF_LNGNFC_INDUS_ANN_RN(1.0),N_A,8,AFY,MNF_MPOSE,NET_PFT,2022,2021,0,2022-03-31,PT,-101.7309
RBI:PRF_LNGNFC_INDUS_ANN_RN(1.0),N_A,8,AFY,MNF_MPOSE,OPR_PFT,2022,2021,0,2022-03-31,PT,-1.8452
RBI:PRF_LNGNFC_INDUS_ANN_RN(1.0),N_A,8,AFY,MNF_MPOSE,PC_SHARE_SAL,2022,2021,0,2022-03-31,PT,0.020949
RBI:PRF_LNGNFC_INDUS_ANN_RN(1.0),N_A,8,AFY,MNF_MPOSE,SALES,2022,2021,0,2022-03-31,INR,10000600000
RBI:PRF_LNGNFC_INDUS_ANN_RN(1.0),N_A,8,AFY,MNF_MPOSE,SALES,2022,2021,0,2022-03-31,PT,17.4289
RBI:PRF_LNGNFC_INDUS_ANN_RN(1.0),N_A,8,AFY,MNF_MPOSE,TAX_PROV,2022,2021,0,2022-03-31,PT,9.8389
RBI:PRF_LNGNFC_INDUS_ANN_RN(1.0),N_A,51,AFY,MNF_OTH,DEPRC,2022,2021,0,2022-03-31,PT,5.6233
RBI:PRF_LNGNFC_INDUS_ANN_RN(1.0),N_A,51,AFY,MNF_OTH,EBITDA,2022,2021,0,2022-03-31,PT,52.9956
RBI:PRF_LNGNFC_INDUS_ANN_RN(1.0),N_A,51,AFY,MNF_OTH,EXPD,2022,2021,0,2022-03-31,PT,36.8401
RBI:PRF_LNGNFC_INDUS_ANN_RN(1.0),N_A,51,AFY,MNF_OTH,GROSS_PFT_EBIT,2022,2021,0,2022-03-31,PT,67.3495
RBI:PRF_LNGNFC_INDUS_ANN_RN(1.0),N_A,51,AFY,MNF_OTH,INT,2022,2021,0,2022-03-31,PT,-14.9661
RBI:PRF_LNGNFC_INDUS_ANN_RN(1.0),N_A,51,AFY,MNF_OTH,NET_PFT,2022,2021,0,2022-03-31,PT,90.3191
RBI:PRF_LNGNFC_INDUS_ANN_RN(1.0),N_A,51,AFY,MNF_OTH,OPR_PFT,2022,2021,0,2022-03-31,PT,64.7333
RBI:PRF_LNGNFC_INDUS_ANN_RN(1.0),N_A,51,AFY,MNF_OTH,OTH_INC,2022,2021,0,2022-03-31,PT,12.2737
RBI:PRF_LNGNFC_INDUS_ANN_RN(1.0),N_A,51,AFY,MNF_OTH,PC_SHARE_SAL,2022,2021,0,2022-03-31,PT,0.629043
RBI:PRF_LNGNFC_INDUS_ANN_RN(1.0),N_A,51,AFY,MNF_OTH,SALES,2022,2021,0,2022-03-31,INR,300288100000
RBI:PRF_LNGNFC_INDUS_ANN_RN(1.0),N_A,51,AFY,MNF_OTH,SALES,2022,2021,0,2022-03-31,PT,31.0764
RBI:PRF_LNGNFC_INDUS_ANN_RN(1.0),N_A,51,AFY,MNF_OTH,TAX_PROV,2022,2021,0,2022-03-31,PT,55.445
RBI:PRF_LNGNFC_INDUS_ANN_RN(1.0),N_A,14,AFY,MNF_PETR_PRD,DEPRC,2022,2021,0,2022-03-31,PT,11.4991
RBI:PRF_LNGNFC_INDUS_ANN_RN(1.0),N_A,14,AFY,MNF_PETR_PRD,EBITDA,2022,2021,0,2022-03-31,PT,36.0664
RBI:PRF_LNGNFC_INDUS_ANN_RN(1.0),N_A,14,AFY,MNF_PETR_PRD,EXPD,2022,2021,0,2022-03-31,PT,77.3674
RBI:PRF_LNGNFC_INDUS_ANN_RN(1.0),N_A,14,AFY,MNF_PETR_PRD,GROSS_PFT_EBIT,2022,2021,0,2022-03-31,PT,41.6678
RBI:PRF_LNGNFC_INDUS_ANN_RN(1.0),N_A,14,AFY,MNF_PETR_PRD,INT,2022,2021,0,2022-03-31,PT,-43.5208
RBI:PRF_LNGNFC_INDUS_ANN_RN(1.0),N_A,14,AFY,MNF_PETR_PRD,NET_PFT,2022,2021,0,2022-03-31,PT,22.3242
RBI:PRF_LNGNFC_INDUS_ANN_RN(1.0),N_A,14,AFY,MNF_PETR_PRD,OPR_PFT,2022,2021,0,2022-03-31,PT,54.1674
RBI:PRF_LNGNFC_INDUS_ANN_RN(1.0),N_A,14,AFY,MNF_PETR_PRD,OTH_INC,2022,2021,0,2022-03-31,PT,-6.7891
RBI:PRF_LNGNFC_INDUS_ANN_RN(1.0),N_A,14,AFY,MNF_PETR_PRD,PC_SHARE_SAL,2022,2021,0,2022-03-31,PT,9.234857
RBI:PRF_LNGNFC_INDUS_ANN_RN(1.0),N_A,14,AFY,MNF_PETR_PRD,SALES,2022,2021,0,2022-03-31,INR,4408472700000
RBI:PRF_LNGNFC_INDUS_ANN_RN(1.0),N_A,14,AFY,MNF_PETR_PRD,SALES,2022,2021,0,2022-03-31,PT,70.7166
RBI:PRF_LNGNFC_INDUS_ANN_RN(1.0),N_A,161,AFY,MNF_PM,DEPRC,2022,2021,0,2022-03-31,PT,3.2117
RBI:PRF_LNGNFC_INDUS_ANN_RN(1.0),N_A,161,AFY,MNF_PM,EBITDA,2022,2021,0,2022-03-31,PT,-5.155
RBI:PRF_LNGNFC_INDUS_ANN_RN(1.0),N_A,161,AFY,MNF_PM,EXPD,2022,2021,0,2022-03-31,PT,12.925
RBI:PRF_LNGNFC_INDUS_ANN_RN(1.0),N_A,161,AFY,MNF_PM,GROSS_PFT_EBIT,2022,2021,0,2022-03-31,PT,-6.8597
RBI:PRF_LNGNFC_INDUS_ANN_RN(1.0),N_A,161,AFY,MNF_PM,INT,2022,2021,0,2022-03-31,PT,-12.0857
RBI:PRF_LNGNFC_INDUS_ANN_RN(1.0),N_A,161,AFY,MNF_PM,NET_PFT,2022,2021,0,2022-03-31,PT,-8.3362
RBI:PRF_LNGNFC_INDUS_ANN_RN(1.0),N_A,161,AFY,MNF_PM,OPR_PFT,2022,2021,0,2022-03-31,PT,-11.3796
RBI:PRF_LNGNFC_INDUS_ANN_RN(1.0),N_A,161,AFY,MNF_PM,OTH_INC,2022,2021,0,2022-03-31,PT,37.3189
RBI:PRF_LNGNFC_INDUS_ANN_RN(1.0),N_A,161,AFY,MNF_PM,PC_SHARE_SAL,2022,2021,0,2022-03-31,PT,4.25957
RBI:PRF_LNGNFC_INDUS_ANN_RN(1.0),N_A,161,AFY,MNF_PM,SALES,2022,2021,0,2022-03-31,INR,2033404400000
RBI:PRF_LNGNFC_INDUS_ANN_RN(1.0),N_A,161,AFY,MNF_PM,SALES,2022,2021,0,2022-03-31,PT,6.618
RBI:PRF_LNGNFC_INDUS_ANN_RN(1.0),N_A,161,AFY,MNF_PM,TAX_PROV,2022,2021,0,2022-03-31,PT,-10.6478
RBI:PRF_LNGNFC_INDUS_ANN_RN(1.0),N_A,33,AFY,MNF_PNFFM,DEPRC,2022,2021,0,2022-03-31,PT,12.4381
RBI:PRF_LNGNFC_INDUS_ANN_RN(1.0),N_A,33,AFY,MNF_PNFFM,EBITDA,2022,2021,0,2022-03-31,PT,45.9364
RBI:PRF_LNGNFC_INDUS_ANN_RN(1.0),N_A,33,AFY,MNF_PNFFM,EXPD,2022,2021,0,2022-03-31,PT,49.8805
RBI:PRF_LNGNFC_INDUS_ANN_RN(1.0),N_A,33,AFY,MNF_PNFFM,GROSS_PFT_EBIT,2022,2021,0,2022-03-31,PT,53.2765
RBI:PRF_LNGNFC_INDUS_ANN_RN(1.0),N_A,33,AFY,MNF_PNFFM,INT,2022,2021,0,2022-03-31,PT,-3.6692
RBI:PRF_LNGNFC_INDUS_ANN_RN(1.0),N_A,33,AFY,MNF_PNFFM,NET_PFT,2022,2021,0,2022-03-31,PT,67.0399
RBI:PRF_LNGNFC_INDUS_ANN_RN(1.0),N_A,33,AFY,MNF_PNFFM,OPR_PFT,2022,2021,0,2022-03-31,PT,85.0431
RBI:PRF_LNGNFC_INDUS_ANN_RN(1.0),N_A,33,AFY,MNF_PNFFM,OTH_INC,2022,2021,0,2022-03-31,PT,-25.0118
RBI:PRF_LNGNFC_INDUS_ANN_RN(1.0),N_A,33,AFY,MNF_PNFFM,PC_SHARE_SAL,2022,2021,0,2022-03-31,PT,3.619653
RBI:PRF_LNGNFC_INDUS_ANN_RN(1.0),N_A,33,AFY,MNF_PNFFM,SALES,2022,2021,0,2022-03-31,INR,1727925000000
RBI:PRF_LNGNFC_INDUS_ANN_RN(1.0),N_A,33,AFY,MNF_PNFFM,SALES,2022,2021,0,2022-03-31,PT,55.5568
RBI:PRF_LNGNFC_INDUS_ANN_RN(1.0),N_A,43,AFY,MNF_PNPD,DEPRC,2022,2021,0,2022-03-31,PT,1.5741
RBI:PRF_LNGNFC_INDUS_ANN_RN(1.0),N_A,43,AFY,MNF_PNPD,EBITDA,2022,2021,0,2022-03-31,PT,57.2871
RBI:PRF_LNGNFC_INDUS_ANN_RN(1.0),N_A,43,AFY,MNF_PNPD,EXPD,2022,2021,0,2022-03-31,PT,47.0214
RBI:PRF_LNGNFC_INDUS_ANN_RN(1.0),N_A,43,AFY,MNF_PNPD,GROSS_PFT_EBIT,2022,2021,0,2022-03-31,PT,106.928
RBI:PRF_LNGNFC_INDUS_ANN_RN(1.0),N_A,43,AFY,MNF_PNPD,INT,2022,2021,0,2022-03-31,PT,-5.9748
RBI:PRF_LNGNFC_INDUS_ANN_RN(1.0),N_A,43,AFY,MNF_PNPD,OPR_PFT,2022,2021,0,2022-03-31,PT,64.9719
RBI:PRF_LNGNFC_INDUS_ANN_RN(1.0),N_A,43,AFY,MNF_PNPD,OTH_INC,2022,2021,0,2022-03-31,PT,12.821
RBI:PRF_LNGNFC_INDUS_ANN_RN(1.0),N_A,43,AFY,MNF_PNPD,PC_SHARE_SAL,2022,2021,0,2022-03-31,PT,0.647735
RBI:PRF_LNGNFC_INDUS_ANN_RN(1.0),N_A,43,AFY,MNF_PNPD,SALES,2022,2021,0,2022-03-31,INR,309211100000
RBI:PRF_LNGNFC_INDUS_ANN_RN(1.0),N_A,43,AFY,MNF_PNPD,SALES,2022,2021,0,2022-03-31,PT,48.7242
RBI:PRF_LNGNFC_INDUS_ANN_RN(1.0),N_A,43,AFY,MNF_PNPD,TAX_PROV,2022,2021,0,2022-03-31,PT,70.2685
RBI:PRF_LNGNFC_INDUS_ANN_RN(1.0),N_A,110,AFY,MNF_PP,DEPRC,2022,2021,0,2022-03-31,PT,3.0384
RBI:PRF_LNGNFC_INDUS_ANN_RN(1.0),N_A,110,AFY,MNF_PP,EBITDA,2022,2021,0,2022-03-31,PT,12.6745
RBI:PRF_LNGNFC_INDUS_ANN_RN(1.0),N_A,110,AFY,MNF_PP,EXPD,2022,2021,0,2022-03-31,PT,34.0617
RBI:PRF_LNGNFC_INDUS_ANN_RN(1.0),N_A,110,AFY,MNF_PP,GROSS_PFT_EBIT,2022,2021,0,2022-03-31,PT,15.2967
RBI:PRF_LNGNFC_INDUS_ANN_RN(1.0),N_A,110,AFY,MNF_PP,INT,2022,2021,0,2022-03-31,PT,-18.1173
RBI:PRF_LNGNFC_INDUS_ANN_RN(1.0),N_A,110,AFY,MNF_PP,NET_PFT,2022,2021,0,2022-03-31,PT,35.6271
RBI:PRF_LNGNFC_INDUS_ANN_RN(1.0),N_A,110,AFY,MNF_PP,OPR_PFT,2022,2021,0,2022-03-31,PT,11.729
RBI:PRF_LNGNFC_INDUS_ANN_RN(1.0),N_A,110,AFY,MNF_PP,OTH_INC,2022,2021,0,2022-03-31,PT,18.969
RBI:PRF_LNGNFC_INDUS_ANN_RN(1.0),N_A,110,AFY,MNF_PP,PC_SHARE_SAL,2022,2021,0,2022-03-31,PT,1.32996
RBI:PRF_LNGNFC_INDUS_ANN_RN(1.0),N_A,110,AFY,MNF_PP,SALES,2022,2021,0,2022-03-31,INR,634887200000
RBI:PRF_LNGNFC_INDUS_ANN_RN(1.0),N_A,110,AFY,MNF_PP,SALES,2022,2021,0,2022-03-31,PT,27.8608
RBI:PRF_LNGNFC_INDUS_ANN_RN(1.0),N_A,110,AFY,MNF_PP,TAX_PROV,2022,2021,0,2022-03-31,PT,21.5814
RBI:PRF_LNGNFC_INDUS_ANN_RN(1.0),N_A,25,AFY,MNF_RRP,DEPRC,2022,2021,0,2022-03-31,PT,8.7931
RBI:PRF_LNGNFC_INDUS_ANN_RN(1.0),N_A,25,AFY,MNF_RRP,EBITDA,2022,2021,0,2022-03-31,PT,-15.823
RBI:PRF_LNGNFC_INDUS_ANN_RN(1.0),N_A,25,AFY,MNF_RRP,EXPD,2022,2021,0,2022-03-31,PT,41.2109
RBI:PRF_LNGNFC_INDUS_ANN_RN(1.0),N_A,25,AFY,MNF_RRP,GROSS_PFT_EBIT,2022,2021,0,2022-03-31,PT,-26.8278
RBI:PRF_LNGNFC_INDUS_ANN_RN(1.0),N_A,25,AFY,MNF_RRP,INT,2022,2021,0,2022-03-31,PT,-1.3451
RBI:PRF_LNGNFC_INDUS_ANN_RN(1.0),N_A,25,AFY,MNF_RRP,NET_PFT,2022,2021,0,2022-03-31,PT,-46.0592
RBI:PRF_LNGNFC_INDUS_ANN_RN(1.0),N_A,25,AFY,MNF_RRP,OPR_PFT,2022,2021,0,2022-03-31,PT,-19.5576
RBI:PRF_LNGNFC_INDUS_ANN_RN(1.0),N_A,25,AFY,MNF_RRP,OTH_INC,2022,2021,0,2022-03-31,PT,23.898
RBI:PRF_LNGNFC_INDUS_ANN_RN(1.0),N_A,25,AFY,MNF_RRP,PC_SHARE_SAL,2022,2021,0,2022-03-31,PT,1.403714
RBI:PRF_LNGNFC_INDUS_ANN_RN(1.0),N_A,25,AFY,MNF_RRP,SALES,2022,2021,0,2022-03-31,INR,670095200000
RBI:PRF_LNGNFC_INDUS_ANN_RN(1.0),N_A,25,AFY,MNF_RRP,SALES,2022,2021,0,2022-03-31,PT,25.64
RBI:PRF_LNGNFC_INDUS_ANN_RN(1.0),N_A,25,AFY,MNF_RRP,TAX_PROV,2022,2021,0,2022-03-31,PT,-26.4622
RBI:PRF_LNGNFC_INDUS_ANN_RN(1.0),N_A,6,AFY,MNF_TBC_PRD,DEPRC,2022,2021,0,2022-03-31,PT,5.12
RBI:PRF_LNGNFC_INDUS_ANN_RN(1.0),N_A,6,AFY,MNF_TBC_PRD,EBITDA,2022,2021,0,2022-03-31,PT,14.3585
RBI:PRF_LNGNFC_INDUS_ANN_RN(1.0),N_A,6,AFY,MNF_TBC_PRD,EXPD,2022,2021,0,2022-03-31,PT,22.827
RBI:PRF_LNGNFC_INDUS_ANN_RN(1.0),N_A,6,AFY,MNF_TBC_PRD,GROSS_PFT_EBIT,2022,2021,0,2022-03-31,PT,15.2446
RBI:PRF_LNGNFC_INDUS_ANN_RN(1.0),N_A,6,AFY,MNF_TBC_PRD,INT,2022,2021,0,2022-03-31,PT,-3.2228
RBI:PRF_LNGNFC_INDUS_ANN_RN(1.0),N_A,6,AFY,MNF_TBC_PRD,NET_PFT,2022,2021,0,2022-03-31,PT,15.3764
RBI:PRF_LNGNFC_INDUS_ANN_RN(1.0),N_A,6,AFY,MNF_TBC_PRD,OPR_PFT,2022,2021,0,2022-03-31,PT,21.3615
RBI:PRF_LNGNFC_INDUS_ANN_RN(1.0),N_A,6,AFY,MNF_TBC_PRD,OTH_INC,2022,2021,0,2022-03-31,PT,-19.4014
RBI:PRF_LNGNFC_INDUS_ANN_RN(1.0),N_A,6,AFY,MNF_TBC_PRD,PC_SHARE_SAL,2022,2021,0,2022-03-31,PT,1.265246
RBI:PRF_LNGNFC_INDUS_ANN_RN(1.0),N_A,6,AFY,MNF_TBC_PRD,SALES,2022,2021,0,2022-03-31,INR,603994700000
RBI:PRF_LNGNFC_INDUS_ANN_RN(1.0),N_A,6,AFY,MNF_TBC_PRD,SALES,2022,2021,0,2022-03-31,PT,22.5883
RBI:PRF_LNGNFC_INDUS_ANN_RN(1.0),N_A,6,AFY,MNF_TBC_PRD,TAX_PROV,2022,2021,0,2022-03-31,PT,19.4165
RBI:PRF_LNGNFC_INDUS_ANN_RN(1.0),N_A,275,AFY,MNF_TXT,DEPRC,2022,2021,0,2022-03-31,PT,-4.1345
RBI:PRF_LNGNFC_INDUS_ANN_RN(1.0),N_A,275,AFY,MNF_TXT,EBITDA,2022,2021,0,2022-03-31,PT,93.2946
RBI:PRF_LNGNFC_INDUS_ANN_RN(1.0),N_A,275,AFY,MNF_TXT,EXPD,2022,2021,0,2022-03-31,PT,48.2016
RBI:PRF_LNGNFC_INDUS_ANN_RN(1.0),N_A,275,AFY,MNF_TXT,INT,2022,2021,0,2022-03-31,PT,-7.3206
RBI:PRF_LNGNFC_INDUS_ANN_RN(1.0),N_A,275,AFY,MNF_TXT,OTH_INC,2022,2021,0,2022-03-31,PT,-63.4816
RBI:PRF_LNGNFC_INDUS_ANN_RN(1.0),N_A,275,AFY,MNF_TXT,PC_SHARE_SAL,2022,2021,0,2022-03-31,PT,3.556788
RBI:PRF_LNGNFC_INDUS_ANN_RN(1.0),N_A,275,AFY,MNF_TXT,SALES,2022,2021,0,2022-03-31,INR,1697915000000
RBI:PRF_LNGNFC_INDUS_ANN_RN(1.0),N_A,275,AFY,MNF_TXT,SALES,2022,2021,0,2022-03-31,PT,51.2052
RBI:PRF_LNGNFC_INDUS_ANN_RN(1.0),N_A,275,AFY,MNF_TXT,TAX_PROV,2022,2021,0,2022-03-31,PT,133.4825
RBI:PRF_LNGNFC_INDUS_ANN_RN(1.0),N_A,18,AFY,MNF_WOOD_PRD,DEPRC,2022,2021,0,2022-03-31,PT,11.1249
RBI:PRF_LNGNFC_INDUS_ANN_RN(1.0),N_A,18,AFY,MNF_WOOD_PRD,EBITDA,2022,2021,0,2022-03-31,PT,49.8343
RBI:PRF_LNGNFC_INDUS_ANN_RN(1.0),N_A,18,AFY,MNF_WOOD_PRD,EXPD,2022,2021,0,2022-03-31,PT,46.8978
RBI:PRF_LNGNFC_INDUS_ANN_RN(1.0),N_A,18,AFY,MNF_WOOD_PRD,GROSS_PFT_EBIT,2022,2021,0,2022-03-31,PT,62.1059
RBI:PRF_LNGNFC_INDUS_ANN_RN(1.0),N_A,18,AFY,MNF_WOOD_PRD,INT,2022,2021,0,2022-03-31,PT,-17.4537
RBI:PRF_LNGNFC_INDUS_ANN_RN(1.0),N_A,18,AFY,MNF_WOOD_PRD,NET_PFT,2022,2021,0,2022-03-31,PT,71.8925
RBI:PRF_LNGNFC_INDUS_ANN_RN(1.0),N_A,18,AFY,MNF_WOOD_PRD,OPR_PFT,2022,2021,0,2022-03-31,PT,47.5433
RBI:PRF_LNGNFC_INDUS_ANN_RN(1.0),N_A,18,AFY,MNF_WOOD_PRD,OTH_INC,2022,2021,0,2022-03-31,PT,105.6905
RBI:PRF_LNGNFC_INDUS_ANN_RN(1.0),N_A,18,AFY,MNF_WOOD_PRD,PC_SHARE_SAL,2022,2021,0,2022-03-31,PT,0.210625
RBI:PRF_LNGNFC_INDUS_ANN_RN(1.0),N_A,18,AFY,MNF_WOOD_PRD,SALES,2022,2021,0,2022-03-31,INR,100546900000
RBI:PRF_LNGNFC_INDUS_ANN_RN(1.0),N_A,18,AFY,MNF_WOOD_PRD,SALES,2022,2021,0,2022-03-31,PT,41.6571
RBI:PRF_LNGNFC_INDUS_ANN_RN(1.0),N_A,18,AFY,MNF_WOOD_PRD,TAX_PROV,2022,2021,0,2022-03-31,PT,83.8442
RBI:PRF_LNGNFC_INDUS_ANN_RN(1.0),N_A,699,AFY,SERV_OTH_IT,DEPRC,2022,2021,0,2022-03-31,PT,4.3176
RBI:PRF_LNGNFC_INDUS_ANN_RN(1.0),N_A,699,AFY,SERV_OTH_IT,EBITDA,2022,2021,0,2022-03-31,PT,18.5856
RBI:PRF_LNGNFC_INDUS_ANN_RN(1.0),N_A,699,AFY,SERV_OTH_IT,EXPD,2022,2021,0,2022-03-31,PT,31.705
RBI:PRF_LNGNFC_INDUS_ANN_RN(1.0),N_A,699,AFY,SERV_OTH_IT,GROSS_PFT_EBIT,2022,2021,0,2022-03-31,PT,55.1266
RBI:PRF_LNGNFC_INDUS_ANN_RN(1.0),N_A,699,AFY,SERV_OTH_IT,INT,2022,2021,0,2022-03-31,PT,13.0207
RBI:PRF_LNGNFC_INDUS_ANN_RN(1.0),N_A,699,AFY,SERV_OTH_IT,OPR_PFT,2022,2021,0,2022-03-31,PT,21.8889
RBI:PRF_LNGNFC_INDUS_ANN_RN(1.0),N_A,699,AFY,SERV_OTH_IT,OTH_INC,2022,2021,0,2022-03-31,PT,4.6628
RBI:PRF_LNGNFC_INDUS_ANN_RN(1.0),N_A,699,AFY,SERV_OTH_IT,PC_SHARE_SAL,2022,2021,0,2022-03-31,PT,8.931851
RBI:PRF_LNGNFC_INDUS_ANN_RN(1.0),N_A,699,AFY,SERV_OTH_IT,SALES,2022,2021,0,2022-03-31,INR,4263825900000
RBI:PRF_LNGNFC_INDUS_ANN_RN(1.0),N_A,699,AFY,SERV_OTH_IT,SALES,2022,2021,0,2022-03-31,PT,27.2252
RBI:PRF_LNGNFC_INDUS_ANN_RN(1.0),N_A,699,AFY,SERV_OTH_IT,TAX_PROV,2022,2021,0,2022-03-31,PT,16.5873
RBI:PRF_LNGNFC_INDUS_ANN_RN(1.0),N_A,36,AFY,SOI_BSS,DEPRC,2022,2021,0,2022-03-31,PT,16.1999
RBI:PRF_LNGNFC_INDUS_ANN_RN(1.0),N_A,36,AFY,SOI_BSS,EBITDA,2022,2021,0,2022-03-31,PT,27.5666
RBI:PRF_LNGNFC_INDUS_ANN_RN(1.0),N_A,36,AFY,SOI_BSS,EXPD,2022,2021,0,2022-03-31,PT,37.9415
RBI:PRF_LNGNFC_INDUS_ANN_RN(1.0),N_A,36,AFY,SOI_BSS,GROSS_PFT_EBIT,2022,2021,0,2022-03-31,PT,31.4349
RBI:PRF_LNGNFC_INDUS_ANN_RN(1.0),N_A,36,AFY,SOI_BSS,INT,2022,2021,0,2022-03-31,PT,8.4482
RBI:PRF_LNGNFC_INDUS_ANN_RN(1.0),N_A,36,AFY,SOI_BSS,NET_PFT,2022,2021,0,2022-03-31,PT,-7.4938
RBI:PRF_LNGNFC_INDUS_ANN_RN(1.0),N_A,36,AFY,SOI_BSS,OPR_PFT,2022,2021,0,2022-03-31,PT,33.7279
RBI:PRF_LNGNFC_INDUS_ANN_RN(1.0),N_A,36,AFY,SOI_BSS,OTH_INC,2022,2021,0,2022-03-31,PT,-10.8191
RBI:PRF_LNGNFC_INDUS_ANN_RN(1.0),N_A,36,AFY,SOI_BSS,PC_SHARE_SAL,2022,2021,0,2022-03-31,PT,0.082059
RBI:PRF_LNGNFC_INDUS_ANN_RN(1.0),N_A,36,AFY,SOI_BSS,SALES,2022,2021,0,2022-03-31,INR,39172700000
RBI:PRF_LNGNFC_INDUS_ANN_RN(1.0),N_A,36,AFY,SOI_BSS,SALES,2022,2021,0,2022-03-31,PT,40.0766
RBI:PRF_LNGNFC_INDUS_ANN_RN(1.0),N_A,36,AFY,SOI_BSS,TAX_PROV,2022,2021,0,2022-03-31,PT,120.9981
RBI:PRF_LNGNFC_INDUS_ANN_RN(1.0),N_A,51,AFY,SOI_HNR,DEPRC,2022,2021,0,2022-03-31,PT,1.4495
RBI:PRF_LNGNFC_INDUS_ANN_RN(1.0),N_A,51,AFY,SOI_HNR,EXPD,2022,2021,0,2022-03-31,PT,45.9244
RBI:PRF_LNGNFC_INDUS_ANN_RN(1.0),N_A,51,AFY,SOI_HNR,INT,2022,2021,0,2022-03-31,PT,-4.163
RBI:PRF_LNGNFC_INDUS_ANN_RN(1.0),N_A,51,AFY,SOI_HNR,OTH_INC,2022,2021,0,2022-03-31,PT,2.235
RBI:PRF_LNGNFC_INDUS_ANN_RN(1.0),N_A,51,AFY,SOI_HNR,PC_SHARE_SAL,2022,2021,0,2022-03-31,PT,0.242769
RBI:PRF_LNGNFC_INDUS_ANN_RN(1.0),N_A,51,AFY,SOI_HNR,SALES,2022,2021,0,2022-03-31,INR,115891500000
RBI:PRF_LNGNFC_INDUS_ANN_RN(1.0),N_A,51,AFY,SOI_HNR,SALES,2022,2021,0,2022-03-31,PT,73.3434
RBI:PRF_LNGNFC_INDUS_ANN_RN(1.0),N_A,24,AFY,SOI_HS,DEPRC,2022,2021,0,2022-03-31,PT,-2.2022
RBI:PRF_LNGNFC_INDUS_ANN_RN(1.0),N_A,24,AFY,SOI_HS,EBITDA,2022,2021,0,2022-03-31,PT,71.4206
RBI:PRF_LNGNFC_INDUS_ANN_RN(1.0),N_A,24,AFY,SOI_HS,EXPD,2022,2021,0,2022-03-31,PT,24.7229
RBI:PRF_LNGNFC_INDUS_ANN_RN(1.0),N_A,24,AFY,SOI_HS,GROSS_PFT_EBIT,2022,2021,0,2022-03-31,PT,140.189
RBI:PRF_LNGNFC_INDUS_ANN_RN(1.0),N_A,24,AFY,SOI_HS,INT,2022,2021,0,2022-03-31,PT,-16.1791
RBI:PRF_LNGNFC_INDUS_ANN_RN(1.0),N_A,24,AFY,SOI_HS,OPR_PFT,2022,2021,0,2022-03-31,PT,92.4178
RBI:PRF_LNGNFC_INDUS_ANN_RN(1.0),N_A,24,AFY,SOI_HS,OTH_INC,2022,2021,0,2022-03-31,PT,5.4032
RBI:PRF_LNGNFC_INDUS_ANN_RN(1.0),N_A,24,AFY,SOI_HS,PC_SHARE_SAL,2022,2021,0,2022-03-31,PT,0.356032
RBI:PRF_LNGNFC_INDUS_ANN_RN(1.0),N_A,24,AFY,SOI_HS,SALES,2022,2021,0,2022-03-31,INR,169960000000
RBI:PRF_LNGNFC_INDUS_ANN_RN(1.0),N_A,24,AFY,SOI_HS,SALES,2022,2021,0,2022-03-31,PT,34.8693
RBI:PRF_LNGNFC_INDUS_ANN_RN(1.0),N_A,24,AFY,SOI_HS,TAX_PROV,2022,2021,0,2022-03-31,PT,83.1053
RBI:PRF_LNGNFC_INDUS_ANN_RN(1.0),N_A,106,AFY,SOI_OTH,DEPRC,2022,2021,0,2022-03-31,PT,-1.3779
RBI:PRF_LNGNFC_INDUS_ANN_RN(1.0),N_A,106,AFY,SOI_OTH,EBITDA,2022,2021,0,2022-03-31,PT,20.5905
RBI:PRF_LNGNFC_INDUS_ANN_RN(1.0),N_A,106,AFY,SOI_OTH,EXPD,2022,2021,0,2022-03-31,PT,26.3434
RBI:PRF_LNGNFC_INDUS_ANN_RN(1.0),N_A,106,AFY,SOI_OTH,GROSS_PFT_EBIT,2022,2021,0,2022-03-31,PT,32.6068
RBI:PRF_LNGNFC_INDUS_ANN_RN(1.0),N_A,106,AFY,SOI_OTH,INT,2022,2021,0,2022-03-31,PT,-10.8412
RBI:PRF_LNGNFC_INDUS_ANN_RN(1.0),N_A,106,AFY,SOI_OTH,NET_PFT,2022,2021,0,2022-03-31,PT,108.0999
RBI:PRF_LNGNFC_INDUS_ANN_RN(1.0),N_A,106,AFY,SOI_OTH,OPR_PFT,2022,2021,0,2022-03-31,PT,42.7917
RBI:PRF_LNGNFC_INDUS_ANN_RN(1.0),N_A,106,AFY,SOI_OTH,OTH_INC,2022,2021,0,2022-03-31,PT,-16.8328
RBI:PRF_LNGNFC_INDUS_ANN_RN(1.0),N_A,106,AFY,SOI_OTH,PC_SHARE_SAL,2022,2021,0,2022-03-31,PT,0.689037
RBI:PRF_LNGNFC_INDUS_ANN_RN(1.0),N_A,106,AFY,SOI_OTH,SALES,2022,2021,0,2022-03-31,INR,328927800000
RBI:PRF_LNGNFC_INDUS_ANN_RN(1.0),N_A,106,AFY,SOI_OTH,SALES,2022,2021,0,2022-03-31,PT,27.7974
RBI:PRF_LNGNFC_INDUS_ANN_RN(1.0),N_A,106,AFY,SOI_OTH,TAX_PROV,2022,2021,0,2022-03-31,PT,38.6698
RBI:PRF_LNGNFC_INDUS_ANN_RN(1.0),N_A,66,AFY,SOI_RE,DEPRC,2022,2021,0,2022-03-31,PT,-1.353
RBI:PRF_LNGNFC_INDUS_ANN_RN(1.0),N_A,66,AFY,SOI_RE,EBITDA,2022,2021,0,2022-03-31,PT,44.1959
RBI:PRF_LNGNFC_INDUS_ANN_RN(1.0),N_A,66,AFY,SOI_RE,EXPD,2022,2021,0,2022-03-31,PT,28.3886
RBI:PRF_LNGNFC_INDUS_ANN_RN(1.0),N_A,66,AFY,SOI_RE,GROSS_PFT_EBIT,2022,2021,0,2022-03-31,PT,47.9601
RBI:PRF_LNGNFC_INDUS_ANN_RN(1.0),N_A,66,AFY,SOI_RE,INT,2022,2021,0,2022-03-31,PT,-5.1409
RBI:PRF_LNGNFC_INDUS_ANN_RN(1.0),N_A,66,AFY,SOI_RE,NET_PFT,2022,2021,0,2022-03-31,PT,93.6447
RBI:PRF_LNGNFC_INDUS_ANN_RN(1.0),N_A,66,AFY,SOI_RE,OPR_PFT,2022,2021,0,2022-03-31,PT,51.8742
RBI:PRF_LNGNFC_INDUS_ANN_RN(1.0),N_A,66,AFY,SOI_RE,OTH_INC,2022,2021,0,2022-03-31,PT,20.4939
RBI:PRF_LNGNFC_INDUS_ANN_RN(1.0),N_A,66,AFY,SOI_RE,PC_SHARE_SAL,2022,2021,0,2022-03-31,PT,0.316074
RBI:PRF_LNGNFC_INDUS_ANN_RN(1.0),N_A,66,AFY,SOI_RE,SALES,2022,2021,0,2022-03-31,INR,150885200000
RBI:PRF_LNGNFC_INDUS_ANN_RN(1.0),N_A,66,AFY,SOI_RE,SALES,2022,2021,0,2022-03-31,PT,30.2457
RBI:PRF_LNGNFC_INDUS_ANN_RN(1.0),N_A,66,AFY,SOI_RE,TAX_PROV,2022,2021,0,2022-03-31,PT,99.7338
RBI:PRF_LNGNFC_INDUS_ANN_RN(1.0),N_A,12,AFY,SOI_TCOMM,DEPRC,2022,2021,0,2022-03-31,PT,5.2399
RBI:PRF_LNGNFC_INDUS_ANN_RN(1.0),N_A,12,AFY,SOI_TCOMM,EBITDA,2022,2021,0,2022-03-31,PT,10.1636
RBI:PRF_LNGNFC_INDUS_ANN_RN(1.0),N_A,12,AFY,SOI_TCOMM,EXPD,2022,2021,0,2022-03-31,PT,-3.9444
RBI:PRF_LNGNFC_INDUS_ANN_RN(1.0),N_A,12,AFY,SOI_TCOMM,GROSS_PFT_EBIT,2022,2021,0,2022-03-31,PT,86.3162
RBI:PRF_LNGNFC_INDUS_ANN_RN(1.0),N_A,12,AFY,SOI_TCOMM,INT,2022,2021,0,2022-03-31,PT,16.5726
RBI:PRF_LNGNFC_INDUS_ANN_RN(1.0),N_A,12,AFY,SOI_TCOMM,OPR_PFT,2022,2021,0,2022-03-31,PT,12.7302
RBI:PRF_LNGNFC_INDUS_ANN_RN(1.0),N_A,12,AFY,SOI_TCOMM,OTH_INC,2022,2021,0,2022-03-31,PT,-28.9601
RBI:PRF_LNGNFC_INDUS_ANN_RN(1.0),N_A,12,AFY,SOI_TCOMM,PC_SHARE_SAL,2022,2021,0,2022-03-31,PT,2.509141
RBI:PRF_LNGNFC_INDUS_ANN_RN(1.0),N_A,12,AFY,SOI_TCOMM,SALES,2022,2021,0,2022-03-31,INR,1197796400000
RBI:PRF_LNGNFC_INDUS_ANN_RN(1.0),N_A,12,AFY,SOI_TCOMM,SALES,2022,2021,0,2022-03-31,PT,2.7466
RBI:PRF_LNGNFC_INDUS_ANN_RN(1.0),N_A,12,AFY,SOI_TCOMM,TAX_PROV,2022,2021,0,2022-03-31,PT,137.0445
RBI:PRF_LNGNFC_INDUS_ANN_RN(1.0),N_A,58,AFY,SOI_TSS,DEPRC,2022,2021,0,2022-03-31,PT,4.1125
RBI:PRF_LNGNFC_INDUS_ANN_RN(1.0),N_A,58,AFY,SOI_TSS,EBITDA,2022,2021,0,2022-03-31,PT,-2.2822
RBI:PRF_LNGNFC_INDUS_ANN_RN(1.0),N_A,58,AFY,SOI_TSS,EXPD,2022,2021,0,2022-03-31,PT,47.9369
RBI:PRF_LNGNFC_INDUS_ANN_RN(1.0),N_A,58,AFY,SOI_TSS,GROSS_PFT_EBIT,2022,2021,0,2022-03-31,PT,-13.8573
RBI:PRF_LNGNFC_INDUS_ANN_RN(1.0),N_A,58,AFY,SOI_TSS,INT,2022,2021,0,2022-03-31,PT,2.8774
RBI:PRF_LNGNFC_INDUS_ANN_RN(1.0),N_A,58,AFY,SOI_TSS,OPR_PFT,2022,2021,0,2022-03-31,PT,7.5627
RBI:PRF_LNGNFC_INDUS_ANN_RN(1.0),N_A,58,AFY,SOI_TSS,OTH_INC,2022,2021,0,2022-03-31,PT,-13.1716
RBI:PRF_LNGNFC_INDUS_ANN_RN(1.0),N_A,58,AFY,SOI_TSS,PC_SHARE_SAL,2022,2021,0,2022-03-31,PT,1.29828
RBI:PRF_LNGNFC_INDUS_ANN_RN(1.0),N_A,58,AFY,SOI_TSS,SALES,2022,2021,0,2022-03-31,INR,619763800000
RBI:PRF_LNGNFC_INDUS_ANN_RN(1.0),N_A,58,AFY,SOI_TSS,SALES,2022,2021,0,2022-03-31,PT,42.3691
RBI:PRF_LNGNFC_INDUS_ANN_RN(1.0),N_A,58,AFY,SOI_TSS,TAX_PROV,2022,2021,0,2022-03-31,PT,-31.9063
RBI:PRF_LNGNFC_INDUS_ANN_RN(1.0),N_A,42,AFY,SOI_VTPB,DEPRC,2022,2021,0,2022-03-31,PT,-6.2201
RBI:PRF_LNGNFC_INDUS_ANN_RN(1.0),N_A,42,AFY,SOI_VTPB,EBITDA,2022,2021,0,2022-03-31,PT,20.9167
RBI:PRF_LNGNFC_INDUS_ANN_RN(1.0),N_A,42,AFY,SOI_VTPB,EXPD,2022,2021,0,2022-03-31,PT,19.7104
RBI:PRF_LNGNFC_INDUS_ANN_RN(1.0),N_A,42,AFY,SOI_VTPB,GROSS_PFT_EBIT,2022,2021,0,2022-03-31,PT,34.2663
RBI:PRF_LNGNFC_INDUS_ANN_RN(1.0),N_A,42,AFY,SOI_VTPB,INT,2022,2021,0,2022-03-31,PT,-6.7908
RBI:PRF_LNGNFC_INDUS_ANN_RN(1.0),N_A,42,AFY,SOI_VTPB,NET_PFT,2022,2021,0,2022-03-31,PT,72.1285
RBI:PRF_LNGNFC_INDUS_ANN_RN(1.0),N_A,42,AFY,SOI_VTPB,OPR_PFT,2022,2021,0,2022-03-31,PT,37.7755
RBI:PRF_LNGNFC_INDUS_ANN_RN(1.0),N_A,42,AFY,SOI_VTPB,OTH_INC,2022,2021,0,2022-03-31,PT,-29.4297
RBI:PRF_LNGNFC_INDUS_ANN_RN(1.0),N_A,42,AFY,SOI_VTPB,PC_SHARE_SAL,2022,2021,0,2022-03-31,PT,0.365603
RBI:PRF_LNGNFC_INDUS_ANN_RN(1.0),N_A,42,AFY,SOI_VTPB,SALES,2022,2021,0,2022-03-31,INR,174529100000
RBI:PRF_LNGNFC_INDUS_ANN_RN(1.0),N_A,42,AFY,SOI_VTPB,SALES,2022,2021,0,2022-03-31,PT,23.6785
RBI:PRF_LNGNFC_INDUS_ANN_RN(1.0),N_A,42,AFY,SOI_VTPB,TAX_PROV,2022,2021,0,2022-03-31,PT,-28.6882
RBI:PRF_LNGNFC_INDUS_ANN_RN(1.0),N_A,304,AFY,SOI_WRT,DEPRC,2022,2021,0,2022-03-31,PT,3.221
RBI:PRF_LNGNFC_INDUS_ANN_RN(1.0),N_A,304,AFY,SOI_WRT,EBITDA,2022,2021,0,2022-03-31,PT,44.5034
RBI:PRF_LNGNFC_INDUS_ANN_RN(1.0),N_A,304,AFY,SOI_WRT,EXPD,2022,2021,0,2022-03-31,PT,53.7991
RBI:PRF_LNGNFC_INDUS_ANN_RN(1.0),N_A,304,AFY,SOI_WRT,GROSS_PFT_EBIT,2022,2021,0,2022-03-31,PT,61.5097
RBI:PRF_LNGNFC_INDUS_ANN_RN(1.0),N_A,304,AFY,SOI_WRT,INT,2022,2021,0,2022-03-31,PT,47.8556
RBI:PRF_LNGNFC_INDUS_ANN_RN(1.0),N_A,304,AFY,SOI_WRT,NET_PFT,2022,2021,0,2022-03-31,PT,108.1733
RBI:PRF_LNGNFC_INDUS_ANN_RN(1.0),N_A,304,AFY,SOI_WRT,OPR_PFT,2022,2021,0,2022-03-31,PT,13.9947
RBI:PRF_LNGNFC_INDUS_ANN_RN(1.0),N_A,304,AFY,SOI_WRT,OTH_INC,2022,2021,0,2022-03-31,PT,97.8467
RBI:PRF_LNGNFC_INDUS_ANN_RN(1.0),N_A,304,AFY,SOI_WRT,PC_SHARE_SAL,2022,2021,0,2022-03-31,PT,3.072857
RBI:PRF_LNGNFC_INDUS_ANN_RN(1.0),N_A,304,AFY,SOI_WRT,SALES,2022,2021,0,2022-03-31,INR,1466899400000
RBI:PRF_LNGNFC_INDUS_ANN_RN(1.0),N_A,304,AFY,SOI_WRT,SALES,2022,2021,0,2022-03-31,PT,44.5055
RBI:PRF_LNGNFC_INDUS_ANN_RN(1.0),N_A,304,AFY,SOI_WRT,TAX_PROV,2022,2021,0,2022-03-31,PT,69.171
RBI:PRF_LNGNFC_INDUS_ANN_RN(1.0),N_A,40,AFY,AGR_REL_ACT,DEPRC,2023,2022,0,2023-03-31,PT,-0.1566
RBI:PRF_LNGNFC_INDUS_ANN_RN(1.0),N_A,40,AFY,AGR_REL_ACT,EBITDA,2023,2022,0,2023-03-31,PT,-12.1418
RBI:PRF_LNGNFC_INDUS_ANN_RN(1.0),N_A,40,AFY,AGR_REL_ACT,EXPD,2023,2022,0,2023-03-31,PT,5.401
RBI:PRF_LNGNFC_INDUS_ANN_RN(1.0),N_A,40,AFY,AGR_REL_ACT,GROSS_PFT_EBIT,2023,2022,0,2023-03-31,PT,-15.7537
RBI:PRF_LNGNFC_INDUS_ANN_RN(1.0),N_A,40,AFY,AGR_REL_ACT,INT,2023,2022,0,2023-03-31,PT,11.7608
RBI:PRF_LNGNFC_INDUS_ANN_RN(1.0),N_A,40,AFY,AGR_REL_ACT,OPR_PFT,2023,2022,0,2023-03-31,PT,-13.4822
RBI:PRF_LNGNFC_INDUS_ANN_RN(1.0),N_A,40,AFY,AGR_REL_ACT,OTH_INC,2023,2022,0,2023-03-31,PT,-7.3704
RBI:PRF_LNGNFC_INDUS_ANN_RN(1.0),N_A,40,AFY,AGR_REL_ACT,PC_SHARE_SAL,2023,2022,0,2023-03-31,PT,0.225733
RBI:PRF_LNGNFC_INDUS_ANN_RN(1.0),N_A,40,AFY,AGR_REL_ACT,SALES,2023,2022,0,2023-03-31,INR,130666600000
RBI:PRF_LNGNFC_INDUS_ANN_RN(1.0),N_A,40,AFY,AGR_REL_ACT,SALES,2023,2022,0,2023-03-31,PT,2.0992
RBI:PRF_LNGNFC_INDUS_ANN_RN(1.0),N_A,40,AFY,AGR_REL_ACT,TAX_PROV,2023,2022,0,2023-03-31,PT,-35.395
RBI:PRF_LNGNFC_INDUS_ANN_RN(1.0),N_A,25,AFY,AGR_REL_ACT_OTH,DEPRC,2023,2022,0,2023-03-31,PT,2.4085
RBI:PRF_LNGNFC_INDUS_ANN_RN(1.0),N_A,25,AFY,AGR_REL_ACT_OTH,EBITDA,2023,2022,0,2023-03-31,PT,-3.7528
RBI:PRF_LNGNFC_INDUS_ANN_RN(1.0),N_A,25,AFY,AGR_REL_ACT_OTH,EXPD,2023,2022,0,2023-03-31,PT,3.2571
RBI:PRF_LNGNFC_INDUS_ANN_RN(1.0),N_A,25,AFY,AGR_REL_ACT_OTH,GROSS_PFT_EBIT,2023,2022,0,2023-03-31,PT,-4.9072
RBI:PRF_LNGNFC_INDUS_ANN_RN(1.0),N_A,25,AFY,AGR_REL_ACT_OTH,INT,2023,2022,0,2023-03-31,PT,9.4473
RBI:PRF_LNGNFC_INDUS_ANN_RN(1.0),N_A,25,AFY,AGR_REL_ACT_OTH,NET_PFT,2023,2022,0,2023-03-31,PT,14.2504
RBI:PRF_LNGNFC_INDUS_ANN_RN(1.0),N_A,25,AFY,AGR_REL_ACT_OTH,OPR_PFT,2023,2022,0,2023-03-31,PT,-7.8679
RBI:PRF_LNGNFC_INDUS_ANN_RN(1.0),N_A,25,AFY,AGR_REL_ACT_OTH,OTH_INC,2023,2022,0,2023-03-31,PT,20.9803
RBI:PRF_LNGNFC_INDUS_ANN_RN(1.0),N_A,25,AFY,AGR_REL_ACT_OTH,PC_SHARE_SAL,2023,2022,0,2023-03-31,PT,0.157305
RBI:PRF_LNGNFC_INDUS_ANN_RN(1.0),N_A,25,AFY,AGR_REL_ACT_OTH,SALES,2023,2022,0,2023-03-31,INR,91056700000
RBI:PRF_LNGNFC_INDUS_ANN_RN(1.0),N_A,25,AFY,AGR_REL_ACT_OTH,SALES,2023,2022,0,2023-03-31,PT,1.0987
RBI:PRF_LNGNFC_INDUS_ANN_RN(1.0),N_A,25,AFY,AGR_REL_ACT_OTH,TAX_PROV,2023,2022,0,2023-03-31,PT,-32.4205
RBI:PRF_LNGNFC_INDUS_ANN_RN(1.0),N_A,15,AFY,ARA_TCP,DEPRC,2023,2022,0,2023-03-31,PT,-2.6672
RBI:PRF_LNGNFC_INDUS_ANN_RN(1.0),N_A,15,AFY,ARA_TCP,EBITDA,2023,2022,0,2023-03-31,PT,-34.3648
RBI:PRF_LNGNFC_INDUS_ANN_RN(1.0),N_A,15,AFY,ARA_TCP,EXPD,2023,2022,0,2023-03-31,PT,10.3342
RBI:PRF_LNGNFC_INDUS_ANN_RN(1.0),N_A,15,AFY,ARA_TCP,GROSS_PFT_EBIT,2023,2022,0,2023-03-31,PT,-57.9917
RBI:PRF_LNGNFC_INDUS_ANN_RN(1.0),N_A,15,AFY,ARA_TCP,INT,2023,2022,0,2023-03-31,PT,12.765
RBI:PRF_LNGNFC_INDUS_ANN_RN(1.0),N_A,15,AFY,ARA_TCP,OPR_PFT,2023,2022,0,2023-03-31,PT,-35.5587
RBI:PRF_LNGNFC_INDUS_ANN_RN(1.0),N_A,15,AFY,ARA_TCP,OTH_INC,2023,2022,0,2023-03-31,PT,-32.7324
RBI:PRF_LNGNFC_INDUS_ANN_RN(1.0),N_A,15,AFY,ARA_TCP,PC_SHARE_SAL,2023,2022,0,2023-03-31,PT,0.068428
RBI:PRF_LNGNFC_INDUS_ANN_RN(1.0),N_A,15,AFY,ARA_TCP,SALES,2023,2022,0,2023-03-31,INR,39609900000
RBI:PRF_LNGNFC_INDUS_ANN_RN(1.0),N_A,15,AFY,ARA_TCP,SALES,2023,2022,0,2023-03-31,PT,4.4758
RBI:PRF_LNGNFC_INDUS_ANN_RN(1.0),N_A,15,AFY,ARA_TCP,TAX_PROV,2023,2022,0,2023-03-31,PT,-52.6472
RBI:PRF_LNGNFC_INDUS_ANN_RN(1.0),N_A,181,AFY,CONSTRN,DEPRC,2023,2022,0,2023-03-31,PT,3.9057
RBI:PRF_LNGNFC_INDUS_ANN_RN(1.0),N_A,181,AFY,CONSTRN,EBITDA,2023,2022,0,2023-03-31,PT,3.5102
RBI:PRF_LNGNFC_INDUS_ANN_RN(1.0),N_A,181,AFY,CONSTRN,EXPD,2023,2022,0,2023-03-31,PT,16.455
RBI:PRF_LNGNFC_INDUS_ANN_RN(1.0),N_A,181,AFY,CONSTRN,GROSS_PFT_EBIT,2023,2022,0,2023-03-31,PT,3.4436
RBI:PRF_LNGNFC_INDUS_ANN_RN(1.0),N_A,181,AFY,CONSTRN,INT,2023,2022,0,2023-03-31,PT,18.1175
RBI:PRF_LNGNFC_INDUS_ANN_RN(1.0),N_A,181,AFY,CONSTRN,NET_PFT,2023,2022,0,2023-03-31,PT,-31.3799
RBI:PRF_LNGNFC_INDUS_ANN_RN(1.0),N_A,181,AFY,CONSTRN,OPR_PFT,2023,2022,0,2023-03-31,PT,8.6894
RBI:PRF_LNGNFC_INDUS_ANN_RN(1.0),N_A,181,AFY,CONSTRN,OTH_INC,2023,2022,0,2023-03-31,PT,-7.5969
RBI:PRF_LNGNFC_INDUS_ANN_RN(1.0),N_A,181,AFY,CONSTRN,PC_SHARE_SAL,2023,2022,0,2023-03-31,PT,5.041956
RBI:PRF_LNGNFC_INDUS_ANN_RN(1.0),N_A,181,AFY,CONSTRN,SALES,2023,2022,0,2023-03-31,INR,2918554800000
RBI:PRF_LNGNFC_INDUS_ANN_RN(1.0),N_A,181,AFY,CONSTRN,SALES,2023,2022,0,2023-03-31,PT,12.8369
RBI:PRF_LNGNFC_INDUS_ANN_RN(1.0),N_A,181,AFY,CONSTRN,TAX_PROV,2023,2022,0,2023-03-31,PT,4.4842
RBI:PRF_LNGNFC_INDUS_ANN_RN(1.0),N_A,33,AFY,ELC_GAS_SPLY,DEPRC,2023,2022,0,2023-03-31,PT,0.0944
RBI:PRF_LNGNFC_INDUS_ANN_RN(1.0),N_A,33,AFY,ELC_GAS_SPLY,EBITDA,2023,2022,0,2023-03-31,PT,10.1523
RBI:PRF_LNGNFC_INDUS_ANN_RN(1.0),N_A,33,AFY,ELC_GAS_SPLY,EXPD,2023,2022,0,2023-03-31,PT,34.2056
RBI:PRF_LNGNFC_INDUS_ANN_RN(1.0),N_A,33,AFY,ELC_GAS_SPLY,GROSS_PFT_EBIT,2023,2022,0,2023-03-31,PT,13.2156
RBI:PRF_LNGNFC_INDUS_ANN_RN(1.0),N_A,33,AFY,ELC_GAS_SPLY,INT,2023,2022,0,2023-03-31,PT,-5.0608
RBI:PRF_LNGNFC_INDUS_ANN_RN(1.0),N_A,33,AFY,ELC_GAS_SPLY,NET_PFT,2023,2022,0,2023-03-31,PT,65.0239
RBI:PRF_LNGNFC_INDUS_ANN_RN(1.0),N_A,33,AFY,ELC_GAS_SPLY,OPR_PFT,2023,2022,0,2023-03-31,PT,3.8592
RBI:PRF_LNGNFC_INDUS_ANN_RN(1.0),N_A,33,AFY,ELC_GAS_SPLY,OTH_INC,2023,2022,0,2023-03-31,PT,23.3233
RBI:PRF_LNGNFC_INDUS_ANN_RN(1.0),N_A,33,AFY,ELC_GAS_SPLY,PC_SHARE_SAL,2023,2022,0,2023-03-31,PT,2.307955
RBI:PRF_LNGNFC_INDUS_ANN_RN(1.0),N_A,33,AFY,ELC_GAS_SPLY,SALES,2023,2022,0,2023-03-31,INR,1335968400000
RBI:PRF_LNGNFC_INDUS_ANN_RN(1.0),N_A,33,AFY,ELC_GAS_SPLY,SALES,2023,2022,0,2023-03-31,PT,33.7409
RBI:PRF_LNGNFC_INDUS_ANN_RN(1.0),N_A,33,AFY,ELC_GAS_SPLY,TAX_PROV,2023,2022,0,2023-03-31,PT,-46.2408
RBI:PRF_LNGNFC_INDUS_ANN_RN(1.0),N_A,3115,AFY,INDS_GRP_ALL_COMP,DEPRC,2023,2022,0,2023-03-31,PT,5.9489
RBI:PRF_LNGNFC_INDUS_ANN_RN(1.0),N_A,3115,AFY,INDS_GRP_ALL_COMP,EBITDA,2023,2022,0,2023-03-31,PT,4.7632
RBI:PRF_LNGNFC_INDUS_ANN_RN(1.0),N_A,3115,AFY,INDS_GRP_ALL_COMP,EXPD,2023,2022,0,2023-03-31,PT,21.9712
RBI:PRF_LNGNFC_INDUS_ANN_RN(1.0),N_A,3115,AFY,INDS_GRP_ALL_COMP,GROSS_PFT_EBIT,2023,2022,0,2023-03-31,PT,4.4385
RBI:PRF_LNGNFC_INDUS_ANN_RN(1.0),N_A,3115,AFY,INDS_GRP_ALL_COMP,INT,2023,2022,0,2023-03-31,PT,15.0029
RBI:PRF_LNGNFC_INDUS_ANN_RN(1.0),N_A,3115,AFY,INDS_GRP_ALL_COMP,NET_PFT,2023,2022,0,2023-03-31,PT,-0.226
RBI:PRF_LNGNFC_INDUS_ANN_RN(1.0),N_A,3115,AFY,INDS_GRP_ALL_COMP,OPR_PFT,2023,2022,0,2023-03-31,PT,2.6882
RBI:PRF_LNGNFC_INDUS_ANN_RN(1.0),N_A,3115,AFY,INDS_GRP_ALL_COMP,OTH_INC,2023,2022,0,2023-03-31,PT,17.2723
RBI:PRF_LNGNFC_INDUS_ANN_RN(1.0),N_A,3115,AFY,INDS_GRP_ALL_COMP,PC_SHARE_SAL,2023,2022,0,2023-03-31,PT,100.0
RBI:PRF_LNGNFC_INDUS_ANN_RN(1.0),N_A,3115,AFY,INDS_GRP_ALL_COMP,SALES,2023,2022,0,2023-03-31,INR,57885365800000
RBI:PRF_LNGNFC_INDUS_ANN_RN(1.0),N_A,3115,AFY,INDS_GRP_ALL_COMP,SALES,2023,2022,0,2023-03-31,PT,19.7994
RBI:PRF_LNGNFC_INDUS_ANN_RN(1.0),N_A,3115,AFY,INDS_GRP_ALL_COMP,TAX_PROV,2023,2022,0,2023-03-31,PT,4.5709
RBI:PRF_LNGNFC_INDUS_ANN_RN(1.0),N_A,215,AFY,IT_CSRS,DEPRC,2023,2022,0,2023-03-31,PT,10.005
RBI:PRF_LNGNFC_INDUS_ANN_RN(1.0),N_A,215,AFY,IT_CSRS,EBITDA,2023,2022,0,2023-03-31,PT,4.8819
RBI:PRF_LNGNFC_INDUS_ANN_RN(1.0),N_A,215,AFY,IT_CSRS,EXPD,2023,2022,0,2023-03-31,PT,22.8228
RBI:PRF_LNGNFC_INDUS_ANN_RN(1.0),N_A,215,AFY,IT_CSRS,GROSS_PFT_EBIT,2023,2022,0,2023-03-31,PT,4.3364
RBI:PRF_LNGNFC_INDUS_ANN_RN(1.0),N_A,215,AFY,IT_CSRS,INT,2023,2022,0,2023-03-31,PT,26.2819
RBI:PRF_LNGNFC_INDUS_ANN_RN(1.0),N_A,215,AFY,IT_CSRS,NET_PFT,2023,2022,0,2023-03-31,PT,-0.4165
RBI:PRF_LNGNFC_INDUS_ANN_RN(1.0),N_A,215,AFY,IT_CSRS,OPR_PFT,2023,2022,0,2023-03-31,PT,8.8208
RBI:PRF_LNGNFC_INDUS_ANN_RN(1.0),N_A,215,AFY,IT_CSRS,OTH_INC,2023,2022,0,2023-03-31,PT,-16.5005
RBI:PRF_LNGNFC_INDUS_ANN_RN(1.0),N_A,215,AFY,IT_CSRS,PC_SHARE_SAL,2023,2022,0,2023-03-31,PT,10.346815
RBI:PRF_LNGNFC_INDUS_ANN_RN(1.0),N_A,215,AFY,IT_CSRS,SALES,2023,2022,0,2023-03-31,INR,5989291800000
RBI:PRF_LNGNFC_INDUS_ANN_RN(1.0),N_A,215,AFY,IT_CSRS,SALES,2023,2022,0,2023-03-31,PT,19.3673
RBI:PRF_LNGNFC_INDUS_ANN_RN(1.0),N_A,215,AFY,IT_CSRS,TAX_PROV,2023,2022,0,2023-03-31,PT,9.6526
RBI:PRF_LNGNFC_INDUS_ANN_RN(1.0),N_A,32,AFY,MIN_N_QUARY,DEPRC,2023,2022,0,2023-03-31,PT,3.131
RBI:PRF_LNGNFC_INDUS_ANN_RN(1.0),N_A,32,AFY,MIN_N_QUARY,EBITDA,2023,2022,0,2023-03-31,PT,-10.5679
RBI:PRF_LNGNFC_INDUS_ANN_RN(1.0),N_A,32,AFY,MIN_N_QUARY,EXPD,2023,2022,0,2023-03-31,PT,37.9432
RBI:PRF_LNGNFC_INDUS_ANN_RN(1.0),N_A,32,AFY,MIN_N_QUARY,GROSS_PFT_EBIT,2023,2022,0,2023-03-31,PT,-12.8426
RBI:PRF_LNGNFC_INDUS_ANN_RN(1.0),N_A,32,AFY,MIN_N_QUARY,INT,2023,2022,0,2023-03-31,PT,3.1072
RBI:PRF_LNGNFC_INDUS_ANN_RN(1.0),N_A,32,AFY,MIN_N_QUARY,NET_PFT,2023,2022,0,2023-03-31,PT,-12.6715
RBI:PRF_LNGNFC_INDUS_ANN_RN(1.0),N_A,32,AFY,MIN_N_QUARY,OPR_PFT,2023,2022,0,2023-03-31,PT,-16.3422
RBI:PRF_LNGNFC_INDUS_ANN_RN(1.0),N_A,32,AFY,MIN_N_QUARY,OTH_INC,2023,2022,0,2023-03-31,PT,66.3515
RBI:PRF_LNGNFC_INDUS_ANN_RN(1.0),N_A,32,AFY,MIN_N_QUARY,PC_SHARE_SAL,2023,2022,0,2023-03-31,PT,1.195689
RBI:PRF_LNGNFC_INDUS_ANN_RN(1.0),N_A,32,AFY,MIN_N_QUARY,SALES,2023,2022,0,2023-03-31,INR,692129100000
RBI:PRF_LNGNFC_INDUS_ANN_RN(1.0),N_A,32,AFY,MIN_N_QUARY,SALES,2023,2022,0,2023-03-31,PT,30.7729
RBI:PRF_LNGNFC_INDUS_ANN_RN(1.0),N_A,32,AFY,MIN_N_QUARY,TAX_PROV,2023,2022,0,2023-03-31,PT,-8.1896
RBI:PRF_LNGNFC_INDUS_ANN_RN(1.0),N_A,1821,AFY,MNF,DEPRC,2023,2022,0,2023-03-31,PT,7.1502
RBI:PRF_LNGNFC_INDUS_ANN_RN(1.0),N_A,1821,AFY,MNF,EBITDA,2023,2022,0,2023-03-31,PT,2.1151
RBI:PRF_LNGNFC_INDUS_ANN_RN(1.0),N_A,1821,AFY,MNF,EXPD,2023,2022,0,2023-03-31,PT,19.872
RBI:PRF_LNGNFC_INDUS_ANN_RN(1.0),N_A,1821,AFY,MNF,GROSS_PFT_EBIT,2023,2022,0,2023-03-31,PT,1.0598
RBI:PRF_LNGNFC_INDUS_ANN_RN(1.0),N_A,1821,AFY,MNF,INT,2023,2022,0,2023-03-31,PT,22.9329
RBI:PRF_LNGNFC_INDUS_ANN_RN(1.0),N_A,1821,AFY,MNF,NET_PFT,2023,2022,0,2023-03-31,PT,-3.7598
RBI:PRF_LNGNFC_INDUS_ANN_RN(1.0),N_A,1821,AFY,MNF,OPR_PFT,2023,2022,0,2023-03-31,PT,-1.2009
RBI:PRF_LNGNFC_INDUS_ANN_RN(1.0),N_A,1821,AFY,MNF,OTH_INC,2023,2022,0,2023-03-31,PT,25.9561
RBI:PRF_LNGNFC_INDUS_ANN_RN(1.0),N_A,1821,AFY,MNF,PC_SHARE_SAL,2023,2022,0,2023-03-31,PT,69.806219
RBI:PRF_LNGNFC_INDUS_ANN_RN(1.0),N_A,1821,AFY,MNF,SALES,2023,2022,0,2023-03-31,INR,40407585500000
RBI:PRF_LNGNFC_INDUS_ANN_RN(1.0),N_A,1821,AFY,MNF,SALES,2023,2022,0,2023-03-31,PT,18.0375
RBI:PRF_LNGNFC_INDUS_ANN_RN(1.0),N_A,1821,AFY,MNF,TAX_PROV,2023,2022,0,2023-03-31,PT,3.4036
RBI:PRF_LNGNFC_INDUS_ANN_RN(1.0),N_A,38,AFY,MNF_CCP,DEPRC,2023,2022,0,2023-03-31,PT,15.4168
RBI:PRF_LNGNFC_INDUS_ANN_RN(1.0),N_A,38,AFY,MNF_CCP,EBITDA,2023,2022,0,2023-03-31,PT,-19.1388
RBI:PRF_LNGNFC_INDUS_ANN_RN(1.0),N_A,38,AFY,MNF_CCP,EXPD,2023,2022,0,2023-03-31,PT,24.5278
RBI:PRF_LNGNFC_INDUS_ANN_RN(1.0),N_A,38,AFY,MNF_CCP,GROSS_PFT_EBIT,2023,2022,0,2023-03-31,PT,-29.8321
RBI:PRF_LNGNFC_INDUS_ANN_RN(1.0),N_A,38,AFY,MNF_CCP,INT,2023,2022,0,2023-03-31,PT,9.0136
RBI:PRF_LNGNFC_INDUS_ANN_RN(1.0),N_A,38,AFY,MNF_CCP,NET_PFT,2023,2022,0,2023-03-31,PT,-39.6073
RBI:PRF_LNGNFC_INDUS_ANN_RN(1.0),N_A,38,AFY,MNF_CCP,OPR_PFT,2023,2022,0,2023-03-31,PT,-23.1736
RBI:PRF_LNGNFC_INDUS_ANN_RN(1.0),N_A,38,AFY,MNF_CCP,OTH_INC,2023,2022,0,2023-03-31,PT,25.3345
RBI:PRF_LNGNFC_INDUS_ANN_RN(1.0),N_A,38,AFY,MNF_CCP,PC_SHARE_SAL,2023,2022,0,2023-03-31,PT,3.310867
RBI:PRF_LNGNFC_INDUS_ANN_RN(1.0),N_A,38,AFY,MNF_CCP,SALES,2023,2022,0,2023-03-31,INR,1916507700000
RBI:PRF_LNGNFC_INDUS_ANN_RN(1.0),N_A,38,AFY,MNF_CCP,SALES,2023,2022,0,2023-03-31,PT,16.1787
RBI:PRF_LNGNFC_INDUS_ANN_RN(1.0),N_A,38,AFY,MNF_CCP,TAX_PROV,2023,2022,0,2023-03-31,PT,-20.6025
RBI:PRF_LNGNFC_INDUS_ANN_RN(1.0),N_A,43,AFY,MNF_CEE,DEPRC,2023,2022,0,2023-03-31,PT,10.0788
RBI:PRF_LNGNFC_INDUS_ANN_RN(1.0),N_A,43,AFY,MNF_CEE,EBITDA,2023,2022,0,2023-03-31,PT,35.2018
RBI:PRF_LNGNFC_INDUS_ANN_RN(1.0),N_A,43,AFY,MNF_CEE,EXPD,2023,2022,0,2023-03-31,PT,6.3021
RBI:PRF_LNGNFC_INDUS_ANN_RN(1.0),N_A,43,AFY,MNF_CEE,GROSS_PFT_EBIT,2023,2022,0,2023-03-31,PT,40.3826
RBI:PRF_LNGNFC_INDUS_ANN_RN(1.0),N_A,43,AFY,MNF_CEE,INT,2023,2022,0,2023-03-31,PT,8.256
RBI:PRF_LNGNFC_INDUS_ANN_RN(1.0),N_A,43,AFY,MNF_CEE,NET_PFT,2023,2022,0,2023-03-31,PT,27.7926
RBI:PRF_LNGNFC_INDUS_ANN_RN(1.0),N_A,43,AFY,MNF_CEE,OPR_PFT,2023,2022,0,2023-03-31,PT,32.7543
RBI:PRF_LNGNFC_INDUS_ANN_RN(1.0),N_A,43,AFY,MNF_CEE,OTH_INC,2023,2022,0,2023-03-31,PT,52.469
RBI:PRF_LNGNFC_INDUS_ANN_RN(1.0),N_A,43,AFY,MNF_CEE,PC_SHARE_SAL,2023,2022,0,2023-03-31,PT,0.338275
RBI:PRF_LNGNFC_INDUS_ANN_RN(1.0),N_A,43,AFY,MNF_CEE,SALES,2023,2022,0,2023-03-31,INR,195811800000
RBI:PRF_LNGNFC_INDUS_ANN_RN(1.0),N_A,43,AFY,MNF_CEE,SALES,2023,2022,0,2023-03-31,PT,8.5002
RBI:PRF_LNGNFC_INDUS_ANN_RN(1.0),N_A,43,AFY,MNF_CEE,TAX_PROV,2023,2022,0,2023-03-31,PT,39.2224
RBI:PRF_LNGNFC_INDUS_ANN_RN(1.0),N_A,257,AFY,MNF_CHM_PRD,DEPRC,2023,2022,0,2023-03-31,PT,8.4391
RBI:PRF_LNGNFC_INDUS_ANN_RN(1.0),N_A,257,AFY,MNF_CHM_PRD,EBITDA,2023,2022,0,2023-03-31,PT,8.2392
RBI:PRF_LNGNFC_INDUS_ANN_RN(1.0),N_A,257,AFY,MNF_CHM_PRD,EXPD,2023,2022,0,2023-03-31,PT,20.2572
RBI:PRF_LNGNFC_INDUS_ANN_RN(1.0),N_A,257,AFY,MNF_CHM_PRD,GROSS_PFT_EBIT,2023,2022,0,2023-03-31,PT,8.2062
RBI:PRF_LNGNFC_INDUS_ANN_RN(1.0),N_A,257,AFY,MNF_CHM_PRD,INT,2023,2022,0,2023-03-31,PT,41.6625
RBI:PRF_LNGNFC_INDUS_ANN_RN(1.0),N_A,257,AFY,MNF_CHM_PRD,NET_PFT,2023,2022,0,2023-03-31,PT,5.3352
RBI:PRF_LNGNFC_INDUS_ANN_RN(1.0),N_A,257,AFY,MNF_CHM_PRD,OPR_PFT,2023,2022,0,2023-03-31,PT,7.3118
RBI:PRF_LNGNFC_INDUS_ANN_RN(1.0),N_A,257,AFY,MNF_CHM_PRD,OTH_INC,2023,2022,0,2023-03-31,PT,17.7677
RBI:PRF_LNGNFC_INDUS_ANN_RN(1.0),N_A,257,AFY,MNF_CHM_PRD,PC_SHARE_SAL,2023,2022,0,2023-03-31,PT,9.083024
RBI:PRF_LNGNFC_INDUS_ANN_RN(1.0),N_A,257,AFY,MNF_CHM_PRD,SALES,2023,2022,0,2023-03-31,INR,5257741700000
RBI:PRF_LNGNFC_INDUS_ANN_RN(1.0),N_A,257,AFY,MNF_CHM_PRD,SALES,2023,2022,0,2023-03-31,PT,20.3723
RBI:PRF_LNGNFC_INDUS_ANN_RN(1.0),N_A,257,AFY,MNF_CHM_PRD,TAX_PROV,2023,2022,0,2023-03-31,PT,7.4884
RBI:PRF_LNGNFC_INDUS_ANN_RN(1.0),N_A,124,AFY,MNF_CP_BASIC,DEPRC,2023,2022,0,2023-03-31,PT,15.09
RBI:PRF_LNGNFC_INDUS_ANN_RN(1.0),N_A,124,AFY,MNF_CP_BASIC,EBITDA,2023,2022,0,2023-03-31,PT,14.1903
RBI:PRF_LNGNFC_INDUS_ANN_RN(1.0),N_A,124,AFY,MNF_CP_BASIC,EXPD,2023,2022,0,2023-03-31,PT,17.6685
RBI:PRF_LNGNFC_INDUS_ANN_RN(1.0),N_A,124,AFY,MNF_CP_BASIC,GROSS_PFT_EBIT,2023,2022,0,2023-03-31,PT,14.0188
RBI:PRF_LNGNFC_INDUS_ANN_RN(1.0),N_A,124,AFY,MNF_CP_BASIC,INT,2023,2022,0,2023-03-31,PT,34.3858
RBI:PRF_LNGNFC_INDUS_ANN_RN(1.0),N_A,124,AFY,MNF_CP_BASIC,NET_PFT,2023,2022,0,2023-03-31,PT,10.898
RBI:PRF_LNGNFC_INDUS_ANN_RN(1.0),N_A,124,AFY,MNF_CP_BASIC,OPR_PFT,2023,2022,0,2023-03-31,PT,13.7182
RBI:PRF_LNGNFC_INDUS_ANN_RN(1.0),N_A,124,AFY,MNF_CP_BASIC,OTH_INC,2023,2022,0,2023-03-31,PT,19.989
RBI:PRF_LNGNFC_INDUS_ANN_RN(1.0),N_A,124,AFY,MNF_CP_BASIC,PC_SHARE_SAL,2023,2022,0,2023-03-31,PT,2.417716
RBI:PRF_LNGNFC_INDUS_ANN_RN(1.0),N_A,124,AFY,MNF_CP_BASIC,SALES,2023,2022,0,2023-03-31,INR,1399503600000
RBI:PRF_LNGNFC_INDUS_ANN_RN(1.0),N_A,124,AFY,MNF_CP_BASIC,SALES,2023,2022,0,2023-03-31,PT,18.5173
RBI:PRF_LNGNFC_INDUS_ANN_RN(1.0),N_A,124,AFY,MNF_CP_BASIC,TAX_PROV,2023,2022,0,2023-03-31,PT,6.2528
RBI:PRF_LNGNFC_INDUS_ANN_RN(1.0),N_A,25,AFY,MNF_CP_FNP,DEPRC,2023,2022,0,2023-03-31,PT,4.1046
RBI:PRF_LNGNFC_INDUS_ANN_RN(1.0),N_A,25,AFY,MNF_CP_FNP,EBITDA,2023,2022,0,2023-03-31,PT,11.6823
RBI:PRF_LNGNFC_INDUS_ANN_RN(1.0),N_A,25,AFY,MNF_CP_FNP,EXPD,2023,2022,0,2023-03-31,PT,39.4857
RBI:PRF_LNGNFC_INDUS_ANN_RN(1.0),N_A,25,AFY,MNF_CP_FNP,GROSS_PFT_EBIT,2023,2022,0,2023-03-31,PT,12.7155
RBI:PRF_LNGNFC_INDUS_ANN_RN(1.0),N_A,25,AFY,MNF_CP_FNP,INT,2023,2022,0,2023-03-31,PT,77.9273
RBI:PRF_LNGNFC_INDUS_ANN_RN(1.0),N_A,25,AFY,MNF_CP_FNP,NET_PFT,2023,2022,0,2023-03-31,PT,16.302
RBI:PRF_LNGNFC_INDUS_ANN_RN(1.0),N_A,25,AFY,MNF_CP_FNP,OPR_PFT,2023,2022,0,2023-03-31,PT,9.1099
RBI:PRF_LNGNFC_INDUS_ANN_RN(1.0),N_A,25,AFY,MNF_CP_FNP,OTH_INC,2023,2022,0,2023-03-31,PT,44.0697
RBI:PRF_LNGNFC_INDUS_ANN_RN(1.0),N_A,25,AFY,MNF_CP_FNP,PC_SHARE_SAL,2023,2022,0,2023-03-31,PT,1.673326
RBI:PRF_LNGNFC_INDUS_ANN_RN(1.0),N_A,25,AFY,MNF_CP_FNP,SALES,2023,2022,0,2023-03-31,INR,968610700000
RBI:PRF_LNGNFC_INDUS_ANN_RN(1.0),N_A,25,AFY,MNF_CP_FNP,SALES,2023,2022,0,2023-03-31,PT,43.6865
RBI:PRF_LNGNFC_INDUS_ANN_RN(1.0),N_A,25,AFY,MNF_CP_FNP,TAX_PROV,2023,2022,0,2023-03-31,PT,8.3614
RBI:PRF_LNGNFC_INDUS_ANN_RN(1.0),N_A,94,AFY,MNF_CP_OTH,DEPRC,2023,2022,0,2023-03-31,PT,5.0585
RBI:PRF_LNGNFC_INDUS_ANN_RN(1.0),N_A,94,AFY,MNF_CP_OTH,EBITDA,2023,2022,0,2023-03-31,PT,1.4679
RBI:PRF_LNGNFC_INDUS_ANN_RN(1.0),N_A,94,AFY,MNF_CP_OTH,EXPD,2023,2022,0,2023-03-31,PT,16.2961
RBI:PRF_LNGNFC_INDUS_ANN_RN(1.0),N_A,94,AFY,MNF_CP_OTH,GROSS_PFT_EBIT,2023,2022,0,2023-03-31,PT,0.9156
RBI:PRF_LNGNFC_INDUS_ANN_RN(1.0),N_A,94,AFY,MNF_CP_OTH,INT,2023,2022,0,2023-03-31,PT,36.2125
RBI:PRF_LNGNFC_INDUS_ANN_RN(1.0),N_A,94,AFY,MNF_CP_OTH,NET_PFT,2023,2022,0,2023-03-31,PT,-3.4618
RBI:PRF_LNGNFC_INDUS_ANN_RN(1.0),N_A,94,AFY,MNF_CP_OTH,OPR_PFT,2023,2022,0,2023-03-31,PT,0.1892
RBI:PRF_LNGNFC_INDUS_ANN_RN(1.0),N_A,94,AFY,MNF_CP_OTH,OTH_INC,2023,2022,0,2023-03-31,PT,12.7862
RBI:PRF_LNGNFC_INDUS_ANN_RN(1.0),N_A,94,AFY,MNF_CP_OTH,PC_SHARE_SAL,2023,2022,0,2023-03-31,PT,4.063457
RBI:PRF_LNGNFC_INDUS_ANN_RN(1.0),N_A,94,AFY,MNF_CP_OTH,SALES,2023,2022,0,2023-03-31,INR,2352147100000
RBI:PRF_LNGNFC_INDUS_ANN_RN(1.0),N_A,94,AFY,MNF_CP_OTH,SALES,2023,2022,0,2023-03-31,PT,13.9972
RBI:PRF_LNGNFC_INDUS_ANN_RN(1.0),N_A,94,AFY,MNF_CP_OTH,TAX_PROV,2023,2022,0,2023-03-31,PT,4.443
RBI:PRF_LNGNFC_INDUS_ANN_RN(1.0),N_A,14,AFY,MNF_CP_PNV,DEPRC,2023,2022,0,2023-03-31,PT,7.851
RBI:PRF_LNGNFC_INDUS_ANN_RN(1.0),N_A,14,AFY,MNF_CP_PNV,EBITDA,2023,2022,0,2023-03-31,PT,22.8256
RBI:PRF_LNGNFC_INDUS_ANN_RN(1.0),N_A,14,AFY,MNF_CP_PNV,EXPD,2023,2022,0,2023-03-31,PT,14.0727
RBI:PRF_LNGNFC_INDUS_ANN_RN(1.0),N_A,14,AFY,MNF_CP_PNV,GROSS_PFT_EBIT,2023,2022,0,2023-03-31,PT,25.6751
RBI:PRF_LNGNFC_INDUS_ANN_RN(1.0),N_A,14,AFY,MNF_CP_PNV,INT,2023,2022,0,2023-03-31,PT,42.6372
RBI:PRF_LNGNFC_INDUS_ANN_RN(1.0),N_A,14,AFY,MNF_CP_PNV,NET_PFT,2023,2022,0,2023-03-31,PT,27.4776
RBI:PRF_LNGNFC_INDUS_ANN_RN(1.0),N_A,14,AFY,MNF_CP_PNV,OPR_PFT,2023,2022,0,2023-03-31,PT,23.5321
RBI:PRF_LNGNFC_INDUS_ANN_RN(1.0),N_A,14,AFY,MNF_CP_PNV,OTH_INC,2023,2022,0,2023-03-31,PT,14.577
RBI:PRF_LNGNFC_INDUS_ANN_RN(1.0),N_A,14,AFY,MNF_CP_PNV,PC_SHARE_SAL,2023,2022,0,2023-03-31,PT,0.928525
RBI:PRF_LNGNFC_INDUS_ANN_RN(1.0),N_A,14,AFY,MNF_CP_PNV,SALES,2023,2022,0,2023-03-31,INR,537480300000
RBI:PRF_LNGNFC_INDUS_ANN_RN(1.0),N_A,14,AFY,MNF_CP_PNV,SALES,2023,2022,0,2023-03-31,PT,19.5453
RBI:PRF_LNGNFC_INDUS_ANN_RN(1.0),N_A,14,AFY,MNF_CP_PNV,TAX_PROV,2023,2022,0,2023-03-31,PT,23.8881
RBI:PRF_LNGNFC_INDUS_ANN_RN(1.0),N_A,108,AFY,MNF_EMA,DEPRC,2023,2022,0,2023-03-31,PT,6.33
RBI:PRF_LNGNFC_INDUS_ANN_RN(1.0),N_A,108,AFY,MNF_EMA,EBITDA,2023,2022,0,2023-03-31,PT,30.0441
RBI:PRF_LNGNFC_INDUS_ANN_RN(1.0),N_A,108,AFY,MNF_EMA,EXPD,2023,2022,0,2023-03-31,PT,15.3822
RBI:PRF_LNGNFC_INDUS_ANN_RN(1.0),N_A,108,AFY,MNF_EMA,GROSS_PFT_EBIT,2023,2022,0,2023-03-31,PT,36.1577
RBI:PRF_LNGNFC_INDUS_ANN_RN(1.0),N_A,108,AFY,MNF_EMA,INT,2023,2022,0,2023-03-31,PT,-1.0981
RBI:PRF_LNGNFC_INDUS_ANN_RN(1.0),N_A,108,AFY,MNF_EMA,NET_PFT,2023,2022,0,2023-03-31,PT,9.5123
RBI:PRF_LNGNFC_INDUS_ANN_RN(1.0),N_A,108,AFY,MNF_EMA,OPR_PFT,2023,2022,0,2023-03-31,PT,27.6339
RBI:PRF_LNGNFC_INDUS_ANN_RN(1.0),N_A,108,AFY,MNF_EMA,OTH_INC,2023,2022,0,2023-03-31,PT,45.5568
RBI:PRF_LNGNFC_INDUS_ANN_RN(1.0),N_A,108,AFY,MNF_EMA,PC_SHARE_SAL,2023,2022,0,2023-03-31,PT,3.27187
RBI:PRF_LNGNFC_INDUS_ANN_RN(1.0),N_A,108,AFY,MNF_EMA,SALES,2023,2022,0,2023-03-31,INR,1893933800000
RBI:PRF_LNGNFC_INDUS_ANN_RN(1.0),N_A,108,AFY,MNF_EMA,SALES,2023,2022,0,2023-03-31,PT,17.6246
RBI:PRF_LNGNFC_INDUS_ANN_RN(1.0),N_A,108,AFY,MNF_EMA,TAX_PROV,2023,2022,0,2023-03-31,PT,-4.1213
RBI:PRF_LNGNFC_INDUS_ANN_RN(1.0),N_A,43,AFY,MNF_FMP,DEPRC,2023,2022,0,2023-03-31,PT,7.0332
RBI:PRF_LNGNFC_INDUS_ANN_RN(1.0),N_A,43,AFY,MNF_FMP,EBITDA,2023,2022,0,2023-03-31,PT,18.5264
RBI:PRF_LNGNFC_INDUS_ANN_RN(1.0),N_A,43,AFY,MNF_FMP,EXPD,2023,2022,0,2023-03-31,PT,22.6216
RBI:PRF_LNGNFC_INDUS_ANN_RN(1.0),N_A,43,AFY,MNF_FMP,GROSS_PFT_EBIT,2023,2022,0,2023-03-31,PT,22.0673
RBI:PRF_LNGNFC_INDUS_ANN_RN(1.0),N_A,43,AFY,MNF_FMP,INT,2023,2022,0,2023-03-31,PT,35.1697
RBI:PRF_LNGNFC_INDUS_ANN_RN(1.0),N_A,43,AFY,MNF_FMP,NET_PFT,2023,2022,0,2023-03-31,PT,12.3391
RBI:PRF_LNGNFC_INDUS_ANN_RN(1.0),N_A,43,AFY,MNF_FMP,OPR_PFT,2023,2022,0,2023-03-31,PT,20.1718
RBI:PRF_LNGNFC_INDUS_ANN_RN(1.0),N_A,43,AFY,MNF_FMP,OTH_INC,2023,2022,0,2023-03-31,PT,4.5078
RBI:PRF_LNGNFC_INDUS_ANN_RN(1.0),N_A,43,AFY,MNF_FMP,PC_SHARE_SAL,2023,2022,0,2023-03-31,PT,0.633739
RBI:PRF_LNGNFC_INDUS_ANN_RN(1.0),N_A,43,AFY,MNF_FMP,SALES,2023,2022,0,2023-03-31,INR,366842300000
RBI:PRF_LNGNFC_INDUS_ANN_RN(1.0),N_A,43,AFY,MNF_FMP,SALES,2023,2022,0,2023-03-31,PT,23.4238
RBI:PRF_LNGNFC_INDUS_ANN_RN(1.0),N_A,43,AFY,MNF_FMP,TAX_PROV,2023,2022,0,2023-03-31,PT,40.0165
RBI:PRF_LNGNFC_INDUS_ANN_RN(1.0),N_A,172,AFY,MNF_FPB,DEPRC,2023,2022,0,2023-03-31,PT,9.0681
RBI:PRF_LNGNFC_INDUS_ANN_RN(1.0),N_A,172,AFY,MNF_FPB,EBITDA,2023,2022,0,2023-03-31,PT,11.6326
RBI:PRF_LNGNFC_INDUS_ANN_RN(1.0),N_A,172,AFY,MNF_FPB,EXPD,2023,2022,0,2023-03-31,PT,15.1652
RBI:PRF_LNGNFC_INDUS_ANN_RN(1.0),N_A,172,AFY,MNF_FPB,GROSS_PFT_EBIT,2023,2022,0,2023-03-31,PT,12.176
RBI:PRF_LNGNFC_INDUS_ANN_RN(1.0),N_A,172,AFY,MNF_FPB,INT,2023,2022,0,2023-03-31,PT,5.1443
RBI:PRF_LNGNFC_INDUS_ANN_RN(1.0),N_A,172,AFY,MNF_FPB,NET_PFT,2023,2022,0,2023-03-31,PT,29.0692
RBI:PRF_LNGNFC_INDUS_ANN_RN(1.0),N_A,172,AFY,MNF_FPB,OPR_PFT,2023,2022,0,2023-03-31,PT,11.1865
RBI:PRF_LNGNFC_INDUS_ANN_RN(1.0),N_A,172,AFY,MNF_FPB,OTH_INC,2023,2022,0,2023-03-31,PT,15.0375
RBI:PRF_LNGNFC_INDUS_ANN_RN(1.0),N_A,172,AFY,MNF_FPB,PC_SHARE_SAL,2023,2022,0,2023-03-31,PT,5.641137
RBI:PRF_LNGNFC_INDUS_ANN_RN(1.0),N_A,172,AFY,MNF_FPB,SALES,2023,2022,0,2023-03-31,INR,3265392600000
RBI:PRF_LNGNFC_INDUS_ANN_RN(1.0),N_A,172,AFY,MNF_FPB,SALES,2023,2022,0,2023-03-31,PT,15.8368
RBI:PRF_LNGNFC_INDUS_ANN_RN(1.0),N_A,172,AFY,MNF_FPB,TAX_PROV,2023,2022,0,2023-03-31,PT,21.9505
RBI:PRF_LNGNFC_INDUS_ANN_RN(1.0),N_A,13,AFY,MNF_FPB_DAIRY_PRD,DEPRC,2023,2022,0,2023-03-31,PT,7.1105
RBI:PRF_LNGNFC_INDUS_ANN_RN(1.0),N_A,13,AFY,MNF_FPB_DAIRY_PRD,EBITDA,2023,2022,0,2023-03-31,PT,21.0478
RBI:PRF_LNGNFC_INDUS_ANN_RN(1.0),N_A,13,AFY,MNF_FPB_DAIRY_PRD,EXPD,2023,2022,0,2023-03-31,PT,22.3151
RBI:PRF_LNGNFC_INDUS_ANN_RN(1.0),N_A,13,AFY,MNF_FPB_DAIRY_PRD,GROSS_PFT_EBIT,2023,2022,0,2023-03-31,PT,24.5799
RBI:PRF_LNGNFC_INDUS_ANN_RN(1.0),N_A,13,AFY,MNF_FPB_DAIRY_PRD,INT,2023,2022,0,2023-03-31,PT,-1.6268
RBI:PRF_LNGNFC_INDUS_ANN_RN(1.0),N_A,13,AFY,MNF_FPB_DAIRY_PRD,NET_PFT,2023,2022,0,2023-03-31,PT,48.4397
RBI:PRF_LNGNFC_INDUS_ANN_RN(1.0),N_A,13,AFY,MNF_FPB_DAIRY_PRD,OPR_PFT,2023,2022,0,2023-03-31,PT,21.8427
RBI:PRF_LNGNFC_INDUS_ANN_RN(1.0),N_A,13,AFY,MNF_FPB_DAIRY_PRD,OTH_INC,2023,2022,0,2023-03-31,PT,3.4745
RBI:PRF_LNGNFC_INDUS_ANN_RN(1.0),N_A,13,AFY,MNF_FPB_DAIRY_PRD,PC_SHARE_SAL,2023,2022,0,2023-03-31,PT,0.619876
RBI:PRF_LNGNFC_INDUS_ANN_RN(1.0),N_A,13,AFY,MNF_FPB_DAIRY_PRD,SALES,2023,2022,0,2023-03-31,INR,358817300000
RBI:PRF_LNGNFC_INDUS_ANN_RN(1.0),N_A,13,AFY,MNF_FPB_DAIRY_PRD,SALES,2023,2022,0,2023-03-31,PT,19.9646
RBI:PRF_LNGNFC_INDUS_ANN_RN(1.0),N_A,13,AFY,MNF_FPB_DAIRY_PRD,TAX_PROV,2023,2022,0,2023-03-31,PT,15.1789
RBI:PRF_LNGNFC_INDUS_ANN_RN(1.0),N_A,33,AFY,MNF_FPB_EDD_OIL,DEPRC,2023,2022,0,2023-03-31,PT,10.048
RBI:PRF_LNGNFC_INDUS_ANN_RN(1.0),N_A,33,AFY,MNF_FPB_EDD_OIL,EBITDA,2023,2022,0,2023-03-31,PT,-2.5117
RBI:PRF_LNGNFC_INDUS_ANN_RN(1.0),N_A,33,AFY,MNF_FPB_EDD_OIL,EXPD,2023,2022,0,2023-03-31,PT,6.2107
RBI:PRF_LNGNFC_INDUS_ANN_RN(1.0),N_A,33,AFY,MNF_FPB_EDD_OIL,GROSS_PFT_EBIT,2023,2022,0,2023-03-31,PT,-4.0761
RBI:PRF_LNGNFC_INDUS_ANN_RN(1.0),N_A,33,AFY,MNF_FPB_EDD_OIL,INT,2023,2022,0,2023-03-31,PT,14.0464
RBI:PRF_LNGNFC_INDUS_ANN_RN(1.0),N_A,33,AFY,MNF_FPB_EDD_OIL,NET_PFT,2023,2022,0,2023-03-31,PT,-9.2707
RBI:PRF_LNGNFC_INDUS_ANN_RN(1.0),N_A,33,AFY,MNF_FPB_EDD_OIL,OPR_PFT,2023,2022,0,2023-03-31,PT,-7.6053
RBI:PRF_LNGNFC_INDUS_ANN_RN(1.0),N_A,33,AFY,MNF_FPB_EDD_OIL,OTH_INC,2023,2022,0,2023-03-31,PT,38.0104
RBI:PRF_LNGNFC_INDUS_ANN_RN(1.0),N_A,33,AFY,MNF_FPB_EDD_OIL,PC_SHARE_SAL,2023,2022,0,2023-03-31,PT,2.096332
RBI:PRF_LNGNFC_INDUS_ANN_RN(1.0),N_A,33,AFY,MNF_FPB_EDD_OIL,SALES,2023,2022,0,2023-03-31,INR,1213469200000
RBI:PRF_LNGNFC_INDUS_ANN_RN(1.0),N_A,33,AFY,MNF_FPB_EDD_OIL,SALES,2023,2022,0,2023-03-31,PT,8.5823
RBI:PRF_LNGNFC_INDUS_ANN_RN(1.0),N_A,33,AFY,MNF_FPB_EDD_OIL,TAX_PROV,2023,2022,0,2023-03-31,PT,-7.0067
RBI:PRF_LNGNFC_INDUS_ANN_RN(1.0),N_A,37,AFY,MNF_FPB_ESGR,DEPRC,2023,2022,0,2023-03-31,PT,8.5285
RBI:PRF_LNGNFC_INDUS_ANN_RN(1.0),N_A,37,AFY,MNF_FPB_ESGR,EBITDA,2023,2022,0,2023-03-31,PT,3.7564
RBI:PRF_LNGNFC_INDUS_ANN_RN(1.0),N_A,37,AFY,MNF_FPB_ESGR,EXPD,2023,2022,0,2023-03-31,PT,17.0899
RBI:PRF_LNGNFC_INDUS_ANN_RN(1.0),N_A,37,AFY,MNF_FPB_ESGR,GROSS_PFT_EBIT,2023,2022,0,2023-03-31,PT,2.2005
RBI:PRF_LNGNFC_INDUS_ANN_RN(1.0),N_A,37,AFY,MNF_FPB_ESGR,INT,2023,2022,0,2023-03-31,PT,-4.6546
RBI:PRF_LNGNFC_INDUS_ANN_RN(1.0),N_A,37,AFY,MNF_FPB_ESGR,NET_PFT,2023,2022,0,2023-03-31,PT,68.3842
RBI:PRF_LNGNFC_INDUS_ANN_RN(1.0),N_A,37,AFY,MNF_FPB_ESGR,OPR_PFT,2023,2022,0,2023-03-31,PT,2.3264
RBI:PRF_LNGNFC_INDUS_ANN_RN(1.0),N_A,37,AFY,MNF_FPB_ESGR,OTH_INC,2023,2022,0,2023-03-31,PT,11.4859
RBI:PRF_LNGNFC_INDUS_ANN_RN(1.0),N_A,37,AFY,MNF_FPB_ESGR,PC_SHARE_SAL,2023,2022,0,2023-03-31,PT,1.053569
RBI:PRF_LNGNFC_INDUS_ANN_RN(1.0),N_A,37,AFY,MNF_FPB_ESGR,SALES,2023,2022,0,2023-03-31,INR,609862100000
RBI:PRF_LNGNFC_INDUS_ANN_RN(1.0),N_A,37,AFY,MNF_FPB_ESGR,SALES,2023,2022,0,2023-03-31,PT,18.1802
RBI:PRF_LNGNFC_INDUS_ANN_RN(1.0),N_A,37,AFY,MNF_FPB_ESGR,TAX_PROV,2023,2022,0,2023-03-31,PT,22.3997
RBI:PRF_LNGNFC_INDUS_ANN_RN(1.0),N_A,89,AFY,MNF_FPB_OFP,DEPRC,2023,2022,0,2023-03-31,PT,9.9774
RBI:PRF_LNGNFC_INDUS_ANN_RN(1.0),N_A,89,AFY,MNF_FPB_OFP,EBITDA,2023,2022,0,2023-03-31,PT,19.6257
RBI:PRF_LNGNFC_INDUS_ANN_RN(1.0),N_A,89,AFY,MNF_FPB_OFP,EXPD,2023,2022,0,2023-03-31,PT,24.0767
RBI:PRF_LNGNFC_INDUS_ANN_RN(1.0),N_A,89,AFY,MNF_FPB_OFP,GROSS_PFT_EBIT,2023,2022,0,2023-03-31,PT,21.5266
RBI:PRF_LNGNFC_INDUS_ANN_RN(1.0),N_A,89,AFY,MNF_FPB_OFP,INT,2023,2022,0,2023-03-31,PT,17.6656
RBI:PRF_LNGNFC_INDUS_ANN_RN(1.0),N_A,89,AFY,MNF_FPB_OFP,NET_PFT,2023,2022,0,2023-03-31,PT,31.282
RBI:PRF_LNGNFC_INDUS_ANN_RN(1.0),N_A,89,AFY,MNF_FPB_OFP,OPR_PFT,2023,2022,0,2023-03-31,PT,21.3302
RBI:PRF_LNGNFC_INDUS_ANN_RN(1.0),N_A,89,AFY,MNF_FPB_OFP,OTH_INC,2023,2022,0,2023-03-31,PT,7.657
RBI:PRF_LNGNFC_INDUS_ANN_RN(1.0),N_A,89,AFY,MNF_FPB_OFP,PC_SHARE_SAL,2023,2022,0,2023-03-31,PT,1.871361
RBI:PRF_LNGNFC_INDUS_ANN_RN(1.0),N_A,89,AFY,MNF_FPB_OFP,SALES,2023,2022,0,2023-03-31,INR,1083244000000
RBI:PRF_LNGNFC_INDUS_ANN_RN(1.0),N_A,89,AFY,MNF_FPB_OFP,SALES,2023,2022,0,2023-03-31,PT,22.227
RBI:PRF_LNGNFC_INDUS_ANN_RN(1.0),N_A,89,AFY,MNF_FPB_OFP,TAX_PROV,2023,2022,0,2023-03-31,PT,38.4022
RBI:PRF_LNGNFC_INDUS_ANN_RN(1.0),N_A,10,AFY,MNF_GGP,DEPRC,2023,2022,0,2023-03-31,PT,6.6011
RBI:PRF_LNGNFC_INDUS_ANN_RN(1.0),N_A,10,AFY,MNF_GGP,EBITDA,2023,2022,0,2023-03-31,PT,15.686
RBI:PRF_LNGNFC_INDUS_ANN_RN(1.0),N_A,10,AFY,MNF_GGP,EXPD,2023,2022,0,2023-03-31,PT,29.9557
RBI:PRF_LNGNFC_INDUS_ANN_RN(1.0),N_A,10,AFY,MNF_GGP,GROSS_PFT_EBIT,2023,2022,0,2023-03-31,PT,19.5794
RBI:PRF_LNGNFC_INDUS_ANN_RN(1.0),N_A,10,AFY,MNF_GGP,INT,2023,2022,0,2023-03-31,PT,-21.167
RBI:PRF_LNGNFC_INDUS_ANN_RN(1.0),N_A,10,AFY,MNF_GGP,NET_PFT,2023,2022,0,2023-03-31,PT,3.6974
RBI:PRF_LNGNFC_INDUS_ANN_RN(1.0),N_A,10,AFY,MNF_GGP,OPR_PFT,2023,2022,0,2023-03-31,PT,20.9874
RBI:PRF_LNGNFC_INDUS_ANN_RN(1.0),N_A,10,AFY,MNF_GGP,OTH_INC,2023,2022,0,2023-03-31,PT,-25.0085
RBI:PRF_LNGNFC_INDUS_ANN_RN(1.0),N_A,10,AFY,MNF_GGP,PC_SHARE_SAL,2023,2022,0,2023-03-31,PT,0.191046
RBI:PRF_LNGNFC_INDUS_ANN_RN(1.0),N_A,10,AFY,MNF_GGP,SALES,2023,2022,0,2023-03-31,INR,110587600000
RBI:PRF_LNGNFC_INDUS_ANN_RN(1.0),N_A,10,AFY,MNF_GGP,SALES,2023,2022,0,2023-03-31,PT,29.2863
RBI:PRF_LNGNFC_INDUS_ANN_RN(1.0),N_A,10,AFY,MNF_GGP,TAX_PROV,2023,2022,0,2023-03-31,PT,18.6529
RBI:PRF_LNGNFC_INDUS_ANN_RN(1.0),N_A,137,AFY,MNF_INS,DEPRC,2023,2022,0,2023-03-31,PT,3.0113
RBI:PRF_LNGNFC_INDUS_ANN_RN(1.0),N_A,137,AFY,MNF_INS,EBITDA,2023,2022,0,2023-03-31,PT,-35.0502
RBI:PRF_LNGNFC_INDUS_ANN_RN(1.0),N_A,137,AFY,MNF_INS,EXPD,2023,2022,0,2023-03-31,PT,24.4021
RBI:PRF_LNGNFC_INDUS_ANN_RN(1.0),N_A,137,AFY,MNF_INS,GROSS_PFT_EBIT,2023,2022,0,2023-03-31,PT,-40.7905
RBI:PRF_LNGNFC_INDUS_ANN_RN(1.0),N_A,137,AFY,MNF_INS,INT,2023,2022,0,2023-03-31,PT,34.369
RBI:PRF_LNGNFC_INDUS_ANN_RN(1.0),N_A,137,AFY,MNF_INS,NET_PFT,2023,2022,0,2023-03-31,PT,-55.6452
RBI:PRF_LNGNFC_INDUS_ANN_RN(1.0),N_A,137,AFY,MNF_INS,OPR_PFT,2023,2022,0,2023-03-31,PT,-39.2478
RBI:PRF_LNGNFC_INDUS_ANN_RN(1.0),N_A,137,AFY,MNF_INS,OTH_INC,2023,2022,0,2023-03-31,PT,41.584
RBI:PRF_LNGNFC_INDUS_ANN_RN(1.0),N_A,137,AFY,MNF_INS,PC_SHARE_SAL,2023,2022,0,2023-03-31,PT,9.494689
RBI:PRF_LNGNFC_INDUS_ANN_RN(1.0),N_A,137,AFY,MNF_INS,SALES,2023,2022,0,2023-03-31,INR,5496035400000
RBI:PRF_LNGNFC_INDUS_ANN_RN(1.0),N_A,137,AFY,MNF_INS,SALES,2023,2022,0,2023-03-31,PT,10.1748
RBI:PRF_LNGNFC_INDUS_ANN_RN(1.0),N_A,137,AFY,MNF_INS,TAX_PROV,2023,2022,0,2023-03-31,PT,-43.8667
RBI:PRF_LNGNFC_INDUS_ANN_RN(1.0),N_A,43,AFY,MNF_JRA,DEPRC,2023,2022,0,2023-03-31,PT,4.1585
RBI:PRF_LNGNFC_INDUS_ANN_RN(1.0),N_A,43,AFY,MNF_JRA,EBITDA,2023,2022,0,2023-03-31,PT,44.2024
RBI:PRF_LNGNFC_INDUS_ANN_RN(1.0),N_A,43,AFY,MNF_JRA,EXPD,2023,2022,0,2023-03-31,PT,20.0946
RBI:PRF_LNGNFC_INDUS_ANN_RN(1.0),N_A,43,AFY,MNF_JRA,GROSS_PFT_EBIT,2023,2022,0,2023-03-31,PT,49.9585
RBI:PRF_LNGNFC_INDUS_ANN_RN(1.0),N_A,43,AFY,MNF_JRA,INT,2023,2022,0,2023-03-31,PT,11.596
RBI:PRF_LNGNFC_INDUS_ANN_RN(1.0),N_A,43,AFY,MNF_JRA,NET_PFT,2023,2022,0,2023-03-31,PT,56.6652
RBI:PRF_LNGNFC_INDUS_ANN_RN(1.0),N_A,43,AFY,MNF_JRA,OPR_PFT,2023,2022,0,2023-03-31,PT,47.6624
RBI:PRF_LNGNFC_INDUS_ANN_RN(1.0),N_A,43,AFY,MNF_JRA,OTH_INC,2023,2022,0,2023-03-31,PT,16.4544
RBI:PRF_LNGNFC_INDUS_ANN_RN(1.0),N_A,43,AFY,MNF_JRA,PC_SHARE_SAL,2023,2022,0,2023-03-31,PT,1.295711
RBI:PRF_LNGNFC_INDUS_ANN_RN(1.0),N_A,43,AFY,MNF_JRA,SALES,2023,2022,0,2023-03-31,INR,750027300000
RBI:PRF_LNGNFC_INDUS_ANN_RN(1.0),N_A,43,AFY,MNF_JRA,SALES,2023,2022,0,2023-03-31,PT,27.6729
RBI:PRF_LNGNFC_INDUS_ANN_RN(1.0),N_A,43,AFY,MNF_JRA,TAX_PROV,2023,2022,0,2023-03-31,PT,43.8719
RBI:PRF_LNGNFC_INDUS_ANN_RN(1.0),N_A,15,AFY,MNF_LTH,DEPRC,2023,2022,0,2023-03-31,PT,-5.977
RBI:PRF_LNGNFC_INDUS_ANN_RN(1.0),N_A,15,AFY,MNF_LTH,EBITDA,2023,2022,0,2023-03-31,PT,-9.1955
RBI:PRF_LNGNFC_INDUS_ANN_RN(1.0),N_A,15,AFY,MNF_LTH,EXPD,2023,2022,0,2023-03-31,PT,4.9055
RBI:PRF_LNGNFC_INDUS_ANN_RN(1.0),N_A,15,AFY,MNF_LTH,GROSS_PFT_EBIT,2023,2022,0,2023-03-31,PT,-10.5533
RBI:PRF_LNGNFC_INDUS_ANN_RN(1.0),N_A,15,AFY,MNF_LTH,INT,2023,2022,0,2023-03-31,PT,-6.1248
RBI:PRF_LNGNFC_INDUS_ANN_RN(1.0),N_A,15,AFY,MNF_LTH,NET_PFT,2023,2022,0,2023-03-31,PT,-5.1022
RBI:PRF_LNGNFC_INDUS_ANN_RN(1.0),N_A,15,AFY,MNF_LTH,OPR_PFT,2023,2022,0,2023-03-31,PT,-12.5726
RBI:PRF_LNGNFC_INDUS_ANN_RN(1.0),N_A,15,AFY,MNF_LTH,OTH_INC,2023,2022,0,2023-03-31,PT,17.3979
RBI:PRF_LNGNFC_INDUS_ANN_RN(1.0),N_A,15,AFY,MNF_LTH,PC_SHARE_SAL,2023,2022,0,2023-03-31,PT,0.131827
RBI:PRF_LNGNFC_INDUS_ANN_RN(1.0),N_A,15,AFY,MNF_LTH,SALES,2023,2022,0,2023-03-31,INR,76308600000
RBI:PRF_LNGNFC_INDUS_ANN_RN(1.0),N_A,15,AFY,MNF_LTH,SALES,2023,2022,0,2023-03-31,PT,7.2149
RBI:PRF_LNGNFC_INDUS_ANN_RN(1.0),N_A,15,AFY,MNF_LTH,TAX_PROV,2023,2022,0,2023-03-31,PT,-7.5179
RBI:PRF_LNGNFC_INDUS_ANN_RN(1.0),N_A,131,AFY,MNF_MMT,DEPRC,2023,2022,0,2023-03-31,PT,7.5507
RBI:PRF_LNGNFC_INDUS_ANN_RN(1.0),N_A,131,AFY,MNF_MMT,EBITDA,2023,2022,0,2023-03-31,PT,21.7269
RBI:PRF_LNGNFC_INDUS_ANN_RN(1.0),N_A,131,AFY,MNF_MMT,EXPD,2023,2022,0,2023-03-31,PT,21.129
RBI:PRF_LNGNFC_INDUS_ANN_RN(1.0),N_A,131,AFY,MNF_MMT,GROSS_PFT_EBIT,2023,2022,0,2023-03-31,PT,24.4927
RBI:PRF_LNGNFC_INDUS_ANN_RN(1.0),N_A,131,AFY,MNF_MMT,INT,2023,2022,0,2023-03-31,PT,7.0245
RBI:PRF_LNGNFC_INDUS_ANN_RN(1.0),N_A,131,AFY,MNF_MMT,NET_PFT,2023,2022,0,2023-03-31,PT,-8.867
RBI:PRF_LNGNFC_INDUS_ANN_RN(1.0),N_A,131,AFY,MNF_MMT,OPR_PFT,2023,2022,0,2023-03-31,PT,17.068
RBI:PRF_LNGNFC_INDUS_ANN_RN(1.0),N_A,131,AFY,MNF_MMT,OTH_INC,2023,2022,0,2023-03-31,PT,50.1079
RBI:PRF_LNGNFC_INDUS_ANN_RN(1.0),N_A,131,AFY,MNF_MMT,PC_SHARE_SAL,2023,2022,0,2023-03-31,PT,1.901773
RBI:PRF_LNGNFC_INDUS_ANN_RN(1.0),N_A,131,AFY,MNF_MMT,SALES,2023,2022,0,2023-03-31,INR,1100848500000
RBI:PRF_LNGNFC_INDUS_ANN_RN(1.0),N_A,131,AFY,MNF_MMT,SALES,2023,2022,0,2023-03-31,PT,22.2256
RBI:PRF_LNGNFC_INDUS_ANN_RN(1.0),N_A,131,AFY,MNF_MMT,TAX_PROV,2023,2022,0,2023-03-31,PT,19.6805
RBI:PRF_LNGNFC_INDUS_ANN_RN(1.0),N_A,14,AFY,MNF_MMT_MV,DEPRC,2023,2022,0,2023-03-31,PT,8.7135
RBI:PRF_LNGNFC_INDUS_ANN_RN(1.0),N_A,14,AFY,MNF_MMT_MV,EBITDA,2023,2022,0,2023-03-31,PT,53.9271
RBI:PRF_LNGNFC_INDUS_ANN_RN(1.0),N_A,14,AFY,MNF_MMT_MV,EXPD,2023,2022,0,2023-03-31,PT,32.255
RBI:PRF_LNGNFC_INDUS_ANN_RN(1.0),N_A,14,AFY,MNF_MMT_MV,GROSS_PFT_EBIT,2023,2022,0,2023-03-31,PT,71.6867
RBI:PRF_LNGNFC_INDUS_ANN_RN(1.0),N_A,14,AFY,MNF_MMT_MV,INT,2023,2022,0,2023-03-31,PT,3.3607
RBI:PRF_LNGNFC_INDUS_ANN_RN(1.0),N_A,14,AFY,MNF_MMT_MV,NET_PFT,2023,2022,0,2023-03-31,PT,75.5425
RBI:PRF_LNGNFC_INDUS_ANN_RN(1.0),N_A,14,AFY,MNF_MMT_MV,OPR_PFT,2023,2022,0,2023-03-31,PT,62.7689
RBI:PRF_LNGNFC_INDUS_ANN_RN(1.0),N_A,14,AFY,MNF_MMT_MV,OTH_INC,2023,2022,0,2023-03-31,PT,18.4308
RBI:PRF_LNGNFC_INDUS_ANN_RN(1.0),N_A,14,AFY,MNF_MMT_MV,PC_SHARE_SAL,2023,2022,0,2023-03-31,PT,7.578602
RBI:PRF_LNGNFC_INDUS_ANN_RN(1.0),N_A,14,AFY,MNF_MMT_MV,SALES,2023,2022,0,2023-03-31,INR,4386901300000
RBI:PRF_LNGNFC_INDUS_ANN_RN(1.0),N_A,14,AFY,MNF_MMT_MV,SALES,2023,2022,0,2023-03-31,PT,34.8373
RBI:PRF_LNGNFC_INDUS_ANN_RN(1.0),N_A,14,AFY,MNF_MMT_MV,TAX_PROV,2023,2022,0,2023-03-31,PT,58.9035
RBI:PRF_LNGNFC_INDUS_ANN_RN(1.0),N_A,103,AFY,MNF_MMT_OTH,DEPRC,2023,2022,0,2023-03-31,PT,8.411
RBI:PRF_LNGNFC_INDUS_ANN_RN(1.0),N_A,103,AFY,MNF_MMT_OTH,EBITDA,2023,2022,0,2023-03-31,PT,46.5954
RBI:PRF_LNGNFC_INDUS_ANN_RN(1.0),N_A,103,AFY,MNF_MMT_OTH,EXPD,2023,2022,0,2023-03-31,PT,30.3975
RBI:PRF_LNGNFC_INDUS_ANN_RN(1.0),N_A,103,AFY,MNF_MMT_OTH,GROSS_PFT_EBIT,2023,2022,0,2023-03-31,PT,61.9425
RBI:PRF_LNGNFC_INDUS_ANN_RN(1.0),N_A,103,AFY,MNF_MMT_OTH,INT,2023,2022,0,2023-03-31,PT,8.3829
RBI:PRF_LNGNFC_INDUS_ANN_RN(1.0),N_A,103,AFY,MNF_MMT_OTH,NET_PFT,2023,2022,0,2023-03-31,PT,46.0899
RBI:PRF_LNGNFC_INDUS_ANN_RN(1.0),N_A,103,AFY,MNF_MMT_OTH,OPR_PFT,2023,2022,0,2023-03-31,PT,53.5666
RBI:PRF_LNGNFC_INDUS_ANN_RN(1.0),N_A,103,AFY,MNF_MMT_OTH,OTH_INC,2023,2022,0,2023-03-31,PT,16.3519
RBI:PRF_LNGNFC_INDUS_ANN_RN(1.0),N_A,103,AFY,MNF_MMT_OTH,PC_SHARE_SAL,2023,2022,0,2023-03-31,PT,9.579499
RBI:PRF_LNGNFC_INDUS_ANN_RN(1.0),N_A,103,AFY,MNF_MMT_OTH,SALES,2023,2022,0,2023-03-31,INR,5545128200000
RBI:PRF_LNGNFC_INDUS_ANN_RN(1.0),N_A,103,AFY,MNF_MMT_OTH,SALES,2023,2022,0,2023-03-31,PT,32.5509
RBI:PRF_LNGNFC_INDUS_ANN_RN(1.0),N_A,103,AFY,MNF_MMT_OTH,TAX_PROV,2023,2022,0,2023-03-31,PT,54.5517
RBI:PRF_LNGNFC_INDUS_ANN_RN(1.0),N_A,89,AFY,MNF_MMT_PRTS,DEPRC,2023,2022,0,2023-03-31,PT,7.5226
RBI:PRF_LNGNFC_INDUS_ANN_RN(1.0),N_A,89,AFY,MNF_MMT_PRTS,EBITDA,2023,2022,0,2023-03-31,PT,23.5876
RBI:PRF_LNGNFC_INDUS_ANN_RN(1.0),N_A,89,AFY,MNF_MMT_PRTS,EXPD,2023,2022,0,2023-03-31,PT,23.8264
RBI:PRF_LNGNFC_INDUS_ANN_RN(1.0),N_A,89,AFY,MNF_MMT_PRTS,GROSS_PFT_EBIT,2023,2022,0,2023-03-31,PT,30.5174
RBI:PRF_LNGNFC_INDUS_ANN_RN(1.0),N_A,89,AFY,MNF_MMT_PRTS,INT,2023,2022,0,2023-03-31,PT,19.7843
RBI:PRF_LNGNFC_INDUS_ANN_RN(1.0),N_A,89,AFY,MNF_MMT_PRTS,NET_PFT,2023,2022,0,2023-03-31,PT,-27.4794
RBI:PRF_LNGNFC_INDUS_ANN_RN(1.0),N_A,89,AFY,MNF_MMT_PRTS,OPR_PFT,2023,2022,0,2023-03-31,PT,26.3877
RBI:PRF_LNGNFC_INDUS_ANN_RN(1.0),N_A,89,AFY,MNF_MMT_PRTS,OTH_INC,2023,2022,0,2023-03-31,PT,7.6423
RBI:PRF_LNGNFC_INDUS_ANN_RN(1.0),N_A,89,AFY,MNF_MMT_PRTS,PC_SHARE_SAL,2023,2022,0,2023-03-31,PT,2.000898
RBI:PRF_LNGNFC_INDUS_ANN_RN(1.0),N_A,89,AFY,MNF_MMT_PRTS,SALES,2023,2022,0,2023-03-31,INR,1158226900000
RBI:PRF_LNGNFC_INDUS_ANN_RN(1.0),N_A,89,AFY,MNF_MMT_PRTS,SALES,2023,2022,0,2023-03-31,PT,24.5513
RBI:PRF_LNGNFC_INDUS_ANN_RN(1.0),N_A,89,AFY,MNF_MMT_PRTS,TAX_PROV,2023,2022,0,2023-03-31,PT,37.8501
RBI:PRF_LNGNFC_INDUS_ANN_RN(1.0),N_A,7,AFY,MNF_MPOSE,DEPRC,2023,2022,0,2023-03-31,PT,5.569
RBI:PRF_LNGNFC_INDUS_ANN_RN(1.0),N_A,7,AFY,MNF_MPOSE,EBITDA,2023,2022,0,2023-03-31,PT,21.1833
RBI:PRF_LNGNFC_INDUS_ANN_RN(1.0),N_A,7,AFY,MNF_MPOSE,EXPD,2023,2022,0,2023-03-31,PT,21.3762
RBI:PRF_LNGNFC_INDUS_ANN_RN(1.0),N_A,7,AFY,MNF_MPOSE,GROSS_PFT_EBIT,2023,2022,0,2023-03-31,PT,25.3206
RBI:PRF_LNGNFC_INDUS_ANN_RN(1.0),N_A,7,AFY,MNF_MPOSE,INT,2023,2022,0,2023-03-31,PT,62.7939
RBI:PRF_LNGNFC_INDUS_ANN_RN(1.0),N_A,7,AFY,MNF_MPOSE,NET_PFT,2023,2022,0,2023-03-31,PT,25.3131
RBI:PRF_LNGNFC_INDUS_ANN_RN(1.0),N_A,7,AFY,MNF_MPOSE,OPR_PFT,2023,2022,0,2023-03-31,PT,25.8218
RBI:PRF_LNGNFC_INDUS_ANN_RN(1.0),N_A,7,AFY,MNF_MPOSE,OTH_INC,2023,2022,0,2023-03-31,PT,-4.2393
RBI:PRF_LNGNFC_INDUS_ANN_RN(1.0),N_A,7,AFY,MNF_MPOSE,PC_SHARE_SAL,2023,2022,0,2023-03-31,PT,0.021071
RBI:PRF_LNGNFC_INDUS_ANN_RN(1.0),N_A,7,AFY,MNF_MPOSE,SALES,2023,2022,0,2023-03-31,INR,12196800000
RBI:PRF_LNGNFC_INDUS_ANN_RN(1.0),N_A,7,AFY,MNF_MPOSE,SALES,2023,2022,0,2023-03-31,PT,21.9314
RBI:PRF_LNGNFC_INDUS_ANN_RN(1.0),N_A,7,AFY,MNF_MPOSE,TAX_PROV,2023,2022,0,2023-03-31,PT,28.9654
RBI:PRF_LNGNFC_INDUS_ANN_RN(1.0),N_A,50,AFY,MNF_OTH,DEPRC,2023,2022,0,2023-03-31,PT,6.3098
RBI:PRF_LNGNFC_INDUS_ANN_RN(1.0),N_A,50,AFY,MNF_OTH,EBITDA,2023,2022,0,2023-03-31,PT,6.0319
RBI:PRF_LNGNFC_INDUS_ANN_RN(1.0),N_A,50,AFY,MNF_OTH,EXPD,2023,2022,0,2023-03-31,PT,17.4455
RBI:PRF_LNGNFC_INDUS_ANN_RN(1.0),N_A,50,AFY,MNF_OTH,GROSS_PFT_EBIT,2023,2022,0,2023-03-31,PT,5.9797
RBI:PRF_LNGNFC_INDUS_ANN_RN(1.0),N_A,50,AFY,MNF_OTH,INT,2023,2022,0,2023-03-31,PT,46.7897
RBI:PRF_LNGNFC_INDUS_ANN_RN(1.0),N_A,50,AFY,MNF_OTH,NET_PFT,2023,2022,0,2023-03-31,PT,-16.394
RBI:PRF_LNGNFC_INDUS_ANN_RN(1.0),N_A,50,AFY,MNF_OTH,OPR_PFT,2023,2022,0,2023-03-31,PT,8.3878
RBI:PRF_LNGNFC_INDUS_ANN_RN(1.0),N_A,50,AFY,MNF_OTH,OTH_INC,2023,2022,0,2023-03-31,PT,-6.5164
RBI:PRF_LNGNFC_INDUS_ANN_RN(1.0),N_A,50,AFY,MNF_OTH,PC_SHARE_SAL,2023,2022,0,2023-03-31,PT,0.652889
RBI:PRF_LNGNFC_INDUS_ANN_RN(1.0),N_A,50,AFY,MNF_OTH,SALES,2023,2022,0,2023-03-31,INR,377927400000
RBI:PRF_LNGNFC_INDUS_ANN_RN(1.0),N_A,50,AFY,MNF_OTH,SALES,2023,2022,0,2023-03-31,PT,14.7562
RBI:PRF_LNGNFC_INDUS_ANN_RN(1.0),N_A,50,AFY,MNF_OTH,TAX_PROV,2023,2022,0,2023-03-31,PT,4.1196
RBI:PRF_LNGNFC_INDUS_ANN_RN(1.0),N_A,14,AFY,MNF_PETR_PRD,DEPRC,2023,2022,0,2023-03-31,PT,-1.2033
RBI:PRF_LNGNFC_INDUS_ANN_RN(1.0),N_A,14,AFY,MNF_PETR_PRD,EBITDA,2023,2022,0,2023-03-31,PT,17.1126
RBI:PRF_LNGNFC_INDUS_ANN_RN(1.0),N_A,14,AFY,MNF_PETR_PRD,EXPD,2023,2022,0,2023-03-31,PT,23.7806
RBI:PRF_LNGNFC_INDUS_ANN_RN(1.0),N_A,14,AFY,MNF_PETR_PRD,GROSS_PFT_EBIT,2023,2022,0,2023-03-31,PT,20.3994
RBI:PRF_LNGNFC_INDUS_ANN_RN(1.0),N_A,14,AFY,MNF_PETR_PRD,INT,2023,2022,0,2023-03-31,PT,38.7484
RBI:PRF_LNGNFC_INDUS_ANN_RN(1.0),N_A,14,AFY,MNF_PETR_PRD,NET_PFT,2023,2022,0,2023-03-31,PT,11.7849
RBI:PRF_LNGNFC_INDUS_ANN_RN(1.0),N_A,14,AFY,MNF_PETR_PRD,OPR_PFT,2023,2022,0,2023-03-31,PT,26.2223
RBI:PRF_LNGNFC_INDUS_ANN_RN(1.0),N_A,14,AFY,MNF_PETR_PRD,OTH_INC,2023,2022,0,2023-03-31,PT,-18.5596
RBI:PRF_LNGNFC_INDUS_ANN_RN(1.0),N_A,14,AFY,MNF_PETR_PRD,PC_SHARE_SAL,2023,2022,0,2023-03-31,PT,9.504149
RBI:PRF_LNGNFC_INDUS_ANN_RN(1.0),N_A,14,AFY,MNF_PETR_PRD,SALES,2023,2022,0,2023-03-31,INR,5501511700000
RBI:PRF_LNGNFC_INDUS_ANN_RN(1.0),N_A,14,AFY,MNF_PETR_PRD,SALES,2023,2022,0,2023-03-31,PT,24.7941
RBI:PRF_LNGNFC_INDUS_ANN_RN(1.0),N_A,156,AFY,MNF_PM,DEPRC,2023,2022,0,2023-03-31,PT,7.5704
RBI:PRF_LNGNFC_INDUS_ANN_RN(1.0),N_A,156,AFY,MNF_PM,EBITDA,2023,2022,0,2023-03-31,PT,8.426
RBI:PRF_LNGNFC_INDUS_ANN_RN(1.0),N_A,156,AFY,MNF_PM,EXPD,2023,2022,0,2023-03-31,PT,3.8462
RBI:PRF_LNGNFC_INDUS_ANN_RN(1.0),N_A,156,AFY,MNF_PM,GROSS_PFT_EBIT,2023,2022,0,2023-03-31,PT,8.6367
RBI:PRF_LNGNFC_INDUS_ANN_RN(1.0),N_A,156,AFY,MNF_PM,INT,2023,2022,0,2023-03-31,PT,32.6827
RBI:PRF_LNGNFC_INDUS_ANN_RN(1.0),N_A,156,AFY,MNF_PM,NET_PFT,2023,2022,0,2023-03-31,PT,2.6521
RBI:PRF_LNGNFC_INDUS_ANN_RN(1.0),N_A,156,AFY,MNF_PM,OPR_PFT,2023,2022,0,2023-03-31,PT,10.1315
RBI:PRF_LNGNFC_INDUS_ANN_RN(1.0),N_A,156,AFY,MNF_PM,OTH_INC,2023,2022,0,2023-03-31,PT,-1.1341
RBI:PRF_LNGNFC_INDUS_ANN_RN(1.0),N_A,156,AFY,MNF_PM,PC_SHARE_SAL,2023,2022,0,2023-03-31,PT,3.818318
RBI:PRF_LNGNFC_INDUS_ANN_RN(1.0),N_A,156,AFY,MNF_PM,SALES,2023,2022,0,2023-03-31,INR,2210247100000
RBI:PRF_LNGNFC_INDUS_ANN_RN(1.0),N_A,156,AFY,MNF_PM,SALES,2023,2022,0,2023-03-31,PT,7.4446
RBI:PRF_LNGNFC_INDUS_ANN_RN(1.0),N_A,156,AFY,MNF_PM,TAX_PROV,2023,2022,0,2023-03-31,PT,1.5802
RBI:PRF_LNGNFC_INDUS_ANN_RN(1.0),N_A,29,AFY,MNF_PNFFM,DEPRC,2023,2022,0,2023-03-31,PT,15.3933
RBI:PRF_LNGNFC_INDUS_ANN_RN(1.0),N_A,29,AFY,MNF_PNFFM,EBITDA,2023,2022,0,2023-03-31,PT,4.3969
RBI:PRF_LNGNFC_INDUS_ANN_RN(1.0),N_A,29,AFY,MNF_PNFFM,EXPD,2023,2022,0,2023-03-31,PT,19.3024
RBI:PRF_LNGNFC_INDUS_ANN_RN(1.0),N_A,29,AFY,MNF_PNFFM,GROSS_PFT_EBIT,2023,2022,0,2023-03-31,PT,2.6349
RBI:PRF_LNGNFC_INDUS_ANN_RN(1.0),N_A,29,AFY,MNF_PNFFM,INT,2023,2022,0,2023-03-31,PT,24.0747
RBI:PRF_LNGNFC_INDUS_ANN_RN(1.0),N_A,29,AFY,MNF_PNFFM,NET_PFT,2023,2022,0,2023-03-31,PT,27.0165
RBI:PRF_LNGNFC_INDUS_ANN_RN(1.0),N_A,29,AFY,MNF_PNFFM,OPR_PFT,2023,2022,0,2023-03-31,PT,-23.5007
RBI:PRF_LNGNFC_INDUS_ANN_RN(1.0),N_A,29,AFY,MNF_PNFFM,OTH_INC,2023,2022,0,2023-03-31,PT,129.7476
RBI:PRF_LNGNFC_INDUS_ANN_RN(1.0),N_A,29,AFY,MNF_PNFFM,PC_SHARE_SAL,2023,2022,0,2023-03-31,PT,3.343776
RBI:PRF_LNGNFC_INDUS_ANN_RN(1.0),N_A,29,AFY,MNF_PNFFM,SALES,2023,2022,0,2023-03-31,INR,1935557100000
RBI:PRF_LNGNFC_INDUS_ANN_RN(1.0),N_A,29,AFY,MNF_PNFFM,SALES,2023,2022,0,2023-03-31,PT,12.1567
RBI:PRF_LNGNFC_INDUS_ANN_RN(1.0),N_A,29,AFY,MNF_PNFFM,TAX_PROV,2023,2022,0,2023-03-31,PT,9.5014
RBI:PRF_LNGNFC_INDUS_ANN_RN(1.0),N_A,45,AFY,MNF_PNPD,DEPRC,2023,2022,0,2023-03-31,PT,15.5456
RBI:PRF_LNGNFC_INDUS_ANN_RN(1.0),N_A,45,AFY,MNF_PNPD,EBITDA,2023,2022,0,2023-03-31,PT,82.1129
RBI:PRF_LNGNFC_INDUS_ANN_RN(1.0),N_A,45,AFY,MNF_PNPD,EXPD,2023,2022,0,2023-03-31,PT,25.9606
RBI:PRF_LNGNFC_INDUS_ANN_RN(1.0),N_A,45,AFY,MNF_PNPD,GROSS_PFT_EBIT,2023,2022,0,2023-03-31,PT,112.0707
RBI:PRF_LNGNFC_INDUS_ANN_RN(1.0),N_A,45,AFY,MNF_PNPD,INT,2023,2022,0,2023-03-31,PT,18.065
RBI:PRF_LNGNFC_INDUS_ANN_RN(1.0),N_A,45,AFY,MNF_PNPD,OPR_PFT,2023,2022,0,2023-03-31,PT,89.8377
RBI:PRF_LNGNFC_INDUS_ANN_RN(1.0),N_A,45,AFY,MNF_PNPD,OTH_INC,2023,2022,0,2023-03-31,PT,11.5001
RBI:PRF_LNGNFC_INDUS_ANN_RN(1.0),N_A,45,AFY,MNF_PNPD,PC_SHARE_SAL,2023,2022,0,2023-03-31,PT,0.746956
RBI:PRF_LNGNFC_INDUS_ANN_RN(1.0),N_A,45,AFY,MNF_PNPD,SALES,2023,2022,0,2023-03-31,INR,432378500000
RBI:PRF_LNGNFC_INDUS_ANN_RN(1.0),N_A,45,AFY,MNF_PNPD,SALES,2023,2022,0,2023-03-31,PT,31.8652
RBI:PRF_LNGNFC_INDUS_ANN_RN(1.0),N_A,110,AFY,MNF_PP,DEPRC,2023,2022,0,2023-03-31,PT,3.8594
RBI:PRF_LNGNFC_INDUS_ANN_RN(1.0),N_A,110,AFY,MNF_PP,EBITDA,2023,2022,0,2023-03-31,PT,-14.5684
RBI:PRF_LNGNFC_INDUS_ANN_RN(1.0),N_A,110,AFY,MNF_PP,EXPD,2023,2022,0,2023-03-31,PT,5.5712
RBI:PRF_LNGNFC_INDUS_ANN_RN(1.0),N_A,110,AFY,MNF_PP,GROSS_PFT_EBIT,2023,2022,0,2023-03-31,PT,-19.1732
RBI:PRF_LNGNFC_INDUS_ANN_RN(1.0),N_A,110,AFY,MNF_PP,INT,2023,2022,0,2023-03-31,PT,20.3951
RBI:PRF_LNGNFC_INDUS_ANN_RN(1.0),N_A,110,AFY,MNF_PP,NET_PFT,2023,2022,0,2023-03-31,PT,-12.3291
RBI:PRF_LNGNFC_INDUS_ANN_RN(1.0),N_A,110,AFY,MNF_PP,OPR_PFT,2023,2022,0,2023-03-31,PT,-20.901
RBI:PRF_LNGNFC_INDUS_ANN_RN(1.0),N_A,110,AFY,MNF_PP,OTH_INC,2023,2022,0,2023-03-31,PT,24.8202
RBI:PRF_LNGNFC_INDUS_ANN_RN(1.0),N_A,110,AFY,MNF_PP,PC_SHARE_SAL,2023,2022,0,2023-03-31,PT,1.156498
RBI:PRF_LNGNFC_INDUS_ANN_RN(1.0),N_A,110,AFY,MNF_PP,SALES,2023,2022,0,2023-03-31,INR,669442900000
RBI:PRF_LNGNFC_INDUS_ANN_RN(1.0),N_A,110,AFY,MNF_PP,SALES,2023,2022,0,2023-03-31,PT,4.325
RBI:PRF_LNGNFC_INDUS_ANN_RN(1.0),N_A,110,AFY,MNF_PP,TAX_PROV,2023,2022,0,2023-03-31,PT,-21.4516
RBI:PRF_LNGNFC_INDUS_ANN_RN(1.0),N_A,24,AFY,MNF_RRP,DEPRC,2023,2022,0,2023-03-31,PT,8.6763
RBI:PRF_LNGNFC_INDUS_ANN_RN(1.0),N_A,24,AFY,MNF_RRP,EBITDA,2023,2022,0,2023-03-31,PT,11.9788
RBI:PRF_LNGNFC_INDUS_ANN_RN(1.0),N_A,24,AFY,MNF_RRP,EXPD,2023,2022,0,2023-03-31,PT,15.5086
RBI:PRF_LNGNFC_INDUS_ANN_RN(1.0),N_A,24,AFY,MNF_RRP,GROSS_PFT_EBIT,2023,2022,0,2023-03-31,PT,14.1006
RBI:PRF_LNGNFC_INDUS_ANN_RN(1.0),N_A,24,AFY,MNF_RRP,INT,2023,2022,0,2023-03-31,PT,21.8684
RBI:PRF_LNGNFC_INDUS_ANN_RN(1.0),N_A,24,AFY,MNF_RRP,NET_PFT,2023,2022,0,2023-03-31,PT,13.2811
RBI:PRF_LNGNFC_INDUS_ANN_RN(1.0),N_A,24,AFY,MNF_RRP,OPR_PFT,2023,2022,0,2023-03-31,PT,16.357
RBI:PRF_LNGNFC_INDUS_ANN_RN(1.0),N_A,24,AFY,MNF_RRP,OTH_INC,2023,2022,0,2023-03-31,PT,-19.1909
RBI:PRF_LNGNFC_INDUS_ANN_RN(1.0),N_A,24,AFY,MNF_RRP,PC_SHARE_SAL,2023,2022,0,2023-03-31,PT,1.3793
RBI:PRF_LNGNFC_INDUS_ANN_RN(1.0),N_A,24,AFY,MNF_RRP,SALES,2023,2022,0,2023-03-31,INR,798412700000
RBI:PRF_LNGNFC_INDUS_ANN_RN(1.0),N_A,24,AFY,MNF_RRP,SALES,2023,2022,0,2023-03-31,PT,18.8195
RBI:PRF_LNGNFC_INDUS_ANN_RN(1.0),N_A,24,AFY,MNF_RRP,TAX_PROV,2023,2022,0,2023-03-31,PT,1.6588
RBI:PRF_LNGNFC_INDUS_ANN_RN(1.0),N_A,6,AFY,MNF_TBC_PRD,DEPRC,2023,2022,0,2023-03-31,PT,1.0181
RBI:PRF_LNGNFC_INDUS_ANN_RN(1.0),N_A,6,AFY,MNF_TBC_PRD,EBITDA,2023,2022,0,2023-03-31,PT,22.3938
RBI:PRF_LNGNFC_INDUS_ANN_RN(1.0),N_A,6,AFY,MNF_TBC_PRD,EXPD,2023,2022,0,2023-03-31,PT,12.4243
RBI:PRF_LNGNFC_INDUS_ANN_RN(1.0),N_A,6,AFY,MNF_TBC_PRD,GROSS_PFT_EBIT,2023,2022,0,2023-03-31,PT,24.2639
RBI:PRF_LNGNFC_INDUS_ANN_RN(1.0),N_A,6,AFY,MNF_TBC_PRD,INT,2023,2022,0,2023-03-31,PT,-5.6067
RBI:PRF_LNGNFC_INDUS_ANN_RN(1.0),N_A,6,AFY,MNF_TBC_PRD,NET_PFT,2023,2022,0,2023-03-31,PT,24.529
RBI:PRF_LNGNFC_INDUS_ANN_RN(1.0),N_A,6,AFY,MNF_TBC_PRD,OPR_PFT,2023,2022,0,2023-03-31,PT,25.8097
RBI:PRF_LNGNFC_INDUS_ANN_RN(1.0),N_A,6,AFY,MNF_TBC_PRD,OTH_INC,2023,2022,0,2023-03-31,PT,-2.4016
RBI:PRF_LNGNFC_INDUS_ANN_RN(1.0),N_A,6,AFY,MNF_TBC_PRD,PC_SHARE_SAL,2023,2022,0,2023-03-31,PT,1.228718
RBI:PRF_LNGNFC_INDUS_ANN_RN(1.0),N_A,6,AFY,MNF_TBC_PRD,SALES,2023,2022,0,2023-03-31,INR,711247700000
RBI:PRF_LNGNFC_INDUS_ANN_RN(1.0),N_A,6,AFY,MNF_TBC_PRD,SALES,2023,2022,0,2023-03-31,PT,17.7573
RBI:PRF_LNGNFC_INDUS_ANN_RN(1.0),N_A,6,AFY,MNF_TBC_PRD,TAX_PROV,2023,2022,0,2023-03-31,PT,24.4283
RBI:PRF_LNGNFC_INDUS_ANN_RN(1.0),N_A,263,AFY,MNF_TXT,DEPRC,2023,2022,0,2023-03-31,PT,5.8883
RBI:PRF_LNGNFC_INDUS_ANN_RN(1.0),N_A,263,AFY,MNF_TXT,EBITDA,2023,2022,0,2023-03-31,PT,-27.5522
RBI:PRF_LNGNFC_INDUS_ANN_RN(1.0),N_A,263,AFY,MNF_TXT,EXPD,2023,2022,0,2023-03-31,PT,5.6917
RBI:PRF_LNGNFC_INDUS_ANN_RN(1.0),N_A,263,AFY,MNF_TXT,GROSS_PFT_EBIT,2023,2022,0,2023-03-31,PT,-37.3849
RBI:PRF_LNGNFC_INDUS_ANN_RN(1.0),N_A,263,AFY,MNF_TXT,INT,2023,2022,0,2023-03-31,PT,4.787
RBI:PRF_LNGNFC_INDUS_ANN_RN(1.0),N_A,263,AFY,MNF_TXT,NET_PFT,2023,2022,0,2023-03-31,PT,-49.9398
RBI:PRF_LNGNFC_INDUS_ANN_RN(1.0),N_A,263,AFY,MNF_TXT,OPR_PFT,2023,2022,0,2023-03-31,PT,-31.0184
RBI:PRF_LNGNFC_INDUS_ANN_RN(1.0),N_A,263,AFY,MNF_TXT,OTH_INC,2023,2022,0,2023-03-31,PT,4.0123
RBI:PRF_LNGNFC_INDUS_ANN_RN(1.0),N_A,263,AFY,MNF_TXT,PC_SHARE_SAL,2023,2022,0,2023-03-31,PT,2.871628
RBI:PRF_LNGNFC_INDUS_ANN_RN(1.0),N_A,263,AFY,MNF_TXT,SALES,2023,2022,0,2023-03-31,INR,1662252100000
RBI:PRF_LNGNFC_INDUS_ANN_RN(1.0),N_A,263,AFY,MNF_TXT,SALES,2023,2022,0,2023-03-31,PT,2.9011
RBI:PRF_LNGNFC_INDUS_ANN_RN(1.0),N_A,263,AFY,MNF_TXT,TAX_PROV,2023,2022,0,2023-03-31,PT,-45.0702
RBI:PRF_LNGNFC_INDUS_ANN_RN(1.0),N_A,17,AFY,MNF_WOOD_PRD,DEPRC,2023,2022,0,2023-03-31,PT,3.4926
RBI:PRF_LNGNFC_INDUS_ANN_RN(1.0),N_A,17,AFY,MNF_WOOD_PRD,EBITDA,2023,2022,0,2023-03-31,PT,18.2819
RBI:PRF_LNGNFC_INDUS_ANN_RN(1.0),N_A,17,AFY,MNF_WOOD_PRD,EXPD,2023,2022,0,2023-03-31,PT,19.4294
RBI:PRF_LNGNFC_INDUS_ANN_RN(1.0),N_A,17,AFY,MNF_WOOD_PRD,GROSS_PFT_EBIT,2023,2022,0,2023-03-31,PT,21.5378
RBI:PRF_LNGNFC_INDUS_ANN_RN(1.0),N_A,17,AFY,MNF_WOOD_PRD,INT,2023,2022,0,2023-03-31,PT,18.0648
RBI:PRF_LNGNFC_INDUS_ANN_RN(1.0),N_A,17,AFY,MNF_WOOD_PRD,NET_PFT,2023,2022,0,2023-03-31,PT,34.3176
RBI:PRF_LNGNFC_INDUS_ANN_RN(1.0),N_A,17,AFY,MNF_WOOD_PRD,OPR_PFT,2023,2022,0,2023-03-31,PT,15.2651
RBI:PRF_LNGNFC_INDUS_ANN_RN(1.0),N_A,17,AFY,MNF_WOOD_PRD,OTH_INC,2023,2022,0,2023-03-31,PT,72.3942
RBI:PRF_LNGNFC_INDUS_ANN_RN(1.0),N_A,17,AFY,MNF_WOOD_PRD,PC_SHARE_SAL,2023,2022,0,2023-03-31,PT,0.209459
RBI:PRF_LNGNFC_INDUS_ANN_RN(1.0),N_A,17,AFY,MNF_WOOD_PRD,SALES,2023,2022,0,2023-03-31,INR,121246000000
RBI:PRF_LNGNFC_INDUS_ANN_RN(1.0),N_A,17,AFY,MNF_WOOD_PRD,SALES,2023,2022,0,2023-03-31,PT,20.9995
RBI:PRF_LNGNFC_INDUS_ANN_RN(1.0),N_A,17,AFY,MNF_WOOD_PRD,TAX_PROV,2023,2022,0,2023-03-31,PT,0.0145
RBI:PRF_LNGNFC_INDUS_ANN_RN(1.0),N_A,689,AFY,SERV_OTH_IT,DEPRC,2023,2022,0,2023-03-31,PT,4.1667
RBI:PRF_LNGNFC_INDUS_ANN_RN(1.0),N_A,689,AFY,SERV_OTH_IT,EBITDA,2023,2022,0,2023-03-31,PT,18.1368
RBI:PRF_LNGNFC_INDUS_ANN_RN(1.0),N_A,689,AFY,SERV_OTH_IT,EXPD,2023,2022,0,2023-03-31,PT,37.7737
RBI:PRF_LNGNFC_INDUS_ANN_RN(1.0),N_A,689,AFY,SERV_OTH_IT,GROSS_PFT_EBIT,2023,2022,0,2023-03-31,PT,39.1962
RBI:PRF_LNGNFC_INDUS_ANN_RN(1.0),N_A,689,AFY,SERV_OTH_IT,INT,2023,2022,0,2023-03-31,PT,9.7256
RBI:PRF_LNGNFC_INDUS_ANN_RN(1.0),N_A,689,AFY,SERV_OTH_IT,OPR_PFT,2023,2022,0,2023-03-31,PT,15.0575
RBI:PRF_LNGNFC_INDUS_ANN_RN(1.0),N_A,689,AFY,SERV_OTH_IT,OTH_INC,2023,2022,0,2023-03-31,PT,39.6339
RBI:PRF_LNGNFC_INDUS_ANN_RN(1.0),N_A,689,AFY,SERV_OTH_IT,PC_SHARE_SAL,2023,2022,0,2023-03-31,PT,10.54796
RBI:PRF_LNGNFC_INDUS_ANN_RN(1.0),N_A,689,AFY,SERV_OTH_IT,SALES,2023,2022,0,2023-03-31,INR,6105725200000
RBI:PRF_LNGNFC_INDUS_ANN_RN(1.0),N_A,689,AFY,SERV_OTH_IT,SALES,2023,2022,0,2023-03-31,PT,33.5272
RBI:PRF_LNGNFC_INDUS_ANN_RN(1.0),N_A,689,AFY,SERV_OTH_IT,TAX_PROV,2023,2022,0,2023-03-31,PT,15.2547
RBI:PRF_LNGNFC_INDUS_ANN_RN(1.0),N_A,27,AFY,SOI_BSS,DEPRC,2023,2022,0,2023-03-31,PT,24.827
RBI:PRF_LNGNFC_INDUS_ANN_RN(1.0),N_A,27,AFY,SOI_BSS,EBITDA,2023,2022,0,2023-03-31,PT,31.8161
RBI:PRF_LNGNFC_INDUS_ANN_RN(1.0),N_A,27,AFY,SOI_BSS,EXPD,2023,2022,0,2023-03-31,PT,31.7669
RBI:PRF_LNGNFC_INDUS_ANN_RN(1.0),N_A,27,AFY,SOI_BSS,GROSS_PFT_EBIT,2023,2022,0,2023-03-31,PT,33.3711
RBI:PRF_LNGNFC_INDUS_ANN_RN(1.0),N_A,27,AFY,SOI_BSS,INT,2023,2022,0,2023-03-31,PT,32.6338
RBI:PRF_LNGNFC_INDUS_ANN_RN(1.0),N_A,27,AFY,SOI_BSS,NET_PFT,2023,2022,0,2023-03-31,PT,36.6703
RBI:PRF_LNGNFC_INDUS_ANN_RN(1.0),N_A,27,AFY,SOI_BSS,OPR_PFT,2023,2022,0,2023-03-31,PT,31.1289
RBI:PRF_LNGNFC_INDUS_ANN_RN(1.0),N_A,27,AFY,SOI_BSS,OTH_INC,2023,2022,0,2023-03-31,PT,43.0422
RBI:PRF_LNGNFC_INDUS_ANN_RN(1.0),N_A,27,AFY,SOI_BSS,PC_SHARE_SAL,2023,2022,0,2023-03-31,PT,0.075219
RBI:PRF_LNGNFC_INDUS_ANN_RN(1.0),N_A,27,AFY,SOI_BSS,SALES,2023,2022,0,2023-03-31,INR,43540700000
RBI:PRF_LNGNFC_INDUS_ANN_RN(1.0),N_A,27,AFY,SOI_BSS,SALES,2023,2022,0,2023-03-31,PT,29.7445
RBI:PRF_LNGNFC_INDUS_ANN_RN(1.0),N_A,27,AFY,SOI_BSS,TAX_PROV,2023,2022,0,2023-03-31,PT,39.4197
RBI:PRF_LNGNFC_INDUS_ANN_RN(1.0),N_A,53,AFY,SOI_HNR,DEPRC,2023,2022,0,2023-03-31,PT,15.5961
RBI:PRF_LNGNFC_INDUS_ANN_RN(1.0),N_A,53,AFY,SOI_HNR,EBITDA,2023,2022,0,2023-03-31,PT,91.2983
RBI:PRF_LNGNFC_INDUS_ANN_RN(1.0),N_A,53,AFY,SOI_HNR,EXPD,2023,2022,0,2023-03-31,PT,38.4967
RBI:PRF_LNGNFC_INDUS_ANN_RN(1.0),N_A,53,AFY,SOI_HNR,INT,2023,2022,0,2023-03-31,PT,-7.553
RBI:PRF_LNGNFC_INDUS_ANN_RN(1.0),N_A,53,AFY,SOI_HNR,OPR_PFT,2023,2022,0,2023-03-31,PT,105.3844
RBI:PRF_LNGNFC_INDUS_ANN_RN(1.0),N_A,53,AFY,SOI_HNR,OTH_INC,2023,2022,0,2023-03-31,PT,20.5364
RBI:PRF_LNGNFC_INDUS_ANN_RN(1.0),N_A,53,AFY,SOI_HNR,PC_SHARE_SAL,2023,2022,0,2023-03-31,PT,0.416709
RBI:PRF_LNGNFC_INDUS_ANN_RN(1.0),N_A,53,AFY,SOI_HNR,SALES,2023,2022,0,2023-03-31,INR,241213800000
RBI:PRF_LNGNFC_INDUS_ANN_RN(1.0),N_A,53,AFY,SOI_HNR,SALES,2023,2022,0,2023-03-31,PT,50.7816
RBI:PRF_LNGNFC_INDUS_ANN_RN(1.0),N_A,25,AFY,SOI_HS,DEPRC,2023,2022,0,2023-03-31,PT,6.4542
RBI:PRF_LNGNFC_INDUS_ANN_RN(1.0),N_A,25,AFY,SOI_HS,EBITDA,2023,2022,0,2023-03-31,PT,20.0984
RBI:PRF_LNGNFC_INDUS_ANN_RN(1.0),N_A,25,AFY,SOI_HS,EXPD,2023,2022,0,2023-03-31,PT,11.3756
RBI:PRF_LNGNFC_INDUS_ANN_RN(1.0),N_A,25,AFY,SOI_HS,GROSS_PFT_EBIT,2023,2022,0,2023-03-31,PT,25.4809
RBI:PRF_LNGNFC_INDUS_ANN_RN(1.0),N_A,25,AFY,SOI_HS,INT,2023,2022,0,2023-03-31,PT,-0.9327
RBI:PRF_LNGNFC_INDUS_ANN_RN(1.0),N_A,25,AFY,SOI_HS,NET_PFT,2023,2022,0,2023-03-31,PT,42.6031
RBI:PRF_LNGNFC_INDUS_ANN_RN(1.0),N_A,25,AFY,SOI_HS,OPR_PFT,2023,2022,0,2023-03-31,PT,19.5922
RBI:PRF_LNGNFC_INDUS_ANN_RN(1.0),N_A,25,AFY,SOI_HS,OTH_INC,2023,2022,0,2023-03-31,PT,23.8285
RBI:PRF_LNGNFC_INDUS_ANN_RN(1.0),N_A,25,AFY,SOI_HS,PC_SHARE_SAL,2023,2022,0,2023-03-31,PT,0.337286
RBI:PRF_LNGNFC_INDUS_ANN_RN(1.0),N_A,25,AFY,SOI_HS,SALES,2023,2022,0,2023-03-31,INR,195239100000
RBI:PRF_LNGNFC_INDUS_ANN_RN(1.0),N_A,25,AFY,SOI_HS,SALES,2023,2022,0,2023-03-31,PT,13.1465
RBI:PRF_LNGNFC_INDUS_ANN_RN(1.0),N_A,25,AFY,SOI_HS,TAX_PROV,2023,2022,0,2023-03-31,PT,123.3763
RBI:PRF_LNGNFC_INDUS_ANN_RN(1.0),N_A,107,AFY,SOI_OTH,DEPRC,2023,2022,0,2023-03-31,PT,-1.9137
RBI:PRF_LNGNFC_INDUS_ANN_RN(1.0),N_A,107,AFY,SOI_OTH,EBITDA,2023,2022,0,2023-03-31,PT,14.4389
RBI:PRF_LNGNFC_INDUS_ANN_RN(1.0),N_A,107,AFY,SOI_OTH,EXPD,2023,2022,0,2023-03-31,PT,25.617
RBI:PRF_LNGNFC_INDUS_ANN_RN(1.0),N_A,107,AFY,SOI_OTH,GROSS_PFT_EBIT,2023,2022,0,2023-03-31,PT,20.8488
RBI:PRF_LNGNFC_INDUS_ANN_RN(1.0),N_A,107,AFY,SOI_OTH,INT,2023,2022,0,2023-03-31,PT,-5.4988
RBI:PRF_LNGNFC_INDUS_ANN_RN(1.0),N_A,107,AFY,SOI_OTH,NET_PFT,2023,2022,0,2023-03-31,PT,51.7721
RBI:PRF_LNGNFC_INDUS_ANN_RN(1.0),N_A,107,AFY,SOI_OTH,OPR_PFT,2023,2022,0,2023-03-31,PT,22.4053
RBI:PRF_LNGNFC_INDUS_ANN_RN(1.0),N_A,107,AFY,SOI_OTH,OTH_INC,2023,2022,0,2023-03-31,PT,-5.6664
RBI:PRF_LNGNFC_INDUS_ANN_RN(1.0),N_A,107,AFY,SOI_OTH,PC_SHARE_SAL,2023,2022,0,2023-03-31,PT,0.707562
RBI:PRF_LNGNFC_INDUS_ANN_RN(1.0),N_A,107,AFY,SOI_OTH,SALES,2023,2022,0,2023-03-31,INR,409574800000
RBI:PRF_LNGNFC_INDUS_ANN_RN(1.0),N_A,107,AFY,SOI_OTH,SALES,2023,2022,0,2023-03-31,PT,25.3353
RBI:PRF_LNGNFC_INDUS_ANN_RN(1.0),N_A,107,AFY,SOI_OTH,TAX_PROV,2023,2022,0,2023-03-31,PT,14.0766
RBI:PRF_LNGNFC_INDUS_ANN_RN(1.0),N_A,62,AFY,SOI_RE,DEPRC,2023,2022,0,2023-03-31,PT,9.8403
RBI:PRF_LNGNFC_INDUS_ANN_RN(1.0),N_A,62,AFY,SOI_RE,EBITDA,2023,2022,0,2023-03-31,PT,20.8759
RBI:PRF_LNGNFC_INDUS_ANN_RN(1.0),N_A,62,AFY,SOI_RE,EXPD,2023,2022,0,2023-03-31,PT,62.2259
RBI:PRF_LNGNFC_INDUS_ANN_RN(1.0),N_A,62,AFY,SOI_RE,GROSS_PFT_EBIT,2023,2022,0,2023-03-31,PT,21.4926
RBI:PRF_LNGNFC_INDUS_ANN_RN(1.0),N_A,62,AFY,SOI_RE,INT,2023,2022,0,2023-03-31,PT,3.1019
RBI:PRF_LNGNFC_INDUS_ANN_RN(1.0),N_A,62,AFY,SOI_RE,NET_PFT,2023,2022,0,2023-03-31,PT,44.5304
RBI:PRF_LNGNFC_INDUS_ANN_RN(1.0),N_A,62,AFY,SOI_RE,OPR_PFT,2023,2022,0,2023-03-31,PT,9.7974
RBI:PRF_LNGNFC_INDUS_ANN_RN(1.0),N_A,62,AFY,SOI_RE,OTH_INC,2023,2022,0,2023-03-31,PT,65.6199
RBI:PRF_LNGNFC_INDUS_ANN_RN(1.0),N_A,62,AFY,SOI_RE,PC_SHARE_SAL,2023,2022,0,2023-03-31,PT,0.266549
RBI:PRF_LNGNFC_INDUS_ANN_RN(1.0),N_A,62,AFY,SOI_RE,SALES,2023,2022,0,2023-03-31,INR,154292600000
RBI:PRF_LNGNFC_INDUS_ANN_RN(1.0),N_A,62,AFY,SOI_RE,SALES,2023,2022,0,2023-03-31,PT,17.5473
RBI:PRF_LNGNFC_INDUS_ANN_RN(1.0),N_A,62,AFY,SOI_RE,TAX_PROV,2023,2022,0,2023-03-31,PT,10.4578
RBI:PRF_LNGNFC_INDUS_ANN_RN(1.0),N_A,13,AFY,SOI_TCOMM,DEPRC,2023,2022,0,2023-03-31,PT,2.9636
RBI:PRF_LNGNFC_INDUS_ANN_RN(1.0),N_A,13,AFY,SOI_TCOMM,EBITDA,2023,2022,0,2023-03-31,PT,3.3972
RBI:PRF_LNGNFC_INDUS_ANN_RN(1.0),N_A,13,AFY,SOI_TCOMM,EXPD,2023,2022,0,2023-03-31,PT,23.8615
RBI:PRF_LNGNFC_INDUS_ANN_RN(1.0),N_A,13,AFY,SOI_TCOMM,GROSS_PFT_EBIT,2023,2022,0,2023-03-31,PT,4.9556
RBI:PRF_LNGNFC_INDUS_ANN_RN(1.0),N_A,13,AFY,SOI_TCOMM,INT,2023,2022,0,2023-03-31,PT,9.4617
RBI:PRF_LNGNFC_INDUS_ANN_RN(1.0),N_A,13,AFY,SOI_TCOMM,OPR_PFT,2023,2022,0,2023-03-31,PT,0.2343
RBI:PRF_LNGNFC_INDUS_ANN_RN(1.0),N_A,13,AFY,SOI_TCOMM,OTH_INC,2023,2022,0,2023-03-31,PT,128.4114
RBI:PRF_LNGNFC_INDUS_ANN_RN(1.0),N_A,13,AFY,SOI_TCOMM,PC_SHARE_SAL,2023,2022,0,2023-03-31,PT,2.882563
RBI:PRF_LNGNFC_INDUS_ANN_RN(1.0),N_A,13,AFY,SOI_TCOMM,SALES,2023,2022,0,2023-03-31,INR,1668582400000
RBI:PRF_LNGNFC_INDUS_ANN_RN(1.0),N_A,13,AFY,SOI_TCOMM,SALES,2023,2022,0,2023-03-31,PT,13.0162
RBI:PRF_LNGNFC_INDUS_ANN_RN(1.0),N_A,13,AFY,SOI_TCOMM,TAX_PROV,2023,2022,0,2023-03-31,PT,-1.605
RBI:PRF_LNGNFC_INDUS_ANN_RN(1.0),N_A,58,AFY,SOI_TSS,DEPRC,2023,2022,0,2023-03-31,PT,2.1795
RBI:PRF_LNGNFC_INDUS_ANN_RN(1.0),N_A,58,AFY,SOI_TSS,EBITDA,2023,2022,0,2023-03-31,PT,70.8552
RBI:PRF_LNGNFC_INDUS_ANN_RN(1.0),N_A,58,AFY,SOI_TSS,EXPD,2023,2022,0,2023-03-31,PT,52.3891
RBI:PRF_LNGNFC_INDUS_ANN_RN(1.0),N_A,58,AFY,SOI_TSS,INT,2023,2022,0,2023-03-31,PT,17.7824
RBI:PRF_LNGNFC_INDUS_ANN_RN(1.0),N_A,58,AFY,SOI_TSS,OPR_PFT,2023,2022,0,2023-03-31,PT,99.7834
RBI:PRF_LNGNFC_INDUS_ANN_RN(1.0),N_A,58,AFY,SOI_TSS,OTH_INC,2023,2022,0,2023-03-31,PT,24.854
RBI:PRF_LNGNFC_INDUS_ANN_RN(1.0),N_A,58,AFY,SOI_TSS,PC_SHARE_SAL,2023,2022,0,2023-03-31,PT,1.661428
RBI:PRF_LNGNFC_INDUS_ANN_RN(1.0),N_A,58,AFY,SOI_TSS,SALES,2023,2022,0,2023-03-31,INR,961723600000
RBI:PRF_LNGNFC_INDUS_ANN_RN(1.0),N_A,58,AFY,SOI_TSS,SALES,2023,2022,0,2023-03-31,PT,57.3842
RBI:PRF_LNGNFC_INDUS_ANN_RN(1.0),N_A,58,AFY,SOI_TSS,TAX_PROV,2023,2022,0,2023-03-31,PT,-30.4362
RBI:PRF_LNGNFC_INDUS_ANN_RN(1.0),N_A,42,AFY,SOI_VTPB,DEPRC,2023,2022,0,2023-03-31,PT,28.8346
RBI:PRF_LNGNFC_INDUS_ANN_RN(1.0),N_A,42,AFY,SOI_VTPB,EBITDA,2023,2022,0,2023-03-31,PT,-4.8117
RBI:PRF_LNGNFC_INDUS_ANN_RN(1.0),N_A,42,AFY,SOI_VTPB,EXPD,2023,2022,0,2023-03-31,PT,30.2828
RBI:PRF_LNGNFC_INDUS_ANN_RN(1.0),N_A,42,AFY,SOI_VTPB,GROSS_PFT_EBIT,2023,2022,0,2023-03-31,PT,-14.1113
RBI:PRF_LNGNFC_INDUS_ANN_RN(1.0),N_A,42,AFY,SOI_VTPB,INT,2023,2022,0,2023-03-31,PT,13.438
RBI:PRF_LNGNFC_INDUS_ANN_RN(1.0),N_A,42,AFY,SOI_VTPB,NET_PFT,2023,2022,0,2023-03-31,PT,-47.1179
RBI:PRF_LNGNFC_INDUS_ANN_RN(1.0),N_A,42,AFY,SOI_VTPB,OPR_PFT,2023,2022,0,2023-03-31,PT,-6.8934
RBI:PRF_LNGNFC_INDUS_ANN_RN(1.0),N_A,42,AFY,SOI_VTPB,OTH_INC,2023,2022,0,2023-03-31,PT,6.8246
RBI:PRF_LNGNFC_INDUS_ANN_RN(1.0),N_A,42,AFY,SOI_VTPB,PC_SHARE_SAL,2023,2022,0,2023-03-31,PT,0.346985
RBI:PRF_LNGNFC_INDUS_ANN_RN(1.0),N_A,42,AFY,SOI_VTPB,SALES,2023,2022,0,2023-03-31,INR,200853700000
RBI:PRF_LNGNFC_INDUS_ANN_RN(1.0),N_A,42,AFY,SOI_VTPB,SALES,2023,2022,0,2023-03-31,PT,19.8434
RBI:PRF_LNGNFC_INDUS_ANN_RN(1.0),N_A,42,AFY,SOI_VTPB,TAX_PROV,2023,2022,0,2023-03-31,PT,-16.1368
RBI:PRF_LNGNFC_INDUS_ANN_RN(1.0),N_A,302,AFY,SOI_WRT,DEPRC,2023,2022,0,2023-03-31,PT,17.875
RBI:PRF_LNGNFC_INDUS_ANN_RN(1.0),N_A,302,AFY,SOI_WRT,EBITDA,2023,2022,0,2023-03-31,PT,51.1129
RBI:PRF_LNGNFC_INDUS_ANN_RN(1.0),N_A,302,AFY,SOI_WRT,EXPD,2023,2022,0,2023-03-31,PT,43.9322
RBI:PRF_LNGNFC_INDUS_ANN_RN(1.0),N_A,302,AFY,SOI_WRT,GROSS_PFT_EBIT,2023,2022,0,2023-03-31,PT,60.2967
RBI:PRF_LNGNFC_INDUS_ANN_RN(1.0),N_A,302,AFY,SOI_WRT,INT,2023,2022,0,2023-03-31,PT,15.9045
RBI:PRF_LNGNFC_INDUS_ANN_RN(1.0),N_A,302,AFY,SOI_WRT,NET_PFT,2023,2022,0,2023-03-31,PT,119.8637
RBI:PRF_LNGNFC_INDUS_ANN_RN(1.0),N_A,302,AFY,SOI_WRT,OPR_PFT,2023,2022,0,2023-03-31,PT,58.9278
RBI:PRF_LNGNFC_INDUS_ANN_RN(1.0),N_A,302,AFY,SOI_WRT,OTH_INC,2023,2022,0,2023-03-31,PT,38.4877
RBI:PRF_LNGNFC_INDUS_ANN_RN(1.0),N_A,302,AFY,SOI_WRT,PC_SHARE_SAL,2023,2022,0,2023-03-31,PT,3.853659
RBI:PRF_LNGNFC_INDUS_ANN_RN(1.0),N_A,302,AFY,SOI_WRT,SALES,2023,2022,0,2023-03-31,INR,2230704500000
RBI:PRF_LNGNFC_INDUS_ANN_RN(1.0),N_A,302,AFY,SOI_WRT,SALES,2023,2022,0,2023-03-31,PT,49.3669
RBI:PRF_LNGNFC_INDUS_ANN_RN(1.0),N_A,302,AFY,SOI_WRT,TAX_PROV,2023,2022,0,2023-03-31,PT,36.4758
RBI:PRF_LNGNFC_INDUS_ANN_RN(1.0),N_A,39,AFY,AGR_REL_ACT,DEPRC,2024,2023,0,2024-03-31,PT,8.347500108975
RBI:PRF_LNGNFC_INDUS_ANN_RN(1.0),N_A,39,AFY,AGR_REL_ACT,EBITDA,2024,2023,0,2024-03-31,PT,-20.037075180227
RBI:PRF_LNGNFC_INDUS_ANN_RN(1.0),N_A,39,AFY,AGR_REL_ACT,EXPD,2024,2023,0,2024-03-31,PT,4.634460550064
RBI:PRF_LNGNFC_INDUS_ANN_RN(1.0),N_A,39,AFY,AGR_REL_ACT,GROSS_PFT_EBIT,2024,2023,0,2024-03-31,PT,-28.817810380399
RBI:PRF_LNGNFC_INDUS_ANN_RN(1.0),N_A,39,AFY,AGR_REL_ACT,INT,2024,2023,0,2024-03-31,PT,8.373613875462
RBI:PRF_LNGNFC_INDUS_ANN_RN(1.0),N_A,39,AFY,AGR_REL_ACT,OPR_PFT,2024,2023,0,2024-03-31,PT,-36.4149004139
RBI:PRF_LNGNFC_INDUS_ANN_RN(1.0),N_A,39,AFY,AGR_REL_ACT,OTH_INC,2024,2023,0,2024-03-31,PT,26.938092582264
RBI:PRF_LNGNFC_INDUS_ANN_RN(1.0),N_A,39,AFY,AGR_REL_ACT,PC_SHARE_SAL,2024,2023,0,2024-03-31,PT,0.217647874663
RBI:PRF_LNGNFC_INDUS_ANN_RN(1.0),N_A,39,AFY,AGR_REL_ACT,SALES,2024,2023,0,2024-03-31,INR,0.0
RBI:PRF_LNGNFC_INDUS_ANN_RN(1.0),N_A,39,AFY,AGR_REL_ACT,SALES,2024,2023,0,2024-03-31,PT,2.966408893185
RBI:PRF_LNGNFC_INDUS_ANN_RN(1.0),N_A,39,AFY,AGR_REL_ACT,TAX_PROV,2024,2023,0,2024-03-31,PT,15.086473131563
RBI:PRF_LNGNFC_INDUS_ANN_RN(1.0),N_A,27,AFY,AGR_REL_ACT_OTH,DEPRC,2024,2023,0,2024-03-31,PT,14.703468089473
RBI:PRF_LNGNFC_INDUS_ANN_RN(1.0),N_A,27,AFY,AGR_REL_ACT_OTH,EBITDA,2024,2023,0,2024-03-31,PT,12.925057774843
RBI:PRF_LNGNFC_INDUS_ANN_RN(1.0),N_A,27,AFY,AGR_REL_ACT_OTH,EXPD,2024,2023,0,2024-03-31,PT,7.26309256582
RBI:PRF_LNGNFC_INDUS_ANN_RN(1.0),N_A,27,AFY,AGR_REL_ACT_OTH,GROSS_PFT_EBIT,2024,2023,0,2024-03-31,PT,12.649722001589
RBI:PRF_LNGNFC_INDUS_ANN_RN(1.0),N_A,27,AFY,AGR_REL_ACT_OTH,INT,2024,2023,0,2024-03-31,PT,18.75326848656
RBI:PRF_LNGNFC_INDUS_ANN_RN(1.0),N_A,27,AFY,AGR_REL_ACT_OTH,NET_PFT,2024,2023,0,2024-03-31,PT,11.772578048219
RBI:PRF_LNGNFC_INDUS_ANN_RN(1.0),N_A,27,AFY,AGR_REL_ACT_OTH,OPR_PFT,2024,2023,0,2024-03-31,PT,13.876029475509
RBI:PRF_LNGNFC_INDUS_ANN_RN(1.0),N_A,27,AFY,AGR_REL_ACT_OTH,OTH_INC,2024,2023,0,2024-03-31,PT,9.273683509753
RBI:PRF_LNGNFC_INDUS_ANN_RN(1.0),N_A,27,AFY,AGR_REL_ACT_OTH,PC_SHARE_SAL,2024,2023,0,2024-03-31,PT,0.154009330678
RBI:PRF_LNGNFC_INDUS_ANN_RN(1.0),N_A,27,AFY,AGR_REL_ACT_OTH,SALES,2024,2023,0,2024-03-31,INR,0.0
RBI:PRF_LNGNFC_INDUS_ANN_RN(1.0),N_A,27,AFY,AGR_REL_ACT_OTH,SALES,2024,2023,0,2024-03-31,PT,7.623147673281
RBI:PRF_LNGNFC_INDUS_ANN_RN(1.0),N_A,27,AFY,AGR_REL_ACT_OTH,TAX_PROV,2024,2023,0,2024-03-31,PT,15.922028635501
RBI:PRF_LNGNFC_INDUS_ANN_RN(1.0),N_A,12,AFY,ARA_TCP,DEPRC,2024,2023,0,2024-03-31,PT,3.652898825313
RBI:PRF_LNGNFC_INDUS_ANN_RN(1.0),N_A,12,AFY,ARA_TCP,EBITDA,2024,2023,0,2024-03-31,PT,-118.226520242583
RBI:PRF_LNGNFC_INDUS_ANN_RN(1.0),N_A,12,AFY,ARA_TCP,EXPD,2024,2023,0,2024-03-31,PT,-0.664904135397
RBI:PRF_LNGNFC_INDUS_ANN_RN(1.0),N_A,12,AFY,ARA_TCP,INT,2024,2023,0,2024-03-31,PT,4.498418524737
RBI:PRF_LNGNFC_INDUS_ANN_RN(1.0),N_A,12,AFY,ARA_TCP,OTH_INC,2024,2023,0,2024-03-31,PT,53.258605297094
RBI:PRF_LNGNFC_INDUS_ANN_RN(1.0),N_A,12,AFY,ARA_TCP,PC_SHARE_SAL,2024,2023,0,2024-03-31,PT,0.063638543985
RBI:PRF_LNGNFC_INDUS_ANN_RN(1.0),N_A,12,AFY,ARA_TCP,SALES,2024,2023,0,2024-03-31,INR,0.0
RBI:PRF_LNGNFC_INDUS_ANN_RN(1.0),N_A,12,AFY,ARA_TCP,SALES,2024,2023,0,2024-03-31,PT,-6.793569619054
RBI:PRF_LNGNFC_INDUS_ANN_RN(1.0),N_A,12,AFY,ARA_TCP,TAX_PROV,2024,2023,0,2024-03-31,PT,7.952871870398
RBI:PRF_LNGNFC_INDUS_ANN_RN(1.0),N_A,186,AFY,CONSTRN,DEPRC,2024,2023,0,2024-03-31,PT,15.199737331728
RBI:PRF_LNGNFC_INDUS_ANN_RN(1.0),N_A,186,AFY,CONSTRN,EBITDA,2024,2023,0,2024-03-31,PT,19.272290583915
RBI:PRF_LNGNFC_INDUS_ANN_RN(1.0),N_A,186,AFY,CONSTRN,EXPD,2024,2023,0,2024-03-31,PT,10.515015374595
RBI:PRF_LNGNFC_INDUS_ANN_RN(1.0),N_A,186,AFY,CONSTRN,GROSS_PFT_EBIT,2024,2023,0,2024-03-31,PT,19.918881309252
RBI:PRF_LNGNFC_INDUS_ANN_RN(1.0),N_A,186,AFY,CONSTRN,INT,2024,2023,0,2024-03-31,PT,-0.998726273655
RBI:PRF_LNGNFC_INDUS_ANN_RN(1.0),N_A,186,AFY,CONSTRN,NET_PFT,2024,2023,0,2024-03-31,PT,82.981072124131
RBI:PRF_LNGNFC_INDUS_ANN_RN(1.0),N_A,186,AFY,CONSTRN,OPR_PFT,2024,2023,0,2024-03-31,PT,15.428252390756
RBI:PRF_LNGNFC_INDUS_ANN_RN(1.0),N_A,186,AFY,CONSTRN,OTH_INC,2024,2023,0,2024-03-31,PT,29.258070694273
RBI:PRF_LNGNFC_INDUS_ANN_RN(1.0),N_A,186,AFY,CONSTRN,PC_SHARE_SAL,2024,2023,0,2024-03-31,PT,5.498663857464
RBI:PRF_LNGNFC_INDUS_ANN_RN(1.0),N_A,186,AFY,CONSTRN,SALES,2024,2023,0,2024-03-31,INR,0.0
RBI:PRF_LNGNFC_INDUS_ANN_RN(1.0),N_A,186,AFY,CONSTRN,SALES,2024,2023,0,2024-03-31,PT,13.520782855481
RBI:PRF_LNGNFC_INDUS_ANN_RN(1.0),N_A,186,AFY,CONSTRN,TAX_PROV,2024,2023,0,2024-03-31,PT,17.429400496899
RBI:PRF_LNGNFC_INDUS_ANN_RN(1.0),N_A,28,AFY,ELC_GAS_SPLY,DEPRC,2024,2023,0,2024-03-31,PT,6.242094320201
RBI:PRF_LNGNFC_INDUS_ANN_RN(1.0),N_A,28,AFY,ELC_GAS_SPLY,EBITDA,2024,2023,0,2024-03-31,PT,37.487990366114
RBI:PRF_LNGNFC_INDUS_ANN_RN(1.0),N_A,28,AFY,ELC_GAS_SPLY,EXPD,2024,2023,0,2024-03-31,PT,7.805982618477
RBI:PRF_LNGNFC_INDUS_ANN_RN(1.0),N_A,28,AFY,ELC_GAS_SPLY,GROSS_PFT_EBIT,2024,2023,0,2024-03-31,PT,45.519431242814
RBI:PRF_LNGNFC_INDUS_ANN_RN(1.0),N_A,28,AFY,ELC_GAS_SPLY,INT,2024,2023,0,2024-03-31,PT,1.83788495718
RBI:PRF_LNGNFC_INDUS_ANN_RN(1.0),N_A,28,AFY,ELC_GAS_SPLY,NET_PFT,2024,2023,0,2024-03-31,PT,41.910996403068
RBI:PRF_LNGNFC_INDUS_ANN_RN(1.0),N_A,28,AFY,ELC_GAS_SPLY,OPR_PFT,2024,2023,0,2024-03-31,PT,38.212400135848
RBI:PRF_LNGNFC_INDUS_ANN_RN(1.0),N_A,28,AFY,ELC_GAS_SPLY,OTH_INC,2024,2023,0,2024-03-31,PT,36.239314167227
RBI:PRF_LNGNFC_INDUS_ANN_RN(1.0),N_A,28,AFY,ELC_GAS_SPLY,PC_SHARE_SAL,2024,2023,0,2024-03-31,PT,2.578707754862
RBI:PRF_LNGNFC_INDUS_ANN_RN(1.0),N_A,28,AFY,ELC_GAS_SPLY,SALES,2024,2023,0,2024-03-31,INR,0.0
RBI:PRF_LNGNFC_INDUS_ANN_RN(1.0),N_A,28,AFY,ELC_GAS_SPLY,SALES,2024,2023,0,2024-03-31,PT,9.162718819558
RBI:PRF_LNGNFC_INDUS_ANN_RN(1.0),N_A,28,AFY,ELC_GAS_SPLY,TAX_PROV,2024,2023,0,2024-03-31,PT,63.315144666805
RBI:PRF_LNGNFC_INDUS_ANN_RN(1.0),N_A,3281,AFY,INDS_GRP_ALL_COMP,DEPRC,2024,2023,0,2024-03-31,PT,10.317477725398
RBI:PRF_LNGNFC_INDUS_ANN_RN(1.0),N_A,3281,AFY,INDS_GRP_ALL_COMP,EBITDA,2024,2023,0,2024-03-31,PT,13.778568952251
RBI:PRF_LNGNFC_INDUS_ANN_RN(1.0),N_A,3281,AFY,INDS_GRP_ALL_COMP,EXPD,2024,2023,0,2024-03-31,PT,2.818248549182
RBI:PRF_LNGNFC_INDUS_ANN_RN(1.0),N_A,3281,AFY,INDS_GRP_ALL_COMP,GROSS_PFT_EBIT,2024,2023,0,2024-03-31,PT,14.740626669316
RBI:PRF_LNGNFC_INDUS_ANN_RN(1.0),N_A,3281,AFY,INDS_GRP_ALL_COMP,INT,2024,2023,0,2024-03-31,PT,7.393730536678
RBI:PRF_LNGNFC_INDUS_ANN_RN(1.0),N_A,3281,AFY,INDS_GRP_ALL_COMP,NET_PFT,2024,2023,0,2024-03-31,PT,17.992563125438
RBI:PRF_LNGNFC_INDUS_ANN_RN(1.0),N_A,3281,AFY,INDS_GRP_ALL_COMP,OPR_PFT,2024,2023,0,2024-03-31,PT,14.448823824149
RBI:PRF_LNGNFC_INDUS_ANN_RN(1.0),N_A,3281,AFY,INDS_GRP_ALL_COMP,OTH_INC,2024,2023,0,2024-03-31,PT,10.241433865627
RBI:PRF_LNGNFC_INDUS_ANN_RN(1.0),N_A,3281,AFY,INDS_GRP_ALL_COMP,PC_SHARE_SAL,2024,2023,0,2024-03-31,PT,100.0
RBI:PRF_LNGNFC_INDUS_ANN_RN(1.0),N_A,3281,AFY,INDS_GRP_ALL_COMP,SALES,2024,2023,0,2024-03-31,INR,0.0
RBI:PRF_LNGNFC_INDUS_ANN_RN(1.0),N_A,3281,AFY,INDS_GRP_ALL_COMP,SALES,2024,2023,0,2024-03-31,PT,4.749949151753
RBI:PRF_LNGNFC_INDUS_ANN_RN(1.0),N_A,3281,AFY,INDS_GRP_ALL_COMP,TAX_PROV,2024,2023,0,2024-03-31,PT,13.07355417737
RBI:PRF_LNGNFC_INDUS_ANN_RN(1.0),N_A,211,AFY,IT_CSRS,DEPRC,2024,2023,0,2024-03-31,PT,3.288950651197
RBI:PRF_LNGNFC_INDUS_ANN_RN(1.0),N_A,211,AFY,IT_CSRS,EBITDA,2024,2023,0,2024-03-31,PT,10.209231947564
RBI:PRF_LNGNFC_INDUS_ANN_RN(1.0),N_A,211,AFY,IT_CSRS,EXPD,2024,2023,0,2024-03-31,PT,5.468026566603
RBI:PRF_LNGNFC_INDUS_ANN_RN(1.0),N_A,211,AFY,IT_CSRS,GROSS_PFT_EBIT,2024,2023,0,2024-03-31,PT,10.982348045438
RBI:PRF_LNGNFC_INDUS_ANN_RN(1.0),N_A,211,AFY,IT_CSRS,INT,2024,2023,0,2024-03-31,PT,19.054502569286
RBI:PRF_LNGNFC_INDUS_ANN_RN(1.0),N_A,211,AFY,IT_CSRS,NET_PFT,2024,2023,0,2024-03-31,PT,10.547553784387
RBI:PRF_LNGNFC_INDUS_ANN_RN(1.0),N_A,211,AFY,IT_CSRS,OPR_PFT,2024,2023,0,2024-03-31,PT,5.578015666198
RBI:PRF_LNGNFC_INDUS_ANN_RN(1.0),N_A,211,AFY,IT_CSRS,OTH_INC,2024,2023,0,2024-03-31,PT,41.36916369879
RBI:PRF_LNGNFC_INDUS_ANN_RN(1.0),N_A,211,AFY,IT_CSRS,PC_SHARE_SAL,2024,2023,0,2024-03-31,PT,10.076880128577
RBI:PRF_LNGNFC_INDUS_ANN_RN(1.0),N_A,211,AFY,IT_CSRS,SALES,2024,2023,0,2024-03-31,INR,0.0
RBI:PRF_LNGNFC_INDUS_ANN_RN(1.0),N_A,211,AFY,IT_CSRS,SALES,2024,2023,0,2024-03-31,PT,5.491048307871
RBI:PRF_LNGNFC_INDUS_ANN_RN(1.0),N_A,211,AFY,IT_CSRS,TAX_PROV,2024,2023,0,2024-03-31,PT,2.35810266538
RBI:PRF_LNGNFC_INDUS_ANN_RN(1.0),N_A,33,AFY,MIN_N_QUARY,DEPRC,2024,2023,0,2024-03-31,PT,2.230336607068
RBI:PRF_LNGNFC_INDUS_ANN_RN(1.0),N_A,33,AFY,MIN_N_QUARY,EBITDA,2024,2023,0,2024-03-31,PT,13.372709264705
RBI:PRF_LNGNFC_INDUS_ANN_RN(1.0),N_A,33,AFY,MIN_N_QUARY,EXPD,2024,2023,0,2024-03-31,PT,-9.000890040416
RBI:PRF_LNGNFC_INDUS_ANN_RN(1.0),N_A,33,AFY,MIN_N_QUARY,GROSS_PFT_EBIT,2024,2023,0,2024-03-31,PT,15.246816579342
RBI:PRF_LNGNFC_INDUS_ANN_RN(1.0),N_A,33,AFY,MIN_N_QUARY,INT,2024,2023,0,2024-03-31,PT,-29.378978678453
RBI:PRF_LNGNFC_INDUS_ANN_RN(1.0),N_A,33,AFY,MIN_N_QUARY,NET_PFT,2024,2023,0,2024-03-31,PT,45.232696912558
RBI:PRF_LNGNFC_INDUS_ANN_RN(1.0),N_A,33,AFY,MIN_N_QUARY,OPR_PFT,2024,2023,0,2024-03-31,PT,14.906769299934
RBI:PRF_LNGNFC_INDUS_ANN_RN(1.0),N_A,33,AFY,MIN_N_QUARY,OTH_INC,2024,2023,0,2024-03-31,PT,1.931078193844
RBI:PRF_LNGNFC_INDUS_ANN_RN(1.0),N_A,33,AFY,MIN_N_QUARY,PC_SHARE_SAL,2024,2023,0,2024-03-31,PT,1.067165923294
RBI:PRF_LNGNFC_INDUS_ANN_RN(1.0),N_A,33,AFY,MIN_N_QUARY,SALES,2024,2023,0,2024-03-31,INR,0.0
RBI:PRF_LNGNFC_INDUS_ANN_RN(1.0),N_A,33,AFY,MIN_N_QUARY,SALES,2024,2023,0,2024-03-31,PT,-6.172983037117
RBI:PRF_LNGNFC_INDUS_ANN_RN(1.0),N_A,33,AFY,MIN_N_QUARY,TAX_PROV,2024,2023,0,2024-03-31,PT,31.557080536672
RBI:PRF_LNGNFC_INDUS_ANN_RN(1.0),N_A,1846,AFY,MNF,DEPRC,2024,2023,0,2024-03-31,PT,12.553852029001
RBI:PRF_LNGNFC_INDUS_ANN_RN(1.0),N_A,1846,AFY,MNF,EBITDA,2024,2023,0,2024-03-31,PT,10.35532628964
RBI:PRF_LNGNFC_INDUS_ANN_RN(1.0),N_A,1846,AFY,MNF,EXPD,2024,2023,0,2024-03-31,PT,1.920098498207
RBI:PRF_LNGNFC_INDUS_ANN_RN(1.0),N_A,1846,AFY,MNF,GROSS_PFT_EBIT,2024,2023,0,2024-03-31,PT,9.863882393551
RBI:PRF_LNGNFC_INDUS_ANN_RN(1.0),N_A,1846,AFY,MNF,INT,2024,2023,0,2024-03-31,PT,11.292900620706
RBI:PRF_LNGNFC_INDUS_ANN_RN(1.0),N_A,1846,AFY,MNF,NET_PFT,2024,2023,0,2024-03-31,PT,8.544459670911
RBI:PRF_LNGNFC_INDUS_ANN_RN(1.0),N_A,1846,AFY,MNF,OPR_PFT,2024,2023,0,2024-03-31,PT,12.357351210323
RBI:PRF_LNGNFC_INDUS_ANN_RN(1.0),N_A,1846,AFY,MNF,OTH_INC,2024,2023,0,2024-03-31,PT,-1.060385459719
RBI:PRF_LNGNFC_INDUS_ANN_RN(1.0),N_A,1846,AFY,MNF,PC_SHARE_SAL,2024,2023,0,2024-03-31,PT,68.459871242923
RBI:PRF_LNGNFC_INDUS_ANN_RN(1.0),N_A,1846,AFY,MNF,SALES,2024,2023,0,2024-03-31,INR,0.0
RBI:PRF_LNGNFC_INDUS_ANN_RN(1.0),N_A,1846,AFY,MNF,SALES,2024,2023,0,2024-03-31,PT,3.486027907887
RBI:PRF_LNGNFC_INDUS_ANN_RN(1.0),N_A,1846,AFY,MNF,TAX_PROV,2024,2023,0,2024-03-31,PT,13.088256817421
RBI:PRF_LNGNFC_INDUS_ANN_RN(1.0),N_A,34,AFY,MNF_CCP,DEPRC,2024,2023,0,2024-03-31,PT,8.477001103645
RBI:PRF_LNGNFC_INDUS_ANN_RN(1.0),N_A,34,AFY,MNF_CCP,EBITDA,2024,2023,0,2024-03-31,PT,28.291419831754
RBI:PRF_LNGNFC_INDUS_ANN_RN(1.0),N_A,34,AFY,MNF_CCP,EXPD,2024,2023,0,2024-03-31,PT,1.261552811598
RBI:PRF_LNGNFC_INDUS_ANN_RN(1.0),N_A,34,AFY,MNF_CCP,GROSS_PFT_EBIT,2024,2023,0,2024-03-31,PT,38.321578963843
RBI:PRF_LNGNFC_INDUS_ANN_RN(1.0),N_A,34,AFY,MNF_CCP,INT,2024,2023,0,2024-03-31,PT,14.353789344118
RBI:PRF_LNGNFC_INDUS_ANN_RN(1.0),N_A,34,AFY,MNF_CCP,NET_PFT,2024,2023,0,2024-03-31,PT,45.971176236128
RBI:PRF_LNGNFC_INDUS_ANN_RN(1.0),N_A,34,AFY,MNF_CCP,OPR_PFT,2024,2023,0,2024-03-31,PT,31.431924873213
RBI:PRF_LNGNFC_INDUS_ANN_RN(1.0),N_A,34,AFY,MNF_CCP,OTH_INC,2024,2023,0,2024-03-31,PT,5.662705971103
RBI:PRF_LNGNFC_INDUS_ANN_RN(1.0),N_A,34,AFY,MNF_CCP,PC_SHARE_SAL,2024,2023,0,2024-03-31,PT,3.328661378093
RBI:PRF_LNGNFC_INDUS_ANN_RN(1.0),N_A,34,AFY,MNF_CCP,SALES,2024,2023,0,2024-03-31,INR,0.0
RBI:PRF_LNGNFC_INDUS_ANN_RN(1.0),N_A,34,AFY,MNF_CCP,SALES,2024,2023,0,2024-03-31,PT,5.481801707583
RBI:PRF_LNGNFC_INDUS_ANN_RN(1.0),N_A,34,AFY,MNF_CCP,TAX_PROV,2024,2023,0,2024-03-31,PT,35.987845775376
RBI:PRF_LNGNFC_INDUS_ANN_RN(1.0),N_A,58,AFY,MNF_CEE,DEPRC,2024,2023,0,2024-03-31,PT,22.35440851962
RBI:PRF_LNGNFC_INDUS_ANN_RN(1.0),N_A,58,AFY,MNF_CEE,EBITDA,2024,2023,0,2024-03-31,PT,32.764490705547
RBI:PRF_LNGNFC_INDUS_ANN_RN(1.0),N_A,58,AFY,MNF_CEE,EXPD,2024,2023,0,2024-03-31,PT,18.038124505775
RBI:PRF_LNGNFC_INDUS_ANN_RN(1.0),N_A,58,AFY,MNF_CEE,GROSS_PFT_EBIT,2024,2023,0,2024-03-31,PT,34.886176540752
RBI:PRF_LNGNFC_INDUS_ANN_RN(1.0),N_A,58,AFY,MNF_CEE,INT,2024,2023,0,2024-03-31,PT,28.193742314524
RBI:PRF_LNGNFC_INDUS_ANN_RN(1.0),N_A,58,AFY,MNF_CEE,NET_PFT,2024,2023,0,2024-03-31,PT,34.936869171432
RBI:PRF_LNGNFC_INDUS_ANN_RN(1.0),N_A,58,AFY,MNF_CEE,OPR_PFT,2024,2023,0,2024-03-31,PT,23.876404494382
RBI:PRF_LNGNFC_INDUS_ANN_RN(1.0),N_A,58,AFY,MNF_CEE,OTH_INC,2024,2023,0,2024-03-31,PT,78.905024337262
RBI:PRF_LNGNFC_INDUS_ANN_RN(1.0),N_A,58,AFY,MNF_CEE,PC_SHARE_SAL,2024,2023,0,2024-03-31,PT,0.495288230661
RBI:PRF_LNGNFC_INDUS_ANN_RN(1.0),N_A,58,AFY,MNF_CEE,SALES,2024,2023,0,2024-03-31,INR,0.0
RBI:PRF_LNGNFC_INDUS_ANN_RN(1.0),N_A,58,AFY,MNF_CEE,SALES,2024,2023,0,2024-03-31,PT,18.761919159031
RBI:PRF_LNGNFC_INDUS_ANN_RN(1.0),N_A,58,AFY,MNF_CEE,TAX_PROV,2024,2023,0,2024-03-31,PT,29.530428886252
RBI:PRF_LNGNFC_INDUS_ANN_RN(1.0),N_A,246,AFY,MNF_CHM_PRD,DEPRC,2024,2023,0,2024-03-31,PT,8.066789198406
RBI:PRF_LNGNFC_INDUS_ANN_RN(1.0),N_A,246,AFY,MNF_CHM_PRD,EBITDA,2024,2023,0,2024-03-31,PT,-6.837092406882
RBI:PRF_LNGNFC_INDUS_ANN_RN(1.0),N_A,246,AFY,MNF_CHM_PRD,EXPD,2024,2023,0,2024-03-31,PT,-9.867116137485
RBI:PRF_LNGNFC_INDUS_ANN_RN(1.0),N_A,246,AFY,MNF_CHM_PRD,GROSS_PFT_EBIT,2024,2023,0,2024-03-31,PT,-9.3065977025
RBI:PRF_LNGNFC_INDUS_ANN_RN(1.0),N_A,246,AFY,MNF_CHM_PRD,INT,2024,2023,0,2024-03-31,PT,6.25885764065
RBI:PRF_LNGNFC_INDUS_ANN_RN(1.0),N_A,246,AFY,MNF_CHM_PRD,NET_PFT,2024,2023,0,2024-03-31,PT,-4.50027935843
RBI:PRF_LNGNFC_INDUS_ANN_RN(1.0),N_A,246,AFY,MNF_CHM_PRD,OPR_PFT,2024,2023,0,2024-03-31,PT,-11.294769236714
RBI:PRF_LNGNFC_INDUS_ANN_RN(1.0),N_A,246,AFY,MNF_CHM_PRD,OTH_INC,2024,2023,0,2024-03-31,PT,33.779096498634
RBI:PRF_LNGNFC_INDUS_ANN_RN(1.0),N_A,246,AFY,MNF_CHM_PRD,PC_SHARE_SAL,2024,2023,0,2024-03-31,PT,7.634452997548
RBI:PRF_LNGNFC_INDUS_ANN_RN(1.0),N_A,246,AFY,MNF_CHM_PRD,SALES,2024,2023,0,2024-03-31,INR,0.0
RBI:PRF_LNGNFC_INDUS_ANN_RN(1.0),N_A,246,AFY,MNF_CHM_PRD,SALES,2024,2023,0,2024-03-31,PT,-9.512396174365
RBI:PRF_LNGNFC_INDUS_ANN_RN(1.0),N_A,246,AFY,MNF_CHM_PRD,TAX_PROV,2024,2023,0,2024-03-31,PT,-11.771210945242
RBI:PRF_LNGNFC_INDUS_ANN_RN(1.0),N_A,107,AFY,MNF_CP_BASIC,DEPRC,2024,2023,0,2024-03-31,PT,14.152781021196
RBI:PRF_LNGNFC_INDUS_ANN_RN(1.0),N_A,107,AFY,MNF_CP_BASIC,EBITDA,2024,2023,0,2024-03-31,PT,-28.91332185073
RBI:PRF_LNGNFC_INDUS_ANN_RN(1.0),N_A,107,AFY,MNF_CP_BASIC,EXPD,2024,2023,0,2024-03-31,PT,-9.951098642964
RBI:PRF_LNGNFC_INDUS_ANN_RN(1.0),N_A,107,AFY,MNF_CP_BASIC,GROSS_PFT_EBIT,2024,2023,0,2024-03-31,PT,-37.69047456401
RBI:PRF_LNGNFC_INDUS_ANN_RN(1.0),N_A,107,AFY,MNF_CP_BASIC,INT,2024,2023,0,2024-03-31,PT,27.483472486978
RBI:PRF_LNGNFC_INDUS_ANN_RN(1.0),N_A,107,AFY,MNF_CP_BASIC,NET_PFT,2024,2023,0,2024-03-31,PT,-39.621784028076
RBI:PRF_LNGNFC_INDUS_ANN_RN(1.0),N_A,107,AFY,MNF_CP_BASIC,OPR_PFT,2024,2023,0,2024-03-31,PT,-33.419558340474
RBI:PRF_LNGNFC_INDUS_ANN_RN(1.0),N_A,107,AFY,MNF_CP_BASIC,OTH_INC,2024,2023,0,2024-03-31,PT,22.606276854749
RBI:PRF_LNGNFC_INDUS_ANN_RN(1.0),N_A,107,AFY,MNF_CP_BASIC,PC_SHARE_SAL,2024,2023,0,2024-03-31,PT,1.524660867718
RBI:PRF_LNGNFC_INDUS_ANN_RN(1.0),N_A,107,AFY,MNF_CP_BASIC,SALES,2024,2023,0,2024-03-31,INR,0.0
RBI:PRF_LNGNFC_INDUS_ANN_RN(1.0),N_A,107,AFY,MNF_CP_BASIC,SALES,2024,2023,0,2024-03-31,PT,-13.392348494003
RBI:PRF_LNGNFC_INDUS_ANN_RN(1.0),N_A,107,AFY,MNF_CP_BASIC,TAX_PROV,2024,2023,0,2024-03-31,PT,-42.085253937529
RBI:PRF_LNGNFC_INDUS_ANN_RN(1.0),N_A,21,AFY,MNF_CP_FNP,DEPRC,2024,2023,0,2024-03-31,PT,9.128985383366
RBI:PRF_LNGNFC_INDUS_ANN_RN(1.0),N_A,21,AFY,MNF_CP_FNP,EBITDA,2024,2023,0,2024-03-31,PT,-17.219360489526
RBI:PRF_LNGNFC_INDUS_ANN_RN(1.0),N_A,21,AFY,MNF_CP_FNP,EXPD,2024,2023,0,2024-03-31,PT,-23.120608830828
RBI:PRF_LNGNFC_INDUS_ANN_RN(1.0),N_A,21,AFY,MNF_CP_FNP,GROSS_PFT_EBIT,2024,2023,0,2024-03-31,PT,-21.095544861356
RBI:PRF_LNGNFC_INDUS_ANN_RN(1.0),N_A,21,AFY,MNF_CP_FNP,INT,2024,2023,0,2024-03-31,PT,-3.994932236093
RBI:PRF_LNGNFC_INDUS_ANN_RN(1.0),N_A,21,AFY,MNF_CP_FNP,NET_PFT,2024,2023,0,2024-03-31,PT,-41.933824049271
RBI:PRF_LNGNFC_INDUS_ANN_RN(1.0),N_A,21,AFY,MNF_CP_FNP,OPR_PFT,2024,2023,0,2024-03-31,PT,-26.030438400885
RBI:PRF_LNGNFC_INDUS_ANN_RN(1.0),N_A,21,AFY,MNF_CP_FNP,OTH_INC,2024,2023,0,2024-03-31,PT,52.515855410384
RBI:PRF_LNGNFC_INDUS_ANN_RN(1.0),N_A,21,AFY,MNF_CP_FNP,PC_SHARE_SAL,2024,2023,0,2024-03-31,PT,1.24909305303
RBI:PRF_LNGNFC_INDUS_ANN_RN(1.0),N_A,21,AFY,MNF_CP_FNP,SALES,2024,2023,0,2024-03-31,INR,0.0
RBI:PRF_LNGNFC_INDUS_ANN_RN(1.0),N_A,21,AFY,MNF_CP_FNP,SALES,2024,2023,0,2024-03-31,PT,-23.816751144418
RBI:PRF_LNGNFC_INDUS_ANN_RN(1.0),N_A,21,AFY,MNF_CP_FNP,TAX_PROV,2024,2023,0,2024-03-31,PT,-30.042217239899
RBI:PRF_LNGNFC_INDUS_ANN_RN(1.0),N_A,105,AFY,MNF_CP_OTH,DEPRC,2024,2023,0,2024-03-31,PT,4.885160781269
RBI:PRF_LNGNFC_INDUS_ANN_RN(1.0),N_A,105,AFY,MNF_CP_OTH,EBITDA,2024,2023,0,2024-03-31,PT,-1.07706886129
RBI:PRF_LNGNFC_INDUS_ANN_RN(1.0),N_A,105,AFY,MNF_CP_OTH,EXPD,2024,2023,0,2024-03-31,PT,-5.875575845963
RBI:PRF_LNGNFC_INDUS_ANN_RN(1.0),N_A,105,AFY,MNF_CP_OTH,GROSS_PFT_EBIT,2024,2023,0,2024-03-31,PT,-1.993998798781
RBI:PRF_LNGNFC_INDUS_ANN_RN(1.0),N_A,105,AFY,MNF_CP_OTH,INT,2024,2023,0,2024-03-31,PT,-0.765673258841
RBI:PRF_LNGNFC_INDUS_ANN_RN(1.0),N_A,105,AFY,MNF_CP_OTH,NET_PFT,2024,2023,0,2024-03-31,PT,8.701907585632
RBI:PRF_LNGNFC_INDUS_ANN_RN(1.0),N_A,105,AFY,MNF_CP_OTH,OPR_PFT,2024,2023,0,2024-03-31,PT,-4.984236762024
RBI:PRF_LNGNFC_INDUS_ANN_RN(1.0),N_A,105,AFY,MNF_CP_OTH,OTH_INC,2024,2023,0,2024-03-31,PT,30.605283945944
RBI:PRF_LNGNFC_INDUS_ANN_RN(1.0),N_A,105,AFY,MNF_CP_OTH,PC_SHARE_SAL,2024,2023,0,2024-03-31,PT,3.964803046606
RBI:PRF_LNGNFC_INDUS_ANN_RN(1.0),N_A,105,AFY,MNF_CP_OTH,SALES,2024,2023,0,2024-03-31,INR,0.0
RBI:PRF_LNGNFC_INDUS_ANN_RN(1.0),N_A,105,AFY,MNF_CP_OTH,SALES,2024,2023,0,2024-03-31,PT,-5.006974173752
RBI:PRF_LNGNFC_INDUS_ANN_RN(1.0),N_A,105,AFY,MNF_CP_OTH,TAX_PROV,2024,2023,0,2024-03-31,PT,-5.327573550935
RBI:PRF_LNGNFC_INDUS_ANN_RN(1.0),N_A,13,AFY,MNF_CP_PNV,DEPRC,2024,2023,0,2024-03-31,PT,5.484381418986
RBI:PRF_LNGNFC_INDUS_ANN_RN(1.0),N_A,13,AFY,MNF_CP_PNV,EBITDA,2024,2023,0,2024-03-31,PT,24.410951484194
RBI:PRF_LNGNFC_INDUS_ANN_RN(1.0),N_A,13,AFY,MNF_CP_PNV,EXPD,2024,2023,0,2024-03-31,PT,-1.779061861622
RBI:PRF_LNGNFC_INDUS_ANN_RN(1.0),N_A,13,AFY,MNF_CP_PNV,GROSS_PFT_EBIT,2024,2023,0,2024-03-31,PT,27.440476770353
RBI:PRF_LNGNFC_INDUS_ANN_RN(1.0),N_A,13,AFY,MNF_CP_PNV,INT,2024,2023,0,2024-03-31,PT,-0.67053513862
RBI:PRF_LNGNFC_INDUS_ANN_RN(1.0),N_A,13,AFY,MNF_CP_PNV,NET_PFT,2024,2023,0,2024-03-31,PT,37.663102982981
RBI:PRF_LNGNFC_INDUS_ANN_RN(1.0),N_A,13,AFY,MNF_CP_PNV,OPR_PFT,2024,2023,0,2024-03-31,PT,21.783437468827
RBI:PRF_LNGNFC_INDUS_ANN_RN(1.0),N_A,13,AFY,MNF_CP_PNV,OTH_INC,2024,2023,0,2024-03-31,PT,57.311153376671
RBI:PRF_LNGNFC_INDUS_ANN_RN(1.0),N_A,13,AFY,MNF_CP_PNV,PC_SHARE_SAL,2024,2023,0,2024-03-31,PT,0.895896030193
RBI:PRF_LNGNFC_INDUS_ANN_RN(1.0),N_A,13,AFY,MNF_CP_PNV,SALES,2024,2023,0,2024-03-31,INR,0.0
RBI:PRF_LNGNFC_INDUS_ANN_RN(1.0),N_A,13,AFY,MNF_CP_PNV,SALES,2024,2023,0,2024-03-31,PT,3.785481633736
RBI:PRF_LNGNFC_INDUS_ANN_RN(1.0),N_A,13,AFY,MNF_CP_PNV,TAX_PROV,2024,2023,0,2024-03-31,PT,28.432954012201
RBI:PRF_LNGNFC_INDUS_ANN_RN(1.0),N_A,111,AFY,MNF_EMA,DEPRC,2024,2023,0,2024-03-31,PT,8.489722302739
RBI:PRF_LNGNFC_INDUS_ANN_RN(1.0),N_A,111,AFY,MNF_EMA,EBITDA,2024,2023,0,2024-03-31,PT,25.53842070362
RBI:PRF_LNGNFC_INDUS_ANN_RN(1.0),N_A,111,AFY,MNF_EMA,EXPD,2024,2023,0,2024-03-31,PT,12.02197567604
RBI:PRF_LNGNFC_INDUS_ANN_RN(1.0),N_A,111,AFY,MNF_EMA,GROSS_PFT_EBIT,2024,2023,0,2024-03-31,PT,29.259513003849
RBI:PRF_LNGNFC_INDUS_ANN_RN(1.0),N_A,111,AFY,MNF_EMA,INT,2024,2023,0,2024-03-31,PT,1.918733667312
RBI:PRF_LNGNFC_INDUS_ANN_RN(1.0),N_A,111,AFY,MNF_EMA,NET_PFT,2024,2023,0,2024-03-31,PT,10.235470250532
RBI:PRF_LNGNFC_INDUS_ANN_RN(1.0),N_A,111,AFY,MNF_EMA,OPR_PFT,2024,2023,0,2024-03-31,PT,25.976701959484
RBI:PRF_LNGNFC_INDUS_ANN_RN(1.0),N_A,111,AFY,MNF_EMA,OTH_INC,2024,2023,0,2024-03-31,PT,22.972594737995
RBI:PRF_LNGNFC_INDUS_ANN_RN(1.0),N_A,111,AFY,MNF_EMA,PC_SHARE_SAL,2024,2023,0,2024-03-31,PT,3.714140967781
RBI:PRF_LNGNFC_INDUS_ANN_RN(1.0),N_A,111,AFY,MNF_EMA,SALES,2024,2023,0,2024-03-31,INR,0.0
RBI:PRF_LNGNFC_INDUS_ANN_RN(1.0),N_A,111,AFY,MNF_EMA,SALES,2024,2023,0,2024-03-31,PT,13.900082241938
RBI:PRF_LNGNFC_INDUS_ANN_RN(1.0),N_A,111,AFY,MNF_EMA,TAX_PROV,2024,2023,0,2024-03-31,PT,29.630423498361
RBI:PRF_LNGNFC_INDUS_ANN_RN(1.0),N_A,76,AFY,MNF_FMP,DEPRC,2024,2023,0,2024-03-31,PT,9.827442111991
RBI:PRF_LNGNFC_INDUS_ANN_RN(1.0),N_A,76,AFY,MNF_FMP,EBITDA,2024,2023,0,2024-03-31,PT,18.252385868409
RBI:PRF_LNGNFC_INDUS_ANN_RN(1.0),N_A,76,AFY,MNF_FMP,EXPD,2024,2023,0,2024-03-31,PT,10.394286030791
RBI:PRF_LNGNFC_INDUS_ANN_RN(1.0),N_A,76,AFY,MNF_FMP,GROSS_PFT_EBIT,2024,2023,0,2024-03-31,PT,20.439546102992
RBI:PRF_LNGNFC_INDUS_ANN_RN(1.0),N_A,76,AFY,MNF_FMP,INT,2024,2023,0,2024-03-31,PT,20.253199193703
RBI:PRF_LNGNFC_INDUS_ANN_RN(1.0),N_A,76,AFY,MNF_FMP,NET_PFT,2024,2023,0,2024-03-31,PT,19.650392449508
RBI:PRF_LNGNFC_INDUS_ANN_RN(1.0),N_A,76,AFY,MNF_FMP,OPR_PFT,2024,2023,0,2024-03-31,PT,17.629908469003
RBI:PRF_LNGNFC_INDUS_ANN_RN(1.0),N_A,76,AFY,MNF_FMP,OTH_INC,2024,2023,0,2024-03-31,PT,24.43905322529
RBI:PRF_LNGNFC_INDUS_ANN_RN(1.0),N_A,76,AFY,MNF_FMP,PC_SHARE_SAL,2024,2023,0,2024-03-31,PT,1.022643060995
RBI:PRF_LNGNFC_INDUS_ANN_RN(1.0),N_A,76,AFY,MNF_FMP,SALES,2024,2023,0,2024-03-31,INR,0.0
RBI:PRF_LNGNFC_INDUS_ANN_RN(1.0),N_A,76,AFY,MNF_FMP,SALES,2024,2023,0,2024-03-31,PT,11.532694399933
RBI:PRF_LNGNFC_INDUS_ANN_RN(1.0),N_A,76,AFY,MNF_FMP,TAX_PROV,2024,2023,0,2024-03-31,PT,22.495715101885
RBI:PRF_LNGNFC_INDUS_ANN_RN(1.0),N_A,180,AFY,MNF_FPB,DEPRC,2024,2023,0,2024-03-31,PT,11.925516609992
RBI:PRF_LNGNFC_INDUS_ANN_RN(1.0),N_A,180,AFY,MNF_FPB,EBITDA,2024,2023,0,2024-03-31,PT,8.569581830618
RBI:PRF_LNGNFC_INDUS_ANN_RN(1.0),N_A,180,AFY,MNF_FPB,EXPD,2024,2023,0,2024-03-31,PT,3.317593497825
RBI:PRF_LNGNFC_INDUS_ANN_RN(1.0),N_A,180,AFY,MNF_FPB,GROSS_PFT_EBIT,2024,2023,0,2024-03-31,PT,7.880194313982
RBI:PRF_LNGNFC_INDUS_ANN_RN(1.0),N_A,180,AFY,MNF_FPB,INT,2024,2023,0,2024-03-31,PT,11.640346136511
RBI:PRF_LNGNFC_INDUS_ANN_RN(1.0),N_A,180,AFY,MNF_FPB,NET_PFT,2024,2023,0,2024-03-31,PT,-5.30979342316
RBI:PRF_LNGNFC_INDUS_ANN_RN(1.0),N_A,180,AFY,MNF_FPB,OPR_PFT,2024,2023,0,2024-03-31,PT,10.633058674785
RBI:PRF_LNGNFC_INDUS_ANN_RN(1.0),N_A,180,AFY,MNF_FPB,OTH_INC,2024,2023,0,2024-03-31,PT,-5.316734286034
RBI:PRF_LNGNFC_INDUS_ANN_RN(1.0),N_A,180,AFY,MNF_FPB,PC_SHARE_SAL,2024,2023,0,2024-03-31,PT,5.795637802151
RBI:PRF_LNGNFC_INDUS_ANN_RN(1.0),N_A,180,AFY,MNF_FPB,SALES,2024,2023,0,2024-03-31,INR,0.0
RBI:PRF_LNGNFC_INDUS_ANN_RN(1.0),N_A,180,AFY,MNF_FPB,SALES,2024,2023,0,2024-03-31,PT,1.847519417409
RBI:PRF_LNGNFC_INDUS_ANN_RN(1.0),N_A,180,AFY,MNF_FPB,TAX_PROV,2024,2023,0,2024-03-31,PT,10.436177932524
RBI:PRF_LNGNFC_INDUS_ANN_RN(1.0),N_A,14,AFY,MNF_FPB_DAIRY_PRD,DEPRC,2024,2023,0,2024-03-31,PT,10.204772554733
RBI:PRF_LNGNFC_INDUS_ANN_RN(1.0),N_A,14,AFY,MNF_FPB_DAIRY_PRD,EBITDA,2024,2023,0,2024-03-31,PT,23.829452780537
RBI:PRF_LNGNFC_INDUS_ANN_RN(1.0),N_A,14,AFY,MNF_FPB_DAIRY_PRD,EXPD,2024,2023,0,2024-03-31,PT,9.737068086328
RBI:PRF_LNGNFC_INDUS_ANN_RN(1.0),N_A,14,AFY,MNF_FPB_DAIRY_PRD,GROSS_PFT_EBIT,2024,2023,0,2024-03-31,PT,26.799961528052
RBI:PRF_LNGNFC_INDUS_ANN_RN(1.0),N_A,14,AFY,MNF_FPB_DAIRY_PRD,INT,2024,2023,0,2024-03-31,PT,4.009327715505
RBI:PRF_LNGNFC_INDUS_ANN_RN(1.0),N_A,14,AFY,MNF_FPB_DAIRY_PRD,NET_PFT,2024,2023,0,2024-03-31,PT,31.35838150289
RBI:PRF_LNGNFC_INDUS_ANN_RN(1.0),N_A,14,AFY,MNF_FPB_DAIRY_PRD,OPR_PFT,2024,2023,0,2024-03-31,PT,22.503077538658
RBI:PRF_LNGNFC_INDUS_ANN_RN(1.0),N_A,14,AFY,MNF_FPB_DAIRY_PRD,OTH_INC,2024,2023,0,2024-03-31,PT,55.00900090009
RBI:PRF_LNGNFC_INDUS_ANN_RN(1.0),N_A,14,AFY,MNF_FPB_DAIRY_PRD,PC_SHARE_SAL,2024,2023,0,2024-03-31,PT,0.643741579371
RBI:PRF_LNGNFC_INDUS_ANN_RN(1.0),N_A,14,AFY,MNF_FPB_DAIRY_PRD,SALES,2024,2023,0,2024-03-31,INR,0.0
RBI:PRF_LNGNFC_INDUS_ANN_RN(1.0),N_A,14,AFY,MNF_FPB_DAIRY_PRD,SALES,2024,2023,0,2024-03-31,PT,10.555145759527
RBI:PRF_LNGNFC_INDUS_ANN_RN(1.0),N_A,14,AFY,MNF_FPB_DAIRY_PRD,TAX_PROV,2024,2023,0,2024-03-31,PT,23.624732671961
RBI:PRF_LNGNFC_INDUS_ANN_RN(1.0),N_A,30,AFY,MNF_FPB_EDD_OIL,DEPRC,2024,2023,0,2024-03-31,PT,19.227253415046
RBI:PRF_LNGNFC_INDUS_ANN_RN(1.0),N_A,30,AFY,MNF_FPB_EDD_OIL,EBITDA,2024,2023,0,2024-03-31,PT,-7.309420013069
RBI:PRF_LNGNFC_INDUS_ANN_RN(1.0),N_A,30,AFY,MNF_FPB_EDD_OIL,EXPD,2024,2023,0,2024-03-31,PT,-3.112351594691
RBI:PRF_LNGNFC_INDUS_ANN_RN(1.0),N_A,30,AFY,MNF_FPB_EDD_OIL,GROSS_PFT_EBIT,2024,2023,0,2024-03-31,PT,-11.017188497828
RBI:PRF_LNGNFC_INDUS_ANN_RN(1.0),N_A,30,AFY,MNF_FPB_EDD_OIL,INT,2024,2023,0,2024-03-31,PT,-3.515678023619
RBI:PRF_LNGNFC_INDUS_ANN_RN(1.0),N_A,30,AFY,MNF_FPB_EDD_OIL,NET_PFT,2024,2023,0,2024-03-31,PT,-15.870230773622
RBI:PRF_LNGNFC_INDUS_ANN_RN(1.0),N_A,30,AFY,MNF_FPB_EDD_OIL,OPR_PFT,2024,2023,0,2024-03-31,PT,7.377962830438
RBI:PRF_LNGNFC_INDUS_ANN_RN(1.0),N_A,30,AFY,MNF_FPB_EDD_OIL,OTH_INC,2024,2023,0,2024-03-31,PT,-46.586559651117
RBI:PRF_LNGNFC_INDUS_ANN_RN(1.0),N_A,30,AFY,MNF_FPB_EDD_OIL,PC_SHARE_SAL,2024,2023,0,2024-03-31,PT,1.898312213109
RBI:PRF_LNGNFC_INDUS_ANN_RN(1.0),N_A,30,AFY,MNF_FPB_EDD_OIL,SALES,2024,2023,0,2024-03-31,INR,0.0
RBI:PRF_LNGNFC_INDUS_ANN_RN(1.0),N_A,30,AFY,MNF_FPB_EDD_OIL,SALES,2024,2023,0,2024-03-31,PT,-3.862528095568
RBI:PRF_LNGNFC_INDUS_ANN_RN(1.0),N_A,30,AFY,MNF_FPB_EDD_OIL,TAX_PROV,2024,2023,0,2024-03-31,PT,7.357660485687
RBI:PRF_LNGNFC_INDUS_ANN_RN(1.0),N_A,37,AFY,MNF_FPB_ESGR,DEPRC,2024,2023,0,2024-03-31,PT,8.474513536379
RBI:PRF_LNGNFC_INDUS_ANN_RN(1.0),N_A,37,AFY,MNF_FPB_ESGR,EBITDA,2024,2023,0,2024-03-31,PT,-4.104239420225
RBI:PRF_LNGNFC_INDUS_ANN_RN(1.0),N_A,37,AFY,MNF_FPB_ESGR,EXPD,2024,2023,0,2024-03-31,PT,7.941514121246
RBI:PRF_LNGNFC_INDUS_ANN_RN(1.0),N_A,37,AFY,MNF_FPB_ESGR,GROSS_PFT_EBIT,2024,2023,0,2024-03-31,PT,-7.842046631188
RBI:PRF_LNGNFC_INDUS_ANN_RN(1.0),N_A,37,AFY,MNF_FPB_ESGR,INT,2024,2023,0,2024-03-31,PT,15.892837638933
RBI:PRF_LNGNFC_INDUS_ANN_RN(1.0),N_A,37,AFY,MNF_FPB_ESGR,NET_PFT,2024,2023,0,2024-03-31,PT,-49.784153140263
RBI:PRF_LNGNFC_INDUS_ANN_RN(1.0),N_A,37,AFY,MNF_FPB_ESGR,OPR_PFT,2024,2023,0,2024-03-31,PT,-4.831365504539
RBI:PRF_LNGNFC_INDUS_ANN_RN(1.0),N_A,37,AFY,MNF_FPB_ESGR,OTH_INC,2024,2023,0,2024-03-31,PT,0.092692090002
RBI:PRF_LNGNFC_INDUS_ANN_RN(1.0),N_A,37,AFY,MNF_FPB_ESGR,PC_SHARE_SAL,2024,2023,0,2024-03-31,PT,1.185415550893
RBI:PRF_LNGNFC_INDUS_ANN_RN(1.0),N_A,37,AFY,MNF_FPB_ESGR,SALES,2024,2023,0,2024-03-31,INR,0.0
RBI:PRF_LNGNFC_INDUS_ANN_RN(1.0),N_A,37,AFY,MNF_FPB_ESGR,SALES,2024,2023,0,2024-03-31,PT,-1.853219005208
RBI:PRF_LNGNFC_INDUS_ANN_RN(1.0),N_A,37,AFY,MNF_FPB_ESGR,TAX_PROV,2024,2023,0,2024-03-31,PT,-12.39875891526
RBI:PRF_LNGNFC_INDUS_ANN_RN(1.0),N_A,99,AFY,MNF_FPB_OFP,DEPRC,2024,2023,0,2024-03-31,PT,12.949093628115
RBI:PRF_LNGNFC_INDUS_ANN_RN(1.0),N_A,99,AFY,MNF_FPB_OFP,EBITDA,2024,2023,0,2024-03-31,PT,16.27213990433
RBI:PRF_LNGNFC_INDUS_ANN_RN(1.0),N_A,99,AFY,MNF_FPB_OFP,EXPD,2024,2023,0,2024-03-31,PT,5.587429124671
RBI:PRF_LNGNFC_INDUS_ANN_RN(1.0),N_A,99,AFY,MNF_FPB_OFP,GROSS_PFT_EBIT,2024,2023,0,2024-03-31,PT,16.886507651841
RBI:PRF_LNGNFC_INDUS_ANN_RN(1.0),N_A,99,AFY,MNF_FPB_OFP,INT,2024,2023,0,2024-03-31,PT,22.091118483964
RBI:PRF_LNGNFC_INDUS_ANN_RN(1.0),N_A,99,AFY,MNF_FPB_OFP,NET_PFT,2024,2023,0,2024-03-31,PT,9.208666492574
RBI:PRF_LNGNFC_INDUS_ANN_RN(1.0),N_A,99,AFY,MNF_FPB_OFP,OPR_PFT,2024,2023,0,2024-03-31,PT,14.932858366902
RBI:PRF_LNGNFC_INDUS_ANN_RN(1.0),N_A,99,AFY,MNF_FPB_OFP,OTH_INC,2024,2023,0,2024-03-31,PT,29.30128079351
RBI:PRF_LNGNFC_INDUS_ANN_RN(1.0),N_A,99,AFY,MNF_FPB_OFP,PC_SHARE_SAL,2024,2023,0,2024-03-31,PT,2.068168458776
RBI:PRF_LNGNFC_INDUS_ANN_RN(1.0),N_A,99,AFY,MNF_FPB_OFP,SALES,2024,2023,0,2024-03-31,INR,0.0
RBI:PRF_LNGNFC_INDUS_ANN_RN(1.0),N_A,99,AFY,MNF_FPB_OFP,SALES,2024,2023,0,2024-03-31,PT,7.390238915275
RBI:PRF_LNGNFC_INDUS_ANN_RN(1.0),N_A,99,AFY,MNF_FPB_OFP,TAX_PROV,2024,2023,0,2024-03-31,PT,14.256800135158
RBI:PRF_LNGNFC_INDUS_ANN_RN(1.0),N_A,10,AFY,MNF_GGP,DEPRC,2024,2023,0,2024-03-31,PT,25.869839552911
RBI:PRF_LNGNFC_INDUS_ANN_RN(1.0),N_A,10,AFY,MNF_GGP,EBITDA,2024,2023,0,2024-03-31,PT,28.099727016305
RBI:PRF_LNGNFC_INDUS_ANN_RN(1.0),N_A,10,AFY,MNF_GGP,EXPD,2024,2023,0,2024-03-31,PT,6.418026434214
RBI:PRF_LNGNFC_INDUS_ANN_RN(1.0),N_A,10,AFY,MNF_GGP,GROSS_PFT_EBIT,2024,2023,0,2024-03-31,PT,28.981295237492
RBI:PRF_LNGNFC_INDUS_ANN_RN(1.0),N_A,10,AFY,MNF_GGP,INT,2024,2023,0,2024-03-31,PT,34.52627522759
RBI:PRF_LNGNFC_INDUS_ANN_RN(1.0),N_A,10,AFY,MNF_GGP,NET_PFT,2024,2023,0,2024-03-31,PT,36.334816462736
RBI:PRF_LNGNFC_INDUS_ANN_RN(1.0),N_A,10,AFY,MNF_GGP,OPR_PFT,2024,2023,0,2024-03-31,PT,25.495952974487
RBI:PRF_LNGNFC_INDUS_ANN_RN(1.0),N_A,10,AFY,MNF_GGP,OTH_INC,2024,2023,0,2024-03-31,PT,58.896330809552
RBI:PRF_LNGNFC_INDUS_ANN_RN(1.0),N_A,10,AFY,MNF_GGP,PC_SHARE_SAL,2024,2023,0,2024-03-31,PT,0.194242270095
RBI:PRF_LNGNFC_INDUS_ANN_RN(1.0),N_A,10,AFY,MNF_GGP,SALES,2024,2023,0,2024-03-31,INR,0.0
RBI:PRF_LNGNFC_INDUS_ANN_RN(1.0),N_A,10,AFY,MNF_GGP,SALES,2024,2023,0,2024-03-31,PT,8.068193366832
RBI:PRF_LNGNFC_INDUS_ANN_RN(1.0),N_A,10,AFY,MNF_GGP,TAX_PROV,2024,2023,0,2024-03-31,PT,-30.310606266475
RBI:PRF_LNGNFC_INDUS_ANN_RN(1.0),N_A,131,AFY,MNF_INS,DEPRC,2024,2023,0,2024-03-31,PT,5.124365750378
RBI:PRF_LNGNFC_INDUS_ANN_RN(1.0),N_A,131,AFY,MNF_INS,EBITDA,2024,2023,0,2024-03-31,PT,18.526485656616
RBI:PRF_LNGNFC_INDUS_ANN_RN(1.0),N_A,131,AFY,MNF_INS,EXPD,2024,2023,0,2024-03-31,PT,-1.424956204437
RBI:PRF_LNGNFC_INDUS_ANN_RN(1.0),N_A,131,AFY,MNF_INS,GROSS_PFT_EBIT,2024,2023,0,2024-03-31,PT,22.119546220965
RBI:PRF_LNGNFC_INDUS_ANN_RN(1.0),N_A,131,AFY,MNF_INS,INT,2024,2023,0,2024-03-31,PT,7.973589931696
RBI:PRF_LNGNFC_INDUS_ANN_RN(1.0),N_A,131,AFY,MNF_INS,NET_PFT,2024,2023,0,2024-03-31,PT,-1.02936474604
RBI:PRF_LNGNFC_INDUS_ANN_RN(1.0),N_A,131,AFY,MNF_INS,OPR_PFT,2024,2023,0,2024-03-31,PT,17.969186432632
RBI:PRF_LNGNFC_INDUS_ANN_RN(1.0),N_A,131,AFY,MNF_INS,OTH_INC,2024,2023,0,2024-03-31,PT,23.924947615066
RBI:PRF_LNGNFC_INDUS_ANN_RN(1.0),N_A,131,AFY,MNF_INS,PC_SHARE_SAL,2024,2023,0,2024-03-31,PT,9.017502440813
RBI:PRF_LNGNFC_INDUS_ANN_RN(1.0),N_A,131,AFY,MNF_INS,SALES,2024,2023,0,2024-03-31,INR,0.0
RBI:PRF_LNGNFC_INDUS_ANN_RN(1.0),N_A,131,AFY,MNF_INS,SALES,2024,2023,0,2024-03-31,PT,1.800016836675
RBI:PRF_LNGNFC_INDUS_ANN_RN(1.0),N_A,131,AFY,MNF_INS,TAX_PROV,2024,2023,0,2024-03-31,PT,3.06191180935
RBI:PRF_LNGNFC_INDUS_ANN_RN(1.0),N_A,31,AFY,MNF_JRA,DEPRC,2024,2023,0,2024-03-31,PT,18.507120982369
RBI:PRF_LNGNFC_INDUS_ANN_RN(1.0),N_A,31,AFY,MNF_JRA,EBITDA,2024,2023,0,2024-03-31,PT,7.49749556702
RBI:PRF_LNGNFC_INDUS_ANN_RN(1.0),N_A,31,AFY,MNF_JRA,EXPD,2024,2023,0,2024-03-31,PT,18.124410218328
RBI:PRF_LNGNFC_INDUS_ANN_RN(1.0),N_A,31,AFY,MNF_JRA,GROSS_PFT_EBIT,2024,2023,0,2024-03-31,PT,6.407471188237
RBI:PRF_LNGNFC_INDUS_ANN_RN(1.0),N_A,31,AFY,MNF_JRA,INT,2024,2023,0,2024-03-31,PT,30.092918372569
RBI:PRF_LNGNFC_INDUS_ANN_RN(1.0),N_A,31,AFY,MNF_JRA,NET_PFT,2024,2023,0,2024-03-31,PT,3.238069411593
RBI:PRF_LNGNFC_INDUS_ANN_RN(1.0),N_A,31,AFY,MNF_JRA,OPR_PFT,2024,2023,0,2024-03-31,PT,3.478449234977
RBI:PRF_LNGNFC_INDUS_ANN_RN(1.0),N_A,31,AFY,MNF_JRA,OTH_INC,2024,2023,0,2024-03-31,PT,47.564970838414
RBI:PRF_LNGNFC_INDUS_ANN_RN(1.0),N_A,31,AFY,MNF_JRA,PC_SHARE_SAL,2024,2023,0,2024-03-31,PT,1.403809449902
RBI:PRF_LNGNFC_INDUS_ANN_RN(1.0),N_A,31,AFY,MNF_JRA,SALES,2024,2023,0,2024-03-31,INR,0.0
RBI:PRF_LNGNFC_INDUS_ANN_RN(1.0),N_A,31,AFY,MNF_JRA,SALES,2024,2023,0,2024-03-31,PT,16.817522128584
RBI:PRF_LNGNFC_INDUS_ANN_RN(1.0),N_A,31,AFY,MNF_JRA,TAX_PROV,2024,2023,0,2024-03-31,PT,5.381280285641
RBI:PRF_LNGNFC_INDUS_ANN_RN(1.0),N_A,12,AFY,MNF_LTH,DEPRC,2024,2023,0,2024-03-31,PT,16.036823125861
RBI:PRF_LNGNFC_INDUS_ANN_RN(1.0),N_A,12,AFY,MNF_LTH,EBITDA,2024,2023,0,2024-03-31,PT,-8.702180322498
RBI:PRF_LNGNFC_INDUS_ANN_RN(1.0),N_A,12,AFY,MNF_LTH,EXPD,2024,2023,0,2024-03-31,PT,3.84058071189
RBI:PRF_LNGNFC_INDUS_ANN_RN(1.0),N_A,12,AFY,MNF_LTH,GROSS_PFT_EBIT,2024,2023,0,2024-03-31,PT,-19.836902735442
RBI:PRF_LNGNFC_INDUS_ANN_RN(1.0),N_A,12,AFY,MNF_LTH,INT,2024,2023,0,2024-03-31,PT,18.334321782598
RBI:PRF_LNGNFC_INDUS_ANN_RN(1.0),N_A,12,AFY,MNF_LTH,NET_PFT,2024,2023,0,2024-03-31,PT,-27.760565618049
RBI:PRF_LNGNFC_INDUS_ANN_RN(1.0),N_A,12,AFY,MNF_LTH,OPR_PFT,2024,2023,0,2024-03-31,PT,-4.2867754782
RBI:PRF_LNGNFC_INDUS_ANN_RN(1.0),N_A,12,AFY,MNF_LTH,OTH_INC,2024,2023,0,2024-03-31,PT,-41.709085300015
RBI:PRF_LNGNFC_INDUS_ANN_RN(1.0),N_A,12,AFY,MNF_LTH,PC_SHARE_SAL,2024,2023,0,2024-03-31,PT,0.144912036609
RBI:PRF_LNGNFC_INDUS_ANN_RN(1.0),N_A,12,AFY,MNF_LTH,SALES,2024,2023,0,2024-03-31,INR,0.0
RBI:PRF_LNGNFC_INDUS_ANN_RN(1.0),N_A,12,AFY,MNF_LTH,SALES,2024,2023,0,2024-03-31,PT,1.779001447589
RBI:PRF_LNGNFC_INDUS_ANN_RN(1.0),N_A,12,AFY,MNF_LTH,TAX_PROV,2024,2023,0,2024-03-31,PT,-21.206791995149
RBI:PRF_LNGNFC_INDUS_ANN_RN(1.0),N_A,114,AFY,MNF_MMT,DEPRC,2024,2023,0,2024-03-31,PT,9.023103595335
RBI:PRF_LNGNFC_INDUS_ANN_RN(1.0),N_A,114,AFY,MNF_MMT,EBITDA,2024,2023,0,2024-03-31,PT,22.226140038676
RBI:PRF_LNGNFC_INDUS_ANN_RN(1.0),N_A,114,AFY,MNF_MMT,EXPD,2024,2023,0,2024-03-31,PT,7.089928760729
RBI:PRF_LNGNFC_INDUS_ANN_RN(1.0),N_A,114,AFY,MNF_MMT,GROSS_PFT_EBIT,2024,2023,0,2024-03-31,PT,24.52989973567
RBI:PRF_LNGNFC_INDUS_ANN_RN(1.0),N_A,114,AFY,MNF_MMT,INT,2024,2023,0,2024-03-31,PT,7.086725572661
RBI:PRF_LNGNFC_INDUS_ANN_RN(1.0),N_A,114,AFY,MNF_MMT,NET_PFT,2024,2023,0,2024-03-31,PT,16.469451092286
RBI:PRF_LNGNFC_INDUS_ANN_RN(1.0),N_A,114,AFY,MNF_MMT,OPR_PFT,2024,2023,0,2024-03-31,PT,22.112566110301
RBI:PRF_LNGNFC_INDUS_ANN_RN(1.0),N_A,114,AFY,MNF_MMT,OTH_INC,2024,2023,0,2024-03-31,PT,22.788347668591
RBI:PRF_LNGNFC_INDUS_ANN_RN(1.0),N_A,114,AFY,MNF_MMT,PC_SHARE_SAL,2024,2023,0,2024-03-31,PT,1.867148440299
RBI:PRF_LNGNFC_INDUS_ANN_RN(1.0),N_A,114,AFY,MNF_MMT,SALES,2024,2023,0,2024-03-31,INR,0.0
RBI:PRF_LNGNFC_INDUS_ANN_RN(1.0),N_A,114,AFY,MNF_MMT,SALES,2024,2023,0,2024-03-31,PT,8.79329111363
RBI:PRF_LNGNFC_INDUS_ANN_RN(1.0),N_A,114,AFY,MNF_MMT,TAX_PROV,2024,2023,0,2024-03-31,PT,22.299583640845
RBI:PRF_LNGNFC_INDUS_ANN_RN(1.0),N_A,17,AFY,MNF_MMT_MV,DEPRC,2024,2023,0,2024-03-31,PT,9.090003803837
RBI:PRF_LNGNFC_INDUS_ANN_RN(1.0),N_A,17,AFY,MNF_MMT_MV,EBITDA,2024,2023,0,2024-03-31,PT,42.90185856075
RBI:PRF_LNGNFC_INDUS_ANN_RN(1.0),N_A,17,AFY,MNF_MMT_MV,EXPD,2024,2023,0,2024-03-31,PT,13.668815235138
RBI:PRF_LNGNFC_INDUS_ANN_RN(1.0),N_A,17,AFY,MNF_MMT_MV,GROSS_PFT_EBIT,2024,2023,0,2024-03-31,PT,51.420773945117
RBI:PRF_LNGNFC_INDUS_ANN_RN(1.0),N_A,17,AFY,MNF_MMT_MV,INT,2024,2023,0,2024-03-31,PT,-13.994607553241
RBI:PRF_LNGNFC_INDUS_ANN_RN(1.0),N_A,17,AFY,MNF_MMT_MV,NET_PFT,2024,2023,0,2024-03-31,PT,65.013538961362
RBI:PRF_LNGNFC_INDUS_ANN_RN(1.0),N_A,17,AFY,MNF_MMT_MV,OPR_PFT,2024,2023,0,2024-03-31,PT,39.920197383803
RBI:PRF_LNGNFC_INDUS_ANN_RN(1.0),N_A,17,AFY,MNF_MMT_MV,OTH_INC,2024,2023,0,2024-03-31,PT,64.828618054906
RBI:PRF_LNGNFC_INDUS_ANN_RN(1.0),N_A,17,AFY,MNF_MMT_MV,PC_SHARE_SAL,2024,2023,0,2024-03-31,PT,8.151623261928
RBI:PRF_LNGNFC_INDUS_ANN_RN(1.0),N_A,17,AFY,MNF_MMT_MV,SALES,2024,2023,0,2024-03-31,INR,0.0
RBI:PRF_LNGNFC_INDUS_ANN_RN(1.0),N_A,17,AFY,MNF_MMT_MV,SALES,2024,2023,0,2024-03-31,PT,16.274979153751
RBI:PRF_LNGNFC_INDUS_ANN_RN(1.0),N_A,17,AFY,MNF_MMT_MV,TAX_PROV,2024,2023,0,2024-03-31,PT,43.888544041956
RBI:PRF_LNGNFC_INDUS_ANN_RN(1.0),N_A,105,AFY,MNF_MMT_OTH,DEPRC,2024,2023,0,2024-03-31,PT,9.476936890803
RBI:PRF_LNGNFC_INDUS_ANN_RN(1.0),N_A,105,AFY,MNF_MMT_OTH,EBITDA,2024,2023,0,2024-03-31,PT,38.889040411591
RBI:PRF_LNGNFC_INDUS_ANN_RN(1.0),N_A,105,AFY,MNF_MMT_OTH,EXPD,2024,2023,0,2024-03-31,PT,12.789937702769
RBI:PRF_LNGNFC_INDUS_ANN_RN(1.0),N_A,105,AFY,MNF_MMT_OTH,GROSS_PFT_EBIT,2024,2023,0,2024-03-31,PT,46.609529386202
RBI:PRF_LNGNFC_INDUS_ANN_RN(1.0),N_A,105,AFY,MNF_MMT_OTH,INT,2024,2023,0,2024-03-31,PT,-3.68473159053
RBI:PRF_LNGNFC_INDUS_ANN_RN(1.0),N_A,105,AFY,MNF_MMT_OTH,NET_PFT,2024,2023,0,2024-03-31,PT,66.572300927858
RBI:PRF_LNGNFC_INDUS_ANN_RN(1.0),N_A,105,AFY,MNF_MMT_OTH,OPR_PFT,2024,2023,0,2024-03-31,PT,36.468081165258
RBI:PRF_LNGNFC_INDUS_ANN_RN(1.0),N_A,105,AFY,MNF_MMT_OTH,OTH_INC,2024,2023,0,2024-03-31,PT,56.175306372986
RBI:PRF_LNGNFC_INDUS_ANN_RN(1.0),N_A,105,AFY,MNF_MMT_OTH,PC_SHARE_SAL,2024,2023,0,2024-03-31,PT,9.983476748876
RBI:PRF_LNGNFC_INDUS_ANN_RN(1.0),N_A,105,AFY,MNF_MMT_OTH,SALES,2024,2023,0,2024-03-31,INR,0.0
RBI:PRF_LNGNFC_INDUS_ANN_RN(1.0),N_A,105,AFY,MNF_MMT_OTH,SALES,2024,2023,0,2024-03-31,PT,15.280169244978
RBI:PRF_LNGNFC_INDUS_ANN_RN(1.0),N_A,105,AFY,MNF_MMT_OTH,TAX_PROV,2024,2023,0,2024-03-31,PT,40.257213088543
RBI:PRF_LNGNFC_INDUS_ANN_RN(1.0),N_A,88,AFY,MNF_MMT_PRTS,DEPRC,2024,2023,0,2024-03-31,PT,10.86428569131
RBI:PRF_LNGNFC_INDUS_ANN_RN(1.0),N_A,88,AFY,MNF_MMT_PRTS,EBITDA,2024,2023,0,2024-03-31,PT,22.019349946832
RBI:PRF_LNGNFC_INDUS_ANN_RN(1.0),N_A,88,AFY,MNF_MMT_PRTS,EXPD,2024,2023,0,2024-03-31,PT,9.074909917872
RBI:PRF_LNGNFC_INDUS_ANN_RN(1.0),N_A,88,AFY,MNF_MMT_PRTS,GROSS_PFT_EBIT,2024,2023,0,2024-03-31,PT,25.464365683133
RBI:PRF_LNGNFC_INDUS_ANN_RN(1.0),N_A,88,AFY,MNF_MMT_PRTS,INT,2024,2023,0,2024-03-31,PT,16.426537991602
RBI:PRF_LNGNFC_INDUS_ANN_RN(1.0),N_A,88,AFY,MNF_MMT_PRTS,NET_PFT,2024,2023,0,2024-03-31,PT,76.871695934548
RBI:PRF_LNGNFC_INDUS_ANN_RN(1.0),N_A,88,AFY,MNF_MMT_PRTS,OPR_PFT,2024,2023,0,2024-03-31,PT,21.680952954086
RBI:PRF_LNGNFC_INDUS_ANN_RN(1.0),N_A,88,AFY,MNF_MMT_PRTS,OTH_INC,2024,2023,0,2024-03-31,PT,24.1682101176
RBI:PRF_LNGNFC_INDUS_ANN_RN(1.0),N_A,88,AFY,MNF_MMT_PRTS,PC_SHARE_SAL,2024,2023,0,2024-03-31,PT,1.831853486948
RBI:PRF_LNGNFC_INDUS_ANN_RN(1.0),N_A,88,AFY,MNF_MMT_PRTS,SALES,2024,2023,0,2024-03-31,INR,0.0
RBI:PRF_LNGNFC_INDUS_ANN_RN(1.0),N_A,88,AFY,MNF_MMT_PRTS,SALES,2024,2023,0,2024-03-31,PT,11.052176145696
RBI:PRF_LNGNFC_INDUS_ANN_RN(1.0),N_A,88,AFY,MNF_MMT_PRTS,TAX_PROV,2024,2023,0,2024-03-31,PT,23.774069694448
RBI:PRF_LNGNFC_INDUS_ANN_RN(1.0),N_A,6,AFY,MNF_MPOSE,DEPRC,2024,2023,0,2024-03-31,PT,12.113700214841
RBI:PRF_LNGNFC_INDUS_ANN_RN(1.0),N_A,6,AFY,MNF_MPOSE,EBITDA,2024,2023,0,2024-03-31,PT,32.206567739862
RBI:PRF_LNGNFC_INDUS_ANN_RN(1.0),N_A,6,AFY,MNF_MPOSE,EXPD,2024,2023,0,2024-03-31,PT,14.083510957007
RBI:PRF_LNGNFC_INDUS_ANN_RN(1.0),N_A,6,AFY,MNF_MPOSE,GROSS_PFT_EBIT,2024,2023,0,2024-03-31,PT,36.093085701499
RBI:PRF_LNGNFC_INDUS_ANN_RN(1.0),N_A,6,AFY,MNF_MPOSE,INT,2024,2023,0,2024-03-31,PT,12.594458438287
RBI:PRF_LNGNFC_INDUS_ANN_RN(1.0),N_A,6,AFY,MNF_MPOSE,NET_PFT,2024,2023,0,2024-03-31,PT,36.444837497236
RBI:PRF_LNGNFC_INDUS_ANN_RN(1.0),N_A,6,AFY,MNF_MPOSE,OPR_PFT,2024,2023,0,2024-03-31,PT,27.984659161203
RBI:PRF_LNGNFC_INDUS_ANN_RN(1.0),N_A,6,AFY,MNF_MPOSE,OTH_INC,2024,2023,0,2024-03-31,PT,59.496201519392
RBI:PRF_LNGNFC_INDUS_ANN_RN(1.0),N_A,6,AFY,MNF_MPOSE,PC_SHARE_SAL,2024,2023,0,2024-03-31,PT,0.025638666391
RBI:PRF_LNGNFC_INDUS_ANN_RN(1.0),N_A,6,AFY,MNF_MPOSE,SALES,2024,2023,0,2024-03-31,INR,0.0
RBI:PRF_LNGNFC_INDUS_ANN_RN(1.0),N_A,6,AFY,MNF_MPOSE,SALES,2024,2023,0,2024-03-31,PT,19.772543629787
RBI:PRF_LNGNFC_INDUS_ANN_RN(1.0),N_A,6,AFY,MNF_MPOSE,TAX_PROV,2024,2023,0,2024-03-31,PT,22.594637223975
RBI:PRF_LNGNFC_INDUS_ANN_RN(1.0),N_A,64,AFY,MNF_OTH,DEPRC,2024,2023,0,2024-03-31,PT,18.114386101893
RBI:PRF_LNGNFC_INDUS_ANN_RN(1.0),N_A,64,AFY,MNF_OTH,EBITDA,2024,2023,0,2024-03-31,PT,4.228543516753
RBI:PRF_LNGNFC_INDUS_ANN_RN(1.0),N_A,64,AFY,MNF_OTH,EXPD,2024,2023,0,2024-03-31,PT,-1.498838642727
RBI:PRF_LNGNFC_INDUS_ANN_RN(1.0),N_A,64,AFY,MNF_OTH,GROSS_PFT_EBIT,2024,2023,0,2024-03-31,PT,1.586114673135
RBI:PRF_LNGNFC_INDUS_ANN_RN(1.0),N_A,64,AFY,MNF_OTH,INT,2024,2023,0,2024-03-31,PT,11.448245224345
RBI:PRF_LNGNFC_INDUS_ANN_RN(1.0),N_A,64,AFY,MNF_OTH,NET_PFT,2024,2023,0,2024-03-31,PT,32.235001809985
RBI:PRF_LNGNFC_INDUS_ANN_RN(1.0),N_A,64,AFY,MNF_OTH,OPR_PFT,2024,2023,0,2024-03-31,PT,-0.892702388295
RBI:PRF_LNGNFC_INDUS_ANN_RN(1.0),N_A,64,AFY,MNF_OTH,OTH_INC,2024,2023,0,2024-03-31,PT,38.180124223602
RBI:PRF_LNGNFC_INDUS_ANN_RN(1.0),N_A,64,AFY,MNF_OTH,PC_SHARE_SAL,2024,2023,0,2024-03-31,PT,0.843528515788
RBI:PRF_LNGNFC_INDUS_ANN_RN(1.0),N_A,64,AFY,MNF_OTH,SALES,2024,2023,0,2024-03-31,INR,0.0
RBI:PRF_LNGNFC_INDUS_ANN_RN(1.0),N_A,64,AFY,MNF_OTH,SALES,2024,2023,0,2024-03-31,PT,2.698653212238
RBI:PRF_LNGNFC_INDUS_ANN_RN(1.0),N_A,64,AFY,MNF_OTH,TAX_PROV,2024,2023,0,2024-03-31,PT,7.76822980604
RBI:PRF_LNGNFC_INDUS_ANN_RN(1.0),N_A,12,AFY,MNF_PETR_PRD,DEPRC,2024,2023,0,2024-03-31,PT,57.932475039411
RBI:PRF_LNGNFC_INDUS_ANN_RN(1.0),N_A,12,AFY,MNF_PETR_PRD,EBITDA,2024,2023,0,2024-03-31,PT,10.872608886026
RBI:PRF_LNGNFC_INDUS_ANN_RN(1.0),N_A,12,AFY,MNF_PETR_PRD,EXPD,2024,2023,0,2024-03-31,PT,-4.164921039709
RBI:PRF_LNGNFC_INDUS_ANN_RN(1.0),N_A,12,AFY,MNF_PETR_PRD,GROSS_PFT_EBIT,2024,2023,0,2024-03-31,PT,3.115556401844
RBI:PRF_LNGNFC_INDUS_ANN_RN(1.0),N_A,12,AFY,MNF_PETR_PRD,INT,2024,2023,0,2024-03-31,PT,6.440795821663
RBI:PRF_LNGNFC_INDUS_ANN_RN(1.0),N_A,12,AFY,MNF_PETR_PRD,NET_PFT,2024,2023,0,2024-03-31,PT,-4.362085701343
RBI:PRF_LNGNFC_INDUS_ANN_RN(1.0),N_A,12,AFY,MNF_PETR_PRD,OPR_PFT,2024,2023,0,2024-03-31,PT,11.080159962997
RBI:PRF_LNGNFC_INDUS_ANN_RN(1.0),N_A,12,AFY,MNF_PETR_PRD,OTH_INC,2024,2023,0,2024-03-31,PT,9.607816934347
RBI:PRF_LNGNFC_INDUS_ANN_RN(1.0),N_A,12,AFY,MNF_PETR_PRD,PC_SHARE_SAL,2024,2023,0,2024-03-31,PT,8.98834735674
RBI:PRF_LNGNFC_INDUS_ANN_RN(1.0),N_A,12,AFY,MNF_PETR_PRD,SALES,2024,2023,0,2024-03-31,INR,0.0
RBI:PRF_LNGNFC_INDUS_ANN_RN(1.0),N_A,12,AFY,MNF_PETR_PRD,SALES,2024,2023,0,2024-03-31,PT,-0.721419403201
RBI:PRF_LNGNFC_INDUS_ANN_RN(1.0),N_A,12,AFY,MNF_PETR_PRD,TAX_PROV,2024,2023,0,2024-03-31,PT,70.449488009873
RBI:PRF_LNGNFC_INDUS_ANN_RN(1.0),N_A,167,AFY,MNF_PM,DEPRC,2024,2023,0,2024-03-31,PT,5.696023153213
RBI:PRF_LNGNFC_INDUS_ANN_RN(1.0),N_A,167,AFY,MNF_PM,EBITDA,2024,2023,0,2024-03-31,PT,24.824378253596
RBI:PRF_LNGNFC_INDUS_ANN_RN(1.0),N_A,167,AFY,MNF_PM,EXPD,2024,2023,0,2024-03-31,PT,6.449883397148
RBI:PRF_LNGNFC_INDUS_ANN_RN(1.0),N_A,167,AFY,MNF_PM,GROSS_PFT_EBIT,2024,2023,0,2024-03-31,PT,29.40613863492
RBI:PRF_LNGNFC_INDUS_ANN_RN(1.0),N_A,167,AFY,MNF_PM,INT,2024,2023,0,2024-03-31,PT,26.978047156679
RBI:PRF_LNGNFC_INDUS_ANN_RN(1.0),N_A,167,AFY,MNF_PM,NET_PFT,2024,2023,0,2024-03-31,PT,41.815268112077
RBI:PRF_LNGNFC_INDUS_ANN_RN(1.0),N_A,167,AFY,MNF_PM,OPR_PFT,2024,2023,0,2024-03-31,PT,25.688573873822
RBI:PRF_LNGNFC_INDUS_ANN_RN(1.0),N_A,167,AFY,MNF_PM,OTH_INC,2024,2023,0,2024-03-31,PT,19.883427902719
RBI:PRF_LNGNFC_INDUS_ANN_RN(1.0),N_A,167,AFY,MNF_PM,PC_SHARE_SAL,2024,2023,0,2024-03-31,PT,3.928865202937
RBI:PRF_LNGNFC_INDUS_ANN_RN(1.0),N_A,167,AFY,MNF_PM,SALES,2024,2023,0,2024-03-31,INR,0.0
RBI:PRF_LNGNFC_INDUS_ANN_RN(1.0),N_A,167,AFY,MNF_PM,SALES,2024,2023,0,2024-03-31,PT,9.490748645289
RBI:PRF_LNGNFC_INDUS_ANN_RN(1.0),N_A,167,AFY,MNF_PM,TAX_PROV,2024,2023,0,2024-03-31,PT,48.061396136332
RBI:PRF_LNGNFC_INDUS_ANN_RN(1.0),N_A,32,AFY,MNF_PNFFM,DEPRC,2024,2023,0,2024-03-31,PT,4.887322999955
RBI:PRF_LNGNFC_INDUS_ANN_RN(1.0),N_A,32,AFY,MNF_PNFFM,EBITDA,2024,2023,0,2024-03-31,PT,-38.314827285232
RBI:PRF_LNGNFC_INDUS_ANN_RN(1.0),N_A,32,AFY,MNF_PNFFM,EXPD,2024,2023,0,2024-03-31,PT,6.124676203767
RBI:PRF_LNGNFC_INDUS_ANN_RN(1.0),N_A,32,AFY,MNF_PNFFM,GROSS_PFT_EBIT,2024,2023,0,2024-03-31,PT,-46.112444531159
RBI:PRF_LNGNFC_INDUS_ANN_RN(1.0),N_A,32,AFY,MNF_PNFFM,INT,2024,2023,0,2024-03-31,PT,30.228549611736
RBI:PRF_LNGNFC_INDUS_ANN_RN(1.0),N_A,32,AFY,MNF_PNFFM,NET_PFT,2024,2023,0,2024-03-31,PT,-47.061326417417
RBI:PRF_LNGNFC_INDUS_ANN_RN(1.0),N_A,32,AFY,MNF_PNFFM,OPR_PFT,2024,2023,0,2024-03-31,PT,-13.604920664838
RBI:PRF_LNGNFC_INDUS_ANN_RN(1.0),N_A,32,AFY,MNF_PNFFM,OTH_INC,2024,2023,0,2024-03-31,PT,-70.32695948957
RBI:PRF_LNGNFC_INDUS_ANN_RN(1.0),N_A,32,AFY,MNF_PNFFM,PC_SHARE_SAL,2024,2023,0,2024-03-31,PT,3.207539516348
RBI:PRF_LNGNFC_INDUS_ANN_RN(1.0),N_A,32,AFY,MNF_PNFFM,SALES,2024,2023,0,2024-03-31,INR,0.0
RBI:PRF_LNGNFC_INDUS_ANN_RN(1.0),N_A,32,AFY,MNF_PNFFM,SALES,2024,2023,0,2024-03-31,PT,2.060100437605
RBI:PRF_LNGNFC_INDUS_ANN_RN(1.0),N_A,32,AFY,MNF_PNFFM,TAX_PROV,2024,2023,0,2024-03-31,PT,-42.344766856254
RBI:PRF_LNGNFC_INDUS_ANN_RN(1.0),N_A,48,AFY,MNF_PNPD,DEPRC,2024,2023,0,2024-03-31,PT,-0.808502906977
RBI:PRF_LNGNFC_INDUS_ANN_RN(1.0),N_A,48,AFY,MNF_PNPD,EBITDA,2024,2023,0,2024-03-31,PT,-11.864158599556
RBI:PRF_LNGNFC_INDUS_ANN_RN(1.0),N_A,48,AFY,MNF_PNPD,EXPD,2024,2023,0,2024-03-31,PT,-7.998083531553
RBI:PRF_LNGNFC_INDUS_ANN_RN(1.0),N_A,48,AFY,MNF_PNPD,GROSS_PFT_EBIT,2024,2023,0,2024-03-31,PT,-14.51538881595
RBI:PRF_LNGNFC_INDUS_ANN_RN(1.0),N_A,48,AFY,MNF_PNPD,INT,2024,2023,0,2024-03-31,PT,7.710084737248
RBI:PRF_LNGNFC_INDUS_ANN_RN(1.0),N_A,48,AFY,MNF_PNPD,NET_PFT,2024,2023,0,2024-03-31,PT,-11.731638594086
RBI:PRF_LNGNFC_INDUS_ANN_RN(1.0),N_A,48,AFY,MNF_PNPD,OPR_PFT,2024,2023,0,2024-03-31,PT,-15.68767135658
RBI:PRF_LNGNFC_INDUS_ANN_RN(1.0),N_A,48,AFY,MNF_PNPD,OTH_INC,2024,2023,0,2024-03-31,PT,42.228255083573
RBI:PRF_LNGNFC_INDUS_ANN_RN(1.0),N_A,48,AFY,MNF_PNPD,PC_SHARE_SAL,2024,2023,0,2024-03-31,PT,0.64622455531
RBI:PRF_LNGNFC_INDUS_ANN_RN(1.0),N_A,48,AFY,MNF_PNPD,SALES,2024,2023,0,2024-03-31,INR,0.0
RBI:PRF_LNGNFC_INDUS_ANN_RN(1.0),N_A,48,AFY,MNF_PNPD,SALES,2024,2023,0,2024-03-31,PT,-9.370715931775
RBI:PRF_LNGNFC_INDUS_ANN_RN(1.0),N_A,48,AFY,MNF_PNPD,TAX_PROV,2024,2023,0,2024-03-31,PT,-13.158615786784
RBI:PRF_LNGNFC_INDUS_ANN_RN(1.0),N_A,119,AFY,MNF_PP,DEPRC,2024,2023,0,2024-03-31,PT,10.460600224683
RBI:PRF_LNGNFC_INDUS_ANN_RN(1.0),N_A,119,AFY,MNF_PP,EBITDA,2024,2023,0,2024-03-31,PT,7.804591281855
RBI:PRF_LNGNFC_INDUS_ANN_RN(1.0),N_A,119,AFY,MNF_PP,EXPD,2024,2023,0,2024-03-31,PT,1.214327230027
RBI:PRF_LNGNFC_INDUS_ANN_RN(1.0),N_A,119,AFY,MNF_PP,GROSS_PFT_EBIT,2024,2023,0,2024-03-31,PT,6.88871671621
RBI:PRF_LNGNFC_INDUS_ANN_RN(1.0),N_A,119,AFY,MNF_PP,INT,2024,2023,0,2024-03-31,PT,6.531796046978
RBI:PRF_LNGNFC_INDUS_ANN_RN(1.0),N_A,119,AFY,MNF_PP,NET_PFT,2024,2023,0,2024-03-31,PT,8.056497967897
RBI:PRF_LNGNFC_INDUS_ANN_RN(1.0),N_A,119,AFY,MNF_PP,OPR_PFT,2024,2023,0,2024-03-31,PT,12.518503118503
RBI:PRF_LNGNFC_INDUS_ANN_RN(1.0),N_A,119,AFY,MNF_PP,OTH_INC,2024,2023,0,2024-03-31,PT,-18.555318736679
RBI:PRF_LNGNFC_INDUS_ANN_RN(1.0),N_A,119,AFY,MNF_PP,PC_SHARE_SAL,2024,2023,0,2024-03-31,PT,1.124918391766
RBI:PRF_LNGNFC_INDUS_ANN_RN(1.0),N_A,119,AFY,MNF_PP,SALES,2024,2023,0,2024-03-31,INR,0.0
RBI:PRF_LNGNFC_INDUS_ANN_RN(1.0),N_A,119,AFY,MNF_PP,SALES,2024,2023,0,2024-03-31,PT,2.07047011416
RBI:PRF_LNGNFC_INDUS_ANN_RN(1.0),N_A,119,AFY,MNF_PP,TAX_PROV,2024,2023,0,2024-03-31,PT,21.252586387625
RBI:PRF_LNGNFC_INDUS_ANN_RN(1.0),N_A,28,AFY,MNF_RRP,DEPRC,2024,2023,0,2024-03-31,PT,9.114822592641
RBI:PRF_LNGNFC_INDUS_ANN_RN(1.0),N_A,28,AFY,MNF_RRP,EBITDA,2024,2023,0,2024-03-31,PT,52.702267269694
RBI:PRF_LNGNFC_INDUS_ANN_RN(1.0),N_A,28,AFY,MNF_RRP,EXPD,2024,2023,0,2024-03-31,PT,-2.819353436089
RBI:PRF_LNGNFC_INDUS_ANN_RN(1.0),N_A,28,AFY,MNF_RRP,GROSS_PFT_EBIT,2024,2023,0,2024-03-31,PT,80.145822035138
RBI:PRF_LNGNFC_INDUS_ANN_RN(1.0),N_A,28,AFY,MNF_RRP,INT,2024,2023,0,2024-03-31,PT,2.439370805667
RBI:PRF_LNGNFC_INDUS_ANN_RN(1.0),N_A,28,AFY,MNF_RRP,NET_PFT,2024,2023,0,2024-03-31,PT,102.999579128575
RBI:PRF_LNGNFC_INDUS_ANN_RN(1.0),N_A,28,AFY,MNF_RRP,OPR_PFT,2024,2023,0,2024-03-31,PT,54.653605948559
RBI:PRF_LNGNFC_INDUS_ANN_RN(1.0),N_A,28,AFY,MNF_RRP,OTH_INC,2024,2023,0,2024-03-31,PT,32.829595670771
RBI:PRF_LNGNFC_INDUS_ANN_RN(1.0),N_A,28,AFY,MNF_RRP,PC_SHARE_SAL,2024,2023,0,2024-03-31,PT,1.327989613479
RBI:PRF_LNGNFC_INDUS_ANN_RN(1.0),N_A,28,AFY,MNF_RRP,SALES,2024,2023,0,2024-03-31,INR,0.0
RBI:PRF_LNGNFC_INDUS_ANN_RN(1.0),N_A,28,AFY,MNF_RRP,SALES,2024,2023,0,2024-03-31,PT,3.513476291321
RBI:PRF_LNGNFC_INDUS_ANN_RN(1.0),N_A,28,AFY,MNF_RRP,TAX_PROV,2024,2023,0,2024-03-31,PT,91.184581260116
RBI:PRF_LNGNFC_INDUS_ANN_RN(1.0),N_A,7,AFY,MNF_TBC_PRD,DEPRC,2024,2023,0,2024-03-31,PT,-0.821639386798
RBI:PRF_LNGNFC_INDUS_ANN_RN(1.0),N_A,7,AFY,MNF_TBC_PRD,EBITDA,2024,2023,0,2024-03-31,PT,7.135421077192
RBI:PRF_LNGNFC_INDUS_ANN_RN(1.0),N_A,7,AFY,MNF_TBC_PRD,EXPD,2024,2023,0,2024-03-31,PT,0.050105286032
RBI:PRF_LNGNFC_INDUS_ANN_RN(1.0),N_A,7,AFY,MNF_TBC_PRD,GROSS_PFT_EBIT,2024,2023,0,2024-03-31,PT,7.703750720535
RBI:PRF_LNGNFC_INDUS_ANN_RN(1.0),N_A,7,AFY,MNF_TBC_PRD,INT,2024,2023,0,2024-03-31,PT,3.345677435832
RBI:PRF_LNGNFC_INDUS_ANN_RN(1.0),N_A,7,AFY,MNF_TBC_PRD,NET_PFT,2024,2023,0,2024-03-31,PT,10.209610802912
RBI:PRF_LNGNFC_INDUS_ANN_RN(1.0),N_A,7,AFY,MNF_TBC_PRD,OPR_PFT,2024,2023,0,2024-03-31,PT,2.599685602343
RBI:PRF_LNGNFC_INDUS_ANN_RN(1.0),N_A,7,AFY,MNF_TBC_PRD,OTH_INC,2024,2023,0,2024-03-31,PT,49.443069537225
RBI:PRF_LNGNFC_INDUS_ANN_RN(1.0),N_A,7,AFY,MNF_TBC_PRD,PC_SHARE_SAL,2024,2023,0,2024-03-31,PT,1.156410318298
RBI:PRF_LNGNFC_INDUS_ANN_RN(1.0),N_A,7,AFY,MNF_TBC_PRD,SALES,2024,2023,0,2024-03-31,INR,0.0
RBI:PRF_LNGNFC_INDUS_ANN_RN(1.0),N_A,7,AFY,MNF_TBC_PRD,SALES,2024,2023,0,2024-03-31,PT,0.497676894382
RBI:PRF_LNGNFC_INDUS_ANN_RN(1.0),N_A,7,AFY,MNF_TBC_PRD,TAX_PROV,2024,2023,0,2024-03-31,PT,-5.683127669861
RBI:PRF_LNGNFC_INDUS_ANN_RN(1.0),N_A,237,AFY,MNF_TXT,DEPRC,2024,2023,0,2024-03-31,PT,4.693927231644
RBI:PRF_LNGNFC_INDUS_ANN_RN(1.0),N_A,237,AFY,MNF_TXT,EBITDA,2024,2023,0,2024-03-31,PT,-2.066367665941
RBI:PRF_LNGNFC_INDUS_ANN_RN(1.0),N_A,237,AFY,MNF_TXT,EXPD,2024,2023,0,2024-03-31,PT,-2.245532147494
RBI:PRF_LNGNFC_INDUS_ANN_RN(1.0),N_A,237,AFY,MNF_TXT,GROSS_PFT_EBIT,2024,2023,0,2024-03-31,PT,-4.619614758375
RBI:PRF_LNGNFC_INDUS_ANN_RN(1.0),N_A,237,AFY,MNF_TXT,INT,2024,2023,0,2024-03-31,PT,18.590462678852
RBI:PRF_LNGNFC_INDUS_ANN_RN(1.0),N_A,237,AFY,MNF_TXT,NET_PFT,2024,2023,0,2024-03-31,PT,-15.25585325405
RBI:PRF_LNGNFC_INDUS_ANN_RN(1.0),N_A,237,AFY,MNF_TXT,OPR_PFT,2024,2023,0,2024-03-31,PT,-6.115646551376
RBI:PRF_LNGNFC_INDUS_ANN_RN(1.0),N_A,237,AFY,MNF_TXT,OTH_INC,2024,2023,0,2024-03-31,PT,20.511685652022
RBI:PRF_LNGNFC_INDUS_ANN_RN(1.0),N_A,237,AFY,MNF_TXT,PC_SHARE_SAL,2024,2023,0,2024-03-31,PT,2.405810995235
RBI:PRF_LNGNFC_INDUS_ANN_RN(1.0),N_A,237,AFY,MNF_TXT,SALES,2024,2023,0,2024-03-31,INR,0.0
RBI:PRF_LNGNFC_INDUS_ANN_RN(1.0),N_A,237,AFY,MNF_TXT,SALES,2024,2023,0,2024-03-31,PT,-1.644673711391
RBI:PRF_LNGNFC_INDUS_ANN_RN(1.0),N_A,237,AFY,MNF_TXT,TAX_PROV,2024,2023,0,2024-03-31,PT,-12.906711725872
RBI:PRF_LNGNFC_INDUS_ANN_RN(1.0),N_A,18,AFY,MNF_WOOD_PRD,DEPRC,2024,2023,0,2024-03-31,PT,16.407574391344
RBI:PRF_LNGNFC_INDUS_ANN_RN(1.0),N_A,18,AFY,MNF_WOOD_PRD,EBITDA,2024,2023,0,2024-03-31,PT,-6.684660015487
RBI:PRF_LNGNFC_INDUS_ANN_RN(1.0),N_A,18,AFY,MNF_WOOD_PRD,EXPD,2024,2023,0,2024-03-31,PT,6.634050169616
RBI:PRF_LNGNFC_INDUS_ANN_RN(1.0),N_A,18,AFY,MNF_WOOD_PRD,GROSS_PFT_EBIT,2024,2023,0,2024-03-31,PT,-10.939005508708
RBI:PRF_LNGNFC_INDUS_ANN_RN(1.0),N_A,18,AFY,MNF_WOOD_PRD,INT,2024,2023,0,2024-03-31,PT,20.293320580265
RBI:PRF_LNGNFC_INDUS_ANN_RN(1.0),N_A,18,AFY,MNF_WOOD_PRD,NET_PFT,2024,2023,0,2024-03-31,PT,-14.083910700539
RBI:PRF_LNGNFC_INDUS_ANN_RN(1.0),N_A,18,AFY,MNF_WOOD_PRD,OPR_PFT,2024,2023,0,2024-03-31,PT,-7.581411744685
RBI:PRF_LNGNFC_INDUS_ANN_RN(1.0),N_A,18,AFY,MNF_WOOD_PRD,OTH_INC,2024,2023,0,2024-03-31,PT,4.100877192982
RBI:PRF_LNGNFC_INDUS_ANN_RN(1.0),N_A,18,AFY,MNF_WOOD_PRD,PC_SHARE_SAL,2024,2023,0,2024-03-31,PT,0.20268228681
RBI:PRF_LNGNFC_INDUS_ANN_RN(1.0),N_A,18,AFY,MNF_WOOD_PRD,SALES,2024,2023,0,2024-03-31,INR,0.0
RBI:PRF_LNGNFC_INDUS_ANN_RN(1.0),N_A,18,AFY,MNF_WOOD_PRD,SALES,2024,2023,0,2024-03-31,PT,3.886705625693
RBI:PRF_LNGNFC_INDUS_ANN_RN(1.0),N_A,18,AFY,MNF_WOOD_PRD,TAX_PROV,2024,2023,0,2024-03-31,PT,6.958922020848
RBI:PRF_LNGNFC_INDUS_ANN_RN(1.0),N_A,927,AFY,SERV_OTH_IT,DEPRC,2024,2023,0,2024-03-31,PT,8.566790812067
RBI:PRF_LNGNFC_INDUS_ANN_RN(1.0),N_A,927,AFY,SERV_OTH_IT,EBITDA,2024,2023,0,2024-03-31,PT,24.520623175798
RBI:PRF_LNGNFC_INDUS_ANN_RN(1.0),N_A,927,AFY,SERV_OTH_IT,EXPD,2024,2023,0,2024-03-31,PT,2.623105298798
RBI:PRF_LNGNFC_INDUS_ANN_RN(1.0),N_A,927,AFY,SERV_OTH_IT,GROSS_PFT_EBIT,2024,2023,0,2024-03-31,PT,41.082542230858
RBI:PRF_LNGNFC_INDUS_ANN_RN(1.0),N_A,927,AFY,SERV_OTH_IT,INT,2024,2023,0,2024-03-31,PT,6.048846868655
RBI:PRF_LNGNFC_INDUS_ANN_RN(1.0),N_A,927,AFY,SERV_OTH_IT,OPR_PFT,2024,2023,0,2024-03-31,PT,27.916543985847
RBI:PRF_LNGNFC_INDUS_ANN_RN(1.0),N_A,927,AFY,SERV_OTH_IT,OTH_INC,2024,2023,0,2024-03-31,PT,5.257429470152
RBI:PRF_LNGNFC_INDUS_ANN_RN(1.0),N_A,927,AFY,SERV_OTH_IT,PC_SHARE_SAL,2024,2023,0,2024-03-31,PT,12.012410469824
RBI:PRF_LNGNFC_INDUS_ANN_RN(1.0),N_A,927,AFY,SERV_OTH_IT,SALES,2024,2023,0,2024-03-31,INR,0.0
RBI:PRF_LNGNFC_INDUS_ANN_RN(1.0),N_A,927,AFY,SERV_OTH_IT,SALES,2024,2023,0,2024-03-31,PT,7.939013622635
RBI:PRF_LNGNFC_INDUS_ANN_RN(1.0),N_A,927,AFY,SERV_OTH_IT,TAX_PROV,2024,2023,0,2024-03-31,PT,34.225100433518
RBI:PRF_LNGNFC_INDUS_ANN_RN(1.0),N_A,33,AFY,SOI_BSS,DEPRC,2024,2023,0,2024-03-31,PT,12.617862061659
RBI:PRF_LNGNFC_INDUS_ANN_RN(1.0),N_A,33,AFY,SOI_BSS,EBITDA,2024,2023,0,2024-03-31,PT,14.146407281113
RBI:PRF_LNGNFC_INDUS_ANN_RN(1.0),N_A,33,AFY,SOI_BSS,EXPD,2024,2023,0,2024-03-31,PT,23.207793184725
RBI:PRF_LNGNFC_INDUS_ANN_RN(1.0),N_A,33,AFY,SOI_BSS,GROSS_PFT_EBIT,2024,2023,0,2024-03-31,PT,14.607010598902
RBI:PRF_LNGNFC_INDUS_ANN_RN(1.0),N_A,33,AFY,SOI_BSS,INT,2024,2023,0,2024-03-31,PT,23.001471309465
RBI:PRF_LNGNFC_INDUS_ANN_RN(1.0),N_A,33,AFY,SOI_BSS,NET_PFT,2024,2023,0,2024-03-31,PT,-42.458405640571
RBI:PRF_LNGNFC_INDUS_ANN_RN(1.0),N_A,33,AFY,SOI_BSS,OPR_PFT,2024,2023,0,2024-03-31,PT,16.514850866366
RBI:PRF_LNGNFC_INDUS_ANN_RN(1.0),N_A,33,AFY,SOI_BSS,OTH_INC,2024,2023,0,2024-03-31,PT,5.495634309194
RBI:PRF_LNGNFC_INDUS_ANN_RN(1.0),N_A,33,AFY,SOI_BSS,PC_SHARE_SAL,2024,2023,0,2024-03-31,PT,0.058654163771
RBI:PRF_LNGNFC_INDUS_ANN_RN(1.0),N_A,33,AFY,SOI_BSS,SALES,2024,2023,0,2024-03-31,INR,0.0
RBI:PRF_LNGNFC_INDUS_ANN_RN(1.0),N_A,33,AFY,SOI_BSS,SALES,2024,2023,0,2024-03-31,PT,19.219446160316
RBI:PRF_LNGNFC_INDUS_ANN_RN(1.0),N_A,33,AFY,SOI_BSS,TAX_PROV,2024,2023,0,2024-03-31,PT,5.173592126845
RBI:PRF_LNGNFC_INDUS_ANN_RN(1.0),N_A,64,AFY,SOI_HNR,DEPRC,2024,2023,0,2024-03-31,PT,16.752703690341
RBI:PRF_LNGNFC_INDUS_ANN_RN(1.0),N_A,64,AFY,SOI_HNR,EBITDA,2024,2023,0,2024-03-31,PT,16.262761544923
RBI:PRF_LNGNFC_INDUS_ANN_RN(1.0),N_A,64,AFY,SOI_HNR,EXPD,2024,2023,0,2024-03-31,PT,10.982240176466
RBI:PRF_LNGNFC_INDUS_ANN_RN(1.0),N_A,64,AFY,SOI_HNR,GROSS_PFT_EBIT,2024,2023,0,2024-03-31,PT,16.04057761854
RBI:PRF_LNGNFC_INDUS_ANN_RN(1.0),N_A,64,AFY,SOI_HNR,INT,2024,2023,0,2024-03-31,PT,16.239343453239
RBI:PRF_LNGNFC_INDUS_ANN_RN(1.0),N_A,64,AFY,SOI_HNR,NET_PFT,2024,2023,0,2024-03-31,PT,-36.340337943281
RBI:PRF_LNGNFC_INDUS_ANN_RN(1.0),N_A,64,AFY,SOI_HNR,OPR_PFT,2024,2023,0,2024-03-31,PT,16.661861134149
RBI:PRF_LNGNFC_INDUS_ANN_RN(1.0),N_A,64,AFY,SOI_HNR,OTH_INC,2024,2023,0,2024-03-31,PT,13.001932290426
RBI:PRF_LNGNFC_INDUS_ANN_RN(1.0),N_A,64,AFY,SOI_HNR,PC_SHARE_SAL,2024,2023,0,2024-03-31,PT,0.448978304624
RBI:PRF_LNGNFC_INDUS_ANN_RN(1.0),N_A,64,AFY,SOI_HNR,SALES,2024,2023,0,2024-03-31,INR,0.0
RBI:PRF_LNGNFC_INDUS_ANN_RN(1.0),N_A,64,AFY,SOI_HNR,SALES,2024,2023,0,2024-03-31,PT,12.378055367749
RBI:PRF_LNGNFC_INDUS_ANN_RN(1.0),N_A,64,AFY,SOI_HNR,TAX_PROV,2024,2023,0,2024-03-31,PT,41.85745847312
RBI:PRF_LNGNFC_INDUS_ANN_RN(1.0),N_A,29,AFY,SOI_HS,DEPRC,2024,2023,0,2024-03-31,PT,8.821191300891
RBI:PRF_LNGNFC_INDUS_ANN_RN(1.0),N_A,29,AFY,SOI_HS,EBITDA,2024,2023,0,2024-03-31,PT,18.34805805518
RBI:PRF_LNGNFC_INDUS_ANN_RN(1.0),N_A,29,AFY,SOI_HS,EXPD,2024,2023,0,2024-03-31,PT,13.795147227515
RBI:PRF_LNGNFC_INDUS_ANN_RN(1.0),N_A,29,AFY,SOI_HS,GROSS_PFT_EBIT,2024,2023,0,2024-03-31,PT,21.134130824205
RBI:PRF_LNGNFC_INDUS_ANN_RN(1.0),N_A,29,AFY,SOI_HS,INT,2024,2023,0,2024-03-31,PT,4.72438733235
RBI:PRF_LNGNFC_INDUS_ANN_RN(1.0),N_A,29,AFY,SOI_HS,NET_PFT,2024,2023,0,2024-03-31,PT,13.130925074293
RBI:PRF_LNGNFC_INDUS_ANN_RN(1.0),N_A,29,AFY,SOI_HS,OPR_PFT,2024,2023,0,2024-03-31,PT,16.162067532429
RBI:PRF_LNGNFC_INDUS_ANN_RN(1.0),N_A,29,AFY,SOI_HS,OTH_INC,2024,2023,0,2024-03-31,PT,33.4237993177
RBI:PRF_LNGNFC_INDUS_ANN_RN(1.0),N_A,29,AFY,SOI_HS,PC_SHARE_SAL,2024,2023,0,2024-03-31,PT,0.442638956681
RBI:PRF_LNGNFC_INDUS_ANN_RN(1.0),N_A,29,AFY,SOI_HS,SALES,2024,2023,0,2024-03-31,INR,0.0
RBI:PRF_LNGNFC_INDUS_ANN_RN(1.0),N_A,29,AFY,SOI_HS,SALES,2024,2023,0,2024-03-31,PT,14.276914370566
RBI:PRF_LNGNFC_INDUS_ANN_RN(1.0),N_A,29,AFY,SOI_HS,TAX_PROV,2024,2023,0,2024-03-31,PT,17.395973947916
RBI:PRF_LNGNFC_INDUS_ANN_RN(1.0),N_A,160,AFY,SOI_OTH,DEPRC,2024,2023,0,2024-03-31,PT,13.732701594903
RBI:PRF_LNGNFC_INDUS_ANN_RN(1.0),N_A,160,AFY,SOI_OTH,EBITDA,2024,2023,0,2024-03-31,PT,29.735310628479
RBI:PRF_LNGNFC_INDUS_ANN_RN(1.0),N_A,160,AFY,SOI_OTH,EXPD,2024,2023,0,2024-03-31,PT,8.161363793924
RBI:PRF_LNGNFC_INDUS_ANN_RN(1.0),N_A,160,AFY,SOI_OTH,GROSS_PFT_EBIT,2024,2023,0,2024-03-31,PT,35.898322568545
RBI:PRF_LNGNFC_INDUS_ANN_RN(1.0),N_A,160,AFY,SOI_OTH,INT,2024,2023,0,2024-03-31,PT,-1.936058070184
RBI:PRF_LNGNFC_INDUS_ANN_RN(1.0),N_A,160,AFY,SOI_OTH,NET_PFT,2024,2023,0,2024-03-31,PT,67.845819292508
RBI:PRF_LNGNFC_INDUS_ANN_RN(1.0),N_A,160,AFY,SOI_OTH,OPR_PFT,2024,2023,0,2024-03-31,PT,20.049397647419
RBI:PRF_LNGNFC_INDUS_ANN_RN(1.0),N_A,160,AFY,SOI_OTH,OTH_INC,2024,2023,0,2024-03-31,PT,62.977595519104
RBI:PRF_LNGNFC_INDUS_ANN_RN(1.0),N_A,160,AFY,SOI_OTH,PC_SHARE_SAL,2024,2023,0,2024-03-31,PT,0.969098396148
RBI:PRF_LNGNFC_INDUS_ANN_RN(1.0),N_A,160,AFY,SOI_OTH,SALES,2024,2023,0,2024-03-31,INR,0.0
RBI:PRF_LNGNFC_INDUS_ANN_RN(1.0),N_A,160,AFY,SOI_OTH,SALES,2024,2023,0,2024-03-31,PT,10.193482168033
RBI:PRF_LNGNFC_INDUS_ANN_RN(1.0),N_A,160,AFY,SOI_OTH,TAX_PROV,2024,2023,0,2024-03-31,PT,13.524627532505
RBI:PRF_LNGNFC_INDUS_ANN_RN(1.0),N_A,94,AFY,SOI_RE,DEPRC,2024,2023,0,2024-03-31,PT,6.202506164763
RBI:PRF_LNGNFC_INDUS_ANN_RN(1.0),N_A,94,AFY,SOI_RE,EBITDA,2024,2023,0,2024-03-31,PT,-9.559102490986
RBI:PRF_LNGNFC_INDUS_ANN_RN(1.0),N_A,94,AFY,SOI_RE,EXPD,2024,2023,0,2024-03-31,PT,9.909060214024
RBI:PRF_LNGNFC_INDUS_ANN_RN(1.0),N_A,94,AFY,SOI_RE,GROSS_PFT_EBIT,2024,2023,0,2024-03-31,PT,-10.364899841001
RBI:PRF_LNGNFC_INDUS_ANN_RN(1.0),N_A,94,AFY,SOI_RE,INT,2024,2023,0,2024-03-31,PT,-8.439957561771
RBI:PRF_LNGNFC_INDUS_ANN_RN(1.0),N_A,94,AFY,SOI_RE,NET_PFT,2024,2023,0,2024-03-31,PT,-11.624797389386
RBI:PRF_LNGNFC_INDUS_ANN_RN(1.0),N_A,94,AFY,SOI_RE,OPR_PFT,2024,2023,0,2024-03-31,PT,-11.485107964414
RBI:PRF_LNGNFC_INDUS_ANN_RN(1.0),N_A,94,AFY,SOI_RE,OTH_INC,2024,2023,0,2024-03-31,PT,-6.052949501225
RBI:PRF_LNGNFC_INDUS_ANN_RN(1.0),N_A,94,AFY,SOI_RE,PC_SHARE_SAL,2024,2023,0,2024-03-31,PT,0.282891462143
RBI:PRF_LNGNFC_INDUS_ANN_RN(1.0),N_A,94,AFY,SOI_RE,SALES,2024,2023,0,2024-03-31,INR,0.0
RBI:PRF_LNGNFC_INDUS_ANN_RN(1.0),N_A,94,AFY,SOI_RE,SALES,2024,2023,0,2024-03-31,PT,6.15246873965
RBI:PRF_LNGNFC_INDUS_ANN_RN(1.0),N_A,94,AFY,SOI_RE,TAX_PROV,2024,2023,0,2024-03-31,PT,60.561972456686
RBI:PRF_LNGNFC_INDUS_ANN_RN(1.0),N_A,22,AFY,SOI_TCOMM,DEPRC,2024,2023,0,2024-03-31,PT,4.947829508513
RBI:PRF_LNGNFC_INDUS_ANN_RN(1.0),N_A,22,AFY,SOI_TCOMM,EBITDA,2024,2023,0,2024-03-31,PT,20.518377438785
RBI:PRF_LNGNFC_INDUS_ANN_RN(1.0),N_A,22,AFY,SOI_TCOMM,EXPD,2024,2023,0,2024-03-31,PT,-5.566333212109
RBI:PRF_LNGNFC_INDUS_ANN_RN(1.0),N_A,22,AFY,SOI_TCOMM,GROSS_PFT_EBIT,2024,2023,0,2024-03-31,PT,73.367573253193
RBI:PRF_LNGNFC_INDUS_ANN_RN(1.0),N_A,22,AFY,SOI_TCOMM,INT,2024,2023,0,2024-03-31,PT,4.290378765228
RBI:PRF_LNGNFC_INDUS_ANN_RN(1.0),N_A,22,AFY,SOI_TCOMM,OPR_PFT,2024,2023,0,2024-03-31,PT,23.757028375943
RBI:PRF_LNGNFC_INDUS_ANN_RN(1.0),N_A,22,AFY,SOI_TCOMM,OTH_INC,2024,2023,0,2024-03-31,PT,-32.403770434255
RBI:PRF_LNGNFC_INDUS_ANN_RN(1.0),N_A,22,AFY,SOI_TCOMM,PC_SHARE_SAL,2024,2023,0,2024-03-31,PT,2.93720146973
RBI:PRF_LNGNFC_INDUS_ANN_RN(1.0),N_A,22,AFY,SOI_TCOMM,SALES,2024,2023,0,2024-03-31,INR,0.0
RBI:PRF_LNGNFC_INDUS_ANN_RN(1.0),N_A,22,AFY,SOI_TCOMM,SALES,2024,2023,0,2024-03-31,PT,6.259411058668
RBI:PRF_LNGNFC_INDUS_ANN_RN(1.0),N_A,22,AFY,SOI_TCOMM,TAX_PROV,2024,2023,0,2024-03-31,PT,58.613914931913
RBI:PRF_LNGNFC_INDUS_ANN_RN(1.0),N_A,75,AFY,SOI_TSS,DEPRC,2024,2023,0,2024-03-31,PT,18.180483930721
RBI:PRF_LNGNFC_INDUS_ANN_RN(1.0),N_A,75,AFY,SOI_TSS,EBITDA,2024,2023,0,2024-03-31,PT,70.028376633116
RBI:PRF_LNGNFC_INDUS_ANN_RN(1.0),N_A,75,AFY,SOI_TSS,EXPD,2024,2023,0,2024-03-31,PT,3.085503955139
RBI:PRF_LNGNFC_INDUS_ANN_RN(1.0),N_A,75,AFY,SOI_TSS,GROSS_PFT_EBIT,2024,2023,0,2024-03-31,PT,108.387326145189
RBI:PRF_LNGNFC_INDUS_ANN_RN(1.0),N_A,75,AFY,SOI_TSS,INT,2024,2023,0,2024-03-31,PT,16.341675346105
RBI:PRF_LNGNFC_INDUS_ANN_RN(1.0),N_A,75,AFY,SOI_TSS,OPR_PFT,2024,2023,0,2024-03-31,PT,93.982113070894
RBI:PRF_LNGNFC_INDUS_ANN_RN(1.0),N_A,75,AFY,SOI_TSS,OTH_INC,2024,2023,0,2024-03-31,PT,12.57096817786
RBI:PRF_LNGNFC_INDUS_ANN_RN(1.0),N_A,75,AFY,SOI_TSS,PC_SHARE_SAL,2024,2023,0,2024-03-31,PT,1.994311886857
RBI:PRF_LNGNFC_INDUS_ANN_RN(1.0),N_A,75,AFY,SOI_TSS,SALES,2024,2023,0,2024-03-31,INR,0.0
RBI:PRF_LNGNFC_INDUS_ANN_RN(1.0),N_A,75,AFY,SOI_TSS,SALES,2024,2023,0,2024-03-31,PT,15.005926918614
RBI:PRF_LNGNFC_INDUS_ANN_RN(1.0),N_A,75,AFY,SOI_TSS,TAX_PROV,2024,2023,0,2024-03-31,PT,42.173867962258
RBI:PRF_LNGNFC_INDUS_ANN_RN(1.0),N_A,37,AFY,SOI_VTPB,DEPRC,2024,2023,0,2024-03-31,PT,33.108993448481
RBI:PRF_LNGNFC_INDUS_ANN_RN(1.0),N_A,37,AFY,SOI_VTPB,EBITDA,2024,2023,0,2024-03-31,PT,12.937196954983
RBI:PRF_LNGNFC_INDUS_ANN_RN(1.0),N_A,37,AFY,SOI_VTPB,EXPD,2024,2023,0,2024-03-31,PT,22.702722609849
RBI:PRF_LNGNFC_INDUS_ANN_RN(1.0),N_A,37,AFY,SOI_VTPB,GROSS_PFT_EBIT,2024,2023,0,2024-03-31,PT,4.754495618539
RBI:PRF_LNGNFC_INDUS_ANN_RN(1.0),N_A,37,AFY,SOI_VTPB,INT,2024,2023,0,2024-03-31,PT,30.510710862719
RBI:PRF_LNGNFC_INDUS_ANN_RN(1.0),N_A,37,AFY,SOI_VTPB,NET_PFT,2024,2023,0,2024-03-31,PT,27.719453390615
RBI:PRF_LNGNFC_INDUS_ANN_RN(1.0),N_A,37,AFY,SOI_VTPB,OPR_PFT,2024,2023,0,2024-03-31,PT,15.999447705091
RBI:PRF_LNGNFC_INDUS_ANN_RN(1.0),N_A,37,AFY,SOI_VTPB,OTH_INC,2024,2023,0,2024-03-31,PT,-2.45248821915
RBI:PRF_LNGNFC_INDUS_ANN_RN(1.0),N_A,37,AFY,SOI_VTPB,PC_SHARE_SAL,2024,2023,0,2024-03-31,PT,0.386607436246
RBI:PRF_LNGNFC_INDUS_ANN_RN(1.0),N_A,37,AFY,SOI_VTPB,SALES,2024,2023,0,2024-03-31,INR,0.0
RBI:PRF_LNGNFC_INDUS_ANN_RN(1.0),N_A,37,AFY,SOI_VTPB,SALES,2024,2023,0,2024-03-31,PT,21.004688194109
RBI:PRF_LNGNFC_INDUS_ANN_RN(1.0),N_A,37,AFY,SOI_VTPB,TAX_PROV,2024,2023,0,2024-03-31,PT,-1.57630568534
RBI:PRF_LNGNFC_INDUS_ANN_RN(1.0),N_A,413,AFY,SOI_WRT,DEPRC,2024,2023,0,2024-03-31,PT,19.154497749651
RBI:PRF_LNGNFC_INDUS_ANN_RN(1.0),N_A,413,AFY,SOI_WRT,EBITDA,2024,2023,0,2024-03-31,PT,16.496174741494
RBI:PRF_LNGNFC_INDUS_ANN_RN(1.0),N_A,413,AFY,SOI_WRT,EXPD,2024,2023,0,2024-03-31,PT,1.509749199143
RBI:PRF_LNGNFC_INDUS_ANN_RN(1.0),N_A,413,AFY,SOI_WRT,GROSS_PFT_EBIT,2024,2023,0,2024-03-31,PT,15.808116211566
RBI:PRF_LNGNFC_INDUS_ANN_RN(1.0),N_A,413,AFY,SOI_WRT,INT,2024,2023,0,2024-03-31,PT,19.790744021258
RBI:PRF_LNGNFC_INDUS_ANN_RN(1.0),N_A,413,AFY,SOI_WRT,NET_PFT,2024,2023,0,2024-03-31,PT,17.911854722516
RBI:PRF_LNGNFC_INDUS_ANN_RN(1.0),N_A,413,AFY,SOI_WRT,OPR_PFT,2024,2023,0,2024-03-31,PT,17.948370134495
RBI:PRF_LNGNFC_INDUS_ANN_RN(1.0),N_A,413,AFY,SOI_WRT,OTH_INC,2024,2023,0,2024-03-31,PT,11.590746651004
RBI:PRF_LNGNFC_INDUS_ANN_RN(1.0),N_A,413,AFY,SOI_WRT,PC_SHARE_SAL,2024,2023,0,2024-03-31,PT,4.492028393625
RBI:PRF_LNGNFC_INDUS_ANN_RN(1.0),N_A,413,AFY,SOI_WRT,SALES,2024,2023,0,2024-03-31,INR,0.0
RBI:PRF_LNGNFC_INDUS_ANN_RN(1.0),N_A,413,AFY,SOI_WRT,SALES,2024,2023,0,2024-03-31,PT,3.763456398792
RBI:PRF_LNGNFC_INDUS_ANN_RN(1.0),N_A,413,AFY,SOI_WRT,TAX_PROV,2024,2023,0,2024-03-31,PT,33.615200199603
RBI:PRF_LNGNFC_INDUS_ANN_RN(1.0),N_A,45,AFY,AGR_REL_ACT,DEPRC,2025,2024,0,2025-03-31,PT,6.116902608202
RBI:PRF_LNGNFC_INDUS_ANN_RN(1.0),N_A,45,AFY,AGR_REL_ACT,EBITDA,2025,2024,0,2025-03-31,PT,57.166740105233
RBI:PRF_LNGNFC_INDUS_ANN_RN(1.0),N_A,45,AFY,AGR_REL_ACT,EXPD,2025,2024,0,2025-03-31,PT,7.51819304768
RBI:PRF_LNGNFC_INDUS_ANN_RN(1.0),N_A,45,AFY,AGR_REL_ACT,GROSS_PFT_EBIT,2025,2024,0,2025-03-31,PT,81.134662629264
RBI:PRF_LNGNFC_INDUS_ANN_RN(1.0),N_A,45,AFY,AGR_REL_ACT,INT,2025,2024,0,2025-03-31,PT,13.106607655874
RBI:PRF_LNGNFC_INDUS_ANN_RN(1.0),N_A,45,AFY,AGR_REL_ACT,OPR_PFT,2025,2024,0,2025-03-31,PT,101.848578100788
RBI:PRF_LNGNFC_INDUS_ANN_RN(1.0),N_A,45,AFY,AGR_REL_ACT,OTH_INC,2025,2024,0,2025-03-31,PT,-8.151740420509
RBI:PRF_LNGNFC_INDUS_ANN_RN(1.0),N_A,45,AFY,AGR_REL_ACT,PC_SHARE_SAL,2025,2024,0,2025-03-31,PT,0.211182457416
RBI:PRF_LNGNFC_INDUS_ANN_RN(1.0),N_A,45,AFY,AGR_REL_ACT,SALES,2025,2024,0,2025-03-31,INR,0.0
RBI:PRF_LNGNFC_INDUS_ANN_RN(1.0),N_A,45,AFY,AGR_REL_ACT,SALES,2025,2024,0,2025-03-31,PT,7.066349868792
RBI:PRF_LNGNFC_INDUS_ANN_RN(1.0),N_A,45,AFY,AGR_REL_ACT,TAX_PROV,2025,2024,0,2025-03-31,PT,15.908489817509
RBI:PRF_LNGNFC_INDUS_ANN_RN(1.0),N_A,31,AFY,AGR_REL_ACT_OTH,DEPRC,2025,2024,0,2025-03-31,PT,13.537810682179
RBI:PRF_LNGNFC_INDUS_ANN_RN(1.0),N_A,31,AFY,AGR_REL_ACT_OTH,EBITDA,2025,2024,0,2025-03-31,PT,12.992757555026
RBI:PRF_LNGNFC_INDUS_ANN_RN(1.0),N_A,31,AFY,AGR_REL_ACT_OTH,EXPD,2025,2024,0,2025-03-31,PT,9.333490792946
RBI:PRF_LNGNFC_INDUS_ANN_RN(1.0),N_A,31,AFY,AGR_REL_ACT_OTH,GROSS_PFT_EBIT,2025,2024,0,2025-03-31,PT,12.908541235429
RBI:PRF_LNGNFC_INDUS_ANN_RN(1.0),N_A,31,AFY,AGR_REL_ACT_OTH,INT,2025,2024,0,2025-03-31,PT,20.344354976872
RBI:PRF_LNGNFC_INDUS_ANN_RN(1.0),N_A,31,AFY,AGR_REL_ACT_OTH,NET_PFT,2025,2024,0,2025-03-31,PT,9.665656803875
RBI:PRF_LNGNFC_INDUS_ANN_RN(1.0),N_A,31,AFY,AGR_REL_ACT_OTH,OPR_PFT,2025,2024,0,2025-03-31,PT,16.946269010001
RBI:PRF_LNGNFC_INDUS_ANN_RN(1.0),N_A,31,AFY,AGR_REL_ACT_OTH,OTH_INC,2025,2024,0,2025-03-31,PT,-2.560819462228
RBI:PRF_LNGNFC_INDUS_ANN_RN(1.0),N_A,31,AFY,AGR_REL_ACT_OTH,PC_SHARE_SAL,2025,2024,0,2025-03-31,PT,0.147725749774
RBI:PRF_LNGNFC_INDUS_ANN_RN(1.0),N_A,31,AFY,AGR_REL_ACT_OTH,SALES,2025,2024,0,2025-03-31,INR,0.0
RBI:PRF_LNGNFC_INDUS_ANN_RN(1.0),N_A,31,AFY,AGR_REL_ACT_OTH,SALES,2025,2024,0,2025-03-31,PT,4.67854621283
RBI:PRF_LNGNFC_INDUS_ANN_RN(1.0),N_A,31,AFY,AGR_REL_ACT_OTH,TAX_PROV,2025,2024,0,2025-03-31,PT,14.084895259096
RBI:PRF_LNGNFC_INDUS_ANN_RN(1.0),N_A,14,AFY,ARA_TCP,DEPRC,2025,2024,0,2025-03-31,PT,-0.210415570752
RBI:PRF_LNGNFC_INDUS_ANN_RN(1.0),N_A,14,AFY,ARA_TCP,EXPD,2025,2024,0,2025-03-31,PT,3.435107992913
RBI:PRF_LNGNFC_INDUS_ANN_RN(1.0),N_A,14,AFY,ARA_TCP,INT,2025,2024,0,2025-03-31,PT,9.972925861366
RBI:PRF_LNGNFC_INDUS_ANN_RN(1.0),N_A,14,AFY,ARA_TCP,OTH_INC,2025,2024,0,2025-03-31,PT,-14.935385919074
RBI:PRF_LNGNFC_INDUS_ANN_RN(1.0),N_A,14,AFY,ARA_TCP,PC_SHARE_SAL,2025,2024,0,2025-03-31,PT,0.063456707642
RBI:PRF_LNGNFC_INDUS_ANN_RN(1.0),N_A,14,AFY,ARA_TCP,SALES,2025,2024,0,2025-03-31,INR,0.0
RBI:PRF_LNGNFC_INDUS_ANN_RN(1.0),N_A,14,AFY,ARA_TCP,SALES,2025,2024,0,2025-03-31,PT,13.070753572774
RBI:PRF_LNGNFC_INDUS_ANN_RN(1.0),N_A,14,AFY,ARA_TCP,TAX_PROV,2025,2024,0,2025-03-31,PT,59.150326797386
RBI:PRF_LNGNFC_INDUS_ANN_RN(1.0),N_A,236,AFY,CONSTRN,DEPRC,2025,2024,0,2025-03-31,PT,5.032986363439
RBI:PRF_LNGNFC_INDUS_ANN_RN(1.0),N_A,236,AFY,CONSTRN,EBITDA,2025,2024,0,2025-03-31,PT,20.876851797471
RBI:PRF_LNGNFC_INDUS_ANN_RN(1.0),N_A,236,AFY,CONSTRN,EXPD,2025,2024,0,2025-03-31,PT,9.284298746046
RBI:PRF_LNGNFC_INDUS_ANN_RN(1.0),N_A,236,AFY,CONSTRN,GROSS_PFT_EBIT,2025,2024,0,2025-03-31,PT,22.84337858476
RBI:PRF_LNGNFC_INDUS_ANN_RN(1.0),N_A,236,AFY,CONSTRN,INT,2025,2024,0,2025-03-31,PT,5.283500035407
RBI:PRF_LNGNFC_INDUS_ANN_RN(1.0),N_A,236,AFY,CONSTRN,NET_PFT,2025,2024,0,2025-03-31,PT,42.905055778727
RBI:PRF_LNGNFC_INDUS_ANN_RN(1.0),N_A,236,AFY,CONSTRN,OPR_PFT,2025,2024,0,2025-03-31,PT,24.309391529902
RBI:PRF_LNGNFC_INDUS_ANN_RN(1.0),N_A,236,AFY,CONSTRN,OTH_INC,2025,2024,0,2025-03-31,PT,10.803055414873
RBI:PRF_LNGNFC_INDUS_ANN_RN(1.0),N_A,236,AFY,CONSTRN,PC_SHARE_SAL,2025,2024,0,2025-03-31,PT,6.084173342584
RBI:PRF_LNGNFC_INDUS_ANN_RN(1.0),N_A,236,AFY,CONSTRN,SALES,2025,2024,0,2025-03-31,INR,0.0
RBI:PRF_LNGNFC_INDUS_ANN_RN(1.0),N_A,236,AFY,CONSTRN,SALES,2025,2024,0,2025-03-31,PT,10.554462899395
RBI:PRF_LNGNFC_INDUS_ANN_RN(1.0),N_A,236,AFY,CONSTRN,TAX_PROV,2025,2024,0,2025-03-31,PT,22.44866038805
RBI:PRF_LNGNFC_INDUS_ANN_RN(1.0),N_A,42,AFY,ELC_GAS_SPLY,DEPRC,2025,2024,0,2025-03-31,PT,2.24214946697
RBI:PRF_LNGNFC_INDUS_ANN_RN(1.0),N_A,42,AFY,ELC_GAS_SPLY,EBITDA,2025,2024,0,2025-03-31,PT,-1.896380628346
RBI:PRF_LNGNFC_INDUS_ANN_RN(1.0),N_A,42,AFY,ELC_GAS_SPLY,EXPD,2025,2024,0,2025-03-31,PT,7.648432204528
RBI:PRF_LNGNFC_INDUS_ANN_RN(1.0),N_A,42,AFY,ELC_GAS_SPLY,GROSS_PFT_EBIT,2025,2024,0,2025-03-31,PT,-2.616510433589
RBI:PRF_LNGNFC_INDUS_ANN_RN(1.0),N_A,42,AFY,ELC_GAS_SPLY,INT,2025,2024,0,2025-03-31,PT,1.093366559618
RBI:PRF_LNGNFC_INDUS_ANN_RN(1.0),N_A,42,AFY,ELC_GAS_SPLY,NET_PFT,2025,2024,0,2025-03-31,PT,-7.781509301749
RBI:PRF_LNGNFC_INDUS_ANN_RN(1.0),N_A,42,AFY,ELC_GAS_SPLY,OPR_PFT,2025,2024,0,2025-03-31,PT,12.435167192881
RBI:PRF_LNGNFC_INDUS_ANN_RN(1.0),N_A,42,AFY,ELC_GAS_SPLY,OTH_INC,2025,2024,0,2025-03-31,PT,-32.720590149255
RBI:PRF_LNGNFC_INDUS_ANN_RN(1.0),N_A,42,AFY,ELC_GAS_SPLY,PC_SHARE_SAL,2025,2024,0,2025-03-31,PT,2.751582279352
RBI:PRF_LNGNFC_INDUS_ANN_RN(1.0),N_A,42,AFY,ELC_GAS_SPLY,SALES,2025,2024,0,2025-03-31,INR,0.0
RBI:PRF_LNGNFC_INDUS_ANN_RN(1.0),N_A,42,AFY,ELC_GAS_SPLY,SALES,2025,2024,0,2025-03-31,PT,9.023850429278
RBI:PRF_LNGNFC_INDUS_ANN_RN(1.0),N_A,42,AFY,ELC_GAS_SPLY,TAX_PROV,2025,2024,0,2025-03-31,PT,1.927098100369
RBI:PRF_LNGNFC_INDUS_ANN_RN(1.0),N_A,3902,AFY,INDS_GRP_ALL_COMP,DEPRC,2025,2024,0,2025-03-31,PT,7.685021233895
RBI:PRF_LNGNFC_INDUS_ANN_RN(1.0),N_A,3902,AFY,INDS_GRP_ALL_COMP,EBITDA,2025,2024,0,2025-03-31,PT,10.27264766241
RBI:PRF_LNGNFC_INDUS_ANN_RN(1.0),N_A,3902,AFY,INDS_GRP_ALL_COMP,EXPD,2025,2024,0,2025-03-31,PT,7.31579695764
RBI:PRF_LNGNFC_INDUS_ANN_RN(1.0),N_A,3902,AFY,INDS_GRP_ALL_COMP,GROSS_PFT_EBIT,2025,2024,0,2025-03-31,PT,10.959657057479
RBI:PRF_LNGNFC_INDUS_ANN_RN(1.0),N_A,3902,AFY,INDS_GRP_ALL_COMP,INT,2025,2024,0,2025-03-31,PT,2.652870112477
RBI:PRF_LNGNFC_INDUS_ANN_RN(1.0),N_A,3902,AFY,INDS_GRP_ALL_COMP,NET_PFT,2025,2024,0,2025-03-31,PT,18.903886621996
RBI:PRF_LNGNFC_INDUS_ANN_RN(1.0),N_A,3902,AFY,INDS_GRP_ALL_COMP,OPR_PFT,2025,2024,0,2025-03-31,PT,8.910402868719
RBI:PRF_LNGNFC_INDUS_ANN_RN(1.0),N_A,3902,AFY,INDS_GRP_ALL_COMP,OTH_INC,2025,2024,0,2025-03-31,PT,17.856720960023
RBI:PRF_LNGNFC_INDUS_ANN_RN(1.0),N_A,3922,AFY,INDS_GRP_ALL_COMP,PC_SHARE_SAL,2025,2024,0,2025-03-31,PT,100.151355757595
RBI:PRF_LNGNFC_INDUS_ANN_RN(1.0),N_A,3902,AFY,INDS_GRP_ALL_COMP,SALES,2025,2024,0,2025-03-31,INR,0.0
RBI:PRF_LNGNFC_INDUS_ANN_RN(1.0),N_A,3902,AFY,INDS_GRP_ALL_COMP,SALES,2025,2024,0,2025-03-31,PT,7.18207438187
RBI:PRF_LNGNFC_INDUS_ANN_RN(1.0),N_A,3902,AFY,INDS_GRP_ALL_COMP,TAX_PROV,2025,2024,0,2025-03-31,PT,8.677227246154
RBI:PRF_LNGNFC_INDUS_ANN_RN(1.0),N_A,255,AFY,IT_CSRS,DEPRC,2025,2024,0,2025-03-31,PT,1.422820659503
RBI:PRF_LNGNFC_INDUS_ANN_RN(1.0),N_A,255,AFY,IT_CSRS,EBITDA,2025,2024,0,2025-03-31,PT,7.351771659475
RBI:PRF_LNGNFC_INDUS_ANN_RN(1.0),N_A,255,AFY,IT_CSRS,EXPD,2025,2024,0,2025-03-31,PT,7.357640579519
RBI:PRF_LNGNFC_INDUS_ANN_RN(1.0),N_A,255,AFY,IT_CSRS,GROSS_PFT_EBIT,2025,2024,0,2025-03-31,PT,7.973664240105
RBI:PRF_LNGNFC_INDUS_ANN_RN(1.0),N_A,255,AFY,IT_CSRS,INT,2025,2024,0,2025-03-31,PT,10.939700231509
RBI:PRF_LNGNFC_INDUS_ANN_RN(1.0),N_A,255,AFY,IT_CSRS,NET_PFT,2025,2024,0,2025-03-31,PT,6.991699920704
RBI:PRF_LNGNFC_INDUS_ANN_RN(1.0),N_A,255,AFY,IT_CSRS,OPR_PFT,2025,2024,0,2025-03-31,PT,6.092402994479
RBI:PRF_LNGNFC_INDUS_ANN_RN(1.0),N_A,255,AFY,IT_CSRS,OTH_INC,2025,2024,0,2025-03-31,PT,13.520619949701
RBI:PRF_LNGNFC_INDUS_ANN_RN(1.0),N_A,255,AFY,IT_CSRS,PC_SHARE_SAL,2025,2024,0,2025-03-31,PT,9.873637639165
RBI:PRF_LNGNFC_INDUS_ANN_RN(1.0),N_A,255,AFY,IT_CSRS,SALES,2025,2024,0,2025-03-31,INR,0.0
RBI:PRF_LNGNFC_INDUS_ANN_RN(1.0),N_A,255,AFY,IT_CSRS,SALES,2025,2024,0,2025-03-31,PT,7.08191567321
RBI:PRF_LNGNFC_INDUS_ANN_RN(1.0),N_A,255,AFY,IT_CSRS,TAX_PROV,2025,2024,0,2025-03-31,PT,20.440033478031
RBI:PRF_LNGNFC_INDUS_ANN_RN(1.0),N_A,39,AFY,MIN_N_QUARY,DEPRC,2025,2024,0,2025-03-31,PT,7.288887556581
RBI:PRF_LNGNFC_INDUS_ANN_RN(1.0),N_A,39,AFY,MIN_N_QUARY,EBITDA,2025,2024,0,2025-03-31,PT,17.965078098502
RBI:PRF_LNGNFC_INDUS_ANN_RN(1.0),N_A,39,AFY,MIN_N_QUARY,EXPD,2025,2024,0,2025-03-31,PT,3.864498533493
RBI:PRF_LNGNFC_INDUS_ANN_RN(1.0),N_A,39,AFY,MIN_N_QUARY,GROSS_PFT_EBIT,2025,2024,0,2025-03-31,PT,19.667996323024
RBI:PRF_LNGNFC_INDUS_ANN_RN(1.0),N_A,39,AFY,MIN_N_QUARY,INT,2025,2024,0,2025-03-31,PT,9.724330503551
RBI:PRF_LNGNFC_INDUS_ANN_RN(1.0),N_A,39,AFY,MIN_N_QUARY,NET_PFT,2025,2024,0,2025-03-31,PT,22.325999439535
RBI:PRF_LNGNFC_INDUS_ANN_RN(1.0),N_A,39,AFY,MIN_N_QUARY,OPR_PFT,2025,2024,0,2025-03-31,PT,14.104120000832
RBI:PRF_LNGNFC_INDUS_ANN_RN(1.0),N_A,39,AFY,MIN_N_QUARY,OTH_INC,2025,2024,0,2025-03-31,PT,49.840170230632
RBI:PRF_LNGNFC_INDUS_ANN_RN(1.0),N_A,39,AFY,MIN_N_QUARY,PC_SHARE_SAL,2025,2024,0,2025-03-31,PT,1.018324146244
RBI:PRF_LNGNFC_INDUS_ANN_RN(1.0),N_A,39,AFY,MIN_N_QUARY,SALES,2025,2024,0,2025-03-31,INR,0.0
RBI:PRF_LNGNFC_INDUS_ANN_RN(1.0),N_A,39,AFY,MIN_N_QUARY,SALES,2025,2024,0,2025-03-31,PT,5.068643436661
RBI:PRF_LNGNFC_INDUS_ANN_RN(1.0),N_A,39,AFY,MIN_N_QUARY,TAX_PROV,2025,2024,0,2025-03-31,PT,19.739882664463
RBI:PRF_LNGNFC_INDUS_ANN_RN(1.0),N_A,2055,AFY,MNF,DEPRC,2025,2024,0,2025-03-31,PT,8.24476849889
RBI:PRF_LNGNFC_INDUS_ANN_RN(1.0),N_A,2055,AFY,MNF,EBITDA,2025,2024,0,2025-03-31,PT,8.206649293912
RBI:PRF_LNGNFC_INDUS_ANN_RN(1.0),N_A,2055,AFY,MNF,EXPD,2025,2024,0,2025-03-31,PT,6.537504328222
RBI:PRF_LNGNFC_INDUS_ANN_RN(1.0),N_A,2055,AFY,MNF,GROSS_PFT_EBIT,2025,2024,0,2025-03-31,PT,8.19780418371
RBI:PRF_LNGNFC_INDUS_ANN_RN(1.0),N_A,2055,AFY,MNF,INT,2025,2024,0,2025-03-31,PT,-0.674852938113
RBI:PRF_LNGNFC_INDUS_ANN_RN(1.0),N_A,2055,AFY,MNF,NET_PFT,2025,2024,0,2025-03-31,PT,12.190476292761
RBI:PRF_LNGNFC_INDUS_ANN_RN(1.0),N_A,2055,AFY,MNF,OPR_PFT,2025,2024,0,2025-03-31,PT,5.967366596816
RBI:PRF_LNGNFC_INDUS_ANN_RN(1.0),N_A,2055,AFY,MNF,OTH_INC,2025,2024,0,2025-03-31,PT,22.870035314728
RBI:PRF_LNGNFC_INDUS_ANN_RN(1.0),N_A,2056,AFY,MNF,PC_SHARE_SAL,2025,2024,0,2025-03-31,PT,66.190013306118
RBI:PRF_LNGNFC_INDUS_ANN_RN(1.0),N_A,2055,AFY,MNF,SALES,2025,2024,0,2025-03-31,INR,0.0
RBI:PRF_LNGNFC_INDUS_ANN_RN(1.0),N_A,2055,AFY,MNF,SALES,2025,2024,0,2025-03-31,PT,6.017292689717
RBI:PRF_LNGNFC_INDUS_ANN_RN(1.0),N_A,2055,AFY,MNF,TAX_PROV,2025,2024,0,2025-03-31,PT,4.525361904906
RBI:PRF_LNGNFC_INDUS_ANN_RN(1.0),N_A,33,AFY,MNF_CCP,DEPRC,2025,2024,0,2025-03-31,PT,24.397147282004
RBI:PRF_LNGNFC_INDUS_ANN_RN(1.0),N_A,33,AFY,MNF_CCP,EBITDA,2025,2024,0,2025-03-31,PT,-5.328926438818
RBI:PRF_LNGNFC_INDUS_ANN_RN(1.0),N_A,33,AFY,MNF_CCP,EXPD,2025,2024,0,2025-03-31,PT,1.171861006127
RBI:PRF_LNGNFC_INDUS_ANN_RN(1.0),N_A,33,AFY,MNF_CCP,GROSS_PFT_EBIT,2025,2024,0,2025-03-31,PT,-17.201116999969
RBI:PRF_LNGNFC_INDUS_ANN_RN(1.0),N_A,33,AFY,MNF_CCP,INT,2025,2024,0,2025-03-31,PT,12.432760112041
RBI:PRF_LNGNFC_INDUS_ANN_RN(1.0),N_A,33,AFY,MNF_CCP,NET_PFT,2025,2024,0,2025-03-31,PT,-12.923019903257
RBI:PRF_LNGNFC_INDUS_ANN_RN(1.0),N_A,33,AFY,MNF_CCP,OPR_PFT,2025,2024,0,2025-03-31,PT,-11.565881545286
RBI:PRF_LNGNFC_INDUS_ANN_RN(1.0),N_A,33,AFY,MNF_CCP,OTH_INC,2025,2024,0,2025-03-31,PT,50.907682827307
RBI:PRF_LNGNFC_INDUS_ANN_RN(1.0),N_A,33,AFY,MNF_CCP,PC_SHARE_SAL,2025,2024,0,2025-03-31,PT,2.911493211574
RBI:PRF_LNGNFC_INDUS_ANN_RN(1.0),N_A,33,AFY,MNF_CCP,SALES,2025,2024,0,2025-03-31,INR,0.0
RBI:PRF_LNGNFC_INDUS_ANN_RN(1.0),N_A,33,AFY,MNF_CCP,SALES,2025,2024,0,2025-03-31,PT,-0.577464521955
RBI:PRF_LNGNFC_INDUS_ANN_RN(1.0),N_A,33,AFY,MNF_CCP,TAX_PROV,2025,2024,0,2025-03-31,PT,-55.27881640431
RBI:PRF_LNGNFC_INDUS_ANN_RN(1.0),N_A,64,AFY,MNF_CEE,DEPRC,2025,2024,0,2025-03-31,PT,42.390225750434
RBI:PRF_LNGNFC_INDUS_ANN_RN(1.0),N_A,64,AFY,MNF_CEE,EBITDA,2025,2024,0,2025-03-31,PT,48.065203920822
RBI:PRF_LNGNFC_INDUS_ANN_RN(1.0),N_A,64,AFY,MNF_CEE,EXPD,2025,2024,0,2025-03-31,PT,32.857540169244
RBI:PRF_LNGNFC_INDUS_ANN_RN(1.0),N_A,64,AFY,MNF_CEE,GROSS_PFT_EBIT,2025,2024,0,2025-03-31,PT,49.124828468696
RBI:PRF_LNGNFC_INDUS_ANN_RN(1.0),N_A,64,AFY,MNF_CEE,INT,2025,2024,0,2025-03-31,PT,80.156113035856
RBI:PRF_LNGNFC_INDUS_ANN_RN(1.0),N_A,64,AFY,MNF_CEE,NET_PFT,2025,2024,0,2025-03-31,PT,59.578975121257
RBI:PRF_LNGNFC_INDUS_ANN_RN(1.0),N_A,64,AFY,MNF_CEE,OPR_PFT,2025,2024,0,2025-03-31,PT,59.065928936411
RBI:PRF_LNGNFC_INDUS_ANN_RN(1.0),N_A,64,AFY,MNF_CEE,OTH_INC,2025,2024,0,2025-03-31,PT,8.151928461747
RBI:PRF_LNGNFC_INDUS_ANN_RN(1.0),N_A,64,AFY,MNF_CEE,PC_SHARE_SAL,2025,2024,0,2025-03-31,PT,0.566903238228
RBI:PRF_LNGNFC_INDUS_ANN_RN(1.0),N_A,64,AFY,MNF_CEE,SALES,2025,2024,0,2025-03-31,INR,0.0
RBI:PRF_LNGNFC_INDUS_ANN_RN(1.0),N_A,64,AFY,MNF_CEE,SALES,2025,2024,0,2025-03-31,PT,36.435293847013
RBI:PRF_LNGNFC_INDUS_ANN_RN(1.0),N_A,64,AFY,MNF_CEE,TAX_PROV,2025,2024,0,2025-03-31,PT,46.390829052531
RBI:PRF_LNGNFC_INDUS_ANN_RN(1.0),N_A,264,AFY,MNF_CHM_PRD,DEPRC,2025,2024,0,2025-03-31,PT,13.402764093167
RBI:PRF_LNGNFC_INDUS_ANN_RN(1.0),N_A,264,AFY,MNF_CHM_PRD,EBITDA,2025,2024,0,2025-03-31,PT,8.431629750026
RBI:PRF_LNGNFC_INDUS_ANN_RN(1.0),N_A,264,AFY,MNF_CHM_PRD,EXPD,2025,2024,0,2025-03-31,PT,7.087296939919
RBI:PRF_LNGNFC_INDUS_ANN_RN(1.0),N_A,264,AFY,MNF_CHM_PRD,GROSS_PFT_EBIT,2025,2024,0,2025-03-31,PT,7.481832161277
RBI:PRF_LNGNFC_INDUS_ANN_RN(1.0),N_A,264,AFY,MNF_CHM_PRD,INT,2025,2024,0,2025-03-31,PT,4.593262158292
RBI:PRF_LNGNFC_INDUS_ANN_RN(1.0),N_A,264,AFY,MNF_CHM_PRD,NET_PFT,2025,2024,0,2025-03-31,PT,10.181482937653
RBI:PRF_LNGNFC_INDUS_ANN_RN(1.0),N_A,264,AFY,MNF_CHM_PRD,OPR_PFT,2025,2024,0,2025-03-31,PT,5.201462520842
RBI:PRF_LNGNFC_INDUS_ANN_RN(1.0),N_A,264,AFY,MNF_CHM_PRD,OTH_INC,2025,2024,0,2025-03-31,PT,28.35794396609
RBI:PRF_LNGNFC_INDUS_ANN_RN(1.0),N_A,264,AFY,MNF_CHM_PRD,PC_SHARE_SAL,2025,2024,0,2025-03-31,PT,7.168984778703
RBI:PRF_LNGNFC_INDUS_ANN_RN(1.0),N_A,264,AFY,MNF_CHM_PRD,SALES,2025,2024,0,2025-03-31,INR,0.0
RBI:PRF_LNGNFC_INDUS_ANN_RN(1.0),N_A,264,AFY,MNF_CHM_PRD,SALES,2025,2024,0,2025-03-31,PT,5.636975350786
RBI:PRF_LNGNFC_INDUS_ANN_RN(1.0),N_A,264,AFY,MNF_CHM_PRD,TAX_PROV,2025,2024,0,2025-03-31,PT,1.558686377617
RBI:PRF_LNGNFC_INDUS_ANN_RN(1.0),N_A,119,AFY,MNF_CP_BASIC,DEPRC,2025,2024,0,2025-03-31,PT,12.003019014925
RBI:PRF_LNGNFC_INDUS_ANN_RN(1.0),N_A,119,AFY,MNF_CP_BASIC,EBITDA,2025,2024,0,2025-03-31,PT,14.902512673588
RBI:PRF_LNGNFC_INDUS_ANN_RN(1.0),N_A,119,AFY,MNF_CP_BASIC,EXPD,2025,2024,0,2025-03-31,PT,7.747414507406
RBI:PRF_LNGNFC_INDUS_ANN_RN(1.0),N_A,119,AFY,MNF_CP_BASIC,GROSS_PFT_EBIT,2025,2024,0,2025-03-31,PT,16.008065302212
RBI:PRF_LNGNFC_INDUS_ANN_RN(1.0),N_A,119,AFY,MNF_CP_BASIC,INT,2025,2024,0,2025-03-31,PT,24.250135389956
RBI:PRF_LNGNFC_INDUS_ANN_RN(1.0),N_A,119,AFY,MNF_CP_BASIC,NET_PFT,2025,2024,0,2025-03-31,PT,7.042977696275
RBI:PRF_LNGNFC_INDUS_ANN_RN(1.0),N_A,119,AFY,MNF_CP_BASIC,OPR_PFT,2025,2024,0,2025-03-31,PT,16.896994183616
RBI:PRF_LNGNFC_INDUS_ANN_RN(1.0),N_A,119,AFY,MNF_CP_BASIC,OTH_INC,2025,2024,0,2025-03-31,PT,4.85505834997
RBI:PRF_LNGNFC_INDUS_ANN_RN(1.0),N_A,119,AFY,MNF_CP_BASIC,PC_SHARE_SAL,2025,2024,0,2025-03-31,PT,1.49264690612
RBI:PRF_LNGNFC_INDUS_ANN_RN(1.0),N_A,119,AFY,MNF_CP_BASIC,SALES,2025,2024,0,2025-03-31,INR,0.0
RBI:PRF_LNGNFC_INDUS_ANN_RN(1.0),N_A,119,AFY,MNF_CP_BASIC,SALES,2025,2024,0,2025-03-31,PT,7.983682971472
RBI:PRF_LNGNFC_INDUS_ANN_RN(1.0),N_A,119,AFY,MNF_CP_BASIC,TAX_PROV,2025,2024,0,2025-03-31,PT,11.090859250638
RBI:PRF_LNGNFC_INDUS_ANN_RN(1.0),N_A,23,AFY,MNF_CP_FNP,DEPRC,2025,2024,0,2025-03-31,PT,7.097812751526
RBI:PRF_LNGNFC_INDUS_ANN_RN(1.0),N_A,23,AFY,MNF_CP_FNP,EBITDA,2025,2024,0,2025-03-31,PT,66.087876722102
RBI:PRF_LNGNFC_INDUS_ANN_RN(1.0),N_A,23,AFY,MNF_CP_FNP,EXPD,2025,2024,0,2025-03-31,PT,-0.338240126627
RBI:PRF_LNGNFC_INDUS_ANN_RN(1.0),N_A,23,AFY,MNF_CP_FNP,GROSS_PFT_EBIT,2025,2024,0,2025-03-31,PT,78.090165433139
RBI:PRF_LNGNFC_INDUS_ANN_RN(1.0),N_A,23,AFY,MNF_CP_FNP,INT,2025,2024,0,2025-03-31,PT,-30.595376313684
RBI:PRF_LNGNFC_INDUS_ANN_RN(1.0),N_A,23,AFY,MNF_CP_FNP,OPR_PFT,2025,2024,0,2025-03-31,PT,40.598040162354
RBI:PRF_LNGNFC_INDUS_ANN_RN(1.0),N_A,23,AFY,MNF_CP_FNP,PC_SHARE_SAL,2025,2024,0,2025-03-31,PT,1.141285755287
RBI:PRF_LNGNFC_INDUS_ANN_RN(1.0),N_A,23,AFY,MNF_CP_FNP,SALES,2025,2024,0,2025-03-31,INR,0.0
RBI:PRF_LNGNFC_INDUS_ANN_RN(1.0),N_A,23,AFY,MNF_CP_FNP,SALES,2025,2024,0,2025-03-31,PT,1.648048529908
RBI:PRF_LNGNFC_INDUS_ANN_RN(1.0),N_A,23,AFY,MNF_CP_FNP,TAX_PROV,2025,2024,0,2025-03-31,PT,42.033657429072
RBI:PRF_LNGNFC_INDUS_ANN_RN(1.0),N_A,111,AFY,MNF_CP_OTH,DEPRC,2025,2024,0,2025-03-31,PT,15.214345023793
RBI:PRF_LNGNFC_INDUS_ANN_RN(1.0),N_A,111,AFY,MNF_CP_OTH,EBITDA,2025,2024,0,2025-03-31,PT,2.248983432775
RBI:PRF_LNGNFC_INDUS_ANN_RN(1.0),N_A,111,AFY,MNF_CP_OTH,EXPD,2025,2024,0,2025-03-31,PT,10.425738397067
RBI:PRF_LNGNFC_INDUS_ANN_RN(1.0),N_A,111,AFY,MNF_CP_OTH,GROSS_PFT_EBIT,2025,2024,0,2025-03-31,PT,0.268869777786
RBI:PRF_LNGNFC_INDUS_ANN_RN(1.0),N_A,111,AFY,MNF_CP_OTH,INT,2025,2024,0,2025-03-31,PT,14.075609975271
RBI:PRF_LNGNFC_INDUS_ANN_RN(1.0),N_A,111,AFY,MNF_CP_OTH,NET_PFT,2025,2024,0,2025-03-31,PT,4.1029892433
RBI:PRF_LNGNFC_INDUS_ANN_RN(1.0),N_A,111,AFY,MNF_CP_OTH,OPR_PFT,2025,2024,0,2025-03-31,PT,1.496104864397
RBI:PRF_LNGNFC_INDUS_ANN_RN(1.0),N_A,111,AFY,MNF_CP_OTH,OTH_INC,2025,2024,0,2025-03-31,PT,7.170479498022
RBI:PRF_LNGNFC_INDUS_ANN_RN(1.0),N_A,111,AFY,MNF_CP_OTH,PC_SHARE_SAL,2025,2024,0,2025-03-31,PT,3.757914438058
RBI:PRF_LNGNFC_INDUS_ANN_RN(1.0),N_A,111,AFY,MNF_CP_OTH,SALES,2025,2024,0,2025-03-31,INR,0.0
RBI:PRF_LNGNFC_INDUS_ANN_RN(1.0),N_A,111,AFY,MNF_CP_OTH,SALES,2025,2024,0,2025-03-31,PT,7.762158164532
RBI:PRF_LNGNFC_INDUS_ANN_RN(1.0),N_A,111,AFY,MNF_CP_OTH,TAX_PROV,2025,2024,0,2025-03-31,PT,-1.022043967311
RBI:PRF_LNGNFC_INDUS_ANN_RN(1.0),N_A,11,AFY,MNF_CP_PNV,DEPRC,2025,2024,0,2025-03-31,PT,15.379010870516
RBI:PRF_LNGNFC_INDUS_ANN_RN(1.0),N_A,11,AFY,MNF_CP_PNV,EBITDA,2025,2024,0,2025-03-31,PT,-12.765822126611
RBI:PRF_LNGNFC_INDUS_ANN_RN(1.0),N_A,11,AFY,MNF_CP_PNV,EXPD,2025,2024,0,2025-03-31,PT,2.655145071324
RBI:PRF_LNGNFC_INDUS_ANN_RN(1.0),N_A,11,AFY,MNF_CP_PNV,GROSS_PFT_EBIT,2025,2024,0,2025-03-31,PT,-16.529908083811
RBI:PRF_LNGNFC_INDUS_ANN_RN(1.0),N_A,11,AFY,MNF_CP_PNV,INT,2025,2024,0,2025-03-31,PT,4.064865794907
RBI:PRF_LNGNFC_INDUS_ANN_RN(1.0),N_A,11,AFY,MNF_CP_PNV,NET_PFT,2025,2024,0,2025-03-31,PT,-23.032820401918
RBI:PRF_LNGNFC_INDUS_ANN_RN(1.0),N_A,11,AFY,MNF_CP_PNV,OPR_PFT,2025,2024,0,2025-03-31,PT,-14.540610656179
RBI:PRF_LNGNFC_INDUS_ANN_RN(1.0),N_A,11,AFY,MNF_CP_PNV,OTH_INC,2025,2024,0,2025-03-31,PT,5.265732454752
RBI:PRF_LNGNFC_INDUS_ANN_RN(1.0),N_A,11,AFY,MNF_CP_PNV,PC_SHARE_SAL,2025,2024,0,2025-03-31,PT,0.777137679238
RBI:PRF_LNGNFC_INDUS_ANN_RN(1.0),N_A,11,AFY,MNF_CP_PNV,SALES,2025,2024,0,2025-03-31,INR,0.0
RBI:PRF_LNGNFC_INDUS_ANN_RN(1.0),N_A,11,AFY,MNF_CP_PNV,SALES,2025,2024,0,2025-03-31,PT,-2.140221940567
RBI:PRF_LNGNFC_INDUS_ANN_RN(1.0),N_A,11,AFY,MNF_CP_PNV,TAX_PROV,2025,2024,0,2025-03-31,PT,-15.887514495555
RBI:PRF_LNGNFC_INDUS_ANN_RN(1.0),N_A,141,AFY,MNF_EMA,DEPRC,2025,2024,0,2025-03-31,PT,12.008917166856
RBI:PRF_LNGNFC_INDUS_ANN_RN(1.0),N_A,141,AFY,MNF_EMA,EBITDA,2025,2024,0,2025-03-31,PT,28.892319765521
RBI:PRF_LNGNFC_INDUS_ANN_RN(1.0),N_A,141,AFY,MNF_EMA,EXPD,2025,2024,0,2025-03-31,PT,20.052113412886
RBI:PRF_LNGNFC_INDUS_ANN_RN(1.0),N_A,141,AFY,MNF_EMA,GROSS_PFT_EBIT,2025,2024,0,2025-03-31,PT,32.47744483437
RBI:PRF_LNGNFC_INDUS_ANN_RN(1.0),N_A,141,AFY,MNF_EMA,INT,2025,2024,0,2025-03-31,PT,3.919930665052
RBI:PRF_LNGNFC_INDUS_ANN_RN(1.0),N_A,141,AFY,MNF_EMA,NET_PFT,2025,2024,0,2025-03-31,PT,44.382246593881
RBI:PRF_LNGNFC_INDUS_ANN_RN(1.0),N_A,141,AFY,MNF_EMA,OPR_PFT,2025,2024,0,2025-03-31,PT,30.376216472822
RBI:PRF_LNGNFC_INDUS_ANN_RN(1.0),N_A,141,AFY,MNF_EMA,OTH_INC,2025,2024,0,2025-03-31,PT,18.361387732858
RBI:PRF_LNGNFC_INDUS_ANN_RN(1.0),N_A,141,AFY,MNF_EMA,PC_SHARE_SAL,2025,2024,0,2025-03-31,PT,3.942596752199
RBI:PRF_LNGNFC_INDUS_ANN_RN(1.0),N_A,141,AFY,MNF_EMA,SALES,2025,2024,0,2025-03-31,INR,0.0
RBI:PRF_LNGNFC_INDUS_ANN_RN(1.0),N_A,141,AFY,MNF_EMA,SALES,2025,2024,0,2025-03-31,PT,20.47977074004
RBI:PRF_LNGNFC_INDUS_ANN_RN(1.0),N_A,141,AFY,MNF_EMA,TAX_PROV,2025,2024,0,2025-03-31,PT,25.436191150129
RBI:PRF_LNGNFC_INDUS_ANN_RN(1.0),N_A,91,AFY,MNF_FMP,DEPRC,2025,2024,0,2025-03-31,PT,10.137888891841
RBI:PRF_LNGNFC_INDUS_ANN_RN(1.0),N_A,91,AFY,MNF_FMP,EBITDA,2025,2024,0,2025-03-31,PT,7.112684323522
RBI:PRF_LNGNFC_INDUS_ANN_RN(1.0),N_A,91,AFY,MNF_FMP,EXPD,2025,2024,0,2025-03-31,PT,9.212469610297
RBI:PRF_LNGNFC_INDUS_ANN_RN(1.0),N_A,91,AFY,MNF_FMP,GROSS_PFT_EBIT,2025,2024,0,2025-03-31,PT,6.415803820717
RBI:PRF_LNGNFC_INDUS_ANN_RN(1.0),N_A,91,AFY,MNF_FMP,INT,2025,2024,0,2025-03-31,PT,8.765813110506
RBI:PRF_LNGNFC_INDUS_ANN_RN(1.0),N_A,91,AFY,MNF_FMP,NET_PFT,2025,2024,0,2025-03-31,PT,6.166763339402
RBI:PRF_LNGNFC_INDUS_ANN_RN(1.0),N_A,91,AFY,MNF_FMP,OPR_PFT,2025,2024,0,2025-03-31,PT,5.635997769004
RBI:PRF_LNGNFC_INDUS_ANN_RN(1.0),N_A,91,AFY,MNF_FMP,OTH_INC,2025,2024,0,2025-03-31,PT,21.988057991451
RBI:PRF_LNGNFC_INDUS_ANN_RN(1.0),N_A,91,AFY,MNF_FMP,PC_SHARE_SAL,2025,2024,0,2025-03-31,PT,0.97609903791
RBI:PRF_LNGNFC_INDUS_ANN_RN(1.0),N_A,91,AFY,MNF_FMP,SALES,2025,2024,0,2025-03-31,INR,0.0
RBI:PRF_LNGNFC_INDUS_ANN_RN(1.0),N_A,91,AFY,MNF_FMP,SALES,2025,2024,0,2025-03-31,PT,9.28413707983
RBI:PRF_LNGNFC_INDUS_ANN_RN(1.0),N_A,91,AFY,MNF_FMP,TAX_PROV,2025,2024,0,2025-03-31,PT,5.405693255309
RBI:PRF_LNGNFC_INDUS_ANN_RN(1.0),N_A,200,AFY,MNF_FPB,DEPRC,2025,2024,0,2025-03-31,PT,6.956453953444
RBI:PRF_LNGNFC_INDUS_ANN_RN(1.0),N_A,200,AFY,MNF_FPB,EBITDA,2025,2024,0,2025-03-31,PT,7.029380158748
RBI:PRF_LNGNFC_INDUS_ANN_RN(1.0),N_A,200,AFY,MNF_FPB,EXPD,2025,2024,0,2025-03-31,PT,6.407053913469
RBI:PRF_LNGNFC_INDUS_ANN_RN(1.0),N_A,200,AFY,MNF_FPB,GROSS_PFT_EBIT,2025,2024,0,2025-03-31,PT,7.045049496499
RBI:PRF_LNGNFC_INDUS_ANN_RN(1.0),N_A,200,AFY,MNF_FPB,INT,2025,2024,0,2025-03-31,PT,4.628250099107
RBI:PRF_LNGNFC_INDUS_ANN_RN(1.0),N_A,200,AFY,MNF_FPB,NET_PFT,2025,2024,0,2025-03-31,PT,10.668072305677
RBI:PRF_LNGNFC_INDUS_ANN_RN(1.0),N_A,200,AFY,MNF_FPB,OPR_PFT,2025,2024,0,2025-03-31,PT,5.744423694291
RBI:PRF_LNGNFC_INDUS_ANN_RN(1.0),N_A,200,AFY,MNF_FPB,OTH_INC,2025,2024,0,2025-03-31,PT,17.354318636434
RBI:PRF_LNGNFC_INDUS_ANN_RN(1.0),N_A,200,AFY,MNF_FPB,PC_SHARE_SAL,2025,2024,0,2025-03-31,PT,5.642472137137
RBI:PRF_LNGNFC_INDUS_ANN_RN(1.0),N_A,200,AFY,MNF_FPB,SALES,2025,2024,0,2025-03-31,INR,0.0
RBI:PRF_LNGNFC_INDUS_ANN_RN(1.0),N_A,200,AFY,MNF_FPB,SALES,2025,2024,0,2025-03-31,PT,7.873862877123
RBI:PRF_LNGNFC_INDUS_ANN_RN(1.0),N_A,200,AFY,MNF_FPB,TAX_PROV,2025,2024,0,2025-03-31,PT,0.943930436118
RBI:PRF_LNGNFC_INDUS_ANN_RN(1.0),N_A,16,AFY,MNF_FPB_DAIRY_PRD,DEPRC,2025,2024,0,2025-03-31,PT,6.036265039824
RBI:PRF_LNGNFC_INDUS_ANN_RN(1.0),N_A,16,AFY,MNF_FPB_DAIRY_PRD,EBITDA,2025,2024,0,2025-03-31,PT,-8.522648181517
RBI:PRF_LNGNFC_INDUS_ANN_RN(1.0),N_A,16,AFY,MNF_FPB_DAIRY_PRD,EXPD,2025,2024,0,2025-03-31,PT,-7.779154659007
RBI:PRF_LNGNFC_INDUS_ANN_RN(1.0),N_A,16,AFY,MNF_FPB_DAIRY_PRD,GROSS_PFT_EBIT,2025,2024,0,2025-03-31,PT,-11.106382786761
RBI:PRF_LNGNFC_INDUS_ANN_RN(1.0),N_A,16,AFY,MNF_FPB_DAIRY_PRD,INT,2025,2024,0,2025-03-31,PT,5.586172344689
RBI:PRF_LNGNFC_INDUS_ANN_RN(1.0),N_A,16,AFY,MNF_FPB_DAIRY_PRD,NET_PFT,2025,2024,0,2025-03-31,PT,-7.170959427859
RBI:PRF_LNGNFC_INDUS_ANN_RN(1.0),N_A,16,AFY,MNF_FPB_DAIRY_PRD,OPR_PFT,2025,2024,0,2025-03-31,PT,-8.285326133686
RBI:PRF_LNGNFC_INDUS_ANN_RN(1.0),N_A,16,AFY,MNF_FPB_DAIRY_PRD,OTH_INC,2025,2024,0,2025-03-31,PT,-15.147710487445
RBI:PRF_LNGNFC_INDUS_ANN_RN(1.0),N_A,16,AFY,MNF_FPB_DAIRY_PRD,PC_SHARE_SAL,2025,2024,0,2025-03-31,PT,0.613203108185
RBI:PRF_LNGNFC_INDUS_ANN_RN(1.0),N_A,16,AFY,MNF_FPB_DAIRY_PRD,SALES,2025,2024,0,2025-03-31,INR,0.0
RBI:PRF_LNGNFC_INDUS_ANN_RN(1.0),N_A,16,AFY,MNF_FPB_DAIRY_PRD,SALES,2025,2024,0,2025-03-31,PT,-5.442892561577
RBI:PRF_LNGNFC_INDUS_ANN_RN(1.0),N_A,16,AFY,MNF_FPB_DAIRY_PRD,TAX_PROV,2025,2024,0,2025-03-31,PT,-11.642060900068
RBI:PRF_LNGNFC_INDUS_ANN_RN(1.0),N_A,28,AFY,MNF_FPB_EDD_OIL,DEPRC,2025,2024,0,2025-03-31,PT,10.221764189473
RBI:PRF_LNGNFC_INDUS_ANN_RN(1.0),N_A,28,AFY,MNF_FPB_EDD_OIL,EBITDA,2025,2024,0,2025-03-31,PT,52.074713642773
RBI:PRF_LNGNFC_INDUS_ANN_RN(1.0),N_A,28,AFY,MNF_FPB_EDD_OIL,EXPD,2025,2024,0,2025-03-31,PT,19.154091193847
RBI:PRF_LNGNFC_INDUS_ANN_RN(1.0),N_A,28,AFY,MNF_FPB_EDD_OIL,GROSS_PFT_EBIT,2025,2024,0,2025-03-31,PT,59.565988709057
RBI:PRF_LNGNFC_INDUS_ANN_RN(1.0),N_A,28,AFY,MNF_FPB_EDD_OIL,INT,2025,2024,0,2025-03-31,PT,-4.681113876224
RBI:PRF_LNGNFC_INDUS_ANN_RN(1.0),N_A,28,AFY,MNF_FPB_EDD_OIL,NET_PFT,2025,2024,0,2025-03-31,PT,90.710587529076
RBI:PRF_LNGNFC_INDUS_ANN_RN(1.0),N_A,28,AFY,MNF_FPB_EDD_OIL,OPR_PFT,2025,2024,0,2025-03-31,PT,53.603529435647
RBI:PRF_LNGNFC_INDUS_ANN_RN(1.0),N_A,28,AFY,MNF_FPB_EDD_OIL,OTH_INC,2025,2024,0,2025-03-31,PT,42.958589431496
RBI:PRF_LNGNFC_INDUS_ANN_RN(1.0),N_A,28,AFY,MNF_FPB_EDD_OIL,PC_SHARE_SAL,2025,2024,0,2025-03-31,PT,1.90954037888
RBI:PRF_LNGNFC_INDUS_ANN_RN(1.0),N_A,28,AFY,MNF_FPB_EDD_OIL,SALES,2025,2024,0,2025-03-31,INR,0.0
RBI:PRF_LNGNFC_INDUS_ANN_RN(1.0),N_A,28,AFY,MNF_FPB_EDD_OIL,SALES,2025,2024,0,2025-03-31,PT,18.94368435904
RBI:PRF_LNGNFC_INDUS_ANN_RN(1.0),N_A,28,AFY,MNF_FPB_EDD_OIL,TAX_PROV,2025,2024,0,2025-03-31,PT,64.254936721328
RBI:PRF_LNGNFC_INDUS_ANN_RN(1.0),N_A,39,AFY,MNF_FPB_ESGR,DEPRC,2025,2024,0,2025-03-31,PT,7.666472722456
RBI:PRF_LNGNFC_INDUS_ANN_RN(1.0),N_A,39,AFY,MNF_FPB_ESGR,EBITDA,2025,2024,0,2025-03-31,PT,-8.162545363111
RBI:PRF_LNGNFC_INDUS_ANN_RN(1.0),N_A,39,AFY,MNF_FPB_ESGR,EXPD,2025,2024,0,2025-03-31,PT,-7.680177935769
RBI:PRF_LNGNFC_INDUS_ANN_RN(1.0),N_A,39,AFY,MNF_FPB_ESGR,GROSS_PFT_EBIT,2025,2024,0,2025-03-31,PT,-13.853655384008
RBI:PRF_LNGNFC_INDUS_ANN_RN(1.0),N_A,39,AFY,MNF_FPB_ESGR,INT,2025,2024,0,2025-03-31,PT,-1.596733071172
RBI:PRF_LNGNFC_INDUS_ANN_RN(1.0),N_A,39,AFY,MNF_FPB_ESGR,NET_PFT,2025,2024,0,2025-03-31,PT,-37.486744648088
RBI:PRF_LNGNFC_INDUS_ANN_RN(1.0),N_A,39,AFY,MNF_FPB_ESGR,OPR_PFT,2025,2024,0,2025-03-31,PT,-10.496549948959
RBI:PRF_LNGNFC_INDUS_ANN_RN(1.0),N_A,39,AFY,MNF_FPB_ESGR,OTH_INC,2025,2024,0,2025-03-31,PT,5.639783783784
RBI:PRF_LNGNFC_INDUS_ANN_RN(1.0),N_A,39,AFY,MNF_FPB_ESGR,PC_SHARE_SAL,2025,2024,0,2025-03-31,PT,1.084390288593
RBI:PRF_LNGNFC_INDUS_ANN_RN(1.0),N_A,39,AFY,MNF_FPB_ESGR,SALES,2025,2024,0,2025-03-31,INR,0.0
RBI:PRF_LNGNFC_INDUS_ANN_RN(1.0),N_A,39,AFY,MNF_FPB_ESGR,SALES,2025,2024,0,2025-03-31,PT,-0.351169231044
RBI:PRF_LNGNFC_INDUS_ANN_RN(1.0),N_A,39,AFY,MNF_FPB_ESGR,TAX_PROV,2025,2024,0,2025-03-31,PT,-37.05123496465
RBI:PRF_LNGNFC_INDUS_ANN_RN(1.0),N_A,117,AFY,MNF_FPB_OFP,DEPRC,2025,2024,0,2025-03-31,PT,5.805532608108
RBI:PRF_LNGNFC_INDUS_ANN_RN(1.0),N_A,117,AFY,MNF_FPB_OFP,EBITDA,2025,2024,0,2025-03-31,PT,7.628638144028
RBI:PRF_LNGNFC_INDUS_ANN_RN(1.0),N_A,117,AFY,MNF_FPB_OFP,EXPD,2025,2024,0,2025-03-31,PT,8.244239859642
RBI:PRF_LNGNFC_INDUS_ANN_RN(1.0),N_A,117,AFY,MNF_FPB_OFP,GROSS_PFT_EBIT,2025,2024,0,2025-03-31,PT,7.963000329216
RBI:PRF_LNGNFC_INDUS_ANN_RN(1.0),N_A,117,AFY,MNF_FPB_OFP,INT,2025,2024,0,2025-03-31,PT,21.133427320216
RBI:PRF_LNGNFC_INDUS_ANN_RN(1.0),N_A,117,AFY,MNF_FPB_OFP,NET_PFT,2025,2024,0,2025-03-31,PT,11.743212425767
RBI:PRF_LNGNFC_INDUS_ANN_RN(1.0),N_A,117,AFY,MNF_FPB_OFP,OPR_PFT,2025,2024,0,2025-03-31,PT,6.078998636408
RBI:PRF_LNGNFC_INDUS_ANN_RN(1.0),N_A,117,AFY,MNF_FPB_OFP,OTH_INC,2025,2024,0,2025-03-31,PT,19.005674303937
RBI:PRF_LNGNFC_INDUS_ANN_RN(1.0),N_A,117,AFY,MNF_FPB_OFP,PC_SHARE_SAL,2025,2024,0,2025-03-31,PT,2.035338361479
RBI:PRF_LNGNFC_INDUS_ANN_RN(1.0),N_A,117,AFY,MNF_FPB_OFP,SALES,2025,2024,0,2025-03-31,INR,0.0
RBI:PRF_LNGNFC_INDUS_ANN_RN(1.0),N_A,117,AFY,MNF_FPB_OFP,SALES,2025,2024,0,2025-03-31,PT,7.775812703375
RBI:PRF_LNGNFC_INDUS_ANN_RN(1.0),N_A,117,AFY,MNF_FPB_OFP,TAX_PROV,2025,2024,0,2025-03-31,PT,1.427003293085
RBI:PRF_LNGNFC_INDUS_ANN_RN(1.0),N_A,11,AFY,MNF_GGP,DEPRC,2025,2024,0,2025-03-31,PT,2.519074929368
RBI:PRF_LNGNFC_INDUS_ANN_RN(1.0),N_A,11,AFY,MNF_GGP,EBITDA,2025,2024,0,2025-03-31,PT,-2.26437261642
RBI:PRF_LNGNFC_INDUS_ANN_RN(1.0),N_A,11,AFY,MNF_GGP,EXPD,2025,2024,0,2025-03-31,PT,-3.085539883894
RBI:PRF_LNGNFC_INDUS_ANN_RN(1.0),N_A,11,AFY,MNF_GGP,GROSS_PFT_EBIT,2025,2024,0,2025-03-31,PT,-4.045015996171
RBI:PRF_LNGNFC_INDUS_ANN_RN(1.0),N_A,11,AFY,MNF_GGP,INT,2025,2024,0,2025-03-31,PT,-3.116580499527
RBI:PRF_LNGNFC_INDUS_ANN_RN(1.0),N_A,11,AFY,MNF_GGP,NET_PFT,2025,2024,0,2025-03-31,PT,1.994322883389
RBI:PRF_LNGNFC_INDUS_ANN_RN(1.0),N_A,11,AFY,MNF_GGP,OPR_PFT,2025,2024,0,2025-03-31,PT,-4.045454314965
RBI:PRF_LNGNFC_INDUS_ANN_RN(1.0),N_A,11,AFY,MNF_GGP,OTH_INC,2025,2024,0,2025-03-31,PT,14.713843774169
RBI:PRF_LNGNFC_INDUS_ANN_RN(1.0),N_A,11,AFY,MNF_GGP,PC_SHARE_SAL,2025,2024,0,2025-03-31,PT,0.162667652704
RBI:PRF_LNGNFC_INDUS_ANN_RN(1.0),N_A,11,AFY,MNF_GGP,SALES,2025,2024,0,2025-03-31,INR,0.0
RBI:PRF_LNGNFC_INDUS_ANN_RN(1.0),N_A,11,AFY,MNF_GGP,SALES,2025,2024,0,2025-03-31,PT,-2.060613353354
RBI:PRF_LNGNFC_INDUS_ANN_RN(1.0),N_A,11,AFY,MNF_GGP,TAX_PROV,2025,2024,0,2025-03-31,PT,16.088787437522
RBI:PRF_LNGNFC_INDUS_ANN_RN(1.0),N_A,146,AFY,MNF_INS,DEPRC,2025,2024,0,2025-03-31,PT,5.835351102654
RBI:PRF_LNGNFC_INDUS_ANN_RN(1.0),N_A,146,AFY,MNF_INS,EBITDA,2025,2024,0,2025-03-31,PT,-6.374387299589
RBI:PRF_LNGNFC_INDUS_ANN_RN(1.0),N_A,146,AFY,MNF_INS,EXPD,2025,2024,0,2025-03-31,PT,-1.697079752284
RBI:PRF_LNGNFC_INDUS_ANN_RN(1.0),N_A,146,AFY,MNF_INS,GROSS_PFT_EBIT,2025,2024,0,2025-03-31,PT,-9.186163081045
RBI:PRF_LNGNFC_INDUS_ANN_RN(1.0),N_A,146,AFY,MNF_INS,INT,2025,2024,0,2025-03-31,PT,2.081973684211
RBI:PRF_LNGNFC_INDUS_ANN_RN(1.0),N_A,146,AFY,MNF_INS,NET_PFT,2025,2024,0,2025-03-31,PT,-10.89836895231
RBI:PRF_LNGNFC_INDUS_ANN_RN(1.0),N_A,146,AFY,MNF_INS,OPR_PFT,2025,2024,0,2025-03-31,PT,-6.529142228657
RBI:PRF_LNGNFC_INDUS_ANN_RN(1.0),N_A,146,AFY,MNF_INS,OTH_INC,2025,2024,0,2025-03-31,PT,-4.909743171282
RBI:PRF_LNGNFC_INDUS_ANN_RN(1.0),N_A,146,AFY,MNF_INS,PC_SHARE_SAL,2025,2024,0,2025-03-31,PT,7.98988197413
RBI:PRF_LNGNFC_INDUS_ANN_RN(1.0),N_A,146,AFY,MNF_INS,SALES,2025,2024,0,2025-03-31,INR,0.0
RBI:PRF_LNGNFC_INDUS_ANN_RN(1.0),N_A,146,AFY,MNF_INS,SALES,2025,2024,0,2025-03-31,PT,-2.15359270482
RBI:PRF_LNGNFC_INDUS_ANN_RN(1.0),N_A,146,AFY,MNF_INS,TAX_PROV,2025,2024,0,2025-03-31,PT,-7.0344661966
RBI:PRF_LNGNFC_INDUS_ANN_RN(1.0),N_A,39,AFY,MNF_JRA,DEPRC,2025,2024,0,2025-03-31,PT,19.258761753572
RBI:PRF_LNGNFC_INDUS_ANN_RN(1.0),N_A,39,AFY,MNF_JRA,EBITDA,2025,2024,0,2025-03-31,PT,18.110724804463
RBI:PRF_LNGNFC_INDUS_ANN_RN(1.0),N_A,39,AFY,MNF_JRA,EXPD,2025,2024,0,2025-03-31,PT,30.181398153769
RBI:PRF_LNGNFC_INDUS_ANN_RN(1.0),N_A,39,AFY,MNF_JRA,GROSS_PFT_EBIT,2025,2024,0,2025-03-31,PT,17.98340768187
RBI:PRF_LNGNFC_INDUS_ANN_RN(1.0),N_A,39,AFY,MNF_JRA,INT,2025,2024,0,2025-03-31,PT,-6.848007019627
RBI:PRF_LNGNFC_INDUS_ANN_RN(1.0),N_A,39,AFY,MNF_JRA,NET_PFT,2025,2024,0,2025-03-31,PT,33.257606358264
RBI:PRF_LNGNFC_INDUS_ANN_RN(1.0),N_A,39,AFY,MNF_JRA,OPR_PFT,2025,2024,0,2025-03-31,PT,17.414909081496
RBI:PRF_LNGNFC_INDUS_ANN_RN(1.0),N_A,39,AFY,MNF_JRA,OTH_INC,2025,2024,0,2025-03-31,PT,24.029202155397
RBI:PRF_LNGNFC_INDUS_ANN_RN(1.0),N_A,39,AFY,MNF_JRA,PC_SHARE_SAL,2025,2024,0,2025-03-31,PT,1.600534677777
RBI:PRF_LNGNFC_INDUS_ANN_RN(1.0),N_A,39,AFY,MNF_JRA,SALES,2025,2024,0,2025-03-31,INR,0.0
RBI:PRF_LNGNFC_INDUS_ANN_RN(1.0),N_A,39,AFY,MNF_JRA,SALES,2025,2024,0,2025-03-31,PT,24.598125008033
RBI:PRF_LNGNFC_INDUS_ANN_RN(1.0),N_A,39,AFY,MNF_JRA,TAX_PROV,2025,2024,0,2025-03-31,PT,6.179545852321
RBI:PRF_LNGNFC_INDUS_ANN_RN(1.0),N_A,11,AFY,MNF_LTH,DEPRC,2025,2024,0,2025-03-31,PT,4.979492437836
RBI:PRF_LNGNFC_INDUS_ANN_RN(1.0),N_A,11,AFY,MNF_LTH,EBITDA,2025,2024,0,2025-03-31,PT,1.492936768368
RBI:PRF_LNGNFC_INDUS_ANN_RN(1.0),N_A,11,AFY,MNF_LTH,EXPD,2025,2024,0,2025-03-31,PT,2.567770702789
RBI:PRF_LNGNFC_INDUS_ANN_RN(1.0),N_A,11,AFY,MNF_LTH,GROSS_PFT_EBIT,2025,2024,0,2025-03-31,PT,-0.495158048602
RBI:PRF_LNGNFC_INDUS_ANN_RN(1.0),N_A,11,AFY,MNF_LTH,INT,2025,2024,0,2025-03-31,PT,3.637770897833
RBI:PRF_LNGNFC_INDUS_ANN_RN(1.0),N_A,11,AFY,MNF_LTH,NET_PFT,2025,2024,0,2025-03-31,PT,1.757264753267
RBI:PRF_LNGNFC_INDUS_ANN_RN(1.0),N_A,11,AFY,MNF_LTH,OPR_PFT,2025,2024,0,2025-03-31,PT,0.544904641688
RBI:PRF_LNGNFC_INDUS_ANN_RN(1.0),N_A,11,AFY,MNF_LTH,OTH_INC,2025,2024,0,2025-03-31,PT,14.297771775827
RBI:PRF_LNGNFC_INDUS_ANN_RN(1.0),N_A,11,AFY,MNF_LTH,PC_SHARE_SAL,2025,2024,0,2025-03-31,PT,0.099813991245
RBI:PRF_LNGNFC_INDUS_ANN_RN(1.0),N_A,11,AFY,MNF_LTH,SALES,2025,2024,0,2025-03-31,INR,0.0
RBI:PRF_LNGNFC_INDUS_ANN_RN(1.0),N_A,11,AFY,MNF_LTH,SALES,2025,2024,0,2025-03-31,PT,2.121978577218
RBI:PRF_LNGNFC_INDUS_ANN_RN(1.0),N_A,11,AFY,MNF_LTH,TAX_PROV,2025,2024,0,2025-03-31,PT,5.491857760053
RBI:PRF_LNGNFC_INDUS_ANN_RN(1.0),N_A,128,AFY,MNF_MMT,DEPRC,2025,2024,0,2025-03-31,PT,12.331242499038
RBI:PRF_LNGNFC_INDUS_ANN_RN(1.0),N_A,128,AFY,MNF_MMT,EBITDA,2025,2024,0,2025-03-31,PT,15.950916379576
RBI:PRF_LNGNFC_INDUS_ANN_RN(1.0),N_A,128,AFY,MNF_MMT,EXPD,2025,2024,0,2025-03-31,PT,13.187427058723
RBI:PRF_LNGNFC_INDUS_ANN_RN(1.0),N_A,128,AFY,MNF_MMT,GROSS_PFT_EBIT,2025,2024,0,2025-03-31,PT,16.475054578459
RBI:PRF_LNGNFC_INDUS_ANN_RN(1.0),N_A,128,AFY,MNF_MMT,INT,2025,2024,0,2025-03-31,PT,-4.611463514375
RBI:PRF_LNGNFC_INDUS_ANN_RN(1.0),N_A,128,AFY,MNF_MMT,NET_PFT,2025,2024,0,2025-03-31,PT,13.331171107535
RBI:PRF_LNGNFC_INDUS_ANN_RN(1.0),N_A,128,AFY,MNF_MMT,OPR_PFT,2025,2024,0,2025-03-31,PT,15.266652785166
RBI:PRF_LNGNFC_INDUS_ANN_RN(1.0),N_A,128,AFY,MNF_MMT,OTH_INC,2025,2024,0,2025-03-31,PT,19.246930241082
RBI:PRF_LNGNFC_INDUS_ANN_RN(1.0),N_A,128,AFY,MNF_MMT,PC_SHARE_SAL,2025,2024,0,2025-03-31,PT,1.846806341856
RBI:PRF_LNGNFC_INDUS_ANN_RN(1.0),N_A,128,AFY,MNF_MMT,SALES,2025,2024,0,2025-03-31,INR,0.0
RBI:PRF_LNGNFC_INDUS_ANN_RN(1.0),N_A,128,AFY,MNF_MMT,SALES,2025,2024,0,2025-03-31,PT,13.801162847978
RBI:PRF_LNGNFC_INDUS_ANN_RN(1.0),N_A,128,AFY,MNF_MMT,TAX_PROV,2025,2024,0,2025-03-31,PT,20.682071424185
RBI:PRF_LNGNFC_INDUS_ANN_RN(1.0),N_A,24,AFY,MNF_MMT_MV,DEPRC,2025,2024,0,2025-03-31,PT,7.7016642431
RBI:PRF_LNGNFC_INDUS_ANN_RN(1.0),N_A,24,AFY,MNF_MMT_MV,EBITDA,2025,2024,0,2025-03-31,PT,12.590819319332
RBI:PRF_LNGNFC_INDUS_ANN_RN(1.0),N_A,24,AFY,MNF_MMT_MV,EXPD,2025,2024,0,2025-03-31,PT,6.230031917253
RBI:PRF_LNGNFC_INDUS_ANN_RN(1.0),N_A,24,AFY,MNF_MMT_MV,GROSS_PFT_EBIT,2025,2024,0,2025-03-31,PT,13.546193110506
RBI:PRF_LNGNFC_INDUS_ANN_RN(1.0),N_A,24,AFY,MNF_MMT_MV,INT,2025,2024,0,2025-03-31,PT,-15.764176423697
RBI:PRF_LNGNFC_INDUS_ANN_RN(1.0),N_A,24,AFY,MNF_MMT_MV,NET_PFT,2025,2024,0,2025-03-31,PT,5.323173743998
RBI:PRF_LNGNFC_INDUS_ANN_RN(1.0),N_A,24,AFY,MNF_MMT_MV,OPR_PFT,2025,2024,0,2025-03-31,PT,11.8361275745
RBI:PRF_LNGNFC_INDUS_ANN_RN(1.0),N_A,24,AFY,MNF_MMT_MV,OTH_INC,2025,2024,0,2025-03-31,PT,17.190255377145
RBI:PRF_LNGNFC_INDUS_ANN_RN(1.0),N_A,24,AFY,MNF_MMT_MV,PC_SHARE_SAL,2025,2024,0,2025-03-31,PT,8.999495984312
RBI:PRF_LNGNFC_INDUS_ANN_RN(1.0),N_A,24,AFY,MNF_MMT_MV,SALES,2025,2024,0,2025-03-31,INR,0.0
RBI:PRF_LNGNFC_INDUS_ANN_RN(1.0),N_A,24,AFY,MNF_MMT_MV,SALES,2025,2024,0,2025-03-31,PT,7.532843488327
RBI:PRF_LNGNFC_INDUS_ANN_RN(1.0),N_A,24,AFY,MNF_MMT_MV,TAX_PROV,2025,2024,0,2025-03-31,PT,13.362514242309
RBI:PRF_LNGNFC_INDUS_ANN_RN(1.0),N_A,119,AFY,MNF_MMT_OTH,DEPRC,2025,2024,0,2025-03-31,PT,7.761019801315
RBI:PRF_LNGNFC_INDUS_ANN_RN(1.0),N_A,119,AFY,MNF_MMT_OTH,EBITDA,2025,2024,0,2025-03-31,PT,13.534595671539
RBI:PRF_LNGNFC_INDUS_ANN_RN(1.0),N_A,119,AFY,MNF_MMT_OTH,EXPD,2025,2024,0,2025-03-31,PT,6.180764882796
RBI:PRF_LNGNFC_INDUS_ANN_RN(1.0),N_A,119,AFY,MNF_MMT_OTH,GROSS_PFT_EBIT,2025,2024,0,2025-03-31,PT,14.751451846488
RBI:PRF_LNGNFC_INDUS_ANN_RN(1.0),N_A,119,AFY,MNF_MMT_OTH,INT,2025,2024,0,2025-03-31,PT,-6.208303026037
RBI:PRF_LNGNFC_INDUS_ANN_RN(1.0),N_A,119,AFY,MNF_MMT_OTH,NET_PFT,2025,2024,0,2025-03-31,PT,5.887525035727
RBI:PRF_LNGNFC_INDUS_ANN_RN(1.0),N_A,119,AFY,MNF_MMT_OTH,OPR_PFT,2025,2024,0,2025-03-31,PT,12.208184041397
RBI:PRF_LNGNFC_INDUS_ANN_RN(1.0),N_A,119,AFY,MNF_MMT_OTH,OTH_INC,2025,2024,0,2025-03-31,PT,21.733009823728
RBI:PRF_LNGNFC_INDUS_ANN_RN(1.0),N_A,119,AFY,MNF_MMT_OTH,PC_SHARE_SAL,2025,2024,0,2025-03-31,PT,10.908503122067
RBI:PRF_LNGNFC_INDUS_ANN_RN(1.0),N_A,119,AFY,MNF_MMT_OTH,SALES,2025,2024,0,2025-03-31,INR,0.0
RBI:PRF_LNGNFC_INDUS_ANN_RN(1.0),N_A,119,AFY,MNF_MMT_OTH,SALES,2025,2024,0,2025-03-31,PT,7.442956492982
RBI:PRF_LNGNFC_INDUS_ANN_RN(1.0),N_A,119,AFY,MNF_MMT_OTH,TAX_PROV,2025,2024,0,2025-03-31,PT,12.275552146636
RBI:PRF_LNGNFC_INDUS_ANN_RN(1.0),N_A,95,AFY,MNF_MMT_PRTS,DEPRC,2025,2024,0,2025-03-31,PT,7.984450532159
RBI:PRF_LNGNFC_INDUS_ANN_RN(1.0),N_A,95,AFY,MNF_MMT_PRTS,EBITDA,2025,2024,0,2025-03-31,PT,18.541015012217
RBI:PRF_LNGNFC_INDUS_ANN_RN(1.0),N_A,95,AFY,MNF_MMT_PRTS,EXPD,2025,2024,0,2025-03-31,PT,5.952664908938
RBI:PRF_LNGNFC_INDUS_ANN_RN(1.0),N_A,95,AFY,MNF_MMT_PRTS,GROSS_PFT_EBIT,2025,2024,0,2025-03-31,PT,21.700624599492
RBI:PRF_LNGNFC_INDUS_ANN_RN(1.0),N_A,95,AFY,MNF_MMT_PRTS,INT,2025,2024,0,2025-03-31,PT,7.060026807273
RBI:PRF_LNGNFC_INDUS_ANN_RN(1.0),N_A,95,AFY,MNF_MMT_PRTS,NET_PFT,2025,2024,0,2025-03-31,PT,9.655689569707
RBI:PRF_LNGNFC_INDUS_ANN_RN(1.0),N_A,95,AFY,MNF_MMT_PRTS,OPR_PFT,2025,2024,0,2025-03-31,PT,14.157544719291
RBI:PRF_LNGNFC_INDUS_ANN_RN(1.0),N_A,95,AFY,MNF_MMT_PRTS,OTH_INC,2025,2024,0,2025-03-31,PT,47.809862688746
RBI:PRF_LNGNFC_INDUS_ANN_RN(1.0),N_A,95,AFY,MNF_MMT_PRTS,PC_SHARE_SAL,2025,2024,0,2025-03-31,PT,1.909007137755
RBI:PRF_LNGNFC_INDUS_ANN_RN(1.0),N_A,95,AFY,MNF_MMT_PRTS,SALES,2025,2024,0,2025-03-31,INR,0.0
RBI:PRF_LNGNFC_INDUS_ANN_RN(1.0),N_A,95,AFY,MNF_MMT_PRTS,SALES,2025,2024,0,2025-03-31,PT,7.021224755105
RBI:PRF_LNGNFC_INDUS_ANN_RN(1.0),N_A,95,AFY,MNF_MMT_PRTS,TAX_PROV,2025,2024,0,2025-03-31,PT,5.425781436982
RBI:PRF_LNGNFC_INDUS_ANN_RN(1.0),N_A,9,AFY,MNF_MPOSE,DEPRC,2025,2024,0,2025-03-31,PT,14.242239805234
RBI:PRF_LNGNFC_INDUS_ANN_RN(1.0),N_A,9,AFY,MNF_MPOSE,EBITDA,2025,2024,0,2025-03-31,PT,36.438953488372
RBI:PRF_LNGNFC_INDUS_ANN_RN(1.0),N_A,9,AFY,MNF_MPOSE,EXPD,2025,2024,0,2025-03-31,PT,25.279037321242
RBI:PRF_LNGNFC_INDUS_ANN_RN(1.0),N_A,9,AFY,MNF_MPOSE,GROSS_PFT_EBIT,2025,2024,0,2025-03-31,PT,39.448708426178
RBI:PRF_LNGNFC_INDUS_ANN_RN(1.0),N_A,9,AFY,MNF_MPOSE,INT,2025,2024,0,2025-03-31,PT,12.032085561497
RBI:PRF_LNGNFC_INDUS_ANN_RN(1.0),N_A,9,AFY,MNF_MPOSE,NET_PFT,2025,2024,0,2025-03-31,PT,29.60929250264
RBI:PRF_LNGNFC_INDUS_ANN_RN(1.0),N_A,9,AFY,MNF_MPOSE,OPR_PFT,2025,2024,0,2025-03-31,PT,45.122195512821
RBI:PRF_LNGNFC_INDUS_ANN_RN(1.0),N_A,9,AFY,MNF_MPOSE,OTH_INC,2025,2024,0,2025-03-31,PT,13.479872881356
RBI:PRF_LNGNFC_INDUS_ANN_RN(1.0),N_A,9,AFY,MNF_MPOSE,PC_SHARE_SAL,2025,2024,0,2025-03-31,PT,0.010045990526
RBI:PRF_LNGNFC_INDUS_ANN_RN(1.0),N_A,9,AFY,MNF_MPOSE,SALES,2025,2024,0,2025-03-31,INR,0.0
RBI:PRF_LNGNFC_INDUS_ANN_RN(1.0),N_A,9,AFY,MNF_MPOSE,SALES,2025,2024,0,2025-03-31,PT,24.868591589862
RBI:PRF_LNGNFC_INDUS_ANN_RN(1.0),N_A,9,AFY,MNF_MPOSE,TAX_PROV,2025,2024,0,2025-03-31,PT,38.70578778135
RBI:PRF_LNGNFC_INDUS_ANN_RN(1.0),N_A,75,AFY,MNF_OTH,DEPRC,2025,2024,0,2025-03-31,PT,11.492144831771
RBI:PRF_LNGNFC_INDUS_ANN_RN(1.0),N_A,75,AFY,MNF_OTH,EBITDA,2025,2024,0,2025-03-31,PT,3.782072323257
RBI:PRF_LNGNFC_INDUS_ANN_RN(1.0),N_A,75,AFY,MNF_OTH,EXPD,2025,2024,0,2025-03-31,PT,5.605215673591
RBI:PRF_LNGNFC_INDUS_ANN_RN(1.0),N_A,75,AFY,MNF_OTH,GROSS_PFT_EBIT,2025,2024,0,2025-03-31,PT,1.980313465596
RBI:PRF_LNGNFC_INDUS_ANN_RN(1.0),N_A,75,AFY,MNF_OTH,INT,2025,2024,0,2025-03-31,PT,8.099944126275
RBI:PRF_LNGNFC_INDUS_ANN_RN(1.0),N_A,75,AFY,MNF_OTH,NET_PFT,2025,2024,0,2025-03-31,PT,-10.855889724311
RBI:PRF_LNGNFC_INDUS_ANN_RN(1.0),N_A,75,AFY,MNF_OTH,OPR_PFT,2025,2024,0,2025-03-31,PT,1.525132508971
RBI:PRF_LNGNFC_INDUS_ANN_RN(1.0),N_A,75,AFY,MNF_OTH,OTH_INC,2025,2024,0,2025-03-31,PT,14.321300553966
RBI:PRF_LNGNFC_INDUS_ANN_RN(1.0),N_A,76,AFY,MNF_OTH,PC_SHARE_SAL,2025,2024,0,2025-03-31,PT,0.814444427484
RBI:PRF_LNGNFC_INDUS_ANN_RN(1.0),N_A,75,AFY,MNF_OTH,SALES,2025,2024,0,2025-03-31,INR,0.0
RBI:PRF_LNGNFC_INDUS_ANN_RN(1.0),N_A,75,AFY,MNF_OTH,SALES,2025,2024,0,2025-03-31,PT,3.418569959751
RBI:PRF_LNGNFC_INDUS_ANN_RN(1.0),N_A,75,AFY,MNF_OTH,TAX_PROV,2025,2024,0,2025-03-31,PT,-6.084647433172
RBI:PRF_LNGNFC_INDUS_ANN_RN(1.0),N_A,15,AFY,MNF_PETR_PRD,DEPRC,2025,2024,0,2025-03-31,PT,1.851188112633
RBI:PRF_LNGNFC_INDUS_ANN_RN(1.0),N_A,15,AFY,MNF_PETR_PRD,EBITDA,2025,2024,0,2025-03-31,PT,-13.89041337656
RBI:PRF_LNGNFC_INDUS_ANN_RN(1.0),N_A,15,AFY,MNF_PETR_PRD,EXPD,2025,2024,0,2025-03-31,PT,2.933741224616
RBI:PRF_LNGNFC_INDUS_ANN_RN(1.0),N_A,15,AFY,MNF_PETR_PRD,GROSS_PFT_EBIT,2025,2024,0,2025-03-31,PT,-17.887944817249
RBI:PRF_LNGNFC_INDUS_ANN_RN(1.0),N_A,15,AFY,MNF_PETR_PRD,INT,2025,2024,0,2025-03-31,PT,-23.439508558727
RBI:PRF_LNGNFC_INDUS_ANN_RN(1.0),N_A,15,AFY,MNF_PETR_PRD,NET_PFT,2025,2024,0,2025-03-31,PT,-16.118642268887
RBI:PRF_LNGNFC_INDUS_ANN_RN(1.0),N_A,15,AFY,MNF_PETR_PRD,OPR_PFT,2025,2024,0,2025-03-31,PT,-21.366225047784
RBI:PRF_LNGNFC_INDUS_ANN_RN(1.0),N_A,15,AFY,MNF_PETR_PRD,OTH_INC,2025,2024,0,2025-03-31,PT,32.390603260389
RBI:PRF_LNGNFC_INDUS_ANN_RN(1.0),N_A,15,AFY,MNF_PETR_PRD,PC_SHARE_SAL,2025,2024,0,2025-03-31,PT,7.877576498161
RBI:PRF_LNGNFC_INDUS_ANN_RN(1.0),N_A,15,AFY,MNF_PETR_PRD,SALES,2025,2024,0,2025-03-31,INR,0.0
RBI:PRF_LNGNFC_INDUS_ANN_RN(1.0),N_A,15,AFY,MNF_PETR_PRD,SALES,2025,2024,0,2025-03-31,PT,-2.856868592549
RBI:PRF_LNGNFC_INDUS_ANN_RN(1.0),N_A,15,AFY,MNF_PETR_PRD,TAX_PROV,2025,2024,0,2025-03-31,PT,-14.149342218127
RBI:PRF_LNGNFC_INDUS_ANN_RN(1.0),N_A,176,AFY,MNF_PM,DEPRC,2025,2024,0,2025-03-31,PT,1.209313773045
RBI:PRF_LNGNFC_INDUS_ANN_RN(1.0),N_A,176,AFY,MNF_PM,EBITDA,2025,2024,0,2025-03-31,PT,25.067040393099
RBI:PRF_LNGNFC_INDUS_ANN_RN(1.0),N_A,176,AFY,MNF_PM,EXPD,2025,2024,0,2025-03-31,PT,7.028666712988
RBI:PRF_LNGNFC_INDUS_ANN_RN(1.0),N_A,176,AFY,MNF_PM,GROSS_PFT_EBIT,2025,2024,0,2025-03-31,PT,29.920943841966
RBI:PRF_LNGNFC_INDUS_ANN_RN(1.0),N_A,176,AFY,MNF_PM,INT,2025,2024,0,2025-03-31,PT,3.644838440636
RBI:PRF_LNGNFC_INDUS_ANN_RN(1.0),N_A,176,AFY,MNF_PM,NET_PFT,2025,2024,0,2025-03-31,PT,30.852353738151
RBI:PRF_LNGNFC_INDUS_ANN_RN(1.0),N_A,176,AFY,MNF_PM,OPR_PFT,2025,2024,0,2025-03-31,PT,30.958750375175
RBI:PRF_LNGNFC_INDUS_ANN_RN(1.0),N_A,176,AFY,MNF_PM,OTH_INC,2025,2024,0,2025-03-31,PT,-8.185978655011
RBI:PRF_LNGNFC_INDUS_ANN_RN(1.0),N_A,176,AFY,MNF_PM,PC_SHARE_SAL,2025,2024,0,2025-03-31,PT,3.943030064922
RBI:PRF_LNGNFC_INDUS_ANN_RN(1.0),N_A,176,AFY,MNF_PM,SALES,2025,2024,0,2025-03-31,INR,0.0
RBI:PRF_LNGNFC_INDUS_ANN_RN(1.0),N_A,176,AFY,MNF_PM,SALES,2025,2024,0,2025-03-31,PT,12.405297990825
RBI:PRF_LNGNFC_INDUS_ANN_RN(1.0),N_A,176,AFY,MNF_PM,TAX_PROV,2025,2024,0,2025-03-31,PT,21.855391257605
RBI:PRF_LNGNFC_INDUS_ANN_RN(1.0),N_A,40,AFY,MNF_PNFFM,DEPRC,2025,2024,0,2025-03-31,PT,5.792000809746
RBI:PRF_LNGNFC_INDUS_ANN_RN(1.0),N_A,40,AFY,MNF_PNFFM,EBITDA,2025,2024,0,2025-03-31,PT,64.689408424343
RBI:PRF_LNGNFC_INDUS_ANN_RN(1.0),N_A,40,AFY,MNF_PNFFM,EXPD,2025,2024,0,2025-03-31,PT,4.271060588331
RBI:PRF_LNGNFC_INDUS_ANN_RN(1.0),N_A,40,AFY,MNF_PNFFM,GROSS_PFT_EBIT,2025,2024,0,2025-03-31,PT,85.446532051265
RBI:PRF_LNGNFC_INDUS_ANN_RN(1.0),N_A,40,AFY,MNF_PNFFM,INT,2025,2024,0,2025-03-31,PT,6.291759533107
RBI:PRF_LNGNFC_INDUS_ANN_RN(1.0),N_A,40,AFY,MNF_PNFFM,NET_PFT,2025,2024,0,2025-03-31,PT,88.268414432307
RBI:PRF_LNGNFC_INDUS_ANN_RN(1.0),N_A,40,AFY,MNF_PNFFM,OPR_PFT,2025,2024,0,2025-03-31,PT,58.876791984124
RBI:PRF_LNGNFC_INDUS_ANN_RN(1.0),N_A,40,AFY,MNF_PNFFM,OTH_INC,2025,2024,0,2025-03-31,PT,86.811058191906
RBI:PRF_LNGNFC_INDUS_ANN_RN(1.0),N_A,40,AFY,MNF_PNFFM,PC_SHARE_SAL,2025,2024,0,2025-03-31,PT,3.252326108722
RBI:PRF_LNGNFC_INDUS_ANN_RN(1.0),N_A,40,AFY,MNF_PNFFM,SALES,2025,2024,0,2025-03-31,INR,0.0
RBI:PRF_LNGNFC_INDUS_ANN_RN(1.0),N_A,40,AFY,MNF_PNFFM,SALES,2025,2024,0,2025-03-31,PT,11.279726349676
RBI:PRF_LNGNFC_INDUS_ANN_RN(1.0),N_A,40,AFY,MNF_PNFFM,TAX_PROV,2025,2024,0,2025-03-31,PT,52.890799419905
RBI:PRF_LNGNFC_INDUS_ANN_RN(1.0),N_A,48,AFY,MNF_PNPD,DEPRC,2025,2024,0,2025-03-31,PT,9.034660434734
RBI:PRF_LNGNFC_INDUS_ANN_RN(1.0),N_A,48,AFY,MNF_PNPD,EBITDA,2025,2024,0,2025-03-31,PT,-32.945272599055
RBI:PRF_LNGNFC_INDUS_ANN_RN(1.0),N_A,48,AFY,MNF_PNPD,EXPD,2025,2024,0,2025-03-31,PT,6.36114473346
RBI:PRF_LNGNFC_INDUS_ANN_RN(1.0),N_A,48,AFY,MNF_PNPD,GROSS_PFT_EBIT,2025,2024,0,2025-03-31,PT,-44.569009538585
RBI:PRF_LNGNFC_INDUS_ANN_RN(1.0),N_A,48,AFY,MNF_PNPD,INT,2025,2024,0,2025-03-31,PT,8.512527680047
RBI:PRF_LNGNFC_INDUS_ANN_RN(1.0),N_A,48,AFY,MNF_PNPD,NET_PFT,2025,2024,0,2025-03-31,PT,-52.373810870408
RBI:PRF_LNGNFC_INDUS_ANN_RN(1.0),N_A,48,AFY,MNF_PNPD,OPR_PFT,2025,2024,0,2025-03-31,PT,-37.884372564435
RBI:PRF_LNGNFC_INDUS_ANN_RN(1.0),N_A,48,AFY,MNF_PNPD,OTH_INC,2025,2024,0,2025-03-31,PT,10.058969951994
RBI:PRF_LNGNFC_INDUS_ANN_RN(1.0),N_A,48,AFY,MNF_PNPD,PC_SHARE_SAL,2025,2024,0,2025-03-31,PT,0.496599841986
RBI:PRF_LNGNFC_INDUS_ANN_RN(1.0),N_A,48,AFY,MNF_PNPD,SALES,2025,2024,0,2025-03-31,INR,0.0
RBI:PRF_LNGNFC_INDUS_ANN_RN(1.0),N_A,48,AFY,MNF_PNPD,SALES,2025,2024,0,2025-03-31,PT,-0.343552326992
RBI:PRF_LNGNFC_INDUS_ANN_RN(1.0),N_A,48,AFY,MNF_PNPD,TAX_PROV,2025,2024,0,2025-03-31,PT,-53.295586813707
RBI:PRF_LNGNFC_INDUS_ANN_RN(1.0),N_A,135,AFY,MNF_PP,DEPRC,2025,2024,0,2025-03-31,PT,8.385393566918
RBI:PRF_LNGNFC_INDUS_ANN_RN(1.0),N_A,135,AFY,MNF_PP,EBITDA,2025,2024,0,2025-03-31,PT,11.63438796912
RBI:PRF_LNGNFC_INDUS_ANN_RN(1.0),N_A,135,AFY,MNF_PP,EXPD,2025,2024,0,2025-03-31,PT,5.651759635722
RBI:PRF_LNGNFC_INDUS_ANN_RN(1.0),N_A,135,AFY,MNF_PP,GROSS_PFT_EBIT,2025,2024,0,2025-03-31,PT,12.800497259765
RBI:PRF_LNGNFC_INDUS_ANN_RN(1.0),N_A,135,AFY,MNF_PP,INT,2025,2024,0,2025-03-31,PT,4.767041589655
RBI:PRF_LNGNFC_INDUS_ANN_RN(1.0),N_A,135,AFY,MNF_PP,NET_PFT,2025,2024,0,2025-03-31,PT,23.621591206059
RBI:PRF_LNGNFC_INDUS_ANN_RN(1.0),N_A,135,AFY,MNF_PP,OPR_PFT,2025,2024,0,2025-03-31,PT,7.824940900289
RBI:PRF_LNGNFC_INDUS_ANN_RN(1.0),N_A,135,AFY,MNF_PP,OTH_INC,2025,2024,0,2025-03-31,PT,40.11555883382
RBI:PRF_LNGNFC_INDUS_ANN_RN(1.0),N_A,135,AFY,MNF_PP,PC_SHARE_SAL,2025,2024,0,2025-03-31,PT,1.040784285601
RBI:PRF_LNGNFC_INDUS_ANN_RN(1.0),N_A,135,AFY,MNF_PP,SALES,2025,2024,0,2025-03-31,INR,0.0
RBI:PRF_LNGNFC_INDUS_ANN_RN(1.0),N_A,135,AFY,MNF_PP,SALES,2025,2024,0,2025-03-31,PT,5.644936161505
RBI:PRF_LNGNFC_INDUS_ANN_RN(1.0),N_A,135,AFY,MNF_PP,TAX_PROV,2025,2024,0,2025-03-31,PT,11.422508925045
RBI:PRF_LNGNFC_INDUS_ANN_RN(1.0),N_A,30,AFY,MNF_RRP,DEPRC,2025,2024,0,2025-03-31,PT,9.167388439089
RBI:PRF_LNGNFC_INDUS_ANN_RN(1.0),N_A,30,AFY,MNF_RRP,EBITDA,2025,2024,0,2025-03-31,PT,-8.65893028411
RBI:PRF_LNGNFC_INDUS_ANN_RN(1.0),N_A,30,AFY,MNF_RRP,EXPD,2025,2024,0,2025-03-31,PT,13.603036159771
RBI:PRF_LNGNFC_INDUS_ANN_RN(1.0),N_A,30,AFY,MNF_RRP,GROSS_PFT_EBIT,2025,2024,0,2025-03-31,PT,-15.428802427009
RBI:PRF_LNGNFC_INDUS_ANN_RN(1.0),N_A,30,AFY,MNF_RRP,INT,2025,2024,0,2025-03-31,PT,-0.266499559277
RBI:PRF_LNGNFC_INDUS_ANN_RN(1.0),N_A,30,AFY,MNF_RRP,NET_PFT,2025,2024,0,2025-03-31,PT,-15.67774795991
RBI:PRF_LNGNFC_INDUS_ANN_RN(1.0),N_A,30,AFY,MNF_RRP,OPR_PFT,2025,2024,0,2025-03-31,PT,-11.179259935702
RBI:PRF_LNGNFC_INDUS_ANN_RN(1.0),N_A,30,AFY,MNF_RRP,OTH_INC,2025,2024,0,2025-03-31,PT,21.614234465893
RBI:PRF_LNGNFC_INDUS_ANN_RN(1.0),N_A,30,AFY,MNF_RRP,PC_SHARE_SAL,2025,2024,0,2025-03-31,PT,1.284781202709
RBI:PRF_LNGNFC_INDUS_ANN_RN(1.0),N_A,30,AFY,MNF_RRP,SALES,2025,2024,0,2025-03-31,INR,0.0
RBI:PRF_LNGNFC_INDUS_ANN_RN(1.0),N_A,30,AFY,MNF_RRP,SALES,2025,2024,0,2025-03-31,PT,8.114146881135
RBI:PRF_LNGNFC_INDUS_ANN_RN(1.0),N_A,30,AFY,MNF_RRP,TAX_PROV,2025,2024,0,2025-03-31,PT,-15.790352107901
RBI:PRF_LNGNFC_INDUS_ANN_RN(1.0),N_A,7,AFY,MNF_TBC_PRD,DEPRC,2025,2024,0,2025-03-31,PT,6.993090539814
RBI:PRF_LNGNFC_INDUS_ANN_RN(1.0),N_A,7,AFY,MNF_TBC_PRD,EBITDA,2025,2024,0,2025-03-31,PT,2.379376924281
RBI:PRF_LNGNFC_INDUS_ANN_RN(1.0),N_A,7,AFY,MNF_TBC_PRD,EXPD,2025,2024,0,2025-03-31,PT,18.488485543961
RBI:PRF_LNGNFC_INDUS_ANN_RN(1.0),N_A,7,AFY,MNF_TBC_PRD,GROSS_PFT_EBIT,2025,2024,0,2025-03-31,PT,2.12417490795
RBI:PRF_LNGNFC_INDUS_ANN_RN(1.0),N_A,7,AFY,MNF_TBC_PRD,INT,2025,2024,0,2025-03-31,PT,-0.332400279916
RBI:PRF_LNGNFC_INDUS_ANN_RN(1.0),N_A,7,AFY,MNF_TBC_PRD,NET_PFT,2025,2024,0,2025-03-31,PT,69.189433247226
RBI:PRF_LNGNFC_INDUS_ANN_RN(1.0),N_A,7,AFY,MNF_TBC_PRD,OPR_PFT,2025,2024,0,2025-03-31,PT,3.116037391155
RBI:PRF_LNGNFC_INDUS_ANN_RN(1.0),N_A,7,AFY,MNF_TBC_PRD,OTH_INC,2025,2024,0,2025-03-31,PT,-2.173967353016
RBI:PRF_LNGNFC_INDUS_ANN_RN(1.0),N_A,7,AFY,MNF_TBC_PRD,PC_SHARE_SAL,2025,2024,0,2025-03-31,PT,1.113661345079
RBI:PRF_LNGNFC_INDUS_ANN_RN(1.0),N_A,7,AFY,MNF_TBC_PRD,SALES,2025,2024,0,2025-03-31,INR,0.0
RBI:PRF_LNGNFC_INDUS_ANN_RN(1.0),N_A,7,AFY,MNF_TBC_PRD,SALES,2025,2024,0,2025-03-31,PT,12.550191721619
RBI:PRF_LNGNFC_INDUS_ANN_RN(1.0),N_A,7,AFY,MNF_TBC_PRD,TAX_PROV,2025,2024,0,2025-03-31,PT,9.691732152892
RBI:PRF_LNGNFC_INDUS_ANN_RN(1.0),N_A,255,AFY,MNF_TXT,DEPRC,2025,2024,0,2025-03-31,PT,4.746023047566
RBI:PRF_LNGNFC_INDUS_ANN_RN(1.0),N_A,255,AFY,MNF_TXT,EBITDA,2025,2024,0,2025-03-31,PT,9.969380760329
RBI:PRF_LNGNFC_INDUS_ANN_RN(1.0),N_A,255,AFY,MNF_TXT,EXPD,2025,2024,0,2025-03-31,PT,5.305690216667
RBI:PRF_LNGNFC_INDUS_ANN_RN(1.0),N_A,255,AFY,MNF_TXT,GROSS_PFT_EBIT,2025,2024,0,2025-03-31,PT,12.219903422853
RBI:PRF_LNGNFC_INDUS_ANN_RN(1.0),N_A,255,AFY,MNF_TXT,INT,2025,2024,0,2025-03-31,PT,7.029597805171
RBI:PRF_LNGNFC_INDUS_ANN_RN(1.0),N_A,255,AFY,MNF_TXT,NET_PFT,2025,2024,0,2025-03-31,PT,-25.449684335027
RBI:PRF_LNGNFC_INDUS_ANN_RN(1.0),N_A,255,AFY,MNF_TXT,OPR_PFT,2025,2024,0,2025-03-31,PT,8.316733699583
RBI:PRF_LNGNFC_INDUS_ANN_RN(1.0),N_A,255,AFY,MNF_TXT,OTH_INC,2025,2024,0,2025-03-31,PT,18.587375625319
RBI:PRF_LNGNFC_INDUS_ANN_RN(1.0),N_A,255,AFY,MNF_TXT,PC_SHARE_SAL,2025,2024,0,2025-03-31,PT,2.346567831588
RBI:PRF_LNGNFC_INDUS_ANN_RN(1.0),N_A,255,AFY,MNF_TXT,SALES,2025,2024,0,2025-03-31,INR,0.0
RBI:PRF_LNGNFC_INDUS_ANN_RN(1.0),N_A,255,AFY,MNF_TXT,SALES,2025,2024,0,2025-03-31,PT,4.947520148237
RBI:PRF_LNGNFC_INDUS_ANN_RN(1.0),N_A,255,AFY,MNF_TXT,TAX_PROV,2025,2024,0,2025-03-31,PT,15.625720765742
RBI:PRF_LNGNFC_INDUS_ANN_RN(1.0),N_A,18,AFY,MNF_WOOD_PRD,DEPRC,2025,2024,0,2025-03-31,PT,7.901940881548
RBI:PRF_LNGNFC_INDUS_ANN_RN(1.0),N_A,18,AFY,MNF_WOOD_PRD,EBITDA,2025,2024,0,2025-03-31,PT,-7.880484861455
RBI:PRF_LNGNFC_INDUS_ANN_RN(1.0),N_A,18,AFY,MNF_WOOD_PRD,EXPD,2025,2024,0,2025-03-31,PT,7.287184276144
RBI:PRF_LNGNFC_INDUS_ANN_RN(1.0),N_A,18,AFY,MNF_WOOD_PRD,GROSS_PFT_EBIT,2025,2024,0,2025-03-31,PT,-11.661581995844
RBI:PRF_LNGNFC_INDUS_ANN_RN(1.0),N_A,18,AFY,MNF_WOOD_PRD,INT,2025,2024,0,2025-03-31,PT,9.510375525045
RBI:PRF_LNGNFC_INDUS_ANN_RN(1.0),N_A,18,AFY,MNF_WOOD_PRD,NET_PFT,2025,2024,0,2025-03-31,PT,-14.364739273193
RBI:PRF_LNGNFC_INDUS_ANN_RN(1.0),N_A,18,AFY,MNF_WOOD_PRD,OPR_PFT,2025,2024,0,2025-03-31,PT,-11.848372068813
RBI:PRF_LNGNFC_INDUS_ANN_RN(1.0),N_A,18,AFY,MNF_WOOD_PRD,OTH_INC,2025,2024,0,2025-03-31,PT,34.116107706081
RBI:PRF_LNGNFC_INDUS_ANN_RN(1.0),N_A,18,AFY,MNF_WOOD_PRD,PC_SHARE_SAL,2025,2024,0,2025-03-31,PT,0.19343879381
RBI:PRF_LNGNFC_INDUS_ANN_RN(1.0),N_A,18,AFY,MNF_WOOD_PRD,SALES,2025,2024,0,2025-03-31,INR,0.0
RBI:PRF_LNGNFC_INDUS_ANN_RN(1.0),N_A,18,AFY,MNF_WOOD_PRD,SALES,2025,2024,0,2025-03-31,PT,4.688587498354
RBI:PRF_LNGNFC_INDUS_ANN_RN(1.0),N_A,18,AFY,MNF_WOOD_PRD,TAX_PROV,2025,2024,0,2025-03-31,PT,-20.632301942696
RBI:PRF_LNGNFC_INDUS_ANN_RN(1.0),N_A,1223,AFY,SERV_OTH_IT,DEPRC,2025,2024,0,2025-03-31,PT,8.737497904206
RBI:PRF_LNGNFC_INDUS_ANN_RN(1.0),N_A,1223,AFY,SERV_OTH_IT,EBITDA,2025,2024,0,2025-03-31,PT,19.516328175492
RBI:PRF_LNGNFC_INDUS_ANN_RN(1.0),N_A,1223,AFY,SERV_OTH_IT,EXPD,2025,2024,0,2025-03-31,PT,10.751107233977
RBI:PRF_LNGNFC_INDUS_ANN_RN(1.0),N_A,1223,AFY,SERV_OTH_IT,GROSS_PFT_EBIT,2025,2024,0,2025-03-31,PT,27.465058998882
RBI:PRF_LNGNFC_INDUS_ANN_RN(1.0),N_A,1223,AFY,SERV_OTH_IT,INT,2025,2024,0,2025-03-31,PT,5.441270828878
RBI:PRF_LNGNFC_INDUS_ANN_RN(1.0),N_A,1223,AFY,SERV_OTH_IT,OPR_PFT,2025,2024,0,2025-03-31,PT,15.869837086775
RBI:PRF_LNGNFC_INDUS_ANN_RN(1.0),N_A,1223,AFY,SERV_OTH_IT,OTH_INC,2025,2024,0,2025-03-31,PT,44.151752480844
RBI:PRF_LNGNFC_INDUS_ANN_RN(1.0),N_A,1231,AFY,SERV_OTH_IT,PC_SHARE_SAL,2025,2024,0,2025-03-31,PT,13.89264225438
RBI:PRF_LNGNFC_INDUS_ANN_RN(1.0),N_A,1223,AFY,SERV_OTH_IT,SALES,2025,2024,0,2025-03-31,INR,0.0
RBI:PRF_LNGNFC_INDUS_ANN_RN(1.0),N_A,1223,AFY,SERV_OTH_IT,SALES,2025,2024,0,2025-03-31,PT,11.381175078499
RBI:PRF_LNGNFC_INDUS_ANN_RN(1.0),N_A,1223,AFY,SERV_OTH_IT,TAX_PROV,2025,2024,0,2025-03-31,PT,4.925249210241
RBI:PRF_LNGNFC_INDUS_ANN_RN(1.0),N_A,35,AFY,SOI_BSS,DEPRC,2025,2024,0,2025-03-31,PT,-19.431340211458
RBI:PRF_LNGNFC_INDUS_ANN_RN(1.0),N_A,35,AFY,SOI_BSS,EBITDA,2025,2024,0,2025-03-31,PT,13.912119739235
RBI:PRF_LNGNFC_INDUS_ANN_RN(1.0),N_A,35,AFY,SOI_BSS,EXPD,2025,2024,0,2025-03-31,PT,11.935895259165
RBI:PRF_LNGNFC_INDUS_ANN_RN(1.0),N_A,35,AFY,SOI_BSS,GROSS_PFT_EBIT,2025,2024,0,2025-03-31,PT,35.404786234631
RBI:PRF_LNGNFC_INDUS_ANN_RN(1.0),N_A,35,AFY,SOI_BSS,INT,2025,2024,0,2025-03-31,PT,7.251608291637
RBI:PRF_LNGNFC_INDUS_ANN_RN(1.0),N_A,35,AFY,SOI_BSS,NET_PFT,2025,2024,0,2025-03-31,PT,63.934242585487
RBI:PRF_LNGNFC_INDUS_ANN_RN(1.0),N_A,35,AFY,SOI_BSS,OPR_PFT,2025,2024,0,2025-03-31,PT,19.779279767714
RBI:PRF_LNGNFC_INDUS_ANN_RN(1.0),N_A,35,AFY,SOI_BSS,OTH_INC,2025,2024,0,2025-03-31,PT,-15.105020110234
RBI:PRF_LNGNFC_INDUS_ANN_RN(1.0),N_A,43,AFY,SOI_BSS,PC_SHARE_SAL,2025,2024,0,2025-03-31,PT,0.162546290384
RBI:PRF_LNGNFC_INDUS_ANN_RN(1.0),N_A,35,AFY,SOI_BSS,SALES,2025,2024,0,2025-03-31,INR,0.0
RBI:PRF_LNGNFC_INDUS_ANN_RN(1.0),N_A,35,AFY,SOI_BSS,SALES,2025,2024,0,2025-03-31,PT,14.33940221482
RBI:PRF_LNGNFC_INDUS_ANN_RN(1.0),N_A,35,AFY,SOI_BSS,TAX_PROV,2025,2024,0,2025-03-31,PT,29.400555118273
RBI:PRF_LNGNFC_INDUS_ANN_RN(1.0),N_A,77,AFY,SOI_HNR,DEPRC,2025,2024,0,2025-03-31,PT,13.904728548966
RBI:PRF_LNGNFC_INDUS_ANN_RN(1.0),N_A,77,AFY,SOI_HNR,EBITDA,2025,2024,0,2025-03-31,PT,10.474171666375
RBI:PRF_LNGNFC_INDUS_ANN_RN(1.0),N_A,77,AFY,SOI_HNR,EXPD,2025,2024,0,2025-03-31,PT,11.148092417132
RBI:PRF_LNGNFC_INDUS_ANN_RN(1.0),N_A,77,AFY,SOI_HNR,GROSS_PFT_EBIT,2025,2024,0,2025-03-31,PT,8.967534985371
RBI:PRF_LNGNFC_INDUS_ANN_RN(1.0),N_A,77,AFY,SOI_HNR,INT,2025,2024,0,2025-03-31,PT,-9.773754280735
RBI:PRF_LNGNFC_INDUS_ANN_RN(1.0),N_A,77,AFY,SOI_HNR,NET_PFT,2025,2024,0,2025-03-31,PT,80.770352102242
RBI:PRF_LNGNFC_INDUS_ANN_RN(1.0),N_A,77,AFY,SOI_HNR,OPR_PFT,2025,2024,0,2025-03-31,PT,8.666130717105
RBI:PRF_LNGNFC_INDUS_ANN_RN(1.0),N_A,77,AFY,SOI_HNR,OTH_INC,2025,2024,0,2025-03-31,PT,26.285354713419
RBI:PRF_LNGNFC_INDUS_ANN_RN(1.0),N_A,77,AFY,SOI_HNR,PC_SHARE_SAL,2025,2024,0,2025-03-31,PT,0.480290657833
RBI:PRF_LNGNFC_INDUS_ANN_RN(1.0),N_A,77,AFY,SOI_HNR,SALES,2025,2024,0,2025-03-31,INR,0.0
RBI:PRF_LNGNFC_INDUS_ANN_RN(1.0),N_A,77,AFY,SOI_HNR,SALES,2025,2024,0,2025-03-31,PT,10.319147060594
RBI:PRF_LNGNFC_INDUS_ANN_RN(1.0),N_A,77,AFY,SOI_HNR,TAX_PROV,2025,2024,0,2025-03-31,PT,17.986487505792
RBI:PRF_LNGNFC_INDUS_ANN_RN(1.0),N_A,37,AFY,SOI_HS,DEPRC,2025,2024,0,2025-03-31,PT,14.506644177512
RBI:PRF_LNGNFC_INDUS_ANN_RN(1.0),N_A,37,AFY,SOI_HS,EBITDA,2025,2024,0,2025-03-31,PT,85.742223516281
RBI:PRF_LNGNFC_INDUS_ANN_RN(1.0),N_A,37,AFY,SOI_HS,EXPD,2025,2024,0,2025-03-31,PT,12.399475441844
RBI:PRF_LNGNFC_INDUS_ANN_RN(1.0),N_A,37,AFY,SOI_HS,GROSS_PFT_EBIT,2025,2024,0,2025-03-31,PT,105.010881828887
RBI:PRF_LNGNFC_INDUS_ANN_RN(1.0),N_A,37,AFY,SOI_HS,INT,2025,2024,0,2025-03-31,PT,16.230749868424
RBI:PRF_LNGNFC_INDUS_ANN_RN(1.0),N_A,37,AFY,SOI_HS,NET_PFT,2025,2024,0,2025-03-31,PT,147.667927496501
RBI:PRF_LNGNFC_INDUS_ANN_RN(1.0),N_A,37,AFY,SOI_HS,OPR_PFT,2025,2024,0,2025-03-31,PT,12.639011746168
RBI:PRF_LNGNFC_INDUS_ANN_RN(1.0),N_A,37,AFY,SOI_HS,PC_SHARE_SAL,2025,2024,0,2025-03-31,PT,0.495013876869
RBI:PRF_LNGNFC_INDUS_ANN_RN(1.0),N_A,37,AFY,SOI_HS,SALES,2025,2024,0,2025-03-31,INR,0.0
RBI:PRF_LNGNFC_INDUS_ANN_RN(1.0),N_A,37,AFY,SOI_HS,SALES,2025,2024,0,2025-03-31,PT,12.546690813303
RBI:PRF_LNGNFC_INDUS_ANN_RN(1.0),N_A,37,AFY,SOI_HS,TAX_PROV,2025,2024,0,2025-03-31,PT,20.255052749546
RBI:PRF_LNGNFC_INDUS_ANN_RN(1.0),N_A,226,AFY,SOI_OTH,DEPRC,2025,2024,0,2025-03-31,PT,11.538535701201
RBI:PRF_LNGNFC_INDUS_ANN_RN(1.0),N_A,226,AFY,SOI_OTH,EBITDA,2025,2024,0,2025-03-31,PT,15.055629274268
RBI:PRF_LNGNFC_INDUS_ANN_RN(1.0),N_A,226,AFY,SOI_OTH,EXPD,2025,2024,0,2025-03-31,PT,15.757976119498
RBI:PRF_LNGNFC_INDUS_ANN_RN(1.0),N_A,226,AFY,SOI_OTH,GROSS_PFT_EBIT,2025,2024,0,2025-03-31,PT,16.072645278849
RBI:PRF_LNGNFC_INDUS_ANN_RN(1.0),N_A,226,AFY,SOI_OTH,INT,2025,2024,0,2025-03-31,PT,-2.02679244047
RBI:PRF_LNGNFC_INDUS_ANN_RN(1.0),N_A,226,AFY,SOI_OTH,NET_PFT,2025,2024,0,2025-03-31,PT,23.508697582435
RBI:PRF_LNGNFC_INDUS_ANN_RN(1.0),N_A,226,AFY,SOI_OTH,OPR_PFT,2025,2024,0,2025-03-31,PT,15.245277050457
RBI:PRF_LNGNFC_INDUS_ANN_RN(1.0),N_A,226,AFY,SOI_OTH,OTH_INC,2025,2024,0,2025-03-31,PT,14.304112094167
RBI:PRF_LNGNFC_INDUS_ANN_RN(1.0),N_A,226,AFY,SOI_OTH,PC_SHARE_SAL,2025,2024,0,2025-03-31,PT,1.22527369448
RBI:PRF_LNGNFC_INDUS_ANN_RN(1.0),N_A,226,AFY,SOI_OTH,SALES,2025,2024,0,2025-03-31,INR,0.0
RBI:PRF_LNGNFC_INDUS_ANN_RN(1.0),N_A,226,AFY,SOI_OTH,SALES,2025,2024,0,2025-03-31,PT,15.544473946641
RBI:PRF_LNGNFC_INDUS_ANN_RN(1.0),N_A,226,AFY,SOI_OTH,TAX_PROV,2025,2024,0,2025-03-31,PT,12.915469164784
RBI:PRF_LNGNFC_INDUS_ANN_RN(1.0),N_A,109,AFY,SOI_RE,DEPRC,2025,2024,0,2025-03-31,PT,3.313083998146
RBI:PRF_LNGNFC_INDUS_ANN_RN(1.0),N_A,109,AFY,SOI_RE,EBITDA,2025,2024,0,2025-03-31,PT,7.203768348475
RBI:PRF_LNGNFC_INDUS_ANN_RN(1.0),N_A,109,AFY,SOI_RE,EXPD,2025,2024,0,2025-03-31,PT,36.614668076798
RBI:PRF_LNGNFC_INDUS_ANN_RN(1.0),N_A,109,AFY,SOI_RE,GROSS_PFT_EBIT,2025,2024,0,2025-03-31,PT,7.384696022718
RBI:PRF_LNGNFC_INDUS_ANN_RN(1.0),N_A,109,AFY,SOI_RE,INT,2025,2024,0,2025-03-31,PT,16.183720040849
RBI:PRF_LNGNFC_INDUS_ANN_RN(1.0),N_A,109,AFY,SOI_RE,NET_PFT,2025,2024,0,2025-03-31,PT,-5.786037946842
RBI:PRF_LNGNFC_INDUS_ANN_RN(1.0),N_A,109,AFY,SOI_RE,OPR_PFT,2025,2024,0,2025-03-31,PT,-9.730335416134
RBI:PRF_LNGNFC_INDUS_ANN_RN(1.0),N_A,109,AFY,SOI_RE,OTH_INC,2025,2024,0,2025-03-31,PT,47.358687786444
RBI:PRF_LNGNFC_INDUS_ANN_RN(1.0),N_A,109,AFY,SOI_RE,PC_SHARE_SAL,2025,2024,0,2025-03-31,PT,0.263978107975
RBI:PRF_LNGNFC_INDUS_ANN_RN(1.0),N_A,109,AFY,SOI_RE,SALES,2025,2024,0,2025-03-31,INR,0.0
RBI:PRF_LNGNFC_INDUS_ANN_RN(1.0),N_A,109,AFY,SOI_RE,SALES,2025,2024,0,2025-03-31,PT,9.7829641787
RBI:PRF_LNGNFC_INDUS_ANN_RN(1.0),N_A,109,AFY,SOI_RE,TAX_PROV,2025,2024,0,2025-03-31,PT,33.966307629235
RBI:PRF_LNGNFC_INDUS_ANN_RN(1.0),N_A,24,AFY,SOI_TCOMM,DEPRC,2025,2024,0,2025-03-31,PT,5.716815055712
RBI:PRF_LNGNFC_INDUS_ANN_RN(1.0),N_A,24,AFY,SOI_TCOMM,EBITDA,2025,2024,0,2025-03-31,PT,21.164260605383
RBI:PRF_LNGNFC_INDUS_ANN_RN(1.0),N_A,24,AFY,SOI_TCOMM,EXPD,2025,2024,0,2025-03-31,PT,0.620163573278
RBI:PRF_LNGNFC_INDUS_ANN_RN(1.0),N_A,24,AFY,SOI_TCOMM,GROSS_PFT_EBIT,2025,2024,0,2025-03-31,PT,48.174124176007
RBI:PRF_LNGNFC_INDUS_ANN_RN(1.0),N_A,24,AFY,SOI_TCOMM,INT,2025,2024,0,2025-03-31,PT,3.027805209026
RBI:PRF_LNGNFC_INDUS_ANN_RN(1.0),N_A,24,AFY,SOI_TCOMM,OPR_PFT,2025,2024,0,2025-03-31,PT,21.290322232493
RBI:PRF_LNGNFC_INDUS_ANN_RN(1.0),N_A,24,AFY,SOI_TCOMM,OTH_INC,2025,2024,0,2025-03-31,PT,17.567113938942
RBI:PRF_LNGNFC_INDUS_ANN_RN(1.0),N_A,24,AFY,SOI_TCOMM,PC_SHARE_SAL,2025,2024,0,2025-03-31,PT,3.088699433006
RBI:PRF_LNGNFC_INDUS_ANN_RN(1.0),N_A,24,AFY,SOI_TCOMM,SALES,2025,2024,0,2025-03-31,INR,0.0
RBI:PRF_LNGNFC_INDUS_ANN_RN(1.0),N_A,24,AFY,SOI_TCOMM,SALES,2025,2024,0,2025-03-31,PT,10.542774230078
RBI:PRF_LNGNFC_INDUS_ANN_RN(1.0),N_A,24,AFY,SOI_TCOMM,TAX_PROV,2025,2024,0,2025-03-31,PT,-40.04918271284
RBI:PRF_LNGNFC_INDUS_ANN_RN(1.0),N_A,108,AFY,SOI_TSS,DEPRC,2025,2024,0,2025-03-31,PT,20.087812656512
RBI:PRF_LNGNFC_INDUS_ANN_RN(1.0),N_A,108,AFY,SOI_TSS,EBITDA,2025,2024,0,2025-03-31,PT,16.01901344888
RBI:PRF_LNGNFC_INDUS_ANN_RN(1.0),N_A,108,AFY,SOI_TSS,EXPD,2025,2024,0,2025-03-31,PT,13.258122493769
RBI:PRF_LNGNFC_INDUS_ANN_RN(1.0),N_A,108,AFY,SOI_TSS,GROSS_PFT_EBIT,2025,2024,0,2025-03-31,PT,14.229953680877
RBI:PRF_LNGNFC_INDUS_ANN_RN(1.0),N_A,108,AFY,SOI_TSS,INT,2025,2024,0,2025-03-31,PT,12.192033430971
RBI:PRF_LNGNFC_INDUS_ANN_RN(1.0),N_A,108,AFY,SOI_TSS,NET_PFT,2025,2024,0,2025-03-31,PT,10.014220672229
RBI:PRF_LNGNFC_INDUS_ANN_RN(1.0),N_A,108,AFY,SOI_TSS,OPR_PFT,2025,2024,0,2025-03-31,PT,12.404197531769
RBI:PRF_LNGNFC_INDUS_ANN_RN(1.0),N_A,108,AFY,SOI_TSS,OTH_INC,2025,2024,0,2025-03-31,PT,27.927574381762
RBI:PRF_LNGNFC_INDUS_ANN_RN(1.0),N_A,108,AFY,SOI_TSS,PC_SHARE_SAL,2025,2024,0,2025-03-31,PT,2.232398039214
RBI:PRF_LNGNFC_INDUS_ANN_RN(1.0),N_A,108,AFY,SOI_TSS,SALES,2025,2024,0,2025-03-31,INR,0.0
RBI:PRF_LNGNFC_INDUS_ANN_RN(1.0),N_A,108,AFY,SOI_TSS,SALES,2025,2024,0,2025-03-31,PT,13.047003891005
RBI:PRF_LNGNFC_INDUS_ANN_RN(1.0),N_A,108,AFY,SOI_TSS,TAX_PROV,2025,2024,0,2025-03-31,PT,94.138596364686
RBI:PRF_LNGNFC_INDUS_ANN_RN(1.0),N_A,43,AFY,SOI_VTPB,DEPRC,2025,2024,0,2025-03-31,PT,4.629114954131
RBI:PRF_LNGNFC_INDUS_ANN_RN(1.0),N_A,43,AFY,SOI_VTPB,EBITDA,2025,2024,0,2025-03-31,PT,-9.329551815035
RBI:PRF_LNGNFC_INDUS_ANN_RN(1.0),N_A,43,AFY,SOI_VTPB,EXPD,2025,2024,0,2025-03-31,PT,-0.814519795987
RBI:PRF_LNGNFC_INDUS_ANN_RN(1.0),N_A,43,AFY,SOI_VTPB,GROSS_PFT_EBIT,2025,2024,0,2025-03-31,PT,-16.898589654249
RBI:PRF_LNGNFC_INDUS_ANN_RN(1.0),N_A,43,AFY,SOI_VTPB,INT,2025,2024,0,2025-03-31,PT,3.417604190583
RBI:PRF_LNGNFC_INDUS_ANN_RN(1.0),N_A,43,AFY,SOI_VTPB,OPR_PFT,2025,2024,0,2025-03-31,PT,-16.615410947056
RBI:PRF_LNGNFC_INDUS_ANN_RN(1.0),N_A,43,AFY,SOI_VTPB,OTH_INC,2025,2024,0,2025-03-31,PT,34.936666851043
RBI:PRF_LNGNFC_INDUS_ANN_RN(1.0),N_A,43,AFY,SOI_VTPB,PC_SHARE_SAL,2025,2024,0,2025-03-31,PT,0.328136486788
RBI:PRF_LNGNFC_INDUS_ANN_RN(1.0),N_A,43,AFY,SOI_VTPB,SALES,2025,2024,0,2025-03-31,INR,0.0
RBI:PRF_LNGNFC_INDUS_ANN_RN(1.0),N_A,43,AFY,SOI_VTPB,SALES,2025,2024,0,2025-03-31,PT,-4.386766695446
RBI:PRF_LNGNFC_INDUS_ANN_RN(1.0),N_A,43,AFY,SOI_VTPB,TAX_PROV,2025,2024,0,2025-03-31,PT,-8.246774059521
RBI:PRF_LNGNFC_INDUS_ANN_RN(1.0),N_A,564,AFY,SOI_WRT,DEPRC,2025,2024,0,2025-03-31,PT,18.38254333294
RBI:PRF_LNGNFC_INDUS_ANN_RN(1.0),N_A,564,AFY,SOI_WRT,EBITDA,2025,2024,0,2025-03-31,PT,15.171862297844
RBI:PRF_LNGNFC_INDUS_ANN_RN(1.0),N_A,564,AFY,SOI_WRT,EXPD,2025,2024,0,2025-03-31,PT,11.740633020911
RBI:PRF_LNGNFC_INDUS_ANN_RN(1.0),N_A,564,AFY,SOI_WRT,GROSS_PFT_EBIT,2025,2024,0,2025-03-31,PT,14.33777639087
RBI:PRF_LNGNFC_INDUS_ANN_RN(1.0),N_A,564,AFY,SOI_WRT,INT,2025,2024,0,2025-03-31,PT,17.180817936475
RBI:PRF_LNGNFC_INDUS_ANN_RN(1.0),N_A,564,AFY,SOI_WRT,NET_PFT,2025,2024,0,2025-03-31,PT,27.477510624357
RBI:PRF_LNGNFC_INDUS_ANN_RN(1.0),N_A,564,AFY,SOI_WRT,OPR_PFT,2025,2024,0,2025-03-31,PT,16.572251372151
RBI:PRF_LNGNFC_INDUS_ANN_RN(1.0),N_A,564,AFY,SOI_WRT,OTH_INC,2025,2024,0,2025-03-31,PT,10.372292434553
RBI:PRF_LNGNFC_INDUS_ANN_RN(1.0),N_A,564,AFY,SOI_WRT,PC_SHARE_SAL,2025,2024,0,2025-03-31,PT,5.616305667832
RBI:PRF_LNGNFC_INDUS_ANN_RN(1.0),N_A,564,AFY,SOI_WRT,SALES,2025,2024,0,2025-03-31,INR,0.0
RBI:PRF_LNGNFC_INDUS_ANN_RN(1.0),N_A,564,AFY,SOI_WRT,SALES,2025,2024,0,2025-03-31,PT,11.377095356498
RBI:PRF_LNGNFC_INDUS_ANN_RN(1.0),N_A,564,AFY,SOI_WRT,TAX_PROV,2025,2024,0,2025-03-31,PT,11.747542470755
