DATAFLOW,AUDST,FREQ,INDS_GRP_RN,REPYEAREND,REPYEARSTART,TYP_RATIO_RN,UNIT_MULT,TIME_PERIOD,UNIT_MEASURE,OBS_VALUE
RBI:RATIO_LNGNFC_INDUS_ANN_RN(1.0),N_A,AFY,AGR_REL_ACT,2016,2015,CSH_CVG_RATIO,0,2016-03-31,RPT,2.785611
RBI:RATIO_LNGNFC_INDUS_ANN_RN(1.0),N_A,AFY,AGR_REL_ACT,2016,2015,EBITDA_TO_SAL,0,2016-03-31,RPT,9.9348
RBI:RATIO_LNGNFC_INDUS_ANN_RN(1.0),N_A,AFY,AGR_REL_ACT,2016,2015,INT_BURDEN,0,2016-03-31,RPT,50.159
RBI:RATIO_LNGNFC_INDUS_ANN_RN(1.0),N_A,AFY,AGR_REL_ACT,2016,2015,INT_CVG,0,2016-03-31,RPT,1.993659
RBI:RATIO_LNGNFC_INDUS_ANN_RN(1.0),N_A,AFY,AGR_REL_ACT,2016,2015,INT_TO_SAL,0,2016-03-31,RPT,3.5665
RBI:RATIO_LNGNFC_INDUS_ANN_RN(1.0),N_A,AFY,AGR_REL_ACT,2016,2015,NET_PFT_TO_SAL,0,2016-03-31,RPT,2.4902
RBI:RATIO_LNGNFC_INDUS_ANN_RN(1.0),N_A,AFY,AGR_REL_ACT,2016,2015,OPR_PFTS_TO_SAL,0,2016-03-31,RPT,6.8833
RBI:RATIO_LNGNFC_INDUS_ANN_RN(1.0),N_A,AFY,AGR_REL_ACT,2016,2015,TAX_PROV_TO_EBT,0,2016-03-31,RPT,16.6107
RBI:RATIO_LNGNFC_INDUS_ANN_RN(1.0),N_A,AFY,AGR_REL_ACT_OTH,2016,2015,CSH_CVG_RATIO,0,2016-03-31,RPT,3.967486
RBI:RATIO_LNGNFC_INDUS_ANN_RN(1.0),N_A,AFY,AGR_REL_ACT_OTH,2016,2015,EBITDA_TO_SAL,0,2016-03-31,RPT,11.1138
RBI:RATIO_LNGNFC_INDUS_ANN_RN(1.0),N_A,AFY,AGR_REL_ACT_OTH,2016,2015,INT_BURDEN,0,2016-03-31,RPT,33.2777
RBI:RATIO_LNGNFC_INDUS_ANN_RN(1.0),N_A,AFY,AGR_REL_ACT_OTH,2016,2015,INT_CVG,0,2016-03-31,RPT,3.005017
RBI:RATIO_LNGNFC_INDUS_ANN_RN(1.0),N_A,AFY,AGR_REL_ACT_OTH,2016,2015,INT_TO_SAL,0,2016-03-31,RPT,2.8012
RBI:RATIO_LNGNFC_INDUS_ANN_RN(1.0),N_A,AFY,AGR_REL_ACT_OTH,2016,2015,NET_PFT_TO_SAL,0,2016-03-31,RPT,-0.0658
RBI:RATIO_LNGNFC_INDUS_ANN_RN(1.0),N_A,AFY,AGR_REL_ACT_OTH,2016,2015,NET_PFT_TO_SAL,0,2016-03-31,RPT,4.1765
RBI:RATIO_LNGNFC_INDUS_ANN_RN(1.0),N_A,AFY,AGR_REL_ACT_OTH,2016,2015,OPR_PFTS_TO_SAL,0,2016-03-31,RPT,8.8114
RBI:RATIO_LNGNFC_INDUS_ANN_RN(1.0),N_A,AFY,AGR_REL_ACT_OTH,2016,2015,TAX_PROV_TO_EBT,0,2016-03-31,RPT,16.2347
RBI:RATIO_LNGNFC_INDUS_ANN_RN(1.0),N_A,AFY,ARA_TCP,2016,2015,CSH_CVG_RATIO,0,2016-03-31,RPT,1.723886
RBI:RATIO_LNGNFC_INDUS_ANN_RN(1.0),N_A,AFY,ARA_TCP,2016,2015,EBITDA_TO_SAL,0,2016-03-31,RPT,8.1478
RBI:RATIO_LNGNFC_INDUS_ANN_RN(1.0),N_A,AFY,ARA_TCP,2016,2015,INT_BURDEN,0,2016-03-31,RPT,92.156
RBI:RATIO_LNGNFC_INDUS_ANN_RN(1.0),N_A,AFY,ARA_TCP,2016,2015,INT_CVG,0,2016-03-31,RPT,1.085116
RBI:RATIO_LNGNFC_INDUS_ANN_RN(1.0),N_A,AFY,ARA_TCP,2016,2015,INT_TO_SAL,0,2016-03-31,RPT,4.7264
RBI:RATIO_LNGNFC_INDUS_ANN_RN(1.0),N_A,AFY,ARA_TCP,2016,2015,OPR_PFTS_TO_SAL,0,2016-03-31,RPT,3.9609
RBI:RATIO_LNGNFC_INDUS_ANN_RN(1.0),N_A,AFY,ARA_TCP,2016,2015,TAX_PROV_TO_EBT,0,2016-03-31,RPT,18.5642
RBI:RATIO_LNGNFC_INDUS_ANN_RN(1.0),N_A,AFY,CONSTRN,2016,2015,CSH_CVG_RATIO,0,2016-03-31,RPT,1.221646
RBI:RATIO_LNGNFC_INDUS_ANN_RN(1.0),N_A,AFY,CONSTRN,2016,2015,EBITDA_TO_SAL,0,2016-03-31,RPT,13.8801
RBI:RATIO_LNGNFC_INDUS_ANN_RN(1.0),N_A,AFY,CONSTRN,2016,2015,INT_BURDEN,0,2016-03-31,RPT,100.9753
RBI:RATIO_LNGNFC_INDUS_ANN_RN(1.0),N_A,AFY,CONSTRN,2016,2015,INT_CVG,0,2016-03-31,RPT,0.990341
RBI:RATIO_LNGNFC_INDUS_ANN_RN(1.0),N_A,AFY,CONSTRN,2016,2015,INT_TO_SAL,0,2016-03-31,RPT,11.3618
RBI:RATIO_LNGNFC_INDUS_ANN_RN(1.0),N_A,AFY,CONSTRN,2016,2015,NET_PFT_TO_SAL,0,2016-03-31,RPT,-1.6656
RBI:RATIO_LNGNFC_INDUS_ANN_RN(1.0),N_A,AFY,CONSTRN,2016,2015,OPR_PFTS_TO_SAL,0,2016-03-31,RPT,10.0103
RBI:RATIO_LNGNFC_INDUS_ANN_RN(1.0),N_A,AFY,CONSTRN,2016,2015,TAX_PROV_TO_EBT,0,2016-03-31,RPT,22.6946
RBI:RATIO_LNGNFC_INDUS_ANN_RN(1.0),N_A,AFY,ELC_GAS_SPLY,2016,2015,CSH_CVG_RATIO,0,2016-03-31,RPT,2.139506
RBI:RATIO_LNGNFC_INDUS_ANN_RN(1.0),N_A,AFY,ELC_GAS_SPLY,2016,2015,EBITDA_TO_SAL,0,2016-03-31,RPT,28.1841
RBI:RATIO_LNGNFC_INDUS_ANN_RN(1.0),N_A,AFY,ELC_GAS_SPLY,2016,2015,INT_BURDEN,0,2016-03-31,RPT,57.9501
RBI:RATIO_LNGNFC_INDUS_ANN_RN(1.0),N_A,AFY,ELC_GAS_SPLY,2016,2015,INT_CVG,0,2016-03-31,RPT,1.725621
RBI:RATIO_LNGNFC_INDUS_ANN_RN(1.0),N_A,AFY,ELC_GAS_SPLY,2016,2015,INT_TO_SAL,0,2016-03-31,RPT,13.1732
RBI:RATIO_LNGNFC_INDUS_ANN_RN(1.0),N_A,AFY,ELC_GAS_SPLY,2016,2015,NET_PFT_TO_SAL,0,2016-03-31,RPT,7.2453
RBI:RATIO_LNGNFC_INDUS_ANN_RN(1.0),N_A,AFY,ELC_GAS_SPLY,2016,2015,OPR_PFTS_TO_SAL,0,2016-03-31,RPT,22.6022
RBI:RATIO_LNGNFC_INDUS_ANN_RN(1.0),N_A,AFY,ELC_GAS_SPLY,2016,2015,TAX_PROV_TO_EBT,0,2016-03-31,RPT,17.3656
RBI:RATIO_LNGNFC_INDUS_ANN_RN(1.0),N_A,AFY,INDS_GRP_ALL_COMP,2016,2015,CSH_CVG_RATIO,0,2016-03-31,RPT,4.169731
RBI:RATIO_LNGNFC_INDUS_ANN_RN(1.0),N_A,AFY,INDS_GRP_ALL_COMP,2016,2015,EBITDA_TO_SAL,0,2016-03-31,RPT,18.2724
RBI:RATIO_LNGNFC_INDUS_ANN_RN(1.0),N_A,AFY,INDS_GRP_ALL_COMP,2016,2015,INT_BURDEN,0,2016-03-31,RPT,30.9181
RBI:RATIO_LNGNFC_INDUS_ANN_RN(1.0),N_A,AFY,INDS_GRP_ALL_COMP,2016,2015,INT_CVG,0,2016-03-31,RPT,3.234353
RBI:RATIO_LNGNFC_INDUS_ANN_RN(1.0),N_A,AFY,INDS_GRP_ALL_COMP,2016,2015,INT_TO_SAL,0,2016-03-31,RPT,4.3822
RBI:RATIO_LNGNFC_INDUS_ANN_RN(1.0),N_A,AFY,INDS_GRP_ALL_COMP,2016,2015,NET_PFT_TO_SAL,0,2016-03-31,RPT,6.5759
RBI:RATIO_LNGNFC_INDUS_ANN_RN(1.0),N_A,AFY,INDS_GRP_ALL_COMP,2016,2015,OPR_PFTS_TO_SAL,0,2016-03-31,RPT,15.2024
RBI:RATIO_LNGNFC_INDUS_ANN_RN(1.0),N_A,AFY,INDS_GRP_ALL_COMP,2016,2015,TAX_PROV_TO_EBT,0,2016-03-31,RPT,23.1535
RBI:RATIO_LNGNFC_INDUS_ANN_RN(1.0),N_A,AFY,IT_CSRS,2016,2015,CSH_CVG_RATIO,0,2016-03-31,RPT,49.695604
RBI:RATIO_LNGNFC_INDUS_ANN_RN(1.0),N_A,AFY,IT_CSRS,2016,2015,EBITDA_TO_SAL,0,2016-03-31,RPT,31.6801
RBI:RATIO_LNGNFC_INDUS_ANN_RN(1.0),N_A,AFY,IT_CSRS,2016,2015,INT_BURDEN,0,2016-03-31,RPT,2.1784
RBI:RATIO_LNGNFC_INDUS_ANN_RN(1.0),N_A,AFY,IT_CSRS,2016,2015,INT_CVG,0,2016-03-31,RPT,45.904508
RBI:RATIO_LNGNFC_INDUS_ANN_RN(1.0),N_A,AFY,IT_CSRS,2016,2015,INT_TO_SAL,0,2016-03-31,RPT,0.6375
RBI:RATIO_LNGNFC_INDUS_ANN_RN(1.0),N_A,AFY,IT_CSRS,2016,2015,NET_PFT_TO_SAL,0,2016-03-31,RPT,22.5055
RBI:RATIO_LNGNFC_INDUS_ANN_RN(1.0),N_A,AFY,IT_CSRS,2016,2015,OPR_PFTS_TO_SAL,0,2016-03-31,RPT,26.6364
RBI:RATIO_LNGNFC_INDUS_ANN_RN(1.0),N_A,AFY,IT_CSRS,2016,2015,TAX_PROV_TO_EBT,0,2016-03-31,RPT,22.9511
RBI:RATIO_LNGNFC_INDUS_ANN_RN(1.0),N_A,AFY,MIN_N_QUARY,2016,2015,CSH_CVG_RATIO,0,2016-03-31,RPT,4.443317
RBI:RATIO_LNGNFC_INDUS_ANN_RN(1.0),N_A,AFY,MIN_N_QUARY,2016,2015,EBITDA_TO_SAL,0,2016-03-31,RPT,39.8286
RBI:RATIO_LNGNFC_INDUS_ANN_RN(1.0),N_A,AFY,MIN_N_QUARY,2016,2015,INT_BURDEN,0,2016-03-31,RPT,27.9943
RBI:RATIO_LNGNFC_INDUS_ANN_RN(1.0),N_A,AFY,MIN_N_QUARY,2016,2015,INT_CVG,0,2016-03-31,RPT,3.572154
RBI:RATIO_LNGNFC_INDUS_ANN_RN(1.0),N_A,AFY,MIN_N_QUARY,2016,2015,INT_TO_SAL,0,2016-03-31,RPT,8.9637
RBI:RATIO_LNGNFC_INDUS_ANN_RN(1.0),N_A,AFY,MIN_N_QUARY,2016,2015,NET_PFT_TO_SAL,0,2016-03-31,RPT,14.9935
RBI:RATIO_LNGNFC_INDUS_ANN_RN(1.0),N_A,AFY,MIN_N_QUARY,2016,2015,OPR_PFTS_TO_SAL,0,2016-03-31,RPT,15.9524
RBI:RATIO_LNGNFC_INDUS_ANN_RN(1.0),N_A,AFY,MIN_N_QUARY,2016,2015,TAX_PROV_TO_EBT,0,2016-03-31,RPT,2.0041
RBI:RATIO_LNGNFC_INDUS_ANN_RN(1.0),N_A,AFY,MNF,2016,2015,CSH_CVG_RATIO,0,2016-03-31,RPT,4.337534
RBI:RATIO_LNGNFC_INDUS_ANN_RN(1.0),N_A,AFY,MNF,2016,2015,EBITDA_TO_SAL,0,2016-03-31,RPT,15.1869
RBI:RATIO_LNGNFC_INDUS_ANN_RN(1.0),N_A,AFY,MNF,2016,2015,INT_BURDEN,0,2016-03-31,RPT,30.1132
RBI:RATIO_LNGNFC_INDUS_ANN_RN(1.0),N_A,AFY,MNF,2016,2015,INT_CVG,0,2016-03-31,RPT,3.320804
RBI:RATIO_LNGNFC_INDUS_ANN_RN(1.0),N_A,AFY,MNF,2016,2015,INT_TO_SAL,0,2016-03-31,RPT,3.5013
RBI:RATIO_LNGNFC_INDUS_ANN_RN(1.0),N_A,AFY,MNF,2016,2015,NET_PFT_TO_SAL,0,2016-03-31,RPT,5.2937
RBI:RATIO_LNGNFC_INDUS_ANN_RN(1.0),N_A,AFY,MNF,2016,2015,OPR_PFTS_TO_SAL,0,2016-03-31,RPT,12.9655
RBI:RATIO_LNGNFC_INDUS_ANN_RN(1.0),N_A,AFY,MNF,2016,2015,TAX_PROV_TO_EBT,0,2016-03-31,RPT,24.4017
RBI:RATIO_LNGNFC_INDUS_ANN_RN(1.0),N_A,AFY,MNF_CCP,2016,2015,CSH_CVG_RATIO,0,2016-03-31,RPT,5.070983
RBI:RATIO_LNGNFC_INDUS_ANN_RN(1.0),N_A,AFY,MNF_CCP,2016,2015,EBITDA_TO_SAL,0,2016-03-31,RPT,16.9462
RBI:RATIO_LNGNFC_INDUS_ANN_RN(1.0),N_A,AFY,MNF_CCP,2016,2015,INT_BURDEN,0,2016-03-31,RPT,30.1239
RBI:RATIO_LNGNFC_INDUS_ANN_RN(1.0),N_A,AFY,MNF_CCP,2016,2015,INT_CVG,0,2016-03-31,RPT,3.319621
RBI:RATIO_LNGNFC_INDUS_ANN_RN(1.0),N_A,AFY,MNF_CCP,2016,2015,INT_TO_SAL,0,2016-03-31,RPT,3.3418
RBI:RATIO_LNGNFC_INDUS_ANN_RN(1.0),N_A,AFY,MNF_CCP,2016,2015,NET_PFT_TO_SAL,0,2016-03-31,RPT,5.7419
RBI:RATIO_LNGNFC_INDUS_ANN_RN(1.0),N_A,AFY,MNF_CCP,2016,2015,OPR_PFTS_TO_SAL,0,2016-03-31,RPT,15.3451
RBI:RATIO_LNGNFC_INDUS_ANN_RN(1.0),N_A,AFY,MNF_CCP,2016,2015,TAX_PROV_TO_EBT,0,2016-03-31,RPT,25.6579
RBI:RATIO_LNGNFC_INDUS_ANN_RN(1.0),N_A,AFY,MNF_CEE,2016,2015,CSH_CVG_RATIO,0,2016-03-31,RPT,2.494776
RBI:RATIO_LNGNFC_INDUS_ANN_RN(1.0),N_A,AFY,MNF_CEE,2016,2015,EBITDA_TO_SAL,0,2016-03-31,RPT,13.945
RBI:RATIO_LNGNFC_INDUS_ANN_RN(1.0),N_A,AFY,MNF_CEE,2016,2015,INT_BURDEN,0,2016-03-31,RPT,58.7899
RBI:RATIO_LNGNFC_INDUS_ANN_RN(1.0),N_A,AFY,MNF_CEE,2016,2015,INT_CVG,0,2016-03-31,RPT,1.700972
RBI:RATIO_LNGNFC_INDUS_ANN_RN(1.0),N_A,AFY,MNF_CEE,2016,2015,INT_TO_SAL,0,2016-03-31,RPT,5.5897
RBI:RATIO_LNGNFC_INDUS_ANN_RN(1.0),N_A,AFY,MNF_CEE,2016,2015,NET_PFT_TO_SAL,0,2016-03-31,RPT,0.8648
RBI:RATIO_LNGNFC_INDUS_ANN_RN(1.0),N_A,AFY,MNF_CEE,2016,2015,OPR_PFTS_TO_SAL,0,2016-03-31,RPT,11.1142
RBI:RATIO_LNGNFC_INDUS_ANN_RN(1.0),N_A,AFY,MNF_CEE,2016,2015,TAX_PROV_TO_EBT,0,2016-03-31,RPT,27.8802
RBI:RATIO_LNGNFC_INDUS_ANN_RN(1.0),N_A,AFY,MNF_CHM_PRD,2016,2015,CSH_CVG_RATIO,0,2016-03-31,RPT,7.401802
RBI:RATIO_LNGNFC_INDUS_ANN_RN(1.0),N_A,AFY,MNF_CHM_PRD,2016,2015,EBITDA_TO_SAL,0,2016-03-31,RPT,15.0184
RBI:RATIO_LNGNFC_INDUS_ANN_RN(1.0),N_A,AFY,MNF_CHM_PRD,2016,2015,INT_BURDEN,0,2016-03-31,RPT,15.9894
RBI:RATIO_LNGNFC_INDUS_ANN_RN(1.0),N_A,AFY,MNF_CHM_PRD,2016,2015,INT_CVG,0,2016-03-31,RPT,6.254153
RBI:RATIO_LNGNFC_INDUS_ANN_RN(1.0),N_A,AFY,MNF_CHM_PRD,2016,2015,INT_TO_SAL,0,2016-03-31,RPT,2.029
RBI:RATIO_LNGNFC_INDUS_ANN_RN(1.0),N_A,AFY,MNF_CHM_PRD,2016,2015,NET_PFT_TO_SAL,0,2016-03-31,RPT,7.8011
RBI:RATIO_LNGNFC_INDUS_ANN_RN(1.0),N_A,AFY,MNF_CHM_PRD,2016,2015,OPR_PFTS_TO_SAL,0,2016-03-31,RPT,13.4572
RBI:RATIO_LNGNFC_INDUS_ANN_RN(1.0),N_A,AFY,MNF_CHM_PRD,2016,2015,TAX_PROV_TO_EBT,0,2016-03-31,RPT,28.3185
RBI:RATIO_LNGNFC_INDUS_ANN_RN(1.0),N_A,AFY,MNF_CP_BASIC,2016,2015,CSH_CVG_RATIO,0,2016-03-31,RPT,4.20183
RBI:RATIO_LNGNFC_INDUS_ANN_RN(1.0),N_A,AFY,MNF_CP_BASIC,2016,2015,EBITDA_TO_SAL,0,2016-03-31,RPT,15.8945
RBI:RATIO_LNGNFC_INDUS_ANN_RN(1.0),N_A,AFY,MNF_CP_BASIC,2016,2015,INT_BURDEN,0,2016-03-31,RPT,30.5383
RBI:RATIO_LNGNFC_INDUS_ANN_RN(1.0),N_A,AFY,MNF_CP_BASIC,2016,2015,INT_CVG,0,2016-03-31,RPT,3.274574
RBI:RATIO_LNGNFC_INDUS_ANN_RN(1.0),N_A,AFY,MNF_CP_BASIC,2016,2015,INT_TO_SAL,0,2016-03-31,RPT,3.7828
RBI:RATIO_LNGNFC_INDUS_ANN_RN(1.0),N_A,AFY,MNF_CP_BASIC,2016,2015,NET_PFT_TO_SAL,0,2016-03-31,RPT,6.8522
RBI:RATIO_LNGNFC_INDUS_ANN_RN(1.0),N_A,AFY,MNF_CP_BASIC,2016,2015,OPR_PFTS_TO_SAL,0,2016-03-31,RPT,14.4903
RBI:RATIO_LNGNFC_INDUS_ANN_RN(1.0),N_A,AFY,MNF_CP_BASIC,2016,2015,TAX_PROV_TO_EBT,0,2016-03-31,RPT,27.7618
RBI:RATIO_LNGNFC_INDUS_ANN_RN(1.0),N_A,AFY,MNF_CP_FNP,2016,2015,CSH_CVG_RATIO,0,2016-03-31,RPT,3.611173
RBI:RATIO_LNGNFC_INDUS_ANN_RN(1.0),N_A,AFY,MNF_CP_FNP,2016,2015,EBITDA_TO_SAL,0,2016-03-31,RPT,8.628
RBI:RATIO_LNGNFC_INDUS_ANN_RN(1.0),N_A,AFY,MNF_CP_FNP,2016,2015,INT_BURDEN,0,2016-03-31,RPT,33.5011
RBI:RATIO_LNGNFC_INDUS_ANN_RN(1.0),N_A,AFY,MNF_CP_FNP,2016,2015,INT_CVG,0,2016-03-31,RPT,2.984978
RBI:RATIO_LNGNFC_INDUS_ANN_RN(1.0),N_A,AFY,MNF_CP_FNP,2016,2015,INT_TO_SAL,0,2016-03-31,RPT,2.3892
RBI:RATIO_LNGNFC_INDUS_ANN_RN(1.0),N_A,AFY,MNF_CP_FNP,2016,2015,NET_PFT_TO_SAL,0,2016-03-31,RPT,2.5178
RBI:RATIO_LNGNFC_INDUS_ANN_RN(1.0),N_A,AFY,MNF_CP_FNP,2016,2015,OPR_PFTS_TO_SAL,0,2016-03-31,RPT,7.4852
RBI:RATIO_LNGNFC_INDUS_ANN_RN(1.0),N_A,AFY,MNF_CP_FNP,2016,2015,TAX_PROV_TO_EBT,0,2016-03-31,RPT,26.863
RBI:RATIO_LNGNFC_INDUS_ANN_RN(1.0),N_A,AFY,MNF_CP_OTH,2016,2015,CSH_CVG_RATIO,0,2016-03-31,RPT,11.807341
RBI:RATIO_LNGNFC_INDUS_ANN_RN(1.0),N_A,AFY,MNF_CP_OTH,2016,2015,EBITDA_TO_SAL,0,2016-03-31,RPT,17.3514
RBI:RATIO_LNGNFC_INDUS_ANN_RN(1.0),N_A,AFY,MNF_CP_OTH,2016,2015,INT_BURDEN,0,2016-03-31,RPT,9.7967
RBI:RATIO_LNGNFC_INDUS_ANN_RN(1.0),N_A,AFY,MNF_CP_OTH,2016,2015,INT_CVG,0,2016-03-31,RPT,10.207478
RBI:RATIO_LNGNFC_INDUS_ANN_RN(1.0),N_A,AFY,MNF_CP_OTH,2016,2015,INT_TO_SAL,0,2016-03-31,RPT,1.4695
RBI:RATIO_LNGNFC_INDUS_ANN_RN(1.0),N_A,AFY,MNF_CP_OTH,2016,2015,NET_PFT_TO_SAL,0,2016-03-31,RPT,9.9688
RBI:RATIO_LNGNFC_INDUS_ANN_RN(1.0),N_A,AFY,MNF_CP_OTH,2016,2015,OPR_PFTS_TO_SAL,0,2016-03-31,RPT,15.4531
RBI:RATIO_LNGNFC_INDUS_ANN_RN(1.0),N_A,AFY,MNF_CP_OTH,2016,2015,TAX_PROV_TO_EBT,0,2016-03-31,RPT,27.6699
RBI:RATIO_LNGNFC_INDUS_ANN_RN(1.0),N_A,AFY,MNF_CP_PNV,2016,2015,CSH_CVG_RATIO,0,2016-03-31,RPT,44.025492
RBI:RATIO_LNGNFC_INDUS_ANN_RN(1.0),N_A,AFY,MNF_CP_PNV,2016,2015,EBITDA_TO_SAL,0,2016-03-31,RPT,17.7228
RBI:RATIO_LNGNFC_INDUS_ANN_RN(1.0),N_A,AFY,MNF_CP_PNV,2016,2015,INT_BURDEN,0,2016-03-31,RPT,2.5489
RBI:RATIO_LNGNFC_INDUS_ANN_RN(1.0),N_A,AFY,MNF_CP_PNV,2016,2015,INT_CVG,0,2016-03-31,RPT,39.232685
RBI:RATIO_LNGNFC_INDUS_ANN_RN(1.0),N_A,AFY,MNF_CP_PNV,2016,2015,INT_TO_SAL,0,2016-03-31,RPT,0.4026
RBI:RATIO_LNGNFC_INDUS_ANN_RN(1.0),N_A,AFY,MNF_CP_PNV,2016,2015,NET_PFT_TO_SAL,0,2016-03-31,RPT,12.0606
RBI:RATIO_LNGNFC_INDUS_ANN_RN(1.0),N_A,AFY,MNF_CP_PNV,2016,2015,OPR_PFTS_TO_SAL,0,2016-03-31,RPT,16.3622
RBI:RATIO_LNGNFC_INDUS_ANN_RN(1.0),N_A,AFY,MNF_CP_PNV,2016,2015,TAX_PROV_TO_EBT,0,2016-03-31,RPT,32.3957
RBI:RATIO_LNGNFC_INDUS_ANN_RN(1.0),N_A,AFY,MNF_EMA,2016,2015,CSH_CVG_RATIO,0,2016-03-31,RPT,3.484431
RBI:RATIO_LNGNFC_INDUS_ANN_RN(1.0),N_A,AFY,MNF_EMA,2016,2015,EBITDA_TO_SAL,0,2016-03-31,RPT,11.2088
RBI:RATIO_LNGNFC_INDUS_ANN_RN(1.0),N_A,AFY,MNF_EMA,2016,2015,INT_BURDEN,0,2016-03-31,RPT,35.3055
RBI:RATIO_LNGNFC_INDUS_ANN_RN(1.0),N_A,AFY,MNF_EMA,2016,2015,INT_CVG,0,2016-03-31,RPT,2.832422
RBI:RATIO_LNGNFC_INDUS_ANN_RN(1.0),N_A,AFY,MNF_EMA,2016,2015,INT_TO_SAL,0,2016-03-31,RPT,3.2168
RBI:RATIO_LNGNFC_INDUS_ANN_RN(1.0),N_A,AFY,MNF_EMA,2016,2015,NET_PFT_TO_SAL,0,2016-03-31,RPT,2.4477
RBI:RATIO_LNGNFC_INDUS_ANN_RN(1.0),N_A,AFY,MNF_EMA,2016,2015,OPR_PFTS_TO_SAL,0,2016-03-31,RPT,9.574
RBI:RATIO_LNGNFC_INDUS_ANN_RN(1.0),N_A,AFY,MNF_EMA,2016,2015,TAX_PROV_TO_EBT,0,2016-03-31,RPT,27.9268
RBI:RATIO_LNGNFC_INDUS_ANN_RN(1.0),N_A,AFY,MNF_FMP,2016,2015,CSH_CVG_RATIO,0,2016-03-31,RPT,7.895581
RBI:RATIO_LNGNFC_INDUS_ANN_RN(1.0),N_A,AFY,MNF_FMP,2016,2015,EBITDA_TO_SAL,0,2016-03-31,RPT,16.9943
RBI:RATIO_LNGNFC_INDUS_ANN_RN(1.0),N_A,AFY,MNF_FMP,2016,2015,INT_BURDEN,0,2016-03-31,RPT,16.2728
RBI:RATIO_LNGNFC_INDUS_ANN_RN(1.0),N_A,AFY,MNF_FMP,2016,2015,INT_CVG,0,2016-03-31,RPT,6.145227
RBI:RATIO_LNGNFC_INDUS_ANN_RN(1.0),N_A,AFY,MNF_FMP,2016,2015,INT_TO_SAL,0,2016-03-31,RPT,2.1524
RBI:RATIO_LNGNFC_INDUS_ANN_RN(1.0),N_A,AFY,MNF_FMP,2016,2015,NET_PFT_TO_SAL,0,2016-03-31,RPT,7.7014
RBI:RATIO_LNGNFC_INDUS_ANN_RN(1.0),N_A,AFY,MNF_FMP,2016,2015,OPR_PFTS_TO_SAL,0,2016-03-31,RPT,15.4009
RBI:RATIO_LNGNFC_INDUS_ANN_RN(1.0),N_A,AFY,MNF_FMP,2016,2015,TAX_PROV_TO_EBT,0,2016-03-31,RPT,27.934
RBI:RATIO_LNGNFC_INDUS_ANN_RN(1.0),N_A,AFY,MNF_FPB,2016,2015,CSH_CVG_RATIO,0,2016-03-31,RPT,2.448156
RBI:RATIO_LNGNFC_INDUS_ANN_RN(1.0),N_A,AFY,MNF_FPB,2016,2015,EBITDA_TO_SAL,0,2016-03-31,RPT,8.3569
RBI:RATIO_LNGNFC_INDUS_ANN_RN(1.0),N_A,AFY,MNF_FPB,2016,2015,INT_BURDEN,0,2016-03-31,RPT,55.4052
RBI:RATIO_LNGNFC_INDUS_ANN_RN(1.0),N_A,AFY,MNF_FPB,2016,2015,INT_CVG,0,2016-03-31,RPT,1.804884
RBI:RATIO_LNGNFC_INDUS_ANN_RN(1.0),N_A,AFY,MNF_FPB,2016,2015,INT_TO_SAL,0,2016-03-31,RPT,3.4136
RBI:RATIO_LNGNFC_INDUS_ANN_RN(1.0),N_A,AFY,MNF_FPB,2016,2015,NET_PFT_TO_SAL,0,2016-03-31,RPT,1.3939
RBI:RATIO_LNGNFC_INDUS_ANN_RN(1.0),N_A,AFY,MNF_FPB,2016,2015,OPR_PFTS_TO_SAL,0,2016-03-31,RPT,7.1808
RBI:RATIO_LNGNFC_INDUS_ANN_RN(1.0),N_A,AFY,MNF_FPB,2016,2015,TAX_PROV_TO_EBT,0,2016-03-31,RPT,28.0373
RBI:RATIO_LNGNFC_INDUS_ANN_RN(1.0),N_A,AFY,MNF_FPB_DAIRY_PRD,2016,2015,CSH_CVG_RATIO,0,2016-03-31,RPT,9.187942
RBI:RATIO_LNGNFC_INDUS_ANN_RN(1.0),N_A,AFY,MNF_FPB_DAIRY_PRD,2016,2015,EBITDA_TO_SAL,0,2016-03-31,RPT,12.1692
RBI:RATIO_LNGNFC_INDUS_ANN_RN(1.0),N_A,AFY,MNF_FPB_DAIRY_PRD,2016,2015,INT_BURDEN,0,2016-03-31,RPT,13.8016
RBI:RATIO_LNGNFC_INDUS_ANN_RN(1.0),N_A,AFY,MNF_FPB_DAIRY_PRD,2016,2015,INT_CVG,0,2016-03-31,RPT,7.245535
RBI:RATIO_LNGNFC_INDUS_ANN_RN(1.0),N_A,AFY,MNF_FPB_DAIRY_PRD,2016,2015,INT_TO_SAL,0,2016-03-31,RPT,1.3245
RBI:RATIO_LNGNFC_INDUS_ANN_RN(1.0),N_A,AFY,MNF_FPB_DAIRY_PRD,2016,2015,NET_PFT_TO_SAL,0,2016-03-31,RPT,3.8795
RBI:RATIO_LNGNFC_INDUS_ANN_RN(1.0),N_A,AFY,MNF_FPB_DAIRY_PRD,2016,2015,OPR_PFTS_TO_SAL,0,2016-03-31,RPT,11.261
RBI:RATIO_LNGNFC_INDUS_ANN_RN(1.0),N_A,AFY,MNF_FPB_DAIRY_PRD,2016,2015,TAX_PROV_TO_EBT,0,2016-03-31,RPT,25.1623
RBI:RATIO_LNGNFC_INDUS_ANN_RN(1.0),N_A,AFY,MNF_FPB_EDD_OIL,2016,2015,CSH_CVG_RATIO,0,2016-03-31,RPT,1.033772
RBI:RATIO_LNGNFC_INDUS_ANN_RN(1.0),N_A,AFY,MNF_FPB_EDD_OIL,2016,2015,EBITDA_TO_SAL,0,2016-03-31,RPT,2.0197
RBI:RATIO_LNGNFC_INDUS_ANN_RN(1.0),N_A,AFY,MNF_FPB_EDD_OIL,2016,2015,INT_CVG,0,2016-03-31,RPT,0.583276
RBI:RATIO_LNGNFC_INDUS_ANN_RN(1.0),N_A,AFY,MNF_FPB_EDD_OIL,2016,2015,INT_TO_SAL,0,2016-03-31,RPT,1.9537
RBI:RATIO_LNGNFC_INDUS_ANN_RN(1.0),N_A,AFY,MNF_FPB_EDD_OIL,2016,2015,NET_PFT_TO_SAL,0,2016-03-31,RPT,-1.8701
RBI:RATIO_LNGNFC_INDUS_ANN_RN(1.0),N_A,AFY,MNF_FPB_EDD_OIL,2016,2015,OPR_PFTS_TO_SAL,0,2016-03-31,RPT,1.415
RBI:RATIO_LNGNFC_INDUS_ANN_RN(1.0),N_A,AFY,MNF_FPB_EDD_OIL,2016,2015,TAX_PROV_TO_EBT,0,2016-03-31,RPT,25.3069
RBI:RATIO_LNGNFC_INDUS_ANN_RN(1.0),N_A,AFY,MNF_FPB_ESGR,2016,2015,CSH_CVG_RATIO,0,2016-03-31,RPT,1.301371
RBI:RATIO_LNGNFC_INDUS_ANN_RN(1.0),N_A,AFY,MNF_FPB_ESGR,2016,2015,EBITDA_TO_SAL,0,2016-03-31,RPT,9.7863
RBI:RATIO_LNGNFC_INDUS_ANN_RN(1.0),N_A,AFY,MNF_FPB_ESGR,2016,2015,INT_BURDEN,0,2016-03-31,RPT,123.1118
RBI:RATIO_LNGNFC_INDUS_ANN_RN(1.0),N_A,AFY,MNF_FPB_ESGR,2016,2015,INT_CVG,0,2016-03-31,RPT,0.81227
RBI:RATIO_LNGNFC_INDUS_ANN_RN(1.0),N_A,AFY,MNF_FPB_ESGR,2016,2015,INT_TO_SAL,0,2016-03-31,RPT,7.52
RBI:RATIO_LNGNFC_INDUS_ANN_RN(1.0),N_A,AFY,MNF_FPB_ESGR,2016,2015,NET_PFT_TO_SAL,0,2016-03-31,RPT,-0.9121
RBI:RATIO_LNGNFC_INDUS_ANN_RN(1.0),N_A,AFY,MNF_FPB_ESGR,2016,2015,OPR_PFTS_TO_SAL,0,2016-03-31,RPT,8.8376
RBI:RATIO_LNGNFC_INDUS_ANN_RN(1.0),N_A,AFY,MNF_FPB_ESGR,2016,2015,TAX_PROV_TO_EBT,0,2016-03-31,RPT,-9.5326
RBI:RATIO_LNGNFC_INDUS_ANN_RN(1.0),N_A,AFY,MNF_FPB_OFP,2016,2015,CSH_CVG_RATIO,0,2016-03-31,RPT,4.004773
RBI:RATIO_LNGNFC_INDUS_ANN_RN(1.0),N_A,AFY,MNF_FPB_OFP,2016,2015,EBITDA_TO_SAL,0,2016-03-31,RPT,11.634
RBI:RATIO_LNGNFC_INDUS_ANN_RN(1.0),N_A,AFY,MNF_FPB_OFP,2016,2015,INT_BURDEN,0,2016-03-31,RPT,31.116
RBI:RATIO_LNGNFC_INDUS_ANN_RN(1.0),N_A,AFY,MNF_FPB_OFP,2016,2015,INT_CVG,0,2016-03-31,RPT,3.213781
RBI:RATIO_LNGNFC_INDUS_ANN_RN(1.0),N_A,AFY,MNF_FPB_OFP,2016,2015,INT_TO_SAL,0,2016-03-31,RPT,2.905
RBI:RATIO_LNGNFC_INDUS_ANN_RN(1.0),N_A,AFY,MNF_FPB_OFP,2016,2015,NET_PFT_TO_SAL,0,2016-03-31,RPT,4.7568
RBI:RATIO_LNGNFC_INDUS_ANN_RN(1.0),N_A,AFY,MNF_FPB_OFP,2016,2015,OPR_PFTS_TO_SAL,0,2016-03-31,RPT,9.7294
RBI:RATIO_LNGNFC_INDUS_ANN_RN(1.0),N_A,AFY,MNF_FPB_OFP,2016,2015,TAX_PROV_TO_EBT,0,2016-03-31,RPT,30.5982
RBI:RATIO_LNGNFC_INDUS_ANN_RN(1.0),N_A,AFY,MNF_GGP,2016,2015,CSH_CVG_RATIO,0,2016-03-31,RPT,2.321298
RBI:RATIO_LNGNFC_INDUS_ANN_RN(1.0),N_A,AFY,MNF_GGP,2016,2015,EBITDA_TO_SAL,0,2016-03-31,RPT,17.3868
RBI:RATIO_LNGNFC_INDUS_ANN_RN(1.0),N_A,AFY,MNF_GGP,2016,2015,INT_BURDEN,0,2016-03-31,RPT,68.8981
RBI:RATIO_LNGNFC_INDUS_ANN_RN(1.0),N_A,AFY,MNF_GGP,2016,2015,INT_CVG,0,2016-03-31,RPT,1.451419
RBI:RATIO_LNGNFC_INDUS_ANN_RN(1.0),N_A,AFY,MNF_GGP,2016,2015,INT_TO_SAL,0,2016-03-31,RPT,7.4901
RBI:RATIO_LNGNFC_INDUS_ANN_RN(1.0),N_A,AFY,MNF_GGP,2016,2015,NET_PFT_TO_SAL,0,2016-03-31,RPT,-0.8572
RBI:RATIO_LNGNFC_INDUS_ANN_RN(1.0),N_A,AFY,MNF_GGP,2016,2015,OPR_PFTS_TO_SAL,0,2016-03-31,RPT,15.9299
RBI:RATIO_LNGNFC_INDUS_ANN_RN(1.0),N_A,AFY,MNF_GGP,2016,2015,TAX_PROV_TO_EBT,0,2016-03-31,RPT,15.8637
RBI:RATIO_LNGNFC_INDUS_ANN_RN(1.0),N_A,AFY,MNF_INS,2016,2015,CSH_CVG_RATIO,0,2016-03-31,RPT,1.32886
RBI:RATIO_LNGNFC_INDUS_ANN_RN(1.0),N_A,AFY,MNF_INS,2016,2015,EBITDA_TO_SAL,0,2016-03-31,RPT,13.8732
RBI:RATIO_LNGNFC_INDUS_ANN_RN(1.0),N_A,AFY,MNF_INS,2016,2015,INT_BURDEN,0,2016-03-31,RPT,131.0209
RBI:RATIO_LNGNFC_INDUS_ANN_RN(1.0),N_A,AFY,MNF_INS,2016,2015,INT_CVG,0,2016-03-31,RPT,0.763237
RBI:RATIO_LNGNFC_INDUS_ANN_RN(1.0),N_A,AFY,MNF_INS,2016,2015,INT_TO_SAL,0,2016-03-31,RPT,10.4399
RBI:RATIO_LNGNFC_INDUS_ANN_RN(1.0),N_A,AFY,MNF_INS,2016,2015,NET_PFT_TO_SAL,0,2016-03-31,RPT,-5.871
RBI:RATIO_LNGNFC_INDUS_ANN_RN(1.0),N_A,AFY,MNF_INS,2016,2015,OPR_PFTS_TO_SAL,0,2016-03-31,RPT,11.0072
RBI:RATIO_LNGNFC_INDUS_ANN_RN(1.0),N_A,AFY,MNF_INS,2016,2015,TAX_PROV_TO_EBT,0,2016-03-31,RPT,3.4671
RBI:RATIO_LNGNFC_INDUS_ANN_RN(1.0),N_A,AFY,MNF_JRA,2016,2015,CSH_CVG_RATIO,0,2016-03-31,RPT,1.906639
RBI:RATIO_LNGNFC_INDUS_ANN_RN(1.0),N_A,AFY,MNF_JRA,2016,2015,EBITDA_TO_SAL,0,2016-03-31,RPT,4.1013
RBI:RATIO_LNGNFC_INDUS_ANN_RN(1.0),N_A,AFY,MNF_JRA,2016,2015,INT_BURDEN,0,2016-03-31,RPT,56.6086
RBI:RATIO_LNGNFC_INDUS_ANN_RN(1.0),N_A,AFY,MNF_JRA,2016,2015,INT_CVG,0,2016-03-31,RPT,1.766517
RBI:RATIO_LNGNFC_INDUS_ANN_RN(1.0),N_A,AFY,MNF_JRA,2016,2015,INT_TO_SAL,0,2016-03-31,RPT,2.1511
RBI:RATIO_LNGNFC_INDUS_ANN_RN(1.0),N_A,AFY,MNF_JRA,2016,2015,NET_PFT_TO_SAL,0,2016-03-31,RPT,1.1531
RBI:RATIO_LNGNFC_INDUS_ANN_RN(1.0),N_A,AFY,MNF_JRA,2016,2015,OPR_PFTS_TO_SAL,0,2016-03-31,RPT,3.6405
RBI:RATIO_LNGNFC_INDUS_ANN_RN(1.0),N_A,AFY,MNF_JRA,2016,2015,TAX_PROV_TO_EBT,0,2016-03-31,RPT,18.2115
RBI:RATIO_LNGNFC_INDUS_ANN_RN(1.0),N_A,AFY,MNF_LTH,2016,2015,CSH_CVG_RATIO,0,2016-03-31,RPT,8.778262
RBI:RATIO_LNGNFC_INDUS_ANN_RN(1.0),N_A,AFY,MNF_LTH,2016,2015,EBITDA_TO_SAL,0,2016-03-31,RPT,12.6608
RBI:RATIO_LNGNFC_INDUS_ANN_RN(1.0),N_A,AFY,MNF_LTH,2016,2015,INT_BURDEN,0,2016-03-31,RPT,14.2416
RBI:RATIO_LNGNFC_INDUS_ANN_RN(1.0),N_A,AFY,MNF_LTH,2016,2015,INT_CVG,0,2016-03-31,RPT,7.021686
RBI:RATIO_LNGNFC_INDUS_ANN_RN(1.0),N_A,AFY,MNF_LTH,2016,2015,INT_TO_SAL,0,2016-03-31,RPT,1.4423
RBI:RATIO_LNGNFC_INDUS_ANN_RN(1.0),N_A,AFY,MNF_LTH,2016,2015,NET_PFT_TO_SAL,0,2016-03-31,RPT,6.6744
RBI:RATIO_LNGNFC_INDUS_ANN_RN(1.0),N_A,AFY,MNF_LTH,2016,2015,OPR_PFTS_TO_SAL,0,2016-03-31,RPT,11.9741
RBI:RATIO_LNGNFC_INDUS_ANN_RN(1.0),N_A,AFY,MNF_LTH,2016,2015,TAX_PROV_TO_EBT,0,2016-03-31,RPT,33.6196
RBI:RATIO_LNGNFC_INDUS_ANN_RN(1.0),N_A,AFY,MNF_MMT,2016,2015,CSH_CVG_RATIO,0,2016-03-31,RPT,7.451264
RBI:RATIO_LNGNFC_INDUS_ANN_RN(1.0),N_A,AFY,MNF_MMT,2016,2015,EBITDA_TO_SAL,0,2016-03-31,RPT,12.0039
RBI:RATIO_LNGNFC_INDUS_ANN_RN(1.0),N_A,AFY,MNF_MMT,2016,2015,INT_BURDEN,0,2016-03-31,RPT,17.5196
RBI:RATIO_LNGNFC_INDUS_ANN_RN(1.0),N_A,AFY,MNF_MMT,2016,2015,INT_CVG,0,2016-03-31,RPT,5.707893
RBI:RATIO_LNGNFC_INDUS_ANN_RN(1.0),N_A,AFY,MNF_MMT,2016,2015,INT_TO_SAL,0,2016-03-31,RPT,1.611
RBI:RATIO_LNGNFC_INDUS_ANN_RN(1.0),N_A,AFY,MNF_MMT,2016,2015,NET_PFT_TO_SAL,0,2016-03-31,RPT,5.2737
RBI:RATIO_LNGNFC_INDUS_ANN_RN(1.0),N_A,AFY,MNF_MMT,2016,2015,OPR_PFTS_TO_SAL,0,2016-03-31,RPT,9.6093
RBI:RATIO_LNGNFC_INDUS_ANN_RN(1.0),N_A,AFY,MNF_MMT,2016,2015,TAX_PROV_TO_EBT,0,2016-03-31,RPT,27.4988
RBI:RATIO_LNGNFC_INDUS_ANN_RN(1.0),N_A,AFY,MNF_MMT_MV,2016,2015,CSH_CVG_RATIO,0,2016-03-31,RPT,17.391369
RBI:RATIO_LNGNFC_INDUS_ANN_RN(1.0),N_A,AFY,MNF_MMT_MV,2016,2015,EBITDA_TO_SAL,0,2016-03-31,RPT,15.1287
RBI:RATIO_LNGNFC_INDUS_ANN_RN(1.0),N_A,AFY,MNF_MMT_MV,2016,2015,INT_BURDEN,0,2016-03-31,RPT,7.4556
RBI:RATIO_LNGNFC_INDUS_ANN_RN(1.0),N_A,AFY,MNF_MMT_MV,2016,2015,INT_CVG,0,2016-03-31,RPT,13.412764
RBI:RATIO_LNGNFC_INDUS_ANN_RN(1.0),N_A,AFY,MNF_MMT_MV,2016,2015,INT_TO_SAL,0,2016-03-31,RPT,0.8699
RBI:RATIO_LNGNFC_INDUS_ANN_RN(1.0),N_A,AFY,MNF_MMT_MV,2016,2015,NET_PFT_TO_SAL,0,2016-03-31,RPT,7.7032
RBI:RATIO_LNGNFC_INDUS_ANN_RN(1.0),N_A,AFY,MNF_MMT_MV,2016,2015,OPR_PFTS_TO_SAL,0,2016-03-31,RPT,13.0269
RBI:RATIO_LNGNFC_INDUS_ANN_RN(1.0),N_A,AFY,MNF_MMT_MV,2016,2015,TAX_PROV_TO_EBT,0,2016-03-31,RPT,28.8233
RBI:RATIO_LNGNFC_INDUS_ANN_RN(1.0),N_A,AFY,MNF_MMT_OTH,2016,2015,CSH_CVG_RATIO,0,2016-03-31,RPT,9.32492
RBI:RATIO_LNGNFC_INDUS_ANN_RN(1.0),N_A,AFY,MNF_MMT_OTH,2016,2015,EBITDA_TO_SAL,0,2016-03-31,RPT,13.9561
RBI:RATIO_LNGNFC_INDUS_ANN_RN(1.0),N_A,AFY,MNF_MMT_OTH,2016,2015,INT_BURDEN,0,2016-03-31,RPT,14.4322
RBI:RATIO_LNGNFC_INDUS_ANN_RN(1.0),N_A,AFY,MNF_MMT_OTH,2016,2015,INT_CVG,0,2016-03-31,RPT,6.928957
RBI:RATIO_LNGNFC_INDUS_ANN_RN(1.0),N_A,AFY,MNF_MMT_OTH,2016,2015,INT_TO_SAL,0,2016-03-31,RPT,1.4966
RBI:RATIO_LNGNFC_INDUS_ANN_RN(1.0),N_A,AFY,MNF_MMT_OTH,2016,2015,NET_PFT_TO_SAL,0,2016-03-31,RPT,6.0147
RBI:RATIO_LNGNFC_INDUS_ANN_RN(1.0),N_A,AFY,MNF_MMT_OTH,2016,2015,OPR_PFTS_TO_SAL,0,2016-03-31,RPT,11.9273
RBI:RATIO_LNGNFC_INDUS_ANN_RN(1.0),N_A,AFY,MNF_MMT_OTH,2016,2015,TAX_PROV_TO_EBT,0,2016-03-31,RPT,28.9407
RBI:RATIO_LNGNFC_INDUS_ANN_RN(1.0),N_A,AFY,MNF_MMT_PRTS,2016,2015,CSH_CVG_RATIO,0,2016-03-31,RPT,1.776241
RBI:RATIO_LNGNFC_INDUS_ANN_RN(1.0),N_A,AFY,MNF_MMT_PRTS,2016,2015,EBITDA_TO_SAL,0,2016-03-31,RPT,8.1607
RBI:RATIO_LNGNFC_INDUS_ANN_RN(1.0),N_A,AFY,MNF_MMT_PRTS,2016,2015,INT_BURDEN,0,2016-03-31,RPT,116.0993
RBI:RATIO_LNGNFC_INDUS_ANN_RN(1.0),N_A,AFY,MNF_MMT_PRTS,2016,2015,INT_CVG,0,2016-03-31,RPT,0.861332
RBI:RATIO_LNGNFC_INDUS_ANN_RN(1.0),N_A,AFY,MNF_MMT_PRTS,2016,2015,INT_TO_SAL,0,2016-03-31,RPT,4.5944
RBI:RATIO_LNGNFC_INDUS_ANN_RN(1.0),N_A,AFY,MNF_MMT_PRTS,2016,2015,NET_PFT_TO_SAL,0,2016-03-31,RPT,-2.3308
RBI:RATIO_LNGNFC_INDUS_ANN_RN(1.0),N_A,AFY,MNF_MMT_PRTS,2016,2015,OPR_PFTS_TO_SAL,0,2016-03-31,RPT,6.492
RBI:RATIO_LNGNFC_INDUS_ANN_RN(1.0),N_A,AFY,MNF_MMT_PRTS,2016,2015,TAX_PROV_TO_EBT,0,2016-03-31,RPT,29.8859
RBI:RATIO_LNGNFC_INDUS_ANN_RN(1.0),N_A,AFY,MNF_MPOSE,2016,2015,CSH_CVG_RATIO,0,2016-03-31,RPT,2.317963
RBI:RATIO_LNGNFC_INDUS_ANN_RN(1.0),N_A,AFY,MNF_MPOSE,2016,2015,EBITDA_TO_SAL,0,2016-03-31,RPT,17.5341
RBI:RATIO_LNGNFC_INDUS_ANN_RN(1.0),N_A,AFY,MNF_MPOSE,2016,2015,INT_BURDEN,0,2016-03-31,RPT,63.8401
RBI:RATIO_LNGNFC_INDUS_ANN_RN(1.0),N_A,AFY,MNF_MPOSE,2016,2015,INT_CVG,0,2016-03-31,RPT,1.566414
RBI:RATIO_LNGNFC_INDUS_ANN_RN(1.0),N_A,AFY,MNF_MPOSE,2016,2015,INT_TO_SAL,0,2016-03-31,RPT,7.5644
RBI:RATIO_LNGNFC_INDUS_ANN_RN(1.0),N_A,AFY,MNF_MPOSE,2016,2015,NET_PFT_TO_SAL,0,2016-03-31,RPT,4.0642
RBI:RATIO_LNGNFC_INDUS_ANN_RN(1.0),N_A,AFY,MNF_MPOSE,2016,2015,OPR_PFTS_TO_SAL,0,2016-03-31,RPT,14.9866
RBI:RATIO_LNGNFC_INDUS_ANN_RN(1.0),N_A,AFY,MNF_MPOSE,2016,2015,TAX_PROV_TO_EBT,0,2016-03-31,RPT,27.5343
RBI:RATIO_LNGNFC_INDUS_ANN_RN(1.0),N_A,AFY,MNF_OTH,2016,2015,CSH_CVG_RATIO,0,2016-03-31,RPT,3.480064
RBI:RATIO_LNGNFC_INDUS_ANN_RN(1.0),N_A,AFY,MNF_OTH,2016,2015,EBITDA_TO_SAL,0,2016-03-31,RPT,10.6044
RBI:RATIO_LNGNFC_INDUS_ANN_RN(1.0),N_A,AFY,MNF_OTH,2016,2015,INT_BURDEN,0,2016-03-31,RPT,44.0966
RBI:RATIO_LNGNFC_INDUS_ANN_RN(1.0),N_A,AFY,MNF_OTH,2016,2015,INT_CVG,0,2016-03-31,RPT,2.26775
RBI:RATIO_LNGNFC_INDUS_ANN_RN(1.0),N_A,AFY,MNF_OTH,2016,2015,INT_TO_SAL,0,2016-03-31,RPT,3.0472
RBI:RATIO_LNGNFC_INDUS_ANN_RN(1.0),N_A,AFY,MNF_OTH,2016,2015,NET_PFT_TO_SAL,0,2016-03-31,RPT,0.1078
RBI:RATIO_LNGNFC_INDUS_ANN_RN(1.0),N_A,AFY,MNF_OTH,2016,2015,OPR_PFTS_TO_SAL,0,2016-03-31,RPT,9.4594
RBI:RATIO_LNGNFC_INDUS_ANN_RN(1.0),N_A,AFY,MNF_OTH,2016,2015,TAX_PROV_TO_EBT,0,2016-03-31,RPT,33.3197
RBI:RATIO_LNGNFC_INDUS_ANN_RN(1.0),N_A,AFY,MNF_PETR_PRD,2016,2015,CSH_CVG_RATIO,0,2016-03-31,RPT,16.336727
RBI:RATIO_LNGNFC_INDUS_ANN_RN(1.0),N_A,AFY,MNF_PETR_PRD,2016,2015,EBITDA_TO_SAL,0,2016-03-31,RPT,19.7584
RBI:RATIO_LNGNFC_INDUS_ANN_RN(1.0),N_A,AFY,MNF_PETR_PRD,2016,2015,INT_BURDEN,0,2016-03-31,RPT,7.4968
RBI:RATIO_LNGNFC_INDUS_ANN_RN(1.0),N_A,AFY,MNF_PETR_PRD,2016,2015,INT_CVG,0,2016-03-31,RPT,13.33895
RBI:RATIO_LNGNFC_INDUS_ANN_RN(1.0),N_A,AFY,MNF_PETR_PRD,2016,2015,INT_TO_SAL,0,2016-03-31,RPT,1.2094
RBI:RATIO_LNGNFC_INDUS_ANN_RN(1.0),N_A,AFY,MNF_PETR_PRD,2016,2015,NET_PFT_TO_SAL,0,2016-03-31,RPT,11.3363
RBI:RATIO_LNGNFC_INDUS_ANN_RN(1.0),N_A,AFY,MNF_PETR_PRD,2016,2015,OPR_PFTS_TO_SAL,0,2016-03-31,RPT,16.4432
RBI:RATIO_LNGNFC_INDUS_ANN_RN(1.0),N_A,AFY,MNF_PETR_PRD,2016,2015,TAX_PROV_TO_EBT,0,2016-03-31,RPT,22.1164
RBI:RATIO_LNGNFC_INDUS_ANN_RN(1.0),N_A,AFY,MNF_PM,2016,2015,CSH_CVG_RATIO,0,2016-03-31,RPT,8.483009
RBI:RATIO_LNGNFC_INDUS_ANN_RN(1.0),N_A,AFY,MNF_PM,2016,2015,EBITDA_TO_SAL,0,2016-03-31,RPT,24.6216
RBI:RATIO_LNGNFC_INDUS_ANN_RN(1.0),N_A,AFY,MNF_PM,2016,2015,INT_BURDEN,0,2016-03-31,RPT,14.1394
RBI:RATIO_LNGNFC_INDUS_ANN_RN(1.0),N_A,AFY,MNF_PM,2016,2015,INT_CVG,0,2016-03-31,RPT,7.072439
RBI:RATIO_LNGNFC_INDUS_ANN_RN(1.0),N_A,AFY,MNF_PM,2016,2015,INT_TO_SAL,0,2016-03-31,RPT,2.9025
RBI:RATIO_LNGNFC_INDUS_ANN_RN(1.0),N_A,AFY,MNF_PM,2016,2015,NET_PFT_TO_SAL,0,2016-03-31,RPT,13.1746
RBI:RATIO_LNGNFC_INDUS_ANN_RN(1.0),N_A,AFY,MNF_PM,2016,2015,OPR_PFTS_TO_SAL,0,2016-03-31,RPT,21.9522
RBI:RATIO_LNGNFC_INDUS_ANN_RN(1.0),N_A,AFY,MNF_PM,2016,2015,TAX_PROV_TO_EBT,0,2016-03-31,RPT,22.1198
RBI:RATIO_LNGNFC_INDUS_ANN_RN(1.0),N_A,AFY,MNF_PNFFM,2016,2015,CSH_CVG_RATIO,0,2016-03-31,RPT,5.325154
RBI:RATIO_LNGNFC_INDUS_ANN_RN(1.0),N_A,AFY,MNF_PNFFM,2016,2015,EBITDA_TO_SAL,0,2016-03-31,RPT,25.9273
RBI:RATIO_LNGNFC_INDUS_ANN_RN(1.0),N_A,AFY,MNF_PNFFM,2016,2015,INT_BURDEN,0,2016-03-31,RPT,22.1115
RBI:RATIO_LNGNFC_INDUS_ANN_RN(1.0),N_A,AFY,MNF_PNFFM,2016,2015,INT_CVG,0,2016-03-31,RPT,4.522533
RBI:RATIO_LNGNFC_INDUS_ANN_RN(1.0),N_A,AFY,MNF_PNFFM,2016,2015,INT_TO_SAL,0,2016-03-31,RPT,4.8688
RBI:RATIO_LNGNFC_INDUS_ANN_RN(1.0),N_A,AFY,MNF_PNFFM,2016,2015,NET_PFT_TO_SAL,0,2016-03-31,RPT,15.9948
RBI:RATIO_LNGNFC_INDUS_ANN_RN(1.0),N_A,AFY,MNF_PNFFM,2016,2015,OPR_PFTS_TO_SAL,0,2016-03-31,RPT,18.8804
RBI:RATIO_LNGNFC_INDUS_ANN_RN(1.0),N_A,AFY,MNF_PNFFM,2016,2015,TAX_PROV_TO_EBT,0,2016-03-31,RPT,6.5007
RBI:RATIO_LNGNFC_INDUS_ANN_RN(1.0),N_A,AFY,MNF_PNPD,2016,2015,CSH_CVG_RATIO,0,2016-03-31,RPT,1.762353
RBI:RATIO_LNGNFC_INDUS_ANN_RN(1.0),N_A,AFY,MNF_PNPD,2016,2015,EBITDA_TO_SAL,0,2016-03-31,RPT,10.1758
RBI:RATIO_LNGNFC_INDUS_ANN_RN(1.0),N_A,AFY,MNF_PNPD,2016,2015,INT_BURDEN,0,2016-03-31,RPT,113.9982
RBI:RATIO_LNGNFC_INDUS_ANN_RN(1.0),N_A,AFY,MNF_PNPD,2016,2015,INT_CVG,0,2016-03-31,RPT,0.877207
RBI:RATIO_LNGNFC_INDUS_ANN_RN(1.0),N_A,AFY,MNF_PNPD,2016,2015,INT_TO_SAL,0,2016-03-31,RPT,5.774
RBI:RATIO_LNGNFC_INDUS_ANN_RN(1.0),N_A,AFY,MNF_PNPD,2016,2015,NET_PFT_TO_SAL,0,2016-03-31,RPT,-2.0469
RBI:RATIO_LNGNFC_INDUS_ANN_RN(1.0),N_A,AFY,MNF_PNPD,2016,2015,OPR_PFTS_TO_SAL,0,2016-03-31,RPT,9.127
RBI:RATIO_LNGNFC_INDUS_ANN_RN(1.0),N_A,AFY,MNF_PNPD,2016,2015,TAX_PROV_TO_EBT,0,2016-03-31,RPT,19.1415
RBI:RATIO_LNGNFC_INDUS_ANN_RN(1.0),N_A,AFY,MNF_PP,2016,2015,CSH_CVG_RATIO,0,2016-03-31,RPT,3.799098
RBI:RATIO_LNGNFC_INDUS_ANN_RN(1.0),N_A,AFY,MNF_PP,2016,2015,EBITDA_TO_SAL,0,2016-03-31,RPT,14.0152
RBI:RATIO_LNGNFC_INDUS_ANN_RN(1.0),N_A,AFY,MNF_PP,2016,2015,INT_BURDEN,0,2016-03-31,RPT,34.939
RBI:RATIO_LNGNFC_INDUS_ANN_RN(1.0),N_A,AFY,MNF_PP,2016,2015,INT_CVG,0,2016-03-31,RPT,2.862132
RBI:RATIO_LNGNFC_INDUS_ANN_RN(1.0),N_A,AFY,MNF_PP,2016,2015,INT_TO_SAL,0,2016-03-31,RPT,3.6891
RBI:RATIO_LNGNFC_INDUS_ANN_RN(1.0),N_A,AFY,MNF_PP,2016,2015,NET_PFT_TO_SAL,0,2016-03-31,RPT,4.865
RBI:RATIO_LNGNFC_INDUS_ANN_RN(1.0),N_A,AFY,MNF_PP,2016,2015,OPR_PFTS_TO_SAL,0,2016-03-31,RPT,13.0205
RBI:RATIO_LNGNFC_INDUS_ANN_RN(1.0),N_A,AFY,MNF_PP,2016,2015,TAX_PROV_TO_EBT,0,2016-03-31,RPT,28.7594
RBI:RATIO_LNGNFC_INDUS_ANN_RN(1.0),N_A,AFY,MNF_RRP,2016,2015,CSH_CVG_RATIO,0,2016-03-31,RPT,6.230335
RBI:RATIO_LNGNFC_INDUS_ANN_RN(1.0),N_A,AFY,MNF_RRP,2016,2015,EBITDA_TO_SAL,0,2016-03-31,RPT,18.8439
RBI:RATIO_LNGNFC_INDUS_ANN_RN(1.0),N_A,AFY,MNF_RRP,2016,2015,INT_BURDEN,0,2016-03-31,RPT,19.62
RBI:RATIO_LNGNFC_INDUS_ANN_RN(1.0),N_A,AFY,MNF_RRP,2016,2015,INT_CVG,0,2016-03-31,RPT,5.096843
RBI:RATIO_LNGNFC_INDUS_ANN_RN(1.0),N_A,AFY,MNF_RRP,2016,2015,INT_TO_SAL,0,2016-03-31,RPT,3.0245
RBI:RATIO_LNGNFC_INDUS_ANN_RN(1.0),N_A,AFY,MNF_RRP,2016,2015,NET_PFT_TO_SAL,0,2016-03-31,RPT,9.515
RBI:RATIO_LNGNFC_INDUS_ANN_RN(1.0),N_A,AFY,MNF_RRP,2016,2015,OPR_PFTS_TO_SAL,0,2016-03-31,RPT,16.4448
RBI:RATIO_LNGNFC_INDUS_ANN_RN(1.0),N_A,AFY,MNF_RRP,2016,2015,TAX_PROV_TO_EBT,0,2016-03-31,RPT,30.0582
RBI:RATIO_LNGNFC_INDUS_ANN_RN(1.0),N_A,AFY,MNF_TBC_PRD,2016,2015,EBITDA_TO_SAL,0,2016-03-31,RPT,40.232
RBI:RATIO_LNGNFC_INDUS_ANN_RN(1.0),N_A,AFY,MNF_TBC_PRD,2016,2015,INT_BURDEN,0,2016-03-31,RPT,0.5703
RBI:RATIO_LNGNFC_INDUS_ANN_RN(1.0),N_A,AFY,MNF_TBC_PRD,2016,2015,INT_TO_SAL,0,2016-03-31,RPT,0.2128
RBI:RATIO_LNGNFC_INDUS_ANN_RN(1.0),N_A,AFY,MNF_TBC_PRD,2016,2015,NET_PFT_TO_SAL,0,2016-03-31,RPT,23.9944
RBI:RATIO_LNGNFC_INDUS_ANN_RN(1.0),N_A,AFY,MNF_TBC_PRD,2016,2015,OPR_PFTS_TO_SAL,0,2016-03-31,RPT,35.6753
RBI:RATIO_LNGNFC_INDUS_ANN_RN(1.0),N_A,AFY,MNF_TBC_PRD,2016,2015,TAX_PROV_TO_EBT,0,2016-03-31,RPT,35.2405
RBI:RATIO_LNGNFC_INDUS_ANN_RN(1.0),N_A,AFY,MNF_TXT,2016,2015,CSH_CVG_RATIO,0,2016-03-31,RPT,1.704499
RBI:RATIO_LNGNFC_INDUS_ANN_RN(1.0),N_A,AFY,MNF_TXT,2016,2015,EBITDA_TO_SAL,0,2016-03-31,RPT,10.5348
RBI:RATIO_LNGNFC_INDUS_ANN_RN(1.0),N_A,AFY,MNF_TXT,2016,2015,INT_BURDEN,0,2016-03-31,RPT,100.0526
RBI:RATIO_LNGNFC_INDUS_ANN_RN(1.0),N_A,AFY,MNF_TXT,2016,2015,INT_CVG,0,2016-03-31,RPT,0.999474
RBI:RATIO_LNGNFC_INDUS_ANN_RN(1.0),N_A,AFY,MNF_TXT,2016,2015,INT_TO_SAL,0,2016-03-31,RPT,6.1806
RBI:RATIO_LNGNFC_INDUS_ANN_RN(1.0),N_A,AFY,MNF_TXT,2016,2015,NET_PFT_TO_SAL,0,2016-03-31,RPT,-0.3774
RBI:RATIO_LNGNFC_INDUS_ANN_RN(1.0),N_A,AFY,MNF_TXT,2016,2015,OPR_PFTS_TO_SAL,0,2016-03-31,RPT,8.8804
RBI:RATIO_LNGNFC_INDUS_ANN_RN(1.0),N_A,AFY,MNF_TXT,2016,2015,TAX_PROV_TO_EBT,0,2016-03-31,RPT,25.6651
RBI:RATIO_LNGNFC_INDUS_ANN_RN(1.0),N_A,AFY,MNF_WOOD_PRD,2016,2015,CSH_CVG_RATIO,0,2016-03-31,RPT,4.88008
RBI:RATIO_LNGNFC_INDUS_ANN_RN(1.0),N_A,AFY,MNF_WOOD_PRD,2016,2015,EBITDA_TO_SAL,0,2016-03-31,RPT,13.4806
RBI:RATIO_LNGNFC_INDUS_ANN_RN(1.0),N_A,AFY,MNF_WOOD_PRD,2016,2015,INT_BURDEN,0,2016-03-31,RPT,25.4504
RBI:RATIO_LNGNFC_INDUS_ANN_RN(1.0),N_A,AFY,MNF_WOOD_PRD,2016,2015,INT_CVG,0,2016-03-31,RPT,3.929204
RBI:RATIO_LNGNFC_INDUS_ANN_RN(1.0),N_A,AFY,MNF_WOOD_PRD,2016,2015,INT_TO_SAL,0,2016-03-31,RPT,2.7624
RBI:RATIO_LNGNFC_INDUS_ANN_RN(1.0),N_A,AFY,MNF_WOOD_PRD,2016,2015,NET_PFT_TO_SAL,0,2016-03-31,RPT,6.1784
RBI:RATIO_LNGNFC_INDUS_ANN_RN(1.0),N_A,AFY,MNF_WOOD_PRD,2016,2015,OPR_PFTS_TO_SAL,0,2016-03-31,RPT,13.0612
RBI:RATIO_LNGNFC_INDUS_ANN_RN(1.0),N_A,AFY,MNF_WOOD_PRD,2016,2015,TAX_PROV_TO_EBT,0,2016-03-31,RPT,20.5662
RBI:RATIO_LNGNFC_INDUS_ANN_RN(1.0),N_A,AFY,SERV_OTH_IT,2016,2015,CSH_CVG_RATIO,0,2016-03-31,RPT,3.876662
RBI:RATIO_LNGNFC_INDUS_ANN_RN(1.0),N_A,AFY,SERV_OTH_IT,2016,2015,EBITDA_TO_SAL,0,2016-03-31,RPT,23.9556
RBI:RATIO_LNGNFC_INDUS_ANN_RN(1.0),N_A,AFY,SERV_OTH_IT,2016,2015,INT_BURDEN,0,2016-03-31,RPT,41.065
RBI:RATIO_LNGNFC_INDUS_ANN_RN(1.0),N_A,AFY,SERV_OTH_IT,2016,2015,INT_CVG,0,2016-03-31,RPT,2.435163
RBI:RATIO_LNGNFC_INDUS_ANN_RN(1.0),N_A,AFY,SERV_OTH_IT,2016,2015,INT_TO_SAL,0,2016-03-31,RPT,6.1794
RBI:RATIO_LNGNFC_INDUS_ANN_RN(1.0),N_A,AFY,SERV_OTH_IT,2016,2015,NET_PFT_TO_SAL,0,2016-03-31,RPT,5.0011
RBI:RATIO_LNGNFC_INDUS_ANN_RN(1.0),N_A,AFY,SERV_OTH_IT,2016,2015,OPR_PFTS_TO_SAL,0,2016-03-31,RPT,20.9953
RBI:RATIO_LNGNFC_INDUS_ANN_RN(1.0),N_A,AFY,SERV_OTH_IT,2016,2015,TAX_PROV_TO_EBT,0,2016-03-31,RPT,23.8973
RBI:RATIO_LNGNFC_INDUS_ANN_RN(1.0),N_A,AFY,SOI_BSS,2016,2015,CSH_CVG_RATIO,0,2016-03-31,RPT,5.458998
RBI:RATIO_LNGNFC_INDUS_ANN_RN(1.0),N_A,AFY,SOI_BSS,2016,2015,EBITDA_TO_SAL,0,2016-03-31,RPT,14.5078
RBI:RATIO_LNGNFC_INDUS_ANN_RN(1.0),N_A,AFY,SOI_BSS,2016,2015,INT_BURDEN,0,2016-03-31,RPT,24.1726
RBI:RATIO_LNGNFC_INDUS_ANN_RN(1.0),N_A,AFY,SOI_BSS,2016,2015,INT_CVG,0,2016-03-31,RPT,4.136909
RBI:RATIO_LNGNFC_INDUS_ANN_RN(1.0),N_A,AFY,SOI_BSS,2016,2015,INT_TO_SAL,0,2016-03-31,RPT,2.6576
RBI:RATIO_LNGNFC_INDUS_ANN_RN(1.0),N_A,AFY,SOI_BSS,2016,2015,NET_PFT_TO_SAL,0,2016-03-31,RPT,5.4377
RBI:RATIO_LNGNFC_INDUS_ANN_RN(1.0),N_A,AFY,SOI_BSS,2016,2015,OPR_PFTS_TO_SAL,0,2016-03-31,RPT,12.9572
RBI:RATIO_LNGNFC_INDUS_ANN_RN(1.0),N_A,AFY,SOI_BSS,2016,2015,TAX_PROV_TO_EBT,0,2016-03-31,RPT,27.9746
RBI:RATIO_LNGNFC_INDUS_ANN_RN(1.0),N_A,AFY,SOI_HNR,2016,2015,CSH_CVG_RATIO,0,2016-03-31,RPT,3.147906
RBI:RATIO_LNGNFC_INDUS_ANN_RN(1.0),N_A,AFY,SOI_HNR,2016,2015,EBITDA_TO_SAL,0,2016-03-31,RPT,22.7566
RBI:RATIO_LNGNFC_INDUS_ANN_RN(1.0),N_A,AFY,SOI_HNR,2016,2015,INT_BURDEN,0,2016-03-31,RPT,54.6403
RBI:RATIO_LNGNFC_INDUS_ANN_RN(1.0),N_A,AFY,SOI_HNR,2016,2015,INT_CVG,0,2016-03-31,RPT,1.830151
RBI:RATIO_LNGNFC_INDUS_ANN_RN(1.0),N_A,AFY,SOI_HNR,2016,2015,INT_TO_SAL,0,2016-03-31,RPT,7.2291
RBI:RATIO_LNGNFC_INDUS_ANN_RN(1.0),N_A,AFY,SOI_HNR,2016,2015,NET_PFT_TO_SAL,0,2016-03-31,RPT,2.7904
RBI:RATIO_LNGNFC_INDUS_ANN_RN(1.0),N_A,AFY,SOI_HNR,2016,2015,OPR_PFTS_TO_SAL,0,2016-03-31,RPT,19.9463
RBI:RATIO_LNGNFC_INDUS_ANN_RN(1.0),N_A,AFY,SOI_HNR,2016,2015,TAX_PROV_TO_EBT,0,2016-03-31,RPT,33.5677
RBI:RATIO_LNGNFC_INDUS_ANN_RN(1.0),N_A,AFY,SOI_HS,2016,2015,CSH_CVG_RATIO,0,2016-03-31,RPT,4.672204
RBI:RATIO_LNGNFC_INDUS_ANN_RN(1.0),N_A,AFY,SOI_HS,2016,2015,EBITDA_TO_SAL,0,2016-03-31,RPT,13.8862
RBI:RATIO_LNGNFC_INDUS_ANN_RN(1.0),N_A,AFY,SOI_HS,2016,2015,INT_BURDEN,0,2016-03-31,RPT,30.3138
RBI:RATIO_LNGNFC_INDUS_ANN_RN(1.0),N_A,AFY,SOI_HS,2016,2015,INT_CVG,0,2016-03-31,RPT,3.298825
RBI:RATIO_LNGNFC_INDUS_ANN_RN(1.0),N_A,AFY,SOI_HS,2016,2015,INT_TO_SAL,0,2016-03-31,RPT,2.9721
RBI:RATIO_LNGNFC_INDUS_ANN_RN(1.0),N_A,AFY,SOI_HS,2016,2015,NET_PFT_TO_SAL,0,2016-03-31,RPT,4.6573
RBI:RATIO_LNGNFC_INDUS_ANN_RN(1.0),N_A,AFY,SOI_HS,2016,2015,OPR_PFTS_TO_SAL,0,2016-03-31,RPT,10.7879
RBI:RATIO_LNGNFC_INDUS_ANN_RN(1.0),N_A,AFY,SOI_HS,2016,2015,TAX_PROV_TO_EBT,0,2016-03-31,RPT,20.8815
RBI:RATIO_LNGNFC_INDUS_ANN_RN(1.0),N_A,AFY,SOI_OTH,2016,2015,CSH_CVG_RATIO,0,2016-03-31,RPT,3.906141
RBI:RATIO_LNGNFC_INDUS_ANN_RN(1.0),N_A,AFY,SOI_OTH,2016,2015,EBITDA_TO_SAL,0,2016-03-31,RPT,22.5185
RBI:RATIO_LNGNFC_INDUS_ANN_RN(1.0),N_A,AFY,SOI_OTH,2016,2015,INT_BURDEN,0,2016-03-31,RPT,32.5622
RBI:RATIO_LNGNFC_INDUS_ANN_RN(1.0),N_A,AFY,SOI_OTH,2016,2015,INT_CVG,0,2016-03-31,RPT,3.071046
RBI:RATIO_LNGNFC_INDUS_ANN_RN(1.0),N_A,AFY,SOI_OTH,2016,2015,INT_TO_SAL,0,2016-03-31,RPT,5.7649
RBI:RATIO_LNGNFC_INDUS_ANN_RN(1.0),N_A,AFY,SOI_OTH,2016,2015,NET_PFT_TO_SAL,0,2016-03-31,RPT,9.3483
RBI:RATIO_LNGNFC_INDUS_ANN_RN(1.0),N_A,AFY,SOI_OTH,2016,2015,OPR_PFTS_TO_SAL,0,2016-03-31,RPT,18.0443
RBI:RATIO_LNGNFC_INDUS_ANN_RN(1.0),N_A,AFY,SOI_OTH,2016,2015,TAX_PROV_TO_EBT,0,2016-03-31,RPT,33.7862
RBI:RATIO_LNGNFC_INDUS_ANN_RN(1.0),N_A,AFY,SOI_RE,2016,2015,CSH_CVG_RATIO,0,2016-03-31,RPT,1.718916
RBI:RATIO_LNGNFC_INDUS_ANN_RN(1.0),N_A,AFY,SOI_RE,2016,2015,EBITDA_TO_SAL,0,2016-03-31,RPT,42.4293
RBI:RATIO_LNGNFC_INDUS_ANN_RN(1.0),N_A,AFY,SOI_RE,2016,2015,INT_BURDEN,0,2016-03-31,RPT,62.0841
RBI:RATIO_LNGNFC_INDUS_ANN_RN(1.0),N_A,AFY,SOI_RE,2016,2015,INT_CVG,0,2016-03-31,RPT,1.61072
RBI:RATIO_LNGNFC_INDUS_ANN_RN(1.0),N_A,AFY,SOI_RE,2016,2015,INT_TO_SAL,0,2016-03-31,RPT,24.6838
RBI:RATIO_LNGNFC_INDUS_ANN_RN(1.0),N_A,AFY,SOI_RE,2016,2015,NET_PFT_TO_SAL,0,2016-03-31,RPT,16.5072
RBI:RATIO_LNGNFC_INDUS_ANN_RN(1.0),N_A,AFY,SOI_RE,2016,2015,OPR_PFTS_TO_SAL,0,2016-03-31,RPT,25.9453
RBI:RATIO_LNGNFC_INDUS_ANN_RN(1.0),N_A,AFY,SOI_RE,2016,2015,TAX_PROV_TO_EBT,0,2016-03-31,RPT,17.1095
RBI:RATIO_LNGNFC_INDUS_ANN_RN(1.0),N_A,AFY,SOI_TCOMM,2016,2015,CSH_CVG_RATIO,0,2016-03-31,RPT,5.124185
RBI:RATIO_LNGNFC_INDUS_ANN_RN(1.0),N_A,AFY,SOI_TCOMM,2016,2015,EBITDA_TO_SAL,0,2016-03-31,RPT,33.9776
RBI:RATIO_LNGNFC_INDUS_ANN_RN(1.0),N_A,AFY,SOI_TCOMM,2016,2015,INT_BURDEN,0,2016-03-31,RPT,38.7497
RBI:RATIO_LNGNFC_INDUS_ANN_RN(1.0),N_A,AFY,SOI_TCOMM,2016,2015,INT_CVG,0,2016-03-31,RPT,2.580662
RBI:RATIO_LNGNFC_INDUS_ANN_RN(1.0),N_A,AFY,SOI_TCOMM,2016,2015,INT_TO_SAL,0,2016-03-31,RPT,6.6308
RBI:RATIO_LNGNFC_INDUS_ANN_RN(1.0),N_A,AFY,SOI_TCOMM,2016,2015,NET_PFT_TO_SAL,0,2016-03-31,RPT,4.359
RBI:RATIO_LNGNFC_INDUS_ANN_RN(1.0),N_A,AFY,SOI_TCOMM,2016,2015,OPR_PFTS_TO_SAL,0,2016-03-31,RPT,33.0982
RBI:RATIO_LNGNFC_INDUS_ANN_RN(1.0),N_A,AFY,SOI_TCOMM,2016,2015,TAX_PROV_TO_EBT,0,2016-03-31,RPT,26.2676
RBI:RATIO_LNGNFC_INDUS_ANN_RN(1.0),N_A,AFY,SOI_TSS,2016,2015,CSH_CVG_RATIO,0,2016-03-31,RPT,3.521435
RBI:RATIO_LNGNFC_INDUS_ANN_RN(1.0),N_A,AFY,SOI_TSS,2016,2015,EBITDA_TO_SAL,0,2016-03-31,RPT,24.6188
RBI:RATIO_LNGNFC_INDUS_ANN_RN(1.0),N_A,AFY,SOI_TSS,2016,2015,INT_BURDEN,0,2016-03-31,RPT,38.4176
RBI:RATIO_LNGNFC_INDUS_ANN_RN(1.0),N_A,AFY,SOI_TSS,2016,2015,INT_CVG,0,2016-03-31,RPT,2.602971
RBI:RATIO_LNGNFC_INDUS_ANN_RN(1.0),N_A,AFY,SOI_TSS,2016,2015,INT_TO_SAL,0,2016-03-31,RPT,6.9911
RBI:RATIO_LNGNFC_INDUS_ANN_RN(1.0),N_A,AFY,SOI_TSS,2016,2015,NET_PFT_TO_SAL,0,2016-03-31,RPT,6.0112
RBI:RATIO_LNGNFC_INDUS_ANN_RN(1.0),N_A,AFY,SOI_TSS,2016,2015,OPR_PFTS_TO_SAL,0,2016-03-31,RPT,19.0514
RBI:RATIO_LNGNFC_INDUS_ANN_RN(1.0),N_A,AFY,SOI_TSS,2016,2015,TAX_PROV_TO_EBT,0,2016-03-31,RPT,8.0808
RBI:RATIO_LNGNFC_INDUS_ANN_RN(1.0),N_A,AFY,SOI_VTPB,2016,2015,CSH_CVG_RATIO,0,2016-03-31,RPT,8.248947
RBI:RATIO_LNGNFC_INDUS_ANN_RN(1.0),N_A,AFY,SOI_VTPB,2016,2015,EBITDA_TO_SAL,0,2016-03-31,RPT,29.0798
RBI:RATIO_LNGNFC_INDUS_ANN_RN(1.0),N_A,AFY,SOI_VTPB,2016,2015,INT_BURDEN,0,2016-03-31,RPT,16.2631
RBI:RATIO_LNGNFC_INDUS_ANN_RN(1.0),N_A,AFY,SOI_VTPB,2016,2015,INT_CVG,0,2016-03-31,RPT,6.148898
RBI:RATIO_LNGNFC_INDUS_ANN_RN(1.0),N_A,AFY,SOI_VTPB,2016,2015,INT_TO_SAL,0,2016-03-31,RPT,3.5253
RBI:RATIO_LNGNFC_INDUS_ANN_RN(1.0),N_A,AFY,SOI_VTPB,2016,2015,NET_PFT_TO_SAL,0,2016-03-31,RPT,12.0729
RBI:RATIO_LNGNFC_INDUS_ANN_RN(1.0),N_A,AFY,SOI_VTPB,2016,2015,OPR_PFTS_TO_SAL,0,2016-03-31,RPT,25.5433
RBI:RATIO_LNGNFC_INDUS_ANN_RN(1.0),N_A,AFY,SOI_VTPB,2016,2015,TAX_PROV_TO_EBT,0,2016-03-31,RPT,28.1472
RBI:RATIO_LNGNFC_INDUS_ANN_RN(1.0),N_A,AFY,SOI_WRT,2016,2015,CSH_CVG_RATIO,0,2016-03-31,RPT,1.99302
RBI:RATIO_LNGNFC_INDUS_ANN_RN(1.0),N_A,AFY,SOI_WRT,2016,2015,EBITDA_TO_SAL,0,2016-03-31,RPT,7.0658
RBI:RATIO_LNGNFC_INDUS_ANN_RN(1.0),N_A,AFY,SOI_WRT,2016,2015,INT_BURDEN,0,2016-03-31,RPT,72.4082
RBI:RATIO_LNGNFC_INDUS_ANN_RN(1.0),N_A,AFY,SOI_WRT,2016,2015,INT_CVG,0,2016-03-31,RPT,1.381059
RBI:RATIO_LNGNFC_INDUS_ANN_RN(1.0),N_A,AFY,SOI_WRT,2016,2015,INT_TO_SAL,0,2016-03-31,RPT,3.5453
RBI:RATIO_LNGNFC_INDUS_ANN_RN(1.0),N_A,AFY,SOI_WRT,2016,2015,NET_PFT_TO_SAL,0,2016-03-31,RPT,0.708
RBI:RATIO_LNGNFC_INDUS_ANN_RN(1.0),N_A,AFY,SOI_WRT,2016,2015,OPR_PFTS_TO_SAL,0,2016-03-31,RPT,5.1337
RBI:RATIO_LNGNFC_INDUS_ANN_RN(1.0),N_A,AFY,SOI_WRT,2016,2015,TAX_PROV_TO_EBT,0,2016-03-31,RPT,22.5968
RBI:RATIO_LNGNFC_INDUS_ANN_RN(1.0),N_A,AFY,AGR_REL_ACT,2017,2016,CSH_CVG_RATIO,0,2017-03-31,RPT,2.719714
RBI:RATIO_LNGNFC_INDUS_ANN_RN(1.0),N_A,AFY,AGR_REL_ACT,2017,2016,EBITDA_TO_SAL,0,2017-03-31,RPT,10.9841
RBI:RATIO_LNGNFC_INDUS_ANN_RN(1.0),N_A,AFY,AGR_REL_ACT,2017,2016,INT_BURDEN,0,2017-03-31,RPT,48.8342
RBI:RATIO_LNGNFC_INDUS_ANN_RN(1.0),N_A,AFY,AGR_REL_ACT,2017,2016,INT_CVG,0,2017-03-31,RPT,2.047745
RBI:RATIO_LNGNFC_INDUS_ANN_RN(1.0),N_A,AFY,AGR_REL_ACT,2017,2016,INT_TO_SAL,0,2017-03-31,RPT,4.0387
RBI:RATIO_LNGNFC_INDUS_ANN_RN(1.0),N_A,AFY,AGR_REL_ACT,2017,2016,NET_PFT_TO_SAL,0,2017-03-31,RPT,2.5752
RBI:RATIO_LNGNFC_INDUS_ANN_RN(1.0),N_A,AFY,AGR_REL_ACT,2017,2016,OPR_PFTS_TO_SAL,0,2017-03-31,RPT,7.0388
RBI:RATIO_LNGNFC_INDUS_ANN_RN(1.0),N_A,AFY,AGR_REL_ACT,2017,2016,TAX_PROV_TO_EBT,0,2017-03-31,RPT,18.7384
RBI:RATIO_LNGNFC_INDUS_ANN_RN(1.0),N_A,AFY,AGR_REL_ACT_OTH,2017,2016,CSH_CVG_RATIO,0,2017-03-31,RPT,3.507825
RBI:RATIO_LNGNFC_INDUS_ANN_RN(1.0),N_A,AFY,AGR_REL_ACT_OTH,2017,2016,EBITDA_TO_SAL,0,2017-03-31,RPT,11.3437
RBI:RATIO_LNGNFC_INDUS_ANN_RN(1.0),N_A,AFY,AGR_REL_ACT_OTH,2017,2016,INT_BURDEN,0,2017-03-31,RPT,34.684
RBI:RATIO_LNGNFC_INDUS_ANN_RN(1.0),N_A,AFY,AGR_REL_ACT_OTH,2017,2016,INT_CVG,0,2017-03-31,RPT,2.883177
RBI:RATIO_LNGNFC_INDUS_ANN_RN(1.0),N_A,AFY,AGR_REL_ACT_OTH,2017,2016,INT_TO_SAL,0,2017-03-31,RPT,3.2338
RBI:RATIO_LNGNFC_INDUS_ANN_RN(1.0),N_A,AFY,AGR_REL_ACT_OTH,2017,2016,NET_PFT_TO_SAL,0,2017-03-31,RPT,1.2002
RBI:RATIO_LNGNFC_INDUS_ANN_RN(1.0),N_A,AFY,AGR_REL_ACT_OTH,2017,2016,NET_PFT_TO_SAL,0,2017-03-31,RPT,3.4292
RBI:RATIO_LNGNFC_INDUS_ANN_RN(1.0),N_A,AFY,AGR_REL_ACT_OTH,2017,2016,OPR_PFTS_TO_SAL,0,2017-03-31,RPT,9.0581
RBI:RATIO_LNGNFC_INDUS_ANN_RN(1.0),N_A,AFY,AGR_REL_ACT_OTH,2017,2016,TAX_PROV_TO_EBT,0,2017-03-31,RPT,23.128
RBI:RATIO_LNGNFC_INDUS_ANN_RN(1.0),N_A,AFY,ARA_TCP,2017,2016,CSH_CVG_RATIO,0,2017-03-31,RPT,1.950497
RBI:RATIO_LNGNFC_INDUS_ANN_RN(1.0),N_A,AFY,ARA_TCP,2017,2016,EBITDA_TO_SAL,0,2017-03-31,RPT,10.4053
RBI:RATIO_LNGNFC_INDUS_ANN_RN(1.0),N_A,AFY,ARA_TCP,2017,2016,INT_BURDEN,0,2017-03-31,RPT,81.1463
RBI:RATIO_LNGNFC_INDUS_ANN_RN(1.0),N_A,AFY,ARA_TCP,2017,2016,INT_CVG,0,2017-03-31,RPT,1.232343
RBI:RATIO_LNGNFC_INDUS_ANN_RN(1.0),N_A,AFY,ARA_TCP,2017,2016,INT_TO_SAL,0,2017-03-31,RPT,5.3347
RBI:RATIO_LNGNFC_INDUS_ANN_RN(1.0),N_A,AFY,ARA_TCP,2017,2016,OPR_PFTS_TO_SAL,0,2017-03-31,RPT,3.7875
RBI:RATIO_LNGNFC_INDUS_ANN_RN(1.0),N_A,AFY,ARA_TCP,2017,2016,TAX_PROV_TO_EBT,0,2017-03-31,RPT,-4.9964
RBI:RATIO_LNGNFC_INDUS_ANN_RN(1.0),N_A,AFY,CONSTRN,2017,2016,CSH_CVG_RATIO,0,2017-03-31,RPT,1.058573
RBI:RATIO_LNGNFC_INDUS_ANN_RN(1.0),N_A,AFY,CONSTRN,2017,2016,EBITDA_TO_SAL,0,2017-03-31,RPT,12.6249
RBI:RATIO_LNGNFC_INDUS_ANN_RN(1.0),N_A,AFY,CONSTRN,2017,2016,INT_BURDEN,0,2017-03-31,RPT,124.6716
RBI:RATIO_LNGNFC_INDUS_ANN_RN(1.0),N_A,AFY,CONSTRN,2017,2016,INT_CVG,0,2017-03-31,RPT,0.802108
RBI:RATIO_LNGNFC_INDUS_ANN_RN(1.0),N_A,AFY,CONSTRN,2017,2016,INT_TO_SAL,0,2017-03-31,RPT,11.9263
RBI:RATIO_LNGNFC_INDUS_ANN_RN(1.0),N_A,AFY,CONSTRN,2017,2016,NET_PFT_TO_SAL,0,2017-03-31,RPT,-4.31
RBI:RATIO_LNGNFC_INDUS_ANN_RN(1.0),N_A,AFY,CONSTRN,2017,2016,OPR_PFTS_TO_SAL,0,2017-03-31,RPT,8.5149
RBI:RATIO_LNGNFC_INDUS_ANN_RN(1.0),N_A,AFY,CONSTRN,2017,2016,TAX_PROV_TO_EBT,0,2017-03-31,RPT,25.5835
RBI:RATIO_LNGNFC_INDUS_ANN_RN(1.0),N_A,AFY,ELC_GAS_SPLY,2017,2016,CSH_CVG_RATIO,0,2017-03-31,RPT,1.529503
RBI:RATIO_LNGNFC_INDUS_ANN_RN(1.0),N_A,AFY,ELC_GAS_SPLY,2017,2016,EBITDA_TO_SAL,0,2017-03-31,RPT,33.0024
RBI:RATIO_LNGNFC_INDUS_ANN_RN(1.0),N_A,AFY,ELC_GAS_SPLY,2017,2016,INT_BURDEN,0,2017-03-31,RPT,91.3067
RBI:RATIO_LNGNFC_INDUS_ANN_RN(1.0),N_A,AFY,ELC_GAS_SPLY,2017,2016,INT_CVG,0,2017-03-31,RPT,1.09521
RBI:RATIO_LNGNFC_INDUS_ANN_RN(1.0),N_A,AFY,ELC_GAS_SPLY,2017,2016,INT_TO_SAL,0,2017-03-31,RPT,21.5772
RBI:RATIO_LNGNFC_INDUS_ANN_RN(1.0),N_A,AFY,ELC_GAS_SPLY,2017,2016,NET_PFT_TO_SAL,0,2017-03-31,RPT,-6.5529
RBI:RATIO_LNGNFC_INDUS_ANN_RN(1.0),N_A,AFY,ELC_GAS_SPLY,2017,2016,OPR_PFTS_TO_SAL,0,2017-03-31,RPT,22.1787
RBI:RATIO_LNGNFC_INDUS_ANN_RN(1.0),N_A,AFY,ELC_GAS_SPLY,2017,2016,TAX_PROV_TO_EBT,0,2017-03-31,RPT,18.4286
RBI:RATIO_LNGNFC_INDUS_ANN_RN(1.0),N_A,AFY,INDS_GRP_ALL_COMP,2017,2016,CSH_CVG_RATIO,0,2017-03-31,RPT,4.175301
RBI:RATIO_LNGNFC_INDUS_ANN_RN(1.0),N_A,AFY,INDS_GRP_ALL_COMP,2017,2016,EBITDA_TO_SAL,0,2017-03-31,RPT,18.9425
RBI:RATIO_LNGNFC_INDUS_ANN_RN(1.0),N_A,AFY,INDS_GRP_ALL_COMP,2017,2016,INT_BURDEN,0,2017-03-31,RPT,31.1773
RBI:RATIO_LNGNFC_INDUS_ANN_RN(1.0),N_A,AFY,INDS_GRP_ALL_COMP,2017,2016,INT_CVG,0,2017-03-31,RPT,3.207466
RBI:RATIO_LNGNFC_INDUS_ANN_RN(1.0),N_A,AFY,INDS_GRP_ALL_COMP,2017,2016,INT_TO_SAL,0,2017-03-31,RPT,4.5368
RBI:RATIO_LNGNFC_INDUS_ANN_RN(1.0),N_A,AFY,INDS_GRP_ALL_COMP,2017,2016,NET_PFT_TO_SAL,0,2017-03-31,RPT,6.5412
RBI:RATIO_LNGNFC_INDUS_ANN_RN(1.0),N_A,AFY,INDS_GRP_ALL_COMP,2017,2016,OPR_PFTS_TO_SAL,0,2017-03-31,RPT,15.6338
RBI:RATIO_LNGNFC_INDUS_ANN_RN(1.0),N_A,AFY,INDS_GRP_ALL_COMP,2017,2016,TAX_PROV_TO_EBT,0,2017-03-31,RPT,22.7376
RBI:RATIO_LNGNFC_INDUS_ANN_RN(1.0),N_A,AFY,IT_CSRS,2017,2016,CSH_CVG_RATIO,0,2017-03-31,RPT,61.685808
RBI:RATIO_LNGNFC_INDUS_ANN_RN(1.0),N_A,AFY,IT_CSRS,2017,2016,EBITDA_TO_SAL,0,2017-03-31,RPT,30.2357
RBI:RATIO_LNGNFC_INDUS_ANN_RN(1.0),N_A,AFY,IT_CSRS,2017,2016,INT_BURDEN,0,2017-03-31,RPT,1.7514
RBI:RATIO_LNGNFC_INDUS_ANN_RN(1.0),N_A,AFY,IT_CSRS,2017,2016,INT_CVG,0,2017-03-31,RPT,57.097828
RBI:RATIO_LNGNFC_INDUS_ANN_RN(1.0),N_A,AFY,IT_CSRS,2017,2016,INT_TO_SAL,0,2017-03-31,RPT,0.4902
RBI:RATIO_LNGNFC_INDUS_ANN_RN(1.0),N_A,AFY,IT_CSRS,2017,2016,NET_PFT_TO_SAL,0,2017-03-31,RPT,21.0064
RBI:RATIO_LNGNFC_INDUS_ANN_RN(1.0),N_A,AFY,IT_CSRS,2017,2016,OPR_PFTS_TO_SAL,0,2017-03-31,RPT,25.5216
RBI:RATIO_LNGNFC_INDUS_ANN_RN(1.0),N_A,AFY,IT_CSRS,2017,2016,TAX_PROV_TO_EBT,0,2017-03-31,RPT,22.7259
RBI:RATIO_LNGNFC_INDUS_ANN_RN(1.0),N_A,AFY,MIN_N_QUARY,2017,2016,CSH_CVG_RATIO,0,2017-03-31,RPT,4.227972
RBI:RATIO_LNGNFC_INDUS_ANN_RN(1.0),N_A,AFY,MIN_N_QUARY,2017,2016,EBITDA_TO_SAL,0,2017-03-31,RPT,40.9306
RBI:RATIO_LNGNFC_INDUS_ANN_RN(1.0),N_A,AFY,MIN_N_QUARY,2017,2016,INT_BURDEN,0,2017-03-31,RPT,29.1993
RBI:RATIO_LNGNFC_INDUS_ANN_RN(1.0),N_A,AFY,MIN_N_QUARY,2017,2016,INT_CVG,0,2017-03-31,RPT,3.424739
RBI:RATIO_LNGNFC_INDUS_ANN_RN(1.0),N_A,AFY,MIN_N_QUARY,2017,2016,INT_TO_SAL,0,2017-03-31,RPT,9.6809
RBI:RATIO_LNGNFC_INDUS_ANN_RN(1.0),N_A,AFY,MIN_N_QUARY,2017,2016,NET_PFT_TO_SAL,0,2017-03-31,RPT,26.6934
RBI:RATIO_LNGNFC_INDUS_ANN_RN(1.0),N_A,AFY,MIN_N_QUARY,2017,2016,OPR_PFTS_TO_SAL,0,2017-03-31,RPT,17.7363
RBI:RATIO_LNGNFC_INDUS_ANN_RN(1.0),N_A,AFY,MIN_N_QUARY,2017,2016,TAX_PROV_TO_EBT,0,2017-03-31,RPT,2.4943
RBI:RATIO_LNGNFC_INDUS_ANN_RN(1.0),N_A,AFY,MNF,2017,2016,CSH_CVG_RATIO,0,2017-03-31,RPT,4.697976
RBI:RATIO_LNGNFC_INDUS_ANN_RN(1.0),N_A,AFY,MNF,2017,2016,EBITDA_TO_SAL,0,2017-03-31,RPT,16.4626
RBI:RATIO_LNGNFC_INDUS_ANN_RN(1.0),N_A,AFY,MNF,2017,2016,INT_BURDEN,0,2017-03-31,RPT,27.5533
RBI:RATIO_LNGNFC_INDUS_ANN_RN(1.0),N_A,AFY,MNF,2017,2016,INT_CVG,0,2017-03-31,RPT,3.629326
RBI:RATIO_LNGNFC_INDUS_ANN_RN(1.0),N_A,AFY,MNF,2017,2016,INT_TO_SAL,0,2017-03-31,RPT,3.5042
RBI:RATIO_LNGNFC_INDUS_ANN_RN(1.0),N_A,AFY,MNF,2017,2016,NET_PFT_TO_SAL,0,2017-03-31,RPT,6.4992
RBI:RATIO_LNGNFC_INDUS_ANN_RN(1.0),N_A,AFY,MNF,2017,2016,OPR_PFTS_TO_SAL,0,2017-03-31,RPT,14.0592
RBI:RATIO_LNGNFC_INDUS_ANN_RN(1.0),N_A,AFY,MNF,2017,2016,TAX_PROV_TO_EBT,0,2017-03-31,RPT,24.0598
RBI:RATIO_LNGNFC_INDUS_ANN_RN(1.0),N_A,AFY,MNF_CCP,2017,2016,CSH_CVG_RATIO,0,2017-03-31,RPT,5.670242
RBI:RATIO_LNGNFC_INDUS_ANN_RN(1.0),N_A,AFY,MNF_CCP,2017,2016,EBITDA_TO_SAL,0,2017-03-31,RPT,19.511
RBI:RATIO_LNGNFC_INDUS_ANN_RN(1.0),N_A,AFY,MNF_CCP,2017,2016,INT_BURDEN,0,2017-03-31,RPT,25.2998
RBI:RATIO_LNGNFC_INDUS_ANN_RN(1.0),N_A,AFY,MNF_CCP,2017,2016,INT_CVG,0,2017-03-31,RPT,3.952599
RBI:RATIO_LNGNFC_INDUS_ANN_RN(1.0),N_A,AFY,MNF_CCP,2017,2016,INT_TO_SAL,0,2017-03-31,RPT,3.4409
RBI:RATIO_LNGNFC_INDUS_ANN_RN(1.0),N_A,AFY,MNF_CCP,2017,2016,NET_PFT_TO_SAL,0,2017-03-31,RPT,7.5486
RBI:RATIO_LNGNFC_INDUS_ANN_RN(1.0),N_A,AFY,MNF_CCP,2017,2016,OPR_PFTS_TO_SAL,0,2017-03-31,RPT,16.9534
RBI:RATIO_LNGNFC_INDUS_ANN_RN(1.0),N_A,AFY,MNF_CCP,2017,2016,TAX_PROV_TO_EBT,0,2017-03-31,RPT,21.617
RBI:RATIO_LNGNFC_INDUS_ANN_RN(1.0),N_A,AFY,MNF_CEE,2017,2016,CSH_CVG_RATIO,0,2017-03-31,RPT,2.491326
RBI:RATIO_LNGNFC_INDUS_ANN_RN(1.0),N_A,AFY,MNF_CEE,2017,2016,EBITDA_TO_SAL,0,2017-03-31,RPT,12.7406
RBI:RATIO_LNGNFC_INDUS_ANN_RN(1.0),N_A,AFY,MNF_CEE,2017,2016,INT_BURDEN,0,2017-03-31,RPT,58.6499
RBI:RATIO_LNGNFC_INDUS_ANN_RN(1.0),N_A,AFY,MNF_CEE,2017,2016,INT_CVG,0,2017-03-31,RPT,1.705033
RBI:RATIO_LNGNFC_INDUS_ANN_RN(1.0),N_A,AFY,MNF_CEE,2017,2016,INT_TO_SAL,0,2017-03-31,RPT,5.114
RBI:RATIO_LNGNFC_INDUS_ANN_RN(1.0),N_A,AFY,MNF_CEE,2017,2016,NET_PFT_TO_SAL,0,2017-03-31,RPT,0.0508
RBI:RATIO_LNGNFC_INDUS_ANN_RN(1.0),N_A,AFY,MNF_CEE,2017,2016,OPR_PFTS_TO_SAL,0,2017-03-31,RPT,9.5014
RBI:RATIO_LNGNFC_INDUS_ANN_RN(1.0),N_A,AFY,MNF_CEE,2017,2016,TAX_PROV_TO_EBT,0,2017-03-31,RPT,26.2635
RBI:RATIO_LNGNFC_INDUS_ANN_RN(1.0),N_A,AFY,MNF_CHM_PRD,2017,2016,CSH_CVG_RATIO,0,2017-03-31,RPT,8.137416
RBI:RATIO_LNGNFC_INDUS_ANN_RN(1.0),N_A,AFY,MNF_CHM_PRD,2017,2016,EBITDA_TO_SAL,0,2017-03-31,RPT,17.438
RBI:RATIO_LNGNFC_INDUS_ANN_RN(1.0),N_A,AFY,MNF_CHM_PRD,2017,2016,INT_BURDEN,0,2017-03-31,RPT,14.4939
RBI:RATIO_LNGNFC_INDUS_ANN_RN(1.0),N_A,AFY,MNF_CHM_PRD,2017,2016,INT_CVG,0,2017-03-31,RPT,6.899471
RBI:RATIO_LNGNFC_INDUS_ANN_RN(1.0),N_A,AFY,MNF_CHM_PRD,2017,2016,INT_TO_SAL,0,2017-03-31,RPT,2.1429
RBI:RATIO_LNGNFC_INDUS_ANN_RN(1.0),N_A,AFY,MNF_CHM_PRD,2017,2016,NET_PFT_TO_SAL,0,2017-03-31,RPT,9.0525
RBI:RATIO_LNGNFC_INDUS_ANN_RN(1.0),N_A,AFY,MNF_CHM_PRD,2017,2016,OPR_PFTS_TO_SAL,0,2017-03-31,RPT,15.576
RBI:RATIO_LNGNFC_INDUS_ANN_RN(1.0),N_A,AFY,MNF_CHM_PRD,2017,2016,TAX_PROV_TO_EBT,0,2017-03-31,RPT,26.9714
RBI:RATIO_LNGNFC_INDUS_ANN_RN(1.0),N_A,AFY,MNF_CP_BASIC,2017,2016,CSH_CVG_RATIO,0,2017-03-31,RPT,6.022933
RBI:RATIO_LNGNFC_INDUS_ANN_RN(1.0),N_A,AFY,MNF_CP_BASIC,2017,2016,EBITDA_TO_SAL,0,2017-03-31,RPT,18.4592
RBI:RATIO_LNGNFC_INDUS_ANN_RN(1.0),N_A,AFY,MNF_CP_BASIC,2017,2016,INT_BURDEN,0,2017-03-31,RPT,20.3398
RBI:RATIO_LNGNFC_INDUS_ANN_RN(1.0),N_A,AFY,MNF_CP_BASIC,2017,2016,INT_CVG,0,2017-03-31,RPT,4.916462
RBI:RATIO_LNGNFC_INDUS_ANN_RN(1.0),N_A,AFY,MNF_CP_BASIC,2017,2016,INT_TO_SAL,0,2017-03-31,RPT,3.0648
RBI:RATIO_LNGNFC_INDUS_ANN_RN(1.0),N_A,AFY,MNF_CP_BASIC,2017,2016,NET_PFT_TO_SAL,0,2017-03-31,RPT,8.4481
RBI:RATIO_LNGNFC_INDUS_ANN_RN(1.0),N_A,AFY,MNF_CP_BASIC,2017,2016,OPR_PFTS_TO_SAL,0,2017-03-31,RPT,16.5717
RBI:RATIO_LNGNFC_INDUS_ANN_RN(1.0),N_A,AFY,MNF_CP_BASIC,2017,2016,TAX_PROV_TO_EBT,0,2017-03-31,RPT,22.731
RBI:RATIO_LNGNFC_INDUS_ANN_RN(1.0),N_A,AFY,MNF_CP_FNP,2017,2016,CSH_CVG_RATIO,0,2017-03-31,RPT,2.965746
RBI:RATIO_LNGNFC_INDUS_ANN_RN(1.0),N_A,AFY,MNF_CP_FNP,2017,2016,EBITDA_TO_SAL,0,2017-03-31,RPT,11.1716
RBI:RATIO_LNGNFC_INDUS_ANN_RN(1.0),N_A,AFY,MNF_CP_FNP,2017,2016,INT_BURDEN,0,2017-03-31,RPT,38.9892
RBI:RATIO_LNGNFC_INDUS_ANN_RN(1.0),N_A,AFY,MNF_CP_FNP,2017,2016,INT_CVG,0,2017-03-31,RPT,2.564812
RBI:RATIO_LNGNFC_INDUS_ANN_RN(1.0),N_A,AFY,MNF_CP_FNP,2017,2016,INT_TO_SAL,0,2017-03-31,RPT,3.7669
RBI:RATIO_LNGNFC_INDUS_ANN_RN(1.0),N_A,AFY,MNF_CP_FNP,2017,2016,NET_PFT_TO_SAL,0,2017-03-31,RPT,4.2842
RBI:RATIO_LNGNFC_INDUS_ANN_RN(1.0),N_A,AFY,MNF_CP_FNP,2017,2016,OPR_PFTS_TO_SAL,0,2017-03-31,RPT,9.7237
RBI:RATIO_LNGNFC_INDUS_ANN_RN(1.0),N_A,AFY,MNF_CP_FNP,2017,2016,TAX_PROV_TO_EBT,0,2017-03-31,RPT,21.8713
RBI:RATIO_LNGNFC_INDUS_ANN_RN(1.0),N_A,AFY,MNF_CP_OTH,2017,2016,CSH_CVG_RATIO,0,2017-03-31,RPT,12.594677
RBI:RATIO_LNGNFC_INDUS_ANN_RN(1.0),N_A,AFY,MNF_CP_OTH,2017,2016,EBITDA_TO_SAL,0,2017-03-31,RPT,18.6715
RBI:RATIO_LNGNFC_INDUS_ANN_RN(1.0),N_A,AFY,MNF_CP_OTH,2017,2016,INT_BURDEN,0,2017-03-31,RPT,9.3459
RBI:RATIO_LNGNFC_INDUS_ANN_RN(1.0),N_A,AFY,MNF_CP_OTH,2017,2016,INT_CVG,0,2017-03-31,RPT,10.699845
RBI:RATIO_LNGNFC_INDUS_ANN_RN(1.0),N_A,AFY,MNF_CP_OTH,2017,2016,INT_TO_SAL,0,2017-03-31,RPT,1.4825
RBI:RATIO_LNGNFC_INDUS_ANN_RN(1.0),N_A,AFY,MNF_CP_OTH,2017,2016,NET_PFT_TO_SAL,0,2017-03-31,RPT,10.5795
RBI:RATIO_LNGNFC_INDUS_ANN_RN(1.0),N_A,AFY,MNF_CP_OTH,2017,2016,OPR_PFTS_TO_SAL,0,2017-03-31,RPT,16.7122
RBI:RATIO_LNGNFC_INDUS_ANN_RN(1.0),N_A,AFY,MNF_CP_OTH,2017,2016,TAX_PROV_TO_EBT,0,2017-03-31,RPT,28.2849
RBI:RATIO_LNGNFC_INDUS_ANN_RN(1.0),N_A,AFY,MNF_CP_PNV,2017,2016,CSH_CVG_RATIO,0,2017-03-31,RPT,65.14582
RBI:RATIO_LNGNFC_INDUS_ANN_RN(1.0),N_A,AFY,MNF_CP_PNV,2017,2016,EBITDA_TO_SAL,0,2017-03-31,RPT,19.9346
RBI:RATIO_LNGNFC_INDUS_ANN_RN(1.0),N_A,AFY,MNF_CP_PNV,2017,2016,INT_BURDEN,0,2017-03-31,RPT,1.724
RBI:RATIO_LNGNFC_INDUS_ANN_RN(1.0),N_A,AFY,MNF_CP_PNV,2017,2016,INT_CVG,0,2017-03-31,RPT,58.006054
RBI:RATIO_LNGNFC_INDUS_ANN_RN(1.0),N_A,AFY,MNF_CP_PNV,2017,2016,INT_TO_SAL,0,2017-03-31,RPT,0.306
RBI:RATIO_LNGNFC_INDUS_ANN_RN(1.0),N_A,AFY,MNF_CP_PNV,2017,2016,NET_PFT_TO_SAL,0,2017-03-31,RPT,11.5496
RBI:RATIO_LNGNFC_INDUS_ANN_RN(1.0),N_A,AFY,MNF_CP_PNV,2017,2016,OPR_PFTS_TO_SAL,0,2017-03-31,RPT,17.8814
RBI:RATIO_LNGNFC_INDUS_ANN_RN(1.0),N_A,AFY,MNF_CP_PNV,2017,2016,TAX_PROV_TO_EBT,0,2017-03-31,RPT,31.4199
RBI:RATIO_LNGNFC_INDUS_ANN_RN(1.0),N_A,AFY,MNF_EMA,2017,2016,CSH_CVG_RATIO,0,2017-03-31,RPT,3.548069
RBI:RATIO_LNGNFC_INDUS_ANN_RN(1.0),N_A,AFY,MNF_EMA,2017,2016,EBITDA_TO_SAL,0,2017-03-31,RPT,11.1592
RBI:RATIO_LNGNFC_INDUS_ANN_RN(1.0),N_A,AFY,MNF_EMA,2017,2016,INT_BURDEN,0,2017-03-31,RPT,34.7615
RBI:RATIO_LNGNFC_INDUS_ANN_RN(1.0),N_A,AFY,MNF_EMA,2017,2016,INT_CVG,0,2017-03-31,RPT,2.876745
RBI:RATIO_LNGNFC_INDUS_ANN_RN(1.0),N_A,AFY,MNF_EMA,2017,2016,INT_TO_SAL,0,2017-03-31,RPT,3.1451
RBI:RATIO_LNGNFC_INDUS_ANN_RN(1.0),N_A,AFY,MNF_EMA,2017,2016,NET_PFT_TO_SAL,0,2017-03-31,RPT,5.2257
RBI:RATIO_LNGNFC_INDUS_ANN_RN(1.0),N_A,AFY,MNF_EMA,2017,2016,OPR_PFTS_TO_SAL,0,2017-03-31,RPT,9.1987
RBI:RATIO_LNGNFC_INDUS_ANN_RN(1.0),N_A,AFY,MNF_EMA,2017,2016,TAX_PROV_TO_EBT,0,2017-03-31,RPT,31.7314
RBI:RATIO_LNGNFC_INDUS_ANN_RN(1.0),N_A,AFY,MNF_FMP,2017,2016,CSH_CVG_RATIO,0,2017-03-31,RPT,4.170302
RBI:RATIO_LNGNFC_INDUS_ANN_RN(1.0),N_A,AFY,MNF_FMP,2017,2016,EBITDA_TO_SAL,0,2017-03-31,RPT,17.1765
RBI:RATIO_LNGNFC_INDUS_ANN_RN(1.0),N_A,AFY,MNF_FMP,2017,2016,INT_BURDEN,0,2017-03-31,RPT,34.7086
RBI:RATIO_LNGNFC_INDUS_ANN_RN(1.0),N_A,AFY,MNF_FMP,2017,2016,INT_CVG,0,2017-03-31,RPT,2.881131
RBI:RATIO_LNGNFC_INDUS_ANN_RN(1.0),N_A,AFY,MNF_FMP,2017,2016,INT_TO_SAL,0,2017-03-31,RPT,4.1188
RBI:RATIO_LNGNFC_INDUS_ANN_RN(1.0),N_A,AFY,MNF_FMP,2017,2016,NET_PFT_TO_SAL,0,2017-03-31,RPT,2.9264
RBI:RATIO_LNGNFC_INDUS_ANN_RN(1.0),N_A,AFY,MNF_FMP,2017,2016,OPR_PFTS_TO_SAL,0,2017-03-31,RPT,15.3664
RBI:RATIO_LNGNFC_INDUS_ANN_RN(1.0),N_A,AFY,MNF_FMP,2017,2016,TAX_PROV_TO_EBT,0,2017-03-31,RPT,30.2129
RBI:RATIO_LNGNFC_INDUS_ANN_RN(1.0),N_A,AFY,MNF_FPB,2017,2016,CSH_CVG_RATIO,0,2017-03-31,RPT,3.18347
RBI:RATIO_LNGNFC_INDUS_ANN_RN(1.0),N_A,AFY,MNF_FPB,2017,2016,EBITDA_TO_SAL,0,2017-03-31,RPT,10.6307
RBI:RATIO_LNGNFC_INDUS_ANN_RN(1.0),N_A,AFY,MNF_FPB,2017,2016,INT_BURDEN,0,2017-03-31,RPT,39.6043
RBI:RATIO_LNGNFC_INDUS_ANN_RN(1.0),N_A,AFY,MNF_FPB,2017,2016,INT_CVG,0,2017-03-31,RPT,2.524976
RBI:RATIO_LNGNFC_INDUS_ANN_RN(1.0),N_A,AFY,MNF_FPB,2017,2016,INT_TO_SAL,0,2017-03-31,RPT,3.3393
RBI:RATIO_LNGNFC_INDUS_ANN_RN(1.0),N_A,AFY,MNF_FPB,2017,2016,NET_PFT_TO_SAL,0,2017-03-31,RPT,3.4749
RBI:RATIO_LNGNFC_INDUS_ANN_RN(1.0),N_A,AFY,MNF_FPB,2017,2016,OPR_PFTS_TO_SAL,0,2017-03-31,RPT,9.1945
RBI:RATIO_LNGNFC_INDUS_ANN_RN(1.0),N_A,AFY,MNF_FPB,2017,2016,TAX_PROV_TO_EBT,0,2017-03-31,RPT,25.9765
RBI:RATIO_LNGNFC_INDUS_ANN_RN(1.0),N_A,AFY,MNF_FPB_DAIRY_PRD,2017,2016,CSH_CVG_RATIO,0,2017-03-31,RPT,8.810056
RBI:RATIO_LNGNFC_INDUS_ANN_RN(1.0),N_A,AFY,MNF_FPB_DAIRY_PRD,2017,2016,EBITDA_TO_SAL,0,2017-03-31,RPT,11.9066
RBI:RATIO_LNGNFC_INDUS_ANN_RN(1.0),N_A,AFY,MNF_FPB_DAIRY_PRD,2017,2016,INT_BURDEN,0,2017-03-31,RPT,14.3102
RBI:RATIO_LNGNFC_INDUS_ANN_RN(1.0),N_A,AFY,MNF_FPB_DAIRY_PRD,2017,2016,INT_CVG,0,2017-03-31,RPT,6.988004
RBI:RATIO_LNGNFC_INDUS_ANN_RN(1.0),N_A,AFY,MNF_FPB_DAIRY_PRD,2017,2016,INT_TO_SAL,0,2017-03-31,RPT,1.3515
RBI:RATIO_LNGNFC_INDUS_ANN_RN(1.0),N_A,AFY,MNF_FPB_DAIRY_PRD,2017,2016,NET_PFT_TO_SAL,0,2017-03-31,RPT,5.4177
RBI:RATIO_LNGNFC_INDUS_ANN_RN(1.0),N_A,AFY,MNF_FPB_DAIRY_PRD,2017,2016,OPR_PFTS_TO_SAL,0,2017-03-31,RPT,11.0322
RBI:RATIO_LNGNFC_INDUS_ANN_RN(1.0),N_A,AFY,MNF_FPB_DAIRY_PRD,2017,2016,TAX_PROV_TO_EBT,0,2017-03-31,RPT,30.515
RBI:RATIO_LNGNFC_INDUS_ANN_RN(1.0),N_A,AFY,MNF_FPB_EDD_OIL,2017,2016,CSH_CVG_RATIO,0,2017-03-31,RPT,1.217687
RBI:RATIO_LNGNFC_INDUS_ANN_RN(1.0),N_A,AFY,MNF_FPB_EDD_OIL,2017,2016,EBITDA_TO_SAL,0,2017-03-31,RPT,2.9661
RBI:RATIO_LNGNFC_INDUS_ANN_RN(1.0),N_A,AFY,MNF_FPB_EDD_OIL,2017,2016,INT_BURDEN,0,2017-03-31,RPT,121.3499
RBI:RATIO_LNGNFC_INDUS_ANN_RN(1.0),N_A,AFY,MNF_FPB_EDD_OIL,2017,2016,INT_CVG,0,2017-03-31,RPT,0.824064
RBI:RATIO_LNGNFC_INDUS_ANN_RN(1.0),N_A,AFY,MNF_FPB_EDD_OIL,2017,2016,INT_TO_SAL,0,2017-03-31,RPT,2.4358
RBI:RATIO_LNGNFC_INDUS_ANN_RN(1.0),N_A,AFY,MNF_FPB_EDD_OIL,2017,2016,NET_PFT_TO_SAL,0,2017-03-31,RPT,-0.3512
RBI:RATIO_LNGNFC_INDUS_ANN_RN(1.0),N_A,AFY,MNF_FPB_EDD_OIL,2017,2016,OPR_PFTS_TO_SAL,0,2017-03-31,RPT,2.0134
RBI:RATIO_LNGNFC_INDUS_ANN_RN(1.0),N_A,AFY,MNF_FPB_EDD_OIL,2017,2016,TAX_PROV_TO_EBT,0,2017-03-31,RPT,26.8754
RBI:RATIO_LNGNFC_INDUS_ANN_RN(1.0),N_A,AFY,MNF_FPB_ESGR,2017,2016,CSH_CVG_RATIO,0,2017-03-31,RPT,2.410976
RBI:RATIO_LNGNFC_INDUS_ANN_RN(1.0),N_A,AFY,MNF_FPB_ESGR,2017,2016,EBITDA_TO_SAL,0,2017-03-31,RPT,16.3061
RBI:RATIO_LNGNFC_INDUS_ANN_RN(1.0),N_A,AFY,MNF_FPB_ESGR,2017,2016,INT_BURDEN,0,2017-03-31,RPT,51.3583
RBI:RATIO_LNGNFC_INDUS_ANN_RN(1.0),N_A,AFY,MNF_FPB_ESGR,2017,2016,INT_CVG,0,2017-03-31,RPT,1.947104
RBI:RATIO_LNGNFC_INDUS_ANN_RN(1.0),N_A,AFY,MNF_FPB_ESGR,2017,2016,INT_TO_SAL,0,2017-03-31,RPT,6.7633
RBI:RATIO_LNGNFC_INDUS_ANN_RN(1.0),N_A,AFY,MNF_FPB_ESGR,2017,2016,NET_PFT_TO_SAL,0,2017-03-31,RPT,6.1804
RBI:RATIO_LNGNFC_INDUS_ANN_RN(1.0),N_A,AFY,MNF_FPB_ESGR,2017,2016,OPR_PFTS_TO_SAL,0,2017-03-31,RPT,14.8598
RBI:RATIO_LNGNFC_INDUS_ANN_RN(1.0),N_A,AFY,MNF_FPB_ESGR,2017,2016,TAX_PROV_TO_EBT,0,2017-03-31,RPT,14.8991
RBI:RATIO_LNGNFC_INDUS_ANN_RN(1.0),N_A,AFY,MNF_FPB_OFP,2017,2016,CSH_CVG_RATIO,0,2017-03-31,RPT,4.556246
RBI:RATIO_LNGNFC_INDUS_ANN_RN(1.0),N_A,AFY,MNF_FPB_OFP,2017,2016,EBITDA_TO_SAL,0,2017-03-31,RPT,11.959
RBI:RATIO_LNGNFC_INDUS_ANN_RN(1.0),N_A,AFY,MNF_FPB_OFP,2017,2016,INT_BURDEN,0,2017-03-31,RPT,27.3934
RBI:RATIO_LNGNFC_INDUS_ANN_RN(1.0),N_A,AFY,MNF_FPB_OFP,2017,2016,INT_CVG,0,2017-03-31,RPT,3.650513
RBI:RATIO_LNGNFC_INDUS_ANN_RN(1.0),N_A,AFY,MNF_FPB_OFP,2017,2016,INT_TO_SAL,0,2017-03-31,RPT,2.6247
RBI:RATIO_LNGNFC_INDUS_ANN_RN(1.0),N_A,AFY,MNF_FPB_OFP,2017,2016,NET_PFT_TO_SAL,0,2017-03-31,RPT,3.6772
RBI:RATIO_LNGNFC_INDUS_ANN_RN(1.0),N_A,AFY,MNF_FPB_OFP,2017,2016,OPR_PFTS_TO_SAL,0,2017-03-31,RPT,9.9503
RBI:RATIO_LNGNFC_INDUS_ANN_RN(1.0),N_A,AFY,MNF_FPB_OFP,2017,2016,TAX_PROV_TO_EBT,0,2017-03-31,RPT,28.433
RBI:RATIO_LNGNFC_INDUS_ANN_RN(1.0),N_A,AFY,MNF_GGP,2017,2016,CSH_CVG_RATIO,0,2017-03-31,RPT,2.244838
RBI:RATIO_LNGNFC_INDUS_ANN_RN(1.0),N_A,AFY,MNF_GGP,2017,2016,EBITDA_TO_SAL,0,2017-03-31,RPT,16.6313
RBI:RATIO_LNGNFC_INDUS_ANN_RN(1.0),N_A,AFY,MNF_GGP,2017,2016,INT_BURDEN,0,2017-03-31,RPT,69.7927
RBI:RATIO_LNGNFC_INDUS_ANN_RN(1.0),N_A,AFY,MNF_GGP,2017,2016,INT_CVG,0,2017-03-31,RPT,1.432815
RBI:RATIO_LNGNFC_INDUS_ANN_RN(1.0),N_A,AFY,MNF_GGP,2017,2016,INT_TO_SAL,0,2017-03-31,RPT,7.4087
RBI:RATIO_LNGNFC_INDUS_ANN_RN(1.0),N_A,AFY,MNF_GGP,2017,2016,NET_PFT_TO_SAL,0,2017-03-31,RPT,3.3745
RBI:RATIO_LNGNFC_INDUS_ANN_RN(1.0),N_A,AFY,MNF_GGP,2017,2016,OPR_PFTS_TO_SAL,0,2017-03-31,RPT,15.2806
RBI:RATIO_LNGNFC_INDUS_ANN_RN(1.0),N_A,AFY,MNF_GGP,2017,2016,TAX_PROV_TO_EBT,0,2017-03-31,RPT,15.5269
RBI:RATIO_LNGNFC_INDUS_ANN_RN(1.0),N_A,AFY,MNF_INS,2017,2016,CSH_CVG_RATIO,0,2017-03-31,RPT,1.69721
RBI:RATIO_LNGNFC_INDUS_ANN_RN(1.0),N_A,AFY,MNF_INS,2017,2016,EBITDA_TO_SAL,0,2017-03-31,RPT,16.9409
RBI:RATIO_LNGNFC_INDUS_ANN_RN(1.0),N_A,AFY,MNF_INS,2017,2016,INT_BURDEN,0,2017-03-31,RPT,94.7788
RBI:RATIO_LNGNFC_INDUS_ANN_RN(1.0),N_A,AFY,MNF_INS,2017,2016,INT_CVG,0,2017-03-31,RPT,1.055089
RBI:RATIO_LNGNFC_INDUS_ANN_RN(1.0),N_A,AFY,MNF_INS,2017,2016,INT_TO_SAL,0,2017-03-31,RPT,9.9816
RBI:RATIO_LNGNFC_INDUS_ANN_RN(1.0),N_A,AFY,MNF_INS,2017,2016,NET_PFT_TO_SAL,0,2017-03-31,RPT,-1.7028
RBI:RATIO_LNGNFC_INDUS_ANN_RN(1.0),N_A,AFY,MNF_INS,2017,2016,OPR_PFTS_TO_SAL,0,2017-03-31,RPT,15.785
RBI:RATIO_LNGNFC_INDUS_ANN_RN(1.0),N_A,AFY,MNF_INS,2017,2016,TAX_PROV_TO_EBT,0,2017-03-31,RPT,16.1753
RBI:RATIO_LNGNFC_INDUS_ANN_RN(1.0),N_A,AFY,MNF_JRA,2017,2016,CSH_CVG_RATIO,0,2017-03-31,RPT,2.290342
RBI:RATIO_LNGNFC_INDUS_ANN_RN(1.0),N_A,AFY,MNF_JRA,2017,2016,EBITDA_TO_SAL,0,2017-03-31,RPT,4.3163
RBI:RATIO_LNGNFC_INDUS_ANN_RN(1.0),N_A,AFY,MNF_JRA,2017,2016,INT_BURDEN,0,2017-03-31,RPT,46.6336
RBI:RATIO_LNGNFC_INDUS_ANN_RN(1.0),N_A,AFY,MNF_JRA,2017,2016,INT_CVG,0,2017-03-31,RPT,2.144377
RBI:RATIO_LNGNFC_INDUS_ANN_RN(1.0),N_A,AFY,MNF_JRA,2017,2016,INT_TO_SAL,0,2017-03-31,RPT,1.8846
RBI:RATIO_LNGNFC_INDUS_ANN_RN(1.0),N_A,AFY,MNF_JRA,2017,2016,NET_PFT_TO_SAL,0,2017-03-31,RPT,1.5449
RBI:RATIO_LNGNFC_INDUS_ANN_RN(1.0),N_A,AFY,MNF_JRA,2017,2016,OPR_PFTS_TO_SAL,0,2017-03-31,RPT,3.8099
RBI:RATIO_LNGNFC_INDUS_ANN_RN(1.0),N_A,AFY,MNF_JRA,2017,2016,TAX_PROV_TO_EBT,0,2017-03-31,RPT,20.5591
RBI:RATIO_LNGNFC_INDUS_ANN_RN(1.0),N_A,AFY,MNF_LTH,2017,2016,CSH_CVG_RATIO,0,2017-03-31,RPT,9.583482
RBI:RATIO_LNGNFC_INDUS_ANN_RN(1.0),N_A,AFY,MNF_LTH,2017,2016,EBITDA_TO_SAL,0,2017-03-31,RPT,12.6093
RBI:RATIO_LNGNFC_INDUS_ANN_RN(1.0),N_A,AFY,MNF_LTH,2017,2016,INT_BURDEN,0,2017-03-31,RPT,12.9523
RBI:RATIO_LNGNFC_INDUS_ANN_RN(1.0),N_A,AFY,MNF_LTH,2017,2016,INT_CVG,0,2017-03-31,RPT,7.720634
RBI:RATIO_LNGNFC_INDUS_ANN_RN(1.0),N_A,AFY,MNF_LTH,2017,2016,INT_TO_SAL,0,2017-03-31,RPT,1.3157
RBI:RATIO_LNGNFC_INDUS_ANN_RN(1.0),N_A,AFY,MNF_LTH,2017,2016,NET_PFT_TO_SAL,0,2017-03-31,RPT,5.7474
RBI:RATIO_LNGNFC_INDUS_ANN_RN(1.0),N_A,AFY,MNF_LTH,2017,2016,OPR_PFTS_TO_SAL,0,2017-03-31,RPT,11.6353
RBI:RATIO_LNGNFC_INDUS_ANN_RN(1.0),N_A,AFY,MNF_LTH,2017,2016,TAX_PROV_TO_EBT,0,2017-03-31,RPT,33.4504
RBI:RATIO_LNGNFC_INDUS_ANN_RN(1.0),N_A,AFY,MNF_MMT,2017,2016,CSH_CVG_RATIO,0,2017-03-31,RPT,8.250296
RBI:RATIO_LNGNFC_INDUS_ANN_RN(1.0),N_A,AFY,MNF_MMT,2017,2016,EBITDA_TO_SAL,0,2017-03-31,RPT,13.0479
RBI:RATIO_LNGNFC_INDUS_ANN_RN(1.0),N_A,AFY,MNF_MMT,2017,2016,INT_BURDEN,0,2017-03-31,RPT,15.0008
RBI:RATIO_LNGNFC_INDUS_ANN_RN(1.0),N_A,AFY,MNF_MMT,2017,2016,INT_CVG,0,2017-03-31,RPT,6.666324
RBI:RATIO_LNGNFC_INDUS_ANN_RN(1.0),N_A,AFY,MNF_MMT,2017,2016,INT_TO_SAL,0,2017-03-31,RPT,1.5815
RBI:RATIO_LNGNFC_INDUS_ANN_RN(1.0),N_A,AFY,MNF_MMT,2017,2016,NET_PFT_TO_SAL,0,2017-03-31,RPT,6.515
RBI:RATIO_LNGNFC_INDUS_ANN_RN(1.0),N_A,AFY,MNF_MMT,2017,2016,OPR_PFTS_TO_SAL,0,2017-03-31,RPT,10.3901
RBI:RATIO_LNGNFC_INDUS_ANN_RN(1.0),N_A,AFY,MNF_MMT,2017,2016,TAX_PROV_TO_EBT,0,2017-03-31,RPT,27.7684
RBI:RATIO_LNGNFC_INDUS_ANN_RN(1.0),N_A,AFY,MNF_MMT_MV,2017,2016,CSH_CVG_RATIO,0,2017-03-31,RPT,19.30957
RBI:RATIO_LNGNFC_INDUS_ANN_RN(1.0),N_A,AFY,MNF_MMT_MV,2017,2016,EBITDA_TO_SAL,0,2017-03-31,RPT,15.7916
RBI:RATIO_LNGNFC_INDUS_ANN_RN(1.0),N_A,AFY,MNF_MMT_MV,2017,2016,INT_BURDEN,0,2017-03-31,RPT,6.6805
RBI:RATIO_LNGNFC_INDUS_ANN_RN(1.0),N_A,AFY,MNF_MMT_MV,2017,2016,INT_CVG,0,2017-03-31,RPT,14.968903
RBI:RATIO_LNGNFC_INDUS_ANN_RN(1.0),N_A,AFY,MNF_MMT_MV,2017,2016,INT_TO_SAL,0,2017-03-31,RPT,0.8178
RBI:RATIO_LNGNFC_INDUS_ANN_RN(1.0),N_A,AFY,MNF_MMT_MV,2017,2016,NET_PFT_TO_SAL,0,2017-03-31,RPT,8.1539
RBI:RATIO_LNGNFC_INDUS_ANN_RN(1.0),N_A,AFY,MNF_MMT_MV,2017,2016,OPR_PFTS_TO_SAL,0,2017-03-31,RPT,12.6508
RBI:RATIO_LNGNFC_INDUS_ANN_RN(1.0),N_A,AFY,MNF_MMT_MV,2017,2016,TAX_PROV_TO_EBT,0,2017-03-31,RPT,24.2092
RBI:RATIO_LNGNFC_INDUS_ANN_RN(1.0),N_A,AFY,MNF_MMT_OTH,2017,2016,CSH_CVG_RATIO,0,2017-03-31,RPT,8.369826
RBI:RATIO_LNGNFC_INDUS_ANN_RN(1.0),N_A,AFY,MNF_MMT_OTH,2017,2016,EBITDA_TO_SAL,0,2017-03-31,RPT,15.0565
RBI:RATIO_LNGNFC_INDUS_ANN_RN(1.0),N_A,AFY,MNF_MMT_OTH,2017,2016,INT_BURDEN,0,2017-03-31,RPT,16.1752
RBI:RATIO_LNGNFC_INDUS_ANN_RN(1.0),N_A,AFY,MNF_MMT_OTH,2017,2016,INT_CVG,0,2017-03-31,RPT,6.182299
RBI:RATIO_LNGNFC_INDUS_ANN_RN(1.0),N_A,AFY,MNF_MMT_OTH,2017,2016,INT_TO_SAL,0,2017-03-31,RPT,1.7989
RBI:RATIO_LNGNFC_INDUS_ANN_RN(1.0),N_A,AFY,MNF_MMT_OTH,2017,2016,NET_PFT_TO_SAL,0,2017-03-31,RPT,6.6064
RBI:RATIO_LNGNFC_INDUS_ANN_RN(1.0),N_A,AFY,MNF_MMT_OTH,2017,2016,OPR_PFTS_TO_SAL,0,2017-03-31,RPT,12.1856
RBI:RATIO_LNGNFC_INDUS_ANN_RN(1.0),N_A,AFY,MNF_MMT_OTH,2017,2016,TAX_PROV_TO_EBT,0,2017-03-31,RPT,24.4896
RBI:RATIO_LNGNFC_INDUS_ANN_RN(1.0),N_A,AFY,MNF_MMT_PRTS,2017,2016,CSH_CVG_RATIO,0,2017-03-31,RPT,1.892042
RBI:RATIO_LNGNFC_INDUS_ANN_RN(1.0),N_A,AFY,MNF_MMT_PRTS,2017,2016,EBITDA_TO_SAL,0,2017-03-31,RPT,11.7508
RBI:RATIO_LNGNFC_INDUS_ANN_RN(1.0),N_A,AFY,MNF_MMT_PRTS,2017,2016,INT_BURDEN,0,2017-03-31,RPT,102.0972
RBI:RATIO_LNGNFC_INDUS_ANN_RN(1.0),N_A,AFY,MNF_MMT_PRTS,2017,2016,INT_CVG,0,2017-03-31,RPT,0.979459
RBI:RATIO_LNGNFC_INDUS_ANN_RN(1.0),N_A,AFY,MNF_MMT_PRTS,2017,2016,INT_TO_SAL,0,2017-03-31,RPT,6.2107
RBI:RATIO_LNGNFC_INDUS_ANN_RN(1.0),N_A,AFY,MNF_MMT_PRTS,2017,2016,NET_PFT_TO_SAL,0,2017-03-31,RPT,-0.3526
RBI:RATIO_LNGNFC_INDUS_ANN_RN(1.0),N_A,AFY,MNF_MMT_PRTS,2017,2016,OPR_PFTS_TO_SAL,0,2017-03-31,RPT,10.0938
RBI:RATIO_LNGNFC_INDUS_ANN_RN(1.0),N_A,AFY,MNF_MMT_PRTS,2017,2016,TAX_PROV_TO_EBT,0,2017-03-31,RPT,26.5585
RBI:RATIO_LNGNFC_INDUS_ANN_RN(1.0),N_A,AFY,MNF_MPOSE,2017,2016,CSH_CVG_RATIO,0,2017-03-31,RPT,4.458333
RBI:RATIO_LNGNFC_INDUS_ANN_RN(1.0),N_A,AFY,MNF_MPOSE,2017,2016,EBITDA_TO_SAL,0,2017-03-31,RPT,17.6268
RBI:RATIO_LNGNFC_INDUS_ANN_RN(1.0),N_A,AFY,MNF_MPOSE,2017,2016,INT_BURDEN,0,2017-03-31,RPT,33.4099
RBI:RATIO_LNGNFC_INDUS_ANN_RN(1.0),N_A,AFY,MNF_MPOSE,2017,2016,INT_CVG,0,2017-03-31,RPT,2.993123
RBI:RATIO_LNGNFC_INDUS_ANN_RN(1.0),N_A,AFY,MNF_MPOSE,2017,2016,INT_TO_SAL,0,2017-03-31,RPT,3.9537
RBI:RATIO_LNGNFC_INDUS_ANN_RN(1.0),N_A,AFY,MNF_MPOSE,2017,2016,NET_PFT_TO_SAL,0,2017-03-31,RPT,-55.3052
RBI:RATIO_LNGNFC_INDUS_ANN_RN(1.0),N_A,AFY,MNF_MPOSE,2017,2016,OPR_PFTS_TO_SAL,0,2017-03-31,RPT,15.5348
RBI:RATIO_LNGNFC_INDUS_ANN_RN(1.0),N_A,AFY,MNF_MPOSE,2017,2016,TAX_PROV_TO_EBT,0,2017-03-31,RPT,27.414
RBI:RATIO_LNGNFC_INDUS_ANN_RN(1.0),N_A,AFY,MNF_OTH,2017,2016,CSH_CVG_RATIO,0,2017-03-31,RPT,8.163794
RBI:RATIO_LNGNFC_INDUS_ANN_RN(1.0),N_A,AFY,MNF_OTH,2017,2016,EBITDA_TO_SAL,0,2017-03-31,RPT,13.2293
RBI:RATIO_LNGNFC_INDUS_ANN_RN(1.0),N_A,AFY,MNF_OTH,2017,2016,INT_BURDEN,0,2017-03-31,RPT,16.921
RBI:RATIO_LNGNFC_INDUS_ANN_RN(1.0),N_A,AFY,MNF_OTH,2017,2016,INT_CVG,0,2017-03-31,RPT,5.909821
RBI:RATIO_LNGNFC_INDUS_ANN_RN(1.0),N_A,AFY,MNF_OTH,2017,2016,INT_TO_SAL,0,2017-03-31,RPT,1.6205
RBI:RATIO_LNGNFC_INDUS_ANN_RN(1.0),N_A,AFY,MNF_OTH,2017,2016,NET_PFT_TO_SAL,0,2017-03-31,RPT,4.9049
RBI:RATIO_LNGNFC_INDUS_ANN_RN(1.0),N_A,AFY,MNF_OTH,2017,2016,OPR_PFTS_TO_SAL,0,2017-03-31,RPT,11.6351
RBI:RATIO_LNGNFC_INDUS_ANN_RN(1.0),N_A,AFY,MNF_OTH,2017,2016,TAX_PROV_TO_EBT,0,2017-03-31,RPT,30.2393
RBI:RATIO_LNGNFC_INDUS_ANN_RN(1.0),N_A,AFY,MNF_PETR_PRD,2017,2016,CSH_CVG_RATIO,0,2017-03-31,RPT,16.742589
RBI:RATIO_LNGNFC_INDUS_ANN_RN(1.0),N_A,AFY,MNF_PETR_PRD,2017,2016,EBITDA_TO_SAL,0,2017-03-31,RPT,21.257
RBI:RATIO_LNGNFC_INDUS_ANN_RN(1.0),N_A,AFY,MNF_PETR_PRD,2017,2016,INT_BURDEN,0,2017-03-31,RPT,7.1273
RBI:RATIO_LNGNFC_INDUS_ANN_RN(1.0),N_A,AFY,MNF_PETR_PRD,2017,2016,INT_CVG,0,2017-03-31,RPT,14.030604
RBI:RATIO_LNGNFC_INDUS_ANN_RN(1.0),N_A,AFY,MNF_PETR_PRD,2017,2016,INT_TO_SAL,0,2017-03-31,RPT,1.2696
RBI:RATIO_LNGNFC_INDUS_ANN_RN(1.0),N_A,AFY,MNF_PETR_PRD,2017,2016,NET_PFT_TO_SAL,0,2017-03-31,RPT,12.6289
RBI:RATIO_LNGNFC_INDUS_ANN_RN(1.0),N_A,AFY,MNF_PETR_PRD,2017,2016,OPR_PFTS_TO_SAL,0,2017-03-31,RPT,17.7252
RBI:RATIO_LNGNFC_INDUS_ANN_RN(1.0),N_A,AFY,MNF_PETR_PRD,2017,2016,TAX_PROV_TO_EBT,0,2017-03-31,RPT,20.9502
RBI:RATIO_LNGNFC_INDUS_ANN_RN(1.0),N_A,AFY,MNF_PM,2017,2016,CSH_CVG_RATIO,0,2017-03-31,RPT,8.744414
RBI:RATIO_LNGNFC_INDUS_ANN_RN(1.0),N_A,AFY,MNF_PM,2017,2016,EBITDA_TO_SAL,0,2017-03-31,RPT,23.8349
RBI:RATIO_LNGNFC_INDUS_ANN_RN(1.0),N_A,AFY,MNF_PM,2017,2016,INT_BURDEN,0,2017-03-31,RPT,13.8753
RBI:RATIO_LNGNFC_INDUS_ANN_RN(1.0),N_A,AFY,MNF_PM,2017,2016,INT_CVG,0,2017-03-31,RPT,7.20705
RBI:RATIO_LNGNFC_INDUS_ANN_RN(1.0),N_A,AFY,MNF_PM,2017,2016,INT_TO_SAL,0,2017-03-31,RPT,2.7257
RBI:RATIO_LNGNFC_INDUS_ANN_RN(1.0),N_A,AFY,MNF_PM,2017,2016,NET_PFT_TO_SAL,0,2017-03-31,RPT,13.2127
RBI:RATIO_LNGNFC_INDUS_ANN_RN(1.0),N_A,AFY,MNF_PM,2017,2016,OPR_PFTS_TO_SAL,0,2017-03-31,RPT,20.4213
RBI:RATIO_LNGNFC_INDUS_ANN_RN(1.0),N_A,AFY,MNF_PM,2017,2016,TAX_PROV_TO_EBT,0,2017-03-31,RPT,21.8003
RBI:RATIO_LNGNFC_INDUS_ANN_RN(1.0),N_A,AFY,MNF_PNFFM,2017,2016,CSH_CVG_RATIO,0,2017-03-31,RPT,6.452967
RBI:RATIO_LNGNFC_INDUS_ANN_RN(1.0),N_A,AFY,MNF_PNFFM,2017,2016,EBITDA_TO_SAL,0,2017-03-31,RPT,29.3011
RBI:RATIO_LNGNFC_INDUS_ANN_RN(1.0),N_A,AFY,MNF_PNFFM,2017,2016,INT_BURDEN,0,2017-03-31,RPT,19.0245
RBI:RATIO_LNGNFC_INDUS_ANN_RN(1.0),N_A,AFY,MNF_PNFFM,2017,2016,INT_CVG,0,2017-03-31,RPT,5.256371
RBI:RATIO_LNGNFC_INDUS_ANN_RN(1.0),N_A,AFY,MNF_PNFFM,2017,2016,INT_TO_SAL,0,2017-03-31,RPT,4.5407
RBI:RATIO_LNGNFC_INDUS_ANN_RN(1.0),N_A,AFY,MNF_PNFFM,2017,2016,NET_PFT_TO_SAL,0,2017-03-31,RPT,15.3413
RBI:RATIO_LNGNFC_INDUS_ANN_RN(1.0),N_A,AFY,MNF_PNFFM,2017,2016,OPR_PFTS_TO_SAL,0,2017-03-31,RPT,23.5782
RBI:RATIO_LNGNFC_INDUS_ANN_RN(1.0),N_A,AFY,MNF_PNFFM,2017,2016,TAX_PROV_TO_EBT,0,2017-03-31,RPT,18.1391
RBI:RATIO_LNGNFC_INDUS_ANN_RN(1.0),N_A,AFY,MNF_PNPD,2017,2016,CSH_CVG_RATIO,0,2017-03-31,RPT,2.959419
RBI:RATIO_LNGNFC_INDUS_ANN_RN(1.0),N_A,AFY,MNF_PNPD,2017,2016,EBITDA_TO_SAL,0,2017-03-31,RPT,14.2713
RBI:RATIO_LNGNFC_INDUS_ANN_RN(1.0),N_A,AFY,MNF_PNPD,2017,2016,INT_BURDEN,0,2017-03-31,RPT,52.541
RBI:RATIO_LNGNFC_INDUS_ANN_RN(1.0),N_A,AFY,MNF_PNPD,2017,2016,INT_CVG,0,2017-03-31,RPT,1.903277
RBI:RATIO_LNGNFC_INDUS_ANN_RN(1.0),N_A,AFY,MNF_PNPD,2017,2016,INT_TO_SAL,0,2017-03-31,RPT,4.8223
RBI:RATIO_LNGNFC_INDUS_ANN_RN(1.0),N_A,AFY,MNF_PNPD,2017,2016,NET_PFT_TO_SAL,0,2017-03-31,RPT,1.6558
RBI:RATIO_LNGNFC_INDUS_ANN_RN(1.0),N_A,AFY,MNF_PNPD,2017,2016,OPR_PFTS_TO_SAL,0,2017-03-31,RPT,12.6311
RBI:RATIO_LNGNFC_INDUS_ANN_RN(1.0),N_A,AFY,MNF_PNPD,2017,2016,TAX_PROV_TO_EBT,0,2017-03-31,RPT,15.0803
RBI:RATIO_LNGNFC_INDUS_ANN_RN(1.0),N_A,AFY,MNF_PP,2017,2016,CSH_CVG_RATIO,0,2017-03-31,RPT,4.226758
RBI:RATIO_LNGNFC_INDUS_ANN_RN(1.0),N_A,AFY,MNF_PP,2017,2016,EBITDA_TO_SAL,0,2017-03-31,RPT,13.7557
RBI:RATIO_LNGNFC_INDUS_ANN_RN(1.0),N_A,AFY,MNF_PP,2017,2016,INT_BURDEN,0,2017-03-31,RPT,32.0711
RBI:RATIO_LNGNFC_INDUS_ANN_RN(1.0),N_A,AFY,MNF_PP,2017,2016,INT_CVG,0,2017-03-31,RPT,3.118067
RBI:RATIO_LNGNFC_INDUS_ANN_RN(1.0),N_A,AFY,MNF_PP,2017,2016,INT_TO_SAL,0,2017-03-31,RPT,3.2544
RBI:RATIO_LNGNFC_INDUS_ANN_RN(1.0),N_A,AFY,MNF_PP,2017,2016,NET_PFT_TO_SAL,0,2017-03-31,RPT,4.8587
RBI:RATIO_LNGNFC_INDUS_ANN_RN(1.0),N_A,AFY,MNF_PP,2017,2016,OPR_PFTS_TO_SAL,0,2017-03-31,RPT,12.3495
RBI:RATIO_LNGNFC_INDUS_ANN_RN(1.0),N_A,AFY,MNF_PP,2017,2016,TAX_PROV_TO_EBT,0,2017-03-31,RPT,26.4231
RBI:RATIO_LNGNFC_INDUS_ANN_RN(1.0),N_A,AFY,MNF_RRP,2017,2016,CSH_CVG_RATIO,0,2017-03-31,RPT,7.812259
RBI:RATIO_LNGNFC_INDUS_ANN_RN(1.0),N_A,AFY,MNF_RRP,2017,2016,EBITDA_TO_SAL,0,2017-03-31,RPT,17.5475
RBI:RATIO_LNGNFC_INDUS_ANN_RN(1.0),N_A,AFY,MNF_RRP,2017,2016,INT_BURDEN,0,2017-03-31,RPT,16.3662
RBI:RATIO_LNGNFC_INDUS_ANN_RN(1.0),N_A,AFY,MNF_RRP,2017,2016,INT_CVG,0,2017-03-31,RPT,6.110141
RBI:RATIO_LNGNFC_INDUS_ANN_RN(1.0),N_A,AFY,MNF_RRP,2017,2016,INT_TO_SAL,0,2017-03-31,RPT,2.2462
RBI:RATIO_LNGNFC_INDUS_ANN_RN(1.0),N_A,AFY,MNF_RRP,2017,2016,NET_PFT_TO_SAL,0,2017-03-31,RPT,8.3839
RBI:RATIO_LNGNFC_INDUS_ANN_RN(1.0),N_A,AFY,MNF_RRP,2017,2016,OPR_PFTS_TO_SAL,0,2017-03-31,RPT,15.3288
RBI:RATIO_LNGNFC_INDUS_ANN_RN(1.0),N_A,AFY,MNF_RRP,2017,2016,TAX_PROV_TO_EBT,0,2017-03-31,RPT,22.3416
RBI:RATIO_LNGNFC_INDUS_ANN_RN(1.0),N_A,AFY,MNF_TBC_PRD,2017,2016,EBITDA_TO_SAL,0,2017-03-31,RPT,39.5297
RBI:RATIO_LNGNFC_INDUS_ANN_RN(1.0),N_A,AFY,MNF_TBC_PRD,2017,2016,INT_BURDEN,0,2017-03-31,RPT,0.3364
RBI:RATIO_LNGNFC_INDUS_ANN_RN(1.0),N_A,AFY,MNF_TBC_PRD,2017,2016,INT_TO_SAL,0,2017-03-31,RPT,0.1239
RBI:RATIO_LNGNFC_INDUS_ANN_RN(1.0),N_A,AFY,MNF_TBC_PRD,2017,2016,NET_PFT_TO_SAL,0,2017-03-31,RPT,24.1557
RBI:RATIO_LNGNFC_INDUS_ANN_RN(1.0),N_A,AFY,MNF_TBC_PRD,2017,2016,OPR_PFTS_TO_SAL,0,2017-03-31,RPT,34.7131
RBI:RATIO_LNGNFC_INDUS_ANN_RN(1.0),N_A,AFY,MNF_TBC_PRD,2017,2016,TAX_PROV_TO_EBT,0,2017-03-31,RPT,34.0283
RBI:RATIO_LNGNFC_INDUS_ANN_RN(1.0),N_A,AFY,MNF_TXT,2017,2016,CSH_CVG_RATIO,0,2017-03-31,RPT,1.720132
RBI:RATIO_LNGNFC_INDUS_ANN_RN(1.0),N_A,AFY,MNF_TXT,2017,2016,EBITDA_TO_SAL,0,2017-03-31,RPT,10.7165
RBI:RATIO_LNGNFC_INDUS_ANN_RN(1.0),N_A,AFY,MNF_TXT,2017,2016,INT_BURDEN,0,2017-03-31,RPT,97.4165
RBI:RATIO_LNGNFC_INDUS_ANN_RN(1.0),N_A,AFY,MNF_TXT,2017,2016,INT_CVG,0,2017-03-31,RPT,1.02652
RBI:RATIO_LNGNFC_INDUS_ANN_RN(1.0),N_A,AFY,MNF_TXT,2017,2016,INT_TO_SAL,0,2017-03-31,RPT,6.23
RBI:RATIO_LNGNFC_INDUS_ANN_RN(1.0),N_A,AFY,MNF_TXT,2017,2016,NET_PFT_TO_SAL,0,2017-03-31,RPT,0.7446
RBI:RATIO_LNGNFC_INDUS_ANN_RN(1.0),N_A,AFY,MNF_TXT,2017,2016,OPR_PFTS_TO_SAL,0,2017-03-31,RPT,8.4671
RBI:RATIO_LNGNFC_INDUS_ANN_RN(1.0),N_A,AFY,MNF_TXT,2017,2016,TAX_PROV_TO_EBT,0,2017-03-31,RPT,24.9484
RBI:RATIO_LNGNFC_INDUS_ANN_RN(1.0),N_A,AFY,MNF_WOOD_PRD,2017,2016,CSH_CVG_RATIO,0,2017-03-31,RPT,6.870556
RBI:RATIO_LNGNFC_INDUS_ANN_RN(1.0),N_A,AFY,MNF_WOOD_PRD,2017,2016,EBITDA_TO_SAL,0,2017-03-31,RPT,14.2171
RBI:RATIO_LNGNFC_INDUS_ANN_RN(1.0),N_A,AFY,MNF_WOOD_PRD,2017,2016,INT_BURDEN,0,2017-03-31,RPT,17.8614
RBI:RATIO_LNGNFC_INDUS_ANN_RN(1.0),N_A,AFY,MNF_WOOD_PRD,2017,2016,INT_CVG,0,2017-03-31,RPT,5.59866
RBI:RATIO_LNGNFC_INDUS_ANN_RN(1.0),N_A,AFY,MNF_WOOD_PRD,2017,2016,INT_TO_SAL,0,2017-03-31,RPT,2.0693
RBI:RATIO_LNGNFC_INDUS_ANN_RN(1.0),N_A,AFY,MNF_WOOD_PRD,2017,2016,NET_PFT_TO_SAL,0,2017-03-31,RPT,6.9842
RBI:RATIO_LNGNFC_INDUS_ANN_RN(1.0),N_A,AFY,MNF_WOOD_PRD,2017,2016,OPR_PFTS_TO_SAL,0,2017-03-31,RPT,13.3975
RBI:RATIO_LNGNFC_INDUS_ANN_RN(1.0),N_A,AFY,MNF_WOOD_PRD,2017,2016,TAX_PROV_TO_EBT,0,2017-03-31,RPT,27.5538
RBI:RATIO_LNGNFC_INDUS_ANN_RN(1.0),N_A,AFY,SERV_OTH_IT,2017,2016,CSH_CVG_RATIO,0,2017-03-31,RPT,3.28428
RBI:RATIO_LNGNFC_INDUS_ANN_RN(1.0),N_A,AFY,SERV_OTH_IT,2017,2016,EBITDA_TO_SAL,0,2017-03-31,RPT,22.3249
RBI:RATIO_LNGNFC_INDUS_ANN_RN(1.0),N_A,AFY,SERV_OTH_IT,2017,2016,INT_BURDEN,0,2017-03-31,RPT,54.4429
RBI:RATIO_LNGNFC_INDUS_ANN_RN(1.0),N_A,AFY,SERV_OTH_IT,2017,2016,INT_CVG,0,2017-03-31,RPT,1.836786
RBI:RATIO_LNGNFC_INDUS_ANN_RN(1.0),N_A,AFY,SERV_OTH_IT,2017,2016,INT_TO_SAL,0,2017-03-31,RPT,6.7975
RBI:RATIO_LNGNFC_INDUS_ANN_RN(1.0),N_A,AFY,SERV_OTH_IT,2017,2016,NET_PFT_TO_SAL,0,2017-03-31,RPT,-0.8938
RBI:RATIO_LNGNFC_INDUS_ANN_RN(1.0),N_A,AFY,SERV_OTH_IT,2017,2016,OPR_PFTS_TO_SAL,0,2017-03-31,RPT,19.1878
RBI:RATIO_LNGNFC_INDUS_ANN_RN(1.0),N_A,AFY,SERV_OTH_IT,2017,2016,TAX_PROV_TO_EBT,0,2017-03-31,RPT,20.16
RBI:RATIO_LNGNFC_INDUS_ANN_RN(1.0),N_A,AFY,SOI_BSS,2017,2016,CSH_CVG_RATIO,0,2017-03-31,RPT,6.699287
RBI:RATIO_LNGNFC_INDUS_ANN_RN(1.0),N_A,AFY,SOI_BSS,2017,2016,EBITDA_TO_SAL,0,2017-03-31,RPT,14.189
RBI:RATIO_LNGNFC_INDUS_ANN_RN(1.0),N_A,AFY,SOI_BSS,2017,2016,INT_BURDEN,0,2017-03-31,RPT,19.4546
RBI:RATIO_LNGNFC_INDUS_ANN_RN(1.0),N_A,AFY,SOI_BSS,2017,2016,INT_CVG,0,2017-03-31,RPT,5.140172
RBI:RATIO_LNGNFC_INDUS_ANN_RN(1.0),N_A,AFY,SOI_BSS,2017,2016,INT_TO_SAL,0,2017-03-31,RPT,2.118
RBI:RATIO_LNGNFC_INDUS_ANN_RN(1.0),N_A,AFY,SOI_BSS,2017,2016,NET_PFT_TO_SAL,0,2017-03-31,RPT,6.5585
RBI:RATIO_LNGNFC_INDUS_ANN_RN(1.0),N_A,AFY,SOI_BSS,2017,2016,OPR_PFTS_TO_SAL,0,2017-03-31,RPT,12.6298
RBI:RATIO_LNGNFC_INDUS_ANN_RN(1.0),N_A,AFY,SOI_BSS,2017,2016,TAX_PROV_TO_EBT,0,2017-03-31,RPT,26.2683
RBI:RATIO_LNGNFC_INDUS_ANN_RN(1.0),N_A,AFY,SOI_HNR,2017,2016,CSH_CVG_RATIO,0,2017-03-31,RPT,3.114529
RBI:RATIO_LNGNFC_INDUS_ANN_RN(1.0),N_A,AFY,SOI_HNR,2017,2016,EBITDA_TO_SAL,0,2017-03-31,RPT,23.6581
RBI:RATIO_LNGNFC_INDUS_ANN_RN(1.0),N_A,AFY,SOI_HNR,2017,2016,INT_BURDEN,0,2017-03-31,RPT,51.4945
RBI:RATIO_LNGNFC_INDUS_ANN_RN(1.0),N_A,AFY,SOI_HNR,2017,2016,INT_CVG,0,2017-03-31,RPT,1.941953
RBI:RATIO_LNGNFC_INDUS_ANN_RN(1.0),N_A,AFY,SOI_HNR,2017,2016,INT_TO_SAL,0,2017-03-31,RPT,7.596
RBI:RATIO_LNGNFC_INDUS_ANN_RN(1.0),N_A,AFY,SOI_HNR,2017,2016,NET_PFT_TO_SAL,0,2017-03-31,RPT,3.914
RBI:RATIO_LNGNFC_INDUS_ANN_RN(1.0),N_A,AFY,SOI_HNR,2017,2016,OPR_PFTS_TO_SAL,0,2017-03-31,RPT,19.9363
RBI:RATIO_LNGNFC_INDUS_ANN_RN(1.0),N_A,AFY,SOI_HNR,2017,2016,TAX_PROV_TO_EBT,0,2017-03-31,RPT,36.9699
RBI:RATIO_LNGNFC_INDUS_ANN_RN(1.0),N_A,AFY,SOI_HS,2017,2016,CSH_CVG_RATIO,0,2017-03-31,RPT,3.870523
RBI:RATIO_LNGNFC_INDUS_ANN_RN(1.0),N_A,AFY,SOI_HS,2017,2016,EBITDA_TO_SAL,0,2017-03-31,RPT,12.7894
RBI:RATIO_LNGNFC_INDUS_ANN_RN(1.0),N_A,AFY,SOI_HS,2017,2016,INT_BURDEN,0,2017-03-31,RPT,38.9447
RBI:RATIO_LNGNFC_INDUS_ANN_RN(1.0),N_A,AFY,SOI_HS,2017,2016,INT_CVG,0,2017-03-31,RPT,2.567742
RBI:RATIO_LNGNFC_INDUS_ANN_RN(1.0),N_A,AFY,SOI_HS,2017,2016,INT_TO_SAL,0,2017-03-31,RPT,3.3043
RBI:RATIO_LNGNFC_INDUS_ANN_RN(1.0),N_A,AFY,SOI_HS,2017,2016,NET_PFT_TO_SAL,0,2017-03-31,RPT,3.7437
RBI:RATIO_LNGNFC_INDUS_ANN_RN(1.0),N_A,AFY,SOI_HS,2017,2016,OPR_PFTS_TO_SAL,0,2017-03-31,RPT,10.6039
RBI:RATIO_LNGNFC_INDUS_ANN_RN(1.0),N_A,AFY,SOI_HS,2017,2016,TAX_PROV_TO_EBT,0,2017-03-31,RPT,26.7248
RBI:RATIO_LNGNFC_INDUS_ANN_RN(1.0),N_A,AFY,SOI_OTH,2017,2016,CSH_CVG_RATIO,0,2017-03-31,RPT,5.563235
RBI:RATIO_LNGNFC_INDUS_ANN_RN(1.0),N_A,AFY,SOI_OTH,2017,2016,EBITDA_TO_SAL,0,2017-03-31,RPT,21.5088
RBI:RATIO_LNGNFC_INDUS_ANN_RN(1.0),N_A,AFY,SOI_OTH,2017,2016,INT_BURDEN,0,2017-03-31,RPT,22.9283
RBI:RATIO_LNGNFC_INDUS_ANN_RN(1.0),N_A,AFY,SOI_OTH,2017,2016,INT_CVG,0,2017-03-31,RPT,4.361432
RBI:RATIO_LNGNFC_INDUS_ANN_RN(1.0),N_A,AFY,SOI_OTH,2017,2016,INT_TO_SAL,0,2017-03-31,RPT,3.8662
RBI:RATIO_LNGNFC_INDUS_ANN_RN(1.0),N_A,AFY,SOI_OTH,2017,2016,NET_PFT_TO_SAL,0,2017-03-31,RPT,8.2695
RBI:RATIO_LNGNFC_INDUS_ANN_RN(1.0),N_A,AFY,SOI_OTH,2017,2016,OPR_PFTS_TO_SAL,0,2017-03-31,RPT,17.852
RBI:RATIO_LNGNFC_INDUS_ANN_RN(1.0),N_A,AFY,SOI_OTH,2017,2016,TAX_PROV_TO_EBT,0,2017-03-31,RPT,25.4865
RBI:RATIO_LNGNFC_INDUS_ANN_RN(1.0),N_A,AFY,SOI_RE,2017,2016,CSH_CVG_RATIO,0,2017-03-31,RPT,2.069301
RBI:RATIO_LNGNFC_INDUS_ANN_RN(1.0),N_A,AFY,SOI_RE,2017,2016,EBITDA_TO_SAL,0,2017-03-31,RPT,46.773
RBI:RATIO_LNGNFC_INDUS_ANN_RN(1.0),N_A,AFY,SOI_RE,2017,2016,INT_BURDEN,0,2017-03-31,RPT,52.1941
RBI:RATIO_LNGNFC_INDUS_ANN_RN(1.0),N_A,AFY,SOI_RE,2017,2016,INT_CVG,0,2017-03-31,RPT,1.915925
RBI:RATIO_LNGNFC_INDUS_ANN_RN(1.0),N_A,AFY,SOI_RE,2017,2016,INT_TO_SAL,0,2017-03-31,RPT,22.6033
RBI:RATIO_LNGNFC_INDUS_ANN_RN(1.0),N_A,AFY,SOI_RE,2017,2016,NET_PFT_TO_SAL,0,2017-03-31,RPT,16.7767
RBI:RATIO_LNGNFC_INDUS_ANN_RN(1.0),N_A,AFY,SOI_RE,2017,2016,OPR_PFTS_TO_SAL,0,2017-03-31,RPT,33.1118
RBI:RATIO_LNGNFC_INDUS_ANN_RN(1.0),N_A,AFY,SOI_RE,2017,2016,TAX_PROV_TO_EBT,0,2017-03-31,RPT,26.7665
RBI:RATIO_LNGNFC_INDUS_ANN_RN(1.0),N_A,AFY,SOI_TCOMM,2017,2016,CSH_CVG_RATIO,0,2017-03-31,RPT,3.169049
RBI:RATIO_LNGNFC_INDUS_ANN_RN(1.0),N_A,AFY,SOI_TCOMM,2017,2016,EBITDA_TO_SAL,0,2017-03-31,RPT,31.5299
RBI:RATIO_LNGNFC_INDUS_ANN_RN(1.0),N_A,AFY,SOI_TCOMM,2017,2016,INT_BURDEN,0,2017-03-31,RPT,88.9696
RBI:RATIO_LNGNFC_INDUS_ANN_RN(1.0),N_A,AFY,SOI_TCOMM,2017,2016,INT_CVG,0,2017-03-31,RPT,1.123979
RBI:RATIO_LNGNFC_INDUS_ANN_RN(1.0),N_A,AFY,SOI_TCOMM,2017,2016,INT_TO_SAL,0,2017-03-31,RPT,9.9493
RBI:RATIO_LNGNFC_INDUS_ANN_RN(1.0),N_A,AFY,SOI_TCOMM,2017,2016,NET_PFT_TO_SAL,0,2017-03-31,RPT,-13.0139
RBI:RATIO_LNGNFC_INDUS_ANN_RN(1.0),N_A,AFY,SOI_TCOMM,2017,2016,OPR_PFTS_TO_SAL,0,2017-03-31,RPT,30.0629
RBI:RATIO_LNGNFC_INDUS_ANN_RN(1.0),N_A,AFY,SOI_TCOMM,2017,2016,TAX_PROV_TO_EBT,0,2017-03-31,RPT,6.5746
RBI:RATIO_LNGNFC_INDUS_ANN_RN(1.0),N_A,AFY,SOI_TSS,2017,2016,CSH_CVG_RATIO,0,2017-03-31,RPT,4.068345
RBI:RATIO_LNGNFC_INDUS_ANN_RN(1.0),N_A,AFY,SOI_TSS,2017,2016,EBITDA_TO_SAL,0,2017-03-31,RPT,15.4928
RBI:RATIO_LNGNFC_INDUS_ANN_RN(1.0),N_A,AFY,SOI_TSS,2017,2016,INT_BURDEN,0,2017-03-31,RPT,35.0498
RBI:RATIO_LNGNFC_INDUS_ANN_RN(1.0),N_A,AFY,SOI_TSS,2017,2016,INT_CVG,0,2017-03-31,RPT,2.853081
RBI:RATIO_LNGNFC_INDUS_ANN_RN(1.0),N_A,AFY,SOI_TSS,2017,2016,INT_TO_SAL,0,2017-03-31,RPT,3.8081
RBI:RATIO_LNGNFC_INDUS_ANN_RN(1.0),N_A,AFY,SOI_TSS,2017,2016,NET_PFT_TO_SAL,0,2017-03-31,RPT,5.6362
RBI:RATIO_LNGNFC_INDUS_ANN_RN(1.0),N_A,AFY,SOI_TSS,2017,2016,OPR_PFTS_TO_SAL,0,2017-03-31,RPT,10.9013
RBI:RATIO_LNGNFC_INDUS_ANN_RN(1.0),N_A,AFY,SOI_TSS,2017,2016,TAX_PROV_TO_EBT,0,2017-03-31,RPT,15.9378
RBI:RATIO_LNGNFC_INDUS_ANN_RN(1.0),N_A,AFY,SOI_VTPB,2017,2016,CSH_CVG_RATIO,0,2017-03-31,RPT,11.354538
RBI:RATIO_LNGNFC_INDUS_ANN_RN(1.0),N_A,AFY,SOI_VTPB,2017,2016,EBITDA_TO_SAL,0,2017-03-31,RPT,35.0183
RBI:RATIO_LNGNFC_INDUS_ANN_RN(1.0),N_A,AFY,SOI_VTPB,2017,2016,INT_BURDEN,0,2017-03-31,RPT,10.5397
RBI:RATIO_LNGNFC_INDUS_ANN_RN(1.0),N_A,AFY,SOI_VTPB,2017,2016,INT_CVG,0,2017-03-31,RPT,9.487965
RBI:RATIO_LNGNFC_INDUS_ANN_RN(1.0),N_A,AFY,SOI_VTPB,2017,2016,INT_TO_SAL,0,2017-03-31,RPT,3.0841
RBI:RATIO_LNGNFC_INDUS_ANN_RN(1.0),N_A,AFY,SOI_VTPB,2017,2016,NET_PFT_TO_SAL,0,2017-03-31,RPT,16.9409
RBI:RATIO_LNGNFC_INDUS_ANN_RN(1.0),N_A,AFY,SOI_VTPB,2017,2016,OPR_PFTS_TO_SAL,0,2017-03-31,RPT,30.4231
RBI:RATIO_LNGNFC_INDUS_ANN_RN(1.0),N_A,AFY,SOI_VTPB,2017,2016,TAX_PROV_TO_EBT,0,2017-03-31,RPT,34.938
RBI:RATIO_LNGNFC_INDUS_ANN_RN(1.0),N_A,AFY,SOI_WRT,2017,2016,CSH_CVG_RATIO,0,2017-03-31,RPT,1.771896
RBI:RATIO_LNGNFC_INDUS_ANN_RN(1.0),N_A,AFY,SOI_WRT,2017,2016,EBITDA_TO_SAL,0,2017-03-31,RPT,7.6496
RBI:RATIO_LNGNFC_INDUS_ANN_RN(1.0),N_A,AFY,SOI_WRT,2017,2016,INT_BURDEN,0,2017-03-31,RPT,86.2063
RBI:RATIO_LNGNFC_INDUS_ANN_RN(1.0),N_A,AFY,SOI_WRT,2017,2016,INT_CVG,0,2017-03-31,RPT,1.160008
RBI:RATIO_LNGNFC_INDUS_ANN_RN(1.0),N_A,AFY,SOI_WRT,2017,2016,INT_TO_SAL,0,2017-03-31,RPT,4.3172
RBI:RATIO_LNGNFC_INDUS_ANN_RN(1.0),N_A,AFY,SOI_WRT,2017,2016,NET_PFT_TO_SAL,0,2017-03-31,RPT,0.1437
RBI:RATIO_LNGNFC_INDUS_ANN_RN(1.0),N_A,AFY,SOI_WRT,2017,2016,OPR_PFTS_TO_SAL,0,2017-03-31,RPT,5.2341
RBI:RATIO_LNGNFC_INDUS_ANN_RN(1.0),N_A,AFY,SOI_WRT,2017,2016,TAX_PROV_TO_EBT,0,2017-03-31,RPT,28.1354
RBI:RATIO_LNGNFC_INDUS_ANN_RN(1.0),N_A,AFY,AGR_REL_ACT,2018,2017,CSH_CVG_RATIO,0,2018-03-31,RPT,4.330533
RBI:RATIO_LNGNFC_INDUS_ANN_RN(1.0),N_A,AFY,AGR_REL_ACT,2018,2017,EBITDA_TO_SAL,0,2018-03-31,RPT,14.502
RBI:RATIO_LNGNFC_INDUS_ANN_RN(1.0),N_A,AFY,AGR_REL_ACT,2018,2017,INT_BURDEN,0,2018-03-31,RPT,27.6266
RBI:RATIO_LNGNFC_INDUS_ANN_RN(1.0),N_A,AFY,AGR_REL_ACT,2018,2017,INT_CVG,0,2018-03-31,RPT,3.619702
RBI:RATIO_LNGNFC_INDUS_ANN_RN(1.0),N_A,AFY,AGR_REL_ACT,2018,2017,INT_TO_SAL,0,2018-03-31,RPT,3.3488
RBI:RATIO_LNGNFC_INDUS_ANN_RN(1.0),N_A,AFY,AGR_REL_ACT,2018,2017,NET_PFT_TO_SAL,0,2018-03-31,RPT,6.353
RBI:RATIO_LNGNFC_INDUS_ANN_RN(1.0),N_A,AFY,AGR_REL_ACT,2018,2017,OPR_PFTS_TO_SAL,0,2018-03-31,RPT,9.5892
RBI:RATIO_LNGNFC_INDUS_ANN_RN(1.0),N_A,AFY,AGR_REL_ACT,2018,2017,TAX_PROV_TO_EBT,0,2018-03-31,RPT,29.2284
RBI:RATIO_LNGNFC_INDUS_ANN_RN(1.0),N_A,AFY,AGR_REL_ACT_OTH,2018,2017,CSH_CVG_RATIO,0,2018-03-31,RPT,7.863054
RBI:RATIO_LNGNFC_INDUS_ANN_RN(1.0),N_A,AFY,AGR_REL_ACT_OTH,2018,2017,EBITDA_TO_SAL,0,2018-03-31,RPT,14.7839
RBI:RATIO_LNGNFC_INDUS_ANN_RN(1.0),N_A,AFY,AGR_REL_ACT_OTH,2018,2017,INT_BURDEN,0,2018-03-31,RPT,14.3559
RBI:RATIO_LNGNFC_INDUS_ANN_RN(1.0),N_A,AFY,AGR_REL_ACT_OTH,2018,2017,INT_CVG,0,2018-03-31,RPT,6.965763
RBI:RATIO_LNGNFC_INDUS_ANN_RN(1.0),N_A,AFY,AGR_REL_ACT_OTH,2018,2017,INT_TO_SAL,0,2018-03-31,RPT,1.8802
RBI:RATIO_LNGNFC_INDUS_ANN_RN(1.0),N_A,AFY,AGR_REL_ACT_OTH,2018,2017,NET_PFT_TO_SAL,0,2018-03-31,RPT,3.1549
RBI:RATIO_LNGNFC_INDUS_ANN_RN(1.0),N_A,AFY,AGR_REL_ACT_OTH,2018,2017,NET_PFT_TO_SAL,0,2018-03-31,RPT,8.012
RBI:RATIO_LNGNFC_INDUS_ANN_RN(1.0),N_A,AFY,AGR_REL_ACT_OTH,2018,2017,OPR_PFTS_TO_SAL,0,2018-03-31,RPT,12.8739
RBI:RATIO_LNGNFC_INDUS_ANN_RN(1.0),N_A,AFY,AGR_REL_ACT_OTH,2018,2017,TAX_PROV_TO_EBT,0,2018-03-31,RPT,27.6066
RBI:RATIO_LNGNFC_INDUS_ANN_RN(1.0),N_A,AFY,ARA_TCP,2018,2017,CSH_CVG_RATIO,0,2018-03-31,RPT,2.258652
RBI:RATIO_LNGNFC_INDUS_ANN_RN(1.0),N_A,AFY,ARA_TCP,2018,2017,EBITDA_TO_SAL,0,2018-03-31,RPT,13.9584
RBI:RATIO_LNGNFC_INDUS_ANN_RN(1.0),N_A,AFY,ARA_TCP,2018,2017,INT_BURDEN,0,2018-03-31,RPT,60.3434
RBI:RATIO_LNGNFC_INDUS_ANN_RN(1.0),N_A,AFY,ARA_TCP,2018,2017,INT_CVG,0,2018-03-31,RPT,1.657182
RBI:RATIO_LNGNFC_INDUS_ANN_RN(1.0),N_A,AFY,ARA_TCP,2018,2017,INT_TO_SAL,0,2018-03-31,RPT,6.18
RBI:RATIO_LNGNFC_INDUS_ANN_RN(1.0),N_A,AFY,ARA_TCP,2018,2017,OPR_PFTS_TO_SAL,0,2018-03-31,RPT,3.2569
RBI:RATIO_LNGNFC_INDUS_ANN_RN(1.0),N_A,AFY,ARA_TCP,2018,2017,TAX_PROV_TO_EBT,0,2018-03-31,RPT,37.5994
RBI:RATIO_LNGNFC_INDUS_ANN_RN(1.0),N_A,AFY,CONSTRN,2018,2017,CSH_CVG_RATIO,0,2018-03-31,RPT,1.752223
RBI:RATIO_LNGNFC_INDUS_ANN_RN(1.0),N_A,AFY,CONSTRN,2018,2017,EBITDA_TO_SAL,0,2018-03-31,RPT,15.2384
RBI:RATIO_LNGNFC_INDUS_ANN_RN(1.0),N_A,AFY,CONSTRN,2018,2017,INT_BURDEN,0,2018-03-31,RPT,66.8285
RBI:RATIO_LNGNFC_INDUS_ANN_RN(1.0),N_A,AFY,CONSTRN,2018,2017,INT_CVG,0,2018-03-31,RPT,1.496368
RBI:RATIO_LNGNFC_INDUS_ANN_RN(1.0),N_A,AFY,CONSTRN,2018,2017,INT_TO_SAL,0,2018-03-31,RPT,8.6966
RBI:RATIO_LNGNFC_INDUS_ANN_RN(1.0),N_A,AFY,CONSTRN,2018,2017,NET_PFT_TO_SAL,0,2018-03-31,RPT,2.6833
RBI:RATIO_LNGNFC_INDUS_ANN_RN(1.0),N_A,AFY,CONSTRN,2018,2017,OPR_PFTS_TO_SAL,0,2018-03-31,RPT,10.4988
RBI:RATIO_LNGNFC_INDUS_ANN_RN(1.0),N_A,AFY,CONSTRN,2018,2017,TAX_PROV_TO_EBT,0,2018-03-31,RPT,23.8776
RBI:RATIO_LNGNFC_INDUS_ANN_RN(1.0),N_A,AFY,ELC_GAS_SPLY,2018,2017,CSH_CVG_RATIO,0,2018-03-31,RPT,1.740629
RBI:RATIO_LNGNFC_INDUS_ANN_RN(1.0),N_A,AFY,ELC_GAS_SPLY,2018,2017,EBITDA_TO_SAL,0,2018-03-31,RPT,32.9349
RBI:RATIO_LNGNFC_INDUS_ANN_RN(1.0),N_A,AFY,ELC_GAS_SPLY,2018,2017,INT_BURDEN,0,2018-03-31,RPT,78.7686
RBI:RATIO_LNGNFC_INDUS_ANN_RN(1.0),N_A,AFY,ELC_GAS_SPLY,2018,2017,INT_CVG,0,2018-03-31,RPT,1.269541
RBI:RATIO_LNGNFC_INDUS_ANN_RN(1.0),N_A,AFY,ELC_GAS_SPLY,2018,2017,INT_TO_SAL,0,2018-03-31,RPT,18.9213
RBI:RATIO_LNGNFC_INDUS_ANN_RN(1.0),N_A,AFY,ELC_GAS_SPLY,2018,2017,NET_PFT_TO_SAL,0,2018-03-31,RPT,-1.901
RBI:RATIO_LNGNFC_INDUS_ANN_RN(1.0),N_A,AFY,ELC_GAS_SPLY,2018,2017,OPR_PFTS_TO_SAL,0,2018-03-31,RPT,23.0039
RBI:RATIO_LNGNFC_INDUS_ANN_RN(1.0),N_A,AFY,ELC_GAS_SPLY,2018,2017,TAX_PROV_TO_EBT,0,2018-03-31,RPT,17.7181
RBI:RATIO_LNGNFC_INDUS_ANN_RN(1.0),N_A,AFY,INDS_GRP_ALL_COMP,2018,2017,CSH_CVG_RATIO,0,2018-03-31,RPT,5.154412
RBI:RATIO_LNGNFC_INDUS_ANN_RN(1.0),N_A,AFY,INDS_GRP_ALL_COMP,2018,2017,EBITDA_TO_SAL,0,2018-03-31,RPT,18.55
RBI:RATIO_LNGNFC_INDUS_ANN_RN(1.0),N_A,AFY,INDS_GRP_ALL_COMP,2018,2017,INT_BURDEN,0,2018-03-31,RPT,24.817
RBI:RATIO_LNGNFC_INDUS_ANN_RN(1.0),N_A,AFY,INDS_GRP_ALL_COMP,2018,2017,INT_CVG,0,2018-03-31,RPT,4.029495
RBI:RATIO_LNGNFC_INDUS_ANN_RN(1.0),N_A,AFY,INDS_GRP_ALL_COMP,2018,2017,INT_TO_SAL,0,2018-03-31,RPT,3.5989
RBI:RATIO_LNGNFC_INDUS_ANN_RN(1.0),N_A,AFY,INDS_GRP_ALL_COMP,2018,2017,NET_PFT_TO_SAL,0,2018-03-31,RPT,6.7422
RBI:RATIO_LNGNFC_INDUS_ANN_RN(1.0),N_A,AFY,INDS_GRP_ALL_COMP,2018,2017,OPR_PFTS_TO_SAL,0,2018-03-31,RPT,15.3205
RBI:RATIO_LNGNFC_INDUS_ANN_RN(1.0),N_A,AFY,INDS_GRP_ALL_COMP,2018,2017,TAX_PROV_TO_EBT,0,2018-03-31,RPT,24.2233
RBI:RATIO_LNGNFC_INDUS_ANN_RN(1.0),N_A,AFY,IT_CSRS,2018,2017,CSH_CVG_RATIO,0,2018-03-31,RPT,80.036078
RBI:RATIO_LNGNFC_INDUS_ANN_RN(1.0),N_A,AFY,IT_CSRS,2018,2017,EBITDA_TO_SAL,0,2018-03-31,RPT,30.6917
RBI:RATIO_LNGNFC_INDUS_ANN_RN(1.0),N_A,AFY,IT_CSRS,2018,2017,INT_BURDEN,0,2018-03-31,RPT,1.3506
RBI:RATIO_LNGNFC_INDUS_ANN_RN(1.0),N_A,AFY,IT_CSRS,2018,2017,INT_CVG,0,2018-03-31,RPT,74.040048
RBI:RATIO_LNGNFC_INDUS_ANN_RN(1.0),N_A,AFY,IT_CSRS,2018,2017,INT_TO_SAL,0,2018-03-31,RPT,0.3835
RBI:RATIO_LNGNFC_INDUS_ANN_RN(1.0),N_A,AFY,IT_CSRS,2018,2017,NET_PFT_TO_SAL,0,2018-03-31,RPT,22.0674
RBI:RATIO_LNGNFC_INDUS_ANN_RN(1.0),N_A,AFY,IT_CSRS,2018,2017,OPR_PFTS_TO_SAL,0,2018-03-31,RPT,25.0454
RBI:RATIO_LNGNFC_INDUS_ANN_RN(1.0),N_A,AFY,IT_CSRS,2018,2017,TAX_PROV_TO_EBT,0,2018-03-31,RPT,21.8534
RBI:RATIO_LNGNFC_INDUS_ANN_RN(1.0),N_A,AFY,MIN_N_QUARY,2018,2017,CSH_CVG_RATIO,0,2018-03-31,RPT,2.80128
RBI:RATIO_LNGNFC_INDUS_ANN_RN(1.0),N_A,AFY,MIN_N_QUARY,2018,2017,EBITDA_TO_SAL,0,2018-03-31,RPT,22.0055
RBI:RATIO_LNGNFC_INDUS_ANN_RN(1.0),N_A,AFY,MIN_N_QUARY,2018,2017,INT_BURDEN,0,2018-03-31,RPT,49.243
RBI:RATIO_LNGNFC_INDUS_ANN_RN(1.0),N_A,AFY,MIN_N_QUARY,2018,2017,INT_CVG,0,2018-03-31,RPT,2.030744
RBI:RATIO_LNGNFC_INDUS_ANN_RN(1.0),N_A,AFY,MIN_N_QUARY,2018,2017,INT_TO_SAL,0,2018-03-31,RPT,7.8555
RBI:RATIO_LNGNFC_INDUS_ANN_RN(1.0),N_A,AFY,MIN_N_QUARY,2018,2017,NET_PFT_TO_SAL,0,2018-03-31,RPT,14.2424
RBI:RATIO_LNGNFC_INDUS_ANN_RN(1.0),N_A,AFY,MIN_N_QUARY,2018,2017,OPR_PFTS_TO_SAL,0,2018-03-31,RPT,12.0419
RBI:RATIO_LNGNFC_INDUS_ANN_RN(1.0),N_A,AFY,MIN_N_QUARY,2018,2017,TAX_PROV_TO_EBT,0,2018-03-31,RPT,5.1032
RBI:RATIO_LNGNFC_INDUS_ANN_RN(1.0),N_A,AFY,MNF,2018,2017,CSH_CVG_RATIO,0,2018-03-31,RPT,6.340532
RBI:RATIO_LNGNFC_INDUS_ANN_RN(1.0),N_A,AFY,MNF,2018,2017,EBITDA_TO_SAL,0,2018-03-31,RPT,16.8325
RBI:RATIO_LNGNFC_INDUS_ANN_RN(1.0),N_A,AFY,MNF,2018,2017,INT_BURDEN,0,2018-03-31,RPT,19.903
RBI:RATIO_LNGNFC_INDUS_ANN_RN(1.0),N_A,AFY,MNF,2018,2017,INT_CVG,0,2018-03-31,RPT,5.024358
RBI:RATIO_LNGNFC_INDUS_ANN_RN(1.0),N_A,AFY,MNF,2018,2017,INT_TO_SAL,0,2018-03-31,RPT,2.6547
RBI:RATIO_LNGNFC_INDUS_ANN_RN(1.0),N_A,AFY,MNF,2018,2017,NET_PFT_TO_SAL,0,2018-03-31,RPT,6.795
RBI:RATIO_LNGNFC_INDUS_ANN_RN(1.0),N_A,AFY,MNF,2018,2017,OPR_PFTS_TO_SAL,0,2018-03-31,RPT,14.4178
RBI:RATIO_LNGNFC_INDUS_ANN_RN(1.0),N_A,AFY,MNF,2018,2017,TAX_PROV_TO_EBT,0,2018-03-31,RPT,25.0357
RBI:RATIO_LNGNFC_INDUS_ANN_RN(1.0),N_A,AFY,MNF_CCP,2018,2017,CSH_CVG_RATIO,0,2018-03-31,RPT,5.589589
RBI:RATIO_LNGNFC_INDUS_ANN_RN(1.0),N_A,AFY,MNF_CCP,2018,2017,EBITDA_TO_SAL,0,2018-03-31,RPT,19.0573
RBI:RATIO_LNGNFC_INDUS_ANN_RN(1.0),N_A,AFY,MNF_CCP,2018,2017,INT_BURDEN,0,2018-03-31,RPT,24.8279
RBI:RATIO_LNGNFC_INDUS_ANN_RN(1.0),N_A,AFY,MNF_CCP,2018,2017,INT_CVG,0,2018-03-31,RPT,4.02772
RBI:RATIO_LNGNFC_INDUS_ANN_RN(1.0),N_A,AFY,MNF_CCP,2018,2017,INT_TO_SAL,0,2018-03-31,RPT,3.4094
RBI:RATIO_LNGNFC_INDUS_ANN_RN(1.0),N_A,AFY,MNF_CCP,2018,2017,NET_PFT_TO_SAL,0,2018-03-31,RPT,7.265
RBI:RATIO_LNGNFC_INDUS_ANN_RN(1.0),N_A,AFY,MNF_CCP,2018,2017,OPR_PFTS_TO_SAL,0,2018-03-31,RPT,17.0193
RBI:RATIO_LNGNFC_INDUS_ANN_RN(1.0),N_A,AFY,MNF_CCP,2018,2017,TAX_PROV_TO_EBT,0,2018-03-31,RPT,21.9243
RBI:RATIO_LNGNFC_INDUS_ANN_RN(1.0),N_A,AFY,MNF_CEE,2018,2017,CSH_CVG_RATIO,0,2018-03-31,RPT,22.88043
RBI:RATIO_LNGNFC_INDUS_ANN_RN(1.0),N_A,AFY,MNF_CEE,2018,2017,EBITDA_TO_SAL,0,2018-03-31,RPT,17.9175
RBI:RATIO_LNGNFC_INDUS_ANN_RN(1.0),N_A,AFY,MNF_CEE,2018,2017,INT_BURDEN,0,2018-03-31,RPT,5.7964
RBI:RATIO_LNGNFC_INDUS_ANN_RN(1.0),N_A,AFY,MNF_CEE,2018,2017,INT_CVG,0,2018-03-31,RPT,17.252051
RBI:RATIO_LNGNFC_INDUS_ANN_RN(1.0),N_A,AFY,MNF_CEE,2018,2017,INT_TO_SAL,0,2018-03-31,RPT,0.7831
RBI:RATIO_LNGNFC_INDUS_ANN_RN(1.0),N_A,AFY,MNF_CEE,2018,2017,NET_PFT_TO_SAL,0,2018-03-31,RPT,7.4466
RBI:RATIO_LNGNFC_INDUS_ANN_RN(1.0),N_A,AFY,MNF_CEE,2018,2017,OPR_PFTS_TO_SAL,0,2018-03-31,RPT,13.5535
RBI:RATIO_LNGNFC_INDUS_ANN_RN(1.0),N_A,AFY,MNF_CEE,2018,2017,TAX_PROV_TO_EBT,0,2018-03-31,RPT,27.2951
RBI:RATIO_LNGNFC_INDUS_ANN_RN(1.0),N_A,AFY,MNF_CHM_PRD,2018,2017,CSH_CVG_RATIO,0,2018-03-31,RPT,10.644608
RBI:RATIO_LNGNFC_INDUS_ANN_RN(1.0),N_A,AFY,MNF_CHM_PRD,2018,2017,EBITDA_TO_SAL,0,2018-03-31,RPT,18.0763
RBI:RATIO_LNGNFC_INDUS_ANN_RN(1.0),N_A,AFY,MNF_CHM_PRD,2018,2017,INT_BURDEN,0,2018-03-31,RPT,10.8991
RBI:RATIO_LNGNFC_INDUS_ANN_RN(1.0),N_A,AFY,MNF_CHM_PRD,2018,2017,INT_CVG,0,2018-03-31,RPT,9.175076
RBI:RATIO_LNGNFC_INDUS_ANN_RN(1.0),N_A,AFY,MNF_CHM_PRD,2018,2017,INT_TO_SAL,0,2018-03-31,RPT,1.6982
RBI:RATIO_LNGNFC_INDUS_ANN_RN(1.0),N_A,AFY,MNF_CHM_PRD,2018,2017,NET_PFT_TO_SAL,0,2018-03-31,RPT,10.3986
RBI:RATIO_LNGNFC_INDUS_ANN_RN(1.0),N_A,AFY,MNF_CHM_PRD,2018,2017,OPR_PFTS_TO_SAL,0,2018-03-31,RPT,15.8706
RBI:RATIO_LNGNFC_INDUS_ANN_RN(1.0),N_A,AFY,MNF_CHM_PRD,2018,2017,TAX_PROV_TO_EBT,0,2018-03-31,RPT,26.4553
RBI:RATIO_LNGNFC_INDUS_ANN_RN(1.0),N_A,AFY,MNF_CP_BASIC,2018,2017,CSH_CVG_RATIO,0,2018-03-31,RPT,8.498966
RBI:RATIO_LNGNFC_INDUS_ANN_RN(1.0),N_A,AFY,MNF_CP_BASIC,2018,2017,EBITDA_TO_SAL,0,2018-03-31,RPT,21.0911
RBI:RATIO_LNGNFC_INDUS_ANN_RN(1.0),N_A,AFY,MNF_CP_BASIC,2018,2017,INT_BURDEN,0,2018-03-31,RPT,13.9613
RBI:RATIO_LNGNFC_INDUS_ANN_RN(1.0),N_A,AFY,MNF_CP_BASIC,2018,2017,INT_CVG,0,2018-03-31,RPT,7.162641
RBI:RATIO_LNGNFC_INDUS_ANN_RN(1.0),N_A,AFY,MNF_CP_BASIC,2018,2017,INT_TO_SAL,0,2018-03-31,RPT,2.4816
RBI:RATIO_LNGNFC_INDUS_ANN_RN(1.0),N_A,AFY,MNF_CP_BASIC,2018,2017,NET_PFT_TO_SAL,0,2018-03-31,RPT,12.1848
RBI:RATIO_LNGNFC_INDUS_ANN_RN(1.0),N_A,AFY,MNF_CP_BASIC,2018,2017,OPR_PFTS_TO_SAL,0,2018-03-31,RPT,17.3362
RBI:RATIO_LNGNFC_INDUS_ANN_RN(1.0),N_A,AFY,MNF_CP_BASIC,2018,2017,TAX_PROV_TO_EBT,0,2018-03-31,RPT,21.9522
RBI:RATIO_LNGNFC_INDUS_ANN_RN(1.0),N_A,AFY,MNF_CP_FNP,2018,2017,CSH_CVG_RATIO,0,2018-03-31,RPT,3.735607
RBI:RATIO_LNGNFC_INDUS_ANN_RN(1.0),N_A,AFY,MNF_CP_FNP,2018,2017,EBITDA_TO_SAL,0,2018-03-31,RPT,11.3812
RBI:RATIO_LNGNFC_INDUS_ANN_RN(1.0),N_A,AFY,MNF_CP_FNP,2018,2017,INT_BURDEN,0,2018-03-31,RPT,30.701
RBI:RATIO_LNGNFC_INDUS_ANN_RN(1.0),N_A,AFY,MNF_CP_FNP,2018,2017,INT_CVG,0,2018-03-31,RPT,3.257227
RBI:RATIO_LNGNFC_INDUS_ANN_RN(1.0),N_A,AFY,MNF_CP_FNP,2018,2017,INT_TO_SAL,0,2018-03-31,RPT,3.0467
RBI:RATIO_LNGNFC_INDUS_ANN_RN(1.0),N_A,AFY,MNF_CP_FNP,2018,2017,NET_PFT_TO_SAL,0,2018-03-31,RPT,4.9026
RBI:RATIO_LNGNFC_INDUS_ANN_RN(1.0),N_A,AFY,MNF_CP_FNP,2018,2017,OPR_PFTS_TO_SAL,0,2018-03-31,RPT,10.2479
RBI:RATIO_LNGNFC_INDUS_ANN_RN(1.0),N_A,AFY,MNF_CP_FNP,2018,2017,TAX_PROV_TO_EBT,0,2018-03-31,RPT,25.9844
RBI:RATIO_LNGNFC_INDUS_ANN_RN(1.0),N_A,AFY,MNF_CP_OTH,2018,2017,CSH_CVG_RATIO,0,2018-03-31,RPT,17.274227
RBI:RATIO_LNGNFC_INDUS_ANN_RN(1.0),N_A,AFY,MNF_CP_OTH,2018,2017,EBITDA_TO_SAL,0,2018-03-31,RPT,18.9645
RBI:RATIO_LNGNFC_INDUS_ANN_RN(1.0),N_A,AFY,MNF_CP_OTH,2018,2017,INT_BURDEN,0,2018-03-31,RPT,6.6969
RBI:RATIO_LNGNFC_INDUS_ANN_RN(1.0),N_A,AFY,MNF_CP_OTH,2018,2017,INT_CVG,0,2018-03-31,RPT,14.9322
RBI:RATIO_LNGNFC_INDUS_ANN_RN(1.0),N_A,AFY,MNF_CP_OTH,2018,2017,INT_TO_SAL,0,2018-03-31,RPT,1.0979
RBI:RATIO_LNGNFC_INDUS_ANN_RN(1.0),N_A,AFY,MNF_CP_OTH,2018,2017,NET_PFT_TO_SAL,0,2018-03-31,RPT,11.3516
RBI:RATIO_LNGNFC_INDUS_ANN_RN(1.0),N_A,AFY,MNF_CP_OTH,2018,2017,OPR_PFTS_TO_SAL,0,2018-03-31,RPT,17.012
RBI:RATIO_LNGNFC_INDUS_ANN_RN(1.0),N_A,AFY,MNF_CP_OTH,2018,2017,TAX_PROV_TO_EBT,0,2018-03-31,RPT,27.0968
RBI:RATIO_LNGNFC_INDUS_ANN_RN(1.0),N_A,AFY,MNF_CP_PNV,2018,2017,CSH_CVG_RATIO,0,2018-03-31,RPT,65.915619
RBI:RATIO_LNGNFC_INDUS_ANN_RN(1.0),N_A,AFY,MNF_CP_PNV,2018,2017,EBITDA_TO_SAL,0,2018-03-31,RPT,18.8892
RBI:RATIO_LNGNFC_INDUS_ANN_RN(1.0),N_A,AFY,MNF_CP_PNV,2018,2017,INT_BURDEN,0,2018-03-31,RPT,1.7091
RBI:RATIO_LNGNFC_INDUS_ANN_RN(1.0),N_A,AFY,MNF_CP_PNV,2018,2017,INT_CVG,0,2018-03-31,RPT,58.511388
RBI:RATIO_LNGNFC_INDUS_ANN_RN(1.0),N_A,AFY,MNF_CP_PNV,2018,2017,INT_TO_SAL,0,2018-03-31,RPT,0.2866
RBI:RATIO_LNGNFC_INDUS_ANN_RN(1.0),N_A,AFY,MNF_CP_PNV,2018,2017,NET_PFT_TO_SAL,0,2018-03-31,RPT,11.6216
RBI:RATIO_LNGNFC_INDUS_ANN_RN(1.0),N_A,AFY,MNF_CP_PNV,2018,2017,OPR_PFTS_TO_SAL,0,2018-03-31,RPT,17.2168
RBI:RATIO_LNGNFC_INDUS_ANN_RN(1.0),N_A,AFY,MNF_CP_PNV,2018,2017,TAX_PROV_TO_EBT,0,2018-03-31,RPT,33.2692
RBI:RATIO_LNGNFC_INDUS_ANN_RN(1.0),N_A,AFY,MNF_EMA,2018,2017,CSH_CVG_RATIO,0,2018-03-31,RPT,4.319312
RBI:RATIO_LNGNFC_INDUS_ANN_RN(1.0),N_A,AFY,MNF_EMA,2018,2017,EBITDA_TO_SAL,0,2018-03-31,RPT,11.4959
RBI:RATIO_LNGNFC_INDUS_ANN_RN(1.0),N_A,AFY,MNF_EMA,2018,2017,INT_BURDEN,0,2018-03-31,RPT,28.9002
RBI:RATIO_LNGNFC_INDUS_ANN_RN(1.0),N_A,AFY,MNF_EMA,2018,2017,INT_CVG,0,2018-03-31,RPT,3.460189
RBI:RATIO_LNGNFC_INDUS_ANN_RN(1.0),N_A,AFY,MNF_EMA,2018,2017,INT_TO_SAL,0,2018-03-31,RPT,2.6615
RBI:RATIO_LNGNFC_INDUS_ANN_RN(1.0),N_A,AFY,MNF_EMA,2018,2017,NET_PFT_TO_SAL,0,2018-03-31,RPT,3.3952
RBI:RATIO_LNGNFC_INDUS_ANN_RN(1.0),N_A,AFY,MNF_EMA,2018,2017,OPR_PFTS_TO_SAL,0,2018-03-31,RPT,9.4743
RBI:RATIO_LNGNFC_INDUS_ANN_RN(1.0),N_A,AFY,MNF_EMA,2018,2017,TAX_PROV_TO_EBT,0,2018-03-31,RPT,30.76
RBI:RATIO_LNGNFC_INDUS_ANN_RN(1.0),N_A,AFY,MNF_FMP,2018,2017,CSH_CVG_RATIO,0,2018-03-31,RPT,5.687985
RBI:RATIO_LNGNFC_INDUS_ANN_RN(1.0),N_A,AFY,MNF_FMP,2018,2017,EBITDA_TO_SAL,0,2018-03-31,RPT,18.1852
RBI:RATIO_LNGNFC_INDUS_ANN_RN(1.0),N_A,AFY,MNF_FMP,2018,2017,INT_BURDEN,0,2018-03-31,RPT,24.1914
RBI:RATIO_LNGNFC_INDUS_ANN_RN(1.0),N_A,AFY,MNF_FMP,2018,2017,INT_CVG,0,2018-03-31,RPT,4.133706
RBI:RATIO_LNGNFC_INDUS_ANN_RN(1.0),N_A,AFY,MNF_FMP,2018,2017,INT_TO_SAL,0,2018-03-31,RPT,3.1971
RBI:RATIO_LNGNFC_INDUS_ANN_RN(1.0),N_A,AFY,MNF_FMP,2018,2017,NET_PFT_TO_SAL,0,2018-03-31,RPT,3.4855
RBI:RATIO_LNGNFC_INDUS_ANN_RN(1.0),N_A,AFY,MNF_FMP,2018,2017,OPR_PFTS_TO_SAL,0,2018-03-31,RPT,16.4024
RBI:RATIO_LNGNFC_INDUS_ANN_RN(1.0),N_A,AFY,MNF_FMP,2018,2017,TAX_PROV_TO_EBT,0,2018-03-31,RPT,31.0842
RBI:RATIO_LNGNFC_INDUS_ANN_RN(1.0),N_A,AFY,MNF_FPB,2018,2017,CSH_CVG_RATIO,0,2018-03-31,RPT,2.264574
RBI:RATIO_LNGNFC_INDUS_ANN_RN(1.0),N_A,AFY,MNF_FPB,2018,2017,EBITDA_TO_SAL,0,2018-03-31,RPT,7.6252
RBI:RATIO_LNGNFC_INDUS_ANN_RN(1.0),N_A,AFY,MNF_FPB,2018,2017,INT_BURDEN,0,2018-03-31,RPT,63.46
RBI:RATIO_LNGNFC_INDUS_ANN_RN(1.0),N_A,AFY,MNF_FPB,2018,2017,INT_CVG,0,2018-03-31,RPT,1.575796
RBI:RATIO_LNGNFC_INDUS_ANN_RN(1.0),N_A,AFY,MNF_FPB,2018,2017,INT_TO_SAL,0,2018-03-31,RPT,3.3671
RBI:RATIO_LNGNFC_INDUS_ANN_RN(1.0),N_A,AFY,MNF_FPB,2018,2017,NET_PFT_TO_SAL,0,2018-03-31,RPT,-1.7563
RBI:RATIO_LNGNFC_INDUS_ANN_RN(1.0),N_A,AFY,MNF_FPB,2018,2017,OPR_PFTS_TO_SAL,0,2018-03-31,RPT,5.6861
RBI:RATIO_LNGNFC_INDUS_ANN_RN(1.0),N_A,AFY,MNF_FPB,2018,2017,TAX_PROV_TO_EBT,0,2018-03-31,RPT,30.1489
RBI:RATIO_LNGNFC_INDUS_ANN_RN(1.0),N_A,AFY,MNF_FPB_DAIRY_PRD,2018,2017,CSH_CVG_RATIO,0,2018-03-31,RPT,7.405589
RBI:RATIO_LNGNFC_INDUS_ANN_RN(1.0),N_A,AFY,MNF_FPB_DAIRY_PRD,2018,2017,EBITDA_TO_SAL,0,2018-03-31,RPT,13.6138
RBI:RATIO_LNGNFC_INDUS_ANN_RN(1.0),N_A,AFY,MNF_FPB_DAIRY_PRD,2018,2017,INT_BURDEN,0,2018-03-31,RPT,16.8676
RBI:RATIO_LNGNFC_INDUS_ANN_RN(1.0),N_A,AFY,MNF_FPB_DAIRY_PRD,2018,2017,INT_CVG,0,2018-03-31,RPT,5.928522
RBI:RATIO_LNGNFC_INDUS_ANN_RN(1.0),N_A,AFY,MNF_FPB_DAIRY_PRD,2018,2017,INT_TO_SAL,0,2018-03-31,RPT,1.8383
RBI:RATIO_LNGNFC_INDUS_ANN_RN(1.0),N_A,AFY,MNF_FPB_DAIRY_PRD,2018,2017,NET_PFT_TO_SAL,0,2018-03-31,RPT,6.0334
RBI:RATIO_LNGNFC_INDUS_ANN_RN(1.0),N_A,AFY,MNF_FPB_DAIRY_PRD,2018,2017,OPR_PFTS_TO_SAL,0,2018-03-31,RPT,11.2893
RBI:RATIO_LNGNFC_INDUS_ANN_RN(1.0),N_A,AFY,MNF_FPB_DAIRY_PRD,2018,2017,TAX_PROV_TO_EBT,0,2018-03-31,RPT,35.3966
RBI:RATIO_LNGNFC_INDUS_ANN_RN(1.0),N_A,AFY,MNF_FPB_EDD_OIL,2018,2017,EBITDA_TO_SAL,0,2018-03-31,RPT,-10.102
RBI:RATIO_LNGNFC_INDUS_ANN_RN(1.0),N_A,AFY,MNF_FPB_EDD_OIL,2018,2017,INT_TO_SAL,0,2018-03-31,RPT,3.2233
RBI:RATIO_LNGNFC_INDUS_ANN_RN(1.0),N_A,AFY,MNF_FPB_EDD_OIL,2018,2017,NET_PFT_TO_SAL,0,2018-03-31,RPT,-14.8365
RBI:RATIO_LNGNFC_INDUS_ANN_RN(1.0),N_A,AFY,MNF_FPB_EDD_OIL,2018,2017,OPR_PFTS_TO_SAL,0,2018-03-31,RPT,-11.2732
RBI:RATIO_LNGNFC_INDUS_ANN_RN(1.0),N_A,AFY,MNF_FPB_EDD_OIL,2018,2017,TAX_PROV_TO_EBT,0,2018-03-31,RPT,22.4477
RBI:RATIO_LNGNFC_INDUS_ANN_RN(1.0),N_A,AFY,MNF_FPB_ESGR,2018,2017,CSH_CVG_RATIO,0,2018-03-31,RPT,1.253846
RBI:RATIO_LNGNFC_INDUS_ANN_RN(1.0),N_A,AFY,MNF_FPB_ESGR,2018,2017,EBITDA_TO_SAL,0,2018-03-31,RPT,7.2771
RBI:RATIO_LNGNFC_INDUS_ANN_RN(1.0),N_A,AFY,MNF_FPB_ESGR,2018,2017,INT_BURDEN,0,2018-03-31,RPT,136.5382
RBI:RATIO_LNGNFC_INDUS_ANN_RN(1.0),N_A,AFY,MNF_FPB_ESGR,2018,2017,INT_CVG,0,2018-03-31,RPT,0.732396
RBI:RATIO_LNGNFC_INDUS_ANN_RN(1.0),N_A,AFY,MNF_FPB_ESGR,2018,2017,INT_TO_SAL,0,2018-03-31,RPT,5.8038
RBI:RATIO_LNGNFC_INDUS_ANN_RN(1.0),N_A,AFY,MNF_FPB_ESGR,2018,2017,NET_PFT_TO_SAL,0,2018-03-31,RPT,-6.8684
RBI:RATIO_LNGNFC_INDUS_ANN_RN(1.0),N_A,AFY,MNF_FPB_ESGR,2018,2017,OPR_PFTS_TO_SAL,0,2018-03-31,RPT,5.5006
RBI:RATIO_LNGNFC_INDUS_ANN_RN(1.0),N_A,AFY,MNF_FPB_ESGR,2018,2017,TAX_PROV_TO_EBT,0,2018-03-31,RPT,18.1524
RBI:RATIO_LNGNFC_INDUS_ANN_RN(1.0),N_A,AFY,MNF_FPB_OFP,2018,2017,CSH_CVG_RATIO,0,2018-03-31,RPT,5.538083
RBI:RATIO_LNGNFC_INDUS_ANN_RN(1.0),N_A,AFY,MNF_FPB_OFP,2018,2017,EBITDA_TO_SAL,0,2018-03-31,RPT,13.7483
RBI:RATIO_LNGNFC_INDUS_ANN_RN(1.0),N_A,AFY,MNF_FPB_OFP,2018,2017,INT_BURDEN,0,2018-03-31,RPT,21.5259
RBI:RATIO_LNGNFC_INDUS_ANN_RN(1.0),N_A,AFY,MNF_FPB_OFP,2018,2017,INT_CVG,0,2018-03-31,RPT,4.645571
RBI:RATIO_LNGNFC_INDUS_ANN_RN(1.0),N_A,AFY,MNF_FPB_OFP,2018,2017,INT_TO_SAL,0,2018-03-31,RPT,2.4825
RBI:RATIO_LNGNFC_INDUS_ANN_RN(1.0),N_A,AFY,MNF_FPB_OFP,2018,2017,NET_PFT_TO_SAL,0,2018-03-31,RPT,4.5249
RBI:RATIO_LNGNFC_INDUS_ANN_RN(1.0),N_A,AFY,MNF_FPB_OFP,2018,2017,OPR_PFTS_TO_SAL,0,2018-03-31,RPT,11.5003
RBI:RATIO_LNGNFC_INDUS_ANN_RN(1.0),N_A,AFY,MNF_FPB_OFP,2018,2017,TAX_PROV_TO_EBT,0,2018-03-31,RPT,32.2351
RBI:RATIO_LNGNFC_INDUS_ANN_RN(1.0),N_A,AFY,MNF_GGP,2018,2017,CSH_CVG_RATIO,0,2018-03-31,RPT,2.423988
RBI:RATIO_LNGNFC_INDUS_ANN_RN(1.0),N_A,AFY,MNF_GGP,2018,2017,EBITDA_TO_SAL,0,2018-03-31,RPT,15.9397
RBI:RATIO_LNGNFC_INDUS_ANN_RN(1.0),N_A,AFY,MNF_GGP,2018,2017,INT_BURDEN,0,2018-03-31,RPT,61.3282
RBI:RATIO_LNGNFC_INDUS_ANN_RN(1.0),N_A,AFY,MNF_GGP,2018,2017,INT_CVG,0,2018-03-31,RPT,1.63057
RBI:RATIO_LNGNFC_INDUS_ANN_RN(1.0),N_A,AFY,MNF_GGP,2018,2017,INT_TO_SAL,0,2018-03-31,RPT,6.5758
RBI:RATIO_LNGNFC_INDUS_ANN_RN(1.0),N_A,AFY,MNF_GGP,2018,2017,NET_PFT_TO_SAL,0,2018-03-31,RPT,1.3544
RBI:RATIO_LNGNFC_INDUS_ANN_RN(1.0),N_A,AFY,MNF_GGP,2018,2017,OPR_PFTS_TO_SAL,0,2018-03-31,RPT,13.9399
RBI:RATIO_LNGNFC_INDUS_ANN_RN(1.0),N_A,AFY,MNF_GGP,2018,2017,TAX_PROV_TO_EBT,0,2018-03-31,RPT,31.7672
RBI:RATIO_LNGNFC_INDUS_ANN_RN(1.0),N_A,AFY,MNF_INS,2018,2017,CSH_CVG_RATIO,0,2018-03-31,RPT,2.805373
RBI:RATIO_LNGNFC_INDUS_ANN_RN(1.0),N_A,AFY,MNF_INS,2018,2017,EBITDA_TO_SAL,0,2018-03-31,RPT,17.489
RBI:RATIO_LNGNFC_INDUS_ANN_RN(1.0),N_A,AFY,MNF_INS,2018,2017,INT_BURDEN,0,2018-03-31,RPT,50.1717
RBI:RATIO_LNGNFC_INDUS_ANN_RN(1.0),N_A,AFY,MNF_INS,2018,2017,INT_CVG,0,2018-03-31,RPT,1.993154
RBI:RATIO_LNGNFC_INDUS_ANN_RN(1.0),N_A,AFY,MNF_INS,2018,2017,INT_TO_SAL,0,2018-03-31,RPT,6.2341
RBI:RATIO_LNGNFC_INDUS_ANN_RN(1.0),N_A,AFY,MNF_INS,2018,2017,NET_PFT_TO_SAL,0,2018-03-31,RPT,2.0281
RBI:RATIO_LNGNFC_INDUS_ANN_RN(1.0),N_A,AFY,MNF_INS,2018,2017,OPR_PFTS_TO_SAL,0,2018-03-31,RPT,16.2366
RBI:RATIO_LNGNFC_INDUS_ANN_RN(1.0),N_A,AFY,MNF_INS,2018,2017,TAX_PROV_TO_EBT,0,2018-03-31,RPT,20.221
RBI:RATIO_LNGNFC_INDUS_ANN_RN(1.0),N_A,AFY,MNF_JRA,2018,2017,CSH_CVG_RATIO,0,2018-03-31,RPT,4.335699
RBI:RATIO_LNGNFC_INDUS_ANN_RN(1.0),N_A,AFY,MNF_JRA,2018,2017,EBITDA_TO_SAL,0,2018-03-31,RPT,6.1918
RBI:RATIO_LNGNFC_INDUS_ANN_RN(1.0),N_A,AFY,MNF_JRA,2018,2017,INT_BURDEN,0,2018-03-31,RPT,24.1959
RBI:RATIO_LNGNFC_INDUS_ANN_RN(1.0),N_A,AFY,MNF_JRA,2018,2017,INT_CVG,0,2018-03-31,RPT,4.132934
RBI:RATIO_LNGNFC_INDUS_ANN_RN(1.0),N_A,AFY,MNF_JRA,2018,2017,INT_TO_SAL,0,2018-03-31,RPT,1.4281
RBI:RATIO_LNGNFC_INDUS_ANN_RN(1.0),N_A,AFY,MNF_JRA,2018,2017,NET_PFT_TO_SAL,0,2018-03-31,RPT,2.3673
RBI:RATIO_LNGNFC_INDUS_ANN_RN(1.0),N_A,AFY,MNF_JRA,2018,2017,OPR_PFTS_TO_SAL,0,2018-03-31,RPT,5.7406
RBI:RATIO_LNGNFC_INDUS_ANN_RN(1.0),N_A,AFY,MNF_JRA,2018,2017,TAX_PROV_TO_EBT,0,2018-03-31,RPT,24.2127
RBI:RATIO_LNGNFC_INDUS_ANN_RN(1.0),N_A,AFY,MNF_LTH,2018,2017,CSH_CVG_RATIO,0,2018-03-31,RPT,11.998024
RBI:RATIO_LNGNFC_INDUS_ANN_RN(1.0),N_A,AFY,MNF_LTH,2018,2017,EBITDA_TO_SAL,0,2018-03-31,RPT,14.0625
RBI:RATIO_LNGNFC_INDUS_ANN_RN(1.0),N_A,AFY,MNF_LTH,2018,2017,INT_BURDEN,0,2018-03-31,RPT,9.9597
RBI:RATIO_LNGNFC_INDUS_ANN_RN(1.0),N_A,AFY,MNF_LTH,2018,2017,INT_CVG,0,2018-03-31,RPT,10.040428
RBI:RATIO_LNGNFC_INDUS_ANN_RN(1.0),N_A,AFY,MNF_LTH,2018,2017,INT_TO_SAL,0,2018-03-31,RPT,1.1721
RBI:RATIO_LNGNFC_INDUS_ANN_RN(1.0),N_A,AFY,MNF_LTH,2018,2017,NET_PFT_TO_SAL,0,2018-03-31,RPT,6.9741
RBI:RATIO_LNGNFC_INDUS_ANN_RN(1.0),N_A,AFY,MNF_LTH,2018,2017,OPR_PFTS_TO_SAL,0,2018-03-31,RPT,12.9475
RBI:RATIO_LNGNFC_INDUS_ANN_RN(1.0),N_A,AFY,MNF_LTH,2018,2017,TAX_PROV_TO_EBT,0,2018-03-31,RPT,34.2242
RBI:RATIO_LNGNFC_INDUS_ANN_RN(1.0),N_A,AFY,MNF_MMT,2018,2017,CSH_CVG_RATIO,0,2018-03-31,RPT,9.291466
RBI:RATIO_LNGNFC_INDUS_ANN_RN(1.0),N_A,AFY,MNF_MMT,2018,2017,EBITDA_TO_SAL,0,2018-03-31,RPT,12.9944
RBI:RATIO_LNGNFC_INDUS_ANN_RN(1.0),N_A,AFY,MNF_MMT,2018,2017,INT_BURDEN,0,2018-03-31,RPT,13.3055
RBI:RATIO_LNGNFC_INDUS_ANN_RN(1.0),N_A,AFY,MNF_MMT,2018,2017,INT_CVG,0,2018-03-31,RPT,7.515675
RBI:RATIO_LNGNFC_INDUS_ANN_RN(1.0),N_A,AFY,MNF_MMT,2018,2017,INT_TO_SAL,0,2018-03-31,RPT,1.3985
RBI:RATIO_LNGNFC_INDUS_ANN_RN(1.0),N_A,AFY,MNF_MMT,2018,2017,NET_PFT_TO_SAL,0,2018-03-31,RPT,6.9812
RBI:RATIO_LNGNFC_INDUS_ANN_RN(1.0),N_A,AFY,MNF_MMT,2018,2017,OPR_PFTS_TO_SAL,0,2018-03-31,RPT,10.3586
RBI:RATIO_LNGNFC_INDUS_ANN_RN(1.0),N_A,AFY,MNF_MMT,2018,2017,TAX_PROV_TO_EBT,0,2018-03-31,RPT,31.0526
RBI:RATIO_LNGNFC_INDUS_ANN_RN(1.0),N_A,AFY,MNF_MMT_MV,2018,2017,CSH_CVG_RATIO,0,2018-03-31,RPT,20.103819
RBI:RATIO_LNGNFC_INDUS_ANN_RN(1.0),N_A,AFY,MNF_MMT_MV,2018,2017,EBITDA_TO_SAL,0,2018-03-31,RPT,15.6127
RBI:RATIO_LNGNFC_INDUS_ANN_RN(1.0),N_A,AFY,MNF_MMT_MV,2018,2017,INT_BURDEN,0,2018-03-31,RPT,6.2529
RBI:RATIO_LNGNFC_INDUS_ANN_RN(1.0),N_A,AFY,MNF_MMT_MV,2018,2017,INT_CVG,0,2018-03-31,RPT,15.992609
RBI:RATIO_LNGNFC_INDUS_ANN_RN(1.0),N_A,AFY,MNF_MMT_MV,2018,2017,INT_TO_SAL,0,2018-03-31,RPT,0.7766
RBI:RATIO_LNGNFC_INDUS_ANN_RN(1.0),N_A,AFY,MNF_MMT_MV,2018,2017,NET_PFT_TO_SAL,0,2018-03-31,RPT,7.8181
RBI:RATIO_LNGNFC_INDUS_ANN_RN(1.0),N_A,AFY,MNF_MMT_MV,2018,2017,OPR_PFTS_TO_SAL,0,2018-03-31,RPT,13.0213
RBI:RATIO_LNGNFC_INDUS_ANN_RN(1.0),N_A,AFY,MNF_MMT_MV,2018,2017,TAX_PROV_TO_EBT,0,2018-03-31,RPT,28.0322
RBI:RATIO_LNGNFC_INDUS_ANN_RN(1.0),N_A,AFY,MNF_MMT_OTH,2018,2017,CSH_CVG_RATIO,0,2018-03-31,RPT,12.2249
RBI:RATIO_LNGNFC_INDUS_ANN_RN(1.0),N_A,AFY,MNF_MMT_OTH,2018,2017,EBITDA_TO_SAL,0,2018-03-31,RPT,15.0809
RBI:RATIO_LNGNFC_INDUS_ANN_RN(1.0),N_A,AFY,MNF_MMT_OTH,2018,2017,INT_BURDEN,0,2018-03-31,RPT,10.5733
RBI:RATIO_LNGNFC_INDUS_ANN_RN(1.0),N_A,AFY,MNF_MMT_OTH,2018,2017,INT_CVG,0,2018-03-31,RPT,9.457745
RBI:RATIO_LNGNFC_INDUS_ANN_RN(1.0),N_A,AFY,MNF_MMT_OTH,2018,2017,INT_TO_SAL,0,2018-03-31,RPT,1.2336
RBI:RATIO_LNGNFC_INDUS_ANN_RN(1.0),N_A,AFY,MNF_MMT_OTH,2018,2017,NET_PFT_TO_SAL,0,2018-03-31,RPT,6.6777
RBI:RATIO_LNGNFC_INDUS_ANN_RN(1.0),N_A,AFY,MNF_MMT_OTH,2018,2017,OPR_PFTS_TO_SAL,0,2018-03-31,RPT,12.6599
RBI:RATIO_LNGNFC_INDUS_ANN_RN(1.0),N_A,AFY,MNF_MMT_OTH,2018,2017,TAX_PROV_TO_EBT,0,2018-03-31,RPT,28.1474
RBI:RATIO_LNGNFC_INDUS_ANN_RN(1.0),N_A,AFY,MNF_MMT_PRTS,2018,2017,CSH_CVG_RATIO,0,2018-03-31,RPT,3.657922
RBI:RATIO_LNGNFC_INDUS_ANN_RN(1.0),N_A,AFY,MNF_MMT_PRTS,2018,2017,EBITDA_TO_SAL,0,2018-03-31,RPT,12.5303
RBI:RATIO_LNGNFC_INDUS_ANN_RN(1.0),N_A,AFY,MNF_MMT_PRTS,2018,2017,INT_BURDEN,0,2018-03-31,RPT,42.5134
RBI:RATIO_LNGNFC_INDUS_ANN_RN(1.0),N_A,AFY,MNF_MMT_PRTS,2018,2017,INT_CVG,0,2018-03-31,RPT,2.352198
RBI:RATIO_LNGNFC_INDUS_ANN_RN(1.0),N_A,AFY,MNF_MMT_PRTS,2018,2017,INT_TO_SAL,0,2018-03-31,RPT,3.4255
RBI:RATIO_LNGNFC_INDUS_ANN_RN(1.0),N_A,AFY,MNF_MMT_PRTS,2018,2017,NET_PFT_TO_SAL,0,2018-03-31,RPT,1.208
RBI:RATIO_LNGNFC_INDUS_ANN_RN(1.0),N_A,AFY,MNF_MMT_PRTS,2018,2017,OPR_PFTS_TO_SAL,0,2018-03-31,RPT,10.9267
RBI:RATIO_LNGNFC_INDUS_ANN_RN(1.0),N_A,AFY,MNF_MMT_PRTS,2018,2017,TAX_PROV_TO_EBT,0,2018-03-31,RPT,28.9272
RBI:RATIO_LNGNFC_INDUS_ANN_RN(1.0),N_A,AFY,MNF_MPOSE,2018,2017,CSH_CVG_RATIO,0,2018-03-31,RPT,9.282245
RBI:RATIO_LNGNFC_INDUS_ANN_RN(1.0),N_A,AFY,MNF_MPOSE,2018,2017,EBITDA_TO_SAL,0,2018-03-31,RPT,24.0294
RBI:RATIO_LNGNFC_INDUS_ANN_RN(1.0),N_A,AFY,MNF_MPOSE,2018,2017,INT_BURDEN,0,2018-03-31,RPT,14.3078
RBI:RATIO_LNGNFC_INDUS_ANN_RN(1.0),N_A,AFY,MNF_MPOSE,2018,2017,INT_CVG,0,2018-03-31,RPT,6.989207
RBI:RATIO_LNGNFC_INDUS_ANN_RN(1.0),N_A,AFY,MNF_MPOSE,2018,2017,INT_TO_SAL,0,2018-03-31,RPT,2.5887
RBI:RATIO_LNGNFC_INDUS_ANN_RN(1.0),N_A,AFY,MNF_MPOSE,2018,2017,NET_PFT_TO_SAL,0,2018-03-31,RPT,11.3972
RBI:RATIO_LNGNFC_INDUS_ANN_RN(1.0),N_A,AFY,MNF_MPOSE,2018,2017,OPR_PFTS_TO_SAL,0,2018-03-31,RPT,21.3456
RBI:RATIO_LNGNFC_INDUS_ANN_RN(1.0),N_A,AFY,MNF_MPOSE,2018,2017,TAX_PROV_TO_EBT,0,2018-03-31,RPT,26.5668
RBI:RATIO_LNGNFC_INDUS_ANN_RN(1.0),N_A,AFY,MNF_OTH,2018,2017,CSH_CVG_RATIO,0,2018-03-31,RPT,18.994359
RBI:RATIO_LNGNFC_INDUS_ANN_RN(1.0),N_A,AFY,MNF_OTH,2018,2017,EBITDA_TO_SAL,0,2018-03-31,RPT,21.7459
RBI:RATIO_LNGNFC_INDUS_ANN_RN(1.0),N_A,AFY,MNF_OTH,2018,2017,INT_BURDEN,0,2018-03-31,RPT,6.1654
RBI:RATIO_LNGNFC_INDUS_ANN_RN(1.0),N_A,AFY,MNF_OTH,2018,2017,INT_CVG,0,2018-03-31,RPT,16.219578
RBI:RATIO_LNGNFC_INDUS_ANN_RN(1.0),N_A,AFY,MNF_OTH,2018,2017,INT_TO_SAL,0,2018-03-31,RPT,1.1449
RBI:RATIO_LNGNFC_INDUS_ANN_RN(1.0),N_A,AFY,MNF_OTH,2018,2017,NET_PFT_TO_SAL,0,2018-03-31,RPT,12.4547
RBI:RATIO_LNGNFC_INDUS_ANN_RN(1.0),N_A,AFY,MNF_OTH,2018,2017,OPR_PFTS_TO_SAL,0,2018-03-31,RPT,20.3271
RBI:RATIO_LNGNFC_INDUS_ANN_RN(1.0),N_A,AFY,MNF_OTH,2018,2017,TAX_PROV_TO_EBT,0,2018-03-31,RPT,32.2122
RBI:RATIO_LNGNFC_INDUS_ANN_RN(1.0),N_A,AFY,MNF_PETR_PRD,2018,2017,CSH_CVG_RATIO,0,2018-03-31,RPT,12.206505
RBI:RATIO_LNGNFC_INDUS_ANN_RN(1.0),N_A,AFY,MNF_PETR_PRD,2018,2017,EBITDA_TO_SAL,0,2018-03-31,RPT,20.5597
RBI:RATIO_LNGNFC_INDUS_ANN_RN(1.0),N_A,AFY,MNF_PETR_PRD,2018,2017,INT_BURDEN,0,2018-03-31,RPT,9.7288
RBI:RATIO_LNGNFC_INDUS_ANN_RN(1.0),N_A,AFY,MNF_PETR_PRD,2018,2017,INT_CVG,0,2018-03-31,RPT,10.278753
RBI:RATIO_LNGNFC_INDUS_ANN_RN(1.0),N_A,AFY,MNF_PETR_PRD,2018,2017,INT_TO_SAL,0,2018-03-31,RPT,1.6843
RBI:RATIO_LNGNFC_INDUS_ANN_RN(1.0),N_A,AFY,MNF_PETR_PRD,2018,2017,NET_PFT_TO_SAL,0,2018-03-31,RPT,11.4005
RBI:RATIO_LNGNFC_INDUS_ANN_RN(1.0),N_A,AFY,MNF_PETR_PRD,2018,2017,OPR_PFTS_TO_SAL,0,2018-03-31,RPT,17.7795
RBI:RATIO_LNGNFC_INDUS_ANN_RN(1.0),N_A,AFY,MNF_PETR_PRD,2018,2017,TAX_PROV_TO_EBT,0,2018-03-31,RPT,20.0534
RBI:RATIO_LNGNFC_INDUS_ANN_RN(1.0),N_A,AFY,MNF_PM,2018,2017,CSH_CVG_RATIO,0,2018-03-31,RPT,10.094016
RBI:RATIO_LNGNFC_INDUS_ANN_RN(1.0),N_A,AFY,MNF_PM,2018,2017,EBITDA_TO_SAL,0,2018-03-31,RPT,25.1601
RBI:RATIO_LNGNFC_INDUS_ANN_RN(1.0),N_A,AFY,MNF_PM,2018,2017,INT_BURDEN,0,2018-03-31,RPT,12.0287
RBI:RATIO_LNGNFC_INDUS_ANN_RN(1.0),N_A,AFY,MNF_PM,2018,2017,INT_CVG,0,2018-03-31,RPT,8.313447
RBI:RATIO_LNGNFC_INDUS_ANN_RN(1.0),N_A,AFY,MNF_PM,2018,2017,INT_TO_SAL,0,2018-03-31,RPT,2.4926
RBI:RATIO_LNGNFC_INDUS_ANN_RN(1.0),N_A,AFY,MNF_PM,2018,2017,NET_PFT_TO_SAL,0,2018-03-31,RPT,13.7043
RBI:RATIO_LNGNFC_INDUS_ANN_RN(1.0),N_A,AFY,MNF_PM,2018,2017,OPR_PFTS_TO_SAL,0,2018-03-31,RPT,19.038
RBI:RATIO_LNGNFC_INDUS_ANN_RN(1.0),N_A,AFY,MNF_PM,2018,2017,TAX_PROV_TO_EBT,0,2018-03-31,RPT,21.0646
RBI:RATIO_LNGNFC_INDUS_ANN_RN(1.0),N_A,AFY,MNF_PNFFM,2018,2017,CSH_CVG_RATIO,0,2018-03-31,RPT,8.450219
RBI:RATIO_LNGNFC_INDUS_ANN_RN(1.0),N_A,AFY,MNF_PNFFM,2018,2017,EBITDA_TO_SAL,0,2018-03-31,RPT,27.2063
RBI:RATIO_LNGNFC_INDUS_ANN_RN(1.0),N_A,AFY,MNF_PNFFM,2018,2017,INT_BURDEN,0,2018-03-31,RPT,14.0485
RBI:RATIO_LNGNFC_INDUS_ANN_RN(1.0),N_A,AFY,MNF_PNFFM,2018,2017,INT_CVG,0,2018-03-31,RPT,7.118187
RBI:RATIO_LNGNFC_INDUS_ANN_RN(1.0),N_A,AFY,MNF_PNFFM,2018,2017,INT_TO_SAL,0,2018-03-31,RPT,3.2196
RBI:RATIO_LNGNFC_INDUS_ANN_RN(1.0),N_A,AFY,MNF_PNFFM,2018,2017,NET_PFT_TO_SAL,0,2018-03-31,RPT,14.3441
RBI:RATIO_LNGNFC_INDUS_ANN_RN(1.0),N_A,AFY,MNF_PNFFM,2018,2017,OPR_PFTS_TO_SAL,0,2018-03-31,RPT,23.4708
RBI:RATIO_LNGNFC_INDUS_ANN_RN(1.0),N_A,AFY,MNF_PNFFM,2018,2017,TAX_PROV_TO_EBT,0,2018-03-31,RPT,20.9
RBI:RATIO_LNGNFC_INDUS_ANN_RN(1.0),N_A,AFY,MNF_PNPD,2018,2017,CSH_CVG_RATIO,0,2018-03-31,RPT,3.502037
RBI:RATIO_LNGNFC_INDUS_ANN_RN(1.0),N_A,AFY,MNF_PNPD,2018,2017,EBITDA_TO_SAL,0,2018-03-31,RPT,14.0679
RBI:RATIO_LNGNFC_INDUS_ANN_RN(1.0),N_A,AFY,MNF_PNPD,2018,2017,INT_BURDEN,0,2018-03-31,RPT,42.0045
RBI:RATIO_LNGNFC_INDUS_ANN_RN(1.0),N_A,AFY,MNF_PNPD,2018,2017,INT_CVG,0,2018-03-31,RPT,2.380698
RBI:RATIO_LNGNFC_INDUS_ANN_RN(1.0),N_A,AFY,MNF_PNPD,2018,2017,INT_TO_SAL,0,2018-03-31,RPT,4.0171
RBI:RATIO_LNGNFC_INDUS_ANN_RN(1.0),N_A,AFY,MNF_PNPD,2018,2017,NET_PFT_TO_SAL,0,2018-03-31,RPT,3.2533
RBI:RATIO_LNGNFC_INDUS_ANN_RN(1.0),N_A,AFY,MNF_PNPD,2018,2017,OPR_PFTS_TO_SAL,0,2018-03-31,RPT,12.7055
RBI:RATIO_LNGNFC_INDUS_ANN_RN(1.0),N_A,AFY,MNF_PNPD,2018,2017,TAX_PROV_TO_EBT,0,2018-03-31,RPT,14.8372
RBI:RATIO_LNGNFC_INDUS_ANN_RN(1.0),N_A,AFY,MNF_PP,2018,2017,CSH_CVG_RATIO,0,2018-03-31,RPT,4.39899
RBI:RATIO_LNGNFC_INDUS_ANN_RN(1.0),N_A,AFY,MNF_PP,2018,2017,EBITDA_TO_SAL,0,2018-03-31,RPT,13.3324
RBI:RATIO_LNGNFC_INDUS_ANN_RN(1.0),N_A,AFY,MNF_PP,2018,2017,INT_BURDEN,0,2018-03-31,RPT,31.2538
RBI:RATIO_LNGNFC_INDUS_ANN_RN(1.0),N_A,AFY,MNF_PP,2018,2017,INT_CVG,0,2018-03-31,RPT,3.199608
RBI:RATIO_LNGNFC_INDUS_ANN_RN(1.0),N_A,AFY,MNF_PP,2018,2017,INT_TO_SAL,0,2018-03-31,RPT,3.0308
RBI:RATIO_LNGNFC_INDUS_ANN_RN(1.0),N_A,AFY,MNF_PP,2018,2017,NET_PFT_TO_SAL,0,2018-03-31,RPT,4.5509
RBI:RATIO_LNGNFC_INDUS_ANN_RN(1.0),N_A,AFY,MNF_PP,2018,2017,OPR_PFTS_TO_SAL,0,2018-03-31,RPT,12.0215
RBI:RATIO_LNGNFC_INDUS_ANN_RN(1.0),N_A,AFY,MNF_PP,2018,2017,TAX_PROV_TO_EBT,0,2018-03-31,RPT,26.6403
RBI:RATIO_LNGNFC_INDUS_ANN_RN(1.0),N_A,AFY,MNF_RRP,2018,2017,CSH_CVG_RATIO,0,2018-03-31,RPT,5.894018
RBI:RATIO_LNGNFC_INDUS_ANN_RN(1.0),N_A,AFY,MNF_RRP,2018,2017,EBITDA_TO_SAL,0,2018-03-31,RPT,14.6182
RBI:RATIO_LNGNFC_INDUS_ANN_RN(1.0),N_A,AFY,MNF_RRP,2018,2017,INT_BURDEN,0,2018-03-31,RPT,23.1812
RBI:RATIO_LNGNFC_INDUS_ANN_RN(1.0),N_A,AFY,MNF_RRP,2018,2017,INT_CVG,0,2018-03-31,RPT,4.313847
RBI:RATIO_LNGNFC_INDUS_ANN_RN(1.0),N_A,AFY,MNF_RRP,2018,2017,INT_TO_SAL,0,2018-03-31,RPT,2.4802
RBI:RATIO_LNGNFC_INDUS_ANN_RN(1.0),N_A,AFY,MNF_RRP,2018,2017,NET_PFT_TO_SAL,0,2018-03-31,RPT,5.1603
RBI:RATIO_LNGNFC_INDUS_ANN_RN(1.0),N_A,AFY,MNF_RRP,2018,2017,OPR_PFTS_TO_SAL,0,2018-03-31,RPT,12.3612
RBI:RATIO_LNGNFC_INDUS_ANN_RN(1.0),N_A,AFY,MNF_RRP,2018,2017,TAX_PROV_TO_EBT,0,2018-03-31,RPT,26.272
RBI:RATIO_LNGNFC_INDUS_ANN_RN(1.0),N_A,AFY,MNF_TBC_PRD,2018,2017,EBITDA_TO_SAL,0,2018-03-31,RPT,41.5298
RBI:RATIO_LNGNFC_INDUS_ANN_RN(1.0),N_A,AFY,MNF_TBC_PRD,2018,2017,INT_BURDEN,0,2018-03-31,RPT,0.6939
RBI:RATIO_LNGNFC_INDUS_ANN_RN(1.0),N_A,AFY,MNF_TBC_PRD,2018,2017,INT_CVG,0,2018-03-31,RPT,144.118089
RBI:RATIO_LNGNFC_INDUS_ANN_RN(1.0),N_A,AFY,MNF_TBC_PRD,2018,2017,INT_TO_SAL,0,2018-03-31,RPT,0.268
RBI:RATIO_LNGNFC_INDUS_ANN_RN(1.0),N_A,AFY,MNF_TBC_PRD,2018,2017,NET_PFT_TO_SAL,0,2018-03-31,RPT,26.1856
RBI:RATIO_LNGNFC_INDUS_ANN_RN(1.0),N_A,AFY,MNF_TBC_PRD,2018,2017,OPR_PFTS_TO_SAL,0,2018-03-31,RPT,36.4942
RBI:RATIO_LNGNFC_INDUS_ANN_RN(1.0),N_A,AFY,MNF_TBC_PRD,2018,2017,TAX_PROV_TO_EBT,0,2018-03-31,RPT,34.0803
RBI:RATIO_LNGNFC_INDUS_ANN_RN(1.0),N_A,AFY,MNF_TXT,2018,2017,CSH_CVG_RATIO,0,2018-03-31,RPT,2.404394
RBI:RATIO_LNGNFC_INDUS_ANN_RN(1.0),N_A,AFY,MNF_TXT,2018,2017,EBITDA_TO_SAL,0,2018-03-31,RPT,10.0963
RBI:RATIO_LNGNFC_INDUS_ANN_RN(1.0),N_A,AFY,MNF_TXT,2018,2017,INT_BURDEN,0,2018-03-31,RPT,71.7551
RBI:RATIO_LNGNFC_INDUS_ANN_RN(1.0),N_A,AFY,MNF_TXT,2018,2017,INT_CVG,0,2018-03-31,RPT,1.393629
RBI:RATIO_LNGNFC_INDUS_ANN_RN(1.0),N_A,AFY,MNF_TXT,2018,2017,INT_TO_SAL,0,2018-03-31,RPT,4.1991
RBI:RATIO_LNGNFC_INDUS_ANN_RN(1.0),N_A,AFY,MNF_TXT,2018,2017,NET_PFT_TO_SAL,0,2018-03-31,RPT,-1.5363
RBI:RATIO_LNGNFC_INDUS_ANN_RN(1.0),N_A,AFY,MNF_TXT,2018,2017,OPR_PFTS_TO_SAL,0,2018-03-31,RPT,8.462
RBI:RATIO_LNGNFC_INDUS_ANN_RN(1.0),N_A,AFY,MNF_TXT,2018,2017,TAX_PROV_TO_EBT,0,2018-03-31,RPT,25.1443
RBI:RATIO_LNGNFC_INDUS_ANN_RN(1.0),N_A,AFY,MNF_WOOD_PRD,2018,2017,CSH_CVG_RATIO,0,2018-03-31,RPT,7.460444
RBI:RATIO_LNGNFC_INDUS_ANN_RN(1.0),N_A,AFY,MNF_WOOD_PRD,2018,2017,EBITDA_TO_SAL,0,2018-03-31,RPT,13.1977
RBI:RATIO_LNGNFC_INDUS_ANN_RN(1.0),N_A,AFY,MNF_WOOD_PRD,2018,2017,INT_BURDEN,0,2018-03-31,RPT,17.153
RBI:RATIO_LNGNFC_INDUS_ANN_RN(1.0),N_A,AFY,MNF_WOOD_PRD,2018,2017,INT_CVG,0,2018-03-31,RPT,5.829881
RBI:RATIO_LNGNFC_INDUS_ANN_RN(1.0),N_A,AFY,MNF_WOOD_PRD,2018,2017,INT_TO_SAL,0,2018-03-31,RPT,1.769
RBI:RATIO_LNGNFC_INDUS_ANN_RN(1.0),N_A,AFY,MNF_WOOD_PRD,2018,2017,NET_PFT_TO_SAL,0,2018-03-31,RPT,6.2788
RBI:RATIO_LNGNFC_INDUS_ANN_RN(1.0),N_A,AFY,MNF_WOOD_PRD,2018,2017,OPR_PFTS_TO_SAL,0,2018-03-31,RPT,12.5837
RBI:RATIO_LNGNFC_INDUS_ANN_RN(1.0),N_A,AFY,MNF_WOOD_PRD,2018,2017,TAX_PROV_TO_EBT,0,2018-03-31,RPT,25.6596
RBI:RATIO_LNGNFC_INDUS_ANN_RN(1.0),N_A,AFY,SERV_OTH_IT,2018,2017,CSH_CVG_RATIO,0,2018-03-31,RPT,2.843967
RBI:RATIO_LNGNFC_INDUS_ANN_RN(1.0),N_A,AFY,SERV_OTH_IT,2018,2017,EBITDA_TO_SAL,0,2018-03-31,RPT,17.7761
RBI:RATIO_LNGNFC_INDUS_ANN_RN(1.0),N_A,AFY,SERV_OTH_IT,2018,2017,INT_BURDEN,0,2018-03-31,RPT,73.4022
RBI:RATIO_LNGNFC_INDUS_ANN_RN(1.0),N_A,AFY,SERV_OTH_IT,2018,2017,INT_CVG,0,2018-03-31,RPT,1.362358
RBI:RATIO_LNGNFC_INDUS_ANN_RN(1.0),N_A,AFY,SERV_OTH_IT,2018,2017,INT_TO_SAL,0,2018-03-31,RPT,6.2505
RBI:RATIO_LNGNFC_INDUS_ANN_RN(1.0),N_A,AFY,SERV_OTH_IT,2018,2017,NET_PFT_TO_SAL,0,2018-03-31,RPT,-4.3917
RBI:RATIO_LNGNFC_INDUS_ANN_RN(1.0),N_A,AFY,SERV_OTH_IT,2018,2017,OPR_PFTS_TO_SAL,0,2018-03-31,RPT,14.7055
RBI:RATIO_LNGNFC_INDUS_ANN_RN(1.0),N_A,AFY,SERV_OTH_IT,2018,2017,TAX_PROV_TO_EBT,0,2018-03-31,RPT,27.6052
RBI:RATIO_LNGNFC_INDUS_ANN_RN(1.0),N_A,AFY,SOI_BSS,2018,2017,CSH_CVG_RATIO,0,2018-03-31,RPT,11.094904
RBI:RATIO_LNGNFC_INDUS_ANN_RN(1.0),N_A,AFY,SOI_BSS,2018,2017,EBITDA_TO_SAL,0,2018-03-31,RPT,29.6655
RBI:RATIO_LNGNFC_INDUS_ANN_RN(1.0),N_A,AFY,SOI_BSS,2018,2017,INT_BURDEN,0,2018-03-31,RPT,15.2789
RBI:RATIO_LNGNFC_INDUS_ANN_RN(1.0),N_A,AFY,SOI_BSS,2018,2017,INT_CVG,0,2018-03-31,RPT,6.544968
RBI:RATIO_LNGNFC_INDUS_ANN_RN(1.0),N_A,AFY,SOI_BSS,2018,2017,INT_TO_SAL,0,2018-03-31,RPT,2.6738
RBI:RATIO_LNGNFC_INDUS_ANN_RN(1.0),N_A,AFY,SOI_BSS,2018,2017,NET_PFT_TO_SAL,0,2018-03-31,RPT,15.6334
RBI:RATIO_LNGNFC_INDUS_ANN_RN(1.0),N_A,AFY,SOI_BSS,2018,2017,OPR_PFTS_TO_SAL,0,2018-03-31,RPT,24.5802
RBI:RATIO_LNGNFC_INDUS_ANN_RN(1.0),N_A,AFY,SOI_BSS,2018,2017,TAX_PROV_TO_EBT,0,2018-03-31,RPT,33.2835
RBI:RATIO_LNGNFC_INDUS_ANN_RN(1.0),N_A,AFY,SOI_HNR,2018,2017,CSH_CVG_RATIO,0,2018-03-31,RPT,3.623777
RBI:RATIO_LNGNFC_INDUS_ANN_RN(1.0),N_A,AFY,SOI_HNR,2018,2017,EBITDA_TO_SAL,0,2018-03-31,RPT,24.9651
RBI:RATIO_LNGNFC_INDUS_ANN_RN(1.0),N_A,AFY,SOI_HNR,2018,2017,INT_BURDEN,0,2018-03-31,RPT,39.0851
RBI:RATIO_LNGNFC_INDUS_ANN_RN(1.0),N_A,AFY,SOI_HNR,2018,2017,INT_CVG,0,2018-03-31,RPT,2.558522
RBI:RATIO_LNGNFC_INDUS_ANN_RN(1.0),N_A,AFY,SOI_HNR,2018,2017,INT_TO_SAL,0,2018-03-31,RPT,6.8893
RBI:RATIO_LNGNFC_INDUS_ANN_RN(1.0),N_A,AFY,SOI_HNR,2018,2017,NET_PFT_TO_SAL,0,2018-03-31,RPT,1.3787
RBI:RATIO_LNGNFC_INDUS_ANN_RN(1.0),N_A,AFY,SOI_HNR,2018,2017,OPR_PFTS_TO_SAL,0,2018-03-31,RPT,20.853
RBI:RATIO_LNGNFC_INDUS_ANN_RN(1.0),N_A,AFY,SOI_HNR,2018,2017,TAX_PROV_TO_EBT,0,2018-03-31,RPT,32.1087
RBI:RATIO_LNGNFC_INDUS_ANN_RN(1.0),N_A,AFY,SOI_HS,2018,2017,CSH_CVG_RATIO,0,2018-03-31,RPT,3.937717
RBI:RATIO_LNGNFC_INDUS_ANN_RN(1.0),N_A,AFY,SOI_HS,2018,2017,EBITDA_TO_SAL,0,2018-03-31,RPT,12.5267
RBI:RATIO_LNGNFC_INDUS_ANN_RN(1.0),N_A,AFY,SOI_HS,2018,2017,INT_BURDEN,0,2018-03-31,RPT,38.8728
RBI:RATIO_LNGNFC_INDUS_ANN_RN(1.0),N_A,AFY,SOI_HS,2018,2017,INT_CVG,0,2018-03-31,RPT,2.572496
RBI:RATIO_LNGNFC_INDUS_ANN_RN(1.0),N_A,AFY,SOI_HS,2018,2017,INT_TO_SAL,0,2018-03-31,RPT,3.1812
RBI:RATIO_LNGNFC_INDUS_ANN_RN(1.0),N_A,AFY,SOI_HS,2018,2017,NET_PFT_TO_SAL,0,2018-03-31,RPT,2.766
RBI:RATIO_LNGNFC_INDUS_ANN_RN(1.0),N_A,AFY,SOI_HS,2018,2017,OPR_PFTS_TO_SAL,0,2018-03-31,RPT,10.7438
RBI:RATIO_LNGNFC_INDUS_ANN_RN(1.0),N_A,AFY,SOI_HS,2018,2017,TAX_PROV_TO_EBT,0,2018-03-31,RPT,22.7979
RBI:RATIO_LNGNFC_INDUS_ANN_RN(1.0),N_A,AFY,SOI_OTH,2018,2017,CSH_CVG_RATIO,0,2018-03-31,RPT,7.118808
RBI:RATIO_LNGNFC_INDUS_ANN_RN(1.0),N_A,AFY,SOI_OTH,2018,2017,EBITDA_TO_SAL,0,2018-03-31,RPT,19.7891
RBI:RATIO_LNGNFC_INDUS_ANN_RN(1.0),N_A,AFY,SOI_OTH,2018,2017,INT_BURDEN,0,2018-03-31,RPT,18.3087
RBI:RATIO_LNGNFC_INDUS_ANN_RN(1.0),N_A,AFY,SOI_OTH,2018,2017,INT_CVG,0,2018-03-31,RPT,5.461884
RBI:RATIO_LNGNFC_INDUS_ANN_RN(1.0),N_A,AFY,SOI_OTH,2018,2017,INT_TO_SAL,0,2018-03-31,RPT,2.7798
RBI:RATIO_LNGNFC_INDUS_ANN_RN(1.0),N_A,AFY,SOI_OTH,2018,2017,NET_PFT_TO_SAL,0,2018-03-31,RPT,9.3358
RBI:RATIO_LNGNFC_INDUS_ANN_RN(1.0),N_A,AFY,SOI_OTH,2018,2017,OPR_PFTS_TO_SAL,0,2018-03-31,RPT,15.0662
RBI:RATIO_LNGNFC_INDUS_ANN_RN(1.0),N_A,AFY,SOI_OTH,2018,2017,TAX_PROV_TO_EBT,0,2018-03-31,RPT,28.021
RBI:RATIO_LNGNFC_INDUS_ANN_RN(1.0),N_A,AFY,SOI_RE,2018,2017,CSH_CVG_RATIO,0,2018-03-31,RPT,1.89963
RBI:RATIO_LNGNFC_INDUS_ANN_RN(1.0),N_A,AFY,SOI_RE,2018,2017,EBITDA_TO_SAL,0,2018-03-31,RPT,49.6746
RBI:RATIO_LNGNFC_INDUS_ANN_RN(1.0),N_A,AFY,SOI_RE,2018,2017,INT_BURDEN,0,2018-03-31,RPT,56.9144
RBI:RATIO_LNGNFC_INDUS_ANN_RN(1.0),N_A,AFY,SOI_RE,2018,2017,INT_CVG,0,2018-03-31,RPT,1.757024
RBI:RATIO_LNGNFC_INDUS_ANN_RN(1.0),N_A,AFY,SOI_RE,2018,2017,INT_TO_SAL,0,2018-03-31,RPT,26.1496
RBI:RATIO_LNGNFC_INDUS_ANN_RN(1.0),N_A,AFY,SOI_RE,2018,2017,NET_PFT_TO_SAL,0,2018-03-31,RPT,11.2015
RBI:RATIO_LNGNFC_INDUS_ANN_RN(1.0),N_A,AFY,SOI_RE,2018,2017,OPR_PFTS_TO_SAL,0,2018-03-31,RPT,32.5652
RBI:RATIO_LNGNFC_INDUS_ANN_RN(1.0),N_A,AFY,SOI_RE,2018,2017,TAX_PROV_TO_EBT,0,2018-03-31,RPT,26.0319
RBI:RATIO_LNGNFC_INDUS_ANN_RN(1.0),N_A,AFY,SOI_TCOMM,2018,2017,CSH_CVG_RATIO,0,2018-03-31,RPT,1.957739
RBI:RATIO_LNGNFC_INDUS_ANN_RN(1.0),N_A,AFY,SOI_TCOMM,2018,2017,EBITDA_TO_SAL,0,2018-03-31,RPT,25.229
RBI:RATIO_LNGNFC_INDUS_ANN_RN(1.0),N_A,AFY,SOI_TCOMM,2018,2017,INT_CVG,0,2018-03-31,RPT,0.016772
RBI:RATIO_LNGNFC_INDUS_ANN_RN(1.0),N_A,AFY,SOI_TCOMM,2018,2017,INT_TO_SAL,0,2018-03-31,RPT,12.8868
RBI:RATIO_LNGNFC_INDUS_ANN_RN(1.0),N_A,AFY,SOI_TCOMM,2018,2017,NET_PFT_TO_SAL,0,2018-03-31,RPT,-30.2257
RBI:RATIO_LNGNFC_INDUS_ANN_RN(1.0),N_A,AFY,SOI_TCOMM,2018,2017,OPR_PFTS_TO_SAL,0,2018-03-31,RPT,23.8313
RBI:RATIO_LNGNFC_INDUS_ANN_RN(1.0),N_A,AFY,SOI_TCOMM,2018,2017,TAX_PROV_TO_EBT,0,2018-03-31,RPT,38.9682
RBI:RATIO_LNGNFC_INDUS_ANN_RN(1.0),N_A,AFY,SOI_TSS,2018,2017,CSH_CVG_RATIO,0,2018-03-31,RPT,3.565832
RBI:RATIO_LNGNFC_INDUS_ANN_RN(1.0),N_A,AFY,SOI_TSS,2018,2017,EBITDA_TO_SAL,0,2018-03-31,RPT,12.1648
RBI:RATIO_LNGNFC_INDUS_ANN_RN(1.0),N_A,AFY,SOI_TSS,2018,2017,INT_BURDEN,0,2018-03-31,RPT,40.2966
RBI:RATIO_LNGNFC_INDUS_ANN_RN(1.0),N_A,AFY,SOI_TSS,2018,2017,INT_CVG,0,2018-03-31,RPT,2.481599
RBI:RATIO_LNGNFC_INDUS_ANN_RN(1.0),N_A,AFY,SOI_TSS,2018,2017,INT_TO_SAL,0,2018-03-31,RPT,3.4115
RBI:RATIO_LNGNFC_INDUS_ANN_RN(1.0),N_A,AFY,SOI_TSS,2018,2017,NET_PFT_TO_SAL,0,2018-03-31,RPT,3.6765
RBI:RATIO_LNGNFC_INDUS_ANN_RN(1.0),N_A,AFY,SOI_TSS,2018,2017,OPR_PFTS_TO_SAL,0,2018-03-31,RPT,8.4669
RBI:RATIO_LNGNFC_INDUS_ANN_RN(1.0),N_A,AFY,SOI_TSS,2018,2017,TAX_PROV_TO_EBT,0,2018-03-31,RPT,19.214
RBI:RATIO_LNGNFC_INDUS_ANN_RN(1.0),N_A,AFY,SOI_VTPB,2018,2017,CSH_CVG_RATIO,0,2018-03-31,RPT,14.202359
RBI:RATIO_LNGNFC_INDUS_ANN_RN(1.0),N_A,AFY,SOI_VTPB,2018,2017,EBITDA_TO_SAL,0,2018-03-31,RPT,40.2442
RBI:RATIO_LNGNFC_INDUS_ANN_RN(1.0),N_A,AFY,SOI_VTPB,2018,2017,INT_BURDEN,0,2018-03-31,RPT,8.347
RBI:RATIO_LNGNFC_INDUS_ANN_RN(1.0),N_A,AFY,SOI_VTPB,2018,2017,INT_CVG,0,2018-03-31,RPT,11.980367
RBI:RATIO_LNGNFC_INDUS_ANN_RN(1.0),N_A,AFY,SOI_VTPB,2018,2017,INT_TO_SAL,0,2018-03-31,RPT,2.8336
RBI:RATIO_LNGNFC_INDUS_ANN_RN(1.0),N_A,AFY,SOI_VTPB,2018,2017,NET_PFT_TO_SAL,0,2018-03-31,RPT,20.6662
RBI:RATIO_LNGNFC_INDUS_ANN_RN(1.0),N_A,AFY,SOI_VTPB,2018,2017,OPR_PFTS_TO_SAL,0,2018-03-31,RPT,32.315
RBI:RATIO_LNGNFC_INDUS_ANN_RN(1.0),N_A,AFY,SOI_VTPB,2018,2017,TAX_PROV_TO_EBT,0,2018-03-31,RPT,31.9481
RBI:RATIO_LNGNFC_INDUS_ANN_RN(1.0),N_A,AFY,SOI_WRT,2018,2017,CSH_CVG_RATIO,0,2018-03-31,RPT,3.238697
RBI:RATIO_LNGNFC_INDUS_ANN_RN(1.0),N_A,AFY,SOI_WRT,2018,2017,EBITDA_TO_SAL,0,2018-03-31,RPT,7.2302
RBI:RATIO_LNGNFC_INDUS_ANN_RN(1.0),N_A,AFY,SOI_WRT,2018,2017,INT_BURDEN,0,2018-03-31,RPT,41.5959
RBI:RATIO_LNGNFC_INDUS_ANN_RN(1.0),N_A,AFY,SOI_WRT,2018,2017,INT_CVG,0,2018-03-31,RPT,2.404081
RBI:RATIO_LNGNFC_INDUS_ANN_RN(1.0),N_A,AFY,SOI_WRT,2018,2017,INT_TO_SAL,0,2018-03-31,RPT,2.2325
RBI:RATIO_LNGNFC_INDUS_ANN_RN(1.0),N_A,AFY,SOI_WRT,2018,2017,NET_PFT_TO_SAL,0,2018-03-31,RPT,1.9829
RBI:RATIO_LNGNFC_INDUS_ANN_RN(1.0),N_A,AFY,SOI_WRT,2018,2017,OPR_PFTS_TO_SAL,0,2018-03-31,RPT,5.7054
RBI:RATIO_LNGNFC_INDUS_ANN_RN(1.0),N_A,AFY,SOI_WRT,2018,2017,TAX_PROV_TO_EBT,0,2018-03-31,RPT,28.4652
RBI:RATIO_LNGNFC_INDUS_ANN_RN(1.0),N_A,AFY,AGR_REL_ACT,2019,2018,CSH_CVG_RATIO,0,2019-03-31,RPT,2.741648
RBI:RATIO_LNGNFC_INDUS_ANN_RN(1.0),N_A,AFY,AGR_REL_ACT,2019,2018,EBITDA_TO_SAL,0,2019-03-31,RPT,12.0746
RBI:RATIO_LNGNFC_INDUS_ANN_RN(1.0),N_A,AFY,AGR_REL_ACT,2019,2018,INT_BURDEN,0,2019-03-31,RPT,44.8219
RBI:RATIO_LNGNFC_INDUS_ANN_RN(1.0),N_A,AFY,AGR_REL_ACT,2019,2018,INT_CVG,0,2019-03-31,RPT,2.231052
RBI:RATIO_LNGNFC_INDUS_ANN_RN(1.0),N_A,AFY,AGR_REL_ACT,2019,2018,INT_TO_SAL,0,2019-03-31,RPT,4.4041
RBI:RATIO_LNGNFC_INDUS_ANN_RN(1.0),N_A,AFY,AGR_REL_ACT,2019,2018,NET_PFT_TO_SAL,0,2019-03-31,RPT,5.0344
RBI:RATIO_LNGNFC_INDUS_ANN_RN(1.0),N_A,AFY,AGR_REL_ACT,2019,2018,OPR_PFTS_TO_SAL,0,2019-03-31,RPT,7.403
RBI:RATIO_LNGNFC_INDUS_ANN_RN(1.0),N_A,AFY,AGR_REL_ACT,2019,2018,TAX_PROV_TO_EBT,0,2019-03-31,RPT,24.5954
RBI:RATIO_LNGNFC_INDUS_ANN_RN(1.0),N_A,AFY,AGR_REL_ACT_OTH,2019,2018,CSH_CVG_RATIO,0,2019-03-31,RPT,9.554367
RBI:RATIO_LNGNFC_INDUS_ANN_RN(1.0),N_A,AFY,AGR_REL_ACT_OTH,2019,2018,EBITDA_TO_SAL,0,2019-03-31,RPT,12.8333
RBI:RATIO_LNGNFC_INDUS_ANN_RN(1.0),N_A,AFY,AGR_REL_ACT_OTH,2019,2018,INT_BURDEN,0,2019-03-31,RPT,11.9697
RBI:RATIO_LNGNFC_INDUS_ANN_RN(1.0),N_A,AFY,AGR_REL_ACT_OTH,2019,2018,INT_CVG,0,2019-03-31,RPT,8.354442
RBI:RATIO_LNGNFC_INDUS_ANN_RN(1.0),N_A,AFY,AGR_REL_ACT_OTH,2019,2018,INT_TO_SAL,0,2019-03-31,RPT,1.3432
RBI:RATIO_LNGNFC_INDUS_ANN_RN(1.0),N_A,AFY,AGR_REL_ACT_OTH,2019,2018,NET_PFT_TO_SAL,0,2019-03-31,RPT,-0.1651
RBI:RATIO_LNGNFC_INDUS_ANN_RN(1.0),N_A,AFY,AGR_REL_ACT_OTH,2019,2018,NET_PFT_TO_SAL,0,2019-03-31,RPT,7.3606
RBI:RATIO_LNGNFC_INDUS_ANN_RN(1.0),N_A,AFY,AGR_REL_ACT_OTH,2019,2018,OPR_PFTS_TO_SAL,0,2019-03-31,RPT,11.0243
RBI:RATIO_LNGNFC_INDUS_ANN_RN(1.0),N_A,AFY,AGR_REL_ACT_OTH,2019,2018,TAX_PROV_TO_EBT,0,2019-03-31,RPT,25.028
RBI:RATIO_LNGNFC_INDUS_ANN_RN(1.0),N_A,AFY,ARA_TCP,2019,2018,CSH_CVG_RATIO,0,2019-03-31,RPT,0.922909
RBI:RATIO_LNGNFC_INDUS_ANN_RN(1.0),N_A,AFY,ARA_TCP,2019,2018,EBITDA_TO_SAL,0,2019-03-31,RPT,10.3788
RBI:RATIO_LNGNFC_INDUS_ANN_RN(1.0),N_A,AFY,ARA_TCP,2019,2018,INT_CVG,0,2019-03-31,RPT,0.596338
RBI:RATIO_LNGNFC_INDUS_ANN_RN(1.0),N_A,AFY,ARA_TCP,2019,2018,INT_TO_SAL,0,2019-03-31,RPT,11.2458
RBI:RATIO_LNGNFC_INDUS_ANN_RN(1.0),N_A,AFY,ARA_TCP,2019,2018,OPR_PFTS_TO_SAL,0,2019-03-31,RPT,-0.6912
RBI:RATIO_LNGNFC_INDUS_ANN_RN(1.0),N_A,AFY,ARA_TCP,2019,2018,TAX_PROV_TO_EBT,0,2019-03-31,RPT,18.6897
RBI:RATIO_LNGNFC_INDUS_ANN_RN(1.0),N_A,AFY,CONSTRN,2019,2018,CSH_CVG_RATIO,0,2019-03-31,RPT,2.462714
RBI:RATIO_LNGNFC_INDUS_ANN_RN(1.0),N_A,AFY,CONSTRN,2019,2018,EBITDA_TO_SAL,0,2019-03-31,RPT,14.9514
RBI:RATIO_LNGNFC_INDUS_ANN_RN(1.0),N_A,AFY,CONSTRN,2019,2018,INT_BURDEN,0,2019-03-31,RPT,46.929
RBI:RATIO_LNGNFC_INDUS_ANN_RN(1.0),N_A,AFY,CONSTRN,2019,2018,INT_CVG,0,2019-03-31,RPT,2.130879
RBI:RATIO_LNGNFC_INDUS_ANN_RN(1.0),N_A,AFY,CONSTRN,2019,2018,INT_TO_SAL,0,2019-03-31,RPT,6.0711
RBI:RATIO_LNGNFC_INDUS_ANN_RN(1.0),N_A,AFY,CONSTRN,2019,2018,NET_PFT_TO_SAL,0,2019-03-31,RPT,3.2259
RBI:RATIO_LNGNFC_INDUS_ANN_RN(1.0),N_A,AFY,CONSTRN,2019,2018,OPR_PFTS_TO_SAL,0,2019-03-31,RPT,11.268
RBI:RATIO_LNGNFC_INDUS_ANN_RN(1.0),N_A,AFY,CONSTRN,2019,2018,TAX_PROV_TO_EBT,0,2019-03-31,RPT,27.2422
RBI:RATIO_LNGNFC_INDUS_ANN_RN(1.0),N_A,AFY,ELC_GAS_SPLY,2019,2018,CSH_CVG_RATIO,0,2019-03-31,RPT,2.870683
RBI:RATIO_LNGNFC_INDUS_ANN_RN(1.0),N_A,AFY,ELC_GAS_SPLY,2019,2018,EBITDA_TO_SAL,0,2019-03-31,RPT,28.7028
RBI:RATIO_LNGNFC_INDUS_ANN_RN(1.0),N_A,AFY,ELC_GAS_SPLY,2019,2018,INT_BURDEN,0,2019-03-31,RPT,41.8202
RBI:RATIO_LNGNFC_INDUS_ANN_RN(1.0),N_A,AFY,ELC_GAS_SPLY,2019,2018,INT_CVG,0,2019-03-31,RPT,2.39119
RBI:RATIO_LNGNFC_INDUS_ANN_RN(1.0),N_A,AFY,ELC_GAS_SPLY,2019,2018,INT_TO_SAL,0,2019-03-31,RPT,9.9986
RBI:RATIO_LNGNFC_INDUS_ANN_RN(1.0),N_A,AFY,ELC_GAS_SPLY,2019,2018,NET_PFT_TO_SAL,0,2019-03-31,RPT,2.0347
RBI:RATIO_LNGNFC_INDUS_ANN_RN(1.0),N_A,AFY,ELC_GAS_SPLY,2019,2018,OPR_PFTS_TO_SAL,0,2019-03-31,RPT,7.9707
RBI:RATIO_LNGNFC_INDUS_ANN_RN(1.0),N_A,AFY,ELC_GAS_SPLY,2019,2018,TAX_PROV_TO_EBT,0,2019-03-31,RPT,14.9531
RBI:RATIO_LNGNFC_INDUS_ANN_RN(1.0),N_A,AFY,INDS_GRP_ALL_COMP,2019,2018,CSH_CVG_RATIO,0,2019-03-31,RPT,5.959442
RBI:RATIO_LNGNFC_INDUS_ANN_RN(1.0),N_A,AFY,INDS_GRP_ALL_COMP,2019,2018,EBITDA_TO_SAL,0,2019-03-31,RPT,18.2466
RBI:RATIO_LNGNFC_INDUS_ANN_RN(1.0),N_A,AFY,INDS_GRP_ALL_COMP,2019,2018,INT_BURDEN,0,2019-03-31,RPT,20.9357
RBI:RATIO_LNGNFC_INDUS_ANN_RN(1.0),N_A,AFY,INDS_GRP_ALL_COMP,2019,2018,INT_CVG,0,2019-03-31,RPT,4.776524
RBI:RATIO_LNGNFC_INDUS_ANN_RN(1.0),N_A,AFY,INDS_GRP_ALL_COMP,2019,2018,INT_TO_SAL,0,2019-03-31,RPT,3.0618
RBI:RATIO_LNGNFC_INDUS_ANN_RN(1.0),N_A,AFY,INDS_GRP_ALL_COMP,2019,2018,NET_PFT_TO_SAL,0,2019-03-31,RPT,7.3131
RBI:RATIO_LNGNFC_INDUS_ANN_RN(1.0),N_A,AFY,INDS_GRP_ALL_COMP,2019,2018,OPR_PFTS_TO_SAL,0,2019-03-31,RPT,14.8797
RBI:RATIO_LNGNFC_INDUS_ANN_RN(1.0),N_A,AFY,INDS_GRP_ALL_COMP,2019,2018,TAX_PROV_TO_EBT,0,2019-03-31,RPT,24.9142
RBI:RATIO_LNGNFC_INDUS_ANN_RN(1.0),N_A,AFY,IT_CSRS,2019,2018,CSH_CVG_RATIO,0,2019-03-31,RPT,61.94964
RBI:RATIO_LNGNFC_INDUS_ANN_RN(1.0),N_A,AFY,IT_CSRS,2019,2018,EBITDA_TO_SAL,0,2019-03-31,RPT,29.664
RBI:RATIO_LNGNFC_INDUS_ANN_RN(1.0),N_A,AFY,IT_CSRS,2019,2018,INT_BURDEN,0,2019-03-31,RPT,1.7409
RBI:RATIO_LNGNFC_INDUS_ANN_RN(1.0),N_A,AFY,IT_CSRS,2019,2018,INT_CVG,0,2019-03-31,RPT,57.440824
RBI:RATIO_LNGNFC_INDUS_ANN_RN(1.0),N_A,AFY,IT_CSRS,2019,2018,INT_TO_SAL,0,2019-03-31,RPT,0.4788
RBI:RATIO_LNGNFC_INDUS_ANN_RN(1.0),N_A,AFY,IT_CSRS,2019,2018,NET_PFT_TO_SAL,0,2019-03-31,RPT,19.6485
RBI:RATIO_LNGNFC_INDUS_ANN_RN(1.0),N_A,AFY,IT_CSRS,2019,2018,OPR_PFTS_TO_SAL,0,2019-03-31,RPT,24.5287
RBI:RATIO_LNGNFC_INDUS_ANN_RN(1.0),N_A,AFY,IT_CSRS,2019,2018,TAX_PROV_TO_EBT,0,2019-03-31,RPT,24.3768
RBI:RATIO_LNGNFC_INDUS_ANN_RN(1.0),N_A,AFY,MIN_N_QUARY,2019,2018,CSH_CVG_RATIO,0,2019-03-31,RPT,3.217271
RBI:RATIO_LNGNFC_INDUS_ANN_RN(1.0),N_A,AFY,MIN_N_QUARY,2019,2018,EBITDA_TO_SAL,0,2019-03-31,RPT,27.5187
RBI:RATIO_LNGNFC_INDUS_ANN_RN(1.0),N_A,AFY,MIN_N_QUARY,2019,2018,INT_BURDEN,0,2019-03-31,RPT,43.3008
RBI:RATIO_LNGNFC_INDUS_ANN_RN(1.0),N_A,AFY,MIN_N_QUARY,2019,2018,INT_CVG,0,2019-03-31,RPT,2.309424
RBI:RATIO_LNGNFC_INDUS_ANN_RN(1.0),N_A,AFY,MIN_N_QUARY,2019,2018,INT_TO_SAL,0,2019-03-31,RPT,8.5534
RBI:RATIO_LNGNFC_INDUS_ANN_RN(1.0),N_A,AFY,MIN_N_QUARY,2019,2018,NET_PFT_TO_SAL,0,2019-03-31,RPT,11.7203
RBI:RATIO_LNGNFC_INDUS_ANN_RN(1.0),N_A,AFY,MIN_N_QUARY,2019,2018,OPR_PFTS_TO_SAL,0,2019-03-31,RPT,13.4195
RBI:RATIO_LNGNFC_INDUS_ANN_RN(1.0),N_A,AFY,MIN_N_QUARY,2019,2018,TAX_PROV_TO_EBT,0,2019-03-31,RPT,3.3315
RBI:RATIO_LNGNFC_INDUS_ANN_RN(1.0),N_A,AFY,MNF,2019,2018,CSH_CVG_RATIO,0,2019-03-31,RPT,6.685524
RBI:RATIO_LNGNFC_INDUS_ANN_RN(1.0),N_A,AFY,MNF,2019,2018,EBITDA_TO_SAL,0,2019-03-31,RPT,16.9016
RBI:RATIO_LNGNFC_INDUS_ANN_RN(1.0),N_A,AFY,MNF,2019,2018,INT_BURDEN,0,2019-03-31,RPT,18.5923
RBI:RATIO_LNGNFC_INDUS_ANN_RN(1.0),N_A,AFY,MNF,2019,2018,INT_CVG,0,2019-03-31,RPT,5.378558
RBI:RATIO_LNGNFC_INDUS_ANN_RN(1.0),N_A,AFY,MNF,2019,2018,INT_TO_SAL,0,2019-03-31,RPT,2.5281
RBI:RATIO_LNGNFC_INDUS_ANN_RN(1.0),N_A,AFY,MNF,2019,2018,NET_PFT_TO_SAL,0,2019-03-31,RPT,6.8182
RBI:RATIO_LNGNFC_INDUS_ANN_RN(1.0),N_A,AFY,MNF,2019,2018,OPR_PFTS_TO_SAL,0,2019-03-31,RPT,14.5888
RBI:RATIO_LNGNFC_INDUS_ANN_RN(1.0),N_A,AFY,MNF,2019,2018,TAX_PROV_TO_EBT,0,2019-03-31,RPT,25.5242
RBI:RATIO_LNGNFC_INDUS_ANN_RN(1.0),N_A,AFY,MNF_CCP,2019,2018,CSH_CVG_RATIO,0,2019-03-31,RPT,5.907298
RBI:RATIO_LNGNFC_INDUS_ANN_RN(1.0),N_A,AFY,MNF_CCP,2019,2018,EBITDA_TO_SAL,0,2019-03-31,RPT,17.8051
RBI:RATIO_LNGNFC_INDUS_ANN_RN(1.0),N_A,AFY,MNF_CCP,2019,2018,INT_BURDEN,0,2019-03-31,RPT,24.2392
RBI:RATIO_LNGNFC_INDUS_ANN_RN(1.0),N_A,AFY,MNF_CCP,2019,2018,INT_CVG,0,2019-03-31,RPT,4.125555
RBI:RATIO_LNGNFC_INDUS_ANN_RN(1.0),N_A,AFY,MNF_CCP,2019,2018,INT_TO_SAL,0,2019-03-31,RPT,3.0141
RBI:RATIO_LNGNFC_INDUS_ANN_RN(1.0),N_A,AFY,MNF_CCP,2019,2018,NET_PFT_TO_SAL,0,2019-03-31,RPT,7.2414
RBI:RATIO_LNGNFC_INDUS_ANN_RN(1.0),N_A,AFY,MNF_CCP,2019,2018,OPR_PFTS_TO_SAL,0,2019-03-31,RPT,15.8847
RBI:RATIO_LNGNFC_INDUS_ANN_RN(1.0),N_A,AFY,MNF_CCP,2019,2018,TAX_PROV_TO_EBT,0,2019-03-31,RPT,14.6691
RBI:RATIO_LNGNFC_INDUS_ANN_RN(1.0),N_A,AFY,MNF_CEE,2019,2018,CSH_CVG_RATIO,0,2019-03-31,RPT,58.571808
RBI:RATIO_LNGNFC_INDUS_ANN_RN(1.0),N_A,AFY,MNF_CEE,2019,2018,EBITDA_TO_SAL,0,2019-03-31,RPT,17.3577
RBI:RATIO_LNGNFC_INDUS_ANN_RN(1.0),N_A,AFY,MNF_CEE,2019,2018,INT_BURDEN,0,2019-03-31,RPT,2.1693
RBI:RATIO_LNGNFC_INDUS_ANN_RN(1.0),N_A,AFY,MNF_CEE,2019,2018,INT_CVG,0,2019-03-31,RPT,46.097975
RBI:RATIO_LNGNFC_INDUS_ANN_RN(1.0),N_A,AFY,MNF_CEE,2019,2018,INT_TO_SAL,0,2019-03-31,RPT,0.2963
RBI:RATIO_LNGNFC_INDUS_ANN_RN(1.0),N_A,AFY,MNF_CEE,2019,2018,NET_PFT_TO_SAL,0,2019-03-31,RPT,9.1675
RBI:RATIO_LNGNFC_INDUS_ANN_RN(1.0),N_A,AFY,MNF_CEE,2019,2018,OPR_PFTS_TO_SAL,0,2019-03-31,RPT,13.0265
RBI:RATIO_LNGNFC_INDUS_ANN_RN(1.0),N_A,AFY,MNF_CEE,2019,2018,TAX_PROV_TO_EBT,0,2019-03-31,RPT,24.7202
RBI:RATIO_LNGNFC_INDUS_ANN_RN(1.0),N_A,AFY,MNF_CHM_PRD,2019,2018,CSH_CVG_RATIO,0,2019-03-31,RPT,10.922128
RBI:RATIO_LNGNFC_INDUS_ANN_RN(1.0),N_A,AFY,MNF_CHM_PRD,2019,2018,EBITDA_TO_SAL,0,2019-03-31,RPT,17.4797
RBI:RATIO_LNGNFC_INDUS_ANN_RN(1.0),N_A,AFY,MNF_CHM_PRD,2019,2018,INT_BURDEN,0,2019-03-31,RPT,10.6208
RBI:RATIO_LNGNFC_INDUS_ANN_RN(1.0),N_A,AFY,MNF_CHM_PRD,2019,2018,INT_CVG,0,2019-03-31,RPT,9.415506
RBI:RATIO_LNGNFC_INDUS_ANN_RN(1.0),N_A,AFY,MNF_CHM_PRD,2019,2018,INT_TO_SAL,0,2019-03-31,RPT,1.6004
RBI:RATIO_LNGNFC_INDUS_ANN_RN(1.0),N_A,AFY,MNF_CHM_PRD,2019,2018,NET_PFT_TO_SAL,0,2019-03-31,RPT,9.7175
RBI:RATIO_LNGNFC_INDUS_ANN_RN(1.0),N_A,AFY,MNF_CHM_PRD,2019,2018,OPR_PFTS_TO_SAL,0,2019-03-31,RPT,15.7469
RBI:RATIO_LNGNFC_INDUS_ANN_RN(1.0),N_A,AFY,MNF_CHM_PRD,2019,2018,TAX_PROV_TO_EBT,0,2019-03-31,RPT,25.2655
RBI:RATIO_LNGNFC_INDUS_ANN_RN(1.0),N_A,AFY,MNF_CP_BASIC,2019,2018,CSH_CVG_RATIO,0,2019-03-31,RPT,9.785203
RBI:RATIO_LNGNFC_INDUS_ANN_RN(1.0),N_A,AFY,MNF_CP_BASIC,2019,2018,EBITDA_TO_SAL,0,2019-03-31,RPT,20.7462
RBI:RATIO_LNGNFC_INDUS_ANN_RN(1.0),N_A,AFY,MNF_CP_BASIC,2019,2018,INT_BURDEN,0,2019-03-31,RPT,11.965
RBI:RATIO_LNGNFC_INDUS_ANN_RN(1.0),N_A,AFY,MNF_CP_BASIC,2019,2018,INT_CVG,0,2019-03-31,RPT,8.357679
RBI:RATIO_LNGNFC_INDUS_ANN_RN(1.0),N_A,AFY,MNF_CP_BASIC,2019,2018,INT_TO_SAL,0,2019-03-31,RPT,2.1202
RBI:RATIO_LNGNFC_INDUS_ANN_RN(1.0),N_A,AFY,MNF_CP_BASIC,2019,2018,NET_PFT_TO_SAL,0,2019-03-31,RPT,11.7257
RBI:RATIO_LNGNFC_INDUS_ANN_RN(1.0),N_A,AFY,MNF_CP_BASIC,2019,2018,OPR_PFTS_TO_SAL,0,2019-03-31,RPT,18.7691
RBI:RATIO_LNGNFC_INDUS_ANN_RN(1.0),N_A,AFY,MNF_CP_BASIC,2019,2018,TAX_PROV_TO_EBT,0,2019-03-31,RPT,20.3783
RBI:RATIO_LNGNFC_INDUS_ANN_RN(1.0),N_A,AFY,MNF_CP_FNP,2019,2018,CSH_CVG_RATIO,0,2019-03-31,RPT,4.226845
RBI:RATIO_LNGNFC_INDUS_ANN_RN(1.0),N_A,AFY,MNF_CP_FNP,2019,2018,EBITDA_TO_SAL,0,2019-03-31,RPT,11.2561
RBI:RATIO_LNGNFC_INDUS_ANN_RN(1.0),N_A,AFY,MNF_CP_FNP,2019,2018,INT_BURDEN,0,2019-03-31,RPT,27.9529
RBI:RATIO_LNGNFC_INDUS_ANN_RN(1.0),N_A,AFY,MNF_CP_FNP,2019,2018,INT_CVG,0,2019-03-31,RPT,3.577442
RBI:RATIO_LNGNFC_INDUS_ANN_RN(1.0),N_A,AFY,MNF_CP_FNP,2019,2018,INT_TO_SAL,0,2019-03-31,RPT,2.663
RBI:RATIO_LNGNFC_INDUS_ANN_RN(1.0),N_A,AFY,MNF_CP_FNP,2019,2018,NET_PFT_TO_SAL,0,2019-03-31,RPT,4.6473
RBI:RATIO_LNGNFC_INDUS_ANN_RN(1.0),N_A,AFY,MNF_CP_FNP,2019,2018,OPR_PFTS_TO_SAL,0,2019-03-31,RPT,10.0081
RBI:RATIO_LNGNFC_INDUS_ANN_RN(1.0),N_A,AFY,MNF_CP_FNP,2019,2018,TAX_PROV_TO_EBT,0,2019-03-31,RPT,22.1868
RBI:RATIO_LNGNFC_INDUS_ANN_RN(1.0),N_A,AFY,MNF_CP_OTH,2019,2018,CSH_CVG_RATIO,0,2019-03-31,RPT,17.287525
RBI:RATIO_LNGNFC_INDUS_ANN_RN(1.0),N_A,AFY,MNF_CP_OTH,2019,2018,EBITDA_TO_SAL,0,2019-03-31,RPT,18.5412
RBI:RATIO_LNGNFC_INDUS_ANN_RN(1.0),N_A,AFY,MNF_CP_OTH,2019,2018,INT_BURDEN,0,2019-03-31,RPT,6.6645
RBI:RATIO_LNGNFC_INDUS_ANN_RN(1.0),N_A,AFY,MNF_CP_OTH,2019,2018,INT_CVG,0,2019-03-31,RPT,15.004844
RBI:RATIO_LNGNFC_INDUS_ANN_RN(1.0),N_A,AFY,MNF_CP_OTH,2019,2018,INT_TO_SAL,0,2019-03-31,RPT,1.0725
RBI:RATIO_LNGNFC_INDUS_ANN_RN(1.0),N_A,AFY,MNF_CP_OTH,2019,2018,NET_PFT_TO_SAL,0,2019-03-31,RPT,10.9587
RBI:RATIO_LNGNFC_INDUS_ANN_RN(1.0),N_A,AFY,MNF_CP_OTH,2019,2018,OPR_PFTS_TO_SAL,0,2019-03-31,RPT,16.639
RBI:RATIO_LNGNFC_INDUS_ANN_RN(1.0),N_A,AFY,MNF_CP_OTH,2019,2018,TAX_PROV_TO_EBT,0,2019-03-31,RPT,27.9309
RBI:RATIO_LNGNFC_INDUS_ANN_RN(1.0),N_A,AFY,MNF_CP_PNV,2019,2018,CSH_CVG_RATIO,0,2019-03-31,RPT,55.040194
RBI:RATIO_LNGNFC_INDUS_ANN_RN(1.0),N_A,AFY,MNF_CP_PNV,2019,2018,EBITDA_TO_SAL,0,2019-03-31,RPT,18.0343
RBI:RATIO_LNGNFC_INDUS_ANN_RN(1.0),N_A,AFY,MNF_CP_PNV,2019,2018,INT_BURDEN,0,2019-03-31,RPT,2.0661
RBI:RATIO_LNGNFC_INDUS_ANN_RN(1.0),N_A,AFY,MNF_CP_PNV,2019,2018,INT_CVG,0,2019-03-31,RPT,48.399563
RBI:RATIO_LNGNFC_INDUS_ANN_RN(1.0),N_A,AFY,MNF_CP_PNV,2019,2018,INT_TO_SAL,0,2019-03-31,RPT,0.3277
RBI:RATIO_LNGNFC_INDUS_ANN_RN(1.0),N_A,AFY,MNF_CP_PNV,2019,2018,NET_PFT_TO_SAL,0,2019-03-31,RPT,10.2094
RBI:RATIO_LNGNFC_INDUS_ANN_RN(1.0),N_A,AFY,MNF_CP_PNV,2019,2018,OPR_PFTS_TO_SAL,0,2019-03-31,RPT,16.5854
RBI:RATIO_LNGNFC_INDUS_ANN_RN(1.0),N_A,AFY,MNF_CP_PNV,2019,2018,TAX_PROV_TO_EBT,0,2019-03-31,RPT,29.556
RBI:RATIO_LNGNFC_INDUS_ANN_RN(1.0),N_A,AFY,MNF_EMA,2019,2018,CSH_CVG_RATIO,0,2019-03-31,RPT,4.719618
RBI:RATIO_LNGNFC_INDUS_ANN_RN(1.0),N_A,AFY,MNF_EMA,2019,2018,EBITDA_TO_SAL,0,2019-03-31,RPT,10.8373
RBI:RATIO_LNGNFC_INDUS_ANN_RN(1.0),N_A,AFY,MNF_EMA,2019,2018,INT_BURDEN,0,2019-03-31,RPT,26.3489
RBI:RATIO_LNGNFC_INDUS_ANN_RN(1.0),N_A,AFY,MNF_EMA,2019,2018,INT_CVG,0,2019-03-31,RPT,3.795222
RBI:RATIO_LNGNFC_INDUS_ANN_RN(1.0),N_A,AFY,MNF_EMA,2019,2018,INT_TO_SAL,0,2019-03-31,RPT,2.2962
RBI:RATIO_LNGNFC_INDUS_ANN_RN(1.0),N_A,AFY,MNF_EMA,2019,2018,NET_PFT_TO_SAL,0,2019-03-31,RPT,-0.7733
RBI:RATIO_LNGNFC_INDUS_ANN_RN(1.0),N_A,AFY,MNF_EMA,2019,2018,OPR_PFTS_TO_SAL,0,2019-03-31,RPT,9.069
RBI:RATIO_LNGNFC_INDUS_ANN_RN(1.0),N_A,AFY,MNF_EMA,2019,2018,TAX_PROV_TO_EBT,0,2019-03-31,RPT,31.6064
RBI:RATIO_LNGNFC_INDUS_ANN_RN(1.0),N_A,AFY,MNF_FMP,2019,2018,CSH_CVG_RATIO,0,2019-03-31,RPT,11.349914
RBI:RATIO_LNGNFC_INDUS_ANN_RN(1.0),N_A,AFY,MNF_FMP,2019,2018,EBITDA_TO_SAL,0,2019-03-31,RPT,19.2849
RBI:RATIO_LNGNFC_INDUS_ANN_RN(1.0),N_A,AFY,MNF_FMP,2019,2018,INT_BURDEN,0,2019-03-31,RPT,11.6431
RBI:RATIO_LNGNFC_INDUS_ANN_RN(1.0),N_A,AFY,MNF_FMP,2019,2018,INT_CVG,0,2019-03-31,RPT,8.588779
RBI:RATIO_LNGNFC_INDUS_ANN_RN(1.0),N_A,AFY,MNF_FMP,2019,2018,INT_TO_SAL,0,2019-03-31,RPT,1.6991
RBI:RATIO_LNGNFC_INDUS_ANN_RN(1.0),N_A,AFY,MNF_FMP,2019,2018,NET_PFT_TO_SAL,0,2019-03-31,RPT,7.6584
RBI:RATIO_LNGNFC_INDUS_ANN_RN(1.0),N_A,AFY,MNF_FMP,2019,2018,OPR_PFTS_TO_SAL,0,2019-03-31,RPT,17.0022
RBI:RATIO_LNGNFC_INDUS_ANN_RN(1.0),N_A,AFY,MNF_FMP,2019,2018,TAX_PROV_TO_EBT,0,2019-03-31,RPT,29.587
RBI:RATIO_LNGNFC_INDUS_ANN_RN(1.0),N_A,AFY,MNF_FPB,2019,2018,CSH_CVG_RATIO,0,2019-03-31,RPT,4.711443
RBI:RATIO_LNGNFC_INDUS_ANN_RN(1.0),N_A,AFY,MNF_FPB,2019,2018,EBITDA_TO_SAL,0,2019-03-31,RPT,10.5713
RBI:RATIO_LNGNFC_INDUS_ANN_RN(1.0),N_A,AFY,MNF_FPB,2019,2018,INT_BURDEN,0,2019-03-31,RPT,26.9806
RBI:RATIO_LNGNFC_INDUS_ANN_RN(1.0),N_A,AFY,MNF_FPB,2019,2018,INT_CVG,0,2019-03-31,RPT,3.706361
RBI:RATIO_LNGNFC_INDUS_ANN_RN(1.0),N_A,AFY,MNF_FPB,2019,2018,INT_TO_SAL,0,2019-03-31,RPT,2.2438
RBI:RATIO_LNGNFC_INDUS_ANN_RN(1.0),N_A,AFY,MNF_FPB,2019,2018,NET_PFT_TO_SAL,0,2019-03-31,RPT,3.5729
RBI:RATIO_LNGNFC_INDUS_ANN_RN(1.0),N_A,AFY,MNF_FPB,2019,2018,OPR_PFTS_TO_SAL,0,2019-03-31,RPT,8.3964
RBI:RATIO_LNGNFC_INDUS_ANN_RN(1.0),N_A,AFY,MNF_FPB,2019,2018,TAX_PROV_TO_EBT,0,2019-03-31,RPT,29.4586
RBI:RATIO_LNGNFC_INDUS_ANN_RN(1.0),N_A,AFY,MNF_FPB_DAIRY_PRD,2019,2018,CSH_CVG_RATIO,0,2019-03-31,RPT,2.756782
RBI:RATIO_LNGNFC_INDUS_ANN_RN(1.0),N_A,AFY,MNF_FPB_DAIRY_PRD,2019,2018,EBITDA_TO_SAL,0,2019-03-31,RPT,5.1538
RBI:RATIO_LNGNFC_INDUS_ANN_RN(1.0),N_A,AFY,MNF_FPB_DAIRY_PRD,2019,2018,INT_BURDEN,0,2019-03-31,RPT,92.981
RBI:RATIO_LNGNFC_INDUS_ANN_RN(1.0),N_A,AFY,MNF_FPB_DAIRY_PRD,2019,2018,INT_CVG,0,2019-03-31,RPT,1.075489
RBI:RATIO_LNGNFC_INDUS_ANN_RN(1.0),N_A,AFY,MNF_FPB_DAIRY_PRD,2019,2018,INT_TO_SAL,0,2019-03-31,RPT,1.8695
RBI:RATIO_LNGNFC_INDUS_ANN_RN(1.0),N_A,AFY,MNF_FPB_DAIRY_PRD,2019,2018,NET_PFT_TO_SAL,0,2019-03-31,RPT,-3.7734
RBI:RATIO_LNGNFC_INDUS_ANN_RN(1.0),N_A,AFY,MNF_FPB_DAIRY_PRD,2019,2018,OPR_PFTS_TO_SAL,0,2019-03-31,RPT,3.3197
RBI:RATIO_LNGNFC_INDUS_ANN_RN(1.0),N_A,AFY,MNF_FPB_DAIRY_PRD,2019,2018,TAX_PROV_TO_EBT,0,2019-03-31,RPT,34.0505
RBI:RATIO_LNGNFC_INDUS_ANN_RN(1.0),N_A,AFY,MNF_FPB_EDD_OIL,2019,2018,CSH_CVG_RATIO,0,2019-03-31,RPT,10.39694
RBI:RATIO_LNGNFC_INDUS_ANN_RN(1.0),N_A,AFY,MNF_FPB_EDD_OIL,2019,2018,EBITDA_TO_SAL,0,2019-03-31,RPT,6.4868
RBI:RATIO_LNGNFC_INDUS_ANN_RN(1.0),N_A,AFY,MNF_FPB_EDD_OIL,2019,2018,INT_BURDEN,0,2019-03-31,RPT,11.9432
RBI:RATIO_LNGNFC_INDUS_ANN_RN(1.0),N_A,AFY,MNF_FPB_EDD_OIL,2019,2018,INT_CVG,0,2019-03-31,RPT,8.372969
RBI:RATIO_LNGNFC_INDUS_ANN_RN(1.0),N_A,AFY,MNF_FPB_EDD_OIL,2019,2018,INT_TO_SAL,0,2019-03-31,RPT,0.6239
RBI:RATIO_LNGNFC_INDUS_ANN_RN(1.0),N_A,AFY,MNF_FPB_EDD_OIL,2019,2018,NET_PFT_TO_SAL,0,2019-03-31,RPT,4.1161
RBI:RATIO_LNGNFC_INDUS_ANN_RN(1.0),N_A,AFY,MNF_FPB_EDD_OIL,2019,2018,OPR_PFTS_TO_SAL,0,2019-03-31,RPT,5.054
RBI:RATIO_LNGNFC_INDUS_ANN_RN(1.0),N_A,AFY,MNF_FPB_EDD_OIL,2019,2018,TAX_PROV_TO_EBT,0,2019-03-31,RPT,11.6211
RBI:RATIO_LNGNFC_INDUS_ANN_RN(1.0),N_A,AFY,MNF_FPB_ESGR,2019,2018,CSH_CVG_RATIO,0,2019-03-31,RPT,2.104006
RBI:RATIO_LNGNFC_INDUS_ANN_RN(1.0),N_A,AFY,MNF_FPB_ESGR,2019,2018,EBITDA_TO_SAL,0,2019-03-31,RPT,11.5028
RBI:RATIO_LNGNFC_INDUS_ANN_RN(1.0),N_A,AFY,MNF_FPB_ESGR,2019,2018,INT_BURDEN,0,2019-03-31,RPT,66.148
RBI:RATIO_LNGNFC_INDUS_ANN_RN(1.0),N_A,AFY,MNF_FPB_ESGR,2019,2018,INT_CVG,0,2019-03-31,RPT,1.511762
RBI:RATIO_LNGNFC_INDUS_ANN_RN(1.0),N_A,AFY,MNF_FPB_ESGR,2019,2018,INT_TO_SAL,0,2019-03-31,RPT,5.4671
RBI:RATIO_LNGNFC_INDUS_ANN_RN(1.0),N_A,AFY,MNF_FPB_ESGR,2019,2018,NET_PFT_TO_SAL,0,2019-03-31,RPT,2.0322
RBI:RATIO_LNGNFC_INDUS_ANN_RN(1.0),N_A,AFY,MNF_FPB_ESGR,2019,2018,OPR_PFTS_TO_SAL,0,2019-03-31,RPT,8.4372
RBI:RATIO_LNGNFC_INDUS_ANN_RN(1.0),N_A,AFY,MNF_FPB_ESGR,2019,2018,TAX_PROV_TO_EBT,0,2019-03-31,RPT,19.6191
RBI:RATIO_LNGNFC_INDUS_ANN_RN(1.0),N_A,AFY,MNF_FPB_OFP,2019,2018,CSH_CVG_RATIO,0,2019-03-31,RPT,9.946871
RBI:RATIO_LNGNFC_INDUS_ANN_RN(1.0),N_A,AFY,MNF_FPB_OFP,2019,2018,EBITDA_TO_SAL,0,2019-03-31,RPT,13.533
RBI:RATIO_LNGNFC_INDUS_ANN_RN(1.0),N_A,AFY,MNF_FPB_OFP,2019,2018,INT_BURDEN,0,2019-03-31,RPT,11.6797
RBI:RATIO_LNGNFC_INDUS_ANN_RN(1.0),N_A,AFY,MNF_FPB_OFP,2019,2018,INT_CVG,0,2019-03-31,RPT,8.561894
RBI:RATIO_LNGNFC_INDUS_ANN_RN(1.0),N_A,AFY,MNF_FPB_OFP,2019,2018,INT_TO_SAL,0,2019-03-31,RPT,1.3605
RBI:RATIO_LNGNFC_INDUS_ANN_RN(1.0),N_A,AFY,MNF_FPB_OFP,2019,2018,NET_PFT_TO_SAL,0,2019-03-31,RPT,6.4593
RBI:RATIO_LNGNFC_INDUS_ANN_RN(1.0),N_A,AFY,MNF_FPB_OFP,2019,2018,OPR_PFTS_TO_SAL,0,2019-03-31,RPT,11.4015
RBI:RATIO_LNGNFC_INDUS_ANN_RN(1.0),N_A,AFY,MNF_FPB_OFP,2019,2018,TAX_PROV_TO_EBT,0,2019-03-31,RPT,33.4091
RBI:RATIO_LNGNFC_INDUS_ANN_RN(1.0),N_A,AFY,MNF_GGP,2019,2018,CSH_CVG_RATIO,0,2019-03-31,RPT,2.530213
RBI:RATIO_LNGNFC_INDUS_ANN_RN(1.0),N_A,AFY,MNF_GGP,2019,2018,EBITDA_TO_SAL,0,2019-03-31,RPT,15.2804
RBI:RATIO_LNGNFC_INDUS_ANN_RN(1.0),N_A,AFY,MNF_GGP,2019,2018,INT_BURDEN,0,2019-03-31,RPT,58.1532
RBI:RATIO_LNGNFC_INDUS_ANN_RN(1.0),N_A,AFY,MNF_GGP,2019,2018,INT_CVG,0,2019-03-31,RPT,1.719595
RBI:RATIO_LNGNFC_INDUS_ANN_RN(1.0),N_A,AFY,MNF_GGP,2019,2018,INT_TO_SAL,0,2019-03-31,RPT,6.0392
RBI:RATIO_LNGNFC_INDUS_ANN_RN(1.0),N_A,AFY,MNF_GGP,2019,2018,NET_PFT_TO_SAL,0,2019-03-31,RPT,2.9426
RBI:RATIO_LNGNFC_INDUS_ANN_RN(1.0),N_A,AFY,MNF_GGP,2019,2018,OPR_PFTS_TO_SAL,0,2019-03-31,RPT,13.1744
RBI:RATIO_LNGNFC_INDUS_ANN_RN(1.0),N_A,AFY,MNF_GGP,2019,2018,TAX_PROV_TO_EBT,0,2019-03-31,RPT,33.2206
RBI:RATIO_LNGNFC_INDUS_ANN_RN(1.0),N_A,AFY,MNF_INS,2019,2018,CSH_CVG_RATIO,0,2019-03-31,RPT,3.187966
RBI:RATIO_LNGNFC_INDUS_ANN_RN(1.0),N_A,AFY,MNF_INS,2019,2018,EBITDA_TO_SAL,0,2019-03-31,RPT,19.103
RBI:RATIO_LNGNFC_INDUS_ANN_RN(1.0),N_A,AFY,MNF_INS,2019,2018,INT_BURDEN,0,2019-03-31,RPT,41.1792
RBI:RATIO_LNGNFC_INDUS_ANN_RN(1.0),N_A,AFY,MNF_INS,2019,2018,INT_CVG,0,2019-03-31,RPT,2.428412
RBI:RATIO_LNGNFC_INDUS_ANN_RN(1.0),N_A,AFY,MNF_INS,2019,2018,INT_TO_SAL,0,2019-03-31,RPT,5.9922
RBI:RATIO_LNGNFC_INDUS_ANN_RN(1.0),N_A,AFY,MNF_INS,2019,2018,NET_PFT_TO_SAL,0,2019-03-31,RPT,4.4048
RBI:RATIO_LNGNFC_INDUS_ANN_RN(1.0),N_A,AFY,MNF_INS,2019,2018,OPR_PFTS_TO_SAL,0,2019-03-31,RPT,17.6367
RBI:RATIO_LNGNFC_INDUS_ANN_RN(1.0),N_A,AFY,MNF_INS,2019,2018,TAX_PROV_TO_EBT,0,2019-03-31,RPT,29.5123
RBI:RATIO_LNGNFC_INDUS_ANN_RN(1.0),N_A,AFY,MNF_JRA,2019,2018,CSH_CVG_RATIO,0,2019-03-31,RPT,4.51829
RBI:RATIO_LNGNFC_INDUS_ANN_RN(1.0),N_A,AFY,MNF_JRA,2019,2018,EBITDA_TO_SAL,0,2019-03-31,RPT,4.6626
RBI:RATIO_LNGNFC_INDUS_ANN_RN(1.0),N_A,AFY,MNF_JRA,2019,2018,INT_BURDEN,0,2019-03-31,RPT,23.4181
RBI:RATIO_LNGNFC_INDUS_ANN_RN(1.0),N_A,AFY,MNF_JRA,2019,2018,INT_CVG,0,2019-03-31,RPT,4.270197
RBI:RATIO_LNGNFC_INDUS_ANN_RN(1.0),N_A,AFY,MNF_JRA,2019,2018,INT_TO_SAL,0,2019-03-31,RPT,1.0319
RBI:RATIO_LNGNFC_INDUS_ANN_RN(1.0),N_A,AFY,MNF_JRA,2019,2018,NET_PFT_TO_SAL,0,2019-03-31,RPT,2.4682
RBI:RATIO_LNGNFC_INDUS_ANN_RN(1.0),N_A,AFY,MNF_JRA,2019,2018,OPR_PFTS_TO_SAL,0,2019-03-31,RPT,4.1966
RBI:RATIO_LNGNFC_INDUS_ANN_RN(1.0),N_A,AFY,MNF_JRA,2019,2018,TAX_PROV_TO_EBT,0,2019-03-31,RPT,26.6327
RBI:RATIO_LNGNFC_INDUS_ANN_RN(1.0),N_A,AFY,MNF_LTH,2019,2018,CSH_CVG_RATIO,0,2019-03-31,RPT,12.752888
RBI:RATIO_LNGNFC_INDUS_ANN_RN(1.0),N_A,AFY,MNF_LTH,2019,2018,EBITDA_TO_SAL,0,2019-03-31,RPT,13.7872
RBI:RATIO_LNGNFC_INDUS_ANN_RN(1.0),N_A,AFY,MNF_LTH,2019,2018,INT_BURDEN,0,2019-03-31,RPT,9.3248
RBI:RATIO_LNGNFC_INDUS_ANN_RN(1.0),N_A,AFY,MNF_LTH,2019,2018,INT_CVG,0,2019-03-31,RPT,10.724138
RBI:RATIO_LNGNFC_INDUS_ANN_RN(1.0),N_A,AFY,MNF_LTH,2019,2018,INT_TO_SAL,0,2019-03-31,RPT,1.0811
RBI:RATIO_LNGNFC_INDUS_ANN_RN(1.0),N_A,AFY,MNF_LTH,2019,2018,NET_PFT_TO_SAL,0,2019-03-31,RPT,7.0367
RBI:RATIO_LNGNFC_INDUS_ANN_RN(1.0),N_A,AFY,MNF_LTH,2019,2018,OPR_PFTS_TO_SAL,0,2019-03-31,RPT,12.6776
RBI:RATIO_LNGNFC_INDUS_ANN_RN(1.0),N_A,AFY,MNF_LTH,2019,2018,TAX_PROV_TO_EBT,0,2019-03-31,RPT,33.0171
RBI:RATIO_LNGNFC_INDUS_ANN_RN(1.0),N_A,AFY,MNF_MMT,2019,2018,CSH_CVG_RATIO,0,2019-03-31,RPT,11.009323
RBI:RATIO_LNGNFC_INDUS_ANN_RN(1.0),N_A,AFY,MNF_MMT,2019,2018,EBITDA_TO_SAL,0,2019-03-31,RPT,13.2497
RBI:RATIO_LNGNFC_INDUS_ANN_RN(1.0),N_A,AFY,MNF_MMT,2019,2018,INT_BURDEN,0,2019-03-31,RPT,10.8625
RBI:RATIO_LNGNFC_INDUS_ANN_RN(1.0),N_A,AFY,MNF_MMT,2019,2018,INT_CVG,0,2019-03-31,RPT,9.20596
RBI:RATIO_LNGNFC_INDUS_ANN_RN(1.0),N_A,AFY,MNF_MMT,2019,2018,INT_TO_SAL,0,2019-03-31,RPT,1.2035
RBI:RATIO_LNGNFC_INDUS_ANN_RN(1.0),N_A,AFY,MNF_MMT,2019,2018,NET_PFT_TO_SAL,0,2019-03-31,RPT,6.7301
RBI:RATIO_LNGNFC_INDUS_ANN_RN(1.0),N_A,AFY,MNF_MMT,2019,2018,OPR_PFTS_TO_SAL,0,2019-03-31,RPT,10.8349
RBI:RATIO_LNGNFC_INDUS_ANN_RN(1.0),N_A,AFY,MNF_MMT,2019,2018,TAX_PROV_TO_EBT,0,2019-03-31,RPT,30.3891
RBI:RATIO_LNGNFC_INDUS_ANN_RN(1.0),N_A,AFY,MNF_MMT_MV,2019,2018,CSH_CVG_RATIO,0,2019-03-31,RPT,24.202878
RBI:RATIO_LNGNFC_INDUS_ANN_RN(1.0),N_A,AFY,MNF_MMT_MV,2019,2018,EBITDA_TO_SAL,0,2019-03-31,RPT,15.2773
RBI:RATIO_LNGNFC_INDUS_ANN_RN(1.0),N_A,AFY,MNF_MMT_MV,2019,2018,INT_BURDEN,0,2019-03-31,RPT,5.1816
RBI:RATIO_LNGNFC_INDUS_ANN_RN(1.0),N_A,AFY,MNF_MMT_MV,2019,2018,INT_CVG,0,2019-03-31,RPT,19.29899
RBI:RATIO_LNGNFC_INDUS_ANN_RN(1.0),N_A,AFY,MNF_MMT_MV,2019,2018,INT_TO_SAL,0,2019-03-31,RPT,0.6312
RBI:RATIO_LNGNFC_INDUS_ANN_RN(1.0),N_A,AFY,MNF_MMT_MV,2019,2018,NET_PFT_TO_SAL,0,2019-03-31,RPT,8.3312
RBI:RATIO_LNGNFC_INDUS_ANN_RN(1.0),N_A,AFY,MNF_MMT_MV,2019,2018,OPR_PFTS_TO_SAL,0,2019-03-31,RPT,12.2467
RBI:RATIO_LNGNFC_INDUS_ANN_RN(1.0),N_A,AFY,MNF_MMT_MV,2019,2018,TAX_PROV_TO_EBT,0,2019-03-31,RPT,25.4073
RBI:RATIO_LNGNFC_INDUS_ANN_RN(1.0),N_A,AFY,MNF_MMT_OTH,2019,2018,CSH_CVG_RATIO,0,2019-03-31,RPT,13.592366
RBI:RATIO_LNGNFC_INDUS_ANN_RN(1.0),N_A,AFY,MNF_MMT_OTH,2019,2018,EBITDA_TO_SAL,0,2019-03-31,RPT,14.7282
RBI:RATIO_LNGNFC_INDUS_ANN_RN(1.0),N_A,AFY,MNF_MMT_OTH,2019,2018,INT_BURDEN,0,2019-03-31,RPT,9.5099
RBI:RATIO_LNGNFC_INDUS_ANN_RN(1.0),N_A,AFY,MNF_MMT_OTH,2019,2018,INT_CVG,0,2019-03-31,RPT,10.5154
RBI:RATIO_LNGNFC_INDUS_ANN_RN(1.0),N_A,AFY,MNF_MMT_OTH,2019,2018,INT_TO_SAL,0,2019-03-31,RPT,1.0836
RBI:RATIO_LNGNFC_INDUS_ANN_RN(1.0),N_A,AFY,MNF_MMT_OTH,2019,2018,NET_PFT_TO_SAL,0,2019-03-31,RPT,5.0047
RBI:RATIO_LNGNFC_INDUS_ANN_RN(1.0),N_A,AFY,MNF_MMT_OTH,2019,2018,OPR_PFTS_TO_SAL,0,2019-03-31,RPT,11.9892
RBI:RATIO_LNGNFC_INDUS_ANN_RN(1.0),N_A,AFY,MNF_MMT_OTH,2019,2018,TAX_PROV_TO_EBT,0,2019-03-31,RPT,25.6898
RBI:RATIO_LNGNFC_INDUS_ANN_RN(1.0),N_A,AFY,MNF_MMT_PRTS,2019,2018,CSH_CVG_RATIO,0,2019-03-31,RPT,4.286163
RBI:RATIO_LNGNFC_INDUS_ANN_RN(1.0),N_A,AFY,MNF_MMT_PRTS,2019,2018,EBITDA_TO_SAL,0,2019-03-31,RPT,12.5026
RBI:RATIO_LNGNFC_INDUS_ANN_RN(1.0),N_A,AFY,MNF_MMT_PRTS,2019,2018,INT_BURDEN,0,2019-03-31,RPT,35.5677
RBI:RATIO_LNGNFC_INDUS_ANN_RN(1.0),N_A,AFY,MNF_MMT_PRTS,2019,2018,INT_CVG,0,2019-03-31,RPT,2.811542
RBI:RATIO_LNGNFC_INDUS_ANN_RN(1.0),N_A,AFY,MNF_MMT_PRTS,2019,2018,INT_TO_SAL,0,2019-03-31,RPT,2.917
RBI:RATIO_LNGNFC_INDUS_ANN_RN(1.0),N_A,AFY,MNF_MMT_PRTS,2019,2018,NET_PFT_TO_SAL,0,2019-03-31,RPT,-8.478
RBI:RATIO_LNGNFC_INDUS_ANN_RN(1.0),N_A,AFY,MNF_MMT_PRTS,2019,2018,OPR_PFTS_TO_SAL,0,2019-03-31,RPT,10.9459
RBI:RATIO_LNGNFC_INDUS_ANN_RN(1.0),N_A,AFY,MNF_MMT_PRTS,2019,2018,TAX_PROV_TO_EBT,0,2019-03-31,RPT,27.3645
RBI:RATIO_LNGNFC_INDUS_ANN_RN(1.0),N_A,AFY,MNF_MPOSE,2019,2018,CSH_CVG_RATIO,0,2019-03-31,RPT,11.960914
RBI:RATIO_LNGNFC_INDUS_ANN_RN(1.0),N_A,AFY,MNF_MPOSE,2019,2018,EBITDA_TO_SAL,0,2019-03-31,RPT,24.5223
RBI:RATIO_LNGNFC_INDUS_ANN_RN(1.0),N_A,AFY,MNF_MPOSE,2019,2018,INT_BURDEN,0,2019-03-31,RPT,11.2799
RBI:RATIO_LNGNFC_INDUS_ANN_RN(1.0),N_A,AFY,MNF_MPOSE,2019,2018,INT_CVG,0,2019-03-31,RPT,8.865304
RBI:RATIO_LNGNFC_INDUS_ANN_RN(1.0),N_A,AFY,MNF_MPOSE,2019,2018,INT_TO_SAL,0,2019-03-31,RPT,2.0502
RBI:RATIO_LNGNFC_INDUS_ANN_RN(1.0),N_A,AFY,MNF_MPOSE,2019,2018,NET_PFT_TO_SAL,0,2019-03-31,RPT,11.9548
RBI:RATIO_LNGNFC_INDUS_ANN_RN(1.0),N_A,AFY,MNF_MPOSE,2019,2018,OPR_PFTS_TO_SAL,0,2019-03-31,RPT,21.8285
RBI:RATIO_LNGNFC_INDUS_ANN_RN(1.0),N_A,AFY,MNF_MPOSE,2019,2018,TAX_PROV_TO_EBT,0,2019-03-31,RPT,23.2363
RBI:RATIO_LNGNFC_INDUS_ANN_RN(1.0),N_A,AFY,MNF_OTH,2019,2018,CSH_CVG_RATIO,0,2019-03-31,RPT,35.572706
RBI:RATIO_LNGNFC_INDUS_ANN_RN(1.0),N_A,AFY,MNF_OTH,2019,2018,EBITDA_TO_SAL,0,2019-03-31,RPT,31.5461
RBI:RATIO_LNGNFC_INDUS_ANN_RN(1.0),N_A,AFY,MNF_OTH,2019,2018,INT_BURDEN,0,2019-03-31,RPT,3.0325
RBI:RATIO_LNGNFC_INDUS_ANN_RN(1.0),N_A,AFY,MNF_OTH,2019,2018,INT_CVG,0,2019-03-31,RPT,32.975634
RBI:RATIO_LNGNFC_INDUS_ANN_RN(1.0),N_A,AFY,MNF_OTH,2019,2018,INT_TO_SAL,0,2019-03-31,RPT,0.8868
RBI:RATIO_LNGNFC_INDUS_ANN_RN(1.0),N_A,AFY,MNF_OTH,2019,2018,NET_PFT_TO_SAL,0,2019-03-31,RPT,18.5471
RBI:RATIO_LNGNFC_INDUS_ANN_RN(1.0),N_A,AFY,MNF_OTH,2019,2018,OPR_PFTS_TO_SAL,0,2019-03-31,RPT,29.6978
RBI:RATIO_LNGNFC_INDUS_ANN_RN(1.0),N_A,AFY,MNF_OTH,2019,2018,TAX_PROV_TO_EBT,0,2019-03-31,RPT,33.3328
RBI:RATIO_LNGNFC_INDUS_ANN_RN(1.0),N_A,AFY,MNF_PETR_PRD,2019,2018,CSH_CVG_RATIO,0,2019-03-31,RPT,7.101816
RBI:RATIO_LNGNFC_INDUS_ANN_RN(1.0),N_A,AFY,MNF_PETR_PRD,2019,2018,EBITDA_TO_SAL,0,2019-03-31,RPT,18.1945
RBI:RATIO_LNGNFC_INDUS_ANN_RN(1.0),N_A,AFY,MNF_PETR_PRD,2019,2018,INT_BURDEN,0,2019-03-31,RPT,16.6367
RBI:RATIO_LNGNFC_INDUS_ANN_RN(1.0),N_A,AFY,MNF_PETR_PRD,2019,2018,INT_CVG,0,2019-03-31,RPT,6.010818
RBI:RATIO_LNGNFC_INDUS_ANN_RN(1.0),N_A,AFY,MNF_PETR_PRD,2019,2018,INT_TO_SAL,0,2019-03-31,RPT,2.5619
RBI:RATIO_LNGNFC_INDUS_ANN_RN(1.0),N_A,AFY,MNF_PETR_PRD,2019,2018,NET_PFT_TO_SAL,0,2019-03-31,RPT,9.4887
RBI:RATIO_LNGNFC_INDUS_ANN_RN(1.0),N_A,AFY,MNF_PETR_PRD,2019,2018,OPR_PFTS_TO_SAL,0,2019-03-31,RPT,15.6901
RBI:RATIO_LNGNFC_INDUS_ANN_RN(1.0),N_A,AFY,MNF_PETR_PRD,2019,2018,TAX_PROV_TO_EBT,0,2019-03-31,RPT,20.4832
RBI:RATIO_LNGNFC_INDUS_ANN_RN(1.0),N_A,AFY,MNF_PM,2019,2018,CSH_CVG_RATIO,0,2019-03-31,RPT,8.827692
RBI:RATIO_LNGNFC_INDUS_ANN_RN(1.0),N_A,AFY,MNF_PM,2019,2018,EBITDA_TO_SAL,0,2019-03-31,RPT,25.3995
RBI:RATIO_LNGNFC_INDUS_ANN_RN(1.0),N_A,AFY,MNF_PM,2019,2018,INT_BURDEN,0,2019-03-31,RPT,13.8131
RBI:RATIO_LNGNFC_INDUS_ANN_RN(1.0),N_A,AFY,MNF_PM,2019,2018,INT_CVG,0,2019-03-31,RPT,7.239498
RBI:RATIO_LNGNFC_INDUS_ANN_RN(1.0),N_A,AFY,MNF_PM,2019,2018,INT_TO_SAL,0,2019-03-31,RPT,2.8773
RBI:RATIO_LNGNFC_INDUS_ANN_RN(1.0),N_A,AFY,MNF_PM,2019,2018,NET_PFT_TO_SAL,0,2019-03-31,RPT,12.4997
RBI:RATIO_LNGNFC_INDUS_ANN_RN(1.0),N_A,AFY,MNF_PM,2019,2018,OPR_PFTS_TO_SAL,0,2019-03-31,RPT,20.7521
RBI:RATIO_LNGNFC_INDUS_ANN_RN(1.0),N_A,AFY,MNF_PM,2019,2018,TAX_PROV_TO_EBT,0,2019-03-31,RPT,21.6236
RBI:RATIO_LNGNFC_INDUS_ANN_RN(1.0),N_A,AFY,MNF_PNFFM,2019,2018,CSH_CVG_RATIO,0,2019-03-31,RPT,8.869468
RBI:RATIO_LNGNFC_INDUS_ANN_RN(1.0),N_A,AFY,MNF_PNFFM,2019,2018,EBITDA_TO_SAL,0,2019-03-31,RPT,23.3854
RBI:RATIO_LNGNFC_INDUS_ANN_RN(1.0),N_A,AFY,MNF_PNFFM,2019,2018,INT_BURDEN,0,2019-03-31,RPT,14.1611
RBI:RATIO_LNGNFC_INDUS_ANN_RN(1.0),N_A,AFY,MNF_PNFFM,2019,2018,INT_CVG,0,2019-03-31,RPT,7.061612
RBI:RATIO_LNGNFC_INDUS_ANN_RN(1.0),N_A,AFY,MNF_PNFFM,2019,2018,INT_TO_SAL,0,2019-03-31,RPT,2.6366
RBI:RATIO_LNGNFC_INDUS_ANN_RN(1.0),N_A,AFY,MNF_PNFFM,2019,2018,NET_PFT_TO_SAL,0,2019-03-31,RPT,11.8826
RBI:RATIO_LNGNFC_INDUS_ANN_RN(1.0),N_A,AFY,MNF_PNFFM,2019,2018,OPR_PFTS_TO_SAL,0,2019-03-31,RPT,19.7459
RBI:RATIO_LNGNFC_INDUS_ANN_RN(1.0),N_A,AFY,MNF_PNFFM,2019,2018,TAX_PROV_TO_EBT,0,2019-03-31,RPT,21.3421
RBI:RATIO_LNGNFC_INDUS_ANN_RN(1.0),N_A,AFY,MNF_PNPD,2019,2018,CSH_CVG_RATIO,0,2019-03-31,RPT,4.489646
RBI:RATIO_LNGNFC_INDUS_ANN_RN(1.0),N_A,AFY,MNF_PNPD,2019,2018,EBITDA_TO_SAL,0,2019-03-31,RPT,18.0283
RBI:RATIO_LNGNFC_INDUS_ANN_RN(1.0),N_A,AFY,MNF_PNPD,2019,2018,INT_BURDEN,0,2019-03-31,RPT,29.1919
RBI:RATIO_LNGNFC_INDUS_ANN_RN(1.0),N_A,AFY,MNF_PNPD,2019,2018,INT_CVG,0,2019-03-31,RPT,3.425612
RBI:RATIO_LNGNFC_INDUS_ANN_RN(1.0),N_A,AFY,MNF_PNPD,2019,2018,INT_TO_SAL,0,2019-03-31,RPT,4.0155
RBI:RATIO_LNGNFC_INDUS_ANN_RN(1.0),N_A,AFY,MNF_PNPD,2019,2018,NET_PFT_TO_SAL,0,2019-03-31,RPT,4.5433
RBI:RATIO_LNGNFC_INDUS_ANN_RN(1.0),N_A,AFY,MNF_PNPD,2019,2018,OPR_PFTS_TO_SAL,0,2019-03-31,RPT,16.5919
RBI:RATIO_LNGNFC_INDUS_ANN_RN(1.0),N_A,AFY,MNF_PNPD,2019,2018,TAX_PROV_TO_EBT,0,2019-03-31,RPT,21.4838
RBI:RATIO_LNGNFC_INDUS_ANN_RN(1.0),N_A,AFY,MNF_PP,2019,2018,CSH_CVG_RATIO,0,2019-03-31,RPT,4.826137
RBI:RATIO_LNGNFC_INDUS_ANN_RN(1.0),N_A,AFY,MNF_PP,2019,2018,EBITDA_TO_SAL,0,2019-03-31,RPT,13.5294
RBI:RATIO_LNGNFC_INDUS_ANN_RN(1.0),N_A,AFY,MNF_PP,2019,2018,INT_BURDEN,0,2019-03-31,RPT,27.6733
RBI:RATIO_LNGNFC_INDUS_ANN_RN(1.0),N_A,AFY,MNF_PP,2019,2018,INT_CVG,0,2019-03-31,RPT,3.613598
RBI:RATIO_LNGNFC_INDUS_ANN_RN(1.0),N_A,AFY,MNF_PP,2019,2018,INT_TO_SAL,0,2019-03-31,RPT,2.8034
RBI:RATIO_LNGNFC_INDUS_ANN_RN(1.0),N_A,AFY,MNF_PP,2019,2018,NET_PFT_TO_SAL,0,2019-03-31,RPT,3.7402
RBI:RATIO_LNGNFC_INDUS_ANN_RN(1.0),N_A,AFY,MNF_PP,2019,2018,OPR_PFTS_TO_SAL,0,2019-03-31,RPT,11.8547
RBI:RATIO_LNGNFC_INDUS_ANN_RN(1.0),N_A,AFY,MNF_PP,2019,2018,TAX_PROV_TO_EBT,0,2019-03-31,RPT,28.0878
RBI:RATIO_LNGNFC_INDUS_ANN_RN(1.0),N_A,AFY,MNF_RRP,2019,2018,CSH_CVG_RATIO,0,2019-03-31,RPT,6.419537
RBI:RATIO_LNGNFC_INDUS_ANN_RN(1.0),N_A,AFY,MNF_RRP,2019,2018,EBITDA_TO_SAL,0,2019-03-31,RPT,14.3719
RBI:RATIO_LNGNFC_INDUS_ANN_RN(1.0),N_A,AFY,MNF_RRP,2019,2018,INT_BURDEN,0,2019-03-31,RPT,21.4102
RBI:RATIO_LNGNFC_INDUS_ANN_RN(1.0),N_A,AFY,MNF_RRP,2019,2018,INT_CVG,0,2019-03-31,RPT,4.670673
RBI:RATIO_LNGNFC_INDUS_ANN_RN(1.0),N_A,AFY,MNF_RRP,2019,2018,INT_TO_SAL,0,2019-03-31,RPT,2.2388
RBI:RATIO_LNGNFC_INDUS_ANN_RN(1.0),N_A,AFY,MNF_RRP,2019,2018,NET_PFT_TO_SAL,0,2019-03-31,RPT,5.2344
RBI:RATIO_LNGNFC_INDUS_ANN_RN(1.0),N_A,AFY,MNF_RRP,2019,2018,OPR_PFTS_TO_SAL,0,2019-03-31,RPT,12.5207
RBI:RATIO_LNGNFC_INDUS_ANN_RN(1.0),N_A,AFY,MNF_RRP,2019,2018,TAX_PROV_TO_EBT,0,2019-03-31,RPT,23.5074
RBI:RATIO_LNGNFC_INDUS_ANN_RN(1.0),N_A,AFY,MNF_TBC_PRD,2019,2018,EBITDA_TO_SAL,0,2019-03-31,RPT,42.3974
RBI:RATIO_LNGNFC_INDUS_ANN_RN(1.0),N_A,AFY,MNF_TBC_PRD,2019,2018,INT_BURDEN,0,2019-03-31,RPT,0.2936
RBI:RATIO_LNGNFC_INDUS_ANN_RN(1.0),N_A,AFY,MNF_TBC_PRD,2019,2018,INT_TO_SAL,0,2019-03-31,RPT,0.1157
RBI:RATIO_LNGNFC_INDUS_ANN_RN(1.0),N_A,AFY,MNF_TBC_PRD,2019,2018,NET_PFT_TO_SAL,0,2019-03-31,RPT,26.5642
RBI:RATIO_LNGNFC_INDUS_ANN_RN(1.0),N_A,AFY,MNF_TBC_PRD,2019,2018,OPR_PFTS_TO_SAL,0,2019-03-31,RPT,37.046
RBI:RATIO_LNGNFC_INDUS_ANN_RN(1.0),N_A,AFY,MNF_TBC_PRD,2019,2018,TAX_PROV_TO_EBT,0,2019-03-31,RPT,31.8396
RBI:RATIO_LNGNFC_INDUS_ANN_RN(1.0),N_A,AFY,MNF_TXT,2019,2018,CSH_CVG_RATIO,0,2019-03-31,RPT,3.387974
RBI:RATIO_LNGNFC_INDUS_ANN_RN(1.0),N_A,AFY,MNF_TXT,2019,2018,EBITDA_TO_SAL,0,2019-03-31,RPT,11.6589
RBI:RATIO_LNGNFC_INDUS_ANN_RN(1.0),N_A,AFY,MNF_TXT,2019,2018,INT_BURDEN,0,2019-03-31,RPT,44.3039
RBI:RATIO_LNGNFC_INDUS_ANN_RN(1.0),N_A,AFY,MNF_TXT,2019,2018,INT_CVG,0,2019-03-31,RPT,2.257137
RBI:RATIO_LNGNFC_INDUS_ANN_RN(1.0),N_A,AFY,MNF_TXT,2019,2018,INT_TO_SAL,0,2019-03-31,RPT,3.4413
RBI:RATIO_LNGNFC_INDUS_ANN_RN(1.0),N_A,AFY,MNF_TXT,2019,2018,NET_PFT_TO_SAL,0,2019-03-31,RPT,0.8615
RBI:RATIO_LNGNFC_INDUS_ANN_RN(1.0),N_A,AFY,MNF_TXT,2019,2018,OPR_PFTS_TO_SAL,0,2019-03-31,RPT,9.874
RBI:RATIO_LNGNFC_INDUS_ANN_RN(1.0),N_A,AFY,MNF_TXT,2019,2018,TAX_PROV_TO_EBT,0,2019-03-31,RPT,26.3108
RBI:RATIO_LNGNFC_INDUS_ANN_RN(1.0),N_A,AFY,MNF_WOOD_PRD,2019,2018,CSH_CVG_RATIO,0,2019-03-31,RPT,5.031412
RBI:RATIO_LNGNFC_INDUS_ANN_RN(1.0),N_A,AFY,MNF_WOOD_PRD,2019,2018,EBITDA_TO_SAL,0,2019-03-31,RPT,11.9065
RBI:RATIO_LNGNFC_INDUS_ANN_RN(1.0),N_A,AFY,MNF_WOOD_PRD,2019,2018,INT_BURDEN,0,2019-03-31,RPT,25.4112
RBI:RATIO_LNGNFC_INDUS_ANN_RN(1.0),N_A,AFY,MNF_WOOD_PRD,2019,2018,INT_CVG,0,2019-03-31,RPT,3.935271
RBI:RATIO_LNGNFC_INDUS_ANN_RN(1.0),N_A,AFY,MNF_WOOD_PRD,2019,2018,INT_TO_SAL,0,2019-03-31,RPT,2.3664
RBI:RATIO_LNGNFC_INDUS_ANN_RN(1.0),N_A,AFY,MNF_WOOD_PRD,2019,2018,NET_PFT_TO_SAL,0,2019-03-31,RPT,5.2803
RBI:RATIO_LNGNFC_INDUS_ANN_RN(1.0),N_A,AFY,MNF_WOOD_PRD,2019,2018,OPR_PFTS_TO_SAL,0,2019-03-31,RPT,10.6737
RBI:RATIO_LNGNFC_INDUS_ANN_RN(1.0),N_A,AFY,MNF_WOOD_PRD,2019,2018,TAX_PROV_TO_EBT,0,2019-03-31,RPT,23.725
RBI:RATIO_LNGNFC_INDUS_ANN_RN(1.0),N_A,AFY,SERV_OTH_IT,2019,2018,CSH_CVG_RATIO,0,2019-03-31,RPT,2.961586
RBI:RATIO_LNGNFC_INDUS_ANN_RN(1.0),N_A,AFY,SERV_OTH_IT,2019,2018,EBITDA_TO_SAL,0,2019-03-31,RPT,14.7534
RBI:RATIO_LNGNFC_INDUS_ANN_RN(1.0),N_A,AFY,SERV_OTH_IT,2019,2018,INT_BURDEN,0,2019-03-31,RPT,69.8931
RBI:RATIO_LNGNFC_INDUS_ANN_RN(1.0),N_A,AFY,SERV_OTH_IT,2019,2018,INT_CVG,0,2019-03-31,RPT,1.430756
RBI:RATIO_LNGNFC_INDUS_ANN_RN(1.0),N_A,AFY,SERV_OTH_IT,2019,2018,INT_TO_SAL,0,2019-03-31,RPT,4.9816
RBI:RATIO_LNGNFC_INDUS_ANN_RN(1.0),N_A,AFY,SERV_OTH_IT,2019,2018,NET_PFT_TO_SAL,0,2019-03-31,RPT,2.1503
RBI:RATIO_LNGNFC_INDUS_ANN_RN(1.0),N_A,AFY,SERV_OTH_IT,2019,2018,OPR_PFTS_TO_SAL,0,2019-03-31,RPT,11.6865
RBI:RATIO_LNGNFC_INDUS_ANN_RN(1.0),N_A,AFY,SERV_OTH_IT,2019,2018,TAX_PROV_TO_EBT,0,2019-03-31,RPT,29.6621
RBI:RATIO_LNGNFC_INDUS_ANN_RN(1.0),N_A,AFY,SOI_BSS,2019,2018,CSH_CVG_RATIO,0,2019-03-31,RPT,8.133571
RBI:RATIO_LNGNFC_INDUS_ANN_RN(1.0),N_A,AFY,SOI_BSS,2019,2018,EBITDA_TO_SAL,0,2019-03-31,RPT,27.06
RBI:RATIO_LNGNFC_INDUS_ANN_RN(1.0),N_A,AFY,SOI_BSS,2019,2018,INT_BURDEN,0,2019-03-31,RPT,19.1349
RBI:RATIO_LNGNFC_INDUS_ANN_RN(1.0),N_A,AFY,SOI_BSS,2019,2018,INT_CVG,0,2019-03-31,RPT,5.226058
RBI:RATIO_LNGNFC_INDUS_ANN_RN(1.0),N_A,AFY,SOI_BSS,2019,2018,INT_TO_SAL,0,2019-03-31,RPT,3.3269
RBI:RATIO_LNGNFC_INDUS_ANN_RN(1.0),N_A,AFY,SOI_BSS,2019,2018,NET_PFT_TO_SAL,0,2019-03-31,RPT,7.2144
RBI:RATIO_LNGNFC_INDUS_ANN_RN(1.0),N_A,AFY,SOI_BSS,2019,2018,OPR_PFTS_TO_SAL,0,2019-03-31,RPT,21.0486
RBI:RATIO_LNGNFC_INDUS_ANN_RN(1.0),N_A,AFY,SOI_BSS,2019,2018,TAX_PROV_TO_EBT,0,2019-03-31,RPT,28.177
RBI:RATIO_LNGNFC_INDUS_ANN_RN(1.0),N_A,AFY,SOI_HNR,2019,2018,CSH_CVG_RATIO,0,2019-03-31,RPT,3.043805
RBI:RATIO_LNGNFC_INDUS_ANN_RN(1.0),N_A,AFY,SOI_HNR,2019,2018,EBITDA_TO_SAL,0,2019-03-31,RPT,23.1614
RBI:RATIO_LNGNFC_INDUS_ANN_RN(1.0),N_A,AFY,SOI_HNR,2019,2018,INT_BURDEN,0,2019-03-31,RPT,45.8502
RBI:RATIO_LNGNFC_INDUS_ANN_RN(1.0),N_A,AFY,SOI_HNR,2019,2018,INT_CVG,0,2019-03-31,RPT,2.181013
RBI:RATIO_LNGNFC_INDUS_ANN_RN(1.0),N_A,AFY,SOI_HNR,2019,2018,INT_TO_SAL,0,2019-03-31,RPT,7.6094
RBI:RATIO_LNGNFC_INDUS_ANN_RN(1.0),N_A,AFY,SOI_HNR,2019,2018,NET_PFT_TO_SAL,0,2019-03-31,RPT,4.4208
RBI:RATIO_LNGNFC_INDUS_ANN_RN(1.0),N_A,AFY,SOI_HNR,2019,2018,OPR_PFTS_TO_SAL,0,2019-03-31,RPT,18.4018
RBI:RATIO_LNGNFC_INDUS_ANN_RN(1.0),N_A,AFY,SOI_HNR,2019,2018,TAX_PROV_TO_EBT,0,2019-03-31,RPT,31.2929
RBI:RATIO_LNGNFC_INDUS_ANN_RN(1.0),N_A,AFY,SOI_HS,2019,2018,CSH_CVG_RATIO,0,2019-03-31,RPT,3.825322
RBI:RATIO_LNGNFC_INDUS_ANN_RN(1.0),N_A,AFY,SOI_HS,2019,2018,EBITDA_TO_SAL,0,2019-03-31,RPT,15.3181
RBI:RATIO_LNGNFC_INDUS_ANN_RN(1.0),N_A,AFY,SOI_HS,2019,2018,INT_BURDEN,0,2019-03-31,RPT,37.0953
RBI:RATIO_LNGNFC_INDUS_ANN_RN(1.0),N_A,AFY,SOI_HS,2019,2018,INT_CVG,0,2019-03-31,RPT,2.695763
RBI:RATIO_LNGNFC_INDUS_ANN_RN(1.0),N_A,AFY,SOI_HS,2019,2018,INT_TO_SAL,0,2019-03-31,RPT,4.0044
RBI:RATIO_LNGNFC_INDUS_ANN_RN(1.0),N_A,AFY,SOI_HS,2019,2018,NET_PFT_TO_SAL,0,2019-03-31,RPT,4.5428
RBI:RATIO_LNGNFC_INDUS_ANN_RN(1.0),N_A,AFY,SOI_HS,2019,2018,OPR_PFTS_TO_SAL,0,2019-03-31,RPT,10.6381
RBI:RATIO_LNGNFC_INDUS_ANN_RN(1.0),N_A,AFY,SOI_HS,2019,2018,TAX_PROV_TO_EBT,0,2019-03-31,RPT,24.0606
RBI:RATIO_LNGNFC_INDUS_ANN_RN(1.0),N_A,AFY,SOI_OTH,2019,2018,CSH_CVG_RATIO,0,2019-03-31,RPT,5.320606
RBI:RATIO_LNGNFC_INDUS_ANN_RN(1.0),N_A,AFY,SOI_OTH,2019,2018,EBITDA_TO_SAL,0,2019-03-31,RPT,16.6551
RBI:RATIO_LNGNFC_INDUS_ANN_RN(1.0),N_A,AFY,SOI_OTH,2019,2018,INT_BURDEN,0,2019-03-31,RPT,25.849
RBI:RATIO_LNGNFC_INDUS_ANN_RN(1.0),N_A,AFY,SOI_OTH,2019,2018,INT_CVG,0,2019-03-31,RPT,3.868614
RBI:RATIO_LNGNFC_INDUS_ANN_RN(1.0),N_A,AFY,SOI_OTH,2019,2018,INT_TO_SAL,0,2019-03-31,RPT,3.1303
RBI:RATIO_LNGNFC_INDUS_ANN_RN(1.0),N_A,AFY,SOI_OTH,2019,2018,NET_PFT_TO_SAL,0,2019-03-31,RPT,6.6014
RBI:RATIO_LNGNFC_INDUS_ANN_RN(1.0),N_A,AFY,SOI_OTH,2019,2018,OPR_PFTS_TO_SAL,0,2019-03-31,RPT,12.9605
RBI:RATIO_LNGNFC_INDUS_ANN_RN(1.0),N_A,AFY,SOI_OTH,2019,2018,TAX_PROV_TO_EBT,0,2019-03-31,RPT,28.3981
RBI:RATIO_LNGNFC_INDUS_ANN_RN(1.0),N_A,AFY,SOI_RE,2019,2018,CSH_CVG_RATIO,0,2019-03-31,RPT,2.001908
RBI:RATIO_LNGNFC_INDUS_ANN_RN(1.0),N_A,AFY,SOI_RE,2019,2018,EBITDA_TO_SAL,0,2019-03-31,RPT,43.0745
RBI:RATIO_LNGNFC_INDUS_ANN_RN(1.0),N_A,AFY,SOI_RE,2019,2018,INT_BURDEN,0,2019-03-31,RPT,53.8397
RBI:RATIO_LNGNFC_INDUS_ANN_RN(1.0),N_A,AFY,SOI_RE,2019,2018,INT_CVG,0,2019-03-31,RPT,1.857366
RBI:RATIO_LNGNFC_INDUS_ANN_RN(1.0),N_A,AFY,SOI_RE,2019,2018,INT_TO_SAL,0,2019-03-31,RPT,21.5167
RBI:RATIO_LNGNFC_INDUS_ANN_RN(1.0),N_A,AFY,SOI_RE,2019,2018,NET_PFT_TO_SAL,0,2019-03-31,RPT,9.5371
RBI:RATIO_LNGNFC_INDUS_ANN_RN(1.0),N_A,AFY,SOI_RE,2019,2018,OPR_PFTS_TO_SAL,0,2019-03-31,RPT,28.5208
RBI:RATIO_LNGNFC_INDUS_ANN_RN(1.0),N_A,AFY,SOI_RE,2019,2018,TAX_PROV_TO_EBT,0,2019-03-31,RPT,19.8974
RBI:RATIO_LNGNFC_INDUS_ANN_RN(1.0),N_A,AFY,SOI_TCOMM,2019,2018,CSH_CVG_RATIO,0,2019-03-31,RPT,1.851501
RBI:RATIO_LNGNFC_INDUS_ANN_RN(1.0),N_A,AFY,SOI_TCOMM,2019,2018,EBITDA_TO_SAL,0,2019-03-31,RPT,23.5269
RBI:RATIO_LNGNFC_INDUS_ANN_RN(1.0),N_A,AFY,SOI_TCOMM,2019,2018,INT_TO_SAL,0,2019-03-31,RPT,12.7069
RBI:RATIO_LNGNFC_INDUS_ANN_RN(1.0),N_A,AFY,SOI_TCOMM,2019,2018,NET_PFT_TO_SAL,0,2019-03-31,RPT,-2.9885
RBI:RATIO_LNGNFC_INDUS_ANN_RN(1.0),N_A,AFY,SOI_TCOMM,2019,2018,OPR_PFTS_TO_SAL,0,2019-03-31,RPT,19.639
RBI:RATIO_LNGNFC_INDUS_ANN_RN(1.0),N_A,AFY,SOI_TCOMM,2019,2018,TAX_PROV_TO_EBT,0,2019-03-31,RPT,44.1623
RBI:RATIO_LNGNFC_INDUS_ANN_RN(1.0),N_A,AFY,SOI_TSS,2019,2018,CSH_CVG_RATIO,0,2019-03-31,RPT,2.78582
RBI:RATIO_LNGNFC_INDUS_ANN_RN(1.0),N_A,AFY,SOI_TSS,2019,2018,EBITDA_TO_SAL,0,2019-03-31,RPT,7.8103
RBI:RATIO_LNGNFC_INDUS_ANN_RN(1.0),N_A,AFY,SOI_TSS,2019,2018,INT_BURDEN,0,2019-03-31,RPT,71.0122
RBI:RATIO_LNGNFC_INDUS_ANN_RN(1.0),N_A,AFY,SOI_TSS,2019,2018,INT_CVG,0,2019-03-31,RPT,1.408208
RBI:RATIO_LNGNFC_INDUS_ANN_RN(1.0),N_A,AFY,SOI_TSS,2019,2018,INT_TO_SAL,0,2019-03-31,RPT,2.8036
RBI:RATIO_LNGNFC_INDUS_ANN_RN(1.0),N_A,AFY,SOI_TSS,2019,2018,NET_PFT_TO_SAL,0,2019-03-31,RPT,-1.7971
RBI:RATIO_LNGNFC_INDUS_ANN_RN(1.0),N_A,AFY,SOI_TSS,2019,2018,OPR_PFTS_TO_SAL,0,2019-03-31,RPT,4.371
RBI:RATIO_LNGNFC_INDUS_ANN_RN(1.0),N_A,AFY,SOI_TSS,2019,2018,TAX_PROV_TO_EBT,0,2019-03-31,RPT,24.9626
RBI:RATIO_LNGNFC_INDUS_ANN_RN(1.0),N_A,AFY,SOI_VTPB,2019,2018,CSH_CVG_RATIO,0,2019-03-31,RPT,14.914687
RBI:RATIO_LNGNFC_INDUS_ANN_RN(1.0),N_A,AFY,SOI_VTPB,2019,2018,EBITDA_TO_SAL,0,2019-03-31,RPT,37.3962
RBI:RATIO_LNGNFC_INDUS_ANN_RN(1.0),N_A,AFY,SOI_VTPB,2019,2018,INT_BURDEN,0,2019-03-31,RPT,8.1501
RBI:RATIO_LNGNFC_INDUS_ANN_RN(1.0),N_A,AFY,SOI_VTPB,2019,2018,INT_CVG,0,2019-03-31,RPT,12.269813
RBI:RATIO_LNGNFC_INDUS_ANN_RN(1.0),N_A,AFY,SOI_VTPB,2019,2018,INT_TO_SAL,0,2019-03-31,RPT,2.5073
RBI:RATIO_LNGNFC_INDUS_ANN_RN(1.0),N_A,AFY,SOI_VTPB,2019,2018,NET_PFT_TO_SAL,0,2019-03-31,RPT,17.8034
RBI:RATIO_LNGNFC_INDUS_ANN_RN(1.0),N_A,AFY,SOI_VTPB,2019,2018,OPR_PFTS_TO_SAL,0,2019-03-31,RPT,34.3002
RBI:RATIO_LNGNFC_INDUS_ANN_RN(1.0),N_A,AFY,SOI_VTPB,2019,2018,TAX_PROV_TO_EBT,0,2019-03-31,RPT,35.5156
RBI:RATIO_LNGNFC_INDUS_ANN_RN(1.0),N_A,AFY,SOI_WRT,2019,2018,CSH_CVG_RATIO,0,2019-03-31,RPT,3.528515
RBI:RATIO_LNGNFC_INDUS_ANN_RN(1.0),N_A,AFY,SOI_WRT,2019,2018,EBITDA_TO_SAL,0,2019-03-31,RPT,7.4255
RBI:RATIO_LNGNFC_INDUS_ANN_RN(1.0),N_A,AFY,SOI_WRT,2019,2018,INT_BURDEN,0,2019-03-31,RPT,39.394
RBI:RATIO_LNGNFC_INDUS_ANN_RN(1.0),N_A,AFY,SOI_WRT,2019,2018,INT_CVG,0,2019-03-31,RPT,2.538458
RBI:RATIO_LNGNFC_INDUS_ANN_RN(1.0),N_A,AFY,SOI_WRT,2019,2018,INT_TO_SAL,0,2019-03-31,RPT,2.1044
RBI:RATIO_LNGNFC_INDUS_ANN_RN(1.0),N_A,AFY,SOI_WRT,2019,2018,NET_PFT_TO_SAL,0,2019-03-31,RPT,1.8768
RBI:RATIO_LNGNFC_INDUS_ANN_RN(1.0),N_A,AFY,SOI_WRT,2019,2018,OPR_PFTS_TO_SAL,0,2019-03-31,RPT,6.2773
RBI:RATIO_LNGNFC_INDUS_ANN_RN(1.0),N_A,AFY,SOI_WRT,2019,2018,TAX_PROV_TO_EBT,0,2019-03-31,RPT,29.4822
RBI:RATIO_LNGNFC_INDUS_ANN_RN(1.0),N_A,AFY,AGR_REL_ACT,2020,2019,CSH_CVG_RATIO,0,2020-03-31,RPT,2.246835
RBI:RATIO_LNGNFC_INDUS_ANN_RN(1.0),N_A,AFY,AGR_REL_ACT,2020,2019,EBITDA_TO_SAL,0,2020-03-31,RPT,8.2131
RBI:RATIO_LNGNFC_INDUS_ANN_RN(1.0),N_A,AFY,AGR_REL_ACT,2020,2019,INT_BURDEN,0,2020-03-31,RPT,65.1494
RBI:RATIO_LNGNFC_INDUS_ANN_RN(1.0),N_A,AFY,AGR_REL_ACT,2020,2019,INT_CVG,0,2020-03-31,RPT,1.534933
RBI:RATIO_LNGNFC_INDUS_ANN_RN(1.0),N_A,AFY,AGR_REL_ACT,2020,2019,INT_TO_SAL,0,2020-03-31,RPT,3.6554
RBI:RATIO_LNGNFC_INDUS_ANN_RN(1.0),N_A,AFY,AGR_REL_ACT,2020,2019,NET_PFT_TO_SAL,0,2020-03-31,RPT,3.7034
RBI:RATIO_LNGNFC_INDUS_ANN_RN(1.0),N_A,AFY,AGR_REL_ACT,2020,2019,OPR_PFTS_TO_SAL,0,2020-03-31,RPT,4.7136
RBI:RATIO_LNGNFC_INDUS_ANN_RN(1.0),N_A,AFY,AGR_REL_ACT,2020,2019,TAX_PROV_TO_EBT,0,2020-03-31,RPT,11.0795
RBI:RATIO_LNGNFC_INDUS_ANN_RN(1.0),N_A,AFY,AGR_REL_ACT_OTH,2020,2019,CSH_CVG_RATIO,0,2020-03-31,RPT,5.976995
RBI:RATIO_LNGNFC_INDUS_ANN_RN(1.0),N_A,AFY,AGR_REL_ACT_OTH,2020,2019,EBITDA_TO_SAL,0,2020-03-31,RPT,8.061
RBI:RATIO_LNGNFC_INDUS_ANN_RN(1.0),N_A,AFY,AGR_REL_ACT_OTH,2020,2019,INT_BURDEN,0,2020-03-31,RPT,22.0736
RBI:RATIO_LNGNFC_INDUS_ANN_RN(1.0),N_A,AFY,AGR_REL_ACT_OTH,2020,2019,INT_CVG,0,2020-03-31,RPT,4.530309
RBI:RATIO_LNGNFC_INDUS_ANN_RN(1.0),N_A,AFY,AGR_REL_ACT_OTH,2020,2019,INT_TO_SAL,0,2020-03-31,RPT,1.3487
RBI:RATIO_LNGNFC_INDUS_ANN_RN(1.0),N_A,AFY,AGR_REL_ACT_OTH,2020,2019,NET_PFT_TO_SAL,0,2020-03-31,RPT,1.8874
RBI:RATIO_LNGNFC_INDUS_ANN_RN(1.0),N_A,AFY,AGR_REL_ACT_OTH,2020,2019,NET_PFT_TO_SAL,0,2020-03-31,RPT,4.3808
RBI:RATIO_LNGNFC_INDUS_ANN_RN(1.0),N_A,AFY,AGR_REL_ACT_OTH,2020,2019,OPR_PFTS_TO_SAL,0,2020-03-31,RPT,5.8581
RBI:RATIO_LNGNFC_INDUS_ANN_RN(1.0),N_A,AFY,AGR_REL_ACT_OTH,2020,2019,TAX_PROV_TO_EBT,0,2020-03-31,RPT,10.4226
RBI:RATIO_LNGNFC_INDUS_ANN_RN(1.0),N_A,AFY,ARA_TCP,2020,2019,CSH_CVG_RATIO,0,2020-03-31,RPT,0.876149
RBI:RATIO_LNGNFC_INDUS_ANN_RN(1.0),N_A,AFY,ARA_TCP,2020,2019,EBITDA_TO_SAL,0,2020-03-31,RPT,8.6209
RBI:RATIO_LNGNFC_INDUS_ANN_RN(1.0),N_A,AFY,ARA_TCP,2020,2019,INT_CVG,0,2020-03-31,RPT,0.43425
RBI:RATIO_LNGNFC_INDUS_ANN_RN(1.0),N_A,AFY,ARA_TCP,2020,2019,INT_TO_SAL,0,2020-03-31,RPT,9.8396
RBI:RATIO_LNGNFC_INDUS_ANN_RN(1.0),N_A,AFY,ARA_TCP,2020,2019,OPR_PFTS_TO_SAL,0,2020-03-31,RPT,1.6451
RBI:RATIO_LNGNFC_INDUS_ANN_RN(1.0),N_A,AFY,ARA_TCP,2020,2019,TAX_PROV_TO_EBT,0,2020-03-31,RPT,21.6603
RBI:RATIO_LNGNFC_INDUS_ANN_RN(1.0),N_A,AFY,CONSTRN,2020,2019,CSH_CVG_RATIO,0,2020-03-31,RPT,1.692961
RBI:RATIO_LNGNFC_INDUS_ANN_RN(1.0),N_A,AFY,CONSTRN,2020,2019,EBITDA_TO_SAL,0,2020-03-31,RPT,14.4589
RBI:RATIO_LNGNFC_INDUS_ANN_RN(1.0),N_A,AFY,CONSTRN,2020,2019,INT_BURDEN,0,2020-03-31,RPT,70.7556
RBI:RATIO_LNGNFC_INDUS_ANN_RN(1.0),N_A,AFY,CONSTRN,2020,2019,INT_CVG,0,2020-03-31,RPT,1.413315
RBI:RATIO_LNGNFC_INDUS_ANN_RN(1.0),N_A,AFY,CONSTRN,2020,2019,INT_TO_SAL,0,2020-03-31,RPT,8.5406
RBI:RATIO_LNGNFC_INDUS_ANN_RN(1.0),N_A,AFY,CONSTRN,2020,2019,NET_PFT_TO_SAL,0,2020-03-31,RPT,1.1465
RBI:RATIO_LNGNFC_INDUS_ANN_RN(1.0),N_A,AFY,CONSTRN,2020,2019,OPR_PFTS_TO_SAL,0,2020-03-31,RPT,9.8174
RBI:RATIO_LNGNFC_INDUS_ANN_RN(1.0),N_A,AFY,CONSTRN,2020,2019,TAX_PROV_TO_EBT,0,2020-03-31,RPT,21.435
RBI:RATIO_LNGNFC_INDUS_ANN_RN(1.0),N_A,AFY,ELC_GAS_SPLY,2020,2019,CSH_CVG_RATIO,0,2020-03-31,RPT,2.29361
RBI:RATIO_LNGNFC_INDUS_ANN_RN(1.0),N_A,AFY,ELC_GAS_SPLY,2020,2019,EBITDA_TO_SAL,0,2020-03-31,RPT,30.9653
RBI:RATIO_LNGNFC_INDUS_ANN_RN(1.0),N_A,AFY,ELC_GAS_SPLY,2020,2019,INT_BURDEN,0,2020-03-31,RPT,58.2457
RBI:RATIO_LNGNFC_INDUS_ANN_RN(1.0),N_A,AFY,ELC_GAS_SPLY,2020,2019,INT_CVG,0,2020-03-31,RPT,1.716865
RBI:RATIO_LNGNFC_INDUS_ANN_RN(1.0),N_A,AFY,ELC_GAS_SPLY,2020,2019,INT_TO_SAL,0,2020-03-31,RPT,13.5007
RBI:RATIO_LNGNFC_INDUS_ANN_RN(1.0),N_A,AFY,ELC_GAS_SPLY,2020,2019,NET_PFT_TO_SAL,0,2020-03-31,RPT,4.2441
RBI:RATIO_LNGNFC_INDUS_ANN_RN(1.0),N_A,AFY,ELC_GAS_SPLY,2020,2019,OPR_PFTS_TO_SAL,0,2020-03-31,RPT,23.1516
RBI:RATIO_LNGNFC_INDUS_ANN_RN(1.0),N_A,AFY,ELC_GAS_SPLY,2020,2019,TAX_PROV_TO_EBT,0,2020-03-31,RPT,15.2375
RBI:RATIO_LNGNFC_INDUS_ANN_RN(1.0),N_A,AFY,INDS_GRP_ALL_COMP,2020,2019,CSH_CVG_RATIO,0,2020-03-31,RPT,4.61319
RBI:RATIO_LNGNFC_INDUS_ANN_RN(1.0),N_A,AFY,INDS_GRP_ALL_COMP,2020,2019,EBITDA_TO_SAL,0,2020-03-31,RPT,18.6377
RBI:RATIO_LNGNFC_INDUS_ANN_RN(1.0),N_A,AFY,INDS_GRP_ALL_COMP,2020,2019,INT_BURDEN,0,2020-03-31,RPT,29.9314
RBI:RATIO_LNGNFC_INDUS_ANN_RN(1.0),N_A,AFY,INDS_GRP_ALL_COMP,2020,2019,INT_CVG,0,2020-03-31,RPT,3.340973
RBI:RATIO_LNGNFC_INDUS_ANN_RN(1.0),N_A,AFY,INDS_GRP_ALL_COMP,2020,2019,INT_TO_SAL,0,2020-03-31,RPT,4.0401
RBI:RATIO_LNGNFC_INDUS_ANN_RN(1.0),N_A,AFY,INDS_GRP_ALL_COMP,2020,2019,NET_PFT_TO_SAL,0,2020-03-31,RPT,3.0753
RBI:RATIO_LNGNFC_INDUS_ANN_RN(1.0),N_A,AFY,INDS_GRP_ALL_COMP,2020,2019,OPR_PFTS_TO_SAL,0,2020-03-31,RPT,15.2547
RBI:RATIO_LNGNFC_INDUS_ANN_RN(1.0),N_A,AFY,INDS_GRP_ALL_COMP,2020,2019,TAX_PROV_TO_EBT,0,2020-03-31,RPT,21.0378
RBI:RATIO_LNGNFC_INDUS_ANN_RN(1.0),N_A,AFY,IT_CSRS,2020,2019,CSH_CVG_RATIO,0,2020-03-31,RPT,34.424662
RBI:RATIO_LNGNFC_INDUS_ANN_RN(1.0),N_A,AFY,IT_CSRS,2020,2019,EBITDA_TO_SAL,0,2020-03-31,RPT,29.6873
RBI:RATIO_LNGNFC_INDUS_ANN_RN(1.0),N_A,AFY,IT_CSRS,2020,2019,INT_BURDEN,0,2020-03-31,RPT,3.2229
RBI:RATIO_LNGNFC_INDUS_ANN_RN(1.0),N_A,AFY,IT_CSRS,2020,2019,INT_CVG,0,2020-03-31,RPT,31.027681
RBI:RATIO_LNGNFC_INDUS_ANN_RN(1.0),N_A,AFY,IT_CSRS,2020,2019,INT_TO_SAL,0,2020-03-31,RPT,0.8624
RBI:RATIO_LNGNFC_INDUS_ANN_RN(1.0),N_A,AFY,IT_CSRS,2020,2019,NET_PFT_TO_SAL,0,2020-03-31,RPT,19.9974
RBI:RATIO_LNGNFC_INDUS_ANN_RN(1.0),N_A,AFY,IT_CSRS,2020,2019,OPR_PFTS_TO_SAL,0,2020-03-31,RPT,24.6331
RBI:RATIO_LNGNFC_INDUS_ANN_RN(1.0),N_A,AFY,IT_CSRS,2020,2019,TAX_PROV_TO_EBT,0,2020-03-31,RPT,21.3562
RBI:RATIO_LNGNFC_INDUS_ANN_RN(1.0),N_A,AFY,MIN_N_QUARY,2020,2019,CSH_CVG_RATIO,0,2020-03-31,RPT,4.953203
RBI:RATIO_LNGNFC_INDUS_ANN_RN(1.0),N_A,AFY,MIN_N_QUARY,2020,2019,EBITDA_TO_SAL,0,2020-03-31,RPT,14.317
RBI:RATIO_LNGNFC_INDUS_ANN_RN(1.0),N_A,AFY,MIN_N_QUARY,2020,2019,INT_BURDEN,0,2020-03-31,RPT,29.5196
RBI:RATIO_LNGNFC_INDUS_ANN_RN(1.0),N_A,AFY,MIN_N_QUARY,2020,2019,INT_CVG,0,2020-03-31,RPT,3.38758
RBI:RATIO_LNGNFC_INDUS_ANN_RN(1.0),N_A,AFY,MIN_N_QUARY,2020,2019,INT_TO_SAL,0,2020-03-31,RPT,2.8905
RBI:RATIO_LNGNFC_INDUS_ANN_RN(1.0),N_A,AFY,MIN_N_QUARY,2020,2019,NET_PFT_TO_SAL,0,2020-03-31,RPT,14.1854
RBI:RATIO_LNGNFC_INDUS_ANN_RN(1.0),N_A,AFY,MIN_N_QUARY,2020,2019,OPR_PFTS_TO_SAL,0,2020-03-31,RPT,9.9722
RBI:RATIO_LNGNFC_INDUS_ANN_RN(1.0),N_A,AFY,MIN_N_QUARY,2020,2019,TAX_PROV_TO_EBT,0,2020-03-31,RPT,20.455
RBI:RATIO_LNGNFC_INDUS_ANN_RN(1.0),N_A,AFY,MNF,2020,2019,CSH_CVG_RATIO,0,2020-03-31,RPT,5.674513
RBI:RATIO_LNGNFC_INDUS_ANN_RN(1.0),N_A,AFY,MNF,2020,2019,EBITDA_TO_SAL,0,2020-03-31,RPT,16.6925
RBI:RATIO_LNGNFC_INDUS_ANN_RN(1.0),N_A,AFY,MNF,2020,2019,INT_BURDEN,0,2020-03-31,RPT,23.2467
RBI:RATIO_LNGNFC_INDUS_ANN_RN(1.0),N_A,AFY,MNF,2020,2019,INT_CVG,0,2020-03-31,RPT,4.301692
RBI:RATIO_LNGNFC_INDUS_ANN_RN(1.0),N_A,AFY,MNF,2020,2019,INT_TO_SAL,0,2020-03-31,RPT,2.9417
RBI:RATIO_LNGNFC_INDUS_ANN_RN(1.0),N_A,AFY,MNF,2020,2019,NET_PFT_TO_SAL,0,2020-03-31,RPT,6.9475
RBI:RATIO_LNGNFC_INDUS_ANN_RN(1.0),N_A,AFY,MNF,2020,2019,OPR_PFTS_TO_SAL,0,2020-03-31,RPT,13.9919
RBI:RATIO_LNGNFC_INDUS_ANN_RN(1.0),N_A,AFY,MNF,2020,2019,TAX_PROV_TO_EBT,0,2020-03-31,RPT,20.7577
RBI:RATIO_LNGNFC_INDUS_ANN_RN(1.0),N_A,AFY,MNF_CCP,2020,2019,CSH_CVG_RATIO,0,2020-03-31,RPT,6.039129
RBI:RATIO_LNGNFC_INDUS_ANN_RN(1.0),N_A,AFY,MNF_CCP,2020,2019,EBITDA_TO_SAL,0,2020-03-31,RPT,20.8211
RBI:RATIO_LNGNFC_INDUS_ANN_RN(1.0),N_A,AFY,MNF_CCP,2020,2019,INT_BURDEN,0,2020-03-31,RPT,23.0366
RBI:RATIO_LNGNFC_INDUS_ANN_RN(1.0),N_A,AFY,MNF_CCP,2020,2019,INT_CVG,0,2020-03-31,RPT,4.340916
RBI:RATIO_LNGNFC_INDUS_ANN_RN(1.0),N_A,AFY,MNF_CCP,2020,2019,INT_TO_SAL,0,2020-03-31,RPT,3.4477
RBI:RATIO_LNGNFC_INDUS_ANN_RN(1.0),N_A,AFY,MNF_CCP,2020,2019,NET_PFT_TO_SAL,0,2020-03-31,RPT,9.1761
RBI:RATIO_LNGNFC_INDUS_ANN_RN(1.0),N_A,AFY,MNF_CCP,2020,2019,OPR_PFTS_TO_SAL,0,2020-03-31,RPT,19.0096
RBI:RATIO_LNGNFC_INDUS_ANN_RN(1.0),N_A,AFY,MNF_CCP,2020,2019,TAX_PROV_TO_EBT,0,2020-03-31,RPT,21.6705
RBI:RATIO_LNGNFC_INDUS_ANN_RN(1.0),N_A,AFY,MNF_CEE,2020,2019,CSH_CVG_RATIO,0,2020-03-31,RPT,10.574856
RBI:RATIO_LNGNFC_INDUS_ANN_RN(1.0),N_A,AFY,MNF_CEE,2020,2019,EBITDA_TO_SAL,0,2020-03-31,RPT,19.3015
RBI:RATIO_LNGNFC_INDUS_ANN_RN(1.0),N_A,AFY,MNF_CEE,2020,2019,INT_BURDEN,0,2020-03-31,RPT,13.0858
RBI:RATIO_LNGNFC_INDUS_ANN_RN(1.0),N_A,AFY,MNF_CEE,2020,2019,INT_CVG,0,2020-03-31,RPT,7.64186
RBI:RATIO_LNGNFC_INDUS_ANN_RN(1.0),N_A,AFY,MNF_CEE,2020,2019,INT_TO_SAL,0,2020-03-31,RPT,1.8252
RBI:RATIO_LNGNFC_INDUS_ANN_RN(1.0),N_A,AFY,MNF_CEE,2020,2019,NET_PFT_TO_SAL,0,2020-03-31,RPT,7.6271
RBI:RATIO_LNGNFC_INDUS_ANN_RN(1.0),N_A,AFY,MNF_CEE,2020,2019,OPR_PFTS_TO_SAL,0,2020-03-31,RPT,17.8499
RBI:RATIO_LNGNFC_INDUS_ANN_RN(1.0),N_A,AFY,MNF_CEE,2020,2019,TAX_PROV_TO_EBT,0,2020-03-31,RPT,23.686
RBI:RATIO_LNGNFC_INDUS_ANN_RN(1.0),N_A,AFY,MNF_CHM_PRD,2020,2019,CSH_CVG_RATIO,0,2020-03-31,RPT,10.406698
RBI:RATIO_LNGNFC_INDUS_ANN_RN(1.0),N_A,AFY,MNF_CHM_PRD,2020,2019,EBITDA_TO_SAL,0,2020-03-31,RPT,17.8658
RBI:RATIO_LNGNFC_INDUS_ANN_RN(1.0),N_A,AFY,MNF_CHM_PRD,2020,2019,INT_BURDEN,0,2020-03-31,RPT,11.7328
RBI:RATIO_LNGNFC_INDUS_ANN_RN(1.0),N_A,AFY,MNF_CHM_PRD,2020,2019,INT_CVG,0,2020-03-31,RPT,8.523132
RBI:RATIO_LNGNFC_INDUS_ANN_RN(1.0),N_A,AFY,MNF_CHM_PRD,2020,2019,INT_TO_SAL,0,2020-03-31,RPT,1.7168
RBI:RATIO_LNGNFC_INDUS_ANN_RN(1.0),N_A,AFY,MNF_CHM_PRD,2020,2019,NET_PFT_TO_SAL,0,2020-03-31,RPT,10.4974
RBI:RATIO_LNGNFC_INDUS_ANN_RN(1.0),N_A,AFY,MNF_CHM_PRD,2020,2019,OPR_PFTS_TO_SAL,0,2020-03-31,RPT,15.9323
RBI:RATIO_LNGNFC_INDUS_ANN_RN(1.0),N_A,AFY,MNF_CHM_PRD,2020,2019,TAX_PROV_TO_EBT,0,2020-03-31,RPT,21.68
RBI:RATIO_LNGNFC_INDUS_ANN_RN(1.0),N_A,AFY,MNF_CP_BASIC,2020,2019,CSH_CVG_RATIO,0,2020-03-31,RPT,9.214913
RBI:RATIO_LNGNFC_INDUS_ANN_RN(1.0),N_A,AFY,MNF_CP_BASIC,2020,2019,EBITDA_TO_SAL,0,2020-03-31,RPT,18.658
RBI:RATIO_LNGNFC_INDUS_ANN_RN(1.0),N_A,AFY,MNF_CP_BASIC,2020,2019,INT_BURDEN,0,2020-03-31,RPT,13.2869
RBI:RATIO_LNGNFC_INDUS_ANN_RN(1.0),N_A,AFY,MNF_CP_BASIC,2020,2019,INT_CVG,0,2020-03-31,RPT,7.526207
RBI:RATIO_LNGNFC_INDUS_ANN_RN(1.0),N_A,AFY,MNF_CP_BASIC,2020,2019,INT_TO_SAL,0,2020-03-31,RPT,2.0248
RBI:RATIO_LNGNFC_INDUS_ANN_RN(1.0),N_A,AFY,MNF_CP_BASIC,2020,2019,NET_PFT_TO_SAL,0,2020-03-31,RPT,11.2945
RBI:RATIO_LNGNFC_INDUS_ANN_RN(1.0),N_A,AFY,MNF_CP_BASIC,2020,2019,OPR_PFTS_TO_SAL,0,2020-03-31,RPT,16.9621
RBI:RATIO_LNGNFC_INDUS_ANN_RN(1.0),N_A,AFY,MNF_CP_BASIC,2020,2019,TAX_PROV_TO_EBT,0,2020-03-31,RPT,22.5154
RBI:RATIO_LNGNFC_INDUS_ANN_RN(1.0),N_A,AFY,MNF_CP_FNP,2020,2019,CSH_CVG_RATIO,0,2020-03-31,RPT,3.509937
RBI:RATIO_LNGNFC_INDUS_ANN_RN(1.0),N_A,AFY,MNF_CP_FNP,2020,2019,EBITDA_TO_SAL,0,2020-03-31,RPT,12.1644
RBI:RATIO_LNGNFC_INDUS_ANN_RN(1.0),N_A,AFY,MNF_CP_FNP,2020,2019,INT_BURDEN,0,2020-03-31,RPT,35.842
RBI:RATIO_LNGNFC_INDUS_ANN_RN(1.0),N_A,AFY,MNF_CP_FNP,2020,2019,INT_CVG,0,2020-03-31,RPT,2.790026
RBI:RATIO_LNGNFC_INDUS_ANN_RN(1.0),N_A,AFY,MNF_CP_FNP,2020,2019,INT_TO_SAL,0,2020-03-31,RPT,3.4657
RBI:RATIO_LNGNFC_INDUS_ANN_RN(1.0),N_A,AFY,MNF_CP_FNP,2020,2019,NET_PFT_TO_SAL,0,2020-03-31,RPT,6.1904
RBI:RATIO_LNGNFC_INDUS_ANN_RN(1.0),N_A,AFY,MNF_CP_FNP,2020,2019,OPR_PFTS_TO_SAL,0,2020-03-31,RPT,10.8106
RBI:RATIO_LNGNFC_INDUS_ANN_RN(1.0),N_A,AFY,MNF_CP_FNP,2020,2019,TAX_PROV_TO_EBT,0,2020-03-31,RPT,18.7985
RBI:RATIO_LNGNFC_INDUS_ANN_RN(1.0),N_A,AFY,MNF_CP_OTH,2020,2019,CSH_CVG_RATIO,0,2020-03-31,RPT,17.31985
RBI:RATIO_LNGNFC_INDUS_ANN_RN(1.0),N_A,AFY,MNF_CP_OTH,2020,2019,EBITDA_TO_SAL,0,2020-03-31,RPT,19.3056
RBI:RATIO_LNGNFC_INDUS_ANN_RN(1.0),N_A,AFY,MNF_CP_OTH,2020,2019,INT_BURDEN,0,2020-03-31,RPT,7.0181
RBI:RATIO_LNGNFC_INDUS_ANN_RN(1.0),N_A,AFY,MNF_CP_OTH,2020,2019,INT_CVG,0,2020-03-31,RPT,14.248873
RBI:RATIO_LNGNFC_INDUS_ANN_RN(1.0),N_A,AFY,MNF_CP_OTH,2020,2019,INT_TO_SAL,0,2020-03-31,RPT,1.1147
RBI:RATIO_LNGNFC_INDUS_ANN_RN(1.0),N_A,AFY,MNF_CP_OTH,2020,2019,NET_PFT_TO_SAL,0,2020-03-31,RPT,11.4157
RBI:RATIO_LNGNFC_INDUS_ANN_RN(1.0),N_A,AFY,MNF_CP_OTH,2020,2019,OPR_PFTS_TO_SAL,0,2020-03-31,RPT,16.9986
RBI:RATIO_LNGNFC_INDUS_ANN_RN(1.0),N_A,AFY,MNF_CP_OTH,2020,2019,TAX_PROV_TO_EBT,0,2020-03-31,RPT,21.0531
RBI:RATIO_LNGNFC_INDUS_ANN_RN(1.0),N_A,AFY,MNF_CP_PNV,2020,2019,CSH_CVG_RATIO,0,2020-03-31,RPT,42.141112
RBI:RATIO_LNGNFC_INDUS_ANN_RN(1.0),N_A,AFY,MNF_CP_PNV,2020,2019,EBITDA_TO_SAL,0,2020-03-31,RPT,20.5371
RBI:RATIO_LNGNFC_INDUS_ANN_RN(1.0),N_A,AFY,MNF_CP_PNV,2020,2019,INT_BURDEN,0,2020-03-31,RPT,2.8435
RBI:RATIO_LNGNFC_INDUS_ANN_RN(1.0),N_A,AFY,MNF_CP_PNV,2020,2019,INT_CVG,0,2020-03-31,RPT,35.16788
RBI:RATIO_LNGNFC_INDUS_ANN_RN(1.0),N_A,AFY,MNF_CP_PNV,2020,2019,INT_TO_SAL,0,2020-03-31,RPT,0.4873
RBI:RATIO_LNGNFC_INDUS_ANN_RN(1.0),N_A,AFY,MNF_CP_PNV,2020,2019,NET_PFT_TO_SAL,0,2020-03-31,RPT,12.8608
RBI:RATIO_LNGNFC_INDUS_ANN_RN(1.0),N_A,AFY,MNF_CP_PNV,2020,2019,OPR_PFTS_TO_SAL,0,2020-03-31,RPT,18.6904
RBI:RATIO_LNGNFC_INDUS_ANN_RN(1.0),N_A,AFY,MNF_CP_PNV,2020,2019,TAX_PROV_TO_EBT,0,2020-03-31,RPT,25.4691
RBI:RATIO_LNGNFC_INDUS_ANN_RN(1.0),N_A,AFY,MNF_EMA,2020,2019,CSH_CVG_RATIO,0,2020-03-31,RPT,3.998302
RBI:RATIO_LNGNFC_INDUS_ANN_RN(1.0),N_A,AFY,MNF_EMA,2020,2019,EBITDA_TO_SAL,0,2020-03-31,RPT,10.802
RBI:RATIO_LNGNFC_INDUS_ANN_RN(1.0),N_A,AFY,MNF_EMA,2020,2019,INT_BURDEN,0,2020-03-31,RPT,34.1774
RBI:RATIO_LNGNFC_INDUS_ANN_RN(1.0),N_A,AFY,MNF_EMA,2020,2019,INT_CVG,0,2020-03-31,RPT,2.925912
RBI:RATIO_LNGNFC_INDUS_ANN_RN(1.0),N_A,AFY,MNF_EMA,2020,2019,INT_TO_SAL,0,2020-03-31,RPT,2.7016
RBI:RATIO_LNGNFC_INDUS_ANN_RN(1.0),N_A,AFY,MNF_EMA,2020,2019,NET_PFT_TO_SAL,0,2020-03-31,RPT,1.3977
RBI:RATIO_LNGNFC_INDUS_ANN_RN(1.0),N_A,AFY,MNF_EMA,2020,2019,OPR_PFTS_TO_SAL,0,2020-03-31,RPT,8.9497
RBI:RATIO_LNGNFC_INDUS_ANN_RN(1.0),N_A,AFY,MNF_EMA,2020,2019,TAX_PROV_TO_EBT,0,2020-03-31,RPT,24.5868
RBI:RATIO_LNGNFC_INDUS_ANN_RN(1.0),N_A,AFY,MNF_FMP,2020,2019,CSH_CVG_RATIO,0,2020-03-31,RPT,7.367113
RBI:RATIO_LNGNFC_INDUS_ANN_RN(1.0),N_A,AFY,MNF_FMP,2020,2019,EBITDA_TO_SAL,0,2020-03-31,RPT,16.2388
RBI:RATIO_LNGNFC_INDUS_ANN_RN(1.0),N_A,AFY,MNF_FMP,2020,2019,INT_BURDEN,0,2020-03-31,RPT,19.5656
RBI:RATIO_LNGNFC_INDUS_ANN_RN(1.0),N_A,AFY,MNF_FMP,2020,2019,INT_CVG,0,2020-03-31,RPT,5.111008
RBI:RATIO_LNGNFC_INDUS_ANN_RN(1.0),N_A,AFY,MNF_FMP,2020,2019,INT_TO_SAL,0,2020-03-31,RPT,2.2042
RBI:RATIO_LNGNFC_INDUS_ANN_RN(1.0),N_A,AFY,MNF_FMP,2020,2019,NET_PFT_TO_SAL,0,2020-03-31,RPT,6.5205
RBI:RATIO_LNGNFC_INDUS_ANN_RN(1.0),N_A,AFY,MNF_FMP,2020,2019,OPR_PFTS_TO_SAL,0,2020-03-31,RPT,13.8438
RBI:RATIO_LNGNFC_INDUS_ANN_RN(1.0),N_A,AFY,MNF_FMP,2020,2019,TAX_PROV_TO_EBT,0,2020-03-31,RPT,20.0705
RBI:RATIO_LNGNFC_INDUS_ANN_RN(1.0),N_A,AFY,MNF_FPB,2020,2019,CSH_CVG_RATIO,0,2020-03-31,RPT,5.104973
RBI:RATIO_LNGNFC_INDUS_ANN_RN(1.0),N_A,AFY,MNF_FPB,2020,2019,EBITDA_TO_SAL,0,2020-03-31,RPT,11.2928
RBI:RATIO_LNGNFC_INDUS_ANN_RN(1.0),N_A,AFY,MNF_FPB,2020,2019,INT_BURDEN,0,2020-03-31,RPT,25.246
RBI:RATIO_LNGNFC_INDUS_ANN_RN(1.0),N_A,AFY,MNF_FPB,2020,2019,INT_CVG,0,2020-03-31,RPT,3.961029
RBI:RATIO_LNGNFC_INDUS_ANN_RN(1.0),N_A,AFY,MNF_FPB,2020,2019,INT_TO_SAL,0,2020-03-31,RPT,2.2121
RBI:RATIO_LNGNFC_INDUS_ANN_RN(1.0),N_A,AFY,MNF_FPB,2020,2019,NET_PFT_TO_SAL,0,2020-03-31,RPT,8.6858
RBI:RATIO_LNGNFC_INDUS_ANN_RN(1.0),N_A,AFY,MNF_FPB,2020,2019,OPR_PFTS_TO_SAL,0,2020-03-31,RPT,9.6812
RBI:RATIO_LNGNFC_INDUS_ANN_RN(1.0),N_A,AFY,MNF_FPB,2020,2019,TAX_PROV_TO_EBT,0,2020-03-31,RPT,22.4605
RBI:RATIO_LNGNFC_INDUS_ANN_RN(1.0),N_A,AFY,MNF_FPB_DAIRY_PRD,2020,2019,CSH_CVG_RATIO,0,2020-03-31,RPT,11.759439
RBI:RATIO_LNGNFC_INDUS_ANN_RN(1.0),N_A,AFY,MNF_FPB_DAIRY_PRD,2020,2019,EBITDA_TO_SAL,0,2020-03-31,RPT,15.3521
RBI:RATIO_LNGNFC_INDUS_ANN_RN(1.0),N_A,AFY,MNF_FPB_DAIRY_PRD,2020,2019,INT_BURDEN,0,2020-03-31,RPT,10.7475
RBI:RATIO_LNGNFC_INDUS_ANN_RN(1.0),N_A,AFY,MNF_FPB_DAIRY_PRD,2020,2019,INT_CVG,0,2020-03-31,RPT,9.304493
RBI:RATIO_LNGNFC_INDUS_ANN_RN(1.0),N_A,AFY,MNF_FPB_DAIRY_PRD,2020,2019,INT_TO_SAL,0,2020-03-31,RPT,1.3055
RBI:RATIO_LNGNFC_INDUS_ANN_RN(1.0),N_A,AFY,MNF_FPB_DAIRY_PRD,2020,2019,NET_PFT_TO_SAL,0,2020-03-31,RPT,7.8974
RBI:RATIO_LNGNFC_INDUS_ANN_RN(1.0),N_A,AFY,MNF_FPB_DAIRY_PRD,2020,2019,OPR_PFTS_TO_SAL,0,2020-03-31,RPT,13.2172
RBI:RATIO_LNGNFC_INDUS_ANN_RN(1.0),N_A,AFY,MNF_FPB_DAIRY_PRD,2020,2019,TAX_PROV_TO_EBT,0,2020-03-31,RPT,25.6658
RBI:RATIO_LNGNFC_INDUS_ANN_RN(1.0),N_A,AFY,MNF_FPB_EDD_OIL,2020,2019,CSH_CVG_RATIO,0,2020-03-31,RPT,8.416131
RBI:RATIO_LNGNFC_INDUS_ANN_RN(1.0),N_A,AFY,MNF_FPB_EDD_OIL,2020,2019,EBITDA_TO_SAL,0,2020-03-31,RPT,7.7562
RBI:RATIO_LNGNFC_INDUS_ANN_RN(1.0),N_A,AFY,MNF_FPB_EDD_OIL,2020,2019,INT_BURDEN,0,2020-03-31,RPT,14.3131
RBI:RATIO_LNGNFC_INDUS_ANN_RN(1.0),N_A,AFY,MNF_FPB_EDD_OIL,2020,2019,INT_CVG,0,2020-03-31,RPT,6.986605
RBI:RATIO_LNGNFC_INDUS_ANN_RN(1.0),N_A,AFY,MNF_FPB_EDD_OIL,2020,2019,INT_TO_SAL,0,2020-03-31,RPT,0.9216
RBI:RATIO_LNGNFC_INDUS_ANN_RN(1.0),N_A,AFY,MNF_FPB_EDD_OIL,2020,2019,NET_PFT_TO_SAL,0,2020-03-31,RPT,26.0092
RBI:RATIO_LNGNFC_INDUS_ANN_RN(1.0),N_A,AFY,MNF_FPB_EDD_OIL,2020,2019,OPR_PFTS_TO_SAL,0,2020-03-31,RPT,6.496
RBI:RATIO_LNGNFC_INDUS_ANN_RN(1.0),N_A,AFY,MNF_FPB_EDD_OIL,2020,2019,TAX_PROV_TO_EBT,0,2020-03-31,RPT,18.559
RBI:RATIO_LNGNFC_INDUS_ANN_RN(1.0),N_A,AFY,MNF_FPB_ESGR,2020,2019,CSH_CVG_RATIO,0,2020-03-31,RPT,2.124631
RBI:RATIO_LNGNFC_INDUS_ANN_RN(1.0),N_A,AFY,MNF_FPB_ESGR,2020,2019,EBITDA_TO_SAL,0,2020-03-31,RPT,9.748
RBI:RATIO_LNGNFC_INDUS_ANN_RN(1.0),N_A,AFY,MNF_FPB_ESGR,2020,2019,INT_BURDEN,0,2020-03-31,RPT,68.0432
RBI:RATIO_LNGNFC_INDUS_ANN_RN(1.0),N_A,AFY,MNF_FPB_ESGR,2020,2019,INT_CVG,0,2020-03-31,RPT,1.469655
RBI:RATIO_LNGNFC_INDUS_ANN_RN(1.0),N_A,AFY,MNF_FPB_ESGR,2020,2019,INT_TO_SAL,0,2020-03-31,RPT,4.5881
RBI:RATIO_LNGNFC_INDUS_ANN_RN(1.0),N_A,AFY,MNF_FPB_ESGR,2020,2019,NET_PFT_TO_SAL,0,2020-03-31,RPT,2.0997
RBI:RATIO_LNGNFC_INDUS_ANN_RN(1.0),N_A,AFY,MNF_FPB_ESGR,2020,2019,OPR_PFTS_TO_SAL,0,2020-03-31,RPT,8.3469
RBI:RATIO_LNGNFC_INDUS_ANN_RN(1.0),N_A,AFY,MNF_FPB_ESGR,2020,2019,TAX_PROV_TO_EBT,0,2020-03-31,RPT,16.996
RBI:RATIO_LNGNFC_INDUS_ANN_RN(1.0),N_A,AFY,MNF_FPB_OFP,2020,2019,CSH_CVG_RATIO,0,2020-03-31,RPT,7.762592
RBI:RATIO_LNGNFC_INDUS_ANN_RN(1.0),N_A,AFY,MNF_FPB_OFP,2020,2019,EBITDA_TO_SAL,0,2020-03-31,RPT,12.5152
RBI:RATIO_LNGNFC_INDUS_ANN_RN(1.0),N_A,AFY,MNF_FPB_OFP,2020,2019,INT_BURDEN,0,2020-03-31,RPT,16.1945
RBI:RATIO_LNGNFC_INDUS_ANN_RN(1.0),N_A,AFY,MNF_FPB_OFP,2020,2019,INT_CVG,0,2020-03-31,RPT,6.174922
RBI:RATIO_LNGNFC_INDUS_ANN_RN(1.0),N_A,AFY,MNF_FPB_OFP,2020,2019,INT_TO_SAL,0,2020-03-31,RPT,1.6122
RBI:RATIO_LNGNFC_INDUS_ANN_RN(1.0),N_A,AFY,MNF_FPB_OFP,2020,2019,NET_PFT_TO_SAL,0,2020-03-31,RPT,5.1929
RBI:RATIO_LNGNFC_INDUS_ANN_RN(1.0),N_A,AFY,MNF_FPB_OFP,2020,2019,OPR_PFTS_TO_SAL,0,2020-03-31,RPT,10.7864
RBI:RATIO_LNGNFC_INDUS_ANN_RN(1.0),N_A,AFY,MNF_FPB_OFP,2020,2019,TAX_PROV_TO_EBT,0,2020-03-31,RPT,23.6549
RBI:RATIO_LNGNFC_INDUS_ANN_RN(1.0),N_A,AFY,MNF_GGP,2020,2019,CSH_CVG_RATIO,0,2020-03-31,RPT,2.472612
RBI:RATIO_LNGNFC_INDUS_ANN_RN(1.0),N_A,AFY,MNF_GGP,2020,2019,EBITDA_TO_SAL,0,2020-03-31,RPT,16.0672
RBI:RATIO_LNGNFC_INDUS_ANN_RN(1.0),N_A,AFY,MNF_GGP,2020,2019,INT_BURDEN,0,2020-03-31,RPT,62.7057
RBI:RATIO_LNGNFC_INDUS_ANN_RN(1.0),N_A,AFY,MNF_GGP,2020,2019,INT_CVG,0,2020-03-31,RPT,1.594751
RBI:RATIO_LNGNFC_INDUS_ANN_RN(1.0),N_A,AFY,MNF_GGP,2020,2019,INT_TO_SAL,0,2020-03-31,RPT,6.4981
RBI:RATIO_LNGNFC_INDUS_ANN_RN(1.0),N_A,AFY,MNF_GGP,2020,2019,NET_PFT_TO_SAL,0,2020-03-31,RPT,3.0385
RBI:RATIO_LNGNFC_INDUS_ANN_RN(1.0),N_A,AFY,MNF_GGP,2020,2019,OPR_PFTS_TO_SAL,0,2020-03-31,RPT,14.506
RBI:RATIO_LNGNFC_INDUS_ANN_RN(1.0),N_A,AFY,MNF_GGP,2020,2019,TAX_PROV_TO_EBT,0,2020-03-31,RPT,17.9646
RBI:RATIO_LNGNFC_INDUS_ANN_RN(1.0),N_A,AFY,MNF_INS,2020,2019,CSH_CVG_RATIO,0,2020-03-31,RPT,2.796209
RBI:RATIO_LNGNFC_INDUS_ANN_RN(1.0),N_A,AFY,MNF_INS,2020,2019,EBITDA_TO_SAL,0,2020-03-31,RPT,16.613
RBI:RATIO_LNGNFC_INDUS_ANN_RN(1.0),N_A,AFY,MNF_INS,2020,2019,INT_BURDEN,0,2020-03-31,RPT,52.6829
RBI:RATIO_LNGNFC_INDUS_ANN_RN(1.0),N_A,AFY,MNF_INS,2020,2019,INT_CVG,0,2020-03-31,RPT,1.898149
RBI:RATIO_LNGNFC_INDUS_ANN_RN(1.0),N_A,AFY,MNF_INS,2020,2019,INT_TO_SAL,0,2020-03-31,RPT,5.9413
RBI:RATIO_LNGNFC_INDUS_ANN_RN(1.0),N_A,AFY,MNF_INS,2020,2019,NET_PFT_TO_SAL,0,2020-03-31,RPT,3.3757
RBI:RATIO_LNGNFC_INDUS_ANN_RN(1.0),N_A,AFY,MNF_INS,2020,2019,OPR_PFTS_TO_SAL,0,2020-03-31,RPT,15.1468
RBI:RATIO_LNGNFC_INDUS_ANN_RN(1.0),N_A,AFY,MNF_INS,2020,2019,TAX_PROV_TO_EBT,0,2020-03-31,RPT,22.2589
RBI:RATIO_LNGNFC_INDUS_ANN_RN(1.0),N_A,AFY,MNF_JRA,2020,2019,CSH_CVG_RATIO,0,2020-03-31,RPT,6.279048
RBI:RATIO_LNGNFC_INDUS_ANN_RN(1.0),N_A,AFY,MNF_JRA,2020,2019,EBITDA_TO_SAL,0,2020-03-31,RPT,4.9165
RBI:RATIO_LNGNFC_INDUS_ANN_RN(1.0),N_A,AFY,MNF_JRA,2020,2019,INT_BURDEN,0,2020-03-31,RPT,17.728
RBI:RATIO_LNGNFC_INDUS_ANN_RN(1.0),N_A,AFY,MNF_JRA,2020,2019,INT_CVG,0,2020-03-31,RPT,5.64078
RBI:RATIO_LNGNFC_INDUS_ANN_RN(1.0),N_A,AFY,MNF_JRA,2020,2019,INT_TO_SAL,0,2020-03-31,RPT,0.783
RBI:RATIO_LNGNFC_INDUS_ANN_RN(1.0),N_A,AFY,MNF_JRA,2020,2019,NET_PFT_TO_SAL,0,2020-03-31,RPT,2.7498
RBI:RATIO_LNGNFC_INDUS_ANN_RN(1.0),N_A,AFY,MNF_JRA,2020,2019,OPR_PFTS_TO_SAL,0,2020-03-31,RPT,4.4389
RBI:RATIO_LNGNFC_INDUS_ANN_RN(1.0),N_A,AFY,MNF_JRA,2020,2019,TAX_PROV_TO_EBT,0,2020-03-31,RPT,23.1079
RBI:RATIO_LNGNFC_INDUS_ANN_RN(1.0),N_A,AFY,MNF_LTH,2020,2019,CSH_CVG_RATIO,0,2020-03-31,RPT,7.260192
RBI:RATIO_LNGNFC_INDUS_ANN_RN(1.0),N_A,AFY,MNF_LTH,2020,2019,EBITDA_TO_SAL,0,2020-03-31,RPT,14.5955
RBI:RATIO_LNGNFC_INDUS_ANN_RN(1.0),N_A,AFY,MNF_LTH,2020,2019,INT_BURDEN,0,2020-03-31,RPT,19.6379
RBI:RATIO_LNGNFC_INDUS_ANN_RN(1.0),N_A,AFY,MNF_LTH,2020,2019,INT_CVG,0,2020-03-31,RPT,5.092202
RBI:RATIO_LNGNFC_INDUS_ANN_RN(1.0),N_A,AFY,MNF_LTH,2020,2019,INT_TO_SAL,0,2020-03-31,RPT,2.0103
RBI:RATIO_LNGNFC_INDUS_ANN_RN(1.0),N_A,AFY,MNF_LTH,2020,2019,NET_PFT_TO_SAL,0,2020-03-31,RPT,5.83
RBI:RATIO_LNGNFC_INDUS_ANN_RN(1.0),N_A,AFY,MNF_LTH,2020,2019,OPR_PFTS_TO_SAL,0,2020-03-31,RPT,13.6893
RBI:RATIO_LNGNFC_INDUS_ANN_RN(1.0),N_A,AFY,MNF_LTH,2020,2019,TAX_PROV_TO_EBT,0,2020-03-31,RPT,25.3313
RBI:RATIO_LNGNFC_INDUS_ANN_RN(1.0),N_A,AFY,MNF_MMT,2020,2019,CSH_CVG_RATIO,0,2020-03-31,RPT,9.854369
RBI:RATIO_LNGNFC_INDUS_ANN_RN(1.0),N_A,AFY,MNF_MMT,2020,2019,EBITDA_TO_SAL,0,2020-03-31,RPT,12.238
RBI:RATIO_LNGNFC_INDUS_ANN_RN(1.0),N_A,AFY,MNF_MMT,2020,2019,INT_BURDEN,0,2020-03-31,RPT,12.7754
RBI:RATIO_LNGNFC_INDUS_ANN_RN(1.0),N_A,AFY,MNF_MMT,2020,2019,INT_CVG,0,2020-03-31,RPT,7.827528
RBI:RATIO_LNGNFC_INDUS_ANN_RN(1.0),N_A,AFY,MNF_MMT,2020,2019,INT_TO_SAL,0,2020-03-31,RPT,1.2419
RBI:RATIO_LNGNFC_INDUS_ANN_RN(1.0),N_A,AFY,MNF_MMT,2020,2019,NET_PFT_TO_SAL,0,2020-03-31,RPT,6.2483
RBI:RATIO_LNGNFC_INDUS_ANN_RN(1.0),N_A,AFY,MNF_MMT,2020,2019,OPR_PFTS_TO_SAL,0,2020-03-31,RPT,9.403
RBI:RATIO_LNGNFC_INDUS_ANN_RN(1.0),N_A,AFY,MNF_MMT,2020,2019,TAX_PROV_TO_EBT,0,2020-03-31,RPT,23.0075
RBI:RATIO_LNGNFC_INDUS_ANN_RN(1.0),N_A,AFY,MNF_MMT_MV,2020,2019,CSH_CVG_RATIO,0,2020-03-31,RPT,15.26625
RBI:RATIO_LNGNFC_INDUS_ANN_RN(1.0),N_A,AFY,MNF_MMT_MV,2020,2019,EBITDA_TO_SAL,0,2020-03-31,RPT,13.6717
RBI:RATIO_LNGNFC_INDUS_ANN_RN(1.0),N_A,AFY,MNF_MMT_MV,2020,2019,INT_BURDEN,0,2020-03-31,RPT,9.6467
RBI:RATIO_LNGNFC_INDUS_ANN_RN(1.0),N_A,AFY,MNF_MMT_MV,2020,2019,INT_CVG,0,2020-03-31,RPT,10.366264
RBI:RATIO_LNGNFC_INDUS_ANN_RN(1.0),N_A,AFY,MNF_MMT_MV,2020,2019,INT_TO_SAL,0,2020-03-31,RPT,0.8955
RBI:RATIO_LNGNFC_INDUS_ANN_RN(1.0),N_A,AFY,MNF_MMT_MV,2020,2019,NET_PFT_TO_SAL,0,2020-03-31,RPT,4.2277
RBI:RATIO_LNGNFC_INDUS_ANN_RN(1.0),N_A,AFY,MNF_MMT_MV,2020,2019,OPR_PFTS_TO_SAL,0,2020-03-31,RPT,9.9211
RBI:RATIO_LNGNFC_INDUS_ANN_RN(1.0),N_A,AFY,MNF_MMT_MV,2020,2019,TAX_PROV_TO_EBT,0,2020-03-31,RPT,21.9919
RBI:RATIO_LNGNFC_INDUS_ANN_RN(1.0),N_A,AFY,MNF_MMT_OTH,2020,2019,CSH_CVG_RATIO,0,2020-03-31,RPT,9.373748
RBI:RATIO_LNGNFC_INDUS_ANN_RN(1.0),N_A,AFY,MNF_MMT_OTH,2020,2019,EBITDA_TO_SAL,0,2020-03-31,RPT,13.3599
RBI:RATIO_LNGNFC_INDUS_ANN_RN(1.0),N_A,AFY,MNF_MMT_OTH,2020,2019,INT_BURDEN,0,2020-03-31,RPT,16.207
RBI:RATIO_LNGNFC_INDUS_ANN_RN(1.0),N_A,AFY,MNF_MMT_OTH,2020,2019,INT_CVG,0,2020-03-31,RPT,6.170182
RBI:RATIO_LNGNFC_INDUS_ANN_RN(1.0),N_A,AFY,MNF_MMT_OTH,2020,2019,INT_TO_SAL,0,2020-03-31,RPT,1.4252
RBI:RATIO_LNGNFC_INDUS_ANN_RN(1.0),N_A,AFY,MNF_MMT_OTH,2020,2019,NET_PFT_TO_SAL,0,2020-03-31,RPT,3.5837
RBI:RATIO_LNGNFC_INDUS_ANN_RN(1.0),N_A,AFY,MNF_MMT_OTH,2020,2019,OPR_PFTS_TO_SAL,0,2020-03-31,RPT,9.9653
RBI:RATIO_LNGNFC_INDUS_ANN_RN(1.0),N_A,AFY,MNF_MMT_OTH,2020,2019,TAX_PROV_TO_EBT,0,2020-03-31,RPT,22.1637
RBI:RATIO_LNGNFC_INDUS_ANN_RN(1.0),N_A,AFY,MNF_MMT_PRTS,2020,2019,CSH_CVG_RATIO,0,2020-03-31,RPT,3.465729
RBI:RATIO_LNGNFC_INDUS_ANN_RN(1.0),N_A,AFY,MNF_MMT_PRTS,2020,2019,EBITDA_TO_SAL,0,2020-03-31,RPT,12.1376
RBI:RATIO_LNGNFC_INDUS_ANN_RN(1.0),N_A,AFY,MNF_MMT_PRTS,2020,2019,INT_BURDEN,0,2020-03-31,RPT,50.9411
RBI:RATIO_LNGNFC_INDUS_ANN_RN(1.0),N_A,AFY,MNF_MMT_PRTS,2020,2019,INT_CVG,0,2020-03-31,RPT,1.96305
RBI:RATIO_LNGNFC_INDUS_ANN_RN(1.0),N_A,AFY,MNF_MMT_PRTS,2020,2019,INT_TO_SAL,0,2020-03-31,RPT,3.5022
RBI:RATIO_LNGNFC_INDUS_ANN_RN(1.0),N_A,AFY,MNF_MMT_PRTS,2020,2019,NET_PFT_TO_SAL,0,2020-03-31,RPT,1.0584
RBI:RATIO_LNGNFC_INDUS_ANN_RN(1.0),N_A,AFY,MNF_MMT_PRTS,2020,2019,OPR_PFTS_TO_SAL,0,2020-03-31,RPT,10.1384
RBI:RATIO_LNGNFC_INDUS_ANN_RN(1.0),N_A,AFY,MNF_MMT_PRTS,2020,2019,TAX_PROV_TO_EBT,0,2020-03-31,RPT,23.1519
RBI:RATIO_LNGNFC_INDUS_ANN_RN(1.0),N_A,AFY,MNF_MPOSE,2020,2019,CSH_CVG_RATIO,0,2020-03-31,RPT,8.907923
RBI:RATIO_LNGNFC_INDUS_ANN_RN(1.0),N_A,AFY,MNF_MPOSE,2020,2019,EBITDA_TO_SAL,0,2020-03-31,RPT,25.1274
RBI:RATIO_LNGNFC_INDUS_ANN_RN(1.0),N_A,AFY,MNF_MPOSE,2020,2019,INT_BURDEN,0,2020-03-31,RPT,14.7458
RBI:RATIO_LNGNFC_INDUS_ANN_RN(1.0),N_A,AFY,MNF_MPOSE,2020,2019,INT_CVG,0,2020-03-31,RPT,6.781585
RBI:RATIO_LNGNFC_INDUS_ANN_RN(1.0),N_A,AFY,MNF_MPOSE,2020,2019,INT_TO_SAL,0,2020-03-31,RPT,2.8208
RBI:RATIO_LNGNFC_INDUS_ANN_RN(1.0),N_A,AFY,MNF_MPOSE,2020,2019,NET_PFT_TO_SAL,0,2020-03-31,RPT,-132.7623
RBI:RATIO_LNGNFC_INDUS_ANN_RN(1.0),N_A,AFY,MNF_MPOSE,2020,2019,OPR_PFTS_TO_SAL,0,2020-03-31,RPT,22.2801
RBI:RATIO_LNGNFC_INDUS_ANN_RN(1.0),N_A,AFY,MNF_MPOSE,2020,2019,TAX_PROV_TO_EBT,0,2020-03-31,RPT,24.3838
RBI:RATIO_LNGNFC_INDUS_ANN_RN(1.0),N_A,AFY,MNF_OTH,2020,2019,CSH_CVG_RATIO,0,2020-03-31,RPT,8.865821
RBI:RATIO_LNGNFC_INDUS_ANN_RN(1.0),N_A,AFY,MNF_OTH,2020,2019,EBITDA_TO_SAL,0,2020-03-31,RPT,11.478
RBI:RATIO_LNGNFC_INDUS_ANN_RN(1.0),N_A,AFY,MNF_OTH,2020,2019,INT_BURDEN,0,2020-03-31,RPT,16.0165
RBI:RATIO_LNGNFC_INDUS_ANN_RN(1.0),N_A,AFY,MNF_OTH,2020,2019,INT_CVG,0,2020-03-31,RPT,6.243558
RBI:RATIO_LNGNFC_INDUS_ANN_RN(1.0),N_A,AFY,MNF_OTH,2020,2019,INT_TO_SAL,0,2020-03-31,RPT,1.2946
RBI:RATIO_LNGNFC_INDUS_ANN_RN(1.0),N_A,AFY,MNF_OTH,2020,2019,NET_PFT_TO_SAL,0,2020-03-31,RPT,5.5271
RBI:RATIO_LNGNFC_INDUS_ANN_RN(1.0),N_A,AFY,MNF_OTH,2020,2019,OPR_PFTS_TO_SAL,0,2020-03-31,RPT,8.8165
RBI:RATIO_LNGNFC_INDUS_ANN_RN(1.0),N_A,AFY,MNF_OTH,2020,2019,TAX_PROV_TO_EBT,0,2020-03-31,RPT,24.4376
RBI:RATIO_LNGNFC_INDUS_ANN_RN(1.0),N_A,AFY,MNF_PETR_PRD,2020,2019,CSH_CVG_RATIO,0,2020-03-31,RPT,5.615474
RBI:RATIO_LNGNFC_INDUS_ANN_RN(1.0),N_A,AFY,MNF_PETR_PRD,2020,2019,EBITDA_TO_SAL,0,2020-03-31,RPT,19.5988
RBI:RATIO_LNGNFC_INDUS_ANN_RN(1.0),N_A,AFY,MNF_PETR_PRD,2020,2019,INT_BURDEN,0,2020-03-31,RPT,20.844
RBI:RATIO_LNGNFC_INDUS_ANN_RN(1.0),N_A,AFY,MNF_PETR_PRD,2020,2019,INT_CVG,0,2020-03-31,RPT,4.797544
RBI:RATIO_LNGNFC_INDUS_ANN_RN(1.0),N_A,AFY,MNF_PETR_PRD,2020,2019,INT_TO_SAL,0,2020-03-31,RPT,3.4901
RBI:RATIO_LNGNFC_INDUS_ANN_RN(1.0),N_A,AFY,MNF_PETR_PRD,2020,2019,NET_PFT_TO_SAL,0,2020-03-31,RPT,9.2255
RBI:RATIO_LNGNFC_INDUS_ANN_RN(1.0),N_A,AFY,MNF_PETR_PRD,2020,2019,OPR_PFTS_TO_SAL,0,2020-03-31,RPT,15.6639
RBI:RATIO_LNGNFC_INDUS_ANN_RN(1.0),N_A,AFY,MNF_PETR_PRD,2020,2019,TAX_PROV_TO_EBT,0,2020-03-31,RPT,16.5351
RBI:RATIO_LNGNFC_INDUS_ANN_RN(1.0),N_A,AFY,MNF_PM,2020,2019,CSH_CVG_RATIO,0,2020-03-31,RPT,9.086624
RBI:RATIO_LNGNFC_INDUS_ANN_RN(1.0),N_A,AFY,MNF_PM,2020,2019,EBITDA_TO_SAL,0,2020-03-31,RPT,26.383
RBI:RATIO_LNGNFC_INDUS_ANN_RN(1.0),N_A,AFY,MNF_PM,2020,2019,INT_BURDEN,0,2020-03-31,RPT,13.4385
RBI:RATIO_LNGNFC_INDUS_ANN_RN(1.0),N_A,AFY,MNF_PM,2020,2019,INT_CVG,0,2020-03-31,RPT,7.44133
RBI:RATIO_LNGNFC_INDUS_ANN_RN(1.0),N_A,AFY,MNF_PM,2020,2019,INT_TO_SAL,0,2020-03-31,RPT,2.9035
RBI:RATIO_LNGNFC_INDUS_ANN_RN(1.0),N_A,AFY,MNF_PM,2020,2019,NET_PFT_TO_SAL,0,2020-03-31,RPT,15.1068
RBI:RATIO_LNGNFC_INDUS_ANN_RN(1.0),N_A,AFY,MNF_PM,2020,2019,OPR_PFTS_TO_SAL,0,2020-03-31,RPT,21.2362
RBI:RATIO_LNGNFC_INDUS_ANN_RN(1.0),N_A,AFY,MNF_PM,2020,2019,TAX_PROV_TO_EBT,0,2020-03-31,RPT,19.518
RBI:RATIO_LNGNFC_INDUS_ANN_RN(1.0),N_A,AFY,MNF_PNFFM,2020,2019,CSH_CVG_RATIO,0,2020-03-31,RPT,4.537468
RBI:RATIO_LNGNFC_INDUS_ANN_RN(1.0),N_A,AFY,MNF_PNFFM,2020,2019,EBITDA_TO_SAL,0,2020-03-31,RPT,23.4072
RBI:RATIO_LNGNFC_INDUS_ANN_RN(1.0),N_A,AFY,MNF_PNFFM,2020,2019,INT_BURDEN,0,2020-03-31,RPT,31.7339
RBI:RATIO_LNGNFC_INDUS_ANN_RN(1.0),N_A,AFY,MNF_PNFFM,2020,2019,INT_CVG,0,2020-03-31,RPT,3.151203
RBI:RATIO_LNGNFC_INDUS_ANN_RN(1.0),N_A,AFY,MNF_PNFFM,2020,2019,INT_TO_SAL,0,2020-03-31,RPT,5.1587
RBI:RATIO_LNGNFC_INDUS_ANN_RN(1.0),N_A,AFY,MNF_PNFFM,2020,2019,NET_PFT_TO_SAL,0,2020-03-31,RPT,0.5243
RBI:RATIO_LNGNFC_INDUS_ANN_RN(1.0),N_A,AFY,MNF_PNFFM,2020,2019,OPR_PFTS_TO_SAL,0,2020-03-31,RPT,17.7746
RBI:RATIO_LNGNFC_INDUS_ANN_RN(1.0),N_A,AFY,MNF_PNFFM,2020,2019,TAX_PROV_TO_EBT,0,2020-03-31,RPT,13.7572
RBI:RATIO_LNGNFC_INDUS_ANN_RN(1.0),N_A,AFY,MNF_PNPD,2020,2019,CSH_CVG_RATIO,0,2020-03-31,RPT,5.316964
RBI:RATIO_LNGNFC_INDUS_ANN_RN(1.0),N_A,AFY,MNF_PNPD,2020,2019,EBITDA_TO_SAL,0,2020-03-31,RPT,17.9573
RBI:RATIO_LNGNFC_INDUS_ANN_RN(1.0),N_A,AFY,MNF_PNPD,2020,2019,INT_BURDEN,0,2020-03-31,RPT,26.0528
RBI:RATIO_LNGNFC_INDUS_ANN_RN(1.0),N_A,AFY,MNF_PNPD,2020,2019,INT_CVG,0,2020-03-31,RPT,3.838358
RBI:RATIO_LNGNFC_INDUS_ANN_RN(1.0),N_A,AFY,MNF_PNPD,2020,2019,INT_TO_SAL,0,2020-03-31,RPT,3.3774
RBI:RATIO_LNGNFC_INDUS_ANN_RN(1.0),N_A,AFY,MNF_PNPD,2020,2019,NET_PFT_TO_SAL,0,2020-03-31,RPT,8.0004
RBI:RATIO_LNGNFC_INDUS_ANN_RN(1.0),N_A,AFY,MNF_PNPD,2020,2019,OPR_PFTS_TO_SAL,0,2020-03-31,RPT,16.6327
RBI:RATIO_LNGNFC_INDUS_ANN_RN(1.0),N_A,AFY,MNF_PNPD,2020,2019,TAX_PROV_TO_EBT,0,2020-03-31,RPT,18.6863
RBI:RATIO_LNGNFC_INDUS_ANN_RN(1.0),N_A,AFY,MNF_PP,2020,2019,CSH_CVG_RATIO,0,2020-03-31,RPT,4.304933
RBI:RATIO_LNGNFC_INDUS_ANN_RN(1.0),N_A,AFY,MNF_PP,2020,2019,EBITDA_TO_SAL,0,2020-03-31,RPT,13.2605
RBI:RATIO_LNGNFC_INDUS_ANN_RN(1.0),N_A,AFY,MNF_PP,2020,2019,INT_BURDEN,0,2020-03-31,RPT,33.7869
RBI:RATIO_LNGNFC_INDUS_ANN_RN(1.0),N_A,AFY,MNF_PP,2020,2019,INT_CVG,0,2020-03-31,RPT,2.959724
RBI:RATIO_LNGNFC_INDUS_ANN_RN(1.0),N_A,AFY,MNF_PP,2020,2019,INT_TO_SAL,0,2020-03-31,RPT,3.0803
RBI:RATIO_LNGNFC_INDUS_ANN_RN(1.0),N_A,AFY,MNF_PP,2020,2019,NET_PFT_TO_SAL,0,2020-03-31,RPT,4.2696
RBI:RATIO_LNGNFC_INDUS_ANN_RN(1.0),N_A,AFY,MNF_PP,2020,2019,OPR_PFTS_TO_SAL,0,2020-03-31,RPT,11.3174
RBI:RATIO_LNGNFC_INDUS_ANN_RN(1.0),N_A,AFY,MNF_PP,2020,2019,TAX_PROV_TO_EBT,0,2020-03-31,RPT,22.8856
RBI:RATIO_LNGNFC_INDUS_ANN_RN(1.0),N_A,AFY,MNF_RRP,2020,2019,CSH_CVG_RATIO,0,2020-03-31,RPT,7.17224
RBI:RATIO_LNGNFC_INDUS_ANN_RN(1.0),N_A,AFY,MNF_RRP,2020,2019,EBITDA_TO_SAL,0,2020-03-31,RPT,15.161
RBI:RATIO_LNGNFC_INDUS_ANN_RN(1.0),N_A,AFY,MNF_RRP,2020,2019,INT_BURDEN,0,2020-03-31,RPT,21.5316
RBI:RATIO_LNGNFC_INDUS_ANN_RN(1.0),N_A,AFY,MNF_RRP,2020,2019,INT_CVG,0,2020-03-31,RPT,4.644337
RBI:RATIO_LNGNFC_INDUS_ANN_RN(1.0),N_A,AFY,MNF_RRP,2020,2019,INT_TO_SAL,0,2020-03-31,RPT,2.1138
RBI:RATIO_LNGNFC_INDUS_ANN_RN(1.0),N_A,AFY,MNF_RRP,2020,2019,NET_PFT_TO_SAL,0,2020-03-31,RPT,7.1813
RBI:RATIO_LNGNFC_INDUS_ANN_RN(1.0),N_A,AFY,MNF_RRP,2020,2019,OPR_PFTS_TO_SAL,0,2020-03-31,RPT,13.6334
RBI:RATIO_LNGNFC_INDUS_ANN_RN(1.0),N_A,AFY,MNF_RRP,2020,2019,TAX_PROV_TO_EBT,0,2020-03-31,RPT,25.0537
RBI:RATIO_LNGNFC_INDUS_ANN_RN(1.0),N_A,AFY,MNF_TBC_PRD,2020,2019,EBITDA_TO_SAL,0,2020-03-31,RPT,43.1965
RBI:RATIO_LNGNFC_INDUS_ANN_RN(1.0),N_A,AFY,MNF_TBC_PRD,2020,2019,INT_BURDEN,0,2020-03-31,RPT,0.5103
RBI:RATIO_LNGNFC_INDUS_ANN_RN(1.0),N_A,AFY,MNF_TBC_PRD,2020,2019,INT_TO_SAL,0,2020-03-31,RPT,0.2028
RBI:RATIO_LNGNFC_INDUS_ANN_RN(1.0),N_A,AFY,MNF_TBC_PRD,2020,2019,NET_PFT_TO_SAL,0,2020-03-31,RPT,30.9684
RBI:RATIO_LNGNFC_INDUS_ANN_RN(1.0),N_A,AFY,MNF_TBC_PRD,2020,2019,OPR_PFTS_TO_SAL,0,2020-03-31,RPT,36.988
RBI:RATIO_LNGNFC_INDUS_ANN_RN(1.0),N_A,AFY,MNF_TBC_PRD,2020,2019,TAX_PROV_TO_EBT,0,2020-03-31,RPT,23.1263
RBI:RATIO_LNGNFC_INDUS_ANN_RN(1.0),N_A,AFY,MNF_TXT,2020,2019,CSH_CVG_RATIO,0,2020-03-31,RPT,1.824364
RBI:RATIO_LNGNFC_INDUS_ANN_RN(1.0),N_A,AFY,MNF_TXT,2020,2019,EBITDA_TO_SAL,0,2020-03-31,RPT,8.8125
RBI:RATIO_LNGNFC_INDUS_ANN_RN(1.0),N_A,AFY,MNF_TXT,2020,2019,INT_BURDEN,0,2020-03-31,RPT,127.0411
RBI:RATIO_LNGNFC_INDUS_ANN_RN(1.0),N_A,AFY,MNF_TXT,2020,2019,INT_CVG,0,2020-03-31,RPT,0.787147
RBI:RATIO_LNGNFC_INDUS_ANN_RN(1.0),N_A,AFY,MNF_TXT,2020,2019,INT_TO_SAL,0,2020-03-31,RPT,4.8305
RBI:RATIO_LNGNFC_INDUS_ANN_RN(1.0),N_A,AFY,MNF_TXT,2020,2019,NET_PFT_TO_SAL,0,2020-03-31,RPT,0.8257
RBI:RATIO_LNGNFC_INDUS_ANN_RN(1.0),N_A,AFY,MNF_TXT,2020,2019,OPR_PFTS_TO_SAL,0,2020-03-31,RPT,7.3663
RBI:RATIO_LNGNFC_INDUS_ANN_RN(1.0),N_A,AFY,MNF_TXT,2020,2019,TAX_PROV_TO_EBT,0,2020-03-31,RPT,22.8691
RBI:RATIO_LNGNFC_INDUS_ANN_RN(1.0),N_A,AFY,MNF_WOOD_PRD,2020,2019,CSH_CVG_RATIO,0,2020-03-31,RPT,5.809765
RBI:RATIO_LNGNFC_INDUS_ANN_RN(1.0),N_A,AFY,MNF_WOOD_PRD,2020,2019,EBITDA_TO_SAL,0,2020-03-31,RPT,12.4581
RBI:RATIO_LNGNFC_INDUS_ANN_RN(1.0),N_A,AFY,MNF_WOOD_PRD,2020,2019,INT_BURDEN,0,2020-03-31,RPT,22.1757
RBI:RATIO_LNGNFC_INDUS_ANN_RN(1.0),N_A,AFY,MNF_WOOD_PRD,2020,2019,INT_CVG,0,2020-03-31,RPT,4.509446
RBI:RATIO_LNGNFC_INDUS_ANN_RN(1.0),N_A,AFY,MNF_WOOD_PRD,2020,2019,INT_TO_SAL,0,2020-03-31,RPT,2.1443
RBI:RATIO_LNGNFC_INDUS_ANN_RN(1.0),N_A,AFY,MNF_WOOD_PRD,2020,2019,NET_PFT_TO_SAL,0,2020-03-31,RPT,5.0266
RBI:RATIO_LNGNFC_INDUS_ANN_RN(1.0),N_A,AFY,MNF_WOOD_PRD,2020,2019,OPR_PFTS_TO_SAL,0,2020-03-31,RPT,11.6355
RBI:RATIO_LNGNFC_INDUS_ANN_RN(1.0),N_A,AFY,MNF_WOOD_PRD,2020,2019,TAX_PROV_TO_EBT,0,2020-03-31,RPT,23.3235
RBI:RATIO_LNGNFC_INDUS_ANN_RN(1.0),N_A,AFY,SERV_OTH_IT,2020,2019,CSH_CVG_RATIO,0,2020-03-31,RPT,1.983369
RBI:RATIO_LNGNFC_INDUS_ANN_RN(1.0),N_A,AFY,SERV_OTH_IT,2020,2019,EBITDA_TO_SAL,0,2020-03-31,RPT,20.9358
RBI:RATIO_LNGNFC_INDUS_ANN_RN(1.0),N_A,AFY,SERV_OTH_IT,2020,2019,INT_CVG,0,2020-03-31,RPT,0.455252
RBI:RATIO_LNGNFC_INDUS_ANN_RN(1.0),N_A,AFY,SERV_OTH_IT,2020,2019,INT_TO_SAL,0,2020-03-31,RPT,10.5557
RBI:RATIO_LNGNFC_INDUS_ANN_RN(1.0),N_A,AFY,SERV_OTH_IT,2020,2019,NET_PFT_TO_SAL,0,2020-03-31,RPT,-40.1068
RBI:RATIO_LNGNFC_INDUS_ANN_RN(1.0),N_A,AFY,SERV_OTH_IT,2020,2019,OPR_PFTS_TO_SAL,0,2020-03-31,RPT,16.6872
RBI:RATIO_LNGNFC_INDUS_ANN_RN(1.0),N_A,AFY,SERV_OTH_IT,2020,2019,TAX_PROV_TO_EBT,0,2020-03-31,RPT,24.7397
RBI:RATIO_LNGNFC_INDUS_ANN_RN(1.0),N_A,AFY,SOI_BSS,2020,2019,CSH_CVG_RATIO,0,2020-03-31,RPT,1.179593
RBI:RATIO_LNGNFC_INDUS_ANN_RN(1.0),N_A,AFY,SOI_BSS,2020,2019,EBITDA_TO_SAL,0,2020-03-31,RPT,8.5716
RBI:RATIO_LNGNFC_INDUS_ANN_RN(1.0),N_A,AFY,SOI_BSS,2020,2019,INT_CVG,0,2020-03-31,RPT,0.051116
RBI:RATIO_LNGNFC_INDUS_ANN_RN(1.0),N_A,AFY,SOI_BSS,2020,2019,INT_TO_SAL,0,2020-03-31,RPT,7.2665
RBI:RATIO_LNGNFC_INDUS_ANN_RN(1.0),N_A,AFY,SOI_BSS,2020,2019,NET_PFT_TO_SAL,0,2020-03-31,RPT,-4.4136
RBI:RATIO_LNGNFC_INDUS_ANN_RN(1.0),N_A,AFY,SOI_BSS,2020,2019,OPR_PFTS_TO_SAL,0,2020-03-31,RPT,5.5415
RBI:RATIO_LNGNFC_INDUS_ANN_RN(1.0),N_A,AFY,SOI_BSS,2020,2019,TAX_PROV_TO_EBT,0,2020-03-31,RPT,24.5631
RBI:RATIO_LNGNFC_INDUS_ANN_RN(1.0),N_A,AFY,SOI_HNR,2020,2019,CSH_CVG_RATIO,0,2020-03-31,RPT,3.067679
RBI:RATIO_LNGNFC_INDUS_ANN_RN(1.0),N_A,AFY,SOI_HNR,2020,2019,EBITDA_TO_SAL,0,2020-03-31,RPT,26.1789
RBI:RATIO_LNGNFC_INDUS_ANN_RN(1.0),N_A,AFY,SOI_HNR,2020,2019,INT_BURDEN,0,2020-03-31,RPT,48.9013
RBI:RATIO_LNGNFC_INDUS_ANN_RN(1.0),N_A,AFY,SOI_HNR,2020,2019,INT_CVG,0,2020-03-31,RPT,2.044935
RBI:RATIO_LNGNFC_INDUS_ANN_RN(1.0),N_A,AFY,SOI_HNR,2020,2019,INT_TO_SAL,0,2020-03-31,RPT,8.5338
RBI:RATIO_LNGNFC_INDUS_ANN_RN(1.0),N_A,AFY,SOI_HNR,2020,2019,NET_PFT_TO_SAL,0,2020-03-31,RPT,7.896
RBI:RATIO_LNGNFC_INDUS_ANN_RN(1.0),N_A,AFY,SOI_HNR,2020,2019,OPR_PFTS_TO_SAL,0,2020-03-31,RPT,19.4435
RBI:RATIO_LNGNFC_INDUS_ANN_RN(1.0),N_A,AFY,SOI_HNR,2020,2019,TAX_PROV_TO_EBT,0,2020-03-31,RPT,29.8294
RBI:RATIO_LNGNFC_INDUS_ANN_RN(1.0),N_A,AFY,SOI_HS,2020,2019,CSH_CVG_RATIO,0,2020-03-31,RPT,4.58322
RBI:RATIO_LNGNFC_INDUS_ANN_RN(1.0),N_A,AFY,SOI_HS,2020,2019,EBITDA_TO_SAL,0,2020-03-31,RPT,21.2087
RBI:RATIO_LNGNFC_INDUS_ANN_RN(1.0),N_A,AFY,SOI_HS,2020,2019,INT_BURDEN,0,2020-03-31,RPT,30.7648
RBI:RATIO_LNGNFC_INDUS_ANN_RN(1.0),N_A,AFY,SOI_HS,2020,2019,INT_CVG,0,2020-03-31,RPT,3.250465
RBI:RATIO_LNGNFC_INDUS_ANN_RN(1.0),N_A,AFY,SOI_HS,2020,2019,INT_TO_SAL,0,2020-03-31,RPT,4.6275
RBI:RATIO_LNGNFC_INDUS_ANN_RN(1.0),N_A,AFY,SOI_HS,2020,2019,NET_PFT_TO_SAL,0,2020-03-31,RPT,7.7883
RBI:RATIO_LNGNFC_INDUS_ANN_RN(1.0),N_A,AFY,SOI_HS,2020,2019,OPR_PFTS_TO_SAL,0,2020-03-31,RPT,14.4576
RBI:RATIO_LNGNFC_INDUS_ANN_RN(1.0),N_A,AFY,SOI_HS,2020,2019,TAX_PROV_TO_EBT,0,2020-03-31,RPT,24.2097
RBI:RATIO_LNGNFC_INDUS_ANN_RN(1.0),N_A,AFY,SOI_OTH,2020,2019,CSH_CVG_RATIO,0,2020-03-31,RPT,5.215096
RBI:RATIO_LNGNFC_INDUS_ANN_RN(1.0),N_A,AFY,SOI_OTH,2020,2019,EBITDA_TO_SAL,0,2020-03-31,RPT,16.595
RBI:RATIO_LNGNFC_INDUS_ANN_RN(1.0),N_A,AFY,SOI_OTH,2020,2019,INT_BURDEN,0,2020-03-31,RPT,31.7515
RBI:RATIO_LNGNFC_INDUS_ANN_RN(1.0),N_A,AFY,SOI_OTH,2020,2019,INT_CVG,0,2020-03-31,RPT,3.149459
RBI:RATIO_LNGNFC_INDUS_ANN_RN(1.0),N_A,AFY,SOI_OTH,2020,2019,INT_TO_SAL,0,2020-03-31,RPT,3.1821
RBI:RATIO_LNGNFC_INDUS_ANN_RN(1.0),N_A,AFY,SOI_OTH,2020,2019,NET_PFT_TO_SAL,0,2020-03-31,RPT,8.9082
RBI:RATIO_LNGNFC_INDUS_ANN_RN(1.0),N_A,AFY,SOI_OTH,2020,2019,OPR_PFTS_TO_SAL,0,2020-03-31,RPT,12.3139
RBI:RATIO_LNGNFC_INDUS_ANN_RN(1.0),N_A,AFY,SOI_OTH,2020,2019,TAX_PROV_TO_EBT,0,2020-03-31,RPT,27.9484
RBI:RATIO_LNGNFC_INDUS_ANN_RN(1.0),N_A,AFY,SOI_RE,2020,2019,CSH_CVG_RATIO,0,2020-03-31,RPT,2.671141
RBI:RATIO_LNGNFC_INDUS_ANN_RN(1.0),N_A,AFY,SOI_RE,2020,2019,EBITDA_TO_SAL,0,2020-03-31,RPT,58.8459
RBI:RATIO_LNGNFC_INDUS_ANN_RN(1.0),N_A,AFY,SOI_RE,2020,2019,INT_BURDEN,0,2020-03-31,RPT,40.0471
RBI:RATIO_LNGNFC_INDUS_ANN_RN(1.0),N_A,AFY,SOI_RE,2020,2019,INT_CVG,0,2020-03-31,RPT,2.497057
RBI:RATIO_LNGNFC_INDUS_ANN_RN(1.0),N_A,AFY,SOI_RE,2020,2019,INT_TO_SAL,0,2020-03-31,RPT,22.0303
RBI:RATIO_LNGNFC_INDUS_ANN_RN(1.0),N_A,AFY,SOI_RE,2020,2019,NET_PFT_TO_SAL,0,2020-03-31,RPT,25.5173
RBI:RATIO_LNGNFC_INDUS_ANN_RN(1.0),N_A,AFY,SOI_RE,2020,2019,OPR_PFTS_TO_SAL,0,2020-03-31,RPT,20.3575
RBI:RATIO_LNGNFC_INDUS_ANN_RN(1.0),N_A,AFY,SOI_RE,2020,2019,TAX_PROV_TO_EBT,0,2020-03-31,RPT,12.1623
RBI:RATIO_LNGNFC_INDUS_ANN_RN(1.0),N_A,AFY,SOI_TCOMM,2020,2019,CSH_CVG_RATIO,0,2020-03-31,RPT,1.308887
RBI:RATIO_LNGNFC_INDUS_ANN_RN(1.0),N_A,AFY,SOI_TCOMM,2020,2019,EBITDA_TO_SAL,0,2020-03-31,RPT,34.9484
RBI:RATIO_LNGNFC_INDUS_ANN_RN(1.0),N_A,AFY,SOI_TCOMM,2020,2019,INT_TO_SAL,0,2020-03-31,RPT,26.7008
RBI:RATIO_LNGNFC_INDUS_ANN_RN(1.0),N_A,AFY,SOI_TCOMM,2020,2019,NET_PFT_TO_SAL,0,2020-03-31,RPT,-146.6155
RBI:RATIO_LNGNFC_INDUS_ANN_RN(1.0),N_A,AFY,SOI_TCOMM,2020,2019,OPR_PFTS_TO_SAL,0,2020-03-31,RPT,31.6587
RBI:RATIO_LNGNFC_INDUS_ANN_RN(1.0),N_A,AFY,SOI_TCOMM,2020,2019,TAX_PROV_TO_EBT,0,2020-03-31,RPT,34.7026
RBI:RATIO_LNGNFC_INDUS_ANN_RN(1.0),N_A,AFY,SOI_TSS,2020,2019,CSH_CVG_RATIO,0,2020-03-31,RPT,2.743586
RBI:RATIO_LNGNFC_INDUS_ANN_RN(1.0),N_A,AFY,SOI_TSS,2020,2019,EBITDA_TO_SAL,0,2020-03-31,RPT,14.3394
RBI:RATIO_LNGNFC_INDUS_ANN_RN(1.0),N_A,AFY,SOI_TSS,2020,2019,INT_BURDEN,0,2020-03-31,RPT,125.693
RBI:RATIO_LNGNFC_INDUS_ANN_RN(1.0),N_A,AFY,SOI_TSS,2020,2019,INT_CVG,0,2020-03-31,RPT,0.795589
RBI:RATIO_LNGNFC_INDUS_ANN_RN(1.0),N_A,AFY,SOI_TSS,2020,2019,INT_TO_SAL,0,2020-03-31,RPT,5.2265
RBI:RATIO_LNGNFC_INDUS_ANN_RN(1.0),N_A,AFY,SOI_TSS,2020,2019,NET_PFT_TO_SAL,0,2020-03-31,RPT,-7.2412
RBI:RATIO_LNGNFC_INDUS_ANN_RN(1.0),N_A,AFY,SOI_TSS,2020,2019,OPR_PFTS_TO_SAL,0,2020-03-31,RPT,10.121
RBI:RATIO_LNGNFC_INDUS_ANN_RN(1.0),N_A,AFY,SOI_TSS,2020,2019,TAX_PROV_TO_EBT,0,2020-03-31,RPT,24.6675
RBI:RATIO_LNGNFC_INDUS_ANN_RN(1.0),N_A,AFY,SOI_VTPB,2020,2019,CSH_CVG_RATIO,0,2020-03-31,RPT,6.406592
RBI:RATIO_LNGNFC_INDUS_ANN_RN(1.0),N_A,AFY,SOI_VTPB,2020,2019,EBITDA_TO_SAL,0,2020-03-31,RPT,33.1563
RBI:RATIO_LNGNFC_INDUS_ANN_RN(1.0),N_A,AFY,SOI_VTPB,2020,2019,INT_BURDEN,0,2020-03-31,RPT,21.7447
RBI:RATIO_LNGNFC_INDUS_ANN_RN(1.0),N_A,AFY,SOI_VTPB,2020,2019,INT_CVG,0,2020-03-31,RPT,4.598829
RBI:RATIO_LNGNFC_INDUS_ANN_RN(1.0),N_A,AFY,SOI_VTPB,2020,2019,INT_TO_SAL,0,2020-03-31,RPT,5.1753
RBI:RATIO_LNGNFC_INDUS_ANN_RN(1.0),N_A,AFY,SOI_VTPB,2020,2019,NET_PFT_TO_SAL,0,2020-03-31,RPT,4.3746
RBI:RATIO_LNGNFC_INDUS_ANN_RN(1.0),N_A,AFY,SOI_VTPB,2020,2019,OPR_PFTS_TO_SAL,0,2020-03-31,RPT,29.1252
RBI:RATIO_LNGNFC_INDUS_ANN_RN(1.0),N_A,AFY,SOI_VTPB,2020,2019,TAX_PROV_TO_EBT,0,2020-03-31,RPT,31.4749
RBI:RATIO_LNGNFC_INDUS_ANN_RN(1.0),N_A,AFY,SOI_WRT,2020,2019,CSH_CVG_RATIO,0,2020-03-31,RPT,4.403636
RBI:RATIO_LNGNFC_INDUS_ANN_RN(1.0),N_A,AFY,SOI_WRT,2020,2019,EBITDA_TO_SAL,0,2020-03-31,RPT,7.5049
RBI:RATIO_LNGNFC_INDUS_ANN_RN(1.0),N_A,AFY,SOI_WRT,2020,2019,INT_BURDEN,0,2020-03-31,RPT,31.5417
RBI:RATIO_LNGNFC_INDUS_ANN_RN(1.0),N_A,AFY,SOI_WRT,2020,2019,INT_CVG,0,2020-03-31,RPT,3.170402
RBI:RATIO_LNGNFC_INDUS_ANN_RN(1.0),N_A,AFY,SOI_WRT,2020,2019,INT_TO_SAL,0,2020-03-31,RPT,1.7043
RBI:RATIO_LNGNFC_INDUS_ANN_RN(1.0),N_A,AFY,SOI_WRT,2020,2019,NET_PFT_TO_SAL,0,2020-03-31,RPT,2.2332
RBI:RATIO_LNGNFC_INDUS_ANN_RN(1.0),N_A,AFY,SOI_WRT,2020,2019,OPR_PFTS_TO_SAL,0,2020-03-31,RPT,5.6694
RBI:RATIO_LNGNFC_INDUS_ANN_RN(1.0),N_A,AFY,SOI_WRT,2020,2019,TAX_PROV_TO_EBT,0,2020-03-31,RPT,24.4152
RBI:RATIO_LNGNFC_INDUS_ANN_RN(1.0),N_A,AFY,AGR_REL_ACT,2021,2020,CSH_CVG_RATIO,0,2021-03-31,RPT,4.586789
RBI:RATIO_LNGNFC_INDUS_ANN_RN(1.0),N_A,AFY,AGR_REL_ACT,2021,2020,EBITDA_TO_SAL,0,2021-03-31,RPT,15.0201
RBI:RATIO_LNGNFC_INDUS_ANN_RN(1.0),N_A,AFY,AGR_REL_ACT,2021,2020,INT_BURDEN,0,2021-03-31,RPT,26.3321
RBI:RATIO_LNGNFC_INDUS_ANN_RN(1.0),N_A,AFY,AGR_REL_ACT,2021,2020,INT_CVG,0,2021-03-31,RPT,3.797647
RBI:RATIO_LNGNFC_INDUS_ANN_RN(1.0),N_A,AFY,AGR_REL_ACT,2021,2020,INT_TO_SAL,0,2021-03-31,RPT,3.2746
RBI:RATIO_LNGNFC_INDUS_ANN_RN(1.0),N_A,AFY,AGR_REL_ACT,2021,2020,NET_PFT_TO_SAL,0,2021-03-31,RPT,7.7402
RBI:RATIO_LNGNFC_INDUS_ANN_RN(1.0),N_A,AFY,AGR_REL_ACT,2021,2020,OPR_PFTS_TO_SAL,0,2021-03-31,RPT,13.0929
RBI:RATIO_LNGNFC_INDUS_ANN_RN(1.0),N_A,AFY,AGR_REL_ACT,2021,2020,TAX_PROV_TO_EBT,0,2021-03-31,RPT,7.4852
RBI:RATIO_LNGNFC_INDUS_ANN_RN(1.0),N_A,AFY,AGR_REL_ACT_OTH,2021,2020,CSH_CVG_RATIO,0,2021-03-31,RPT,10.669429
RBI:RATIO_LNGNFC_INDUS_ANN_RN(1.0),N_A,AFY,AGR_REL_ACT_OTH,2021,2020,EBITDA_TO_SAL,0,2021-03-31,RPT,14.8365
RBI:RATIO_LNGNFC_INDUS_ANN_RN(1.0),N_A,AFY,AGR_REL_ACT_OTH,2021,2020,INT_BURDEN,0,2021-03-31,RPT,10.8198
RBI:RATIO_LNGNFC_INDUS_ANN_RN(1.0),N_A,AFY,AGR_REL_ACT_OTH,2021,2020,INT_CVG,0,2021-03-31,RPT,9.242312
RBI:RATIO_LNGNFC_INDUS_ANN_RN(1.0),N_A,AFY,AGR_REL_ACT_OTH,2021,2020,INT_TO_SAL,0,2021-03-31,RPT,1.3906
RBI:RATIO_LNGNFC_INDUS_ANN_RN(1.0),N_A,AFY,AGR_REL_ACT_OTH,2021,2020,NET_PFT_TO_SAL,0,2021-03-31,RPT,4.3102
RBI:RATIO_LNGNFC_INDUS_ANN_RN(1.0),N_A,AFY,AGR_REL_ACT_OTH,2021,2020,NET_PFT_TO_SAL,0,2021-03-31,RPT,9.4903
RBI:RATIO_LNGNFC_INDUS_ANN_RN(1.0),N_A,AFY,AGR_REL_ACT_OTH,2021,2020,OPR_PFTS_TO_SAL,0,2021-03-31,RPT,13.2091
RBI:RATIO_LNGNFC_INDUS_ANN_RN(1.0),N_A,AFY,AGR_REL_ACT_OTH,2021,2020,TAX_PROV_TO_EBT,0,2021-03-31,RPT,7.7696
RBI:RATIO_LNGNFC_INDUS_ANN_RN(1.0),N_A,AFY,ARA_TCP,2021,2020,CSH_CVG_RATIO,0,2021-03-31,RPT,2.20742
RBI:RATIO_LNGNFC_INDUS_ANN_RN(1.0),N_A,AFY,ARA_TCP,2021,2020,EBITDA_TO_SAL,0,2021-03-31,RPT,15.3799
RBI:RATIO_LNGNFC_INDUS_ANN_RN(1.0),N_A,AFY,ARA_TCP,2021,2020,INT_BURDEN,0,2021-03-31,RPT,59.9579
RBI:RATIO_LNGNFC_INDUS_ANN_RN(1.0),N_A,AFY,ARA_TCP,2021,2020,INT_CVG,0,2021-03-31,RPT,1.667838
RBI:RATIO_LNGNFC_INDUS_ANN_RN(1.0),N_A,AFY,ARA_TCP,2021,2020,INT_TO_SAL,0,2021-03-31,RPT,6.9673
RBI:RATIO_LNGNFC_INDUS_ANN_RN(1.0),N_A,AFY,ARA_TCP,2021,2020,OPR_PFTS_TO_SAL,0,2021-03-31,RPT,12.8653
RBI:RATIO_LNGNFC_INDUS_ANN_RN(1.0),N_A,AFY,ARA_TCP,2021,2020,TAX_PROV_TO_EBT,0,2021-03-31,RPT,6.2982
RBI:RATIO_LNGNFC_INDUS_ANN_RN(1.0),N_A,AFY,CONSTRN,2021,2020,CSH_CVG_RATIO,0,2021-03-31,RPT,1.935299
RBI:RATIO_LNGNFC_INDUS_ANN_RN(1.0),N_A,AFY,CONSTRN,2021,2020,EBITDA_TO_SAL,0,2021-03-31,RPT,18.7217
RBI:RATIO_LNGNFC_INDUS_ANN_RN(1.0),N_A,AFY,CONSTRN,2021,2020,INT_BURDEN,0,2021-03-31,RPT,59.8229
RBI:RATIO_LNGNFC_INDUS_ANN_RN(1.0),N_A,AFY,CONSTRN,2021,2020,INT_CVG,0,2021-03-31,RPT,1.671602
RBI:RATIO_LNGNFC_INDUS_ANN_RN(1.0),N_A,AFY,CONSTRN,2021,2020,INT_TO_SAL,0,2021-03-31,RPT,9.6738
RBI:RATIO_LNGNFC_INDUS_ANN_RN(1.0),N_A,AFY,CONSTRN,2021,2020,NET_PFT_TO_SAL,0,2021-03-31,RPT,3.219
RBI:RATIO_LNGNFC_INDUS_ANN_RN(1.0),N_A,AFY,CONSTRN,2021,2020,OPR_PFTS_TO_SAL,0,2021-03-31,RPT,9.5291
RBI:RATIO_LNGNFC_INDUS_ANN_RN(1.0),N_A,AFY,CONSTRN,2021,2020,TAX_PROV_TO_EBT,0,2021-03-31,RPT,13.4996
RBI:RATIO_LNGNFC_INDUS_ANN_RN(1.0),N_A,AFY,ELC_GAS_SPLY,2021,2020,CSH_CVG_RATIO,0,2021-03-31,RPT,2.990868
RBI:RATIO_LNGNFC_INDUS_ANN_RN(1.0),N_A,AFY,ELC_GAS_SPLY,2021,2020,EBITDA_TO_SAL,0,2021-03-31,RPT,36.387
RBI:RATIO_LNGNFC_INDUS_ANN_RN(1.0),N_A,AFY,ELC_GAS_SPLY,2021,2020,INT_BURDEN,0,2021-03-31,RPT,44.3405
RBI:RATIO_LNGNFC_INDUS_ANN_RN(1.0),N_A,AFY,ELC_GAS_SPLY,2021,2020,INT_CVG,0,2021-03-31,RPT,2.255273
RBI:RATIO_LNGNFC_INDUS_ANN_RN(1.0),N_A,AFY,ELC_GAS_SPLY,2021,2020,INT_TO_SAL,0,2021-03-31,RPT,12.166
RBI:RATIO_LNGNFC_INDUS_ANN_RN(1.0),N_A,AFY,ELC_GAS_SPLY,2021,2020,NET_PFT_TO_SAL,0,2021-03-31,RPT,12.681
RBI:RATIO_LNGNFC_INDUS_ANN_RN(1.0),N_A,AFY,ELC_GAS_SPLY,2021,2020,OPR_PFTS_TO_SAL,0,2021-03-31,RPT,26.3012
RBI:RATIO_LNGNFC_INDUS_ANN_RN(1.0),N_A,AFY,ELC_GAS_SPLY,2021,2020,TAX_PROV_TO_EBT,0,2021-03-31,RPT,18.4046
RBI:RATIO_LNGNFC_INDUS_ANN_RN(1.0),N_A,AFY,INDS_GRP_ALL_COMP,2021,2020,CSH_CVG_RATIO,0,2021-03-31,RPT,5.018509
RBI:RATIO_LNGNFC_INDUS_ANN_RN(1.0),N_A,AFY,INDS_GRP_ALL_COMP,2021,2020,EBITDA_TO_SAL,0,2021-03-31,RPT,21.4718
RBI:RATIO_LNGNFC_INDUS_ANN_RN(1.0),N_A,AFY,INDS_GRP_ALL_COMP,2021,2020,INT_BURDEN,0,2021-03-31,RPT,26.7008
RBI:RATIO_LNGNFC_INDUS_ANN_RN(1.0),N_A,AFY,INDS_GRP_ALL_COMP,2021,2020,INT_CVG,0,2021-03-31,RPT,3.745203
RBI:RATIO_LNGNFC_INDUS_ANN_RN(1.0),N_A,AFY,INDS_GRP_ALL_COMP,2021,2020,INT_TO_SAL,0,2021-03-31,RPT,4.2785
RBI:RATIO_LNGNFC_INDUS_ANN_RN(1.0),N_A,AFY,INDS_GRP_ALL_COMP,2021,2020,NET_PFT_TO_SAL,0,2021-03-31,RPT,7.1674
RBI:RATIO_LNGNFC_INDUS_ANN_RN(1.0),N_A,AFY,INDS_GRP_ALL_COMP,2021,2020,OPR_PFTS_TO_SAL,0,2021-03-31,RPT,17.5775
RBI:RATIO_LNGNFC_INDUS_ANN_RN(1.0),N_A,AFY,INDS_GRP_ALL_COMP,2021,2020,TAX_PROV_TO_EBT,0,2021-03-31,RPT,20.3872
RBI:RATIO_LNGNFC_INDUS_ANN_RN(1.0),N_A,AFY,IT_CSRS,2021,2020,CSH_CVG_RATIO,0,2021-03-31,RPT,57.095095
RBI:RATIO_LNGNFC_INDUS_ANN_RN(1.0),N_A,AFY,IT_CSRS,2021,2020,EBITDA_TO_SAL,0,2021-03-31,RPT,30.858
RBI:RATIO_LNGNFC_INDUS_ANN_RN(1.0),N_A,AFY,IT_CSRS,2021,2020,INT_BURDEN,0,2021-03-31,RPT,1.9472
RBI:RATIO_LNGNFC_INDUS_ANN_RN(1.0),N_A,AFY,IT_CSRS,2021,2020,INT_CVG,0,2021-03-31,RPT,51.354747
RBI:RATIO_LNGNFC_INDUS_ANN_RN(1.0),N_A,AFY,IT_CSRS,2021,2020,INT_TO_SAL,0,2021-03-31,RPT,0.5405
RBI:RATIO_LNGNFC_INDUS_ANN_RN(1.0),N_A,AFY,IT_CSRS,2021,2020,NET_PFT_TO_SAL,0,2021-03-31,RPT,20.8452
RBI:RATIO_LNGNFC_INDUS_ANN_RN(1.0),N_A,AFY,IT_CSRS,2021,2020,OPR_PFTS_TO_SAL,0,2021-03-31,RPT,27.245
RBI:RATIO_LNGNFC_INDUS_ANN_RN(1.0),N_A,AFY,IT_CSRS,2021,2020,TAX_PROV_TO_EBT,0,2021-03-31,RPT,23.8608
RBI:RATIO_LNGNFC_INDUS_ANN_RN(1.0),N_A,AFY,MIN_N_QUARY,2021,2020,CSH_CVG_RATIO,0,2021-03-31,RPT,10.549079
RBI:RATIO_LNGNFC_INDUS_ANN_RN(1.0),N_A,AFY,MIN_N_QUARY,2021,2020,EBITDA_TO_SAL,0,2021-03-31,RPT,18.6019
RBI:RATIO_LNGNFC_INDUS_ANN_RN(1.0),N_A,AFY,MIN_N_QUARY,2021,2020,INT_BURDEN,0,2021-03-31,RPT,11.6374
RBI:RATIO_LNGNFC_INDUS_ANN_RN(1.0),N_A,AFY,MIN_N_QUARY,2021,2020,INT_CVG,0,2021-03-31,RPT,8.593004
RBI:RATIO_LNGNFC_INDUS_ANN_RN(1.0),N_A,AFY,MIN_N_QUARY,2021,2020,INT_TO_SAL,0,2021-03-31,RPT,1.7634
RBI:RATIO_LNGNFC_INDUS_ANN_RN(1.0),N_A,AFY,MIN_N_QUARY,2021,2020,NET_PFT_TO_SAL,0,2021-03-31,RPT,10.0026
RBI:RATIO_LNGNFC_INDUS_ANN_RN(1.0),N_A,AFY,MIN_N_QUARY,2021,2020,OPR_PFTS_TO_SAL,0,2021-03-31,RPT,16.7433
RBI:RATIO_LNGNFC_INDUS_ANN_RN(1.0),N_A,AFY,MIN_N_QUARY,2021,2020,TAX_PROV_TO_EBT,0,2021-03-31,RPT,25.4
RBI:RATIO_LNGNFC_INDUS_ANN_RN(1.0),N_A,AFY,MNF,2021,2020,CSH_CVG_RATIO,0,2021-03-31,RPT,6.37072
RBI:RATIO_LNGNFC_INDUS_ANN_RN(1.0),N_A,AFY,MNF,2021,2020,EBITDA_TO_SAL,0,2021-03-31,RPT,19.3793
RBI:RATIO_LNGNFC_INDUS_ANN_RN(1.0),N_A,AFY,MNF,2021,2020,INT_BURDEN,0,2021-03-31,RPT,20.0078
RBI:RATIO_LNGNFC_INDUS_ANN_RN(1.0),N_A,AFY,MNF,2021,2020,INT_CVG,0,2021-03-31,RPT,4.998052
RBI:RATIO_LNGNFC_INDUS_ANN_RN(1.0),N_A,AFY,MNF,2021,2020,INT_TO_SAL,0,2021-03-31,RPT,3.0419
RBI:RATIO_LNGNFC_INDUS_ANN_RN(1.0),N_A,AFY,MNF,2021,2020,NET_PFT_TO_SAL,0,2021-03-31,RPT,9.337
RBI:RATIO_LNGNFC_INDUS_ANN_RN(1.0),N_A,AFY,MNF,2021,2020,OPR_PFTS_TO_SAL,0,2021-03-31,RPT,16.0956
RBI:RATIO_LNGNFC_INDUS_ANN_RN(1.0),N_A,AFY,MNF,2021,2020,TAX_PROV_TO_EBT,0,2021-03-31,RPT,19.3566
RBI:RATIO_LNGNFC_INDUS_ANN_RN(1.0),N_A,AFY,MNF_CCP,2021,2020,CSH_CVG_RATIO,0,2021-03-31,RPT,9.123878
RBI:RATIO_LNGNFC_INDUS_ANN_RN(1.0),N_A,AFY,MNF_CCP,2021,2020,EBITDA_TO_SAL,0,2021-03-31,RPT,24.8092
RBI:RATIO_LNGNFC_INDUS_ANN_RN(1.0),N_A,AFY,MNF_CCP,2021,2020,INT_BURDEN,0,2021-03-31,RPT,13.9554
RBI:RATIO_LNGNFC_INDUS_ANN_RN(1.0),N_A,AFY,MNF_CCP,2021,2020,INT_CVG,0,2021-03-31,RPT,7.165667
RBI:RATIO_LNGNFC_INDUS_ANN_RN(1.0),N_A,AFY,MNF_CCP,2021,2020,INT_TO_SAL,0,2021-03-31,RPT,2.7191
RBI:RATIO_LNGNFC_INDUS_ANN_RN(1.0),N_A,AFY,MNF_CCP,2021,2020,NET_PFT_TO_SAL,0,2021-03-31,RPT,11.8123
RBI:RATIO_LNGNFC_INDUS_ANN_RN(1.0),N_A,AFY,MNF_CCP,2021,2020,OPR_PFTS_TO_SAL,0,2021-03-31,RPT,22.7812
RBI:RATIO_LNGNFC_INDUS_ANN_RN(1.0),N_A,AFY,MNF_CCP,2021,2020,TAX_PROV_TO_EBT,0,2021-03-31,RPT,21.7187
RBI:RATIO_LNGNFC_INDUS_ANN_RN(1.0),N_A,AFY,MNF_CEE,2021,2020,CSH_CVG_RATIO,0,2021-03-31,RPT,4.249825
RBI:RATIO_LNGNFC_INDUS_ANN_RN(1.0),N_A,AFY,MNF_CEE,2021,2020,EBITDA_TO_SAL,0,2021-03-31,RPT,8.8474
RBI:RATIO_LNGNFC_INDUS_ANN_RN(1.0),N_A,AFY,MNF_CEE,2021,2020,INT_BURDEN,0,2021-03-31,RPT,28.0613
RBI:RATIO_LNGNFC_INDUS_ANN_RN(1.0),N_A,AFY,MNF_CEE,2021,2020,INT_CVG,0,2021-03-31,RPT,3.563626
RBI:RATIO_LNGNFC_INDUS_ANN_RN(1.0),N_A,AFY,MNF_CEE,2021,2020,INT_TO_SAL,0,2021-03-31,RPT,2.0818
RBI:RATIO_LNGNFC_INDUS_ANN_RN(1.0),N_A,AFY,MNF_CEE,2021,2020,NET_PFT_TO_SAL,0,2021-03-31,RPT,3.2548
RBI:RATIO_LNGNFC_INDUS_ANN_RN(1.0),N_A,AFY,MNF_CEE,2021,2020,OPR_PFTS_TO_SAL,0,2021-03-31,RPT,7.6918
RBI:RATIO_LNGNFC_INDUS_ANN_RN(1.0),N_A,AFY,MNF_CEE,2021,2020,TAX_PROV_TO_EBT,0,2021-03-31,RPT,25.0239
RBI:RATIO_LNGNFC_INDUS_ANN_RN(1.0),N_A,AFY,MNF_CHM_PRD,2021,2020,CSH_CVG_RATIO,0,2021-03-31,RPT,12.630506
RBI:RATIO_LNGNFC_INDUS_ANN_RN(1.0),N_A,AFY,MNF_CHM_PRD,2021,2020,EBITDA_TO_SAL,0,2021-03-31,RPT,18.9795
RBI:RATIO_LNGNFC_INDUS_ANN_RN(1.0),N_A,AFY,MNF_CHM_PRD,2021,2020,INT_BURDEN,0,2021-03-31,RPT,9.7398
RBI:RATIO_LNGNFC_INDUS_ANN_RN(1.0),N_A,AFY,MNF_CHM_PRD,2021,2020,INT_CVG,0,2021-03-31,RPT,10.267163
RBI:RATIO_LNGNFC_INDUS_ANN_RN(1.0),N_A,AFY,MNF_CHM_PRD,2021,2020,INT_TO_SAL,0,2021-03-31,RPT,1.5027
RBI:RATIO_LNGNFC_INDUS_ANN_RN(1.0),N_A,AFY,MNF_CHM_PRD,2021,2020,NET_PFT_TO_SAL,0,2021-03-31,RPT,10.1959
RBI:RATIO_LNGNFC_INDUS_ANN_RN(1.0),N_A,AFY,MNF_CHM_PRD,2021,2020,OPR_PFTS_TO_SAL,0,2021-03-31,RPT,17.1548
RBI:RATIO_LNGNFC_INDUS_ANN_RN(1.0),N_A,AFY,MNF_CHM_PRD,2021,2020,TAX_PROV_TO_EBT,0,2021-03-31,RPT,25.7115
RBI:RATIO_LNGNFC_INDUS_ANN_RN(1.0),N_A,AFY,MNF_CP_BASIC,2021,2020,CSH_CVG_RATIO,0,2021-03-31,RPT,11.582904
RBI:RATIO_LNGNFC_INDUS_ANN_RN(1.0),N_A,AFY,MNF_CP_BASIC,2021,2020,EBITDA_TO_SAL,0,2021-03-31,RPT,20.0202
RBI:RATIO_LNGNFC_INDUS_ANN_RN(1.0),N_A,AFY,MNF_CP_BASIC,2021,2020,INT_BURDEN,0,2021-03-31,RPT,10.7701
RBI:RATIO_LNGNFC_INDUS_ANN_RN(1.0),N_A,AFY,MNF_CP_BASIC,2021,2020,INT_CVG,0,2021-03-31,RPT,9.284992
RBI:RATIO_LNGNFC_INDUS_ANN_RN(1.0),N_A,AFY,MNF_CP_BASIC,2021,2020,INT_TO_SAL,0,2021-03-31,RPT,1.7284
RBI:RATIO_LNGNFC_INDUS_ANN_RN(1.0),N_A,AFY,MNF_CP_BASIC,2021,2020,NET_PFT_TO_SAL,0,2021-03-31,RPT,10.1178
RBI:RATIO_LNGNFC_INDUS_ANN_RN(1.0),N_A,AFY,MNF_CP_BASIC,2021,2020,OPR_PFTS_TO_SAL,0,2021-03-31,RPT,17.9238
RBI:RATIO_LNGNFC_INDUS_ANN_RN(1.0),N_A,AFY,MNF_CP_BASIC,2021,2020,TAX_PROV_TO_EBT,0,2021-03-31,RPT,30.283
RBI:RATIO_LNGNFC_INDUS_ANN_RN(1.0),N_A,AFY,MNF_CP_FNP,2021,2020,CSH_CVG_RATIO,0,2021-03-31,RPT,7.19837
RBI:RATIO_LNGNFC_INDUS_ANN_RN(1.0),N_A,AFY,MNF_CP_FNP,2021,2020,EBITDA_TO_SAL,0,2021-03-31,RPT,15.5396
RBI:RATIO_LNGNFC_INDUS_ANN_RN(1.0),N_A,AFY,MNF_CP_FNP,2021,2020,INT_BURDEN,0,2021-03-31,RPT,16.6127
RBI:RATIO_LNGNFC_INDUS_ANN_RN(1.0),N_A,AFY,MNF_CP_FNP,2021,2020,INT_CVG,0,2021-03-31,RPT,6.019489
RBI:RATIO_LNGNFC_INDUS_ANN_RN(1.0),N_A,AFY,MNF_CP_FNP,2021,2020,INT_TO_SAL,0,2021-03-31,RPT,2.1588
RBI:RATIO_LNGNFC_INDUS_ANN_RN(1.0),N_A,AFY,MNF_CP_FNP,2021,2020,NET_PFT_TO_SAL,0,2021-03-31,RPT,7.4327
RBI:RATIO_LNGNFC_INDUS_ANN_RN(1.0),N_A,AFY,MNF_CP_FNP,2021,2020,OPR_PFTS_TO_SAL,0,2021-03-31,RPT,14.1462
RBI:RATIO_LNGNFC_INDUS_ANN_RN(1.0),N_A,AFY,MNF_CP_FNP,2021,2020,TAX_PROV_TO_EBT,0,2021-03-31,RPT,20.6587
RBI:RATIO_LNGNFC_INDUS_ANN_RN(1.0),N_A,AFY,MNF_CP_OTH,2021,2020,CSH_CVG_RATIO,0,2021-03-31,RPT,14.520061
RBI:RATIO_LNGNFC_INDUS_ANN_RN(1.0),N_A,AFY,MNF_CP_OTH,2021,2020,EBITDA_TO_SAL,0,2021-03-31,RPT,19.183
RBI:RATIO_LNGNFC_INDUS_ANN_RN(1.0),N_A,AFY,MNF_CP_OTH,2021,2020,INT_BURDEN,0,2021-03-31,RPT,8.6223
RBI:RATIO_LNGNFC_INDUS_ANN_RN(1.0),N_A,AFY,MNF_CP_OTH,2021,2020,INT_CVG,0,2021-03-31,RPT,11.597868
RBI:RATIO_LNGNFC_INDUS_ANN_RN(1.0),N_A,AFY,MNF_CP_OTH,2021,2020,INT_TO_SAL,0,2021-03-31,RPT,1.3211
RBI:RATIO_LNGNFC_INDUS_ANN_RN(1.0),N_A,AFY,MNF_CP_OTH,2021,2020,NET_PFT_TO_SAL,0,2021-03-31,RPT,10.6614
RBI:RATIO_LNGNFC_INDUS_ANN_RN(1.0),N_A,AFY,MNF_CP_OTH,2021,2020,OPR_PFTS_TO_SAL,0,2021-03-31,RPT,17.2128
RBI:RATIO_LNGNFC_INDUS_ANN_RN(1.0),N_A,AFY,MNF_CP_OTH,2021,2020,TAX_PROV_TO_EBT,0,2021-03-31,RPT,24.838
RBI:RATIO_LNGNFC_INDUS_ANN_RN(1.0),N_A,AFY,MNF_CP_PNV,2021,2020,CSH_CVG_RATIO,0,2021-03-31,RPT,48.879598
RBI:RATIO_LNGNFC_INDUS_ANN_RN(1.0),N_A,AFY,MNF_CP_PNV,2021,2020,EBITDA_TO_SAL,0,2021-03-31,RPT,22.2497
RBI:RATIO_LNGNFC_INDUS_ANN_RN(1.0),N_A,AFY,MNF_CP_PNV,2021,2020,INT_BURDEN,0,2021-03-31,RPT,2.4203
RBI:RATIO_LNGNFC_INDUS_ANN_RN(1.0),N_A,AFY,MNF_CP_PNV,2021,2020,INT_CVG,0,2021-03-31,RPT,41.317152
RBI:RATIO_LNGNFC_INDUS_ANN_RN(1.0),N_A,AFY,MNF_CP_PNV,2021,2020,INT_TO_SAL,0,2021-03-31,RPT,0.4552
RBI:RATIO_LNGNFC_INDUS_ANN_RN(1.0),N_A,AFY,MNF_CP_PNV,2021,2020,NET_PFT_TO_SAL,0,2021-03-31,RPT,13.7534
RBI:RATIO_LNGNFC_INDUS_ANN_RN(1.0),N_A,AFY,MNF_CP_PNV,2021,2020,OPR_PFTS_TO_SAL,0,2021-03-31,RPT,20.7068
RBI:RATIO_LNGNFC_INDUS_ANN_RN(1.0),N_A,AFY,MNF_CP_PNV,2021,2020,TAX_PROV_TO_EBT,0,2021-03-31,RPT,26.1592
RBI:RATIO_LNGNFC_INDUS_ANN_RN(1.0),N_A,AFY,MNF_EMA,2021,2020,CSH_CVG_RATIO,0,2021-03-31,RPT,5.262825
RBI:RATIO_LNGNFC_INDUS_ANN_RN(1.0),N_A,AFY,MNF_EMA,2021,2020,EBITDA_TO_SAL,0,2021-03-31,RPT,12.1947
RBI:RATIO_LNGNFC_INDUS_ANN_RN(1.0),N_A,AFY,MNF_EMA,2021,2020,INT_BURDEN,0,2021-03-31,RPT,24.1986
RBI:RATIO_LNGNFC_INDUS_ANN_RN(1.0),N_A,AFY,MNF_EMA,2021,2020,INT_CVG,0,2021-03-31,RPT,4.132474
RBI:RATIO_LNGNFC_INDUS_ANN_RN(1.0),N_A,AFY,MNF_EMA,2021,2020,INT_TO_SAL,0,2021-03-31,RPT,2.3171
RBI:RATIO_LNGNFC_INDUS_ANN_RN(1.0),N_A,AFY,MNF_EMA,2021,2020,NET_PFT_TO_SAL,0,2021-03-31,RPT,5.4551
RBI:RATIO_LNGNFC_INDUS_ANN_RN(1.0),N_A,AFY,MNF_EMA,2021,2020,OPR_PFTS_TO_SAL,0,2021-03-31,RPT,10.5239
RBI:RATIO_LNGNFC_INDUS_ANN_RN(1.0),N_A,AFY,MNF_EMA,2021,2020,TAX_PROV_TO_EBT,0,2021-03-31,RPT,23.4795
RBI:RATIO_LNGNFC_INDUS_ANN_RN(1.0),N_A,AFY,MNF_FMP,2021,2020,CSH_CVG_RATIO,0,2021-03-31,RPT,9.561007
RBI:RATIO_LNGNFC_INDUS_ANN_RN(1.0),N_A,AFY,MNF_FMP,2021,2020,EBITDA_TO_SAL,0,2021-03-31,RPT,15.9596
RBI:RATIO_LNGNFC_INDUS_ANN_RN(1.0),N_A,AFY,MNF_FMP,2021,2020,INT_BURDEN,0,2021-03-31,RPT,15.8161
RBI:RATIO_LNGNFC_INDUS_ANN_RN(1.0),N_A,AFY,MNF_FMP,2021,2020,INT_CVG,0,2021-03-31,RPT,6.32269
RBI:RATIO_LNGNFC_INDUS_ANN_RN(1.0),N_A,AFY,MNF_FMP,2021,2020,INT_TO_SAL,0,2021-03-31,RPT,1.6692
RBI:RATIO_LNGNFC_INDUS_ANN_RN(1.0),N_A,AFY,MNF_FMP,2021,2020,NET_PFT_TO_SAL,0,2021-03-31,RPT,5.2924
RBI:RATIO_LNGNFC_INDUS_ANN_RN(1.0),N_A,AFY,MNF_FMP,2021,2020,OPR_PFTS_TO_SAL,0,2021-03-31,RPT,13.7789
RBI:RATIO_LNGNFC_INDUS_ANN_RN(1.0),N_A,AFY,MNF_FMP,2021,2020,TAX_PROV_TO_EBT,0,2021-03-31,RPT,21.2328
RBI:RATIO_LNGNFC_INDUS_ANN_RN(1.0),N_A,AFY,MNF_FPB,2021,2020,CSH_CVG_RATIO,0,2021-03-31,RPT,4.953413
RBI:RATIO_LNGNFC_INDUS_ANN_RN(1.0),N_A,AFY,MNF_FPB,2021,2020,EBITDA_TO_SAL,0,2021-03-31,RPT,12.8929
RBI:RATIO_LNGNFC_INDUS_ANN_RN(1.0),N_A,AFY,MNF_FPB,2021,2020,INT_BURDEN,0,2021-03-31,RPT,24.8524
RBI:RATIO_LNGNFC_INDUS_ANN_RN(1.0),N_A,AFY,MNF_FPB,2021,2020,INT_CVG,0,2021-03-31,RPT,4.023754
RBI:RATIO_LNGNFC_INDUS_ANN_RN(1.0),N_A,AFY,MNF_FPB,2021,2020,INT_TO_SAL,0,2021-03-31,RPT,2.6028
RBI:RATIO_LNGNFC_INDUS_ANN_RN(1.0),N_A,AFY,MNF_FPB,2021,2020,NET_PFT_TO_SAL,0,2021-03-31,RPT,5.9407
RBI:RATIO_LNGNFC_INDUS_ANN_RN(1.0),N_A,AFY,MNF_FPB,2021,2020,OPR_PFTS_TO_SAL,0,2021-03-31,RPT,11.2675
RBI:RATIO_LNGNFC_INDUS_ANN_RN(1.0),N_A,AFY,MNF_FPB,2021,2020,TAX_PROV_TO_EBT,0,2021-03-31,RPT,22.1555
RBI:RATIO_LNGNFC_INDUS_ANN_RN(1.0),N_A,AFY,MNF_FPB_DAIRY_PRD,2021,2020,CSH_CVG_RATIO,0,2021-03-31,RPT,3.179285
RBI:RATIO_LNGNFC_INDUS_ANN_RN(1.0),N_A,AFY,MNF_FPB_DAIRY_PRD,2021,2020,EBITDA_TO_SAL,0,2021-03-31,RPT,17.4372
RBI:RATIO_LNGNFC_INDUS_ANN_RN(1.0),N_A,AFY,MNF_FPB_DAIRY_PRD,2021,2020,INT_BURDEN,0,2021-03-31,RPT,39.0605
RBI:RATIO_LNGNFC_INDUS_ANN_RN(1.0),N_A,AFY,MNF_FPB_DAIRY_PRD,2021,2020,INT_CVG,0,2021-03-31,RPT,2.56013
RBI:RATIO_LNGNFC_INDUS_ANN_RN(1.0),N_A,AFY,MNF_FPB_DAIRY_PRD,2021,2020,INT_TO_SAL,0,2021-03-31,RPT,5.4846
RBI:RATIO_LNGNFC_INDUS_ANN_RN(1.0),N_A,AFY,MNF_FPB_DAIRY_PRD,2021,2020,NET_PFT_TO_SAL,0,2021-03-31,RPT,4.0654
RBI:RATIO_LNGNFC_INDUS_ANN_RN(1.0),N_A,AFY,MNF_FPB_DAIRY_PRD,2021,2020,OPR_PFTS_TO_SAL,0,2021-03-31,RPT,16.5952
RBI:RATIO_LNGNFC_INDUS_ANN_RN(1.0),N_A,AFY,MNF_FPB_DAIRY_PRD,2021,2020,TAX_PROV_TO_EBT,0,2021-03-31,RPT,28.0254
RBI:RATIO_LNGNFC_INDUS_ANN_RN(1.0),N_A,AFY,MNF_FPB_EDD_OIL,2021,2020,CSH_CVG_RATIO,0,2021-03-31,RPT,7.167624
RBI:RATIO_LNGNFC_INDUS_ANN_RN(1.0),N_A,AFY,MNF_FPB_EDD_OIL,2021,2020,EBITDA_TO_SAL,0,2021-03-31,RPT,8.4121
RBI:RATIO_LNGNFC_INDUS_ANN_RN(1.0),N_A,AFY,MNF_FPB_EDD_OIL,2021,2020,INT_BURDEN,0,2021-03-31,RPT,15.8808
RBI:RATIO_LNGNFC_INDUS_ANN_RN(1.0),N_A,AFY,MNF_FPB_EDD_OIL,2021,2020,INT_CVG,0,2021-03-31,RPT,6.296893
RBI:RATIO_LNGNFC_INDUS_ANN_RN(1.0),N_A,AFY,MNF_FPB_EDD_OIL,2021,2020,INT_TO_SAL,0,2021-03-31,RPT,1.1736
RBI:RATIO_LNGNFC_INDUS_ANN_RN(1.0),N_A,AFY,MNF_FPB_EDD_OIL,2021,2020,NET_PFT_TO_SAL,0,2021-03-31,RPT,5.4532
RBI:RATIO_LNGNFC_INDUS_ANN_RN(1.0),N_A,AFY,MNF_FPB_EDD_OIL,2021,2020,OPR_PFTS_TO_SAL,0,2021-03-31,RPT,7.2623
RBI:RATIO_LNGNFC_INDUS_ANN_RN(1.0),N_A,AFY,MNF_FPB_EDD_OIL,2021,2020,TAX_PROV_TO_EBT,0,2021-03-31,RPT,17.1609
RBI:RATIO_LNGNFC_INDUS_ANN_RN(1.0),N_A,AFY,MNF_FPB_ESGR,2021,2020,CSH_CVG_RATIO,0,2021-03-31,RPT,3.005777
RBI:RATIO_LNGNFC_INDUS_ANN_RN(1.0),N_A,AFY,MNF_FPB_ESGR,2021,2020,EBITDA_TO_SAL,0,2021-03-31,RPT,11.2614
RBI:RATIO_LNGNFC_INDUS_ANN_RN(1.0),N_A,AFY,MNF_FPB_ESGR,2021,2020,INT_BURDEN,0,2021-03-31,RPT,44.1557
RBI:RATIO_LNGNFC_INDUS_ANN_RN(1.0),N_A,AFY,MNF_FPB_ESGR,2021,2020,INT_CVG,0,2021-03-31,RPT,2.264712
RBI:RATIO_LNGNFC_INDUS_ANN_RN(1.0),N_A,AFY,MNF_FPB_ESGR,2021,2020,INT_TO_SAL,0,2021-03-31,RPT,3.7466
RBI:RATIO_LNGNFC_INDUS_ANN_RN(1.0),N_A,AFY,MNF_FPB_ESGR,2021,2020,NET_PFT_TO_SAL,0,2021-03-31,RPT,4.8441
RBI:RATIO_LNGNFC_INDUS_ANN_RN(1.0),N_A,AFY,MNF_FPB_ESGR,2021,2020,OPR_PFTS_TO_SAL,0,2021-03-31,RPT,9.3691
RBI:RATIO_LNGNFC_INDUS_ANN_RN(1.0),N_A,AFY,MNF_FPB_ESGR,2021,2020,TAX_PROV_TO_EBT,0,2021-03-31,RPT,19.3214
RBI:RATIO_LNGNFC_INDUS_ANN_RN(1.0),N_A,AFY,MNF_FPB_OFP,2021,2020,CSH_CVG_RATIO,0,2021-03-31,RPT,9.396383
RBI:RATIO_LNGNFC_INDUS_ANN_RN(1.0),N_A,AFY,MNF_FPB_OFP,2021,2020,EBITDA_TO_SAL,0,2021-03-31,RPT,15.3309
RBI:RATIO_LNGNFC_INDUS_ANN_RN(1.0),N_A,AFY,MNF_FPB_OFP,2021,2020,INT_BURDEN,0,2021-03-31,RPT,12.9127
RBI:RATIO_LNGNFC_INDUS_ANN_RN(1.0),N_A,AFY,MNF_FPB_OFP,2021,2020,INT_CVG,0,2021-03-31,RPT,7.744296
RBI:RATIO_LNGNFC_INDUS_ANN_RN(1.0),N_A,AFY,MNF_FPB_OFP,2021,2020,INT_TO_SAL,0,2021-03-31,RPT,1.6316
RBI:RATIO_LNGNFC_INDUS_ANN_RN(1.0),N_A,AFY,MNF_FPB_OFP,2021,2020,NET_PFT_TO_SAL,0,2021-03-31,RPT,7.7371
RBI:RATIO_LNGNFC_INDUS_ANN_RN(1.0),N_A,AFY,MNF_FPB_OFP,2021,2020,OPR_PFTS_TO_SAL,0,2021-03-31,RPT,13.3201
RBI:RATIO_LNGNFC_INDUS_ANN_RN(1.0),N_A,AFY,MNF_FPB_OFP,2021,2020,TAX_PROV_TO_EBT,0,2021-03-31,RPT,22.3798
RBI:RATIO_LNGNFC_INDUS_ANN_RN(1.0),N_A,AFY,MNF_GGP,2021,2020,CSH_CVG_RATIO,0,2021-03-31,RPT,2.291669
RBI:RATIO_LNGNFC_INDUS_ANN_RN(1.0),N_A,AFY,MNF_GGP,2021,2020,EBITDA_TO_SAL,0,2021-03-31,RPT,15.6435
RBI:RATIO_LNGNFC_INDUS_ANN_RN(1.0),N_A,AFY,MNF_GGP,2021,2020,INT_BURDEN,0,2021-03-31,RPT,71.59
RBI:RATIO_LNGNFC_INDUS_ANN_RN(1.0),N_A,AFY,MNF_GGP,2021,2020,INT_CVG,0,2021-03-31,RPT,1.396843
RBI:RATIO_LNGNFC_INDUS_ANN_RN(1.0),N_A,AFY,MNF_GGP,2021,2020,INT_TO_SAL,0,2021-03-31,RPT,6.8263
RBI:RATIO_LNGNFC_INDUS_ANN_RN(1.0),N_A,AFY,MNF_GGP,2021,2020,NET_PFT_TO_SAL,0,2021-03-31,RPT,-0.1275
RBI:RATIO_LNGNFC_INDUS_ANN_RN(1.0),N_A,AFY,MNF_GGP,2021,2020,OPR_PFTS_TO_SAL,0,2021-03-31,RPT,14.1522
RBI:RATIO_LNGNFC_INDUS_ANN_RN(1.0),N_A,AFY,MNF_GGP,2021,2020,TAX_PROV_TO_EBT,0,2021-03-31,RPT,32.5957
RBI:RATIO_LNGNFC_INDUS_ANN_RN(1.0),N_A,AFY,MNF_INS,2021,2020,CSH_CVG_RATIO,0,2021-03-31,RPT,4.927548
RBI:RATIO_LNGNFC_INDUS_ANN_RN(1.0),N_A,AFY,MNF_INS,2021,2020,EBITDA_TO_SAL,0,2021-03-31,RPT,24.984
RBI:RATIO_LNGNFC_INDUS_ANN_RN(1.0),N_A,AFY,MNF_INS,2021,2020,INT_BURDEN,0,2021-03-31,RPT,25.4393
RBI:RATIO_LNGNFC_INDUS_ANN_RN(1.0),N_A,AFY,MNF_INS,2021,2020,INT_CVG,0,2021-03-31,RPT,3.930922
RBI:RATIO_LNGNFC_INDUS_ANN_RN(1.0),N_A,AFY,MNF_INS,2021,2020,INT_TO_SAL,0,2021-03-31,RPT,5.0703
RBI:RATIO_LNGNFC_INDUS_ANN_RN(1.0),N_A,AFY,MNF_INS,2021,2020,NET_PFT_TO_SAL,0,2021-03-31,RPT,11.513
RBI:RATIO_LNGNFC_INDUS_ANN_RN(1.0),N_A,AFY,MNF_INS,2021,2020,OPR_PFTS_TO_SAL,0,2021-03-31,RPT,23.2576
RBI:RATIO_LNGNFC_INDUS_ANN_RN(1.0),N_A,AFY,MNF_INS,2021,2020,TAX_PROV_TO_EBT,0,2021-03-31,RPT,17.6291
RBI:RATIO_LNGNFC_INDUS_ANN_RN(1.0),N_A,AFY,MNF_JRA,2021,2020,CSH_CVG_RATIO,0,2021-03-31,RPT,4.242742
RBI:RATIO_LNGNFC_INDUS_ANN_RN(1.0),N_A,AFY,MNF_JRA,2021,2020,EBITDA_TO_SAL,0,2021-03-31,RPT,8.0853
RBI:RATIO_LNGNFC_INDUS_ANN_RN(1.0),N_A,AFY,MNF_JRA,2021,2020,INT_BURDEN,0,2021-03-31,RPT,27.6743
RBI:RATIO_LNGNFC_INDUS_ANN_RN(1.0),N_A,AFY,MNF_JRA,2021,2020,INT_CVG,0,2021-03-31,RPT,3.613457
RBI:RATIO_LNGNFC_INDUS_ANN_RN(1.0),N_A,AFY,MNF_JRA,2021,2020,INT_TO_SAL,0,2021-03-31,RPT,1.9057
RBI:RATIO_LNGNFC_INDUS_ANN_RN(1.0),N_A,AFY,MNF_JRA,2021,2020,NET_PFT_TO_SAL,0,2021-03-31,RPT,3.533
RBI:RATIO_LNGNFC_INDUS_ANN_RN(1.0),N_A,AFY,MNF_JRA,2021,2020,OPR_PFTS_TO_SAL,0,2021-03-31,RPT,7.1636
RBI:RATIO_LNGNFC_INDUS_ANN_RN(1.0),N_A,AFY,MNF_JRA,2021,2020,TAX_PROV_TO_EBT,0,2021-03-31,RPT,21.9229
RBI:RATIO_LNGNFC_INDUS_ANN_RN(1.0),N_A,AFY,MNF_LTH,2021,2020,CSH_CVG_RATIO,0,2021-03-31,RPT,6.668148
RBI:RATIO_LNGNFC_INDUS_ANN_RN(1.0),N_A,AFY,MNF_LTH,2021,2020,EBITDA_TO_SAL,0,2021-03-31,RPT,14.992
RBI:RATIO_LNGNFC_INDUS_ANN_RN(1.0),N_A,AFY,MNF_LTH,2021,2020,INT_BURDEN,0,2021-03-31,RPT,23.7114
RBI:RATIO_LNGNFC_INDUS_ANN_RN(1.0),N_A,AFY,MNF_LTH,2021,2020,INT_CVG,0,2021-03-31,RPT,4.217383
RBI:RATIO_LNGNFC_INDUS_ANN_RN(1.0),N_A,AFY,MNF_LTH,2021,2020,INT_TO_SAL,0,2021-03-31,RPT,2.2483
RBI:RATIO_LNGNFC_INDUS_ANN_RN(1.0),N_A,AFY,MNF_LTH,2021,2020,NET_PFT_TO_SAL,0,2021-03-31,RPT,5.2989
RBI:RATIO_LNGNFC_INDUS_ANN_RN(1.0),N_A,AFY,MNF_LTH,2021,2020,OPR_PFTS_TO_SAL,0,2021-03-31,RPT,12.713
RBI:RATIO_LNGNFC_INDUS_ANN_RN(1.0),N_A,AFY,MNF_LTH,2021,2020,TAX_PROV_TO_EBT,0,2021-03-31,RPT,26.3337
RBI:RATIO_LNGNFC_INDUS_ANN_RN(1.0),N_A,AFY,MNF_MMT,2021,2020,CSH_CVG_RATIO,0,2021-03-31,RPT,11.562829
RBI:RATIO_LNGNFC_INDUS_ANN_RN(1.0),N_A,AFY,MNF_MMT,2021,2020,EBITDA_TO_SAL,0,2021-03-31,RPT,14.0265
RBI:RATIO_LNGNFC_INDUS_ANN_RN(1.0),N_A,AFY,MNF_MMT,2021,2020,INT_BURDEN,0,2021-03-31,RPT,10.7402
RBI:RATIO_LNGNFC_INDUS_ANN_RN(1.0),N_A,AFY,MNF_MMT,2021,2020,INT_CVG,0,2021-03-31,RPT,9.310775
RBI:RATIO_LNGNFC_INDUS_ANN_RN(1.0),N_A,AFY,MNF_MMT,2021,2020,INT_TO_SAL,0,2021-03-31,RPT,1.2131
RBI:RATIO_LNGNFC_INDUS_ANN_RN(1.0),N_A,AFY,MNF_MMT,2021,2020,NET_PFT_TO_SAL,0,2021-03-31,RPT,7.0616
RBI:RATIO_LNGNFC_INDUS_ANN_RN(1.0),N_A,AFY,MNF_MMT,2021,2020,OPR_PFTS_TO_SAL,0,2021-03-31,RPT,11.6522
RBI:RATIO_LNGNFC_INDUS_ANN_RN(1.0),N_A,AFY,MNF_MMT,2021,2020,TAX_PROV_TO_EBT,0,2021-03-31,RPT,24.8089
RBI:RATIO_LNGNFC_INDUS_ANN_RN(1.0),N_A,AFY,MNF_MMT_MV,2021,2020,CSH_CVG_RATIO,0,2021-03-31,RPT,10.392071
RBI:RATIO_LNGNFC_INDUS_ANN_RN(1.0),N_A,AFY,MNF_MMT_MV,2021,2020,EBITDA_TO_SAL,0,2021-03-31,RPT,12.8203
RBI:RATIO_LNGNFC_INDUS_ANN_RN(1.0),N_A,AFY,MNF_MMT_MV,2021,2020,INT_BURDEN,0,2021-03-31,RPT,14.6975
RBI:RATIO_LNGNFC_INDUS_ANN_RN(1.0),N_A,AFY,MNF_MMT_MV,2021,2020,INT_CVG,0,2021-03-31,RPT,6.803885
RBI:RATIO_LNGNFC_INDUS_ANN_RN(1.0),N_A,AFY,MNF_MMT_MV,2021,2020,INT_TO_SAL,0,2021-03-31,RPT,1.2337
RBI:RATIO_LNGNFC_INDUS_ANN_RN(1.0),N_A,AFY,MNF_MMT_MV,2021,2020,NET_PFT_TO_SAL,0,2021-03-31,RPT,4.1867
RBI:RATIO_LNGNFC_INDUS_ANN_RN(1.0),N_A,AFY,MNF_MMT_MV,2021,2020,OPR_PFTS_TO_SAL,0,2021-03-31,RPT,9.7311
RBI:RATIO_LNGNFC_INDUS_ANN_RN(1.0),N_A,AFY,MNF_MMT_MV,2021,2020,TAX_PROV_TO_EBT,0,2021-03-31,RPT,22.9724
RBI:RATIO_LNGNFC_INDUS_ANN_RN(1.0),N_A,AFY,MNF_MMT_OTH,2021,2020,CSH_CVG_RATIO,0,2021-03-31,RPT,9.517014
RBI:RATIO_LNGNFC_INDUS_ANN_RN(1.0),N_A,AFY,MNF_MMT_OTH,2021,2020,EBITDA_TO_SAL,0,2021-03-31,RPT,12.6611
RBI:RATIO_LNGNFC_INDUS_ANN_RN(1.0),N_A,AFY,MNF_MMT_OTH,2021,2020,INT_BURDEN,0,2021-03-31,RPT,16.4694
RBI:RATIO_LNGNFC_INDUS_ANN_RN(1.0),N_A,AFY,MNF_MMT_OTH,2021,2020,INT_CVG,0,2021-03-31,RPT,6.071853
RBI:RATIO_LNGNFC_INDUS_ANN_RN(1.0),N_A,AFY,MNF_MMT_OTH,2021,2020,INT_TO_SAL,0,2021-03-31,RPT,1.3304
RBI:RATIO_LNGNFC_INDUS_ANN_RN(1.0),N_A,AFY,MNF_MMT_OTH,2021,2020,NET_PFT_TO_SAL,0,2021-03-31,RPT,4.0618
RBI:RATIO_LNGNFC_INDUS_ANN_RN(1.0),N_A,AFY,MNF_MMT_OTH,2021,2020,OPR_PFTS_TO_SAL,0,2021-03-31,RPT,9.7825
RBI:RATIO_LNGNFC_INDUS_ANN_RN(1.0),N_A,AFY,MNF_MMT_OTH,2021,2020,TAX_PROV_TO_EBT,0,2021-03-31,RPT,22.8873
RBI:RATIO_LNGNFC_INDUS_ANN_RN(1.0),N_A,AFY,MNF_MMT_PRTS,2021,2020,CSH_CVG_RATIO,0,2021-03-31,RPT,7.029603
RBI:RATIO_LNGNFC_INDUS_ANN_RN(1.0),N_A,AFY,MNF_MMT_PRTS,2021,2020,EBITDA_TO_SAL,0,2021-03-31,RPT,12.0329
RBI:RATIO_LNGNFC_INDUS_ANN_RN(1.0),N_A,AFY,MNF_MMT_PRTS,2021,2020,INT_BURDEN,0,2021-03-31,RPT,25.0564
RBI:RATIO_LNGNFC_INDUS_ANN_RN(1.0),N_A,AFY,MNF_MMT_PRTS,2021,2020,INT_CVG,0,2021-03-31,RPT,3.991001
RBI:RATIO_LNGNFC_INDUS_ANN_RN(1.0),N_A,AFY,MNF_MMT_PRTS,2021,2020,INT_TO_SAL,0,2021-03-31,RPT,1.7117
RBI:RATIO_LNGNFC_INDUS_ANN_RN(1.0),N_A,AFY,MNF_MMT_PRTS,2021,2020,NET_PFT_TO_SAL,0,2021-03-31,RPT,3.5691
RBI:RATIO_LNGNFC_INDUS_ANN_RN(1.0),N_A,AFY,MNF_MMT_PRTS,2021,2020,OPR_PFTS_TO_SAL,0,2021-03-31,RPT,9.9851
RBI:RATIO_LNGNFC_INDUS_ANN_RN(1.0),N_A,AFY,MNF_MMT_PRTS,2021,2020,TAX_PROV_TO_EBT,0,2021-03-31,RPT,22.4138
RBI:RATIO_LNGNFC_INDUS_ANN_RN(1.0),N_A,AFY,MNF_MPOSE,2021,2020,CSH_CVG_RATIO,0,2021-03-31,RPT,19.48583
RBI:RATIO_LNGNFC_INDUS_ANN_RN(1.0),N_A,AFY,MNF_MPOSE,2021,2020,EBITDA_TO_SAL,0,2021-03-31,RPT,28.4271
RBI:RATIO_LNGNFC_INDUS_ANN_RN(1.0),N_A,AFY,MNF_MPOSE,2021,2020,INT_BURDEN,0,2021-03-31,RPT,6.5489
RBI:RATIO_LNGNFC_INDUS_ANN_RN(1.0),N_A,AFY,MNF_MPOSE,2021,2020,INT_CVG,0,2021-03-31,RPT,15.269636
RBI:RATIO_LNGNFC_INDUS_ANN_RN(1.0),N_A,AFY,MNF_MPOSE,2021,2020,INT_TO_SAL,0,2021-03-31,RPT,1.4589
RBI:RATIO_LNGNFC_INDUS_ANN_RN(1.0),N_A,AFY,MNF_MPOSE,2021,2020,NET_PFT_TO_SAL,0,2021-03-31,RPT,15.4498
RBI:RATIO_LNGNFC_INDUS_ANN_RN(1.0),N_A,AFY,MNF_MPOSE,2021,2020,OPR_PFTS_TO_SAL,0,2021-03-31,RPT,25.7339
RBI:RATIO_LNGNFC_INDUS_ANN_RN(1.0),N_A,AFY,MNF_MPOSE,2021,2020,TAX_PROV_TO_EBT,0,2021-03-31,RPT,25.1307
RBI:RATIO_LNGNFC_INDUS_ANN_RN(1.0),N_A,AFY,MNF_OTH,2021,2020,CSH_CVG_RATIO,0,2021-03-31,RPT,11.619102
RBI:RATIO_LNGNFC_INDUS_ANN_RN(1.0),N_A,AFY,MNF_OTH,2021,2020,EBITDA_TO_SAL,0,2021-03-31,RPT,14.8196
RBI:RATIO_LNGNFC_INDUS_ANN_RN(1.0),N_A,AFY,MNF_OTH,2021,2020,INT_BURDEN,0,2021-03-31,RPT,11.4243
RBI:RATIO_LNGNFC_INDUS_ANN_RN(1.0),N_A,AFY,MNF_OTH,2021,2020,INT_CVG,0,2021-03-31,RPT,8.753237
RBI:RATIO_LNGNFC_INDUS_ANN_RN(1.0),N_A,AFY,MNF_OTH,2021,2020,INT_TO_SAL,0,2021-03-31,RPT,1.2754
RBI:RATIO_LNGNFC_INDUS_ANN_RN(1.0),N_A,AFY,MNF_OTH,2021,2020,NET_PFT_TO_SAL,0,2021-03-31,RPT,6.8604
RBI:RATIO_LNGNFC_INDUS_ANN_RN(1.0),N_A,AFY,MNF_OTH,2021,2020,OPR_PFTS_TO_SAL,0,2021-03-31,RPT,11.5087
RBI:RATIO_LNGNFC_INDUS_ANN_RN(1.0),N_A,AFY,MNF_OTH,2021,2020,TAX_PROV_TO_EBT,0,2021-03-31,RPT,25.5714
RBI:RATIO_LNGNFC_INDUS_ANN_RN(1.0),N_A,AFY,MNF_PETR_PRD,2021,2020,CSH_CVG_RATIO,0,2021-03-31,RPT,3.125762
RBI:RATIO_LNGNFC_INDUS_ANN_RN(1.0),N_A,AFY,MNF_PETR_PRD,2021,2020,EBITDA_TO_SAL,0,2021-03-31,RPT,19.6797
RBI:RATIO_LNGNFC_INDUS_ANN_RN(1.0),N_A,AFY,MNF_PETR_PRD,2021,2020,INT_BURDEN,0,2021-03-31,RPT,39.3077
RBI:RATIO_LNGNFC_INDUS_ANN_RN(1.0),N_A,AFY,MNF_PETR_PRD,2021,2020,INT_CVG,0,2021-03-31,RPT,2.544029
RBI:RATIO_LNGNFC_INDUS_ANN_RN(1.0),N_A,AFY,MNF_PETR_PRD,2021,2020,INT_TO_SAL,0,2021-03-31,RPT,6.296
RBI:RATIO_LNGNFC_INDUS_ANN_RN(1.0),N_A,AFY,MNF_PETR_PRD,2021,2020,NET_PFT_TO_SAL,0,2021-03-31,RPT,12.9916
RBI:RATIO_LNGNFC_INDUS_ANN_RN(1.0),N_A,AFY,MNF_PETR_PRD,2021,2020,OPR_PFTS_TO_SAL,0,2021-03-31,RPT,13.8355
RBI:RATIO_LNGNFC_INDUS_ANN_RN(1.0),N_A,AFY,MNF_PETR_PRD,2021,2020,TAX_PROV_TO_EBT,0,2021-03-31,RPT,2.3521
RBI:RATIO_LNGNFC_INDUS_ANN_RN(1.0),N_A,AFY,MNF_PM,2021,2020,CSH_CVG_RATIO,0,2021-03-31,RPT,14.333998
RBI:RATIO_LNGNFC_INDUS_ANN_RN(1.0),N_A,AFY,MNF_PM,2021,2020,EBITDA_TO_SAL,0,2021-03-31,RPT,28.2519
RBI:RATIO_LNGNFC_INDUS_ANN_RN(1.0),N_A,AFY,MNF_PM,2021,2020,INT_BURDEN,0,2021-03-31,RPT,8.2996
RBI:RATIO_LNGNFC_INDUS_ANN_RN(1.0),N_A,AFY,MNF_PM,2021,2020,INT_CVG,0,2021-03-31,RPT,12.048819
RBI:RATIO_LNGNFC_INDUS_ANN_RN(1.0),N_A,AFY,MNF_PM,2021,2020,INT_TO_SAL,0,2021-03-31,RPT,1.971
RBI:RATIO_LNGNFC_INDUS_ANN_RN(1.0),N_A,AFY,MNF_PM,2021,2020,NET_PFT_TO_SAL,0,2021-03-31,RPT,16.9314
RBI:RATIO_LNGNFC_INDUS_ANN_RN(1.0),N_A,AFY,MNF_PM,2021,2020,OPR_PFTS_TO_SAL,0,2021-03-31,RPT,25.0003
RBI:RATIO_LNGNFC_INDUS_ANN_RN(1.0),N_A,AFY,MNF_PM,2021,2020,TAX_PROV_TO_EBT,0,2021-03-31,RPT,20.6869
RBI:RATIO_LNGNFC_INDUS_ANN_RN(1.0),N_A,AFY,MNF_PNFFM,2021,2020,CSH_CVG_RATIO,0,2021-03-31,RPT,7.281669
RBI:RATIO_LNGNFC_INDUS_ANN_RN(1.0),N_A,AFY,MNF_PNFFM,2021,2020,EBITDA_TO_SAL,0,2021-03-31,RPT,34.3883
RBI:RATIO_LNGNFC_INDUS_ANN_RN(1.0),N_A,AFY,MNF_PNFFM,2021,2020,INT_BURDEN,0,2021-03-31,RPT,16.7553
RBI:RATIO_LNGNFC_INDUS_ANN_RN(1.0),N_A,AFY,MNF_PNFFM,2021,2020,INT_CVG,0,2021-03-31,RPT,5.968262
RBI:RATIO_LNGNFC_INDUS_ANN_RN(1.0),N_A,AFY,MNF_PNFFM,2021,2020,INT_TO_SAL,0,2021-03-31,RPT,4.7226
RBI:RATIO_LNGNFC_INDUS_ANN_RN(1.0),N_A,AFY,MNF_PNFFM,2021,2020,NET_PFT_TO_SAL,0,2021-03-31,RPT,17.523
RBI:RATIO_LNGNFC_INDUS_ANN_RN(1.0),N_A,AFY,MNF_PNFFM,2021,2020,OPR_PFTS_TO_SAL,0,2021-03-31,RPT,22.1382
RBI:RATIO_LNGNFC_INDUS_ANN_RN(1.0),N_A,AFY,MNF_PNFFM,2021,2020,TAX_PROV_TO_EBT,0,2021-03-31,RPT,8.6187
RBI:RATIO_LNGNFC_INDUS_ANN_RN(1.0),N_A,AFY,MNF_PNPD,2021,2020,CSH_CVG_RATIO,0,2021-03-31,RPT,3.600678
RBI:RATIO_LNGNFC_INDUS_ANN_RN(1.0),N_A,AFY,MNF_PNPD,2021,2020,EBITDA_TO_SAL,0,2021-03-31,RPT,12.9138
RBI:RATIO_LNGNFC_INDUS_ANN_RN(1.0),N_A,AFY,MNF_PNPD,2021,2020,INT_BURDEN,0,2021-03-31,RPT,53.6268
RBI:RATIO_LNGNFC_INDUS_ANN_RN(1.0),N_A,AFY,MNF_PNPD,2021,2020,INT_CVG,0,2021-03-31,RPT,1.86474
RBI:RATIO_LNGNFC_INDUS_ANN_RN(1.0),N_A,AFY,MNF_PNPD,2021,2020,INT_TO_SAL,0,2021-03-31,RPT,3.5865
RBI:RATIO_LNGNFC_INDUS_ANN_RN(1.0),N_A,AFY,MNF_PNPD,2021,2020,NET_PFT_TO_SAL,0,2021-03-31,RPT,2.4235
RBI:RATIO_LNGNFC_INDUS_ANN_RN(1.0),N_A,AFY,MNF_PNPD,2021,2020,OPR_PFTS_TO_SAL,0,2021-03-31,RPT,11.2285
RBI:RATIO_LNGNFC_INDUS_ANN_RN(1.0),N_A,AFY,MNF_PNPD,2021,2020,TAX_PROV_TO_EBT,0,2021-03-31,RPT,25.4794
RBI:RATIO_LNGNFC_INDUS_ANN_RN(1.0),N_A,AFY,MNF_PP,2021,2020,CSH_CVG_RATIO,0,2021-03-31,RPT,7.065096
RBI:RATIO_LNGNFC_INDUS_ANN_RN(1.0),N_A,AFY,MNF_PP,2021,2020,EBITDA_TO_SAL,0,2021-03-31,RPT,18.4761
RBI:RATIO_LNGNFC_INDUS_ANN_RN(1.0),N_A,AFY,MNF_PP,2021,2020,INT_BURDEN,0,2021-03-31,RPT,18.0354
RBI:RATIO_LNGNFC_INDUS_ANN_RN(1.0),N_A,AFY,MNF_PP,2021,2020,INT_CVG,0,2021-03-31,RPT,5.544654
RBI:RATIO_LNGNFC_INDUS_ANN_RN(1.0),N_A,AFY,MNF_PP,2021,2020,INT_TO_SAL,0,2021-03-31,RPT,2.6151
RBI:RATIO_LNGNFC_INDUS_ANN_RN(1.0),N_A,AFY,MNF_PP,2021,2020,NET_PFT_TO_SAL,0,2021-03-31,RPT,9.1571
RBI:RATIO_LNGNFC_INDUS_ANN_RN(1.0),N_A,AFY,MNF_PP,2021,2020,OPR_PFTS_TO_SAL,0,2021-03-31,RPT,16.0755
RBI:RATIO_LNGNFC_INDUS_ANN_RN(1.0),N_A,AFY,MNF_PP,2021,2020,TAX_PROV_TO_EBT,0,2021-03-31,RPT,22.6593
RBI:RATIO_LNGNFC_INDUS_ANN_RN(1.0),N_A,AFY,MNF_RRP,2021,2020,CSH_CVG_RATIO,0,2021-03-31,RPT,7.342199
RBI:RATIO_LNGNFC_INDUS_ANN_RN(1.0),N_A,AFY,MNF_RRP,2021,2020,EBITDA_TO_SAL,0,2021-03-31,RPT,18.4944
RBI:RATIO_LNGNFC_INDUS_ANN_RN(1.0),N_A,AFY,MNF_RRP,2021,2020,INT_BURDEN,0,2021-03-31,RPT,19.9465
RBI:RATIO_LNGNFC_INDUS_ANN_RN(1.0),N_A,AFY,MNF_RRP,2021,2020,INT_CVG,0,2021-03-31,RPT,5.013422
RBI:RATIO_LNGNFC_INDUS_ANN_RN(1.0),N_A,AFY,MNF_RRP,2021,2020,INT_TO_SAL,0,2021-03-31,RPT,2.5189
RBI:RATIO_LNGNFC_INDUS_ANN_RN(1.0),N_A,AFY,MNF_RRP,2021,2020,NET_PFT_TO_SAL,0,2021-03-31,RPT,7.3182
RBI:RATIO_LNGNFC_INDUS_ANN_RN(1.0),N_A,AFY,MNF_RRP,2021,2020,OPR_PFTS_TO_SAL,0,2021-03-31,RPT,17.2702
RBI:RATIO_LNGNFC_INDUS_ANN_RN(1.0),N_A,AFY,MNF_RRP,2021,2020,TAX_PROV_TO_EBT,0,2021-03-31,RPT,23.7191
RBI:RATIO_LNGNFC_INDUS_ANN_RN(1.0),N_A,AFY,MNF_TBC_PRD,2021,2020,EBITDA_TO_SAL,0,2021-03-31,RPT,40.3471
RBI:RATIO_LNGNFC_INDUS_ANN_RN(1.0),N_A,AFY,MNF_TBC_PRD,2021,2020,INT_BURDEN,0,2021-03-31,RPT,0.4933
RBI:RATIO_LNGNFC_INDUS_ANN_RN(1.0),N_A,AFY,MNF_TBC_PRD,2021,2020,INT_TO_SAL,0,2021-03-31,RPT,0.1816
RBI:RATIO_LNGNFC_INDUS_ANN_RN(1.0),N_A,AFY,MNF_TBC_PRD,2021,2020,NET_PFT_TO_SAL,0,2021-03-31,RPT,27.8095
RBI:RATIO_LNGNFC_INDUS_ANN_RN(1.0),N_A,AFY,MNF_TBC_PRD,2021,2020,OPR_PFTS_TO_SAL,0,2021-03-31,RPT,33.4128
RBI:RATIO_LNGNFC_INDUS_ANN_RN(1.0),N_A,AFY,MNF_TBC_PRD,2021,2020,TAX_PROV_TO_EBT,0,2021-03-31,RPT,23.5157
RBI:RATIO_LNGNFC_INDUS_ANN_RN(1.0),N_A,AFY,MNF_TXT,2021,2020,CSH_CVG_RATIO,0,2021-03-31,RPT,2.374021
RBI:RATIO_LNGNFC_INDUS_ANN_RN(1.0),N_A,AFY,MNF_TXT,2021,2020,EBITDA_TO_SAL,0,2021-03-31,RPT,11.3662
RBI:RATIO_LNGNFC_INDUS_ANN_RN(1.0),N_A,AFY,MNF_TXT,2021,2020,INT_BURDEN,0,2021-03-31,RPT,80.1476
RBI:RATIO_LNGNFC_INDUS_ANN_RN(1.0),N_A,AFY,MNF_TXT,2021,2020,INT_CVG,0,2021-03-31,RPT,1.247698
RBI:RATIO_LNGNFC_INDUS_ANN_RN(1.0),N_A,AFY,MNF_TXT,2021,2020,INT_TO_SAL,0,2021-03-31,RPT,4.7877
RBI:RATIO_LNGNFC_INDUS_ANN_RN(1.0),N_A,AFY,MNF_TXT,2021,2020,NET_PFT_TO_SAL,0,2021-03-31,RPT,-4.399
RBI:RATIO_LNGNFC_INDUS_ANN_RN(1.0),N_A,AFY,MNF_TXT,2021,2020,OPR_PFTS_TO_SAL,0,2021-03-31,RPT,4.9762
RBI:RATIO_LNGNFC_INDUS_ANN_RN(1.0),N_A,AFY,MNF_TXT,2021,2020,TAX_PROV_TO_EBT,0,2021-03-31,RPT,23.8351
RBI:RATIO_LNGNFC_INDUS_ANN_RN(1.0),N_A,AFY,MNF_WOOD_PRD,2021,2020,CSH_CVG_RATIO,0,2021-03-31,RPT,7.501734
RBI:RATIO_LNGNFC_INDUS_ANN_RN(1.0),N_A,AFY,MNF_WOOD_PRD,2021,2020,EBITDA_TO_SAL,0,2021-03-31,RPT,14.4557
RBI:RATIO_LNGNFC_INDUS_ANN_RN(1.0),N_A,AFY,MNF_WOOD_PRD,2021,2020,INT_BURDEN,0,2021-03-31,RPT,17.6411
RBI:RATIO_LNGNFC_INDUS_ANN_RN(1.0),N_A,AFY,MNF_WOOD_PRD,2021,2020,INT_CVG,0,2021-03-31,RPT,5.668585
RBI:RATIO_LNGNFC_INDUS_ANN_RN(1.0),N_A,AFY,MNF_WOOD_PRD,2021,2020,INT_TO_SAL,0,2021-03-31,RPT,1.927
RBI:RATIO_LNGNFC_INDUS_ANN_RN(1.0),N_A,AFY,MNF_WOOD_PRD,2021,2020,NET_PFT_TO_SAL,0,2021-03-31,RPT,6.5153
RBI:RATIO_LNGNFC_INDUS_ANN_RN(1.0),N_A,AFY,MNF_WOOD_PRD,2021,2020,OPR_PFTS_TO_SAL,0,2021-03-31,RPT,13.8457
RBI:RATIO_LNGNFC_INDUS_ANN_RN(1.0),N_A,AFY,MNF_WOOD_PRD,2021,2020,TAX_PROV_TO_EBT,0,2021-03-31,RPT,22.0267
RBI:RATIO_LNGNFC_INDUS_ANN_RN(1.0),N_A,AFY,SERV_OTH_IT,2021,2020,CSH_CVG_RATIO,0,2021-03-31,RPT,1.818422
RBI:RATIO_LNGNFC_INDUS_ANN_RN(1.0),N_A,AFY,SERV_OTH_IT,2021,2020,EBITDA_TO_SAL,0,2021-03-31,RPT,23.9566
RBI:RATIO_LNGNFC_INDUS_ANN_RN(1.0),N_A,AFY,SERV_OTH_IT,2021,2020,INT_CVG,0,2021-03-31,RPT,0.38743
RBI:RATIO_LNGNFC_INDUS_ANN_RN(1.0),N_A,AFY,SERV_OTH_IT,2021,2020,INT_TO_SAL,0,2021-03-31,RPT,13.1744
RBI:RATIO_LNGNFC_INDUS_ANN_RN(1.0),N_A,AFY,SERV_OTH_IT,2021,2020,NET_PFT_TO_SAL,0,2021-03-31,RPT,-24.1756
RBI:RATIO_LNGNFC_INDUS_ANN_RN(1.0),N_A,AFY,SERV_OTH_IT,2021,2020,OPR_PFTS_TO_SAL,0,2021-03-31,RPT,19.8687
RBI:RATIO_LNGNFC_INDUS_ANN_RN(1.0),N_A,AFY,SERV_OTH_IT,2021,2020,TAX_PROV_TO_EBT,0,2021-03-31,RPT,23.294
RBI:RATIO_LNGNFC_INDUS_ANN_RN(1.0),N_A,AFY,SOI_BSS,2021,2020,CSH_CVG_RATIO,0,2021-03-31,RPT,2.362512
RBI:RATIO_LNGNFC_INDUS_ANN_RN(1.0),N_A,AFY,SOI_BSS,2021,2020,EBITDA_TO_SAL,0,2021-03-31,RPT,16.2202
RBI:RATIO_LNGNFC_INDUS_ANN_RN(1.0),N_A,AFY,SOI_BSS,2021,2020,INT_BURDEN,0,2021-03-31,RPT,56.5313
RBI:RATIO_LNGNFC_INDUS_ANN_RN(1.0),N_A,AFY,SOI_BSS,2021,2020,INT_CVG,0,2021-03-31,RPT,1.76893
RBI:RATIO_LNGNFC_INDUS_ANN_RN(1.0),N_A,AFY,SOI_BSS,2021,2020,INT_TO_SAL,0,2021-03-31,RPT,6.8657
RBI:RATIO_LNGNFC_INDUS_ANN_RN(1.0),N_A,AFY,SOI_BSS,2021,2020,NET_PFT_TO_SAL,0,2021-03-31,RPT,9.392
RBI:RATIO_LNGNFC_INDUS_ANN_RN(1.0),N_A,AFY,SOI_BSS,2021,2020,OPR_PFTS_TO_SAL,0,2021-03-31,RPT,11.9789
RBI:RATIO_LNGNFC_INDUS_ANN_RN(1.0),N_A,AFY,SOI_BSS,2021,2020,TAX_PROV_TO_EBT,0,2021-03-31,RPT,24.1766
RBI:RATIO_LNGNFC_INDUS_ANN_RN(1.0),N_A,AFY,SOI_HNR,2021,2020,CSH_CVG_RATIO,0,2021-03-31,RPT,0.106283
RBI:RATIO_LNGNFC_INDUS_ANN_RN(1.0),N_A,AFY,SOI_HNR,2021,2020,EBITDA_TO_SAL,0,2021-03-31,RPT,2.1808
RBI:RATIO_LNGNFC_INDUS_ANN_RN(1.0),N_A,AFY,SOI_HNR,2021,2020,INT_TO_SAL,0,2021-03-31,RPT,20.5187
RBI:RATIO_LNGNFC_INDUS_ANN_RN(1.0),N_A,AFY,SOI_HNR,2021,2020,NET_PFT_TO_SAL,0,2021-03-31,RPT,-49.8381
RBI:RATIO_LNGNFC_INDUS_ANN_RN(1.0),N_A,AFY,SOI_HNR,2021,2020,OPR_PFTS_TO_SAL,0,2021-03-31,RPT,-7.2013
RBI:RATIO_LNGNFC_INDUS_ANN_RN(1.0),N_A,AFY,SOI_HNR,2021,2020,TAX_PROV_TO_EBT,0,2021-03-31,RPT,13.9974
RBI:RATIO_LNGNFC_INDUS_ANN_RN(1.0),N_A,AFY,SOI_HS,2021,2020,CSH_CVG_RATIO,0,2021-03-31,RPT,3.038095
RBI:RATIO_LNGNFC_INDUS_ANN_RN(1.0),N_A,AFY,SOI_HS,2021,2020,EBITDA_TO_SAL,0,2021-03-31,RPT,13.2002
RBI:RATIO_LNGNFC_INDUS_ANN_RN(1.0),N_A,AFY,SOI_HS,2021,2020,INT_BURDEN,0,2021-03-31,RPT,67.4029
RBI:RATIO_LNGNFC_INDUS_ANN_RN(1.0),N_A,AFY,SOI_HS,2021,2020,INT_CVG,0,2021-03-31,RPT,1.483615
RBI:RATIO_LNGNFC_INDUS_ANN_RN(1.0),N_A,AFY,SOI_HS,2021,2020,INT_TO_SAL,0,2021-03-31,RPT,4.3449
RBI:RATIO_LNGNFC_INDUS_ANN_RN(1.0),N_A,AFY,SOI_HS,2021,2020,NET_PFT_TO_SAL,0,2021-03-31,RPT,0.646
RBI:RATIO_LNGNFC_INDUS_ANN_RN(1.0),N_A,AFY,SOI_HS,2021,2020,OPR_PFTS_TO_SAL,0,2021-03-31,RPT,10.562
RBI:RATIO_LNGNFC_INDUS_ANN_RN(1.0),N_A,AFY,SOI_HS,2021,2020,TAX_PROV_TO_EBT,0,2021-03-31,RPT,25.4878
RBI:RATIO_LNGNFC_INDUS_ANN_RN(1.0),N_A,AFY,SOI_OTH,2021,2020,CSH_CVG_RATIO,0,2021-03-31,RPT,5.042166
RBI:RATIO_LNGNFC_INDUS_ANN_RN(1.0),N_A,AFY,SOI_OTH,2021,2020,EBITDA_TO_SAL,0,2021-03-31,RPT,19.0462
RBI:RATIO_LNGNFC_INDUS_ANN_RN(1.0),N_A,AFY,SOI_OTH,2021,2020,INT_BURDEN,0,2021-03-31,RPT,33.8962
RBI:RATIO_LNGNFC_INDUS_ANN_RN(1.0),N_A,AFY,SOI_OTH,2021,2020,INT_CVG,0,2021-03-31,RPT,2.950186
RBI:RATIO_LNGNFC_INDUS_ANN_RN(1.0),N_A,AFY,SOI_OTH,2021,2020,INT_TO_SAL,0,2021-03-31,RPT,3.7774
RBI:RATIO_LNGNFC_INDUS_ANN_RN(1.0),N_A,AFY,SOI_OTH,2021,2020,NET_PFT_TO_SAL,0,2021-03-31,RPT,4.9473
RBI:RATIO_LNGNFC_INDUS_ANN_RN(1.0),N_A,AFY,SOI_OTH,2021,2020,OPR_PFTS_TO_SAL,0,2021-03-31,RPT,12.0792
RBI:RATIO_LNGNFC_INDUS_ANN_RN(1.0),N_A,AFY,SOI_OTH,2021,2020,TAX_PROV_TO_EBT,0,2021-03-31,RPT,21.8769
RBI:RATIO_LNGNFC_INDUS_ANN_RN(1.0),N_A,AFY,SOI_RE,2021,2020,CSH_CVG_RATIO,0,2021-03-31,RPT,2.169133
RBI:RATIO_LNGNFC_INDUS_ANN_RN(1.0),N_A,AFY,SOI_RE,2021,2020,EBITDA_TO_SAL,0,2021-03-31,RPT,46.3945
RBI:RATIO_LNGNFC_INDUS_ANN_RN(1.0),N_A,AFY,SOI_RE,2021,2020,INT_BURDEN,0,2021-03-31,RPT,49.7651
RBI:RATIO_LNGNFC_INDUS_ANN_RN(1.0),N_A,AFY,SOI_RE,2021,2020,INT_CVG,0,2021-03-31,RPT,2.009441
RBI:RATIO_LNGNFC_INDUS_ANN_RN(1.0),N_A,AFY,SOI_RE,2021,2020,INT_TO_SAL,0,2021-03-31,RPT,21.3885
RBI:RATIO_LNGNFC_INDUS_ANN_RN(1.0),N_A,AFY,SOI_RE,2021,2020,NET_PFT_TO_SAL,0,2021-03-31,RPT,16.2997
RBI:RATIO_LNGNFC_INDUS_ANN_RN(1.0),N_A,AFY,SOI_RE,2021,2020,OPR_PFTS_TO_SAL,0,2021-03-31,RPT,35.0353
RBI:RATIO_LNGNFC_INDUS_ANN_RN(1.0),N_A,AFY,SOI_RE,2021,2020,TAX_PROV_TO_EBT,0,2021-03-31,RPT,17.6371
RBI:RATIO_LNGNFC_INDUS_ANN_RN(1.0),N_A,AFY,SOI_TCOMM,2021,2020,CSH_CVG_RATIO,0,2021-03-31,RPT,1.544492
RBI:RATIO_LNGNFC_INDUS_ANN_RN(1.0),N_A,AFY,SOI_TCOMM,2021,2020,EBITDA_TO_SAL,0,2021-03-31,RPT,42.7491
RBI:RATIO_LNGNFC_INDUS_ANN_RN(1.0),N_A,AFY,SOI_TCOMM,2021,2020,INT_CVG,0,2021-03-31,RPT,0.093483
RBI:RATIO_LNGNFC_INDUS_ANN_RN(1.0),N_A,AFY,SOI_TCOMM,2021,2020,INT_TO_SAL,0,2021-03-31,RPT,27.6784
RBI:RATIO_LNGNFC_INDUS_ANN_RN(1.0),N_A,AFY,SOI_TCOMM,2021,2020,NET_PFT_TO_SAL,0,2021-03-31,RPT,-67.6545
RBI:RATIO_LNGNFC_INDUS_ANN_RN(1.0),N_A,AFY,SOI_TCOMM,2021,2020,OPR_PFTS_TO_SAL,0,2021-03-31,RPT,40.1168
RBI:RATIO_LNGNFC_INDUS_ANN_RN(1.0),N_A,AFY,SOI_TCOMM,2021,2020,TAX_PROV_TO_EBT,0,2021-03-31,RPT,24.4018
RBI:RATIO_LNGNFC_INDUS_ANN_RN(1.0),N_A,AFY,SOI_TSS,2021,2020,CSH_CVG_RATIO,0,2021-03-31,RPT,1.652342
RBI:RATIO_LNGNFC_INDUS_ANN_RN(1.0),N_A,AFY,SOI_TSS,2021,2020,EBITDA_TO_SAL,0,2021-03-31,RPT,15.1094
RBI:RATIO_LNGNFC_INDUS_ANN_RN(1.0),N_A,AFY,SOI_TSS,2021,2020,INT_TO_SAL,0,2021-03-31,RPT,9.1442
RBI:RATIO_LNGNFC_INDUS_ANN_RN(1.0),N_A,AFY,SOI_TSS,2021,2020,NET_PFT_TO_SAL,0,2021-03-31,RPT,-13.666
RBI:RATIO_LNGNFC_INDUS_ANN_RN(1.0),N_A,AFY,SOI_TSS,2021,2020,OPR_PFTS_TO_SAL,0,2021-03-31,RPT,6.9076
RBI:RATIO_LNGNFC_INDUS_ANN_RN(1.0),N_A,AFY,SOI_TSS,2021,2020,TAX_PROV_TO_EBT,0,2021-03-31,RPT,10.9982
RBI:RATIO_LNGNFC_INDUS_ANN_RN(1.0),N_A,AFY,SOI_VTPB,2021,2020,CSH_CVG_RATIO,0,2021-03-31,RPT,4.765037
RBI:RATIO_LNGNFC_INDUS_ANN_RN(1.0),N_A,AFY,SOI_VTPB,2021,2020,EBITDA_TO_SAL,0,2021-03-31,RPT,36.7237
RBI:RATIO_LNGNFC_INDUS_ANN_RN(1.0),N_A,AFY,SOI_VTPB,2021,2020,INT_BURDEN,0,2021-03-31,RPT,31.2871
RBI:RATIO_LNGNFC_INDUS_ANN_RN(1.0),N_A,AFY,SOI_VTPB,2021,2020,INT_CVG,0,2021-03-31,RPT,3.196209
RBI:RATIO_LNGNFC_INDUS_ANN_RN(1.0),N_A,AFY,SOI_VTPB,2021,2020,INT_TO_SAL,0,2021-03-31,RPT,7.7069
RBI:RATIO_LNGNFC_INDUS_ANN_RN(1.0),N_A,AFY,SOI_VTPB,2021,2020,NET_PFT_TO_SAL,0,2021-03-31,RPT,10.9348
RBI:RATIO_LNGNFC_INDUS_ANN_RN(1.0),N_A,AFY,SOI_VTPB,2021,2020,OPR_PFTS_TO_SAL,0,2021-03-31,RPT,27.4586
RBI:RATIO_LNGNFC_INDUS_ANN_RN(1.0),N_A,AFY,SOI_VTPB,2021,2020,TAX_PROV_TO_EBT,0,2021-03-31,RPT,34.3296
RBI:RATIO_LNGNFC_INDUS_ANN_RN(1.0),N_A,AFY,SOI_WRT,2021,2020,CSH_CVG_RATIO,0,2021-03-31,RPT,3.57209
RBI:RATIO_LNGNFC_INDUS_ANN_RN(1.0),N_A,AFY,SOI_WRT,2021,2020,EBITDA_TO_SAL,0,2021-03-31,RPT,6.9597
RBI:RATIO_LNGNFC_INDUS_ANN_RN(1.0),N_A,AFY,SOI_WRT,2021,2020,INT_BURDEN,0,2021-03-31,RPT,40.7167
RBI:RATIO_LNGNFC_INDUS_ANN_RN(1.0),N_A,AFY,SOI_WRT,2021,2020,INT_CVG,0,2021-03-31,RPT,2.455993
RBI:RATIO_LNGNFC_INDUS_ANN_RN(1.0),N_A,AFY,SOI_WRT,2021,2020,INT_TO_SAL,0,2021-03-31,RPT,1.9484
RBI:RATIO_LNGNFC_INDUS_ANN_RN(1.0),N_A,AFY,SOI_WRT,2021,2020,NET_PFT_TO_SAL,0,2021-03-31,RPT,1.4657
RBI:RATIO_LNGNFC_INDUS_ANN_RN(1.0),N_A,AFY,SOI_WRT,2021,2020,OPR_PFTS_TO_SAL,0,2021-03-31,RPT,4.7584
RBI:RATIO_LNGNFC_INDUS_ANN_RN(1.0),N_A,AFY,SOI_WRT,2021,2020,TAX_PROV_TO_EBT,0,2021-03-31,RPT,22.7469
RBI:RATIO_LNGNFC_INDUS_ANN_RN(1.0),N_A,AFY,AGR_REL_ACT,2022,2021,CSH_CVG_RATIO,0,2022-03-31,RPT,3.513754
RBI:RATIO_LNGNFC_INDUS_ANN_RN(1.0),N_A,AFY,AGR_REL_ACT,2022,2021,EBITDA_TO_SAL,0,2022-03-31,RPT,8.9264
RBI:RATIO_LNGNFC_INDUS_ANN_RN(1.0),N_A,AFY,AGR_REL_ACT,2022,2021,INT_BURDEN,0,2022-03-31,RPT,37.0557
RBI:RATIO_LNGNFC_INDUS_ANN_RN(1.0),N_A,AFY,AGR_REL_ACT,2022,2021,INT_CVG,0,2022-03-31,RPT,2.698639
RBI:RATIO_LNGNFC_INDUS_ANN_RN(1.0),N_A,AFY,AGR_REL_ACT,2022,2021,INT_TO_SAL,0,2022-03-31,RPT,2.5404
RBI:RATIO_LNGNFC_INDUS_ANN_RN(1.0),N_A,AFY,AGR_REL_ACT,2022,2021,NET_PFT_TO_SAL,0,2022-03-31,RPT,1.5852
RBI:RATIO_LNGNFC_INDUS_ANN_RN(1.0),N_A,AFY,AGR_REL_ACT,2022,2021,OPR_PFTS_TO_SAL,0,2022-03-31,RPT,6.8704
RBI:RATIO_LNGNFC_INDUS_ANN_RN(1.0),N_A,AFY,AGR_REL_ACT,2022,2021,TAX_PROV_TO_EBT,0,2022-03-31,RPT,15.8908
RBI:RATIO_LNGNFC_INDUS_ANN_RN(1.0),N_A,AFY,AGR_REL_ACT_OTH,2022,2021,CSH_CVG_RATIO,0,2022-03-31,RPT,8.451837
RBI:RATIO_LNGNFC_INDUS_ANN_RN(1.0),N_A,AFY,AGR_REL_ACT_OTH,2022,2021,EBITDA_TO_SAL,0,2022-03-31,RPT,9.2066
RBI:RATIO_LNGNFC_INDUS_ANN_RN(1.0),N_A,AFY,AGR_REL_ACT_OTH,2022,2021,INT_BURDEN,0,2022-03-31,RPT,14.0499
RBI:RATIO_LNGNFC_INDUS_ANN_RN(1.0),N_A,AFY,AGR_REL_ACT_OTH,2022,2021,INT_CVG,0,2022-03-31,RPT,7.117486
RBI:RATIO_LNGNFC_INDUS_ANN_RN(1.0),N_A,AFY,AGR_REL_ACT_OTH,2022,2021,INT_TO_SAL,0,2022-03-31,RPT,1.0893
RBI:RATIO_LNGNFC_INDUS_ANN_RN(1.0),N_A,AFY,AGR_REL_ACT_OTH,2022,2021,NET_PFT_TO_SAL,0,2022-03-31,RPT,-4.9277
RBI:RATIO_LNGNFC_INDUS_ANN_RN(1.0),N_A,AFY,AGR_REL_ACT_OTH,2022,2021,NET_PFT_TO_SAL,0,2022-03-31,RPT,4.3811
RBI:RATIO_LNGNFC_INDUS_ANN_RN(1.0),N_A,AFY,AGR_REL_ACT_OTH,2022,2021,OPR_PFTS_TO_SAL,0,2022-03-31,RPT,7.7667
RBI:RATIO_LNGNFC_INDUS_ANN_RN(1.0),N_A,AFY,AGR_REL_ACT_OTH,2022,2021,TAX_PROV_TO_EBT,0,2022-03-31,RPT,16.0943
RBI:RATIO_LNGNFC_INDUS_ANN_RN(1.0),N_A,AFY,ARA_TCP,2022,2021,CSH_CVG_RATIO,0,2022-03-31,RPT,1.397401
RBI:RATIO_LNGNFC_INDUS_ANN_RN(1.0),N_A,AFY,ARA_TCP,2022,2021,EBITDA_TO_SAL,0,2022-03-31,RPT,8.2735
RBI:RATIO_LNGNFC_INDUS_ANN_RN(1.0),N_A,AFY,ARA_TCP,2022,2021,INT_BURDEN,0,2022-03-31,RPT,124.2516
RBI:RATIO_LNGNFC_INDUS_ANN_RN(1.0),N_A,AFY,ARA_TCP,2022,2021,INT_CVG,0,2022-03-31,RPT,0.804819
RBI:RATIO_LNGNFC_INDUS_ANN_RN(1.0),N_A,AFY,ARA_TCP,2022,2021,INT_TO_SAL,0,2022-03-31,RPT,5.9206
RBI:RATIO_LNGNFC_INDUS_ANN_RN(1.0),N_A,AFY,ARA_TCP,2022,2021,OPR_PFTS_TO_SAL,0,2022-03-31,RPT,4.7827
RBI:RATIO_LNGNFC_INDUS_ANN_RN(1.0),N_A,AFY,ARA_TCP,2022,2021,TAX_PROV_TO_EBT,0,2022-03-31,RPT,14.8479
RBI:RATIO_LNGNFC_INDUS_ANN_RN(1.0),N_A,AFY,CONSTRN,2022,2021,CSH_CVG_RATIO,0,2022-03-31,RPT,2.006644
RBI:RATIO_LNGNFC_INDUS_ANN_RN(1.0),N_A,AFY,CONSTRN,2022,2021,EBITDA_TO_SAL,0,2022-03-31,RPT,13.5914
RBI:RATIO_LNGNFC_INDUS_ANN_RN(1.0),N_A,AFY,CONSTRN,2022,2021,INT_BURDEN,0,2022-03-31,RPT,58.6983
RBI:RATIO_LNGNFC_INDUS_ANN_RN(1.0),N_A,AFY,CONSTRN,2022,2021,INT_CVG,0,2022-03-31,RPT,1.703627
RBI:RATIO_LNGNFC_INDUS_ANN_RN(1.0),N_A,AFY,CONSTRN,2022,2021,INT_TO_SAL,0,2022-03-31,RPT,6.7732
RBI:RATIO_LNGNFC_INDUS_ANN_RN(1.0),N_A,AFY,CONSTRN,2022,2021,NET_PFT_TO_SAL,0,2022-03-31,RPT,2.4352
RBI:RATIO_LNGNFC_INDUS_ANN_RN(1.0),N_A,AFY,CONSTRN,2022,2021,OPR_PFTS_TO_SAL,0,2022-03-31,RPT,9.1981
RBI:RATIO_LNGNFC_INDUS_ANN_RN(1.0),N_A,AFY,CONSTRN,2022,2021,TAX_PROV_TO_EBT,0,2022-03-31,RPT,21.5513
RBI:RATIO_LNGNFC_INDUS_ANN_RN(1.0),N_A,AFY,ELC_GAS_SPLY,2022,2021,CSH_CVG_RATIO,0,2022-03-31,RPT,3.286314
RBI:RATIO_LNGNFC_INDUS_ANN_RN(1.0),N_A,AFY,ELC_GAS_SPLY,2022,2021,EBITDA_TO_SAL,0,2022-03-31,RPT,31.0318
RBI:RATIO_LNGNFC_INDUS_ANN_RN(1.0),N_A,AFY,ELC_GAS_SPLY,2022,2021,INT_BURDEN,0,2022-03-31,RPT,40.4612
RBI:RATIO_LNGNFC_INDUS_ANN_RN(1.0),N_A,AFY,ELC_GAS_SPLY,2022,2021,INT_CVG,0,2022-03-31,RPT,2.471505
RBI:RATIO_LNGNFC_INDUS_ANN_RN(1.0),N_A,AFY,ELC_GAS_SPLY,2022,2021,INT_TO_SAL,0,2022-03-31,RPT,9.4427
RBI:RATIO_LNGNFC_INDUS_ANN_RN(1.0),N_A,AFY,ELC_GAS_SPLY,2022,2021,NET_PFT_TO_SAL,0,2022-03-31,RPT,12.0488
RBI:RATIO_LNGNFC_INDUS_ANN_RN(1.0),N_A,AFY,ELC_GAS_SPLY,2022,2021,OPR_PFTS_TO_SAL,0,2022-03-31,RPT,20.4901
RBI:RATIO_LNGNFC_INDUS_ANN_RN(1.0),N_A,AFY,ELC_GAS_SPLY,2022,2021,TAX_PROV_TO_EBT,0,2022-03-31,RPT,18.0063
RBI:RATIO_LNGNFC_INDUS_ANN_RN(1.0),N_A,AFY,INDS_GRP_ALL_COMP,2022,2021,CSH_CVG_RATIO,0,2022-03-31,RPT,6.698174
RBI:RATIO_LNGNFC_INDUS_ANN_RN(1.0),N_A,AFY,INDS_GRP_ALL_COMP,2022,2021,EBITDA_TO_SAL,0,2022-03-31,RPT,19.9243
RBI:RATIO_LNGNFC_INDUS_ANN_RN(1.0),N_A,AFY,INDS_GRP_ALL_COMP,2022,2021,INT_BURDEN,0,2022-03-31,RPT,19.0132
RBI:RATIO_LNGNFC_INDUS_ANN_RN(1.0),N_A,AFY,INDS_GRP_ALL_COMP,2022,2021,INT_CVG,0,2022-03-31,RPT,5.259511
RBI:RATIO_LNGNFC_INDUS_ANN_RN(1.0),N_A,AFY,INDS_GRP_ALL_COMP,2022,2021,INT_TO_SAL,0,2022-03-31,RPT,2.9746
RBI:RATIO_LNGNFC_INDUS_ANN_RN(1.0),N_A,AFY,INDS_GRP_ALL_COMP,2022,2021,NET_PFT_TO_SAL,0,2022-03-31,RPT,9.5081
RBI:RATIO_LNGNFC_INDUS_ANN_RN(1.0),N_A,AFY,INDS_GRP_ALL_COMP,2022,2021,OPR_PFTS_TO_SAL,0,2022-03-31,RPT,17.0017
RBI:RATIO_LNGNFC_INDUS_ANN_RN(1.0),N_A,AFY,INDS_GRP_ALL_COMP,2022,2021,TAX_PROV_TO_EBT,0,2022-03-31,RPT,20.6124
RBI:RATIO_LNGNFC_INDUS_ANN_RN(1.0),N_A,AFY,IT_CSRS,2022,2021,CSH_CVG_RATIO,0,2022-03-31,RPT,63.81701
RBI:RATIO_LNGNFC_INDUS_ANN_RN(1.0),N_A,AFY,IT_CSRS,2022,2021,EBITDA_TO_SAL,0,2022-03-31,RPT,29.1826
RBI:RATIO_LNGNFC_INDUS_ANN_RN(1.0),N_A,AFY,IT_CSRS,2022,2021,INT_BURDEN,0,2022-03-31,RPT,1.7296
RBI:RATIO_LNGNFC_INDUS_ANN_RN(1.0),N_A,AFY,IT_CSRS,2022,2021,INT_CVG,0,2022-03-31,RPT,57.815662
RBI:RATIO_LNGNFC_INDUS_ANN_RN(1.0),N_A,AFY,IT_CSRS,2022,2021,INT_TO_SAL,0,2022-03-31,RPT,0.4573
RBI:RATIO_LNGNFC_INDUS_ANN_RN(1.0),N_A,AFY,IT_CSRS,2022,2021,NET_PFT_TO_SAL,0,2022-03-31,RPT,19.8831
RBI:RATIO_LNGNFC_INDUS_ANN_RN(1.0),N_A,AFY,IT_CSRS,2022,2021,OPR_PFTS_TO_SAL,0,2022-03-31,RPT,24.6837
RBI:RATIO_LNGNFC_INDUS_ANN_RN(1.0),N_A,AFY,IT_CSRS,2022,2021,TAX_PROV_TO_EBT,0,2022-03-31,RPT,22.8544
RBI:RATIO_LNGNFC_INDUS_ANN_RN(1.0),N_A,AFY,MIN_N_QUARY,2022,2021,CSH_CVG_RATIO,0,2022-03-31,RPT,13.894281
RBI:RATIO_LNGNFC_INDUS_ANN_RN(1.0),N_A,AFY,MIN_N_QUARY,2022,2021,EBITDA_TO_SAL,0,2022-03-31,RPT,14.585
RBI:RATIO_LNGNFC_INDUS_ANN_RN(1.0),N_A,AFY,MIN_N_QUARY,2022,2021,INT_BURDEN,0,2022-03-31,RPT,8.3924
RBI:RATIO_LNGNFC_INDUS_ANN_RN(1.0),N_A,AFY,MIN_N_QUARY,2022,2021,INT_CVG,0,2022-03-31,RPT,11.915525
RBI:RATIO_LNGNFC_INDUS_ANN_RN(1.0),N_A,AFY,MIN_N_QUARY,2022,2021,INT_TO_SAL,0,2022-03-31,RPT,1.0497
RBI:RATIO_LNGNFC_INDUS_ANN_RN(1.0),N_A,AFY,MIN_N_QUARY,2022,2021,NET_PFT_TO_SAL,0,2022-03-31,RPT,8.5091
RBI:RATIO_LNGNFC_INDUS_ANN_RN(1.0),N_A,AFY,MIN_N_QUARY,2022,2021,OPR_PFTS_TO_SAL,0,2022-03-31,RPT,13.5607
RBI:RATIO_LNGNFC_INDUS_ANN_RN(1.0),N_A,AFY,MIN_N_QUARY,2022,2021,TAX_PROV_TO_EBT,0,2022-03-31,RPT,24.7918
RBI:RATIO_LNGNFC_INDUS_ANN_RN(1.0),N_A,AFY,MNF,2022,2021,CSH_CVG_RATIO,0,2022-03-31,RPT,10.248111
RBI:RATIO_LNGNFC_INDUS_ANN_RN(1.0),N_A,AFY,MNF,2022,2021,EBITDA_TO_SAL,0,2022-03-31,RPT,18.4467
RBI:RATIO_LNGNFC_INDUS_ANN_RN(1.0),N_A,AFY,MNF,2022,2021,INT_BURDEN,0,2022-03-31,RPT,11.8554
RBI:RATIO_LNGNFC_INDUS_ANN_RN(1.0),N_A,AFY,MNF,2022,2021,INT_CVG,0,2022-03-31,RPT,8.435
RBI:RATIO_LNGNFC_INDUS_ANN_RN(1.0),N_A,AFY,MNF,2022,2021,INT_TO_SAL,0,2022-03-31,RPT,1.8
RBI:RATIO_LNGNFC_INDUS_ANN_RN(1.0),N_A,AFY,MNF,2022,2021,NET_PFT_TO_SAL,0,2022-03-31,RPT,10.578
RBI:RATIO_LNGNFC_INDUS_ANN_RN(1.0),N_A,AFY,MNF,2022,2021,OPR_PFTS_TO_SAL,0,2022-03-31,RPT,16.1333
RBI:RATIO_LNGNFC_INDUS_ANN_RN(1.0),N_A,AFY,MNF,2022,2021,TAX_PROV_TO_EBT,0,2022-03-31,RPT,20.0963
RBI:RATIO_LNGNFC_INDUS_ANN_RN(1.0),N_A,AFY,MNF_CCP,2022,2021,CSH_CVG_RATIO,0,2022-03-31,RPT,8.648857
RBI:RATIO_LNGNFC_INDUS_ANN_RN(1.0),N_A,AFY,MNF_CCP,2022,2021,EBITDA_TO_SAL,0,2022-03-31,RPT,20.0905
RBI:RATIO_LNGNFC_INDUS_ANN_RN(1.0),N_A,AFY,MNF_CCP,2022,2021,INT_BURDEN,0,2022-03-31,RPT,15.2793
RBI:RATIO_LNGNFC_INDUS_ANN_RN(1.0),N_A,AFY,MNF_CCP,2022,2021,INT_CVG,0,2022-03-31,RPT,6.544794
RBI:RATIO_LNGNFC_INDUS_ANN_RN(1.0),N_A,AFY,MNF_CCP,2022,2021,INT_TO_SAL,0,2022-03-31,RPT,2.3229
RBI:RATIO_LNGNFC_INDUS_ANN_RN(1.0),N_A,AFY,MNF_CCP,2022,2021,NET_PFT_TO_SAL,0,2022-03-31,RPT,10.1515
RBI:RATIO_LNGNFC_INDUS_ANN_RN(1.0),N_A,AFY,MNF_CCP,2022,2021,OPR_PFTS_TO_SAL,0,2022-03-31,RPT,18.4011
RBI:RATIO_LNGNFC_INDUS_ANN_RN(1.0),N_A,AFY,MNF_CCP,2022,2021,TAX_PROV_TO_EBT,0,2022-03-31,RPT,18.1366
RBI:RATIO_LNGNFC_INDUS_ANN_RN(1.0),N_A,AFY,MNF_CEE,2022,2021,CSH_CVG_RATIO,0,2022-03-31,RPT,9.294158
RBI:RATIO_LNGNFC_INDUS_ANN_RN(1.0),N_A,AFY,MNF_CEE,2022,2021,EBITDA_TO_SAL,0,2022-03-31,RPT,34.0085
RBI:RATIO_LNGNFC_INDUS_ANN_RN(1.0),N_A,AFY,MNF_CEE,2022,2021,INT_BURDEN,0,2022-03-31,RPT,16.0069
RBI:RATIO_LNGNFC_INDUS_ANN_RN(1.0),N_A,AFY,MNF_CEE,2022,2021,INT_CVG,0,2022-03-31,RPT,6.247305
RBI:RATIO_LNGNFC_INDUS_ANN_RN(1.0),N_A,AFY,MNF_CEE,2022,2021,INT_TO_SAL,0,2022-03-31,RPT,3.6591
RBI:RATIO_LNGNFC_INDUS_ANN_RN(1.0),N_A,AFY,MNF_CEE,2022,2021,NET_PFT_TO_SAL,0,2022-03-31,RPT,14.7019
RBI:RATIO_LNGNFC_INDUS_ANN_RN(1.0),N_A,AFY,MNF_CEE,2022,2021,OPR_PFTS_TO_SAL,0,2022-03-31,RPT,32.8271
RBI:RATIO_LNGNFC_INDUS_ANN_RN(1.0),N_A,AFY,MNF_CEE,2022,2021,TAX_PROV_TO_EBT,0,2022-03-31,RPT,24.3059
RBI:RATIO_LNGNFC_INDUS_ANN_RN(1.0),N_A,AFY,MNF_CHM_PRD,2022,2021,CSH_CVG_RATIO,0,2022-03-31,RPT,19.906545
RBI:RATIO_LNGNFC_INDUS_ANN_RN(1.0),N_A,AFY,MNF_CHM_PRD,2022,2021,EBITDA_TO_SAL,0,2022-03-31,RPT,19.051
RBI:RATIO_LNGNFC_INDUS_ANN_RN(1.0),N_A,AFY,MNF_CHM_PRD,2022,2021,INT_BURDEN,0,2022-03-31,RPT,5.8479
RBI:RATIO_LNGNFC_INDUS_ANN_RN(1.0),N_A,AFY,MNF_CHM_PRD,2022,2021,INT_CVG,0,2022-03-31,RPT,17.100141
RBI:RATIO_LNGNFC_INDUS_ANN_RN(1.0),N_A,AFY,MNF_CHM_PRD,2022,2021,INT_TO_SAL,0,2022-03-31,RPT,0.957
RBI:RATIO_LNGNFC_INDUS_ANN_RN(1.0),N_A,AFY,MNF_CHM_PRD,2022,2021,NET_PFT_TO_SAL,0,2022-03-31,RPT,11.4645
RBI:RATIO_LNGNFC_INDUS_ANN_RN(1.0),N_A,AFY,MNF_CHM_PRD,2022,2021,OPR_PFTS_TO_SAL,0,2022-03-31,RPT,17.2459
RBI:RATIO_LNGNFC_INDUS_ANN_RN(1.0),N_A,AFY,MNF_CHM_PRD,2022,2021,TAX_PROV_TO_EBT,0,2022-03-31,RPT,22.5107
RBI:RATIO_LNGNFC_INDUS_ANN_RN(1.0),N_A,AFY,MNF_CP_BASIC,2022,2021,CSH_CVG_RATIO,0,2022-03-31,RPT,15.238612
RBI:RATIO_LNGNFC_INDUS_ANN_RN(1.0),N_A,AFY,MNF_CP_BASIC,2022,2021,EBITDA_TO_SAL,0,2022-03-31,RPT,20.3056
RBI:RATIO_LNGNFC_INDUS_ANN_RN(1.0),N_A,AFY,MNF_CP_BASIC,2022,2021,INT_BURDEN,0,2022-03-31,RPT,7.7542
RBI:RATIO_LNGNFC_INDUS_ANN_RN(1.0),N_A,AFY,MNF_CP_BASIC,2022,2021,INT_CVG,0,2022-03-31,RPT,12.896246
RBI:RATIO_LNGNFC_INDUS_ANN_RN(1.0),N_A,AFY,MNF_CP_BASIC,2022,2021,INT_TO_SAL,0,2022-03-31,RPT,1.3325
RBI:RATIO_LNGNFC_INDUS_ANN_RN(1.0),N_A,AFY,MNF_CP_BASIC,2022,2021,NET_PFT_TO_SAL,0,2022-03-31,RPT,12.1461
RBI:RATIO_LNGNFC_INDUS_ANN_RN(1.0),N_A,AFY,MNF_CP_BASIC,2022,2021,OPR_PFTS_TO_SAL,0,2022-03-31,RPT,18.6347
RBI:RATIO_LNGNFC_INDUS_ANN_RN(1.0),N_A,AFY,MNF_CP_BASIC,2022,2021,TAX_PROV_TO_EBT,0,2022-03-31,RPT,23.5716
RBI:RATIO_LNGNFC_INDUS_ANN_RN(1.0),N_A,AFY,MNF_CP_FNP,2022,2021,CSH_CVG_RATIO,0,2022-03-31,RPT,12.705326
RBI:RATIO_LNGNFC_INDUS_ANN_RN(1.0),N_A,AFY,MNF_CP_FNP,2022,2021,EBITDA_TO_SAL,0,2022-03-31,RPT,15.8259
RBI:RATIO_LNGNFC_INDUS_ANN_RN(1.0),N_A,AFY,MNF_CP_FNP,2022,2021,INT_BURDEN,0,2022-03-31,RPT,9.0103
RBI:RATIO_LNGNFC_INDUS_ANN_RN(1.0),N_A,AFY,MNF_CP_FNP,2022,2021,INT_CVG,0,2022-03-31,RPT,11.098452
RBI:RATIO_LNGNFC_INDUS_ANN_RN(1.0),N_A,AFY,MNF_CP_FNP,2022,2021,INT_TO_SAL,0,2022-03-31,RPT,1.2456
RBI:RATIO_LNGNFC_INDUS_ANN_RN(1.0),N_A,AFY,MNF_CP_FNP,2022,2021,NET_PFT_TO_SAL,0,2022-03-31,RPT,8.6248
RBI:RATIO_LNGNFC_INDUS_ANN_RN(1.0),N_A,AFY,MNF_CP_FNP,2022,2021,OPR_PFTS_TO_SAL,0,2022-03-31,RPT,14.5242
RBI:RATIO_LNGNFC_INDUS_ANN_RN(1.0),N_A,AFY,MNF_CP_FNP,2022,2021,TAX_PROV_TO_EBT,0,2022-03-31,RPT,24.7196
RBI:RATIO_LNGNFC_INDUS_ANN_RN(1.0),N_A,AFY,MNF_CP_OTH,2022,2021,CSH_CVG_RATIO,0,2022-03-31,RPT,26.470556
RBI:RATIO_LNGNFC_INDUS_ANN_RN(1.0),N_A,AFY,MNF_CP_OTH,2022,2021,EBITDA_TO_SAL,0,2022-03-31,RPT,20.0463
RBI:RATIO_LNGNFC_INDUS_ANN_RN(1.0),N_A,AFY,MNF_CP_OTH,2022,2021,INT_BURDEN,0,2022-03-31,RPT,4.3649
RBI:RATIO_LNGNFC_INDUS_ANN_RN(1.0),N_A,AFY,MNF_CP_OTH,2022,2021,INT_CVG,0,2022-03-31,RPT,22.910179
RBI:RATIO_LNGNFC_INDUS_ANN_RN(1.0),N_A,AFY,MNF_CP_OTH,2022,2021,INT_TO_SAL,0,2022-03-31,RPT,0.7573
RBI:RATIO_LNGNFC_INDUS_ANN_RN(1.0),N_A,AFY,MNF_CP_OTH,2022,2021,NET_PFT_TO_SAL,0,2022-03-31,RPT,12.455
RBI:RATIO_LNGNFC_INDUS_ANN_RN(1.0),N_A,AFY,MNF_CP_OTH,2022,2021,OPR_PFTS_TO_SAL,0,2022-03-31,RPT,17.8636
RBI:RATIO_LNGNFC_INDUS_ANN_RN(1.0),N_A,AFY,MNF_CP_OTH,2022,2021,TAX_PROV_TO_EBT,0,2022-03-31,RPT,20.6241
RBI:RATIO_LNGNFC_INDUS_ANN_RN(1.0),N_A,AFY,MNF_CP_PNV,2022,2021,CSH_CVG_RATIO,0,2022-03-31,RPT,44.468629
RBI:RATIO_LNGNFC_INDUS_ANN_RN(1.0),N_A,AFY,MNF_CP_PNV,2022,2021,EBITDA_TO_SAL,0,2022-03-31,RPT,17.0764
RBI:RATIO_LNGNFC_INDUS_ANN_RN(1.0),N_A,AFY,MNF_CP_PNV,2022,2021,INT_BURDEN,0,2022-03-31,RPT,2.6766
RBI:RATIO_LNGNFC_INDUS_ANN_RN(1.0),N_A,AFY,MNF_CP_PNV,2022,2021,INT_CVG,0,2022-03-31,RPT,37.360466
RBI:RATIO_LNGNFC_INDUS_ANN_RN(1.0),N_A,AFY,MNF_CP_PNV,2022,2021,INT_TO_SAL,0,2022-03-31,RPT,0.384
RBI:RATIO_LNGNFC_INDUS_ANN_RN(1.0),N_A,AFY,MNF_CP_PNV,2022,2021,NET_PFT_TO_SAL,0,2022-03-31,RPT,10.2959
RBI:RATIO_LNGNFC_INDUS_ANN_RN(1.0),N_A,AFY,MNF_CP_PNV,2022,2021,OPR_PFTS_TO_SAL,0,2022-03-31,RPT,15.729
RBI:RATIO_LNGNFC_INDUS_ANN_RN(1.0),N_A,AFY,MNF_CP_PNV,2022,2021,TAX_PROV_TO_EBT,0,2022-03-31,RPT,25.7053
RBI:RATIO_LNGNFC_INDUS_ANN_RN(1.0),N_A,AFY,MNF_EMA,2022,2021,CSH_CVG_RATIO,0,2022-03-31,RPT,6.516877
RBI:RATIO_LNGNFC_INDUS_ANN_RN(1.0),N_A,AFY,MNF_EMA,2022,2021,EBITDA_TO_SAL,0,2022-03-31,RPT,10.2927
RBI:RATIO_LNGNFC_INDUS_ANN_RN(1.0),N_A,AFY,MNF_EMA,2022,2021,INT_BURDEN,0,2022-03-31,RPT,19.2965
RBI:RATIO_LNGNFC_INDUS_ANN_RN(1.0),N_A,AFY,MNF_EMA,2022,2021,INT_CVG,0,2022-03-31,RPT,5.182297
RBI:RATIO_LNGNFC_INDUS_ANN_RN(1.0),N_A,AFY,MNF_EMA,2022,2021,INT_TO_SAL,0,2022-03-31,RPT,1.5794
RBI:RATIO_LNGNFC_INDUS_ANN_RN(1.0),N_A,AFY,MNF_EMA,2022,2021,NET_PFT_TO_SAL,0,2022-03-31,RPT,7.6236
RBI:RATIO_LNGNFC_INDUS_ANN_RN(1.0),N_A,AFY,MNF_EMA,2022,2021,OPR_PFTS_TO_SAL,0,2022-03-31,RPT,8.9282
RBI:RATIO_LNGNFC_INDUS_ANN_RN(1.0),N_A,AFY,MNF_EMA,2022,2021,TAX_PROV_TO_EBT,0,2022-03-31,RPT,32.8629
RBI:RATIO_LNGNFC_INDUS_ANN_RN(1.0),N_A,AFY,MNF_FMP,2022,2021,CSH_CVG_RATIO,0,2022-03-31,RPT,10.535204
RBI:RATIO_LNGNFC_INDUS_ANN_RN(1.0),N_A,AFY,MNF_FMP,2022,2021,EBITDA_TO_SAL,0,2022-03-31,RPT,19.0425
RBI:RATIO_LNGNFC_INDUS_ANN_RN(1.0),N_A,AFY,MNF_FMP,2022,2021,INT_BURDEN,0,2022-03-31,RPT,12.3465
RBI:RATIO_LNGNFC_INDUS_ANN_RN(1.0),N_A,AFY,MNF_FMP,2022,2021,INT_CVG,0,2022-03-31,RPT,8.099489
RBI:RATIO_LNGNFC_INDUS_ANN_RN(1.0),N_A,AFY,MNF_FMP,2022,2021,INT_TO_SAL,0,2022-03-31,RPT,1.8075
RBI:RATIO_LNGNFC_INDUS_ANN_RN(1.0),N_A,AFY,MNF_FMP,2022,2021,NET_PFT_TO_SAL,0,2022-03-31,RPT,10.5505
RBI:RATIO_LNGNFC_INDUS_ANN_RN(1.0),N_A,AFY,MNF_FMP,2022,2021,OPR_PFTS_TO_SAL,0,2022-03-31,RPT,17.3336
RBI:RATIO_LNGNFC_INDUS_ANN_RN(1.0),N_A,AFY,MNF_FMP,2022,2021,TAX_PROV_TO_EBT,0,2022-03-31,RPT,22.7269
RBI:RATIO_LNGNFC_INDUS_ANN_RN(1.0),N_A,AFY,MNF_FPB,2022,2021,CSH_CVG_RATIO,0,2022-03-31,RPT,6.73048
RBI:RATIO_LNGNFC_INDUS_ANN_RN(1.0),N_A,AFY,MNF_FPB,2022,2021,EBITDA_TO_SAL,0,2022-03-31,RPT,10.1153
RBI:RATIO_LNGNFC_INDUS_ANN_RN(1.0),N_A,AFY,MNF_FPB,2022,2021,INT_BURDEN,0,2022-03-31,RPT,18.2468
RBI:RATIO_LNGNFC_INDUS_ANN_RN(1.0),N_A,AFY,MNF_FPB,2022,2021,INT_CVG,0,2022-03-31,RPT,5.480411
RBI:RATIO_LNGNFC_INDUS_ANN_RN(1.0),N_A,AFY,MNF_FPB,2022,2021,INT_TO_SAL,0,2022-03-31,RPT,1.5029
RBI:RATIO_LNGNFC_INDUS_ANN_RN(1.0),N_A,AFY,MNF_FPB,2022,2021,NET_PFT_TO_SAL,0,2022-03-31,RPT,5.1379
RBI:RATIO_LNGNFC_INDUS_ANN_RN(1.0),N_A,AFY,MNF_FPB,2022,2021,OPR_PFTS_TO_SAL,0,2022-03-31,RPT,8.9435
RBI:RATIO_LNGNFC_INDUS_ANN_RN(1.0),N_A,AFY,MNF_FPB,2022,2021,TAX_PROV_TO_EBT,0,2022-03-31,RPT,20.9444
RBI:RATIO_LNGNFC_INDUS_ANN_RN(1.0),N_A,AFY,MNF_FPB_DAIRY_PRD,2022,2021,CSH_CVG_RATIO,0,2022-03-31,RPT,7.643593
RBI:RATIO_LNGNFC_INDUS_ANN_RN(1.0),N_A,AFY,MNF_FPB_DAIRY_PRD,2022,2021,EBITDA_TO_SAL,0,2022-03-31,RPT,9.4144
RBI:RATIO_LNGNFC_INDUS_ANN_RN(1.0),N_A,AFY,MNF_FPB_DAIRY_PRD,2022,2021,INT_BURDEN,0,2022-03-31,RPT,21.06
RBI:RATIO_LNGNFC_INDUS_ANN_RN(1.0),N_A,AFY,MNF_FPB_DAIRY_PRD,2022,2021,INT_CVG,0,2022-03-31,RPT,4.748341
RBI:RATIO_LNGNFC_INDUS_ANN_RN(1.0),N_A,AFY,MNF_FPB_DAIRY_PRD,2022,2021,INT_TO_SAL,0,2022-03-31,RPT,1.2317
RBI:RATIO_LNGNFC_INDUS_ANN_RN(1.0),N_A,AFY,MNF_FPB_DAIRY_PRD,2022,2021,NET_PFT_TO_SAL,0,2022-03-31,RPT,3.6017
RBI:RATIO_LNGNFC_INDUS_ANN_RN(1.0),N_A,AFY,MNF_FPB_DAIRY_PRD,2022,2021,OPR_PFTS_TO_SAL,0,2022-03-31,RPT,8.6489
RBI:RATIO_LNGNFC_INDUS_ANN_RN(1.0),N_A,AFY,MNF_FPB_DAIRY_PRD,2022,2021,TAX_PROV_TO_EBT,0,2022-03-31,RPT,27.0993
RBI:RATIO_LNGNFC_INDUS_ANN_RN(1.0),N_A,AFY,MNF_FPB_EDD_OIL,2022,2021,CSH_CVG_RATIO,0,2022-03-31,RPT,6.359526
RBI:RATIO_LNGNFC_INDUS_ANN_RN(1.0),N_A,AFY,MNF_FPB_EDD_OIL,2022,2021,EBITDA_TO_SAL,0,2022-03-31,RPT,5.9472
RBI:RATIO_LNGNFC_INDUS_ANN_RN(1.0),N_A,AFY,MNF_FPB_EDD_OIL,2022,2021,INT_BURDEN,0,2022-03-31,RPT,17.6772
RBI:RATIO_LNGNFC_INDUS_ANN_RN(1.0),N_A,AFY,MNF_FPB_EDD_OIL,2022,2021,INT_CVG,0,2022-03-31,RPT,5.656999
RBI:RATIO_LNGNFC_INDUS_ANN_RN(1.0),N_A,AFY,MNF_FPB_EDD_OIL,2022,2021,INT_TO_SAL,0,2022-03-31,RPT,0.9352
RBI:RATIO_LNGNFC_INDUS_ANN_RN(1.0),N_A,AFY,MNF_FPB_EDD_OIL,2022,2021,NET_PFT_TO_SAL,0,2022-03-31,RPT,3.3554
RBI:RATIO_LNGNFC_INDUS_ANN_RN(1.0),N_A,AFY,MNF_FPB_EDD_OIL,2022,2021,OPR_PFTS_TO_SAL,0,2022-03-31,RPT,5.2767
RBI:RATIO_LNGNFC_INDUS_ANN_RN(1.0),N_A,AFY,MNF_FPB_EDD_OIL,2022,2021,TAX_PROV_TO_EBT,0,2022-03-31,RPT,19.4057
RBI:RATIO_LNGNFC_INDUS_ANN_RN(1.0),N_A,AFY,MNF_FPB_ESGR,2022,2021,CSH_CVG_RATIO,0,2022-03-31,RPT,3.442635
RBI:RATIO_LNGNFC_INDUS_ANN_RN(1.0),N_A,AFY,MNF_FPB_ESGR,2022,2021,EBITDA_TO_SAL,0,2022-03-31,RPT,11.4582
RBI:RATIO_LNGNFC_INDUS_ANN_RN(1.0),N_A,AFY,MNF_FPB_ESGR,2022,2021,INT_BURDEN,0,2022-03-31,RPT,38.5694
RBI:RATIO_LNGNFC_INDUS_ANN_RN(1.0),N_A,AFY,MNF_FPB_ESGR,2022,2021,INT_CVG,0,2022-03-31,RPT,2.592732
RBI:RATIO_LNGNFC_INDUS_ANN_RN(1.0),N_A,AFY,MNF_FPB_ESGR,2022,2021,INT_TO_SAL,0,2022-03-31,RPT,3.3283
RBI:RATIO_LNGNFC_INDUS_ANN_RN(1.0),N_A,AFY,MNF_FPB_ESGR,2022,2021,NET_PFT_TO_SAL,0,2022-03-31,RPT,4.4757
RBI:RATIO_LNGNFC_INDUS_ANN_RN(1.0),N_A,AFY,MNF_FPB_ESGR,2022,2021,OPR_PFTS_TO_SAL,0,2022-03-31,RPT,10.0551
RBI:RATIO_LNGNFC_INDUS_ANN_RN(1.0),N_A,AFY,MNF_FPB_ESGR,2022,2021,TAX_PROV_TO_EBT,0,2022-03-31,RPT,17.5126
RBI:RATIO_LNGNFC_INDUS_ANN_RN(1.0),N_A,AFY,MNF_FPB_OFP,2022,2021,CSH_CVG_RATIO,0,2022-03-31,RPT,11.697497
RBI:RATIO_LNGNFC_INDUS_ANN_RN(1.0),N_A,AFY,MNF_FPB_OFP,2022,2021,EBITDA_TO_SAL,0,2022-03-31,RPT,14.4641
RBI:RATIO_LNGNFC_INDUS_ANN_RN(1.0),N_A,AFY,MNF_FPB_OFP,2022,2021,INT_BURDEN,0,2022-03-31,RPT,10.4179
RBI:RATIO_LNGNFC_INDUS_ANN_RN(1.0),N_A,AFY,MNF_FPB_OFP,2022,2021,INT_CVG,0,2022-03-31,RPT,9.598878
RBI:RATIO_LNGNFC_INDUS_ANN_RN(1.0),N_A,AFY,MNF_FPB_OFP,2022,2021,INT_TO_SAL,0,2022-03-31,RPT,1.2365
RBI:RATIO_LNGNFC_INDUS_ANN_RN(1.0),N_A,AFY,MNF_FPB_OFP,2022,2021,NET_PFT_TO_SAL,0,2022-03-31,RPT,7.8318
RBI:RATIO_LNGNFC_INDUS_ANN_RN(1.0),N_A,AFY,MNF_FPB_OFP,2022,2021,OPR_PFTS_TO_SAL,0,2022-03-31,RPT,12.7629
RBI:RATIO_LNGNFC_INDUS_ANN_RN(1.0),N_A,AFY,MNF_FPB_OFP,2022,2021,TAX_PROV_TO_EBT,0,2022-03-31,RPT,22.4011
RBI:RATIO_LNGNFC_INDUS_ANN_RN(1.0),N_A,AFY,MNF_GGP,2022,2021,CSH_CVG_RATIO,0,2022-03-31,RPT,5.311809
RBI:RATIO_LNGNFC_INDUS_ANN_RN(1.0),N_A,AFY,MNF_GGP,2022,2021,EBITDA_TO_SAL,0,2022-03-31,RPT,18.7495
RBI:RATIO_LNGNFC_INDUS_ANN_RN(1.0),N_A,AFY,MNF_GGP,2022,2021,INT_BURDEN,0,2022-03-31,RPT,26.3631
RBI:RATIO_LNGNFC_INDUS_ANN_RN(1.0),N_A,AFY,MNF_GGP,2022,2021,INT_CVG,0,2022-03-31,RPT,3.793186
RBI:RATIO_LNGNFC_INDUS_ANN_RN(1.0),N_A,AFY,MNF_GGP,2022,2021,INT_TO_SAL,0,2022-03-31,RPT,3.5298
RBI:RATIO_LNGNFC_INDUS_ANN_RN(1.0),N_A,AFY,MNF_GGP,2022,2021,NET_PFT_TO_SAL,0,2022-03-31,RPT,7.9139
RBI:RATIO_LNGNFC_INDUS_ANN_RN(1.0),N_A,AFY,MNF_GGP,2022,2021,OPR_PFTS_TO_SAL,0,2022-03-31,RPT,15.9095
RBI:RATIO_LNGNFC_INDUS_ANN_RN(1.0),N_A,AFY,MNF_GGP,2022,2021,TAX_PROV_TO_EBT,0,2022-03-31,RPT,25.5566
RBI:RATIO_LNGNFC_INDUS_ANN_RN(1.0),N_A,AFY,MNF_INS,2022,2021,CSH_CVG_RATIO,0,2022-03-31,RPT,10.961733
RBI:RATIO_LNGNFC_INDUS_ANN_RN(1.0),N_A,AFY,MNF_INS,2022,2021,EBITDA_TO_SAL,0,2022-03-31,RPT,26.1423
RBI:RATIO_LNGNFC_INDUS_ANN_RN(1.0),N_A,AFY,MNF_INS,2022,2021,INT_BURDEN,0,2022-03-31,RPT,10.5126
RBI:RATIO_LNGNFC_INDUS_ANN_RN(1.0),N_A,AFY,MNF_INS,2022,2021,INT_CVG,0,2022-03-31,RPT,9.512432
RBI:RATIO_LNGNFC_INDUS_ANN_RN(1.0),N_A,AFY,MNF_INS,2022,2021,INT_TO_SAL,0,2022-03-31,RPT,2.3849
RBI:RATIO_LNGNFC_INDUS_ANN_RN(1.0),N_A,AFY,MNF_INS,2022,2021,NET_PFT_TO_SAL,0,2022-03-31,RPT,15.6543
RBI:RATIO_LNGNFC_INDUS_ANN_RN(1.0),N_A,AFY,MNF_INS,2022,2021,OPR_PFTS_TO_SAL,0,2022-03-31,RPT,24.7675
RBI:RATIO_LNGNFC_INDUS_ANN_RN(1.0),N_A,AFY,MNF_INS,2022,2021,TAX_PROV_TO_EBT,0,2022-03-31,RPT,22.5183
RBI:RATIO_LNGNFC_INDUS_ANN_RN(1.0),N_A,AFY,MNF_JRA,2022,2021,CSH_CVG_RATIO,0,2022-03-31,RPT,4.92634
RBI:RATIO_LNGNFC_INDUS_ANN_RN(1.0),N_A,AFY,MNF_JRA,2022,2021,EBITDA_TO_SAL,0,2022-03-31,RPT,7.7762
RBI:RATIO_LNGNFC_INDUS_ANN_RN(1.0),N_A,AFY,MNF_JRA,2022,2021,INT_BURDEN,0,2022-03-31,RPT,23.1967
RBI:RATIO_LNGNFC_INDUS_ANN_RN(1.0),N_A,AFY,MNF_JRA,2022,2021,INT_CVG,0,2022-03-31,RPT,4.310963
RBI:RATIO_LNGNFC_INDUS_ANN_RN(1.0),N_A,AFY,MNF_JRA,2022,2021,INT_TO_SAL,0,2022-03-31,RPT,1.5785
RBI:RATIO_LNGNFC_INDUS_ANN_RN(1.0),N_A,AFY,MNF_JRA,2022,2021,NET_PFT_TO_SAL,0,2022-03-31,RPT,3.8744
RBI:RATIO_LNGNFC_INDUS_ANN_RN(1.0),N_A,AFY,MNF_JRA,2022,2021,OPR_PFTS_TO_SAL,0,2022-03-31,RPT,6.5603
RBI:RATIO_LNGNFC_INDUS_ANN_RN(1.0),N_A,AFY,MNF_JRA,2022,2021,TAX_PROV_TO_EBT,0,2022-03-31,RPT,25.1555
RBI:RATIO_LNGNFC_INDUS_ANN_RN(1.0),N_A,AFY,MNF_LTH,2022,2021,CSH_CVG_RATIO,0,2022-03-31,RPT,9.387238
RBI:RATIO_LNGNFC_INDUS_ANN_RN(1.0),N_A,AFY,MNF_LTH,2022,2021,EBITDA_TO_SAL,0,2022-03-31,RPT,14.0245
RBI:RATIO_LNGNFC_INDUS_ANN_RN(1.0),N_A,AFY,MNF_LTH,2022,2021,INT_BURDEN,0,2022-03-31,RPT,14.936
RBI:RATIO_LNGNFC_INDUS_ANN_RN(1.0),N_A,AFY,MNF_LTH,2022,2021,INT_CVG,0,2022-03-31,RPT,6.695219
RBI:RATIO_LNGNFC_INDUS_ANN_RN(1.0),N_A,AFY,MNF_LTH,2022,2021,INT_TO_SAL,0,2022-03-31,RPT,1.494
RBI:RATIO_LNGNFC_INDUS_ANN_RN(1.0),N_A,AFY,MNF_LTH,2022,2021,NET_PFT_TO_SAL,0,2022-03-31,RPT,6.3016
RBI:RATIO_LNGNFC_INDUS_ANN_RN(1.0),N_A,AFY,MNF_LTH,2022,2021,OPR_PFTS_TO_SAL,0,2022-03-31,RPT,12.7009
RBI:RATIO_LNGNFC_INDUS_ANN_RN(1.0),N_A,AFY,MNF_LTH,2022,2021,TAX_PROV_TO_EBT,0,2022-03-31,RPT,26.4837
RBI:RATIO_LNGNFC_INDUS_ANN_RN(1.0),N_A,AFY,MNF_MMT,2022,2021,CSH_CVG_RATIO,0,2022-03-31,RPT,15.896283
RBI:RATIO_LNGNFC_INDUS_ANN_RN(1.0),N_A,AFY,MNF_MMT,2022,2021,EBITDA_TO_SAL,0,2022-03-31,RPT,13.2675
RBI:RATIO_LNGNFC_INDUS_ANN_RN(1.0),N_A,AFY,MNF_MMT,2022,2021,INT_BURDEN,0,2022-03-31,RPT,7.522
RBI:RATIO_LNGNFC_INDUS_ANN_RN(1.0),N_A,AFY,MNF_MMT,2022,2021,INT_CVG,0,2022-03-31,RPT,13.29442
RBI:RATIO_LNGNFC_INDUS_ANN_RN(1.0),N_A,AFY,MNF_MMT,2022,2021,INT_TO_SAL,0,2022-03-31,RPT,0.8346
RBI:RATIO_LNGNFC_INDUS_ANN_RN(1.0),N_A,AFY,MNF_MMT,2022,2021,NET_PFT_TO_SAL,0,2022-03-31,RPT,12.9189
RBI:RATIO_LNGNFC_INDUS_ANN_RN(1.0),N_A,AFY,MNF_MMT,2022,2021,OPR_PFTS_TO_SAL,0,2022-03-31,RPT,11.2886
RBI:RATIO_LNGNFC_INDUS_ANN_RN(1.0),N_A,AFY,MNF_MMT,2022,2021,TAX_PROV_TO_EBT,0,2022-03-31,RPT,25.1973
RBI:RATIO_LNGNFC_INDUS_ANN_RN(1.0),N_A,AFY,MNF_MMT_MV,2022,2021,CSH_CVG_RATIO,0,2022-03-31,RPT,12.193115
RBI:RATIO_LNGNFC_INDUS_ANN_RN(1.0),N_A,AFY,MNF_MMT_MV,2022,2021,EBITDA_TO_SAL,0,2022-03-31,RPT,11.4317
RBI:RATIO_LNGNFC_INDUS_ANN_RN(1.0),N_A,AFY,MNF_MMT_MV,2022,2021,INT_BURDEN,0,2022-03-31,RPT,11.3564
RBI:RATIO_LNGNFC_INDUS_ANN_RN(1.0),N_A,AFY,MNF_MMT_MV,2022,2021,INT_CVG,0,2022-03-31,RPT,8.805615
RBI:RATIO_LNGNFC_INDUS_ANN_RN(1.0),N_A,AFY,MNF_MMT_MV,2022,2021,INT_TO_SAL,0,2022-03-31,RPT,0.9375
RBI:RATIO_LNGNFC_INDUS_ANN_RN(1.0),N_A,AFY,MNF_MMT_MV,2022,2021,NET_PFT_TO_SAL,0,2022-03-31,RPT,5.8111
RBI:RATIO_LNGNFC_INDUS_ANN_RN(1.0),N_A,AFY,MNF_MMT_MV,2022,2021,OPR_PFTS_TO_SAL,0,2022-03-31,RPT,9.0574
RBI:RATIO_LNGNFC_INDUS_ANN_RN(1.0),N_A,AFY,MNF_MMT_MV,2022,2021,TAX_PROV_TO_EBT,0,2022-03-31,RPT,23.6135
RBI:RATIO_LNGNFC_INDUS_ANN_RN(1.0),N_A,AFY,MNF_MMT_OTH,2022,2021,CSH_CVG_RATIO,0,2022-03-31,RPT,11.245572
RBI:RATIO_LNGNFC_INDUS_ANN_RN(1.0),N_A,AFY,MNF_MMT_OTH,2022,2021,EBITDA_TO_SAL,0,2022-03-31,RPT,11.7525
RBI:RATIO_LNGNFC_INDUS_ANN_RN(1.0),N_A,AFY,MNF_MMT_OTH,2022,2021,INT_BURDEN,0,2022-03-31,RPT,12.3427
RBI:RATIO_LNGNFC_INDUS_ANN_RN(1.0),N_A,AFY,MNF_MMT_OTH,2022,2021,INT_CVG,0,2022-03-31,RPT,8.101951
RBI:RATIO_LNGNFC_INDUS_ANN_RN(1.0),N_A,AFY,MNF_MMT_OTH,2022,2021,INT_TO_SAL,0,2022-03-31,RPT,1.0451
RBI:RATIO_LNGNFC_INDUS_ANN_RN(1.0),N_A,AFY,MNF_MMT_OTH,2022,2021,NET_PFT_TO_SAL,0,2022-03-31,RPT,6.3478
RBI:RATIO_LNGNFC_INDUS_ANN_RN(1.0),N_A,AFY,MNF_MMT_OTH,2022,2021,OPR_PFTS_TO_SAL,0,2022-03-31,RPT,9.422
RBI:RATIO_LNGNFC_INDUS_ANN_RN(1.0),N_A,AFY,MNF_MMT_OTH,2022,2021,TAX_PROV_TO_EBT,0,2022-03-31,RPT,23.2889
RBI:RATIO_LNGNFC_INDUS_ANN_RN(1.0),N_A,AFY,MNF_MMT_PRTS,2022,2021,CSH_CVG_RATIO,0,2022-03-31,RPT,9.153099
RBI:RATIO_LNGNFC_INDUS_ANN_RN(1.0),N_A,AFY,MNF_MMT_PRTS,2022,2021,EBITDA_TO_SAL,0,2022-03-31,RPT,12.8103
RBI:RATIO_LNGNFC_INDUS_ANN_RN(1.0),N_A,AFY,MNF_MMT_PRTS,2022,2021,INT_BURDEN,0,2022-03-31,RPT,15.2717
RBI:RATIO_LNGNFC_INDUS_ANN_RN(1.0),N_A,AFY,MNF_MMT_PRTS,2022,2021,INT_CVG,0,2022-03-31,RPT,6.548039
RBI:RATIO_LNGNFC_INDUS_ANN_RN(1.0),N_A,AFY,MNF_MMT_PRTS,2022,2021,INT_TO_SAL,0,2022-03-31,RPT,1.3996
RBI:RATIO_LNGNFC_INDUS_ANN_RN(1.0),N_A,AFY,MNF_MMT_PRTS,2022,2021,NET_PFT_TO_SAL,0,2022-03-31,RPT,8.1172
RBI:RATIO_LNGNFC_INDUS_ANN_RN(1.0),N_A,AFY,MNF_MMT_PRTS,2022,2021,OPR_PFTS_TO_SAL,0,2022-03-31,RPT,10.6242
RBI:RATIO_LNGNFC_INDUS_ANN_RN(1.0),N_A,AFY,MNF_MMT_PRTS,2022,2021,TAX_PROV_TO_EBT,0,2022-03-31,RPT,22.2055
RBI:RATIO_LNGNFC_INDUS_ANN_RN(1.0),N_A,AFY,MNF_MPOSE,2022,2021,CSH_CVG_RATIO,0,2022-03-31,RPT,41.48686
RBI:RATIO_LNGNFC_INDUS_ANN_RN(1.0),N_A,AFY,MNF_MPOSE,2022,2021,EBITDA_TO_SAL,0,2022-03-31,RPT,29.9932
RBI:RATIO_LNGNFC_INDUS_ANN_RN(1.0),N_A,AFY,MNF_MPOSE,2022,2021,INT_BURDEN,0,2022-03-31,RPT,2.9838
RBI:RATIO_LNGNFC_INDUS_ANN_RN(1.0),N_A,AFY,MNF_MPOSE,2022,2021,INT_CVG,0,2022-03-31,RPT,33.514523
RBI:RATIO_LNGNFC_INDUS_ANN_RN(1.0),N_A,AFY,MNF_MPOSE,2022,2021,INT_TO_SAL,0,2022-03-31,RPT,0.723
RBI:RATIO_LNGNFC_INDUS_ANN_RN(1.0),N_A,AFY,MNF_MPOSE,2022,2021,NET_PFT_TO_SAL,0,2022-03-31,RPT,-0.23
RBI:RATIO_LNGNFC_INDUS_ANN_RN(1.0),N_A,AFY,MNF_MPOSE,2022,2021,OPR_PFTS_TO_SAL,0,2022-03-31,RPT,21.4897
RBI:RATIO_LNGNFC_INDUS_ANN_RN(1.0),N_A,AFY,MNF_MPOSE,2022,2021,TAX_PROV_TO_EBT,0,2022-03-31,RPT,24.034
RBI:RATIO_LNGNFC_INDUS_ANN_RN(1.0),N_A,AFY,MNF_OTH,2022,2021,CSH_CVG_RATIO,0,2022-03-31,RPT,22.532805
RBI:RATIO_LNGNFC_INDUS_ANN_RN(1.0),N_A,AFY,MNF_OTH,2022,2021,EBITDA_TO_SAL,0,2022-03-31,RPT,17.51
RBI:RATIO_LNGNFC_INDUS_ANN_RN(1.0),N_A,AFY,MNF_OTH,2022,2021,INT_BURDEN,0,2022-03-31,RPT,5.2867
RBI:RATIO_LNGNFC_INDUS_ANN_RN(1.0),N_A,AFY,MNF_OTH,2022,2021,INT_CVG,0,2022-03-31,RPT,18.915406
RBI:RATIO_LNGNFC_INDUS_ANN_RN(1.0),N_A,AFY,MNF_OTH,2022,2021,INT_TO_SAL,0,2022-03-31,RPT,0.7771
RBI:RATIO_LNGNFC_INDUS_ANN_RN(1.0),N_A,AFY,MNF_OTH,2022,2021,NET_PFT_TO_SAL,0,2022-03-31,RPT,10.3387
RBI:RATIO_LNGNFC_INDUS_ANN_RN(1.0),N_A,AFY,MNF_OTH,2022,2021,OPR_PFTS_TO_SAL,0,2022-03-31,RPT,14.6349
RBI:RATIO_LNGNFC_INDUS_ANN_RN(1.0),N_A,AFY,MNF_OTH,2022,2021,TAX_PROV_TO_EBT,0,2022-03-31,RPT,25.0438
RBI:RATIO_LNGNFC_INDUS_ANN_RN(1.0),N_A,AFY,MNF_PETR_PRD,2022,2021,CSH_CVG_RATIO,0,2022-03-31,RPT,7.530872
RBI:RATIO_LNGNFC_INDUS_ANN_RN(1.0),N_A,AFY,MNF_PETR_PRD,2022,2021,EBITDA_TO_SAL,0,2022-03-31,RPT,15.6969
RBI:RATIO_LNGNFC_INDUS_ANN_RN(1.0),N_A,AFY,MNF_PETR_PRD,2022,2021,INT_BURDEN,0,2022-03-31,RPT,15.6615
RBI:RATIO_LNGNFC_INDUS_ANN_RN(1.0),N_A,AFY,MNF_PETR_PRD,2022,2021,INT_CVG,0,2022-03-31,RPT,6.385091
RBI:RATIO_LNGNFC_INDUS_ANN_RN(1.0),N_A,AFY,MNF_PETR_PRD,2022,2021,INT_TO_SAL,0,2022-03-31,RPT,2.0843
RBI:RATIO_LNGNFC_INDUS_ANN_RN(1.0),N_A,AFY,MNF_PETR_PRD,2022,2021,NET_PFT_TO_SAL,0,2022-03-31,RPT,9.3199
RBI:RATIO_LNGNFC_INDUS_ANN_RN(1.0),N_A,AFY,MNF_PETR_PRD,2022,2021,OPR_PFTS_TO_SAL,0,2022-03-31,RPT,12.5038
RBI:RATIO_LNGNFC_INDUS_ANN_RN(1.0),N_A,AFY,MNF_PETR_PRD,2022,2021,TAX_PROV_TO_EBT,0,2022-03-31,RPT,3.011
RBI:RATIO_LNGNFC_INDUS_ANN_RN(1.0),N_A,AFY,MNF_PM,2022,2021,CSH_CVG_RATIO,0,2022-03-31,RPT,14.763584
RBI:RATIO_LNGNFC_INDUS_ANN_RN(1.0),N_A,AFY,MNF_PM,2022,2021,EBITDA_TO_SAL,0,2022-03-31,RPT,25.17
RBI:RATIO_LNGNFC_INDUS_ANN_RN(1.0),N_A,AFY,MNF_PM,2022,2021,INT_BURDEN,0,2022-03-31,RPT,8.3027
RBI:RATIO_LNGNFC_INDUS_ANN_RN(1.0),N_A,AFY,MNF_PM,2022,2021,INT_CVG,0,2022-03-31,RPT,12.044215
RBI:RATIO_LNGNFC_INDUS_ANN_RN(1.0),N_A,AFY,MNF_PM,2022,2021,INT_TO_SAL,0,2022-03-31,RPT,1.7049
RBI:RATIO_LNGNFC_INDUS_ANN_RN(1.0),N_A,AFY,MNF_PM,2022,2021,NET_PFT_TO_SAL,0,2022-03-31,RPT,14.227
RBI:RATIO_LNGNFC_INDUS_ANN_RN(1.0),N_A,AFY,MNF_PM,2022,2021,OPR_PFTS_TO_SAL,0,2022-03-31,RPT,20.5121
RBI:RATIO_LNGNFC_INDUS_ANN_RN(1.0),N_A,AFY,MNF_PM,2022,2021,TAX_PROV_TO_EBT,0,2022-03-31,RPT,19.3228
RBI:RATIO_LNGNFC_INDUS_ANN_RN(1.0),N_A,AFY,MNF_PNFFM,2022,2021,CSH_CVG_RATIO,0,2022-03-31,RPT,11.039493
RBI:RATIO_LNGNFC_INDUS_ANN_RN(1.0),N_A,AFY,MNF_PNFFM,2022,2021,EBITDA_TO_SAL,0,2022-03-31,RPT,32.3108
RBI:RATIO_LNGNFC_INDUS_ANN_RN(1.0),N_A,AFY,MNF_PNFFM,2022,2021,INT_BURDEN,0,2022-03-31,RPT,10.5144
RBI:RATIO_LNGNFC_INDUS_ANN_RN(1.0),N_A,AFY,MNF_PNFFM,2022,2021,INT_CVG,0,2022-03-31,RPT,9.510767
RBI:RATIO_LNGNFC_INDUS_ANN_RN(1.0),N_A,AFY,MNF_PNFFM,2022,2021,INT_TO_SAL,0,2022-03-31,RPT,2.9268
RBI:RATIO_LNGNFC_INDUS_ANN_RN(1.0),N_A,AFY,MNF_PNFFM,2022,2021,NET_PFT_TO_SAL,0,2022-03-31,RPT,18.8915
RBI:RATIO_LNGNFC_INDUS_ANN_RN(1.0),N_A,AFY,MNF_PNFFM,2022,2021,OPR_PFTS_TO_SAL,0,2022-03-31,RPT,26.4112
RBI:RATIO_LNGNFC_INDUS_ANN_RN(1.0),N_A,AFY,MNF_PNFFM,2022,2021,TAX_PROV_TO_EBT,0,2022-03-31,RPT,17.4851
RBI:RATIO_LNGNFC_INDUS_ANN_RN(1.0),N_A,AFY,MNF_PNPD,2022,2021,CSH_CVG_RATIO,0,2022-03-31,RPT,5.818791
RBI:RATIO_LNGNFC_INDUS_ANN_RN(1.0),N_A,AFY,MNF_PNPD,2022,2021,EBITDA_TO_SAL,0,2022-03-31,RPT,14.4369
RBI:RATIO_LNGNFC_INDUS_ANN_RN(1.0),N_A,AFY,MNF_PNPD,2022,2021,INT_BURDEN,0,2022-03-31,RPT,24.7022
RBI:RATIO_LNGNFC_INDUS_ANN_RN(1.0),N_A,AFY,MNF_PNPD,2022,2021,INT_CVG,0,2022-03-31,RPT,4.048229
RBI:RATIO_LNGNFC_INDUS_ANN_RN(1.0),N_A,AFY,MNF_PNPD,2022,2021,INT_TO_SAL,0,2022-03-31,RPT,2.4811
RBI:RATIO_LNGNFC_INDUS_ANN_RN(1.0),N_A,AFY,MNF_PNPD,2022,2021,NET_PFT_TO_SAL,0,2022-03-31,RPT,5.303
RBI:RATIO_LNGNFC_INDUS_ANN_RN(1.0),N_A,AFY,MNF_PNPD,2022,2021,OPR_PFTS_TO_SAL,0,2022-03-31,RPT,12.911
RBI:RATIO_LNGNFC_INDUS_ANN_RN(1.0),N_A,AFY,MNF_PNPD,2022,2021,TAX_PROV_TO_EBT,0,2022-03-31,RPT,17.8399
RBI:RATIO_LNGNFC_INDUS_ANN_RN(1.0),N_A,AFY,MNF_PP,2022,2021,CSH_CVG_RATIO,0,2022-03-31,RPT,9.675887
RBI:RATIO_LNGNFC_INDUS_ANN_RN(1.0),N_A,AFY,MNF_PP,2022,2021,EBITDA_TO_SAL,0,2022-03-31,RPT,16.2873
RBI:RATIO_LNGNFC_INDUS_ANN_RN(1.0),N_A,AFY,MNF_PP,2022,2021,INT_BURDEN,0,2022-03-31,RPT,12.8484
RBI:RATIO_LNGNFC_INDUS_ANN_RN(1.0),N_A,AFY,MNF_PP,2022,2021,INT_CVG,0,2022-03-31,RPT,7.783073
RBI:RATIO_LNGNFC_INDUS_ANN_RN(1.0),N_A,AFY,MNF_PP,2022,2021,INT_TO_SAL,0,2022-03-31,RPT,1.6833
RBI:RATIO_LNGNFC_INDUS_ANN_RN(1.0),N_A,AFY,MNF_PP,2022,2021,NET_PFT_TO_SAL,0,2022-03-31,RPT,9.7319
RBI:RATIO_LNGNFC_INDUS_ANN_RN(1.0),N_A,AFY,MNF_PP,2022,2021,OPR_PFTS_TO_SAL,0,2022-03-31,RPT,14.0416
RBI:RATIO_LNGNFC_INDUS_ANN_RN(1.0),N_A,AFY,MNF_PP,2022,2021,TAX_PROV_TO_EBT,0,2022-03-31,RPT,23.865
RBI:RATIO_LNGNFC_INDUS_ANN_RN(1.0),N_A,AFY,MNF_RRP,2022,2021,CSH_CVG_RATIO,0,2022-03-31,RPT,6.410647
RBI:RATIO_LNGNFC_INDUS_ANN_RN(1.0),N_A,AFY,MNF_RRP,2022,2021,EBITDA_TO_SAL,0,2022-03-31,RPT,12.7073
RBI:RATIO_LNGNFC_INDUS_ANN_RN(1.0),N_A,AFY,MNF_RRP,2022,2021,INT_BURDEN,0,2022-03-31,RPT,25.9676
RBI:RATIO_LNGNFC_INDUS_ANN_RN(1.0),N_A,AFY,MNF_RRP,2022,2021,INT_CVG,0,2022-03-31,RPT,3.850949
RBI:RATIO_LNGNFC_INDUS_ANN_RN(1.0),N_A,AFY,MNF_RRP,2022,2021,INT_TO_SAL,0,2022-03-31,RPT,1.9822
RBI:RATIO_LNGNFC_INDUS_ANN_RN(1.0),N_A,AFY,MNF_RRP,2022,2021,NET_PFT_TO_SAL,0,2022-03-31,RPT,3.3315
RBI:RATIO_LNGNFC_INDUS_ANN_RN(1.0),N_A,AFY,MNF_RRP,2022,2021,OPR_PFTS_TO_SAL,0,2022-03-31,RPT,11.0998
RBI:RATIO_LNGNFC_INDUS_ANN_RN(1.0),N_A,AFY,MNF_RRP,2022,2021,TAX_PROV_TO_EBT,0,2022-03-31,RPT,24.7555
RBI:RATIO_LNGNFC_INDUS_ANN_RN(1.0),N_A,AFY,MNF_TBC_PRD,2022,2021,EBITDA_TO_SAL,0,2022-03-31,RPT,37.6411
RBI:RATIO_LNGNFC_INDUS_ANN_RN(1.0),N_A,AFY,MNF_TBC_PRD,2022,2021,INT_BURDEN,0,2022-03-31,RPT,0.395
RBI:RATIO_LNGNFC_INDUS_ANN_RN(1.0),N_A,AFY,MNF_TBC_PRD,2022,2021,INT_TO_SAL,0,2022-03-31,RPT,0.1367
RBI:RATIO_LNGNFC_INDUS_ANN_RN(1.0),N_A,AFY,MNF_TBC_PRD,2022,2021,NET_PFT_TO_SAL,0,2022-03-31,RPT,26.1812
RBI:RATIO_LNGNFC_INDUS_ANN_RN(1.0),N_A,AFY,MNF_TBC_PRD,2022,2021,OPR_PFTS_TO_SAL,0,2022-03-31,RPT,33.0835
RBI:RATIO_LNGNFC_INDUS_ANN_RN(1.0),N_A,AFY,MNF_TBC_PRD,2022,2021,TAX_PROV_TO_EBT,0,2022-03-31,RPT,24.3472
RBI:RATIO_LNGNFC_INDUS_ANN_RN(1.0),N_A,AFY,MNF_TXT,2022,2021,CSH_CVG_RATIO,0,2022-03-31,RPT,4.671134
RBI:RATIO_LNGNFC_INDUS_ANN_RN(1.0),N_A,AFY,MNF_TXT,2022,2021,EBITDA_TO_SAL,0,2022-03-31,RPT,15.0378
RBI:RATIO_LNGNFC_INDUS_ANN_RN(1.0),N_A,AFY,MNF_TXT,2022,2021,INT_BURDEN,0,2022-03-31,RPT,27.7614
RBI:RATIO_LNGNFC_INDUS_ANN_RN(1.0),N_A,AFY,MNF_TXT,2022,2021,INT_CVG,0,2022-03-31,RPT,3.602124
RBI:RATIO_LNGNFC_INDUS_ANN_RN(1.0),N_A,AFY,MNF_TXT,2022,2021,INT_TO_SAL,0,2022-03-31,RPT,3.2193
RBI:RATIO_LNGNFC_INDUS_ANN_RN(1.0),N_A,AFY,MNF_TXT,2022,2021,NET_PFT_TO_SAL,0,2022-03-31,RPT,5.5718
RBI:RATIO_LNGNFC_INDUS_ANN_RN(1.0),N_A,AFY,MNF_TXT,2022,2021,OPR_PFTS_TO_SAL,0,2022-03-31,RPT,13.5354
RBI:RATIO_LNGNFC_INDUS_ANN_RN(1.0),N_A,AFY,MNF_TXT,2022,2021,TAX_PROV_TO_EBT,0,2022-03-31,RPT,24.2276
RBI:RATIO_LNGNFC_INDUS_ANN_RN(1.0),N_A,AFY,MNF_WOOD_PRD,2022,2021,CSH_CVG_RATIO,0,2022-03-31,RPT,14.492802
RBI:RATIO_LNGNFC_INDUS_ANN_RN(1.0),N_A,AFY,MNF_WOOD_PRD,2022,2021,EBITDA_TO_SAL,0,2022-03-31,RPT,15.4201
RBI:RATIO_LNGNFC_INDUS_ANN_RN(1.0),N_A,AFY,MNF_WOOD_PRD,2022,2021,INT_BURDEN,0,2022-03-31,RPT,8.3995
RBI:RATIO_LNGNFC_INDUS_ANN_RN(1.0),N_A,AFY,MNF_WOOD_PRD,2022,2021,INT_CVG,0,2022-03-31,RPT,11.905496
RBI:RATIO_LNGNFC_INDUS_ANN_RN(1.0),N_A,AFY,MNF_WOOD_PRD,2022,2021,INT_TO_SAL,0,2022-03-31,RPT,1.064
RBI:RATIO_LNGNFC_INDUS_ANN_RN(1.0),N_A,AFY,MNF_WOOD_PRD,2022,2021,NET_PFT_TO_SAL,0,2022-03-31,RPT,8.0542
RBI:RATIO_LNGNFC_INDUS_ANN_RN(1.0),N_A,AFY,MNF_WOOD_PRD,2022,2021,OPR_PFTS_TO_SAL,0,2022-03-31,RPT,14.586
RBI:RATIO_LNGNFC_INDUS_ANN_RN(1.0),N_A,AFY,MNF_WOOD_PRD,2022,2021,TAX_PROV_TO_EBT,0,2022-03-31,RPT,22.7127
RBI:RATIO_LNGNFC_INDUS_ANN_RN(1.0),N_A,AFY,SERV_OTH_IT,2022,2021,CSH_CVG_RATIO,0,2022-03-31,RPT,1.986008
RBI:RATIO_LNGNFC_INDUS_ANN_RN(1.0),N_A,AFY,SERV_OTH_IT,2022,2021,EBITDA_TO_SAL,0,2022-03-31,RPT,24.2925
RBI:RATIO_LNGNFC_INDUS_ANN_RN(1.0),N_A,AFY,SERV_OTH_IT,2022,2021,INT_BURDEN,0,2022-03-31,RPT,137.0696
RBI:RATIO_LNGNFC_INDUS_ANN_RN(1.0),N_A,AFY,SERV_OTH_IT,2022,2021,INT_CVG,0,2022-03-31,RPT,0.729556
RBI:RATIO_LNGNFC_INDUS_ANN_RN(1.0),N_A,AFY,SERV_OTH_IT,2022,2021,INT_TO_SAL,0,2022-03-31,RPT,12.2318
RBI:RATIO_LNGNFC_INDUS_ANN_RN(1.0),N_A,AFY,SERV_OTH_IT,2022,2021,NET_PFT_TO_SAL,0,2022-03-31,RPT,-6.7162
RBI:RATIO_LNGNFC_INDUS_ANN_RN(1.0),N_A,AFY,SERV_OTH_IT,2022,2021,OPR_PFTS_TO_SAL,0,2022-03-31,RPT,20.1811
RBI:RATIO_LNGNFC_INDUS_ANN_RN(1.0),N_A,AFY,SERV_OTH_IT,2022,2021,TAX_PROV_TO_EBT,0,2022-03-31,RPT,18.1136
RBI:RATIO_LNGNFC_INDUS_ANN_RN(1.0),N_A,AFY,SOI_BSS,2022,2021,CSH_CVG_RATIO,0,2022-03-31,RPT,4.396254
RBI:RATIO_LNGNFC_INDUS_ANN_RN(1.0),N_A,AFY,SOI_BSS,2022,2021,EBITDA_TO_SAL,0,2022-03-31,RPT,18.4547
RBI:RATIO_LNGNFC_INDUS_ANN_RN(1.0),N_A,AFY,SOI_BSS,2022,2021,INT_BURDEN,0,2022-03-31,RPT,29.5904
RBI:RATIO_LNGNFC_INDUS_ANN_RN(1.0),N_A,AFY,SOI_BSS,2022,2021,INT_CVG,0,2022-03-31,RPT,3.37947
RBI:RATIO_LNGNFC_INDUS_ANN_RN(1.0),N_A,AFY,SOI_BSS,2022,2021,INT_TO_SAL,0,2022-03-31,RPT,4.1978
RBI:RATIO_LNGNFC_INDUS_ANN_RN(1.0),N_A,AFY,SOI_BSS,2022,2021,NET_PFT_TO_SAL,0,2022-03-31,RPT,6.3593
RBI:RATIO_LNGNFC_INDUS_ANN_RN(1.0),N_A,AFY,SOI_BSS,2022,2021,OPR_PFTS_TO_SAL,0,2022-03-31,RPT,16.6703
RBI:RATIO_LNGNFC_INDUS_ANN_RN(1.0),N_A,AFY,SOI_BSS,2022,2021,TAX_PROV_TO_EBT,0,2022-03-31,RPT,20.7526
RBI:RATIO_LNGNFC_INDUS_ANN_RN(1.0),N_A,AFY,SOI_HNR,2022,2021,CSH_CVG_RATIO,0,2022-03-31,RPT,2.158433
RBI:RATIO_LNGNFC_INDUS_ANN_RN(1.0),N_A,AFY,SOI_HNR,2022,2021,EBITDA_TO_SAL,0,2022-03-31,RPT,20.6191
RBI:RATIO_LNGNFC_INDUS_ANN_RN(1.0),N_A,AFY,SOI_HNR,2022,2021,INT_BURDEN,0,2022-03-31,RPT,114.4433
RBI:RATIO_LNGNFC_INDUS_ANN_RN(1.0),N_A,AFY,SOI_HNR,2022,2021,INT_CVG,0,2022-03-31,RPT,0.873795
RBI:RATIO_LNGNFC_INDUS_ANN_RN(1.0),N_A,AFY,SOI_HNR,2022,2021,INT_TO_SAL,0,2022-03-31,RPT,9.5528
RBI:RATIO_LNGNFC_INDUS_ANN_RN(1.0),N_A,AFY,SOI_HNR,2022,2021,NET_PFT_TO_SAL,0,2022-03-31,RPT,-1.5591
RBI:RATIO_LNGNFC_INDUS_ANN_RN(1.0),N_A,AFY,SOI_HNR,2022,2021,OPR_PFTS_TO_SAL,0,2022-03-31,RPT,15.8471
RBI:RATIO_LNGNFC_INDUS_ANN_RN(1.0),N_A,AFY,SOI_HNR,2022,2021,TAX_PROV_TO_EBT,0,2022-03-31,RPT,14.1997
RBI:RATIO_LNGNFC_INDUS_ANN_RN(1.0),N_A,AFY,SOI_HS,2022,2021,CSH_CVG_RATIO,0,2022-03-31,RPT,6.714123
RBI:RATIO_LNGNFC_INDUS_ANN_RN(1.0),N_A,AFY,SOI_HS,2022,2021,EBITDA_TO_SAL,0,2022-03-31,RPT,23.6326
RBI:RATIO_LNGNFC_INDUS_ANN_RN(1.0),N_A,AFY,SOI_HS,2022,2021,INT_BURDEN,0,2022-03-31,RPT,20.5585
RBI:RATIO_LNGNFC_INDUS_ANN_RN(1.0),N_A,AFY,SOI_HS,2022,2021,INT_CVG,0,2022-03-31,RPT,4.864166
RBI:RATIO_LNGNFC_INDUS_ANN_RN(1.0),N_A,AFY,SOI_HS,2022,2021,INT_TO_SAL,0,2022-03-31,RPT,3.5198
RBI:RATIO_LNGNFC_INDUS_ANN_RN(1.0),N_A,AFY,SOI_HS,2022,2021,NET_PFT_TO_SAL,0,2022-03-31,RPT,9.9615
RBI:RATIO_LNGNFC_INDUS_ANN_RN(1.0),N_A,AFY,SOI_HS,2022,2021,OPR_PFTS_TO_SAL,0,2022-03-31,RPT,20.1261
RBI:RATIO_LNGNFC_INDUS_ANN_RN(1.0),N_A,AFY,SOI_HS,2022,2021,TAX_PROV_TO_EBT,0,2022-03-31,RPT,12.9249
RBI:RATIO_LNGNFC_INDUS_ANN_RN(1.0),N_A,AFY,SOI_OTH,2022,2021,CSH_CVG_RATIO,0,2022-03-31,RPT,6.598941
RBI:RATIO_LNGNFC_INDUS_ANN_RN(1.0),N_A,AFY,SOI_OTH,2022,2021,EBITDA_TO_SAL,0,2022-03-31,RPT,17.0436
RBI:RATIO_LNGNFC_INDUS_ANN_RN(1.0),N_A,AFY,SOI_OTH,2022,2021,INT_BURDEN,0,2022-03-31,RPT,21.3186
RBI:RATIO_LNGNFC_INDUS_ANN_RN(1.0),N_A,AFY,SOI_OTH,2022,2021,INT_CVG,0,2022-03-31,RPT,4.690742
RBI:RATIO_LNGNFC_INDUS_ANN_RN(1.0),N_A,AFY,SOI_OTH,2022,2021,INT_TO_SAL,0,2022-03-31,RPT,2.5828
RBI:RATIO_LNGNFC_INDUS_ANN_RN(1.0),N_A,AFY,SOI_OTH,2022,2021,NET_PFT_TO_SAL,0,2022-03-31,RPT,7.5943
RBI:RATIO_LNGNFC_INDUS_ANN_RN(1.0),N_A,AFY,SOI_OTH,2022,2021,OPR_PFTS_TO_SAL,0,2022-03-31,RPT,12.6669
RBI:RATIO_LNGNFC_INDUS_ANN_RN(1.0),N_A,AFY,SOI_OTH,2022,2021,TAX_PROV_TO_EBT,0,2022-03-31,RPT,21.2253
RBI:RATIO_LNGNFC_INDUS_ANN_RN(1.0),N_A,AFY,SOI_RE,2022,2021,CSH_CVG_RATIO,0,2022-03-31,RPT,3.504504
RBI:RATIO_LNGNFC_INDUS_ANN_RN(1.0),N_A,AFY,SOI_RE,2022,2021,EBITDA_TO_SAL,0,2022-03-31,RPT,48.8572
RBI:RATIO_LNGNFC_INDUS_ANN_RN(1.0),N_A,AFY,SOI_RE,2022,2021,INT_BURDEN,0,2022-03-31,RPT,30.1069
RBI:RATIO_LNGNFC_INDUS_ANN_RN(1.0),N_A,AFY,SOI_RE,2022,2021,INT_CVG,0,2022-03-31,RPT,3.321498
RBI:RATIO_LNGNFC_INDUS_ANN_RN(1.0),N_A,AFY,SOI_RE,2022,2021,INT_TO_SAL,0,2022-03-31,RPT,13.9413
RBI:RATIO_LNGNFC_INDUS_ANN_RN(1.0),N_A,AFY,SOI_RE,2022,2021,NET_PFT_TO_SAL,0,2022-03-31,RPT,24.8427
RBI:RATIO_LNGNFC_INDUS_ANN_RN(1.0),N_A,AFY,SOI_RE,2022,2021,OPR_PFTS_TO_SAL,0,2022-03-31,RPT,38.8677
RBI:RATIO_LNGNFC_INDUS_ANN_RN(1.0),N_A,AFY,SOI_RE,2022,2021,TAX_PROV_TO_EBT,0,2022-03-31,RPT,7.9922
RBI:RATIO_LNGNFC_INDUS_ANN_RN(1.0),N_A,AFY,SOI_TCOMM,2022,2021,CSH_CVG_RATIO,0,2022-03-31,RPT,1.459401
RBI:RATIO_LNGNFC_INDUS_ANN_RN(1.0),N_A,AFY,SOI_TCOMM,2022,2021,EBITDA_TO_SAL,0,2022-03-31,RPT,45.845
RBI:RATIO_LNGNFC_INDUS_ANN_RN(1.0),N_A,AFY,SOI_TCOMM,2022,2021,INT_CVG,0,2022-03-31,RPT,0.149894
RBI:RATIO_LNGNFC_INDUS_ANN_RN(1.0),N_A,AFY,SOI_TCOMM,2022,2021,INT_TO_SAL,0,2022-03-31,RPT,31.4136
RBI:RATIO_LNGNFC_INDUS_ANN_RN(1.0),N_A,AFY,SOI_TCOMM,2022,2021,NET_PFT_TO_SAL,0,2022-03-31,RPT,-32.3389
RBI:RATIO_LNGNFC_INDUS_ANN_RN(1.0),N_A,AFY,SOI_TCOMM,2022,2021,OPR_PFTS_TO_SAL,0,2022-03-31,RPT,44.025
RBI:RATIO_LNGNFC_INDUS_ANN_RN(1.0),N_A,AFY,SOI_TCOMM,2022,2021,TAX_PROV_TO_EBT,0,2022-03-31,RPT,22.1631
RBI:RATIO_LNGNFC_INDUS_ANN_RN(1.0),N_A,AFY,SOI_TSS,2022,2021,CSH_CVG_RATIO,0,2022-03-31,RPT,1.912744
RBI:RATIO_LNGNFC_INDUS_ANN_RN(1.0),N_A,AFY,SOI_TSS,2022,2021,EBITDA_TO_SAL,0,2022-03-31,RPT,17.9188
RBI:RATIO_LNGNFC_INDUS_ANN_RN(1.0),N_A,AFY,SOI_TSS,2022,2021,INT_CVG,0,2022-03-31,RPT,0.600041
RBI:RATIO_LNGNFC_INDUS_ANN_RN(1.0),N_A,AFY,SOI_TSS,2022,2021,INT_TO_SAL,0,2022-03-31,RPT,9.3681
RBI:RATIO_LNGNFC_INDUS_ANN_RN(1.0),N_A,AFY,SOI_TSS,2022,2021,NET_PFT_TO_SAL,0,2022-03-31,RPT,-6.2838
RBI:RATIO_LNGNFC_INDUS_ANN_RN(1.0),N_A,AFY,SOI_TSS,2022,2021,OPR_PFTS_TO_SAL,0,2022-03-31,RPT,10.3588
RBI:RATIO_LNGNFC_INDUS_ANN_RN(1.0),N_A,AFY,SOI_TSS,2022,2021,TAX_PROV_TO_EBT,0,2022-03-31,RPT,18.9457
RBI:RATIO_LNGNFC_INDUS_ANN_RN(1.0),N_A,AFY,SOI_VTPB,2022,2021,CSH_CVG_RATIO,0,2022-03-31,RPT,6.235593
RBI:RATIO_LNGNFC_INDUS_ANN_RN(1.0),N_A,AFY,SOI_VTPB,2022,2021,EBITDA_TO_SAL,0,2022-03-31,RPT,35.7595
RBI:RATIO_LNGNFC_INDUS_ANN_RN(1.0),N_A,AFY,SOI_VTPB,2022,2021,INT_BURDEN,0,2022-03-31,RPT,21.5472
RBI:RATIO_LNGNFC_INDUS_ANN_RN(1.0),N_A,AFY,SOI_VTPB,2022,2021,INT_CVG,0,2022-03-31,RPT,4.640966
RBI:RATIO_LNGNFC_INDUS_ANN_RN(1.0),N_A,AFY,SOI_VTPB,2022,2021,INT_TO_SAL,0,2022-03-31,RPT,5.7347
RBI:RATIO_LNGNFC_INDUS_ANN_RN(1.0),N_A,AFY,SOI_VTPB,2022,2021,NET_PFT_TO_SAL,0,2022-03-31,RPT,15.2047
RBI:RATIO_LNGNFC_INDUS_ANN_RN(1.0),N_A,AFY,SOI_VTPB,2022,2021,OPR_PFTS_TO_SAL,0,2022-03-31,RPT,30.5241
RBI:RATIO_LNGNFC_INDUS_ANN_RN(1.0),N_A,AFY,SOI_VTPB,2022,2021,TAX_PROV_TO_EBT,0,2022-03-31,RPT,21.4311
RBI:RATIO_LNGNFC_INDUS_ANN_RN(1.0),N_A,AFY,SOI_WRT,2022,2021,CSH_CVG_RATIO,0,2022-03-31,RPT,3.869615
RBI:RATIO_LNGNFC_INDUS_ANN_RN(1.0),N_A,AFY,SOI_WRT,2022,2021,EBITDA_TO_SAL,0,2022-03-31,RPT,7.6437
RBI:RATIO_LNGNFC_INDUS_ANN_RN(1.0),N_A,AFY,SOI_WRT,2022,2021,INT_BURDEN,0,2022-03-31,RPT,32.6461
RBI:RATIO_LNGNFC_INDUS_ANN_RN(1.0),N_A,AFY,SOI_WRT,2022,2021,INT_CVG,0,2022-03-31,RPT,3.063153
RBI:RATIO_LNGNFC_INDUS_ANN_RN(1.0),N_A,AFY,SOI_WRT,2022,2021,INT_TO_SAL,0,2022-03-31,RPT,1.9753
RBI:RATIO_LNGNFC_INDUS_ANN_RN(1.0),N_A,AFY,SOI_WRT,2022,2021,NET_PFT_TO_SAL,0,2022-03-31,RPT,2.2713
RBI:RATIO_LNGNFC_INDUS_ANN_RN(1.0),N_A,AFY,SOI_WRT,2022,2021,OPR_PFTS_TO_SAL,0,2022-03-31,RPT,3.836
RBI:RATIO_LNGNFC_INDUS_ANN_RN(1.0),N_A,AFY,SOI_WRT,2022,2021,TAX_PROV_TO_EBT,0,2022-03-31,RPT,21.2837
RBI:RATIO_LNGNFC_INDUS_ANN_RN(1.0),N_A,AFY,AGR_REL_ACT,2023,2022,CSH_CVG_RATIO,0,2023-03-31,RPT,2.790406
RBI:RATIO_LNGNFC_INDUS_ANN_RN(1.0),N_A,AFY,AGR_REL_ACT,2023,2022,EBITDA_TO_SAL,0,2023-03-31,RPT,7.6039
RBI:RATIO_LNGNFC_INDUS_ANN_RN(1.0),N_A,AFY,AGR_REL_ACT,2023,2022,INT_BURDEN,0,2023-03-31,RPT,48.6368
RBI:RATIO_LNGNFC_INDUS_ANN_RN(1.0),N_A,AFY,AGR_REL_ACT,2023,2022,INT_CVG,0,2023-03-31,RPT,2.056056
RBI:RATIO_LNGNFC_INDUS_ANN_RN(1.0),N_A,AFY,AGR_REL_ACT,2023,2022,INT_TO_SAL,0,2023-03-31,RPT,2.725
RBI:RATIO_LNGNFC_INDUS_ANN_RN(1.0),N_A,AFY,AGR_REL_ACT,2023,2022,NET_PFT_TO_SAL,0,2023-03-31,RPT,-4.3473
RBI:RATIO_LNGNFC_INDUS_ANN_RN(1.0),N_A,AFY,AGR_REL_ACT,2023,2022,OPR_PFTS_TO_SAL,0,2023-03-31,RPT,5.8457
RBI:RATIO_LNGNFC_INDUS_ANN_RN(1.0),N_A,AFY,AGR_REL_ACT,2023,2022,TAX_PROV_TO_EBT,0,2023-03-31,RPT,12.185
RBI:RATIO_LNGNFC_INDUS_ANN_RN(1.0),N_A,AFY,AGR_REL_ACT_OTH,2023,2022,CSH_CVG_RATIO,0,2023-03-31,RPT,7.486924
RBI:RATIO_LNGNFC_INDUS_ANN_RN(1.0),N_A,AFY,AGR_REL_ACT_OTH,2023,2022,EBITDA_TO_SAL,0,2023-03-31,RPT,8.6778
RBI:RATIO_LNGNFC_INDUS_ANN_RN(1.0),N_A,AFY,AGR_REL_ACT_OTH,2023,2022,INT_BURDEN,0,2023-03-31,RPT,16.0515
RBI:RATIO_LNGNFC_INDUS_ANN_RN(1.0),N_A,AFY,AGR_REL_ACT_OTH,2023,2022,INT_CVG,0,2023-03-31,RPT,6.22996
RBI:RATIO_LNGNFC_INDUS_ANN_RN(1.0),N_A,AFY,AGR_REL_ACT_OTH,2023,2022,INT_TO_SAL,0,2023-03-31,RPT,1.1591
RBI:RATIO_LNGNFC_INDUS_ANN_RN(1.0),N_A,AFY,AGR_REL_ACT_OTH,2023,2022,NET_PFT_TO_SAL,0,2023-03-31,RPT,-25.7731
RBI:RATIO_LNGNFC_INDUS_ANN_RN(1.0),N_A,AFY,AGR_REL_ACT_OTH,2023,2022,NET_PFT_TO_SAL,0,2023-03-31,RPT,4.9729
RBI:RATIO_LNGNFC_INDUS_ANN_RN(1.0),N_A,AFY,AGR_REL_ACT_OTH,2023,2022,OPR_PFTS_TO_SAL,0,2023-03-31,RPT,7.1218
RBI:RATIO_LNGNFC_INDUS_ANN_RN(1.0),N_A,AFY,AGR_REL_ACT_OTH,2023,2022,TAX_PROV_TO_EBT,0,2023-03-31,RPT,11.9767
RBI:RATIO_LNGNFC_INDUS_ANN_RN(1.0),N_A,AFY,ARA_TCP,2023,2022,CSH_CVG_RATIO,0,2023-03-31,RPT,0.811919
RBI:RATIO_LNGNFC_INDUS_ANN_RN(1.0),N_A,AFY,ARA_TCP,2023,2022,EBITDA_TO_SAL,0,2023-03-31,RPT,5.1353
RBI:RATIO_LNGNFC_INDUS_ANN_RN(1.0),N_A,AFY,ARA_TCP,2023,2022,INT_CVG,0,2023-03-31,RPT,0.297729
RBI:RATIO_LNGNFC_INDUS_ANN_RN(1.0),N_A,AFY,ARA_TCP,2023,2022,INT_TO_SAL,0,2023-03-31,RPT,6.3249
RBI:RATIO_LNGNFC_INDUS_ANN_RN(1.0),N_A,AFY,ARA_TCP,2023,2022,OPR_PFTS_TO_SAL,0,2023-03-31,RPT,2.9122
RBI:RATIO_LNGNFC_INDUS_ANN_RN(1.0),N_A,AFY,ARA_TCP,2023,2022,TAX_PROV_TO_EBT,0,2023-03-31,RPT,14.3818
RBI:RATIO_LNGNFC_INDUS_ANN_RN(1.0),N_A,AFY,CONSTRN,2023,2022,CSH_CVG_RATIO,0,2023-03-31,RPT,2.118294
RBI:RATIO_LNGNFC_INDUS_ANN_RN(1.0),N_A,AFY,CONSTRN,2023,2022,EBITDA_TO_SAL,0,2023-03-31,RPT,12.5946
RBI:RATIO_LNGNFC_INDUS_ANN_RN(1.0),N_A,AFY,CONSTRN,2023,2022,INT_BURDEN,0,2023-03-31,RPT,55.193
RBI:RATIO_LNGNFC_INDUS_ANN_RN(1.0),N_A,AFY,CONSTRN,2023,2022,INT_CVG,0,2023-03-31,RPT,1.811823
RBI:RATIO_LNGNFC_INDUS_ANN_RN(1.0),N_A,AFY,CONSTRN,2023,2022,INT_TO_SAL,0,2023-03-31,RPT,5.9456
RBI:RATIO_LNGNFC_INDUS_ANN_RN(1.0),N_A,AFY,CONSTRN,2023,2022,NET_PFT_TO_SAL,0,2023-03-31,RPT,2.1395
RBI:RATIO_LNGNFC_INDUS_ANN_RN(1.0),N_A,AFY,CONSTRN,2023,2022,OPR_PFTS_TO_SAL,0,2023-03-31,RPT,9.0192
RBI:RATIO_LNGNFC_INDUS_ANN_RN(1.0),N_A,AFY,CONSTRN,2023,2022,TAX_PROV_TO_EBT,0,2023-03-31,RPT,23.5117
RBI:RATIO_LNGNFC_INDUS_ANN_RN(1.0),N_A,AFY,ELC_GAS_SPLY,2023,2022,CSH_CVG_RATIO,0,2023-03-31,RPT,3.896367
RBI:RATIO_LNGNFC_INDUS_ANN_RN(1.0),N_A,AFY,ELC_GAS_SPLY,2023,2022,EBITDA_TO_SAL,0,2023-03-31,RPT,27.771
RBI:RATIO_LNGNFC_INDUS_ANN_RN(1.0),N_A,AFY,ELC_GAS_SPLY,2023,2022,INT_BURDEN,0,2023-03-31,RPT,32.5755
RBI:RATIO_LNGNFC_INDUS_ANN_RN(1.0),N_A,AFY,ELC_GAS_SPLY,2023,2022,INT_CVG,0,2023-03-31,RPT,3.06979
RBI:RATIO_LNGNFC_INDUS_ANN_RN(1.0),N_A,AFY,ELC_GAS_SPLY,2023,2022,INT_TO_SAL,0,2023-03-31,RPT,7.1274
RBI:RATIO_LNGNFC_INDUS_ANN_RN(1.0),N_A,AFY,ELC_GAS_SPLY,2023,2022,NET_PFT_TO_SAL,0,2023-03-31,RPT,15.5936
RBI:RATIO_LNGNFC_INDUS_ANN_RN(1.0),N_A,AFY,ELC_GAS_SPLY,2023,2022,OPR_PFTS_TO_SAL,0,2023-03-31,RPT,17.7185
RBI:RATIO_LNGNFC_INDUS_ANN_RN(1.0),N_A,AFY,ELC_GAS_SPLY,2023,2022,TAX_PROV_TO_EBT,0,2023-03-31,RPT,6.1812
RBI:RATIO_LNGNFC_INDUS_ANN_RN(1.0),N_A,AFY,INDS_GRP_ALL_COMP,2023,2022,CSH_CVG_RATIO,0,2023-03-31,RPT,6.374216
RBI:RATIO_LNGNFC_INDUS_ANN_RN(1.0),N_A,AFY,INDS_GRP_ALL_COMP,2023,2022,EBITDA_TO_SAL,0,2023-03-31,RPT,17.515
RBI:RATIO_LNGNFC_INDUS_ANN_RN(1.0),N_A,AFY,INDS_GRP_ALL_COMP,2023,2022,INT_BURDEN,0,2023-03-31,RPT,20.0459
RBI:RATIO_LNGNFC_INDUS_ANN_RN(1.0),N_A,AFY,INDS_GRP_ALL_COMP,2023,2022,INT_CVG,0,2023-03-31,RPT,4.988563
RBI:RATIO_LNGNFC_INDUS_ANN_RN(1.0),N_A,AFY,INDS_GRP_ALL_COMP,2023,2022,INT_TO_SAL,0,2023-03-31,RPT,2.7478
RBI:RATIO_LNGNFC_INDUS_ANN_RN(1.0),N_A,AFY,INDS_GRP_ALL_COMP,2023,2022,NET_PFT_TO_SAL,0,2023-03-31,RPT,8.1072
RBI:RATIO_LNGNFC_INDUS_ANN_RN(1.0),N_A,AFY,INDS_GRP_ALL_COMP,2023,2022,OPR_PFTS_TO_SAL,0,2023-03-31,RPT,14.7254
RBI:RATIO_LNGNFC_INDUS_ANN_RN(1.0),N_A,AFY,INDS_GRP_ALL_COMP,2023,2022,TAX_PROV_TO_EBT,0,2023-03-31,RPT,21.4899
RBI:RATIO_LNGNFC_INDUS_ANN_RN(1.0),N_A,AFY,IT_CSRS,2023,2022,CSH_CVG_RATIO,0,2023-03-31,RPT,50.113022
RBI:RATIO_LNGNFC_INDUS_ANN_RN(1.0),N_A,AFY,IT_CSRS,2023,2022,EBITDA_TO_SAL,0,2023-03-31,RPT,25.6182
RBI:RATIO_LNGNFC_INDUS_ANN_RN(1.0),N_A,AFY,IT_CSRS,2023,2022,INT_BURDEN,0,2023-03-31,RPT,2.2195
RBI:RATIO_LNGNFC_INDUS_ANN_RN(1.0),N_A,AFY,IT_CSRS,2023,2022,INT_CVG,0,2023-03-31,RPT,45.054501
RBI:RATIO_LNGNFC_INDUS_ANN_RN(1.0),N_A,AFY,IT_CSRS,2023,2022,INT_TO_SAL,0,2023-03-31,RPT,0.5112
RBI:RATIO_LNGNFC_INDUS_ANN_RN(1.0),N_A,AFY,IT_CSRS,2023,2022,NET_PFT_TO_SAL,0,2023-03-31,RPT,16.9233
RBI:RATIO_LNGNFC_INDUS_ANN_RN(1.0),N_A,AFY,IT_CSRS,2023,2022,OPR_PFTS_TO_SAL,0,2023-03-31,RPT,22.4456
RBI:RATIO_LNGNFC_INDUS_ANN_RN(1.0),N_A,AFY,IT_CSRS,2023,2022,TAX_PROV_TO_EBT,0,2023-03-31,RPT,24.2307
RBI:RATIO_LNGNFC_INDUS_ANN_RN(1.0),N_A,AFY,MIN_N_QUARY,2023,2022,CSH_CVG_RATIO,0,2023-03-31,RPT,12.124546
RBI:RATIO_LNGNFC_INDUS_ANN_RN(1.0),N_A,AFY,MIN_N_QUARY,2023,2022,EBITDA_TO_SAL,0,2023-03-31,RPT,9.9807
RBI:RATIO_LNGNFC_INDUS_ANN_RN(1.0),N_A,AFY,MIN_N_QUARY,2023,2022,INT_BURDEN,0,2023-03-31,RPT,9.8683
RBI:RATIO_LNGNFC_INDUS_ANN_RN(1.0),N_A,AFY,MIN_N_QUARY,2023,2022,INT_CVG,0,2023-03-31,RPT,10.13348
RBI:RATIO_LNGNFC_INDUS_ANN_RN(1.0),N_A,AFY,MIN_N_QUARY,2023,2022,INT_TO_SAL,0,2023-03-31,RPT,0.8232
RBI:RATIO_LNGNFC_INDUS_ANN_RN(1.0),N_A,AFY,MIN_N_QUARY,2023,2022,NET_PFT_TO_SAL,0,2023-03-31,RPT,5.6893
RBI:RATIO_LNGNFC_INDUS_ANN_RN(1.0),N_A,AFY,MIN_N_QUARY,2023,2022,OPR_PFTS_TO_SAL,0,2023-03-31,RPT,8.6844
RBI:RATIO_LNGNFC_INDUS_ANN_RN(1.0),N_A,AFY,MIN_N_QUARY,2023,2022,TAX_PROV_TO_EBT,0,2023-03-31,RPT,25.9549
RBI:RATIO_LNGNFC_INDUS_ANN_RN(1.0),N_A,AFY,MNF,2023,2022,CSH_CVG_RATIO,0,2023-03-31,RPT,8.981331
RBI:RATIO_LNGNFC_INDUS_ANN_RN(1.0),N_A,AFY,MNF,2023,2022,EBITDA_TO_SAL,0,2023-03-31,RPT,15.7014
RBI:RATIO_LNGNFC_INDUS_ANN_RN(1.0),N_A,AFY,MNF,2023,2022,INT_BURDEN,0,2023-03-31,RPT,13.6084
RBI:RATIO_LNGNFC_INDUS_ANN_RN(1.0),N_A,AFY,MNF,2023,2022,INT_CVG,0,2023-03-31,RPT,7.348393
RBI:RATIO_LNGNFC_INDUS_ANN_RN(1.0),N_A,AFY,MNF,2023,2022,INT_TO_SAL,0,2023-03-31,RPT,1.7482
RBI:RATIO_LNGNFC_INDUS_ANN_RN(1.0),N_A,AFY,MNF,2023,2022,NET_PFT_TO_SAL,0,2023-03-31,RPT,8.7046
RBI:RATIO_LNGNFC_INDUS_ANN_RN(1.0),N_A,AFY,MNF,2023,2022,OPR_PFTS_TO_SAL,0,2023-03-31,RPT,13.3366
RBI:RATIO_LNGNFC_INDUS_ANN_RN(1.0),N_A,AFY,MNF,2023,2022,TAX_PROV_TO_EBT,0,2023-03-31,RPT,21.2176
RBI:RATIO_LNGNFC_INDUS_ANN_RN(1.0),N_A,AFY,MNF_CCP,2023,2022,CSH_CVG_RATIO,0,2023-03-31,RPT,6.95158
RBI:RATIO_LNGNFC_INDUS_ANN_RN(1.0),N_A,AFY,MNF_CCP,2023,2022,EBITDA_TO_SAL,0,2023-03-31,RPT,14.1673
RBI:RATIO_LNGNFC_INDUS_ANN_RN(1.0),N_A,AFY,MNF_CCP,2023,2022,INT_BURDEN,0,2023-03-31,RPT,21.7074
RBI:RATIO_LNGNFC_INDUS_ANN_RN(1.0),N_A,AFY,MNF_CCP,2023,2022,INT_CVG,0,2023-03-31,RPT,4.606726
RBI:RATIO_LNGNFC_INDUS_ANN_RN(1.0),N_A,AFY,MNF_CCP,2023,2022,INT_TO_SAL,0,2023-03-31,RPT,2.038
RBI:RATIO_LNGNFC_INDUS_ANN_RN(1.0),N_A,AFY,MNF_CCP,2023,2022,NET_PFT_TO_SAL,0,2023-03-31,RPT,5.4304
RBI:RATIO_LNGNFC_INDUS_ANN_RN(1.0),N_A,AFY,MNF_CCP,2023,2022,OPR_PFTS_TO_SAL,0,2023-03-31,RPT,12.3408
RBI:RATIO_LNGNFC_INDUS_ANN_RN(1.0),N_A,AFY,MNF_CCP,2023,2022,TAX_PROV_TO_EBT,0,2023-03-31,RPT,21.1794
RBI:RATIO_LNGNFC_INDUS_ANN_RN(1.0),N_A,AFY,MNF_CEE,2023,2022,CSH_CVG_RATIO,0,2023-03-31,RPT,9.431181
RBI:RATIO_LNGNFC_INDUS_ANN_RN(1.0),N_A,AFY,MNF_CEE,2023,2022,EBITDA_TO_SAL,0,2023-03-31,RPT,11.1279
RBI:RATIO_LNGNFC_INDUS_ANN_RN(1.0),N_A,AFY,MNF_CEE,2023,2022,INT_BURDEN,0,2023-03-31,RPT,12.3177
RBI:RATIO_LNGNFC_INDUS_ANN_RN(1.0),N_A,AFY,MNF_CEE,2023,2022,INT_CVG,0,2023-03-31,RPT,8.118421
RBI:RATIO_LNGNFC_INDUS_ANN_RN(1.0),N_A,AFY,MNF_CEE,2023,2022,INT_TO_SAL,0,2023-03-31,RPT,1.1799
RBI:RATIO_LNGNFC_INDUS_ANN_RN(1.0),N_A,AFY,MNF_CEE,2023,2022,NET_PFT_TO_SAL,0,2023-03-31,RPT,6.1948
RBI:RATIO_LNGNFC_INDUS_ANN_RN(1.0),N_A,AFY,MNF_CEE,2023,2022,OPR_PFTS_TO_SAL,0,2023-03-31,RPT,9.57
RBI:RATIO_LNGNFC_INDUS_ANN_RN(1.0),N_A,AFY,MNF_CEE,2023,2022,TAX_PROV_TO_EBT,0,2023-03-31,RPT,24.6947
RBI:RATIO_LNGNFC_INDUS_ANN_RN(1.0),N_A,AFY,MNF_CHM_PRD,2023,2022,CSH_CVG_RATIO,0,2023-03-31,RPT,18.338071
RBI:RATIO_LNGNFC_INDUS_ANN_RN(1.0),N_A,AFY,MNF_CHM_PRD,2023,2022,EBITDA_TO_SAL,0,2023-03-31,RPT,17.1588
RBI:RATIO_LNGNFC_INDUS_ANN_RN(1.0),N_A,AFY,MNF_CHM_PRD,2023,2022,INT_BURDEN,0,2023-03-31,RPT,6.3552
RBI:RATIO_LNGNFC_INDUS_ANN_RN(1.0),N_A,AFY,MNF_CHM_PRD,2023,2022,INT_CVG,0,2023-03-31,RPT,15.735131
RBI:RATIO_LNGNFC_INDUS_ANN_RN(1.0),N_A,AFY,MNF_CHM_PRD,2023,2022,INT_TO_SAL,0,2023-03-31,RPT,0.9357
RBI:RATIO_LNGNFC_INDUS_ANN_RN(1.0),N_A,AFY,MNF_CHM_PRD,2023,2022,NET_PFT_TO_SAL,0,2023-03-31,RPT,10.4976
RBI:RATIO_LNGNFC_INDUS_ANN_RN(1.0),N_A,AFY,MNF_CHM_PRD,2023,2022,OPR_PFTS_TO_SAL,0,2023-03-31,RPT,15.5029
RBI:RATIO_LNGNFC_INDUS_ANN_RN(1.0),N_A,AFY,MNF_CHM_PRD,2023,2022,TAX_PROV_TO_EBT,0,2023-03-31,RPT,22.6377
RBI:RATIO_LNGNFC_INDUS_ANN_RN(1.0),N_A,AFY,MNF_CP_BASIC,2023,2022,CSH_CVG_RATIO,0,2023-03-31,RPT,13.162992
RBI:RATIO_LNGNFC_INDUS_ANN_RN(1.0),N_A,AFY,MNF_CP_BASIC,2023,2022,EBITDA_TO_SAL,0,2023-03-31,RPT,19.1264
RBI:RATIO_LNGNFC_INDUS_ANN_RN(1.0),N_A,AFY,MNF_CP_BASIC,2023,2022,INT_BURDEN,0,2023-03-31,RPT,9.0584
RBI:RATIO_LNGNFC_INDUS_ANN_RN(1.0),N_A,AFY,MNF_CP_BASIC,2023,2022,INT_CVG,0,2023-03-31,RPT,11.039424
RBI:RATIO_LNGNFC_INDUS_ANN_RN(1.0),N_A,AFY,MNF_CP_BASIC,2023,2022,INT_TO_SAL,0,2023-03-31,RPT,1.453
RBI:RATIO_LNGNFC_INDUS_ANN_RN(1.0),N_A,AFY,MNF_CP_BASIC,2023,2022,NET_PFT_TO_SAL,0,2023-03-31,RPT,11.1486
RBI:RATIO_LNGNFC_INDUS_ANN_RN(1.0),N_A,AFY,MNF_CP_BASIC,2023,2022,OPR_PFTS_TO_SAL,0,2023-03-31,RPT,17.6134
RBI:RATIO_LNGNFC_INDUS_ANN_RN(1.0),N_A,AFY,MNF_CP_BASIC,2023,2022,TAX_PROV_TO_EBT,0,2023-03-31,RPT,22.6236
RBI:RATIO_LNGNFC_INDUS_ANN_RN(1.0),N_A,AFY,MNF_CP_FNP,2023,2022,CSH_CVG_RATIO,0,2023-03-31,RPT,12.729415
RBI:RATIO_LNGNFC_INDUS_ANN_RN(1.0),N_A,AFY,MNF_CP_FNP,2023,2022,EBITDA_TO_SAL,0,2023-03-31,RPT,11.5365
RBI:RATIO_LNGNFC_INDUS_ANN_RN(1.0),N_A,AFY,MNF_CP_FNP,2023,2022,INT_BURDEN,0,2023-03-31,RPT,8.8452
RBI:RATIO_LNGNFC_INDUS_ANN_RN(1.0),N_A,AFY,MNF_CP_FNP,2023,2022,INT_CVG,0,2023-03-31,RPT,11.305602
RBI:RATIO_LNGNFC_INDUS_ANN_RN(1.0),N_A,AFY,MNF_CP_FNP,2023,2022,INT_TO_SAL,0,2023-03-31,RPT,0.9063
RBI:RATIO_LNGNFC_INDUS_ANN_RN(1.0),N_A,AFY,MNF_CP_FNP,2023,2022,NET_PFT_TO_SAL,0,2023-03-31,RPT,7.0228
RBI:RATIO_LNGNFC_INDUS_ANN_RN(1.0),N_A,AFY,MNF_CP_FNP,2023,2022,OPR_PFTS_TO_SAL,0,2023-03-31,RPT,10.4415
RBI:RATIO_LNGNFC_INDUS_ANN_RN(1.0),N_A,AFY,MNF_CP_FNP,2023,2022,TAX_PROV_TO_EBT,0,2023-03-31,RPT,21.4781
RBI:RATIO_LNGNFC_INDUS_ANN_RN(1.0),N_A,AFY,MNF_CP_OTH,2023,2022,CSH_CVG_RATIO,0,2023-03-31,RPT,24.318934
RBI:RATIO_LNGNFC_INDUS_ANN_RN(1.0),N_A,AFY,MNF_CP_OTH,2023,2022,EBITDA_TO_SAL,0,2023-03-31,RPT,18.2157
RBI:RATIO_LNGNFC_INDUS_ANN_RN(1.0),N_A,AFY,MNF_CP_OTH,2023,2022,INT_BURDEN,0,2023-03-31,RPT,4.7704
RBI:RATIO_LNGNFC_INDUS_ANN_RN(1.0),N_A,AFY,MNF_CP_OTH,2023,2022,INT_CVG,0,2023-03-31,RPT,20.962386
RBI:RATIO_LNGNFC_INDUS_ANN_RN(1.0),N_A,AFY,MNF_CP_OTH,2023,2022,INT_TO_SAL,0,2023-03-31,RPT,0.749
RBI:RATIO_LNGNFC_INDUS_ANN_RN(1.0),N_A,AFY,MNF_CP_OTH,2023,2022,NET_PFT_TO_SAL,0,2023-03-31,RPT,11.4295
RBI:RATIO_LNGNFC_INDUS_ANN_RN(1.0),N_A,AFY,MNF_CP_OTH,2023,2022,OPR_PFTS_TO_SAL,0,2023-03-31,RPT,16.1605
RBI:RATIO_LNGNFC_INDUS_ANN_RN(1.0),N_A,AFY,MNF_CP_OTH,2023,2022,TAX_PROV_TO_EBT,0,2023-03-31,RPT,22.3016
RBI:RATIO_LNGNFC_INDUS_ANN_RN(1.0),N_A,AFY,MNF_CP_PNV,2023,2022,CSH_CVG_RATIO,0,2023-03-31,RPT,38.263047
RBI:RATIO_LNGNFC_INDUS_ANN_RN(1.0),N_A,AFY,MNF_CP_PNV,2023,2022,EBITDA_TO_SAL,0,2023-03-31,RPT,17.5426
RBI:RATIO_LNGNFC_INDUS_ANN_RN(1.0),N_A,AFY,MNF_CP_PNV,2023,2022,INT_BURDEN,0,2023-03-31,RPT,3.0403
RBI:RATIO_LNGNFC_INDUS_ANN_RN(1.0),N_A,AFY,MNF_CP_PNV,2023,2022,INT_CVG,0,2023-03-31,RPT,32.89177
RBI:RATIO_LNGNFC_INDUS_ANN_RN(1.0),N_A,AFY,MNF_CP_PNV,2023,2022,INT_TO_SAL,0,2023-03-31,RPT,0.4585
RBI:RATIO_LNGNFC_INDUS_ANN_RN(1.0),N_A,AFY,MNF_CP_PNV,2023,2022,NET_PFT_TO_SAL,0,2023-03-31,RPT,10.9866
RBI:RATIO_LNGNFC_INDUS_ANN_RN(1.0),N_A,AFY,MNF_CP_PNV,2023,2022,OPR_PFTS_TO_SAL,0,2023-03-31,RPT,16.2516
RBI:RATIO_LNGNFC_INDUS_ANN_RN(1.0),N_A,AFY,MNF_CP_PNV,2023,2022,TAX_PROV_TO_EBT,0,2023-03-31,RPT,25.5011
RBI:RATIO_LNGNFC_INDUS_ANN_RN(1.0),N_A,AFY,MNF_EMA,2023,2022,CSH_CVG_RATIO,0,2023-03-31,RPT,8.831166
RBI:RATIO_LNGNFC_INDUS_ANN_RN(1.0),N_A,AFY,MNF_EMA,2023,2022,EBITDA_TO_SAL,0,2023-03-31,RPT,11.461
RBI:RATIO_LNGNFC_INDUS_ANN_RN(1.0),N_A,AFY,MNF_EMA,2023,2022,INT_BURDEN,0,2023-03-31,RPT,13.6033
RBI:RATIO_LNGNFC_INDUS_ANN_RN(1.0),N_A,AFY,MNF_EMA,2023,2022,INT_CVG,0,2023-03-31,RPT,7.351167
RBI:RATIO_LNGNFC_INDUS_ANN_RN(1.0),N_A,AFY,MNF_EMA,2023,2022,INT_TO_SAL,0,2023-03-31,RPT,1.2978
RBI:RATIO_LNGNFC_INDUS_ANN_RN(1.0),N_A,AFY,MNF_EMA,2023,2022,NET_PFT_TO_SAL,0,2023-03-31,RPT,7.4888
RBI:RATIO_LNGNFC_INDUS_ANN_RN(1.0),N_A,AFY,MNF_EMA,2023,2022,OPR_PFTS_TO_SAL,0,2023-03-31,RPT,9.7359
RBI:RATIO_LNGNFC_INDUS_ANN_RN(1.0),N_A,AFY,MNF_EMA,2023,2022,TAX_PROV_TO_EBT,0,2023-03-31,RPT,23.1178
RBI:RATIO_LNGNFC_INDUS_ANN_RN(1.0),N_A,AFY,MNF_FMP,2023,2022,CSH_CVG_RATIO,0,2023-03-31,RPT,8.71592
RBI:RATIO_LNGNFC_INDUS_ANN_RN(1.0),N_A,AFY,MNF_FMP,2023,2022,EBITDA_TO_SAL,0,2023-03-31,RPT,17.2148
RBI:RATIO_LNGNFC_INDUS_ANN_RN(1.0),N_A,AFY,MNF_FMP,2023,2022,INT_BURDEN,0,2023-03-31,RPT,14.5727
RBI:RATIO_LNGNFC_INDUS_ANN_RN(1.0),N_A,AFY,MNF_FMP,2023,2022,INT_CVG,0,2023-03-31,RPT,6.862135
RBI:RATIO_LNGNFC_INDUS_ANN_RN(1.0),N_A,AFY,MNF_FMP,2023,2022,INT_TO_SAL,0,2023-03-31,RPT,1.9751
RBI:RATIO_LNGNFC_INDUS_ANN_RN(1.0),N_A,AFY,MNF_FMP,2023,2022,NET_PFT_TO_SAL,0,2023-03-31,RPT,8.9315
RBI:RATIO_LNGNFC_INDUS_ANN_RN(1.0),N_A,AFY,MNF_FMP,2023,2022,OPR_PFTS_TO_SAL,0,2023-03-31,RPT,15.6203
RBI:RATIO_LNGNFC_INDUS_ANN_RN(1.0),N_A,AFY,MNF_FMP,2023,2022,TAX_PROV_TO_EBT,0,2023-03-31,RPT,25.2605
RBI:RATIO_LNGNFC_INDUS_ANN_RN(1.0),N_A,AFY,MNF_FPB,2023,2022,CSH_CVG_RATIO,0,2023-03-31,RPT,7.283636
RBI:RATIO_LNGNFC_INDUS_ANN_RN(1.0),N_A,AFY,MNF_FPB,2023,2022,EBITDA_TO_SAL,0,2023-03-31,RPT,10.1192
RBI:RATIO_LNGNFC_INDUS_ANN_RN(1.0),N_A,AFY,MNF_FPB,2023,2022,INT_BURDEN,0,2023-03-31,RPT,16.5578
RBI:RATIO_LNGNFC_INDUS_ANN_RN(1.0),N_A,AFY,MNF_FPB,2023,2022,INT_CVG,0,2023-03-31,RPT,6.039459
RBI:RATIO_LNGNFC_INDUS_ANN_RN(1.0),N_A,AFY,MNF_FPB,2023,2022,INT_TO_SAL,0,2023-03-31,RPT,1.3893
RBI:RATIO_LNGNFC_INDUS_ANN_RN(1.0),N_A,AFY,MNF_FPB,2023,2022,NET_PFT_TO_SAL,0,2023-03-31,RPT,5.9767
RBI:RATIO_LNGNFC_INDUS_ANN_RN(1.0),N_A,AFY,MNF_FPB,2023,2022,OPR_PFTS_TO_SAL,0,2023-03-31,RPT,8.9113
RBI:RATIO_LNGNFC_INDUS_ANN_RN(1.0),N_A,AFY,MNF_FPB,2023,2022,TAX_PROV_TO_EBT,0,2023-03-31,RPT,23.3977
RBI:RATIO_LNGNFC_INDUS_ANN_RN(1.0),N_A,AFY,MNF_FPB_DAIRY_PRD,2023,2022,CSH_CVG_RATIO,0,2023-03-31,RPT,14.264332
RBI:RATIO_LNGNFC_INDUS_ANN_RN(1.0),N_A,AFY,MNF_FPB_DAIRY_PRD,2023,2022,EBITDA_TO_SAL,0,2023-03-31,RPT,15.1446
RBI:RATIO_LNGNFC_INDUS_ANN_RN(1.0),N_A,AFY,MNF_FPB_DAIRY_PRD,2023,2022,INT_BURDEN,0,2023-03-31,RPT,8.538
RBI:RATIO_LNGNFC_INDUS_ANN_RN(1.0),N_A,AFY,MNF_FPB_DAIRY_PRD,2023,2022,INT_CVG,0,2023-03-31,RPT,11.712332
RBI:RATIO_LNGNFC_INDUS_ANN_RN(1.0),N_A,AFY,MNF_FPB_DAIRY_PRD,2023,2022,INT_TO_SAL,0,2023-03-31,RPT,1.0617
RBI:RATIO_LNGNFC_INDUS_ANN_RN(1.0),N_A,AFY,MNF_FPB_DAIRY_PRD,2023,2022,NET_PFT_TO_SAL,0,2023-03-31,RPT,8.4658
RBI:RATIO_LNGNFC_INDUS_ANN_RN(1.0),N_A,AFY,MNF_FPB_DAIRY_PRD,2023,2022,OPR_PFTS_TO_SAL,0,2023-03-31,RPT,14.5844
RBI:RATIO_LNGNFC_INDUS_ANN_RN(1.0),N_A,AFY,MNF_FPB_DAIRY_PRD,2023,2022,TAX_PROV_TO_EBT,0,2023-03-31,RPT,26.3356
RBI:RATIO_LNGNFC_INDUS_ANN_RN(1.0),N_A,AFY,MNF_FPB_EDD_OIL,2023,2022,CSH_CVG_RATIO,0,2023-03-31,RPT,5.426407
RBI:RATIO_LNGNFC_INDUS_ANN_RN(1.0),N_A,AFY,MNF_FPB_EDD_OIL,2023,2022,EBITDA_TO_SAL,0,2023-03-31,RPT,5.3333
RBI:RATIO_LNGNFC_INDUS_ANN_RN(1.0),N_A,AFY,MNF_FPB_EDD_OIL,2023,2022,INT_BURDEN,0,2023-03-31,RPT,21.0617
RBI:RATIO_LNGNFC_INDUS_ANN_RN(1.0),N_A,AFY,MNF_FPB_EDD_OIL,2023,2022,INT_CVG,0,2023-03-31,RPT,4.747954
RBI:RATIO_LNGNFC_INDUS_ANN_RN(1.0),N_A,AFY,MNF_FPB_EDD_OIL,2023,2022,INT_TO_SAL,0,2023-03-31,RPT,0.9828
RBI:RATIO_LNGNFC_INDUS_ANN_RN(1.0),N_A,AFY,MNF_FPB_EDD_OIL,2023,2022,NET_PFT_TO_SAL,0,2023-03-31,RPT,2.797
RBI:RATIO_LNGNFC_INDUS_ANN_RN(1.0),N_A,AFY,MNF_FPB_EDD_OIL,2023,2022,OPR_PFTS_TO_SAL,0,2023-03-31,RPT,4.4902
RBI:RATIO_LNGNFC_INDUS_ANN_RN(1.0),N_A,AFY,MNF_FPB_EDD_OIL,2023,2022,TAX_PROV_TO_EBT,0,2023-03-31,RPT,19.626
RBI:RATIO_LNGNFC_INDUS_ANN_RN(1.0),N_A,AFY,MNF_FPB_ESGR,2023,2022,CSH_CVG_RATIO,0,2023-03-31,RPT,3.436296
RBI:RATIO_LNGNFC_INDUS_ANN_RN(1.0),N_A,AFY,MNF_FPB_ESGR,2023,2022,EBITDA_TO_SAL,0,2023-03-31,RPT,10.2941
RBI:RATIO_LNGNFC_INDUS_ANN_RN(1.0),N_A,AFY,MNF_FPB_ESGR,2023,2022,INT_BURDEN,0,2023-03-31,RPT,39.1766
RBI:RATIO_LNGNFC_INDUS_ANN_RN(1.0),N_A,AFY,MNF_FPB_ESGR,2023,2022,INT_CVG,0,2023-03-31,RPT,2.552543
RBI:RATIO_LNGNFC_INDUS_ANN_RN(1.0),N_A,AFY,MNF_FPB_ESGR,2023,2022,INT_TO_SAL,0,2023-03-31,RPT,2.9957
RBI:RATIO_LNGNFC_INDUS_ANN_RN(1.0),N_A,AFY,MNF_FPB_ESGR,2023,2022,NET_PFT_TO_SAL,0,2023-03-31,RPT,6.1865
RBI:RATIO_LNGNFC_INDUS_ANN_RN(1.0),N_A,AFY,MNF_FPB_ESGR,2023,2022,OPR_PFTS_TO_SAL,0,2023-03-31,RPT,8.5673
RBI:RATIO_LNGNFC_INDUS_ANN_RN(1.0),N_A,AFY,MNF_FPB_ESGR,2023,2022,TAX_PROV_TO_EBT,0,2023-03-31,RPT,22.3778
RBI:RATIO_LNGNFC_INDUS_ANN_RN(1.0),N_A,AFY,MNF_FPB_OFP,2023,2022,CSH_CVG_RATIO,0,2023-03-31,RPT,13.079697
RBI:RATIO_LNGNFC_INDUS_ANN_RN(1.0),N_A,AFY,MNF_FPB_OFP,2023,2022,EBITDA_TO_SAL,0,2023-03-31,RPT,13.7173
RBI:RATIO_LNGNFC_INDUS_ANN_RN(1.0),N_A,AFY,MNF_FPB_OFP,2023,2022,INT_BURDEN,0,2023-03-31,RPT,9.0086
RBI:RATIO_LNGNFC_INDUS_ANN_RN(1.0),N_A,AFY,MNF_FPB_OFP,2023,2022,INT_CVG,0,2023-03-31,RPT,11.10055
RBI:RATIO_LNGNFC_INDUS_ANN_RN(1.0),N_A,AFY,MNF_FPB_OFP,2023,2022,INT_TO_SAL,0,2023-03-31,RPT,1.0487
RBI:RATIO_LNGNFC_INDUS_ANN_RN(1.0),N_A,AFY,MNF_FPB_OFP,2023,2022,NET_PFT_TO_SAL,0,2023-03-31,RPT,8.5959
RBI:RATIO_LNGNFC_INDUS_ANN_RN(1.0),N_A,AFY,MNF_FPB_OFP,2023,2022,OPR_PFTS_TO_SAL,0,2023-03-31,RPT,12.1785
RBI:RATIO_LNGNFC_INDUS_ANN_RN(1.0),N_A,AFY,MNF_FPB_OFP,2023,2022,TAX_PROV_TO_EBT,0,2023-03-31,RPT,24.1157
RBI:RATIO_LNGNFC_INDUS_ANN_RN(1.0),N_A,AFY,MNF_GGP,2023,2022,CSH_CVG_RATIO,0,2023-03-31,RPT,7.419982
RBI:RATIO_LNGNFC_INDUS_ANN_RN(1.0),N_A,AFY,MNF_GGP,2023,2022,EBITDA_TO_SAL,0,2023-03-31,RPT,15.9903
RBI:RATIO_LNGNFC_INDUS_ANN_RN(1.0),N_A,AFY,MNF_GGP,2023,2022,INT_BURDEN,0,2023-03-31,RPT,18.626
RBI:RATIO_LNGNFC_INDUS_ANN_RN(1.0),N_A,AFY,MNF_GGP,2023,2022,INT_CVG,0,2023-03-31,RPT,5.368832
RBI:RATIO_LNGNFC_INDUS_ANN_RN(1.0),N_A,AFY,MNF_GGP,2023,2022,INT_TO_SAL,0,2023-03-31,RPT,2.155
RBI:RATIO_LNGNFC_INDUS_ANN_RN(1.0),N_A,AFY,MNF_GGP,2023,2022,NET_PFT_TO_SAL,0,2023-03-31,RPT,6.3555
RBI:RATIO_LNGNFC_INDUS_ANN_RN(1.0),N_A,AFY,MNF_GGP,2023,2022,OPR_PFTS_TO_SAL,0,2023-03-31,RPT,14.7956
RBI:RATIO_LNGNFC_INDUS_ANN_RN(1.0),N_A,AFY,MNF_GGP,2023,2022,TAX_PROV_TO_EBT,0,2023-03-31,RPT,28.4789
RBI:RATIO_LNGNFC_INDUS_ANN_RN(1.0),N_A,AFY,MNF_INS,2023,2022,CSH_CVG_RATIO,0,2023-03-31,RPT,5.480151
RBI:RATIO_LNGNFC_INDUS_ANN_RN(1.0),N_A,AFY,MNF_INS,2023,2022,EBITDA_TO_SAL,0,2023-03-31,RPT,15.4288
RBI:RATIO_LNGNFC_INDUS_ANN_RN(1.0),N_A,AFY,MNF_INS,2023,2022,INT_BURDEN,0,2023-03-31,RPT,23.0356
RBI:RATIO_LNGNFC_INDUS_ANN_RN(1.0),N_A,AFY,MNF_INS,2023,2022,INT_CVG,0,2023-03-31,RPT,4.341112
RBI:RATIO_LNGNFC_INDUS_ANN_RN(1.0),N_A,AFY,MNF_INS,2023,2022,INT_TO_SAL,0,2023-03-31,RPT,2.8154
RBI:RATIO_LNGNFC_INDUS_ANN_RN(1.0),N_A,AFY,MNF_INS,2023,2022,NET_PFT_TO_SAL,0,2023-03-31,RPT,6.3092
RBI:RATIO_LNGNFC_INDUS_ANN_RN(1.0),N_A,AFY,MNF_INS,2023,2022,OPR_PFTS_TO_SAL,0,2023-03-31,RPT,13.6822
RBI:RATIO_LNGNFC_INDUS_ANN_RN(1.0),N_A,AFY,MNF_INS,2023,2022,TAX_PROV_TO_EBT,0,2023-03-31,RPT,23.9451
RBI:RATIO_LNGNFC_INDUS_ANN_RN(1.0),N_A,AFY,MNF_JRA,2023,2022,CSH_CVG_RATIO,0,2023-03-31,RPT,6.362404
RBI:RATIO_LNGNFC_INDUS_ANN_RN(1.0),N_A,AFY,MNF_JRA,2023,2022,EBITDA_TO_SAL,0,2023-03-31,RPT,9.6527
RBI:RATIO_LNGNFC_INDUS_ANN_RN(1.0),N_A,AFY,MNF_JRA,2023,2022,INT_BURDEN,0,2023-03-31,RPT,17.2866
RBI:RATIO_LNGNFC_INDUS_ANN_RN(1.0),N_A,AFY,MNF_JRA,2023,2022,INT_CVG,0,2023-03-31,RPT,5.784823
RBI:RATIO_LNGNFC_INDUS_ANN_RN(1.0),N_A,AFY,MNF_JRA,2023,2022,INT_TO_SAL,0,2023-03-31,RPT,1.5171
RBI:RATIO_LNGNFC_INDUS_ANN_RN(1.0),N_A,AFY,MNF_JRA,2023,2022,NET_PFT_TO_SAL,0,2023-03-31,RPT,5.2166
RBI:RATIO_LNGNFC_INDUS_ANN_RN(1.0),N_A,AFY,MNF_JRA,2023,2022,OPR_PFTS_TO_SAL,0,2023-03-31,RPT,8.7884
RBI:RATIO_LNGNFC_INDUS_ANN_RN(1.0),N_A,AFY,MNF_JRA,2023,2022,TAX_PROV_TO_EBT,0,2023-03-31,RPT,25.2353
RBI:RATIO_LNGNFC_INDUS_ANN_RN(1.0),N_A,AFY,MNF_LTH,2023,2022,CSH_CVG_RATIO,0,2023-03-31,RPT,9.04269
RBI:RATIO_LNGNFC_INDUS_ANN_RN(1.0),N_A,AFY,MNF_LTH,2023,2022,EBITDA_TO_SAL,0,2023-03-31,RPT,11.7696
RBI:RATIO_LNGNFC_INDUS_ANN_RN(1.0),N_A,AFY,MNF_LTH,2023,2022,INT_BURDEN,0,2023-03-31,RPT,15.9627
RBI:RATIO_LNGNFC_INDUS_ANN_RN(1.0),N_A,AFY,MNF_LTH,2023,2022,INT_CVG,0,2023-03-31,RPT,6.264599
RBI:RATIO_LNGNFC_INDUS_ANN_RN(1.0),N_A,AFY,MNF_LTH,2023,2022,INT_TO_SAL,0,2023-03-31,RPT,1.3016
RBI:RATIO_LNGNFC_INDUS_ANN_RN(1.0),N_A,AFY,MNF_LTH,2023,2022,NET_PFT_TO_SAL,0,2023-03-31,RPT,5.45
RBI:RATIO_LNGNFC_INDUS_ANN_RN(1.0),N_A,AFY,MNF_LTH,2023,2022,OPR_PFTS_TO_SAL,0,2023-03-31,RPT,10.055
RBI:RATIO_LNGNFC_INDUS_ANN_RN(1.0),N_A,AFY,MNF_LTH,2023,2022,TAX_PROV_TO_EBT,0,2023-03-31,RPT,24.2918
RBI:RATIO_LNGNFC_INDUS_ANN_RN(1.0),N_A,AFY,MNF_MMT,2023,2022,CSH_CVG_RATIO,0,2023-03-31,RPT,19.180382
RBI:RATIO_LNGNFC_INDUS_ANN_RN(1.0),N_A,AFY,MNF_MMT,2023,2022,EBITDA_TO_SAL,0,2023-03-31,RPT,13.9951
RBI:RATIO_LNGNFC_INDUS_ANN_RN(1.0),N_A,AFY,MNF_MMT,2023,2022,INT_BURDEN,0,2023-03-31,RPT,6.0924
RBI:RATIO_LNGNFC_INDUS_ANN_RN(1.0),N_A,AFY,MNF_MMT,2023,2022,INT_CVG,0,2023-03-31,RPT,16.413861
RBI:RATIO_LNGNFC_INDUS_ANN_RN(1.0),N_A,AFY,MNF_MMT,2023,2022,INT_TO_SAL,0,2023-03-31,RPT,0.7297
RBI:RATIO_LNGNFC_INDUS_ANN_RN(1.0),N_A,AFY,MNF_MMT,2023,2022,NET_PFT_TO_SAL,0,2023-03-31,RPT,9.5651
RBI:RATIO_LNGNFC_INDUS_ANN_RN(1.0),N_A,AFY,MNF_MMT,2023,2022,OPR_PFTS_TO_SAL,0,2023-03-31,RPT,11.5616
RBI:RATIO_LNGNFC_INDUS_ANN_RN(1.0),N_A,AFY,MNF_MMT,2023,2022,TAX_PROV_TO_EBT,0,2023-03-31,RPT,24.6109
RBI:RATIO_LNGNFC_INDUS_ANN_RN(1.0),N_A,AFY,MNF_MMT_MV,2023,2022,CSH_CVG_RATIO,0,2023-03-31,RPT,17.951199
RBI:RATIO_LNGNFC_INDUS_ANN_RN(1.0),N_A,AFY,MNF_MMT_MV,2023,2022,EBITDA_TO_SAL,0,2023-03-31,RPT,12.9012
RBI:RATIO_LNGNFC_INDUS_ANN_RN(1.0),N_A,AFY,MNF_MMT_MV,2023,2022,INT_BURDEN,0,2023-03-31,RPT,6.9562
RBI:RATIO_LNGNFC_INDUS_ANN_RN(1.0),N_A,AFY,MNF_MMT_MV,2023,2022,INT_CVG,0,2023-03-31,RPT,14.375661
RBI:RATIO_LNGNFC_INDUS_ANN_RN(1.0),N_A,AFY,MNF_MMT_MV,2023,2022,INT_TO_SAL,0,2023-03-31,RPT,0.7187
RBI:RATIO_LNGNFC_INDUS_ANN_RN(1.0),N_A,AFY,MNF_MMT_MV,2023,2022,NET_PFT_TO_SAL,0,2023-03-31,RPT,7.5312
RBI:RATIO_LNGNFC_INDUS_ANN_RN(1.0),N_A,AFY,MNF_MMT_MV,2023,2022,OPR_PFTS_TO_SAL,0,2023-03-31,RPT,10.9218
RBI:RATIO_LNGNFC_INDUS_ANN_RN(1.0),N_A,AFY,MNF_MMT_MV,2023,2022,TAX_PROV_TO_EBT,0,2023-03-31,RPT,23.2894
RBI:RATIO_LNGNFC_INDUS_ANN_RN(1.0),N_A,AFY,MNF_MMT_OTH,2023,2022,CSH_CVG_RATIO,0,2023-03-31,RPT,14.924981
RBI:RATIO_LNGNFC_INDUS_ANN_RN(1.0),N_A,AFY,MNF_MMT_OTH,2023,2022,EBITDA_TO_SAL,0,2023-03-31,RPT,12.8179
RBI:RATIO_LNGNFC_INDUS_ANN_RN(1.0),N_A,AFY,MNF_MMT_OTH,2023,2022,INT_BURDEN,0,2023-03-31,RPT,8.5029
RBI:RATIO_LNGNFC_INDUS_ANN_RN(1.0),N_A,AFY,MNF_MMT_OTH,2023,2022,INT_CVG,0,2023-03-31,RPT,11.760626
RBI:RATIO_LNGNFC_INDUS_ANN_RN(1.0),N_A,AFY,MNF_MMT_OTH,2023,2022,INT_TO_SAL,0,2023-03-31,RPT,0.8588
RBI:RATIO_LNGNFC_INDUS_ANN_RN(1.0),N_A,AFY,MNF_MMT_OTH,2023,2022,NET_PFT_TO_SAL,0,2023-03-31,RPT,6.9436
RBI:RATIO_LNGNFC_INDUS_ANN_RN(1.0),N_A,AFY,MNF_MMT_OTH,2023,2022,OPR_PFTS_TO_SAL,0,2023-03-31,RPT,10.9121
RBI:RATIO_LNGNFC_INDUS_ANN_RN(1.0),N_A,AFY,MNF_MMT_OTH,2023,2022,TAX_PROV_TO_EBT,0,2023-03-31,RPT,23.3283
RBI:RATIO_LNGNFC_INDUS_ANN_RN(1.0),N_A,AFY,MNF_MMT_PRTS,2023,2022,CSH_CVG_RATIO,0,2023-03-31,RPT,8.996924
RBI:RATIO_LNGNFC_INDUS_ANN_RN(1.0),N_A,AFY,MNF_MMT_PRTS,2023,2022,EBITDA_TO_SAL,0,2023-03-31,RPT,12.5021
RBI:RATIO_LNGNFC_INDUS_ANN_RN(1.0),N_A,AFY,MNF_MMT_PRTS,2023,2022,INT_BURDEN,0,2023-03-31,RPT,15.0647
RBI:RATIO_LNGNFC_INDUS_ANN_RN(1.0),N_A,AFY,MNF_MMT_PRTS,2023,2022,INT_CVG,0,2023-03-31,RPT,6.638036
RBI:RATIO_LNGNFC_INDUS_ANN_RN(1.0),N_A,AFY,MNF_MMT_PRTS,2023,2022,INT_TO_SAL,0,2023-03-31,RPT,1.3896
RBI:RATIO_LNGNFC_INDUS_ANN_RN(1.0),N_A,AFY,MNF_MMT_PRTS,2023,2022,NET_PFT_TO_SAL,0,2023-03-31,RPT,4.7178
RBI:RATIO_LNGNFC_INDUS_ANN_RN(1.0),N_A,AFY,MNF_MMT_PRTS,2023,2022,OPR_PFTS_TO_SAL,0,2023-03-31,RPT,10.8756
RBI:RATIO_LNGNFC_INDUS_ANN_RN(1.0),N_A,AFY,MNF_MMT_PRTS,2023,2022,TAX_PROV_TO_EBT,0,2023-03-31,RPT,23.5008
RBI:RATIO_LNGNFC_INDUS_ANN_RN(1.0),N_A,AFY,MNF_MPOSE,2023,2022,CSH_CVG_RATIO,0,2023-03-31,RPT,28.331351
RBI:RATIO_LNGNFC_INDUS_ANN_RN(1.0),N_A,AFY,MNF_MPOSE,2023,2022,EBITDA_TO_SAL,0,2023-03-31,RPT,27.34
RBI:RATIO_LNGNFC_INDUS_ANN_RN(1.0),N_A,AFY,MNF_MPOSE,2023,2022,INT_BURDEN,0,2023-03-31,RPT,4.3175
RBI:RATIO_LNGNFC_INDUS_ANN_RN(1.0),N_A,AFY,MNF_MPOSE,2023,2022,INT_CVG,0,2023-03-31,RPT,23.161427
RBI:RATIO_LNGNFC_INDUS_ANN_RN(1.0),N_A,AFY,MNF_MPOSE,2023,2022,INT_TO_SAL,0,2023-03-31,RPT,0.965
RBI:RATIO_LNGNFC_INDUS_ANN_RN(1.0),N_A,AFY,MNF_MPOSE,2023,2022,NET_PFT_TO_SAL,0,2023-03-31,RPT,16.0813
RBI:RATIO_LNGNFC_INDUS_ANN_RN(1.0),N_A,AFY,MNF_MPOSE,2023,2022,OPR_PFTS_TO_SAL,0,2023-03-31,RPT,24.0063
RBI:RATIO_LNGNFC_INDUS_ANN_RN(1.0),N_A,AFY,MNF_MPOSE,2023,2022,TAX_PROV_TO_EBT,0,2023-03-31,RPT,24.982
RBI:RATIO_LNGNFC_INDUS_ANN_RN(1.0),N_A,AFY,MNF_OTH,2023,2022,CSH_CVG_RATIO,0,2023-03-31,RPT,17.240239
RBI:RATIO_LNGNFC_INDUS_ANN_RN(1.0),N_A,AFY,MNF_OTH,2023,2022,EBITDA_TO_SAL,0,2023-03-31,RPT,15.9257
RBI:RATIO_LNGNFC_INDUS_ANN_RN(1.0),N_A,AFY,MNF_OTH,2023,2022,INT_BURDEN,0,2023-03-31,RPT,6.8929
RBI:RATIO_LNGNFC_INDUS_ANN_RN(1.0),N_A,AFY,MNF_OTH,2023,2022,INT_CVG,0,2023-03-31,RPT,14.50772
RBI:RATIO_LNGNFC_INDUS_ANN_RN(1.0),N_A,AFY,MNF_OTH,2023,2022,INT_TO_SAL,0,2023-03-31,RPT,0.9237
RBI:RATIO_LNGNFC_INDUS_ANN_RN(1.0),N_A,AFY,MNF_OTH,2023,2022,NET_PFT_TO_SAL,0,2023-03-31,RPT,7.4542
RBI:RATIO_LNGNFC_INDUS_ANN_RN(1.0),N_A,AFY,MNF_OTH,2023,2022,OPR_PFTS_TO_SAL,0,2023-03-31,RPT,13.7062
RBI:RATIO_LNGNFC_INDUS_ANN_RN(1.0),N_A,AFY,MNF_OTH,2023,2022,TAX_PROV_TO_EBT,0,2023-03-31,RPT,25.2524
RBI:RATIO_LNGNFC_INDUS_ANN_RN(1.0),N_A,AFY,MNF_PETR_PRD,2023,2022,CSH_CVG_RATIO,0,2023-03-31,RPT,6.356496
RBI:RATIO_LNGNFC_INDUS_ANN_RN(1.0),N_A,AFY,MNF_PETR_PRD,2023,2022,EBITDA_TO_SAL,0,2023-03-31,RPT,14.7307
RBI:RATIO_LNGNFC_INDUS_ANN_RN(1.0),N_A,AFY,MNF_PETR_PRD,2023,2022,INT_BURDEN,0,2023-03-31,RPT,18.0485
RBI:RATIO_LNGNFC_INDUS_ANN_RN(1.0),N_A,AFY,MNF_PETR_PRD,2023,2022,INT_CVG,0,2023-03-31,RPT,5.540638
RBI:RATIO_LNGNFC_INDUS_ANN_RN(1.0),N_A,AFY,MNF_PETR_PRD,2023,2022,INT_TO_SAL,0,2023-03-31,RPT,2.3174
RBI:RATIO_LNGNFC_INDUS_ANN_RN(1.0),N_A,AFY,MNF_PETR_PRD,2023,2022,NET_PFT_TO_SAL,0,2023-03-31,RPT,8.3483
RBI:RATIO_LNGNFC_INDUS_ANN_RN(1.0),N_A,AFY,MNF_PETR_PRD,2023,2022,OPR_PFTS_TO_SAL,0,2023-03-31,RPT,12.6469
RBI:RATIO_LNGNFC_INDUS_ANN_RN(1.0),N_A,AFY,MNF_PETR_PRD,2023,2022,TAX_PROV_TO_EBT,0,2023-03-31,RPT,12.1414
RBI:RATIO_LNGNFC_INDUS_ANN_RN(1.0),N_A,AFY,MNF_PM,2023,2022,CSH_CVG_RATIO,0,2023-03-31,RPT,15.407915
RBI:RATIO_LNGNFC_INDUS_ANN_RN(1.0),N_A,AFY,MNF_PM,2023,2022,EBITDA_TO_SAL,0,2023-03-31,RPT,23.8862
RBI:RATIO_LNGNFC_INDUS_ANN_RN(1.0),N_A,AFY,MNF_PM,2023,2022,INT_BURDEN,0,2023-03-31,RPT,8.0726
RBI:RATIO_LNGNFC_INDUS_ANN_RN(1.0),N_A,AFY,MNF_PM,2023,2022,INT_CVG,0,2023-03-31,RPT,12.387594
RBI:RATIO_LNGNFC_INDUS_ANN_RN(1.0),N_A,AFY,MNF_PM,2023,2022,INT_TO_SAL,0,2023-03-31,RPT,1.5503
RBI:RATIO_LNGNFC_INDUS_ANN_RN(1.0),N_A,AFY,MNF_PM,2023,2022,NET_PFT_TO_SAL,0,2023-03-31,RPT,13.4409
RBI:RATIO_LNGNFC_INDUS_ANN_RN(1.0),N_A,AFY,MNF_PM,2023,2022,OPR_PFTS_TO_SAL,0,2023-03-31,RPT,20.5888
RBI:RATIO_LNGNFC_INDUS_ANN_RN(1.0),N_A,AFY,MNF_PM,2023,2022,TAX_PROV_TO_EBT,0,2023-03-31,RPT,20.2031
RBI:RATIO_LNGNFC_INDUS_ANN_RN(1.0),N_A,AFY,MNF_PNFFM,2023,2022,CSH_CVG_RATIO,0,2023-03-31,RPT,9.336082
RBI:RATIO_LNGNFC_INDUS_ANN_RN(1.0),N_A,AFY,MNF_PNFFM,2023,2022,EBITDA_TO_SAL,0,2023-03-31,RPT,30.1378
RBI:RATIO_LNGNFC_INDUS_ANN_RN(1.0),N_A,AFY,MNF_PNFFM,2023,2022,INT_BURDEN,0,2023-03-31,RPT,12.6407
RBI:RATIO_LNGNFC_INDUS_ANN_RN(1.0),N_A,AFY,MNF_PNFFM,2023,2022,INT_CVG,0,2023-03-31,RPT,7.910966
RBI:RATIO_LNGNFC_INDUS_ANN_RN(1.0),N_A,AFY,MNF_PNFFM,2023,2022,INT_TO_SAL,0,2023-03-31,RPT,3.2281
RBI:RATIO_LNGNFC_INDUS_ANN_RN(1.0),N_A,AFY,MNF_PNFFM,2023,2022,NET_PFT_TO_SAL,0,2023-03-31,RPT,21.4586
RBI:RATIO_LNGNFC_INDUS_ANN_RN(1.0),N_A,AFY,MNF_PNFFM,2023,2022,OPR_PFTS_TO_SAL,0,2023-03-31,RPT,18.064
RBI:RATIO_LNGNFC_INDUS_ANN_RN(1.0),N_A,AFY,MNF_PNFFM,2023,2022,TAX_PROV_TO_EBT,0,2023-03-31,RPT,18.8276
RBI:RATIO_LNGNFC_INDUS_ANN_RN(1.0),N_A,AFY,MNF_PNPD,2023,2022,CSH_CVG_RATIO,0,2023-03-31,RPT,9.528109
RBI:RATIO_LNGNFC_INDUS_ANN_RN(1.0),N_A,AFY,MNF_PNPD,2023,2022,EBITDA_TO_SAL,0,2023-03-31,RPT,19.2542
RBI:RATIO_LNGNFC_INDUS_ANN_RN(1.0),N_A,AFY,MNF_PNPD,2023,2022,INT_BURDEN,0,2023-03-31,RPT,13.0687
RBI:RATIO_LNGNFC_INDUS_ANN_RN(1.0),N_A,AFY,MNF_PNPD,2023,2022,INT_CVG,0,2023-03-31,RPT,7.651864
RBI:RATIO_LNGNFC_INDUS_ANN_RN(1.0),N_A,AFY,MNF_PNPD,2023,2022,INT_TO_SAL,0,2023-03-31,RPT,2.0208
RBI:RATIO_LNGNFC_INDUS_ANN_RN(1.0),N_A,AFY,MNF_PNPD,2023,2022,NET_PFT_TO_SAL,0,2023-03-31,RPT,9.693
RBI:RATIO_LNGNFC_INDUS_ANN_RN(1.0),N_A,AFY,MNF_PNPD,2023,2022,OPR_PFTS_TO_SAL,0,2023-03-31,RPT,18.0917
RBI:RATIO_LNGNFC_INDUS_ANN_RN(1.0),N_A,AFY,MNF_PNPD,2023,2022,TAX_PROV_TO_EBT,0,2023-03-31,RPT,22.7974
RBI:RATIO_LNGNFC_INDUS_ANN_RN(1.0),N_A,AFY,MNF_PP,2023,2022,CSH_CVG_RATIO,0,2023-03-31,RPT,6.521856
RBI:RATIO_LNGNFC_INDUS_ANN_RN(1.0),N_A,AFY,MNF_PP,2023,2022,EBITDA_TO_SAL,0,2023-03-31,RPT,13.3009
RBI:RATIO_LNGNFC_INDUS_ANN_RN(1.0),N_A,AFY,MNF_PP,2023,2022,INT_BURDEN,0,2023-03-31,RPT,20.2563
RBI:RATIO_LNGNFC_INDUS_ANN_RN(1.0),N_A,AFY,MNF_PP,2023,2022,INT_CVG,0,2023-03-31,RPT,4.936731
RBI:RATIO_LNGNFC_INDUS_ANN_RN(1.0),N_A,AFY,MNF_PP,2023,2022,INT_TO_SAL,0,2023-03-31,RPT,2.0394
RBI:RATIO_LNGNFC_INDUS_ANN_RN(1.0),N_A,AFY,MNF_PP,2023,2022,NET_PFT_TO_SAL,0,2023-03-31,RPT,8.1106
RBI:RATIO_LNGNFC_INDUS_ANN_RN(1.0),N_A,AFY,MNF_PP,2023,2022,OPR_PFTS_TO_SAL,0,2023-03-31,RPT,10.6092
RBI:RATIO_LNGNFC_INDUS_ANN_RN(1.0),N_A,AFY,MNF_PP,2023,2022,TAX_PROV_TO_EBT,0,2023-03-31,RPT,25.0794
RBI:RATIO_LNGNFC_INDUS_ANN_RN(1.0),N_A,AFY,MNF_RRP,2023,2022,CSH_CVG_RATIO,0,2023-03-31,RPT,6.838159
RBI:RATIO_LNGNFC_INDUS_ANN_RN(1.0),N_A,AFY,MNF_RRP,2023,2022,EBITDA_TO_SAL,0,2023-03-31,RPT,12.087
RBI:RATIO_LNGNFC_INDUS_ANN_RN(1.0),N_A,AFY,MNF_RRP,2023,2022,INT_BURDEN,0,2023-03-31,RPT,23.5729
RBI:RATIO_LNGNFC_INDUS_ANN_RN(1.0),N_A,AFY,MNF_RRP,2023,2022,INT_CVG,0,2023-03-31,RPT,4.242159
RBI:RATIO_LNGNFC_INDUS_ANN_RN(1.0),N_A,AFY,MNF_RRP,2023,2022,INT_TO_SAL,0,2023-03-31,RPT,1.7676
RBI:RATIO_LNGNFC_INDUS_ANN_RN(1.0),N_A,AFY,MNF_RRP,2023,2022,NET_PFT_TO_SAL,0,2023-03-31,RPT,4.2053
RBI:RATIO_LNGNFC_INDUS_ANN_RN(1.0),N_A,AFY,MNF_RRP,2023,2022,OPR_PFTS_TO_SAL,0,2023-03-31,RPT,11.0127
RBI:RATIO_LNGNFC_INDUS_ANN_RN(1.0),N_A,AFY,MNF_RRP,2023,2022,TAX_PROV_TO_EBT,0,2023-03-31,RPT,22.4111
RBI:RATIO_LNGNFC_INDUS_ANN_RN(1.0),N_A,AFY,MNF_TBC_PRD,2023,2022,EBITDA_TO_SAL,0,2023-03-31,RPT,39.1232
RBI:RATIO_LNGNFC_INDUS_ANN_RN(1.0),N_A,AFY,MNF_TBC_PRD,2023,2022,INT_BURDEN,0,2023-03-31,RPT,0.3001
RBI:RATIO_LNGNFC_INDUS_ANN_RN(1.0),N_A,AFY,MNF_TBC_PRD,2023,2022,INT_TO_SAL,0,2023-03-31,RPT,0.1096
RBI:RATIO_LNGNFC_INDUS_ANN_RN(1.0),N_A,AFY,MNF_TBC_PRD,2023,2022,NET_PFT_TO_SAL,0,2023-03-31,RPT,27.6868
RBI:RATIO_LNGNFC_INDUS_ANN_RN(1.0),N_A,AFY,MNF_TBC_PRD,2023,2022,OPR_PFTS_TO_SAL,0,2023-03-31,RPT,35.3458
RBI:RATIO_LNGNFC_INDUS_ANN_RN(1.0),N_A,AFY,MNF_TBC_PRD,2023,2022,TAX_PROV_TO_EBT,0,2023-03-31,RPT,24.3578
RBI:RATIO_LNGNFC_INDUS_ANN_RN(1.0),N_A,AFY,MNF_TXT,2023,2022,CSH_CVG_RATIO,0,2023-03-31,RPT,3.738997
RBI:RATIO_LNGNFC_INDUS_ANN_RN(1.0),N_A,AFY,MNF_TXT,2023,2022,EBITDA_TO_SAL,0,2023-03-31,RPT,10.6005
RBI:RATIO_LNGNFC_INDUS_ANN_RN(1.0),N_A,AFY,MNF_TXT,2023,2022,INT_BURDEN,0,2023-03-31,RPT,40.044
RBI:RATIO_LNGNFC_INDUS_ANN_RN(1.0),N_A,AFY,MNF_TXT,2023,2022,INT_CVG,0,2023-03-31,RPT,2.497252
RBI:RATIO_LNGNFC_INDUS_ANN_RN(1.0),N_A,AFY,MNF_TXT,2023,2022,INT_TO_SAL,0,2023-03-31,RPT,2.8351
RBI:RATIO_LNGNFC_INDUS_ANN_RN(1.0),N_A,AFY,MNF_TXT,2023,2022,NET_PFT_TO_SAL,0,2023-03-31,RPT,3.1808
RBI:RATIO_LNGNFC_INDUS_ANN_RN(1.0),N_A,AFY,MNF_TXT,2023,2022,OPR_PFTS_TO_SAL,0,2023-03-31,RPT,9.0946
RBI:RATIO_LNGNFC_INDUS_ANN_RN(1.0),N_A,AFY,MNF_TXT,2023,2022,TAX_PROV_TO_EBT,0,2023-03-31,RPT,20.9325
RBI:RATIO_LNGNFC_INDUS_ANN_RN(1.0),N_A,AFY,MNF_WOOD_PRD,2023,2022,CSH_CVG_RATIO,0,2023-03-31,RPT,14.396642
RBI:RATIO_LNGNFC_INDUS_ANN_RN(1.0),N_A,AFY,MNF_WOOD_PRD,2023,2022,EBITDA_TO_SAL,0,2023-03-31,RPT,14.9231
RBI:RATIO_LNGNFC_INDUS_ANN_RN(1.0),N_A,AFY,MNF_WOOD_PRD,2023,2022,INT_BURDEN,0,2023-03-31,RPT,8.2482
RBI:RATIO_LNGNFC_INDUS_ANN_RN(1.0),N_A,AFY,MNF_WOOD_PRD,2023,2022,INT_CVG,0,2023-03-31,RPT,12.123806
RBI:RATIO_LNGNFC_INDUS_ANN_RN(1.0),N_A,AFY,MNF_WOOD_PRD,2023,2022,INT_TO_SAL,0,2023-03-31,RPT,1.0366
RBI:RATIO_LNGNFC_INDUS_ANN_RN(1.0),N_A,AFY,MNF_WOOD_PRD,2023,2022,NET_PFT_TO_SAL,0,2023-03-31,RPT,8.7569
RBI:RATIO_LNGNFC_INDUS_ANN_RN(1.0),N_A,AFY,MNF_WOOD_PRD,2023,2022,OPR_PFTS_TO_SAL,0,2023-03-31,RPT,13.7746
RBI:RATIO_LNGNFC_INDUS_ANN_RN(1.0),N_A,AFY,MNF_WOOD_PRD,2023,2022,TAX_PROV_TO_EBT,0,2023-03-31,RPT,19.758
RBI:RATIO_LNGNFC_INDUS_ANN_RN(1.0),N_A,AFY,SERV_OTH_IT,2023,2022,CSH_CVG_RATIO,0,2023-03-31,RPT,2.458024
RBI:RATIO_LNGNFC_INDUS_ANN_RN(1.0),N_A,AFY,SERV_OTH_IT,2023,2022,EBITDA_TO_SAL,0,2023-03-31,RPT,22.6207
RBI:RATIO_LNGNFC_INDUS_ANN_RN(1.0),N_A,AFY,SERV_OTH_IT,2023,2022,INT_BURDEN,0,2023-03-31,RPT,86.5775
RBI:RATIO_LNGNFC_INDUS_ANN_RN(1.0),N_A,AFY,SERV_OTH_IT,2023,2022,INT_CVG,0,2023-03-31,RPT,1.155034
RBI:RATIO_LNGNFC_INDUS_ANN_RN(1.0),N_A,AFY,SERV_OTH_IT,2023,2022,INT_TO_SAL,0,2023-03-31,RPT,9.2028
RBI:RATIO_LNGNFC_INDUS_ANN_RN(1.0),N_A,AFY,SERV_OTH_IT,2023,2022,NET_PFT_TO_SAL,0,2023-03-31,RPT,-2.3919
RBI:RATIO_LNGNFC_INDUS_ANN_RN(1.0),N_A,AFY,SERV_OTH_IT,2023,2022,OPR_PFTS_TO_SAL,0,2023-03-31,RPT,19.2706
RBI:RATIO_LNGNFC_INDUS_ANN_RN(1.0),N_A,AFY,SERV_OTH_IT,2023,2022,TAX_PROV_TO_EBT,0,2023-03-31,RPT,21.7126
RBI:RATIO_LNGNFC_INDUS_ANN_RN(1.0),N_A,AFY,SOI_BSS,2023,2022,CSH_CVG_RATIO,0,2023-03-31,RPT,7.611395
RBI:RATIO_LNGNFC_INDUS_ANN_RN(1.0),N_A,AFY,SOI_BSS,2023,2022,EBITDA_TO_SAL,0,2023-03-31,RPT,21.8759
RBI:RATIO_LNGNFC_INDUS_ANN_RN(1.0),N_A,AFY,SOI_BSS,2023,2022,INT_BURDEN,0,2023-03-31,RPT,15.8741
RBI:RATIO_LNGNFC_INDUS_ANN_RN(1.0),N_A,AFY,SOI_BSS,2023,2022,INT_CVG,0,2023-03-31,RPT,6.299584
RBI:RATIO_LNGNFC_INDUS_ANN_RN(1.0),N_A,AFY,SOI_BSS,2023,2022,INT_TO_SAL,0,2023-03-31,RPT,2.8741
RBI:RATIO_LNGNFC_INDUS_ANN_RN(1.0),N_A,AFY,SOI_BSS,2023,2022,NET_PFT_TO_SAL,0,2023-03-31,RPT,10.2812
RBI:RATIO_LNGNFC_INDUS_ANN_RN(1.0),N_A,AFY,SOI_BSS,2023,2022,OPR_PFTS_TO_SAL,0,2023-03-31,RPT,20.5066
RBI:RATIO_LNGNFC_INDUS_ANN_RN(1.0),N_A,AFY,SOI_BSS,2023,2022,TAX_PROV_TO_EBT,0,2023-03-31,RPT,22.0087
RBI:RATIO_LNGNFC_INDUS_ANN_RN(1.0),N_A,AFY,SOI_HNR,2023,2022,CSH_CVG_RATIO,0,2023-03-31,RPT,5.685973
RBI:RATIO_LNGNFC_INDUS_ANN_RN(1.0),N_A,AFY,SOI_HNR,2023,2022,EBITDA_TO_SAL,0,2023-03-31,RPT,27.9113
RBI:RATIO_LNGNFC_INDUS_ANN_RN(1.0),N_A,AFY,SOI_HNR,2023,2022,INT_BURDEN,0,2023-03-31,RPT,25.485
RBI:RATIO_LNGNFC_INDUS_ANN_RN(1.0),N_A,AFY,SOI_HNR,2023,2022,INT_CVG,0,2023-03-31,RPT,3.923881
RBI:RATIO_LNGNFC_INDUS_ANN_RN(1.0),N_A,AFY,SOI_HNR,2023,2022,INT_TO_SAL,0,2023-03-31,RPT,4.9088
RBI:RATIO_LNGNFC_INDUS_ANN_RN(1.0),N_A,AFY,SOI_HNR,2023,2022,NET_PFT_TO_SAL,0,2023-03-31,RPT,11.9289
RBI:RATIO_LNGNFC_INDUS_ANN_RN(1.0),N_A,AFY,SOI_HNR,2023,2022,OPR_PFTS_TO_SAL,0,2023-03-31,RPT,24.9916
RBI:RATIO_LNGNFC_INDUS_ANN_RN(1.0),N_A,AFY,SOI_HNR,2023,2022,TAX_PROV_TO_EBT,0,2023-03-31,RPT,20.5554
RBI:RATIO_LNGNFC_INDUS_ANN_RN(1.0),N_A,AFY,SOI_HS,2023,2022,CSH_CVG_RATIO,0,2023-03-31,RPT,7.980517
RBI:RATIO_LNGNFC_INDUS_ANN_RN(1.0),N_A,AFY,SOI_HS,2023,2022,EBITDA_TO_SAL,0,2023-03-31,RPT,24.4424
RBI:RATIO_LNGNFC_INDUS_ANN_RN(1.0),N_A,AFY,SOI_HS,2023,2022,INT_BURDEN,0,2023-03-31,RPT,16.7241
RBI:RATIO_LNGNFC_INDUS_ANN_RN(1.0),N_A,AFY,SOI_HS,2023,2022,INT_CVG,0,2023-03-31,RPT,5.97938
RBI:RATIO_LNGNFC_INDUS_ANN_RN(1.0),N_A,AFY,SOI_HS,2023,2022,INT_TO_SAL,0,2023-03-31,RPT,3.0628
RBI:RATIO_LNGNFC_INDUS_ANN_RN(1.0),N_A,AFY,SOI_HS,2023,2022,NET_PFT_TO_SAL,0,2023-03-31,RPT,12.4389
RBI:RATIO_LNGNFC_INDUS_ANN_RN(1.0),N_A,AFY,SOI_HS,2023,2022,OPR_PFTS_TO_SAL,0,2023-03-31,RPT,21.431
RBI:RATIO_LNGNFC_INDUS_ANN_RN(1.0),N_A,AFY,SOI_HS,2023,2022,TAX_PROV_TO_EBT,0,2023-03-31,RPT,24.6863
RBI:RATIO_LNGNFC_INDUS_ANN_RN(1.0),N_A,AFY,SOI_OTH,2023,2022,CSH_CVG_RATIO,0,2023-03-31,RPT,8.072159
RBI:RATIO_LNGNFC_INDUS_ANN_RN(1.0),N_A,AFY,SOI_OTH,2023,2022,EBITDA_TO_SAL,0,2023-03-31,RPT,16.109
RBI:RATIO_LNGNFC_INDUS_ANN_RN(1.0),N_A,AFY,SOI_OTH,2023,2022,INT_BURDEN,0,2023-03-31,RPT,16.3296
RBI:RATIO_LNGNFC_INDUS_ANN_RN(1.0),N_A,AFY,SOI_OTH,2023,2022,INT_CVG,0,2023-03-31,RPT,6.123862
RBI:RATIO_LNGNFC_INDUS_ANN_RN(1.0),N_A,AFY,SOI_OTH,2023,2022,INT_TO_SAL,0,2023-03-31,RPT,1.9956
RBI:RATIO_LNGNFC_INDUS_ANN_RN(1.0),N_A,AFY,SOI_OTH,2023,2022,NET_PFT_TO_SAL,0,2023-03-31,RPT,7.3052
RBI:RATIO_LNGNFC_INDUS_ANN_RN(1.0),N_A,AFY,SOI_OTH,2023,2022,OPR_PFTS_TO_SAL,0,2023-03-31,RPT,12.3407
RBI:RATIO_LNGNFC_INDUS_ANN_RN(1.0),N_A,AFY,SOI_OTH,2023,2022,TAX_PROV_TO_EBT,0,2023-03-31,RPT,20.8255
RBI:RATIO_LNGNFC_INDUS_ANN_RN(1.0),N_A,AFY,SOI_RE,2023,2022,CSH_CVG_RATIO,0,2023-03-31,RPT,4.742815
RBI:RATIO_LNGNFC_INDUS_ANN_RN(1.0),N_A,AFY,SOI_RE,2023,2022,EBITDA_TO_SAL,0,2023-03-31,RPT,53.4774
RBI:RATIO_LNGNFC_INDUS_ANN_RN(1.0),N_A,AFY,SOI_RE,2023,2022,INT_BURDEN,0,2023-03-31,RPT,22.1498
RBI:RATIO_LNGNFC_INDUS_ANN_RN(1.0),N_A,AFY,SOI_RE,2023,2022,INT_CVG,0,2023-03-31,RPT,4.514721
RBI:RATIO_LNGNFC_INDUS_ANN_RN(1.0),N_A,AFY,SOI_RE,2023,2022,INT_TO_SAL,0,2023-03-31,RPT,11.2755
RBI:RATIO_LNGNFC_INDUS_ANN_RN(1.0),N_A,AFY,SOI_RE,2023,2022,NET_PFT_TO_SAL,0,2023-03-31,RPT,34.0278
RBI:RATIO_LNGNFC_INDUS_ANN_RN(1.0),N_A,AFY,SOI_RE,2023,2022,OPR_PFTS_TO_SAL,0,2023-03-31,RPT,38.9358
RBI:RATIO_LNGNFC_INDUS_ANN_RN(1.0),N_A,AFY,SOI_RE,2023,2022,TAX_PROV_TO_EBT,0,2023-03-31,RPT,7.6102
RBI:RATIO_LNGNFC_INDUS_ANN_RN(1.0),N_A,AFY,SOI_TCOMM,2023,2022,CSH_CVG_RATIO,0,2023-03-31,RPT,1.715467
RBI:RATIO_LNGNFC_INDUS_ANN_RN(1.0),N_A,AFY,SOI_TCOMM,2023,2022,EBITDA_TO_SAL,0,2023-03-31,RPT,43.0348
RBI:RATIO_LNGNFC_INDUS_ANN_RN(1.0),N_A,AFY,SOI_TCOMM,2023,2022,INT_CVG,0,2023-03-31,RPT,0.379048
RBI:RATIO_LNGNFC_INDUS_ANN_RN(1.0),N_A,AFY,SOI_TCOMM,2023,2022,INT_TO_SAL,0,2023-03-31,RPT,25.0864
RBI:RATIO_LNGNFC_INDUS_ANN_RN(1.0),N_A,AFY,SOI_TCOMM,2023,2022,NET_PFT_TO_SAL,0,2023-03-31,RPT,-24.126
RBI:RATIO_LNGNFC_INDUS_ANN_RN(1.0),N_A,AFY,SOI_TCOMM,2023,2022,OPR_PFTS_TO_SAL,0,2023-03-31,RPT,40.689
RBI:RATIO_LNGNFC_INDUS_ANN_RN(1.0),N_A,AFY,SOI_TCOMM,2023,2022,TAX_PROV_TO_EBT,0,2023-03-31,RPT,52.2346
RBI:RATIO_LNGNFC_INDUS_ANN_RN(1.0),N_A,AFY,SOI_TSS,2023,2022,CSH_CVG_RATIO,0,2023-03-31,RPT,2.718936
RBI:RATIO_LNGNFC_INDUS_ANN_RN(1.0),N_A,AFY,SOI_TSS,2023,2022,EBITDA_TO_SAL,0,2023-03-31,RPT,18.7798
RBI:RATIO_LNGNFC_INDUS_ANN_RN(1.0),N_A,AFY,SOI_TSS,2023,2022,INT_BURDEN,0,2023-03-31,RPT,63.4345
RBI:RATIO_LNGNFC_INDUS_ANN_RN(1.0),N_A,AFY,SOI_TSS,2023,2022,INT_CVG,0,2023-03-31,RPT,1.57643
RBI:RATIO_LNGNFC_INDUS_ANN_RN(1.0),N_A,AFY,SOI_TSS,2023,2022,INT_TO_SAL,0,2023-03-31,RPT,6.9071
RBI:RATIO_LNGNFC_INDUS_ANN_RN(1.0),N_A,AFY,SOI_TSS,2023,2022,NET_PFT_TO_SAL,0,2023-03-31,RPT,2.8975
RBI:RATIO_LNGNFC_INDUS_ANN_RN(1.0),N_A,AFY,SOI_TSS,2023,2022,OPR_PFTS_TO_SAL,0,2023-03-31,RPT,13.4816
RBI:RATIO_LNGNFC_INDUS_ANN_RN(1.0),N_A,AFY,SOI_TSS,2023,2022,TAX_PROV_TO_EBT,0,2023-03-31,RPT,10.8343
RBI:RATIO_LNGNFC_INDUS_ANN_RN(1.0),N_A,AFY,SOI_VTPB,2023,2022,CSH_CVG_RATIO,0,2023-03-31,RPT,6.596334
RBI:RATIO_LNGNFC_INDUS_ANN_RN(1.0),N_A,AFY,SOI_VTPB,2023,2022,EBITDA_TO_SAL,0,2023-03-31,RPT,28.5274
RBI:RATIO_LNGNFC_INDUS_ANN_RN(1.0),N_A,AFY,SOI_VTPB,2023,2022,INT_BURDEN,0,2023-03-31,RPT,21.4451
RBI:RATIO_LNGNFC_INDUS_ANN_RN(1.0),N_A,AFY,SOI_VTPB,2023,2022,INT_CVG,0,2023-03-31,RPT,4.663059
RBI:RATIO_LNGNFC_INDUS_ANN_RN(1.0),N_A,AFY,SOI_VTPB,2023,2022,INT_TO_SAL,0,2023-03-31,RPT,4.3247
RBI:RATIO_LNGNFC_INDUS_ANN_RN(1.0),N_A,AFY,SOI_VTPB,2023,2022,NET_PFT_TO_SAL,0,2023-03-31,RPT,7.6097
RBI:RATIO_LNGNFC_INDUS_ANN_RN(1.0),N_A,AFY,SOI_VTPB,2023,2022,OPR_PFTS_TO_SAL,0,2023-03-31,RPT,23.6692
RBI:RATIO_LNGNFC_INDUS_ANN_RN(1.0),N_A,AFY,SOI_VTPB,2023,2022,TAX_PROV_TO_EBT,0,2023-03-31,RPT,23.6019
RBI:RATIO_LNGNFC_INDUS_ANN_RN(1.0),N_A,AFY,SOI_WRT,2023,2022,CSH_CVG_RATIO,0,2023-03-31,RPT,6.457917
RBI:RATIO_LNGNFC_INDUS_ANN_RN(1.0),N_A,AFY,SOI_WRT,2023,2022,EBITDA_TO_SAL,0,2023-03-31,RPT,6.8191
RBI:RATIO_LNGNFC_INDUS_ANN_RN(1.0),N_A,AFY,SOI_WRT,2023,2022,INT_BURDEN,0,2023-03-31,RPT,18.6311
RBI:RATIO_LNGNFC_INDUS_ANN_RN(1.0),N_A,AFY,SOI_WRT,2023,2022,INT_CVG,0,2023-03-31,RPT,5.367358
RBI:RATIO_LNGNFC_INDUS_ANN_RN(1.0),N_A,AFY,SOI_WRT,2023,2022,INT_TO_SAL,0,2023-03-31,RPT,1.0559
RBI:RATIO_LNGNFC_INDUS_ANN_RN(1.0),N_A,AFY,SOI_WRT,2023,2022,NET_PFT_TO_SAL,0,2023-03-31,RPT,3.2908
RBI:RATIO_LNGNFC_INDUS_ANN_RN(1.0),N_A,AFY,SOI_WRT,2023,2022,OPR_PFTS_TO_SAL,0,2023-03-31,RPT,4.4298
RBI:RATIO_LNGNFC_INDUS_ANN_RN(1.0),N_A,AFY,SOI_WRT,2023,2022,TAX_PROV_TO_EBT,0,2023-03-31,RPT,21.8204
RBI:RATIO_LNGNFC_INDUS_ANN_RN(1.0),N_A,AFY,AGR_REL_ACT,2024,2023,CSH_CVG_RATIO,0,2024-03-31,RPT,2.03709825528
RBI:RATIO_LNGNFC_INDUS_ANN_RN(1.0),N_A,AFY,AGR_REL_ACT,2024,2023,EBITDA_TO_SAL,0,2024-03-31,RPT,5.766798351452
RBI:RATIO_LNGNFC_INDUS_ANN_RN(1.0),N_A,AFY,AGR_REL_ACT,2024,2023,INT_BURDEN,0,2024-03-31,RPT,72.203909979541
RBI:RATIO_LNGNFC_INDUS_ANN_RN(1.0),N_A,AFY,AGR_REL_ACT,2024,2023,INT_CVG,0,2024-03-31,RPT,1.384966548603
RBI:RATIO_LNGNFC_INDUS_ANN_RN(1.0),N_A,AFY,AGR_REL_ACT,2024,2023,INT_TO_SAL,0,2024-03-31,RPT,2.830888660625
RBI:RATIO_LNGNFC_INDUS_ANN_RN(1.0),N_A,AFY,AGR_REL_ACT,2024,2023,NET_PFT_TO_SAL,0,2024-03-31,RPT,1.295828793439
RBI:RATIO_LNGNFC_INDUS_ANN_RN(1.0),N_A,AFY,AGR_REL_ACT,2024,2023,OPR_PFTS_TO_SAL,0,2024-03-31,RPT,3.400185829291
RBI:RATIO_LNGNFC_INDUS_ANN_RN(1.0),N_A,AFY,AGR_REL_ACT,2024,2023,TAX_PROV_TO_EBT,0,2024-03-31,RPT,11.189297865759
RBI:RATIO_LNGNFC_INDUS_ANN_RN(1.0),N_A,AFY,AGR_REL_ACT_OTH,2024,2023,CSH_CVG_RATIO,0,2024-03-31,RPT,7.230227232693
RBI:RATIO_LNGNFC_INDUS_ANN_RN(1.0),N_A,AFY,AGR_REL_ACT_OTH,2024,2023,EBITDA_TO_SAL,0,2024-03-31,RPT,8.61658344888
RBI:RATIO_LNGNFC_INDUS_ANN_RN(1.0),N_A,AFY,AGR_REL_ACT_OTH,2024,2023,INT_BURDEN,0,2024-03-31,RPT,16.011168615064
RBI:RATIO_LNGNFC_INDUS_ANN_RN(1.0),N_A,AFY,AGR_REL_ACT_OTH,2024,2023,INT_CVG,0,2024-03-31,RPT,6.245640302977
RBI:RATIO_LNGNFC_INDUS_ANN_RN(1.0),N_A,AFY,AGR_REL_ACT_OTH,2024,2023,INT_TO_SAL,0,2024-03-31,RPT,1.191744487631
RBI:RATIO_LNGNFC_INDUS_ANN_RN(1.0),N_A,AFY,AGR_REL_ACT_OTH,2024,2023,NET_PFT_TO_SAL,0,2024-03-31,RPT,-9.146099838446
RBI:RATIO_LNGNFC_INDUS_ANN_RN(1.0),N_A,AFY,AGR_REL_ACT_OTH,2024,2023,NET_PFT_TO_SAL,0,2024-03-31,RPT,5.610561748928
RBI:RATIO_LNGNFC_INDUS_ANN_RN(1.0),N_A,AFY,AGR_REL_ACT_OTH,2024,2023,OPR_PFTS_TO_SAL,0,2024-03-31,RPT,6.893728594205
RBI:RATIO_LNGNFC_INDUS_ANN_RN(1.0),N_A,AFY,AGR_REL_ACT_OTH,2024,2023,TAX_PROV_TO_EBT,0,2024-03-31,RPT,10.784440842788
RBI:RATIO_LNGNFC_INDUS_ANN_RN(1.0),N_A,AFY,ARA_TCP,2024,2023,EBITDA_TO_SAL,0,2024-03-31,RPT,-1.129863136183
RBI:RATIO_LNGNFC_INDUS_ANN_RN(1.0),N_A,AFY,ARA_TCP,2024,2023,INT_TO_SAL,0,2024-03-31,RPT,6.797721984576
RBI:RATIO_LNGNFC_INDUS_ANN_RN(1.0),N_A,AFY,ARA_TCP,2024,2023,OPR_PFTS_TO_SAL,0,2024-03-31,RPT,-5.054410225668
RBI:RATIO_LNGNFC_INDUS_ANN_RN(1.0),N_A,AFY,ARA_TCP,2024,2023,TAX_PROV_TO_EBT,0,2024-03-31,RPT,19.628378378378
RBI:RATIO_LNGNFC_INDUS_ANN_RN(1.0),N_A,AFY,CONSTRN,2024,2023,CSH_CVG_RATIO,0,2024-03-31,RPT,2.734936175529
RBI:RATIO_LNGNFC_INDUS_ANN_RN(1.0),N_A,AFY,CONSTRN,2024,2023,EBITDA_TO_SAL,0,2024-03-31,RPT,14.029826999358
RBI:RATIO_LNGNFC_INDUS_ANN_RN(1.0),N_A,AFY,CONSTRN,2024,2023,INT_BURDEN,0,2024-03-31,RPT,42.140652059515
RBI:RATIO_LNGNFC_INDUS_ANN_RN(1.0),N_A,AFY,CONSTRN,2024,2023,INT_CVG,0,2024-03-31,RPT,2.3730055211
RBI:RATIO_LNGNFC_INDUS_ANN_RN(1.0),N_A,AFY,CONSTRN,2024,2023,INT_TO_SAL,0,2024-03-31,RPT,5.129855360023
RBI:RATIO_LNGNFC_INDUS_ANN_RN(1.0),N_A,AFY,CONSTRN,2024,2023,NET_PFT_TO_SAL,0,2024-03-31,RPT,4.527067030741
RBI:RATIO_LNGNFC_INDUS_ANN_RN(1.0),N_A,AFY,CONSTRN,2024,2023,OPR_PFTS_TO_SAL,0,2024-03-31,RPT,9.803708747059
RBI:RATIO_LNGNFC_INDUS_ANN_RN(1.0),N_A,AFY,CONSTRN,2024,2023,TAX_PROV_TO_EBT,0,2024-03-31,RPT,21.397849324845
RBI:RATIO_LNGNFC_INDUS_ANN_RN(1.0),N_A,AFY,ELC_GAS_SPLY,2024,2023,CSH_CVG_RATIO,0,2024-03-31,RPT,5.301231878645
RBI:RATIO_LNGNFC_INDUS_ANN_RN(1.0),N_A,AFY,ELC_GAS_SPLY,2024,2023,EBITDA_TO_SAL,0,2024-03-31,RPT,32.922305619241
RBI:RATIO_LNGNFC_INDUS_ANN_RN(1.0),N_A,AFY,ELC_GAS_SPLY,2024,2023,INT_BURDEN,0,2024-03-31,RPT,22.403507918937
RBI:RATIO_LNGNFC_INDUS_ANN_RN(1.0),N_A,AFY,ELC_GAS_SPLY,2024,2023,INT_CVG,0,2024-03-31,RPT,4.463586700879
RBI:RATIO_LNGNFC_INDUS_ANN_RN(1.0),N_A,AFY,ELC_GAS_SPLY,2024,2023,INT_TO_SAL,0,2024-03-31,RPT,6.21031231474
RBI:RATIO_LNGNFC_INDUS_ANN_RN(1.0),N_A,AFY,ELC_GAS_SPLY,2024,2023,NET_PFT_TO_SAL,0,2024-03-31,RPT,18.474964815218
RBI:RATIO_LNGNFC_INDUS_ANN_RN(1.0),N_A,AFY,ELC_GAS_SPLY,2024,2023,OPR_PFTS_TO_SAL,0,2024-03-31,RPT,20.944804572207
RBI:RATIO_LNGNFC_INDUS_ANN_RN(1.0),N_A,AFY,ELC_GAS_SPLY,2024,2023,TAX_PROV_TO_EBT,0,2024-03-31,RPT,6.387914239265
RBI:RATIO_LNGNFC_INDUS_ANN_RN(1.0),N_A,AFY,INDS_GRP_ALL_COMP,2024,2023,CSH_CVG_RATIO,0,2024-03-31,RPT,6.722683656831
RBI:RATIO_LNGNFC_INDUS_ANN_RN(1.0),N_A,AFY,INDS_GRP_ALL_COMP,2024,2023,EBITDA_TO_SAL,0,2024-03-31,RPT,18.967908245646
RBI:RATIO_LNGNFC_INDUS_ANN_RN(1.0),N_A,AFY,INDS_GRP_ALL_COMP,2024,2023,INT_BURDEN,0,2024-03-31,RPT,18.850335816717
RBI:RATIO_LNGNFC_INDUS_ANN_RN(1.0),N_A,AFY,INDS_GRP_ALL_COMP,2024,2023,INT_CVG,0,2024-03-31,RPT,5.304945279082
RBI:RATIO_LNGNFC_INDUS_ANN_RN(1.0),N_A,AFY,INDS_GRP_ALL_COMP,2024,2023,INT_TO_SAL,0,2024-03-31,RPT,2.821478625783
RBI:RATIO_LNGNFC_INDUS_ANN_RN(1.0),N_A,AFY,INDS_GRP_ALL_COMP,2024,2023,NET_PFT_TO_SAL,0,2024-03-31,RPT,8.992176409543
RBI:RATIO_LNGNFC_INDUS_ANN_RN(1.0),N_A,AFY,INDS_GRP_ALL_COMP,2024,2023,OPR_PFTS_TO_SAL,0,2024-03-31,RPT,16.040178132897
RBI:RATIO_LNGNFC_INDUS_ANN_RN(1.0),N_A,AFY,INDS_GRP_ALL_COMP,2024,2023,TAX_PROV_TO_EBT,0,2024-03-31,RPT,21.041409904475
RBI:RATIO_LNGNFC_INDUS_ANN_RN(1.0),N_A,AFY,IT_CSRS,2024,2023,CSH_CVG_RATIO,0,2024-03-31,RPT,48.023157215474
RBI:RATIO_LNGNFC_INDUS_ANN_RN(1.0),N_A,AFY,IT_CSRS,2024,2023,EBITDA_TO_SAL,0,2024-03-31,RPT,27.219431488044
RBI:RATIO_LNGNFC_INDUS_ANN_RN(1.0),N_A,AFY,IT_CSRS,2024,2023,INT_BURDEN,0,2024-03-31,RPT,2.298834869831
RBI:RATIO_LNGNFC_INDUS_ANN_RN(1.0),N_A,AFY,IT_CSRS,2024,2023,INT_CVG,0,2024-03-31,RPT,43.500297177661
RBI:RATIO_LNGNFC_INDUS_ANN_RN(1.0),N_A,AFY,IT_CSRS,2024,2023,INT_TO_SAL,0,2024-03-31,RPT,0.566798042159
RBI:RATIO_LNGNFC_INDUS_ANN_RN(1.0),N_A,AFY,IT_CSRS,2024,2023,NET_PFT_TO_SAL,0,2024-03-31,RPT,18.020799000373
RBI:RATIO_LNGNFC_INDUS_ANN_RN(1.0),N_A,AFY,IT_CSRS,2024,2023,OPR_PFTS_TO_SAL,0,2024-03-31,RPT,22.701546222056
RBI:RATIO_LNGNFC_INDUS_ANN_RN(1.0),N_A,AFY,IT_CSRS,2024,2023,TAX_PROV_TO_EBT,0,2024-03-31,RPT,22.331235314574
RBI:RATIO_LNGNFC_INDUS_ANN_RN(1.0),N_A,AFY,MIN_N_QUARY,2024,2023,CSH_CVG_RATIO,0,2024-03-31,RPT,18.462398393985
RBI:RATIO_LNGNFC_INDUS_ANN_RN(1.0),N_A,AFY,MIN_N_QUARY,2024,2023,EBITDA_TO_SAL,0,2024-03-31,RPT,14.209477610199
RBI:RATIO_LNGNFC_INDUS_ANN_RN(1.0),N_A,AFY,MIN_N_QUARY,2024,2023,INT_BURDEN,0,2024-03-31,RPT,6.224541174539
RBI:RATIO_LNGNFC_INDUS_ANN_RN(1.0),N_A,AFY,MIN_N_QUARY,2024,2023,INT_CVG,0,2024-03-31,RPT,16.065441161999
RBI:RATIO_LNGNFC_INDUS_ANN_RN(1.0),N_A,AFY,MIN_N_QUARY,2024,2023,INT_TO_SAL,0,2024-03-31,RPT,0.769644187444
RBI:RATIO_LNGNFC_INDUS_ANN_RN(1.0),N_A,AFY,MIN_N_QUARY,2024,2023,NET_PFT_TO_SAL,0,2024-03-31,RPT,8.645360185724
RBI:RATIO_LNGNFC_INDUS_ANN_RN(1.0),N_A,AFY,MIN_N_QUARY,2024,2023,OPR_PFTS_TO_SAL,0,2024-03-31,RPT,12.699091223339
RBI:RATIO_LNGNFC_INDUS_ANN_RN(1.0),N_A,AFY,MIN_N_QUARY,2024,2023,TAX_PROV_TO_EBT,0,2024-03-31,RPT,23.432639792104
RBI:RATIO_LNGNFC_INDUS_ANN_RN(1.0),N_A,AFY,MNF,2024,2023,CSH_CVG_RATIO,0,2024-03-31,RPT,8.941735618108
RBI:RATIO_LNGNFC_INDUS_ANN_RN(1.0),N_A,AFY,MNF,2024,2023,EBITDA_TO_SAL,0,2024-03-31,RPT,16.582967599342
RBI:RATIO_LNGNFC_INDUS_ANN_RN(1.0),N_A,AFY,MNF,2024,2023,INT_BURDEN,0,2024-03-31,RPT,13.744607911216
RBI:RATIO_LNGNFC_INDUS_ANN_RN(1.0),N_A,AFY,MNF,2024,2023,INT_CVG,0,2024-03-31,RPT,7.275580405491
RBI:RATIO_LNGNFC_INDUS_ANN_RN(1.0),N_A,AFY,MNF,2024,2023,INT_TO_SAL,0,2024-03-31,RPT,1.854558030743
RBI:RATIO_LNGNFC_INDUS_ANN_RN(1.0),N_A,AFY,MNF,2024,2023,NET_PFT_TO_SAL,0,2024-03-31,RPT,8.914597421315
RBI:RATIO_LNGNFC_INDUS_ANN_RN(1.0),N_A,AFY,MNF,2024,2023,OPR_PFTS_TO_SAL,0,2024-03-31,RPT,14.364621104121
RBI:RATIO_LNGNFC_INDUS_ANN_RN(1.0),N_A,AFY,MNF,2024,2023,TAX_PROV_TO_EBT,0,2024-03-31,RPT,21.920271093741
RBI:RATIO_LNGNFC_INDUS_ANN_RN(1.0),N_A,AFY,MNF_CCP,2024,2023,CSH_CVG_RATIO,0,2024-03-31,RPT,8.000595302165
RBI:RATIO_LNGNFC_INDUS_ANN_RN(1.0),N_A,AFY,MNF_CCP,2024,2023,EBITDA_TO_SAL,0,2024-03-31,RPT,17.68747381203
RBI:RATIO_LNGNFC_INDUS_ANN_RN(1.0),N_A,AFY,MNF_CCP,2024,2023,INT_BURDEN,0,2024-03-31,RPT,17.461014572357
RBI:RATIO_LNGNFC_INDUS_ANN_RN(1.0),N_A,AFY,MNF_CCP,2024,2023,INT_CVG,0,2024-03-31,RPT,5.72704407213
RBI:RATIO_LNGNFC_INDUS_ANN_RN(1.0),N_A,AFY,MNF_CCP,2024,2023,INT_TO_SAL,0,2024-03-31,RPT,2.210769717004
RBI:RATIO_LNGNFC_INDUS_ANN_RN(1.0),N_A,AFY,MNF_CCP,2024,2023,NET_PFT_TO_SAL,0,2024-03-31,RPT,7.77217665761
RBI:RATIO_LNGNFC_INDUS_ANN_RN(1.0),N_A,AFY,MNF_CCP,2024,2023,OPR_PFTS_TO_SAL,0,2024-03-31,RPT,15.912106714241
RBI:RATIO_LNGNFC_INDUS_ANN_RN(1.0),N_A,AFY,MNF_CCP,2024,2023,TAX_PROV_TO_EBT,0,2024-03-31,RPT,20.948262501221
RBI:RATIO_LNGNFC_INDUS_ANN_RN(1.0),N_A,AFY,MNF_CEE,2024,2023,CSH_CVG_RATIO,0,2024-03-31,RPT,7.259490185629
RBI:RATIO_LNGNFC_INDUS_ANN_RN(1.0),N_A,AFY,MNF_CEE,2024,2023,EBITDA_TO_SAL,0,2024-03-31,RPT,13.338261668486
RBI:RATIO_LNGNFC_INDUS_ANN_RN(1.0),N_A,AFY,MNF_CEE,2024,2023,INT_BURDEN,0,2024-03-31,RPT,16.321743769353
RBI:RATIO_LNGNFC_INDUS_ANN_RN(1.0),N_A,AFY,MNF_CEE,2024,2023,INT_CVG,0,2024-03-31,RPT,6.126796340705
RBI:RATIO_LNGNFC_INDUS_ANN_RN(1.0),N_A,AFY,MNF_CEE,2024,2023,INT_TO_SAL,0,2024-03-31,RPT,1.83735514856
RBI:RATIO_LNGNFC_INDUS_ANN_RN(1.0),N_A,AFY,MNF_CEE,2024,2023,NET_PFT_TO_SAL,0,2024-03-31,RPT,6.885406416301
RBI:RATIO_LNGNFC_INDUS_ANN_RN(1.0),N_A,AFY,MNF_CEE,2024,2023,OPR_PFTS_TO_SAL,0,2024-03-31,RPT,10.435178521597
RBI:RATIO_LNGNFC_INDUS_ANN_RN(1.0),N_A,AFY,MNF_CEE,2024,2023,TAX_PROV_TO_EBT,0,2024-03-31,RPT,22.710522814953
RBI:RATIO_LNGNFC_INDUS_ANN_RN(1.0),N_A,AFY,MNF_CHM_PRD,2024,2023,CSH_CVG_RATIO,0,2024-03-31,RPT,12.441117898801
RBI:RATIO_LNGNFC_INDUS_ANN_RN(1.0),N_A,AFY,MNF_CHM_PRD,2024,2023,EBITDA_TO_SAL,0,2024-03-31,RPT,17.222903296418
RBI:RATIO_LNGNFC_INDUS_ANN_RN(1.0),N_A,AFY,MNF_CHM_PRD,2024,2023,INT_BURDEN,0,2024-03-31,RPT,9.624829250031
RBI:RATIO_LNGNFC_INDUS_ANN_RN(1.0),N_A,AFY,MNF_CHM_PRD,2024,2023,INT_CVG,0,2024-03-31,RPT,10.389794707234
RBI:RATIO_LNGNFC_INDUS_ANN_RN(1.0),N_A,AFY,MNF_CHM_PRD,2024,2023,INT_TO_SAL,0,2024-03-31,RPT,1.384353354459
RBI:RATIO_LNGNFC_INDUS_ANN_RN(1.0),N_A,AFY,MNF_CHM_PRD,2024,2023,NET_PFT_TO_SAL,0,2024-03-31,RPT,10.387130581594
RBI:RATIO_LNGNFC_INDUS_ANN_RN(1.0),N_A,AFY,MNF_CHM_PRD,2024,2023,OPR_PFTS_TO_SAL,0,2024-03-31,RPT,14.777022086326
RBI:RATIO_LNGNFC_INDUS_ANN_RN(1.0),N_A,AFY,MNF_CHM_PRD,2024,2023,TAX_PROV_TO_EBT,0,2024-03-31,RPT,22.016722119637
RBI:RATIO_LNGNFC_INDUS_ANN_RN(1.0),N_A,AFY,MNF_CP_BASIC,2024,2023,CSH_CVG_RATIO,0,2024-03-31,RPT,6.946056129985
RBI:RATIO_LNGNFC_INDUS_ANN_RN(1.0),N_A,AFY,MNF_CP_BASIC,2024,2023,EBITDA_TO_SAL,0,2024-03-31,RPT,16.203855427358
RBI:RATIO_LNGNFC_INDUS_ANN_RN(1.0),N_A,AFY,MNF_CP_BASIC,2024,2023,INT_BURDEN,0,2024-03-31,RPT,19.772071886679
RBI:RATIO_LNGNFC_INDUS_ANN_RN(1.0),N_A,AFY,MNF_CP_BASIC,2024,2023,INT_CVG,0,2024-03-31,RPT,5.05763890467
RBI:RATIO_LNGNFC_INDUS_ANN_RN(1.0),N_A,AFY,MNF_CP_BASIC,2024,2023,INT_TO_SAL,0,2024-03-31,RPT,2.332813775778
RBI:RATIO_LNGNFC_INDUS_ANN_RN(1.0),N_A,AFY,MNF_CP_BASIC,2024,2023,NET_PFT_TO_SAL,0,2024-03-31,RPT,7.859989399626
RBI:RATIO_LNGNFC_INDUS_ANN_RN(1.0),N_A,AFY,MNF_CP_BASIC,2024,2023,OPR_PFTS_TO_SAL,0,2024-03-31,RPT,13.95599943722
RBI:RATIO_LNGNFC_INDUS_ANN_RN(1.0),N_A,AFY,MNF_CP_BASIC,2024,2023,TAX_PROV_TO_EBT,0,2024-03-31,RPT,21.376256665973
RBI:RATIO_LNGNFC_INDUS_ANN_RN(1.0),N_A,AFY,MNF_CP_FNP,2024,2023,CSH_CVG_RATIO,0,2024-03-31,RPT,4.571285882054
RBI:RATIO_LNGNFC_INDUS_ANN_RN(1.0),N_A,AFY,MNF_CP_FNP,2024,2023,EBITDA_TO_SAL,0,2024-03-31,RPT,9.772803216132
RBI:RATIO_LNGNFC_INDUS_ANN_RN(1.0),N_A,AFY,MNF_CP_FNP,2024,2023,INT_BURDEN,0,2024-03-31,RPT,26.32661810196
RBI:RATIO_LNGNFC_INDUS_ANN_RN(1.0),N_A,AFY,MNF_CP_FNP,2024,2023,INT_CVG,0,2024-03-31,RPT,3.798436989237
RBI:RATIO_LNGNFC_INDUS_ANN_RN(1.0),N_A,AFY,MNF_CP_FNP,2024,2023,INT_TO_SAL,0,2024-03-31,RPT,2.137867433428
RBI:RATIO_LNGNFC_INDUS_ANN_RN(1.0),N_A,AFY,MNF_CP_FNP,2024,2023,NET_PFT_TO_SAL,0,2024-03-31,RPT,3.82637815279
RBI:RATIO_LNGNFC_INDUS_ANN_RN(1.0),N_A,AFY,MNF_CP_FNP,2024,2023,OPR_PFTS_TO_SAL,0,2024-03-31,RPT,7.753001599835
RBI:RATIO_LNGNFC_INDUS_ANN_RN(1.0),N_A,AFY,MNF_CP_FNP,2024,2023,TAX_PROV_TO_EBT,0,2024-03-31,RPT,19.504948850804
RBI:RATIO_LNGNFC_INDUS_ANN_RN(1.0),N_A,AFY,MNF_CP_OTH,2024,2023,CSH_CVG_RATIO,0,2024-03-31,RPT,19.005731861327
RBI:RATIO_LNGNFC_INDUS_ANN_RN(1.0),N_A,AFY,MNF_CP_OTH,2024,2023,EBITDA_TO_SAL,0,2024-03-31,RPT,19.021409588088
RBI:RATIO_LNGNFC_INDUS_ANN_RN(1.0),N_A,AFY,MNF_CP_OTH,2024,2023,INT_BURDEN,0,2024-03-31,RPT,6.127543366092
RBI:RATIO_LNGNFC_INDUS_ANN_RN(1.0),N_A,AFY,MNF_CP_OTH,2024,2023,INT_CVG,0,2024-03-31,RPT,16.319753941419
RBI:RATIO_LNGNFC_INDUS_ANN_RN(1.0),N_A,AFY,MNF_CP_OTH,2024,2023,INT_TO_SAL,0,2024-03-31,RPT,1.000824894662
RBI:RATIO_LNGNFC_INDUS_ANN_RN(1.0),N_A,AFY,MNF_CP_OTH,2024,2023,NET_PFT_TO_SAL,0,2024-03-31,RPT,12.420344172538
RBI:RATIO_LNGNFC_INDUS_ANN_RN(1.0),N_A,AFY,MNF_CP_OTH,2024,2023,OPR_PFTS_TO_SAL,0,2024-03-31,RPT,16.264348404975
RBI:RATIO_LNGNFC_INDUS_ANN_RN(1.0),N_A,AFY,MNF_CP_OTH,2024,2023,TAX_PROV_TO_EBT,0,2024-03-31,RPT,21.64465160344
RBI:RATIO_LNGNFC_INDUS_ANN_RN(1.0),N_A,AFY,MNF_CP_PNV,2024,2023,CSH_CVG_RATIO,0,2024-03-31,RPT,51.286771387771
RBI:RATIO_LNGNFC_INDUS_ANN_RN(1.0),N_A,AFY,MNF_CP_PNV,2024,2023,EBITDA_TO_SAL,0,2024-03-31,RPT,21.38504634955
RBI:RATIO_LNGNFC_INDUS_ANN_RN(1.0),N_A,AFY,MNF_CP_PNV,2024,2023,INT_BURDEN,0,2024-03-31,RPT,2.208152457978
RBI:RATIO_LNGNFC_INDUS_ANN_RN(1.0),N_A,AFY,MNF_CP_PNV,2024,2023,INT_CVG,0,2024-03-31,RPT,45.286728114587
RBI:RATIO_LNGNFC_INDUS_ANN_RN(1.0),N_A,AFY,MNF_CP_PNV,2024,2023,INT_TO_SAL,0,2024-03-31,RPT,0.416970025036
RBI:RATIO_LNGNFC_INDUS_ANN_RN(1.0),N_A,AFY,MNF_CP_PNV,2024,2023,NET_PFT_TO_SAL,0,2024-03-31,RPT,14.837124749081
RBI:RATIO_LNGNFC_INDUS_ANN_RN(1.0),N_A,AFY,MNF_CP_PNV,2024,2023,OPR_PFTS_TO_SAL,0,2024-03-31,RPT,19.385235807565
RBI:RATIO_LNGNFC_INDUS_ANN_RN(1.0),N_A,AFY,MNF_CP_PNV,2024,2023,TAX_PROV_TO_EBT,0,2024-03-31,RPT,25.472176066836
RBI:RATIO_LNGNFC_INDUS_ANN_RN(1.0),N_A,AFY,MNF_EMA,2024,2023,CSH_CVG_RATIO,0,2024-03-31,RPT,10.938146084145
RBI:RATIO_LNGNFC_INDUS_ANN_RN(1.0),N_A,AFY,MNF_EMA,2024,2023,EBITDA_TO_SAL,0,2024-03-31,RPT,12.309956663306
RBI:RATIO_LNGNFC_INDUS_ANN_RN(1.0),N_A,AFY,MNF_EMA,2024,2023,INT_BURDEN,0,2024-03-31,RPT,10.817111800151
RBI:RATIO_LNGNFC_INDUS_ANN_RN(1.0),N_A,AFY,MNF_EMA,2024,2023,INT_CVG,0,2024-03-31,RPT,9.24461185643
RBI:RATIO_LNGNFC_INDUS_ANN_RN(1.0),N_A,AFY,MNF_EMA,2024,2023,INT_TO_SAL,0,2024-03-31,RPT,1.125415273174
RBI:RATIO_LNGNFC_INDUS_ANN_RN(1.0),N_A,AFY,MNF_EMA,2024,2023,NET_PFT_TO_SAL,0,2024-03-31,RPT,6.918907748695
RBI:RATIO_LNGNFC_INDUS_ANN_RN(1.0),N_A,AFY,MNF_EMA,2024,2023,OPR_PFTS_TO_SAL,0,2024-03-31,RPT,10.550714325787
RBI:RATIO_LNGNFC_INDUS_ANN_RN(1.0),N_A,AFY,MNF_EMA,2024,2023,TAX_PROV_TO_EBT,0,2024-03-31,RPT,23.220125177907
RBI:RATIO_LNGNFC_INDUS_ANN_RN(1.0),N_A,AFY,MNF_FMP,2024,2023,CSH_CVG_RATIO,0,2024-03-31,RPT,7.96694528299
RBI:RATIO_LNGNFC_INDUS_ANN_RN(1.0),N_A,AFY,MNF_FMP,2024,2023,EBITDA_TO_SAL,0,2024-03-31,RPT,16.603621954292
RBI:RATIO_LNGNFC_INDUS_ANN_RN(1.0),N_A,AFY,MNF_FMP,2024,2023,INT_BURDEN,0,2024-03-31,RPT,15.523278677716
RBI:RATIO_LNGNFC_INDUS_ANN_RN(1.0),N_A,AFY,MNF_FMP,2024,2023,INT_CVG,0,2024-03-31,RPT,6.441938077396
RBI:RATIO_LNGNFC_INDUS_ANN_RN(1.0),N_A,AFY,MNF_FMP,2024,2023,INT_TO_SAL,0,2024-03-31,RPT,2.08406376152
RBI:RATIO_LNGNFC_INDUS_ANN_RN(1.0),N_A,AFY,MNF_FMP,2024,2023,NET_PFT_TO_SAL,0,2024-03-31,RPT,8.807343684153
RBI:RATIO_LNGNFC_INDUS_ANN_RN(1.0),N_A,AFY,MNF_FMP,2024,2023,OPR_PFTS_TO_SAL,0,2024-03-31,RPT,15.006343462535
RBI:RATIO_LNGNFC_INDUS_ANN_RN(1.0),N_A,AFY,MNF_FMP,2024,2023,TAX_PROV_TO_EBT,0,2024-03-31,RPT,24.857408381024
RBI:RATIO_LNGNFC_INDUS_ANN_RN(1.0),N_A,AFY,MNF_FPB,2024,2023,CSH_CVG_RATIO,0,2024-03-31,RPT,7.456347870012
RBI:RATIO_LNGNFC_INDUS_ANN_RN(1.0),N_A,AFY,MNF_FPB,2024,2023,EBITDA_TO_SAL,0,2024-03-31,RPT,10.869316068839
RBI:RATIO_LNGNFC_INDUS_ANN_RN(1.0),N_A,AFY,MNF_FPB,2024,2023,INT_BURDEN,0,2024-03-31,RPT,16.269713289543
RBI:RATIO_LNGNFC_INDUS_ANN_RN(1.0),N_A,AFY,MNF_FPB,2024,2023,INT_CVG,0,2024-03-31,RPT,6.146389811569
RBI:RATIO_LNGNFC_INDUS_ANN_RN(1.0),N_A,AFY,MNF_FPB,2024,2023,INT_TO_SAL,0,2024-03-31,RPT,1.457726524879
RBI:RATIO_LNGNFC_INDUS_ANN_RN(1.0),N_A,AFY,MNF_FPB,2024,2023,NET_PFT_TO_SAL,0,2024-03-31,RPT,5.514844819507
RBI:RATIO_LNGNFC_INDUS_ANN_RN(1.0),N_A,AFY,MNF_FPB,2024,2023,OPR_PFTS_TO_SAL,0,2024-03-31,RPT,9.642973422721
RBI:RATIO_LNGNFC_INDUS_ANN_RN(1.0),N_A,AFY,MNF_FPB,2024,2023,TAX_PROV_TO_EBT,0,2024-03-31,RPT,23.48587585773
RBI:RATIO_LNGNFC_INDUS_ANN_RN(1.0),N_A,AFY,MNF_FPB_DAIRY_PRD,2024,2023,CSH_CVG_RATIO,0,2024-03-31,RPT,17.180050955414
RBI:RATIO_LNGNFC_INDUS_ANN_RN(1.0),N_A,AFY,MNF_FPB_DAIRY_PRD,2024,2023,EBITDA_TO_SAL,0,2024-03-31,RPT,16.932997444169
RBI:RATIO_LNGNFC_INDUS_ANN_RN(1.0),N_A,AFY,MNF_FPB_DAIRY_PRD,2024,2023,INT_BURDEN,0,2024-03-31,RPT,6.92366853885
RBI:RATIO_LNGNFC_INDUS_ANN_RN(1.0),N_A,AFY,MNF_FPB_DAIRY_PRD,2024,2023,INT_CVG,0,2024-03-31,RPT,14.443210191083
RBI:RATIO_LNGNFC_INDUS_ANN_RN(1.0),N_A,AFY,MNF_FPB_DAIRY_PRD,2024,2023,INT_TO_SAL,0,2024-03-31,RPT,0.98561974514
RBI:RATIO_LNGNFC_INDUS_ANN_RN(1.0),N_A,AFY,MNF_FPB_DAIRY_PRD,2024,2023,NET_PFT_TO_SAL,0,2024-03-31,RPT,10.020701781348
RBI:RATIO_LNGNFC_INDUS_ANN_RN(1.0),N_A,AFY,MNF_FPB_DAIRY_PRD,2024,2023,OPR_PFTS_TO_SAL,0,2024-03-31,RPT,16.068087867561
RBI:RATIO_LNGNFC_INDUS_ANN_RN(1.0),N_A,AFY,MNF_FPB_DAIRY_PRD,2024,2023,TAX_PROV_TO_EBT,0,2024-03-31,RPT,24.874782776781
RBI:RATIO_LNGNFC_INDUS_ANN_RN(1.0),N_A,AFY,MNF_FPB_EDD_OIL,2024,2023,CSH_CVG_RATIO,0,2024-03-31,RPT,5.163688801351
RBI:RATIO_LNGNFC_INDUS_ANN_RN(1.0),N_A,AFY,MNF_FPB_EDD_OIL,2024,2023,EBITDA_TO_SAL,0,2024-03-31,RPT,5.000818771924
RBI:RATIO_LNGNFC_INDUS_ANN_RN(1.0),N_A,AFY,MNF_FPB_EDD_OIL,2024,2023,INT_BURDEN,0,2024-03-31,RPT,22.991563748987
RBI:RATIO_LNGNFC_INDUS_ANN_RN(1.0),N_A,AFY,MNF_FPB_EDD_OIL,2024,2023,INT_CVG,0,2024-03-31,RPT,4.349421426562
RBI:RATIO_LNGNFC_INDUS_ANN_RN(1.0),N_A,AFY,MNF_FPB_EDD_OIL,2024,2023,INT_TO_SAL,0,2024-03-31,RPT,0.968458589258
RBI:RATIO_LNGNFC_INDUS_ANN_RN(1.0),N_A,AFY,MNF_FPB_EDD_OIL,2024,2023,NET_PFT_TO_SAL,0,2024-03-31,RPT,2.384486950189
RBI:RATIO_LNGNFC_INDUS_ANN_RN(1.0),N_A,AFY,MNF_FPB_EDD_OIL,2024,2023,OPR_PFTS_TO_SAL,0,2024-03-31,RPT,4.216500838741
RBI:RATIO_LNGNFC_INDUS_ANN_RN(1.0),N_A,AFY,MNF_FPB_EDD_OIL,2024,2023,TAX_PROV_TO_EBT,0,2024-03-31,RPT,24.000772652286
RBI:RATIO_LNGNFC_INDUS_ANN_RN(1.0),N_A,AFY,MNF_FPB_ESGR,2024,2023,CSH_CVG_RATIO,0,2024-03-31,RPT,3.552897776741
RBI:RATIO_LNGNFC_INDUS_ANN_RN(1.0),N_A,AFY,MNF_FPB_ESGR,2024,2023,EBITDA_TO_SAL,0,2024-03-31,RPT,10.795909904217
RBI:RATIO_LNGNFC_INDUS_ANN_RN(1.0),N_A,AFY,MNF_FPB_ESGR,2024,2023,INT_BURDEN,0,2024-03-31,RPT,37.990489846231
RBI:RATIO_LNGNFC_INDUS_ANN_RN(1.0),N_A,AFY,MNF_FPB_ESGR,2024,2023,INT_CVG,0,2024-03-31,RPT,2.632237710142
RBI:RATIO_LNGNFC_INDUS_ANN_RN(1.0),N_A,AFY,MNF_FPB_ESGR,2024,2023,INT_TO_SAL,0,2024-03-31,RPT,3.038621030668
RBI:RATIO_LNGNFC_INDUS_ANN_RN(1.0),N_A,AFY,MNF_FPB_ESGR,2024,2023,NET_PFT_TO_SAL,0,2024-03-31,RPT,3.331156454496
RBI:RATIO_LNGNFC_INDUS_ANN_RN(1.0),N_A,AFY,MNF_FPB_ESGR,2024,2023,OPR_PFTS_TO_SAL,0,2024-03-31,RPT,9.131927175971
RBI:RATIO_LNGNFC_INDUS_ANN_RN(1.0),N_A,AFY,MNF_FPB_ESGR,2024,2023,TAX_PROV_TO_EBT,0,2024-03-31,RPT,21.02780518193
RBI:RATIO_LNGNFC_INDUS_ANN_RN(1.0),N_A,AFY,MNF_FPB_OFP,2024,2023,CSH_CVG_RATIO,0,2024-03-31,RPT,12.556698994742
RBI:RATIO_LNGNFC_INDUS_ANN_RN(1.0),N_A,AFY,MNF_FPB_OFP,2024,2023,EBITDA_TO_SAL,0,2024-03-31,RPT,14.41052328722
RBI:RATIO_LNGNFC_INDUS_ANN_RN(1.0),N_A,AFY,MNF_FPB_OFP,2024,2023,INT_BURDEN,0,2024-03-31,RPT,9.386647163894
RBI:RATIO_LNGNFC_INDUS_ANN_RN(1.0),N_A,AFY,MNF_FPB_OFP,2024,2023,INT_CVG,0,2024-03-31,RPT,10.653431225652
RBI:RATIO_LNGNFC_INDUS_ANN_RN(1.0),N_A,AFY,MNF_FPB_OFP,2024,2023,INT_TO_SAL,0,2024-03-31,RPT,1.147636277118
RBI:RATIO_LNGNFC_INDUS_ANN_RN(1.0),N_A,AFY,MNF_FPB_OFP,2024,2023,NET_PFT_TO_SAL,0,2024-03-31,RPT,8.237237775452
RBI:RATIO_LNGNFC_INDUS_ANN_RN(1.0),N_A,AFY,MNF_FPB_OFP,2024,2023,OPR_PFTS_TO_SAL,0,2024-03-31,RPT,12.916801528598
RBI:RATIO_LNGNFC_INDUS_ANN_RN(1.0),N_A,AFY,MNF_FPB_OFP,2024,2023,TAX_PROV_TO_EBT,0,2024-03-31,RPT,23.544314375448
RBI:RATIO_LNGNFC_INDUS_ANN_RN(1.0),N_A,AFY,MNF_GGP,2024,2023,CSH_CVG_RATIO,0,2024-03-31,RPT,8.081671381002
RBI:RATIO_LNGNFC_INDUS_ANN_RN(1.0),N_A,AFY,MNF_GGP,2024,2023,EBITDA_TO_SAL,0,2024-03-31,RPT,18.784261409929
RBI:RATIO_LNGNFC_INDUS_ANN_RN(1.0),N_A,AFY,MNF_GGP,2024,2023,INT_BURDEN,0,2024-03-31,RPT,17.147505755948
RBI:RATIO_LNGNFC_INDUS_ANN_RN(1.0),N_A,AFY,MNF_GGP,2024,2023,INT_CVG,0,2024-03-31,RPT,5.831751942425
RBI:RATIO_LNGNFC_INDUS_ANN_RN(1.0),N_A,AFY,MNF_GGP,2024,2023,INT_TO_SAL,0,2024-03-31,RPT,2.324304036178
RBI:RATIO_LNGNFC_INDUS_ANN_RN(1.0),N_A,AFY,MNF_GGP,2024,2023,NET_PFT_TO_SAL,0,2024-03-31,RPT,8.160072303174
RBI:RATIO_LNGNFC_INDUS_ANN_RN(1.0),N_A,AFY,MNF_GGP,2024,2023,OPR_PFTS_TO_SAL,0,2024-03-31,RPT,16.967860540093
RBI:RATIO_LNGNFC_INDUS_ANN_RN(1.0),N_A,AFY,MNF_GGP,2024,2023,TAX_PROV_TO_EBT,0,2024-03-31,RPT,23.171447933138
RBI:RATIO_LNGNFC_INDUS_ANN_RN(1.0),N_A,AFY,MNF_INS,2024,2023,CSH_CVG_RATIO,0,2024-03-31,RPT,6.475840391567
RBI:RATIO_LNGNFC_INDUS_ANN_RN(1.0),N_A,AFY,MNF_INS,2024,2023,EBITDA_TO_SAL,0,2024-03-31,RPT,17.598631808004
RBI:RATIO_LNGNFC_INDUS_ANN_RN(1.0),N_A,AFY,MNF_INS,2024,2023,INT_BURDEN,0,2024-03-31,RPT,19.005809461983
RBI:RATIO_LNGNFC_INDUS_ANN_RN(1.0),N_A,AFY,MNF_INS,2024,2023,INT_CVG,0,2024-03-31,RPT,5.261549117391
RBI:RATIO_LNGNFC_INDUS_ANN_RN(1.0),N_A,AFY,MNF_INS,2024,2023,INT_TO_SAL,0,2024-03-31,RPT,2.717582698752
RBI:RATIO_LNGNFC_INDUS_ANN_RN(1.0),N_A,AFY,MNF_INS,2024,2023,NET_PFT_TO_SAL,0,2024-03-31,RPT,6.370361189357
RBI:RATIO_LNGNFC_INDUS_ANN_RN(1.0),N_A,AFY,MNF_INS,2024,2023,OPR_PFTS_TO_SAL,0,2024-03-31,RPT,15.876868671986
RBI:RATIO_LNGNFC_INDUS_ANN_RN(1.0),N_A,AFY,MNF_INS,2024,2023,TAX_PROV_TO_EBT,0,2024-03-31,RPT,20.10063102497
RBI:RATIO_LNGNFC_INDUS_ANN_RN(1.0),N_A,AFY,MNF_JRA,2024,2023,CSH_CVG_RATIO,0,2024-03-31,RPT,4.933695578681
RBI:RATIO_LNGNFC_INDUS_ANN_RN(1.0),N_A,AFY,MNF_JRA,2024,2023,EBITDA_TO_SAL,0,2024-03-31,RPT,9.242802483285
RBI:RATIO_LNGNFC_INDUS_ANN_RN(1.0),N_A,AFY,MNF_JRA,2024,2023,INT_BURDEN,0,2024-03-31,RPT,22.503710527663
RBI:RATIO_LNGNFC_INDUS_ANN_RN(1.0),N_A,AFY,MNF_JRA,2024,2023,INT_CVG,0,2024-03-31,RPT,4.44371162156
RBI:RATIO_LNGNFC_INDUS_ANN_RN(1.0),N_A,AFY,MNF_JRA,2024,2023,INT_TO_SAL,0,2024-03-31,RPT,1.87340348343
RBI:RATIO_LNGNFC_INDUS_ANN_RN(1.0),N_A,AFY,MNF_JRA,2024,2023,NET_PFT_TO_SAL,0,2024-03-31,RPT,4.734584572038
RBI:RATIO_LNGNFC_INDUS_ANN_RN(1.0),N_A,AFY,MNF_JRA,2024,2023,OPR_PFTS_TO_SAL,0,2024-03-31,RPT,8.086142313903
RBI:RATIO_LNGNFC_INDUS_ANN_RN(1.0),N_A,AFY,MNF_JRA,2024,2023,TAX_PROV_TO_EBT,0,2024-03-31,RPT,23.774223040579
RBI:RATIO_LNGNFC_INDUS_ANN_RN(1.0),N_A,AFY,MNF_LTH,2024,2023,CSH_CVG_RATIO,0,2024-03-31,RPT,7.183289181642
RBI:RATIO_LNGNFC_INDUS_ANN_RN(1.0),N_A,AFY,MNF_LTH,2024,2023,EBITDA_TO_SAL,0,2024-03-31,RPT,11.191887055968
RBI:RATIO_LNGNFC_INDUS_ANN_RN(1.0),N_A,AFY,MNF_LTH,2024,2023,INT_BURDEN,0,2024-03-31,RPT,22.990946502058
RBI:RATIO_LNGNFC_INDUS_ANN_RN(1.0),N_A,AFY,MNF_LTH,2024,2023,INT_CVG,0,2024-03-31,RPT,4.349538197179
RBI:RATIO_LNGNFC_INDUS_ANN_RN(1.0),N_A,AFY,MNF_LTH,2024,2023,INT_TO_SAL,0,2024-03-31,RPT,1.558044897395
RBI:RATIO_LNGNFC_INDUS_ANN_RN(1.0),N_A,AFY,MNF_LTH,2024,2023,NET_PFT_TO_SAL,0,2024-03-31,RPT,4.057587534748
RBI:RATIO_LNGNFC_INDUS_ANN_RN(1.0),N_A,AFY,MNF_LTH,2024,2023,OPR_PFTS_TO_SAL,0,2024-03-31,RPT,10.348778060872
RBI:RATIO_LNGNFC_INDUS_ANN_RN(1.0),N_A,AFY,MNF_LTH,2024,2023,TAX_PROV_TO_EBT,0,2024-03-31,RPT,27.653863360389
RBI:RATIO_LNGNFC_INDUS_ANN_RN(1.0),N_A,AFY,MNF_MMT,2024,2023,CSH_CVG_RATIO,0,2024-03-31,RPT,21.316006293463
RBI:RATIO_LNGNFC_INDUS_ANN_RN(1.0),N_A,AFY,MNF_MMT,2024,2023,EBITDA_TO_SAL,0,2024-03-31,RPT,15.365613734711
RBI:RATIO_LNGNFC_INDUS_ANN_RN(1.0),N_A,AFY,MNF_MMT,2024,2023,INT_BURDEN,0,2024-03-31,RPT,5.407952569591
RBI:RATIO_LNGNFC_INDUS_ANN_RN(1.0),N_A,AFY,MNF_MMT,2024,2023,INT_CVG,0,2024-03-31,RPT,18.491286436627
RBI:RATIO_LNGNFC_INDUS_ANN_RN(1.0),N_A,AFY,MNF_MMT,2024,2023,INT_TO_SAL,0,2024-03-31,RPT,0.720848620664
RBI:RATIO_LNGNFC_INDUS_ANN_RN(1.0),N_A,AFY,MNF_MMT,2024,2023,NET_PFT_TO_SAL,0,2024-03-31,RPT,9.994152590548
RBI:RATIO_LNGNFC_INDUS_ANN_RN(1.0),N_A,AFY,MNF_MMT,2024,2023,OPR_PFTS_TO_SAL,0,2024-03-31,RPT,12.771343087789
RBI:RATIO_LNGNFC_INDUS_ANN_RN(1.0),N_A,AFY,MNF_MMT,2024,2023,TAX_PROV_TO_EBT,0,2024-03-31,RPT,23.671713164598
RBI:RATIO_LNGNFC_INDUS_ANN_RN(1.0),N_A,AFY,MNF_MMT_MV,2024,2023,CSH_CVG_RATIO,0,2024-03-31,RPT,29.260925179021
RBI:RATIO_LNGNFC_INDUS_ANN_RN(1.0),N_A,AFY,MNF_MMT_MV,2024,2023,EBITDA_TO_SAL,0,2024-03-31,RPT,15.696069495521
RBI:RATIO_LNGNFC_INDUS_ANN_RN(1.0),N_A,AFY,MNF_MMT_MV,2024,2023,INT_BURDEN,0,2024-03-31,RPT,4.037862602895
RBI:RATIO_LNGNFC_INDUS_ANN_RN(1.0),N_A,AFY,MNF_MMT_MV,2024,2023,INT_CVG,0,2024-03-31,RPT,24.7655776916
RBI:RATIO_LNGNFC_INDUS_ANN_RN(1.0),N_A,AFY,MNF_MMT_MV,2024,2023,INT_TO_SAL,0,2024-03-31,RPT,0.536417403055
RBI:RATIO_LNGNFC_INDUS_ANN_RN(1.0),N_A,AFY,MNF_MMT_MV,2024,2023,NET_PFT_TO_SAL,0,2024-03-31,RPT,10.523491381456
RBI:RATIO_LNGNFC_INDUS_ANN_RN(1.0),N_A,AFY,MNF_MMT_MV,2024,2023,OPR_PFTS_TO_SAL,0,2024-03-31,RPT,13.528875683608
RBI:RATIO_LNGNFC_INDUS_ANN_RN(1.0),N_A,AFY,MNF_MMT_MV,2024,2023,TAX_PROV_TO_EBT,0,2024-03-31,RPT,20.878143100365
RBI:RATIO_LNGNFC_INDUS_ANN_RN(1.0),N_A,AFY,MNF_MMT_OTH,2024,2023,CSH_CVG_RATIO,0,2024-03-31,RPT,20.782039950504
RBI:RATIO_LNGNFC_INDUS_ANN_RN(1.0),N_A,AFY,MNF_MMT_OTH,2024,2023,EBITDA_TO_SAL,0,2024-03-31,RPT,15.419094050965
RBI:RATIO_LNGNFC_INDUS_ANN_RN(1.0),N_A,AFY,MNF_MMT_OTH,2024,2023,INT_BURDEN,0,2024-03-31,RPT,5.755019347426
RBI:RATIO_LNGNFC_INDUS_ANN_RN(1.0),N_A,AFY,MNF_MMT_OTH,2024,2023,INT_CVG,0,2024-03-31,RPT,17.376136197478
RBI:RATIO_LNGNFC_INDUS_ANN_RN(1.0),N_A,AFY,MNF_MMT_OTH,2024,2023,INT_TO_SAL,0,2024-03-31,RPT,0.741943239821
RBI:RATIO_LNGNFC_INDUS_ANN_RN(1.0),N_A,AFY,MNF_MMT_OTH,2024,2023,NET_PFT_TO_SAL,0,2024-03-31,RPT,9.986442955709
RBI:RATIO_LNGNFC_INDUS_ANN_RN(1.0),N_A,AFY,MNF_MMT_OTH,2024,2023,OPR_PFTS_TO_SAL,0,2024-03-31,RPT,13.289164466732
RBI:RATIO_LNGNFC_INDUS_ANN_RN(1.0),N_A,AFY,MNF_MMT_OTH,2024,2023,TAX_PROV_TO_EBT,0,2024-03-31,RPT,21.260084238923
RBI:RATIO_LNGNFC_INDUS_ANN_RN(1.0),N_A,AFY,MNF_MMT_PRTS,2024,2023,CSH_CVG_RATIO,0,2024-03-31,RPT,8.564085489937
RBI:RATIO_LNGNFC_INDUS_ANN_RN(1.0),N_A,AFY,MNF_MMT_PRTS,2024,2023,EBITDA_TO_SAL,0,2024-03-31,RPT,14.186572185588
RBI:RATIO_LNGNFC_INDUS_ANN_RN(1.0),N_A,AFY,MNF_MMT_PRTS,2024,2023,INT_BURDEN,0,2024-03-31,RPT,14.863136858391
RBI:RATIO_LNGNFC_INDUS_ANN_RN(1.0),N_A,AFY,MNF_MMT_PRTS,2024,2023,INT_CVG,0,2024-03-31,RPT,6.72805484823
RBI:RATIO_LNGNFC_INDUS_ANN_RN(1.0),N_A,AFY,MNF_MMT_PRTS,2024,2023,INT_TO_SAL,0,2024-03-31,RPT,1.656519216472
RBI:RATIO_LNGNFC_INDUS_ANN_RN(1.0),N_A,AFY,MNF_MMT_PRTS,2024,2023,NET_PFT_TO_SAL,0,2024-03-31,RPT,7.596614035823
RBI:RATIO_LNGNFC_INDUS_ANN_RN(1.0),N_A,AFY,MNF_MMT_PRTS,2024,2023,OPR_PFTS_TO_SAL,0,2024-03-31,RPT,12.222465876726
RBI:RATIO_LNGNFC_INDUS_ANN_RN(1.0),N_A,AFY,MNF_MMT_PRTS,2024,2023,TAX_PROV_TO_EBT,0,2024-03-31,RPT,23.56838796047
RBI:RATIO_LNGNFC_INDUS_ANN_RN(1.0),N_A,AFY,MNF_MPOSE,2024,2023,CSH_CVG_RATIO,0,2024-03-31,RPT,36.806860551827
RBI:RATIO_LNGNFC_INDUS_ANN_RN(1.0),N_A,AFY,MNF_MPOSE,2024,2023,EBITDA_TO_SAL,0,2024-03-31,RPT,31.120274394088
RBI:RATIO_LNGNFC_INDUS_ANN_RN(1.0),N_A,AFY,MNF_MPOSE,2024,2023,INT_BURDEN,0,2024-03-31,RPT,3.149809743036
RBI:RATIO_LNGNFC_INDUS_ANN_RN(1.0),N_A,AFY,MNF_MPOSE,2024,2023,INT_CVG,0,2024-03-31,RPT,31.747949291573
RBI:RATIO_LNGNFC_INDUS_ANN_RN(1.0),N_A,AFY,MNF_MPOSE,2024,2023,INT_TO_SAL,0,2024-03-31,RPT,0.845502004994
RBI:RATIO_LNGNFC_INDUS_ANN_RN(1.0),N_A,AFY,MNF_MPOSE,2024,2023,NET_PFT_TO_SAL,0,2024-03-31,RPT,19.455373130564
RBI:RATIO_LNGNFC_INDUS_ANN_RN(1.0),N_A,AFY,MNF_MPOSE,2024,2023,OPR_PFTS_TO_SAL,0,2024-03-31,RPT,26.090136440443
RBI:RATIO_LNGNFC_INDUS_ANN_RN(1.0),N_A,AFY,MNF_MPOSE,2024,2023,TAX_PROV_TO_EBT,0,2024-03-31,RPT,22.436313776431
RBI:RATIO_LNGNFC_INDUS_ANN_RN(1.0),N_A,AFY,MNF_OTH,2024,2023,CSH_CVG_RATIO,0,2024-03-31,RPT,15.3103200861
RBI:RATIO_LNGNFC_INDUS_ANN_RN(1.0),N_A,AFY,MNF_OTH,2024,2023,EBITDA_TO_SAL,0,2024-03-31,RPT,14.721244389559
RBI:RATIO_LNGNFC_INDUS_ANN_RN(1.0),N_A,AFY,MNF_OTH,2024,2023,INT_BURDEN,0,2024-03-31,RPT,7.976699782355
RBI:RATIO_LNGNFC_INDUS_ANN_RN(1.0),N_A,AFY,MNF_OTH,2024,2023,INT_CVG,0,2024-03-31,RPT,12.536512934986
RBI:RATIO_LNGNFC_INDUS_ANN_RN(1.0),N_A,AFY,MNF_OTH,2024,2023,INT_TO_SAL,0,2024-03-31,RPT,0.961524272959
RBI:RATIO_LNGNFC_INDUS_ANN_RN(1.0),N_A,AFY,MNF_OTH,2024,2023,NET_PFT_TO_SAL,0,2024-03-31,RPT,9.240533037138
RBI:RATIO_LNGNFC_INDUS_ANN_RN(1.0),N_A,AFY,MNF_OTH,2024,2023,OPR_PFTS_TO_SAL,0,2024-03-31,RPT,12.163222645167
RBI:RATIO_LNGNFC_INDUS_ANN_RN(1.0),N_A,AFY,MNF_OTH,2024,2023,TAX_PROV_TO_EBT,0,2024-03-31,RPT,26.493284535442
RBI:RATIO_LNGNFC_INDUS_ANN_RN(1.0),N_A,AFY,MNF_PETR_PRD,2024,2023,CSH_CVG_RATIO,0,2024-03-31,RPT,6.566533541108
RBI:RATIO_LNGNFC_INDUS_ANN_RN(1.0),N_A,AFY,MNF_PETR_PRD,2024,2023,EBITDA_TO_SAL,0,2024-03-31,RPT,16.089170085335
RBI:RATIO_LNGNFC_INDUS_ANN_RN(1.0),N_A,AFY,MNF_PETR_PRD,2024,2023,INT_BURDEN,0,2024-03-31,RPT,19.073387938475
RBI:RATIO_LNGNFC_INDUS_ANN_RN(1.0),N_A,AFY,MNF_PETR_PRD,2024,2023,INT_CVG,0,2024-03-31,RPT,5.242907045281
RBI:RATIO_LNGNFC_INDUS_ANN_RN(1.0),N_A,AFY,MNF_PETR_PRD,2024,2023,INT_TO_SAL,0,2024-03-31,RPT,2.450177096426
RBI:RATIO_LNGNFC_INDUS_ANN_RN(1.0),N_A,AFY,MNF_PETR_PRD,2024,2023,NET_PFT_TO_SAL,0,2024-03-31,RPT,7.90121518891
RBI:RATIO_LNGNFC_INDUS_ANN_RN(1.0),N_A,AFY,MNF_PETR_PRD,2024,2023,OPR_PFTS_TO_SAL,0,2024-03-31,RPT,13.847008586329
RBI:RATIO_LNGNFC_INDUS_ANN_RN(1.0),N_A,AFY,MNF_PETR_PRD,2024,2023,TAX_PROV_TO_EBT,0,2024-03-31,RPT,20.022430888264
RBI:RATIO_LNGNFC_INDUS_ANN_RN(1.0),N_A,AFY,MNF_PM,2024,2023,CSH_CVG_RATIO,0,2024-03-31,RPT,15.157207480191
RBI:RATIO_LNGNFC_INDUS_ANN_RN(1.0),N_A,AFY,MNF_PM,2024,2023,EBITDA_TO_SAL,0,2024-03-31,RPT,27.476106023703
RBI:RATIO_LNGNFC_INDUS_ANN_RN(1.0),N_A,AFY,MNF_PM,2024,2023,INT_BURDEN,0,2024-03-31,RPT,7.888262991158
RBI:RATIO_LNGNFC_INDUS_ANN_RN(1.0),N_A,AFY,MNF_PM,2024,2023,INT_CVG,0,2024-03-31,RPT,12.677062125349
RBI:RATIO_LNGNFC_INDUS_ANN_RN(1.0),N_A,AFY,MNF_PM,2024,2023,INT_TO_SAL,0,2024-03-31,RPT,1.812741961843
RBI:RATIO_LNGNFC_INDUS_ANN_RN(1.0),N_A,AFY,MNF_PM,2024,2023,NET_PFT_TO_SAL,0,2024-03-31,RPT,17.79753766923
RBI:RATIO_LNGNFC_INDUS_ANN_RN(1.0),N_A,AFY,MNF_PM,2024,2023,OPR_PFTS_TO_SAL,0,2024-03-31,RPT,23.547722861639
RBI:RATIO_LNGNFC_INDUS_ANN_RN(1.0),N_A,AFY,MNF_PM,2024,2023,TAX_PROV_TO_EBT,0,2024-03-31,RPT,23.203822432357
RBI:RATIO_LNGNFC_INDUS_ANN_RN(1.0),N_A,AFY,MNF_PNFFM,2024,2023,CSH_CVG_RATIO,0,2024-03-31,RPT,4.431682774813
RBI:RATIO_LNGNFC_INDUS_ANN_RN(1.0),N_A,AFY,MNF_PNFFM,2024,2023,EBITDA_TO_SAL,0,2024-03-31,RPT,18.207580484483
RBI:RATIO_LNGNFC_INDUS_ANN_RN(1.0),N_A,AFY,MNF_PNFFM,2024,2023,INT_BURDEN,0,2024-03-31,RPT,30.492039227289
RBI:RATIO_LNGNFC_INDUS_ANN_RN(1.0),N_A,AFY,MNF_PNFFM,2024,2023,INT_CVG,0,2024-03-31,RPT,3.279544515032
RBI:RATIO_LNGNFC_INDUS_ANN_RN(1.0),N_A,AFY,MNF_PNFFM,2024,2023,INT_TO_SAL,0,2024-03-31,RPT,4.108502663585
RBI:RATIO_LNGNFC_INDUS_ANN_RN(1.0),N_A,AFY,MNF_PNFFM,2024,2023,NET_PFT_TO_SAL,0,2024-03-31,RPT,9.48077387025
RBI:RATIO_LNGNFC_INDUS_ANN_RN(1.0),N_A,AFY,MNF_PNFFM,2024,2023,OPR_PFTS_TO_SAL,0,2024-03-31,RPT,14.392068920038
RBI:RATIO_LNGNFC_INDUS_ANN_RN(1.0),N_A,AFY,MNF_PNFFM,2024,2023,TAX_PROV_TO_EBT,0,2024-03-31,RPT,25.68913171554
RBI:RATIO_LNGNFC_INDUS_ANN_RN(1.0),N_A,AFY,MNF_PNPD,2024,2023,CSH_CVG_RATIO,0,2024-03-31,RPT,7.798656674648
RBI:RATIO_LNGNFC_INDUS_ANN_RN(1.0),N_A,AFY,MNF_PNPD,2024,2023,EBITDA_TO_SAL,0,2024-03-31,RPT,18.820945230995
RBI:RATIO_LNGNFC_INDUS_ANN_RN(1.0),N_A,AFY,MNF_PNPD,2024,2023,INT_BURDEN,0,2024-03-31,RPT,16.390760542706
RBI:RATIO_LNGNFC_INDUS_ANN_RN(1.0),N_A,AFY,MNF_PNPD,2024,2023,INT_CVG,0,2024-03-31,RPT,6.100998165366
RBI:RATIO_LNGNFC_INDUS_ANN_RN(1.0),N_A,AFY,MNF_PNPD,2024,2023,INT_TO_SAL,0,2024-03-31,RPT,2.413357327574
RBI:RATIO_LNGNFC_INDUS_ANN_RN(1.0),N_A,AFY,MNF_PNPD,2024,2023,NET_PFT_TO_SAL,0,2024-03-31,RPT,9.568253758606
RBI:RATIO_LNGNFC_INDUS_ANN_RN(1.0),N_A,AFY,MNF_PNPD,2024,2023,OPR_PFTS_TO_SAL,0,2024-03-31,RPT,16.815830195221
RBI:RATIO_LNGNFC_INDUS_ANN_RN(1.0),N_A,AFY,MNF_PNPD,2024,2023,TAX_PROV_TO_EBT,0,2024-03-31,RPT,23.494853437687
RBI:RATIO_LNGNFC_INDUS_ANN_RN(1.0),N_A,AFY,MNF_PP,2024,2023,CSH_CVG_RATIO,0,2024-03-31,RPT,6.163611430415
RBI:RATIO_LNGNFC_INDUS_ANN_RN(1.0),N_A,AFY,MNF_PP,2024,2023,EBITDA_TO_SAL,0,2024-03-31,RPT,13.17603133605
RBI:RATIO_LNGNFC_INDUS_ANN_RN(1.0),N_A,AFY,MNF_PP,2024,2023,INT_BURDEN,0,2024-03-31,RPT,22.005837217662
RBI:RATIO_LNGNFC_INDUS_ANN_RN(1.0),N_A,AFY,MNF_PP,2024,2023,INT_CVG,0,2024-03-31,RPT,4.544248828658
RBI:RATIO_LNGNFC_INDUS_ANN_RN(1.0),N_A,AFY,MNF_PP,2024,2023,INT_TO_SAL,0,2024-03-31,RPT,2.137712846568
RBI:RATIO_LNGNFC_INDUS_ANN_RN(1.0),N_A,AFY,MNF_PP,2024,2023,NET_PFT_TO_SAL,0,2024-03-31,RPT,6.197069473476
RBI:RATIO_LNGNFC_INDUS_ANN_RN(1.0),N_A,AFY,MNF_PP,2024,2023,OPR_PFTS_TO_SAL,0,2024-03-31,RPT,11.665962051972
RBI:RATIO_LNGNFC_INDUS_ANN_RN(1.0),N_A,AFY,MNF_PP,2024,2023,TAX_PROV_TO_EBT,0,2024-03-31,RPT,23.320393677804
RBI:RATIO_LNGNFC_INDUS_ANN_RN(1.0),N_A,AFY,MNF_RRP,2024,2023,CSH_CVG_RATIO,0,2024-03-31,RPT,10.020201039861
RBI:RATIO_LNGNFC_INDUS_ANN_RN(1.0),N_A,AFY,MNF_RRP,2024,2023,EBITDA_TO_SAL,0,2024-03-31,RPT,17.594578770096
RBI:RATIO_LNGNFC_INDUS_ANN_RN(1.0),N_A,AFY,MNF_RRP,2024,2023,INT_BURDEN,0,2024-03-31,RPT,13.785780910731
RBI:RATIO_LNGNFC_INDUS_ANN_RN(1.0),N_A,AFY,MNF_RRP,2024,2023,INT_CVG,0,2024-03-31,RPT,7.253850953206
RBI:RATIO_LNGNFC_INDUS_ANN_RN(1.0),N_A,AFY,MNF_RRP,2024,2023,INT_TO_SAL,0,2024-03-31,RPT,1.755910754695
RBI:RATIO_LNGNFC_INDUS_ANN_RN(1.0),N_A,AFY,MNF_RRP,2024,2023,NET_PFT_TO_SAL,0,2024-03-31,RPT,7.808793795823
RBI:RATIO_LNGNFC_INDUS_ANN_RN(1.0),N_A,AFY,MNF_RRP,2024,2023,OPR_PFTS_TO_SAL,0,2024-03-31,RPT,16.226136959822
RBI:RATIO_LNGNFC_INDUS_ANN_RN(1.0),N_A,AFY,MNF_RRP,2024,2023,TAX_PROV_TO_EBT,0,2024-03-31,RPT,21.170226540082
RBI:RATIO_LNGNFC_INDUS_ANN_RN(1.0),N_A,AFY,MNF_TBC_PRD,2024,2023,EBITDA_TO_SAL,0,2024-03-31,RPT,41.560303278066
RBI:RATIO_LNGNFC_INDUS_ANN_RN(1.0),N_A,AFY,MNF_TBC_PRD,2024,2023,INT_BURDEN,0,2024-03-31,RPT,0.290110885951
RBI:RATIO_LNGNFC_INDUS_ANN_RN(1.0),N_A,AFY,MNF_TBC_PRD,2024,2023,INT_TO_SAL,0,2024-03-31,RPT,0.113130284067
RBI:RATIO_LNGNFC_INDUS_ANN_RN(1.0),N_A,AFY,MNF_TBC_PRD,2024,2023,NET_PFT_TO_SAL,0,2024-03-31,RPT,30.217206510925
RBI:RATIO_LNGNFC_INDUS_ANN_RN(1.0),N_A,AFY,MNF_TBC_PRD,2024,2023,OPR_PFTS_TO_SAL,0,2024-03-31,RPT,35.946969532825
RBI:RATIO_LNGNFC_INDUS_ANN_RN(1.0),N_A,AFY,MNF_TBC_PRD,2024,2023,TAX_PROV_TO_EBT,0,2024-03-31,RPT,21.395796214759
RBI:RATIO_LNGNFC_INDUS_ANN_RN(1.0),N_A,AFY,MNF_TXT,2024,2023,CSH_CVG_RATIO,0,2024-03-31,RPT,3.980650231961
RBI:RATIO_LNGNFC_INDUS_ANN_RN(1.0),N_A,AFY,MNF_TXT,2024,2023,EBITDA_TO_SAL,0,2024-03-31,RPT,11.536562579455
RBI:RATIO_LNGNFC_INDUS_ANN_RN(1.0),N_A,AFY,MNF_TXT,2024,2023,INT_BURDEN,0,2024-03-31,RPT,35.535956301261
RBI:RATIO_LNGNFC_INDUS_ANN_RN(1.0),N_A,AFY,MNF_TXT,2024,2023,INT_CVG,0,2024-03-31,RPT,2.814051186698
RBI:RATIO_LNGNFC_INDUS_ANN_RN(1.0),N_A,AFY,MNF_TXT,2024,2023,INT_TO_SAL,0,2024-03-31,RPT,2.898160327383
RBI:RATIO_LNGNFC_INDUS_ANN_RN(1.0),N_A,AFY,MNF_TXT,2024,2023,NET_PFT_TO_SAL,0,2024-03-31,RPT,4.515097044558
RBI:RATIO_LNGNFC_INDUS_ANN_RN(1.0),N_A,AFY,MNF_TXT,2024,2023,OPR_PFTS_TO_SAL,0,2024-03-31,RPT,9.377706171644
RBI:RATIO_LNGNFC_INDUS_ANN_RN(1.0),N_A,AFY,MNF_TXT,2024,2023,TAX_PROV_TO_EBT,0,2024-03-31,RPT,21.384237875289
RBI:RATIO_LNGNFC_INDUS_ANN_RN(1.0),N_A,AFY,MNF_WOOD_PRD,2024,2023,CSH_CVG_RATIO,0,2024-03-31,RPT,11.019149218129
RBI:RATIO_LNGNFC_INDUS_ANN_RN(1.0),N_A,AFY,MNF_WOOD_PRD,2024,2023,EBITDA_TO_SAL,0,2024-03-31,RPT,13.263567758638
RBI:RATIO_LNGNFC_INDUS_ANN_RN(1.0),N_A,AFY,MNF_WOOD_PRD,2024,2023,INT_BURDEN,0,2024-03-31,RPT,11.260417677035
RBI:RATIO_LNGNFC_INDUS_ANN_RN(1.0),N_A,AFY,MNF_WOOD_PRD,2024,2023,INT_CVG,0,2024-03-31,RPT,8.880665253114
RBI:RATIO_LNGNFC_INDUS_ANN_RN(1.0),N_A,AFY,MNF_WOOD_PRD,2024,2023,INT_TO_SAL,0,2024-03-31,RPT,1.203683469212
RBI:RATIO_LNGNFC_INDUS_ANN_RN(1.0),N_A,AFY,MNF_WOOD_PRD,2024,2023,NET_PFT_TO_SAL,0,2024-03-31,RPT,7.120969710117
RBI:RATIO_LNGNFC_INDUS_ANN_RN(1.0),N_A,AFY,MNF_WOOD_PRD,2024,2023,OPR_PFTS_TO_SAL,0,2024-03-31,RPT,12.127756979083
RBI:RATIO_LNGNFC_INDUS_ANN_RN(1.0),N_A,AFY,MNF_WOOD_PRD,2024,2023,TAX_PROV_TO_EBT,0,2024-03-31,RPT,24.625292740047
RBI:RATIO_LNGNFC_INDUS_ANN_RN(1.0),N_A,AFY,SERV_OTH_IT,2024,2023,CSH_CVG_RATIO,0,2024-03-31,RPT,2.966038517195
RBI:RATIO_LNGNFC_INDUS_ANN_RN(1.0),N_A,AFY,SERV_OTH_IT,2024,2023,EBITDA_TO_SAL,0,2024-03-31,RPT,25.599827210975
RBI:RATIO_LNGNFC_INDUS_ANN_RN(1.0),N_A,AFY,SERV_OTH_IT,2024,2023,INT_BURDEN,0,2024-03-31,RPT,60.648490011501
RBI:RATIO_LNGNFC_INDUS_ANN_RN(1.0),N_A,AFY,SERV_OTH_IT,2024,2023,INT_CVG,0,2024-03-31,RPT,1.648845667568
RBI:RATIO_LNGNFC_INDUS_ANN_RN(1.0),N_A,AFY,SERV_OTH_IT,2024,2023,INT_TO_SAL,0,2024-03-31,RPT,8.63098272749
RBI:RATIO_LNGNFC_INDUS_ANN_RN(1.0),N_A,AFY,SERV_OTH_IT,2024,2023,NET_PFT_TO_SAL,0,2024-03-31,RPT,2.040100107287
RBI:RATIO_LNGNFC_INDUS_ANN_RN(1.0),N_A,AFY,SERV_OTH_IT,2024,2023,OPR_PFTS_TO_SAL,0,2024-03-31,RPT,22.356706390873
RBI:RATIO_LNGNFC_INDUS_ANN_RN(1.0),N_A,AFY,SERV_OTH_IT,2024,2023,TAX_PROV_TO_EBT,0,2024-03-31,RPT,18.680346023595
RBI:RATIO_LNGNFC_INDUS_ANN_RN(1.0),N_A,AFY,SOI_BSS,2024,2023,CSH_CVG_RATIO,0,2024-03-31,RPT,18.552432216906
RBI:RATIO_LNGNFC_INDUS_ANN_RN(1.0),N_A,AFY,SOI_BSS,2024,2023,EBITDA_TO_SAL,0,2024-03-31,RPT,25.647251420729
RBI:RATIO_LNGNFC_INDUS_ANN_RN(1.0),N_A,AFY,SOI_BSS,2024,2023,INT_BURDEN,0,2024-03-31,RPT,6.986169723812
RBI:RATIO_LNGNFC_INDUS_ANN_RN(1.0),N_A,AFY,SOI_BSS,2024,2023,INT_CVG,0,2024-03-31,RPT,14.313995215311
RBI:RATIO_LNGNFC_INDUS_ANN_RN(1.0),N_A,AFY,SOI_BSS,2024,2023,INT_TO_SAL,0,2024-03-31,RPT,1.382419896263
RBI:RATIO_LNGNFC_INDUS_ANN_RN(1.0),N_A,AFY,SOI_BSS,2024,2023,NET_PFT_TO_SAL,0,2024-03-31,RPT,13.067946930069
RBI:RATIO_LNGNFC_INDUS_ANN_RN(1.0),N_A,AFY,SOI_BSS,2024,2023,OPR_PFTS_TO_SAL,0,2024-03-31,RPT,20.552471874811
RBI:RATIO_LNGNFC_INDUS_ANN_RN(1.0),N_A,AFY,SOI_BSS,2024,2023,TAX_PROV_TO_EBT,0,2024-03-31,RPT,22.618907637133
RBI:RATIO_LNGNFC_INDUS_ANN_RN(1.0),N_A,AFY,SOI_HNR,2024,2023,CSH_CVG_RATIO,0,2024-03-31,RPT,5.516661188265
RBI:RATIO_LNGNFC_INDUS_ANN_RN(1.0),N_A,AFY,SOI_HNR,2024,2023,EBITDA_TO_SAL,0,2024-03-31,RPT,29.004700738379
RBI:RATIO_LNGNFC_INDUS_ANN_RN(1.0),N_A,AFY,SOI_HNR,2024,2023,INT_BURDEN,0,2024-03-31,RPT,26.397726615376
RBI:RATIO_LNGNFC_INDUS_ANN_RN(1.0),N_A,AFY,SOI_HNR,2024,2023,INT_CVG,0,2024-03-31,RPT,3.78820500178
RBI:RATIO_LNGNFC_INDUS_ANN_RN(1.0),N_A,AFY,SOI_HNR,2024,2023,INT_TO_SAL,0,2024-03-31,RPT,5.257654901859
RBI:RATIO_LNGNFC_INDUS_ANN_RN(1.0),N_A,AFY,SOI_HNR,2024,2023,NET_PFT_TO_SAL,0,2024-03-31,RPT,6.814846498713
RBI:RATIO_LNGNFC_INDUS_ANN_RN(1.0),N_A,AFY,SOI_HNR,2024,2023,OPR_PFTS_TO_SAL,0,2024-03-31,RPT,25.930570497394
RBI:RATIO_LNGNFC_INDUS_ANN_RN(1.0),N_A,AFY,SOI_HNR,2024,2023,TAX_PROV_TO_EBT,0,2024-03-31,RPT,20.545132104677
RBI:RATIO_LNGNFC_INDUS_ANN_RN(1.0),N_A,AFY,SOI_HS,2024,2023,CSH_CVG_RATIO,0,2024-03-31,RPT,9.882028725073
RBI:RATIO_LNGNFC_INDUS_ANN_RN(1.0),N_A,AFY,SOI_HS,2024,2023,EBITDA_TO_SAL,0,2024-03-31,RPT,26.911387689813
RBI:RATIO_LNGNFC_INDUS_ANN_RN(1.0),N_A,AFY,SOI_HS,2024,2023,INT_BURDEN,0,2024-03-31,RPT,12.777919623289
RBI:RATIO_LNGNFC_INDUS_ANN_RN(1.0),N_A,AFY,SOI_HS,2024,2023,INT_CVG,0,2024-03-31,RPT,7.826000080462
RBI:RATIO_LNGNFC_INDUS_ANN_RN(1.0),N_A,AFY,SOI_HS,2024,2023,INT_TO_SAL,0,2024-03-31,RPT,2.723265479034
RBI:RATIO_LNGNFC_INDUS_ANN_RN(1.0),N_A,AFY,SOI_HS,2024,2023,NET_PFT_TO_SAL,0,2024-03-31,RPT,14.625851830751
RBI:RATIO_LNGNFC_INDUS_ANN_RN(1.0),N_A,AFY,SOI_HS,2024,2023,OPR_PFTS_TO_SAL,0,2024-03-31,RPT,23.069256670392
RBI:RATIO_LNGNFC_INDUS_ANN_RN(1.0),N_A,AFY,SOI_HS,2024,2023,TAX_PROV_TO_EBT,0,2024-03-31,RPT,23.273937286879
RBI:RATIO_LNGNFC_INDUS_ANN_RN(1.0),N_A,AFY,SOI_OTH,2024,2023,CSH_CVG_RATIO,0,2024-03-31,RPT,10.84145637133
RBI:RATIO_LNGNFC_INDUS_ANN_RN(1.0),N_A,AFY,SOI_OTH,2024,2023,EBITDA_TO_SAL,0,2024-03-31,RPT,15.342877788757
RBI:RATIO_LNGNFC_INDUS_ANN_RN(1.0),N_A,AFY,SOI_OTH,2024,2023,INT_BURDEN,0,2024-03-31,RPT,12.196790976436
RBI:RATIO_LNGNFC_INDUS_ANN_RN(1.0),N_A,AFY,SOI_OTH,2024,2023,INT_CVG,0,2024-03-31,RPT,8.198877901015
RBI:RATIO_LNGNFC_INDUS_ANN_RN(1.0),N_A,AFY,SOI_OTH,2024,2023,INT_TO_SAL,0,2024-03-31,RPT,1.415204494973
RBI:RATIO_LNGNFC_INDUS_ANN_RN(1.0),N_A,AFY,SOI_OTH,2024,2023,NET_PFT_TO_SAL,0,2024-03-31,RPT,8.433078163605
RBI:RATIO_LNGNFC_INDUS_ANN_RN(1.0),N_A,AFY,SOI_OTH,2024,2023,OPR_PFTS_TO_SAL,0,2024-03-31,RPT,10.994027653877
RBI:RATIO_LNGNFC_INDUS_ANN_RN(1.0),N_A,AFY,SOI_OTH,2024,2023,TAX_PROV_TO_EBT,0,2024-03-31,RPT,19.397162841564
RBI:RATIO_LNGNFC_INDUS_ANN_RN(1.0),N_A,AFY,SOI_RE,2024,2023,CSH_CVG_RATIO,0,2024-03-31,RPT,1.765601966776
RBI:RATIO_LNGNFC_INDUS_ANN_RN(1.0),N_A,AFY,SOI_RE,2024,2023,EBITDA_TO_SAL,0,2024-03-31,RPT,42.228408881818
RBI:RATIO_LNGNFC_INDUS_ANN_RN(1.0),N_A,AFY,SOI_RE,2024,2023,INT_BURDEN,0,2024-03-31,RPT,60.068657603212
RBI:RATIO_LNGNFC_INDUS_ANN_RN(1.0),N_A,AFY,SOI_RE,2024,2023,INT_CVG,0,2024-03-31,RPT,1.664761690873
RBI:RATIO_LNGNFC_INDUS_ANN_RN(1.0),N_A,AFY,SOI_RE,2024,2023,INT_TO_SAL,0,2024-03-31,RPT,23.917286951672
RBI:RATIO_LNGNFC_INDUS_ANN_RN(1.0),N_A,AFY,SOI_RE,2024,2023,NET_PFT_TO_SAL,0,2024-03-31,RPT,11.745758004848
RBI:RATIO_LNGNFC_INDUS_ANN_RN(1.0),N_A,AFY,SOI_RE,2024,2023,OPR_PFTS_TO_SAL,0,2024-03-31,RPT,26.675626656427
RBI:RATIO_LNGNFC_INDUS_ANN_RN(1.0),N_A,AFY,SOI_RE,2024,2023,TAX_PROV_TO_EBT,0,2024-03-31,RPT,10.590284176772
RBI:RATIO_LNGNFC_INDUS_ANN_RN(1.0),N_A,AFY,SOI_TCOMM,2024,2023,CSH_CVG_RATIO,0,2024-03-31,RPT,2.004737173341
RBI:RATIO_LNGNFC_INDUS_ANN_RN(1.0),N_A,AFY,SOI_TCOMM,2024,2023,EBITDA_TO_SAL,0,2024-03-31,RPT,48.491592907301
RBI:RATIO_LNGNFC_INDUS_ANN_RN(1.0),N_A,AFY,SOI_TCOMM,2024,2023,INT_CVG,0,2024-03-31,RPT,0.656288040162
RBI:RATIO_LNGNFC_INDUS_ANN_RN(1.0),N_A,AFY,SOI_TCOMM,2024,2023,INT_TO_SAL,0,2024-03-31,RPT,24.188503885768
RBI:RATIO_LNGNFC_INDUS_ANN_RN(1.0),N_A,AFY,SOI_TCOMM,2024,2023,NET_PFT_TO_SAL,0,2024-03-31,RPT,-16.117824780065
RBI:RATIO_LNGNFC_INDUS_ANN_RN(1.0),N_A,AFY,SOI_TCOMM,2024,2023,OPR_PFTS_TO_SAL,0,2024-03-31,RPT,46.923157953133
RBI:RATIO_LNGNFC_INDUS_ANN_RN(1.0),N_A,AFY,SOI_TCOMM,2024,2023,TAX_PROV_TO_EBT,0,2024-03-31,RPT,16.060086542148
RBI:RATIO_LNGNFC_INDUS_ANN_RN(1.0),N_A,AFY,SOI_TSS,2024,2023,CSH_CVG_RATIO,0,2024-03-31,RPT,4.247595624911
RBI:RATIO_LNGNFC_INDUS_ANN_RN(1.0),N_A,AFY,SOI_TSS,2024,2023,EBITDA_TO_SAL,0,2024-03-31,RPT,27.382546396983
RBI:RATIO_LNGNFC_INDUS_ANN_RN(1.0),N_A,AFY,SOI_TSS,2024,2023,INT_BURDEN,0,2024-03-31,RPT,33.420682288347
RBI:RATIO_LNGNFC_INDUS_ANN_RN(1.0),N_A,AFY,SOI_TSS,2024,2023,INT_CVG,0,2024-03-31,RPT,2.992159140775
RBI:RATIO_LNGNFC_INDUS_ANN_RN(1.0),N_A,AFY,SOI_TSS,2024,2023,INT_TO_SAL,0,2024-03-31,RPT,6.446599162216
RBI:RATIO_LNGNFC_INDUS_ANN_RN(1.0),N_A,AFY,SOI_TSS,2024,2023,NET_PFT_TO_SAL,0,2024-03-31,RPT,11.776279330016
RBI:RATIO_LNGNFC_INDUS_ANN_RN(1.0),N_A,AFY,SOI_TSS,2024,2023,OPR_PFTS_TO_SAL,0,2024-03-31,RPT,22.048359483939
RBI:RATIO_LNGNFC_INDUS_ANN_RN(1.0),N_A,AFY,SOI_TSS,2024,2023,TAX_PROV_TO_EBT,0,2024-03-31,RPT,11.669986551937
RBI:RATIO_LNGNFC_INDUS_ANN_RN(1.0),N_A,AFY,SOI_VTPB,2024,2023,CSH_CVG_RATIO,0,2024-03-31,RPT,6.266721347436
RBI:RATIO_LNGNFC_INDUS_ANN_RN(1.0),N_A,AFY,SOI_VTPB,2024,2023,EBITDA_TO_SAL,0,2024-03-31,RPT,27.474136582926
RBI:RATIO_LNGNFC_INDUS_ANN_RN(1.0),N_A,AFY,SOI_VTPB,2024,2023,INT_BURDEN,0,2024-03-31,RPT,24.182507576422
RBI:RATIO_LNGNFC_INDUS_ANN_RN(1.0),N_A,AFY,SOI_VTPB,2024,2023,INT_CVG,0,2024-03-31,RPT,4.135220455694
RBI:RATIO_LNGNFC_INDUS_ANN_RN(1.0),N_A,AFY,SOI_VTPB,2024,2023,INT_TO_SAL,0,2024-03-31,RPT,4.384132476892
RBI:RATIO_LNGNFC_INDUS_ANN_RN(1.0),N_A,AFY,SOI_VTPB,2024,2023,NET_PFT_TO_SAL,0,2024-03-31,RPT,8.937523885663
RBI:RATIO_LNGNFC_INDUS_ANN_RN(1.0),N_A,AFY,SOI_VTPB,2024,2023,OPR_PFTS_TO_SAL,0,2024-03-31,RPT,23.535897695352
RBI:RATIO_LNGNFC_INDUS_ANN_RN(1.0),N_A,AFY,SOI_VTPB,2024,2023,TAX_PROV_TO_EBT,0,2024-03-31,RPT,23.709659219138
RBI:RATIO_LNGNFC_INDUS_ANN_RN(1.0),N_A,AFY,SOI_WRT,2024,2023,CSH_CVG_RATIO,0,2024-03-31,RPT,7.401294473456
RBI:RATIO_LNGNFC_INDUS_ANN_RN(1.0),N_A,AFY,SOI_WRT,2024,2023,EBITDA_TO_SAL,0,2024-03-31,RPT,10.374237312533
RBI:RATIO_LNGNFC_INDUS_ANN_RN(1.0),N_A,AFY,SOI_WRT,2024,2023,INT_BURDEN,0,2024-03-31,RPT,17.109317655803
RBI:RATIO_LNGNFC_INDUS_ANN_RN(1.0),N_A,AFY,SOI_WRT,2024,2023,INT_CVG,0,2024-03-31,RPT,5.844768447916
RBI:RATIO_LNGNFC_INDUS_ANN_RN(1.0),N_A,AFY,SOI_WRT,2024,2023,INT_TO_SAL,0,2024-03-31,RPT,1.401678767105
RBI:RATIO_LNGNFC_INDUS_ANN_RN(1.0),N_A,AFY,SOI_WRT,2024,2023,NET_PFT_TO_SAL,0,2024-03-31,RPT,5.145001934271
RBI:RATIO_LNGNFC_INDUS_ANN_RN(1.0),N_A,AFY,SOI_WRT,2024,2023,OPR_PFTS_TO_SAL,0,2024-03-31,RPT,8.104357057389
RBI:RATIO_LNGNFC_INDUS_ANN_RN(1.0),N_A,AFY,SOI_WRT,2024,2023,TAX_PROV_TO_EBT,0,2024-03-31,RPT,23.102027271307
RBI:RATIO_LNGNFC_INDUS_ANN_RN(1.0),N_A,AFY,AGR_REL_ACT,2025,2024,CSH_CVG_RATIO,0,2025-03-31,RPT,2.775062355553
RBI:RATIO_LNGNFC_INDUS_ANN_RN(1.0),N_A,AFY,AGR_REL_ACT,2025,2024,EBITDA_TO_SAL,0,2025-03-31,RPT,8.316606124113
RBI:RATIO_LNGNFC_INDUS_ANN_RN(1.0),N_A,AFY,AGR_REL_ACT,2025,2024,INT_BURDEN,0,2025-03-31,RPT,45.946883673984
RBI:RATIO_LNGNFC_INDUS_ANN_RN(1.0),N_A,AFY,AGR_REL_ACT,2025,2024,INT_CVG,0,2025-03-31,RPT,2.176426168738
RBI:RATIO_LNGNFC_INDUS_ANN_RN(1.0),N_A,AFY,AGR_REL_ACT,2025,2024,INT_TO_SAL,0,2025-03-31,RPT,2.996907837935
RBI:RATIO_LNGNFC_INDUS_ANN_RN(1.0),N_A,AFY,AGR_REL_ACT,2025,2024,NET_PFT_TO_SAL,0,2025-03-31,RPT,4.149010803023
RBI:RATIO_LNGNFC_INDUS_ANN_RN(1.0),N_A,AFY,AGR_REL_ACT,2025,2024,OPR_PFTS_TO_SAL,0,2025-03-31,RPT,6.342395400366
RBI:RATIO_LNGNFC_INDUS_ANN_RN(1.0),N_A,AFY,AGR_REL_ACT,2025,2024,TAX_PROV_TO_EBT,0,2025-03-31,RPT,11.318130881499
RBI:RATIO_LNGNFC_INDUS_ANN_RN(1.0),N_A,AFY,AGR_REL_ACT_OTH,2025,2024,CSH_CVG_RATIO,0,2025-03-31,RPT,6.818492419389
RBI:RATIO_LNGNFC_INDUS_ANN_RN(1.0),N_A,AFY,AGR_REL_ACT_OTH,2025,2024,EBITDA_TO_SAL,0,2025-03-31,RPT,9.391120722953
RBI:RATIO_LNGNFC_INDUS_ANN_RN(1.0),N_A,AFY,AGR_REL_ACT_OTH,2025,2024,INT_BURDEN,0,2025-03-31,RPT,16.944675616022
RBI:RATIO_LNGNFC_INDUS_ANN_RN(1.0),N_A,AFY,AGR_REL_ACT_OTH,2025,2024,INT_CVG,0,2025-03-31,RPT,5.90155882981
RBI:RATIO_LNGNFC_INDUS_ANN_RN(1.0),N_A,AFY,AGR_REL_ACT_OTH,2025,2024,INT_TO_SAL,0,2025-03-31,RPT,1.377301629939
RBI:RATIO_LNGNFC_INDUS_ANN_RN(1.0),N_A,AFY,AGR_REL_ACT_OTH,2025,2024,NET_PFT_TO_SAL,0,2025-03-31,RPT,0.011411226364
RBI:RATIO_LNGNFC_INDUS_ANN_RN(1.0),N_A,AFY,AGR_REL_ACT_OTH,2025,2024,NET_PFT_TO_SAL,0,2025-03-31,RPT,5.926347841943
RBI:RATIO_LNGNFC_INDUS_ANN_RN(1.0),N_A,AFY,AGR_REL_ACT_OTH,2025,2024,OPR_PFTS_TO_SAL,0,2025-03-31,RPT,7.749809320829
RBI:RATIO_LNGNFC_INDUS_ANN_RN(1.0),N_A,AFY,AGR_REL_ACT_OTH,2025,2024,TAX_PROV_TO_EBT,0,2025-03-31,RPT,11.610359402037
RBI:RATIO_LNGNFC_INDUS_ANN_RN(1.0),N_A,AFY,ARA_TCP,2025,2024,CSH_CVG_RATIO,0,2025-03-31,RPT,0.859301227573
RBI:RATIO_LNGNFC_INDUS_ANN_RN(1.0),N_A,AFY,ARA_TCP,2025,2024,EBITDA_TO_SAL,0,2025-03-31,RPT,5.815160955348
RBI:RATIO_LNGNFC_INDUS_ANN_RN(1.0),N_A,AFY,ARA_TCP,2025,2024,INT_CVG,0,2025-03-31,RPT,0.411473087819
RBI:RATIO_LNGNFC_INDUS_ANN_RN(1.0),N_A,AFY,ARA_TCP,2025,2024,INT_TO_SAL,0,2025-03-31,RPT,6.767313683202
RBI:RATIO_LNGNFC_INDUS_ANN_RN(1.0),N_A,AFY,ARA_TCP,2025,2024,OPR_PFTS_TO_SAL,0,2025-03-31,RPT,3.065968299613
RBI:RATIO_LNGNFC_INDUS_ANN_RN(1.0),N_A,AFY,ARA_TCP,2025,2024,TAX_PROV_TO_EBT,0,2025-03-31,RPT,5.532153889357
RBI:RATIO_LNGNFC_INDUS_ANN_RN(1.0),N_A,AFY,CONSTRN,2025,2024,CSH_CVG_RATIO,0,2025-03-31,RPT,2.996535246931
RBI:RATIO_LNGNFC_INDUS_ANN_RN(1.0),N_A,AFY,CONSTRN,2025,2024,EBITDA_TO_SAL,0,2025-03-31,RPT,17.391589677673
RBI:RATIO_LNGNFC_INDUS_ANN_RN(1.0),N_A,AFY,CONSTRN,2025,2024,INT_BURDEN,0,2025-03-31,RPT,36.91342440668
RBI:RATIO_LNGNFC_INDUS_ANN_RN(1.0),N_A,AFY,CONSTRN,2025,2024,INT_CVG,0,2025-03-31,RPT,2.709041537255
RBI:RATIO_LNGNFC_INDUS_ANN_RN(1.0),N_A,AFY,CONSTRN,2025,2024,INT_TO_SAL,0,2025-03-31,RPT,5.803899585524
RBI:RATIO_LNGNFC_INDUS_ANN_RN(1.0),N_A,AFY,CONSTRN,2025,2024,NET_PFT_TO_SAL,0,2025-03-31,RPT,8.858258724675
RBI:RATIO_LNGNFC_INDUS_ANN_RN(1.0),N_A,AFY,CONSTRN,2025,2024,OPR_PFTS_TO_SAL,0,2025-03-31,RPT,13.33999589392
RBI:RATIO_LNGNFC_INDUS_ANN_RN(1.0),N_A,AFY,CONSTRN,2025,2024,TAX_PROV_TO_EBT,0,2025-03-31,RPT,18.810621647531
RBI:RATIO_LNGNFC_INDUS_ANN_RN(1.0),N_A,AFY,ELC_GAS_SPLY,2025,2024,CSH_CVG_RATIO,0,2025-03-31,RPT,4.742720164356
RBI:RATIO_LNGNFC_INDUS_ANN_RN(1.0),N_A,AFY,ELC_GAS_SPLY,2025,2024,EBITDA_TO_SAL,0,2025-03-31,RPT,31.250745742485
RBI:RATIO_LNGNFC_INDUS_ANN_RN(1.0),N_A,AFY,ELC_GAS_SPLY,2025,2024,INT_BURDEN,0,2025-03-31,RPT,24.936906638557
RBI:RATIO_LNGNFC_INDUS_ANN_RN(1.0),N_A,AFY,ELC_GAS_SPLY,2025,2024,INT_CVG,0,2025-03-31,RPT,4.010120479233
RBI:RATIO_LNGNFC_INDUS_ANN_RN(1.0),N_A,AFY,ELC_GAS_SPLY,2025,2024,INT_TO_SAL,0,2025-03-31,RPT,6.58920295938
RBI:RATIO_LNGNFC_INDUS_ANN_RN(1.0),N_A,AFY,ELC_GAS_SPLY,2025,2024,NET_PFT_TO_SAL,0,2025-03-31,RPT,16.471652101124
RBI:RATIO_LNGNFC_INDUS_ANN_RN(1.0),N_A,AFY,ELC_GAS_SPLY,2025,2024,OPR_PFTS_TO_SAL,0,2025-03-31,RPT,24.448732154879
RBI:RATIO_LNGNFC_INDUS_ANN_RN(1.0),N_A,AFY,ELC_GAS_SPLY,2025,2024,TAX_PROV_TO_EBT,0,2025-03-31,RPT,6.197207515789
RBI:RATIO_LNGNFC_INDUS_ANN_RN(1.0),N_A,AFY,INDS_GRP_ALL_COMP,2025,2024,CSH_CVG_RATIO,0,2025-03-31,RPT,7.025953374731
RBI:RATIO_LNGNFC_INDUS_ANN_RN(1.0),N_A,AFY,INDS_GRP_ALL_COMP,2025,2024,EBITDA_TO_SAL,0,2025-03-31,RPT,19.416950504362
RBI:RATIO_LNGNFC_INDUS_ANN_RN(1.0),N_A,AFY,INDS_GRP_ALL_COMP,2025,2024,INT_BURDEN,0,2025-03-31,RPT,17.900240392395
RBI:RATIO_LNGNFC_INDUS_ANN_RN(1.0),N_A,AFY,INDS_GRP_ALL_COMP,2025,2024,INT_CVG,0,2025-03-31,RPT,5.586517153283
RBI:RATIO_LNGNFC_INDUS_ANN_RN(1.0),N_A,AFY,INDS_GRP_ALL_COMP,2025,2024,INT_TO_SAL,0,2025-03-31,RPT,2.763603666115
RBI:RATIO_LNGNFC_INDUS_ANN_RN(1.0),N_A,AFY,INDS_GRP_ALL_COMP,2025,2024,NET_PFT_TO_SAL,0,2025-03-31,RPT,10.263766810093
RBI:RATIO_LNGNFC_INDUS_ANN_RN(1.0),N_A,AFY,INDS_GRP_ALL_COMP,2025,2024,OPR_PFTS_TO_SAL,0,2025-03-31,RPT,16.257013706614
RBI:RATIO_LNGNFC_INDUS_ANN_RN(1.0),N_A,AFY,INDS_GRP_ALL_COMP,2025,2024,TAX_PROV_TO_EBT,0,2025-03-31,RPT,20.35829497646
RBI:RATIO_LNGNFC_INDUS_ANN_RN(1.0),N_A,AFY,IT_CSRS,2025,2024,CSH_CVG_RATIO,0,2025-03-31,RPT,48.958543649374
RBI:RATIO_LNGNFC_INDUS_ANN_RN(1.0),N_A,AFY,IT_CSRS,2025,2024,EBITDA_TO_SAL,0,2025-03-31,RPT,26.703721536937
RBI:RATIO_LNGNFC_INDUS_ANN_RN(1.0),N_A,AFY,IT_CSRS,2025,2024,INT_BURDEN,0,2025-03-31,RPT,2.24379023701
RBI:RATIO_LNGNFC_INDUS_ANN_RN(1.0),N_A,AFY,IT_CSRS,2025,2024,INT_CVG,0,2025-03-31,RPT,44.567445900484
RBI:RATIO_LNGNFC_INDUS_ANN_RN(1.0),N_A,AFY,IT_CSRS,2025,2024,INT_TO_SAL,0,2025-03-31,RPT,0.545435373409
RBI:RATIO_LNGNFC_INDUS_ANN_RN(1.0),N_A,AFY,IT_CSRS,2025,2024,NET_PFT_TO_SAL,0,2025-03-31,RPT,17.605761938796
RBI:RATIO_LNGNFC_INDUS_ANN_RN(1.0),N_A,AFY,IT_CSRS,2025,2024,OPR_PFTS_TO_SAL,0,2025-03-31,RPT,21.916256313923
RBI:RATIO_LNGNFC_INDUS_ANN_RN(1.0),N_A,AFY,IT_CSRS,2025,2024,TAX_PROV_TO_EBT,0,2025-03-31,RPT,24.926380672167
RBI:RATIO_LNGNFC_INDUS_ANN_RN(1.0),N_A,AFY,MIN_N_QUARY,2025,2024,CSH_CVG_RATIO,0,2025-03-31,RPT,19.54317677199
RBI:RATIO_LNGNFC_INDUS_ANN_RN(1.0),N_A,AFY,MIN_N_QUARY,2025,2024,EBITDA_TO_SAL,0,2025-03-31,RPT,16.273308956262
RBI:RATIO_LNGNFC_INDUS_ANN_RN(1.0),N_A,AFY,MIN_N_QUARY,2025,2024,INT_BURDEN,0,2025-03-31,RPT,5.8486191565
RBI:RATIO_LNGNFC_INDUS_ANN_RN(1.0),N_A,AFY,MIN_N_QUARY,2025,2024,INT_CVG,0,2025-03-31,RPT,17.0980529462
RBI:RATIO_LNGNFC_INDUS_ANN_RN(1.0),N_A,AFY,MIN_N_QUARY,2025,2024,INT_TO_SAL,0,2025-03-31,RPT,0.832684938898
RBI:RATIO_LNGNFC_INDUS_ANN_RN(1.0),N_A,AFY,MIN_N_QUARY,2025,2024,NET_PFT_TO_SAL,0,2025-03-31,RPT,10.181169772299
RBI:RATIO_LNGNFC_INDUS_ANN_RN(1.0),N_A,AFY,MIN_N_QUARY,2025,2024,OPR_PFTS_TO_SAL,0,2025-03-31,RPT,14.040049372315
RBI:RATIO_LNGNFC_INDUS_ANN_RN(1.0),N_A,AFY,MIN_N_QUARY,2025,2024,TAX_PROV_TO_EBT,0,2025-03-31,RPT,23.897343873205
RBI:RATIO_LNGNFC_INDUS_ANN_RN(1.0),N_A,AFY,MNF,2025,2024,CSH_CVG_RATIO,0,2025-03-31,RPT,9.699019641488
RBI:RATIO_LNGNFC_INDUS_ANN_RN(1.0),N_A,AFY,MNF,2025,2024,EBITDA_TO_SAL,0,2025-03-31,RPT,16.701485957257
RBI:RATIO_LNGNFC_INDUS_ANN_RN(1.0),N_A,AFY,MNF,2025,2024,INT_BURDEN,0,2025-03-31,RPT,12.703746610026
RBI:RATIO_LNGNFC_INDUS_ANN_RN(1.0),N_A,AFY,MNF,2025,2024,INT_CVG,0,2025-03-31,RPT,7.871693530244
RBI:RATIO_LNGNFC_INDUS_ANN_RN(1.0),N_A,AFY,MNF,2025,2024,INT_TO_SAL,0,2025-03-31,RPT,1.721976712555
RBI:RATIO_LNGNFC_INDUS_ANN_RN(1.0),N_A,AFY,MNF,2025,2024,NET_PFT_TO_SAL,0,2025-03-31,RPT,9.602718691774
RBI:RATIO_LNGNFC_INDUS_ANN_RN(1.0),N_A,AFY,MNF,2025,2024,OPR_PFTS_TO_SAL,0,2025-03-31,RPT,14.189016496756
RBI:RATIO_LNGNFC_INDUS_ANN_RN(1.0),N_A,AFY,MNF,2025,2024,TAX_PROV_TO_EBT,0,2025-03-31,RPT,21.265047650591
RBI:RATIO_LNGNFC_INDUS_ANN_RN(1.0),N_A,AFY,MNF_CCP,2025,2024,CSH_CVG_RATIO,0,2025-03-31,RPT,7.280519225892
RBI:RATIO_LNGNFC_INDUS_ANN_RN(1.0),N_A,AFY,MNF_CCP,2025,2024,EBITDA_TO_SAL,0,2025-03-31,RPT,16.993337096157
RBI:RATIO_LNGNFC_INDUS_ANN_RN(1.0),N_A,AFY,MNF_CCP,2025,2024,INT_BURDEN,0,2025-03-31,RPT,21.976985933871
RBI:RATIO_LNGNFC_INDUS_ANN_RN(1.0),N_A,AFY,MNF_CCP,2025,2024,INT_CVG,0,2025-03-31,RPT,4.550214497152
RBI:RATIO_LNGNFC_INDUS_ANN_RN(1.0),N_A,AFY,MNF_CCP,2025,2024,INT_TO_SAL,0,2025-03-31,RPT,2.334083129088
RBI:RATIO_LNGNFC_INDUS_ANN_RN(1.0),N_A,AFY,MNF_CCP,2025,2024,NET_PFT_TO_SAL,0,2025-03-31,RPT,7.082080475049
RBI:RATIO_LNGNFC_INDUS_ANN_RN(1.0),N_A,AFY,MNF_CCP,2025,2024,OPR_PFTS_TO_SAL,0,2025-03-31,RPT,14.289073298309
RBI:RATIO_LNGNFC_INDUS_ANN_RN(1.0),N_A,AFY,MNF_CCP,2025,2024,TAX_PROV_TO_EBT,0,2025-03-31,RPT,11.629949808533
RBI:RATIO_LNGNFC_INDUS_ANN_RN(1.0),N_A,AFY,MNF_CEE,2025,2024,CSH_CVG_RATIO,0,2025-03-31,RPT,7.031278962002
RBI:RATIO_LNGNFC_INDUS_ANN_RN(1.0),N_A,AFY,MNF_CEE,2025,2024,EBITDA_TO_SAL,0,2025-03-31,RPT,15.505175076352
RBI:RATIO_LNGNFC_INDUS_ANN_RN(1.0),N_A,AFY,MNF_CEE,2025,2024,INT_BURDEN,0,2025-03-31,RPT,16.757780952973
RBI:RATIO_LNGNFC_INDUS_ANN_RN(1.0),N_A,AFY,MNF_CEE,2025,2024,INT_CVG,0,2025-03-31,RPT,5.967377201112
RBI:RATIO_LNGNFC_INDUS_ANN_RN(1.0),N_A,AFY,MNF_CEE,2025,2024,INT_TO_SAL,0,2025-03-31,RPT,2.205171372114
RBI:RATIO_LNGNFC_INDUS_ANN_RN(1.0),N_A,AFY,MNF_CEE,2025,2024,NET_PFT_TO_SAL,0,2025-03-31,RPT,8.96816526523
RBI:RATIO_LNGNFC_INDUS_ANN_RN(1.0),N_A,AFY,MNF_CEE,2025,2024,OPR_PFTS_TO_SAL,0,2025-03-31,RPT,13.058129717316
RBI:RATIO_LNGNFC_INDUS_ANN_RN(1.0),N_A,AFY,MNF_CEE,2025,2024,TAX_PROV_TO_EBT,0,2025-03-31,RPT,23.600611626313
RBI:RATIO_LNGNFC_INDUS_ANN_RN(1.0),N_A,AFY,MNF_CHM_PRD,2025,2024,CSH_CVG_RATIO,0,2025-03-31,RPT,12.950960762367
RBI:RATIO_LNGNFC_INDUS_ANN_RN(1.0),N_A,AFY,MNF_CHM_PRD,2025,2024,EBITDA_TO_SAL,0,2025-03-31,RPT,17.600943584729
RBI:RATIO_LNGNFC_INDUS_ANN_RN(1.0),N_A,AFY,MNF_CHM_PRD,2025,2024,INT_BURDEN,0,2025-03-31,RPT,9.277981565592
RBI:RATIO_LNGNFC_INDUS_ANN_RN(1.0),N_A,AFY,MNF_CHM_PRD,2025,2024,INT_CVG,0,2025-03-31,RPT,10.778206368813
RBI:RATIO_LNGNFC_INDUS_ANN_RN(1.0),N_A,AFY,MNF_CHM_PRD,2025,2024,INT_TO_SAL,0,2025-03-31,RPT,1.359045394985
RBI:RATIO_LNGNFC_INDUS_ANN_RN(1.0),N_A,AFY,MNF_CHM_PRD,2025,2024,NET_PFT_TO_SAL,0,2025-03-31,RPT,10.801718746064
RBI:RATIO_LNGNFC_INDUS_ANN_RN(1.0),N_A,AFY,MNF_CHM_PRD,2025,2024,OPR_PFTS_TO_SAL,0,2025-03-31,RPT,14.694545130074
RBI:RATIO_LNGNFC_INDUS_ANN_RN(1.0),N_A,AFY,MNF_CHM_PRD,2025,2024,TAX_PROV_TO_EBT,0,2025-03-31,RPT,23.140493401924
RBI:RATIO_LNGNFC_INDUS_ANN_RN(1.0),N_A,AFY,MNF_CP_BASIC,2025,2024,CSH_CVG_RATIO,0,2025-03-31,RPT,8.978122850226
RBI:RATIO_LNGNFC_INDUS_ANN_RN(1.0),N_A,AFY,MNF_CP_BASIC,2025,2024,EBITDA_TO_SAL,0,2025-03-31,RPT,16.588107301281
RBI:RATIO_LNGNFC_INDUS_ANN_RN(1.0),N_A,AFY,MNF_CP_BASIC,2025,2024,INT_BURDEN,0,2025-03-31,RPT,15.238463342048
RBI:RATIO_LNGNFC_INDUS_ANN_RN(1.0),N_A,AFY,MNF_CP_BASIC,2025,2024,INT_CVG,0,2025-03-31,RPT,6.562341474686
RBI:RATIO_LNGNFC_INDUS_ANN_RN(1.0),N_A,AFY,MNF_CP_BASIC,2025,2024,INT_TO_SAL,0,2025-03-31,RPT,1.847614203771
RBI:RATIO_LNGNFC_INDUS_ANN_RN(1.0),N_A,AFY,MNF_CP_BASIC,2025,2024,NET_PFT_TO_SAL,0,2025-03-31,RPT,7.736379342915
RBI:RATIO_LNGNFC_INDUS_ANN_RN(1.0),N_A,AFY,MNF_CP_BASIC,2025,2024,OPR_PFTS_TO_SAL,0,2025-03-31,RPT,14.080899086152
RBI:RATIO_LNGNFC_INDUS_ANN_RN(1.0),N_A,AFY,MNF_CP_BASIC,2025,2024,TAX_PROV_TO_EBT,0,2025-03-31,RPT,21.497446001032
RBI:RATIO_LNGNFC_INDUS_ANN_RN(1.0),N_A,AFY,MNF_CP_FNP,2025,2024,CSH_CVG_RATIO,0,2025-03-31,RPT,10.89656935825
RBI:RATIO_LNGNFC_INDUS_ANN_RN(1.0),N_A,AFY,MNF_CP_FNP,2025,2024,EBITDA_TO_SAL,0,2025-03-31,RPT,15.952753843214
RBI:RATIO_LNGNFC_INDUS_ANN_RN(1.0),N_A,AFY,MNF_CP_FNP,2025,2024,INT_BURDEN,0,2025-03-31,RPT,10.300087402364
RBI:RATIO_LNGNFC_INDUS_ANN_RN(1.0),N_A,AFY,MNF_CP_FNP,2025,2024,INT_CVG,0,2025-03-31,RPT,9.708655479666
RBI:RATIO_LNGNFC_INDUS_ANN_RN(1.0),N_A,AFY,MNF_CP_FNP,2025,2024,INT_TO_SAL,0,2025-03-31,RPT,1.464016179655
RBI:RATIO_LNGNFC_INDUS_ANN_RN(1.0),N_A,AFY,MNF_CP_FNP,2025,2024,NET_PFT_TO_SAL,0,2025-03-31,RPT,10.149617144262
RBI:RATIO_LNGNFC_INDUS_ANN_RN(1.0),N_A,AFY,MNF_CP_FNP,2025,2024,OPR_PFTS_TO_SAL,0,2025-03-31,RPT,10.716547169385
RBI:RATIO_LNGNFC_INDUS_ANN_RN(1.0),N_A,AFY,MNF_CP_FNP,2025,2024,TAX_PROV_TO_EBT,0,2025-03-31,RPT,21.245471404315
RBI:RATIO_LNGNFC_INDUS_ANN_RN(1.0),N_A,AFY,MNF_CP_OTH,2025,2024,CSH_CVG_RATIO,0,2025-03-31,RPT,13.802579101691
RBI:RATIO_LNGNFC_INDUS_ANN_RN(1.0),N_A,AFY,MNF_CP_OTH,2025,2024,EBITDA_TO_SAL,0,2025-03-31,RPT,18.232113163355
RBI:RATIO_LNGNFC_INDUS_ANN_RN(1.0),N_A,AFY,MNF_CP_OTH,2025,2024,INT_BURDEN,0,2025-03-31,RPT,8.516432935094
RBI:RATIO_LNGNFC_INDUS_ANN_RN(1.0),N_A,AFY,MNF_CP_OTH,2025,2024,INT_CVG,0,2025-03-31,RPT,11.742005222389
RBI:RATIO_LNGNFC_INDUS_ANN_RN(1.0),N_A,AFY,MNF_CP_OTH,2025,2024,INT_TO_SAL,0,2025-03-31,RPT,1.320920751769
RBI:RATIO_LNGNFC_INDUS_ANN_RN(1.0),N_A,AFY,MNF_CP_OTH,2025,2024,NET_PFT_TO_SAL,0,2025-03-31,RPT,12.064549555445
RBI:RATIO_LNGNFC_INDUS_ANN_RN(1.0),N_A,AFY,MNF_CP_OTH,2025,2024,OPR_PFTS_TO_SAL,0,2025-03-31,RPT,15.696633614648
RBI:RATIO_LNGNFC_INDUS_ANN_RN(1.0),N_A,AFY,MNF_CP_OTH,2025,2024,TAX_PROV_TO_EBT,0,2025-03-31,RPT,23.390647246241
RBI:RATIO_LNGNFC_INDUS_ANN_RN(1.0),N_A,AFY,MNF_CP_PNV,2025,2024,CSH_CVG_RATIO,0,2025-03-31,RPT,41.953498945976
RBI:RATIO_LNGNFC_INDUS_ANN_RN(1.0),N_A,AFY,MNF_CP_PNV,2025,2024,EBITDA_TO_SAL,0,2025-03-31,RPT,18.914714842757
RBI:RATIO_LNGNFC_INDUS_ANN_RN(1.0),N_A,AFY,MNF_CP_PNV,2025,2024,INT_BURDEN,0,2025-03-31,RPT,2.82423615578
RBI:RATIO_LNGNFC_INDUS_ANN_RN(1.0),N_A,AFY,MNF_CP_PNV,2025,2024,INT_CVG,0,2025-03-31,RPT,35.407803910222
RBI:RATIO_LNGNFC_INDUS_ANN_RN(1.0),N_A,AFY,MNF_CP_PNV,2025,2024,INT_TO_SAL,0,2025-03-31,RPT,0.450849519539
RBI:RATIO_LNGNFC_INDUS_ANN_RN(1.0),N_A,AFY,MNF_CP_PNV,2025,2024,NET_PFT_TO_SAL,0,2025-03-31,RPT,11.540446939784
RBI:RATIO_LNGNFC_INDUS_ANN_RN(1.0),N_A,AFY,MNF_CP_PNV,2025,2024,OPR_PFTS_TO_SAL,0,2025-03-31,RPT,16.869483415491
RBI:RATIO_LNGNFC_INDUS_ANN_RN(1.0),N_A,AFY,MNF_CP_PNV,2025,2024,TAX_PROV_TO_EBT,0,2025-03-31,RPT,25.869580981977
RBI:RATIO_LNGNFC_INDUS_ANN_RN(1.0),N_A,AFY,MNF_EMA,2025,2024,CSH_CVG_RATIO,0,2025-03-31,RPT,11.288394744158
RBI:RATIO_LNGNFC_INDUS_ANN_RN(1.0),N_A,AFY,MNF_EMA,2025,2024,EBITDA_TO_SAL,0,2025-03-31,RPT,12.380143133433
RBI:RATIO_LNGNFC_INDUS_ANN_RN(1.0),N_A,AFY,MNF_EMA,2025,2024,INT_BURDEN,0,2025-03-31,RPT,10.449115669876
RBI:RATIO_LNGNFC_INDUS_ANN_RN(1.0),N_A,AFY,MNF_EMA,2025,2024,INT_CVG,0,2025-03-31,RPT,9.570187866547
RBI:RATIO_LNGNFC_INDUS_ANN_RN(1.0),N_A,AFY,MNF_EMA,2025,2024,INT_TO_SAL,0,2025-03-31,RPT,1.096714228552
RBI:RATIO_LNGNFC_INDUS_ANN_RN(1.0),N_A,AFY,MNF_EMA,2025,2024,NET_PFT_TO_SAL,0,2025-03-31,RPT,7.52459767254
RBI:RATIO_LNGNFC_INDUS_ANN_RN(1.0),N_A,AFY,MNF_EMA,2025,2024,OPR_PFTS_TO_SAL,0,2025-03-31,RPT,10.976053733755
RBI:RATIO_LNGNFC_INDUS_ANN_RN(1.0),N_A,AFY,MNF_EMA,2025,2024,TAX_PROV_TO_EBT,0,2025-03-31,RPT,22.560903333484
RBI:RATIO_LNGNFC_INDUS_ANN_RN(1.0),N_A,AFY,MNF_FMP,2025,2024,CSH_CVG_RATIO,0,2025-03-31,RPT,7.205134210896
RBI:RATIO_LNGNFC_INDUS_ANN_RN(1.0),N_A,AFY,MNF_FMP,2025,2024,EBITDA_TO_SAL,0,2025-03-31,RPT,15.974340306375
RBI:RATIO_LNGNFC_INDUS_ANN_RN(1.0),N_A,AFY,MNF_FMP,2025,2024,INT_BURDEN,0,2025-03-31,RPT,17.187956502435
RBI:RATIO_LNGNFC_INDUS_ANN_RN(1.0),N_A,AFY,MNF_FMP,2025,2024,INT_CVG,0,2025-03-31,RPT,5.818027290553
RBI:RATIO_LNGNFC_INDUS_ANN_RN(1.0),N_A,AFY,MNF_FMP,2025,2024,INT_TO_SAL,0,2025-03-31,RPT,2.217077411579
RBI:RATIO_LNGNFC_INDUS_ANN_RN(1.0),N_A,AFY,MNF_FMP,2025,2024,NET_PFT_TO_SAL,0,2025-03-31,RPT,8.228523560185
RBI:RATIO_LNGNFC_INDUS_ANN_RN(1.0),N_A,AFY,MNF_FMP,2025,2024,OPR_PFTS_TO_SAL,0,2025-03-31,RPT,14.331424949506
RBI:RATIO_LNGNFC_INDUS_ANN_RN(1.0),N_A,AFY,MNF_FMP,2025,2024,TAX_PROV_TO_EBT,0,2025-03-31,RPT,24.470167428329
RBI:RATIO_LNGNFC_INDUS_ANN_RN(1.0),N_A,AFY,MNF_FPB,2025,2024,CSH_CVG_RATIO,0,2025-03-31,RPT,7.248775783956
RBI:RATIO_LNGNFC_INDUS_ANN_RN(1.0),N_A,AFY,MNF_FPB,2025,2024,EBITDA_TO_SAL,0,2025-03-31,RPT,10.361011959846
RBI:RATIO_LNGNFC_INDUS_ANN_RN(1.0),N_A,AFY,MNF_FPB,2025,2024,INT_BURDEN,0,2025-03-31,RPT,16.757144520731
RBI:RATIO_LNGNFC_INDUS_ANN_RN(1.0),N_A,AFY,MNF_FPB,2025,2024,INT_CVG,0,2025-03-31,RPT,5.967603840636
RBI:RATIO_LNGNFC_INDUS_ANN_RN(1.0),N_A,AFY,MNF_FPB,2025,2024,INT_TO_SAL,0,2025-03-31,RPT,1.429346453615
RBI:RATIO_LNGNFC_INDUS_ANN_RN(1.0),N_A,AFY,MNF_FPB,2025,2024,NET_PFT_TO_SAL,0,2025-03-31,RPT,5.386051516758
RBI:RATIO_LNGNFC_INDUS_ANN_RN(1.0),N_A,AFY,MNF_FPB,2025,2024,OPR_PFTS_TO_SAL,0,2025-03-31,RPT,9.103655652366
RBI:RATIO_LNGNFC_INDUS_ANN_RN(1.0),N_A,AFY,MNF_FPB,2025,2024,TAX_PROV_TO_EBT,0,2025-03-31,RPT,22.293548335832
RBI:RATIO_LNGNFC_INDUS_ANN_RN(1.0),N_A,AFY,MNF_FPB_DAIRY_PRD,2025,2024,CSH_CVG_RATIO,0,2025-03-31,RPT,15.449304432223
RBI:RATIO_LNGNFC_INDUS_ANN_RN(1.0),N_A,AFY,MNF_FPB_DAIRY_PRD,2025,2024,EBITDA_TO_SAL,0,2025-03-31,RPT,16.91744213042
RBI:RATIO_LNGNFC_INDUS_ANN_RN(1.0),N_A,AFY,MNF_FPB_DAIRY_PRD,2025,2024,INT_BURDEN,0,2025-03-31,RPT,7.843014532371
RBI:RATIO_LNGNFC_INDUS_ANN_RN(1.0),N_A,AFY,MNF_FPB_DAIRY_PRD,2025,2024,INT_CVG,0,2025-03-31,RPT,12.750199503936
RBI:RATIO_LNGNFC_INDUS_ANN_RN(1.0),N_A,AFY,MNF_FPB_DAIRY_PRD,2025,2024,INT_TO_SAL,0,2025-03-31,RPT,1.095029372011
RBI:RATIO_LNGNFC_INDUS_ANN_RN(1.0),N_A,AFY,MNF_FPB_DAIRY_PRD,2025,2024,NET_PFT_TO_SAL,0,2025-03-31,RPT,10.275680995377
RBI:RATIO_LNGNFC_INDUS_ANN_RN(1.0),N_A,AFY,MNF_FPB_DAIRY_PRD,2025,2024,OPR_PFTS_TO_SAL,0,2025-03-31,RPT,16.374757240739
RBI:RATIO_LNGNFC_INDUS_ANN_RN(1.0),N_A,AFY,MNF_FPB_DAIRY_PRD,2025,2024,TAX_PROV_TO_EBT,0,2025-03-31,RPT,25.401409623582
RBI:RATIO_LNGNFC_INDUS_ANN_RN(1.0),N_A,AFY,MNF_FPB_EDD_OIL,2025,2024,CSH_CVG_RATIO,0,2025-03-31,RPT,7.501867591569
RBI:RATIO_LNGNFC_INDUS_ANN_RN(1.0),N_A,AFY,MNF_FPB_EDD_OIL,2025,2024,EBITDA_TO_SAL,0,2025-03-31,RPT,5.971103054477
RBI:RATIO_LNGNFC_INDUS_ANN_RN(1.0),N_A,AFY,MNF_FPB_EDD_OIL,2025,2024,INT_BURDEN,0,2025-03-31,RPT,14.978128233489
RBI:RATIO_LNGNFC_INDUS_ANN_RN(1.0),N_A,AFY,MNF_FPB_EDD_OIL,2025,2024,INT_CVG,0,2025-03-31,RPT,6.67640164653
RBI:RATIO_LNGNFC_INDUS_ANN_RN(1.0),N_A,AFY,MNF_FPB_EDD_OIL,2025,2024,INT_TO_SAL,0,2025-03-31,RPT,0.795948872943
RBI:RATIO_LNGNFC_INDUS_ANN_RN(1.0),N_A,AFY,MNF_FPB_EDD_OIL,2025,2024,NET_PFT_TO_SAL,0,2025-03-31,RPT,3.469690303626
RBI:RATIO_LNGNFC_INDUS_ANN_RN(1.0),N_A,AFY,MNF_FPB_EDD_OIL,2025,2024,OPR_PFTS_TO_SAL,0,2025-03-31,RPT,5.16494581946
RBI:RATIO_LNGNFC_INDUS_ANN_RN(1.0),N_A,AFY,MNF_FPB_EDD_OIL,2025,2024,TAX_PROV_TO_EBT,0,2025-03-31,RPT,22.364013720172
RBI:RATIO_LNGNFC_INDUS_ANN_RN(1.0),N_A,AFY,MNF_FPB_ESGR,2025,2024,CSH_CVG_RATIO,0,2025-03-31,RPT,3.223911468283
RBI:RATIO_LNGNFC_INDUS_ANN_RN(1.0),N_A,AFY,MNF_FPB_ESGR,2025,2024,EBITDA_TO_SAL,0,2025-03-31,RPT,9.804579645374
RBI:RATIO_LNGNFC_INDUS_ANN_RN(1.0),N_A,AFY,MNF_FPB_ESGR,2025,2024,INT_BURDEN,0,2025-03-31,RPT,44.956320023691
RBI:RATIO_LNGNFC_INDUS_ANN_RN(1.0),N_A,AFY,MNF_FPB_ESGR,2025,2024,INT_CVG,0,2025-03-31,RPT,2.224381353885
RBI:RATIO_LNGNFC_INDUS_ANN_RN(1.0),N_A,AFY,MNF_FPB_ESGR,2025,2024,INT_TO_SAL,0,2025-03-31,RPT,3.04120623095
RBI:RATIO_LNGNFC_INDUS_ANN_RN(1.0),N_A,AFY,MNF_FPB_ESGR,2025,2024,NET_PFT_TO_SAL,0,2025-03-31,RPT,2.054875933103
RBI:RATIO_LNGNFC_INDUS_ANN_RN(1.0),N_A,AFY,MNF_FPB_ESGR,2025,2024,OPR_PFTS_TO_SAL,0,2025-03-31,RPT,8.173280976925
RBI:RATIO_LNGNFC_INDUS_ANN_RN(1.0),N_A,AFY,MNF_FPB_ESGR,2025,2024,TAX_PROV_TO_EBT,0,2025-03-31,RPT,16.964186270991
RBI:RATIO_LNGNFC_INDUS_ANN_RN(1.0),N_A,AFY,MNF_FPB_OFP,2025,2024,CSH_CVG_RATIO,0,2025-03-31,RPT,10.114770689141
RBI:RATIO_LNGNFC_INDUS_ANN_RN(1.0),N_A,AFY,MNF_FPB_OFP,2025,2024,EBITDA_TO_SAL,0,2025-03-31,RPT,12.800741317515
RBI:RATIO_LNGNFC_INDUS_ANN_RN(1.0),N_A,AFY,MNF_FPB_OFP,2025,2024,INT_BURDEN,0,2025-03-31,RPT,11.663512398699
RBI:RATIO_LNGNFC_INDUS_ANN_RN(1.0),N_A,AFY,MNF_FPB_OFP,2025,2024,INT_CVG,0,2025-03-31,RPT,8.573746619513
RBI:RATIO_LNGNFC_INDUS_ANN_RN(1.0),N_A,AFY,MNF_FPB_OFP,2025,2024,INT_TO_SAL,0,2025-03-31,RPT,1.265549334822
RBI:RATIO_LNGNFC_INDUS_ANN_RN(1.0),N_A,AFY,MNF_FPB_OFP,2025,2024,NET_PFT_TO_SAL,0,2025-03-31,RPT,7.485617690239
RBI:RATIO_LNGNFC_INDUS_ANN_RN(1.0),N_A,AFY,MNF_FPB_OFP,2025,2024,OPR_PFTS_TO_SAL,0,2025-03-31,RPT,11.103987740909
RBI:RATIO_LNGNFC_INDUS_ANN_RN(1.0),N_A,AFY,MNF_FPB_OFP,2025,2024,TAX_PROV_TO_EBT,0,2025-03-31,RPT,22.280711775881
RBI:RATIO_LNGNFC_INDUS_ANN_RN(1.0),N_A,AFY,MNF_GGP,2025,2024,CSH_CVG_RATIO,0,2025-03-31,RPT,8.003119128147
RBI:RATIO_LNGNFC_INDUS_ANN_RN(1.0),N_A,AFY,MNF_GGP,2025,2024,EBITDA_TO_SAL,0,2025-03-31,RPT,18.960195368457
RBI:RATIO_LNGNFC_INDUS_ANN_RN(1.0),N_A,AFY,MNF_GGP,2025,2024,INT_BURDEN,0,2025-03-31,RPT,17.464640829587
RBI:RATIO_LNGNFC_INDUS_ANN_RN(1.0),N_A,AFY,MNF_GGP,2025,2024,INT_CVG,0,2025-03-31,RPT,5.725854941751
RBI:RATIO_LNGNFC_INDUS_ANN_RN(1.0),N_A,AFY,MNF_GGP,2025,2024,INT_TO_SAL,0,2025-03-31,RPT,2.369100729961
RBI:RATIO_LNGNFC_INDUS_ANN_RN(1.0),N_A,AFY,MNF_GGP,2025,2024,NET_PFT_TO_SAL,0,2025-03-31,RPT,8.669341735435
RBI:RATIO_LNGNFC_INDUS_ANN_RN(1.0),N_A,AFY,MNF_GGP,2025,2024,OPR_PFTS_TO_SAL,0,2025-03-31,RPT,16.847324322857
RBI:RATIO_LNGNFC_INDUS_ANN_RN(1.0),N_A,AFY,MNF_GGP,2025,2024,TAX_PROV_TO_EBT,0,2025-03-31,RPT,23.684840875864
RBI:RATIO_LNGNFC_INDUS_ANN_RN(1.0),N_A,AFY,MNF_INS,2025,2024,CSH_CVG_RATIO,0,2025-03-31,RPT,5.973630583264
RBI:RATIO_LNGNFC_INDUS_ANN_RN(1.0),N_A,AFY,MNF_INS,2025,2024,EBITDA_TO_SAL,0,2025-03-31,RPT,16.800820653574
RBI:RATIO_LNGNFC_INDUS_ANN_RN(1.0),N_A,AFY,MNF_INS,2025,2024,INT_BURDEN,0,2025-03-31,RPT,21.233013647924
RBI:RATIO_LNGNFC_INDUS_ANN_RN(1.0),N_A,AFY,MNF_INS,2025,2024,INT_CVG,0,2025-03-31,RPT,4.709647045782
RBI:RATIO_LNGNFC_INDUS_ANN_RN(1.0),N_A,AFY,MNF_INS,2025,2024,INT_TO_SAL,0,2025-03-31,RPT,2.812497428388
RBI:RATIO_LNGNFC_INDUS_ANN_RN(1.0),N_A,AFY,MNF_INS,2025,2024,NET_PFT_TO_SAL,0,2025-03-31,RPT,7.577230002723
RBI:RATIO_LNGNFC_INDUS_ANN_RN(1.0),N_A,AFY,MNF_INS,2025,2024,OPR_PFTS_TO_SAL,0,2025-03-31,RPT,15.170164281885
RBI:RATIO_LNGNFC_INDUS_ANN_RN(1.0),N_A,AFY,MNF_INS,2025,2024,TAX_PROV_TO_EBT,0,2025-03-31,RPT,20.150589512065
RBI:RATIO_LNGNFC_INDUS_ANN_RN(1.0),N_A,AFY,MNF_JRA,2025,2024,CSH_CVG_RATIO,0,2025-03-31,RPT,6.710534700097
RBI:RATIO_LNGNFC_INDUS_ANN_RN(1.0),N_A,AFY,MNF_JRA,2025,2024,EBITDA_TO_SAL,0,2025-03-31,RPT,8.76675616802
RBI:RATIO_LNGNFC_INDUS_ANN_RN(1.0),N_A,AFY,MNF_JRA,2025,2024,INT_BURDEN,0,2025-03-31,RPT,16.572429482809
RBI:RATIO_LNGNFC_INDUS_ANN_RN(1.0),N_A,AFY,MNF_JRA,2025,2024,INT_CVG,0,2025-03-31,RPT,6.034118298933
RBI:RATIO_LNGNFC_INDUS_ANN_RN(1.0),N_A,AFY,MNF_JRA,2025,2024,INT_TO_SAL,0,2025-03-31,RPT,1.306416933943
RBI:RATIO_LNGNFC_INDUS_ANN_RN(1.0),N_A,AFY,MNF_JRA,2025,2024,NET_PFT_TO_SAL,0,2025-03-31,RPT,5.164255824631
RBI:RATIO_LNGNFC_INDUS_ANN_RN(1.0),N_A,AFY,MNF_JRA,2025,2024,OPR_PFTS_TO_SAL,0,2025-03-31,RPT,7.798290238827
RBI:RATIO_LNGNFC_INDUS_ANN_RN(1.0),N_A,AFY,MNF_JRA,2025,2024,TAX_PROV_TO_EBT,0,2025-03-31,RPT,25.672766178852
RBI:RATIO_LNGNFC_INDUS_ANN_RN(1.0),N_A,AFY,MNF_LTH,2025,2024,CSH_CVG_RATIO,0,2025-03-31,RPT,9.305558519151
RBI:RATIO_LNGNFC_INDUS_ANN_RN(1.0),N_A,AFY,MNF_LTH,2025,2024,EBITDA_TO_SAL,0,2025-03-31,RPT,12.655213940599
RBI:RATIO_LNGNFC_INDUS_ANN_RN(1.0),N_A,AFY,MNF_LTH,2025,2024,INT_BURDEN,0,2025-03-31,RPT,17.211112947355
RBI:RATIO_LNGNFC_INDUS_ANN_RN(1.0),N_A,AFY,MNF_LTH,2025,2024,INT_CVG,0,2025-03-31,RPT,5.810199509229
RBI:RATIO_LNGNFC_INDUS_ANN_RN(1.0),N_A,AFY,MNF_LTH,2025,2024,INT_TO_SAL,0,2025-03-31,RPT,1.359962856024
RBI:RATIO_LNGNFC_INDUS_ANN_RN(1.0),N_A,AFY,MNF_LTH,2025,2024,NET_PFT_TO_SAL,0,2025-03-31,RPT,4.948709391912
RBI:RATIO_LNGNFC_INDUS_ANN_RN(1.0),N_A,AFY,MNF_LTH,2025,2024,OPR_PFTS_TO_SAL,0,2025-03-31,RPT,11.672784782577
RBI:RATIO_LNGNFC_INDUS_ANN_RN(1.0),N_A,AFY,MNF_LTH,2025,2024,TAX_PROV_TO_EBT,0,2025-03-31,RPT,27.812527337941
RBI:RATIO_LNGNFC_INDUS_ANN_RN(1.0),N_A,AFY,MNF_MMT,2025,2024,CSH_CVG_RATIO,0,2025-03-31,RPT,20.180305477458
RBI:RATIO_LNGNFC_INDUS_ANN_RN(1.0),N_A,AFY,MNF_MMT,2025,2024,EBITDA_TO_SAL,0,2025-03-31,RPT,15.87288330842
RBI:RATIO_LNGNFC_INDUS_ANN_RN(1.0),N_A,AFY,MNF_MMT,2025,2024,INT_BURDEN,0,2025-03-31,RPT,5.647342592613
RBI:RATIO_LNGNFC_INDUS_ANN_RN(1.0),N_A,AFY,MNF_MMT,2025,2024,INT_CVG,0,2025-03-31,RPT,17.707443520568
RBI:RATIO_LNGNFC_INDUS_ANN_RN(1.0),N_A,AFY,MNF_MMT,2025,2024,INT_TO_SAL,0,2025-03-31,RPT,0.786553173149
RBI:RATIO_LNGNFC_INDUS_ANN_RN(1.0),N_A,AFY,MNF_MMT,2025,2024,NET_PFT_TO_SAL,0,2025-03-31,RPT,10.165985288377
RBI:RATIO_LNGNFC_INDUS_ANN_RN(1.0),N_A,AFY,MNF_MMT,2025,2024,OPR_PFTS_TO_SAL,0,2025-03-31,RPT,13.066552050197
RBI:RATIO_LNGNFC_INDUS_ANN_RN(1.0),N_A,AFY,MNF_MMT,2025,2024,TAX_PROV_TO_EBT,0,2025-03-31,RPT,24.521222947996
RBI:RATIO_LNGNFC_INDUS_ANN_RN(1.0),N_A,AFY,MNF_MMT_MV,2025,2024,CSH_CVG_RATIO,0,2025-03-31,RPT,40.134368049705
RBI:RATIO_LNGNFC_INDUS_ANN_RN(1.0),N_A,AFY,MNF_MMT_MV,2025,2024,EBITDA_TO_SAL,0,2025-03-31,RPT,16.174842270839
RBI:RATIO_LNGNFC_INDUS_ANN_RN(1.0),N_A,AFY,MNF_MMT_MV,2025,2024,INT_BURDEN,0,2025-03-31,RPT,2.953450305087
RBI:RATIO_LNGNFC_INDUS_ANN_RN(1.0),N_A,AFY,MNF_MMT_MV,2025,2024,INT_CVG,0,2025-03-31,RPT,33.858704115573
RBI:RATIO_LNGNFC_INDUS_ANN_RN(1.0),N_A,AFY,MNF_MMT_MV,2025,2024,INT_TO_SAL,0,2025-03-31,RPT,0.403017240755
RBI:RATIO_LNGNFC_INDUS_ANN_RN(1.0),N_A,AFY,MNF_MMT_MV,2025,2024,NET_PFT_TO_SAL,0,2025-03-31,RPT,9.839749315967
RBI:RATIO_LNGNFC_INDUS_ANN_RN(1.0),N_A,AFY,MNF_MMT_MV,2025,2024,OPR_PFTS_TO_SAL,0,2025-03-31,RPT,13.801778323089
RBI:RATIO_LNGNFC_INDUS_ANN_RN(1.0),N_A,AFY,MNF_MMT_MV,2025,2024,TAX_PROV_TO_EBT,0,2025-03-31,RPT,21.539929069459
RBI:RATIO_LNGNFC_INDUS_ANN_RN(1.0),N_A,AFY,MNF_MMT_OTH,2025,2024,CSH_CVG_RATIO,0,2025-03-31,RPT,25.113009379228
RBI:RATIO_LNGNFC_INDUS_ANN_RN(1.0),N_A,AFY,MNF_MMT_OTH,2025,2024,EBITDA_TO_SAL,0,2025-03-31,RPT,15.992720431946
RBI:RATIO_LNGNFC_INDUS_ANN_RN(1.0),N_A,AFY,MNF_MMT_OTH,2025,2024,INT_BURDEN,0,2025-03-31,RPT,4.770132151029
RBI:RATIO_LNGNFC_INDUS_ANN_RN(1.0),N_A,AFY,MNF_MMT_OTH,2025,2024,INT_CVG,0,2025-03-31,RPT,20.963779793486
RBI:RATIO_LNGNFC_INDUS_ANN_RN(1.0),N_A,AFY,MNF_MMT_OTH,2025,2024,INT_TO_SAL,0,2025-03-31,RPT,0.636830106278
RBI:RATIO_LNGNFC_INDUS_ANN_RN(1.0),N_A,AFY,MNF_MMT_OTH,2025,2024,NET_PFT_TO_SAL,0,2025-03-31,RPT,9.383572667651
RBI:RATIO_LNGNFC_INDUS_ANN_RN(1.0),N_A,AFY,MNF_MMT_OTH,2025,2024,OPR_PFTS_TO_SAL,0,2025-03-31,RPT,13.604778464833
RBI:RATIO_LNGNFC_INDUS_ANN_RN(1.0),N_A,AFY,MNF_MMT_OTH,2025,2024,TAX_PROV_TO_EBT,0,2025-03-31,RPT,21.264350512095
RBI:RATIO_LNGNFC_INDUS_ANN_RN(1.0),N_A,AFY,MNF_MMT_PRTS,2025,2024,CSH_CVG_RATIO,0,2025-03-31,RPT,8.702405360368
RBI:RATIO_LNGNFC_INDUS_ANN_RN(1.0),N_A,AFY,MNF_MMT_PRTS,2025,2024,EBITDA_TO_SAL,0,2025-03-31,RPT,15.134156456275
RBI:RATIO_LNGNFC_INDUS_ANN_RN(1.0),N_A,AFY,MNF_MMT_PRTS,2025,2024,INT_BURDEN,0,2025-03-31,RPT,14.542762400376
RBI:RATIO_LNGNFC_INDUS_ANN_RN(1.0),N_A,AFY,MNF_MMT_PRTS,2025,2024,INT_CVG,0,2025-03-31,RPT,6.876272694754
RBI:RATIO_LNGNFC_INDUS_ANN_RN(1.0),N_A,AFY,MNF_MMT_PRTS,2025,2024,INT_TO_SAL,0,2025-03-31,RPT,1.739077396371
RBI:RATIO_LNGNFC_INDUS_ANN_RN(1.0),N_A,AFY,MNF_MMT_PRTS,2025,2024,NET_PFT_TO_SAL,0,2025-03-31,RPT,7.233051680348
RBI:RATIO_LNGNFC_INDUS_ANN_RN(1.0),N_A,AFY,MNF_MMT_PRTS,2025,2024,OPR_PFTS_TO_SAL,0,2025-03-31,RPT,12.676076105252
RBI:RATIO_LNGNFC_INDUS_ANN_RN(1.0),N_A,AFY,MNF_MMT_PRTS,2025,2024,TAX_PROV_TO_EBT,0,2025-03-31,RPT,19.567841086121
RBI:RATIO_LNGNFC_INDUS_ANN_RN(1.0),N_A,AFY,MNF_MPOSE,2025,2024,CSH_CVG_RATIO,0,2025-03-31,RPT,14.935560859189
RBI:RATIO_LNGNFC_INDUS_ANN_RN(1.0),N_A,AFY,MNF_MPOSE,2025,2024,EBITDA_TO_SAL,0,2025-03-31,RPT,27.064742600949
RBI:RATIO_LNGNFC_INDUS_ANN_RN(1.0),N_A,AFY,MNF_MPOSE,2025,2024,INT_BURDEN,0,2025-03-31,RPT,7.439190388826
RBI:RATIO_LNGNFC_INDUS_ANN_RN(1.0),N_A,AFY,MNF_MPOSE,2025,2024,INT_CVG,0,2025-03-31,RPT,13.442322991249
RBI:RATIO_LNGNFC_INDUS_ANN_RN(1.0),N_A,AFY,MNF_MPOSE,2025,2024,INT_TO_SAL,0,2025-03-31,RPT,1.812100854873
RBI:RATIO_LNGNFC_INDUS_ANN_RN(1.0),N_A,AFY,MNF_MPOSE,2025,2024,NET_PFT_TO_SAL,0,2025-03-31,RPT,17.694292675191
RBI:RATIO_LNGNFC_INDUS_ANN_RN(1.0),N_A,AFY,MNF_MPOSE,2025,2024,OPR_PFTS_TO_SAL,0,2025-03-31,RPT,20.887453688353
RBI:RATIO_LNGNFC_INDUS_ANN_RN(1.0),N_A,AFY,MNF_MPOSE,2025,2024,TAX_PROV_TO_EBT,0,2025-03-31,RPT,21.244767298695
RBI:RATIO_LNGNFC_INDUS_ANN_RN(1.0),N_A,AFY,MNF_OTH,2025,2024,CSH_CVG_RATIO,0,2025-03-31,RPT,13.124792040187
RBI:RATIO_LNGNFC_INDUS_ANN_RN(1.0),N_A,AFY,MNF_OTH,2025,2024,EBITDA_TO_SAL,0,2025-03-31,RPT,14.841917321558
RBI:RATIO_LNGNFC_INDUS_ANN_RN(1.0),N_A,AFY,MNF_OTH,2025,2024,INT_BURDEN,0,2025-03-31,RPT,9.565754810998
RBI:RATIO_LNGNFC_INDUS_ANN_RN(1.0),N_A,AFY,MNF_OTH,2025,2024,INT_CVG,0,2025-03-31,RPT,10.453958101145
RBI:RATIO_LNGNFC_INDUS_ANN_RN(1.0),N_A,AFY,MNF_OTH,2025,2024,INT_TO_SAL,0,2025-03-31,RPT,1.13083066582
RBI:RATIO_LNGNFC_INDUS_ANN_RN(1.0),N_A,AFY,MNF_OTH,2025,2024,NET_PFT_TO_SAL,0,2025-03-31,RPT,7.796084806364
RBI:RATIO_LNGNFC_INDUS_ANN_RN(1.0),N_A,AFY,MNF_OTH,2025,2024,OPR_PFTS_TO_SAL,0,2025-03-31,RPT,11.958318302411
RBI:RATIO_LNGNFC_INDUS_ANN_RN(1.0),N_A,AFY,MNF_OTH,2025,2024,TAX_PROV_TO_EBT,0,2025-03-31,RPT,24.289555339678
RBI:RATIO_LNGNFC_INDUS_ANN_RN(1.0),N_A,AFY,MNF_PETR_PRD,2025,2024,CSH_CVG_RATIO,0,2025-03-31,RPT,7.295200347177
RBI:RATIO_LNGNFC_INDUS_ANN_RN(1.0),N_A,AFY,MNF_PETR_PRD,2025,2024,EBITDA_TO_SAL,0,2025-03-31,RPT,14.154299069591
RBI:RATIO_LNGNFC_INDUS_ANN_RN(1.0),N_A,AFY,MNF_PETR_PRD,2025,2024,INT_BURDEN,0,2025-03-31,RPT,18.025466654096
RBI:RATIO_LNGNFC_INDUS_ANN_RN(1.0),N_A,AFY,MNF_PETR_PRD,2025,2024,INT_CVG,0,2025-03-31,RPT,5.54770658197
RBI:RATIO_LNGNFC_INDUS_ANN_RN(1.0),N_A,AFY,MNF_PETR_PRD,2025,2024,INT_TO_SAL,0,2025-03-31,RPT,1.940220747339
RBI:RATIO_LNGNFC_INDUS_ANN_RN(1.0),N_A,AFY,MNF_PETR_PRD,2025,2024,NET_PFT_TO_SAL,0,2025-03-31,RPT,6.741699389658
RBI:RATIO_LNGNFC_INDUS_ANN_RN(1.0),N_A,AFY,MNF_PETR_PRD,2025,2024,OPR_PFTS_TO_SAL,0,2025-03-31,RPT,11.127951951809
RBI:RATIO_LNGNFC_INDUS_ANN_RN(1.0),N_A,AFY,MNF_PETR_PRD,2025,2024,TAX_PROV_TO_EBT,0,2025-03-31,RPT,20.528475261247
RBI:RATIO_LNGNFC_INDUS_ANN_RN(1.0),N_A,AFY,MNF_PM,2025,2024,CSH_CVG_RATIO,0,2025-03-31,RPT,17.815689455639
RBI:RATIO_LNGNFC_INDUS_ANN_RN(1.0),N_A,AFY,MNF_PM,2025,2024,EBITDA_TO_SAL,0,2025-03-31,RPT,30.249778514612
RBI:RATIO_LNGNFC_INDUS_ANN_RN(1.0),N_A,AFY,MNF_PM,2025,2024,INT_BURDEN,0,2025-03-31,RPT,6.502642285257
RBI:RATIO_LNGNFC_INDUS_ANN_RN(1.0),N_A,AFY,MNF_PM,2025,2024,INT_CVG,0,2025-03-31,RPT,15.378363996236
RBI:RATIO_LNGNFC_INDUS_ANN_RN(1.0),N_A,AFY,MNF_PM,2025,2024,INT_TO_SAL,0,2025-03-31,RPT,1.697929153398
RBI:RATIO_LNGNFC_INDUS_ANN_RN(1.0),N_A,AFY,MNF_PM,2025,2024,NET_PFT_TO_SAL,0,2025-03-31,RPT,20.326032074529
RBI:RATIO_LNGNFC_INDUS_ANN_RN(1.0),N_A,AFY,MNF_PM,2025,2024,OPR_PFTS_TO_SAL,0,2025-03-31,RPT,26.907394040072
RBI:RATIO_LNGNFC_INDUS_ANN_RN(1.0),N_A,AFY,MNF_PM,2025,2024,TAX_PROV_TO_EBT,0,2025-03-31,RPT,21.498263624269
RBI:RATIO_LNGNFC_INDUS_ANN_RN(1.0),N_A,AFY,MNF_PNFFM,2025,2024,CSH_CVG_RATIO,0,2025-03-31,RPT,6.84945424378
RBI:RATIO_LNGNFC_INDUS_ANN_RN(1.0),N_A,AFY,MNF_PNFFM,2025,2024,EBITDA_TO_SAL,0,2025-03-31,RPT,26.691154510445
RBI:RATIO_LNGNFC_INDUS_ANN_RN(1.0),N_A,AFY,MNF_PNFFM,2025,2024,INT_BURDEN,0,2025-03-31,RPT,17.534980654968
RBI:RATIO_LNGNFC_INDUS_ANN_RN(1.0),N_A,AFY,MNF_PNFFM,2025,2024,INT_CVG,0,2025-03-31,RPT,5.702886245938
RBI:RATIO_LNGNFC_INDUS_ANN_RN(1.0),N_A,AFY,MNF_PNFFM,2025,2024,INT_TO_SAL,0,2025-03-31,RPT,3.896829376542
RBI:RATIO_LNGNFC_INDUS_ANN_RN(1.0),N_A,AFY,MNF_PNFFM,2025,2024,NET_PFT_TO_SAL,0,2025-03-31,RPT,15.82901803699
RBI:RATIO_LNGNFC_INDUS_ANN_RN(1.0),N_A,AFY,MNF_PNFFM,2025,2024,OPR_PFTS_TO_SAL,0,2025-03-31,RPT,20.391181793541
RBI:RATIO_LNGNFC_INDUS_ANN_RN(1.0),N_A,AFY,MNF_PNFFM,2025,2024,TAX_PROV_TO_EBT,0,2025-03-31,RPT,17.852006728381
RBI:RATIO_LNGNFC_INDUS_ANN_RN(1.0),N_A,AFY,MNF_PNPD,2025,2024,CSH_CVG_RATIO,0,2025-03-31,RPT,4.550644319218
RBI:RATIO_LNGNFC_INDUS_ANN_RN(1.0),N_A,AFY,MNF_PNPD,2025,2024,EBITDA_TO_SAL,0,2025-03-31,RPT,12.811366832371
RBI:RATIO_LNGNFC_INDUS_ANN_RN(1.0),N_A,AFY,MNF_PNPD,2025,2024,INT_BURDEN,0,2025-03-31,RPT,33.943502507015
RBI:RATIO_LNGNFC_INDUS_ANN_RN(1.0),N_A,AFY,MNF_PNPD,2025,2024,INT_CVG,0,2025-03-31,RPT,2.946071931715
RBI:RATIO_LNGNFC_INDUS_ANN_RN(1.0),N_A,AFY,MNF_PNPD,2025,2024,INT_TO_SAL,0,2025-03-31,RPT,2.815286349291
RBI:RATIO_LNGNFC_INDUS_ANN_RN(1.0),N_A,AFY,MNF_PNPD,2025,2024,NET_PFT_TO_SAL,0,2025-03-31,RPT,4.37131123589
RBI:RATIO_LNGNFC_INDUS_ANN_RN(1.0),N_A,AFY,MNF_PNPD,2025,2024,OPR_PFTS_TO_SAL,0,2025-03-31,RPT,10.645104657518
RBI:RATIO_LNGNFC_INDUS_ANN_RN(1.0),N_A,AFY,MNF_PNPD,2025,2024,TAX_PROV_TO_EBT,0,2025-03-31,RPT,22.257676438245
RBI:RATIO_LNGNFC_INDUS_ANN_RN(1.0),N_A,AFY,MNF_PP,2025,2024,CSH_CVG_RATIO,0,2025-03-31,RPT,6.562516805593
RBI:RATIO_LNGNFC_INDUS_ANN_RN(1.0),N_A,AFY,MNF_PP,2025,2024,EBITDA_TO_SAL,0,2025-03-31,RPT,13.923858114532
RBI:RATIO_LNGNFC_INDUS_ANN_RN(1.0),N_A,AFY,MNF_PP,2025,2024,INT_BURDEN,0,2025-03-31,RPT,20.493139564733
RBI:RATIO_LNGNFC_INDUS_ANN_RN(1.0),N_A,AFY,MNF_PP,2025,2024,INT_CVG,0,2025-03-31,RPT,4.879681792247
RBI:RATIO_LNGNFC_INDUS_ANN_RN(1.0),N_A,AFY,MNF_PP,2025,2024,INT_TO_SAL,0,2025-03-31,RPT,2.121725326885
RBI:RATIO_LNGNFC_INDUS_ANN_RN(1.0),N_A,AFY,MNF_PP,2025,2024,NET_PFT_TO_SAL,0,2025-03-31,RPT,7.306405556931
RBI:RATIO_LNGNFC_INDUS_ANN_RN(1.0),N_A,AFY,MNF_PP,2025,2024,OPR_PFTS_TO_SAL,0,2025-03-31,RPT,11.862119788377
RBI:RATIO_LNGNFC_INDUS_ANN_RN(1.0),N_A,AFY,MNF_PP,2025,2024,TAX_PROV_TO_EBT,0,2025-03-31,RPT,23.58962258464
RBI:RATIO_LNGNFC_INDUS_ANN_RN(1.0),N_A,AFY,MNF_RRP,2025,2024,CSH_CVG_RATIO,0,2025-03-31,RPT,9.127156853945
RBI:RATIO_LNGNFC_INDUS_ANN_RN(1.0),N_A,AFY,MNF_RRP,2025,2024,EBITDA_TO_SAL,0,2025-03-31,RPT,14.900530269265
RBI:RATIO_LNGNFC_INDUS_ANN_RN(1.0),N_A,AFY,MNF_RRP,2025,2024,INT_BURDEN,0,2025-03-31,RPT,16.327296750076
RBI:RATIO_LNGNFC_INDUS_ANN_RN(1.0),N_A,AFY,MNF_RRP,2025,2024,INT_CVG,0,2025-03-31,RPT,6.124712592091
RBI:RATIO_LNGNFC_INDUS_ANN_RN(1.0),N_A,AFY,MNF_RRP,2025,2024,INT_TO_SAL,0,2025-03-31,RPT,1.632548942426
RBI:RATIO_LNGNFC_INDUS_ANN_RN(1.0),N_A,AFY,MNF_RRP,2025,2024,NET_PFT_TO_SAL,0,2025-03-31,RPT,6.074323366183
RBI:RATIO_LNGNFC_INDUS_ANN_RN(1.0),N_A,AFY,MNF_RRP,2025,2024,OPR_PFTS_TO_SAL,0,2025-03-31,RPT,13.375811686665
RBI:RATIO_LNGNFC_INDUS_ANN_RN(1.0),N_A,AFY,MNF_RRP,2025,2024,TAX_PROV_TO_EBT,0,2025-03-31,RPT,21.707238031974
RBI:RATIO_LNGNFC_INDUS_ANN_RN(1.0),N_A,AFY,MNF_TBC_PRD,2025,2024,EBITDA_TO_SAL,0,2025-03-31,RPT,38.269602116787
RBI:RATIO_LNGNFC_INDUS_ANN_RN(1.0),N_A,AFY,MNF_TBC_PRD,2025,2024,INT_BURDEN,0,2025-03-31,RPT,0.204806867879
RBI:RATIO_LNGNFC_INDUS_ANN_RN(1.0),N_A,AFY,MNF_TBC_PRD,2025,2024,INT_TO_SAL,0,2025-03-31,RPT,0.074085450421
RBI:RATIO_LNGNFC_INDUS_ANN_RN(1.0),N_A,AFY,MNF_TBC_PRD,2025,2024,NET_PFT_TO_SAL,0,2025-03-31,RPT,47.560336337802
RBI:RATIO_LNGNFC_INDUS_ANN_RN(1.0),N_A,AFY,MNF_TBC_PRD,2025,2024,OPR_PFTS_TO_SAL,0,2025-03-31,RPT,33.177381531227
RBI:RATIO_LNGNFC_INDUS_ANN_RN(1.0),N_A,AFY,MNF_TBC_PRD,2025,2024,TAX_PROV_TO_EBT,0,2025-03-31,RPT,22.994867006513
RBI:RATIO_LNGNFC_INDUS_ANN_RN(1.0),N_A,AFY,MNF_TXT,2025,2024,CSH_CVG_RATIO,0,2025-03-31,RPT,4.137232345304
RBI:RATIO_LNGNFC_INDUS_ANN_RN(1.0),N_A,AFY,MNF_TXT,2025,2024,EBITDA_TO_SAL,0,2025-03-31,RPT,11.47525331701
RBI:RATIO_LNGNFC_INDUS_ANN_RN(1.0),N_A,AFY,MNF_TXT,2025,2024,INT_BURDEN,0,2025-03-31,RPT,33.891309626694
RBI:RATIO_LNGNFC_INDUS_ANN_RN(1.0),N_A,AFY,MNF_TXT,2025,2024,INT_CVG,0,2025-03-31,RPT,2.950608905394
RBI:RATIO_LNGNFC_INDUS_ANN_RN(1.0),N_A,AFY,MNF_TXT,2025,2024,INT_TO_SAL,0,2025-03-31,RPT,2.773654549529
RBI:RATIO_LNGNFC_INDUS_ANN_RN(1.0),N_A,AFY,MNF_TXT,2025,2024,NET_PFT_TO_SAL,0,2025-03-31,RPT,4.076827144541
RBI:RATIO_LNGNFC_INDUS_ANN_RN(1.0),N_A,AFY,MNF_TXT,2025,2024,OPR_PFTS_TO_SAL,0,2025-03-31,RPT,9.484068889069
RBI:RATIO_LNGNFC_INDUS_ANN_RN(1.0),N_A,AFY,MNF_TXT,2025,2024,TAX_PROV_TO_EBT,0,2025-03-31,RPT,22.467522701209
RBI:RATIO_LNGNFC_INDUS_ANN_RN(1.0),N_A,AFY,MNF_WOOD_PRD,2025,2024,CSH_CVG_RATIO,0,2025-03-31,RPT,8.870906801008
RBI:RATIO_LNGNFC_INDUS_ANN_RN(1.0),N_A,AFY,MNF_WOOD_PRD,2025,2024,EBITDA_TO_SAL,0,2025-03-31,RPT,11.601321869544
RBI:RATIO_LNGNFC_INDUS_ANN_RN(1.0),N_A,AFY,MNF_WOOD_PRD,2025,2024,INT_BURDEN,0,2025-03-31,RPT,14.57160255929
RBI:RATIO_LNGNFC_INDUS_ANN_RN(1.0),N_A,AFY,MNF_WOOD_PRD,2025,2024,INT_CVG,0,2025-03-31,RPT,6.862663155484
RBI:RATIO_LNGNFC_INDUS_ANN_RN(1.0),N_A,AFY,MNF_WOOD_PRD,2025,2024,INT_TO_SAL,0,2025-03-31,RPT,1.307794358546
RBI:RATIO_LNGNFC_INDUS_ANN_RN(1.0),N_A,AFY,MNF_WOOD_PRD,2025,2024,NET_PFT_TO_SAL,0,2025-03-31,RPT,5.760269644617
RBI:RATIO_LNGNFC_INDUS_ANN_RN(1.0),N_A,AFY,MNF_WOOD_PRD,2025,2024,OPR_PFTS_TO_SAL,0,2025-03-31,RPT,10.143267419539
RBI:RATIO_LNGNFC_INDUS_ANN_RN(1.0),N_A,AFY,MNF_WOOD_PRD,2025,2024,TAX_PROV_TO_EBT,0,2025-03-31,RPT,22.771445131376
RBI:RATIO_LNGNFC_INDUS_ANN_RN(1.0),N_A,AFY,SERV_OTH_IT,2025,2024,CSH_CVG_RATIO,0,2025-03-31,RPT,3.551981429353
RBI:RATIO_LNGNFC_INDUS_ANN_RN(1.0),N_A,AFY,SERV_OTH_IT,2025,2024,EBITDA_TO_SAL,0,2025-03-31,RPT,26.115786849463
RBI:RATIO_LNGNFC_INDUS_ANN_RN(1.0),N_A,AFY,SERV_OTH_IT,2025,2024,INT_BURDEN,0,2025-03-31,RPT,45.864323649663
RBI:RATIO_LNGNFC_INDUS_ANN_RN(1.0),N_A,AFY,SERV_OTH_IT,2025,2024,INT_CVG,0,2025-03-31,RPT,2.180343937128
RBI:RATIO_LNGNFC_INDUS_ANN_RN(1.0),N_A,AFY,SERV_OTH_IT,2025,2024,INT_TO_SAL,0,2025-03-31,RPT,7.352455909158
RBI:RATIO_LNGNFC_INDUS_ANN_RN(1.0),N_A,AFY,SERV_OTH_IT,2025,2024,NET_PFT_TO_SAL,0,2025-03-31,RPT,7.674716900878
RBI:RATIO_LNGNFC_INDUS_ANN_RN(1.0),N_A,AFY,SERV_OTH_IT,2025,2024,OPR_PFTS_TO_SAL,0,2025-03-31,RPT,22.054514282057
RBI:RATIO_LNGNFC_INDUS_ANN_RN(1.0),N_A,AFY,SERV_OTH_IT,2025,2024,TAX_PROV_TO_EBT,0,2025-03-31,RPT,14.561592685111
RBI:RATIO_LNGNFC_INDUS_ANN_RN(1.0),N_A,AFY,SOI_BSS,2025,2024,CSH_CVG_RATIO,0,2025-03-31,RPT,7.575427371788
RBI:RATIO_LNGNFC_INDUS_ANN_RN(1.0),N_A,AFY,SOI_BSS,2025,2024,EBITDA_TO_SAL,0,2025-03-31,RPT,21.077601912951
RBI:RATIO_LNGNFC_INDUS_ANN_RN(1.0),N_A,AFY,SOI_BSS,2025,2024,INT_BURDEN,0,2025-03-31,RPT,18.263536829549
RBI:RATIO_LNGNFC_INDUS_ANN_RN(1.0),N_A,AFY,SOI_BSS,2025,2024,INT_CVG,0,2025-03-31,RPT,5.475390716118
RBI:RATIO_LNGNFC_INDUS_ANN_RN(1.0),N_A,AFY,SOI_BSS,2025,2024,INT_TO_SAL,0,2025-03-31,RPT,2.782364727229
RBI:RATIO_LNGNFC_INDUS_ANN_RN(1.0),N_A,AFY,SOI_BSS,2025,2024,NET_PFT_TO_SAL,0,2025-03-31,RPT,10.854643718424
RBI:RATIO_LNGNFC_INDUS_ANN_RN(1.0),N_A,AFY,SOI_BSS,2025,2024,OPR_PFTS_TO_SAL,0,2025-03-31,RPT,18.435611746588
RBI:RATIO_LNGNFC_INDUS_ANN_RN(1.0),N_A,AFY,SOI_BSS,2025,2024,TAX_PROV_TO_EBT,0,2025-03-31,RPT,23.768718675259
RBI:RATIO_LNGNFC_INDUS_ANN_RN(1.0),N_A,AFY,SOI_HNR,2025,2024,CSH_CVG_RATIO,0,2025-03-31,RPT,5.571495146067
RBI:RATIO_LNGNFC_INDUS_ANN_RN(1.0),N_A,AFY,SOI_HNR,2025,2024,EBITDA_TO_SAL,0,2025-03-31,RPT,29.921179116989
RBI:RATIO_LNGNFC_INDUS_ANN_RN(1.0),N_A,AFY,SOI_HNR,2025,2024,INT_BURDEN,0,2025-03-31,RPT,26.188305596645
RBI:RATIO_LNGNFC_INDUS_ANN_RN(1.0),N_A,AFY,SOI_HNR,2025,2024,INT_CVG,0,2025-03-31,RPT,3.8184982847
RBI:RATIO_LNGNFC_INDUS_ANN_RN(1.0),N_A,AFY,SOI_HNR,2025,2024,INT_TO_SAL,0,2025-03-31,RPT,5.370403874104
RBI:RATIO_LNGNFC_INDUS_ANN_RN(1.0),N_A,AFY,SOI_HNR,2025,2024,NET_PFT_TO_SAL,0,2025-03-31,RPT,11.404724428443
RBI:RATIO_LNGNFC_INDUS_ANN_RN(1.0),N_A,AFY,SOI_HNR,2025,2024,OPR_PFTS_TO_SAL,0,2025-03-31,RPT,26.411297860921
RBI:RATIO_LNGNFC_INDUS_ANN_RN(1.0),N_A,AFY,SOI_HNR,2025,2024,TAX_PROV_TO_EBT,0,2025-03-31,RPT,20.829502890876
RBI:RATIO_LNGNFC_INDUS_ANN_RN(1.0),N_A,AFY,SOI_HS,2025,2024,CSH_CVG_RATIO,0,2025-03-31,RPT,15.071032011655
RBI:RATIO_LNGNFC_INDUS_ANN_RN(1.0),N_A,AFY,SOI_HS,2025,2024,EBITDA_TO_SAL,0,2025-03-31,RPT,44.792765918978
RBI:RATIO_LNGNFC_INDUS_ANN_RN(1.0),N_A,AFY,SOI_HS,2025,2024,INT_BURDEN,0,2025-03-31,RPT,7.637701622301
RBI:RATIO_LNGNFC_INDUS_ANN_RN(1.0),N_A,AFY,SOI_HS,2025,2024,INT_CVG,0,2025-03-31,RPT,13.09294404851
RBI:RATIO_LNGNFC_INDUS_ANN_RN(1.0),N_A,AFY,SOI_HS,2025,2024,INT_TO_SAL,0,2025-03-31,RPT,2.972110064151
RBI:RATIO_LNGNFC_INDUS_ANN_RN(1.0),N_A,AFY,SOI_HS,2025,2024,NET_PFT_TO_SAL,0,2025-03-31,RPT,31.32075869145
RBI:RATIO_LNGNFC_INDUS_ANN_RN(1.0),N_A,AFY,SOI_HS,2025,2024,OPR_PFTS_TO_SAL,0,2025-03-31,RPT,23.507545106952
RBI:RATIO_LNGNFC_INDUS_ANN_RN(1.0),N_A,AFY,SOI_HS,2025,2024,TAX_PROV_TO_EBT,0,2025-03-31,RPT,12.6630503343
RBI:RATIO_LNGNFC_INDUS_ANN_RN(1.0),N_A,AFY,SOI_OTH,2025,2024,CSH_CVG_RATIO,0,2025-03-31,RPT,8.893334492281
RBI:RATIO_LNGNFC_INDUS_ANN_RN(1.0),N_A,AFY,SOI_OTH,2025,2024,EBITDA_TO_SAL,0,2025-03-31,RPT,15.721346132343
RBI:RATIO_LNGNFC_INDUS_ANN_RN(1.0),N_A,AFY,SOI_OTH,2025,2024,INT_BURDEN,0,2025-03-31,RPT,14.368831488244
RBI:RATIO_LNGNFC_INDUS_ANN_RN(1.0),N_A,AFY,SOI_OTH,2025,2024,INT_CVG,0,2025-03-31,RPT,6.95950816055
RBI:RATIO_LNGNFC_INDUS_ANN_RN(1.0),N_A,AFY,SOI_OTH,2025,2024,INT_TO_SAL,0,2025-03-31,RPT,1.767767325741
RBI:RATIO_LNGNFC_INDUS_ANN_RN(1.0),N_A,AFY,SOI_OTH,2025,2024,NET_PFT_TO_SAL,0,2025-03-31,RPT,8.680889872709
RBI:RATIO_LNGNFC_INDUS_ANN_RN(1.0),N_A,AFY,SOI_OTH,2025,2024,OPR_PFTS_TO_SAL,0,2025-03-31,RPT,12.574136162562
RBI:RATIO_LNGNFC_INDUS_ANN_RN(1.0),N_A,AFY,SOI_OTH,2025,2024,TAX_PROV_TO_EBT,0,2025-03-31,RPT,22.187503719196
RBI:RATIO_LNGNFC_INDUS_ANN_RN(1.0),N_A,AFY,SOI_RE,2025,2024,CSH_CVG_RATIO,0,2025-03-31,RPT,3.576923076923
RBI:RATIO_LNGNFC_INDUS_ANN_RN(1.0),N_A,AFY,SOI_RE,2025,2024,EBITDA_TO_SAL,0,2025-03-31,RPT,54.251369082169
RBI:RATIO_LNGNFC_INDUS_ANN_RN(1.0),N_A,AFY,SOI_RE,2025,2024,INT_BURDEN,0,2025-03-31,RPT,29.207773300568
RBI:RATIO_LNGNFC_INDUS_ANN_RN(1.0),N_A,AFY,SOI_RE,2025,2024,INT_CVG,0,2025-03-31,RPT,3.423746102482
RBI:RATIO_LNGNFC_INDUS_ANN_RN(1.0),N_A,AFY,SOI_RE,2025,2024,INT_TO_SAL,0,2025-03-31,RPT,15.167049420821
RBI:RATIO_LNGNFC_INDUS_ANN_RN(1.0),N_A,AFY,SOI_RE,2025,2024,NET_PFT_TO_SAL,0,2025-03-31,RPT,29.304393242314
RBI:RATIO_LNGNFC_INDUS_ANN_RN(1.0),N_A,AFY,SOI_RE,2025,2024,OPR_PFTS_TO_SAL,0,2025-03-31,RPT,32.131324358635
RBI:RATIO_LNGNFC_INDUS_ANN_RN(1.0),N_A,AFY,SOI_RE,2025,2024,TAX_PROV_TO_EBT,0,2025-03-31,RPT,9.569864293003
RBI:RATIO_LNGNFC_INDUS_ANN_RN(1.0),N_A,AFY,SOI_TCOMM,2025,2024,CSH_CVG_RATIO,0,2025-03-31,RPT,2.525563674941
RBI:RATIO_LNGNFC_INDUS_ANN_RN(1.0),N_A,AFY,SOI_TCOMM,2025,2024,EBITDA_TO_SAL,0,2025-03-31,RPT,54.483812668985
RBI:RATIO_LNGNFC_INDUS_ANN_RN(1.0),N_A,AFY,SOI_TCOMM,2025,2024,INT_BURDEN,0,2025-03-31,RPT,88.989678494504
RBI:RATIO_LNGNFC_INDUS_ANN_RN(1.0),N_A,AFY,SOI_TCOMM,2025,2024,INT_CVG,0,2025-03-31,RPT,1.123725826318
RBI:RATIO_LNGNFC_INDUS_ANN_RN(1.0),N_A,AFY,SOI_TCOMM,2025,2024,INT_TO_SAL,0,2025-03-31,RPT,21.572931702172
RBI:RATIO_LNGNFC_INDUS_ANN_RN(1.0),N_A,AFY,SOI_TCOMM,2025,2024,NET_PFT_TO_SAL,0,2025-03-31,RPT,1.671074476577
RBI:RATIO_LNGNFC_INDUS_ANN_RN(1.0),N_A,AFY,SOI_TCOMM,2025,2024,OPR_PFTS_TO_SAL,0,2025-03-31,RPT,52.693848296568
RBI:RATIO_LNGNFC_INDUS_ANN_RN(1.0),N_A,AFY,SOI_TCOMM,2025,2024,TAX_PROV_TO_EBT,0,2025-03-31,RPT,7.109827924831
RBI:RATIO_LNGNFC_INDUS_ANN_RN(1.0),N_A,AFY,SOI_TSS,2025,2024,CSH_CVG_RATIO,0,2025-03-31,RPT,3.807932718264
RBI:RATIO_LNGNFC_INDUS_ANN_RN(1.0),N_A,AFY,SOI_TSS,2025,2024,EBITDA_TO_SAL,0,2025-03-31,RPT,26.767736759405
RBI:RATIO_LNGNFC_INDUS_ANN_RN(1.0),N_A,AFY,SOI_TSS,2025,2024,INT_BURDEN,0,2025-03-31,RPT,38.400117656648
RBI:RATIO_LNGNFC_INDUS_ANN_RN(1.0),N_A,AFY,SOI_TSS,2025,2024,INT_CVG,0,2025-03-31,RPT,2.604158687589
RBI:RATIO_LNGNFC_INDUS_ANN_RN(1.0),N_A,AFY,SOI_TSS,2025,2024,INT_TO_SAL,0,2025-03-31,RPT,7.029466836696
RBI:RATIO_LNGNFC_INDUS_ANN_RN(1.0),N_A,AFY,SOI_TSS,2025,2024,NET_PFT_TO_SAL,0,2025-03-31,RPT,9.806668140163
RBI:RATIO_LNGNFC_INDUS_ANN_RN(1.0),N_A,AFY,SOI_TSS,2025,2024,OPR_PFTS_TO_SAL,0,2025-03-31,RPT,19.894732150717
RBI:RATIO_LNGNFC_INDUS_ANN_RN(1.0),N_A,AFY,SOI_TSS,2025,2024,TAX_PROV_TO_EBT,0,2025-03-31,RPT,12.507032256751
RBI:RATIO_LNGNFC_INDUS_ANN_RN(1.0),N_A,AFY,SOI_VTPB,2025,2024,CSH_CVG_RATIO,0,2025-03-31,RPT,4.76853374556
RBI:RATIO_LNGNFC_INDUS_ANN_RN(1.0),N_A,AFY,SOI_VTPB,2025,2024,EBITDA_TO_SAL,0,2025-03-31,RPT,25.595340026587
RBI:RATIO_LNGNFC_INDUS_ANN_RN(1.0),N_A,AFY,SOI_VTPB,2025,2024,INT_BURDEN,0,2025-03-31,RPT,35.287938973825
RBI:RATIO_LNGNFC_INDUS_ANN_RN(1.0),N_A,AFY,SOI_VTPB,2025,2024,INT_CVG,0,2025-03-31,RPT,2.833829430338
RBI:RATIO_LNGNFC_INDUS_ANN_RN(1.0),N_A,AFY,SOI_VTPB,2025,2024,INT_TO_SAL,0,2025-03-31,RPT,5.367549312285
RBI:RATIO_LNGNFC_INDUS_ANN_RN(1.0),N_A,AFY,SOI_VTPB,2025,2024,NET_PFT_TO_SAL,0,2025-03-31,RPT,21.665495612076
RBI:RATIO_LNGNFC_INDUS_ANN_RN(1.0),N_A,AFY,SOI_VTPB,2025,2024,OPR_PFTS_TO_SAL,0,2025-03-31,RPT,20.211902033928
RBI:RATIO_LNGNFC_INDUS_ANN_RN(1.0),N_A,AFY,SOI_VTPB,2025,2024,TAX_PROV_TO_EBT,0,2025-03-31,RPT,22.354100274189
RBI:RATIO_LNGNFC_INDUS_ANN_RN(1.0),N_A,AFY,SOI_WRT,2025,2024,CSH_CVG_RATIO,0,2025-03-31,RPT,7.175514848016
RBI:RATIO_LNGNFC_INDUS_ANN_RN(1.0),N_A,AFY,SOI_WRT,2025,2024,EBITDA_TO_SAL,0,2025-03-31,RPT,9.399783781832
RBI:RATIO_LNGNFC_INDUS_ANN_RN(1.0),N_A,AFY,SOI_WRT,2025,2024,INT_BURDEN,0,2025-03-31,RPT,17.684790524555
RBI:RATIO_LNGNFC_INDUS_ANN_RN(1.0),N_A,AFY,SOI_WRT,2025,2024,INT_CVG,0,2025-03-31,RPT,5.654576448681
RBI:RATIO_LNGNFC_INDUS_ANN_RN(1.0),N_A,AFY,SOI_WRT,2025,2024,INT_TO_SAL,0,2025-03-31,RPT,1.309980395962
RBI:RATIO_LNGNFC_INDUS_ANN_RN(1.0),N_A,AFY,SOI_WRT,2025,2024,NET_PFT_TO_SAL,0,2025-03-31,RPT,5.583892842431
RBI:RATIO_LNGNFC_INDUS_ANN_RN(1.0),N_A,AFY,SOI_WRT,2025,2024,OPR_PFTS_TO_SAL,0,2025-03-31,RPT,7.365125698567
RBI:RATIO_LNGNFC_INDUS_ANN_RN(1.0),N_A,AFY,SOI_WRT,2025,2024,TAX_PROV_TO_EBT,0,2025-03-31,RPT,23.440667952548
