DATAFLOW,AUDST,COMP_COUNT,FREQ,REPYEAREND,REPYEARSTART,SALE_SZ_CLS_RN,TYP_RATIO_RN,UNIT_MULT,TIME_PERIOD,UNIT_MEASURE,OBS_VALUE
RBI:RATIO_LNGNFC_SAL_QTR_RN(1.0),N_A,466,QFY,2015,2014,100_N_ABOVE,CORM_TO_SAL,0,2014-06-30,RPT,56.1937
RBI:RATIO_LNGNFC_SAL_QTR_RN(1.0),N_A,466,QFY,2015,2014,100_N_ABOVE,CSH_CVG_RATIO,0,2014-06-30,RPT,5.270191
RBI:RATIO_LNGNFC_SAL_QTR_RN(1.0),N_A,466,QFY,2015,2014,100_N_ABOVE,EBITDA_TO_SAL,0,2014-06-30,RPT,17.2831
RBI:RATIO_LNGNFC_SAL_QTR_RN(1.0),N_A,466,QFY,2015,2014,100_N_ABOVE,EBIT_TO_SAL,0,2014-06-30,RPT,13.7131
RBI:RATIO_LNGNFC_SAL_QTR_RN(1.0),N_A,466,QFY,2015,2014,100_N_ABOVE,INT_BURDEN,0,2014-06-30,RPT,23.9144
RBI:RATIO_LNGNFC_SAL_QTR_RN(1.0),N_A,466,QFY,2015,2014,100_N_ABOVE,INT_CVG,0,2014-06-30,RPT,4.181582
RBI:RATIO_LNGNFC_SAL_QTR_RN(1.0),N_A,466,QFY,2015,2014,100_N_ABOVE,INT_TO_SAL,0,2014-06-30,RPT,3.2794
RBI:RATIO_LNGNFC_SAL_QTR_RN(1.0),N_A,466,QFY,2015,2014,100_N_ABOVE,NET_PFT_TO_SAL,0,2014-06-30,RPT,7.7636
RBI:RATIO_LNGNFC_SAL_QTR_RN(1.0),N_A,466,QFY,2015,2014,100_N_ABOVE,OPR_PFTS_TO_SAL,0,2014-06-30,RPT,14.7794
RBI:RATIO_LNGNFC_SAL_QTR_RN(1.0),N_A,466,QFY,2015,2014,100_N_ABOVE,OTH_INC_NET_PFT,0,2014-06-30,RPT,32.2496
RBI:RATIO_LNGNFC_SAL_QTR_RN(1.0),N_A,466,QFY,2015,2014,100_N_ABOVE,SC_TO_SAL,0,2014-06-30,RPT,7.6878
RBI:RATIO_LNGNFC_SAL_QTR_RN(1.0),N_A,466,QFY,2015,2014,100_N_ABOVE,TAX_PROV_TO_EBT,0,2014-06-30,RPT,24.9416
RBI:RATIO_LNGNFC_SAL_QTR_RN(1.0),N_A,726,QFY,2015,2014,100_TO_500,CORM_TO_SAL,0,2014-06-30,RPT,56.8107
RBI:RATIO_LNGNFC_SAL_QTR_RN(1.0),N_A,726,QFY,2015,2014,100_TO_500,CSH_CVG_RATIO,0,2014-06-30,RPT,1.461543
RBI:RATIO_LNGNFC_SAL_QTR_RN(1.0),N_A,726,QFY,2015,2014,100_TO_500,EBITDA_TO_SAL,0,2014-06-30,RPT,9.9386
RBI:RATIO_LNGNFC_SAL_QTR_RN(1.0),N_A,726,QFY,2015,2014,100_TO_500,EBIT_TO_SAL,0,2014-06-30,RPT,5.4404
RBI:RATIO_LNGNFC_SAL_QTR_RN(1.0),N_A,726,QFY,2015,2014,100_TO_500,INT_BURDEN,0,2014-06-30,RPT,124.9909
RBI:RATIO_LNGNFC_SAL_QTR_RN(1.0),N_A,726,QFY,2015,2014,100_TO_500,INT_CVG,0,2014-06-30,RPT,0.800058
RBI:RATIO_LNGNFC_SAL_QTR_RN(1.0),N_A,726,QFY,2015,2014,100_TO_500,INT_TO_SAL,0,2014-06-30,RPT,6.8
RBI:RATIO_LNGNFC_SAL_QTR_RN(1.0),N_A,726,QFY,2015,2014,100_TO_500,NET_PFT_TO_SAL,0,2014-06-30,RPT,0.1459
RBI:RATIO_LNGNFC_SAL_QTR_RN(1.0),N_A,726,QFY,2015,2014,100_TO_500,OPR_PFTS_TO_SAL,0,2014-06-30,RPT,7.4952
RBI:RATIO_LNGNFC_SAL_QTR_RN(1.0),N_A,726,QFY,2015,2014,100_TO_500,SC_TO_SAL,0,2014-06-30,RPT,10.3981
RBI:RATIO_LNGNFC_SAL_QTR_RN(1.0),N_A,726,QFY,2015,2014,100_TO_500,TAX_PROV_TO_EBT,0,2014-06-30,RPT,23.9666
RBI:RATIO_LNGNFC_SAL_QTR_RN(1.0),N_A,279,QFY,2015,2014,25_TO_50,CORM_TO_SAL,0,2014-06-30,RPT,56.0965
RBI:RATIO_LNGNFC_SAL_QTR_RN(1.0),N_A,279,QFY,2015,2014,25_TO_50,CSH_CVG_RATIO,0,2014-06-30,RPT,1.103133
RBI:RATIO_LNGNFC_SAL_QTR_RN(1.0),N_A,279,QFY,2015,2014,25_TO_50,EBITDA_TO_SAL,0,2014-06-30,RPT,13.7318
RBI:RATIO_LNGNFC_SAL_QTR_RN(1.0),N_A,279,QFY,2015,2014,25_TO_50,EBIT_TO_SAL,0,2014-06-30,RPT,6.4129
RBI:RATIO_LNGNFC_SAL_QTR_RN(1.0),N_A,279,QFY,2015,2014,25_TO_50,INT_CVG,0,2014-06-30,RPT,0.515177
RBI:RATIO_LNGNFC_SAL_QTR_RN(1.0),N_A,279,QFY,2015,2014,25_TO_50,INT_TO_SAL,0,2014-06-30,RPT,12.448
RBI:RATIO_LNGNFC_SAL_QTR_RN(1.0),N_A,279,QFY,2015,2014,25_TO_50,NET_PFT_TO_SAL,0,2014-06-30,RPT,-7.3261
RBI:RATIO_LNGNFC_SAL_QTR_RN(1.0),N_A,279,QFY,2015,2014,25_TO_50,OPR_PFTS_TO_SAL,0,2014-06-30,RPT,7.282
RBI:RATIO_LNGNFC_SAL_QTR_RN(1.0),N_A,279,QFY,2015,2014,25_TO_50,SC_TO_SAL,0,2014-06-30,RPT,14.1056
RBI:RATIO_LNGNFC_SAL_QTR_RN(1.0),N_A,279,QFY,2015,2014,25_TO_50,TAX_PROV_TO_EBT,0,2014-06-30,RPT,23.849
RBI:RATIO_LNGNFC_SAL_QTR_RN(1.0),N_A,262,QFY,2015,2014,500_TO_1000,CORM_TO_SAL,0,2014-06-30,RPT,51.7425
RBI:RATIO_LNGNFC_SAL_QTR_RN(1.0),N_A,262,QFY,2015,2014,500_TO_1000,CSH_CVG_RATIO,0,2014-06-30,RPT,2.34156
RBI:RATIO_LNGNFC_SAL_QTR_RN(1.0),N_A,262,QFY,2015,2014,500_TO_1000,EBITDA_TO_SAL,0,2014-06-30,RPT,14.4498
RBI:RATIO_LNGNFC_SAL_QTR_RN(1.0),N_A,262,QFY,2015,2014,500_TO_1000,EBIT_TO_SAL,0,2014-06-30,RPT,10.5223
RBI:RATIO_LNGNFC_SAL_QTR_RN(1.0),N_A,262,QFY,2015,2014,500_TO_1000,INT_BURDEN,0,2014-06-30,RPT,58.6472
RBI:RATIO_LNGNFC_SAL_QTR_RN(1.0),N_A,262,QFY,2015,2014,500_TO_1000,INT_CVG,0,2014-06-30,RPT,1.70511
RBI:RATIO_LNGNFC_SAL_QTR_RN(1.0),N_A,262,QFY,2015,2014,500_TO_1000,INT_TO_SAL,0,2014-06-30,RPT,6.171
RBI:RATIO_LNGNFC_SAL_QTR_RN(1.0),N_A,262,QFY,2015,2014,500_TO_1000,NET_PFT_TO_SAL,0,2014-06-30,RPT,1.6946
RBI:RATIO_LNGNFC_SAL_QTR_RN(1.0),N_A,262,QFY,2015,2014,500_TO_1000,OPR_PFTS_TO_SAL,0,2014-06-30,RPT,12.5644
RBI:RATIO_LNGNFC_SAL_QTR_RN(1.0),N_A,262,QFY,2015,2014,500_TO_1000,OTH_INC_NET_PFT,0,2014-06-30,RPT,111.2622
RBI:RATIO_LNGNFC_SAL_QTR_RN(1.0),N_A,262,QFY,2015,2014,500_TO_1000,SC_TO_SAL,0,2014-06-30,RPT,9.5768
RBI:RATIO_LNGNFC_SAL_QTR_RN(1.0),N_A,262,QFY,2015,2014,500_TO_1000,TAX_PROV_TO_EBT,0,2014-06-30,RPT,26.0399
RBI:RATIO_LNGNFC_SAL_QTR_RN(1.0),N_A,280,QFY,2015,2014,50_TO_100,CORM_TO_SAL,0,2014-06-30,RPT,53.6698
RBI:RATIO_LNGNFC_SAL_QTR_RN(1.0),N_A,280,QFY,2015,2014,50_TO_100,CSH_CVG_RATIO,0,2014-06-30,RPT,1.607131
RBI:RATIO_LNGNFC_SAL_QTR_RN(1.0),N_A,280,QFY,2015,2014,50_TO_100,EBITDA_TO_SAL,0,2014-06-30,RPT,9.4965
RBI:RATIO_LNGNFC_SAL_QTR_RN(1.0),N_A,280,QFY,2015,2014,50_TO_100,EBIT_TO_SAL,0,2014-06-30,RPT,4.1856
RBI:RATIO_LNGNFC_SAL_QTR_RN(1.0),N_A,280,QFY,2015,2014,50_TO_100,INT_BURDEN,0,2014-06-30,RPT,141.1759
RBI:RATIO_LNGNFC_SAL_QTR_RN(1.0),N_A,280,QFY,2015,2014,50_TO_100,INT_CVG,0,2014-06-30,RPT,0.708336
RBI:RATIO_LNGNFC_SAL_QTR_RN(1.0),N_A,280,QFY,2015,2014,50_TO_100,INT_TO_SAL,0,2014-06-30,RPT,5.909
RBI:RATIO_LNGNFC_SAL_QTR_RN(1.0),N_A,280,QFY,2015,2014,50_TO_100,NET_PFT_TO_SAL,0,2014-06-30,RPT,-4.8668
RBI:RATIO_LNGNFC_SAL_QTR_RN(1.0),N_A,280,QFY,2015,2014,50_TO_100,OPR_PFTS_TO_SAL,0,2014-06-30,RPT,7.2036
RBI:RATIO_LNGNFC_SAL_QTR_RN(1.0),N_A,280,QFY,2015,2014,50_TO_100,SC_TO_SAL,0,2014-06-30,RPT,13.2884
RBI:RATIO_LNGNFC_SAL_QTR_RN(1.0),N_A,280,QFY,2015,2014,50_TO_100,TAX_PROV_TO_EBT,0,2014-06-30,RPT,23.0601
RBI:RATIO_LNGNFC_SAL_QTR_RN(1.0),N_A,2755,QFY,2015,2014,ALL_COMP,CORM_TO_SAL,0,2014-06-30,RPT,55.938
RBI:RATIO_LNGNFC_SAL_QTR_RN(1.0),N_A,2755,QFY,2015,2014,ALL_COMP,CSH_CVG_RATIO,0,2014-06-30,RPT,4.400337
RBI:RATIO_LNGNFC_SAL_QTR_RN(1.0),N_A,2755,QFY,2015,2014,ALL_COMP,EBITDA_TO_SAL,0,2014-06-30,RPT,16.6032
RBI:RATIO_LNGNFC_SAL_QTR_RN(1.0),N_A,2755,QFY,2015,2014,ALL_COMP,EBIT_TO_SAL,0,2014-06-30,RPT,12.9108
RBI:RATIO_LNGNFC_SAL_QTR_RN(1.0),N_A,2755,QFY,2015,2014,ALL_COMP,INT_BURDEN,0,2014-06-30,RPT,29.2249
RBI:RATIO_LNGNFC_SAL_QTR_RN(1.0),N_A,2755,QFY,2015,2014,ALL_COMP,INT_CVG,0,2014-06-30,RPT,3.421745
RBI:RATIO_LNGNFC_SAL_QTR_RN(1.0),N_A,2755,QFY,2015,2014,ALL_COMP,INT_TO_SAL,0,2014-06-30,RPT,3.7732
RBI:RATIO_LNGNFC_SAL_QTR_RN(1.0),N_A,2755,QFY,2015,2014,ALL_COMP,NET_PFT_TO_SAL,0,2014-06-30,RPT,6.7067
RBI:RATIO_LNGNFC_SAL_QTR_RN(1.0),N_A,2755,QFY,2015,2014,ALL_COMP,OPR_PFTS_TO_SAL,0,2014-06-30,RPT,14.1152
RBI:RATIO_LNGNFC_SAL_QTR_RN(1.0),N_A,2755,QFY,2015,2014,ALL_COMP,OTH_INC_NET_PFT,0,2014-06-30,RPT,37.0971
RBI:RATIO_LNGNFC_SAL_QTR_RN(1.0),N_A,2755,QFY,2015,2014,ALL_COMP,SC_TO_SAL,0,2014-06-30,RPT,8.043
RBI:RATIO_LNGNFC_SAL_QTR_RN(1.0),N_A,2755,QFY,2015,2014,ALL_COMP,TAX_PROV_TO_EBT,0,2014-06-30,RPT,24.9426
RBI:RATIO_LNGNFC_SAL_QTR_RN(1.0),N_A,742,QFY,2015,2014,LES_CLS_THAN_25,CORM_TO_SAL,0,2014-06-30,RPT,50.8946
RBI:RATIO_LNGNFC_SAL_QTR_RN(1.0),N_A,742,QFY,2015,2014,LES_CLS_THAN_25,CSH_CVG_RATIO,0,2014-06-30,RPT,0.234834
RBI:RATIO_LNGNFC_SAL_QTR_RN(1.0),N_A,742,QFY,2015,2014,LES_CLS_THAN_25,EBITDA_TO_SAL,0,2014-06-30,RPT,8.8857
RBI:RATIO_LNGNFC_SAL_QTR_RN(1.0),N_A,742,QFY,2015,2014,LES_CLS_THAN_25,EBIT_TO_SAL,0,2014-06-30,RPT,-6.7328
RBI:RATIO_LNGNFC_SAL_QTR_RN(1.0),N_A,742,QFY,2015,2014,LES_CLS_THAN_25,INT_TO_SAL,0,2014-06-30,RPT,37.8381
RBI:RATIO_LNGNFC_SAL_QTR_RN(1.0),N_A,742,QFY,2015,2014,LES_CLS_THAN_25,NET_PFT_TO_SAL,0,2014-06-30,RPT,-50.6664
RBI:RATIO_LNGNFC_SAL_QTR_RN(1.0),N_A,742,QFY,2015,2014,LES_CLS_THAN_25,OPR_PFTS_TO_SAL,0,2014-06-30,RPT,-0.9246
RBI:RATIO_LNGNFC_SAL_QTR_RN(1.0),N_A,742,QFY,2015,2014,LES_CLS_THAN_25,SC_TO_SAL,0,2014-06-30,RPT,22.2852
RBI:RATIO_LNGNFC_SAL_QTR_RN(1.0),N_A,742,QFY,2015,2014,LES_CLS_THAN_25,TAX_PROV_TO_EBT,0,2014-06-30,RPT,18.3202
RBI:RATIO_LNGNFC_SAL_QTR_RN(1.0),N_A,477,QFY,2015,2014,100_N_ABOVE,CORM_TO_SAL,0,2014-09-30,RPT,57.3633
RBI:RATIO_LNGNFC_SAL_QTR_RN(1.0),N_A,477,QFY,2015,2014,100_N_ABOVE,CSH_CVG_RATIO,0,2014-09-30,RPT,4.934226
RBI:RATIO_LNGNFC_SAL_QTR_RN(1.0),N_A,477,QFY,2015,2014,100_N_ABOVE,EBITDA_TO_SAL,0,2014-09-30,RPT,17.3187
RBI:RATIO_LNGNFC_SAL_QTR_RN(1.0),N_A,477,QFY,2015,2014,100_N_ABOVE,EBIT_TO_SAL,0,2014-09-30,RPT,13.7468
RBI:RATIO_LNGNFC_SAL_QTR_RN(1.0),N_A,477,QFY,2015,2014,100_N_ABOVE,INT_BURDEN,0,2014-09-30,RPT,25.5326
RBI:RATIO_LNGNFC_SAL_QTR_RN(1.0),N_A,477,QFY,2015,2014,100_N_ABOVE,INT_CVG,0,2014-09-30,RPT,3.916566
RBI:RATIO_LNGNFC_SAL_QTR_RN(1.0),N_A,477,QFY,2015,2014,100_N_ABOVE,INT_TO_SAL,0,2014-09-30,RPT,3.5099
RBI:RATIO_LNGNFC_SAL_QTR_RN(1.0),N_A,477,QFY,2015,2014,100_N_ABOVE,NET_PFT_TO_SAL,0,2014-09-30,RPT,7.6768
RBI:RATIO_LNGNFC_SAL_QTR_RN(1.0),N_A,477,QFY,2015,2014,100_N_ABOVE,OPR_PFTS_TO_SAL,0,2014-09-30,RPT,14.0208
RBI:RATIO_LNGNFC_SAL_QTR_RN(1.0),N_A,477,QFY,2015,2014,100_N_ABOVE,OTH_INC_NET_PFT,0,2014-09-30,RPT,42.9601
RBI:RATIO_LNGNFC_SAL_QTR_RN(1.0),N_A,477,QFY,2015,2014,100_N_ABOVE,SC_TO_SAL,0,2014-09-30,RPT,7.7415
RBI:RATIO_LNGNFC_SAL_QTR_RN(1.0),N_A,477,QFY,2015,2014,100_N_ABOVE,TAX_PROV_TO_EBT,0,2014-09-30,RPT,22.9685
RBI:RATIO_LNGNFC_SAL_QTR_RN(1.0),N_A,748,QFY,2015,2014,100_TO_500,CORM_TO_SAL,0,2014-09-30,RPT,54.7269
RBI:RATIO_LNGNFC_SAL_QTR_RN(1.0),N_A,748,QFY,2015,2014,100_TO_500,CSH_CVG_RATIO,0,2014-09-30,RPT,1.380704
RBI:RATIO_LNGNFC_SAL_QTR_RN(1.0),N_A,748,QFY,2015,2014,100_TO_500,EBITDA_TO_SAL,0,2014-09-30,RPT,10.5249
RBI:RATIO_LNGNFC_SAL_QTR_RN(1.0),N_A,748,QFY,2015,2014,100_TO_500,EBIT_TO_SAL,0,2014-09-30,RPT,6.4117
RBI:RATIO_LNGNFC_SAL_QTR_RN(1.0),N_A,748,QFY,2015,2014,100_TO_500,INT_BURDEN,0,2014-09-30,RPT,118.8892
RBI:RATIO_LNGNFC_SAL_QTR_RN(1.0),N_A,748,QFY,2015,2014,100_TO_500,INT_CVG,0,2014-09-30,RPT,0.841119
RBI:RATIO_LNGNFC_SAL_QTR_RN(1.0),N_A,748,QFY,2015,2014,100_TO_500,INT_TO_SAL,0,2014-09-30,RPT,7.6229
RBI:RATIO_LNGNFC_SAL_QTR_RN(1.0),N_A,748,QFY,2015,2014,100_TO_500,NET_PFT_TO_SAL,0,2014-09-30,RPT,-2.545
RBI:RATIO_LNGNFC_SAL_QTR_RN(1.0),N_A,748,QFY,2015,2014,100_TO_500,OPR_PFTS_TO_SAL,0,2014-09-30,RPT,6.0631
RBI:RATIO_LNGNFC_SAL_QTR_RN(1.0),N_A,748,QFY,2015,2014,100_TO_500,SC_TO_SAL,0,2014-09-30,RPT,10.4217
RBI:RATIO_LNGNFC_SAL_QTR_RN(1.0),N_A,748,QFY,2015,2014,100_TO_500,TAX_PROV_TO_EBT,0,2014-09-30,RPT,27.8618
RBI:RATIO_LNGNFC_SAL_QTR_RN(1.0),N_A,281,QFY,2015,2014,25_TO_50,CORM_TO_SAL,0,2014-09-30,RPT,49.7156
RBI:RATIO_LNGNFC_SAL_QTR_RN(1.0),N_A,281,QFY,2015,2014,25_TO_50,CSH_CVG_RATIO,0,2014-09-30,RPT,1.465537
RBI:RATIO_LNGNFC_SAL_QTR_RN(1.0),N_A,281,QFY,2015,2014,25_TO_50,EBITDA_TO_SAL,0,2014-09-30,RPT,15.4686
RBI:RATIO_LNGNFC_SAL_QTR_RN(1.0),N_A,281,QFY,2015,2014,25_TO_50,EBIT_TO_SAL,0,2014-09-30,RPT,8.2207
RBI:RATIO_LNGNFC_SAL_QTR_RN(1.0),N_A,281,QFY,2015,2014,25_TO_50,INT_BURDEN,0,2014-09-30,RPT,128.3945
RBI:RATIO_LNGNFC_SAL_QTR_RN(1.0),N_A,281,QFY,2015,2014,25_TO_50,INT_CVG,0,2014-09-30,RPT,0.778849
RBI:RATIO_LNGNFC_SAL_QTR_RN(1.0),N_A,281,QFY,2015,2014,25_TO_50,INT_TO_SAL,0,2014-09-30,RPT,10.5549
RBI:RATIO_LNGNFC_SAL_QTR_RN(1.0),N_A,281,QFY,2015,2014,25_TO_50,NET_PFT_TO_SAL,0,2014-09-30,RPT,-2.4443
RBI:RATIO_LNGNFC_SAL_QTR_RN(1.0),N_A,281,QFY,2015,2014,25_TO_50,OPR_PFTS_TO_SAL,0,2014-09-30,RPT,7.637
RBI:RATIO_LNGNFC_SAL_QTR_RN(1.0),N_A,281,QFY,2015,2014,25_TO_50,SC_TO_SAL,0,2014-09-30,RPT,14.3181
RBI:RATIO_LNGNFC_SAL_QTR_RN(1.0),N_A,281,QFY,2015,2014,25_TO_50,TAX_PROV_TO_EBT,0,2014-09-30,RPT,21.2151
RBI:RATIO_LNGNFC_SAL_QTR_RN(1.0),N_A,284,QFY,2015,2014,500_TO_1000,CORM_TO_SAL,0,2014-09-30,RPT,52.4766
RBI:RATIO_LNGNFC_SAL_QTR_RN(1.0),N_A,284,QFY,2015,2014,500_TO_1000,CSH_CVG_RATIO,0,2014-09-30,RPT,2.104482
RBI:RATIO_LNGNFC_SAL_QTR_RN(1.0),N_A,284,QFY,2015,2014,500_TO_1000,EBITDA_TO_SAL,0,2014-09-30,RPT,13.4898
RBI:RATIO_LNGNFC_SAL_QTR_RN(1.0),N_A,284,QFY,2015,2014,500_TO_1000,EBIT_TO_SAL,0,2014-09-30,RPT,9.5793
RBI:RATIO_LNGNFC_SAL_QTR_RN(1.0),N_A,284,QFY,2015,2014,500_TO_1000,INT_BURDEN,0,2014-09-30,RPT,66.9155
RBI:RATIO_LNGNFC_SAL_QTR_RN(1.0),N_A,284,QFY,2015,2014,500_TO_1000,INT_CVG,0,2014-09-30,RPT,1.494421
RBI:RATIO_LNGNFC_SAL_QTR_RN(1.0),N_A,284,QFY,2015,2014,500_TO_1000,INT_TO_SAL,0,2014-09-30,RPT,6.41
RBI:RATIO_LNGNFC_SAL_QTR_RN(1.0),N_A,284,QFY,2015,2014,500_TO_1000,NET_PFT_TO_SAL,0,2014-09-30,RPT,3.0304
RBI:RATIO_LNGNFC_SAL_QTR_RN(1.0),N_A,284,QFY,2015,2014,500_TO_1000,OPR_PFTS_TO_SAL,0,2014-09-30,RPT,10.1875
RBI:RATIO_LNGNFC_SAL_QTR_RN(1.0),N_A,284,QFY,2015,2014,500_TO_1000,OTH_INC_NET_PFT,0,2014-09-30,RPT,108.971
RBI:RATIO_LNGNFC_SAL_QTR_RN(1.0),N_A,284,QFY,2015,2014,500_TO_1000,SC_TO_SAL,0,2014-09-30,RPT,8.6596
RBI:RATIO_LNGNFC_SAL_QTR_RN(1.0),N_A,284,QFY,2015,2014,500_TO_1000,TAX_PROV_TO_EBT,0,2014-09-30,RPT,25.0134
RBI:RATIO_LNGNFC_SAL_QTR_RN(1.0),N_A,313,QFY,2015,2014,50_TO_100,CORM_TO_SAL,0,2014-09-30,RPT,58.2609
RBI:RATIO_LNGNFC_SAL_QTR_RN(1.0),N_A,313,QFY,2015,2014,50_TO_100,CSH_CVG_RATIO,0,2014-09-30,RPT,1.304221
RBI:RATIO_LNGNFC_SAL_QTR_RN(1.0),N_A,313,QFY,2015,2014,50_TO_100,EBITDA_TO_SAL,0,2014-09-30,RPT,10.2402
RBI:RATIO_LNGNFC_SAL_QTR_RN(1.0),N_A,313,QFY,2015,2014,50_TO_100,EBIT_TO_SAL,0,2014-09-30,RPT,5.5184
RBI:RATIO_LNGNFC_SAL_QTR_RN(1.0),N_A,313,QFY,2015,2014,50_TO_100,INT_BURDEN,0,2014-09-30,RPT,142.2814
RBI:RATIO_LNGNFC_SAL_QTR_RN(1.0),N_A,313,QFY,2015,2014,50_TO_100,INT_CVG,0,2014-09-30,RPT,0.702832
RBI:RATIO_LNGNFC_SAL_QTR_RN(1.0),N_A,313,QFY,2015,2014,50_TO_100,INT_TO_SAL,0,2014-09-30,RPT,7.8516
RBI:RATIO_LNGNFC_SAL_QTR_RN(1.0),N_A,313,QFY,2015,2014,50_TO_100,NET_PFT_TO_SAL,0,2014-09-30,RPT,-3.1795
RBI:RATIO_LNGNFC_SAL_QTR_RN(1.0),N_A,313,QFY,2015,2014,50_TO_100,OPR_PFTS_TO_SAL,0,2014-09-30,RPT,7.9497
RBI:RATIO_LNGNFC_SAL_QTR_RN(1.0),N_A,313,QFY,2015,2014,50_TO_100,SC_TO_SAL,0,2014-09-30,RPT,10.4141
RBI:RATIO_LNGNFC_SAL_QTR_RN(1.0),N_A,313,QFY,2015,2014,50_TO_100,TAX_PROV_TO_EBT,0,2014-09-30,RPT,20.4872
RBI:RATIO_LNGNFC_SAL_QTR_RN(1.0),N_A,2863,QFY,2015,2014,ALL_COMP,CORM_TO_SAL,0,2014-09-30,RPT,56.872
RBI:RATIO_LNGNFC_SAL_QTR_RN(1.0),N_A,2863,QFY,2015,2014,ALL_COMP,CSH_CVG_RATIO,0,2014-09-30,RPT,4.136972
RBI:RATIO_LNGNFC_SAL_QTR_RN(1.0),N_A,2863,QFY,2015,2014,ALL_COMP,EBITDA_TO_SAL,0,2014-09-30,RPT,16.6307
RBI:RATIO_LNGNFC_SAL_QTR_RN(1.0),N_A,2863,QFY,2015,2014,ALL_COMP,EBIT_TO_SAL,0,2014-09-30,RPT,12.9654
RBI:RATIO_LNGNFC_SAL_QTR_RN(1.0),N_A,2863,QFY,2015,2014,ALL_COMP,INT_BURDEN,0,2014-09-30,RPT,31.0059
RBI:RATIO_LNGNFC_SAL_QTR_RN(1.0),N_A,2863,QFY,2015,2014,ALL_COMP,INT_CVG,0,2014-09-30,RPT,3.225198
RBI:RATIO_LNGNFC_SAL_QTR_RN(1.0),N_A,2863,QFY,2015,2014,ALL_COMP,INT_TO_SAL,0,2014-09-30,RPT,4.02
RBI:RATIO_LNGNFC_SAL_QTR_RN(1.0),N_A,2863,QFY,2015,2014,ALL_COMP,NET_PFT_TO_SAL,0,2014-09-30,RPT,6.63
RBI:RATIO_LNGNFC_SAL_QTR_RN(1.0),N_A,2863,QFY,2015,2014,ALL_COMP,OPR_PFTS_TO_SAL,0,2014-09-30,RPT,13.2338
RBI:RATIO_LNGNFC_SAL_QTR_RN(1.0),N_A,2863,QFY,2015,2014,ALL_COMP,OTH_INC_NET_PFT,0,2014-09-30,RPT,51.236
RBI:RATIO_LNGNFC_SAL_QTR_RN(1.0),N_A,2863,QFY,2015,2014,ALL_COMP,SC_TO_SAL,0,2014-09-30,RPT,8.0101
RBI:RATIO_LNGNFC_SAL_QTR_RN(1.0),N_A,2863,QFY,2015,2014,ALL_COMP,TAX_PROV_TO_EBT,0,2014-09-30,RPT,23.1852
RBI:RATIO_LNGNFC_SAL_QTR_RN(1.0),N_A,760,QFY,2015,2014,LES_CLS_THAN_25,CORM_TO_SAL,0,2014-09-30,RPT,50.1053
RBI:RATIO_LNGNFC_SAL_QTR_RN(1.0),N_A,760,QFY,2015,2014,LES_CLS_THAN_25,CSH_CVG_RATIO,0,2014-09-30,RPT,0.335749
RBI:RATIO_LNGNFC_SAL_QTR_RN(1.0),N_A,760,QFY,2015,2014,LES_CLS_THAN_25,EBITDA_TO_SAL,0,2014-09-30,RPT,10.0135
RBI:RATIO_LNGNFC_SAL_QTR_RN(1.0),N_A,760,QFY,2015,2014,LES_CLS_THAN_25,EBIT_TO_SAL,0,2014-09-30,RPT,-6.2875
RBI:RATIO_LNGNFC_SAL_QTR_RN(1.0),N_A,760,QFY,2015,2014,LES_CLS_THAN_25,INT_TO_SAL,0,2014-09-30,RPT,29.8243
RBI:RATIO_LNGNFC_SAL_QTR_RN(1.0),N_A,760,QFY,2015,2014,LES_CLS_THAN_25,NET_PFT_TO_SAL,0,2014-09-30,RPT,-35.3637
RBI:RATIO_LNGNFC_SAL_QTR_RN(1.0),N_A,760,QFY,2015,2014,LES_CLS_THAN_25,OPR_PFTS_TO_SAL,0,2014-09-30,RPT,-8.1361
RBI:RATIO_LNGNFC_SAL_QTR_RN(1.0),N_A,760,QFY,2015,2014,LES_CLS_THAN_25,SC_TO_SAL,0,2014-09-30,RPT,21.3562
RBI:RATIO_LNGNFC_SAL_QTR_RN(1.0),N_A,760,QFY,2015,2014,LES_CLS_THAN_25,TAX_PROV_TO_EBT,0,2014-09-30,RPT,12.0083
RBI:RATIO_LNGNFC_SAL_QTR_RN(1.0),N_A,458,QFY,2015,2014,100_N_ABOVE,CORM_TO_SAL,0,2014-12-31,RPT,53.966
RBI:RATIO_LNGNFC_SAL_QTR_RN(1.0),N_A,458,QFY,2015,2014,100_N_ABOVE,CSH_CVG_RATIO,0,2014-12-31,RPT,4.430258
RBI:RATIO_LNGNFC_SAL_QTR_RN(1.0),N_A,458,QFY,2015,2014,100_N_ABOVE,EBITDA_TO_SAL,0,2014-12-31,RPT,16.4912
RBI:RATIO_LNGNFC_SAL_QTR_RN(1.0),N_A,458,QFY,2015,2014,100_N_ABOVE,EBIT_TO_SAL,0,2014-12-31,RPT,12.7719
RBI:RATIO_LNGNFC_SAL_QTR_RN(1.0),N_A,458,QFY,2015,2014,100_N_ABOVE,INT_BURDEN,0,2014-12-31,RPT,29.1454
RBI:RATIO_LNGNFC_SAL_QTR_RN(1.0),N_A,458,QFY,2015,2014,100_N_ABOVE,INT_CVG,0,2014-12-31,RPT,3.431076
RBI:RATIO_LNGNFC_SAL_QTR_RN(1.0),N_A,458,QFY,2015,2014,100_N_ABOVE,INT_TO_SAL,0,2014-12-31,RPT,3.7224
RBI:RATIO_LNGNFC_SAL_QTR_RN(1.0),N_A,458,QFY,2015,2014,100_N_ABOVE,NET_PFT_TO_SAL,0,2014-12-31,RPT,5.5034
RBI:RATIO_LNGNFC_SAL_QTR_RN(1.0),N_A,458,QFY,2015,2014,100_N_ABOVE,OPR_PFTS_TO_SAL,0,2014-12-31,RPT,14.0295
RBI:RATIO_LNGNFC_SAL_QTR_RN(1.0),N_A,458,QFY,2015,2014,100_N_ABOVE,OTH_INC_NET_PFT,0,2014-12-31,RPT,44.7321
RBI:RATIO_LNGNFC_SAL_QTR_RN(1.0),N_A,458,QFY,2015,2014,100_N_ABOVE,SC_TO_SAL,0,2014-12-31,RPT,8.0537
RBI:RATIO_LNGNFC_SAL_QTR_RN(1.0),N_A,458,QFY,2015,2014,100_N_ABOVE,TAX_PROV_TO_EBT,0,2014-12-31,RPT,23.5949
RBI:RATIO_LNGNFC_SAL_QTR_RN(1.0),N_A,756,QFY,2015,2014,100_TO_500,CORM_TO_SAL,0,2014-12-31,RPT,56.6539
RBI:RATIO_LNGNFC_SAL_QTR_RN(1.0),N_A,756,QFY,2015,2014,100_TO_500,CSH_CVG_RATIO,0,2014-12-31,RPT,1.301743
RBI:RATIO_LNGNFC_SAL_QTR_RN(1.0),N_A,756,QFY,2015,2014,100_TO_500,EBITDA_TO_SAL,0,2014-12-31,RPT,9.4108
RBI:RATIO_LNGNFC_SAL_QTR_RN(1.0),N_A,756,QFY,2015,2014,100_TO_500,EBIT_TO_SAL,0,2014-12-31,RPT,5.0105
RBI:RATIO_LNGNFC_SAL_QTR_RN(1.0),N_A,756,QFY,2015,2014,100_TO_500,INT_BURDEN,0,2014-12-31,RPT,144.2862
RBI:RATIO_LNGNFC_SAL_QTR_RN(1.0),N_A,756,QFY,2015,2014,100_TO_500,INT_CVG,0,2014-12-31,RPT,0.693067
RBI:RATIO_LNGNFC_SAL_QTR_RN(1.0),N_A,756,QFY,2015,2014,100_TO_500,INT_TO_SAL,0,2014-12-31,RPT,7.2294
RBI:RATIO_LNGNFC_SAL_QTR_RN(1.0),N_A,756,QFY,2015,2014,100_TO_500,NET_PFT_TO_SAL,0,2014-12-31,RPT,-5.3122
RBI:RATIO_LNGNFC_SAL_QTR_RN(1.0),N_A,756,QFY,2015,2014,100_TO_500,OPR_PFTS_TO_SAL,0,2014-12-31,RPT,6.778
RBI:RATIO_LNGNFC_SAL_QTR_RN(1.0),N_A,756,QFY,2015,2014,100_TO_500,SC_TO_SAL,0,2014-12-31,RPT,10.4804
RBI:RATIO_LNGNFC_SAL_QTR_RN(1.0),N_A,756,QFY,2015,2014,100_TO_500,TAX_PROV_TO_EBT,0,2014-12-31,RPT,26.3599
RBI:RATIO_LNGNFC_SAL_QTR_RN(1.0),N_A,282,QFY,2015,2014,25_TO_50,CORM_TO_SAL,0,2014-12-31,RPT,54.3607
RBI:RATIO_LNGNFC_SAL_QTR_RN(1.0),N_A,282,QFY,2015,2014,25_TO_50,CSH_CVG_RATIO,0,2014-12-31,RPT,0.450206
RBI:RATIO_LNGNFC_SAL_QTR_RN(1.0),N_A,282,QFY,2015,2014,25_TO_50,EBITDA_TO_SAL,0,2014-12-31,RPT,5.4465
RBI:RATIO_LNGNFC_SAL_QTR_RN(1.0),N_A,282,QFY,2015,2014,25_TO_50,EBIT_TO_SAL,0,2014-12-31,RPT,-0.236
RBI:RATIO_LNGNFC_SAL_QTR_RN(1.0),N_A,282,QFY,2015,2014,25_TO_50,INT_TO_SAL,0,2014-12-31,RPT,12.0979
RBI:RATIO_LNGNFC_SAL_QTR_RN(1.0),N_A,282,QFY,2015,2014,25_TO_50,NET_PFT_TO_SAL,0,2014-12-31,RPT,-20.152
RBI:RATIO_LNGNFC_SAL_QTR_RN(1.0),N_A,282,QFY,2015,2014,25_TO_50,OPR_PFTS_TO_SAL,0,2014-12-31,RPT,-1.478
RBI:RATIO_LNGNFC_SAL_QTR_RN(1.0),N_A,282,QFY,2015,2014,25_TO_50,SC_TO_SAL,0,2014-12-31,RPT,13.0038
RBI:RATIO_LNGNFC_SAL_QTR_RN(1.0),N_A,282,QFY,2015,2014,25_TO_50,TAX_PROV_TO_EBT,0,2014-12-31,RPT,21.2314
RBI:RATIO_LNGNFC_SAL_QTR_RN(1.0),N_A,277,QFY,2015,2014,500_TO_1000,CORM_TO_SAL,0,2014-12-31,RPT,56.2277
RBI:RATIO_LNGNFC_SAL_QTR_RN(1.0),N_A,277,QFY,2015,2014,500_TO_1000,CSH_CVG_RATIO,0,2014-12-31,RPT,1.806199
RBI:RATIO_LNGNFC_SAL_QTR_RN(1.0),N_A,277,QFY,2015,2014,500_TO_1000,EBITDA_TO_SAL,0,2014-12-31,RPT,11.2119
RBI:RATIO_LNGNFC_SAL_QTR_RN(1.0),N_A,277,QFY,2015,2014,500_TO_1000,EBIT_TO_SAL,0,2014-12-31,RPT,7.1943
RBI:RATIO_LNGNFC_SAL_QTR_RN(1.0),N_A,277,QFY,2015,2014,500_TO_1000,INT_BURDEN,0,2014-12-31,RPT,86.2833
RBI:RATIO_LNGNFC_SAL_QTR_RN(1.0),N_A,277,QFY,2015,2014,500_TO_1000,INT_CVG,0,2014-12-31,RPT,1.158973
RBI:RATIO_LNGNFC_SAL_QTR_RN(1.0),N_A,277,QFY,2015,2014,500_TO_1000,INT_TO_SAL,0,2014-12-31,RPT,6.2075
RBI:RATIO_LNGNFC_SAL_QTR_RN(1.0),N_A,277,QFY,2015,2014,500_TO_1000,NET_PFT_TO_SAL,0,2014-12-31,RPT,1.5994
RBI:RATIO_LNGNFC_SAL_QTR_RN(1.0),N_A,277,QFY,2015,2014,500_TO_1000,OPR_PFTS_TO_SAL,0,2014-12-31,RPT,9.2633
RBI:RATIO_LNGNFC_SAL_QTR_RN(1.0),N_A,277,QFY,2015,2014,500_TO_1000,OTH_INC_NET_PFT,0,2014-12-31,RPT,121.8375
RBI:RATIO_LNGNFC_SAL_QTR_RN(1.0),N_A,277,QFY,2015,2014,500_TO_1000,SC_TO_SAL,0,2014-12-31,RPT,8.6915
RBI:RATIO_LNGNFC_SAL_QTR_RN(1.0),N_A,277,QFY,2015,2014,500_TO_1000,TAX_PROV_TO_EBT,0,2014-12-31,RPT,22.3797
RBI:RATIO_LNGNFC_SAL_QTR_RN(1.0),N_A,295,QFY,2015,2014,50_TO_100,CORM_TO_SAL,0,2014-12-31,RPT,53.8284
RBI:RATIO_LNGNFC_SAL_QTR_RN(1.0),N_A,295,QFY,2015,2014,50_TO_100,CSH_CVG_RATIO,0,2014-12-31,RPT,0.822607
RBI:RATIO_LNGNFC_SAL_QTR_RN(1.0),N_A,295,QFY,2015,2014,50_TO_100,EBITDA_TO_SAL,0,2014-12-31,RPT,7.5393
RBI:RATIO_LNGNFC_SAL_QTR_RN(1.0),N_A,295,QFY,2015,2014,50_TO_100,EBIT_TO_SAL,0,2014-12-31,RPT,1.0508
RBI:RATIO_LNGNFC_SAL_QTR_RN(1.0),N_A,295,QFY,2015,2014,50_TO_100,INT_CVG,0,2014-12-31,RPT,0.114648
RBI:RATIO_LNGNFC_SAL_QTR_RN(1.0),N_A,295,QFY,2015,2014,50_TO_100,INT_TO_SAL,0,2014-12-31,RPT,9.1651
RBI:RATIO_LNGNFC_SAL_QTR_RN(1.0),N_A,295,QFY,2015,2014,50_TO_100,NET_PFT_TO_SAL,0,2014-12-31,RPT,-10.0036
RBI:RATIO_LNGNFC_SAL_QTR_RN(1.0),N_A,295,QFY,2015,2014,50_TO_100,OPR_PFTS_TO_SAL,0,2014-12-31,RPT,5.1314
RBI:RATIO_LNGNFC_SAL_QTR_RN(1.0),N_A,295,QFY,2015,2014,50_TO_100,SC_TO_SAL,0,2014-12-31,RPT,11.8579
RBI:RATIO_LNGNFC_SAL_QTR_RN(1.0),N_A,295,QFY,2015,2014,50_TO_100,TAX_PROV_TO_EBT,0,2014-12-31,RPT,24.5656
RBI:RATIO_LNGNFC_SAL_QTR_RN(1.0),N_A,2845,QFY,2015,2014,ALL_COMP,CORM_TO_SAL,0,2014-12-31,RPT,54.2711
RBI:RATIO_LNGNFC_SAL_QTR_RN(1.0),N_A,2845,QFY,2015,2014,ALL_COMP,CSH_CVG_RATIO,0,2014-12-31,RPT,3.702503
RBI:RATIO_LNGNFC_SAL_QTR_RN(1.0),N_A,2845,QFY,2015,2014,ALL_COMP,EBITDA_TO_SAL,0,2014-12-31,RPT,15.6027
RBI:RATIO_LNGNFC_SAL_QTR_RN(1.0),N_A,2845,QFY,2015,2014,ALL_COMP,EBIT_TO_SAL,0,2014-12-31,RPT,11.7701
RBI:RATIO_LNGNFC_SAL_QTR_RN(1.0),N_A,2845,QFY,2015,2014,ALL_COMP,INT_BURDEN,0,2014-12-31,RPT,35.8034
RBI:RATIO_LNGNFC_SAL_QTR_RN(1.0),N_A,2845,QFY,2015,2014,ALL_COMP,INT_CVG,0,2014-12-31,RPT,2.793028
RBI:RATIO_LNGNFC_SAL_QTR_RN(1.0),N_A,2845,QFY,2015,2014,ALL_COMP,INT_TO_SAL,0,2014-12-31,RPT,4.2141
RBI:RATIO_LNGNFC_SAL_QTR_RN(1.0),N_A,2845,QFY,2015,2014,ALL_COMP,NET_PFT_TO_SAL,0,2014-12-31,RPT,4.3064
RBI:RATIO_LNGNFC_SAL_QTR_RN(1.0),N_A,2845,QFY,2015,2014,ALL_COMP,OPR_PFTS_TO_SAL,0,2014-12-31,RPT,13.1366
RBI:RATIO_LNGNFC_SAL_QTR_RN(1.0),N_A,2845,QFY,2015,2014,ALL_COMP,OTH_INC_NET_PFT,0,2014-12-31,RPT,57.2663
RBI:RATIO_LNGNFC_SAL_QTR_RN(1.0),N_A,2845,QFY,2015,2014,ALL_COMP,SC_TO_SAL,0,2014-12-31,RPT,8.3051
RBI:RATIO_LNGNFC_SAL_QTR_RN(1.0),N_A,2845,QFY,2015,2014,ALL_COMP,TAX_PROV_TO_EBT,0,2014-12-31,RPT,23.637
RBI:RATIO_LNGNFC_SAL_QTR_RN(1.0),N_A,777,QFY,2015,2014,LES_CLS_THAN_25,CORM_TO_SAL,0,2014-12-31,RPT,52.9442
RBI:RATIO_LNGNFC_SAL_QTR_RN(1.0),N_A,777,QFY,2015,2014,LES_CLS_THAN_25,EBITDA_TO_SAL,0,2014-12-31,RPT,-5.1229
RBI:RATIO_LNGNFC_SAL_QTR_RN(1.0),N_A,777,QFY,2015,2014,LES_CLS_THAN_25,EBIT_TO_SAL,0,2014-12-31,RPT,-23.5591
RBI:RATIO_LNGNFC_SAL_QTR_RN(1.0),N_A,777,QFY,2015,2014,LES_CLS_THAN_25,INT_TO_SAL,0,2014-12-31,RPT,36.5133
RBI:RATIO_LNGNFC_SAL_QTR_RN(1.0),N_A,777,QFY,2015,2014,LES_CLS_THAN_25,NET_PFT_TO_SAL,0,2014-12-31,RPT,-57.7361
RBI:RATIO_LNGNFC_SAL_QTR_RN(1.0),N_A,777,QFY,2015,2014,LES_CLS_THAN_25,OPR_PFTS_TO_SAL,0,2014-12-31,RPT,-13.7827
RBI:RATIO_LNGNFC_SAL_QTR_RN(1.0),N_A,777,QFY,2015,2014,LES_CLS_THAN_25,SC_TO_SAL,0,2014-12-31,RPT,22.5788
RBI:RATIO_LNGNFC_SAL_QTR_RN(1.0),N_A,777,QFY,2015,2014,LES_CLS_THAN_25,TAX_PROV_TO_EBT,0,2014-12-31,RPT,19.7781
RBI:RATIO_LNGNFC_SAL_QTR_RN(1.0),N_A,479,QFY,2015,2014,100_N_ABOVE,CORM_TO_SAL,0,2015-03-31,RPT,50.6524
RBI:RATIO_LNGNFC_SAL_QTR_RN(1.0),N_A,479,QFY,2015,2014,100_N_ABOVE,CSH_CVG_RATIO,0,2015-03-31,RPT,4.699198
RBI:RATIO_LNGNFC_SAL_QTR_RN(1.0),N_A,479,QFY,2015,2014,100_N_ABOVE,EBITDA_TO_SAL,0,2015-03-31,RPT,18.297
RBI:RATIO_LNGNFC_SAL_QTR_RN(1.0),N_A,479,QFY,2015,2014,100_N_ABOVE,EBIT_TO_SAL,0,2015-03-31,RPT,14.553
RBI:RATIO_LNGNFC_SAL_QTR_RN(1.0),N_A,479,QFY,2015,2014,100_N_ABOVE,INT_BURDEN,0,2015-03-31,RPT,26.7549
RBI:RATIO_LNGNFC_SAL_QTR_RN(1.0),N_A,479,QFY,2015,2014,100_N_ABOVE,INT_CVG,0,2015-03-31,RPT,3.737627
RBI:RATIO_LNGNFC_SAL_QTR_RN(1.0),N_A,479,QFY,2015,2014,100_N_ABOVE,INT_TO_SAL,0,2015-03-31,RPT,3.8936
RBI:RATIO_LNGNFC_SAL_QTR_RN(1.0),N_A,479,QFY,2015,2014,100_N_ABOVE,NET_PFT_TO_SAL,0,2015-03-31,RPT,7.2601
RBI:RATIO_LNGNFC_SAL_QTR_RN(1.0),N_A,479,QFY,2015,2014,100_N_ABOVE,OPR_PFTS_TO_SAL,0,2015-03-31,RPT,15.1148
RBI:RATIO_LNGNFC_SAL_QTR_RN(1.0),N_A,479,QFY,2015,2014,100_N_ABOVE,OTH_INC_NET_PFT,0,2015-03-31,RPT,43.8313
RBI:RATIO_LNGNFC_SAL_QTR_RN(1.0),N_A,479,QFY,2015,2014,100_N_ABOVE,SC_TO_SAL,0,2015-03-31,RPT,8.7506
RBI:RATIO_LNGNFC_SAL_QTR_RN(1.0),N_A,479,QFY,2015,2014,100_N_ABOVE,TAX_PROV_TO_EBT,0,2015-03-31,RPT,22.932
RBI:RATIO_LNGNFC_SAL_QTR_RN(1.0),N_A,728,QFY,2015,2014,100_TO_500,CORM_TO_SAL,0,2015-03-31,RPT,58.6341
RBI:RATIO_LNGNFC_SAL_QTR_RN(1.0),N_A,728,QFY,2015,2014,100_TO_500,CSH_CVG_RATIO,0,2015-03-31,RPT,1.035411
RBI:RATIO_LNGNFC_SAL_QTR_RN(1.0),N_A,728,QFY,2015,2014,100_TO_500,EBITDA_TO_SAL,0,2015-03-31,RPT,6.9902
RBI:RATIO_LNGNFC_SAL_QTR_RN(1.0),N_A,728,QFY,2015,2014,100_TO_500,EBIT_TO_SAL,0,2015-03-31,RPT,2.6392
RBI:RATIO_LNGNFC_SAL_QTR_RN(1.0),N_A,728,QFY,2015,2014,100_TO_500,INT_CVG,0,2015-03-31,RPT,0.390927
RBI:RATIO_LNGNFC_SAL_QTR_RN(1.0),N_A,728,QFY,2015,2014,100_TO_500,INT_TO_SAL,0,2015-03-31,RPT,6.7511
RBI:RATIO_LNGNFC_SAL_QTR_RN(1.0),N_A,728,QFY,2015,2014,100_TO_500,NET_PFT_TO_SAL,0,2015-03-31,RPT,-9.0668
RBI:RATIO_LNGNFC_SAL_QTR_RN(1.0),N_A,728,QFY,2015,2014,100_TO_500,OPR_PFTS_TO_SAL,0,2015-03-31,RPT,3.9097
RBI:RATIO_LNGNFC_SAL_QTR_RN(1.0),N_A,728,QFY,2015,2014,100_TO_500,SC_TO_SAL,0,2015-03-31,RPT,10.4854
RBI:RATIO_LNGNFC_SAL_QTR_RN(1.0),N_A,728,QFY,2015,2014,100_TO_500,TAX_PROV_TO_EBT,0,2015-03-31,RPT,24.8557
RBI:RATIO_LNGNFC_SAL_QTR_RN(1.0),N_A,262,QFY,2015,2014,25_TO_50,CORM_TO_SAL,0,2015-03-31,RPT,54.8502
RBI:RATIO_LNGNFC_SAL_QTR_RN(1.0),N_A,262,QFY,2015,2014,25_TO_50,CSH_CVG_RATIO,0,2015-03-31,RPT,0.166384
RBI:RATIO_LNGNFC_SAL_QTR_RN(1.0),N_A,262,QFY,2015,2014,25_TO_50,EBITDA_TO_SAL,0,2015-03-31,RPT,2.1567
RBI:RATIO_LNGNFC_SAL_QTR_RN(1.0),N_A,262,QFY,2015,2014,25_TO_50,EBIT_TO_SAL,0,2015-03-31,RPT,-7.4856
RBI:RATIO_LNGNFC_SAL_QTR_RN(1.0),N_A,262,QFY,2015,2014,25_TO_50,INT_TO_SAL,0,2015-03-31,RPT,12.9623
RBI:RATIO_LNGNFC_SAL_QTR_RN(1.0),N_A,262,QFY,2015,2014,25_TO_50,NET_PFT_TO_SAL,0,2015-03-31,RPT,-40.4789
RBI:RATIO_LNGNFC_SAL_QTR_RN(1.0),N_A,262,QFY,2015,2014,25_TO_50,OPR_PFTS_TO_SAL,0,2015-03-31,RPT,-6.0575
RBI:RATIO_LNGNFC_SAL_QTR_RN(1.0),N_A,262,QFY,2015,2014,25_TO_50,SC_TO_SAL,0,2015-03-31,RPT,14.9621
RBI:RATIO_LNGNFC_SAL_QTR_RN(1.0),N_A,262,QFY,2015,2014,25_TO_50,TAX_PROV_TO_EBT,0,2015-03-31,RPT,19.8559
RBI:RATIO_LNGNFC_SAL_QTR_RN(1.0),N_A,265,QFY,2015,2014,500_TO_1000,CORM_TO_SAL,0,2015-03-31,RPT,55.8772
RBI:RATIO_LNGNFC_SAL_QTR_RN(1.0),N_A,265,QFY,2015,2014,500_TO_1000,CSH_CVG_RATIO,0,2015-03-31,RPT,2.623767
RBI:RATIO_LNGNFC_SAL_QTR_RN(1.0),N_A,265,QFY,2015,2014,500_TO_1000,EBITDA_TO_SAL,0,2015-03-31,RPT,11.8845
RBI:RATIO_LNGNFC_SAL_QTR_RN(1.0),N_A,265,QFY,2015,2014,500_TO_1000,EBIT_TO_SAL,0,2015-03-31,RPT,8.2856
RBI:RATIO_LNGNFC_SAL_QTR_RN(1.0),N_A,265,QFY,2015,2014,500_TO_1000,INT_BURDEN,0,2015-03-31,RPT,54.6677
RBI:RATIO_LNGNFC_SAL_QTR_RN(1.0),N_A,265,QFY,2015,2014,500_TO_1000,INT_CVG,0,2015-03-31,RPT,1.829232
RBI:RATIO_LNGNFC_SAL_QTR_RN(1.0),N_A,265,QFY,2015,2014,500_TO_1000,INT_TO_SAL,0,2015-03-31,RPT,4.5296
RBI:RATIO_LNGNFC_SAL_QTR_RN(1.0),N_A,265,QFY,2015,2014,500_TO_1000,NET_PFT_TO_SAL,0,2015-03-31,RPT,1.4232
RBI:RATIO_LNGNFC_SAL_QTR_RN(1.0),N_A,265,QFY,2015,2014,500_TO_1000,OPR_PFTS_TO_SAL,0,2015-03-31,RPT,9.4084
RBI:RATIO_LNGNFC_SAL_QTR_RN(1.0),N_A,265,QFY,2015,2014,500_TO_1000,SC_TO_SAL,0,2015-03-31,RPT,8.6894
RBI:RATIO_LNGNFC_SAL_QTR_RN(1.0),N_A,265,QFY,2015,2014,500_TO_1000,TAX_PROV_TO_EBT,0,2015-03-31,RPT,25.1903
RBI:RATIO_LNGNFC_SAL_QTR_RN(1.0),N_A,288,QFY,2015,2014,50_TO_100,CORM_TO_SAL,0,2015-03-31,RPT,58.4737
RBI:RATIO_LNGNFC_SAL_QTR_RN(1.0),N_A,288,QFY,2015,2014,50_TO_100,CSH_CVG_RATIO,0,2015-03-31,RPT,0.393827
RBI:RATIO_LNGNFC_SAL_QTR_RN(1.0),N_A,288,QFY,2015,2014,50_TO_100,EBITDA_TO_SAL,0,2015-03-31,RPT,4.9477
RBI:RATIO_LNGNFC_SAL_QTR_RN(1.0),N_A,288,QFY,2015,2014,50_TO_100,EBIT_TO_SAL,0,2015-03-31,RPT,-2.9559
RBI:RATIO_LNGNFC_SAL_QTR_RN(1.0),N_A,288,QFY,2015,2014,50_TO_100,INT_TO_SAL,0,2015-03-31,RPT,12.5632
RBI:RATIO_LNGNFC_SAL_QTR_RN(1.0),N_A,288,QFY,2015,2014,50_TO_100,NET_PFT_TO_SAL,0,2015-03-31,RPT,-20.807
RBI:RATIO_LNGNFC_SAL_QTR_RN(1.0),N_A,288,QFY,2015,2014,50_TO_100,OPR_PFTS_TO_SAL,0,2015-03-31,RPT,-0.5354
RBI:RATIO_LNGNFC_SAL_QTR_RN(1.0),N_A,288,QFY,2015,2014,50_TO_100,SC_TO_SAL,0,2015-03-31,RPT,12.0974
RBI:RATIO_LNGNFC_SAL_QTR_RN(1.0),N_A,288,QFY,2015,2014,50_TO_100,TAX_PROV_TO_EBT,0,2015-03-31,RPT,24.2763
RBI:RATIO_LNGNFC_SAL_QTR_RN(1.0),N_A,2712,QFY,2015,2014,ALL_COMP,CORM_TO_SAL,0,2015-03-31,RPT,51.5174
RBI:RATIO_LNGNFC_SAL_QTR_RN(1.0),N_A,2712,QFY,2015,2014,ALL_COMP,CSH_CVG_RATIO,0,2015-03-31,RPT,4.02583
RBI:RATIO_LNGNFC_SAL_QTR_RN(1.0),N_A,2712,QFY,2015,2014,ALL_COMP,EBITDA_TO_SAL,0,2015-03-31,RPT,17.0119
RBI:RATIO_LNGNFC_SAL_QTR_RN(1.0),N_A,2712,QFY,2015,2014,ALL_COMP,EBIT_TO_SAL,0,2015-03-31,RPT,13.1673
RBI:RATIO_LNGNFC_SAL_QTR_RN(1.0),N_A,2712,QFY,2015,2014,ALL_COMP,INT_BURDEN,0,2015-03-31,RPT,32.0923
RBI:RATIO_LNGNFC_SAL_QTR_RN(1.0),N_A,2712,QFY,2015,2014,ALL_COMP,INT_CVG,0,2015-03-31,RPT,3.116017
RBI:RATIO_LNGNFC_SAL_QTR_RN(1.0),N_A,2712,QFY,2015,2014,ALL_COMP,INT_TO_SAL,0,2015-03-31,RPT,4.2257
RBI:RATIO_LNGNFC_SAL_QTR_RN(1.0),N_A,2712,QFY,2015,2014,ALL_COMP,NET_PFT_TO_SAL,0,2015-03-31,RPT,5.4117
RBI:RATIO_LNGNFC_SAL_QTR_RN(1.0),N_A,2712,QFY,2015,2014,ALL_COMP,OPR_PFTS_TO_SAL,0,2015-03-31,RPT,13.8062
RBI:RATIO_LNGNFC_SAL_QTR_RN(1.0),N_A,2712,QFY,2015,2014,ALL_COMP,OTH_INC_NET_PFT,0,2015-03-31,RPT,59.2364
RBI:RATIO_LNGNFC_SAL_QTR_RN(1.0),N_A,2712,QFY,2015,2014,ALL_COMP,SC_TO_SAL,0,2015-03-31,RPT,8.9071
RBI:RATIO_LNGNFC_SAL_QTR_RN(1.0),N_A,2712,QFY,2015,2014,ALL_COMP,TAX_PROV_TO_EBT,0,2015-03-31,RPT,23.0682
RBI:RATIO_LNGNFC_SAL_QTR_RN(1.0),N_A,690,QFY,2015,2014,LES_CLS_THAN_25,CORM_TO_SAL,0,2015-03-31,RPT,54.1563
RBI:RATIO_LNGNFC_SAL_QTR_RN(1.0),N_A,690,QFY,2015,2014,LES_CLS_THAN_25,EBITDA_TO_SAL,0,2015-03-31,RPT,-44.1867
RBI:RATIO_LNGNFC_SAL_QTR_RN(1.0),N_A,690,QFY,2015,2014,LES_CLS_THAN_25,EBIT_TO_SAL,0,2015-03-31,RPT,-64.568
RBI:RATIO_LNGNFC_SAL_QTR_RN(1.0),N_A,690,QFY,2015,2014,LES_CLS_THAN_25,INT_TO_SAL,0,2015-03-31,RPT,28.7052
RBI:RATIO_LNGNFC_SAL_QTR_RN(1.0),N_A,690,QFY,2015,2014,LES_CLS_THAN_25,NET_PFT_TO_SAL,0,2015-03-31,RPT,-121.8628
RBI:RATIO_LNGNFC_SAL_QTR_RN(1.0),N_A,690,QFY,2015,2014,LES_CLS_THAN_25,OPR_PFTS_TO_SAL,0,2015-03-31,RPT,-72.2577
RBI:RATIO_LNGNFC_SAL_QTR_RN(1.0),N_A,690,QFY,2015,2014,LES_CLS_THAN_25,SC_TO_SAL,0,2015-03-31,RPT,21.6931
RBI:RATIO_LNGNFC_SAL_QTR_RN(1.0),N_A,690,QFY,2015,2014,LES_CLS_THAN_25,TAX_PROV_TO_EBT,0,2015-03-31,RPT,14.6693
RBI:RATIO_LNGNFC_SAL_QTR_RN(1.0),N_A,460,QFY,2016,2015,100_N_ABOVE,CORM_TO_SAL,0,2015-06-30,RPT,51.2129
RBI:RATIO_LNGNFC_SAL_QTR_RN(1.0),N_A,460,QFY,2016,2015,100_N_ABOVE,CSH_CVG_RATIO,0,2015-06-30,RPT,4.734867
RBI:RATIO_LNGNFC_SAL_QTR_RN(1.0),N_A,460,QFY,2016,2015,100_N_ABOVE,EBITDA_TO_SAL,0,2015-06-30,RPT,18.9307
RBI:RATIO_LNGNFC_SAL_QTR_RN(1.0),N_A,460,QFY,2016,2015,100_N_ABOVE,EBIT_TO_SAL,0,2015-06-30,RPT,15.0309
RBI:RATIO_LNGNFC_SAL_QTR_RN(1.0),N_A,460,QFY,2016,2015,100_N_ABOVE,INT_BURDEN,0,2015-06-30,RPT,26.5995
RBI:RATIO_LNGNFC_SAL_QTR_RN(1.0),N_A,460,QFY,2016,2015,100_N_ABOVE,INT_CVG,0,2015-06-30,RPT,3.759468
RBI:RATIO_LNGNFC_SAL_QTR_RN(1.0),N_A,460,QFY,2016,2015,100_N_ABOVE,INT_TO_SAL,0,2015-06-30,RPT,3.9981
RBI:RATIO_LNGNFC_SAL_QTR_RN(1.0),N_A,460,QFY,2016,2015,100_N_ABOVE,NET_PFT_TO_SAL,0,2015-06-30,RPT,8.0391
RBI:RATIO_LNGNFC_SAL_QTR_RN(1.0),N_A,460,QFY,2016,2015,100_N_ABOVE,OPR_PFTS_TO_SAL,0,2015-06-30,RPT,16.1459
RBI:RATIO_LNGNFC_SAL_QTR_RN(1.0),N_A,460,QFY,2016,2015,100_N_ABOVE,OTH_INC_NET_PFT,0,2015-06-30,RPT,34.6402
RBI:RATIO_LNGNFC_SAL_QTR_RN(1.0),N_A,460,QFY,2016,2015,100_N_ABOVE,SC_TO_SAL,0,2015-06-30,RPT,8.6874
RBI:RATIO_LNGNFC_SAL_QTR_RN(1.0),N_A,460,QFY,2016,2015,100_N_ABOVE,TAX_PROV_TO_EBT,0,2015-06-30,RPT,24.5911
RBI:RATIO_LNGNFC_SAL_QTR_RN(1.0),N_A,735,QFY,2016,2015,100_TO_500,CORM_TO_SAL,0,2015-06-30,RPT,55.2409
RBI:RATIO_LNGNFC_SAL_QTR_RN(1.0),N_A,735,QFY,2016,2015,100_TO_500,CSH_CVG_RATIO,0,2015-06-30,RPT,1.600425
RBI:RATIO_LNGNFC_SAL_QTR_RN(1.0),N_A,735,QFY,2016,2015,100_TO_500,EBITDA_TO_SAL,0,2015-06-30,RPT,11.517
RBI:RATIO_LNGNFC_SAL_QTR_RN(1.0),N_A,735,QFY,2016,2015,100_TO_500,EBIT_TO_SAL,0,2015-06-30,RPT,6.9717
RBI:RATIO_LNGNFC_SAL_QTR_RN(1.0),N_A,735,QFY,2016,2015,100_TO_500,INT_BURDEN,0,2015-06-30,RPT,103.2195
RBI:RATIO_LNGNFC_SAL_QTR_RN(1.0),N_A,735,QFY,2016,2015,100_TO_500,INT_CVG,0,2015-06-30,RPT,0.968809
RBI:RATIO_LNGNFC_SAL_QTR_RN(1.0),N_A,735,QFY,2016,2015,100_TO_500,INT_TO_SAL,0,2015-06-30,RPT,7.1962
RBI:RATIO_LNGNFC_SAL_QTR_RN(1.0),N_A,735,QFY,2016,2015,100_TO_500,NET_PFT_TO_SAL,0,2015-06-30,RPT,-1.4093
RBI:RATIO_LNGNFC_SAL_QTR_RN(1.0),N_A,735,QFY,2016,2015,100_TO_500,OPR_PFTS_TO_SAL,0,2015-06-30,RPT,9.0455
RBI:RATIO_LNGNFC_SAL_QTR_RN(1.0),N_A,735,QFY,2016,2015,100_TO_500,SC_TO_SAL,0,2015-06-30,RPT,11.2417
RBI:RATIO_LNGNFC_SAL_QTR_RN(1.0),N_A,735,QFY,2016,2015,100_TO_500,TAX_PROV_TO_EBT,0,2015-06-30,RPT,29.1641
RBI:RATIO_LNGNFC_SAL_QTR_RN(1.0),N_A,251,QFY,2016,2015,25_TO_50,CORM_TO_SAL,0,2015-06-30,RPT,54.3672
RBI:RATIO_LNGNFC_SAL_QTR_RN(1.0),N_A,251,QFY,2016,2015,25_TO_50,CSH_CVG_RATIO,0,2015-06-30,RPT,1.238028
RBI:RATIO_LNGNFC_SAL_QTR_RN(1.0),N_A,251,QFY,2016,2015,25_TO_50,EBITDA_TO_SAL,0,2015-06-30,RPT,11.2815
RBI:RATIO_LNGNFC_SAL_QTR_RN(1.0),N_A,251,QFY,2016,2015,25_TO_50,EBIT_TO_SAL,0,2015-06-30,RPT,5.7453
RBI:RATIO_LNGNFC_SAL_QTR_RN(1.0),N_A,251,QFY,2016,2015,25_TO_50,INT_CVG,0,2015-06-30,RPT,0.630489
RBI:RATIO_LNGNFC_SAL_QTR_RN(1.0),N_A,251,QFY,2016,2015,25_TO_50,INT_TO_SAL,0,2015-06-30,RPT,9.1125
RBI:RATIO_LNGNFC_SAL_QTR_RN(1.0),N_A,251,QFY,2016,2015,25_TO_50,NET_PFT_TO_SAL,0,2015-06-30,RPT,-4.4698
RBI:RATIO_LNGNFC_SAL_QTR_RN(1.0),N_A,251,QFY,2016,2015,25_TO_50,OPR_PFTS_TO_SAL,0,2015-06-30,RPT,5.6405
RBI:RATIO_LNGNFC_SAL_QTR_RN(1.0),N_A,251,QFY,2016,2015,25_TO_50,SC_TO_SAL,0,2015-06-30,RPT,14.9796
RBI:RATIO_LNGNFC_SAL_QTR_RN(1.0),N_A,251,QFY,2016,2015,25_TO_50,TAX_PROV_TO_EBT,0,2015-06-30,RPT,21.0764
RBI:RATIO_LNGNFC_SAL_QTR_RN(1.0),N_A,258,QFY,2016,2015,500_TO_1000,CORM_TO_SAL,0,2015-06-30,RPT,53.2773
RBI:RATIO_LNGNFC_SAL_QTR_RN(1.0),N_A,258,QFY,2016,2015,500_TO_1000,CSH_CVG_RATIO,0,2015-06-30,RPT,1.916335
RBI:RATIO_LNGNFC_SAL_QTR_RN(1.0),N_A,258,QFY,2016,2015,500_TO_1000,EBITDA_TO_SAL,0,2015-06-30,RPT,11.8693
RBI:RATIO_LNGNFC_SAL_QTR_RN(1.0),N_A,258,QFY,2016,2015,500_TO_1000,EBIT_TO_SAL,0,2015-06-30,RPT,8.0393
RBI:RATIO_LNGNFC_SAL_QTR_RN(1.0),N_A,258,QFY,2016,2015,500_TO_1000,INT_BURDEN,0,2015-06-30,RPT,77.0428
RBI:RATIO_LNGNFC_SAL_QTR_RN(1.0),N_A,258,QFY,2016,2015,500_TO_1000,INT_CVG,0,2015-06-30,RPT,1.297979
RBI:RATIO_LNGNFC_SAL_QTR_RN(1.0),N_A,258,QFY,2016,2015,500_TO_1000,INT_TO_SAL,0,2015-06-30,RPT,6.1937
RBI:RATIO_LNGNFC_SAL_QTR_RN(1.0),N_A,258,QFY,2016,2015,500_TO_1000,NET_PFT_TO_SAL,0,2015-06-30,RPT,-0.1914
RBI:RATIO_LNGNFC_SAL_QTR_RN(1.0),N_A,258,QFY,2016,2015,500_TO_1000,OPR_PFTS_TO_SAL,0,2015-06-30,RPT,9.3416
RBI:RATIO_LNGNFC_SAL_QTR_RN(1.0),N_A,258,QFY,2016,2015,500_TO_1000,SC_TO_SAL,0,2015-06-30,RPT,8.9014
RBI:RATIO_LNGNFC_SAL_QTR_RN(1.0),N_A,258,QFY,2016,2015,500_TO_1000,TAX_PROV_TO_EBT,0,2015-06-30,RPT,27.7316
RBI:RATIO_LNGNFC_SAL_QTR_RN(1.0),N_A,287,QFY,2016,2015,50_TO_100,CORM_TO_SAL,0,2015-06-30,RPT,50.2748
RBI:RATIO_LNGNFC_SAL_QTR_RN(1.0),N_A,287,QFY,2016,2015,50_TO_100,CSH_CVG_RATIO,0,2015-06-30,RPT,0.969354
RBI:RATIO_LNGNFC_SAL_QTR_RN(1.0),N_A,287,QFY,2016,2015,50_TO_100,EBITDA_TO_SAL,0,2015-06-30,RPT,11.8478
RBI:RATIO_LNGNFC_SAL_QTR_RN(1.0),N_A,287,QFY,2016,2015,50_TO_100,EBIT_TO_SAL,0,2015-06-30,RPT,5.8725
RBI:RATIO_LNGNFC_SAL_QTR_RN(1.0),N_A,287,QFY,2016,2015,50_TO_100,INT_CVG,0,2015-06-30,RPT,0.480468
RBI:RATIO_LNGNFC_SAL_QTR_RN(1.0),N_A,287,QFY,2016,2015,50_TO_100,INT_TO_SAL,0,2015-06-30,RPT,12.2224
RBI:RATIO_LNGNFC_SAL_QTR_RN(1.0),N_A,287,QFY,2016,2015,50_TO_100,NET_PFT_TO_SAL,0,2015-06-30,RPT,-8.8653
RBI:RATIO_LNGNFC_SAL_QTR_RN(1.0),N_A,287,QFY,2016,2015,50_TO_100,OPR_PFTS_TO_SAL,0,2015-06-30,RPT,7.8652
RBI:RATIO_LNGNFC_SAL_QTR_RN(1.0),N_A,287,QFY,2016,2015,50_TO_100,SC_TO_SAL,0,2015-06-30,RPT,12.4807
RBI:RATIO_LNGNFC_SAL_QTR_RN(1.0),N_A,287,QFY,2016,2015,50_TO_100,TAX_PROV_TO_EBT,0,2015-06-30,RPT,24.4361
RBI:RATIO_LNGNFC_SAL_QTR_RN(1.0),N_A,2723,QFY,2016,2015,ALL_COMP,CORM_TO_SAL,0,2015-06-30,RPT,51.5945
RBI:RATIO_LNGNFC_SAL_QTR_RN(1.0),N_A,2723,QFY,2016,2015,ALL_COMP,CSH_CVG_RATIO,0,2015-06-30,RPT,4.022751
RBI:RATIO_LNGNFC_SAL_QTR_RN(1.0),N_A,2723,QFY,2016,2015,ALL_COMP,EBITDA_TO_SAL,0,2015-06-30,RPT,17.9921
RBI:RATIO_LNGNFC_SAL_QTR_RN(1.0),N_A,2723,QFY,2016,2015,ALL_COMP,EBIT_TO_SAL,0,2015-06-30,RPT,14.0109
RBI:RATIO_LNGNFC_SAL_QTR_RN(1.0),N_A,2723,QFY,2016,2015,ALL_COMP,INT_BURDEN,0,2015-06-30,RPT,31.9222
RBI:RATIO_LNGNFC_SAL_QTR_RN(1.0),N_A,2723,QFY,2016,2015,ALL_COMP,INT_CVG,0,2015-06-30,RPT,3.132617
RBI:RATIO_LNGNFC_SAL_QTR_RN(1.0),N_A,2723,QFY,2016,2015,ALL_COMP,INT_TO_SAL,0,2015-06-30,RPT,4.4726
RBI:RATIO_LNGNFC_SAL_QTR_RN(1.0),N_A,2723,QFY,2016,2015,ALL_COMP,NET_PFT_TO_SAL,0,2015-06-30,RPT,6.7326
RBI:RATIO_LNGNFC_SAL_QTR_RN(1.0),N_A,2723,QFY,2016,2015,ALL_COMP,OPR_PFTS_TO_SAL,0,2015-06-30,RPT,15.1812
RBI:RATIO_LNGNFC_SAL_QTR_RN(1.0),N_A,2723,QFY,2016,2015,ALL_COMP,OTH_INC_NET_PFT,0,2015-06-30,RPT,41.7495
RBI:RATIO_LNGNFC_SAL_QTR_RN(1.0),N_A,2723,QFY,2016,2015,ALL_COMP,SC_TO_SAL,0,2015-06-30,RPT,8.9161
RBI:RATIO_LNGNFC_SAL_QTR_RN(1.0),N_A,2723,QFY,2016,2015,ALL_COMP,TAX_PROV_TO_EBT,0,2015-06-30,RPT,24.8433
RBI:RATIO_LNGNFC_SAL_QTR_RN(1.0),N_A,732,QFY,2016,2015,LES_CLS_THAN_25,CORM_TO_SAL,0,2015-06-30,RPT,56.1337
RBI:RATIO_LNGNFC_SAL_QTR_RN(1.0),N_A,732,QFY,2016,2015,LES_CLS_THAN_25,CSH_CVG_RATIO,0,2015-06-30,RPT,0.305453
RBI:RATIO_LNGNFC_SAL_QTR_RN(1.0),N_A,732,QFY,2016,2015,LES_CLS_THAN_25,EBITDA_TO_SAL,0,2015-06-30,RPT,15.4275
RBI:RATIO_LNGNFC_SAL_QTR_RN(1.0),N_A,732,QFY,2016,2015,LES_CLS_THAN_25,EBIT_TO_SAL,0,2015-06-30,RPT,-4.6797
RBI:RATIO_LNGNFC_SAL_QTR_RN(1.0),N_A,732,QFY,2016,2015,LES_CLS_THAN_25,INT_TO_SAL,0,2015-06-30,RPT,50.5071
RBI:RATIO_LNGNFC_SAL_QTR_RN(1.0),N_A,732,QFY,2016,2015,LES_CLS_THAN_25,NET_PFT_TO_SAL,0,2015-06-30,RPT,-49.6153
RBI:RATIO_LNGNFC_SAL_QTR_RN(1.0),N_A,732,QFY,2016,2015,LES_CLS_THAN_25,OPR_PFTS_TO_SAL,0,2015-06-30,RPT,-11.4109
RBI:RATIO_LNGNFC_SAL_QTR_RN(1.0),N_A,732,QFY,2016,2015,LES_CLS_THAN_25,SC_TO_SAL,0,2015-06-30,RPT,22.9743
RBI:RATIO_LNGNFC_SAL_QTR_RN(1.0),N_A,732,QFY,2016,2015,LES_CLS_THAN_25,TAX_PROV_TO_EBT,0,2015-06-30,RPT,18.2054
RBI:RATIO_LNGNFC_SAL_QTR_RN(1.0),N_A,461,QFY,2016,2015,100_N_ABOVE,CORM_TO_SAL,0,2015-09-30,RPT,50.5745
RBI:RATIO_LNGNFC_SAL_QTR_RN(1.0),N_A,461,QFY,2016,2015,100_N_ABOVE,CSH_CVG_RATIO,0,2015-09-30,RPT,4.966232
RBI:RATIO_LNGNFC_SAL_QTR_RN(1.0),N_A,461,QFY,2016,2015,100_N_ABOVE,EBITDA_TO_SAL,0,2015-09-30,RPT,19.5772
RBI:RATIO_LNGNFC_SAL_QTR_RN(1.0),N_A,461,QFY,2016,2015,100_N_ABOVE,EBIT_TO_SAL,0,2015-09-30,RPT,15.6622
RBI:RATIO_LNGNFC_SAL_QTR_RN(1.0),N_A,461,QFY,2016,2015,100_N_ABOVE,INT_BURDEN,0,2015-09-30,RPT,25.1692
RBI:RATIO_LNGNFC_SAL_QTR_RN(1.0),N_A,461,QFY,2016,2015,100_N_ABOVE,INT_CVG,0,2015-09-30,RPT,3.973109
RBI:RATIO_LNGNFC_SAL_QTR_RN(1.0),N_A,461,QFY,2016,2015,100_N_ABOVE,INT_TO_SAL,0,2015-09-30,RPT,3.9421
RBI:RATIO_LNGNFC_SAL_QTR_RN(1.0),N_A,461,QFY,2016,2015,100_N_ABOVE,NET_PFT_TO_SAL,0,2015-09-30,RPT,9.0747
RBI:RATIO_LNGNFC_SAL_QTR_RN(1.0),N_A,461,QFY,2016,2015,100_N_ABOVE,OPR_PFTS_TO_SAL,0,2015-09-30,RPT,16.2149
RBI:RATIO_LNGNFC_SAL_QTR_RN(1.0),N_A,461,QFY,2016,2015,100_N_ABOVE,OTH_INC_NET_PFT,0,2015-09-30,RPT,37.0514
RBI:RATIO_LNGNFC_SAL_QTR_RN(1.0),N_A,461,QFY,2016,2015,100_N_ABOVE,SC_TO_SAL,0,2015-09-30,RPT,9.1434
RBI:RATIO_LNGNFC_SAL_QTR_RN(1.0),N_A,461,QFY,2016,2015,100_N_ABOVE,TAX_PROV_TO_EBT,0,2015-09-30,RPT,24.115
RBI:RATIO_LNGNFC_SAL_QTR_RN(1.0),N_A,735,QFY,2016,2015,100_TO_500,CORM_TO_SAL,0,2015-09-30,RPT,52.4417
RBI:RATIO_LNGNFC_SAL_QTR_RN(1.0),N_A,735,QFY,2016,2015,100_TO_500,CSH_CVG_RATIO,0,2015-09-30,RPT,1.661889
RBI:RATIO_LNGNFC_SAL_QTR_RN(1.0),N_A,735,QFY,2016,2015,100_TO_500,EBITDA_TO_SAL,0,2015-09-30,RPT,11.9187
RBI:RATIO_LNGNFC_SAL_QTR_RN(1.0),N_A,735,QFY,2016,2015,100_TO_500,EBIT_TO_SAL,0,2015-09-30,RPT,7.5056
RBI:RATIO_LNGNFC_SAL_QTR_RN(1.0),N_A,735,QFY,2016,2015,100_TO_500,INT_BURDEN,0,2015-09-30,RPT,95.5523
RBI:RATIO_LNGNFC_SAL_QTR_RN(1.0),N_A,735,QFY,2016,2015,100_TO_500,INT_CVG,0,2015-09-30,RPT,1.046547
RBI:RATIO_LNGNFC_SAL_QTR_RN(1.0),N_A,735,QFY,2016,2015,100_TO_500,INT_TO_SAL,0,2015-09-30,RPT,7.1718
RBI:RATIO_LNGNFC_SAL_QTR_RN(1.0),N_A,735,QFY,2016,2015,100_TO_500,NET_PFT_TO_SAL,0,2015-09-30,RPT,-0.8163
RBI:RATIO_LNGNFC_SAL_QTR_RN(1.0),N_A,735,QFY,2016,2015,100_TO_500,OPR_PFTS_TO_SAL,0,2015-09-30,RPT,9.053
RBI:RATIO_LNGNFC_SAL_QTR_RN(1.0),N_A,735,QFY,2016,2015,100_TO_500,SC_TO_SAL,0,2015-09-30,RPT,11.0208
RBI:RATIO_LNGNFC_SAL_QTR_RN(1.0),N_A,735,QFY,2016,2015,100_TO_500,TAX_PROV_TO_EBT,0,2015-09-30,RPT,24.8937
RBI:RATIO_LNGNFC_SAL_QTR_RN(1.0),N_A,270,QFY,2016,2015,25_TO_50,CORM_TO_SAL,0,2015-09-30,RPT,53.4666
RBI:RATIO_LNGNFC_SAL_QTR_RN(1.0),N_A,270,QFY,2016,2015,25_TO_50,EBITDA_TO_SAL,0,2015-09-30,RPT,-1.6516
RBI:RATIO_LNGNFC_SAL_QTR_RN(1.0),N_A,270,QFY,2016,2015,25_TO_50,EBIT_TO_SAL,0,2015-09-30,RPT,-10.1651
RBI:RATIO_LNGNFC_SAL_QTR_RN(1.0),N_A,270,QFY,2016,2015,25_TO_50,INT_TO_SAL,0,2015-09-30,RPT,28.2362
RBI:RATIO_LNGNFC_SAL_QTR_RN(1.0),N_A,270,QFY,2016,2015,25_TO_50,NET_PFT_TO_SAL,0,2015-09-30,RPT,-37.8597
RBI:RATIO_LNGNFC_SAL_QTR_RN(1.0),N_A,270,QFY,2016,2015,25_TO_50,OPR_PFTS_TO_SAL,0,2015-09-30,RPT,-9.7334
RBI:RATIO_LNGNFC_SAL_QTR_RN(1.0),N_A,270,QFY,2016,2015,25_TO_50,SC_TO_SAL,0,2015-09-30,RPT,14.9932
RBI:RATIO_LNGNFC_SAL_QTR_RN(1.0),N_A,270,QFY,2016,2015,25_TO_50,TAX_PROV_TO_EBT,0,2015-09-30,RPT,13.6129
RBI:RATIO_LNGNFC_SAL_QTR_RN(1.0),N_A,243,QFY,2016,2015,500_TO_1000,CORM_TO_SAL,0,2015-09-30,RPT,51.2517
RBI:RATIO_LNGNFC_SAL_QTR_RN(1.0),N_A,243,QFY,2016,2015,500_TO_1000,CSH_CVG_RATIO,0,2015-09-30,RPT,2.263819
RBI:RATIO_LNGNFC_SAL_QTR_RN(1.0),N_A,243,QFY,2016,2015,500_TO_1000,EBITDA_TO_SAL,0,2015-09-30,RPT,13.3346
RBI:RATIO_LNGNFC_SAL_QTR_RN(1.0),N_A,243,QFY,2016,2015,500_TO_1000,EBIT_TO_SAL,0,2015-09-30,RPT,9.3829
RBI:RATIO_LNGNFC_SAL_QTR_RN(1.0),N_A,243,QFY,2016,2015,500_TO_1000,INT_BURDEN,0,2015-09-30,RPT,62.7773
RBI:RATIO_LNGNFC_SAL_QTR_RN(1.0),N_A,243,QFY,2016,2015,500_TO_1000,INT_CVG,0,2015-09-30,RPT,1.592931
RBI:RATIO_LNGNFC_SAL_QTR_RN(1.0),N_A,243,QFY,2016,2015,500_TO_1000,INT_TO_SAL,0,2015-09-30,RPT,5.8903
RBI:RATIO_LNGNFC_SAL_QTR_RN(1.0),N_A,243,QFY,2016,2015,500_TO_1000,NET_PFT_TO_SAL,0,2015-09-30,RPT,1.5197
RBI:RATIO_LNGNFC_SAL_QTR_RN(1.0),N_A,243,QFY,2016,2015,500_TO_1000,OPR_PFTS_TO_SAL,0,2015-09-30,RPT,11.2705
RBI:RATIO_LNGNFC_SAL_QTR_RN(1.0),N_A,243,QFY,2016,2015,500_TO_1000,OTH_INC_NET_PFT,0,2015-09-30,RPT,135.8248
RBI:RATIO_LNGNFC_SAL_QTR_RN(1.0),N_A,243,QFY,2016,2015,500_TO_1000,SC_TO_SAL,0,2015-09-30,RPT,9.0278
RBI:RATIO_LNGNFC_SAL_QTR_RN(1.0),N_A,243,QFY,2016,2015,500_TO_1000,TAX_PROV_TO_EBT,0,2015-09-30,RPT,27.5621
RBI:RATIO_LNGNFC_SAL_QTR_RN(1.0),N_A,284,QFY,2016,2015,50_TO_100,CORM_TO_SAL,0,2015-09-30,RPT,55.6404
RBI:RATIO_LNGNFC_SAL_QTR_RN(1.0),N_A,284,QFY,2016,2015,50_TO_100,CSH_CVG_RATIO,0,2015-09-30,RPT,0.954521
RBI:RATIO_LNGNFC_SAL_QTR_RN(1.0),N_A,284,QFY,2016,2015,50_TO_100,EBITDA_TO_SAL,0,2015-09-30,RPT,9.0237
RBI:RATIO_LNGNFC_SAL_QTR_RN(1.0),N_A,284,QFY,2016,2015,50_TO_100,EBIT_TO_SAL,0,2015-09-30,RPT,2.6833
RBI:RATIO_LNGNFC_SAL_QTR_RN(1.0),N_A,284,QFY,2016,2015,50_TO_100,INT_CVG,0,2015-09-30,RPT,0.283832
RBI:RATIO_LNGNFC_SAL_QTR_RN(1.0),N_A,284,QFY,2016,2015,50_TO_100,INT_TO_SAL,0,2015-09-30,RPT,9.4537
RBI:RATIO_LNGNFC_SAL_QTR_RN(1.0),N_A,284,QFY,2016,2015,50_TO_100,NET_PFT_TO_SAL,0,2015-09-30,RPT,-10.3025
RBI:RATIO_LNGNFC_SAL_QTR_RN(1.0),N_A,284,QFY,2016,2015,50_TO_100,OPR_PFTS_TO_SAL,0,2015-09-30,RPT,4.7239
RBI:RATIO_LNGNFC_SAL_QTR_RN(1.0),N_A,284,QFY,2016,2015,50_TO_100,SC_TO_SAL,0,2015-09-30,RPT,11.391
RBI:RATIO_LNGNFC_SAL_QTR_RN(1.0),N_A,284,QFY,2016,2015,50_TO_100,TAX_PROV_TO_EBT,0,2015-09-30,RPT,25.4098
RBI:RATIO_LNGNFC_SAL_QTR_RN(1.0),N_A,2711,QFY,2016,2015,ALL_COMP,CORM_TO_SAL,0,2015-09-30,RPT,50.7785
RBI:RATIO_LNGNFC_SAL_QTR_RN(1.0),N_A,2711,QFY,2016,2015,ALL_COMP,CSH_CVG_RATIO,0,2015-09-30,RPT,4.204092
RBI:RATIO_LNGNFC_SAL_QTR_RN(1.0),N_A,2711,QFY,2016,2015,ALL_COMP,EBITDA_TO_SAL,0,2015-09-30,RPT,18.6159
RBI:RATIO_LNGNFC_SAL_QTR_RN(1.0),N_A,2711,QFY,2016,2015,ALL_COMP,EBIT_TO_SAL,0,2015-09-30,RPT,14.6153
RBI:RATIO_LNGNFC_SAL_QTR_RN(1.0),N_A,2711,QFY,2016,2015,ALL_COMP,INT_BURDEN,0,2015-09-30,RPT,30.2972
RBI:RATIO_LNGNFC_SAL_QTR_RN(1.0),N_A,2711,QFY,2016,2015,ALL_COMP,INT_CVG,0,2015-09-30,RPT,3.300637
RBI:RATIO_LNGNFC_SAL_QTR_RN(1.0),N_A,2711,QFY,2016,2015,ALL_COMP,INT_TO_SAL,0,2015-09-30,RPT,4.428
RBI:RATIO_LNGNFC_SAL_QTR_RN(1.0),N_A,2711,QFY,2016,2015,ALL_COMP,NET_PFT_TO_SAL,0,2015-09-30,RPT,7.6746
RBI:RATIO_LNGNFC_SAL_QTR_RN(1.0),N_A,2711,QFY,2016,2015,ALL_COMP,OPR_PFTS_TO_SAL,0,2015-09-30,RPT,15.2844
RBI:RATIO_LNGNFC_SAL_QTR_RN(1.0),N_A,2711,QFY,2016,2015,ALL_COMP,OTH_INC_NET_PFT,0,2015-09-30,RPT,43.4091
RBI:RATIO_LNGNFC_SAL_QTR_RN(1.0),N_A,2711,QFY,2016,2015,ALL_COMP,SC_TO_SAL,0,2015-09-30,RPT,9.3088
RBI:RATIO_LNGNFC_SAL_QTR_RN(1.0),N_A,2711,QFY,2016,2015,ALL_COMP,TAX_PROV_TO_EBT,0,2015-09-30,RPT,24.2139
RBI:RATIO_LNGNFC_SAL_QTR_RN(1.0),N_A,718,QFY,2016,2015,LES_CLS_THAN_25,CORM_TO_SAL,0,2015-09-30,RPT,50.9989
RBI:RATIO_LNGNFC_SAL_QTR_RN(1.0),N_A,718,QFY,2016,2015,LES_CLS_THAN_25,CSH_CVG_RATIO,0,2015-09-30,RPT,0.524628
RBI:RATIO_LNGNFC_SAL_QTR_RN(1.0),N_A,718,QFY,2016,2015,LES_CLS_THAN_25,EBITDA_TO_SAL,0,2015-09-30,RPT,19.5067
RBI:RATIO_LNGNFC_SAL_QTR_RN(1.0),N_A,718,QFY,2016,2015,LES_CLS_THAN_25,EBIT_TO_SAL,0,2015-09-30,RPT,3.9446
RBI:RATIO_LNGNFC_SAL_QTR_RN(1.0),N_A,718,QFY,2016,2015,LES_CLS_THAN_25,INT_CVG,0,2015-09-30,RPT,0.10609
RBI:RATIO_LNGNFC_SAL_QTR_RN(1.0),N_A,718,QFY,2016,2015,LES_CLS_THAN_25,INT_TO_SAL,0,2015-09-30,RPT,37.1819
RBI:RATIO_LNGNFC_SAL_QTR_RN(1.0),N_A,718,QFY,2016,2015,LES_CLS_THAN_25,NET_PFT_TO_SAL,0,2015-09-30,RPT,-35.9032
RBI:RATIO_LNGNFC_SAL_QTR_RN(1.0),N_A,718,QFY,2016,2015,LES_CLS_THAN_25,OPR_PFTS_TO_SAL,0,2015-09-30,RPT,-11.4997
RBI:RATIO_LNGNFC_SAL_QTR_RN(1.0),N_A,718,QFY,2016,2015,LES_CLS_THAN_25,SC_TO_SAL,0,2015-09-30,RPT,22.2302
RBI:RATIO_LNGNFC_SAL_QTR_RN(1.0),N_A,718,QFY,2016,2015,LES_CLS_THAN_25,TAX_PROV_TO_EBT,0,2015-09-30,RPT,11.0227
RBI:RATIO_LNGNFC_SAL_QTR_RN(1.0),N_A,462,QFY,2016,2015,100_N_ABOVE,CORM_TO_SAL,0,2015-12-31,RPT,49.1253
RBI:RATIO_LNGNFC_SAL_QTR_RN(1.0),N_A,462,QFY,2016,2015,100_N_ABOVE,CSH_CVG_RATIO,0,2015-12-31,RPT,4.606885
RBI:RATIO_LNGNFC_SAL_QTR_RN(1.0),N_A,462,QFY,2016,2015,100_N_ABOVE,EBITDA_TO_SAL,0,2015-12-31,RPT,18.5609
RBI:RATIO_LNGNFC_SAL_QTR_RN(1.0),N_A,462,QFY,2016,2015,100_N_ABOVE,EBIT_TO_SAL,0,2015-12-31,RPT,14.4056
RBI:RATIO_LNGNFC_SAL_QTR_RN(1.0),N_A,462,QFY,2016,2015,100_N_ABOVE,INT_BURDEN,0,2015-12-31,RPT,27.9679
RBI:RATIO_LNGNFC_SAL_QTR_RN(1.0),N_A,462,QFY,2016,2015,100_N_ABOVE,INT_CVG,0,2015-12-31,RPT,3.575524
RBI:RATIO_LNGNFC_SAL_QTR_RN(1.0),N_A,462,QFY,2016,2015,100_N_ABOVE,INT_TO_SAL,0,2015-12-31,RPT,4.0289
RBI:RATIO_LNGNFC_SAL_QTR_RN(1.0),N_A,462,QFY,2016,2015,100_N_ABOVE,NET_PFT_TO_SAL,0,2015-12-31,RPT,6.5842
RBI:RATIO_LNGNFC_SAL_QTR_RN(1.0),N_A,462,QFY,2016,2015,100_N_ABOVE,OPR_PFTS_TO_SAL,0,2015-12-31,RPT,15.978
RBI:RATIO_LNGNFC_SAL_QTR_RN(1.0),N_A,462,QFY,2016,2015,100_N_ABOVE,OTH_INC_NET_PFT,0,2015-12-31,RPT,39.2289
RBI:RATIO_LNGNFC_SAL_QTR_RN(1.0),N_A,462,QFY,2016,2015,100_N_ABOVE,SC_TO_SAL,0,2015-12-31,RPT,9.234
RBI:RATIO_LNGNFC_SAL_QTR_RN(1.0),N_A,462,QFY,2016,2015,100_N_ABOVE,TAX_PROV_TO_EBT,0,2015-12-31,RPT,24.4566
RBI:RATIO_LNGNFC_SAL_QTR_RN(1.0),N_A,724,QFY,2016,2015,100_TO_500,CORM_TO_SAL,0,2015-12-31,RPT,53.7359
RBI:RATIO_LNGNFC_SAL_QTR_RN(1.0),N_A,724,QFY,2016,2015,100_TO_500,CSH_CVG_RATIO,0,2015-12-31,RPT,1.520666
RBI:RATIO_LNGNFC_SAL_QTR_RN(1.0),N_A,724,QFY,2016,2015,100_TO_500,EBITDA_TO_SAL,0,2015-12-31,RPT,11.0815
RBI:RATIO_LNGNFC_SAL_QTR_RN(1.0),N_A,724,QFY,2016,2015,100_TO_500,EBIT_TO_SAL,0,2015-12-31,RPT,6.7325
RBI:RATIO_LNGNFC_SAL_QTR_RN(1.0),N_A,724,QFY,2016,2015,100_TO_500,INT_BURDEN,0,2015-12-31,RPT,108.2396
RBI:RATIO_LNGNFC_SAL_QTR_RN(1.0),N_A,724,QFY,2016,2015,100_TO_500,INT_CVG,0,2015-12-31,RPT,0.923876
RBI:RATIO_LNGNFC_SAL_QTR_RN(1.0),N_A,724,QFY,2016,2015,100_TO_500,INT_TO_SAL,0,2015-12-31,RPT,7.2873
RBI:RATIO_LNGNFC_SAL_QTR_RN(1.0),N_A,724,QFY,2016,2015,100_TO_500,NET_PFT_TO_SAL,0,2015-12-31,RPT,-1.9943
RBI:RATIO_LNGNFC_SAL_QTR_RN(1.0),N_A,724,QFY,2016,2015,100_TO_500,OPR_PFTS_TO_SAL,0,2015-12-31,RPT,8.3206
RBI:RATIO_LNGNFC_SAL_QTR_RN(1.0),N_A,724,QFY,2016,2015,100_TO_500,SC_TO_SAL,0,2015-12-31,RPT,10.8213
RBI:RATIO_LNGNFC_SAL_QTR_RN(1.0),N_A,724,QFY,2016,2015,100_TO_500,TAX_PROV_TO_EBT,0,2015-12-31,RPT,24.9379
RBI:RATIO_LNGNFC_SAL_QTR_RN(1.0),N_A,237,QFY,2016,2015,25_TO_50,CORM_TO_SAL,0,2015-12-31,RPT,55.1781
RBI:RATIO_LNGNFC_SAL_QTR_RN(1.0),N_A,237,QFY,2016,2015,25_TO_50,CSH_CVG_RATIO,0,2015-12-31,RPT,2.953756
RBI:RATIO_LNGNFC_SAL_QTR_RN(1.0),N_A,237,QFY,2016,2015,25_TO_50,EBITDA_TO_SAL,0,2015-12-31,RPT,24.033
RBI:RATIO_LNGNFC_SAL_QTR_RN(1.0),N_A,237,QFY,2016,2015,25_TO_50,EBIT_TO_SAL,0,2015-12-31,RPT,18.9675
RBI:RATIO_LNGNFC_SAL_QTR_RN(1.0),N_A,237,QFY,2016,2015,25_TO_50,INT_BURDEN,0,2015-12-31,RPT,42.8966
RBI:RATIO_LNGNFC_SAL_QTR_RN(1.0),N_A,237,QFY,2016,2015,25_TO_50,INT_CVG,0,2015-12-31,RPT,2.331186
RBI:RATIO_LNGNFC_SAL_QTR_RN(1.0),N_A,237,QFY,2016,2015,25_TO_50,INT_TO_SAL,0,2015-12-31,RPT,8.1364
RBI:RATIO_LNGNFC_SAL_QTR_RN(1.0),N_A,237,QFY,2016,2015,25_TO_50,NET_PFT_TO_SAL,0,2015-12-31,RPT,8.5103
RBI:RATIO_LNGNFC_SAL_QTR_RN(1.0),N_A,237,QFY,2016,2015,25_TO_50,OPR_PFTS_TO_SAL,0,2015-12-31,RPT,5.8419
RBI:RATIO_LNGNFC_SAL_QTR_RN(1.0),N_A,237,QFY,2016,2015,25_TO_50,SC_TO_SAL,0,2015-12-31,RPT,12.9657
RBI:RATIO_LNGNFC_SAL_QTR_RN(1.0),N_A,237,QFY,2016,2015,25_TO_50,TAX_PROV_TO_EBT,0,2015-12-31,RPT,4.6257
RBI:RATIO_LNGNFC_SAL_QTR_RN(1.0),N_A,245,QFY,2016,2015,500_TO_1000,CORM_TO_SAL,0,2015-12-31,RPT,51.8569
RBI:RATIO_LNGNFC_SAL_QTR_RN(1.0),N_A,245,QFY,2016,2015,500_TO_1000,CSH_CVG_RATIO,0,2015-12-31,RPT,2.318151
RBI:RATIO_LNGNFC_SAL_QTR_RN(1.0),N_A,245,QFY,2016,2015,500_TO_1000,EBITDA_TO_SAL,0,2015-12-31,RPT,12.9287
RBI:RATIO_LNGNFC_SAL_QTR_RN(1.0),N_A,245,QFY,2016,2015,500_TO_1000,EBIT_TO_SAL,0,2015-12-31,RPT,8.9496
RBI:RATIO_LNGNFC_SAL_QTR_RN(1.0),N_A,245,QFY,2016,2015,500_TO_1000,INT_BURDEN,0,2015-12-31,RPT,62.3173
RBI:RATIO_LNGNFC_SAL_QTR_RN(1.0),N_A,245,QFY,2016,2015,500_TO_1000,INT_CVG,0,2015-12-31,RPT,1.604691
RBI:RATIO_LNGNFC_SAL_QTR_RN(1.0),N_A,245,QFY,2016,2015,500_TO_1000,INT_TO_SAL,0,2015-12-31,RPT,5.5772
RBI:RATIO_LNGNFC_SAL_QTR_RN(1.0),N_A,245,QFY,2016,2015,500_TO_1000,NET_PFT_TO_SAL,0,2015-12-31,RPT,2.4982
RBI:RATIO_LNGNFC_SAL_QTR_RN(1.0),N_A,245,QFY,2016,2015,500_TO_1000,OPR_PFTS_TO_SAL,0,2015-12-31,RPT,11.2493
RBI:RATIO_LNGNFC_SAL_QTR_RN(1.0),N_A,245,QFY,2016,2015,500_TO_1000,OTH_INC_NET_PFT,0,2015-12-31,RPT,67.2258
RBI:RATIO_LNGNFC_SAL_QTR_RN(1.0),N_A,245,QFY,2016,2015,500_TO_1000,SC_TO_SAL,0,2015-12-31,RPT,9.2215
RBI:RATIO_LNGNFC_SAL_QTR_RN(1.0),N_A,245,QFY,2016,2015,500_TO_1000,TAX_PROV_TO_EBT,0,2015-12-31,RPT,25.3084
RBI:RATIO_LNGNFC_SAL_QTR_RN(1.0),N_A,320,QFY,2016,2015,50_TO_100,CORM_TO_SAL,0,2015-12-31,RPT,52.4714
RBI:RATIO_LNGNFC_SAL_QTR_RN(1.0),N_A,320,QFY,2016,2015,50_TO_100,CSH_CVG_RATIO,0,2015-12-31,RPT,0.376811
RBI:RATIO_LNGNFC_SAL_QTR_RN(1.0),N_A,320,QFY,2016,2015,50_TO_100,EBITDA_TO_SAL,0,2015-12-31,RPT,4.2154
RBI:RATIO_LNGNFC_SAL_QTR_RN(1.0),N_A,320,QFY,2016,2015,50_TO_100,EBIT_TO_SAL,0,2015-12-31,RPT,-2.5458
RBI:RATIO_LNGNFC_SAL_QTR_RN(1.0),N_A,320,QFY,2016,2015,50_TO_100,INT_TO_SAL,0,2015-12-31,RPT,11.1871
RBI:RATIO_LNGNFC_SAL_QTR_RN(1.0),N_A,320,QFY,2016,2015,50_TO_100,NET_PFT_TO_SAL,0,2015-12-31,RPT,-16.0225
RBI:RATIO_LNGNFC_SAL_QTR_RN(1.0),N_A,320,QFY,2016,2015,50_TO_100,OPR_PFTS_TO_SAL,0,2015-12-31,RPT,1.2662
RBI:RATIO_LNGNFC_SAL_QTR_RN(1.0),N_A,320,QFY,2016,2015,50_TO_100,SC_TO_SAL,0,2015-12-31,RPT,11.9993
RBI:RATIO_LNGNFC_SAL_QTR_RN(1.0),N_A,320,QFY,2016,2015,50_TO_100,TAX_PROV_TO_EBT,0,2015-12-31,RPT,27.0055
RBI:RATIO_LNGNFC_SAL_QTR_RN(1.0),N_A,2736,QFY,2016,2015,ALL_COMP,CORM_TO_SAL,0,2015-12-31,RPT,49.6422
RBI:RATIO_LNGNFC_SAL_QTR_RN(1.0),N_A,2736,QFY,2016,2015,ALL_COMP,CSH_CVG_RATIO,0,2015-12-31,RPT,3.904285
RBI:RATIO_LNGNFC_SAL_QTR_RN(1.0),N_A,2736,QFY,2016,2015,ALL_COMP,EBITDA_TO_SAL,0,2015-12-31,RPT,17.5006
RBI:RATIO_LNGNFC_SAL_QTR_RN(1.0),N_A,2736,QFY,2016,2015,ALL_COMP,EBIT_TO_SAL,0,2015-12-31,RPT,13.2868
RBI:RATIO_LNGNFC_SAL_QTR_RN(1.0),N_A,2736,QFY,2016,2015,ALL_COMP,INT_BURDEN,0,2015-12-31,RPT,33.7359
RBI:RATIO_LNGNFC_SAL_QTR_RN(1.0),N_A,2736,QFY,2016,2015,ALL_COMP,INT_CVG,0,2015-12-31,RPT,2.964205
RBI:RATIO_LNGNFC_SAL_QTR_RN(1.0),N_A,2736,QFY,2016,2015,ALL_COMP,INT_TO_SAL,0,2015-12-31,RPT,4.4824
RBI:RATIO_LNGNFC_SAL_QTR_RN(1.0),N_A,2736,QFY,2016,2015,ALL_COMP,NET_PFT_TO_SAL,0,2015-12-31,RPT,5.1681
RBI:RATIO_LNGNFC_SAL_QTR_RN(1.0),N_A,2736,QFY,2016,2015,ALL_COMP,OPR_PFTS_TO_SAL,0,2015-12-31,RPT,14.8803
RBI:RATIO_LNGNFC_SAL_QTR_RN(1.0),N_A,2736,QFY,2016,2015,ALL_COMP,OTH_INC_NET_PFT,0,2015-12-31,RPT,50.7031
RBI:RATIO_LNGNFC_SAL_QTR_RN(1.0),N_A,2736,QFY,2016,2015,ALL_COMP,SC_TO_SAL,0,2015-12-31,RPT,9.3868
RBI:RATIO_LNGNFC_SAL_QTR_RN(1.0),N_A,2736,QFY,2016,2015,ALL_COMP,TAX_PROV_TO_EBT,0,2015-12-31,RPT,24.4223
RBI:RATIO_LNGNFC_SAL_QTR_RN(1.0),N_A,748,QFY,2016,2015,LES_CLS_THAN_25,CORM_TO_SAL,0,2015-12-31,RPT,51.5527
RBI:RATIO_LNGNFC_SAL_QTR_RN(1.0),N_A,748,QFY,2016,2015,LES_CLS_THAN_25,EBITDA_TO_SAL,0,2015-12-31,RPT,-71.959
RBI:RATIO_LNGNFC_SAL_QTR_RN(1.0),N_A,748,QFY,2016,2015,LES_CLS_THAN_25,EBIT_TO_SAL,0,2015-12-31,RPT,-93.3118
RBI:RATIO_LNGNFC_SAL_QTR_RN(1.0),N_A,748,QFY,2016,2015,LES_CLS_THAN_25,INT_TO_SAL,0,2015-12-31,RPT,53.107
RBI:RATIO_LNGNFC_SAL_QTR_RN(1.0),N_A,748,QFY,2016,2015,LES_CLS_THAN_25,OPR_PFTS_TO_SAL,0,2015-12-31,RPT,-90.8376
RBI:RATIO_LNGNFC_SAL_QTR_RN(1.0),N_A,748,QFY,2016,2015,LES_CLS_THAN_25,SC_TO_SAL,0,2015-12-31,RPT,23.1798
RBI:RATIO_LNGNFC_SAL_QTR_RN(1.0),N_A,748,QFY,2016,2015,LES_CLS_THAN_25,TAX_PROV_TO_EBT,0,2015-12-31,RPT,19.9755
RBI:RATIO_LNGNFC_SAL_QTR_RN(1.0),N_A,489,QFY,2016,2015,100_N_ABOVE,CORM_TO_SAL,0,2016-03-31,RPT,47.3267
RBI:RATIO_LNGNFC_SAL_QTR_RN(1.0),N_A,489,QFY,2016,2015,100_N_ABOVE,CSH_CVG_RATIO,0,2016-03-31,RPT,4.859706
RBI:RATIO_LNGNFC_SAL_QTR_RN(1.0),N_A,489,QFY,2016,2015,100_N_ABOVE,EBITDA_TO_SAL,0,2016-03-31,RPT,19.4053
RBI:RATIO_LNGNFC_SAL_QTR_RN(1.0),N_A,489,QFY,2016,2015,100_N_ABOVE,EBIT_TO_SAL,0,2016-03-31,RPT,15.2419
RBI:RATIO_LNGNFC_SAL_QTR_RN(1.0),N_A,489,QFY,2016,2015,100_N_ABOVE,INT_BURDEN,0,2016-03-31,RPT,26.1983
RBI:RATIO_LNGNFC_SAL_QTR_RN(1.0),N_A,489,QFY,2016,2015,100_N_ABOVE,INT_CVG,0,2016-03-31,RPT,3.817047
RBI:RATIO_LNGNFC_SAL_QTR_RN(1.0),N_A,489,QFY,2016,2015,100_N_ABOVE,INT_TO_SAL,0,2016-03-31,RPT,3.9931
RBI:RATIO_LNGNFC_SAL_QTR_RN(1.0),N_A,489,QFY,2016,2015,100_N_ABOVE,NET_PFT_TO_SAL,0,2016-03-31,RPT,8.1112
RBI:RATIO_LNGNFC_SAL_QTR_RN(1.0),N_A,489,QFY,2016,2015,100_N_ABOVE,OPR_PFTS_TO_SAL,0,2016-03-31,RPT,16.6417
RBI:RATIO_LNGNFC_SAL_QTR_RN(1.0),N_A,489,QFY,2016,2015,100_N_ABOVE,OTH_INC_NET_PFT,0,2016-03-31,RPT,34.0711
RBI:RATIO_LNGNFC_SAL_QTR_RN(1.0),N_A,489,QFY,2016,2015,100_N_ABOVE,SC_TO_SAL,0,2016-03-31,RPT,9.158
RBI:RATIO_LNGNFC_SAL_QTR_RN(1.0),N_A,489,QFY,2016,2015,100_N_ABOVE,TAX_PROV_TO_EBT,0,2016-03-31,RPT,22.5585
RBI:RATIO_LNGNFC_SAL_QTR_RN(1.0),N_A,732,QFY,2016,2015,100_TO_500,CORM_TO_SAL,0,2016-03-31,RPT,53.2614
RBI:RATIO_LNGNFC_SAL_QTR_RN(1.0),N_A,732,QFY,2016,2015,100_TO_500,CSH_CVG_RATIO,0,2016-03-31,RPT,1.542161
RBI:RATIO_LNGNFC_SAL_QTR_RN(1.0),N_A,732,QFY,2016,2015,100_TO_500,EBITDA_TO_SAL,0,2016-03-31,RPT,8.7621
RBI:RATIO_LNGNFC_SAL_QTR_RN(1.0),N_A,732,QFY,2016,2015,100_TO_500,EBIT_TO_SAL,0,2016-03-31,RPT,4.4928
RBI:RATIO_LNGNFC_SAL_QTR_RN(1.0),N_A,732,QFY,2016,2015,100_TO_500,INT_BURDEN,0,2016-03-31,RPT,126.464
RBI:RATIO_LNGNFC_SAL_QTR_RN(1.0),N_A,732,QFY,2016,2015,100_TO_500,INT_CVG,0,2016-03-31,RPT,0.790739
RBI:RATIO_LNGNFC_SAL_QTR_RN(1.0),N_A,732,QFY,2016,2015,100_TO_500,INT_TO_SAL,0,2016-03-31,RPT,5.6817
RBI:RATIO_LNGNFC_SAL_QTR_RN(1.0),N_A,732,QFY,2016,2015,100_TO_500,NET_PFT_TO_SAL,0,2016-03-31,RPT,-4.6634
RBI:RATIO_LNGNFC_SAL_QTR_RN(1.0),N_A,732,QFY,2016,2015,100_TO_500,OPR_PFTS_TO_SAL,0,2016-03-31,RPT,5.5383
RBI:RATIO_LNGNFC_SAL_QTR_RN(1.0),N_A,732,QFY,2016,2015,100_TO_500,SC_TO_SAL,0,2016-03-31,RPT,10.0396
RBI:RATIO_LNGNFC_SAL_QTR_RN(1.0),N_A,732,QFY,2016,2015,100_TO_500,TAX_PROV_TO_EBT,0,2016-03-31,RPT,25.2701
RBI:RATIO_LNGNFC_SAL_QTR_RN(1.0),N_A,241,QFY,2016,2015,25_TO_50,CORM_TO_SAL,0,2016-03-31,RPT,53.7103
RBI:RATIO_LNGNFC_SAL_QTR_RN(1.0),N_A,241,QFY,2016,2015,25_TO_50,EBITDA_TO_SAL,0,2016-03-31,RPT,-53.9491
RBI:RATIO_LNGNFC_SAL_QTR_RN(1.0),N_A,241,QFY,2016,2015,25_TO_50,EBIT_TO_SAL,0,2016-03-31,RPT,-60.963
RBI:RATIO_LNGNFC_SAL_QTR_RN(1.0),N_A,241,QFY,2016,2015,25_TO_50,INT_TO_SAL,0,2016-03-31,RPT,9.2256
RBI:RATIO_LNGNFC_SAL_QTR_RN(1.0),N_A,241,QFY,2016,2015,25_TO_50,NET_PFT_TO_SAL,0,2016-03-31,RPT,-79.988
RBI:RATIO_LNGNFC_SAL_QTR_RN(1.0),N_A,241,QFY,2016,2015,25_TO_50,OPR_PFTS_TO_SAL,0,2016-03-31,RPT,-59.4799
RBI:RATIO_LNGNFC_SAL_QTR_RN(1.0),N_A,241,QFY,2016,2015,25_TO_50,SC_TO_SAL,0,2016-03-31,RPT,14.0127
RBI:RATIO_LNGNFC_SAL_QTR_RN(1.0),N_A,241,QFY,2016,2015,25_TO_50,TAX_PROV_TO_EBT,0,2016-03-31,RPT,23.3053
RBI:RATIO_LNGNFC_SAL_QTR_RN(1.0),N_A,243,QFY,2016,2015,500_TO_1000,CORM_TO_SAL,0,2016-03-31,RPT,54.5821
RBI:RATIO_LNGNFC_SAL_QTR_RN(1.0),N_A,243,QFY,2016,2015,500_TO_1000,CSH_CVG_RATIO,0,2016-03-31,RPT,2.602999
RBI:RATIO_LNGNFC_SAL_QTR_RN(1.0),N_A,243,QFY,2016,2015,500_TO_1000,EBITDA_TO_SAL,0,2016-03-31,RPT,13.2878
RBI:RATIO_LNGNFC_SAL_QTR_RN(1.0),N_A,243,QFY,2016,2015,500_TO_1000,EBIT_TO_SAL,0,2016-03-31,RPT,9.3932
RBI:RATIO_LNGNFC_SAL_QTR_RN(1.0),N_A,243,QFY,2016,2015,500_TO_1000,INT_BURDEN,0,2016-03-31,RPT,54.3456
RBI:RATIO_LNGNFC_SAL_QTR_RN(1.0),N_A,243,QFY,2016,2015,500_TO_1000,INT_CVG,0,2016-03-31,RPT,1.840077
RBI:RATIO_LNGNFC_SAL_QTR_RN(1.0),N_A,243,QFY,2016,2015,500_TO_1000,INT_TO_SAL,0,2016-03-31,RPT,5.1048
RBI:RATIO_LNGNFC_SAL_QTR_RN(1.0),N_A,243,QFY,2016,2015,500_TO_1000,NET_PFT_TO_SAL,0,2016-03-31,RPT,-0.0188
RBI:RATIO_LNGNFC_SAL_QTR_RN(1.0),N_A,243,QFY,2016,2015,500_TO_1000,OPR_PFTS_TO_SAL,0,2016-03-31,RPT,10.6735
RBI:RATIO_LNGNFC_SAL_QTR_RN(1.0),N_A,243,QFY,2016,2015,500_TO_1000,SC_TO_SAL,0,2016-03-31,RPT,9.2518
RBI:RATIO_LNGNFC_SAL_QTR_RN(1.0),N_A,243,QFY,2016,2015,500_TO_1000,TAX_PROV_TO_EBT,0,2016-03-31,RPT,23.0291
RBI:RATIO_LNGNFC_SAL_QTR_RN(1.0),N_A,304,QFY,2016,2015,50_TO_100,CORM_TO_SAL,0,2016-03-31,RPT,53.5938
RBI:RATIO_LNGNFC_SAL_QTR_RN(1.0),N_A,304,QFY,2016,2015,50_TO_100,CSH_CVG_RATIO,0,2016-03-31,RPT,0.609337
RBI:RATIO_LNGNFC_SAL_QTR_RN(1.0),N_A,304,QFY,2016,2015,50_TO_100,EBITDA_TO_SAL,0,2016-03-31,RPT,3.1168
RBI:RATIO_LNGNFC_SAL_QTR_RN(1.0),N_A,304,QFY,2016,2015,50_TO_100,EBIT_TO_SAL,0,2016-03-31,RPT,-1.745
RBI:RATIO_LNGNFC_SAL_QTR_RN(1.0),N_A,304,QFY,2016,2015,50_TO_100,INT_TO_SAL,0,2016-03-31,RPT,5.1151
RBI:RATIO_LNGNFC_SAL_QTR_RN(1.0),N_A,304,QFY,2016,2015,50_TO_100,NET_PFT_TO_SAL,0,2016-03-31,RPT,-9.0935
RBI:RATIO_LNGNFC_SAL_QTR_RN(1.0),N_A,304,QFY,2016,2015,50_TO_100,OPR_PFTS_TO_SAL,0,2016-03-31,RPT,-0.6463
RBI:RATIO_LNGNFC_SAL_QTR_RN(1.0),N_A,304,QFY,2016,2015,50_TO_100,SC_TO_SAL,0,2016-03-31,RPT,13.0023
RBI:RATIO_LNGNFC_SAL_QTR_RN(1.0),N_A,304,QFY,2016,2015,50_TO_100,TAX_PROV_TO_EBT,0,2016-03-31,RPT,25.3724
RBI:RATIO_LNGNFC_SAL_QTR_RN(1.0),N_A,2710,QFY,2016,2015,ALL_COMP,CORM_TO_SAL,0,2016-03-31,RPT,48.2178
RBI:RATIO_LNGNFC_SAL_QTR_RN(1.0),N_A,2710,QFY,2016,2015,ALL_COMP,CSH_CVG_RATIO,0,2016-03-31,RPT,4.184137
RBI:RATIO_LNGNFC_SAL_QTR_RN(1.0),N_A,2710,QFY,2016,2015,ALL_COMP,EBITDA_TO_SAL,0,2016-03-31,RPT,17.8918
RBI:RATIO_LNGNFC_SAL_QTR_RN(1.0),N_A,2710,QFY,2016,2015,ALL_COMP,EBIT_TO_SAL,0,2016-03-31,RPT,13.6888
RBI:RATIO_LNGNFC_SAL_QTR_RN(1.0),N_A,2710,QFY,2016,2015,ALL_COMP,INT_BURDEN,0,2016-03-31,RPT,31.238
RBI:RATIO_LNGNFC_SAL_QTR_RN(1.0),N_A,2710,QFY,2016,2015,ALL_COMP,INT_CVG,0,2016-03-31,RPT,3.201224
RBI:RATIO_LNGNFC_SAL_QTR_RN(1.0),N_A,2710,QFY,2016,2015,ALL_COMP,INT_TO_SAL,0,2016-03-31,RPT,4.2761
RBI:RATIO_LNGNFC_SAL_QTR_RN(1.0),N_A,2710,QFY,2016,2015,ALL_COMP,NET_PFT_TO_SAL,0,2016-03-31,RPT,5.9465
RBI:RATIO_LNGNFC_SAL_QTR_RN(1.0),N_A,2710,QFY,2016,2015,ALL_COMP,OPR_PFTS_TO_SAL,0,2016-03-31,RPT,15.0512
RBI:RATIO_LNGNFC_SAL_QTR_RN(1.0),N_A,2710,QFY,2016,2015,ALL_COMP,OTH_INC_NET_PFT,0,2016-03-31,RPT,47.7696
RBI:RATIO_LNGNFC_SAL_QTR_RN(1.0),N_A,2710,QFY,2016,2015,ALL_COMP,SC_TO_SAL,0,2016-03-31,RPT,9.2792
RBI:RATIO_LNGNFC_SAL_QTR_RN(1.0),N_A,2710,QFY,2016,2015,ALL_COMP,TAX_PROV_TO_EBT,0,2016-03-31,RPT,22.6888
RBI:RATIO_LNGNFC_SAL_QTR_RN(1.0),N_A,701,QFY,2016,2015,LES_CLS_THAN_25,CORM_TO_SAL,0,2016-03-31,RPT,60.6086
RBI:RATIO_LNGNFC_SAL_QTR_RN(1.0),N_A,701,QFY,2016,2015,LES_CLS_THAN_25,EBITDA_TO_SAL,0,2016-03-31,RPT,-100.5177
RBI:RATIO_LNGNFC_SAL_QTR_RN(1.0),N_A,701,QFY,2016,2015,LES_CLS_THAN_25,EBIT_TO_SAL,0,2016-03-31,RPT,-125.2577
RBI:RATIO_LNGNFC_SAL_QTR_RN(1.0),N_A,701,QFY,2016,2015,LES_CLS_THAN_25,INT_TO_SAL,0,2016-03-31,RPT,61.054
RBI:RATIO_LNGNFC_SAL_QTR_RN(1.0),N_A,701,QFY,2016,2015,LES_CLS_THAN_25,OPR_PFTS_TO_SAL,0,2016-03-31,RPT,-128.3438
RBI:RATIO_LNGNFC_SAL_QTR_RN(1.0),N_A,701,QFY,2016,2015,LES_CLS_THAN_25,SC_TO_SAL,0,2016-03-31,RPT,23.6807
RBI:RATIO_LNGNFC_SAL_QTR_RN(1.0),N_A,701,QFY,2016,2015,LES_CLS_THAN_25,TAX_PROV_TO_EBT,0,2016-03-31,RPT,23.8569
RBI:RATIO_LNGNFC_SAL_QTR_RN(1.0),N_A,487,QFY,2017,2016,100_N_ABOVE,CORM_TO_SAL,0,2016-06-30,RPT,47.893
RBI:RATIO_LNGNFC_SAL_QTR_RN(1.0),N_A,487,QFY,2017,2016,100_N_ABOVE,CSH_CVG_RATIO,0,2016-06-30,RPT,4.640407
RBI:RATIO_LNGNFC_SAL_QTR_RN(1.0),N_A,487,QFY,2017,2016,100_N_ABOVE,EBITDA_TO_SAL,0,2016-06-30,RPT,20.9388
RBI:RATIO_LNGNFC_SAL_QTR_RN(1.0),N_A,487,QFY,2017,2016,100_N_ABOVE,EBIT_TO_SAL,0,2016-06-30,RPT,16.5493
RBI:RATIO_LNGNFC_SAL_QTR_RN(1.0),N_A,487,QFY,2017,2016,100_N_ABOVE,INT_BURDEN,0,2016-06-30,RPT,27.2657
RBI:RATIO_LNGNFC_SAL_QTR_RN(1.0),N_A,487,QFY,2017,2016,100_N_ABOVE,INT_CVG,0,2016-06-30,RPT,3.667618
RBI:RATIO_LNGNFC_SAL_QTR_RN(1.0),N_A,487,QFY,2017,2016,100_N_ABOVE,INT_TO_SAL,0,2016-06-30,RPT,4.5123
RBI:RATIO_LNGNFC_SAL_QTR_RN(1.0),N_A,487,QFY,2017,2016,100_N_ABOVE,NET_PFT_TO_SAL,0,2016-06-30,RPT,8.8759
RBI:RATIO_LNGNFC_SAL_QTR_RN(1.0),N_A,487,QFY,2017,2016,100_N_ABOVE,OPR_PFTS_TO_SAL,0,2016-06-30,RPT,17.9373
RBI:RATIO_LNGNFC_SAL_QTR_RN(1.0),N_A,487,QFY,2017,2016,100_N_ABOVE,OTH_INC_NET_PFT,0,2016-06-30,RPT,33.8167
RBI:RATIO_LNGNFC_SAL_QTR_RN(1.0),N_A,487,QFY,2017,2016,100_N_ABOVE,SC_TO_SAL,0,2016-06-30,RPT,10.8875
RBI:RATIO_LNGNFC_SAL_QTR_RN(1.0),N_A,487,QFY,2017,2016,100_N_ABOVE,TAX_PROV_TO_EBT,0,2016-06-30,RPT,25.7808
RBI:RATIO_LNGNFC_SAL_QTR_RN(1.0),N_A,711,QFY,2017,2016,100_TO_500,CORM_TO_SAL,0,2016-06-30,RPT,52.0916
RBI:RATIO_LNGNFC_SAL_QTR_RN(1.0),N_A,711,QFY,2017,2016,100_TO_500,CSH_CVG_RATIO,0,2016-06-30,RPT,1.877843
RBI:RATIO_LNGNFC_SAL_QTR_RN(1.0),N_A,711,QFY,2017,2016,100_TO_500,EBITDA_TO_SAL,0,2016-06-30,RPT,13.2612
RBI:RATIO_LNGNFC_SAL_QTR_RN(1.0),N_A,711,QFY,2017,2016,100_TO_500,EBIT_TO_SAL,0,2016-06-30,RPT,8.9712
RBI:RATIO_LNGNFC_SAL_QTR_RN(1.0),N_A,711,QFY,2017,2016,100_TO_500,INT_BURDEN,0,2016-06-30,RPT,78.7175
RBI:RATIO_LNGNFC_SAL_QTR_RN(1.0),N_A,711,QFY,2017,2016,100_TO_500,INT_CVG,0,2016-06-30,RPT,1.270365
RBI:RATIO_LNGNFC_SAL_QTR_RN(1.0),N_A,711,QFY,2017,2016,100_TO_500,INT_TO_SAL,0,2016-06-30,RPT,7.0619
RBI:RATIO_LNGNFC_SAL_QTR_RN(1.0),N_A,711,QFY,2017,2016,100_TO_500,NET_PFT_TO_SAL,0,2016-06-30,RPT,0.2561
RBI:RATIO_LNGNFC_SAL_QTR_RN(1.0),N_A,711,QFY,2017,2016,100_TO_500,OPR_PFTS_TO_SAL,0,2016-06-30,RPT,10.3095
RBI:RATIO_LNGNFC_SAL_QTR_RN(1.0),N_A,711,QFY,2017,2016,100_TO_500,SC_TO_SAL,0,2016-06-30,RPT,10.7999
RBI:RATIO_LNGNFC_SAL_QTR_RN(1.0),N_A,711,QFY,2017,2016,100_TO_500,TAX_PROV_TO_EBT,0,2016-06-30,RPT,27.272
RBI:RATIO_LNGNFC_SAL_QTR_RN(1.0),N_A,251,QFY,2017,2016,25_TO_50,CORM_TO_SAL,0,2016-06-30,RPT,51.1418
RBI:RATIO_LNGNFC_SAL_QTR_RN(1.0),N_A,251,QFY,2017,2016,25_TO_50,CSH_CVG_RATIO,0,2016-06-30,RPT,0.424376
RBI:RATIO_LNGNFC_SAL_QTR_RN(1.0),N_A,251,QFY,2017,2016,25_TO_50,EBITDA_TO_SAL,0,2016-06-30,RPT,6.4492
RBI:RATIO_LNGNFC_SAL_QTR_RN(1.0),N_A,251,QFY,2017,2016,25_TO_50,EBIT_TO_SAL,0,2016-06-30,RPT,-0.6651
RBI:RATIO_LNGNFC_SAL_QTR_RN(1.0),N_A,251,QFY,2017,2016,25_TO_50,INT_TO_SAL,0,2016-06-30,RPT,15.1969
RBI:RATIO_LNGNFC_SAL_QTR_RN(1.0),N_A,251,QFY,2017,2016,25_TO_50,NET_PFT_TO_SAL,0,2016-06-30,RPT,-14.8564
RBI:RATIO_LNGNFC_SAL_QTR_RN(1.0),N_A,251,QFY,2017,2016,25_TO_50,OPR_PFTS_TO_SAL,0,2016-06-30,RPT,0.4064
RBI:RATIO_LNGNFC_SAL_QTR_RN(1.0),N_A,251,QFY,2017,2016,25_TO_50,SC_TO_SAL,0,2016-06-30,RPT,14.9052
RBI:RATIO_LNGNFC_SAL_QTR_RN(1.0),N_A,251,QFY,2017,2016,25_TO_50,TAX_PROV_TO_EBT,0,2016-06-30,RPT,13.7496
RBI:RATIO_LNGNFC_SAL_QTR_RN(1.0),N_A,232,QFY,2017,2016,500_TO_1000,CORM_TO_SAL,0,2016-06-30,RPT,51.1381
RBI:RATIO_LNGNFC_SAL_QTR_RN(1.0),N_A,232,QFY,2017,2016,500_TO_1000,CSH_CVG_RATIO,0,2016-06-30,RPT,2.291824
RBI:RATIO_LNGNFC_SAL_QTR_RN(1.0),N_A,232,QFY,2017,2016,500_TO_1000,EBITDA_TO_SAL,0,2016-06-30,RPT,14.2107
RBI:RATIO_LNGNFC_SAL_QTR_RN(1.0),N_A,232,QFY,2017,2016,500_TO_1000,EBIT_TO_SAL,0,2016-06-30,RPT,9.7197
RBI:RATIO_LNGNFC_SAL_QTR_RN(1.0),N_A,232,QFY,2017,2016,500_TO_1000,INT_BURDEN,0,2016-06-30,RPT,63.7942
RBI:RATIO_LNGNFC_SAL_QTR_RN(1.0),N_A,232,QFY,2017,2016,500_TO_1000,INT_CVG,0,2016-06-30,RPT,1.56754
RBI:RATIO_LNGNFC_SAL_QTR_RN(1.0),N_A,232,QFY,2017,2016,500_TO_1000,INT_TO_SAL,0,2016-06-30,RPT,6.2006
RBI:RATIO_LNGNFC_SAL_QTR_RN(1.0),N_A,232,QFY,2017,2016,500_TO_1000,NET_PFT_TO_SAL,0,2016-06-30,RPT,0.9922
RBI:RATIO_LNGNFC_SAL_QTR_RN(1.0),N_A,232,QFY,2017,2016,500_TO_1000,OPR_PFTS_TO_SAL,0,2016-06-30,RPT,12.1374
RBI:RATIO_LNGNFC_SAL_QTR_RN(1.0),N_A,232,QFY,2017,2016,500_TO_1000,SC_TO_SAL,0,2016-06-30,RPT,9.6858
RBI:RATIO_LNGNFC_SAL_QTR_RN(1.0),N_A,232,QFY,2017,2016,500_TO_1000,TAX_PROV_TO_EBT,0,2016-06-30,RPT,26.9323
RBI:RATIO_LNGNFC_SAL_QTR_RN(1.0),N_A,318,QFY,2017,2016,50_TO_100,CORM_TO_SAL,0,2016-06-30,RPT,53.2961
RBI:RATIO_LNGNFC_SAL_QTR_RN(1.0),N_A,318,QFY,2017,2016,50_TO_100,CSH_CVG_RATIO,0,2016-06-30,RPT,0.96274
RBI:RATIO_LNGNFC_SAL_QTR_RN(1.0),N_A,318,QFY,2017,2016,50_TO_100,EBITDA_TO_SAL,0,2016-06-30,RPT,9.0706
RBI:RATIO_LNGNFC_SAL_QTR_RN(1.0),N_A,318,QFY,2017,2016,50_TO_100,EBIT_TO_SAL,0,2016-06-30,RPT,4.1587
RBI:RATIO_LNGNFC_SAL_QTR_RN(1.0),N_A,318,QFY,2017,2016,50_TO_100,INT_CVG,0,2016-06-30,RPT,0.441395
RBI:RATIO_LNGNFC_SAL_QTR_RN(1.0),N_A,318,QFY,2017,2016,50_TO_100,INT_TO_SAL,0,2016-06-30,RPT,9.4217
RBI:RATIO_LNGNFC_SAL_QTR_RN(1.0),N_A,318,QFY,2017,2016,50_TO_100,NET_PFT_TO_SAL,0,2016-06-30,RPT,-7.3374
RBI:RATIO_LNGNFC_SAL_QTR_RN(1.0),N_A,318,QFY,2017,2016,50_TO_100,OPR_PFTS_TO_SAL,0,2016-06-30,RPT,4.8485
RBI:RATIO_LNGNFC_SAL_QTR_RN(1.0),N_A,318,QFY,2017,2016,50_TO_100,SC_TO_SAL,0,2016-06-30,RPT,14.3602
RBI:RATIO_LNGNFC_SAL_QTR_RN(1.0),N_A,318,QFY,2017,2016,50_TO_100,TAX_PROV_TO_EBT,0,2016-06-30,RPT,22.9451
RBI:RATIO_LNGNFC_SAL_QTR_RN(1.0),N_A,2775,QFY,2017,2016,ALL_COMP,CORM_TO_SAL,0,2016-06-30,RPT,48.4159
RBI:RATIO_LNGNFC_SAL_QTR_RN(1.0),N_A,2775,QFY,2017,2016,ALL_COMP,CSH_CVG_RATIO,0,2016-06-30,RPT,4.081564
RBI:RATIO_LNGNFC_SAL_QTR_RN(1.0),N_A,2775,QFY,2017,2016,ALL_COMP,EBITDA_TO_SAL,0,2016-06-30,RPT,19.9517
RBI:RATIO_LNGNFC_SAL_QTR_RN(1.0),N_A,2775,QFY,2017,2016,ALL_COMP,EBIT_TO_SAL,0,2016-06-30,RPT,15.5212
RBI:RATIO_LNGNFC_SAL_QTR_RN(1.0),N_A,2775,QFY,2017,2016,ALL_COMP,INT_BURDEN,0,2016-06-30,RPT,31.494
RBI:RATIO_LNGNFC_SAL_QTR_RN(1.0),N_A,2775,QFY,2017,2016,ALL_COMP,INT_CVG,0,2016-06-30,RPT,3.175207
RBI:RATIO_LNGNFC_SAL_QTR_RN(1.0),N_A,2775,QFY,2017,2016,ALL_COMP,INT_TO_SAL,0,2016-06-30,RPT,4.8883
RBI:RATIO_LNGNFC_SAL_QTR_RN(1.0),N_A,2775,QFY,2017,2016,ALL_COMP,NET_PFT_TO_SAL,0,2016-06-30,RPT,7.4838
RBI:RATIO_LNGNFC_SAL_QTR_RN(1.0),N_A,2775,QFY,2017,2016,ALL_COMP,OPR_PFTS_TO_SAL,0,2016-06-30,RPT,16.9525
RBI:RATIO_LNGNFC_SAL_QTR_RN(1.0),N_A,2775,QFY,2017,2016,ALL_COMP,OTH_INC_NET_PFT,0,2016-06-30,RPT,40.0772
RBI:RATIO_LNGNFC_SAL_QTR_RN(1.0),N_A,2775,QFY,2017,2016,ALL_COMP,SC_TO_SAL,0,2016-06-30,RPT,10.8736
RBI:RATIO_LNGNFC_SAL_QTR_RN(1.0),N_A,2775,QFY,2017,2016,ALL_COMP,TAX_PROV_TO_EBT,0,2016-06-30,RPT,25.8316
RBI:RATIO_LNGNFC_SAL_QTR_RN(1.0),N_A,776,QFY,2017,2016,LES_CLS_THAN_25,CORM_TO_SAL,0,2016-06-30,RPT,51.9613
RBI:RATIO_LNGNFC_SAL_QTR_RN(1.0),N_A,776,QFY,2017,2016,LES_CLS_THAN_25,CSH_CVG_RATIO,0,2016-06-30,RPT,0.307104
RBI:RATIO_LNGNFC_SAL_QTR_RN(1.0),N_A,776,QFY,2017,2016,LES_CLS_THAN_25,EBITDA_TO_SAL,0,2016-06-30,RPT,10.6252
RBI:RATIO_LNGNFC_SAL_QTR_RN(1.0),N_A,776,QFY,2017,2016,LES_CLS_THAN_25,EBIT_TO_SAL,0,2016-06-30,RPT,-8.2424
RBI:RATIO_LNGNFC_SAL_QTR_RN(1.0),N_A,776,QFY,2017,2016,LES_CLS_THAN_25,INT_TO_SAL,0,2016-06-30,RPT,34.5981
RBI:RATIO_LNGNFC_SAL_QTR_RN(1.0),N_A,776,QFY,2017,2016,LES_CLS_THAN_25,NET_PFT_TO_SAL,0,2016-06-30,RPT,-113.4477
RBI:RATIO_LNGNFC_SAL_QTR_RN(1.0),N_A,776,QFY,2017,2016,LES_CLS_THAN_25,OPR_PFTS_TO_SAL,0,2016-06-30,RPT,-9.3041
RBI:RATIO_LNGNFC_SAL_QTR_RN(1.0),N_A,776,QFY,2017,2016,LES_CLS_THAN_25,SC_TO_SAL,0,2016-06-30,RPT,20.9692
RBI:RATIO_LNGNFC_SAL_QTR_RN(1.0),N_A,776,QFY,2017,2016,LES_CLS_THAN_25,TAX_PROV_TO_EBT,0,2016-06-30,RPT,18.3704
RBI:RATIO_LNGNFC_SAL_QTR_RN(1.0),N_A,464,QFY,2017,2016,100_N_ABOVE,CORM_TO_SAL,0,2016-09-30,RPT,48.086
RBI:RATIO_LNGNFC_SAL_QTR_RN(1.0),N_A,464,QFY,2017,2016,100_N_ABOVE,CSH_CVG_RATIO,0,2016-09-30,RPT,5.592298
RBI:RATIO_LNGNFC_SAL_QTR_RN(1.0),N_A,464,QFY,2017,2016,100_N_ABOVE,EBITDA_TO_SAL,0,2016-09-30,RPT,20.9402
RBI:RATIO_LNGNFC_SAL_QTR_RN(1.0),N_A,464,QFY,2017,2016,100_N_ABOVE,EBIT_TO_SAL,0,2016-09-30,RPT,16.4855
RBI:RATIO_LNGNFC_SAL_QTR_RN(1.0),N_A,464,QFY,2017,2016,100_N_ABOVE,INT_BURDEN,0,2016-09-30,RPT,22.7138
RBI:RATIO_LNGNFC_SAL_QTR_RN(1.0),N_A,464,QFY,2017,2016,100_N_ABOVE,INT_CVG,0,2016-09-30,RPT,4.402608
RBI:RATIO_LNGNFC_SAL_QTR_RN(1.0),N_A,464,QFY,2017,2016,100_N_ABOVE,INT_TO_SAL,0,2016-09-30,RPT,3.7445
RBI:RATIO_LNGNFC_SAL_QTR_RN(1.0),N_A,464,QFY,2017,2016,100_N_ABOVE,NET_PFT_TO_SAL,0,2016-09-30,RPT,9.9035
RBI:RATIO_LNGNFC_SAL_QTR_RN(1.0),N_A,464,QFY,2017,2016,100_N_ABOVE,OPR_PFTS_TO_SAL,0,2016-09-30,RPT,17.4552
RBI:RATIO_LNGNFC_SAL_QTR_RN(1.0),N_A,464,QFY,2017,2016,100_N_ABOVE,OTH_INC_NET_PFT,0,2016-09-30,RPT,35.1902
RBI:RATIO_LNGNFC_SAL_QTR_RN(1.0),N_A,464,QFY,2017,2016,100_N_ABOVE,SC_TO_SAL,0,2016-09-30,RPT,11.3721
RBI:RATIO_LNGNFC_SAL_QTR_RN(1.0),N_A,464,QFY,2017,2016,100_N_ABOVE,TAX_PROV_TO_EBT,0,2016-09-30,RPT,25.1845
RBI:RATIO_LNGNFC_SAL_QTR_RN(1.0),N_A,690,QFY,2017,2016,100_TO_500,CORM_TO_SAL,0,2016-09-30,RPT,50.7908
RBI:RATIO_LNGNFC_SAL_QTR_RN(1.0),N_A,690,QFY,2017,2016,100_TO_500,CSH_CVG_RATIO,0,2016-09-30,RPT,2.777819
RBI:RATIO_LNGNFC_SAL_QTR_RN(1.0),N_A,690,QFY,2017,2016,100_TO_500,EBITDA_TO_SAL,0,2016-09-30,RPT,14.0906
RBI:RATIO_LNGNFC_SAL_QTR_RN(1.0),N_A,690,QFY,2017,2016,100_TO_500,EBIT_TO_SAL,0,2016-09-30,RPT,10.3376
RBI:RATIO_LNGNFC_SAL_QTR_RN(1.0),N_A,690,QFY,2017,2016,100_TO_500,INT_BURDEN,0,2016-09-30,RPT,49.0691
RBI:RATIO_LNGNFC_SAL_QTR_RN(1.0),N_A,690,QFY,2017,2016,100_TO_500,INT_CVG,0,2016-09-30,RPT,2.037944
RBI:RATIO_LNGNFC_SAL_QTR_RN(1.0),N_A,690,QFY,2017,2016,100_TO_500,INT_TO_SAL,0,2016-09-30,RPT,5.0726
RBI:RATIO_LNGNFC_SAL_QTR_RN(1.0),N_A,690,QFY,2017,2016,100_TO_500,NET_PFT_TO_SAL,0,2016-09-30,RPT,2.1514
RBI:RATIO_LNGNFC_SAL_QTR_RN(1.0),N_A,690,QFY,2017,2016,100_TO_500,OPR_PFTS_TO_SAL,0,2016-09-30,RPT,11.2918
RBI:RATIO_LNGNFC_SAL_QTR_RN(1.0),N_A,690,QFY,2017,2016,100_TO_500,OTH_INC_NET_PFT,0,2016-09-30,RPT,130.0933
RBI:RATIO_LNGNFC_SAL_QTR_RN(1.0),N_A,690,QFY,2017,2016,100_TO_500,SC_TO_SAL,0,2016-09-30,RPT,10.8792
RBI:RATIO_LNGNFC_SAL_QTR_RN(1.0),N_A,690,QFY,2017,2016,100_TO_500,TAX_PROV_TO_EBT,0,2016-09-30,RPT,25.9013
RBI:RATIO_LNGNFC_SAL_QTR_RN(1.0),N_A,273,QFY,2017,2016,25_TO_50,CORM_TO_SAL,0,2016-09-30,RPT,49.0795
RBI:RATIO_LNGNFC_SAL_QTR_RN(1.0),N_A,273,QFY,2017,2016,25_TO_50,CSH_CVG_RATIO,0,2016-09-30,RPT,0.867496
RBI:RATIO_LNGNFC_SAL_QTR_RN(1.0),N_A,273,QFY,2017,2016,25_TO_50,EBITDA_TO_SAL,0,2016-09-30,RPT,12.5173
RBI:RATIO_LNGNFC_SAL_QTR_RN(1.0),N_A,273,QFY,2017,2016,25_TO_50,EBIT_TO_SAL,0,2016-09-30,RPT,3.972
RBI:RATIO_LNGNFC_SAL_QTR_RN(1.0),N_A,273,QFY,2017,2016,25_TO_50,INT_CVG,0,2016-09-30,RPT,0.275273
RBI:RATIO_LNGNFC_SAL_QTR_RN(1.0),N_A,273,QFY,2017,2016,25_TO_50,INT_TO_SAL,0,2016-09-30,RPT,14.4292
RBI:RATIO_LNGNFC_SAL_QTR_RN(1.0),N_A,273,QFY,2017,2016,25_TO_50,NET_PFT_TO_SAL,0,2016-09-30,RPT,-14.7609
RBI:RATIO_LNGNFC_SAL_QTR_RN(1.0),N_A,273,QFY,2017,2016,25_TO_50,OPR_PFTS_TO_SAL,0,2016-09-30,RPT,4.0424
RBI:RATIO_LNGNFC_SAL_QTR_RN(1.0),N_A,273,QFY,2017,2016,25_TO_50,SC_TO_SAL,0,2016-09-30,RPT,15.33
RBI:RATIO_LNGNFC_SAL_QTR_RN(1.0),N_A,273,QFY,2017,2016,25_TO_50,TAX_PROV_TO_EBT,0,2016-09-30,RPT,21.2045
RBI:RATIO_LNGNFC_SAL_QTR_RN(1.0),N_A,232,QFY,2017,2016,500_TO_1000,CORM_TO_SAL,0,2016-09-30,RPT,51.8451
RBI:RATIO_LNGNFC_SAL_QTR_RN(1.0),N_A,232,QFY,2017,2016,500_TO_1000,CSH_CVG_RATIO,0,2016-09-30,RPT,2.293117
RBI:RATIO_LNGNFC_SAL_QTR_RN(1.0),N_A,232,QFY,2017,2016,500_TO_1000,EBITDA_TO_SAL,0,2016-09-30,RPT,14.0671
RBI:RATIO_LNGNFC_SAL_QTR_RN(1.0),N_A,232,QFY,2017,2016,500_TO_1000,EBIT_TO_SAL,0,2016-09-30,RPT,9.8932
RBI:RATIO_LNGNFC_SAL_QTR_RN(1.0),N_A,232,QFY,2017,2016,500_TO_1000,INT_BURDEN,0,2016-09-30,RPT,62.0073
RBI:RATIO_LNGNFC_SAL_QTR_RN(1.0),N_A,232,QFY,2017,2016,500_TO_1000,INT_CVG,0,2016-09-30,RPT,1.612714
RBI:RATIO_LNGNFC_SAL_QTR_RN(1.0),N_A,232,QFY,2017,2016,500_TO_1000,INT_TO_SAL,0,2016-09-30,RPT,6.1345
RBI:RATIO_LNGNFC_SAL_QTR_RN(1.0),N_A,232,QFY,2017,2016,500_TO_1000,NET_PFT_TO_SAL,0,2016-09-30,RPT,2.1832
RBI:RATIO_LNGNFC_SAL_QTR_RN(1.0),N_A,232,QFY,2017,2016,500_TO_1000,OPR_PFTS_TO_SAL,0,2016-09-30,RPT,11.3908
RBI:RATIO_LNGNFC_SAL_QTR_RN(1.0),N_A,232,QFY,2017,2016,500_TO_1000,OTH_INC_NET_PFT,0,2016-09-30,RPT,122.5845
RBI:RATIO_LNGNFC_SAL_QTR_RN(1.0),N_A,232,QFY,2017,2016,500_TO_1000,SC_TO_SAL,0,2016-09-30,RPT,10.0075
RBI:RATIO_LNGNFC_SAL_QTR_RN(1.0),N_A,232,QFY,2017,2016,500_TO_1000,TAX_PROV_TO_EBT,0,2016-09-30,RPT,25.2324
RBI:RATIO_LNGNFC_SAL_QTR_RN(1.0),N_A,313,QFY,2017,2016,50_TO_100,CORM_TO_SAL,0,2016-09-30,RPT,53.0643
RBI:RATIO_LNGNFC_SAL_QTR_RN(1.0),N_A,313,QFY,2017,2016,50_TO_100,CSH_CVG_RATIO,0,2016-09-30,RPT,0.847148
RBI:RATIO_LNGNFC_SAL_QTR_RN(1.0),N_A,313,QFY,2017,2016,50_TO_100,EBITDA_TO_SAL,0,2016-09-30,RPT,7.3155
RBI:RATIO_LNGNFC_SAL_QTR_RN(1.0),N_A,313,QFY,2017,2016,50_TO_100,EBIT_TO_SAL,0,2016-09-30,RPT,1.9994
RBI:RATIO_LNGNFC_SAL_QTR_RN(1.0),N_A,313,QFY,2017,2016,50_TO_100,INT_CVG,0,2016-09-30,RPT,0.231533
RBI:RATIO_LNGNFC_SAL_QTR_RN(1.0),N_A,313,QFY,2017,2016,50_TO_100,INT_TO_SAL,0,2016-09-30,RPT,8.6354
RBI:RATIO_LNGNFC_SAL_QTR_RN(1.0),N_A,313,QFY,2017,2016,50_TO_100,NET_PFT_TO_SAL,0,2016-09-30,RPT,-10.2696
RBI:RATIO_LNGNFC_SAL_QTR_RN(1.0),N_A,313,QFY,2017,2016,50_TO_100,OPR_PFTS_TO_SAL,0,2016-09-30,RPT,3.6056
RBI:RATIO_LNGNFC_SAL_QTR_RN(1.0),N_A,313,QFY,2017,2016,50_TO_100,SC_TO_SAL,0,2016-09-30,RPT,12.8955
RBI:RATIO_LNGNFC_SAL_QTR_RN(1.0),N_A,313,QFY,2017,2016,50_TO_100,TAX_PROV_TO_EBT,0,2016-09-30,RPT,21.5321
RBI:RATIO_LNGNFC_SAL_QTR_RN(1.0),N_A,2702,QFY,2017,2016,ALL_COMP,CORM_TO_SAL,0,2016-09-30,RPT,48.5271
RBI:RATIO_LNGNFC_SAL_QTR_RN(1.0),N_A,2702,QFY,2017,2016,ALL_COMP,CSH_CVG_RATIO,0,2016-09-30,RPT,4.908053
RBI:RATIO_LNGNFC_SAL_QTR_RN(1.0),N_A,2702,QFY,2017,2016,ALL_COMP,EBITDA_TO_SAL,0,2016-09-30,RPT,19.9955
RBI:RATIO_LNGNFC_SAL_QTR_RN(1.0),N_A,2702,QFY,2017,2016,ALL_COMP,EBIT_TO_SAL,0,2016-09-30,RPT,15.5587
RBI:RATIO_LNGNFC_SAL_QTR_RN(1.0),N_A,2702,QFY,2017,2016,ALL_COMP,INT_BURDEN,0,2016-09-30,RPT,26.1848
RBI:RATIO_LNGNFC_SAL_QTR_RN(1.0),N_A,2702,QFY,2017,2016,ALL_COMP,INT_CVG,0,2016-09-30,RPT,3.819014
RBI:RATIO_LNGNFC_SAL_QTR_RN(1.0),N_A,2702,QFY,2017,2016,ALL_COMP,INT_TO_SAL,0,2016-09-30,RPT,4.074
RBI:RATIO_LNGNFC_SAL_QTR_RN(1.0),N_A,2702,QFY,2017,2016,ALL_COMP,NET_PFT_TO_SAL,0,2016-09-30,RPT,8.6839
RBI:RATIO_LNGNFC_SAL_QTR_RN(1.0),N_A,2702,QFY,2017,2016,ALL_COMP,OPR_PFTS_TO_SAL,0,2016-09-30,RPT,16.5578
RBI:RATIO_LNGNFC_SAL_QTR_RN(1.0),N_A,2702,QFY,2017,2016,ALL_COMP,OTH_INC_NET_PFT,0,2016-09-30,RPT,39.5868
RBI:RATIO_LNGNFC_SAL_QTR_RN(1.0),N_A,2702,QFY,2017,2016,ALL_COMP,SC_TO_SAL,0,2016-09-30,RPT,11.3081
RBI:RATIO_LNGNFC_SAL_QTR_RN(1.0),N_A,2702,QFY,2017,2016,ALL_COMP,TAX_PROV_TO_EBT,0,2016-09-30,RPT,25.1744
RBI:RATIO_LNGNFC_SAL_QTR_RN(1.0),N_A,730,QFY,2017,2016,LES_CLS_THAN_25,CORM_TO_SAL,0,2016-09-30,RPT,52.7496
RBI:RATIO_LNGNFC_SAL_QTR_RN(1.0),N_A,730,QFY,2017,2016,LES_CLS_THAN_25,CSH_CVG_RATIO,0,2016-09-30,RPT,0.078358
RBI:RATIO_LNGNFC_SAL_QTR_RN(1.0),N_A,730,QFY,2017,2016,LES_CLS_THAN_25,EBITDA_TO_SAL,0,2016-09-30,RPT,2.3864
RBI:RATIO_LNGNFC_SAL_QTR_RN(1.0),N_A,730,QFY,2017,2016,LES_CLS_THAN_25,EBIT_TO_SAL,0,2016-09-30,RPT,-12.4115
RBI:RATIO_LNGNFC_SAL_QTR_RN(1.0),N_A,730,QFY,2017,2016,LES_CLS_THAN_25,INT_TO_SAL,0,2016-09-30,RPT,30.4546
RBI:RATIO_LNGNFC_SAL_QTR_RN(1.0),N_A,730,QFY,2017,2016,LES_CLS_THAN_25,NET_PFT_TO_SAL,0,2016-09-30,RPT,-48.8776
RBI:RATIO_LNGNFC_SAL_QTR_RN(1.0),N_A,730,QFY,2017,2016,LES_CLS_THAN_25,OPR_PFTS_TO_SAL,0,2016-09-30,RPT,-11.8343
RBI:RATIO_LNGNFC_SAL_QTR_RN(1.0),N_A,730,QFY,2017,2016,LES_CLS_THAN_25,SC_TO_SAL,0,2016-09-30,RPT,20.824
RBI:RATIO_LNGNFC_SAL_QTR_RN(1.0),N_A,730,QFY,2017,2016,LES_CLS_THAN_25,TAX_PROV_TO_EBT,0,2016-09-30,RPT,11.1712
RBI:RATIO_LNGNFC_SAL_QTR_RN(1.0),N_A,478,QFY,2017,2016,100_N_ABOVE,CORM_TO_SAL,0,2016-12-31,RPT,50.9438
RBI:RATIO_LNGNFC_SAL_QTR_RN(1.0),N_A,478,QFY,2017,2016,100_N_ABOVE,CSH_CVG_RATIO,0,2016-12-31,RPT,4.490753
RBI:RATIO_LNGNFC_SAL_QTR_RN(1.0),N_A,478,QFY,2017,2016,100_N_ABOVE,EBITDA_TO_SAL,0,2016-12-31,RPT,19.8612
RBI:RATIO_LNGNFC_SAL_QTR_RN(1.0),N_A,478,QFY,2017,2016,100_N_ABOVE,EBIT_TO_SAL,0,2016-12-31,RPT,15.4044
RBI:RATIO_LNGNFC_SAL_QTR_RN(1.0),N_A,478,QFY,2017,2016,100_N_ABOVE,INT_BURDEN,0,2016-12-31,RPT,28.7106
RBI:RATIO_LNGNFC_SAL_QTR_RN(1.0),N_A,478,QFY,2017,2016,100_N_ABOVE,INT_CVG,0,2016-12-31,RPT,3.483031
RBI:RATIO_LNGNFC_SAL_QTR_RN(1.0),N_A,478,QFY,2017,2016,100_N_ABOVE,INT_TO_SAL,0,2016-12-31,RPT,4.4227
RBI:RATIO_LNGNFC_SAL_QTR_RN(1.0),N_A,478,QFY,2017,2016,100_N_ABOVE,NET_PFT_TO_SAL,0,2016-12-31,RPT,8.3047
RBI:RATIO_LNGNFC_SAL_QTR_RN(1.0),N_A,478,QFY,2017,2016,100_N_ABOVE,OPR_PFTS_TO_SAL,0,2016-12-31,RPT,16.8535
RBI:RATIO_LNGNFC_SAL_QTR_RN(1.0),N_A,478,QFY,2017,2016,100_N_ABOVE,OTH_INC_NET_PFT,0,2016-12-31,RPT,36.217
RBI:RATIO_LNGNFC_SAL_QTR_RN(1.0),N_A,478,QFY,2017,2016,100_N_ABOVE,SC_TO_SAL,0,2016-12-31,RPT,10.6553
RBI:RATIO_LNGNFC_SAL_QTR_RN(1.0),N_A,478,QFY,2017,2016,100_N_ABOVE,TAX_PROV_TO_EBT,0,2016-12-31,RPT,24.6459
RBI:RATIO_LNGNFC_SAL_QTR_RN(1.0),N_A,700,QFY,2017,2016,100_TO_500,CORM_TO_SAL,0,2016-12-31,RPT,54.0758
RBI:RATIO_LNGNFC_SAL_QTR_RN(1.0),N_A,700,QFY,2017,2016,100_TO_500,CSH_CVG_RATIO,0,2016-12-31,RPT,1.915954
RBI:RATIO_LNGNFC_SAL_QTR_RN(1.0),N_A,700,QFY,2017,2016,100_TO_500,EBITDA_TO_SAL,0,2016-12-31,RPT,12.1149
RBI:RATIO_LNGNFC_SAL_QTR_RN(1.0),N_A,700,QFY,2017,2016,100_TO_500,EBIT_TO_SAL,0,2016-12-31,RPT,7.8687
RBI:RATIO_LNGNFC_SAL_QTR_RN(1.0),N_A,700,QFY,2017,2016,100_TO_500,INT_BURDEN,0,2016-12-31,RPT,80.3583
RBI:RATIO_LNGNFC_SAL_QTR_RN(1.0),N_A,700,QFY,2017,2016,100_TO_500,INT_CVG,0,2016-12-31,RPT,1.244427
RBI:RATIO_LNGNFC_SAL_QTR_RN(1.0),N_A,700,QFY,2017,2016,100_TO_500,INT_TO_SAL,0,2016-12-31,RPT,6.3231
RBI:RATIO_LNGNFC_SAL_QTR_RN(1.0),N_A,700,QFY,2017,2016,100_TO_500,NET_PFT_TO_SAL,0,2016-12-31,RPT,-1.286
RBI:RATIO_LNGNFC_SAL_QTR_RN(1.0),N_A,700,QFY,2017,2016,100_TO_500,OPR_PFTS_TO_SAL,0,2016-12-31,RPT,9.4581
RBI:RATIO_LNGNFC_SAL_QTR_RN(1.0),N_A,700,QFY,2017,2016,100_TO_500,SC_TO_SAL,0,2016-12-31,RPT,11.4518
RBI:RATIO_LNGNFC_SAL_QTR_RN(1.0),N_A,700,QFY,2017,2016,100_TO_500,TAX_PROV_TO_EBT,0,2016-12-31,RPT,26.3957
RBI:RATIO_LNGNFC_SAL_QTR_RN(1.0),N_A,254,QFY,2017,2016,25_TO_50,CORM_TO_SAL,0,2016-12-31,RPT,54.6174
RBI:RATIO_LNGNFC_SAL_QTR_RN(1.0),N_A,254,QFY,2017,2016,25_TO_50,CSH_CVG_RATIO,0,2016-12-31,RPT,0.356547
RBI:RATIO_LNGNFC_SAL_QTR_RN(1.0),N_A,254,QFY,2017,2016,25_TO_50,EBITDA_TO_SAL,0,2016-12-31,RPT,9.2883
RBI:RATIO_LNGNFC_SAL_QTR_RN(1.0),N_A,254,QFY,2017,2016,25_TO_50,EBIT_TO_SAL,0,2016-12-31,RPT,0.1639
RBI:RATIO_LNGNFC_SAL_QTR_RN(1.0),N_A,254,QFY,2017,2016,25_TO_50,INT_CVG,0,2016-12-31,RPT,0.006292
RBI:RATIO_LNGNFC_SAL_QTR_RN(1.0),N_A,254,QFY,2017,2016,25_TO_50,INT_TO_SAL,0,2016-12-31,RPT,26.0507
RBI:RATIO_LNGNFC_SAL_QTR_RN(1.0),N_A,254,QFY,2017,2016,25_TO_50,NET_PFT_TO_SAL,0,2016-12-31,RPT,-32.2948
RBI:RATIO_LNGNFC_SAL_QTR_RN(1.0),N_A,254,QFY,2017,2016,25_TO_50,OPR_PFTS_TO_SAL,0,2016-12-31,RPT,0.3683
RBI:RATIO_LNGNFC_SAL_QTR_RN(1.0),N_A,254,QFY,2017,2016,25_TO_50,SC_TO_SAL,0,2016-12-31,RPT,14.4363
RBI:RATIO_LNGNFC_SAL_QTR_RN(1.0),N_A,254,QFY,2017,2016,25_TO_50,TAX_PROV_TO_EBT,0,2016-12-31,RPT,19.3188
RBI:RATIO_LNGNFC_SAL_QTR_RN(1.0),N_A,256,QFY,2017,2016,500_TO_1000,CORM_TO_SAL,0,2016-12-31,RPT,53.8912
RBI:RATIO_LNGNFC_SAL_QTR_RN(1.0),N_A,256,QFY,2017,2016,500_TO_1000,CSH_CVG_RATIO,0,2016-12-31,RPT,1.83672
RBI:RATIO_LNGNFC_SAL_QTR_RN(1.0),N_A,256,QFY,2017,2016,500_TO_1000,EBITDA_TO_SAL,0,2016-12-31,RPT,14.1982
RBI:RATIO_LNGNFC_SAL_QTR_RN(1.0),N_A,256,QFY,2017,2016,500_TO_1000,EBIT_TO_SAL,0,2016-12-31,RPT,9.792
RBI:RATIO_LNGNFC_SAL_QTR_RN(1.0),N_A,256,QFY,2017,2016,500_TO_1000,INT_BURDEN,0,2016-12-31,RPT,78.9441
RBI:RATIO_LNGNFC_SAL_QTR_RN(1.0),N_A,256,QFY,2017,2016,500_TO_1000,INT_CVG,0,2016-12-31,RPT,1.266719
RBI:RATIO_LNGNFC_SAL_QTR_RN(1.0),N_A,256,QFY,2017,2016,500_TO_1000,INT_TO_SAL,0,2016-12-31,RPT,7.7302
RBI:RATIO_LNGNFC_SAL_QTR_RN(1.0),N_A,256,QFY,2017,2016,500_TO_1000,NET_PFT_TO_SAL,0,2016-12-31,RPT,-0.8129
RBI:RATIO_LNGNFC_SAL_QTR_RN(1.0),N_A,256,QFY,2017,2016,500_TO_1000,OPR_PFTS_TO_SAL,0,2016-12-31,RPT,11.5967
RBI:RATIO_LNGNFC_SAL_QTR_RN(1.0),N_A,256,QFY,2017,2016,500_TO_1000,SC_TO_SAL,0,2016-12-31,RPT,9.3221
RBI:RATIO_LNGNFC_SAL_QTR_RN(1.0),N_A,256,QFY,2017,2016,500_TO_1000,TAX_PROV_TO_EBT,0,2016-12-31,RPT,26.3873
RBI:RATIO_LNGNFC_SAL_QTR_RN(1.0),N_A,327,QFY,2017,2016,50_TO_100,CORM_TO_SAL,0,2016-12-31,RPT,54.0464
RBI:RATIO_LNGNFC_SAL_QTR_RN(1.0),N_A,327,QFY,2017,2016,50_TO_100,CSH_CVG_RATIO,0,2016-12-31,RPT,0.614794
RBI:RATIO_LNGNFC_SAL_QTR_RN(1.0),N_A,327,QFY,2017,2016,50_TO_100,EBITDA_TO_SAL,0,2016-12-31,RPT,10.9161
RBI:RATIO_LNGNFC_SAL_QTR_RN(1.0),N_A,327,QFY,2017,2016,50_TO_100,EBIT_TO_SAL,0,2016-12-31,RPT,5.3271
RBI:RATIO_LNGNFC_SAL_QTR_RN(1.0),N_A,327,QFY,2017,2016,50_TO_100,INT_CVG,0,2016-12-31,RPT,0.30002
RBI:RATIO_LNGNFC_SAL_QTR_RN(1.0),N_A,327,QFY,2017,2016,50_TO_100,INT_TO_SAL,0,2016-12-31,RPT,17.7557
RBI:RATIO_LNGNFC_SAL_QTR_RN(1.0),N_A,327,QFY,2017,2016,50_TO_100,NET_PFT_TO_SAL,0,2016-12-31,RPT,-14.3987
RBI:RATIO_LNGNFC_SAL_QTR_RN(1.0),N_A,327,QFY,2017,2016,50_TO_100,OPR_PFTS_TO_SAL,0,2016-12-31,RPT,4.1216
RBI:RATIO_LNGNFC_SAL_QTR_RN(1.0),N_A,327,QFY,2017,2016,50_TO_100,SC_TO_SAL,0,2016-12-31,RPT,13.7631
RBI:RATIO_LNGNFC_SAL_QTR_RN(1.0),N_A,327,QFY,2017,2016,50_TO_100,TAX_PROV_TO_EBT,0,2016-12-31,RPT,24.6769
RBI:RATIO_LNGNFC_SAL_QTR_RN(1.0),N_A,2784,QFY,2017,2016,ALL_COMP,CORM_TO_SAL,0,2016-12-31,RPT,51.3621
RBI:RATIO_LNGNFC_SAL_QTR_RN(1.0),N_A,2784,QFY,2017,2016,ALL_COMP,CSH_CVG_RATIO,0,2016-12-31,RPT,3.838083
RBI:RATIO_LNGNFC_SAL_QTR_RN(1.0),N_A,2784,QFY,2017,2016,ALL_COMP,EBITDA_TO_SAL,0,2016-12-31,RPT,18.9555
RBI:RATIO_LNGNFC_SAL_QTR_RN(1.0),N_A,2784,QFY,2017,2016,ALL_COMP,EBIT_TO_SAL,0,2016-12-31,RPT,14.4688
RBI:RATIO_LNGNFC_SAL_QTR_RN(1.0),N_A,2784,QFY,2017,2016,ALL_COMP,INT_BURDEN,0,2016-12-31,RPT,34.134
RBI:RATIO_LNGNFC_SAL_QTR_RN(1.0),N_A,2784,QFY,2017,2016,ALL_COMP,INT_CVG,0,2016-12-31,RPT,2.92963
RBI:RATIO_LNGNFC_SAL_QTR_RN(1.0),N_A,2784,QFY,2017,2016,ALL_COMP,INT_TO_SAL,0,2016-12-31,RPT,4.9388
RBI:RATIO_LNGNFC_SAL_QTR_RN(1.0),N_A,2784,QFY,2017,2016,ALL_COMP,NET_PFT_TO_SAL,0,2016-12-31,RPT,6.836
RBI:RATIO_LNGNFC_SAL_QTR_RN(1.0),N_A,2784,QFY,2017,2016,ALL_COMP,OPR_PFTS_TO_SAL,0,2016-12-31,RPT,15.9307
RBI:RATIO_LNGNFC_SAL_QTR_RN(1.0),N_A,2784,QFY,2017,2016,ALL_COMP,OTH_INC_NET_PFT,0,2016-12-31,RPT,44.2481
RBI:RATIO_LNGNFC_SAL_QTR_RN(1.0),N_A,2784,QFY,2017,2016,ALL_COMP,SC_TO_SAL,0,2016-12-31,RPT,10.6756
RBI:RATIO_LNGNFC_SAL_QTR_RN(1.0),N_A,2784,QFY,2017,2016,ALL_COMP,TAX_PROV_TO_EBT,0,2016-12-31,RPT,24.7548
RBI:RATIO_LNGNFC_SAL_QTR_RN(1.0),N_A,769,QFY,2017,2016,LES_CLS_THAN_25,CORM_TO_SAL,0,2016-12-31,RPT,52.1921
RBI:RATIO_LNGNFC_SAL_QTR_RN(1.0),N_A,769,QFY,2017,2016,LES_CLS_THAN_25,EBITDA_TO_SAL,0,2016-12-31,RPT,-0.3207
RBI:RATIO_LNGNFC_SAL_QTR_RN(1.0),N_A,769,QFY,2017,2016,LES_CLS_THAN_25,EBIT_TO_SAL,0,2016-12-31,RPT,-16.3377
RBI:RATIO_LNGNFC_SAL_QTR_RN(1.0),N_A,769,QFY,2017,2016,LES_CLS_THAN_25,INT_TO_SAL,0,2016-12-31,RPT,29.1738
RBI:RATIO_LNGNFC_SAL_QTR_RN(1.0),N_A,769,QFY,2017,2016,LES_CLS_THAN_25,NET_PFT_TO_SAL,0,2016-12-31,RPT,-43.4318
RBI:RATIO_LNGNFC_SAL_QTR_RN(1.0),N_A,769,QFY,2017,2016,LES_CLS_THAN_25,OPR_PFTS_TO_SAL,0,2016-12-31,RPT,-10.6582
RBI:RATIO_LNGNFC_SAL_QTR_RN(1.0),N_A,769,QFY,2017,2016,LES_CLS_THAN_25,SC_TO_SAL,0,2016-12-31,RPT,21.8747
RBI:RATIO_LNGNFC_SAL_QTR_RN(1.0),N_A,769,QFY,2017,2016,LES_CLS_THAN_25,TAX_PROV_TO_EBT,0,2016-12-31,RPT,13.8354
RBI:RATIO_LNGNFC_SAL_QTR_RN(1.0),N_A,513,QFY,2017,2016,100_N_ABOVE,CORM_TO_SAL,0,2017-03-31,RPT,50.9335
RBI:RATIO_LNGNFC_SAL_QTR_RN(1.0),N_A,513,QFY,2017,2016,100_N_ABOVE,CSH_CVG_RATIO,0,2017-03-31,RPT,5.050807
RBI:RATIO_LNGNFC_SAL_QTR_RN(1.0),N_A,513,QFY,2017,2016,100_N_ABOVE,EBITDA_TO_SAL,0,2017-03-31,RPT,19.2822
RBI:RATIO_LNGNFC_SAL_QTR_RN(1.0),N_A,513,QFY,2017,2016,100_N_ABOVE,EBIT_TO_SAL,0,2017-03-31,RPT,15.0559
RBI:RATIO_LNGNFC_SAL_QTR_RN(1.0),N_A,513,QFY,2017,2016,100_N_ABOVE,INT_BURDEN,0,2017-03-31,RPT,25.3565
RBI:RATIO_LNGNFC_SAL_QTR_RN(1.0),N_A,513,QFY,2017,2016,100_N_ABOVE,INT_CVG,0,2017-03-31,RPT,3.943766
RBI:RATIO_LNGNFC_SAL_QTR_RN(1.0),N_A,513,QFY,2017,2016,100_N_ABOVE,INT_TO_SAL,0,2017-03-31,RPT,3.8176
RBI:RATIO_LNGNFC_SAL_QTR_RN(1.0),N_A,513,QFY,2017,2016,100_N_ABOVE,NET_PFT_TO_SAL,0,2017-03-31,RPT,5.8003
RBI:RATIO_LNGNFC_SAL_QTR_RN(1.0),N_A,513,QFY,2017,2016,100_N_ABOVE,OPR_PFTS_TO_SAL,0,2017-03-31,RPT,15.6633
RBI:RATIO_LNGNFC_SAL_QTR_RN(1.0),N_A,513,QFY,2017,2016,100_N_ABOVE,OTH_INC_NET_PFT,0,2017-03-31,RPT,62.3922
RBI:RATIO_LNGNFC_SAL_QTR_RN(1.0),N_A,513,QFY,2017,2016,100_N_ABOVE,SC_TO_SAL,0,2017-03-31,RPT,9.8903
RBI:RATIO_LNGNFC_SAL_QTR_RN(1.0),N_A,513,QFY,2017,2016,100_N_ABOVE,TAX_PROV_TO_EBT,0,2017-03-31,RPT,17.6914
RBI:RATIO_LNGNFC_SAL_QTR_RN(1.0),N_A,707,QFY,2017,2016,100_TO_500,CORM_TO_SAL,0,2017-03-31,RPT,53.7639
RBI:RATIO_LNGNFC_SAL_QTR_RN(1.0),N_A,707,QFY,2017,2016,100_TO_500,CSH_CVG_RATIO,0,2017-03-31,RPT,1.59055
RBI:RATIO_LNGNFC_SAL_QTR_RN(1.0),N_A,707,QFY,2017,2016,100_TO_500,EBITDA_TO_SAL,0,2017-03-31,RPT,8.3682
RBI:RATIO_LNGNFC_SAL_QTR_RN(1.0),N_A,707,QFY,2017,2016,100_TO_500,EBIT_TO_SAL,0,2017-03-31,RPT,4.6704
RBI:RATIO_LNGNFC_SAL_QTR_RN(1.0),N_A,707,QFY,2017,2016,100_TO_500,INT_BURDEN,0,2017-03-31,RPT,112.6495
RBI:RATIO_LNGNFC_SAL_QTR_RN(1.0),N_A,707,QFY,2017,2016,100_TO_500,INT_CVG,0,2017-03-31,RPT,0.887709
RBI:RATIO_LNGNFC_SAL_QTR_RN(1.0),N_A,707,QFY,2017,2016,100_TO_500,INT_TO_SAL,0,2017-03-31,RPT,5.2612
RBI:RATIO_LNGNFC_SAL_QTR_RN(1.0),N_A,707,QFY,2017,2016,100_TO_500,NET_PFT_TO_SAL,0,2017-03-31,RPT,-2.2896
RBI:RATIO_LNGNFC_SAL_QTR_RN(1.0),N_A,707,QFY,2017,2016,100_TO_500,OPR_PFTS_TO_SAL,0,2017-03-31,RPT,5.291
RBI:RATIO_LNGNFC_SAL_QTR_RN(1.0),N_A,707,QFY,2017,2016,100_TO_500,SC_TO_SAL,0,2017-03-31,RPT,10.6911
RBI:RATIO_LNGNFC_SAL_QTR_RN(1.0),N_A,707,QFY,2017,2016,100_TO_500,TAX_PROV_TO_EBT,0,2017-03-31,RPT,19.2844
RBI:RATIO_LNGNFC_SAL_QTR_RN(1.0),N_A,251,QFY,2017,2016,25_TO_50,CORM_TO_SAL,0,2017-03-31,RPT,49.5782
RBI:RATIO_LNGNFC_SAL_QTR_RN(1.0),N_A,251,QFY,2017,2016,25_TO_50,EBITDA_TO_SAL,0,2017-03-31,RPT,-15.6365
RBI:RATIO_LNGNFC_SAL_QTR_RN(1.0),N_A,251,QFY,2017,2016,25_TO_50,EBIT_TO_SAL,0,2017-03-31,RPT,-25.2085
RBI:RATIO_LNGNFC_SAL_QTR_RN(1.0),N_A,251,QFY,2017,2016,25_TO_50,INT_TO_SAL,0,2017-03-31,RPT,14.7975
RBI:RATIO_LNGNFC_SAL_QTR_RN(1.0),N_A,251,QFY,2017,2016,25_TO_50,NET_PFT_TO_SAL,0,2017-03-31,RPT,-61.7118
RBI:RATIO_LNGNFC_SAL_QTR_RN(1.0),N_A,251,QFY,2017,2016,25_TO_50,OPR_PFTS_TO_SAL,0,2017-03-31,RPT,-34.47
RBI:RATIO_LNGNFC_SAL_QTR_RN(1.0),N_A,251,QFY,2017,2016,25_TO_50,SC_TO_SAL,0,2017-03-31,RPT,13.9938
RBI:RATIO_LNGNFC_SAL_QTR_RN(1.0),N_A,251,QFY,2017,2016,25_TO_50,TAX_PROV_TO_EBT,0,2017-03-31,RPT,21.4518
RBI:RATIO_LNGNFC_SAL_QTR_RN(1.0),N_A,252,QFY,2017,2016,500_TO_1000,CORM_TO_SAL,0,2017-03-31,RPT,53.8228
RBI:RATIO_LNGNFC_SAL_QTR_RN(1.0),N_A,252,QFY,2017,2016,500_TO_1000,CSH_CVG_RATIO,0,2017-03-31,RPT,1.654621
RBI:RATIO_LNGNFC_SAL_QTR_RN(1.0),N_A,252,QFY,2017,2016,500_TO_1000,EBITDA_TO_SAL,0,2017-03-31,RPT,10.8232
RBI:RATIO_LNGNFC_SAL_QTR_RN(1.0),N_A,252,QFY,2017,2016,500_TO_1000,EBIT_TO_SAL,0,2017-03-31,RPT,6.8714
RBI:RATIO_LNGNFC_SAL_QTR_RN(1.0),N_A,252,QFY,2017,2016,500_TO_1000,INT_BURDEN,0,2017-03-31,RPT,95.1941
RBI:RATIO_LNGNFC_SAL_QTR_RN(1.0),N_A,252,QFY,2017,2016,500_TO_1000,INT_CVG,0,2017-03-31,RPT,1.050485
RBI:RATIO_LNGNFC_SAL_QTR_RN(1.0),N_A,252,QFY,2017,2016,500_TO_1000,INT_TO_SAL,0,2017-03-31,RPT,6.5412
RBI:RATIO_LNGNFC_SAL_QTR_RN(1.0),N_A,252,QFY,2017,2016,500_TO_1000,NET_PFT_TO_SAL,0,2017-03-31,RPT,-3.0094
RBI:RATIO_LNGNFC_SAL_QTR_RN(1.0),N_A,252,QFY,2017,2016,500_TO_1000,OPR_PFTS_TO_SAL,0,2017-03-31,RPT,7.8817
RBI:RATIO_LNGNFC_SAL_QTR_RN(1.0),N_A,252,QFY,2017,2016,500_TO_1000,SC_TO_SAL,0,2017-03-31,RPT,8.9649
RBI:RATIO_LNGNFC_SAL_QTR_RN(1.0),N_A,252,QFY,2017,2016,500_TO_1000,TAX_PROV_TO_EBT,0,2017-03-31,RPT,27.0556
RBI:RATIO_LNGNFC_SAL_QTR_RN(1.0),N_A,277,QFY,2017,2016,50_TO_100,CORM_TO_SAL,0,2017-03-31,RPT,51.0115
RBI:RATIO_LNGNFC_SAL_QTR_RN(1.0),N_A,277,QFY,2017,2016,50_TO_100,CSH_CVG_RATIO,0,2017-03-31,RPT,2.213465
RBI:RATIO_LNGNFC_SAL_QTR_RN(1.0),N_A,277,QFY,2017,2016,50_TO_100,EBITDA_TO_SAL,0,2017-03-31,RPT,8.1153
RBI:RATIO_LNGNFC_SAL_QTR_RN(1.0),N_A,277,QFY,2017,2016,50_TO_100,EBIT_TO_SAL,0,2017-03-31,RPT,3.1502
RBI:RATIO_LNGNFC_SAL_QTR_RN(1.0),N_A,277,QFY,2017,2016,50_TO_100,INT_BURDEN,0,2017-03-31,RPT,116.3845
RBI:RATIO_LNGNFC_SAL_QTR_RN(1.0),N_A,277,QFY,2017,2016,50_TO_100,INT_CVG,0,2017-03-31,RPT,0.859221
RBI:RATIO_LNGNFC_SAL_QTR_RN(1.0),N_A,277,QFY,2017,2016,50_TO_100,INT_TO_SAL,0,2017-03-31,RPT,3.6663
RBI:RATIO_LNGNFC_SAL_QTR_RN(1.0),N_A,277,QFY,2017,2016,50_TO_100,NET_PFT_TO_SAL,0,2017-03-31,RPT,-5.1796
RBI:RATIO_LNGNFC_SAL_QTR_RN(1.0),N_A,277,QFY,2017,2016,50_TO_100,OPR_PFTS_TO_SAL,0,2017-03-31,RPT,4.2442
RBI:RATIO_LNGNFC_SAL_QTR_RN(1.0),N_A,277,QFY,2017,2016,50_TO_100,SC_TO_SAL,0,2017-03-31,RPT,13.4613
RBI:RATIO_LNGNFC_SAL_QTR_RN(1.0),N_A,277,QFY,2017,2016,50_TO_100,TAX_PROV_TO_EBT,0,2017-03-31,RPT,25.4999
RBI:RATIO_LNGNFC_SAL_QTR_RN(1.0),N_A,2726,QFY,2017,2016,ALL_COMP,CORM_TO_SAL,0,2017-03-31,RPT,51.2508
RBI:RATIO_LNGNFC_SAL_QTR_RN(1.0),N_A,2726,QFY,2017,2016,ALL_COMP,CSH_CVG_RATIO,0,2017-03-31,RPT,4.434291
RBI:RATIO_LNGNFC_SAL_QTR_RN(1.0),N_A,2726,QFY,2017,2016,ALL_COMP,EBITDA_TO_SAL,0,2017-03-31,RPT,18.0562
RBI:RATIO_LNGNFC_SAL_QTR_RN(1.0),N_A,2726,QFY,2017,2016,ALL_COMP,EBIT_TO_SAL,0,2017-03-31,RPT,13.8385
RBI:RATIO_LNGNFC_SAL_QTR_RN(1.0),N_A,2726,QFY,2017,2016,ALL_COMP,INT_BURDEN,0,2017-03-31,RPT,29.4248
RBI:RATIO_LNGNFC_SAL_QTR_RN(1.0),N_A,2726,QFY,2017,2016,ALL_COMP,INT_CVG,0,2017-03-31,RPT,3.398488
RBI:RATIO_LNGNFC_SAL_QTR_RN(1.0),N_A,2726,QFY,2017,2016,ALL_COMP,INT_TO_SAL,0,2017-03-31,RPT,4.0719
RBI:RATIO_LNGNFC_SAL_QTR_RN(1.0),N_A,2726,QFY,2017,2016,ALL_COMP,NET_PFT_TO_SAL,0,2017-03-31,RPT,4.5761
RBI:RATIO_LNGNFC_SAL_QTR_RN(1.0),N_A,2726,QFY,2017,2016,ALL_COMP,OPR_PFTS_TO_SAL,0,2017-03-31,RPT,14.4242
RBI:RATIO_LNGNFC_SAL_QTR_RN(1.0),N_A,2726,QFY,2017,2016,ALL_COMP,OTH_INC_NET_PFT,0,2017-03-31,RPT,79.3682
RBI:RATIO_LNGNFC_SAL_QTR_RN(1.0),N_A,2726,QFY,2017,2016,ALL_COMP,SC_TO_SAL,0,2017-03-31,RPT,9.9313
RBI:RATIO_LNGNFC_SAL_QTR_RN(1.0),N_A,2726,QFY,2017,2016,ALL_COMP,TAX_PROV_TO_EBT,0,2017-03-31,RPT,18.131
RBI:RATIO_LNGNFC_SAL_QTR_RN(1.0),N_A,726,QFY,2017,2016,LES_CLS_THAN_25,CORM_TO_SAL,0,2017-03-31,RPT,50.437
RBI:RATIO_LNGNFC_SAL_QTR_RN(1.0),N_A,726,QFY,2017,2016,LES_CLS_THAN_25,EBITDA_TO_SAL,0,2017-03-31,RPT,-10.6089
RBI:RATIO_LNGNFC_SAL_QTR_RN(1.0),N_A,726,QFY,2017,2016,LES_CLS_THAN_25,EBIT_TO_SAL,0,2017-03-31,RPT,-24.299
RBI:RATIO_LNGNFC_SAL_QTR_RN(1.0),N_A,726,QFY,2017,2016,LES_CLS_THAN_25,INT_TO_SAL,0,2017-03-31,RPT,6.9308
RBI:RATIO_LNGNFC_SAL_QTR_RN(1.0),N_A,726,QFY,2017,2016,LES_CLS_THAN_25,NET_PFT_TO_SAL,0,2017-03-31,RPT,-48.6767
RBI:RATIO_LNGNFC_SAL_QTR_RN(1.0),N_A,726,QFY,2017,2016,LES_CLS_THAN_25,OPR_PFTS_TO_SAL,0,2017-03-31,RPT,-36.4606
RBI:RATIO_LNGNFC_SAL_QTR_RN(1.0),N_A,726,QFY,2017,2016,LES_CLS_THAN_25,SC_TO_SAL,0,2017-03-31,RPT,21.5882
RBI:RATIO_LNGNFC_SAL_QTR_RN(1.0),N_A,726,QFY,2017,2016,LES_CLS_THAN_25,TAX_PROV_TO_EBT,0,2017-03-31,RPT,23.2382
RBI:RATIO_LNGNFC_SAL_QTR_RN(1.0),N_A,503,QFY,2018,2017,100_N_ABOVE,CORM_TO_SAL,0,2017-06-30,RPT,50.2332
RBI:RATIO_LNGNFC_SAL_QTR_RN(1.0),N_A,503,QFY,2018,2017,100_N_ABOVE,CSH_CVG_RATIO,0,2017-06-30,RPT,4.549258
RBI:RATIO_LNGNFC_SAL_QTR_RN(1.0),N_A,503,QFY,2018,2017,100_N_ABOVE,EBITDA_TO_SAL,0,2017-06-30,RPT,17.8508
RBI:RATIO_LNGNFC_SAL_QTR_RN(1.0),N_A,503,QFY,2018,2017,100_N_ABOVE,EBIT_TO_SAL,0,2017-06-30,RPT,13.6048
RBI:RATIO_LNGNFC_SAL_QTR_RN(1.0),N_A,503,QFY,2018,2017,100_N_ABOVE,INT_BURDEN,0,2017-06-30,RPT,28.8419
RBI:RATIO_LNGNFC_SAL_QTR_RN(1.0),N_A,503,QFY,2018,2017,100_N_ABOVE,INT_CVG,0,2017-06-30,RPT,3.467173
RBI:RATIO_LNGNFC_SAL_QTR_RN(1.0),N_A,503,QFY,2018,2017,100_N_ABOVE,INT_TO_SAL,0,2017-06-30,RPT,3.9239
RBI:RATIO_LNGNFC_SAL_QTR_RN(1.0),N_A,503,QFY,2018,2017,100_N_ABOVE,NET_PFT_TO_SAL,0,2017-06-30,RPT,6.5229
RBI:RATIO_LNGNFC_SAL_QTR_RN(1.0),N_A,503,QFY,2018,2017,100_N_ABOVE,OPR_PFTS_TO_SAL,0,2017-06-30,RPT,14.753
RBI:RATIO_LNGNFC_SAL_QTR_RN(1.0),N_A,503,QFY,2018,2017,100_N_ABOVE,OTH_INC_NET_PFT,0,2017-06-30,RPT,47.4903
RBI:RATIO_LNGNFC_SAL_QTR_RN(1.0),N_A,503,QFY,2018,2017,100_N_ABOVE,SC_TO_SAL,0,2017-06-30,RPT,10.561
RBI:RATIO_LNGNFC_SAL_QTR_RN(1.0),N_A,503,QFY,2018,2017,100_N_ABOVE,TAX_PROV_TO_EBT,0,2017-06-30,RPT,24.4758
RBI:RATIO_LNGNFC_SAL_QTR_RN(1.0),N_A,703,QFY,2018,2017,100_TO_500,CORM_TO_SAL,0,2017-06-30,RPT,54.9729
RBI:RATIO_LNGNFC_SAL_QTR_RN(1.0),N_A,703,QFY,2018,2017,100_TO_500,CSH_CVG_RATIO,0,2017-06-30,RPT,1.614387
RBI:RATIO_LNGNFC_SAL_QTR_RN(1.0),N_A,703,QFY,2018,2017,100_TO_500,EBITDA_TO_SAL,0,2017-06-30,RPT,12.0294
RBI:RATIO_LNGNFC_SAL_QTR_RN(1.0),N_A,703,QFY,2018,2017,100_TO_500,EBIT_TO_SAL,0,2017-06-30,RPT,7.616
RBI:RATIO_LNGNFC_SAL_QTR_RN(1.0),N_A,703,QFY,2018,2017,100_TO_500,INT_BURDEN,0,2017-06-30,RPT,97.8392
RBI:RATIO_LNGNFC_SAL_QTR_RN(1.0),N_A,703,QFY,2018,2017,100_TO_500,INT_CVG,0,2017-06-30,RPT,1.022085
RBI:RATIO_LNGNFC_SAL_QTR_RN(1.0),N_A,703,QFY,2018,2017,100_TO_500,INT_TO_SAL,0,2017-06-30,RPT,7.4514
RBI:RATIO_LNGNFC_SAL_QTR_RN(1.0),N_A,703,QFY,2018,2017,100_TO_500,NET_PFT_TO_SAL,0,2017-06-30,RPT,-2.1619
RBI:RATIO_LNGNFC_SAL_QTR_RN(1.0),N_A,703,QFY,2018,2017,100_TO_500,OPR_PFTS_TO_SAL,0,2017-06-30,RPT,8.1742
RBI:RATIO_LNGNFC_SAL_QTR_RN(1.0),N_A,703,QFY,2018,2017,100_TO_500,SC_TO_SAL,0,2017-06-30,RPT,11.4094
RBI:RATIO_LNGNFC_SAL_QTR_RN(1.0),N_A,703,QFY,2018,2017,100_TO_500,TAX_PROV_TO_EBT,0,2017-06-30,RPT,26.0609
RBI:RATIO_LNGNFC_SAL_QTR_RN(1.0),N_A,254,QFY,2018,2017,25_TO_50,CORM_TO_SAL,0,2017-06-30,RPT,54.5762
RBI:RATIO_LNGNFC_SAL_QTR_RN(1.0),N_A,254,QFY,2018,2017,25_TO_50,CSH_CVG_RATIO,0,2017-06-30,RPT,0.82131
RBI:RATIO_LNGNFC_SAL_QTR_RN(1.0),N_A,254,QFY,2018,2017,25_TO_50,EBITDA_TO_SAL,0,2017-06-30,RPT,13.3822
RBI:RATIO_LNGNFC_SAL_QTR_RN(1.0),N_A,254,QFY,2018,2017,25_TO_50,EBIT_TO_SAL,0,2017-06-30,RPT,5.4964
RBI:RATIO_LNGNFC_SAL_QTR_RN(1.0),N_A,254,QFY,2018,2017,25_TO_50,INT_CVG,0,2017-06-30,RPT,0.337333
RBI:RATIO_LNGNFC_SAL_QTR_RN(1.0),N_A,254,QFY,2018,2017,25_TO_50,INT_TO_SAL,0,2017-06-30,RPT,16.2938
RBI:RATIO_LNGNFC_SAL_QTR_RN(1.0),N_A,254,QFY,2018,2017,25_TO_50,NET_PFT_TO_SAL,0,2017-06-30,RPT,-23.5021
RBI:RATIO_LNGNFC_SAL_QTR_RN(1.0),N_A,254,QFY,2018,2017,25_TO_50,OPR_PFTS_TO_SAL,0,2017-06-30,RPT,1.7797
RBI:RATIO_LNGNFC_SAL_QTR_RN(1.0),N_A,254,QFY,2018,2017,25_TO_50,SC_TO_SAL,0,2017-06-30,RPT,14.8601
RBI:RATIO_LNGNFC_SAL_QTR_RN(1.0),N_A,254,QFY,2018,2017,25_TO_50,TAX_PROV_TO_EBT,0,2017-06-30,RPT,24.2889
RBI:RATIO_LNGNFC_SAL_QTR_RN(1.0),N_A,232,QFY,2018,2017,500_TO_1000,CORM_TO_SAL,0,2017-06-30,RPT,52.7849
RBI:RATIO_LNGNFC_SAL_QTR_RN(1.0),N_A,232,QFY,2018,2017,500_TO_1000,CSH_CVG_RATIO,0,2017-06-30,RPT,2.389361
RBI:RATIO_LNGNFC_SAL_QTR_RN(1.0),N_A,232,QFY,2018,2017,500_TO_1000,EBITDA_TO_SAL,0,2017-06-30,RPT,13.6589
RBI:RATIO_LNGNFC_SAL_QTR_RN(1.0),N_A,232,QFY,2018,2017,500_TO_1000,EBIT_TO_SAL,0,2017-06-30,RPT,9.79
RBI:RATIO_LNGNFC_SAL_QTR_RN(1.0),N_A,232,QFY,2018,2017,500_TO_1000,INT_BURDEN,0,2017-06-30,RPT,58.3919
RBI:RATIO_LNGNFC_SAL_QTR_RN(1.0),N_A,232,QFY,2018,2017,500_TO_1000,INT_CVG,0,2017-06-30,RPT,1.712567
RBI:RATIO_LNGNFC_SAL_QTR_RN(1.0),N_A,232,QFY,2018,2017,500_TO_1000,INT_TO_SAL,0,2017-06-30,RPT,5.7165
RBI:RATIO_LNGNFC_SAL_QTR_RN(1.0),N_A,232,QFY,2018,2017,500_TO_1000,NET_PFT_TO_SAL,0,2017-06-30,RPT,0.6403
RBI:RATIO_LNGNFC_SAL_QTR_RN(1.0),N_A,232,QFY,2018,2017,500_TO_1000,OPR_PFTS_TO_SAL,0,2017-06-30,RPT,10.6896
RBI:RATIO_LNGNFC_SAL_QTR_RN(1.0),N_A,232,QFY,2018,2017,500_TO_1000,SC_TO_SAL,0,2017-06-30,RPT,9.8478
RBI:RATIO_LNGNFC_SAL_QTR_RN(1.0),N_A,232,QFY,2018,2017,500_TO_1000,TAX_PROV_TO_EBT,0,2017-06-30,RPT,27.8044
RBI:RATIO_LNGNFC_SAL_QTR_RN(1.0),N_A,288,QFY,2018,2017,50_TO_100,CORM_TO_SAL,0,2017-06-30,RPT,55.557
RBI:RATIO_LNGNFC_SAL_QTR_RN(1.0),N_A,288,QFY,2018,2017,50_TO_100,CSH_CVG_RATIO,0,2017-06-30,RPT,0.930821
RBI:RATIO_LNGNFC_SAL_QTR_RN(1.0),N_A,288,QFY,2018,2017,50_TO_100,EBITDA_TO_SAL,0,2017-06-30,RPT,10.1259
RBI:RATIO_LNGNFC_SAL_QTR_RN(1.0),N_A,288,QFY,2018,2017,50_TO_100,EBIT_TO_SAL,0,2017-06-30,RPT,5.0857
RBI:RATIO_LNGNFC_SAL_QTR_RN(1.0),N_A,288,QFY,2018,2017,50_TO_100,INT_CVG,0,2017-06-30,RPT,0.467504
RBI:RATIO_LNGNFC_SAL_QTR_RN(1.0),N_A,288,QFY,2018,2017,50_TO_100,INT_TO_SAL,0,2017-06-30,RPT,10.8784
RBI:RATIO_LNGNFC_SAL_QTR_RN(1.0),N_A,288,QFY,2018,2017,50_TO_100,NET_PFT_TO_SAL,0,2017-06-30,RPT,-7.2715
RBI:RATIO_LNGNFC_SAL_QTR_RN(1.0),N_A,288,QFY,2018,2017,50_TO_100,OPR_PFTS_TO_SAL,0,2017-06-30,RPT,3.8996
RBI:RATIO_LNGNFC_SAL_QTR_RN(1.0),N_A,288,QFY,2018,2017,50_TO_100,SC_TO_SAL,0,2017-06-30,RPT,14.672
RBI:RATIO_LNGNFC_SAL_QTR_RN(1.0),N_A,288,QFY,2018,2017,50_TO_100,TAX_PROV_TO_EBT,0,2017-06-30,RPT,26.737
RBI:RATIO_LNGNFC_SAL_QTR_RN(1.0),N_A,2744,QFY,2018,2017,ALL_COMP,CORM_TO_SAL,0,2017-06-30,RPT,50.7087
RBI:RATIO_LNGNFC_SAL_QTR_RN(1.0),N_A,2744,QFY,2018,2017,ALL_COMP,CSH_CVG_RATIO,0,2017-06-30,RPT,3.988221
RBI:RATIO_LNGNFC_SAL_QTR_RN(1.0),N_A,2744,QFY,2018,2017,ALL_COMP,EBITDA_TO_SAL,0,2017-06-30,RPT,17.2447
RBI:RATIO_LNGNFC_SAL_QTR_RN(1.0),N_A,2744,QFY,2018,2017,ALL_COMP,EBIT_TO_SAL,0,2017-06-30,RPT,12.9749
RBI:RATIO_LNGNFC_SAL_QTR_RN(1.0),N_A,2744,QFY,2018,2017,ALL_COMP,INT_BURDEN,0,2017-06-30,RPT,33.3251
RBI:RATIO_LNGNFC_SAL_QTR_RN(1.0),N_A,2744,QFY,2018,2017,ALL_COMP,INT_CVG,0,2017-06-30,RPT,3.000739
RBI:RATIO_LNGNFC_SAL_QTR_RN(1.0),N_A,2744,QFY,2018,2017,ALL_COMP,INT_TO_SAL,0,2017-06-30,RPT,4.3239
RBI:RATIO_LNGNFC_SAL_QTR_RN(1.0),N_A,2744,QFY,2018,2017,ALL_COMP,NET_PFT_TO_SAL,0,2017-06-30,RPT,5.5143
RBI:RATIO_LNGNFC_SAL_QTR_RN(1.0),N_A,2744,QFY,2018,2017,ALL_COMP,OPR_PFTS_TO_SAL,0,2017-06-30,RPT,14.0371
RBI:RATIO_LNGNFC_SAL_QTR_RN(1.0),N_A,2744,QFY,2018,2017,ALL_COMP,OTH_INC_NET_PFT,0,2017-06-30,RPT,58.1684
RBI:RATIO_LNGNFC_SAL_QTR_RN(1.0),N_A,2744,QFY,2018,2017,ALL_COMP,SC_TO_SAL,0,2017-06-30,RPT,10.6334
RBI:RATIO_LNGNFC_SAL_QTR_RN(1.0),N_A,2744,QFY,2018,2017,ALL_COMP,TAX_PROV_TO_EBT,0,2017-06-30,RPT,24.6501
RBI:RATIO_LNGNFC_SAL_QTR_RN(1.0),N_A,764,QFY,2018,2017,LES_CLS_THAN_25,CORM_TO_SAL,0,2017-06-30,RPT,53.376
RBI:RATIO_LNGNFC_SAL_QTR_RN(1.0),N_A,764,QFY,2018,2017,LES_CLS_THAN_25,CSH_CVG_RATIO,0,2017-06-30,RPT,0.530631
RBI:RATIO_LNGNFC_SAL_QTR_RN(1.0),N_A,764,QFY,2018,2017,LES_CLS_THAN_25,EBITDA_TO_SAL,0,2017-06-30,RPT,12.4085
RBI:RATIO_LNGNFC_SAL_QTR_RN(1.0),N_A,764,QFY,2018,2017,LES_CLS_THAN_25,EBIT_TO_SAL,0,2017-06-30,RPT,-2.2704
RBI:RATIO_LNGNFC_SAL_QTR_RN(1.0),N_A,764,QFY,2018,2017,LES_CLS_THAN_25,INT_TO_SAL,0,2017-06-30,RPT,23.3844
RBI:RATIO_LNGNFC_SAL_QTR_RN(1.0),N_A,764,QFY,2018,2017,LES_CLS_THAN_25,NET_PFT_TO_SAL,0,2017-06-30,RPT,-25.0153
RBI:RATIO_LNGNFC_SAL_QTR_RN(1.0),N_A,764,QFY,2018,2017,LES_CLS_THAN_25,OPR_PFTS_TO_SAL,0,2017-06-30,RPT,-7.8344
RBI:RATIO_LNGNFC_SAL_QTR_RN(1.0),N_A,764,QFY,2018,2017,LES_CLS_THAN_25,SC_TO_SAL,0,2017-06-30,RPT,24.4719
RBI:RATIO_LNGNFC_SAL_QTR_RN(1.0),N_A,764,QFY,2018,2017,LES_CLS_THAN_25,TAX_PROV_TO_EBT,0,2017-06-30,RPT,18.7841
RBI:RATIO_LNGNFC_SAL_QTR_RN(1.0),N_A,496,QFY,2018,2017,100_N_ABOVE,CORM_TO_SAL,0,2017-09-30,RPT,48.8273
RBI:RATIO_LNGNFC_SAL_QTR_RN(1.0),N_A,496,QFY,2018,2017,100_N_ABOVE,CSH_CVG_RATIO,0,2017-09-30,RPT,4.922491
RBI:RATIO_LNGNFC_SAL_QTR_RN(1.0),N_A,496,QFY,2018,2017,100_N_ABOVE,EBITDA_TO_SAL,0,2017-09-30,RPT,19.6074
RBI:RATIO_LNGNFC_SAL_QTR_RN(1.0),N_A,496,QFY,2018,2017,100_N_ABOVE,EBIT_TO_SAL,0,2017-09-30,RPT,15.3841
RBI:RATIO_LNGNFC_SAL_QTR_RN(1.0),N_A,496,QFY,2018,2017,100_N_ABOVE,INT_BURDEN,0,2017-09-30,RPT,25.8919
RBI:RATIO_LNGNFC_SAL_QTR_RN(1.0),N_A,496,QFY,2018,2017,100_N_ABOVE,INT_CVG,0,2017-09-30,RPT,3.862218
RBI:RATIO_LNGNFC_SAL_QTR_RN(1.0),N_A,496,QFY,2018,2017,100_N_ABOVE,INT_TO_SAL,0,2017-09-30,RPT,3.9832
RBI:RATIO_LNGNFC_SAL_QTR_RN(1.0),N_A,496,QFY,2018,2017,100_N_ABOVE,NET_PFT_TO_SAL,0,2017-09-30,RPT,6.6558
RBI:RATIO_LNGNFC_SAL_QTR_RN(1.0),N_A,496,QFY,2018,2017,100_N_ABOVE,OPR_PFTS_TO_SAL,0,2017-09-30,RPT,16.6294
RBI:RATIO_LNGNFC_SAL_QTR_RN(1.0),N_A,496,QFY,2018,2017,100_N_ABOVE,OTH_INC_NET_PFT,0,2017-09-30,RPT,44.7429
RBI:RATIO_LNGNFC_SAL_QTR_RN(1.0),N_A,496,QFY,2018,2017,100_N_ABOVE,SC_TO_SAL,0,2017-09-30,RPT,10.7117
RBI:RATIO_LNGNFC_SAL_QTR_RN(1.0),N_A,496,QFY,2018,2017,100_N_ABOVE,TAX_PROV_TO_EBT,0,2017-09-30,RPT,25.2389
RBI:RATIO_LNGNFC_SAL_QTR_RN(1.0),N_A,688,QFY,2018,2017,100_TO_500,CORM_TO_SAL,0,2017-09-30,RPT,52.9068
RBI:RATIO_LNGNFC_SAL_QTR_RN(1.0),N_A,688,QFY,2018,2017,100_TO_500,CSH_CVG_RATIO,0,2017-09-30,RPT,1.81891
RBI:RATIO_LNGNFC_SAL_QTR_RN(1.0),N_A,688,QFY,2018,2017,100_TO_500,EBITDA_TO_SAL,0,2017-09-30,RPT,13.51
RBI:RATIO_LNGNFC_SAL_QTR_RN(1.0),N_A,688,QFY,2018,2017,100_TO_500,EBIT_TO_SAL,0,2017-09-30,RPT,9.0565
RBI:RATIO_LNGNFC_SAL_QTR_RN(1.0),N_A,688,QFY,2018,2017,100_TO_500,INT_BURDEN,0,2017-09-30,RPT,82.0138
RBI:RATIO_LNGNFC_SAL_QTR_RN(1.0),N_A,688,QFY,2018,2017,100_TO_500,INT_CVG,0,2017-09-30,RPT,1.219307
RBI:RATIO_LNGNFC_SAL_QTR_RN(1.0),N_A,688,QFY,2018,2017,100_TO_500,INT_TO_SAL,0,2017-09-30,RPT,7.4275
RBI:RATIO_LNGNFC_SAL_QTR_RN(1.0),N_A,688,QFY,2018,2017,100_TO_500,NET_PFT_TO_SAL,0,2017-09-30,RPT,-0.1369
RBI:RATIO_LNGNFC_SAL_QTR_RN(1.0),N_A,688,QFY,2018,2017,100_TO_500,OPR_PFTS_TO_SAL,0,2017-09-30,RPT,9.0285
RBI:RATIO_LNGNFC_SAL_QTR_RN(1.0),N_A,688,QFY,2018,2017,100_TO_500,SC_TO_SAL,0,2017-09-30,RPT,11.8188
RBI:RATIO_LNGNFC_SAL_QTR_RN(1.0),N_A,688,QFY,2018,2017,100_TO_500,TAX_PROV_TO_EBT,0,2017-09-30,RPT,24.6668
RBI:RATIO_LNGNFC_SAL_QTR_RN(1.0),N_A,259,QFY,2018,2017,25_TO_50,CORM_TO_SAL,0,2017-09-30,RPT,47.8343
RBI:RATIO_LNGNFC_SAL_QTR_RN(1.0),N_A,259,QFY,2018,2017,25_TO_50,CSH_CVG_RATIO,0,2017-09-30,RPT,0.318364
RBI:RATIO_LNGNFC_SAL_QTR_RN(1.0),N_A,259,QFY,2018,2017,25_TO_50,EBITDA_TO_SAL,0,2017-09-30,RPT,4.257
RBI:RATIO_LNGNFC_SAL_QTR_RN(1.0),N_A,259,QFY,2018,2017,25_TO_50,EBIT_TO_SAL,0,2017-09-30,RPT,-3.9115
RBI:RATIO_LNGNFC_SAL_QTR_RN(1.0),N_A,259,QFY,2018,2017,25_TO_50,INT_TO_SAL,0,2017-09-30,RPT,13.3715
RBI:RATIO_LNGNFC_SAL_QTR_RN(1.0),N_A,259,QFY,2018,2017,25_TO_50,NET_PFT_TO_SAL,0,2017-09-30,RPT,-19.8632
RBI:RATIO_LNGNFC_SAL_QTR_RN(1.0),N_A,259,QFY,2018,2017,25_TO_50,OPR_PFTS_TO_SAL,0,2017-09-30,RPT,-1.8719
RBI:RATIO_LNGNFC_SAL_QTR_RN(1.0),N_A,259,QFY,2018,2017,25_TO_50,SC_TO_SAL,0,2017-09-30,RPT,15.7369
RBI:RATIO_LNGNFC_SAL_QTR_RN(1.0),N_A,259,QFY,2018,2017,25_TO_50,TAX_PROV_TO_EBT,0,2017-09-30,RPT,18.8951
RBI:RATIO_LNGNFC_SAL_QTR_RN(1.0),N_A,249,QFY,2018,2017,500_TO_1000,CORM_TO_SAL,0,2017-09-30,RPT,49.1271
RBI:RATIO_LNGNFC_SAL_QTR_RN(1.0),N_A,249,QFY,2018,2017,500_TO_1000,CSH_CVG_RATIO,0,2017-09-30,RPT,2.353585
RBI:RATIO_LNGNFC_SAL_QTR_RN(1.0),N_A,249,QFY,2018,2017,500_TO_1000,EBITDA_TO_SAL,0,2017-09-30,RPT,14.0556
RBI:RATIO_LNGNFC_SAL_QTR_RN(1.0),N_A,249,QFY,2018,2017,500_TO_1000,EBIT_TO_SAL,0,2017-09-30,RPT,10.1405
RBI:RATIO_LNGNFC_SAL_QTR_RN(1.0),N_A,249,QFY,2018,2017,500_TO_1000,INT_BURDEN,0,2017-09-30,RPT,58.8926
RBI:RATIO_LNGNFC_SAL_QTR_RN(1.0),N_A,249,QFY,2018,2017,500_TO_1000,INT_CVG,0,2017-09-30,RPT,1.698007
RBI:RATIO_LNGNFC_SAL_QTR_RN(1.0),N_A,249,QFY,2018,2017,500_TO_1000,INT_TO_SAL,0,2017-09-30,RPT,5.972
RBI:RATIO_LNGNFC_SAL_QTR_RN(1.0),N_A,249,QFY,2018,2017,500_TO_1000,NET_PFT_TO_SAL,0,2017-09-30,RPT,0.1053
RBI:RATIO_LNGNFC_SAL_QTR_RN(1.0),N_A,249,QFY,2018,2017,500_TO_1000,OPR_PFTS_TO_SAL,0,2017-09-30,RPT,11.1054
RBI:RATIO_LNGNFC_SAL_QTR_RN(1.0),N_A,249,QFY,2018,2017,500_TO_1000,SC_TO_SAL,0,2017-09-30,RPT,9.7916
RBI:RATIO_LNGNFC_SAL_QTR_RN(1.0),N_A,249,QFY,2018,2017,500_TO_1000,TAX_PROV_TO_EBT,0,2017-09-30,RPT,25.7089
RBI:RATIO_LNGNFC_SAL_QTR_RN(1.0),N_A,280,QFY,2018,2017,50_TO_100,CORM_TO_SAL,0,2017-09-30,RPT,49.9884
RBI:RATIO_LNGNFC_SAL_QTR_RN(1.0),N_A,280,QFY,2018,2017,50_TO_100,CSH_CVG_RATIO,0,2017-09-30,RPT,0.562909
RBI:RATIO_LNGNFC_SAL_QTR_RN(1.0),N_A,280,QFY,2018,2017,50_TO_100,EBITDA_TO_SAL,0,2017-09-30,RPT,10.5874
RBI:RATIO_LNGNFC_SAL_QTR_RN(1.0),N_A,280,QFY,2018,2017,50_TO_100,EBIT_TO_SAL,0,2017-09-30,RPT,4.5291
RBI:RATIO_LNGNFC_SAL_QTR_RN(1.0),N_A,280,QFY,2018,2017,50_TO_100,INT_CVG,0,2017-09-30,RPT,0.240801
RBI:RATIO_LNGNFC_SAL_QTR_RN(1.0),N_A,280,QFY,2018,2017,50_TO_100,INT_TO_SAL,0,2017-09-30,RPT,18.8083
RBI:RATIO_LNGNFC_SAL_QTR_RN(1.0),N_A,280,QFY,2018,2017,50_TO_100,NET_PFT_TO_SAL,0,2017-09-30,RPT,-22.3781
RBI:RATIO_LNGNFC_SAL_QTR_RN(1.0),N_A,280,QFY,2018,2017,50_TO_100,OPR_PFTS_TO_SAL,0,2017-09-30,RPT,2.0146
RBI:RATIO_LNGNFC_SAL_QTR_RN(1.0),N_A,280,QFY,2018,2017,50_TO_100,SC_TO_SAL,0,2017-09-30,RPT,15.4375
RBI:RATIO_LNGNFC_SAL_QTR_RN(1.0),N_A,280,QFY,2018,2017,50_TO_100,TAX_PROV_TO_EBT,0,2017-09-30,RPT,21.4904
RBI:RATIO_LNGNFC_SAL_QTR_RN(1.0),N_A,2701,QFY,2018,2017,ALL_COMP,CORM_TO_SAL,0,2017-09-30,RPT,49.0743
RBI:RATIO_LNGNFC_SAL_QTR_RN(1.0),N_A,2701,QFY,2018,2017,ALL_COMP,CSH_CVG_RATIO,0,2017-09-30,RPT,4.258207
RBI:RATIO_LNGNFC_SAL_QTR_RN(1.0),N_A,2701,QFY,2018,2017,ALL_COMP,EBITDA_TO_SAL,0,2017-09-30,RPT,18.885
RBI:RATIO_LNGNFC_SAL_QTR_RN(1.0),N_A,2701,QFY,2018,2017,ALL_COMP,EBIT_TO_SAL,0,2017-09-30,RPT,14.6186
RBI:RATIO_LNGNFC_SAL_QTR_RN(1.0),N_A,2701,QFY,2018,2017,ALL_COMP,INT_BURDEN,0,2017-09-30,RPT,30.3379
RBI:RATIO_LNGNFC_SAL_QTR_RN(1.0),N_A,2701,QFY,2018,2017,ALL_COMP,INT_CVG,0,2017-09-30,RPT,3.296209
RBI:RATIO_LNGNFC_SAL_QTR_RN(1.0),N_A,2701,QFY,2018,2017,ALL_COMP,INT_TO_SAL,0,2017-09-30,RPT,4.435
RBI:RATIO_LNGNFC_SAL_QTR_RN(1.0),N_A,2701,QFY,2018,2017,ALL_COMP,NET_PFT_TO_SAL,0,2017-09-30,RPT,5.8049
RBI:RATIO_LNGNFC_SAL_QTR_RN(1.0),N_A,2701,QFY,2018,2017,ALL_COMP,OPR_PFTS_TO_SAL,0,2017-09-30,RPT,15.7408
RBI:RATIO_LNGNFC_SAL_QTR_RN(1.0),N_A,2701,QFY,2018,2017,ALL_COMP,OTH_INC_NET_PFT,0,2017-09-30,RPT,54.1643
RBI:RATIO_LNGNFC_SAL_QTR_RN(1.0),N_A,2701,QFY,2018,2017,ALL_COMP,SC_TO_SAL,0,2017-09-30,RPT,10.7825
RBI:RATIO_LNGNFC_SAL_QTR_RN(1.0),N_A,2701,QFY,2018,2017,ALL_COMP,TAX_PROV_TO_EBT,0,2017-09-30,RPT,25.1821
RBI:RATIO_LNGNFC_SAL_QTR_RN(1.0),N_A,729,QFY,2018,2017,LES_CLS_THAN_25,CORM_TO_SAL,0,2017-09-30,RPT,57.3155
RBI:RATIO_LNGNFC_SAL_QTR_RN(1.0),N_A,729,QFY,2018,2017,LES_CLS_THAN_25,CSH_CVG_RATIO,0,2017-09-30,RPT,0.237513
RBI:RATIO_LNGNFC_SAL_QTR_RN(1.0),N_A,729,QFY,2018,2017,LES_CLS_THAN_25,EBITDA_TO_SAL,0,2017-09-30,RPT,8.5062
RBI:RATIO_LNGNFC_SAL_QTR_RN(1.0),N_A,729,QFY,2018,2017,LES_CLS_THAN_25,EBIT_TO_SAL,0,2017-09-30,RPT,-10.8264
RBI:RATIO_LNGNFC_SAL_QTR_RN(1.0),N_A,729,QFY,2018,2017,LES_CLS_THAN_25,INT_TO_SAL,0,2017-09-30,RPT,35.8135
RBI:RATIO_LNGNFC_SAL_QTR_RN(1.0),N_A,729,QFY,2018,2017,LES_CLS_THAN_25,NET_PFT_TO_SAL,0,2017-09-30,RPT,64.7332
RBI:RATIO_LNGNFC_SAL_QTR_RN(1.0),N_A,729,QFY,2018,2017,LES_CLS_THAN_25,OPR_PFTS_TO_SAL,0,2017-09-30,RPT,-23.2281
RBI:RATIO_LNGNFC_SAL_QTR_RN(1.0),N_A,729,QFY,2018,2017,LES_CLS_THAN_25,OTH_INC_NET_PFT,0,2017-09-30,RPT,49.0232
RBI:RATIO_LNGNFC_SAL_QTR_RN(1.0),N_A,729,QFY,2018,2017,LES_CLS_THAN_25,SC_TO_SAL,0,2017-09-30,RPT,23.1633
RBI:RATIO_LNGNFC_SAL_QTR_RN(1.0),N_A,729,QFY,2018,2017,LES_CLS_THAN_25,TAX_PROV_TO_EBT,0,2017-09-30,RPT,13.404
RBI:RATIO_LNGNFC_SAL_QTR_RN(1.0),N_A,522,QFY,2018,2017,100_N_ABOVE,CORM_TO_SAL,0,2017-12-31,RPT,50.4669
RBI:RATIO_LNGNFC_SAL_QTR_RN(1.0),N_A,522,QFY,2018,2017,100_N_ABOVE,CSH_CVG_RATIO,0,2017-12-31,RPT,5.2885
RBI:RATIO_LNGNFC_SAL_QTR_RN(1.0),N_A,522,QFY,2018,2017,100_N_ABOVE,EBITDA_TO_SAL,0,2017-12-31,RPT,19.1955
RBI:RATIO_LNGNFC_SAL_QTR_RN(1.0),N_A,522,QFY,2018,2017,100_N_ABOVE,EBIT_TO_SAL,0,2017-12-31,RPT,15.0727
RBI:RATIO_LNGNFC_SAL_QTR_RN(1.0),N_A,522,QFY,2018,2017,100_N_ABOVE,INT_BURDEN,0,2017-12-31,RPT,24.0811
RBI:RATIO_LNGNFC_SAL_QTR_RN(1.0),N_A,522,QFY,2018,2017,100_N_ABOVE,INT_CVG,0,2017-12-31,RPT,4.152627
RBI:RATIO_LNGNFC_SAL_QTR_RN(1.0),N_A,522,QFY,2018,2017,100_N_ABOVE,INT_TO_SAL,0,2017-12-31,RPT,3.6297
RBI:RATIO_LNGNFC_SAL_QTR_RN(1.0),N_A,522,QFY,2018,2017,100_N_ABOVE,NET_PFT_TO_SAL,0,2017-12-31,RPT,7.9496
RBI:RATIO_LNGNFC_SAL_QTR_RN(1.0),N_A,522,QFY,2018,2017,100_N_ABOVE,OPR_PFTS_TO_SAL,0,2017-12-31,RPT,16.4768
RBI:RATIO_LNGNFC_SAL_QTR_RN(1.0),N_A,522,QFY,2018,2017,100_N_ABOVE,OTH_INC_NET_PFT,0,2017-12-31,RPT,34.1989
RBI:RATIO_LNGNFC_SAL_QTR_RN(1.0),N_A,522,QFY,2018,2017,100_N_ABOVE,SC_TO_SAL,0,2017-12-31,RPT,10.3145
RBI:RATIO_LNGNFC_SAL_QTR_RN(1.0),N_A,522,QFY,2018,2017,100_N_ABOVE,TAX_PROV_TO_EBT,0,2017-12-31,RPT,22.6418
RBI:RATIO_LNGNFC_SAL_QTR_RN(1.0),N_A,725,QFY,2018,2017,100_TO_500,CORM_TO_SAL,0,2017-12-31,RPT,56.032
RBI:RATIO_LNGNFC_SAL_QTR_RN(1.0),N_A,725,QFY,2018,2017,100_TO_500,CSH_CVG_RATIO,0,2017-12-31,RPT,1.433108
RBI:RATIO_LNGNFC_SAL_QTR_RN(1.0),N_A,725,QFY,2018,2017,100_TO_500,EBITDA_TO_SAL,0,2017-12-31,RPT,9.1424
RBI:RATIO_LNGNFC_SAL_QTR_RN(1.0),N_A,725,QFY,2018,2017,100_TO_500,EBIT_TO_SAL,0,2017-12-31,RPT,4.9346
RBI:RATIO_LNGNFC_SAL_QTR_RN(1.0),N_A,725,QFY,2018,2017,100_TO_500,INT_BURDEN,0,2017-12-31,RPT,129.2778
RBI:RATIO_LNGNFC_SAL_QTR_RN(1.0),N_A,725,QFY,2018,2017,100_TO_500,INT_CVG,0,2017-12-31,RPT,0.773528
RBI:RATIO_LNGNFC_SAL_QTR_RN(1.0),N_A,725,QFY,2018,2017,100_TO_500,INT_TO_SAL,0,2017-12-31,RPT,6.3794
RBI:RATIO_LNGNFC_SAL_QTR_RN(1.0),N_A,725,QFY,2018,2017,100_TO_500,NET_PFT_TO_SAL,0,2017-12-31,RPT,-2.8382
RBI:RATIO_LNGNFC_SAL_QTR_RN(1.0),N_A,725,QFY,2018,2017,100_TO_500,OPR_PFTS_TO_SAL,0,2017-12-31,RPT,6.1053
RBI:RATIO_LNGNFC_SAL_QTR_RN(1.0),N_A,725,QFY,2018,2017,100_TO_500,SC_TO_SAL,0,2017-12-31,RPT,11.3306
RBI:RATIO_LNGNFC_SAL_QTR_RN(1.0),N_A,725,QFY,2018,2017,100_TO_500,TAX_PROV_TO_EBT,0,2017-12-31,RPT,26.6323
RBI:RATIO_LNGNFC_SAL_QTR_RN(1.0),N_A,239,QFY,2018,2017,25_TO_50,CORM_TO_SAL,0,2017-12-31,RPT,51.7916
RBI:RATIO_LNGNFC_SAL_QTR_RN(1.0),N_A,239,QFY,2018,2017,25_TO_50,CSH_CVG_RATIO,0,2017-12-31,RPT,0.190084
RBI:RATIO_LNGNFC_SAL_QTR_RN(1.0),N_A,239,QFY,2018,2017,25_TO_50,EBITDA_TO_SAL,0,2017-12-31,RPT,5.3962
RBI:RATIO_LNGNFC_SAL_QTR_RN(1.0),N_A,239,QFY,2018,2017,25_TO_50,EBIT_TO_SAL,0,2017-12-31,RPT,-1.3543
RBI:RATIO_LNGNFC_SAL_QTR_RN(1.0),N_A,239,QFY,2018,2017,25_TO_50,INT_TO_SAL,0,2017-12-31,RPT,28.3884
RBI:RATIO_LNGNFC_SAL_QTR_RN(1.0),N_A,239,QFY,2018,2017,25_TO_50,NET_PFT_TO_SAL,0,2017-12-31,RPT,-31.3426
RBI:RATIO_LNGNFC_SAL_QTR_RN(1.0),N_A,239,QFY,2018,2017,25_TO_50,OPR_PFTS_TO_SAL,0,2017-12-31,RPT,-3.4237
RBI:RATIO_LNGNFC_SAL_QTR_RN(1.0),N_A,239,QFY,2018,2017,25_TO_50,SC_TO_SAL,0,2017-12-31,RPT,15.0616
RBI:RATIO_LNGNFC_SAL_QTR_RN(1.0),N_A,239,QFY,2018,2017,25_TO_50,TAX_PROV_TO_EBT,0,2017-12-31,RPT,20.1895
RBI:RATIO_LNGNFC_SAL_QTR_RN(1.0),N_A,239,QFY,2018,2017,500_TO_1000,CORM_TO_SAL,0,2017-12-31,RPT,53.856
RBI:RATIO_LNGNFC_SAL_QTR_RN(1.0),N_A,239,QFY,2018,2017,500_TO_1000,CSH_CVG_RATIO,0,2017-12-31,RPT,2.628272
RBI:RATIO_LNGNFC_SAL_QTR_RN(1.0),N_A,239,QFY,2018,2017,500_TO_1000,EBITDA_TO_SAL,0,2017-12-31,RPT,11.3894
RBI:RATIO_LNGNFC_SAL_QTR_RN(1.0),N_A,239,QFY,2018,2017,500_TO_1000,EBIT_TO_SAL,0,2017-12-31,RPT,8.1031
RBI:RATIO_LNGNFC_SAL_QTR_RN(1.0),N_A,239,QFY,2018,2017,500_TO_1000,INT_BURDEN,0,2017-12-31,RPT,53.4789
RBI:RATIO_LNGNFC_SAL_QTR_RN(1.0),N_A,239,QFY,2018,2017,500_TO_1000,INT_CVG,0,2017-12-31,RPT,1.869897
RBI:RATIO_LNGNFC_SAL_QTR_RN(1.0),N_A,239,QFY,2018,2017,500_TO_1000,INT_TO_SAL,0,2017-12-31,RPT,4.3334
RBI:RATIO_LNGNFC_SAL_QTR_RN(1.0),N_A,239,QFY,2018,2017,500_TO_1000,NET_PFT_TO_SAL,0,2017-12-31,RPT,1.3894
RBI:RATIO_LNGNFC_SAL_QTR_RN(1.0),N_A,239,QFY,2018,2017,500_TO_1000,OPR_PFTS_TO_SAL,0,2017-12-31,RPT,8.8056
RBI:RATIO_LNGNFC_SAL_QTR_RN(1.0),N_A,239,QFY,2018,2017,500_TO_1000,SC_TO_SAL,0,2017-12-31,RPT,9.7575
RBI:RATIO_LNGNFC_SAL_QTR_RN(1.0),N_A,239,QFY,2018,2017,500_TO_1000,TAX_PROV_TO_EBT,0,2017-12-31,RPT,27.3865
RBI:RATIO_LNGNFC_SAL_QTR_RN(1.0),N_A,279,QFY,2018,2017,50_TO_100,CORM_TO_SAL,0,2017-12-31,RPT,52.5282
RBI:RATIO_LNGNFC_SAL_QTR_RN(1.0),N_A,279,QFY,2018,2017,50_TO_100,CSH_CVG_RATIO,0,2017-12-31,RPT,0.987037
RBI:RATIO_LNGNFC_SAL_QTR_RN(1.0),N_A,279,QFY,2018,2017,50_TO_100,EBITDA_TO_SAL,0,2017-12-31,RPT,9.9544
RBI:RATIO_LNGNFC_SAL_QTR_RN(1.0),N_A,279,QFY,2018,2017,50_TO_100,EBIT_TO_SAL,0,2017-12-31,RPT,3.6563
RBI:RATIO_LNGNFC_SAL_QTR_RN(1.0),N_A,279,QFY,2018,2017,50_TO_100,INT_CVG,0,2017-12-31,RPT,0.362549
RBI:RATIO_LNGNFC_SAL_QTR_RN(1.0),N_A,279,QFY,2018,2017,50_TO_100,INT_TO_SAL,0,2017-12-31,RPT,10.0851
RBI:RATIO_LNGNFC_SAL_QTR_RN(1.0),N_A,279,QFY,2018,2017,50_TO_100,NET_PFT_TO_SAL,0,2017-12-31,RPT,-7.9321
RBI:RATIO_LNGNFC_SAL_QTR_RN(1.0),N_A,279,QFY,2018,2017,50_TO_100,OPR_PFTS_TO_SAL,0,2017-12-31,RPT,6.2215
RBI:RATIO_LNGNFC_SAL_QTR_RN(1.0),N_A,279,QFY,2018,2017,50_TO_100,SC_TO_SAL,0,2017-12-31,RPT,13.8131
RBI:RATIO_LNGNFC_SAL_QTR_RN(1.0),N_A,279,QFY,2018,2017,50_TO_100,TAX_PROV_TO_EBT,0,2017-12-31,RPT,24.1226
RBI:RATIO_LNGNFC_SAL_QTR_RN(1.0),N_A,2705,QFY,2018,2017,ALL_COMP,CORM_TO_SAL,0,2017-12-31,RPT,50.9719
RBI:RATIO_LNGNFC_SAL_QTR_RN(1.0),N_A,2705,QFY,2018,2017,ALL_COMP,CSH_CVG_RATIO,0,2017-12-31,RPT,4.596299
RBI:RATIO_LNGNFC_SAL_QTR_RN(1.0),N_A,2705,QFY,2018,2017,ALL_COMP,EBITDA_TO_SAL,0,2017-12-31,RPT,18.1871
RBI:RATIO_LNGNFC_SAL_QTR_RN(1.0),N_A,2705,QFY,2018,2017,ALL_COMP,EBIT_TO_SAL,0,2017-12-31,RPT,14.0613
RBI:RATIO_LNGNFC_SAL_QTR_RN(1.0),N_A,2705,QFY,2018,2017,ALL_COMP,INT_BURDEN,0,2017-12-31,RPT,28.1404
RBI:RATIO_LNGNFC_SAL_QTR_RN(1.0),N_A,2705,QFY,2018,2017,ALL_COMP,INT_CVG,0,2017-12-31,RPT,3.553609
RBI:RATIO_LNGNFC_SAL_QTR_RN(1.0),N_A,2705,QFY,2018,2017,ALL_COMP,INT_TO_SAL,0,2017-12-31,RPT,3.9569
RBI:RATIO_LNGNFC_SAL_QTR_RN(1.0),N_A,2705,QFY,2018,2017,ALL_COMP,NET_PFT_TO_SAL,0,2017-12-31,RPT,6.7476
RBI:RATIO_LNGNFC_SAL_QTR_RN(1.0),N_A,2705,QFY,2018,2017,ALL_COMP,OPR_PFTS_TO_SAL,0,2017-12-31,RPT,15.3632
RBI:RATIO_LNGNFC_SAL_QTR_RN(1.0),N_A,2705,QFY,2018,2017,ALL_COMP,OTH_INC_NET_PFT,0,2017-12-31,RPT,41.8498
RBI:RATIO_LNGNFC_SAL_QTR_RN(1.0),N_A,2705,QFY,2018,2017,ALL_COMP,SC_TO_SAL,0,2017-12-31,RPT,10.3923
RBI:RATIO_LNGNFC_SAL_QTR_RN(1.0),N_A,2705,QFY,2018,2017,ALL_COMP,TAX_PROV_TO_EBT,0,2017-12-31,RPT,22.9186
RBI:RATIO_LNGNFC_SAL_QTR_RN(1.0),N_A,701,QFY,2018,2017,LES_CLS_THAN_25,CORM_TO_SAL,0,2017-12-31,RPT,52.923
RBI:RATIO_LNGNFC_SAL_QTR_RN(1.0),N_A,701,QFY,2018,2017,LES_CLS_THAN_25,CSH_CVG_RATIO,0,2017-12-31,RPT,0.109773
RBI:RATIO_LNGNFC_SAL_QTR_RN(1.0),N_A,701,QFY,2018,2017,LES_CLS_THAN_25,EBITDA_TO_SAL,0,2017-12-31,RPT,4.0037
RBI:RATIO_LNGNFC_SAL_QTR_RN(1.0),N_A,701,QFY,2018,2017,LES_CLS_THAN_25,EBIT_TO_SAL,0,2017-12-31,RPT,-13.0662
RBI:RATIO_LNGNFC_SAL_QTR_RN(1.0),N_A,701,QFY,2018,2017,LES_CLS_THAN_25,INT_TO_SAL,0,2017-12-31,RPT,36.4723
RBI:RATIO_LNGNFC_SAL_QTR_RN(1.0),N_A,701,QFY,2018,2017,LES_CLS_THAN_25,NET_PFT_TO_SAL,0,2017-12-31,RPT,-79.431
RBI:RATIO_LNGNFC_SAL_QTR_RN(1.0),N_A,701,QFY,2018,2017,LES_CLS_THAN_25,OPR_PFTS_TO_SAL,0,2017-12-31,RPT,-45.8819
RBI:RATIO_LNGNFC_SAL_QTR_RN(1.0),N_A,701,QFY,2018,2017,LES_CLS_THAN_25,SC_TO_SAL,0,2017-12-31,RPT,24.1987
RBI:RATIO_LNGNFC_SAL_QTR_RN(1.0),N_A,701,QFY,2018,2017,LES_CLS_THAN_25,TAX_PROV_TO_EBT,0,2017-12-31,RPT,15.4647
RBI:RATIO_LNGNFC_SAL_QTR_RN(1.0),N_A,532,QFY,2018,2017,100_N_ABOVE,CORM_TO_SAL,0,2018-03-31,RPT,50.3513
RBI:RATIO_LNGNFC_SAL_QTR_RN(1.0),N_A,532,QFY,2018,2017,100_N_ABOVE,CSH_CVG_RATIO,0,2018-03-31,RPT,6.400788
RBI:RATIO_LNGNFC_SAL_QTR_RN(1.0),N_A,532,QFY,2018,2017,100_N_ABOVE,EBITDA_TO_SAL,0,2018-03-31,RPT,19.4355
RBI:RATIO_LNGNFC_SAL_QTR_RN(1.0),N_A,532,QFY,2018,2017,100_N_ABOVE,EBIT_TO_SAL,0,2018-03-31,RPT,15.6241
RBI:RATIO_LNGNFC_SAL_QTR_RN(1.0),N_A,532,QFY,2018,2017,100_N_ABOVE,INT_BURDEN,0,2018-03-31,RPT,19.4342
RBI:RATIO_LNGNFC_SAL_QTR_RN(1.0),N_A,532,QFY,2018,2017,100_N_ABOVE,INT_CVG,0,2018-03-31,RPT,5.145566
RBI:RATIO_LNGNFC_SAL_QTR_RN(1.0),N_A,532,QFY,2018,2017,100_N_ABOVE,INT_TO_SAL,0,2018-03-31,RPT,3.0364
RBI:RATIO_LNGNFC_SAL_QTR_RN(1.0),N_A,532,QFY,2018,2017,100_N_ABOVE,NET_PFT_TO_SAL,0,2018-03-31,RPT,7.2355
RBI:RATIO_LNGNFC_SAL_QTR_RN(1.0),N_A,532,QFY,2018,2017,100_N_ABOVE,OPR_PFTS_TO_SAL,0,2018-03-31,RPT,15.9638
RBI:RATIO_LNGNFC_SAL_QTR_RN(1.0),N_A,532,QFY,2018,2017,100_N_ABOVE,OTH_INC_NET_PFT,0,2018-03-31,RPT,47.9814
RBI:RATIO_LNGNFC_SAL_QTR_RN(1.0),N_A,532,QFY,2018,2017,100_N_ABOVE,SC_TO_SAL,0,2018-03-31,RPT,9.8589
RBI:RATIO_LNGNFC_SAL_QTR_RN(1.0),N_A,532,QFY,2018,2017,100_N_ABOVE,TAX_PROV_TO_EBT,0,2018-03-31,RPT,23.738
RBI:RATIO_LNGNFC_SAL_QTR_RN(1.0),N_A,730,QFY,2018,2017,100_TO_500,CORM_TO_SAL,0,2018-03-31,RPT,55.3531
RBI:RATIO_LNGNFC_SAL_QTR_RN(1.0),N_A,730,QFY,2018,2017,100_TO_500,CSH_CVG_RATIO,0,2018-03-31,RPT,1.591045
RBI:RATIO_LNGNFC_SAL_QTR_RN(1.0),N_A,730,QFY,2018,2017,100_TO_500,EBITDA_TO_SAL,0,2018-03-31,RPT,8.6793
RBI:RATIO_LNGNFC_SAL_QTR_RN(1.0),N_A,730,QFY,2018,2017,100_TO_500,EBIT_TO_SAL,0,2018-03-31,RPT,4.4083
RBI:RATIO_LNGNFC_SAL_QTR_RN(1.0),N_A,730,QFY,2018,2017,100_TO_500,INT_BURDEN,0,2018-03-31,RPT,123.7449
RBI:RATIO_LNGNFC_SAL_QTR_RN(1.0),N_A,730,QFY,2018,2017,100_TO_500,INT_CVG,0,2018-03-31,RPT,0.808114
RBI:RATIO_LNGNFC_SAL_QTR_RN(1.0),N_A,730,QFY,2018,2017,100_TO_500,INT_TO_SAL,0,2018-03-31,RPT,5.4551
RBI:RATIO_LNGNFC_SAL_QTR_RN(1.0),N_A,730,QFY,2018,2017,100_TO_500,NET_PFT_TO_SAL,0,2018-03-31,RPT,-9.4477
RBI:RATIO_LNGNFC_SAL_QTR_RN(1.0),N_A,730,QFY,2018,2017,100_TO_500,OPR_PFTS_TO_SAL,0,2018-03-31,RPT,4.588
RBI:RATIO_LNGNFC_SAL_QTR_RN(1.0),N_A,730,QFY,2018,2017,100_TO_500,SC_TO_SAL,0,2018-03-31,RPT,10.9838
RBI:RATIO_LNGNFC_SAL_QTR_RN(1.0),N_A,730,QFY,2018,2017,100_TO_500,TAX_PROV_TO_EBT,0,2018-03-31,RPT,25.9338
RBI:RATIO_LNGNFC_SAL_QTR_RN(1.0),N_A,221,QFY,2018,2017,25_TO_50,CORM_TO_SAL,0,2018-03-31,RPT,52.5546
RBI:RATIO_LNGNFC_SAL_QTR_RN(1.0),N_A,221,QFY,2018,2017,25_TO_50,EBITDA_TO_SAL,0,2018-03-31,RPT,-14.4308
RBI:RATIO_LNGNFC_SAL_QTR_RN(1.0),N_A,221,QFY,2018,2017,25_TO_50,EBIT_TO_SAL,0,2018-03-31,RPT,-20.0108
RBI:RATIO_LNGNFC_SAL_QTR_RN(1.0),N_A,221,QFY,2018,2017,25_TO_50,INT_TO_SAL,0,2018-03-31,RPT,9.5045
RBI:RATIO_LNGNFC_SAL_QTR_RN(1.0),N_A,221,QFY,2018,2017,25_TO_50,NET_PFT_TO_SAL,0,2018-03-31,RPT,-71.7236
RBI:RATIO_LNGNFC_SAL_QTR_RN(1.0),N_A,221,QFY,2018,2017,25_TO_50,OPR_PFTS_TO_SAL,0,2018-03-31,RPT,-25.8818
RBI:RATIO_LNGNFC_SAL_QTR_RN(1.0),N_A,221,QFY,2018,2017,25_TO_50,SC_TO_SAL,0,2018-03-31,RPT,18.4124
RBI:RATIO_LNGNFC_SAL_QTR_RN(1.0),N_A,221,QFY,2018,2017,25_TO_50,TAX_PROV_TO_EBT,0,2018-03-31,RPT,18.1264
RBI:RATIO_LNGNFC_SAL_QTR_RN(1.0),N_A,252,QFY,2018,2017,500_TO_1000,CORM_TO_SAL,0,2018-03-31,RPT,55.8793
RBI:RATIO_LNGNFC_SAL_QTR_RN(1.0),N_A,252,QFY,2018,2017,500_TO_1000,CSH_CVG_RATIO,0,2018-03-31,RPT,2.483689
RBI:RATIO_LNGNFC_SAL_QTR_RN(1.0),N_A,252,QFY,2018,2017,500_TO_1000,EBITDA_TO_SAL,0,2018-03-31,RPT,12.5207
RBI:RATIO_LNGNFC_SAL_QTR_RN(1.0),N_A,252,QFY,2018,2017,500_TO_1000,EBIT_TO_SAL,0,2018-03-31,RPT,9.1868
RBI:RATIO_LNGNFC_SAL_QTR_RN(1.0),N_A,252,QFY,2018,2017,500_TO_1000,INT_BURDEN,0,2018-03-31,RPT,54.8743
RBI:RATIO_LNGNFC_SAL_QTR_RN(1.0),N_A,252,QFY,2018,2017,500_TO_1000,INT_CVG,0,2018-03-31,RPT,1.822348
RBI:RATIO_LNGNFC_SAL_QTR_RN(1.0),N_A,252,QFY,2018,2017,500_TO_1000,INT_TO_SAL,0,2018-03-31,RPT,5.0412
RBI:RATIO_LNGNFC_SAL_QTR_RN(1.0),N_A,252,QFY,2018,2017,500_TO_1000,NET_PFT_TO_SAL,0,2018-03-31,RPT,0.8475
RBI:RATIO_LNGNFC_SAL_QTR_RN(1.0),N_A,252,QFY,2018,2017,500_TO_1000,OPR_PFTS_TO_SAL,0,2018-03-31,RPT,8.869
RBI:RATIO_LNGNFC_SAL_QTR_RN(1.0),N_A,252,QFY,2018,2017,500_TO_1000,SC_TO_SAL,0,2018-03-31,RPT,8.918
RBI:RATIO_LNGNFC_SAL_QTR_RN(1.0),N_A,252,QFY,2018,2017,500_TO_1000,TAX_PROV_TO_EBT,0,2018-03-31,RPT,26.4268
RBI:RATIO_LNGNFC_SAL_QTR_RN(1.0),N_A,301,QFY,2018,2017,50_TO_100,CORM_TO_SAL,0,2018-03-31,RPT,53.0751
RBI:RATIO_LNGNFC_SAL_QTR_RN(1.0),N_A,301,QFY,2018,2017,50_TO_100,EBITDA_TO_SAL,0,2018-03-31,RPT,-15.7946
RBI:RATIO_LNGNFC_SAL_QTR_RN(1.0),N_A,301,QFY,2018,2017,50_TO_100,EBIT_TO_SAL,0,2018-03-31,RPT,-20.7735
RBI:RATIO_LNGNFC_SAL_QTR_RN(1.0),N_A,301,QFY,2018,2017,50_TO_100,INT_TO_SAL,0,2018-03-31,RPT,10.8496
RBI:RATIO_LNGNFC_SAL_QTR_RN(1.0),N_A,301,QFY,2018,2017,50_TO_100,NET_PFT_TO_SAL,0,2018-03-31,RPT,-37.0067
RBI:RATIO_LNGNFC_SAL_QTR_RN(1.0),N_A,301,QFY,2018,2017,50_TO_100,OPR_PFTS_TO_SAL,0,2018-03-31,RPT,-21.2544
RBI:RATIO_LNGNFC_SAL_QTR_RN(1.0),N_A,301,QFY,2018,2017,50_TO_100,SC_TO_SAL,0,2018-03-31,RPT,13.6885
RBI:RATIO_LNGNFC_SAL_QTR_RN(1.0),N_A,301,QFY,2018,2017,50_TO_100,TAX_PROV_TO_EBT,0,2018-03-31,RPT,21.4499
RBI:RATIO_LNGNFC_SAL_QTR_RN(1.0),N_A,2723,QFY,2018,2017,ALL_COMP,CORM_TO_SAL,0,2018-03-31,RPT,50.9127
RBI:RATIO_LNGNFC_SAL_QTR_RN(1.0),N_A,2723,QFY,2018,2017,ALL_COMP,CSH_CVG_RATIO,0,2018-03-31,RPT,5.451299
RBI:RATIO_LNGNFC_SAL_QTR_RN(1.0),N_A,2723,QFY,2018,2017,ALL_COMP,EBITDA_TO_SAL,0,2018-03-31,RPT,18.1747
RBI:RATIO_LNGNFC_SAL_QTR_RN(1.0),N_A,2723,QFY,2018,2017,ALL_COMP,EBIT_TO_SAL,0,2018-03-31,RPT,14.3379
RBI:RATIO_LNGNFC_SAL_QTR_RN(1.0),N_A,2723,QFY,2018,2017,ALL_COMP,INT_BURDEN,0,2018-03-31,RPT,23.2532
RBI:RATIO_LNGNFC_SAL_QTR_RN(1.0),N_A,2723,QFY,2018,2017,ALL_COMP,INT_CVG,0,2018-03-31,RPT,4.300484
RBI:RATIO_LNGNFC_SAL_QTR_RN(1.0),N_A,2723,QFY,2018,2017,ALL_COMP,INT_TO_SAL,0,2018-03-31,RPT,3.334
RBI:RATIO_LNGNFC_SAL_QTR_RN(1.0),N_A,2723,QFY,2018,2017,ALL_COMP,NET_PFT_TO_SAL,0,2018-03-31,RPT,5.5018
RBI:RATIO_LNGNFC_SAL_QTR_RN(1.0),N_A,2723,QFY,2018,2017,ALL_COMP,OPR_PFTS_TO_SAL,0,2018-03-31,RPT,14.5993
RBI:RATIO_LNGNFC_SAL_QTR_RN(1.0),N_A,2723,QFY,2018,2017,ALL_COMP,OTH_INC_NET_PFT,0,2018-03-31,RPT,64.9861
RBI:RATIO_LNGNFC_SAL_QTR_RN(1.0),N_A,2723,QFY,2018,2017,ALL_COMP,SC_TO_SAL,0,2018-03-31,RPT,9.9262
RBI:RATIO_LNGNFC_SAL_QTR_RN(1.0),N_A,2723,QFY,2018,2017,ALL_COMP,TAX_PROV_TO_EBT,0,2018-03-31,RPT,23.8748
RBI:RATIO_LNGNFC_SAL_QTR_RN(1.0),N_A,687,QFY,2018,2017,LES_CLS_THAN_25,CORM_TO_SAL,0,2018-03-31,RPT,55.5635
RBI:RATIO_LNGNFC_SAL_QTR_RN(1.0),N_A,687,QFY,2018,2017,LES_CLS_THAN_25,EBITDA_TO_SAL,0,2018-03-31,RPT,-60.4917
RBI:RATIO_LNGNFC_SAL_QTR_RN(1.0),N_A,687,QFY,2018,2017,LES_CLS_THAN_25,EBIT_TO_SAL,0,2018-03-31,RPT,-75.2432
RBI:RATIO_LNGNFC_SAL_QTR_RN(1.0),N_A,687,QFY,2018,2017,LES_CLS_THAN_25,INT_TO_SAL,0,2018-03-31,RPT,17.6456
RBI:RATIO_LNGNFC_SAL_QTR_RN(1.0),N_A,687,QFY,2018,2017,LES_CLS_THAN_25,NET_PFT_TO_SAL,0,2018-03-31,RPT,-111.9832
RBI:RATIO_LNGNFC_SAL_QTR_RN(1.0),N_A,687,QFY,2018,2017,LES_CLS_THAN_25,OPR_PFTS_TO_SAL,0,2018-03-31,RPT,-88.5623
RBI:RATIO_LNGNFC_SAL_QTR_RN(1.0),N_A,687,QFY,2018,2017,LES_CLS_THAN_25,SC_TO_SAL,0,2018-03-31,RPT,23.789
RBI:RATIO_LNGNFC_SAL_QTR_RN(1.0),N_A,687,QFY,2018,2017,LES_CLS_THAN_25,TAX_PROV_TO_EBT,0,2018-03-31,RPT,19.3888
RBI:RATIO_LNGNFC_SAL_QTR_RN(1.0),N_A,542,QFY,2019,2018,100_N_ABOVE,CORM_TO_SAL,0,2018-06-30,RPT,51.3721
RBI:RATIO_LNGNFC_SAL_QTR_RN(1.0),N_A,542,QFY,2019,2018,100_N_ABOVE,CSH_CVG_RATIO,0,2018-06-30,RPT,5.862085
RBI:RATIO_LNGNFC_SAL_QTR_RN(1.0),N_A,542,QFY,2019,2018,100_N_ABOVE,EBITDA_TO_SAL,0,2018-06-30,RPT,19.0861
RBI:RATIO_LNGNFC_SAL_QTR_RN(1.0),N_A,542,QFY,2019,2018,100_N_ABOVE,EBIT_TO_SAL,0,2018-06-30,RPT,15.2844
RBI:RATIO_LNGNFC_SAL_QTR_RN(1.0),N_A,542,QFY,2019,2018,100_N_ABOVE,INT_BURDEN,0,2018-06-30,RPT,21.3019
RBI:RATIO_LNGNFC_SAL_QTR_RN(1.0),N_A,542,QFY,2019,2018,100_N_ABOVE,INT_CVG,0,2018-06-30,RPT,4.694425
RBI:RATIO_LNGNFC_SAL_QTR_RN(1.0),N_A,542,QFY,2019,2018,100_N_ABOVE,INT_TO_SAL,0,2018-06-30,RPT,3.2559
RBI:RATIO_LNGNFC_SAL_QTR_RN(1.0),N_A,542,QFY,2019,2018,100_N_ABOVE,NET_PFT_TO_SAL,0,2018-06-30,RPT,8.9051
RBI:RATIO_LNGNFC_SAL_QTR_RN(1.0),N_A,542,QFY,2019,2018,100_N_ABOVE,OPR_PFTS_TO_SAL,0,2018-06-30,RPT,16.3991
RBI:RATIO_LNGNFC_SAL_QTR_RN(1.0),N_A,542,QFY,2019,2018,100_N_ABOVE,OTH_INC_NET_PFT,0,2018-06-30,RPT,30.1736
RBI:RATIO_LNGNFC_SAL_QTR_RN(1.0),N_A,542,QFY,2019,2018,100_N_ABOVE,SC_TO_SAL,0,2018-06-30,RPT,9.9527
RBI:RATIO_LNGNFC_SAL_QTR_RN(1.0),N_A,542,QFY,2019,2018,100_N_ABOVE,TAX_PROV_TO_EBT,0,2018-06-30,RPT,26.498
RBI:RATIO_LNGNFC_SAL_QTR_RN(1.0),N_A,713,QFY,2019,2018,100_TO_500,CORM_TO_SAL,0,2018-06-30,RPT,54.3227
RBI:RATIO_LNGNFC_SAL_QTR_RN(1.0),N_A,713,QFY,2019,2018,100_TO_500,CSH_CVG_RATIO,0,2018-06-30,RPT,1.915975
RBI:RATIO_LNGNFC_SAL_QTR_RN(1.0),N_A,713,QFY,2019,2018,100_TO_500,EBITDA_TO_SAL,0,2018-06-30,RPT,14.4167
RBI:RATIO_LNGNFC_SAL_QTR_RN(1.0),N_A,713,QFY,2019,2018,100_TO_500,EBIT_TO_SAL,0,2018-06-30,RPT,9.7479
RBI:RATIO_LNGNFC_SAL_QTR_RN(1.0),N_A,713,QFY,2019,2018,100_TO_500,INT_BURDEN,0,2018-06-30,RPT,77.1906
RBI:RATIO_LNGNFC_SAL_QTR_RN(1.0),N_A,713,QFY,2019,2018,100_TO_500,INT_CVG,0,2018-06-30,RPT,1.295495
RBI:RATIO_LNGNFC_SAL_QTR_RN(1.0),N_A,713,QFY,2019,2018,100_TO_500,INT_TO_SAL,0,2018-06-30,RPT,7.5244
RBI:RATIO_LNGNFC_SAL_QTR_RN(1.0),N_A,713,QFY,2019,2018,100_TO_500,NET_PFT_TO_SAL,0,2018-06-30,RPT,0.3402
RBI:RATIO_LNGNFC_SAL_QTR_RN(1.0),N_A,713,QFY,2019,2018,100_TO_500,OPR_PFTS_TO_SAL,0,2018-06-30,RPT,10.3625
RBI:RATIO_LNGNFC_SAL_QTR_RN(1.0),N_A,713,QFY,2019,2018,100_TO_500,SC_TO_SAL,0,2018-06-30,RPT,11.9173
RBI:RATIO_LNGNFC_SAL_QTR_RN(1.0),N_A,713,QFY,2019,2018,100_TO_500,TAX_PROV_TO_EBT,0,2018-06-30,RPT,26.7114
RBI:RATIO_LNGNFC_SAL_QTR_RN(1.0),N_A,230,QFY,2019,2018,25_TO_50,CORM_TO_SAL,0,2018-06-30,RPT,51.7527
RBI:RATIO_LNGNFC_SAL_QTR_RN(1.0),N_A,230,QFY,2019,2018,25_TO_50,CSH_CVG_RATIO,0,2018-06-30,RPT,0.761553
RBI:RATIO_LNGNFC_SAL_QTR_RN(1.0),N_A,230,QFY,2019,2018,25_TO_50,EBITDA_TO_SAL,0,2018-06-30,RPT,15.3095
RBI:RATIO_LNGNFC_SAL_QTR_RN(1.0),N_A,230,QFY,2019,2018,25_TO_50,EBIT_TO_SAL,0,2018-06-30,RPT,7.7584
RBI:RATIO_LNGNFC_SAL_QTR_RN(1.0),N_A,230,QFY,2019,2018,25_TO_50,INT_CVG,0,2018-06-30,RPT,0.385931
RBI:RATIO_LNGNFC_SAL_QTR_RN(1.0),N_A,230,QFY,2019,2018,25_TO_50,INT_TO_SAL,0,2018-06-30,RPT,20.103
RBI:RATIO_LNGNFC_SAL_QTR_RN(1.0),N_A,230,QFY,2019,2018,25_TO_50,NET_PFT_TO_SAL,0,2018-06-30,RPT,-19.2844
RBI:RATIO_LNGNFC_SAL_QTR_RN(1.0),N_A,230,QFY,2019,2018,25_TO_50,OPR_PFTS_TO_SAL,0,2018-06-30,RPT,-0.6456
RBI:RATIO_LNGNFC_SAL_QTR_RN(1.0),N_A,230,QFY,2019,2018,25_TO_50,SC_TO_SAL,0,2018-06-30,RPT,17.0813
RBI:RATIO_LNGNFC_SAL_QTR_RN(1.0),N_A,230,QFY,2019,2018,25_TO_50,TAX_PROV_TO_EBT,0,2018-06-30,RPT,22.1161
RBI:RATIO_LNGNFC_SAL_QTR_RN(1.0),N_A,245,QFY,2019,2018,500_TO_1000,CORM_TO_SAL,0,2018-06-30,RPT,51.7121
RBI:RATIO_LNGNFC_SAL_QTR_RN(1.0),N_A,245,QFY,2019,2018,500_TO_1000,CSH_CVG_RATIO,0,2018-06-30,RPT,2.318844
RBI:RATIO_LNGNFC_SAL_QTR_RN(1.0),N_A,245,QFY,2019,2018,500_TO_1000,EBITDA_TO_SAL,0,2018-06-30,RPT,12.927
RBI:RATIO_LNGNFC_SAL_QTR_RN(1.0),N_A,245,QFY,2019,2018,500_TO_1000,EBIT_TO_SAL,0,2018-06-30,RPT,9.1658
RBI:RATIO_LNGNFC_SAL_QTR_RN(1.0),N_A,245,QFY,2019,2018,500_TO_1000,INT_BURDEN,0,2018-06-30,RPT,60.8214
RBI:RATIO_LNGNFC_SAL_QTR_RN(1.0),N_A,245,QFY,2019,2018,500_TO_1000,INT_CVG,0,2018-06-30,RPT,1.644158
RBI:RATIO_LNGNFC_SAL_QTR_RN(1.0),N_A,245,QFY,2019,2018,500_TO_1000,INT_TO_SAL,0,2018-06-30,RPT,5.5748
RBI:RATIO_LNGNFC_SAL_QTR_RN(1.0),N_A,245,QFY,2019,2018,500_TO_1000,NET_PFT_TO_SAL,0,2018-06-30,RPT,-2.2156
RBI:RATIO_LNGNFC_SAL_QTR_RN(1.0),N_A,245,QFY,2019,2018,500_TO_1000,OPR_PFTS_TO_SAL,0,2018-06-30,RPT,10.9155
RBI:RATIO_LNGNFC_SAL_QTR_RN(1.0),N_A,245,QFY,2019,2018,500_TO_1000,SC_TO_SAL,0,2018-06-30,RPT,9.8613
RBI:RATIO_LNGNFC_SAL_QTR_RN(1.0),N_A,245,QFY,2019,2018,500_TO_1000,TAX_PROV_TO_EBT,0,2018-06-30,RPT,29.2366
RBI:RATIO_LNGNFC_SAL_QTR_RN(1.0),N_A,283,QFY,2019,2018,50_TO_100,CORM_TO_SAL,0,2018-06-30,RPT,52.0558
RBI:RATIO_LNGNFC_SAL_QTR_RN(1.0),N_A,283,QFY,2019,2018,50_TO_100,CSH_CVG_RATIO,0,2018-06-30,RPT,0.900495
RBI:RATIO_LNGNFC_SAL_QTR_RN(1.0),N_A,283,QFY,2019,2018,50_TO_100,EBITDA_TO_SAL,0,2018-06-30,RPT,6.7299
RBI:RATIO_LNGNFC_SAL_QTR_RN(1.0),N_A,283,QFY,2019,2018,50_TO_100,EBIT_TO_SAL,0,2018-06-30,RPT,1.5281
RBI:RATIO_LNGNFC_SAL_QTR_RN(1.0),N_A,283,QFY,2019,2018,50_TO_100,INT_CVG,0,2018-06-30,RPT,0.20447
RBI:RATIO_LNGNFC_SAL_QTR_RN(1.0),N_A,283,QFY,2019,2018,50_TO_100,INT_TO_SAL,0,2018-06-30,RPT,7.4736
RBI:RATIO_LNGNFC_SAL_QTR_RN(1.0),N_A,283,QFY,2019,2018,50_TO_100,NET_PFT_TO_SAL,0,2018-06-30,RPT,-8.3273
RBI:RATIO_LNGNFC_SAL_QTR_RN(1.0),N_A,283,QFY,2019,2018,50_TO_100,OPR_PFTS_TO_SAL,0,2018-06-30,RPT,3.7604
RBI:RATIO_LNGNFC_SAL_QTR_RN(1.0),N_A,283,QFY,2019,2018,50_TO_100,SC_TO_SAL,0,2018-06-30,RPT,14.5752
RBI:RATIO_LNGNFC_SAL_QTR_RN(1.0),N_A,283,QFY,2019,2018,50_TO_100,TAX_PROV_TO_EBT,0,2018-06-30,RPT,23.6302
RBI:RATIO_LNGNFC_SAL_QTR_RN(1.0),N_A,2724,QFY,2019,2018,ALL_COMP,CORM_TO_SAL,0,2018-06-30,RPT,51.5365
RBI:RATIO_LNGNFC_SAL_QTR_RN(1.0),N_A,2724,QFY,2019,2018,ALL_COMP,CSH_CVG_RATIO,0,2018-06-30,RPT,5.04996
RBI:RATIO_LNGNFC_SAL_QTR_RN(1.0),N_A,2724,QFY,2019,2018,ALL_COMP,EBITDA_TO_SAL,0,2018-06-30,RPT,18.4979
RBI:RATIO_LNGNFC_SAL_QTR_RN(1.0),N_A,2724,QFY,2019,2018,ALL_COMP,EBIT_TO_SAL,0,2018-06-30,RPT,14.6287
RBI:RATIO_LNGNFC_SAL_QTR_RN(1.0),N_A,2724,QFY,2019,2018,ALL_COMP,INT_BURDEN,0,2018-06-30,RPT,25.0398
RBI:RATIO_LNGNFC_SAL_QTR_RN(1.0),N_A,2724,QFY,2019,2018,ALL_COMP,INT_CVG,0,2018-06-30,RPT,3.99364
RBI:RATIO_LNGNFC_SAL_QTR_RN(1.0),N_A,2724,QFY,2019,2018,ALL_COMP,INT_TO_SAL,0,2018-06-30,RPT,3.663
RBI:RATIO_LNGNFC_SAL_QTR_RN(1.0),N_A,2724,QFY,2019,2018,ALL_COMP,NET_PFT_TO_SAL,0,2018-06-30,RPT,7.748
RBI:RATIO_LNGNFC_SAL_QTR_RN(1.0),N_A,2724,QFY,2019,2018,ALL_COMP,OPR_PFTS_TO_SAL,0,2018-06-30,RPT,15.6983
RBI:RATIO_LNGNFC_SAL_QTR_RN(1.0),N_A,2724,QFY,2019,2018,ALL_COMP,OTH_INC_NET_PFT,0,2018-06-30,RPT,36.1335
RBI:RATIO_LNGNFC_SAL_QTR_RN(1.0),N_A,2724,QFY,2019,2018,ALL_COMP,SC_TO_SAL,0,2018-06-30,RPT,10.0978
RBI:RATIO_LNGNFC_SAL_QTR_RN(1.0),N_A,2724,QFY,2019,2018,ALL_COMP,TAX_PROV_TO_EBT,0,2018-06-30,RPT,26.5631
RBI:RATIO_LNGNFC_SAL_QTR_RN(1.0),N_A,711,QFY,2019,2018,LES_CLS_THAN_25,CORM_TO_SAL,0,2018-06-30,RPT,50.7659
RBI:RATIO_LNGNFC_SAL_QTR_RN(1.0),N_A,711,QFY,2019,2018,LES_CLS_THAN_25,CSH_CVG_RATIO,0,2018-06-30,RPT,0.413557
RBI:RATIO_LNGNFC_SAL_QTR_RN(1.0),N_A,711,QFY,2019,2018,LES_CLS_THAN_25,EBITDA_TO_SAL,0,2018-06-30,RPT,13.0834
RBI:RATIO_LNGNFC_SAL_QTR_RN(1.0),N_A,711,QFY,2019,2018,LES_CLS_THAN_25,EBIT_TO_SAL,0,2018-06-30,RPT,0.0462
RBI:RATIO_LNGNFC_SAL_QTR_RN(1.0),N_A,711,QFY,2019,2018,LES_CLS_THAN_25,INT_CVG,0,2018-06-30,RPT,0.00146
RBI:RATIO_LNGNFC_SAL_QTR_RN(1.0),N_A,711,QFY,2019,2018,LES_CLS_THAN_25,INT_TO_SAL,0,2018-06-30,RPT,31.6364
RBI:RATIO_LNGNFC_SAL_QTR_RN(1.0),N_A,711,QFY,2019,2018,LES_CLS_THAN_25,NET_PFT_TO_SAL,0,2018-06-30,RPT,-51.4524
RBI:RATIO_LNGNFC_SAL_QTR_RN(1.0),N_A,711,QFY,2019,2018,LES_CLS_THAN_25,OPR_PFTS_TO_SAL,0,2018-06-30,RPT,-24.713
RBI:RATIO_LNGNFC_SAL_QTR_RN(1.0),N_A,711,QFY,2019,2018,LES_CLS_THAN_25,SC_TO_SAL,0,2018-06-30,RPT,22.3384
RBI:RATIO_LNGNFC_SAL_QTR_RN(1.0),N_A,711,QFY,2019,2018,LES_CLS_THAN_25,TAX_PROV_TO_EBT,0,2018-06-30,RPT,16.4023
RBI:RATIO_LNGNFC_SAL_QTR_RN(1.0),N_A,548,QFY,2019,2018,100_N_ABOVE,CORM_TO_SAL,0,2018-09-30,RPT,52.2914
RBI:RATIO_LNGNFC_SAL_QTR_RN(1.0),N_A,548,QFY,2019,2018,100_N_ABOVE,CSH_CVG_RATIO,0,2018-09-30,RPT,6.457304
RBI:RATIO_LNGNFC_SAL_QTR_RN(1.0),N_A,548,QFY,2019,2018,100_N_ABOVE,EBITDA_TO_SAL,0,2018-09-30,RPT,18.52
RBI:RATIO_LNGNFC_SAL_QTR_RN(1.0),N_A,548,QFY,2019,2018,100_N_ABOVE,EBIT_TO_SAL,0,2018-09-30,RPT,15.0133
RBI:RATIO_LNGNFC_SAL_QTR_RN(1.0),N_A,548,QFY,2019,2018,100_N_ABOVE,INT_BURDEN,0,2018-09-30,RPT,19.1036
RBI:RATIO_LNGNFC_SAL_QTR_RN(1.0),N_A,548,QFY,2019,2018,100_N_ABOVE,INT_CVG,0,2018-09-30,RPT,5.234616
RBI:RATIO_LNGNFC_SAL_QTR_RN(1.0),N_A,548,QFY,2019,2018,100_N_ABOVE,INT_TO_SAL,0,2018-09-30,RPT,2.8681
RBI:RATIO_LNGNFC_SAL_QTR_RN(1.0),N_A,548,QFY,2019,2018,100_N_ABOVE,NET_PFT_TO_SAL,0,2018-09-30,RPT,8.3807
RBI:RATIO_LNGNFC_SAL_QTR_RN(1.0),N_A,548,QFY,2019,2018,100_N_ABOVE,OPR_PFTS_TO_SAL,0,2018-09-30,RPT,15.4469
RBI:RATIO_LNGNFC_SAL_QTR_RN(1.0),N_A,548,QFY,2019,2018,100_N_ABOVE,OTH_INC_NET_PFT,0,2018-09-30,RPT,36.6688
RBI:RATIO_LNGNFC_SAL_QTR_RN(1.0),N_A,548,QFY,2019,2018,100_N_ABOVE,SC_TO_SAL,0,2018-09-30,RPT,10.0239
RBI:RATIO_LNGNFC_SAL_QTR_RN(1.0),N_A,548,QFY,2019,2018,100_N_ABOVE,TAX_PROV_TO_EBT,0,2018-09-30,RPT,25.8718
RBI:RATIO_LNGNFC_SAL_QTR_RN(1.0),N_A,719,QFY,2019,2018,100_TO_500,CORM_TO_SAL,0,2018-09-30,RPT,55.1977
RBI:RATIO_LNGNFC_SAL_QTR_RN(1.0),N_A,719,QFY,2019,2018,100_TO_500,CSH_CVG_RATIO,0,2018-09-30,RPT,2.080682
RBI:RATIO_LNGNFC_SAL_QTR_RN(1.0),N_A,719,QFY,2019,2018,100_TO_500,EBITDA_TO_SAL,0,2018-09-30,RPT,13.6477
RBI:RATIO_LNGNFC_SAL_QTR_RN(1.0),N_A,719,QFY,2019,2018,100_TO_500,EBIT_TO_SAL,0,2018-09-30,RPT,9.3165
RBI:RATIO_LNGNFC_SAL_QTR_RN(1.0),N_A,719,QFY,2019,2018,100_TO_500,INT_BURDEN,0,2018-09-30,RPT,70.404
RBI:RATIO_LNGNFC_SAL_QTR_RN(1.0),N_A,719,QFY,2019,2018,100_TO_500,INT_CVG,0,2018-09-30,RPT,1.420373
RBI:RATIO_LNGNFC_SAL_QTR_RN(1.0),N_A,719,QFY,2019,2018,100_TO_500,INT_TO_SAL,0,2018-09-30,RPT,6.5592
RBI:RATIO_LNGNFC_SAL_QTR_RN(1.0),N_A,719,QFY,2019,2018,100_TO_500,NET_PFT_TO_SAL,0,2018-09-30,RPT,-0.0329
RBI:RATIO_LNGNFC_SAL_QTR_RN(1.0),N_A,719,QFY,2019,2018,100_TO_500,OPR_PFTS_TO_SAL,0,2018-09-30,RPT,9.3047
RBI:RATIO_LNGNFC_SAL_QTR_RN(1.0),N_A,719,QFY,2019,2018,100_TO_500,SC_TO_SAL,0,2018-09-30,RPT,11.6589
RBI:RATIO_LNGNFC_SAL_QTR_RN(1.0),N_A,719,QFY,2019,2018,100_TO_500,TAX_PROV_TO_EBT,0,2018-09-30,RPT,22.9954
RBI:RATIO_LNGNFC_SAL_QTR_RN(1.0),N_A,235,QFY,2019,2018,25_TO_50,CORM_TO_SAL,0,2018-09-30,RPT,49.6914
RBI:RATIO_LNGNFC_SAL_QTR_RN(1.0),N_A,235,QFY,2019,2018,25_TO_50,CSH_CVG_RATIO,0,2018-09-30,RPT,1.427285
RBI:RATIO_LNGNFC_SAL_QTR_RN(1.0),N_A,235,QFY,2019,2018,25_TO_50,EBITDA_TO_SAL,0,2018-09-30,RPT,11.4917
RBI:RATIO_LNGNFC_SAL_QTR_RN(1.0),N_A,235,QFY,2019,2018,25_TO_50,EBIT_TO_SAL,0,2018-09-30,RPT,5.0035
RBI:RATIO_LNGNFC_SAL_QTR_RN(1.0),N_A,235,QFY,2019,2018,25_TO_50,INT_CVG,0,2018-09-30,RPT,0.621438
RBI:RATIO_LNGNFC_SAL_QTR_RN(1.0),N_A,235,QFY,2019,2018,25_TO_50,INT_TO_SAL,0,2018-09-30,RPT,8.0515
RBI:RATIO_LNGNFC_SAL_QTR_RN(1.0),N_A,235,QFY,2019,2018,25_TO_50,NET_PFT_TO_SAL,0,2018-09-30,RPT,-4.6851
RBI:RATIO_LNGNFC_SAL_QTR_RN(1.0),N_A,235,QFY,2019,2018,25_TO_50,OPR_PFTS_TO_SAL,0,2018-09-30,RPT,-5.2265
RBI:RATIO_LNGNFC_SAL_QTR_RN(1.0),N_A,235,QFY,2019,2018,25_TO_50,SC_TO_SAL,0,2018-09-30,RPT,14.741
RBI:RATIO_LNGNFC_SAL_QTR_RN(1.0),N_A,235,QFY,2019,2018,25_TO_50,TAX_PROV_TO_EBT,0,2018-09-30,RPT,19.6762
RBI:RATIO_LNGNFC_SAL_QTR_RN(1.0),N_A,263,QFY,2019,2018,500_TO_1000,CORM_TO_SAL,0,2018-09-30,RPT,51.6923
RBI:RATIO_LNGNFC_SAL_QTR_RN(1.0),N_A,263,QFY,2019,2018,500_TO_1000,CSH_CVG_RATIO,0,2018-09-30,RPT,3.17411
RBI:RATIO_LNGNFC_SAL_QTR_RN(1.0),N_A,263,QFY,2019,2018,500_TO_1000,EBITDA_TO_SAL,0,2018-09-30,RPT,22.4987
RBI:RATIO_LNGNFC_SAL_QTR_RN(1.0),N_A,263,QFY,2019,2018,500_TO_1000,EBIT_TO_SAL,0,2018-09-30,RPT,18.6786
RBI:RATIO_LNGNFC_SAL_QTR_RN(1.0),N_A,263,QFY,2019,2018,500_TO_1000,INT_BURDEN,0,2018-09-30,RPT,37.9482
RBI:RATIO_LNGNFC_SAL_QTR_RN(1.0),N_A,263,QFY,2019,2018,500_TO_1000,INT_CVG,0,2018-09-30,RPT,2.635169
RBI:RATIO_LNGNFC_SAL_QTR_RN(1.0),N_A,263,QFY,2019,2018,500_TO_1000,INT_TO_SAL,0,2018-09-30,RPT,7.0882
RBI:RATIO_LNGNFC_SAL_QTR_RN(1.0),N_A,263,QFY,2019,2018,500_TO_1000,NET_PFT_TO_SAL,0,2018-09-30,RPT,0.0846
RBI:RATIO_LNGNFC_SAL_QTR_RN(1.0),N_A,263,QFY,2019,2018,500_TO_1000,OPR_PFTS_TO_SAL,0,2018-09-30,RPT,9.3966
RBI:RATIO_LNGNFC_SAL_QTR_RN(1.0),N_A,263,QFY,2019,2018,500_TO_1000,SC_TO_SAL,0,2018-09-30,RPT,9.4412
RBI:RATIO_LNGNFC_SAL_QTR_RN(1.0),N_A,263,QFY,2019,2018,500_TO_1000,TAX_PROV_TO_EBT,0,2018-09-30,RPT,13.651
RBI:RATIO_LNGNFC_SAL_QTR_RN(1.0),N_A,258,QFY,2019,2018,50_TO_100,CORM_TO_SAL,0,2018-09-30,RPT,55.4946
RBI:RATIO_LNGNFC_SAL_QTR_RN(1.0),N_A,258,QFY,2019,2018,50_TO_100,CSH_CVG_RATIO,0,2018-09-30,RPT,1.081335
RBI:RATIO_LNGNFC_SAL_QTR_RN(1.0),N_A,258,QFY,2019,2018,50_TO_100,EBITDA_TO_SAL,0,2018-09-30,RPT,12.1497
RBI:RATIO_LNGNFC_SAL_QTR_RN(1.0),N_A,258,QFY,2019,2018,50_TO_100,EBIT_TO_SAL,0,2018-09-30,RPT,6.8748
RBI:RATIO_LNGNFC_SAL_QTR_RN(1.0),N_A,258,QFY,2019,2018,50_TO_100,INT_CVG,0,2018-09-30,RPT,0.611862
RBI:RATIO_LNGNFC_SAL_QTR_RN(1.0),N_A,258,QFY,2019,2018,50_TO_100,INT_TO_SAL,0,2018-09-30,RPT,11.2359
RBI:RATIO_LNGNFC_SAL_QTR_RN(1.0),N_A,258,QFY,2019,2018,50_TO_100,NET_PFT_TO_SAL,0,2018-09-30,RPT,-13.3707
RBI:RATIO_LNGNFC_SAL_QTR_RN(1.0),N_A,258,QFY,2019,2018,50_TO_100,OPR_PFTS_TO_SAL,0,2018-09-30,RPT,6.8719
RBI:RATIO_LNGNFC_SAL_QTR_RN(1.0),N_A,258,QFY,2019,2018,50_TO_100,SC_TO_SAL,0,2018-09-30,RPT,14.1559
RBI:RATIO_LNGNFC_SAL_QTR_RN(1.0),N_A,258,QFY,2019,2018,50_TO_100,TAX_PROV_TO_EBT,0,2018-09-30,RPT,21.5882
RBI:RATIO_LNGNFC_SAL_QTR_RN(1.0),N_A,2700,QFY,2019,2018,ALL_COMP,CORM_TO_SAL,0,2018-09-30,RPT,52.4066
RBI:RATIO_LNGNFC_SAL_QTR_RN(1.0),N_A,2700,QFY,2019,2018,ALL_COMP,CSH_CVG_RATIO,0,2018-09-30,RPT,5.515356
RBI:RATIO_LNGNFC_SAL_QTR_RN(1.0),N_A,2700,QFY,2019,2018,ALL_COMP,EBITDA_TO_SAL,0,2018-09-30,RPT,18.4207
RBI:RATIO_LNGNFC_SAL_QTR_RN(1.0),N_A,2700,QFY,2019,2018,ALL_COMP,EBIT_TO_SAL,0,2018-09-30,RPT,14.8292
RBI:RATIO_LNGNFC_SAL_QTR_RN(1.0),N_A,2700,QFY,2019,2018,ALL_COMP,INT_BURDEN,0,2018-09-30,RPT,22.5223
RBI:RATIO_LNGNFC_SAL_QTR_RN(1.0),N_A,2700,QFY,2019,2018,ALL_COMP,INT_CVG,0,2018-09-30,RPT,4.440036
RBI:RATIO_LNGNFC_SAL_QTR_RN(1.0),N_A,2700,QFY,2019,2018,ALL_COMP,INT_TO_SAL,0,2018-09-30,RPT,3.3399
RBI:RATIO_LNGNFC_SAL_QTR_RN(1.0),N_A,2700,QFY,2019,2018,ALL_COMP,NET_PFT_TO_SAL,0,2018-09-30,RPT,7.323
RBI:RATIO_LNGNFC_SAL_QTR_RN(1.0),N_A,2700,QFY,2019,2018,ALL_COMP,OPR_PFTS_TO_SAL,0,2018-09-30,RPT,14.7158
RBI:RATIO_LNGNFC_SAL_QTR_RN(1.0),N_A,2700,QFY,2019,2018,ALL_COMP,OTH_INC_NET_PFT,0,2018-09-30,RPT,50.5921
RBI:RATIO_LNGNFC_SAL_QTR_RN(1.0),N_A,2700,QFY,2019,2018,ALL_COMP,SC_TO_SAL,0,2018-09-30,RPT,10.1179
RBI:RATIO_LNGNFC_SAL_QTR_RN(1.0),N_A,2700,QFY,2019,2018,ALL_COMP,TAX_PROV_TO_EBT,0,2018-09-30,RPT,24.9206
RBI:RATIO_LNGNFC_SAL_QTR_RN(1.0),N_A,677,QFY,2019,2018,LES_CLS_THAN_25,CORM_TO_SAL,0,2018-09-30,RPT,57.4237
RBI:RATIO_LNGNFC_SAL_QTR_RN(1.0),N_A,677,QFY,2019,2018,LES_CLS_THAN_25,EBITDA_TO_SAL,0,2018-09-30,RPT,-0.8513
RBI:RATIO_LNGNFC_SAL_QTR_RN(1.0),N_A,677,QFY,2019,2018,LES_CLS_THAN_25,EBIT_TO_SAL,0,2018-09-30,RPT,-17.5736
RBI:RATIO_LNGNFC_SAL_QTR_RN(1.0),N_A,677,QFY,2019,2018,LES_CLS_THAN_25,INT_TO_SAL,0,2018-09-30,RPT,42.4678
RBI:RATIO_LNGNFC_SAL_QTR_RN(1.0),N_A,677,QFY,2019,2018,LES_CLS_THAN_25,NET_PFT_TO_SAL,0,2018-09-30,RPT,-104.1692
RBI:RATIO_LNGNFC_SAL_QTR_RN(1.0),N_A,677,QFY,2019,2018,LES_CLS_THAN_25,OPR_PFTS_TO_SAL,0,2018-09-30,RPT,-44.064
RBI:RATIO_LNGNFC_SAL_QTR_RN(1.0),N_A,677,QFY,2019,2018,LES_CLS_THAN_25,SC_TO_SAL,0,2018-09-30,RPT,24.6336
RBI:RATIO_LNGNFC_SAL_QTR_RN(1.0),N_A,677,QFY,2019,2018,LES_CLS_THAN_25,TAX_PROV_TO_EBT,0,2018-09-30,RPT,10.7666
RBI:RATIO_LNGNFC_SAL_QTR_RN(1.0),N_A,531,QFY,2019,2018,100_N_ABOVE,CORM_TO_SAL,0,2018-12-31,RPT,51.8661
RBI:RATIO_LNGNFC_SAL_QTR_RN(1.0),N_A,531,QFY,2019,2018,100_N_ABOVE,CSH_CVG_RATIO,0,2018-12-31,RPT,6.909955
RBI:RATIO_LNGNFC_SAL_QTR_RN(1.0),N_A,531,QFY,2019,2018,100_N_ABOVE,EBITDA_TO_SAL,0,2018-12-31,RPT,18.3662
RBI:RATIO_LNGNFC_SAL_QTR_RN(1.0),N_A,531,QFY,2019,2018,100_N_ABOVE,EBIT_TO_SAL,0,2018-12-31,RPT,14.7997
RBI:RATIO_LNGNFC_SAL_QTR_RN(1.0),N_A,531,QFY,2019,2018,100_N_ABOVE,INT_BURDEN,0,2018-12-31,RPT,17.9594
RBI:RATIO_LNGNFC_SAL_QTR_RN(1.0),N_A,531,QFY,2019,2018,100_N_ABOVE,INT_CVG,0,2018-12-31,RPT,5.568129
RBI:RATIO_LNGNFC_SAL_QTR_RN(1.0),N_A,531,QFY,2019,2018,100_N_ABOVE,INT_TO_SAL,0,2018-12-31,RPT,2.6579
RBI:RATIO_LNGNFC_SAL_QTR_RN(1.0),N_A,531,QFY,2019,2018,100_N_ABOVE,NET_PFT_TO_SAL,0,2018-12-31,RPT,8.9618
RBI:RATIO_LNGNFC_SAL_QTR_RN(1.0),N_A,531,QFY,2019,2018,100_N_ABOVE,OPR_PFTS_TO_SAL,0,2018-12-31,RPT,15.2476
RBI:RATIO_LNGNFC_SAL_QTR_RN(1.0),N_A,531,QFY,2019,2018,100_N_ABOVE,OTH_INC_NET_PFT,0,2018-12-31,RPT,34.7988
RBI:RATIO_LNGNFC_SAL_QTR_RN(1.0),N_A,531,QFY,2019,2018,100_N_ABOVE,SC_TO_SAL,0,2018-12-31,RPT,10.1437
RBI:RATIO_LNGNFC_SAL_QTR_RN(1.0),N_A,531,QFY,2019,2018,100_N_ABOVE,TAX_PROV_TO_EBT,0,2018-12-31,RPT,23.9431
RBI:RATIO_LNGNFC_SAL_QTR_RN(1.0),N_A,735,QFY,2019,2018,100_TO_500,CORM_TO_SAL,0,2018-12-31,RPT,55.4975
RBI:RATIO_LNGNFC_SAL_QTR_RN(1.0),N_A,735,QFY,2019,2018,100_TO_500,CSH_CVG_RATIO,0,2018-12-31,RPT,1.981609
RBI:RATIO_LNGNFC_SAL_QTR_RN(1.0),N_A,735,QFY,2019,2018,100_TO_500,EBITDA_TO_SAL,0,2018-12-31,RPT,13.9156
RBI:RATIO_LNGNFC_SAL_QTR_RN(1.0),N_A,735,QFY,2019,2018,100_TO_500,EBIT_TO_SAL,0,2018-12-31,RPT,8.9995
RBI:RATIO_LNGNFC_SAL_QTR_RN(1.0),N_A,735,QFY,2019,2018,100_TO_500,INT_BURDEN,0,2018-12-31,RPT,78.031
RBI:RATIO_LNGNFC_SAL_QTR_RN(1.0),N_A,735,QFY,2019,2018,100_TO_500,INT_CVG,0,2018-12-31,RPT,1.281543
RBI:RATIO_LNGNFC_SAL_QTR_RN(1.0),N_A,735,QFY,2019,2018,100_TO_500,INT_TO_SAL,0,2018-12-31,RPT,7.0224
RBI:RATIO_LNGNFC_SAL_QTR_RN(1.0),N_A,735,QFY,2019,2018,100_TO_500,NET_PFT_TO_SAL,0,2018-12-31,RPT,0.0497
RBI:RATIO_LNGNFC_SAL_QTR_RN(1.0),N_A,735,QFY,2019,2018,100_TO_500,OPR_PFTS_TO_SAL,0,2018-12-31,RPT,9.0836
RBI:RATIO_LNGNFC_SAL_QTR_RN(1.0),N_A,735,QFY,2019,2018,100_TO_500,SC_TO_SAL,0,2018-12-31,RPT,11.5319
RBI:RATIO_LNGNFC_SAL_QTR_RN(1.0),N_A,735,QFY,2019,2018,100_TO_500,TAX_PROV_TO_EBT,0,2018-12-31,RPT,24.2727
RBI:RATIO_LNGNFC_SAL_QTR_RN(1.0),N_A,223,QFY,2019,2018,25_TO_50,CORM_TO_SAL,0,2018-12-31,RPT,47.402
RBI:RATIO_LNGNFC_SAL_QTR_RN(1.0),N_A,223,QFY,2019,2018,25_TO_50,CSH_CVG_RATIO,0,2018-12-31,RPT,0.333559
RBI:RATIO_LNGNFC_SAL_QTR_RN(1.0),N_A,223,QFY,2019,2018,25_TO_50,EBITDA_TO_SAL,0,2018-12-31,RPT,3.1173
RBI:RATIO_LNGNFC_SAL_QTR_RN(1.0),N_A,223,QFY,2019,2018,25_TO_50,EBIT_TO_SAL,0,2018-12-31,RPT,-3.3719
RBI:RATIO_LNGNFC_SAL_QTR_RN(1.0),N_A,223,QFY,2019,2018,25_TO_50,INT_TO_SAL,0,2018-12-31,RPT,9.3457
RBI:RATIO_LNGNFC_SAL_QTR_RN(1.0),N_A,223,QFY,2019,2018,25_TO_50,NET_PFT_TO_SAL,0,2018-12-31,RPT,-11.8953
RBI:RATIO_LNGNFC_SAL_QTR_RN(1.0),N_A,223,QFY,2019,2018,25_TO_50,OPR_PFTS_TO_SAL,0,2018-12-31,RPT,5.6309
RBI:RATIO_LNGNFC_SAL_QTR_RN(1.0),N_A,223,QFY,2019,2018,25_TO_50,SC_TO_SAL,0,2018-12-31,RPT,15.4665
RBI:RATIO_LNGNFC_SAL_QTR_RN(1.0),N_A,223,QFY,2019,2018,25_TO_50,TAX_PROV_TO_EBT,0,2018-12-31,RPT,17.9325
RBI:RATIO_LNGNFC_SAL_QTR_RN(1.0),N_A,281,QFY,2019,2018,500_TO_1000,CORM_TO_SAL,0,2018-12-31,RPT,57.8587
RBI:RATIO_LNGNFC_SAL_QTR_RN(1.0),N_A,281,QFY,2019,2018,500_TO_1000,CSH_CVG_RATIO,0,2018-12-31,RPT,2.139259
RBI:RATIO_LNGNFC_SAL_QTR_RN(1.0),N_A,281,QFY,2019,2018,500_TO_1000,EBITDA_TO_SAL,0,2018-12-31,RPT,14.2079
RBI:RATIO_LNGNFC_SAL_QTR_RN(1.0),N_A,281,QFY,2019,2018,500_TO_1000,EBIT_TO_SAL,0,2018-12-31,RPT,10.666
RBI:RATIO_LNGNFC_SAL_QTR_RN(1.0),N_A,281,QFY,2019,2018,500_TO_1000,INT_BURDEN,0,2018-12-31,RPT,62.2682
RBI:RATIO_LNGNFC_SAL_QTR_RN(1.0),N_A,281,QFY,2019,2018,500_TO_1000,INT_CVG,0,2018-12-31,RPT,1.605956
RBI:RATIO_LNGNFC_SAL_QTR_RN(1.0),N_A,281,QFY,2019,2018,500_TO_1000,INT_TO_SAL,0,2018-12-31,RPT,6.6415
RBI:RATIO_LNGNFC_SAL_QTR_RN(1.0),N_A,281,QFY,2019,2018,500_TO_1000,NET_PFT_TO_SAL,0,2018-12-31,RPT,2.3107
RBI:RATIO_LNGNFC_SAL_QTR_RN(1.0),N_A,281,QFY,2019,2018,500_TO_1000,OPR_PFTS_TO_SAL,0,2018-12-31,RPT,8.7159
RBI:RATIO_LNGNFC_SAL_QTR_RN(1.0),N_A,281,QFY,2019,2018,500_TO_1000,SC_TO_SAL,0,2018-12-31,RPT,9.9226
RBI:RATIO_LNGNFC_SAL_QTR_RN(1.0),N_A,281,QFY,2019,2018,500_TO_1000,TAX_PROV_TO_EBT,0,2018-12-31,RPT,20.9727
RBI:RATIO_LNGNFC_SAL_QTR_RN(1.0),N_A,260,QFY,2019,2018,50_TO_100,CORM_TO_SAL,0,2018-12-31,RPT,54.8596
RBI:RATIO_LNGNFC_SAL_QTR_RN(1.0),N_A,260,QFY,2019,2018,50_TO_100,CSH_CVG_RATIO,0,2018-12-31,RPT,1.170721
RBI:RATIO_LNGNFC_SAL_QTR_RN(1.0),N_A,260,QFY,2019,2018,50_TO_100,EBITDA_TO_SAL,0,2018-12-31,RPT,11.0083
RBI:RATIO_LNGNFC_SAL_QTR_RN(1.0),N_A,260,QFY,2019,2018,50_TO_100,EBIT_TO_SAL,0,2018-12-31,RPT,6.0204
RBI:RATIO_LNGNFC_SAL_QTR_RN(1.0),N_A,260,QFY,2019,2018,50_TO_100,INT_CVG,0,2018-12-31,RPT,0.640265
RBI:RATIO_LNGNFC_SAL_QTR_RN(1.0),N_A,260,QFY,2019,2018,50_TO_100,INT_TO_SAL,0,2018-12-31,RPT,9.403
RBI:RATIO_LNGNFC_SAL_QTR_RN(1.0),N_A,260,QFY,2019,2018,50_TO_100,NET_PFT_TO_SAL,0,2018-12-31,RPT,-21.7006
RBI:RATIO_LNGNFC_SAL_QTR_RN(1.0),N_A,260,QFY,2019,2018,50_TO_100,OPR_PFTS_TO_SAL,0,2018-12-31,RPT,5.0832
RBI:RATIO_LNGNFC_SAL_QTR_RN(1.0),N_A,260,QFY,2019,2018,50_TO_100,SC_TO_SAL,0,2018-12-31,RPT,13.7006
RBI:RATIO_LNGNFC_SAL_QTR_RN(1.0),N_A,260,QFY,2019,2018,50_TO_100,TAX_PROV_TO_EBT,0,2018-12-31,RPT,24.1664
RBI:RATIO_LNGNFC_SAL_QTR_RN(1.0),N_A,2703,QFY,2019,2018,ALL_COMP,CORM_TO_SAL,0,2018-12-31,RPT,52.3892
RBI:RATIO_LNGNFC_SAL_QTR_RN(1.0),N_A,2703,QFY,2019,2018,ALL_COMP,CSH_CVG_RATIO,0,2018-12-31,RPT,5.634643
RBI:RATIO_LNGNFC_SAL_QTR_RN(1.0),N_A,2703,QFY,2019,2018,ALL_COMP,EBITDA_TO_SAL,0,2018-12-31,RPT,17.8222
RBI:RATIO_LNGNFC_SAL_QTR_RN(1.0),N_A,2703,QFY,2019,2018,ALL_COMP,EBIT_TO_SAL,0,2018-12-31,RPT,14.1665
RBI:RATIO_LNGNFC_SAL_QTR_RN(1.0),N_A,2703,QFY,2019,2018,ALL_COMP,INT_BURDEN,0,2018-12-31,RPT,22.3272
RBI:RATIO_LNGNFC_SAL_QTR_RN(1.0),N_A,2703,QFY,2019,2018,ALL_COMP,INT_CVG,0,2018-12-31,RPT,4.47884
RBI:RATIO_LNGNFC_SAL_QTR_RN(1.0),N_A,2703,QFY,2019,2018,ALL_COMP,INT_TO_SAL,0,2018-12-31,RPT,3.163
RBI:RATIO_LNGNFC_SAL_QTR_RN(1.0),N_A,2703,QFY,2019,2018,ALL_COMP,NET_PFT_TO_SAL,0,2018-12-31,RPT,7.8892
RBI:RATIO_LNGNFC_SAL_QTR_RN(1.0),N_A,2703,QFY,2019,2018,ALL_COMP,OPR_PFTS_TO_SAL,0,2018-12-31,RPT,14.4659
RBI:RATIO_LNGNFC_SAL_QTR_RN(1.0),N_A,2703,QFY,2019,2018,ALL_COMP,OTH_INC_NET_PFT,0,2018-12-31,RPT,42.5441
RBI:RATIO_LNGNFC_SAL_QTR_RN(1.0),N_A,2703,QFY,2019,2018,ALL_COMP,SC_TO_SAL,0,2018-12-31,RPT,10.2412
RBI:RATIO_LNGNFC_SAL_QTR_RN(1.0),N_A,2703,QFY,2019,2018,ALL_COMP,TAX_PROV_TO_EBT,0,2018-12-31,RPT,23.8119
RBI:RATIO_LNGNFC_SAL_QTR_RN(1.0),N_A,673,QFY,2019,2018,LES_CLS_THAN_25,CORM_TO_SAL,0,2018-12-31,RPT,61.313
RBI:RATIO_LNGNFC_SAL_QTR_RN(1.0),N_A,673,QFY,2019,2018,LES_CLS_THAN_25,EBITDA_TO_SAL,0,2018-12-31,RPT,-26.9568
RBI:RATIO_LNGNFC_SAL_QTR_RN(1.0),N_A,673,QFY,2019,2018,LES_CLS_THAN_25,EBIT_TO_SAL,0,2018-12-31,RPT,-42.7707
RBI:RATIO_LNGNFC_SAL_QTR_RN(1.0),N_A,673,QFY,2019,2018,LES_CLS_THAN_25,INT_TO_SAL,0,2018-12-31,RPT,43.9838
RBI:RATIO_LNGNFC_SAL_QTR_RN(1.0),N_A,673,QFY,2019,2018,LES_CLS_THAN_25,NET_PFT_TO_SAL,0,2018-12-31,RPT,-92.8661
RBI:RATIO_LNGNFC_SAL_QTR_RN(1.0),N_A,673,QFY,2019,2018,LES_CLS_THAN_25,OPR_PFTS_TO_SAL,0,2018-12-31,RPT,-57.1416
RBI:RATIO_LNGNFC_SAL_QTR_RN(1.0),N_A,673,QFY,2019,2018,LES_CLS_THAN_25,SC_TO_SAL,0,2018-12-31,RPT,24.1664
RBI:RATIO_LNGNFC_SAL_QTR_RN(1.0),N_A,673,QFY,2019,2018,LES_CLS_THAN_25,TAX_PROV_TO_EBT,0,2018-12-31,RPT,12.3535
RBI:RATIO_LNGNFC_SAL_QTR_RN(1.0),N_A,561,QFY,2019,2018,100_N_ABOVE,CORM_TO_SAL,0,2019-03-31,RPT,49.9345
RBI:RATIO_LNGNFC_SAL_QTR_RN(1.0),N_A,561,QFY,2019,2018,100_N_ABOVE,CSH_CVG_RATIO,0,2019-03-31,RPT,6.47877
RBI:RATIO_LNGNFC_SAL_QTR_RN(1.0),N_A,561,QFY,2019,2018,100_N_ABOVE,EBITDA_TO_SAL,0,2019-03-31,RPT,18.4171
RBI:RATIO_LNGNFC_SAL_QTR_RN(1.0),N_A,561,QFY,2019,2018,100_N_ABOVE,EBIT_TO_SAL,0,2019-03-31,RPT,14.8431
RBI:RATIO_LNGNFC_SAL_QTR_RN(1.0),N_A,561,QFY,2019,2018,100_N_ABOVE,INT_BURDEN,0,2019-03-31,RPT,19.1516
RBI:RATIO_LNGNFC_SAL_QTR_RN(1.0),N_A,561,QFY,2019,2018,100_N_ABOVE,INT_CVG,0,2019-03-31,RPT,5.221504
RBI:RATIO_LNGNFC_SAL_QTR_RN(1.0),N_A,561,QFY,2019,2018,100_N_ABOVE,INT_TO_SAL,0,2019-03-31,RPT,2.8427
RBI:RATIO_LNGNFC_SAL_QTR_RN(1.0),N_A,561,QFY,2019,2018,100_N_ABOVE,NET_PFT_TO_SAL,0,2019-03-31,RPT,7.0096
RBI:RATIO_LNGNFC_SAL_QTR_RN(1.0),N_A,561,QFY,2019,2018,100_N_ABOVE,OPR_PFTS_TO_SAL,0,2019-03-31,RPT,15.6156
RBI:RATIO_LNGNFC_SAL_QTR_RN(1.0),N_A,561,QFY,2019,2018,100_N_ABOVE,OTH_INC_NET_PFT,0,2019-03-31,RPT,39.9665
RBI:RATIO_LNGNFC_SAL_QTR_RN(1.0),N_A,561,QFY,2019,2018,100_N_ABOVE,SC_TO_SAL,0,2019-03-31,RPT,9.9722
RBI:RATIO_LNGNFC_SAL_QTR_RN(1.0),N_A,561,QFY,2019,2018,100_N_ABOVE,TAX_PROV_TO_EBT,0,2019-03-31,RPT,24.1142
RBI:RATIO_LNGNFC_SAL_QTR_RN(1.0),N_A,728,QFY,2019,2018,100_TO_500,CORM_TO_SAL,0,2019-03-31,RPT,55.4774
RBI:RATIO_LNGNFC_SAL_QTR_RN(1.0),N_A,728,QFY,2019,2018,100_TO_500,CSH_CVG_RATIO,0,2019-03-31,RPT,1.285605
RBI:RATIO_LNGNFC_SAL_QTR_RN(1.0),N_A,728,QFY,2019,2018,100_TO_500,EBITDA_TO_SAL,0,2019-03-31,RPT,9.3618
RBI:RATIO_LNGNFC_SAL_QTR_RN(1.0),N_A,728,QFY,2019,2018,100_TO_500,EBIT_TO_SAL,0,2019-03-31,RPT,5.4065
RBI:RATIO_LNGNFC_SAL_QTR_RN(1.0),N_A,728,QFY,2019,2018,100_TO_500,INT_BURDEN,0,2019-03-31,RPT,134.6895
RBI:RATIO_LNGNFC_SAL_QTR_RN(1.0),N_A,728,QFY,2019,2018,100_TO_500,INT_CVG,0,2019-03-31,RPT,0.742448
RBI:RATIO_LNGNFC_SAL_QTR_RN(1.0),N_A,728,QFY,2019,2018,100_TO_500,INT_TO_SAL,0,2019-03-31,RPT,7.282
RBI:RATIO_LNGNFC_SAL_QTR_RN(1.0),N_A,728,QFY,2019,2018,100_TO_500,NET_PFT_TO_SAL,0,2019-03-31,RPT,-30.5503
RBI:RATIO_LNGNFC_SAL_QTR_RN(1.0),N_A,728,QFY,2019,2018,100_TO_500,OPR_PFTS_TO_SAL,0,2019-03-31,RPT,3.0785
RBI:RATIO_LNGNFC_SAL_QTR_RN(1.0),N_A,728,QFY,2019,2018,100_TO_500,SC_TO_SAL,0,2019-03-31,RPT,11.0862
RBI:RATIO_LNGNFC_SAL_QTR_RN(1.0),N_A,728,QFY,2019,2018,100_TO_500,TAX_PROV_TO_EBT,0,2019-03-31,RPT,26.0737
RBI:RATIO_LNGNFC_SAL_QTR_RN(1.0),N_A,204,QFY,2019,2018,25_TO_50,CORM_TO_SAL,0,2019-03-31,RPT,50.6117
RBI:RATIO_LNGNFC_SAL_QTR_RN(1.0),N_A,204,QFY,2019,2018,25_TO_50,EBITDA_TO_SAL,0,2019-03-31,RPT,-0.6771
RBI:RATIO_LNGNFC_SAL_QTR_RN(1.0),N_A,204,QFY,2019,2018,25_TO_50,EBIT_TO_SAL,0,2019-03-31,RPT,-7.2966
RBI:RATIO_LNGNFC_SAL_QTR_RN(1.0),N_A,204,QFY,2019,2018,25_TO_50,INT_TO_SAL,0,2019-03-31,RPT,16.0343
RBI:RATIO_LNGNFC_SAL_QTR_RN(1.0),N_A,204,QFY,2019,2018,25_TO_50,NET_PFT_TO_SAL,0,2019-03-31,RPT,-46.8263
RBI:RATIO_LNGNFC_SAL_QTR_RN(1.0),N_A,204,QFY,2019,2018,25_TO_50,OPR_PFTS_TO_SAL,0,2019-03-31,RPT,-60.8735
RBI:RATIO_LNGNFC_SAL_QTR_RN(1.0),N_A,204,QFY,2019,2018,25_TO_50,SC_TO_SAL,0,2019-03-31,RPT,16.1875
RBI:RATIO_LNGNFC_SAL_QTR_RN(1.0),N_A,204,QFY,2019,2018,25_TO_50,TAX_PROV_TO_EBT,0,2019-03-31,RPT,17.5903
RBI:RATIO_LNGNFC_SAL_QTR_RN(1.0),N_A,254,QFY,2019,2018,500_TO_1000,CORM_TO_SAL,0,2019-03-31,RPT,58.2412
RBI:RATIO_LNGNFC_SAL_QTR_RN(1.0),N_A,254,QFY,2019,2018,500_TO_1000,CSH_CVG_RATIO,0,2019-03-31,RPT,2.957294
RBI:RATIO_LNGNFC_SAL_QTR_RN(1.0),N_A,254,QFY,2019,2018,500_TO_1000,EBITDA_TO_SAL,0,2019-03-31,RPT,11.4321
RBI:RATIO_LNGNFC_SAL_QTR_RN(1.0),N_A,254,QFY,2019,2018,500_TO_1000,EBIT_TO_SAL,0,2019-03-31,RPT,8.0844
RBI:RATIO_LNGNFC_SAL_QTR_RN(1.0),N_A,254,QFY,2019,2018,500_TO_1000,INT_BURDEN,0,2019-03-31,RPT,47.8173
RBI:RATIO_LNGNFC_SAL_QTR_RN(1.0),N_A,254,QFY,2019,2018,500_TO_1000,INT_CVG,0,2019-03-31,RPT,2.091294
RBI:RATIO_LNGNFC_SAL_QTR_RN(1.0),N_A,254,QFY,2019,2018,500_TO_1000,INT_TO_SAL,0,2019-03-31,RPT,3.8657
RBI:RATIO_LNGNFC_SAL_QTR_RN(1.0),N_A,254,QFY,2019,2018,500_TO_1000,NET_PFT_TO_SAL,0,2019-03-31,RPT,2.1591
RBI:RATIO_LNGNFC_SAL_QTR_RN(1.0),N_A,254,QFY,2019,2018,500_TO_1000,OPR_PFTS_TO_SAL,0,2019-03-31,RPT,6.8975
RBI:RATIO_LNGNFC_SAL_QTR_RN(1.0),N_A,254,QFY,2019,2018,500_TO_1000,SC_TO_SAL,0,2019-03-31,RPT,9.9536
RBI:RATIO_LNGNFC_SAL_QTR_RN(1.0),N_A,254,QFY,2019,2018,500_TO_1000,TAX_PROV_TO_EBT,0,2019-03-31,RPT,24.4305
RBI:RATIO_LNGNFC_SAL_QTR_RN(1.0),N_A,275,QFY,2019,2018,50_TO_100,CORM_TO_SAL,0,2019-03-31,RPT,54.1563
RBI:RATIO_LNGNFC_SAL_QTR_RN(1.0),N_A,275,QFY,2019,2018,50_TO_100,EBITDA_TO_SAL,0,2019-03-31,RPT,-2.0474
RBI:RATIO_LNGNFC_SAL_QTR_RN(1.0),N_A,275,QFY,2019,2018,50_TO_100,EBIT_TO_SAL,0,2019-03-31,RPT,-5.874
RBI:RATIO_LNGNFC_SAL_QTR_RN(1.0),N_A,275,QFY,2019,2018,50_TO_100,INT_TO_SAL,0,2019-03-31,RPT,6.2343
RBI:RATIO_LNGNFC_SAL_QTR_RN(1.0),N_A,275,QFY,2019,2018,50_TO_100,NET_PFT_TO_SAL,0,2019-03-31,RPT,-13.1623
RBI:RATIO_LNGNFC_SAL_QTR_RN(1.0),N_A,275,QFY,2019,2018,50_TO_100,OPR_PFTS_TO_SAL,0,2019-03-31,RPT,0.6652
RBI:RATIO_LNGNFC_SAL_QTR_RN(1.0),N_A,275,QFY,2019,2018,50_TO_100,SC_TO_SAL,0,2019-03-31,RPT,13.6448
RBI:RATIO_LNGNFC_SAL_QTR_RN(1.0),N_A,275,QFY,2019,2018,50_TO_100,TAX_PROV_TO_EBT,0,2019-03-31,RPT,23.2115
RBI:RATIO_LNGNFC_SAL_QTR_RN(1.0),N_A,2701,QFY,2019,2018,ALL_COMP,CORM_TO_SAL,0,2019-03-31,RPT,50.6177
RBI:RATIO_LNGNFC_SAL_QTR_RN(1.0),N_A,2701,QFY,2019,2018,ALL_COMP,CSH_CVG_RATIO,0,2019-03-31,RPT,5.563842
RBI:RATIO_LNGNFC_SAL_QTR_RN(1.0),N_A,2701,QFY,2019,2018,ALL_COMP,EBITDA_TO_SAL,0,2019-03-31,RPT,17.5182
RBI:RATIO_LNGNFC_SAL_QTR_RN(1.0),N_A,2701,QFY,2019,2018,ALL_COMP,EBIT_TO_SAL,0,2019-03-31,RPT,13.9115
RBI:RATIO_LNGNFC_SAL_QTR_RN(1.0),N_A,2701,QFY,2019,2018,ALL_COMP,INT_BURDEN,0,2019-03-31,RPT,22.6329
RBI:RATIO_LNGNFC_SAL_QTR_RN(1.0),N_A,2701,QFY,2019,2018,ALL_COMP,INT_CVG,0,2019-03-31,RPT,4.418348
RBI:RATIO_LNGNFC_SAL_QTR_RN(1.0),N_A,2701,QFY,2019,2018,ALL_COMP,INT_TO_SAL,0,2019-03-31,RPT,3.1486
RBI:RATIO_LNGNFC_SAL_QTR_RN(1.0),N_A,2701,QFY,2019,2018,ALL_COMP,NET_PFT_TO_SAL,0,2019-03-31,RPT,4.6489
RBI:RATIO_LNGNFC_SAL_QTR_RN(1.0),N_A,2701,QFY,2019,2018,ALL_COMP,OPR_PFTS_TO_SAL,0,2019-03-31,RPT,14.3474
RBI:RATIO_LNGNFC_SAL_QTR_RN(1.0),N_A,2701,QFY,2019,2018,ALL_COMP,OTH_INC_NET_PFT,0,2019-03-31,RPT,68.2052
RBI:RATIO_LNGNFC_SAL_QTR_RN(1.0),N_A,2701,QFY,2019,2018,ALL_COMP,SC_TO_SAL,0,2019-03-31,RPT,10.0672
RBI:RATIO_LNGNFC_SAL_QTR_RN(1.0),N_A,2701,QFY,2019,2018,ALL_COMP,TAX_PROV_TO_EBT,0,2019-03-31,RPT,24.1641
RBI:RATIO_LNGNFC_SAL_QTR_RN(1.0),N_A,679,QFY,2019,2018,LES_CLS_THAN_25,CORM_TO_SAL,0,2019-03-31,RPT,60.5894
RBI:RATIO_LNGNFC_SAL_QTR_RN(1.0),N_A,679,QFY,2019,2018,LES_CLS_THAN_25,EBITDA_TO_SAL,0,2019-03-31,RPT,-14.7968
RBI:RATIO_LNGNFC_SAL_QTR_RN(1.0),N_A,679,QFY,2019,2018,LES_CLS_THAN_25,EBIT_TO_SAL,0,2019-03-31,RPT,-33.0976
RBI:RATIO_LNGNFC_SAL_QTR_RN(1.0),N_A,679,QFY,2019,2018,LES_CLS_THAN_25,INT_TO_SAL,0,2019-03-31,RPT,17.8336
RBI:RATIO_LNGNFC_SAL_QTR_RN(1.0),N_A,679,QFY,2019,2018,LES_CLS_THAN_25,OPR_PFTS_TO_SAL,0,2019-03-31,RPT,-60.0525
RBI:RATIO_LNGNFC_SAL_QTR_RN(1.0),N_A,679,QFY,2019,2018,LES_CLS_THAN_25,SC_TO_SAL,0,2019-03-31,RPT,23.2863
RBI:RATIO_LNGNFC_SAL_QTR_RN(1.0),N_A,679,QFY,2019,2018,LES_CLS_THAN_25,TAX_PROV_TO_EBT,0,2019-03-31,RPT,17.47
RBI:RATIO_LNGNFC_SAL_QTR_RN(1.0),N_A,539,QFY,2020,2019,100_N_ABOVE,CORM_TO_SAL,0,2019-06-30,RPT,50.6607
RBI:RATIO_LNGNFC_SAL_QTR_RN(1.0),N_A,539,QFY,2020,2019,100_N_ABOVE,CSH_CVG_RATIO,0,2019-06-30,RPT,6.431583
RBI:RATIO_LNGNFC_SAL_QTR_RN(1.0),N_A,539,QFY,2020,2019,100_N_ABOVE,EBITDA_TO_SAL,0,2019-06-30,RPT,19.6521
RBI:RATIO_LNGNFC_SAL_QTR_RN(1.0),N_A,539,QFY,2020,2019,100_N_ABOVE,EBIT_TO_SAL,0,2019-06-30,RPT,15.4453
RBI:RATIO_LNGNFC_SAL_QTR_RN(1.0),N_A,539,QFY,2020,2019,100_N_ABOVE,INT_BURDEN,0,2019-06-30,RPT,19.7832
RBI:RATIO_LNGNFC_SAL_QTR_RN(1.0),N_A,539,QFY,2020,2019,100_N_ABOVE,INT_CVG,0,2019-06-30,RPT,5.054796
RBI:RATIO_LNGNFC_SAL_QTR_RN(1.0),N_A,539,QFY,2020,2019,100_N_ABOVE,INT_TO_SAL,0,2019-06-30,RPT,3.0556
RBI:RATIO_LNGNFC_SAL_QTR_RN(1.0),N_A,539,QFY,2020,2019,100_N_ABOVE,NET_PFT_TO_SAL,0,2019-06-30,RPT,9.2656
RBI:RATIO_LNGNFC_SAL_QTR_RN(1.0),N_A,539,QFY,2020,2019,100_N_ABOVE,OPR_PFTS_TO_SAL,0,2019-06-30,RPT,16.8431
RBI:RATIO_LNGNFC_SAL_QTR_RN(1.0),N_A,539,QFY,2020,2019,100_N_ABOVE,OTH_INC_NET_PFT,0,2019-06-30,RPT,30.3171
RBI:RATIO_LNGNFC_SAL_QTR_RN(1.0),N_A,539,QFY,2020,2019,100_N_ABOVE,SC_TO_SAL,0,2019-06-30,RPT,10.7667
RBI:RATIO_LNGNFC_SAL_QTR_RN(1.0),N_A,539,QFY,2020,2019,100_N_ABOVE,TAX_PROV_TO_EBT,0,2019-06-30,RPT,26.487
RBI:RATIO_LNGNFC_SAL_QTR_RN(1.0),N_A,680,QFY,2020,2019,100_TO_500,CORM_TO_SAL,0,2019-06-30,RPT,53.2253
RBI:RATIO_LNGNFC_SAL_QTR_RN(1.0),N_A,680,QFY,2020,2019,100_TO_500,CSH_CVG_RATIO,0,2019-06-30,RPT,1.721414
RBI:RATIO_LNGNFC_SAL_QTR_RN(1.0),N_A,680,QFY,2020,2019,100_TO_500,EBITDA_TO_SAL,0,2019-06-30,RPT,12.8759
RBI:RATIO_LNGNFC_SAL_QTR_RN(1.0),N_A,680,QFY,2020,2019,100_TO_500,EBIT_TO_SAL,0,2019-06-30,RPT,8.1312
RBI:RATIO_LNGNFC_SAL_QTR_RN(1.0),N_A,680,QFY,2020,2019,100_TO_500,INT_BURDEN,0,2019-06-30,RPT,91.9887
RBI:RATIO_LNGNFC_SAL_QTR_RN(1.0),N_A,680,QFY,2020,2019,100_TO_500,INT_CVG,0,2019-06-30,RPT,1.08709
RBI:RATIO_LNGNFC_SAL_QTR_RN(1.0),N_A,680,QFY,2020,2019,100_TO_500,INT_TO_SAL,0,2019-06-30,RPT,7.4798
RBI:RATIO_LNGNFC_SAL_QTR_RN(1.0),N_A,680,QFY,2020,2019,100_TO_500,NET_PFT_TO_SAL,0,2019-06-30,RPT,-4.4474
RBI:RATIO_LNGNFC_SAL_QTR_RN(1.0),N_A,680,QFY,2020,2019,100_TO_500,OPR_PFTS_TO_SAL,0,2019-06-30,RPT,9.5942
RBI:RATIO_LNGNFC_SAL_QTR_RN(1.0),N_A,680,QFY,2020,2019,100_TO_500,SC_TO_SAL,0,2019-06-30,RPT,12.1803
RBI:RATIO_LNGNFC_SAL_QTR_RN(1.0),N_A,680,QFY,2020,2019,100_TO_500,TAX_PROV_TO_EBT,0,2019-06-30,RPT,25.5769
RBI:RATIO_LNGNFC_SAL_QTR_RN(1.0),N_A,231,QFY,2020,2019,25_TO_50,CORM_TO_SAL,0,2019-06-30,RPT,46.8219
RBI:RATIO_LNGNFC_SAL_QTR_RN(1.0),N_A,231,QFY,2020,2019,25_TO_50,CSH_CVG_RATIO,0,2019-06-30,RPT,1.325843
RBI:RATIO_LNGNFC_SAL_QTR_RN(1.0),N_A,231,QFY,2020,2019,25_TO_50,EBITDA_TO_SAL,0,2019-06-30,RPT,13.4895
RBI:RATIO_LNGNFC_SAL_QTR_RN(1.0),N_A,231,QFY,2020,2019,25_TO_50,EBIT_TO_SAL,0,2019-06-30,RPT,7.1314
RBI:RATIO_LNGNFC_SAL_QTR_RN(1.0),N_A,231,QFY,2020,2019,25_TO_50,INT_BURDEN,0,2019-06-30,RPT,142.67
RBI:RATIO_LNGNFC_SAL_QTR_RN(1.0),N_A,231,QFY,2020,2019,25_TO_50,INT_CVG,0,2019-06-30,RPT,0.700918
RBI:RATIO_LNGNFC_SAL_QTR_RN(1.0),N_A,231,QFY,2020,2019,25_TO_50,INT_TO_SAL,0,2019-06-30,RPT,10.1743
RBI:RATIO_LNGNFC_SAL_QTR_RN(1.0),N_A,231,QFY,2020,2019,25_TO_50,NET_PFT_TO_SAL,0,2019-06-30,RPT,-6.5441
RBI:RATIO_LNGNFC_SAL_QTR_RN(1.0),N_A,231,QFY,2020,2019,25_TO_50,OPR_PFTS_TO_SAL,0,2019-06-30,RPT,6.0526
RBI:RATIO_LNGNFC_SAL_QTR_RN(1.0),N_A,231,QFY,2020,2019,25_TO_50,SC_TO_SAL,0,2019-06-30,RPT,15.917
RBI:RATIO_LNGNFC_SAL_QTR_RN(1.0),N_A,231,QFY,2020,2019,25_TO_50,TAX_PROV_TO_EBT,0,2019-06-30,RPT,18.676
RBI:RATIO_LNGNFC_SAL_QTR_RN(1.0),N_A,261,QFY,2020,2019,500_TO_1000,CORM_TO_SAL,0,2019-06-30,RPT,53.8635
RBI:RATIO_LNGNFC_SAL_QTR_RN(1.0),N_A,261,QFY,2020,2019,500_TO_1000,CSH_CVG_RATIO,0,2019-06-30,RPT,3.35375
RBI:RATIO_LNGNFC_SAL_QTR_RN(1.0),N_A,261,QFY,2020,2019,500_TO_1000,EBITDA_TO_SAL,0,2019-06-30,RPT,14.2387
RBI:RATIO_LNGNFC_SAL_QTR_RN(1.0),N_A,261,QFY,2020,2019,500_TO_1000,EBIT_TO_SAL,0,2019-06-30,RPT,9.9871
RBI:RATIO_LNGNFC_SAL_QTR_RN(1.0),N_A,261,QFY,2020,2019,500_TO_1000,INT_BURDEN,0,2019-06-30,RPT,42.5112
RBI:RATIO_LNGNFC_SAL_QTR_RN(1.0),N_A,261,QFY,2020,2019,500_TO_1000,INT_CVG,0,2019-06-30,RPT,2.352323
RBI:RATIO_LNGNFC_SAL_QTR_RN(1.0),N_A,261,QFY,2020,2019,500_TO_1000,INT_TO_SAL,0,2019-06-30,RPT,4.2456
RBI:RATIO_LNGNFC_SAL_QTR_RN(1.0),N_A,261,QFY,2020,2019,500_TO_1000,NET_PFT_TO_SAL,0,2019-06-30,RPT,3.3135
RBI:RATIO_LNGNFC_SAL_QTR_RN(1.0),N_A,261,QFY,2020,2019,500_TO_1000,OPR_PFTS_TO_SAL,0,2019-06-30,RPT,10.3491
RBI:RATIO_LNGNFC_SAL_QTR_RN(1.0),N_A,261,QFY,2020,2019,500_TO_1000,OTH_INC_NET_PFT,0,2019-06-30,RPT,117.3872
RBI:RATIO_LNGNFC_SAL_QTR_RN(1.0),N_A,261,QFY,2020,2019,500_TO_1000,SC_TO_SAL,0,2019-06-30,RPT,10.1735
RBI:RATIO_LNGNFC_SAL_QTR_RN(1.0),N_A,261,QFY,2020,2019,500_TO_1000,TAX_PROV_TO_EBT,0,2019-06-30,RPT,29.0576
RBI:RATIO_LNGNFC_SAL_QTR_RN(1.0),N_A,286,QFY,2020,2019,50_TO_100,CORM_TO_SAL,0,2019-06-30,RPT,52.3694
RBI:RATIO_LNGNFC_SAL_QTR_RN(1.0),N_A,286,QFY,2020,2019,50_TO_100,CSH_CVG_RATIO,0,2019-06-30,RPT,0.857765
RBI:RATIO_LNGNFC_SAL_QTR_RN(1.0),N_A,286,QFY,2020,2019,50_TO_100,EBITDA_TO_SAL,0,2019-06-30,RPT,10.0823
RBI:RATIO_LNGNFC_SAL_QTR_RN(1.0),N_A,286,QFY,2020,2019,50_TO_100,EBIT_TO_SAL,0,2019-06-30,RPT,4.85
RBI:RATIO_LNGNFC_SAL_QTR_RN(1.0),N_A,286,QFY,2020,2019,50_TO_100,INT_CVG,0,2019-06-30,RPT,0.412622
RBI:RATIO_LNGNFC_SAL_QTR_RN(1.0),N_A,286,QFY,2020,2019,50_TO_100,INT_TO_SAL,0,2019-06-30,RPT,11.7541
RBI:RATIO_LNGNFC_SAL_QTR_RN(1.0),N_A,286,QFY,2020,2019,50_TO_100,NET_PFT_TO_SAL,0,2019-06-30,RPT,-8.7396
RBI:RATIO_LNGNFC_SAL_QTR_RN(1.0),N_A,286,QFY,2020,2019,50_TO_100,OPR_PFTS_TO_SAL,0,2019-06-30,RPT,4.6001
RBI:RATIO_LNGNFC_SAL_QTR_RN(1.0),N_A,286,QFY,2020,2019,50_TO_100,SC_TO_SAL,0,2019-06-30,RPT,16.0551
RBI:RATIO_LNGNFC_SAL_QTR_RN(1.0),N_A,286,QFY,2020,2019,50_TO_100,TAX_PROV_TO_EBT,0,2019-06-30,RPT,22.6988
RBI:RATIO_LNGNFC_SAL_QTR_RN(1.0),N_A,2696,QFY,2020,2019,ALL_COMP,CORM_TO_SAL,0,2019-06-30,RPT,50.9578
RBI:RATIO_LNGNFC_SAL_QTR_RN(1.0),N_A,2696,QFY,2020,2019,ALL_COMP,CSH_CVG_RATIO,0,2019-06-30,RPT,5.567747
RBI:RATIO_LNGNFC_SAL_QTR_RN(1.0),N_A,2696,QFY,2020,2019,ALL_COMP,EBITDA_TO_SAL,0,2019-06-30,RPT,19.0153
RBI:RATIO_LNGNFC_SAL_QTR_RN(1.0),N_A,2696,QFY,2020,2019,ALL_COMP,EBIT_TO_SAL,0,2019-06-30,RPT,14.7585
RBI:RATIO_LNGNFC_SAL_QTR_RN(1.0),N_A,2696,QFY,2020,2019,ALL_COMP,INT_BURDEN,0,2019-06-30,RPT,23.141
RBI:RATIO_LNGNFC_SAL_QTR_RN(1.0),N_A,2696,QFY,2020,2019,ALL_COMP,INT_CVG,0,2019-06-30,RPT,4.321336
RBI:RATIO_LNGNFC_SAL_QTR_RN(1.0),N_A,2696,QFY,2020,2019,ALL_COMP,INT_TO_SAL,0,2019-06-30,RPT,3.4153
RBI:RATIO_LNGNFC_SAL_QTR_RN(1.0),N_A,2696,QFY,2020,2019,ALL_COMP,NET_PFT_TO_SAL,0,2019-06-30,RPT,8.1771
RBI:RATIO_LNGNFC_SAL_QTR_RN(1.0),N_A,2696,QFY,2020,2019,ALL_COMP,OPR_PFTS_TO_SAL,0,2019-06-30,RPT,16.0663
RBI:RATIO_LNGNFC_SAL_QTR_RN(1.0),N_A,2696,QFY,2020,2019,ALL_COMP,OTH_INC_NET_PFT,0,2019-06-30,RPT,36.0636
RBI:RATIO_LNGNFC_SAL_QTR_RN(1.0),N_A,2696,QFY,2020,2019,ALL_COMP,SC_TO_SAL,0,2019-06-30,RPT,10.8578
RBI:RATIO_LNGNFC_SAL_QTR_RN(1.0),N_A,2696,QFY,2020,2019,ALL_COMP,TAX_PROV_TO_EBT,0,2019-06-30,RPT,26.5211
RBI:RATIO_LNGNFC_SAL_QTR_RN(1.0),N_A,699,QFY,2020,2019,LES_CLS_THAN_25,CORM_TO_SAL,0,2019-06-30,RPT,56.2301
RBI:RATIO_LNGNFC_SAL_QTR_RN(1.0),N_A,699,QFY,2020,2019,LES_CLS_THAN_25,CSH_CVG_RATIO,0,2019-06-30,RPT,0.38746
RBI:RATIO_LNGNFC_SAL_QTR_RN(1.0),N_A,699,QFY,2020,2019,LES_CLS_THAN_25,EBITDA_TO_SAL,0,2019-06-30,RPT,13.4248
RBI:RATIO_LNGNFC_SAL_QTR_RN(1.0),N_A,699,QFY,2020,2019,LES_CLS_THAN_25,EBIT_TO_SAL,0,2019-06-30,RPT,-0.7907
RBI:RATIO_LNGNFC_SAL_QTR_RN(1.0),N_A,699,QFY,2020,2019,LES_CLS_THAN_25,INT_TO_SAL,0,2019-06-30,RPT,34.6483
RBI:RATIO_LNGNFC_SAL_QTR_RN(1.0),N_A,699,QFY,2020,2019,LES_CLS_THAN_25,NET_PFT_TO_SAL,0,2019-06-30,RPT,-34.8917
RBI:RATIO_LNGNFC_SAL_QTR_RN(1.0),N_A,699,QFY,2020,2019,LES_CLS_THAN_25,OPR_PFTS_TO_SAL,0,2019-06-30,RPT,-19.9054
RBI:RATIO_LNGNFC_SAL_QTR_RN(1.0),N_A,699,QFY,2020,2019,LES_CLS_THAN_25,SC_TO_SAL,0,2019-06-30,RPT,23.8252
RBI:RATIO_LNGNFC_SAL_QTR_RN(1.0),N_A,699,QFY,2020,2019,LES_CLS_THAN_25,TAX_PROV_TO_EBT,0,2019-06-30,RPT,23.0313
RBI:RATIO_LNGNFC_SAL_QTR_RN(1.0),N_A,522,QFY,2020,2019,100_N_ABOVE,CORM_TO_SAL,0,2019-09-30,RPT,49.5426
RBI:RATIO_LNGNFC_SAL_QTR_RN(1.0),N_A,522,QFY,2020,2019,100_N_ABOVE,CSH_CVG_RATIO,0,2019-09-30,RPT,6.191035
RBI:RATIO_LNGNFC_SAL_QTR_RN(1.0),N_A,522,QFY,2020,2019,100_N_ABOVE,EBITDA_TO_SAL,0,2019-09-30,RPT,19.8577
RBI:RATIO_LNGNFC_SAL_QTR_RN(1.0),N_A,522,QFY,2020,2019,100_N_ABOVE,EBIT_TO_SAL,0,2019-09-30,RPT,15.3798
RBI:RATIO_LNGNFC_SAL_QTR_RN(1.0),N_A,522,QFY,2020,2019,100_N_ABOVE,INT_BURDEN,0,2019-09-30,RPT,20.8552
RBI:RATIO_LNGNFC_SAL_QTR_RN(1.0),N_A,522,QFY,2020,2019,100_N_ABOVE,INT_CVG,0,2019-09-30,RPT,4.794969
RBI:RATIO_LNGNFC_SAL_QTR_RN(1.0),N_A,522,QFY,2020,2019,100_N_ABOVE,INT_TO_SAL,0,2019-09-30,RPT,3.2075
RBI:RATIO_LNGNFC_SAL_QTR_RN(1.0),N_A,522,QFY,2020,2019,100_N_ABOVE,NET_PFT_TO_SAL,0,2019-09-30,RPT,7.927
RBI:RATIO_LNGNFC_SAL_QTR_RN(1.0),N_A,522,QFY,2020,2019,100_N_ABOVE,OPR_PFTS_TO_SAL,0,2019-09-30,RPT,15.9835
RBI:RATIO_LNGNFC_SAL_QTR_RN(1.0),N_A,522,QFY,2020,2019,100_N_ABOVE,OTH_INC_NET_PFT,0,2019-09-30,RPT,48.8736
RBI:RATIO_LNGNFC_SAL_QTR_RN(1.0),N_A,522,QFY,2020,2019,100_N_ABOVE,SC_TO_SAL,0,2019-09-30,RPT,11.5021
RBI:RATIO_LNGNFC_SAL_QTR_RN(1.0),N_A,522,QFY,2020,2019,100_N_ABOVE,TAX_PROV_TO_EBT,0,2019-09-30,RPT,15.9385
RBI:RATIO_LNGNFC_SAL_QTR_RN(1.0),N_A,703,QFY,2020,2019,100_TO_500,CORM_TO_SAL,0,2019-09-30,RPT,54.3602
RBI:RATIO_LNGNFC_SAL_QTR_RN(1.0),N_A,703,QFY,2020,2019,100_TO_500,CSH_CVG_RATIO,0,2019-09-30,RPT,1.578367
RBI:RATIO_LNGNFC_SAL_QTR_RN(1.0),N_A,703,QFY,2020,2019,100_TO_500,EBITDA_TO_SAL,0,2019-09-30,RPT,11.5938
RBI:RATIO_LNGNFC_SAL_QTR_RN(1.0),N_A,703,QFY,2020,2019,100_TO_500,EBIT_TO_SAL,0,2019-09-30,RPT,5.993
RBI:RATIO_LNGNFC_SAL_QTR_RN(1.0),N_A,703,QFY,2020,2019,100_TO_500,INT_BURDEN,0,2019-09-30,RPT,122.5674
RBI:RATIO_LNGNFC_SAL_QTR_RN(1.0),N_A,703,QFY,2020,2019,100_TO_500,INT_CVG,0,2019-09-30,RPT,0.815877
RBI:RATIO_LNGNFC_SAL_QTR_RN(1.0),N_A,703,QFY,2020,2019,100_TO_500,INT_TO_SAL,0,2019-09-30,RPT,7.3454
RBI:RATIO_LNGNFC_SAL_QTR_RN(1.0),N_A,703,QFY,2020,2019,100_TO_500,NET_PFT_TO_SAL,0,2019-09-30,RPT,-1.4919
RBI:RATIO_LNGNFC_SAL_QTR_RN(1.0),N_A,703,QFY,2020,2019,100_TO_500,OPR_PFTS_TO_SAL,0,2019-09-30,RPT,6.9462
RBI:RATIO_LNGNFC_SAL_QTR_RN(1.0),N_A,703,QFY,2020,2019,100_TO_500,SC_TO_SAL,0,2019-09-30,RPT,12.3724
RBI:RATIO_LNGNFC_SAL_QTR_RN(1.0),N_A,703,QFY,2020,2019,100_TO_500,TAX_PROV_TO_EBT,0,2019-09-30,RPT,13.2542
RBI:RATIO_LNGNFC_SAL_QTR_RN(1.0),N_A,245,QFY,2020,2019,25_TO_50,CORM_TO_SAL,0,2019-09-30,RPT,45.7267
RBI:RATIO_LNGNFC_SAL_QTR_RN(1.0),N_A,245,QFY,2020,2019,25_TO_50,CSH_CVG_RATIO,0,2019-09-30,RPT,0.995306
RBI:RATIO_LNGNFC_SAL_QTR_RN(1.0),N_A,245,QFY,2020,2019,25_TO_50,EBITDA_TO_SAL,0,2019-09-30,RPT,9.9753
RBI:RATIO_LNGNFC_SAL_QTR_RN(1.0),N_A,245,QFY,2020,2019,25_TO_50,EBIT_TO_SAL,0,2019-09-30,RPT,3.4816
RBI:RATIO_LNGNFC_SAL_QTR_RN(1.0),N_A,245,QFY,2020,2019,25_TO_50,INT_CVG,0,2019-09-30,RPT,0.347386
RBI:RATIO_LNGNFC_SAL_QTR_RN(1.0),N_A,245,QFY,2020,2019,25_TO_50,INT_TO_SAL,0,2019-09-30,RPT,10.0223
RBI:RATIO_LNGNFC_SAL_QTR_RN(1.0),N_A,245,QFY,2020,2019,25_TO_50,NET_PFT_TO_SAL,0,2019-09-30,RPT,-53.6572
RBI:RATIO_LNGNFC_SAL_QTR_RN(1.0),N_A,245,QFY,2020,2019,25_TO_50,OPR_PFTS_TO_SAL,0,2019-09-30,RPT,1.6671
RBI:RATIO_LNGNFC_SAL_QTR_RN(1.0),N_A,245,QFY,2020,2019,25_TO_50,SC_TO_SAL,0,2019-09-30,RPT,17.1561
RBI:RATIO_LNGNFC_SAL_QTR_RN(1.0),N_A,245,QFY,2020,2019,25_TO_50,TAX_PROV_TO_EBT,0,2019-09-30,RPT,10.5427
RBI:RATIO_LNGNFC_SAL_QTR_RN(1.0),N_A,247,QFY,2020,2019,500_TO_1000,CORM_TO_SAL,0,2019-09-30,RPT,48.5084
RBI:RATIO_LNGNFC_SAL_QTR_RN(1.0),N_A,247,QFY,2020,2019,500_TO_1000,EBITDA_TO_SAL,0,2019-09-30,RPT,-45.0664
RBI:RATIO_LNGNFC_SAL_QTR_RN(1.0),N_A,247,QFY,2020,2019,500_TO_1000,EBIT_TO_SAL,0,2019-09-30,RPT,-49.5194
RBI:RATIO_LNGNFC_SAL_QTR_RN(1.0),N_A,247,QFY,2020,2019,500_TO_1000,INT_TO_SAL,0,2019-09-30,RPT,4.2789
RBI:RATIO_LNGNFC_SAL_QTR_RN(1.0),N_A,247,QFY,2020,2019,500_TO_1000,NET_PFT_TO_SAL,0,2019-09-30,RPT,-61.4872
RBI:RATIO_LNGNFC_SAL_QTR_RN(1.0),N_A,247,QFY,2020,2019,500_TO_1000,OPR_PFTS_TO_SAL,0,2019-09-30,RPT,-48.1488
RBI:RATIO_LNGNFC_SAL_QTR_RN(1.0),N_A,247,QFY,2020,2019,500_TO_1000,SC_TO_SAL,0,2019-09-30,RPT,10.5382
RBI:RATIO_LNGNFC_SAL_QTR_RN(1.0),N_A,247,QFY,2020,2019,500_TO_1000,TAX_PROV_TO_EBT,0,2019-09-30,RPT,19.4109
RBI:RATIO_LNGNFC_SAL_QTR_RN(1.0),N_A,287,QFY,2020,2019,50_TO_100,CORM_TO_SAL,0,2019-09-30,RPT,53.8368
RBI:RATIO_LNGNFC_SAL_QTR_RN(1.0),N_A,287,QFY,2020,2019,50_TO_100,CSH_CVG_RATIO,0,2019-09-30,RPT,0.867782
RBI:RATIO_LNGNFC_SAL_QTR_RN(1.0),N_A,287,QFY,2020,2019,50_TO_100,EBITDA_TO_SAL,0,2019-09-30,RPT,17.1811
RBI:RATIO_LNGNFC_SAL_QTR_RN(1.0),N_A,287,QFY,2020,2019,50_TO_100,EBIT_TO_SAL,0,2019-09-30,RPT,11.5216
RBI:RATIO_LNGNFC_SAL_QTR_RN(1.0),N_A,287,QFY,2020,2019,50_TO_100,INT_CVG,0,2019-09-30,RPT,0.581929
RBI:RATIO_LNGNFC_SAL_QTR_RN(1.0),N_A,287,QFY,2020,2019,50_TO_100,INT_TO_SAL,0,2019-09-30,RPT,19.7989
RBI:RATIO_LNGNFC_SAL_QTR_RN(1.0),N_A,287,QFY,2020,2019,50_TO_100,NET_PFT_TO_SAL,0,2019-09-30,RPT,-11.8907
RBI:RATIO_LNGNFC_SAL_QTR_RN(1.0),N_A,287,QFY,2020,2019,50_TO_100,OPR_PFTS_TO_SAL,0,2019-09-30,RPT,5.1408
RBI:RATIO_LNGNFC_SAL_QTR_RN(1.0),N_A,287,QFY,2020,2019,50_TO_100,SC_TO_SAL,0,2019-09-30,RPT,14.6765
RBI:RATIO_LNGNFC_SAL_QTR_RN(1.0),N_A,287,QFY,2020,2019,50_TO_100,TAX_PROV_TO_EBT,0,2019-09-30,RPT,15.2444
RBI:RATIO_LNGNFC_SAL_QTR_RN(1.0),N_A,2696,QFY,2020,2019,ALL_COMP,CORM_TO_SAL,0,2019-09-30,RPT,49.7506
RBI:RATIO_LNGNFC_SAL_QTR_RN(1.0),N_A,2696,QFY,2020,2019,ALL_COMP,CSH_CVG_RATIO,0,2019-09-30,RPT,4.506431
RBI:RATIO_LNGNFC_SAL_QTR_RN(1.0),N_A,2696,QFY,2020,2019,ALL_COMP,EBITDA_TO_SAL,0,2019-09-30,RPT,16.3004
RBI:RATIO_LNGNFC_SAL_QTR_RN(1.0),N_A,2696,QFY,2020,2019,ALL_COMP,EBIT_TO_SAL,0,2019-09-30,RPT,11.7463
RBI:RATIO_LNGNFC_SAL_QTR_RN(1.0),N_A,2696,QFY,2020,2019,ALL_COMP,INT_BURDEN,0,2019-09-30,RPT,30.7939
RBI:RATIO_LNGNFC_SAL_QTR_RN(1.0),N_A,2696,QFY,2020,2019,ALL_COMP,INT_CVG,0,2019-09-30,RPT,3.247395
RBI:RATIO_LNGNFC_SAL_QTR_RN(1.0),N_A,2696,QFY,2020,2019,ALL_COMP,INT_TO_SAL,0,2019-09-30,RPT,3.6171
RBI:RATIO_LNGNFC_SAL_QTR_RN(1.0),N_A,2696,QFY,2020,2019,ALL_COMP,NET_PFT_TO_SAL,0,2019-09-30,RPT,3.832
RBI:RATIO_LNGNFC_SAL_QTR_RN(1.0),N_A,2696,QFY,2020,2019,ALL_COMP,OPR_PFTS_TO_SAL,0,2019-09-30,RPT,12.3208
RBI:RATIO_LNGNFC_SAL_QTR_RN(1.0),N_A,2696,QFY,2020,2019,ALL_COMP,OTH_INC_NET_PFT,0,2019-09-30,RPT,103.8526
RBI:RATIO_LNGNFC_SAL_QTR_RN(1.0),N_A,2696,QFY,2020,2019,ALL_COMP,SC_TO_SAL,0,2019-09-30,RPT,11.5458
RBI:RATIO_LNGNFC_SAL_QTR_RN(1.0),N_A,2696,QFY,2020,2019,ALL_COMP,TAX_PROV_TO_EBT,0,2019-09-30,RPT,15.9369
RBI:RATIO_LNGNFC_SAL_QTR_RN(1.0),N_A,692,QFY,2020,2019,LES_CLS_THAN_25,CORM_TO_SAL,0,2019-09-30,RPT,56.8472
RBI:RATIO_LNGNFC_SAL_QTR_RN(1.0),N_A,692,QFY,2020,2019,LES_CLS_THAN_25,CSH_CVG_RATIO,0,2019-09-30,RPT,0.231606
RBI:RATIO_LNGNFC_SAL_QTR_RN(1.0),N_A,692,QFY,2020,2019,LES_CLS_THAN_25,EBITDA_TO_SAL,0,2019-09-30,RPT,9.3234
RBI:RATIO_LNGNFC_SAL_QTR_RN(1.0),N_A,692,QFY,2020,2019,LES_CLS_THAN_25,EBIT_TO_SAL,0,2019-09-30,RPT,-4.174
RBI:RATIO_LNGNFC_SAL_QTR_RN(1.0),N_A,692,QFY,2020,2019,LES_CLS_THAN_25,INT_TO_SAL,0,2019-09-30,RPT,40.2555
RBI:RATIO_LNGNFC_SAL_QTR_RN(1.0),N_A,692,QFY,2020,2019,LES_CLS_THAN_25,NET_PFT_TO_SAL,0,2019-09-30,RPT,-36.5033
RBI:RATIO_LNGNFC_SAL_QTR_RN(1.0),N_A,692,QFY,2020,2019,LES_CLS_THAN_25,OPR_PFTS_TO_SAL,0,2019-09-30,RPT,-30.2872
RBI:RATIO_LNGNFC_SAL_QTR_RN(1.0),N_A,692,QFY,2020,2019,LES_CLS_THAN_25,SC_TO_SAL,0,2019-09-30,RPT,24.0724
RBI:RATIO_LNGNFC_SAL_QTR_RN(1.0),N_A,692,QFY,2020,2019,LES_CLS_THAN_25,TAX_PROV_TO_EBT,0,2019-09-30,RPT,7.8721
RBI:RATIO_LNGNFC_SAL_QTR_RN(1.0),N_A,530,QFY,2020,2019,100_N_ABOVE,CORM_TO_SAL,0,2019-12-31,RPT,48.7737
RBI:RATIO_LNGNFC_SAL_QTR_RN(1.0),N_A,530,QFY,2020,2019,100_N_ABOVE,CSH_CVG_RATIO,0,2019-12-31,RPT,5.475456
RBI:RATIO_LNGNFC_SAL_QTR_RN(1.0),N_A,530,QFY,2020,2019,100_N_ABOVE,EBITDA_TO_SAL,0,2019-12-31,RPT,19.1167
RBI:RATIO_LNGNFC_SAL_QTR_RN(1.0),N_A,530,QFY,2020,2019,100_N_ABOVE,EBIT_TO_SAL,0,2019-12-31,RPT,14.0124
RBI:RATIO_LNGNFC_SAL_QTR_RN(1.0),N_A,530,QFY,2020,2019,100_N_ABOVE,INT_BURDEN,0,2019-12-31,RPT,24.916
RBI:RATIO_LNGNFC_SAL_QTR_RN(1.0),N_A,530,QFY,2020,2019,100_N_ABOVE,INT_CVG,0,2019-12-31,RPT,4.013481
RBI:RATIO_LNGNFC_SAL_QTR_RN(1.0),N_A,530,QFY,2020,2019,100_N_ABOVE,INT_TO_SAL,0,2019-12-31,RPT,3.4913
RBI:RATIO_LNGNFC_SAL_QTR_RN(1.0),N_A,530,QFY,2020,2019,100_N_ABOVE,NET_PFT_TO_SAL,0,2019-12-31,RPT,8.4577
RBI:RATIO_LNGNFC_SAL_QTR_RN(1.0),N_A,530,QFY,2020,2019,100_N_ABOVE,OPR_PFTS_TO_SAL,0,2019-12-31,RPT,16.4386
RBI:RATIO_LNGNFC_SAL_QTR_RN(1.0),N_A,530,QFY,2020,2019,100_N_ABOVE,OTH_INC_NET_PFT,0,2019-12-31,RPT,31.6644
RBI:RATIO_LNGNFC_SAL_QTR_RN(1.0),N_A,530,QFY,2020,2019,100_N_ABOVE,SC_TO_SAL,0,2019-12-31,RPT,11.1502
RBI:RATIO_LNGNFC_SAL_QTR_RN(1.0),N_A,530,QFY,2020,2019,100_N_ABOVE,TAX_PROV_TO_EBT,0,2019-12-31,RPT,20.5417
RBI:RATIO_LNGNFC_SAL_QTR_RN(1.0),N_A,713,QFY,2020,2019,100_TO_500,CORM_TO_SAL,0,2019-12-31,RPT,53.808
RBI:RATIO_LNGNFC_SAL_QTR_RN(1.0),N_A,713,QFY,2020,2019,100_TO_500,CSH_CVG_RATIO,0,2019-12-31,RPT,1.887263
RBI:RATIO_LNGNFC_SAL_QTR_RN(1.0),N_A,713,QFY,2020,2019,100_TO_500,EBITDA_TO_SAL,0,2019-12-31,RPT,11.9439
RBI:RATIO_LNGNFC_SAL_QTR_RN(1.0),N_A,713,QFY,2020,2019,100_TO_500,EBIT_TO_SAL,0,2019-12-31,RPT,6.5627
RBI:RATIO_LNGNFC_SAL_QTR_RN(1.0),N_A,713,QFY,2020,2019,100_TO_500,INT_BURDEN,0,2019-12-31,RPT,96.4342
RBI:RATIO_LNGNFC_SAL_QTR_RN(1.0),N_A,713,QFY,2020,2019,100_TO_500,INT_CVG,0,2019-12-31,RPT,1.036977
RBI:RATIO_LNGNFC_SAL_QTR_RN(1.0),N_A,713,QFY,2020,2019,100_TO_500,INT_TO_SAL,0,2019-12-31,RPT,6.3287
RBI:RATIO_LNGNFC_SAL_QTR_RN(1.0),N_A,713,QFY,2020,2019,100_TO_500,NET_PFT_TO_SAL,0,2019-12-31,RPT,-3.0069
RBI:RATIO_LNGNFC_SAL_QTR_RN(1.0),N_A,713,QFY,2020,2019,100_TO_500,OPR_PFTS_TO_SAL,0,2019-12-31,RPT,7.8876
RBI:RATIO_LNGNFC_SAL_QTR_RN(1.0),N_A,713,QFY,2020,2019,100_TO_500,SC_TO_SAL,0,2019-12-31,RPT,12.5104
RBI:RATIO_LNGNFC_SAL_QTR_RN(1.0),N_A,713,QFY,2020,2019,100_TO_500,TAX_PROV_TO_EBT,0,2019-12-31,RPT,18.5737
RBI:RATIO_LNGNFC_SAL_QTR_RN(1.0),N_A,224,QFY,2020,2019,25_TO_50,CORM_TO_SAL,0,2019-12-31,RPT,49.0246
RBI:RATIO_LNGNFC_SAL_QTR_RN(1.0),N_A,224,QFY,2020,2019,25_TO_50,CSH_CVG_RATIO,0,2019-12-31,RPT,0.195913
RBI:RATIO_LNGNFC_SAL_QTR_RN(1.0),N_A,224,QFY,2020,2019,25_TO_50,EBITDA_TO_SAL,0,2019-12-31,RPT,6.1666
RBI:RATIO_LNGNFC_SAL_QTR_RN(1.0),N_A,224,QFY,2020,2019,25_TO_50,EBIT_TO_SAL,0,2019-12-31,RPT,-3.8111
RBI:RATIO_LNGNFC_SAL_QTR_RN(1.0),N_A,224,QFY,2020,2019,25_TO_50,INT_TO_SAL,0,2019-12-31,RPT,31.4761
RBI:RATIO_LNGNFC_SAL_QTR_RN(1.0),N_A,224,QFY,2020,2019,25_TO_50,NET_PFT_TO_SAL,0,2019-12-31,RPT,-35.4246
RBI:RATIO_LNGNFC_SAL_QTR_RN(1.0),N_A,224,QFY,2020,2019,25_TO_50,OPR_PFTS_TO_SAL,0,2019-12-31,RPT,-0.5057
RBI:RATIO_LNGNFC_SAL_QTR_RN(1.0),N_A,224,QFY,2020,2019,25_TO_50,SC_TO_SAL,0,2019-12-31,RPT,17.2744
RBI:RATIO_LNGNFC_SAL_QTR_RN(1.0),N_A,224,QFY,2020,2019,25_TO_50,TAX_PROV_TO_EBT,0,2019-12-31,RPT,12.4018
RBI:RATIO_LNGNFC_SAL_QTR_RN(1.0),N_A,240,QFY,2020,2019,500_TO_1000,CORM_TO_SAL,0,2019-12-31,RPT,51.8708
RBI:RATIO_LNGNFC_SAL_QTR_RN(1.0),N_A,240,QFY,2020,2019,500_TO_1000,CSH_CVG_RATIO,0,2019-12-31,RPT,1.929141
RBI:RATIO_LNGNFC_SAL_QTR_RN(1.0),N_A,240,QFY,2020,2019,500_TO_1000,EBITDA_TO_SAL,0,2019-12-31,RPT,10.4602
RBI:RATIO_LNGNFC_SAL_QTR_RN(1.0),N_A,240,QFY,2020,2019,500_TO_1000,EBIT_TO_SAL,0,2019-12-31,RPT,6.1744
RBI:RATIO_LNGNFC_SAL_QTR_RN(1.0),N_A,240,QFY,2020,2019,500_TO_1000,INT_BURDEN,0,2019-12-31,RPT,87.8171
RBI:RATIO_LNGNFC_SAL_QTR_RN(1.0),N_A,240,QFY,2020,2019,500_TO_1000,INT_CVG,0,2019-12-31,RPT,1.13873
RBI:RATIO_LNGNFC_SAL_QTR_RN(1.0),N_A,240,QFY,2020,2019,500_TO_1000,INT_TO_SAL,0,2019-12-31,RPT,5.4222
RBI:RATIO_LNGNFC_SAL_QTR_RN(1.0),N_A,240,QFY,2020,2019,500_TO_1000,NET_PFT_TO_SAL,0,2019-12-31,RPT,-30.7674
RBI:RATIO_LNGNFC_SAL_QTR_RN(1.0),N_A,240,QFY,2020,2019,500_TO_1000,OPR_PFTS_TO_SAL,0,2019-12-31,RPT,6.9393
RBI:RATIO_LNGNFC_SAL_QTR_RN(1.0),N_A,240,QFY,2020,2019,500_TO_1000,SC_TO_SAL,0,2019-12-31,RPT,9.9846
RBI:RATIO_LNGNFC_SAL_QTR_RN(1.0),N_A,240,QFY,2020,2019,500_TO_1000,TAX_PROV_TO_EBT,0,2019-12-31,RPT,19.4499
RBI:RATIO_LNGNFC_SAL_QTR_RN(1.0),N_A,291,QFY,2020,2019,50_TO_100,CORM_TO_SAL,0,2019-12-31,RPT,51.3141
RBI:RATIO_LNGNFC_SAL_QTR_RN(1.0),N_A,291,QFY,2020,2019,50_TO_100,CSH_CVG_RATIO,0,2019-12-31,RPT,1.72543
RBI:RATIO_LNGNFC_SAL_QTR_RN(1.0),N_A,291,QFY,2020,2019,50_TO_100,EBITDA_TO_SAL,0,2019-12-31,RPT,10.143
RBI:RATIO_LNGNFC_SAL_QTR_RN(1.0),N_A,291,QFY,2020,2019,50_TO_100,EBIT_TO_SAL,0,2019-12-31,RPT,5.8455
RBI:RATIO_LNGNFC_SAL_QTR_RN(1.0),N_A,291,QFY,2020,2019,50_TO_100,INT_BURDEN,0,2019-12-31,RPT,100.5652
RBI:RATIO_LNGNFC_SAL_QTR_RN(1.0),N_A,291,QFY,2020,2019,50_TO_100,INT_CVG,0,2019-12-31,RPT,0.994379
RBI:RATIO_LNGNFC_SAL_QTR_RN(1.0),N_A,291,QFY,2020,2019,50_TO_100,INT_TO_SAL,0,2019-12-31,RPT,5.8786
RBI:RATIO_LNGNFC_SAL_QTR_RN(1.0),N_A,291,QFY,2020,2019,50_TO_100,NET_PFT_TO_SAL,0,2019-12-31,RPT,-2.5755
RBI:RATIO_LNGNFC_SAL_QTR_RN(1.0),N_A,291,QFY,2020,2019,50_TO_100,OPR_PFTS_TO_SAL,0,2019-12-31,RPT,6.3593
RBI:RATIO_LNGNFC_SAL_QTR_RN(1.0),N_A,291,QFY,2020,2019,50_TO_100,SC_TO_SAL,0,2019-12-31,RPT,14.5275
RBI:RATIO_LNGNFC_SAL_QTR_RN(1.0),N_A,291,QFY,2020,2019,50_TO_100,TAX_PROV_TO_EBT,0,2019-12-31,RPT,20.8564
RBI:RATIO_LNGNFC_SAL_QTR_RN(1.0),N_A,2702,QFY,2020,2019,ALL_COMP,CORM_TO_SAL,0,2019-12-31,RPT,49.2034
RBI:RATIO_LNGNFC_SAL_QTR_RN(1.0),N_A,2702,QFY,2020,2019,ALL_COMP,CSH_CVG_RATIO,0,2019-12-31,RPT,4.772819
RBI:RATIO_LNGNFC_SAL_QTR_RN(1.0),N_A,2702,QFY,2020,2019,ALL_COMP,EBITDA_TO_SAL,0,2019-12-31,RPT,18.2913
RBI:RATIO_LNGNFC_SAL_QTR_RN(1.0),N_A,2702,QFY,2020,2019,ALL_COMP,EBIT_TO_SAL,0,2019-12-31,RPT,13.1905
RBI:RATIO_LNGNFC_SAL_QTR_RN(1.0),N_A,2702,QFY,2020,2019,ALL_COMP,INT_BURDEN,0,2019-12-31,RPT,29.0542
RBI:RATIO_LNGNFC_SAL_QTR_RN(1.0),N_A,2702,QFY,2020,2019,ALL_COMP,INT_CVG,0,2019-12-31,RPT,3.441837
RBI:RATIO_LNGNFC_SAL_QTR_RN(1.0),N_A,2702,QFY,2020,2019,ALL_COMP,INT_TO_SAL,0,2019-12-31,RPT,3.8324
RBI:RATIO_LNGNFC_SAL_QTR_RN(1.0),N_A,2702,QFY,2020,2019,ALL_COMP,NET_PFT_TO_SAL,0,2019-12-31,RPT,5.886
RBI:RATIO_LNGNFC_SAL_QTR_RN(1.0),N_A,2702,QFY,2020,2019,ALL_COMP,OPR_PFTS_TO_SAL,0,2019-12-31,RPT,15.4633
RBI:RATIO_LNGNFC_SAL_QTR_RN(1.0),N_A,2702,QFY,2020,2019,ALL_COMP,OTH_INC_NET_PFT,0,2019-12-31,RPT,48.0453
RBI:RATIO_LNGNFC_SAL_QTR_RN(1.0),N_A,2702,QFY,2020,2019,ALL_COMP,SC_TO_SAL,0,2019-12-31,RPT,11.2097
RBI:RATIO_LNGNFC_SAL_QTR_RN(1.0),N_A,2702,QFY,2020,2019,ALL_COMP,TAX_PROV_TO_EBT,0,2019-12-31,RPT,20.4382
RBI:RATIO_LNGNFC_SAL_QTR_RN(1.0),N_A,704,QFY,2020,2019,LES_CLS_THAN_25,CORM_TO_SAL,0,2019-12-31,RPT,61.1859
RBI:RATIO_LNGNFC_SAL_QTR_RN(1.0),N_A,704,QFY,2020,2019,LES_CLS_THAN_25,EBITDA_TO_SAL,0,2019-12-31,RPT,-2.3634
RBI:RATIO_LNGNFC_SAL_QTR_RN(1.0),N_A,704,QFY,2020,2019,LES_CLS_THAN_25,EBIT_TO_SAL,0,2019-12-31,RPT,-19.3336
RBI:RATIO_LNGNFC_SAL_QTR_RN(1.0),N_A,704,QFY,2020,2019,LES_CLS_THAN_25,INT_TO_SAL,0,2019-12-31,RPT,43.8048
RBI:RATIO_LNGNFC_SAL_QTR_RN(1.0),N_A,704,QFY,2020,2019,LES_CLS_THAN_25,NET_PFT_TO_SAL,0,2019-12-31,RPT,-77.6971
RBI:RATIO_LNGNFC_SAL_QTR_RN(1.0),N_A,704,QFY,2020,2019,LES_CLS_THAN_25,OPR_PFTS_TO_SAL,0,2019-12-31,RPT,-31.2995
RBI:RATIO_LNGNFC_SAL_QTR_RN(1.0),N_A,704,QFY,2020,2019,LES_CLS_THAN_25,SC_TO_SAL,0,2019-12-31,RPT,26.4625
RBI:RATIO_LNGNFC_SAL_QTR_RN(1.0),N_A,704,QFY,2020,2019,LES_CLS_THAN_25,TAX_PROV_TO_EBT,0,2019-12-31,RPT,15.4665
RBI:RATIO_LNGNFC_SAL_QTR_RN(1.0),N_A,495,QFY,2020,2019,100_N_ABOVE,CORM_TO_SAL,0,2020-03-31,RPT,49.6064
RBI:RATIO_LNGNFC_SAL_QTR_RN(1.0),N_A,495,QFY,2020,2019,100_N_ABOVE,CSH_CVG_RATIO,0,2020-03-31,RPT,4.479332
RBI:RATIO_LNGNFC_SAL_QTR_RN(1.0),N_A,495,QFY,2020,2019,100_N_ABOVE,EBITDA_TO_SAL,0,2020-03-31,RPT,19.0336
RBI:RATIO_LNGNFC_SAL_QTR_RN(1.0),N_A,495,QFY,2020,2019,100_N_ABOVE,EBIT_TO_SAL,0,2020-03-31,RPT,13.4513
RBI:RATIO_LNGNFC_SAL_QTR_RN(1.0),N_A,495,QFY,2020,2019,100_N_ABOVE,INT_BURDEN,0,2020-03-31,RPT,31.5896
RBI:RATIO_LNGNFC_SAL_QTR_RN(1.0),N_A,495,QFY,2020,2019,100_N_ABOVE,INT_CVG,0,2020-03-31,RPT,3.165598
RBI:RATIO_LNGNFC_SAL_QTR_RN(1.0),N_A,495,QFY,2020,2019,100_N_ABOVE,INT_TO_SAL,0,2020-03-31,RPT,4.2492
RBI:RATIO_LNGNFC_SAL_QTR_RN(1.0),N_A,495,QFY,2020,2019,100_N_ABOVE,NET_PFT_TO_SAL,0,2020-03-31,RPT,2.1484
RBI:RATIO_LNGNFC_SAL_QTR_RN(1.0),N_A,495,QFY,2020,2019,100_N_ABOVE,OPR_PFTS_TO_SAL,0,2020-03-31,RPT,15.2478
RBI:RATIO_LNGNFC_SAL_QTR_RN(1.0),N_A,495,QFY,2020,2019,100_N_ABOVE,SC_TO_SAL,0,2020-03-31,RPT,11.9047
RBI:RATIO_LNGNFC_SAL_QTR_RN(1.0),N_A,495,QFY,2020,2019,100_N_ABOVE,TAX_PROV_TO_EBT,0,2020-03-31,RPT,20.8723
RBI:RATIO_LNGNFC_SAL_QTR_RN(1.0),N_A,674,QFY,2020,2019,100_TO_500,CORM_TO_SAL,0,2020-03-31,RPT,58.3238
RBI:RATIO_LNGNFC_SAL_QTR_RN(1.0),N_A,674,QFY,2020,2019,100_TO_500,EBITDA_TO_SAL,0,2020-03-31,RPT,-3.5507
RBI:RATIO_LNGNFC_SAL_QTR_RN(1.0),N_A,674,QFY,2020,2019,100_TO_500,EBIT_TO_SAL,0,2020-03-31,RPT,-9.3904
RBI:RATIO_LNGNFC_SAL_QTR_RN(1.0),N_A,674,QFY,2020,2019,100_TO_500,INT_TO_SAL,0,2020-03-31,RPT,7.2723
RBI:RATIO_LNGNFC_SAL_QTR_RN(1.0),N_A,674,QFY,2020,2019,100_TO_500,NET_PFT_TO_SAL,0,2020-03-31,RPT,-31.4946
RBI:RATIO_LNGNFC_SAL_QTR_RN(1.0),N_A,674,QFY,2020,2019,100_TO_500,OPR_PFTS_TO_SAL,0,2020-03-31,RPT,-8.6946
RBI:RATIO_LNGNFC_SAL_QTR_RN(1.0),N_A,674,QFY,2020,2019,100_TO_500,SC_TO_SAL,0,2020-03-31,RPT,12.8638
RBI:RATIO_LNGNFC_SAL_QTR_RN(1.0),N_A,674,QFY,2020,2019,100_TO_500,TAX_PROV_TO_EBT,0,2020-03-31,RPT,18.2094
RBI:RATIO_LNGNFC_SAL_QTR_RN(1.0),N_A,222,QFY,2020,2019,25_TO_50,CORM_TO_SAL,0,2020-03-31,RPT,49.3792
RBI:RATIO_LNGNFC_SAL_QTR_RN(1.0),N_A,222,QFY,2020,2019,25_TO_50,CSH_CVG_RATIO,0,2020-03-31,RPT,2.713656
RBI:RATIO_LNGNFC_SAL_QTR_RN(1.0),N_A,222,QFY,2020,2019,25_TO_50,EBITDA_TO_SAL,0,2020-03-31,RPT,21.3137
RBI:RATIO_LNGNFC_SAL_QTR_RN(1.0),N_A,222,QFY,2020,2019,25_TO_50,EBIT_TO_SAL,0,2020-03-31,RPT,12.9879
RBI:RATIO_LNGNFC_SAL_QTR_RN(1.0),N_A,222,QFY,2020,2019,25_TO_50,INT_BURDEN,0,2020-03-31,RPT,60.4734
RBI:RATIO_LNGNFC_SAL_QTR_RN(1.0),N_A,222,QFY,2020,2019,25_TO_50,INT_CVG,0,2020-03-31,RPT,1.653619
RBI:RATIO_LNGNFC_SAL_QTR_RN(1.0),N_A,222,QFY,2020,2019,25_TO_50,INT_TO_SAL,0,2020-03-31,RPT,7.8542
RBI:RATIO_LNGNFC_SAL_QTR_RN(1.0),N_A,222,QFY,2020,2019,25_TO_50,NET_PFT_TO_SAL,0,2020-03-31,RPT,-16.0698
RBI:RATIO_LNGNFC_SAL_QTR_RN(1.0),N_A,222,QFY,2020,2019,25_TO_50,OPR_PFTS_TO_SAL,0,2020-03-31,RPT,-8.2428
RBI:RATIO_LNGNFC_SAL_QTR_RN(1.0),N_A,222,QFY,2020,2019,25_TO_50,SC_TO_SAL,0,2020-03-31,RPT,20.3138
RBI:RATIO_LNGNFC_SAL_QTR_RN(1.0),N_A,222,QFY,2020,2019,25_TO_50,TAX_PROV_TO_EBT,0,2020-03-31,RPT,5.8804
RBI:RATIO_LNGNFC_SAL_QTR_RN(1.0),N_A,234,QFY,2020,2019,500_TO_1000,CORM_TO_SAL,0,2020-03-31,RPT,51.7182
RBI:RATIO_LNGNFC_SAL_QTR_RN(1.0),N_A,234,QFY,2020,2019,500_TO_1000,CSH_CVG_RATIO,0,2020-03-31,RPT,1.870746
RBI:RATIO_LNGNFC_SAL_QTR_RN(1.0),N_A,234,QFY,2020,2019,500_TO_1000,EBITDA_TO_SAL,0,2020-03-31,RPT,8.3608
RBI:RATIO_LNGNFC_SAL_QTR_RN(1.0),N_A,234,QFY,2020,2019,500_TO_1000,EBIT_TO_SAL,0,2020-03-31,RPT,3.8003
RBI:RATIO_LNGNFC_SAL_QTR_RN(1.0),N_A,234,QFY,2020,2019,500_TO_1000,INT_BURDEN,0,2020-03-31,RPT,117.604
RBI:RATIO_LNGNFC_SAL_QTR_RN(1.0),N_A,234,QFY,2020,2019,500_TO_1000,INT_CVG,0,2020-03-31,RPT,0.850311
RBI:RATIO_LNGNFC_SAL_QTR_RN(1.0),N_A,234,QFY,2020,2019,500_TO_1000,INT_TO_SAL,0,2020-03-31,RPT,4.4693
RBI:RATIO_LNGNFC_SAL_QTR_RN(1.0),N_A,234,QFY,2020,2019,500_TO_1000,NET_PFT_TO_SAL,0,2020-03-31,RPT,-4.9919
RBI:RATIO_LNGNFC_SAL_QTR_RN(1.0),N_A,234,QFY,2020,2019,500_TO_1000,OPR_PFTS_TO_SAL,0,2020-03-31,RPT,4.542
RBI:RATIO_LNGNFC_SAL_QTR_RN(1.0),N_A,234,QFY,2020,2019,500_TO_1000,SC_TO_SAL,0,2020-03-31,RPT,10.8249
RBI:RATIO_LNGNFC_SAL_QTR_RN(1.0),N_A,234,QFY,2020,2019,500_TO_1000,TAX_PROV_TO_EBT,0,2020-03-31,RPT,20.5313
RBI:RATIO_LNGNFC_SAL_QTR_RN(1.0),N_A,296,QFY,2020,2019,50_TO_100,CORM_TO_SAL,0,2020-03-31,RPT,53.9375
RBI:RATIO_LNGNFC_SAL_QTR_RN(1.0),N_A,296,QFY,2020,2019,50_TO_100,CSH_CVG_RATIO,0,2020-03-31,RPT,0.057778
RBI:RATIO_LNGNFC_SAL_QTR_RN(1.0),N_A,296,QFY,2020,2019,50_TO_100,EBITDA_TO_SAL,0,2020-03-31,RPT,1.167
RBI:RATIO_LNGNFC_SAL_QTR_RN(1.0),N_A,296,QFY,2020,2019,50_TO_100,EBIT_TO_SAL,0,2020-03-31,RPT,-4.5419
RBI:RATIO_LNGNFC_SAL_QTR_RN(1.0),N_A,296,QFY,2020,2019,50_TO_100,INT_TO_SAL,0,2020-03-31,RPT,20.1982
RBI:RATIO_LNGNFC_SAL_QTR_RN(1.0),N_A,296,QFY,2020,2019,50_TO_100,NET_PFT_TO_SAL,0,2020-03-31,RPT,-16.7465
RBI:RATIO_LNGNFC_SAL_QTR_RN(1.0),N_A,296,QFY,2020,2019,50_TO_100,OPR_PFTS_TO_SAL,0,2020-03-31,RPT,-10.2505
RBI:RATIO_LNGNFC_SAL_QTR_RN(1.0),N_A,296,QFY,2020,2019,50_TO_100,SC_TO_SAL,0,2020-03-31,RPT,15.8802
RBI:RATIO_LNGNFC_SAL_QTR_RN(1.0),N_A,296,QFY,2020,2019,50_TO_100,TAX_PROV_TO_EBT,0,2020-03-31,RPT,14.5226
RBI:RATIO_LNGNFC_SAL_QTR_RN(1.0),N_A,2620,QFY,2020,2019,ALL_COMP,CORM_TO_SAL,0,2020-03-31,RPT,50.1978
RBI:RATIO_LNGNFC_SAL_QTR_RN(1.0),N_A,2620,QFY,2020,2019,ALL_COMP,CSH_CVG_RATIO,0,2020-03-31,RPT,3.825299
RBI:RATIO_LNGNFC_SAL_QTR_RN(1.0),N_A,2620,QFY,2020,2019,ALL_COMP,EBITDA_TO_SAL,0,2020-03-31,RPT,17.3159
RBI:RATIO_LNGNFC_SAL_QTR_RN(1.0),N_A,2620,QFY,2020,2019,ALL_COMP,EBIT_TO_SAL,0,2020-03-31,RPT,11.7517
RBI:RATIO_LNGNFC_SAL_QTR_RN(1.0),N_A,2620,QFY,2020,2019,ALL_COMP,INT_BURDEN,0,2020-03-31,RPT,38.5191
RBI:RATIO_LNGNFC_SAL_QTR_RN(1.0),N_A,2620,QFY,2020,2019,ALL_COMP,INT_CVG,0,2020-03-31,RPT,2.596113
RBI:RATIO_LNGNFC_SAL_QTR_RN(1.0),N_A,2620,QFY,2020,2019,ALL_COMP,INT_TO_SAL,0,2020-03-31,RPT,4.5267
RBI:RATIO_LNGNFC_SAL_QTR_RN(1.0),N_A,2620,QFY,2020,2019,ALL_COMP,NET_PFT_TO_SAL,0,2020-03-31,RPT,-0.1642
RBI:RATIO_LNGNFC_SAL_QTR_RN(1.0),N_A,2620,QFY,2020,2019,ALL_COMP,OPR_PFTS_TO_SAL,0,2020-03-31,RPT,13.3066
RBI:RATIO_LNGNFC_SAL_QTR_RN(1.0),N_A,2620,QFY,2020,2019,ALL_COMP,SC_TO_SAL,0,2020-03-31,RPT,11.9581
RBI:RATIO_LNGNFC_SAL_QTR_RN(1.0),N_A,2620,QFY,2020,2019,ALL_COMP,TAX_PROV_TO_EBT,0,2020-03-31,RPT,20.6614
RBI:RATIO_LNGNFC_SAL_QTR_RN(1.0),N_A,699,QFY,2020,2019,LES_CLS_THAN_25,CORM_TO_SAL,0,2020-03-31,RPT,57.2485
RBI:RATIO_LNGNFC_SAL_QTR_RN(1.0),N_A,699,QFY,2020,2019,LES_CLS_THAN_25,EBITDA_TO_SAL,0,2020-03-31,RPT,-0.2545
RBI:RATIO_LNGNFC_SAL_QTR_RN(1.0),N_A,699,QFY,2020,2019,LES_CLS_THAN_25,EBIT_TO_SAL,0,2020-03-31,RPT,-13.9343
RBI:RATIO_LNGNFC_SAL_QTR_RN(1.0),N_A,699,QFY,2020,2019,LES_CLS_THAN_25,INT_TO_SAL,0,2020-03-31,RPT,16.6167
RBI:RATIO_LNGNFC_SAL_QTR_RN(1.0),N_A,699,QFY,2020,2019,LES_CLS_THAN_25,NET_PFT_TO_SAL,0,2020-03-31,RPT,-145.0672
RBI:RATIO_LNGNFC_SAL_QTR_RN(1.0),N_A,699,QFY,2020,2019,LES_CLS_THAN_25,OPR_PFTS_TO_SAL,0,2020-03-31,RPT,-39.682
RBI:RATIO_LNGNFC_SAL_QTR_RN(1.0),N_A,699,QFY,2020,2019,LES_CLS_THAN_25,SC_TO_SAL,0,2020-03-31,RPT,24.185
RBI:RATIO_LNGNFC_SAL_QTR_RN(1.0),N_A,699,QFY,2020,2019,LES_CLS_THAN_25,TAX_PROV_TO_EBT,0,2020-03-31,RPT,15.388
RBI:RATIO_LNGNFC_SAL_QTR_RN(1.0),N_A,348,QFY,2021,2020,100_N_ABOVE,CORM_TO_SAL,0,2020-06-30,RPT,42.3638
RBI:RATIO_LNGNFC_SAL_QTR_RN(1.0),N_A,348,QFY,2021,2020,100_N_ABOVE,CSH_CVG_RATIO,0,2020-06-30,RPT,4.196717
RBI:RATIO_LNGNFC_SAL_QTR_RN(1.0),N_A,348,QFY,2021,2020,100_N_ABOVE,EBITDA_TO_SAL,0,2020-06-30,RPT,22.6814
RBI:RATIO_LNGNFC_SAL_QTR_RN(1.0),N_A,348,QFY,2021,2020,100_N_ABOVE,EBIT_TO_SAL,0,2020-06-30,RPT,15.1503
RBI:RATIO_LNGNFC_SAL_QTR_RN(1.0),N_A,348,QFY,2021,2020,100_N_ABOVE,INT_BURDEN,0,2020-06-30,RPT,35.6728
RBI:RATIO_LNGNFC_SAL_QTR_RN(1.0),N_A,348,QFY,2021,2020,100_N_ABOVE,INT_CVG,0,2020-06-30,RPT,2.803255
RBI:RATIO_LNGNFC_SAL_QTR_RN(1.0),N_A,348,QFY,2021,2020,100_N_ABOVE,INT_TO_SAL,0,2020-06-30,RPT,5.4046
RBI:RATIO_LNGNFC_SAL_QTR_RN(1.0),N_A,348,QFY,2021,2020,100_N_ABOVE,NET_PFT_TO_SAL,0,2020-06-30,RPT,1.4544
RBI:RATIO_LNGNFC_SAL_QTR_RN(1.0),N_A,348,QFY,2021,2020,100_N_ABOVE,OPR_PFTS_TO_SAL,0,2020-06-30,RPT,17.6487
RBI:RATIO_LNGNFC_SAL_QTR_RN(1.0),N_A,348,QFY,2021,2020,100_N_ABOVE,SC_TO_SAL,0,2020-06-30,RPT,16.4016
RBI:RATIO_LNGNFC_SAL_QTR_RN(1.0),N_A,348,QFY,2021,2020,100_N_ABOVE,TAX_PROV_TO_EBT,0,2020-06-30,RPT,21.9142
RBI:RATIO_LNGNFC_SAL_QTR_RN(1.0),N_A,607,QFY,2021,2020,100_TO_500,CORM_TO_SAL,0,2020-06-30,RPT,49.5942
RBI:RATIO_LNGNFC_SAL_QTR_RN(1.0),N_A,607,QFY,2021,2020,100_TO_500,CSH_CVG_RATIO,0,2020-06-30,RPT,0.347492
RBI:RATIO_LNGNFC_SAL_QTR_RN(1.0),N_A,607,QFY,2021,2020,100_TO_500,EBITDA_TO_SAL,0,2020-06-30,RPT,4.4691
RBI:RATIO_LNGNFC_SAL_QTR_RN(1.0),N_A,607,QFY,2021,2020,100_TO_500,EBIT_TO_SAL,0,2020-06-30,RPT,-5.0281
RBI:RATIO_LNGNFC_SAL_QTR_RN(1.0),N_A,607,QFY,2021,2020,100_TO_500,INT_TO_SAL,0,2020-06-30,RPT,12.8609
RBI:RATIO_LNGNFC_SAL_QTR_RN(1.0),N_A,607,QFY,2021,2020,100_TO_500,NET_PFT_TO_SAL,0,2020-06-30,RPT,-16.7216
RBI:RATIO_LNGNFC_SAL_QTR_RN(1.0),N_A,607,QFY,2021,2020,100_TO_500,OPR_PFTS_TO_SAL,0,2020-06-30,RPT,-1.543
RBI:RATIO_LNGNFC_SAL_QTR_RN(1.0),N_A,607,QFY,2021,2020,100_TO_500,SC_TO_SAL,0,2020-06-30,RPT,18.5604
RBI:RATIO_LNGNFC_SAL_QTR_RN(1.0),N_A,607,QFY,2021,2020,100_TO_500,TAX_PROV_TO_EBT,0,2020-06-30,RPT,21.8398
RBI:RATIO_LNGNFC_SAL_QTR_RN(1.0),N_A,241,QFY,2021,2020,25_TO_50,CORM_TO_SAL,0,2020-06-30,RPT,47.518
RBI:RATIO_LNGNFC_SAL_QTR_RN(1.0),N_A,241,QFY,2021,2020,25_TO_50,EBITDA_TO_SAL,0,2020-06-30,RPT,-3.6752
RBI:RATIO_LNGNFC_SAL_QTR_RN(1.0),N_A,241,QFY,2021,2020,25_TO_50,EBIT_TO_SAL,0,2020-06-30,RPT,-24.2717
RBI:RATIO_LNGNFC_SAL_QTR_RN(1.0),N_A,241,QFY,2021,2020,25_TO_50,INT_TO_SAL,0,2020-06-30,RPT,37.8856
RBI:RATIO_LNGNFC_SAL_QTR_RN(1.0),N_A,241,QFY,2021,2020,25_TO_50,NET_PFT_TO_SAL,0,2020-06-30,RPT,-51.734
RBI:RATIO_LNGNFC_SAL_QTR_RN(1.0),N_A,241,QFY,2021,2020,25_TO_50,OPR_PFTS_TO_SAL,0,2020-06-30,RPT,-18.7278
RBI:RATIO_LNGNFC_SAL_QTR_RN(1.0),N_A,241,QFY,2021,2020,25_TO_50,SC_TO_SAL,0,2020-06-30,RPT,28.7703
RBI:RATIO_LNGNFC_SAL_QTR_RN(1.0),N_A,241,QFY,2021,2020,25_TO_50,TAX_PROV_TO_EBT,0,2020-06-30,RPT,19.6335
RBI:RATIO_LNGNFC_SAL_QTR_RN(1.0),N_A,203,QFY,2021,2020,500_TO_1000,CORM_TO_SAL,0,2020-06-30,RPT,44.6172
RBI:RATIO_LNGNFC_SAL_QTR_RN(1.0),N_A,203,QFY,2021,2020,500_TO_1000,CSH_CVG_RATIO,0,2020-06-30,RPT,1.447572
RBI:RATIO_LNGNFC_SAL_QTR_RN(1.0),N_A,203,QFY,2021,2020,500_TO_1000,EBITDA_TO_SAL,0,2020-06-30,RPT,11.6097
RBI:RATIO_LNGNFC_SAL_QTR_RN(1.0),N_A,203,QFY,2021,2020,500_TO_1000,EBIT_TO_SAL,0,2020-06-30,RPT,4.7235
RBI:RATIO_LNGNFC_SAL_QTR_RN(1.0),N_A,203,QFY,2021,2020,500_TO_1000,INT_CVG,0,2020-06-30,RPT,0.58896
RBI:RATIO_LNGNFC_SAL_QTR_RN(1.0),N_A,203,QFY,2021,2020,500_TO_1000,INT_TO_SAL,0,2020-06-30,RPT,8.0201
RBI:RATIO_LNGNFC_SAL_QTR_RN(1.0),N_A,203,QFY,2021,2020,500_TO_1000,NET_PFT_TO_SAL,0,2020-06-30,RPT,-3.1967
RBI:RATIO_LNGNFC_SAL_QTR_RN(1.0),N_A,203,QFY,2021,2020,500_TO_1000,OPR_PFTS_TO_SAL,0,2020-06-30,RPT,6.655
RBI:RATIO_LNGNFC_SAL_QTR_RN(1.0),N_A,203,QFY,2021,2020,500_TO_1000,SC_TO_SAL,0,2020-06-30,RPT,14.2748
RBI:RATIO_LNGNFC_SAL_QTR_RN(1.0),N_A,203,QFY,2021,2020,500_TO_1000,TAX_PROV_TO_EBT,0,2020-06-30,RPT,19.7734
RBI:RATIO_LNGNFC_SAL_QTR_RN(1.0),N_A,266,QFY,2021,2020,50_TO_100,CORM_TO_SAL,0,2020-06-30,RPT,48.4858
RBI:RATIO_LNGNFC_SAL_QTR_RN(1.0),N_A,266,QFY,2021,2020,50_TO_100,CSH_CVG_RATIO,0,2020-06-30,RPT,0.853826
RBI:RATIO_LNGNFC_SAL_QTR_RN(1.0),N_A,266,QFY,2021,2020,50_TO_100,EBITDA_TO_SAL,0,2020-06-30,RPT,11.4859
RBI:RATIO_LNGNFC_SAL_QTR_RN(1.0),N_A,266,QFY,2021,2020,50_TO_100,EBIT_TO_SAL,0,2020-06-30,RPT,-0.2358
RBI:RATIO_LNGNFC_SAL_QTR_RN(1.0),N_A,266,QFY,2021,2020,50_TO_100,INT_TO_SAL,0,2020-06-30,RPT,13.4523
RBI:RATIO_LNGNFC_SAL_QTR_RN(1.0),N_A,266,QFY,2021,2020,50_TO_100,NET_PFT_TO_SAL,0,2020-06-30,RPT,-11.821
RBI:RATIO_LNGNFC_SAL_QTR_RN(1.0),N_A,266,QFY,2021,2020,50_TO_100,OPR_PFTS_TO_SAL,0,2020-06-30,RPT,1.1494
RBI:RATIO_LNGNFC_SAL_QTR_RN(1.0),N_A,266,QFY,2021,2020,50_TO_100,SC_TO_SAL,0,2020-06-30,RPT,21.1063
RBI:RATIO_LNGNFC_SAL_QTR_RN(1.0),N_A,266,QFY,2021,2020,50_TO_100,TAX_PROV_TO_EBT,0,2020-06-30,RPT,21.8427
RBI:RATIO_LNGNFC_SAL_QTR_RN(1.0),N_A,2536,QFY,2021,2020,ALL_COMP,CORM_TO_SAL,0,2020-06-30,RPT,43.1297
RBI:RATIO_LNGNFC_SAL_QTR_RN(1.0),N_A,2536,QFY,2021,2020,ALL_COMP,CSH_CVG_RATIO,0,2020-06-30,RPT,3.278408
RBI:RATIO_LNGNFC_SAL_QTR_RN(1.0),N_A,2536,QFY,2021,2020,ALL_COMP,EBITDA_TO_SAL,0,2020-06-30,RPT,20.6641
RBI:RATIO_LNGNFC_SAL_QTR_RN(1.0),N_A,2536,QFY,2021,2020,ALL_COMP,EBIT_TO_SAL,0,2020-06-30,RPT,12.9076
RBI:RATIO_LNGNFC_SAL_QTR_RN(1.0),N_A,2536,QFY,2021,2020,ALL_COMP,INT_BURDEN,0,2020-06-30,RPT,48.8327
RBI:RATIO_LNGNFC_SAL_QTR_RN(1.0),N_A,2536,QFY,2021,2020,ALL_COMP,INT_CVG,0,2020-06-30,RPT,2.04781
RBI:RATIO_LNGNFC_SAL_QTR_RN(1.0),N_A,2536,QFY,2021,2020,ALL_COMP,INT_TO_SAL,0,2020-06-30,RPT,6.3031
RBI:RATIO_LNGNFC_SAL_QTR_RN(1.0),N_A,2536,QFY,2021,2020,ALL_COMP,NET_PFT_TO_SAL,0,2020-06-30,RPT,-0.4329
RBI:RATIO_LNGNFC_SAL_QTR_RN(1.0),N_A,2536,QFY,2021,2020,ALL_COMP,OPR_PFTS_TO_SAL,0,2020-06-30,RPT,15.4205
RBI:RATIO_LNGNFC_SAL_QTR_RN(1.0),N_A,2536,QFY,2021,2020,ALL_COMP,SC_TO_SAL,0,2020-06-30,RPT,16.5438
RBI:RATIO_LNGNFC_SAL_QTR_RN(1.0),N_A,2536,QFY,2021,2020,ALL_COMP,TAX_PROV_TO_EBT,0,2020-06-30,RPT,21.803
RBI:RATIO_LNGNFC_SAL_QTR_RN(1.0),N_A,871,QFY,2021,2020,LES_CLS_THAN_25,CORM_TO_SAL,0,2020-06-30,RPT,54.039
RBI:RATIO_LNGNFC_SAL_QTR_RN(1.0),N_A,871,QFY,2021,2020,LES_CLS_THAN_25,EBITDA_TO_SAL,0,2020-06-30,RPT,-7.8114
RBI:RATIO_LNGNFC_SAL_QTR_RN(1.0),N_A,871,QFY,2021,2020,LES_CLS_THAN_25,EBIT_TO_SAL,0,2020-06-30,RPT,-41.6798
RBI:RATIO_LNGNFC_SAL_QTR_RN(1.0),N_A,871,QFY,2021,2020,LES_CLS_THAN_25,INT_TO_SAL,0,2020-06-30,RPT,50.659
RBI:RATIO_LNGNFC_SAL_QTR_RN(1.0),N_A,871,QFY,2021,2020,LES_CLS_THAN_25,NET_PFT_TO_SAL,0,2020-06-30,RPT,-86.9611
RBI:RATIO_LNGNFC_SAL_QTR_RN(1.0),N_A,871,QFY,2021,2020,LES_CLS_THAN_25,OPR_PFTS_TO_SAL,0,2020-06-30,RPT,-44.0817
RBI:RATIO_LNGNFC_SAL_QTR_RN(1.0),N_A,871,QFY,2021,2020,LES_CLS_THAN_25,SC_TO_SAL,0,2020-06-30,RPT,39.7485
RBI:RATIO_LNGNFC_SAL_QTR_RN(1.0),N_A,871,QFY,2021,2020,LES_CLS_THAN_25,TAX_PROV_TO_EBT,0,2020-06-30,RPT,10.1093
RBI:RATIO_LNGNFC_SAL_QTR_RN(1.0),N_A,502,QFY,2021,2020,100_N_ABOVE,CORM_TO_SAL,0,2020-09-30,RPT,46.4388
RBI:RATIO_LNGNFC_SAL_QTR_RN(1.0),N_A,502,QFY,2021,2020,100_N_ABOVE,CSH_CVG_RATIO,0,2020-09-30,RPT,5.587146
RBI:RATIO_LNGNFC_SAL_QTR_RN(1.0),N_A,502,QFY,2021,2020,100_N_ABOVE,EBITDA_TO_SAL,0,2020-09-30,RPT,23.1127
RBI:RATIO_LNGNFC_SAL_QTR_RN(1.0),N_A,502,QFY,2021,2020,100_N_ABOVE,EBIT_TO_SAL,0,2020-09-30,RPT,17.4756
RBI:RATIO_LNGNFC_SAL_QTR_RN(1.0),N_A,502,QFY,2021,2020,100_N_ABOVE,INT_BURDEN,0,2020-09-30,RPT,23.6716
RBI:RATIO_LNGNFC_SAL_QTR_RN(1.0),N_A,502,QFY,2021,2020,100_N_ABOVE,INT_CVG,0,2020-09-30,RPT,4.224468
RBI:RATIO_LNGNFC_SAL_QTR_RN(1.0),N_A,502,QFY,2021,2020,100_N_ABOVE,INT_TO_SAL,0,2020-09-30,RPT,4.1368
RBI:RATIO_LNGNFC_SAL_QTR_RN(1.0),N_A,502,QFY,2021,2020,100_N_ABOVE,NET_PFT_TO_SAL,0,2020-09-30,RPT,9.5981
RBI:RATIO_LNGNFC_SAL_QTR_RN(1.0),N_A,502,QFY,2021,2020,100_N_ABOVE,OPR_PFTS_TO_SAL,0,2020-09-30,RPT,19.03
RBI:RATIO_LNGNFC_SAL_QTR_RN(1.0),N_A,502,QFY,2021,2020,100_N_ABOVE,OTH_INC_NET_PFT,0,2020-09-30,RPT,42.5365
RBI:RATIO_LNGNFC_SAL_QTR_RN(1.0),N_A,502,QFY,2021,2020,100_N_ABOVE,SC_TO_SAL,0,2020-09-30,RPT,12.1702
RBI:RATIO_LNGNFC_SAL_QTR_RN(1.0),N_A,502,QFY,2021,2020,100_N_ABOVE,TAX_PROV_TO_EBT,0,2020-09-30,RPT,18.5294
RBI:RATIO_LNGNFC_SAL_QTR_RN(1.0),N_A,668,QFY,2021,2020,100_TO_500,CORM_TO_SAL,0,2020-09-30,RPT,53.5482
RBI:RATIO_LNGNFC_SAL_QTR_RN(1.0),N_A,668,QFY,2021,2020,100_TO_500,CSH_CVG_RATIO,0,2020-09-30,RPT,2.21649
RBI:RATIO_LNGNFC_SAL_QTR_RN(1.0),N_A,668,QFY,2021,2020,100_TO_500,EBITDA_TO_SAL,0,2020-09-30,RPT,13.4254
RBI:RATIO_LNGNFC_SAL_QTR_RN(1.0),N_A,668,QFY,2021,2020,100_TO_500,EBIT_TO_SAL,0,2020-09-30,RPT,8.3408
RBI:RATIO_LNGNFC_SAL_QTR_RN(1.0),N_A,668,QFY,2021,2020,100_TO_500,INT_BURDEN,0,2020-09-30,RPT,72.6193
RBI:RATIO_LNGNFC_SAL_QTR_RN(1.0),N_A,668,QFY,2021,2020,100_TO_500,INT_CVG,0,2020-09-30,RPT,1.377044
RBI:RATIO_LNGNFC_SAL_QTR_RN(1.0),N_A,668,QFY,2021,2020,100_TO_500,INT_TO_SAL,0,2020-09-30,RPT,6.057
RBI:RATIO_LNGNFC_SAL_QTR_RN(1.0),N_A,668,QFY,2021,2020,100_TO_500,NET_PFT_TO_SAL,0,2020-09-30,RPT,0.4608
RBI:RATIO_LNGNFC_SAL_QTR_RN(1.0),N_A,668,QFY,2021,2020,100_TO_500,OPR_PFTS_TO_SAL,0,2020-09-30,RPT,9.5373
RBI:RATIO_LNGNFC_SAL_QTR_RN(1.0),N_A,668,QFY,2021,2020,100_TO_500,SC_TO_SAL,0,2020-09-30,RPT,12.4002
RBI:RATIO_LNGNFC_SAL_QTR_RN(1.0),N_A,668,QFY,2021,2020,100_TO_500,TAX_PROV_TO_EBT,0,2020-09-30,RPT,18.2191
RBI:RATIO_LNGNFC_SAL_QTR_RN(1.0),N_A,217,QFY,2021,2020,25_TO_50,CORM_TO_SAL,0,2020-09-30,RPT,48.6006
RBI:RATIO_LNGNFC_SAL_QTR_RN(1.0),N_A,217,QFY,2021,2020,25_TO_50,CSH_CVG_RATIO,0,2020-09-30,RPT,0.44269
RBI:RATIO_LNGNFC_SAL_QTR_RN(1.0),N_A,217,QFY,2021,2020,25_TO_50,EBITDA_TO_SAL,0,2020-09-30,RPT,12.9269
RBI:RATIO_LNGNFC_SAL_QTR_RN(1.0),N_A,217,QFY,2021,2020,25_TO_50,EBIT_TO_SAL,0,2020-09-30,RPT,-1.7101
RBI:RATIO_LNGNFC_SAL_QTR_RN(1.0),N_A,217,QFY,2021,2020,25_TO_50,INT_TO_SAL,0,2020-09-30,RPT,29.2008
RBI:RATIO_LNGNFC_SAL_QTR_RN(1.0),N_A,217,QFY,2021,2020,25_TO_50,NET_PFT_TO_SAL,0,2020-09-30,RPT,-26.0535
RBI:RATIO_LNGNFC_SAL_QTR_RN(1.0),N_A,217,QFY,2021,2020,25_TO_50,OPR_PFTS_TO_SAL,0,2020-09-30,RPT,-2.7533
RBI:RATIO_LNGNFC_SAL_QTR_RN(1.0),N_A,217,QFY,2021,2020,25_TO_50,SC_TO_SAL,0,2020-09-30,RPT,19.6079
RBI:RATIO_LNGNFC_SAL_QTR_RN(1.0),N_A,217,QFY,2021,2020,25_TO_50,TAX_PROV_TO_EBT,0,2020-09-30,RPT,16.6272
RBI:RATIO_LNGNFC_SAL_QTR_RN(1.0),N_A,225,QFY,2021,2020,500_TO_1000,CORM_TO_SAL,0,2020-09-30,RPT,46.7415
RBI:RATIO_LNGNFC_SAL_QTR_RN(1.0),N_A,225,QFY,2021,2020,500_TO_1000,CSH_CVG_RATIO,0,2020-09-30,RPT,2.670875
RBI:RATIO_LNGNFC_SAL_QTR_RN(1.0),N_A,225,QFY,2021,2020,500_TO_1000,EBITDA_TO_SAL,0,2020-09-30,RPT,16.4302
RBI:RATIO_LNGNFC_SAL_QTR_RN(1.0),N_A,225,QFY,2021,2020,500_TO_1000,EBIT_TO_SAL,0,2020-09-30,RPT,11.641
RBI:RATIO_LNGNFC_SAL_QTR_RN(1.0),N_A,225,QFY,2021,2020,500_TO_1000,INT_BURDEN,0,2020-09-30,RPT,52.8443
RBI:RATIO_LNGNFC_SAL_QTR_RN(1.0),N_A,225,QFY,2021,2020,500_TO_1000,INT_CVG,0,2020-09-30,RPT,1.892353
RBI:RATIO_LNGNFC_SAL_QTR_RN(1.0),N_A,225,QFY,2021,2020,500_TO_1000,INT_TO_SAL,0,2020-09-30,RPT,6.1516
RBI:RATIO_LNGNFC_SAL_QTR_RN(1.0),N_A,225,QFY,2021,2020,500_TO_1000,NET_PFT_TO_SAL,0,2020-09-30,RPT,3.7589
RBI:RATIO_LNGNFC_SAL_QTR_RN(1.0),N_A,225,QFY,2021,2020,500_TO_1000,OPR_PFTS_TO_SAL,0,2020-09-30,RPT,13.3886
RBI:RATIO_LNGNFC_SAL_QTR_RN(1.0),N_A,225,QFY,2021,2020,500_TO_1000,OTH_INC_NET_PFT,0,2020-09-30,RPT,80.917
RBI:RATIO_LNGNFC_SAL_QTR_RN(1.0),N_A,225,QFY,2021,2020,500_TO_1000,SC_TO_SAL,0,2020-09-30,RPT,10.4627
RBI:RATIO_LNGNFC_SAL_QTR_RN(1.0),N_A,225,QFY,2021,2020,500_TO_1000,TAX_PROV_TO_EBT,0,2020-09-30,RPT,22.4173
RBI:RATIO_LNGNFC_SAL_QTR_RN(1.0),N_A,296,QFY,2021,2020,50_TO_100,CORM_TO_SAL,0,2020-09-30,RPT,53.9435
RBI:RATIO_LNGNFC_SAL_QTR_RN(1.0),N_A,296,QFY,2021,2020,50_TO_100,CSH_CVG_RATIO,0,2020-09-30,RPT,0.909896
RBI:RATIO_LNGNFC_SAL_QTR_RN(1.0),N_A,296,QFY,2021,2020,50_TO_100,EBITDA_TO_SAL,0,2020-09-30,RPT,11.3885
RBI:RATIO_LNGNFC_SAL_QTR_RN(1.0),N_A,296,QFY,2021,2020,50_TO_100,EBIT_TO_SAL,0,2020-09-30,RPT,4.4881
RBI:RATIO_LNGNFC_SAL_QTR_RN(1.0),N_A,296,QFY,2021,2020,50_TO_100,INT_CVG,0,2020-09-30,RPT,0.358579
RBI:RATIO_LNGNFC_SAL_QTR_RN(1.0),N_A,296,QFY,2021,2020,50_TO_100,INT_TO_SAL,0,2020-09-30,RPT,12.5163
RBI:RATIO_LNGNFC_SAL_QTR_RN(1.0),N_A,296,QFY,2021,2020,50_TO_100,NET_PFT_TO_SAL,0,2020-09-30,RPT,-7.8358
RBI:RATIO_LNGNFC_SAL_QTR_RN(1.0),N_A,296,QFY,2021,2020,50_TO_100,OPR_PFTS_TO_SAL,0,2020-09-30,RPT,0.7431
RBI:RATIO_LNGNFC_SAL_QTR_RN(1.0),N_A,296,QFY,2021,2020,50_TO_100,SC_TO_SAL,0,2020-09-30,RPT,14.964
RBI:RATIO_LNGNFC_SAL_QTR_RN(1.0),N_A,296,QFY,2021,2020,50_TO_100,TAX_PROV_TO_EBT,0,2020-09-30,RPT,15.5412
RBI:RATIO_LNGNFC_SAL_QTR_RN(1.0),N_A,2637,QFY,2021,2020,ALL_COMP,CORM_TO_SAL,0,2020-09-30,RPT,46.884
RBI:RATIO_LNGNFC_SAL_QTR_RN(1.0),N_A,2637,QFY,2021,2020,ALL_COMP,CSH_CVG_RATIO,0,2020-09-30,RPT,4.898345
RBI:RATIO_LNGNFC_SAL_QTR_RN(1.0),N_A,2637,QFY,2021,2020,ALL_COMP,EBITDA_TO_SAL,0,2020-09-30,RPT,22.1823
RBI:RATIO_LNGNFC_SAL_QTR_RN(1.0),N_A,2637,QFY,2021,2020,ALL_COMP,EBIT_TO_SAL,0,2020-09-30,RPT,16.5487
RBI:RATIO_LNGNFC_SAL_QTR_RN(1.0),N_A,2637,QFY,2021,2020,ALL_COMP,INT_BURDEN,0,2020-09-30,RPT,27.3648
RBI:RATIO_LNGNFC_SAL_QTR_RN(1.0),N_A,2637,QFY,2021,2020,ALL_COMP,INT_CVG,0,2020-09-30,RPT,3.65433
RBI:RATIO_LNGNFC_SAL_QTR_RN(1.0),N_A,2637,QFY,2021,2020,ALL_COMP,INT_TO_SAL,0,2020-09-30,RPT,4.5285
RBI:RATIO_LNGNFC_SAL_QTR_RN(1.0),N_A,2637,QFY,2021,2020,ALL_COMP,NET_PFT_TO_SAL,0,2020-09-30,RPT,8.5272
RBI:RATIO_LNGNFC_SAL_QTR_RN(1.0),N_A,2637,QFY,2021,2020,ALL_COMP,OPR_PFTS_TO_SAL,0,2020-09-30,RPT,18.0047
RBI:RATIO_LNGNFC_SAL_QTR_RN(1.0),N_A,2637,QFY,2021,2020,ALL_COMP,OTH_INC_NET_PFT,0,2020-09-30,RPT,48.9911
RBI:RATIO_LNGNFC_SAL_QTR_RN(1.0),N_A,2637,QFY,2021,2020,ALL_COMP,SC_TO_SAL,0,2020-09-30,RPT,12.1604
RBI:RATIO_LNGNFC_SAL_QTR_RN(1.0),N_A,2637,QFY,2021,2020,ALL_COMP,TAX_PROV_TO_EBT,0,2020-09-30,RPT,18.6186
RBI:RATIO_LNGNFC_SAL_QTR_RN(1.0),N_A,729,QFY,2021,2020,LES_CLS_THAN_25,CORM_TO_SAL,0,2020-09-30,RPT,49.5707
RBI:RATIO_LNGNFC_SAL_QTR_RN(1.0),N_A,729,QFY,2021,2020,LES_CLS_THAN_25,EBITDA_TO_SAL,0,2020-09-30,RPT,-17.8464
RBI:RATIO_LNGNFC_SAL_QTR_RN(1.0),N_A,729,QFY,2021,2020,LES_CLS_THAN_25,EBIT_TO_SAL,0,2020-09-30,RPT,-45.0764
RBI:RATIO_LNGNFC_SAL_QTR_RN(1.0),N_A,729,QFY,2021,2020,LES_CLS_THAN_25,INT_TO_SAL,0,2020-09-30,RPT,67.4208
RBI:RATIO_LNGNFC_SAL_QTR_RN(1.0),N_A,729,QFY,2021,2020,LES_CLS_THAN_25,NET_PFT_TO_SAL,0,2020-09-30,RPT,-103.4855
RBI:RATIO_LNGNFC_SAL_QTR_RN(1.0),N_A,729,QFY,2021,2020,LES_CLS_THAN_25,OPR_PFTS_TO_SAL,0,2020-09-30,RPT,-76.1547
RBI:RATIO_LNGNFC_SAL_QTR_RN(1.0),N_A,729,QFY,2021,2020,LES_CLS_THAN_25,SC_TO_SAL,0,2020-09-30,RPT,27.137
RBI:RATIO_LNGNFC_SAL_QTR_RN(1.0),N_A,729,QFY,2021,2020,LES_CLS_THAN_25,TAX_PROV_TO_EBT,0,2020-09-30,RPT,13.2341
RBI:RATIO_LNGNFC_SAL_QTR_RN(1.0),N_A,541,QFY,2021,2020,100_N_ABOVE,CORM_TO_SAL,0,2020-12-31,RPT,48.6698
RBI:RATIO_LNGNFC_SAL_QTR_RN(1.0),N_A,541,QFY,2021,2020,100_N_ABOVE,CSH_CVG_RATIO,0,2020-12-31,RPT,6.520149
RBI:RATIO_LNGNFC_SAL_QTR_RN(1.0),N_A,541,QFY,2021,2020,100_N_ABOVE,EBITDA_TO_SAL,0,2020-12-31,RPT,23.271
RBI:RATIO_LNGNFC_SAL_QTR_RN(1.0),N_A,541,QFY,2021,2020,100_N_ABOVE,EBIT_TO_SAL,0,2020-12-31,RPT,18.2175
RBI:RATIO_LNGNFC_SAL_QTR_RN(1.0),N_A,541,QFY,2021,2020,100_N_ABOVE,INT_BURDEN,0,2020-12-31,RPT,19.5915
RBI:RATIO_LNGNFC_SAL_QTR_RN(1.0),N_A,541,QFY,2021,2020,100_N_ABOVE,INT_CVG,0,2020-12-31,RPT,5.104245
RBI:RATIO_LNGNFC_SAL_QTR_RN(1.0),N_A,541,QFY,2021,2020,100_N_ABOVE,INT_TO_SAL,0,2020-12-31,RPT,3.5691
RBI:RATIO_LNGNFC_SAL_QTR_RN(1.0),N_A,541,QFY,2021,2020,100_N_ABOVE,NET_PFT_TO_SAL,0,2020-12-31,RPT,10.0079
RBI:RATIO_LNGNFC_SAL_QTR_RN(1.0),N_A,541,QFY,2021,2020,100_N_ABOVE,OPR_PFTS_TO_SAL,0,2020-12-31,RPT,19.8454
RBI:RATIO_LNGNFC_SAL_QTR_RN(1.0),N_A,541,QFY,2021,2020,100_N_ABOVE,OTH_INC_NET_PFT,0,2020-12-31,RPT,34.2295
RBI:RATIO_LNGNFC_SAL_QTR_RN(1.0),N_A,541,QFY,2021,2020,100_N_ABOVE,SC_TO_SAL,0,2020-12-31,RPT,11.2007
RBI:RATIO_LNGNFC_SAL_QTR_RN(1.0),N_A,541,QFY,2021,2020,100_N_ABOVE,TAX_PROV_TO_EBT,0,2020-12-31,RPT,20.1617
RBI:RATIO_LNGNFC_SAL_QTR_RN(1.0),N_A,708,QFY,2021,2020,100_TO_500,CORM_TO_SAL,0,2020-12-31,RPT,55.563
RBI:RATIO_LNGNFC_SAL_QTR_RN(1.0),N_A,708,QFY,2021,2020,100_TO_500,CSH_CVG_RATIO,0,2020-12-31,RPT,2.318896
RBI:RATIO_LNGNFC_SAL_QTR_RN(1.0),N_A,708,QFY,2021,2020,100_TO_500,EBITDA_TO_SAL,0,2020-12-31,RPT,15.3652
RBI:RATIO_LNGNFC_SAL_QTR_RN(1.0),N_A,708,QFY,2021,2020,100_TO_500,EBIT_TO_SAL,0,2020-12-31,RPT,10.6261
RBI:RATIO_LNGNFC_SAL_QTR_RN(1.0),N_A,708,QFY,2021,2020,100_TO_500,INT_BURDEN,0,2020-12-31,RPT,62.3564
RBI:RATIO_LNGNFC_SAL_QTR_RN(1.0),N_A,708,QFY,2021,2020,100_TO_500,INT_CVG,0,2020-12-31,RPT,1.603686
RBI:RATIO_LNGNFC_SAL_QTR_RN(1.0),N_A,708,QFY,2021,2020,100_TO_500,INT_TO_SAL,0,2020-12-31,RPT,6.6261
RBI:RATIO_LNGNFC_SAL_QTR_RN(1.0),N_A,708,QFY,2021,2020,100_TO_500,NET_PFT_TO_SAL,0,2020-12-31,RPT,1.806
RBI:RATIO_LNGNFC_SAL_QTR_RN(1.0),N_A,708,QFY,2021,2020,100_TO_500,OPR_PFTS_TO_SAL,0,2020-12-31,RPT,10.0393
RBI:RATIO_LNGNFC_SAL_QTR_RN(1.0),N_A,708,QFY,2021,2020,100_TO_500,SC_TO_SAL,0,2020-12-31,RPT,11.9362
RBI:RATIO_LNGNFC_SAL_QTR_RN(1.0),N_A,708,QFY,2021,2020,100_TO_500,TAX_PROV_TO_EBT,0,2020-12-31,RPT,18.7833
RBI:RATIO_LNGNFC_SAL_QTR_RN(1.0),N_A,213,QFY,2021,2020,25_TO_50,CORM_TO_SAL,0,2020-12-31,RPT,51.0473
RBI:RATIO_LNGNFC_SAL_QTR_RN(1.0),N_A,213,QFY,2021,2020,25_TO_50,CSH_CVG_RATIO,0,2020-12-31,RPT,1.378624
RBI:RATIO_LNGNFC_SAL_QTR_RN(1.0),N_A,213,QFY,2021,2020,25_TO_50,EBITDA_TO_SAL,0,2020-12-31,RPT,13.0486
RBI:RATIO_LNGNFC_SAL_QTR_RN(1.0),N_A,213,QFY,2021,2020,25_TO_50,EBIT_TO_SAL,0,2020-12-31,RPT,6.2525
RBI:RATIO_LNGNFC_SAL_QTR_RN(1.0),N_A,213,QFY,2021,2020,25_TO_50,INT_CVG,0,2020-12-31,RPT,0.660591
RBI:RATIO_LNGNFC_SAL_QTR_RN(1.0),N_A,213,QFY,2021,2020,25_TO_50,INT_TO_SAL,0,2020-12-31,RPT,9.465
RBI:RATIO_LNGNFC_SAL_QTR_RN(1.0),N_A,213,QFY,2021,2020,25_TO_50,NET_PFT_TO_SAL,0,2020-12-31,RPT,-4.7535
RBI:RATIO_LNGNFC_SAL_QTR_RN(1.0),N_A,213,QFY,2021,2020,25_TO_50,OPR_PFTS_TO_SAL,0,2020-12-31,RPT,5.2721
RBI:RATIO_LNGNFC_SAL_QTR_RN(1.0),N_A,213,QFY,2021,2020,25_TO_50,SC_TO_SAL,0,2020-12-31,RPT,16.6155
RBI:RATIO_LNGNFC_SAL_QTR_RN(1.0),N_A,213,QFY,2021,2020,25_TO_50,TAX_PROV_TO_EBT,0,2020-12-31,RPT,16.4892
RBI:RATIO_LNGNFC_SAL_QTR_RN(1.0),N_A,236,QFY,2021,2020,500_TO_1000,CORM_TO_SAL,0,2020-12-31,RPT,52.871
RBI:RATIO_LNGNFC_SAL_QTR_RN(1.0),N_A,236,QFY,2021,2020,500_TO_1000,CSH_CVG_RATIO,0,2020-12-31,RPT,4.036265
RBI:RATIO_LNGNFC_SAL_QTR_RN(1.0),N_A,236,QFY,2021,2020,500_TO_1000,EBITDA_TO_SAL,0,2020-12-31,RPT,17.1759
RBI:RATIO_LNGNFC_SAL_QTR_RN(1.0),N_A,236,QFY,2021,2020,500_TO_1000,EBIT_TO_SAL,0,2020-12-31,RPT,13.2411
RBI:RATIO_LNGNFC_SAL_QTR_RN(1.0),N_A,236,QFY,2021,2020,500_TO_1000,INT_BURDEN,0,2020-12-31,RPT,32.1379
RBI:RATIO_LNGNFC_SAL_QTR_RN(1.0),N_A,236,QFY,2021,2020,500_TO_1000,INT_CVG,0,2020-12-31,RPT,3.111586
RBI:RATIO_LNGNFC_SAL_QTR_RN(1.0),N_A,236,QFY,2021,2020,500_TO_1000,INT_TO_SAL,0,2020-12-31,RPT,4.2554
RBI:RATIO_LNGNFC_SAL_QTR_RN(1.0),N_A,236,QFY,2021,2020,500_TO_1000,NET_PFT_TO_SAL,0,2020-12-31,RPT,6.4279
RBI:RATIO_LNGNFC_SAL_QTR_RN(1.0),N_A,236,QFY,2021,2020,500_TO_1000,OPR_PFTS_TO_SAL,0,2020-12-31,RPT,14.4578
RBI:RATIO_LNGNFC_SAL_QTR_RN(1.0),N_A,236,QFY,2021,2020,500_TO_1000,OTH_INC_NET_PFT,0,2020-12-31,RPT,42.2863
RBI:RATIO_LNGNFC_SAL_QTR_RN(1.0),N_A,236,QFY,2021,2020,500_TO_1000,SC_TO_SAL,0,2020-12-31,RPT,9.6939
RBI:RATIO_LNGNFC_SAL_QTR_RN(1.0),N_A,236,QFY,2021,2020,500_TO_1000,TAX_PROV_TO_EBT,0,2020-12-31,RPT,20.1865
RBI:RATIO_LNGNFC_SAL_QTR_RN(1.0),N_A,277,QFY,2021,2020,50_TO_100,CORM_TO_SAL,0,2020-12-31,RPT,51.6076
RBI:RATIO_LNGNFC_SAL_QTR_RN(1.0),N_A,277,QFY,2021,2020,50_TO_100,CSH_CVG_RATIO,0,2020-12-31,RPT,1.058503
RBI:RATIO_LNGNFC_SAL_QTR_RN(1.0),N_A,277,QFY,2021,2020,50_TO_100,EBITDA_TO_SAL,0,2020-12-31,RPT,12.7308
RBI:RATIO_LNGNFC_SAL_QTR_RN(1.0),N_A,277,QFY,2021,2020,50_TO_100,EBIT_TO_SAL,0,2020-12-31,RPT,5.3233
RBI:RATIO_LNGNFC_SAL_QTR_RN(1.0),N_A,277,QFY,2021,2020,50_TO_100,INT_CVG,0,2020-12-31,RPT,0.44261
RBI:RATIO_LNGNFC_SAL_QTR_RN(1.0),N_A,277,QFY,2021,2020,50_TO_100,INT_TO_SAL,0,2020-12-31,RPT,12.0271
RBI:RATIO_LNGNFC_SAL_QTR_RN(1.0),N_A,277,QFY,2021,2020,50_TO_100,NET_PFT_TO_SAL,0,2020-12-31,RPT,-8.4317
RBI:RATIO_LNGNFC_SAL_QTR_RN(1.0),N_A,277,QFY,2021,2020,50_TO_100,OPR_PFTS_TO_SAL,0,2020-12-31,RPT,5.9855
RBI:RATIO_LNGNFC_SAL_QTR_RN(1.0),N_A,277,QFY,2021,2020,50_TO_100,SC_TO_SAL,0,2020-12-31,RPT,14.3935
RBI:RATIO_LNGNFC_SAL_QTR_RN(1.0),N_A,277,QFY,2021,2020,50_TO_100,TAX_PROV_TO_EBT,0,2020-12-31,RPT,18.7633
RBI:RATIO_LNGNFC_SAL_QTR_RN(1.0),N_A,2692,QFY,2021,2020,ALL_COMP,CORM_TO_SAL,0,2020-12-31,RPT,49.2287
RBI:RATIO_LNGNFC_SAL_QTR_RN(1.0),N_A,2692,QFY,2021,2020,ALL_COMP,CSH_CVG_RATIO,0,2020-12-31,RPT,5.84375
RBI:RATIO_LNGNFC_SAL_QTR_RN(1.0),N_A,2692,QFY,2021,2020,ALL_COMP,EBITDA_TO_SAL,0,2020-12-31,RPT,22.5739
RBI:RATIO_LNGNFC_SAL_QTR_RN(1.0),N_A,2692,QFY,2021,2020,ALL_COMP,EBIT_TO_SAL,0,2020-12-31,RPT,17.5458
RBI:RATIO_LNGNFC_SAL_QTR_RN(1.0),N_A,2692,QFY,2021,2020,ALL_COMP,INT_BURDEN,0,2020-12-31,RPT,22.0161
RBI:RATIO_LNGNFC_SAL_QTR_RN(1.0),N_A,2692,QFY,2021,2020,ALL_COMP,INT_CVG,0,2020-12-31,RPT,4.542128
RBI:RATIO_LNGNFC_SAL_QTR_RN(1.0),N_A,2692,QFY,2021,2020,ALL_COMP,INT_TO_SAL,0,2020-12-31,RPT,3.8629
RBI:RATIO_LNGNFC_SAL_QTR_RN(1.0),N_A,2692,QFY,2021,2020,ALL_COMP,NET_PFT_TO_SAL,0,2020-12-31,RPT,9.2827
RBI:RATIO_LNGNFC_SAL_QTR_RN(1.0),N_A,2692,QFY,2021,2020,ALL_COMP,OPR_PFTS_TO_SAL,0,2020-12-31,RPT,19.0128
RBI:RATIO_LNGNFC_SAL_QTR_RN(1.0),N_A,2692,QFY,2021,2020,ALL_COMP,OTH_INC_NET_PFT,0,2020-12-31,RPT,38.3618
RBI:RATIO_LNGNFC_SAL_QTR_RN(1.0),N_A,2692,QFY,2021,2020,ALL_COMP,SC_TO_SAL,0,2020-12-31,RPT,11.2137
RBI:RATIO_LNGNFC_SAL_QTR_RN(1.0),N_A,2692,QFY,2021,2020,ALL_COMP,TAX_PROV_TO_EBT,0,2020-12-31,RPT,20.1116
RBI:RATIO_LNGNFC_SAL_QTR_RN(1.0),N_A,717,QFY,2021,2020,LES_CLS_THAN_25,CORM_TO_SAL,0,2020-12-31,RPT,53.3231
RBI:RATIO_LNGNFC_SAL_QTR_RN(1.0),N_A,717,QFY,2021,2020,LES_CLS_THAN_25,CSH_CVG_RATIO,0,2020-12-31,RPT,0.367251
RBI:RATIO_LNGNFC_SAL_QTR_RN(1.0),N_A,717,QFY,2021,2020,LES_CLS_THAN_25,EBITDA_TO_SAL,0,2020-12-31,RPT,20.449
RBI:RATIO_LNGNFC_SAL_QTR_RN(1.0),N_A,717,QFY,2021,2020,LES_CLS_THAN_25,EBIT_TO_SAL,0,2020-12-31,RPT,-0.208
RBI:RATIO_LNGNFC_SAL_QTR_RN(1.0),N_A,717,QFY,2021,2020,LES_CLS_THAN_25,INT_TO_SAL,0,2020-12-31,RPT,55.6814
RBI:RATIO_LNGNFC_SAL_QTR_RN(1.0),N_A,717,QFY,2021,2020,LES_CLS_THAN_25,NET_PFT_TO_SAL,0,2020-12-31,RPT,-46.468
RBI:RATIO_LNGNFC_SAL_QTR_RN(1.0),N_A,717,QFY,2021,2020,LES_CLS_THAN_25,OPR_PFTS_TO_SAL,0,2020-12-31,RPT,-23.0541
RBI:RATIO_LNGNFC_SAL_QTR_RN(1.0),N_A,717,QFY,2021,2020,LES_CLS_THAN_25,SC_TO_SAL,0,2020-12-31,RPT,24.6494
RBI:RATIO_LNGNFC_SAL_QTR_RN(1.0),N_A,717,QFY,2021,2020,LES_CLS_THAN_25,TAX_PROV_TO_EBT,0,2020-12-31,RPT,16.1759
RBI:RATIO_LNGNFC_SAL_QTR_RN(1.0),N_A,568,QFY,2021,2020,100_N_ABOVE,CORM_TO_SAL,0,2021-03-31,RPT,50.2159
RBI:RATIO_LNGNFC_SAL_QTR_RN(1.0),N_A,568,QFY,2021,2020,100_N_ABOVE,CSH_CVG_RATIO,0,2021-03-31,RPT,6.86041
RBI:RATIO_LNGNFC_SAL_QTR_RN(1.0),N_A,568,QFY,2021,2020,100_N_ABOVE,EBITDA_TO_SAL,0,2021-03-31,RPT,21.4259
RBI:RATIO_LNGNFC_SAL_QTR_RN(1.0),N_A,568,QFY,2021,2020,100_N_ABOVE,EBIT_TO_SAL,0,2021-03-31,RPT,16.8652
RBI:RATIO_LNGNFC_SAL_QTR_RN(1.0),N_A,568,QFY,2021,2020,100_N_ABOVE,INT_BURDEN,0,2021-03-31,RPT,18.5182
RBI:RATIO_LNGNFC_SAL_QTR_RN(1.0),N_A,568,QFY,2021,2020,100_N_ABOVE,INT_CVG,0,2021-03-31,RPT,5.400103
RBI:RATIO_LNGNFC_SAL_QTR_RN(1.0),N_A,568,QFY,2021,2020,100_N_ABOVE,INT_TO_SAL,0,2021-03-31,RPT,3.1231
RBI:RATIO_LNGNFC_SAL_QTR_RN(1.0),N_A,568,QFY,2021,2020,100_N_ABOVE,NET_PFT_TO_SAL,0,2021-03-31,RPT,10.1473
RBI:RATIO_LNGNFC_SAL_QTR_RN(1.0),N_A,568,QFY,2021,2020,100_N_ABOVE,OPR_PFTS_TO_SAL,0,2021-03-31,RPT,19.0275
RBI:RATIO_LNGNFC_SAL_QTR_RN(1.0),N_A,568,QFY,2021,2020,100_N_ABOVE,OTH_INC_NET_PFT,0,2021-03-31,RPT,23.6359
RBI:RATIO_LNGNFC_SAL_QTR_RN(1.0),N_A,568,QFY,2021,2020,100_N_ABOVE,SC_TO_SAL,0,2021-03-31,RPT,10.2718
RBI:RATIO_LNGNFC_SAL_QTR_RN(1.0),N_A,568,QFY,2021,2020,100_N_ABOVE,TAX_PROV_TO_EBT,0,2021-03-31,RPT,20.1362
RBI:RATIO_LNGNFC_SAL_QTR_RN(1.0),N_A,683,QFY,2021,2020,100_TO_500,CORM_TO_SAL,0,2021-03-31,RPT,54.9424
RBI:RATIO_LNGNFC_SAL_QTR_RN(1.0),N_A,683,QFY,2021,2020,100_TO_500,CSH_CVG_RATIO,0,2021-03-31,RPT,2.91423
RBI:RATIO_LNGNFC_SAL_QTR_RN(1.0),N_A,683,QFY,2021,2020,100_TO_500,EBITDA_TO_SAL,0,2021-03-31,RPT,12.6351
RBI:RATIO_LNGNFC_SAL_QTR_RN(1.0),N_A,683,QFY,2021,2020,100_TO_500,EBIT_TO_SAL,0,2021-03-31,RPT,8.2464
RBI:RATIO_LNGNFC_SAL_QTR_RN(1.0),N_A,683,QFY,2021,2020,100_TO_500,INT_BURDEN,0,2021-03-31,RPT,52.5763
RBI:RATIO_LNGNFC_SAL_QTR_RN(1.0),N_A,683,QFY,2021,2020,100_TO_500,INT_CVG,0,2021-03-31,RPT,1.901998
RBI:RATIO_LNGNFC_SAL_QTR_RN(1.0),N_A,683,QFY,2021,2020,100_TO_500,INT_TO_SAL,0,2021-03-31,RPT,4.3357
RBI:RATIO_LNGNFC_SAL_QTR_RN(1.0),N_A,683,QFY,2021,2020,100_TO_500,NET_PFT_TO_SAL,0,2021-03-31,RPT,-3.3462
RBI:RATIO_LNGNFC_SAL_QTR_RN(1.0),N_A,683,QFY,2021,2020,100_TO_500,OPR_PFTS_TO_SAL,0,2021-03-31,RPT,8.3117
RBI:RATIO_LNGNFC_SAL_QTR_RN(1.0),N_A,683,QFY,2021,2020,100_TO_500,SC_TO_SAL,0,2021-03-31,RPT,11.6854
RBI:RATIO_LNGNFC_SAL_QTR_RN(1.0),N_A,683,QFY,2021,2020,100_TO_500,TAX_PROV_TO_EBT,0,2021-03-31,RPT,18.2654
RBI:RATIO_LNGNFC_SAL_QTR_RN(1.0),N_A,219,QFY,2021,2020,25_TO_50,CORM_TO_SAL,0,2021-03-31,RPT,58.0141
RBI:RATIO_LNGNFC_SAL_QTR_RN(1.0),N_A,219,QFY,2021,2020,25_TO_50,CSH_CVG_RATIO,0,2021-03-31,RPT,0.195285
RBI:RATIO_LNGNFC_SAL_QTR_RN(1.0),N_A,219,QFY,2021,2020,25_TO_50,EBITDA_TO_SAL,0,2021-03-31,RPT,1.588
RBI:RATIO_LNGNFC_SAL_QTR_RN(1.0),N_A,219,QFY,2021,2020,25_TO_50,EBIT_TO_SAL,0,2021-03-31,RPT,-6.2931
RBI:RATIO_LNGNFC_SAL_QTR_RN(1.0),N_A,219,QFY,2021,2020,25_TO_50,INT_TO_SAL,0,2021-03-31,RPT,8.1318
RBI:RATIO_LNGNFC_SAL_QTR_RN(1.0),N_A,219,QFY,2021,2020,25_TO_50,NET_PFT_TO_SAL,0,2021-03-31,RPT,-8.7007
RBI:RATIO_LNGNFC_SAL_QTR_RN(1.0),N_A,219,QFY,2021,2020,25_TO_50,OPR_PFTS_TO_SAL,0,2021-03-31,RPT,-9.0242
RBI:RATIO_LNGNFC_SAL_QTR_RN(1.0),N_A,219,QFY,2021,2020,25_TO_50,SC_TO_SAL,0,2021-03-31,RPT,15.0038
RBI:RATIO_LNGNFC_SAL_QTR_RN(1.0),N_A,219,QFY,2021,2020,25_TO_50,TAX_PROV_TO_EBT,0,2021-03-31,RPT,18.233
RBI:RATIO_LNGNFC_SAL_QTR_RN(1.0),N_A,258,QFY,2021,2020,500_TO_1000,CORM_TO_SAL,0,2021-03-31,RPT,52.8255
RBI:RATIO_LNGNFC_SAL_QTR_RN(1.0),N_A,258,QFY,2021,2020,500_TO_1000,CSH_CVG_RATIO,0,2021-03-31,RPT,2.8614
RBI:RATIO_LNGNFC_SAL_QTR_RN(1.0),N_A,258,QFY,2021,2020,500_TO_1000,EBITDA_TO_SAL,0,2021-03-31,RPT,14.5
RBI:RATIO_LNGNFC_SAL_QTR_RN(1.0),N_A,258,QFY,2021,2020,500_TO_1000,EBIT_TO_SAL,0,2021-03-31,RPT,10.6185
RBI:RATIO_LNGNFC_SAL_QTR_RN(1.0),N_A,258,QFY,2021,2020,500_TO_1000,INT_BURDEN,0,2021-03-31,RPT,47.723
RBI:RATIO_LNGNFC_SAL_QTR_RN(1.0),N_A,258,QFY,2021,2020,500_TO_1000,INT_CVG,0,2021-03-31,RPT,2.095426
RBI:RATIO_LNGNFC_SAL_QTR_RN(1.0),N_A,258,QFY,2021,2020,500_TO_1000,INT_TO_SAL,0,2021-03-31,RPT,5.0674
RBI:RATIO_LNGNFC_SAL_QTR_RN(1.0),N_A,258,QFY,2021,2020,500_TO_1000,NET_PFT_TO_SAL,0,2021-03-31,RPT,2.468
RBI:RATIO_LNGNFC_SAL_QTR_RN(1.0),N_A,258,QFY,2021,2020,500_TO_1000,OPR_PFTS_TO_SAL,0,2021-03-31,RPT,11.45
RBI:RATIO_LNGNFC_SAL_QTR_RN(1.0),N_A,258,QFY,2021,2020,500_TO_1000,OTH_INC_NET_PFT,0,2021-03-31,RPT,123.581
RBI:RATIO_LNGNFC_SAL_QTR_RN(1.0),N_A,258,QFY,2021,2020,500_TO_1000,SC_TO_SAL,0,2021-03-31,RPT,9.2639
RBI:RATIO_LNGNFC_SAL_QTR_RN(1.0),N_A,258,QFY,2021,2020,500_TO_1000,TAX_PROV_TO_EBT,0,2021-03-31,RPT,21.6705
RBI:RATIO_LNGNFC_SAL_QTR_RN(1.0),N_A,251,QFY,2021,2020,50_TO_100,CORM_TO_SAL,0,2021-03-31,RPT,50.0102
RBI:RATIO_LNGNFC_SAL_QTR_RN(1.0),N_A,251,QFY,2021,2020,50_TO_100,CSH_CVG_RATIO,0,2021-03-31,RPT,0.456609
RBI:RATIO_LNGNFC_SAL_QTR_RN(1.0),N_A,251,QFY,2021,2020,50_TO_100,EBITDA_TO_SAL,0,2021-03-31,RPT,4.5083
RBI:RATIO_LNGNFC_SAL_QTR_RN(1.0),N_A,251,QFY,2021,2020,50_TO_100,EBIT_TO_SAL,0,2021-03-31,RPT,-1.0479
RBI:RATIO_LNGNFC_SAL_QTR_RN(1.0),N_A,251,QFY,2021,2020,50_TO_100,INT_TO_SAL,0,2021-03-31,RPT,9.8735
RBI:RATIO_LNGNFC_SAL_QTR_RN(1.0),N_A,251,QFY,2021,2020,50_TO_100,NET_PFT_TO_SAL,0,2021-03-31,RPT,-16.2853
RBI:RATIO_LNGNFC_SAL_QTR_RN(1.0),N_A,251,QFY,2021,2020,50_TO_100,OPR_PFTS_TO_SAL,0,2021-03-31,RPT,-3.4388
RBI:RATIO_LNGNFC_SAL_QTR_RN(1.0),N_A,251,QFY,2021,2020,50_TO_100,SC_TO_SAL,0,2021-03-31,RPT,13.9503
RBI:RATIO_LNGNFC_SAL_QTR_RN(1.0),N_A,251,QFY,2021,2020,50_TO_100,TAX_PROV_TO_EBT,0,2021-03-31,RPT,18.8497
RBI:RATIO_LNGNFC_SAL_QTR_RN(1.0),N_A,2608,QFY,2021,2020,ALL_COMP,CORM_TO_SAL,0,2021-03-31,RPT,50.5465
RBI:RATIO_LNGNFC_SAL_QTR_RN(1.0),N_A,2608,QFY,2021,2020,ALL_COMP,CSH_CVG_RATIO,0,2021-03-31,RPT,6.190002
RBI:RATIO_LNGNFC_SAL_QTR_RN(1.0),N_A,2608,QFY,2021,2020,ALL_COMP,EBITDA_TO_SAL,0,2021-03-31,RPT,20.6398
RBI:RATIO_LNGNFC_SAL_QTR_RN(1.0),N_A,2608,QFY,2021,2020,ALL_COMP,EBIT_TO_SAL,0,2021-03-31,RPT,16.0971
RBI:RATIO_LNGNFC_SAL_QTR_RN(1.0),N_A,2608,QFY,2021,2020,ALL_COMP,INT_BURDEN,0,2021-03-31,RPT,20.7142
RBI:RATIO_LNGNFC_SAL_QTR_RN(1.0),N_A,2608,QFY,2021,2020,ALL_COMP,INT_CVG,0,2021-03-31,RPT,4.827617
RBI:RATIO_LNGNFC_SAL_QTR_RN(1.0),N_A,2608,QFY,2021,2020,ALL_COMP,INT_TO_SAL,0,2021-03-31,RPT,3.3344
RBI:RATIO_LNGNFC_SAL_QTR_RN(1.0),N_A,2608,QFY,2021,2020,ALL_COMP,NET_PFT_TO_SAL,0,2021-03-31,RPT,9.0637
RBI:RATIO_LNGNFC_SAL_QTR_RN(1.0),N_A,2608,QFY,2021,2020,ALL_COMP,OPR_PFTS_TO_SAL,0,2021-03-31,RPT,18.065
RBI:RATIO_LNGNFC_SAL_QTR_RN(1.0),N_A,2608,QFY,2021,2020,ALL_COMP,OTH_INC_NET_PFT,0,2021-03-31,RPT,28.4068
RBI:RATIO_LNGNFC_SAL_QTR_RN(1.0),N_A,2608,QFY,2021,2020,ALL_COMP,SC_TO_SAL,0,2021-03-31,RPT,10.3225
RBI:RATIO_LNGNFC_SAL_QTR_RN(1.0),N_A,2608,QFY,2021,2020,ALL_COMP,TAX_PROV_TO_EBT,0,2021-03-31,RPT,20.1361
RBI:RATIO_LNGNFC_SAL_QTR_RN(1.0),N_A,629,QFY,2021,2020,LES_CLS_THAN_25,CORM_TO_SAL,0,2021-03-31,RPT,60.7877
RBI:RATIO_LNGNFC_SAL_QTR_RN(1.0),N_A,629,QFY,2021,2020,LES_CLS_THAN_25,EBITDA_TO_SAL,0,2021-03-31,RPT,-7.5281
RBI:RATIO_LNGNFC_SAL_QTR_RN(1.0),N_A,629,QFY,2021,2020,LES_CLS_THAN_25,EBIT_TO_SAL,0,2021-03-31,RPT,-19.2452
RBI:RATIO_LNGNFC_SAL_QTR_RN(1.0),N_A,629,QFY,2021,2020,LES_CLS_THAN_25,INT_TO_SAL,0,2021-03-31,RPT,40.1557
RBI:RATIO_LNGNFC_SAL_QTR_RN(1.0),N_A,629,QFY,2021,2020,LES_CLS_THAN_25,NET_PFT_TO_SAL,0,2021-03-31,RPT,-56.3521
RBI:RATIO_LNGNFC_SAL_QTR_RN(1.0),N_A,629,QFY,2021,2020,LES_CLS_THAN_25,OPR_PFTS_TO_SAL,0,2021-03-31,RPT,-40.4426
RBI:RATIO_LNGNFC_SAL_QTR_RN(1.0),N_A,629,QFY,2021,2020,LES_CLS_THAN_25,SC_TO_SAL,0,2021-03-31,RPT,24.7772
RBI:RATIO_LNGNFC_SAL_QTR_RN(1.0),N_A,629,QFY,2021,2020,LES_CLS_THAN_25,TAX_PROV_TO_EBT,0,2021-03-31,RPT,19.4707
RBI:RATIO_LNGNFC_SAL_QTR_RN(1.0),N_A,540,QFY,2022,2021,100_N_ABOVE,CORM_TO_SAL,0,2021-06-30,RPT,51.9802
RBI:RATIO_LNGNFC_SAL_QTR_RN(1.0),N_A,540,QFY,2022,2021,100_N_ABOVE,CSH_CVG_RATIO,0,2021-06-30,RPT,6.533502
RBI:RATIO_LNGNFC_SAL_QTR_RN(1.0),N_A,540,QFY,2022,2021,100_N_ABOVE,EBITDA_TO_SAL,0,2021-06-30,RPT,21.9268
RBI:RATIO_LNGNFC_SAL_QTR_RN(1.0),N_A,540,QFY,2022,2021,100_N_ABOVE,EBIT_TO_SAL,0,2021-06-30,RPT,16.9351
RBI:RATIO_LNGNFC_SAL_QTR_RN(1.0),N_A,540,QFY,2022,2021,100_N_ABOVE,INT_BURDEN,0,2021-06-30,RPT,19.8172
RBI:RATIO_LNGNFC_SAL_QTR_RN(1.0),N_A,540,QFY,2022,2021,100_N_ABOVE,INT_CVG,0,2021-06-30,RPT,5.046118
RBI:RATIO_LNGNFC_SAL_QTR_RN(1.0),N_A,540,QFY,2022,2021,100_N_ABOVE,INT_TO_SAL,0,2021-06-30,RPT,3.3561
RBI:RATIO_LNGNFC_SAL_QTR_RN(1.0),N_A,540,QFY,2022,2021,100_N_ABOVE,NET_PFT_TO_SAL,0,2021-06-30,RPT,10.0236
RBI:RATIO_LNGNFC_SAL_QTR_RN(1.0),N_A,540,QFY,2022,2021,100_N_ABOVE,OPR_PFTS_TO_SAL,0,2021-06-30,RPT,19.358
RBI:RATIO_LNGNFC_SAL_QTR_RN(1.0),N_A,540,QFY,2022,2021,100_N_ABOVE,OTH_INC_NET_PFT,0,2021-06-30,RPT,25.6283
RBI:RATIO_LNGNFC_SAL_QTR_RN(1.0),N_A,540,QFY,2022,2021,100_N_ABOVE,SC_TO_SAL,0,2021-06-30,RPT,11.8228
RBI:RATIO_LNGNFC_SAL_QTR_RN(1.0),N_A,540,QFY,2022,2021,100_N_ABOVE,TAX_PROV_TO_EBT,0,2021-06-30,RPT,23.4406
RBI:RATIO_LNGNFC_SAL_QTR_RN(1.0),N_A,660,QFY,2022,2021,100_TO_500,CORM_TO_SAL,0,2021-06-30,RPT,55.9422
RBI:RATIO_LNGNFC_SAL_QTR_RN(1.0),N_A,660,QFY,2022,2021,100_TO_500,CSH_CVG_RATIO,0,2021-06-30,RPT,2.133905
RBI:RATIO_LNGNFC_SAL_QTR_RN(1.0),N_A,660,QFY,2022,2021,100_TO_500,EBITDA_TO_SAL,0,2021-06-30,RPT,13.8787
RBI:RATIO_LNGNFC_SAL_QTR_RN(1.0),N_A,660,QFY,2022,2021,100_TO_500,EBIT_TO_SAL,0,2021-06-30,RPT,8.6004
RBI:RATIO_LNGNFC_SAL_QTR_RN(1.0),N_A,660,QFY,2022,2021,100_TO_500,INT_BURDEN,0,2021-06-30,RPT,75.6234
RBI:RATIO_LNGNFC_SAL_QTR_RN(1.0),N_A,660,QFY,2022,2021,100_TO_500,INT_CVG,0,2021-06-30,RPT,1.322341
RBI:RATIO_LNGNFC_SAL_QTR_RN(1.0),N_A,660,QFY,2022,2021,100_TO_500,INT_TO_SAL,0,2021-06-30,RPT,6.5039
RBI:RATIO_LNGNFC_SAL_QTR_RN(1.0),N_A,660,QFY,2022,2021,100_TO_500,NET_PFT_TO_SAL,0,2021-06-30,RPT,-2.5111
RBI:RATIO_LNGNFC_SAL_QTR_RN(1.0),N_A,660,QFY,2022,2021,100_TO_500,OPR_PFTS_TO_SAL,0,2021-06-30,RPT,8.2658
RBI:RATIO_LNGNFC_SAL_QTR_RN(1.0),N_A,660,QFY,2022,2021,100_TO_500,SC_TO_SAL,0,2021-06-30,RPT,13.2814
RBI:RATIO_LNGNFC_SAL_QTR_RN(1.0),N_A,660,QFY,2022,2021,100_TO_500,TAX_PROV_TO_EBT,0,2021-06-30,RPT,22.1755
RBI:RATIO_LNGNFC_SAL_QTR_RN(1.0),N_A,214,QFY,2022,2021,25_TO_50,CORM_TO_SAL,0,2021-06-30,RPT,58.1295
RBI:RATIO_LNGNFC_SAL_QTR_RN(1.0),N_A,214,QFY,2022,2021,25_TO_50,CSH_CVG_RATIO,0,2021-06-30,RPT,1.02605
RBI:RATIO_LNGNFC_SAL_QTR_RN(1.0),N_A,214,QFY,2022,2021,25_TO_50,EBITDA_TO_SAL,0,2021-06-30,RPT,8.8221
RBI:RATIO_LNGNFC_SAL_QTR_RN(1.0),N_A,214,QFY,2022,2021,25_TO_50,EBIT_TO_SAL,0,2021-06-30,RPT,2.1989
RBI:RATIO_LNGNFC_SAL_QTR_RN(1.0),N_A,214,QFY,2022,2021,25_TO_50,INT_CVG,0,2021-06-30,RPT,0.255745
RBI:RATIO_LNGNFC_SAL_QTR_RN(1.0),N_A,214,QFY,2022,2021,25_TO_50,INT_TO_SAL,0,2021-06-30,RPT,8.5981
RBI:RATIO_LNGNFC_SAL_QTR_RN(1.0),N_A,214,QFY,2022,2021,25_TO_50,NET_PFT_TO_SAL,0,2021-06-30,RPT,1.378
RBI:RATIO_LNGNFC_SAL_QTR_RN(1.0),N_A,214,QFY,2022,2021,25_TO_50,OPR_PFTS_TO_SAL,0,2021-06-30,RPT,2.7969
RBI:RATIO_LNGNFC_SAL_QTR_RN(1.0),N_A,214,QFY,2022,2021,25_TO_50,SC_TO_SAL,0,2021-06-30,RPT,19.2877
RBI:RATIO_LNGNFC_SAL_QTR_RN(1.0),N_A,214,QFY,2022,2021,25_TO_50,TAX_PROV_TO_EBT,0,2021-06-30,RPT,17.6915
RBI:RATIO_LNGNFC_SAL_QTR_RN(1.0),N_A,258,QFY,2022,2021,500_TO_1000,CORM_TO_SAL,0,2021-06-30,RPT,56.057
RBI:RATIO_LNGNFC_SAL_QTR_RN(1.0),N_A,258,QFY,2022,2021,500_TO_1000,CSH_CVG_RATIO,0,2021-06-30,RPT,3.40122
RBI:RATIO_LNGNFC_SAL_QTR_RN(1.0),N_A,258,QFY,2022,2021,500_TO_1000,EBITDA_TO_SAL,0,2021-06-30,RPT,14.6334
RBI:RATIO_LNGNFC_SAL_QTR_RN(1.0),N_A,258,QFY,2022,2021,500_TO_1000,EBIT_TO_SAL,0,2021-06-30,RPT,10.4662
RBI:RATIO_LNGNFC_SAL_QTR_RN(1.0),N_A,258,QFY,2022,2021,500_TO_1000,INT_BURDEN,0,2021-06-30,RPT,41.1075
RBI:RATIO_LNGNFC_SAL_QTR_RN(1.0),N_A,258,QFY,2022,2021,500_TO_1000,INT_CVG,0,2021-06-30,RPT,2.432644
RBI:RATIO_LNGNFC_SAL_QTR_RN(1.0),N_A,258,QFY,2022,2021,500_TO_1000,INT_TO_SAL,0,2021-06-30,RPT,4.3024
RBI:RATIO_LNGNFC_SAL_QTR_RN(1.0),N_A,258,QFY,2022,2021,500_TO_1000,NET_PFT_TO_SAL,0,2021-06-30,RPT,5.2139
RBI:RATIO_LNGNFC_SAL_QTR_RN(1.0),N_A,258,QFY,2022,2021,500_TO_1000,OPR_PFTS_TO_SAL,0,2021-06-30,RPT,12.254
RBI:RATIO_LNGNFC_SAL_QTR_RN(1.0),N_A,258,QFY,2022,2021,500_TO_1000,OTH_INC_NET_PFT,0,2021-06-30,RPT,45.6369
RBI:RATIO_LNGNFC_SAL_QTR_RN(1.0),N_A,258,QFY,2022,2021,500_TO_1000,SC_TO_SAL,0,2021-06-30,RPT,10.8275
RBI:RATIO_LNGNFC_SAL_QTR_RN(1.0),N_A,258,QFY,2022,2021,500_TO_1000,TAX_PROV_TO_EBT,0,2021-06-30,RPT,22.6385
RBI:RATIO_LNGNFC_SAL_QTR_RN(1.0),N_A,278,QFY,2022,2021,50_TO_100,CORM_TO_SAL,0,2021-06-30,RPT,54.095
RBI:RATIO_LNGNFC_SAL_QTR_RN(1.0),N_A,278,QFY,2022,2021,50_TO_100,CSH_CVG_RATIO,0,2021-06-30,RPT,0.821692
RBI:RATIO_LNGNFC_SAL_QTR_RN(1.0),N_A,278,QFY,2022,2021,50_TO_100,EBITDA_TO_SAL,0,2021-06-30,RPT,10.495
RBI:RATIO_LNGNFC_SAL_QTR_RN(1.0),N_A,278,QFY,2022,2021,50_TO_100,EBIT_TO_SAL,0,2021-06-30,RPT,3.2857
RBI:RATIO_LNGNFC_SAL_QTR_RN(1.0),N_A,278,QFY,2022,2021,50_TO_100,INT_CVG,0,2021-06-30,RPT,0.257247
RBI:RATIO_LNGNFC_SAL_QTR_RN(1.0),N_A,278,QFY,2022,2021,50_TO_100,INT_TO_SAL,0,2021-06-30,RPT,12.7725
RBI:RATIO_LNGNFC_SAL_QTR_RN(1.0),N_A,278,QFY,2022,2021,50_TO_100,NET_PFT_TO_SAL,0,2021-06-30,RPT,-8.7435
RBI:RATIO_LNGNFC_SAL_QTR_RN(1.0),N_A,278,QFY,2022,2021,50_TO_100,OPR_PFTS_TO_SAL,0,2021-06-30,RPT,5.043
RBI:RATIO_LNGNFC_SAL_QTR_RN(1.0),N_A,278,QFY,2022,2021,50_TO_100,SC_TO_SAL,0,2021-06-30,RPT,16.9368
RBI:RATIO_LNGNFC_SAL_QTR_RN(1.0),N_A,278,QFY,2022,2021,50_TO_100,TAX_PROV_TO_EBT,0,2021-06-30,RPT,21.3047
RBI:RATIO_LNGNFC_SAL_QTR_RN(1.0),N_A,2610,QFY,2022,2021,ALL_COMP,CORM_TO_SAL,0,2021-06-30,RPT,52.3798
RBI:RATIO_LNGNFC_SAL_QTR_RN(1.0),N_A,2610,QFY,2022,2021,ALL_COMP,CSH_CVG_RATIO,0,2021-06-30,RPT,5.847431
RBI:RATIO_LNGNFC_SAL_QTR_RN(1.0),N_A,2610,QFY,2022,2021,ALL_COMP,EBITDA_TO_SAL,0,2021-06-30,RPT,21.1633
RBI:RATIO_LNGNFC_SAL_QTR_RN(1.0),N_A,2610,QFY,2022,2021,ALL_COMP,EBIT_TO_SAL,0,2021-06-30,RPT,16.168
RBI:RATIO_LNGNFC_SAL_QTR_RN(1.0),N_A,2610,QFY,2022,2021,ALL_COMP,INT_BURDEN,0,2021-06-30,RPT,22.3852
RBI:RATIO_LNGNFC_SAL_QTR_RN(1.0),N_A,2610,QFY,2022,2021,ALL_COMP,INT_CVG,0,2021-06-30,RPT,4.467238
RBI:RATIO_LNGNFC_SAL_QTR_RN(1.0),N_A,2610,QFY,2022,2021,ALL_COMP,INT_TO_SAL,0,2021-06-30,RPT,3.6192
RBI:RATIO_LNGNFC_SAL_QTR_RN(1.0),N_A,2610,QFY,2022,2021,ALL_COMP,NET_PFT_TO_SAL,0,2021-06-30,RPT,9.1458
RBI:RATIO_LNGNFC_SAL_QTR_RN(1.0),N_A,2610,QFY,2022,2021,ALL_COMP,OPR_PFTS_TO_SAL,0,2021-06-30,RPT,18.4221
RBI:RATIO_LNGNFC_SAL_QTR_RN(1.0),N_A,2610,QFY,2022,2021,ALL_COMP,OTH_INC_NET_PFT,0,2021-06-30,RPT,29.9721
RBI:RATIO_LNGNFC_SAL_QTR_RN(1.0),N_A,2610,QFY,2022,2021,ALL_COMP,SC_TO_SAL,0,2021-06-30,RPT,11.8949
RBI:RATIO_LNGNFC_SAL_QTR_RN(1.0),N_A,2610,QFY,2022,2021,ALL_COMP,TAX_PROV_TO_EBT,0,2021-06-30,RPT,23.3636
RBI:RATIO_LNGNFC_SAL_QTR_RN(1.0),N_A,660,QFY,2022,2021,LES_CLS_THAN_25,CORM_TO_SAL,0,2021-06-30,RPT,52.533
RBI:RATIO_LNGNFC_SAL_QTR_RN(1.0),N_A,660,QFY,2022,2021,LES_CLS_THAN_25,CSH_CVG_RATIO,0,2021-06-30,RPT,0.517016
RBI:RATIO_LNGNFC_SAL_QTR_RN(1.0),N_A,660,QFY,2022,2021,LES_CLS_THAN_25,EBITDA_TO_SAL,0,2021-06-30,RPT,14.5464
RBI:RATIO_LNGNFC_SAL_QTR_RN(1.0),N_A,660,QFY,2022,2021,LES_CLS_THAN_25,EBIT_TO_SAL,0,2021-06-30,RPT,-2.7206
RBI:RATIO_LNGNFC_SAL_QTR_RN(1.0),N_A,660,QFY,2022,2021,LES_CLS_THAN_25,INT_TO_SAL,0,2021-06-30,RPT,28.1353
RBI:RATIO_LNGNFC_SAL_QTR_RN(1.0),N_A,660,QFY,2022,2021,LES_CLS_THAN_25,NET_PFT_TO_SAL,0,2021-06-30,RPT,-12.3482
RBI:RATIO_LNGNFC_SAL_QTR_RN(1.0),N_A,660,QFY,2022,2021,LES_CLS_THAN_25,OPR_PFTS_TO_SAL,0,2021-06-30,RPT,-15.3619
RBI:RATIO_LNGNFC_SAL_QTR_RN(1.0),N_A,660,QFY,2022,2021,LES_CLS_THAN_25,SC_TO_SAL,0,2021-06-30,RPT,26.7673
RBI:RATIO_LNGNFC_SAL_QTR_RN(1.0),N_A,660,QFY,2022,2021,LES_CLS_THAN_25,TAX_PROV_TO_EBT,0,2021-06-30,RPT,15.4328
RBI:RATIO_LNGNFC_SAL_QTR_RN(1.0),N_A,602,QFY,2022,2021,100_N_ABOVE,CORM_TO_SAL,0,2021-09-30,RPT,50.7265
RBI:RATIO_LNGNFC_SAL_QTR_RN(1.0),N_A,602,QFY,2022,2021,100_N_ABOVE,CSH_CVG_RATIO,0,2021-09-30,RPT,7.503552
RBI:RATIO_LNGNFC_SAL_QTR_RN(1.0),N_A,602,QFY,2022,2021,100_N_ABOVE,EBITDA_TO_SAL,0,2021-09-30,RPT,21.1931
RBI:RATIO_LNGNFC_SAL_QTR_RN(1.0),N_A,602,QFY,2022,2021,100_N_ABOVE,EBIT_TO_SAL,0,2021-09-30,RPT,16.7939
RBI:RATIO_LNGNFC_SAL_QTR_RN(1.0),N_A,602,QFY,2022,2021,100_N_ABOVE,INT_BURDEN,0,2021-09-30,RPT,16.8181
RBI:RATIO_LNGNFC_SAL_QTR_RN(1.0),N_A,602,QFY,2022,2021,100_N_ABOVE,INT_CVG,0,2021-09-30,RPT,5.945976
RBI:RATIO_LNGNFC_SAL_QTR_RN(1.0),N_A,602,QFY,2022,2021,100_N_ABOVE,INT_TO_SAL,0,2021-09-30,RPT,2.8244
RBI:RATIO_LNGNFC_SAL_QTR_RN(1.0),N_A,602,QFY,2022,2021,100_N_ABOVE,NET_PFT_TO_SAL,0,2021-09-30,RPT,10.5238
RBI:RATIO_LNGNFC_SAL_QTR_RN(1.0),N_A,602,QFY,2022,2021,100_N_ABOVE,OPR_PFTS_TO_SAL,0,2021-09-30,RPT,18.2327
RBI:RATIO_LNGNFC_SAL_QTR_RN(1.0),N_A,602,QFY,2022,2021,100_N_ABOVE,OTH_INC_NET_PFT,0,2021-09-30,RPT,28.1309
RBI:RATIO_LNGNFC_SAL_QTR_RN(1.0),N_A,602,QFY,2022,2021,100_N_ABOVE,SC_TO_SAL,0,2021-09-30,RPT,10.586
RBI:RATIO_LNGNFC_SAL_QTR_RN(1.0),N_A,602,QFY,2022,2021,100_N_ABOVE,TAX_PROV_TO_EBT,0,2021-09-30,RPT,21.7804
RBI:RATIO_LNGNFC_SAL_QTR_RN(1.0),N_A,717,QFY,2022,2021,100_TO_500,CORM_TO_SAL,0,2021-09-30,RPT,54.6425
RBI:RATIO_LNGNFC_SAL_QTR_RN(1.0),N_A,717,QFY,2022,2021,100_TO_500,CSH_CVG_RATIO,0,2021-09-30,RPT,2.440434
RBI:RATIO_LNGNFC_SAL_QTR_RN(1.0),N_A,717,QFY,2022,2021,100_TO_500,EBITDA_TO_SAL,0,2021-09-30,RPT,15.1903
RBI:RATIO_LNGNFC_SAL_QTR_RN(1.0),N_A,717,QFY,2022,2021,100_TO_500,EBIT_TO_SAL,0,2021-09-30,RPT,10.8164
RBI:RATIO_LNGNFC_SAL_QTR_RN(1.0),N_A,717,QFY,2022,2021,100_TO_500,INT_BURDEN,0,2021-09-30,RPT,57.5461
RBI:RATIO_LNGNFC_SAL_QTR_RN(1.0),N_A,717,QFY,2022,2021,100_TO_500,INT_CVG,0,2021-09-30,RPT,1.737736
RBI:RATIO_LNGNFC_SAL_QTR_RN(1.0),N_A,717,QFY,2022,2021,100_TO_500,INT_TO_SAL,0,2021-09-30,RPT,6.2244
RBI:RATIO_LNGNFC_SAL_QTR_RN(1.0),N_A,717,QFY,2022,2021,100_TO_500,NET_PFT_TO_SAL,0,2021-09-30,RPT,-1.3117
RBI:RATIO_LNGNFC_SAL_QTR_RN(1.0),N_A,717,QFY,2022,2021,100_TO_500,OPR_PFTS_TO_SAL,0,2021-09-30,RPT,10.148
RBI:RATIO_LNGNFC_SAL_QTR_RN(1.0),N_A,717,QFY,2022,2021,100_TO_500,SC_TO_SAL,0,2021-09-30,RPT,11.824
RBI:RATIO_LNGNFC_SAL_QTR_RN(1.0),N_A,717,QFY,2022,2021,100_TO_500,TAX_PROV_TO_EBT,0,2021-09-30,RPT,20.3931
RBI:RATIO_LNGNFC_SAL_QTR_RN(1.0),N_A,230,QFY,2022,2021,25_TO_50,CORM_TO_SAL,0,2021-09-30,RPT,60.1265
RBI:RATIO_LNGNFC_SAL_QTR_RN(1.0),N_A,230,QFY,2022,2021,25_TO_50,CSH_CVG_RATIO,0,2021-09-30,RPT,1.623856
RBI:RATIO_LNGNFC_SAL_QTR_RN(1.0),N_A,230,QFY,2022,2021,25_TO_50,EBITDA_TO_SAL,0,2021-09-30,RPT,32.6514
RBI:RATIO_LNGNFC_SAL_QTR_RN(1.0),N_A,230,QFY,2022,2021,25_TO_50,EBIT_TO_SAL,0,2021-09-30,RPT,24.2599
RBI:RATIO_LNGNFC_SAL_QTR_RN(1.0),N_A,230,QFY,2022,2021,25_TO_50,INT_BURDEN,0,2021-09-30,RPT,82.8828
RBI:RATIO_LNGNFC_SAL_QTR_RN(1.0),N_A,230,QFY,2022,2021,25_TO_50,INT_CVG,0,2021-09-30,RPT,1.206522
RBI:RATIO_LNGNFC_SAL_QTR_RN(1.0),N_A,230,QFY,2022,2021,25_TO_50,INT_TO_SAL,0,2021-09-30,RPT,20.1073
RBI:RATIO_LNGNFC_SAL_QTR_RN(1.0),N_A,230,QFY,2022,2021,25_TO_50,NET_PFT_TO_SAL,0,2021-09-30,RPT,-8.6774
RBI:RATIO_LNGNFC_SAL_QTR_RN(1.0),N_A,230,QFY,2022,2021,25_TO_50,OPR_PFTS_TO_SAL,0,2021-09-30,RPT,7.8558
RBI:RATIO_LNGNFC_SAL_QTR_RN(1.0),N_A,230,QFY,2022,2021,25_TO_50,SC_TO_SAL,0,2021-09-30,RPT,16.6841
RBI:RATIO_LNGNFC_SAL_QTR_RN(1.0),N_A,230,QFY,2022,2021,25_TO_50,TAX_PROV_TO_EBT,0,2021-09-30,RPT,14.1826
RBI:RATIO_LNGNFC_SAL_QTR_RN(1.0),N_A,258,QFY,2022,2021,500_TO_1000,CORM_TO_SAL,0,2021-09-30,RPT,53.0423
RBI:RATIO_LNGNFC_SAL_QTR_RN(1.0),N_A,258,QFY,2022,2021,500_TO_1000,CSH_CVG_RATIO,0,2021-09-30,RPT,3.945706
RBI:RATIO_LNGNFC_SAL_QTR_RN(1.0),N_A,258,QFY,2022,2021,500_TO_1000,EBITDA_TO_SAL,0,2021-09-30,RPT,14.8584
RBI:RATIO_LNGNFC_SAL_QTR_RN(1.0),N_A,258,QFY,2022,2021,500_TO_1000,EBIT_TO_SAL,0,2021-09-30,RPT,11.112
RBI:RATIO_LNGNFC_SAL_QTR_RN(1.0),N_A,258,QFY,2022,2021,500_TO_1000,INT_BURDEN,0,2021-09-30,RPT,33.8886
RBI:RATIO_LNGNFC_SAL_QTR_RN(1.0),N_A,258,QFY,2022,2021,500_TO_1000,INT_CVG,0,2021-09-30,RPT,2.950845
RBI:RATIO_LNGNFC_SAL_QTR_RN(1.0),N_A,258,QFY,2022,2021,500_TO_1000,INT_TO_SAL,0,2021-09-30,RPT,3.7657
RBI:RATIO_LNGNFC_SAL_QTR_RN(1.0),N_A,258,QFY,2022,2021,500_TO_1000,NET_PFT_TO_SAL,0,2021-09-30,RPT,5.6236
RBI:RATIO_LNGNFC_SAL_QTR_RN(1.0),N_A,258,QFY,2022,2021,500_TO_1000,OPR_PFTS_TO_SAL,0,2021-09-30,RPT,12.042
RBI:RATIO_LNGNFC_SAL_QTR_RN(1.0),N_A,258,QFY,2022,2021,500_TO_1000,OTH_INC_NET_PFT,0,2021-09-30,RPT,50.0826
RBI:RATIO_LNGNFC_SAL_QTR_RN(1.0),N_A,258,QFY,2022,2021,500_TO_1000,SC_TO_SAL,0,2021-09-30,RPT,9.5532
RBI:RATIO_LNGNFC_SAL_QTR_RN(1.0),N_A,258,QFY,2022,2021,500_TO_1000,TAX_PROV_TO_EBT,0,2021-09-30,RPT,23.1692
RBI:RATIO_LNGNFC_SAL_QTR_RN(1.0),N_A,263,QFY,2022,2021,50_TO_100,CORM_TO_SAL,0,2021-09-30,RPT,52.9736
RBI:RATIO_LNGNFC_SAL_QTR_RN(1.0),N_A,263,QFY,2022,2021,50_TO_100,CSH_CVG_RATIO,0,2021-09-30,RPT,1.455261
RBI:RATIO_LNGNFC_SAL_QTR_RN(1.0),N_A,263,QFY,2022,2021,50_TO_100,EBITDA_TO_SAL,0,2021-09-30,RPT,18.4716
RBI:RATIO_LNGNFC_SAL_QTR_RN(1.0),N_A,263,QFY,2022,2021,50_TO_100,EBIT_TO_SAL,0,2021-09-30,RPT,13.5154
RBI:RATIO_LNGNFC_SAL_QTR_RN(1.0),N_A,263,QFY,2022,2021,50_TO_100,INT_BURDEN,0,2021-09-30,RPT,93.915
RBI:RATIO_LNGNFC_SAL_QTR_RN(1.0),N_A,263,QFY,2022,2021,50_TO_100,INT_CVG,0,2021-09-30,RPT,1.064793
RBI:RATIO_LNGNFC_SAL_QTR_RN(1.0),N_A,263,QFY,2022,2021,50_TO_100,INT_TO_SAL,0,2021-09-30,RPT,12.693
RBI:RATIO_LNGNFC_SAL_QTR_RN(1.0),N_A,263,QFY,2022,2021,50_TO_100,NET_PFT_TO_SAL,0,2021-09-30,RPT,-1.6567
RBI:RATIO_LNGNFC_SAL_QTR_RN(1.0),N_A,263,QFY,2022,2021,50_TO_100,OPR_PFTS_TO_SAL,0,2021-09-30,RPT,6.9511
RBI:RATIO_LNGNFC_SAL_QTR_RN(1.0),N_A,263,QFY,2022,2021,50_TO_100,SC_TO_SAL,0,2021-09-30,RPT,13.8083
RBI:RATIO_LNGNFC_SAL_QTR_RN(1.0),N_A,263,QFY,2022,2021,50_TO_100,TAX_PROV_TO_EBT,0,2021-09-30,RPT,18.8007
RBI:RATIO_LNGNFC_SAL_QTR_RN(1.0),N_A,2716,QFY,2022,2021,ALL_COMP,CORM_TO_SAL,0,2021-09-30,RPT,51.0149
RBI:RATIO_LNGNFC_SAL_QTR_RN(1.0),N_A,2716,QFY,2022,2021,ALL_COMP,CSH_CVG_RATIO,0,2021-09-30,RPT,6.697399
RBI:RATIO_LNGNFC_SAL_QTR_RN(1.0),N_A,2716,QFY,2022,2021,ALL_COMP,EBITDA_TO_SAL,0,2021-09-30,RPT,20.6968
RBI:RATIO_LNGNFC_SAL_QTR_RN(1.0),N_A,2716,QFY,2022,2021,ALL_COMP,EBIT_TO_SAL,0,2021-09-30,RPT,16.306
RBI:RATIO_LNGNFC_SAL_QTR_RN(1.0),N_A,2716,QFY,2022,2021,ALL_COMP,INT_BURDEN,0,2021-09-30,RPT,18.9518
RBI:RATIO_LNGNFC_SAL_QTR_RN(1.0),N_A,2716,QFY,2022,2021,ALL_COMP,INT_CVG,0,2021-09-30,RPT,5.276544
RBI:RATIO_LNGNFC_SAL_QTR_RN(1.0),N_A,2716,QFY,2022,2021,ALL_COMP,INT_TO_SAL,0,2021-09-30,RPT,3.0903
RBI:RATIO_LNGNFC_SAL_QTR_RN(1.0),N_A,2716,QFY,2022,2021,ALL_COMP,NET_PFT_TO_SAL,0,2021-09-30,RPT,9.7334
RBI:RATIO_LNGNFC_SAL_QTR_RN(1.0),N_A,2716,QFY,2022,2021,ALL_COMP,OPR_PFTS_TO_SAL,0,2021-09-30,RPT,17.5516
RBI:RATIO_LNGNFC_SAL_QTR_RN(1.0),N_A,2716,QFY,2022,2021,ALL_COMP,OTH_INC_NET_PFT,0,2021-09-30,RPT,32.3138
RBI:RATIO_LNGNFC_SAL_QTR_RN(1.0),N_A,2716,QFY,2022,2021,ALL_COMP,SC_TO_SAL,0,2021-09-30,RPT,10.6282
RBI:RATIO_LNGNFC_SAL_QTR_RN(1.0),N_A,2716,QFY,2022,2021,ALL_COMP,TAX_PROV_TO_EBT,0,2021-09-30,RPT,21.7557
RBI:RATIO_LNGNFC_SAL_QTR_RN(1.0),N_A,646,QFY,2022,2021,LES_CLS_THAN_25,CORM_TO_SAL,0,2021-09-30,RPT,57.6358
RBI:RATIO_LNGNFC_SAL_QTR_RN(1.0),N_A,646,QFY,2022,2021,LES_CLS_THAN_25,CSH_CVG_RATIO,0,2021-09-30,RPT,0.148778
RBI:RATIO_LNGNFC_SAL_QTR_RN(1.0),N_A,646,QFY,2022,2021,LES_CLS_THAN_25,EBITDA_TO_SAL,0,2021-09-30,RPT,3.8993
RBI:RATIO_LNGNFC_SAL_QTR_RN(1.0),N_A,646,QFY,2022,2021,LES_CLS_THAN_25,EBIT_TO_SAL,0,2021-09-30,RPT,-9.4844
RBI:RATIO_LNGNFC_SAL_QTR_RN(1.0),N_A,646,QFY,2022,2021,LES_CLS_THAN_25,INT_TO_SAL,0,2021-09-30,RPT,26.209
RBI:RATIO_LNGNFC_SAL_QTR_RN(1.0),N_A,646,QFY,2022,2021,LES_CLS_THAN_25,NET_PFT_TO_SAL,0,2021-09-30,RPT,-37.9974
RBI:RATIO_LNGNFC_SAL_QTR_RN(1.0),N_A,646,QFY,2022,2021,LES_CLS_THAN_25,OPR_PFTS_TO_SAL,0,2021-09-30,RPT,-32.671
RBI:RATIO_LNGNFC_SAL_QTR_RN(1.0),N_A,646,QFY,2022,2021,LES_CLS_THAN_25,SC_TO_SAL,0,2021-09-30,RPT,22.3029
RBI:RATIO_LNGNFC_SAL_QTR_RN(1.0),N_A,646,QFY,2022,2021,LES_CLS_THAN_25,TAX_PROV_TO_EBT,0,2021-09-30,RPT,12.0271
RBI:RATIO_LNGNFC_SAL_QTR_RN(1.0),N_A,631,QFY,2022,2021,100_N_ABOVE,CORM_TO_SAL,0,2021-12-31,RPT,53.1299
RBI:RATIO_LNGNFC_SAL_QTR_RN(1.0),N_A,631,QFY,2022,2021,100_N_ABOVE,CSH_CVG_RATIO,0,2021-12-31,RPT,7.311689
RBI:RATIO_LNGNFC_SAL_QTR_RN(1.0),N_A,631,QFY,2022,2021,100_N_ABOVE,EBITDA_TO_SAL,0,2021-12-31,RPT,19.8857
RBI:RATIO_LNGNFC_SAL_QTR_RN(1.0),N_A,631,QFY,2022,2021,100_N_ABOVE,EBIT_TO_SAL,0,2021-12-31,RPT,15.7394
RBI:RATIO_LNGNFC_SAL_QTR_RN(1.0),N_A,631,QFY,2022,2021,100_N_ABOVE,INT_BURDEN,0,2021-12-31,RPT,17.2796
RBI:RATIO_LNGNFC_SAL_QTR_RN(1.0),N_A,631,QFY,2022,2021,100_N_ABOVE,INT_CVG,0,2021-12-31,RPT,5.787164
RBI:RATIO_LNGNFC_SAL_QTR_RN(1.0),N_A,631,QFY,2022,2021,100_N_ABOVE,INT_TO_SAL,0,2021-12-31,RPT,2.7197
RBI:RATIO_LNGNFC_SAL_QTR_RN(1.0),N_A,631,QFY,2022,2021,100_N_ABOVE,NET_PFT_TO_SAL,0,2021-12-31,RPT,9.8013
RBI:RATIO_LNGNFC_SAL_QTR_RN(1.0),N_A,631,QFY,2022,2021,100_N_ABOVE,OPR_PFTS_TO_SAL,0,2021-12-31,RPT,17.2605
RBI:RATIO_LNGNFC_SAL_QTR_RN(1.0),N_A,631,QFY,2022,2021,100_N_ABOVE,OTH_INC_NET_PFT,0,2021-12-31,RPT,26.7843
RBI:RATIO_LNGNFC_SAL_QTR_RN(1.0),N_A,631,QFY,2022,2021,100_N_ABOVE,SC_TO_SAL,0,2021-12-31,RPT,10.1198
RBI:RATIO_LNGNFC_SAL_QTR_RN(1.0),N_A,631,QFY,2022,2021,100_N_ABOVE,TAX_PROV_TO_EBT,0,2021-12-31,RPT,21.503
RBI:RATIO_LNGNFC_SAL_QTR_RN(1.0),N_A,743,QFY,2022,2021,100_TO_500,CORM_TO_SAL,0,2021-12-31,RPT,56.5506
RBI:RATIO_LNGNFC_SAL_QTR_RN(1.0),N_A,743,QFY,2022,2021,100_TO_500,CSH_CVG_RATIO,0,2021-12-31,RPT,2.460074
RBI:RATIO_LNGNFC_SAL_QTR_RN(1.0),N_A,743,QFY,2022,2021,100_TO_500,EBITDA_TO_SAL,0,2021-12-31,RPT,13.4395
RBI:RATIO_LNGNFC_SAL_QTR_RN(1.0),N_A,743,QFY,2022,2021,100_TO_500,EBIT_TO_SAL,0,2021-12-31,RPT,9.7546
RBI:RATIO_LNGNFC_SAL_QTR_RN(1.0),N_A,743,QFY,2022,2021,100_TO_500,INT_BURDEN,0,2021-12-31,RPT,56.0048
RBI:RATIO_LNGNFC_SAL_QTR_RN(1.0),N_A,743,QFY,2022,2021,100_TO_500,INT_CVG,0,2021-12-31,RPT,1.78556
RBI:RATIO_LNGNFC_SAL_QTR_RN(1.0),N_A,743,QFY,2022,2021,100_TO_500,INT_TO_SAL,0,2021-12-31,RPT,5.463
RBI:RATIO_LNGNFC_SAL_QTR_RN(1.0),N_A,743,QFY,2022,2021,100_TO_500,NET_PFT_TO_SAL,0,2021-12-31,RPT,0.7562
RBI:RATIO_LNGNFC_SAL_QTR_RN(1.0),N_A,743,QFY,2022,2021,100_TO_500,OPR_PFTS_TO_SAL,0,2021-12-31,RPT,10.2263
RBI:RATIO_LNGNFC_SAL_QTR_RN(1.0),N_A,743,QFY,2022,2021,100_TO_500,SC_TO_SAL,0,2021-12-31,RPT,12.3346
RBI:RATIO_LNGNFC_SAL_QTR_RN(1.0),N_A,743,QFY,2022,2021,100_TO_500,TAX_PROV_TO_EBT,0,2021-12-31,RPT,21.4576
RBI:RATIO_LNGNFC_SAL_QTR_RN(1.0),N_A,219,QFY,2022,2021,25_TO_50,CORM_TO_SAL,0,2021-12-31,RPT,52.7885
RBI:RATIO_LNGNFC_SAL_QTR_RN(1.0),N_A,219,QFY,2022,2021,25_TO_50,EBITDA_TO_SAL,0,2021-12-31,RPT,-19.691
RBI:RATIO_LNGNFC_SAL_QTR_RN(1.0),N_A,219,QFY,2022,2021,25_TO_50,EBIT_TO_SAL,0,2021-12-31,RPT,-27.0807
RBI:RATIO_LNGNFC_SAL_QTR_RN(1.0),N_A,219,QFY,2022,2021,25_TO_50,INT_TO_SAL,0,2021-12-31,RPT,12.0727
RBI:RATIO_LNGNFC_SAL_QTR_RN(1.0),N_A,219,QFY,2022,2021,25_TO_50,NET_PFT_TO_SAL,0,2021-12-31,RPT,24.4123
RBI:RATIO_LNGNFC_SAL_QTR_RN(1.0),N_A,219,QFY,2022,2021,25_TO_50,OPR_PFTS_TO_SAL,0,2021-12-31,RPT,-27.6903
RBI:RATIO_LNGNFC_SAL_QTR_RN(1.0),N_A,219,QFY,2022,2021,25_TO_50,OTH_INC_NET_PFT,0,2021-12-31,RPT,32.7679
RBI:RATIO_LNGNFC_SAL_QTR_RN(1.0),N_A,219,QFY,2022,2021,25_TO_50,SC_TO_SAL,0,2021-12-31,RPT,14.8495
RBI:RATIO_LNGNFC_SAL_QTR_RN(1.0),N_A,219,QFY,2022,2021,25_TO_50,TAX_PROV_TO_EBT,0,2021-12-31,RPT,20.6452
RBI:RATIO_LNGNFC_SAL_QTR_RN(1.0),N_A,264,QFY,2022,2021,500_TO_1000,CORM_TO_SAL,0,2021-12-31,RPT,57.2272
RBI:RATIO_LNGNFC_SAL_QTR_RN(1.0),N_A,264,QFY,2022,2021,500_TO_1000,CSH_CVG_RATIO,0,2021-12-31,RPT,4.022992
RBI:RATIO_LNGNFC_SAL_QTR_RN(1.0),N_A,264,QFY,2022,2021,500_TO_1000,EBITDA_TO_SAL,0,2021-12-31,RPT,14.6971
RBI:RATIO_LNGNFC_SAL_QTR_RN(1.0),N_A,264,QFY,2022,2021,500_TO_1000,EBIT_TO_SAL,0,2021-12-31,RPT,11.2857
RBI:RATIO_LNGNFC_SAL_QTR_RN(1.0),N_A,264,QFY,2022,2021,500_TO_1000,INT_BURDEN,0,2021-12-31,RPT,32.3708
RBI:RATIO_LNGNFC_SAL_QTR_RN(1.0),N_A,264,QFY,2022,2021,500_TO_1000,INT_CVG,0,2021-12-31,RPT,3.089209
RBI:RATIO_LNGNFC_SAL_QTR_RN(1.0),N_A,264,QFY,2022,2021,500_TO_1000,INT_TO_SAL,0,2021-12-31,RPT,3.6533
RBI:RATIO_LNGNFC_SAL_QTR_RN(1.0),N_A,264,QFY,2022,2021,500_TO_1000,NET_PFT_TO_SAL,0,2021-12-31,RPT,5.2248
RBI:RATIO_LNGNFC_SAL_QTR_RN(1.0),N_A,264,QFY,2022,2021,500_TO_1000,OPR_PFTS_TO_SAL,0,2021-12-31,RPT,11.9653
RBI:RATIO_LNGNFC_SAL_QTR_RN(1.0),N_A,264,QFY,2022,2021,500_TO_1000,OTH_INC_NET_PFT,0,2021-12-31,RPT,52.2849
RBI:RATIO_LNGNFC_SAL_QTR_RN(1.0),N_A,264,QFY,2022,2021,500_TO_1000,SC_TO_SAL,0,2021-12-31,RPT,9.0172
RBI:RATIO_LNGNFC_SAL_QTR_RN(1.0),N_A,264,QFY,2022,2021,500_TO_1000,TAX_PROV_TO_EBT,0,2021-12-31,RPT,22.1535
RBI:RATIO_LNGNFC_SAL_QTR_RN(1.0),N_A,268,QFY,2022,2021,50_TO_100,CORM_TO_SAL,0,2021-12-31,RPT,53.9566
RBI:RATIO_LNGNFC_SAL_QTR_RN(1.0),N_A,268,QFY,2022,2021,50_TO_100,CSH_CVG_RATIO,0,2021-12-31,RPT,1.983826
RBI:RATIO_LNGNFC_SAL_QTR_RN(1.0),N_A,268,QFY,2022,2021,50_TO_100,EBITDA_TO_SAL,0,2021-12-31,RPT,12.2918
RBI:RATIO_LNGNFC_SAL_QTR_RN(1.0),N_A,268,QFY,2022,2021,50_TO_100,EBIT_TO_SAL,0,2021-12-31,RPT,7.4826
RBI:RATIO_LNGNFC_SAL_QTR_RN(1.0),N_A,268,QFY,2022,2021,50_TO_100,INT_BURDEN,0,2021-12-31,RPT,82.8055
RBI:RATIO_LNGNFC_SAL_QTR_RN(1.0),N_A,268,QFY,2022,2021,50_TO_100,INT_CVG,0,2021-12-31,RPT,1.20765
RBI:RATIO_LNGNFC_SAL_QTR_RN(1.0),N_A,268,QFY,2022,2021,50_TO_100,INT_TO_SAL,0,2021-12-31,RPT,6.196
RBI:RATIO_LNGNFC_SAL_QTR_RN(1.0),N_A,268,QFY,2022,2021,50_TO_100,NET_PFT_TO_SAL,0,2021-12-31,RPT,-4.6519
RBI:RATIO_LNGNFC_SAL_QTR_RN(1.0),N_A,268,QFY,2022,2021,50_TO_100,OPR_PFTS_TO_SAL,0,2021-12-31,RPT,7.5724
RBI:RATIO_LNGNFC_SAL_QTR_RN(1.0),N_A,268,QFY,2022,2021,50_TO_100,SC_TO_SAL,0,2021-12-31,RPT,14.335
RBI:RATIO_LNGNFC_SAL_QTR_RN(1.0),N_A,268,QFY,2022,2021,50_TO_100,TAX_PROV_TO_EBT,0,2021-12-31,RPT,21.112
RBI:RATIO_LNGNFC_SAL_QTR_RN(1.0),N_A,2744,QFY,2022,2021,ALL_COMP,CORM_TO_SAL,0,2021-12-31,RPT,53.4344
RBI:RATIO_LNGNFC_SAL_QTR_RN(1.0),N_A,2744,QFY,2022,2021,ALL_COMP,CSH_CVG_RATIO,0,2021-12-31,RPT,6.652167
RBI:RATIO_LNGNFC_SAL_QTR_RN(1.0),N_A,2744,QFY,2022,2021,ALL_COMP,EBITDA_TO_SAL,0,2021-12-31,RPT,19.3482
RBI:RATIO_LNGNFC_SAL_QTR_RN(1.0),N_A,2744,QFY,2022,2021,ALL_COMP,EBIT_TO_SAL,0,2021-12-31,RPT,15.2331
RBI:RATIO_LNGNFC_SAL_QTR_RN(1.0),N_A,2744,QFY,2022,2021,ALL_COMP,INT_BURDEN,0,2021-12-31,RPT,19.0936
RBI:RATIO_LNGNFC_SAL_QTR_RN(1.0),N_A,2744,QFY,2022,2021,ALL_COMP,INT_CVG,0,2021-12-31,RPT,5.237353
RBI:RATIO_LNGNFC_SAL_QTR_RN(1.0),N_A,2744,QFY,2022,2021,ALL_COMP,INT_TO_SAL,0,2021-12-31,RPT,2.9086
RBI:RATIO_LNGNFC_SAL_QTR_RN(1.0),N_A,2744,QFY,2022,2021,ALL_COMP,NET_PFT_TO_SAL,0,2021-12-31,RPT,9.2186
RBI:RATIO_LNGNFC_SAL_QTR_RN(1.0),N_A,2744,QFY,2022,2021,ALL_COMP,OPR_PFTS_TO_SAL,0,2021-12-31,RPT,16.6588
RBI:RATIO_LNGNFC_SAL_QTR_RN(1.0),N_A,2744,QFY,2022,2021,ALL_COMP,OTH_INC_NET_PFT,0,2021-12-31,RPT,29.1736
RBI:RATIO_LNGNFC_SAL_QTR_RN(1.0),N_A,2744,QFY,2022,2021,ALL_COMP,SC_TO_SAL,0,2021-12-31,RPT,10.1951
RBI:RATIO_LNGNFC_SAL_QTR_RN(1.0),N_A,2744,QFY,2022,2021,ALL_COMP,TAX_PROV_TO_EBT,0,2021-12-31,RPT,21.5142
RBI:RATIO_LNGNFC_SAL_QTR_RN(1.0),N_A,619,QFY,2022,2021,LES_CLS_THAN_25,CORM_TO_SAL,0,2021-12-31,RPT,54.5031
RBI:RATIO_LNGNFC_SAL_QTR_RN(1.0),N_A,619,QFY,2022,2021,LES_CLS_THAN_25,CSH_CVG_RATIO,0,2021-12-31,RPT,0.441429
RBI:RATIO_LNGNFC_SAL_QTR_RN(1.0),N_A,619,QFY,2022,2021,LES_CLS_THAN_25,EBITDA_TO_SAL,0,2021-12-31,RPT,11.9446
RBI:RATIO_LNGNFC_SAL_QTR_RN(1.0),N_A,619,QFY,2022,2021,LES_CLS_THAN_25,EBIT_TO_SAL,0,2021-12-31,RPT,1.6023
RBI:RATIO_LNGNFC_SAL_QTR_RN(1.0),N_A,619,QFY,2022,2021,LES_CLS_THAN_25,INT_CVG,0,2021-12-31,RPT,0.059216
RBI:RATIO_LNGNFC_SAL_QTR_RN(1.0),N_A,619,QFY,2022,2021,LES_CLS_THAN_25,INT_TO_SAL,0,2021-12-31,RPT,27.0589
RBI:RATIO_LNGNFC_SAL_QTR_RN(1.0),N_A,619,QFY,2022,2021,LES_CLS_THAN_25,NET_PFT_TO_SAL,0,2021-12-31,RPT,-34.2783
RBI:RATIO_LNGNFC_SAL_QTR_RN(1.0),N_A,619,QFY,2022,2021,LES_CLS_THAN_25,OPR_PFTS_TO_SAL,0,2021-12-31,RPT,-13.2922
RBI:RATIO_LNGNFC_SAL_QTR_RN(1.0),N_A,619,QFY,2022,2021,LES_CLS_THAN_25,SC_TO_SAL,0,2021-12-31,RPT,22.178
RBI:RATIO_LNGNFC_SAL_QTR_RN(1.0),N_A,619,QFY,2022,2021,LES_CLS_THAN_25,TAX_PROV_TO_EBT,0,2021-12-31,RPT,17.3376
RBI:RATIO_LNGNFC_SAL_QTR_RN(1.0),N_A,659,QFY,2022,2021,100_N_ABOVE,CORM_TO_SAL,0,2022-03-31,RPT,53.774
RBI:RATIO_LNGNFC_SAL_QTR_RN(1.0),N_A,659,QFY,2022,2021,100_N_ABOVE,CSH_CVG_RATIO,0,2022-03-31,RPT,8.103803
RBI:RATIO_LNGNFC_SAL_QTR_RN(1.0),N_A,659,QFY,2022,2021,100_N_ABOVE,EBITDA_TO_SAL,0,2022-03-31,RPT,19.4623
RBI:RATIO_LNGNFC_SAL_QTR_RN(1.0),N_A,659,QFY,2022,2021,100_N_ABOVE,EBIT_TO_SAL,0,2022-03-31,RPT,15.5898
RBI:RATIO_LNGNFC_SAL_QTR_RN(1.0),N_A,659,QFY,2022,2021,100_N_ABOVE,INT_BURDEN,0,2022-03-31,RPT,15.4051
RBI:RATIO_LNGNFC_SAL_QTR_RN(1.0),N_A,659,QFY,2022,2021,100_N_ABOVE,INT_CVG,0,2022-03-31,RPT,6.491346
RBI:RATIO_LNGNFC_SAL_QTR_RN(1.0),N_A,659,QFY,2022,2021,100_N_ABOVE,INT_TO_SAL,0,2022-03-31,RPT,2.4016
RBI:RATIO_LNGNFC_SAL_QTR_RN(1.0),N_A,659,QFY,2022,2021,100_N_ABOVE,NET_PFT_TO_SAL,0,2022-03-31,RPT,10.3759
RBI:RATIO_LNGNFC_SAL_QTR_RN(1.0),N_A,659,QFY,2022,2021,100_N_ABOVE,OPR_PFTS_TO_SAL,0,2022-03-31,RPT,16.5749
RBI:RATIO_LNGNFC_SAL_QTR_RN(1.0),N_A,659,QFY,2022,2021,100_N_ABOVE,OTH_INC_NET_PFT,0,2022-03-31,RPT,27.8284
RBI:RATIO_LNGNFC_SAL_QTR_RN(1.0),N_A,659,QFY,2022,2021,100_N_ABOVE,SC_TO_SAL,0,2022-03-31,RPT,9.4692
RBI:RATIO_LNGNFC_SAL_QTR_RN(1.0),N_A,659,QFY,2022,2021,100_N_ABOVE,TAX_PROV_TO_EBT,0,2022-03-31,RPT,16.1844
RBI:RATIO_LNGNFC_SAL_QTR_RN(1.0),N_A,746,QFY,2022,2021,100_TO_500,CORM_TO_SAL,0,2022-03-31,RPT,55.1115
RBI:RATIO_LNGNFC_SAL_QTR_RN(1.0),N_A,746,QFY,2022,2021,100_TO_500,CSH_CVG_RATIO,0,2022-03-31,RPT,3.762987
RBI:RATIO_LNGNFC_SAL_QTR_RN(1.0),N_A,746,QFY,2022,2021,100_TO_500,EBITDA_TO_SAL,0,2022-03-31,RPT,12.3796
RBI:RATIO_LNGNFC_SAL_QTR_RN(1.0),N_A,746,QFY,2022,2021,100_TO_500,EBIT_TO_SAL,0,2022-03-31,RPT,8.854
RBI:RATIO_LNGNFC_SAL_QTR_RN(1.0),N_A,746,QFY,2022,2021,100_TO_500,INT_BURDEN,0,2022-03-31,RPT,37.1565
RBI:RATIO_LNGNFC_SAL_QTR_RN(1.0),N_A,746,QFY,2022,2021,100_TO_500,INT_CVG,0,2022-03-31,RPT,2.691316
RBI:RATIO_LNGNFC_SAL_QTR_RN(1.0),N_A,746,QFY,2022,2021,100_TO_500,INT_TO_SAL,0,2022-03-31,RPT,3.2898
RBI:RATIO_LNGNFC_SAL_QTR_RN(1.0),N_A,746,QFY,2022,2021,100_TO_500,NET_PFT_TO_SAL,0,2022-03-31,RPT,0.4182
RBI:RATIO_LNGNFC_SAL_QTR_RN(1.0),N_A,746,QFY,2022,2021,100_TO_500,OPR_PFTS_TO_SAL,0,2022-03-31,RPT,6.9389
RBI:RATIO_LNGNFC_SAL_QTR_RN(1.0),N_A,746,QFY,2022,2021,100_TO_500,SC_TO_SAL,0,2022-03-31,RPT,11.6473
RBI:RATIO_LNGNFC_SAL_QTR_RN(1.0),N_A,746,QFY,2022,2021,100_TO_500,TAX_PROV_TO_EBT,0,2022-03-31,RPT,18.805
RBI:RATIO_LNGNFC_SAL_QTR_RN(1.0),N_A,229,QFY,2022,2021,25_TO_50,CORM_TO_SAL,0,2022-03-31,RPT,64.1727
RBI:RATIO_LNGNFC_SAL_QTR_RN(1.0),N_A,229,QFY,2022,2021,25_TO_50,EBITDA_TO_SAL,0,2022-03-31,RPT,-41.3868
RBI:RATIO_LNGNFC_SAL_QTR_RN(1.0),N_A,229,QFY,2022,2021,25_TO_50,EBIT_TO_SAL,0,2022-03-31,RPT,-47.4249
RBI:RATIO_LNGNFC_SAL_QTR_RN(1.0),N_A,229,QFY,2022,2021,25_TO_50,INT_TO_SAL,0,2022-03-31,RPT,5.818
RBI:RATIO_LNGNFC_SAL_QTR_RN(1.0),N_A,229,QFY,2022,2021,25_TO_50,NET_PFT_TO_SAL,0,2022-03-31,RPT,-64.1802
RBI:RATIO_LNGNFC_SAL_QTR_RN(1.0),N_A,229,QFY,2022,2021,25_TO_50,OPR_PFTS_TO_SAL,0,2022-03-31,RPT,-52.8547
RBI:RATIO_LNGNFC_SAL_QTR_RN(1.0),N_A,229,QFY,2022,2021,25_TO_50,SC_TO_SAL,0,2022-03-31,RPT,15.2016
RBI:RATIO_LNGNFC_SAL_QTR_RN(1.0),N_A,229,QFY,2022,2021,25_TO_50,TAX_PROV_TO_EBT,0,2022-03-31,RPT,21.7433
RBI:RATIO_LNGNFC_SAL_QTR_RN(1.0),N_A,278,QFY,2022,2021,500_TO_1000,CORM_TO_SAL,0,2022-03-31,RPT,58.7321
RBI:RATIO_LNGNFC_SAL_QTR_RN(1.0),N_A,278,QFY,2022,2021,500_TO_1000,CSH_CVG_RATIO,0,2022-03-31,RPT,3.25187
RBI:RATIO_LNGNFC_SAL_QTR_RN(1.0),N_A,278,QFY,2022,2021,500_TO_1000,EBITDA_TO_SAL,0,2022-03-31,RPT,12.8338
RBI:RATIO_LNGNFC_SAL_QTR_RN(1.0),N_A,278,QFY,2022,2021,500_TO_1000,EBIT_TO_SAL,0,2022-03-31,RPT,9.4196
RBI:RATIO_LNGNFC_SAL_QTR_RN(1.0),N_A,278,QFY,2022,2021,500_TO_1000,INT_BURDEN,0,2022-03-31,RPT,41.8974
RBI:RATIO_LNGNFC_SAL_QTR_RN(1.0),N_A,278,QFY,2022,2021,500_TO_1000,INT_CVG,0,2022-03-31,RPT,2.386784
RBI:RATIO_LNGNFC_SAL_QTR_RN(1.0),N_A,278,QFY,2022,2021,500_TO_1000,INT_TO_SAL,0,2022-03-31,RPT,3.9466
RBI:RATIO_LNGNFC_SAL_QTR_RN(1.0),N_A,278,QFY,2022,2021,500_TO_1000,NET_PFT_TO_SAL,0,2022-03-31,RPT,3.7958
RBI:RATIO_LNGNFC_SAL_QTR_RN(1.0),N_A,278,QFY,2022,2021,500_TO_1000,OPR_PFTS_TO_SAL,0,2022-03-31,RPT,10.0931
RBI:RATIO_LNGNFC_SAL_QTR_RN(1.0),N_A,278,QFY,2022,2021,500_TO_1000,OTH_INC_NET_PFT,0,2022-03-31,RPT,72.2027
RBI:RATIO_LNGNFC_SAL_QTR_RN(1.0),N_A,278,QFY,2022,2021,500_TO_1000,SC_TO_SAL,0,2022-03-31,RPT,9.3188
RBI:RATIO_LNGNFC_SAL_QTR_RN(1.0),N_A,278,QFY,2022,2021,500_TO_1000,TAX_PROV_TO_EBT,0,2022-03-31,RPT,20.9541
RBI:RATIO_LNGNFC_SAL_QTR_RN(1.0),N_A,254,QFY,2022,2021,50_TO_100,CORM_TO_SAL,0,2022-03-31,RPT,55.9473
RBI:RATIO_LNGNFC_SAL_QTR_RN(1.0),N_A,254,QFY,2022,2021,50_TO_100,CSH_CVG_RATIO,0,2022-03-31,RPT,11.491861
RBI:RATIO_LNGNFC_SAL_QTR_RN(1.0),N_A,254,QFY,2022,2021,50_TO_100,EBITDA_TO_SAL,0,2022-03-31,RPT,48.8406
RBI:RATIO_LNGNFC_SAL_QTR_RN(1.0),N_A,254,QFY,2022,2021,50_TO_100,EBIT_TO_SAL,0,2022-03-31,RPT,44.8065
RBI:RATIO_LNGNFC_SAL_QTR_RN(1.0),N_A,254,QFY,2022,2021,50_TO_100,INT_BURDEN,0,2022-03-31,RPT,9.4853
RBI:RATIO_LNGNFC_SAL_QTR_RN(1.0),N_A,254,QFY,2022,2021,50_TO_100,INT_CVG,0,2022-03-31,RPT,10.542675
RBI:RATIO_LNGNFC_SAL_QTR_RN(1.0),N_A,254,QFY,2022,2021,50_TO_100,INT_TO_SAL,0,2022-03-31,RPT,4.25
RBI:RATIO_LNGNFC_SAL_QTR_RN(1.0),N_A,254,QFY,2022,2021,50_TO_100,NET_PFT_TO_SAL,0,2022-03-31,RPT,45.6941
RBI:RATIO_LNGNFC_SAL_QTR_RN(1.0),N_A,254,QFY,2022,2021,50_TO_100,OPR_PFTS_TO_SAL,0,2022-03-31,RPT,5.807
RBI:RATIO_LNGNFC_SAL_QTR_RN(1.0),N_A,254,QFY,2022,2021,50_TO_100,OTH_INC_NET_PFT,0,2022-03-31,RPT,94.1776
RBI:RATIO_LNGNFC_SAL_QTR_RN(1.0),N_A,254,QFY,2022,2021,50_TO_100,SC_TO_SAL,0,2022-03-31,RPT,13.4656
RBI:RATIO_LNGNFC_SAL_QTR_RN(1.0),N_A,254,QFY,2022,2021,50_TO_100,TAX_PROV_TO_EBT,0,2022-03-31,RPT,17.8678
RBI:RATIO_LNGNFC_SAL_QTR_RN(1.0),N_A,2758,QFY,2022,2021,ALL_COMP,CORM_TO_SAL,0,2022-03-31,RPT,54.0317
RBI:RATIO_LNGNFC_SAL_QTR_RN(1.0),N_A,2758,QFY,2022,2021,ALL_COMP,CSH_CVG_RATIO,0,2022-03-31,RPT,7.372952
RBI:RATIO_LNGNFC_SAL_QTR_RN(1.0),N_A,2758,QFY,2022,2021,ALL_COMP,EBITDA_TO_SAL,0,2022-03-31,RPT,19.0328
RBI:RATIO_LNGNFC_SAL_QTR_RN(1.0),N_A,2758,QFY,2022,2021,ALL_COMP,EBIT_TO_SAL,0,2022-03-31,RPT,15.1775
RBI:RATIO_LNGNFC_SAL_QTR_RN(1.0),N_A,2758,QFY,2022,2021,ALL_COMP,INT_BURDEN,0,2022-03-31,RPT,17.0082
RBI:RATIO_LNGNFC_SAL_QTR_RN(1.0),N_A,2758,QFY,2022,2021,ALL_COMP,INT_CVG,0,2022-03-31,RPT,5.879505
RBI:RATIO_LNGNFC_SAL_QTR_RN(1.0),N_A,2758,QFY,2022,2021,ALL_COMP,INT_TO_SAL,0,2022-03-31,RPT,2.5814
RBI:RATIO_LNGNFC_SAL_QTR_RN(1.0),N_A,2758,QFY,2022,2021,ALL_COMP,NET_PFT_TO_SAL,0,2022-03-31,RPT,9.7298
RBI:RATIO_LNGNFC_SAL_QTR_RN(1.0),N_A,2758,QFY,2022,2021,ALL_COMP,OPR_PFTS_TO_SAL,0,2022-03-31,RPT,15.7626
RBI:RATIO_LNGNFC_SAL_QTR_RN(1.0),N_A,2758,QFY,2022,2021,ALL_COMP,OTH_INC_NET_PFT,0,2022-03-31,RPT,33.6093
RBI:RATIO_LNGNFC_SAL_QTR_RN(1.0),N_A,2758,QFY,2022,2021,ALL_COMP,SC_TO_SAL,0,2022-03-31,RPT,9.5717
RBI:RATIO_LNGNFC_SAL_QTR_RN(1.0),N_A,2758,QFY,2022,2021,ALL_COMP,TAX_PROV_TO_EBT,0,2022-03-31,RPT,16.3908
RBI:RATIO_LNGNFC_SAL_QTR_RN(1.0),N_A,592,QFY,2022,2021,LES_CLS_THAN_25,CORM_TO_SAL,0,2022-03-31,RPT,52.343
RBI:RATIO_LNGNFC_SAL_QTR_RN(1.0),N_A,592,QFY,2022,2021,LES_CLS_THAN_25,CSH_CVG_RATIO,0,2022-03-31,RPT,0.750282
RBI:RATIO_LNGNFC_SAL_QTR_RN(1.0),N_A,592,QFY,2022,2021,LES_CLS_THAN_25,EBITDA_TO_SAL,0,2022-03-31,RPT,72.9356
RBI:RATIO_LNGNFC_SAL_QTR_RN(1.0),N_A,592,QFY,2022,2021,LES_CLS_THAN_25,EBIT_TO_SAL,0,2022-03-31,RPT,60.8072
RBI:RATIO_LNGNFC_SAL_QTR_RN(1.0),N_A,592,QFY,2022,2021,LES_CLS_THAN_25,INT_CVG,0,2022-03-31,RPT,0.625518
RBI:RATIO_LNGNFC_SAL_QTR_RN(1.0),N_A,592,QFY,2022,2021,LES_CLS_THAN_25,INT_TO_SAL,0,2022-03-31,RPT,97.211
RBI:RATIO_LNGNFC_SAL_QTR_RN(1.0),N_A,592,QFY,2022,2021,LES_CLS_THAN_25,NET_PFT_TO_SAL,0,2022-03-31,RPT,-73.7201
RBI:RATIO_LNGNFC_SAL_QTR_RN(1.0),N_A,592,QFY,2022,2021,LES_CLS_THAN_25,OPR_PFTS_TO_SAL,0,2022-03-31,RPT,-105.043
RBI:RATIO_LNGNFC_SAL_QTR_RN(1.0),N_A,592,QFY,2022,2021,LES_CLS_THAN_25,SC_TO_SAL,0,2022-03-31,RPT,23.7888
RBI:RATIO_LNGNFC_SAL_QTR_RN(1.0),N_A,592,QFY,2022,2021,LES_CLS_THAN_25,TAX_PROV_TO_EBT,0,2022-03-31,RPT,29.1173
RBI:RATIO_LNGNFC_SAL_QTR_RN(1.0),N_A,655,QFY,2023,2022,100_N_ABOVE,CORM_TO_SAL,0,2022-06-30,RPT,56.1279
RBI:RATIO_LNGNFC_SAL_QTR_RN(1.0),N_A,655,QFY,2023,2022,100_N_ABOVE,CSH_CVG_RATIO,0,2022-06-30,RPT,6.906182
RBI:RATIO_LNGNFC_SAL_QTR_RN(1.0),N_A,655,QFY,2023,2022,100_N_ABOVE,EBITDA_TO_SAL,0,2022-06-30,RPT,17.6747
RBI:RATIO_LNGNFC_SAL_QTR_RN(1.0),N_A,655,QFY,2023,2022,100_N_ABOVE,EBIT_TO_SAL,0,2022-06-30,RPT,13.938
RBI:RATIO_LNGNFC_SAL_QTR_RN(1.0),N_A,655,QFY,2023,2022,100_N_ABOVE,INT_BURDEN,0,2022-06-30,RPT,18.3617
RBI:RATIO_LNGNFC_SAL_QTR_RN(1.0),N_A,655,QFY,2023,2022,100_N_ABOVE,INT_CVG,0,2022-06-30,RPT,5.446118
RBI:RATIO_LNGNFC_SAL_QTR_RN(1.0),N_A,655,QFY,2023,2022,100_N_ABOVE,INT_TO_SAL,0,2022-06-30,RPT,2.5593
RBI:RATIO_LNGNFC_SAL_QTR_RN(1.0),N_A,655,QFY,2023,2022,100_N_ABOVE,NET_PFT_TO_SAL,0,2022-06-30,RPT,8.9493
RBI:RATIO_LNGNFC_SAL_QTR_RN(1.0),N_A,655,QFY,2023,2022,100_N_ABOVE,OPR_PFTS_TO_SAL,0,2022-06-30,RPT,15.8311
RBI:RATIO_LNGNFC_SAL_QTR_RN(1.0),N_A,655,QFY,2023,2022,100_N_ABOVE,OTH_INC_NET_PFT,0,2022-06-30,RPT,20.5998
RBI:RATIO_LNGNFC_SAL_QTR_RN(1.0),N_A,655,QFY,2023,2022,100_N_ABOVE,SC_TO_SAL,0,2022-06-30,RPT,9.7438
RBI:RATIO_LNGNFC_SAL_QTR_RN(1.0),N_A,655,QFY,2023,2022,100_N_ABOVE,TAX_PROV_TO_EBT,0,2022-06-30,RPT,23.9249
RBI:RATIO_LNGNFC_SAL_QTR_RN(1.0),N_A,719,QFY,2023,2022,100_TO_500,CORM_TO_SAL,0,2022-06-30,RPT,55.7734
RBI:RATIO_LNGNFC_SAL_QTR_RN(1.0),N_A,719,QFY,2023,2022,100_TO_500,CSH_CVG_RATIO,0,2022-06-30,RPT,2.206297
RBI:RATIO_LNGNFC_SAL_QTR_RN(1.0),N_A,719,QFY,2023,2022,100_TO_500,EBITDA_TO_SAL,0,2022-06-30,RPT,14.2679
RBI:RATIO_LNGNFC_SAL_QTR_RN(1.0),N_A,719,QFY,2023,2022,100_TO_500,EBIT_TO_SAL,0,2022-06-30,RPT,10.8584
RBI:RATIO_LNGNFC_SAL_QTR_RN(1.0),N_A,719,QFY,2023,2022,100_TO_500,INT_BURDEN,0,2022-06-30,RPT,59.5568
RBI:RATIO_LNGNFC_SAL_QTR_RN(1.0),N_A,719,QFY,2023,2022,100_TO_500,INT_CVG,0,2022-06-30,RPT,1.67907
RBI:RATIO_LNGNFC_SAL_QTR_RN(1.0),N_A,719,QFY,2023,2022,100_TO_500,INT_TO_SAL,0,2022-06-30,RPT,6.4669
RBI:RATIO_LNGNFC_SAL_QTR_RN(1.0),N_A,719,QFY,2023,2022,100_TO_500,NET_PFT_TO_SAL,0,2022-06-30,RPT,-0.3543
RBI:RATIO_LNGNFC_SAL_QTR_RN(1.0),N_A,719,QFY,2023,2022,100_TO_500,OPR_PFTS_TO_SAL,0,2022-06-30,RPT,9.2837
RBI:RATIO_LNGNFC_SAL_QTR_RN(1.0),N_A,719,QFY,2023,2022,100_TO_500,SC_TO_SAL,0,2022-06-30,RPT,12.2419
RBI:RATIO_LNGNFC_SAL_QTR_RN(1.0),N_A,719,QFY,2023,2022,100_TO_500,TAX_PROV_TO_EBT,0,2022-06-30,RPT,21.8103
RBI:RATIO_LNGNFC_SAL_QTR_RN(1.0),N_A,213,QFY,2023,2022,25_TO_50,CORM_TO_SAL,0,2022-06-30,RPT,53.7546
RBI:RATIO_LNGNFC_SAL_QTR_RN(1.0),N_A,213,QFY,2023,2022,25_TO_50,CSH_CVG_RATIO,0,2022-06-30,RPT,0.245067
RBI:RATIO_LNGNFC_SAL_QTR_RN(1.0),N_A,213,QFY,2023,2022,25_TO_50,EBITDA_TO_SAL,0,2022-06-30,RPT,12.0189
RBI:RATIO_LNGNFC_SAL_QTR_RN(1.0),N_A,213,QFY,2023,2022,25_TO_50,EBIT_TO_SAL,0,2022-06-30,RPT,5.8539
RBI:RATIO_LNGNFC_SAL_QTR_RN(1.0),N_A,213,QFY,2023,2022,25_TO_50,INT_CVG,0,2022-06-30,RPT,0.119361
RBI:RATIO_LNGNFC_SAL_QTR_RN(1.0),N_A,213,QFY,2023,2022,25_TO_50,INT_TO_SAL,0,2022-06-30,RPT,49.0432
RBI:RATIO_LNGNFC_SAL_QTR_RN(1.0),N_A,213,QFY,2023,2022,25_TO_50,NET_PFT_TO_SAL,0,2022-06-30,RPT,-46.2464
RBI:RATIO_LNGNFC_SAL_QTR_RN(1.0),N_A,213,QFY,2023,2022,25_TO_50,OPR_PFTS_TO_SAL,0,2022-06-30,RPT,2.757
RBI:RATIO_LNGNFC_SAL_QTR_RN(1.0),N_A,213,QFY,2023,2022,25_TO_50,SC_TO_SAL,0,2022-06-30,RPT,16.8724
RBI:RATIO_LNGNFC_SAL_QTR_RN(1.0),N_A,213,QFY,2023,2022,25_TO_50,TAX_PROV_TO_EBT,0,2022-06-30,RPT,15.9015
RBI:RATIO_LNGNFC_SAL_QTR_RN(1.0),N_A,278,QFY,2023,2022,500_TO_1000,CORM_TO_SAL,0,2022-06-30,RPT,59.6099
RBI:RATIO_LNGNFC_SAL_QTR_RN(1.0),N_A,278,QFY,2023,2022,500_TO_1000,CSH_CVG_RATIO,0,2022-06-30,RPT,5.176511
RBI:RATIO_LNGNFC_SAL_QTR_RN(1.0),N_A,278,QFY,2023,2022,500_TO_1000,EBITDA_TO_SAL,0,2022-06-30,RPT,14.0451
RBI:RATIO_LNGNFC_SAL_QTR_RN(1.0),N_A,278,QFY,2023,2022,500_TO_1000,EBIT_TO_SAL,0,2022-06-30,RPT,10.6619
RBI:RATIO_LNGNFC_SAL_QTR_RN(1.0),N_A,278,QFY,2023,2022,500_TO_1000,INT_BURDEN,0,2022-06-30,RPT,25.448
RBI:RATIO_LNGNFC_SAL_QTR_RN(1.0),N_A,278,QFY,2023,2022,500_TO_1000,INT_CVG,0,2022-06-30,RPT,3.929581
RBI:RATIO_LNGNFC_SAL_QTR_RN(1.0),N_A,278,QFY,2023,2022,500_TO_1000,INT_TO_SAL,0,2022-06-30,RPT,2.7132
RBI:RATIO_LNGNFC_SAL_QTR_RN(1.0),N_A,278,QFY,2023,2022,500_TO_1000,NET_PFT_TO_SAL,0,2022-06-30,RPT,5.7655
RBI:RATIO_LNGNFC_SAL_QTR_RN(1.0),N_A,278,QFY,2023,2022,500_TO_1000,OPR_PFTS_TO_SAL,0,2022-06-30,RPT,11.0751
RBI:RATIO_LNGNFC_SAL_QTR_RN(1.0),N_A,278,QFY,2023,2022,500_TO_1000,OTH_INC_NET_PFT,0,2022-06-30,RPT,51.5144
RBI:RATIO_LNGNFC_SAL_QTR_RN(1.0),N_A,278,QFY,2023,2022,500_TO_1000,SC_TO_SAL,0,2022-06-30,RPT,10.1176
RBI:RATIO_LNGNFC_SAL_QTR_RN(1.0),N_A,278,QFY,2023,2022,500_TO_1000,TAX_PROV_TO_EBT,0,2022-06-30,RPT,23.0407
RBI:RATIO_LNGNFC_SAL_QTR_RN(1.0),N_A,273,QFY,2023,2022,50_TO_100,CORM_TO_SAL,0,2022-06-30,RPT,53.4125
RBI:RATIO_LNGNFC_SAL_QTR_RN(1.0),N_A,273,QFY,2023,2022,50_TO_100,CSH_CVG_RATIO,0,2022-06-30,RPT,0.838121
RBI:RATIO_LNGNFC_SAL_QTR_RN(1.0),N_A,273,QFY,2023,2022,50_TO_100,EBITDA_TO_SAL,0,2022-06-30,RPT,5.0704
RBI:RATIO_LNGNFC_SAL_QTR_RN(1.0),N_A,273,QFY,2023,2022,50_TO_100,EBIT_TO_SAL,0,2022-06-30,RPT,0.3643
RBI:RATIO_LNGNFC_SAL_QTR_RN(1.0),N_A,273,QFY,2023,2022,50_TO_100,INT_CVG,0,2022-06-30,RPT,0.060219
RBI:RATIO_LNGNFC_SAL_QTR_RN(1.0),N_A,273,QFY,2023,2022,50_TO_100,INT_TO_SAL,0,2022-06-30,RPT,6.0497
RBI:RATIO_LNGNFC_SAL_QTR_RN(1.0),N_A,273,QFY,2023,2022,50_TO_100,NET_PFT_TO_SAL,0,2022-06-30,RPT,-10.7019
RBI:RATIO_LNGNFC_SAL_QTR_RN(1.0),N_A,273,QFY,2023,2022,50_TO_100,OPR_PFTS_TO_SAL,0,2022-06-30,RPT,-0.005
RBI:RATIO_LNGNFC_SAL_QTR_RN(1.0),N_A,273,QFY,2023,2022,50_TO_100,SC_TO_SAL,0,2022-06-30,RPT,13.4015
RBI:RATIO_LNGNFC_SAL_QTR_RN(1.0),N_A,273,QFY,2023,2022,50_TO_100,TAX_PROV_TO_EBT,0,2022-06-30,RPT,21.4836
RBI:RATIO_LNGNFC_SAL_QTR_RN(1.0),N_A,2749,QFY,2023,2022,ALL_COMP,CORM_TO_SAL,0,2022-06-30,RPT,56.2346
RBI:RATIO_LNGNFC_SAL_QTR_RN(1.0),N_A,2749,QFY,2023,2022,ALL_COMP,CSH_CVG_RATIO,0,2022-06-30,RPT,6.255649
RBI:RATIO_LNGNFC_SAL_QTR_RN(1.0),N_A,2749,QFY,2023,2022,ALL_COMP,EBITDA_TO_SAL,0,2022-06-30,RPT,17.3727
RBI:RATIO_LNGNFC_SAL_QTR_RN(1.0),N_A,2749,QFY,2023,2022,ALL_COMP,EBIT_TO_SAL,0,2022-06-30,RPT,13.6472
RBI:RATIO_LNGNFC_SAL_QTR_RN(1.0),N_A,2749,QFY,2023,2022,ALL_COMP,INT_BURDEN,0,2022-06-30,RPT,20.3493
RBI:RATIO_LNGNFC_SAL_QTR_RN(1.0),N_A,2749,QFY,2023,2022,ALL_COMP,INT_CVG,0,2022-06-30,RPT,4.914166
RBI:RATIO_LNGNFC_SAL_QTR_RN(1.0),N_A,2749,QFY,2023,2022,ALL_COMP,INT_TO_SAL,0,2022-06-30,RPT,2.7771
RBI:RATIO_LNGNFC_SAL_QTR_RN(1.0),N_A,2749,QFY,2023,2022,ALL_COMP,NET_PFT_TO_SAL,0,2022-06-30,RPT,8.3689
RBI:RATIO_LNGNFC_SAL_QTR_RN(1.0),N_A,2749,QFY,2023,2022,ALL_COMP,OPR_PFTS_TO_SAL,0,2022-06-30,RPT,15.345
RBI:RATIO_LNGNFC_SAL_QTR_RN(1.0),N_A,2749,QFY,2023,2022,ALL_COMP,OTH_INC_NET_PFT,0,2022-06-30,RPT,24.2288
RBI:RATIO_LNGNFC_SAL_QTR_RN(1.0),N_A,2749,QFY,2023,2022,ALL_COMP,SC_TO_SAL,0,2022-06-30,RPT,9.8687
RBI:RATIO_LNGNFC_SAL_QTR_RN(1.0),N_A,2749,QFY,2023,2022,ALL_COMP,TAX_PROV_TO_EBT,0,2022-06-30,RPT,23.8332
RBI:RATIO_LNGNFC_SAL_QTR_RN(1.0),N_A,611,QFY,2023,2022,LES_CLS_THAN_25,CORM_TO_SAL,0,2022-06-30,RPT,56.1152
RBI:RATIO_LNGNFC_SAL_QTR_RN(1.0),N_A,611,QFY,2023,2022,LES_CLS_THAN_25,CSH_CVG_RATIO,0,2022-06-30,RPT,0.235235
RBI:RATIO_LNGNFC_SAL_QTR_RN(1.0),N_A,611,QFY,2023,2022,LES_CLS_THAN_25,EBITDA_TO_SAL,0,2022-06-30,RPT,3.4484
RBI:RATIO_LNGNFC_SAL_QTR_RN(1.0),N_A,611,QFY,2023,2022,LES_CLS_THAN_25,EBIT_TO_SAL,0,2022-06-30,RPT,-5.9232
RBI:RATIO_LNGNFC_SAL_QTR_RN(1.0),N_A,611,QFY,2023,2022,LES_CLS_THAN_25,INT_TO_SAL,0,2022-06-30,RPT,14.6594
RBI:RATIO_LNGNFC_SAL_QTR_RN(1.0),N_A,611,QFY,2023,2022,LES_CLS_THAN_25,NET_PFT_TO_SAL,0,2022-06-30,RPT,-19.2739
RBI:RATIO_LNGNFC_SAL_QTR_RN(1.0),N_A,611,QFY,2023,2022,LES_CLS_THAN_25,OPR_PFTS_TO_SAL,0,2022-06-30,RPT,-24.4951
RBI:RATIO_LNGNFC_SAL_QTR_RN(1.0),N_A,611,QFY,2023,2022,LES_CLS_THAN_25,SC_TO_SAL,0,2022-06-30,RPT,21.2395
RBI:RATIO_LNGNFC_SAL_QTR_RN(1.0),N_A,611,QFY,2023,2022,LES_CLS_THAN_25,TAX_PROV_TO_EBT,0,2022-06-30,RPT,16.3579
RBI:RATIO_LNGNFC_SAL_QTR_RN(1.0),N_A,648,QFY,2023,2022,100_N_ABOVE,CORM_TO_SAL,0,2022-09-30,RPT,53.5585
RBI:RATIO_LNGNFC_SAL_QTR_RN(1.0),N_A,648,QFY,2023,2022,100_N_ABOVE,CSH_CVG_RATIO,0,2022-09-30,RPT,6.517025
RBI:RATIO_LNGNFC_SAL_QTR_RN(1.0),N_A,648,QFY,2023,2022,100_N_ABOVE,EBITDA_TO_SAL,0,2022-09-30,RPT,16.8636
RBI:RATIO_LNGNFC_SAL_QTR_RN(1.0),N_A,648,QFY,2023,2022,100_N_ABOVE,EBIT_TO_SAL,0,2022-09-30,RPT,13.0509
RBI:RATIO_LNGNFC_SAL_QTR_RN(1.0),N_A,648,QFY,2023,2022,100_N_ABOVE,INT_BURDEN,0,2022-09-30,RPT,19.8271
RBI:RATIO_LNGNFC_SAL_QTR_RN(1.0),N_A,648,QFY,2023,2022,100_N_ABOVE,INT_CVG,0,2022-09-30,RPT,5.04359
RBI:RATIO_LNGNFC_SAL_QTR_RN(1.0),N_A,648,QFY,2023,2022,100_N_ABOVE,INT_TO_SAL,0,2022-09-30,RPT,2.5876
RBI:RATIO_LNGNFC_SAL_QTR_RN(1.0),N_A,648,QFY,2023,2022,100_N_ABOVE,NET_PFT_TO_SAL,0,2022-09-30,RPT,7.7189
RBI:RATIO_LNGNFC_SAL_QTR_RN(1.0),N_A,648,QFY,2023,2022,100_N_ABOVE,OPR_PFTS_TO_SAL,0,2022-09-30,RPT,13.8344
RBI:RATIO_LNGNFC_SAL_QTR_RN(1.0),N_A,648,QFY,2023,2022,100_N_ABOVE,OTH_INC_NET_PFT,0,2022-09-30,RPT,39.2438
RBI:RATIO_LNGNFC_SAL_QTR_RN(1.0),N_A,648,QFY,2023,2022,100_N_ABOVE,SC_TO_SAL,0,2022-09-30,RPT,10.1551
RBI:RATIO_LNGNFC_SAL_QTR_RN(1.0),N_A,648,QFY,2023,2022,100_N_ABOVE,TAX_PROV_TO_EBT,0,2022-09-30,RPT,21.8726
RBI:RATIO_LNGNFC_SAL_QTR_RN(1.0),N_A,702,QFY,2023,2022,100_TO_500,CORM_TO_SAL,0,2022-09-30,RPT,54.439
RBI:RATIO_LNGNFC_SAL_QTR_RN(1.0),N_A,702,QFY,2023,2022,100_TO_500,CSH_CVG_RATIO,0,2022-09-30,RPT,2.961359
RBI:RATIO_LNGNFC_SAL_QTR_RN(1.0),N_A,702,QFY,2023,2022,100_TO_500,EBITDA_TO_SAL,0,2022-09-30,RPT,12.638
RBI:RATIO_LNGNFC_SAL_QTR_RN(1.0),N_A,702,QFY,2023,2022,100_TO_500,EBIT_TO_SAL,0,2022-09-30,RPT,9.3124
RBI:RATIO_LNGNFC_SAL_QTR_RN(1.0),N_A,702,QFY,2023,2022,100_TO_500,INT_BURDEN,0,2022-09-30,RPT,45.8275
RBI:RATIO_LNGNFC_SAL_QTR_RN(1.0),N_A,702,QFY,2023,2022,100_TO_500,INT_CVG,0,2022-09-30,RPT,2.182095
RBI:RATIO_LNGNFC_SAL_QTR_RN(1.0),N_A,702,QFY,2023,2022,100_TO_500,INT_TO_SAL,0,2022-09-30,RPT,4.2677
RBI:RATIO_LNGNFC_SAL_QTR_RN(1.0),N_A,702,QFY,2023,2022,100_TO_500,NET_PFT_TO_SAL,0,2022-09-30,RPT,0.039
RBI:RATIO_LNGNFC_SAL_QTR_RN(1.0),N_A,702,QFY,2023,2022,100_TO_500,OPR_PFTS_TO_SAL,0,2022-09-30,RPT,8.1744
RBI:RATIO_LNGNFC_SAL_QTR_RN(1.0),N_A,702,QFY,2023,2022,100_TO_500,SC_TO_SAL,0,2022-09-30,RPT,11.9416
RBI:RATIO_LNGNFC_SAL_QTR_RN(1.0),N_A,702,QFY,2023,2022,100_TO_500,TAX_PROV_TO_EBT,0,2022-09-30,RPT,19.9944
RBI:RATIO_LNGNFC_SAL_QTR_RN(1.0),N_A,204,QFY,2023,2022,25_TO_50,CORM_TO_SAL,0,2022-09-30,RPT,54.4839
RBI:RATIO_LNGNFC_SAL_QTR_RN(1.0),N_A,204,QFY,2023,2022,25_TO_50,CSH_CVG_RATIO,0,2022-09-30,RPT,0.221868
RBI:RATIO_LNGNFC_SAL_QTR_RN(1.0),N_A,204,QFY,2023,2022,25_TO_50,EBITDA_TO_SAL,0,2022-09-30,RPT,10.4791
RBI:RATIO_LNGNFC_SAL_QTR_RN(1.0),N_A,204,QFY,2023,2022,25_TO_50,EBIT_TO_SAL,0,2022-09-30,RPT,4.6203
RBI:RATIO_LNGNFC_SAL_QTR_RN(1.0),N_A,204,QFY,2023,2022,25_TO_50,INT_CVG,0,2022-09-30,RPT,0.097823
RBI:RATIO_LNGNFC_SAL_QTR_RN(1.0),N_A,204,QFY,2023,2022,25_TO_50,INT_TO_SAL,0,2022-09-30,RPT,47.2315
RBI:RATIO_LNGNFC_SAL_QTR_RN(1.0),N_A,204,QFY,2023,2022,25_TO_50,NET_PFT_TO_SAL,0,2022-09-30,RPT,-44.4086
RBI:RATIO_LNGNFC_SAL_QTR_RN(1.0),N_A,204,QFY,2023,2022,25_TO_50,OPR_PFTS_TO_SAL,0,2022-09-30,RPT,1.3876
RBI:RATIO_LNGNFC_SAL_QTR_RN(1.0),N_A,204,QFY,2023,2022,25_TO_50,SC_TO_SAL,0,2022-09-30,RPT,14.3636
RBI:RATIO_LNGNFC_SAL_QTR_RN(1.0),N_A,204,QFY,2023,2022,25_TO_50,TAX_PROV_TO_EBT,0,2022-09-30,RPT,15.6241
RBI:RATIO_LNGNFC_SAL_QTR_RN(1.0),N_A,273,QFY,2023,2022,500_TO_1000,CORM_TO_SAL,0,2022-09-30,RPT,58.8891
RBI:RATIO_LNGNFC_SAL_QTR_RN(1.0),N_A,273,QFY,2023,2022,500_TO_1000,CSH_CVG_RATIO,0,2022-09-30,RPT,3.351649
RBI:RATIO_LNGNFC_SAL_QTR_RN(1.0),N_A,273,QFY,2023,2022,500_TO_1000,EBITDA_TO_SAL,0,2022-09-30,RPT,14.0836
RBI:RATIO_LNGNFC_SAL_QTR_RN(1.0),N_A,273,QFY,2023,2022,500_TO_1000,EBIT_TO_SAL,0,2022-09-30,RPT,10.8543
RBI:RATIO_LNGNFC_SAL_QTR_RN(1.0),N_A,273,QFY,2023,2022,500_TO_1000,INT_BURDEN,0,2022-09-30,RPT,38.7129
RBI:RATIO_LNGNFC_SAL_QTR_RN(1.0),N_A,273,QFY,2023,2022,500_TO_1000,INT_CVG,0,2022-09-30,RPT,2.583119
RBI:RATIO_LNGNFC_SAL_QTR_RN(1.0),N_A,273,QFY,2023,2022,500_TO_1000,INT_TO_SAL,0,2022-09-30,RPT,4.202
RBI:RATIO_LNGNFC_SAL_QTR_RN(1.0),N_A,273,QFY,2023,2022,500_TO_1000,NET_PFT_TO_SAL,0,2022-09-30,RPT,4.7971
RBI:RATIO_LNGNFC_SAL_QTR_RN(1.0),N_A,273,QFY,2023,2022,500_TO_1000,OPR_PFTS_TO_SAL,0,2022-09-30,RPT,10.2425
RBI:RATIO_LNGNFC_SAL_QTR_RN(1.0),N_A,273,QFY,2023,2022,500_TO_1000,OTH_INC_NET_PFT,0,2022-09-30,RPT,80.072
RBI:RATIO_LNGNFC_SAL_QTR_RN(1.0),N_A,273,QFY,2023,2022,500_TO_1000,SC_TO_SAL,0,2022-09-30,RPT,9.3089
RBI:RATIO_LNGNFC_SAL_QTR_RN(1.0),N_A,273,QFY,2023,2022,500_TO_1000,TAX_PROV_TO_EBT,0,2022-09-30,RPT,21.443
RBI:RATIO_LNGNFC_SAL_QTR_RN(1.0),N_A,293,QFY,2023,2022,50_TO_100,CORM_TO_SAL,0,2022-09-30,RPT,53.4275
RBI:RATIO_LNGNFC_SAL_QTR_RN(1.0),N_A,293,QFY,2023,2022,50_TO_100,CSH_CVG_RATIO,0,2022-09-30,RPT,1.599907
RBI:RATIO_LNGNFC_SAL_QTR_RN(1.0),N_A,293,QFY,2023,2022,50_TO_100,EBITDA_TO_SAL,0,2022-09-30,RPT,13.6334
RBI:RATIO_LNGNFC_SAL_QTR_RN(1.0),N_A,293,QFY,2023,2022,50_TO_100,EBIT_TO_SAL,0,2022-09-30,RPT,8.9169
RBI:RATIO_LNGNFC_SAL_QTR_RN(1.0),N_A,293,QFY,2023,2022,50_TO_100,INT_BURDEN,0,2022-09-30,RPT,95.5642
RBI:RATIO_LNGNFC_SAL_QTR_RN(1.0),N_A,293,QFY,2023,2022,50_TO_100,INT_CVG,0,2022-09-30,RPT,1.046417
RBI:RATIO_LNGNFC_SAL_QTR_RN(1.0),N_A,293,QFY,2023,2022,50_TO_100,INT_TO_SAL,0,2022-09-30,RPT,8.5214
RBI:RATIO_LNGNFC_SAL_QTR_RN(1.0),N_A,293,QFY,2023,2022,50_TO_100,NET_PFT_TO_SAL,0,2022-09-30,RPT,-2.1048
RBI:RATIO_LNGNFC_SAL_QTR_RN(1.0),N_A,293,QFY,2023,2022,50_TO_100,OPR_PFTS_TO_SAL,0,2022-09-30,RPT,7.8333
RBI:RATIO_LNGNFC_SAL_QTR_RN(1.0),N_A,293,QFY,2023,2022,50_TO_100,SC_TO_SAL,0,2022-09-30,RPT,13.9861
RBI:RATIO_LNGNFC_SAL_QTR_RN(1.0),N_A,293,QFY,2023,2022,50_TO_100,TAX_PROV_TO_EBT,0,2022-09-30,RPT,19.6516
RBI:RATIO_LNGNFC_SAL_QTR_RN(1.0),N_A,2740,QFY,2023,2022,ALL_COMP,CORM_TO_SAL,0,2022-09-30,RPT,53.7885
RBI:RATIO_LNGNFC_SAL_QTR_RN(1.0),N_A,2740,QFY,2023,2022,ALL_COMP,CSH_CVG_RATIO,0,2022-09-30,RPT,5.959565
RBI:RATIO_LNGNFC_SAL_QTR_RN(1.0),N_A,2740,QFY,2023,2022,ALL_COMP,EBITDA_TO_SAL,0,2022-09-30,RPT,16.621
RBI:RATIO_LNGNFC_SAL_QTR_RN(1.0),N_A,2740,QFY,2023,2022,ALL_COMP,EBIT_TO_SAL,0,2022-09-30,RPT,12.8322
RBI:RATIO_LNGNFC_SAL_QTR_RN(1.0),N_A,2740,QFY,2023,2022,ALL_COMP,INT_BURDEN,0,2022-09-30,RPT,21.7342
RBI:RATIO_LNGNFC_SAL_QTR_RN(1.0),N_A,2740,QFY,2023,2022,ALL_COMP,INT_CVG,0,2022-09-30,RPT,4.601037
RBI:RATIO_LNGNFC_SAL_QTR_RN(1.0),N_A,2740,QFY,2023,2022,ALL_COMP,INT_TO_SAL,0,2022-09-30,RPT,2.789
RBI:RATIO_LNGNFC_SAL_QTR_RN(1.0),N_A,2740,QFY,2023,2022,ALL_COMP,NET_PFT_TO_SAL,0,2022-09-30,RPT,7.2744
RBI:RATIO_LNGNFC_SAL_QTR_RN(1.0),N_A,2740,QFY,2023,2022,ALL_COMP,OPR_PFTS_TO_SAL,0,2022-09-30,RPT,13.4792
RBI:RATIO_LNGNFC_SAL_QTR_RN(1.0),N_A,2740,QFY,2023,2022,ALL_COMP,OTH_INC_NET_PFT,0,2022-09-30,RPT,43.1912
RBI:RATIO_LNGNFC_SAL_QTR_RN(1.0),N_A,2740,QFY,2023,2022,ALL_COMP,SC_TO_SAL,0,2022-09-30,RPT,10.2094
RBI:RATIO_LNGNFC_SAL_QTR_RN(1.0),N_A,2740,QFY,2023,2022,ALL_COMP,TAX_PROV_TO_EBT,0,2022-09-30,RPT,21.7954
RBI:RATIO_LNGNFC_SAL_QTR_RN(1.0),N_A,620,QFY,2023,2022,LES_CLS_THAN_25,CORM_TO_SAL,0,2022-09-30,RPT,59.9775
RBI:RATIO_LNGNFC_SAL_QTR_RN(1.0),N_A,620,QFY,2023,2022,LES_CLS_THAN_25,CSH_CVG_RATIO,0,2022-09-30,RPT,1.413404
RBI:RATIO_LNGNFC_SAL_QTR_RN(1.0),N_A,620,QFY,2023,2022,LES_CLS_THAN_25,EBITDA_TO_SAL,0,2022-09-30,RPT,23.4569
RBI:RATIO_LNGNFC_SAL_QTR_RN(1.0),N_A,620,QFY,2023,2022,LES_CLS_THAN_25,EBIT_TO_SAL,0,2022-09-30,RPT,13.1597
RBI:RATIO_LNGNFC_SAL_QTR_RN(1.0),N_A,620,QFY,2023,2022,LES_CLS_THAN_25,INT_BURDEN,0,2022-09-30,RPT,126.1121
RBI:RATIO_LNGNFC_SAL_QTR_RN(1.0),N_A,620,QFY,2023,2022,LES_CLS_THAN_25,INT_CVG,0,2022-09-30,RPT,0.792945
RBI:RATIO_LNGNFC_SAL_QTR_RN(1.0),N_A,620,QFY,2023,2022,LES_CLS_THAN_25,INT_TO_SAL,0,2022-09-30,RPT,16.596
RBI:RATIO_LNGNFC_SAL_QTR_RN(1.0),N_A,620,QFY,2023,2022,LES_CLS_THAN_25,NET_PFT_TO_SAL,0,2022-09-30,RPT,8.3444
RBI:RATIO_LNGNFC_SAL_QTR_RN(1.0),N_A,620,QFY,2023,2022,LES_CLS_THAN_25,OPR_PFTS_TO_SAL,0,2022-09-30,RPT,-5.093
RBI:RATIO_LNGNFC_SAL_QTR_RN(1.0),N_A,620,QFY,2023,2022,LES_CLS_THAN_25,SC_TO_SAL,0,2022-09-30,RPT,20.7107
RBI:RATIO_LNGNFC_SAL_QTR_RN(1.0),N_A,620,QFY,2023,2022,LES_CLS_THAN_25,TAX_PROV_TO_EBT,0,2022-09-30,RPT,13.8819
RBI:RATIO_LNGNFC_SAL_QTR_RN(1.0),N_A,656,QFY,2023,2022,100_N_ABOVE,CORM_TO_SAL,0,2022-12-31,RPT,53.0327
RBI:RATIO_LNGNFC_SAL_QTR_RN(1.0),N_A,656,QFY,2023,2022,100_N_ABOVE,CSH_CVG_RATIO,0,2022-12-31,RPT,6.500816
RBI:RATIO_LNGNFC_SAL_QTR_RN(1.0),N_A,656,QFY,2023,2022,100_N_ABOVE,EBITDA_TO_SAL,0,2022-12-31,RPT,17.6865
RBI:RATIO_LNGNFC_SAL_QTR_RN(1.0),N_A,656,QFY,2023,2022,100_N_ABOVE,EBIT_TO_SAL,0,2022-12-31,RPT,13.7574
RBI:RATIO_LNGNFC_SAL_QTR_RN(1.0),N_A,656,QFY,2023,2022,100_N_ABOVE,INT_BURDEN,0,2022-12-31,RPT,19.776
RBI:RATIO_LNGNFC_SAL_QTR_RN(1.0),N_A,656,QFY,2023,2022,100_N_ABOVE,INT_CVG,0,2022-12-31,RPT,5.056631
RBI:RATIO_LNGNFC_SAL_QTR_RN(1.0),N_A,656,QFY,2023,2022,100_N_ABOVE,INT_TO_SAL,0,2022-12-31,RPT,2.7207
RBI:RATIO_LNGNFC_SAL_QTR_RN(1.0),N_A,656,QFY,2023,2022,100_N_ABOVE,NET_PFT_TO_SAL,0,2022-12-31,RPT,7.4786
RBI:RATIO_LNGNFC_SAL_QTR_RN(1.0),N_A,656,QFY,2023,2022,100_N_ABOVE,OPR_PFTS_TO_SAL,0,2022-12-31,RPT,15.1094
RBI:RATIO_LNGNFC_SAL_QTR_RN(1.0),N_A,656,QFY,2023,2022,100_N_ABOVE,OTH_INC_NET_PFT,0,2022-12-31,RPT,34.4591
RBI:RATIO_LNGNFC_SAL_QTR_RN(1.0),N_A,656,QFY,2023,2022,100_N_ABOVE,SC_TO_SAL,0,2022-12-31,RPT,10.4009
RBI:RATIO_LNGNFC_SAL_QTR_RN(1.0),N_A,656,QFY,2023,2022,100_N_ABOVE,TAX_PROV_TO_EBT,0,2022-12-31,RPT,22.1824
RBI:RATIO_LNGNFC_SAL_QTR_RN(1.0),N_A,747,QFY,2023,2022,100_TO_500,CORM_TO_SAL,0,2022-12-31,RPT,55.5586
RBI:RATIO_LNGNFC_SAL_QTR_RN(1.0),N_A,747,QFY,2023,2022,100_TO_500,CSH_CVG_RATIO,0,2022-12-31,RPT,2.401465
RBI:RATIO_LNGNFC_SAL_QTR_RN(1.0),N_A,747,QFY,2023,2022,100_TO_500,EBITDA_TO_SAL,0,2022-12-31,RPT,14.1066
RBI:RATIO_LNGNFC_SAL_QTR_RN(1.0),N_A,747,QFY,2023,2022,100_TO_500,EBIT_TO_SAL,0,2022-12-31,RPT,10.6891
RBI:RATIO_LNGNFC_SAL_QTR_RN(1.0),N_A,747,QFY,2023,2022,100_TO_500,INT_BURDEN,0,2022-12-31,RPT,54.9548
RBI:RATIO_LNGNFC_SAL_QTR_RN(1.0),N_A,747,QFY,2023,2022,100_TO_500,INT_CVG,0,2022-12-31,RPT,1.819676
RBI:RATIO_LNGNFC_SAL_QTR_RN(1.0),N_A,747,QFY,2023,2022,100_TO_500,INT_TO_SAL,0,2022-12-31,RPT,5.8742
RBI:RATIO_LNGNFC_SAL_QTR_RN(1.0),N_A,747,QFY,2023,2022,100_TO_500,NET_PFT_TO_SAL,0,2022-12-31,RPT,3.2563
RBI:RATIO_LNGNFC_SAL_QTR_RN(1.0),N_A,747,QFY,2023,2022,100_TO_500,OPR_PFTS_TO_SAL,0,2022-12-31,RPT,10.3959
RBI:RATIO_LNGNFC_SAL_QTR_RN(1.0),N_A,747,QFY,2023,2022,100_TO_500,OTH_INC_NET_PFT,0,2022-12-31,RPT,113.9559
RBI:RATIO_LNGNFC_SAL_QTR_RN(1.0),N_A,747,QFY,2023,2022,100_TO_500,SC_TO_SAL,0,2022-12-31,RPT,12.3081
RBI:RATIO_LNGNFC_SAL_QTR_RN(1.0),N_A,747,QFY,2023,2022,100_TO_500,TAX_PROV_TO_EBT,0,2022-12-31,RPT,21.1682
RBI:RATIO_LNGNFC_SAL_QTR_RN(1.0),N_A,220,QFY,2023,2022,25_TO_50,CORM_TO_SAL,0,2022-12-31,RPT,53.4432
RBI:RATIO_LNGNFC_SAL_QTR_RN(1.0),N_A,220,QFY,2023,2022,25_TO_50,CSH_CVG_RATIO,0,2022-12-31,RPT,0.275232
RBI:RATIO_LNGNFC_SAL_QTR_RN(1.0),N_A,220,QFY,2023,2022,25_TO_50,EBITDA_TO_SAL,0,2022-12-31,RPT,1.9385
RBI:RATIO_LNGNFC_SAL_QTR_RN(1.0),N_A,220,QFY,2023,2022,25_TO_50,EBIT_TO_SAL,0,2022-12-31,RPT,-5.8666
RBI:RATIO_LNGNFC_SAL_QTR_RN(1.0),N_A,220,QFY,2023,2022,25_TO_50,INT_TO_SAL,0,2022-12-31,RPT,7.043
RBI:RATIO_LNGNFC_SAL_QTR_RN(1.0),N_A,220,QFY,2023,2022,25_TO_50,NET_PFT_TO_SAL,0,2022-12-31,RPT,-19.7029
RBI:RATIO_LNGNFC_SAL_QTR_RN(1.0),N_A,220,QFY,2023,2022,25_TO_50,OPR_PFTS_TO_SAL,0,2022-12-31,RPT,-5.9499
RBI:RATIO_LNGNFC_SAL_QTR_RN(1.0),N_A,220,QFY,2023,2022,25_TO_50,SC_TO_SAL,0,2022-12-31,RPT,14.3112
RBI:RATIO_LNGNFC_SAL_QTR_RN(1.0),N_A,220,QFY,2023,2022,25_TO_50,TAX_PROV_TO_EBT,0,2022-12-31,RPT,20.3681
RBI:RATIO_LNGNFC_SAL_QTR_RN(1.0),N_A,278,QFY,2023,2022,500_TO_1000,CORM_TO_SAL,0,2022-12-31,RPT,62.769
RBI:RATIO_LNGNFC_SAL_QTR_RN(1.0),N_A,278,QFY,2023,2022,500_TO_1000,CSH_CVG_RATIO,0,2022-12-31,RPT,2.970505
RBI:RATIO_LNGNFC_SAL_QTR_RN(1.0),N_A,278,QFY,2023,2022,500_TO_1000,EBITDA_TO_SAL,0,2022-12-31,RPT,13.4125
RBI:RATIO_LNGNFC_SAL_QTR_RN(1.0),N_A,278,QFY,2023,2022,500_TO_1000,EBIT_TO_SAL,0,2022-12-31,RPT,10.5053
RBI:RATIO_LNGNFC_SAL_QTR_RN(1.0),N_A,278,QFY,2023,2022,500_TO_1000,INT_BURDEN,0,2022-12-31,RPT,42.9804
RBI:RATIO_LNGNFC_SAL_QTR_RN(1.0),N_A,278,QFY,2023,2022,500_TO_1000,INT_CVG,0,2022-12-31,RPT,2.326644
RBI:RATIO_LNGNFC_SAL_QTR_RN(1.0),N_A,278,QFY,2023,2022,500_TO_1000,INT_TO_SAL,0,2022-12-31,RPT,4.5152
RBI:RATIO_LNGNFC_SAL_QTR_RN(1.0),N_A,278,QFY,2023,2022,500_TO_1000,NET_PFT_TO_SAL,0,2022-12-31,RPT,3.2643
RBI:RATIO_LNGNFC_SAL_QTR_RN(1.0),N_A,278,QFY,2023,2022,500_TO_1000,OPR_PFTS_TO_SAL,0,2022-12-31,RPT,9.4007
RBI:RATIO_LNGNFC_SAL_QTR_RN(1.0),N_A,278,QFY,2023,2022,500_TO_1000,OTH_INC_NET_PFT,0,2022-12-31,RPT,122.9015
RBI:RATIO_LNGNFC_SAL_QTR_RN(1.0),N_A,278,QFY,2023,2022,500_TO_1000,SC_TO_SAL,0,2022-12-31,RPT,9.6026
RBI:RATIO_LNGNFC_SAL_QTR_RN(1.0),N_A,278,QFY,2023,2022,500_TO_1000,TAX_PROV_TO_EBT,0,2022-12-31,RPT,21.6481
RBI:RATIO_LNGNFC_SAL_QTR_RN(1.0),N_A,255,QFY,2023,2022,50_TO_100,CORM_TO_SAL,0,2022-12-31,RPT,56.5581
RBI:RATIO_LNGNFC_SAL_QTR_RN(1.0),N_A,255,QFY,2023,2022,50_TO_100,CSH_CVG_RATIO,0,2022-12-31,RPT,2.585074
RBI:RATIO_LNGNFC_SAL_QTR_RN(1.0),N_A,255,QFY,2023,2022,50_TO_100,EBITDA_TO_SAL,0,2022-12-31,RPT,13.2438
RBI:RATIO_LNGNFC_SAL_QTR_RN(1.0),N_A,255,QFY,2023,2022,50_TO_100,EBIT_TO_SAL,0,2022-12-31,RPT,9.1912
RBI:RATIO_LNGNFC_SAL_QTR_RN(1.0),N_A,255,QFY,2023,2022,50_TO_100,INT_BURDEN,0,2022-12-31,RPT,55.7398
RBI:RATIO_LNGNFC_SAL_QTR_RN(1.0),N_A,255,QFY,2023,2022,50_TO_100,INT_CVG,0,2022-12-31,RPT,1.79405
RBI:RATIO_LNGNFC_SAL_QTR_RN(1.0),N_A,255,QFY,2023,2022,50_TO_100,INT_TO_SAL,0,2022-12-31,RPT,5.1232
RBI:RATIO_LNGNFC_SAL_QTR_RN(1.0),N_A,255,QFY,2023,2022,50_TO_100,NET_PFT_TO_SAL,0,2022-12-31,RPT,-1.1613
RBI:RATIO_LNGNFC_SAL_QTR_RN(1.0),N_A,255,QFY,2023,2022,50_TO_100,OPR_PFTS_TO_SAL,0,2022-12-31,RPT,7.9303
RBI:RATIO_LNGNFC_SAL_QTR_RN(1.0),N_A,255,QFY,2023,2022,50_TO_100,SC_TO_SAL,0,2022-12-31,RPT,13.8115
RBI:RATIO_LNGNFC_SAL_QTR_RN(1.0),N_A,255,QFY,2023,2022,50_TO_100,TAX_PROV_TO_EBT,0,2022-12-31,RPT,20.4261
RBI:RATIO_LNGNFC_SAL_QTR_RN(1.0),N_A,2779,QFY,2023,2022,ALL_COMP,CORM_TO_SAL,0,2022-12-31,RPT,53.5002
RBI:RATIO_LNGNFC_SAL_QTR_RN(1.0),N_A,2779,QFY,2023,2022,ALL_COMP,CSH_CVG_RATIO,0,2022-12-31,RPT,5.952322
RBI:RATIO_LNGNFC_SAL_QTR_RN(1.0),N_A,2779,QFY,2023,2022,ALL_COMP,EBITDA_TO_SAL,0,2022-12-31,RPT,17.3761
RBI:RATIO_LNGNFC_SAL_QTR_RN(1.0),N_A,2779,QFY,2023,2022,ALL_COMP,EBIT_TO_SAL,0,2022-12-31,RPT,13.4896
RBI:RATIO_LNGNFC_SAL_QTR_RN(1.0),N_A,2779,QFY,2023,2022,ALL_COMP,INT_BURDEN,0,2022-12-31,RPT,21.6405
RBI:RATIO_LNGNFC_SAL_QTR_RN(1.0),N_A,2779,QFY,2023,2022,ALL_COMP,INT_CVG,0,2022-12-31,RPT,4.620972
RBI:RATIO_LNGNFC_SAL_QTR_RN(1.0),N_A,2779,QFY,2023,2022,ALL_COMP,INT_TO_SAL,0,2022-12-31,RPT,2.9192
RBI:RATIO_LNGNFC_SAL_QTR_RN(1.0),N_A,2779,QFY,2023,2022,ALL_COMP,NET_PFT_TO_SAL,0,2022-12-31,RPT,7.1041
RBI:RATIO_LNGNFC_SAL_QTR_RN(1.0),N_A,2779,QFY,2023,2022,ALL_COMP,OPR_PFTS_TO_SAL,0,2022-12-31,RPT,14.673
RBI:RATIO_LNGNFC_SAL_QTR_RN(1.0),N_A,2779,QFY,2023,2022,ALL_COMP,OTH_INC_NET_PFT,0,2022-12-31,RPT,38.0488
RBI:RATIO_LNGNFC_SAL_QTR_RN(1.0),N_A,2779,QFY,2023,2022,ALL_COMP,SC_TO_SAL,0,2022-12-31,RPT,10.4613
RBI:RATIO_LNGNFC_SAL_QTR_RN(1.0),N_A,2779,QFY,2023,2022,ALL_COMP,TAX_PROV_TO_EBT,0,2022-12-31,RPT,22.1303
RBI:RATIO_LNGNFC_SAL_QTR_RN(1.0),N_A,623,QFY,2023,2022,LES_CLS_THAN_25,CORM_TO_SAL,0,2022-12-31,RPT,60.9461
RBI:RATIO_LNGNFC_SAL_QTR_RN(1.0),N_A,623,QFY,2023,2022,LES_CLS_THAN_25,CSH_CVG_RATIO,0,2022-12-31,RPT,0.380099
RBI:RATIO_LNGNFC_SAL_QTR_RN(1.0),N_A,623,QFY,2023,2022,LES_CLS_THAN_25,EBITDA_TO_SAL,0,2022-12-31,RPT,9.3473
RBI:RATIO_LNGNFC_SAL_QTR_RN(1.0),N_A,623,QFY,2023,2022,LES_CLS_THAN_25,EBIT_TO_SAL,0,2022-12-31,RPT,1.0805
RBI:RATIO_LNGNFC_SAL_QTR_RN(1.0),N_A,623,QFY,2023,2022,LES_CLS_THAN_25,INT_CVG,0,2022-12-31,RPT,0.043936
RBI:RATIO_LNGNFC_SAL_QTR_RN(1.0),N_A,623,QFY,2023,2022,LES_CLS_THAN_25,INT_TO_SAL,0,2022-12-31,RPT,24.5918
RBI:RATIO_LNGNFC_SAL_QTR_RN(1.0),N_A,623,QFY,2023,2022,LES_CLS_THAN_25,NET_PFT_TO_SAL,0,2022-12-31,RPT,-18.2174
RBI:RATIO_LNGNFC_SAL_QTR_RN(1.0),N_A,623,QFY,2023,2022,LES_CLS_THAN_25,OPR_PFTS_TO_SAL,0,2022-12-31,RPT,-18.6421
RBI:RATIO_LNGNFC_SAL_QTR_RN(1.0),N_A,623,QFY,2023,2022,LES_CLS_THAN_25,SC_TO_SAL,0,2022-12-31,RPT,21.8567
RBI:RATIO_LNGNFC_SAL_QTR_RN(1.0),N_A,623,QFY,2023,2022,LES_CLS_THAN_25,TAX_PROV_TO_EBT,0,2022-12-31,RPT,16.4035
RBI:RATIO_LNGNFC_SAL_QTR_RN(1.0),N_A,676,QFY,2023,2022,100_N_ABOVE,CORM_TO_SAL,0,2023-03-31,RPT,51.4075
RBI:RATIO_LNGNFC_SAL_QTR_RN(1.0),N_A,676,QFY,2023,2022,100_N_ABOVE,CSH_CVG_RATIO,0,2023-03-31,RPT,7.378919
RBI:RATIO_LNGNFC_SAL_QTR_RN(1.0),N_A,676,QFY,2023,2022,100_N_ABOVE,EBITDA_TO_SAL,0,2023-03-31,RPT,19.2745
RBI:RATIO_LNGNFC_SAL_QTR_RN(1.0),N_A,676,QFY,2023,2022,100_N_ABOVE,EBIT_TO_SAL,0,2023-03-31,RPT,15.4245
RBI:RATIO_LNGNFC_SAL_QTR_RN(1.0),N_A,676,QFY,2023,2022,100_N_ABOVE,INT_BURDEN,0,2023-03-31,RPT,16.9347
RBI:RATIO_LNGNFC_SAL_QTR_RN(1.0),N_A,676,QFY,2023,2022,100_N_ABOVE,INT_CVG,0,2023-03-31,RPT,5.905033
RBI:RATIO_LNGNFC_SAL_QTR_RN(1.0),N_A,676,QFY,2023,2022,100_N_ABOVE,INT_TO_SAL,0,2023-03-31,RPT,2.6121
RBI:RATIO_LNGNFC_SAL_QTR_RN(1.0),N_A,676,QFY,2023,2022,100_N_ABOVE,NET_PFT_TO_SAL,0,2023-03-31,RPT,10.2877
RBI:RATIO_LNGNFC_SAL_QTR_RN(1.0),N_A,676,QFY,2023,2022,100_N_ABOVE,OPR_PFTS_TO_SAL,0,2023-03-31,RPT,16.1605
RBI:RATIO_LNGNFC_SAL_QTR_RN(1.0),N_A,676,QFY,2023,2022,100_N_ABOVE,OTH_INC_NET_PFT,0,2023-03-31,RPT,30.2691
RBI:RATIO_LNGNFC_SAL_QTR_RN(1.0),N_A,676,QFY,2023,2022,100_N_ABOVE,SC_TO_SAL,0,2023-03-31,RPT,10.0882
RBI:RATIO_LNGNFC_SAL_QTR_RN(1.0),N_A,676,QFY,2023,2022,100_N_ABOVE,TAX_PROV_TO_EBT,0,2023-03-31,RPT,17.8981
RBI:RATIO_LNGNFC_SAL_QTR_RN(1.0),N_A,751,QFY,2023,2022,100_TO_500,CORM_TO_SAL,0,2023-03-31,RPT,53.1723
RBI:RATIO_LNGNFC_SAL_QTR_RN(1.0),N_A,751,QFY,2023,2022,100_TO_500,CSH_CVG_RATIO,0,2023-03-31,RPT,3.468864
RBI:RATIO_LNGNFC_SAL_QTR_RN(1.0),N_A,751,QFY,2023,2022,100_TO_500,EBITDA_TO_SAL,0,2023-03-31,RPT,13.0963
RBI:RATIO_LNGNFC_SAL_QTR_RN(1.0),N_A,751,QFY,2023,2022,100_TO_500,EBIT_TO_SAL,0,2023-03-31,RPT,9.9562
RBI:RATIO_LNGNFC_SAL_QTR_RN(1.0),N_A,751,QFY,2023,2022,100_TO_500,INT_BURDEN,0,2023-03-31,RPT,37.9201
RBI:RATIO_LNGNFC_SAL_QTR_RN(1.0),N_A,751,QFY,2023,2022,100_TO_500,INT_CVG,0,2023-03-31,RPT,2.637121
RBI:RATIO_LNGNFC_SAL_QTR_RN(1.0),N_A,751,QFY,2023,2022,100_TO_500,INT_TO_SAL,0,2023-03-31,RPT,3.7754
RBI:RATIO_LNGNFC_SAL_QTR_RN(1.0),N_A,751,QFY,2023,2022,100_TO_500,NET_PFT_TO_SAL,0,2023-03-31,RPT,-1.0094
RBI:RATIO_LNGNFC_SAL_QTR_RN(1.0),N_A,751,QFY,2023,2022,100_TO_500,OPR_PFTS_TO_SAL,0,2023-03-31,RPT,7.9034
RBI:RATIO_LNGNFC_SAL_QTR_RN(1.0),N_A,751,QFY,2023,2022,100_TO_500,SC_TO_SAL,0,2023-03-31,RPT,12.0998
RBI:RATIO_LNGNFC_SAL_QTR_RN(1.0),N_A,751,QFY,2023,2022,100_TO_500,TAX_PROV_TO_EBT,0,2023-03-31,RPT,19.8545
RBI:RATIO_LNGNFC_SAL_QTR_RN(1.0),N_A,201,QFY,2023,2022,25_TO_50,CORM_TO_SAL,0,2023-03-31,RPT,50.0301
RBI:RATIO_LNGNFC_SAL_QTR_RN(1.0),N_A,201,QFY,2023,2022,25_TO_50,CSH_CVG_RATIO,0,2023-03-31,RPT,0.748158
RBI:RATIO_LNGNFC_SAL_QTR_RN(1.0),N_A,201,QFY,2023,2022,25_TO_50,EBITDA_TO_SAL,0,2023-03-31,RPT,4.4171
RBI:RATIO_LNGNFC_SAL_QTR_RN(1.0),N_A,201,QFY,2023,2022,25_TO_50,EBIT_TO_SAL,0,2023-03-31,RPT,-3.1027
RBI:RATIO_LNGNFC_SAL_QTR_RN(1.0),N_A,201,QFY,2023,2022,25_TO_50,INT_TO_SAL,0,2023-03-31,RPT,5.904
RBI:RATIO_LNGNFC_SAL_QTR_RN(1.0),N_A,201,QFY,2023,2022,25_TO_50,NET_PFT_TO_SAL,0,2023-03-31,RPT,-3.2098
RBI:RATIO_LNGNFC_SAL_QTR_RN(1.0),N_A,201,QFY,2023,2022,25_TO_50,OPR_PFTS_TO_SAL,0,2023-03-31,RPT,-8.3399
RBI:RATIO_LNGNFC_SAL_QTR_RN(1.0),N_A,201,QFY,2023,2022,25_TO_50,SC_TO_SAL,0,2023-03-31,RPT,18.0318
RBI:RATIO_LNGNFC_SAL_QTR_RN(1.0),N_A,201,QFY,2023,2022,25_TO_50,TAX_PROV_TO_EBT,0,2023-03-31,RPT,25.0535
RBI:RATIO_LNGNFC_SAL_QTR_RN(1.0),N_A,276,QFY,2023,2022,500_TO_1000,CORM_TO_SAL,0,2023-03-31,RPT,59.0521
RBI:RATIO_LNGNFC_SAL_QTR_RN(1.0),N_A,276,QFY,2023,2022,500_TO_1000,CSH_CVG_RATIO,0,2023-03-31,RPT,3.475648
RBI:RATIO_LNGNFC_SAL_QTR_RN(1.0),N_A,276,QFY,2023,2022,500_TO_1000,EBITDA_TO_SAL,0,2023-03-31,RPT,13.0433
RBI:RATIO_LNGNFC_SAL_QTR_RN(1.0),N_A,276,QFY,2023,2022,500_TO_1000,EBIT_TO_SAL,0,2023-03-31,RPT,9.901
RBI:RATIO_LNGNFC_SAL_QTR_RN(1.0),N_A,276,QFY,2023,2022,500_TO_1000,INT_BURDEN,0,2023-03-31,RPT,37.9029
RBI:RATIO_LNGNFC_SAL_QTR_RN(1.0),N_A,276,QFY,2023,2022,500_TO_1000,INT_CVG,0,2023-03-31,RPT,2.638323
RBI:RATIO_LNGNFC_SAL_QTR_RN(1.0),N_A,276,QFY,2023,2022,500_TO_1000,INT_TO_SAL,0,2023-03-31,RPT,3.7528
RBI:RATIO_LNGNFC_SAL_QTR_RN(1.0),N_A,276,QFY,2023,2022,500_TO_1000,NET_PFT_TO_SAL,0,2023-03-31,RPT,-7.2055
RBI:RATIO_LNGNFC_SAL_QTR_RN(1.0),N_A,276,QFY,2023,2022,500_TO_1000,OPR_PFTS_TO_SAL,0,2023-03-31,RPT,9.5697
RBI:RATIO_LNGNFC_SAL_QTR_RN(1.0),N_A,276,QFY,2023,2022,500_TO_1000,SC_TO_SAL,0,2023-03-31,RPT,9.3053
RBI:RATIO_LNGNFC_SAL_QTR_RN(1.0),N_A,276,QFY,2023,2022,500_TO_1000,TAX_PROV_TO_EBT,0,2023-03-31,RPT,18.6236
RBI:RATIO_LNGNFC_SAL_QTR_RN(1.0),N_A,266,QFY,2023,2022,50_TO_100,CORM_TO_SAL,0,2023-03-31,RPT,51.767
RBI:RATIO_LNGNFC_SAL_QTR_RN(1.0),N_A,266,QFY,2023,2022,50_TO_100,CSH_CVG_RATIO,0,2023-03-31,RPT,0.142776
RBI:RATIO_LNGNFC_SAL_QTR_RN(1.0),N_A,266,QFY,2023,2022,50_TO_100,EBITDA_TO_SAL,0,2023-03-31,RPT,2.4578
RBI:RATIO_LNGNFC_SAL_QTR_RN(1.0),N_A,266,QFY,2023,2022,50_TO_100,EBIT_TO_SAL,0,2023-03-31,RPT,-1.4497
RBI:RATIO_LNGNFC_SAL_QTR_RN(1.0),N_A,266,QFY,2023,2022,50_TO_100,INT_TO_SAL,0,2023-03-31,RPT,17.2144
RBI:RATIO_LNGNFC_SAL_QTR_RN(1.0),N_A,266,QFY,2023,2022,50_TO_100,NET_PFT_TO_SAL,0,2023-03-31,RPT,-23.5765
RBI:RATIO_LNGNFC_SAL_QTR_RN(1.0),N_A,266,QFY,2023,2022,50_TO_100,OPR_PFTS_TO_SAL,0,2023-03-31,RPT,-5.2819
RBI:RATIO_LNGNFC_SAL_QTR_RN(1.0),N_A,266,QFY,2023,2022,50_TO_100,SC_TO_SAL,0,2023-03-31,RPT,13.2884
RBI:RATIO_LNGNFC_SAL_QTR_RN(1.0),N_A,266,QFY,2023,2022,50_TO_100,TAX_PROV_TO_EBT,0,2023-03-31,RPT,24.2254
RBI:RATIO_LNGNFC_SAL_QTR_RN(1.0),N_A,2774,QFY,2023,2022,ALL_COMP,CORM_TO_SAL,0,2023-03-31,RPT,51.7363
RBI:RATIO_LNGNFC_SAL_QTR_RN(1.0),N_A,2774,QFY,2023,2022,ALL_COMP,CSH_CVG_RATIO,0,2023-03-31,RPT,6.835356
RBI:RATIO_LNGNFC_SAL_QTR_RN(1.0),N_A,2774,QFY,2023,2022,ALL_COMP,EBITDA_TO_SAL,0,2023-03-31,RPT,18.7365
RBI:RATIO_LNGNFC_SAL_QTR_RN(1.0),N_A,2774,QFY,2023,2022,ALL_COMP,EBIT_TO_SAL,0,2023-03-31,RPT,14.9229
RBI:RATIO_LNGNFC_SAL_QTR_RN(1.0),N_A,2774,QFY,2023,2022,ALL_COMP,INT_BURDEN,0,2023-03-31,RPT,18.3685
RBI:RATIO_LNGNFC_SAL_QTR_RN(1.0),N_A,2774,QFY,2023,2022,ALL_COMP,INT_CVG,0,2023-03-31,RPT,5.444096
RBI:RATIO_LNGNFC_SAL_QTR_RN(1.0),N_A,2774,QFY,2023,2022,ALL_COMP,INT_TO_SAL,0,2023-03-31,RPT,2.7411
RBI:RATIO_LNGNFC_SAL_QTR_RN(1.0),N_A,2774,QFY,2023,2022,ALL_COMP,NET_PFT_TO_SAL,0,2023-03-31,RPT,9.2795
RBI:RATIO_LNGNFC_SAL_QTR_RN(1.0),N_A,2774,QFY,2023,2022,ALL_COMP,OPR_PFTS_TO_SAL,0,2023-03-31,RPT,15.4986
RBI:RATIO_LNGNFC_SAL_QTR_RN(1.0),N_A,2774,QFY,2023,2022,ALL_COMP,OTH_INC_NET_PFT,0,2023-03-31,RPT,34.8933
RBI:RATIO_LNGNFC_SAL_QTR_RN(1.0),N_A,2774,QFY,2023,2022,ALL_COMP,SC_TO_SAL,0,2023-03-31,RPT,10.1562
RBI:RATIO_LNGNFC_SAL_QTR_RN(1.0),N_A,2774,QFY,2023,2022,ALL_COMP,TAX_PROV_TO_EBT,0,2023-03-31,RPT,17.9872
RBI:RATIO_LNGNFC_SAL_QTR_RN(1.0),N_A,604,QFY,2023,2022,LES_CLS_THAN_25,CORM_TO_SAL,0,2023-03-31,RPT,58.4112
RBI:RATIO_LNGNFC_SAL_QTR_RN(1.0),N_A,604,QFY,2023,2022,LES_CLS_THAN_25,EBITDA_TO_SAL,0,2023-03-31,RPT,-59.7654
RBI:RATIO_LNGNFC_SAL_QTR_RN(1.0),N_A,604,QFY,2023,2022,LES_CLS_THAN_25,EBIT_TO_SAL,0,2023-03-31,RPT,-69.2183
RBI:RATIO_LNGNFC_SAL_QTR_RN(1.0),N_A,604,QFY,2023,2022,LES_CLS_THAN_25,INT_TO_SAL,0,2023-03-31,RPT,7.0511
RBI:RATIO_LNGNFC_SAL_QTR_RN(1.0),N_A,604,QFY,2023,2022,LES_CLS_THAN_25,NET_PFT_TO_SAL,0,2023-03-31,RPT,73.8258
RBI:RATIO_LNGNFC_SAL_QTR_RN(1.0),N_A,604,QFY,2023,2022,LES_CLS_THAN_25,OPR_PFTS_TO_SAL,0,2023-03-31,RPT,-86.8706
RBI:RATIO_LNGNFC_SAL_QTR_RN(1.0),N_A,604,QFY,2023,2022,LES_CLS_THAN_25,OTH_INC_NET_PFT,0,2023-03-31,RPT,36.7151
RBI:RATIO_LNGNFC_SAL_QTR_RN(1.0),N_A,604,QFY,2023,2022,LES_CLS_THAN_25,SC_TO_SAL,0,2023-03-31,RPT,24.3118
RBI:RATIO_LNGNFC_SAL_QTR_RN(1.0),N_A,604,QFY,2023,2022,LES_CLS_THAN_25,TAX_PROV_TO_EBT,0,2023-03-31,RPT,36.6667
RBI:RATIO_LNGNFC_SAL_QTR_RN(1.0),N_A,680,QFY,2024,2023,100_N_ABOVE,CORM_TO_SAL,0,2023-06-30,RPT,50.4549
RBI:RATIO_LNGNFC_SAL_QTR_RN(1.0),N_A,680,QFY,2024,2023,100_N_ABOVE,CSH_CVG_RATIO,0,2023-06-30,RPT,6.923357
RBI:RATIO_LNGNFC_SAL_QTR_RN(1.0),N_A,680,QFY,2024,2023,100_N_ABOVE,EBITDA_TO_SAL,0,2023-06-30,RPT,19.1866
RBI:RATIO_LNGNFC_SAL_QTR_RN(1.0),N_A,680,QFY,2024,2023,100_N_ABOVE,EBIT_TO_SAL,0,2023-06-30,RPT,15.2437
RBI:RATIO_LNGNFC_SAL_QTR_RN(1.0),N_A,680,QFY,2024,2023,100_N_ABOVE,INT_BURDEN,0,2023-06-30,RPT,18.1799
RBI:RATIO_LNGNFC_SAL_QTR_RN(1.0),N_A,680,QFY,2024,2023,100_N_ABOVE,INT_CVG,0,2023-06-30,RPT,5.500577
RBI:RATIO_LNGNFC_SAL_QTR_RN(1.0),N_A,680,QFY,2024,2023,100_N_ABOVE,INT_TO_SAL,0,2023-06-30,RPT,2.7713
RBI:RATIO_LNGNFC_SAL_QTR_RN(1.0),N_A,680,QFY,2024,2023,100_N_ABOVE,NET_PFT_TO_SAL,0,2023-06-30,RPT,9.7346
RBI:RATIO_LNGNFC_SAL_QTR_RN(1.0),N_A,680,QFY,2024,2023,100_N_ABOVE,OPR_PFTS_TO_SAL,0,2023-06-30,RPT,16.3471
RBI:RATIO_LNGNFC_SAL_QTR_RN(1.0),N_A,680,QFY,2024,2023,100_N_ABOVE,OTH_INC_NET_PFT,0,2023-06-30,RPT,29.1698
RBI:RATIO_LNGNFC_SAL_QTR_RN(1.0),N_A,680,QFY,2024,2023,100_N_ABOVE,SC_TO_SAL,0,2023-06-30,RPT,10.6709
RBI:RATIO_LNGNFC_SAL_QTR_RN(1.0),N_A,680,QFY,2024,2023,100_N_ABOVE,TAX_PROV_TO_EBT,0,2023-06-30,RPT,21.1835
RBI:RATIO_LNGNFC_SAL_QTR_RN(1.0),N_A,745,QFY,2024,2023,100_TO_500,CORM_TO_SAL,0,2023-06-30,RPT,53.1808
RBI:RATIO_LNGNFC_SAL_QTR_RN(1.0),N_A,745,QFY,2024,2023,100_TO_500,CSH_CVG_RATIO,0,2023-06-30,RPT,2.630947
RBI:RATIO_LNGNFC_SAL_QTR_RN(1.0),N_A,745,QFY,2024,2023,100_TO_500,EBITDA_TO_SAL,0,2023-06-30,RPT,14.7463
RBI:RATIO_LNGNFC_SAL_QTR_RN(1.0),N_A,745,QFY,2024,2023,100_TO_500,EBIT_TO_SAL,0,2023-06-30,RPT,11.2038
RBI:RATIO_LNGNFC_SAL_QTR_RN(1.0),N_A,745,QFY,2024,2023,100_TO_500,INT_BURDEN,0,2023-06-30,RPT,50.0271
RBI:RATIO_LNGNFC_SAL_QTR_RN(1.0),N_A,745,QFY,2024,2023,100_TO_500,INT_CVG,0,2023-06-30,RPT,1.998918
RBI:RATIO_LNGNFC_SAL_QTR_RN(1.0),N_A,745,QFY,2024,2023,100_TO_500,INT_TO_SAL,0,2023-06-30,RPT,5.6049
RBI:RATIO_LNGNFC_SAL_QTR_RN(1.0),N_A,745,QFY,2024,2023,100_TO_500,NET_PFT_TO_SAL,0,2023-06-30,RPT,0.3548
RBI:RATIO_LNGNFC_SAL_QTR_RN(1.0),N_A,745,QFY,2024,2023,100_TO_500,OPR_PFTS_TO_SAL,0,2023-06-30,RPT,10.4768
RBI:RATIO_LNGNFC_SAL_QTR_RN(1.0),N_A,745,QFY,2024,2023,100_TO_500,SC_TO_SAL,0,2023-06-30,RPT,12.9122
RBI:RATIO_LNGNFC_SAL_QTR_RN(1.0),N_A,745,QFY,2024,2023,100_TO_500,TAX_PROV_TO_EBT,0,2023-06-30,RPT,19.5188
RBI:RATIO_LNGNFC_SAL_QTR_RN(1.0),N_A,225,QFY,2024,2023,25_TO_50,CORM_TO_SAL,0,2023-06-30,RPT,56.0447
RBI:RATIO_LNGNFC_SAL_QTR_RN(1.0),N_A,225,QFY,2024,2023,25_TO_50,CSH_CVG_RATIO,0,2023-06-30,RPT,1.126351
RBI:RATIO_LNGNFC_SAL_QTR_RN(1.0),N_A,225,QFY,2024,2023,25_TO_50,EBITDA_TO_SAL,0,2023-06-30,RPT,9.6086
RBI:RATIO_LNGNFC_SAL_QTR_RN(1.0),N_A,225,QFY,2024,2023,25_TO_50,EBIT_TO_SAL,0,2023-06-30,RPT,3.7539
RBI:RATIO_LNGNFC_SAL_QTR_RN(1.0),N_A,225,QFY,2024,2023,25_TO_50,INT_CVG,0,2023-06-30,RPT,0.440049
RBI:RATIO_LNGNFC_SAL_QTR_RN(1.0),N_A,225,QFY,2024,2023,25_TO_50,INT_TO_SAL,0,2023-06-30,RPT,8.5307
RBI:RATIO_LNGNFC_SAL_QTR_RN(1.0),N_A,225,QFY,2024,2023,25_TO_50,NET_PFT_TO_SAL,0,2023-06-30,RPT,3.9303
RBI:RATIO_LNGNFC_SAL_QTR_RN(1.0),N_A,225,QFY,2024,2023,25_TO_50,OPR_PFTS_TO_SAL,0,2023-06-30,RPT,-4.243
RBI:RATIO_LNGNFC_SAL_QTR_RN(1.0),N_A,225,QFY,2024,2023,25_TO_50,SC_TO_SAL,0,2023-06-30,RPT,15.9146
RBI:RATIO_LNGNFC_SAL_QTR_RN(1.0),N_A,225,QFY,2024,2023,25_TO_50,TAX_PROV_TO_EBT,0,2023-06-30,RPT,30.764
RBI:RATIO_LNGNFC_SAL_QTR_RN(1.0),N_A,292,QFY,2024,2023,500_TO_1000,CORM_TO_SAL,0,2023-06-30,RPT,57.9305
RBI:RATIO_LNGNFC_SAL_QTR_RN(1.0),N_A,292,QFY,2024,2023,500_TO_1000,CSH_CVG_RATIO,0,2023-06-30,RPT,4.6425
RBI:RATIO_LNGNFC_SAL_QTR_RN(1.0),N_A,292,QFY,2024,2023,500_TO_1000,EBITDA_TO_SAL,0,2023-06-30,RPT,13.1769
RBI:RATIO_LNGNFC_SAL_QTR_RN(1.0),N_A,292,QFY,2024,2023,500_TO_1000,EBIT_TO_SAL,0,2023-06-30,RPT,9.9924
RBI:RATIO_LNGNFC_SAL_QTR_RN(1.0),N_A,292,QFY,2024,2023,500_TO_1000,INT_BURDEN,0,2023-06-30,RPT,28.4046
RBI:RATIO_LNGNFC_SAL_QTR_RN(1.0),N_A,292,QFY,2024,2023,500_TO_1000,INT_CVG,0,2023-06-30,RPT,3.520551
RBI:RATIO_LNGNFC_SAL_QTR_RN(1.0),N_A,292,QFY,2024,2023,500_TO_1000,INT_TO_SAL,0,2023-06-30,RPT,2.8383
RBI:RATIO_LNGNFC_SAL_QTR_RN(1.0),N_A,292,QFY,2024,2023,500_TO_1000,NET_PFT_TO_SAL,0,2023-06-30,RPT,5.3736
RBI:RATIO_LNGNFC_SAL_QTR_RN(1.0),N_A,292,QFY,2024,2023,500_TO_1000,OPR_PFTS_TO_SAL,0,2023-06-30,RPT,10.3575
RBI:RATIO_LNGNFC_SAL_QTR_RN(1.0),N_A,292,QFY,2024,2023,500_TO_1000,OTH_INC_NET_PFT,0,2023-06-30,RPT,52.4665
RBI:RATIO_LNGNFC_SAL_QTR_RN(1.0),N_A,292,QFY,2024,2023,500_TO_1000,SC_TO_SAL,0,2023-06-30,RPT,10.3543
RBI:RATIO_LNGNFC_SAL_QTR_RN(1.0),N_A,292,QFY,2024,2023,500_TO_1000,TAX_PROV_TO_EBT,0,2023-06-30,RPT,22.8409
RBI:RATIO_LNGNFC_SAL_QTR_RN(1.0),N_A,292,QFY,2024,2023,50_TO_100,CORM_TO_SAL,0,2023-06-30,RPT,52.643
RBI:RATIO_LNGNFC_SAL_QTR_RN(1.0),N_A,292,QFY,2024,2023,50_TO_100,CSH_CVG_RATIO,0,2023-06-30,RPT,3.403611
RBI:RATIO_LNGNFC_SAL_QTR_RN(1.0),N_A,292,QFY,2024,2023,50_TO_100,EBITDA_TO_SAL,0,2023-06-30,RPT,20.9507
RBI:RATIO_LNGNFC_SAL_QTR_RN(1.0),N_A,292,QFY,2024,2023,50_TO_100,EBIT_TO_SAL,0,2023-06-30,RPT,17.5119
RBI:RATIO_LNGNFC_SAL_QTR_RN(1.0),N_A,292,QFY,2024,2023,50_TO_100,INT_BURDEN,0,2023-06-30,RPT,35.1501
RBI:RATIO_LNGNFC_SAL_QTR_RN(1.0),N_A,292,QFY,2024,2023,50_TO_100,INT_CVG,0,2023-06-30,RPT,2.844946
RBI:RATIO_LNGNFC_SAL_QTR_RN(1.0),N_A,292,QFY,2024,2023,50_TO_100,INT_TO_SAL,0,2023-06-30,RPT,6.1554
RBI:RATIO_LNGNFC_SAL_QTR_RN(1.0),N_A,292,QFY,2024,2023,50_TO_100,NET_PFT_TO_SAL,0,2023-06-30,RPT,5.9715
RBI:RATIO_LNGNFC_SAL_QTR_RN(1.0),N_A,292,QFY,2024,2023,50_TO_100,OPR_PFTS_TO_SAL,0,2023-06-30,RPT,5.7442
RBI:RATIO_LNGNFC_SAL_QTR_RN(1.0),N_A,292,QFY,2024,2023,50_TO_100,SC_TO_SAL,0,2023-06-30,RPT,14.8836
RBI:RATIO_LNGNFC_SAL_QTR_RN(1.0),N_A,292,QFY,2024,2023,50_TO_100,TAX_PROV_TO_EBT,0,2023-06-30,RPT,21.0189
RBI:RATIO_LNGNFC_SAL_QTR_RN(1.0),N_A,2836,QFY,2024,2023,ALL_COMP,CORM_TO_SAL,0,2023-06-30,RPT,50.8439
RBI:RATIO_LNGNFC_SAL_QTR_RN(1.0),N_A,2836,QFY,2024,2023,ALL_COMP,CSH_CVG_RATIO,0,2023-06-30,RPT,6.502324
RBI:RATIO_LNGNFC_SAL_QTR_RN(1.0),N_A,2836,QFY,2024,2023,ALL_COMP,EBITDA_TO_SAL,0,2023-06-30,RPT,18.8289
RBI:RATIO_LNGNFC_SAL_QTR_RN(1.0),N_A,2836,QFY,2024,2023,ALL_COMP,EBIT_TO_SAL,0,2023-06-30,RPT,14.9199
RBI:RATIO_LNGNFC_SAL_QTR_RN(1.0),N_A,2836,QFY,2024,2023,ALL_COMP,INT_BURDEN,0,2023-06-30,RPT,19.4084
RBI:RATIO_LNGNFC_SAL_QTR_RN(1.0),N_A,2836,QFY,2024,2023,ALL_COMP,INT_CVG,0,2023-06-30,RPT,5.152405
RBI:RATIO_LNGNFC_SAL_QTR_RN(1.0),N_A,2836,QFY,2024,2023,ALL_COMP,INT_TO_SAL,0,2023-06-30,RPT,2.8957
RBI:RATIO_LNGNFC_SAL_QTR_RN(1.0),N_A,2836,QFY,2024,2023,ALL_COMP,NET_PFT_TO_SAL,0,2023-06-30,RPT,9.2529
RBI:RATIO_LNGNFC_SAL_QTR_RN(1.0),N_A,2836,QFY,2024,2023,ALL_COMP,OPR_PFTS_TO_SAL,0,2023-06-30,RPT,15.8585
RBI:RATIO_LNGNFC_SAL_QTR_RN(1.0),N_A,2836,QFY,2024,2023,ALL_COMP,OTH_INC_NET_PFT,0,2023-06-30,RPT,32.1025
RBI:RATIO_LNGNFC_SAL_QTR_RN(1.0),N_A,2836,QFY,2024,2023,ALL_COMP,SC_TO_SAL,0,2023-06-30,RPT,10.7626
RBI:RATIO_LNGNFC_SAL_QTR_RN(1.0),N_A,2836,QFY,2024,2023,ALL_COMP,TAX_PROV_TO_EBT,0,2023-06-30,RPT,21.1888
RBI:RATIO_LNGNFC_SAL_QTR_RN(1.0),N_A,602,QFY,2024,2023,LES_CLS_THAN_25,CORM_TO_SAL,0,2023-06-30,RPT,55.5198
RBI:RATIO_LNGNFC_SAL_QTR_RN(1.0),N_A,602,QFY,2024,2023,LES_CLS_THAN_25,CSH_CVG_RATIO,0,2023-06-30,RPT,1.098066
RBI:RATIO_LNGNFC_SAL_QTR_RN(1.0),N_A,602,QFY,2024,2023,LES_CLS_THAN_25,EBITDA_TO_SAL,0,2023-06-30,RPT,20.0393
RBI:RATIO_LNGNFC_SAL_QTR_RN(1.0),N_A,602,QFY,2024,2023,LES_CLS_THAN_25,EBIT_TO_SAL,0,2023-06-30,RPT,10.5013
RBI:RATIO_LNGNFC_SAL_QTR_RN(1.0),N_A,602,QFY,2024,2023,LES_CLS_THAN_25,INT_CVG,0,2023-06-30,RPT,0.575425
RBI:RATIO_LNGNFC_SAL_QTR_RN(1.0),N_A,602,QFY,2024,2023,LES_CLS_THAN_25,INT_TO_SAL,0,2023-06-30,RPT,18.2496
RBI:RATIO_LNGNFC_SAL_QTR_RN(1.0),N_A,602,QFY,2024,2023,LES_CLS_THAN_25,NET_PFT_TO_SAL,0,2023-06-30,RPT,-3.642
RBI:RATIO_LNGNFC_SAL_QTR_RN(1.0),N_A,602,QFY,2024,2023,LES_CLS_THAN_25,OPR_PFTS_TO_SAL,0,2023-06-30,RPT,-15.5181
RBI:RATIO_LNGNFC_SAL_QTR_RN(1.0),N_A,602,QFY,2024,2023,LES_CLS_THAN_25,SC_TO_SAL,0,2023-06-30,RPT,23.4775
RBI:RATIO_LNGNFC_SAL_QTR_RN(1.0),N_A,602,QFY,2024,2023,LES_CLS_THAN_25,TAX_PROV_TO_EBT,0,2023-06-30,RPT,18.0267
RBI:RATIO_LNGNFC_SAL_QTR_RN(1.0),N_A,690,QFY,2024,2023,100_N_ABOVE,CORM_TO_SAL,0,2023-09-30,RPT,50.8944
RBI:RATIO_LNGNFC_SAL_QTR_RN(1.0),N_A,690,QFY,2024,2023,100_N_ABOVE,CSH_CVG_RATIO,0,2023-09-30,RPT,7.280496
RBI:RATIO_LNGNFC_SAL_QTR_RN(1.0),N_A,690,QFY,2024,2023,100_N_ABOVE,EBITDA_TO_SAL,0,2023-09-30,RPT,19.6411
RBI:RATIO_LNGNFC_SAL_QTR_RN(1.0),N_A,690,QFY,2024,2023,100_N_ABOVE,EBIT_TO_SAL,0,2023-09-30,RPT,15.5954
RBI:RATIO_LNGNFC_SAL_QTR_RN(1.0),N_A,690,QFY,2024,2023,100_N_ABOVE,INT_BURDEN,0,2023-09-30,RPT,17.2986
RBI:RATIO_LNGNFC_SAL_QTR_RN(1.0),N_A,690,QFY,2024,2023,100_N_ABOVE,INT_CVG,0,2023-09-30,RPT,5.780821
RBI:RATIO_LNGNFC_SAL_QTR_RN(1.0),N_A,690,QFY,2024,2023,100_N_ABOVE,INT_TO_SAL,0,2023-09-30,RPT,2.6978
RBI:RATIO_LNGNFC_SAL_QTR_RN(1.0),N_A,690,QFY,2024,2023,100_N_ABOVE,NET_PFT_TO_SAL,0,2023-09-30,RPT,8.6861
RBI:RATIO_LNGNFC_SAL_QTR_RN(1.0),N_A,690,QFY,2024,2023,100_N_ABOVE,OPR_PFTS_TO_SAL,0,2023-09-30,RPT,16.5659
RBI:RATIO_LNGNFC_SAL_QTR_RN(1.0),N_A,690,QFY,2024,2023,100_N_ABOVE,OTH_INC_NET_PFT,0,2023-09-30,RPT,35.4043
RBI:RATIO_LNGNFC_SAL_QTR_RN(1.0),N_A,690,QFY,2024,2023,100_N_ABOVE,SC_TO_SAL,0,2023-09-30,RPT,10.5799
RBI:RATIO_LNGNFC_SAL_QTR_RN(1.0),N_A,690,QFY,2024,2023,100_N_ABOVE,TAX_PROV_TO_EBT,0,2023-09-30,RPT,20.9241
RBI:RATIO_LNGNFC_SAL_QTR_RN(1.0),N_A,742,QFY,2024,2023,100_TO_500,CORM_TO_SAL,0,2023-09-30,RPT,54.6224
RBI:RATIO_LNGNFC_SAL_QTR_RN(1.0),N_A,742,QFY,2024,2023,100_TO_500,CSH_CVG_RATIO,0,2023-09-30,RPT,3.333557
RBI:RATIO_LNGNFC_SAL_QTR_RN(1.0),N_A,742,QFY,2024,2023,100_TO_500,EBITDA_TO_SAL,0,2023-09-30,RPT,12.677
RBI:RATIO_LNGNFC_SAL_QTR_RN(1.0),N_A,742,QFY,2024,2023,100_TO_500,EBIT_TO_SAL,0,2023-09-30,RPT,9.2065
RBI:RATIO_LNGNFC_SAL_QTR_RN(1.0),N_A,742,QFY,2024,2023,100_TO_500,INT_BURDEN,0,2023-09-30,RPT,41.3059
RBI:RATIO_LNGNFC_SAL_QTR_RN(1.0),N_A,742,QFY,2024,2023,100_TO_500,INT_CVG,0,2023-09-30,RPT,2.420964
RBI:RATIO_LNGNFC_SAL_QTR_RN(1.0),N_A,742,QFY,2024,2023,100_TO_500,INT_TO_SAL,0,2023-09-30,RPT,3.8028
RBI:RATIO_LNGNFC_SAL_QTR_RN(1.0),N_A,742,QFY,2024,2023,100_TO_500,NET_PFT_TO_SAL,0,2023-09-30,RPT,2.1402
RBI:RATIO_LNGNFC_SAL_QTR_RN(1.0),N_A,742,QFY,2024,2023,100_TO_500,OPR_PFTS_TO_SAL,0,2023-09-30,RPT,8.243
RBI:RATIO_LNGNFC_SAL_QTR_RN(1.0),N_A,742,QFY,2024,2023,100_TO_500,SC_TO_SAL,0,2023-09-30,RPT,12.4434
RBI:RATIO_LNGNFC_SAL_QTR_RN(1.0),N_A,742,QFY,2024,2023,100_TO_500,TAX_PROV_TO_EBT,0,2023-09-30,RPT,19.4118
RBI:RATIO_LNGNFC_SAL_QTR_RN(1.0),N_A,226,QFY,2024,2023,25_TO_50,CORM_TO_SAL,0,2023-09-30,RPT,50.0182
RBI:RATIO_LNGNFC_SAL_QTR_RN(1.0),N_A,226,QFY,2024,2023,25_TO_50,CSH_CVG_RATIO,0,2023-09-30,RPT,2.881806
RBI:RATIO_LNGNFC_SAL_QTR_RN(1.0),N_A,226,QFY,2024,2023,25_TO_50,EBITDA_TO_SAL,0,2023-09-30,RPT,20.6664
RBI:RATIO_LNGNFC_SAL_QTR_RN(1.0),N_A,226,QFY,2024,2023,25_TO_50,EBIT_TO_SAL,0,2023-09-30,RPT,15.6553
RBI:RATIO_LNGNFC_SAL_QTR_RN(1.0),N_A,226,QFY,2024,2023,25_TO_50,INT_BURDEN,0,2023-09-30,RPT,45.8077
RBI:RATIO_LNGNFC_SAL_QTR_RN(1.0),N_A,226,QFY,2024,2023,25_TO_50,INT_CVG,0,2023-09-30,RPT,2.183037
RBI:RATIO_LNGNFC_SAL_QTR_RN(1.0),N_A,226,QFY,2024,2023,25_TO_50,INT_TO_SAL,0,2023-09-30,RPT,7.1713
RBI:RATIO_LNGNFC_SAL_QTR_RN(1.0),N_A,226,QFY,2024,2023,25_TO_50,NET_PFT_TO_SAL,0,2023-09-30,RPT,7.0266
RBI:RATIO_LNGNFC_SAL_QTR_RN(1.0),N_A,226,QFY,2024,2023,25_TO_50,OPR_PFTS_TO_SAL,0,2023-09-30,RPT,10.1919
RBI:RATIO_LNGNFC_SAL_QTR_RN(1.0),N_A,226,QFY,2024,2023,25_TO_50,OTH_INC_NET_PFT,0,2023-09-30,RPT,149.0681
RBI:RATIO_LNGNFC_SAL_QTR_RN(1.0),N_A,226,QFY,2024,2023,25_TO_50,SC_TO_SAL,0,2023-09-30,RPT,15.7663
RBI:RATIO_LNGNFC_SAL_QTR_RN(1.0),N_A,226,QFY,2024,2023,25_TO_50,TAX_PROV_TO_EBT,0,2023-09-30,RPT,11.8912
RBI:RATIO_LNGNFC_SAL_QTR_RN(1.0),N_A,292,QFY,2024,2023,500_TO_1000,CORM_TO_SAL,0,2023-09-30,RPT,55.2192
RBI:RATIO_LNGNFC_SAL_QTR_RN(1.0),N_A,292,QFY,2024,2023,500_TO_1000,CSH_CVG_RATIO,0,2023-09-30,RPT,3.804932
RBI:RATIO_LNGNFC_SAL_QTR_RN(1.0),N_A,292,QFY,2024,2023,500_TO_1000,EBITDA_TO_SAL,0,2023-09-30,RPT,14.4601
RBI:RATIO_LNGNFC_SAL_QTR_RN(1.0),N_A,292,QFY,2024,2023,500_TO_1000,EBIT_TO_SAL,0,2023-09-30,RPT,11.3398
RBI:RATIO_LNGNFC_SAL_QTR_RN(1.0),N_A,292,QFY,2024,2023,500_TO_1000,INT_BURDEN,0,2023-09-30,RPT,33.5134
RBI:RATIO_LNGNFC_SAL_QTR_RN(1.0),N_A,292,QFY,2024,2023,500_TO_1000,INT_CVG,0,2023-09-30,RPT,2.983884
RBI:RATIO_LNGNFC_SAL_QTR_RN(1.0),N_A,292,QFY,2024,2023,500_TO_1000,INT_TO_SAL,0,2023-09-30,RPT,3.8004
RBI:RATIO_LNGNFC_SAL_QTR_RN(1.0),N_A,292,QFY,2024,2023,500_TO_1000,NET_PFT_TO_SAL,0,2023-09-30,RPT,5.5274
RBI:RATIO_LNGNFC_SAL_QTR_RN(1.0),N_A,292,QFY,2024,2023,500_TO_1000,OPR_PFTS_TO_SAL,0,2023-09-30,RPT,10.4636
RBI:RATIO_LNGNFC_SAL_QTR_RN(1.0),N_A,292,QFY,2024,2023,500_TO_1000,OTH_INC_NET_PFT,0,2023-09-30,RPT,72.3038
RBI:RATIO_LNGNFC_SAL_QTR_RN(1.0),N_A,292,QFY,2024,2023,500_TO_1000,SC_TO_SAL,0,2023-09-30,RPT,10.1108
RBI:RATIO_LNGNFC_SAL_QTR_RN(1.0),N_A,292,QFY,2024,2023,500_TO_1000,TAX_PROV_TO_EBT,0,2023-09-30,RPT,20.2289
RBI:RATIO_LNGNFC_SAL_QTR_RN(1.0),N_A,307,QFY,2024,2023,50_TO_100,CORM_TO_SAL,0,2023-09-30,RPT,53.0502
RBI:RATIO_LNGNFC_SAL_QTR_RN(1.0),N_A,307,QFY,2024,2023,50_TO_100,CSH_CVG_RATIO,0,2023-09-30,RPT,0.674395
RBI:RATIO_LNGNFC_SAL_QTR_RN(1.0),N_A,307,QFY,2024,2023,50_TO_100,EBITDA_TO_SAL,0,2023-09-30,RPT,11.5843
RBI:RATIO_LNGNFC_SAL_QTR_RN(1.0),N_A,307,QFY,2024,2023,50_TO_100,EBIT_TO_SAL,0,2023-09-30,RPT,7.2744
RBI:RATIO_LNGNFC_SAL_QTR_RN(1.0),N_A,307,QFY,2024,2023,50_TO_100,INT_CVG,0,2023-09-30,RPT,0.423487
RBI:RATIO_LNGNFC_SAL_QTR_RN(1.0),N_A,307,QFY,2024,2023,50_TO_100,INT_TO_SAL,0,2023-09-30,RPT,17.1773
RBI:RATIO_LNGNFC_SAL_QTR_RN(1.0),N_A,307,QFY,2024,2023,50_TO_100,NET_PFT_TO_SAL,0,2023-09-30,RPT,-8.8005
RBI:RATIO_LNGNFC_SAL_QTR_RN(1.0),N_A,307,QFY,2024,2023,50_TO_100,OPR_PFTS_TO_SAL,0,2023-09-30,RPT,3.0384
RBI:RATIO_LNGNFC_SAL_QTR_RN(1.0),N_A,307,QFY,2024,2023,50_TO_100,SC_TO_SAL,0,2023-09-30,RPT,15.7997
RBI:RATIO_LNGNFC_SAL_QTR_RN(1.0),N_A,307,QFY,2024,2023,50_TO_100,TAX_PROV_TO_EBT,0,2023-09-30,RPT,18.7366
RBI:RATIO_LNGNFC_SAL_QTR_RN(1.0),N_A,2835,QFY,2024,2023,ALL_COMP,CORM_TO_SAL,0,2023-09-30,RPT,51.1742
RBI:RATIO_LNGNFC_SAL_QTR_RN(1.0),N_A,2835,QFY,2024,2023,ALL_COMP,CSH_CVG_RATIO,0,2023-09-30,RPT,6.768579
RBI:RATIO_LNGNFC_SAL_QTR_RN(1.0),N_A,2835,QFY,2024,2023,ALL_COMP,EBITDA_TO_SAL,0,2023-09-30,RPT,19.2345
RBI:RATIO_LNGNFC_SAL_QTR_RN(1.0),N_A,2835,QFY,2024,2023,ALL_COMP,EBIT_TO_SAL,0,2023-09-30,RPT,15.2318
RBI:RATIO_LNGNFC_SAL_QTR_RN(1.0),N_A,2835,QFY,2024,2023,ALL_COMP,INT_BURDEN,0,2023-09-30,RPT,18.6566
RBI:RATIO_LNGNFC_SAL_QTR_RN(1.0),N_A,2835,QFY,2024,2023,ALL_COMP,INT_CVG,0,2023-09-30,RPT,5.36003
RBI:RATIO_LNGNFC_SAL_QTR_RN(1.0),N_A,2835,QFY,2024,2023,ALL_COMP,INT_TO_SAL,0,2023-09-30,RPT,2.8417
RBI:RATIO_LNGNFC_SAL_QTR_RN(1.0),N_A,2835,QFY,2024,2023,ALL_COMP,NET_PFT_TO_SAL,0,2023-09-30,RPT,8.3034
RBI:RATIO_LNGNFC_SAL_QTR_RN(1.0),N_A,2835,QFY,2024,2023,ALL_COMP,OPR_PFTS_TO_SAL,0,2023-09-30,RPT,16.0228
RBI:RATIO_LNGNFC_SAL_QTR_RN(1.0),N_A,2835,QFY,2024,2023,ALL_COMP,OTH_INC_NET_PFT,0,2023-09-30,RPT,38.6793
RBI:RATIO_LNGNFC_SAL_QTR_RN(1.0),N_A,2835,QFY,2024,2023,ALL_COMP,SC_TO_SAL,0,2023-09-30,RPT,10.655
RBI:RATIO_LNGNFC_SAL_QTR_RN(1.0),N_A,2835,QFY,2024,2023,ALL_COMP,TAX_PROV_TO_EBT,0,2023-09-30,RPT,20.8214
RBI:RATIO_LNGNFC_SAL_QTR_RN(1.0),N_A,578,QFY,2024,2023,LES_CLS_THAN_25,CORM_TO_SAL,0,2023-09-30,RPT,51.9134
RBI:RATIO_LNGNFC_SAL_QTR_RN(1.0),N_A,578,QFY,2024,2023,LES_CLS_THAN_25,CSH_CVG_RATIO,0,2023-09-30,RPT,1.670749
RBI:RATIO_LNGNFC_SAL_QTR_RN(1.0),N_A,578,QFY,2024,2023,LES_CLS_THAN_25,EBITDA_TO_SAL,0,2023-09-30,RPT,33.9097
RBI:RATIO_LNGNFC_SAL_QTR_RN(1.0),N_A,578,QFY,2024,2023,LES_CLS_THAN_25,EBIT_TO_SAL,0,2023-09-30,RPT,24.6576
RBI:RATIO_LNGNFC_SAL_QTR_RN(1.0),N_A,578,QFY,2024,2023,LES_CLS_THAN_25,INT_BURDEN,0,2023-09-30,RPT,82.312
RBI:RATIO_LNGNFC_SAL_QTR_RN(1.0),N_A,578,QFY,2024,2023,LES_CLS_THAN_25,INT_CVG,0,2023-09-30,RPT,1.21489
RBI:RATIO_LNGNFC_SAL_QTR_RN(1.0),N_A,578,QFY,2024,2023,LES_CLS_THAN_25,INT_TO_SAL,0,2023-09-30,RPT,20.2961
RBI:RATIO_LNGNFC_SAL_QTR_RN(1.0),N_A,578,QFY,2024,2023,LES_CLS_THAN_25,NET_PFT_TO_SAL,0,2023-09-30,RPT,-3.5612
RBI:RATIO_LNGNFC_SAL_QTR_RN(1.0),N_A,578,QFY,2024,2023,LES_CLS_THAN_25,OPR_PFTS_TO_SAL,0,2023-09-30,RPT,-14.885
RBI:RATIO_LNGNFC_SAL_QTR_RN(1.0),N_A,578,QFY,2024,2023,LES_CLS_THAN_25,SC_TO_SAL,0,2023-09-30,RPT,22.6431
RBI:RATIO_LNGNFC_SAL_QTR_RN(1.0),N_A,578,QFY,2024,2023,LES_CLS_THAN_25,TAX_PROV_TO_EBT,0,2023-09-30,RPT,5.5281
RBI:RATIO_LNGNFC_SAL_QTR_RN(1.0),N_A,687,QFY,2024,2023,100_N_ABOVE,CORM_TO_SAL,0,2023-12-31,RPT,51.8415
RBI:RATIO_LNGNFC_SAL_QTR_RN(1.0),N_A,687,QFY,2024,2023,100_N_ABOVE,CSH_CVG_RATIO,0,2023-12-31,RPT,7.347297
RBI:RATIO_LNGNFC_SAL_QTR_RN(1.0),N_A,687,QFY,2024,2023,100_N_ABOVE,EBITDA_TO_SAL,0,2023-12-31,RPT,19.4695
RBI:RATIO_LNGNFC_SAL_QTR_RN(1.0),N_A,687,QFY,2024,2023,100_N_ABOVE,EBIT_TO_SAL,0,2023-12-31,RPT,15.3491
RBI:RATIO_LNGNFC_SAL_QTR_RN(1.0),N_A,687,QFY,2024,2023,100_N_ABOVE,INT_BURDEN,0,2023-12-31,RPT,17.2641
RBI:RATIO_LNGNFC_SAL_QTR_RN(1.0),N_A,687,QFY,2024,2023,100_N_ABOVE,INT_CVG,0,2023-12-31,RPT,5.792353
RBI:RATIO_LNGNFC_SAL_QTR_RN(1.0),N_A,687,QFY,2024,2023,100_N_ABOVE,INT_TO_SAL,0,2023-12-31,RPT,2.6499
RBI:RATIO_LNGNFC_SAL_QTR_RN(1.0),N_A,687,QFY,2024,2023,100_N_ABOVE,NET_PFT_TO_SAL,0,2023-12-31,RPT,10.0791
RBI:RATIO_LNGNFC_SAL_QTR_RN(1.0),N_A,687,QFY,2024,2023,100_N_ABOVE,OPR_PFTS_TO_SAL,0,2023-12-31,RPT,16.9828
RBI:RATIO_LNGNFC_SAL_QTR_RN(1.0),N_A,687,QFY,2024,2023,100_N_ABOVE,OTH_INC_NET_PFT,0,2023-12-31,RPT,24.6725
RBI:RATIO_LNGNFC_SAL_QTR_RN(1.0),N_A,687,QFY,2024,2023,100_N_ABOVE,SC_TO_SAL,0,2023-12-31,RPT,10.5611
RBI:RATIO_LNGNFC_SAL_QTR_RN(1.0),N_A,687,QFY,2024,2023,100_N_ABOVE,TAX_PROV_TO_EBT,0,2023-12-31,RPT,20.3062
RBI:RATIO_LNGNFC_SAL_QTR_RN(1.0),N_A,756,QFY,2024,2023,100_TO_500,CORM_TO_SAL,0,2023-12-31,RPT,55.3485
RBI:RATIO_LNGNFC_SAL_QTR_RN(1.0),N_A,756,QFY,2024,2023,100_TO_500,CSH_CVG_RATIO,0,2023-12-31,RPT,2.740752
RBI:RATIO_LNGNFC_SAL_QTR_RN(1.0),N_A,756,QFY,2024,2023,100_TO_500,EBITDA_TO_SAL,0,2023-12-31,RPT,12.2194
RBI:RATIO_LNGNFC_SAL_QTR_RN(1.0),N_A,756,QFY,2024,2023,100_TO_500,EBIT_TO_SAL,0,2023-12-31,RPT,8.8184
RBI:RATIO_LNGNFC_SAL_QTR_RN(1.0),N_A,756,QFY,2024,2023,100_TO_500,INT_BURDEN,0,2023-12-31,RPT,50.558
RBI:RATIO_LNGNFC_SAL_QTR_RN(1.0),N_A,756,QFY,2024,2023,100_TO_500,INT_CVG,0,2023-12-31,RPT,1.977926
RBI:RATIO_LNGNFC_SAL_QTR_RN(1.0),N_A,756,QFY,2024,2023,100_TO_500,INT_TO_SAL,0,2023-12-31,RPT,4.4584
RBI:RATIO_LNGNFC_SAL_QTR_RN(1.0),N_A,756,QFY,2024,2023,100_TO_500,NET_PFT_TO_SAL,0,2023-12-31,RPT,-2.0332
RBI:RATIO_LNGNFC_SAL_QTR_RN(1.0),N_A,756,QFY,2024,2023,100_TO_500,OPR_PFTS_TO_SAL,0,2023-12-31,RPT,8.6805
RBI:RATIO_LNGNFC_SAL_QTR_RN(1.0),N_A,756,QFY,2024,2023,100_TO_500,SC_TO_SAL,0,2023-12-31,RPT,12.361
RBI:RATIO_LNGNFC_SAL_QTR_RN(1.0),N_A,756,QFY,2024,2023,100_TO_500,TAX_PROV_TO_EBT,0,2023-12-31,RPT,21.4495
RBI:RATIO_LNGNFC_SAL_QTR_RN(1.0),N_A,223,QFY,2024,2023,25_TO_50,CORM_TO_SAL,0,2023-12-31,RPT,53.3142
RBI:RATIO_LNGNFC_SAL_QTR_RN(1.0),N_A,223,QFY,2024,2023,25_TO_50,CSH_CVG_RATIO,0,2023-12-31,RPT,1.38337
RBI:RATIO_LNGNFC_SAL_QTR_RN(1.0),N_A,223,QFY,2024,2023,25_TO_50,EBITDA_TO_SAL,0,2023-12-31,RPT,12.4273
RBI:RATIO_LNGNFC_SAL_QTR_RN(1.0),N_A,223,QFY,2024,2023,25_TO_50,EBIT_TO_SAL,0,2023-12-31,RPT,6.3899
RBI:RATIO_LNGNFC_SAL_QTR_RN(1.0),N_A,223,QFY,2024,2023,25_TO_50,INT_BURDEN,0,2023-12-31,RPT,140.5868
RBI:RATIO_LNGNFC_SAL_QTR_RN(1.0),N_A,223,QFY,2024,2023,25_TO_50,INT_CVG,0,2023-12-31,RPT,0.711304
RBI:RATIO_LNGNFC_SAL_QTR_RN(1.0),N_A,223,QFY,2024,2023,25_TO_50,INT_TO_SAL,0,2023-12-31,RPT,8.9833
RBI:RATIO_LNGNFC_SAL_QTR_RN(1.0),N_A,223,QFY,2024,2023,25_TO_50,NET_PFT_TO_SAL,0,2023-12-31,RPT,5.8143
RBI:RATIO_LNGNFC_SAL_QTR_RN(1.0),N_A,223,QFY,2024,2023,25_TO_50,OPR_PFTS_TO_SAL,0,2023-12-31,RPT,0.375
RBI:RATIO_LNGNFC_SAL_QTR_RN(1.0),N_A,223,QFY,2024,2023,25_TO_50,SC_TO_SAL,0,2023-12-31,RPT,15.7581
RBI:RATIO_LNGNFC_SAL_QTR_RN(1.0),N_A,223,QFY,2024,2023,25_TO_50,TAX_PROV_TO_EBT,0,2023-12-31,RPT,16.5592
RBI:RATIO_LNGNFC_SAL_QTR_RN(1.0),N_A,287,QFY,2024,2023,500_TO_1000,CORM_TO_SAL,0,2023-12-31,RPT,58.3613
RBI:RATIO_LNGNFC_SAL_QTR_RN(1.0),N_A,287,QFY,2024,2023,500_TO_1000,CSH_CVG_RATIO,0,2023-12-31,RPT,4.400562
RBI:RATIO_LNGNFC_SAL_QTR_RN(1.0),N_A,287,QFY,2024,2023,500_TO_1000,EBITDA_TO_SAL,0,2023-12-31,RPT,15.6338
RBI:RATIO_LNGNFC_SAL_QTR_RN(1.0),N_A,287,QFY,2024,2023,500_TO_1000,EBIT_TO_SAL,0,2023-12-31,RPT,12.2254
RBI:RATIO_LNGNFC_SAL_QTR_RN(1.0),N_A,287,QFY,2024,2023,500_TO_1000,INT_BURDEN,0,2023-12-31,RPT,29.0598
RBI:RATIO_LNGNFC_SAL_QTR_RN(1.0),N_A,287,QFY,2024,2023,500_TO_1000,INT_CVG,0,2023-12-31,RPT,3.441174
RBI:RATIO_LNGNFC_SAL_QTR_RN(1.0),N_A,287,QFY,2024,2023,500_TO_1000,INT_TO_SAL,0,2023-12-31,RPT,3.5527
RBI:RATIO_LNGNFC_SAL_QTR_RN(1.0),N_A,287,QFY,2024,2023,500_TO_1000,NET_PFT_TO_SAL,0,2023-12-31,RPT,7.1497
RBI:RATIO_LNGNFC_SAL_QTR_RN(1.0),N_A,287,QFY,2024,2023,500_TO_1000,OPR_PFTS_TO_SAL,0,2023-12-31,RPT,11.6517
RBI:RATIO_LNGNFC_SAL_QTR_RN(1.0),N_A,287,QFY,2024,2023,500_TO_1000,OTH_INC_NET_PFT,0,2023-12-31,RPT,55.6956
RBI:RATIO_LNGNFC_SAL_QTR_RN(1.0),N_A,287,QFY,2024,2023,500_TO_1000,SC_TO_SAL,0,2023-12-31,RPT,10.4248
RBI:RATIO_LNGNFC_SAL_QTR_RN(1.0),N_A,287,QFY,2024,2023,500_TO_1000,TAX_PROV_TO_EBT,0,2023-12-31,RPT,19.903
RBI:RATIO_LNGNFC_SAL_QTR_RN(1.0),N_A,305,QFY,2024,2023,50_TO_100,CORM_TO_SAL,0,2023-12-31,RPT,54.023
RBI:RATIO_LNGNFC_SAL_QTR_RN(1.0),N_A,305,QFY,2024,2023,50_TO_100,CSH_CVG_RATIO,0,2023-12-31,RPT,0.459075
RBI:RATIO_LNGNFC_SAL_QTR_RN(1.0),N_A,305,QFY,2024,2023,50_TO_100,EBITDA_TO_SAL,0,2023-12-31,RPT,11.836
RBI:RATIO_LNGNFC_SAL_QTR_RN(1.0),N_A,305,QFY,2024,2023,50_TO_100,EBIT_TO_SAL,0,2023-12-31,RPT,8.1157
RBI:RATIO_LNGNFC_SAL_QTR_RN(1.0),N_A,305,QFY,2024,2023,50_TO_100,INT_CVG,0,2023-12-31,RPT,0.314779
RBI:RATIO_LNGNFC_SAL_QTR_RN(1.0),N_A,305,QFY,2024,2023,50_TO_100,INT_TO_SAL,0,2023-12-31,RPT,25.7822
RBI:RATIO_LNGNFC_SAL_QTR_RN(1.0),N_A,305,QFY,2024,2023,50_TO_100,NET_PFT_TO_SAL,0,2023-12-31,RPT,-17.9796
RBI:RATIO_LNGNFC_SAL_QTR_RN(1.0),N_A,305,QFY,2024,2023,50_TO_100,OPR_PFTS_TO_SAL,0,2023-12-31,RPT,4.8289
RBI:RATIO_LNGNFC_SAL_QTR_RN(1.0),N_A,305,QFY,2024,2023,50_TO_100,SC_TO_SAL,0,2023-12-31,RPT,15.0415
RBI:RATIO_LNGNFC_SAL_QTR_RN(1.0),N_A,305,QFY,2024,2023,50_TO_100,TAX_PROV_TO_EBT,0,2023-12-31,RPT,18.5994
RBI:RATIO_LNGNFC_SAL_QTR_RN(1.0),N_A,2842,QFY,2024,2023,ALL_COMP,CORM_TO_SAL,0,2023-12-31,RPT,52.202
RBI:RATIO_LNGNFC_SAL_QTR_RN(1.0),N_A,2842,QFY,2024,2023,ALL_COMP,CSH_CVG_RATIO,0,2023-12-31,RPT,6.692146
RBI:RATIO_LNGNFC_SAL_QTR_RN(1.0),N_A,2842,QFY,2024,2023,ALL_COMP,EBITDA_TO_SAL,0,2023-12-31,RPT,19.1429
RBI:RATIO_LNGNFC_SAL_QTR_RN(1.0),N_A,2842,QFY,2024,2023,ALL_COMP,EBIT_TO_SAL,0,2023-12-31,RPT,15.0603
RBI:RATIO_LNGNFC_SAL_QTR_RN(1.0),N_A,2842,QFY,2024,2023,ALL_COMP,INT_BURDEN,0,2023-12-31,RPT,18.9937
RBI:RATIO_LNGNFC_SAL_QTR_RN(1.0),N_A,2842,QFY,2024,2023,ALL_COMP,INT_CVG,0,2023-12-31,RPT,5.264915
RBI:RATIO_LNGNFC_SAL_QTR_RN(1.0),N_A,2842,QFY,2024,2023,ALL_COMP,INT_TO_SAL,0,2023-12-31,RPT,2.8605
RBI:RATIO_LNGNFC_SAL_QTR_RN(1.0),N_A,2842,QFY,2024,2023,ALL_COMP,NET_PFT_TO_SAL,0,2023-12-31,RPT,9.5154
RBI:RATIO_LNGNFC_SAL_QTR_RN(1.0),N_A,2842,QFY,2024,2023,ALL_COMP,OPR_PFTS_TO_SAL,0,2023-12-31,RPT,16.4503
RBI:RATIO_LNGNFC_SAL_QTR_RN(1.0),N_A,2842,QFY,2024,2023,ALL_COMP,OTH_INC_NET_PFT,0,2023-12-31,RPT,28.2966
RBI:RATIO_LNGNFC_SAL_QTR_RN(1.0),N_A,2842,QFY,2024,2023,ALL_COMP,SC_TO_SAL,0,2023-12-31,RPT,10.6474
RBI:RATIO_LNGNFC_SAL_QTR_RN(1.0),N_A,2842,QFY,2024,2023,ALL_COMP,TAX_PROV_TO_EBT,0,2023-12-31,RPT,20.2889
RBI:RATIO_LNGNFC_SAL_QTR_RN(1.0),N_A,584,QFY,2024,2023,LES_CLS_THAN_25,CORM_TO_SAL,0,2023-12-31,RPT,53.2534
RBI:RATIO_LNGNFC_SAL_QTR_RN(1.0),N_A,584,QFY,2024,2023,LES_CLS_THAN_25,CSH_CVG_RATIO,0,2023-12-31,RPT,2.355613
RBI:RATIO_LNGNFC_SAL_QTR_RN(1.0),N_A,584,QFY,2024,2023,LES_CLS_THAN_25,EBITDA_TO_SAL,0,2023-12-31,RPT,102.4967
RBI:RATIO_LNGNFC_SAL_QTR_RN(1.0),N_A,584,QFY,2024,2023,LES_CLS_THAN_25,EBIT_TO_SAL,0,2023-12-31,RPT,89.3457
RBI:RATIO_LNGNFC_SAL_QTR_RN(1.0),N_A,584,QFY,2024,2023,LES_CLS_THAN_25,INT_BURDEN,0,2023-12-31,RPT,48.7004
RBI:RATIO_LNGNFC_SAL_QTR_RN(1.0),N_A,584,QFY,2024,2023,LES_CLS_THAN_25,INT_CVG,0,2023-12-31,RPT,2.053373
RBI:RATIO_LNGNFC_SAL_QTR_RN(1.0),N_A,584,QFY,2024,2023,LES_CLS_THAN_25,INT_TO_SAL,0,2023-12-31,RPT,43.5117
RBI:RATIO_LNGNFC_SAL_QTR_RN(1.0),N_A,584,QFY,2024,2023,LES_CLS_THAN_25,NET_PFT_TO_SAL,0,2023-12-31,RPT,36.929
RBI:RATIO_LNGNFC_SAL_QTR_RN(1.0),N_A,584,QFY,2024,2023,LES_CLS_THAN_25,OPR_PFTS_TO_SAL,0,2023-12-31,RPT,-23.1317
RBI:RATIO_LNGNFC_SAL_QTR_RN(1.0),N_A,584,QFY,2024,2023,LES_CLS_THAN_25,SC_TO_SAL,0,2023-12-31,RPT,25.9266
RBI:RATIO_LNGNFC_SAL_QTR_RN(1.0),N_A,584,QFY,2024,2023,LES_CLS_THAN_25,TAX_PROV_TO_EBT,0,2023-12-31,RPT,5.9444
RBI:RATIO_LNGNFC_SAL_QTR_RN(1.0),N_A,708,QFY,2024,2023,100_N_ABOVE,CORM_TO_SAL,0,2024-03-31,RPT,50.068696884146
RBI:RATIO_LNGNFC_SAL_QTR_RN(1.0),N_A,708,QFY,2024,2023,100_N_ABOVE,CSH_CVG_RATIO,0,2024-03-31,RPT,7.44144415051
RBI:RATIO_LNGNFC_SAL_QTR_RN(1.0),N_A,708,QFY,2024,2023,100_N_ABOVE,EBITDA_TO_SAL,0,2024-03-31,RPT,19.437408554013
RBI:RATIO_LNGNFC_SAL_QTR_RN(1.0),N_A,708,QFY,2024,2023,100_N_ABOVE,EBIT_TO_SAL,0,2024-03-31,RPT,15.403426180927
RBI:RATIO_LNGNFC_SAL_QTR_RN(1.0),N_A,708,QFY,2024,2023,100_N_ABOVE,INT_BURDEN,0,2024-03-31,RPT,16.957577279672
RBI:RATIO_LNGNFC_SAL_QTR_RN(1.0),N_A,708,QFY,2024,2023,100_N_ABOVE,INT_CVG,0,2024-03-31,RPT,5.897068805924
RBI:RATIO_LNGNFC_SAL_QTR_RN(1.0),N_A,708,QFY,2024,2023,100_N_ABOVE,INT_TO_SAL,0,2024-03-31,RPT,2.612047898348
RBI:RATIO_LNGNFC_SAL_QTR_RN(1.0),N_A,708,QFY,2024,2023,100_N_ABOVE,NET_PFT_TO_SAL,0,2024-03-31,RPT,9.636667296356
RBI:RATIO_LNGNFC_SAL_QTR_RN(1.0),N_A,708,QFY,2024,2023,100_N_ABOVE,OPR_PFTS_TO_SAL,0,2024-03-31,RPT,16.571057873519
RBI:RATIO_LNGNFC_SAL_QTR_RN(1.0),N_A,708,QFY,2024,2023,100_N_ABOVE,OTH_INC_NET_PFT,0,2024-03-31,RPT,29.744211274968
RBI:RATIO_LNGNFC_SAL_QTR_RN(1.0),N_A,708,QFY,2024,2023,100_N_ABOVE,SC_TO_SAL,0,2024-03-31,RPT,10.087545080268
RBI:RATIO_LNGNFC_SAL_QTR_RN(1.0),N_A,708,QFY,2024,2023,100_N_ABOVE,TAX_PROV_TO_EBT,0,2024-03-31,RPT,20.652657851284
RBI:RATIO_LNGNFC_SAL_QTR_RN(1.0),N_A,760,QFY,2024,2023,100_TO_500,CORM_TO_SAL,0,2024-03-31,RPT,55.078335876227
RBI:RATIO_LNGNFC_SAL_QTR_RN(1.0),N_A,760,QFY,2024,2023,100_TO_500,CSH_CVG_RATIO,0,2024-03-31,RPT,2.648855339686
RBI:RATIO_LNGNFC_SAL_QTR_RN(1.0),N_A,760,QFY,2024,2023,100_TO_500,EBITDA_TO_SAL,0,2024-03-31,RPT,13.411876750466
RBI:RATIO_LNGNFC_SAL_QTR_RN(1.0),N_A,760,QFY,2024,2023,100_TO_500,EBIT_TO_SAL,0,2024-03-31,RPT,10.136173483347
RBI:RATIO_LNGNFC_SAL_QTR_RN(1.0),N_A,760,QFY,2024,2023,100_TO_500,INT_BURDEN,0,2024-03-31,RPT,49.952505661202
RBI:RATIO_LNGNFC_SAL_QTR_RN(1.0),N_A,760,QFY,2024,2023,100_TO_500,INT_CVG,0,2024-03-31,RPT,2.001901579837
RBI:RATIO_LNGNFC_SAL_QTR_RN(1.0),N_A,760,QFY,2024,2023,100_TO_500,INT_TO_SAL,0,2024-03-31,RPT,5.063272633098
RBI:RATIO_LNGNFC_SAL_QTR_RN(1.0),N_A,760,QFY,2024,2023,100_TO_500,NET_PFT_TO_SAL,0,2024-03-31,RPT,-0.896134302142
RBI:RATIO_LNGNFC_SAL_QTR_RN(1.0),N_A,760,QFY,2024,2023,100_TO_500,OPR_PFTS_TO_SAL,0,2024-03-31,RPT,7.524942512651
RBI:RATIO_LNGNFC_SAL_QTR_RN(1.0),N_A,760,QFY,2024,2023,100_TO_500,SC_TO_SAL,0,2024-03-31,RPT,12.174891029885
RBI:RATIO_LNGNFC_SAL_QTR_RN(1.0),N_A,760,QFY,2024,2023,100_TO_500,TAX_PROV_TO_EBT,0,2024-03-31,RPT,17.597319495543
RBI:RATIO_LNGNFC_SAL_QTR_RN(1.0),N_A,203,QFY,2024,2023,25_TO_50,CORM_TO_SAL,0,2024-03-31,RPT,54.140206368186
RBI:RATIO_LNGNFC_SAL_QTR_RN(1.0),N_A,203,QFY,2024,2023,25_TO_50,CSH_CVG_RATIO,0,2024-03-31,RPT,3.771162903031
RBI:RATIO_LNGNFC_SAL_QTR_RN(1.0),N_A,203,QFY,2024,2023,25_TO_50,EBITDA_TO_SAL,0,2024-03-31,RPT,16.549198745125
RBI:RATIO_LNGNFC_SAL_QTR_RN(1.0),N_A,203,QFY,2024,2023,25_TO_50,EBIT_TO_SAL,0,2024-03-31,RPT,10.459237748007
RBI:RATIO_LNGNFC_SAL_QTR_RN(1.0),N_A,203,QFY,2024,2023,25_TO_50,INT_BURDEN,0,2024-03-31,RPT,41.956731012819
RBI:RATIO_LNGNFC_SAL_QTR_RN(1.0),N_A,203,QFY,2024,2023,25_TO_50,INT_CVG,0,2024-03-31,RPT,2.38340780099
RBI:RATIO_LNGNFC_SAL_QTR_RN(1.0),N_A,203,QFY,2024,2023,25_TO_50,INT_TO_SAL,0,2024-03-31,RPT,4.388354247923
RBI:RATIO_LNGNFC_SAL_QTR_RN(1.0),N_A,203,QFY,2024,2023,25_TO_50,NET_PFT_TO_SAL,0,2024-03-31,RPT,5.78313125318
RBI:RATIO_LNGNFC_SAL_QTR_RN(1.0),N_A,203,QFY,2024,2023,25_TO_50,OPR_PFTS_TO_SAL,0,2024-03-31,RPT,4.46254451416
RBI:RATIO_LNGNFC_SAL_QTR_RN(1.0),N_A,203,QFY,2024,2023,25_TO_50,SC_TO_SAL,0,2024-03-31,RPT,15.427474507665
RBI:RATIO_LNGNFC_SAL_QTR_RN(1.0),N_A,203,QFY,2024,2023,25_TO_50,TAX_PROV_TO_EBT,0,2024-03-31,RPT,17.006841505131
RBI:RATIO_LNGNFC_SAL_QTR_RN(1.0),N_A,319,QFY,2024,2023,500_TO_1000,CORM_TO_SAL,0,2024-03-31,RPT,56.110391304466
RBI:RATIO_LNGNFC_SAL_QTR_RN(1.0),N_A,319,QFY,2024,2023,500_TO_1000,CSH_CVG_RATIO,0,2024-03-31,RPT,5.977356709273
RBI:RATIO_LNGNFC_SAL_QTR_RN(1.0),N_A,319,QFY,2024,2023,500_TO_1000,EBITDA_TO_SAL,0,2024-03-31,RPT,14.279252905349
RBI:RATIO_LNGNFC_SAL_QTR_RN(1.0),N_A,319,QFY,2024,2023,500_TO_1000,EBIT_TO_SAL,0,2024-03-31,RPT,11.060987099062
RBI:RATIO_LNGNFC_SAL_QTR_RN(1.0),N_A,319,QFY,2024,2023,500_TO_1000,INT_BURDEN,0,2024-03-31,RPT,21.597447448404
RBI:RATIO_LNGNFC_SAL_QTR_RN(1.0),N_A,319,QFY,2024,2023,500_TO_1000,INT_CVG,0,2024-03-31,RPT,4.630176794684
RBI:RATIO_LNGNFC_SAL_QTR_RN(1.0),N_A,319,QFY,2024,2023,500_TO_1000,INT_TO_SAL,0,2024-03-31,RPT,2.388890875995
RBI:RATIO_LNGNFC_SAL_QTR_RN(1.0),N_A,319,QFY,2024,2023,500_TO_1000,NET_PFT_TO_SAL,0,2024-03-31,RPT,5.431365352598
RBI:RATIO_LNGNFC_SAL_QTR_RN(1.0),N_A,319,QFY,2024,2023,500_TO_1000,OPR_PFTS_TO_SAL,0,2024-03-31,RPT,10.699132178976
RBI:RATIO_LNGNFC_SAL_QTR_RN(1.0),N_A,319,QFY,2024,2023,500_TO_1000,OTH_INC_NET_PFT,0,2024-03-31,RPT,65.915667497145
RBI:RATIO_LNGNFC_SAL_QTR_RN(1.0),N_A,319,QFY,2024,2023,500_TO_1000,SC_TO_SAL,0,2024-03-31,RPT,9.556544642592
RBI:RATIO_LNGNFC_SAL_QTR_RN(1.0),N_A,319,QFY,2024,2023,500_TO_1000,TAX_PROV_TO_EBT,0,2024-03-31,RPT,19.582906213976
RBI:RATIO_LNGNFC_SAL_QTR_RN(1.0),N_A,269,QFY,2024,2023,50_TO_100,CORM_TO_SAL,0,2024-03-31,RPT,51.711802754388
RBI:RATIO_LNGNFC_SAL_QTR_RN(1.0),N_A,269,QFY,2024,2023,50_TO_100,CSH_CVG_RATIO,0,2024-03-31,RPT,3.639353799338
RBI:RATIO_LNGNFC_SAL_QTR_RN(1.0),N_A,269,QFY,2024,2023,50_TO_100,EBITDA_TO_SAL,0,2024-03-31,RPT,16.419706474402
RBI:RATIO_LNGNFC_SAL_QTR_RN(1.0),N_A,269,QFY,2024,2023,50_TO_100,EBIT_TO_SAL,0,2024-03-31,RPT,12.535105766532
RBI:RATIO_LNGNFC_SAL_QTR_RN(1.0),N_A,269,QFY,2024,2023,50_TO_100,INT_BURDEN,0,2024-03-31,RPT,35.992590802931
RBI:RATIO_LNGNFC_SAL_QTR_RN(1.0),N_A,269,QFY,2024,2023,50_TO_100,INT_CVG,0,2024-03-31,RPT,2.778349592768
RBI:RATIO_LNGNFC_SAL_QTR_RN(1.0),N_A,269,QFY,2024,2023,50_TO_100,INT_TO_SAL,0,2024-03-31,RPT,4.511709325263
RBI:RATIO_LNGNFC_SAL_QTR_RN(1.0),N_A,269,QFY,2024,2023,50_TO_100,NET_PFT_TO_SAL,0,2024-03-31,RPT,16.099489389023
RBI:RATIO_LNGNFC_SAL_QTR_RN(1.0),N_A,269,QFY,2024,2023,50_TO_100,OPR_PFTS_TO_SAL,0,2024-03-31,RPT,3.561758892283
RBI:RATIO_LNGNFC_SAL_QTR_RN(1.0),N_A,269,QFY,2024,2023,50_TO_100,OTH_INC_NET_PFT,0,2024-03-31,RPT,79.865561394048
RBI:RATIO_LNGNFC_SAL_QTR_RN(1.0),N_A,269,QFY,2024,2023,50_TO_100,SC_TO_SAL,0,2024-03-31,RPT,13.834011381449
RBI:RATIO_LNGNFC_SAL_QTR_RN(1.0),N_A,269,QFY,2024,2023,50_TO_100,TAX_PROV_TO_EBT,0,2024-03-31,RPT,26.931978549252
RBI:RATIO_LNGNFC_SAL_QTR_RN(1.0),N_A,2823,QFY,2024,2023,ALL_COMP,CORM_TO_SAL,0,2024-03-31,RPT,50.453900167295
RBI:RATIO_LNGNFC_SAL_QTR_RN(1.0),N_A,2823,QFY,2024,2023,ALL_COMP,CSH_CVG_RATIO,0,2024-03-31,RPT,6.958612331737
RBI:RATIO_LNGNFC_SAL_QTR_RN(1.0),N_A,2823,QFY,2024,2023,ALL_COMP,EBITDA_TO_SAL,0,2024-03-31,RPT,19.064607975321
RBI:RATIO_LNGNFC_SAL_QTR_RN(1.0),N_A,2823,QFY,2024,2023,ALL_COMP,EBIT_TO_SAL,0,2024-03-31,RPT,15.075875713557
RBI:RATIO_LNGNFC_SAL_QTR_RN(1.0),N_A,2823,QFY,2024,2023,ALL_COMP,INT_BURDEN,0,2024-03-31,RPT,18.17283521222
RBI:RATIO_LNGNFC_SAL_QTR_RN(1.0),N_A,2823,QFY,2024,2023,ALL_COMP,INT_CVG,0,2024-03-31,RPT,5.502718691509
RBI:RATIO_LNGNFC_SAL_QTR_RN(1.0),N_A,2823,QFY,2024,2023,ALL_COMP,INT_TO_SAL,0,2024-03-31,RPT,2.739714050224
RBI:RATIO_LNGNFC_SAL_QTR_RN(1.0),N_A,2823,QFY,2024,2023,ALL_COMP,NET_PFT_TO_SAL,0,2024-03-31,RPT,9.121119996078
RBI:RATIO_LNGNFC_SAL_QTR_RN(1.0),N_A,2823,QFY,2024,2023,ALL_COMP,OPR_PFTS_TO_SAL,0,2024-03-31,RPT,15.993884238999
RBI:RATIO_LNGNFC_SAL_QTR_RN(1.0),N_A,2823,QFY,2024,2023,ALL_COMP,OTH_INC_NET_PFT,0,2024-03-31,RPT,33.666081990398
RBI:RATIO_LNGNFC_SAL_QTR_RN(1.0),N_A,2823,QFY,2024,2023,ALL_COMP,SC_TO_SAL,0,2024-03-31,RPT,10.160089480113
RBI:RATIO_LNGNFC_SAL_QTR_RN(1.0),N_A,2823,QFY,2024,2023,ALL_COMP,TAX_PROV_TO_EBT,0,2024-03-31,RPT,20.560338006211
RBI:RATIO_LNGNFC_SAL_QTR_RN(1.0),N_A,564,QFY,2024,2023,LES_CLS_THAN_25,CORM_TO_SAL,0,2024-03-31,RPT,55.854757897588
RBI:RATIO_LNGNFC_SAL_QTR_RN(1.0),N_A,564,QFY,2024,2023,LES_CLS_THAN_25,CSH_CVG_RATIO,0,2024-03-31,RPT,0.188628410725
RBI:RATIO_LNGNFC_SAL_QTR_RN(1.0),N_A,564,QFY,2024,2023,LES_CLS_THAN_25,EBITDA_TO_SAL,0,2024-03-31,RPT,15.359000131102
RBI:RATIO_LNGNFC_SAL_QTR_RN(1.0),N_A,564,QFY,2024,2023,LES_CLS_THAN_25,EBIT_TO_SAL,0,2024-03-31,RPT,6.19586592667
RBI:RATIO_LNGNFC_SAL_QTR_RN(1.0),N_A,564,QFY,2024,2023,LES_CLS_THAN_25,INT_CVG,0,2024-03-31,RPT,0.076093256907
RBI:RATIO_LNGNFC_SAL_QTR_RN(1.0),N_A,564,QFY,2024,2023,LES_CLS_THAN_25,INT_TO_SAL,0,2024-03-31,RPT,81.424638377835
RBI:RATIO_LNGNFC_SAL_QTR_RN(1.0),N_A,564,QFY,2024,2023,LES_CLS_THAN_25,NET_PFT_TO_SAL,0,2024-03-31,RPT,-95.447275269851
RBI:RATIO_LNGNFC_SAL_QTR_RN(1.0),N_A,564,QFY,2024,2023,LES_CLS_THAN_25,OPR_PFTS_TO_SAL,0,2024-03-31,RPT,-57.748546956256
RBI:RATIO_LNGNFC_SAL_QTR_RN(1.0),N_A,564,QFY,2024,2023,LES_CLS_THAN_25,SC_TO_SAL,0,2024-03-31,RPT,28.105966367196
RBI:RATIO_LNGNFC_SAL_QTR_RN(1.0),N_A,564,QFY,2024,2023,LES_CLS_THAN_25,TAX_PROV_TO_EBT,0,2024-03-31,RPT,11.796136457049
RBI:RATIO_LNGNFC_SAL_QTR_RN(1.0),N_A,712,QFY,2025,2024,100_N_ABOVE,CORM_TO_SAL,0,2024-06-30,RPT,50.808171677553
RBI:RATIO_LNGNFC_SAL_QTR_RN(1.0),N_A,712,QFY,2025,2024,100_N_ABOVE,CSH_CVG_RATIO,0,2024-06-30,RPT,7.806920680144
RBI:RATIO_LNGNFC_SAL_QTR_RN(1.0),N_A,712,QFY,2025,2024,100_N_ABOVE,EBITDA_TO_SAL,0,2024-06-30,RPT,19.565158183002
RBI:RATIO_LNGNFC_SAL_QTR_RN(1.0),N_A,712,QFY,2025,2024,100_N_ABOVE,EBIT_TO_SAL,0,2024-06-30,RPT,15.504953963001
RBI:RATIO_LNGNFC_SAL_QTR_RN(1.0),N_A,712,QFY,2025,2024,100_N_ABOVE,INT_BURDEN,0,2024-06-30,RPT,16.163414696499
RBI:RATIO_LNGNFC_SAL_QTR_RN(1.0),N_A,712,QFY,2025,2024,100_N_ABOVE,INT_CVG,0,2024-06-30,RPT,6.186811504729
RBI:RATIO_LNGNFC_SAL_QTR_RN(1.0),N_A,712,QFY,2025,2024,100_N_ABOVE,INT_TO_SAL,0,2024-06-30,RPT,2.506130007541
RBI:RATIO_LNGNFC_SAL_QTR_RN(1.0),N_A,712,QFY,2025,2024,100_N_ABOVE,NET_PFT_TO_SAL,0,2024-06-30,RPT,10.427516765682
RBI:RATIO_LNGNFC_SAL_QTR_RN(1.0),N_A,712,QFY,2025,2024,100_N_ABOVE,OPR_PFTS_TO_SAL,0,2024-06-30,RPT,16.745297608897
RBI:RATIO_LNGNFC_SAL_QTR_RN(1.0),N_A,712,QFY,2025,2024,100_N_ABOVE,OTH_INC_NET_PFT,0,2024-06-30,RPT,27.042493792829
RBI:RATIO_LNGNFC_SAL_QTR_RN(1.0),N_A,712,QFY,2025,2024,100_N_ABOVE,SC_TO_SAL,0,2024-06-30,RPT,10.652977956414
RBI:RATIO_LNGNFC_SAL_QTR_RN(1.0),N_A,712,QFY,2025,2024,100_N_ABOVE,TAX_PROV_TO_EBT,0,2024-06-30,RPT,22.226676053773
RBI:RATIO_LNGNFC_SAL_QTR_RN(1.0),N_A,767,QFY,2025,2024,100_TO_500,CORM_TO_SAL,0,2024-06-30,RPT,51.704943629838
RBI:RATIO_LNGNFC_SAL_QTR_RN(1.0),N_A,767,QFY,2025,2024,100_TO_500,CSH_CVG_RATIO,0,2024-06-30,RPT,2.621762040298
RBI:RATIO_LNGNFC_SAL_QTR_RN(1.0),N_A,767,QFY,2025,2024,100_TO_500,EBITDA_TO_SAL,0,2024-06-30,RPT,13.970900896893
RBI:RATIO_LNGNFC_SAL_QTR_RN(1.0),N_A,767,QFY,2025,2024,100_TO_500,EBIT_TO_SAL,0,2024-06-30,RPT,10.521054586425
RBI:RATIO_LNGNFC_SAL_QTR_RN(1.0),N_A,767,QFY,2025,2024,100_TO_500,INT_BURDEN,0,2024-06-30,RPT,50.649115664722
RBI:RATIO_LNGNFC_SAL_QTR_RN(1.0),N_A,767,QFY,2025,2024,100_TO_500,INT_CVG,0,2024-06-30,RPT,1.974368134322
RBI:RATIO_LNGNFC_SAL_QTR_RN(1.0),N_A,767,QFY,2025,2024,100_TO_500,INT_TO_SAL,0,2024-06-30,RPT,5.328821106627
RBI:RATIO_LNGNFC_SAL_QTR_RN(1.0),N_A,767,QFY,2025,2024,100_TO_500,NET_PFT_TO_SAL,0,2024-06-30,RPT,0.023133611088
RBI:RATIO_LNGNFC_SAL_QTR_RN(1.0),N_A,767,QFY,2025,2024,100_TO_500,OPR_PFTS_TO_SAL,0,2024-06-30,RPT,8.448775501547
RBI:RATIO_LNGNFC_SAL_QTR_RN(1.0),N_A,767,QFY,2025,2024,100_TO_500,SC_TO_SAL,0,2024-06-30,RPT,12.987854963502
RBI:RATIO_LNGNFC_SAL_QTR_RN(1.0),N_A,767,QFY,2025,2024,100_TO_500,TAX_PROV_TO_EBT,0,2024-06-30,RPT,19.399860737306
RBI:RATIO_LNGNFC_SAL_QTR_RN(1.0),N_A,220,QFY,2025,2024,25_TO_50,CORM_TO_SAL,0,2024-06-30,RPT,57.653272032033
RBI:RATIO_LNGNFC_SAL_QTR_RN(1.0),N_A,220,QFY,2025,2024,25_TO_50,CSH_CVG_RATIO,0,2024-06-30,RPT,2.696226603944
RBI:RATIO_LNGNFC_SAL_QTR_RN(1.0),N_A,220,QFY,2025,2024,25_TO_50,EBITDA_TO_SAL,0,2024-06-30,RPT,13.211313333431
RBI:RATIO_LNGNFC_SAL_QTR_RN(1.0),N_A,220,QFY,2025,2024,25_TO_50,EBIT_TO_SAL,0,2024-06-30,RPT,8.407511488418
RBI:RATIO_LNGNFC_SAL_QTR_RN(1.0),N_A,220,QFY,2025,2024,25_TO_50,INT_BURDEN,0,2024-06-30,RPT,58.280347663769
RBI:RATIO_LNGNFC_SAL_QTR_RN(1.0),N_A,220,QFY,2025,2024,25_TO_50,INT_CVG,0,2024-06-30,RPT,1.715844259834
RBI:RATIO_LNGNFC_SAL_QTR_RN(1.0),N_A,220,QFY,2025,2024,25_TO_50,INT_TO_SAL,0,2024-06-30,RPT,4.899926925322
RBI:RATIO_LNGNFC_SAL_QTR_RN(1.0),N_A,220,QFY,2025,2024,25_TO_50,NET_PFT_TO_SAL,0,2024-06-30,RPT,14.530090583175
RBI:RATIO_LNGNFC_SAL_QTR_RN(1.0),N_A,220,QFY,2025,2024,25_TO_50,OPR_PFTS_TO_SAL,0,2024-06-30,RPT,6.168679898578
RBI:RATIO_LNGNFC_SAL_QTR_RN(1.0),N_A,220,QFY,2025,2024,25_TO_50,OTH_INC_NET_PFT,0,2024-06-30,RPT,48.469301650521
RBI:RATIO_LNGNFC_SAL_QTR_RN(1.0),N_A,220,QFY,2025,2024,25_TO_50,SC_TO_SAL,0,2024-06-30,RPT,15.734279636588
RBI:RATIO_LNGNFC_SAL_QTR_RN(1.0),N_A,220,QFY,2025,2024,25_TO_50,TAX_PROV_TO_EBT,0,2024-06-30,RPT,17.954058901811
RBI:RATIO_LNGNFC_SAL_QTR_RN(1.0),N_A,322,QFY,2025,2024,500_TO_1000,CORM_TO_SAL,0,2024-06-30,RPT,57.775902115357
RBI:RATIO_LNGNFC_SAL_QTR_RN(1.0),N_A,322,QFY,2025,2024,500_TO_1000,CSH_CVG_RATIO,0,2024-06-30,RPT,4.692930344844
RBI:RATIO_LNGNFC_SAL_QTR_RN(1.0),N_A,322,QFY,2025,2024,500_TO_1000,EBITDA_TO_SAL,0,2024-06-30,RPT,17.32594278588
RBI:RATIO_LNGNFC_SAL_QTR_RN(1.0),N_A,322,QFY,2025,2024,500_TO_1000,EBIT_TO_SAL,0,2024-06-30,RPT,13.718480889131
RBI:RATIO_LNGNFC_SAL_QTR_RN(1.0),N_A,322,QFY,2025,2024,500_TO_1000,INT_BURDEN,0,2024-06-30,RPT,26.912047776831
RBI:RATIO_LNGNFC_SAL_QTR_RN(1.0),N_A,322,QFY,2025,2024,500_TO_1000,INT_CVG,0,2024-06-30,RPT,3.715807909872
RBI:RATIO_LNGNFC_SAL_QTR_RN(1.0),N_A,322,QFY,2025,2024,500_TO_1000,INT_TO_SAL,0,2024-06-30,RPT,3.691924131138
RBI:RATIO_LNGNFC_SAL_QTR_RN(1.0),N_A,322,QFY,2025,2024,500_TO_1000,NET_PFT_TO_SAL,0,2024-06-30,RPT,6.988695027895
RBI:RATIO_LNGNFC_SAL_QTR_RN(1.0),N_A,322,QFY,2025,2024,500_TO_1000,OPR_PFTS_TO_SAL,0,2024-06-30,RPT,12.199978189764
RBI:RATIO_LNGNFC_SAL_QTR_RN(1.0),N_A,322,QFY,2025,2024,500_TO_1000,OTH_INC_NET_PFT,0,2024-06-30,RPT,73.346519996299
RBI:RATIO_LNGNFC_SAL_QTR_RN(1.0),N_A,322,QFY,2025,2024,500_TO_1000,SC_TO_SAL,0,2024-06-30,RPT,11.047427146599
RBI:RATIO_LNGNFC_SAL_QTR_RN(1.0),N_A,322,QFY,2025,2024,500_TO_1000,TAX_PROV_TO_EBT,0,2024-06-30,RPT,20.318923748484
RBI:RATIO_LNGNFC_SAL_QTR_RN(1.0),N_A,298,QFY,2025,2024,50_TO_100,CORM_TO_SAL,0,2024-06-30,RPT,50.008895530885
RBI:RATIO_LNGNFC_SAL_QTR_RN(1.0),N_A,298,QFY,2025,2024,50_TO_100,CSH_CVG_RATIO,0,2024-06-30,RPT,2.487866993417
RBI:RATIO_LNGNFC_SAL_QTR_RN(1.0),N_A,298,QFY,2025,2024,50_TO_100,EBITDA_TO_SAL,0,2024-06-30,RPT,9.378475606001
RBI:RATIO_LNGNFC_SAL_QTR_RN(1.0),N_A,298,QFY,2025,2024,50_TO_100,EBIT_TO_SAL,0,2024-06-30,RPT,5.018458071738
RBI:RATIO_LNGNFC_SAL_QTR_RN(1.0),N_A,298,QFY,2025,2024,50_TO_100,INT_BURDEN,0,2024-06-30,RPT,75.11640498105
RBI:RATIO_LNGNFC_SAL_QTR_RN(1.0),N_A,298,QFY,2025,2024,50_TO_100,INT_CVG,0,2024-06-30,RPT,1.331267118351
RBI:RATIO_LNGNFC_SAL_QTR_RN(1.0),N_A,298,QFY,2025,2024,50_TO_100,INT_TO_SAL,0,2024-06-30,RPT,3.769685288971
RBI:RATIO_LNGNFC_SAL_QTR_RN(1.0),N_A,298,QFY,2025,2024,50_TO_100,NET_PFT_TO_SAL,0,2024-06-30,RPT,-0.315544268579
RBI:RATIO_LNGNFC_SAL_QTR_RN(1.0),N_A,298,QFY,2025,2024,50_TO_100,OPR_PFTS_TO_SAL,0,2024-06-30,RPT,1.316337657727
RBI:RATIO_LNGNFC_SAL_QTR_RN(1.0),N_A,298,QFY,2025,2024,50_TO_100,SC_TO_SAL,0,2024-06-30,RPT,14.360597531775
RBI:RATIO_LNGNFC_SAL_QTR_RN(1.0),N_A,298,QFY,2025,2024,50_TO_100,TAX_PROV_TO_EBT,0,2024-06-30,RPT,20.843716915058
RBI:RATIO_LNGNFC_SAL_QTR_RN(1.0),N_A,2934,QFY,2025,2024,ALL_COMP,CORM_TO_SAL,0,2024-06-30,RPT,51.114271681483
RBI:RATIO_LNGNFC_SAL_QTR_RN(1.0),N_A,2934,QFY,2025,2024,ALL_COMP,CSH_CVG_RATIO,0,2024-06-30,RPT,7.147962699793
RBI:RATIO_LNGNFC_SAL_QTR_RN(1.0),N_A,2934,QFY,2025,2024,ALL_COMP,EBITDA_TO_SAL,0,2024-06-30,RPT,19.277650595373
RBI:RATIO_LNGNFC_SAL_QTR_RN(1.0),N_A,2934,QFY,2025,2024,ALL_COMP,EBIT_TO_SAL,0,2024-06-30,RPT,15.246967588404
RBI:RATIO_LNGNFC_SAL_QTR_RN(1.0),N_A,2934,QFY,2025,2024,ALL_COMP,INT_BURDEN,0,2024-06-30,RPT,17.688391819597
RBI:RATIO_LNGNFC_SAL_QTR_RN(1.0),N_A,2934,QFY,2025,2024,ALL_COMP,INT_CVG,0,2024-06-30,RPT,5.653425196586
RBI:RATIO_LNGNFC_SAL_QTR_RN(1.0),N_A,2934,QFY,2025,2024,ALL_COMP,INT_TO_SAL,0,2024-06-30,RPT,2.696943367644
RBI:RATIO_LNGNFC_SAL_QTR_RN(1.0),N_A,2934,QFY,2025,2024,ALL_COMP,NET_PFT_TO_SAL,0,2024-06-30,RPT,9.894708666388
RBI:RATIO_LNGNFC_SAL_QTR_RN(1.0),N_A,2934,QFY,2025,2024,ALL_COMP,OPR_PFTS_TO_SAL,0,2024-06-30,RPT,16.24468184892
RBI:RATIO_LNGNFC_SAL_QTR_RN(1.0),N_A,2934,QFY,2025,2024,ALL_COMP,OTH_INC_NET_PFT,0,2024-06-30,RPT,30.652430998362
RBI:RATIO_LNGNFC_SAL_QTR_RN(1.0),N_A,2934,QFY,2025,2024,ALL_COMP,SC_TO_SAL,0,2024-06-30,RPT,10.766233417145
RBI:RATIO_LNGNFC_SAL_QTR_RN(1.0),N_A,2934,QFY,2025,2024,ALL_COMP,TAX_PROV_TO_EBT,0,2024-06-30,RPT,22.090702520385
RBI:RATIO_LNGNFC_SAL_QTR_RN(1.0),N_A,615,QFY,2025,2024,LES_CLS_THAN_25,CORM_TO_SAL,0,2024-06-30,RPT,51.773754807241
RBI:RATIO_LNGNFC_SAL_QTR_RN(1.0),N_A,615,QFY,2025,2024,LES_CLS_THAN_25,CSH_CVG_RATIO,0,2024-06-30,RPT,0.329095771064
RBI:RATIO_LNGNFC_SAL_QTR_RN(1.0),N_A,615,QFY,2025,2024,LES_CLS_THAN_25,EBITDA_TO_SAL,0,2024-06-30,RPT,25.242324996692
RBI:RATIO_LNGNFC_SAL_QTR_RN(1.0),N_A,615,QFY,2025,2024,LES_CLS_THAN_25,EBIT_TO_SAL,0,2024-06-30,RPT,17.116580653699
RBI:RATIO_LNGNFC_SAL_QTR_RN(1.0),N_A,615,QFY,2025,2024,LES_CLS_THAN_25,INT_CVG,0,2024-06-30,RPT,0.223156714326
RBI:RATIO_LNGNFC_SAL_QTR_RN(1.0),N_A,615,QFY,2025,2024,LES_CLS_THAN_25,INT_TO_SAL,0,2024-06-30,RPT,76.702064311235
RBI:RATIO_LNGNFC_SAL_QTR_RN(1.0),N_A,615,QFY,2025,2024,LES_CLS_THAN_25,NET_PFT_TO_SAL,0,2024-06-30,RPT,-75.127365356623
RBI:RATIO_LNGNFC_SAL_QTR_RN(1.0),N_A,615,QFY,2025,2024,LES_CLS_THAN_25,OPR_PFTS_TO_SAL,0,2024-06-30,RPT,-11.872270742358
RBI:RATIO_LNGNFC_SAL_QTR_RN(1.0),N_A,615,QFY,2025,2024,LES_CLS_THAN_25,SC_TO_SAL,0,2024-06-30,RPT,24.215464664989
RBI:RATIO_LNGNFC_SAL_QTR_RN(1.0),N_A,615,QFY,2025,2024,LES_CLS_THAN_25,TAX_PROV_TO_EBT,0,2024-06-30,RPT,16.321812507225
RBI:RATIO_LNGNFC_SAL_QTR_RN(1.0),N_A,732,QFY,2025,2024,100_N_ABOVE,CORM_TO_SAL,0,2024-09-30,RPT,52.048723492835
RBI:RATIO_LNGNFC_SAL_QTR_RN(1.0),N_A,732,QFY,2025,2024,100_N_ABOVE,CSH_CVG_RATIO,0,2024-09-30,RPT,7.537307905756
RBI:RATIO_LNGNFC_SAL_QTR_RN(1.0),N_A,732,QFY,2025,2024,100_N_ABOVE,EBITDA_TO_SAL,0,2024-09-30,RPT,19.706458460445
RBI:RATIO_LNGNFC_SAL_QTR_RN(1.0),N_A,732,QFY,2025,2024,100_N_ABOVE,EBIT_TO_SAL,0,2024-09-30,RPT,15.626321526761
RBI:RATIO_LNGNFC_SAL_QTR_RN(1.0),N_A,732,QFY,2025,2024,100_N_ABOVE,INT_BURDEN,0,2024-09-30,RPT,16.73152663681
RBI:RATIO_LNGNFC_SAL_QTR_RN(1.0),N_A,732,QFY,2025,2024,100_N_ABOVE,INT_CVG,0,2024-09-30,RPT,5.97674092572
RBI:RATIO_LNGNFC_SAL_QTR_RN(1.0),N_A,732,QFY,2025,2024,100_N_ABOVE,INT_TO_SAL,0,2024-09-30,RPT,2.614522148604
RBI:RATIO_LNGNFC_SAL_QTR_RN(1.0),N_A,732,QFY,2025,2024,100_N_ABOVE,NET_PFT_TO_SAL,0,2024-09-30,RPT,10.067564558134
RBI:RATIO_LNGNFC_SAL_QTR_RN(1.0),N_A,732,QFY,2025,2024,100_N_ABOVE,OPR_PFTS_TO_SAL,0,2024-09-30,RPT,16.142852248104
RBI:RATIO_LNGNFC_SAL_QTR_RN(1.0),N_A,732,QFY,2025,2024,100_N_ABOVE,OTH_INC_NET_PFT,0,2024-09-30,RPT,35.396904502206
RBI:RATIO_LNGNFC_SAL_QTR_RN(1.0),N_A,732,QFY,2025,2024,100_N_ABOVE,SC_TO_SAL,0,2024-09-30,RPT,10.754309918111
RBI:RATIO_LNGNFC_SAL_QTR_RN(1.0),N_A,732,QFY,2025,2024,100_N_ABOVE,TAX_PROV_TO_EBT,0,2024-09-30,RPT,20.568401636588
RBI:RATIO_LNGNFC_SAL_QTR_RN(1.0),N_A,774,QFY,2025,2024,100_TO_500,CORM_TO_SAL,0,2024-09-30,RPT,53.623516761925
RBI:RATIO_LNGNFC_SAL_QTR_RN(1.0),N_A,774,QFY,2025,2024,100_TO_500,CSH_CVG_RATIO,0,2024-09-30,RPT,3.669277934363
RBI:RATIO_LNGNFC_SAL_QTR_RN(1.0),N_A,774,QFY,2025,2024,100_TO_500,EBITDA_TO_SAL,0,2024-09-30,RPT,15.000509451736
RBI:RATIO_LNGNFC_SAL_QTR_RN(1.0),N_A,774,QFY,2025,2024,100_TO_500,EBIT_TO_SAL,0,2024-09-30,RPT,11.472165494928
RBI:RATIO_LNGNFC_SAL_QTR_RN(1.0),N_A,774,QFY,2025,2024,100_TO_500,INT_BURDEN,0,2024-09-30,RPT,35.635265292482
RBI:RATIO_LNGNFC_SAL_QTR_RN(1.0),N_A,774,QFY,2025,2024,100_TO_500,INT_CVG,0,2024-09-30,RPT,2.806208938792
RBI:RATIO_LNGNFC_SAL_QTR_RN(1.0),N_A,774,QFY,2025,2024,100_TO_500,INT_TO_SAL,0,2024-09-30,RPT,4.08813660891
RBI:RATIO_LNGNFC_SAL_QTR_RN(1.0),N_A,774,QFY,2025,2024,100_TO_500,NET_PFT_TO_SAL,0,2024-09-30,RPT,6.578615904021
RBI:RATIO_LNGNFC_SAL_QTR_RN(1.0),N_A,774,QFY,2025,2024,100_TO_500,OPR_PFTS_TO_SAL,0,2024-09-30,RPT,9.473489444348
RBI:RATIO_LNGNFC_SAL_QTR_RN(1.0),N_A,774,QFY,2025,2024,100_TO_500,OTH_INC_NET_PFT,0,2024-09-30,RPT,84.014937002337
RBI:RATIO_LNGNFC_SAL_QTR_RN(1.0),N_A,774,QFY,2025,2024,100_TO_500,SC_TO_SAL,0,2024-09-30,RPT,12.941056045311
RBI:RATIO_LNGNFC_SAL_QTR_RN(1.0),N_A,774,QFY,2025,2024,100_TO_500,TAX_PROV_TO_EBT,0,2024-09-30,RPT,19.18795697507
RBI:RATIO_LNGNFC_SAL_QTR_RN(1.0),N_A,202,QFY,2025,2024,25_TO_50,CORM_TO_SAL,0,2024-09-30,RPT,48.286909683902
RBI:RATIO_LNGNFC_SAL_QTR_RN(1.0),N_A,202,QFY,2025,2024,25_TO_50,CSH_CVG_RATIO,0,2024-09-30,RPT,0.726854520854
RBI:RATIO_LNGNFC_SAL_QTR_RN(1.0),N_A,202,QFY,2025,2024,25_TO_50,EBITDA_TO_SAL,0,2024-09-30,RPT,32.924041121077
RBI:RATIO_LNGNFC_SAL_QTR_RN(1.0),N_A,202,QFY,2025,2024,25_TO_50,EBIT_TO_SAL,0,2024-09-30,RPT,26.989836975927
RBI:RATIO_LNGNFC_SAL_QTR_RN(1.0),N_A,202,QFY,2025,2024,25_TO_50,INT_CVG,0,2024-09-30,RPT,0.595846814519
RBI:RATIO_LNGNFC_SAL_QTR_RN(1.0),N_A,202,QFY,2025,2024,25_TO_50,INT_TO_SAL,0,2024-09-30,RPT,45.296603620744
RBI:RATIO_LNGNFC_SAL_QTR_RN(1.0),N_A,202,QFY,2025,2024,25_TO_50,NET_PFT_TO_SAL,0,2024-09-30,RPT,-24.538880095502
RBI:RATIO_LNGNFC_SAL_QTR_RN(1.0),N_A,202,QFY,2025,2024,25_TO_50,OPR_PFTS_TO_SAL,0,2024-09-30,RPT,4.864075548521
RBI:RATIO_LNGNFC_SAL_QTR_RN(1.0),N_A,202,QFY,2025,2024,25_TO_50,SC_TO_SAL,0,2024-09-30,RPT,17.171783183841
RBI:RATIO_LNGNFC_SAL_QTR_RN(1.0),N_A,202,QFY,2025,2024,25_TO_50,TAX_PROV_TO_EBT,0,2024-09-30,RPT,16.652905559487
RBI:RATIO_LNGNFC_SAL_QTR_RN(1.0),N_A,321,QFY,2025,2024,500_TO_1000,CORM_TO_SAL,0,2024-09-30,RPT,54.837814551656
RBI:RATIO_LNGNFC_SAL_QTR_RN(1.0),N_A,321,QFY,2025,2024,500_TO_1000,CSH_CVG_RATIO,0,2024-09-30,RPT,6.237958023441
RBI:RATIO_LNGNFC_SAL_QTR_RN(1.0),N_A,321,QFY,2025,2024,500_TO_1000,EBITDA_TO_SAL,0,2024-09-30,RPT,16.918465270028
RBI:RATIO_LNGNFC_SAL_QTR_RN(1.0),N_A,321,QFY,2025,2024,500_TO_1000,EBIT_TO_SAL,0,2024-09-30,RPT,13.644666852072
RBI:RATIO_LNGNFC_SAL_QTR_RN(1.0),N_A,321,QFY,2025,2024,500_TO_1000,INT_BURDEN,0,2024-09-30,RPT,19.877217039973
RBI:RATIO_LNGNFC_SAL_QTR_RN(1.0),N_A,321,QFY,2025,2024,500_TO_1000,INT_CVG,0,2024-09-30,RPT,5.03088534974
RBI:RATIO_LNGNFC_SAL_QTR_RN(1.0),N_A,321,QFY,2025,2024,500_TO_1000,INT_TO_SAL,0,2024-09-30,RPT,2.712180044568
RBI:RATIO_LNGNFC_SAL_QTR_RN(1.0),N_A,321,QFY,2025,2024,500_TO_1000,NET_PFT_TO_SAL,0,2024-09-30,RPT,9.191042127979
RBI:RATIO_LNGNFC_SAL_QTR_RN(1.0),N_A,321,QFY,2025,2024,500_TO_1000,OPR_PFTS_TO_SAL,0,2024-09-30,RPT,11.746109137762
RBI:RATIO_LNGNFC_SAL_QTR_RN(1.0),N_A,321,QFY,2025,2024,500_TO_1000,OTH_INC_NET_PFT,0,2024-09-30,RPT,56.276057276695
RBI:RATIO_LNGNFC_SAL_QTR_RN(1.0),N_A,321,QFY,2025,2024,500_TO_1000,SC_TO_SAL,0,2024-09-30,RPT,10.106824894478
RBI:RATIO_LNGNFC_SAL_QTR_RN(1.0),N_A,321,QFY,2025,2024,500_TO_1000,TAX_PROV_TO_EBT,0,2024-09-30,RPT,19.975331181936
RBI:RATIO_LNGNFC_SAL_QTR_RN(1.0),N_A,290,QFY,2025,2024,50_TO_100,CORM_TO_SAL,0,2024-09-30,RPT,52.011323409895
RBI:RATIO_LNGNFC_SAL_QTR_RN(1.0),N_A,290,QFY,2025,2024,50_TO_100,CSH_CVG_RATIO,0,2024-09-30,RPT,0.953201127176
RBI:RATIO_LNGNFC_SAL_QTR_RN(1.0),N_A,290,QFY,2025,2024,50_TO_100,EBITDA_TO_SAL,0,2024-09-30,RPT,13.526396729209
RBI:RATIO_LNGNFC_SAL_QTR_RN(1.0),N_A,290,QFY,2025,2024,50_TO_100,EBIT_TO_SAL,0,2024-09-30,RPT,9.637473582716
RBI:RATIO_LNGNFC_SAL_QTR_RN(1.0),N_A,290,QFY,2025,2024,50_TO_100,INT_BURDEN,0,2024-09-30,RPT,147.242903676128
RBI:RATIO_LNGNFC_SAL_QTR_RN(1.0),N_A,290,QFY,2025,2024,50_TO_100,INT_CVG,0,2024-09-30,RPT,0.679149877538
RBI:RATIO_LNGNFC_SAL_QTR_RN(1.0),N_A,290,QFY,2025,2024,50_TO_100,INT_TO_SAL,0,2024-09-30,RPT,14.190495944211
RBI:RATIO_LNGNFC_SAL_QTR_RN(1.0),N_A,290,QFY,2025,2024,50_TO_100,NET_PFT_TO_SAL,0,2024-09-30,RPT,-6.233264382121
RBI:RATIO_LNGNFC_SAL_QTR_RN(1.0),N_A,290,QFY,2025,2024,50_TO_100,OPR_PFTS_TO_SAL,0,2024-09-30,RPT,6.527194619937
RBI:RATIO_LNGNFC_SAL_QTR_RN(1.0),N_A,290,QFY,2025,2024,50_TO_100,SC_TO_SAL,0,2024-09-30,RPT,14.788884770465
RBI:RATIO_LNGNFC_SAL_QTR_RN(1.0),N_A,290,QFY,2025,2024,50_TO_100,TAX_PROV_TO_EBT,0,2024-09-30,RPT,21.010265540361
RBI:RATIO_LNGNFC_SAL_QTR_RN(1.0),N_A,2911,QFY,2025,2024,ALL_COMP,CORM_TO_SAL,0,2024-09-30,RPT,52.200195089624
RBI:RATIO_LNGNFC_SAL_QTR_RN(1.0),N_A,2911,QFY,2025,2024,ALL_COMP,CSH_CVG_RATIO,0,2024-09-30,RPT,7.04154028945
RBI:RATIO_LNGNFC_SAL_QTR_RN(1.0),N_A,2911,QFY,2025,2024,ALL_COMP,EBITDA_TO_SAL,0,2024-09-30,RPT,19.461373917007
RBI:RATIO_LNGNFC_SAL_QTR_RN(1.0),N_A,2911,QFY,2025,2024,ALL_COMP,EBIT_TO_SAL,0,2024-09-30,RPT,15.419508872613
RBI:RATIO_LNGNFC_SAL_QTR_RN(1.0),N_A,2911,QFY,2025,2024,ALL_COMP,INT_BURDEN,0,2024-09-30,RPT,17.924014527059
RBI:RATIO_LNGNFC_SAL_QTR_RN(1.0),N_A,2911,QFY,2025,2024,ALL_COMP,INT_CVG,0,2024-09-30,RPT,5.579107283641
RBI:RATIO_LNGNFC_SAL_QTR_RN(1.0),N_A,2911,QFY,2025,2024,ALL_COMP,INT_TO_SAL,0,2024-09-30,RPT,2.763795010328
RBI:RATIO_LNGNFC_SAL_QTR_RN(1.0),N_A,2911,QFY,2025,2024,ALL_COMP,NET_PFT_TO_SAL,0,2024-09-30,RPT,9.822103468074
RBI:RATIO_LNGNFC_SAL_QTR_RN(1.0),N_A,2911,QFY,2025,2024,ALL_COMP,OPR_PFTS_TO_SAL,0,2024-09-30,RPT,15.704724105692
RBI:RATIO_LNGNFC_SAL_QTR_RN(1.0),N_A,2911,QFY,2025,2024,ALL_COMP,OTH_INC_NET_PFT,0,2024-09-30,RPT,38.246897149116
RBI:RATIO_LNGNFC_SAL_QTR_RN(1.0),N_A,2911,QFY,2025,2024,ALL_COMP,SC_TO_SAL,0,2024-09-30,RPT,10.828261317509
RBI:RATIO_LNGNFC_SAL_QTR_RN(1.0),N_A,2911,QFY,2025,2024,ALL_COMP,TAX_PROV_TO_EBT,0,2024-09-30,RPT,20.500383702742
RBI:RATIO_LNGNFC_SAL_QTR_RN(1.0),N_A,592,QFY,2025,2024,LES_CLS_THAN_25,CORM_TO_SAL,0,2024-09-30,RPT,50.997949947782
RBI:RATIO_LNGNFC_SAL_QTR_RN(1.0),N_A,592,QFY,2025,2024,LES_CLS_THAN_25,CSH_CVG_RATIO,0,2024-09-30,RPT,0.624500090074
RBI:RATIO_LNGNFC_SAL_QTR_RN(1.0),N_A,592,QFY,2025,2024,LES_CLS_THAN_25,EBITDA_TO_SAL,0,2024-09-30,RPT,14.433461849129
RBI:RATIO_LNGNFC_SAL_QTR_RN(1.0),N_A,592,QFY,2025,2024,LES_CLS_THAN_25,EBIT_TO_SAL,0,2024-09-30,RPT,4.063652790847
RBI:RATIO_LNGNFC_SAL_QTR_RN(1.0),N_A,592,QFY,2025,2024,LES_CLS_THAN_25,INT_CVG,0,2024-09-30,RPT,0.175824175824
RBI:RATIO_LNGNFC_SAL_QTR_RN(1.0),N_A,592,QFY,2025,2024,LES_CLS_THAN_25,INT_TO_SAL,0,2024-09-30,RPT,23.112025247941
RBI:RATIO_LNGNFC_SAL_QTR_RN(1.0),N_A,592,QFY,2025,2024,LES_CLS_THAN_25,NET_PFT_TO_SAL,0,2024-09-30,RPT,-14.953909184022
RBI:RATIO_LNGNFC_SAL_QTR_RN(1.0),N_A,592,QFY,2025,2024,LES_CLS_THAN_25,OPR_PFTS_TO_SAL,0,2024-09-30,RPT,-42.573424710007
RBI:RATIO_LNGNFC_SAL_QTR_RN(1.0),N_A,592,QFY,2025,2024,LES_CLS_THAN_25,SC_TO_SAL,0,2024-09-30,RPT,27.113316360991
RBI:RATIO_LNGNFC_SAL_QTR_RN(1.0),N_A,592,QFY,2025,2024,LES_CLS_THAN_25,TAX_PROV_TO_EBT,0,2024-09-30,RPT,11.062303243283
RBI:RATIO_LNGNFC_SAL_QTR_RN(1.0),N_A,739,QFY,2025,2024,100_N_ABOVE,CORM_TO_SAL,0,2024-12-31,RPT,51.643409003326
RBI:RATIO_LNGNFC_SAL_QTR_RN(1.0),N_A,739,QFY,2025,2024,100_N_ABOVE,CSH_CVG_RATIO,0,2024-12-31,RPT,7.623997151813
RBI:RATIO_LNGNFC_SAL_QTR_RN(1.0),N_A,739,QFY,2025,2024,100_N_ABOVE,EBITDA_TO_SAL,0,2024-12-31,RPT,19.202593533791
RBI:RATIO_LNGNFC_SAL_QTR_RN(1.0),N_A,739,QFY,2025,2024,100_N_ABOVE,EBIT_TO_SAL,0,2024-12-31,RPT,15.121149188017
RBI:RATIO_LNGNFC_SAL_QTR_RN(1.0),N_A,739,QFY,2025,2024,100_N_ABOVE,INT_BURDEN,0,2024-12-31,RPT,16.656830468542
RBI:RATIO_LNGNFC_SAL_QTR_RN(1.0),N_A,739,QFY,2025,2024,100_N_ABOVE,INT_CVG,0,2024-12-31,RPT,6.003543122376
RBI:RATIO_LNGNFC_SAL_QTR_RN(1.0),N_A,739,QFY,2025,2024,100_N_ABOVE,INT_TO_SAL,0,2024-12-31,RPT,2.518704185143
RBI:RATIO_LNGNFC_SAL_QTR_RN(1.0),N_A,739,QFY,2025,2024,100_N_ABOVE,NET_PFT_TO_SAL,0,2024-12-31,RPT,10.745049478678
RBI:RATIO_LNGNFC_SAL_QTR_RN(1.0),N_A,739,QFY,2025,2024,100_N_ABOVE,OPR_PFTS_TO_SAL,0,2024-12-31,RPT,16.726719515541
RBI:RATIO_LNGNFC_SAL_QTR_RN(1.0),N_A,739,QFY,2025,2024,100_N_ABOVE,OTH_INC_NET_PFT,0,2024-12-31,RPT,23.041997369702
RBI:RATIO_LNGNFC_SAL_QTR_RN(1.0),N_A,739,QFY,2025,2024,100_N_ABOVE,SC_TO_SAL,0,2024-12-31,RPT,10.535709980675
RBI:RATIO_LNGNFC_SAL_QTR_RN(1.0),N_A,739,QFY,2025,2024,100_N_ABOVE,TAX_PROV_TO_EBT,0,2024-12-31,RPT,20.292726199684
RBI:RATIO_LNGNFC_SAL_QTR_RN(1.0),N_A,811,QFY,2025,2024,100_TO_500,CORM_TO_SAL,0,2024-12-31,RPT,53.456124792969
RBI:RATIO_LNGNFC_SAL_QTR_RN(1.0),N_A,811,QFY,2025,2024,100_TO_500,CSH_CVG_RATIO,0,2024-12-31,RPT,3.69503931033
RBI:RATIO_LNGNFC_SAL_QTR_RN(1.0),N_A,811,QFY,2025,2024,100_TO_500,EBITDA_TO_SAL,0,2024-12-31,RPT,13.810877744046
RBI:RATIO_LNGNFC_SAL_QTR_RN(1.0),N_A,811,QFY,2025,2024,100_TO_500,EBIT_TO_SAL,0,2024-12-31,RPT,9.986969365009
RBI:RATIO_LNGNFC_SAL_QTR_RN(1.0),N_A,811,QFY,2025,2024,100_TO_500,INT_BURDEN,0,2024-12-31,RPT,37.425576602605
RBI:RATIO_LNGNFC_SAL_QTR_RN(1.0),N_A,811,QFY,2025,2024,100_TO_500,INT_CVG,0,2024-12-31,RPT,2.67196952132
RBI:RATIO_LNGNFC_SAL_QTR_RN(1.0),N_A,811,QFY,2025,2024,100_TO_500,INT_TO_SAL,0,2024-12-31,RPT,3.73768086998
RBI:RATIO_LNGNFC_SAL_QTR_RN(1.0),N_A,811,QFY,2025,2024,100_TO_500,NET_PFT_TO_SAL,0,2024-12-31,RPT,-6.259983227194
RBI:RATIO_LNGNFC_SAL_QTR_RN(1.0),N_A,811,QFY,2025,2024,100_TO_500,OPR_PFTS_TO_SAL,0,2024-12-31,RPT,9.814140129747
RBI:RATIO_LNGNFC_SAL_QTR_RN(1.0),N_A,811,QFY,2025,2024,100_TO_500,SC_TO_SAL,0,2024-12-31,RPT,12.571767029562
RBI:RATIO_LNGNFC_SAL_QTR_RN(1.0),N_A,811,QFY,2025,2024,100_TO_500,TAX_PROV_TO_EBT,0,2024-12-31,RPT,19.600024272476
RBI:RATIO_LNGNFC_SAL_QTR_RN(1.0),N_A,215,QFY,2025,2024,25_TO_50,CORM_TO_SAL,0,2024-12-31,RPT,51.69342485959
RBI:RATIO_LNGNFC_SAL_QTR_RN(1.0),N_A,215,QFY,2025,2024,25_TO_50,CSH_CVG_RATIO,0,2024-12-31,RPT,3.733632734531
RBI:RATIO_LNGNFC_SAL_QTR_RN(1.0),N_A,215,QFY,2025,2024,25_TO_50,EBITDA_TO_SAL,0,2024-12-31,RPT,18.622073112456
RBI:RATIO_LNGNFC_SAL_QTR_RN(1.0),N_A,215,QFY,2025,2024,25_TO_50,EBIT_TO_SAL,0,2024-12-31,RPT,12.177942816183
RBI:RATIO_LNGNFC_SAL_QTR_RN(1.0),N_A,215,QFY,2025,2024,25_TO_50,INT_BURDEN,0,2024-12-31,RPT,40.95646842428
RBI:RATIO_LNGNFC_SAL_QTR_RN(1.0),N_A,215,QFY,2025,2024,25_TO_50,INT_CVG,0,2024-12-31,RPT,2.441616766467
RBI:RATIO_LNGNFC_SAL_QTR_RN(1.0),N_A,215,QFY,2025,2024,25_TO_50,INT_TO_SAL,0,2024-12-31,RPT,4.987655304237
RBI:RATIO_LNGNFC_SAL_QTR_RN(1.0),N_A,215,QFY,2025,2024,25_TO_50,NET_PFT_TO_SAL,0,2024-12-31,RPT,-11.20778910481
RBI:RATIO_LNGNFC_SAL_QTR_RN(1.0),N_A,215,QFY,2025,2024,25_TO_50,OPR_PFTS_TO_SAL,0,2024-12-31,RPT,0.287711054476
RBI:RATIO_LNGNFC_SAL_QTR_RN(1.0),N_A,215,QFY,2025,2024,25_TO_50,SC_TO_SAL,0,2024-12-31,RPT,18.32091571701
RBI:RATIO_LNGNFC_SAL_QTR_RN(1.0),N_A,215,QFY,2025,2024,25_TO_50,TAX_PROV_TO_EBT,0,2024-12-31,RPT,15.596043075382
RBI:RATIO_LNGNFC_SAL_QTR_RN(1.0),N_A,314,QFY,2025,2024,500_TO_1000,CORM_TO_SAL,0,2024-12-31,RPT,62.187071064256
RBI:RATIO_LNGNFC_SAL_QTR_RN(1.0),N_A,314,QFY,2025,2024,500_TO_1000,CSH_CVG_RATIO,0,2024-12-31,RPT,5.061044705882
RBI:RATIO_LNGNFC_SAL_QTR_RN(1.0),N_A,314,QFY,2025,2024,500_TO_1000,EBITDA_TO_SAL,0,2024-12-31,RPT,14.524842291175
RBI:RATIO_LNGNFC_SAL_QTR_RN(1.0),N_A,314,QFY,2025,2024,500_TO_1000,EBIT_TO_SAL,0,2024-12-31,RPT,11.276721183475
RBI:RATIO_LNGNFC_SAL_QTR_RN(1.0),N_A,314,QFY,2025,2024,500_TO_1000,INT_BURDEN,0,2024-12-31,RPT,25.450036488366
RBI:RATIO_LNGNFC_SAL_QTR_RN(1.0),N_A,314,QFY,2025,2024,500_TO_1000,INT_CVG,0,2024-12-31,RPT,3.92926745098
RBI:RATIO_LNGNFC_SAL_QTR_RN(1.0),N_A,314,QFY,2025,2024,500_TO_1000,INT_TO_SAL,0,2024-12-31,RPT,2.869929655886
RBI:RATIO_LNGNFC_SAL_QTR_RN(1.0),N_A,314,QFY,2025,2024,500_TO_1000,NET_PFT_TO_SAL,0,2024-12-31,RPT,6.212103422991
RBI:RATIO_LNGNFC_SAL_QTR_RN(1.0),N_A,314,QFY,2025,2024,500_TO_1000,OPR_PFTS_TO_SAL,0,2024-12-31,RPT,11.093243766918
RBI:RATIO_LNGNFC_SAL_QTR_RN(1.0),N_A,314,QFY,2025,2024,500_TO_1000,OTH_INC_NET_PFT,0,2024-12-31,RPT,55.240524675701
RBI:RATIO_LNGNFC_SAL_QTR_RN(1.0),N_A,314,QFY,2025,2024,500_TO_1000,SC_TO_SAL,0,2024-12-31,RPT,10.451464748522
RBI:RATIO_LNGNFC_SAL_QTR_RN(1.0),N_A,314,QFY,2025,2024,500_TO_1000,TAX_PROV_TO_EBT,0,2024-12-31,RPT,23.016075029859
RBI:RATIO_LNGNFC_SAL_QTR_RN(1.0),N_A,277,QFY,2025,2024,50_TO_100,CORM_TO_SAL,0,2024-12-31,RPT,54.242555128142
RBI:RATIO_LNGNFC_SAL_QTR_RN(1.0),N_A,277,QFY,2025,2024,50_TO_100,CSH_CVG_RATIO,0,2024-12-31,RPT,0.58682821872
RBI:RATIO_LNGNFC_SAL_QTR_RN(1.0),N_A,277,QFY,2025,2024,50_TO_100,EBITDA_TO_SAL,0,2024-12-31,RPT,9.603430639704
RBI:RATIO_LNGNFC_SAL_QTR_RN(1.0),N_A,277,QFY,2025,2024,50_TO_100,EBIT_TO_SAL,0,2024-12-31,RPT,6.184200173106
RBI:RATIO_LNGNFC_SAL_QTR_RN(1.0),N_A,277,QFY,2025,2024,50_TO_100,INT_CVG,0,2024-12-31,RPT,0.377892370752
RBI:RATIO_LNGNFC_SAL_QTR_RN(1.0),N_A,277,QFY,2025,2024,50_TO_100,INT_TO_SAL,0,2024-12-31,RPT,16.364977574947
RBI:RATIO_LNGNFC_SAL_QTR_RN(1.0),N_A,277,QFY,2025,2024,50_TO_100,NET_PFT_TO_SAL,0,2024-12-31,RPT,-8.431229837123
RBI:RATIO_LNGNFC_SAL_QTR_RN(1.0),N_A,277,QFY,2025,2024,50_TO_100,OPR_PFTS_TO_SAL,0,2024-12-31,RPT,5.046620505154
RBI:RATIO_LNGNFC_SAL_QTR_RN(1.0),N_A,277,QFY,2025,2024,50_TO_100,SC_TO_SAL,0,2024-12-31,RPT,14.287556108291
RBI:RATIO_LNGNFC_SAL_QTR_RN(1.0),N_A,277,QFY,2025,2024,50_TO_100,TAX_PROV_TO_EBT,0,2024-12-31,RPT,18.717014463951
RBI:RATIO_LNGNFC_SAL_QTR_RN(1.0),N_A,2924,QFY,2025,2024,ALL_COMP,CORM_TO_SAL,0,2024-12-31,RPT,52.103792641464
RBI:RATIO_LNGNFC_SAL_QTR_RN(1.0),N_A,2924,QFY,2025,2024,ALL_COMP,CSH_CVG_RATIO,0,2024-12-31,RPT,7.044646280213
RBI:RATIO_LNGNFC_SAL_QTR_RN(1.0),N_A,2924,QFY,2025,2024,ALL_COMP,EBITDA_TO_SAL,0,2024-12-31,RPT,18.825023864459
RBI:RATIO_LNGNFC_SAL_QTR_RN(1.0),N_A,2924,QFY,2025,2024,ALL_COMP,EBIT_TO_SAL,0,2024-12-31,RPT,14.774161307985
RBI:RATIO_LNGNFC_SAL_QTR_RN(1.0),N_A,2924,QFY,2025,2024,ALL_COMP,INT_BURDEN,0,2024-12-31,RPT,18.087290232126
RBI:RATIO_LNGNFC_SAL_QTR_RN(1.0),N_A,2924,QFY,2025,2024,ALL_COMP,INT_CVG,0,2024-12-31,RPT,5.528744146671
RBI:RATIO_LNGNFC_SAL_QTR_RN(1.0),N_A,2924,QFY,2025,2024,ALL_COMP,INT_TO_SAL,0,2024-12-31,RPT,2.672245435138
RBI:RATIO_LNGNFC_SAL_QTR_RN(1.0),N_A,2924,QFY,2025,2024,ALL_COMP,NET_PFT_TO_SAL,0,2024-12-31,RPT,9.898677376062
RBI:RATIO_LNGNFC_SAL_QTR_RN(1.0),N_A,2924,QFY,2025,2024,ALL_COMP,OPR_PFTS_TO_SAL,0,2024-12-31,RPT,16.224878362106
RBI:RATIO_LNGNFC_SAL_QTR_RN(1.0),N_A,2924,QFY,2025,2024,ALL_COMP,OTH_INC_NET_PFT,0,2024-12-31,RPT,26.267605292815
RBI:RATIO_LNGNFC_SAL_QTR_RN(1.0),N_A,2924,QFY,2025,2024,ALL_COMP,SC_TO_SAL,0,2024-12-31,RPT,10.624994829179
RBI:RATIO_LNGNFC_SAL_QTR_RN(1.0),N_A,2924,QFY,2025,2024,ALL_COMP,TAX_PROV_TO_EBT,0,2024-12-31,RPT,20.332793638761
RBI:RATIO_LNGNFC_SAL_QTR_RN(1.0),N_A,568,QFY,2025,2024,LES_CLS_THAN_25,CORM_TO_SAL,0,2024-12-31,RPT,55.73011670099
RBI:RATIO_LNGNFC_SAL_QTR_RN(1.0),N_A,568,QFY,2025,2024,LES_CLS_THAN_25,EBITDA_TO_SAL,0,2024-12-31,RPT,-21.163582326819
RBI:RATIO_LNGNFC_SAL_QTR_RN(1.0),N_A,568,QFY,2025,2024,LES_CLS_THAN_25,EBIT_TO_SAL,0,2024-12-31,RPT,-31.230452888221
RBI:RATIO_LNGNFC_SAL_QTR_RN(1.0),N_A,568,QFY,2025,2024,LES_CLS_THAN_25,INT_TO_SAL,0,2024-12-31,RPT,88.511914018627
RBI:RATIO_LNGNFC_SAL_QTR_RN(1.0),N_A,568,QFY,2025,2024,LES_CLS_THAN_25,NET_PFT_TO_SAL,0,2024-12-31,RPT,-124.021564460111
RBI:RATIO_LNGNFC_SAL_QTR_RN(1.0),N_A,568,QFY,2025,2024,LES_CLS_THAN_25,OPR_PFTS_TO_SAL,0,2024-12-31,RPT,-53.613083821471
RBI:RATIO_LNGNFC_SAL_QTR_RN(1.0),N_A,568,QFY,2025,2024,LES_CLS_THAN_25,SC_TO_SAL,0,2024-12-31,RPT,24.981331030077
RBI:RATIO_LNGNFC_SAL_QTR_RN(1.0),N_A,568,QFY,2025,2024,LES_CLS_THAN_25,TAX_PROV_TO_EBT,0,2024-12-31,RPT,21.039560049672
RBI:RATIO_LNGNFC_SAL_QTR_RN(1.0),N_A,772,QFY,2025,2024,100_N_ABOVE,CORM_TO_SAL,0,2025-03-31,RPT,51.977893492063
RBI:RATIO_LNGNFC_SAL_QTR_RN(1.0),N_A,772,QFY,2025,2024,100_N_ABOVE,CSH_CVG_RATIO,0,2025-03-31,RPT,8.098001369471
RBI:RATIO_LNGNFC_SAL_QTR_RN(1.0),N_A,772,QFY,2025,2024,100_N_ABOVE,EBITDA_TO_SAL,0,2025-03-31,RPT,19.560765731375
RBI:RATIO_LNGNFC_SAL_QTR_RN(1.0),N_A,772,QFY,2025,2024,100_N_ABOVE,EBIT_TO_SAL,0,2025-03-31,RPT,15.573727841583
RBI:RATIO_LNGNFC_SAL_QTR_RN(1.0),N_A,772,QFY,2025,2024,100_N_ABOVE,INT_BURDEN,0,2025-03-31,RPT,15.51012953873
RBI:RATIO_LNGNFC_SAL_QTR_RN(1.0),N_A,772,QFY,2025,2024,100_N_ABOVE,INT_CVG,0,2025-03-31,RPT,6.447399407613
RBI:RATIO_LNGNFC_SAL_QTR_RN(1.0),N_A,772,QFY,2025,2024,100_N_ABOVE,INT_TO_SAL,0,2025-03-31,RPT,2.415505362239
RBI:RATIO_LNGNFC_SAL_QTR_RN(1.0),N_A,772,QFY,2025,2024,100_N_ABOVE,NET_PFT_TO_SAL,0,2025-03-31,RPT,11.679389668787
RBI:RATIO_LNGNFC_SAL_QTR_RN(1.0),N_A,772,QFY,2025,2024,100_N_ABOVE,OPR_PFTS_TO_SAL,0,2025-03-31,RPT,16.85897691774
RBI:RATIO_LNGNFC_SAL_QTR_RN(1.0),N_A,772,QFY,2025,2024,100_N_ABOVE,OTH_INC_NET_PFT,0,2025-03-31,RPT,23.132962340103
RBI:RATIO_LNGNFC_SAL_QTR_RN(1.0),N_A,772,QFY,2025,2024,100_N_ABOVE,SC_TO_SAL,0,2025-03-31,RPT,10.091021658062
RBI:RATIO_LNGNFC_SAL_QTR_RN(1.0),N_A,772,QFY,2025,2024,100_N_ABOVE,TAX_PROV_TO_EBT,0,2025-03-31,RPT,20.648529520601
RBI:RATIO_LNGNFC_SAL_QTR_RN(1.0),N_A,792,QFY,2025,2024,100_TO_500,CORM_TO_SAL,0,2025-03-31,RPT,52.497477975276
RBI:RATIO_LNGNFC_SAL_QTR_RN(1.0),N_A,792,QFY,2025,2024,100_TO_500,CSH_CVG_RATIO,0,2025-03-31,RPT,3.135568201378
RBI:RATIO_LNGNFC_SAL_QTR_RN(1.0),N_A,792,QFY,2025,2024,100_TO_500,EBITDA_TO_SAL,0,2025-03-31,RPT,11.886549952742
RBI:RATIO_LNGNFC_SAL_QTR_RN(1.0),N_A,792,QFY,2025,2024,100_TO_500,EBIT_TO_SAL,0,2025-03-31,RPT,8.437649533948
RBI:RATIO_LNGNFC_SAL_QTR_RN(1.0),N_A,792,QFY,2025,2024,100_TO_500,INT_BURDEN,0,2025-03-31,RPT,44.928103411104
RBI:RATIO_LNGNFC_SAL_QTR_RN(1.0),N_A,792,QFY,2025,2024,100_TO_500,INT_CVG,0,2025-03-31,RPT,2.225778352693
RBI:RATIO_LNGNFC_SAL_QTR_RN(1.0),N_A,792,QFY,2025,2024,100_TO_500,INT_TO_SAL,0,2025-03-31,RPT,3.790875908079
RBI:RATIO_LNGNFC_SAL_QTR_RN(1.0),N_A,792,QFY,2025,2024,100_TO_500,NET_PFT_TO_SAL,0,2025-03-31,RPT,-1.278191474637
RBI:RATIO_LNGNFC_SAL_QTR_RN(1.0),N_A,792,QFY,2025,2024,100_TO_500,OPR_PFTS_TO_SAL,0,2025-03-31,RPT,7.281438215044
RBI:RATIO_LNGNFC_SAL_QTR_RN(1.0),N_A,792,QFY,2025,2024,100_TO_500,SC_TO_SAL,0,2025-03-31,RPT,11.901135926717
RBI:RATIO_LNGNFC_SAL_QTR_RN(1.0),N_A,792,QFY,2025,2024,100_TO_500,TAX_PROV_TO_EBT,0,2025-03-31,RPT,19.069970598398
RBI:RATIO_LNGNFC_SAL_QTR_RN(1.0),N_A,212,QFY,2025,2024,25_TO_50,CORM_TO_SAL,0,2025-03-31,RPT,50.629972854067
RBI:RATIO_LNGNFC_SAL_QTR_RN(1.0),N_A,212,QFY,2025,2024,25_TO_50,CSH_CVG_RATIO,0,2025-03-31,RPT,0.21807597833
RBI:RATIO_LNGNFC_SAL_QTR_RN(1.0),N_A,212,QFY,2025,2024,25_TO_50,EBITDA_TO_SAL,0,2025-03-31,RPT,10.099892471443
RBI:RATIO_LNGNFC_SAL_QTR_RN(1.0),N_A,212,QFY,2025,2024,25_TO_50,EBIT_TO_SAL,0,2025-03-31,RPT,4.918782174155
RBI:RATIO_LNGNFC_SAL_QTR_RN(1.0),N_A,212,QFY,2025,2024,25_TO_50,INT_CVG,0,2025-03-31,RPT,0.106205906435
RBI:RATIO_LNGNFC_SAL_QTR_RN(1.0),N_A,212,QFY,2025,2024,25_TO_50,INT_TO_SAL,0,2025-03-31,RPT,46.313640542941
RBI:RATIO_LNGNFC_SAL_QTR_RN(1.0),N_A,212,QFY,2025,2024,25_TO_50,NET_PFT_TO_SAL,0,2025-03-31,RPT,-34.973273699138
RBI:RATIO_LNGNFC_SAL_QTR_RN(1.0),N_A,212,QFY,2025,2024,25_TO_50,OPR_PFTS_TO_SAL,0,2025-03-31,RPT,-6.328601037884
RBI:RATIO_LNGNFC_SAL_QTR_RN(1.0),N_A,212,QFY,2025,2024,25_TO_50,SC_TO_SAL,0,2025-03-31,RPT,18.524415282267
RBI:RATIO_LNGNFC_SAL_QTR_RN(1.0),N_A,212,QFY,2025,2024,25_TO_50,TAX_PROV_TO_EBT,0,2025-03-31,RPT,25.211123661987
RBI:RATIO_LNGNFC_SAL_QTR_RN(1.0),N_A,329,QFY,2025,2024,500_TO_1000,CORM_TO_SAL,0,2025-03-31,RPT,58.089991181221
RBI:RATIO_LNGNFC_SAL_QTR_RN(1.0),N_A,329,QFY,2025,2024,500_TO_1000,CSH_CVG_RATIO,0,2025-03-31,RPT,5.228441291902
RBI:RATIO_LNGNFC_SAL_QTR_RN(1.0),N_A,329,QFY,2025,2024,500_TO_1000,EBITDA_TO_SAL,0,2025-03-31,RPT,14.79166960234
RBI:RATIO_LNGNFC_SAL_QTR_RN(1.0),N_A,329,QFY,2025,2024,500_TO_1000,EBIT_TO_SAL,0,2025-03-31,RPT,11.631803879911
RBI:RATIO_LNGNFC_SAL_QTR_RN(1.0),N_A,329,QFY,2025,2024,500_TO_1000,INT_BURDEN,0,2025-03-31,RPT,24.321921956987
RBI:RATIO_LNGNFC_SAL_QTR_RN(1.0),N_A,329,QFY,2025,2024,500_TO_1000,INT_CVG,0,2025-03-31,RPT,4.111517180955
RBI:RATIO_LNGNFC_SAL_QTR_RN(1.0),N_A,329,QFY,2025,2024,500_TO_1000,INT_TO_SAL,0,2025-03-31,RPT,2.829078261862
RBI:RATIO_LNGNFC_SAL_QTR_RN(1.0),N_A,329,QFY,2025,2024,500_TO_1000,NET_PFT_TO_SAL,0,2025-03-31,RPT,6.043831885134
RBI:RATIO_LNGNFC_SAL_QTR_RN(1.0),N_A,329,QFY,2025,2024,500_TO_1000,OPR_PFTS_TO_SAL,0,2025-03-31,RPT,10.796482352767
RBI:RATIO_LNGNFC_SAL_QTR_RN(1.0),N_A,329,QFY,2025,2024,500_TO_1000,OTH_INC_NET_PFT,0,2025-03-31,RPT,66.103546979856
RBI:RATIO_LNGNFC_SAL_QTR_RN(1.0),N_A,329,QFY,2025,2024,500_TO_1000,SC_TO_SAL,0,2025-03-31,RPT,9.530106900234
RBI:RATIO_LNGNFC_SAL_QTR_RN(1.0),N_A,329,QFY,2025,2024,500_TO_1000,TAX_PROV_TO_EBT,0,2025-03-31,RPT,19.782713298882
RBI:RATIO_LNGNFC_SAL_QTR_RN(1.0),N_A,258,QFY,2025,2024,50_TO_100,CORM_TO_SAL,0,2025-03-31,RPT,55.21388324881
RBI:RATIO_LNGNFC_SAL_QTR_RN(1.0),N_A,258,QFY,2025,2024,50_TO_100,CSH_CVG_RATIO,0,2025-03-31,RPT,4.028067314971
RBI:RATIO_LNGNFC_SAL_QTR_RN(1.0),N_A,258,QFY,2025,2024,50_TO_100,EBITDA_TO_SAL,0,2025-03-31,RPT,14.63207235868
RBI:RATIO_LNGNFC_SAL_QTR_RN(1.0),N_A,258,QFY,2025,2024,50_TO_100,EBIT_TO_SAL,0,2025-03-31,RPT,11.280872162384
RBI:RATIO_LNGNFC_SAL_QTR_RN(1.0),N_A,258,QFY,2025,2024,50_TO_100,INT_BURDEN,0,2025-03-31,RPT,32.200783784291
RBI:RATIO_LNGNFC_SAL_QTR_RN(1.0),N_A,258,QFY,2025,2024,50_TO_100,INT_CVG,0,2025-03-31,RPT,3.10551447039
RBI:RATIO_LNGNFC_SAL_QTR_RN(1.0),N_A,258,QFY,2025,2024,50_TO_100,INT_TO_SAL,0,2025-03-31,RPT,3.632529253991
RBI:RATIO_LNGNFC_SAL_QTR_RN(1.0),N_A,258,QFY,2025,2024,50_TO_100,NET_PFT_TO_SAL,0,2025-03-31,RPT,12.733841558859
RBI:RATIO_LNGNFC_SAL_QTR_RN(1.0),N_A,258,QFY,2025,2024,50_TO_100,OPR_PFTS_TO_SAL,0,2025-03-31,RPT,6.267292218396
RBI:RATIO_LNGNFC_SAL_QTR_RN(1.0),N_A,258,QFY,2025,2024,50_TO_100,OTH_INC_NET_PFT,0,2025-03-31,RPT,65.689368770764
RBI:RATIO_LNGNFC_SAL_QTR_RN(1.0),N_A,258,QFY,2025,2024,50_TO_100,SC_TO_SAL,0,2025-03-31,RPT,14.032360433302
RBI:RATIO_LNGNFC_SAL_QTR_RN(1.0),N_A,258,QFY,2025,2024,50_TO_100,TAX_PROV_TO_EBT,0,2025-03-31,RPT,19.167782987274
RBI:RATIO_LNGNFC_SAL_QTR_RN(1.0),N_A,2936,QFY,2025,2024,ALL_COMP,CORM_TO_SAL,0,2025-03-31,RPT,52.220851118383
RBI:RATIO_LNGNFC_SAL_QTR_RN(1.0),N_A,2936,QFY,2025,2024,ALL_COMP,CSH_CVG_RATIO,0,2025-03-31,RPT,7.552812588976
RBI:RATIO_LNGNFC_SAL_QTR_RN(1.0),N_A,2936,QFY,2025,2024,ALL_COMP,EBITDA_TO_SAL,0,2025-03-31,RPT,19.121344897692
RBI:RATIO_LNGNFC_SAL_QTR_RN(1.0),N_A,2936,QFY,2025,2024,ALL_COMP,EBIT_TO_SAL,0,2025-03-31,RPT,15.17333226774
RBI:RATIO_LNGNFC_SAL_QTR_RN(1.0),N_A,2936,QFY,2025,2024,ALL_COMP,INT_BURDEN,0,2025-03-31,RPT,16.685097868141
RBI:RATIO_LNGNFC_SAL_QTR_RN(1.0),N_A,2936,QFY,2025,2024,ALL_COMP,INT_CVG,0,2025-03-31,RPT,5.993372097082
RBI:RATIO_LNGNFC_SAL_QTR_RN(1.0),N_A,2936,QFY,2025,2024,ALL_COMP,INT_TO_SAL,0,2025-03-31,RPT,2.531685338731
RBI:RATIO_LNGNFC_SAL_QTR_RN(1.0),N_A,2936,QFY,2025,2024,ALL_COMP,NET_PFT_TO_SAL,0,2025-03-31,RPT,11.018724343291
RBI:RATIO_LNGNFC_SAL_QTR_RN(1.0),N_A,2936,QFY,2025,2024,ALL_COMP,OPR_PFTS_TO_SAL,0,2025-03-31,RPT,16.264428238356
RBI:RATIO_LNGNFC_SAL_QTR_RN(1.0),N_A,2936,QFY,2025,2024,ALL_COMP,OTH_INC_NET_PFT,0,2025-03-31,RPT,25.92783493195
RBI:RATIO_LNGNFC_SAL_QTR_RN(1.0),N_A,2936,QFY,2025,2024,ALL_COMP,SC_TO_SAL,0,2025-03-31,RPT,10.153833904238
RBI:RATIO_LNGNFC_SAL_QTR_RN(1.0),N_A,2936,QFY,2025,2024,ALL_COMP,TAX_PROV_TO_EBT,0,2025-03-31,RPT,20.607751645721
RBI:RATIO_LNGNFC_SAL_QTR_RN(1.0),N_A,573,QFY,2025,2024,LES_CLS_THAN_25,CORM_TO_SAL,0,2025-03-31,RPT,59.537269892365
RBI:RATIO_LNGNFC_SAL_QTR_RN(1.0),N_A,573,QFY,2025,2024,LES_CLS_THAN_25,EBITDA_TO_SAL,0,2025-03-31,RPT,-48.279395078663
RBI:RATIO_LNGNFC_SAL_QTR_RN(1.0),N_A,573,QFY,2025,2024,LES_CLS_THAN_25,EBIT_TO_SAL,0,2025-03-31,RPT,-57.708005216007
RBI:RATIO_LNGNFC_SAL_QTR_RN(1.0),N_A,573,QFY,2025,2024,LES_CLS_THAN_25,INT_TO_SAL,0,2025-03-31,RPT,23.470338193704
RBI:RATIO_LNGNFC_SAL_QTR_RN(1.0),N_A,573,QFY,2025,2024,LES_CLS_THAN_25,NET_PFT_TO_SAL,0,2025-03-31,RPT,-87.101390370709
RBI:RATIO_LNGNFC_SAL_QTR_RN(1.0),N_A,573,QFY,2025,2024,LES_CLS_THAN_25,OPR_PFTS_TO_SAL,0,2025-03-31,RPT,-96.269200155803
RBI:RATIO_LNGNFC_SAL_QTR_RN(1.0),N_A,573,QFY,2025,2024,LES_CLS_THAN_25,SC_TO_SAL,0,2025-03-31,RPT,27.722842334294
RBI:RATIO_LNGNFC_SAL_QTR_RN(1.0),N_A,573,QFY,2025,2024,LES_CLS_THAN_25,TAX_PROV_TO_EBT,0,2025-03-31,RPT,33.770769921661
RBI:RATIO_LNGNFC_SAL_QTR_RN(1.0),N_A,791,QFY,2026,2025,100_N_ABOVE,CORM_TO_SAL,0,2025-06-30,RPT,50.992655826697
RBI:RATIO_LNGNFC_SAL_QTR_RN(1.0),N_A,791,QFY,2026,2025,100_N_ABOVE,CSH_CVG_RATIO,0,2025-06-30,RPT,8.369010795837
RBI:RATIO_LNGNFC_SAL_QTR_RN(1.0),N_A,791,QFY,2026,2025,100_N_ABOVE,EBITDA_TO_SAL,0,2025-06-30,RPT,20.400874496478
RBI:RATIO_LNGNFC_SAL_QTR_RN(1.0),N_A,791,QFY,2026,2025,100_N_ABOVE,EBIT_TO_SAL,0,2025-06-30,RPT,16.30151006043
RBI:RATIO_LNGNFC_SAL_QTR_RN(1.0),N_A,791,QFY,2026,2025,100_N_ABOVE,INT_BURDEN,0,2025-06-30,RPT,14.953636510377
RBI:RATIO_LNGNFC_SAL_QTR_RN(1.0),N_A,791,QFY,2026,2025,100_N_ABOVE,INT_CVG,0,2025-06-30,RPT,6.687336550585
RBI:RATIO_LNGNFC_SAL_QTR_RN(1.0),N_A,791,QFY,2026,2025,100_N_ABOVE,INT_TO_SAL,0,2025-06-30,RPT,2.437668560139
RBI:RATIO_LNGNFC_SAL_QTR_RN(1.0),N_A,791,QFY,2026,2025,100_N_ABOVE,NET_PFT_TO_SAL,0,2025-06-30,RPT,11.305215341955
RBI:RATIO_LNGNFC_SAL_QTR_RN(1.0),N_A,791,QFY,2026,2025,100_N_ABOVE,OPR_PFTS_TO_SAL,0,2025-06-30,RPT,16.928674826887
RBI:RATIO_LNGNFC_SAL_QTR_RN(1.0),N_A,791,QFY,2026,2025,100_N_ABOVE,OTH_INC_NET_PFT,0,2025-06-30,RPT,30.713255471613
RBI:RATIO_LNGNFC_SAL_QTR_RN(1.0),N_A,791,QFY,2026,2025,100_N_ABOVE,SC_TO_SAL,0,2025-06-30,RPT,10.750056562817
RBI:RATIO_LNGNFC_SAL_QTR_RN(1.0),N_A,791,QFY,2026,2025,100_N_ABOVE,TAX_PROV_TO_EBT,0,2025-06-30,RPT,20.572596987779
RBI:RATIO_LNGNFC_SAL_QTR_RN(1.0),N_A,831,QFY,2026,2025,100_TO_500,CORM_TO_SAL,0,2025-06-30,RPT,57.116246928785
RBI:RATIO_LNGNFC_SAL_QTR_RN(1.0),N_A,831,QFY,2026,2025,100_TO_500,CSH_CVG_RATIO,0,2025-06-30,RPT,3.153636641126
RBI:RATIO_LNGNFC_SAL_QTR_RN(1.0),N_A,831,QFY,2026,2025,100_TO_500,EBITDA_TO_SAL,0,2025-06-30,RPT,15.312091546423
RBI:RATIO_LNGNFC_SAL_QTR_RN(1.0),N_A,831,QFY,2026,2025,100_TO_500,EBIT_TO_SAL,0,2025-06-30,RPT,11.772393302592
RBI:RATIO_LNGNFC_SAL_QTR_RN(1.0),N_A,831,QFY,2026,2025,100_TO_500,INT_BURDEN,0,2025-06-30,RPT,41.243745763259
RBI:RATIO_LNGNFC_SAL_QTR_RN(1.0),N_A,831,QFY,2026,2025,100_TO_500,INT_CVG,0,2025-06-30,RPT,2.424610038429
RBI:RATIO_LNGNFC_SAL_QTR_RN(1.0),N_A,831,QFY,2026,2025,100_TO_500,INT_TO_SAL,0,2025-06-30,RPT,4.855375963972
RBI:RATIO_LNGNFC_SAL_QTR_RN(1.0),N_A,831,QFY,2026,2025,100_TO_500,NET_PFT_TO_SAL,0,2025-06-30,RPT,1.281894648879
RBI:RATIO_LNGNFC_SAL_QTR_RN(1.0),N_A,831,QFY,2026,2025,100_TO_500,OPR_PFTS_TO_SAL,0,2025-06-30,RPT,9.330112857879
RBI:RATIO_LNGNFC_SAL_QTR_RN(1.0),N_A,831,QFY,2026,2025,100_TO_500,SC_TO_SAL,0,2025-06-30,RPT,13.021024642442
RBI:RATIO_LNGNFC_SAL_QTR_RN(1.0),N_A,831,QFY,2026,2025,100_TO_500,TAX_PROV_TO_EBT,0,2025-06-30,RPT,19.75495788038
RBI:RATIO_LNGNFC_SAL_QTR_RN(1.0),N_A,238,QFY,2026,2025,25_TO_50,CORM_TO_SAL,0,2025-06-30,RPT,58.491029914746
RBI:RATIO_LNGNFC_SAL_QTR_RN(1.0),N_A,238,QFY,2026,2025,25_TO_50,CSH_CVG_RATIO,0,2025-06-30,RPT,0.267151274687
RBI:RATIO_LNGNFC_SAL_QTR_RN(1.0),N_A,238,QFY,2026,2025,25_TO_50,EBITDA_TO_SAL,0,2025-06-30,RPT,16.360520780445
RBI:RATIO_LNGNFC_SAL_QTR_RN(1.0),N_A,238,QFY,2026,2025,25_TO_50,EBIT_TO_SAL,0,2025-06-30,RPT,10.836748386161
RBI:RATIO_LNGNFC_SAL_QTR_RN(1.0),N_A,238,QFY,2026,2025,25_TO_50,INT_CVG,0,2025-06-30,RPT,0.176953483552
RBI:RATIO_LNGNFC_SAL_QTR_RN(1.0),N_A,238,QFY,2026,2025,25_TO_50,INT_TO_SAL,0,2025-06-30,RPT,61.240661492711
RBI:RATIO_LNGNFC_SAL_QTR_RN(1.0),N_A,238,QFY,2026,2025,25_TO_50,NET_PFT_TO_SAL,0,2025-06-30,RPT,-57.527471531153
RBI:RATIO_LNGNFC_SAL_QTR_RN(1.0),N_A,238,QFY,2026,2025,25_TO_50,OPR_PFTS_TO_SAL,0,2025-06-30,RPT,6.01699064336
RBI:RATIO_LNGNFC_SAL_QTR_RN(1.0),N_A,238,QFY,2026,2025,25_TO_50,SC_TO_SAL,0,2025-06-30,RPT,17.23537224365
RBI:RATIO_LNGNFC_SAL_QTR_RN(1.0),N_A,238,QFY,2026,2025,25_TO_50,TAX_PROV_TO_EBT,0,2025-06-30,RPT,17.533904354033
RBI:RATIO_LNGNFC_SAL_QTR_RN(1.0),N_A,337,QFY,2026,2025,500_TO_1000,CORM_TO_SAL,0,2025-06-30,RPT,55.319443403244
RBI:RATIO_LNGNFC_SAL_QTR_RN(1.0),N_A,337,QFY,2026,2025,500_TO_1000,CSH_CVG_RATIO,0,2025-06-30,RPT,5.87055836075
RBI:RATIO_LNGNFC_SAL_QTR_RN(1.0),N_A,337,QFY,2026,2025,500_TO_1000,EBITDA_TO_SAL,0,2025-06-30,RPT,16.840239867812
RBI:RATIO_LNGNFC_SAL_QTR_RN(1.0),N_A,337,QFY,2026,2025,500_TO_1000,EBIT_TO_SAL,0,2025-06-30,RPT,13.155837029047
RBI:RATIO_LNGNFC_SAL_QTR_RN(1.0),N_A,337,QFY,2026,2025,500_TO_1000,INT_BURDEN,0,2025-06-30,RPT,21.804713184718
RBI:RATIO_LNGNFC_SAL_QTR_RN(1.0),N_A,337,QFY,2026,2025,500_TO_1000,INT_CVG,0,2025-06-30,RPT,4.586164429353
RBI:RATIO_LNGNFC_SAL_QTR_RN(1.0),N_A,337,QFY,2026,2025,500_TO_1000,INT_TO_SAL,0,2025-06-30,RPT,2.868592531233
RBI:RATIO_LNGNFC_SAL_QTR_RN(1.0),N_A,337,QFY,2026,2025,500_TO_1000,NET_PFT_TO_SAL,0,2025-06-30,RPT,7.627087849584
RBI:RATIO_LNGNFC_SAL_QTR_RN(1.0),N_A,337,QFY,2026,2025,500_TO_1000,OPR_PFTS_TO_SAL,0,2025-06-30,RPT,12.761911715375
RBI:RATIO_LNGNFC_SAL_QTR_RN(1.0),N_A,337,QFY,2026,2025,500_TO_1000,OTH_INC_NET_PFT,0,2025-06-30,RPT,53.471629445823
RBI:RATIO_LNGNFC_SAL_QTR_RN(1.0),N_A,337,QFY,2026,2025,500_TO_1000,SC_TO_SAL,0,2025-06-30,RPT,11.116109385267
RBI:RATIO_LNGNFC_SAL_QTR_RN(1.0),N_A,337,QFY,2026,2025,500_TO_1000,TAX_PROV_TO_EBT,0,2025-06-30,RPT,20.67381029693
RBI:RATIO_LNGNFC_SAL_QTR_RN(1.0),N_A,292,QFY,2026,2025,50_TO_100,CORM_TO_SAL,0,2025-06-30,RPT,49.923651413424
RBI:RATIO_LNGNFC_SAL_QTR_RN(1.0),N_A,292,QFY,2026,2025,50_TO_100,CSH_CVG_RATIO,0,2025-06-30,RPT,1.78303856808
RBI:RATIO_LNGNFC_SAL_QTR_RN(1.0),N_A,292,QFY,2026,2025,50_TO_100,EBITDA_TO_SAL,0,2025-06-30,RPT,15.326174354053
RBI:RATIO_LNGNFC_SAL_QTR_RN(1.0),N_A,292,QFY,2026,2025,50_TO_100,EBIT_TO_SAL,0,2025-06-30,RPT,10.992323908707
RBI:RATIO_LNGNFC_SAL_QTR_RN(1.0),N_A,292,QFY,2026,2025,50_TO_100,INT_BURDEN,0,2025-06-30,RPT,78.19581444948
RBI:RATIO_LNGNFC_SAL_QTR_RN(1.0),N_A,292,QFY,2026,2025,50_TO_100,INT_CVG,0,2025-06-30,RPT,1.278840826763
RBI:RATIO_LNGNFC_SAL_QTR_RN(1.0),N_A,292,QFY,2026,2025,50_TO_100,INT_TO_SAL,0,2025-06-30,RPT,8.595537207339
RBI:RATIO_LNGNFC_SAL_QTR_RN(1.0),N_A,292,QFY,2026,2025,50_TO_100,NET_PFT_TO_SAL,0,2025-06-30,RPT,0.208798474672
RBI:RATIO_LNGNFC_SAL_QTR_RN(1.0),N_A,292,QFY,2026,2025,50_TO_100,OPR_PFTS_TO_SAL,0,2025-06-30,RPT,6.769283180184
RBI:RATIO_LNGNFC_SAL_QTR_RN(1.0),N_A,292,QFY,2026,2025,50_TO_100,SC_TO_SAL,0,2025-06-30,RPT,15.99173308399
RBI:RATIO_LNGNFC_SAL_QTR_RN(1.0),N_A,292,QFY,2026,2025,50_TO_100,TAX_PROV_TO_EBT,0,2025-06-30,RPT,19.63034409985
RBI:RATIO_LNGNFC_SAL_QTR_RN(1.0),N_A,3079,QFY,2026,2025,ALL_COMP,CORM_TO_SAL,0,2025-06-30,RPT,51.342893750046
RBI:RATIO_LNGNFC_SAL_QTR_RN(1.0),N_A,3079,QFY,2026,2025,ALL_COMP,CSH_CVG_RATIO,0,2025-06-30,RPT,7.647795098308
RBI:RATIO_LNGNFC_SAL_QTR_RN(1.0),N_A,3079,QFY,2026,2025,ALL_COMP,EBITDA_TO_SAL,0,2025-06-30,RPT,20.112700031146
RBI:RATIO_LNGNFC_SAL_QTR_RN(1.0),N_A,3079,QFY,2026,2025,ALL_COMP,EBIT_TO_SAL,0,2025-06-30,RPT,16.03657521229
RBI:RATIO_LNGNFC_SAL_QTR_RN(1.0),N_A,3079,QFY,2026,2025,ALL_COMP,INT_BURDEN,0,2025-06-30,RPT,16.399194140065
RBI:RATIO_LNGNFC_SAL_QTR_RN(1.0),N_A,3079,QFY,2026,2025,ALL_COMP,INT_CVG,0,2025-06-30,RPT,6.09786061107
RBI:RATIO_LNGNFC_SAL_QTR_RN(1.0),N_A,3079,QFY,2026,2025,ALL_COMP,INT_TO_SAL,0,2025-06-30,RPT,2.629869102481
RBI:RATIO_LNGNFC_SAL_QTR_RN(1.0),N_A,3079,QFY,2026,2025,ALL_COMP,NET_PFT_TO_SAL,0,2025-06-30,RPT,10.814539857025
RBI:RATIO_LNGNFC_SAL_QTR_RN(1.0),N_A,3079,QFY,2026,2025,ALL_COMP,OPR_PFTS_TO_SAL,0,2025-06-30,RPT,16.49470445482
RBI:RATIO_LNGNFC_SAL_QTR_RN(1.0),N_A,3079,QFY,2026,2025,ALL_COMP,OTH_INC_NET_PFT,0,2025-06-30,RPT,33.454919249067
RBI:RATIO_LNGNFC_SAL_QTR_RN(1.0),N_A,3079,QFY,2026,2025,ALL_COMP,SC_TO_SAL,0,2025-06-30,RPT,10.864334361752
RBI:RATIO_LNGNFC_SAL_QTR_RN(1.0),N_A,3079,QFY,2026,2025,ALL_COMP,TAX_PROV_TO_EBT,0,2025-06-30,RPT,20.545082408791
RBI:RATIO_LNGNFC_SAL_QTR_RN(1.0),N_A,590,QFY,2026,2025,LES_CLS_THAN_25,CORM_TO_SAL,0,2025-06-30,RPT,54.409572381326
RBI:RATIO_LNGNFC_SAL_QTR_RN(1.0),N_A,590,QFY,2026,2025,LES_CLS_THAN_25,CSH_CVG_RATIO,0,2025-06-30,RPT,1.533023096956
RBI:RATIO_LNGNFC_SAL_QTR_RN(1.0),N_A,590,QFY,2026,2025,LES_CLS_THAN_25,EBITDA_TO_SAL,0,2025-06-30,RPT,29.770264556406
RBI:RATIO_LNGNFC_SAL_QTR_RN(1.0),N_A,590,QFY,2026,2025,LES_CLS_THAN_25,EBIT_TO_SAL,0,2025-06-30,RPT,18.217166734374
RBI:RATIO_LNGNFC_SAL_QTR_RN(1.0),N_A,590,QFY,2026,2025,LES_CLS_THAN_25,INT_BURDEN,0,2025-06-30,RPT,106.599007873299
RBI:RATIO_LNGNFC_SAL_QTR_RN(1.0),N_A,590,QFY,2026,2025,LES_CLS_THAN_25,INT_CVG,0,2025-06-30,RPT,0.938095034795
RBI:RATIO_LNGNFC_SAL_QTR_RN(1.0),N_A,590,QFY,2026,2025,LES_CLS_THAN_25,INT_TO_SAL,0,2025-06-30,RPT,19.419319001467
RBI:RATIO_LNGNFC_SAL_QTR_RN(1.0),N_A,590,QFY,2026,2025,LES_CLS_THAN_25,NET_PFT_TO_SAL,0,2025-06-30,RPT,93.443710256432
RBI:RATIO_LNGNFC_SAL_QTR_RN(1.0),N_A,590,QFY,2026,2025,LES_CLS_THAN_25,OPR_PFTS_TO_SAL,0,2025-06-30,RPT,-10.472818922706
RBI:RATIO_LNGNFC_SAL_QTR_RN(1.0),N_A,590,QFY,2026,2025,LES_CLS_THAN_25,OTH_INC_NET_PFT,0,2025-06-30,RPT,43.066658385754
RBI:RATIO_LNGNFC_SAL_QTR_RN(1.0),N_A,590,QFY,2026,2025,LES_CLS_THAN_25,SC_TO_SAL,0,2025-06-30,RPT,25.241391169769
RBI:RATIO_LNGNFC_SAL_QTR_RN(1.0),N_A,590,QFY,2026,2025,LES_CLS_THAN_25,TAX_PROV_TO_EBT,0,2025-06-30,RPT,14.429519233912
RBI:RATIO_LNGNFC_SAL_QTR_RN(1.0),N_A,819,QFY,2026,2025,100_N_ABOVE,CORM_TO_SAL,0,2025-09-30,RPT,52.955996475385
RBI:RATIO_LNGNFC_SAL_QTR_RN(1.0),N_A,819,QFY,2026,2025,100_N_ABOVE,CSH_CVG_RATIO,0,2025-09-30,RPT,8.072717781129
RBI:RATIO_LNGNFC_SAL_QTR_RN(1.0),N_A,819,QFY,2026,2025,100_N_ABOVE,EBITDA_TO_SAL,0,2025-09-30,RPT,19.153233617833
RBI:RATIO_LNGNFC_SAL_QTR_RN(1.0),N_A,819,QFY,2026,2025,100_N_ABOVE,EBIT_TO_SAL,0,2025-09-30,RPT,15.038679680054
RBI:RATIO_LNGNFC_SAL_QTR_RN(1.0),N_A,819,QFY,2026,2025,100_N_ABOVE,INT_BURDEN,0,2025-09-30,RPT,15.776571384758
RBI:RATIO_LNGNFC_SAL_QTR_RN(1.0),N_A,819,QFY,2026,2025,100_N_ABOVE,INT_CVG,0,2025-09-30,RPT,6.338512821399
RBI:RATIO_LNGNFC_SAL_QTR_RN(1.0),N_A,819,QFY,2026,2025,100_N_ABOVE,INT_TO_SAL,0,2025-09-30,RPT,2.372588035049
RBI:RATIO_LNGNFC_SAL_QTR_RN(1.0),N_A,819,QFY,2026,2025,100_N_ABOVE,NET_PFT_TO_SAL,0,2025-09-30,RPT,9.522040485092
RBI:RATIO_LNGNFC_SAL_QTR_RN(1.0),N_A,819,QFY,2026,2025,100_N_ABOVE,OPR_PFTS_TO_SAL,0,2025-09-30,RPT,16.133920142302
RBI:RATIO_LNGNFC_SAL_QTR_RN(1.0),N_A,819,QFY,2026,2025,100_N_ABOVE,OTH_INC_NET_PFT,0,2025-09-30,RPT,31.708681350993
RBI:RATIO_LNGNFC_SAL_QTR_RN(1.0),N_A,819,QFY,2026,2025,100_N_ABOVE,SC_TO_SAL,0,2025-09-30,RPT,10.60816997906
RBI:RATIO_LNGNFC_SAL_QTR_RN(1.0),N_A,819,QFY,2026,2025,100_N_ABOVE,TAX_PROV_TO_EBT,0,2025-09-30,RPT,20.805934488791
RBI:RATIO_LNGNFC_SAL_QTR_RN(1.0),N_A,848,QFY,2026,2025,100_TO_500,CORM_TO_SAL,0,2025-09-30,RPT,55.690408159575
RBI:RATIO_LNGNFC_SAL_QTR_RN(1.0),N_A,848,QFY,2026,2025,100_TO_500,CSH_CVG_RATIO,0,2025-09-30,RPT,3.187329987515
RBI:RATIO_LNGNFC_SAL_QTR_RN(1.0),N_A,848,QFY,2026,2025,100_TO_500,EBITDA_TO_SAL,0,2025-09-30,RPT,14.444235034215
RBI:RATIO_LNGNFC_SAL_QTR_RN(1.0),N_A,848,QFY,2026,2025,100_TO_500,EBIT_TO_SAL,0,2025-09-30,RPT,10.774256230444
RBI:RATIO_LNGNFC_SAL_QTR_RN(1.0),N_A,848,QFY,2026,2025,100_TO_500,INT_BURDEN,0,2025-09-30,RPT,42.061060472751
RBI:RATIO_LNGNFC_SAL_QTR_RN(1.0),N_A,848,QFY,2026,2025,100_TO_500,INT_CVG,0,2025-09-30,RPT,2.377495927968
RBI:RATIO_LNGNFC_SAL_QTR_RN(1.0),N_A,848,QFY,2026,2025,100_TO_500,INT_TO_SAL,0,2025-09-30,RPT,4.531766428576
RBI:RATIO_LNGNFC_SAL_QTR_RN(1.0),N_A,848,QFY,2026,2025,100_TO_500,NET_PFT_TO_SAL,0,2025-09-30,RPT,-0.480727618532
RBI:RATIO_LNGNFC_SAL_QTR_RN(1.0),N_A,848,QFY,2026,2025,100_TO_500,OPR_PFTS_TO_SAL,0,2025-09-30,RPT,8.931492005421
RBI:RATIO_LNGNFC_SAL_QTR_RN(1.0),N_A,848,QFY,2026,2025,100_TO_500,SC_TO_SAL,0,2025-09-30,RPT,12.427620606544
RBI:RATIO_LNGNFC_SAL_QTR_RN(1.0),N_A,848,QFY,2026,2025,100_TO_500,TAX_PROV_TO_EBT,0,2025-09-30,RPT,20.37357541717
RBI:RATIO_LNGNFC_SAL_QTR_RN(1.0),N_A,214,QFY,2026,2025,25_TO_50,CORM_TO_SAL,0,2025-09-30,RPT,53.459029704914
RBI:RATIO_LNGNFC_SAL_QTR_RN(1.0),N_A,214,QFY,2026,2025,25_TO_50,CSH_CVG_RATIO,0,2025-09-30,RPT,2.433555536317
RBI:RATIO_LNGNFC_SAL_QTR_RN(1.0),N_A,214,QFY,2026,2025,25_TO_50,EBITDA_TO_SAL,0,2025-09-30,RPT,14.398475636304
RBI:RATIO_LNGNFC_SAL_QTR_RN(1.0),N_A,214,QFY,2026,2025,25_TO_50,EBIT_TO_SAL,0,2025-09-30,RPT,8.263628866613
RBI:RATIO_LNGNFC_SAL_QTR_RN(1.0),N_A,214,QFY,2026,2025,25_TO_50,INT_BURDEN,0,2025-09-30,RPT,71.59858674766
RBI:RATIO_LNGNFC_SAL_QTR_RN(1.0),N_A,214,QFY,2026,2025,25_TO_50,INT_CVG,0,2025-09-30,RPT,1.396675612501
RBI:RATIO_LNGNFC_SAL_QTR_RN(1.0),N_A,214,QFY,2026,2025,25_TO_50,INT_TO_SAL,0,2025-09-30,RPT,5.916641482567
RBI:RATIO_LNGNFC_SAL_QTR_RN(1.0),N_A,214,QFY,2026,2025,25_TO_50,OPR_PFTS_TO_SAL,0,2025-09-30,RPT,1.261595357247
RBI:RATIO_LNGNFC_SAL_QTR_RN(1.0),N_A,214,QFY,2026,2025,25_TO_50,SC_TO_SAL,0,2025-09-30,RPT,18.331570981319
RBI:RATIO_LNGNFC_SAL_QTR_RN(1.0),N_A,214,QFY,2026,2025,25_TO_50,TAX_PROV_TO_EBT,0,2025-09-30,RPT,20.280013413816
RBI:RATIO_LNGNFC_SAL_QTR_RN(1.0),N_A,360,QFY,2026,2025,500_TO_1000,CORM_TO_SAL,0,2025-09-30,RPT,54.036284066615
RBI:RATIO_LNGNFC_SAL_QTR_RN(1.0),N_A,360,QFY,2026,2025,500_TO_1000,CSH_CVG_RATIO,0,2025-09-30,RPT,6.398657820216
RBI:RATIO_LNGNFC_SAL_QTR_RN(1.0),N_A,360,QFY,2026,2025,500_TO_1000,EBITDA_TO_SAL,0,2025-09-30,RPT,16.980315321897
RBI:RATIO_LNGNFC_SAL_QTR_RN(1.0),N_A,360,QFY,2026,2025,500_TO_1000,EBIT_TO_SAL,0,2025-09-30,RPT,13.657608856824
RBI:RATIO_LNGNFC_SAL_QTR_RN(1.0),N_A,360,QFY,2026,2025,500_TO_1000,INT_BURDEN,0,2025-09-30,RPT,19.430420255766
RBI:RATIO_LNGNFC_SAL_QTR_RN(1.0),N_A,360,QFY,2026,2025,500_TO_1000,INT_CVG,0,2025-09-30,RPT,5.146569074867
RBI:RATIO_LNGNFC_SAL_QTR_RN(1.0),N_A,360,QFY,2026,2025,500_TO_1000,INT_TO_SAL,0,2025-09-30,RPT,2.65373079777
RBI:RATIO_LNGNFC_SAL_QTR_RN(1.0),N_A,360,QFY,2026,2025,500_TO_1000,NET_PFT_TO_SAL,0,2025-09-30,RPT,8.441350043389
RBI:RATIO_LNGNFC_SAL_QTR_RN(1.0),N_A,360,QFY,2026,2025,500_TO_1000,OPR_PFTS_TO_SAL,0,2025-09-30,RPT,13.025182619054
RBI:RATIO_LNGNFC_SAL_QTR_RN(1.0),N_A,360,QFY,2026,2025,500_TO_1000,OTH_INC_NET_PFT,0,2025-09-30,RPT,46.854267178984
RBI:RATIO_LNGNFC_SAL_QTR_RN(1.0),N_A,360,QFY,2026,2025,500_TO_1000,SC_TO_SAL,0,2025-09-30,RPT,11.111503611714
RBI:RATIO_LNGNFC_SAL_QTR_RN(1.0),N_A,360,QFY,2026,2025,500_TO_1000,TAX_PROV_TO_EBT,0,2025-09-30,RPT,21.303816076851
RBI:RATIO_LNGNFC_SAL_QTR_RN(1.0),N_A,312,QFY,2026,2025,50_TO_100,CORM_TO_SAL,0,2025-09-30,RPT,52.267458349487
RBI:RATIO_LNGNFC_SAL_QTR_RN(1.0),N_A,312,QFY,2026,2025,50_TO_100,CSH_CVG_RATIO,0,2025-09-30,RPT,2.685152871558
RBI:RATIO_LNGNFC_SAL_QTR_RN(1.0),N_A,312,QFY,2026,2025,50_TO_100,EBITDA_TO_SAL,0,2025-09-30,RPT,12.526522370812
RBI:RATIO_LNGNFC_SAL_QTR_RN(1.0),N_A,312,QFY,2026,2025,50_TO_100,EBIT_TO_SAL,0,2025-09-30,RPT,8.422036174833
RBI:RATIO_LNGNFC_SAL_QTR_RN(1.0),N_A,312,QFY,2026,2025,50_TO_100,INT_BURDEN,0,2025-09-30,RPT,55.39166246428
RBI:RATIO_LNGNFC_SAL_QTR_RN(1.0),N_A,312,QFY,2026,2025,50_TO_100,INT_CVG,0,2025-09-30,RPT,1.805325847811
RBI:RATIO_LNGNFC_SAL_QTR_RN(1.0),N_A,312,QFY,2026,2025,50_TO_100,INT_TO_SAL,0,2025-09-30,RPT,4.665105850583
RBI:RATIO_LNGNFC_SAL_QTR_RN(1.0),N_A,312,QFY,2026,2025,50_TO_100,NET_PFT_TO_SAL,0,2025-09-30,RPT,72.388420231149
RBI:RATIO_LNGNFC_SAL_QTR_RN(1.0),N_A,312,QFY,2026,2025,50_TO_100,OPR_PFTS_TO_SAL,0,2025-09-30,RPT,5.708658282147
RBI:RATIO_LNGNFC_SAL_QTR_RN(1.0),N_A,312,QFY,2026,2025,50_TO_100,OTH_INC_NET_PFT,0,2025-09-30,RPT,9.41844574988
RBI:RATIO_LNGNFC_SAL_QTR_RN(1.0),N_A,312,QFY,2026,2025,50_TO_100,SC_TO_SAL,0,2025-09-30,RPT,15.692395357192
RBI:RATIO_LNGNFC_SAL_QTR_RN(1.0),N_A,312,QFY,2026,2025,50_TO_100,TAX_PROV_TO_EBT,0,2025-09-30,RPT,20.403595409813
RBI:RATIO_LNGNFC_SAL_QTR_RN(1.0),N_A,3118,QFY,2026,2025,ALL_COMP,CORM_TO_SAL,0,2025-09-30,RPT,53.074625605916
RBI:RATIO_LNGNFC_SAL_QTR_RN(1.0),N_A,3118,QFY,2026,2025,ALL_COMP,CSH_CVG_RATIO,0,2025-09-30,RPT,7.669708609758
RBI:RATIO_LNGNFC_SAL_QTR_RN(1.0),N_A,3118,QFY,2026,2025,ALL_COMP,EBITDA_TO_SAL,0,2025-09-30,RPT,18.901091950951
RBI:RATIO_LNGNFC_SAL_QTR_RN(1.0),N_A,3118,QFY,2026,2025,ALL_COMP,EBIT_TO_SAL,0,2025-09-30,RPT,14.820526897159
RBI:RATIO_LNGNFC_SAL_QTR_RN(1.0),N_A,3118,QFY,2026,2025,ALL_COMP,INT_BURDEN,0,2025-09-30,RPT,16.628167346263
RBI:RATIO_LNGNFC_SAL_QTR_RN(1.0),N_A,3118,QFY,2026,2025,ALL_COMP,INT_CVG,0,2025-09-30,RPT,6.013891844941
RBI:RATIO_LNGNFC_SAL_QTR_RN(1.0),N_A,3118,QFY,2026,2025,ALL_COMP,INT_TO_SAL,0,2025-09-30,RPT,2.464382014058
RBI:RATIO_LNGNFC_SAL_QTR_RN(1.0),N_A,3118,QFY,2026,2025,ALL_COMP,NET_PFT_TO_SAL,0,2025-09-30,RPT,9.18119667491
RBI:RATIO_LNGNFC_SAL_QTR_RN(1.0),N_A,3118,QFY,2026,2025,ALL_COMP,OPR_PFTS_TO_SAL,0,2025-09-30,RPT,15.739143048494
RBI:RATIO_LNGNFC_SAL_QTR_RN(1.0),N_A,3118,QFY,2026,2025,ALL_COMP,OTH_INC_NET_PFT,0,2025-09-30,RPT,34.439398418477
RBI:RATIO_LNGNFC_SAL_QTR_RN(1.0),N_A,3118,QFY,2026,2025,ALL_COMP,SC_TO_SAL,0,2025-09-30,RPT,10.711726328208
RBI:RATIO_LNGNFC_SAL_QTR_RN(1.0),N_A,3118,QFY,2026,2025,ALL_COMP,TAX_PROV_TO_EBT,0,2025-09-30,RPT,20.808855835752
RBI:RATIO_LNGNFC_SAL_QTR_RN(1.0),N_A,565,QFY,2026,2025,LES_CLS_THAN_25,CORM_TO_SAL,0,2025-09-30,RPT,55.604761141391
RBI:RATIO_LNGNFC_SAL_QTR_RN(1.0),N_A,565,QFY,2026,2025,LES_CLS_THAN_25,EBITDA_TO_SAL,0,2025-09-30,RPT,-2.807604453318
RBI:RATIO_LNGNFC_SAL_QTR_RN(1.0),N_A,565,QFY,2026,2025,LES_CLS_THAN_25,EBIT_TO_SAL,0,2025-09-30,RPT,-14.569506645803
RBI:RATIO_LNGNFC_SAL_QTR_RN(1.0),N_A,565,QFY,2026,2025,LES_CLS_THAN_25,INT_TO_SAL,0,2025-09-30,RPT,15.976006762712
RBI:RATIO_LNGNFC_SAL_QTR_RN(1.0),N_A,565,QFY,2026,2025,LES_CLS_THAN_25,NET_PFT_TO_SAL,0,2025-09-30,RPT,-28.993327218115
RBI:RATIO_LNGNFC_SAL_QTR_RN(1.0),N_A,565,QFY,2026,2025,LES_CLS_THAN_25,OPR_PFTS_TO_SAL,0,2025-09-30,RPT,-30.130038310042
RBI:RATIO_LNGNFC_SAL_QTR_RN(1.0),N_A,565,QFY,2026,2025,LES_CLS_THAN_25,SC_TO_SAL,0,2025-09-30,RPT,26.407843568861
RBI:RATIO_LNGNFC_SAL_QTR_RN(1.0),N_A,565,QFY,2026,2025,LES_CLS_THAN_25,TAX_PROV_TO_EBT,0,2025-09-30,RPT,19.203820234748
RBI:RATIO_LNGNFC_SAL_QTR_RN(1.0),N_A,858,QFY,2026,2025,100_N_ABOVE,CORM_TO_SAL,0,2025-12-31,RPT,54.25552894219
RBI:RATIO_LNGNFC_SAL_QTR_RN(1.0),N_A,858,QFY,2026,2025,100_N_ABOVE,CSH_CVG_RATIO,0,2025-12-31,RPT,8.373692275092
RBI:RATIO_LNGNFC_SAL_QTR_RN(1.0),N_A,858,QFY,2026,2025,100_N_ABOVE,EBITDA_TO_SAL,0,2025-12-31,RPT,18.681541673678
RBI:RATIO_LNGNFC_SAL_QTR_RN(1.0),N_A,858,QFY,2026,2025,100_N_ABOVE,EBIT_TO_SAL,0,2025-12-31,RPT,14.661639747304
RBI:RATIO_LNGNFC_SAL_QTR_RN(1.0),N_A,858,QFY,2026,2025,100_N_ABOVE,INT_BURDEN,0,2025-12-31,RPT,15.216443994627
RBI:RATIO_LNGNFC_SAL_QTR_RN(1.0),N_A,858,QFY,2026,2025,100_N_ABOVE,INT_CVG,0,2025-12-31,RPT,6.571837680033
RBI:RATIO_LNGNFC_SAL_QTR_RN(1.0),N_A,858,QFY,2026,2025,100_N_ABOVE,INT_TO_SAL,0,2025-12-31,RPT,2.230980200843
RBI:RATIO_LNGNFC_SAL_QTR_RN(1.0),N_A,858,QFY,2026,2025,100_N_ABOVE,NET_PFT_TO_SAL,0,2025-12-31,RPT,9.516656233298
RBI:RATIO_LNGNFC_SAL_QTR_RN(1.0),N_A,858,QFY,2026,2025,100_N_ABOVE,OPR_PFTS_TO_SAL,0,2025-12-31,RPT,16.075313256731
RBI:RATIO_LNGNFC_SAL_QTR_RN(1.0),N_A,858,QFY,2026,2025,100_N_ABOVE,OTH_INC_NET_PFT,0,2025-12-31,RPT,27.385967855266
RBI:RATIO_LNGNFC_SAL_QTR_RN(1.0),N_A,858,QFY,2026,2025,100_N_ABOVE,SC_TO_SAL,0,2025-12-31,RPT,10.384514406406
RBI:RATIO_LNGNFC_SAL_QTR_RN(1.0),N_A,858,QFY,2026,2025,100_N_ABOVE,TAX_PROV_TO_EBT,0,2025-12-31,RPT,19.876916317222
RBI:RATIO_LNGNFC_SAL_QTR_RN(1.0),N_A,865,QFY,2026,2025,100_TO_500,CORM_TO_SAL,0,2025-12-31,RPT,53.555725258935
RBI:RATIO_LNGNFC_SAL_QTR_RN(1.0),N_A,865,QFY,2026,2025,100_TO_500,CSH_CVG_RATIO,0,2025-12-31,RPT,3.438833346118
RBI:RATIO_LNGNFC_SAL_QTR_RN(1.0),N_A,865,QFY,2026,2025,100_TO_500,EBITDA_TO_SAL,0,2025-12-31,RPT,14.930057217923
RBI:RATIO_LNGNFC_SAL_QTR_RN(1.0),N_A,865,QFY,2026,2025,100_TO_500,EBIT_TO_SAL,0,2025-12-31,RPT,11.344542557276
RBI:RATIO_LNGNFC_SAL_QTR_RN(1.0),N_A,865,QFY,2026,2025,100_TO_500,INT_BURDEN,0,2025-12-31,RPT,38.270431071179
RBI:RATIO_LNGNFC_SAL_QTR_RN(1.0),N_A,865,QFY,2026,2025,100_TO_500,INT_CVG,0,2025-12-31,RPT,2.612983371262
RBI:RATIO_LNGNFC_SAL_QTR_RN(1.0),N_A,865,QFY,2026,2025,100_TO_500,INT_TO_SAL,0,2025-12-31,RPT,4.341605339723
RBI:RATIO_LNGNFC_SAL_QTR_RN(1.0),N_A,865,QFY,2026,2025,100_TO_500,NET_PFT_TO_SAL,0,2025-12-31,RPT,-0.666207196414
RBI:RATIO_LNGNFC_SAL_QTR_RN(1.0),N_A,865,QFY,2026,2025,100_TO_500,OPR_PFTS_TO_SAL,0,2025-12-31,RPT,10.259724040316
RBI:RATIO_LNGNFC_SAL_QTR_RN(1.0),N_A,865,QFY,2026,2025,100_TO_500,SC_TO_SAL,0,2025-12-31,RPT,12.702969902554
RBI:RATIO_LNGNFC_SAL_QTR_RN(1.0),N_A,865,QFY,2026,2025,100_TO_500,TAX_PROV_TO_EBT,0,2025-12-31,RPT,19.889523864955
RBI:RATIO_LNGNFC_SAL_QTR_RN(1.0),N_A,219,QFY,2026,2025,25_TO_50,CORM_TO_SAL,0,2025-12-31,RPT,48.618586000474
RBI:RATIO_LNGNFC_SAL_QTR_RN(1.0),N_A,219,QFY,2026,2025,25_TO_50,CSH_CVG_RATIO,0,2025-12-31,RPT,2.857045543013
RBI:RATIO_LNGNFC_SAL_QTR_RN(1.0),N_A,219,QFY,2026,2025,25_TO_50,EBITDA_TO_SAL,0,2025-12-31,RPT,14.510381503576
RBI:RATIO_LNGNFC_SAL_QTR_RN(1.0),N_A,219,QFY,2026,2025,25_TO_50,EBIT_TO_SAL,0,2025-12-31,RPT,9.355956328986
RBI:RATIO_LNGNFC_SAL_QTR_RN(1.0),N_A,219,QFY,2026,2025,25_TO_50,INT_BURDEN,0,2025-12-31,RPT,54.284204965663
RBI:RATIO_LNGNFC_SAL_QTR_RN(1.0),N_A,219,QFY,2026,2025,25_TO_50,INT_CVG,0,2025-12-31,RPT,1.842156481121
RBI:RATIO_LNGNFC_SAL_QTR_RN(1.0),N_A,219,QFY,2026,2025,25_TO_50,INT_TO_SAL,0,2025-12-31,RPT,5.078806510124
RBI:RATIO_LNGNFC_SAL_QTR_RN(1.0),N_A,219,QFY,2026,2025,25_TO_50,NET_PFT_TO_SAL,0,2025-12-31,RPT,1.789641725687
RBI:RATIO_LNGNFC_SAL_QTR_RN(1.0),N_A,219,QFY,2026,2025,25_TO_50,OPR_PFTS_TO_SAL,0,2025-12-31,RPT,2.400521917057
RBI:RATIO_LNGNFC_SAL_QTR_RN(1.0),N_A,219,QFY,2026,2025,25_TO_50,SC_TO_SAL,0,2025-12-31,RPT,16.928354730476
RBI:RATIO_LNGNFC_SAL_QTR_RN(1.0),N_A,219,QFY,2026,2025,25_TO_50,TAX_PROV_TO_EBT,0,2025-12-31,RPT,19.035351366824
RBI:RATIO_LNGNFC_SAL_QTR_RN(1.0),N_A,365,QFY,2026,2025,500_TO_1000,CORM_TO_SAL,0,2025-12-31,RPT,55.214015300387
RBI:RATIO_LNGNFC_SAL_QTR_RN(1.0),N_A,365,QFY,2026,2025,500_TO_1000,CSH_CVG_RATIO,0,2025-12-31,RPT,6.762313490027
RBI:RATIO_LNGNFC_SAL_QTR_RN(1.0),N_A,365,QFY,2026,2025,500_TO_1000,EBITDA_TO_SAL,0,2025-12-31,RPT,15.716908362358
RBI:RATIO_LNGNFC_SAL_QTR_RN(1.0),N_A,365,QFY,2026,2025,500_TO_1000,EBIT_TO_SAL,0,2025-12-31,RPT,12.394188275597
RBI:RATIO_LNGNFC_SAL_QTR_RN(1.0),N_A,365,QFY,2026,2025,500_TO_1000,INT_BURDEN,0,2025-12-31,RPT,18.752265007785
RBI:RATIO_LNGNFC_SAL_QTR_RN(1.0),N_A,365,QFY,2026,2025,500_TO_1000,INT_CVG,0,2025-12-31,RPT,5.332689142271
RBI:RATIO_LNGNFC_SAL_QTR_RN(1.0),N_A,365,QFY,2026,2025,500_TO_1000,INT_TO_SAL,0,2025-12-31,RPT,2.324191031004
RBI:RATIO_LNGNFC_SAL_QTR_RN(1.0),N_A,365,QFY,2026,2025,500_TO_1000,NET_PFT_TO_SAL,0,2025-12-31,RPT,14.640549520112
RBI:RATIO_LNGNFC_SAL_QTR_RN(1.0),N_A,365,QFY,2026,2025,500_TO_1000,OPR_PFTS_TO_SAL,0,2025-12-31,RPT,12.960324465797
RBI:RATIO_LNGNFC_SAL_QTR_RN(1.0),N_A,365,QFY,2026,2025,500_TO_1000,OTH_INC_NET_PFT,0,2025-12-31,RPT,18.828418241908
RBI:RATIO_LNGNFC_SAL_QTR_RN(1.0),N_A,365,QFY,2026,2025,500_TO_1000,SC_TO_SAL,0,2025-12-31,RPT,10.751788262849
RBI:RATIO_LNGNFC_SAL_QTR_RN(1.0),N_A,365,QFY,2026,2025,500_TO_1000,TAX_PROV_TO_EBT,0,2025-12-31,RPT,33.508724200557
RBI:RATIO_LNGNFC_SAL_QTR_RN(1.0),N_A,301,QFY,2026,2025,50_TO_100,CORM_TO_SAL,0,2025-12-31,RPT,61.475103948591
RBI:RATIO_LNGNFC_SAL_QTR_RN(1.0),N_A,301,QFY,2026,2025,50_TO_100,CSH_CVG_RATIO,0,2025-12-31,RPT,3.412803618075
RBI:RATIO_LNGNFC_SAL_QTR_RN(1.0),N_A,301,QFY,2026,2025,50_TO_100,EBITDA_TO_SAL,0,2025-12-31,RPT,15.865147604686
RBI:RATIO_LNGNFC_SAL_QTR_RN(1.0),N_A,301,QFY,2026,2025,50_TO_100,EBIT_TO_SAL,0,2025-12-31,RPT,12.064653172486
RBI:RATIO_LNGNFC_SAL_QTR_RN(1.0),N_A,301,QFY,2026,2025,50_TO_100,INT_BURDEN,0,2025-12-31,RPT,38.53168284109
RBI:RATIO_LNGNFC_SAL_QTR_RN(1.0),N_A,301,QFY,2026,2025,50_TO_100,INT_CVG,0,2025-12-31,RPT,2.595266872003
RBI:RATIO_LNGNFC_SAL_QTR_RN(1.0),N_A,301,QFY,2026,2025,50_TO_100,INT_TO_SAL,0,2025-12-31,RPT,4.6487138963
RBI:RATIO_LNGNFC_SAL_QTR_RN(1.0),N_A,301,QFY,2026,2025,50_TO_100,NET_PFT_TO_SAL,0,2025-12-31,RPT,5.267116633801
RBI:RATIO_LNGNFC_SAL_QTR_RN(1.0),N_A,301,QFY,2026,2025,50_TO_100,OPR_PFTS_TO_SAL,0,2025-12-31,RPT,9.833364748869
RBI:RATIO_LNGNFC_SAL_QTR_RN(1.0),N_A,301,QFY,2026,2025,50_TO_100,OTH_INC_NET_PFT,0,2025-12-31,RPT,114.517738549947
RBI:RATIO_LNGNFC_SAL_QTR_RN(1.0),N_A,301,QFY,2026,2025,50_TO_100,SC_TO_SAL,0,2025-12-31,RPT,13.925435592258
RBI:RATIO_LNGNFC_SAL_QTR_RN(1.0),N_A,301,QFY,2026,2025,50_TO_100,TAX_PROV_TO_EBT,0,2025-12-31,RPT,19.876045970626
RBI:RATIO_LNGNFC_SAL_QTR_RN(1.0),N_A,3188,QFY,2026,2025,ALL_COMP,CORM_TO_SAL,0,2025-12-31,RPT,54.288169727588
RBI:RATIO_LNGNFC_SAL_QTR_RN(1.0),N_A,3188,QFY,2026,2025,ALL_COMP,CSH_CVG_RATIO,0,2025-12-31,RPT,7.772635587113
RBI:RATIO_LNGNFC_SAL_QTR_RN(1.0),N_A,3188,QFY,2026,2025,ALL_COMP,EBITDA_TO_SAL,0,2025-12-31,RPT,18.473296285408
RBI:RATIO_LNGNFC_SAL_QTR_RN(1.0),N_A,3188,QFY,2026,2025,ALL_COMP,EBIT_TO_SAL,0,2025-12-31,RPT,14.480692386785
RBI:RATIO_LNGNFC_SAL_QTR_RN(1.0),N_A,3188,QFY,2026,2025,ALL_COMP,INT_BURDEN,0,2025-12-31,RPT,16.412954333773
RBI:RATIO_LNGNFC_SAL_QTR_RN(1.0),N_A,3188,QFY,2026,2025,ALL_COMP,INT_CVG,0,2025-12-31,RPT,6.092748323452
RBI:RATIO_LNGNFC_SAL_QTR_RN(1.0),N_A,3188,QFY,2026,2025,ALL_COMP,INT_TO_SAL,0,2025-12-31,RPT,2.376709428657
RBI:RATIO_LNGNFC_SAL_QTR_RN(1.0),N_A,3188,QFY,2026,2025,ALL_COMP,NET_PFT_TO_SAL,0,2025-12-31,RPT,9.37443334832
RBI:RATIO_LNGNFC_SAL_QTR_RN(1.0),N_A,3188,QFY,2026,2025,ALL_COMP,OPR_PFTS_TO_SAL,0,2025-12-31,RPT,15.75129258177
RBI:RATIO_LNGNFC_SAL_QTR_RN(1.0),N_A,3188,QFY,2026,2025,ALL_COMP,OTH_INC_NET_PFT,0,2025-12-31,RPT,29.036461218488
RBI:RATIO_LNGNFC_SAL_QTR_RN(1.0),N_A,3188,QFY,2026,2025,ALL_COMP,SC_TO_SAL,0,2025-12-31,RPT,10.489173686503
RBI:RATIO_LNGNFC_SAL_QTR_RN(1.0),N_A,3188,QFY,2026,2025,ALL_COMP,TAX_PROV_TO_EBT,0,2025-12-31,RPT,20.248498828501
RBI:RATIO_LNGNFC_SAL_QTR_RN(1.0),N_A,580,QFY,2026,2025,LES_CLS_THAN_25,CORM_TO_SAL,0,2025-12-31,RPT,66.512767897857
RBI:RATIO_LNGNFC_SAL_QTR_RN(1.0),N_A,580,QFY,2026,2025,LES_CLS_THAN_25,CSH_CVG_RATIO,0,2025-12-31,RPT,0.245822556144
RBI:RATIO_LNGNFC_SAL_QTR_RN(1.0),N_A,580,QFY,2026,2025,LES_CLS_THAN_25,EBITDA_TO_SAL,0,2025-12-31,RPT,30.78538069326
RBI:RATIO_LNGNFC_SAL_QTR_RN(1.0),N_A,580,QFY,2026,2025,LES_CLS_THAN_25,EBIT_TO_SAL,0,2025-12-31,RPT,14.387934358799
RBI:RATIO_LNGNFC_SAL_QTR_RN(1.0),N_A,580,QFY,2026,2025,LES_CLS_THAN_25,INT_CVG,0,2025-12-31,RPT,0.114888259364
RBI:RATIO_LNGNFC_SAL_QTR_RN(1.0),N_A,580,QFY,2026,2025,LES_CLS_THAN_25,INT_TO_SAL,0,2025-12-31,RPT,125.234157418913
RBI:RATIO_LNGNFC_SAL_QTR_RN(1.0),N_A,580,QFY,2026,2025,LES_CLS_THAN_25,NET_PFT_TO_SAL,0,2025-12-31,RPT,-5.314709284888
RBI:RATIO_LNGNFC_SAL_QTR_RN(1.0),N_A,580,QFY,2026,2025,LES_CLS_THAN_25,OPR_PFTS_TO_SAL,0,2025-12-31,RPT,-27.711555765028
RBI:RATIO_LNGNFC_SAL_QTR_RN(1.0),N_A,580,QFY,2026,2025,LES_CLS_THAN_25,SC_TO_SAL,0,2025-12-31,RPT,29.644104880545
RBI:RATIO_LNGNFC_SAL_QTR_RN(1.0),N_A,580,QFY,2026,2025,LES_CLS_THAN_25,TAX_PROV_TO_EBT,0,2025-12-31,RPT,18.315811532954
