DATAFLOW,AUDST,FREQ,INVT_CAT_OLD_RN,INVT_CAT_RN,REPYEAREND,REPYEARSTART,UNIT_MULT,TIME_PERIOD,UNIT_MEASURE,OBS_VALUE
RBI:FR_INV_INFLW_RN(1.0),N_A,M,EQT_ACQ_SHAR,N_A,2001,2000,0,2001-01-31,USD,36000000
RBI:FR_INV_INFLW_RN(1.0),N_A,M,EQT_GOVT_SIA_FIPB,N_A,2001,2000,0,2001-01-31,USD,242000000
RBI:FR_INV_INFLW_RN(1.0),N_A,M,EQT_NRI,N_A,2001,2000,0,2001-01-31,USD,5000000.0
RBI:FR_INV_INFLW_RN(1.0),N_A,M,EQT_RBI,N_A,2001,2000,0,2001-01-31,USD,52000000
RBI:FR_INV_INFLW_RN(1.0),N_A,M,INV_CAT_DI_IND,N_A,2001,2000,0,2001-01-31,USD,335000000
RBI:FR_INV_INFLW_RN(1.0),N_A,M,INV_CAT_PI_FII,N_A,2001,2000,0,2001-01-31,USD,444000000
RBI:FR_INV_INFLW_RN(1.0),N_A,M,INV_CAT_PI_GDR_ADR,N_A,2001,2000,0,2001-01-31,USD,3000000.0
RBI:FR_INV_INFLW_RN(1.0),N_A,M,INV_CAT_PI_OFF_FND_OTH,N_A,2001,2000,0,2001-01-31,USD,4000000.0
RBI:FR_INV_INFLW_RN(1.0),N_A,M,INV_CAT_PORTF_INV,N_A,2001,2000,0,2001-01-31,USD,451000000
RBI:FR_INV_INFLW_RN(1.0),N_A,M,INV_FII,N_A,2001,2000,0,2001-01-31,USD,786000000
RBI:FR_INV_INFLW_RN(1.0),N_A,M,EQT_ACQ_SHAR,N_A,2001,2000,0,2001-02-28,USD,42000000
RBI:FR_INV_INFLW_RN(1.0),N_A,M,EQT_GOVT_SIA_FIPB,N_A,2001,2000,0,2001-02-28,USD,103000000
RBI:FR_INV_INFLW_RN(1.0),N_A,M,EQT_NRI,N_A,2001,2000,0,2001-02-28,USD,8000000.0
RBI:FR_INV_INFLW_RN(1.0),N_A,M,EQT_RBI,N_A,2001,2000,0,2001-02-28,USD,40000000
RBI:FR_INV_INFLW_RN(1.0),N_A,M,INV_CAT_DI_IND,N_A,2001,2000,0,2001-02-28,USD,193000000
RBI:FR_INV_INFLW_RN(1.0),N_A,M,INV_CAT_PI_FII,N_A,2001,2000,0,2001-02-28,USD,668000000
RBI:FR_INV_INFLW_RN(1.0),N_A,M,INV_CAT_PI_OFF_FND_OTH,N_A,2001,2000,0,2001-02-28,USD,2000000.0
RBI:FR_INV_INFLW_RN(1.0),N_A,M,INV_CAT_PORTF_INV,N_A,2001,2000,0,2001-02-28,USD,670000000
RBI:FR_INV_INFLW_RN(1.0),N_A,M,INV_FII,N_A,2001,2000,0,2001-02-28,USD,863000000
RBI:FR_INV_INFLW_RN(1.0),N_A,M,EQT_ACQ_SHAR,N_A,2001,2000,0,2001-03-31,USD,11000000
RBI:FR_INV_INFLW_RN(1.0),N_A,M,EQT_GOVT_SIA_FIPB,N_A,2001,2000,0,2001-03-31,USD,116000000
RBI:FR_INV_INFLW_RN(1.0),N_A,M,EQT_NRI,N_A,2001,2000,0,2001-03-31,USD,3000000.0
RBI:FR_INV_INFLW_RN(1.0),N_A,M,EQT_RBI,N_A,2001,2000,0,2001-03-31,USD,32000000
RBI:FR_INV_INFLW_RN(1.0),N_A,M,INV_CAT_DI_IND,N_A,2001,2000,0,2001-03-31,USD,162000000
RBI:FR_INV_INFLW_RN(1.0),N_A,M,INV_CAT_PI_FII,N_A,2001,2000,0,2001-03-31,USD,354000000
RBI:FR_INV_INFLW_RN(1.0),N_A,M,INV_CAT_PI_GDR_ADR,N_A,2001,2000,0,2001-03-31,USD,132000000
RBI:FR_INV_INFLW_RN(1.0),N_A,M,INV_CAT_PORTF_INV,N_A,2001,2000,0,2001-03-31,USD,486000000
RBI:FR_INV_INFLW_RN(1.0),N_A,M,INV_FII,N_A,2001,2000,0,2001-03-31,USD,648000000
RBI:FR_INV_INFLW_RN(1.0),N_A,M,EQT_ACQ_SHAR,N_A,2002,2001,0,2001-04-30,USD,22000000
RBI:FR_INV_INFLW_RN(1.0),N_A,M,EQT_GOVT_SIA_FIPB,N_A,2002,2001,0,2001-04-30,USD,90000000
RBI:FR_INV_INFLW_RN(1.0),N_A,M,EQT_NRI,N_A,2002,2001,0,2001-04-30,USD,11000000
RBI:FR_INV_INFLW_RN(1.0),N_A,M,EQT_RBI,N_A,2002,2001,0,2001-04-30,USD,68000000
RBI:FR_INV_INFLW_RN(1.0),N_A,M,INV_CAT_DI_IND,N_A,2002,2001,0,2001-04-30,USD,191000000
RBI:FR_INV_INFLW_RN(1.0),N_A,M,INV_CAT_PI_FII,N_A,2002,2001,0,2001-04-30,USD,229000000
RBI:FR_INV_INFLW_RN(1.0),N_A,M,INV_CAT_PI_OFF_FND_OTH,N_A,2002,2001,0,2001-04-30,USD,18000000
RBI:FR_INV_INFLW_RN(1.0),N_A,M,INV_CAT_PORTF_INV,N_A,2002,2001,0,2001-04-30,USD,247000000
RBI:FR_INV_INFLW_RN(1.0),N_A,M,INV_FII,N_A,2002,2001,0,2001-04-30,USD,438000000
RBI:FR_INV_INFLW_RN(1.0),N_A,M,EQT_ACQ_SHAR,N_A,2002,2001,0,2001-05-31,USD,25000000
RBI:FR_INV_INFLW_RN(1.0),N_A,M,EQT_GOVT_SIA_FIPB,N_A,2002,2001,0,2001-05-31,USD,119000000
RBI:FR_INV_INFLW_RN(1.0),N_A,M,EQT_NRI,N_A,2002,2001,0,2001-05-31,USD,2000000.0
RBI:FR_INV_INFLW_RN(1.0),N_A,M,EQT_RBI,N_A,2002,2001,0,2001-05-31,USD,112000000
RBI:FR_INV_INFLW_RN(1.0),N_A,M,INV_CAT_DI_IND,N_A,2002,2001,0,2001-05-31,USD,258000000
RBI:FR_INV_INFLW_RN(1.0),N_A,M,INV_CAT_PI_FII,N_A,2002,2001,0,2001-05-31,USD,265000000
RBI:FR_INV_INFLW_RN(1.0),N_A,M,INV_CAT_PI_OFF_FND_OTH,N_A,2002,2001,0,2001-05-31,USD,15000000
RBI:FR_INV_INFLW_RN(1.0),N_A,M,INV_CAT_PORTF_INV,N_A,2002,2001,0,2001-05-31,USD,280000000
RBI:FR_INV_INFLW_RN(1.0),N_A,M,INV_FII,N_A,2002,2001,0,2001-05-31,USD,538000000
RBI:FR_INV_INFLW_RN(1.0),N_A,M,EQT_ACQ_SHAR,N_A,2002,2001,0,2001-06-30,USD,14000000
RBI:FR_INV_INFLW_RN(1.0),N_A,M,EQT_GOVT_SIA_FIPB,N_A,2002,2001,0,2001-06-30,USD,103000000
RBI:FR_INV_INFLW_RN(1.0),N_A,M,EQT_NRI,N_A,2002,2001,0,2001-06-30,USD,5000000.0
RBI:FR_INV_INFLW_RN(1.0),N_A,M,EQT_RBI,N_A,2002,2001,0,2001-06-30,USD,37000000
RBI:FR_INV_INFLW_RN(1.0),N_A,M,INV_CAT_DI_IND,N_A,2002,2001,0,2001-06-30,USD,159000000
RBI:FR_INV_INFLW_RN(1.0),N_A,M,INV_CAT_PI_FII,N_A,2002,2001,0,2001-06-30,USD,138000000
RBI:FR_INV_INFLW_RN(1.0),N_A,M,INV_CAT_PI_GDR_ADR,N_A,2002,2001,0,2001-06-30,USD,285000000
RBI:FR_INV_INFLW_RN(1.0),N_A,M,INV_CAT_PORTF_INV,N_A,2002,2001,0,2001-06-30,USD,423000000
RBI:FR_INV_INFLW_RN(1.0),N_A,M,INV_FII,N_A,2002,2001,0,2001-06-30,USD,582000000
RBI:FR_INV_INFLW_RN(1.0),N_A,M,EQT_ACQ_SHAR,N_A,2002,2001,0,2001-07-31,USD,23000000
RBI:FR_INV_INFLW_RN(1.0),N_A,M,EQT_GOVT_SIA_FIPB,N_A,2002,2001,0,2001-07-31,USD,92000000
RBI:FR_INV_INFLW_RN(1.0),N_A,M,EQT_NRI,N_A,2002,2001,0,2001-07-31,USD,12000000
RBI:FR_INV_INFLW_RN(1.0),N_A,M,EQT_RBI,N_A,2002,2001,0,2001-07-31,USD,101000000
RBI:FR_INV_INFLW_RN(1.0),N_A,M,INV_CAT_DI_IND,N_A,2002,2001,0,2001-07-31,USD,228000000
RBI:FR_INV_INFLW_RN(1.0),N_A,M,INV_CAT_PI_FII,N_A,2002,2001,0,2001-07-31,USD,125000000
RBI:FR_INV_INFLW_RN(1.0),N_A,M,INV_CAT_PI_OFF_FND_OTH,N_A,2002,2001,0,2001-07-31,USD,6000000.0
RBI:FR_INV_INFLW_RN(1.0),N_A,M,INV_CAT_PORTF_INV,N_A,2002,2001,0,2001-07-31,USD,131000000
RBI:FR_INV_INFLW_RN(1.0),N_A,M,INV_FII,N_A,2002,2001,0,2001-07-31,USD,359000000
RBI:FR_INV_INFLW_RN(1.0),N_A,M,EQT_ACQ_SHAR,N_A,2002,2001,0,2001-08-31,USD,58000000
RBI:FR_INV_INFLW_RN(1.0),N_A,M,EQT_GOVT_SIA_FIPB,N_A,2002,2001,0,2001-08-31,USD,485000000
RBI:FR_INV_INFLW_RN(1.0),N_A,M,EQT_RBI,N_A,2002,2001,0,2001-08-31,USD,90000000
RBI:FR_INV_INFLW_RN(1.0),N_A,M,INV_CAT_DI_IND,N_A,2002,2001,0,2001-08-31,USD,633000000
RBI:FR_INV_INFLW_RN(1.0),N_A,M,INV_CAT_PI_FII,N_A,2002,2001,0,2001-08-31,USD,116000000
RBI:FR_INV_INFLW_RN(1.0),N_A,M,INV_CAT_PI_GDR_ADR,N_A,2002,2001,0,2001-08-31,USD,173000000
RBI:FR_INV_INFLW_RN(1.0),N_A,M,INV_CAT_PORTF_INV,N_A,2002,2001,0,2001-08-31,USD,289000000
RBI:FR_INV_INFLW_RN(1.0),N_A,M,INV_FII,N_A,2002,2001,0,2001-08-31,USD,922000000
RBI:FR_INV_INFLW_RN(1.0),N_A,M,EQT_ACQ_SHAR,N_A,2002,2001,0,2001-09-30,USD,50000000
RBI:FR_INV_INFLW_RN(1.0),N_A,M,EQT_GOVT_SIA_FIPB,N_A,2002,2001,0,2001-09-30,USD,259000000
RBI:FR_INV_INFLW_RN(1.0),N_A,M,EQT_RBI,N_A,2002,2001,0,2001-09-30,USD,67000000
RBI:FR_INV_INFLW_RN(1.0),N_A,M,INV_CAT_DI_IND,N_A,2002,2001,0,2001-09-30,USD,376000000
RBI:FR_INV_INFLW_RN(1.0),N_A,M,INV_CAT_PI_FII,N_A,2002,2001,0,2001-09-30,USD,-179000000
RBI:FR_INV_INFLW_RN(1.0),N_A,M,INV_CAT_PI_GDR_ADR,N_A,2002,2001,0,2001-09-30,USD,19000000
RBI:FR_INV_INFLW_RN(1.0),N_A,M,INV_CAT_PORTF_INV,N_A,2002,2001,0,2001-09-30,USD,-160000000
RBI:FR_INV_INFLW_RN(1.0),N_A,M,INV_FII,N_A,2002,2001,0,2001-09-30,USD,216000000
RBI:FR_INV_INFLW_RN(1.0),N_A,M,EQT_ACQ_SHAR,N_A,2002,2001,0,2001-10-31,USD,86000000
RBI:FR_INV_INFLW_RN(1.0),N_A,M,EQT_GOVT_SIA_FIPB,N_A,2002,2001,0,2001-10-31,USD,92000000
RBI:FR_INV_INFLW_RN(1.0),N_A,M,EQT_RBI,N_A,2002,2001,0,2001-10-31,USD,26000000
RBI:FR_INV_INFLW_RN(1.0),N_A,M,INV_CAT_DI_IND,N_A,2002,2001,0,2001-10-31,USD,204000000
RBI:FR_INV_INFLW_RN(1.0),N_A,M,INV_CAT_PI_FII,N_A,2002,2001,0,2001-10-31,USD,35000000
RBI:FR_INV_INFLW_RN(1.0),N_A,M,INV_CAT_PORTF_INV,N_A,2002,2001,0,2001-10-31,USD,35000000
RBI:FR_INV_INFLW_RN(1.0),N_A,M,INV_FII,N_A,2002,2001,0,2001-10-31,USD,239000000
RBI:FR_INV_INFLW_RN(1.0),N_A,M,EQT_ACQ_SHAR,N_A,2002,2001,0,2001-11-30,USD,206000000
RBI:FR_INV_INFLW_RN(1.0),N_A,M,EQT_GOVT_SIA_FIPB,N_A,2002,2001,0,2001-11-30,USD,70000000
RBI:FR_INV_INFLW_RN(1.0),N_A,M,EQT_NRI,N_A,2002,2001,0,2001-11-30,USD,3000000.0
RBI:FR_INV_INFLW_RN(1.0),N_A,M,EQT_RBI,N_A,2002,2001,0,2001-11-30,USD,37000000
RBI:FR_INV_INFLW_RN(1.0),N_A,M,INV_CAT_DI_IND,N_A,2002,2001,0,2001-11-30,USD,316000000
RBI:FR_INV_INFLW_RN(1.0),N_A,M,INV_CAT_PI_FII,N_A,2002,2001,0,2001-11-30,USD,70000000
RBI:FR_INV_INFLW_RN(1.0),N_A,M,INV_CAT_PORTF_INV,N_A,2002,2001,0,2001-11-30,USD,70000000
RBI:FR_INV_INFLW_RN(1.0),N_A,M,INV_FII,N_A,2002,2001,0,2001-11-30,USD,386000000
RBI:FR_INV_INFLW_RN(1.0),N_A,M,EQT_ACQ_SHAR,N_A,2002,2001,0,2001-12-31,USD,50000000
RBI:FR_INV_INFLW_RN(1.0),N_A,M,EQT_GOVT_SIA_FIPB,N_A,2002,2001,0,2001-12-31,USD,271000000
RBI:FR_INV_INFLW_RN(1.0),N_A,M,EQT_RBI,N_A,2002,2001,0,2001-12-31,USD,26000000
RBI:FR_INV_INFLW_RN(1.0),N_A,M,INV_CAT_DI_IND,N_A,2002,2001,0,2001-12-31,USD,347000000
RBI:FR_INV_INFLW_RN(1.0),N_A,M,INV_CAT_PI_FII,N_A,2002,2001,0,2001-12-31,USD,28000000
RBI:FR_INV_INFLW_RN(1.0),N_A,M,INV_CAT_PORTF_INV,N_A,2002,2001,0,2001-12-31,USD,28000000
RBI:FR_INV_INFLW_RN(1.0),N_A,M,INV_FII,N_A,2002,2001,0,2001-12-31,USD,375000000
RBI:FR_INV_INFLW_RN(1.0),N_A,M,EQT_ACQ_SHAR,N_A,2002,2001,0,2002-01-31,USD,84000000
RBI:FR_INV_INFLW_RN(1.0),N_A,M,EQT_GOVT_SIA_FIPB,N_A,2002,2001,0,2002-01-31,USD,77000000
RBI:FR_INV_INFLW_RN(1.0),N_A,M,EQT_RBI,N_A,2002,2001,0,2002-01-31,USD,78000000
RBI:FR_INV_INFLW_RN(1.0),N_A,M,INV_CAT_DI_IND,N_A,2002,2001,0,2002-01-31,USD,239000000
RBI:FR_INV_INFLW_RN(1.0),N_A,M,INV_CAT_PI_FII,N_A,2002,2001,0,2002-01-31,USD,131000000
RBI:FR_INV_INFLW_RN(1.0),N_A,M,INV_CAT_PORTF_INV,N_A,2002,2001,0,2002-01-31,USD,131000000
RBI:FR_INV_INFLW_RN(1.0),N_A,M,INV_FII,N_A,2002,2001,0,2002-01-31,USD,370000000
RBI:FR_INV_INFLW_RN(1.0),N_A,M,EQT_ACQ_SHAR,N_A,2002,2001,0,2002-02-28,USD,81000000
RBI:FR_INV_INFLW_RN(1.0),N_A,M,EQT_GOVT_SIA_FIPB,N_A,2002,2001,0,2002-02-28,USD,19000000
RBI:FR_INV_INFLW_RN(1.0),N_A,M,EQT_RBI,N_A,2002,2001,0,2002-02-28,USD,40000000
RBI:FR_INV_INFLW_RN(1.0),N_A,M,INV_CAT_DI_IND,N_A,2002,2001,0,2002-02-28,USD,140000000
RBI:FR_INV_INFLW_RN(1.0),N_A,M,INV_CAT_PI_FII,N_A,2002,2001,0,2002-02-28,USD,271000000
RBI:FR_INV_INFLW_RN(1.0),N_A,M,INV_CAT_PORTF_INV,N_A,2002,2001,0,2002-02-28,USD,271000000
RBI:FR_INV_INFLW_RN(1.0),N_A,M,INV_FII,N_A,2002,2001,0,2002-02-28,USD,411000000
RBI:FR_INV_INFLW_RN(1.0),N_A,M,EQT_ACQ_SHAR,N_A,2002,2001,0,2002-03-31,USD,182000000
RBI:FR_INV_INFLW_RN(1.0),N_A,M,EQT_GOVT_SIA_FIPB,N_A,2002,2001,0,2002-03-31,USD,544000000
RBI:FR_INV_INFLW_RN(1.0),N_A,M,EQT_NRI,N_A,2002,2001,0,2002-03-31,USD,2000000.0
RBI:FR_INV_INFLW_RN(1.0),N_A,M,EQT_RBI,N_A,2002,2001,0,2002-03-31,USD,85000000
RBI:FR_INV_INFLW_RN(1.0),N_A,M,INV_CAT_DI_IND,N_A,2002,2001,0,2002-03-31,USD,813000000
RBI:FR_INV_INFLW_RN(1.0),N_A,M,INV_CAT_PI_FII,N_A,2002,2001,0,2002-03-31,USD,276000000
RBI:FR_INV_INFLW_RN(1.0),N_A,M,INV_CAT_PORTF_INV,N_A,2002,2001,0,2002-03-31,USD,276000000
RBI:FR_INV_INFLW_RN(1.0),N_A,M,INV_FII,N_A,2002,2001,0,2002-03-31,USD,1089000000
RBI:FR_INV_INFLW_RN(1.0),N_A,M,EQT_ACQ_SHAR,N_A,2003,2002,0,2002-04-30,USD,82000000
RBI:FR_INV_INFLW_RN(1.0),N_A,M,EQT_GOVT_SIA_FIPB,N_A,2003,2002,0,2002-04-30,USD,36000000
RBI:FR_INV_INFLW_RN(1.0),N_A,M,EQT_RBI,N_A,2003,2002,0,2002-04-30,USD,56000000
RBI:FR_INV_INFLW_RN(1.0),N_A,M,INV_CAT_DI_IND,N_A,2003,2002,0,2002-04-30,USD,174000000
RBI:FR_INV_INFLW_RN(1.0),N_A,M,INV_CAT_PI_FII,N_A,2003,2002,0,2002-04-30,USD,-73000000
RBI:FR_INV_INFLW_RN(1.0),N_A,M,INV_CAT_PORTF_INV,N_A,2003,2002,0,2002-04-30,USD,-73000000
RBI:FR_INV_INFLW_RN(1.0),N_A,M,INV_EQT,N_A,2003,2002,0,2002-04-30,USD,174000000
RBI:FR_INV_INFLW_RN(1.0),N_A,M,INV_FII,N_A,2003,2002,0,2002-04-30,USD,101000000
RBI:FR_INV_INFLW_RN(1.0),N_A,M,EQT_ACQ_SHAR,N_A,2003,2002,0,2002-05-31,USD,19000000
RBI:FR_INV_INFLW_RN(1.0),N_A,M,EQT_GOVT_SIA_FIPB,N_A,2003,2002,0,2002-05-31,USD,212000000
RBI:FR_INV_INFLW_RN(1.0),N_A,M,EQT_RBI,N_A,2003,2002,0,2002-05-31,USD,260000000
RBI:FR_INV_INFLW_RN(1.0),N_A,M,INV_CAT_DI_IND,N_A,2003,2002,0,2002-05-31,USD,491000000
RBI:FR_INV_INFLW_RN(1.0),N_A,M,INV_CAT_PI_FII,N_A,2003,2002,0,2002-05-31,USD,87000000
RBI:FR_INV_INFLW_RN(1.0),N_A,M,INV_CAT_PI_GDR_ADR,N_A,2003,2002,0,2002-05-31,USD,20000000
RBI:FR_INV_INFLW_RN(1.0),N_A,M,INV_CAT_PORTF_INV,N_A,2003,2002,0,2002-05-31,USD,107000000
RBI:FR_INV_INFLW_RN(1.0),N_A,M,INV_EQT,N_A,2003,2002,0,2002-05-31,USD,491000000
RBI:FR_INV_INFLW_RN(1.0),N_A,M,INV_FII,N_A,2003,2002,0,2002-05-31,USD,598000000
RBI:FR_INV_INFLW_RN(1.0),N_A,M,EQT_ACQ_SHAR,N_A,2003,2002,0,2002-06-30,USD,307000000
RBI:FR_INV_INFLW_RN(1.0),N_A,M,EQT_GOVT_SIA_FIPB,N_A,2003,2002,0,2002-06-30,USD,56000000
RBI:FR_INV_INFLW_RN(1.0),N_A,M,EQT_RBI,N_A,2003,2002,0,2002-06-30,USD,37000000
RBI:FR_INV_INFLW_RN(1.0),N_A,M,INV_CAT_DI_IND,N_A,2003,2002,0,2002-06-30,USD,400000000
RBI:FR_INV_INFLW_RN(1.0),N_A,M,INV_CAT_PI_FII,N_A,2003,2002,0,2002-06-30,USD,-272000000
RBI:FR_INV_INFLW_RN(1.0),N_A,M,INV_CAT_PORTF_INV,N_A,2003,2002,0,2002-06-30,USD,-272000000
RBI:FR_INV_INFLW_RN(1.0),N_A,M,INV_EQT,N_A,2003,2002,0,2002-06-30,USD,400000000
RBI:FR_INV_INFLW_RN(1.0),N_A,M,INV_FII,N_A,2003,2002,0,2002-06-30,USD,128000000
RBI:FR_INV_INFLW_RN(1.0),N_A,M,EQT_ACQ_SHAR,N_A,2003,2002,0,2002-07-31,USD,62000000
RBI:FR_INV_INFLW_RN(1.0),N_A,M,EQT_GOVT_SIA_FIPB,N_A,2003,2002,0,2002-07-31,USD,70000000
RBI:FR_INV_INFLW_RN(1.0),N_A,M,EQT_RBI,N_A,2003,2002,0,2002-07-31,USD,22000000
RBI:FR_INV_INFLW_RN(1.0),N_A,M,INV_CAT_DI_IND,N_A,2003,2002,0,2002-07-31,USD,154000000
RBI:FR_INV_INFLW_RN(1.0),N_A,M,INV_CAT_PI_FII,N_A,2003,2002,0,2002-07-31,USD,43000000
RBI:FR_INV_INFLW_RN(1.0),N_A,M,INV_CAT_PORTF_INV,N_A,2003,2002,0,2002-07-31,USD,43000000
RBI:FR_INV_INFLW_RN(1.0),N_A,M,INV_EQT,N_A,2003,2002,0,2002-07-31,USD,154000000
RBI:FR_INV_INFLW_RN(1.0),N_A,M,INV_FII,N_A,2003,2002,0,2002-07-31,USD,197000000
RBI:FR_INV_INFLW_RN(1.0),N_A,M,EQT_ACQ_SHAR,N_A,2003,2002,0,2002-08-31,USD,26000000
RBI:FR_INV_INFLW_RN(1.0),N_A,M,EQT_GOVT_SIA_FIPB,N_A,2003,2002,0,2002-08-31,USD,82000000
RBI:FR_INV_INFLW_RN(1.0),N_A,M,EQT_RBI,N_A,2003,2002,0,2002-08-31,USD,31000000
RBI:FR_INV_INFLW_RN(1.0),N_A,M,INV_CAT_DI_IND,N_A,2003,2002,0,2002-08-31,USD,139000000
RBI:FR_INV_INFLW_RN(1.0),N_A,M,INV_CAT_PI_FII,N_A,2003,2002,0,2002-08-31,USD,-33000000
RBI:FR_INV_INFLW_RN(1.0),N_A,M,INV_CAT_PORTF_INV,N_A,2003,2002,0,2002-08-31,USD,-33000000
RBI:FR_INV_INFLW_RN(1.0),N_A,M,INV_EQT,N_A,2003,2002,0,2002-08-31,USD,139000000
RBI:FR_INV_INFLW_RN(1.0),N_A,M,INV_FII,N_A,2003,2002,0,2002-08-31,USD,106000000
RBI:FR_INV_INFLW_RN(1.0),N_A,M,EQT_ACQ_SHAR,N_A,2003,2002,0,2002-09-30,USD,123000000
RBI:FR_INV_INFLW_RN(1.0),N_A,M,EQT_GOVT_SIA_FIPB,N_A,2003,2002,0,2002-09-30,USD,42000000
RBI:FR_INV_INFLW_RN(1.0),N_A,M,EQT_RBI,N_A,2003,2002,0,2002-09-30,USD,39000000
RBI:FR_INV_INFLW_RN(1.0),N_A,M,INV_CAT_DI_IND,N_A,2003,2002,0,2002-09-30,USD,204000000
RBI:FR_INV_INFLW_RN(1.0),N_A,M,INV_CAT_PI_FII,N_A,2003,2002,0,2002-09-30,USD,-131000000
RBI:FR_INV_INFLW_RN(1.0),N_A,M,INV_CAT_PORTF_INV,N_A,2003,2002,0,2002-09-30,USD,-131000000
RBI:FR_INV_INFLW_RN(1.0),N_A,M,INV_EQT,N_A,2003,2002,0,2002-09-30,USD,204000000
RBI:FR_INV_INFLW_RN(1.0),N_A,M,INV_FII,N_A,2003,2002,0,2002-09-30,USD,73000000
RBI:FR_INV_INFLW_RN(1.0),N_A,M,EQT_ACQ_SHAR,N_A,2003,2002,0,2002-10-31,USD,14000000
RBI:FR_INV_INFLW_RN(1.0),N_A,M,EQT_GOVT_SIA_FIPB,N_A,2003,2002,0,2002-10-31,USD,135000000
RBI:FR_INV_INFLW_RN(1.0),N_A,M,EQT_RBI,N_A,2003,2002,0,2002-10-31,USD,64000000
RBI:FR_INV_INFLW_RN(1.0),N_A,M,INV_CAT_DI_IND,N_A,2003,2002,0,2002-10-31,USD,213000000
RBI:FR_INV_INFLW_RN(1.0),N_A,M,INV_CAT_PI_FII,N_A,2003,2002,0,2002-10-31,USD,-9000000.0
RBI:FR_INV_INFLW_RN(1.0),N_A,M,INV_CAT_PI_GDR_ADR,N_A,2003,2002,0,2002-10-31,USD,117000000
RBI:FR_INV_INFLW_RN(1.0),N_A,M,INV_CAT_PORTF_INV,N_A,2003,2002,0,2002-10-31,USD,108000000
RBI:FR_INV_INFLW_RN(1.0),N_A,M,INV_EQT,N_A,2003,2002,0,2002-10-31,USD,213000000
RBI:FR_INV_INFLW_RN(1.0),N_A,M,INV_FII,N_A,2003,2002,0,2002-10-31,USD,321000000
RBI:FR_INV_INFLW_RN(1.0),N_A,M,EQT_ACQ_SHAR,N_A,2003,2002,0,2002-11-30,USD,83000000
RBI:FR_INV_INFLW_RN(1.0),N_A,M,EQT_GOVT_SIA_FIPB,N_A,2003,2002,0,2002-11-30,USD,37000000
RBI:FR_INV_INFLW_RN(1.0),N_A,M,EQT_RBI,N_A,2003,2002,0,2002-11-30,USD,37000000
RBI:FR_INV_INFLW_RN(1.0),N_A,M,INV_CAT_DI_IND,N_A,2003,2002,0,2002-11-30,USD,157000000
RBI:FR_INV_INFLW_RN(1.0),N_A,M,INV_CAT_PI_FII,N_A,2003,2002,0,2002-11-30,USD,184000000
RBI:FR_INV_INFLW_RN(1.0),N_A,M,INV_CAT_PORTF_INV,N_A,2003,2002,0,2002-11-30,USD,184000000
RBI:FR_INV_INFLW_RN(1.0),N_A,M,INV_EQT,N_A,2003,2002,0,2002-11-30,USD,157000000
RBI:FR_INV_INFLW_RN(1.0),N_A,M,INV_FII,N_A,2003,2002,0,2002-11-30,USD,341000000
RBI:FR_INV_INFLW_RN(1.0),N_A,M,EQT_ACQ_SHAR,N_A,2003,2002,0,2002-12-31,USD,17000000
RBI:FR_INV_INFLW_RN(1.0),N_A,M,EQT_GOVT_SIA_FIPB,N_A,2003,2002,0,2002-12-31,USD,41000000
RBI:FR_INV_INFLW_RN(1.0),N_A,M,EQT_RBI,N_A,2003,2002,0,2002-12-31,USD,52000000
RBI:FR_INV_INFLW_RN(1.0),N_A,M,INV_CAT_DI_IND,N_A,2003,2002,0,2002-12-31,USD,110000000
RBI:FR_INV_INFLW_RN(1.0),N_A,M,INV_CAT_PI_FII,N_A,2003,2002,0,2002-12-31,USD,53000000
RBI:FR_INV_INFLW_RN(1.0),N_A,M,INV_CAT_PI_GDR_ADR,N_A,2003,2002,0,2002-12-31,USD,400000000
RBI:FR_INV_INFLW_RN(1.0),N_A,M,INV_CAT_PORTF_INV,N_A,2003,2002,0,2002-12-31,USD,453000000
RBI:FR_INV_INFLW_RN(1.0),N_A,M,INV_EQT,N_A,2003,2002,0,2002-12-31,USD,110000000
RBI:FR_INV_INFLW_RN(1.0),N_A,M,INV_FII,N_A,2003,2002,0,2002-12-31,USD,563000000
RBI:FR_INV_INFLW_RN(1.0),N_A,M,EQT_ACQ_SHAR,N_A,2003,2002,0,2003-01-31,USD,36000000
RBI:FR_INV_INFLW_RN(1.0),N_A,M,EQT_GOVT_SIA_FIPB,N_A,2003,2002,0,2003-01-31,USD,100000000
RBI:FR_INV_INFLW_RN(1.0),N_A,M,EQT_RBI,N_A,2003,2002,0,2003-01-31,USD,21000000
RBI:FR_INV_INFLW_RN(1.0),N_A,M,INV_CAT_DI_IND,N_A,2003,2002,0,2003-01-31,USD,157000000
RBI:FR_INV_INFLW_RN(1.0),N_A,M,INV_CAT_PI_FII,N_A,2003,2002,0,2003-01-31,USD,269000000
RBI:FR_INV_INFLW_RN(1.0),N_A,M,INV_CAT_PI_GDR_ADR,N_A,2003,2002,0,2003-01-31,USD,30000000
RBI:FR_INV_INFLW_RN(1.0),N_A,M,INV_CAT_PI_OFF_FND_OTH,N_A,2003,2002,0,2003-01-31,USD,2000000.0
RBI:FR_INV_INFLW_RN(1.0),N_A,M,INV_CAT_PORTF_INV,N_A,2003,2002,0,2003-01-31,USD,301000000
RBI:FR_INV_INFLW_RN(1.0),N_A,M,INV_EQT,N_A,2003,2002,0,2003-01-31,USD,157000000
RBI:FR_INV_INFLW_RN(1.0),N_A,M,INV_FII,N_A,2003,2002,0,2003-01-31,USD,458000000
RBI:FR_INV_INFLW_RN(1.0),N_A,M,EQT_ACQ_SHAR,N_A,2003,2002,0,2003-02-28,USD,54000000
RBI:FR_INV_INFLW_RN(1.0),N_A,M,EQT_GOVT_SIA_FIPB,N_A,2003,2002,0,2003-02-28,USD,69000000
RBI:FR_INV_INFLW_RN(1.0),N_A,M,EQT_RBI,N_A,2003,2002,0,2003-02-28,USD,69000000
RBI:FR_INV_INFLW_RN(1.0),N_A,M,INV_CAT_DI_IND,N_A,2003,2002,0,2003-02-28,USD,192000000
RBI:FR_INV_INFLW_RN(1.0),N_A,M,INV_CAT_PI_FII,N_A,2003,2002,0,2003-02-28,USD,77000000
RBI:FR_INV_INFLW_RN(1.0),N_A,M,INV_CAT_PORTF_INV,N_A,2003,2002,0,2003-02-28,USD,77000000
RBI:FR_INV_INFLW_RN(1.0),N_A,M,INV_EQT,N_A,2003,2002,0,2003-02-28,USD,192000000
RBI:FR_INV_INFLW_RN(1.0),N_A,M,INV_FII,N_A,2003,2002,0,2003-02-28,USD,269000000
RBI:FR_INV_INFLW_RN(1.0),N_A,M,EQT_ACQ_SHAR,N_A,2003,2002,0,2003-03-31,USD,93000000
RBI:FR_INV_INFLW_RN(1.0),N_A,M,EQT_GOVT_SIA_FIPB,N_A,2003,2002,0,2003-03-31,USD,39000000
RBI:FR_INV_INFLW_RN(1.0),N_A,M,EQT_RBI,N_A,2003,2002,0,2003-03-31,USD,51000000
RBI:FR_INV_INFLW_RN(1.0),N_A,M,INV_CAT_DI_IND,N_A,2003,2002,0,2003-03-31,USD,183000000
RBI:FR_INV_INFLW_RN(1.0),N_A,M,INV_CAT_PI_FII,N_A,2003,2002,0,2003-03-31,USD,182000000
RBI:FR_INV_INFLW_RN(1.0),N_A,M,INV_CAT_PI_GDR_ADR,N_A,2003,2002,0,2003-03-31,USD,33000000
RBI:FR_INV_INFLW_RN(1.0),N_A,M,INV_CAT_PORTF_INV,N_A,2003,2002,0,2003-03-31,USD,215000000
RBI:FR_INV_INFLW_RN(1.0),N_A,M,INV_EQT,N_A,2003,2002,0,2003-03-31,USD,183000000
RBI:FR_INV_INFLW_RN(1.0),N_A,M,INV_FII,N_A,2003,2002,0,2003-03-31,USD,398000000
RBI:FR_INV_INFLW_RN(1.0),N_A,M,EQT_ACQ_SHAR,N_A,2004,2003,0,2003-04-30,USD,8000000.0
RBI:FR_INV_INFLW_RN(1.0),N_A,M,EQT_GOVT_SIA_FIPB,N_A,2004,2003,0,2003-04-30,USD,31000000
RBI:FR_INV_INFLW_RN(1.0),N_A,M,EQT_RBI,N_A,2004,2003,0,2003-04-30,USD,19000000
RBI:FR_INV_INFLW_RN(1.0),N_A,M,INV_CAT_DI_IND,N_A,2004,2003,0,2003-04-30,USD,58000000
RBI:FR_INV_INFLW_RN(1.0),N_A,M,INV_CAT_PI_FII,N_A,2004,2003,0,2003-04-30,USD,285000000
RBI:FR_INV_INFLW_RN(1.0),N_A,M,INV_CAT_PI_GDR_ADR,N_A,2004,2003,0,2003-04-30,USD,15000000
RBI:FR_INV_INFLW_RN(1.0),N_A,M,INV_CAT_PORTF_INV,N_A,2004,2003,0,2003-04-30,USD,300000000
RBI:FR_INV_INFLW_RN(1.0),N_A,M,INV_EQT,N_A,2004,2003,0,2003-04-30,USD,58000000
RBI:FR_INV_INFLW_RN(1.0),N_A,M,INV_FII,N_A,2004,2003,0,2003-04-30,USD,358000000
RBI:FR_INV_INFLW_RN(1.0),N_A,M,EQT_ACQ_SHAR,N_A,2004,2003,0,2003-05-31,USD,28000000
RBI:FR_INV_INFLW_RN(1.0),N_A,M,EQT_GOVT_SIA_FIPB,N_A,2004,2003,0,2003-05-31,USD,44000000
RBI:FR_INV_INFLW_RN(1.0),N_A,M,EQT_RBI,N_A,2004,2003,0,2003-05-31,USD,50000000
RBI:FR_INV_INFLW_RN(1.0),N_A,M,INV_CAT_DI_IND,N_A,2004,2003,0,2003-05-31,USD,122000000
RBI:FR_INV_INFLW_RN(1.0),N_A,M,INV_CAT_PI_FII,N_A,2004,2003,0,2003-05-31,USD,469000000
RBI:FR_INV_INFLW_RN(1.0),N_A,M,INV_CAT_PORTF_INV,N_A,2004,2003,0,2003-05-31,USD,469000000
RBI:FR_INV_INFLW_RN(1.0),N_A,M,INV_EQT,N_A,2004,2003,0,2003-05-31,USD,122000000
RBI:FR_INV_INFLW_RN(1.0),N_A,M,INV_FII,N_A,2004,2003,0,2003-05-31,USD,591000000
RBI:FR_INV_INFLW_RN(1.0),N_A,M,EQT_ACQ_SHAR,N_A,2004,2003,0,2003-06-30,USD,69000000
RBI:FR_INV_INFLW_RN(1.0),N_A,M,EQT_GOVT_SIA_FIPB,N_A,2004,2003,0,2003-06-30,USD,43000000
RBI:FR_INV_INFLW_RN(1.0),N_A,M,EQT_RBI,N_A,2004,2003,0,2003-06-30,USD,56000000
RBI:FR_INV_INFLW_RN(1.0),N_A,M,INV_CAT_DI_IND,N_A,2004,2003,0,2003-06-30,USD,168000000
RBI:FR_INV_INFLW_RN(1.0),N_A,M,INV_CAT_PI_FII,N_A,2004,2003,0,2003-06-30,USD,629000000
RBI:FR_INV_INFLW_RN(1.0),N_A,M,INV_CAT_PORTF_INV,N_A,2004,2003,0,2003-06-30,USD,629000000
RBI:FR_INV_INFLW_RN(1.0),N_A,M,INV_EQT,N_A,2004,2003,0,2003-06-30,USD,168000000
RBI:FR_INV_INFLW_RN(1.0),N_A,M,INV_FII,N_A,2004,2003,0,2003-06-30,USD,797000000
RBI:FR_INV_INFLW_RN(1.0),N_A,M,EQT_ACQ_SHAR,N_A,2004,2003,0,2003-07-31,USD,28000000
RBI:FR_INV_INFLW_RN(1.0),N_A,M,EQT_GOVT_SIA_FIPB,N_A,2004,2003,0,2003-07-31,USD,108000000
RBI:FR_INV_INFLW_RN(1.0),N_A,M,EQT_RBI,N_A,2004,2003,0,2003-07-31,USD,44000000
RBI:FR_INV_INFLW_RN(1.0),N_A,M,INV_CAT_DI_IND,N_A,2004,2003,0,2003-07-31,USD,180000000
RBI:FR_INV_INFLW_RN(1.0),N_A,M,INV_CAT_PI_FII,N_A,2004,2003,0,2003-07-31,USD,408000000
RBI:FR_INV_INFLW_RN(1.0),N_A,M,INV_CAT_PI_GDR_ADR,N_A,2004,2003,0,2003-07-31,USD,17000000
RBI:FR_INV_INFLW_RN(1.0),N_A,M,INV_CAT_PORTF_INV,N_A,2004,2003,0,2003-07-31,USD,425000000
RBI:FR_INV_INFLW_RN(1.0),N_A,M,INV_EQT,N_A,2004,2003,0,2003-07-31,USD,180000000
RBI:FR_INV_INFLW_RN(1.0),N_A,M,INV_FII,N_A,2004,2003,0,2003-07-31,USD,605000000
RBI:FR_INV_INFLW_RN(1.0),N_A,M,EQT_ACQ_SHAR,N_A,2004,2003,0,2003-08-31,USD,98000000
RBI:FR_INV_INFLW_RN(1.0),N_A,M,EQT_GOVT_SIA_FIPB,N_A,2004,2003,0,2003-08-31,USD,60000000
RBI:FR_INV_INFLW_RN(1.0),N_A,M,EQT_RBI,N_A,2004,2003,0,2003-08-31,USD,38000000
RBI:FR_INV_INFLW_RN(1.0),N_A,M,INV_CAT_DI_IND,N_A,2004,2003,0,2003-08-31,USD,196000000
RBI:FR_INV_INFLW_RN(1.0),N_A,M,INV_CAT_PI_FII,N_A,2004,2003,0,2003-08-31,USD,492000000
RBI:FR_INV_INFLW_RN(1.0),N_A,M,INV_CAT_PI_GDR_ADR,N_A,2004,2003,0,2003-08-31,USD,286000000
RBI:FR_INV_INFLW_RN(1.0),N_A,M,INV_CAT_PORTF_INV,N_A,2004,2003,0,2003-08-31,USD,778000000
RBI:FR_INV_INFLW_RN(1.0),N_A,M,INV_EQT,N_A,2004,2003,0,2003-08-31,USD,196000000
RBI:FR_INV_INFLW_RN(1.0),N_A,M,INV_FII,N_A,2004,2003,0,2003-08-31,USD,974000000
RBI:FR_INV_INFLW_RN(1.0),N_A,M,EQT_ACQ_SHAR,N_A,2004,2003,0,2003-09-30,USD,22000000
RBI:FR_INV_INFLW_RN(1.0),N_A,M,EQT_GOVT_SIA_FIPB,N_A,2004,2003,0,2003-09-30,USD,184000000
RBI:FR_INV_INFLW_RN(1.0),N_A,M,EQT_RBI,N_A,2004,2003,0,2003-09-30,USD,56000000
RBI:FR_INV_INFLW_RN(1.0),N_A,M,INV_CAT_DI_IND,N_A,2004,2003,0,2003-09-30,USD,262000000
RBI:FR_INV_INFLW_RN(1.0),N_A,M,INV_CAT_PI_FII,N_A,2004,2003,0,2003-09-30,USD,904000000
RBI:FR_INV_INFLW_RN(1.0),N_A,M,INV_CAT_PI_GDR_ADR,N_A,2004,2003,0,2003-09-30,USD,29000000
RBI:FR_INV_INFLW_RN(1.0),N_A,M,INV_CAT_PORTF_INV,N_A,2004,2003,0,2003-09-30,USD,933000000
RBI:FR_INV_INFLW_RN(1.0),N_A,M,INV_EQT,N_A,2004,2003,0,2003-09-30,USD,262000000
RBI:FR_INV_INFLW_RN(1.0),N_A,M,INV_FII,N_A,2004,2003,0,2003-09-30,USD,1195000000
RBI:FR_INV_INFLW_RN(1.0),N_A,M,EQT_ACQ_SHAR,N_A,2004,2003,0,2003-10-31,USD,61000000
RBI:FR_INV_INFLW_RN(1.0),N_A,M,EQT_GOVT_SIA_FIPB,N_A,2004,2003,0,2003-10-31,USD,37000000
RBI:FR_INV_INFLW_RN(1.0),N_A,M,EQT_RBI,N_A,2004,2003,0,2003-10-31,USD,29000000
RBI:FR_INV_INFLW_RN(1.0),N_A,M,INV_CAT_DI_IND,N_A,2004,2003,0,2003-10-31,USD,127000000
RBI:FR_INV_INFLW_RN(1.0),N_A,M,INV_CAT_PI_FII,N_A,2004,2003,0,2003-10-31,USD,1622000000
RBI:FR_INV_INFLW_RN(1.0),N_A,M,INV_CAT_PORTF_INV,N_A,2004,2003,0,2003-10-31,USD,1622000000
RBI:FR_INV_INFLW_RN(1.0),N_A,M,INV_EQT,N_A,2004,2003,0,2003-10-31,USD,127000000
RBI:FR_INV_INFLW_RN(1.0),N_A,M,INV_FII,N_A,2004,2003,0,2003-10-31,USD,1749000000
RBI:FR_INV_INFLW_RN(1.0),N_A,M,EQT_ACQ_SHAR,N_A,2004,2003,0,2003-11-30,USD,51000000
RBI:FR_INV_INFLW_RN(1.0),N_A,M,EQT_GOVT_SIA_FIPB,N_A,2004,2003,0,2003-11-30,USD,66000000
RBI:FR_INV_INFLW_RN(1.0),N_A,M,EQT_RBI,N_A,2004,2003,0,2003-11-30,USD,25000000
RBI:FR_INV_INFLW_RN(1.0),N_A,M,INV_CAT_DI_IND,N_A,2004,2003,0,2003-11-30,USD,142000000
RBI:FR_INV_INFLW_RN(1.0),N_A,M,INV_CAT_PI_FII,N_A,2004,2003,0,2003-11-30,USD,883000000
RBI:FR_INV_INFLW_RN(1.0),N_A,M,INV_CAT_PI_GDR_ADR,N_A,2004,2003,0,2003-11-30,USD,6000000.0
RBI:FR_INV_INFLW_RN(1.0),N_A,M,INV_CAT_PORTF_INV,N_A,2004,2003,0,2003-11-30,USD,889000000
RBI:FR_INV_INFLW_RN(1.0),N_A,M,INV_EQT,N_A,2004,2003,0,2003-11-30,USD,142000000
RBI:FR_INV_INFLW_RN(1.0),N_A,M,INV_FII,N_A,2004,2003,0,2003-11-30,USD,1031000000
RBI:FR_INV_INFLW_RN(1.0),N_A,M,EQT_ACQ_SHAR,N_A,2004,2003,0,2003-12-31,USD,81000000
RBI:FR_INV_INFLW_RN(1.0),N_A,M,EQT_GOVT_SIA_FIPB,N_A,2004,2003,0,2003-12-31,USD,145000000
RBI:FR_INV_INFLW_RN(1.0),N_A,M,EQT_RBI,N_A,2004,2003,0,2003-12-31,USD,44000000
RBI:FR_INV_INFLW_RN(1.0),N_A,M,INV_CAT_DI_IND,N_A,2004,2003,0,2003-12-31,USD,270000000
RBI:FR_INV_INFLW_RN(1.0),N_A,M,INV_CAT_PI_FII,N_A,2004,2003,0,2003-12-31,USD,1549000000
RBI:FR_INV_INFLW_RN(1.0),N_A,M,INV_CAT_PI_GDR_ADR,N_A,2004,2003,0,2003-12-31,USD,50000000
RBI:FR_INV_INFLW_RN(1.0),N_A,M,INV_CAT_PORTF_INV,N_A,2004,2003,0,2003-12-31,USD,1599000000
RBI:FR_INV_INFLW_RN(1.0),N_A,M,INV_EQT,N_A,2004,2003,0,2003-12-31,USD,270000000
RBI:FR_INV_INFLW_RN(1.0),N_A,M,INV_FII,N_A,2004,2003,0,2003-12-31,USD,1869000000
RBI:FR_INV_INFLW_RN(1.0),N_A,M,EQT_ACQ_SHAR,N_A,2004,2003,0,2004-01-31,USD,10000000
RBI:FR_INV_INFLW_RN(1.0),N_A,M,EQT_GOVT_SIA_FIPB,N_A,2004,2003,0,2004-01-31,USD,64000000
RBI:FR_INV_INFLW_RN(1.0),N_A,M,EQT_RBI,N_A,2004,2003,0,2004-01-31,USD,48000000
RBI:FR_INV_INFLW_RN(1.0),N_A,M,INV_CAT_DI_IND,N_A,2004,2003,0,2004-01-31,USD,122000000
RBI:FR_INV_INFLW_RN(1.0),N_A,M,INV_CAT_PI_FII,N_A,2004,2003,0,2004-01-31,USD,1147000000
RBI:FR_INV_INFLW_RN(1.0),N_A,M,INV_CAT_PI_GDR_ADR,N_A,2004,2003,0,2004-01-31,USD,14000000
RBI:FR_INV_INFLW_RN(1.0),N_A,M,INV_CAT_PORTF_INV,N_A,2004,2003,0,2004-01-31,USD,1161000000
RBI:FR_INV_INFLW_RN(1.0),N_A,M,INV_EQT,N_A,2004,2003,0,2004-01-31,USD,122000000
RBI:FR_INV_INFLW_RN(1.0),N_A,M,INV_FII,N_A,2004,2003,0,2004-01-31,USD,1283000000
RBI:FR_INV_INFLW_RN(1.0),N_A,M,EQT_ACQ_SHAR,N_A,2004,2003,0,2004-02-29,USD,226000000
RBI:FR_INV_INFLW_RN(1.0),N_A,M,EQT_GOVT_SIA_FIPB,N_A,2004,2003,0,2004-02-29,USD,113000000
RBI:FR_INV_INFLW_RN(1.0),N_A,M,EQT_RBI,N_A,2004,2003,0,2004-02-29,USD,43000000
RBI:FR_INV_INFLW_RN(1.0),N_A,M,INV_CAT_DI_IND,N_A,2004,2003,0,2004-02-29,USD,382000000
RBI:FR_INV_INFLW_RN(1.0),N_A,M,INV_CAT_PI_FII,N_A,2004,2003,0,2004-02-29,USD,696000000
RBI:FR_INV_INFLW_RN(1.0),N_A,M,INV_CAT_PI_GDR_ADR,N_A,2004,2003,0,2004-02-29,USD,42000000
RBI:FR_INV_INFLW_RN(1.0),N_A,M,INV_CAT_PORTF_INV,N_A,2004,2003,0,2004-02-29,USD,738000000
RBI:FR_INV_INFLW_RN(1.0),N_A,M,INV_EQT,N_A,2004,2003,0,2004-02-29,USD,382000000
RBI:FR_INV_INFLW_RN(1.0),N_A,M,INV_FII,N_A,2004,2003,0,2004-02-29,USD,1120000000
RBI:FR_INV_INFLW_RN(1.0),N_A,M,EQT_ACQ_SHAR,N_A,2004,2003,0,2004-03-31,USD,53000000
RBI:FR_INV_INFLW_RN(1.0),N_A,M,EQT_GOVT_SIA_FIPB,N_A,2004,2003,0,2004-03-31,USD,33000000
RBI:FR_INV_INFLW_RN(1.0),N_A,M,EQT_RBI,N_A,2004,2003,0,2004-03-31,USD,82000000
RBI:FR_INV_INFLW_RN(1.0),N_A,M,INV_CAT_DI_IND,N_A,2004,2003,0,2004-03-31,USD,168000000
RBI:FR_INV_INFLW_RN(1.0),N_A,M,INV_CAT_PI_FII,N_A,2004,2003,0,2004-03-31,USD,1834000000
RBI:FR_INV_INFLW_RN(1.0),N_A,M,INV_CAT_PORTF_INV,N_A,2004,2003,0,2004-03-31,USD,1834000000
RBI:FR_INV_INFLW_RN(1.0),N_A,M,INV_EQT,N_A,2004,2003,0,2004-03-31,USD,168000000
RBI:FR_INV_INFLW_RN(1.0),N_A,M,INV_FII,N_A,2004,2003,0,2004-03-31,USD,2002000000
RBI:FR_INV_INFLW_RN(1.0),N_A,M,EQT_ACQ_SHAR,N_A,2005,2004,0,2004-04-30,USD,19000000
RBI:FR_INV_INFLW_RN(1.0),N_A,M,EQT_GOVT_SIA_FIPB,N_A,2005,2004,0,2004-04-30,USD,129000000
RBI:FR_INV_INFLW_RN(1.0),N_A,M,EQT_RBI,N_A,2005,2004,0,2004-04-30,USD,69000000
RBI:FR_INV_INFLW_RN(1.0),N_A,M,INV_CAT_DI_IND,N_A,2005,2004,0,2004-04-30,USD,217000000
RBI:FR_INV_INFLW_RN(1.0),N_A,M,INV_CAT_PI_FII,N_A,2005,2004,0,2004-04-30,USD,903000000
RBI:FR_INV_INFLW_RN(1.0),N_A,M,INV_CAT_PI_GDR_ADR,N_A,2005,2004,0,2004-04-30,USD,35000000
RBI:FR_INV_INFLW_RN(1.0),N_A,M,INV_CAT_PORTF_INV,N_A,2005,2004,0,2004-04-30,USD,938000000
RBI:FR_INV_INFLW_RN(1.0),N_A,M,INV_EQT,N_A,2005,2004,0,2004-04-30,USD,217000000
RBI:FR_INV_INFLW_RN(1.0),N_A,M,INV_FII,N_A,2005,2004,0,2004-04-30,USD,1155000000
RBI:FR_INV_INFLW_RN(1.0),N_A,M,EQT_ACQ_SHAR,N_A,2005,2004,0,2004-05-31,USD,78000000
RBI:FR_INV_INFLW_RN(1.0),N_A,M,EQT_GOVT_SIA_FIPB,N_A,2005,2004,0,2004-05-31,USD,56000000
RBI:FR_INV_INFLW_RN(1.0),N_A,M,EQT_RBI,N_A,2005,2004,0,2004-05-31,USD,83000000
RBI:FR_INV_INFLW_RN(1.0),N_A,M,INV_CAT_DI_IND,N_A,2005,2004,0,2004-05-31,USD,217000000
RBI:FR_INV_INFLW_RN(1.0),N_A,M,INV_CAT_PI_FII,N_A,2005,2004,0,2004-05-31,USD,-449000000
RBI:FR_INV_INFLW_RN(1.0),N_A,M,INV_CAT_PI_GDR_ADR,N_A,2005,2004,0,2004-05-31,USD,135000000
RBI:FR_INV_INFLW_RN(1.0),N_A,M,INV_CAT_PORTF_INV,N_A,2005,2004,0,2004-05-31,USD,-314000000
RBI:FR_INV_INFLW_RN(1.0),N_A,M,INV_EQT,N_A,2005,2004,0,2004-05-31,USD,217000000
RBI:FR_INV_INFLW_RN(1.0),N_A,M,INV_FII,N_A,2005,2004,0,2004-05-31,USD,-97000000
RBI:FR_INV_INFLW_RN(1.0),N_A,M,EQT_ACQ_SHAR,N_A,2005,2004,0,2004-06-30,USD,115000000
RBI:FR_INV_INFLW_RN(1.0),N_A,M,EQT_GOVT_SIA_FIPB,N_A,2005,2004,0,2004-06-30,USD,103000000
RBI:FR_INV_INFLW_RN(1.0),N_A,M,EQT_RBI,N_A,2005,2004,0,2004-06-30,USD,162000000
RBI:FR_INV_INFLW_RN(1.0),N_A,M,INV_CAT_DI_IND,N_A,2005,2004,0,2004-06-30,USD,380000000
RBI:FR_INV_INFLW_RN(1.0),N_A,M,INV_CAT_PI_FII,N_A,2005,2004,0,2004-06-30,USD,-467000000
RBI:FR_INV_INFLW_RN(1.0),N_A,M,INV_CAT_PORTF_INV,N_A,2005,2004,0,2004-06-30,USD,-467000000
RBI:FR_INV_INFLW_RN(1.0),N_A,M,INV_EQT,N_A,2005,2004,0,2004-06-30,USD,380000000
RBI:FR_INV_INFLW_RN(1.0),N_A,M,INV_FII,N_A,2005,2004,0,2004-06-30,USD,-87000000
RBI:FR_INV_INFLW_RN(1.0),N_A,M,EQT_ACQ_SHAR,N_A,2005,2004,0,2004-07-31,USD,31000000
RBI:FR_INV_INFLW_RN(1.0),N_A,M,EQT_GOVT_SIA_FIPB,N_A,2005,2004,0,2004-07-31,USD,30000000
RBI:FR_INV_INFLW_RN(1.0),N_A,M,EQT_RBI,N_A,2005,2004,0,2004-07-31,USD,112000000
RBI:FR_INV_INFLW_RN(1.0),N_A,M,INV_CAT_DI_IND,N_A,2005,2004,0,2004-07-31,USD,173000000
RBI:FR_INV_INFLW_RN(1.0),N_A,M,INV_CAT_PI_FII,N_A,2005,2004,0,2004-07-31,USD,-410000000
RBI:FR_INV_INFLW_RN(1.0),N_A,M,INV_CAT_PORTF_INV,N_A,2005,2004,0,2004-07-31,USD,-410000000
RBI:FR_INV_INFLW_RN(1.0),N_A,M,INV_EQT,N_A,2005,2004,0,2004-07-31,USD,173000000
RBI:FR_INV_INFLW_RN(1.0),N_A,M,INV_FII,N_A,2005,2004,0,2004-07-31,USD,-237000000
RBI:FR_INV_INFLW_RN(1.0),N_A,M,EQT_ACQ_SHAR,N_A,2005,2004,0,2004-08-31,USD,135000000
RBI:FR_INV_INFLW_RN(1.0),N_A,M,EQT_GOVT_SIA_FIPB,N_A,2005,2004,0,2004-08-31,USD,329000000
RBI:FR_INV_INFLW_RN(1.0),N_A,M,EQT_RBI,N_A,2005,2004,0,2004-08-31,USD,137000000
RBI:FR_INV_INFLW_RN(1.0),N_A,M,INV_CAT_DI_IND,N_A,2005,2004,0,2004-08-31,USD,601000000
RBI:FR_INV_INFLW_RN(1.0),N_A,M,INV_CAT_PI_FII,N_A,2005,2004,0,2004-08-31,USD,450000000
RBI:FR_INV_INFLW_RN(1.0),N_A,M,INV_CAT_PORTF_INV,N_A,2005,2004,0,2004-08-31,USD,450000000
RBI:FR_INV_INFLW_RN(1.0),N_A,M,INV_EQT,N_A,2005,2004,0,2004-08-31,USD,601000000
RBI:FR_INV_INFLW_RN(1.0),N_A,M,INV_FII,N_A,2005,2004,0,2004-08-31,USD,1051000000
RBI:FR_INV_INFLW_RN(1.0),N_A,M,EQT_ACQ_SHAR,N_A,2005,2004,0,2004-09-30,USD,129000000
RBI:FR_INV_INFLW_RN(1.0),N_A,M,EQT_GOVT_SIA_FIPB,N_A,2005,2004,0,2004-09-30,USD,57000000
RBI:FR_INV_INFLW_RN(1.0),N_A,M,EQT_RBI,N_A,2005,2004,0,2004-09-30,USD,96000000
RBI:FR_INV_INFLW_RN(1.0),N_A,M,INV_CAT_DI_IND,N_A,2005,2004,0,2004-09-30,USD,282000000
RBI:FR_INV_INFLW_RN(1.0),N_A,M,INV_CAT_PI_FII,N_A,2005,2004,0,2004-09-30,USD,421000000
RBI:FR_INV_INFLW_RN(1.0),N_A,M,INV_CAT_PI_OFF_FND_OTH,N_A,2005,2004,0,2004-09-30,USD,3000000.0
RBI:FR_INV_INFLW_RN(1.0),N_A,M,INV_CAT_PORTF_INV,N_A,2005,2004,0,2004-09-30,USD,424000000
RBI:FR_INV_INFLW_RN(1.0),N_A,M,INV_EQT,N_A,2005,2004,0,2004-09-30,USD,282000000
RBI:FR_INV_INFLW_RN(1.0),N_A,M,INV_FII,N_A,2005,2004,0,2004-09-30,USD,706000000
RBI:FR_INV_INFLW_RN(1.0),N_A,M,EQT_ACQ_SHAR,N_A,2005,2004,0,2004-10-31,USD,100000000
RBI:FR_INV_INFLW_RN(1.0),N_A,M,EQT_GOVT_SIA_FIPB,N_A,2005,2004,0,2004-10-31,USD,24000000
RBI:FR_INV_INFLW_RN(1.0),N_A,M,EQT_RBI,N_A,2005,2004,0,2004-10-31,USD,90000000
RBI:FR_INV_INFLW_RN(1.0),N_A,M,INV_CAT_DI_IND,N_A,2005,2004,0,2004-10-31,USD,214000000
RBI:FR_INV_INFLW_RN(1.0),N_A,M,INV_CAT_PI_FII,N_A,2005,2004,0,2004-10-31,USD,848000000
RBI:FR_INV_INFLW_RN(1.0),N_A,M,INV_CAT_PORTF_INV,N_A,2005,2004,0,2004-10-31,USD,848000000
RBI:FR_INV_INFLW_RN(1.0),N_A,M,INV_EQT,N_A,2005,2004,0,2004-10-31,USD,214000000
RBI:FR_INV_INFLW_RN(1.0),N_A,M,INV_FII,N_A,2005,2004,0,2004-10-31,USD,1062000000
RBI:FR_INV_INFLW_RN(1.0),N_A,M,EQT_ACQ_SHAR,N_A,2005,2004,0,2004-11-30,USD,42000000
RBI:FR_INV_INFLW_RN(1.0),N_A,M,EQT_GOVT_SIA_FIPB,N_A,2005,2004,0,2004-11-30,USD,46000000
RBI:FR_INV_INFLW_RN(1.0),N_A,M,EQT_RBI,N_A,2005,2004,0,2004-11-30,USD,98000000
RBI:FR_INV_INFLW_RN(1.0),N_A,M,INV_CAT_DI_IND,N_A,2005,2004,0,2004-11-30,USD,186000000
RBI:FR_INV_INFLW_RN(1.0),N_A,M,INV_CAT_PI_FII,N_A,2005,2004,0,2004-11-30,USD,2827000000
RBI:FR_INV_INFLW_RN(1.0),N_A,M,INV_CAT_PI_GDR_ADR,N_A,2005,2004,0,2004-11-30,USD,224000000
RBI:FR_INV_INFLW_RN(1.0),N_A,M,INV_CAT_PORTF_INV,N_A,2005,2004,0,2004-11-30,USD,3051000000
RBI:FR_INV_INFLW_RN(1.0),N_A,M,INV_EQT,N_A,2005,2004,0,2004-11-30,USD,186000000
RBI:FR_INV_INFLW_RN(1.0),N_A,M,INV_FII,N_A,2005,2004,0,2004-11-30,USD,3237000000
RBI:FR_INV_INFLW_RN(1.0),N_A,M,EQT_ACQ_SHAR,N_A,2005,2004,0,2004-12-31,USD,53000000
RBI:FR_INV_INFLW_RN(1.0),N_A,M,EQT_GOVT_SIA_FIPB,N_A,2005,2004,0,2004-12-31,USD,86000000
RBI:FR_INV_INFLW_RN(1.0),N_A,M,EQT_RBI,N_A,2005,2004,0,2004-12-31,USD,177000000
RBI:FR_INV_INFLW_RN(1.0),N_A,M,INV_CAT_DI_IND,N_A,2005,2004,0,2004-12-31,USD,316000000
RBI:FR_INV_INFLW_RN(1.0),N_A,M,INV_CAT_PI_FII,N_A,2005,2004,0,2004-12-31,USD,799000000
RBI:FR_INV_INFLW_RN(1.0),N_A,M,INV_CAT_PI_OFF_FND_OTH,N_A,2005,2004,0,2004-12-31,USD,5000000.0
RBI:FR_INV_INFLW_RN(1.0),N_A,M,INV_CAT_PORTF_INV,N_A,2005,2004,0,2004-12-31,USD,804000000
RBI:FR_INV_INFLW_RN(1.0),N_A,M,INV_EQT,N_A,2005,2004,0,2004-12-31,USD,316000000
RBI:FR_INV_INFLW_RN(1.0),N_A,M,INV_FII,N_A,2005,2004,0,2004-12-31,USD,1120000000
RBI:FR_INV_INFLW_RN(1.0),N_A,M,EQT_ACQ_SHAR,N_A,2005,2004,0,2005-01-31,USD,55000000
RBI:FR_INV_INFLW_RN(1.0),N_A,M,EQT_GOVT_SIA_FIPB,N_A,2005,2004,0,2005-01-31,USD,30000000
RBI:FR_INV_INFLW_RN(1.0),N_A,M,EQT_RBI,N_A,2005,2004,0,2005-01-31,USD,67000000
RBI:FR_INV_INFLW_RN(1.0),N_A,M,INV_CAT_DI_IND,N_A,2005,2004,0,2005-01-31,USD,152000000
RBI:FR_INV_INFLW_RN(1.0),N_A,M,INV_CAT_PI_FII,N_A,2005,2004,0,2005-01-31,USD,-178000000
RBI:FR_INV_INFLW_RN(1.0),N_A,M,INV_CAT_PI_GDR_ADR,N_A,2005,2004,0,2005-01-31,USD,48000000
RBI:FR_INV_INFLW_RN(1.0),N_A,M,INV_CAT_PORTF_INV,N_A,2005,2004,0,2005-01-31,USD,-130000000
RBI:FR_INV_INFLW_RN(1.0),N_A,M,INV_EQT,N_A,2005,2004,0,2005-01-31,USD,152000000
RBI:FR_INV_INFLW_RN(1.0),N_A,M,INV_FII,N_A,2005,2004,0,2005-01-31,USD,22000000
RBI:FR_INV_INFLW_RN(1.0),N_A,M,EQT_ACQ_SHAR,N_A,2005,2004,0,2005-02-28,USD,38000000
RBI:FR_INV_INFLW_RN(1.0),N_A,M,EQT_GOVT_SIA_FIPB,N_A,2005,2004,0,2005-02-28,USD,101000000
RBI:FR_INV_INFLW_RN(1.0),N_A,M,EQT_RBI,N_A,2005,2004,0,2005-02-28,USD,99000000
RBI:FR_INV_INFLW_RN(1.0),N_A,M,INV_CAT_DI_IND,N_A,2005,2004,0,2005-02-28,USD,238000000
RBI:FR_INV_INFLW_RN(1.0),N_A,M,INV_CAT_PI_FII,N_A,2005,2004,0,2005-02-28,USD,2467000000
RBI:FR_INV_INFLW_RN(1.0),N_A,M,INV_CAT_PORTF_INV,N_A,2005,2004,0,2005-02-28,USD,2467000000
RBI:FR_INV_INFLW_RN(1.0),N_A,M,INV_EQT,N_A,2005,2004,0,2005-02-28,USD,238000000
RBI:FR_INV_INFLW_RN(1.0),N_A,M,INV_FII,N_A,2005,2004,0,2005-02-28,USD,2705000000
RBI:FR_INV_INFLW_RN(1.0),N_A,M,EQT_ACQ_SHAR,N_A,2005,2004,0,2005-03-31,USD,135000000
RBI:FR_INV_INFLW_RN(1.0),N_A,M,EQT_GOVT_SIA_FIPB,N_A,2005,2004,0,2005-03-31,USD,71000000
RBI:FR_INV_INFLW_RN(1.0),N_A,M,EQT_RBI,N_A,2005,2004,0,2005-03-31,USD,69000000
RBI:FR_INV_INFLW_RN(1.0),N_A,M,INV_CAT_DI_IND,N_A,2005,2004,0,2005-03-31,USD,275000000
RBI:FR_INV_INFLW_RN(1.0),N_A,M,INV_CAT_PI_FII,N_A,2005,2004,0,2005-03-31,USD,1475000000
RBI:FR_INV_INFLW_RN(1.0),N_A,M,INV_CAT_PI_GDR_ADR,N_A,2005,2004,0,2005-03-31,USD,171000000
RBI:FR_INV_INFLW_RN(1.0),N_A,M,INV_CAT_PI_OFF_FND_OTH,N_A,2005,2004,0,2005-03-31,USD,8000000.0
RBI:FR_INV_INFLW_RN(1.0),N_A,M,INV_CAT_PORTF_INV,N_A,2005,2004,0,2005-03-31,USD,1654000000
RBI:FR_INV_INFLW_RN(1.0),N_A,M,INV_EQT,N_A,2005,2004,0,2005-03-31,USD,275000000
RBI:FR_INV_INFLW_RN(1.0),N_A,M,INV_FII,N_A,2005,2004,0,2005-03-31,USD,1929000000
RBI:FR_INV_INFLW_RN(1.0),N_A,M,EQT_ACQ_SHAR,N_A,2006,2005,0,2005-04-30,USD,83000000
RBI:FR_INV_INFLW_RN(1.0),N_A,M,EQT_GOVT_SIA_FIPB,N_A,2006,2005,0,2005-04-30,USD,81000000
RBI:FR_INV_INFLW_RN(1.0),N_A,M,EQT_RBI,N_A,2006,2005,0,2005-04-30,USD,104000000
RBI:FR_INV_INFLW_RN(1.0),N_A,M,INV_CAT_DI_IND,N_A,2006,2005,0,2005-04-30,USD,268000000
RBI:FR_INV_INFLW_RN(1.0),N_A,M,INV_CAT_PI_FII,N_A,2006,2005,0,2005-04-30,USD,-299000000
RBI:FR_INV_INFLW_RN(1.0),N_A,M,INV_CAT_PI_GDR_ADR,N_A,2006,2005,0,2005-04-30,USD,13000000
RBI:FR_INV_INFLW_RN(1.0),N_A,M,INV_CAT_PORTF_INV,N_A,2006,2005,0,2005-04-30,USD,-286000000
RBI:FR_INV_INFLW_RN(1.0),N_A,M,INV_EQT,N_A,2006,2005,0,2005-04-30,USD,268000000
RBI:FR_INV_INFLW_RN(1.0),N_A,M,INV_FII,N_A,2006,2005,0,2005-04-30,USD,-18000000
RBI:FR_INV_INFLW_RN(1.0),N_A,M,EQT_ACQ_SHAR,N_A,2006,2005,0,2005-05-31,USD,108000000
RBI:FR_INV_INFLW_RN(1.0),N_A,M,EQT_GOVT_SIA_FIPB,N_A,2006,2005,0,2005-05-31,USD,486000000
RBI:FR_INV_INFLW_RN(1.0),N_A,M,EQT_RBI,N_A,2006,2005,0,2005-05-31,USD,60000000
RBI:FR_INV_INFLW_RN(1.0),N_A,M,INV_CAT_DI_IND,N_A,2006,2005,0,2005-05-31,USD,654000000
RBI:FR_INV_INFLW_RN(1.0),N_A,M,INV_CAT_PI_FII,N_A,2006,2005,0,2005-05-31,USD,-470000000
RBI:FR_INV_INFLW_RN(1.0),N_A,M,INV_CAT_PI_GDR_ADR,N_A,2006,2005,0,2005-05-31,USD,347000000
RBI:FR_INV_INFLW_RN(1.0),N_A,M,INV_CAT_PORTF_INV,N_A,2006,2005,0,2005-05-31,USD,-123000000
RBI:FR_INV_INFLW_RN(1.0),N_A,M,INV_EQT,N_A,2006,2005,0,2005-05-31,USD,654000000
RBI:FR_INV_INFLW_RN(1.0),N_A,M,INV_FII,N_A,2006,2005,0,2005-05-31,USD,531000000
RBI:FR_INV_INFLW_RN(1.0),N_A,M,EQT_ACQ_SHAR,N_A,2006,2005,0,2005-06-30,USD,52000000
RBI:FR_INV_INFLW_RN(1.0),N_A,M,EQT_GOVT_SIA_FIPB,N_A,2006,2005,0,2005-06-30,USD,70000000
RBI:FR_INV_INFLW_RN(1.0),N_A,M,EQT_RBI,N_A,2006,2005,0,2005-06-30,USD,142000000
RBI:FR_INV_INFLW_RN(1.0),N_A,M,INV_CAT_DI_IND,N_A,2006,2005,0,2005-06-30,USD,264000000
RBI:FR_INV_INFLW_RN(1.0),N_A,M,INV_CAT_PI_FII,N_A,2006,2005,0,2005-06-30,USD,1313000000
RBI:FR_INV_INFLW_RN(1.0),N_A,M,INV_CAT_PI_GDR_ADR,N_A,2006,2005,0,2005-06-30,USD,60000000
RBI:FR_INV_INFLW_RN(1.0),N_A,M,INV_CAT_PI_OFF_FND_OTH,N_A,2006,2005,0,2005-06-30,USD,9000000.0
RBI:FR_INV_INFLW_RN(1.0),N_A,M,INV_CAT_PORTF_INV,N_A,2006,2005,0,2005-06-30,USD,1382000000
RBI:FR_INV_INFLW_RN(1.0),N_A,M,INV_EQT,N_A,2006,2005,0,2005-06-30,USD,264000000
RBI:FR_INV_INFLW_RN(1.0),N_A,M,INV_FII,N_A,2006,2005,0,2005-06-30,USD,1646000000
RBI:FR_INV_INFLW_RN(1.0),N_A,M,EQT_ACQ_SHAR,N_A,2006,2005,0,2005-07-31,USD,71000000
RBI:FR_INV_INFLW_RN(1.0),N_A,M,EQT_GOVT_SIA_FIPB,N_A,2006,2005,0,2005-07-31,USD,114000000
RBI:FR_INV_INFLW_RN(1.0),N_A,M,EQT_RBI,N_A,2006,2005,0,2005-07-31,USD,139000000
RBI:FR_INV_INFLW_RN(1.0),N_A,M,INV_CAT_DI_IND,N_A,2006,2005,0,2005-07-31,USD,324000000
RBI:FR_INV_INFLW_RN(1.0),N_A,M,INV_CAT_PI_FII,N_A,2006,2005,0,2005-07-31,USD,1746000000
RBI:FR_INV_INFLW_RN(1.0),N_A,M,INV_CAT_PI_GDR_ADR,N_A,2006,2005,0,2005-07-31,USD,63000000
RBI:FR_INV_INFLW_RN(1.0),N_A,M,INV_CAT_PORTF_INV,N_A,2006,2005,0,2005-07-31,USD,1809000000
RBI:FR_INV_INFLW_RN(1.0),N_A,M,INV_EQT,N_A,2006,2005,0,2005-07-31,USD,324000000
RBI:FR_INV_INFLW_RN(1.0),N_A,M,INV_FII,N_A,2006,2005,0,2005-07-31,USD,2133000000
RBI:FR_INV_INFLW_RN(1.0),N_A,M,EQT_ACQ_SHAR,N_A,2006,2005,0,2005-08-31,USD,31000000
RBI:FR_INV_INFLW_RN(1.0),N_A,M,EQT_GOVT_SIA_FIPB,N_A,2006,2005,0,2005-08-31,USD,68000000
RBI:FR_INV_INFLW_RN(1.0),N_A,M,EQT_RBI,N_A,2006,2005,0,2005-08-31,USD,300000000
RBI:FR_INV_INFLW_RN(1.0),N_A,M,INV_CAT_DI_IND,N_A,2006,2005,0,2005-08-31,USD,399000000
RBI:FR_INV_INFLW_RN(1.0),N_A,M,INV_CAT_PI_FII,N_A,2006,2005,0,2005-08-31,USD,1204000000
RBI:FR_INV_INFLW_RN(1.0),N_A,M,INV_CAT_PI_GDR_ADR,N_A,2006,2005,0,2005-08-31,USD,85000000
RBI:FR_INV_INFLW_RN(1.0),N_A,M,INV_CAT_PORTF_INV,N_A,2006,2005,0,2005-08-31,USD,1289000000
RBI:FR_INV_INFLW_RN(1.0),N_A,M,INV_EQT,N_A,2006,2005,0,2005-08-31,USD,399000000
RBI:FR_INV_INFLW_RN(1.0),N_A,M,INV_FII,N_A,2006,2005,0,2005-08-31,USD,1688000000
RBI:FR_INV_INFLW_RN(1.0),N_A,M,EQT_ACQ_SHAR,N_A,2006,2005,0,2005-09-30,USD,147000000
RBI:FR_INV_INFLW_RN(1.0),N_A,M,EQT_GOVT_SIA_FIPB,N_A,2006,2005,0,2005-09-30,USD,7000000.0
RBI:FR_INV_INFLW_RN(1.0),N_A,M,EQT_RBI,N_A,2006,2005,0,2005-09-30,USD,128000000
RBI:FR_INV_INFLW_RN(1.0),N_A,M,INV_CAT_DI_IND,N_A,2006,2005,0,2005-09-30,USD,282000000
RBI:FR_INV_INFLW_RN(1.0),N_A,M,INV_CAT_PI_FII,N_A,2006,2005,0,2005-09-30,USD,1035000000
RBI:FR_INV_INFLW_RN(1.0),N_A,M,INV_CAT_PI_GDR_ADR,N_A,2006,2005,0,2005-09-30,USD,302000000
RBI:FR_INV_INFLW_RN(1.0),N_A,M,INV_CAT_PI_OFF_FND_OTH,N_A,2006,2005,0,2005-09-30,USD,5000000.0
RBI:FR_INV_INFLW_RN(1.0),N_A,M,INV_CAT_PORTF_INV,N_A,2006,2005,0,2005-09-30,USD,1342000000
RBI:FR_INV_INFLW_RN(1.0),N_A,M,INV_EQT,N_A,2006,2005,0,2005-09-30,USD,282000000
RBI:FR_INV_INFLW_RN(1.0),N_A,M,INV_FII,N_A,2006,2005,0,2005-09-30,USD,1624000000
RBI:FR_INV_INFLW_RN(1.0),N_A,M,EQT_ACQ_SHAR,N_A,2006,2005,0,2005-10-31,USD,156000000
RBI:FR_INV_INFLW_RN(1.0),N_A,M,EQT_GOVT_SIA_FIPB,N_A,2006,2005,0,2005-10-31,USD,25000000
RBI:FR_INV_INFLW_RN(1.0),N_A,M,EQT_RBI,N_A,2006,2005,0,2005-10-31,USD,231000000
RBI:FR_INV_INFLW_RN(1.0),N_A,M,INV_CAT_DI_IND,N_A,2006,2005,0,2005-10-31,USD,412000000
RBI:FR_INV_INFLW_RN(1.0),N_A,M,INV_CAT_PI_FII,N_A,2006,2005,0,2005-10-31,USD,-469000000
RBI:FR_INV_INFLW_RN(1.0),N_A,M,INV_CAT_PI_GDR_ADR,N_A,2006,2005,0,2005-10-31,USD,557000000
RBI:FR_INV_INFLW_RN(1.0),N_A,M,INV_CAT_PORTF_INV,N_A,2006,2005,0,2005-10-31,USD,88000000
RBI:FR_INV_INFLW_RN(1.0),N_A,M,INV_EQT,N_A,2006,2005,0,2005-10-31,USD,412000000
RBI:FR_INV_INFLW_RN(1.0),N_A,M,INV_FII,N_A,2006,2005,0,2005-10-31,USD,500000000
RBI:FR_INV_INFLW_RN(1.0),N_A,M,EQT_ACQ_SHAR,N_A,2006,2005,0,2005-11-30,USD,605000000
RBI:FR_INV_INFLW_RN(1.0),N_A,M,EQT_GOVT_SIA_FIPB,N_A,2006,2005,0,2005-11-30,USD,39000000
RBI:FR_INV_INFLW_RN(1.0),N_A,M,EQT_RBI,N_A,2006,2005,0,2005-11-30,USD,102000000
RBI:FR_INV_INFLW_RN(1.0),N_A,M,INV_CAT_DI_IND,N_A,2006,2005,0,2005-11-30,USD,746000000
RBI:FR_INV_INFLW_RN(1.0),N_A,M,INV_CAT_PI_FII,N_A,2006,2005,0,2005-11-30,USD,-17000000
RBI:FR_INV_INFLW_RN(1.0),N_A,M,INV_CAT_PI_GDR_ADR,N_A,2006,2005,0,2005-11-30,USD,288000000
RBI:FR_INV_INFLW_RN(1.0),N_A,M,INV_CAT_PORTF_INV,N_A,2006,2005,0,2005-11-30,USD,271000000
RBI:FR_INV_INFLW_RN(1.0),N_A,M,INV_EQT,N_A,2006,2005,0,2005-11-30,USD,746000000
RBI:FR_INV_INFLW_RN(1.0),N_A,M,INV_FII,N_A,2006,2005,0,2005-11-30,USD,1017000000
RBI:FR_INV_INFLW_RN(1.0),N_A,M,EQT_ACQ_SHAR,N_A,2006,2005,0,2005-12-31,USD,179000000
RBI:FR_INV_INFLW_RN(1.0),N_A,M,EQT_GOVT_SIA_FIPB,N_A,2006,2005,0,2005-12-31,USD,46000000
RBI:FR_INV_INFLW_RN(1.0),N_A,M,EQT_RBI,N_A,2006,2005,0,2005-12-31,USD,117000000
RBI:FR_INV_INFLW_RN(1.0),N_A,M,INV_CAT_DI_IND,N_A,2006,2005,0,2005-12-31,USD,342000000
RBI:FR_INV_INFLW_RN(1.0),N_A,M,INV_CAT_PI_FII,N_A,2006,2005,0,2005-12-31,USD,2122000000
RBI:FR_INV_INFLW_RN(1.0),N_A,M,INV_CAT_PI_GDR_ADR,N_A,2006,2005,0,2005-12-31,USD,267000000
RBI:FR_INV_INFLW_RN(1.0),N_A,M,INV_CAT_PORTF_INV,N_A,2006,2005,0,2005-12-31,USD,2389000000
RBI:FR_INV_INFLW_RN(1.0),N_A,M,INV_EQT,N_A,2006,2005,0,2005-12-31,USD,342000000
RBI:FR_INV_INFLW_RN(1.0),N_A,M,INV_FII,N_A,2006,2005,0,2005-12-31,USD,2731000000
RBI:FR_INV_INFLW_RN(1.0),N_A,M,EQT_ACQ_SHAR,N_A,2006,2005,0,2006-01-31,USD,260000000
RBI:FR_INV_INFLW_RN(1.0),N_A,M,EQT_GOVT_SIA_FIPB,N_A,2006,2005,0,2006-01-31,USD,78000000
RBI:FR_INV_INFLW_RN(1.0),N_A,M,EQT_RBI,N_A,2006,2005,0,2006-01-31,USD,144000000
RBI:FR_INV_INFLW_RN(1.0),N_A,M,INV_CAT_DI_IND,N_A,2006,2005,0,2006-01-31,USD,482000000
RBI:FR_INV_INFLW_RN(1.0),N_A,M,INV_CAT_PI_FII,N_A,2006,2005,0,2006-01-31,USD,1386000000
RBI:FR_INV_INFLW_RN(1.0),N_A,M,INV_CAT_PI_GDR_ADR,N_A,2006,2005,0,2006-01-31,USD,159000000
RBI:FR_INV_INFLW_RN(1.0),N_A,M,INV_CAT_PORTF_INV,N_A,2006,2005,0,2006-01-31,USD,1545000000
RBI:FR_INV_INFLW_RN(1.0),N_A,M,INV_EQT,N_A,2006,2005,0,2006-01-31,USD,482000000
RBI:FR_INV_INFLW_RN(1.0),N_A,M,INV_FII,N_A,2006,2005,0,2006-01-31,USD,2027000000
RBI:FR_INV_INFLW_RN(1.0),N_A,M,EQT_ACQ_SHAR,N_A,2006,2005,0,2006-02-28,USD,19000000
RBI:FR_INV_INFLW_RN(1.0),N_A,M,EQT_GOVT_SIA_FIPB,N_A,2006,2005,0,2006-02-28,USD,16000000
RBI:FR_INV_INFLW_RN(1.0),N_A,M,EQT_RBI,N_A,2006,2005,0,2006-02-28,USD,92000000
RBI:FR_INV_INFLW_RN(1.0),N_A,M,INV_CAT_DI_IND,N_A,2006,2005,0,2006-02-28,USD,127000000
RBI:FR_INV_INFLW_RN(1.0),N_A,M,INV_CAT_PI_FII,N_A,2006,2005,0,2006-02-28,USD,1692000000
RBI:FR_INV_INFLW_RN(1.0),N_A,M,INV_CAT_PI_GDR_ADR,N_A,2006,2005,0,2006-02-28,USD,129000000
RBI:FR_INV_INFLW_RN(1.0),N_A,M,INV_CAT_PORTF_INV,N_A,2006,2005,0,2006-02-28,USD,1821000000
RBI:FR_INV_INFLW_RN(1.0),N_A,M,INV_EQT,N_A,2006,2005,0,2006-02-28,USD,127000000
RBI:FR_INV_INFLW_RN(1.0),N_A,M,INV_FII,N_A,2006,2005,0,2006-02-28,USD,1948000000
RBI:FR_INV_INFLW_RN(1.0),N_A,M,EQT_ACQ_SHAR,N_A,2006,2005,0,2006-03-31,USD,470000000
RBI:FR_INV_INFLW_RN(1.0),N_A,M,EQT_GOVT_SIA_FIPB,N_A,2006,2005,0,2006-03-31,USD,96000000
RBI:FR_INV_INFLW_RN(1.0),N_A,M,EQT_RBI,N_A,2006,2005,0,2006-03-31,USD,674000000
RBI:FR_INV_INFLW_RN(1.0),N_A,M,INV_CAT_DI_IND,N_A,2006,2005,0,2006-03-31,USD,1240000000
RBI:FR_INV_INFLW_RN(1.0),N_A,M,INV_CAT_PI_FII,N_A,2006,2005,0,2006-03-31,USD,684000000
RBI:FR_INV_INFLW_RN(1.0),N_A,M,INV_CAT_PI_GDR_ADR,N_A,2006,2005,0,2006-03-31,USD,282000000
RBI:FR_INV_INFLW_RN(1.0),N_A,M,INV_CAT_PORTF_INV,N_A,2006,2005,0,2006-03-31,USD,966000000
RBI:FR_INV_INFLW_RN(1.0),N_A,M,INV_EQT,N_A,2006,2005,0,2006-03-31,USD,1240000000
RBI:FR_INV_INFLW_RN(1.0),N_A,M,INV_FII,N_A,2006,2005,0,2006-03-31,USD,2206000000
RBI:FR_INV_INFLW_RN(1.0),N_A,M,EQT_ACQ_SHAR,N_A,2007,2006,0,2006-04-30,USD,55000000
RBI:FR_INV_INFLW_RN(1.0),N_A,M,EQT_GOVT_SIA_FIPB,N_A,2007,2006,0,2006-04-30,USD,124000000
RBI:FR_INV_INFLW_RN(1.0),N_A,M,EQT_RBI,N_A,2007,2006,0,2006-04-30,USD,482000000
RBI:FR_INV_INFLW_RN(1.0),N_A,M,INV_CAT_DI_IND,N_A,2007,2006,0,2006-04-30,USD,661000000
RBI:FR_INV_INFLW_RN(1.0),N_A,M,INV_CAT_PI_FII,N_A,2007,2006,0,2006-04-30,USD,3276000000
RBI:FR_INV_INFLW_RN(1.0),N_A,M,INV_CAT_PI_GDR_ADR,N_A,2007,2006,0,2006-04-30,USD,435000000
RBI:FR_INV_INFLW_RN(1.0),N_A,M,INV_CAT_PORTF_INV,N_A,2007,2006,0,2006-04-30,USD,3711000000
RBI:FR_INV_INFLW_RN(1.0),N_A,M,INV_EQT,N_A,2007,2006,0,2006-04-30,USD,661000000
RBI:FR_INV_INFLW_RN(1.0),N_A,M,INV_FII,N_A,2007,2006,0,2006-04-30,USD,4372000000
RBI:FR_INV_INFLW_RN(1.0),N_A,M,EQT_ACQ_SHAR,N_A,2007,2006,0,2006-05-31,USD,21000000
RBI:FR_INV_INFLW_RN(1.0),N_A,M,EQT_GOVT_SIA_FIPB,N_A,2007,2006,0,2006-05-31,USD,162000000
RBI:FR_INV_INFLW_RN(1.0),N_A,M,EQT_RBI,N_A,2007,2006,0,2006-05-31,USD,355000000
RBI:FR_INV_INFLW_RN(1.0),N_A,M,INV_CAT_DI_IND,N_A,2007,2006,0,2006-05-31,USD,538000000
RBI:FR_INV_INFLW_RN(1.0),N_A,M,INV_CAT_PI_FII,N_A,2007,2006,0,2006-05-31,USD,-3906000000
RBI:FR_INV_INFLW_RN(1.0),N_A,M,INV_CAT_PI_GDR_ADR,N_A,2007,2006,0,2006-05-31,USD,572000000
RBI:FR_INV_INFLW_RN(1.0),N_A,M,INV_CAT_PORTF_INV,N_A,2007,2006,0,2006-05-31,USD,-3334000000
RBI:FR_INV_INFLW_RN(1.0),N_A,M,INV_EQT,N_A,2007,2006,0,2006-05-31,USD,538000000
RBI:FR_INV_INFLW_RN(1.0),N_A,M,INV_FII,N_A,2007,2006,0,2006-05-31,USD,-2796000000
RBI:FR_INV_INFLW_RN(1.0),N_A,M,EQT_ACQ_SHAR,N_A,2007,2006,0,2006-06-30,USD,51000000
RBI:FR_INV_INFLW_RN(1.0),N_A,M,EQT_GOVT_SIA_FIPB,N_A,2007,2006,0,2006-06-30,USD,124000000
RBI:FR_INV_INFLW_RN(1.0),N_A,M,EQT_RBI,N_A,2007,2006,0,2006-06-30,USD,348000000
RBI:FR_INV_INFLW_RN(1.0),N_A,M,INV_CAT_DI_IND,N_A,2007,2006,0,2006-06-30,USD,523000000
RBI:FR_INV_INFLW_RN(1.0),N_A,M,INV_CAT_PI_FII,N_A,2007,2006,0,2006-06-30,USD,-1157000000
RBI:FR_INV_INFLW_RN(1.0),N_A,M,INV_CAT_PI_GDR_ADR,N_A,2007,2006,0,2006-06-30,USD,254000000
RBI:FR_INV_INFLW_RN(1.0),N_A,M,INV_CAT_PORTF_INV,N_A,2007,2006,0,2006-06-30,USD,-903000000
RBI:FR_INV_INFLW_RN(1.0),N_A,M,INV_EQT,N_A,2007,2006,0,2006-06-30,USD,523000000
RBI:FR_INV_INFLW_RN(1.0),N_A,M,INV_FII,N_A,2007,2006,0,2006-06-30,USD,-380000000
RBI:FR_INV_INFLW_RN(1.0),N_A,M,EQT_ACQ_SHAR,N_A,2007,2006,0,2006-07-31,USD,441000000
RBI:FR_INV_INFLW_RN(1.0),N_A,M,EQT_GOVT_SIA_FIPB,N_A,2007,2006,0,2006-07-31,USD,105000000
RBI:FR_INV_INFLW_RN(1.0),N_A,M,EQT_RBI,N_A,2007,2006,0,2006-07-31,USD,581000000
RBI:FR_INV_INFLW_RN(1.0),N_A,M,INV_CAT_DI_IND,N_A,2007,2006,0,2006-07-31,USD,1127000000
RBI:FR_INV_INFLW_RN(1.0),N_A,M,INV_CAT_PI_FII,N_A,2007,2006,0,2006-07-31,USD,-595000000
RBI:FR_INV_INFLW_RN(1.0),N_A,M,INV_CAT_PI_GDR_ADR,N_A,2007,2006,0,2006-07-31,USD,286000000
RBI:FR_INV_INFLW_RN(1.0),N_A,M,INV_CAT_PORTF_INV,N_A,2007,2006,0,2006-07-31,USD,-309000000
RBI:FR_INV_INFLW_RN(1.0),N_A,M,INV_EQT,N_A,2007,2006,0,2006-07-31,USD,1127000000
RBI:FR_INV_INFLW_RN(1.0),N_A,M,INV_FII,N_A,2007,2006,0,2006-07-31,USD,818000000
RBI:FR_INV_INFLW_RN(1.0),N_A,M,EQT_ACQ_SHAR,N_A,2007,2006,0,2006-08-31,USD,142000000
RBI:FR_INV_INFLW_RN(1.0),N_A,M,EQT_GOVT_SIA_FIPB,N_A,2007,2006,0,2006-08-31,USD,41000000
RBI:FR_INV_INFLW_RN(1.0),N_A,M,EQT_RBI,N_A,2007,2006,0,2006-08-31,USD,436000000
RBI:FR_INV_INFLW_RN(1.0),N_A,M,INV_CAT_DI_IND,N_A,2007,2006,0,2006-08-31,USD,619000000
RBI:FR_INV_INFLW_RN(1.0),N_A,M,INV_CAT_PI_FII,N_A,2007,2006,0,2006-08-31,USD,1212000000
RBI:FR_INV_INFLW_RN(1.0),N_A,M,INV_CAT_PORTF_INV,N_A,2007,2006,0,2006-08-31,USD,1212000000
RBI:FR_INV_INFLW_RN(1.0),N_A,M,INV_EQT,N_A,2007,2006,0,2006-08-31,USD,619000000
RBI:FR_INV_INFLW_RN(1.0),N_A,M,INV_FII,N_A,2007,2006,0,2006-08-31,USD,1831000000
RBI:FR_INV_INFLW_RN(1.0),N_A,M,EQT_ACQ_SHAR,N_A,2007,2006,0,2006-09-30,USD,497000000
RBI:FR_INV_INFLW_RN(1.0),N_A,M,EQT_GOVT_SIA_FIPB,N_A,2007,2006,0,2006-09-30,USD,87000000
RBI:FR_INV_INFLW_RN(1.0),N_A,M,EQT_RBI,N_A,2007,2006,0,2006-09-30,USD,332000000
RBI:FR_INV_INFLW_RN(1.0),N_A,M,INV_CAT_DI_IND,N_A,2007,2006,0,2006-09-30,USD,916000000
RBI:FR_INV_INFLW_RN(1.0),N_A,M,INV_CAT_PI_FII,N_A,2007,2006,0,2006-09-30,USD,1064000000
RBI:FR_INV_INFLW_RN(1.0),N_A,M,INV_CAT_PI_GDR_ADR,N_A,2007,2006,0,2006-09-30,USD,174000000
RBI:FR_INV_INFLW_RN(1.0),N_A,M,INV_CAT_PORTF_INV,N_A,2007,2006,0,2006-09-30,USD,1238000000
RBI:FR_INV_INFLW_RN(1.0),N_A,M,INV_EQT,N_A,2007,2006,0,2006-09-30,USD,916000000
RBI:FR_INV_INFLW_RN(1.0),N_A,M,INV_FII,N_A,2007,2006,0,2006-09-30,USD,2154000000
RBI:FR_INV_INFLW_RN(1.0),N_A,M,EQT_ACQ_SHAR,N_A,2007,2006,0,2006-10-31,USD,403000000
RBI:FR_INV_INFLW_RN(1.0),N_A,M,EQT_GOVT_SIA_FIPB,N_A,2007,2006,0,2006-10-31,USD,619000000
RBI:FR_INV_INFLW_RN(1.0),N_A,M,EQT_RBI,N_A,2007,2006,0,2006-10-31,USD,676000000
RBI:FR_INV_INFLW_RN(1.0),N_A,M,INV_CAT_DI_IND,N_A,2007,2006,0,2006-10-31,USD,1698000000
RBI:FR_INV_INFLW_RN(1.0),N_A,M,INV_CAT_PI_FII,N_A,2007,2006,0,2006-10-31,USD,1703000000
RBI:FR_INV_INFLW_RN(1.0),N_A,M,INV_CAT_PI_GDR_ADR,N_A,2007,2006,0,2006-10-31,USD,52000000
RBI:FR_INV_INFLW_RN(1.0),N_A,M,INV_CAT_PORTF_INV,N_A,2007,2006,0,2006-10-31,USD,1755000000
RBI:FR_INV_INFLW_RN(1.0),N_A,M,INV_EQT,N_A,2007,2006,0,2006-10-31,USD,1698000000
RBI:FR_INV_INFLW_RN(1.0),N_A,M,INV_FII,N_A,2007,2006,0,2006-10-31,USD,3453000000
RBI:FR_INV_INFLW_RN(1.0),N_A,M,EQT_ACQ_SHAR,N_A,2007,2006,0,2006-11-30,USD,46000000
RBI:FR_INV_INFLW_RN(1.0),N_A,M,EQT_GOVT_SIA_FIPB,N_A,2007,2006,0,2006-11-30,USD,60000000
RBI:FR_INV_INFLW_RN(1.0),N_A,M,EQT_RBI,N_A,2007,2006,0,2006-11-30,USD,1045000000
RBI:FR_INV_INFLW_RN(1.0),N_A,M,INV_CAT_DI_IND,N_A,2007,2006,0,2006-11-30,USD,1151000000
RBI:FR_INV_INFLW_RN(1.0),N_A,M,INV_CAT_PI_FII,N_A,2007,2006,0,2006-11-30,USD,2159000000
RBI:FR_INV_INFLW_RN(1.0),N_A,M,INV_CAT_PI_GDR_ADR,N_A,2007,2006,0,2006-11-30,USD,77000000
RBI:FR_INV_INFLW_RN(1.0),N_A,M,INV_CAT_PORTF_INV,N_A,2007,2006,0,2006-11-30,USD,2236000000
RBI:FR_INV_INFLW_RN(1.0),N_A,M,INV_EQT,N_A,2007,2006,0,2006-11-30,USD,1151000000
RBI:FR_INV_INFLW_RN(1.0),N_A,M,INV_FII,N_A,2007,2006,0,2006-11-30,USD,3387000000
RBI:FR_INV_INFLW_RN(1.0),N_A,M,EQT_ACQ_SHAR,N_A,2007,2006,0,2006-12-31,USD,3152000000
RBI:FR_INV_INFLW_RN(1.0),N_A,M,EQT_GOVT_SIA_FIPB,N_A,2007,2006,0,2006-12-31,USD,22000000
RBI:FR_INV_INFLW_RN(1.0),N_A,M,EQT_RBI,N_A,2007,2006,0,2006-12-31,USD,1956000000
RBI:FR_INV_INFLW_RN(1.0),N_A,M,INV_CAT_DI_IND,N_A,2007,2006,0,2006-12-31,USD,5130000000
RBI:FR_INV_INFLW_RN(1.0),N_A,M,INV_CAT_PI_FII,N_A,2007,2006,0,2006-12-31,USD,-507000000
RBI:FR_INV_INFLW_RN(1.0),N_A,M,INV_CAT_PI_GDR_ADR,N_A,2007,2006,0,2006-12-31,USD,78000000
RBI:FR_INV_INFLW_RN(1.0),N_A,M,INV_CAT_PORTF_INV,N_A,2007,2006,0,2006-12-31,USD,-429000000
RBI:FR_INV_INFLW_RN(1.0),N_A,M,INV_EQT,N_A,2007,2006,0,2006-12-31,USD,5130000000
RBI:FR_INV_INFLW_RN(1.0),N_A,M,INV_FII,N_A,2007,2006,0,2006-12-31,USD,4701000000
RBI:FR_INV_INFLW_RN(1.0),N_A,M,EQT_ACQ_SHAR,N_A,2007,2006,0,2007-01-31,USD,1266000000
RBI:FR_INV_INFLW_RN(1.0),N_A,M,EQT_GOVT_SIA_FIPB,N_A,2007,2006,0,2007-01-31,USD,451000000
RBI:FR_INV_INFLW_RN(1.0),N_A,M,EQT_RBI,N_A,2007,2006,0,2007-01-31,USD,204000000
RBI:FR_INV_INFLW_RN(1.0),N_A,M,INV_CAT_DI_IND,N_A,2007,2006,0,2007-01-31,USD,1921000000
RBI:FR_INV_INFLW_RN(1.0),N_A,M,INV_CAT_PI_FII,N_A,2007,2006,0,2007-01-31,USD,24000000
RBI:FR_INV_INFLW_RN(1.0),N_A,M,INV_CAT_PI_GDR_ADR,N_A,2007,2006,0,2007-01-31,USD,1578000000
RBI:FR_INV_INFLW_RN(1.0),N_A,M,INV_CAT_PORTF_INV,N_A,2007,2006,0,2007-01-31,USD,1602000000
RBI:FR_INV_INFLW_RN(1.0),N_A,M,INV_EQT,N_A,2007,2006,0,2007-01-31,USD,1921000000
RBI:FR_INV_INFLW_RN(1.0),N_A,M,INV_FII,N_A,2007,2006,0,2007-01-31,USD,3523000000
RBI:FR_INV_INFLW_RN(1.0),N_A,M,EQT_ACQ_SHAR,N_A,2007,2006,0,2007-02-28,USD,75000000
RBI:FR_INV_INFLW_RN(1.0),N_A,M,EQT_GOVT_SIA_FIPB,N_A,2007,2006,0,2007-02-28,USD,301000000
RBI:FR_INV_INFLW_RN(1.0),N_A,M,EQT_RBI,N_A,2007,2006,0,2007-02-28,USD,322000000
RBI:FR_INV_INFLW_RN(1.0),N_A,M,INV_CAT_DI_IND,N_A,2007,2006,0,2007-02-28,USD,698000000
RBI:FR_INV_INFLW_RN(1.0),N_A,M,INV_CAT_PI_FII,N_A,2007,2006,0,2007-02-28,USD,2385000000
RBI:FR_INV_INFLW_RN(1.0),N_A,M,INV_CAT_PI_GDR_ADR,N_A,2007,2006,0,2007-02-28,USD,245000000
RBI:FR_INV_INFLW_RN(1.0),N_A,M,INV_CAT_PORTF_INV,N_A,2007,2006,0,2007-02-28,USD,2630000000
RBI:FR_INV_INFLW_RN(1.0),N_A,M,INV_EQT,N_A,2007,2006,0,2007-02-28,USD,698000000
RBI:FR_INV_INFLW_RN(1.0),N_A,M,INV_FII,N_A,2007,2006,0,2007-02-28,USD,3328000000
RBI:FR_INV_INFLW_RN(1.0),N_A,M,EQT_ACQ_SHAR,N_A,2007,2006,0,2007-03-31,USD,129000000
RBI:FR_INV_INFLW_RN(1.0),N_A,M,EQT_GOVT_SIA_FIPB,N_A,2007,2006,0,2007-03-31,USD,60000000
RBI:FR_INV_INFLW_RN(1.0),N_A,M,EQT_RBI,N_A,2007,2006,0,2007-03-31,USD,414000000
RBI:FR_INV_INFLW_RN(1.0),N_A,M,INV_CAT_DI_IND,N_A,2007,2006,0,2007-03-31,USD,603000000
RBI:FR_INV_INFLW_RN(1.0),N_A,M,INV_CAT_PI_FII,N_A,2007,2006,0,2007-03-31,USD,-2433000000
RBI:FR_INV_INFLW_RN(1.0),N_A,M,INV_CAT_PI_GDR_ADR,N_A,2007,2006,0,2007-03-31,USD,25000000
RBI:FR_INV_INFLW_RN(1.0),N_A,M,INV_CAT_PI_OFF_FND_OTH,N_A,2007,2006,0,2007-03-31,USD,2000000.0
RBI:FR_INV_INFLW_RN(1.0),N_A,M,INV_CAT_PORTF_INV,N_A,2007,2006,0,2007-03-31,USD,-2406000000
RBI:FR_INV_INFLW_RN(1.0),N_A,M,INV_EQT,N_A,2007,2006,0,2007-03-31,USD,603000000
RBI:FR_INV_INFLW_RN(1.0),N_A,M,INV_FII,N_A,2007,2006,0,2007-03-31,USD,-1803000000
RBI:FR_INV_INFLW_RN(1.0),N_A,M,EQT_ACQ_SHAR,N_A,2008,2007,0,2007-04-30,USD,868000000
RBI:FR_INV_INFLW_RN(1.0),N_A,M,EQT_GOVT_SIA_FIPB,N_A,2008,2007,0,2007-04-30,USD,76000000
RBI:FR_INV_INFLW_RN(1.0),N_A,M,EQT_RBI,N_A,2008,2007,0,2007-04-30,USD,699000000
RBI:FR_INV_INFLW_RN(1.0),N_A,M,INV_CAT_DI_IND,N_A,2008,2007,0,2007-04-30,USD,1643000000
RBI:FR_INV_INFLW_RN(1.0),N_A,M,INV_CAT_PI_FII,N_A,2008,2007,0,2007-04-30,USD,1963000000
RBI:FR_INV_INFLW_RN(1.0),N_A,M,INV_CAT_PI_GDR_ADR,N_A,2008,2007,0,2007-04-30,USD,11000000
RBI:FR_INV_INFLW_RN(1.0),N_A,M,INV_CAT_PORTF_INV,N_A,2008,2007,0,2007-04-30,USD,1974000000
RBI:FR_INV_INFLW_RN(1.0),N_A,M,INV_EQT,N_A,2008,2007,0,2007-04-30,USD,1643000000
RBI:FR_INV_INFLW_RN(1.0),N_A,M,INV_FII,N_A,2008,2007,0,2007-04-30,USD,3617000000
RBI:FR_INV_INFLW_RN(1.0),N_A,M,EQT_ACQ_SHAR,N_A,2008,2007,0,2007-05-31,USD,223000000
RBI:FR_INV_INFLW_RN(1.0),N_A,M,EQT_GOVT_SIA_FIPB,N_A,2008,2007,0,2007-05-31,USD,847000000
RBI:FR_INV_INFLW_RN(1.0),N_A,M,EQT_RBI,N_A,2008,2007,0,2007-05-31,USD,1050000000
RBI:FR_INV_INFLW_RN(1.0),N_A,M,INV_CAT_DI_IND,N_A,2008,2007,0,2007-05-31,USD,2120000000
RBI:FR_INV_INFLW_RN(1.0),N_A,M,INV_CAT_PI_FII,N_A,2008,2007,0,2007-05-31,USD,1847000000
RBI:FR_INV_INFLW_RN(1.0),N_A,M,INV_CAT_PI_GDR_ADR,N_A,2008,2007,0,2007-05-31,USD,5000000.0
RBI:FR_INV_INFLW_RN(1.0),N_A,M,INV_CAT_PORTF_INV,N_A,2008,2007,0,2007-05-31,USD,1852000000
RBI:FR_INV_INFLW_RN(1.0),N_A,M,INV_EQT,N_A,2008,2007,0,2007-05-31,USD,2120000000
RBI:FR_INV_INFLW_RN(1.0),N_A,M,INV_FII,N_A,2008,2007,0,2007-05-31,USD,3972000000
RBI:FR_INV_INFLW_RN(1.0),N_A,M,EQT_ACQ_SHAR,N_A,2008,2007,0,2007-06-30,USD,149000000
RBI:FR_INV_INFLW_RN(1.0),N_A,M,EQT_GOVT_SIA_FIPB,N_A,2008,2007,0,2007-06-30,USD,177000000
RBI:FR_INV_INFLW_RN(1.0),N_A,M,EQT_RBI,N_A,2008,2007,0,2007-06-30,USD,912000000
RBI:FR_INV_INFLW_RN(1.0),N_A,M,INV_CAT_DI_IND,N_A,2008,2007,0,2007-06-30,USD,1238000000
RBI:FR_INV_INFLW_RN(1.0),N_A,M,INV_CAT_PI_FII,N_A,2008,2007,0,2007-06-30,USD,3279000000
RBI:FR_INV_INFLW_RN(1.0),N_A,M,INV_CAT_PI_GDR_ADR,N_A,2008,2007,0,2007-06-30,USD,300000000
RBI:FR_INV_INFLW_RN(1.0),N_A,M,INV_CAT_PI_OFF_FND_OTH,N_A,2008,2007,0,2007-06-30,USD,85000000
RBI:FR_INV_INFLW_RN(1.0),N_A,M,INV_CAT_PORTF_INV,N_A,2008,2007,0,2007-06-30,USD,3664000000
RBI:FR_INV_INFLW_RN(1.0),N_A,M,INV_EQT,N_A,2008,2007,0,2007-06-30,USD,1238000000
RBI:FR_INV_INFLW_RN(1.0),N_A,M,INV_FII,N_A,2008,2007,0,2007-06-30,USD,4902000000
RBI:FR_INV_INFLW_RN(1.0),N_A,M,EQT_ACQ_SHAR,N_A,2008,2007,0,2007-07-31,USD,13000000
RBI:FR_INV_INFLW_RN(1.0),N_A,M,EQT_GOVT_SIA_FIPB,N_A,2008,2007,0,2007-07-31,USD,177000000
RBI:FR_INV_INFLW_RN(1.0),N_A,M,EQT_RBI,N_A,2008,2007,0,2007-07-31,USD,515000000
RBI:FR_INV_INFLW_RN(1.0),N_A,M,INV_CAT_DI_IND,N_A,2008,2007,0,2007-07-31,USD,705000000
RBI:FR_INV_INFLW_RN(1.0),N_A,M,INV_CAT_PI_FII,N_A,2008,2007,0,2007-07-31,USD,4685000000
RBI:FR_INV_INFLW_RN(1.0),N_A,M,INV_CAT_PI_GDR_ADR,N_A,2008,2007,0,2007-07-31,USD,2028000000
RBI:FR_INV_INFLW_RN(1.0),N_A,M,INV_CAT_PORTF_INV,N_A,2008,2007,0,2007-07-31,USD,6713000000
RBI:FR_INV_INFLW_RN(1.0),N_A,M,INV_EQT,N_A,2008,2007,0,2007-07-31,USD,705000000
RBI:FR_INV_INFLW_RN(1.0),N_A,M,INV_FII,N_A,2008,2007,0,2007-07-31,USD,7418000000
RBI:FR_INV_INFLW_RN(1.0),N_A,M,EQT_ACQ_SHAR,N_A,2008,2007,0,2007-08-31,USD,243000000
RBI:FR_INV_INFLW_RN(1.0),N_A,M,EQT_GOVT_SIA_FIPB,N_A,2008,2007,0,2007-08-31,USD,76000000
RBI:FR_INV_INFLW_RN(1.0),N_A,M,EQT_RBI,N_A,2008,2007,0,2007-08-31,USD,512000000
RBI:FR_INV_INFLW_RN(1.0),N_A,M,INV_CAT_DI_IND,N_A,2008,2007,0,2007-08-31,USD,831000000
RBI:FR_INV_INFLW_RN(1.0),N_A,M,INV_CAT_PI_FII,N_A,2008,2007,0,2007-08-31,USD,-3323000000
RBI:FR_INV_INFLW_RN(1.0),N_A,M,INV_CAT_PI_GDR_ADR,N_A,2008,2007,0,2007-08-31,USD,448000000
RBI:FR_INV_INFLW_RN(1.0),N_A,M,INV_CAT_PORTF_INV,N_A,2008,2007,0,2007-08-31,USD,-2875000000
RBI:FR_INV_INFLW_RN(1.0),N_A,M,INV_EQT,N_A,2008,2007,0,2007-08-31,USD,831000000
RBI:FR_INV_INFLW_RN(1.0),N_A,M,INV_FII,N_A,2008,2007,0,2007-08-31,USD,-2044000000
RBI:FR_INV_INFLW_RN(1.0),N_A,M,EQT_ACQ_SHAR,N_A,2008,2007,0,2007-09-30,USD,395000000
RBI:FR_INV_INFLW_RN(1.0),N_A,M,EQT_GOVT_SIA_FIPB,N_A,2008,2007,0,2007-09-30,USD,117000000
RBI:FR_INV_INFLW_RN(1.0),N_A,M,EQT_RBI,N_A,2008,2007,0,2007-09-30,USD,201000000
RBI:FR_INV_INFLW_RN(1.0),N_A,M,INV_CAT_DI_IND,N_A,2008,2007,0,2007-09-30,USD,713000000
RBI:FR_INV_INFLW_RN(1.0),N_A,M,INV_CAT_PI_FII,N_A,2008,2007,0,2007-09-30,USD,7057000000
RBI:FR_INV_INFLW_RN(1.0),N_A,M,INV_CAT_PI_GDR_ADR,N_A,2008,2007,0,2007-09-30,USD,1000000.0
RBI:FR_INV_INFLW_RN(1.0),N_A,M,INV_CAT_PI_OFF_FND_OTH,N_A,2008,2007,0,2007-09-30,USD,23000000
RBI:FR_INV_INFLW_RN(1.0),N_A,M,INV_CAT_PORTF_INV,N_A,2008,2007,0,2007-09-30,USD,7081000000
RBI:FR_INV_INFLW_RN(1.0),N_A,M,INV_EQT,N_A,2008,2007,0,2007-09-30,USD,713000000
RBI:FR_INV_INFLW_RN(1.0),N_A,M,INV_FII,N_A,2008,2007,0,2007-09-30,USD,7794000000
RBI:FR_INV_INFLW_RN(1.0),N_A,M,EQT_ACQ_SHAR,N_A,2008,2007,0,2007-10-31,USD,222000000
RBI:FR_INV_INFLW_RN(1.0),N_A,M,EQT_GOVT_SIA_FIPB,N_A,2008,2007,0,2007-10-31,USD,95000000
RBI:FR_INV_INFLW_RN(1.0),N_A,M,EQT_RBI,N_A,2008,2007,0,2007-10-31,USD,1710000000
RBI:FR_INV_INFLW_RN(1.0),N_A,M,INV_CAT_DI_IND,N_A,2008,2007,0,2007-10-31,USD,2027000000
RBI:FR_INV_INFLW_RN(1.0),N_A,M,INV_CAT_PI_FII,N_A,2008,2007,0,2007-10-31,USD,6833000000
RBI:FR_INV_INFLW_RN(1.0),N_A,M,INV_CAT_PI_GDR_ADR,N_A,2008,2007,0,2007-10-31,USD,2731000000
RBI:FR_INV_INFLW_RN(1.0),N_A,M,INV_CAT_PORTF_INV,N_A,2008,2007,0,2007-10-31,USD,9564000000
RBI:FR_INV_INFLW_RN(1.0),N_A,M,INV_EQT,N_A,2008,2007,0,2007-10-31,USD,2027000000
RBI:FR_INV_INFLW_RN(1.0),N_A,M,INV_FII,N_A,2008,2007,0,2007-10-31,USD,11591000000
RBI:FR_INV_INFLW_RN(1.0),N_A,M,EQT_ACQ_SHAR,N_A,2008,2007,0,2007-11-30,USD,817000000
RBI:FR_INV_INFLW_RN(1.0),N_A,M,EQT_GOVT_SIA_FIPB,N_A,2008,2007,0,2007-11-30,USD,82000000
RBI:FR_INV_INFLW_RN(1.0),N_A,M,EQT_RBI,N_A,2008,2007,0,2007-11-30,USD,965000000
RBI:FR_INV_INFLW_RN(1.0),N_A,M,INV_CAT_DI_IND,N_A,2008,2007,0,2007-11-30,USD,1864000000
RBI:FR_INV_INFLW_RN(1.0),N_A,M,INV_CAT_PI_FII,N_A,2008,2007,0,2007-11-30,USD,-265000000
RBI:FR_INV_INFLW_RN(1.0),N_A,M,INV_CAT_PI_GDR_ADR,N_A,2008,2007,0,2007-11-30,USD,158000000
RBI:FR_INV_INFLW_RN(1.0),N_A,M,INV_CAT_PORTF_INV,N_A,2008,2007,0,2007-11-30,USD,-107000000
RBI:FR_INV_INFLW_RN(1.0),N_A,M,INV_EQT,N_A,2008,2007,0,2007-11-30,USD,1864000000
RBI:FR_INV_INFLW_RN(1.0),N_A,M,INV_FII,N_A,2008,2007,0,2007-11-30,USD,1757000000
RBI:FR_INV_INFLW_RN(1.0),N_A,M,EQT_ACQ_SHAR,N_A,2008,2007,0,2007-12-31,USD,46000000
RBI:FR_INV_INFLW_RN(1.0),N_A,M,EQT_GOVT_SIA_FIPB,N_A,2008,2007,0,2007-12-31,USD,127000000
RBI:FR_INV_INFLW_RN(1.0),N_A,M,EQT_RBI,N_A,2008,2007,0,2007-12-31,USD,1385000000
RBI:FR_INV_INFLW_RN(1.0),N_A,M,INV_CAT_DI_IND,N_A,2008,2007,0,2007-12-31,USD,1558000000
RBI:FR_INV_INFLW_RN(1.0),N_A,M,INV_CAT_PI_FII,N_A,2008,2007,0,2007-12-31,USD,2396000000
RBI:FR_INV_INFLW_RN(1.0),N_A,M,INV_CAT_PI_GDR_ADR,N_A,2008,2007,0,2007-12-31,USD,2708000000
RBI:FR_INV_INFLW_RN(1.0),N_A,M,INV_CAT_PI_OFF_FND_OTH,N_A,2008,2007,0,2007-12-31,USD,190000000
RBI:FR_INV_INFLW_RN(1.0),N_A,M,INV_CAT_PORTF_INV,N_A,2008,2007,0,2007-12-31,USD,5294000000
RBI:FR_INV_INFLW_RN(1.0),N_A,M,INV_EQT,N_A,2008,2007,0,2007-12-31,USD,1558000000
RBI:FR_INV_INFLW_RN(1.0),N_A,M,INV_FII,N_A,2008,2007,0,2007-12-31,USD,6852000000
RBI:FR_INV_INFLW_RN(1.0),N_A,M,EQT_ACQ_SHAR,N_A,2008,2007,0,2008-01-31,USD,662000000
RBI:FR_INV_INFLW_RN(1.0),N_A,M,EQT_GOVT_SIA_FIPB,N_A,2008,2007,0,2008-01-31,USD,221000000
RBI:FR_INV_INFLW_RN(1.0),N_A,M,EQT_RBI,N_A,2008,2007,0,2008-01-31,USD,884000000
RBI:FR_INV_INFLW_RN(1.0),N_A,M,INV_CAT_DI_IND,N_A,2008,2007,0,2008-01-31,USD,1767000000
RBI:FR_INV_INFLW_RN(1.0),N_A,M,INV_CAT_PI_FII,N_A,2008,2007,0,2008-01-31,USD,6490000000
RBI:FR_INV_INFLW_RN(1.0),N_A,M,INV_CAT_PI_GDR_ADR,N_A,2008,2007,0,2008-01-31,USD,249000000
RBI:FR_INV_INFLW_RN(1.0),N_A,M,INV_CAT_PORTF_INV,N_A,2008,2007,0,2008-01-31,USD,6739000000
RBI:FR_INV_INFLW_RN(1.0),N_A,M,INV_EQT,N_A,2008,2007,0,2008-01-31,USD,1767000000
RBI:FR_INV_INFLW_RN(1.0),N_A,M,INV_FII,N_A,2008,2007,0,2008-01-31,USD,8506000000
RBI:FR_INV_INFLW_RN(1.0),N_A,M,EQT_ACQ_SHAR,N_A,2008,2007,0,2008-02-29,USD,707000000
RBI:FR_INV_INFLW_RN(1.0),N_A,M,EQT_GOVT_SIA_FIPB,N_A,2008,2007,0,2008-02-29,USD,259000000
RBI:FR_INV_INFLW_RN(1.0),N_A,M,EQT_RBI,N_A,2008,2007,0,2008-02-29,USD,4704000000
RBI:FR_INV_INFLW_RN(1.0),N_A,M,INV_CAT_DI_IND,N_A,2008,2007,0,2008-02-29,USD,5670000000
RBI:FR_INV_INFLW_RN(1.0),N_A,M,INV_CAT_PI_FII,N_A,2008,2007,0,2008-02-29,USD,-8991000000
RBI:FR_INV_INFLW_RN(1.0),N_A,M,INV_CAT_PI_GDR_ADR,N_A,2008,2007,0,2008-02-29,USD,87000000
RBI:FR_INV_INFLW_RN(1.0),N_A,M,INV_CAT_PORTF_INV,N_A,2008,2007,0,2008-02-29,USD,-8904000000
RBI:FR_INV_INFLW_RN(1.0),N_A,M,INV_EQT,N_A,2008,2007,0,2008-02-29,USD,5670000000
RBI:FR_INV_INFLW_RN(1.0),N_A,M,INV_FII,N_A,2008,2007,0,2008-02-29,USD,-3234000000
RBI:FR_INV_INFLW_RN(1.0),N_A,M,EQT_ACQ_SHAR,N_A,2008,2007,0,2008-03-31,USD,803000000
RBI:FR_INV_INFLW_RN(1.0),N_A,M,EQT_GOVT_SIA_FIPB,N_A,2008,2007,0,2008-03-31,USD,44000000
RBI:FR_INV_INFLW_RN(1.0),N_A,M,EQT_RBI,N_A,2008,2007,0,2008-03-31,USD,3591000000
RBI:FR_INV_INFLW_RN(1.0),N_A,M,INV_CAT_DI_IND,N_A,2008,2007,0,2008-03-31,USD,4438000000
RBI:FR_INV_INFLW_RN(1.0),N_A,M,INV_CAT_PI_FII,N_A,2008,2007,0,2008-03-31,USD,-1643000000
RBI:FR_INV_INFLW_RN(1.0),N_A,M,INV_CAT_PI_GDR_ADR,N_A,2008,2007,0,2008-03-31,USD,43000000
RBI:FR_INV_INFLW_RN(1.0),N_A,M,INV_CAT_PORTF_INV,N_A,2008,2007,0,2008-03-31,USD,-1600000000
RBI:FR_INV_INFLW_RN(1.0),N_A,M,INV_EQT,N_A,2008,2007,0,2008-03-31,USD,4438000000
RBI:FR_INV_INFLW_RN(1.0),N_A,M,INV_FII,N_A,2008,2007,0,2008-03-31,USD,2838000000
RBI:FR_INV_INFLW_RN(1.0),N_A,M,EQT_ACQ_SHAR,N_A,2009,2008,0,2008-04-30,USD,1079000000
RBI:FR_INV_INFLW_RN(1.0),N_A,M,EQT_GOVT_SIA_FIPB,N_A,2009,2008,0,2008-04-30,USD,851000000
RBI:FR_INV_INFLW_RN(1.0),N_A,M,EQT_RBI,N_A,2009,2008,0,2008-04-30,USD,1819000000
RBI:FR_INV_INFLW_RN(1.0),N_A,M,INV_CAT_DI_IND,N_A,2009,2008,0,2008-04-30,USD,3749000000
RBI:FR_INV_INFLW_RN(1.0),N_A,M,INV_CAT_PI_FII,N_A,2009,2008,0,2008-04-30,USD,-1432000000
RBI:FR_INV_INFLW_RN(1.0),N_A,M,INV_CAT_PI_GDR_ADR,N_A,2009,2008,0,2008-04-30,USD,552000000
RBI:FR_INV_INFLW_RN(1.0),N_A,M,INV_CAT_PORTF_INV,N_A,2009,2008,0,2008-04-30,USD,-880000000
RBI:FR_INV_INFLW_RN(1.0),N_A,M,INV_EQT,N_A,2009,2008,0,2008-04-30,USD,3749000000
RBI:FR_INV_INFLW_RN(1.0),N_A,M,INV_FII,N_A,2009,2008,0,2008-04-30,USD,2869000000
RBI:FR_INV_INFLW_RN(1.0),N_A,M,EQT_ACQ_SHAR,N_A,2009,2008,0,2008-05-31,USD,776000000
RBI:FR_INV_INFLW_RN(1.0),N_A,M,EQT_GOVT_SIA_FIPB,N_A,2009,2008,0,2008-05-31,USD,65000000
RBI:FR_INV_INFLW_RN(1.0),N_A,M,EQT_RBI,N_A,2009,2008,0,2008-05-31,USD,3091000000
RBI:FR_INV_INFLW_RN(1.0),N_A,M,INV_CAT_DI_IND,N_A,2009,2008,0,2008-05-31,USD,3932000000
RBI:FR_INV_INFLW_RN(1.0),N_A,M,INV_CAT_PI_FII,N_A,2009,2008,0,2008-05-31,USD,-734000000
RBI:FR_INV_INFLW_RN(1.0),N_A,M,INV_CAT_PI_GDR_ADR,N_A,2009,2008,0,2008-05-31,USD,446000000
RBI:FR_INV_INFLW_RN(1.0),N_A,M,INV_CAT_PORTF_INV,N_A,2009,2008,0,2008-05-31,USD,-288000000
RBI:FR_INV_INFLW_RN(1.0),N_A,M,INV_EQT,N_A,2009,2008,0,2008-05-31,USD,3932000000
RBI:FR_INV_INFLW_RN(1.0),N_A,M,INV_FII,N_A,2009,2008,0,2008-05-31,USD,3644000000
RBI:FR_INV_INFLW_RN(1.0),N_A,M,EQT_ACQ_SHAR,N_A,2009,2008,0,2008-06-30,USD,398000000
RBI:FR_INV_INFLW_RN(1.0),N_A,M,EQT_GOVT_SIA_FIPB,N_A,2009,2008,0,2008-06-30,USD,806000000
RBI:FR_INV_INFLW_RN(1.0),N_A,M,EQT_RBI,N_A,2009,2008,0,2008-06-30,USD,1188000000
RBI:FR_INV_INFLW_RN(1.0),N_A,M,INV_CAT_DI_IND,N_A,2009,2008,0,2008-06-30,USD,2392000000
RBI:FR_INV_INFLW_RN(1.0),N_A,M,INV_CAT_PI_FII,N_A,2009,2008,0,2008-06-30,USD,-3011000000
RBI:FR_INV_INFLW_RN(1.0),N_A,M,INV_CAT_PI_GDR_ADR,N_A,2009,2008,0,2008-06-30,USD,1000000.0
RBI:FR_INV_INFLW_RN(1.0),N_A,M,INV_CAT_PORTF_INV,N_A,2009,2008,0,2008-06-30,USD,-3010000000
RBI:FR_INV_INFLW_RN(1.0),N_A,M,INV_EQT,N_A,2009,2008,0,2008-06-30,USD,2392000000
RBI:FR_INV_INFLW_RN(1.0),N_A,M,INV_FII,N_A,2009,2008,0,2008-06-30,USD,-618000000
RBI:FR_INV_INFLW_RN(1.0),N_A,M,EQT_ACQ_SHAR,N_A,2009,2008,0,2008-07-31,USD,429000000
RBI:FR_INV_INFLW_RN(1.0),N_A,M,EQT_GOVT_SIA_FIPB,N_A,2009,2008,0,2008-07-31,USD,321000000
RBI:FR_INV_INFLW_RN(1.0),N_A,M,EQT_RBI,N_A,2009,2008,0,2008-07-31,USD,1497000000
RBI:FR_INV_INFLW_RN(1.0),N_A,M,INV_CAT_DI_IND,N_A,2009,2008,0,2008-07-31,USD,2247000000
RBI:FR_INV_INFLW_RN(1.0),N_A,M,INV_CAT_PI_FII,N_A,2009,2008,0,2008-07-31,USD,-499000000
RBI:FR_INV_INFLW_RN(1.0),N_A,M,INV_CAT_PI_GDR_ADR,N_A,2009,2008,0,2008-07-31,USD,7000000.0
RBI:FR_INV_INFLW_RN(1.0),N_A,M,INV_CAT_PORTF_INV,N_A,2009,2008,0,2008-07-31,USD,-492000000
RBI:FR_INV_INFLW_RN(1.0),N_A,M,INV_EQT,N_A,2009,2008,0,2008-07-31,USD,2247000000
RBI:FR_INV_INFLW_RN(1.0),N_A,M,INV_FII,N_A,2009,2008,0,2008-07-31,USD,1755000000
RBI:FR_INV_INFLW_RN(1.0),N_A,M,EQT_ACQ_SHAR,N_A,2009,2008,0,2008-08-31,USD,749000000
RBI:FR_INV_INFLW_RN(1.0),N_A,M,EQT_GOVT_SIA_FIPB,N_A,2009,2008,0,2008-08-31,USD,255000000
RBI:FR_INV_INFLW_RN(1.0),N_A,M,EQT_RBI,N_A,2009,2008,0,2008-08-31,USD,1324000000
RBI:FR_INV_INFLW_RN(1.0),N_A,M,INV_CAT_DI_IND,N_A,2009,2008,0,2008-08-31,USD,2328000000
RBI:FR_INV_INFLW_RN(1.0),N_A,M,INV_CAT_PI_FII,N_A,2009,2008,0,2008-08-31,USD,464000000
RBI:FR_INV_INFLW_RN(1.0),N_A,M,INV_CAT_PI_GDR_ADR,N_A,2009,2008,0,2008-08-31,USD,129000000
RBI:FR_INV_INFLW_RN(1.0),N_A,M,INV_CAT_PORTF_INV,N_A,2009,2008,0,2008-08-31,USD,593000000
RBI:FR_INV_INFLW_RN(1.0),N_A,M,INV_EQT,N_A,2009,2008,0,2008-08-31,USD,2328000000
RBI:FR_INV_INFLW_RN(1.0),N_A,M,INV_FII,N_A,2009,2008,0,2008-08-31,USD,2921000000
RBI:FR_INV_INFLW_RN(1.0),N_A,M,EQT_ACQ_SHAR,N_A,2009,2008,0,2008-09-30,USD,189000000
RBI:FR_INV_INFLW_RN(1.0),N_A,M,EQT_GOVT_SIA_FIPB,N_A,2009,2008,0,2008-09-30,USD,28000000
RBI:FR_INV_INFLW_RN(1.0),N_A,M,EQT_RBI,N_A,2009,2008,0,2008-09-30,USD,2345000000
RBI:FR_INV_INFLW_RN(1.0),N_A,M,INV_CAT_DI_IND,N_A,2009,2008,0,2008-09-30,USD,2562000000
RBI:FR_INV_INFLW_RN(1.0),N_A,M,INV_CAT_PI_FII,N_A,2009,2008,0,2008-09-30,USD,-1403000000
RBI:FR_INV_INFLW_RN(1.0),N_A,M,INV_CAT_PORTF_INV,N_A,2009,2008,0,2008-09-30,USD,-1403000000
RBI:FR_INV_INFLW_RN(1.0),N_A,M,INV_EQT,N_A,2009,2008,0,2008-09-30,USD,2562000000
RBI:FR_INV_INFLW_RN(1.0),N_A,M,INV_FII,N_A,2009,2008,0,2008-09-30,USD,1159000000
RBI:FR_INV_INFLW_RN(1.0),N_A,M,EQT_ACQ_SHAR,N_A,2009,2008,0,2008-10-31,USD,202000000
RBI:FR_INV_INFLW_RN(1.0),N_A,M,EQT_GOVT_SIA_FIPB,N_A,2009,2008,0,2008-10-31,USD,178000000
RBI:FR_INV_INFLW_RN(1.0),N_A,M,EQT_RBI,N_A,2009,2008,0,2008-10-31,USD,1117000000
RBI:FR_INV_INFLW_RN(1.0),N_A,M,INV_CAT_DI_IND,N_A,2009,2008,0,2008-10-31,USD,1497000000
RBI:FR_INV_INFLW_RN(1.0),N_A,M,INV_CAT_PI_FII,N_A,2009,2008,0,2008-10-31,USD,-5250000000
RBI:FR_INV_INFLW_RN(1.0),N_A,M,INV_CAT_PI_GDR_ADR,N_A,2009,2008,0,2008-10-31,USD,7000000.0
RBI:FR_INV_INFLW_RN(1.0),N_A,M,INV_CAT_PORTF_INV,N_A,2009,2008,0,2008-10-31,USD,-5243000000
RBI:FR_INV_INFLW_RN(1.0),N_A,M,INV_EQT,N_A,2009,2008,0,2008-10-31,USD,1497000000
RBI:FR_INV_INFLW_RN(1.0),N_A,M,INV_FII,N_A,2009,2008,0,2008-10-31,USD,-3746000000
RBI:FR_INV_INFLW_RN(1.0),N_A,M,EQT_ACQ_SHAR,N_A,2009,2008,0,2008-11-30,USD,93000000
RBI:FR_INV_INFLW_RN(1.0),N_A,M,EQT_GOVT_SIA_FIPB,N_A,2009,2008,0,2008-11-30,USD,90000000
RBI:FR_INV_INFLW_RN(1.0),N_A,M,EQT_RBI,N_A,2009,2008,0,2008-11-30,USD,900000000
RBI:FR_INV_INFLW_RN(1.0),N_A,M,INV_CAT_DI_IND,N_A,2009,2008,0,2008-11-30,USD,1083000000
RBI:FR_INV_INFLW_RN(1.0),N_A,M,INV_CAT_PI_FII,N_A,2009,2008,0,2008-11-30,USD,-574000000
RBI:FR_INV_INFLW_RN(1.0),N_A,M,INV_CAT_PORTF_INV,N_A,2009,2008,0,2008-11-30,USD,-574000000
RBI:FR_INV_INFLW_RN(1.0),N_A,M,INV_EQT,N_A,2009,2008,0,2008-11-30,USD,1083000000
RBI:FR_INV_INFLW_RN(1.0),N_A,M,INV_FII,N_A,2009,2008,0,2008-11-30,USD,509000000
RBI:FR_INV_INFLW_RN(1.0),N_A,M,EQT_ACQ_SHAR,N_A,2009,2008,0,2008-12-31,USD,82000000
RBI:FR_INV_INFLW_RN(1.0),N_A,M,EQT_GOVT_SIA_FIPB,N_A,2009,2008,0,2008-12-31,USD,91000000
RBI:FR_INV_INFLW_RN(1.0),N_A,M,EQT_RBI,N_A,2009,2008,0,2008-12-31,USD,1189000000
RBI:FR_INV_INFLW_RN(1.0),N_A,M,INV_CAT_DI_IND,N_A,2009,2008,0,2008-12-31,USD,1362000000
RBI:FR_INV_INFLW_RN(1.0),N_A,M,INV_CAT_PI_FII,N_A,2009,2008,0,2008-12-31,USD,30000000
RBI:FR_INV_INFLW_RN(1.0),N_A,M,INV_CAT_PORTF_INV,N_A,2009,2008,0,2008-12-31,USD,30000000
RBI:FR_INV_INFLW_RN(1.0),N_A,M,INV_EQT,N_A,2009,2008,0,2008-12-31,USD,1362000000
RBI:FR_INV_INFLW_RN(1.0),N_A,M,INV_FII,N_A,2009,2008,0,2008-12-31,USD,1392000000
RBI:FR_INV_INFLW_RN(1.0),N_A,M,EQT_ACQ_SHAR,N_A,2009,2008,0,2009-01-31,USD,160000000
RBI:FR_INV_INFLW_RN(1.0),N_A,M,EQT_GOVT_SIA_FIPB,N_A,2009,2008,0,2009-01-31,USD,1102000000
RBI:FR_INV_INFLW_RN(1.0),N_A,M,EQT_RBI,N_A,2009,2008,0,2009-01-31,USD,1471000000
RBI:FR_INV_INFLW_RN(1.0),N_A,M,INV_CAT_DI_IND,N_A,2009,2008,0,2009-01-31,USD,2733000000
RBI:FR_INV_INFLW_RN(1.0),N_A,M,INV_CAT_PI_FII,N_A,2009,2008,0,2009-01-31,USD,-614000000
RBI:FR_INV_INFLW_RN(1.0),N_A,M,INV_CAT_PORTF_INV,N_A,2009,2008,0,2009-01-31,USD,-614000000
RBI:FR_INV_INFLW_RN(1.0),N_A,M,INV_EQT,N_A,2009,2008,0,2009-01-31,USD,2733000000
RBI:FR_INV_INFLW_RN(1.0),N_A,M,INV_FII,N_A,2009,2008,0,2009-01-31,USD,2119000000
RBI:FR_INV_INFLW_RN(1.0),N_A,M,EQT_ACQ_SHAR,N_A,2009,2008,0,2009-02-28,USD,300000000
RBI:FR_INV_INFLW_RN(1.0),N_A,M,EQT_GOVT_SIA_FIPB,N_A,2009,2008,0,2009-02-28,USD,207000000
RBI:FR_INV_INFLW_RN(1.0),N_A,M,EQT_RBI,N_A,2009,2008,0,2009-02-28,USD,981000000
RBI:FR_INV_INFLW_RN(1.0),N_A,M,INV_CAT_DI_IND,N_A,2009,2008,0,2009-02-28,USD,1488000000
RBI:FR_INV_INFLW_RN(1.0),N_A,M,INV_CAT_PI_FII,N_A,2009,2008,0,2009-02-28,USD,-1085000000
RBI:FR_INV_INFLW_RN(1.0),N_A,M,INV_CAT_PORTF_INV,N_A,2009,2008,0,2009-02-28,USD,-1085000000
RBI:FR_INV_INFLW_RN(1.0),N_A,M,INV_EQT,N_A,2009,2008,0,2009-02-28,USD,1488000000
RBI:FR_INV_INFLW_RN(1.0),N_A,M,INV_FII,N_A,2009,2008,0,2009-02-28,USD,403000000
RBI:FR_INV_INFLW_RN(1.0),N_A,M,EQT_ACQ_SHAR,N_A,2009,2008,0,2009-03-31,USD,175000000
RBI:FR_INV_INFLW_RN(1.0),N_A,M,EQT_GOVT_SIA_FIPB,N_A,2009,2008,0,2009-03-31,USD,705000000
RBI:FR_INV_INFLW_RN(1.0),N_A,M,EQT_RBI,N_A,2009,2008,0,2009-03-31,USD,1076000000
RBI:FR_INV_INFLW_RN(1.0),N_A,M,INV_CAT_DI_IND,N_A,2009,2008,0,2009-03-31,USD,1956000000
RBI:FR_INV_INFLW_RN(1.0),N_A,M,INV_CAT_PI_FII,N_A,2009,2008,0,2009-03-31,USD,-909000000
RBI:FR_INV_INFLW_RN(1.0),N_A,M,INV_CAT_PI_GDR_ADR,N_A,2009,2008,0,2009-03-31,USD,20000000
RBI:FR_INV_INFLW_RN(1.0),N_A,M,INV_CAT_PORTF_INV,N_A,2009,2008,0,2009-03-31,USD,-889000000
RBI:FR_INV_INFLW_RN(1.0),N_A,M,INV_EQT,N_A,2009,2008,0,2009-03-31,USD,1956000000
RBI:FR_INV_INFLW_RN(1.0),N_A,M,INV_FII,N_A,2009,2008,0,2009-03-31,USD,1067000000
RBI:FR_INV_INFLW_RN(1.0),N_A,M,EQT_ACQ_SHAR,N_A,2010,2009,0,2009-04-30,USD,258000000
RBI:FR_INV_INFLW_RN(1.0),N_A,M,EQT_GOVT_SIA_FIPB,N_A,2010,2009,0,2009-04-30,USD,931000000
RBI:FR_INV_INFLW_RN(1.0),N_A,M,EQT_RBI,N_A,2010,2009,0,2009-04-30,USD,1150000000
RBI:FR_INV_INFLW_RN(1.0),N_A,M,INV_CAT_DI_IND,N_A,2010,2009,0,2009-04-30,USD,2339000000
RBI:FR_INV_INFLW_RN(1.0),N_A,M,INV_CAT_PI_FII,N_A,2010,2009,0,2009-04-30,USD,2245000000
RBI:FR_INV_INFLW_RN(1.0),N_A,M,INV_CAT_PI_GDR_ADR,N_A,2010,2009,0,2009-04-30,USD,33000000
RBI:FR_INV_INFLW_RN(1.0),N_A,M,INV_CAT_PORTF_INV,N_A,2010,2009,0,2009-04-30,USD,2278000000
RBI:FR_INV_INFLW_RN(1.0),N_A,M,INV_EQT,N_A,2010,2009,0,2009-04-30,USD,2339000000
RBI:FR_INV_INFLW_RN(1.0),N_A,M,INV_FII,N_A,2010,2009,0,2009-04-30,USD,4617000000
RBI:FR_INV_INFLW_RN(1.0),N_A,M,EQT_ACQ_SHAR,N_A,2010,2009,0,2009-05-31,USD,78000000
RBI:FR_INV_INFLW_RN(1.0),N_A,M,EQT_GOVT_SIA_FIPB,N_A,2010,2009,0,2009-05-31,USD,101000000
RBI:FR_INV_INFLW_RN(1.0),N_A,M,EQT_RBI,N_A,2010,2009,0,2009-05-31,USD,1916000000
RBI:FR_INV_INFLW_RN(1.0),N_A,M,INV_CAT_DI_IND,N_A,2010,2009,0,2009-05-31,USD,2095000000
RBI:FR_INV_INFLW_RN(1.0),N_A,M,INV_CAT_PI_FII,N_A,2010,2009,0,2009-05-31,USD,5639000000
RBI:FR_INV_INFLW_RN(1.0),N_A,M,INV_CAT_PORTF_INV,N_A,2010,2009,0,2009-05-31,USD,5639000000
RBI:FR_INV_INFLW_RN(1.0),N_A,M,INV_EQT,N_A,2010,2009,0,2009-05-31,USD,2095000000
RBI:FR_INV_INFLW_RN(1.0),N_A,M,INV_FII,N_A,2010,2009,0,2009-05-31,USD,7734000000
RBI:FR_INV_INFLW_RN(1.0),N_A,M,EQT_ACQ_SHAR,N_A,2010,2009,0,2009-06-30,USD,49000000
RBI:FR_INV_INFLW_RN(1.0),N_A,M,EQT_GOVT_SIA_FIPB,N_A,2010,2009,0,2009-06-30,USD,85000000
RBI:FR_INV_INFLW_RN(1.0),N_A,M,EQT_RBI,N_A,2010,2009,0,2009-06-30,USD,2337000000
RBI:FR_INV_INFLW_RN(1.0),N_A,M,INV_CAT_DI_IND,N_A,2010,2009,0,2009-06-30,USD,2471000000
RBI:FR_INV_INFLW_RN(1.0),N_A,M,INV_CAT_PI_FII,N_A,2010,2009,0,2009-06-30,USD,343000000
RBI:FR_INV_INFLW_RN(1.0),N_A,M,INV_CAT_PI_GDR_ADR,N_A,2010,2009,0,2009-06-30,USD,10000000
RBI:FR_INV_INFLW_RN(1.0),N_A,M,INV_CAT_PORTF_INV,N_A,2010,2009,0,2009-06-30,USD,353000000
RBI:FR_INV_INFLW_RN(1.0),N_A,M,INV_EQT,N_A,2010,2009,0,2009-06-30,USD,2471000000
RBI:FR_INV_INFLW_RN(1.0),N_A,M,INV_FII,N_A,2010,2009,0,2009-06-30,USD,2824000000
RBI:FR_INV_INFLW_RN(1.0),N_A,M,EQT_ACQ_SHAR,N_A,2010,2009,0,2009-07-31,USD,1471000000
RBI:FR_INV_INFLW_RN(1.0),N_A,M,EQT_GOVT_SIA_FIPB,N_A,2010,2009,0,2009-07-31,USD,248000000
RBI:FR_INV_INFLW_RN(1.0),N_A,M,EQT_RBI,N_A,2010,2009,0,2009-07-31,USD,1757000000
RBI:FR_INV_INFLW_RN(1.0),N_A,M,INV_CAT_DI_IND,N_A,2010,2009,0,2009-07-31,USD,3476000000
RBI:FR_INV_INFLW_RN(1.0),N_A,M,INV_CAT_PI_FII,N_A,2010,2009,0,2009-07-31,USD,2067000000
RBI:FR_INV_INFLW_RN(1.0),N_A,M,INV_CAT_PI_GDR_ADR,N_A,2010,2009,0,2009-07-31,USD,965000000
RBI:FR_INV_INFLW_RN(1.0),N_A,M,INV_CAT_PORTF_INV,N_A,2010,2009,0,2009-07-31,USD,3032000000
RBI:FR_INV_INFLW_RN(1.0),N_A,M,INV_EQT,N_A,2010,2009,0,2009-07-31,USD,3476000000
RBI:FR_INV_INFLW_RN(1.0),N_A,M,INV_FII,N_A,2010,2009,0,2009-07-31,USD,6508000000
RBI:FR_INV_INFLW_RN(1.0),N_A,M,EQT_ACQ_SHAR,N_A,2010,2009,0,2009-08-31,USD,54000000
RBI:FR_INV_INFLW_RN(1.0),N_A,M,EQT_GOVT_SIA_FIPB,N_A,2010,2009,0,2009-08-31,USD,643000000
RBI:FR_INV_INFLW_RN(1.0),N_A,M,EQT_RBI,N_A,2010,2009,0,2009-08-31,USD,2477000000
RBI:FR_INV_INFLW_RN(1.0),N_A,M,INV_CAT_DI_IND,N_A,2010,2009,0,2009-08-31,USD,3174000000
RBI:FR_INV_INFLW_RN(1.0),N_A,M,INV_CAT_PI_FII,N_A,2010,2009,0,2009-08-31,USD,-29000000
RBI:FR_INV_INFLW_RN(1.0),N_A,M,INV_CAT_PI_GDR_ADR,N_A,2010,2009,0,2009-08-31,USD,1603000000
RBI:FR_INV_INFLW_RN(1.0),N_A,M,INV_CAT_PORTF_INV,N_A,2010,2009,0,2009-08-31,USD,1574000000
RBI:FR_INV_INFLW_RN(1.0),N_A,M,INV_EQT,N_A,2010,2009,0,2009-08-31,USD,3174000000
RBI:FR_INV_INFLW_RN(1.0),N_A,M,INV_FII,N_A,2010,2009,0,2009-08-31,USD,4748000000
RBI:FR_INV_INFLW_RN(1.0),N_A,M,EQT_ACQ_SHAR,N_A,2010,2009,0,2009-09-30,USD,46000000
RBI:FR_INV_INFLW_RN(1.0),N_A,M,EQT_GOVT_SIA_FIPB,N_A,2010,2009,0,2009-09-30,USD,111000000
RBI:FR_INV_INFLW_RN(1.0),N_A,M,EQT_RBI,N_A,2010,2009,0,2009-09-30,USD,1355000000
RBI:FR_INV_INFLW_RN(1.0),N_A,M,INV_CAT_DI_IND,N_A,2010,2009,0,2009-09-30,USD,1512000000
RBI:FR_INV_INFLW_RN(1.0),N_A,M,INV_CAT_PI_FII,N_A,2010,2009,0,2009-09-30,USD,4999000000
RBI:FR_INV_INFLW_RN(1.0),N_A,M,INV_CAT_PI_GDR_ADR,N_A,2010,2009,0,2009-09-30,USD,96000000
RBI:FR_INV_INFLW_RN(1.0),N_A,M,INV_CAT_PORTF_INV,N_A,2010,2009,0,2009-09-30,USD,5095000000
RBI:FR_INV_INFLW_RN(1.0),N_A,M,INV_EQT,N_A,2010,2009,0,2009-09-30,USD,1512000000
RBI:FR_INV_INFLW_RN(1.0),N_A,M,INV_FII,N_A,2010,2009,0,2009-09-30,USD,6607000000
RBI:FR_INV_INFLW_RN(1.0),N_A,M,EQT_ACQ_SHAR,N_A,2010,2009,0,2009-10-31,USD,304000000
RBI:FR_INV_INFLW_RN(1.0),N_A,M,EQT_GOVT_SIA_FIPB,N_A,2010,2009,0,2009-10-31,USD,302000000
RBI:FR_INV_INFLW_RN(1.0),N_A,M,EQT_RBI,N_A,2010,2009,0,2009-10-31,USD,1726000000
RBI:FR_INV_INFLW_RN(1.0),N_A,M,INV_CAT_DI_IND,N_A,2010,2009,0,2009-10-31,USD,2332000000
RBI:FR_INV_INFLW_RN(1.0),N_A,M,INV_CAT_PI_FII,N_A,2010,2009,0,2009-10-31,USD,2922000000
RBI:FR_INV_INFLW_RN(1.0),N_A,M,INV_CAT_PORTF_INV,N_A,2010,2009,0,2009-10-31,USD,2922000000
RBI:FR_INV_INFLW_RN(1.0),N_A,M,INV_EQT,N_A,2010,2009,0,2009-10-31,USD,2332000000
RBI:FR_INV_INFLW_RN(1.0),N_A,M,INV_FII,N_A,2010,2009,0,2009-10-31,USD,5254000000
RBI:FR_INV_INFLW_RN(1.0),N_A,M,EQT_ACQ_SHAR,N_A,2010,2009,0,2009-11-30,USD,154000000
RBI:FR_INV_INFLW_RN(1.0),N_A,M,EQT_GOVT_SIA_FIPB,N_A,2010,2009,0,2009-11-30,USD,179000000
RBI:FR_INV_INFLW_RN(1.0),N_A,M,EQT_RBI,N_A,2010,2009,0,2009-11-30,USD,1367000000
RBI:FR_INV_INFLW_RN(1.0),N_A,M,INV_CAT_DI_IND,N_A,2010,2009,0,2009-11-30,USD,1700000000
RBI:FR_INV_INFLW_RN(1.0),N_A,M,INV_CAT_PI_FII,N_A,2010,2009,0,2009-11-30,USD,893000000
RBI:FR_INV_INFLW_RN(1.0),N_A,M,INV_CAT_PI_GDR_ADR,N_A,2010,2009,0,2009-11-30,USD,381000000
RBI:FR_INV_INFLW_RN(1.0),N_A,M,INV_CAT_PORTF_INV,N_A,2010,2009,0,2009-11-30,USD,1274000000
RBI:FR_INV_INFLW_RN(1.0),N_A,M,INV_EQT,N_A,2010,2009,0,2009-11-30,USD,1700000000
RBI:FR_INV_INFLW_RN(1.0),N_A,M,INV_FII,N_A,2010,2009,0,2009-11-30,USD,2974000000
RBI:FR_INV_INFLW_RN(1.0),N_A,M,EQT_ACQ_SHAR,N_A,2010,2009,0,2009-12-31,USD,258000000
RBI:FR_INV_INFLW_RN(1.0),N_A,M,EQT_GOVT_SIA_FIPB,N_A,2010,2009,0,2009-12-31,USD,51000000
RBI:FR_INV_INFLW_RN(1.0),N_A,M,EQT_RBI,N_A,2010,2009,0,2009-12-31,USD,1233000000
RBI:FR_INV_INFLW_RN(1.0),N_A,M,INV_CAT_DI_IND,N_A,2010,2009,0,2009-12-31,USD,1542000000
RBI:FR_INV_INFLW_RN(1.0),N_A,M,INV_CAT_PI_FII,N_A,2010,2009,0,2009-12-31,USD,1439000000
RBI:FR_INV_INFLW_RN(1.0),N_A,M,INV_CAT_PI_GDR_ADR,N_A,2010,2009,0,2009-12-31,USD,94000000
RBI:FR_INV_INFLW_RN(1.0),N_A,M,INV_CAT_PORTF_INV,N_A,2010,2009,0,2009-12-31,USD,1533000000
RBI:FR_INV_INFLW_RN(1.0),N_A,M,INV_EQT,N_A,2010,2009,0,2009-12-31,USD,1542000000
RBI:FR_INV_INFLW_RN(1.0),N_A,M,INV_FII,N_A,2010,2009,0,2009-12-31,USD,3075000000
RBI:FR_INV_INFLW_RN(1.0),N_A,M,EQT_ACQ_SHAR,N_A,2010,2009,0,2010-01-31,USD,162000000
RBI:FR_INV_INFLW_RN(1.0),N_A,M,EQT_GOVT_SIA_FIPB,N_A,2010,2009,0,2010-01-31,USD,588000000
RBI:FR_INV_INFLW_RN(1.0),N_A,M,EQT_RBI,N_A,2010,2009,0,2010-01-31,USD,1292000000
RBI:FR_INV_INFLW_RN(1.0),N_A,M,INV_CAT_DI_IND,N_A,2010,2009,0,2010-01-31,USD,2042000000
RBI:FR_INV_INFLW_RN(1.0),N_A,M,INV_CAT_PI_FII,N_A,2010,2009,0,2010-01-31,USD,3093000000
RBI:FR_INV_INFLW_RN(1.0),N_A,M,INV_CAT_PI_GDR_ADR,N_A,2010,2009,0,2010-01-31,USD,46000000
RBI:FR_INV_INFLW_RN(1.0),N_A,M,INV_CAT_PORTF_INV,N_A,2010,2009,0,2010-01-31,USD,3139000000
RBI:FR_INV_INFLW_RN(1.0),N_A,M,INV_EQT,N_A,2010,2009,0,2010-01-31,USD,2042000000
RBI:FR_INV_INFLW_RN(1.0),N_A,M,INV_FII,N_A,2010,2009,0,2010-01-31,USD,5181000000
RBI:FR_INV_INFLW_RN(1.0),N_A,M,EQT_ACQ_SHAR,N_A,2010,2009,0,2010-02-28,USD,260000000
RBI:FR_INV_INFLW_RN(1.0),N_A,M,EQT_GOVT_SIA_FIPB,N_A,2010,2009,0,2010-02-28,USD,93000000
RBI:FR_INV_INFLW_RN(1.0),N_A,M,EQT_RBI,N_A,2010,2009,0,2010-02-28,USD,1364000000
RBI:FR_INV_INFLW_RN(1.0),N_A,M,INV_CAT_DI_IND,N_A,2010,2009,0,2010-02-28,USD,1717000000
RBI:FR_INV_INFLW_RN(1.0),N_A,M,INV_CAT_PI_FII,N_A,2010,2009,0,2010-02-28,USD,230000000
RBI:FR_INV_INFLW_RN(1.0),N_A,M,INV_CAT_PORTF_INV,N_A,2010,2009,0,2010-02-28,USD,230000000
RBI:FR_INV_INFLW_RN(1.0),N_A,M,INV_EQT,N_A,2010,2009,0,2010-02-28,USD,1717000000
RBI:FR_INV_INFLW_RN(1.0),N_A,M,INV_FII,N_A,2010,2009,0,2010-02-28,USD,1947000000
RBI:FR_INV_INFLW_RN(1.0),N_A,M,EQT_ACQ_SHAR,N_A,2010,2009,0,2010-03-31,USD,54000000
RBI:FR_INV_INFLW_RN(1.0),N_A,M,EQT_GOVT_SIA_FIPB,N_A,2010,2009,0,2010-03-31,USD,139000000
RBI:FR_INV_INFLW_RN(1.0),N_A,M,EQT_RBI,N_A,2010,2009,0,2010-03-31,USD,1016000000
RBI:FR_INV_INFLW_RN(1.0),N_A,M,INV_CAT_DI_IND,N_A,2010,2009,0,2010-03-31,USD,1209000000
RBI:FR_INV_INFLW_RN(1.0),N_A,M,INV_CAT_PI_FII,N_A,2010,2009,0,2010-03-31,USD,5206000000
RBI:FR_INV_INFLW_RN(1.0),N_A,M,INV_CAT_PI_GDR_ADR,N_A,2010,2009,0,2010-03-31,USD,100000000
RBI:FR_INV_INFLW_RN(1.0),N_A,M,INV_CAT_PORTF_INV,N_A,2010,2009,0,2010-03-31,USD,5306000000
RBI:FR_INV_INFLW_RN(1.0),N_A,M,INV_EQT,N_A,2010,2009,0,2010-03-31,USD,1209000000
RBI:FR_INV_INFLW_RN(1.0),N_A,M,INV_FII,N_A,2010,2009,0,2010-03-31,USD,6515000000
RBI:FR_INV_INFLW_RN(1.0),N_A,M,EQT_ACQ_SHAR,N_A,2011,2010,0,2010-04-30,USD,378000000
RBI:FR_INV_INFLW_RN(1.0),N_A,M,EQT_GOVT_SIA_FIPB,N_A,2011,2010,0,2010-04-30,USD,440000000
RBI:FR_INV_INFLW_RN(1.0),N_A,M,EQT_RBI,N_A,2011,2010,0,2010-04-30,USD,1361000000
RBI:FR_INV_INFLW_RN(1.0),N_A,M,INV_CAT_DI_IND,N_A,2011,2010,0,2010-04-30,USD,2179000000
RBI:FR_INV_INFLW_RN(1.0),N_A,M,INV_CAT_PI_FII,N_A,2011,2010,0,2010-04-30,USD,3159000000
RBI:FR_INV_INFLW_RN(1.0),N_A,M,INV_CAT_PI_GDR_ADR,N_A,2011,2010,0,2010-04-30,USD,156000000
RBI:FR_INV_INFLW_RN(1.0),N_A,M,INV_CAT_PORTF_INV,N_A,2011,2010,0,2010-04-30,USD,3315000000
RBI:FR_INV_INFLW_RN(1.0),N_A,M,INV_EQT,N_A,2011,2010,0,2010-04-30,USD,2179000000
RBI:FR_INV_INFLW_RN(1.0),N_A,M,INV_FII,N_A,2011,2010,0,2010-04-30,USD,5494000000
RBI:FR_INV_INFLW_RN(1.0),N_A,M,EQT_ACQ_SHAR,N_A,2011,2010,0,2010-05-31,USD,384000000
RBI:FR_INV_INFLW_RN(1.0),N_A,M,EQT_GOVT_SIA_FIPB,N_A,2011,2010,0,2010-05-31,USD,555000000
RBI:FR_INV_INFLW_RN(1.0),N_A,M,EQT_RBI,N_A,2011,2010,0,2010-05-31,USD,1274000000
RBI:FR_INV_INFLW_RN(1.0),N_A,M,INV_CAT_DI_IND,N_A,2011,2010,0,2010-05-31,USD,2213000000
RBI:FR_INV_INFLW_RN(1.0),N_A,M,INV_CAT_PI_FII,N_A,2011,2010,0,2010-05-31,USD,-491000000
RBI:FR_INV_INFLW_RN(1.0),N_A,M,INV_CAT_PI_GDR_ADR,N_A,2011,2010,0,2010-05-31,USD,579000000
RBI:FR_INV_INFLW_RN(1.0),N_A,M,INV_CAT_PORTF_INV,N_A,2011,2010,0,2010-05-31,USD,88000000
RBI:FR_INV_INFLW_RN(1.0),N_A,M,INV_EQT,N_A,2011,2010,0,2010-05-31,USD,2213000000
RBI:FR_INV_INFLW_RN(1.0),N_A,M,INV_FII,N_A,2011,2010,0,2010-05-31,USD,2301000000
RBI:FR_INV_INFLW_RN(1.0),N_A,M,EQT_ACQ_SHAR,N_A,2011,2010,0,2010-06-30,USD,307000000
RBI:FR_INV_INFLW_RN(1.0),N_A,M,EQT_GOVT_SIA_FIPB,N_A,2011,2010,0,2010-06-30,USD,159000000
RBI:FR_INV_INFLW_RN(1.0),N_A,M,EQT_RBI,N_A,2011,2010,0,2010-06-30,USD,914000000
RBI:FR_INV_INFLW_RN(1.0),N_A,M,INV_CAT_DI_IND,N_A,2011,2010,0,2010-06-30,USD,1380000000
RBI:FR_INV_INFLW_RN(1.0),N_A,M,INV_CAT_PI_FII,N_A,2011,2010,0,2010-06-30,USD,871000000
RBI:FR_INV_INFLW_RN(1.0),N_A,M,INV_CAT_PI_GDR_ADR,N_A,2011,2010,0,2010-06-30,USD,379000000
RBI:FR_INV_INFLW_RN(1.0),N_A,M,INV_CAT_PORTF_INV,N_A,2011,2010,0,2010-06-30,USD,1250000000
RBI:FR_INV_INFLW_RN(1.0),N_A,M,INV_EQT,N_A,2011,2010,0,2010-06-30,USD,1380000000
RBI:FR_INV_INFLW_RN(1.0),N_A,M,INV_FII,N_A,2011,2010,0,2010-06-30,USD,2630000000
RBI:FR_INV_INFLW_RN(1.0),N_A,M,EQT_ACQ_SHAR,N_A,2011,2010,0,2010-07-31,USD,349000000
RBI:FR_INV_INFLW_RN(1.0),N_A,M,EQT_GOVT_SIA_FIPB,N_A,2011,2010,0,2010-07-31,USD,49000000
RBI:FR_INV_INFLW_RN(1.0),N_A,M,EQT_RBI,N_A,2011,2010,0,2010-07-31,USD,1387000000
RBI:FR_INV_INFLW_RN(1.0),N_A,M,INV_CAT_DI_IND,N_A,2011,2010,0,2010-07-31,USD,1785000000
RBI:FR_INV_INFLW_RN(1.0),N_A,M,INV_CAT_PI_FII,N_A,2011,2010,0,2010-07-31,USD,8750000000
RBI:FR_INV_INFLW_RN(1.0),N_A,M,INV_CAT_PI_GDR_ADR,N_A,2011,2010,0,2010-07-31,USD,364000000
RBI:FR_INV_INFLW_RN(1.0),N_A,M,INV_CAT_PORTF_INV,N_A,2011,2010,0,2010-07-31,USD,9114000000
RBI:FR_INV_INFLW_RN(1.0),N_A,M,INV_EQT,N_A,2011,2010,0,2010-07-31,USD,1785000000
RBI:FR_INV_INFLW_RN(1.0),N_A,M,INV_FII,N_A,2011,2010,0,2010-07-31,USD,10899000000
RBI:FR_INV_INFLW_RN(1.0),N_A,M,EQT_ACQ_SHAR,N_A,2011,2010,0,2010-08-31,USD,181000000
RBI:FR_INV_INFLW_RN(1.0),N_A,M,EQT_GOVT_SIA_FIPB,N_A,2011,2010,0,2010-08-31,USD,151000000
RBI:FR_INV_INFLW_RN(1.0),N_A,M,EQT_RBI,N_A,2011,2010,0,2010-08-31,USD,998000000
RBI:FR_INV_INFLW_RN(1.0),N_A,M,INV_CAT_DI_IND,N_A,2011,2010,0,2010-08-31,USD,1330000000
RBI:FR_INV_INFLW_RN(1.0),N_A,M,INV_CAT_PI_FII,N_A,2011,2010,0,2010-08-31,USD,-440000000
RBI:FR_INV_INFLW_RN(1.0),N_A,M,INV_CAT_PORTF_INV,N_A,2011,2010,0,2010-08-31,USD,-440000000
RBI:FR_INV_INFLW_RN(1.0),N_A,M,INV_EQT,N_A,2011,2010,0,2010-08-31,USD,1330000000
RBI:FR_INV_INFLW_RN(1.0),N_A,M,INV_FII,N_A,2011,2010,0,2010-08-31,USD,890000000
RBI:FR_INV_INFLW_RN(1.0),N_A,M,EQT_ACQ_SHAR,N_A,2011,2010,0,2010-09-30,USD,1492000000
RBI:FR_INV_INFLW_RN(1.0),N_A,M,EQT_GOVT_SIA_FIPB,N_A,2011,2010,0,2010-09-30,USD,61000000
RBI:FR_INV_INFLW_RN(1.0),N_A,M,EQT_RBI,N_A,2011,2010,0,2010-09-30,USD,565000000
RBI:FR_INV_INFLW_RN(1.0),N_A,M,INV_CAT_DI_IND,N_A,2011,2010,0,2010-09-30,USD,2118000000
RBI:FR_INV_INFLW_RN(1.0),N_A,M,INV_CAT_PI_FII,N_A,2011,2010,0,2010-09-30,USD,10449000000
RBI:FR_INV_INFLW_RN(1.0),N_A,M,INV_CAT_PI_GDR_ADR,N_A,2011,2010,0,2010-09-30,USD,128000000
RBI:FR_INV_INFLW_RN(1.0),N_A,M,INV_CAT_PORTF_INV,N_A,2011,2010,0,2010-09-30,USD,10577000000
RBI:FR_INV_INFLW_RN(1.0),N_A,M,INV_EQT,N_A,2011,2010,0,2010-09-30,USD,2118000000
RBI:FR_INV_INFLW_RN(1.0),N_A,M,INV_FII,N_A,2011,2010,0,2010-09-30,USD,12695000000
RBI:FR_INV_INFLW_RN(1.0),N_A,M,EQT_ACQ_SHAR,N_A,2011,2010,0,2010-10-31,USD,42000000
RBI:FR_INV_INFLW_RN(1.0),N_A,M,EQT_GOVT_SIA_FIPB,N_A,2011,2010,0,2010-10-31,USD,146000000
RBI:FR_INV_INFLW_RN(1.0),N_A,M,EQT_RBI,N_A,2011,2010,0,2010-10-31,USD,1204000000
RBI:FR_INV_INFLW_RN(1.0),N_A,M,INV_CAT_DI_IND,N_A,2011,2010,0,2010-10-31,USD,1392000000
RBI:FR_INV_INFLW_RN(1.0),N_A,M,INV_CAT_PI_FII,N_A,2011,2010,0,2010-10-31,USD,28630000000
RBI:FR_INV_INFLW_RN(1.0),N_A,M,INV_CAT_PI_GDR_ADR,N_A,2011,2010,0,2010-10-31,USD,74000000
RBI:FR_INV_INFLW_RN(1.0),N_A,M,INV_CAT_PORTF_INV,N_A,2011,2010,0,2010-10-31,USD,28704000000
RBI:FR_INV_INFLW_RN(1.0),N_A,M,INV_EQT,N_A,2011,2010,0,2010-10-31,USD,1392000000
RBI:FR_INV_INFLW_RN(1.0),N_A,M,INV_FII,N_A,2011,2010,0,2010-10-31,USD,30096000000
RBI:FR_INV_INFLW_RN(1.0),N_A,M,EQT_ACQ_SHAR,N_A,2011,2010,0,2010-11-30,USD,338000000
RBI:FR_INV_INFLW_RN(1.0),N_A,M,EQT_GOVT_SIA_FIPB,N_A,2011,2010,0,2010-11-30,USD,43000000
RBI:FR_INV_INFLW_RN(1.0),N_A,M,EQT_RBI,N_A,2011,2010,0,2010-11-30,USD,1247000000
RBI:FR_INV_INFLW_RN(1.0),N_A,M,INV_CAT_DI_IND,N_A,2011,2010,0,2010-11-30,USD,1628000000
RBI:FR_INV_INFLW_RN(1.0),N_A,M,INV_CAT_PI_FII,N_A,2011,2010,0,2010-11-30,USD,-19921000000
RBI:FR_INV_INFLW_RN(1.0),N_A,M,INV_CAT_PI_GDR_ADR,N_A,2011,2010,0,2010-11-30,USD,110000000
RBI:FR_INV_INFLW_RN(1.0),N_A,M,INV_CAT_PORTF_INV,N_A,2011,2010,0,2010-11-30,USD,-19811000000
RBI:FR_INV_INFLW_RN(1.0),N_A,M,INV_EQT,N_A,2011,2010,0,2010-11-30,USD,1628000000
RBI:FR_INV_INFLW_RN(1.0),N_A,M,INV_FII,N_A,2011,2010,0,2010-11-30,USD,-18183000000
RBI:FR_INV_INFLW_RN(1.0),N_A,M,EQT_ACQ_SHAR,N_A,2011,2010,0,2010-12-31,USD,164000000
RBI:FR_INV_INFLW_RN(1.0),N_A,M,EQT_GOVT_SIA_FIPB,N_A,2011,2010,0,2010-12-31,USD,118000000
RBI:FR_INV_INFLW_RN(1.0),N_A,M,EQT_RBI,N_A,2011,2010,0,2010-12-31,USD,1732000000
RBI:FR_INV_INFLW_RN(1.0),N_A,M,INV_CAT_DI_IND,N_A,2011,2010,0,2010-12-31,USD,2014000000
RBI:FR_INV_INFLW_RN(1.0),N_A,M,INV_CAT_PI_FII,N_A,2011,2010,0,2010-12-31,USD,-1551000000
RBI:FR_INV_INFLW_RN(1.0),N_A,M,INV_CAT_PI_GDR_ADR,N_A,2011,2010,0,2010-12-31,USD,49000000
RBI:FR_INV_INFLW_RN(1.0),N_A,M,INV_CAT_PORTF_INV,N_A,2011,2010,0,2010-12-31,USD,-1502000000
RBI:FR_INV_INFLW_RN(1.0),N_A,M,INV_EQT,N_A,2011,2010,0,2010-12-31,USD,2014000000
RBI:FR_INV_INFLW_RN(1.0),N_A,M,INV_FII,N_A,2011,2010,0,2010-12-31,USD,512000000
RBI:FR_INV_INFLW_RN(1.0),N_A,M,EQT_ACQ_SHAR,N_A,2011,2010,0,2011-01-31,USD,222000000
RBI:FR_INV_INFLW_RN(1.0),N_A,M,EQT_GOVT_SIA_FIPB,N_A,2011,2010,0,2011-01-31,USD,32000000
RBI:FR_INV_INFLW_RN(1.0),N_A,M,EQT_RBI,N_A,2011,2010,0,2011-01-31,USD,788000000
RBI:FR_INV_INFLW_RN(1.0),N_A,M,INV_CAT_DI_IND,N_A,2011,2010,0,2011-01-31,USD,1042000000
RBI:FR_INV_INFLW_RN(1.0),N_A,M,INV_CAT_PI_FII,N_A,2011,2010,0,2011-01-31,USD,1575000000
RBI:FR_INV_INFLW_RN(1.0),N_A,M,INV_CAT_PI_GDR_ADR,N_A,2011,2010,0,2011-01-31,USD,116000000
RBI:FR_INV_INFLW_RN(1.0),N_A,M,INV_CAT_PORTF_INV,N_A,2011,2010,0,2011-01-31,USD,1691000000
RBI:FR_INV_INFLW_RN(1.0),N_A,M,INV_EQT,N_A,2011,2010,0,2011-01-31,USD,1042000000
RBI:FR_INV_INFLW_RN(1.0),N_A,M,INV_FII,N_A,2011,2010,0,2011-01-31,USD,2733000000
RBI:FR_INV_INFLW_RN(1.0),N_A,M,EQT_ACQ_SHAR,N_A,2011,2010,0,2011-02-28,USD,319000000
RBI:FR_INV_INFLW_RN(1.0),N_A,M,EQT_GOVT_SIA_FIPB,N_A,2011,2010,0,2011-02-28,USD,79000000
RBI:FR_INV_INFLW_RN(1.0),N_A,M,EQT_RBI,N_A,2011,2010,0,2011-02-28,USD,876000000
RBI:FR_INV_INFLW_RN(1.0),N_A,M,INV_CAT_DI_IND,N_A,2011,2010,0,2011-02-28,USD,1274000000
RBI:FR_INV_INFLW_RN(1.0),N_A,M,INV_CAT_PI_FII,N_A,2011,2010,0,2011-02-28,USD,-1600000000
RBI:FR_INV_INFLW_RN(1.0),N_A,M,INV_CAT_PORTF_INV,N_A,2011,2010,0,2011-02-28,USD,-1600000000
RBI:FR_INV_INFLW_RN(1.0),N_A,M,INV_EQT,N_A,2011,2010,0,2011-02-28,USD,1274000000
RBI:FR_INV_INFLW_RN(1.0),N_A,M,INV_FII,N_A,2011,2010,0,2011-02-28,USD,-326000000
RBI:FR_INV_INFLW_RN(1.0),N_A,M,N_A,EQT_ACQ_SHAR,2011,2010,0,2011-03-31,USD,333000000
RBI:FR_INV_INFLW_RN(1.0),N_A,M,N_A,EQT_CAP_UNINC_BOD,2011,2010,0,2011-03-31,USD,95000000
RBI:FR_INV_INFLW_RN(1.0),N_A,M,N_A,EQT_GOVT_SIA_FIPB,2011,2010,0,2011-03-31,USD,45000000
RBI:FR_INV_INFLW_RN(1.0),N_A,M,N_A,EQT_RBI,2011,2010,0,2011-03-31,USD,1250000000
RBI:FR_INV_INFLW_RN(1.0),N_A,M,N_A,INV_CAT_NET_FR_DIR_INV,2011,2010,0,2011-03-31,USD,244000000
RBI:FR_INV_INFLW_RN(1.0),N_A,M,N_A,INV_CAT_NET_PORTF_INV,2011,2010,0,2011-03-31,USD,-609000000
RBI:FR_INV_INFLW_RN(1.0),N_A,M,N_A,INV_CAT_NFDI_DII_GROSS_INF_INV,2011,2010,0,2011-03-31,USD,2621000000
RBI:FR_INV_INFLW_RN(1.0),N_A,M,N_A,INV_CAT_NFDI_DI_IND,2011,2010,0,2011-03-31,USD,1174000000
RBI:FR_INV_INFLW_RN(1.0),N_A,M,N_A,INV_CAT_NFDI_FDII,2011,2010,0,2011-03-31,USD,930000000
RBI:FR_INV_INFLW_RN(1.0),N_A,M,N_A,INV_CAT_NPI_FII,2011,2010,0,2011-03-31,USD,-552000000
RBI:FR_INV_INFLW_RN(1.0),N_A,M,N_A,INV_CAT_NPI_GDR_ADR,2011,2010,0,2011-03-31,USD,0.0
RBI:FR_INV_INFLW_RN(1.0),N_A,M,N_A,INV_CAT_NPI_OFF_FND_OTH,2011,2010,0,2011-03-31,USD,0.0
RBI:FR_INV_INFLW_RN(1.0),N_A,M,N_A,INV_CAT_NPI_PORTF_INV_IND,2011,2010,0,2011-03-31,USD,57000000
RBI:FR_INV_INFLW_RN(1.0),N_A,M,N_A,INV_EQT,2011,2010,0,2011-03-31,USD,1723000000
RBI:FR_INV_INFLW_RN(1.0),N_A,M,N_A,INV_FDI_EQT,2011,2010,0,2011-03-31,USD,813000000
RBI:FR_INV_INFLW_RN(1.0),N_A,M,N_A,INV_FDI_OTH_CAP,2011,2010,0,2011-03-31,USD,244000000
RBI:FR_INV_INFLW_RN(1.0),N_A,M,N_A,INV_FDI_RE_INV_EAR,2011,2010,0,2011-03-31,USD,101000000
RBI:FR_INV_INFLW_RN(1.0),N_A,M,N_A,INV_FDI_RPTN_DINVT,2011,2010,0,2011-03-31,USD,228000000
RBI:FR_INV_INFLW_RN(1.0),N_A,M,N_A,INV_FII,2011,2010,0,2011-03-31,USD,-365000000
RBI:FR_INV_INFLW_RN(1.0),N_A,M,N_A,INV_OTH_CAP,2011,2010,0,2011-03-31,USD,136000000
RBI:FR_INV_INFLW_RN(1.0),N_A,M,N_A,INV_REP_EQT,2011,2010,0,2011-03-31,USD,1421000000
RBI:FR_INV_INFLW_RN(1.0),N_A,M,N_A,INV_REP_OTH_CAP,2011,2010,0,2011-03-31,USD,27000000
RBI:FR_INV_INFLW_RN(1.0),N_A,M,N_A,INV_RE_INV_EAR,2011,2010,0,2011-03-31,USD,762000000
RBI:FR_INV_INFLW_RN(1.0),N_A,M,N_A,INV_RPTN_DINVT,2011,2010,0,2011-03-31,USD,1448000000
RBI:FR_INV_INFLW_RN(1.0),N_A,M,N_A,EQT_ACQ_SHAR,2012,2011,0,2011-04-30,USD,203000000
RBI:FR_INV_INFLW_RN(1.0),N_A,M,N_A,EQT_CAP_UNINC_BOD,2012,2011,0,2011-04-30,USD,77000000
RBI:FR_INV_INFLW_RN(1.0),N_A,M,N_A,EQT_GOVT_SIA_FIPB,2012,2011,0,2011-04-30,USD,655000000
RBI:FR_INV_INFLW_RN(1.0),N_A,M,N_A,EQT_RBI,2012,2011,0,2011-04-30,USD,2263000000
RBI:FR_INV_INFLW_RN(1.0),N_A,M,N_A,INV_CAT_NET_FR_DIR_INV,2012,2011,0,2011-04-30,USD,1918200000
RBI:FR_INV_INFLW_RN(1.0),N_A,M,N_A,INV_CAT_NET_PORTF_INV,2012,2011,0,2011-04-30,USD,3475600000
RBI:FR_INV_INFLW_RN(1.0),N_A,M,N_A,INV_CAT_NFDI_DII_GROSS_INF_INV,2012,2011,0,2011-04-30,USD,4302000000
RBI:FR_INV_INFLW_RN(1.0),N_A,M,N_A,INV_CAT_NFDI_DI_IND,2012,2011,0,2011-04-30,USD,2782000000
RBI:FR_INV_INFLW_RN(1.0),N_A,M,N_A,INV_CAT_NFDI_FDII,2012,2011,0,2011-04-30,USD,863800000
RBI:FR_INV_INFLW_RN(1.0),N_A,M,N_A,INV_CAT_NPI_FII,2012,2011,0,2011-04-30,USD,3439600000
RBI:FR_INV_INFLW_RN(1.0),N_A,M,N_A,INV_CAT_NPI_GDR_ADR,2012,2011,0,2011-04-30,USD,105000000
RBI:FR_INV_INFLW_RN(1.0),N_A,M,N_A,INV_CAT_NPI_OFF_FND_OTH,2012,2011,0,2011-04-30,USD,0.0
RBI:FR_INV_INFLW_RN(1.0),N_A,M,N_A,INV_CAT_NPI_PORTF_INV_IND,2012,2011,0,2011-04-30,USD,69000000
RBI:FR_INV_INFLW_RN(1.0),N_A,M,N_A,INV_EQT,2012,2011,0,2011-04-30,USD,3198000000
RBI:FR_INV_INFLW_RN(1.0),N_A,M,N_A,INV_FDI_EQT,2012,2011,0,2011-04-30,USD,576620000
RBI:FR_INV_INFLW_RN(1.0),N_A,M,N_A,INV_FDI_OTH_CAP,2012,2011,0,2011-04-30,USD,321180000
RBI:FR_INV_INFLW_RN(1.0),N_A,M,N_A,INV_FDI_RE_INV_EAR,2012,2011,0,2011-04-30,USD,101000000
RBI:FR_INV_INFLW_RN(1.0),N_A,M,N_A,INV_FDI_RPTN_DINVT,2012,2011,0,2011-04-30,USD,135000000
RBI:FR_INV_INFLW_RN(1.0),N_A,M,N_A,INV_FII,2012,2011,0,2011-04-30,USD,5393800000
RBI:FR_INV_INFLW_RN(1.0),N_A,M,N_A,INV_OTH_CAP,2012,2011,0,2011-04-30,USD,484000000
RBI:FR_INV_INFLW_RN(1.0),N_A,M,N_A,INV_REP_EQT,2012,2011,0,2011-04-30,USD,1409000000
RBI:FR_INV_INFLW_RN(1.0),N_A,M,N_A,INV_REP_OTH_CAP,2012,2011,0,2011-04-30,USD,111000000
RBI:FR_INV_INFLW_RN(1.0),N_A,M,N_A,INV_RE_INV_EAR,2012,2011,0,2011-04-30,USD,620000000
RBI:FR_INV_INFLW_RN(1.0),N_A,M,N_A,INV_RPTN_DINVT,2012,2011,0,2011-04-30,USD,1520000000
RBI:FR_INV_INFLW_RN(1.0),N_A,M,N_A,EQT_ACQ_SHAR,2012,2011,0,2011-05-31,USD,202000000
RBI:FR_INV_INFLW_RN(1.0),N_A,M,N_A,EQT_CAP_UNINC_BOD,2012,2011,0,2011-05-31,USD,77000000
RBI:FR_INV_INFLW_RN(1.0),N_A,M,N_A,EQT_GOVT_SIA_FIPB,2012,2011,0,2011-05-31,USD,103000000
RBI:FR_INV_INFLW_RN(1.0),N_A,M,N_A,EQT_RBI,2012,2011,0,2011-05-31,USD,4108000000
RBI:FR_INV_INFLW_RN(1.0),N_A,M,N_A,INV_CAT_NET_FR_DIR_INV,2012,2011,0,2011-05-31,USD,3186070000
RBI:FR_INV_INFLW_RN(1.0),N_A,M,N_A,INV_CAT_NET_PORTF_INV,2012,2011,0,2011-05-31,USD,-1652870000
RBI:FR_INV_INFLW_RN(1.0),N_A,M,N_A,INV_CAT_NFDI_DII_GROSS_INF_INV,2012,2011,0,2011-05-31,USD,5594000000
RBI:FR_INV_INFLW_RN(1.0),N_A,M,N_A,INV_CAT_NFDI_DI_IND,2012,2011,0,2011-05-31,USD,4074000000
RBI:FR_INV_INFLW_RN(1.0),N_A,M,N_A,INV_CAT_NFDI_FDII,2012,2011,0,2011-05-31,USD,887930000
RBI:FR_INV_INFLW_RN(1.0),N_A,M,N_A,INV_CAT_NPI_FII,2012,2011,0,2011-05-31,USD,-1708870000
RBI:FR_INV_INFLW_RN(1.0),N_A,M,N_A,INV_CAT_NPI_GDR_ADR,2012,2011,0,2011-05-31,USD,125000000
RBI:FR_INV_INFLW_RN(1.0),N_A,M,N_A,INV_CAT_NPI_OFF_FND_OTH,2012,2011,0,2011-05-31,USD,0.0
RBI:FR_INV_INFLW_RN(1.0),N_A,M,N_A,INV_CAT_NPI_PORTF_INV_IND,2012,2011,0,2011-05-31,USD,69000000
RBI:FR_INV_INFLW_RN(1.0),N_A,M,N_A,INV_EQT,2012,2011,0,2011-05-31,USD,4490000000
RBI:FR_INV_INFLW_RN(1.0),N_A,M,N_A,INV_FDI_EQT,2012,2011,0,2011-05-31,USD,428190000
RBI:FR_INV_INFLW_RN(1.0),N_A,M,N_A,INV_FDI_OTH_CAP,2012,2011,0,2011-05-31,USD,493740000
RBI:FR_INV_INFLW_RN(1.0),N_A,M,N_A,INV_FDI_RE_INV_EAR,2012,2011,0,2011-05-31,USD,101000000
RBI:FR_INV_INFLW_RN(1.0),N_A,M,N_A,INV_FDI_RPTN_DINVT,2012,2011,0,2011-05-31,USD,135000000
RBI:FR_INV_INFLW_RN(1.0),N_A,M,N_A,INV_FII,2012,2011,0,2011-05-31,USD,1533200000
RBI:FR_INV_INFLW_RN(1.0),N_A,M,N_A,INV_OTH_CAP,2012,2011,0,2011-05-31,USD,484000000
RBI:FR_INV_INFLW_RN(1.0),N_A,M,N_A,INV_REP_EQT,2012,2011,0,2011-05-31,USD,1409000000
RBI:FR_INV_INFLW_RN(1.0),N_A,M,N_A,INV_REP_OTH_CAP,2012,2011,0,2011-05-31,USD,111000000
RBI:FR_INV_INFLW_RN(1.0),N_A,M,N_A,INV_RE_INV_EAR,2012,2011,0,2011-05-31,USD,620000000
RBI:FR_INV_INFLW_RN(1.0),N_A,M,N_A,INV_RPTN_DINVT,2012,2011,0,2011-05-31,USD,1520000000
RBI:FR_INV_INFLW_RN(1.0),N_A,M,N_A,EQT_ACQ_SHAR,2012,2011,0,2011-06-30,USD,2220000000
RBI:FR_INV_INFLW_RN(1.0),N_A,M,N_A,EQT_CAP_UNINC_BOD,2012,2011,0,2011-06-30,USD,77000000
RBI:FR_INV_INFLW_RN(1.0),N_A,M,N_A,EQT_GOVT_SIA_FIPB,2012,2011,0,2011-06-30,USD,993000000
RBI:FR_INV_INFLW_RN(1.0),N_A,M,N_A,EQT_RBI,2012,2011,0,2011-06-30,USD,2443000000
RBI:FR_INV_INFLW_RN(1.0),N_A,M,N_A,INV_CAT_NET_FR_DIR_INV,2012,2011,0,2011-06-30,USD,3877030000
RBI:FR_INV_INFLW_RN(1.0),N_A,M,N_A,INV_CAT_NET_PORTF_INV,2012,2011,0,2011-06-30,USD,720070000
RBI:FR_INV_INFLW_RN(1.0),N_A,M,N_A,INV_CAT_NFDI_DII_GROSS_INF_INV,2012,2011,0,2011-06-30,USD,6837000000
RBI:FR_INV_INFLW_RN(1.0),N_A,M,N_A,INV_CAT_NFDI_DI_IND,2012,2011,0,2011-06-30,USD,5317000000
RBI:FR_INV_INFLW_RN(1.0),N_A,M,N_A,INV_CAT_NFDI_FDII,2012,2011,0,2011-06-30,USD,1439970000
RBI:FR_INV_INFLW_RN(1.0),N_A,M,N_A,INV_CAT_NPI_FII,2012,2011,0,2011-06-30,USD,741070000
RBI:FR_INV_INFLW_RN(1.0),N_A,M,N_A,INV_CAT_NPI_GDR_ADR,2012,2011,0,2011-06-30,USD,48000000
RBI:FR_INV_INFLW_RN(1.0),N_A,M,N_A,INV_CAT_NPI_OFF_FND_OTH,2012,2011,0,2011-06-30,USD,0.0
RBI:FR_INV_INFLW_RN(1.0),N_A,M,N_A,INV_CAT_NPI_PORTF_INV_IND,2012,2011,0,2011-06-30,USD,69000000
RBI:FR_INV_INFLW_RN(1.0),N_A,M,N_A,INV_EQT,2012,2011,0,2011-06-30,USD,5733000000
RBI:FR_INV_INFLW_RN(1.0),N_A,M,N_A,INV_FDI_EQT,2012,2011,0,2011-06-30,USD,605230000
RBI:FR_INV_INFLW_RN(1.0),N_A,M,N_A,INV_FDI_OTH_CAP,2012,2011,0,2011-06-30,USD,868740000
RBI:FR_INV_INFLW_RN(1.0),N_A,M,N_A,INV_FDI_RE_INV_EAR,2012,2011,0,2011-06-30,USD,101000000
RBI:FR_INV_INFLW_RN(1.0),N_A,M,N_A,INV_FDI_RPTN_DINVT,2012,2011,0,2011-06-30,USD,135000000
RBI:FR_INV_INFLW_RN(1.0),N_A,M,N_A,INV_FII,2012,2011,0,2011-06-30,USD,4597100000
RBI:FR_INV_INFLW_RN(1.0),N_A,M,N_A,INV_OTH_CAP,2012,2011,0,2011-06-30,USD,484000000
RBI:FR_INV_INFLW_RN(1.0),N_A,M,N_A,INV_REP_EQT,2012,2011,0,2011-06-30,USD,1409000000
RBI:FR_INV_INFLW_RN(1.0),N_A,M,N_A,INV_REP_OTH_CAP,2012,2011,0,2011-06-30,USD,111000000
RBI:FR_INV_INFLW_RN(1.0),N_A,M,N_A,INV_RE_INV_EAR,2012,2011,0,2011-06-30,USD,620000000
RBI:FR_INV_INFLW_RN(1.0),N_A,M,N_A,INV_RPTN_DINVT,2012,2011,0,2011-06-30,USD,1520000000
RBI:FR_INV_INFLW_RN(1.0),N_A,M,N_A,EQT_ACQ_SHAR,2012,2011,0,2011-07-31,USD,46000000
RBI:FR_INV_INFLW_RN(1.0),N_A,M,N_A,EQT_CAP_UNINC_BOD,2012,2011,0,2011-07-31,USD,79000000
RBI:FR_INV_INFLW_RN(1.0),N_A,M,N_A,EQT_GOVT_SIA_FIPB,2012,2011,0,2011-07-31,USD,212000000
RBI:FR_INV_INFLW_RN(1.0),N_A,M,N_A,EQT_RBI,2012,2011,0,2011-07-31,USD,841000000
RBI:FR_INV_INFLW_RN(1.0),N_A,M,N_A,INV_CAT_NET_FR_DIR_INV,2012,2011,0,2011-07-31,USD,132993333
RBI:FR_INV_INFLW_RN(1.0),N_A,M,N_A,INV_CAT_NET_PORTF_INV,2012,2011,0,2011-07-31,USD,1623026667
RBI:FR_INV_INFLW_RN(1.0),N_A,M,N_A,INV_CAT_NFDI_DII_GROSS_INF_INV,2012,2011,0,2011-07-31,USD,1947403333
RBI:FR_INV_INFLW_RN(1.0),N_A,M,N_A,INV_CAT_NFDI_DI_IND,2012,2011,0,2011-07-31,USD,1235070000
RBI:FR_INV_INFLW_RN(1.0),N_A,M,N_A,INV_CAT_NFDI_FDII,2012,2011,0,2011-07-31,USD,1102076667
RBI:FR_INV_INFLW_RN(1.0),N_A,M,N_A,INV_CAT_NPI_FII,2012,2011,0,2011-07-31,USD,1540360000
RBI:FR_INV_INFLW_RN(1.0),N_A,M,N_A,INV_CAT_NPI_GDR_ADR,2012,2011,0,2011-07-31,USD,20000000
RBI:FR_INV_INFLW_RN(1.0),N_A,M,N_A,INV_CAT_NPI_OFF_FND_OTH,2012,2011,0,2011-07-31,USD,0.0
RBI:FR_INV_INFLW_RN(1.0),N_A,M,N_A,INV_CAT_NPI_PORTF_INV_IND,2012,2011,0,2011-07-31,USD,-62666667
RBI:FR_INV_INFLW_RN(1.0),N_A,M,N_A,INV_EQT,2012,2011,0,2011-07-31,USD,1178000000
RBI:FR_INV_INFLW_RN(1.0),N_A,M,N_A,INV_FDI_EQT,2012,2011,0,2011-07-31,USD,498430000
RBI:FR_INV_INFLW_RN(1.0),N_A,M,N_A,INV_FDI_OTH_CAP,2012,2011,0,2011-07-31,USD,624980000
RBI:FR_INV_INFLW_RN(1.0),N_A,M,N_A,INV_FDI_RE_INV_EAR,2012,2011,0,2011-07-31,USD,100666667
RBI:FR_INV_INFLW_RN(1.0),N_A,M,N_A,INV_FDI_RPTN_DINVT,2012,2011,0,2011-07-31,USD,122000000
RBI:FR_INV_INFLW_RN(1.0),N_A,M,N_A,INV_FII,2012,2011,0,2011-07-31,USD,1756020000
RBI:FR_INV_INFLW_RN(1.0),N_A,M,N_A,INV_OTH_CAP,2012,2011,0,2011-07-31,USD,134403333
RBI:FR_INV_INFLW_RN(1.0),N_A,M,N_A,INV_REP_EQT,2012,2011,0,2011-07-31,USD,671666667
RBI:FR_INV_INFLW_RN(1.0),N_A,M,N_A,INV_REP_OTH_CAP,2012,2011,0,2011-07-31,USD,40666667
RBI:FR_INV_INFLW_RN(1.0),N_A,M,N_A,INV_RE_INV_EAR,2012,2011,0,2011-07-31,USD,635000000
RBI:FR_INV_INFLW_RN(1.0),N_A,M,N_A,INV_RPTN_DINVT,2012,2011,0,2011-07-31,USD,712333333
RBI:FR_INV_INFLW_RN(1.0),N_A,M,N_A,EQT_ACQ_SHAR,2012,2011,0,2011-08-31,USD,3552000000
RBI:FR_INV_INFLW_RN(1.0),N_A,M,N_A,EQT_CAP_UNINC_BOD,2012,2011,0,2011-08-31,USD,79000000
RBI:FR_INV_INFLW_RN(1.0),N_A,M,N_A,EQT_GOVT_SIA_FIPB,2012,2011,0,2011-08-31,USD,105000000
RBI:FR_INV_INFLW_RN(1.0),N_A,M,N_A,EQT_RBI,2012,2011,0,2011-08-31,USD,2384000000
RBI:FR_INV_INFLW_RN(1.0),N_A,M,N_A,INV_CAT_NET_FR_DIR_INV,2012,2011,0,2011-08-31,USD,5139333333
RBI:FR_INV_INFLW_RN(1.0),N_A,M,N_A,INV_CAT_NET_PORTF_INV,2012,2011,0,2011-08-31,USD,-1734043333
RBI:FR_INV_INFLW_RN(1.0),N_A,M,N_A,INV_CAT_NFDI_DII_GROSS_INF_INV,2012,2011,0,2011-08-31,USD,6889403333
RBI:FR_INV_INFLW_RN(1.0),N_A,M,N_A,INV_CAT_NFDI_DI_IND,2012,2011,0,2011-08-31,USD,6177070000
RBI:FR_INV_INFLW_RN(1.0),N_A,M,N_A,INV_CAT_NFDI_FDII,2012,2011,0,2011-08-31,USD,1037736666.9999999
RBI:FR_INV_INFLW_RN(1.0),N_A,M,N_A,INV_CAT_NPI_FII,2012,2011,0,2011-08-31,USD,-1820710000
RBI:FR_INV_INFLW_RN(1.0),N_A,M,N_A,INV_CAT_NPI_GDR_ADR,2012,2011,0,2011-08-31,USD,24000000
RBI:FR_INV_INFLW_RN(1.0),N_A,M,N_A,INV_CAT_NPI_OFF_FND_OTH,2012,2011,0,2011-08-31,USD,0.0
RBI:FR_INV_INFLW_RN(1.0),N_A,M,N_A,INV_CAT_NPI_PORTF_INV_IND,2012,2011,0,2011-08-31,USD,-62666667
RBI:FR_INV_INFLW_RN(1.0),N_A,M,N_A,INV_EQT,2012,2011,0,2011-08-31,USD,6120000000
RBI:FR_INV_INFLW_RN(1.0),N_A,M,N_A,INV_FDI_EQT,2012,2011,0,2011-08-31,USD,716590000
RBI:FR_INV_INFLW_RN(1.0),N_A,M,N_A,INV_FDI_OTH_CAP,2012,2011,0,2011-08-31,USD,342480000
RBI:FR_INV_INFLW_RN(1.0),N_A,M,N_A,INV_FDI_RE_INV_EAR,2012,2011,0,2011-08-31,USD,100666667
RBI:FR_INV_INFLW_RN(1.0),N_A,M,N_A,INV_FDI_RPTN_DINVT,2012,2011,0,2011-08-31,USD,122000000
RBI:FR_INV_INFLW_RN(1.0),N_A,M,N_A,INV_FII,2012,2011,0,2011-08-31,USD,3405290000
RBI:FR_INV_INFLW_RN(1.0),N_A,M,N_A,INV_OTH_CAP,2012,2011,0,2011-08-31,USD,134403333
RBI:FR_INV_INFLW_RN(1.0),N_A,M,N_A,INV_REP_EQT,2012,2011,0,2011-08-31,USD,671666667
RBI:FR_INV_INFLW_RN(1.0),N_A,M,N_A,INV_REP_OTH_CAP,2012,2011,0,2011-08-31,USD,40666667
RBI:FR_INV_INFLW_RN(1.0),N_A,M,N_A,INV_RE_INV_EAR,2012,2011,0,2011-08-31,USD,635000000
RBI:FR_INV_INFLW_RN(1.0),N_A,M,N_A,INV_RPTN_DINVT,2012,2011,0,2011-08-31,USD,712333333
RBI:FR_INV_INFLW_RN(1.0),N_A,M,N_A,EQT_ACQ_SHAR,2012,2011,0,2011-09-30,USD,228000000
RBI:FR_INV_INFLW_RN(1.0),N_A,M,N_A,EQT_CAP_UNINC_BOD,2012,2011,0,2011-09-30,USD,79000000
RBI:FR_INV_INFLW_RN(1.0),N_A,M,N_A,EQT_GOVT_SIA_FIPB,2012,2011,0,2011-09-30,USD,109000000
RBI:FR_INV_INFLW_RN(1.0),N_A,M,N_A,EQT_RBI,2012,2011,0,2011-09-30,USD,1429000000
RBI:FR_INV_INFLW_RN(1.0),N_A,M,N_A,INV_CAT_NET_FR_DIR_INV,2012,2011,0,2011-09-30,USD,939043333
RBI:FR_INV_INFLW_RN(1.0),N_A,M,N_A,INV_CAT_NET_PORTF_INV,2012,2011,0,2011-09-30,USD,-1084523333
RBI:FR_INV_INFLW_RN(1.0),N_A,M,N_A,INV_CAT_NFDI_DII_GROSS_INF_INV,2012,2011,0,2011-09-30,USD,2614403333
RBI:FR_INV_INFLW_RN(1.0),N_A,M,N_A,INV_CAT_NFDI_DI_IND,2012,2011,0,2011-09-30,USD,1902070000
RBI:FR_INV_INFLW_RN(1.0),N_A,M,N_A,INV_CAT_NFDI_FDII,2012,2011,0,2011-09-30,USD,963026667
RBI:FR_INV_INFLW_RN(1.0),N_A,M,N_A,INV_CAT_NPI_FII,2012,2011,0,2011-09-30,USD,-1308190000
RBI:FR_INV_INFLW_RN(1.0),N_A,M,N_A,INV_CAT_NPI_GDR_ADR,2012,2011,0,2011-09-30,USD,161000000
RBI:FR_INV_INFLW_RN(1.0),N_A,M,N_A,INV_CAT_NPI_OFF_FND_OTH,2012,2011,0,2011-09-30,USD,0.0
RBI:FR_INV_INFLW_RN(1.0),N_A,M,N_A,INV_CAT_NPI_PORTF_INV_IND,2012,2011,0,2011-09-30,USD,-62666667
RBI:FR_INV_INFLW_RN(1.0),N_A,M,N_A,INV_EQT,2012,2011,0,2011-09-30,USD,1845000000
RBI:FR_INV_INFLW_RN(1.0),N_A,M,N_A,INV_FDI_EQT,2012,2011,0,2011-09-30,USD,470880000
RBI:FR_INV_INFLW_RN(1.0),N_A,M,N_A,INV_FDI_OTH_CAP,2012,2011,0,2011-09-30,USD,513480000
RBI:FR_INV_INFLW_RN(1.0),N_A,M,N_A,INV_FDI_RE_INV_EAR,2012,2011,0,2011-09-30,USD,100666667
RBI:FR_INV_INFLW_RN(1.0),N_A,M,N_A,INV_FDI_RPTN_DINVT,2012,2011,0,2011-09-30,USD,122000000
RBI:FR_INV_INFLW_RN(1.0),N_A,M,N_A,INV_FII,2012,2011,0,2011-09-30,USD,-145480000
RBI:FR_INV_INFLW_RN(1.0),N_A,M,N_A,INV_OTH_CAP,2012,2011,0,2011-09-30,USD,134403333
RBI:FR_INV_INFLW_RN(1.0),N_A,M,N_A,INV_REP_EQT,2012,2011,0,2011-09-30,USD,671666667
RBI:FR_INV_INFLW_RN(1.0),N_A,M,N_A,INV_REP_OTH_CAP,2012,2011,0,2011-09-30,USD,40666667
RBI:FR_INV_INFLW_RN(1.0),N_A,M,N_A,INV_RE_INV_EAR,2012,2011,0,2011-09-30,USD,635000000
RBI:FR_INV_INFLW_RN(1.0),N_A,M,N_A,INV_RPTN_DINVT,2012,2011,0,2011-09-30,USD,712333333
RBI:FR_INV_INFLW_RN(1.0),N_A,M,N_A,EQT_ACQ_SHAR,2012,2011,0,2011-10-31,USD,2019000000
RBI:FR_INV_INFLW_RN(1.0),N_A,M,N_A,EQT_CAP_UNINC_BOD,2012,2011,0,2011-10-31,USD,90000000
RBI:FR_INV_INFLW_RN(1.0),N_A,M,N_A,EQT_GOVT_SIA_FIPB,2012,2011,0,2011-10-31,USD,130000000
RBI:FR_INV_INFLW_RN(1.0),N_A,M,N_A,EQT_RBI,2012,2011,0,2011-10-31,USD,854000000
RBI:FR_INV_INFLW_RN(1.0),N_A,M,N_A,INV_CAT_NET_FR_DIR_INV,2012,2011,0,2011-10-31,USD,2608000000
RBI:FR_INV_INFLW_RN(1.0),N_A,M,N_A,INV_CAT_NET_PORTF_INV,2012,2011,0,2011-10-31,USD,-448000000
RBI:FR_INV_INFLW_RN(1.0),N_A,M,N_A,INV_CAT_NFDI_DII_GROSS_INF_INV,2012,2011,0,2011-10-31,USD,3888000000
RBI:FR_INV_INFLW_RN(1.0),N_A,M,N_A,INV_CAT_NFDI_DI_IND,2012,2011,0,2011-10-31,USD,3035000000
RBI:FR_INV_INFLW_RN(1.0),N_A,M,N_A,INV_CAT_NFDI_FDII,2012,2011,0,2011-10-31,USD,427000000
RBI:FR_INV_INFLW_RN(1.0),N_A,M,N_A,INV_CAT_NPI_FII,2012,2011,0,2011-10-31,USD,-516000000
RBI:FR_INV_INFLW_RN(1.0),N_A,M,N_A,INV_CAT_NPI_GDR_ADR,2012,2011,0,2011-10-31,USD,84000000
RBI:FR_INV_INFLW_RN(1.0),N_A,M,N_A,INV_CAT_NPI_OFF_FND_OTH,2012,2011,0,2011-10-31,USD,0.0
RBI:FR_INV_INFLW_RN(1.0),N_A,M,N_A,INV_CAT_NPI_PORTF_INV_IND,2012,2011,0,2011-10-31,USD,16000000
RBI:FR_INV_INFLW_RN(1.0),N_A,M,N_A,INV_EQT,2012,2011,0,2011-10-31,USD,3093000000
RBI:FR_INV_INFLW_RN(1.0),N_A,M,N_A,INV_FDI_EQT,2012,2011,0,2011-10-31,USD,475000000
RBI:FR_INV_INFLW_RN(1.0),N_A,M,N_A,INV_FDI_OTH_CAP,2012,2011,0,2011-10-31,USD,185000000
RBI:FR_INV_INFLW_RN(1.0),N_A,M,N_A,INV_FDI_RE_INV_EAR,2012,2011,0,2011-10-31,USD,101000000
RBI:FR_INV_INFLW_RN(1.0),N_A,M,N_A,INV_FDI_RPTN_DINVT,2012,2011,0,2011-10-31,USD,334000000
RBI:FR_INV_INFLW_RN(1.0),N_A,M,N_A,INV_FII,2012,2011,0,2011-10-31,USD,2160000000
RBI:FR_INV_INFLW_RN(1.0),N_A,M,N_A,INV_OTH_CAP,2012,2011,0,2011-10-31,USD,77000000
RBI:FR_INV_INFLW_RN(1.0),N_A,M,N_A,INV_REP_EQT,2012,2011,0,2011-10-31,USD,838000000
RBI:FR_INV_INFLW_RN(1.0),N_A,M,N_A,INV_REP_OTH_CAP,2012,2011,0,2011-10-31,USD,15000000
RBI:FR_INV_INFLW_RN(1.0),N_A,M,N_A,INV_RE_INV_EAR,2012,2011,0,2011-10-31,USD,718000000
RBI:FR_INV_INFLW_RN(1.0),N_A,M,N_A,INV_RPTN_DINVT,2012,2011,0,2011-10-31,USD,853000000
RBI:FR_INV_INFLW_RN(1.0),N_A,M,N_A,EQT_ACQ_SHAR,2012,2011,0,2011-11-30,USD,1228000000
RBI:FR_INV_INFLW_RN(1.0),N_A,M,N_A,EQT_CAP_UNINC_BOD,2012,2011,0,2011-11-30,USD,90000000
RBI:FR_INV_INFLW_RN(1.0),N_A,M,N_A,EQT_GOVT_SIA_FIPB,2012,2011,0,2011-11-30,USD,282000000
RBI:FR_INV_INFLW_RN(1.0),N_A,M,N_A,EQT_RBI,2012,2011,0,2011-11-30,USD,1028000000
RBI:FR_INV_INFLW_RN(1.0),N_A,M,N_A,INV_CAT_NET_FR_DIR_INV,2012,2011,0,2011-11-30,USD,1624000000
RBI:FR_INV_INFLW_RN(1.0),N_A,M,N_A,INV_CAT_NET_PORTF_INV,2012,2011,0,2011-11-30,USD,60000000
RBI:FR_INV_INFLW_RN(1.0),N_A,M,N_A,INV_CAT_NFDI_DII_GROSS_INF_INV,2012,2011,0,2011-11-30,USD,3423000000
RBI:FR_INV_INFLW_RN(1.0),N_A,M,N_A,INV_CAT_NFDI_DI_IND,2012,2011,0,2011-11-30,USD,2570000000
RBI:FR_INV_INFLW_RN(1.0),N_A,M,N_A,INV_CAT_NFDI_FDII,2012,2011,0,2011-11-30,USD,946000000
RBI:FR_INV_INFLW_RN(1.0),N_A,M,N_A,INV_CAT_NPI_FII,2012,2011,0,2011-11-30,USD,76000000
RBI:FR_INV_INFLW_RN(1.0),N_A,M,N_A,INV_CAT_NPI_GDR_ADR,2012,2011,0,2011-11-30,USD,0.0
RBI:FR_INV_INFLW_RN(1.0),N_A,M,N_A,INV_CAT_NPI_OFF_FND_OTH,2012,2011,0,2011-11-30,USD,0.0
RBI:FR_INV_INFLW_RN(1.0),N_A,M,N_A,INV_CAT_NPI_PORTF_INV_IND,2012,2011,0,2011-11-30,USD,16000000
RBI:FR_INV_INFLW_RN(1.0),N_A,M,N_A,INV_EQT,2012,2011,0,2011-11-30,USD,2628000000
RBI:FR_INV_INFLW_RN(1.0),N_A,M,N_A,INV_FDI_EQT,2012,2011,0,2011-11-30,USD,515000000
RBI:FR_INV_INFLW_RN(1.0),N_A,M,N_A,INV_FDI_OTH_CAP,2012,2011,0,2011-11-30,USD,665000000
RBI:FR_INV_INFLW_RN(1.0),N_A,M,N_A,INV_FDI_RE_INV_EAR,2012,2011,0,2011-11-30,USD,101000000
RBI:FR_INV_INFLW_RN(1.0),N_A,M,N_A,INV_FDI_RPTN_DINVT,2012,2011,0,2011-11-30,USD,334000000
RBI:FR_INV_INFLW_RN(1.0),N_A,M,N_A,INV_FII,2012,2011,0,2011-11-30,USD,1684000000
RBI:FR_INV_INFLW_RN(1.0),N_A,M,N_A,INV_OTH_CAP,2012,2011,0,2011-11-30,USD,77000000
RBI:FR_INV_INFLW_RN(1.0),N_A,M,N_A,INV_REP_EQT,2012,2011,0,2011-11-30,USD,838000000
RBI:FR_INV_INFLW_RN(1.0),N_A,M,N_A,INV_REP_OTH_CAP,2012,2011,0,2011-11-30,USD,15000000
RBI:FR_INV_INFLW_RN(1.0),N_A,M,N_A,INV_RE_INV_EAR,2012,2011,0,2011-11-30,USD,718000000
RBI:FR_INV_INFLW_RN(1.0),N_A,M,N_A,INV_RPTN_DINVT,2012,2011,0,2011-11-30,USD,853000000
RBI:FR_INV_INFLW_RN(1.0),N_A,M,N_A,EQT_ACQ_SHAR,2012,2011,0,2011-12-31,USD,90000000
RBI:FR_INV_INFLW_RN(1.0),N_A,M,N_A,EQT_CAP_UNINC_BOD,2012,2011,0,2011-12-31,USD,90000000
RBI:FR_INV_INFLW_RN(1.0),N_A,M,N_A,EQT_GOVT_SIA_FIPB,2012,2011,0,2011-12-31,USD,121000000
RBI:FR_INV_INFLW_RN(1.0),N_A,M,N_A,EQT_RBI,2012,2011,0,2011-12-31,USD,1142000000
RBI:FR_INV_INFLW_RN(1.0),N_A,M,N_A,INV_CAT_NET_FR_DIR_INV,2012,2011,0,2011-12-31,USD,773000000
RBI:FR_INV_INFLW_RN(1.0),N_A,M,N_A,INV_CAT_NET_PORTF_INV,2012,2011,0,2011-12-31,USD,2286000000
RBI:FR_INV_INFLW_RN(1.0),N_A,M,N_A,INV_CAT_NFDI_DII_GROSS_INF_INV,2012,2011,0,2011-12-31,USD,2238000000
RBI:FR_INV_INFLW_RN(1.0),N_A,M,N_A,INV_CAT_NFDI_DI_IND,2012,2011,0,2011-12-31,USD,1385000000
RBI:FR_INV_INFLW_RN(1.0),N_A,M,N_A,INV_CAT_NFDI_FDII,2012,2011,0,2011-12-31,USD,612000000
RBI:FR_INV_INFLW_RN(1.0),N_A,M,N_A,INV_CAT_NPI_FII,2012,2011,0,2011-12-31,USD,2302000000
RBI:FR_INV_INFLW_RN(1.0),N_A,M,N_A,INV_CAT_NPI_GDR_ADR,2012,2011,0,2011-12-31,USD,0.0
RBI:FR_INV_INFLW_RN(1.0),N_A,M,N_A,INV_CAT_NPI_OFF_FND_OTH,2012,2011,0,2011-12-31,USD,0.0
RBI:FR_INV_INFLW_RN(1.0),N_A,M,N_A,INV_CAT_NPI_PORTF_INV_IND,2012,2011,0,2011-12-31,USD,16000000
RBI:FR_INV_INFLW_RN(1.0),N_A,M,N_A,INV_EQT,2012,2011,0,2011-12-31,USD,1443000000
RBI:FR_INV_INFLW_RN(1.0),N_A,M,N_A,INV_FDI_EQT,2012,2011,0,2011-12-31,USD,487000000
RBI:FR_INV_INFLW_RN(1.0),N_A,M,N_A,INV_FDI_OTH_CAP,2012,2011,0,2011-12-31,USD,358000000
RBI:FR_INV_INFLW_RN(1.0),N_A,M,N_A,INV_FDI_RE_INV_EAR,2012,2011,0,2011-12-31,USD,101000000
RBI:FR_INV_INFLW_RN(1.0),N_A,M,N_A,INV_FDI_RPTN_DINVT,2012,2011,0,2011-12-31,USD,334000000
RBI:FR_INV_INFLW_RN(1.0),N_A,M,N_A,INV_FII,2012,2011,0,2011-12-31,USD,3059000000
RBI:FR_INV_INFLW_RN(1.0),N_A,M,N_A,INV_OTH_CAP,2012,2011,0,2011-12-31,USD,77000000
RBI:FR_INV_INFLW_RN(1.0),N_A,M,N_A,INV_REP_EQT,2012,2011,0,2011-12-31,USD,838000000
RBI:FR_INV_INFLW_RN(1.0),N_A,M,N_A,INV_REP_OTH_CAP,2012,2011,0,2011-12-31,USD,15000000
RBI:FR_INV_INFLW_RN(1.0),N_A,M,N_A,INV_RE_INV_EAR,2012,2011,0,2011-12-31,USD,718000000
RBI:FR_INV_INFLW_RN(1.0),N_A,M,N_A,INV_RPTN_DINVT,2012,2011,0,2011-12-31,USD,853000000
RBI:FR_INV_INFLW_RN(1.0),N_A,M,N_A,EQT_ACQ_SHAR,2012,2011,0,2012-01-31,USD,503000000
RBI:FR_INV_INFLW_RN(1.0),N_A,M,N_A,EQT_CAP_UNINC_BOD,2012,2011,0,2012-01-31,USD,95000000
RBI:FR_INV_INFLW_RN(1.0),N_A,M,N_A,EQT_GOVT_SIA_FIPB,2012,2011,0,2012-01-31,USD,86000000
RBI:FR_INV_INFLW_RN(1.0),N_A,M,N_A,EQT_RBI,2012,2011,0,2012-01-31,USD,1415000000
RBI:FR_INV_INFLW_RN(1.0),N_A,M,N_A,INV_CAT_NET_FR_DIR_INV,2012,2011,0,2012-01-31,USD,999000000
RBI:FR_INV_INFLW_RN(1.0),N_A,M,N_A,INV_CAT_NET_PORTF_INV,2012,2011,0,2012-01-31,USD,5365000000
RBI:FR_INV_INFLW_RN(1.0),N_A,M,N_A,INV_CAT_NFDI_DII_GROSS_INF_INV,2012,2011,0,2012-01-31,USD,2997000000
RBI:FR_INV_INFLW_RN(1.0),N_A,M,N_A,INV_CAT_NFDI_DI_IND,2012,2011,0,2012-01-31,USD,1550000000
RBI:FR_INV_INFLW_RN(1.0),N_A,M,N_A,INV_CAT_NFDI_FDII,2012,2011,0,2012-01-31,USD,550000000
RBI:FR_INV_INFLW_RN(1.0),N_A,M,N_A,INV_CAT_NPI_FII,2012,2011,0,2012-01-31,USD,5392000000
RBI:FR_INV_INFLW_RN(1.0),N_A,M,N_A,INV_CAT_NPI_GDR_ADR,2012,2011,0,2012-01-31,USD,30000000
RBI:FR_INV_INFLW_RN(1.0),N_A,M,N_A,INV_CAT_NPI_OFF_FND_OTH,2012,2011,0,2012-01-31,USD,0.0
RBI:FR_INV_INFLW_RN(1.0),N_A,M,N_A,INV_CAT_NPI_PORTF_INV_IND,2012,2011,0,2012-01-31,USD,57000000
RBI:FR_INV_INFLW_RN(1.0),N_A,M,N_A,INV_EQT,2012,2011,0,2012-01-31,USD,2099000000
RBI:FR_INV_INFLW_RN(1.0),N_A,M,N_A,INV_FDI_EQT,2012,2011,0,2012-01-31,USD,433000000
RBI:FR_INV_INFLW_RN(1.0),N_A,M,N_A,INV_FDI_OTH_CAP,2012,2011,0,2012-01-31,USD,244000000
RBI:FR_INV_INFLW_RN(1.0),N_A,M,N_A,INV_FDI_RE_INV_EAR,2012,2011,0,2012-01-31,USD,101000000
RBI:FR_INV_INFLW_RN(1.0),N_A,M,N_A,INV_FDI_RPTN_DINVT,2012,2011,0,2012-01-31,USD,228000000
RBI:FR_INV_INFLW_RN(1.0),N_A,M,N_A,INV_FII,2012,2011,0,2012-01-31,USD,6364000000
RBI:FR_INV_INFLW_RN(1.0),N_A,M,N_A,INV_OTH_CAP,2012,2011,0,2012-01-31,USD,136000000
RBI:FR_INV_INFLW_RN(1.0),N_A,M,N_A,INV_REP_EQT,2012,2011,0,2012-01-31,USD,1421000000
RBI:FR_INV_INFLW_RN(1.0),N_A,M,N_A,INV_REP_OTH_CAP,2012,2011,0,2012-01-31,USD,27000000
RBI:FR_INV_INFLW_RN(1.0),N_A,M,N_A,INV_RE_INV_EAR,2012,2011,0,2012-01-31,USD,762000000
RBI:FR_INV_INFLW_RN(1.0),N_A,M,N_A,INV_RPTN_DINVT,2012,2011,0,2012-01-31,USD,1448000000
RBI:FR_INV_INFLW_RN(1.0),N_A,M,N_A,EQT_ACQ_SHAR,2012,2011,0,2012-02-29,USD,736000000
RBI:FR_INV_INFLW_RN(1.0),N_A,M,N_A,EQT_CAP_UNINC_BOD,2012,2011,0,2012-02-29,USD,95000000
RBI:FR_INV_INFLW_RN(1.0),N_A,M,N_A,EQT_GOVT_SIA_FIPB,2012,2011,0,2012-02-29,USD,205000000
RBI:FR_INV_INFLW_RN(1.0),N_A,M,N_A,EQT_RBI,2012,2011,0,2012-02-29,USD,1270000000
RBI:FR_INV_INFLW_RN(1.0),N_A,M,N_A,INV_CAT_NET_FR_DIR_INV,2012,2011,0,2012-02-29,USD,444000000
RBI:FR_INV_INFLW_RN(1.0),N_A,M,N_A,INV_CAT_NET_PORTF_INV,2012,2011,0,2012-02-29,USD,9170000000
RBI:FR_INV_INFLW_RN(1.0),N_A,M,N_A,INV_CAT_NFDI_DII_GROSS_INF_INV,2012,2011,0,2012-02-29,USD,3204000000
RBI:FR_INV_INFLW_RN(1.0),N_A,M,N_A,INV_CAT_NFDI_DI_IND,2012,2011,0,2012-02-29,USD,1757000000
RBI:FR_INV_INFLW_RN(1.0),N_A,M,N_A,INV_CAT_NFDI_FDII,2012,2011,0,2012-02-29,USD,1312000000
RBI:FR_INV_INFLW_RN(1.0),N_A,M,N_A,INV_CAT_NPI_FII,2012,2011,0,2012-02-29,USD,9228000000
RBI:FR_INV_INFLW_RN(1.0),N_A,M,N_A,INV_CAT_NPI_GDR_ADR,2012,2011,0,2012-02-29,USD,0.0
RBI:FR_INV_INFLW_RN(1.0),N_A,M,N_A,INV_CAT_NPI_OFF_FND_OTH,2012,2011,0,2012-02-29,USD,0.0
RBI:FR_INV_INFLW_RN(1.0),N_A,M,N_A,INV_CAT_NPI_PORTF_INV_IND,2012,2011,0,2012-02-29,USD,57000000
RBI:FR_INV_INFLW_RN(1.0),N_A,M,N_A,INV_EQT,2012,2011,0,2012-02-29,USD,2306000000
RBI:FR_INV_INFLW_RN(1.0),N_A,M,N_A,INV_FDI_EQT,2012,2011,0,2012-02-29,USD,577000000
RBI:FR_INV_INFLW_RN(1.0),N_A,M,N_A,INV_FDI_OTH_CAP,2012,2011,0,2012-02-29,USD,862000000
RBI:FR_INV_INFLW_RN(1.0),N_A,M,N_A,INV_FDI_RE_INV_EAR,2012,2011,0,2012-02-29,USD,101000000
RBI:FR_INV_INFLW_RN(1.0),N_A,M,N_A,INV_FDI_RPTN_DINVT,2012,2011,0,2012-02-29,USD,228000000
RBI:FR_INV_INFLW_RN(1.0),N_A,M,N_A,INV_FII,2012,2011,0,2012-02-29,USD,9615000000
RBI:FR_INV_INFLW_RN(1.0),N_A,M,N_A,INV_OTH_CAP,2012,2011,0,2012-02-29,USD,136000000
RBI:FR_INV_INFLW_RN(1.0),N_A,M,N_A,INV_REP_EQT,2012,2011,0,2012-02-29,USD,1421000000
RBI:FR_INV_INFLW_RN(1.0),N_A,M,N_A,INV_REP_OTH_CAP,2012,2011,0,2012-02-29,USD,27000000
RBI:FR_INV_INFLW_RN(1.0),N_A,M,N_A,INV_RE_INV_EAR,2012,2011,0,2012-02-29,USD,762000000
RBI:FR_INV_INFLW_RN(1.0),N_A,M,N_A,INV_RPTN_DINVT,2012,2011,0,2012-02-29,USD,1448000000
RBI:FR_INV_INFLW_RN(1.0),N_A,M,N_A,EQT_ACQ_SHAR,2012,2011,0,2012-03-31,USD,333000000
RBI:FR_INV_INFLW_RN(1.0),N_A,M,N_A,EQT_CAP_UNINC_BOD,2012,2011,0,2012-03-31,USD,95000000
RBI:FR_INV_INFLW_RN(1.0),N_A,M,N_A,EQT_GOVT_SIA_FIPB,2012,2011,0,2012-03-31,USD,45000000
RBI:FR_INV_INFLW_RN(1.0),N_A,M,N_A,EQT_RBI,2012,2011,0,2012-03-31,USD,1250000000
RBI:FR_INV_INFLW_RN(1.0),N_A,M,N_A,INV_CAT_NET_FR_DIR_INV,2012,2011,0,2012-03-31,USD,219000000
RBI:FR_INV_INFLW_RN(1.0),N_A,M,N_A,INV_CAT_NET_PORTF_INV,2012,2011,0,2012-03-31,USD,-609000000
RBI:FR_INV_INFLW_RN(1.0),N_A,M,N_A,INV_CAT_NFDI_DII_GROSS_INF_INV,2012,2011,0,2012-03-31,USD,2621000000
RBI:FR_INV_INFLW_RN(1.0),N_A,M,N_A,INV_CAT_NFDI_DI_IND,2012,2011,0,2012-03-31,USD,1174000000
RBI:FR_INV_INFLW_RN(1.0),N_A,M,N_A,INV_CAT_NFDI_FDII,2012,2011,0,2012-03-31,USD,955000000
RBI:FR_INV_INFLW_RN(1.0),N_A,M,N_A,INV_CAT_NPI_FII,2012,2011,0,2012-03-31,USD,-552000000
RBI:FR_INV_INFLW_RN(1.0),N_A,M,N_A,INV_CAT_NPI_GDR_ADR,2012,2011,0,2012-03-31,USD,0.0
RBI:FR_INV_INFLW_RN(1.0),N_A,M,N_A,INV_CAT_NPI_OFF_FND_OTH,2012,2011,0,2012-03-31,USD,0.0
RBI:FR_INV_INFLW_RN(1.0),N_A,M,N_A,INV_CAT_NPI_PORTF_INV_IND,2012,2011,0,2012-03-31,USD,57000000
RBI:FR_INV_INFLW_RN(1.0),N_A,M,N_A,INV_EQT,2012,2011,0,2012-03-31,USD,1723000000
RBI:FR_INV_INFLW_RN(1.0),N_A,M,N_A,INV_FDI_EQT,2012,2011,0,2012-03-31,USD,858000000
RBI:FR_INV_INFLW_RN(1.0),N_A,M,N_A,INV_FDI_OTH_CAP,2012,2011,0,2012-03-31,USD,224000000
RBI:FR_INV_INFLW_RN(1.0),N_A,M,N_A,INV_FDI_RE_INV_EAR,2012,2011,0,2012-03-31,USD,101000000
RBI:FR_INV_INFLW_RN(1.0),N_A,M,N_A,INV_FDI_RPTN_DINVT,2012,2011,0,2012-03-31,USD,228000000
RBI:FR_INV_INFLW_RN(1.0),N_A,M,N_A,INV_FII,2012,2011,0,2012-03-31,USD,-390000000
RBI:FR_INV_INFLW_RN(1.0),N_A,M,N_A,INV_OTH_CAP,2012,2011,0,2012-03-31,USD,136000000
RBI:FR_INV_INFLW_RN(1.0),N_A,M,N_A,INV_REP_EQT,2012,2011,0,2012-03-31,USD,1421000000
RBI:FR_INV_INFLW_RN(1.0),N_A,M,N_A,INV_REP_OTH_CAP,2012,2011,0,2012-03-31,USD,27000000
RBI:FR_INV_INFLW_RN(1.0),N_A,M,N_A,INV_RE_INV_EAR,2012,2011,0,2012-03-31,USD,762000000
RBI:FR_INV_INFLW_RN(1.0),N_A,M,N_A,INV_RPTN_DINVT,2012,2011,0,2012-03-31,USD,1448000000
RBI:FR_INV_INFLW_RN(1.0),N_A,M,N_A,EQT_ACQ_SHAR,2013,2012,0,2012-04-30,USD,340000000
RBI:FR_INV_INFLW_RN(1.0),N_A,M,N_A,EQT_CAP_UNINC_BOD,2013,2012,0,2012-04-30,USD,85000000
RBI:FR_INV_INFLW_RN(1.0),N_A,M,N_A,EQT_GOVT_SIA_FIPB,2013,2012,0,2012-04-30,USD,356000000
RBI:FR_INV_INFLW_RN(1.0),N_A,M,N_A,EQT_RBI,2013,2012,0,2012-04-30,USD,1161000000
RBI:FR_INV_INFLW_RN(1.0),N_A,M,N_A,INV_CAT_NET_FR_DIR_INV,2013,2012,0,2012-04-30,USD,1562296667
RBI:FR_INV_INFLW_RN(1.0),N_A,M,N_A,INV_CAT_NET_PORTF_INV,2013,2012,0,2012-04-30,USD,-1408843333
RBI:FR_INV_INFLW_RN(1.0),N_A,M,N_A,INV_CAT_NFDI_DII_GROSS_INF_INV,2013,2012,0,2012-04-30,USD,2816100000
RBI:FR_INV_INFLW_RN(1.0),N_A,M,N_A,INV_CAT_NFDI_DI_IND,2013,2012,0,2012-04-30,USD,2352623333
RBI:FR_INV_INFLW_RN(1.0),N_A,M,N_A,INV_CAT_NFDI_FDII,2013,2012,0,2012-04-30,USD,790326667
RBI:FR_INV_INFLW_RN(1.0),N_A,M,N_A,INV_CAT_NPI_FII,2013,2012,0,2012-04-30,USD,-1305510000
RBI:FR_INV_INFLW_RN(1.0),N_A,M,N_A,INV_CAT_NPI_GDR_ADR,2013,2012,0,2012-04-30,USD,0.0
RBI:FR_INV_INFLW_RN(1.0),N_A,M,N_A,INV_CAT_NPI_OFF_FND_OTH,2013,2012,0,2012-04-30,USD,0.0
RBI:FR_INV_INFLW_RN(1.0),N_A,M,N_A,INV_CAT_NPI_PORTF_INV_IND,2013,2012,0,2012-04-30,USD,103333333
RBI:FR_INV_INFLW_RN(1.0),N_A,M,N_A,INV_EQT,2013,2012,0,2012-04-30,USD,1942000000
RBI:FR_INV_INFLW_RN(1.0),N_A,M,N_A,INV_FDI_EQT,2013,2012,0,2012-04-30,USD,345183333
RBI:FR_INV_INFLW_RN(1.0),N_A,M,N_A,INV_FDI_OTH_CAP,2013,2012,0,2012-04-30,USD,633700000
RBI:FR_INV_INFLW_RN(1.0),N_A,M,N_A,INV_FDI_RE_INV_EAR,2013,2012,0,2012-04-30,USD,99100000
RBI:FR_INV_INFLW_RN(1.0),N_A,M,N_A,INV_FDI_RPTN_DINVT,2013,2012,0,2012-04-30,USD,287656667
RBI:FR_INV_INFLW_RN(1.0),N_A,M,N_A,INV_FII,2013,2012,0,2012-04-30,USD,153453333
RBI:FR_INV_INFLW_RN(1.0),N_A,M,N_A,INV_OTH_CAP,2013,2012,0,2012-04-30,USD,121000000
RBI:FR_INV_INFLW_RN(1.0),N_A,M,N_A,INV_REP_EQT,2013,2012,0,2012-04-30,USD,344190000
RBI:FR_INV_INFLW_RN(1.0),N_A,M,N_A,INV_REP_OTH_CAP,2013,2012,0,2012-04-30,USD,119286667
RBI:FR_INV_INFLW_RN(1.0),N_A,M,N_A,INV_RE_INV_EAR,2013,2012,0,2012-04-30,USD,753100000
RBI:FR_INV_INFLW_RN(1.0),N_A,M,N_A,INV_RPTN_DINVT,2013,2012,0,2012-04-30,USD,463476667
RBI:FR_INV_INFLW_RN(1.0),N_A,M,N_A,EQT_ACQ_SHAR,2013,2012,0,2012-05-31,USD,198000000
RBI:FR_INV_INFLW_RN(1.0),N_A,M,N_A,EQT_CAP_UNINC_BOD,2013,2012,0,2012-05-31,USD,85000000
RBI:FR_INV_INFLW_RN(1.0),N_A,M,N_A,EQT_GOVT_SIA_FIPB,2013,2012,0,2012-05-31,USD,24000000
RBI:FR_INV_INFLW_RN(1.0),N_A,M,N_A,EQT_RBI,2013,2012,0,2012-05-31,USD,1105000000
RBI:FR_INV_INFLW_RN(1.0),N_A,M,N_A,INV_CAT_NET_FR_DIR_INV,2013,2012,0,2012-05-31,USD,1024316667
RBI:FR_INV_INFLW_RN(1.0),N_A,M,N_A,INV_CAT_NET_PORTF_INV,2013,2012,0,2012-05-31,USD,-91773333
RBI:FR_INV_INFLW_RN(1.0),N_A,M,N_A,INV_CAT_NFDI_DII_GROSS_INF_INV,2013,2012,0,2012-05-31,USD,2286100000
RBI:FR_INV_INFLW_RN(1.0),N_A,M,N_A,INV_CAT_NFDI_DI_IND,2013,2012,0,2012-05-31,USD,1822623333
RBI:FR_INV_INFLW_RN(1.0),N_A,M,N_A,INV_CAT_NFDI_FDII,2013,2012,0,2012-05-31,USD,798306667
RBI:FR_INV_INFLW_RN(1.0),N_A,M,N_A,INV_CAT_NPI_FII,2013,2012,0,2012-05-31,USD,11560000
RBI:FR_INV_INFLW_RN(1.0),N_A,M,N_A,INV_CAT_NPI_GDR_ADR,2013,2012,0,2012-05-31,USD,0.0
RBI:FR_INV_INFLW_RN(1.0),N_A,M,N_A,INV_CAT_NPI_OFF_FND_OTH,2013,2012,0,2012-05-31,USD,0.0
RBI:FR_INV_INFLW_RN(1.0),N_A,M,N_A,INV_CAT_NPI_PORTF_INV_IND,2013,2012,0,2012-05-31,USD,103333333
RBI:FR_INV_INFLW_RN(1.0),N_A,M,N_A,INV_EQT,2013,2012,0,2012-05-31,USD,1412000000
RBI:FR_INV_INFLW_RN(1.0),N_A,M,N_A,INV_FDI_EQT,2013,2012,0,2012-05-31,USD,527123333
RBI:FR_INV_INFLW_RN(1.0),N_A,M,N_A,INV_FDI_OTH_CAP,2013,2012,0,2012-05-31,USD,459740000
RBI:FR_INV_INFLW_RN(1.0),N_A,M,N_A,INV_FDI_RE_INV_EAR,2013,2012,0,2012-05-31,USD,99100000
RBI:FR_INV_INFLW_RN(1.0),N_A,M,N_A,INV_FDI_RPTN_DINVT,2013,2012,0,2012-05-31,USD,287656667
RBI:FR_INV_INFLW_RN(1.0),N_A,M,N_A,INV_FII,2013,2012,0,2012-05-31,USD,932543333
RBI:FR_INV_INFLW_RN(1.0),N_A,M,N_A,INV_OTH_CAP,2013,2012,0,2012-05-31,USD,121000000
RBI:FR_INV_INFLW_RN(1.0),N_A,M,N_A,INV_REP_EQT,2013,2012,0,2012-05-31,USD,344190000
RBI:FR_INV_INFLW_RN(1.0),N_A,M,N_A,INV_REP_OTH_CAP,2013,2012,0,2012-05-31,USD,119286667
RBI:FR_INV_INFLW_RN(1.0),N_A,M,N_A,INV_RE_INV_EAR,2013,2012,0,2012-05-31,USD,753100000
RBI:FR_INV_INFLW_RN(1.0),N_A,M,N_A,INV_RPTN_DINVT,2013,2012,0,2012-05-31,USD,463476667
RBI:FR_INV_INFLW_RN(1.0),N_A,M,N_A,EQT_ACQ_SHAR,2013,2012,0,2012-06-30,USD,408400000
RBI:FR_INV_INFLW_RN(1.0),N_A,M,N_A,EQT_CAP_UNINC_BOD,2013,2012,0,2012-06-30,USD,85000000
RBI:FR_INV_INFLW_RN(1.0),N_A,M,N_A,EQT_GOVT_SIA_FIPB,2013,2012,0,2012-06-30,USD,139050000
RBI:FR_INV_INFLW_RN(1.0),N_A,M,N_A,EQT_RBI,2013,2012,0,2012-06-30,USD,696780000
RBI:FR_INV_INFLW_RN(1.0),N_A,M,N_A,INV_CAT_NET_FR_DIR_INV,2013,2012,0,2012-06-30,USD,1234846667
RBI:FR_INV_INFLW_RN(1.0),N_A,M,N_A,INV_CAT_NET_PORTF_INV,2013,2012,0,2012-06-30,USD,-421503333
RBI:FR_INV_INFLW_RN(1.0),N_A,M,N_A,INV_CAT_NFDI_DII_GROSS_INF_INV,2013,2012,0,2012-06-30,USD,2203330000
RBI:FR_INV_INFLW_RN(1.0),N_A,M,N_A,INV_CAT_NFDI_DI_IND,2013,2012,0,2012-06-30,USD,1739853333
RBI:FR_INV_INFLW_RN(1.0),N_A,M,N_A,INV_CAT_NFDI_FDII,2013,2012,0,2012-06-30,USD,505006667
RBI:FR_INV_INFLW_RN(1.0),N_A,M,N_A,INV_CAT_NPI_FII,2013,2012,0,2012-06-30,USD,-412170000
RBI:FR_INV_INFLW_RN(1.0),N_A,M,N_A,INV_CAT_NPI_GDR_ADR,2013,2012,0,2012-06-30,USD,94000000
RBI:FR_INV_INFLW_RN(1.0),N_A,M,N_A,INV_CAT_NPI_OFF_FND_OTH,2013,2012,0,2012-06-30,USD,0.0
RBI:FR_INV_INFLW_RN(1.0),N_A,M,N_A,INV_CAT_NPI_PORTF_INV_IND,2013,2012,0,2012-06-30,USD,103333333
RBI:FR_INV_INFLW_RN(1.0),N_A,M,N_A,INV_EQT,2013,2012,0,2012-06-30,USD,1329230000
RBI:FR_INV_INFLW_RN(1.0),N_A,M,N_A,INV_FDI_EQT,2013,2012,0,2012-06-30,USD,509213333
RBI:FR_INV_INFLW_RN(1.0),N_A,M,N_A,INV_FDI_OTH_CAP,2013,2012,0,2012-06-30,USD,184350000
RBI:FR_INV_INFLW_RN(1.0),N_A,M,N_A,INV_FDI_RE_INV_EAR,2013,2012,0,2012-06-30,USD,99100000
RBI:FR_INV_INFLW_RN(1.0),N_A,M,N_A,INV_FDI_RPTN_DINVT,2013,2012,0,2012-06-30,USD,287656667
RBI:FR_INV_INFLW_RN(1.0),N_A,M,N_A,INV_FII,2013,2012,0,2012-06-30,USD,813343333
RBI:FR_INV_INFLW_RN(1.0),N_A,M,N_A,INV_OTH_CAP,2013,2012,0,2012-06-30,USD,121000000
RBI:FR_INV_INFLW_RN(1.0),N_A,M,N_A,INV_REP_EQT,2013,2012,0,2012-06-30,USD,344190000
RBI:FR_INV_INFLW_RN(1.0),N_A,M,N_A,INV_REP_OTH_CAP,2013,2012,0,2012-06-30,USD,119286667
RBI:FR_INV_INFLW_RN(1.0),N_A,M,N_A,INV_RE_INV_EAR,2013,2012,0,2012-06-30,USD,753100000
RBI:FR_INV_INFLW_RN(1.0),N_A,M,N_A,INV_RPTN_DINVT,2013,2012,0,2012-06-30,USD,463476667
RBI:FR_INV_INFLW_RN(1.0),N_A,M,N_A,EQT_ACQ_SHAR,2013,2012,0,2012-07-31,USD,212300000
RBI:FR_INV_INFLW_RN(1.0),N_A,M,N_A,EQT_CAP_UNINC_BOD,2013,2012,0,2012-07-31,USD,86000000
RBI:FR_INV_INFLW_RN(1.0),N_A,M,N_A,EQT_GOVT_SIA_FIPB,2013,2012,0,2012-07-31,USD,504700000
RBI:FR_INV_INFLW_RN(1.0),N_A,M,N_A,EQT_RBI,2013,2012,0,2012-07-31,USD,757460000
RBI:FR_INV_INFLW_RN(1.0),N_A,M,N_A,INV_CAT_NET_FR_DIR_INV,2013,2012,0,2012-07-31,USD,1612586667
RBI:FR_INV_INFLW_RN(1.0),N_A,M,N_A,INV_CAT_NET_PORTF_INV,2013,2012,0,2012-07-31,USD,2117656667.0000002
RBI:FR_INV_INFLW_RN(1.0),N_A,M,N_A,INV_CAT_NFDI_DII_GROSS_INF_INV,2013,2012,0,2012-07-31,USD,2489593333
RBI:FR_INV_INFLW_RN(1.0),N_A,M,N_A,INV_CAT_NFDI_DI_IND,2013,2012,0,2012-07-31,USD,2042260000
RBI:FR_INV_INFLW_RN(1.0),N_A,M,N_A,INV_CAT_NFDI_FDII,2013,2012,0,2012-07-31,USD,429673333
RBI:FR_INV_INFLW_RN(1.0),N_A,M,N_A,INV_CAT_NPI_FII,2013,2012,0,2012-07-31,USD,2147990000
RBI:FR_INV_INFLW_RN(1.0),N_A,M,N_A,INV_CAT_NPI_GDR_ADR,2013,2012,0,2012-07-31,USD,60000000
RBI:FR_INV_INFLW_RN(1.0),N_A,M,N_A,INV_CAT_NPI_OFF_FND_OTH,2013,2012,0,2012-07-31,USD,0.0
RBI:FR_INV_INFLW_RN(1.0),N_A,M,N_A,INV_CAT_NPI_PORTF_INV_IND,2013,2012,0,2012-07-31,USD,90333333
RBI:FR_INV_INFLW_RN(1.0),N_A,M,N_A,INV_EQT,2013,2012,0,2012-07-31,USD,1560460000
RBI:FR_INV_INFLW_RN(1.0),N_A,M,N_A,INV_FDI_EQT,2013,2012,0,2012-07-31,USD,431593333
RBI:FR_INV_INFLW_RN(1.0),N_A,M,N_A,INV_FDI_OTH_CAP,2013,2012,0,2012-07-31,USD,377530000
RBI:FR_INV_INFLW_RN(1.0),N_A,M,N_A,INV_FDI_RE_INV_EAR,2013,2012,0,2012-07-31,USD,99100000
RBI:FR_INV_INFLW_RN(1.0),N_A,M,N_A,INV_FDI_RPTN_DINVT,2013,2012,0,2012-07-31,USD,478550000
RBI:FR_INV_INFLW_RN(1.0),N_A,M,N_A,INV_FII,2013,2012,0,2012-07-31,USD,3730243333
RBI:FR_INV_INFLW_RN(1.0),N_A,M,N_A,INV_OTH_CAP,2013,2012,0,2012-07-31,USD,163000000
RBI:FR_INV_INFLW_RN(1.0),N_A,M,N_A,INV_REP_EQT,2013,2012,0,2012-07-31,USD,446666667
RBI:FR_INV_INFLW_RN(1.0),N_A,M,N_A,INV_REP_OTH_CAP,2013,2012,0,2012-07-31,USD,666667.0
RBI:FR_INV_INFLW_RN(1.0),N_A,M,N_A,INV_RE_INV_EAR,2013,2012,0,2012-07-31,USD,766133333
RBI:FR_INV_INFLW_RN(1.0),N_A,M,N_A,INV_RPTN_DINVT,2013,2012,0,2012-07-31,USD,447333333
RBI:FR_INV_INFLW_RN(1.0),N_A,M,N_A,EQT_ACQ_SHAR,2013,2012,0,2012-08-31,USD,455180000
RBI:FR_INV_INFLW_RN(1.0),N_A,M,N_A,EQT_CAP_UNINC_BOD,2013,2012,0,2012-08-31,USD,86000000
RBI:FR_INV_INFLW_RN(1.0),N_A,M,N_A,EQT_GOVT_SIA_FIPB,2013,2012,0,2012-08-31,USD,281880000
RBI:FR_INV_INFLW_RN(1.0),N_A,M,N_A,EQT_RBI,2013,2012,0,2012-08-31,USD,1526840000
RBI:FR_INV_INFLW_RN(1.0),N_A,M,N_A,INV_CAT_NET_FR_DIR_INV,2013,2012,0,2012-08-31,USD,2398926667
RBI:FR_INV_INFLW_RN(1.0),N_A,M,N_A,INV_CAT_NET_PORTF_INV,2013,2012,0,2012-08-31,USD,1475496667
RBI:FR_INV_INFLW_RN(1.0),N_A,M,N_A,INV_CAT_NFDI_DII_GROSS_INF_INV,2013,2012,0,2012-08-31,USD,3279033333
RBI:FR_INV_INFLW_RN(1.0),N_A,M,N_A,INV_CAT_NFDI_DI_IND,2013,2012,0,2012-08-31,USD,2831700000
RBI:FR_INV_INFLW_RN(1.0),N_A,M,N_A,INV_CAT_NFDI_FDII,2013,2012,0,2012-08-31,USD,432773333
RBI:FR_INV_INFLW_RN(1.0),N_A,M,N_A,INV_CAT_NPI_FII,2013,2012,0,2012-08-31,USD,1565830000
RBI:FR_INV_INFLW_RN(1.0),N_A,M,N_A,INV_CAT_NPI_GDR_ADR,2013,2012,0,2012-08-31,USD,0.0
RBI:FR_INV_INFLW_RN(1.0),N_A,M,N_A,INV_CAT_NPI_OFF_FND_OTH,2013,2012,0,2012-08-31,USD,0.0
RBI:FR_INV_INFLW_RN(1.0),N_A,M,N_A,INV_CAT_NPI_PORTF_INV_IND,2013,2012,0,2012-08-31,USD,90333333
RBI:FR_INV_INFLW_RN(1.0),N_A,M,N_A,INV_EQT,2013,2012,0,2012-08-31,USD,2349900000
RBI:FR_INV_INFLW_RN(1.0),N_A,M,N_A,INV_FDI_EQT,2013,2012,0,2012-08-31,USD,510673333
RBI:FR_INV_INFLW_RN(1.0),N_A,M,N_A,INV_FDI_OTH_CAP,2013,2012,0,2012-08-31,USD,301550000
RBI:FR_INV_INFLW_RN(1.0),N_A,M,N_A,INV_FDI_RE_INV_EAR,2013,2012,0,2012-08-31,USD,99100000
RBI:FR_INV_INFLW_RN(1.0),N_A,M,N_A,INV_FDI_RPTN_DINVT,2013,2012,0,2012-08-31,USD,478550000
RBI:FR_INV_INFLW_RN(1.0),N_A,M,N_A,INV_FII,2013,2012,0,2012-08-31,USD,3874423333
RBI:FR_INV_INFLW_RN(1.0),N_A,M,N_A,INV_OTH_CAP,2013,2012,0,2012-08-31,USD,163000000
RBI:FR_INV_INFLW_RN(1.0),N_A,M,N_A,INV_REP_EQT,2013,2012,0,2012-08-31,USD,446666667
RBI:FR_INV_INFLW_RN(1.0),N_A,M,N_A,INV_REP_OTH_CAP,2013,2012,0,2012-08-31,USD,666667.0
RBI:FR_INV_INFLW_RN(1.0),N_A,M,N_A,INV_RE_INV_EAR,2013,2012,0,2012-08-31,USD,766133333
RBI:FR_INV_INFLW_RN(1.0),N_A,M,N_A,INV_RPTN_DINVT,2013,2012,0,2012-08-31,USD,447333333
RBI:FR_INV_INFLW_RN(1.0),N_A,M,N_A,EQT_ACQ_SHAR,2013,2012,0,2012-09-30,USD,195620000
RBI:FR_INV_INFLW_RN(1.0),N_A,M,N_A,EQT_CAP_UNINC_BOD,2013,2012,0,2012-09-30,USD,86000000
RBI:FR_INV_INFLW_RN(1.0),N_A,M,N_A,EQT_GOVT_SIA_FIPB,2013,2012,0,2012-09-30,USD,19380000
RBI:FR_INV_INFLW_RN(1.0),N_A,M,N_A,EQT_RBI,2013,2012,0,2012-09-30,USD,3865830000
RBI:FR_INV_INFLW_RN(1.0),N_A,M,N_A,INV_CAT_NET_FR_DIR_INV,2013,2012,0,2012-09-30,USD,4146876667.0000005
RBI:FR_INV_INFLW_RN(1.0),N_A,M,N_A,INV_CAT_NET_PORTF_INV,2013,2012,0,2012-09-30,USD,4124376667.0000005
RBI:FR_INV_INFLW_RN(1.0),N_A,M,N_A,INV_CAT_NFDI_DII_GROSS_INF_INV,2013,2012,0,2012-09-30,USD,5095963333
RBI:FR_INV_INFLW_RN(1.0),N_A,M,N_A,INV_CAT_NFDI_DI_IND,2013,2012,0,2012-09-30,USD,4648630000
RBI:FR_INV_INFLW_RN(1.0),N_A,M,N_A,INV_CAT_NFDI_FDII,2013,2012,0,2012-09-30,USD,501753333
RBI:FR_INV_INFLW_RN(1.0),N_A,M,N_A,INV_CAT_NPI_FII,2013,2012,0,2012-09-30,USD,4189710000
RBI:FR_INV_INFLW_RN(1.0),N_A,M,N_A,INV_CAT_NPI_GDR_ADR,2013,2012,0,2012-09-30,USD,25000000
RBI:FR_INV_INFLW_RN(1.0),N_A,M,N_A,INV_CAT_NPI_OFF_FND_OTH,2013,2012,0,2012-09-30,USD,0.0
RBI:FR_INV_INFLW_RN(1.0),N_A,M,N_A,INV_CAT_NPI_PORTF_INV_IND,2013,2012,0,2012-09-30,USD,90333333
RBI:FR_INV_INFLW_RN(1.0),N_A,M,N_A,INV_EQT,2013,2012,0,2012-09-30,USD,4166830000
RBI:FR_INV_INFLW_RN(1.0),N_A,M,N_A,INV_FDI_EQT,2013,2012,0,2012-09-30,USD,588723333
RBI:FR_INV_INFLW_RN(1.0),N_A,M,N_A,INV_FDI_OTH_CAP,2013,2012,0,2012-09-30,USD,292480000
RBI:FR_INV_INFLW_RN(1.0),N_A,M,N_A,INV_FDI_RE_INV_EAR,2013,2012,0,2012-09-30,USD,99100000
RBI:FR_INV_INFLW_RN(1.0),N_A,M,N_A,INV_FDI_RPTN_DINVT,2013,2012,0,2012-09-30,USD,478550000
RBI:FR_INV_INFLW_RN(1.0),N_A,M,N_A,INV_FII,2013,2012,0,2012-09-30,USD,8271253333.000001
RBI:FR_INV_INFLW_RN(1.0),N_A,M,N_A,INV_OTH_CAP,2013,2012,0,2012-09-30,USD,163000000
RBI:FR_INV_INFLW_RN(1.0),N_A,M,N_A,INV_REP_EQT,2013,2012,0,2012-09-30,USD,446666667
RBI:FR_INV_INFLW_RN(1.0),N_A,M,N_A,INV_REP_OTH_CAP,2013,2012,0,2012-09-30,USD,666667.0
RBI:FR_INV_INFLW_RN(1.0),N_A,M,N_A,INV_RE_INV_EAR,2013,2012,0,2012-09-30,USD,766133333
RBI:FR_INV_INFLW_RN(1.0),N_A,M,N_A,INV_RPTN_DINVT,2013,2012,0,2012-09-30,USD,447333333
RBI:FR_INV_INFLW_RN(1.0),N_A,M,N_A,EQT_ACQ_SHAR,2013,2012,0,2012-10-31,USD,328460000
RBI:FR_INV_INFLW_RN(1.0),N_A,M,N_A,EQT_CAP_UNINC_BOD,2013,2012,0,2012-10-31,USD,91000000
RBI:FR_INV_INFLW_RN(1.0),N_A,M,N_A,EQT_GOVT_SIA_FIPB,2013,2012,0,2012-10-31,USD,417660000
RBI:FR_INV_INFLW_RN(1.0),N_A,M,N_A,EQT_RBI,2013,2012,0,2012-10-31,USD,1195420000
RBI:FR_INV_INFLW_RN(1.0),N_A,M,N_A,INV_CAT_NET_FR_DIR_INV,2013,2012,0,2012-10-31,USD,1213243333
RBI:FR_INV_INFLW_RN(1.0),N_A,M,N_A,INV_CAT_NET_PORTF_INV,2013,2012,0,2012-10-31,USD,2920990000
RBI:FR_INV_INFLW_RN(1.0),N_A,M,N_A,INV_CAT_NFDI_DII_GROSS_INF_INV,2013,2012,0,2012-10-31,USD,2929523333
RBI:FR_INV_INFLW_RN(1.0),N_A,M,N_A,INV_CAT_NFDI_DI_IND,2013,2012,0,2012-10-31,USD,2022856667
RBI:FR_INV_INFLW_RN(1.0),N_A,M,N_A,INV_CAT_NFDI_FDII,2013,2012,0,2012-10-31,USD,809613333
RBI:FR_INV_INFLW_RN(1.0),N_A,M,N_A,INV_CAT_NPI_FII,2013,2012,0,2012-10-31,USD,2936990000
RBI:FR_INV_INFLW_RN(1.0),N_A,M,N_A,INV_CAT_NPI_GDR_ADR,2013,2012,0,2012-10-31,USD,8000000.0
RBI:FR_INV_INFLW_RN(1.0),N_A,M,N_A,INV_CAT_NPI_OFF_FND_OTH,2013,2012,0,2012-10-31,USD,0.0
RBI:FR_INV_INFLW_RN(1.0),N_A,M,N_A,INV_CAT_NPI_PORTF_INV_IND,2013,2012,0,2012-10-31,USD,24000000
RBI:FR_INV_INFLW_RN(1.0),N_A,M,N_A,INV_EQT,2013,2012,0,2012-10-31,USD,2032540000
RBI:FR_INV_INFLW_RN(1.0),N_A,M,N_A,INV_FDI_EQT,2013,2012,0,2012-10-31,USD,801296667
RBI:FR_INV_INFLW_RN(1.0),N_A,M,N_A,INV_FDI_OTH_CAP,2013,2012,0,2012-10-31,USD,441000000
RBI:FR_INV_INFLW_RN(1.0),N_A,M,N_A,INV_FDI_RE_INV_EAR,2013,2012,0,2012-10-31,USD,99100000
RBI:FR_INV_INFLW_RN(1.0),N_A,M,N_A,INV_FDI_RPTN_DINVT,2013,2012,0,2012-10-31,USD,531783333
RBI:FR_INV_INFLW_RN(1.0),N_A,M,N_A,INV_FII,2013,2012,0,2012-10-31,USD,4134233333
RBI:FR_INV_INFLW_RN(1.0),N_A,M,N_A,INV_OTH_CAP,2013,2012,0,2012-10-31,USD,33666667
RBI:FR_INV_INFLW_RN(1.0),N_A,M,N_A,INV_REP_EQT,2013,2012,0,2012-10-31,USD,874666667
RBI:FR_INV_INFLW_RN(1.0),N_A,M,N_A,INV_REP_OTH_CAP,2013,2012,0,2012-10-31,USD,32000000
RBI:FR_INV_INFLW_RN(1.0),N_A,M,N_A,INV_RE_INV_EAR,2013,2012,0,2012-10-31,USD,863316667
RBI:FR_INV_INFLW_RN(1.0),N_A,M,N_A,INV_RPTN_DINVT,2013,2012,0,2012-10-31,USD,906666667
RBI:FR_INV_INFLW_RN(1.0),N_A,M,N_A,EQT_ACQ_SHAR,2013,2012,0,2012-11-30,USD,127620000
RBI:FR_INV_INFLW_RN(1.0),N_A,M,N_A,EQT_CAP_UNINC_BOD,2013,2012,0,2012-11-30,USD,91000000
RBI:FR_INV_INFLW_RN(1.0),N_A,M,N_A,EQT_GOVT_SIA_FIPB,2013,2012,0,2012-11-30,USD,38770000
RBI:FR_INV_INFLW_RN(1.0),N_A,M,N_A,EQT_RBI,2013,2012,0,2012-11-30,USD,892090000
RBI:FR_INV_INFLW_RN(1.0),N_A,M,N_A,INV_CAT_NET_FR_DIR_INV,2013,2012,0,2012-11-30,USD,439453333
RBI:FR_INV_INFLW_RN(1.0),N_A,M,N_A,INV_CAT_NET_PORTF_INV,2013,2012,0,2012-11-30,USD,2002240000
RBI:FR_INV_INFLW_RN(1.0),N_A,M,N_A,INV_CAT_NFDI_DII_GROSS_INF_INV,2013,2012,0,2012-11-30,USD,2046463333
RBI:FR_INV_INFLW_RN(1.0),N_A,M,N_A,INV_CAT_NFDI_DI_IND,2013,2012,0,2012-11-30,USD,1139796667
RBI:FR_INV_INFLW_RN(1.0),N_A,M,N_A,INV_CAT_NFDI_FDII,2013,2012,0,2012-11-30,USD,700343333
RBI:FR_INV_INFLW_RN(1.0),N_A,M,N_A,INV_CAT_NPI_FII,2013,2012,0,2012-11-30,USD,2026240000
RBI:FR_INV_INFLW_RN(1.0),N_A,M,N_A,INV_CAT_NPI_GDR_ADR,2013,2012,0,2012-11-30,USD,0.0
RBI:FR_INV_INFLW_RN(1.0),N_A,M,N_A,INV_CAT_NPI_OFF_FND_OTH,2013,2012,0,2012-11-30,USD,0.0
RBI:FR_INV_INFLW_RN(1.0),N_A,M,N_A,INV_CAT_NPI_PORTF_INV_IND,2013,2012,0,2012-11-30,USD,24000000
RBI:FR_INV_INFLW_RN(1.0),N_A,M,N_A,INV_EQT,2013,2012,0,2012-11-30,USD,1149480000
RBI:FR_INV_INFLW_RN(1.0),N_A,M,N_A,INV_FDI_EQT,2013,2012,0,2012-11-30,USD,632056667
RBI:FR_INV_INFLW_RN(1.0),N_A,M,N_A,INV_FDI_OTH_CAP,2013,2012,0,2012-11-30,USD,500970000
RBI:FR_INV_INFLW_RN(1.0),N_A,M,N_A,INV_FDI_RE_INV_EAR,2013,2012,0,2012-11-30,USD,99100000
RBI:FR_INV_INFLW_RN(1.0),N_A,M,N_A,INV_FDI_RPTN_DINVT,2013,2012,0,2012-11-30,USD,531783333
RBI:FR_INV_INFLW_RN(1.0),N_A,M,N_A,INV_FII,2013,2012,0,2012-11-30,USD,2441693333
RBI:FR_INV_INFLW_RN(1.0),N_A,M,N_A,INV_OTH_CAP,2013,2012,0,2012-11-30,USD,33666667
RBI:FR_INV_INFLW_RN(1.0),N_A,M,N_A,INV_REP_EQT,2013,2012,0,2012-11-30,USD,874666667
RBI:FR_INV_INFLW_RN(1.0),N_A,M,N_A,INV_REP_OTH_CAP,2013,2012,0,2012-11-30,USD,32000000
RBI:FR_INV_INFLW_RN(1.0),N_A,M,N_A,INV_RE_INV_EAR,2013,2012,0,2012-11-30,USD,863316667
RBI:FR_INV_INFLW_RN(1.0),N_A,M,N_A,INV_RPTN_DINVT,2013,2012,0,2012-11-30,USD,906666667
RBI:FR_INV_INFLW_RN(1.0),N_A,M,N_A,EQT_ACQ_SHAR,2013,2012,0,2012-12-31,USD,162164625
RBI:FR_INV_INFLW_RN(1.0),N_A,M,N_A,EQT_CAP_UNINC_BOD,2013,2012,0,2012-12-31,USD,91000000
RBI:FR_INV_INFLW_RN(1.0),N_A,M,N_A,EQT_GOVT_SIA_FIPB,2013,2012,0,2012-12-31,USD,248217861
RBI:FR_INV_INFLW_RN(1.0),N_A,M,N_A,EQT_RBI,2013,2012,0,2012-12-31,USD,689812765
RBI:FR_INV_INFLW_RN(1.0),N_A,M,N_A,INV_CAT_NET_FR_DIR_INV,2013,2012,0,2012-12-31,USD,453338584
RBI:FR_INV_INFLW_RN(1.0),N_A,M,N_A,INV_CAT_NET_PORTF_INV,2013,2012,0,2012-12-31,USD,4858100000
RBI:FR_INV_INFLW_RN(1.0),N_A,M,N_A,INV_CAT_NFDI_DII_GROSS_INF_INV,2013,2012,0,2012-12-31,USD,2088178583.9999998
RBI:FR_INV_INFLW_RN(1.0),N_A,M,N_A,INV_CAT_NFDI_DI_IND,2013,2012,0,2012-12-31,USD,1181511917
RBI:FR_INV_INFLW_RN(1.0),N_A,M,N_A,INV_CAT_NFDI_FDII,2013,2012,0,2012-12-31,USD,728173333
RBI:FR_INV_INFLW_RN(1.0),N_A,M,N_A,INV_CAT_NPI_FII,2013,2012,0,2012-12-31,USD,4882100000
RBI:FR_INV_INFLW_RN(1.0),N_A,M,N_A,INV_CAT_NPI_GDR_ADR,2013,2012,0,2012-12-31,USD,0.0
RBI:FR_INV_INFLW_RN(1.0),N_A,M,N_A,INV_CAT_NPI_OFF_FND_OTH,2013,2012,0,2012-12-31,USD,0.0
RBI:FR_INV_INFLW_RN(1.0),N_A,M,N_A,INV_CAT_NPI_PORTF_INV_IND,2013,2012,0,2012-12-31,USD,24000000
RBI:FR_INV_INFLW_RN(1.0),N_A,M,N_A,INV_EQT,2013,2012,0,2012-12-31,USD,1191195250
RBI:FR_INV_INFLW_RN(1.0),N_A,M,N_A,INV_FDI_EQT,2013,2012,0,2012-12-31,USD,689916667
RBI:FR_INV_INFLW_RN(1.0),N_A,M,N_A,INV_FDI_OTH_CAP,2013,2012,0,2012-12-31,USD,470940000
RBI:FR_INV_INFLW_RN(1.0),N_A,M,N_A,INV_FDI_RE_INV_EAR,2013,2012,0,2012-12-31,USD,99100000
RBI:FR_INV_INFLW_RN(1.0),N_A,M,N_A,INV_FDI_RPTN_DINVT,2013,2012,0,2012-12-31,USD,531783333
RBI:FR_INV_INFLW_RN(1.0),N_A,M,N_A,INV_FII,2013,2012,0,2012-12-31,USD,5311438584
RBI:FR_INV_INFLW_RN(1.0),N_A,M,N_A,INV_OTH_CAP,2013,2012,0,2012-12-31,USD,33666667
RBI:FR_INV_INFLW_RN(1.0),N_A,M,N_A,INV_REP_EQT,2013,2012,0,2012-12-31,USD,874666667
RBI:FR_INV_INFLW_RN(1.0),N_A,M,N_A,INV_REP_OTH_CAP,2013,2012,0,2012-12-31,USD,32000000
RBI:FR_INV_INFLW_RN(1.0),N_A,M,N_A,INV_RE_INV_EAR,2013,2012,0,2012-12-31,USD,863316667
RBI:FR_INV_INFLW_RN(1.0),N_A,M,N_A,INV_RPTN_DINVT,2013,2012,0,2012-12-31,USD,906666667
RBI:FR_INV_INFLW_RN(1.0),N_A,M,N_A,EQT_ACQ_SHAR,2013,2012,0,2013-01-31,USD,278830882
RBI:FR_INV_INFLW_RN(1.0),N_A,M,N_A,EQT_CAP_UNINC_BOD,2013,2012,0,2013-01-31,USD,91000000
RBI:FR_INV_INFLW_RN(1.0),N_A,M,N_A,EQT_GOVT_SIA_FIPB,2013,2012,0,2013-01-31,USD,191836059
RBI:FR_INV_INFLW_RN(1.0),N_A,M,N_A,EQT_RBI,2013,2012,0,2013-01-31,USD,1686810483
RBI:FR_INV_INFLW_RN(1.0),N_A,M,N_A,INV_CAT_NET_FR_DIR_INV,2013,2012,0,2013-01-31,USD,2701034092
RBI:FR_INV_INFLW_RN(1.0),N_A,M,N_A,INV_CAT_NET_PORTF_INV,2013,2012,0,2013-01-31,USD,6042440000
RBI:FR_INV_INFLW_RN(1.0),N_A,M,N_A,INV_CAT_NFDI_DII_GROSS_INF_INV,2013,2012,0,2013-01-31,USD,3352777425
RBI:FR_INV_INFLW_RN(1.0),N_A,M,N_A,INV_CAT_NFDI_DI_IND,2013,2012,0,2013-01-31,USD,2721777425
RBI:FR_INV_INFLW_RN(1.0),N_A,M,N_A,INV_CAT_NFDI_FDII,2013,2012,0,2013-01-31,USD,20743333
RBI:FR_INV_INFLW_RN(1.0),N_A,M,N_A,INV_CAT_NPI_FII,2013,2012,0,2013-01-31,USD,6117440000
RBI:FR_INV_INFLW_RN(1.0),N_A,M,N_A,INV_CAT_NPI_GDR_ADR,2013,2012,0,2013-01-31,USD,0.0
RBI:FR_INV_INFLW_RN(1.0),N_A,M,N_A,INV_CAT_NPI_OFF_FND_OTH,2013,2012,0,2013-01-31,USD,0.0
RBI:FR_INV_INFLW_RN(1.0),N_A,M,N_A,INV_CAT_NPI_PORTF_INV_IND,2013,2012,0,2013-01-31,USD,75000000
RBI:FR_INV_INFLW_RN(1.0),N_A,M,N_A,INV_EQT,2013,2012,0,2013-01-31,USD,2248477425
RBI:FR_INV_INFLW_RN(1.0),N_A,M,N_A,INV_FDI_EQT,2013,2012,0,2013-01-31,USD,276163333
RBI:FR_INV_INFLW_RN(1.0),N_A,M,N_A,INV_FDI_OTH_CAP,2013,2012,0,2013-01-31,USD,176760000
RBI:FR_INV_INFLW_RN(1.0),N_A,M,N_A,INV_FDI_RE_INV_EAR,2013,2012,0,2013-01-31,USD,99100000
RBI:FR_INV_INFLW_RN(1.0),N_A,M,N_A,INV_FDI_RPTN_DINVT,2013,2012,0,2013-01-31,USD,531280000
RBI:FR_INV_INFLW_RN(1.0),N_A,M,N_A,INV_FII,2013,2012,0,2013-01-31,USD,8743474092
RBI:FR_INV_INFLW_RN(1.0),N_A,M,N_A,INV_OTH_CAP,2013,2012,0,2013-01-31,USD,193666667
RBI:FR_INV_INFLW_RN(1.0),N_A,M,N_A,INV_REP_EQT,2013,2012,0,2013-01-31,USD,618666667
RBI:FR_INV_INFLW_RN(1.0),N_A,M,N_A,INV_REP_OTH_CAP,2013,2012,0,2013-01-31,USD,12333333
RBI:FR_INV_INFLW_RN(1.0),N_A,M,N_A,INV_RE_INV_EAR,2013,2012,0,2013-01-31,USD,910633333
RBI:FR_INV_INFLW_RN(1.0),N_A,M,N_A,INV_RPTN_DINVT,2013,2012,0,2013-01-31,USD,631000000
RBI:FR_INV_INFLW_RN(1.0),N_A,M,N_A,EQT_ACQ_SHAR,2013,2012,0,2013-02-28,USD,329650000
RBI:FR_INV_INFLW_RN(1.0),N_A,M,N_A,EQT_CAP_UNINC_BOD,2013,2012,0,2013-02-28,USD,91000000
RBI:FR_INV_INFLW_RN(1.0),N_A,M,N_A,EQT_GOVT_SIA_FIPB,2013,2012,0,2013-02-28,USD,84220000
RBI:FR_INV_INFLW_RN(1.0),N_A,M,N_A,EQT_RBI,2013,2012,0,2013-02-28,USD,1381470000
RBI:FR_INV_INFLW_RN(1.0),N_A,M,N_A,INV_CAT_NET_FR_DIR_INV,2013,2012,0,2013-02-28,USD,2210046667
RBI:FR_INV_INFLW_RN(1.0),N_A,M,N_A,INV_CAT_NET_PORTF_INV,2013,2012,0,2013-02-28,USD,4101340000
RBI:FR_INV_INFLW_RN(1.0),N_A,M,N_A,INV_CAT_NFDI_DII_GROSS_INF_INV,2013,2012,0,2013-02-28,USD,2990640000
RBI:FR_INV_INFLW_RN(1.0),N_A,M,N_A,INV_CAT_NFDI_DI_IND,2013,2012,0,2013-02-28,USD,2359640000
RBI:FR_INV_INFLW_RN(1.0),N_A,M,N_A,INV_CAT_NFDI_FDII,2013,2012,0,2013-02-28,USD,149593333
RBI:FR_INV_INFLW_RN(1.0),N_A,M,N_A,INV_CAT_NPI_FII,2013,2012,0,2013-02-28,USD,4176340000
RBI:FR_INV_INFLW_RN(1.0),N_A,M,N_A,INV_CAT_NPI_GDR_ADR,2013,2012,0,2013-02-28,USD,0.0
RBI:FR_INV_INFLW_RN(1.0),N_A,M,N_A,INV_CAT_NPI_OFF_FND_OTH,2013,2012,0,2013-02-28,USD,0.0
RBI:FR_INV_INFLW_RN(1.0),N_A,M,N_A,INV_CAT_NPI_PORTF_INV_IND,2013,2012,0,2013-02-28,USD,75000000
RBI:FR_INV_INFLW_RN(1.0),N_A,M,N_A,INV_EQT,2013,2012,0,2013-02-28,USD,1886340000
RBI:FR_INV_INFLW_RN(1.0),N_A,M,N_A,INV_FDI_EQT,2013,2012,0,2013-02-28,USD,369753333
RBI:FR_INV_INFLW_RN(1.0),N_A,M,N_A,INV_FDI_OTH_CAP,2013,2012,0,2013-02-28,USD,212020000
RBI:FR_INV_INFLW_RN(1.0),N_A,M,N_A,INV_FDI_RE_INV_EAR,2013,2012,0,2013-02-28,USD,99100000
RBI:FR_INV_INFLW_RN(1.0),N_A,M,N_A,INV_FDI_RPTN_DINVT,2013,2012,0,2013-02-28,USD,531280000
RBI:FR_INV_INFLW_RN(1.0),N_A,M,N_A,INV_FII,2013,2012,0,2013-02-28,USD,6311386667
RBI:FR_INV_INFLW_RN(1.0),N_A,M,N_A,INV_OTH_CAP,2013,2012,0,2013-02-28,USD,193666667
RBI:FR_INV_INFLW_RN(1.0),N_A,M,N_A,INV_REP_EQT,2013,2012,0,2013-02-28,USD,618666667
RBI:FR_INV_INFLW_RN(1.0),N_A,M,N_A,INV_REP_OTH_CAP,2013,2012,0,2013-02-28,USD,12333333
RBI:FR_INV_INFLW_RN(1.0),N_A,M,N_A,INV_RE_INV_EAR,2013,2012,0,2013-02-28,USD,910633333
RBI:FR_INV_INFLW_RN(1.0),N_A,M,N_A,INV_RPTN_DINVT,2013,2012,0,2013-02-28,USD,631000000
RBI:FR_INV_INFLW_RN(1.0),N_A,M,N_A,EQT_ACQ_SHAR,2013,2012,0,2013-03-31,USD,502785200
RBI:FR_INV_INFLW_RN(1.0),N_A,M,N_A,EQT_CAP_UNINC_BOD,2013,2012,0,2013-03-31,USD,91000000
RBI:FR_INV_INFLW_RN(1.0),N_A,M,N_A,EQT_GOVT_SIA_FIPB,2013,2012,0,2013-03-31,USD,13736340
RBI:FR_INV_INFLW_RN(1.0),N_A,M,N_A,EQT_RBI,2013,2012,0,2013-03-31,USD,1008480900
RBI:FR_INV_INFLW_RN(1.0),N_A,M,N_A,INV_CAT_NET_FR_DIR_INV,2013,2012,0,2013-03-31,USD,821949107
RBI:FR_INV_INFLW_RN(1.0),N_A,M,N_A,INV_CAT_NET_PORTF_INV,2013,2012,0,2013-03-31,USD,1170840000
RBI:FR_INV_INFLW_RN(1.0),N_A,M,N_A,INV_CAT_NFDI_DII_GROSS_INF_INV,2013,2012,0,2013-03-31,USD,2720302440
RBI:FR_INV_INFLW_RN(1.0),N_A,M,N_A,INV_CAT_NFDI_DI_IND,2013,2012,0,2013-03-31,USD,2089302440
RBI:FR_INV_INFLW_RN(1.0),N_A,M,N_A,INV_CAT_NFDI_FDII,2013,2012,0,2013-03-31,USD,1267353333
RBI:FR_INV_INFLW_RN(1.0),N_A,M,N_A,INV_CAT_NPI_FII,2013,2012,0,2013-03-31,USD,1245840000
RBI:FR_INV_INFLW_RN(1.0),N_A,M,N_A,INV_CAT_NPI_GDR_ADR,2013,2012,0,2013-03-31,USD,0.0
RBI:FR_INV_INFLW_RN(1.0),N_A,M,N_A,INV_CAT_NPI_OFF_FND_OTH,2013,2012,0,2013-03-31,USD,0.0
RBI:FR_INV_INFLW_RN(1.0),N_A,M,N_A,INV_CAT_NPI_PORTF_INV_IND,2013,2012,0,2013-03-31,USD,75000000
RBI:FR_INV_INFLW_RN(1.0),N_A,M,N_A,INV_EQT,2013,2012,0,2013-03-31,USD,1616002440
RBI:FR_INV_INFLW_RN(1.0),N_A,M,N_A,INV_FDI_EQT,2013,2012,0,2013-03-31,USD,1419673333
RBI:FR_INV_INFLW_RN(1.0),N_A,M,N_A,INV_FDI_OTH_CAP,2013,2012,0,2013-03-31,USD,279860000
RBI:FR_INV_INFLW_RN(1.0),N_A,M,N_A,INV_FDI_RE_INV_EAR,2013,2012,0,2013-03-31,USD,99100000
RBI:FR_INV_INFLW_RN(1.0),N_A,M,N_A,INV_FDI_RPTN_DINVT,2013,2012,0,2013-03-31,USD,531280000
RBI:FR_INV_INFLW_RN(1.0),N_A,M,N_A,INV_FII,2013,2012,0,2013-03-31,USD,1992789107
RBI:FR_INV_INFLW_RN(1.0),N_A,M,N_A,INV_OTH_CAP,2013,2012,0,2013-03-31,USD,193666667
RBI:FR_INV_INFLW_RN(1.0),N_A,M,N_A,INV_REP_EQT,2013,2012,0,2013-03-31,USD,618666667
RBI:FR_INV_INFLW_RN(1.0),N_A,M,N_A,INV_REP_OTH_CAP,2013,2012,0,2013-03-31,USD,12333333
RBI:FR_INV_INFLW_RN(1.0),N_A,M,N_A,INV_RE_INV_EAR,2013,2012,0,2013-03-31,USD,910633333
RBI:FR_INV_INFLW_RN(1.0),N_A,M,N_A,INV_RPTN_DINVT,2013,2012,0,2013-03-31,USD,631000000
RBI:FR_INV_INFLW_RN(1.0),N_A,M,N_A,EQT_ACQ_SHAR,2014,2013,0,2013-04-30,USD,1376794089
RBI:FR_INV_INFLW_RN(1.0),N_A,M,N_A,EQT_CAP_UNINC_BOD,2014,2013,0,2013-04-30,USD,74333333
RBI:FR_INV_INFLW_RN(1.0),N_A,M,N_A,EQT_GOVT_SIA_FIPB,2014,2013,0,2013-04-30,USD,108306089
RBI:FR_INV_INFLW_RN(1.0),N_A,M,N_A,EQT_RBI,2014,2013,0,2013-04-30,USD,836304918
RBI:FR_INV_INFLW_RN(1.0),N_A,M,N_A,INV_CAT_NET_FR_DIR_INV,2014,2013,0,2013-04-30,USD,2788039291
RBI:FR_INV_INFLW_RN(1.0),N_A,M,N_A,INV_CAT_NET_PORTF_INV,2014,2013,0,2013-04-30,USD,1621125923
RBI:FR_INV_INFLW_RN(1.0),N_A,M,N_A,INV_CAT_NFDI_DII_GROSS_INF_INV,2014,2013,0,2013-04-30,USD,3232433245
RBI:FR_INV_INFLW_RN(1.0),N_A,M,N_A,INV_CAT_NFDI_DI_IND,2014,2013,0,2013-04-30,USD,2681502936
RBI:FR_INV_INFLW_RN(1.0),N_A,M,N_A,INV_CAT_NFDI_FDII,2014,2013,0,2013-04-30,USD,-106536355
RBI:FR_INV_INFLW_RN(1.0),N_A,M,N_A,INV_CAT_NPI_FII,2014,2013,0,2013-04-30,USD,1542000000
RBI:FR_INV_INFLW_RN(1.0),N_A,M,N_A,INV_CAT_NPI_GDR_ADR,2014,2013,0,2013-04-30,USD,0.0
RBI:FR_INV_INFLW_RN(1.0),N_A,M,N_A,INV_CAT_NPI_OFF_FND_OTH,2014,2013,0,2013-04-30,USD,0.0
RBI:FR_INV_INFLW_RN(1.0),N_A,M,N_A,INV_CAT_NPI_PORTF_INV_IND,2014,2013,0,2013-04-30,USD,-79125923
RBI:FR_INV_INFLW_RN(1.0),N_A,M,N_A,INV_EQT,2014,2013,0,2013-04-30,USD,2395738430
RBI:FR_INV_INFLW_RN(1.0),N_A,M,N_A,INV_FDI_EQT,2014,2013,0,2013-04-30,USD,401136667
RBI:FR_INV_INFLW_RN(1.0),N_A,M,N_A,INV_FDI_OTH_CAP,2014,2013,0,2013-04-30,USD,186030000
RBI:FR_INV_INFLW_RN(1.0),N_A,M,N_A,INV_FDI_RE_INV_EAR,2014,2013,0,2013-04-30,USD,92000000
RBI:FR_INV_INFLW_RN(1.0),N_A,M,N_A,INV_FDI_RPTN_DINVT,2014,2013,0,2013-04-30,USD,785703022
RBI:FR_INV_INFLW_RN(1.0),N_A,M,N_A,INV_FII,2014,2013,0,2013-04-30,USD,4409165215
RBI:FR_INV_INFLW_RN(1.0),N_A,M,N_A,INV_OTH_CAP,2014,2013,0,2013-04-30,USD,150333333
RBI:FR_INV_INFLW_RN(1.0),N_A,M,N_A,INV_REP_EQT,2014,2013,0,2013-04-30,USD,508596976
RBI:FR_INV_INFLW_RN(1.0),N_A,M,N_A,INV_REP_OTH_CAP,2014,2013,0,2013-04-30,USD,42333333
RBI:FR_INV_INFLW_RN(1.0),N_A,M,N_A,INV_RE_INV_EAR,2014,2013,0,2013-04-30,USD,686361482
RBI:FR_INV_INFLW_RN(1.0),N_A,M,N_A,INV_RPTN_DINVT,2014,2013,0,2013-04-30,USD,550930309
RBI:FR_INV_INFLW_RN(1.0),N_A,M,N_A,EQT_ACQ_SHAR,2014,2013,0,2013-05-31,USD,252792864
RBI:FR_INV_INFLW_RN(1.0),N_A,M,N_A,EQT_CAP_UNINC_BOD,2014,2013,0,2013-05-31,USD,74333333
RBI:FR_INV_INFLW_RN(1.0),N_A,M,N_A,EQT_GOVT_SIA_FIPB,2014,2013,0,2013-05-31,USD,189145373
RBI:FR_INV_INFLW_RN(1.0),N_A,M,N_A,EQT_RBI,2014,2013,0,2013-05-31,USD,1189300086
RBI:FR_INV_INFLW_RN(1.0),N_A,M,N_A,INV_CAT_NET_FR_DIR_INV,2014,2013,0,2013-05-31,USD,1865722518
RBI:FR_INV_INFLW_RN(1.0),N_A,M,N_A,INV_CAT_NET_PORTF_INV,2014,2013,0,2013-05-31,USD,6782125923
RBI:FR_INV_INFLW_RN(1.0),N_A,M,N_A,INV_CAT_NFDI_DII_GROSS_INF_INV,2014,2013,0,2013-05-31,USD,2542266472
RBI:FR_INV_INFLW_RN(1.0),N_A,M,N_A,INV_CAT_NFDI_DI_IND,2014,2013,0,2013-05-31,USD,1991336163
RBI:FR_INV_INFLW_RN(1.0),N_A,M,N_A,INV_CAT_NFDI_FDII,2014,2013,0,2013-05-31,USD,125613645
RBI:FR_INV_INFLW_RN(1.0),N_A,M,N_A,INV_CAT_NPI_FII,2014,2013,0,2013-05-31,USD,6703000000
RBI:FR_INV_INFLW_RN(1.0),N_A,M,N_A,INV_CAT_NPI_GDR_ADR,2014,2013,0,2013-05-31,USD,0.0
RBI:FR_INV_INFLW_RN(1.0),N_A,M,N_A,INV_CAT_NPI_OFF_FND_OTH,2014,2013,0,2013-05-31,USD,0.0
RBI:FR_INV_INFLW_RN(1.0),N_A,M,N_A,INV_CAT_NPI_PORTF_INV_IND,2014,2013,0,2013-05-31,USD,-79125923
RBI:FR_INV_INFLW_RN(1.0),N_A,M,N_A,INV_EQT,2014,2013,0,2013-05-31,USD,1705571657
RBI:FR_INV_INFLW_RN(1.0),N_A,M,N_A,INV_FDI_EQT,2014,2013,0,2013-05-31,USD,403206667
RBI:FR_INV_INFLW_RN(1.0),N_A,M,N_A,INV_FDI_OTH_CAP,2014,2013,0,2013-05-31,USD,416110000
RBI:FR_INV_INFLW_RN(1.0),N_A,M,N_A,INV_FDI_RE_INV_EAR,2014,2013,0,2013-05-31,USD,92000000
RBI:FR_INV_INFLW_RN(1.0),N_A,M,N_A,INV_FDI_RPTN_DINVT,2014,2013,0,2013-05-31,USD,785703022
RBI:FR_INV_INFLW_RN(1.0),N_A,M,N_A,INV_FII,2014,2013,0,2013-05-31,USD,8647848441
RBI:FR_INV_INFLW_RN(1.0),N_A,M,N_A,INV_OTH_CAP,2014,2013,0,2013-05-31,USD,150333333
RBI:FR_INV_INFLW_RN(1.0),N_A,M,N_A,INV_REP_EQT,2014,2013,0,2013-05-31,USD,508596976
RBI:FR_INV_INFLW_RN(1.0),N_A,M,N_A,INV_REP_OTH_CAP,2014,2013,0,2013-05-31,USD,42333333
RBI:FR_INV_INFLW_RN(1.0),N_A,M,N_A,INV_RE_INV_EAR,2014,2013,0,2013-05-31,USD,686361482
RBI:FR_INV_INFLW_RN(1.0),N_A,M,N_A,INV_RPTN_DINVT,2014,2013,0,2013-05-31,USD,550930309
RBI:FR_INV_INFLW_RN(1.0),N_A,M,N_A,EQT_ACQ_SHAR,2014,2013,0,2013-06-30,USD,431546872
RBI:FR_INV_INFLW_RN(1.0),N_A,M,N_A,EQT_CAP_UNINC_BOD,2014,2013,0,2013-06-30,USD,74333333
RBI:FR_INV_INFLW_RN(1.0),N_A,M,N_A,EQT_GOVT_SIA_FIPB,2014,2013,0,2013-06-30,USD,131994812
RBI:FR_INV_INFLW_RN(1.0),N_A,M,N_A,EQT_RBI,2014,2013,0,2013-06-30,USD,880464412
RBI:FR_INV_INFLW_RN(1.0),N_A,M,N_A,INV_CAT_NET_FR_DIR_INV,2014,2013,0,2013-06-30,USD,1834660291
RBI:FR_INV_INFLW_RN(1.0),N_A,M,N_A,INV_CAT_NET_PORTF_INV,2014,2013,0,2013-06-30,USD,-8627874077
RBI:FR_INV_INFLW_RN(1.0),N_A,M,N_A,INV_CAT_NFDI_DII_GROSS_INF_INV,2014,2013,0,2013-06-30,USD,2355034245
RBI:FR_INV_INFLW_RN(1.0),N_A,M,N_A,INV_CAT_NFDI_DI_IND,2014,2013,0,2013-06-30,USD,1804103936
RBI:FR_INV_INFLW_RN(1.0),N_A,M,N_A,INV_CAT_NFDI_FDII,2014,2013,0,2013-06-30,USD,-30556355
RBI:FR_INV_INFLW_RN(1.0),N_A,M,N_A,INV_CAT_NPI_FII,2014,2013,0,2013-06-30,USD,-8727000000
RBI:FR_INV_INFLW_RN(1.0),N_A,M,N_A,INV_CAT_NPI_GDR_ADR,2014,2013,0,2013-06-30,USD,20000000
RBI:FR_INV_INFLW_RN(1.0),N_A,M,N_A,INV_CAT_NPI_OFF_FND_OTH,2014,2013,0,2013-06-30,USD,0.0
RBI:FR_INV_INFLW_RN(1.0),N_A,M,N_A,INV_CAT_NPI_PORTF_INV_IND,2014,2013,0,2013-06-30,USD,-79125923
RBI:FR_INV_INFLW_RN(1.0),N_A,M,N_A,INV_EQT,2014,2013,0,2013-06-30,USD,1518339430
RBI:FR_INV_INFLW_RN(1.0),N_A,M,N_A,INV_FDI_EQT,2014,2013,0,2013-06-30,USD,286946667
RBI:FR_INV_INFLW_RN(1.0),N_A,M,N_A,INV_FDI_OTH_CAP,2014,2013,0,2013-06-30,USD,376200000
RBI:FR_INV_INFLW_RN(1.0),N_A,M,N_A,INV_FDI_RE_INV_EAR,2014,2013,0,2013-06-30,USD,92000000
RBI:FR_INV_INFLW_RN(1.0),N_A,M,N_A,INV_FDI_RPTN_DINVT,2014,2013,0,2013-06-30,USD,785703022
RBI:FR_INV_INFLW_RN(1.0),N_A,M,N_A,INV_FII,2014,2013,0,2013-06-30,USD,-6793213785
RBI:FR_INV_INFLW_RN(1.0),N_A,M,N_A,INV_OTH_CAP,2014,2013,0,2013-06-30,USD,150333333
RBI:FR_INV_INFLW_RN(1.0),N_A,M,N_A,INV_REP_EQT,2014,2013,0,2013-06-30,USD,508596976
RBI:FR_INV_INFLW_RN(1.0),N_A,M,N_A,INV_REP_OTH_CAP,2014,2013,0,2013-06-30,USD,42333333
RBI:FR_INV_INFLW_RN(1.0),N_A,M,N_A,INV_RE_INV_EAR,2014,2013,0,2013-06-30,USD,686361482
RBI:FR_INV_INFLW_RN(1.0),N_A,M,N_A,INV_RPTN_DINVT,2014,2013,0,2013-06-30,USD,550930309
RBI:FR_INV_INFLW_RN(1.0),N_A,M,N_A,EQT_ACQ_SHAR,2014,2013,0,2013-07-31,USD,374416231
RBI:FR_INV_INFLW_RN(1.0),N_A,M,N_A,EQT_CAP_UNINC_BOD,2014,2013,0,2013-07-31,USD,75666667
RBI:FR_INV_INFLW_RN(1.0),N_A,M,N_A,EQT_GOVT_SIA_FIPB,2014,2013,0,2013-07-31,USD,69239185
RBI:FR_INV_INFLW_RN(1.0),N_A,M,N_A,EQT_RBI,2014,2013,0,2013-07-31,USD,1212960014
RBI:FR_INV_INFLW_RN(1.0),N_A,M,N_A,INV_CAT_NET_FR_DIR_INV,2014,2013,0,2013-07-31,USD,1930254117
RBI:FR_INV_INFLW_RN(1.0),N_A,M,N_A,INV_CAT_NET_PORTF_INV,2014,2013,0,2013-07-31,USD,-4715543467
RBI:FR_INV_INFLW_RN(1.0),N_A,M,N_A,INV_CAT_NFDI_DII_GROSS_INF_INV,2014,2013,0,2013-07-31,USD,2519362097
RBI:FR_INV_INFLW_RN(1.0),N_A,M,N_A,INV_CAT_NFDI_DI_IND,2014,2013,0,2013-07-31,USD,2166851529
RBI:FR_INV_INFLW_RN(1.0),N_A,M,N_A,INV_CAT_NFDI_FDII,2014,2013,0,2013-07-31,USD,236597412
RBI:FR_INV_INFLW_RN(1.0),N_A,M,N_A,INV_CAT_NPI_FII,2014,2013,0,2013-07-31,USD,-4703030000
RBI:FR_INV_INFLW_RN(1.0),N_A,M,N_A,INV_CAT_NPI_GDR_ADR,2014,2013,0,2013-07-31,USD,0.0
RBI:FR_INV_INFLW_RN(1.0),N_A,M,N_A,INV_CAT_NPI_OFF_FND_OTH,2014,2013,0,2013-07-31,USD,0.0
RBI:FR_INV_INFLW_RN(1.0),N_A,M,N_A,INV_CAT_NPI_PORTF_INV_IND,2014,2013,0,2013-07-31,USD,12513467
RBI:FR_INV_INFLW_RN(1.0),N_A,M,N_A,INV_EQT,2014,2013,0,2013-07-31,USD,1732282097
RBI:FR_INV_INFLW_RN(1.0),N_A,M,N_A,INV_FDI_EQT,2014,2013,0,2013-07-31,USD,241366667
RBI:FR_INV_INFLW_RN(1.0),N_A,M,N_A,INV_FDI_OTH_CAP,2014,2013,0,2013-07-31,USD,308570000
RBI:FR_INV_INFLW_RN(1.0),N_A,M,N_A,INV_FDI_RE_INV_EAR,2014,2013,0,2013-07-31,USD,99000000
RBI:FR_INV_INFLW_RN(1.0),N_A,M,N_A,INV_FDI_RPTN_DINVT,2014,2013,0,2013-07-31,USD,412339255
RBI:FR_INV_INFLW_RN(1.0),N_A,M,N_A,INV_FII,2014,2013,0,2013-07-31,USD,-2785289350
RBI:FR_INV_INFLW_RN(1.0),N_A,M,N_A,INV_OTH_CAP,2014,2013,0,2013-07-31,USD,91080000
RBI:FR_INV_INFLW_RN(1.0),N_A,M,N_A,INV_REP_EQT,2014,2013,0,2013-07-31,USD,284083429
RBI:FR_INV_INFLW_RN(1.0),N_A,M,N_A,INV_REP_OTH_CAP,2014,2013,0,2013-07-31,USD,68427140
RBI:FR_INV_INFLW_RN(1.0),N_A,M,N_A,INV_RE_INV_EAR,2014,2013,0,2013-07-31,USD,696000000
RBI:FR_INV_INFLW_RN(1.0),N_A,M,N_A,INV_RPTN_DINVT,2014,2013,0,2013-07-31,USD,352510568
RBI:FR_INV_INFLW_RN(1.0),N_A,M,N_A,EQT_ACQ_SHAR,2014,2013,0,2013-08-31,USD,461530000
RBI:FR_INV_INFLW_RN(1.0),N_A,M,N_A,EQT_CAP_UNINC_BOD,2014,2013,0,2013-08-31,USD,75666667
RBI:FR_INV_INFLW_RN(1.0),N_A,M,N_A,EQT_GOVT_SIA_FIPB,2014,2013,0,2013-08-31,USD,156000000
RBI:FR_INV_INFLW_RN(1.0),N_A,M,N_A,EQT_RBI,2014,2013,0,2013-08-31,USD,790340000
RBI:FR_INV_INFLW_RN(1.0),N_A,M,N_A,INV_CAT_NET_FR_DIR_INV,2014,2013,0,2013-08-31,USD,1660598686
RBI:FR_INV_INFLW_RN(1.0),N_A,M,N_A,INV_CAT_NET_PORTF_INV,2014,2013,0,2013-08-31,USD,-2030843467
RBI:FR_INV_INFLW_RN(1.0),N_A,M,N_A,INV_CAT_NFDI_DII_GROSS_INF_INV,2014,2013,0,2013-08-31,USD,2270616667
RBI:FR_INV_INFLW_RN(1.0),N_A,M,N_A,INV_CAT_NFDI_DI_IND,2014,2013,0,2013-08-31,USD,1918106098
RBI:FR_INV_INFLW_RN(1.0),N_A,M,N_A,INV_CAT_NFDI_FDII,2014,2013,0,2013-08-31,USD,257507412
RBI:FR_INV_INFLW_RN(1.0),N_A,M,N_A,INV_CAT_NPI_FII,2014,2013,0,2013-08-31,USD,-2018330000
RBI:FR_INV_INFLW_RN(1.0),N_A,M,N_A,INV_CAT_NPI_GDR_ADR,2014,2013,0,2013-08-31,USD,0.0
RBI:FR_INV_INFLW_RN(1.0),N_A,M,N_A,INV_CAT_NPI_OFF_FND_OTH,2014,2013,0,2013-08-31,USD,0.0
RBI:FR_INV_INFLW_RN(1.0),N_A,M,N_A,INV_CAT_NPI_PORTF_INV_IND,2014,2013,0,2013-08-31,USD,12513467
RBI:FR_INV_INFLW_RN(1.0),N_A,M,N_A,INV_EQT,2014,2013,0,2013-08-31,USD,1483536667
RBI:FR_INV_INFLW_RN(1.0),N_A,M,N_A,INV_FDI_EQT,2014,2013,0,2013-08-31,USD,218776667
RBI:FR_INV_INFLW_RN(1.0),N_A,M,N_A,INV_FDI_OTH_CAP,2014,2013,0,2013-08-31,USD,352070000
RBI:FR_INV_INFLW_RN(1.0),N_A,M,N_A,INV_FDI_RE_INV_EAR,2014,2013,0,2013-08-31,USD,99000000
RBI:FR_INV_INFLW_RN(1.0),N_A,M,N_A,INV_FDI_RPTN_DINVT,2014,2013,0,2013-08-31,USD,412339255
RBI:FR_INV_INFLW_RN(1.0),N_A,M,N_A,INV_FII,2014,2013,0,2013-08-31,USD,-370244780
RBI:FR_INV_INFLW_RN(1.0),N_A,M,N_A,INV_OTH_CAP,2014,2013,0,2013-08-31,USD,91080000
RBI:FR_INV_INFLW_RN(1.0),N_A,M,N_A,INV_REP_EQT,2014,2013,0,2013-08-31,USD,284083429
RBI:FR_INV_INFLW_RN(1.0),N_A,M,N_A,INV_REP_OTH_CAP,2014,2013,0,2013-08-31,USD,68427140
RBI:FR_INV_INFLW_RN(1.0),N_A,M,N_A,INV_RE_INV_EAR,2014,2013,0,2013-08-31,USD,696000000
RBI:FR_INV_INFLW_RN(1.0),N_A,M,N_A,INV_RPTN_DINVT,2014,2013,0,2013-08-31,USD,352510568
RBI:FR_INV_INFLW_RN(1.0),N_A,M,N_A,EQT_ACQ_SHAR,2014,2013,0,2013-09-30,USD,3349412190
RBI:FR_INV_INFLW_RN(1.0),N_A,M,N_A,EQT_CAP_UNINC_BOD,2014,2013,0,2013-09-30,USD,75666667
RBI:FR_INV_INFLW_RN(1.0),N_A,M,N_A,EQT_GOVT_SIA_FIPB,2014,2013,0,2013-09-30,USD,9972848.0
RBI:FR_INV_INFLW_RN(1.0),N_A,M,N_A,EQT_RBI,2014,2013,0,2013-09-30,USD,774013248
RBI:FR_INV_INFLW_RN(1.0),N_A,M,N_A,INV_CAT_NET_FR_DIR_INV,2014,2013,0,2013-09-30,USD,4510566972
RBI:FR_INV_INFLW_RN(1.0),N_A,M,N_A,INV_CAT_NET_PORTF_INV,2014,2013,0,2013-09-30,USD,144776533
RBI:FR_INV_INFLW_RN(1.0),N_A,M,N_A,INV_CAT_NFDI_DII_GROSS_INF_INV,2014,2013,0,2013-09-30,USD,4996144953
RBI:FR_INV_INFLW_RN(1.0),N_A,M,N_A,INV_CAT_NFDI_DI_IND,2014,2013,0,2013-09-30,USD,4643634384
RBI:FR_INV_INFLW_RN(1.0),N_A,M,N_A,INV_CAT_NFDI_FDII,2014,2013,0,2013-09-30,USD,133067411.99999999
RBI:FR_INV_INFLW_RN(1.0),N_A,M,N_A,INV_CAT_NPI_FII,2014,2013,0,2013-09-30,USD,157290000
RBI:FR_INV_INFLW_RN(1.0),N_A,M,N_A,INV_CAT_NPI_GDR_ADR,2014,2013,0,2013-09-30,USD,0.0
RBI:FR_INV_INFLW_RN(1.0),N_A,M,N_A,INV_CAT_NPI_OFF_FND_OTH,2014,2013,0,2013-09-30,USD,0.0
RBI:FR_INV_INFLW_RN(1.0),N_A,M,N_A,INV_CAT_NPI_PORTF_INV_IND,2014,2013,0,2013-09-30,USD,12513467
RBI:FR_INV_INFLW_RN(1.0),N_A,M,N_A,INV_EQT,2014,2013,0,2013-09-30,USD,4209064953
RBI:FR_INV_INFLW_RN(1.0),N_A,M,N_A,INV_FDI_EQT,2014,2013,0,2013-09-30,USD,264456666.99999997
RBI:FR_INV_INFLW_RN(1.0),N_A,M,N_A,INV_FDI_OTH_CAP,2014,2013,0,2013-09-30,USD,181950000
RBI:FR_INV_INFLW_RN(1.0),N_A,M,N_A,INV_FDI_RE_INV_EAR,2014,2013,0,2013-09-30,USD,99000000
RBI:FR_INV_INFLW_RN(1.0),N_A,M,N_A,INV_FDI_RPTN_DINVT,2014,2013,0,2013-09-30,USD,412339255
RBI:FR_INV_INFLW_RN(1.0),N_A,M,N_A,INV_FII,2014,2013,0,2013-09-30,USD,4655343506
RBI:FR_INV_INFLW_RN(1.0),N_A,M,N_A,INV_OTH_CAP,2014,2013,0,2013-09-30,USD,91080000
RBI:FR_INV_INFLW_RN(1.0),N_A,M,N_A,INV_REP_EQT,2014,2013,0,2013-09-30,USD,284083429
RBI:FR_INV_INFLW_RN(1.0),N_A,M,N_A,INV_REP_OTH_CAP,2014,2013,0,2013-09-30,USD,68427140
RBI:FR_INV_INFLW_RN(1.0),N_A,M,N_A,INV_RE_INV_EAR,2014,2013,0,2013-09-30,USD,696000000
RBI:FR_INV_INFLW_RN(1.0),N_A,M,N_A,INV_RPTN_DINVT,2014,2013,0,2013-09-30,USD,352510568
RBI:FR_INV_INFLW_RN(1.0),N_A,M,N_A,EQT_ACQ_SHAR,2014,2013,0,2013-10-31,USD,322988883
RBI:FR_INV_INFLW_RN(1.0),N_A,M,N_A,EQT_CAP_UNINC_BOD,2014,2013,0,2013-10-31,USD,86000000
RBI:FR_INV_INFLW_RN(1.0),N_A,M,N_A,EQT_GOVT_SIA_FIPB,2014,2013,0,2013-10-31,USD,88586069
RBI:FR_INV_INFLW_RN(1.0),N_A,M,N_A,EQT_RBI,2014,2013,0,2013-10-31,USD,814679317
RBI:FR_INV_INFLW_RN(1.0),N_A,M,N_A,INV_CAT_NET_FR_DIR_INV,2014,2013,0,2013-10-31,USD,2039669432
RBI:FR_INV_INFLW_RN(1.0),N_A,M,N_A,INV_CAT_NET_PORTF_INV,2014,2013,0,2013-10-31,USD,-414029103
RBI:FR_INV_INFLW_RN(1.0),N_A,M,N_A,INV_CAT_NFDI_DII_GROSS_INF_INV,2014,2013,0,2013-10-31,USD,2300254269
RBI:FR_INV_INFLW_RN(1.0),N_A,M,N_A,INV_CAT_NFDI_DI_IND,2014,2013,0,2013-10-31,USD,1830195271
RBI:FR_INV_INFLW_RN(1.0),N_A,M,N_A,INV_CAT_NFDI_FDII,2014,2013,0,2013-10-31,USD,-209474161
RBI:FR_INV_INFLW_RN(1.0),N_A,M,N_A,INV_CAT_NPI_FII,2014,2013,0,2013-10-31,USD,-366150000
RBI:FR_INV_INFLW_RN(1.0),N_A,M,N_A,INV_CAT_NPI_GDR_ADR,2014,2013,0,2013-10-31,USD,0.0
RBI:FR_INV_INFLW_RN(1.0),N_A,M,N_A,INV_CAT_NPI_OFF_FND_OTH,2014,2013,0,2013-10-31,USD,0.0
RBI:FR_INV_INFLW_RN(1.0),N_A,M,N_A,INV_CAT_NPI_PORTF_INV_IND,2014,2013,0,2013-10-31,USD,47879103
RBI:FR_INV_INFLW_RN(1.0),N_A,M,N_A,INV_EQT,2014,2013,0,2013-10-31,USD,1312254269
RBI:FR_INV_INFLW_RN(1.0),N_A,M,N_A,INV_FDI_EQT,2014,2013,0,2013-10-31,USD,346610000
RBI:FR_INV_INFLW_RN(1.0),N_A,M,N_A,INV_FDI_OTH_CAP,2014,2013,0,2013-10-31,USD,178740000
RBI:FR_INV_INFLW_RN(1.0),N_A,M,N_A,INV_FDI_RE_INV_EAR,2014,2013,0,2013-10-31,USD,99000000
RBI:FR_INV_INFLW_RN(1.0),N_A,M,N_A,INV_FDI_RPTN_DINVT,2014,2013,0,2013-10-31,USD,833824161
RBI:FR_INV_INFLW_RN(1.0),N_A,M,N_A,INV_FII,2014,2013,0,2013-10-31,USD,1625640329
RBI:FR_INV_INFLW_RN(1.0),N_A,M,N_A,INV_OTH_CAP,2014,2013,0,2013-10-31,USD,196666667
RBI:FR_INV_INFLW_RN(1.0),N_A,M,N_A,INV_REP_EQT,2014,2013,0,2013-10-31,USD,441411601
RBI:FR_INV_INFLW_RN(1.0),N_A,M,N_A,INV_REP_OTH_CAP,2014,2013,0,2013-10-31,USD,28647398
RBI:FR_INV_INFLW_RN(1.0),N_A,M,N_A,INV_RE_INV_EAR,2014,2013,0,2013-10-31,USD,791333333
RBI:FR_INV_INFLW_RN(1.0),N_A,M,N_A,INV_RPTN_DINVT,2014,2013,0,2013-10-31,USD,470058998
RBI:FR_INV_INFLW_RN(1.0),N_A,M,N_A,EQT_ACQ_SHAR,2014,2013,0,2013-11-30,USD,66237651
RBI:FR_INV_INFLW_RN(1.0),N_A,M,N_A,EQT_CAP_UNINC_BOD,2014,2013,0,2013-11-30,USD,86000000
RBI:FR_INV_INFLW_RN(1.0),N_A,M,N_A,EQT_GOVT_SIA_FIPB,2014,2013,0,2013-11-30,USD,258953920.99999997
RBI:FR_INV_INFLW_RN(1.0),N_A,M,N_A,EQT_RBI,2014,2013,0,2013-11-30,USD,1312434583
RBI:FR_INV_INFLW_RN(1.0),N_A,M,N_A,INV_CAT_NET_FR_DIR_INV,2014,2013,0,2013-11-30,USD,2164981317
RBI:FR_INV_INFLW_RN(1.0),N_A,M,N_A,INV_CAT_NET_PORTF_INV,2014,2013,0,2013-11-30,USD,-82539103
RBI:FR_INV_INFLW_RN(1.0),N_A,M,N_A,INV_CAT_NFDI_DII_GROSS_INF_INV,2014,2013,0,2013-11-30,USD,2711626155
RBI:FR_INV_INFLW_RN(1.0),N_A,M,N_A,INV_CAT_NFDI_DI_IND,2014,2013,0,2013-11-30,USD,2241567157
RBI:FR_INV_INFLW_RN(1.0),N_A,M,N_A,INV_CAT_NFDI_FDII,2014,2013,0,2013-11-30,USD,76585839
RBI:FR_INV_INFLW_RN(1.0),N_A,M,N_A,INV_CAT_NPI_FII,2014,2013,0,2013-11-30,USD,-34660000
RBI:FR_INV_INFLW_RN(1.0),N_A,M,N_A,INV_CAT_NPI_GDR_ADR,2014,2013,0,2013-11-30,USD,0.0
RBI:FR_INV_INFLW_RN(1.0),N_A,M,N_A,INV_CAT_NPI_OFF_FND_OTH,2014,2013,0,2013-11-30,USD,0.0
RBI:FR_INV_INFLW_RN(1.0),N_A,M,N_A,INV_CAT_NPI_PORTF_INV_IND,2014,2013,0,2013-11-30,USD,47879103
RBI:FR_INV_INFLW_RN(1.0),N_A,M,N_A,INV_EQT,2014,2013,0,2013-11-30,USD,1723626155
RBI:FR_INV_INFLW_RN(1.0),N_A,M,N_A,INV_FDI_EQT,2014,2013,0,2013-11-30,USD,544940000
RBI:FR_INV_INFLW_RN(1.0),N_A,M,N_A,INV_FDI_OTH_CAP,2014,2013,0,2013-11-30,USD,266470000.00000003
RBI:FR_INV_INFLW_RN(1.0),N_A,M,N_A,INV_FDI_RE_INV_EAR,2014,2013,0,2013-11-30,USD,99000000
RBI:FR_INV_INFLW_RN(1.0),N_A,M,N_A,INV_FDI_RPTN_DINVT,2014,2013,0,2013-11-30,USD,833824161
RBI:FR_INV_INFLW_RN(1.0),N_A,M,N_A,INV_FII,2014,2013,0,2013-11-30,USD,2082442214.0000002
RBI:FR_INV_INFLW_RN(1.0),N_A,M,N_A,INV_OTH_CAP,2014,2013,0,2013-11-30,USD,196666667
RBI:FR_INV_INFLW_RN(1.0),N_A,M,N_A,INV_REP_EQT,2014,2013,0,2013-11-30,USD,441411601
RBI:FR_INV_INFLW_RN(1.0),N_A,M,N_A,INV_REP_OTH_CAP,2014,2013,0,2013-11-30,USD,28647398
RBI:FR_INV_INFLW_RN(1.0),N_A,M,N_A,INV_RE_INV_EAR,2014,2013,0,2013-11-30,USD,791333333
RBI:FR_INV_INFLW_RN(1.0),N_A,M,N_A,INV_RPTN_DINVT,2014,2013,0,2013-11-30,USD,470058998
RBI:FR_INV_INFLW_RN(1.0),N_A,M,N_A,EQT_ACQ_SHAR,2014,2013,0,2013-12-31,USD,139768342
RBI:FR_INV_INFLW_RN(1.0),N_A,M,N_A,EQT_CAP_UNINC_BOD,2014,2013,0,2013-12-31,USD,86000000
RBI:FR_INV_INFLW_RN(1.0),N_A,M,N_A,EQT_GOVT_SIA_FIPB,2014,2013,0,2013-12-31,USD,42731016
RBI:FR_INV_INFLW_RN(1.0),N_A,M,N_A,EQT_RBI,2014,2013,0,2013-12-31,USD,918860674
RBI:FR_INV_INFLW_RN(1.0),N_A,M,N_A,INV_CAT_NET_FR_DIR_INV,2014,2013,0,2013-12-31,USD,1860885195
RBI:FR_INV_INFLW_RN(1.0),N_A,M,N_A,INV_CAT_NET_PORTF_INV,2014,2013,0,2013-12-31,USD,2886610897
RBI:FR_INV_INFLW_RN(1.0),N_A,M,N_A,INV_CAT_NFDI_DII_GROSS_INF_INV,2014,2013,0,2013-12-31,USD,2175360032
RBI:FR_INV_INFLW_RN(1.0),N_A,M,N_A,INV_CAT_NFDI_DI_IND,2014,2013,0,2013-12-31,USD,1705301034
RBI:FR_INV_INFLW_RN(1.0),N_A,M,N_A,INV_CAT_NFDI_FDII,2014,2013,0,2013-12-31,USD,-155584161
RBI:FR_INV_INFLW_RN(1.0),N_A,M,N_A,INV_CAT_NPI_FII,2014,2013,0,2013-12-31,USD,2934490000
RBI:FR_INV_INFLW_RN(1.0),N_A,M,N_A,INV_CAT_NPI_GDR_ADR,2014,2013,0,2013-12-31,USD,0.0
RBI:FR_INV_INFLW_RN(1.0),N_A,M,N_A,INV_CAT_NPI_OFF_FND_OTH,2014,2013,0,2013-12-31,USD,0.0
RBI:FR_INV_INFLW_RN(1.0),N_A,M,N_A,INV_CAT_NPI_PORTF_INV_IND,2014,2013,0,2013-12-31,USD,47879103
RBI:FR_INV_INFLW_RN(1.0),N_A,M,N_A,INV_EQT,2014,2013,0,2013-12-31,USD,1187360032
RBI:FR_INV_INFLW_RN(1.0),N_A,M,N_A,INV_FDI_EQT,2014,2013,0,2013-12-31,USD,400470000
RBI:FR_INV_INFLW_RN(1.0),N_A,M,N_A,INV_FDI_OTH_CAP,2014,2013,0,2013-12-31,USD,178770000
RBI:FR_INV_INFLW_RN(1.0),N_A,M,N_A,INV_FDI_RE_INV_EAR,2014,2013,0,2013-12-31,USD,99000000
RBI:FR_INV_INFLW_RN(1.0),N_A,M,N_A,INV_FDI_RPTN_DINVT,2014,2013,0,2013-12-31,USD,833824161
RBI:FR_INV_INFLW_RN(1.0),N_A,M,N_A,INV_FII,2014,2013,0,2013-12-31,USD,4747496092
RBI:FR_INV_INFLW_RN(1.0),N_A,M,N_A,INV_OTH_CAP,2014,2013,0,2013-12-31,USD,196666667
RBI:FR_INV_INFLW_RN(1.0),N_A,M,N_A,INV_REP_EQT,2014,2013,0,2013-12-31,USD,441411601
RBI:FR_INV_INFLW_RN(1.0),N_A,M,N_A,INV_REP_OTH_CAP,2014,2013,0,2013-12-31,USD,28647398
RBI:FR_INV_INFLW_RN(1.0),N_A,M,N_A,INV_RE_INV_EAR,2014,2013,0,2013-12-31,USD,791333333
RBI:FR_INV_INFLW_RN(1.0),N_A,M,N_A,INV_RPTN_DINVT,2014,2013,0,2013-12-31,USD,470058998
RBI:FR_INV_INFLW_RN(1.0),N_A,M,N_A,EQT_ACQ_SHAR,2014,2013,0,2014-01-31,USD,607294929
RBI:FR_INV_INFLW_RN(1.0),N_A,M,N_A,EQT_CAP_UNINC_BOD,2014,2013,0,2014-01-31,USD,89000000
RBI:FR_INV_INFLW_RN(1.0),N_A,M,N_A,EQT_GOVT_SIA_FIPB,2014,2013,0,2014-01-31,USD,65986532.99999999
RBI:FR_INV_INFLW_RN(1.0),N_A,M,N_A,EQT_RBI,2014,2013,0,2014-01-31,USD,1515739738
RBI:FR_INV_INFLW_RN(1.0),N_A,M,N_A,INV_CAT_NET_FR_DIR_INV,2014,2013,0,2014-01-31,USD,-558921905
RBI:FR_INV_INFLW_RN(1.0),N_A,M,N_A,INV_CAT_NET_PORTF_INV,2014,2013,0,2014-01-31,USD,2528108822
RBI:FR_INV_INFLW_RN(1.0),N_A,M,N_A,INV_CAT_NFDI_DII_GROSS_INF_INV,2014,2013,0,2014-01-31,USD,3256951200
RBI:FR_INV_INFLW_RN(1.0),N_A,M,N_A,INV_CAT_NFDI_DI_IND,2014,2013,0,2014-01-31,USD,2869117061
RBI:FR_INV_INFLW_RN(1.0),N_A,M,N_A,INV_CAT_NFDI_FDII,2014,2013,0,2014-01-31,USD,3428038967
RBI:FR_INV_INFLW_RN(1.0),N_A,M,N_A,INV_CAT_NPI_FII,2014,2013,0,2014-01-31,USD,2615800000
RBI:FR_INV_INFLW_RN(1.0),N_A,M,N_A,INV_CAT_NPI_GDR_ADR,2014,2013,0,2014-01-31,USD,0.0
RBI:FR_INV_INFLW_RN(1.0),N_A,M,N_A,INV_CAT_NPI_OFF_FND_OTH,2014,2013,0,2014-01-31,USD,0.0
RBI:FR_INV_INFLW_RN(1.0),N_A,M,N_A,INV_CAT_NPI_PORTF_INV_IND,2014,2013,0,2014-01-31,USD,87691178
RBI:FR_INV_INFLW_RN(1.0),N_A,M,N_A,INV_EQT,2014,2013,0,2014-01-31,USD,2278021200
RBI:FR_INV_INFLW_RN(1.0),N_A,M,N_A,INV_FDI_EQT,2014,2013,0,2014-01-31,USD,3677066667
RBI:FR_INV_INFLW_RN(1.0),N_A,M,N_A,INV_FDI_OTH_CAP,2014,2013,0,2014-01-31,USD,131830000.00000001
RBI:FR_INV_INFLW_RN(1.0),N_A,M,N_A,INV_FDI_RE_INV_EAR,2014,2013,0,2014-01-31,USD,99000000
RBI:FR_INV_INFLW_RN(1.0),N_A,M,N_A,INV_FDI_RPTN_DINVT,2014,2013,0,2014-01-31,USD,479857700
RBI:FR_INV_INFLW_RN(1.0),N_A,M,N_A,INV_FII,2014,2013,0,2014-01-31,USD,1969186916
RBI:FR_INV_INFLW_RN(1.0),N_A,M,N_A,INV_OTH_CAP,2014,2013,0,2014-01-31,USD,159930000
RBI:FR_INV_INFLW_RN(1.0),N_A,M,N_A,INV_REP_EQT,2014,2013,0,2014-01-31,USD,361126654
RBI:FR_INV_INFLW_RN(1.0),N_A,M,N_A,INV_REP_OTH_CAP,2014,2013,0,2014-01-31,USD,26707485
RBI:FR_INV_INFLW_RN(1.0),N_A,M,N_A,INV_RE_INV_EAR,2014,2013,0,2014-01-31,USD,819000000
RBI:FR_INV_INFLW_RN(1.0),N_A,M,N_A,INV_RPTN_DINVT,2014,2013,0,2014-01-31,USD,387834138
RBI:FR_INV_INFLW_RN(1.0),N_A,M,N_A,EQT_ACQ_SHAR,2014,2013,0,2014-02-28,USD,600674655
RBI:FR_INV_INFLW_RN(1.0),N_A,M,N_A,EQT_CAP_UNINC_BOD,2014,2013,0,2014-02-28,USD,89000000
RBI:FR_INV_INFLW_RN(1.0),N_A,M,N_A,EQT_GOVT_SIA_FIPB,2014,2013,0,2014-02-28,USD,51707842
RBI:FR_INV_INFLW_RN(1.0),N_A,M,N_A,EQT_RBI,2014,2013,0,2014-02-28,USD,1364861696
RBI:FR_INV_INFLW_RN(1.0),N_A,M,N_A,INV_CAT_NET_FR_DIR_INV,2014,2013,0,2014-02-28,USD,-665628912
RBI:FR_INV_INFLW_RN(1.0),N_A,M,N_A,INV_CAT_NET_PORTF_INV,2014,2013,0,2014-02-28,USD,1420808822
RBI:FR_INV_INFLW_RN(1.0),N_A,M,N_A,INV_CAT_NFDI_DII_GROSS_INF_INV,2014,2013,0,2014-02-28,USD,3085174193
RBI:FR_INV_INFLW_RN(1.0),N_A,M,N_A,INV_CAT_NFDI_DI_IND,2014,2013,0,2014-02-28,USD,2697340055
RBI:FR_INV_INFLW_RN(1.0),N_A,M,N_A,INV_CAT_NFDI_FDII,2014,2013,0,2014-02-28,USD,3362968967
RBI:FR_INV_INFLW_RN(1.0),N_A,M,N_A,INV_CAT_NPI_FII,2014,2013,0,2014-02-28,USD,1508500000
RBI:FR_INV_INFLW_RN(1.0),N_A,M,N_A,INV_CAT_NPI_GDR_ADR,2014,2013,0,2014-02-28,USD,0.0
RBI:FR_INV_INFLW_RN(1.0),N_A,M,N_A,INV_CAT_NPI_OFF_FND_OTH,2014,2013,0,2014-02-28,USD,0.0
RBI:FR_INV_INFLW_RN(1.0),N_A,M,N_A,INV_CAT_NPI_PORTF_INV_IND,2014,2013,0,2014-02-28,USD,87691178
RBI:FR_INV_INFLW_RN(1.0),N_A,M,N_A,INV_EQT,2014,2013,0,2014-02-28,USD,2106244193
RBI:FR_INV_INFLW_RN(1.0),N_A,M,N_A,INV_FDI_EQT,2014,2013,0,2014-02-28,USD,3609556667
RBI:FR_INV_INFLW_RN(1.0),N_A,M,N_A,INV_FDI_OTH_CAP,2014,2013,0,2014-02-28,USD,134270000
RBI:FR_INV_INFLW_RN(1.0),N_A,M,N_A,INV_FDI_RE_INV_EAR,2014,2013,0,2014-02-28,USD,99000000
RBI:FR_INV_INFLW_RN(1.0),N_A,M,N_A,INV_FDI_RPTN_DINVT,2014,2013,0,2014-02-28,USD,479857700
RBI:FR_INV_INFLW_RN(1.0),N_A,M,N_A,INV_FII,2014,2013,0,2014-02-28,USD,755179910
RBI:FR_INV_INFLW_RN(1.0),N_A,M,N_A,INV_OTH_CAP,2014,2013,0,2014-02-28,USD,159930000
RBI:FR_INV_INFLW_RN(1.0),N_A,M,N_A,INV_REP_EQT,2014,2013,0,2014-02-28,USD,361126654
RBI:FR_INV_INFLW_RN(1.0),N_A,M,N_A,INV_REP_OTH_CAP,2014,2013,0,2014-02-28,USD,26707485
RBI:FR_INV_INFLW_RN(1.0),N_A,M,N_A,INV_RE_INV_EAR,2014,2013,0,2014-02-28,USD,819000000
RBI:FR_INV_INFLW_RN(1.0),N_A,M,N_A,INV_RPTN_DINVT,2014,2013,0,2014-02-28,USD,387834138
RBI:FR_INV_INFLW_RN(1.0),N_A,M,N_A,EQT_ACQ_SHAR,2014,2013,0,2014-03-31,USD,261842571.00000003
RBI:FR_INV_INFLW_RN(1.0),N_A,M,N_A,EQT_CAP_UNINC_BOD,2014,2013,0,2014-03-31,USD,89000000
RBI:FR_INV_INFLW_RN(1.0),N_A,M,N_A,EQT_GOVT_SIA_FIPB,2014,2013,0,2014-03-31,USD,12780184
RBI:FR_INV_INFLW_RN(1.0),N_A,M,N_A,EQT_RBI,2014,2013,0,2014-03-31,USD,3258708863
RBI:FR_INV_INFLW_RN(1.0),N_A,M,N_A,INV_CAT_NET_FR_DIR_INV,2014,2013,0,2014-03-31,USD,2132688513
RBI:FR_INV_INFLW_RN(1.0),N_A,M,N_A,INV_CAT_NET_PORTF_INV,2014,2013,0,2014-03-31,USD,5309148822
RBI:FR_INV_INFLW_RN(1.0),N_A,M,N_A,INV_CAT_NFDI_DII_GROSS_INF_INV,2014,2013,0,2014-03-31,USD,4601261618
RBI:FR_INV_INFLW_RN(1.0),N_A,M,N_A,INV_CAT_NFDI_DI_IND,2014,2013,0,2014-03-31,USD,4213427479
RBI:FR_INV_INFLW_RN(1.0),N_A,M,N_A,INV_CAT_NFDI_FDII,2014,2013,0,2014-03-31,USD,2080738966.9999998
RBI:FR_INV_INFLW_RN(1.0),N_A,M,N_A,INV_CAT_NPI_FII,2014,2013,0,2014-03-31,USD,5396840000
RBI:FR_INV_INFLW_RN(1.0),N_A,M,N_A,INV_CAT_NPI_GDR_ADR,2014,2013,0,2014-03-31,USD,0.0
RBI:FR_INV_INFLW_RN(1.0),N_A,M,N_A,INV_CAT_NPI_OFF_FND_OTH,2014,2013,0,2014-03-31,USD,0.0
RBI:FR_INV_INFLW_RN(1.0),N_A,M,N_A,INV_CAT_NPI_PORTF_INV_IND,2014,2013,0,2014-03-31,USD,87691178
RBI:FR_INV_INFLW_RN(1.0),N_A,M,N_A,INV_EQT,2014,2013,0,2014-03-31,USD,3622331618
RBI:FR_INV_INFLW_RN(1.0),N_A,M,N_A,INV_FDI_EQT,2014,2013,0,2014-03-31,USD,2025026667
RBI:FR_INV_INFLW_RN(1.0),N_A,M,N_A,INV_FDI_OTH_CAP,2014,2013,0,2014-03-31,USD,436570000
RBI:FR_INV_INFLW_RN(1.0),N_A,M,N_A,INV_FDI_RE_INV_EAR,2014,2013,0,2014-03-31,USD,99000000
RBI:FR_INV_INFLW_RN(1.0),N_A,M,N_A,INV_FDI_RPTN_DINVT,2014,2013,0,2014-03-31,USD,479857700
RBI:FR_INV_INFLW_RN(1.0),N_A,M,N_A,INV_FII,2014,2013,0,2014-03-31,USD,7441837334
RBI:FR_INV_INFLW_RN(1.0),N_A,M,N_A,INV_OTH_CAP,2014,2013,0,2014-03-31,USD,159930000
RBI:FR_INV_INFLW_RN(1.0),N_A,M,N_A,INV_REP_EQT,2014,2013,0,2014-03-31,USD,361126654
RBI:FR_INV_INFLW_RN(1.0),N_A,M,N_A,INV_REP_OTH_CAP,2014,2013,0,2014-03-31,USD,26707485
RBI:FR_INV_INFLW_RN(1.0),N_A,M,N_A,INV_RE_INV_EAR,2014,2013,0,2014-03-31,USD,819000000
RBI:FR_INV_INFLW_RN(1.0),N_A,M,N_A,INV_RPTN_DINVT,2014,2013,0,2014-03-31,USD,387834138
RBI:FR_INV_INFLW_RN(1.0),N_A,M,N_A,EQT_ACQ_SHAR,2015,2014,0,2014-04-30,USD,464888680
RBI:FR_INV_INFLW_RN(1.0),N_A,M,N_A,EQT_CAP_UNINC_BOD,2015,2014,0,2014-04-30,USD,75565327
RBI:FR_INV_INFLW_RN(1.0),N_A,M,N_A,EQT_GOVT_SIA_FIPB,2015,2014,0,2014-04-30,USD,99089081
RBI:FR_INV_INFLW_RN(1.0),N_A,M,N_A,EQT_RBI,2015,2014,0,2014-04-30,USD,1140925100
RBI:FR_INV_INFLW_RN(1.0),N_A,M,N_A,INV_CAT_NET_FR_DIR_INV,2015,2014,0,2014-04-30,USD,1884600449
RBI:FR_INV_INFLW_RN(1.0),N_A,M,N_A,INV_CAT_NET_PORTF_INV,2015,2014,0,2014-04-30,USD,-76845709
RBI:FR_INV_INFLW_RN(1.0),N_A,M,N_A,INV_CAT_NFDI_DII_GROSS_INF_INV,2015,2014,0,2014-04-30,USD,2709788168
RBI:FR_INV_INFLW_RN(1.0),N_A,M,N_A,INV_CAT_NFDI_DI_IND,2015,2014,0,2014-04-30,USD,2057545248
RBI:FR_INV_INFLW_RN(1.0),N_A,M,N_A,INV_CAT_NFDI_FDII,2015,2014,0,2014-04-30,USD,172944800
RBI:FR_INV_INFLW_RN(1.0),N_A,M,N_A,INV_CAT_NPI_FII,2015,2014,0,2014-04-30,USD,-68500000
RBI:FR_INV_INFLW_RN(1.0),N_A,M,N_A,INV_CAT_NPI_GDR_ADR,2015,2014,0,2014-04-30,USD,0.0
RBI:FR_INV_INFLW_RN(1.0),N_A,M,N_A,INV_CAT_NPI_OFF_FND_OTH,2015,2014,0,2014-04-30,USD,0.0
RBI:FR_INV_INFLW_RN(1.0),N_A,M,N_A,INV_CAT_NPI_PORTF_INV_IND,2015,2014,0,2014-04-30,USD,8345708.999999999
RBI:FR_INV_INFLW_RN(1.0),N_A,M,N_A,INV_EQT,2015,2014,0,2014-04-30,USD,1780468188
RBI:FR_INV_INFLW_RN(1.0),N_A,M,N_A,INV_FDI_EQT,2015,2014,0,2014-04-30,USD,219639444
RBI:FR_INV_INFLW_RN(1.0),N_A,M,N_A,INV_FDI_OTH_CAP,2015,2014,0,2014-04-30,USD,195920000
RBI:FR_INV_INFLW_RN(1.0),N_A,M,N_A,INV_FDI_RE_INV_EAR,2015,2014,0,2014-04-30,USD,278090833
RBI:FR_INV_INFLW_RN(1.0),N_A,M,N_A,INV_FDI_RPTN_DINVT,2015,2014,0,2014-04-30,USD,520705478
RBI:FR_INV_INFLW_RN(1.0),N_A,M,N_A,INV_FII,2015,2014,0,2014-04-30,USD,1807754740
RBI:FR_INV_INFLW_RN(1.0),N_A,M,N_A,INV_OTH_CAP,2015,2014,0,2014-04-30,USD,157666667
RBI:FR_INV_INFLW_RN(1.0),N_A,M,N_A,INV_REP_EQT,2015,2014,0,2014-04-30,USD,634692034
RBI:FR_INV_INFLW_RN(1.0),N_A,M,N_A,INV_REP_OTH_CAP,2015,2014,0,2014-04-30,USD,17550887
RBI:FR_INV_INFLW_RN(1.0),N_A,M,N_A,INV_RE_INV_EAR,2015,2014,0,2014-04-30,USD,771653313
RBI:FR_INV_INFLW_RN(1.0),N_A,M,N_A,INV_RPTN_DINVT,2015,2014,0,2014-04-30,USD,652242920
RBI:FR_INV_INFLW_RN(1.0),N_A,M,N_A,EQT_ACQ_SHAR,2015,2014,0,2014-05-31,USD,1946503164
RBI:FR_INV_INFLW_RN(1.0),N_A,M,N_A,EQT_CAP_UNINC_BOD,2015,2014,0,2014-05-31,USD,75565327
RBI:FR_INV_INFLW_RN(1.0),N_A,M,N_A,EQT_GOVT_SIA_FIPB,2015,2014,0,2014-05-31,USD,58379730
RBI:FR_INV_INFLW_RN(1.0),N_A,M,N_A,EQT_RBI,2015,2014,0,2014-05-31,USD,1598967035
RBI:FR_INV_INFLW_RN(1.0),N_A,M,N_A,INV_CAT_NET_FR_DIR_INV,2015,2014,0,2014-05-31,USD,3708237516
RBI:FR_INV_INFLW_RN(1.0),N_A,M,N_A,INV_CAT_NET_PORTF_INV,2015,2014,0,2014-05-31,USD,7700864291
RBI:FR_INV_INFLW_RN(1.0),N_A,M,N_A,INV_CAT_NFDI_DII_GROSS_INF_INV,2015,2014,0,2014-05-31,USD,4608735236
RBI:FR_INV_INFLW_RN(1.0),N_A,M,N_A,INV_CAT_NFDI_DI_IND,2015,2014,0,2014-05-31,USD,3956492316
RBI:FR_INV_INFLW_RN(1.0),N_A,M,N_A,INV_CAT_NFDI_FDII,2015,2014,0,2014-05-31,USD,248254800
RBI:FR_INV_INFLW_RN(1.0),N_A,M,N_A,INV_CAT_NPI_FII,2015,2014,0,2014-05-31,USD,7709210000
RBI:FR_INV_INFLW_RN(1.0),N_A,M,N_A,INV_CAT_NPI_GDR_ADR,2015,2014,0,2014-05-31,USD,0.0
RBI:FR_INV_INFLW_RN(1.0),N_A,M,N_A,INV_CAT_NPI_OFF_FND_OTH,2015,2014,0,2014-05-31,USD,0.0
RBI:FR_INV_INFLW_RN(1.0),N_A,M,N_A,INV_CAT_NPI_PORTF_INV_IND,2015,2014,0,2014-05-31,USD,8345708.999999999
RBI:FR_INV_INFLW_RN(1.0),N_A,M,N_A,INV_EQT,2015,2014,0,2014-05-31,USD,3679415256
RBI:FR_INV_INFLW_RN(1.0),N_A,M,N_A,INV_FDI_EQT,2015,2014,0,2014-05-31,USD,204239444
RBI:FR_INV_INFLW_RN(1.0),N_A,M,N_A,INV_FDI_OTH_CAP,2015,2014,0,2014-05-31,USD,286630000
RBI:FR_INV_INFLW_RN(1.0),N_A,M,N_A,INV_FDI_RE_INV_EAR,2015,2014,0,2014-05-31,USD,278090833
RBI:FR_INV_INFLW_RN(1.0),N_A,M,N_A,INV_FDI_RPTN_DINVT,2015,2014,0,2014-05-31,USD,520705478
RBI:FR_INV_INFLW_RN(1.0),N_A,M,N_A,INV_FII,2015,2014,0,2014-05-31,USD,11409101807
RBI:FR_INV_INFLW_RN(1.0),N_A,M,N_A,INV_OTH_CAP,2015,2014,0,2014-05-31,USD,157666667
RBI:FR_INV_INFLW_RN(1.0),N_A,M,N_A,INV_REP_EQT,2015,2014,0,2014-05-31,USD,634692034
RBI:FR_INV_INFLW_RN(1.0),N_A,M,N_A,INV_REP_OTH_CAP,2015,2014,0,2014-05-31,USD,17550887
RBI:FR_INV_INFLW_RN(1.0),N_A,M,N_A,INV_RE_INV_EAR,2015,2014,0,2014-05-31,USD,771653313
RBI:FR_INV_INFLW_RN(1.0),N_A,M,N_A,INV_RPTN_DINVT,2015,2014,0,2014-05-31,USD,652242920
RBI:FR_INV_INFLW_RN(1.0),N_A,M,N_A,EQT_ACQ_SHAR,2015,2014,0,2014-06-30,USD,265865962.00000003
RBI:FR_INV_INFLW_RN(1.0),N_A,M,N_A,EQT_CAP_UNINC_BOD,2015,2014,0,2014-06-30,USD,75565327
RBI:FR_INV_INFLW_RN(1.0),N_A,M,N_A,EQT_GOVT_SIA_FIPB,2015,2014,0,2014-06-30,USD,458527357
RBI:FR_INV_INFLW_RN(1.0),N_A,M,N_A,EQT_RBI,2015,2014,0,2014-06-30,USD,1202279230
RBI:FR_INV_INFLW_RN(1.0),N_A,M,N_A,INV_CAT_NET_FR_DIR_INV,2015,2014,0,2014-06-30,USD,1999080136
RBI:FR_INV_INFLW_RN(1.0),N_A,M,N_A,INV_CAT_NET_PORTF_INV,2015,2014,0,2014-06-30,USD,4815784291
RBI:FR_INV_INFLW_RN(1.0),N_A,M,N_A,INV_CAT_NFDI_DII_GROSS_INF_INV,2015,2014,0,2014-06-30,USD,2931557856
RBI:FR_INV_INFLW_RN(1.0),N_A,M,N_A,INV_CAT_NFDI_DI_IND,2015,2014,0,2014-06-30,USD,2279314936
RBI:FR_INV_INFLW_RN(1.0),N_A,M,N_A,INV_CAT_NFDI_FDII,2015,2014,0,2014-06-30,USD,280234800
RBI:FR_INV_INFLW_RN(1.0),N_A,M,N_A,INV_CAT_NPI_FII,2015,2014,0,2014-06-30,USD,4824130000
RBI:FR_INV_INFLW_RN(1.0),N_A,M,N_A,INV_CAT_NPI_GDR_ADR,2015,2014,0,2014-06-30,USD,0.0
RBI:FR_INV_INFLW_RN(1.0),N_A,M,N_A,INV_CAT_NPI_OFF_FND_OTH,2015,2014,0,2014-06-30,USD,0.0
RBI:FR_INV_INFLW_RN(1.0),N_A,M,N_A,INV_CAT_NPI_PORTF_INV_IND,2015,2014,0,2014-06-30,USD,8345708.999999999
RBI:FR_INV_INFLW_RN(1.0),N_A,M,N_A,INV_EQT,2015,2014,0,2014-06-30,USD,2002237876
RBI:FR_INV_INFLW_RN(1.0),N_A,M,N_A,INV_FDI_EQT,2015,2014,0,2014-06-30,USD,283739444
RBI:FR_INV_INFLW_RN(1.0),N_A,M,N_A,INV_FDI_OTH_CAP,2015,2014,0,2014-06-30,USD,239110000
RBI:FR_INV_INFLW_RN(1.0),N_A,M,N_A,INV_FDI_RE_INV_EAR,2015,2014,0,2014-06-30,USD,278090833
RBI:FR_INV_INFLW_RN(1.0),N_A,M,N_A,INV_FDI_RPTN_DINVT,2015,2014,0,2014-06-30,USD,520705478
RBI:FR_INV_INFLW_RN(1.0),N_A,M,N_A,INV_FII,2015,2014,0,2014-06-30,USD,6814864427
RBI:FR_INV_INFLW_RN(1.0),N_A,M,N_A,INV_OTH_CAP,2015,2014,0,2014-06-30,USD,157666667
RBI:FR_INV_INFLW_RN(1.0),N_A,M,N_A,INV_REP_EQT,2015,2014,0,2014-06-30,USD,634692034
RBI:FR_INV_INFLW_RN(1.0),N_A,M,N_A,INV_REP_OTH_CAP,2015,2014,0,2014-06-30,USD,17550887
RBI:FR_INV_INFLW_RN(1.0),N_A,M,N_A,INV_RE_INV_EAR,2015,2014,0,2014-06-30,USD,771653313
RBI:FR_INV_INFLW_RN(1.0),N_A,M,N_A,INV_RPTN_DINVT,2015,2014,0,2014-06-30,USD,652242920
RBI:FR_INV_INFLW_RN(1.0),N_A,M,N_A,EQT_ACQ_SHAR,2015,2014,0,2014-07-31,USD,1049000000
RBI:FR_INV_INFLW_RN(1.0),N_A,M,N_A,EQT_CAP_UNINC_BOD,2015,2014,0,2014-07-31,USD,77323984
RBI:FR_INV_INFLW_RN(1.0),N_A,M,N_A,EQT_GOVT_SIA_FIPB,2015,2014,0,2014-07-31,USD,210000000
RBI:FR_INV_INFLW_RN(1.0),N_A,M,N_A,EQT_RBI,2015,2014,0,2014-07-31,USD,2241000000
RBI:FR_INV_INFLW_RN(1.0),N_A,M,N_A,INV_CAT_NET_FR_DIR_INV,2015,2014,0,2014-07-31,USD,3544850441
RBI:FR_INV_INFLW_RN(1.0),N_A,M,N_A,INV_CAT_NET_PORTF_INV,2015,2014,0,2014-07-31,USD,5380048618
RBI:FR_INV_INFLW_RN(1.0),N_A,M,N_A,INV_CAT_NFDI_DII_GROSS_INF_INV,2015,2014,0,2014-07-31,USD,4659602902
RBI:FR_INV_INFLW_RN(1.0),N_A,M,N_A,INV_CAT_NFDI_DI_IND,2015,2014,0,2014-07-31,USD,3956411724
RBI:FR_INV_INFLW_RN(1.0),N_A,M,N_A,INV_CAT_NFDI_FDII,2015,2014,0,2014-07-31,USD,411561283
RBI:FR_INV_INFLW_RN(1.0),N_A,M,N_A,INV_CAT_NPI_FII,2015,2014,0,2014-07-31,USD,5416790000
RBI:FR_INV_INFLW_RN(1.0),N_A,M,N_A,INV_CAT_NPI_GDR_ADR,2015,2014,0,2014-07-31,USD,0.0
RBI:FR_INV_INFLW_RN(1.0),N_A,M,N_A,INV_CAT_NPI_OFF_FND_OTH,2015,2014,0,2014-07-31,USD,0.0
RBI:FR_INV_INFLW_RN(1.0),N_A,M,N_A,INV_CAT_NPI_PORTF_INV_IND,2015,2014,0,2014-07-31,USD,36741382
RBI:FR_INV_INFLW_RN(1.0),N_A,M,N_A,INV_EQT,2015,2014,0,2014-07-31,USD,3577323984
RBI:FR_INV_INFLW_RN(1.0),N_A,M,N_A,INV_FDI_EQT,2015,2014,0,2014-07-31,USD,339359444
RBI:FR_INV_INFLW_RN(1.0),N_A,M,N_A,INV_FDI_OTH_CAP,2015,2014,0,2014-07-31,USD,317530000
RBI:FR_INV_INFLW_RN(1.0),N_A,M,N_A,INV_FDI_RE_INV_EAR,2015,2014,0,2014-07-31,USD,278090833
RBI:FR_INV_INFLW_RN(1.0),N_A,M,N_A,INV_FDI_RPTN_DINVT,2015,2014,0,2014-07-31,USD,523418995
RBI:FR_INV_INFLW_RN(1.0),N_A,M,N_A,INV_FII,2015,2014,0,2014-07-31,USD,8924899059
RBI:FR_INV_INFLW_RN(1.0),N_A,M,N_A,INV_OTH_CAP,2015,2014,0,2014-07-31,USD,292666667
RBI:FR_INV_INFLW_RN(1.0),N_A,M,N_A,INV_REP_EQT,2015,2014,0,2014-07-31,USD,683339231
RBI:FR_INV_INFLW_RN(1.0),N_A,M,N_A,INV_REP_OTH_CAP,2015,2014,0,2014-07-31,USD,19851947
RBI:FR_INV_INFLW_RN(1.0),N_A,M,N_A,INV_RE_INV_EAR,2015,2014,0,2014-07-31,USD,789612252
RBI:FR_INV_INFLW_RN(1.0),N_A,M,N_A,INV_RPTN_DINVT,2015,2014,0,2014-07-31,USD,703191178
RBI:FR_INV_INFLW_RN(1.0),N_A,M,N_A,EQT_ACQ_SHAR,2015,2014,0,2014-08-31,USD,650000000
RBI:FR_INV_INFLW_RN(1.0),N_A,M,N_A,EQT_CAP_UNINC_BOD,2015,2014,0,2014-08-31,USD,77323984
RBI:FR_INV_INFLW_RN(1.0),N_A,M,N_A,EQT_GOVT_SIA_FIPB,2015,2014,0,2014-08-31,USD,37000000
RBI:FR_INV_INFLW_RN(1.0),N_A,M,N_A,EQT_RBI,2015,2014,0,2014-08-31,USD,591000000
RBI:FR_INV_INFLW_RN(1.0),N_A,M,N_A,INV_CAT_NET_FR_DIR_INV,2015,2014,0,2014-08-31,USD,1176500441
RBI:FR_INV_INFLW_RN(1.0),N_A,M,N_A,INV_CAT_NET_PORTF_INV,2015,2014,0,2014-08-31,USD,2054678618
RBI:FR_INV_INFLW_RN(1.0),N_A,M,N_A,INV_CAT_NFDI_DII_GROSS_INF_INV,2015,2014,0,2014-08-31,USD,2437602902
RBI:FR_INV_INFLW_RN(1.0),N_A,M,N_A,INV_CAT_NFDI_DI_IND,2015,2014,0,2014-08-31,USD,1734411724
RBI:FR_INV_INFLW_RN(1.0),N_A,M,N_A,INV_CAT_NFDI_FDII,2015,2014,0,2014-08-31,USD,557911283
RBI:FR_INV_INFLW_RN(1.0),N_A,M,N_A,INV_CAT_NPI_FII,2015,2014,0,2014-08-31,USD,2091420000
RBI:FR_INV_INFLW_RN(1.0),N_A,M,N_A,INV_CAT_NPI_GDR_ADR,2015,2014,0,2014-08-31,USD,0.0
RBI:FR_INV_INFLW_RN(1.0),N_A,M,N_A,INV_CAT_NPI_OFF_FND_OTH,2015,2014,0,2014-08-31,USD,0.0
RBI:FR_INV_INFLW_RN(1.0),N_A,M,N_A,INV_CAT_NPI_PORTF_INV_IND,2015,2014,0,2014-08-31,USD,36741382
RBI:FR_INV_INFLW_RN(1.0),N_A,M,N_A,INV_EQT,2015,2014,0,2014-08-31,USD,1355323984
RBI:FR_INV_INFLW_RN(1.0),N_A,M,N_A,INV_FDI_EQT,2015,2014,0,2014-08-31,USD,210619444
RBI:FR_INV_INFLW_RN(1.0),N_A,M,N_A,INV_FDI_OTH_CAP,2015,2014,0,2014-08-31,USD,592620000
RBI:FR_INV_INFLW_RN(1.0),N_A,M,N_A,INV_FDI_RE_INV_EAR,2015,2014,0,2014-08-31,USD,278090833
RBI:FR_INV_INFLW_RN(1.0),N_A,M,N_A,INV_FDI_RPTN_DINVT,2015,2014,0,2014-08-31,USD,523418995
RBI:FR_INV_INFLW_RN(1.0),N_A,M,N_A,INV_FII,2015,2014,0,2014-08-31,USD,3231179059
RBI:FR_INV_INFLW_RN(1.0),N_A,M,N_A,INV_OTH_CAP,2015,2014,0,2014-08-31,USD,292666667
RBI:FR_INV_INFLW_RN(1.0),N_A,M,N_A,INV_REP_EQT,2015,2014,0,2014-08-31,USD,683339231
RBI:FR_INV_INFLW_RN(1.0),N_A,M,N_A,INV_REP_OTH_CAP,2015,2014,0,2014-08-31,USD,19851947
RBI:FR_INV_INFLW_RN(1.0),N_A,M,N_A,INV_RE_INV_EAR,2015,2014,0,2014-08-31,USD,789612252
RBI:FR_INV_INFLW_RN(1.0),N_A,M,N_A,INV_RPTN_DINVT,2015,2014,0,2014-08-31,USD,703191178
RBI:FR_INV_INFLW_RN(1.0),N_A,M,N_A,EQT_ACQ_SHAR,2015,2014,0,2014-09-30,USD,277337574
RBI:FR_INV_INFLW_RN(1.0),N_A,M,N_A,EQT_CAP_UNINC_BOD,2015,2014,0,2014-09-30,USD,77323984
RBI:FR_INV_INFLW_RN(1.0),N_A,M,N_A,EQT_GOVT_SIA_FIPB,2015,2014,0,2014-09-30,USD,468937946
RBI:FR_INV_INFLW_RN(1.0),N_A,M,N_A,EQT_RBI,2015,2014,0,2014-09-30,USD,1934106863
RBI:FR_INV_INFLW_RN(1.0),N_A,M,N_A,INV_CAT_NET_FR_DIR_INV,2015,2014,0,2014-09-30,USD,2753712824
RBI:FR_INV_INFLW_RN(1.0),N_A,M,N_A,INV_CAT_NET_PORTF_INV,2015,2014,0,2014-09-30,USD,2327478618
RBI:FR_INV_INFLW_RN(1.0),N_A,M,N_A,INV_CAT_NFDI_DII_GROSS_INF_INV,2015,2014,0,2014-09-30,USD,3839985285
RBI:FR_INV_INFLW_RN(1.0),N_A,M,N_A,INV_CAT_NFDI_DI_IND,2015,2014,0,2014-09-30,USD,3136794106
RBI:FR_INV_INFLW_RN(1.0),N_A,M,N_A,INV_CAT_NFDI_FDII,2015,2014,0,2014-09-30,USD,383081283
RBI:FR_INV_INFLW_RN(1.0),N_A,M,N_A,INV_CAT_NPI_FII,2015,2014,0,2014-09-30,USD,2364220000
RBI:FR_INV_INFLW_RN(1.0),N_A,M,N_A,INV_CAT_NPI_GDR_ADR,2015,2014,0,2014-09-30,USD,0.0
RBI:FR_INV_INFLW_RN(1.0),N_A,M,N_A,INV_CAT_NPI_OFF_FND_OTH,2015,2014,0,2014-09-30,USD,0.0
RBI:FR_INV_INFLW_RN(1.0),N_A,M,N_A,INV_CAT_NPI_PORTF_INV_IND,2015,2014,0,2014-09-30,USD,36741382
RBI:FR_INV_INFLW_RN(1.0),N_A,M,N_A,INV_EQT,2015,2014,0,2014-09-30,USD,2757706366
RBI:FR_INV_INFLW_RN(1.0),N_A,M,N_A,INV_FDI_EQT,2015,2014,0,2014-09-30,USD,390089444
RBI:FR_INV_INFLW_RN(1.0),N_A,M,N_A,INV_FDI_OTH_CAP,2015,2014,0,2014-09-30,USD,238320000
RBI:FR_INV_INFLW_RN(1.0),N_A,M,N_A,INV_FDI_RE_INV_EAR,2015,2014,0,2014-09-30,USD,278090833
RBI:FR_INV_INFLW_RN(1.0),N_A,M,N_A,INV_FDI_RPTN_DINVT,2015,2014,0,2014-09-30,USD,523418995
RBI:FR_INV_INFLW_RN(1.0),N_A,M,N_A,INV_FII,2015,2014,0,2014-09-30,USD,5081191442
RBI:FR_INV_INFLW_RN(1.0),N_A,M,N_A,INV_OTH_CAP,2015,2014,0,2014-09-30,USD,292666667
RBI:FR_INV_INFLW_RN(1.0),N_A,M,N_A,INV_REP_EQT,2015,2014,0,2014-09-30,USD,683339231
RBI:FR_INV_INFLW_RN(1.0),N_A,M,N_A,INV_REP_OTH_CAP,2015,2014,0,2014-09-30,USD,19851947
RBI:FR_INV_INFLW_RN(1.0),N_A,M,N_A,INV_RE_INV_EAR,2015,2014,0,2014-09-30,USD,789612252
RBI:FR_INV_INFLW_RN(1.0),N_A,M,N_A,INV_RPTN_DINVT,2015,2014,0,2014-09-30,USD,703191178
RBI:FR_INV_INFLW_RN(1.0),N_A,M,N_A,EQT_ACQ_SHAR,2015,2014,0,2014-10-31,USD,419959774
RBI:FR_INV_INFLW_RN(1.0),N_A,M,N_A,EQT_CAP_UNINC_BOD,2015,2014,0,2014-10-31,USD,83868157
RBI:FR_INV_INFLW_RN(1.0),N_A,M,N_A,EQT_GOVT_SIA_FIPB,2015,2014,0,2014-10-31,USD,7916926.0
RBI:FR_INV_INFLW_RN(1.0),N_A,M,N_A,EQT_RBI,2015,2014,0,2014-10-31,USD,2227426447
RBI:FR_INV_INFLW_RN(1.0),N_A,M,N_A,INV_CAT_NET_FR_DIR_INV,2015,2014,0,2014-10-31,USD,2740173706
RBI:FR_INV_INFLW_RN(1.0),N_A,M,N_A,INV_CAT_NET_PORTF_INV,2015,2014,0,2014-10-31,USD,1765331102
RBI:FR_INV_INFLW_RN(1.0),N_A,M,N_A,INV_CAT_NFDI_DII_GROSS_INF_INV,2015,2014,0,2014-10-31,USD,3812944266
RBI:FR_INV_INFLW_RN(1.0),N_A,M,N_A,INV_CAT_NFDI_DI_IND,2015,2014,0,2014-10-31,USD,3095702888
RBI:FR_INV_INFLW_RN(1.0),N_A,M,N_A,INV_CAT_NFDI_FDII,2015,2014,0,2014-10-31,USD,355529182
RBI:FR_INV_INFLW_RN(1.0),N_A,M,N_A,INV_CAT_NPI_FII,2015,2014,0,2014-10-31,USD,1721868000
RBI:FR_INV_INFLW_RN(1.0),N_A,M,N_A,INV_CAT_NPI_GDR_ADR,2015,2014,0,2014-10-31,USD,0.0
RBI:FR_INV_INFLW_RN(1.0),N_A,M,N_A,INV_CAT_NPI_OFF_FND_OTH,2015,2014,0,2014-10-31,USD,0.0
RBI:FR_INV_INFLW_RN(1.0),N_A,M,N_A,INV_CAT_NPI_PORTF_INV_IND,2015,2014,0,2014-10-31,USD,-43463102
RBI:FR_INV_INFLW_RN(1.0),N_A,M,N_A,INV_EQT,2015,2014,0,2014-10-31,USD,2739171303
RBI:FR_INV_INFLW_RN(1.0),N_A,M,N_A,INV_FDI_EQT,2015,2014,0,2014-10-31,USD,400079444
RBI:FR_INV_INFLW_RN(1.0),N_A,M,N_A,INV_FDI_OTH_CAP,2015,2014,0,2014-10-31,USD,277190000
RBI:FR_INV_INFLW_RN(1.0),N_A,M,N_A,INV_FDI_RE_INV_EAR,2015,2014,0,2014-10-31,USD,278090833
RBI:FR_INV_INFLW_RN(1.0),N_A,M,N_A,INV_FDI_RPTN_DINVT,2015,2014,0,2014-10-31,USD,599831096
RBI:FR_INV_INFLW_RN(1.0),N_A,M,N_A,INV_FII,2015,2014,0,2014-10-31,USD,4505504808
RBI:FR_INV_INFLW_RN(1.0),N_A,M,N_A,INV_OTH_CAP,2015,2014,0,2014-10-31,USD,217333333
RBI:FR_INV_INFLW_RN(1.0),N_A,M,N_A,INV_REP_EQT,2015,2014,0,2014-10-31,USD,694696162
RBI:FR_INV_INFLW_RN(1.0),N_A,M,N_A,INV_REP_OTH_CAP,2015,2014,0,2014-10-31,USD,22545215
RBI:FR_INV_INFLW_RN(1.0),N_A,M,N_A,INV_RE_INV_EAR,2015,2014,0,2014-10-31,USD,856439629
RBI:FR_INV_INFLW_RN(1.0),N_A,M,N_A,INV_RPTN_DINVT,2015,2014,0,2014-10-31,USD,717241378
RBI:FR_INV_INFLW_RN(1.0),N_A,M,N_A,EQT_ACQ_SHAR,2015,2014,0,2014-11-30,USD,21908403
RBI:FR_INV_INFLW_RN(1.0),N_A,M,N_A,EQT_CAP_UNINC_BOD,2015,2014,0,2014-11-30,USD,83868157
RBI:FR_INV_INFLW_RN(1.0),N_A,M,N_A,EQT_GOVT_SIA_FIPB,2015,2014,0,2014-11-30,USD,123857578
RBI:FR_INV_INFLW_RN(1.0),N_A,M,N_A,EQT_RBI,2015,2014,0,2014-11-30,USD,1391446464
RBI:FR_INV_INFLW_RN(1.0),N_A,M,N_A,INV_CAT_NET_FR_DIR_INV,2015,2014,0,2014-11-30,USD,1884343005
RBI:FR_INV_INFLW_RN(1.0),N_A,M,N_A,INV_CAT_NET_PORTF_INV,2015,2014,0,2014-11-30,USD,4875683102
RBI:FR_INV_INFLW_RN(1.0),N_A,M,N_A,INV_CAT_NFDI_DII_GROSS_INF_INV,2015,2014,0,2014-11-30,USD,2694853564
RBI:FR_INV_INFLW_RN(1.0),N_A,M,N_A,INV_CAT_NFDI_DI_IND,2015,2014,0,2014-11-30,USD,1977612186
RBI:FR_INV_INFLW_RN(1.0),N_A,M,N_A,INV_CAT_NFDI_FDII,2015,2014,0,2014-11-30,USD,93269182
RBI:FR_INV_INFLW_RN(1.0),N_A,M,N_A,INV_CAT_NPI_FII,2015,2014,0,2014-11-30,USD,4832220000
RBI:FR_INV_INFLW_RN(1.0),N_A,M,N_A,INV_CAT_NPI_GDR_ADR,2015,2014,0,2014-11-30,USD,0.0
RBI:FR_INV_INFLW_RN(1.0),N_A,M,N_A,INV_CAT_NPI_OFF_FND_OTH,2015,2014,0,2014-11-30,USD,0.0
RBI:FR_INV_INFLW_RN(1.0),N_A,M,N_A,INV_CAT_NPI_PORTF_INV_IND,2015,2014,0,2014-11-30,USD,-43463102
RBI:FR_INV_INFLW_RN(1.0),N_A,M,N_A,INV_EQT,2015,2014,0,2014-11-30,USD,1621080602
RBI:FR_INV_INFLW_RN(1.0),N_A,M,N_A,INV_FDI_EQT,2015,2014,0,2014-11-30,USD,259419444
RBI:FR_INV_INFLW_RN(1.0),N_A,M,N_A,INV_FDI_OTH_CAP,2015,2014,0,2014-11-30,USD,155590000
RBI:FR_INV_INFLW_RN(1.0),N_A,M,N_A,INV_FDI_RE_INV_EAR,2015,2014,0,2014-11-30,USD,278090833
RBI:FR_INV_INFLW_RN(1.0),N_A,M,N_A,INV_FDI_RPTN_DINVT,2015,2014,0,2014-11-30,USD,599831096
RBI:FR_INV_INFLW_RN(1.0),N_A,M,N_A,INV_FII,2015,2014,0,2014-11-30,USD,6760026107
RBI:FR_INV_INFLW_RN(1.0),N_A,M,N_A,INV_OTH_CAP,2015,2014,0,2014-11-30,USD,217333333
RBI:FR_INV_INFLW_RN(1.0),N_A,M,N_A,INV_REP_EQT,2015,2014,0,2014-11-30,USD,694696162
RBI:FR_INV_INFLW_RN(1.0),N_A,M,N_A,INV_REP_OTH_CAP,2015,2014,0,2014-11-30,USD,22545215
RBI:FR_INV_INFLW_RN(1.0),N_A,M,N_A,INV_RE_INV_EAR,2015,2014,0,2014-11-30,USD,856439629
RBI:FR_INV_INFLW_RN(1.0),N_A,M,N_A,INV_RPTN_DINVT,2015,2014,0,2014-11-30,USD,717241378
RBI:FR_INV_INFLW_RN(1.0),N_A,M,N_A,EQT_ACQ_SHAR,2015,2014,0,2014-12-31,USD,295932382
RBI:FR_INV_INFLW_RN(1.0),N_A,M,N_A,EQT_CAP_UNINC_BOD,2015,2014,0,2014-12-31,USD,83868157
RBI:FR_INV_INFLW_RN(1.0),N_A,M,N_A,EQT_GOVT_SIA_FIPB,2015,2014,0,2014-12-31,USD,239111787
RBI:FR_INV_INFLW_RN(1.0),N_A,M,N_A,EQT_RBI,2015,2014,0,2014-12-31,USD,1626091363
RBI:FR_INV_INFLW_RN(1.0),N_A,M,N_A,INV_CAT_NET_FR_DIR_INV,2015,2014,0,2014-12-31,USD,2289586092
RBI:FR_INV_INFLW_RN(1.0),N_A,M,N_A,INV_CAT_NET_PORTF_INV,2015,2014,0,2014-12-31,USD,-360766898
RBI:FR_INV_INFLW_RN(1.0),N_A,M,N_A,INV_CAT_NFDI_DII_GROSS_INF_INV,2015,2014,0,2014-12-31,USD,3318776651
RBI:FR_INV_INFLW_RN(1.0),N_A,M,N_A,INV_CAT_NFDI_DI_IND,2015,2014,0,2014-12-31,USD,2601535273
RBI:FR_INV_INFLW_RN(1.0),N_A,M,N_A,INV_CAT_NFDI_FDII,2015,2014,0,2014-12-31,USD,311949182
RBI:FR_INV_INFLW_RN(1.0),N_A,M,N_A,INV_CAT_NPI_FII,2015,2014,0,2014-12-31,USD,-404230000
RBI:FR_INV_INFLW_RN(1.0),N_A,M,N_A,INV_CAT_NPI_GDR_ADR,2015,2014,0,2014-12-31,USD,0.0
RBI:FR_INV_INFLW_RN(1.0),N_A,M,N_A,INV_CAT_NPI_OFF_FND_OTH,2015,2014,0,2014-12-31,USD,0.0
RBI:FR_INV_INFLW_RN(1.0),N_A,M,N_A,INV_CAT_NPI_PORTF_INV_IND,2015,2014,0,2014-12-31,USD,-43463102
RBI:FR_INV_INFLW_RN(1.0),N_A,M,N_A,INV_EQT,2015,2014,0,2014-12-31,USD,2245003689
RBI:FR_INV_INFLW_RN(1.0),N_A,M,N_A,INV_FDI_EQT,2015,2014,0,2014-12-31,USD,365029444
RBI:FR_INV_INFLW_RN(1.0),N_A,M,N_A,INV_FDI_OTH_CAP,2015,2014,0,2014-12-31,USD,268660000
RBI:FR_INV_INFLW_RN(1.0),N_A,M,N_A,INV_FDI_RE_INV_EAR,2015,2014,0,2014-12-31,USD,278090833
RBI:FR_INV_INFLW_RN(1.0),N_A,M,N_A,INV_FDI_RPTN_DINVT,2015,2014,0,2014-12-31,USD,599831096
RBI:FR_INV_INFLW_RN(1.0),N_A,M,N_A,INV_FII,2015,2014,0,2014-12-31,USD,1928819194
RBI:FR_INV_INFLW_RN(1.0),N_A,M,N_A,INV_OTH_CAP,2015,2014,0,2014-12-31,USD,217333333
RBI:FR_INV_INFLW_RN(1.0),N_A,M,N_A,INV_REP_EQT,2015,2014,0,2014-12-31,USD,694696162
RBI:FR_INV_INFLW_RN(1.0),N_A,M,N_A,INV_REP_OTH_CAP,2015,2014,0,2014-12-31,USD,22545215
RBI:FR_INV_INFLW_RN(1.0),N_A,M,N_A,INV_RE_INV_EAR,2015,2014,0,2014-12-31,USD,856439629
RBI:FR_INV_INFLW_RN(1.0),N_A,M,N_A,INV_RPTN_DINVT,2015,2014,0,2014-12-31,USD,717241378
RBI:FR_INV_INFLW_RN(1.0),N_A,M,N_A,EQT_ACQ_SHAR,2015,2014,0,2015-01-31,USD,255218851
RBI:FR_INV_INFLW_RN(1.0),N_A,M,N_A,EQT_CAP_UNINC_BOD,2015,2014,0,2015-01-31,USD,89270376
RBI:FR_INV_INFLW_RN(1.0),N_A,M,N_A,EQT_GOVT_SIA_FIPB,2015,2014,0,2015-01-31,USD,209119097
RBI:FR_INV_INFLW_RN(1.0),N_A,M,N_A,EQT_RBI,2015,2014,0,2015-01-31,USD,4016176789
RBI:FR_INV_INFLW_RN(1.0),N_A,M,N_A,INV_CAT_NET_FR_DIR_INV,2015,2014,0,2015-01-31,USD,4468316690
RBI:FR_INV_INFLW_RN(1.0),N_A,M,N_A,INV_CAT_NET_PORTF_INV,2015,2014,0,2015-01-31,USD,6639792428
RBI:FR_INV_INFLW_RN(1.0),N_A,M,N_A,INV_CAT_NFDI_DII_GROSS_INF_INV,2015,2014,0,2015-01-31,USD,5896724127
RBI:FR_INV_INFLW_RN(1.0),N_A,M,N_A,INV_CAT_NFDI_DI_IND,2015,2014,0,2015-01-31,USD,4681278251
RBI:FR_INV_INFLW_RN(1.0),N_A,M,N_A,INV_CAT_NFDI_FDII,2015,2014,0,2015-01-31,USD,212961561
RBI:FR_INV_INFLW_RN(1.0),N_A,M,N_A,INV_CAT_NPI_FII,2015,2014,0,2015-01-31,USD,6634365047
RBI:FR_INV_INFLW_RN(1.0),N_A,M,N_A,INV_CAT_NPI_GDR_ADR,2015,2014,0,2015-01-31,USD,0.0
RBI:FR_INV_INFLW_RN(1.0),N_A,M,N_A,INV_CAT_NPI_OFF_FND_OTH,2015,2014,0,2015-01-31,USD,0.0
RBI:FR_INV_INFLW_RN(1.0),N_A,M,N_A,INV_CAT_NPI_PORTF_INV_IND,2015,2014,0,2015-01-31,USD,-5427380.0
RBI:FR_INV_INFLW_RN(1.0),N_A,M,N_A,INV_EQT,2015,2014,0,2015-01-31,USD,4569785114
RBI:FR_INV_INFLW_RN(1.0),N_A,M,N_A,INV_FDI_EQT,2015,2014,0,2015-01-31,USD,286689444
RBI:FR_INV_INFLW_RN(1.0),N_A,M,N_A,INV_FDI_OTH_CAP,2015,2014,0,2015-01-31,USD,220460000
RBI:FR_INV_INFLW_RN(1.0),N_A,M,N_A,INV_FDI_RE_INV_EAR,2015,2014,0,2015-01-31,USD,278090833
RBI:FR_INV_INFLW_RN(1.0),N_A,M,N_A,INV_FDI_RPTN_DINVT,2015,2014,0,2015-01-31,USD,572278717
RBI:FR_INV_INFLW_RN(1.0),N_A,M,N_A,INV_FII,2015,2014,0,2015-01-31,USD,11108109118
RBI:FR_INV_INFLW_RN(1.0),N_A,M,N_A,INV_OTH_CAP,2015,2014,0,2015-01-31,USD,415333333
RBI:FR_INV_INFLW_RN(1.0),N_A,M,N_A,INV_REP_EQT,2015,2014,0,2015-01-31,USD,1191392287
RBI:FR_INV_INFLW_RN(1.0),N_A,M,N_A,INV_REP_OTH_CAP,2015,2014,0,2015-01-31,USD,24053589
RBI:FR_INV_INFLW_RN(1.0),N_A,M,N_A,INV_RE_INV_EAR,2015,2014,0,2015-01-31,USD,911605680
RBI:FR_INV_INFLW_RN(1.0),N_A,M,N_A,INV_RPTN_DINVT,2015,2014,0,2015-01-31,USD,1215445876
RBI:FR_INV_INFLW_RN(1.0),N_A,M,N_A,EQT_ACQ_SHAR,2015,2014,0,2015-02-28,USD,302576018
RBI:FR_INV_INFLW_RN(1.0),N_A,M,N_A,EQT_CAP_UNINC_BOD,2015,2014,0,2015-02-28,USD,89270376
RBI:FR_INV_INFLW_RN(1.0),N_A,M,N_A,EQT_GOVT_SIA_FIPB,2015,2014,0,2015-02-28,USD,65286697.00000001
RBI:FR_INV_INFLW_RN(1.0),N_A,M,N_A,EQT_RBI,2015,2014,0,2015-02-28,USD,2920016087
RBI:FR_INV_INFLW_RN(1.0),N_A,M,N_A,INV_CAT_NET_FR_DIR_INV,2015,2014,0,2015-02-28,USD,3214760755
RBI:FR_INV_INFLW_RN(1.0),N_A,M,N_A,INV_CAT_NET_PORTF_INV,2015,2014,0,2015-02-28,USD,3774213151
RBI:FR_INV_INFLW_RN(1.0),N_A,M,N_A,INV_CAT_NFDI_DII_GROSS_INF_INV,2015,2014,0,2015-02-28,USD,4704088192
RBI:FR_INV_INFLW_RN(1.0),N_A,M,N_A,INV_CAT_NFDI_DI_IND,2015,2014,0,2015-02-28,USD,3488642316
RBI:FR_INV_INFLW_RN(1.0),N_A,M,N_A,INV_CAT_NFDI_FDII,2015,2014,0,2015-02-28,USD,273881561
RBI:FR_INV_INFLW_RN(1.0),N_A,M,N_A,INV_CAT_NPI_FII,2015,2014,0,2015-02-28,USD,3768785771
RBI:FR_INV_INFLW_RN(1.0),N_A,M,N_A,INV_CAT_NPI_GDR_ADR,2015,2014,0,2015-02-28,USD,0.0
RBI:FR_INV_INFLW_RN(1.0),N_A,M,N_A,INV_CAT_NPI_OFF_FND_OTH,2015,2014,0,2015-02-28,USD,0.0
RBI:FR_INV_INFLW_RN(1.0),N_A,M,N_A,INV_CAT_NPI_PORTF_INV_IND,2015,2014,0,2015-02-28,USD,-5427380.0
RBI:FR_INV_INFLW_RN(1.0),N_A,M,N_A,INV_EQT,2015,2014,0,2015-02-28,USD,3377149179
RBI:FR_INV_INFLW_RN(1.0),N_A,M,N_A,INV_FDI_EQT,2015,2014,0,2015-02-28,USD,366879444
RBI:FR_INV_INFLW_RN(1.0),N_A,M,N_A,INV_FDI_OTH_CAP,2015,2014,0,2015-02-28,USD,201190000
RBI:FR_INV_INFLW_RN(1.0),N_A,M,N_A,INV_FDI_RE_INV_EAR,2015,2014,0,2015-02-28,USD,278090833
RBI:FR_INV_INFLW_RN(1.0),N_A,M,N_A,INV_FDI_RPTN_DINVT,2015,2014,0,2015-02-28,USD,572278717
RBI:FR_INV_INFLW_RN(1.0),N_A,M,N_A,INV_FII,2015,2014,0,2015-02-28,USD,6988973906
RBI:FR_INV_INFLW_RN(1.0),N_A,M,N_A,INV_OTH_CAP,2015,2014,0,2015-02-28,USD,415333333
RBI:FR_INV_INFLW_RN(1.0),N_A,M,N_A,INV_REP_EQT,2015,2014,0,2015-02-28,USD,1191392287
RBI:FR_INV_INFLW_RN(1.0),N_A,M,N_A,INV_REP_OTH_CAP,2015,2014,0,2015-02-28,USD,24053589
RBI:FR_INV_INFLW_RN(1.0),N_A,M,N_A,INV_RE_INV_EAR,2015,2014,0,2015-02-28,USD,911605680
RBI:FR_INV_INFLW_RN(1.0),N_A,M,N_A,INV_RPTN_DINVT,2015,2014,0,2015-02-28,USD,1215445876
RBI:FR_INV_INFLW_RN(1.0),N_A,M,N_A,EQT_ACQ_SHAR,2015,2014,0,2015-03-31,USD,235601555
RBI:FR_INV_INFLW_RN(1.0),N_A,M,N_A,EQT_CAP_UNINC_BOD,2015,2014,0,2015-03-31,USD,89270376
RBI:FR_INV_INFLW_RN(1.0),N_A,M,N_A,EQT_GOVT_SIA_FIPB,2015,2014,0,2015-03-31,USD,241411502
RBI:FR_INV_INFLW_RN(1.0),N_A,M,N_A,EQT_RBI,2015,2014,0,2015-03-31,USD,1640069784
RBI:FR_INV_INFLW_RN(1.0),N_A,M,N_A,INV_CAT_NET_FR_DIR_INV,2015,2014,0,2015-03-31,USD,1588154793
RBI:FR_INV_INFLW_RN(1.0),N_A,M,N_A,INV_CAT_NET_PORTF_INV,2015,2014,0,2015-03-31,USD,3308494626
RBI:FR_INV_INFLW_RN(1.0),N_A,M,N_A,INV_CAT_NFDI_DII_GROSS_INF_INV,2015,2014,0,2015-03-31,USD,3533292231
RBI:FR_INV_INFLW_RN(1.0),N_A,M,N_A,INV_CAT_NFDI_DI_IND,2015,2014,0,2015-03-31,USD,2317846354
RBI:FR_INV_INFLW_RN(1.0),N_A,M,N_A,INV_CAT_NFDI_FDII,2015,2014,0,2015-03-31,USD,729691561
RBI:FR_INV_INFLW_RN(1.0),N_A,M,N_A,INV_CAT_NPI_FII,2015,2014,0,2015-03-31,USD,2032347246
RBI:FR_INV_INFLW_RN(1.0),N_A,M,N_A,INV_CAT_NPI_GDR_ADR,2015,2014,0,2015-03-31,USD,1270720000
RBI:FR_INV_INFLW_RN(1.0),N_A,M,N_A,INV_CAT_NPI_OFF_FND_OTH,2015,2014,0,2015-03-31,USD,0.0
RBI:FR_INV_INFLW_RN(1.0),N_A,M,N_A,INV_CAT_NPI_PORTF_INV_IND,2015,2014,0,2015-03-31,USD,-5427380.0
RBI:FR_INV_INFLW_RN(1.0),N_A,M,N_A,INV_EQT,2015,2014,0,2015-03-31,USD,2206353217
RBI:FR_INV_INFLW_RN(1.0),N_A,M,N_A,INV_FDI_EQT,2015,2014,0,2015-03-31,USD,541399444
RBI:FR_INV_INFLW_RN(1.0),N_A,M,N_A,INV_FDI_OTH_CAP,2015,2014,0,2015-03-31,USD,482480000
RBI:FR_INV_INFLW_RN(1.0),N_A,M,N_A,INV_FDI_RE_INV_EAR,2015,2014,0,2015-03-31,USD,278090833
RBI:FR_INV_INFLW_RN(1.0),N_A,M,N_A,INV_FDI_RPTN_DINVT,2015,2014,0,2015-03-31,USD,572278717
RBI:FR_INV_INFLW_RN(1.0),N_A,M,N_A,INV_FII,2015,2014,0,2015-03-31,USD,4896649420
RBI:FR_INV_INFLW_RN(1.0),N_A,M,N_A,INV_OTH_CAP,2015,2014,0,2015-03-31,USD,415333333
RBI:FR_INV_INFLW_RN(1.0),N_A,M,N_A,INV_REP_EQT,2015,2014,0,2015-03-31,USD,1191392287
RBI:FR_INV_INFLW_RN(1.0),N_A,M,N_A,INV_REP_OTH_CAP,2015,2014,0,2015-03-31,USD,24053589
RBI:FR_INV_INFLW_RN(1.0),N_A,M,N_A,INV_RE_INV_EAR,2015,2014,0,2015-03-31,USD,911605680
RBI:FR_INV_INFLW_RN(1.0),N_A,M,N_A,INV_RPTN_DINVT,2015,2014,0,2015-03-31,USD,1215445876
RBI:FR_INV_INFLW_RN(1.0),N_A,M,N_A,EQT_ACQ_SHAR,2016,2015,0,2015-04-30,USD,301351194
RBI:FR_INV_INFLW_RN(1.0),N_A,M,N_A,EQT_CAP_UNINC_BOD,2016,2015,0,2015-04-30,USD,75565327
RBI:FR_INV_INFLW_RN(1.0),N_A,M,N_A,EQT_GOVT_SIA_FIPB,2016,2015,0,2015-04-30,USD,78522419
RBI:FR_INV_INFLW_RN(1.0),N_A,M,N_A,EQT_RBI,2016,2015,0,2015-04-30,USD,3224706715
RBI:FR_INV_INFLW_RN(1.0),N_A,M,N_A,INV_CAT_NET_FR_DIR_INV,2016,2015,0,2015-04-30,USD,3764085616
RBI:FR_INV_INFLW_RN(1.0),N_A,M,N_A,INV_CAT_NET_PORTF_INV,2016,2015,0,2015-04-30,USD,4299686762
RBI:FR_INV_INFLW_RN(1.0),N_A,M,N_A,INV_CAT_NFDI_DII_GROSS_INF_INV,2016,2015,0,2015-04-30,USD,5144798968
RBI:FR_INV_INFLW_RN(1.0),N_A,M,N_A,INV_CAT_NFDI_DI_IND,2016,2015,0,2015-04-30,USD,4251403187
RBI:FR_INV_INFLW_RN(1.0),N_A,M,N_A,INV_CAT_NFDI_FDII,2016,2015,0,2015-04-30,USD,487317571
RBI:FR_INV_INFLW_RN(1.0),N_A,M,N_A,INV_CAT_NPI_FII,2016,2015,0,2015-04-30,USD,3970830000
RBI:FR_INV_INFLW_RN(1.0),N_A,M,N_A,INV_CAT_NPI_GDR_ADR,2016,2015,0,2015-04-30,USD,273349000
RBI:FR_INV_INFLW_RN(1.0),N_A,M,N_A,INV_CAT_NPI_OFF_FND_OTH,2016,2015,0,2015-04-30,USD,0.0
RBI:FR_INV_INFLW_RN(1.0),N_A,M,N_A,INV_CAT_NPI_PORTF_INV_IND,2016,2015,0,2015-04-30,USD,-55507762
RBI:FR_INV_INFLW_RN(1.0),N_A,M,N_A,INV_EQT,2016,2015,0,2015-04-30,USD,3680145654
RBI:FR_INV_INFLW_RN(1.0),N_A,M,N_A,INV_FDI_EQT,2016,2015,0,2015-04-30,USD,320319444
RBI:FR_INV_INFLW_RN(1.0),N_A,M,N_A,INV_FDI_OTH_CAP,2016,2015,0,2015-04-30,USD,329120000
RBI:FR_INV_INFLW_RN(1.0),N_A,M,N_A,INV_FDI_RE_INV_EAR,2016,2015,0,2015-04-30,USD,278090833
RBI:FR_INV_INFLW_RN(1.0),N_A,M,N_A,INV_FDI_RPTN_DINVT,2016,2015,0,2015-04-30,USD,440212707
RBI:FR_INV_INFLW_RN(1.0),N_A,M,N_A,INV_FII,2016,2015,0,2015-04-30,USD,8063772379
RBI:FR_INV_INFLW_RN(1.0),N_A,M,N_A,INV_OTH_CAP,2016,2015,0,2015-04-30,USD,693000000
RBI:FR_INV_INFLW_RN(1.0),N_A,M,N_A,INV_REP_EQT,2016,2015,0,2015-04-30,USD,872492243
RBI:FR_INV_INFLW_RN(1.0),N_A,M,N_A,INV_REP_OTH_CAP,2016,2015,0,2015-04-30,USD,20903537
RBI:FR_INV_INFLW_RN(1.0),N_A,M,N_A,INV_RE_INV_EAR,2016,2015,0,2015-04-30,USD,771653313
RBI:FR_INV_INFLW_RN(1.0),N_A,M,N_A,INV_RPTN_DINVT,2016,2015,0,2015-04-30,USD,893395780
RBI:FR_INV_INFLW_RN(1.0),N_A,M,N_A,EQT_ACQ_SHAR,2016,2015,0,2015-05-31,USD,168181654
RBI:FR_INV_INFLW_RN(1.0),N_A,M,N_A,EQT_CAP_UNINC_BOD,2016,2015,0,2015-05-31,USD,75565327
RBI:FR_INV_INFLW_RN(1.0),N_A,M,N_A,EQT_GOVT_SIA_FIPB,2016,2015,0,2015-05-31,USD,502569580
RBI:FR_INV_INFLW_RN(1.0),N_A,M,N_A,EQT_RBI,2016,2015,0,2015-05-31,USD,3179309345
RBI:FR_INV_INFLW_RN(1.0),N_A,M,N_A,INV_CAT_NET_FR_DIR_INV,2016,2015,0,2015-05-31,USD,4060125869
RBI:FR_INV_INFLW_RN(1.0),N_A,M,N_A,INV_CAT_NET_PORTF_INV,2016,2015,0,2015-05-31,USD,-1906892238
RBI:FR_INV_INFLW_RN(1.0),N_A,M,N_A,INV_CAT_NFDI_DII_GROSS_INF_INV,2016,2015,0,2015-05-31,USD,5390279220
RBI:FR_INV_INFLW_RN(1.0),N_A,M,N_A,INV_CAT_NFDI_DI_IND,2016,2015,0,2015-05-31,USD,4496883440
RBI:FR_INV_INFLW_RN(1.0),N_A,M,N_A,INV_CAT_NFDI_FDII,2016,2015,0,2015-05-31,USD,436757571
RBI:FR_INV_INFLW_RN(1.0),N_A,M,N_A,INV_CAT_NPI_FII,2016,2015,0,2015-05-31,USD,-1962400000
RBI:FR_INV_INFLW_RN(1.0),N_A,M,N_A,INV_CAT_NPI_GDR_ADR,2016,2015,0,2015-05-31,USD,0.0
RBI:FR_INV_INFLW_RN(1.0),N_A,M,N_A,INV_CAT_NPI_OFF_FND_OTH,2016,2015,0,2015-05-31,USD,0.0
RBI:FR_INV_INFLW_RN(1.0),N_A,M,N_A,INV_CAT_NPI_PORTF_INV_IND,2016,2015,0,2015-05-31,USD,-55507762
RBI:FR_INV_INFLW_RN(1.0),N_A,M,N_A,INV_EQT,2016,2015,0,2015-05-31,USD,3925625907
RBI:FR_INV_INFLW_RN(1.0),N_A,M,N_A,INV_FDI_EQT,2016,2015,0,2015-05-31,USD,392609444
RBI:FR_INV_INFLW_RN(1.0),N_A,M,N_A,INV_FDI_OTH_CAP,2016,2015,0,2015-05-31,USD,206270000
RBI:FR_INV_INFLW_RN(1.0),N_A,M,N_A,INV_FDI_RE_INV_EAR,2016,2015,0,2015-05-31,USD,278090833
RBI:FR_INV_INFLW_RN(1.0),N_A,M,N_A,INV_FDI_RPTN_DINVT,2016,2015,0,2015-05-31,USD,440212707
RBI:FR_INV_INFLW_RN(1.0),N_A,M,N_A,INV_FII,2016,2015,0,2015-05-31,USD,2153233631
RBI:FR_INV_INFLW_RN(1.0),N_A,M,N_A,INV_OTH_CAP,2016,2015,0,2015-05-31,USD,693000000
RBI:FR_INV_INFLW_RN(1.0),N_A,M,N_A,INV_REP_EQT,2016,2015,0,2015-05-31,USD,872492243
RBI:FR_INV_INFLW_RN(1.0),N_A,M,N_A,INV_REP_OTH_CAP,2016,2015,0,2015-05-31,USD,20903537
RBI:FR_INV_INFLW_RN(1.0),N_A,M,N_A,INV_RE_INV_EAR,2016,2015,0,2015-05-31,USD,771653313
RBI:FR_INV_INFLW_RN(1.0),N_A,M,N_A,INV_RPTN_DINVT,2016,2015,0,2015-05-31,USD,893395780
RBI:FR_INV_INFLW_RN(1.0),N_A,M,N_A,EQT_ACQ_SHAR,2016,2015,0,2015-06-30,USD,280299305
RBI:FR_INV_INFLW_RN(1.0),N_A,M,N_A,EQT_CAP_UNINC_BOD,2016,2015,0,2015-06-30,USD,75565327
RBI:FR_INV_INFLW_RN(1.0),N_A,M,N_A,EQT_GOVT_SIA_FIPB,2016,2015,0,2015-06-30,USD,169115964
RBI:FR_INV_INFLW_RN(1.0),N_A,M,N_A,EQT_RBI,2016,2015,0,2015-06-30,USD,1604246926
RBI:FR_INV_INFLW_RN(1.0),N_A,M,N_A,INV_CAT_NET_FR_DIR_INV,2016,2015,0,2015-06-30,USD,2178867484
RBI:FR_INV_INFLW_RN(1.0),N_A,M,N_A,INV_CAT_NET_PORTF_INV,2016,2015,0,2015-06-30,USD,-2169402238
RBI:FR_INV_INFLW_RN(1.0),N_A,M,N_A,INV_CAT_NFDI_DII_GROSS_INF_INV,2016,2015,0,2015-06-30,USD,3593880835
RBI:FR_INV_INFLW_RN(1.0),N_A,M,N_A,INV_CAT_NFDI_DI_IND,2016,2015,0,2015-06-30,USD,2700485055
RBI:FR_INV_INFLW_RN(1.0),N_A,M,N_A,INV_CAT_NFDI_FDII,2016,2015,0,2015-06-30,USD,521617571
RBI:FR_INV_INFLW_RN(1.0),N_A,M,N_A,INV_CAT_NPI_FII,2016,2015,0,2015-06-30,USD,-2224910000
RBI:FR_INV_INFLW_RN(1.0),N_A,M,N_A,INV_CAT_NPI_GDR_ADR,2016,2015,0,2015-06-30,USD,0.0
RBI:FR_INV_INFLW_RN(1.0),N_A,M,N_A,INV_CAT_NPI_OFF_FND_OTH,2016,2015,0,2015-06-30,USD,0.0
RBI:FR_INV_INFLW_RN(1.0),N_A,M,N_A,INV_CAT_NPI_PORTF_INV_IND,2016,2015,0,2015-06-30,USD,-55507762
RBI:FR_INV_INFLW_RN(1.0),N_A,M,N_A,INV_EQT,2016,2015,0,2015-06-30,USD,2129227522.0000002
RBI:FR_INV_INFLW_RN(1.0),N_A,M,N_A,INV_FDI_EQT,2016,2015,0,2015-06-30,USD,447039444
RBI:FR_INV_INFLW_RN(1.0),N_A,M,N_A,INV_FDI_OTH_CAP,2016,2015,0,2015-06-30,USD,236700000
RBI:FR_INV_INFLW_RN(1.0),N_A,M,N_A,INV_FDI_RE_INV_EAR,2016,2015,0,2015-06-30,USD,278090833
RBI:FR_INV_INFLW_RN(1.0),N_A,M,N_A,INV_FDI_RPTN_DINVT,2016,2015,0,2015-06-30,USD,440212707
RBI:FR_INV_INFLW_RN(1.0),N_A,M,N_A,INV_FII,2016,2015,0,2015-06-30,USD,9465246.0
RBI:FR_INV_INFLW_RN(1.0),N_A,M,N_A,INV_OTH_CAP,2016,2015,0,2015-06-30,USD,693000000
RBI:FR_INV_INFLW_RN(1.0),N_A,M,N_A,INV_REP_EQT,2016,2015,0,2015-06-30,USD,872492243
RBI:FR_INV_INFLW_RN(1.0),N_A,M,N_A,INV_REP_OTH_CAP,2016,2015,0,2015-06-30,USD,20903537
RBI:FR_INV_INFLW_RN(1.0),N_A,M,N_A,INV_RE_INV_EAR,2016,2015,0,2015-06-30,USD,771653313
RBI:FR_INV_INFLW_RN(1.0),N_A,M,N_A,INV_RPTN_DINVT,2016,2015,0,2015-06-30,USD,893395780
RBI:FR_INV_INFLW_RN(1.0),N_A,M,N_A,EQT_ACQ_SHAR,2016,2015,0,2015-07-31,USD,165743751
RBI:FR_INV_INFLW_RN(1.0),N_A,M,N_A,EQT_CAP_UNINC_BOD,2016,2015,0,2015-07-31,USD,77323984
RBI:FR_INV_INFLW_RN(1.0),N_A,M,N_A,EQT_GOVT_SIA_FIPB,2016,2015,0,2015-07-31,USD,90843906
RBI:FR_INV_INFLW_RN(1.0),N_A,M,N_A,EQT_RBI,2016,2015,0,2015-07-31,USD,1749950940
RBI:FR_INV_INFLW_RN(1.0),N_A,M,N_A,INV_CAT_NET_FR_DIR_INV,2016,2015,0,2015-07-31,USD,1864480622
RBI:FR_INV_INFLW_RN(1.0),N_A,M,N_A,INV_CAT_NET_PORTF_INV,2016,2015,0,2015-07-31,USD,483758505
RBI:FR_INV_INFLW_RN(1.0),N_A,M,N_A,INV_CAT_NFDI_DII_GROSS_INF_INV,2016,2015,0,2015-07-31,USD,3086474832
RBI:FR_INV_INFLW_RN(1.0),N_A,M,N_A,INV_CAT_NFDI_DI_IND,2016,2015,0,2015-07-31,USD,2351309154
RBI:FR_INV_INFLW_RN(1.0),N_A,M,N_A,INV_CAT_NFDI_FDII,2016,2015,0,2015-07-31,USD,486828533
RBI:FR_INV_INFLW_RN(1.0),N_A,M,N_A,INV_CAT_NPI_FII,2016,2015,0,2015-07-31,USD,348363333
RBI:FR_INV_INFLW_RN(1.0),N_A,M,N_A,INV_CAT_NPI_GDR_ADR,2016,2015,0,2015-07-31,USD,100006000
RBI:FR_INV_INFLW_RN(1.0),N_A,M,N_A,INV_CAT_NPI_OFF_FND_OTH,2016,2015,0,2015-07-31,USD,0.0
RBI:FR_INV_INFLW_RN(1.0),N_A,M,N_A,INV_CAT_NPI_PORTF_INV_IND,2016,2015,0,2015-07-31,USD,-35389172
RBI:FR_INV_INFLW_RN(1.0),N_A,M,N_A,INV_EQT,2016,2015,0,2015-07-31,USD,2083862580.9999998
RBI:FR_INV_INFLW_RN(1.0),N_A,M,N_A,INV_FDI_EQT,2016,2015,0,2015-07-31,USD,372009444
RBI:FR_INV_INFLW_RN(1.0),N_A,M,N_A,INV_FDI_OTH_CAP,2016,2015,0,2015-07-31,USD,159950000
RBI:FR_INV_INFLW_RN(1.0),N_A,M,N_A,INV_FDI_RE_INV_EAR,2016,2015,0,2015-07-31,USD,278090833
RBI:FR_INV_INFLW_RN(1.0),N_A,M,N_A,INV_FDI_RPTN_DINVT,2016,2015,0,2015-07-31,USD,323221745
RBI:FR_INV_INFLW_RN(1.0),N_A,M,N_A,INV_FII,2016,2015,0,2015-07-31,USD,2348239127
RBI:FR_INV_INFLW_RN(1.0),N_A,M,N_A,INV_OTH_CAP,2016,2015,0,2015-07-31,USD,213000000
RBI:FR_INV_INFLW_RN(1.0),N_A,M,N_A,INV_REP_EQT,2016,2015,0,2015-07-31,USD,733600930
RBI:FR_INV_INFLW_RN(1.0),N_A,M,N_A,INV_REP_OTH_CAP,2016,2015,0,2015-07-31,USD,1564749.0
RBI:FR_INV_INFLW_RN(1.0),N_A,M,N_A,INV_RE_INV_EAR,2016,2015,0,2015-07-31,USD,789612252
RBI:FR_INV_INFLW_RN(1.0),N_A,M,N_A,INV_RPTN_DINVT,2016,2015,0,2015-07-31,USD,735165678
RBI:FR_INV_INFLW_RN(1.0),N_A,M,N_A,EQT_ACQ_SHAR,2016,2015,0,2015-08-31,USD,276303922
RBI:FR_INV_INFLW_RN(1.0),N_A,M,N_A,EQT_CAP_UNINC_BOD,2016,2015,0,2015-08-31,USD,77323984
RBI:FR_INV_INFLW_RN(1.0),N_A,M,N_A,EQT_GOVT_SIA_FIPB,2016,2015,0,2015-08-31,USD,58953322
RBI:FR_INV_INFLW_RN(1.0),N_A,M,N_A,EQT_RBI,2016,2015,0,2015-08-31,USD,1884727349
RBI:FR_INV_INFLW_RN(1.0),N_A,M,N_A,INV_CAT_NET_FR_DIR_INV,2016,2015,0,2015-08-31,USD,2087626617
RBI:FR_INV_INFLW_RN(1.0),N_A,M,N_A,INV_CAT_NET_PORTF_INV,2016,2015,0,2015-08-31,USD,-2468387495
RBI:FR_INV_INFLW_RN(1.0),N_A,M,N_A,INV_CAT_NFDI_DII_GROSS_INF_INV,2016,2015,0,2015-08-31,USD,3299920828
RBI:FR_INV_INFLW_RN(1.0),N_A,M,N_A,INV_CAT_NFDI_DI_IND,2016,2015,0,2015-08-31,USD,2564755150
RBI:FR_INV_INFLW_RN(1.0),N_A,M,N_A,INV_CAT_NFDI_FDII,2016,2015,0,2015-08-31,USD,477128533
RBI:FR_INV_INFLW_RN(1.0),N_A,M,N_A,INV_CAT_NPI_FII,2016,2015,0,2015-08-31,USD,-2503776667
RBI:FR_INV_INFLW_RN(1.0),N_A,M,N_A,INV_CAT_NPI_GDR_ADR,2016,2015,0,2015-08-31,USD,0.0
RBI:FR_INV_INFLW_RN(1.0),N_A,M,N_A,INV_CAT_NPI_OFF_FND_OTH,2016,2015,0,2015-08-31,USD,0.0
RBI:FR_INV_INFLW_RN(1.0),N_A,M,N_A,INV_CAT_NPI_PORTF_INV_IND,2016,2015,0,2015-08-31,USD,-35389172
RBI:FR_INV_INFLW_RN(1.0),N_A,M,N_A,INV_EQT,2016,2015,0,2015-08-31,USD,2297308576
RBI:FR_INV_INFLW_RN(1.0),N_A,M,N_A,INV_FDI_EQT,2016,2015,0,2015-08-31,USD,343009444
RBI:FR_INV_INFLW_RN(1.0),N_A,M,N_A,INV_FDI_OTH_CAP,2016,2015,0,2015-08-31,USD,179250000
RBI:FR_INV_INFLW_RN(1.0),N_A,M,N_A,INV_FDI_RE_INV_EAR,2016,2015,0,2015-08-31,USD,278090833
RBI:FR_INV_INFLW_RN(1.0),N_A,M,N_A,INV_FDI_RPTN_DINVT,2016,2015,0,2015-08-31,USD,323221745
RBI:FR_INV_INFLW_RN(1.0),N_A,M,N_A,INV_FII,2016,2015,0,2015-08-31,USD,-380760878
RBI:FR_INV_INFLW_RN(1.0),N_A,M,N_A,INV_OTH_CAP,2016,2015,0,2015-08-31,USD,213000000
RBI:FR_INV_INFLW_RN(1.0),N_A,M,N_A,INV_REP_EQT,2016,2015,0,2015-08-31,USD,733600930
RBI:FR_INV_INFLW_RN(1.0),N_A,M,N_A,INV_REP_OTH_CAP,2016,2015,0,2015-08-31,USD,1564749.0
RBI:FR_INV_INFLW_RN(1.0),N_A,M,N_A,INV_RE_INV_EAR,2016,2015,0,2015-08-31,USD,789612252
RBI:FR_INV_INFLW_RN(1.0),N_A,M,N_A,INV_RPTN_DINVT,2016,2015,0,2015-08-31,USD,735165678
RBI:FR_INV_INFLW_RN(1.0),N_A,M,N_A,EQT_ACQ_SHAR,2016,2015,0,2015-09-30,USD,183970898
RBI:FR_INV_INFLW_RN(1.0),N_A,M,N_A,EQT_CAP_UNINC_BOD,2016,2015,0,2015-09-30,USD,77323984
RBI:FR_INV_INFLW_RN(1.0),N_A,M,N_A,EQT_GOVT_SIA_FIPB,2016,2015,0,2015-09-30,USD,51352348
RBI:FR_INV_INFLW_RN(1.0),N_A,M,N_A,EQT_RBI,2016,2015,0,2015-09-30,USD,2661278892
RBI:FR_INV_INFLW_RN(1.0),N_A,M,N_A,INV_CAT_NET_FR_DIR_INV,2016,2015,0,2015-09-30,USD,2567454162
RBI:FR_INV_INFLW_RN(1.0),N_A,M,N_A,INV_CAT_NET_PORTF_INV,2016,2015,0,2015-09-30,USD,-1384407495
RBI:FR_INV_INFLW_RN(1.0),N_A,M,N_A,INV_CAT_NFDI_DII_GROSS_INF_INV,2016,2015,0,2015-09-30,USD,3976538373
RBI:FR_INV_INFLW_RN(1.0),N_A,M,N_A,INV_CAT_NFDI_DI_IND,2016,2015,0,2015-09-30,USD,3241372695
RBI:FR_INV_INFLW_RN(1.0),N_A,M,N_A,INV_CAT_NFDI_FDII,2016,2015,0,2015-09-30,USD,673918533
RBI:FR_INV_INFLW_RN(1.0),N_A,M,N_A,INV_CAT_NPI_FII,2016,2015,0,2015-09-30,USD,-1419796667
RBI:FR_INV_INFLW_RN(1.0),N_A,M,N_A,INV_CAT_NPI_GDR_ADR,2016,2015,0,2015-09-30,USD,0.0
RBI:FR_INV_INFLW_RN(1.0),N_A,M,N_A,INV_CAT_NPI_OFF_FND_OTH,2016,2015,0,2015-09-30,USD,0.0
RBI:FR_INV_INFLW_RN(1.0),N_A,M,N_A,INV_CAT_NPI_PORTF_INV_IND,2016,2015,0,2015-09-30,USD,-35389172
RBI:FR_INV_INFLW_RN(1.0),N_A,M,N_A,INV_EQT,2016,2015,0,2015-09-30,USD,2973926122
RBI:FR_INV_INFLW_RN(1.0),N_A,M,N_A,INV_FDI_EQT,2016,2015,0,2015-09-30,USD,310329444
RBI:FR_INV_INFLW_RN(1.0),N_A,M,N_A,INV_FDI_OTH_CAP,2016,2015,0,2015-09-30,USD,408720000
RBI:FR_INV_INFLW_RN(1.0),N_A,M,N_A,INV_FDI_RE_INV_EAR,2016,2015,0,2015-09-30,USD,278090833
RBI:FR_INV_INFLW_RN(1.0),N_A,M,N_A,INV_FDI_RPTN_DINVT,2016,2015,0,2015-09-30,USD,323221745
RBI:FR_INV_INFLW_RN(1.0),N_A,M,N_A,INV_FII,2016,2015,0,2015-09-30,USD,1183046667
RBI:FR_INV_INFLW_RN(1.0),N_A,M,N_A,INV_OTH_CAP,2016,2015,0,2015-09-30,USD,213000000
RBI:FR_INV_INFLW_RN(1.0),N_A,M,N_A,INV_REP_EQT,2016,2015,0,2015-09-30,USD,733600930
RBI:FR_INV_INFLW_RN(1.0),N_A,M,N_A,INV_REP_OTH_CAP,2016,2015,0,2015-09-30,USD,1564749.0
RBI:FR_INV_INFLW_RN(1.0),N_A,M,N_A,INV_RE_INV_EAR,2016,2015,0,2015-09-30,USD,789612252
RBI:FR_INV_INFLW_RN(1.0),N_A,M,N_A,INV_RPTN_DINVT,2016,2015,0,2015-09-30,USD,735165678
RBI:FR_INV_INFLW_RN(1.0),N_A,M,N_A,EQT_ACQ_SHAR,2016,2015,0,2015-10-31,USD,566026733
RBI:FR_INV_INFLW_RN(1.0),N_A,M,N_A,EQT_CAP_UNINC_BOD,2016,2015,0,2015-10-31,USD,105199464
RBI:FR_INV_INFLW_RN(1.0),N_A,M,N_A,EQT_GOVT_SIA_FIPB,2016,2015,0,2015-10-31,USD,1756406149
RBI:FR_INV_INFLW_RN(1.0),N_A,M,N_A,EQT_RBI,2016,2015,0,2015-10-31,USD,2919816708
RBI:FR_INV_INFLW_RN(1.0),N_A,M,N_A,INV_CAT_NET_FR_DIR_INV,2016,2015,0,2015-10-31,USD,4618989153
RBI:FR_INV_INFLW_RN(1.0),N_A,M,N_A,INV_CAT_NET_PORTF_INV,2016,2015,0,2015-10-31,USD,5288239962
RBI:FR_INV_INFLW_RN(1.0),N_A,M,N_A,INV_CAT_NFDI_DII_GROSS_INF_INV,2016,2015,0,2015-10-31,USD,6410357108
RBI:FR_INV_INFLW_RN(1.0),N_A,M,N_A,INV_CAT_NFDI_DI_IND,2016,2015,0,2015-10-31,USD,5610723368
RBI:FR_INV_INFLW_RN(1.0),N_A,M,N_A,INV_CAT_NFDI_FDII,2016,2015,0,2015-10-31,USD,991734215
RBI:FR_INV_INFLW_RN(1.0),N_A,M,N_A,INV_CAT_NPI_FII,2016,2015,0,2015-10-31,USD,5291316667
RBI:FR_INV_INFLW_RN(1.0),N_A,M,N_A,INV_CAT_NPI_GDR_ADR,2016,2015,0,2015-10-31,USD,0.0
RBI:FR_INV_INFLW_RN(1.0),N_A,M,N_A,INV_CAT_NPI_OFF_FND_OTH,2016,2015,0,2015-10-31,USD,0.0
RBI:FR_INV_INFLW_RN(1.0),N_A,M,N_A,INV_CAT_NPI_PORTF_INV_IND,2016,2015,0,2015-10-31,USD,3076705.0
RBI:FR_INV_INFLW_RN(1.0),N_A,M,N_A,INV_EQT,2016,2015,0,2015-10-31,USD,5347449053
RBI:FR_INV_INFLW_RN(1.0),N_A,M,N_A,INV_FDI_EQT,2016,2015,0,2015-10-31,USD,405679444
RBI:FR_INV_INFLW_RN(1.0),N_A,M,N_A,INV_FDI_OTH_CAP,2016,2015,0,2015-10-31,USD,530210000.00000006
RBI:FR_INV_INFLW_RN(1.0),N_A,M,N_A,INV_FDI_RE_INV_EAR,2016,2015,0,2015-10-31,USD,278090833
RBI:FR_INV_INFLW_RN(1.0),N_A,M,N_A,INV_FDI_RPTN_DINVT,2016,2015,0,2015-10-31,USD,222246063
RBI:FR_INV_INFLW_RN(1.0),N_A,M,N_A,INV_FII,2016,2015,0,2015-10-31,USD,9907229115
RBI:FR_INV_INFLW_RN(1.0),N_A,M,N_A,INV_OTH_CAP,2016,2015,0,2015-10-31,USD,186000000
RBI:FR_INV_INFLW_RN(1.0),N_A,M,N_A,INV_REP_EQT,2016,2015,0,2015-10-31,USD,787760459
RBI:FR_INV_INFLW_RN(1.0),N_A,M,N_A,INV_REP_OTH_CAP,2016,2015,0,2015-10-31,USD,11873281
RBI:FR_INV_INFLW_RN(1.0),N_A,M,N_A,INV_RE_INV_EAR,2016,2015,0,2015-10-31,USD,876908055
RBI:FR_INV_INFLW_RN(1.0),N_A,M,N_A,INV_RPTN_DINVT,2016,2015,0,2015-10-31,USD,799633740
RBI:FR_INV_INFLW_RN(1.0),N_A,M,N_A,EQT_ACQ_SHAR,2016,2015,0,2015-11-30,USD,193894032
RBI:FR_INV_INFLW_RN(1.0),N_A,M,N_A,EQT_CAP_UNINC_BOD,2016,2015,0,2015-11-30,USD,105199464
RBI:FR_INV_INFLW_RN(1.0),N_A,M,N_A,EQT_GOVT_SIA_FIPB,2016,2015,0,2015-11-30,USD,61207620
RBI:FR_INV_INFLW_RN(1.0),N_A,M,N_A,EQT_RBI,2016,2015,0,2015-11-30,USD,2678977978
RBI:FR_INV_INFLW_RN(1.0),N_A,M,N_A,INV_CAT_NET_FR_DIR_INV,2016,2015,0,2015-11-30,USD,2600409194
RBI:FR_INV_INFLW_RN(1.0),N_A,M,N_A,INV_CAT_NET_PORTF_INV,2016,2015,0,2015-11-30,USD,-2973170038
RBI:FR_INV_INFLW_RN(1.0),N_A,M,N_A,INV_CAT_NFDI_DII_GROSS_INF_INV,2016,2015,0,2015-11-30,USD,4102187149.0000005
RBI:FR_INV_INFLW_RN(1.0),N_A,M,N_A,INV_CAT_NFDI_DI_IND,2016,2015,0,2015-11-30,USD,3302553409
RBI:FR_INV_INFLW_RN(1.0),N_A,M,N_A,INV_CAT_NFDI_FDII,2016,2015,0,2015-11-30,USD,702144215
RBI:FR_INV_INFLW_RN(1.0),N_A,M,N_A,INV_CAT_NPI_FII,2016,2015,0,2015-11-30,USD,-2970093333
RBI:FR_INV_INFLW_RN(1.0),N_A,M,N_A,INV_CAT_NPI_GDR_ADR,2016,2015,0,2015-11-30,USD,0.0
RBI:FR_INV_INFLW_RN(1.0),N_A,M,N_A,INV_CAT_NPI_OFF_FND_OTH,2016,2015,0,2015-11-30,USD,0.0
RBI:FR_INV_INFLW_RN(1.0),N_A,M,N_A,INV_CAT_NPI_PORTF_INV_IND,2016,2015,0,2015-11-30,USD,3076705.0
RBI:FR_INV_INFLW_RN(1.0),N_A,M,N_A,INV_EQT,2016,2015,0,2015-11-30,USD,3039279094
RBI:FR_INV_INFLW_RN(1.0),N_A,M,N_A,INV_FDI_EQT,2016,2015,0,2015-11-30,USD,285119444
RBI:FR_INV_INFLW_RN(1.0),N_A,M,N_A,INV_FDI_OTH_CAP,2016,2015,0,2015-11-30,USD,361180000
RBI:FR_INV_INFLW_RN(1.0),N_A,M,N_A,INV_FDI_RE_INV_EAR,2016,2015,0,2015-11-30,USD,278090833
RBI:FR_INV_INFLW_RN(1.0),N_A,M,N_A,INV_FDI_RPTN_DINVT,2016,2015,0,2015-11-30,USD,222246063
RBI:FR_INV_INFLW_RN(1.0),N_A,M,N_A,INV_FII,2016,2015,0,2015-11-30,USD,-372760844
RBI:FR_INV_INFLW_RN(1.0),N_A,M,N_A,INV_OTH_CAP,2016,2015,0,2015-11-30,USD,186000000
RBI:FR_INV_INFLW_RN(1.0),N_A,M,N_A,INV_REP_EQT,2016,2015,0,2015-11-30,USD,787760459
RBI:FR_INV_INFLW_RN(1.0),N_A,M,N_A,INV_REP_OTH_CAP,2016,2015,0,2015-11-30,USD,11873281
RBI:FR_INV_INFLW_RN(1.0),N_A,M,N_A,INV_RE_INV_EAR,2016,2015,0,2015-11-30,USD,876908055
RBI:FR_INV_INFLW_RN(1.0),N_A,M,N_A,INV_RPTN_DINVT,2016,2015,0,2015-11-30,USD,799633740
RBI:FR_INV_INFLW_RN(1.0),N_A,M,N_A,EQT_ACQ_SHAR,2016,2015,0,2015-12-31,USD,303605189
RBI:FR_INV_INFLW_RN(1.0),N_A,M,N_A,EQT_CAP_UNINC_BOD,2016,2015,0,2015-12-31,USD,105199464
RBI:FR_INV_INFLW_RN(1.0),N_A,M,N_A,EQT_GOVT_SIA_FIPB,2016,2015,0,2015-12-31,USD,106046291
RBI:FR_INV_INFLW_RN(1.0),N_A,M,N_A,EQT_RBI,2016,2015,0,2015-12-31,USD,4225039407.9999995
RBI:FR_INV_INFLW_RN(1.0),N_A,M,N_A,INV_CAT_NET_FR_DIR_INV,2016,2015,0,2015-12-31,USD,3482870451
RBI:FR_INV_INFLW_RN(1.0),N_A,M,N_A,INV_CAT_NET_PORTF_INV,2016,2015,0,2015-12-31,USD,-1761210038
RBI:FR_INV_INFLW_RN(1.0),N_A,M,N_A,INV_CAT_NFDI_DII_GROSS_INF_INV,2016,2015,0,2015-12-31,USD,5802798407
RBI:FR_INV_INFLW_RN(1.0),N_A,M,N_A,INV_CAT_NFDI_DI_IND,2016,2015,0,2015-12-31,USD,5003164666
RBI:FR_INV_INFLW_RN(1.0),N_A,M,N_A,INV_CAT_NFDI_FDII,2016,2015,0,2015-12-31,USD,1520294215
RBI:FR_INV_INFLW_RN(1.0),N_A,M,N_A,INV_CAT_NPI_FII,2016,2015,0,2015-12-31,USD,-1758133333
RBI:FR_INV_INFLW_RN(1.0),N_A,M,N_A,INV_CAT_NPI_GDR_ADR,2016,2015,0,2015-12-31,USD,0.0
RBI:FR_INV_INFLW_RN(1.0),N_A,M,N_A,INV_CAT_NPI_OFF_FND_OTH,2016,2015,0,2015-12-31,USD,0.0
RBI:FR_INV_INFLW_RN(1.0),N_A,M,N_A,INV_CAT_NPI_PORTF_INV_IND,2016,2015,0,2015-12-31,USD,3076705.0
RBI:FR_INV_INFLW_RN(1.0),N_A,M,N_A,INV_EQT,2016,2015,0,2015-12-31,USD,4739890351
RBI:FR_INV_INFLW_RN(1.0),N_A,M,N_A,INV_FDI_EQT,2016,2015,0,2015-12-31,USD,1243159444
RBI:FR_INV_INFLW_RN(1.0),N_A,M,N_A,INV_FDI_OTH_CAP,2016,2015,0,2015-12-31,USD,221290000
RBI:FR_INV_INFLW_RN(1.0),N_A,M,N_A,INV_FDI_RE_INV_EAR,2016,2015,0,2015-12-31,USD,278090833
RBI:FR_INV_INFLW_RN(1.0),N_A,M,N_A,INV_FDI_RPTN_DINVT,2016,2015,0,2015-12-31,USD,222246063
RBI:FR_INV_INFLW_RN(1.0),N_A,M,N_A,INV_FII,2016,2015,0,2015-12-31,USD,1721660413
RBI:FR_INV_INFLW_RN(1.0),N_A,M,N_A,INV_OTH_CAP,2016,2015,0,2015-12-31,USD,186000000
RBI:FR_INV_INFLW_RN(1.0),N_A,M,N_A,INV_REP_EQT,2016,2015,0,2015-12-31,USD,787760459
RBI:FR_INV_INFLW_RN(1.0),N_A,M,N_A,INV_REP_OTH_CAP,2016,2015,0,2015-12-31,USD,11873281
RBI:FR_INV_INFLW_RN(1.0),N_A,M,N_A,INV_RE_INV_EAR,2016,2015,0,2015-12-31,USD,876908055
RBI:FR_INV_INFLW_RN(1.0),N_A,M,N_A,INV_RPTN_DINVT,2016,2015,0,2015-12-31,USD,799633740
RBI:FR_INV_INFLW_RN(1.0),N_A,M,N_A,EQT_ACQ_SHAR,2016,2015,0,2016-01-31,USD,619624394
RBI:FR_INV_INFLW_RN(1.0),N_A,M,N_A,EQT_CAP_UNINC_BOD,2016,2015,0,2016-01-31,USD,112130688
RBI:FR_INV_INFLW_RN(1.0),N_A,M,N_A,EQT_GOVT_SIA_FIPB,2016,2015,0,2016-01-31,USD,104738211
RBI:FR_INV_INFLW_RN(1.0),N_A,M,N_A,EQT_RBI,2016,2015,0,2016-01-31,USD,4251042983.0000005
RBI:FR_INV_INFLW_RN(1.0),N_A,M,N_A,INV_CAT_NET_FR_DIR_INV,2016,2015,0,2016-01-31,USD,4418039069
RBI:FR_INV_INFLW_RN(1.0),N_A,M,N_A,INV_CAT_NET_PORTF_INV,2016,2015,0,2016-01-31,USD,-1143845271
RBI:FR_INV_INFLW_RN(1.0),N_A,M,N_A,INV_CAT_NFDI_DII_GROSS_INF_INV,2016,2015,0,2016-01-31,USD,6372998704
RBI:FR_INV_INFLW_RN(1.0),N_A,M,N_A,INV_CAT_NFDI_DI_IND,2016,2015,0,2016-01-31,USD,5250519036
RBI:FR_INV_INFLW_RN(1.0),N_A,M,N_A,INV_CAT_NFDI_FDII,2016,2015,0,2016-01-31,USD,832479967
RBI:FR_INV_INFLW_RN(1.0),N_A,M,N_A,INV_CAT_NPI_FII,2016,2015,0,2016-01-31,USD,-893633333
RBI:FR_INV_INFLW_RN(1.0),N_A,M,N_A,INV_CAT_NPI_GDR_ADR,2016,2015,0,2016-01-31,USD,0.0
RBI:FR_INV_INFLW_RN(1.0),N_A,M,N_A,INV_CAT_NPI_OFF_FND_OTH,2016,2015,0,2016-01-31,USD,0.0
RBI:FR_INV_INFLW_RN(1.0),N_A,M,N_A,INV_CAT_NPI_PORTF_INV_IND,2016,2015,0,2016-01-31,USD,250211937
RBI:FR_INV_INFLW_RN(1.0),N_A,M,N_A,INV_EQT,2016,2015,0,2016-01-31,USD,5087536276
RBI:FR_INV_INFLW_RN(1.0),N_A,M,N_A,INV_FDI_EQT,2016,2015,0,2016-01-31,USD,740709444
RBI:FR_INV_INFLW_RN(1.0),N_A,M,N_A,INV_FDI_OTH_CAP,2016,2015,0,2016-01-31,USD,267880000
RBI:FR_INV_INFLW_RN(1.0),N_A,M,N_A,INV_FDI_RE_INV_EAR,2016,2015,0,2016-01-31,USD,278090833
RBI:FR_INV_INFLW_RN(1.0),N_A,M,N_A,INV_FDI_RPTN_DINVT,2016,2015,0,2016-01-31,USD,454200311
RBI:FR_INV_INFLW_RN(1.0),N_A,M,N_A,INV_FII,2016,2015,0,2016-01-31,USD,3274193798
RBI:FR_INV_INFLW_RN(1.0),N_A,M,N_A,INV_OTH_CAP,2016,2015,0,2016-01-31,USD,252666667
RBI:FR_INV_INFLW_RN(1.0),N_A,M,N_A,INV_REP_EQT,2016,2015,0,2016-01-31,USD,1114260279
RBI:FR_INV_INFLW_RN(1.0),N_A,M,N_A,INV_REP_OTH_CAP,2016,2015,0,2016-01-31,USD,8219389.0
RBI:FR_INV_INFLW_RN(1.0),N_A,M,N_A,INV_RE_INV_EAR,2016,2015,0,2016-01-31,USD,1032795761.0000001
RBI:FR_INV_INFLW_RN(1.0),N_A,M,N_A,INV_RPTN_DINVT,2016,2015,0,2016-01-31,USD,1122479668
RBI:FR_INV_INFLW_RN(1.0),N_A,M,N_A,EQT_ACQ_SHAR,2016,2015,0,2016-02-29,USD,240783815
RBI:FR_INV_INFLW_RN(1.0),N_A,M,N_A,EQT_CAP_UNINC_BOD,2016,2015,0,2016-02-29,USD,112130688
RBI:FR_INV_INFLW_RN(1.0),N_A,M,N_A,EQT_GOVT_SIA_FIPB,2016,2015,0,2016-02-29,USD,496477467
RBI:FR_INV_INFLW_RN(1.0),N_A,M,N_A,EQT_RBI,2016,2015,0,2016-02-29,USD,2379435257
RBI:FR_INV_INFLW_RN(1.0),N_A,M,N_A,INV_CAT_NET_FR_DIR_INV,2016,2015,0,2016-02-29,USD,2847090020
RBI:FR_INV_INFLW_RN(1.0),N_A,M,N_A,INV_CAT_NET_PORTF_INV,2016,2015,0,2016-02-29,USD,-1501525271
RBI:FR_INV_INFLW_RN(1.0),N_A,M,N_A,INV_CAT_NFDI_DII_GROSS_INF_INV,2016,2015,0,2016-02-29,USD,4514289654
RBI:FR_INV_INFLW_RN(1.0),N_A,M,N_A,INV_CAT_NFDI_DI_IND,2016,2015,0,2016-02-29,USD,3391809986
RBI:FR_INV_INFLW_RN(1.0),N_A,M,N_A,INV_CAT_NFDI_FDII,2016,2015,0,2016-02-29,USD,544719967
RBI:FR_INV_INFLW_RN(1.0),N_A,M,N_A,INV_CAT_NPI_FII,2016,2015,0,2016-02-29,USD,-1251313333
RBI:FR_INV_INFLW_RN(1.0),N_A,M,N_A,INV_CAT_NPI_GDR_ADR,2016,2015,0,2016-02-29,USD,0.0
RBI:FR_INV_INFLW_RN(1.0),N_A,M,N_A,INV_CAT_NPI_OFF_FND_OTH,2016,2015,0,2016-02-29,USD,0.0
RBI:FR_INV_INFLW_RN(1.0),N_A,M,N_A,INV_CAT_NPI_PORTF_INV_IND,2016,2015,0,2016-02-29,USD,250211937
RBI:FR_INV_INFLW_RN(1.0),N_A,M,N_A,INV_EQT,2016,2015,0,2016-02-29,USD,3228827226
RBI:FR_INV_INFLW_RN(1.0),N_A,M,N_A,INV_FDI_EQT,2016,2015,0,2016-02-29,USD,505779444
RBI:FR_INV_INFLW_RN(1.0),N_A,M,N_A,INV_FDI_OTH_CAP,2016,2015,0,2016-02-29,USD,215050000
RBI:FR_INV_INFLW_RN(1.0),N_A,M,N_A,INV_FDI_RE_INV_EAR,2016,2015,0,2016-02-29,USD,278090833
RBI:FR_INV_INFLW_RN(1.0),N_A,M,N_A,INV_FDI_RPTN_DINVT,2016,2015,0,2016-02-29,USD,454200311
RBI:FR_INV_INFLW_RN(1.0),N_A,M,N_A,INV_FII,2016,2015,0,2016-02-29,USD,1345564749
RBI:FR_INV_INFLW_RN(1.0),N_A,M,N_A,INV_OTH_CAP,2016,2015,0,2016-02-29,USD,252666667
RBI:FR_INV_INFLW_RN(1.0),N_A,M,N_A,INV_REP_EQT,2016,2015,0,2016-02-29,USD,1114260279
RBI:FR_INV_INFLW_RN(1.0),N_A,M,N_A,INV_REP_OTH_CAP,2016,2015,0,2016-02-29,USD,8219389.0
RBI:FR_INV_INFLW_RN(1.0),N_A,M,N_A,INV_RE_INV_EAR,2016,2015,0,2016-02-29,USD,1032795761.0000001
RBI:FR_INV_INFLW_RN(1.0),N_A,M,N_A,INV_RPTN_DINVT,2016,2015,0,2016-02-29,USD,1122479668
RBI:FR_INV_INFLW_RN(1.0),N_A,M,N_A,EQT_ACQ_SHAR,2016,2015,0,2016-03-31,USD,633090510
RBI:FR_INV_INFLW_RN(1.0),N_A,M,N_A,EQT_CAP_UNINC_BOD,2016,2015,0,2016-03-31,USD,112130688
RBI:FR_INV_INFLW_RN(1.0),N_A,M,N_A,EQT_GOVT_SIA_FIPB,2016,2015,0,2016-03-31,USD,97792105
RBI:FR_INV_INFLW_RN(1.0),N_A,M,N_A,EQT_RBI,2016,2015,0,2016-03-31,USD,1735548547
RBI:FR_INV_INFLW_RN(1.0),N_A,M,N_A,INV_CAT_NET_FR_DIR_INV,2016,2015,0,2016-03-31,USD,1530934643
RBI:FR_INV_INFLW_RN(1.0),N_A,M,N_A,INV_CAT_NET_PORTF_INV,2016,2015,0,2016-03-31,USD,1107364729
RBI:FR_INV_INFLW_RN(1.0),N_A,M,N_A,INV_CAT_NFDI_DII_GROSS_INF_INV,2016,2015,0,2016-03-31,USD,3864024278
RBI:FR_INV_INFLW_RN(1.0),N_A,M,N_A,INV_CAT_NFDI_DI_IND,2016,2015,0,2016-03-31,USD,2741544610
RBI:FR_INV_INFLW_RN(1.0),N_A,M,N_A,INV_CAT_NFDI_FDII,2016,2015,0,2016-03-31,USD,1210609967
RBI:FR_INV_INFLW_RN(1.0),N_A,M,N_A,INV_CAT_NPI_FII,2016,2015,0,2016-03-31,USD,1357576667
RBI:FR_INV_INFLW_RN(1.0),N_A,M,N_A,INV_CAT_NPI_GDR_ADR,2016,2015,0,2016-03-31,USD,0.0
RBI:FR_INV_INFLW_RN(1.0),N_A,M,N_A,INV_CAT_NPI_OFF_FND_OTH,2016,2015,0,2016-03-31,USD,0.0
RBI:FR_INV_INFLW_RN(1.0),N_A,M,N_A,INV_CAT_NPI_PORTF_INV_IND,2016,2015,0,2016-03-31,USD,250211937
RBI:FR_INV_INFLW_RN(1.0),N_A,M,N_A,INV_EQT,2016,2015,0,2016-03-31,USD,2578561850
RBI:FR_INV_INFLW_RN(1.0),N_A,M,N_A,INV_FDI_EQT,2016,2015,0,2016-03-31,USD,1120219444
RBI:FR_INV_INFLW_RN(1.0),N_A,M,N_A,INV_FDI_OTH_CAP,2016,2015,0,2016-03-31,USD,266500000
RBI:FR_INV_INFLW_RN(1.0),N_A,M,N_A,INV_FDI_RE_INV_EAR,2016,2015,0,2016-03-31,USD,278090833
RBI:FR_INV_INFLW_RN(1.0),N_A,M,N_A,INV_FDI_RPTN_DINVT,2016,2015,0,2016-03-31,USD,454200311
RBI:FR_INV_INFLW_RN(1.0),N_A,M,N_A,INV_FII,2016,2015,0,2016-03-31,USD,2638299373
RBI:FR_INV_INFLW_RN(1.0),N_A,M,N_A,INV_OTH_CAP,2016,2015,0,2016-03-31,USD,252666667
RBI:FR_INV_INFLW_RN(1.0),N_A,M,N_A,INV_REP_EQT,2016,2015,0,2016-03-31,USD,1114260279
RBI:FR_INV_INFLW_RN(1.0),N_A,M,N_A,INV_REP_OTH_CAP,2016,2015,0,2016-03-31,USD,8219389.0
RBI:FR_INV_INFLW_RN(1.0),N_A,M,N_A,INV_RE_INV_EAR,2016,2015,0,2016-03-31,USD,1032795761.0000001
RBI:FR_INV_INFLW_RN(1.0),N_A,M,N_A,INV_RPTN_DINVT,2016,2015,0,2016-03-31,USD,1122479668
RBI:FR_INV_INFLW_RN(1.0),N_A,M,N_A,EQT_ACQ_SHAR,2017,2016,0,2016-04-30,USD,1755179337
RBI:FR_INV_INFLW_RN(1.0),N_A,M,N_A,EQT_CAP_UNINC_BOD,2017,2016,0,2016-04-30,USD,94554123
RBI:FR_INV_INFLW_RN(1.0),N_A,M,N_A,EQT_GOVT_SIA_FIPB,2017,2016,0,2016-04-30,USD,452765480
RBI:FR_INV_INFLW_RN(1.0),N_A,M,N_A,EQT_RBI,2017,2016,0,2016-04-30,USD,1153800367
RBI:FR_INV_INFLW_RN(1.0),N_A,M,N_A,INV_CAT_NET_FR_DIR_INV,2017,2016,0,2016-04-30,USD,1256255740
RBI:FR_INV_INFLW_RN(1.0),N_A,M,N_A,INV_CAT_NET_PORTF_INV,2017,2016,0,2016-04-30,USD,3429130537
RBI:FR_INV_INFLW_RN(1.0),N_A,M,N_A,INV_CAT_NFDI_DII_GROSS_INF_INV,2017,2016,0,2016-04-30,USD,4747645835
RBI:FR_INV_INFLW_RN(1.0),N_A,M,N_A,INV_CAT_NFDI_DI_IND,2017,2016,0,2016-04-30,USD,2796865920
RBI:FR_INV_INFLW_RN(1.0),N_A,M,N_A,INV_CAT_NFDI_FDII,2017,2016,0,2016-04-30,USD,1540610180
RBI:FR_INV_INFLW_RN(1.0),N_A,M,N_A,INV_CAT_NPI_FII,2017,2016,0,2016-04-30,USD,3141496667
RBI:FR_INV_INFLW_RN(1.0),N_A,M,N_A,INV_CAT_NPI_GDR_ADR,2017,2016,0,2016-04-30,USD,0.0
RBI:FR_INV_INFLW_RN(1.0),N_A,M,N_A,INV_CAT_NPI_OFF_FND_OTH,2017,2016,0,2016-04-30,USD,0.0
RBI:FR_INV_INFLW_RN(1.0),N_A,M,N_A,INV_CAT_NPI_PORTF_INV_IND,2017,2016,0,2016-04-30,USD,-287633870
RBI:FR_INV_INFLW_RN(1.0),N_A,M,N_A,INV_EQT,2017,2016,0,2016-04-30,USD,3456299308
RBI:FR_INV_INFLW_RN(1.0),N_A,M,N_A,INV_FDI_EQT,2017,2016,0,2016-04-30,USD,1499857767
RBI:FR_INV_INFLW_RN(1.0),N_A,M,N_A,INV_FDI_OTH_CAP,2017,2016,0,2016-04-30,USD,605240000
RBI:FR_INV_INFLW_RN(1.0),N_A,M,N_A,INV_FDI_RE_INV_EAR,2017,2016,0,2016-04-30,USD,243785833
RBI:FR_INV_INFLW_RN(1.0),N_A,M,N_A,INV_FDI_RPTN_DINVT,2017,2016,0,2016-04-30,USD,808273420
RBI:FR_INV_INFLW_RN(1.0),N_A,M,N_A,INV_FII,2017,2016,0,2016-04-30,USD,4685386277
RBI:FR_INV_INFLW_RN(1.0),N_A,M,N_A,INV_OTH_CAP,2017,2016,0,2016-04-30,USD,235000000
RBI:FR_INV_INFLW_RN(1.0),N_A,M,N_A,INV_REP_EQT,2017,2016,0,2016-04-30,USD,1927848495
RBI:FR_INV_INFLW_RN(1.0),N_A,M,N_A,INV_REP_OTH_CAP,2017,2016,0,2016-04-30,USD,22931420
RBI:FR_INV_INFLW_RN(1.0),N_A,M,N_A,INV_RE_INV_EAR,2017,2016,0,2016-04-30,USD,1056346526.9999999
RBI:FR_INV_INFLW_RN(1.0),N_A,M,N_A,INV_RPTN_DINVT,2017,2016,0,2016-04-30,USD,1950779915
RBI:FR_INV_INFLW_RN(1.0),N_A,M,N_A,EQT_ACQ_SHAR,2017,2016,0,2016-05-31,USD,823259564
RBI:FR_INV_INFLW_RN(1.0),N_A,M,N_A,EQT_CAP_UNINC_BOD,2017,2016,0,2016-05-31,USD,94554123
RBI:FR_INV_INFLW_RN(1.0),N_A,M,N_A,EQT_GOVT_SIA_FIPB,2017,2016,0,2016-05-31,USD,129274307.99999999
RBI:FR_INV_INFLW_RN(1.0),N_A,M,N_A,EQT_RBI,2017,2016,0,2016-05-31,USD,1030927367.9999999
RBI:FR_INV_INFLW_RN(1.0),N_A,M,N_A,INV_CAT_NET_FR_DIR_INV,2017,2016,0,2016-05-31,USD,1365381795
RBI:FR_INV_INFLW_RN(1.0),N_A,M,N_A,INV_CAT_NET_PORTF_INV,2017,2016,0,2016-05-31,USD,-1334219463
RBI:FR_INV_INFLW_RN(1.0),N_A,M,N_A,INV_CAT_NFDI_DII_GROSS_INF_INV,2017,2016,0,2016-05-31,USD,3369361889
RBI:FR_INV_INFLW_RN(1.0),N_A,M,N_A,INV_CAT_NFDI_DI_IND,2017,2016,0,2016-05-31,USD,1418581975
RBI:FR_INV_INFLW_RN(1.0),N_A,M,N_A,INV_CAT_NFDI_FDII,2017,2016,0,2016-05-31,USD,53200180
RBI:FR_INV_INFLW_RN(1.0),N_A,M,N_A,INV_CAT_NPI_FII,2017,2016,0,2016-05-31,USD,-1621853333
RBI:FR_INV_INFLW_RN(1.0),N_A,M,N_A,INV_CAT_NPI_GDR_ADR,2017,2016,0,2016-05-31,USD,0.0
RBI:FR_INV_INFLW_RN(1.0),N_A,M,N_A,INV_CAT_NPI_OFF_FND_OTH,2017,2016,0,2016-05-31,USD,0.0
RBI:FR_INV_INFLW_RN(1.0),N_A,M,N_A,INV_CAT_NPI_PORTF_INV_IND,2017,2016,0,2016-05-31,USD,-287633870
RBI:FR_INV_INFLW_RN(1.0),N_A,M,N_A,INV_EQT,2017,2016,0,2016-05-31,USD,2078015362
RBI:FR_INV_INFLW_RN(1.0),N_A,M,N_A,INV_FDI_EQT,2017,2016,0,2016-05-31,USD,315667767
RBI:FR_INV_INFLW_RN(1.0),N_A,M,N_A,INV_FDI_OTH_CAP,2017,2016,0,2016-05-31,USD,302020000
RBI:FR_INV_INFLW_RN(1.0),N_A,M,N_A,INV_FDI_RE_INV_EAR,2017,2016,0,2016-05-31,USD,243785833
RBI:FR_INV_INFLW_RN(1.0),N_A,M,N_A,INV_FDI_RPTN_DINVT,2017,2016,0,2016-05-31,USD,808273420
RBI:FR_INV_INFLW_RN(1.0),N_A,M,N_A,INV_FII,2017,2016,0,2016-05-31,USD,31162331
RBI:FR_INV_INFLW_RN(1.0),N_A,M,N_A,INV_OTH_CAP,2017,2016,0,2016-05-31,USD,235000000
RBI:FR_INV_INFLW_RN(1.0),N_A,M,N_A,INV_REP_EQT,2017,2016,0,2016-05-31,USD,1927848495
RBI:FR_INV_INFLW_RN(1.0),N_A,M,N_A,INV_REP_OTH_CAP,2017,2016,0,2016-05-31,USD,22931420
RBI:FR_INV_INFLW_RN(1.0),N_A,M,N_A,INV_RE_INV_EAR,2017,2016,0,2016-05-31,USD,1056346526.9999999
RBI:FR_INV_INFLW_RN(1.0),N_A,M,N_A,INV_RPTN_DINVT,2017,2016,0,2016-05-31,USD,1950779915
RBI:FR_INV_INFLW_RN(1.0),N_A,M,N_A,EQT_ACQ_SHAR,2017,2016,0,2016-06-30,USD,319275747
RBI:FR_INV_INFLW_RN(1.0),N_A,M,N_A,EQT_CAP_UNINC_BOD,2017,2016,0,2016-06-30,USD,94554123
RBI:FR_INV_INFLW_RN(1.0),N_A,M,N_A,EQT_GOVT_SIA_FIPB,2017,2016,0,2016-06-30,USD,126039231
RBI:FR_INV_INFLW_RN(1.0),N_A,M,N_A,EQT_RBI,2017,2016,0,2016-06-30,USD,1800158064
RBI:FR_INV_INFLW_RN(1.0),N_A,M,N_A,INV_CAT_NET_FR_DIR_INV,2017,2016,0,2016-06-30,USD,1260393598
RBI:FR_INV_INFLW_RN(1.0),N_A,M,N_A,INV_CAT_NET_PORTF_INV,2017,2016,0,2016-06-30,USD,8530537.0
RBI:FR_INV_INFLW_RN(1.0),N_A,M,N_A,INV_CAT_NFDI_DII_GROSS_INF_INV,2017,2016,0,2016-06-30,USD,3631373692
RBI:FR_INV_INFLW_RN(1.0),N_A,M,N_A,INV_CAT_NFDI_DI_IND,2017,2016,0,2016-06-30,USD,1680593778
RBI:FR_INV_INFLW_RN(1.0),N_A,M,N_A,INV_CAT_NFDI_FDII,2017,2016,0,2016-06-30,USD,420200180
RBI:FR_INV_INFLW_RN(1.0),N_A,M,N_A,INV_CAT_NPI_FII,2017,2016,0,2016-06-30,USD,-279103333
RBI:FR_INV_INFLW_RN(1.0),N_A,M,N_A,INV_CAT_NPI_GDR_ADR,2017,2016,0,2016-06-30,USD,0.0
RBI:FR_INV_INFLW_RN(1.0),N_A,M,N_A,INV_CAT_NPI_OFF_FND_OTH,2017,2016,0,2016-06-30,USD,0.0
RBI:FR_INV_INFLW_RN(1.0),N_A,M,N_A,INV_CAT_NPI_PORTF_INV_IND,2017,2016,0,2016-06-30,USD,-287633870
RBI:FR_INV_INFLW_RN(1.0),N_A,M,N_A,INV_EQT,2017,2016,0,2016-06-30,USD,2340027165
RBI:FR_INV_INFLW_RN(1.0),N_A,M,N_A,INV_FDI_EQT,2017,2016,0,2016-06-30,USD,611387767
RBI:FR_INV_INFLW_RN(1.0),N_A,M,N_A,INV_FDI_OTH_CAP,2017,2016,0,2016-06-30,USD,373300000
RBI:FR_INV_INFLW_RN(1.0),N_A,M,N_A,INV_FDI_RE_INV_EAR,2017,2016,0,2016-06-30,USD,243785833
RBI:FR_INV_INFLW_RN(1.0),N_A,M,N_A,INV_FDI_RPTN_DINVT,2017,2016,0,2016-06-30,USD,808273420
RBI:FR_INV_INFLW_RN(1.0),N_A,M,N_A,INV_FII,2017,2016,0,2016-06-30,USD,1268924135
RBI:FR_INV_INFLW_RN(1.0),N_A,M,N_A,INV_OTH_CAP,2017,2016,0,2016-06-30,USD,235000000
RBI:FR_INV_INFLW_RN(1.0),N_A,M,N_A,INV_REP_EQT,2017,2016,0,2016-06-30,USD,1927848495
RBI:FR_INV_INFLW_RN(1.0),N_A,M,N_A,INV_REP_OTH_CAP,2017,2016,0,2016-06-30,USD,22931420
RBI:FR_INV_INFLW_RN(1.0),N_A,M,N_A,INV_RE_INV_EAR,2017,2016,0,2016-06-30,USD,1056346526.9999999
RBI:FR_INV_INFLW_RN(1.0),N_A,M,N_A,INV_RPTN_DINVT,2017,2016,0,2016-06-30,USD,1950779915
RBI:FR_INV_INFLW_RN(1.0),N_A,M,N_A,EQT_ACQ_SHAR,2017,2016,0,2016-07-31,USD,348608801
RBI:FR_INV_INFLW_RN(1.0),N_A,M,N_A,EQT_CAP_UNINC_BOD,2017,2016,0,2016-07-31,USD,97928862
RBI:FR_INV_INFLW_RN(1.0),N_A,M,N_A,EQT_GOVT_SIA_FIPB,2017,2016,0,2016-07-31,USD,105541001
RBI:FR_INV_INFLW_RN(1.0),N_A,M,N_A,EQT_RBI,2017,2016,0,2016-07-31,USD,3627224856
RBI:FR_INV_INFLW_RN(1.0),N_A,M,N_A,INV_CAT_NET_FR_DIR_INV,2017,2016,0,2016-07-31,USD,4710395680
RBI:FR_INV_INFLW_RN(1.0),N_A,M,N_A,INV_CAT_NET_PORTF_INV,2017,2016,0,2016-07-31,USD,2047107196
RBI:FR_INV_INFLW_RN(1.0),N_A,M,N_A,INV_CAT_NFDI_DII_GROSS_INF_INV,2017,2016,0,2016-07-31,USD,5424821699
RBI:FR_INV_INFLW_RN(1.0),N_A,M,N_A,INV_CAT_NFDI_DI_IND,2017,2016,0,2016-07-31,USD,4064468094
RBI:FR_INV_INFLW_RN(1.0),N_A,M,N_A,INV_CAT_NFDI_FDII,2017,2016,0,2016-07-31,USD,-645927587
RBI:FR_INV_INFLW_RN(1.0),N_A,M,N_A,INV_CAT_NPI_FII,2017,2016,0,2016-07-31,USD,2266556076
RBI:FR_INV_INFLW_RN(1.0),N_A,M,N_A,INV_CAT_NPI_GDR_ADR,2017,2016,0,2016-07-31,USD,0.0
RBI:FR_INV_INFLW_RN(1.0),N_A,M,N_A,INV_CAT_NPI_OFF_FND_OTH,2017,2016,0,2016-07-31,USD,0.0
RBI:FR_INV_INFLW_RN(1.0),N_A,M,N_A,INV_CAT_NPI_PORTF_INV_IND,2017,2016,0,2016-07-31,USD,219448879
RBI:FR_INV_INFLW_RN(1.0),N_A,M,N_A,INV_EQT,2017,2016,0,2016-07-31,USD,4179303519
RBI:FR_INV_INFLW_RN(1.0),N_A,M,N_A,INV_FDI_EQT,2017,2016,0,2016-07-31,USD,839467767
RBI:FR_INV_INFLW_RN(1.0),N_A,M,N_A,INV_FDI_OTH_CAP,2017,2016,0,2016-07-31,USD,271400000
RBI:FR_INV_INFLW_RN(1.0),N_A,M,N_A,INV_FDI_RE_INV_EAR,2017,2016,0,2016-07-31,USD,243785833
RBI:FR_INV_INFLW_RN(1.0),N_A,M,N_A,INV_FDI_RPTN_DINVT,2017,2016,0,2016-07-31,USD,2000581187
RBI:FR_INV_INFLW_RN(1.0),N_A,M,N_A,INV_FII,2017,2016,0,2016-07-31,USD,6757502877
RBI:FR_INV_INFLW_RN(1.0),N_A,M,N_A,INV_OTH_CAP,2017,2016,0,2016-07-31,USD,287666667
RBI:FR_INV_INFLW_RN(1.0),N_A,M,N_A,INV_REP_EQT,2017,2016,0,2016-07-31,USD,1301383358
RBI:FR_INV_INFLW_RN(1.0),N_A,M,N_A,INV_REP_OTH_CAP,2017,2016,0,2016-07-31,USD,58970247
RBI:FR_INV_INFLW_RN(1.0),N_A,M,N_A,INV_RE_INV_EAR,2017,2016,0,2016-07-31,USD,957851513
RBI:FR_INV_INFLW_RN(1.0),N_A,M,N_A,INV_RPTN_DINVT,2017,2016,0,2016-07-31,USD,1360353605
RBI:FR_INV_INFLW_RN(1.0),N_A,M,N_A,EQT_ACQ_SHAR,2017,2016,0,2016-08-31,USD,187240733
RBI:FR_INV_INFLW_RN(1.0),N_A,M,N_A,EQT_CAP_UNINC_BOD,2017,2016,0,2016-08-31,USD,97928862
RBI:FR_INV_INFLW_RN(1.0),N_A,M,N_A,EQT_GOVT_SIA_FIPB,2017,2016,0,2016-08-31,USD,1147690111
RBI:FR_INV_INFLW_RN(1.0),N_A,M,N_A,EQT_RBI,2017,2016,0,2016-08-31,USD,3467927125
RBI:FR_INV_INFLW_RN(1.0),N_A,M,N_A,INV_CAT_NET_FR_DIR_INV,2017,2016,0,2016-08-31,USD,6035888992
RBI:FR_INV_INFLW_RN(1.0),N_A,M,N_A,INV_CAT_NET_PORTF_INV,2017,2016,0,2016-08-31,USD,1338566402
RBI:FR_INV_INFLW_RN(1.0),N_A,M,N_A,INV_CAT_NFDI_DII_GROSS_INF_INV,2017,2016,0,2016-08-31,USD,6146305010
RBI:FR_INV_INFLW_RN(1.0),N_A,M,N_A,INV_CAT_NFDI_DI_IND,2017,2016,0,2016-08-31,USD,4785951405
RBI:FR_INV_INFLW_RN(1.0),N_A,M,N_A,INV_CAT_NFDI_FDII,2017,2016,0,2016-08-31,USD,-1249937587
RBI:FR_INV_INFLW_RN(1.0),N_A,M,N_A,INV_CAT_NPI_FII,2017,2016,0,2016-08-31,USD,1558015281
RBI:FR_INV_INFLW_RN(1.0),N_A,M,N_A,INV_CAT_NPI_GDR_ADR,2017,2016,0,2016-08-31,USD,0.0
RBI:FR_INV_INFLW_RN(1.0),N_A,M,N_A,INV_CAT_NPI_OFF_FND_OTH,2017,2016,0,2016-08-31,USD,0.0
RBI:FR_INV_INFLW_RN(1.0),N_A,M,N_A,INV_CAT_NPI_PORTF_INV_IND,2017,2016,0,2016-08-31,USD,219448879
RBI:FR_INV_INFLW_RN(1.0),N_A,M,N_A,INV_EQT,2017,2016,0,2016-08-31,USD,4900786831
RBI:FR_INV_INFLW_RN(1.0),N_A,M,N_A,INV_FDI_EQT,2017,2016,0,2016-08-31,USD,345447767
RBI:FR_INV_INFLW_RN(1.0),N_A,M,N_A,INV_FDI_OTH_CAP,2017,2016,0,2016-08-31,USD,161410000
RBI:FR_INV_INFLW_RN(1.0),N_A,M,N_A,INV_FDI_RE_INV_EAR,2017,2016,0,2016-08-31,USD,243785833
RBI:FR_INV_INFLW_RN(1.0),N_A,M,N_A,INV_FDI_RPTN_DINVT,2017,2016,0,2016-08-31,USD,2000581187
RBI:FR_INV_INFLW_RN(1.0),N_A,M,N_A,INV_FII,2017,2016,0,2016-08-31,USD,7374455394
RBI:FR_INV_INFLW_RN(1.0),N_A,M,N_A,INV_OTH_CAP,2017,2016,0,2016-08-31,USD,287666667
RBI:FR_INV_INFLW_RN(1.0),N_A,M,N_A,INV_REP_EQT,2017,2016,0,2016-08-31,USD,1301383358
RBI:FR_INV_INFLW_RN(1.0),N_A,M,N_A,INV_REP_OTH_CAP,2017,2016,0,2016-08-31,USD,58970247
RBI:FR_INV_INFLW_RN(1.0),N_A,M,N_A,INV_RE_INV_EAR,2017,2016,0,2016-08-31,USD,957851513
RBI:FR_INV_INFLW_RN(1.0),N_A,M,N_A,INV_RPTN_DINVT,2017,2016,0,2016-08-31,USD,1360353605
RBI:FR_INV_INFLW_RN(1.0),N_A,M,N_A,EQT_ACQ_SHAR,2017,2016,0,2016-09-30,USD,811106401
RBI:FR_INV_INFLW_RN(1.0),N_A,M,N_A,EQT_CAP_UNINC_BOD,2017,2016,0,2016-09-30,USD,97928862
RBI:FR_INV_INFLW_RN(1.0),N_A,M,N_A,EQT_GOVT_SIA_FIPB,2017,2016,0,2016-09-30,USD,450423391
RBI:FR_INV_INFLW_RN(1.0),N_A,M,N_A,EQT_RBI,2017,2016,0,2016-09-30,USD,3887894028
RBI:FR_INV_INFLW_RN(1.0),N_A,M,N_A,INV_CAT_NET_FR_DIR_INV,2017,2016,0,2016-09-30,USD,6252974843
RBI:FR_INV_INFLW_RN(1.0),N_A,M,N_A,INV_CAT_NET_PORTF_INV,2017,2016,0,2016-09-30,USD,2664570201
RBI:FR_INV_INFLW_RN(1.0),N_A,M,N_A,INV_CAT_NFDI_DII_GROSS_INF_INV,2017,2016,0,2016-09-30,USD,6492870862
RBI:FR_INV_INFLW_RN(1.0),N_A,M,N_A,INV_CAT_NFDI_DI_IND,2017,2016,0,2016-09-30,USD,5132517257
RBI:FR_INV_INFLW_RN(1.0),N_A,M,N_A,INV_CAT_NFDI_FDII,2017,2016,0,2016-09-30,USD,-1120457587
RBI:FR_INV_INFLW_RN(1.0),N_A,M,N_A,INV_CAT_NPI_FII,2017,2016,0,2016-09-30,USD,2884019080
RBI:FR_INV_INFLW_RN(1.0),N_A,M,N_A,INV_CAT_NPI_GDR_ADR,2017,2016,0,2016-09-30,USD,0.0
RBI:FR_INV_INFLW_RN(1.0),N_A,M,N_A,INV_CAT_NPI_OFF_FND_OTH,2017,2016,0,2016-09-30,USD,0.0
RBI:FR_INV_INFLW_RN(1.0),N_A,M,N_A,INV_CAT_NPI_PORTF_INV_IND,2017,2016,0,2016-09-30,USD,219448879
RBI:FR_INV_INFLW_RN(1.0),N_A,M,N_A,INV_EQT,2017,2016,0,2016-09-30,USD,5247352682
RBI:FR_INV_INFLW_RN(1.0),N_A,M,N_A,INV_FDI_EQT,2017,2016,0,2016-09-30,USD,426647767
RBI:FR_INV_INFLW_RN(1.0),N_A,M,N_A,INV_FDI_OTH_CAP,2017,2016,0,2016-09-30,USD,209690000
RBI:FR_INV_INFLW_RN(1.0),N_A,M,N_A,INV_FDI_RE_INV_EAR,2017,2016,0,2016-09-30,USD,243785833
RBI:FR_INV_INFLW_RN(1.0),N_A,M,N_A,INV_FDI_RPTN_DINVT,2017,2016,0,2016-09-30,USD,2000581187
RBI:FR_INV_INFLW_RN(1.0),N_A,M,N_A,INV_FII,2017,2016,0,2016-09-30,USD,8917545044
RBI:FR_INV_INFLW_RN(1.0),N_A,M,N_A,INV_OTH_CAP,2017,2016,0,2016-09-30,USD,287666667
RBI:FR_INV_INFLW_RN(1.0),N_A,M,N_A,INV_REP_EQT,2017,2016,0,2016-09-30,USD,1301383358
RBI:FR_INV_INFLW_RN(1.0),N_A,M,N_A,INV_REP_OTH_CAP,2017,2016,0,2016-09-30,USD,58970247
RBI:FR_INV_INFLW_RN(1.0),N_A,M,N_A,INV_RE_INV_EAR,2017,2016,0,2016-09-30,USD,957851513
RBI:FR_INV_INFLW_RN(1.0),N_A,M,N_A,INV_RPTN_DINVT,2017,2016,0,2016-09-30,USD,1360353605
RBI:FR_INV_INFLW_RN(1.0),N_A,M,N_A,EQT_ACQ_SHAR,2017,2016,0,2016-10-31,USD,433956598
RBI:FR_INV_INFLW_RN(1.0),N_A,M,N_A,EQT_CAP_UNINC_BOD,2017,2016,0,2016-10-31,USD,104296667
RBI:FR_INV_INFLW_RN(1.0),N_A,M,N_A,EQT_GOVT_SIA_FIPB,2017,2016,0,2016-10-31,USD,489933068
RBI:FR_INV_INFLW_RN(1.0),N_A,M,N_A,EQT_RBI,2017,2016,0,2016-10-31,USD,5271568287
RBI:FR_INV_INFLW_RN(1.0),N_A,M,N_A,INV_CAT_NET_FR_DIR_INV,2017,2016,0,2016-10-31,USD,4166809207.9999995
RBI:FR_INV_INFLW_RN(1.0),N_A,M,N_A,INV_CAT_NET_PORTF_INV,2017,2016,0,2016-10-31,USD,-49242882
RBI:FR_INV_INFLW_RN(1.0),N_A,M,N_A,INV_CAT_NFDI_DII_GROSS_INF_INV,2017,2016,0,2016-10-31,USD,7477925633
RBI:FR_INV_INFLW_RN(1.0),N_A,M,N_A,INV_CAT_NFDI_DI_IND,2017,2016,0,2016-10-31,USD,5854320849
RBI:FR_INV_INFLW_RN(1.0),N_A,M,N_A,INV_CAT_NFDI_FDII,2017,2016,0,2016-10-31,USD,1687511641
RBI:FR_INV_INFLW_RN(1.0),N_A,M,N_A,INV_CAT_NPI_FII,2017,2016,0,2016-10-31,USD,-40296667
RBI:FR_INV_INFLW_RN(1.0),N_A,M,N_A,INV_CAT_NPI_GDR_ADR,2017,2016,0,2016-10-31,USD,0.0
RBI:FR_INV_INFLW_RN(1.0),N_A,M,N_A,INV_CAT_NPI_OFF_FND_OTH,2017,2016,0,2016-10-31,USD,0.0
RBI:FR_INV_INFLW_RN(1.0),N_A,M,N_A,INV_CAT_NPI_PORTF_INV_IND,2017,2016,0,2016-10-31,USD,8946215.0
RBI:FR_INV_INFLW_RN(1.0),N_A,M,N_A,INV_EQT,2017,2016,0,2016-10-31,USD,6299754620
RBI:FR_INV_INFLW_RN(1.0),N_A,M,N_A,INV_FDI_EQT,2017,2016,0,2016-10-31,USD,1391718889
RBI:FR_INV_INFLW_RN(1.0),N_A,M,N_A,INV_FDI_OTH_CAP,2017,2016,0,2016-10-31,USD,212160000
RBI:FR_INV_INFLW_RN(1.0),N_A,M,N_A,INV_FDI_RE_INV_EAR,2017,2016,0,2016-10-31,USD,243785833
RBI:FR_INV_INFLW_RN(1.0),N_A,M,N_A,INV_FDI_RPTN_DINVT,2017,2016,0,2016-10-31,USD,160153081
RBI:FR_INV_INFLW_RN(1.0),N_A,M,N_A,INV_FII,2017,2016,0,2016-10-31,USD,4117566326
RBI:FR_INV_INFLW_RN(1.0),N_A,M,N_A,INV_OTH_CAP,2017,2016,0,2016-10-31,USD,158333333
RBI:FR_INV_INFLW_RN(1.0),N_A,M,N_A,INV_REP_EQT,2017,2016,0,2016-10-31,USD,1603943421
RBI:FR_INV_INFLW_RN(1.0),N_A,M,N_A,INV_REP_OTH_CAP,2017,2016,0,2016-10-31,USD,19661363
RBI:FR_INV_INFLW_RN(1.0),N_A,M,N_A,INV_RE_INV_EAR,2017,2016,0,2016-10-31,USD,1019837680
RBI:FR_INV_INFLW_RN(1.0),N_A,M,N_A,INV_RPTN_DINVT,2017,2016,0,2016-10-31,USD,1623604784
RBI:FR_INV_INFLW_RN(1.0),N_A,M,N_A,EQT_ACQ_SHAR,2017,2016,0,2016-11-30,USD,248917767
RBI:FR_INV_INFLW_RN(1.0),N_A,M,N_A,EQT_CAP_UNINC_BOD,2017,2016,0,2016-11-30,USD,104296667
RBI:FR_INV_INFLW_RN(1.0),N_A,M,N_A,EQT_GOVT_SIA_FIPB,2017,2016,0,2016-11-30,USD,2612195259
RBI:FR_INV_INFLW_RN(1.0),N_A,M,N_A,EQT_RBI,2017,2016,0,2016-11-30,USD,1816319131
RBI:FR_INV_INFLW_RN(1.0),N_A,M,N_A,INV_CAT_NET_FR_DIR_INV,2017,2016,0,2016-11-30,USD,3578403411
RBI:FR_INV_INFLW_RN(1.0),N_A,M,N_A,INV_CAT_NET_PORTF_INV,2017,2016,0,2016-11-30,USD,-6911312612
RBI:FR_INV_INFLW_RN(1.0),N_A,M,N_A,INV_CAT_NFDI_DII_GROSS_INF_INV,2017,2016,0,2016-11-30,USD,5959899837
RBI:FR_INV_INFLW_RN(1.0),N_A,M,N_A,INV_CAT_NFDI_DI_IND,2017,2016,0,2016-11-30,USD,4336295053
RBI:FR_INV_INFLW_RN(1.0),N_A,M,N_A,INV_CAT_NFDI_FDII,2017,2016,0,2016-11-30,USD,757891641
RBI:FR_INV_INFLW_RN(1.0),N_A,M,N_A,INV_CAT_NPI_FII,2017,2016,0,2016-11-30,USD,-6902366397
RBI:FR_INV_INFLW_RN(1.0),N_A,M,N_A,INV_CAT_NPI_GDR_ADR,2017,2016,0,2016-11-30,USD,0.0
RBI:FR_INV_INFLW_RN(1.0),N_A,M,N_A,INV_CAT_NPI_OFF_FND_OTH,2017,2016,0,2016-11-30,USD,0.0
RBI:FR_INV_INFLW_RN(1.0),N_A,M,N_A,INV_CAT_NPI_PORTF_INV_IND,2017,2016,0,2016-11-30,USD,8946215.0
RBI:FR_INV_INFLW_RN(1.0),N_A,M,N_A,INV_EQT,2017,2016,0,2016-11-30,USD,4781728824
RBI:FR_INV_INFLW_RN(1.0),N_A,M,N_A,INV_FDI_EQT,2017,2016,0,2016-11-30,USD,220758889
RBI:FR_INV_INFLW_RN(1.0),N_A,M,N_A,INV_FDI_OTH_CAP,2017,2016,0,2016-11-30,USD,453500000
RBI:FR_INV_INFLW_RN(1.0),N_A,M,N_A,INV_FDI_RE_INV_EAR,2017,2016,0,2016-11-30,USD,243785833
RBI:FR_INV_INFLW_RN(1.0),N_A,M,N_A,INV_FDI_RPTN_DINVT,2017,2016,0,2016-11-30,USD,160153081
RBI:FR_INV_INFLW_RN(1.0),N_A,M,N_A,INV_FII,2017,2016,0,2016-11-30,USD,-3332909201
RBI:FR_INV_INFLW_RN(1.0),N_A,M,N_A,INV_OTH_CAP,2017,2016,0,2016-11-30,USD,158333333
RBI:FR_INV_INFLW_RN(1.0),N_A,M,N_A,INV_REP_EQT,2017,2016,0,2016-11-30,USD,1603943421
RBI:FR_INV_INFLW_RN(1.0),N_A,M,N_A,INV_REP_OTH_CAP,2017,2016,0,2016-11-30,USD,19661363
RBI:FR_INV_INFLW_RN(1.0),N_A,M,N_A,INV_RE_INV_EAR,2017,2016,0,2016-11-30,USD,1019837680
RBI:FR_INV_INFLW_RN(1.0),N_A,M,N_A,INV_RPTN_DINVT,2017,2016,0,2016-11-30,USD,1623604784
RBI:FR_INV_INFLW_RN(1.0),N_A,M,N_A,EQT_ACQ_SHAR,2017,2016,0,2016-12-31,USD,687458057
RBI:FR_INV_INFLW_RN(1.0),N_A,M,N_A,EQT_CAP_UNINC_BOD,2017,2016,0,2016-12-31,USD,104296667
RBI:FR_INV_INFLW_RN(1.0),N_A,M,N_A,EQT_GOVT_SIA_FIPB,2017,2016,0,2016-12-31,USD,248304748
RBI:FR_INV_INFLW_RN(1.0),N_A,M,N_A,EQT_RBI,2017,2016,0,2016-12-31,USD,2411320399
RBI:FR_INV_INFLW_RN(1.0),N_A,M,N_A,INV_CAT_NET_FR_DIR_INV,2017,2016,0,2016-12-31,USD,1989554459
RBI:FR_INV_INFLW_RN(1.0),N_A,M,N_A,INV_CAT_NET_PORTF_INV,2017,2016,0,2016-12-31,USD,-4380333542
RBI:FR_INV_INFLW_RN(1.0),N_A,M,N_A,INV_CAT_NFDI_DII_GROSS_INF_INV,2017,2016,0,2016-12-31,USD,4629550885
RBI:FR_INV_INFLW_RN(1.0),N_A,M,N_A,INV_CAT_NFDI_DI_IND,2017,2016,0,2016-12-31,USD,3005946100
RBI:FR_INV_INFLW_RN(1.0),N_A,M,N_A,INV_CAT_NFDI_FDII,2017,2016,0,2016-12-31,USD,1016391641
RBI:FR_INV_INFLW_RN(1.0),N_A,M,N_A,INV_CAT_NPI_FII,2017,2016,0,2016-12-31,USD,-4371387327
RBI:FR_INV_INFLW_RN(1.0),N_A,M,N_A,INV_CAT_NPI_GDR_ADR,2017,2016,0,2016-12-31,USD,0.0
RBI:FR_INV_INFLW_RN(1.0),N_A,M,N_A,INV_CAT_NPI_OFF_FND_OTH,2017,2016,0,2016-12-31,USD,0.0
RBI:FR_INV_INFLW_RN(1.0),N_A,M,N_A,INV_CAT_NPI_PORTF_INV_IND,2017,2016,0,2016-12-31,USD,8946215.0
RBI:FR_INV_INFLW_RN(1.0),N_A,M,N_A,INV_EQT,2017,2016,0,2016-12-31,USD,3451379871
RBI:FR_INV_INFLW_RN(1.0),N_A,M,N_A,INV_FDI_EQT,2017,2016,0,2016-12-31,USD,670258889
RBI:FR_INV_INFLW_RN(1.0),N_A,M,N_A,INV_FDI_OTH_CAP,2017,2016,0,2016-12-31,USD,262500000
RBI:FR_INV_INFLW_RN(1.0),N_A,M,N_A,INV_FDI_RE_INV_EAR,2017,2016,0,2016-12-31,USD,243785833
RBI:FR_INV_INFLW_RN(1.0),N_A,M,N_A,INV_FDI_RPTN_DINVT,2017,2016,0,2016-12-31,USD,160153081
RBI:FR_INV_INFLW_RN(1.0),N_A,M,N_A,INV_FII,2017,2016,0,2016-12-31,USD,-2390779083
RBI:FR_INV_INFLW_RN(1.0),N_A,M,N_A,INV_OTH_CAP,2017,2016,0,2016-12-31,USD,158333333
RBI:FR_INV_INFLW_RN(1.0),N_A,M,N_A,INV_REP_EQT,2017,2016,0,2016-12-31,USD,1603943421
RBI:FR_INV_INFLW_RN(1.0),N_A,M,N_A,INV_REP_OTH_CAP,2017,2016,0,2016-12-31,USD,19661363
RBI:FR_INV_INFLW_RN(1.0),N_A,M,N_A,INV_RE_INV_EAR,2017,2016,0,2016-12-31,USD,1019837680
RBI:FR_INV_INFLW_RN(1.0),N_A,M,N_A,INV_RPTN_DINVT,2017,2016,0,2016-12-31,USD,1623604784
RBI:FR_INV_INFLW_RN(1.0),N_A,M,N_A,EQT_ACQ_SHAR,2017,2016,0,2017-01-31,USD,478250949
RBI:FR_INV_INFLW_RN(1.0),N_A,M,N_A,EQT_CAP_UNINC_BOD,2017,2016,0,2017-01-31,USD,110884191
RBI:FR_INV_INFLW_RN(1.0),N_A,M,N_A,EQT_GOVT_SIA_FIPB,2017,2016,0,2017-01-31,USD,40715116
RBI:FR_INV_INFLW_RN(1.0),N_A,M,N_A,EQT_RBI,2017,2016,0,2017-01-31,USD,3456830428
RBI:FR_INV_INFLW_RN(1.0),N_A,M,N_A,INV_CAT_NET_FR_DIR_INV,2017,2016,0,2017-01-31,USD,4070600607
RBI:FR_INV_INFLW_RN(1.0),N_A,M,N_A,INV_CAT_NET_PORTF_INV,2017,2016,0,2017-01-31,USD,254473039
RBI:FR_INV_INFLW_RN(1.0),N_A,M,N_A,INV_CAT_NFDI_DII_GROSS_INF_INV,2017,2016,0,2017-01-31,USD,5544649954
RBI:FR_INV_INFLW_RN(1.0),N_A,M,N_A,INV_CAT_NFDI_DI_IND,2017,2016,0,2017-01-31,USD,4477684253
RBI:FR_INV_INFLW_RN(1.0),N_A,M,N_A,INV_CAT_NFDI_FDII,2017,2016,0,2017-01-31,USD,407083646
RBI:FR_INV_INFLW_RN(1.0),N_A,M,N_A,INV_CAT_NPI_FII,2017,2016,0,2017-01-31,USD,365060000
RBI:FR_INV_INFLW_RN(1.0),N_A,M,N_A,INV_CAT_NPI_GDR_ADR,2017,2016,0,2017-01-31,USD,0.0
RBI:FR_INV_INFLW_RN(1.0),N_A,M,N_A,INV_CAT_NPI_OFF_FND_OTH,2017,2016,0,2017-01-31,USD,0.0
RBI:FR_INV_INFLW_RN(1.0),N_A,M,N_A,INV_CAT_NPI_PORTF_INV_IND,2017,2016,0,2017-01-31,USD,110586961
RBI:FR_INV_INFLW_RN(1.0),N_A,M,N_A,INV_EQT,2017,2016,0,2017-01-31,USD,4086680684
RBI:FR_INV_INFLW_RN(1.0),N_A,M,N_A,INV_FDI_EQT,2017,2016,0,2017-01-31,USD,229668889
RBI:FR_INV_INFLW_RN(1.0),N_A,M,N_A,INV_FDI_OTH_CAP,2017,2016,0,2017-01-31,USD,486040000
RBI:FR_INV_INFLW_RN(1.0),N_A,M,N_A,INV_FDI_RE_INV_EAR,2017,2016,0,2017-01-31,USD,243785833
RBI:FR_INV_INFLW_RN(1.0),N_A,M,N_A,INV_FDI_RPTN_DINVT,2017,2016,0,2017-01-31,USD,552411076
RBI:FR_INV_INFLW_RN(1.0),N_A,M,N_A,INV_FII,2017,2016,0,2017-01-31,USD,4325073646
RBI:FR_INV_INFLW_RN(1.0),N_A,M,N_A,INV_OTH_CAP,2017,2016,0,2017-01-31,USD,377613333
RBI:FR_INV_INFLW_RN(1.0),N_A,M,N_A,INV_REP_EQT,2017,2016,0,2017-01-31,USD,939455740
RBI:FR_INV_INFLW_RN(1.0),N_A,M,N_A,INV_REP_OTH_CAP,2017,2016,0,2017-01-31,USD,127509961
RBI:FR_INV_INFLW_RN(1.0),N_A,M,N_A,INV_RE_INV_EAR,2017,2016,0,2017-01-31,USD,1080355936
RBI:FR_INV_INFLW_RN(1.0),N_A,M,N_A,INV_RPTN_DINVT,2017,2016,0,2017-01-31,USD,1066965701.0000001
RBI:FR_INV_INFLW_RN(1.0),N_A,M,N_A,EQT_ACQ_SHAR,2017,2016,0,2017-02-28,USD,286347688
RBI:FR_INV_INFLW_RN(1.0),N_A,M,N_A,EQT_CAP_UNINC_BOD,2017,2016,0,2017-02-28,USD,110884191
RBI:FR_INV_INFLW_RN(1.0),N_A,M,N_A,EQT_GOVT_SIA_FIPB,2017,2016,0,2017-02-28,USD,15519836
RBI:FR_INV_INFLW_RN(1.0),N_A,M,N_A,EQT_RBI,2017,2016,0,2017-02-28,USD,908378550
RBI:FR_INV_INFLW_RN(1.0),N_A,M,N_A,INV_CAT_NET_FR_DIR_INV,2017,2016,0,2017-02-28,USD,993620187
RBI:FR_INV_INFLW_RN(1.0),N_A,M,N_A,INV_CAT_NET_PORTF_INV,2017,2016,0,2017-02-28,USD,1608813039
RBI:FR_INV_INFLW_RN(1.0),N_A,M,N_A,INV_CAT_NFDI_DII_GROSS_INF_INV,2017,2016,0,2017-02-28,USD,2779099534
RBI:FR_INV_INFLW_RN(1.0),N_A,M,N_A,INV_CAT_NFDI_DI_IND,2017,2016,0,2017-02-28,USD,1712133833
RBI:FR_INV_INFLW_RN(1.0),N_A,M,N_A,INV_CAT_NFDI_FDII,2017,2016,0,2017-02-28,USD,718513646
RBI:FR_INV_INFLW_RN(1.0),N_A,M,N_A,INV_CAT_NPI_FII,2017,2016,0,2017-02-28,USD,1719400000
RBI:FR_INV_INFLW_RN(1.0),N_A,M,N_A,INV_CAT_NPI_GDR_ADR,2017,2016,0,2017-02-28,USD,0.0
RBI:FR_INV_INFLW_RN(1.0),N_A,M,N_A,INV_CAT_NPI_OFF_FND_OTH,2017,2016,0,2017-02-28,USD,0.0
RBI:FR_INV_INFLW_RN(1.0),N_A,M,N_A,INV_CAT_NPI_PORTF_INV_IND,2017,2016,0,2017-02-28,USD,110586961
RBI:FR_INV_INFLW_RN(1.0),N_A,M,N_A,INV_EQT,2017,2016,0,2017-02-28,USD,1321130264
RBI:FR_INV_INFLW_RN(1.0),N_A,M,N_A,INV_FDI_EQT,2017,2016,0,2017-02-28,USD,604108889
RBI:FR_INV_INFLW_RN(1.0),N_A,M,N_A,INV_FDI_OTH_CAP,2017,2016,0,2017-02-28,USD,423030000
RBI:FR_INV_INFLW_RN(1.0),N_A,M,N_A,INV_FDI_RE_INV_EAR,2017,2016,0,2017-02-28,USD,243785833
RBI:FR_INV_INFLW_RN(1.0),N_A,M,N_A,INV_FDI_RPTN_DINVT,2017,2016,0,2017-02-28,USD,552411076
RBI:FR_INV_INFLW_RN(1.0),N_A,M,N_A,INV_FII,2017,2016,0,2017-02-28,USD,2602433226
RBI:FR_INV_INFLW_RN(1.0),N_A,M,N_A,INV_OTH_CAP,2017,2016,0,2017-02-28,USD,377613333
RBI:FR_INV_INFLW_RN(1.0),N_A,M,N_A,INV_REP_EQT,2017,2016,0,2017-02-28,USD,939455740
RBI:FR_INV_INFLW_RN(1.0),N_A,M,N_A,INV_REP_OTH_CAP,2017,2016,0,2017-02-28,USD,127509961
RBI:FR_INV_INFLW_RN(1.0),N_A,M,N_A,INV_RE_INV_EAR,2017,2016,0,2017-02-28,USD,1080355936
RBI:FR_INV_INFLW_RN(1.0),N_A,M,N_A,INV_RPTN_DINVT,2017,2016,0,2017-02-28,USD,1066965701.0000001
RBI:FR_INV_INFLW_RN(1.0),N_A,M,N_A,EQT_ACQ_SHAR,2017,2016,0,2017-03-31,USD,781618288
RBI:FR_INV_INFLW_RN(1.0),N_A,M,N_A,EQT_CAP_UNINC_BOD,2017,2016,0,2017-03-31,USD,110884191
RBI:FR_INV_INFLW_RN(1.0),N_A,M,N_A,EQT_GOVT_SIA_FIPB,2017,2016,0,2017-03-31,USD,81645005
RBI:FR_INV_INFLW_RN(1.0),N_A,M,N_A,EQT_RBI,2017,2016,0,2017-03-31,USD,1584656911
RBI:FR_INV_INFLW_RN(1.0),N_A,M,N_A,INV_CAT_NET_FR_DIR_INV,2017,2016,0,2017-03-31,USD,-67825683
RBI:FR_INV_INFLW_RN(1.0),N_A,M,N_A,INV_CAT_NET_PORTF_INV,2017,2016,0,2017-03-31,USD,8935483039
RBI:FR_INV_INFLW_RN(1.0),N_A,M,N_A,INV_CAT_NFDI_DII_GROSS_INF_INV,2017,2016,0,2017-03-31,USD,4016773664
RBI:FR_INV_INFLW_RN(1.0),N_A,M,N_A,INV_CAT_NFDI_DI_IND,2017,2016,0,2017-03-31,USD,2949807964
RBI:FR_INV_INFLW_RN(1.0),N_A,M,N_A,INV_CAT_NFDI_FDII,2017,2016,0,2017-03-31,USD,3017633646
RBI:FR_INV_INFLW_RN(1.0),N_A,M,N_A,INV_CAT_NPI_FII,2017,2016,0,2017-03-31,USD,9046070000
RBI:FR_INV_INFLW_RN(1.0),N_A,M,N_A,INV_CAT_NPI_GDR_ADR,2017,2016,0,2017-03-31,USD,0.0
RBI:FR_INV_INFLW_RN(1.0),N_A,M,N_A,INV_CAT_NPI_OFF_FND_OTH,2017,2016,0,2017-03-31,USD,0.0
RBI:FR_INV_INFLW_RN(1.0),N_A,M,N_A,INV_CAT_NPI_PORTF_INV_IND,2017,2016,0,2017-03-31,USD,110586961
RBI:FR_INV_INFLW_RN(1.0),N_A,M,N_A,INV_EQT,2017,2016,0,2017-03-31,USD,2558804395
RBI:FR_INV_INFLW_RN(1.0),N_A,M,N_A,INV_FDI_EQT,2017,2016,0,2017-03-31,USD,2637038889
RBI:FR_INV_INFLW_RN(1.0),N_A,M,N_A,INV_FDI_OTH_CAP,2017,2016,0,2017-03-31,USD,689220000
RBI:FR_INV_INFLW_RN(1.0),N_A,M,N_A,INV_FDI_RE_INV_EAR,2017,2016,0,2017-03-31,USD,243785833
RBI:FR_INV_INFLW_RN(1.0),N_A,M,N_A,INV_FDI_RPTN_DINVT,2017,2016,0,2017-03-31,USD,552411076
RBI:FR_INV_INFLW_RN(1.0),N_A,M,N_A,INV_FII,2017,2016,0,2017-03-31,USD,8867657357
RBI:FR_INV_INFLW_RN(1.0),N_A,M,N_A,INV_OTH_CAP,2017,2016,0,2017-03-31,USD,377613333
RBI:FR_INV_INFLW_RN(1.0),N_A,M,N_A,INV_REP_EQT,2017,2016,0,2017-03-31,USD,939455740
RBI:FR_INV_INFLW_RN(1.0),N_A,M,N_A,INV_REP_OTH_CAP,2017,2016,0,2017-03-31,USD,127509961
RBI:FR_INV_INFLW_RN(1.0),N_A,M,N_A,INV_RE_INV_EAR,2017,2016,0,2017-03-31,USD,1080355936
RBI:FR_INV_INFLW_RN(1.0),N_A,M,N_A,INV_RPTN_DINVT,2017,2016,0,2017-03-31,USD,1066965701.0000001
RBI:FR_INV_INFLW_RN(1.0),N_A,M,N_A,EQT_ACQ_SHAR,2018,2017,0,2017-04-30,USD,671451785
RBI:FR_INV_INFLW_RN(1.0),N_A,M,N_A,EQT_CAP_UNINC_BOD,2018,2017,0,2017-04-30,USD,51634423
RBI:FR_INV_INFLW_RN(1.0),N_A,M,N_A,EQT_GOVT_SIA_FIPB,2018,2017,0,2017-04-30,USD,36383598
RBI:FR_INV_INFLW_RN(1.0),N_A,M,N_A,EQT_RBI,2018,2017,0,2017-04-30,USD,2520716758
RBI:FR_INV_INFLW_RN(1.0),N_A,M,N_A,INV_CAT_NET_FR_DIR_INV,2018,2017,0,2017-04-30,USD,1633156468
RBI:FR_INV_INFLW_RN(1.0),N_A,M,N_A,INV_CAT_NET_PORTF_INV,2018,2017,0,2017-04-30,USD,2121361422.9999998
RBI:FR_INV_INFLW_RN(1.0),N_A,M,N_A,INV_CAT_NFDI_DII_GROSS_INF_INV,2018,2017,0,2017-04-30,USD,4624907105
RBI:FR_INV_INFLW_RN(1.0),N_A,M,N_A,INV_CAT_NFDI_DI_IND,2018,2017,0,2017-04-30,USD,3141886604
RBI:FR_INV_INFLW_RN(1.0),N_A,M,N_A,INV_CAT_NFDI_FDII,2018,2017,0,2017-04-30,USD,1508730135
RBI:FR_INV_INFLW_RN(1.0),N_A,M,N_A,INV_CAT_NPI_FII,2018,2017,0,2017-04-30,USD,1944548333
RBI:FR_INV_INFLW_RN(1.0),N_A,M,N_A,INV_CAT_NPI_GDR_ADR,2018,2017,0,2017-04-30,USD,0.0
RBI:FR_INV_INFLW_RN(1.0),N_A,M,N_A,INV_CAT_NPI_OFF_FND_OTH,2018,2017,0,2017-04-30,USD,0.0
RBI:FR_INV_INFLW_RN(1.0),N_A,M,N_A,INV_CAT_NPI_PORTF_INV_IND,2018,2017,0,2017-04-30,USD,-176813090
RBI:FR_INV_INFLW_RN(1.0),N_A,M,N_A,INV_EQT,2018,2017,0,2017-04-30,USD,3280186565
RBI:FR_INV_INFLW_RN(1.0),N_A,M,N_A,INV_FDI_EQT,2018,2017,0,2017-04-30,USD,775427500
RBI:FR_INV_INFLW_RN(1.0),N_A,M,N_A,INV_FDI_OTH_CAP,2018,2017,0,2017-04-30,USD,731500000
RBI:FR_INV_INFLW_RN(1.0),N_A,M,N_A,INV_FDI_RE_INV_EAR,2018,2017,0,2017-04-30,USD,237721250
RBI:FR_INV_INFLW_RN(1.0),N_A,M,N_A,INV_FDI_RPTN_DINVT,2018,2017,0,2017-04-30,USD,235918615
RBI:FR_INV_INFLW_RN(1.0),N_A,M,N_A,INV_FII,2018,2017,0,2017-04-30,USD,3754517891
RBI:FR_INV_INFLW_RN(1.0),N_A,M,N_A,INV_OTH_CAP,2018,2017,0,2017-04-30,USD,370000000
RBI:FR_INV_INFLW_RN(1.0),N_A,M,N_A,INV_REP_EQT,2018,2017,0,2017-04-30,USD,1442369331
RBI:FR_INV_INFLW_RN(1.0),N_A,M,N_A,INV_REP_OTH_CAP,2018,2017,0,2017-04-30,USD,40651171
RBI:FR_INV_INFLW_RN(1.0),N_A,M,N_A,INV_RE_INV_EAR,2018,2017,0,2017-04-30,USD,974720540
RBI:FR_INV_INFLW_RN(1.0),N_A,M,N_A,INV_RPTN_DINVT,2018,2017,0,2017-04-30,USD,1483020502
RBI:FR_INV_INFLW_RN(1.0),N_A,M,N_A,EQT_ACQ_SHAR,2018,2017,0,2017-05-31,USD,582919931
RBI:FR_INV_INFLW_RN(1.0),N_A,M,N_A,EQT_CAP_UNINC_BOD,2018,2017,0,2017-05-31,USD,51634423
RBI:FR_INV_INFLW_RN(1.0),N_A,M,N_A,EQT_GOVT_SIA_FIPB,2018,2017,0,2017-05-31,USD,108976667
RBI:FR_INV_INFLW_RN(1.0),N_A,M,N_A,EQT_RBI,2018,2017,0,2017-05-31,USD,3368494741
RBI:FR_INV_INFLW_RN(1.0),N_A,M,N_A,INV_CAT_NET_FR_DIR_INV,2018,2017,0,2017-05-31,USD,3412705666
RBI:FR_INV_INFLW_RN(1.0),N_A,M,N_A,INV_CAT_NET_PORTF_INV,2018,2017,0,2017-05-31,USD,5902417423
RBI:FR_INV_INFLW_RN(1.0),N_A,M,N_A,INV_CAT_NFDI_DII_GROSS_INF_INV,2018,2017,0,2017-05-31,USD,5456746303
RBI:FR_INV_INFLW_RN(1.0),N_A,M,N_A,INV_CAT_NFDI_DI_IND,2018,2017,0,2017-05-31,USD,3973725802
RBI:FR_INV_INFLW_RN(1.0),N_A,M,N_A,INV_CAT_NFDI_FDII,2018,2017,0,2017-05-31,USD,561020135
RBI:FR_INV_INFLW_RN(1.0),N_A,M,N_A,INV_CAT_NPI_FII,2018,2017,0,2017-05-31,USD,5725604333
RBI:FR_INV_INFLW_RN(1.0),N_A,M,N_A,INV_CAT_NPI_GDR_ADR,2018,2017,0,2017-05-31,USD,0.0
RBI:FR_INV_INFLW_RN(1.0),N_A,M,N_A,INV_CAT_NPI_OFF_FND_OTH,2018,2017,0,2017-05-31,USD,0.0
RBI:FR_INV_INFLW_RN(1.0),N_A,M,N_A,INV_CAT_NPI_PORTF_INV_IND,2018,2017,0,2017-05-31,USD,-176813090
RBI:FR_INV_INFLW_RN(1.0),N_A,M,N_A,INV_EQT,2018,2017,0,2017-05-31,USD,4112025762.9999995
RBI:FR_INV_INFLW_RN(1.0),N_A,M,N_A,INV_FDI_EQT,2018,2017,0,2017-05-31,USD,432347500
RBI:FR_INV_INFLW_RN(1.0),N_A,M,N_A,INV_FDI_OTH_CAP,2018,2017,0,2017-05-31,USD,126870000
RBI:FR_INV_INFLW_RN(1.0),N_A,M,N_A,INV_FDI_RE_INV_EAR,2018,2017,0,2017-05-31,USD,237721250
RBI:FR_INV_INFLW_RN(1.0),N_A,M,N_A,INV_FDI_RPTN_DINVT,2018,2017,0,2017-05-31,USD,235918615
RBI:FR_INV_INFLW_RN(1.0),N_A,M,N_A,INV_FII,2018,2017,0,2017-05-31,USD,9315123089
RBI:FR_INV_INFLW_RN(1.0),N_A,M,N_A,INV_OTH_CAP,2018,2017,0,2017-05-31,USD,370000000
RBI:FR_INV_INFLW_RN(1.0),N_A,M,N_A,INV_REP_EQT,2018,2017,0,2017-05-31,USD,1442369331
RBI:FR_INV_INFLW_RN(1.0),N_A,M,N_A,INV_REP_OTH_CAP,2018,2017,0,2017-05-31,USD,40651171
RBI:FR_INV_INFLW_RN(1.0),N_A,M,N_A,INV_RE_INV_EAR,2018,2017,0,2017-05-31,USD,974720540
RBI:FR_INV_INFLW_RN(1.0),N_A,M,N_A,INV_RPTN_DINVT,2018,2017,0,2017-05-31,USD,1483020502
RBI:FR_INV_INFLW_RN(1.0),N_A,M,N_A,EQT_ACQ_SHAR,2018,2017,0,2017-06-30,USD,426446627
RBI:FR_INV_INFLW_RN(1.0),N_A,M,N_A,EQT_CAP_UNINC_BOD,2018,2017,0,2017-06-30,USD,51634423
RBI:FR_INV_INFLW_RN(1.0),N_A,M,N_A,EQT_GOVT_SIA_FIPB,2018,2017,0,2017-06-30,USD,121032540
RBI:FR_INV_INFLW_RN(1.0),N_A,M,N_A,EQT_RBI,2018,2017,0,2017-06-30,USD,2571672641
RBI:FR_INV_INFLW_RN(1.0),N_A,M,N_A,INV_CAT_NET_FR_DIR_INV,2018,2017,0,2017-06-30,USD,2097936135
RBI:FR_INV_INFLW_RN(1.0),N_A,M,N_A,INV_CAT_NET_PORTF_INV,2018,2017,0,2017-06-30,USD,4427820423
RBI:FR_INV_INFLW_RN(1.0),N_A,M,N_A,INV_CAT_NFDI_DII_GROSS_INF_INV,2018,2017,0,2017-06-30,USD,4515506772
RBI:FR_INV_INFLW_RN(1.0),N_A,M,N_A,INV_CAT_NFDI_DI_IND,2018,2017,0,2017-06-30,USD,3032486270
RBI:FR_INV_INFLW_RN(1.0),N_A,M,N_A,INV_CAT_NFDI_FDII,2018,2017,0,2017-06-30,USD,934550135
RBI:FR_INV_INFLW_RN(1.0),N_A,M,N_A,INV_CAT_NPI_FII,2018,2017,0,2017-06-30,USD,4251007332.9999995
RBI:FR_INV_INFLW_RN(1.0),N_A,M,N_A,INV_CAT_NPI_GDR_ADR,2018,2017,0,2017-06-30,USD,0.0
RBI:FR_INV_INFLW_RN(1.0),N_A,M,N_A,INV_CAT_NPI_OFF_FND_OTH,2018,2017,0,2017-06-30,USD,0.0
RBI:FR_INV_INFLW_RN(1.0),N_A,M,N_A,INV_CAT_NPI_PORTF_INV_IND,2018,2017,0,2017-06-30,USD,-176813090
RBI:FR_INV_INFLW_RN(1.0),N_A,M,N_A,INV_EQT,2018,2017,0,2017-06-30,USD,3170786232
RBI:FR_INV_INFLW_RN(1.0),N_A,M,N_A,INV_FDI_EQT,2018,2017,0,2017-06-30,USD,551777500
RBI:FR_INV_INFLW_RN(1.0),N_A,M,N_A,INV_FDI_OTH_CAP,2018,2017,0,2017-06-30,USD,380970000
RBI:FR_INV_INFLW_RN(1.0),N_A,M,N_A,INV_FDI_RE_INV_EAR,2018,2017,0,2017-06-30,USD,237721250
RBI:FR_INV_INFLW_RN(1.0),N_A,M,N_A,INV_FDI_RPTN_DINVT,2018,2017,0,2017-06-30,USD,235918615
RBI:FR_INV_INFLW_RN(1.0),N_A,M,N_A,INV_FII,2018,2017,0,2017-06-30,USD,6525756558
RBI:FR_INV_INFLW_RN(1.0),N_A,M,N_A,INV_OTH_CAP,2018,2017,0,2017-06-30,USD,370000000
RBI:FR_INV_INFLW_RN(1.0),N_A,M,N_A,INV_REP_EQT,2018,2017,0,2017-06-30,USD,1442369331
RBI:FR_INV_INFLW_RN(1.0),N_A,M,N_A,INV_REP_OTH_CAP,2018,2017,0,2017-06-30,USD,40651171
RBI:FR_INV_INFLW_RN(1.0),N_A,M,N_A,INV_RE_INV_EAR,2018,2017,0,2017-06-30,USD,974720540
RBI:FR_INV_INFLW_RN(1.0),N_A,M,N_A,INV_RPTN_DINVT,2018,2017,0,2017-06-30,USD,1483020502
RBI:FR_INV_INFLW_RN(1.0),N_A,M,N_A,EQT_ACQ_SHAR,2018,2017,0,2017-07-31,USD,766862304
RBI:FR_INV_INFLW_RN(1.0),N_A,M,N_A,EQT_CAP_UNINC_BOD,2018,2017,0,2017-07-31,USD,53738292
RBI:FR_INV_INFLW_RN(1.0),N_A,M,N_A,EQT_GOVT_SIA_FIPB,2018,2017,0,2017-07-31,USD,124962959
RBI:FR_INV_INFLW_RN(1.0),N_A,M,N_A,EQT_RBI,2018,2017,0,2017-07-31,USD,3935019137
RBI:FR_INV_INFLW_RN(1.0),N_A,M,N_A,INV_CAT_NET_FR_DIR_INV,2018,2017,0,2017-07-31,USD,4199176201
RBI:FR_INV_INFLW_RN(1.0),N_A,M,N_A,INV_CAT_NET_PORTF_INV,2018,2017,0,2017-07-31,USD,886626521
RBI:FR_INV_INFLW_RN(1.0),N_A,M,N_A,INV_CAT_NFDI_DII_GROSS_INF_INV,2018,2017,0,2017-07-31,USD,6171352004
RBI:FR_INV_INFLW_RN(1.0),N_A,M,N_A,INV_CAT_NFDI_DI_IND,2018,2017,0,2017-07-31,USD,4742178603
RBI:FR_INV_INFLW_RN(1.0),N_A,M,N_A,INV_CAT_NFDI_FDII,2018,2017,0,2017-07-31,USD,543002402
RBI:FR_INV_INFLW_RN(1.0),N_A,M,N_A,INV_CAT_NPI_FII,2018,2017,0,2017-07-31,USD,1010488633
RBI:FR_INV_INFLW_RN(1.0),N_A,M,N_A,INV_CAT_NPI_GDR_ADR,2018,2017,0,2017-07-31,USD,0.0
RBI:FR_INV_INFLW_RN(1.0),N_A,M,N_A,INV_CAT_NPI_OFF_FND_OTH,2018,2017,0,2017-07-31,USD,0.0
RBI:FR_INV_INFLW_RN(1.0),N_A,M,N_A,INV_CAT_NPI_PORTF_INV_IND,2018,2017,0,2017-07-31,USD,123862112
RBI:FR_INV_INFLW_RN(1.0),N_A,M,N_A,INV_EQT,2018,2017,0,2017-07-31,USD,4880582692
RBI:FR_INV_INFLW_RN(1.0),N_A,M,N_A,INV_FDI_EQT,2018,2017,0,2017-07-31,USD,303167500
RBI:FR_INV_INFLW_RN(1.0),N_A,M,N_A,INV_FDI_OTH_CAP,2018,2017,0,2017-07-31,USD,357760000
RBI:FR_INV_INFLW_RN(1.0),N_A,M,N_A,INV_FDI_RE_INV_EAR,2018,2017,0,2017-07-31,USD,237721250
RBI:FR_INV_INFLW_RN(1.0),N_A,M,N_A,INV_FDI_RPTN_DINVT,2018,2017,0,2017-07-31,USD,355646348
RBI:FR_INV_INFLW_RN(1.0),N_A,M,N_A,INV_FII,2018,2017,0,2017-07-31,USD,5085802722
RBI:FR_INV_INFLW_RN(1.0),N_A,M,N_A,INV_OTH_CAP,2018,2017,0,2017-07-31,USD,276333333
RBI:FR_INV_INFLW_RN(1.0),N_A,M,N_A,INV_REP_EQT,2018,2017,0,2017-07-31,USD,1417748171
RBI:FR_INV_INFLW_RN(1.0),N_A,M,N_A,INV_REP_OTH_CAP,2018,2017,0,2017-07-31,USD,11425231
RBI:FR_INV_INFLW_RN(1.0),N_A,M,N_A,INV_RE_INV_EAR,2018,2017,0,2017-07-31,USD,1014435979
RBI:FR_INV_INFLW_RN(1.0),N_A,M,N_A,INV_RPTN_DINVT,2018,2017,0,2017-07-31,USD,1429173402
RBI:FR_INV_INFLW_RN(1.0),N_A,M,N_A,EQT_ACQ_SHAR,2018,2017,0,2017-08-31,USD,502953021
RBI:FR_INV_INFLW_RN(1.0),N_A,M,N_A,EQT_CAP_UNINC_BOD,2018,2017,0,2017-08-31,USD,53738292
RBI:FR_INV_INFLW_RN(1.0),N_A,M,N_A,EQT_GOVT_SIA_FIPB,2018,2017,0,2017-08-31,USD,5897125768
RBI:FR_INV_INFLW_RN(1.0),N_A,M,N_A,EQT_RBI,2018,2017,0,2017-08-31,USD,1603624602
RBI:FR_INV_INFLW_RN(1.0),N_A,M,N_A,INV_CAT_NET_FR_DIR_INV,2018,2017,0,2017-08-31,USD,7681815191
RBI:FR_INV_INFLW_RN(1.0),N_A,M,N_A,INV_CAT_NET_PORTF_INV,2018,2017,0,2017-08-31,USD,560267199
RBI:FR_INV_INFLW_RN(1.0),N_A,M,N_A,INV_CAT_NFDI_DII_GROSS_INF_INV,2018,2017,0,2017-08-31,USD,9348210995
RBI:FR_INV_INFLW_RN(1.0),N_A,M,N_A,INV_CAT_NFDI_DI_IND,2018,2017,0,2017-08-31,USD,7919037593
RBI:FR_INV_INFLW_RN(1.0),N_A,M,N_A,INV_CAT_NFDI_FDII,2018,2017,0,2017-08-31,USD,237222402
RBI:FR_INV_INFLW_RN(1.0),N_A,M,N_A,INV_CAT_NPI_FII,2018,2017,0,2017-08-31,USD,684129310
RBI:FR_INV_INFLW_RN(1.0),N_A,M,N_A,INV_CAT_NPI_GDR_ADR,2018,2017,0,2017-08-31,USD,0.0
RBI:FR_INV_INFLW_RN(1.0),N_A,M,N_A,INV_CAT_NPI_OFF_FND_OTH,2018,2017,0,2017-08-31,USD,0.0
RBI:FR_INV_INFLW_RN(1.0),N_A,M,N_A,INV_CAT_NPI_PORTF_INV_IND,2018,2017,0,2017-08-31,USD,123862112
RBI:FR_INV_INFLW_RN(1.0),N_A,M,N_A,INV_EQT,2018,2017,0,2017-08-31,USD,8057441683
RBI:FR_INV_INFLW_RN(1.0),N_A,M,N_A,INV_FDI_EQT,2018,2017,0,2017-08-31,USD,221627500
RBI:FR_INV_INFLW_RN(1.0),N_A,M,N_A,INV_FDI_OTH_CAP,2018,2017,0,2017-08-31,USD,133520000.00000001
RBI:FR_INV_INFLW_RN(1.0),N_A,M,N_A,INV_FDI_RE_INV_EAR,2018,2017,0,2017-08-31,USD,237721250
RBI:FR_INV_INFLW_RN(1.0),N_A,M,N_A,INV_FDI_RPTN_DINVT,2018,2017,0,2017-08-31,USD,355646348
RBI:FR_INV_INFLW_RN(1.0),N_A,M,N_A,INV_FII,2018,2017,0,2017-08-31,USD,8242082390
RBI:FR_INV_INFLW_RN(1.0),N_A,M,N_A,INV_OTH_CAP,2018,2017,0,2017-08-31,USD,276333333
RBI:FR_INV_INFLW_RN(1.0),N_A,M,N_A,INV_REP_EQT,2018,2017,0,2017-08-31,USD,1417748171
RBI:FR_INV_INFLW_RN(1.0),N_A,M,N_A,INV_REP_OTH_CAP,2018,2017,0,2017-08-31,USD,11425231
RBI:FR_INV_INFLW_RN(1.0),N_A,M,N_A,INV_RE_INV_EAR,2018,2017,0,2017-08-31,USD,1014435979
RBI:FR_INV_INFLW_RN(1.0),N_A,M,N_A,INV_RPTN_DINVT,2018,2017,0,2017-08-31,USD,1429173402
RBI:FR_INV_INFLW_RN(1.0),N_A,M,N_A,EQT_ACQ_SHAR,2018,2017,0,2017-09-30,USD,419245852
RBI:FR_INV_INFLW_RN(1.0),N_A,M,N_A,EQT_CAP_UNINC_BOD,2018,2017,0,2017-09-30,USD,53738292
RBI:FR_INV_INFLW_RN(1.0),N_A,M,N_A,EQT_GOVT_SIA_FIPB,2018,2017,0,2017-09-30,USD,98528967
RBI:FR_INV_INFLW_RN(1.0),N_A,M,N_A,EQT_RBI,2018,2017,0,2017-09-30,USD,1597603757
RBI:FR_INV_INFLW_RN(1.0),N_A,M,N_A,INV_CAT_NET_FR_DIR_INV,2018,2017,0,2017-09-30,USD,530390375.99999994
RBI:FR_INV_INFLW_RN(1.0),N_A,M,N_A,INV_CAT_NET_PORTF_INV,2018,2017,0,2017-09-30,USD,619014843
RBI:FR_INV_INFLW_RN(1.0),N_A,M,N_A,INV_CAT_NFDI_DII_GROSS_INF_INV,2018,2017,0,2017-09-30,USD,3459886180
RBI:FR_INV_INFLW_RN(1.0),N_A,M,N_A,INV_CAT_NFDI_DI_IND,2018,2017,0,2017-09-30,USD,2030712778
RBI:FR_INV_INFLW_RN(1.0),N_A,M,N_A,INV_CAT_NFDI_FDII,2018,2017,0,2017-09-30,USD,1500322402
RBI:FR_INV_INFLW_RN(1.0),N_A,M,N_A,INV_CAT_NPI_FII,2018,2017,0,2017-09-30,USD,742876955
RBI:FR_INV_INFLW_RN(1.0),N_A,M,N_A,INV_CAT_NPI_GDR_ADR,2018,2017,0,2017-09-30,USD,0.0
RBI:FR_INV_INFLW_RN(1.0),N_A,M,N_A,INV_CAT_NPI_OFF_FND_OTH,2018,2017,0,2017-09-30,USD,0.0
RBI:FR_INV_INFLW_RN(1.0),N_A,M,N_A,INV_CAT_NPI_PORTF_INV_IND,2018,2017,0,2017-09-30,USD,123862112
RBI:FR_INV_INFLW_RN(1.0),N_A,M,N_A,INV_EQT,2018,2017,0,2017-09-30,USD,2169116867
RBI:FR_INV_INFLW_RN(1.0),N_A,M,N_A,INV_FDI_EQT,2018,2017,0,2017-09-30,USD,516197500
RBI:FR_INV_INFLW_RN(1.0),N_A,M,N_A,INV_FDI_OTH_CAP,2018,2017,0,2017-09-30,USD,1102050000
RBI:FR_INV_INFLW_RN(1.0),N_A,M,N_A,INV_FDI_RE_INV_EAR,2018,2017,0,2017-09-30,USD,237721250
RBI:FR_INV_INFLW_RN(1.0),N_A,M,N_A,INV_FDI_RPTN_DINVT,2018,2017,0,2017-09-30,USD,355646348
RBI:FR_INV_INFLW_RN(1.0),N_A,M,N_A,INV_FII,2018,2017,0,2017-09-30,USD,1149405219
RBI:FR_INV_INFLW_RN(1.0),N_A,M,N_A,INV_OTH_CAP,2018,2017,0,2017-09-30,USD,276333333
RBI:FR_INV_INFLW_RN(1.0),N_A,M,N_A,INV_REP_EQT,2018,2017,0,2017-09-30,USD,1417748171
RBI:FR_INV_INFLW_RN(1.0),N_A,M,N_A,INV_REP_OTH_CAP,2018,2017,0,2017-09-30,USD,11425231
RBI:FR_INV_INFLW_RN(1.0),N_A,M,N_A,INV_RE_INV_EAR,2018,2017,0,2017-09-30,USD,1014435979
RBI:FR_INV_INFLW_RN(1.0),N_A,M,N_A,INV_RPTN_DINVT,2018,2017,0,2017-09-30,USD,1429173402
RBI:FR_INV_INFLW_RN(1.0),N_A,M,N_A,EQT_ACQ_SHAR,2018,2017,0,2017-10-31,USD,909968215
RBI:FR_INV_INFLW_RN(1.0),N_A,M,N_A,EQT_CAP_UNINC_BOD,2018,2017,0,2017-10-31,USD,56178873
RBI:FR_INV_INFLW_RN(1.0),N_A,M,N_A,EQT_GOVT_SIA_FIPB,2018,2017,0,2017-10-31,USD,27845179
RBI:FR_INV_INFLW_RN(1.0),N_A,M,N_A,EQT_RBI,2018,2017,0,2017-10-31,USD,1744005229
RBI:FR_INV_INFLW_RN(1.0),N_A,M,N_A,INV_CAT_NET_FR_DIR_INV,2018,2017,0,2017-10-31,USD,631534528
RBI:FR_INV_INFLW_RN(1.0),N_A,M,N_A,INV_CAT_NET_PORTF_INV,2018,2017,0,2017-10-31,USD,3850892669
RBI:FR_INV_INFLW_RN(1.0),N_A,M,N_A,INV_CAT_NFDI_DII_GROSS_INF_INV,2018,2017,0,2017-10-31,USD,3919838490
RBI:FR_INV_INFLW_RN(1.0),N_A,M,N_A,INV_CAT_NFDI_DI_IND,2018,2017,0,2017-10-31,USD,1148018446
RBI:FR_INV_INFLW_RN(1.0),N_A,M,N_A,INV_CAT_NFDI_FDII,2018,2017,0,2017-10-31,USD,516483918
RBI:FR_INV_INFLW_RN(1.0),N_A,M,N_A,INV_CAT_NPI_FII,2018,2017,0,2017-10-31,USD,3887146667
RBI:FR_INV_INFLW_RN(1.0),N_A,M,N_A,INV_CAT_NPI_GDR_ADR,2018,2017,0,2017-10-31,USD,0.0
RBI:FR_INV_INFLW_RN(1.0),N_A,M,N_A,INV_CAT_NPI_OFF_FND_OTH,2018,2017,0,2017-10-31,USD,0.0
RBI:FR_INV_INFLW_RN(1.0),N_A,M,N_A,INV_CAT_NPI_PORTF_INV_IND,2018,2017,0,2017-10-31,USD,36253998
RBI:FR_INV_INFLW_RN(1.0),N_A,M,N_A,INV_EQT,2018,2017,0,2017-10-31,USD,2737997496
RBI:FR_INV_INFLW_RN(1.0),N_A,M,N_A,INV_FDI_EQT,2018,2017,0,2017-10-31,USD,352807500
RBI:FR_INV_INFLW_RN(1.0),N_A,M,N_A,INV_FDI_OTH_CAP,2018,2017,0,2017-10-31,USD,249090000
RBI:FR_INV_INFLW_RN(1.0),N_A,M,N_A,INV_FDI_RE_INV_EAR,2018,2017,0,2017-10-31,USD,237721250
RBI:FR_INV_INFLW_RN(1.0),N_A,M,N_A,INV_FDI_RPTN_DINVT,2018,2017,0,2017-10-31,USD,323134832
RBI:FR_INV_INFLW_RN(1.0),N_A,M,N_A,INV_FII,2018,2017,0,2017-10-31,USD,4482427197
RBI:FR_INV_INFLW_RN(1.0),N_A,M,N_A,INV_OTH_CAP,2018,2017,0,2017-10-31,USD,121333333
RBI:FR_INV_INFLW_RN(1.0),N_A,M,N_A,INV_REP_EQT,2018,2017,0,2017-10-31,USD,2762304513
RBI:FR_INV_INFLW_RN(1.0),N_A,M,N_A,INV_REP_OTH_CAP,2018,2017,0,2017-10-31,USD,9515530.0
RBI:FR_INV_INFLW_RN(1.0),N_A,M,N_A,INV_RE_INV_EAR,2018,2017,0,2017-10-31,USD,1060507661.0000001
RBI:FR_INV_INFLW_RN(1.0),N_A,M,N_A,INV_RPTN_DINVT,2018,2017,0,2017-10-31,USD,2771820044
RBI:FR_INV_INFLW_RN(1.0),N_A,M,N_A,EQT_ACQ_SHAR,2018,2017,0,2017-11-30,USD,740608454
RBI:FR_INV_INFLW_RN(1.0),N_A,M,N_A,EQT_CAP_UNINC_BOD,2018,2017,0,2017-11-30,USD,56178873
RBI:FR_INV_INFLW_RN(1.0),N_A,M,N_A,EQT_GOVT_SIA_FIPB,2018,2017,0,2017-11-30,USD,18338761
RBI:FR_INV_INFLW_RN(1.0),N_A,M,N_A,EQT_RBI,2018,2017,0,2017-11-30,USD,2327383859
RBI:FR_INV_INFLW_RN(1.0),N_A,M,N_A,INV_CAT_NET_FR_DIR_INV,2018,2017,0,2017-11-30,USD,956136979
RBI:FR_INV_INFLW_RN(1.0),N_A,M,N_A,INV_CAT_NET_PORTF_INV,2018,2017,0,2017-11-30,USD,1590832669
RBI:FR_INV_INFLW_RN(1.0),N_A,M,N_A,INV_CAT_NFDI_DII_GROSS_INF_INV,2018,2017,0,2017-11-30,USD,4324350941
RBI:FR_INV_INFLW_RN(1.0),N_A,M,N_A,INV_CAT_NFDI_DI_IND,2018,2017,0,2017-11-30,USD,1552530897
RBI:FR_INV_INFLW_RN(1.0),N_A,M,N_A,INV_CAT_NFDI_FDII,2018,2017,0,2017-11-30,USD,596393918
RBI:FR_INV_INFLW_RN(1.0),N_A,M,N_A,INV_CAT_NPI_FII,2018,2017,0,2017-11-30,USD,1627086667
RBI:FR_INV_INFLW_RN(1.0),N_A,M,N_A,INV_CAT_NPI_GDR_ADR,2018,2017,0,2017-11-30,USD,0.0
RBI:FR_INV_INFLW_RN(1.0),N_A,M,N_A,INV_CAT_NPI_OFF_FND_OTH,2018,2017,0,2017-11-30,USD,0.0
RBI:FR_INV_INFLW_RN(1.0),N_A,M,N_A,INV_CAT_NPI_PORTF_INV_IND,2018,2017,0,2017-11-30,USD,36253998
RBI:FR_INV_INFLW_RN(1.0),N_A,M,N_A,INV_EQT,2018,2017,0,2017-11-30,USD,3142509947
RBI:FR_INV_INFLW_RN(1.0),N_A,M,N_A,INV_FDI_EQT,2018,2017,0,2017-11-30,USD,454397500
RBI:FR_INV_INFLW_RN(1.0),N_A,M,N_A,INV_FDI_OTH_CAP,2018,2017,0,2017-11-30,USD,227410000
RBI:FR_INV_INFLW_RN(1.0),N_A,M,N_A,INV_FDI_RE_INV_EAR,2018,2017,0,2017-11-30,USD,237721250
RBI:FR_INV_INFLW_RN(1.0),N_A,M,N_A,INV_FDI_RPTN_DINVT,2018,2017,0,2017-11-30,USD,323134832
RBI:FR_INV_INFLW_RN(1.0),N_A,M,N_A,INV_FII,2018,2017,0,2017-11-30,USD,2546969648
RBI:FR_INV_INFLW_RN(1.0),N_A,M,N_A,INV_OTH_CAP,2018,2017,0,2017-11-30,USD,121333333
RBI:FR_INV_INFLW_RN(1.0),N_A,M,N_A,INV_REP_EQT,2018,2017,0,2017-11-30,USD,2762304513
RBI:FR_INV_INFLW_RN(1.0),N_A,M,N_A,INV_REP_OTH_CAP,2018,2017,0,2017-11-30,USD,9515530.0
RBI:FR_INV_INFLW_RN(1.0),N_A,M,N_A,INV_RE_INV_EAR,2018,2017,0,2017-11-30,USD,1060507661.0000001
RBI:FR_INV_INFLW_RN(1.0),N_A,M,N_A,INV_RPTN_DINVT,2018,2017,0,2017-11-30,USD,2771820044
RBI:FR_INV_INFLW_RN(1.0),N_A,M,N_A,EQT_ACQ_SHAR,2018,2017,0,2017-12-31,USD,1768814239
RBI:FR_INV_INFLW_RN(1.0),N_A,M,N_A,EQT_CAP_UNINC_BOD,2018,2017,0,2017-12-31,USD,56178873
RBI:FR_INV_INFLW_RN(1.0),N_A,M,N_A,EQT_GOVT_SIA_FIPB,2018,2017,0,2017-12-31,USD,55223721
RBI:FR_INV_INFLW_RN(1.0),N_A,M,N_A,EQT_RBI,2018,2017,0,2017-12-31,USD,2994625612
RBI:FR_INV_INFLW_RN(1.0),N_A,M,N_A,INV_CAT_NET_FR_DIR_INV,2018,2017,0,2017-12-31,USD,2735669478
RBI:FR_INV_INFLW_RN(1.0),N_A,M,N_A,INV_CAT_NET_PORTF_INV,2018,2017,0,2017-12-31,USD,-120217331
RBI:FR_INV_INFLW_RN(1.0),N_A,M,N_A,INV_CAT_NFDI_DII_GROSS_INF_INV,2018,2017,0,2017-12-31,USD,6056683439
RBI:FR_INV_INFLW_RN(1.0),N_A,M,N_A,INV_CAT_NFDI_DI_IND,2018,2017,0,2017-12-31,USD,3284863396
RBI:FR_INV_INFLW_RN(1.0),N_A,M,N_A,INV_CAT_NFDI_FDII,2018,2017,0,2017-12-31,USD,549193918
RBI:FR_INV_INFLW_RN(1.0),N_A,M,N_A,INV_CAT_NPI_FII,2018,2017,0,2017-12-31,USD,-83963333
RBI:FR_INV_INFLW_RN(1.0),N_A,M,N_A,INV_CAT_NPI_GDR_ADR,2018,2017,0,2017-12-31,USD,0.0
RBI:FR_INV_INFLW_RN(1.0),N_A,M,N_A,INV_CAT_NPI_OFF_FND_OTH,2018,2017,0,2017-12-31,USD,0.0
RBI:FR_INV_INFLW_RN(1.0),N_A,M,N_A,INV_CAT_NPI_PORTF_INV_IND,2018,2017,0,2017-12-31,USD,36253998
RBI:FR_INV_INFLW_RN(1.0),N_A,M,N_A,INV_EQT,2018,2017,0,2017-12-31,USD,4874842445
RBI:FR_INV_INFLW_RN(1.0),N_A,M,N_A,INV_FDI_EQT,2018,2017,0,2017-12-31,USD,382877500
RBI:FR_INV_INFLW_RN(1.0),N_A,M,N_A,INV_FDI_OTH_CAP,2018,2017,0,2017-12-31,USD,251730000
RBI:FR_INV_INFLW_RN(1.0),N_A,M,N_A,INV_FDI_RE_INV_EAR,2018,2017,0,2017-12-31,USD,237721250
RBI:FR_INV_INFLW_RN(1.0),N_A,M,N_A,INV_FDI_RPTN_DINVT,2018,2017,0,2017-12-31,USD,323134832
RBI:FR_INV_INFLW_RN(1.0),N_A,M,N_A,INV_FII,2018,2017,0,2017-12-31,USD,2615452146
RBI:FR_INV_INFLW_RN(1.0),N_A,M,N_A,INV_OTH_CAP,2018,2017,0,2017-12-31,USD,121333333
RBI:FR_INV_INFLW_RN(1.0),N_A,M,N_A,INV_REP_EQT,2018,2017,0,2017-12-31,USD,2762304513
RBI:FR_INV_INFLW_RN(1.0),N_A,M,N_A,INV_REP_OTH_CAP,2018,2017,0,2017-12-31,USD,9515530.0
RBI:FR_INV_INFLW_RN(1.0),N_A,M,N_A,INV_RE_INV_EAR,2018,2017,0,2017-12-31,USD,1060507661.0000001
RBI:FR_INV_INFLW_RN(1.0),N_A,M,N_A,INV_RPTN_DINVT,2018,2017,0,2017-12-31,USD,2771820044
RBI:FR_INV_INFLW_RN(1.0),N_A,M,N_A,EQT_ACQ_SHAR,2018,2017,0,2018-01-31,USD,230913213
RBI:FR_INV_INFLW_RN(1.0),N_A,M,N_A,EQT_CAP_UNINC_BOD,2018,2017,0,2018-01-31,USD,59915884
RBI:FR_INV_INFLW_RN(1.0),N_A,M,N_A,EQT_GOVT_SIA_FIPB,2018,2017,0,2018-01-31,USD,91894803
RBI:FR_INV_INFLW_RN(1.0),N_A,M,N_A,EQT_RBI,2018,2017,0,2018-01-31,USD,2094907350
RBI:FR_INV_INFLW_RN(1.0),N_A,M,N_A,INV_CAT_NET_FR_DIR_INV,2018,2017,0,2018-01-31,USD,1688546727
RBI:FR_INV_INFLW_RN(1.0),N_A,M,N_A,INV_CAT_NET_PORTF_INV,2018,2017,0,2018-01-31,USD,3379207708
RBI:FR_INV_INFLW_RN(1.0),N_A,M,N_A,INV_CAT_NFDI_DII_GROSS_INF_INV,2018,2017,0,2018-01-31,USD,3811350414
RBI:FR_INV_INFLW_RN(1.0),N_A,M,N_A,INV_CAT_NFDI_DI_IND,2018,2017,0,2018-01-31,USD,2314121169
RBI:FR_INV_INFLW_RN(1.0),N_A,M,N_A,INV_CAT_NFDI_FDII,2018,2017,0,2018-01-31,USD,625574442
RBI:FR_INV_INFLW_RN(1.0),N_A,M,N_A,INV_CAT_NPI_FII,2018,2017,0,2018-01-31,USD,3412512275
RBI:FR_INV_INFLW_RN(1.0),N_A,M,N_A,INV_CAT_NPI_GDR_ADR,2018,2017,0,2018-01-31,USD,0.0
RBI:FR_INV_INFLW_RN(1.0),N_A,M,N_A,INV_CAT_NPI_OFF_FND_OTH,2018,2017,0,2018-01-31,USD,0.0
RBI:FR_INV_INFLW_RN(1.0),N_A,M,N_A,INV_CAT_NPI_PORTF_INV_IND,2018,2017,0,2018-01-31,USD,33304567
RBI:FR_INV_INFLW_RN(1.0),N_A,M,N_A,INV_EQT,2018,2017,0,2018-01-31,USD,2477631251
RBI:FR_INV_INFLW_RN(1.0),N_A,M,N_A,INV_FDI_EQT,2018,2017,0,2018-01-31,USD,459817500
RBI:FR_INV_INFLW_RN(1.0),N_A,M,N_A,INV_FDI_OTH_CAP,2018,2017,0,2018-01-31,USD,175700000
RBI:FR_INV_INFLW_RN(1.0),N_A,M,N_A,INV_FDI_RE_INV_EAR,2018,2017,0,2018-01-31,USD,237721250
RBI:FR_INV_INFLW_RN(1.0),N_A,M,N_A,INV_FDI_RPTN_DINVT,2018,2017,0,2018-01-31,USD,247664308
RBI:FR_INV_INFLW_RN(1.0),N_A,M,N_A,INV_FII,2018,2017,0,2018-01-31,USD,5067754435
RBI:FR_INV_INFLW_RN(1.0),N_A,M,N_A,INV_OTH_CAP,2018,2017,0,2018-01-31,USD,202666667
RBI:FR_INV_INFLW_RN(1.0),N_A,M,N_A,INV_REP_EQT,2018,2017,0,2018-01-31,USD,1485954638
RBI:FR_INV_INFLW_RN(1.0),N_A,M,N_A,INV_REP_OTH_CAP,2018,2017,0,2018-01-31,USD,11274607
RBI:FR_INV_INFLW_RN(1.0),N_A,M,N_A,INV_RE_INV_EAR,2018,2017,0,2018-01-31,USD,1131052497
RBI:FR_INV_INFLW_RN(1.0),N_A,M,N_A,INV_RPTN_DINVT,2018,2017,0,2018-01-31,USD,1497229245
RBI:FR_INV_INFLW_RN(1.0),N_A,M,N_A,EQT_ACQ_SHAR,2018,2017,0,2018-02-28,USD,262516579.99999997
RBI:FR_INV_INFLW_RN(1.0),N_A,M,N_A,EQT_CAP_UNINC_BOD,2018,2017,0,2018-02-28,USD,59915884
RBI:FR_INV_INFLW_RN(1.0),N_A,M,N_A,EQT_GOVT_SIA_FIPB,2018,2017,0,2018-02-28,USD,1160623652
RBI:FR_INV_INFLW_RN(1.0),N_A,M,N_A,EQT_RBI,2018,2017,0,2018-02-28,USD,1757901998
RBI:FR_INV_INFLW_RN(1.0),N_A,M,N_A,INV_CAT_NET_FR_DIR_INV,2018,2017,0,2018-02-28,USD,2667793591
RBI:FR_INV_INFLW_RN(1.0),N_A,M,N_A,INV_CAT_NET_PORTF_INV,2018,2017,0,2018-02-28,USD,286871418
RBI:FR_INV_INFLW_RN(1.0),N_A,M,N_A,INV_CAT_NFDI_DII_GROSS_INF_INV,2018,2017,0,2018-02-28,USD,4574677278
RBI:FR_INV_INFLW_RN(1.0),N_A,M,N_A,INV_CAT_NFDI_DI_IND,2018,2017,0,2018-02-28,USD,3077448033
RBI:FR_INV_INFLW_RN(1.0),N_A,M,N_A,INV_CAT_NFDI_FDII,2018,2017,0,2018-02-28,USD,409654442
RBI:FR_INV_INFLW_RN(1.0),N_A,M,N_A,INV_CAT_NPI_FII,2018,2017,0,2018-02-28,USD,320175985
RBI:FR_INV_INFLW_RN(1.0),N_A,M,N_A,INV_CAT_NPI_GDR_ADR,2018,2017,0,2018-02-28,USD,0.0
RBI:FR_INV_INFLW_RN(1.0),N_A,M,N_A,INV_CAT_NPI_OFF_FND_OTH,2018,2017,0,2018-02-28,USD,0.0
RBI:FR_INV_INFLW_RN(1.0),N_A,M,N_A,INV_CAT_NPI_PORTF_INV_IND,2018,2017,0,2018-02-28,USD,33304567
RBI:FR_INV_INFLW_RN(1.0),N_A,M,N_A,INV_EQT,2018,2017,0,2018-02-28,USD,3240958114
RBI:FR_INV_INFLW_RN(1.0),N_A,M,N_A,INV_FDI_EQT,2018,2017,0,2018-02-28,USD,213967500
RBI:FR_INV_INFLW_RN(1.0),N_A,M,N_A,INV_FDI_OTH_CAP,2018,2017,0,2018-02-28,USD,205630000
RBI:FR_INV_INFLW_RN(1.0),N_A,M,N_A,INV_FDI_RE_INV_EAR,2018,2017,0,2018-02-28,USD,237721250
RBI:FR_INV_INFLW_RN(1.0),N_A,M,N_A,INV_FDI_RPTN_DINVT,2018,2017,0,2018-02-28,USD,247664308
RBI:FR_INV_INFLW_RN(1.0),N_A,M,N_A,INV_FII,2018,2017,0,2018-02-28,USD,2954665009
RBI:FR_INV_INFLW_RN(1.0),N_A,M,N_A,INV_OTH_CAP,2018,2017,0,2018-02-28,USD,202666667
RBI:FR_INV_INFLW_RN(1.0),N_A,M,N_A,INV_REP_EQT,2018,2017,0,2018-02-28,USD,1485954638
RBI:FR_INV_INFLW_RN(1.0),N_A,M,N_A,INV_REP_OTH_CAP,2018,2017,0,2018-02-28,USD,11274607
RBI:FR_INV_INFLW_RN(1.0),N_A,M,N_A,INV_RE_INV_EAR,2018,2017,0,2018-02-28,USD,1131052497
RBI:FR_INV_INFLW_RN(1.0),N_A,M,N_A,INV_RPTN_DINVT,2018,2017,0,2018-02-28,USD,1497229245
RBI:FR_INV_INFLW_RN(1.0),N_A,M,N_A,EQT_ACQ_SHAR,2018,2017,0,2018-03-31,USD,208025577
RBI:FR_INV_INFLW_RN(1.0),N_A,M,N_A,EQT_CAP_UNINC_BOD,2018,2017,0,2018-03-31,USD,59915884
RBI:FR_INV_INFLW_RN(1.0),N_A,M,N_A,EQT_GOVT_SIA_FIPB,2018,2017,0,2018-03-31,USD,55641740
RBI:FR_INV_INFLW_RN(1.0),N_A,M,N_A,EQT_RBI,2018,2017,0,2018-03-31,USD,3053482529
RBI:FR_INV_INFLW_RN(1.0),N_A,M,N_A,INV_CAT_NET_FR_DIR_INV,2018,2017,0,2018-03-31,USD,2051241206.0000002
RBI:FR_INV_INFLW_RN(1.0),N_A,M,N_A,INV_CAT_NET_PORTF_INV,2018,2017,0,2018-03-31,USD,-1390177957
RBI:FR_INV_INFLW_RN(1.0),N_A,M,N_A,INV_CAT_NFDI_DII_GROSS_INF_INV,2018,2017,0,2018-03-31,USD,4710784894
RBI:FR_INV_INFLW_RN(1.0),N_A,M,N_A,INV_CAT_NFDI_DI_IND,2018,2017,0,2018-03-31,USD,3213555648
RBI:FR_INV_INFLW_RN(1.0),N_A,M,N_A,INV_CAT_NFDI_FDII,2018,2017,0,2018-03-31,USD,1162314442
RBI:FR_INV_INFLW_RN(1.0),N_A,M,N_A,INV_CAT_NPI_FII,2018,2017,0,2018-03-31,USD,-1356873391
RBI:FR_INV_INFLW_RN(1.0),N_A,M,N_A,INV_CAT_NPI_GDR_ADR,2018,2017,0,2018-03-31,USD,0.0
RBI:FR_INV_INFLW_RN(1.0),N_A,M,N_A,INV_CAT_NPI_OFF_FND_OTH,2018,2017,0,2018-03-31,USD,0.0
RBI:FR_INV_INFLW_RN(1.0),N_A,M,N_A,INV_CAT_NPI_PORTF_INV_IND,2018,2017,0,2018-03-31,USD,33304567
RBI:FR_INV_INFLW_RN(1.0),N_A,M,N_A,INV_EQT,2018,2017,0,2018-03-31,USD,3377065730
RBI:FR_INV_INFLW_RN(1.0),N_A,M,N_A,INV_FDI_EQT,2018,2017,0,2018-03-31,USD,589547500
RBI:FR_INV_INFLW_RN(1.0),N_A,M,N_A,INV_FDI_OTH_CAP,2018,2017,0,2018-03-31,USD,582710000
RBI:FR_INV_INFLW_RN(1.0),N_A,M,N_A,INV_FDI_RE_INV_EAR,2018,2017,0,2018-03-31,USD,237721250
RBI:FR_INV_INFLW_RN(1.0),N_A,M,N_A,INV_FDI_RPTN_DINVT,2018,2017,0,2018-03-31,USD,247664308
RBI:FR_INV_INFLW_RN(1.0),N_A,M,N_A,INV_FII,2018,2017,0,2018-03-31,USD,661063249
RBI:FR_INV_INFLW_RN(1.0),N_A,M,N_A,INV_OTH_CAP,2018,2017,0,2018-03-31,USD,202666667
RBI:FR_INV_INFLW_RN(1.0),N_A,M,N_A,INV_REP_EQT,2018,2017,0,2018-03-31,USD,1485954638
RBI:FR_INV_INFLW_RN(1.0),N_A,M,N_A,INV_REP_OTH_CAP,2018,2017,0,2018-03-31,USD,11274607
RBI:FR_INV_INFLW_RN(1.0),N_A,M,N_A,INV_RE_INV_EAR,2018,2017,0,2018-03-31,USD,1131052497
RBI:FR_INV_INFLW_RN(1.0),N_A,M,N_A,INV_RPTN_DINVT,2018,2017,0,2018-03-31,USD,1497229245
RBI:FR_INV_INFLW_RN(1.0),N_A,M,N_A,EQT_ACQ_SHAR,2019,2018,0,2018-04-30,USD,250650312
RBI:FR_INV_INFLW_RN(1.0),N_A,M,N_A,EQT_CAP_UNINC_BOD,2019,2018,0,2018-04-30,USD,54235268
RBI:FR_INV_INFLW_RN(1.0),N_A,M,N_A,EQT_GOVT_SIA_FIPB,2019,2018,0,2018-04-30,USD,412573697
RBI:FR_INV_INFLW_RN(1.0),N_A,M,N_A,EQT_RBI,2019,2018,0,2018-04-30,USD,4685078182
RBI:FR_INV_INFLW_RN(1.0),N_A,M,N_A,INV_CAT_NET_FR_DIR_INV,2019,2018,0,2018-04-30,USD,4260410415.0000005
RBI:FR_INV_INFLW_RN(1.0),N_A,M,N_A,INV_CAT_NET_PORTF_INV,2019,2018,0,2018-04-30,USD,-2890265209
RBI:FR_INV_INFLW_RN(1.0),N_A,M,N_A,INV_CAT_NFDI_DII_GROSS_INF_INV,2019,2018,0,2018-04-30,USD,6750921685
RBI:FR_INV_INFLW_RN(1.0),N_A,M,N_A,INV_CAT_NFDI_DI_IND,2019,2018,0,2018-04-30,USD,5473063423
RBI:FR_INV_INFLW_RN(1.0),N_A,M,N_A,INV_CAT_NFDI_FDII,2019,2018,0,2018-04-30,USD,1212653009
RBI:FR_INV_INFLW_RN(1.0),N_A,M,N_A,INV_CAT_NPI_FII,2019,2018,0,2018-04-30,USD,-3210472247
RBI:FR_INV_INFLW_RN(1.0),N_A,M,N_A,INV_CAT_NPI_GDR_ADR,2019,2018,0,2018-04-30,USD,0.0
RBI:FR_INV_INFLW_RN(1.0),N_A,M,N_A,INV_CAT_NPI_OFF_FND_OTH,2019,2018,0,2018-04-30,USD,0.0
RBI:FR_INV_INFLW_RN(1.0),N_A,M,N_A,INV_CAT_NPI_PORTF_INV_IND,2019,2018,0,2018-04-30,USD,-320207038
RBI:FR_INV_INFLW_RN(1.0),N_A,M,N_A,INV_EQT,2019,2018,0,2018-04-30,USD,5402537460
RBI:FR_INV_INFLW_RN(1.0),N_A,M,N_A,INV_FDI_EQT,2019,2018,0,2018-04-30,USD,860932500
RBI:FR_INV_INFLW_RN(1.0),N_A,M,N_A,INV_FDI_OTH_CAP,2019,2018,0,2018-04-30,USD,190900000
RBI:FR_INV_INFLW_RN(1.0),N_A,M,N_A,INV_FDI_RE_INV_EAR,2019,2018,0,2018-04-30,USD,252700833
RBI:FR_INV_INFLW_RN(1.0),N_A,M,N_A,INV_FDI_RPTN_DINVT,2019,2018,0,2018-04-30,USD,91880325
RBI:FR_INV_INFLW_RN(1.0),N_A,M,N_A,INV_FII,2019,2018,0,2018-04-30,USD,1370145206
RBI:FR_INV_INFLW_RN(1.0),N_A,M,N_A,INV_OTH_CAP,2019,2018,0,2018-04-30,USD,272433333
RBI:FR_INV_INFLW_RN(1.0),N_A,M,N_A,INV_REP_EQT,2019,2018,0,2018-04-30,USD,1273749903
RBI:FR_INV_INFLW_RN(1.0),N_A,M,N_A,INV_REP_OTH_CAP,2019,2018,0,2018-04-30,USD,4108359.0
RBI:FR_INV_INFLW_RN(1.0),N_A,M,N_A,INV_RE_INV_EAR,2019,2018,0,2018-04-30,USD,1075950892
RBI:FR_INV_INFLW_RN(1.0),N_A,M,N_A,INV_RPTN_DINVT,2019,2018,0,2018-04-30,USD,1277858262
RBI:FR_INV_INFLW_RN(1.0),N_A,M,N_A,EQT_ACQ_SHAR,2019,2018,0,2018-05-31,USD,239459708
RBI:FR_INV_INFLW_RN(1.0),N_A,M,N_A,EQT_CAP_UNINC_BOD,2019,2018,0,2018-05-31,USD,54235268
RBI:FR_INV_INFLW_RN(1.0),N_A,M,N_A,EQT_GOVT_SIA_FIPB,2019,2018,0,2018-05-31,USD,892886154
RBI:FR_INV_INFLW_RN(1.0),N_A,M,N_A,EQT_RBI,2019,2018,0,2018-05-31,USD,3380389483
RBI:FR_INV_INFLW_RN(1.0),N_A,M,N_A,INV_CAT_NET_FR_DIR_INV,2019,2018,0,2018-05-31,USD,3667543567
RBI:FR_INV_INFLW_RN(1.0),N_A,M,N_A,INV_CAT_NET_PORTF_INV,2019,2018,0,2018-05-31,USD,-1373353428
RBI:FR_INV_INFLW_RN(1.0),N_A,M,N_A,INV_CAT_NFDI_DII_GROSS_INF_INV,2019,2018,0,2018-05-31,USD,5915354838
RBI:FR_INV_INFLW_RN(1.0),N_A,M,N_A,INV_CAT_NFDI_DI_IND,2019,2018,0,2018-05-31,USD,4637496576
RBI:FR_INV_INFLW_RN(1.0),N_A,M,N_A,INV_CAT_NFDI_FDII,2019,2018,0,2018-05-31,USD,969953009
RBI:FR_INV_INFLW_RN(1.0),N_A,M,N_A,INV_CAT_NPI_FII,2019,2018,0,2018-05-31,USD,-1693560466
RBI:FR_INV_INFLW_RN(1.0),N_A,M,N_A,INV_CAT_NPI_GDR_ADR,2019,2018,0,2018-05-31,USD,0.0
RBI:FR_INV_INFLW_RN(1.0),N_A,M,N_A,INV_CAT_NPI_OFF_FND_OTH,2019,2018,0,2018-05-31,USD,0.0
RBI:FR_INV_INFLW_RN(1.0),N_A,M,N_A,INV_CAT_NPI_PORTF_INV_IND,2019,2018,0,2018-05-31,USD,-320207038
RBI:FR_INV_INFLW_RN(1.0),N_A,M,N_A,INV_EQT,2019,2018,0,2018-05-31,USD,4566970613
RBI:FR_INV_INFLW_RN(1.0),N_A,M,N_A,INV_FDI_EQT,2019,2018,0,2018-05-31,USD,553152500
RBI:FR_INV_INFLW_RN(1.0),N_A,M,N_A,INV_FDI_OTH_CAP,2019,2018,0,2018-05-31,USD,255980000
RBI:FR_INV_INFLW_RN(1.0),N_A,M,N_A,INV_FDI_RE_INV_EAR,2019,2018,0,2018-05-31,USD,252700833
RBI:FR_INV_INFLW_RN(1.0),N_A,M,N_A,INV_FDI_RPTN_DINVT,2019,2018,0,2018-05-31,USD,91880325
RBI:FR_INV_INFLW_RN(1.0),N_A,M,N_A,INV_FII,2019,2018,0,2018-05-31,USD,2294190139
RBI:FR_INV_INFLW_RN(1.0),N_A,M,N_A,INV_OTH_CAP,2019,2018,0,2018-05-31,USD,272433333
RBI:FR_INV_INFLW_RN(1.0),N_A,M,N_A,INV_REP_EQT,2019,2018,0,2018-05-31,USD,1273749903
RBI:FR_INV_INFLW_RN(1.0),N_A,M,N_A,INV_REP_OTH_CAP,2019,2018,0,2018-05-31,USD,4108359.0
RBI:FR_INV_INFLW_RN(1.0),N_A,M,N_A,INV_RE_INV_EAR,2019,2018,0,2018-05-31,USD,1075950892
RBI:FR_INV_INFLW_RN(1.0),N_A,M,N_A,INV_RPTN_DINVT,2019,2018,0,2018-05-31,USD,1277858262
RBI:FR_INV_INFLW_RN(1.0),N_A,M,N_A,EQT_ACQ_SHAR,2019,2018,0,2018-06-30,USD,682950571
RBI:FR_INV_INFLW_RN(1.0),N_A,M,N_A,EQT_CAP_UNINC_BOD,2019,2018,0,2018-06-30,USD,54235268
RBI:FR_INV_INFLW_RN(1.0),N_A,M,N_A,EQT_GOVT_SIA_FIPB,2019,2018,0,2018-06-30,USD,235655839
RBI:FR_INV_INFLW_RN(1.0),N_A,M,N_A,EQT_RBI,2019,2018,0,2018-06-30,USD,1972125002
RBI:FR_INV_INFLW_RN(1.0),N_A,M,N_A,INV_CAT_NET_FR_DIR_INV,2019,2018,0,2018-06-30,USD,1644539635
RBI:FR_INV_INFLW_RN(1.0),N_A,M,N_A,INV_CAT_NET_PORTF_INV,2019,2018,0,2018-06-30,USD,-3881720248
RBI:FR_INV_INFLW_RN(1.0),N_A,M,N_A,INV_CAT_NFDI_DII_GROSS_INF_INV,2019,2018,0,2018-06-30,USD,4293350905.9999995
RBI:FR_INV_INFLW_RN(1.0),N_A,M,N_A,INV_CAT_NFDI_DI_IND,2019,2018,0,2018-06-30,USD,3015492644
RBI:FR_INV_INFLW_RN(1.0),N_A,M,N_A,INV_CAT_NFDI_FDII,2019,2018,0,2018-06-30,USD,1370953009
RBI:FR_INV_INFLW_RN(1.0),N_A,M,N_A,INV_CAT_NPI_FII,2019,2018,0,2018-06-30,USD,-4201927286
RBI:FR_INV_INFLW_RN(1.0),N_A,M,N_A,INV_CAT_NPI_GDR_ADR,2019,2018,0,2018-06-30,USD,0.0
RBI:FR_INV_INFLW_RN(1.0),N_A,M,N_A,INV_CAT_NPI_OFF_FND_OTH,2019,2018,0,2018-06-30,USD,0.0
RBI:FR_INV_INFLW_RN(1.0),N_A,M,N_A,INV_CAT_NPI_PORTF_INV_IND,2019,2018,0,2018-06-30,USD,-320207038
RBI:FR_INV_INFLW_RN(1.0),N_A,M,N_A,INV_EQT,2019,2018,0,2018-06-30,USD,2944966681
RBI:FR_INV_INFLW_RN(1.0),N_A,M,N_A,INV_FDI_EQT,2019,2018,0,2018-06-30,USD,911702500
RBI:FR_INV_INFLW_RN(1.0),N_A,M,N_A,INV_FDI_OTH_CAP,2019,2018,0,2018-06-30,USD,298430000
RBI:FR_INV_INFLW_RN(1.0),N_A,M,N_A,INV_FDI_RE_INV_EAR,2019,2018,0,2018-06-30,USD,252700833
RBI:FR_INV_INFLW_RN(1.0),N_A,M,N_A,INV_FDI_RPTN_DINVT,2019,2018,0,2018-06-30,USD,91880325
RBI:FR_INV_INFLW_RN(1.0),N_A,M,N_A,INV_FII,2019,2018,0,2018-06-30,USD,-2237180613
RBI:FR_INV_INFLW_RN(1.0),N_A,M,N_A,INV_OTH_CAP,2019,2018,0,2018-06-30,USD,272433333
RBI:FR_INV_INFLW_RN(1.0),N_A,M,N_A,INV_REP_EQT,2019,2018,0,2018-06-30,USD,1273749903
RBI:FR_INV_INFLW_RN(1.0),N_A,M,N_A,INV_REP_OTH_CAP,2019,2018,0,2018-06-30,USD,4108359.0
RBI:FR_INV_INFLW_RN(1.0),N_A,M,N_A,INV_RE_INV_EAR,2019,2018,0,2018-06-30,USD,1075950892
RBI:FR_INV_INFLW_RN(1.0),N_A,M,N_A,INV_RPTN_DINVT,2019,2018,0,2018-06-30,USD,1277858262
RBI:FR_INV_INFLW_RN(1.0),N_A,M,N_A,EQT_ACQ_SHAR,2019,2018,0,2018-07-31,USD,788277072
RBI:FR_INV_INFLW_RN(1.0),N_A,M,N_A,EQT_CAP_UNINC_BOD,2019,2018,0,2018-07-31,USD,56181386
RBI:FR_INV_INFLW_RN(1.0),N_A,M,N_A,EQT_GOVT_SIA_FIPB,2019,2018,0,2018-07-31,USD,2819778.0
RBI:FR_INV_INFLW_RN(1.0),N_A,M,N_A,EQT_RBI,2019,2018,0,2018-07-31,USD,1978424142
RBI:FR_INV_INFLW_RN(1.0),N_A,M,N_A,INV_CAT_NET_FR_DIR_INV,2019,2018,0,2018-07-31,USD,1808501943
RBI:FR_INV_INFLW_RN(1.0),N_A,M,N_A,INV_CAT_NET_PORTF_INV,2019,2018,0,2018-07-31,USD,4831487128
RBI:FR_INV_INFLW_RN(1.0),N_A,M,N_A,INV_CAT_NFDI_DII_GROSS_INF_INV,2019,2018,0,2018-07-31,USD,4157431487
RBI:FR_INV_INFLW_RN(1.0),N_A,M,N_A,INV_CAT_NFDI_DI_IND,2019,2018,0,2018-07-31,USD,2805669769
RBI:FR_INV_INFLW_RN(1.0),N_A,M,N_A,INV_CAT_NFDI_FDII,2019,2018,0,2018-07-31,USD,997167826
RBI:FR_INV_INFLW_RN(1.0),N_A,M,N_A,INV_CAT_NPI_FII,2019,2018,0,2018-07-31,USD,4570878663
RBI:FR_INV_INFLW_RN(1.0),N_A,M,N_A,INV_CAT_NPI_GDR_ADR,2019,2018,0,2018-07-31,USD,0.0
RBI:FR_INV_INFLW_RN(1.0),N_A,M,N_A,INV_CAT_NPI_OFF_FND_OTH,2019,2018,0,2018-07-31,USD,0.0
RBI:FR_INV_INFLW_RN(1.0),N_A,M,N_A,INV_CAT_NPI_PORTF_INV_IND,2019,2018,0,2018-07-31,USD,-260608465.00000003
RBI:FR_INV_INFLW_RN(1.0),N_A,M,N_A,INV_EQT,2019,2018,0,2018-07-31,USD,2825702378
RBI:FR_INV_INFLW_RN(1.0),N_A,M,N_A,INV_FDI_EQT,2019,2018,0,2018-07-31,USD,634412500
RBI:FR_INV_INFLW_RN(1.0),N_A,M,N_A,INV_FDI_OTH_CAP,2019,2018,0,2018-07-31,USD,360380000
RBI:FR_INV_INFLW_RN(1.0),N_A,M,N_A,INV_FDI_RE_INV_EAR,2019,2018,0,2018-07-31,USD,252700833
RBI:FR_INV_INFLW_RN(1.0),N_A,M,N_A,INV_FDI_RPTN_DINVT,2019,2018,0,2018-07-31,USD,250325507
RBI:FR_INV_INFLW_RN(1.0),N_A,M,N_A,INV_FII,2019,2018,0,2018-07-31,USD,6639989071
RBI:FR_INV_INFLW_RN(1.0),N_A,M,N_A,INV_OTH_CAP,2019,2018,0,2018-07-31,USD,217170000
RBI:FR_INV_INFLW_RN(1.0),N_A,M,N_A,INV_REP_EQT,2019,2018,0,2018-07-31,USD,1297967705
RBI:FR_INV_INFLW_RN(1.0),N_A,M,N_A,INV_REP_OTH_CAP,2019,2018,0,2018-07-31,USD,53794013
RBI:FR_INV_INFLW_RN(1.0),N_A,M,N_A,INV_RE_INV_EAR,2019,2018,0,2018-07-31,USD,1114559109
RBI:FR_INV_INFLW_RN(1.0),N_A,M,N_A,INV_RPTN_DINVT,2019,2018,0,2018-07-31,USD,1351761718
RBI:FR_INV_INFLW_RN(1.0),N_A,M,N_A,EQT_ACQ_SHAR,2019,2018,0,2018-08-31,USD,311082068
RBI:FR_INV_INFLW_RN(1.0),N_A,M,N_A,EQT_CAP_UNINC_BOD,2019,2018,0,2018-08-31,USD,56181386
RBI:FR_INV_INFLW_RN(1.0),N_A,M,N_A,EQT_GOVT_SIA_FIPB,2019,2018,0,2018-08-31,USD,14399423
RBI:FR_INV_INFLW_RN(1.0),N_A,M,N_A,EQT_RBI,2019,2018,0,2018-08-31,USD,2182349172
RBI:FR_INV_INFLW_RN(1.0),N_A,M,N_A,INV_CAT_NET_FR_DIR_INV,2019,2018,0,2018-08-31,USD,1986941615
RBI:FR_INV_INFLW_RN(1.0),N_A,M,N_A,INV_CAT_NET_PORTF_INV,2019,2018,0,2018-08-31,USD,-2830510100
RBI:FR_INV_INFLW_RN(1.0),N_A,M,N_A,INV_CAT_NFDI_DII_GROSS_INF_INV,2019,2018,0,2018-08-31,USD,3895741159
RBI:FR_INV_INFLW_RN(1.0),N_A,M,N_A,INV_CAT_NFDI_DI_IND,2019,2018,0,2018-08-31,USD,2543979441
RBI:FR_INV_INFLW_RN(1.0),N_A,M,N_A,INV_CAT_NFDI_FDII,2019,2018,0,2018-08-31,USD,557037826
RBI:FR_INV_INFLW_RN(1.0),N_A,M,N_A,INV_CAT_NPI_FII,2019,2018,0,2018-08-31,USD,-4911118565
RBI:FR_INV_INFLW_RN(1.0),N_A,M,N_A,INV_CAT_NPI_GDR_ADR,2019,2018,0,2018-08-31,USD,1820000000
RBI:FR_INV_INFLW_RN(1.0),N_A,M,N_A,INV_CAT_NPI_OFF_FND_OTH,2019,2018,0,2018-08-31,USD,0.0
RBI:FR_INV_INFLW_RN(1.0),N_A,M,N_A,INV_CAT_NPI_PORTF_INV_IND,2019,2018,0,2018-08-31,USD,-260608465.00000003
RBI:FR_INV_INFLW_RN(1.0),N_A,M,N_A,INV_EQT,2019,2018,0,2018-08-31,USD,2564012050
RBI:FR_INV_INFLW_RN(1.0),N_A,M,N_A,INV_FDI_EQT,2019,2018,0,2018-08-31,USD,258932500
RBI:FR_INV_INFLW_RN(1.0),N_A,M,N_A,INV_FDI_OTH_CAP,2019,2018,0,2018-08-31,USD,295730000
RBI:FR_INV_INFLW_RN(1.0),N_A,M,N_A,INV_FDI_RE_INV_EAR,2019,2018,0,2018-08-31,USD,252700833
RBI:FR_INV_INFLW_RN(1.0),N_A,M,N_A,INV_FDI_RPTN_DINVT,2019,2018,0,2018-08-31,USD,250325507
RBI:FR_INV_INFLW_RN(1.0),N_A,M,N_A,INV_FII,2019,2018,0,2018-08-31,USD,-843568485
RBI:FR_INV_INFLW_RN(1.0),N_A,M,N_A,INV_OTH_CAP,2019,2018,0,2018-08-31,USD,217170000
RBI:FR_INV_INFLW_RN(1.0),N_A,M,N_A,INV_REP_EQT,2019,2018,0,2018-08-31,USD,1297967705
RBI:FR_INV_INFLW_RN(1.0),N_A,M,N_A,INV_REP_OTH_CAP,2019,2018,0,2018-08-31,USD,53794013
RBI:FR_INV_INFLW_RN(1.0),N_A,M,N_A,INV_RE_INV_EAR,2019,2018,0,2018-08-31,USD,1114559109
RBI:FR_INV_INFLW_RN(1.0),N_A,M,N_A,INV_RPTN_DINVT,2019,2018,0,2018-08-31,USD,1351761718
RBI:FR_INV_INFLW_RN(1.0),N_A,M,N_A,EQT_ACQ_SHAR,2019,2018,0,2018-09-30,USD,381388797
RBI:FR_INV_INFLW_RN(1.0),N_A,M,N_A,EQT_CAP_UNINC_BOD,2019,2018,0,2018-09-30,USD,56181386
RBI:FR_INV_INFLW_RN(1.0),N_A,M,N_A,EQT_GOVT_SIA_FIPB,2019,2018,0,2018-09-30,USD,192067268
RBI:FR_INV_INFLW_RN(1.0),N_A,M,N_A,EQT_RBI,2019,2018,0,2018-09-30,USD,4061510740
RBI:FR_INV_INFLW_RN(1.0),N_A,M,N_A,INV_CAT_NET_FR_DIR_INV,2019,2018,0,2018-09-30,USD,3614887755
RBI:FR_INV_INFLW_RN(1.0),N_A,M,N_A,INV_CAT_NET_PORTF_INV,2019,2018,0,2018-09-30,USD,-1798849632
RBI:FR_INV_INFLW_RN(1.0),N_A,M,N_A,INV_CAT_NFDI_DII_GROSS_INF_INV,2019,2018,0,2018-09-30,USD,6022877300
RBI:FR_INV_INFLW_RN(1.0),N_A,M,N_A,INV_CAT_NFDI_DI_IND,2019,2018,0,2018-09-30,USD,4671115582
RBI:FR_INV_INFLW_RN(1.0),N_A,M,N_A,INV_CAT_NFDI_FDII,2019,2018,0,2018-09-30,USD,1056227826
RBI:FR_INV_INFLW_RN(1.0),N_A,M,N_A,INV_CAT_NPI_FII,2019,2018,0,2018-09-30,USD,-2059458098
RBI:FR_INV_INFLW_RN(1.0),N_A,M,N_A,INV_CAT_NPI_GDR_ADR,2019,2018,0,2018-09-30,USD,0.0
RBI:FR_INV_INFLW_RN(1.0),N_A,M,N_A,INV_CAT_NPI_OFF_FND_OTH,2019,2018,0,2018-09-30,USD,0.0
RBI:FR_INV_INFLW_RN(1.0),N_A,M,N_A,INV_CAT_NPI_PORTF_INV_IND,2019,2018,0,2018-09-30,USD,-260608465.00000003
RBI:FR_INV_INFLW_RN(1.0),N_A,M,N_A,INV_EQT,2019,2018,0,2018-09-30,USD,4691148191
RBI:FR_INV_INFLW_RN(1.0),N_A,M,N_A,INV_FDI_EQT,2019,2018,0,2018-09-30,USD,482252500
RBI:FR_INV_INFLW_RN(1.0),N_A,M,N_A,INV_FDI_OTH_CAP,2019,2018,0,2018-09-30,USD,571600000
RBI:FR_INV_INFLW_RN(1.0),N_A,M,N_A,INV_FDI_RE_INV_EAR,2019,2018,0,2018-09-30,USD,252700833
RBI:FR_INV_INFLW_RN(1.0),N_A,M,N_A,INV_FDI_RPTN_DINVT,2019,2018,0,2018-09-30,USD,250325507
RBI:FR_INV_INFLW_RN(1.0),N_A,M,N_A,INV_FII,2019,2018,0,2018-09-30,USD,1816038123
RBI:FR_INV_INFLW_RN(1.0),N_A,M,N_A,INV_OTH_CAP,2019,2018,0,2018-09-30,USD,217170000
RBI:FR_INV_INFLW_RN(1.0),N_A,M,N_A,INV_REP_EQT,2019,2018,0,2018-09-30,USD,1297967705
RBI:FR_INV_INFLW_RN(1.0),N_A,M,N_A,INV_REP_OTH_CAP,2019,2018,0,2018-09-30,USD,53794013
RBI:FR_INV_INFLW_RN(1.0),N_A,M,N_A,INV_RE_INV_EAR,2019,2018,0,2018-09-30,USD,1114559109
RBI:FR_INV_INFLW_RN(1.0),N_A,M,N_A,INV_RPTN_DINVT,2019,2018,0,2018-09-30,USD,1351761718
RBI:FR_INV_INFLW_RN(1.0),N_A,M,N_A,EQT_ACQ_SHAR,2019,2018,0,2018-10-31,USD,708965992
RBI:FR_INV_INFLW_RN(1.0),N_A,M,N_A,EQT_CAP_UNINC_BOD,2019,2018,0,2018-10-31,USD,57974961
RBI:FR_INV_INFLW_RN(1.0),N_A,M,N_A,EQT_GOVT_SIA_FIPB,2019,2018,0,2018-10-31,USD,71609873
RBI:FR_INV_INFLW_RN(1.0),N_A,M,N_A,EQT_RBI,2019,2018,0,2018-10-31,USD,3917815705
RBI:FR_INV_INFLW_RN(1.0),N_A,M,N_A,INV_CAT_NET_FR_DIR_INV,2019,2018,0,2018-10-31,USD,3120151303
RBI:FR_INV_INFLW_RN(1.0),N_A,M,N_A,INV_CAT_NET_PORTF_INV,2019,2018,0,2018-10-31,USD,-3757577000
RBI:FR_INV_INFLW_RN(1.0),N_A,M,N_A,INV_CAT_NFDI_DII_GROSS_INF_INV,2019,2018,0,2018-10-31,USD,6257220970
RBI:FR_INV_INFLW_RN(1.0),N_A,M,N_A,INV_CAT_NFDI_DI_IND,2019,2018,0,2018-10-31,USD,4544205871
RBI:FR_INV_INFLW_RN(1.0),N_A,M,N_A,INV_CAT_NFDI_FDII,2019,2018,0,2018-10-31,USD,1424054568
RBI:FR_INV_INFLW_RN(1.0),N_A,M,N_A,INV_CAT_NPI_FII,2019,2018,0,2018-10-31,USD,-3783296421
RBI:FR_INV_INFLW_RN(1.0),N_A,M,N_A,INV_CAT_NPI_GDR_ADR,2019,2018,0,2018-10-31,USD,0.0
RBI:FR_INV_INFLW_RN(1.0),N_A,M,N_A,INV_CAT_NPI_OFF_FND_OTH,2019,2018,0,2018-10-31,USD,0.0
RBI:FR_INV_INFLW_RN(1.0),N_A,M,N_A,INV_CAT_NPI_PORTF_INV_IND,2019,2018,0,2018-10-31,USD,-25719421
RBI:FR_INV_INFLW_RN(1.0),N_A,M,N_A,INV_EQT,2019,2018,0,2018-10-31,USD,4756366532
RBI:FR_INV_INFLW_RN(1.0),N_A,M,N_A,INV_FDI_EQT,2019,2018,0,2018-10-31,USD,794392500
RBI:FR_INV_INFLW_RN(1.0),N_A,M,N_A,INV_FDI_OTH_CAP,2019,2018,0,2018-10-31,USD,585320000
RBI:FR_INV_INFLW_RN(1.0),N_A,M,N_A,INV_FDI_RE_INV_EAR,2019,2018,0,2018-10-31,USD,252700833
RBI:FR_INV_INFLW_RN(1.0),N_A,M,N_A,INV_FDI_RPTN_DINVT,2019,2018,0,2018-10-31,USD,208358765
RBI:FR_INV_INFLW_RN(1.0),N_A,M,N_A,INV_FII,2019,2018,0,2018-10-31,USD,-637425697
RBI:FR_INV_INFLW_RN(1.0),N_A,M,N_A,INV_OTH_CAP,2019,2018,0,2018-10-31,USD,350713333
RBI:FR_INV_INFLW_RN(1.0),N_A,M,N_A,INV_REP_EQT,2019,2018,0,2018-10-31,USD,1700331688
RBI:FR_INV_INFLW_RN(1.0),N_A,M,N_A,INV_REP_OTH_CAP,2019,2018,0,2018-10-31,USD,12683411
RBI:FR_INV_INFLW_RN(1.0),N_A,M,N_A,INV_RE_INV_EAR,2019,2018,0,2018-10-31,USD,1150141105
RBI:FR_INV_INFLW_RN(1.0),N_A,M,N_A,INV_RPTN_DINVT,2019,2018,0,2018-10-31,USD,1713015099
RBI:FR_INV_INFLW_RN(1.0),N_A,M,N_A,EQT_ACQ_SHAR,2019,2018,0,2018-11-30,USD,150795515
RBI:FR_INV_INFLW_RN(1.0),N_A,M,N_A,EQT_CAP_UNINC_BOD,2019,2018,0,2018-11-30,USD,57974961
RBI:FR_INV_INFLW_RN(1.0),N_A,M,N_A,EQT_GOVT_SIA_FIPB,2019,2018,0,2018-11-30,USD,209763615
RBI:FR_INV_INFLW_RN(1.0),N_A,M,N_A,EQT_RBI,2019,2018,0,2018-11-30,USD,1378409643
RBI:FR_INV_INFLW_RN(1.0),N_A,M,N_A,INV_CAT_NET_FR_DIR_INV,2019,2018,0,2018-11-30,USD,1076608506
RBI:FR_INV_INFLW_RN(1.0),N_A,M,N_A,INV_CAT_NET_PORTF_INV,2019,2018,0,2018-11-30,USD,2990903860
RBI:FR_INV_INFLW_RN(1.0),N_A,M,N_A,INV_CAT_NFDI_DII_GROSS_INF_INV,2019,2018,0,2018-11-30,USD,3297798173
RBI:FR_INV_INFLW_RN(1.0),N_A,M,N_A,INV_CAT_NFDI_DI_IND,2019,2018,0,2018-11-30,USD,1584783074
RBI:FR_INV_INFLW_RN(1.0),N_A,M,N_A,INV_CAT_NFDI_FDII,2019,2018,0,2018-11-30,USD,508174568
RBI:FR_INV_INFLW_RN(1.0),N_A,M,N_A,INV_CAT_NPI_FII,2019,2018,0,2018-11-30,USD,2965184439
RBI:FR_INV_INFLW_RN(1.0),N_A,M,N_A,INV_CAT_NPI_GDR_ADR,2019,2018,0,2018-11-30,USD,0.0
RBI:FR_INV_INFLW_RN(1.0),N_A,M,N_A,INV_CAT_NPI_OFF_FND_OTH,2019,2018,0,2018-11-30,USD,0.0
RBI:FR_INV_INFLW_RN(1.0),N_A,M,N_A,INV_CAT_NPI_PORTF_INV_IND,2019,2018,0,2018-11-30,USD,-25719421
RBI:FR_INV_INFLW_RN(1.0),N_A,M,N_A,INV_EQT,2019,2018,0,2018-11-30,USD,1796943735
RBI:FR_INV_INFLW_RN(1.0),N_A,M,N_A,INV_FDI_EQT,2019,2018,0,2018-11-30,USD,256672500
RBI:FR_INV_INFLW_RN(1.0),N_A,M,N_A,INV_FDI_OTH_CAP,2019,2018,0,2018-11-30,USD,207160000
RBI:FR_INV_INFLW_RN(1.0),N_A,M,N_A,INV_FDI_RE_INV_EAR,2019,2018,0,2018-11-30,USD,252700833
RBI:FR_INV_INFLW_RN(1.0),N_A,M,N_A,INV_FDI_RPTN_DINVT,2019,2018,0,2018-11-30,USD,208358765
RBI:FR_INV_INFLW_RN(1.0),N_A,M,N_A,INV_FII,2019,2018,0,2018-11-30,USD,4067512366
RBI:FR_INV_INFLW_RN(1.0),N_A,M,N_A,INV_OTH_CAP,2019,2018,0,2018-11-30,USD,350713333
RBI:FR_INV_INFLW_RN(1.0),N_A,M,N_A,INV_REP_EQT,2019,2018,0,2018-11-30,USD,1700331688
RBI:FR_INV_INFLW_RN(1.0),N_A,M,N_A,INV_REP_OTH_CAP,2019,2018,0,2018-11-30,USD,12683411
RBI:FR_INV_INFLW_RN(1.0),N_A,M,N_A,INV_RE_INV_EAR,2019,2018,0,2018-11-30,USD,1150141105
RBI:FR_INV_INFLW_RN(1.0),N_A,M,N_A,INV_RPTN_DINVT,2019,2018,0,2018-11-30,USD,1713015099
RBI:FR_INV_INFLW_RN(1.0),N_A,M,N_A,EQT_ACQ_SHAR,2019,2018,0,2018-12-31,USD,126097678
RBI:FR_INV_INFLW_RN(1.0),N_A,M,N_A,EQT_CAP_UNINC_BOD,2019,2018,0,2018-12-31,USD,57974961
RBI:FR_INV_INFLW_RN(1.0),N_A,M,N_A,EQT_GOVT_SIA_FIPB,2019,2018,0,2018-12-31,USD,754053.0
RBI:FR_INV_INFLW_RN(1.0),N_A,M,N_A,EQT_RBI,2019,2018,0,2018-12-31,USD,4263849112
RBI:FR_INV_INFLW_RN(1.0),N_A,M,N_A,INV_CAT_NET_FR_DIR_INV,2019,2018,0,2018-12-31,USD,3112490576
RBI:FR_INV_INFLW_RN(1.0),N_A,M,N_A,INV_CAT_NET_PORTF_INV,2019,2018,0,2018-12-31,USD,-1343956132
RBI:FR_INV_INFLW_RN(1.0),N_A,M,N_A,INV_CAT_NFDI_DII_GROSS_INF_INV,2019,2018,0,2018-12-31,USD,5949530243
RBI:FR_INV_INFLW_RN(1.0),N_A,M,N_A,INV_CAT_NFDI_DI_IND,2019,2018,0,2018-12-31,USD,4236515144
RBI:FR_INV_INFLW_RN(1.0),N_A,M,N_A,INV_CAT_NFDI_FDII,2019,2018,0,2018-12-31,USD,1124024568
RBI:FR_INV_INFLW_RN(1.0),N_A,M,N_A,INV_CAT_NPI_FII,2019,2018,0,2018-12-31,USD,-1369675553
RBI:FR_INV_INFLW_RN(1.0),N_A,M,N_A,INV_CAT_NPI_GDR_ADR,2019,2018,0,2018-12-31,USD,0.0
RBI:FR_INV_INFLW_RN(1.0),N_A,M,N_A,INV_CAT_NPI_OFF_FND_OTH,2019,2018,0,2018-12-31,USD,0.0
RBI:FR_INV_INFLW_RN(1.0),N_A,M,N_A,INV_CAT_NPI_PORTF_INV_IND,2019,2018,0,2018-12-31,USD,-25719421
RBI:FR_INV_INFLW_RN(1.0),N_A,M,N_A,INV_EQT,2019,2018,0,2018-12-31,USD,4448675804
RBI:FR_INV_INFLW_RN(1.0),N_A,M,N_A,INV_FDI_EQT,2019,2018,0,2018-12-31,USD,766192500
RBI:FR_INV_INFLW_RN(1.0),N_A,M,N_A,INV_FDI_OTH_CAP,2019,2018,0,2018-12-31,USD,313490000
RBI:FR_INV_INFLW_RN(1.0),N_A,M,N_A,INV_FDI_RE_INV_EAR,2019,2018,0,2018-12-31,USD,252700833
RBI:FR_INV_INFLW_RN(1.0),N_A,M,N_A,INV_FDI_RPTN_DINVT,2019,2018,0,2018-12-31,USD,208358765
RBI:FR_INV_INFLW_RN(1.0),N_A,M,N_A,INV_FII,2019,2018,0,2018-12-31,USD,1768534444
RBI:FR_INV_INFLW_RN(1.0),N_A,M,N_A,INV_OTH_CAP,2019,2018,0,2018-12-31,USD,350713333
RBI:FR_INV_INFLW_RN(1.0),N_A,M,N_A,INV_REP_EQT,2019,2018,0,2018-12-31,USD,1700331688
RBI:FR_INV_INFLW_RN(1.0),N_A,M,N_A,INV_REP_OTH_CAP,2019,2018,0,2018-12-31,USD,12683411
RBI:FR_INV_INFLW_RN(1.0),N_A,M,N_A,INV_RE_INV_EAR,2019,2018,0,2018-12-31,USD,1150141105
RBI:FR_INV_INFLW_RN(1.0),N_A,M,N_A,INV_RPTN_DINVT,2019,2018,0,2018-12-31,USD,1713015099
RBI:FR_INV_INFLW_RN(1.0),N_A,M,N_A,EQT_ACQ_SHAR,2019,2018,0,2019-01-31,USD,834113445
RBI:FR_INV_INFLW_RN(1.0),N_A,M,N_A,EQT_CAP_UNINC_BOD,2019,2018,0,2019-01-31,USD,61324891
RBI:FR_INV_INFLW_RN(1.0),N_A,M,N_A,EQT_GOVT_SIA_FIPB,2019,2018,0,2019-01-31,USD,97199506
RBI:FR_INV_INFLW_RN(1.0),N_A,M,N_A,EQT_RBI,2019,2018,0,2019-01-31,USD,3476899716
RBI:FR_INV_INFLW_RN(1.0),N_A,M,N_A,INV_CAT_NET_FR_DIR_INV,2019,2018,0,2019-01-31,USD,3681518713
RBI:FR_INV_INFLW_RN(1.0),N_A,M,N_A,INV_CAT_NET_PORTF_INV,2019,2018,0,2019-01-31,USD,-361724066
RBI:FR_INV_INFLW_RN(1.0),N_A,M,N_A,INV_CAT_NFDI_DII_GROSS_INF_INV,2019,2018,0,2019-01-31,USD,5937209863
RBI:FR_INV_INFLW_RN(1.0),N_A,M,N_A,INV_CAT_NFDI_DI_IND,2019,2018,0,2019-01-31,USD,4046861267
RBI:FR_INV_INFLW_RN(1.0),N_A,M,N_A,INV_CAT_NFDI_FDII,2019,2018,0,2019-01-31,USD,365342553
RBI:FR_INV_INFLW_RN(1.0),N_A,M,N_A,INV_CAT_NPI_FII,2019,2018,0,2019-01-31,USD,315922105
RBI:FR_INV_INFLW_RN(1.0),N_A,M,N_A,INV_CAT_NPI_GDR_ADR,2019,2018,0,2019-01-31,USD,0.0
RBI:FR_INV_INFLW_RN(1.0),N_A,M,N_A,INV_CAT_NPI_OFF_FND_OTH,2019,2018,0,2019-01-31,USD,0.0
RBI:FR_INV_INFLW_RN(1.0),N_A,M,N_A,INV_CAT_NPI_PORTF_INV_IND,2019,2018,0,2019-01-31,USD,677646171
RBI:FR_INV_INFLW_RN(1.0),N_A,M,N_A,INV_EQT,2019,2018,0,2019-01-31,USD,4469537558
RBI:FR_INV_INFLW_RN(1.0),N_A,M,N_A,INV_FDI_EQT,2019,2018,0,2019-01-31,USD,258682500
RBI:FR_INV_INFLW_RN(1.0),N_A,M,N_A,INV_FDI_OTH_CAP,2019,2018,0,2019-01-31,USD,251780000
RBI:FR_INV_INFLW_RN(1.0),N_A,M,N_A,INV_FDI_RE_INV_EAR,2019,2018,0,2019-01-31,USD,252700833
RBI:FR_INV_INFLW_RN(1.0),N_A,M,N_A,INV_FDI_RPTN_DINVT,2019,2018,0,2019-01-31,USD,397820780
RBI:FR_INV_INFLW_RN(1.0),N_A,M,N_A,INV_FII,2019,2018,0,2019-01-31,USD,3319794647
RBI:FR_INV_INFLW_RN(1.0),N_A,M,N_A,INV_OTH_CAP,2019,2018,0,2019-01-31,USD,251073333
RBI:FR_INV_INFLW_RN(1.0),N_A,M,N_A,INV_REP_EQT,2019,2018,0,2019-01-31,USD,1878515238
RBI:FR_INV_INFLW_RN(1.0),N_A,M,N_A,INV_REP_OTH_CAP,2019,2018,0,2019-01-31,USD,11833358
RBI:FR_INV_INFLW_RN(1.0),N_A,M,N_A,INV_RE_INV_EAR,2019,2018,0,2019-01-31,USD,1216598971
RBI:FR_INV_INFLW_RN(1.0),N_A,M,N_A,INV_RPTN_DINVT,2019,2018,0,2019-01-31,USD,1890348596
RBI:FR_INV_INFLW_RN(1.0),N_A,M,N_A,EQT_ACQ_SHAR,2019,2018,0,2019-02-28,USD,352706828
RBI:FR_INV_INFLW_RN(1.0),N_A,M,N_A,EQT_CAP_UNINC_BOD,2019,2018,0,2019-02-28,USD,61324891
RBI:FR_INV_INFLW_RN(1.0),N_A,M,N_A,EQT_GOVT_SIA_FIPB,2019,2018,0,2019-02-28,USD,22195498
RBI:FR_INV_INFLW_RN(1.0),N_A,M,N_A,EQT_RBI,2019,2018,0,2019-02-28,USD,2489933894
RBI:FR_INV_INFLW_RN(1.0),N_A,M,N_A,INV_CAT_NET_FR_DIR_INV,2019,2018,0,2019-02-28,USD,1949202266
RBI:FR_INV_INFLW_RN(1.0),N_A,M,N_A,INV_CAT_NET_PORTF_INV,2019,2018,0,2019-02-28,USD,1174645222
RBI:FR_INV_INFLW_RN(1.0),N_A,M,N_A,INV_CAT_NFDI_DII_GROSS_INF_INV,2019,2018,0,2019-02-28,USD,4393833415
RBI:FR_INV_INFLW_RN(1.0),N_A,M,N_A,INV_CAT_NFDI_DI_IND,2019,2018,0,2019-02-28,USD,2503484819
RBI:FR_INV_INFLW_RN(1.0),N_A,M,N_A,INV_CAT_NFDI_FDII,2019,2018,0,2019-02-28,USD,554282553
RBI:FR_INV_INFLW_RN(1.0),N_A,M,N_A,INV_CAT_NPI_FII,2019,2018,0,2019-02-28,USD,1852291393
RBI:FR_INV_INFLW_RN(1.0),N_A,M,N_A,INV_CAT_NPI_GDR_ADR,2019,2018,0,2019-02-28,USD,0.0
RBI:FR_INV_INFLW_RN(1.0),N_A,M,N_A,INV_CAT_NPI_OFF_FND_OTH,2019,2018,0,2019-02-28,USD,0.0
RBI:FR_INV_INFLW_RN(1.0),N_A,M,N_A,INV_CAT_NPI_PORTF_INV_IND,2019,2018,0,2019-02-28,USD,677646171
RBI:FR_INV_INFLW_RN(1.0),N_A,M,N_A,INV_EQT,2019,2018,0,2019-02-28,USD,2926161111
RBI:FR_INV_INFLW_RN(1.0),N_A,M,N_A,INV_FDI_EQT,2019,2018,0,2019-02-28,USD,457732500
RBI:FR_INV_INFLW_RN(1.0),N_A,M,N_A,INV_FDI_OTH_CAP,2019,2018,0,2019-02-28,USD,241670000
RBI:FR_INV_INFLW_RN(1.0),N_A,M,N_A,INV_FDI_RE_INV_EAR,2019,2018,0,2019-02-28,USD,252700833
RBI:FR_INV_INFLW_RN(1.0),N_A,M,N_A,INV_FDI_RPTN_DINVT,2019,2018,0,2019-02-28,USD,397820780
RBI:FR_INV_INFLW_RN(1.0),N_A,M,N_A,INV_FII,2019,2018,0,2019-02-28,USD,3123847488
RBI:FR_INV_INFLW_RN(1.0),N_A,M,N_A,INV_OTH_CAP,2019,2018,0,2019-02-28,USD,251073333
RBI:FR_INV_INFLW_RN(1.0),N_A,M,N_A,INV_REP_EQT,2019,2018,0,2019-02-28,USD,1878515238
RBI:FR_INV_INFLW_RN(1.0),N_A,M,N_A,INV_REP_OTH_CAP,2019,2018,0,2019-02-28,USD,11833358
RBI:FR_INV_INFLW_RN(1.0),N_A,M,N_A,INV_RE_INV_EAR,2019,2018,0,2019-02-28,USD,1216598971
RBI:FR_INV_INFLW_RN(1.0),N_A,M,N_A,INV_RPTN_DINVT,2019,2018,0,2019-02-28,USD,1890348596
RBI:FR_INV_INFLW_RN(1.0),N_A,M,N_A,EQT_ACQ_SHAR,2019,2018,0,2019-03-31,USD,795743382
RBI:FR_INV_INFLW_RN(1.0),N_A,M,N_A,EQT_CAP_UNINC_BOD,2019,2018,0,2019-03-31,USD,61324891
RBI:FR_INV_INFLW_RN(1.0),N_A,M,N_A,EQT_GOVT_SIA_FIPB,2019,2018,0,2019-03-31,USD,276992420
RBI:FR_INV_INFLW_RN(1.0),N_A,M,N_A,EQT_RBI,2019,2018,0,2019-03-31,USD,2528194831
RBI:FR_INV_INFLW_RN(1.0),N_A,M,N_A,INV_CAT_NET_FR_DIR_INV,2019,2018,0,2019-03-31,USD,789176680
RBI:FR_INV_INFLW_RN(1.0),N_A,M,N_A,INV_CAT_NET_PORTF_INV,2019,2018,0,2019-03-31,USD,8622955865
RBI:FR_INV_INFLW_RN(1.0),N_A,M,N_A,INV_CAT_NFDI_DII_GROSS_INF_INV,2019,2018,0,2019-03-31,USD,5129927830
RBI:FR_INV_INFLW_RN(1.0),N_A,M,N_A,INV_CAT_NFDI_DI_IND,2019,2018,0,2019-03-31,USD,3239579234
RBI:FR_INV_INFLW_RN(1.0),N_A,M,N_A,INV_CAT_NFDI_FDII,2019,2018,0,2019-03-31,USD,2450402553
RBI:FR_INV_INFLW_RN(1.0),N_A,M,N_A,INV_CAT_NPI_FII,2019,2018,0,2019-03-31,USD,9300602036
RBI:FR_INV_INFLW_RN(1.0),N_A,M,N_A,INV_CAT_NPI_GDR_ADR,2019,2018,0,2019-03-31,USD,0.0
RBI:FR_INV_INFLW_RN(1.0),N_A,M,N_A,INV_CAT_NPI_OFF_FND_OTH,2019,2018,0,2019-03-31,USD,0.0
RBI:FR_INV_INFLW_RN(1.0),N_A,M,N_A,INV_CAT_NPI_PORTF_INV_IND,2019,2018,0,2019-03-31,USD,677646171
RBI:FR_INV_INFLW_RN(1.0),N_A,M,N_A,INV_EQT,2019,2018,0,2019-03-31,USD,3662255526
RBI:FR_INV_INFLW_RN(1.0),N_A,M,N_A,INV_FDI_EQT,2019,2018,0,2019-03-31,USD,966372500
RBI:FR_INV_INFLW_RN(1.0),N_A,M,N_A,INV_FDI_OTH_CAP,2019,2018,0,2019-03-31,USD,1629150000
RBI:FR_INV_INFLW_RN(1.0),N_A,M,N_A,INV_FDI_RE_INV_EAR,2019,2018,0,2019-03-31,USD,252700833
RBI:FR_INV_INFLW_RN(1.0),N_A,M,N_A,INV_FDI_RPTN_DINVT,2019,2018,0,2019-03-31,USD,397820780
RBI:FR_INV_INFLW_RN(1.0),N_A,M,N_A,INV_FII,2019,2018,0,2019-03-31,USD,9412132546
RBI:FR_INV_INFLW_RN(1.0),N_A,M,N_A,INV_OTH_CAP,2019,2018,0,2019-03-31,USD,251073333
RBI:FR_INV_INFLW_RN(1.0),N_A,M,N_A,INV_REP_EQT,2019,2018,0,2019-03-31,USD,1878515238
RBI:FR_INV_INFLW_RN(1.0),N_A,M,N_A,INV_REP_OTH_CAP,2019,2018,0,2019-03-31,USD,11833358
RBI:FR_INV_INFLW_RN(1.0),N_A,M,N_A,INV_RE_INV_EAR,2019,2018,0,2019-03-31,USD,1216598971
RBI:FR_INV_INFLW_RN(1.0),N_A,M,N_A,INV_RPTN_DINVT,2019,2018,0,2019-03-31,USD,1890348596
RBI:FR_INV_INFLW_RN(1.0),N_A,M,N_A,EQT_ACQ_SHAR,2020,2019,0,2019-04-30,USD,604083363
RBI:FR_INV_INFLW_RN(1.0),N_A,M,N_A,EQT_CAP_UNINC_BOD,2020,2019,0,2019-04-30,USD,111804353
RBI:FR_INV_INFLW_RN(1.0),N_A,M,N_A,EQT_GOVT_SIA_FIPB,2020,2019,0,2019-04-30,USD,63462606
RBI:FR_INV_INFLW_RN(1.0),N_A,M,N_A,EQT_RBI,2020,2019,0,2019-04-30,USD,4584401871
RBI:FR_INV_INFLW_RN(1.0),N_A,M,N_A,INV_CAT_NET_FR_DIR_INV,2020,2019,0,2019-04-30,USD,4385557767
RBI:FR_INV_INFLW_RN(1.0),N_A,M,N_A,INV_CAT_NET_PORTF_INV,2020,2019,0,2019-04-30,USD,1111029612
RBI:FR_INV_INFLW_RN(1.0),N_A,M,N_A,INV_CAT_NFDI_DII_GROSS_INF_INV,2020,2019,0,2019-04-30,USD,6865662850
RBI:FR_INV_INFLW_RN(1.0),N_A,M,N_A,INV_CAT_NFDI_DI_IND,2020,2019,0,2019-04-30,USD,5540163671
RBI:FR_INV_INFLW_RN(1.0),N_A,M,N_A,INV_CAT_NFDI_FDII,2020,2019,0,2019-04-30,USD,1154605904
RBI:FR_INV_INFLW_RN(1.0),N_A,M,N_A,INV_CAT_NPI_FII,2020,2019,0,2019-04-30,USD,1215559722
RBI:FR_INV_INFLW_RN(1.0),N_A,M,N_A,INV_CAT_NPI_GDR_ADR,2020,2019,0,2019-04-30,USD,0.0
RBI:FR_INV_INFLW_RN(1.0),N_A,M,N_A,INV_CAT_NPI_OFF_FND_OTH,2020,2019,0,2019-04-30,USD,0.0
RBI:FR_INV_INFLW_RN(1.0),N_A,M,N_A,INV_CAT_NPI_PORTF_INV_IND,2020,2019,0,2019-04-30,USD,104530110
RBI:FR_INV_INFLW_RN(1.0),N_A,M,N_A,INV_EQT,2020,2019,0,2019-04-30,USD,5363752192
RBI:FR_INV_INFLW_RN(1.0),N_A,M,N_A,INV_FDI_EQT,2020,2019,0,2019-04-30,USD,582586667
RBI:FR_INV_INFLW_RN(1.0),N_A,M,N_A,INV_FDI_OTH_CAP,2020,2019,0,2019-04-30,USD,437570000
RBI:FR_INV_INFLW_RN(1.0),N_A,M,N_A,INV_FDI_RE_INV_EAR,2020,2019,0,2019-04-30,USD,262567500
RBI:FR_INV_INFLW_RN(1.0),N_A,M,N_A,INV_FDI_RPTN_DINVT,2020,2019,0,2019-04-30,USD,128118263.00000001
RBI:FR_INV_INFLW_RN(1.0),N_A,M,N_A,INV_FII,2020,2019,0,2019-04-30,USD,5496587379
RBI:FR_INV_INFLW_RN(1.0),N_A,M,N_A,INV_OTH_CAP,2020,2019,0,2019-04-30,USD,385583333
RBI:FR_INV_INFLW_RN(1.0),N_A,M,N_A,INV_REP_EQT,2020,2019,0,2019-04-30,USD,1319104484
RBI:FR_INV_INFLW_RN(1.0),N_A,M,N_A,INV_REP_OTH_CAP,2020,2019,0,2019-04-30,USD,6394695.0
RBI:FR_INV_INFLW_RN(1.0),N_A,M,N_A,INV_RE_INV_EAR,2020,2019,0,2019-04-30,USD,1116327324
RBI:FR_INV_INFLW_RN(1.0),N_A,M,N_A,INV_RPTN_DINVT,2020,2019,0,2019-04-30,USD,1325499179
RBI:FR_INV_INFLW_RN(1.0),N_A,M,N_A,EQT_ACQ_SHAR,2020,2019,0,2019-05-31,USD,608150434
RBI:FR_INV_INFLW_RN(1.0),N_A,M,N_A,EQT_CAP_UNINC_BOD,2020,2019,0,2019-05-31,USD,111804353
RBI:FR_INV_INFLW_RN(1.0),N_A,M,N_A,EQT_GOVT_SIA_FIPB,2020,2019,0,2019-05-31,USD,207916950
RBI:FR_INV_INFLW_RN(1.0),N_A,M,N_A,EQT_RBI,2020,2019,0,2019-05-31,USD,2979268254
RBI:FR_INV_INFLW_RN(1.0),N_A,M,N_A,INV_CAT_NET_FR_DIR_INV,2020,2019,0,2019-05-31,USD,2818355566
RBI:FR_INV_INFLW_RN(1.0),N_A,M,N_A,INV_CAT_NET_PORTF_INV,2020,2019,0,2019-05-31,USD,1835932575
RBI:FR_INV_INFLW_RN(1.0),N_A,M,N_A,INV_CAT_NFDI_DII_GROSS_INF_INV,2020,2019,0,2019-05-31,USD,5409050648
RBI:FR_INV_INFLW_RN(1.0),N_A,M,N_A,INV_CAT_NFDI_DI_IND,2020,2019,0,2019-05-31,USD,4083551469
RBI:FR_INV_INFLW_RN(1.0),N_A,M,N_A,INV_CAT_NFDI_FDII,2020,2019,0,2019-05-31,USD,1265195904
RBI:FR_INV_INFLW_RN(1.0),N_A,M,N_A,INV_CAT_NPI_FII,2020,2019,0,2019-05-31,USD,1940462685
RBI:FR_INV_INFLW_RN(1.0),N_A,M,N_A,INV_CAT_NPI_GDR_ADR,2020,2019,0,2019-05-31,USD,0.0
RBI:FR_INV_INFLW_RN(1.0),N_A,M,N_A,INV_CAT_NPI_OFF_FND_OTH,2020,2019,0,2019-05-31,USD,0.0
RBI:FR_INV_INFLW_RN(1.0),N_A,M,N_A,INV_CAT_NPI_PORTF_INV_IND,2020,2019,0,2019-05-31,USD,104530110
RBI:FR_INV_INFLW_RN(1.0),N_A,M,N_A,INV_EQT,2020,2019,0,2019-05-31,USD,3907139991
RBI:FR_INV_INFLW_RN(1.0),N_A,M,N_A,INV_FDI_EQT,2020,2019,0,2019-05-31,USD,581716667
RBI:FR_INV_INFLW_RN(1.0),N_A,M,N_A,INV_FDI_OTH_CAP,2020,2019,0,2019-05-31,USD,549030000
RBI:FR_INV_INFLW_RN(1.0),N_A,M,N_A,INV_FDI_RE_INV_EAR,2020,2019,0,2019-05-31,USD,262567500
RBI:FR_INV_INFLW_RN(1.0),N_A,M,N_A,INV_FDI_RPTN_DINVT,2020,2019,0,2019-05-31,USD,128118263.00000001
RBI:FR_INV_INFLW_RN(1.0),N_A,M,N_A,INV_FII,2020,2019,0,2019-05-31,USD,4654288140
RBI:FR_INV_INFLW_RN(1.0),N_A,M,N_A,INV_OTH_CAP,2020,2019,0,2019-05-31,USD,385583333
RBI:FR_INV_INFLW_RN(1.0),N_A,M,N_A,INV_REP_EQT,2020,2019,0,2019-05-31,USD,1319104484
RBI:FR_INV_INFLW_RN(1.0),N_A,M,N_A,INV_REP_OTH_CAP,2020,2019,0,2019-05-31,USD,6394695.0
RBI:FR_INV_INFLW_RN(1.0),N_A,M,N_A,INV_RE_INV_EAR,2020,2019,0,2019-05-31,USD,1116327324
RBI:FR_INV_INFLW_RN(1.0),N_A,M,N_A,INV_RPTN_DINVT,2020,2019,0,2019-05-31,USD,1325499179
RBI:FR_INV_INFLW_RN(1.0),N_A,M,N_A,EQT_ACQ_SHAR,2020,2019,0,2019-06-30,USD,210024643
RBI:FR_INV_INFLW_RN(1.0),N_A,M,N_A,EQT_CAP_UNINC_BOD,2020,2019,0,2019-06-30,USD,111804353
RBI:FR_INV_INFLW_RN(1.0),N_A,M,N_A,EQT_GOVT_SIA_FIPB,2020,2019,0,2019-06-30,USD,2444019276
RBI:FR_INV_INFLW_RN(1.0),N_A,M,N_A,EQT_RBI,2020,2019,0,2019-06-30,USD,4628190811
RBI:FR_INV_INFLW_RN(1.0),N_A,M,N_A,INV_CAT_NET_FR_DIR_INV,2020,2019,0,2019-06-30,USD,6788604657
RBI:FR_INV_INFLW_RN(1.0),N_A,M,N_A,INV_CAT_NET_PORTF_INV,2020,2019,0,2019-06-30,USD,1895729473
RBI:FR_INV_INFLW_RN(1.0),N_A,M,N_A,INV_CAT_NFDI_DII_GROSS_INF_INV,2020,2019,0,2019-06-30,USD,8895949740
RBI:FR_INV_INFLW_RN(1.0),N_A,M,N_A,INV_CAT_NFDI_DI_IND,2020,2019,0,2019-06-30,USD,7570450561
RBI:FR_INV_INFLW_RN(1.0),N_A,M,N_A,INV_CAT_NFDI_FDII,2020,2019,0,2019-06-30,USD,781845904
RBI:FR_INV_INFLW_RN(1.0),N_A,M,N_A,INV_CAT_NPI_FII,2020,2019,0,2019-06-30,USD,2000259583
RBI:FR_INV_INFLW_RN(1.0),N_A,M,N_A,INV_CAT_NPI_GDR_ADR,2020,2019,0,2019-06-30,USD,0.0
RBI:FR_INV_INFLW_RN(1.0),N_A,M,N_A,INV_CAT_NPI_OFF_FND_OTH,2020,2019,0,2019-06-30,USD,0.0
RBI:FR_INV_INFLW_RN(1.0),N_A,M,N_A,INV_CAT_NPI_PORTF_INV_IND,2020,2019,0,2019-06-30,USD,104530110
RBI:FR_INV_INFLW_RN(1.0),N_A,M,N_A,INV_EQT,2020,2019,0,2019-06-30,USD,7394039082
RBI:FR_INV_INFLW_RN(1.0),N_A,M,N_A,INV_FDI_EQT,2020,2019,0,2019-06-30,USD,428136667
RBI:FR_INV_INFLW_RN(1.0),N_A,M,N_A,INV_FDI_OTH_CAP,2020,2019,0,2019-06-30,USD,219260000
RBI:FR_INV_INFLW_RN(1.0),N_A,M,N_A,INV_FDI_RE_INV_EAR,2020,2019,0,2019-06-30,USD,262567500
RBI:FR_INV_INFLW_RN(1.0),N_A,M,N_A,INV_FDI_RPTN_DINVT,2020,2019,0,2019-06-30,USD,128118263.00000001
RBI:FR_INV_INFLW_RN(1.0),N_A,M,N_A,INV_FII,2020,2019,0,2019-06-30,USD,8684334130
RBI:FR_INV_INFLW_RN(1.0),N_A,M,N_A,INV_OTH_CAP,2020,2019,0,2019-06-30,USD,385583333
RBI:FR_INV_INFLW_RN(1.0),N_A,M,N_A,INV_REP_EQT,2020,2019,0,2019-06-30,USD,1319104484
RBI:FR_INV_INFLW_RN(1.0),N_A,M,N_A,INV_REP_OTH_CAP,2020,2019,0,2019-06-30,USD,6394695.0
RBI:FR_INV_INFLW_RN(1.0),N_A,M,N_A,INV_RE_INV_EAR,2020,2019,0,2019-06-30,USD,1116327324
RBI:FR_INV_INFLW_RN(1.0),N_A,M,N_A,INV_RPTN_DINVT,2020,2019,0,2019-06-30,USD,1325499179
RBI:FR_INV_INFLW_RN(1.0),N_A,M,N_A,EQT_ACQ_SHAR,2020,2019,0,2019-07-31,USD,660726660
RBI:FR_INV_INFLW_RN(1.0),N_A,M,N_A,EQT_CAP_UNINC_BOD,2020,2019,0,2019-07-31,USD,115637094
RBI:FR_INV_INFLW_RN(1.0),N_A,M,N_A,EQT_GOVT_SIA_FIPB,2020,2019,0,2019-07-31,USD,50307837
RBI:FR_INV_INFLW_RN(1.0),N_A,M,N_A,EQT_RBI,2020,2019,0,2019-07-31,USD,3761379409
RBI:FR_INV_INFLW_RN(1.0),N_A,M,N_A,INV_CAT_NET_FR_DIR_INV,2020,2019,0,2019-07-31,USD,3482411434
RBI:FR_INV_INFLW_RN(1.0),N_A,M,N_A,INV_CAT_NET_PORTF_INV,2020,2019,0,2019-07-31,USD,457037030
RBI:FR_INV_INFLW_RN(1.0),N_A,M,N_A,INV_CAT_NFDI_DII_GROSS_INF_INV,2020,2019,0,2019-07-31,USD,6175446901
RBI:FR_INV_INFLW_RN(1.0),N_A,M,N_A,INV_CAT_NFDI_DI_IND,2020,2019,0,2019-07-31,USD,4681374436
RBI:FR_INV_INFLW_RN(1.0),N_A,M,N_A,INV_CAT_NFDI_FDII,2020,2019,0,2019-07-31,USD,1198963002
RBI:FR_INV_INFLW_RN(1.0),N_A,M,N_A,INV_CAT_NPI_FII,2020,2019,0,2019-07-31,USD,299920062
RBI:FR_INV_INFLW_RN(1.0),N_A,M,N_A,INV_CAT_NPI_GDR_ADR,2020,2019,0,2019-07-31,USD,0.0
RBI:FR_INV_INFLW_RN(1.0),N_A,M,N_A,INV_CAT_NPI_OFF_FND_OTH,2020,2019,0,2019-07-31,USD,0.0
RBI:FR_INV_INFLW_RN(1.0),N_A,M,N_A,INV_CAT_NPI_PORTF_INV_IND,2020,2019,0,2019-07-31,USD,-157116968
RBI:FR_INV_INFLW_RN(1.0),N_A,M,N_A,INV_EQT,2020,2019,0,2019-07-31,USD,4588050999
RBI:FR_INV_INFLW_RN(1.0),N_A,M,N_A,INV_FDI_EQT,2020,2019,0,2019-07-31,USD,593886667
RBI:FR_INV_INFLW_RN(1.0),N_A,M,N_A,INV_FDI_OTH_CAP,2020,2019,0,2019-07-31,USD,600840000
RBI:FR_INV_INFLW_RN(1.0),N_A,M,N_A,INV_FDI_RE_INV_EAR,2020,2019,0,2019-07-31,USD,262567500
RBI:FR_INV_INFLW_RN(1.0),N_A,M,N_A,INV_FDI_RPTN_DINVT,2020,2019,0,2019-07-31,USD,258331165
RBI:FR_INV_INFLW_RN(1.0),N_A,M,N_A,INV_FII,2020,2019,0,2019-07-31,USD,3939448464
RBI:FR_INV_INFLW_RN(1.0),N_A,M,N_A,INV_OTH_CAP,2020,2019,0,2019-07-31,USD,432800000
RBI:FR_INV_INFLW_RN(1.0),N_A,M,N_A,INV_REP_EQT,2020,2019,0,2019-07-31,USD,1481844004
RBI:FR_INV_INFLW_RN(1.0),N_A,M,N_A,INV_REP_OTH_CAP,2020,2019,0,2019-07-31,USD,12228462
RBI:FR_INV_INFLW_RN(1.0),N_A,M,N_A,INV_RE_INV_EAR,2020,2019,0,2019-07-31,USD,1154595902
RBI:FR_INV_INFLW_RN(1.0),N_A,M,N_A,INV_RPTN_DINVT,2020,2019,0,2019-07-31,USD,1494072465
RBI:FR_INV_INFLW_RN(1.0),N_A,M,N_A,EQT_ACQ_SHAR,2020,2019,0,2019-08-31,USD,505786564
RBI:FR_INV_INFLW_RN(1.0),N_A,M,N_A,EQT_CAP_UNINC_BOD,2020,2019,0,2019-08-31,USD,115637094
RBI:FR_INV_INFLW_RN(1.0),N_A,M,N_A,EQT_GOVT_SIA_FIPB,2020,2019,0,2019-08-31,USD,43298991
RBI:FR_INV_INFLW_RN(1.0),N_A,M,N_A,EQT_RBI,2020,2019,0,2019-08-31,USD,2003967504
RBI:FR_INV_INFLW_RN(1.0),N_A,M,N_A,INV_CAT_NET_FR_DIR_INV,2020,2019,0,2019-08-31,USD,1850740587
RBI:FR_INV_INFLW_RN(1.0),N_A,M,N_A,INV_CAT_NET_PORTF_INV,2020,2019,0,2019-08-31,USD,-363139130
RBI:FR_INV_INFLW_RN(1.0),N_A,M,N_A,INV_CAT_NFDI_DII_GROSS_INF_INV,2020,2019,0,2019-08-31,USD,4256086054.0000005
RBI:FR_INV_INFLW_RN(1.0),N_A,M,N_A,INV_CAT_NFDI_DI_IND,2020,2019,0,2019-08-31,USD,2762013589
RBI:FR_INV_INFLW_RN(1.0),N_A,M,N_A,INV_CAT_NFDI_FDII,2020,2019,0,2019-08-31,USD,911273002
RBI:FR_INV_INFLW_RN(1.0),N_A,M,N_A,INV_CAT_NPI_FII,2020,2019,0,2019-08-31,USD,-520256097.99999994
RBI:FR_INV_INFLW_RN(1.0),N_A,M,N_A,INV_CAT_NPI_GDR_ADR,2020,2019,0,2019-08-31,USD,0.0
RBI:FR_INV_INFLW_RN(1.0),N_A,M,N_A,INV_CAT_NPI_OFF_FND_OTH,2020,2019,0,2019-08-31,USD,0.0
RBI:FR_INV_INFLW_RN(1.0),N_A,M,N_A,INV_CAT_NPI_PORTF_INV_IND,2020,2019,0,2019-08-31,USD,-157116968
RBI:FR_INV_INFLW_RN(1.0),N_A,M,N_A,INV_EQT,2020,2019,0,2019-08-31,USD,2668690152
RBI:FR_INV_INFLW_RN(1.0),N_A,M,N_A,INV_FDI_EQT,2020,2019,0,2019-08-31,USD,623496667
RBI:FR_INV_INFLW_RN(1.0),N_A,M,N_A,INV_FDI_OTH_CAP,2020,2019,0,2019-08-31,USD,283540000
RBI:FR_INV_INFLW_RN(1.0),N_A,M,N_A,INV_FDI_RE_INV_EAR,2020,2019,0,2019-08-31,USD,262567500
RBI:FR_INV_INFLW_RN(1.0),N_A,M,N_A,INV_FDI_RPTN_DINVT,2020,2019,0,2019-08-31,USD,258331165
RBI:FR_INV_INFLW_RN(1.0),N_A,M,N_A,INV_FII,2020,2019,0,2019-08-31,USD,1487601457
RBI:FR_INV_INFLW_RN(1.0),N_A,M,N_A,INV_OTH_CAP,2020,2019,0,2019-08-31,USD,432800000
RBI:FR_INV_INFLW_RN(1.0),N_A,M,N_A,INV_REP_EQT,2020,2019,0,2019-08-31,USD,1481844004
RBI:FR_INV_INFLW_RN(1.0),N_A,M,N_A,INV_REP_OTH_CAP,2020,2019,0,2019-08-31,USD,12228462
RBI:FR_INV_INFLW_RN(1.0),N_A,M,N_A,INV_RE_INV_EAR,2020,2019,0,2019-08-31,USD,1154595902
RBI:FR_INV_INFLW_RN(1.0),N_A,M,N_A,INV_RPTN_DINVT,2020,2019,0,2019-08-31,USD,1494072465
RBI:FR_INV_INFLW_RN(1.0),N_A,M,N_A,EQT_ACQ_SHAR,2020,2019,0,2019-09-30,USD,535706401
RBI:FR_INV_INFLW_RN(1.0),N_A,M,N_A,EQT_CAP_UNINC_BOD,2020,2019,0,2019-09-30,USD,115637094
RBI:FR_INV_INFLW_RN(1.0),N_A,M,N_A,EQT_GOVT_SIA_FIPB,2020,2019,0,2019-09-30,USD,54583843
RBI:FR_INV_INFLW_RN(1.0),N_A,M,N_A,EQT_RBI,2020,2019,0,2019-09-30,USD,2150442835
RBI:FR_INV_INFLW_RN(1.0),N_A,M,N_A,INV_CAT_NET_FR_DIR_INV,2020,2019,0,2019-09-30,USD,1981310608
RBI:FR_INV_INFLW_RN(1.0),N_A,M,N_A,INV_CAT_NET_PORTF_INV,2020,2019,0,2019-09-30,USD,2382542600
RBI:FR_INV_INFLW_RN(1.0),N_A,M,N_A,INV_CAT_NFDI_DII_GROSS_INF_INV,2020,2019,0,2019-09-30,USD,4443766075
RBI:FR_INV_INFLW_RN(1.0),N_A,M,N_A,INV_CAT_NFDI_DI_IND,2020,2019,0,2019-09-30,USD,2949693610
RBI:FR_INV_INFLW_RN(1.0),N_A,M,N_A,INV_CAT_NFDI_FDII,2020,2019,0,2019-09-30,USD,968383002
RBI:FR_INV_INFLW_RN(1.0),N_A,M,N_A,INV_CAT_NPI_FII,2020,2019,0,2019-09-30,USD,2225425632
RBI:FR_INV_INFLW_RN(1.0),N_A,M,N_A,INV_CAT_NPI_GDR_ADR,2020,2019,0,2019-09-30,USD,0.0
RBI:FR_INV_INFLW_RN(1.0),N_A,M,N_A,INV_CAT_NPI_OFF_FND_OTH,2020,2019,0,2019-09-30,USD,0.0
RBI:FR_INV_INFLW_RN(1.0),N_A,M,N_A,INV_CAT_NPI_PORTF_INV_IND,2020,2019,0,2019-09-30,USD,-157116968
RBI:FR_INV_INFLW_RN(1.0),N_A,M,N_A,INV_EQT,2020,2019,0,2019-09-30,USD,2856370173
RBI:FR_INV_INFLW_RN(1.0),N_A,M,N_A,INV_FDI_EQT,2020,2019,0,2019-09-30,USD,485976667
RBI:FR_INV_INFLW_RN(1.0),N_A,M,N_A,INV_FDI_OTH_CAP,2020,2019,0,2019-09-30,USD,478170000
RBI:FR_INV_INFLW_RN(1.0),N_A,M,N_A,INV_FDI_RE_INV_EAR,2020,2019,0,2019-09-30,USD,262567500
RBI:FR_INV_INFLW_RN(1.0),N_A,M,N_A,INV_FDI_RPTN_DINVT,2020,2019,0,2019-09-30,USD,258331165
RBI:FR_INV_INFLW_RN(1.0),N_A,M,N_A,INV_FII,2020,2019,0,2019-09-30,USD,4363853208
RBI:FR_INV_INFLW_RN(1.0),N_A,M,N_A,INV_OTH_CAP,2020,2019,0,2019-09-30,USD,432800000
RBI:FR_INV_INFLW_RN(1.0),N_A,M,N_A,INV_REP_EQT,2020,2019,0,2019-09-30,USD,1481844004
RBI:FR_INV_INFLW_RN(1.0),N_A,M,N_A,INV_REP_OTH_CAP,2020,2019,0,2019-09-30,USD,12228462
RBI:FR_INV_INFLW_RN(1.0),N_A,M,N_A,INV_RE_INV_EAR,2020,2019,0,2019-09-30,USD,1154595902
RBI:FR_INV_INFLW_RN(1.0),N_A,M,N_A,INV_RPTN_DINVT,2020,2019,0,2019-09-30,USD,1494072465
RBI:FR_INV_INFLW_RN(1.0),N_A,M,N_A,EQT_ACQ_SHAR,2020,2019,0,2019-10-31,USD,653547756
RBI:FR_INV_INFLW_RN(1.0),N_A,M,N_A,EQT_CAP_UNINC_BOD,2020,2019,0,2019-10-31,USD,119843246
RBI:FR_INV_INFLW_RN(1.0),N_A,M,N_A,EQT_GOVT_SIA_FIPB,2020,2019,0,2019-10-31,USD,61145473
RBI:FR_INV_INFLW_RN(1.0),N_A,M,N_A,EQT_RBI,2020,2019,0,2019-10-31,USD,2495937431
RBI:FR_INV_INFLW_RN(1.0),N_A,M,N_A,INV_CAT_NET_FR_DIR_INV,2020,2019,0,2019-10-31,USD,2646196214
RBI:FR_INV_INFLW_RN(1.0),N_A,M,N_A,INV_CAT_NET_PORTF_INV,2020,2019,0,2019-10-31,USD,2580077404
RBI:FR_INV_INFLW_RN(1.0),N_A,M,N_A,INV_CAT_NFDI_DII_GROSS_INF_INV,2020,2019,0,2019-10-31,USD,6015940104
RBI:FR_INV_INFLW_RN(1.0),N_A,M,N_A,INV_CAT_NFDI_DI_IND,2020,2019,0,2019-10-31,USD,4064008766
RBI:FR_INV_INFLW_RN(1.0),N_A,M,N_A,INV_CAT_NFDI_FDII,2020,2019,0,2019-10-31,USD,1417812552
RBI:FR_INV_INFLW_RN(1.0),N_A,M,N_A,INV_CAT_NPI_FII,2020,2019,0,2019-10-31,USD,2681521101
RBI:FR_INV_INFLW_RN(1.0),N_A,M,N_A,INV_CAT_NPI_GDR_ADR,2020,2019,0,2019-10-31,USD,0.0
RBI:FR_INV_INFLW_RN(1.0),N_A,M,N_A,INV_CAT_NPI_OFF_FND_OTH,2020,2019,0,2019-10-31,USD,0.0
RBI:FR_INV_INFLW_RN(1.0),N_A,M,N_A,INV_CAT_NPI_PORTF_INV_IND,2020,2019,0,2019-10-31,USD,101443697
RBI:FR_INV_INFLW_RN(1.0),N_A,M,N_A,INV_EQT,2020,2019,0,2019-10-31,USD,3330473907
RBI:FR_INV_INFLW_RN(1.0),N_A,M,N_A,INV_FDI_EQT,2020,2019,0,2019-10-31,USD,1076926667
RBI:FR_INV_INFLW_RN(1.0),N_A,M,N_A,INV_FDI_OTH_CAP,2020,2019,0,2019-10-31,USD,287580000
RBI:FR_INV_INFLW_RN(1.0),N_A,M,N_A,INV_FDI_RE_INV_EAR,2020,2019,0,2019-10-31,USD,262567500
RBI:FR_INV_INFLW_RN(1.0),N_A,M,N_A,INV_FDI_RPTN_DINVT,2020,2019,0,2019-10-31,USD,209261615
RBI:FR_INV_INFLW_RN(1.0),N_A,M,N_A,INV_FII,2020,2019,0,2019-10-31,USD,5226273618
RBI:FR_INV_INFLW_RN(1.0),N_A,M,N_A,INV_OTH_CAP,2020,2019,0,2019-10-31,USD,1488873333
RBI:FR_INV_INFLW_RN(1.0),N_A,M,N_A,INV_REP_EQT,2020,2019,0,2019-10-31,USD,1915718684
RBI:FR_INV_INFLW_RN(1.0),N_A,M,N_A,INV_REP_OTH_CAP,2020,2019,0,2019-10-31,USD,36212653
RBI:FR_INV_INFLW_RN(1.0),N_A,M,N_A,INV_RE_INV_EAR,2020,2019,0,2019-10-31,USD,1196592864
RBI:FR_INV_INFLW_RN(1.0),N_A,M,N_A,INV_RPTN_DINVT,2020,2019,0,2019-10-31,USD,1951931337
RBI:FR_INV_INFLW_RN(1.0),N_A,M,N_A,EQT_ACQ_SHAR,2020,2019,0,2019-11-30,USD,536244857
RBI:FR_INV_INFLW_RN(1.0),N_A,M,N_A,EQT_CAP_UNINC_BOD,2020,2019,0,2019-11-30,USD,119843246
RBI:FR_INV_INFLW_RN(1.0),N_A,M,N_A,EQT_GOVT_SIA_FIPB,2020,2019,0,2019-11-30,USD,57626442
RBI:FR_INV_INFLW_RN(1.0),N_A,M,N_A,EQT_RBI,2020,2019,0,2019-11-30,USD,2210241251
RBI:FR_INV_INFLW_RN(1.0),N_A,M,N_A,INV_CAT_NET_FR_DIR_INV,2020,2019,0,2019-11-30,USD,2770458105
RBI:FR_INV_INFLW_RN(1.0),N_A,M,N_A,INV_CAT_NET_PORTF_INV,2020,2019,0,2019-11-30,USD,5860450885
RBI:FR_INV_INFLW_RN(1.0),N_A,M,N_A,INV_CAT_NFDI_DII_GROSS_INF_INV,2020,2019,0,2019-11-30,USD,5609421994
RBI:FR_INV_INFLW_RN(1.0),N_A,M,N_A,INV_CAT_NFDI_DI_IND,2020,2019,0,2019-11-30,USD,3657490657
RBI:FR_INV_INFLW_RN(1.0),N_A,M,N_A,INV_CAT_NFDI_FDII,2020,2019,0,2019-11-30,USD,887032552
RBI:FR_INV_INFLW_RN(1.0),N_A,M,N_A,INV_CAT_NPI_FII,2020,2019,0,2019-11-30,USD,5961894582
RBI:FR_INV_INFLW_RN(1.0),N_A,M,N_A,INV_CAT_NPI_GDR_ADR,2020,2019,0,2019-11-30,USD,0.0
RBI:FR_INV_INFLW_RN(1.0),N_A,M,N_A,INV_CAT_NPI_OFF_FND_OTH,2020,2019,0,2019-11-30,USD,0.0
RBI:FR_INV_INFLW_RN(1.0),N_A,M,N_A,INV_CAT_NPI_PORTF_INV_IND,2020,2019,0,2019-11-30,USD,101443697
RBI:FR_INV_INFLW_RN(1.0),N_A,M,N_A,INV_EQT,2020,2019,0,2019-11-30,USD,2923955797
RBI:FR_INV_INFLW_RN(1.0),N_A,M,N_A,INV_FDI_EQT,2020,2019,0,2019-11-30,USD,491836667
RBI:FR_INV_INFLW_RN(1.0),N_A,M,N_A,INV_FDI_OTH_CAP,2020,2019,0,2019-11-30,USD,341890000
RBI:FR_INV_INFLW_RN(1.0),N_A,M,N_A,INV_FDI_RE_INV_EAR,2020,2019,0,2019-11-30,USD,262567500
RBI:FR_INV_INFLW_RN(1.0),N_A,M,N_A,INV_FDI_RPTN_DINVT,2020,2019,0,2019-11-30,USD,209261615
RBI:FR_INV_INFLW_RN(1.0),N_A,M,N_A,INV_FII,2020,2019,0,2019-11-30,USD,8630908990
RBI:FR_INV_INFLW_RN(1.0),N_A,M,N_A,INV_OTH_CAP,2020,2019,0,2019-11-30,USD,1488873333
RBI:FR_INV_INFLW_RN(1.0),N_A,M,N_A,INV_REP_EQT,2020,2019,0,2019-11-30,USD,1915718684
RBI:FR_INV_INFLW_RN(1.0),N_A,M,N_A,INV_REP_OTH_CAP,2020,2019,0,2019-11-30,USD,36212653
RBI:FR_INV_INFLW_RN(1.0),N_A,M,N_A,INV_RE_INV_EAR,2020,2019,0,2019-11-30,USD,1196592864
RBI:FR_INV_INFLW_RN(1.0),N_A,M,N_A,INV_RPTN_DINVT,2020,2019,0,2019-11-30,USD,1951931337
RBI:FR_INV_INFLW_RN(1.0),N_A,M,N_A,EQT_ACQ_SHAR,2020,2019,0,2019-12-31,USD,966931999
RBI:FR_INV_INFLW_RN(1.0),N_A,M,N_A,EQT_CAP_UNINC_BOD,2020,2019,0,2019-12-31,USD,119843246
RBI:FR_INV_INFLW_RN(1.0),N_A,M,N_A,EQT_GOVT_SIA_FIPB,2020,2019,0,2019-12-31,USD,45171876
RBI:FR_INV_INFLW_RN(1.0),N_A,M,N_A,EQT_RBI,2020,2019,0,2019-12-31,USD,3646493765
RBI:FR_INV_INFLW_RN(1.0),N_A,M,N_A,INV_CAT_NET_FR_DIR_INV,2020,2019,0,2019-12-31,USD,4326413195
RBI:FR_INV_INFLW_RN(1.0),N_A,M,N_A,INV_CAT_NET_PORTF_INV,2020,2019,0,2019-12-31,USD,-611417590
RBI:FR_INV_INFLW_RN(1.0),N_A,M,N_A,INV_CAT_NFDI_DII_GROSS_INF_INV,2020,2019,0,2019-12-31,USD,7463907084
RBI:FR_INV_INFLW_RN(1.0),N_A,M,N_A,INV_CAT_NFDI_DI_IND,2020,2019,0,2019-12-31,USD,5511975746
RBI:FR_INV_INFLW_RN(1.0),N_A,M,N_A,INV_CAT_NFDI_FDII,2020,2019,0,2019-12-31,USD,1185562552
RBI:FR_INV_INFLW_RN(1.0),N_A,M,N_A,INV_CAT_NPI_FII,2020,2019,0,2019-12-31,USD,-509973893
RBI:FR_INV_INFLW_RN(1.0),N_A,M,N_A,INV_CAT_NPI_GDR_ADR,2020,2019,0,2019-12-31,USD,0.0
RBI:FR_INV_INFLW_RN(1.0),N_A,M,N_A,INV_CAT_NPI_OFF_FND_OTH,2020,2019,0,2019-12-31,USD,0.0
RBI:FR_INV_INFLW_RN(1.0),N_A,M,N_A,INV_CAT_NPI_PORTF_INV_IND,2020,2019,0,2019-12-31,USD,101443697
RBI:FR_INV_INFLW_RN(1.0),N_A,M,N_A,INV_EQT,2020,2019,0,2019-12-31,USD,4778440887
RBI:FR_INV_INFLW_RN(1.0),N_A,M,N_A,INV_FDI_EQT,2020,2019,0,2019-12-31,USD,599806667
RBI:FR_INV_INFLW_RN(1.0),N_A,M,N_A,INV_FDI_OTH_CAP,2020,2019,0,2019-12-31,USD,532450000.00000006
RBI:FR_INV_INFLW_RN(1.0),N_A,M,N_A,INV_FDI_RE_INV_EAR,2020,2019,0,2019-12-31,USD,262567500
RBI:FR_INV_INFLW_RN(1.0),N_A,M,N_A,INV_FDI_RPTN_DINVT,2020,2019,0,2019-12-31,USD,209261615
RBI:FR_INV_INFLW_RN(1.0),N_A,M,N_A,INV_FII,2020,2019,0,2019-12-31,USD,3714995604
RBI:FR_INV_INFLW_RN(1.0),N_A,M,N_A,INV_OTH_CAP,2020,2019,0,2019-12-31,USD,1488873333
RBI:FR_INV_INFLW_RN(1.0),N_A,M,N_A,INV_REP_EQT,2020,2019,0,2019-12-31,USD,1915718684
RBI:FR_INV_INFLW_RN(1.0),N_A,M,N_A,INV_REP_OTH_CAP,2020,2019,0,2019-12-31,USD,36212653
RBI:FR_INV_INFLW_RN(1.0),N_A,M,N_A,INV_RE_INV_EAR,2020,2019,0,2019-12-31,USD,1196592864
RBI:FR_INV_INFLW_RN(1.0),N_A,M,N_A,INV_RPTN_DINVT,2020,2019,0,2019-12-31,USD,1951931337
RBI:FR_INV_INFLW_RN(1.0),N_A,M,N_A,EQT_ACQ_SHAR,2020,2019,0,2020-01-31,USD,794647810
RBI:FR_INV_INFLW_RN(1.0),N_A,M,N_A,EQT_CAP_UNINC_BOD,2020,2019,0,2020-01-31,USD,238351224
RBI:FR_INV_INFLW_RN(1.0),N_A,M,N_A,EQT_GOVT_SIA_FIPB,2020,2019,0,2020-01-31,USD,23841719
RBI:FR_INV_INFLW_RN(1.0),N_A,M,N_A,EQT_RBI,2020,2019,0,2020-01-31,USD,4751187415
RBI:FR_INV_INFLW_RN(1.0),N_A,M,N_A,INV_CAT_NET_FR_DIR_INV,2020,2019,0,2020-01-31,USD,5251875083
RBI:FR_INV_INFLW_RN(1.0),N_A,M,N_A,INV_CAT_NET_PORTF_INV,2020,2019,0,2020-01-31,USD,2038584034
RBI:FR_INV_INFLW_RN(1.0),N_A,M,N_A,INV_CAT_NFDI_DII_GROSS_INF_INV,2020,2019,0,2020-01-31,USD,7585433821
RBI:FR_INV_INFLW_RN(1.0),N_A,M,N_A,INV_CAT_NFDI_DI_IND,2020,2019,0,2020-01-31,USD,6228827958
RBI:FR_INV_INFLW_RN(1.0),N_A,M,N_A,INV_CAT_NFDI_FDII,2020,2019,0,2020-01-31,USD,976952875
RBI:FR_INV_INFLW_RN(1.0),N_A,M,N_A,INV_CAT_NPI_FII,2020,2019,0,2020-01-31,USD,1705952831
RBI:FR_INV_INFLW_RN(1.0),N_A,M,N_A,INV_CAT_NPI_GDR_ADR,2020,2019,0,2020-01-31,USD,0.0
RBI:FR_INV_INFLW_RN(1.0),N_A,M,N_A,INV_CAT_NPI_OFF_FND_OTH,2020,2019,0,2020-01-31,USD,0.0
RBI:FR_INV_INFLW_RN(1.0),N_A,M,N_A,INV_CAT_NPI_PORTF_INV_IND,2020,2019,0,2020-01-31,USD,-332631203
RBI:FR_INV_INFLW_RN(1.0),N_A,M,N_A,INV_EQT,2020,2019,0,2020-01-31,USD,5808028168
RBI:FR_INV_INFLW_RN(1.0),N_A,M,N_A,INV_FDI_EQT,2020,2019,0,2020-01-31,USD,877696667
RBI:FR_INV_INFLW_RN(1.0),N_A,M,N_A,INV_FDI_OTH_CAP,2020,2019,0,2020-01-31,USD,375360000
RBI:FR_INV_INFLW_RN(1.0),N_A,M,N_A,INV_FDI_RE_INV_EAR,2020,2019,0,2020-01-31,USD,262567500
RBI:FR_INV_INFLW_RN(1.0),N_A,M,N_A,INV_FDI_RPTN_DINVT,2020,2019,0,2020-01-31,USD,538671292
RBI:FR_INV_INFLW_RN(1.0),N_A,M,N_A,INV_FII,2020,2019,0,2020-01-31,USD,7290459117
RBI:FR_INV_INFLW_RN(1.0),N_A,M,N_A,INV_OTH_CAP,2020,2019,0,2020-01-31,USD,519993333
RBI:FR_INV_INFLW_RN(1.0),N_A,M,N_A,INV_REP_EQT,2020,2019,0,2020-01-31,USD,1353937291
RBI:FR_INV_INFLW_RN(1.0),N_A,M,N_A,INV_REP_OTH_CAP,2020,2019,0,2020-01-31,USD,2668571.0
RBI:FR_INV_INFLW_RN(1.0),N_A,M,N_A,INV_RE_INV_EAR,2020,2019,0,2020-01-31,USD,1257412320
RBI:FR_INV_INFLW_RN(1.0),N_A,M,N_A,INV_RPTN_DINVT,2020,2019,0,2020-01-31,USD,1356605862
RBI:FR_INV_INFLW_RN(1.0),N_A,M,N_A,EQT_ACQ_SHAR,2020,2019,0,2020-02-29,USD,185791637
RBI:FR_INV_INFLW_RN(1.0),N_A,M,N_A,EQT_CAP_UNINC_BOD,2020,2019,0,2020-02-29,USD,238351224
RBI:FR_INV_INFLW_RN(1.0),N_A,M,N_A,EQT_GOVT_SIA_FIPB,2020,2019,0,2020-02-29,USD,25855199
RBI:FR_INV_INFLW_RN(1.0),N_A,M,N_A,EQT_RBI,2020,2019,0,2020-02-29,USD,3149104607
RBI:FR_INV_INFLW_RN(1.0),N_A,M,N_A,INV_CAT_NET_FR_DIR_INV,2020,2019,0,2020-02-29,USD,2737099582
RBI:FR_INV_INFLW_RN(1.0),N_A,M,N_A,INV_CAT_NET_PORTF_INV,2020,2019,0,2020-02-29,USD,-1148255406
RBI:FR_INV_INFLW_RN(1.0),N_A,M,N_A,INV_CAT_NFDI_DII_GROSS_INF_INV,2020,2019,0,2020-02-29,USD,5376508320
RBI:FR_INV_INFLW_RN(1.0),N_A,M,N_A,INV_CAT_NFDI_DI_IND,2020,2019,0,2020-02-29,USD,4019902457
RBI:FR_INV_INFLW_RN(1.0),N_A,M,N_A,INV_CAT_NFDI_FDII,2020,2019,0,2020-02-29,USD,1282802875
RBI:FR_INV_INFLW_RN(1.0),N_A,M,N_A,INV_CAT_NPI_FII,2020,2019,0,2020-02-29,USD,-1480886609
RBI:FR_INV_INFLW_RN(1.0),N_A,M,N_A,INV_CAT_NPI_GDR_ADR,2020,2019,0,2020-02-29,USD,0.0
RBI:FR_INV_INFLW_RN(1.0),N_A,M,N_A,INV_CAT_NPI_OFF_FND_OTH,2020,2019,0,2020-02-29,USD,0.0
RBI:FR_INV_INFLW_RN(1.0),N_A,M,N_A,INV_CAT_NPI_PORTF_INV_IND,2020,2019,0,2020-02-29,USD,-332631203
RBI:FR_INV_INFLW_RN(1.0),N_A,M,N_A,INV_EQT,2020,2019,0,2020-02-29,USD,3599102667
RBI:FR_INV_INFLW_RN(1.0),N_A,M,N_A,INV_FDI_EQT,2020,2019,0,2020-02-29,USD,615456667
RBI:FR_INV_INFLW_RN(1.0),N_A,M,N_A,INV_FDI_OTH_CAP,2020,2019,0,2020-02-29,USD,943450000
RBI:FR_INV_INFLW_RN(1.0),N_A,M,N_A,INV_FDI_RE_INV_EAR,2020,2019,0,2020-02-29,USD,262567500
RBI:FR_INV_INFLW_RN(1.0),N_A,M,N_A,INV_FDI_RPTN_DINVT,2020,2019,0,2020-02-29,USD,538671292
RBI:FR_INV_INFLW_RN(1.0),N_A,M,N_A,INV_FII,2020,2019,0,2020-02-29,USD,1588844176
RBI:FR_INV_INFLW_RN(1.0),N_A,M,N_A,INV_OTH_CAP,2020,2019,0,2020-02-29,USD,519993333
RBI:FR_INV_INFLW_RN(1.0),N_A,M,N_A,INV_REP_EQT,2020,2019,0,2020-02-29,USD,1353937291
RBI:FR_INV_INFLW_RN(1.0),N_A,M,N_A,INV_REP_OTH_CAP,2020,2019,0,2020-02-29,USD,2668571.0
RBI:FR_INV_INFLW_RN(1.0),N_A,M,N_A,INV_RE_INV_EAR,2020,2019,0,2020-02-29,USD,1257412320
RBI:FR_INV_INFLW_RN(1.0),N_A,M,N_A,INV_RPTN_DINVT,2020,2019,0,2020-02-29,USD,1356605862
RBI:FR_INV_INFLW_RN(1.0),N_A,M,N_A,EQT_ACQ_SHAR,2020,2019,0,2020-03-31,USD,1086019615
RBI:FR_INV_INFLW_RN(1.0),N_A,M,N_A,EQT_CAP_UNINC_BOD,2020,2019,0,2020-03-31,USD,238351224
RBI:FR_INV_INFLW_RN(1.0),N_A,M,N_A,EQT_GOVT_SIA_FIPB,2020,2019,0,2020-03-31,USD,187976573
RBI:FR_INV_INFLW_RN(1.0),N_A,M,N_A,EQT_RBI,2020,2019,0,2020-03-31,USD,3003570712
RBI:FR_INV_INFLW_RN(1.0),N_A,M,N_A,INV_CAT_NET_FR_DIR_INV,2020,2019,0,2020-03-31,USD,3974165040
RBI:FR_INV_INFLW_RN(1.0),N_A,M,N_A,INV_CAT_NET_PORTF_INV,2020,2019,0,2020-03-31,USD,-14635156069
RBI:FR_INV_INFLW_RN(1.0),N_A,M,N_A,INV_CAT_NFDI_DII_GROSS_INF_INV,2020,2019,0,2020-03-31,USD,6293323778
RBI:FR_INV_INFLW_RN(1.0),N_A,M,N_A,INV_CAT_NFDI_DI_IND,2020,2019,0,2020-03-31,USD,4936717915
RBI:FR_INV_INFLW_RN(1.0),N_A,M,N_A,INV_CAT_NFDI_FDII,2020,2019,0,2020-03-31,USD,962552875
RBI:FR_INV_INFLW_RN(1.0),N_A,M,N_A,INV_CAT_NPI_FII,2020,2019,0,2020-03-31,USD,-14967787273
RBI:FR_INV_INFLW_RN(1.0),N_A,M,N_A,INV_CAT_NPI_GDR_ADR,2020,2019,0,2020-03-31,USD,0.0
RBI:FR_INV_INFLW_RN(1.0),N_A,M,N_A,INV_CAT_NPI_OFF_FND_OTH,2020,2019,0,2020-03-31,USD,0.0
RBI:FR_INV_INFLW_RN(1.0),N_A,M,N_A,INV_CAT_NPI_PORTF_INV_IND,2020,2019,0,2020-03-31,USD,-332631203
RBI:FR_INV_INFLW_RN(1.0),N_A,M,N_A,INV_EQT,2020,2019,0,2020-03-31,USD,4515918125
RBI:FR_INV_INFLW_RN(1.0),N_A,M,N_A,INV_FDI_EQT,2020,2019,0,2020-03-31,USD,614086667
RBI:FR_INV_INFLW_RN(1.0),N_A,M,N_A,INV_FDI_OTH_CAP,2020,2019,0,2020-03-31,USD,624570000
RBI:FR_INV_INFLW_RN(1.0),N_A,M,N_A,INV_FDI_RE_INV_EAR,2020,2019,0,2020-03-31,USD,262567500
RBI:FR_INV_INFLW_RN(1.0),N_A,M,N_A,INV_FDI_RPTN_DINVT,2020,2019,0,2020-03-31,USD,538671292
RBI:FR_INV_INFLW_RN(1.0),N_A,M,N_A,INV_FII,2020,2019,0,2020-03-31,USD,-10660991029
RBI:FR_INV_INFLW_RN(1.0),N_A,M,N_A,INV_OTH_CAP,2020,2019,0,2020-03-31,USD,519993333
RBI:FR_INV_INFLW_RN(1.0),N_A,M,N_A,INV_REP_EQT,2020,2019,0,2020-03-31,USD,1353937291
RBI:FR_INV_INFLW_RN(1.0),N_A,M,N_A,INV_REP_OTH_CAP,2020,2019,0,2020-03-31,USD,2668571.0
RBI:FR_INV_INFLW_RN(1.0),N_A,M,N_A,INV_RE_INV_EAR,2020,2019,0,2020-03-31,USD,1257412320
RBI:FR_INV_INFLW_RN(1.0),N_A,M,N_A,INV_RPTN_DINVT,2020,2019,0,2020-03-31,USD,1356605862
RBI:FR_INV_INFLW_RN(1.0),N_A,M,N_A,EQT_ACQ_SHAR,2021,2020,0,2020-04-30,USD,523622574
RBI:FR_INV_INFLW_RN(1.0),N_A,M,N_A,EQT_CAP_UNINC_BOD,2021,2020,0,2020-04-30,USD,111692188
RBI:FR_INV_INFLW_RN(1.0),N_A,M,N_A,EQT_GOVT_SIA_FIPB,2021,2020,0,2020-04-30,USD,79776736
RBI:FR_INV_INFLW_RN(1.0),N_A,M,N_A,EQT_RBI,2021,2020,0,2020-04-30,USD,2168659135
RBI:FR_INV_INFLW_RN(1.0),N_A,M,N_A,INV_CAT_NET_FR_DIR_INV,2021,2020,0,2020-04-30,USD,186415746
RBI:FR_INV_INFLW_RN(1.0),N_A,M,N_A,INV_CAT_NET_PORTF_INV,2021,2020,0,2020-04-30,USD,-1971909145
RBI:FR_INV_INFLW_RN(1.0),N_A,M,N_A,INV_CAT_NFDI_DII_GROSS_INF_INV,2021,2020,0,2020-04-30,USD,4531459208
RBI:FR_INV_INFLW_RN(1.0),N_A,M,N_A,INV_CAT_NFDI_DI_IND,2021,2020,0,2020-04-30,USD,1286453859
RBI:FR_INV_INFLW_RN(1.0),N_A,M,N_A,INV_CAT_NFDI_FDII,2021,2020,0,2020-04-30,USD,1100038113
RBI:FR_INV_INFLW_RN(1.0),N_A,M,N_A,INV_CAT_NPI_FII,2021,2020,0,2020-04-30,USD,-1819932951
RBI:FR_INV_INFLW_RN(1.0),N_A,M,N_A,INV_CAT_NPI_GDR_ADR,2021,2020,0,2020-04-30,USD,0.0
RBI:FR_INV_INFLW_RN(1.0),N_A,M,N_A,INV_CAT_NPI_OFF_FND_OTH,2021,2020,0,2020-04-30,USD,0.0
RBI:FR_INV_INFLW_RN(1.0),N_A,M,N_A,INV_CAT_NPI_PORTF_INV_IND,2021,2020,0,2020-04-30,USD,151976194
RBI:FR_INV_INFLW_RN(1.0),N_A,M,N_A,INV_EQT,2021,2020,0,2020-04-30,USD,2883750633
RBI:FR_INV_INFLW_RN(1.0),N_A,M,N_A,INV_FDI_EQT,2021,2020,0,2020-04-30,USD,513140000
RBI:FR_INV_INFLW_RN(1.0),N_A,M,N_A,INV_FDI_OTH_CAP,2021,2020,0,2020-04-30,USD,383860000
RBI:FR_INV_INFLW_RN(1.0),N_A,M,N_A,INV_FDI_RE_INV_EAR,2021,2020,0,2020-04-30,USD,251087500
RBI:FR_INV_INFLW_RN(1.0),N_A,M,N_A,INV_FDI_RPTN_DINVT,2021,2020,0,2020-04-30,USD,48049387
RBI:FR_INV_INFLW_RN(1.0),N_A,M,N_A,INV_FII,2021,2020,0,2020-04-30,USD,-1785493399
RBI:FR_INV_INFLW_RN(1.0),N_A,M,N_A,INV_OTH_CAP,2021,2020,0,2020-04-30,USD,345010000
RBI:FR_INV_INFLW_RN(1.0),N_A,M,N_A,INV_REP_EQT,2021,2020,0,2020-04-30,USD,3241614866
RBI:FR_INV_INFLW_RN(1.0),N_A,M,N_A,INV_REP_OTH_CAP,2021,2020,0,2020-04-30,USD,3390483.0
RBI:FR_INV_INFLW_RN(1.0),N_A,M,N_A,INV_RE_INV_EAR,2021,2020,0,2020-04-30,USD,1302698575
RBI:FR_INV_INFLW_RN(1.0),N_A,M,N_A,INV_RPTN_DINVT,2021,2020,0,2020-04-30,USD,3245005349
RBI:FR_INV_INFLW_RN(1.0),N_A,M,N_A,EQT_ACQ_SHAR,2021,2020,0,2020-05-31,USD,143185408
RBI:FR_INV_INFLW_RN(1.0),N_A,M,N_A,EQT_CAP_UNINC_BOD,2021,2020,0,2020-05-31,USD,111692188
RBI:FR_INV_INFLW_RN(1.0),N_A,M,N_A,EQT_GOVT_SIA_FIPB,2021,2020,0,2020-05-31,USD,12922217
RBI:FR_INV_INFLW_RN(1.0),N_A,M,N_A,EQT_RBI,2021,2020,0,2020-05-31,USD,2084313293.0000002
RBI:FR_INV_INFLW_RN(1.0),N_A,M,N_A,INV_CAT_NET_FR_DIR_INV,2021,2020,0,2020-05-31,USD,200048219
RBI:FR_INV_INFLW_RN(1.0),N_A,M,N_A,INV_CAT_NET_PORTF_INV,2021,2020,0,2020-05-31,USD,-560877744
RBI:FR_INV_INFLW_RN(1.0),N_A,M,N_A,INV_CAT_NFDI_DII_GROSS_INF_INV,2021,2020,0,2020-05-31,USD,3999821681
RBI:FR_INV_INFLW_RN(1.0),N_A,M,N_A,INV_CAT_NFDI_DI_IND,2021,2020,0,2020-05-31,USD,754816332
RBI:FR_INV_INFLW_RN(1.0),N_A,M,N_A,INV_CAT_NFDI_FDII,2021,2020,0,2020-05-31,USD,554768113
RBI:FR_INV_INFLW_RN(1.0),N_A,M,N_A,INV_CAT_NPI_FII,2021,2020,0,2020-05-31,USD,-408901549
RBI:FR_INV_INFLW_RN(1.0),N_A,M,N_A,INV_CAT_NPI_GDR_ADR,2021,2020,0,2020-05-31,USD,0.0
RBI:FR_INV_INFLW_RN(1.0),N_A,M,N_A,INV_CAT_NPI_OFF_FND_OTH,2021,2020,0,2020-05-31,USD,0.0
RBI:FR_INV_INFLW_RN(1.0),N_A,M,N_A,INV_CAT_NPI_PORTF_INV_IND,2021,2020,0,2020-05-31,USD,151976194
RBI:FR_INV_INFLW_RN(1.0),N_A,M,N_A,INV_EQT,2021,2020,0,2020-05-31,USD,2352113106
RBI:FR_INV_INFLW_RN(1.0),N_A,M,N_A,INV_FDI_EQT,2021,2020,0,2020-05-31,USD,192880000
RBI:FR_INV_INFLW_RN(1.0),N_A,M,N_A,INV_FDI_OTH_CAP,2021,2020,0,2020-05-31,USD,158850000
RBI:FR_INV_INFLW_RN(1.0),N_A,M,N_A,INV_FDI_RE_INV_EAR,2021,2020,0,2020-05-31,USD,251087500
RBI:FR_INV_INFLW_RN(1.0),N_A,M,N_A,INV_FDI_RPTN_DINVT,2021,2020,0,2020-05-31,USD,48049387
RBI:FR_INV_INFLW_RN(1.0),N_A,M,N_A,INV_FII,2021,2020,0,2020-05-31,USD,-360829525
RBI:FR_INV_INFLW_RN(1.0),N_A,M,N_A,INV_OTH_CAP,2021,2020,0,2020-05-31,USD,345010000
RBI:FR_INV_INFLW_RN(1.0),N_A,M,N_A,INV_REP_EQT,2021,2020,0,2020-05-31,USD,3241614866
RBI:FR_INV_INFLW_RN(1.0),N_A,M,N_A,INV_REP_OTH_CAP,2021,2020,0,2020-05-31,USD,3390483.0
RBI:FR_INV_INFLW_RN(1.0),N_A,M,N_A,INV_RE_INV_EAR,2021,2020,0,2020-05-31,USD,1302698575
RBI:FR_INV_INFLW_RN(1.0),N_A,M,N_A,INV_RPTN_DINVT,2021,2020,0,2020-05-31,USD,3245005349
RBI:FR_INV_INFLW_RN(1.0),N_A,M,N_A,EQT_ACQ_SHAR,2021,2020,0,2020-06-30,USD,137526533
RBI:FR_INV_INFLW_RN(1.0),N_A,M,N_A,EQT_CAP_UNINC_BOD,2021,2020,0,2020-06-30,USD,111692188
RBI:FR_INV_INFLW_RN(1.0),N_A,M,N_A,EQT_GOVT_SIA_FIPB,2021,2020,0,2020-06-30,USD,4137963.0
RBI:FR_INV_INFLW_RN(1.0),N_A,M,N_A,EQT_RBI,2021,2020,0,2020-06-30,USD,1408115871
RBI:FR_INV_INFLW_RN(1.0),N_A,M,N_A,INV_CAT_NET_FR_DIR_INV,2021,2020,0,2020-06-30,USD,-914402331
RBI:FR_INV_INFLW_RN(1.0),N_A,M,N_A,INV_CAT_NET_PORTF_INV,2021,2020,0,2020-06-30,USD,3174451789
RBI:FR_INV_INFLW_RN(1.0),N_A,M,N_A,INV_CAT_NFDI_DII_GROSS_INF_INV,2021,2020,0,2020-06-30,USD,3309181131
RBI:FR_INV_INFLW_RN(1.0),N_A,M,N_A,INV_CAT_NFDI_DI_IND,2021,2020,0,2020-06-30,USD,64175782
RBI:FR_INV_INFLW_RN(1.0),N_A,M,N_A,INV_CAT_NFDI_FDII,2021,2020,0,2020-06-30,USD,978578113
RBI:FR_INV_INFLW_RN(1.0),N_A,M,N_A,INV_CAT_NPI_FII,2021,2020,0,2020-06-30,USD,3326427984
RBI:FR_INV_INFLW_RN(1.0),N_A,M,N_A,INV_CAT_NPI_GDR_ADR,2021,2020,0,2020-06-30,USD,0.0
RBI:FR_INV_INFLW_RN(1.0),N_A,M,N_A,INV_CAT_NPI_OFF_FND_OTH,2021,2020,0,2020-06-30,USD,0.0
RBI:FR_INV_INFLW_RN(1.0),N_A,M,N_A,INV_CAT_NPI_PORTF_INV_IND,2021,2020,0,2020-06-30,USD,151976194
RBI:FR_INV_INFLW_RN(1.0),N_A,M,N_A,INV_EQT,2021,2020,0,2020-06-30,USD,1661472556
RBI:FR_INV_INFLW_RN(1.0),N_A,M,N_A,INV_FDI_EQT,2021,2020,0,2020-06-30,USD,529159999.99999994
RBI:FR_INV_INFLW_RN(1.0),N_A,M,N_A,INV_FDI_OTH_CAP,2021,2020,0,2020-06-30,USD,246380000
RBI:FR_INV_INFLW_RN(1.0),N_A,M,N_A,INV_FDI_RE_INV_EAR,2021,2020,0,2020-06-30,USD,251087500
RBI:FR_INV_INFLW_RN(1.0),N_A,M,N_A,INV_FDI_RPTN_DINVT,2021,2020,0,2020-06-30,USD,48049387
RBI:FR_INV_INFLW_RN(1.0),N_A,M,N_A,INV_FII,2021,2020,0,2020-06-30,USD,2260049458
RBI:FR_INV_INFLW_RN(1.0),N_A,M,N_A,INV_OTH_CAP,2021,2020,0,2020-06-30,USD,345010000
RBI:FR_INV_INFLW_RN(1.0),N_A,M,N_A,INV_REP_EQT,2021,2020,0,2020-06-30,USD,3241614866
RBI:FR_INV_INFLW_RN(1.0),N_A,M,N_A,INV_REP_OTH_CAP,2021,2020,0,2020-06-30,USD,3390483.0
RBI:FR_INV_INFLW_RN(1.0),N_A,M,N_A,INV_RE_INV_EAR,2021,2020,0,2020-06-30,USD,1302698575
RBI:FR_INV_INFLW_RN(1.0),N_A,M,N_A,INV_RPTN_DINVT,2021,2020,0,2020-06-30,USD,3245005349
RBI:FR_INV_INFLW_RN(1.0),N_A,M,N_A,EQT_ACQ_SHAR,2021,2020,0,2020-07-31,USD,1500293921
RBI:FR_INV_INFLW_RN(1.0),N_A,M,N_A,EQT_CAP_UNINC_BOD,2021,2020,0,2020-07-31,USD,117651523
RBI:FR_INV_INFLW_RN(1.0),N_A,M,N_A,EQT_GOVT_SIA_FIPB,2021,2020,0,2020-07-31,USD,10050466
RBI:FR_INV_INFLW_RN(1.0),N_A,M,N_A,EQT_RBI,2021,2020,0,2020-07-31,USD,1538711438
RBI:FR_INV_INFLW_RN(1.0),N_A,M,N_A,INV_CAT_NET_FR_DIR_INV,2021,2020,0,2020-07-31,USD,3583526271
RBI:FR_INV_INFLW_RN(1.0),N_A,M,N_A,INV_CAT_NET_PORTF_INV,2021,2020,0,2020-07-31,USD,472462769
RBI:FR_INV_INFLW_RN(1.0),N_A,M,N_A,INV_CAT_NFDI_DII_GROSS_INF_INV,2021,2020,0,2020-07-31,USD,5077804711
RBI:FR_INV_INFLW_RN(1.0),N_A,M,N_A,INV_CAT_NFDI_DI_IND,2021,2020,0,2020-07-31,USD,4261173221
RBI:FR_INV_INFLW_RN(1.0),N_A,M,N_A,INV_CAT_NFDI_FDII,2021,2020,0,2020-07-31,USD,677646950
RBI:FR_INV_INFLW_RN(1.0),N_A,M,N_A,INV_CAT_NPI_FII,2021,2020,0,2020-07-31,USD,718468030
RBI:FR_INV_INFLW_RN(1.0),N_A,M,N_A,INV_CAT_NPI_GDR_ADR,2021,2020,0,2020-07-31,USD,0.0
RBI:FR_INV_INFLW_RN(1.0),N_A,M,N_A,INV_CAT_NPI_OFF_FND_OTH,2021,2020,0,2020-07-31,USD,0.0
RBI:FR_INV_INFLW_RN(1.0),N_A,M,N_A,INV_CAT_NPI_PORTF_INV_IND,2021,2020,0,2020-07-31,USD,246005261
RBI:FR_INV_INFLW_RN(1.0),N_A,M,N_A,INV_EQT,2021,2020,0,2020-07-31,USD,3166707348
RBI:FR_INV_INFLW_RN(1.0),N_A,M,N_A,INV_FDI_EQT,2021,2020,0,2020-07-31,USD,419390000
RBI:FR_INV_INFLW_RN(1.0),N_A,M,N_A,INV_FDI_OTH_CAP,2021,2020,0,2020-07-31,USD,331840000
RBI:FR_INV_INFLW_RN(1.0),N_A,M,N_A,INV_FDI_RE_INV_EAR,2021,2020,0,2020-07-31,USD,251087500
RBI:FR_INV_INFLW_RN(1.0),N_A,M,N_A,INV_FDI_RPTN_DINVT,2021,2020,0,2020-07-31,USD,324670550
RBI:FR_INV_INFLW_RN(1.0),N_A,M,N_A,INV_FII,2021,2020,0,2020-07-31,USD,4055989040
RBI:FR_INV_INFLW_RN(1.0),N_A,M,N_A,INV_OTH_CAP,2021,2020,0,2020-07-31,USD,538893333
RBI:FR_INV_INFLW_RN(1.0),N_A,M,N_A,INV_REP_EQT,2021,2020,0,2020-07-31,USD,814899273
RBI:FR_INV_INFLW_RN(1.0),N_A,M,N_A,INV_REP_OTH_CAP,2021,2020,0,2020-07-31,USD,1732216.0
RBI:FR_INV_INFLW_RN(1.0),N_A,M,N_A,INV_RE_INV_EAR,2021,2020,0,2020-07-31,USD,1372204030
RBI:FR_INV_INFLW_RN(1.0),N_A,M,N_A,INV_RPTN_DINVT,2021,2020,0,2020-07-31,USD,816631489
RBI:FR_INV_INFLW_RN(1.0),N_A,M,N_A,EQT_ACQ_SHAR,2021,2020,0,2020-08-31,USD,108926470
RBI:FR_INV_INFLW_RN(1.0),N_A,M,N_A,EQT_CAP_UNINC_BOD,2021,2020,0,2020-08-31,USD,117651523
RBI:FR_INV_INFLW_RN(1.0),N_A,M,N_A,EQT_GOVT_SIA_FIPB,2021,2020,0,2020-08-31,USD,63818496
RBI:FR_INV_INFLW_RN(1.0),N_A,M,N_A,EQT_RBI,2021,2020,0,2020-08-31,USD,17313922698
RBI:FR_INV_INFLW_RN(1.0),N_A,M,N_A,INV_CAT_NET_FR_DIR_INV,2021,2020,0,2020-08-31,USD,18247368111
RBI:FR_INV_INFLW_RN(1.0),N_A,M,N_A,INV_CAT_NET_PORTF_INV,2021,2020,0,2020-08-31,USD,5347237592
RBI:FR_INV_INFLW_RN(1.0),N_A,M,N_A,INV_CAT_NFDI_DII_GROSS_INF_INV,2021,2020,0,2020-08-31,USD,19515416550
RBI:FR_INV_INFLW_RN(1.0),N_A,M,N_A,INV_CAT_NFDI_DI_IND,2021,2020,0,2020-08-31,USD,18698785061
RBI:FR_INV_INFLW_RN(1.0),N_A,M,N_A,INV_CAT_NFDI_FDII,2021,2020,0,2020-08-31,USD,451416950
RBI:FR_INV_INFLW_RN(1.0),N_A,M,N_A,INV_CAT_NPI_FII,2021,2020,0,2020-08-31,USD,5593242853
RBI:FR_INV_INFLW_RN(1.0),N_A,M,N_A,INV_CAT_NPI_GDR_ADR,2021,2020,0,2020-08-31,USD,0.0
RBI:FR_INV_INFLW_RN(1.0),N_A,M,N_A,INV_CAT_NPI_OFF_FND_OTH,2021,2020,0,2020-08-31,USD,0.0
RBI:FR_INV_INFLW_RN(1.0),N_A,M,N_A,INV_CAT_NPI_PORTF_INV_IND,2021,2020,0,2020-08-31,USD,246005261
RBI:FR_INV_INFLW_RN(1.0),N_A,M,N_A,INV_EQT,2021,2020,0,2020-08-31,USD,17604319187
RBI:FR_INV_INFLW_RN(1.0),N_A,M,N_A,INV_FDI_EQT,2021,2020,0,2020-08-31,USD,328720000
RBI:FR_INV_INFLW_RN(1.0),N_A,M,N_A,INV_FDI_OTH_CAP,2021,2020,0,2020-08-31,USD,196280000
RBI:FR_INV_INFLW_RN(1.0),N_A,M,N_A,INV_FDI_RE_INV_EAR,2021,2020,0,2020-08-31,USD,251087500
RBI:FR_INV_INFLW_RN(1.0),N_A,M,N_A,INV_FDI_RPTN_DINVT,2021,2020,0,2020-08-31,USD,324670550
RBI:FR_INV_INFLW_RN(1.0),N_A,M,N_A,INV_FII,2021,2020,0,2020-08-31,USD,23594605703
RBI:FR_INV_INFLW_RN(1.0),N_A,M,N_A,INV_OTH_CAP,2021,2020,0,2020-08-31,USD,538893333
RBI:FR_INV_INFLW_RN(1.0),N_A,M,N_A,INV_REP_EQT,2021,2020,0,2020-08-31,USD,814899273
RBI:FR_INV_INFLW_RN(1.0),N_A,M,N_A,INV_REP_OTH_CAP,2021,2020,0,2020-08-31,USD,1732216.0
RBI:FR_INV_INFLW_RN(1.0),N_A,M,N_A,INV_RE_INV_EAR,2021,2020,0,2020-08-31,USD,1372204030
RBI:FR_INV_INFLW_RN(1.0),N_A,M,N_A,INV_RPTN_DINVT,2021,2020,0,2020-08-31,USD,816631489
RBI:FR_INV_INFLW_RN(1.0),N_A,M,N_A,EQT_ACQ_SHAR,2021,2020,0,2020-09-30,USD,530968843
RBI:FR_INV_INFLW_RN(1.0),N_A,M,N_A,EQT_CAP_UNINC_BOD,2021,2020,0,2020-09-30,USD,117651523
RBI:FR_INV_INFLW_RN(1.0),N_A,M,N_A,EQT_GOVT_SIA_FIPB,2021,2020,0,2020-09-30,USD,1676452.0
RBI:FR_INV_INFLW_RN(1.0),N_A,M,N_A,EQT_RBI,2021,2020,0,2020-09-30,USD,2372879574
RBI:FR_INV_INFLW_RN(1.0),N_A,M,N_A,INV_CAT_NET_FR_DIR_INV,2021,2020,0,2020-09-30,USD,2593575316
RBI:FR_INV_INFLW_RN(1.0),N_A,M,N_A,INV_CAT_NET_PORTF_INV,2021,2020,0,2020-09-30,USD,1177954483
RBI:FR_INV_INFLW_RN(1.0),N_A,M,N_A,INV_CAT_NFDI_DII_GROSS_INF_INV,2021,2020,0,2020-09-30,USD,4934273755
RBI:FR_INV_INFLW_RN(1.0),N_A,M,N_A,INV_CAT_NFDI_DI_IND,2021,2020,0,2020-09-30,USD,4117642265.0000005
RBI:FR_INV_INFLW_RN(1.0),N_A,M,N_A,INV_CAT_NFDI_FDII,2021,2020,0,2020-09-30,USD,1524066950
RBI:FR_INV_INFLW_RN(1.0),N_A,M,N_A,INV_CAT_NPI_FII,2021,2020,0,2020-09-30,USD,1423959745
RBI:FR_INV_INFLW_RN(1.0),N_A,M,N_A,INV_CAT_NPI_GDR_ADR,2021,2020,0,2020-09-30,USD,0.0
RBI:FR_INV_INFLW_RN(1.0),N_A,M,N_A,INV_CAT_NPI_OFF_FND_OTH,2021,2020,0,2020-09-30,USD,0.0
RBI:FR_INV_INFLW_RN(1.0),N_A,M,N_A,INV_CAT_NPI_PORTF_INV_IND,2021,2020,0,2020-09-30,USD,246005261
RBI:FR_INV_INFLW_RN(1.0),N_A,M,N_A,INV_EQT,2021,2020,0,2020-09-30,USD,3023176392
RBI:FR_INV_INFLW_RN(1.0),N_A,M,N_A,INV_FDI_EQT,2021,2020,0,2020-09-30,USD,453800000
RBI:FR_INV_INFLW_RN(1.0),N_A,M,N_A,INV_FDI_OTH_CAP,2021,2020,0,2020-09-30,USD,1143850000
RBI:FR_INV_INFLW_RN(1.0),N_A,M,N_A,INV_FDI_RE_INV_EAR,2021,2020,0,2020-09-30,USD,251087500
RBI:FR_INV_INFLW_RN(1.0),N_A,M,N_A,INV_FDI_RPTN_DINVT,2021,2020,0,2020-09-30,USD,324670550
RBI:FR_INV_INFLW_RN(1.0),N_A,M,N_A,INV_FII,2021,2020,0,2020-09-30,USD,3771529799
RBI:FR_INV_INFLW_RN(1.0),N_A,M,N_A,INV_OTH_CAP,2021,2020,0,2020-09-30,USD,538893333
RBI:FR_INV_INFLW_RN(1.0),N_A,M,N_A,INV_REP_EQT,2021,2020,0,2020-09-30,USD,814899273
RBI:FR_INV_INFLW_RN(1.0),N_A,M,N_A,INV_REP_OTH_CAP,2021,2020,0,2020-09-30,USD,1732216.0
RBI:FR_INV_INFLW_RN(1.0),N_A,M,N_A,INV_RE_INV_EAR,2021,2020,0,2020-09-30,USD,1372204030
RBI:FR_INV_INFLW_RN(1.0),N_A,M,N_A,INV_RPTN_DINVT,2021,2020,0,2020-09-30,USD,816631489
RBI:FR_INV_INFLW_RN(1.0),N_A,M,N_A,EQT_ACQ_SHAR,2021,2020,0,2020-10-31,USD,928571730
RBI:FR_INV_INFLW_RN(1.0),N_A,M,N_A,EQT_CAP_UNINC_BOD,2021,2020,0,2020-10-31,USD,125516581
RBI:FR_INV_INFLW_RN(1.0),N_A,M,N_A,EQT_GOVT_SIA_FIPB,2021,2020,0,2020-10-31,USD,44987608
RBI:FR_INV_INFLW_RN(1.0),N_A,M,N_A,EQT_RBI,2021,2020,0,2020-10-31,USD,4357329179
RBI:FR_INV_INFLW_RN(1.0),N_A,M,N_A,INV_CAT_NET_FR_DIR_INV,2021,2020,0,2020-10-31,USD,3971036962
RBI:FR_INV_INFLW_RN(1.0),N_A,M,N_A,INV_CAT_NET_PORTF_INV,2021,2020,0,2020-10-31,USD,1736890127
RBI:FR_INV_INFLW_RN(1.0),N_A,M,N_A,INV_CAT_NFDI_DII_GROSS_INF_INV,2021,2020,0,2020-10-31,USD,7150758268
RBI:FR_INV_INFLW_RN(1.0),N_A,M,N_A,INV_CAT_NFDI_DI_IND,2021,2020,0,2020-10-31,USD,4839944892
RBI:FR_INV_INFLW_RN(1.0),N_A,M,N_A,INV_CAT_NFDI_FDII,2021,2020,0,2020-10-31,USD,868907930
RBI:FR_INV_INFLW_RN(1.0),N_A,M,N_A,INV_CAT_NPI_FII,2021,2020,0,2020-10-31,USD,1898671936
RBI:FR_INV_INFLW_RN(1.0),N_A,M,N_A,INV_CAT_NPI_GDR_ADR,2021,2020,0,2020-10-31,USD,0.0
RBI:FR_INV_INFLW_RN(1.0),N_A,M,N_A,INV_CAT_NPI_OFF_FND_OTH,2021,2020,0,2020-10-31,USD,0.0
RBI:FR_INV_INFLW_RN(1.0),N_A,M,N_A,INV_CAT_NPI_PORTF_INV_IND,2021,2020,0,2020-10-31,USD,161781809
RBI:FR_INV_INFLW_RN(1.0),N_A,M,N_A,INV_EQT,2021,2020,0,2020-10-31,USD,5456405099
RBI:FR_INV_INFLW_RN(1.0),N_A,M,N_A,INV_FDI_EQT,2021,2020,0,2020-10-31,USD,617650000
RBI:FR_INV_INFLW_RN(1.0),N_A,M,N_A,INV_FDI_OTH_CAP,2021,2020,0,2020-10-31,USD,493590000
RBI:FR_INV_INFLW_RN(1.0),N_A,M,N_A,INV_FDI_RE_INV_EAR,2021,2020,0,2020-10-31,USD,251087500
RBI:FR_INV_INFLW_RN(1.0),N_A,M,N_A,INV_FDI_RPTN_DINVT,2021,2020,0,2020-10-31,USD,493419570
RBI:FR_INV_INFLW_RN(1.0),N_A,M,N_A,INV_FII,2021,2020,0,2020-10-31,USD,5707927088
RBI:FR_INV_INFLW_RN(1.0),N_A,M,N_A,INV_OTH_CAP,2021,2020,0,2020-10-31,USD,230416667
RBI:FR_INV_INFLW_RN(1.0),N_A,M,N_A,INV_REP_EQT,2021,2020,0,2020-10-31,USD,2306463128
RBI:FR_INV_INFLW_RN(1.0),N_A,M,N_A,INV_REP_OTH_CAP,2021,2020,0,2020-10-31,USD,4350248.0
RBI:FR_INV_INFLW_RN(1.0),N_A,M,N_A,INV_RE_INV_EAR,2021,2020,0,2020-10-31,USD,1463936502
RBI:FR_INV_INFLW_RN(1.0),N_A,M,N_A,INV_RPTN_DINVT,2021,2020,0,2020-10-31,USD,2310813376
RBI:FR_INV_INFLW_RN(1.0),N_A,M,N_A,EQT_ACQ_SHAR,2021,2020,0,2020-11-30,USD,1112025503
RBI:FR_INV_INFLW_RN(1.0),N_A,M,N_A,EQT_CAP_UNINC_BOD,2021,2020,0,2020-11-30,USD,125516581
RBI:FR_INV_INFLW_RN(1.0),N_A,M,N_A,EQT_GOVT_SIA_FIPB,2021,2020,0,2020-11-30,USD,47905890
RBI:FR_INV_INFLW_RN(1.0),N_A,M,N_A,EQT_RBI,2021,2020,0,2020-11-30,USD,7354835930
RBI:FR_INV_INFLW_RN(1.0),N_A,M,N_A,INV_CAT_NET_FR_DIR_INV,2021,2020,0,2020-11-30,USD,7169635766
RBI:FR_INV_INFLW_RN(1.0),N_A,M,N_A,INV_CAT_NET_PORTF_INV,2021,2020,0,2020-11-30,USD,10929147993
RBI:FR_INV_INFLW_RN(1.0),N_A,M,N_A,INV_CAT_NFDI_DII_GROSS_INF_INV,2021,2020,0,2020-11-30,USD,10334637072
RBI:FR_INV_INFLW_RN(1.0),N_A,M,N_A,INV_CAT_NFDI_DI_IND,2021,2020,0,2020-11-30,USD,8023823696
RBI:FR_INV_INFLW_RN(1.0),N_A,M,N_A,INV_CAT_NFDI_FDII,2021,2020,0,2020-11-30,USD,854187930
RBI:FR_INV_INFLW_RN(1.0),N_A,M,N_A,INV_CAT_NPI_FII,2021,2020,0,2020-11-30,USD,11090929802
RBI:FR_INV_INFLW_RN(1.0),N_A,M,N_A,INV_CAT_NPI_GDR_ADR,2021,2020,0,2020-11-30,USD,0.0
RBI:FR_INV_INFLW_RN(1.0),N_A,M,N_A,INV_CAT_NPI_OFF_FND_OTH,2021,2020,0,2020-11-30,USD,0.0
RBI:FR_INV_INFLW_RN(1.0),N_A,M,N_A,INV_CAT_NPI_PORTF_INV_IND,2021,2020,0,2020-11-30,USD,161781809
RBI:FR_INV_INFLW_RN(1.0),N_A,M,N_A,INV_EQT,2021,2020,0,2020-11-30,USD,8640283903
RBI:FR_INV_INFLW_RN(1.0),N_A,M,N_A,INV_FDI_EQT,2021,2020,0,2020-11-30,USD,689280000
RBI:FR_INV_INFLW_RN(1.0),N_A,M,N_A,INV_FDI_OTH_CAP,2021,2020,0,2020-11-30,USD,407240000
RBI:FR_INV_INFLW_RN(1.0),N_A,M,N_A,INV_FDI_RE_INV_EAR,2021,2020,0,2020-11-30,USD,251087500
RBI:FR_INV_INFLW_RN(1.0),N_A,M,N_A,INV_FDI_RPTN_DINVT,2021,2020,0,2020-11-30,USD,493419570
RBI:FR_INV_INFLW_RN(1.0),N_A,M,N_A,INV_FII,2021,2020,0,2020-11-30,USD,18098783759
RBI:FR_INV_INFLW_RN(1.0),N_A,M,N_A,INV_OTH_CAP,2021,2020,0,2020-11-30,USD,230416667
RBI:FR_INV_INFLW_RN(1.0),N_A,M,N_A,INV_REP_EQT,2021,2020,0,2020-11-30,USD,2306463128
RBI:FR_INV_INFLW_RN(1.0),N_A,M,N_A,INV_REP_OTH_CAP,2021,2020,0,2020-11-30,USD,4350248.0
RBI:FR_INV_INFLW_RN(1.0),N_A,M,N_A,INV_RE_INV_EAR,2021,2020,0,2020-11-30,USD,1463936502
RBI:FR_INV_INFLW_RN(1.0),N_A,M,N_A,INV_RPTN_DINVT,2021,2020,0,2020-11-30,USD,2310813376
RBI:FR_INV_INFLW_RN(1.0),N_A,M,N_A,EQT_ACQ_SHAR,2021,2020,0,2020-12-31,USD,526704300
RBI:FR_INV_INFLW_RN(1.0),N_A,M,N_A,EQT_CAP_UNINC_BOD,2021,2020,0,2020-12-31,USD,125516581
RBI:FR_INV_INFLW_RN(1.0),N_A,M,N_A,EQT_GOVT_SIA_FIPB,2021,2020,0,2020-12-31,USD,55096648
RBI:FR_INV_INFLW_RN(1.0),N_A,M,N_A,EQT_RBI,2021,2020,0,2020-12-31,USD,7039244231
RBI:FR_INV_INFLW_RN(1.0),N_A,M,N_A,INV_CAT_NET_FR_DIR_INV,2021,2020,0,2020-12-31,USD,6239353624
RBI:FR_INV_INFLW_RN(1.0),N_A,M,N_A,INV_CAT_NET_PORTF_INV,2021,2020,0,2020-12-31,USD,8551176324
RBI:FR_INV_INFLW_RN(1.0),N_A,M,N_A,INV_CAT_NFDI_DII_GROSS_INF_INV,2021,2020,0,2020-12-31,USD,9440914930
RBI:FR_INV_INFLW_RN(1.0),N_A,M,N_A,INV_CAT_NFDI_DI_IND,2021,2020,0,2020-12-31,USD,7130101554
RBI:FR_INV_INFLW_RN(1.0),N_A,M,N_A,INV_CAT_NFDI_FDII,2021,2020,0,2020-12-31,USD,890747930
RBI:FR_INV_INFLW_RN(1.0),N_A,M,N_A,INV_CAT_NPI_FII,2021,2020,0,2020-12-31,USD,8712958133
RBI:FR_INV_INFLW_RN(1.0),N_A,M,N_A,INV_CAT_NPI_GDR_ADR,2021,2020,0,2020-12-31,USD,0.0
RBI:FR_INV_INFLW_RN(1.0),N_A,M,N_A,INV_CAT_NPI_OFF_FND_OTH,2021,2020,0,2020-12-31,USD,0.0
RBI:FR_INV_INFLW_RN(1.0),N_A,M,N_A,INV_CAT_NPI_PORTF_INV_IND,2021,2020,0,2020-12-31,USD,161781809
RBI:FR_INV_INFLW_RN(1.0),N_A,M,N_A,INV_EQT,2021,2020,0,2020-12-31,USD,7746561761
RBI:FR_INV_INFLW_RN(1.0),N_A,M,N_A,INV_FDI_EQT,2021,2020,0,2020-12-31,USD,642260000
RBI:FR_INV_INFLW_RN(1.0),N_A,M,N_A,INV_FDI_OTH_CAP,2021,2020,0,2020-12-31,USD,490820000
RBI:FR_INV_INFLW_RN(1.0),N_A,M,N_A,INV_FDI_RE_INV_EAR,2021,2020,0,2020-12-31,USD,251087500
RBI:FR_INV_INFLW_RN(1.0),N_A,M,N_A,INV_FDI_RPTN_DINVT,2021,2020,0,2020-12-31,USD,493419570
RBI:FR_INV_INFLW_RN(1.0),N_A,M,N_A,INV_FII,2021,2020,0,2020-12-31,USD,14790529948
RBI:FR_INV_INFLW_RN(1.0),N_A,M,N_A,INV_OTH_CAP,2021,2020,0,2020-12-31,USD,230416667
RBI:FR_INV_INFLW_RN(1.0),N_A,M,N_A,INV_REP_EQT,2021,2020,0,2020-12-31,USD,2306463128
RBI:FR_INV_INFLW_RN(1.0),N_A,M,N_A,INV_REP_OTH_CAP,2021,2020,0,2020-12-31,USD,4350248.0
RBI:FR_INV_INFLW_RN(1.0),N_A,M,N_A,INV_RE_INV_EAR,2021,2020,0,2020-12-31,USD,1463936502
RBI:FR_INV_INFLW_RN(1.0),N_A,M,N_A,INV_RPTN_DINVT,2021,2020,0,2020-12-31,USD,2310813376
RBI:FR_INV_INFLW_RN(1.0),N_A,M,N_A,EQT_ACQ_SHAR,2021,2020,0,2021-01-31,USD,332228738
RBI:FR_INV_INFLW_RN(1.0),N_A,M,N_A,EQT_CAP_UNINC_BOD,2021,2020,0,2021-01-31,USD,129140846.00000001
RBI:FR_INV_INFLW_RN(1.0),N_A,M,N_A,EQT_GOVT_SIA_FIPB,2021,2020,0,2021-01-31,USD,585220694
RBI:FR_INV_INFLW_RN(1.0),N_A,M,N_A,EQT_RBI,2021,2020,0,2021-01-31,USD,1789400395
RBI:FR_INV_INFLW_RN(1.0),N_A,M,N_A,INV_CAT_NET_FR_DIR_INV,2021,2020,0,2021-01-31,USD,1481645688
RBI:FR_INV_INFLW_RN(1.0),N_A,M,N_A,INV_CAT_NET_PORTF_INV,2021,2020,0,2021-01-31,USD,6218483483
RBI:FR_INV_INFLW_RN(1.0),N_A,M,N_A,INV_CAT_NFDI_DII_GROSS_INF_INV,2021,2020,0,2021-01-31,USD,4544654697
RBI:FR_INV_INFLW_RN(1.0),N_A,M,N_A,INV_CAT_NFDI_DI_IND,2021,2020,0,2021-01-31,USD,1901824529
RBI:FR_INV_INFLW_RN(1.0),N_A,M,N_A,INV_CAT_NFDI_FDII,2021,2020,0,2021-01-31,USD,420178841
RBI:FR_INV_INFLW_RN(1.0),N_A,M,N_A,INV_CAT_NPI_FII,2021,2020,0,2021-01-31,USD,6521583608
RBI:FR_INV_INFLW_RN(1.0),N_A,M,N_A,INV_CAT_NPI_GDR_ADR,2021,2020,0,2021-01-31,USD,0.0
RBI:FR_INV_INFLW_RN(1.0),N_A,M,N_A,INV_CAT_NPI_OFF_FND_OTH,2021,2020,0,2021-01-31,USD,0.0
RBI:FR_INV_INFLW_RN(1.0),N_A,M,N_A,INV_CAT_NPI_PORTF_INV_IND,2021,2020,0,2021-01-31,USD,303100125
RBI:FR_INV_INFLW_RN(1.0),N_A,M,N_A,INV_EQT,2021,2020,0,2021-01-31,USD,2835990673
RBI:FR_INV_INFLW_RN(1.0),N_A,M,N_A,INV_FDI_EQT,2021,2020,0,2021-01-31,USD,268480000
RBI:FR_INV_INFLW_RN(1.0),N_A,M,N_A,INV_FDI_OTH_CAP,2021,2020,0,2021-01-31,USD,471980000
RBI:FR_INV_INFLW_RN(1.0),N_A,M,N_A,INV_FDI_RE_INV_EAR,2021,2020,0,2021-01-31,USD,251087500
RBI:FR_INV_INFLW_RN(1.0),N_A,M,N_A,INV_FDI_RPTN_DINVT,2021,2020,0,2021-01-31,USD,571368659
RBI:FR_INV_INFLW_RN(1.0),N_A,M,N_A,INV_FII,2021,2020,0,2021-01-31,USD,7700129171
RBI:FR_INV_INFLW_RN(1.0),N_A,M,N_A,INV_OTH_CAP,2021,2020,0,2021-01-31,USD,202456667
RBI:FR_INV_INFLW_RN(1.0),N_A,M,N_A,INV_REP_EQT,2021,2020,0,2021-01-31,USD,2631355474
RBI:FR_INV_INFLW_RN(1.0),N_A,M,N_A,INV_REP_OTH_CAP,2021,2020,0,2021-01-31,USD,11474694
RBI:FR_INV_INFLW_RN(1.0),N_A,M,N_A,INV_RE_INV_EAR,2021,2020,0,2021-01-31,USD,1506207358
RBI:FR_INV_INFLW_RN(1.0),N_A,M,N_A,INV_RPTN_DINVT,2021,2020,0,2021-01-31,USD,2642830168
RBI:FR_INV_INFLW_RN(1.0),N_A,M,N_A,EQT_ACQ_SHAR,2021,2020,0,2021-02-28,USD,633186177
RBI:FR_INV_INFLW_RN(1.0),N_A,M,N_A,EQT_CAP_UNINC_BOD,2021,2020,0,2021-02-28,USD,129140846.00000001
RBI:FR_INV_INFLW_RN(1.0),N_A,M,N_A,EQT_GOVT_SIA_FIPB,2021,2020,0,2021-02-28,USD,36301016
RBI:FR_INV_INFLW_RN(1.0),N_A,M,N_A,EQT_RBI,2021,2020,0,2021-02-28,USD,1917440652
RBI:FR_INV_INFLW_RN(1.0),N_A,M,N_A,INV_CAT_NET_FR_DIR_INV,2021,2020,0,2021-02-28,USD,441623706
RBI:FR_INV_INFLW_RN(1.0),N_A,M,N_A,INV_CAT_NET_PORTF_INV,2021,2020,0,2021-02-28,USD,1853397944
RBI:FR_INV_INFLW_RN(1.0),N_A,M,N_A,INV_CAT_NFDI_DII_GROSS_INF_INV,2021,2020,0,2021-02-28,USD,4424732715
RBI:FR_INV_INFLW_RN(1.0),N_A,M,N_A,INV_CAT_NFDI_DI_IND,2021,2020,0,2021-02-28,USD,1781902547
RBI:FR_INV_INFLW_RN(1.0),N_A,M,N_A,INV_CAT_NFDI_FDII,2021,2020,0,2021-02-28,USD,1340278841
RBI:FR_INV_INFLW_RN(1.0),N_A,M,N_A,INV_CAT_NPI_FII,2021,2020,0,2021-02-28,USD,2156498068
RBI:FR_INV_INFLW_RN(1.0),N_A,M,N_A,INV_CAT_NPI_GDR_ADR,2021,2020,0,2021-02-28,USD,0.0
RBI:FR_INV_INFLW_RN(1.0),N_A,M,N_A,INV_CAT_NPI_OFF_FND_OTH,2021,2020,0,2021-02-28,USD,0.0
RBI:FR_INV_INFLW_RN(1.0),N_A,M,N_A,INV_CAT_NPI_PORTF_INV_IND,2021,2020,0,2021-02-28,USD,303100125
RBI:FR_INV_INFLW_RN(1.0),N_A,M,N_A,INV_EQT,2021,2020,0,2021-02-28,USD,2716068691
RBI:FR_INV_INFLW_RN(1.0),N_A,M,N_A,INV_FDI_EQT,2021,2020,0,2021-02-28,USD,358510000
RBI:FR_INV_INFLW_RN(1.0),N_A,M,N_A,INV_FDI_OTH_CAP,2021,2020,0,2021-02-28,USD,1302050000
RBI:FR_INV_INFLW_RN(1.0),N_A,M,N_A,INV_FDI_RE_INV_EAR,2021,2020,0,2021-02-28,USD,251087500
RBI:FR_INV_INFLW_RN(1.0),N_A,M,N_A,INV_FDI_RPTN_DINVT,2021,2020,0,2021-02-28,USD,571368659
RBI:FR_INV_INFLW_RN(1.0),N_A,M,N_A,INV_FII,2021,2020,0,2021-02-28,USD,2295021650
RBI:FR_INV_INFLW_RN(1.0),N_A,M,N_A,INV_OTH_CAP,2021,2020,0,2021-02-28,USD,202456667
RBI:FR_INV_INFLW_RN(1.0),N_A,M,N_A,INV_REP_EQT,2021,2020,0,2021-02-28,USD,2631355474
RBI:FR_INV_INFLW_RN(1.0),N_A,M,N_A,INV_REP_OTH_CAP,2021,2020,0,2021-02-28,USD,11474694
RBI:FR_INV_INFLW_RN(1.0),N_A,M,N_A,INV_RE_INV_EAR,2021,2020,0,2021-02-28,USD,1506207358
RBI:FR_INV_INFLW_RN(1.0),N_A,M,N_A,INV_RPTN_DINVT,2021,2020,0,2021-02-28,USD,2642830168
RBI:FR_INV_INFLW_RN(1.0),N_A,M,N_A,EQT_ACQ_SHAR,2021,2020,0,2021-03-31,USD,613341307
RBI:FR_INV_INFLW_RN(1.0),N_A,M,N_A,EQT_CAP_UNINC_BOD,2021,2020,0,2021-03-31,USD,129140846.00000001
RBI:FR_INV_INFLW_RN(1.0),N_A,M,N_A,EQT_GOVT_SIA_FIPB,2021,2020,0,2021-03-31,USD,6473499.0
RBI:FR_INV_INFLW_RN(1.0),N_A,M,N_A,EQT_RBI,2021,2020,0,2021-03-31,USD,2251728217
RBI:FR_INV_INFLW_RN(1.0),N_A,M,N_A,INV_CAT_NET_FR_DIR_INV,2021,2020,0,2021-03-31,USD,755268884
RBI:FR_INV_INFLW_RN(1.0),N_A,M,N_A,INV_CAT_NET_PORTF_INV,2021,2020,0,2021-03-31,USD,-791602172
RBI:FR_INV_INFLW_RN(1.0),N_A,M,N_A,INV_CAT_NFDI_DII_GROSS_INF_INV,2021,2020,0,2021-03-31,USD,4709347893
RBI:FR_INV_INFLW_RN(1.0),N_A,M,N_A,INV_CAT_NFDI_DI_IND,2021,2020,0,2021-03-31,USD,2066517725.0000002
RBI:FR_INV_INFLW_RN(1.0),N_A,M,N_A,INV_CAT_NFDI_FDII,2021,2020,0,2021-03-31,USD,1311248841
RBI:FR_INV_INFLW_RN(1.0),N_A,M,N_A,INV_CAT_NPI_FII,2021,2020,0,2021-03-31,USD,-488502047
RBI:FR_INV_INFLW_RN(1.0),N_A,M,N_A,INV_CAT_NPI_GDR_ADR,2021,2020,0,2021-03-31,USD,0.0
RBI:FR_INV_INFLW_RN(1.0),N_A,M,N_A,INV_CAT_NPI_OFF_FND_OTH,2021,2020,0,2021-03-31,USD,0.0
RBI:FR_INV_INFLW_RN(1.0),N_A,M,N_A,INV_CAT_NPI_PORTF_INV_IND,2021,2020,0,2021-03-31,USD,303100125
RBI:FR_INV_INFLW_RN(1.0),N_A,M,N_A,INV_EQT,2021,2020,0,2021-03-31,USD,3000683869
RBI:FR_INV_INFLW_RN(1.0),N_A,M,N_A,INV_FDI_EQT,2021,2020,0,2021-03-31,USD,570220000
RBI:FR_INV_INFLW_RN(1.0),N_A,M,N_A,INV_FDI_OTH_CAP,2021,2020,0,2021-03-31,USD,1061310000
RBI:FR_INV_INFLW_RN(1.0),N_A,M,N_A,INV_FDI_RE_INV_EAR,2021,2020,0,2021-03-31,USD,251087500
RBI:FR_INV_INFLW_RN(1.0),N_A,M,N_A,INV_FDI_RPTN_DINVT,2021,2020,0,2021-03-31,USD,571368659
RBI:FR_INV_INFLW_RN(1.0),N_A,M,N_A,INV_FII,2021,2020,0,2021-03-31,USD,-36333288
RBI:FR_INV_INFLW_RN(1.0),N_A,M,N_A,INV_OTH_CAP,2021,2020,0,2021-03-31,USD,202456667
RBI:FR_INV_INFLW_RN(1.0),N_A,M,N_A,INV_REP_EQT,2021,2020,0,2021-03-31,USD,2631355474
RBI:FR_INV_INFLW_RN(1.0),N_A,M,N_A,INV_REP_OTH_CAP,2021,2020,0,2021-03-31,USD,11474694
RBI:FR_INV_INFLW_RN(1.0),N_A,M,N_A,INV_RE_INV_EAR,2021,2020,0,2021-03-31,USD,1506207358
RBI:FR_INV_INFLW_RN(1.0),N_A,M,N_A,INV_RPTN_DINVT,2021,2020,0,2021-03-31,USD,2642830168
RBI:FR_INV_INFLW_RN(1.0),N_A,M,N_A,EQT_ACQ_SHAR,2022,2021,0,2021-04-30,USD,233139705.1
RBI:FR_INV_INFLW_RN(1.0),N_A,M,N_A,EQT_CAP_UNINC_BOD,2022,2021,0,2021-04-30,USD,68669416.56
RBI:FR_INV_INFLW_RN(1.0),N_A,M,N_A,EQT_GOVT_SIA_FIPB,2022,2021,0,2021-04-30,USD,2743541.815
RBI:FR_INV_INFLW_RN(1.0),N_A,M,N_A,EQT_RBI,2022,2021,0,2021-04-30,USD,4203895727
RBI:FR_INV_INFLW_RN(1.0),N_A,M,N_A,INV_CAT_NET_FR_DIR_INV,2022,2021,0,2021-04-30,USD,2398373718
RBI:FR_INV_INFLW_RN(1.0),N_A,M,N_A,INV_CAT_NET_PORTF_INV,2022,2021,0,2021-04-30,USD,-1816090925
RBI:FR_INV_INFLW_RN(1.0),N_A,M,N_A,INV_CAT_NFDI_DII_GROSS_INF_INV,2022,2021,0,2021-04-30,USD,6299952467
RBI:FR_INV_INFLW_RN(1.0),N_A,M,N_A,INV_CAT_NFDI_DI_IND,2022,2021,0,2021-04-30,USD,4330009200
RBI:FR_INV_INFLW_RN(1.0),N_A,M,N_A,INV_CAT_NFDI_FDII,2022,2021,0,2021-04-30,USD,1931635483
RBI:FR_INV_INFLW_RN(1.0),N_A,M,N_A,INV_CAT_NPI_FII,2022,2021,0,2021-04-30,USD,-1824073818
RBI:FR_INV_INFLW_RN(1.0),N_A,M,N_A,INV_CAT_NPI_GDR_ADR,2022,2021,0,2021-04-30,USD,0.0
RBI:FR_INV_INFLW_RN(1.0),N_A,M,N_A,INV_CAT_NPI_OFF_FND_OTH,2022,2021,0,2021-04-30,USD,0.0
RBI:FR_INV_INFLW_RN(1.0),N_A,M,N_A,INV_CAT_NPI_PORTF_INV_IND,2022,2021,0,2021-04-30,USD,-7982893.146
RBI:FR_INV_INFLW_RN(1.0),N_A,M,N_A,INV_EQT,2022,2021,0,2021-04-30,USD,4508448390
RBI:FR_INV_INFLW_RN(1.0),N_A,M,N_A,INV_FDI_EQT,2022,2021,0,2021-04-30,USD,677285833.3
RBI:FR_INV_INFLW_RN(1.0),N_A,M,N_A,INV_FDI_OTH_CAP,2022,2021,0,2021-04-30,USD,1153490000
RBI:FR_INV_INFLW_RN(1.0),N_A,M,N_A,INV_FDI_RE_INV_EAR,2022,2021,0,2021-04-30,USD,281566666.7
RBI:FR_INV_INFLW_RN(1.0),N_A,M,N_A,INV_FDI_RPTN_DINVT,2022,2021,0,2021-04-30,USD,180707017.4
RBI:FR_INV_INFLW_RN(1.0),N_A,M,N_A,INV_FII,2022,2021,0,2021-04-30,USD,582282792.8
RBI:FR_INV_INFLW_RN(1.0),N_A,M,N_A,INV_OTH_CAP,2022,2021,0,2021-04-30,USD,332296666.7
RBI:FR_INV_INFLW_RN(1.0),N_A,M,N_A,INV_REP_EQT,2022,2021,0,2021-04-30,USD,1939339999
RBI:FR_INV_INFLW_RN(1.0),N_A,M,N_A,INV_REP_OTH_CAP,2022,2021,0,2021-04-30,USD,30603267.19
RBI:FR_INV_INFLW_RN(1.0),N_A,M,N_A,INV_RE_INV_EAR,2022,2021,0,2021-04-30,USD,1459207409
RBI:FR_INV_INFLW_RN(1.0),N_A,M,N_A,INV_RPTN_DINVT,2022,2021,0,2021-04-30,USD,1969943266
RBI:FR_INV_INFLW_RN(1.0),N_A,M,N_A,EQT_ACQ_SHAR,2022,2021,0,2021-05-31,USD,6075578063
RBI:FR_INV_INFLW_RN(1.0),N_A,M,N_A,EQT_CAP_UNINC_BOD,2022,2021,0,2021-05-31,USD,68669416.56
RBI:FR_INV_INFLW_RN(1.0),N_A,M,N_A,EQT_GOVT_SIA_FIPB,2022,2021,0,2021-05-31,USD,68785631.02
RBI:FR_INV_INFLW_RN(1.0),N_A,M,N_A,EQT_RBI,2022,2021,0,2021-05-31,USD,4317584134
RBI:FR_INV_INFLW_RN(1.0),N_A,M,N_A,INV_CAT_NET_FR_DIR_INV,2022,2021,0,2021-05-31,USD,8801572572
RBI:FR_INV_INFLW_RN(1.0),N_A,M,N_A,INV_CAT_NET_PORTF_INV,2022,2021,0,2021-05-31,USD,966461614.2
RBI:FR_INV_INFLW_RN(1.0),N_A,M,N_A,INV_CAT_NFDI_DII_GROSS_INF_INV,2022,2021,0,2021-05-31,USD,12322121320
RBI:FR_INV_INFLW_RN(1.0),N_A,M,N_A,INV_CAT_NFDI_DI_IND,2022,2021,0,2021-05-31,USD,10352178050
RBI:FR_INV_INFLW_RN(1.0),N_A,M,N_A,INV_CAT_NFDI_FDII,2022,2021,0,2021-05-31,USD,1550605483
RBI:FR_INV_INFLW_RN(1.0),N_A,M,N_A,INV_CAT_NPI_FII,2022,2021,0,2021-05-31,USD,958478721
RBI:FR_INV_INFLW_RN(1.0),N_A,M,N_A,INV_CAT_NPI_GDR_ADR,2022,2021,0,2021-05-31,USD,0.0
RBI:FR_INV_INFLW_RN(1.0),N_A,M,N_A,INV_CAT_NPI_OFF_FND_OTH,2022,2021,0,2021-05-31,USD,0.0
RBI:FR_INV_INFLW_RN(1.0),N_A,M,N_A,INV_CAT_NPI_PORTF_INV_IND,2022,2021,0,2021-05-31,USD,-7982893.146
RBI:FR_INV_INFLW_RN(1.0),N_A,M,N_A,INV_EQT,2022,2021,0,2021-05-31,USD,10530617240
RBI:FR_INV_INFLW_RN(1.0),N_A,M,N_A,INV_FDI_EQT,2022,2021,0,2021-05-31,USD,1188265833
RBI:FR_INV_INFLW_RN(1.0),N_A,M,N_A,INV_FDI_OTH_CAP,2022,2021,0,2021-05-31,USD,261480000
RBI:FR_INV_INFLW_RN(1.0),N_A,M,N_A,INV_FDI_RE_INV_EAR,2022,2021,0,2021-05-31,USD,281566666.7
RBI:FR_INV_INFLW_RN(1.0),N_A,M,N_A,INV_FDI_RPTN_DINVT,2022,2021,0,2021-05-31,USD,180707017.4
RBI:FR_INV_INFLW_RN(1.0),N_A,M,N_A,INV_FII,2022,2021,0,2021-05-31,USD,9768034186
RBI:FR_INV_INFLW_RN(1.0),N_A,M,N_A,INV_OTH_CAP,2022,2021,0,2021-05-31,USD,332296666.7
RBI:FR_INV_INFLW_RN(1.0),N_A,M,N_A,INV_REP_EQT,2022,2021,0,2021-05-31,USD,1939339999
RBI:FR_INV_INFLW_RN(1.0),N_A,M,N_A,INV_REP_OTH_CAP,2022,2021,0,2021-05-31,USD,30603267.19
RBI:FR_INV_INFLW_RN(1.0),N_A,M,N_A,INV_RE_INV_EAR,2022,2021,0,2021-05-31,USD,1459207409
RBI:FR_INV_INFLW_RN(1.0),N_A,M,N_A,INV_RPTN_DINVT,2022,2021,0,2021-05-31,USD,1969943266
RBI:FR_INV_INFLW_RN(1.0),N_A,M,N_A,EQT_ACQ_SHAR,2022,2021,0,2021-06-30,USD,538098987.7
RBI:FR_INV_INFLW_RN(1.0),N_A,M,N_A,EQT_CAP_UNINC_BOD,2022,2021,0,2021-06-30,USD,68669416.56
RBI:FR_INV_INFLW_RN(1.0),N_A,M,N_A,EQT_GOVT_SIA_FIPB,2022,2021,0,2021-06-30,USD,38879031.06
RBI:FR_INV_INFLW_RN(1.0),N_A,M,N_A,EQT_RBI,2022,2021,0,2021-06-30,USD,2088026775
RBI:FR_INV_INFLW_RN(1.0),N_A,M,N_A,INV_CAT_NET_FR_DIR_INV,2022,2021,0,2021-06-30,USD,354149537.5
RBI:FR_INV_INFLW_RN(1.0),N_A,M,N_A,INV_CAT_NET_PORTF_INV,2022,2021,0,2021-06-30,USD,1251699224
RBI:FR_INV_INFLW_RN(1.0),N_A,M,N_A,INV_CAT_NFDI_DII_GROSS_INF_INV,2022,2021,0,2021-06-30,USD,4525178286
RBI:FR_INV_INFLW_RN(1.0),N_A,M,N_A,INV_CAT_NFDI_DI_IND,2022,2021,0,2021-06-30,USD,2555235020
RBI:FR_INV_INFLW_RN(1.0),N_A,M,N_A,INV_CAT_NFDI_FDII,2022,2021,0,2021-06-30,USD,2201085483
RBI:FR_INV_INFLW_RN(1.0),N_A,M,N_A,INV_CAT_NPI_FII,2022,2021,0,2021-06-30,USD,1243716331
RBI:FR_INV_INFLW_RN(1.0),N_A,M,N_A,INV_CAT_NPI_GDR_ADR,2022,2021,0,2021-06-30,USD,0.0
RBI:FR_INV_INFLW_RN(1.0),N_A,M,N_A,INV_CAT_NPI_OFF_FND_OTH,2022,2021,0,2021-06-30,USD,0.0
RBI:FR_INV_INFLW_RN(1.0),N_A,M,N_A,INV_CAT_NPI_PORTF_INV_IND,2022,2021,0,2021-06-30,USD,-7982893.146
RBI:FR_INV_INFLW_RN(1.0),N_A,M,N_A,INV_EQT,2022,2021,0,2021-06-30,USD,2733674210
RBI:FR_INV_INFLW_RN(1.0),N_A,M,N_A,INV_FDI_EQT,2022,2021,0,2021-06-30,USD,666065833.3
RBI:FR_INV_INFLW_RN(1.0),N_A,M,N_A,INV_FDI_OTH_CAP,2022,2021,0,2021-06-30,USD,1434160000
RBI:FR_INV_INFLW_RN(1.0),N_A,M,N_A,INV_FDI_RE_INV_EAR,2022,2021,0,2021-06-30,USD,281566666.7
RBI:FR_INV_INFLW_RN(1.0),N_A,M,N_A,INV_FDI_RPTN_DINVT,2022,2021,0,2021-06-30,USD,180707017.4
RBI:FR_INV_INFLW_RN(1.0),N_A,M,N_A,INV_FII,2022,2021,0,2021-06-30,USD,1605848762
RBI:FR_INV_INFLW_RN(1.0),N_A,M,N_A,INV_OTH_CAP,2022,2021,0,2021-06-30,USD,332296666.7
RBI:FR_INV_INFLW_RN(1.0),N_A,M,N_A,INV_REP_EQT,2022,2021,0,2021-06-30,USD,1939339999
RBI:FR_INV_INFLW_RN(1.0),N_A,M,N_A,INV_REP_OTH_CAP,2022,2021,0,2021-06-30,USD,30603267.19
RBI:FR_INV_INFLW_RN(1.0),N_A,M,N_A,INV_RE_INV_EAR,2022,2021,0,2021-06-30,USD,1459207409
RBI:FR_INV_INFLW_RN(1.0),N_A,M,N_A,INV_RPTN_DINVT,2022,2021,0,2021-06-30,USD,1969943266
RBI:FR_INV_INFLW_RN(1.0),N_A,M,N_A,EQT_ACQ_SHAR,2022,2021,0,2021-07-31,USD,473464480.5
RBI:FR_INV_INFLW_RN(1.0),N_A,M,N_A,EQT_CAP_UNINC_BOD,2022,2021,0,2021-07-31,USD,73234321.19
RBI:FR_INV_INFLW_RN(1.0),N_A,M,N_A,EQT_GOVT_SIA_FIPB,2022,2021,0,2021-07-31,USD,2070116.347
RBI:FR_INV_INFLW_RN(1.0),N_A,M,N_A,EQT_RBI,2022,2021,0,2021-07-31,USD,2373252518
RBI:FR_INV_INFLW_RN(1.0),N_A,M,N_A,INV_CAT_NET_FR_DIR_INV,2022,2021,0,2021-07-31,USD,1552104036
RBI:FR_INV_INFLW_RN(1.0),N_A,M,N_A,INV_CAT_NET_PORTF_INV,2022,2021,0,2021-07-31,USD,-1617791387
RBI:FR_INV_INFLW_RN(1.0),N_A,M,N_A,INV_CAT_NFDI_DII_GROSS_INF_INV,2022,2021,0,2021-07-31,USD,4778124892
RBI:FR_INV_INFLW_RN(1.0),N_A,M,N_A,INV_CAT_NFDI_DI_IND,2022,2021,0,2021-07-31,USD,2619838469
RBI:FR_INV_INFLW_RN(1.0),N_A,M,N_A,INV_CAT_NFDI_FDII,2022,2021,0,2021-07-31,USD,1067734433
RBI:FR_INV_INFLW_RN(1.0),N_A,M,N_A,INV_CAT_NPI_FII,2022,2021,0,2021-07-31,USD,-1395726995
RBI:FR_INV_INFLW_RN(1.0),N_A,M,N_A,INV_CAT_NPI_GDR_ADR,2022,2021,0,2021-07-31,USD,0.0
RBI:FR_INV_INFLW_RN(1.0),N_A,M,N_A,INV_CAT_NPI_OFF_FND_OTH,2022,2021,0,2021-07-31,USD,0.0
RBI:FR_INV_INFLW_RN(1.0),N_A,M,N_A,INV_CAT_NPI_PORTF_INV_IND,2022,2021,0,2021-07-31,USD,222064391.9
RBI:FR_INV_INFLW_RN(1.0),N_A,M,N_A,INV_EQT,2022,2021,0,2021-07-31,USD,2922021436
RBI:FR_INV_INFLW_RN(1.0),N_A,M,N_A,INV_FDI_EQT,2022,2021,0,2021-07-31,USD,818385833.3
RBI:FR_INV_INFLW_RN(1.0),N_A,M,N_A,INV_FDI_OTH_CAP,2022,2021,0,2021-07-31,USD,356710000
RBI:FR_INV_INFLW_RN(1.0),N_A,M,N_A,INV_FDI_RE_INV_EAR,2022,2021,0,2021-07-31,USD,281566666.7
RBI:FR_INV_INFLW_RN(1.0),N_A,M,N_A,INV_FDI_RPTN_DINVT,2022,2021,0,2021-07-31,USD,388928066.7
RBI:FR_INV_INFLW_RN(1.0),N_A,M,N_A,INV_FII,2022,2021,0,2021-07-31,USD,-65687351.17
RBI:FR_INV_INFLW_RN(1.0),N_A,M,N_A,INV_OTH_CAP,2022,2021,0,2021-07-31,USD,299970000
RBI:FR_INV_INFLW_RN(1.0),N_A,M,N_A,INV_REP_EQT,2022,2021,0,2021-07-31,USD,2086212885
RBI:FR_INV_INFLW_RN(1.0),N_A,M,N_A,INV_REP_OTH_CAP,2022,2021,0,2021-07-31,USD,72073537.63
RBI:FR_INV_INFLW_RN(1.0),N_A,M,N_A,INV_RE_INV_EAR,2022,2021,0,2021-07-31,USD,1556133456
RBI:FR_INV_INFLW_RN(1.0),N_A,M,N_A,INV_RPTN_DINVT,2022,2021,0,2021-07-31,USD,2158286423
RBI:FR_INV_INFLW_RN(1.0),N_A,M,N_A,EQT_ACQ_SHAR,2022,2021,0,2021-08-31,USD,1471460393
RBI:FR_INV_INFLW_RN(1.0),N_A,M,N_A,EQT_CAP_UNINC_BOD,2022,2021,0,2021-08-31,USD,73234321.19
RBI:FR_INV_INFLW_RN(1.0),N_A,M,N_A,EQT_GOVT_SIA_FIPB,2022,2021,0,2021-08-31,USD,173751929.2
RBI:FR_INV_INFLW_RN(1.0),N_A,M,N_A,EQT_RBI,2022,2021,0,2021-08-31,USD,4587289947
RBI:FR_INV_INFLW_RN(1.0),N_A,M,N_A,INV_CAT_NET_FR_DIR_INV,2022,2021,0,2021-08-31,USD,5114579189
RBI:FR_INV_INFLW_RN(1.0),N_A,M,N_A,INV_CAT_NET_PORTF_INV,2022,2021,0,2021-08-31,USD,2906368349
RBI:FR_INV_INFLW_RN(1.0),N_A,M,N_A,INV_CAT_NFDI_DII_GROSS_INF_INV,2022,2021,0,2021-08-31,USD,8161840046
RBI:FR_INV_INFLW_RN(1.0),N_A,M,N_A,INV_CAT_NFDI_DI_IND,2022,2021,0,2021-08-31,USD,6003553623
RBI:FR_INV_INFLW_RN(1.0),N_A,M,N_A,INV_CAT_NFDI_FDII,2022,2021,0,2021-08-31,USD,888974433.3
RBI:FR_INV_INFLW_RN(1.0),N_A,M,N_A,INV_CAT_NPI_FII,2022,2021,0,2021-08-31,USD,3128432741
RBI:FR_INV_INFLW_RN(1.0),N_A,M,N_A,INV_CAT_NPI_GDR_ADR,2022,2021,0,2021-08-31,USD,0.0
RBI:FR_INV_INFLW_RN(1.0),N_A,M,N_A,INV_CAT_NPI_OFF_FND_OTH,2022,2021,0,2021-08-31,USD,0.0
RBI:FR_INV_INFLW_RN(1.0),N_A,M,N_A,INV_CAT_NPI_PORTF_INV_IND,2022,2021,0,2021-08-31,USD,222064391.9
RBI:FR_INV_INFLW_RN(1.0),N_A,M,N_A,INV_EQT,2022,2021,0,2021-08-31,USD,6305736590
RBI:FR_INV_INFLW_RN(1.0),N_A,M,N_A,INV_FDI_EQT,2022,2021,0,2021-08-31,USD,567225833.3
RBI:FR_INV_INFLW_RN(1.0),N_A,M,N_A,INV_FDI_OTH_CAP,2022,2021,0,2021-08-31,USD,429110000
RBI:FR_INV_INFLW_RN(1.0),N_A,M,N_A,INV_FDI_RE_INV_EAR,2022,2021,0,2021-08-31,USD,281566666.7
RBI:FR_INV_INFLW_RN(1.0),N_A,M,N_A,INV_FDI_RPTN_DINVT,2022,2021,0,2021-08-31,USD,388928066.7
RBI:FR_INV_INFLW_RN(1.0),N_A,M,N_A,INV_FII,2022,2021,0,2021-08-31,USD,8020947538
RBI:FR_INV_INFLW_RN(1.0),N_A,M,N_A,INV_OTH_CAP,2022,2021,0,2021-08-31,USD,299970000
RBI:FR_INV_INFLW_RN(1.0),N_A,M,N_A,INV_REP_EQT,2022,2021,0,2021-08-31,USD,2086212885
RBI:FR_INV_INFLW_RN(1.0),N_A,M,N_A,INV_REP_OTH_CAP,2022,2021,0,2021-08-31,USD,72073537.63
RBI:FR_INV_INFLW_RN(1.0),N_A,M,N_A,INV_RE_INV_EAR,2022,2021,0,2021-08-31,USD,1556133456
RBI:FR_INV_INFLW_RN(1.0),N_A,M,N_A,INV_RPTN_DINVT,2022,2021,0,2021-08-31,USD,2158286423
RBI:FR_INV_INFLW_RN(1.0),N_A,M,N_A,EQT_ACQ_SHAR,2022,2021,0,2021-09-30,USD,397393455.1
RBI:FR_INV_INFLW_RN(1.0),N_A,M,N_A,EQT_CAP_UNINC_BOD,2022,2021,0,2021-09-30,USD,73234321.19
RBI:FR_INV_INFLW_RN(1.0),N_A,M,N_A,EQT_GOVT_SIA_FIPB,2022,2021,0,2021-09-30,USD,46425989.12
RBI:FR_INV_INFLW_RN(1.0),N_A,M,N_A,EQT_RBI,2022,2021,0,2021-09-30,USD,4061504765
RBI:FR_INV_INFLW_RN(1.0),N_A,M,N_A,INV_CAT_NET_FR_DIR_INV,2022,2021,0,2021-09-30,USD,2030581131
RBI:FR_INV_INFLW_RN(1.0),N_A,M,N_A,INV_CAT_NET_PORTF_INV,2022,2021,0,2021-09-30,USD,2588853567
RBI:FR_INV_INFLW_RN(1.0),N_A,M,N_A,INV_CAT_NFDI_DII_GROSS_INF_INV,2022,2021,0,2021-09-30,USD,6434661987
RBI:FR_INV_INFLW_RN(1.0),N_A,M,N_A,INV_CAT_NFDI_DI_IND,2022,2021,0,2021-09-30,USD,4276375564
RBI:FR_INV_INFLW_RN(1.0),N_A,M,N_A,INV_CAT_NFDI_FDII,2022,2021,0,2021-09-30,USD,2245794433
RBI:FR_INV_INFLW_RN(1.0),N_A,M,N_A,INV_CAT_NPI_FII,2022,2021,0,2021-09-30,USD,2810917959
RBI:FR_INV_INFLW_RN(1.0),N_A,M,N_A,INV_CAT_NPI_GDR_ADR,2022,2021,0,2021-09-30,USD,0.0
RBI:FR_INV_INFLW_RN(1.0),N_A,M,N_A,INV_CAT_NPI_OFF_FND_OTH,2022,2021,0,2021-09-30,USD,0.0
RBI:FR_INV_INFLW_RN(1.0),N_A,M,N_A,INV_CAT_NPI_PORTF_INV_IND,2022,2021,0,2021-09-30,USD,222064391.9
RBI:FR_INV_INFLW_RN(1.0),N_A,M,N_A,INV_EQT,2022,2021,0,2021-09-30,USD,4578558531
RBI:FR_INV_INFLW_RN(1.0),N_A,M,N_A,INV_FDI_EQT,2022,2021,0,2021-09-30,USD,1438875833
RBI:FR_INV_INFLW_RN(1.0),N_A,M,N_A,INV_FDI_OTH_CAP,2022,2021,0,2021-09-30,USD,914280000
RBI:FR_INV_INFLW_RN(1.0),N_A,M,N_A,INV_FDI_RE_INV_EAR,2022,2021,0,2021-09-30,USD,281566666.7
RBI:FR_INV_INFLW_RN(1.0),N_A,M,N_A,INV_FDI_RPTN_DINVT,2022,2021,0,2021-09-30,USD,388928066.7
RBI:FR_INV_INFLW_RN(1.0),N_A,M,N_A,INV_FII,2022,2021,0,2021-09-30,USD,4619434698
RBI:FR_INV_INFLW_RN(1.0),N_A,M,N_A,INV_OTH_CAP,2022,2021,0,2021-09-30,USD,299970000
RBI:FR_INV_INFLW_RN(1.0),N_A,M,N_A,INV_REP_EQT,2022,2021,0,2021-09-30,USD,2086212885
RBI:FR_INV_INFLW_RN(1.0),N_A,M,N_A,INV_REP_OTH_CAP,2022,2021,0,2021-09-30,USD,72073537.63
RBI:FR_INV_INFLW_RN(1.0),N_A,M,N_A,INV_RE_INV_EAR,2022,2021,0,2021-09-30,USD,1556133456
RBI:FR_INV_INFLW_RN(1.0),N_A,M,N_A,INV_RPTN_DINVT,2022,2021,0,2021-09-30,USD,2158286423
RBI:FR_INV_INFLW_RN(1.0),N_A,M,N_A,EQT_ACQ_SHAR,2022,2021,0,2021-10-31,USD,538560821.8
RBI:FR_INV_INFLW_RN(1.0),N_A,M,N_A,EQT_CAP_UNINC_BOD,2022,2021,0,2021-10-31,USD,79559985.11
RBI:FR_INV_INFLW_RN(1.0),N_A,M,N_A,EQT_GOVT_SIA_FIPB,2022,2021,0,2021-10-31,USD,1104642158
RBI:FR_INV_INFLW_RN(1.0),N_A,M,N_A,EQT_RBI,2022,2021,0,2021-10-31,USD,2076245212
RBI:FR_INV_INFLW_RN(1.0),N_A,M,N_A,INV_CAT_NET_FR_DIR_INV,2022,2021,0,2021-10-31,USD,1015879843
RBI:FR_INV_INFLW_RN(1.0),N_A,M,N_A,INV_CAT_NET_PORTF_INV,2022,2021,0,2021-10-31,USD,-1953390905
RBI:FR_INV_INFLW_RN(1.0),N_A,M,N_A,INV_CAT_NFDI_DII_GROSS_INF_INV,2022,2021,0,2021-10-31,USD,6056700602
RBI:FR_INV_INFLW_RN(1.0),N_A,M,N_A,INV_CAT_NFDI_DI_IND,2022,2021,0,2021-10-31,USD,2659205900
RBI:FR_INV_INFLW_RN(1.0),N_A,M,N_A,INV_CAT_NFDI_FDII,2022,2021,0,2021-10-31,USD,1643326057
RBI:FR_INV_INFLW_RN(1.0),N_A,M,N_A,INV_CAT_NPI_FII,2022,2021,0,2021-10-31,USD,-1574116900
RBI:FR_INV_INFLW_RN(1.0),N_A,M,N_A,INV_CAT_NPI_GDR_ADR,2022,2021,0,2021-10-31,USD,0.0
RBI:FR_INV_INFLW_RN(1.0),N_A,M,N_A,INV_CAT_NPI_OFF_FND_OTH,2022,2021,0,2021-10-31,USD,0.0
RBI:FR_INV_INFLW_RN(1.0),N_A,M,N_A,INV_CAT_NPI_PORTF_INV_IND,2022,2021,0,2021-10-31,USD,379274005.8
RBI:FR_INV_INFLW_RN(1.0),N_A,M,N_A,INV_EQT,2022,2021,0,2021-10-31,USD,3799008176
RBI:FR_INV_INFLW_RN(1.0),N_A,M,N_A,INV_FDI_EQT,2022,2021,0,2021-10-31,USD,729595833.3
RBI:FR_INV_INFLW_RN(1.0),N_A,M,N_A,INV_FDI_OTH_CAP,2022,2021,0,2021-10-31,USD,824130000
RBI:FR_INV_INFLW_RN(1.0),N_A,M,N_A,INV_FDI_RE_INV_EAR,2022,2021,0,2021-10-31,USD,281566666.7
RBI:FR_INV_INFLW_RN(1.0),N_A,M,N_A,INV_FDI_RPTN_DINVT,2022,2021,0,2021-10-31,USD,191966443.4
RBI:FR_INV_INFLW_RN(1.0),N_A,M,N_A,INV_FII,2022,2021,0,2021-10-31,USD,-937511062.5
RBI:FR_INV_INFLW_RN(1.0),N_A,M,N_A,INV_OTH_CAP,2022,2021,0,2021-10-31,USD,567003333.3
RBI:FR_INV_INFLW_RN(1.0),N_A,M,N_A,INV_REP_EQT,2022,2021,0,2021-10-31,USD,3311869654
RBI:FR_INV_INFLW_RN(1.0),N_A,M,N_A,INV_REP_OTH_CAP,2022,2021,0,2021-10-31,USD,85625048.63
RBI:FR_INV_INFLW_RN(1.0),N_A,M,N_A,INV_RE_INV_EAR,2022,2021,0,2021-10-31,USD,1690689093
RBI:FR_INV_INFLW_RN(1.0),N_A,M,N_A,INV_RPTN_DINVT,2022,2021,0,2021-10-31,USD,3397494703
RBI:FR_INV_INFLW_RN(1.0),N_A,M,N_A,EQT_ACQ_SHAR,2022,2021,0,2021-11-30,USD,383745122.3
RBI:FR_INV_INFLW_RN(1.0),N_A,M,N_A,EQT_CAP_UNINC_BOD,2022,2021,0,2021-11-30,USD,79559985.11
RBI:FR_INV_INFLW_RN(1.0),N_A,M,N_A,EQT_GOVT_SIA_FIPB,2022,2021,0,2021-11-30,USD,112022736.2
RBI:FR_INV_INFLW_RN(1.0),N_A,M,N_A,EQT_RBI,2022,2021,0,2021-11-30,USD,3894088810
RBI:FR_INV_INFLW_RN(1.0),N_A,M,N_A,INV_CAT_NET_FR_DIR_INV,2022,2021,0,2021-11-30,USD,2192248321
RBI:FR_INV_INFLW_RN(1.0),N_A,M,N_A,INV_CAT_NET_PORTF_INV,2022,2021,0,2021-11-30,USD,-152466742.3
RBI:FR_INV_INFLW_RN(1.0),N_A,M,N_A,INV_CAT_NFDI_DII_GROSS_INF_INV,2022,2021,0,2021-11-30,USD,6727109080
RBI:FR_INV_INFLW_RN(1.0),N_A,M,N_A,INV_CAT_NFDI_DI_IND,2022,2021,0,2021-11-30,USD,3329614377
RBI:FR_INV_INFLW_RN(1.0),N_A,M,N_A,INV_CAT_NFDI_FDII,2022,2021,0,2021-11-30,USD,1137366057
RBI:FR_INV_INFLW_RN(1.0),N_A,M,N_A,INV_CAT_NPI_FII,2022,2021,0,2021-11-30,USD,226807263.4
RBI:FR_INV_INFLW_RN(1.0),N_A,M,N_A,INV_CAT_NPI_GDR_ADR,2022,2021,0,2021-11-30,USD,0.0
RBI:FR_INV_INFLW_RN(1.0),N_A,M,N_A,INV_CAT_NPI_OFF_FND_OTH,2022,2021,0,2021-11-30,USD,0.0
RBI:FR_INV_INFLW_RN(1.0),N_A,M,N_A,INV_CAT_NPI_PORTF_INV_IND,2022,2021,0,2021-11-30,USD,379274005.8
RBI:FR_INV_INFLW_RN(1.0),N_A,M,N_A,INV_EQT,2022,2021,0,2021-11-30,USD,4469416654
RBI:FR_INV_INFLW_RN(1.0),N_A,M,N_A,INV_FDI_EQT,2022,2021,0,2021-11-30,USD,821785833.3
RBI:FR_INV_INFLW_RN(1.0),N_A,M,N_A,INV_FDI_OTH_CAP,2022,2021,0,2021-11-30,USD,225980000
RBI:FR_INV_INFLW_RN(1.0),N_A,M,N_A,INV_FDI_RE_INV_EAR,2022,2021,0,2021-11-30,USD,281566666.7
RBI:FR_INV_INFLW_RN(1.0),N_A,M,N_A,INV_FDI_RPTN_DINVT,2022,2021,0,2021-11-30,USD,191966443.4
RBI:FR_INV_INFLW_RN(1.0),N_A,M,N_A,INV_FII,2022,2021,0,2021-11-30,USD,2039781578
RBI:FR_INV_INFLW_RN(1.0),N_A,M,N_A,INV_OTH_CAP,2022,2021,0,2021-11-30,USD,567003333.3
RBI:FR_INV_INFLW_RN(1.0),N_A,M,N_A,INV_REP_EQT,2022,2021,0,2021-11-30,USD,3311869654
RBI:FR_INV_INFLW_RN(1.0),N_A,M,N_A,INV_REP_OTH_CAP,2022,2021,0,2021-11-30,USD,85625048.63
RBI:FR_INV_INFLW_RN(1.0),N_A,M,N_A,INV_RE_INV_EAR,2022,2021,0,2021-11-30,USD,1690689093
RBI:FR_INV_INFLW_RN(1.0),N_A,M,N_A,INV_RPTN_DINVT,2022,2021,0,2021-11-30,USD,3397494703
RBI:FR_INV_INFLW_RN(1.0),N_A,M,N_A,EQT_ACQ_SHAR,2022,2021,0,2021-12-31,USD,841716204.7
RBI:FR_INV_INFLW_RN(1.0),N_A,M,N_A,EQT_CAP_UNINC_BOD,2022,2021,0,2021-12-31,USD,79559985.11
RBI:FR_INV_INFLW_RN(1.0),N_A,M,N_A,EQT_GOVT_SIA_FIPB,2022,2021,0,2021-12-31,USD,25151182.68
RBI:FR_INV_INFLW_RN(1.0),N_A,M,N_A,EQT_RBI,2022,2021,0,2021-12-31,USD,3044397459
RBI:FR_INV_INFLW_RN(1.0),N_A,M,N_A,INV_CAT_NET_FR_DIR_INV,2022,2021,0,2021-12-31,USD,1350516499
RBI:FR_INV_INFLW_RN(1.0),N_A,M,N_A,INV_CAT_NET_PORTF_INV,2022,2021,0,2021-12-31,USD,-3735722685
RBI:FR_INV_INFLW_RN(1.0),N_A,M,N_A,INV_CAT_NFDI_DII_GROSS_INF_INV,2022,2021,0,2021-12-31,USD,6248517258
RBI:FR_INV_INFLW_RN(1.0),N_A,M,N_A,INV_CAT_NFDI_DI_IND,2022,2021,0,2021-12-31,USD,2851022555
RBI:FR_INV_INFLW_RN(1.0),N_A,M,N_A,INV_CAT_NFDI_FDII,2022,2021,0,2021-12-31,USD,1500506057
RBI:FR_INV_INFLW_RN(1.0),N_A,M,N_A,INV_CAT_NPI_FII,2022,2021,0,2021-12-31,USD,-3356448679
RBI:FR_INV_INFLW_RN(1.0),N_A,M,N_A,INV_CAT_NPI_GDR_ADR,2022,2021,0,2021-12-31,USD,0.0
RBI:FR_INV_INFLW_RN(1.0),N_A,M,N_A,INV_CAT_NPI_OFF_FND_OTH,2022,2021,0,2021-12-31,USD,0.0
RBI:FR_INV_INFLW_RN(1.0),N_A,M,N_A,INV_CAT_NPI_PORTF_INV_IND,2022,2021,0,2021-12-31,USD,379274005.8
RBI:FR_INV_INFLW_RN(1.0),N_A,M,N_A,INV_EQT,2022,2021,0,2021-12-31,USD,3990824832
RBI:FR_INV_INFLW_RN(1.0),N_A,M,N_A,INV_FDI_EQT,2022,2021,0,2021-12-31,USD,1021565833
RBI:FR_INV_INFLW_RN(1.0),N_A,M,N_A,INV_FDI_OTH_CAP,2022,2021,0,2021-12-31,USD,389340000
RBI:FR_INV_INFLW_RN(1.0),N_A,M,N_A,INV_FDI_RE_INV_EAR,2022,2021,0,2021-12-31,USD,281566666.7
RBI:FR_INV_INFLW_RN(1.0),N_A,M,N_A,INV_FDI_RPTN_DINVT,2022,2021,0,2021-12-31,USD,191966443.4
RBI:FR_INV_INFLW_RN(1.0),N_A,M,N_A,INV_FII,2022,2021,0,2021-12-31,USD,-2385206186
RBI:FR_INV_INFLW_RN(1.0),N_A,M,N_A,INV_OTH_CAP,2022,2021,0,2021-12-31,USD,567003333.3
RBI:FR_INV_INFLW_RN(1.0),N_A,M,N_A,INV_REP_EQT,2022,2021,0,2021-12-31,USD,3311869654
RBI:FR_INV_INFLW_RN(1.0),N_A,M,N_A,INV_REP_OTH_CAP,2022,2021,0,2021-12-31,USD,85625048.63
RBI:FR_INV_INFLW_RN(1.0),N_A,M,N_A,INV_RE_INV_EAR,2022,2021,0,2021-12-31,USD,1690689093
RBI:FR_INV_INFLW_RN(1.0),N_A,M,N_A,INV_RPTN_DINVT,2022,2021,0,2021-12-31,USD,3397494703
RBI:FR_INV_INFLW_RN(1.0),N_A,M,N_A,EQT_ACQ_SHAR,2022,2021,0,2022-01-31,USD,1649101396
RBI:FR_INV_INFLW_RN(1.0),N_A,M,N_A,EQT_CAP_UNINC_BOD,2022,2021,0,2022-01-31,USD,82028865.48
RBI:FR_INV_INFLW_RN(1.0),N_A,M,N_A,EQT_GOVT_SIA_FIPB,2022,2021,0,2022-01-31,USD,45050873.34
RBI:FR_INV_INFLW_RN(1.0),N_A,M,N_A,EQT_RBI,2022,2021,0,2022-01-31,USD,4693748898
RBI:FR_INV_INFLW_RN(1.0),N_A,M,N_A,INV_CAT_NET_FR_DIR_INV,2022,2021,0,2022-01-31,USD,6067199981
RBI:FR_INV_INFLW_RN(1.0),N_A,M,N_A,INV_CAT_NET_PORTF_INV,2022,2021,0,2022-01-31,USD,-4433914788
RBI:FR_INV_INFLW_RN(1.0),N_A,M,N_A,INV_CAT_NFDI_DII_GROSS_INF_INV,2022,2021,0,2022-01-31,USD,8948518199
RBI:FR_INV_INFLW_RN(1.0),N_A,M,N_A,INV_CAT_NFDI_DI_IND,2022,2021,0,2022-01-31,USD,6939288524
RBI:FR_INV_INFLW_RN(1.0),N_A,M,N_A,INV_CAT_NFDI_FDII,2022,2021,0,2022-01-31,USD,872088542.9
RBI:FR_INV_INFLW_RN(1.0),N_A,M,N_A,INV_CAT_NPI_FII,2022,2021,0,2022-01-31,USD,-4125182110
RBI:FR_INV_INFLW_RN(1.0),N_A,M,N_A,INV_CAT_NPI_GDR_ADR,2022,2021,0,2022-01-31,USD,0.0
RBI:FR_INV_INFLW_RN(1.0),N_A,M,N_A,INV_CAT_NPI_OFF_FND_OTH,2022,2021,0,2022-01-31,USD,0.0
RBI:FR_INV_INFLW_RN(1.0),N_A,M,N_A,INV_CAT_NPI_PORTF_INV_IND,2022,2021,0,2022-01-31,USD,308732678.2
RBI:FR_INV_INFLW_RN(1.0),N_A,M,N_A,INV_EQT,2022,2021,0,2022-01-31,USD,6469930033
RBI:FR_INV_INFLW_RN(1.0),N_A,M,N_A,INV_FDI_EQT,2022,2021,0,2022-01-31,USD,811715833.3
RBI:FR_INV_INFLW_RN(1.0),N_A,M,N_A,INV_FDI_OTH_CAP,2022,2021,0,2022-01-31,USD,150560000
RBI:FR_INV_INFLW_RN(1.0),N_A,M,N_A,INV_FDI_RE_INV_EAR,2022,2021,0,2022-01-31,USD,281566666.7
RBI:FR_INV_INFLW_RN(1.0),N_A,M,N_A,INV_FDI_RPTN_DINVT,2022,2021,0,2022-01-31,USD,371753957.1
RBI:FR_INV_INFLW_RN(1.0),N_A,M,N_A,INV_FII,2022,2021,0,2022-01-31,USD,1633285193
RBI:FR_INV_INFLW_RN(1.0),N_A,M,N_A,INV_OTH_CAP,2022,2021,0,2022-01-31,USD,735736666.7
RBI:FR_INV_INFLW_RN(1.0),N_A,M,N_A,INV_REP_EQT,2022,2021,0,2022-01-31,USD,1725589686
RBI:FR_INV_INFLW_RN(1.0),N_A,M,N_A,INV_REP_OTH_CAP,2022,2021,0,2022-01-31,USD,283639988.5
RBI:FR_INV_INFLW_RN(1.0),N_A,M,N_A,INV_RE_INV_EAR,2022,2021,0,2022-01-31,USD,1742851499
RBI:FR_INV_INFLW_RN(1.0),N_A,M,N_A,INV_RPTN_DINVT,2022,2021,0,2022-01-31,USD,2009229674
RBI:FR_INV_INFLW_RN(1.0),N_A,M,N_A,EQT_ACQ_SHAR,2022,2021,0,2022-02-28,USD,1233712784
RBI:FR_INV_INFLW_RN(1.0),N_A,M,N_A,EQT_CAP_UNINC_BOD,2022,2021,0,2022-02-28,USD,82028865.48
RBI:FR_INV_INFLW_RN(1.0),N_A,M,N_A,EQT_GOVT_SIA_FIPB,2022,2021,0,2022-02-28,USD,18171016.4
RBI:FR_INV_INFLW_RN(1.0),N_A,M,N_A,EQT_RBI,2022,2021,0,2022-02-28,USD,3365644473
RBI:FR_INV_INFLW_RN(1.0),N_A,M,N_A,INV_CAT_NET_FR_DIR_INV,2022,2021,0,2022-02-28,USD,4657317087
RBI:FR_INV_INFLW_RN(1.0),N_A,M,N_A,INV_CAT_NET_PORTF_INV,2022,2021,0,2022-02-28,USD,-5788364587
RBI:FR_INV_INFLW_RN(1.0),N_A,M,N_A,INV_CAT_NFDI_DII_GROSS_INF_INV,2022,2021,0,2022-02-28,USD,7178145304
RBI:FR_INV_INFLW_RN(1.0),N_A,M,N_A,INV_CAT_NFDI_DI_IND,2022,2021,0,2022-02-28,USD,5168915630
RBI:FR_INV_INFLW_RN(1.0),N_A,M,N_A,INV_CAT_NFDI_FDII,2022,2021,0,2022-02-28,USD,511598542.9
RBI:FR_INV_INFLW_RN(1.0),N_A,M,N_A,INV_CAT_NPI_FII,2022,2021,0,2022-02-28,USD,-5479631909
RBI:FR_INV_INFLW_RN(1.0),N_A,M,N_A,INV_CAT_NPI_GDR_ADR,2022,2021,0,2022-02-28,USD,0.0
RBI:FR_INV_INFLW_RN(1.0),N_A,M,N_A,INV_CAT_NPI_OFF_FND_OTH,2022,2021,0,2022-02-28,USD,0.0
RBI:FR_INV_INFLW_RN(1.0),N_A,M,N_A,INV_CAT_NPI_PORTF_INV_IND,2022,2021,0,2022-02-28,USD,308732678.2
RBI:FR_INV_INFLW_RN(1.0),N_A,M,N_A,INV_EQT,2022,2021,0,2022-02-28,USD,4699557139
RBI:FR_INV_INFLW_RN(1.0),N_A,M,N_A,INV_FDI_EQT,2022,2021,0,2022-02-28,USD,266505833.3
RBI:FR_INV_INFLW_RN(1.0),N_A,M,N_A,INV_FDI_OTH_CAP,2022,2021,0,2022-02-28,USD,335280000
RBI:FR_INV_INFLW_RN(1.0),N_A,M,N_A,INV_FDI_RE_INV_EAR,2022,2021,0,2022-02-28,USD,281566666.7
RBI:FR_INV_INFLW_RN(1.0),N_A,M,N_A,INV_FDI_RPTN_DINVT,2022,2021,0,2022-02-28,USD,371753957.1
RBI:FR_INV_INFLW_RN(1.0),N_A,M,N_A,INV_FII,2022,2021,0,2022-02-28,USD,-1131047500
RBI:FR_INV_INFLW_RN(1.0),N_A,M,N_A,INV_OTH_CAP,2022,2021,0,2022-02-28,USD,735736666.7
RBI:FR_INV_INFLW_RN(1.0),N_A,M,N_A,INV_REP_EQT,2022,2021,0,2022-02-28,USD,1725589686
RBI:FR_INV_INFLW_RN(1.0),N_A,M,N_A,INV_REP_OTH_CAP,2022,2021,0,2022-02-28,USD,283639988.5
RBI:FR_INV_INFLW_RN(1.0),N_A,M,N_A,INV_RE_INV_EAR,2022,2021,0,2022-02-28,USD,1742851499
RBI:FR_INV_INFLW_RN(1.0),N_A,M,N_A,INV_RPTN_DINVT,2022,2021,0,2022-02-28,USD,2009229674
RBI:FR_INV_INFLW_RN(1.0),N_A,M,N_A,EQT_ACQ_SHAR,2022,2021,0,2022-03-31,USD,307251957.7
RBI:FR_INV_INFLW_RN(1.0),N_A,M,N_A,EQT_CAP_UNINC_BOD,2022,2021,0,2022-03-31,USD,82028865.48
RBI:FR_INV_INFLW_RN(1.0),N_A,M,N_A,EQT_GOVT_SIA_FIPB,2022,2021,0,2022-03-31,USD,60293343.37
RBI:FR_INV_INFLW_RN(1.0),N_A,M,N_A,EQT_RBI,2022,2021,0,2022-03-31,USD,4226340320
RBI:FR_INV_INFLW_RN(1.0),N_A,M,N_A,INV_CAT_NET_FR_DIR_INV,2022,2021,0,2022-03-31,USD,3051984434
RBI:FR_INV_INFLW_RN(1.0),N_A,M,N_A,INV_CAT_NET_PORTF_INV,2022,2021,0,2022-03-31,USD,-4992888279
RBI:FR_INV_INFLW_RN(1.0),N_A,M,N_A,INV_CAT_NFDI_DII_GROSS_INF_INV,2022,2021,0,2022-03-31,USD,7154502652
RBI:FR_INV_INFLW_RN(1.0),N_A,M,N_A,INV_CAT_NFDI_DI_IND,2022,2021,0,2022-03-31,USD,5145272977
RBI:FR_INV_INFLW_RN(1.0),N_A,M,N_A,INV_CAT_NFDI_FDII,2022,2021,0,2022-03-31,USD,2093288543
RBI:FR_INV_INFLW_RN(1.0),N_A,M,N_A,INV_CAT_NPI_FII,2022,2021,0,2022-03-31,USD,-4684155601
RBI:FR_INV_INFLW_RN(1.0),N_A,M,N_A,INV_CAT_NPI_GDR_ADR,2022,2021,0,2022-03-31,USD,0.0
RBI:FR_INV_INFLW_RN(1.0),N_A,M,N_A,INV_CAT_NPI_OFF_FND_OTH,2022,2021,0,2022-03-31,USD,0.0
RBI:FR_INV_INFLW_RN(1.0),N_A,M,N_A,INV_CAT_NPI_PORTF_INV_IND,2022,2021,0,2022-03-31,USD,308732678.2
RBI:FR_INV_INFLW_RN(1.0),N_A,M,N_A,INV_EQT,2022,2021,0,2022-03-31,USD,4675914486
RBI:FR_INV_INFLW_RN(1.0),N_A,M,N_A,INV_FDI_EQT,2022,2021,0,2022-03-31,USD,1053905833
RBI:FR_INV_INFLW_RN(1.0),N_A,M,N_A,INV_FDI_OTH_CAP,2022,2021,0,2022-03-31,USD,1129570000
RBI:FR_INV_INFLW_RN(1.0),N_A,M,N_A,INV_FDI_RE_INV_EAR,2022,2021,0,2022-03-31,USD,281566666.7
RBI:FR_INV_INFLW_RN(1.0),N_A,M,N_A,INV_FDI_RPTN_DINVT,2022,2021,0,2022-03-31,USD,371753957.1
RBI:FR_INV_INFLW_RN(1.0),N_A,M,N_A,INV_FII,2022,2021,0,2022-03-31,USD,-1940903845
RBI:FR_INV_INFLW_RN(1.0),N_A,M,N_A,INV_OTH_CAP,2022,2021,0,2022-03-31,USD,735736666.7
RBI:FR_INV_INFLW_RN(1.0),N_A,M,N_A,INV_REP_EQT,2022,2021,0,2022-03-31,USD,1725589686
RBI:FR_INV_INFLW_RN(1.0),N_A,M,N_A,INV_REP_OTH_CAP,2022,2021,0,2022-03-31,USD,283639988.5
RBI:FR_INV_INFLW_RN(1.0),N_A,M,N_A,INV_RE_INV_EAR,2022,2021,0,2022-03-31,USD,1742851499
RBI:FR_INV_INFLW_RN(1.0),N_A,M,N_A,INV_RPTN_DINVT,2022,2021,0,2022-03-31,USD,2009229674
RBI:FR_INV_INFLW_RN(1.0),N_A,M,N_A,EQT_ACQ_SHAR,2023,2022,0,2022-04-30,USD,557509083.42323
RBI:FR_INV_INFLW_RN(1.0),N_A,M,N_A,EQT_CAP_UNINC_BOD,2023,2022,0,2022-04-30,USD,119445599.532541
RBI:FR_INV_INFLW_RN(1.0),N_A,M,N_A,EQT_GOVT_SIA_FIPB,2023,2022,0,2022-04-30,USD,62688794.2329111
RBI:FR_INV_INFLW_RN(1.0),N_A,M,N_A,EQT_RBI,2023,2022,0,2022-04-30,USD,5839165990.66973
RBI:FR_INV_INFLW_RN(1.0),N_A,M,N_A,INV_CAT_NET_FR_DIR_INV,2023,2022,0,2022-04-30,USD,5325847501.32482
RBI:FR_INV_INFLW_RN(1.0),N_A,M,N_A,INV_CAT_NET_PORTF_INV,2023,2022,0,2022-04-30,USD,-3884762520.91092
RBI:FR_INV_INFLW_RN(1.0),N_A,M,N_A,INV_CAT_NFDI_DII_GROSS_INF_INV,2023,2022,0,2022-04-30,USD,8420876141.47868
RBI:FR_INV_INFLW_RN(1.0),N_A,M,N_A,INV_CAT_NFDI_DI_IND,2023,2022,0,2022-04-30,USD,6350471612.18356
RBI:FR_INV_INFLW_RN(1.0),N_A,M,N_A,INV_CAT_NFDI_FDII,2023,2022,0,2022-04-30,USD,1024624110.85874
RBI:FR_INV_INFLW_RN(1.0),N_A,M,N_A,INV_CAT_NPI_FII,2023,2022,0,2022-04-30,USD,-3894355342.68967
RBI:FR_INV_INFLW_RN(1.0),N_A,M,N_A,INV_CAT_NPI_GDR_ADR,2023,2022,0,2022-04-30,USD,0.0
RBI:FR_INV_INFLW_RN(1.0),N_A,M,N_A,INV_CAT_NPI_OFF_FND_OTH,2023,2022,0,2022-04-30,USD,0.0
RBI:FR_INV_INFLW_RN(1.0),N_A,M,N_A,INV_CAT_NPI_PORTF_INV_IND,2023,2022,0,2022-04-30,USD,-9592821.7787592
RBI:FR_INV_INFLW_RN(1.0),N_A,M,N_A,INV_EQT,2023,2022,0,2022-04-30,USD,6578809467.85841
RBI:FR_INV_INFLW_RN(1.0),N_A,M,N_A,INV_FDI_EQT,2023,2022,0,2022-04-30,USD,476948750
RBI:FR_INV_INFLW_RN(1.0),N_A,M,N_A,INV_FDI_OTH_CAP,2023,2022,0,2022-04-30,USD,363950000
RBI:FR_INV_INFLW_RN(1.0),N_A,M,N_A,INV_FDI_RE_INV_EAR,2023,2022,0,2022-04-30,USD,367649583.333333
RBI:FR_INV_INFLW_RN(1.0),N_A,M,N_A,INV_FDI_RPTN_DINVT,2023,2022,0,2022-04-30,USD,183924222.474589
RBI:FR_INV_INFLW_RN(1.0),N_A,M,N_A,INV_FII,2023,2022,0,2022-04-30,USD,1441084980.4139
RBI:FR_INV_INFLW_RN(1.0),N_A,M,N_A,INV_OTH_CAP,2023,2022,0,2022-04-30,USD,378816666.666667
RBI:FR_INV_INFLW_RN(1.0),N_A,M,N_A,INV_REP_EQT,2023,2022,0,2022-04-30,USD,1932217896.36294
RBI:FR_INV_INFLW_RN(1.0),N_A,M,N_A,INV_REP_OTH_CAP,2023,2022,0,2022-04-30,USD,138186632.932173
RBI:FR_INV_INFLW_RN(1.0),N_A,M,N_A,INV_RE_INV_EAR,2023,2022,0,2022-04-30,USD,1463250006.9536
RBI:FR_INV_INFLW_RN(1.0),N_A,M,N_A,INV_RPTN_DINVT,2023,2022,0,2022-04-30,USD,2070404529.29512
RBI:FR_INV_INFLW_RN(1.0),N_A,M,N_A,EQT_ACQ_SHAR,2023,2022,0,2022-05-31,USD,1667206666.84485
RBI:FR_INV_INFLW_RN(1.0),N_A,M,N_A,EQT_CAP_UNINC_BOD,2023,2022,0,2022-05-31,USD,119445599.532541
RBI:FR_INV_INFLW_RN(1.0),N_A,M,N_A,EQT_GOVT_SIA_FIPB,2023,2022,0,2022-05-31,USD,203092075.98959
RBI:FR_INV_INFLW_RN(1.0),N_A,M,N_A,EQT_RBI,2023,2022,0,2022-05-31,USD,4281243049.63258
RBI:FR_INV_INFLW_RN(1.0),N_A,M,N_A,INV_CAT_NET_FR_DIR_INV,2023,2022,0,2022-05-31,USD,5311395425.46596
RBI:FR_INV_INFLW_RN(1.0),N_A,M,N_A,INV_CAT_NET_PORTF_INV,2023,2022,0,2022-05-31,USD,-4682841982.52275
RBI:FR_INV_INFLW_RN(1.0),N_A,M,N_A,INV_CAT_NFDI_DII_GROSS_INF_INV,2023,2022,0,2022-05-31,USD,8113054065.61983
RBI:FR_INV_INFLW_RN(1.0),N_A,M,N_A,INV_CAT_NFDI_DI_IND,2023,2022,0,2022-05-31,USD,6042649536.32471
RBI:FR_INV_INFLW_RN(1.0),N_A,M,N_A,INV_CAT_NFDI_FDII,2023,2022,0,2022-05-31,USD,731254110.858744
RBI:FR_INV_INFLW_RN(1.0),N_A,M,N_A,INV_CAT_NPI_FII,2023,2022,0,2022-05-31,USD,-4692434804.30151
RBI:FR_INV_INFLW_RN(1.0),N_A,M,N_A,INV_CAT_NPI_GDR_ADR,2023,2022,0,2022-05-31,USD,0.0
RBI:FR_INV_INFLW_RN(1.0),N_A,M,N_A,INV_CAT_NPI_OFF_FND_OTH,2023,2022,0,2022-05-31,USD,0.0
RBI:FR_INV_INFLW_RN(1.0),N_A,M,N_A,INV_CAT_NPI_PORTF_INV_IND,2023,2022,0,2022-05-31,USD,-9592821.7787592
RBI:FR_INV_INFLW_RN(1.0),N_A,M,N_A,INV_EQT,2023,2022,0,2022-05-31,USD,6270987391.99956
RBI:FR_INV_INFLW_RN(1.0),N_A,M,N_A,INV_FDI_EQT,2023,2022,0,2022-05-31,USD,333308750
RBI:FR_INV_INFLW_RN(1.0),N_A,M,N_A,INV_FDI_OTH_CAP,2023,2022,0,2022-05-31,USD,214220000
RBI:FR_INV_INFLW_RN(1.0),N_A,M,N_A,INV_FDI_RE_INV_EAR,2023,2022,0,2022-05-31,USD,367649583.333333
RBI:FR_INV_INFLW_RN(1.0),N_A,M,N_A,INV_FDI_RPTN_DINVT,2023,2022,0,2022-05-31,USD,183924222.474589
RBI:FR_INV_INFLW_RN(1.0),N_A,M,N_A,INV_FII,2023,2022,0,2022-05-31,USD,628553442.943209
RBI:FR_INV_INFLW_RN(1.0),N_A,M,N_A,INV_OTH_CAP,2023,2022,0,2022-05-31,USD,378816666.666667
RBI:FR_INV_INFLW_RN(1.0),N_A,M,N_A,INV_REP_EQT,2023,2022,0,2022-05-31,USD,1932217896.36294
RBI:FR_INV_INFLW_RN(1.0),N_A,M,N_A,INV_REP_OTH_CAP,2023,2022,0,2022-05-31,USD,138186632.932173
RBI:FR_INV_INFLW_RN(1.0),N_A,M,N_A,INV_RE_INV_EAR,2023,2022,0,2022-05-31,USD,1463250006.9536
RBI:FR_INV_INFLW_RN(1.0),N_A,M,N_A,INV_RPTN_DINVT,2023,2022,0,2022-05-31,USD,2070404529.29512
RBI:FR_INV_INFLW_RN(1.0),N_A,M,N_A,EQT_ACQ_SHAR,2023,2022,0,2022-06-30,USD,1580129513.58322
RBI:FR_INV_INFLW_RN(1.0),N_A,M,N_A,EQT_CAP_UNINC_BOD,2023,2022,0,2022-06-30,USD,119445599.532541
RBI:FR_INV_INFLW_RN(1.0),N_A,M,N_A,EQT_GOVT_SIA_FIPB,2023,2022,0,2022-06-30,USD,113184929.869186
RBI:FR_INV_INFLW_RN(1.0),N_A,M,N_A,EQT_RBI,2023,2022,0,2022-06-30,USD,2284967243.9183
RBI:FR_INV_INFLW_RN(1.0),N_A,M,N_A,INV_CAT_NET_FR_DIR_INV,2023,2022,0,2022-06-30,USD,2755205320.36965
RBI:FR_INV_INFLW_RN(1.0),N_A,M,N_A,INV_CAT_NET_PORTF_INV,2023,2022,0,2022-06-30,USD,-6062487519.467
RBI:FR_INV_INFLW_RN(1.0),N_A,M,N_A,INV_CAT_NFDI_DII_GROSS_INF_INV,2023,2022,0,2022-06-30,USD,5939793960.52352
RBI:FR_INV_INFLW_RN(1.0),N_A,M,N_A,INV_CAT_NFDI_DI_IND,2023,2022,0,2022-06-30,USD,3869389431.2284
RBI:FR_INV_INFLW_RN(1.0),N_A,M,N_A,INV_CAT_NFDI_FDII,2023,2022,0,2022-06-30,USD,1114184110.85874
RBI:FR_INV_INFLW_RN(1.0),N_A,M,N_A,INV_CAT_NPI_FII,2023,2022,0,2022-06-30,USD,-6072080341.24576
RBI:FR_INV_INFLW_RN(1.0),N_A,M,N_A,INV_CAT_NPI_GDR_ADR,2023,2022,0,2022-06-30,USD,0.0
RBI:FR_INV_INFLW_RN(1.0),N_A,M,N_A,INV_CAT_NPI_OFF_FND_OTH,2023,2022,0,2022-06-30,USD,0.0
RBI:FR_INV_INFLW_RN(1.0),N_A,M,N_A,INV_CAT_NPI_PORTF_INV_IND,2023,2022,0,2022-06-30,USD,-9592821.7787592
RBI:FR_INV_INFLW_RN(1.0),N_A,M,N_A,INV_EQT,2023,2022,0,2022-06-30,USD,4097727286.90325
RBI:FR_INV_INFLW_RN(1.0),N_A,M,N_A,INV_FDI_EQT,2023,2022,0,2022-06-30,USD,443368750
RBI:FR_INV_INFLW_RN(1.0),N_A,M,N_A,INV_FDI_OTH_CAP,2023,2022,0,2022-06-30,USD,487090000
RBI:FR_INV_INFLW_RN(1.0),N_A,M,N_A,INV_FDI_RE_INV_EAR,2023,2022,0,2022-06-30,USD,367649583.333333
RBI:FR_INV_INFLW_RN(1.0),N_A,M,N_A,INV_FDI_RPTN_DINVT,2023,2022,0,2022-06-30,USD,183924222.474589
RBI:FR_INV_INFLW_RN(1.0),N_A,M,N_A,INV_FII,2023,2022,0,2022-06-30,USD,-3307282199.09734
RBI:FR_INV_INFLW_RN(1.0),N_A,M,N_A,INV_OTH_CAP,2023,2022,0,2022-06-30,USD,378816666.666667
RBI:FR_INV_INFLW_RN(1.0),N_A,M,N_A,INV_REP_EQT,2023,2022,0,2022-06-30,USD,1932217896.36294
RBI:FR_INV_INFLW_RN(1.0),N_A,M,N_A,INV_REP_OTH_CAP,2023,2022,0,2022-06-30,USD,138186632.932173
RBI:FR_INV_INFLW_RN(1.0),N_A,M,N_A,INV_RE_INV_EAR,2023,2022,0,2022-06-30,USD,1463250006.9536
RBI:FR_INV_INFLW_RN(1.0),N_A,M,N_A,INV_RPTN_DINVT,2023,2022,0,2022-06-30,USD,2070404529.29512
RBI:FR_INV_INFLW_RN(1.0),N_A,M,N_A,EQT_ACQ_SHAR,2023,2022,0,2022-07-31,USD,755822652.964449
RBI:FR_INV_INFLW_RN(1.0),N_A,M,N_A,EQT_CAP_UNINC_BOD,2023,2022,0,2022-07-31,USD,125927121.171707
RBI:FR_INV_INFLW_RN(1.0),N_A,M,N_A,EQT_GOVT_SIA_FIPB,2023,2022,0,2022-07-31,USD,59922812.7885278
RBI:FR_INV_INFLW_RN(1.0),N_A,M,N_A,EQT_RBI,2023,2022,0,2022-07-31,USD,4155132209.089
RBI:FR_INV_INFLW_RN(1.0),N_A,M,N_A,INV_CAT_NET_FR_DIR_INV,2023,2022,0,2022-07-31,USD,3893275540.99464
RBI:FR_INV_INFLW_RN(1.0),N_A,M,N_A,INV_CAT_NET_PORTF_INV,2023,2022,0,2022-07-31,USD,370063647.749912
RBI:FR_INV_INFLW_RN(1.0),N_A,M,N_A,INV_CAT_NFDI_DII_GROSS_INF_INV,2023,2022,0,2022-07-31,USD,7163953634.2832
RBI:FR_INV_INFLW_RN(1.0),N_A,M,N_A,INV_CAT_NFDI_DI_IND,2023,2022,0,2022-07-31,USD,4562885724.78617
RBI:FR_INV_INFLW_RN(1.0),N_A,M,N_A,INV_CAT_NFDI_FDII,2023,2022,0,2022-07-31,USD,669610183.791529
RBI:FR_INV_INFLW_RN(1.0),N_A,M,N_A,INV_CAT_NPI_FII,2023,2022,0,2022-07-31,USD,493249435.463509
RBI:FR_INV_INFLW_RN(1.0),N_A,M,N_A,INV_CAT_NPI_GDR_ADR,2023,2022,0,2022-07-31,USD,0.0
RBI:FR_INV_INFLW_RN(1.0),N_A,M,N_A,INV_CAT_NPI_OFF_FND_OTH,2023,2022,0,2022-07-31,USD,0.0
RBI:FR_INV_INFLW_RN(1.0),N_A,M,N_A,INV_CAT_NPI_PORTF_INV_IND,2023,2022,0,2022-07-31,USD,123185787.713598
RBI:FR_INV_INFLW_RN(1.0),N_A,M,N_A,INV_EQT,2023,2022,0,2022-07-31,USD,5096804796.01368
RBI:FR_INV_INFLW_RN(1.0),N_A,M,N_A,INV_FDI_EQT,2023,2022,0,2022-07-31,USD,533898750
RBI:FR_INV_INFLW_RN(1.0),N_A,M,N_A,INV_FDI_OTH_CAP,2023,2022,0,2022-07-31,USD,169420000
RBI:FR_INV_INFLW_RN(1.0),N_A,M,N_A,INV_FDI_RE_INV_EAR,2023,2022,0,2022-07-31,USD,367649583.333333
RBI:FR_INV_INFLW_RN(1.0),N_A,M,N_A,INV_FDI_RPTN_DINVT,2023,2022,0,2022-07-31,USD,401358149.541804
RBI:FR_INV_INFLW_RN(1.0),N_A,M,N_A,INV_FII,2023,2022,0,2022-07-31,USD,4263339188.74455
RBI:FR_INV_INFLW_RN(1.0),N_A,M,N_A,INV_OTH_CAP,2023,2022,0,2022-07-31,USD,509703333.333333
RBI:FR_INV_INFLW_RN(1.0),N_A,M,N_A,INV_REP_EQT,2023,2022,0,2022-07-31,USD,2370337199.06273
RBI:FR_INV_INFLW_RN(1.0),N_A,M,N_A,INV_REP_OTH_CAP,2023,2022,0,2022-07-31,USD,230730710.434294
RBI:FR_INV_INFLW_RN(1.0),N_A,M,N_A,INV_RE_INV_EAR,2023,2022,0,2022-07-31,USD,1557445504.93619
RBI:FR_INV_INFLW_RN(1.0),N_A,M,N_A,INV_RPTN_DINVT,2023,2022,0,2022-07-31,USD,2601067909.49703
RBI:FR_INV_INFLW_RN(1.0),N_A,M,N_A,EQT_ACQ_SHAR,2023,2022,0,2022-08-31,USD,375637667.588232
RBI:FR_INV_INFLW_RN(1.0),N_A,M,N_A,EQT_CAP_UNINC_BOD,2023,2022,0,2022-08-31,USD,125927121.171707
RBI:FR_INV_INFLW_RN(1.0),N_A,M,N_A,EQT_GOVT_SIA_FIPB,2023,2022,0,2022-08-31,USD,26755240.3072907
RBI:FR_INV_INFLW_RN(1.0),N_A,M,N_A,EQT_RBI,2023,2022,0,2022-08-31,USD,1974088778.4981
RBI:FR_INV_INFLW_RN(1.0),N_A,M,N_A,INV_CAT_NET_FR_DIR_INV,2023,2022,0,2022-08-31,USD,748309552.546294
RBI:FR_INV_INFLW_RN(1.0),N_A,M,N_A,INV_CAT_NET_PORTF_INV,2023,2022,0,2022-08-31,USD,7336851559.46878
RBI:FR_INV_INFLW_RN(1.0),N_A,M,N_A,INV_CAT_NFDI_DII_GROSS_INF_INV,2023,2022,0,2022-08-31,USD,4569557645.83485
RBI:FR_INV_INFLW_RN(1.0),N_A,M,N_A,INV_CAT_NFDI_DI_IND,2023,2022,0,2022-08-31,USD,1968489736.33782
RBI:FR_INV_INFLW_RN(1.0),N_A,M,N_A,INV_CAT_NFDI_FDII,2023,2022,0,2022-08-31,USD,1220180183.79153
RBI:FR_INV_INFLW_RN(1.0),N_A,M,N_A,INV_CAT_NPI_FII,2023,2022,0,2022-08-31,USD,7460037347.18238
RBI:FR_INV_INFLW_RN(1.0),N_A,M,N_A,INV_CAT_NPI_GDR_ADR,2023,2022,0,2022-08-31,USD,0.0
RBI:FR_INV_INFLW_RN(1.0),N_A,M,N_A,INV_CAT_NPI_OFF_FND_OTH,2023,2022,0,2022-08-31,USD,0.0
RBI:FR_INV_INFLW_RN(1.0),N_A,M,N_A,INV_CAT_NPI_PORTF_INV_IND,2023,2022,0,2022-08-31,USD,123185787.713598
RBI:FR_INV_INFLW_RN(1.0),N_A,M,N_A,INV_EQT,2023,2022,0,2022-08-31,USD,2502408807.56533
RBI:FR_INV_INFLW_RN(1.0),N_A,M,N_A,INV_FDI_EQT,2023,2022,0,2022-08-31,USD,616928750
RBI:FR_INV_INFLW_RN(1.0),N_A,M,N_A,INV_FDI_OTH_CAP,2023,2022,0,2022-08-31,USD,636960000
RBI:FR_INV_INFLW_RN(1.0),N_A,M,N_A,INV_FDI_RE_INV_EAR,2023,2022,0,2022-08-31,USD,367649583.333333
RBI:FR_INV_INFLW_RN(1.0),N_A,M,N_A,INV_FDI_RPTN_DINVT,2023,2022,0,2022-08-31,USD,401358149.541804
RBI:FR_INV_INFLW_RN(1.0),N_A,M,N_A,INV_FII,2023,2022,0,2022-08-31,USD,8085161112.01508
RBI:FR_INV_INFLW_RN(1.0),N_A,M,N_A,INV_OTH_CAP,2023,2022,0,2022-08-31,USD,509703333.333333
RBI:FR_INV_INFLW_RN(1.0),N_A,M,N_A,INV_REP_EQT,2023,2022,0,2022-08-31,USD,2370337199.06273
RBI:FR_INV_INFLW_RN(1.0),N_A,M,N_A,INV_REP_OTH_CAP,2023,2022,0,2022-08-31,USD,230730710.434294
RBI:FR_INV_INFLW_RN(1.0),N_A,M,N_A,INV_RE_INV_EAR,2023,2022,0,2022-08-31,USD,1557445504.93619
RBI:FR_INV_INFLW_RN(1.0),N_A,M,N_A,INV_RPTN_DINVT,2023,2022,0,2022-08-31,USD,2601067909.49703
RBI:FR_INV_INFLW_RN(1.0),N_A,M,N_A,EQT_ACQ_SHAR,2023,2022,0,2022-09-30,USD,339466483.819888
RBI:FR_INV_INFLW_RN(1.0),N_A,M,N_A,EQT_CAP_UNINC_BOD,2023,2022,0,2022-09-30,USD,125927121.171707
RBI:FR_INV_INFLW_RN(1.0),N_A,M,N_A,EQT_GOVT_SIA_FIPB,2023,2022,0,2022-09-30,USD,90378071.185071
RBI:FR_INV_INFLW_RN(1.0),N_A,M,N_A,EQT_RBI,2023,2022,0,2022-09-30,USD,2543808909.48267
RBI:FR_INV_INFLW_RN(1.0),N_A,M,N_A,INV_CAT_NET_FR_DIR_INV,2023,2022,0,2022-09-30,USD,1567371330.6403
RBI:FR_INV_INFLW_RN(1.0),N_A,M,N_A,INV_CAT_NET_PORTF_INV,2023,2022,0,2022-09-30,USD,-1175042900.69155
RBI:FR_INV_INFLW_RN(1.0),N_A,M,N_A,INV_CAT_NFDI_DII_GROSS_INF_INV,2023,2022,0,2022-09-30,USD,5166729423.92885
RBI:FR_INV_INFLW_RN(1.0),N_A,M,N_A,INV_CAT_NFDI_DI_IND,2023,2022,0,2022-09-30,USD,2565661514.43183
RBI:FR_INV_INFLW_RN(1.0),N_A,M,N_A,INV_CAT_NFDI_FDII,2023,2022,0,2022-09-30,USD,998290183.791529
RBI:FR_INV_INFLW_RN(1.0),N_A,M,N_A,INV_CAT_NPI_FII,2023,2022,0,2022-09-30,USD,-1051857112.97795
RBI:FR_INV_INFLW_RN(1.0),N_A,M,N_A,INV_CAT_NPI_GDR_ADR,2023,2022,0,2022-09-30,USD,0.0
RBI:FR_INV_INFLW_RN(1.0),N_A,M,N_A,INV_CAT_NPI_OFF_FND_OTH,2023,2022,0,2022-09-30,USD,0.0
RBI:FR_INV_INFLW_RN(1.0),N_A,M,N_A,INV_CAT_NPI_PORTF_INV_IND,2023,2022,0,2022-09-30,USD,123185787.713598
RBI:FR_INV_INFLW_RN(1.0),N_A,M,N_A,INV_EQT,2023,2022,0,2022-09-30,USD,3099580585.65933
RBI:FR_INV_INFLW_RN(1.0),N_A,M,N_A,INV_FDI_EQT,2023,2022,0,2022-09-30,USD,631598750
RBI:FR_INV_INFLW_RN(1.0),N_A,M,N_A,INV_FDI_OTH_CAP,2023,2022,0,2022-09-30,USD,400400000
RBI:FR_INV_INFLW_RN(1.0),N_A,M,N_A,INV_FDI_RE_INV_EAR,2023,2022,0,2022-09-30,USD,367649583.333333
RBI:FR_INV_INFLW_RN(1.0),N_A,M,N_A,INV_FDI_RPTN_DINVT,2023,2022,0,2022-09-30,USD,401358149.541804
RBI:FR_INV_INFLW_RN(1.0),N_A,M,N_A,INV_FII,2023,2022,0,2022-09-30,USD,392328429.948751
RBI:FR_INV_INFLW_RN(1.0),N_A,M,N_A,INV_OTH_CAP,2023,2022,0,2022-09-30,USD,509703333.333333
RBI:FR_INV_INFLW_RN(1.0),N_A,M,N_A,INV_REP_EQT,2023,2022,0,2022-09-30,USD,2370337199.06273
RBI:FR_INV_INFLW_RN(1.0),N_A,M,N_A,INV_REP_OTH_CAP,2023,2022,0,2022-09-30,USD,230730710.434294
RBI:FR_INV_INFLW_RN(1.0),N_A,M,N_A,INV_RE_INV_EAR,2023,2022,0,2022-09-30,USD,1557445504.93619
RBI:FR_INV_INFLW_RN(1.0),N_A,M,N_A,INV_RPTN_DINVT,2023,2022,0,2022-09-30,USD,2601067909.49703
RBI:FR_INV_INFLW_RN(1.0),N_A,M,N_A,EQT_ACQ_SHAR,2023,2022,0,2022-10-31,USD,517298558.512588
RBI:FR_INV_INFLW_RN(1.0),N_A,M,N_A,EQT_CAP_UNINC_BOD,2023,2022,0,2022-10-31,USD,136539490.534329
RBI:FR_INV_INFLW_RN(1.0),N_A,M,N_A,EQT_GOVT_SIA_FIPB,2023,2022,0,2022-10-31,USD,2677503.61458074
RBI:FR_INV_INFLW_RN(1.0),N_A,M,N_A,EQT_RBI,2023,2022,0,2022-10-31,USD,2493223184.13938
RBI:FR_INV_INFLW_RN(1.0),N_A,M,N_A,INV_CAT_NET_FR_DIR_INV,2023,2022,0,2022-10-31,USD,1167656740.73788
RBI:FR_INV_INFLW_RN(1.0),N_A,M,N_A,INV_CAT_NET_PORTF_INV,2023,2022,0,2022-10-31,USD,562461537.656515
RBI:FR_INV_INFLW_RN(1.0),N_A,M,N_A,INV_CAT_NFDI_DII_GROSS_INF_INV,2023,2022,0,2022-10-31,USD,5109034599.80633
RBI:FR_INV_INFLW_RN(1.0),N_A,M,N_A,INV_CAT_NFDI_DI_IND,2023,2022,0,2022-10-31,USD,2176930475.95085
RBI:FR_INV_INFLW_RN(1.0),N_A,M,N_A,INV_CAT_NFDI_FDII,2023,2022,0,2022-10-31,USD,1009273735.21297
RBI:FR_INV_INFLW_RN(1.0),N_A,M,N_A,INV_CAT_NPI_FII,2023,2022,0,2022-10-31,USD,531325786.163002
RBI:FR_INV_INFLW_RN(1.0),N_A,M,N_A,INV_CAT_NPI_GDR_ADR,2023,2022,0,2022-10-31,USD,0.0
RBI:FR_INV_INFLW_RN(1.0),N_A,M,N_A,INV_CAT_NPI_OFF_FND_OTH,2023,2022,0,2022-10-31,USD,0.0
RBI:FR_INV_INFLW_RN(1.0),N_A,M,N_A,INV_CAT_NPI_PORTF_INV_IND,2023,2022,0,2022-10-31,USD,-31135751.493513
RBI:FR_INV_INFLW_RN(1.0),N_A,M,N_A,INV_EQT,2023,2022,0,2022-10-31,USD,3149738736.80088
RBI:FR_INV_INFLW_RN(1.0),N_A,M,N_A,INV_FDI_EQT,2023,2022,0,2022-10-31,USD,841438750
RBI:FR_INV_INFLW_RN(1.0),N_A,M,N_A,INV_FDI_OTH_CAP,2023,2022,0,2022-10-31,USD,98360000
RBI:FR_INV_INFLW_RN(1.0),N_A,M,N_A,INV_FDI_RE_INV_EAR,2023,2022,0,2022-10-31,USD,367649583.333333
RBI:FR_INV_INFLW_RN(1.0),N_A,M,N_A,INV_FDI_RPTN_DINVT,2023,2022,0,2022-10-31,USD,298174598.120367
RBI:FR_INV_INFLW_RN(1.0),N_A,M,N_A,INV_FII,2023,2022,0,2022-10-31,USD,1730118278.3944
RBI:FR_INV_INFLW_RN(1.0),N_A,M,N_A,INV_OTH_CAP,2023,2022,0,2022-10-31,USD,270493333.333333
RBI:FR_INV_INFLW_RN(1.0),N_A,M,N_A,INV_REP_EQT,2023,2022,0,2022-10-31,USD,2643936593.23709
RBI:FR_INV_INFLW_RN(1.0),N_A,M,N_A,INV_REP_OTH_CAP,2023,2022,0,2022-10-31,USD,288167530.618391
RBI:FR_INV_INFLW_RN(1.0),N_A,M,N_A,INV_RE_INV_EAR,2023,2022,0,2022-10-31,USD,1688802529.67211
RBI:FR_INV_INFLW_RN(1.0),N_A,M,N_A,INV_RPTN_DINVT,2023,2022,0,2022-10-31,USD,2932104123.85548
RBI:FR_INV_INFLW_RN(1.0),N_A,M,N_A,EQT_ACQ_SHAR,2023,2022,0,2022-11-30,USD,318708986.184092
RBI:FR_INV_INFLW_RN(1.0),N_A,M,N_A,EQT_CAP_UNINC_BOD,2023,2022,0,2022-11-30,USD,136539490.534329
RBI:FR_INV_INFLW_RN(1.0),N_A,M,N_A,EQT_GOVT_SIA_FIPB,2023,2022,0,2022-11-30,USD,3744481.35907427
RBI:FR_INV_INFLW_RN(1.0),N_A,M,N_A,EQT_RBI,2023,2022,0,2022-11-30,USD,2088975773.30405
RBI:FR_INV_INFLW_RN(1.0),N_A,M,N_A,INV_CAT_NET_FR_DIR_INV,2023,2022,0,2022-11-30,USD,-1007853264.68145
RBI:FR_INV_INFLW_RN(1.0),N_A,M,N_A,INV_CAT_NET_PORTF_INV,2023,2022,0,2022-11-30,USD,4736114002.49598
RBI:FR_INV_INFLW_RN(1.0),N_A,M,N_A,INV_CAT_NFDI_DII_GROSS_INF_INV,2023,2022,0,2022-11-30,USD,4507264594.38699
RBI:FR_INV_INFLW_RN(1.0),N_A,M,N_A,INV_CAT_NFDI_DI_IND,2023,2022,0,2022-11-30,USD,1575160470.53151
RBI:FR_INV_INFLW_RN(1.0),N_A,M,N_A,INV_CAT_NFDI_FDII,2023,2022,0,2022-11-30,USD,2583013735.21297
RBI:FR_INV_INFLW_RN(1.0),N_A,M,N_A,INV_CAT_NPI_FII,2023,2022,0,2022-11-30,USD,4704978251.00247
RBI:FR_INV_INFLW_RN(1.0),N_A,M,N_A,INV_CAT_NPI_GDR_ADR,2023,2022,0,2022-11-30,USD,0.0
RBI:FR_INV_INFLW_RN(1.0),N_A,M,N_A,INV_CAT_NPI_OFF_FND_OTH,2023,2022,0,2022-11-30,USD,0.0
RBI:FR_INV_INFLW_RN(1.0),N_A,M,N_A,INV_CAT_NPI_PORTF_INV_IND,2023,2022,0,2022-11-30,USD,-31135751.493513
RBI:FR_INV_INFLW_RN(1.0),N_A,M,N_A,INV_EQT,2023,2022,0,2022-11-30,USD,2547968731.38155
RBI:FR_INV_INFLW_RN(1.0),N_A,M,N_A,INV_FDI_EQT,2023,2022,0,2022-11-30,USD,1487808750
RBI:FR_INV_INFLW_RN(1.0),N_A,M,N_A,INV_FDI_OTH_CAP,2023,2022,0,2022-11-30,USD,1025730000
RBI:FR_INV_INFLW_RN(1.0),N_A,M,N_A,INV_FDI_RE_INV_EAR,2023,2022,0,2022-11-30,USD,367649583.333333
RBI:FR_INV_INFLW_RN(1.0),N_A,M,N_A,INV_FDI_RPTN_DINVT,2023,2022,0,2022-11-30,USD,298174598.120367
RBI:FR_INV_INFLW_RN(1.0),N_A,M,N_A,INV_FII,2023,2022,0,2022-11-30,USD,3728260737.81452
RBI:FR_INV_INFLW_RN(1.0),N_A,M,N_A,INV_OTH_CAP,2023,2022,0,2022-11-30,USD,270493333.333333
RBI:FR_INV_INFLW_RN(1.0),N_A,M,N_A,INV_REP_EQT,2023,2022,0,2022-11-30,USD,2643936593.23709
RBI:FR_INV_INFLW_RN(1.0),N_A,M,N_A,INV_REP_OTH_CAP,2023,2022,0,2022-11-30,USD,288167530.618391
RBI:FR_INV_INFLW_RN(1.0),N_A,M,N_A,INV_RE_INV_EAR,2023,2022,0,2022-11-30,USD,1688802529.67211
RBI:FR_INV_INFLW_RN(1.0),N_A,M,N_A,INV_RPTN_DINVT,2023,2022,0,2022-11-30,USD,2932104123.85548
RBI:FR_INV_INFLW_RN(1.0),N_A,M,N_A,EQT_ACQ_SHAR,2023,2022,0,2022-12-31,USD,333092783.49795
RBI:FR_INV_INFLW_RN(1.0),N_A,M,N_A,EQT_CAP_UNINC_BOD,2023,2022,0,2022-12-31,USD,136539490.534329
RBI:FR_INV_INFLW_RN(1.0),N_A,M,N_A,EQT_GOVT_SIA_FIPB,2023,2022,0,2022-12-31,USD,90230454.8371864
RBI:FR_INV_INFLW_RN(1.0),N_A,M,N_A,EQT_RBI,2023,2022,0,2022-12-31,USD,3988088302.79713
RBI:FR_INV_INFLW_RN(1.0),N_A,M,N_A,INV_CAT_NET_FR_DIR_INV,2023,2022,0,2022-12-31,USD,1870299035.60359
RBI:FR_INV_INFLW_RN(1.0),N_A,M,N_A,INV_CAT_NET_PORTF_INV,2023,2022,0,2022-12-31,USD,-688024537.050956
RBI:FR_INV_INFLW_RN(1.0),N_A,M,N_A,INV_CAT_NFDI_DII_GROSS_INF_INV,2023,2022,0,2022-12-31,USD,6507246894.67204
RBI:FR_INV_INFLW_RN(1.0),N_A,M,N_A,INV_CAT_NFDI_DI_IND,2023,2022,0,2022-12-31,USD,3575142770.81656
RBI:FR_INV_INFLW_RN(1.0),N_A,M,N_A,INV_CAT_NFDI_FDII,2023,2022,0,2022-12-31,USD,1704843735.21297
RBI:FR_INV_INFLW_RN(1.0),N_A,M,N_A,INV_CAT_NPI_FII,2023,2022,0,2022-12-31,USD,-719160288.544469
RBI:FR_INV_INFLW_RN(1.0),N_A,M,N_A,INV_CAT_NPI_GDR_ADR,2023,2022,0,2022-12-31,USD,0.0
RBI:FR_INV_INFLW_RN(1.0),N_A,M,N_A,INV_CAT_NPI_OFF_FND_OTH,2023,2022,0,2022-12-31,USD,0.0
RBI:FR_INV_INFLW_RN(1.0),N_A,M,N_A,INV_CAT_NPI_PORTF_INV_IND,2023,2022,0,2022-12-31,USD,-31135751.493513
RBI:FR_INV_INFLW_RN(1.0),N_A,M,N_A,INV_EQT,2023,2022,0,2022-12-31,USD,4547951031.66659
RBI:FR_INV_INFLW_RN(1.0),N_A,M,N_A,INV_FDI_EQT,2023,2022,0,2022-12-31,USD,1282548750
RBI:FR_INV_INFLW_RN(1.0),N_A,M,N_A,INV_FDI_OTH_CAP,2023,2022,0,2022-12-31,USD,352820000
RBI:FR_INV_INFLW_RN(1.0),N_A,M,N_A,INV_FDI_RE_INV_EAR,2023,2022,0,2022-12-31,USD,367649583.333333
RBI:FR_INV_INFLW_RN(1.0),N_A,M,N_A,INV_FDI_RPTN_DINVT,2023,2022,0,2022-12-31,USD,298174598.120367
RBI:FR_INV_INFLW_RN(1.0),N_A,M,N_A,INV_FII,2023,2022,0,2022-12-31,USD,1182274498.55263
RBI:FR_INV_INFLW_RN(1.0),N_A,M,N_A,INV_OTH_CAP,2023,2022,0,2022-12-31,USD,270493333.333333
RBI:FR_INV_INFLW_RN(1.0),N_A,M,N_A,INV_REP_EQT,2023,2022,0,2022-12-31,USD,2643936593.23709
RBI:FR_INV_INFLW_RN(1.0),N_A,M,N_A,INV_REP_OTH_CAP,2023,2022,0,2022-12-31,USD,288167530.618391
RBI:FR_INV_INFLW_RN(1.0),N_A,M,N_A,INV_RE_INV_EAR,2023,2022,0,2022-12-31,USD,1688802529.67211
RBI:FR_INV_INFLW_RN(1.0),N_A,M,N_A,INV_RPTN_DINVT,2023,2022,0,2022-12-31,USD,2932104123.85548
RBI:FR_INV_INFLW_RN(1.0),N_A,M,N_A,EQT_ACQ_SHAR,2023,2022,0,2023-01-31,USD,592265098.959226
RBI:FR_INV_INFLW_RN(1.0),N_A,M,N_A,EQT_CAP_UNINC_BOD,2023,2022,0,2023-01-31,USD,140063888.251682
RBI:FR_INV_INFLW_RN(1.0),N_A,M,N_A,EQT_GOVT_SIA_FIPB,2023,2022,0,2023-01-31,USD,29220005.210108
RBI:FR_INV_INFLW_RN(1.0),N_A,M,N_A,EQT_RBI,2023,2022,0,2023-01-31,USD,3434395438.48787
RBI:FR_INV_INFLW_RN(1.0),N_A,M,N_A,INV_CAT_NET_FR_DIR_INV,2023,2022,0,2023-01-31,USD,3364249237.40968
RBI:FR_INV_INFLW_RN(1.0),N_A,M,N_A,INV_CAT_NET_PORTF_INV,2023,2022,0,2023-01-31,USD,-2892324980.95616
RBI:FR_INV_INFLW_RN(1.0),N_A,M,N_A,INV_CAT_NFDI_DII_GROSS_INF_INV,2023,2022,0,2023-01-31,USD,6245777531.4577
RBI:FR_INV_INFLW_RN(1.0),N_A,M,N_A,INV_CAT_NFDI_DI_IND,2023,2022,0,2023-01-31,USD,4066337579.81745
RBI:FR_INV_INFLW_RN(1.0),N_A,M,N_A,INV_CAT_NFDI_FDII,2023,2022,0,2023-01-31,USD,702088342.407777
RBI:FR_INV_INFLW_RN(1.0),N_A,M,N_A,INV_CAT_NPI_FII,2023,2022,0,2023-01-31,USD,-2866768317.37776
RBI:FR_INV_INFLW_RN(1.0),N_A,M,N_A,INV_CAT_NPI_GDR_ADR,2023,2022,0,2023-01-31,USD,0.0
RBI:FR_INV_INFLW_RN(1.0),N_A,M,N_A,INV_CAT_NPI_OFF_FND_OTH,2023,2022,0,2023-01-31,USD,0.0
RBI:FR_INV_INFLW_RN(1.0),N_A,M,N_A,INV_CAT_NPI_PORTF_INV_IND,2023,2022,0,2023-01-31,USD,25556663.5783994
RBI:FR_INV_INFLW_RN(1.0),N_A,M,N_A,INV_EQT,2023,2022,0,2023-01-31,USD,4195944430.90888
RBI:FR_INV_INFLW_RN(1.0),N_A,M,N_A,INV_FDI_EQT,2023,2022,0,2023-01-31,USD,591928750
RBI:FR_INV_INFLW_RN(1.0),N_A,M,N_A,INV_FDI_OTH_CAP,2023,2022,0,2023-01-31,USD,151470000
RBI:FR_INV_INFLW_RN(1.0),N_A,M,N_A,INV_FDI_RE_INV_EAR,2023,2022,0,2023-01-31,USD,367649583.333333
RBI:FR_INV_INFLW_RN(1.0),N_A,M,N_A,INV_FDI_RPTN_DINVT,2023,2022,0,2023-01-31,USD,408959990.925556
RBI:FR_INV_INFLW_RN(1.0),N_A,M,N_A,INV_FII,2023,2022,0,2023-01-31,USD,471924256.453517
RBI:FR_INV_INFLW_RN(1.0),N_A,M,N_A,INV_OTH_CAP,2023,2022,0,2023-01-31,USD,391096666.666667
RBI:FR_INV_INFLW_RN(1.0),N_A,M,N_A,INV_REP_EQT,2023,2022,0,2023-01-31,USD,2084723287.07525
RBI:FR_INV_INFLW_RN(1.0),N_A,M,N_A,INV_REP_OTH_CAP,2023,2022,0,2023-01-31,USD,94716664.5649915
RBI:FR_INV_INFLW_RN(1.0),N_A,M,N_A,INV_RE_INV_EAR,2023,2022,0,2023-01-31,USD,1658736433.88215
RBI:FR_INV_INFLW_RN(1.0),N_A,M,N_A,INV_RPTN_DINVT,2023,2022,0,2023-01-31,USD,2179439951.64024
RBI:FR_INV_INFLW_RN(1.0),N_A,M,N_A,EQT_ACQ_SHAR,2023,2022,0,2023-02-28,USD,736441234.380196
RBI:FR_INV_INFLW_RN(1.0),N_A,M,N_A,EQT_CAP_UNINC_BOD,2023,2022,0,2023-02-28,USD,140063888.251682
RBI:FR_INV_INFLW_RN(1.0),N_A,M,N_A,EQT_GOVT_SIA_FIPB,2023,2022,0,2023-02-28,USD,640630.645655362
RBI:FR_INV_INFLW_RN(1.0),N_A,M,N_A,EQT_RBI,2023,2022,0,2023-02-28,USD,2112832937.34837
RBI:FR_INV_INFLW_RN(1.0),N_A,M,N_A,INV_CAT_NET_FR_DIR_INV,2023,2022,0,2023-02-28,USD,1716483497.1267
RBI:FR_INV_INFLW_RN(1.0),N_A,M,N_A,INV_CAT_NET_PORTF_INV,2023,2022,0,2023-02-28,USD,-331506857.155469
RBI:FR_INV_INFLW_RN(1.0),N_A,M,N_A,INV_CAT_NFDI_DII_GROSS_INF_INV,2023,2022,0,2023-02-28,USD,5039811791.17472
RBI:FR_INV_INFLW_RN(1.0),N_A,M,N_A,INV_CAT_NFDI_DI_IND,2023,2022,0,2023-02-28,USD,2860371839.53447
RBI:FR_INV_INFLW_RN(1.0),N_A,M,N_A,INV_CAT_NFDI_FDII,2023,2022,0,2023-02-28,USD,1143888342.40778
RBI:FR_INV_INFLW_RN(1.0),N_A,M,N_A,INV_CAT_NPI_FII,2023,2022,0,2023-02-28,USD,-305950193.577069
RBI:FR_INV_INFLW_RN(1.0),N_A,M,N_A,INV_CAT_NPI_GDR_ADR,2023,2022,0,2023-02-28,USD,0.0
RBI:FR_INV_INFLW_RN(1.0),N_A,M,N_A,INV_CAT_NPI_OFF_FND_OTH,2023,2022,0,2023-02-28,USD,0.0
RBI:FR_INV_INFLW_RN(1.0),N_A,M,N_A,INV_CAT_NPI_PORTF_INV_IND,2023,2022,0,2023-02-28,USD,25556663.5783994
RBI:FR_INV_INFLW_RN(1.0),N_A,M,N_A,INV_EQT,2023,2022,0,2023-02-28,USD,2989978690.6259
RBI:FR_INV_INFLW_RN(1.0),N_A,M,N_A,INV_FDI_EQT,2023,2022,0,2023-02-28,USD,810978750
RBI:FR_INV_INFLW_RN(1.0),N_A,M,N_A,INV_FDI_OTH_CAP,2023,2022,0,2023-02-28,USD,374220000
RBI:FR_INV_INFLW_RN(1.0),N_A,M,N_A,INV_FDI_RE_INV_EAR,2023,2022,0,2023-02-28,USD,367649583.333333
RBI:FR_INV_INFLW_RN(1.0),N_A,M,N_A,INV_FDI_RPTN_DINVT,2023,2022,0,2023-02-28,USD,408959990.925556
RBI:FR_INV_INFLW_RN(1.0),N_A,M,N_A,INV_FII,2023,2022,0,2023-02-28,USD,1384976639.97123
RBI:FR_INV_INFLW_RN(1.0),N_A,M,N_A,INV_OTH_CAP,2023,2022,0,2023-02-28,USD,391096666.666667
RBI:FR_INV_INFLW_RN(1.0),N_A,M,N_A,INV_REP_EQT,2023,2022,0,2023-02-28,USD,2084723287.07525
RBI:FR_INV_INFLW_RN(1.0),N_A,M,N_A,INV_REP_OTH_CAP,2023,2022,0,2023-02-28,USD,94716664.5649915
RBI:FR_INV_INFLW_RN(1.0),N_A,M,N_A,INV_RE_INV_EAR,2023,2022,0,2023-02-28,USD,1658736433.88215
RBI:FR_INV_INFLW_RN(1.0),N_A,M,N_A,INV_RPTN_DINVT,2023,2022,0,2023-02-28,USD,2179439951.64024
RBI:FR_INV_INFLW_RN(1.0),N_A,M,N_A,EQT_ACQ_SHAR,2023,2022,0,2023-03-31,USD,471232851.188069
RBI:FR_INV_INFLW_RN(1.0),N_A,M,N_A,EQT_CAP_UNINC_BOD,2023,2022,0,2023-03-31,USD,140063888.251682
RBI:FR_INV_INFLW_RN(1.0),N_A,M,N_A,EQT_GOVT_SIA_FIPB,2023,2022,0,2023-03-31,USD,9441998.91916945
RBI:FR_INV_INFLW_RN(1.0),N_A,M,N_A,EQT_RBI,2023,2022,0,2023-03-31,USD,1901340250.4334
RBI:FR_INV_INFLW_RN(1.0),N_A,M,N_A,INV_CAT_NET_FR_DIR_INV,2023,2022,0,2023-03-31,USD,1274043795.29311
RBI:FR_INV_INFLW_RN(1.0),N_A,M,N_A,INV_CAT_NET_PORTF_INV,2023,2022,0,2023-03-31,USD,1559643157.04724
RBI:FR_INV_INFLW_RN(1.0),N_A,M,N_A,INV_CAT_NFDI_DII_GROSS_INF_INV,2023,2022,0,2023-03-31,USD,4571912089.34113
RBI:FR_INV_INFLW_RN(1.0),N_A,M,N_A,INV_CAT_NFDI_DI_IND,2023,2022,0,2023-03-31,USD,2392472137.70089
RBI:FR_INV_INFLW_RN(1.0),N_A,M,N_A,INV_CAT_NFDI_FDII,2023,2022,0,2023-03-31,USD,1118428342.40778
RBI:FR_INV_INFLW_RN(1.0),N_A,M,N_A,INV_CAT_NPI_FII,2023,2022,0,2023-03-31,USD,1585199820.62563
RBI:FR_INV_INFLW_RN(1.0),N_A,M,N_A,INV_CAT_NPI_GDR_ADR,2023,2022,0,2023-03-31,USD,0.0
RBI:FR_INV_INFLW_RN(1.0),N_A,M,N_A,INV_CAT_NPI_OFF_FND_OTH,2023,2022,0,2023-03-31,USD,0.0
RBI:FR_INV_INFLW_RN(1.0),N_A,M,N_A,INV_CAT_NPI_PORTF_INV_IND,2023,2022,0,2023-03-31,USD,25556663.5783994
RBI:FR_INV_INFLW_RN(1.0),N_A,M,N_A,INV_EQT,2023,2022,0,2023-03-31,USD,2522078988.79232
RBI:FR_INV_INFLW_RN(1.0),N_A,M,N_A,INV_FDI_EQT,2023,2022,0,2023-03-31,USD,720138750
RBI:FR_INV_INFLW_RN(1.0),N_A,M,N_A,INV_FDI_OTH_CAP,2023,2022,0,2023-03-31,USD,439600000
RBI:FR_INV_INFLW_RN(1.0),N_A,M,N_A,INV_FDI_RE_INV_EAR,2023,2022,0,2023-03-31,USD,367649583.333333
RBI:FR_INV_INFLW_RN(1.0),N_A,M,N_A,INV_FDI_RPTN_DINVT,2023,2022,0,2023-03-31,USD,408959990.925556
RBI:FR_INV_INFLW_RN(1.0),N_A,M,N_A,INV_FII,2023,2022,0,2023-03-31,USD,2833686952.34034
RBI:FR_INV_INFLW_RN(1.0),N_A,M,N_A,INV_OTH_CAP,2023,2022,0,2023-03-31,USD,391096666.666667
RBI:FR_INV_INFLW_RN(1.0),N_A,M,N_A,INV_REP_EQT,2023,2022,0,2023-03-31,USD,2084723287.07525
RBI:FR_INV_INFLW_RN(1.0),N_A,M,N_A,INV_REP_OTH_CAP,2023,2022,0,2023-03-31,USD,94716664.5649915
RBI:FR_INV_INFLW_RN(1.0),N_A,M,N_A,INV_RE_INV_EAR,2023,2022,0,2023-03-31,USD,1658736433.88215
RBI:FR_INV_INFLW_RN(1.0),N_A,M,N_A,INV_RPTN_DINVT,2023,2022,0,2023-03-31,USD,2179439951.64024
RBI:FR_INV_INFLW_RN(1.0),N_A,M,N_A,EQT_ACQ_SHAR,2024,2023,0,2023-04-30,USD,455207998.03
RBI:FR_INV_INFLW_RN(1.0),N_A,M,N_A,EQT_CAP_UNINC_BOD,2024,2023,0,2023-04-30,USD,106726389.043
RBI:FR_INV_INFLW_RN(1.0),N_A,M,N_A,EQT_GOVT_SIA_FIPB,2024,2023,0,2023-04-30,USD,25131883.617
RBI:FR_INV_INFLW_RN(1.0),N_A,M,N_A,EQT_RBI,2024,2023,0,2023-04-30,USD,4625268074.049
RBI:FR_INV_INFLW_RN(1.0),N_A,M,N_A,INV_CAT_NET_FR_DIR_INV,2024,2023,0,2023-04-30,USD,2758779326.69
RBI:FR_INV_INFLW_RN(1.0),N_A,M,N_A,INV_CAT_NET_PORTF_INV,2024,2023,0,2023-04-30,USD,2095038674.286
RBI:FR_INV_INFLW_RN(1.0),N_A,M,N_A,INV_CAT_NFDI_DII_GROSS_INF_INV,2024,2023,0,2023-04-30,USD,7387659978.397
RBI:FR_INV_INFLW_RN(1.0),N_A,M,N_A,INV_CAT_NFDI_DI_IND,2024,2023,0,2023-04-30,USD,3911832794.514
RBI:FR_INV_INFLW_RN(1.0),N_A,M,N_A,INV_CAT_NFDI_FDII,2024,2023,0,2023-04-30,USD,1153053467.824
RBI:FR_INV_INFLW_RN(1.0),N_A,M,N_A,INV_CAT_NPI_FII,2024,2023,0,2023-04-30,USD,2214507294.018
RBI:FR_INV_INFLW_RN(1.0),N_A,M,N_A,INV_CAT_NPI_GDR_ADR,2024,2023,0,2023-04-30,USD,0.0
RBI:FR_INV_INFLW_RN(1.0),N_A,M,N_A,INV_CAT_NPI_OFF_FND_OTH,2024,2023,0,2023-04-30,USD,0.0
RBI:FR_INV_INFLW_RN(1.0),N_A,M,N_A,INV_CAT_NPI_PORTF_INV_IND,2024,2023,0,2023-04-30,USD,119468619.732
RBI:FR_INV_INFLW_RN(1.0),N_A,M,N_A,INV_EQT,2024,2023,0,2023-04-30,USD,5212334344.739
RBI:FR_INV_INFLW_RN(1.0),N_A,M,N_A,INV_FDI_EQT,2024,2023,0,2023-04-30,USD,773056458.333
RBI:FR_INV_INFLW_RN(1.0),N_A,M,N_A,INV_FDI_OTH_CAP,2024,2023,0,2023-04-30,USD,394110000
RBI:FR_INV_INFLW_RN(1.0),N_A,M,N_A,INV_FDI_RE_INV_EAR,2024,2023,0,2023-04-30,USD,482127083.333
RBI:FR_INV_INFLW_RN(1.0),N_A,M,N_A,INV_FDI_RPTN_DINVT,2024,2023,0,2023-04-30,USD,496240073.842
RBI:FR_INV_INFLW_RN(1.0),N_A,M,N_A,INV_FII,2024,2023,0,2023-04-30,USD,4853818000.975
RBI:FR_INV_INFLW_RN(1.0),N_A,M,N_A,INV_OTH_CAP,2024,2023,0,2023-04-30,USD,661793333.333
RBI:FR_INV_INFLW_RN(1.0),N_A,M,N_A,INV_REP_EQT,2024,2023,0,2023-04-30,USD,3116837130.464
RBI:FR_INV_INFLW_RN(1.0),N_A,M,N_A,INV_REP_OTH_CAP,2024,2023,0,2023-04-30,USD,358990053.419
RBI:FR_INV_INFLW_RN(1.0),N_A,M,N_A,INV_RE_INV_EAR,2024,2023,0,2023-04-30,USD,1513532300.325
RBI:FR_INV_INFLW_RN(1.0),N_A,M,N_A,INV_RPTN_DINVT,2024,2023,0,2023-04-30,USD,3475827183.883
RBI:FR_INV_INFLW_RN(1.0),N_A,M,N_A,EQT_ACQ_SHAR,2024,2023,0,2023-05-31,USD,543492378.241
RBI:FR_INV_INFLW_RN(1.0),N_A,M,N_A,EQT_CAP_UNINC_BOD,2024,2023,0,2023-05-31,USD,106726389.043
RBI:FR_INV_INFLW_RN(1.0),N_A,M,N_A,EQT_GOVT_SIA_FIPB,2024,2023,0,2023-05-31,USD,14634188.957
RBI:FR_INV_INFLW_RN(1.0),N_A,M,N_A,EQT_RBI,2024,2023,0,2023-05-31,USD,2120249265.005
RBI:FR_INV_INFLW_RN(1.0),N_A,M,N_A,INV_CAT_NET_FR_DIR_INV,2024,2023,0,2023-05-31,USD,665607203.196
RBI:FR_INV_INFLW_RN(1.0),N_A,M,N_A,INV_CAT_NET_PORTF_INV,2024,2023,0,2023-05-31,USD,5986044049.794
RBI:FR_INV_INFLW_RN(1.0),N_A,M,N_A,INV_CAT_NFDI_DII_GROSS_INF_INV,2024,2023,0,2023-05-31,USD,4960427854.903
RBI:FR_INV_INFLW_RN(1.0),N_A,M,N_A,INV_CAT_NFDI_DI_IND,2024,2023,0,2023-05-31,USD,1484600671.02
RBI:FR_INV_INFLW_RN(1.0),N_A,M,N_A,INV_CAT_NFDI_FDII,2024,2023,0,2023-05-31,USD,818993467.824
RBI:FR_INV_INFLW_RN(1.0),N_A,M,N_A,INV_CAT_NPI_FII,2024,2023,0,2023-05-31,USD,6105512669.526
RBI:FR_INV_INFLW_RN(1.0),N_A,M,N_A,INV_CAT_NPI_GDR_ADR,2024,2023,0,2023-05-31,USD,0.0
RBI:FR_INV_INFLW_RN(1.0),N_A,M,N_A,INV_CAT_NPI_OFF_FND_OTH,2024,2023,0,2023-05-31,USD,0.0
RBI:FR_INV_INFLW_RN(1.0),N_A,M,N_A,INV_CAT_NPI_PORTF_INV_IND,2024,2023,0,2023-05-31,USD,119468619.732
RBI:FR_INV_INFLW_RN(1.0),N_A,M,N_A,INV_EQT,2024,2023,0,2023-05-31,USD,2785102221.245
RBI:FR_INV_INFLW_RN(1.0),N_A,M,N_A,INV_FDI_EQT,2024,2023,0,2023-05-31,USD,612026458.333
RBI:FR_INV_INFLW_RN(1.0),N_A,M,N_A,INV_FDI_OTH_CAP,2024,2023,0,2023-05-31,USD,221080000
RBI:FR_INV_INFLW_RN(1.0),N_A,M,N_A,INV_FDI_RE_INV_EAR,2024,2023,0,2023-05-31,USD,482127083.333
RBI:FR_INV_INFLW_RN(1.0),N_A,M,N_A,INV_FDI_RPTN_DINVT,2024,2023,0,2023-05-31,USD,496240073.842
RBI:FR_INV_INFLW_RN(1.0),N_A,M,N_A,INV_FII,2024,2023,0,2023-05-31,USD,6651651252.99
RBI:FR_INV_INFLW_RN(1.0),N_A,M,N_A,INV_OTH_CAP,2024,2023,0,2023-05-31,USD,661793333.333
RBI:FR_INV_INFLW_RN(1.0),N_A,M,N_A,INV_REP_EQT,2024,2023,0,2023-05-31,USD,3116837130.464
RBI:FR_INV_INFLW_RN(1.0),N_A,M,N_A,INV_REP_OTH_CAP,2024,2023,0,2023-05-31,USD,358990053.419
RBI:FR_INV_INFLW_RN(1.0),N_A,M,N_A,INV_RE_INV_EAR,2024,2023,0,2023-05-31,USD,1513532300.325
RBI:FR_INV_INFLW_RN(1.0),N_A,M,N_A,INV_RPTN_DINVT,2024,2023,0,2023-05-31,USD,3475827183.883
RBI:FR_INV_INFLW_RN(1.0),N_A,M,N_A,EQT_ACQ_SHAR,2024,2023,0,2023-06-30,USD,637921252.235
RBI:FR_INV_INFLW_RN(1.0),N_A,M,N_A,EQT_CAP_UNINC_BOD,2024,2023,0,2023-06-30,USD,106726389.043
RBI:FR_INV_INFLW_RN(1.0),N_A,M,N_A,EQT_GOVT_SIA_FIPB,2024,2023,0,2023-06-30,USD,4859273.333
RBI:FR_INV_INFLW_RN(1.0),N_A,M,N_A,EQT_RBI,2024,2023,0,2023-06-30,USD,2518810314.721
RBI:FR_INV_INFLW_RN(1.0),N_A,M,N_A,INV_CAT_NET_FR_DIR_INV,2024,2023,0,2023-06-30,USD,1305482211.281
RBI:FR_INV_INFLW_RN(1.0),N_A,M,N_A,INV_CAT_NET_PORTF_INV,2024,2023,0,2023-06-30,USD,7649739198.993
RBI:FR_INV_INFLW_RN(1.0),N_A,M,N_A,INV_CAT_NFDI_DII_GROSS_INF_INV,2024,2023,0,2023-06-30,USD,5443642862.988
RBI:FR_INV_INFLW_RN(1.0),N_A,M,N_A,INV_CAT_NFDI_DI_IND,2024,2023,0,2023-06-30,USD,1967815679.106
RBI:FR_INV_INFLW_RN(1.0),N_A,M,N_A,INV_CAT_NFDI_FDII,2024,2023,0,2023-06-30,USD,662333467.824
RBI:FR_INV_INFLW_RN(1.0),N_A,M,N_A,INV_CAT_NPI_FII,2024,2023,0,2023-06-30,USD,7769207818.725
RBI:FR_INV_INFLW_RN(1.0),N_A,M,N_A,INV_CAT_NPI_GDR_ADR,2024,2023,0,2023-06-30,USD,0.0
RBI:FR_INV_INFLW_RN(1.0),N_A,M,N_A,INV_CAT_NPI_OFF_FND_OTH,2024,2023,0,2023-06-30,USD,0.0
RBI:FR_INV_INFLW_RN(1.0),N_A,M,N_A,INV_CAT_NPI_PORTF_INV_IND,2024,2023,0,2023-06-30,USD,119468619.732
RBI:FR_INV_INFLW_RN(1.0),N_A,M,N_A,INV_EQT,2024,2023,0,2023-06-30,USD,3268317229.33
RBI:FR_INV_INFLW_RN(1.0),N_A,M,N_A,INV_FDI_EQT,2024,2023,0,2023-06-30,USD,478906458.333
RBI:FR_INV_INFLW_RN(1.0),N_A,M,N_A,INV_FDI_OTH_CAP,2024,2023,0,2023-06-30,USD,197540000
RBI:FR_INV_INFLW_RN(1.0),N_A,M,N_A,INV_FDI_RE_INV_EAR,2024,2023,0,2023-06-30,USD,482127083.333
RBI:FR_INV_INFLW_RN(1.0),N_A,M,N_A,INV_FDI_RPTN_DINVT,2024,2023,0,2023-06-30,USD,496240073.842
RBI:FR_INV_INFLW_RN(1.0),N_A,M,N_A,INV_FII,2024,2023,0,2023-06-30,USD,8955221410.274
RBI:FR_INV_INFLW_RN(1.0),N_A,M,N_A,INV_OTH_CAP,2024,2023,0,2023-06-30,USD,661793333.333
RBI:FR_INV_INFLW_RN(1.0),N_A,M,N_A,INV_REP_EQT,2024,2023,0,2023-06-30,USD,3116837130.464
RBI:FR_INV_INFLW_RN(1.0),N_A,M,N_A,INV_REP_OTH_CAP,2024,2023,0,2023-06-30,USD,358990053.419
RBI:FR_INV_INFLW_RN(1.0),N_A,M,N_A,INV_RE_INV_EAR,2024,2023,0,2023-06-30,USD,1513532300.325
RBI:FR_INV_INFLW_RN(1.0),N_A,M,N_A,INV_RPTN_DINVT,2024,2023,0,2023-06-30,USD,3475827183.883
RBI:FR_INV_INFLW_RN(1.0),N_A,M,N_A,EQT_ACQ_SHAR,2024,2023,0,2023-07-31,USD,772213344.066
RBI:FR_INV_INFLW_RN(1.0),N_A,M,N_A,EQT_CAP_UNINC_BOD,2024,2023,0,2023-07-31,USD,111410406.423
RBI:FR_INV_INFLW_RN(1.0),N_A,M,N_A,EQT_GOVT_SIA_FIPB,2024,2023,0,2023-07-31,USD,53161837.774
RBI:FR_INV_INFLW_RN(1.0),N_A,M,N_A,EQT_RBI,2024,2023,0,2023-07-31,USD,1720734096.187
RBI:FR_INV_INFLW_RN(1.0),N_A,M,N_A,INV_CAT_NET_FR_DIR_INV,2024,2023,0,2023-07-31,USD,-924852363.18
RBI:FR_INV_INFLW_RN(1.0),N_A,M,N_A,INV_CAT_NET_PORTF_INV,2024,2023,0,2023-07-31,USD,4292493574.894
RBI:FR_INV_INFLW_RN(1.0),N_A,M,N_A,INV_CAT_NFDI_DII_GROSS_INF_INV,2024,2023,0,2023-07-31,USD,4606201360.105
RBI:FR_INV_INFLW_RN(1.0),N_A,M,N_A,INV_CAT_NFDI_DI_IND,2024,2023,0,2023-07-31,USD,377474498.555
RBI:FR_INV_INFLW_RN(1.0),N_A,M,N_A,INV_CAT_NFDI_FDII,2024,2023,0,2023-07-31,USD,1302326861.734
RBI:FR_INV_INFLW_RN(1.0),N_A,M,N_A,INV_CAT_NPI_FII,2024,2023,0,2023-07-31,USD,4405640258.91
RBI:FR_INV_INFLW_RN(1.0),N_A,M,N_A,INV_CAT_NPI_GDR_ADR,2024,2023,0,2023-07-31,USD,0.0
RBI:FR_INV_INFLW_RN(1.0),N_A,M,N_A,INV_CAT_NPI_OFF_FND_OTH,2024,2023,0,2023-07-31,USD,0.0
RBI:FR_INV_INFLW_RN(1.0),N_A,M,N_A,INV_CAT_NPI_PORTF_INV_IND,2024,2023,0,2023-07-31,USD,113146684.015
RBI:FR_INV_INFLW_RN(1.0),N_A,M,N_A,INV_EQT,2024,2023,0,2023-07-31,USD,2657519684.45
RBI:FR_INV_INFLW_RN(1.0),N_A,M,N_A,INV_FDI_EQT,2024,2023,0,2023-07-31,USD,459976458.333
RBI:FR_INV_INFLW_RN(1.0),N_A,M,N_A,INV_FDI_OTH_CAP,2024,2023,0,2023-07-31,USD,648070000
RBI:FR_INV_INFLW_RN(1.0),N_A,M,N_A,INV_FDI_RE_INV_EAR,2024,2023,0,2023-07-31,USD,482127083.333
RBI:FR_INV_INFLW_RN(1.0),N_A,M,N_A,INV_FDI_RPTN_DINVT,2024,2023,0,2023-07-31,USD,287846679.932
RBI:FR_INV_INFLW_RN(1.0),N_A,M,N_A,INV_FII,2024,2023,0,2023-07-31,USD,3367641211.715
RBI:FR_INV_INFLW_RN(1.0),N_A,M,N_A,INV_OTH_CAP,2024,2023,0,2023-07-31,USD,368723333.333
RBI:FR_INV_INFLW_RN(1.0),N_A,M,N_A,INV_REP_EQT,2024,2023,0,2023-07-31,USD,4092516855.273
RBI:FR_INV_INFLW_RN(1.0),N_A,M,N_A,INV_REP_OTH_CAP,2024,2023,0,2023-07-31,USD,136210006.277
RBI:FR_INV_INFLW_RN(1.0),N_A,M,N_A,INV_RE_INV_EAR,2024,2023,0,2023-07-31,USD,1579958342.322
RBI:FR_INV_INFLW_RN(1.0),N_A,M,N_A,INV_RPTN_DINVT,2024,2023,0,2023-07-31,USD,4228726861.551
RBI:FR_INV_INFLW_RN(1.0),N_A,M,N_A,EQT_ACQ_SHAR,2024,2023,0,2023-08-31,USD,1224896147.129
RBI:FR_INV_INFLW_RN(1.0),N_A,M,N_A,EQT_CAP_UNINC_BOD,2024,2023,0,2023-08-31,USD,111410406.423
RBI:FR_INV_INFLW_RN(1.0),N_A,M,N_A,EQT_GOVT_SIA_FIPB,2024,2023,0,2023-08-31,USD,78065711.046
RBI:FR_INV_INFLW_RN(1.0),N_A,M,N_A,EQT_RBI,2024,2023,0,2023-08-31,USD,1604731304.369
RBI:FR_INV_INFLW_RN(1.0),N_A,M,N_A,INV_CAT_NET_FR_DIR_INV,2024,2023,0,2023-08-31,USD,-539588478.662
RBI:FR_INV_INFLW_RN(1.0),N_A,M,N_A,INV_CAT_NET_PORTF_INV,2024,2023,0,2023-08-31,USD,2880220537.245
RBI:FR_INV_INFLW_RN(1.0),N_A,M,N_A,INV_CAT_NFDI_DII_GROSS_INF_INV,2024,2023,0,2023-08-31,USD,4967785244.623
RBI:FR_INV_INFLW_RN(1.0),N_A,M,N_A,INV_CAT_NFDI_DI_IND,2024,2023,0,2023-08-31,USD,739058383.072
RBI:FR_INV_INFLW_RN(1.0),N_A,M,N_A,INV_CAT_NFDI_FDII,2024,2023,0,2023-08-31,USD,1278646861.734
RBI:FR_INV_INFLW_RN(1.0),N_A,M,N_A,INV_CAT_NPI_FII,2024,2023,0,2023-08-31,USD,2993367221.26
RBI:FR_INV_INFLW_RN(1.0),N_A,M,N_A,INV_CAT_NPI_GDR_ADR,2024,2023,0,2023-08-31,USD,0.0
RBI:FR_INV_INFLW_RN(1.0),N_A,M,N_A,INV_CAT_NPI_OFF_FND_OTH,2024,2023,0,2023-08-31,USD,0.0
RBI:FR_INV_INFLW_RN(1.0),N_A,M,N_A,INV_CAT_NPI_PORTF_INV_IND,2024,2023,0,2023-08-31,USD,113146684.015
RBI:FR_INV_INFLW_RN(1.0),N_A,M,N_A,INV_EQT,2024,2023,0,2023-08-31,USD,3019103568.967
RBI:FR_INV_INFLW_RN(1.0),N_A,M,N_A,INV_FDI_EQT,2024,2023,0,2023-08-31,USD,616276458.333
RBI:FR_INV_INFLW_RN(1.0),N_A,M,N_A,INV_FDI_OTH_CAP,2024,2023,0,2023-08-31,USD,468090000
RBI:FR_INV_INFLW_RN(1.0),N_A,M,N_A,INV_FDI_RE_INV_EAR,2024,2023,0,2023-08-31,USD,482127083.333
RBI:FR_INV_INFLW_RN(1.0),N_A,M,N_A,INV_FDI_RPTN_DINVT,2024,2023,0,2023-08-31,USD,287846679.932
RBI:FR_INV_INFLW_RN(1.0),N_A,M,N_A,INV_FII,2024,2023,0,2023-08-31,USD,2340632058.583
RBI:FR_INV_INFLW_RN(1.0),N_A,M,N_A,INV_OTH_CAP,2024,2023,0,2023-08-31,USD,368723333.333
RBI:FR_INV_INFLW_RN(1.0),N_A,M,N_A,INV_REP_EQT,2024,2023,0,2023-08-31,USD,4092516855.273
RBI:FR_INV_INFLW_RN(1.0),N_A,M,N_A,INV_REP_OTH_CAP,2024,2023,0,2023-08-31,USD,136210006.277
RBI:FR_INV_INFLW_RN(1.0),N_A,M,N_A,INV_RE_INV_EAR,2024,2023,0,2023-08-31,USD,1579958342.322
RBI:FR_INV_INFLW_RN(1.0),N_A,M,N_A,INV_RPTN_DINVT,2024,2023,0,2023-08-31,USD,4228726861.551
RBI:FR_INV_INFLW_RN(1.0),N_A,M,N_A,EQT_ACQ_SHAR,2024,2023,0,2023-09-30,USD,1486448832.993
RBI:FR_INV_INFLW_RN(1.0),N_A,M,N_A,EQT_CAP_UNINC_BOD,2024,2023,0,2023-09-30,USD,111410406.423
RBI:FR_INV_INFLW_RN(1.0),N_A,M,N_A,EQT_GOVT_SIA_FIPB,2024,2023,0,2023-09-30,USD,15453814
RBI:FR_INV_INFLW_RN(1.0),N_A,M,N_A,EQT_RBI,2024,2023,0,2023-09-30,USD,2586973761.75
RBI:FR_INV_INFLW_RN(1.0),N_A,M,N_A,INV_CAT_NET_FR_DIR_INV,2024,2023,0,2023-09-30,USD,630954767.537
RBI:FR_INV_INFLW_RN(1.0),N_A,M,N_A,INV_CAT_NET_PORTF_INV,2024,2023,0,2023-09-30,USD,-2226186565.611
RBI:FR_INV_INFLW_RN(1.0),N_A,M,N_A,INV_CAT_NFDI_DII_GROSS_INF_INV,2024,2023,0,2023-09-30,USD,6148968490.822
RBI:FR_INV_INFLW_RN(1.0),N_A,M,N_A,INV_CAT_NFDI_DI_IND,2024,2023,0,2023-09-30,USD,1920241629.271
RBI:FR_INV_INFLW_RN(1.0),N_A,M,N_A,INV_CAT_NFDI_FDII,2024,2023,0,2023-09-30,USD,1289286861.734
RBI:FR_INV_INFLW_RN(1.0),N_A,M,N_A,INV_CAT_NPI_FII,2024,2023,0,2023-09-30,USD,-2113039881.595
RBI:FR_INV_INFLW_RN(1.0),N_A,M,N_A,INV_CAT_NPI_GDR_ADR,2024,2023,0,2023-09-30,USD,0.0
RBI:FR_INV_INFLW_RN(1.0),N_A,M,N_A,INV_CAT_NPI_OFF_FND_OTH,2024,2023,0,2023-09-30,USD,0.0
RBI:FR_INV_INFLW_RN(1.0),N_A,M,N_A,INV_CAT_NPI_PORTF_INV_IND,2024,2023,0,2023-09-30,USD,113146684.015
RBI:FR_INV_INFLW_RN(1.0),N_A,M,N_A,INV_EQT,2024,2023,0,2023-09-30,USD,4200286815.166
RBI:FR_INV_INFLW_RN(1.0),N_A,M,N_A,INV_FDI_EQT,2024,2023,0,2023-09-30,USD,607246458.333
RBI:FR_INV_INFLW_RN(1.0),N_A,M,N_A,INV_FDI_OTH_CAP,2024,2023,0,2023-09-30,USD,487760000
RBI:FR_INV_INFLW_RN(1.0),N_A,M,N_A,INV_FDI_RE_INV_EAR,2024,2023,0,2023-09-30,USD,482127083.333
RBI:FR_INV_INFLW_RN(1.0),N_A,M,N_A,INV_FDI_RPTN_DINVT,2024,2023,0,2023-09-30,USD,287846679.932
RBI:FR_INV_INFLW_RN(1.0),N_A,M,N_A,INV_FII,2024,2023,0,2023-09-30,USD,-1595231798.074
RBI:FR_INV_INFLW_RN(1.0),N_A,M,N_A,INV_OTH_CAP,2024,2023,0,2023-09-30,USD,368723333.333
RBI:FR_INV_INFLW_RN(1.0),N_A,M,N_A,INV_REP_EQT,2024,2023,0,2023-09-30,USD,4092516855.273
RBI:FR_INV_INFLW_RN(1.0),N_A,M,N_A,INV_REP_OTH_CAP,2024,2023,0,2023-09-30,USD,136210006.277
RBI:FR_INV_INFLW_RN(1.0),N_A,M,N_A,INV_RE_INV_EAR,2024,2023,0,2023-09-30,USD,1579958342.322
RBI:FR_INV_INFLW_RN(1.0),N_A,M,N_A,INV_RPTN_DINVT,2024,2023,0,2023-09-30,USD,4228726861.551
RBI:FR_INV_INFLW_RN(1.0),N_A,M,N_A,EQT_ACQ_SHAR,2024,2023,0,2023-10-31,USD,3578393719.446
RBI:FR_INV_INFLW_RN(1.0),N_A,M,N_A,EQT_CAP_UNINC_BOD,2024,2023,0,2023-10-31,USD,121168143.23
RBI:FR_INV_INFLW_RN(1.0),N_A,M,N_A,EQT_GOVT_SIA_FIPB,2024,2023,0,2023-10-31,USD,2161341.695
RBI:FR_INV_INFLW_RN(1.0),N_A,M,N_A,EQT_RBI,2024,2023,0,2023-10-31,USD,2757462320.54
RBI:FR_INV_INFLW_RN(1.0),N_A,M,N_A,INV_CAT_NET_FR_DIR_INV,2024,2023,0,2023-10-31,USD,3806909690.912
RBI:FR_INV_INFLW_RN(1.0),N_A,M,N_A,INV_CAT_NET_PORTF_INV,2024,2023,0,2023-10-31,USD,-1741132947.274
RBI:FR_INV_INFLW_RN(1.0),N_A,M,N_A,INV_CAT_NFDI_DII_GROSS_INF_INV,2024,2023,0,2023-10-31,USD,8592892481.631
RBI:FR_INV_INFLW_RN(1.0),N_A,M,N_A,INV_CAT_NFDI_DI_IND,2024,2023,0,2023-10-31,USD,5277106611.219
RBI:FR_INV_INFLW_RN(1.0),N_A,M,N_A,INV_CAT_NFDI_FDII,2024,2023,0,2023-10-31,USD,1470196920.307
RBI:FR_INV_INFLW_RN(1.0),N_A,M,N_A,INV_CAT_NPI_FII,2024,2023,0,2023-10-31,USD,-1854746237.292
RBI:FR_INV_INFLW_RN(1.0),N_A,M,N_A,INV_CAT_NPI_GDR_ADR,2024,2023,0,2023-10-31,USD,0.0
RBI:FR_INV_INFLW_RN(1.0),N_A,M,N_A,INV_CAT_NPI_OFF_FND_OTH,2024,2023,0,2023-10-31,USD,0.0
RBI:FR_INV_INFLW_RN(1.0),N_A,M,N_A,INV_CAT_NPI_PORTF_INV_IND,2024,2023,0,2023-10-31,USD,-113613290.018
RBI:FR_INV_INFLW_RN(1.0),N_A,M,N_A,INV_EQT,2024,2023,0,2023-10-31,USD,6459185524.911
RBI:FR_INV_INFLW_RN(1.0),N_A,M,N_A,INV_FDI_EQT,2024,2023,0,2023-10-31,USD,956336458.333
RBI:FR_INV_INFLW_RN(1.0),N_A,M,N_A,INV_FDI_OTH_CAP,2024,2023,0,2023-10-31,USD,220400000
RBI:FR_INV_INFLW_RN(1.0),N_A,M,N_A,INV_FDI_RE_INV_EAR,2024,2023,0,2023-10-31,USD,482127083.333
RBI:FR_INV_INFLW_RN(1.0),N_A,M,N_A,INV_FDI_RPTN_DINVT,2024,2023,0,2023-10-31,USD,188666621.36
RBI:FR_INV_INFLW_RN(1.0),N_A,M,N_A,INV_FII,2024,2023,0,2023-10-31,USD,2065776743.638
RBI:FR_INV_INFLW_RN(1.0),N_A,M,N_A,INV_OTH_CAP,2024,2023,0,2023-10-31,USD,415370000
RBI:FR_INV_INFLW_RN(1.0),N_A,M,N_A,INV_REP_EQT,2024,2023,0,2023-10-31,USD,2924185964.451
RBI:FR_INV_INFLW_RN(1.0),N_A,M,N_A,INV_REP_OTH_CAP,2024,2023,0,2023-10-31,USD,391599905.961
RBI:FR_INV_INFLW_RN(1.0),N_A,M,N_A,INV_RE_INV_EAR,2024,2023,0,2023-10-31,USD,1718336956.72
RBI:FR_INV_INFLW_RN(1.0),N_A,M,N_A,INV_RPTN_DINVT,2024,2023,0,2023-10-31,USD,3315785870.412
RBI:FR_INV_INFLW_RN(1.0),N_A,M,N_A,EQT_ACQ_SHAR,2024,2023,0,2023-11-30,USD,951951970.518
RBI:FR_INV_INFLW_RN(1.0),N_A,M,N_A,EQT_CAP_UNINC_BOD,2024,2023,0,2023-11-30,USD,121168143.23
RBI:FR_INV_INFLW_RN(1.0),N_A,M,N_A,EQT_GOVT_SIA_FIPB,2024,2023,0,2023-11-30,USD,30791853.899
RBI:FR_INV_INFLW_RN(1.0),N_A,M,N_A,EQT_RBI,2024,2023,0,2023-11-30,USD,1853825910.957
RBI:FR_INV_INFLW_RN(1.0),N_A,M,N_A,INV_CAT_NET_FR_DIR_INV,2024,2023,0,2023-11-30,USD,804332044.605
RBI:FR_INV_INFLW_RN(1.0),N_A,M,N_A,INV_CAT_NET_PORTF_INV,2024,2023,0,2023-11-30,USD,4197962020.882
RBI:FR_INV_INFLW_RN(1.0),N_A,M,N_A,INV_CAT_NFDI_DII_GROSS_INF_INV,2024,2023,0,2023-11-30,USD,5091444835.324
RBI:FR_INV_INFLW_RN(1.0),N_A,M,N_A,INV_CAT_NFDI_DI_IND,2024,2023,0,2023-11-30,USD,1775658964.912
RBI:FR_INV_INFLW_RN(1.0),N_A,M,N_A,INV_CAT_NFDI_FDII,2024,2023,0,2023-11-30,USD,971326920.307
RBI:FR_INV_INFLW_RN(1.0),N_A,M,N_A,INV_CAT_NPI_FII,2024,2023,0,2023-11-30,USD,4084348730.863
RBI:FR_INV_INFLW_RN(1.0),N_A,M,N_A,INV_CAT_NPI_GDR_ADR,2024,2023,0,2023-11-30,USD,0.0
RBI:FR_INV_INFLW_RN(1.0),N_A,M,N_A,INV_CAT_NPI_OFF_FND_OTH,2024,2023,0,2023-11-30,USD,0.0
RBI:FR_INV_INFLW_RN(1.0),N_A,M,N_A,INV_CAT_NPI_PORTF_INV_IND,2024,2023,0,2023-11-30,USD,-113613290.018
RBI:FR_INV_INFLW_RN(1.0),N_A,M,N_A,INV_EQT,2024,2023,0,2023-11-30,USD,2957737878.604
RBI:FR_INV_INFLW_RN(1.0),N_A,M,N_A,INV_FDI_EQT,2024,2023,0,2023-11-30,USD,497086458.333
RBI:FR_INV_INFLW_RN(1.0),N_A,M,N_A,INV_FDI_OTH_CAP,2024,2023,0,2023-11-30,USD,180780000
RBI:FR_INV_INFLW_RN(1.0),N_A,M,N_A,INV_FDI_RE_INV_EAR,2024,2023,0,2023-11-30,USD,482127083.333
RBI:FR_INV_INFLW_RN(1.0),N_A,M,N_A,INV_FDI_RPTN_DINVT,2024,2023,0,2023-11-30,USD,188666621.36
RBI:FR_INV_INFLW_RN(1.0),N_A,M,N_A,INV_FII,2024,2023,0,2023-11-30,USD,5002294065.487
RBI:FR_INV_INFLW_RN(1.0),N_A,M,N_A,INV_OTH_CAP,2024,2023,0,2023-11-30,USD,415370000
RBI:FR_INV_INFLW_RN(1.0),N_A,M,N_A,INV_REP_EQT,2024,2023,0,2023-11-30,USD,2924185964.451
RBI:FR_INV_INFLW_RN(1.0),N_A,M,N_A,INV_REP_OTH_CAP,2024,2023,0,2023-11-30,USD,391599905.961
RBI:FR_INV_INFLW_RN(1.0),N_A,M,N_A,INV_RE_INV_EAR,2024,2023,0,2023-11-30,USD,1718336956.72
RBI:FR_INV_INFLW_RN(1.0),N_A,M,N_A,INV_RPTN_DINVT,2024,2023,0,2023-11-30,USD,3315785870.412
RBI:FR_INV_INFLW_RN(1.0),N_A,M,N_A,EQT_ACQ_SHAR,2024,2023,0,2023-12-31,USD,992533266.602
RBI:FR_INV_INFLW_RN(1.0),N_A,M,N_A,EQT_CAP_UNINC_BOD,2024,2023,0,2023-12-31,USD,121168143.23
RBI:FR_INV_INFLW_RN(1.0),N_A,M,N_A,EQT_GOVT_SIA_FIPB,2024,2023,0,2023-12-31,USD,103123583.071
RBI:FR_INV_INFLW_RN(1.0),N_A,M,N_A,EQT_RBI,2024,2023,0,2023-12-31,USD,1278476662.466
RBI:FR_INV_INFLW_RN(1.0),N_A,M,N_A,INV_CAT_NET_FR_DIR_INV,2024,2023,0,2023-12-31,USD,-654774178.63
RBI:FR_INV_INFLW_RN(1.0),N_A,M,N_A,INV_CAT_NET_PORTF_INV,2024,2023,0,2023-12-31,USD,9555334910.304
RBI:FR_INV_INFLW_RN(1.0),N_A,M,N_A,INV_CAT_NFDI_DII_GROSS_INF_INV,2024,2023,0,2023-12-31,USD,4629008612.089
RBI:FR_INV_INFLW_RN(1.0),N_A,M,N_A,INV_CAT_NFDI_DI_IND,2024,2023,0,2023-12-31,USD,1313222741.677
RBI:FR_INV_INFLW_RN(1.0),N_A,M,N_A,INV_CAT_NFDI_FDII,2024,2023,0,2023-12-31,USD,1967996920.307
RBI:FR_INV_INFLW_RN(1.0),N_A,M,N_A,INV_CAT_NPI_FII,2024,2023,0,2023-12-31,USD,9441721620.285
RBI:FR_INV_INFLW_RN(1.0),N_A,M,N_A,INV_CAT_NPI_GDR_ADR,2024,2023,0,2023-12-31,USD,0.0
RBI:FR_INV_INFLW_RN(1.0),N_A,M,N_A,INV_CAT_NPI_OFF_FND_OTH,2024,2023,0,2023-12-31,USD,0.0
RBI:FR_INV_INFLW_RN(1.0),N_A,M,N_A,INV_CAT_NPI_PORTF_INV_IND,2024,2023,0,2023-12-31,USD,-113613290.018
RBI:FR_INV_INFLW_RN(1.0),N_A,M,N_A,INV_EQT,2024,2023,0,2023-12-31,USD,2495301655.369
RBI:FR_INV_INFLW_RN(1.0),N_A,M,N_A,INV_FDI_EQT,2024,2023,0,2023-12-31,USD,901536458.333
RBI:FR_INV_INFLW_RN(1.0),N_A,M,N_A,INV_FDI_OTH_CAP,2024,2023,0,2023-12-31,USD,773000000
RBI:FR_INV_INFLW_RN(1.0),N_A,M,N_A,INV_FDI_RE_INV_EAR,2024,2023,0,2023-12-31,USD,482127083.333
RBI:FR_INV_INFLW_RN(1.0),N_A,M,N_A,INV_FDI_RPTN_DINVT,2024,2023,0,2023-12-31,USD,188666621.36
RBI:FR_INV_INFLW_RN(1.0),N_A,M,N_A,INV_FII,2024,2023,0,2023-12-31,USD,8900560731.674
RBI:FR_INV_INFLW_RN(1.0),N_A,M,N_A,INV_OTH_CAP,2024,2023,0,2023-12-31,USD,415370000
RBI:FR_INV_INFLW_RN(1.0),N_A,M,N_A,INV_REP_EQT,2024,2023,0,2023-12-31,USD,2924185964.451
RBI:FR_INV_INFLW_RN(1.0),N_A,M,N_A,INV_REP_OTH_CAP,2024,2023,0,2023-12-31,USD,391599905.961
RBI:FR_INV_INFLW_RN(1.0),N_A,M,N_A,INV_RE_INV_EAR,2024,2023,0,2023-12-31,USD,1718336956.72
RBI:FR_INV_INFLW_RN(1.0),N_A,M,N_A,INV_RPTN_DINVT,2024,2023,0,2023-12-31,USD,3315785870.412
RBI:FR_INV_INFLW_RN(1.0),N_A,M,N_A,EQT_ACQ_SHAR,2024,2023,0,2024-01-31,USD,332312987.965
RBI:FR_INV_INFLW_RN(1.0),N_A,M,N_A,EQT_CAP_UNINC_BOD,2024,2023,0,2024-01-31,USD,125339549.193
RBI:FR_INV_INFLW_RN(1.0),N_A,M,N_A,EQT_GOVT_SIA_FIPB,2024,2023,0,2024-01-31,USD,146786155.613
RBI:FR_INV_INFLW_RN(1.0),N_A,M,N_A,EQT_RBI,2024,2023,0,2024-01-31,USD,5515663158.453
RBI:FR_INV_INFLW_RN(1.0),N_A,M,N_A,INV_CAT_NET_FR_DIR_INV,2024,2023,0,2024-01-31,USD,3682279112.58
RBI:FR_INV_INFLW_RN(1.0),N_A,M,N_A,INV_CAT_NET_PORTF_INV,2024,2023,0,2024-01-31,USD,-139102165.402
RBI:FR_INV_INFLW_RN(1.0),N_A,M,N_A,INV_CAT_NFDI_DII_GROSS_INF_INV,2024,2023,0,2024-01-31,USD,8357165289.476
RBI:FR_INV_INFLW_RN(1.0),N_A,M,N_A,INV_CAT_NFDI_DI_IND,2024,2023,0,2024-01-31,USD,4553572700.273
RBI:FR_INV_INFLW_RN(1.0),N_A,M,N_A,INV_CAT_NFDI_FDII,2024,2023,0,2024-01-31,USD,871293587.693
RBI:FR_INV_INFLW_RN(1.0),N_A,M,N_A,INV_CAT_NPI_FII,2024,2023,0,2024-01-31,USD,-76655488.091
RBI:FR_INV_INFLW_RN(1.0),N_A,M,N_A,INV_CAT_NPI_GDR_ADR,2024,2023,0,2024-01-31,USD,0.0
RBI:FR_INV_INFLW_RN(1.0),N_A,M,N_A,INV_CAT_NPI_OFF_FND_OTH,2024,2023,0,2024-01-31,USD,0.0
RBI:FR_INV_INFLW_RN(1.0),N_A,M,N_A,INV_CAT_NPI_PORTF_INV_IND,2024,2023,0,2024-01-31,USD,62446677.311
RBI:FR_INV_INFLW_RN(1.0),N_A,M,N_A,INV_EQT,2024,2023,0,2024-01-31,USD,6120101851.223
RBI:FR_INV_INFLW_RN(1.0),N_A,M,N_A,INV_FDI_EQT,2024,2023,0,2024-01-31,USD,414446458.333
RBI:FR_INV_INFLW_RN(1.0),N_A,M,N_A,INV_FDI_OTH_CAP,2024,2023,0,2024-01-31,USD,209980000
RBI:FR_INV_INFLW_RN(1.0),N_A,M,N_A,INV_FDI_RE_INV_EAR,2024,2023,0,2024-01-31,USD,482127083.333
RBI:FR_INV_INFLW_RN(1.0),N_A,M,N_A,INV_FDI_RPTN_DINVT,2024,2023,0,2024-01-31,USD,235259953.974
RBI:FR_INV_INFLW_RN(1.0),N_A,M,N_A,INV_FII,2024,2023,0,2024-01-31,USD,3543176947.178
RBI:FR_INV_INFLW_RN(1.0),N_A,M,N_A,INV_OTH_CAP,2024,2023,0,2024-01-31,USD,459570000
RBI:FR_INV_INFLW_RN(1.0),N_A,M,N_A,INV_REP_EQT,2024,2023,0,2024-01-31,USD,3644592620.309
RBI:FR_INV_INFLW_RN(1.0),N_A,M,N_A,INV_REP_OTH_CAP,2024,2023,0,2024-01-31,USD,158999968.893
RBI:FR_INV_INFLW_RN(1.0),N_A,M,N_A,INV_RE_INV_EAR,2024,2023,0,2024-01-31,USD,1777493438.252
RBI:FR_INV_INFLW_RN(1.0),N_A,M,N_A,INV_RPTN_DINVT,2024,2023,0,2024-01-31,USD,3803592589.203
RBI:FR_INV_INFLW_RN(1.0),N_A,M,N_A,EQT_ACQ_SHAR,2024,2023,0,2024-02-29,USD,466176896.468
RBI:FR_INV_INFLW_RN(1.0),N_A,M,N_A,EQT_CAP_UNINC_BOD,2024,2023,0,2024-02-29,USD,125339549.193
RBI:FR_INV_INFLW_RN(1.0),N_A,M,N_A,EQT_GOVT_SIA_FIPB,2024,2023,0,2024-02-29,USD,46820397.706
RBI:FR_INV_INFLW_RN(1.0),N_A,M,N_A,EQT_RBI,2024,2023,0,2024-02-29,USD,2135926621.11
RBI:FR_INV_INFLW_RN(1.0),N_A,M,N_A,INV_CAT_NET_FR_DIR_INV,2024,2023,0,2024-02-29,USD,-22939274.167
RBI:FR_INV_INFLW_RN(1.0),N_A,M,N_A,INV_CAT_NET_PORTF_INV,2024,2023,0,2024-02-29,USD,3745605090.735
RBI:FR_INV_INFLW_RN(1.0),N_A,M,N_A,INV_CAT_NFDI_DII_GROSS_INF_INV,2024,2023,0,2024-02-29,USD,5011326902.729
RBI:FR_INV_INFLW_RN(1.0),N_A,M,N_A,INV_CAT_NFDI_DI_IND,2024,2023,0,2024-02-29,USD,1207734313.526
RBI:FR_INV_INFLW_RN(1.0),N_A,M,N_A,INV_CAT_NFDI_FDII,2024,2023,0,2024-02-29,USD,1230673587.693
RBI:FR_INV_INFLW_RN(1.0),N_A,M,N_A,INV_CAT_NPI_FII,2024,2023,0,2024-02-29,USD,3808051768.045
RBI:FR_INV_INFLW_RN(1.0),N_A,M,N_A,INV_CAT_NPI_GDR_ADR,2024,2023,0,2024-02-29,USD,0.0
RBI:FR_INV_INFLW_RN(1.0),N_A,M,N_A,INV_CAT_NPI_OFF_FND_OTH,2024,2023,0,2024-02-29,USD,0.0
RBI:FR_INV_INFLW_RN(1.0),N_A,M,N_A,INV_CAT_NPI_PORTF_INV_IND,2024,2023,0,2024-02-29,USD,62446677.311
RBI:FR_INV_INFLW_RN(1.0),N_A,M,N_A,INV_EQT,2024,2023,0,2024-02-29,USD,2774263464.476
RBI:FR_INV_INFLW_RN(1.0),N_A,M,N_A,INV_FDI_EQT,2024,2023,0,2024-02-29,USD,684056458.333
RBI:FR_INV_INFLW_RN(1.0),N_A,M,N_A,INV_FDI_OTH_CAP,2024,2023,0,2024-02-29,USD,299750000
RBI:FR_INV_INFLW_RN(1.0),N_A,M,N_A,INV_FDI_RE_INV_EAR,2024,2023,0,2024-02-29,USD,482127083.333
RBI:FR_INV_INFLW_RN(1.0),N_A,M,N_A,INV_FDI_RPTN_DINVT,2024,2023,0,2024-02-29,USD,235259953.974
RBI:FR_INV_INFLW_RN(1.0),N_A,M,N_A,INV_FII,2024,2023,0,2024-02-29,USD,3722665816.568
RBI:FR_INV_INFLW_RN(1.0),N_A,M,N_A,INV_OTH_CAP,2024,2023,0,2024-02-29,USD,459570000
RBI:FR_INV_INFLW_RN(1.0),N_A,M,N_A,INV_REP_EQT,2024,2023,0,2024-02-29,USD,3644592620.309
RBI:FR_INV_INFLW_RN(1.0),N_A,M,N_A,INV_REP_OTH_CAP,2024,2023,0,2024-02-29,USD,158999968.893
RBI:FR_INV_INFLW_RN(1.0),N_A,M,N_A,INV_RE_INV_EAR,2024,2023,0,2024-02-29,USD,1777493438.252
RBI:FR_INV_INFLW_RN(1.0),N_A,M,N_A,INV_RPTN_DINVT,2024,2023,0,2024-02-29,USD,3803592589.203
RBI:FR_INV_INFLW_RN(1.0),N_A,M,N_A,EQT_ACQ_SHAR,2024,2023,0,2024-03-31,USD,570995289.072
RBI:FR_INV_INFLW_RN(1.0),N_A,M,N_A,EQT_CAP_UNINC_BOD,2024,2023,0,2024-03-31,USD,125339549.193
RBI:FR_INV_INFLW_RN(1.0),N_A,M,N_A,EQT_GOVT_SIA_FIPB,2024,2023,0,2024-03-31,USD,64303909.823
RBI:FR_INV_INFLW_RN(1.0),N_A,M,N_A,EQT_RBI,2024,2023,0,2024-03-31,USD,3107393402.483
RBI:FR_INV_INFLW_RN(1.0),N_A,M,N_A,INV_CAT_NET_FR_DIR_INV,2024,2023,0,2024-03-31,USD,-1360610588.073
RBI:FR_INV_INFLW_RN(1.0),N_A,M,N_A,INV_CAT_NET_PORTF_INV,2024,2023,0,2024-03-31,USD,7785303264.679
RBI:FR_INV_INFLW_RN(1.0),N_A,M,N_A,INV_CAT_NFDI_DII_GROSS_INF_INV,2024,2023,0,2024-03-31,USD,6105095588.822
RBI:FR_INV_INFLW_RN(1.0),N_A,M,N_A,INV_CAT_NFDI_DI_IND,2024,2023,0,2024-03-31,USD,2301502999.62
RBI:FR_INV_INFLW_RN(1.0),N_A,M,N_A,INV_CAT_NFDI_FDII,2024,2023,0,2024-03-31,USD,3662113587.693
RBI:FR_INV_INFLW_RN(1.0),N_A,M,N_A,INV_CAT_NPI_FII,2024,2023,0,2024-03-31,USD,7847749941.99
RBI:FR_INV_INFLW_RN(1.0),N_A,M,N_A,INV_CAT_NPI_GDR_ADR,2024,2023,0,2024-03-31,USD,0.0
RBI:FR_INV_INFLW_RN(1.0),N_A,M,N_A,INV_CAT_NPI_OFF_FND_OTH,2024,2023,0,2024-03-31,USD,0.0
RBI:FR_INV_INFLW_RN(1.0),N_A,M,N_A,INV_CAT_NPI_PORTF_INV_IND,2024,2023,0,2024-03-31,USD,62446677.311
RBI:FR_INV_INFLW_RN(1.0),N_A,M,N_A,INV_EQT,2024,2023,0,2024-03-31,USD,3868032150.57
RBI:FR_INV_INFLW_RN(1.0),N_A,M,N_A,INV_FDI_EQT,2024,2023,0,2024-03-31,USD,2109786458.333
RBI:FR_INV_INFLW_RN(1.0),N_A,M,N_A,INV_FDI_OTH_CAP,2024,2023,0,2024-03-31,USD,1305460000
RBI:FR_INV_INFLW_RN(1.0),N_A,M,N_A,INV_FDI_RE_INV_EAR,2024,2023,0,2024-03-31,USD,482127083.333
RBI:FR_INV_INFLW_RN(1.0),N_A,M,N_A,INV_FDI_RPTN_DINVT,2024,2023,0,2024-03-31,USD,235259953.974
RBI:FR_INV_INFLW_RN(1.0),N_A,M,N_A,INV_FII,2024,2023,0,2024-03-31,USD,6424692676.606
RBI:FR_INV_INFLW_RN(1.0),N_A,M,N_A,INV_OTH_CAP,2024,2023,0,2024-03-31,USD,459570000
RBI:FR_INV_INFLW_RN(1.0),N_A,M,N_A,INV_REP_EQT,2024,2023,0,2024-03-31,USD,3644592620.309
RBI:FR_INV_INFLW_RN(1.0),N_A,M,N_A,INV_REP_OTH_CAP,2024,2023,0,2024-03-31,USD,158999968.893
RBI:FR_INV_INFLW_RN(1.0),N_A,M,N_A,INV_RE_INV_EAR,2024,2023,0,2024-03-31,USD,1777493438.252
RBI:FR_INV_INFLW_RN(1.0),N_A,M,N_A,INV_RPTN_DINVT,2024,2023,0,2024-03-31,USD,3803592589.203
RBI:FR_INV_INFLW_RN(1.0),N_A,M,N_A,EQT_ACQ_SHAR,2025,2024,0,2024-04-30,USD,166482005.494
RBI:FR_INV_INFLW_RN(1.0),N_A,M,N_A,EQT_CAP_UNINC_BOD,2025,2024,0,2024-04-30,USD,74643060.24
RBI:FR_INV_INFLW_RN(1.0),N_A,M,N_A,EQT_GOVT_SIA_FIPB,2025,2024,0,2024-04-30,USD,11434427.654
RBI:FR_INV_INFLW_RN(1.0),N_A,M,N_A,EQT_RBI,2025,2024,0,2024-04-30,USD,4731819622.38
RBI:FR_INV_INFLW_RN(1.0),N_A,M,N_A,INV_CAT_NET_FR_DIR_INV,2025,2024,0,2024-04-30,USD,1778902686.407
RBI:FR_INV_INFLW_RN(1.0),N_A,M,N_A,INV_CAT_NET_PORTF_INV,2025,2024,0,2024-04-30,USD,-2683378347.884
RBI:FR_INV_INFLW_RN(1.0),N_A,M,N_A,INV_CAT_NFDI_DII_GROSS_INF_INV,2025,2024,0,2024-04-30,USD,7109628948.544
RBI:FR_INV_INFLW_RN(1.0),N_A,M,N_A,INV_CAT_NFDI_DI_IND,2025,2024,0,2024-04-30,USD,3052490033.074
RBI:FR_INV_INFLW_RN(1.0),N_A,M,N_A,INV_CAT_NFDI_FDII,2025,2024,0,2024-04-30,USD,1273587346.667
RBI:FR_INV_INFLW_RN(1.0),N_A,M,N_A,INV_CAT_NPI_FII,2025,2024,0,2024-04-30,USD,-2699215024.245
RBI:FR_INV_INFLW_RN(1.0),N_A,M,N_A,INV_CAT_NPI_GDR_ADR,2025,2024,0,2024-04-30,USD,0.0
RBI:FR_INV_INFLW_RN(1.0),N_A,M,N_A,INV_CAT_NPI_OFF_FND_OTH,2025,2024,0,2024-04-30,USD,0.0
RBI:FR_INV_INFLW_RN(1.0),N_A,M,N_A,INV_CAT_NPI_PORTF_INV_IND,2025,2024,0,2024-04-30,USD,-15836676.36
RBI:FR_INV_INFLW_RN(1.0),N_A,M,N_A,INV_EQT,2025,2024,0,2024-04-30,USD,4984379115.768
RBI:FR_INV_INFLW_RN(1.0),N_A,M,N_A,INV_FDI_EQT,2025,2024,0,2024-04-30,USD,715188611.111
RBI:FR_INV_INFLW_RN(1.0),N_A,M,N_A,INV_FDI_OTH_CAP,2025,2024,0,2024-04-30,USD,370290000
RBI:FR_INV_INFLW_RN(1.0),N_A,M,N_A,INV_FDI_RE_INV_EAR,2025,2024,0,2024-04-30,USD,570515300
RBI:FR_INV_INFLW_RN(1.0),N_A,M,N_A,INV_FDI_RPTN_DINVT,2025,2024,0,2024-04-30,USD,382406564.444
RBI:FR_INV_INFLW_RN(1.0),N_A,M,N_A,INV_FII,2025,2024,0,2024-04-30,USD,-904475661.478
RBI:FR_INV_INFLW_RN(1.0),N_A,M,N_A,INV_OTH_CAP,2025,2024,0,2024-04-30,USD,383590000
RBI:FR_INV_INFLW_RN(1.0),N_A,M,N_A,INV_REP_EQT,2025,2024,0,2024-04-30,USD,3891082293.193
RBI:FR_INV_INFLW_RN(1.0),N_A,M,N_A,INV_REP_OTH_CAP,2025,2024,0,2024-04-30,USD,166056622.277
RBI:FR_INV_INFLW_RN(1.0),N_A,M,N_A,INV_RE_INV_EAR,2025,2024,0,2024-04-30,USD,1741659832.777
RBI:FR_INV_INFLW_RN(1.0),N_A,M,N_A,INV_RPTN_DINVT,2025,2024,0,2024-04-30,USD,4057138915.471
RBI:FR_INV_INFLW_RN(1.0),N_A,M,N_A,EQT_ACQ_SHAR,2025,2024,0,2024-05-31,USD,1986189927.179
RBI:FR_INV_INFLW_RN(1.0),N_A,M,N_A,EQT_CAP_UNINC_BOD,2025,2024,0,2024-05-31,USD,74643060.24
RBI:FR_INV_INFLW_RN(1.0),N_A,M,N_A,EQT_GOVT_SIA_FIPB,2025,2024,0,2024-05-31,USD,79582078.936
RBI:FR_INV_INFLW_RN(1.0),N_A,M,N_A,EQT_RBI,2025,2024,0,2024-05-31,USD,3787493771.443
RBI:FR_INV_INFLW_RN(1.0),N_A,M,N_A,INV_CAT_NET_FR_DIR_INV,2025,2024,0,2024-05-31,USD,2203112408.436
RBI:FR_INV_INFLW_RN(1.0),N_A,M,N_A,INV_CAT_NET_PORTF_INV,2025,2024,0,2024-05-31,USD,-1820650242.125
RBI:FR_INV_INFLW_RN(1.0),N_A,M,N_A,INV_CAT_NFDI_DII_GROSS_INF_INV,2025,2024,0,2024-05-31,USD,8053158670.574
RBI:FR_INV_INFLW_RN(1.0),N_A,M,N_A,INV_CAT_NFDI_DI_IND,2025,2024,0,2024-05-31,USD,3996019755.103
RBI:FR_INV_INFLW_RN(1.0),N_A,M,N_A,INV_CAT_NFDI_FDII,2025,2024,0,2024-05-31,USD,1792907346.667
RBI:FR_INV_INFLW_RN(1.0),N_A,M,N_A,INV_CAT_NPI_FII,2025,2024,0,2024-05-31,USD,-1836486918.485
RBI:FR_INV_INFLW_RN(1.0),N_A,M,N_A,INV_CAT_NPI_GDR_ADR,2025,2024,0,2024-05-31,USD,0.0
RBI:FR_INV_INFLW_RN(1.0),N_A,M,N_A,INV_CAT_NPI_OFF_FND_OTH,2025,2024,0,2024-05-31,USD,0.0
RBI:FR_INV_INFLW_RN(1.0),N_A,M,N_A,INV_CAT_NPI_PORTF_INV_IND,2025,2024,0,2024-05-31,USD,-15836676.36
RBI:FR_INV_INFLW_RN(1.0),N_A,M,N_A,INV_EQT,2025,2024,0,2024-05-31,USD,5927908837.797
RBI:FR_INV_INFLW_RN(1.0),N_A,M,N_A,INV_FDI_EQT,2025,2024,0,2024-05-31,USD,1168118611.111
RBI:FR_INV_INFLW_RN(1.0),N_A,M,N_A,INV_FDI_OTH_CAP,2025,2024,0,2024-05-31,USD,436680000
RBI:FR_INV_INFLW_RN(1.0),N_A,M,N_A,INV_FDI_RE_INV_EAR,2025,2024,0,2024-05-31,USD,570515300
RBI:FR_INV_INFLW_RN(1.0),N_A,M,N_A,INV_FDI_RPTN_DINVT,2025,2024,0,2024-05-31,USD,382406564.444
RBI:FR_INV_INFLW_RN(1.0),N_A,M,N_A,INV_FII,2025,2024,0,2024-05-31,USD,382462166.311
RBI:FR_INV_INFLW_RN(1.0),N_A,M,N_A,INV_OTH_CAP,2025,2024,0,2024-05-31,USD,383590000
RBI:FR_INV_INFLW_RN(1.0),N_A,M,N_A,INV_REP_EQT,2025,2024,0,2024-05-31,USD,3891082293.193
RBI:FR_INV_INFLW_RN(1.0),N_A,M,N_A,INV_REP_OTH_CAP,2025,2024,0,2024-05-31,USD,166056622.277
RBI:FR_INV_INFLW_RN(1.0),N_A,M,N_A,INV_RE_INV_EAR,2025,2024,0,2024-05-31,USD,1741659832.777
RBI:FR_INV_INFLW_RN(1.0),N_A,M,N_A,INV_RPTN_DINVT,2025,2024,0,2024-05-31,USD,4057138915.471
RBI:FR_INV_INFLW_RN(1.0),N_A,M,N_A,EQT_ACQ_SHAR,2025,2024,0,2024-06-30,USD,2051989445.139
RBI:FR_INV_INFLW_RN(1.0),N_A,M,N_A,EQT_CAP_UNINC_BOD,2025,2024,0,2024-06-30,USD,74643060.24
RBI:FR_INV_INFLW_RN(1.0),N_A,M,N_A,EQT_GOVT_SIA_FIPB,2025,2024,0,2024-06-30,USD,118150853.008
RBI:FR_INV_INFLW_RN(1.0),N_A,M,N_A,EQT_RBI,2025,2024,0,2024-06-30,USD,3244472242.318
RBI:FR_INV_INFLW_RN(1.0),N_A,M,N_A,INV_CAT_NET_FR_DIR_INV,2025,2024,0,2024-06-30,USD,2241649171.343
RBI:FR_INV_INFLW_RN(1.0),N_A,M,N_A,INV_CAT_NET_PORTF_INV,2025,2024,0,2024-06-30,USD,5448768818.249
RBI:FR_INV_INFLW_RN(1.0),N_A,M,N_A,INV_CAT_NFDI_DII_GROSS_INF_INV,2025,2024,0,2024-06-30,USD,7614505433.48
RBI:FR_INV_INFLW_RN(1.0),N_A,M,N_A,INV_CAT_NFDI_DI_IND,2025,2024,0,2024-06-30,USD,3557366518.01
RBI:FR_INV_INFLW_RN(1.0),N_A,M,N_A,INV_CAT_NFDI_FDII,2025,2024,0,2024-06-30,USD,1315717346.667
RBI:FR_INV_INFLW_RN(1.0),N_A,M,N_A,INV_CAT_NPI_FII,2025,2024,0,2024-06-30,USD,5432932141.889
RBI:FR_INV_INFLW_RN(1.0),N_A,M,N_A,INV_CAT_NPI_GDR_ADR,2025,2024,0,2024-06-30,USD,0.0
RBI:FR_INV_INFLW_RN(1.0),N_A,M,N_A,INV_CAT_NPI_OFF_FND_OTH,2025,2024,0,2024-06-30,USD,0.0
RBI:FR_INV_INFLW_RN(1.0),N_A,M,N_A,INV_CAT_NPI_PORTF_INV_IND,2025,2024,0,2024-06-30,USD,-15836676.36
RBI:FR_INV_INFLW_RN(1.0),N_A,M,N_A,INV_EQT,2025,2024,0,2024-06-30,USD,5489255600.704
RBI:FR_INV_INFLW_RN(1.0),N_A,M,N_A,INV_FDI_EQT,2025,2024,0,2024-06-30,USD,844338611.111
RBI:FR_INV_INFLW_RN(1.0),N_A,M,N_A,INV_FDI_OTH_CAP,2025,2024,0,2024-06-30,USD,283270000
RBI:FR_INV_INFLW_RN(1.0),N_A,M,N_A,INV_FDI_RE_INV_EAR,2025,2024,0,2024-06-30,USD,570515300
RBI:FR_INV_INFLW_RN(1.0),N_A,M,N_A,INV_FDI_RPTN_DINVT,2025,2024,0,2024-06-30,USD,382406564.444
RBI:FR_INV_INFLW_RN(1.0),N_A,M,N_A,INV_FII,2025,2024,0,2024-06-30,USD,7690417989.592
RBI:FR_INV_INFLW_RN(1.0),N_A,M,N_A,INV_OTH_CAP,2025,2024,0,2024-06-30,USD,383590000
RBI:FR_INV_INFLW_RN(1.0),N_A,M,N_A,INV_REP_EQT,2025,2024,0,2024-06-30,USD,3891082293.193
RBI:FR_INV_INFLW_RN(1.0),N_A,M,N_A,INV_REP_OTH_CAP,2025,2024,0,2024-06-30,USD,166056622.277
RBI:FR_INV_INFLW_RN(1.0),N_A,M,N_A,INV_RE_INV_EAR,2025,2024,0,2024-06-30,USD,1741659832.777
RBI:FR_INV_INFLW_RN(1.0),N_A,M,N_A,INV_RPTN_DINVT,2025,2024,0,2024-06-30,USD,4057138915.471
RBI:FR_INV_INFLW_RN(1.0),N_A,M,N_A,EQT_ACQ_SHAR,2025,2024,0,2024-07-31,USD,1002393387.042
RBI:FR_INV_INFLW_RN(1.0),N_A,M,N_A,EQT_CAP_UNINC_BOD,2025,2024,0,2024-07-31,USD,77616283.34
RBI:FR_INV_INFLW_RN(1.0),N_A,M,N_A,EQT_GOVT_SIA_FIPB,2025,2024,0,2024-07-31,USD,111800788.555
RBI:FR_INV_INFLW_RN(1.0),N_A,M,N_A,EQT_RBI,2025,2024,0,2024-07-31,USD,2099250551.339
RBI:FR_INV_INFLW_RN(1.0),N_A,M,N_A,INV_CAT_NET_FR_DIR_INV,2025,2024,0,2024-07-31,USD,-2687989634.197
RBI:FR_INV_INFLW_RN(1.0),N_A,M,N_A,INV_CAT_NET_PORTF_INV,2025,2024,0,2024-07-31,USD,5839802307.614
RBI:FR_INV_INFLW_RN(1.0),N_A,M,N_A,INV_CAT_NFDI_DII_GROSS_INF_INV,2025,2024,0,2024-07-31,USD,5538835076.282
RBI:FR_INV_INFLW_RN(1.0),N_A,M,N_A,INV_CAT_NFDI_DI_IND,2025,2024,0,2024-07-31,USD,331414247.85
RBI:FR_INV_INFLW_RN(1.0),N_A,M,N_A,INV_CAT_NFDI_FDII,2025,2024,0,2024-07-31,USD,3019403882.048
RBI:FR_INV_INFLW_RN(1.0),N_A,M,N_A,INV_CAT_NPI_FII,2025,2024,0,2024-07-31,USD,5828138961.432
RBI:FR_INV_INFLW_RN(1.0),N_A,M,N_A,INV_CAT_NPI_GDR_ADR,2025,2024,0,2024-07-31,USD,0.0
RBI:FR_INV_INFLW_RN(1.0),N_A,M,N_A,INV_CAT_NPI_OFF_FND_OTH,2025,2024,0,2024-07-31,USD,0.0
RBI:FR_INV_INFLW_RN(1.0),N_A,M,N_A,INV_CAT_NPI_PORTF_INV_IND,2025,2024,0,2024-07-31,USD,-11663346.182
RBI:FR_INV_INFLW_RN(1.0),N_A,M,N_A,INV_EQT,2025,2024,0,2024-07-31,USD,3291061010.277
RBI:FR_INV_INFLW_RN(1.0),N_A,M,N_A,INV_FDI_EQT,2025,2024,0,2024-07-31,USD,2371918611.111
RBI:FR_INV_INFLW_RN(1.0),N_A,M,N_A,INV_FDI_OTH_CAP,2025,2024,0,2024-07-31,USD,259660000
RBI:FR_INV_INFLW_RN(1.0),N_A,M,N_A,INV_FDI_RE_INV_EAR,2025,2024,0,2024-07-31,USD,570515300
RBI:FR_INV_INFLW_RN(1.0),N_A,M,N_A,INV_FDI_RPTN_DINVT,2025,2024,0,2024-07-31,USD,182690029.064
RBI:FR_INV_INFLW_RN(1.0),N_A,M,N_A,INV_FII,2025,2024,0,2024-07-31,USD,3151812673.417
RBI:FR_INV_INFLW_RN(1.0),N_A,M,N_A,INV_OTH_CAP,2025,2024,0,2024-07-31,USD,436183333.333
RBI:FR_INV_INFLW_RN(1.0),N_A,M,N_A,INV_REP_EQT,2025,2024,0,2024-07-31,USD,5005367462.954
RBI:FR_INV_INFLW_RN(1.0),N_A,M,N_A,INV_REP_OTH_CAP,2025,2024,0,2024-07-31,USD,202053365.477
RBI:FR_INV_INFLW_RN(1.0),N_A,M,N_A,INV_RE_INV_EAR,2025,2024,0,2024-07-31,USD,1811590732.671
RBI:FR_INV_INFLW_RN(1.0),N_A,M,N_A,INV_RPTN_DINVT,2025,2024,0,2024-07-31,USD,5207420828.431
RBI:FR_INV_INFLW_RN(1.0),N_A,M,N_A,EQT_ACQ_SHAR,2025,2024,0,2024-08-31,USD,2063717292.289
RBI:FR_INV_INFLW_RN(1.0),N_A,M,N_A,EQT_CAP_UNINC_BOD,2025,2024,0,2024-08-31,USD,77616283.34
RBI:FR_INV_INFLW_RN(1.0),N_A,M,N_A,EQT_GOVT_SIA_FIPB,2025,2024,0,2024-08-31,USD,55686424.01
RBI:FR_INV_INFLW_RN(1.0),N_A,M,N_A,EQT_RBI,2025,2024,0,2024-08-31,USD,4273408585.59
RBI:FR_INV_INFLW_RN(1.0),N_A,M,N_A,INV_CAT_NET_FR_DIR_INV,2025,2024,0,2024-08-31,USD,1042407940.755
RBI:FR_INV_INFLW_RN(1.0),N_A,M,N_A,INV_CAT_NET_PORTF_INV,2025,2024,0,2024-08-31,USD,4297804077.333
RBI:FR_INV_INFLW_RN(1.0),N_A,M,N_A,INV_CAT_NFDI_DII_GROSS_INF_INV,2025,2024,0,2024-08-31,USD,8718202651.234
RBI:FR_INV_INFLW_RN(1.0),N_A,M,N_A,INV_CAT_NFDI_DI_IND,2025,2024,0,2024-08-31,USD,3510781822.803
RBI:FR_INV_INFLW_RN(1.0),N_A,M,N_A,INV_CAT_NFDI_FDII,2025,2024,0,2024-08-31,USD,2468373882.048
RBI:FR_INV_INFLW_RN(1.0),N_A,M,N_A,INV_CAT_NPI_FII,2025,2024,0,2024-08-31,USD,4286140731.151
RBI:FR_INV_INFLW_RN(1.0),N_A,M,N_A,INV_CAT_NPI_GDR_ADR,2025,2024,0,2024-08-31,USD,0.0
RBI:FR_INV_INFLW_RN(1.0),N_A,M,N_A,INV_CAT_NPI_OFF_FND_OTH,2025,2024,0,2024-08-31,USD,0.0
RBI:FR_INV_INFLW_RN(1.0),N_A,M,N_A,INV_CAT_NPI_PORTF_INV_IND,2025,2024,0,2024-08-31,USD,-11663346.182
RBI:FR_INV_INFLW_RN(1.0),N_A,M,N_A,INV_EQT,2025,2024,0,2024-08-31,USD,6470428585.23
RBI:FR_INV_INFLW_RN(1.0),N_A,M,N_A,INV_FDI_EQT,2025,2024,0,2024-08-31,USD,1329888611.111
RBI:FR_INV_INFLW_RN(1.0),N_A,M,N_A,INV_FDI_OTH_CAP,2025,2024,0,2024-08-31,USD,750660000
RBI:FR_INV_INFLW_RN(1.0),N_A,M,N_A,INV_FDI_RE_INV_EAR,2025,2024,0,2024-08-31,USD,570515300
RBI:FR_INV_INFLW_RN(1.0),N_A,M,N_A,INV_FDI_RPTN_DINVT,2025,2024,0,2024-08-31,USD,182690029.064
RBI:FR_INV_INFLW_RN(1.0),N_A,M,N_A,INV_FII,2025,2024,0,2024-08-31,USD,5340212018.089
RBI:FR_INV_INFLW_RN(1.0),N_A,M,N_A,INV_OTH_CAP,2025,2024,0,2024-08-31,USD,436183333.333
RBI:FR_INV_INFLW_RN(1.0),N_A,M,N_A,INV_REP_EQT,2025,2024,0,2024-08-31,USD,5005367462.954
RBI:FR_INV_INFLW_RN(1.0),N_A,M,N_A,INV_REP_OTH_CAP,2025,2024,0,2024-08-31,USD,202053365.477
RBI:FR_INV_INFLW_RN(1.0),N_A,M,N_A,INV_RE_INV_EAR,2025,2024,0,2024-08-31,USD,1811590732.671
RBI:FR_INV_INFLW_RN(1.0),N_A,M,N_A,INV_RPTN_DINVT,2025,2024,0,2024-08-31,USD,5207420828.431
RBI:FR_INV_INFLW_RN(1.0),N_A,M,N_A,EQT_ACQ_SHAR,2025,2024,0,2024-09-30,USD,1515970390.373
RBI:FR_INV_INFLW_RN(1.0),N_A,M,N_A,EQT_CAP_UNINC_BOD,2025,2024,0,2024-09-30,USD,77616283.34
RBI:FR_INV_INFLW_RN(1.0),N_A,M,N_A,EQT_GOVT_SIA_FIPB,2025,2024,0,2024-09-30,USD,3305827.44
RBI:FR_INV_INFLW_RN(1.0),N_A,M,N_A,EQT_RBI,2025,2024,0,2024-09-30,USD,2487201855.331
RBI:FR_INV_INFLW_RN(1.0),N_A,M,N_A,INV_CAT_NET_FR_DIR_INV,2025,2024,0,2024-09-30,USD,-1175366287.99
RBI:FR_INV_INFLW_RN(1.0),N_A,M,N_A,INV_CAT_NET_PORTF_INV,2025,2024,0,2024-09-30,USD,9712454685.581
RBI:FR_INV_INFLW_RN(1.0),N_A,M,N_A,INV_CAT_NFDI_DII_GROSS_INF_INV,2025,2024,0,2024-09-30,USD,6331868422.489
RBI:FR_INV_INFLW_RN(1.0),N_A,M,N_A,INV_CAT_NFDI_DI_IND,2025,2024,0,2024-09-30,USD,1124447594.057
RBI:FR_INV_INFLW_RN(1.0),N_A,M,N_A,INV_CAT_NFDI_FDII,2025,2024,0,2024-09-30,USD,2299813882.048
RBI:FR_INV_INFLW_RN(1.0),N_A,M,N_A,INV_CAT_NPI_FII,2025,2024,0,2024-09-30,USD,9700791339.399
RBI:FR_INV_INFLW_RN(1.0),N_A,M,N_A,INV_CAT_NPI_GDR_ADR,2025,2024,0,2024-09-30,USD,0.0
RBI:FR_INV_INFLW_RN(1.0),N_A,M,N_A,INV_CAT_NPI_OFF_FND_OTH,2025,2024,0,2024-09-30,USD,0.0
RBI:FR_INV_INFLW_RN(1.0),N_A,M,N_A,INV_CAT_NPI_PORTF_INV_IND,2025,2024,0,2024-09-30,USD,-11663346.182
RBI:FR_INV_INFLW_RN(1.0),N_A,M,N_A,INV_EQT,2025,2024,0,2024-09-30,USD,4084094356.485
RBI:FR_INV_INFLW_RN(1.0),N_A,M,N_A,INV_FDI_EQT,2025,2024,0,2024-09-30,USD,881488611.111
RBI:FR_INV_INFLW_RN(1.0),N_A,M,N_A,INV_FDI_OTH_CAP,2025,2024,0,2024-09-30,USD,1030500000
RBI:FR_INV_INFLW_RN(1.0),N_A,M,N_A,INV_FDI_RE_INV_EAR,2025,2024,0,2024-09-30,USD,570515300
RBI:FR_INV_INFLW_RN(1.0),N_A,M,N_A,INV_FDI_RPTN_DINVT,2025,2024,0,2024-09-30,USD,182690029.064
RBI:FR_INV_INFLW_RN(1.0),N_A,M,N_A,INV_FII,2025,2024,0,2024-09-30,USD,8537088397.591
RBI:FR_INV_INFLW_RN(1.0),N_A,M,N_A,INV_OTH_CAP,2025,2024,0,2024-09-30,USD,436183333.333
RBI:FR_INV_INFLW_RN(1.0),N_A,M,N_A,INV_REP_EQT,2025,2024,0,2024-09-30,USD,5005367462.954
RBI:FR_INV_INFLW_RN(1.0),N_A,M,N_A,INV_REP_OTH_CAP,2025,2024,0,2024-09-30,USD,202053365.477
RBI:FR_INV_INFLW_RN(1.0),N_A,M,N_A,INV_RE_INV_EAR,2025,2024,0,2024-09-30,USD,1811590732.671
RBI:FR_INV_INFLW_RN(1.0),N_A,M,N_A,INV_RPTN_DINVT,2025,2024,0,2024-09-30,USD,5207420828.431
RBI:FR_INV_INFLW_RN(1.0),N_A,M,N_A,EQT_ACQ_SHAR,2025,2024,0,2024-10-31,USD,549835781.597
RBI:FR_INV_INFLW_RN(1.0),N_A,M,N_A,EQT_CAP_UNINC_BOD,2025,2024,0,2024-10-31,USD,84768983.141
RBI:FR_INV_INFLW_RN(1.0),N_A,M,N_A,EQT_GOVT_SIA_FIPB,2025,2024,0,2024-10-31,USD,148552988.138
RBI:FR_INV_INFLW_RN(1.0),N_A,M,N_A,EQT_RBI,2025,2024,0,2024-10-31,USD,3524203118.918
RBI:FR_INV_INFLW_RN(1.0),N_A,M,N_A,INV_CAT_NET_FR_DIR_INV,2025,2024,0,2024-10-31,USD,-128506508.634
RBI:FR_INV_INFLW_RN(1.0),N_A,M,N_A,INV_CAT_NET_PORTF_INV,2025,2024,0,2024-10-31,USD,-10926871234.484
RBI:FR_INV_INFLW_RN(1.0),N_A,M,N_A,INV_CAT_NFDI_DII_GROSS_INF_INV,2025,2024,0,2024-10-31,USD,7169534002.322
RBI:FR_INV_INFLW_RN(1.0),N_A,M,N_A,INV_CAT_NFDI_DI_IND,2025,2024,0,2024-10-31,USD,1763667406.464
RBI:FR_INV_INFLW_RN(1.0),N_A,M,N_A,INV_CAT_NFDI_FDII,2025,2024,0,2024-10-31,USD,1892173915.098
RBI:FR_INV_INFLW_RN(1.0),N_A,M,N_A,INV_CAT_NPI_FII,2025,2024,0,2024-10-31,USD,-10947741240.289
RBI:FR_INV_INFLW_RN(1.0),N_A,M,N_A,INV_CAT_NPI_GDR_ADR,2025,2024,0,2024-10-31,USD,0.0
RBI:FR_INV_INFLW_RN(1.0),N_A,M,N_A,INV_CAT_NPI_OFF_FND_OTH,2025,2024,0,2024-10-31,USD,0.0
RBI:FR_INV_INFLW_RN(1.0),N_A,M,N_A,INV_CAT_NPI_PORTF_INV_IND,2025,2024,0,2024-10-31,USD,-20870005.805
RBI:FR_INV_INFLW_RN(1.0),N_A,M,N_A,INV_EQT,2025,2024,0,2024-10-31,USD,4307360871.794
RBI:FR_INV_INFLW_RN(1.0),N_A,M,N_A,INV_FDI_EQT,2025,2024,0,2024-10-31,USD,985328611.111
RBI:FR_INV_INFLW_RN(1.0),N_A,M,N_A,INV_FDI_OTH_CAP,2025,2024,0,2024-10-31,USD,640690000
RBI:FR_INV_INFLW_RN(1.0),N_A,M,N_A,INV_FDI_RE_INV_EAR,2025,2024,0,2024-10-31,USD,570515300
RBI:FR_INV_INFLW_RN(1.0),N_A,M,N_A,INV_FDI_RPTN_DINVT,2025,2024,0,2024-10-31,USD,304359996.013
RBI:FR_INV_INFLW_RN(1.0),N_A,M,N_A,INV_FII,2025,2024,0,2024-10-31,USD,-11055377743.118
RBI:FR_INV_INFLW_RN(1.0),N_A,M,N_A,INV_OTH_CAP,2025,2024,0,2024-10-31,USD,884243333.333
RBI:FR_INV_INFLW_RN(1.0),N_A,M,N_A,INV_REP_EQT,2025,2024,0,2024-10-31,USD,5212266598.394
RBI:FR_INV_INFLW_RN(1.0),N_A,M,N_A,INV_REP_OTH_CAP,2025,2024,0,2024-10-31,USD,193599997.464
RBI:FR_INV_INFLW_RN(1.0),N_A,M,N_A,INV_RE_INV_EAR,2025,2024,0,2024-10-31,USD,1977929797.195
RBI:FR_INV_INFLW_RN(1.0),N_A,M,N_A,INV_RPTN_DINVT,2025,2024,0,2024-10-31,USD,5405866595.858
RBI:FR_INV_INFLW_RN(1.0),N_A,M,N_A,EQT_ACQ_SHAR,2025,2024,0,2024-11-30,USD,537256176.435
RBI:FR_INV_INFLW_RN(1.0),N_A,M,N_A,EQT_CAP_UNINC_BOD,2025,2024,0,2024-11-30,USD,84768983.141
RBI:FR_INV_INFLW_RN(1.0),N_A,M,N_A,EQT_GOVT_SIA_FIPB,2025,2024,0,2024-11-30,USD,71880626.355
RBI:FR_INV_INFLW_RN(1.0),N_A,M,N_A,EQT_RBI,2025,2024,0,2024-11-30,USD,1675991686.456
RBI:FR_INV_INFLW_RN(1.0),N_A,M,N_A,INV_CAT_NET_FR_DIR_INV,2025,2024,0,2024-11-30,USD,-2492759908.04
RBI:FR_INV_INFLW_RN(1.0),N_A,M,N_A,INV_CAT_NET_PORTF_INV,2025,2024,0,2024-11-30,USD,-2256943934.351
RBI:FR_INV_INFLW_RN(1.0),N_A,M,N_A,INV_CAT_NFDI_DII_GROSS_INF_INV,2025,2024,0,2024-11-30,USD,5232070602.915
RBI:FR_INV_INFLW_RN(1.0),N_A,M,N_A,INV_CAT_NFDI_DI_IND,2025,2024,0,2024-11-30,USD,-173795992.943
RBI:FR_INV_INFLW_RN(1.0),N_A,M,N_A,INV_CAT_NFDI_FDII,2025,2024,0,2024-11-30,USD,2318963915.098
RBI:FR_INV_INFLW_RN(1.0),N_A,M,N_A,INV_CAT_NPI_FII,2025,2024,0,2024-11-30,USD,-2277813940.155
RBI:FR_INV_INFLW_RN(1.0),N_A,M,N_A,INV_CAT_NPI_GDR_ADR,2025,2024,0,2024-11-30,USD,0.0
RBI:FR_INV_INFLW_RN(1.0),N_A,M,N_A,INV_CAT_NPI_OFF_FND_OTH,2025,2024,0,2024-11-30,USD,0.0
RBI:FR_INV_INFLW_RN(1.0),N_A,M,N_A,INV_CAT_NPI_PORTF_INV_IND,2025,2024,0,2024-11-30,USD,-20870005.805
RBI:FR_INV_INFLW_RN(1.0),N_A,M,N_A,INV_EQT,2025,2024,0,2024-11-30,USD,2369897472.387
RBI:FR_INV_INFLW_RN(1.0),N_A,M,N_A,INV_FDI_EQT,2025,2024,0,2024-11-30,USD,1086708611.111
RBI:FR_INV_INFLW_RN(1.0),N_A,M,N_A,INV_FDI_OTH_CAP,2025,2024,0,2024-11-30,USD,966100000
RBI:FR_INV_INFLW_RN(1.0),N_A,M,N_A,INV_FDI_RE_INV_EAR,2025,2024,0,2024-11-30,USD,570515300
RBI:FR_INV_INFLW_RN(1.0),N_A,M,N_A,INV_FDI_RPTN_DINVT,2025,2024,0,2024-11-30,USD,304359996.013
RBI:FR_INV_INFLW_RN(1.0),N_A,M,N_A,INV_FII,2025,2024,0,2024-11-30,USD,-4749703842.391
RBI:FR_INV_INFLW_RN(1.0),N_A,M,N_A,INV_OTH_CAP,2025,2024,0,2024-11-30,USD,884243333.333
RBI:FR_INV_INFLW_RN(1.0),N_A,M,N_A,INV_REP_EQT,2025,2024,0,2024-11-30,USD,5212266598.394
RBI:FR_INV_INFLW_RN(1.0),N_A,M,N_A,INV_REP_OTH_CAP,2025,2024,0,2024-11-30,USD,193599997.464
RBI:FR_INV_INFLW_RN(1.0),N_A,M,N_A,INV_RE_INV_EAR,2025,2024,0,2024-11-30,USD,1977929797.195
RBI:FR_INV_INFLW_RN(1.0),N_A,M,N_A,INV_RPTN_DINVT,2025,2024,0,2024-11-30,USD,5405866595.858
RBI:FR_INV_INFLW_RN(1.0),N_A,M,N_A,EQT_ACQ_SHAR,2025,2024,0,2024-12-31,USD,1583243950.433
RBI:FR_INV_INFLW_RN(1.0),N_A,M,N_A,EQT_CAP_UNINC_BOD,2025,2024,0,2024-12-31,USD,84768983.141
RBI:FR_INV_INFLW_RN(1.0),N_A,M,N_A,EQT_GOVT_SIA_FIPB,2025,2024,0,2024-12-31,USD,1247502116.309
RBI:FR_INV_INFLW_RN(1.0),N_A,M,N_A,EQT_RBI,2025,2024,0,2024-12-31,USD,1542830395.751
RBI:FR_INV_INFLW_RN(1.0),N_A,M,N_A,INV_CAT_NET_FR_DIR_INV,2025,2024,0,2024-12-31,USD,-188931934.794
RBI:FR_INV_INFLW_RN(1.0),N_A,M,N_A,INV_CAT_NET_PORTF_INV,2025,2024,0,2024-12-31,USD,1811778682.1
RBI:FR_INV_INFLW_RN(1.0),N_A,M,N_A,INV_CAT_NFDI_DII_GROSS_INF_INV,2025,2024,0,2024-12-31,USD,7320518576.161
RBI:FR_INV_INFLW_RN(1.0),N_A,M,N_A,INV_CAT_NFDI_DI_IND,2025,2024,0,2024-12-31,USD,1914651980.304
RBI:FR_INV_INFLW_RN(1.0),N_A,M,N_A,INV_CAT_NFDI_FDII,2025,2024,0,2024-12-31,USD,2103583915.098
RBI:FR_INV_INFLW_RN(1.0),N_A,M,N_A,INV_CAT_NPI_FII,2025,2024,0,2024-12-31,USD,1790908676.296
RBI:FR_INV_INFLW_RN(1.0),N_A,M,N_A,INV_CAT_NPI_GDR_ADR,2025,2024,0,2024-12-31,USD,0.0
RBI:FR_INV_INFLW_RN(1.0),N_A,M,N_A,INV_CAT_NPI_OFF_FND_OTH,2025,2024,0,2024-12-31,USD,0.0
RBI:FR_INV_INFLW_RN(1.0),N_A,M,N_A,INV_CAT_NPI_PORTF_INV_IND,2025,2024,0,2024-12-31,USD,-20870005.805
RBI:FR_INV_INFLW_RN(1.0),N_A,M,N_A,INV_EQT,2025,2024,0,2024-12-31,USD,4458345445.633
RBI:FR_INV_INFLW_RN(1.0),N_A,M,N_A,INV_FDI_EQT,2025,2024,0,2024-12-31,USD,1240768611.111
RBI:FR_INV_INFLW_RN(1.0),N_A,M,N_A,INV_FDI_OTH_CAP,2025,2024,0,2024-12-31,USD,596660000
RBI:FR_INV_INFLW_RN(1.0),N_A,M,N_A,INV_FDI_RE_INV_EAR,2025,2024,0,2024-12-31,USD,570515300
RBI:FR_INV_INFLW_RN(1.0),N_A,M,N_A,INV_FDI_RPTN_DINVT,2025,2024,0,2024-12-31,USD,304359996.013
RBI:FR_INV_INFLW_RN(1.0),N_A,M,N_A,INV_FII,2025,2024,0,2024-12-31,USD,1622846747.306
RBI:FR_INV_INFLW_RN(1.0),N_A,M,N_A,INV_OTH_CAP,2025,2024,0,2024-12-31,USD,884243333.333
RBI:FR_INV_INFLW_RN(1.0),N_A,M,N_A,INV_REP_EQT,2025,2024,0,2024-12-31,USD,5212266598.394
RBI:FR_INV_INFLW_RN(1.0),N_A,M,N_A,INV_REP_OTH_CAP,2025,2024,0,2024-12-31,USD,193599997.464
RBI:FR_INV_INFLW_RN(1.0),N_A,M,N_A,INV_RE_INV_EAR,2025,2024,0,2024-12-31,USD,1977929797.195
RBI:FR_INV_INFLW_RN(1.0),N_A,M,N_A,INV_RPTN_DINVT,2025,2024,0,2024-12-31,USD,5405866595.858
RBI:FR_INV_INFLW_RN(1.0),N_A,M,N_A,EQT_ACQ_SHAR,2025,2024,0,2025-01-31,USD,759215208.31
RBI:FR_INV_INFLW_RN(1.0),N_A,M,N_A,EQT_CAP_UNINC_BOD,2025,2024,0,2025-01-31,USD,88072525.234
RBI:FR_INV_INFLW_RN(1.0),N_A,M,N_A,EQT_GOVT_SIA_FIPB,2025,2024,0,2025-01-31,USD,16089452.904
RBI:FR_INV_INFLW_RN(1.0),N_A,M,N_A,EQT_RBI,2025,2024,0,2025-01-31,USD,2587784688.185
RBI:FR_INV_INFLW_RN(1.0),N_A,M,N_A,INV_CAT_NET_FR_DIR_INV,2025,2024,0,2025-01-31,USD,1571377072.909
RBI:FR_INV_INFLW_RN(1.0),N_A,M,N_A,INV_CAT_NET_PORTF_INV,2025,2024,0,2025-01-31,USD,-5929482296.463
RBI:FR_INV_INFLW_RN(1.0),N_A,M,N_A,INV_CAT_NFDI_DII_GROSS_INF_INV,2025,2024,0,2025-01-31,USD,6089950475.156
RBI:FR_INV_INFLW_RN(1.0),N_A,M,N_A,INV_CAT_NFDI_DI_IND,2025,2024,0,2025-01-31,USD,3598504392.961
RBI:FR_INV_INFLW_RN(1.0),N_A,M,N_A,INV_CAT_NFDI_FDII,2025,2024,0,2025-01-31,USD,2027127320.053
RBI:FR_INV_INFLW_RN(1.0),N_A,M,N_A,INV_CAT_NPI_FII,2025,2024,0,2025-01-31,USD,-5974815400.108
RBI:FR_INV_INFLW_RN(1.0),N_A,M,N_A,INV_CAT_NPI_GDR_ADR,2025,2024,0,2025-01-31,USD,0.0
RBI:FR_INV_INFLW_RN(1.0),N_A,M,N_A,INV_CAT_NPI_OFF_FND_OTH,2025,2024,0,2025-01-31,USD,0.0
RBI:FR_INV_INFLW_RN(1.0),N_A,M,N_A,INV_CAT_NPI_PORTF_INV_IND,2025,2024,0,2025-01-31,USD,-45333103.645
RBI:FR_INV_INFLW_RN(1.0),N_A,M,N_A,INV_EQT,2025,2024,0,2025-01-31,USD,3451161874.634
RBI:FR_INV_INFLW_RN(1.0),N_A,M,N_A,INV_FDI_EQT,2025,2024,0,2025-01-31,USD,1212168611.111
RBI:FR_INV_INFLW_RN(1.0),N_A,M,N_A,INV_FDI_OTH_CAP,2025,2024,0,2025-01-31,USD,566740000
RBI:FR_INV_INFLW_RN(1.0),N_A,M,N_A,INV_FDI_RE_INV_EAR,2025,2024,0,2025-01-31,USD,570515300
RBI:FR_INV_INFLW_RN(1.0),N_A,M,N_A,INV_FDI_RPTN_DINVT,2025,2024,0,2025-01-31,USD,322296591.059
RBI:FR_INV_INFLW_RN(1.0),N_A,M,N_A,INV_FII,2025,2024,0,2025-01-31,USD,-4358105223.554
RBI:FR_INV_INFLW_RN(1.0),N_A,M,N_A,INV_OTH_CAP,2025,2024,0,2025-01-31,USD,583776666.667
RBI:FR_INV_INFLW_RN(1.0),N_A,M,N_A,INV_REP_EQT,2025,2024,0,2025-01-31,USD,2399739437.041
RBI:FR_INV_INFLW_RN(1.0),N_A,M,N_A,INV_REP_OTH_CAP,2025,2024,0,2025-01-31,USD,91706645.153
RBI:FR_INV_INFLW_RN(1.0),N_A,M,N_A,INV_RE_INV_EAR,2025,2024,0,2025-01-31,USD,2055011933.855
RBI:FR_INV_INFLW_RN(1.0),N_A,M,N_A,INV_RPTN_DINVT,2025,2024,0,2025-01-31,USD,2491446082.194
RBI:FR_INV_INFLW_RN(1.0),N_A,M,N_A,EQT_ACQ_SHAR,2025,2024,0,2025-02-28,USD,502496389.025
RBI:FR_INV_INFLW_RN(1.0),N_A,M,N_A,EQT_CAP_UNINC_BOD,2025,2024,0,2025-02-28,USD,88072525.234
RBI:FR_INV_INFLW_RN(1.0),N_A,M,N_A,EQT_GOVT_SIA_FIPB,2025,2024,0,2025-02-28,USD,37078740.473
RBI:FR_INV_INFLW_RN(1.0),N_A,M,N_A,EQT_RBI,2025,2024,0,2025-02-28,USD,2291438928.999
RBI:FR_INV_INFLW_RN(1.0),N_A,M,N_A,INV_CAT_NET_FR_DIR_INV,2025,2024,0,2025-02-28,USD,-703128217.993
RBI:FR_INV_INFLW_RN(1.0),N_A,M,N_A,INV_CAT_NET_PORTF_INV,2025,2024,0,2025-02-28,USD,-3971677575.519
RBI:FR_INV_INFLW_RN(1.0),N_A,M,N_A,INV_CAT_NFDI_DII_GROSS_INF_INV,2025,2024,0,2025-02-28,USD,5557875184.254
RBI:FR_INV_INFLW_RN(1.0),N_A,M,N_A,INV_CAT_NFDI_DI_IND,2025,2024,0,2025-02-28,USD,3066429102.059
RBI:FR_INV_INFLW_RN(1.0),N_A,M,N_A,INV_CAT_NFDI_FDII,2025,2024,0,2025-02-28,USD,3769557320.053
RBI:FR_INV_INFLW_RN(1.0),N_A,M,N_A,INV_CAT_NPI_FII,2025,2024,0,2025-02-28,USD,-4017010679.164
RBI:FR_INV_INFLW_RN(1.0),N_A,M,N_A,INV_CAT_NPI_GDR_ADR,2025,2024,0,2025-02-28,USD,0.0
RBI:FR_INV_INFLW_RN(1.0),N_A,M,N_A,INV_CAT_NPI_OFF_FND_OTH,2025,2024,0,2025-02-28,USD,0.0
RBI:FR_INV_INFLW_RN(1.0),N_A,M,N_A,INV_CAT_NPI_PORTF_INV_IND,2025,2024,0,2025-02-28,USD,-45333103.645
RBI:FR_INV_INFLW_RN(1.0),N_A,M,N_A,INV_EQT,2025,2024,0,2025-02-28,USD,2919086583.732
RBI:FR_INV_INFLW_RN(1.0),N_A,M,N_A,INV_FDI_EQT,2025,2024,0,2025-02-28,USD,2700628611.111
RBI:FR_INV_INFLW_RN(1.0),N_A,M,N_A,INV_FDI_OTH_CAP,2025,2024,0,2025-02-28,USD,820710000
RBI:FR_INV_INFLW_RN(1.0),N_A,M,N_A,INV_FDI_RE_INV_EAR,2025,2024,0,2025-02-28,USD,570515300
RBI:FR_INV_INFLW_RN(1.0),N_A,M,N_A,INV_FDI_RPTN_DINVT,2025,2024,0,2025-02-28,USD,322296591.059
RBI:FR_INV_INFLW_RN(1.0),N_A,M,N_A,INV_FII,2025,2024,0,2025-02-28,USD,-4674805793.512
RBI:FR_INV_INFLW_RN(1.0),N_A,M,N_A,INV_OTH_CAP,2025,2024,0,2025-02-28,USD,583776666.667
RBI:FR_INV_INFLW_RN(1.0),N_A,M,N_A,INV_REP_EQT,2025,2024,0,2025-02-28,USD,2399739437.041
RBI:FR_INV_INFLW_RN(1.0),N_A,M,N_A,INV_REP_OTH_CAP,2025,2024,0,2025-02-28,USD,91706645.153
RBI:FR_INV_INFLW_RN(1.0),N_A,M,N_A,INV_RE_INV_EAR,2025,2024,0,2025-02-28,USD,2055011933.855
RBI:FR_INV_INFLW_RN(1.0),N_A,M,N_A,INV_RPTN_DINVT,2025,2024,0,2025-02-28,USD,2491446082.194
RBI:FR_INV_INFLW_RN(1.0),N_A,M,N_A,EQT_ACQ_SHAR,2025,2024,0,2025-03-31,USD,404865464.732
RBI:FR_INV_INFLW_RN(1.0),N_A,M,N_A,EQT_CAP_UNINC_BOD,2025,2024,0,2025-03-31,USD,88072525.234
RBI:FR_INV_INFLW_RN(1.0),N_A,M,N_A,EQT_GOVT_SIA_FIPB,2025,2024,0,2025-03-31,USD,306894316.539
RBI:FR_INV_INFLW_RN(1.0),N_A,M,N_A,EQT_RBI,2025,2024,0,2025-03-31,USD,2440392145.522
RBI:FR_INV_INFLW_RN(1.0),N_A,M,N_A,INV_CAT_NET_FR_DIR_INV,2025,2024,0,2025-03-31,USD,-501870349.697
RBI:FR_INV_INFLW_RN(1.0),N_A,M,N_A,INV_CAT_NET_PORTF_INV,2025,2024,0,2025-03-31,USD,4042528235.671
RBI:FR_INV_INFLW_RN(1.0),N_A,M,N_A,INV_CAT_NFDI_DII_GROSS_INF_INV,2025,2024,0,2025-03-31,USD,5879013052.549
RBI:FR_INV_INFLW_RN(1.0),N_A,M,N_A,INV_CAT_NFDI_DI_IND,2025,2024,0,2025-03-31,USD,3387566970.355
RBI:FR_INV_INFLW_RN(1.0),N_A,M,N_A,INV_CAT_NFDI_FDII,2025,2024,0,2025-03-31,USD,3889437320.053
RBI:FR_INV_INFLW_RN(1.0),N_A,M,N_A,INV_CAT_NPI_FII,2025,2024,0,2025-03-31,USD,3997195132.026
RBI:FR_INV_INFLW_RN(1.0),N_A,M,N_A,INV_CAT_NPI_GDR_ADR,2025,2024,0,2025-03-31,USD,0.0
RBI:FR_INV_INFLW_RN(1.0),N_A,M,N_A,INV_CAT_NPI_OFF_FND_OTH,2025,2024,0,2025-03-31,USD,0.0
RBI:FR_INV_INFLW_RN(1.0),N_A,M,N_A,INV_CAT_NPI_PORTF_INV_IND,2025,2024,0,2025-03-31,USD,-45333103.645
RBI:FR_INV_INFLW_RN(1.0),N_A,M,N_A,INV_EQT,2025,2024,0,2025-03-31,USD,3240224452.027
RBI:FR_INV_INFLW_RN(1.0),N_A,M,N_A,INV_FDI_EQT,2025,2024,0,2025-03-31,USD,2408298611.111
RBI:FR_INV_INFLW_RN(1.0),N_A,M,N_A,INV_FDI_OTH_CAP,2025,2024,0,2025-03-31,USD,1232920000
RBI:FR_INV_INFLW_RN(1.0),N_A,M,N_A,INV_FDI_RE_INV_EAR,2025,2024,0,2025-03-31,USD,570515300
RBI:FR_INV_INFLW_RN(1.0),N_A,M,N_A,INV_FDI_RPTN_DINVT,2025,2024,0,2025-03-31,USD,322296591.059
RBI:FR_INV_INFLW_RN(1.0),N_A,M,N_A,INV_FII,2025,2024,0,2025-03-31,USD,3540657885.974
RBI:FR_INV_INFLW_RN(1.0),N_A,M,N_A,INV_OTH_CAP,2025,2024,0,2025-03-31,USD,583776666.667
RBI:FR_INV_INFLW_RN(1.0),N_A,M,N_A,INV_REP_EQT,2025,2024,0,2025-03-31,USD,2399739437.041
RBI:FR_INV_INFLW_RN(1.0),N_A,M,N_A,INV_REP_OTH_CAP,2025,2024,0,2025-03-31,USD,91706645.153
RBI:FR_INV_INFLW_RN(1.0),N_A,M,N_A,INV_RE_INV_EAR,2025,2024,0,2025-03-31,USD,2055011933.855
RBI:FR_INV_INFLW_RN(1.0),N_A,M,N_A,INV_RPTN_DINVT,2025,2024,0,2025-03-31,USD,2491446082.194
RBI:FR_INV_INFLW_RN(1.0),N_A,M,N_A,EQT_ACQ_SHAR,2026,2025,0,2025-04-30,USD,1565784272.486
RBI:FR_INV_INFLW_RN(1.0),N_A,M,N_A,EQT_CAP_UNINC_BOD,2026,2025,0,2025-04-30,USD,263225649.974
RBI:FR_INV_INFLW_RN(1.0),N_A,M,N_A,EQT_GOVT_SIA_FIPB,2026,2025,0,2025-04-30,USD,296718363.865
RBI:FR_INV_INFLW_RN(1.0),N_A,M,N_A,EQT_RBI,2026,2025,0,2025-04-30,USD,4696487464.691
RBI:FR_INV_INFLW_RN(1.0),N_A,M,N_A,INV_CAT_NET_FR_DIR_INV,2026,2025,0,2025-04-30,USD,1612905417.623
RBI:FR_INV_INFLW_RN(1.0),N_A,M,N_A,INV_CAT_NET_PORTF_INV,2026,2025,0,2025-04-30,USD,-2128678787.249
RBI:FR_INV_INFLW_RN(1.0),N_A,M,N_A,INV_CAT_NFDI_DII_GROSS_INF_INV,2026,2025,0,2025-04-30,USD,9242762746.62
RBI:FR_INV_INFLW_RN(1.0),N_A,M,N_A,INV_CAT_NFDI_DI_IND,2026,2025,0,2025-04-30,USD,4964859962.246
RBI:FR_INV_INFLW_RN(1.0),N_A,M,N_A,INV_CAT_NFDI_FDII,2026,2025,0,2025-04-30,USD,3351954544.623
RBI:FR_INV_INFLW_RN(1.0),N_A,M,N_A,INV_CAT_NPI_FII,2026,2025,0,2025-04-30,USD,-1837860813.268
RBI:FR_INV_INFLW_RN(1.0),N_A,M,N_A,INV_CAT_NPI_GDR_ADR,2026,2025,0,2025-04-30,USD,0.0
RBI:FR_INV_INFLW_RN(1.0),N_A,M,N_A,INV_CAT_NPI_OFF_FND_OTH,2026,2025,0,2025-04-30,USD,0.0
RBI:FR_INV_INFLW_RN(1.0),N_A,M,N_A,INV_CAT_NPI_PORTF_INV_IND,2026,2025,0,2025-04-30,USD,290817973.981
RBI:FR_INV_INFLW_RN(1.0),N_A,M,N_A,INV_EQT,2026,2025,0,2025-04-30,USD,6822215751.016
RBI:FR_INV_INFLW_RN(1.0),N_A,M,N_A,INV_FDI_EQT,2026,2025,0,2025-04-30,USD,1963800833.333
RBI:FR_INV_INFLW_RN(1.0),N_A,M,N_A,INV_FDI_OTH_CAP,2026,2025,0,2025-04-30,USD,950050000
RBI:FR_INV_INFLW_RN(1.0),N_A,M,N_A,INV_FDI_RE_INV_EAR,2026,2025,0,2025-04-30,USD,643110350
RBI:FR_INV_INFLW_RN(1.0),N_A,M,N_A,INV_FDI_RPTN_DINVT,2026,2025,0,2025-04-30,USD,205006638.71
RBI:FR_INV_INFLW_RN(1.0),N_A,M,N_A,INV_FII,2026,2025,0,2025-04-30,USD,-515773369.626
RBI:FR_INV_INFLW_RN(1.0),N_A,M,N_A,INV_OTH_CAP,2026,2025,0,2025-04-30,USD,462033333.333
RBI:FR_INV_INFLW_RN(1.0),N_A,M,N_A,INV_REP_EQT,2026,2025,0,2025-04-30,USD,4025512784.373
RBI:FR_INV_INFLW_RN(1.0),N_A,M,N_A,INV_REP_OTH_CAP,2026,2025,0,2025-04-30,USD,252390000
RBI:FR_INV_INFLW_RN(1.0),N_A,M,N_A,INV_RE_INV_EAR,2026,2025,0,2025-04-30,USD,1958513662.271
RBI:FR_INV_INFLW_RN(1.0),N_A,M,N_A,INV_RPTN_DINVT,2026,2025,0,2025-04-30,USD,4277902784.373
RBI:FR_INV_INFLW_RN(1.0),N_A,M,N_A,EQT_ACQ_SHAR,2026,2025,0,2025-05-31,USD,1602978839.267
RBI:FR_INV_INFLW_RN(1.0),N_A,M,N_A,EQT_CAP_UNINC_BOD,2026,2025,0,2025-05-31,USD,263225649.974
RBI:FR_INV_INFLW_RN(1.0),N_A,M,N_A,EQT_GOVT_SIA_FIPB,2026,2025,0,2025-05-31,USD,59871250.484
RBI:FR_INV_INFLW_RN(1.0),N_A,M,N_A,EQT_RBI,2026,2025,0,2025-05-31,USD,3494215676.61
RBI:FR_INV_INFLW_RN(1.0),N_A,M,N_A,INV_CAT_NET_FR_DIR_INV,2026,2025,0,2025-05-31,USD,901251082.943
RBI:FR_INV_INFLW_RN(1.0),N_A,M,N_A,INV_CAT_NET_PORTF_INV,2026,2025,0,2025-05-31,USD,1301756797.938
RBI:FR_INV_INFLW_RN(1.0),N_A,M,N_A,INV_CAT_NFDI_DII_GROSS_INF_INV,2026,2025,0,2025-05-31,USD,7840838411.939
RBI:FR_INV_INFLW_RN(1.0),N_A,M,N_A,INV_CAT_NFDI_DI_IND,2026,2025,0,2025-05-31,USD,3562935627.566
RBI:FR_INV_INFLW_RN(1.0),N_A,M,N_A,INV_CAT_NFDI_FDII,2026,2025,0,2025-05-31,USD,2661684544.623
RBI:FR_INV_INFLW_RN(1.0),N_A,M,N_A,INV_CAT_NPI_FII,2026,2025,0,2025-05-31,USD,1592574771.919
RBI:FR_INV_INFLW_RN(1.0),N_A,M,N_A,INV_CAT_NPI_GDR_ADR,2026,2025,0,2025-05-31,USD,0.0
RBI:FR_INV_INFLW_RN(1.0),N_A,M,N_A,INV_CAT_NPI_OFF_FND_OTH,2026,2025,0,2025-05-31,USD,0.0
RBI:FR_INV_INFLW_RN(1.0),N_A,M,N_A,INV_CAT_NPI_PORTF_INV_IND,2026,2025,0,2025-05-31,USD,290817973.981
RBI:FR_INV_INFLW_RN(1.0),N_A,M,N_A,INV_EQT,2026,2025,0,2025-05-31,USD,5420291416.336
RBI:FR_INV_INFLW_RN(1.0),N_A,M,N_A,INV_FDI_EQT,2026,2025,0,2025-05-31,USD,816270833.333
RBI:FR_INV_INFLW_RN(1.0),N_A,M,N_A,INV_FDI_OTH_CAP,2026,2025,0,2025-05-31,USD,1407310000
RBI:FR_INV_INFLW_RN(1.0),N_A,M,N_A,INV_FDI_RE_INV_EAR,2026,2025,0,2025-05-31,USD,643110350
RBI:FR_INV_INFLW_RN(1.0),N_A,M,N_A,INV_FDI_RPTN_DINVT,2026,2025,0,2025-05-31,USD,205006638.71
RBI:FR_INV_INFLW_RN(1.0),N_A,M,N_A,INV_FII,2026,2025,0,2025-05-31,USD,2203007880.88
RBI:FR_INV_INFLW_RN(1.0),N_A,M,N_A,INV_OTH_CAP,2026,2025,0,2025-05-31,USD,462033333.333
RBI:FR_INV_INFLW_RN(1.0),N_A,M,N_A,INV_REP_EQT,2026,2025,0,2025-05-31,USD,4025512784.373
RBI:FR_INV_INFLW_RN(1.0),N_A,M,N_A,INV_REP_OTH_CAP,2026,2025,0,2025-05-31,USD,252390000
RBI:FR_INV_INFLW_RN(1.0),N_A,M,N_A,INV_RE_INV_EAR,2026,2025,0,2025-05-31,USD,1958513662.271
RBI:FR_INV_INFLW_RN(1.0),N_A,M,N_A,INV_RPTN_DINVT,2026,2025,0,2025-05-31,USD,4277902784.373
RBI:FR_INV_INFLW_RN(1.0),N_A,M,N_A,EQT_ACQ_SHAR,2026,2025,0,2025-06-30,USD,571336567.71
RBI:FR_INV_INFLW_RN(1.0),N_A,M,N_A,EQT_CAP_UNINC_BOD,2026,2025,0,2025-06-30,USD,263225649.974
RBI:FR_INV_INFLW_RN(1.0),N_A,M,N_A,EQT_GOVT_SIA_FIPB,2026,2025,0,2025-06-30,USD,1003873429.643
RBI:FR_INV_INFLW_RN(1.0),N_A,M,N_A,EQT_RBI,2026,2025,0,2025-06-30,USD,5336679267.459
RBI:FR_INV_INFLW_RN(1.0),N_A,M,N_A,INV_CAT_NET_FR_DIR_INV,2026,2025,0,2025-06-30,USD,2302304581.393
RBI:FR_INV_INFLW_RN(1.0),N_A,M,N_A,INV_CAT_NET_PORTF_INV,2026,2025,0,2025-06-30,USD,2435168979.288
RBI:FR_INV_INFLW_RN(1.0),N_A,M,N_A,INV_CAT_NFDI_DII_GROSS_INF_INV,2026,2025,0,2025-06-30,USD,9595661910.39
RBI:FR_INV_INFLW_RN(1.0),N_A,M,N_A,INV_CAT_NFDI_DI_IND,2026,2025,0,2025-06-30,USD,5317759126.016
RBI:FR_INV_INFLW_RN(1.0),N_A,M,N_A,INV_CAT_NFDI_FDII,2026,2025,0,2025-06-30,USD,3015454544.623
RBI:FR_INV_INFLW_RN(1.0),N_A,M,N_A,INV_CAT_NPI_FII,2026,2025,0,2025-06-30,USD,2725986953.269
RBI:FR_INV_INFLW_RN(1.0),N_A,M,N_A,INV_CAT_NPI_GDR_ADR,2026,2025,0,2025-06-30,USD,0.0
RBI:FR_INV_INFLW_RN(1.0),N_A,M,N_A,INV_CAT_NPI_OFF_FND_OTH,2026,2025,0,2025-06-30,USD,0.0
RBI:FR_INV_INFLW_RN(1.0),N_A,M,N_A,INV_CAT_NPI_PORTF_INV_IND,2026,2025,0,2025-06-30,USD,290817973.981
RBI:FR_INV_INFLW_RN(1.0),N_A,M,N_A,INV_EQT,2026,2025,0,2025-06-30,USD,7175114914.786
RBI:FR_INV_INFLW_RN(1.0),N_A,M,N_A,INV_FDI_EQT,2026,2025,0,2025-06-30,USD,2062590833.333
RBI:FR_INV_INFLW_RN(1.0),N_A,M,N_A,INV_FDI_OTH_CAP,2026,2025,0,2025-06-30,USD,514760000
RBI:FR_INV_INFLW_RN(1.0),N_A,M,N_A,INV_FDI_RE_INV_EAR,2026,2025,0,2025-06-30,USD,643110350
RBI:FR_INV_INFLW_RN(1.0),N_A,M,N_A,INV_FDI_RPTN_DINVT,2026,2025,0,2025-06-30,USD,205006638.71
RBI:FR_INV_INFLW_RN(1.0),N_A,M,N_A,INV_FII,2026,2025,0,2025-06-30,USD,4737473560.681
RBI:FR_INV_INFLW_RN(1.0),N_A,M,N_A,INV_OTH_CAP,2026,2025,0,2025-06-30,USD,462033333.333
RBI:FR_INV_INFLW_RN(1.0),N_A,M,N_A,INV_REP_EQT,2026,2025,0,2025-06-30,USD,4025512784.373
RBI:FR_INV_INFLW_RN(1.0),N_A,M,N_A,INV_REP_OTH_CAP,2026,2025,0,2025-06-30,USD,252390000
RBI:FR_INV_INFLW_RN(1.0),N_A,M,N_A,INV_RE_INV_EAR,2026,2025,0,2025-06-30,USD,1958513662.271
RBI:FR_INV_INFLW_RN(1.0),N_A,M,N_A,INV_RPTN_DINVT,2026,2025,0,2025-06-30,USD,4277902784.373
RBI:FR_INV_INFLW_RN(1.0),N_A,M,N_A,EQT_ACQ_SHAR,2026,2025,0,2025-07-31,USD,2305565452.424
RBI:FR_INV_INFLW_RN(1.0),N_A,M,N_A,EQT_CAP_UNINC_BOD,2026,2025,0,2025-07-31,USD,273544599.623
RBI:FR_INV_INFLW_RN(1.0),N_A,M,N_A,EQT_GOVT_SIA_FIPB,2026,2025,0,2025-07-31,USD,10889142.495
RBI:FR_INV_INFLW_RN(1.0),N_A,M,N_A,EQT_RBI,2026,2025,0,2025-07-31,USD,6366187627.226
RBI:FR_INV_INFLW_RN(1.0),N_A,M,N_A,INV_CAT_NET_FR_DIR_INV,2026,2025,0,2025-07-31,USD,4276066814.332
RBI:FR_INV_INFLW_RN(1.0),N_A,M,N_A,INV_CAT_NET_PORTF_INV,2026,2025,0,2025-07-31,USD,-2529526869.249
RBI:FR_INV_INFLW_RN(1.0),N_A,M,N_A,INV_CAT_NFDI_DII_GROSS_INF_INV,2026,2025,0,2025-07-31,USD,11554447970.843
RBI:FR_INV_INFLW_RN(1.0),N_A,M,N_A,INV_CAT_NFDI_DI_IND,2026,2025,0,2025-07-31,USD,6939271332.686
RBI:FR_INV_INFLW_RN(1.0),N_A,M,N_A,INV_CAT_NFDI_FDII,2026,2025,0,2025-07-31,USD,2663204518.354
RBI:FR_INV_INFLW_RN(1.0),N_A,M,N_A,INV_CAT_NPI_FII,2026,2025,0,2025-07-31,USD,-2436676868.853
RBI:FR_INV_INFLW_RN(1.0),N_A,M,N_A,INV_CAT_NPI_GDR_ADR,2026,2025,0,2025-07-31,USD,0.0
RBI:FR_INV_INFLW_RN(1.0),N_A,M,N_A,INV_CAT_NPI_OFF_FND_OTH,2026,2025,0,2025-07-31,USD,0.0
RBI:FR_INV_INFLW_RN(1.0),N_A,M,N_A,INV_CAT_NPI_PORTF_INV_IND,2026,2025,0,2025-07-31,USD,92850000.395
RBI:FR_INV_INFLW_RN(1.0),N_A,M,N_A,INV_EQT,2026,2025,0,2025-07-31,USD,8956186821.767
RBI:FR_INV_INFLW_RN(1.0),N_A,M,N_A,INV_FDI_EQT,2026,2025,0,2025-07-31,USD,1621390833.333
RBI:FR_INV_INFLW_RN(1.0),N_A,M,N_A,INV_FDI_OTH_CAP,2026,2025,0,2025-07-31,USD,660400000
RBI:FR_INV_INFLW_RN(1.0),N_A,M,N_A,INV_FDI_RE_INV_EAR,2026,2025,0,2025-07-31,USD,643110350
RBI:FR_INV_INFLW_RN(1.0),N_A,M,N_A,INV_FDI_RPTN_DINVT,2026,2025,0,2025-07-31,USD,261696664.979
RBI:FR_INV_INFLW_RN(1.0),N_A,M,N_A,INV_FII,2026,2025,0,2025-07-31,USD,1746539945.083
RBI:FR_INV_INFLW_RN(1.0),N_A,M,N_A,INV_OTH_CAP,2026,2025,0,2025-07-31,USD,562970000
RBI:FR_INV_INFLW_RN(1.0),N_A,M,N_A,INV_REP_EQT,2026,2025,0,2025-07-31,USD,4421723304.823
RBI:FR_INV_INFLW_RN(1.0),N_A,M,N_A,INV_REP_OTH_CAP,2026,2025,0,2025-07-31,USD,193453333.333
RBI:FR_INV_INFLW_RN(1.0),N_A,M,N_A,INV_RE_INV_EAR,2026,2025,0,2025-07-31,USD,2035291149.076
RBI:FR_INV_INFLW_RN(1.0),N_A,M,N_A,INV_RPTN_DINVT,2026,2025,0,2025-07-31,USD,4615176638.157
RBI:FR_INV_INFLW_RN(1.0),N_A,M,N_A,EQT_ACQ_SHAR,2026,2025,0,2025-08-31,USD,798125355.836
RBI:FR_INV_INFLW_RN(1.0),N_A,M,N_A,EQT_CAP_UNINC_BOD,2026,2025,0,2025-08-31,USD,273544599.623
RBI:FR_INV_INFLW_RN(1.0),N_A,M,N_A,EQT_GOVT_SIA_FIPB,2026,2025,0,2025-08-31,USD,141334448.667
RBI:FR_INV_INFLW_RN(1.0),N_A,M,N_A,EQT_RBI,2026,2025,0,2025-08-31,USD,2794990374.765
RBI:FR_INV_INFLW_RN(1.0),N_A,M,N_A,INV_CAT_NET_FR_DIR_INV,2026,2025,0,2025-08-31,USD,-109985228.544
RBI:FR_INV_INFLW_RN(1.0),N_A,M,N_A,INV_CAT_NET_PORTF_INV,2026,2025,0,2025-08-31,USD,-2596096945.031
RBI:FR_INV_INFLW_RN(1.0),N_A,M,N_A,INV_CAT_NFDI_DII_GROSS_INF_INV,2026,2025,0,2025-08-31,USD,6606255927.967
RBI:FR_INV_INFLW_RN(1.0),N_A,M,N_A,INV_CAT_NFDI_DI_IND,2026,2025,0,2025-08-31,USD,1991079289.81
RBI:FR_INV_INFLW_RN(1.0),N_A,M,N_A,INV_CAT_NFDI_FDII,2026,2025,0,2025-08-31,USD,2101064518.354
RBI:FR_INV_INFLW_RN(1.0),N_A,M,N_A,INV_CAT_NPI_FII,2026,2025,0,2025-08-31,USD,-2503246944.636
RBI:FR_INV_INFLW_RN(1.0),N_A,M,N_A,INV_CAT_NPI_GDR_ADR,2026,2025,0,2025-08-31,USD,0.0
RBI:FR_INV_INFLW_RN(1.0),N_A,M,N_A,INV_CAT_NPI_OFF_FND_OTH,2026,2025,0,2025-08-31,USD,0.0
RBI:FR_INV_INFLW_RN(1.0),N_A,M,N_A,INV_CAT_NPI_PORTF_INV_IND,2026,2025,0,2025-08-31,USD,92850000.395
RBI:FR_INV_INFLW_RN(1.0),N_A,M,N_A,INV_EQT,2026,2025,0,2025-08-31,USD,4007994778.891
RBI:FR_INV_INFLW_RN(1.0),N_A,M,N_A,INV_FDI_EQT,2026,2025,0,2025-08-31,USD,1355930833.333
RBI:FR_INV_INFLW_RN(1.0),N_A,M,N_A,INV_FDI_OTH_CAP,2026,2025,0,2025-08-31,USD,363720000
RBI:FR_INV_INFLW_RN(1.0),N_A,M,N_A,INV_FDI_RE_INV_EAR,2026,2025,0,2025-08-31,USD,643110350
RBI:FR_INV_INFLW_RN(1.0),N_A,M,N_A,INV_FDI_RPTN_DINVT,2026,2025,0,2025-08-31,USD,261696664.979
RBI:FR_INV_INFLW_RN(1.0),N_A,M,N_A,INV_FII,2026,2025,0,2025-08-31,USD,-2706082173.575
RBI:FR_INV_INFLW_RN(1.0),N_A,M,N_A,INV_OTH_CAP,2026,2025,0,2025-08-31,USD,562970000
RBI:FR_INV_INFLW_RN(1.0),N_A,M,N_A,INV_REP_EQT,2026,2025,0,2025-08-31,USD,4421723304.823
RBI:FR_INV_INFLW_RN(1.0),N_A,M,N_A,INV_REP_OTH_CAP,2026,2025,0,2025-08-31,USD,193453333.333
RBI:FR_INV_INFLW_RN(1.0),N_A,M,N_A,INV_RE_INV_EAR,2026,2025,0,2025-08-31,USD,2035291149.076
RBI:FR_INV_INFLW_RN(1.0),N_A,M,N_A,INV_RPTN_DINVT,2026,2025,0,2025-08-31,USD,4615176638.157
RBI:FR_INV_INFLW_RN(1.0),N_A,M,N_A,EQT_ACQ_SHAR,2026,2025,0,2025-09-30,USD,582310819.041
RBI:FR_INV_INFLW_RN(1.0),N_A,M,N_A,EQT_CAP_UNINC_BOD,2026,2025,0,2025-09-30,USD,273544599.623
RBI:FR_INV_INFLW_RN(1.0),N_A,M,N_A,EQT_GOVT_SIA_FIPB,2026,2025,0,2025-09-30,USD,32373710.787
RBI:FR_INV_INFLW_RN(1.0),N_A,M,N_A,EQT_RBI,2026,2025,0,2025-09-30,USD,3520269257.544
RBI:FR_INV_INFLW_RN(1.0),N_A,M,N_A,INV_CAT_NET_FR_DIR_INV,2026,2025,0,2025-09-30,USD,-2282611620.441
RBI:FR_INV_INFLW_RN(1.0),N_A,M,N_A,INV_CAT_NET_PORTF_INV,2026,2025,0,2025-09-30,USD,-621305691.358
RBI:FR_INV_INFLW_RN(1.0),N_A,M,N_A,INV_CAT_NFDI_DII_GROSS_INF_INV,2026,2025,0,2025-09-30,USD,7006759536.07
RBI:FR_INV_INFLW_RN(1.0),N_A,M,N_A,INV_CAT_NFDI_DI_IND,2026,2025,0,2025-09-30,USD,2391582897.913
RBI:FR_INV_INFLW_RN(1.0),N_A,M,N_A,INV_CAT_NFDI_FDII,2026,2025,0,2025-09-30,USD,4674194518.354
RBI:FR_INV_INFLW_RN(1.0),N_A,M,N_A,INV_CAT_NPI_FII,2026,2025,0,2025-09-30,USD,-528455690.963
RBI:FR_INV_INFLW_RN(1.0),N_A,M,N_A,INV_CAT_NPI_GDR_ADR,2026,2025,0,2025-09-30,USD,0.0
RBI:FR_INV_INFLW_RN(1.0),N_A,M,N_A,INV_CAT_NPI_OFF_FND_OTH,2026,2025,0,2025-09-30,USD,0.0
RBI:FR_INV_INFLW_RN(1.0),N_A,M,N_A,INV_CAT_NPI_PORTF_INV_IND,2026,2025,0,2025-09-30,USD,92850000.395
RBI:FR_INV_INFLW_RN(1.0),N_A,M,N_A,INV_EQT,2026,2025,0,2025-09-30,USD,4408498386.994
RBI:FR_INV_INFLW_RN(1.0),N_A,M,N_A,INV_FDI_EQT,2026,2025,0,2025-09-30,USD,3355180833.333
RBI:FR_INV_INFLW_RN(1.0),N_A,M,N_A,INV_FDI_OTH_CAP,2026,2025,0,2025-09-30,USD,937600000
RBI:FR_INV_INFLW_RN(1.0),N_A,M,N_A,INV_FDI_RE_INV_EAR,2026,2025,0,2025-09-30,USD,643110350
RBI:FR_INV_INFLW_RN(1.0),N_A,M,N_A,INV_FDI_RPTN_DINVT,2026,2025,0,2025-09-30,USD,261696664.979
RBI:FR_INV_INFLW_RN(1.0),N_A,M,N_A,INV_FII,2026,2025,0,2025-09-30,USD,-2903917311.799
RBI:FR_INV_INFLW_RN(1.0),N_A,M,N_A,INV_OTH_CAP,2026,2025,0,2025-09-30,USD,562970000
RBI:FR_INV_INFLW_RN(1.0),N_A,M,N_A,INV_REP_EQT,2026,2025,0,2025-09-30,USD,4421723304.823
RBI:FR_INV_INFLW_RN(1.0),N_A,M,N_A,INV_REP_OTH_CAP,2026,2025,0,2025-09-30,USD,193453333.333
RBI:FR_INV_INFLW_RN(1.0),N_A,M,N_A,INV_RE_INV_EAR,2026,2025,0,2025-09-30,USD,2035291149.076
RBI:FR_INV_INFLW_RN(1.0),N_A,M,N_A,INV_RPTN_DINVT,2026,2025,0,2025-09-30,USD,4615176638.157
RBI:FR_INV_INFLW_RN(1.0),N_A,M,N_A,EQT_ACQ_SHAR,2026,2025,0,2025-10-31,USD,1050582066.768
RBI:FR_INV_INFLW_RN(1.0),N_A,M,N_A,EQT_CAP_UNINC_BOD,2026,2025,0,2025-10-31,USD,298308170.317
RBI:FR_INV_INFLW_RN(1.0),N_A,M,N_A,EQT_GOVT_SIA_FIPB,2026,2025,0,2025-10-31,USD,4636834.589
RBI:FR_INV_INFLW_RN(1.0),N_A,M,N_A,EQT_RBI,2026,2025,0,2025-10-31,USD,2526932712.615
RBI:FR_INV_INFLW_RN(1.0),N_A,M,N_A,INV_CAT_NET_FR_DIR_INV,2026,2025,0,2025-10-31,USD,-2463618843.366
RBI:FR_INV_INFLW_RN(1.0),N_A,M,N_A,INV_CAT_NET_PORTF_INV,2026,2025,0,2025-10-31,USD,3420295331.329
RBI:FR_INV_INFLW_RN(1.0),N_A,M,N_A,INV_CAT_NFDI_DII_GROSS_INF_INV,2026,2025,0,2025-10-31,USD,6618766035.23
RBI:FR_INV_INFLW_RN(1.0),N_A,M,N_A,INV_CAT_NFDI_DI_IND,2026,2025,0,2025-10-31,USD,643585659.094
RBI:FR_INV_INFLW_RN(1.0),N_A,M,N_A,INV_CAT_NFDI_FDII,2026,2025,0,2025-10-31,USD,3107204502.46
RBI:FR_INV_INFLW_RN(1.0),N_A,M,N_A,INV_CAT_NPI_FII,2026,2025,0,2025-10-31,USD,3451168675.738
RBI:FR_INV_INFLW_RN(1.0),N_A,M,N_A,INV_CAT_NPI_GDR_ADR,2026,2025,0,2025-10-31,USD,0.0
RBI:FR_INV_INFLW_RN(1.0),N_A,M,N_A,INV_CAT_NPI_OFF_FND_OTH,2026,2025,0,2025-10-31,USD,0.0
RBI:FR_INV_INFLW_RN(1.0),N_A,M,N_A,INV_CAT_NPI_PORTF_INV_IND,2026,2025,0,2025-10-31,USD,30873344.409
RBI:FR_INV_INFLW_RN(1.0),N_A,M,N_A,INV_EQT,2026,2025,0,2025-10-31,USD,3880459784.289
RBI:FR_INV_INFLW_RN(1.0),N_A,M,N_A,INV_FDI_EQT,2026,2025,0,2025-10-31,USD,1947160833.333
RBI:FR_INV_INFLW_RN(1.0),N_A,M,N_A,INV_FDI_OTH_CAP,2026,2025,0,2025-10-31,USD,734400000
RBI:FR_INV_INFLW_RN(1.0),N_A,M,N_A,INV_FDI_RE_INV_EAR,2026,2025,0,2025-10-31,USD,643110350
RBI:FR_INV_INFLW_RN(1.0),N_A,M,N_A,INV_FDI_RPTN_DINVT,2026,2025,0,2025-10-31,USD,217466680.873
RBI:FR_INV_INFLW_RN(1.0),N_A,M,N_A,INV_FII,2026,2025,0,2025-10-31,USD,956676487.963
RBI:FR_INV_INFLW_RN(1.0),N_A,M,N_A,INV_OTH_CAP,2026,2025,0,2025-10-31,USD,518763333.333
RBI:FR_INV_INFLW_RN(1.0),N_A,M,N_A,INV_REP_EQT,2026,2025,0,2025-10-31,USD,5757723709.469
RBI:FR_INV_INFLW_RN(1.0),N_A,M,N_A,INV_REP_OTH_CAP,2026,2025,0,2025-10-31,USD,217456666.667
RBI:FR_INV_INFLW_RN(1.0),N_A,M,N_A,INV_RE_INV_EAR,2026,2025,0,2025-10-31,USD,2219542917.608
RBI:FR_INV_INFLW_RN(1.0),N_A,M,N_A,INV_RPTN_DINVT,2026,2025,0,2025-10-31,USD,5975180376.136
RBI:FR_INV_INFLW_RN(1.0),N_A,M,N_A,EQT_ACQ_SHAR,2026,2025,0,2025-11-30,USD,1888165633.485
RBI:FR_INV_INFLW_RN(1.0),N_A,M,N_A,EQT_CAP_UNINC_BOD,2026,2025,0,2025-11-30,USD,298308170.317
RBI:FR_INV_INFLW_RN(1.0),N_A,M,N_A,EQT_GOVT_SIA_FIPB,2026,2025,0,2025-11-30,USD,81143263.708
RBI:FR_INV_INFLW_RN(1.0),N_A,M,N_A,EQT_RBI,2026,2025,0,2025-11-30,USD,1663445820
RBI:FR_INV_INFLW_RN(1.0),N_A,M,N_A,INV_CAT_NET_FR_DIR_INV,2026,2025,0,2025-11-30,USD,-703675740.144
RBI:FR_INV_INFLW_RN(1.0),N_A,M,N_A,INV_CAT_NET_PORTF_INV,2026,2025,0,2025-11-30,USD,622107885.255
RBI:FR_INV_INFLW_RN(1.0),N_A,M,N_A,INV_CAT_NFDI_DII_GROSS_INF_INV,2026,2025,0,2025-11-30,USD,6669369138.451
RBI:FR_INV_INFLW_RN(1.0),N_A,M,N_A,INV_CAT_NFDI_DI_IND,2026,2025,0,2025-11-30,USD,694188762.316
RBI:FR_INV_INFLW_RN(1.0),N_A,M,N_A,INV_CAT_NFDI_FDII,2026,2025,0,2025-11-30,USD,1397864502.46
RBI:FR_INV_INFLW_RN(1.0),N_A,M,N_A,INV_CAT_NPI_FII,2026,2025,0,2025-11-30,USD,652981229.663
RBI:FR_INV_INFLW_RN(1.0),N_A,M,N_A,INV_CAT_NPI_GDR_ADR,2026,2025,0,2025-11-30,USD,0.0
RBI:FR_INV_INFLW_RN(1.0),N_A,M,N_A,INV_CAT_NPI_OFF_FND_OTH,2026,2025,0,2025-11-30,USD,0.0
RBI:FR_INV_INFLW_RN(1.0),N_A,M,N_A,INV_CAT_NPI_PORTF_INV_IND,2026,2025,0,2025-11-30,USD,30873344.409
RBI:FR_INV_INFLW_RN(1.0),N_A,M,N_A,INV_EQT,2026,2025,0,2025-11-30,USD,3931062887.51
RBI:FR_INV_INFLW_RN(1.0),N_A,M,N_A,INV_FDI_EQT,2026,2025,0,2025-11-30,USD,712550833.333
RBI:FR_INV_INFLW_RN(1.0),N_A,M,N_A,INV_FDI_OTH_CAP,2026,2025,0,2025-11-30,USD,259670000
RBI:FR_INV_INFLW_RN(1.0),N_A,M,N_A,INV_FDI_RE_INV_EAR,2026,2025,0,2025-11-30,USD,643110350
RBI:FR_INV_INFLW_RN(1.0),N_A,M,N_A,INV_FDI_RPTN_DINVT,2026,2025,0,2025-11-30,USD,217466680.873
RBI:FR_INV_INFLW_RN(1.0),N_A,M,N_A,INV_FII,2026,2025,0,2025-11-30,USD,-81567854.89
RBI:FR_INV_INFLW_RN(1.0),N_A,M,N_A,INV_OTH_CAP,2026,2025,0,2025-11-30,USD,518763333.333
RBI:FR_INV_INFLW_RN(1.0),N_A,M,N_A,INV_REP_EQT,2026,2025,0,2025-11-30,USD,5757723709.469
RBI:FR_INV_INFLW_RN(1.0),N_A,M,N_A,INV_REP_OTH_CAP,2026,2025,0,2025-11-30,USD,217456666.667
RBI:FR_INV_INFLW_RN(1.0),N_A,M,N_A,INV_RE_INV_EAR,2026,2025,0,2025-11-30,USD,2219542917.608
RBI:FR_INV_INFLW_RN(1.0),N_A,M,N_A,INV_RPTN_DINVT,2026,2025,0,2025-11-30,USD,5975180376.136
RBI:FR_INV_INFLW_RN(1.0),N_A,M,N_A,EQT_ACQ_SHAR,2026,2025,0,2025-12-31,USD,1222642052.713
RBI:FR_INV_INFLW_RN(1.0),N_A,M,N_A,EQT_CAP_UNINC_BOD,2026,2025,0,2025-12-31,USD,298308170.317
RBI:FR_INV_INFLW_RN(1.0),N_A,M,N_A,EQT_GOVT_SIA_FIPB,2026,2025,0,2025-12-31,USD,49991743.632
RBI:FR_INV_INFLW_RN(1.0),N_A,M,N_A,EQT_RBI,2026,2025,0,2025-12-31,USD,4206942121.595
RBI:FR_INV_INFLW_RN(1.0),N_A,M,N_A,INV_CAT_NET_FR_DIR_INV,2026,2025,0,2025-12-31,USD,-491584539.398
RBI:FR_INV_INFLW_RN(1.0),N_A,M,N_A,INV_CAT_NET_PORTF_INV,2026,2025,0,2025-12-31,USD,-4219657845.226
RBI:FR_INV_INFLW_RN(1.0),N_A,M,N_A,INV_CAT_NFDI_DII_GROSS_INF_INV,2026,2025,0,2025-12-31,USD,8516190339.198
RBI:FR_INV_INFLW_RN(1.0),N_A,M,N_A,INV_CAT_NFDI_DI_IND,2026,2025,0,2025-12-31,USD,2541009963.062
RBI:FR_INV_INFLW_RN(1.0),N_A,M,N_A,INV_CAT_NFDI_FDII,2026,2025,0,2025-12-31,USD,3032594502.46
RBI:FR_INV_INFLW_RN(1.0),N_A,M,N_A,INV_CAT_NPI_FII,2026,2025,0,2025-12-31,USD,-4188784500.818
RBI:FR_INV_INFLW_RN(1.0),N_A,M,N_A,INV_CAT_NPI_GDR_ADR,2026,2025,0,2025-12-31,USD,0.0
RBI:FR_INV_INFLW_RN(1.0),N_A,M,N_A,INV_CAT_NPI_OFF_FND_OTH,2026,2025,0,2025-12-31,USD,0.0
RBI:FR_INV_INFLW_RN(1.0),N_A,M,N_A,INV_CAT_NPI_PORTF_INV_IND,2026,2025,0,2025-12-31,USD,30873344.409
RBI:FR_INV_INFLW_RN(1.0),N_A,M,N_A,INV_EQT,2026,2025,0,2025-12-31,USD,5777884088.257
RBI:FR_INV_INFLW_RN(1.0),N_A,M,N_A,INV_FDI_EQT,2026,2025,0,2025-12-31,USD,1952990833.333
RBI:FR_INV_INFLW_RN(1.0),N_A,M,N_A,INV_FDI_OTH_CAP,2026,2025,0,2025-12-31,USD,653960000
RBI:FR_INV_INFLW_RN(1.0),N_A,M,N_A,INV_FDI_RE_INV_EAR,2026,2025,0,2025-12-31,USD,643110350
RBI:FR_INV_INFLW_RN(1.0),N_A,M,N_A,INV_FDI_RPTN_DINVT,2026,2025,0,2025-12-31,USD,217466680.873
RBI:FR_INV_INFLW_RN(1.0),N_A,M,N_A,INV_FII,2026,2025,0,2025-12-31,USD,-4711242384.624
RBI:FR_INV_INFLW_RN(1.0),N_A,M,N_A,INV_OTH_CAP,2026,2025,0,2025-12-31,USD,518763333.333
RBI:FR_INV_INFLW_RN(1.0),N_A,M,N_A,INV_REP_EQT,2026,2025,0,2025-12-31,USD,5757723709.469
RBI:FR_INV_INFLW_RN(1.0),N_A,M,N_A,INV_REP_OTH_CAP,2026,2025,0,2025-12-31,USD,217456666.667
RBI:FR_INV_INFLW_RN(1.0),N_A,M,N_A,INV_RE_INV_EAR,2026,2025,0,2025-12-31,USD,2219542917.608
RBI:FR_INV_INFLW_RN(1.0),N_A,M,N_A,INV_RPTN_DINVT,2026,2025,0,2025-12-31,USD,5975180376.136
RBI:FR_INV_INFLW_RN(1.0),N_A,M,N_A,EQT_ACQ_SHAR,2026,2025,0,2026-01-31,USD,555711212.195
RBI:FR_INV_INFLW_RN(1.0),N_A,M,N_A,EQT_CAP_UNINC_BOD,2026,2025,0,2026-01-31,USD,310168047.217
RBI:FR_INV_INFLW_RN(1.0),N_A,M,N_A,EQT_GOVT_SIA_FIPB,2026,2025,0,2026-01-31,USD,73806684.746
RBI:FR_INV_INFLW_RN(1.0),N_A,M,N_A,EQT_RBI,2026,2025,0,2026-01-31,USD,1719809940.385
RBI:FR_INV_INFLW_RN(1.0),N_A,M,N_A,INV_CAT_NET_FR_DIR_INV,2026,2025,0,2026-01-31,USD,-1399198890.098
RBI:FR_INV_INFLW_RN(1.0),N_A,M,N_A,INV_CAT_NET_PORTF_INV,2026,2025,0,2026-01-31,USD,-1924400000
RBI:FR_INV_INFLW_RN(1.0),N_A,M,N_A,INV_CAT_NFDI_DII_GROSS_INF_INV,2026,2025,0,2026-01-31,USD,5665281459.902
RBI:FR_INV_INFLW_RN(1.0),N_A,M,N_A,INV_CAT_NFDI_DI_IND,2026,2025,0,2026-01-31,USD,749711459.902
RBI:FR_INV_INFLW_RN(1.0),N_A,M,N_A,INV_CAT_NFDI_FDII,2026,2025,0,2026-01-31,USD,2148910350
RBI:FR_INV_INFLW_RN(1.0),N_A,M,N_A,INV_CAT_NPI_FII,2026,2025,0,2026-01-31,USD,-2406570000
RBI:FR_INV_INFLW_RN(1.0),N_A,M,N_A,INV_CAT_NPI_GDR_ADR,2026,2025,0,2026-01-31,USD,0.0
RBI:FR_INV_INFLW_RN(1.0),N_A,M,N_A,INV_CAT_NPI_OFF_FND_OTH,2026,2025,0,2026-01-31,USD,0.0
RBI:FR_INV_INFLW_RN(1.0),N_A,M,N_A,INV_CAT_NPI_PORTF_INV_IND,2026,2025,0,2026-01-31,USD,-482170000
RBI:FR_INV_INFLW_RN(1.0),N_A,M,N_A,INV_EQT,2026,2025,0,2026-01-31,USD,2659495884.544
RBI:FR_INV_INFLW_RN(1.0),N_A,M,N_A,INV_FDI_EQT,2026,2025,0,2026-01-31,USD,1630530000
RBI:FR_INV_INFLW_RN(1.0),N_A,M,N_A,INV_FDI_OTH_CAP,2026,2025,0,2026-01-31,USD,409620000
RBI:FR_INV_INFLW_RN(1.0),N_A,M,N_A,INV_FDI_RE_INV_EAR,2026,2025,0,2026-01-31,USD,643110350
RBI:FR_INV_INFLW_RN(1.0),N_A,M,N_A,INV_FDI_RPTN_DINVT,2026,2025,0,2026-01-31,USD,534350000
RBI:FR_INV_INFLW_RN(1.0),N_A,M,N_A,INV_FII,2026,2025,0,2026-01-31,USD,-3323598890.098
RBI:FR_INV_INFLW_RN(1.0),N_A,M,N_A,INV_OTH_CAP,2026,2025,0,2026-01-31,USD,698000000
RBI:FR_INV_INFLW_RN(1.0),N_A,M,N_A,INV_REP_EQT,2026,2025,0,2026-01-31,USD,4867780000
RBI:FR_INV_INFLW_RN(1.0),N_A,M,N_A,INV_REP_OTH_CAP,2026,2025,0,2026-01-31,USD,47790000
RBI:FR_INV_INFLW_RN(1.0),N_A,M,N_A,INV_RE_INV_EAR,2026,2025,0,2026-01-31,USD,2307785575.358
RBI:FR_INV_INFLW_RN(1.0),N_A,M,N_A,INV_RPTN_DINVT,2026,2025,0,2026-01-31,USD,4915570000
RBI:FR_INV_INFLW_RN(1.0),N_A,M,N_A,EQT_ACQ_SHAR,2026,2025,0,2026-02-28,USD,915504057.446
RBI:FR_INV_INFLW_RN(1.0),N_A,M,N_A,EQT_CAP_UNINC_BOD,2026,2025,0,2026-02-28,USD,310168047.217
RBI:FR_INV_INFLW_RN(1.0),N_A,M,N_A,EQT_GOVT_SIA_FIPB,2026,2025,0,2026-02-28,USD,50567581.556
RBI:FR_INV_INFLW_RN(1.0),N_A,M,N_A,EQT_RBI,2026,2025,0,2026-02-28,USD,4390709184.657
RBI:FR_INV_INFLW_RN(1.0),N_A,M,N_A,INV_CAT_NET_FR_DIR_INV,2026,2025,0,2026-02-28,USD,4437434096.234
RBI:FR_INV_INFLW_RN(1.0),N_A,M,N_A,INV_CAT_NET_PORTF_INV,2026,2025,0,2026-02-28,USD,2913490000
RBI:FR_INV_INFLW_RN(1.0),N_A,M,N_A,INV_CAT_NFDI_DII_GROSS_INF_INV,2026,2025,0,2026-02-28,USD,8980734446.234
RBI:FR_INV_INFLW_RN(1.0),N_A,M,N_A,INV_CAT_NFDI_DI_IND,2026,2025,0,2026-02-28,USD,7245464446.234
RBI:FR_INV_INFLW_RN(1.0),N_A,M,N_A,INV_CAT_NFDI_FDII,2026,2025,0,2026-02-28,USD,2808030350
RBI:FR_INV_INFLW_RN(1.0),N_A,M,N_A,INV_CAT_NPI_FII,2026,2025,0,2026-02-28,USD,3074410000
RBI:FR_INV_INFLW_RN(1.0),N_A,M,N_A,INV_CAT_NPI_GDR_ADR,2026,2025,0,2026-02-28,USD,0.0
RBI:FR_INV_INFLW_RN(1.0),N_A,M,N_A,INV_CAT_NPI_OFF_FND_OTH,2026,2025,0,2026-02-28,USD,0.0
RBI:FR_INV_INFLW_RN(1.0),N_A,M,N_A,INV_CAT_NPI_PORTF_INV_IND,2026,2025,0,2026-02-28,USD,160920000
RBI:FR_INV_INFLW_RN(1.0),N_A,M,N_A,INV_EQT,2026,2025,0,2026-02-28,USD,5666948870.875
RBI:FR_INV_INFLW_RN(1.0),N_A,M,N_A,INV_FDI_EQT,2026,2025,0,2026-02-28,USD,1702460000
RBI:FR_INV_INFLW_RN(1.0),N_A,M,N_A,INV_FDI_OTH_CAP,2026,2025,0,2026-02-28,USD,694940000
RBI:FR_INV_INFLW_RN(1.0),N_A,M,N_A,INV_FDI_RE_INV_EAR,2026,2025,0,2026-02-28,USD,643110350
RBI:FR_INV_INFLW_RN(1.0),N_A,M,N_A,INV_FDI_RPTN_DINVT,2026,2025,0,2026-02-28,USD,232480000
RBI:FR_INV_INFLW_RN(1.0),N_A,M,N_A,INV_FII,2026,2025,0,2026-02-28,USD,7350924096.234
RBI:FR_INV_INFLW_RN(1.0),N_A,M,N_A,INV_OTH_CAP,2026,2025,0,2026-02-28,USD,1006000000
RBI:FR_INV_INFLW_RN(1.0),N_A,M,N_A,INV_REP_EQT,2026,2025,0,2026-02-28,USD,1504460000
RBI:FR_INV_INFLW_RN(1.0),N_A,M,N_A,INV_REP_OTH_CAP,2026,2025,0,2026-02-28,USD,230810000
RBI:FR_INV_INFLW_RN(1.0),N_A,M,N_A,INV_RE_INV_EAR,2026,2025,0,2026-02-28,USD,2307785575.358
RBI:FR_INV_INFLW_RN(1.0),N_A,M,N_A,INV_RPTN_DINVT,2026,2025,0,2026-02-28,USD,1735270000
